postcode,network,outage_type,outage_count,outage_refs,total_customers_affected,first_seen,last_seen,time_off_supply_hours_total_approx
PO14 3EZ,SEPD,LV,6,"TW3302,TW3484,TW3867,TW5409,TW5819,TW7522",18,2026-08-23T00:13:25Z,2026-08-26T10:23:02Z,41.94
DT5 1ET,SEPD,LV,1,TW4147,46,2026-08-23T22:07:11Z,2026-08-24T22:10:52Z,24.06
DT5 1EX,SEPD,LV,1,TW4147,46,2026-08-23T22:07:11Z,2026-08-24T22:10:52Z,24.06
DT5 1HB,SEPD,LV,1,TW4147,46,2026-08-23T22:07:11Z,2026-08-24T22:10:52Z,24.06
DT5 1HD,SEPD,LV,1,TW4147,46,2026-08-23T22:07:11Z,2026-08-24T22:10:52Z,24.06
DT5 1HE,SEPD,LV,1,TW4147,46,2026-08-23T22:07:11Z,2026-08-24T22:10:52Z,24.06
SO21 1SB,SEPD,LV,3,"TW6413,TW6538,TW6884",66,2026-08-25T12:18:45Z,2026-08-26T16:41:54Z,23.71
SO21 1SE,SEPD,LV,3,"TW6413,TW6538,TW6884",66,2026-08-25T12:18:45Z,2026-08-26T16:41:54Z,23.71
SO21 1SJ,SEPD,LV,3,"TW6413,TW6538,TW6884",66,2026-08-25T12:18:45Z,2026-08-26T16:41:54Z,23.71
SO21 1SN,SEPD,LV,3,"TW6413,TW6538,TW6884",66,2026-08-25T12:18:45Z,2026-08-26T16:41:54Z,23.71
SO50 6HW,SEPD,LV,3,"TW6413,TW6538,TW6884",66,2026-08-25T12:18:45Z,2026-08-26T16:41:54Z,23.71
BA13 4AA,SEPD,HV,1,TW5574,48,2026-08-25T05:02:37Z,2026-08-26T03:58:47Z,22.94
BA13 4AB,SEPD,HV,1,TW5574,48,2026-08-25T05:02:37Z,2026-08-26T03:58:47Z,22.94
BA13 4AD,SEPD,HV,1,TW5574,48,2026-08-25T05:02:37Z,2026-08-26T03:58:47Z,22.94
BA13 4AJ,SEPD,HV,1,TW5574,48,2026-08-25T05:02:37Z,2026-08-26T03:58:47Z,22.94
BA13 4AQ,SEPD,HV,1,TW5574,48,2026-08-25T05:02:37Z,2026-08-26T03:58:47Z,22.94
BA13 4GF,SEPD,HV,1,TW5574,48,2026-08-25T05:02:37Z,2026-08-26T03:58:47Z,22.94
W7 3RA,SEPD,LV,1,TW7037,33,2026-08-25T19:45:03Z,2026-08-26T18:25:38Z,22.68
W7 3RB,SEPD,LV,1,TW7037,33,2026-08-25T19:45:03Z,2026-08-26T18:25:38Z,22.68
W7 3RD,SEPD,LV,1,TW7037,33,2026-08-25T19:45:03Z,2026-08-26T18:25:38Z,22.68
W7 3RH,SEPD,LV,1,TW7037,33,2026-08-25T19:45:03Z,2026-08-26T18:25:38Z,22.68
BA22 8LT,SEPD,PSI,3,"254196,254211,254215",42,2026-08-23T07:46:23Z,2026-08-26T15:51:54Z,18.83
SN14 7EX,SEPD,"PSI,LV",3,"252764,252773,TW3575",35,2026-08-23T08:50:47Z,2026-08-29T13:24:25Z,18.78
GU26 6BJ,SEPD,LV,1,TW3297,6,2026-08-25T23:40:42Z,2026-08-26T18:25:38Z,18.75
GU26 6BL,SEPD,LV,1,TW3297,6,2026-08-25T23:40:42Z,2026-08-26T18:25:38Z,18.75
OX29 4NL,SEPD,LV,1,TW4216,30,2026-08-24T02:08:53Z,2026-08-24T20:01:57Z,17.88
OX29 4NP,SEPD,LV,1,TW4216,30,2026-08-24T02:08:53Z,2026-08-24T20:01:57Z,17.88
OX29 4PQ,SEPD,LV,1,TW4216,30,2026-08-24T02:08:53Z,2026-08-24T20:01:57Z,17.88
OX29 4PX,SEPD,LV,1,TW4216,30,2026-08-24T02:08:53Z,2026-08-24T20:01:57Z,17.88
OX29 4PY,SEPD,LV,1,TW4216,30,2026-08-24T02:08:53Z,2026-08-24T20:01:57Z,17.88
OX29 4PZ,SEPD,LV,1,TW4216,30,2026-08-24T02:08:53Z,2026-08-24T20:01:57Z,17.88
OX29 4QA,SEPD,LV,1,TW4216,30,2026-08-24T02:08:53Z,2026-08-24T20:01:57Z,17.88
BH17 7XS,SEPD,LV,2,"TW7333,TW7959",50,2026-08-26T07:54:01Z,2026-08-27T00:39:45Z,17.65
SO41 9LT,SEPD,LV,1,TW7124,20,2026-08-25T23:12:45Z,2026-08-26T16:41:54Z,17.49
SO41 9LW,SEPD,LV,1,TW7124,20,2026-08-25T23:12:45Z,2026-08-26T16:41:54Z,17.49
RG14 1NF,SEPD,LV,1,TW3280,3,2026-08-23T00:13:25Z,2026-08-23T17:33:43Z,17.34
RG14 2AB,SEPD,LV,1,TW3280,3,2026-08-23T00:13:25Z,2026-08-23T17:33:43Z,17.34
RG14 2AD,SEPD,LV,1,TW3280,3,2026-08-23T00:13:25Z,2026-08-23T17:33:43Z,17.34
RG14 2BX,SEPD,LV,1,TW3280,3,2026-08-23T00:13:25Z,2026-08-23T17:33:43Z,17.34
OX39 4LX,SEPD,LV,2,"TW7302,TW9695",26,2026-08-26T07:54:01Z,2026-08-27T20:44:46Z,16.76
OX39 4NB,SEPD,LV,2,"TW7302,TW9695",26,2026-08-26T07:54:01Z,2026-08-27T20:44:46Z,16.76
OX39 4ND,SEPD,LV,2,"TW7302,TW9695",26,2026-08-26T07:54:01Z,2026-08-27T20:44:46Z,16.76
OX39 4NE,SEPD,LV,2,"TW7302,TW9695",26,2026-08-26T07:54:01Z,2026-08-27T20:44:46Z,16.76
OX39 4NF,SEPD,LV,2,"TW7302,TW9695",26,2026-08-26T07:54:01Z,2026-08-27T20:44:46Z,16.76
OX39 4NG,SEPD,LV,2,"TW7302,TW9695",26,2026-08-26T07:54:01Z,2026-08-27T20:44:46Z,16.76
OX39 4NJ,SEPD,LV,2,"TW7302,TW9695",26,2026-08-26T07:54:01Z,2026-08-27T20:44:46Z,16.76
HP8 4TX,SEPD,LV,1,TW7227,10,2026-08-26T07:54:01Z,2026-08-27T00:39:45Z,16.76
HP8 4TY,SEPD,LV,1,TW7227,10,2026-08-26T07:54:01Z,2026-08-27T00:39:45Z,16.76
SO40 7JH,SEPD,LV,1,TW7264,14,2026-08-26T07:54:01Z,2026-08-27T00:39:45Z,16.76
SO40 7JJ,SEPD,LV,1,TW7264,14,2026-08-26T07:54:01Z,2026-08-27T00:39:45Z,16.76
SO40 7JL,SEPD,LV,1,TW7264,14,2026-08-26T07:54:01Z,2026-08-27T00:39:45Z,16.76
KW15 1GZ,SHEPD,LV,1,TW4238,25,2026-08-24T04:11:06Z,2026-08-24T20:01:57Z,15.85
KW15 1HG,SHEPD,LV,1,TW4238,25,2026-08-24T04:11:06Z,2026-08-24T20:01:57Z,15.85
KW15 1HL,SHEPD,LV,1,TW4238,25,2026-08-24T04:11:06Z,2026-08-24T20:01:57Z,15.85
KW15 1HP,SHEPD,LV,1,TW4238,25,2026-08-24T04:11:06Z,2026-08-24T20:01:57Z,15.85
KW15 1HQ,SHEPD,LV,1,TW4238,25,2026-08-24T04:11:06Z,2026-08-24T20:01:57Z,15.85
KW15 1HW,SHEPD,LV,1,TW4238,25,2026-08-24T04:11:06Z,2026-08-24T20:01:57Z,15.85
KW15 1NW,SHEPD,LV,1,TW4238,25,2026-08-24T04:11:06Z,2026-08-24T20:01:57Z,15.85
KW15 1QW,SHEPD,LV,1,TW4238,25,2026-08-24T04:11:06Z,2026-08-24T20:01:57Z,15.85
DT1 1BE,SEPD,LV,1,TW7514,6,2026-08-26T08:54:10Z,2026-08-27T00:39:45Z,15.76
DT1 1BJ,SEPD,LV,1,TW7514,6,2026-08-26T08:54:10Z,2026-08-27T00:39:45Z,15.76
DT1 1BQ,SEPD,LV,1,TW7514,6,2026-08-26T08:54:10Z,2026-08-27T00:39:45Z,15.76
DT1 1DQ,SEPD,LV,1,TW7514,6,2026-08-26T08:54:10Z,2026-08-27T00:39:45Z,15.76
PO6 2ER,SEPD,LV,2,"TW6212,TW6642",18,2026-08-25T11:13:50Z,2026-08-26T02:55:47Z,15.7
W3 6UU,SEPD,LV,1,TV9844,5,2026-08-23T00:13:25Z,2026-08-23T15:52:16Z,15.65
SO32 1GZ,SEPD,"HV,LV",2,"TW3418,TW8483",2500,2026-08-23T06:18:36Z,2026-08-27T10:33:18Z,13.53
OX20 1BA,SEPD,HV,1,TW8540,62,2026-08-26T21:01:35Z,2026-08-27T10:33:18Z,13.53
OX20 1BB,SEPD,HV,1,TW8540,62,2026-08-26T21:01:35Z,2026-08-27T10:33:18Z,13.53
OX20 1BE,SEPD,HV,1,TW8540,62,2026-08-26T21:01:35Z,2026-08-27T10:33:18Z,13.53
OX20 1BG,SEPD,HV,1,TW8540,62,2026-08-26T21:01:35Z,2026-08-27T10:33:18Z,13.53
OX20 1BH,SEPD,HV,1,TW8540,62,2026-08-26T21:01:35Z,2026-08-27T10:33:18Z,13.53
OX20 1BJ,SEPD,HV,1,TW8540,62,2026-08-26T21:01:35Z,2026-08-27T10:33:18Z,13.53
OX20 1BL,SEPD,HV,1,TW8540,62,2026-08-26T21:01:35Z,2026-08-27T10:33:18Z,13.53
OX20 1BN,SEPD,HV,1,TW8540,62,2026-08-26T21:01:35Z,2026-08-27T10:33:18Z,13.53
OX20 1BQ,SEPD,HV,1,TW8540,62,2026-08-26T21:01:35Z,2026-08-27T10:33:18Z,13.53
OX20 1BT,SEPD,HV,1,TW8540,62,2026-08-26T21:01:35Z,2026-08-27T10:33:18Z,13.53
OX20 1BU,SEPD,HV,1,TW8540,62,2026-08-26T21:01:35Z,2026-08-27T10:33:18Z,13.53
OX20 1BW,SEPD,HV,1,TW8540,62,2026-08-26T21:01:35Z,2026-08-27T10:33:18Z,13.53
OX20 1BX,SEPD,HV,1,TW8540,62,2026-08-26T21:01:35Z,2026-08-27T10:33:18Z,13.53
OX20 1BY,SEPD,HV,1,TW8540,62,2026-08-26T21:01:35Z,2026-08-27T10:33:18Z,13.53
OX20 1DB,SEPD,HV,1,TW8540,62,2026-08-26T21:01:35Z,2026-08-27T10:33:18Z,13.53
UB10 0BH,SEPD,LV,1,TW4102,40,2026-08-23T20:58:53Z,2026-08-24T10:19:04Z,13.34
UB10 0BQ,SEPD,LV,1,TW4102,40,2026-08-23T20:58:53Z,2026-08-24T10:19:04Z,13.34
UB10 0EL,SEPD,LV,1,TW4102,40,2026-08-23T20:58:53Z,2026-08-24T10:19:04Z,13.34
UB10 0EN,SEPD,LV,1,TW4102,40,2026-08-23T20:58:53Z,2026-08-24T10:19:04Z,13.34
PO7 7SB,SEPD,LV,1,TW5501,15,2026-08-25T01:44:38Z,2026-08-25T14:11:56Z,12.46
PO8 8RJ,SEPD,LV,1,TW5501,15,2026-08-25T01:44:38Z,2026-08-25T14:11:56Z,12.46
PO8 8RS,SEPD,LV,1,TW5501,15,2026-08-25T01:44:38Z,2026-08-25T14:11:56Z,12.46
BH6 5BL,SEPD,LV,1,TW7147,18,2026-08-25T23:59:57Z,2026-08-26T12:02:26Z,12.04
BH6 5BN,SEPD,LV,1,TW7147,18,2026-08-25T23:59:57Z,2026-08-26T12:02:26Z,12.04
BH6 5DW,SEPD,LV,1,TW7147,18,2026-08-25T23:59:57Z,2026-08-26T12:02:26Z,12.04
BH6 5DY,SEPD,LV,1,TW7147,18,2026-08-25T23:59:57Z,2026-08-26T12:02:26Z,12.04
BH6 5NA,SEPD,LV,1,TW7147,18,2026-08-25T23:59:57Z,2026-08-26T12:02:26Z,12.04
SP3 6QQ,SEPD,LV,2,"TX1554,TX2298",12,2026-08-29T07:49:13Z,2026-08-29T22:02:58Z,11.74
SP11 6AE,SEPD,"PSI,HV",2,"254012,TX2150",69,2026-08-26T07:54:01Z,2026-08-29T19:50:16Z,11.29
SP11 6AG,SEPD,"PSI,HV",2,"254012,TX2150",69,2026-08-26T07:54:01Z,2026-08-29T19:50:16Z,11.29
SP11 6AQ,SEPD,"PSI,HV",2,"254012,TX2150",69,2026-08-26T07:54:01Z,2026-08-29T19:50:16Z,11.29
GU47 8LD,SEPD,LV,1,TW4220,24,2026-08-24T05:48:50Z,2026-08-24T17:00:38Z,11.2
GU47 8LJ,SEPD,LV,1,TW4220,24,2026-08-24T05:48:50Z,2026-08-24T17:00:38Z,11.2
GU47 8LL,SEPD,LV,1,TW4220,24,2026-08-24T05:48:50Z,2026-08-24T17:00:38Z,11.2
GU47 8LN,SEPD,LV,1,TW4220,24,2026-08-24T05:48:50Z,2026-08-24T17:00:38Z,11.2
GU47 8LP,SEPD,LV,1,TW4220,24,2026-08-24T05:48:50Z,2026-08-24T17:00:38Z,11.2
GU47 8LR,SEPD,LV,1,TW4220,24,2026-08-24T05:48:50Z,2026-08-24T17:00:38Z,11.2
GU47 8LW,SEPD,LV,1,TW4220,24,2026-08-24T05:48:50Z,2026-08-24T17:00:38Z,11.2
GU47 8NL,SEPD,LV,1,TW4220,24,2026-08-24T05:48:50Z,2026-08-24T17:00:38Z,11.2
GU47 8NS,SEPD,LV,1,TW4220,24,2026-08-24T05:48:50Z,2026-08-24T17:00:38Z,11.2
BH23,SEPD,LV,1,TW6924,55,2026-08-25T17:50:54Z,2026-08-26T04:49:04Z,10.97
BH23 5EL,SEPD,LV,1,TW6924,55,2026-08-25T17:50:54Z,2026-08-26T04:49:04Z,10.97
BH23 5EN,SEPD,LV,1,TW6924,55,2026-08-25T17:50:54Z,2026-08-26T04:49:04Z,10.97
BH23 5HE,SEPD,LV,1,TW6924,55,2026-08-25T17:50:54Z,2026-08-26T04:49:04Z,10.97
BH23 5HF,SEPD,LV,1,TW6924,55,2026-08-25T17:50:54Z,2026-08-26T04:49:04Z,10.97
BH23 5HP,SEPD,LV,1,TW6924,55,2026-08-25T17:50:54Z,2026-08-26T04:49:04Z,10.97
BH23 5HR,SEPD,LV,1,TW6924,55,2026-08-25T17:50:54Z,2026-08-26T04:49:04Z,10.97
BH23 5HW,SEPD,LV,1,TW6924,55,2026-08-25T17:50:54Z,2026-08-26T04:49:04Z,10.97
BH23 5LU,SEPD,LV,1,TW6924,55,2026-08-25T17:50:54Z,2026-08-26T04:49:04Z,10.97
IV30 5AE,SHEPD,HV,1,TW6785,647,2026-08-25T15:58:35Z,2026-08-26T02:55:47Z,10.95
IV30 5AG,SHEPD,HV,1,TW6785,647,2026-08-25T15:58:35Z,2026-08-26T02:55:47Z,10.95
IV30 5AJ,SHEPD,HV,1,TW6785,647,2026-08-25T15:58:35Z,2026-08-26T02:55:47Z,10.95
IV30 5JQ,SHEPD,HV,1,TW6785,647,2026-08-25T15:58:35Z,2026-08-26T02:55:47Z,10.95
IV30 5RS,SHEPD,HV,1,TW6785,647,2026-08-25T15:58:35Z,2026-08-26T02:55:47Z,10.95
IV30 5RU,SHEPD,HV,1,TW6785,647,2026-08-25T15:58:35Z,2026-08-26T02:55:47Z,10.95
IV30 5RX,SHEPD,HV,1,TW6785,647,2026-08-25T15:58:35Z,2026-08-26T02:55:47Z,10.95
IV30 5RY,SHEPD,HV,1,TW6785,647,2026-08-25T15:58:35Z,2026-08-26T02:55:47Z,10.95
IV30 5RZ,SHEPD,HV,1,TW6785,647,2026-08-25T15:58:35Z,2026-08-26T02:55:47Z,10.95
IV30 5SA,SHEPD,HV,1,TW6785,647,2026-08-25T15:58:35Z,2026-08-26T02:55:47Z,10.95
IV30 5SB,SHEPD,HV,1,TW6785,647,2026-08-25T15:58:35Z,2026-08-26T02:55:47Z,10.95
IV30 5SD,SHEPD,HV,1,TW6785,647,2026-08-25T15:58:35Z,2026-08-26T02:55:47Z,10.95
IV30 5SE,SHEPD,HV,1,TW6785,647,2026-08-25T15:58:35Z,2026-08-26T02:55:47Z,10.95
IV30 5SF,SHEPD,HV,1,TW6785,647,2026-08-25T15:58:35Z,2026-08-26T02:55:47Z,10.95
IV30 5SG,SHEPD,HV,1,TW6785,647,2026-08-25T15:58:35Z,2026-08-26T02:55:47Z,10.95
IV30 5SH,SHEPD,HV,1,TW6785,647,2026-08-25T15:58:35Z,2026-08-26T02:55:47Z,10.95
IV30 5SJ,SHEPD,HV,1,TW6785,647,2026-08-25T15:58:35Z,2026-08-26T02:55:47Z,10.95
IV30 5SL,SHEPD,HV,1,TW6785,647,2026-08-25T15:58:35Z,2026-08-26T02:55:47Z,10.95
IV30 5SN,SHEPD,HV,1,TW6785,647,2026-08-25T15:58:35Z,2026-08-26T02:55:47Z,10.95
IV30 5SP,SHEPD,HV,1,TW6785,647,2026-08-25T15:58:35Z,2026-08-26T02:55:47Z,10.95
IV30 5SQ,SHEPD,HV,1,TW6785,647,2026-08-25T15:58:35Z,2026-08-26T02:55:47Z,10.95
IV30 5ST,SHEPD,HV,1,TW6785,647,2026-08-25T15:58:35Z,2026-08-26T02:55:47Z,10.95
IV30 5SX,SHEPD,HV,1,TW6785,647,2026-08-25T15:58:35Z,2026-08-26T02:55:47Z,10.95
IV30 5SY,SHEPD,HV,1,TW6785,647,2026-08-25T15:58:35Z,2026-08-26T02:55:47Z,10.95
IV30 5TA,SHEPD,HV,1,TW6785,647,2026-08-25T15:58:35Z,2026-08-26T02:55:47Z,10.95
IV30 5TB,SHEPD,HV,1,TW6785,647,2026-08-25T15:58:35Z,2026-08-26T02:55:47Z,10.95
IV30 5TE,SHEPD,HV,1,TW6785,647,2026-08-25T15:58:35Z,2026-08-26T02:55:47Z,10.95
IV30 5TF,SHEPD,HV,1,TW6785,647,2026-08-25T15:58:35Z,2026-08-26T02:55:47Z,10.95
IV30 5TG,SHEPD,HV,1,TW6785,647,2026-08-25T15:58:35Z,2026-08-26T02:55:47Z,10.95
IV30 5TH,SHEPD,HV,1,TW6785,647,2026-08-25T15:58:35Z,2026-08-26T02:55:47Z,10.95
IV30 5TJ,SHEPD,HV,1,TW6785,647,2026-08-25T15:58:35Z,2026-08-26T02:55:47Z,10.95
IV30 5TL,SHEPD,HV,1,TW6785,647,2026-08-25T15:58:35Z,2026-08-26T02:55:47Z,10.95
IV30 5TQ,SHEPD,HV,1,TW6785,647,2026-08-25T15:58:35Z,2026-08-26T02:55:47Z,10.95
IV30 5TW,SHEPD,HV,1,TW6785,647,2026-08-25T15:58:35Z,2026-08-26T02:55:47Z,10.95
IV30 5XY,SHEPD,HV,1,TW6785,647,2026-08-25T15:58:35Z,2026-08-26T02:55:47Z,10.95
IV30 5XZ,SHEPD,HV,1,TW6785,647,2026-08-25T15:58:35Z,2026-08-26T02:55:47Z,10.95
IV30 5YA,SHEPD,HV,1,TW6785,647,2026-08-25T15:58:35Z,2026-08-26T02:55:47Z,10.95
IV30 5YU,SHEPD,HV,1,TW6785,647,2026-08-25T15:58:35Z,2026-08-26T02:55:47Z,10.95
IV30 5ZX,SHEPD,HV,1,TW6785,647,2026-08-25T15:58:35Z,2026-08-26T02:55:47Z,10.95
IV30 8RU,SHEPD,HV,1,TW6785,647,2026-08-25T15:58:35Z,2026-08-26T02:55:47Z,10.95
BH9 1AE,SEPD,LV,3,"TW4192,TW4365,TW5039",81,2026-08-23T23:28:41Z,2026-08-24T23:57:13Z,10.87
BH9 1AG,SEPD,LV,3,"TW4192,TW4365,TW5039",81,2026-08-23T23:28:41Z,2026-08-24T23:57:13Z,10.87
BH9 1AJ,SEPD,LV,3,"TW4192,TW4365,TW5039",81,2026-08-23T23:28:41Z,2026-08-24T23:57:13Z,10.87
BH9 1BX,SEPD,LV,3,"TW4192,TW4365,TW5039",81,2026-08-23T23:28:41Z,2026-08-24T23:57:13Z,10.87
BH9 1BY,SEPD,LV,3,"TW4192,TW4365,TW5039",81,2026-08-23T23:28:41Z,2026-08-24T23:57:13Z,10.87
BH9 1BZ,SEPD,LV,3,"TW4192,TW4365,TW5039",81,2026-08-23T23:28:41Z,2026-08-24T23:57:13Z,10.87
BH9 1DE,SEPD,LV,3,"TW4192,TW4365,TW5039",81,2026-08-23T23:28:41Z,2026-08-24T23:57:13Z,10.87
PO39 0HH,SEPD,LV,1,TX1886,18,2026-08-29T13:24:25Z,2026-08-30T00:13:24Z,10.82
PO39 0HJ,SEPD,LV,1,TX1886,18,2026-08-29T13:24:25Z,2026-08-30T00:13:24Z,10.82
PO39 0HL,SEPD,LV,1,TX1886,18,2026-08-29T13:24:25Z,2026-08-30T00:13:24Z,10.82
PO39 0HN,SEPD,LV,1,TX1886,18,2026-08-29T13:24:25Z,2026-08-30T00:13:24Z,10.82
PO39 0HQ,SEPD,LV,1,TX1886,18,2026-08-29T13:24:25Z,2026-08-30T00:13:24Z,10.82
PO39 0HW,SEPD,LV,1,TX1886,18,2026-08-29T13:24:25Z,2026-08-30T00:13:24Z,10.82
PO39 0JL,SEPD,LV,1,TX1886,18,2026-08-29T13:24:25Z,2026-08-30T00:13:24Z,10.82
PO39 0LB,SEPD,LV,1,TX1886,18,2026-08-29T13:24:25Z,2026-08-30T00:13:24Z,10.82
RG7 3NZ,SEPD,LV,1,TX1843,12,2026-08-29T13:24:25Z,2026-08-30T00:13:24Z,10.82
RG9 4QZ,SEPD,PSI,2,"253623,253863",77,2026-08-24T08:26:34Z,2026-08-26T14:04:13Z,10.75
SP4 6NG,SEPD,"PSI,LV",4,"252635,TW5754,TW5755,TW8076",169,2026-08-24T08:26:34Z,2026-08-26T15:51:54Z,10.62
SP4 6NW,SEPD,"PSI,LV",4,"252635,TW5754,TW5755,TW8076",169,2026-08-24T08:26:34Z,2026-08-26T15:51:54Z,10.62
SP4 6NH,SEPD,"PSI,LV",2,"252635,TW5087",154,2026-08-24T08:26:34Z,2026-08-24T18:03:56Z,10.49
SP4 6NJ,SEPD,"PSI,LV",2,"252635,TW5087",154,2026-08-24T08:26:34Z,2026-08-24T18:03:56Z,10.49
SP4 6NQ,SEPD,"PSI,LV",2,"252635,TW5087",154,2026-08-24T08:26:34Z,2026-08-24T18:03:56Z,10.49
GU7 3RE,SEPD,LV,1,TW3135,30,2026-08-23T00:13:25Z,2026-08-23T10:08:46Z,9.92
GU7 3RG,SEPD,LV,1,TW3135,30,2026-08-23T00:13:25Z,2026-08-23T10:08:46Z,9.92
GU7 3RH,SEPD,LV,1,TW3135,30,2026-08-23T00:13:25Z,2026-08-23T10:08:46Z,9.92
GU7 3SS,SEPD,LV,1,TW3135,30,2026-08-23T00:13:25Z,2026-08-23T10:08:46Z,9.92
GU7 3SU,SEPD,LV,1,TW3135,30,2026-08-23T00:13:25Z,2026-08-23T10:08:46Z,9.92
GU7 3TB,SEPD,LV,1,TW3135,30,2026-08-23T00:13:25Z,2026-08-23T10:08:46Z,9.92
SN14 0DH,SEPD,LV,1,TW8554,10,2026-08-27T00:39:45Z,2026-08-27T10:33:18Z,9.89
SN14 0DN,SEPD,LV,1,TW8554,10,2026-08-27T00:39:45Z,2026-08-27T10:33:18Z,9.89
DT5 2BW,SEPD,LV,1,TW3826,14,2026-08-23T14:33:40Z,2026-08-24T00:25:19Z,9.86
DT5 2DS,SEPD,LV,1,TW3826,14,2026-08-23T14:33:40Z,2026-08-24T00:25:19Z,9.86
DT5 2DT,SEPD,LV,1,TW3826,14,2026-08-23T14:33:40Z,2026-08-24T00:25:19Z,9.86
DT5 2DU,SEPD,LV,1,TW3826,14,2026-08-23T14:33:40Z,2026-08-24T00:25:19Z,9.86
OX44 7NS,SEPD,HV,2,"TW6797,TW6914",251,2026-08-25T15:58:35Z,2026-08-25T21:46:15Z,9.71
OX44 7NU,SEPD,HV,2,"TW6797,TW6914",251,2026-08-25T15:58:35Z,2026-08-25T21:46:15Z,9.71
OX44 7PA,SEPD,HV,2,"TW6797,TW6914",251,2026-08-25T15:58:35Z,2026-08-25T21:46:15Z,9.71
OX44 7PB,SEPD,HV,2,"TW6797,TW6914",251,2026-08-25T15:58:35Z,2026-08-25T21:46:15Z,9.71
OX44 7PN,SEPD,HV,2,"TW6797,TW6914",251,2026-08-25T15:58:35Z,2026-08-25T21:46:15Z,9.71
OX12 9HB,SEPD,LV,1,TW4515,22,2026-08-24T09:25:27Z,2026-08-24T18:58:19Z,9.55
OX12 9HN,SEPD,LV,1,TW4515,22,2026-08-24T09:25:27Z,2026-08-24T18:58:19Z,9.55
OX12 9HT,SEPD,LV,1,TW4515,22,2026-08-24T09:25:27Z,2026-08-24T18:58:19Z,9.55
OX12 9HW,SEPD,LV,1,TW4515,22,2026-08-24T09:25:27Z,2026-08-24T18:58:19Z,9.55
SP3 6QT,SEPD,LV,1,TX1554,5,2026-08-29T07:49:13Z,2026-08-29T17:20:44Z,9.53
PH31 4AR,SHEPD,PSI,1,253046,33,2026-08-26T08:54:10Z,2026-08-26T18:25:38Z,9.52
SO45 5TW,SEPD,LV,1,TW5463,17,2026-08-25T05:02:37Z,2026-08-25T14:11:56Z,9.16
SO45 5TY,SEPD,LV,1,TW5463,17,2026-08-25T05:02:37Z,2026-08-25T14:11:56Z,9.16
SP4 6NP,SEPD,"PSI,LV",3,"252635,TW5755,TW8076",164,2026-08-24T08:26:34Z,2026-08-26T15:51:54Z,9.13
SP4 6NR,SEPD,"PSI,LV",3,"252635,TW5755,TW8076",164,2026-08-24T08:26:34Z,2026-08-26T15:51:54Z,9.13
SP11 6LU,SEPD,"PSI,HV",2,"254012,TX2150",69,2026-08-26T07:54:01Z,2026-08-29T17:20:44Z,8.8
SP11 6LY,SEPD,"PSI,LV",2,"254012,TW7360",66,2026-08-26T07:54:01Z,2026-08-26T16:41:54Z,8.8
SP11 6NF,SEPD,"PSI,HV",2,"254012,TX2150",69,2026-08-26T07:54:01Z,2026-08-29T19:50:16Z,8.8
RG26 5JS,SEPD,PSI,1,254130,25,2026-08-26T07:54:01Z,2026-08-26T16:41:54Z,8.8
RG26 5JT,SEPD,PSI,1,254130,25,2026-08-26T07:54:01Z,2026-08-26T16:41:54Z,8.8
RG26 5JX,SEPD,PSI,1,254130,25,2026-08-26T07:54:01Z,2026-08-26T16:41:54Z,8.8
RG26 5SB,SEPD,PSI,1,254130,25,2026-08-26T07:54:01Z,2026-08-26T16:41:54Z,8.8
SP10,SEPD,PSI,1,254012,53,2026-08-26T07:54:01Z,2026-08-26T16:41:54Z,8.8
SO16 5NE,SEPD,LV,1,TW7201,13,2026-08-26T05:19:52Z,2026-08-26T14:04:13Z,8.74
SO16 8FR,SEPD,LV,1,TW7201,13,2026-08-26T05:19:52Z,2026-08-26T14:04:13Z,8.74
PH2 9GY,SHEPD,HV,1,TW4317,123,2026-08-24T07:40:24Z,2026-08-24T16:19:08Z,8.65
PH2 9GZ,SHEPD,HV,1,TW4317,123,2026-08-24T07:40:24Z,2026-08-24T16:19:08Z,8.65
PH2 9JD,SHEPD,HV,1,TW4317,123,2026-08-24T07:40:24Z,2026-08-24T16:19:08Z,8.65
PH2 9JH,SHEPD,HV,1,TW4317,123,2026-08-24T07:40:24Z,2026-08-24T16:19:08Z,8.65
PH2 9JZ,SHEPD,HV,1,TW4317,123,2026-08-24T07:40:24Z,2026-08-24T16:19:08Z,8.65
PH2 9LA,SHEPD,HV,1,TW4317,123,2026-08-24T07:40:24Z,2026-08-24T16:19:08Z,8.65
PH2 9LG,SHEPD,HV,1,TW4317,123,2026-08-24T07:40:24Z,2026-08-24T16:19:08Z,8.65
PH2 9LH,SHEPD,HV,1,TW4317,123,2026-08-24T07:40:24Z,2026-08-24T16:19:08Z,8.65
PH2 9LQ,SHEPD,HV,1,TW4317,123,2026-08-24T07:40:24Z,2026-08-24T16:19:08Z,8.65
BH22 0EB,SEPD,PSI,1,254161,80,2026-08-24T08:26:34Z,2026-08-24T17:00:38Z,8.57
BH22 0ED,SEPD,PSI,1,254161,80,2026-08-24T08:26:34Z,2026-08-24T17:00:38Z,8.57
BH22 0EL,SEPD,PSI,1,254161,80,2026-08-24T08:26:34Z,2026-08-24T17:00:38Z,8.57
BH22 0EN,SEPD,PSI,1,254161,80,2026-08-24T08:26:34Z,2026-08-24T17:00:38Z,8.57
BH22 0EP,SEPD,PSI,1,254161,80,2026-08-24T08:26:34Z,2026-08-24T17:00:38Z,8.57
BH22 0ER,SEPD,PSI,1,254161,80,2026-08-24T08:26:34Z,2026-08-24T17:00:38Z,8.57
PO8,SEPD,PSI,1,253713,52,2026-08-23T07:46:23Z,2026-08-23T16:15:32Z,8.49
PO8 0TR,SEPD,PSI,1,253713,52,2026-08-23T07:46:23Z,2026-08-23T16:15:32Z,8.49
PO8 0TS,SEPD,PSI,1,253713,52,2026-08-23T07:46:23Z,2026-08-23T16:15:32Z,8.49
GU29 0JW,SEPD,HV,1,TW8796,95,2026-08-27T20:44:46Z,2026-08-28T04:56:18Z,8.19
GU29 0PA,SEPD,HV,1,TW8796,95,2026-08-27T20:44:46Z,2026-08-28T04:56:18Z,8.19
GU29 0PB,SEPD,HV,1,TW8796,95,2026-08-27T20:44:46Z,2026-08-28T04:56:18Z,8.19
GU29 0PD,SEPD,HV,1,TW8796,95,2026-08-27T20:44:46Z,2026-08-28T04:56:18Z,8.19
GU29 0PE,SEPD,HV,1,TW8796,95,2026-08-27T20:44:46Z,2026-08-28T04:56:18Z,8.19
GU29 0PF,SEPD,HV,1,TW8796,95,2026-08-27T20:44:46Z,2026-08-28T04:56:18Z,8.19
GU31 5EL,SEPD,HV,1,TW8796,95,2026-08-27T20:44:46Z,2026-08-28T04:56:18Z,8.19
GU31 5EN,SEPD,HV,1,TW8796,95,2026-08-27T20:44:46Z,2026-08-28T04:56:18Z,8.19
GU31 5EP,SEPD,HV,1,TW8796,95,2026-08-27T20:44:46Z,2026-08-28T04:56:18Z,8.19
GU31 5ER,SEPD,HV,1,TW8796,95,2026-08-27T20:44:46Z,2026-08-28T04:56:18Z,8.19
GU31 5ES,SEPD,HV,1,TW8796,95,2026-08-27T20:44:46Z,2026-08-28T04:56:18Z,8.19
GU31 5ET,SEPD,HV,1,TW8796,95,2026-08-27T20:44:46Z,2026-08-28T04:56:18Z,8.19
GU31 5EU,SEPD,HV,1,TW8796,95,2026-08-27T20:44:46Z,2026-08-28T04:56:18Z,8.19
GU31 5EW,SEPD,HV,1,TW8796,95,2026-08-27T20:44:46Z,2026-08-28T04:56:18Z,8.19
GU31 5JU,SEPD,HV,1,TW8796,95,2026-08-27T20:44:46Z,2026-08-28T04:56:18Z,8.19
GU32 1AB,SEPD,HV,1,TW8796,95,2026-08-27T20:44:46Z,2026-08-28T04:56:18Z,8.19
BH16 6EN,SEPD,LV,1,TW7265,18,2026-08-26T07:54:01Z,2026-08-26T15:51:54Z,7.96
BH16 6HA,SEPD,LV,1,TW7265,18,2026-08-26T07:54:01Z,2026-08-26T15:51:54Z,7.96
BH16 6HB,SEPD,LV,1,TW7265,18,2026-08-26T07:54:01Z,2026-08-26T15:51:54Z,7.96
SP4 6NL,SEPD,"PSI,LV",2,"252635,TW5754",147,2026-08-24T08:26:34Z,2026-08-25T09:26:43Z,7.94
SP4 6NN,SEPD,"PSI,LV",2,"252635,TW5754",147,2026-08-24T08:26:34Z,2026-08-25T09:26:43Z,7.94
PH1 3AF,SHEPD,PSI,3,"253495,254431,254433",13,2026-08-26T07:54:01Z,2026-08-26T11:37:21Z,7.92
HP13 5PX,SEPD,LV,1,TW4231,15,2026-08-24T04:11:06Z,2026-08-24T12:00:58Z,7.83
HP13 5QP,SEPD,LV,1,TW4231,15,2026-08-24T04:11:06Z,2026-08-24T12:00:58Z,7.83
SN4 7SA,SEPD,"LV,HV",2,"TW6274,TW6587",31,2026-08-25T12:18:45Z,2026-08-25T20:47:31Z,7.67
DD3 7LD,SHEPD,LV,1,TW3374,52,2026-08-23T04:47:56Z,2026-08-23T12:11:50Z,7.4
DD3 7LE,SHEPD,LV,1,TW3374,52,2026-08-23T04:47:56Z,2026-08-23T12:11:50Z,7.4
DD3 7LR,SHEPD,LV,1,TW3374,52,2026-08-23T04:47:56Z,2026-08-23T12:11:50Z,7.4
DD3 7LS,SHEPD,LV,1,TW3374,52,2026-08-23T04:47:56Z,2026-08-23T12:11:50Z,7.4
DD3 7LU,SHEPD,LV,1,TW3374,52,2026-08-23T04:47:56Z,2026-08-23T12:11:50Z,7.4
DD3 7LW,SHEPD,LV,1,TW3374,52,2026-08-23T04:47:56Z,2026-08-23T12:11:50Z,7.4
BA22 8AU,SEPD,PSI,1,254183,48,2026-08-25T07:57:01Z,2026-08-25T15:06:54Z,7.16
BA22 8NA,SEPD,PSI,1,254183,48,2026-08-25T07:57:01Z,2026-08-25T15:06:54Z,7.16
BA22 8NG,SEPD,PSI,1,254183,48,2026-08-25T07:57:01Z,2026-08-25T15:06:54Z,7.16
BA22 8NX,SEPD,PSI,1,254183,48,2026-08-25T07:57:01Z,2026-08-25T15:06:54Z,7.16
BA22 8NZ,SEPD,PSI,1,254183,48,2026-08-25T07:57:01Z,2026-08-25T15:06:54Z,7.16
GU27 2JL,SEPD,PSI,1,254494,12,2026-08-23T13:03:14Z,2026-08-23T20:10:58Z,7.13
GU27 2LZ,SEPD,PSI,1,254494,12,2026-08-23T13:03:14Z,2026-08-23T20:10:58Z,7.13
PO1 5JB,SEPD,"PSI,LV",2,"254451,TW3607",71,2026-08-23T08:50:47Z,2026-08-23T14:59:28Z,6.99
PO1 5JH,SEPD,"PSI,LV",2,"254451,TW3607",71,2026-08-23T08:50:47Z,2026-08-23T14:59:28Z,6.99
SL4 4JL,SEPD,LV,1,TW3697,40,2026-08-23T13:41:43Z,2026-08-23T20:40:00Z,6.97
SL4 4JN,SEPD,LV,1,TW3697,40,2026-08-23T13:41:43Z,2026-08-23T20:40:00Z,6.97
PA31 8PT,SHEPD,PSI,2,"253704,253705",8,2026-08-26T08:54:10Z,2026-08-27T20:44:46Z,6.96
AB54 7JS,SHEPD,PSI,1,253529,5,2026-08-26T08:54:10Z,2026-08-26T15:51:54Z,6.96
AB54 7LU,SHEPD,PSI,1,253529,5,2026-08-26T08:54:10Z,2026-08-26T15:51:54Z,6.96
BH20 6AL,SEPD,PSI,1,253191,54,2026-08-26T08:54:10Z,2026-08-26T15:51:54Z,6.96
BH20 6AN,SEPD,PSI,1,253191,54,2026-08-26T08:54:10Z,2026-08-26T15:51:54Z,6.96
BH20 6AW,SEPD,PSI,1,253191,54,2026-08-26T08:54:10Z,2026-08-26T15:51:54Z,6.96
BH20 6HJ,SEPD,PSI,1,253191,54,2026-08-26T08:54:10Z,2026-08-26T15:51:54Z,6.96
HS2 9JT,SHEPD,PSI,1,253678,63,2026-08-26T08:54:10Z,2026-08-26T15:51:54Z,6.96
HS2 9JX,SHEPD,PSI,1,253678,63,2026-08-26T08:54:10Z,2026-08-26T15:51:54Z,6.96
HS2 9PJ,SHEPD,PSI,1,253678,63,2026-08-26T08:54:10Z,2026-08-26T15:51:54Z,6.96
KW17 2EB,SHEPD,PSI,1,253686,13,2026-08-26T08:54:10Z,2026-08-26T15:51:54Z,6.96
RH12 3AL,SEPD,PSI,1,253712,51,2026-08-26T08:54:10Z,2026-08-26T15:51:54Z,6.96
RH12 3AN,SEPD,PSI,1,253712,51,2026-08-26T08:54:10Z,2026-08-26T15:51:54Z,6.96
RH12 3AP,SEPD,PSI,1,253712,51,2026-08-26T08:54:10Z,2026-08-26T15:51:54Z,6.96
RH12 3PZ,SEPD,PSI,1,253712,51,2026-08-26T08:54:10Z,2026-08-26T15:51:54Z,6.96
RH12 3QA,SEPD,PSI,1,253712,51,2026-08-26T08:54:10Z,2026-08-26T15:51:54Z,6.96
RH12 3QB,SEPD,PSI,1,253712,51,2026-08-26T08:54:10Z,2026-08-26T15:51:54Z,6.96
SN14 6PH,SEPD,PSI,1,253806,51,2026-08-26T08:54:10Z,2026-08-26T15:51:54Z,6.96
SN16,SEPD,PSI,1,253806,51,2026-08-26T08:54:10Z,2026-08-26T15:51:54Z,6.96
SN16 0JY,SEPD,PSI,1,253806,51,2026-08-26T08:54:10Z,2026-08-26T15:51:54Z,6.96
SN16 0JZ,SEPD,PSI,1,253806,51,2026-08-26T08:54:10Z,2026-08-26T15:51:54Z,6.96
SN16 0LA,SEPD,PSI,1,253806,51,2026-08-26T08:54:10Z,2026-08-26T15:51:54Z,6.96
SN16 0LB,SEPD,PSI,1,253806,51,2026-08-26T08:54:10Z,2026-08-26T15:51:54Z,6.96
SN16 0PX,SEPD,PSI,1,253806,51,2026-08-26T08:54:10Z,2026-08-26T15:51:54Z,6.96
SN16 0PY,SEPD,PSI,1,253806,51,2026-08-26T08:54:10Z,2026-08-26T15:51:54Z,6.96
SP6 1PJ,SEPD,PSI,1,252813,107,2026-08-26T08:54:10Z,2026-08-26T15:51:54Z,6.96
SP6 1PL,SEPD,PSI,1,252813,107,2026-08-26T08:54:10Z,2026-08-26T15:51:54Z,6.96
SP6 1PP,SEPD,PSI,1,252813,107,2026-08-26T08:54:10Z,2026-08-26T15:51:54Z,6.96
SP6 1PQ,SEPD,PSI,1,252813,107,2026-08-26T08:54:10Z,2026-08-26T15:51:54Z,6.96
SP6 1PR,SEPD,PSI,1,252813,107,2026-08-26T08:54:10Z,2026-08-26T15:51:54Z,6.96
SP6 1PS,SEPD,PSI,1,252813,107,2026-08-26T08:54:10Z,2026-08-26T15:51:54Z,6.96
SP6 1PT,SEPD,PSI,1,252813,107,2026-08-26T08:54:10Z,2026-08-26T15:51:54Z,6.96
SP6 1PU,SEPD,PSI,1,252813,107,2026-08-26T08:54:10Z,2026-08-26T15:51:54Z,6.96
SP6 1PX,SEPD,PSI,1,252813,107,2026-08-26T08:54:10Z,2026-08-26T15:51:54Z,6.96
SP6 1PY,SEPD,PSI,1,252813,107,2026-08-26T08:54:10Z,2026-08-26T15:51:54Z,6.96
SP6 3DJ,SEPD,PSI,1,252813,107,2026-08-26T08:54:10Z,2026-08-26T15:51:54Z,6.96
SP6 3EF,SEPD,PSI,1,252813,107,2026-08-26T08:54:10Z,2026-08-26T15:51:54Z,6.96
SP6 3EG,SEPD,PSI,1,252813,107,2026-08-26T08:54:10Z,2026-08-26T15:51:54Z,6.96
SP6 3EH,SEPD,PSI,1,252813,107,2026-08-26T08:54:10Z,2026-08-26T15:51:54Z,6.96
SP6 3EQ,SEPD,PSI,1,252813,107,2026-08-26T08:54:10Z,2026-08-26T15:51:54Z,6.96
BA20 2SG,SEPD,LV,2,"TX1972,TX2449",42,2026-08-29T17:20:44Z,2026-08-30T00:13:24Z,6.88
BA14 8QE,SEPD,LV,1,TX2441,8,2026-08-29T17:20:44Z,2026-08-30T00:13:24Z,6.88
BA14 8QJ,SEPD,LV,1,TX2441,8,2026-08-29T17:20:44Z,2026-08-30T00:13:24Z,6.88
BA20 2SA,SEPD,LV,1,TX1972,21,2026-08-29T17:20:44Z,2026-08-30T00:13:24Z,6.88
BA20 2SQ,SEPD,LV,1,TX1972,21,2026-08-29T17:20:44Z,2026-08-30T00:13:24Z,6.88
BA20 2SX,SEPD,LV,1,TX1972,21,2026-08-29T17:20:44Z,2026-08-30T00:13:24Z,6.88
BA20 2SY,SEPD,LV,1,TX1972,21,2026-08-29T17:20:44Z,2026-08-30T00:13:24Z,6.88
BA20 2SZ,SEPD,LV,1,TX1972,21,2026-08-29T17:20:44Z,2026-08-30T00:13:24Z,6.88
BH19 2SX,SEPD,LV,1,TX2317,8,2026-08-29T17:20:44Z,2026-08-30T00:13:24Z,6.88
BH19 2SZ,SEPD,LV,1,TX2317,8,2026-08-29T17:20:44Z,2026-08-30T00:13:24Z,6.88
RG27 8BS,SEPD,LV,1,TX2376,2,2026-08-29T17:20:44Z,2026-08-30T00:13:24Z,6.88
TW5 0EH,SEPD,LV,1,TW6929,15,2026-08-25T20:12:10Z,2026-08-26T02:55:47Z,6.73
TW5 0EJ,SEPD,LV,1,TW6929,15,2026-08-25T20:12:10Z,2026-08-26T02:55:47Z,6.73
TW5 0EN,SEPD,LV,1,TW6929,15,2026-08-25T20:12:10Z,2026-08-26T02:55:47Z,6.73
TW5 0EP,SEPD,LV,1,TW6929,15,2026-08-25T20:12:10Z,2026-08-26T02:55:47Z,6.73
TW5 0ER,SEPD,LV,1,TW6929,15,2026-08-25T20:12:10Z,2026-08-26T02:55:47Z,6.73
TW5 0EX,SEPD,LV,1,TW6929,15,2026-08-25T20:12:10Z,2026-08-26T02:55:47Z,6.73
PO20 7FB,SEPD,LV,1,TW6275,4,2026-08-25T11:49:26Z,2026-08-25T18:19:44Z,6.5
PO20 7JJ,SEPD,LV,1,TW6275,4,2026-08-25T11:49:26Z,2026-08-25T18:19:44Z,6.5
PO20 7JL,SEPD,LV,1,TW6275,4,2026-08-25T11:49:26Z,2026-08-25T18:19:44Z,6.5
PO20 8FQ,SEPD,LV,1,TW6275,4,2026-08-25T11:49:26Z,2026-08-25T18:19:44Z,6.5
GU8 6DL,SEPD,PSI,2,"253608,253815",361,2026-08-24T08:26:34Z,2026-08-28T17:19:56Z,6.45
GU8 6DP,SEPD,PSI,2,"253608,253815",361,2026-08-24T08:26:34Z,2026-08-28T17:19:56Z,6.45
GU8 6DR,SEPD,PSI,2,"253608,253815",361,2026-08-24T08:26:34Z,2026-08-28T17:19:56Z,6.45
SN14 7HZ,SEPD,PSI,2,"252764,252771",24,2026-08-24T08:26:34Z,2026-08-29T13:24:25Z,6.45
BA13 4RJ,SEPD,PSI,1,254364,25,2026-08-24T08:26:34Z,2026-08-24T14:53:48Z,6.45
BA13 4RP,SEPD,PSI,1,254364,25,2026-08-24T08:26:34Z,2026-08-24T14:53:48Z,6.45
BA13 4SA,SEPD,PSI,1,254364,25,2026-08-24T08:26:34Z,2026-08-24T14:53:48Z,6.45
BA13 4SD,SEPD,PSI,1,254364,25,2026-08-24T08:26:34Z,2026-08-24T14:53:48Z,6.45
BA13 4SE,SEPD,PSI,1,254364,25,2026-08-24T08:26:34Z,2026-08-24T14:53:48Z,6.45
BA13 4SF,SEPD,PSI,1,254364,25,2026-08-24T08:26:34Z,2026-08-24T14:53:48Z,6.45
GU8 6DN,SEPD,PSI,1,253608,199,2026-08-24T08:26:34Z,2026-08-24T14:53:48Z,6.45
GU8 6DS,SEPD,PSI,1,253608,199,2026-08-24T08:26:34Z,2026-08-24T14:53:48Z,6.45
GU8 6DT,SEPD,PSI,1,253608,199,2026-08-24T08:26:34Z,2026-08-24T14:53:48Z,6.45
GU8 6DU,SEPD,PSI,1,253608,199,2026-08-24T08:26:34Z,2026-08-24T14:53:48Z,6.45
GU8 6DW,SEPD,PSI,1,253608,199,2026-08-24T08:26:34Z,2026-08-24T14:53:48Z,6.45
GU8 6DX,SEPD,PSI,1,253608,199,2026-08-24T08:26:34Z,2026-08-24T14:53:48Z,6.45
GU8 6DY,SEPD,PSI,1,253608,199,2026-08-24T08:26:34Z,2026-08-24T14:53:48Z,6.45
GU8 6EA,SEPD,PSI,1,253608,199,2026-08-24T08:26:34Z,2026-08-24T14:53:48Z,6.45
GU8 6EB,SEPD,PSI,1,253608,199,2026-08-24T08:26:34Z,2026-08-24T14:53:48Z,6.45
GU8 6ET,SEPD,PSI,1,253608,199,2026-08-24T08:26:34Z,2026-08-24T14:53:48Z,6.45
OX1 5NA,SEPD,PSI,1,253510,68,2026-08-24T08:26:34Z,2026-08-24T14:53:48Z,6.45
OX1 5ND,SEPD,PSI,1,253510,68,2026-08-24T08:26:34Z,2026-08-24T14:53:48Z,6.45
OX1 5NE,SEPD,PSI,1,253510,68,2026-08-24T08:26:34Z,2026-08-24T14:53:48Z,6.45
OX13 6QS,SEPD,PSI,1,253510,68,2026-08-24T08:26:34Z,2026-08-24T14:53:48Z,6.45
OX14 2HX,SEPD,PSI,1,253510,68,2026-08-24T08:26:34Z,2026-08-24T14:53:48Z,6.45
OX14 2HY,SEPD,PSI,1,253510,68,2026-08-24T08:26:34Z,2026-08-24T14:53:48Z,6.45
OX14 2HZ,SEPD,PSI,1,253510,68,2026-08-24T08:26:34Z,2026-08-24T14:53:48Z,6.45
OX14 2JA,SEPD,PSI,1,253510,68,2026-08-24T08:26:34Z,2026-08-24T14:53:48Z,6.45
RG20 8NG,SEPD,PSI,1,253922,8,2026-08-24T08:26:34Z,2026-08-24T14:53:48Z,6.45
RG20 8NR,SEPD,PSI,1,253922,8,2026-08-24T08:26:34Z,2026-08-24T14:53:48Z,6.45
RG30 3TT,SEPD,PSI,1,253475,7,2026-08-24T08:26:34Z,2026-08-24T14:53:48Z,6.45
RG7 4GZ,SEPD,PSI,1,253475,7,2026-08-24T08:26:34Z,2026-08-24T14:53:48Z,6.45
SN5 4EN,SEPD,PSI,1,253772,17,2026-08-24T08:26:34Z,2026-08-24T14:53:48Z,6.45
SN5 4EW,SEPD,PSI,1,253772,17,2026-08-24T08:26:34Z,2026-08-24T14:53:48Z,6.45
SP4 6AH,SEPD,PSI,1,252635,142,2026-08-24T08:26:34Z,2026-08-24T14:53:48Z,6.45
SP4 6AJ,SEPD,PSI,1,252635,142,2026-08-24T08:26:34Z,2026-08-24T14:53:48Z,6.45
SP4 6NS,SEPD,PSI,1,252635,142,2026-08-24T08:26:34Z,2026-08-24T14:53:48Z,6.45
IV4 7JX,SHEPD,PSI,2,"254431,254433",10,2026-08-26T07:54:01Z,2026-08-26T11:37:21Z,6.44
OX14 2EE,SEPD,LV,1,TW7882,8,2026-08-26T12:02:26Z,2026-08-26T18:25:38Z,6.39
OX14 2HF,SEPD,LV,1,TW7882,8,2026-08-26T12:02:26Z,2026-08-26T18:25:38Z,6.39
OX14 2HN,SEPD,LV,1,TW7882,8,2026-08-26T12:02:26Z,2026-08-26T18:25:38Z,6.39
SP7 0AH,SEPD,LV,1,TW5250,14,2026-08-24T17:39:09Z,2026-08-24T23:57:13Z,6.3
SP7 0AJ,SEPD,LV,1,TW5250,14,2026-08-24T17:39:09Z,2026-08-24T23:57:13Z,6.3
SP7 0AN,SEPD,LV,1,TW5250,14,2026-08-24T17:39:09Z,2026-08-24T23:57:13Z,6.3
PO30 5TE,SEPD,PSI,1,253744,31,2026-08-25T07:57:01Z,2026-08-25T14:11:56Z,6.25
PO30 5TF,SEPD,PSI,1,253744,31,2026-08-25T07:57:01Z,2026-08-25T14:11:56Z,6.25
PO30 5US,SEPD,PSI,1,253744,31,2026-08-25T07:57:01Z,2026-08-25T14:11:56Z,6.25
DD8 2JP,SHEPD,PSI,1,253768,16,2026-08-25T08:52:20Z,2026-08-25T15:06:54Z,6.24
DD8 2JQ,SHEPD,PSI,1,253768,16,2026-08-25T08:52:20Z,2026-08-25T15:06:54Z,6.24
DD8 2JZ,SHEPD,PSI,1,253768,16,2026-08-25T08:52:20Z,2026-08-25T15:06:54Z,6.24
DD8 3JQ,SHEPD,PSI,1,253768,16,2026-08-25T08:52:20Z,2026-08-25T15:06:54Z,6.24
DT2 7HR,SEPD,PSI,1,253543,76,2026-08-25T08:52:20Z,2026-08-25T15:06:54Z,6.24
DT2 7HS,SEPD,PSI,1,253543,76,2026-08-25T08:52:20Z,2026-08-25T15:06:54Z,6.24
DT2 7HT,SEPD,PSI,1,253543,76,2026-08-25T08:52:20Z,2026-08-25T15:06:54Z,6.24
DT2 7HW,SEPD,PSI,1,253543,76,2026-08-25T08:52:20Z,2026-08-25T15:06:54Z,6.24
DT2 7HX,SEPD,PSI,1,253543,76,2026-08-25T08:52:20Z,2026-08-25T15:06:54Z,6.24
DT2 7HY,SEPD,PSI,1,253543,76,2026-08-25T08:52:20Z,2026-08-25T15:06:54Z,6.24
HS2 9PN,SHEPD,PSI,1,253677,58,2026-08-25T08:52:20Z,2026-08-25T15:06:54Z,6.24
HS2 9PT,SHEPD,PSI,1,253677,58,2026-08-25T08:52:20Z,2026-08-25T15:06:54Z,6.24
HS2 9PX,SHEPD,PSI,1,253677,58,2026-08-25T08:52:20Z,2026-08-25T15:06:54Z,6.24
HS2 9RA,SHEPD,PSI,1,253677,58,2026-08-25T08:52:20Z,2026-08-25T15:06:54Z,6.24
OX9 2HT,SEPD,PSI,1,253732,82,2026-08-25T08:52:20Z,2026-08-25T15:06:54Z,6.24
OX9 7AB,SEPD,PSI,1,253732,82,2026-08-25T08:52:20Z,2026-08-25T15:06:54Z,6.24
OX9 7AD,SEPD,PSI,1,253732,82,2026-08-25T08:52:20Z,2026-08-25T15:06:54Z,6.24
OX9 7AR,SEPD,PSI,1,253732,82,2026-08-25T08:52:20Z,2026-08-25T15:06:54Z,6.24
OX9 7AS,SEPD,PSI,1,253732,82,2026-08-25T08:52:20Z,2026-08-25T15:06:54Z,6.24
OX9 7AT,SEPD,PSI,1,253732,82,2026-08-25T08:52:20Z,2026-08-25T15:06:54Z,6.24
OX9 7AU,SEPD,PSI,1,253732,82,2026-08-25T08:52:20Z,2026-08-25T15:06:54Z,6.24
PH10 6LP,SHEPD,PSI,1,253492,11,2026-08-25T08:52:20Z,2026-08-25T15:06:54Z,6.24
PH15 2NJ,SHEPD,PSI,1,254155,13,2026-08-25T08:52:20Z,2026-08-25T15:06:54Z,6.24
PH15 2PL,SHEPD,PSI,1,254155,13,2026-08-25T08:52:20Z,2026-08-25T15:06:54Z,6.24
PH15 2PN,SHEPD,PSI,1,254155,13,2026-08-25T08:52:20Z,2026-08-25T15:06:54Z,6.24
RG8 0NX,SEPD,PSI,1,253770,7,2026-08-25T08:52:20Z,2026-08-25T15:06:54Z,6.24
RG8 0NY,SEPD,PSI,1,253770,7,2026-08-25T08:52:20Z,2026-08-25T15:06:54Z,6.24
RG8 0PH,SEPD,PSI,1,253770,7,2026-08-25T08:52:20Z,2026-08-25T15:06:54Z,6.24
OX29 7PR,SEPD,"PSI,LV",2,"253799,TW5295",18,2026-08-24T08:26:34Z,2026-08-24T17:39:09Z,6.22
IV2 7HA,SHEPD,PSI,1,254547,25,2026-08-25T15:58:35Z,2026-08-25T22:10:49Z,6.2
IV2 7HU,SHEPD,PSI,1,254547,25,2026-08-25T15:58:35Z,2026-08-25T22:10:49Z,6.2
IV54 8LZ,SHEPD,PSI,1,254397,4,2026-08-26T07:54:01Z,2026-08-26T14:04:13Z,6.17
PA20 9EU,SHEPD,PSI,1,253986,58,2026-08-26T07:54:01Z,2026-08-26T14:04:13Z,6.17
PA20 9LJ,SHEPD,PSI,1,253986,58,2026-08-26T07:54:01Z,2026-08-26T14:04:13Z,6.17
PA20 9LL,SHEPD,PSI,1,253986,58,2026-08-26T07:54:01Z,2026-08-26T14:04:13Z,6.17
PA20 9LN,SHEPD,PSI,1,253986,58,2026-08-26T07:54:01Z,2026-08-26T14:04:13Z,6.17
PA20 9LP,SHEPD,PSI,1,253986,58,2026-08-26T07:54:01Z,2026-08-26T14:04:13Z,6.17
PA20 9LR,SHEPD,PSI,1,253986,58,2026-08-26T07:54:01Z,2026-08-26T14:04:13Z,6.17
PA20 9LW,SHEPD,PSI,1,253986,58,2026-08-26T07:54:01Z,2026-08-26T14:04:13Z,6.17
SN1 1LD,SEPD,LV,1,TW7206,24,2026-08-26T07:54:01Z,2026-08-26T14:04:13Z,6.17
SN1 1LL,SEPD,LV,1,TW7206,24,2026-08-26T07:54:01Z,2026-08-26T14:04:13Z,6.17
SN1 1RA,SEPD,LV,1,TW7206,24,2026-08-26T07:54:01Z,2026-08-26T14:04:13Z,6.17
SN1 5AH,SEPD,LV,1,TW7206,24,2026-08-26T07:54:01Z,2026-08-26T14:04:13Z,6.17
SN1 5AR,SEPD,LV,1,TW7206,24,2026-08-26T07:54:01Z,2026-08-26T14:04:13Z,6.17
SN1 5BG,SEPD,LV,1,TW7206,24,2026-08-26T07:54:01Z,2026-08-26T14:04:13Z,6.17
SN1 5DT,SEPD,LV,1,TW7206,24,2026-08-26T07:54:01Z,2026-08-26T14:04:13Z,6.17
SN1 5FA,SEPD,LV,1,TW7206,24,2026-08-26T07:54:01Z,2026-08-26T14:04:13Z,6.17
SN1 5RN,SEPD,LV,1,TW7206,24,2026-08-26T07:54:01Z,2026-08-26T14:04:13Z,6.17
PO35 5NB,SEPD,LV,1,TW6747,13,2026-08-25T17:50:54Z,2026-08-25T23:59:57Z,6.15
PO35 5NF,SEPD,LV,1,TW6747,13,2026-08-25T17:50:54Z,2026-08-25T23:59:57Z,6.15
PO35 5NG,SEPD,LV,1,TW6747,13,2026-08-25T17:50:54Z,2026-08-25T23:59:57Z,6.15
PO35 5NH,SEPD,LV,1,TW6747,13,2026-08-25T17:50:54Z,2026-08-25T23:59:57Z,6.15
PO35 5NN,SEPD,LV,1,TW6747,13,2026-08-25T17:50:54Z,2026-08-25T23:59:57Z,6.15
PO35 5NQ,SEPD,LV,1,TW6747,13,2026-08-25T17:50:54Z,2026-08-25T23:59:57Z,6.15
PO35 5NR,SEPD,LV,1,TW6747,13,2026-08-25T17:50:54Z,2026-08-25T23:59:57Z,6.15
PO35 5NS,SEPD,LV,1,TW6747,13,2026-08-25T17:50:54Z,2026-08-25T23:59:57Z,6.15
PO35 5NT,SEPD,LV,1,TW6747,13,2026-08-25T17:50:54Z,2026-08-25T23:59:57Z,6.15
PO35 5NU,SEPD,LV,1,TW6747,13,2026-08-25T17:50:54Z,2026-08-25T23:59:57Z,6.15
PO35 5NW,SEPD,LV,1,TW6747,13,2026-08-25T17:50:54Z,2026-08-25T23:59:57Z,6.15
PO35 5NX,SEPD,LV,1,TW6747,13,2026-08-25T17:50:54Z,2026-08-25T23:59:57Z,6.15
PO35 5NZ,SEPD,LV,1,TW6747,13,2026-08-25T17:50:54Z,2026-08-25T23:59:57Z,6.15
PO35 5PB,SEPD,LV,1,TW6747,13,2026-08-25T17:50:54Z,2026-08-25T23:59:57Z,6.15
PO35 5RU,SEPD,LV,1,TW6747,13,2026-08-25T17:50:54Z,2026-08-25T23:59:57Z,6.15
PO35 5SA,SEPD,LV,1,TW6747,13,2026-08-25T17:50:54Z,2026-08-25T23:59:57Z,6.15
OX44 7NW,SEPD,HV,1,TW6797,65,2026-08-25T15:58:35Z,2026-08-25T21:46:15Z,5.79
OX44 7PD,SEPD,HV,1,TW6797,65,2026-08-25T15:58:35Z,2026-08-25T21:46:15Z,5.79
OX44 7PE,SEPD,HV,1,TW6797,65,2026-08-25T15:58:35Z,2026-08-25T21:46:15Z,5.79
OX44 9HQ,SEPD,HV,1,TW6797,65,2026-08-25T15:58:35Z,2026-08-25T21:46:15Z,5.79
PO17 5BL,SEPD,PSI,1,253795,9,2026-08-23T08:50:47Z,2026-08-23T14:33:40Z,5.71
PO17 6NA,SEPD,PSI,1,253795,9,2026-08-23T08:50:47Z,2026-08-23T14:33:40Z,5.71
PH21 1DX,SHEPD,LV,1,TX1574,8,2026-08-29T07:49:13Z,2026-08-29T13:24:25Z,5.59
PH21 1HX,SHEPD,LV,1,TX1574,8,2026-08-29T07:49:13Z,2026-08-29T13:24:25Z,5.59
PH21 1JD,SHEPD,LV,1,TX1574,8,2026-08-29T07:49:13Z,2026-08-29T13:24:25Z,5.59
PH21 1JL,SHEPD,LV,1,TX1574,8,2026-08-29T07:49:13Z,2026-08-29T13:24:25Z,5.59
PH21 1JS,SHEPD,LV,1,TX1574,8,2026-08-29T07:49:13Z,2026-08-29T13:24:25Z,5.59
AB53 5XY,SHEPD,PSI,1,252404,18,2026-08-24T08:26:34Z,2026-08-24T14:01:18Z,5.58
AB53 5YA,SHEPD,PSI,1,252404,18,2026-08-24T08:26:34Z,2026-08-24T14:01:18Z,5.58
AB53 5YB,SHEPD,PSI,1,252404,18,2026-08-24T08:26:34Z,2026-08-24T14:01:18Z,5.58
AB53 5YE,SHEPD,PSI,1,252404,18,2026-08-24T08:26:34Z,2026-08-24T14:01:18Z,5.58
AB53 5YF,SHEPD,PSI,1,252404,18,2026-08-24T08:26:34Z,2026-08-24T14:01:18Z,5.58
OX14 2JJ,SEPD,HV,1,TW4385,78,2026-08-24T08:26:34Z,2026-08-24T14:01:18Z,5.58
OX14 3AB,SEPD,HV,1,TW4385,78,2026-08-24T08:26:34Z,2026-08-24T14:01:18Z,5.58
OX14 3AD,SEPD,HV,1,TW4385,78,2026-08-24T08:26:34Z,2026-08-24T14:01:18Z,5.58
OX14 3BH,SEPD,HV,1,TW4385,78,2026-08-24T08:26:34Z,2026-08-24T14:01:18Z,5.58
OX14 3BU,SEPD,HV,1,TW4385,78,2026-08-24T08:26:34Z,2026-08-24T14:01:18Z,5.58
OX14 3NG,SEPD,HV,1,TW4385,78,2026-08-24T08:26:34Z,2026-08-24T14:01:18Z,5.58
OX29 7QE,SEPD,PSI,1,253799,8,2026-08-24T08:26:34Z,2026-08-24T14:01:18Z,5.58
OX29 7QF,SEPD,PSI,1,253799,8,2026-08-24T08:26:34Z,2026-08-24T14:01:18Z,5.58
OX29 7RB,SEPD,PSI,1,253799,8,2026-08-24T08:26:34Z,2026-08-24T14:01:18Z,5.58
PA35 1HD,SHEPD,PSI,1,253982,23,2026-08-24T08:26:34Z,2026-08-24T14:01:18Z,5.58
PA35 1HE,SHEPD,PSI,1,253982,23,2026-08-24T08:26:34Z,2026-08-24T14:01:18Z,5.58
PA35 1HR,SHEPD,PSI,1,253982,23,2026-08-24T08:26:34Z,2026-08-24T14:01:18Z,5.58
RG9 5DR,SEPD,PSI,1,253863,64,2026-08-24T08:26:34Z,2026-08-24T14:01:18Z,5.58
RG9 5DS,SEPD,PSI,1,253863,64,2026-08-24T08:26:34Z,2026-08-24T14:01:18Z,5.58
RG9 5DT,SEPD,PSI,1,253863,64,2026-08-24T08:26:34Z,2026-08-24T14:01:18Z,5.58
RG9 5DU,SEPD,PSI,1,253863,64,2026-08-24T08:26:34Z,2026-08-24T14:01:18Z,5.58
RG9 5DX,SEPD,PSI,1,253863,64,2026-08-24T08:26:34Z,2026-08-24T14:01:18Z,5.58
RG9 5DY,SEPD,PSI,1,253863,64,2026-08-24T08:26:34Z,2026-08-24T14:01:18Z,5.58
RG9 5DZ,SEPD,PSI,1,253863,64,2026-08-24T08:26:34Z,2026-08-24T14:01:18Z,5.58
RG9 5EA,SEPD,PSI,1,253863,64,2026-08-24T08:26:34Z,2026-08-24T14:01:18Z,5.58
PH11 8PF,SHEPD,PSI,2,"253408,254185",113,2026-08-25T08:52:20Z,2026-08-26T12:02:26Z,5.5
IV2 7GS,SHEPD,PSI,1,254548,4,2026-08-25T16:47:37Z,2026-08-25T22:10:49Z,5.39
IV2 7JQ,SHEPD,PSI,1,254548,4,2026-08-25T16:47:37Z,2026-08-25T22:10:49Z,5.39
AB21 0TF,SHEPD,PSI,1,254308,5,2026-08-25T08:52:20Z,2026-08-25T14:11:56Z,5.33
DD8 2UX,SHEPD,PSI,1,252878,15,2026-08-25T08:52:20Z,2026-08-25T14:11:56Z,5.33
DD8 3DA,SHEPD,PSI,1,252878,15,2026-08-25T08:52:20Z,2026-08-25T14:11:56Z,5.33
DD8 3NT,SHEPD,PSI,1,252878,15,2026-08-25T08:52:20Z,2026-08-25T14:11:56Z,5.33
OX7 4AT,SEPD,PSI,1,252966,8,2026-08-25T08:52:20Z,2026-08-25T14:11:56Z,5.33
OX7 4BF,SEPD,PSI,1,252966,8,2026-08-25T08:52:20Z,2026-08-25T14:11:56Z,5.33
RH14 0AU,SEPD,PSI,1,253711,59,2026-08-25T08:52:20Z,2026-08-25T14:11:56Z,5.33
RH14 0AX,SEPD,PSI,1,253711,59,2026-08-25T08:52:20Z,2026-08-25T14:11:56Z,5.33
RH14 0AZ,SEPD,PSI,1,253711,59,2026-08-25T08:52:20Z,2026-08-25T14:11:56Z,5.33
RH14 0QJ,SEPD,PSI,1,253711,59,2026-08-25T08:52:20Z,2026-08-25T14:11:56Z,5.33
RH14 9BP,SEPD,PSI,1,253711,59,2026-08-25T08:52:20Z,2026-08-25T14:11:56Z,5.33
RH14 9HS,SEPD,PSI,1,253711,59,2026-08-25T08:52:20Z,2026-08-25T14:11:56Z,5.33
RH14 9HT,SEPD,PSI,1,253711,59,2026-08-25T08:52:20Z,2026-08-25T14:11:56Z,5.33
GU28 9LP,SEPD,PSI,1,253157,35,2026-08-23T07:46:23Z,2026-08-23T13:03:14Z,5.28
GU28 9LX,SEPD,PSI,1,253157,35,2026-08-23T07:46:23Z,2026-08-23T13:03:14Z,5.28
GU28 9LY,SEPD,PSI,1,253157,35,2026-08-23T07:46:23Z,2026-08-23T13:03:14Z,5.28
GU28 9NB,SEPD,PSI,1,253157,35,2026-08-23T07:46:23Z,2026-08-23T13:03:14Z,5.28
GU28 9ND,SEPD,PSI,1,253157,35,2026-08-23T07:46:23Z,2026-08-23T13:03:14Z,5.28
BN18 0AA,SEPD,HV,2,"TW3720,TW3836",104,2026-08-23T12:11:50Z,2026-08-23T17:55:56Z,5.19
BN18 0AD,SEPD,HV,2,"TW3720,TW3836",104,2026-08-23T12:11:50Z,2026-08-23T17:55:56Z,5.19
BN18 0AG,SEPD,HV,2,"TW3720,TW3836",104,2026-08-23T12:11:50Z,2026-08-23T17:55:56Z,5.19
BN18 9AS,SEPD,HV,2,"TW3720,TW3836",104,2026-08-23T12:11:50Z,2026-08-23T17:55:56Z,5.19
BN18 9AT,SEPD,HV,2,"TW3720,TW3836",104,2026-08-23T12:11:50Z,2026-08-23T17:55:56Z,5.19
BN18 9AU,SEPD,HV,2,"TW3720,TW3836",104,2026-08-23T12:11:50Z,2026-08-23T17:55:56Z,5.19
BN18 9BY,SEPD,HV,2,"TW3720,TW3836",104,2026-08-23T12:11:50Z,2026-08-23T17:55:56Z,5.19
BN18 9LJ,SEPD,HV,2,"TW3720,TW3836",104,2026-08-23T12:11:50Z,2026-08-23T17:55:56Z,5.19
BN18 9LL,SEPD,HV,2,"TW3720,TW3836",104,2026-08-23T12:11:50Z,2026-08-23T17:55:56Z,5.19
BH23 8AG,SEPD,LV,1,TW3576,12,2026-08-23T09:48:02Z,2026-08-23T14:59:28Z,5.19
BH23 8NP,SEPD,LV,1,TW3576,12,2026-08-23T09:48:02Z,2026-08-23T14:59:28Z,5.19
BH23 8NR,SEPD,LV,1,TW3576,12,2026-08-23T09:48:02Z,2026-08-23T14:59:28Z,5.19
AB16 7RF,SHEPD,PSI,1,252802,4,2026-08-26T08:54:10Z,2026-08-26T14:04:13Z,5.17
AB21 9RP,SHEPD,PSI,1,252802,4,2026-08-26T08:54:10Z,2026-08-26T14:04:13Z,5.17
AB41 7TR,SHEPD,PSI,1,253433,45,2026-08-26T08:54:10Z,2026-08-26T14:04:13Z,5.17
AB41 7TS,SHEPD,PSI,1,253433,45,2026-08-26T08:54:10Z,2026-08-26T14:04:13Z,5.17
AB41 7TT,SHEPD,PSI,1,253433,45,2026-08-26T08:54:10Z,2026-08-26T14:04:13Z,5.17
AB41 7TX,SHEPD,PSI,1,253433,45,2026-08-26T08:54:10Z,2026-08-26T14:04:13Z,5.17
AB41 7TY,SHEPD,PSI,1,253433,45,2026-08-26T08:54:10Z,2026-08-26T14:04:13Z,5.17
AB41 7UB,SHEPD,PSI,1,253433,45,2026-08-26T08:54:10Z,2026-08-26T14:04:13Z,5.17
AB41 8PG,SHEPD,PSI,1,253433,45,2026-08-26T08:54:10Z,2026-08-26T14:04:13Z,5.17
AB41 8PH,SHEPD,PSI,1,253433,45,2026-08-26T08:54:10Z,2026-08-26T14:04:13Z,5.17
AB41 8QA,SHEPD,PSI,1,253433,45,2026-08-26T08:54:10Z,2026-08-26T14:04:13Z,5.17
AB41 8QD,SHEPD,PSI,1,253433,45,2026-08-26T08:54:10Z,2026-08-26T14:04:13Z,5.17
AB56 4AG,SHEPD,PSI,1,253136,16,2026-08-26T08:54:10Z,2026-08-26T14:04:13Z,5.17
AB56 4XW,SHEPD,PSI,1,253136,16,2026-08-26T08:54:10Z,2026-08-26T14:04:13Z,5.17
KW1 4RR,SHEPD,PSI,1,254132,35,2026-08-26T08:54:10Z,2026-08-26T14:04:13Z,5.17
KW1 4RX,SHEPD,PSI,1,254132,35,2026-08-26T08:54:10Z,2026-08-26T14:04:13Z,5.17
KW1 4TA,SHEPD,PSI,1,254132,35,2026-08-26T08:54:10Z,2026-08-26T14:04:13Z,5.17
KW1 4TB,SHEPD,PSI,1,254132,35,2026-08-26T08:54:10Z,2026-08-26T14:04:13Z,5.17
OX2 9NL,SEPD,PSI,1,253156,44,2026-08-26T08:54:10Z,2026-08-26T14:04:13Z,5.17
OX2 9TA,SEPD,PSI,1,253156,44,2026-08-26T08:54:10Z,2026-08-26T14:04:13Z,5.17
RG4 9AS,SEPD,PSI,1,253617,38,2026-08-26T08:54:10Z,2026-08-26T14:04:13Z,5.17
RG7,SEPD,PSI,1,253617,38,2026-08-26T08:54:10Z,2026-08-26T14:04:13Z,5.17
RG7 4AT,SEPD,PSI,1,253617,38,2026-08-26T08:54:10Z,2026-08-26T14:04:13Z,5.17
RG7 4BA,SEPD,PSI,1,253617,38,2026-08-26T08:54:10Z,2026-08-26T14:04:13Z,5.17
RG7 4BE,SEPD,PSI,1,253617,38,2026-08-26T08:54:10Z,2026-08-26T14:04:13Z,5.17
RG7 4BH,SEPD,PSI,1,253617,38,2026-08-26T08:54:10Z,2026-08-26T14:04:13Z,5.17
RG7 4BL,SEPD,PSI,1,253617,38,2026-08-26T08:54:10Z,2026-08-26T14:04:13Z,5.17
RG7 4BN,SEPD,PSI,1,253617,38,2026-08-26T08:54:10Z,2026-08-26T14:04:13Z,5.17
RG7 4DY,SEPD,PSI,1,253617,38,2026-08-26T08:54:10Z,2026-08-26T14:04:13Z,5.17
RG7 4GB,SEPD,PSI,1,253617,38,2026-08-26T08:54:10Z,2026-08-26T14:04:13Z,5.17
RG9 4RA,SEPD,PSI,1,253623,13,2026-08-26T08:54:10Z,2026-08-26T14:04:13Z,5.17
RG9 4RB,SEPD,PSI,1,253623,13,2026-08-26T08:54:10Z,2026-08-26T14:04:13Z,5.17
SL1 2EJ,SEPD,PSI,1,252667,2,2026-08-23T08:50:47Z,2026-08-23T14:01:16Z,5.17
SN15 4LP,SEPD,PSI,1,252551,15,2026-08-26T08:54:10Z,2026-08-26T14:04:13Z,5.17
SN15 4LR,SEPD,PSI,1,252551,15,2026-08-26T08:54:10Z,2026-08-26T14:04:13Z,5.17
SN15 4LS,SEPD,PSI,1,252551,15,2026-08-26T08:54:10Z,2026-08-26T14:04:13Z,5.17
SN15 4LW,SEPD,PSI,1,252551,15,2026-08-26T08:54:10Z,2026-08-26T14:04:13Z,5.17
GU10 5PT,SEPD,HV,1,TW5351,545,2026-08-24T18:58:19Z,2026-08-24T23:57:13Z,4.98
DT2 9NL,SEPD,"PSI,HV",2,"252898,TW4104",630,2026-08-23T07:46:23Z,2026-08-23T19:51:29Z,4.73
DT2 9NW,SEPD,"PSI,HV",2,"252898,TW4104",630,2026-08-23T07:46:23Z,2026-08-23T19:51:29Z,4.73
PO20 7PE,SEPD,LV,2,"TX1888,TX2046",12,2026-08-29T13:24:25Z,2026-08-29T22:02:58Z,4.7
BH24 3DA,SEPD,HV,1,TX2316,65,2026-08-29T17:20:44Z,2026-08-29T22:02:58Z,4.7
BH24 3DB,SEPD,HV,1,TX2316,65,2026-08-29T17:20:44Z,2026-08-29T22:02:58Z,4.7
BH24 3DD,SEPD,HV,1,TX2316,65,2026-08-29T17:20:44Z,2026-08-29T22:02:58Z,4.7
BH24 3DE,SEPD,HV,1,TX2316,65,2026-08-29T17:20:44Z,2026-08-29T22:02:58Z,4.7
BH24 3DF,SEPD,HV,1,TX2316,65,2026-08-29T17:20:44Z,2026-08-29T22:02:58Z,4.7
BH24 3DG,SEPD,HV,1,TX2316,65,2026-08-29T17:20:44Z,2026-08-29T22:02:58Z,4.7
BH24 3DH,SEPD,HV,1,TX2316,65,2026-08-29T17:20:44Z,2026-08-29T22:02:58Z,4.7
BH24 3DQ,SEPD,HV,1,TX2316,65,2026-08-29T17:20:44Z,2026-08-29T22:02:58Z,4.7
BH24 3ES,SEPD,HV,1,TX2316,65,2026-08-29T17:20:44Z,2026-08-29T22:02:58Z,4.7
BH24 3FB,SEPD,HV,1,TX2316,65,2026-08-29T17:20:44Z,2026-08-29T22:02:58Z,4.7
GU29 9LU,SEPD,"PSI,LV",2,"253216,TW7453",162,2026-08-26T08:54:10Z,2026-08-26T12:02:26Z,4.62
SN10 1AQ,SEPD,LV,1,TW4387,45,2026-08-24T09:25:27Z,2026-08-24T14:01:18Z,4.6
SN10 1BA,SEPD,LV,1,TW4387,45,2026-08-24T09:25:27Z,2026-08-24T14:01:18Z,4.6
SN10 1DA,SEPD,LV,1,TW4387,45,2026-08-24T09:25:27Z,2026-08-24T14:01:18Z,4.6
SN10 1DE,SEPD,LV,1,TW4387,45,2026-08-24T09:25:27Z,2026-08-24T14:01:18Z,4.6
SN10 1DY,SEPD,LV,1,TW4387,45,2026-08-24T09:25:27Z,2026-08-24T14:01:18Z,4.6
SN10 1FH,SEPD,LV,1,TW4387,45,2026-08-24T09:25:27Z,2026-08-24T14:01:18Z,4.6
SN10 1HN,SEPD,LV,1,TW4387,45,2026-08-24T09:25:27Z,2026-08-24T14:01:18Z,4.6
SN10 1HT,SEPD,LV,1,TW4387,45,2026-08-24T09:25:27Z,2026-08-24T14:01:18Z,4.6
SN10 1JJ,SEPD,LV,1,TW4387,45,2026-08-24T09:25:27Z,2026-08-24T14:01:18Z,4.6
SN10 1JL,SEPD,LV,1,TW4387,45,2026-08-24T09:25:27Z,2026-08-24T14:01:18Z,4.6
SN10 1JN,SEPD,LV,1,TW4387,45,2026-08-24T09:25:27Z,2026-08-24T14:01:18Z,4.6
SN10 1JP,SEPD,LV,1,TW4387,45,2026-08-24T09:25:27Z,2026-08-24T14:01:18Z,4.6
SN10 1JQ,SEPD,LV,1,TW4387,45,2026-08-24T09:25:27Z,2026-08-24T14:01:18Z,4.6
SN10 1JR,SEPD,LV,1,TW4387,45,2026-08-24T09:25:27Z,2026-08-24T14:01:18Z,4.6
SN10 1JS,SEPD,LV,1,TW4387,45,2026-08-24T09:25:27Z,2026-08-24T14:01:18Z,4.6
SN10 1JT,SEPD,LV,1,TW4387,45,2026-08-24T09:25:27Z,2026-08-24T14:01:18Z,4.6
SN10 1JW,SEPD,LV,1,TW4387,45,2026-08-24T09:25:27Z,2026-08-24T14:01:18Z,4.6
SN10 1JX,SEPD,LV,1,TW4387,45,2026-08-24T09:25:27Z,2026-08-24T14:01:18Z,4.6
SN10 1JY,SEPD,LV,1,TW4387,45,2026-08-24T09:25:27Z,2026-08-24T14:01:18Z,4.6
SN10 1LB,SEPD,LV,1,TW4387,45,2026-08-24T09:25:27Z,2026-08-24T14:01:18Z,4.6
GU7 3AA,SEPD,PSI,1,252472,76,2026-08-25T08:52:20Z,2026-08-25T13:23:21Z,4.52
GU7 3AB,SEPD,PSI,1,252472,76,2026-08-25T08:52:20Z,2026-08-25T13:23:21Z,4.52
GU7 3AE,SEPD,PSI,1,252472,76,2026-08-25T08:52:20Z,2026-08-25T13:23:21Z,4.52
GU7 3AF,SEPD,PSI,1,252472,76,2026-08-25T08:52:20Z,2026-08-25T13:23:21Z,4.52
GU7 3AP,SEPD,PSI,1,252472,76,2026-08-25T08:52:20Z,2026-08-25T13:23:21Z,4.52
OX25 4SL,SEPD,PSI,1,253805,41,2026-08-25T08:52:20Z,2026-08-25T13:23:21Z,4.52
OX25 4SN,SEPD,PSI,1,253805,41,2026-08-25T08:52:20Z,2026-08-25T13:23:21Z,4.52
OX25 4ST,SEPD,PSI,1,253805,41,2026-08-25T08:52:20Z,2026-08-25T13:23:21Z,4.52
OX11 8HA,SEPD,PSI,2,"254062,254065",8,2026-08-24T10:19:04Z,2026-08-25T10:44:56Z,4.5
BA22 8EP,SEPD,PSI,1,254196,35,2026-08-23T07:46:23Z,2026-08-23T12:11:50Z,4.42
BA22 8ER,SEPD,PSI,1,254196,35,2026-08-23T07:46:23Z,2026-08-23T12:11:50Z,4.42
BA22 8PR,SEPD,PSI,1,254196,35,2026-08-23T07:46:23Z,2026-08-23T12:11:50Z,4.42
BA22 8RD,SEPD,PSI,1,254196,35,2026-08-23T07:46:23Z,2026-08-23T12:11:50Z,4.42
BA22 8RG,SEPD,PSI,1,254196,35,2026-08-23T07:46:23Z,2026-08-23T12:11:50Z,4.42
DT2 9NB,SEPD,PSI,1,252898,109,2026-08-23T07:46:23Z,2026-08-23T12:11:50Z,4.42
DT2 9ND,SEPD,PSI,1,252898,109,2026-08-23T07:46:23Z,2026-08-23T12:11:50Z,4.42
DT2 9NE,SEPD,PSI,1,252898,109,2026-08-23T07:46:23Z,2026-08-23T12:11:50Z,4.42
DT2 9NN,SEPD,PSI,1,252898,109,2026-08-23T07:46:23Z,2026-08-23T12:11:50Z,4.42
DT2 9PL,SEPD,PSI,1,252898,109,2026-08-23T07:46:23Z,2026-08-23T12:11:50Z,4.42
DT2 9TJ,SEPD,PSI,1,252898,109,2026-08-23T07:46:23Z,2026-08-23T12:11:50Z,4.42
DT2 9TZ,SEPD,PSI,1,252898,109,2026-08-23T07:46:23Z,2026-08-23T12:11:50Z,4.42
BA15 1HY,SEPD,LV,1,TX2523,15,2026-08-29T19:50:16Z,2026-08-30T00:13:24Z,4.39
BA15 1HZ,SEPD,LV,1,TX2523,15,2026-08-29T19:50:16Z,2026-08-30T00:13:24Z,4.39
BA15 1JA,SEPD,LV,1,TX2523,15,2026-08-29T19:50:16Z,2026-08-30T00:13:24Z,4.39
BA15 1JB,SEPD,LV,1,TX2523,15,2026-08-29T19:50:16Z,2026-08-30T00:13:24Z,4.39
BA15 1JG,SEPD,LV,1,TX2523,15,2026-08-29T19:50:16Z,2026-08-30T00:13:24Z,4.39
RG7 3DA,SEPD,LV,1,TX2623,15,2026-08-29T19:50:16Z,2026-08-30T00:13:24Z,4.39
RG7 3DB,SEPD,LV,1,TX2623,15,2026-08-29T19:50:16Z,2026-08-30T00:13:24Z,4.39
RG7 3DD,SEPD,LV,1,TX2623,15,2026-08-29T19:50:16Z,2026-08-30T00:13:24Z,4.39
RG7 3DR,SEPD,LV,1,TX2623,15,2026-08-29T19:50:16Z,2026-08-30T00:13:24Z,4.39
RG7 3DY,SEPD,LV,1,TX2623,15,2026-08-29T19:50:16Z,2026-08-30T00:13:24Z,4.39
RG7 3DZ,SEPD,LV,1,TX2623,15,2026-08-29T19:50:16Z,2026-08-30T00:13:24Z,4.39
RG7 3ED,SEPD,LV,1,TX2623,15,2026-08-29T19:50:16Z,2026-08-30T00:13:24Z,4.39
KW1 4YR,SHEPD,LV,1,TW5804,11,2026-08-25T10:44:56Z,2026-08-25T15:06:54Z,4.37
BA8 0RG,SEPD,LV,1,TW5355,8,2026-08-24T19:36:01Z,2026-08-24T23:57:13Z,4.35
BA8 0RQ,SEPD,LV,1,TW5355,8,2026-08-24T19:36:01Z,2026-08-24T23:57:13Z,4.35
BA8 0SA,SEPD,LV,1,TW5355,8,2026-08-24T19:36:01Z,2026-08-24T23:57:13Z,4.35
BA8 0SB,SEPD,LV,1,TW5355,8,2026-08-24T19:36:01Z,2026-08-24T23:57:13Z,4.35
BA8 0SD,SEPD,LV,1,TW5355,8,2026-08-24T19:36:01Z,2026-08-24T23:57:13Z,4.35
PO18 0PN,SEPD,PSI,1,253745,8,2026-08-24T07:40:24Z,2026-08-24T12:00:58Z,4.34
PO18 0PP,SEPD,PSI,1,253745,8,2026-08-24T07:40:24Z,2026-08-24T12:00:58Z,4.34
PO18 0PW,SEPD,PSI,1,253745,8,2026-08-24T07:40:24Z,2026-08-24T12:00:58Z,4.34
BN18 9AA,SEPD,"HV,LV",2,"TW3720,TW7898",71,2026-08-23T12:11:50Z,2026-08-26T14:04:13Z,4.27
BN18 9AB,SEPD,"HV,LV",2,"TW3720,TW7898",71,2026-08-23T12:11:50Z,2026-08-26T14:04:13Z,4.27
BN18 9AD,SEPD,"HV,LV",2,"TW3720,TW7898",71,2026-08-23T12:11:50Z,2026-08-26T14:04:13Z,4.27
BN18 9AG,SEPD,"HV,LV",2,"TW3720,TW7898",71,2026-08-23T12:11:50Z,2026-08-26T14:04:13Z,4.27
BN18 9DF,SEPD,"HV,LV",2,"TW3720,TW7898",71,2026-08-23T12:11:50Z,2026-08-26T14:04:13Z,4.27
BN18 9DH,SEPD,"HV,LV",2,"TW3720,TW7898",71,2026-08-23T12:11:50Z,2026-08-26T14:04:13Z,4.27
BN18 9JW,SEPD,"HV,LV",2,"TW3720,TW7898",71,2026-08-23T12:11:50Z,2026-08-26T14:04:13Z,4.27
BH20 4PS,SEPD,LV,1,TW7824,15,2026-08-26T11:37:21Z,2026-08-26T15:51:54Z,4.24
BH20 4PT,SEPD,LV,1,TW7824,15,2026-08-26T11:37:21Z,2026-08-26T15:51:54Z,4.24
BH20 4PY,SEPD,LV,1,TW7824,15,2026-08-26T11:37:21Z,2026-08-26T15:51:54Z,4.24
BH20 4QA,SEPD,LV,1,TW7824,15,2026-08-26T11:37:21Z,2026-08-26T15:51:54Z,4.24
IV30 5SR,SHEPD,HV,1,TW6785,647,2026-08-25T15:58:35Z,2026-08-25T20:12:10Z,4.23
IV30 5SS,SHEPD,HV,1,TW6785,647,2026-08-25T15:58:35Z,2026-08-25T20:12:10Z,4.23
IV30 5SU,SHEPD,HV,1,TW6785,647,2026-08-25T15:58:35Z,2026-08-25T20:12:10Z,4.23
IV30 5SW,SHEPD,HV,1,TW6785,647,2026-08-25T15:58:35Z,2026-08-25T20:12:10Z,4.23
IV30 5TD,SHEPD,HV,1,TW6785,647,2026-08-25T15:58:35Z,2026-08-25T20:12:10Z,4.23
IV30 5TN,SHEPD,HV,1,TW6785,647,2026-08-25T15:58:35Z,2026-08-25T20:12:10Z,4.23
IV30 5TP,SHEPD,HV,1,TW6785,647,2026-08-25T15:58:35Z,2026-08-25T20:12:10Z,4.23
BH21 3RJ,SEPD,"PSI,LV",2,"254008,TW8982",15,2026-08-23T08:50:47Z,2026-08-27T20:44:46Z,4.21
BH21 3QZ,SEPD,PSI,1,254008,8,2026-08-23T08:50:47Z,2026-08-23T13:03:14Z,4.21
PH21 1NH,SHEPD,PSI,1,253572,25,2026-08-25T10:03:09Z,2026-08-25T14:11:56Z,4.15
PH21 1NX,SHEPD,PSI,1,253572,25,2026-08-25T10:03:09Z,2026-08-25T14:11:56Z,4.15
OX11 8HD,SEPD,PSI,1,254066,8,2026-08-26T07:54:01Z,2026-08-26T12:02:26Z,4.14
DT1 2RD,SEPD,LV,1,TX1679,8,2026-08-29T13:24:25Z,2026-08-29T17:20:44Z,3.94
DT1 2RE,SEPD,LV,1,TX1679,8,2026-08-29T13:24:25Z,2026-08-29T17:20:44Z,3.94
DT1 2RG,SEPD,LV,1,TX1679,8,2026-08-29T13:24:25Z,2026-08-29T17:20:44Z,3.94
SN5 0AL,SEPD,LV,1,TX1766,2,2026-08-29T13:24:25Z,2026-08-29T17:20:44Z,3.94
GU10 5AS,SEPD,HV,1,TW5351,545,2026-08-24T20:01:57Z,2026-08-24T23:57:13Z,3.92
GU10 5HJ,SEPD,HV,1,TW5351,545,2026-08-24T20:01:57Z,2026-08-24T23:57:13Z,3.92
GU10 5NT,SEPD,HV,1,TW5351,545,2026-08-24T20:01:57Z,2026-08-24T23:57:13Z,3.92
GU10 5NU,SEPD,HV,1,TW5351,545,2026-08-24T20:01:57Z,2026-08-24T23:57:13Z,3.92
GU10 5NX,SEPD,HV,1,TW5351,545,2026-08-24T20:01:57Z,2026-08-24T23:57:13Z,3.92
GU10 5NY,SEPD,HV,1,TW5351,545,2026-08-24T20:01:57Z,2026-08-24T23:57:13Z,3.92
GU10 5PD,SEPD,HV,1,TW5351,545,2026-08-24T20:01:57Z,2026-08-24T23:57:13Z,3.92
GU10 5PG,SEPD,HV,1,TW5351,545,2026-08-24T20:01:57Z,2026-08-24T23:57:13Z,3.92
GU10 5PH,SEPD,HV,1,TW5351,545,2026-08-24T20:01:57Z,2026-08-24T23:57:13Z,3.92
GU10 5PJ,SEPD,HV,1,TW5351,545,2026-08-24T20:01:57Z,2026-08-24T23:57:13Z,3.92
GU10 5PL,SEPD,HV,1,TW5351,545,2026-08-24T20:01:57Z,2026-08-24T23:57:13Z,3.92
GU10 5PN,SEPD,HV,1,TW5351,545,2026-08-24T20:01:57Z,2026-08-24T23:57:13Z,3.92
GU10 5PP,SEPD,HV,1,TW5351,545,2026-08-24T20:01:57Z,2026-08-24T23:57:13Z,3.92
GU10 5PQ,SEPD,HV,1,TW5351,545,2026-08-24T20:01:57Z,2026-08-24T23:57:13Z,3.92
GU10 5PR,SEPD,HV,1,TW5351,545,2026-08-24T20:01:57Z,2026-08-24T23:57:13Z,3.92
GU10 5PS,SEPD,HV,1,TW5351,545,2026-08-24T20:01:57Z,2026-08-24T23:57:13Z,3.92
GU10 5PU,SEPD,HV,1,TW5351,545,2026-08-24T20:01:57Z,2026-08-24T23:57:13Z,3.92
GU10 5PW,SEPD,HV,1,TW5351,545,2026-08-24T20:01:57Z,2026-08-24T23:57:13Z,3.92
GU10 5PX,SEPD,HV,1,TW5351,545,2026-08-24T20:01:57Z,2026-08-24T23:57:13Z,3.92
GU10 5PY,SEPD,HV,1,TW5351,545,2026-08-24T20:01:57Z,2026-08-24T23:57:13Z,3.92
GU10 5QA,SEPD,HV,1,TW5351,545,2026-08-24T20:01:57Z,2026-08-24T23:57:13Z,3.92
GU10 5QB,SEPD,HV,1,TW5351,545,2026-08-24T20:01:57Z,2026-08-24T23:57:13Z,3.92
GU10 5QD,SEPD,HV,1,TW5351,545,2026-08-24T20:01:57Z,2026-08-24T23:57:13Z,3.92
GU10 5QE,SEPD,HV,1,TW5351,545,2026-08-24T20:01:57Z,2026-08-24T23:57:13Z,3.92
GU10 5QF,SEPD,HV,1,TW5351,545,2026-08-24T20:01:57Z,2026-08-24T23:57:13Z,3.92
GU10 5QG,SEPD,HV,1,TW5351,545,2026-08-24T20:01:57Z,2026-08-24T23:57:13Z,3.92
GU10 5QH,SEPD,HV,1,TW5351,545,2026-08-24T20:01:57Z,2026-08-24T23:57:13Z,3.92
GU10 5QL,SEPD,HV,1,TW5351,545,2026-08-24T20:01:57Z,2026-08-24T23:57:13Z,3.92
GU10 5QP,SEPD,HV,1,TW5351,545,2026-08-24T20:01:57Z,2026-08-24T23:57:13Z,3.92
GU10 5QQ,SEPD,HV,1,TW5351,545,2026-08-24T20:01:57Z,2026-08-24T23:57:13Z,3.92
GU10 5QR,SEPD,HV,1,TW5351,545,2026-08-24T20:01:57Z,2026-08-24T23:57:13Z,3.92
GU10 5QS,SEPD,HV,1,TW5351,545,2026-08-24T20:01:57Z,2026-08-24T23:57:13Z,3.92
GU10 5QT,SEPD,HV,1,TW5351,545,2026-08-24T20:01:57Z,2026-08-24T23:57:13Z,3.92
GU10 5QU,SEPD,HV,1,TW5351,545,2026-08-24T20:01:57Z,2026-08-24T23:57:13Z,3.92
GU10 5QX,SEPD,HV,1,TW5351,545,2026-08-24T20:01:57Z,2026-08-24T23:57:13Z,3.92
GU10 5QY,SEPD,HV,1,TW5351,545,2026-08-24T20:01:57Z,2026-08-24T23:57:13Z,3.92
GU10 5QZ,SEPD,HV,1,TW5351,545,2026-08-24T20:01:57Z,2026-08-24T23:57:13Z,3.92
GU10 5RA,SEPD,HV,1,TW5351,545,2026-08-24T20:01:57Z,2026-08-24T23:57:13Z,3.92
GU10 5RB,SEPD,HV,1,TW5351,545,2026-08-24T20:01:57Z,2026-08-24T23:57:13Z,3.92
GU10 5RD,SEPD,HV,1,TW5351,545,2026-08-24T20:01:57Z,2026-08-24T23:57:13Z,3.92
GU10 5RE,SEPD,HV,1,TW5351,545,2026-08-24T20:01:57Z,2026-08-24T23:57:13Z,3.92
GU10 5RF,SEPD,HV,1,TW5351,545,2026-08-24T20:01:57Z,2026-08-24T23:57:13Z,3.92
GU10 5RG,SEPD,HV,1,TW5351,545,2026-08-24T20:01:57Z,2026-08-24T23:57:13Z,3.92
GU10 5RY,SEPD,HV,1,TW5351,545,2026-08-24T20:01:57Z,2026-08-24T23:57:13Z,3.92
GU10 5TP,SEPD,HV,1,TW5351,545,2026-08-24T20:01:57Z,2026-08-24T23:57:13Z,3.92
OX44 7HX,SEPD,HV,1,TW6914,186,2026-08-25T17:50:54Z,2026-08-25T21:46:15Z,3.92
OX44 7HY,SEPD,HV,1,TW6914,186,2026-08-25T17:50:54Z,2026-08-25T21:46:15Z,3.92
OX44 7HZ,SEPD,HV,1,TW6914,186,2026-08-25T17:50:54Z,2026-08-25T21:46:15Z,3.92
OX44 7JA,SEPD,HV,1,TW6914,186,2026-08-25T17:50:54Z,2026-08-25T21:46:15Z,3.92
OX44 7JD,SEPD,HV,1,TW6914,186,2026-08-25T17:50:54Z,2026-08-25T21:46:15Z,3.92
OX44 7NE,SEPD,HV,1,TW6914,186,2026-08-25T17:50:54Z,2026-08-25T21:46:15Z,3.92
OX44 7NF,SEPD,HV,1,TW6914,186,2026-08-25T17:50:54Z,2026-08-25T21:46:15Z,3.92
OX44 7NP,SEPD,HV,1,TW6914,186,2026-08-25T17:50:54Z,2026-08-25T21:46:15Z,3.92
OX44 7NT,SEPD,HV,1,TW6914,186,2026-08-25T17:50:54Z,2026-08-25T21:46:15Z,3.92
OX44 7NX,SEPD,HV,1,TW6914,186,2026-08-25T17:50:54Z,2026-08-25T21:46:15Z,3.92
OX44 7NY,SEPD,HV,1,TW6914,186,2026-08-25T17:50:54Z,2026-08-25T21:46:15Z,3.92
OX44 7NZ,SEPD,HV,1,TW6914,186,2026-08-25T17:50:54Z,2026-08-25T21:46:15Z,3.92
OX44 7PJ,SEPD,HV,1,TW6914,186,2026-08-25T17:50:54Z,2026-08-25T21:46:15Z,3.92
OX44 7PL,SEPD,HV,1,TW6914,186,2026-08-25T17:50:54Z,2026-08-25T21:46:15Z,3.92
OX44 7UB,SEPD,HV,1,TW6914,186,2026-08-25T17:50:54Z,2026-08-25T21:46:15Z,3.92
RG29 1FW,SEPD,HV,1,TW5351,545,2026-08-24T20:01:57Z,2026-08-24T23:57:13Z,3.92
RG29 1HT,SEPD,HV,1,TW5351,545,2026-08-24T20:01:57Z,2026-08-24T23:57:13Z,3.92
RG29 1HU,SEPD,HV,1,TW5351,545,2026-08-24T20:01:57Z,2026-08-24T23:57:13Z,3.92
RG29 1JE,SEPD,HV,1,TW5351,545,2026-08-24T20:01:57Z,2026-08-24T23:57:13Z,3.92
RG29 1TL,SEPD,HV,1,TW5351,545,2026-08-24T20:01:57Z,2026-08-24T23:57:13Z,3.92
UB1 1RR,SEPD,LV,1,TW4163,15,2026-08-23T23:28:41Z,2026-08-24T03:15:38Z,3.78
UB1 1RT,SEPD,LV,1,TW4163,15,2026-08-23T23:28:41Z,2026-08-24T03:15:38Z,3.78
BH16 6HL,SEPD,PSI,1,253724,3,2026-08-24T09:25:27Z,2026-08-24T13:06:56Z,3.69
PO19 1DP,SEPD,LV,1,TW4386,25,2026-08-24T14:01:18Z,2026-08-24T17:39:09Z,3.63
PO19 1DS,SEPD,LV,1,TW4386,25,2026-08-24T14:01:18Z,2026-08-24T17:39:09Z,3.63
PO19 1EL,SEPD,LV,1,TW4386,25,2026-08-24T14:01:18Z,2026-08-24T17:39:09Z,3.63
PO19 1ES,SEPD,LV,1,TW4386,25,2026-08-24T14:01:18Z,2026-08-24T17:39:09Z,3.63
PO19 1JU,SEPD,LV,1,TW4386,25,2026-08-24T14:01:18Z,2026-08-24T17:39:09Z,3.63
PO19 1PJ,SEPD,LV,1,TW4386,25,2026-08-24T14:01:18Z,2026-08-24T17:39:09Z,3.63
PO19 1SP,SEPD,LV,1,TW4386,25,2026-08-24T14:01:18Z,2026-08-24T17:39:09Z,3.63
PO19 1SR,SEPD,LV,1,TW4386,25,2026-08-24T14:01:18Z,2026-08-24T17:39:09Z,3.63
PO19 1SS,SEPD,LV,1,TW4386,25,2026-08-24T14:01:18Z,2026-08-24T17:39:09Z,3.63
PO19 1SW,SEPD,LV,1,TW4386,25,2026-08-24T14:01:18Z,2026-08-24T17:39:09Z,3.63
PO19 1SX,SEPD,LV,1,TW4386,25,2026-08-24T14:01:18Z,2026-08-24T17:39:09Z,3.63
PO19 1SY,SEPD,LV,1,TW4386,25,2026-08-24T14:01:18Z,2026-08-24T17:39:09Z,3.63
PO19 1YE,SEPD,LV,1,TW4386,25,2026-08-24T14:01:18Z,2026-08-24T17:39:09Z,3.63
PO19 8DJ,SEPD,LV,1,TW4386,25,2026-08-24T14:01:18Z,2026-08-24T17:39:09Z,3.63
PO19 8DU,SEPD,LV,1,TW4386,25,2026-08-24T14:01:18Z,2026-08-24T17:39:09Z,3.63
PO19 8PU,SEPD,LV,1,TW4386,25,2026-08-24T14:01:18Z,2026-08-24T17:39:09Z,3.63
PO19 8PX,SEPD,LV,1,TW4386,25,2026-08-24T14:01:18Z,2026-08-24T17:39:09Z,3.63
PO19 8PY,SEPD,LV,1,TW4386,25,2026-08-24T14:01:18Z,2026-08-24T17:39:09Z,3.63
PO20 7DJ,SEPD,LV,1,TW4386,25,2026-08-24T14:01:18Z,2026-08-24T17:39:09Z,3.63
SP4 0BT,SEPD,PSI,1,253756,2,2026-08-24T08:26:34Z,2026-08-24T12:00:58Z,3.57
SP5 2DQ,SEPD,PSI,1,253227,19,2026-08-24T08:26:34Z,2026-08-24T12:00:58Z,3.57
SP6 2DB,SEPD,PSI,1,253227,19,2026-08-24T08:26:34Z,2026-08-24T12:00:58Z,3.57
SP6 2DG,SEPD,PSI,1,253227,19,2026-08-24T08:26:34Z,2026-08-24T12:00:58Z,3.57
SP6 2DQ,SEPD,PSI,1,253227,19,2026-08-24T08:26:34Z,2026-08-24T12:00:58Z,3.57
SP6 2EJ,SEPD,PSI,1,253227,19,2026-08-24T08:26:34Z,2026-08-24T12:00:58Z,3.57
UB4 9NS,SEPD,LV,3,"TW5863,TW6137,TW6145",110,2026-08-25T08:52:20Z,2026-08-25T12:18:45Z,3.44
UB4 9PB,SEPD,LV,2,"TW5863,TW6145",52,2026-08-25T08:52:20Z,2026-08-25T12:18:45Z,3.44
UB4 9PD,SEPD,LV,2,"TW5863,TW6145",52,2026-08-25T08:52:20Z,2026-08-25T12:18:45Z,3.44
UB4 9PE,SEPD,LV,2,"TW5863,TW6145",52,2026-08-25T08:52:20Z,2026-08-25T12:18:45Z,3.44
UB4 9PF,SEPD,LV,2,"TW5863,TW6145",52,2026-08-25T08:52:20Z,2026-08-25T12:18:45Z,3.44
UB4 9PG,SEPD,LV,2,"TW5863,TW6145",52,2026-08-25T08:52:20Z,2026-08-25T12:18:45Z,3.44
UB4 9PJ,SEPD,LV,2,"TW5863,TW6145",52,2026-08-25T08:52:20Z,2026-08-25T12:18:45Z,3.44
UB4 9PL,SEPD,LV,2,"TW5863,TW6145",52,2026-08-25T08:52:20Z,2026-08-25T12:18:45Z,3.44
UB4 9PN,SEPD,LV,2,"TW5863,TW6145",52,2026-08-25T08:52:20Z,2026-08-25T12:18:45Z,3.44
UB4 9QB,SEPD,LV,2,"TW5863,TW6145",52,2026-08-25T08:52:20Z,2026-08-25T12:18:45Z,3.44
AB41 8TZ,SHEPD,PSI,1,253272,21,2026-08-25T08:52:20Z,2026-08-25T12:18:45Z,3.44
AB42 5RE,SHEPD,PSI,1,253272,21,2026-08-25T08:52:20Z,2026-08-25T12:18:45Z,3.44
AB42 5RF,SHEPD,PSI,1,253272,21,2026-08-25T08:52:20Z,2026-08-25T12:18:45Z,3.44
AB42 5RS,SHEPD,PSI,1,253272,21,2026-08-25T08:52:20Z,2026-08-25T12:18:45Z,3.44
AB42 5SD,SHEPD,PSI,1,253272,21,2026-08-25T08:52:20Z,2026-08-25T12:18:45Z,3.44
IV4 7JJ,SHEPD,PSI,1,253682,8,2026-08-25T08:52:20Z,2026-08-25T12:18:45Z,3.44
PA38 4DE,SHEPD,PSI,1,253563,14,2026-08-25T08:52:20Z,2026-08-25T12:18:45Z,3.44
RG18 0UE,SEPD,PSI,1,254310,4,2026-08-25T08:52:20Z,2026-08-25T12:18:45Z,3.44
RG18 0UN,SEPD,PSI,1,254310,4,2026-08-25T08:52:20Z,2026-08-25T12:18:45Z,3.44
SN11 9JB,SEPD,PSI,1,253429,3,2026-08-25T08:52:20Z,2026-08-25T12:18:45Z,3.44
SN11 9PJ,SEPD,PSI,1,253994,87,2026-08-25T08:52:20Z,2026-08-25T12:18:45Z,3.44
SN14 6NP,SEPD,PSI,1,253782,20,2026-08-25T08:52:20Z,2026-08-25T12:18:45Z,3.44
SN14 6NR,SEPD,PSI,1,253782,20,2026-08-25T08:52:20Z,2026-08-25T12:18:45Z,3.44
SN15 3DE,SEPD,PSI,1,253994,87,2026-08-25T08:52:20Z,2026-08-25T12:18:45Z,3.44
SN15 3RP,SEPD,PSI,1,253994,87,2026-08-25T08:52:20Z,2026-08-25T12:18:45Z,3.44
SN15 3RR,SEPD,PSI,1,253994,87,2026-08-25T08:52:20Z,2026-08-25T12:18:45Z,3.44
SN15 3RS,SEPD,PSI,1,253994,87,2026-08-25T08:52:20Z,2026-08-25T12:18:45Z,3.44
SN15 3RT,SEPD,PSI,1,253994,87,2026-08-25T08:52:20Z,2026-08-25T12:18:45Z,3.44
SN15 3RU,SEPD,PSI,1,253994,87,2026-08-25T08:52:20Z,2026-08-25T12:18:45Z,3.44
SN15 3RW,SEPD,PSI,1,253994,87,2026-08-25T08:52:20Z,2026-08-25T12:18:45Z,3.44
SN15 3RX,SEPD,PSI,1,253994,87,2026-08-25T08:52:20Z,2026-08-25T12:18:45Z,3.44
SN15 3XB,SEPD,PSI,1,253994,87,2026-08-25T08:52:20Z,2026-08-25T12:18:45Z,3.44
SP11 7AU,SEPD,PSI,1,253995,32,2026-08-25T08:52:20Z,2026-08-25T12:18:45Z,3.44
SP11 7DS,SEPD,PSI,1,253995,32,2026-08-25T08:52:20Z,2026-08-25T12:18:45Z,3.44
SP11 7DW,SEPD,PSI,1,253995,32,2026-08-25T08:52:20Z,2026-08-25T12:18:45Z,3.44
RG6 1HG,SEPD,HV,1,TW6860,131,2026-08-25T16:47:37Z,2026-08-25T20:12:10Z,3.41
RG6 1HS,SEPD,HV,1,TW6860,131,2026-08-25T16:47:37Z,2026-08-25T20:12:10Z,3.41
SP10 1AB,SEPD,LV,1,TW6855,17,2026-08-25T16:47:37Z,2026-08-25T20:12:10Z,3.41
SP10 1BE,SEPD,LV,1,TW6855,17,2026-08-25T16:47:37Z,2026-08-25T20:12:10Z,3.41
SP10 1BG,SEPD,LV,1,TW6855,17,2026-08-25T16:47:37Z,2026-08-25T20:12:10Z,3.41
SP10 1BH,SEPD,LV,1,TW6855,17,2026-08-25T16:47:37Z,2026-08-25T20:12:10Z,3.41
SP10 1BJ,SEPD,LV,1,TW6855,17,2026-08-25T16:47:37Z,2026-08-25T20:12:10Z,3.41
SP10 1BL,SEPD,LV,1,TW6855,17,2026-08-25T16:47:37Z,2026-08-25T20:12:10Z,3.41
SP10 1BN,SEPD,LV,1,TW6855,17,2026-08-25T16:47:37Z,2026-08-25T20:12:10Z,3.41
SP10 1BW,SEPD,LV,1,TW6855,17,2026-08-25T16:47:37Z,2026-08-25T20:12:10Z,3.41
SP10 2BN,SEPD,LV,1,TW6855,17,2026-08-25T16:47:37Z,2026-08-25T20:12:10Z,3.41
DD3 7LB,SHEPD,LV,1,TW3374,52,2026-08-23T08:50:47Z,2026-08-23T12:11:50Z,3.35
DD3 7LX,SHEPD,LV,1,TW3374,52,2026-08-23T08:50:47Z,2026-08-23T12:11:50Z,3.35
RG6 5GN,SEPD,LV,3,"TW4053,TW5442,TX0235",53,2026-08-23T21:29:27Z,2026-08-28T04:56:18Z,3.29
RG6 5GR,SEPD,LV,3,"TW4053,TW5442,TX0235",53,2026-08-23T21:29:27Z,2026-08-28T04:56:18Z,3.29
RG6 5GH,SEPD,LV,2,"TW4053,TW5442",36,2026-08-23T21:29:27Z,2026-08-24T23:57:13Z,3.29
RG6 5GJ,SEPD,LV,2,"TW4053,TW5442",36,2026-08-23T21:29:27Z,2026-08-24T23:57:13Z,3.29
RG6 5GL,SEPD,LV,2,"TW4053,TW5442",36,2026-08-23T21:29:27Z,2026-08-24T23:57:13Z,3.29
SO31 8BY,SEPD,PSI,1,254326,3,2026-08-23T09:48:02Z,2026-08-23T13:03:14Z,3.25
SO31 8DG,SEPD,PSI,1,254326,3,2026-08-23T09:48:02Z,2026-08-23T13:03:14Z,3.25
SP10 5AN,SEPD,PSI,1,253776,2,2026-08-23T07:46:23Z,2026-08-23T10:58:38Z,3.2
OX14 3NF,SEPD,HV,1,TW4385,78,2026-08-24T08:26:34Z,2026-08-24T11:36:16Z,3.16
OX14 3NS,SEPD,HV,1,TW4385,78,2026-08-24T08:26:34Z,2026-08-24T11:36:16Z,3.16
G63 9AX,SHEPD,PSI,1,253436,30,2026-08-26T08:54:10Z,2026-08-26T12:02:26Z,3.14
G63 9BB,SHEPD,PSI,1,253436,30,2026-08-26T08:54:10Z,2026-08-26T12:02:26Z,3.14
GL54 3PH,SEPD,PSI,1,253612,34,2026-08-26T08:54:10Z,2026-08-26T12:02:26Z,3.14
GL54 3PJ,SEPD,PSI,1,253612,34,2026-08-26T08:54:10Z,2026-08-26T12:02:26Z,3.14
GL54 3PL,SEPD,PSI,1,253612,34,2026-08-26T08:54:10Z,2026-08-26T12:02:26Z,3.14
GL54 3PN,SEPD,PSI,1,253612,34,2026-08-26T08:54:10Z,2026-08-26T12:02:26Z,3.14
GU29 9FL,SEPD,PSI,1,253216,149,2026-08-26T08:54:10Z,2026-08-26T12:02:26Z,3.14
GU29 9GB,SEPD,PSI,1,253216,149,2026-08-26T08:54:10Z,2026-08-26T12:02:26Z,3.14
GU29 9HD,SEPD,PSI,1,253216,149,2026-08-26T08:54:10Z,2026-08-26T12:02:26Z,3.14
GU29 9HF,SEPD,PSI,1,253216,149,2026-08-26T08:54:10Z,2026-08-26T12:02:26Z,3.14
GU29 9HG,SEPD,PSI,1,253216,149,2026-08-26T08:54:10Z,2026-08-26T12:02:26Z,3.14
GU29 9JS,SEPD,PSI,1,253216,149,2026-08-26T08:54:10Z,2026-08-26T12:02:26Z,3.14
GU29 9JX,SEPD,PSI,1,253216,149,2026-08-26T08:54:10Z,2026-08-26T12:02:26Z,3.14
GU29 9LD,SEPD,PSI,1,253216,149,2026-08-26T08:54:10Z,2026-08-26T12:02:26Z,3.14
GU29 9LY,SEPD,PSI,1,253216,149,2026-08-26T08:54:10Z,2026-08-26T12:02:26Z,3.14
GU29 9PP,SEPD,PSI,1,253216,149,2026-08-26T08:54:10Z,2026-08-26T12:02:26Z,3.14
GU29 9QB,SEPD,PSI,1,253216,149,2026-08-26T08:54:10Z,2026-08-26T12:02:26Z,3.14
GU29 9QL,SEPD,PSI,1,253216,149,2026-08-26T08:54:10Z,2026-08-26T12:02:26Z,3.14
GU29 9QN,SEPD,PSI,1,253216,149,2026-08-26T08:54:10Z,2026-08-26T12:02:26Z,3.14
GU29 9QW,SEPD,PSI,1,253216,149,2026-08-26T08:54:10Z,2026-08-26T12:02:26Z,3.14
GU32 1HZ,SEPD,PSI,1,254150,129,2026-08-26T08:54:10Z,2026-08-26T12:02:26Z,3.14
GU32 1JH,SEPD,PSI,1,254150,129,2026-08-26T08:54:10Z,2026-08-26T12:02:26Z,3.14
GU32 1JQ,SEPD,PSI,1,254150,129,2026-08-26T08:54:10Z,2026-08-26T12:02:26Z,3.14
GU32 1JZ,SEPD,PSI,1,254150,129,2026-08-26T08:54:10Z,2026-08-26T12:02:26Z,3.14
GU32 1LH,SEPD,PSI,1,254150,129,2026-08-26T08:54:10Z,2026-08-26T12:02:26Z,3.14
GU32 1LN,SEPD,PSI,1,254150,129,2026-08-26T08:54:10Z,2026-08-26T12:02:26Z,3.14
GU32 1LR,SEPD,PSI,1,254150,129,2026-08-26T08:54:10Z,2026-08-26T12:02:26Z,3.14
GU32 1LS,SEPD,PSI,1,254150,129,2026-08-26T08:54:10Z,2026-08-26T12:02:26Z,3.14
GU32 1LT,SEPD,PSI,1,254150,129,2026-08-26T08:54:10Z,2026-08-26T12:02:26Z,3.14
GU32 1LU,SEPD,PSI,1,254150,129,2026-08-26T08:54:10Z,2026-08-26T12:02:26Z,3.14
GU32 1LW,SEPD,PSI,1,254150,129,2026-08-26T08:54:10Z,2026-08-26T12:02:26Z,3.14
GU32 1LX,SEPD,PSI,1,254150,129,2026-08-26T08:54:10Z,2026-08-26T12:02:26Z,3.14
GU32 1LY,SEPD,PSI,1,254150,129,2026-08-26T08:54:10Z,2026-08-26T12:02:26Z,3.14
GU32 1LZ,SEPD,PSI,1,254150,129,2026-08-26T08:54:10Z,2026-08-26T12:02:26Z,3.14
GU32 1NA,SEPD,PSI,1,254150,129,2026-08-26T08:54:10Z,2026-08-26T12:02:26Z,3.14
GU32 1NB,SEPD,PSI,1,254150,129,2026-08-26T08:54:10Z,2026-08-26T12:02:26Z,3.14
GU32 1ND,SEPD,PSI,1,254150,129,2026-08-26T08:54:10Z,2026-08-26T12:02:26Z,3.14
GU35 0HX,SEPD,PSI,1,253769,64,2026-08-26T08:54:10Z,2026-08-26T12:02:26Z,3.14
GU35 0HY,SEPD,PSI,1,253769,64,2026-08-26T08:54:10Z,2026-08-26T12:02:26Z,3.14
GU35 0HZ,SEPD,PSI,1,253769,64,2026-08-26T08:54:10Z,2026-08-26T12:02:26Z,3.14
GU35 0JB,SEPD,PSI,1,253769,64,2026-08-26T08:54:10Z,2026-08-26T12:02:26Z,3.14
PH10 6SB,SHEPD,PSI,1,254055,9,2026-08-26T08:54:10Z,2026-08-26T12:02:26Z,3.14
PH10 6SD,SHEPD,PSI,1,254055,9,2026-08-26T08:54:10Z,2026-08-26T12:02:26Z,3.14
PH10 6SG,SHEPD,PSI,1,254055,9,2026-08-26T08:54:10Z,2026-08-26T12:02:26Z,3.14
PH11 8HZ,SHEPD,PSI,1,254185,28,2026-08-26T08:54:10Z,2026-08-26T12:02:26Z,3.14
PH11 8PP,SHEPD,PSI,1,254185,28,2026-08-26T08:54:10Z,2026-08-26T12:02:26Z,3.14
PH11 8PR,SHEPD,PSI,1,254185,28,2026-08-26T08:54:10Z,2026-08-26T12:02:26Z,3.14
PH11 8PS,SHEPD,PSI,1,254185,28,2026-08-26T08:54:10Z,2026-08-26T12:02:26Z,3.14
PH11 8PU,SHEPD,PSI,1,254185,28,2026-08-26T08:54:10Z,2026-08-26T12:02:26Z,3.14
PH11 8PY,SHEPD,PSI,1,254185,28,2026-08-26T08:54:10Z,2026-08-26T12:02:26Z,3.14
PH11 8QB,SHEPD,PSI,1,254185,28,2026-08-26T08:54:10Z,2026-08-26T12:02:26Z,3.14
PH14 9QS,SHEPD,PSI,1,253430,57,2026-08-26T08:54:10Z,2026-08-26T12:02:26Z,3.14
PH14 9QZ,SHEPD,PSI,1,253430,57,2026-08-26T08:54:10Z,2026-08-26T12:02:26Z,3.14
PH14 9SF,SHEPD,PSI,1,253430,57,2026-08-26T08:54:10Z,2026-08-26T12:02:26Z,3.14
PH14 9SG,SHEPD,PSI,1,253430,57,2026-08-26T08:54:10Z,2026-08-26T12:02:26Z,3.14
PH14 9SH,SHEPD,PSI,1,253430,57,2026-08-26T08:54:10Z,2026-08-26T12:02:26Z,3.14
PO30 5TY,SEPD,PSI,2,"253750,253753",72,2026-08-26T07:54:01Z,2026-08-28T17:19:56Z,3.09
PO30 5TZ,SEPD,PSI,2,"253750,253753",72,2026-08-26T07:54:01Z,2026-08-28T17:19:56Z,3.09
PO30 5TP,SEPD,PSI,1,253750,37,2026-08-26T07:54:01Z,2026-08-26T10:59:21Z,3.09
OX1 3DU,SEPD,LV,2,"TW4707,TX2381",14,2026-08-24T10:58:04Z,2026-08-29T17:20:44Z,3.05
OX1 3DY,SEPD,LV,2,"TW4707,TX2381",14,2026-08-24T10:58:04Z,2026-08-29T17:20:44Z,3.05
OX1 3DZ,SEPD,LV,2,"TW4707,TX2381",14,2026-08-24T10:58:04Z,2026-08-29T17:20:44Z,3.05
DD8 2DR,SHEPD,"LV,HV",2,"TW3601,TW3678",48,2026-08-23T10:38:45Z,2026-08-23T14:01:16Z,3.04
DD8 2LU,SHEPD,"LV,HV",2,"TW3601,TW3678",48,2026-08-23T10:38:45Z,2026-08-23T14:01:16Z,3.04
SO14 0AB,SEPD,PSI,1,253461,7,2026-08-23T08:50:47Z,2026-08-23T11:49:47Z,2.98
SO14 0AD,SEPD,PSI,1,253461,7,2026-08-23T08:50:47Z,2026-08-23T11:49:47Z,2.98
SO14 0DA,SEPD,PSI,1,253461,7,2026-08-23T08:50:47Z,2026-08-23T11:49:47Z,2.98
SO14 0RB,SEPD,PSI,1,253461,7,2026-08-23T08:50:47Z,2026-08-23T11:49:47Z,2.98
SO14 0YN,SEPD,PSI,1,253461,7,2026-08-23T08:50:47Z,2026-08-23T11:49:47Z,2.98
RG20 0AZ,SEPD,PSI,1,253904,7,2026-08-25T08:52:20Z,2026-08-25T11:49:26Z,2.95
RG20 0BE,SEPD,PSI,1,253904,7,2026-08-25T08:52:20Z,2026-08-25T11:49:26Z,2.95
SO16 4EH,SEPD,PSI,1,253858,30,2026-08-25T08:52:20Z,2026-08-25T11:49:26Z,2.95
SN16 0PF,SEPD,PSI,1,253154,18,2026-08-26T08:54:10Z,2026-08-26T11:37:21Z,2.72
SN16 0PH,SEPD,PSI,1,253154,18,2026-08-26T08:54:10Z,2026-08-26T11:37:21Z,2.72
TW3 2QJ,SEPD,LV,1,TW4057,23,2026-08-23T23:28:41Z,2026-08-24T02:08:53Z,2.67
TW3 2QT,SEPD,LV,1,TW4057,23,2026-08-23T23:28:41Z,2026-08-24T02:08:53Z,2.67
TW3 2QU,SEPD,LV,1,TW4057,23,2026-08-23T23:28:41Z,2026-08-24T02:08:53Z,2.67
TW3 2QX,SEPD,LV,1,TW4057,23,2026-08-23T23:28:41Z,2026-08-24T02:08:53Z,2.67
TW3 2RA,SEPD,LV,1,TW4057,23,2026-08-23T23:28:41Z,2026-08-24T02:08:53Z,2.67
PH1 5PA,SHEPD,LV,1,TW6223,16,2026-08-26T18:25:38Z,2026-08-26T21:01:35Z,2.6
PH1 5PZ,SHEPD,LV,1,TW6223,16,2026-08-26T18:25:38Z,2026-08-26T21:01:35Z,2.6
GU12 6QH,SEPD,PSI,1,254441,4,2026-08-25T13:23:21Z,2026-08-25T15:58:35Z,2.59
GU12 7QH,SEPD,PSI,1,254441,4,2026-08-25T13:23:21Z,2026-08-25T15:58:35Z,2.59
BH31 6EG,SEPD,LV,1,TW7293,19,2026-08-26T15:51:54Z,2026-08-26T18:25:38Z,2.56
BH31 6EJ,SEPD,LV,1,TW7293,19,2026-08-26T15:51:54Z,2026-08-26T18:25:38Z,2.56
BH31 6EL,SEPD,LV,1,TW7293,19,2026-08-26T15:51:54Z,2026-08-26T18:25:38Z,2.56
BH31 6HA,SEPD,LV,1,TW7293,19,2026-08-26T15:51:54Z,2026-08-26T18:25:38Z,2.56
BH31 6HH,SEPD,LV,1,TW7293,19,2026-08-26T15:51:54Z,2026-08-26T18:25:38Z,2.56
BH31 6HL,SEPD,LV,1,TW7293,19,2026-08-26T15:51:54Z,2026-08-26T18:25:38Z,2.56
PO5 3LT,SEPD,LV,1,TW5468,27,2026-08-24T23:10:46Z,2026-08-25T01:44:38Z,2.56
PO5 3LU,SEPD,LV,1,TW5468,27,2026-08-24T23:10:46Z,2026-08-25T01:44:38Z,2.56
PO5 3NA,SEPD,LV,1,TW5468,27,2026-08-24T23:10:46Z,2026-08-25T01:44:38Z,2.56
PO5 3NB,SEPD,LV,1,TW5468,27,2026-08-24T23:10:46Z,2026-08-25T01:44:38Z,2.56
PO5 3NE,SEPD,LV,1,TW5468,27,2026-08-24T23:10:46Z,2026-08-25T01:44:38Z,2.56
PO5 3NF,SEPD,LV,1,TW5468,27,2026-08-24T23:10:46Z,2026-08-25T01:44:38Z,2.56
PO5 3NG,SEPD,LV,1,TW5468,27,2026-08-24T23:10:46Z,2026-08-25T01:44:38Z,2.56
PO5 3NY,SEPD,LV,1,TW5468,27,2026-08-24T23:10:46Z,2026-08-25T01:44:38Z,2.56
PO5 3PT,SEPD,LV,1,TW5468,27,2026-08-24T23:10:46Z,2026-08-25T01:44:38Z,2.56
PO5 3RJ,SEPD,LV,1,TW5468,27,2026-08-24T23:10:46Z,2026-08-25T01:44:38Z,2.56
SN16 9NJ,SEPD,LV,1,TW8254,5,2026-08-26T15:51:54Z,2026-08-26T18:25:38Z,2.56
SN16 9NL,SEPD,LV,1,TW8254,5,2026-08-26T15:51:54Z,2026-08-26T18:25:38Z,2.56
SN16 9NN,SEPD,LV,1,TW8254,5,2026-08-26T15:51:54Z,2026-08-26T18:25:38Z,2.56
SN16 9NP,SEPD,LV,1,TW8254,5,2026-08-26T15:51:54Z,2026-08-26T18:25:38Z,2.56
PO7 8PE,SEPD,LV,1,TX2384,22,2026-08-29T17:20:44Z,2026-08-29T19:50:16Z,2.49
PO7 8PF,SEPD,LV,1,TX2384,22,2026-08-29T17:20:44Z,2026-08-29T19:50:16Z,2.49
PO7 8PG,SEPD,LV,1,TX2384,22,2026-08-29T17:20:44Z,2026-08-29T19:50:16Z,2.49
PO7 8PH,SEPD,LV,1,TX2384,22,2026-08-29T17:20:44Z,2026-08-29T19:50:16Z,2.49
PO7 8PJ,SEPD,LV,1,TX2384,22,2026-08-29T17:20:44Z,2026-08-29T19:50:16Z,2.49
PO7 8PL,SEPD,LV,1,TX2384,22,2026-08-29T17:20:44Z,2026-08-29T19:50:16Z,2.49
PO7 8PN,SEPD,LV,1,TX2384,22,2026-08-29T17:20:44Z,2026-08-29T19:50:16Z,2.49
PO7 8PQ,SEPD,LV,1,TX2384,22,2026-08-29T17:20:44Z,2026-08-29T19:50:16Z,2.49
PO7 8PU,SEPD,LV,1,TX2384,22,2026-08-29T17:20:44Z,2026-08-29T19:50:16Z,2.49
PO7 8PW,SEPD,LV,1,TX2384,22,2026-08-29T17:20:44Z,2026-08-29T19:50:16Z,2.49
PO7 8PX,SEPD,LV,1,TX2384,22,2026-08-29T17:20:44Z,2026-08-29T19:50:16Z,2.49
PO7 8QE,SEPD,LV,1,TX2384,22,2026-08-29T17:20:44Z,2026-08-29T19:50:16Z,2.49
SL5 8TG,SEPD,LV,1,TX2466,6,2026-08-29T17:20:44Z,2026-08-29T19:50:16Z,2.49
SL5 8TN,SEPD,LV,1,TX2466,6,2026-08-29T17:20:44Z,2026-08-29T19:50:16Z,2.49
SP11 6AF,SEPD,HV,1,TX2150,16,2026-08-29T17:20:44Z,2026-08-29T19:50:16Z,2.49
RG41 3HJ,SEPD,LV,1,TW7221,27,2026-08-26T07:54:01Z,2026-08-26T10:23:02Z,2.48
RG41 3NA,SEPD,LV,1,TW7221,27,2026-08-26T07:54:01Z,2026-08-26T10:23:02Z,2.48
RG41 3NB,SEPD,LV,1,TW7221,27,2026-08-26T07:54:01Z,2026-08-26T10:23:02Z,2.48
RG41 3ND,SEPD,LV,1,TW7221,27,2026-08-26T07:54:01Z,2026-08-26T10:23:02Z,2.48
RG41 3NE,SEPD,LV,1,TW7221,27,2026-08-26T07:54:01Z,2026-08-26T10:23:02Z,2.48
RG41 3NF,SEPD,LV,1,TW7221,27,2026-08-26T07:54:01Z,2026-08-26T10:23:02Z,2.48
RG41 3NW,SEPD,LV,1,TW7221,27,2026-08-26T07:54:01Z,2026-08-26T10:23:02Z,2.48
SL3 7HX,SEPD,LV,1,TW5879,19,2026-08-25T18:19:44Z,2026-08-25T20:47:31Z,2.46
SL3 8PP,SEPD,LV,1,TW5879,19,2026-08-25T18:19:44Z,2026-08-25T20:47:31Z,2.46
SL3 8PR,SEPD,LV,1,TW5879,19,2026-08-25T18:19:44Z,2026-08-25T20:47:31Z,2.46
DT10 2DH,SEPD,LV,1,TW7904,25,2026-08-26T11:37:21Z,2026-08-26T14:04:13Z,2.45
DT10 2DJ,SEPD,LV,1,TW7904,25,2026-08-26T11:37:21Z,2026-08-26T14:04:13Z,2.45
DT10 2DL,SEPD,LV,1,TW7904,25,2026-08-26T11:37:21Z,2026-08-26T14:04:13Z,2.45
DT10 2DQ,SEPD,LV,1,TW7904,25,2026-08-26T11:37:21Z,2026-08-26T14:04:13Z,2.45
DT10 2EU,SEPD,LV,1,TW7904,25,2026-08-26T11:37:21Z,2026-08-26T14:04:13Z,2.45
DT10 2HN,SEPD,LV,1,TW7904,25,2026-08-26T11:37:21Z,2026-08-26T14:04:13Z,2.45
DT10 2HP,SEPD,LV,1,TW7904,25,2026-08-26T11:37:21Z,2026-08-26T14:04:13Z,2.45
DT10 2HW,SEPD,LV,1,TW7904,25,2026-08-26T11:37:21Z,2026-08-26T14:04:13Z,2.45
DT10 2JQ,SEPD,LV,1,TW7904,25,2026-08-26T11:37:21Z,2026-08-26T14:04:13Z,2.45
DT10 2PX,SEPD,LV,1,TW7904,25,2026-08-26T11:37:21Z,2026-08-26T14:04:13Z,2.45
SO31 9AD,SEPD,LV,1,TW5443,18,2026-08-24T21:12:10Z,2026-08-24T23:35:39Z,2.39
SO31 9AE,SEPD,LV,1,TW5443,18,2026-08-24T21:12:10Z,2026-08-24T23:35:39Z,2.39
SO31 9AX,SEPD,LV,1,TW5443,18,2026-08-24T21:12:10Z,2026-08-24T23:35:39Z,2.39
SO31 9BE,SEPD,LV,1,TW5443,18,2026-08-24T21:12:10Z,2026-08-24T23:35:39Z,2.39
SO31 9BF,SEPD,LV,1,TW5443,18,2026-08-24T21:12:10Z,2026-08-24T23:35:39Z,2.39
SO31 9BH,SEPD,LV,1,TW5443,18,2026-08-24T21:12:10Z,2026-08-24T23:35:39Z,2.39
SO31 9BJ,SEPD,LV,1,TW5443,18,2026-08-24T21:12:10Z,2026-08-24T23:35:39Z,2.39
GU24 8BH,SEPD,PSI,1,252665,75,2026-08-25T08:52:20Z,2026-08-25T11:13:50Z,2.36
GU24 8HA,SEPD,PSI,1,252665,75,2026-08-25T08:52:20Z,2026-08-25T11:13:50Z,2.36
GU24 8HF,SEPD,PSI,1,252665,75,2026-08-25T08:52:20Z,2026-08-25T11:13:50Z,2.36
GU24 8HG,SEPD,PSI,1,252665,75,2026-08-25T08:52:20Z,2026-08-25T11:13:50Z,2.36
GU24 8HN,SEPD,PSI,1,252665,75,2026-08-25T08:52:20Z,2026-08-25T11:13:50Z,2.36
GU24 8HP,SEPD,PSI,1,252665,75,2026-08-25T08:52:20Z,2026-08-25T11:13:50Z,2.36
GU24 8HQ,SEPD,PSI,1,252665,75,2026-08-25T08:52:20Z,2026-08-25T11:13:50Z,2.36
GU24 8HR,SEPD,PSI,1,252665,75,2026-08-25T08:52:20Z,2026-08-25T11:13:50Z,2.36
GU24 8HW,SEPD,PSI,1,252665,75,2026-08-25T08:52:20Z,2026-08-25T11:13:50Z,2.36
GU24 8PE,SEPD,PSI,1,252665,75,2026-08-25T08:52:20Z,2026-08-25T11:13:50Z,2.36
GU24 8PL,SEPD,PSI,1,252665,75,2026-08-25T08:52:20Z,2026-08-25T11:13:50Z,2.36
GU24 8SJ,SEPD,PSI,1,252665,75,2026-08-25T08:52:20Z,2026-08-25T11:13:50Z,2.36
HP16 0JA,SEPD,PSI,1,253592,70,2026-08-25T08:52:20Z,2026-08-25T11:13:50Z,2.36
HP16 0JD,SEPD,PSI,1,253592,70,2026-08-25T08:52:20Z,2026-08-25T11:13:50Z,2.36
HP16 0JE,SEPD,PSI,1,253592,70,2026-08-25T08:52:20Z,2026-08-25T11:13:50Z,2.36
HP16 0JG,SEPD,PSI,1,253592,70,2026-08-25T08:52:20Z,2026-08-25T11:13:50Z,2.36
HP16 0JH,SEPD,PSI,1,253592,70,2026-08-25T08:52:20Z,2026-08-25T11:13:50Z,2.36
HP16 0JL,SEPD,PSI,1,253592,70,2026-08-25T08:52:20Z,2026-08-25T11:13:50Z,2.36
HP16 0JQ,SEPD,PSI,1,253592,70,2026-08-25T08:52:20Z,2026-08-25T11:13:50Z,2.36
PH12 8SR,SHEPD,PSI,1,253408,85,2026-08-25T08:52:20Z,2026-08-25T11:13:50Z,2.36
PH12 8SS,SHEPD,PSI,1,253408,85,2026-08-25T08:52:20Z,2026-08-25T11:13:50Z,2.36
PH12 8ST,SHEPD,PSI,1,253408,85,2026-08-25T08:52:20Z,2026-08-25T11:13:50Z,2.36
PH12 8SU,SHEPD,PSI,1,253408,85,2026-08-25T08:52:20Z,2026-08-25T11:13:50Z,2.36
PH12 8SX,SHEPD,PSI,1,253408,85,2026-08-25T08:52:20Z,2026-08-25T11:13:50Z,2.36
PH12 8SZ,SHEPD,PSI,1,253408,85,2026-08-25T08:52:20Z,2026-08-25T11:13:50Z,2.36
PH12 8TA,SHEPD,PSI,1,253408,85,2026-08-25T08:52:20Z,2026-08-25T11:13:50Z,2.36
PH12 8TH,SHEPD,PSI,1,253408,85,2026-08-25T08:52:20Z,2026-08-25T11:13:50Z,2.36
PH13 9EY,SHEPD,PSI,1,253408,85,2026-08-25T08:52:20Z,2026-08-25T11:13:50Z,2.36
ZE2 9GL,SHEPD,PSI,1,254145,27,2026-08-25T08:52:20Z,2026-08-25T11:13:50Z,2.36
ZE2 9LG,SHEPD,PSI,1,254145,27,2026-08-25T08:52:20Z,2026-08-25T11:13:50Z,2.36
IV30 5PJ,SHEPD,HV,1,TW6785,647,2026-08-25T15:58:35Z,2026-08-25T18:19:44Z,2.35
IV30 5PL,SHEPD,HV,1,TW6785,647,2026-08-25T15:58:35Z,2026-08-25T18:19:44Z,2.35
IV30 5PN,SHEPD,HV,1,TW6785,647,2026-08-25T15:58:35Z,2026-08-25T18:19:44Z,2.35
IV30 5TS,SHEPD,HV,1,TW6785,647,2026-08-25T15:58:35Z,2026-08-25T18:19:44Z,2.35
IV55 8WJ,SHEPD,PSI,1,253002,33,2026-08-25T10:03:09Z,2026-08-25T12:18:45Z,2.26
IV55 8WS,SHEPD,PSI,1,253002,33,2026-08-25T10:03:09Z,2026-08-25T12:18:45Z,2.26
OX7,SEPD,PSI,1,253382,6,2026-08-25T10:03:09Z,2026-08-25T12:18:45Z,2.26
OX7 4BJ,SEPD,PSI,1,253382,6,2026-08-25T10:03:09Z,2026-08-25T12:18:45Z,2.26
OX7 4BT,SEPD,PSI,1,253382,6,2026-08-25T10:03:09Z,2026-08-25T12:18:45Z,2.26
OX7 4DL,SEPD,PSI,1,253382,6,2026-08-25T10:03:09Z,2026-08-25T12:18:45Z,2.26
SO32 1BU,SEPD,LV,1,TW5609,12,2026-08-25T05:41:41Z,2026-08-25T07:57:01Z,2.26
SO32 1LW,SEPD,LV,1,TW5609,12,2026-08-25T05:41:41Z,2026-08-25T07:57:01Z,2.26
SO32 1TE,SEPD,LV,1,TW5609,12,2026-08-25T05:41:41Z,2026-08-25T07:57:01Z,2.26
PO35 5NE,SEPD,LV,1,TW6747,13,2026-08-25T21:46:15Z,2026-08-25T23:59:57Z,2.23
PO35 5YD,SEPD,LV,1,TW6747,13,2026-08-25T21:46:15Z,2026-08-25T23:59:57Z,2.23
PO35 5YE,SEPD,LV,1,TW6747,13,2026-08-25T21:46:15Z,2026-08-25T23:59:57Z,2.23
PO35 5YF,SEPD,LV,1,TW6747,13,2026-08-25T21:46:15Z,2026-08-25T23:59:57Z,2.23
PO35 5YH,SEPD,LV,1,TW6747,13,2026-08-25T21:46:15Z,2026-08-25T23:59:57Z,2.23
BH8 0JZ,SEPD,LV,1,TX2008,15,2026-08-29T19:50:16Z,2026-08-29T22:02:58Z,2.21
BH8 0LA,SEPD,LV,1,TX2008,15,2026-08-29T19:50:16Z,2026-08-29T22:02:58Z,2.21
OX25 3PD,SEPD,LV,1,TX2544,8,2026-08-29T19:50:16Z,2026-08-29T22:02:58Z,2.21
PO17 6AP,SEPD,HV,1,TX2404,5,2026-08-29T19:50:16Z,2026-08-29T22:02:58Z,2.21
SP3 6PU,SEPD,LV,1,TX2298,7,2026-08-29T19:50:16Z,2026-08-29T22:02:58Z,2.21
SP3 6QE,SEPD,LV,1,TX2298,7,2026-08-29T19:50:16Z,2026-08-29T22:02:58Z,2.21
SP3 6QF,SEPD,LV,1,TX2298,7,2026-08-29T19:50:16Z,2026-08-29T22:02:58Z,2.21
SP3 6QG,SEPD,LV,1,TX2298,7,2026-08-29T19:50:16Z,2026-08-29T22:02:58Z,2.21
OX25 2JS,SEPD,HV,2,"TX0316,TX2810",19,2026-08-28T04:56:18Z,2026-08-30T00:13:24Z,2.17
OX25 2SP,SEPD,HV,2,"TX0316,TX2810",19,2026-08-28T04:56:18Z,2026-08-30T00:13:24Z,2.17
OX26 6HQ,SEPD,HV,2,"TX0316,TX2810",19,2026-08-28T04:56:18Z,2026-08-30T00:13:24Z,2.17
BH12 4AU,SEPD,LV,1,TX2798,13,2026-08-29T22:02:58Z,2026-08-30T00:13:24Z,2.17
BH12 4BX,SEPD,LV,1,TX2798,13,2026-08-29T22:02:58Z,2026-08-30T00:13:24Z,2.17
BH12 4BZ,SEPD,LV,1,TX2798,13,2026-08-29T22:02:58Z,2026-08-30T00:13:24Z,2.17
BH12 4DB,SEPD,LV,1,TX2798,13,2026-08-29T22:02:58Z,2026-08-30T00:13:24Z,2.17
OX26 6HH,SEPD,HV,1,TX2810,10,2026-08-29T22:02:58Z,2026-08-30T00:13:24Z,2.17
RG2 9AA,SEPD,LV,1,TX2803,8,2026-08-29T22:02:58Z,2026-08-30T00:13:24Z,2.17
RG2 9AF,SEPD,LV,1,TX2803,8,2026-08-29T22:02:58Z,2026-08-30T00:13:24Z,2.17
RG2 9AG,SEPD,LV,1,TX2803,8,2026-08-29T22:02:58Z,2026-08-30T00:13:24Z,2.17
RG2 9AJ,SEPD,LV,1,TX2803,8,2026-08-29T22:02:58Z,2026-08-30T00:13:24Z,2.17
RG2 9AL,SEPD,LV,1,TX2803,8,2026-08-29T22:02:58Z,2026-08-30T00:13:24Z,2.17
RG2 9LB,SEPD,LV,1,TX2803,8,2026-08-29T22:02:58Z,2026-08-30T00:13:24Z,2.17
SN8 2HG,SEPD,HV,1,TX2727,4,2026-08-29T22:02:58Z,2026-08-30T00:13:24Z,2.17
SN8 2QA,SEPD,HV,1,TX2727,4,2026-08-29T22:02:58Z,2026-08-30T00:13:24Z,2.17
AB30 1PT,SHEPD,HV,1,TW7019,170,2026-08-25T19:45:03Z,2026-08-25T21:46:15Z,2.02
AB30 1PX,SHEPD,HV,1,TW7019,170,2026-08-25T19:45:03Z,2026-08-25T21:46:15Z,2.02
AB30 1QB,SHEPD,HV,1,TW7019,170,2026-08-25T19:45:03Z,2026-08-25T21:46:15Z,2.02
AB30 1RA,SHEPD,HV,1,TW7019,170,2026-08-25T19:45:03Z,2026-08-25T21:46:15Z,2.02
AB30 1RB,SHEPD,HV,1,TW7019,170,2026-08-25T19:45:03Z,2026-08-25T21:46:15Z,2.02
AB30 1RD,SHEPD,HV,1,TW7019,170,2026-08-25T19:45:03Z,2026-08-25T21:46:15Z,2.02
AB30 1RJ,SHEPD,HV,1,TW7019,170,2026-08-25T19:45:03Z,2026-08-25T21:46:15Z,2.02
AB30 1RL,SHEPD,HV,1,TW7019,170,2026-08-25T19:45:03Z,2026-08-25T21:46:15Z,2.02
AB30 1RN,SHEPD,HV,1,TW7019,170,2026-08-25T19:45:03Z,2026-08-25T21:46:15Z,2.02
AB30 1TA,SHEPD,HV,1,TW7019,170,2026-08-25T19:45:03Z,2026-08-25T21:46:15Z,2.02
AB30 1YR,SHEPD,HV,1,TW7019,170,2026-08-25T19:45:03Z,2026-08-25T21:46:15Z,2.02
AB30 1YS,SHEPD,HV,1,TW7019,170,2026-08-25T19:45:03Z,2026-08-25T21:46:15Z,2.02
AB30 1YT,SHEPD,HV,1,TW7019,170,2026-08-25T19:45:03Z,2026-08-25T21:46:15Z,2.02
AB30 1YX,SHEPD,HV,1,TW7019,170,2026-08-25T19:45:03Z,2026-08-25T21:46:15Z,2.02
AB30 1ZR,SHEPD,HV,1,TW7019,170,2026-08-25T19:45:03Z,2026-08-25T21:46:15Z,2.02
IV30 4JU,SHEPD,LV,1,TW7219,10,2026-08-26T05:55:01Z,2026-08-26T07:54:01Z,1.98
OX1 5RW,SEPD,"HV,LV",2,"TW4385,TW4393",104,2026-08-24T08:26:34Z,2026-08-24T09:25:27Z,1.96
GL7 5HN,SEPD,LV,1,TW5063,2,2026-08-24T17:00:38Z,2026-08-24T18:58:19Z,1.96
GL7 5JB,SEPD,LV,1,TW5063,2,2026-08-24T17:00:38Z,2026-08-24T18:58:19Z,1.96
GL7 5JD,SEPD,LV,1,TW5063,2,2026-08-24T17:00:38Z,2026-08-24T18:58:19Z,1.96
AB51 0AG,SHEPD,PSI,1,253427,23,2026-08-25T08:52:20Z,2026-08-25T10:44:56Z,1.88
AB51 0AH,SHEPD,PSI,1,253427,23,2026-08-25T08:52:20Z,2026-08-25T10:44:56Z,1.88
AB51 0AQ,SHEPD,PSI,1,253427,23,2026-08-25T08:52:20Z,2026-08-25T10:44:56Z,1.88
AB51 8SN,SHEPD,PSI,1,253427,23,2026-08-25T08:52:20Z,2026-08-25T10:44:56Z,1.88
AB51 8TQ,SHEPD,PSI,1,253427,23,2026-08-25T08:52:20Z,2026-08-25T10:44:56Z,1.88
AB51 8TR,SHEPD,PSI,1,253427,23,2026-08-25T08:52:20Z,2026-08-25T10:44:56Z,1.88
RG14 5HG,SEPD,LV,1,TW5954,7,2026-08-25T08:52:20Z,2026-08-25T10:44:56Z,1.88
RG14 5HP,SEPD,LV,1,TW5954,7,2026-08-25T08:52:20Z,2026-08-25T10:44:56Z,1.88
RG14 5PY,SEPD,LV,1,TW5954,7,2026-08-25T08:52:20Z,2026-08-25T10:44:56Z,1.88
IV30 5PF,SHEPD,HV,1,TW6785,647,2026-08-25T15:58:35Z,2026-08-25T17:50:54Z,1.87
RG12 7PW,SEPD,LV,1,TW4251,11,2026-08-24T05:48:50Z,2026-08-24T07:40:24Z,1.86
RG12 7PZ,SEPD,LV,1,TW4251,11,2026-08-24T05:48:50Z,2026-08-24T07:40:24Z,1.86
BN17 7QQ,SEPD,HV,1,TW3720,51,2026-08-23T12:11:50Z,2026-08-23T14:01:16Z,1.82
BN18 0AB,SEPD,HV,1,TW3720,51,2026-08-23T12:11:50Z,2026-08-23T14:01:16Z,1.82
BN18 0AN,SEPD,HV,1,TW3720,51,2026-08-23T12:11:50Z,2026-08-23T14:01:16Z,1.82
BN18 0AP,SEPD,HV,1,TW3720,51,2026-08-23T12:11:50Z,2026-08-23T14:01:16Z,1.82
BN18 0AR,SEPD,HV,1,TW3720,51,2026-08-23T12:11:50Z,2026-08-23T14:01:16Z,1.82
BN18 0AS,SEPD,HV,1,TW3720,51,2026-08-23T12:11:50Z,2026-08-23T14:01:16Z,1.82
BN18 0AW,SEPD,HV,1,TW3720,51,2026-08-23T12:11:50Z,2026-08-23T14:01:16Z,1.82
BN18 0BG,SEPD,HV,1,TW3720,51,2026-08-23T12:11:50Z,2026-08-23T14:01:16Z,1.82
BN18 0FA,SEPD,HV,1,TW3720,51,2026-08-23T12:11:50Z,2026-08-23T14:01:16Z,1.82
BN18 0FP,SEPD,HV,1,TW3720,51,2026-08-23T12:11:50Z,2026-08-23T14:01:16Z,1.82
BN18 0LH,SEPD,HV,1,TW3720,51,2026-08-23T12:11:50Z,2026-08-23T14:01:16Z,1.82
BN18 0LJ,SEPD,HV,1,TW3720,51,2026-08-23T12:11:50Z,2026-08-23T14:01:16Z,1.82
BN18 0LL,SEPD,HV,1,TW3720,51,2026-08-23T12:11:50Z,2026-08-23T14:01:16Z,1.82
BN18 0LN,SEPD,HV,1,TW3720,51,2026-08-23T12:11:50Z,2026-08-23T14:01:16Z,1.82
BN18 0LP,SEPD,HV,1,TW3720,51,2026-08-23T12:11:50Z,2026-08-23T14:01:16Z,1.82
BN18 0LQ,SEPD,HV,1,TW3720,51,2026-08-23T12:11:50Z,2026-08-23T14:01:16Z,1.82
BN18 0LR,SEPD,HV,1,TW3720,51,2026-08-23T12:11:50Z,2026-08-23T14:01:16Z,1.82
BN18 0LS,SEPD,HV,1,TW3720,51,2026-08-23T12:11:50Z,2026-08-23T14:01:16Z,1.82
BN18 0TW,SEPD,HV,1,TW3720,51,2026-08-23T12:11:50Z,2026-08-23T14:01:16Z,1.82
BN18 9AH,SEPD,HV,1,TW3720,51,2026-08-23T12:11:50Z,2026-08-23T14:01:16Z,1.82
BN18 9AJ,SEPD,HV,1,TW3720,51,2026-08-23T12:11:50Z,2026-08-23T14:01:16Z,1.82
BN18 9AP,SEPD,HV,1,TW3720,51,2026-08-23T12:11:50Z,2026-08-23T14:01:16Z,1.82
BN18 9AR,SEPD,HV,1,TW3720,51,2026-08-23T12:11:50Z,2026-08-23T14:01:16Z,1.82
BN18 9AX,SEPD,HV,1,TW3720,51,2026-08-23T12:11:50Z,2026-08-23T14:01:16Z,1.82
BN18 9AY,SEPD,HV,1,TW3720,51,2026-08-23T12:11:50Z,2026-08-23T14:01:16Z,1.82
BN18 9AZ,SEPD,HV,1,TW3720,51,2026-08-23T12:11:50Z,2026-08-23T14:01:16Z,1.82
BN18 9BA,SEPD,HV,1,TW3720,51,2026-08-23T12:11:50Z,2026-08-23T14:01:16Z,1.82
BN18 9BB,SEPD,HV,1,TW3720,51,2026-08-23T12:11:50Z,2026-08-23T14:01:16Z,1.82
BN18 9BD,SEPD,HV,1,TW3720,51,2026-08-23T12:11:50Z,2026-08-23T14:01:16Z,1.82
BN18 9BE,SEPD,HV,1,TW3720,51,2026-08-23T12:11:50Z,2026-08-23T14:01:16Z,1.82
BN18 9BG,SEPD,HV,1,TW3720,51,2026-08-23T12:11:50Z,2026-08-23T14:01:16Z,1.82
BN18 9BH,SEPD,HV,1,TW3720,51,2026-08-23T12:11:50Z,2026-08-23T14:01:16Z,1.82
BN18 9BJ,SEPD,HV,1,TW3720,51,2026-08-23T12:11:50Z,2026-08-23T14:01:16Z,1.82
BN18 9BL,SEPD,HV,1,TW3720,51,2026-08-23T12:11:50Z,2026-08-23T14:01:16Z,1.82
BN18 9BN,SEPD,HV,1,TW3720,51,2026-08-23T12:11:50Z,2026-08-23T14:01:16Z,1.82
BN18 9BP,SEPD,HV,1,TW3720,51,2026-08-23T12:11:50Z,2026-08-23T14:01:16Z,1.82
BN18 9BQ,SEPD,HV,1,TW3720,51,2026-08-23T12:11:50Z,2026-08-23T14:01:16Z,1.82
BN18 9BS,SEPD,HV,1,TW3720,51,2026-08-23T12:11:50Z,2026-08-23T14:01:16Z,1.82
BN18 9BT,SEPD,HV,1,TW3720,51,2026-08-23T12:11:50Z,2026-08-23T14:01:16Z,1.82
BN18 9BU,SEPD,HV,1,TW3720,51,2026-08-23T12:11:50Z,2026-08-23T14:01:16Z,1.82
BN18 9BW,SEPD,HV,1,TW3720,51,2026-08-23T12:11:50Z,2026-08-23T14:01:16Z,1.82
BN18 9BZ,SEPD,HV,1,TW3720,51,2026-08-23T12:11:50Z,2026-08-23T14:01:16Z,1.82
BN18 9DA,SEPD,HV,1,TW3720,51,2026-08-23T12:11:50Z,2026-08-23T14:01:16Z,1.82
BN18 9DD,SEPD,HV,1,TW3720,51,2026-08-23T12:11:50Z,2026-08-23T14:01:16Z,1.82
BN18 9DE,SEPD,HV,1,TW3720,51,2026-08-23T12:11:50Z,2026-08-23T14:01:16Z,1.82
BN18 9DG,SEPD,HV,1,TW3720,51,2026-08-23T12:11:50Z,2026-08-23T14:01:16Z,1.82
BN18 9DJ,SEPD,HV,1,TW3720,51,2026-08-23T12:11:50Z,2026-08-23T14:01:16Z,1.82
BN18 9DL,SEPD,HV,1,TW3720,51,2026-08-23T12:11:50Z,2026-08-23T14:01:16Z,1.82
BN18 9DN,SEPD,HV,1,TW3720,51,2026-08-23T12:11:50Z,2026-08-23T14:01:16Z,1.82
BN18 9DP,SEPD,HV,1,TW3720,51,2026-08-23T12:11:50Z,2026-08-23T14:01:16Z,1.82
BN18 9DQ,SEPD,HV,1,TW3720,51,2026-08-23T12:11:50Z,2026-08-23T14:01:16Z,1.82
BN18 9DR,SEPD,HV,1,TW3720,51,2026-08-23T12:11:50Z,2026-08-23T14:01:16Z,1.82
BN18 9DS,SEPD,HV,1,TW3720,51,2026-08-23T12:11:50Z,2026-08-23T14:01:16Z,1.82
BN18 9DT,SEPD,HV,1,TW3720,51,2026-08-23T12:11:50Z,2026-08-23T14:01:16Z,1.82
BN18 9DU,SEPD,HV,1,TW3720,51,2026-08-23T12:11:50Z,2026-08-23T14:01:16Z,1.82
BN18 9DW,SEPD,HV,1,TW3720,51,2026-08-23T12:11:50Z,2026-08-23T14:01:16Z,1.82
BN18 9DX,SEPD,HV,1,TW3720,51,2026-08-23T12:11:50Z,2026-08-23T14:01:16Z,1.82
BN18 9EA,SEPD,HV,1,TW3720,51,2026-08-23T12:11:50Z,2026-08-23T14:01:16Z,1.82
BN18 9EB,SEPD,HV,1,TW3720,51,2026-08-23T12:11:50Z,2026-08-23T14:01:16Z,1.82
BN18 9ED,SEPD,HV,1,TW3720,51,2026-08-23T12:11:50Z,2026-08-23T14:01:16Z,1.82
BN18 9EE,SEPD,HV,1,TW3720,51,2026-08-23T12:11:50Z,2026-08-23T14:01:16Z,1.82
BN18 9EF,SEPD,HV,1,TW3720,51,2026-08-23T12:11:50Z,2026-08-23T14:01:16Z,1.82
BN18 9EG,SEPD,HV,1,TW3720,51,2026-08-23T12:11:50Z,2026-08-23T14:01:16Z,1.82
BN18 9EH,SEPD,HV,1,TW3720,51,2026-08-23T12:11:50Z,2026-08-23T14:01:16Z,1.82
BN18 9EJ,SEPD,HV,1,TW3720,51,2026-08-23T12:11:50Z,2026-08-23T14:01:16Z,1.82
BN18 9EL,SEPD,HV,1,TW3720,51,2026-08-23T12:11:50Z,2026-08-23T14:01:16Z,1.82
BN18 9EN,SEPD,HV,1,TW3720,51,2026-08-23T12:11:50Z,2026-08-23T14:01:16Z,1.82
BN18 9EP,SEPD,HV,1,TW3720,51,2026-08-23T12:11:50Z,2026-08-23T14:01:16Z,1.82
BN18 9EQ,SEPD,HV,1,TW3720,51,2026-08-23T12:11:50Z,2026-08-23T14:01:16Z,1.82
BN18 9ER,SEPD,HV,1,TW3720,51,2026-08-23T12:11:50Z,2026-08-23T14:01:16Z,1.82
BN18 9ES,SEPD,HV,1,TW3720,51,2026-08-23T12:11:50Z,2026-08-23T14:01:16Z,1.82
BN18 9ET,SEPD,HV,1,TW3720,51,2026-08-23T12:11:50Z,2026-08-23T14:01:16Z,1.82
BN18 9EU,SEPD,HV,1,TW3720,51,2026-08-23T12:11:50Z,2026-08-23T14:01:16Z,1.82
BN18 9EW,SEPD,HV,1,TW3720,51,2026-08-23T12:11:50Z,2026-08-23T14:01:16Z,1.82
BN18 9EX,SEPD,HV,1,TW3720,51,2026-08-23T12:11:50Z,2026-08-23T14:01:16Z,1.82
BN18 9EY,SEPD,HV,1,TW3720,51,2026-08-23T12:11:50Z,2026-08-23T14:01:16Z,1.82
BN18 9FG,SEPD,HV,1,TW3720,51,2026-08-23T12:11:50Z,2026-08-23T14:01:16Z,1.82
BN18 9FJ,SEPD,HV,1,TW3720,51,2026-08-23T12:11:50Z,2026-08-23T14:01:16Z,1.82
BN18 9FN,SEPD,HV,1,TW3720,51,2026-08-23T12:11:50Z,2026-08-23T14:01:16Z,1.82
BN18 9GA,SEPD,HV,1,TW3720,51,2026-08-23T12:11:50Z,2026-08-23T14:01:16Z,1.82
BN18 9HD,SEPD,HV,1,TW3720,51,2026-08-23T12:11:50Z,2026-08-23T14:01:16Z,1.82
BN18 9HE,SEPD,HV,1,TW3720,51,2026-08-23T12:11:50Z,2026-08-23T14:01:16Z,1.82
BN18 9HF,SEPD,HV,1,TW3720,51,2026-08-23T12:11:50Z,2026-08-23T14:01:16Z,1.82
BN18 9HG,SEPD,HV,1,TW3720,51,2026-08-23T12:11:50Z,2026-08-23T14:01:16Z,1.82
BN18 9HH,SEPD,HV,1,TW3720,51,2026-08-23T12:11:50Z,2026-08-23T14:01:16Z,1.82
BN18 9HJ,SEPD,HV,1,TW3720,51,2026-08-23T12:11:50Z,2026-08-23T14:01:16Z,1.82
BN18 9HL,SEPD,HV,1,TW3720,51,2026-08-23T12:11:50Z,2026-08-23T14:01:16Z,1.82
BN18 9HN,SEPD,HV,1,TW3720,51,2026-08-23T12:11:50Z,2026-08-23T14:01:16Z,1.82
BN18 9HP,SEPD,HV,1,TW3720,51,2026-08-23T12:11:50Z,2026-08-23T14:01:16Z,1.82
BN18 9HR,SEPD,HV,1,TW3720,51,2026-08-23T12:11:50Z,2026-08-23T14:01:16Z,1.82
BN18 9HW,SEPD,HV,1,TW3720,51,2026-08-23T12:11:50Z,2026-08-23T14:01:16Z,1.82
BN18 9HY,SEPD,HV,1,TW3720,51,2026-08-23T12:11:50Z,2026-08-23T14:01:16Z,1.82
BN18 9HZ,SEPD,HV,1,TW3720,51,2026-08-23T12:11:50Z,2026-08-23T14:01:16Z,1.82
BN18 9JA,SEPD,HV,1,TW3720,51,2026-08-23T12:11:50Z,2026-08-23T14:01:16Z,1.82
BN18 9JB,SEPD,HV,1,TW3720,51,2026-08-23T12:11:50Z,2026-08-23T14:01:16Z,1.82
BN18 9JD,SEPD,HV,1,TW3720,51,2026-08-23T12:11:50Z,2026-08-23T14:01:16Z,1.82
BN18 9JE,SEPD,HV,1,TW3720,51,2026-08-23T12:11:50Z,2026-08-23T14:01:16Z,1.82
BN18 9JG,SEPD,HV,1,TW3720,51,2026-08-23T12:11:50Z,2026-08-23T14:01:16Z,1.82
BN18 9JH,SEPD,HV,1,TW3720,51,2026-08-23T12:11:50Z,2026-08-23T14:01:16Z,1.82
BN18 9JQ,SEPD,HV,1,TW3720,51,2026-08-23T12:11:50Z,2026-08-23T14:01:16Z,1.82
BN18 9JR,SEPD,HV,1,TW3720,51,2026-08-23T12:11:50Z,2026-08-23T14:01:16Z,1.82
BN18 9JS,SEPD,HV,1,TW3720,51,2026-08-23T12:11:50Z,2026-08-23T14:01:16Z,1.82
BN18 9LB,SEPD,HV,1,TW3720,51,2026-08-23T12:11:50Z,2026-08-23T14:01:16Z,1.82
BN18 9LE,SEPD,HV,1,TW3720,51,2026-08-23T12:11:50Z,2026-08-23T14:01:16Z,1.82
BN18 9LH,SEPD,HV,1,TW3720,51,2026-08-23T12:11:50Z,2026-08-23T14:01:16Z,1.82
BN18 9LN,SEPD,HV,1,TW3720,51,2026-08-23T12:11:50Z,2026-08-23T14:01:16Z,1.82
BN18 9LS,SEPD,HV,1,TW3720,51,2026-08-23T12:11:50Z,2026-08-23T14:01:16Z,1.82
BN18 9LW,SEPD,HV,1,TW3720,51,2026-08-23T12:11:50Z,2026-08-23T14:01:16Z,1.82
BN18 9NY,SEPD,HV,1,TW3720,51,2026-08-23T12:11:50Z,2026-08-23T14:01:16Z,1.82
BN18 9NZ,SEPD,HV,1,TW3720,51,2026-08-23T12:11:50Z,2026-08-23T14:01:16Z,1.82
BN18 9PA,SEPD,HV,1,TW3720,51,2026-08-23T12:11:50Z,2026-08-23T14:01:16Z,1.82
BN18 9PB,SEPD,HV,1,TW3720,51,2026-08-23T12:11:50Z,2026-08-23T14:01:16Z,1.82
BN18 9PD,SEPD,HV,1,TW3720,51,2026-08-23T12:11:50Z,2026-08-23T14:01:16Z,1.82
BN18 9PE,SEPD,HV,1,TW3720,51,2026-08-23T12:11:50Z,2026-08-23T14:01:16Z,1.82
BN18 9PF,SEPD,HV,1,TW3720,51,2026-08-23T12:11:50Z,2026-08-23T14:01:16Z,1.82
BN18 9PG,SEPD,HV,1,TW3720,51,2026-08-23T12:11:50Z,2026-08-23T14:01:16Z,1.82
BN18 9PJ,SEPD,HV,1,TW3720,51,2026-08-23T12:11:50Z,2026-08-23T14:01:16Z,1.82
BN18 9PQ,SEPD,HV,1,TW3720,51,2026-08-23T12:11:50Z,2026-08-23T14:01:16Z,1.82
BN18 9QA,SEPD,HV,1,TW3720,51,2026-08-23T12:11:50Z,2026-08-23T14:01:16Z,1.82
BN18 9QB,SEPD,HV,1,TW3720,51,2026-08-23T12:11:50Z,2026-08-23T14:01:16Z,1.82
BN18 9QG,SEPD,HV,1,TW3720,51,2026-08-23T12:11:50Z,2026-08-23T14:01:16Z,1.82
BN18 9QH,SEPD,HV,1,TW3720,51,2026-08-23T12:11:50Z,2026-08-23T14:01:16Z,1.82
BN18 9QJ,SEPD,HV,1,TW3720,51,2026-08-23T12:11:50Z,2026-08-23T14:01:16Z,1.82
BN18 9QL,SEPD,HV,1,TW3720,51,2026-08-23T12:11:50Z,2026-08-23T14:01:16Z,1.82
BN18 9QN,SEPD,HV,1,TW3720,51,2026-08-23T12:11:50Z,2026-08-23T14:01:16Z,1.82
BN18 9QQ,SEPD,HV,1,TW3720,51,2026-08-23T12:11:50Z,2026-08-23T14:01:16Z,1.82
BN18 9QT,SEPD,HV,1,TW3720,51,2026-08-23T12:11:50Z,2026-08-23T14:01:16Z,1.82
BN18 9QU,SEPD,HV,1,TW3720,51,2026-08-23T12:11:50Z,2026-08-23T14:01:16Z,1.82
BN18 9QX,SEPD,HV,1,TW3720,51,2026-08-23T12:11:50Z,2026-08-23T14:01:16Z,1.82
BN18 9QY,SEPD,HV,1,TW3720,51,2026-08-23T12:11:50Z,2026-08-23T14:01:16Z,1.82
BN18 9QZ,SEPD,HV,1,TW3720,51,2026-08-23T12:11:50Z,2026-08-23T14:01:16Z,1.82
BN18 9RA,SEPD,HV,1,TW3720,51,2026-08-23T12:11:50Z,2026-08-23T14:01:16Z,1.82
BN18 9RB,SEPD,HV,1,TW3720,51,2026-08-23T12:11:50Z,2026-08-23T14:01:16Z,1.82
BN18 9RD,SEPD,HV,1,TW3720,51,2026-08-23T12:11:50Z,2026-08-23T14:01:16Z,1.82
BN18 9RE,SEPD,HV,1,TW3720,51,2026-08-23T12:11:50Z,2026-08-23T14:01:16Z,1.82
BN18 9RF,SEPD,HV,1,TW3720,51,2026-08-23T12:11:50Z,2026-08-23T14:01:16Z,1.82
BN18 9RG,SEPD,HV,1,TW3720,51,2026-08-23T12:11:50Z,2026-08-23T14:01:16Z,1.82
BN18 9RH,SEPD,HV,1,TW3720,51,2026-08-23T12:11:50Z,2026-08-23T14:01:16Z,1.82
BN18 9RJ,SEPD,HV,1,TW3720,51,2026-08-23T12:11:50Z,2026-08-23T14:01:16Z,1.82
BN18 9RL,SEPD,HV,1,TW3720,51,2026-08-23T12:11:50Z,2026-08-23T14:01:16Z,1.82
BN18 9RN,SEPD,HV,1,TW3720,51,2026-08-23T12:11:50Z,2026-08-23T14:01:16Z,1.82
BN18 9RQ,SEPD,HV,1,TW3720,51,2026-08-23T12:11:50Z,2026-08-23T14:01:16Z,1.82
BN18 9RR,SEPD,HV,1,TW3720,51,2026-08-23T12:11:50Z,2026-08-23T14:01:16Z,1.82
BN18 9RU,SEPD,HV,1,TW3720,51,2026-08-23T12:11:50Z,2026-08-23T14:01:16Z,1.82
BN18 9RW,SEPD,HV,1,TW3720,51,2026-08-23T12:11:50Z,2026-08-23T14:01:16Z,1.82
BN18 9SA,SEPD,HV,1,TW3720,51,2026-08-23T12:11:50Z,2026-08-23T14:01:16Z,1.82
BN18 9SU,SEPD,HV,1,TW3720,51,2026-08-23T12:11:50Z,2026-08-23T14:01:16Z,1.82
BN18 9TA,SEPD,HV,1,TW3720,51,2026-08-23T12:11:50Z,2026-08-23T14:01:16Z,1.82
AB45 2JJ,SHEPD,LV,1,TW4931,4,2026-08-24T13:06:56Z,2026-08-24T14:53:48Z,1.78
AB45 2JQ,SHEPD,LV,1,TW4931,4,2026-08-24T13:06:56Z,2026-08-24T14:53:48Z,1.78
SN13 9LN,SEPD,HV,1,TW6551,93,2026-08-25T14:11:56Z,2026-08-25T15:58:35Z,1.78
SN13 9LP,SEPD,HV,1,TW6551,93,2026-08-25T14:11:56Z,2026-08-25T15:58:35Z,1.78
SN13 9LR,SEPD,HV,1,TW6551,93,2026-08-25T14:11:56Z,2026-08-25T15:58:35Z,1.78
SN13 9LS,SEPD,HV,1,TW6551,93,2026-08-25T14:11:56Z,2026-08-25T15:58:35Z,1.78
SN13 9LT,SEPD,HV,1,TW6551,93,2026-08-25T14:11:56Z,2026-08-25T15:58:35Z,1.78
SN13 9LW,SEPD,HV,1,TW6551,93,2026-08-25T14:11:56Z,2026-08-25T15:58:35Z,1.78
SN13 9LX,SEPD,HV,1,TW6551,93,2026-08-25T14:11:56Z,2026-08-25T15:58:35Z,1.78
SN13 9LY,SEPD,HV,1,TW6551,93,2026-08-25T14:11:56Z,2026-08-25T15:58:35Z,1.78
KW17 2QT,SHEPD,LV,1,TW7608,2,2026-08-26T09:50:55Z,2026-08-26T11:37:21Z,1.77
PA20 0QT,SHEPD,PSI,1,253987,16,2026-08-26T09:50:55Z,2026-08-26T11:37:21Z,1.77
BA11 5EY,SEPD,LV,1,TW8272,4,2026-08-26T16:41:54Z,2026-08-26T18:25:38Z,1.73
PO1 5HZ,SEPD,LV,1,TW6481,13,2026-08-25T13:23:21Z,2026-08-25T15:06:54Z,1.73
PO1 5JA,SEPD,LV,1,TW6481,13,2026-08-25T13:23:21Z,2026-08-25T15:06:54Z,1.73
SO16 9QU,SEPD,LV,1,TW8394,3,2026-08-26T16:41:54Z,2026-08-26T18:25:38Z,1.73
SP11,SEPD,HV,1,TW6502,48,2026-08-25T13:23:21Z,2026-08-25T15:06:54Z,1.73
SP11 8PQ,SEPD,HV,1,TW6502,48,2026-08-25T13:23:21Z,2026-08-25T15:06:54Z,1.73
SP11 8PR,SEPD,HV,1,TW6502,48,2026-08-25T13:23:21Z,2026-08-25T15:06:54Z,1.73
SP11 8QQ,SEPD,HV,1,TW6502,48,2026-08-25T13:23:21Z,2026-08-25T15:06:54Z,1.73
SP4 0EE,SEPD,HV,1,TW6502,48,2026-08-25T13:23:21Z,2026-08-25T15:06:54Z,1.73
SP4 0EF,SEPD,HV,1,TW6502,48,2026-08-25T13:23:21Z,2026-08-25T15:06:54Z,1.73
SP4 0EG,SEPD,HV,1,TW6502,48,2026-08-25T13:23:21Z,2026-08-25T15:06:54Z,1.73
SP9 7UY,SEPD,HV,1,TW6502,48,2026-08-25T13:23:21Z,2026-08-25T15:06:54Z,1.73
SP9 7UZ,SEPD,HV,1,TW6502,48,2026-08-25T13:23:21Z,2026-08-25T15:06:54Z,1.73
SP9 7YA,SEPD,HV,1,TW6502,48,2026-08-25T13:23:21Z,2026-08-25T15:06:54Z,1.73
SP9 7YB,SEPD,HV,1,TW6502,48,2026-08-25T13:23:21Z,2026-08-25T15:06:54Z,1.73
SP9 7YQ,SEPD,HV,1,TW6502,48,2026-08-25T13:23:21Z,2026-08-25T15:06:54Z,1.73
OX14 5BF,SEPD,LV,1,TW3452,55,2026-08-23T07:07:23Z,2026-08-23T08:50:47Z,1.72
OX14 5BJ,SEPD,LV,1,TW3452,55,2026-08-23T07:07:23Z,2026-08-23T08:50:47Z,1.72
OX14 5BL,SEPD,LV,1,TW3452,55,2026-08-23T07:07:23Z,2026-08-23T08:50:47Z,1.72
OX14 5BP,SEPD,LV,1,TW3452,55,2026-08-23T07:07:23Z,2026-08-23T08:50:47Z,1.72
OX14 5BT,SEPD,LV,1,TW3452,55,2026-08-23T07:07:23Z,2026-08-23T08:50:47Z,1.72
OX14 5BU,SEPD,LV,1,TW3452,55,2026-08-23T07:07:23Z,2026-08-23T08:50:47Z,1.72
OX14 5EE,SEPD,LV,1,TW3452,55,2026-08-23T07:07:23Z,2026-08-23T08:50:47Z,1.72
OX14 5EG,SEPD,LV,1,TW3452,55,2026-08-23T07:07:23Z,2026-08-23T08:50:47Z,1.72
OX14 5EY,SEPD,LV,1,TW3452,55,2026-08-23T07:07:23Z,2026-08-23T08:50:47Z,1.72
OX14 5FG,SEPD,LV,1,TW3452,55,2026-08-23T07:07:23Z,2026-08-23T08:50:47Z,1.72
OX14 5SA,SEPD,LV,1,TW3452,55,2026-08-23T07:07:23Z,2026-08-23T08:50:47Z,1.72
OX14 5UA,SEPD,LV,1,TW3452,55,2026-08-23T07:07:23Z,2026-08-23T08:50:47Z,1.72
BH22 8HF,SEPD,LV,1,TW3308,3,2026-08-23T00:13:25Z,2026-08-23T01:55:39Z,1.7
BH9 1TF,SEPD,LV,1,TW4149,22,2026-08-23T22:07:11Z,2026-08-23T23:49:12Z,1.7
BH9 1TU,SEPD,LV,1,TW4149,22,2026-08-23T22:07:11Z,2026-08-23T23:49:12Z,1.7
BH9 2BE,SEPD,LV,1,TW4149,22,2026-08-23T22:07:11Z,2026-08-23T23:49:12Z,1.7
BH9 2BG,SEPD,LV,1,TW4149,22,2026-08-23T22:07:11Z,2026-08-23T23:49:12Z,1.7
IV16 9XW,SHEPD,PSI,1,253647,10,2026-08-24T10:19:04Z,2026-08-24T12:00:58Z,1.7
IV16 9YW,SHEPD,PSI,1,253647,10,2026-08-24T10:19:04Z,2026-08-24T12:00:58Z,1.7
OX28 5NS,SEPD,LV,1,TW6993,16,2026-08-25T19:05:13Z,2026-08-25T20:47:31Z,1.7
OX28 5PA,SEPD,LV,1,TW6993,16,2026-08-25T19:05:13Z,2026-08-25T20:47:31Z,1.7
SP5 2DS,SEPD,LV,1,TV8089,2,2026-08-24T10:19:04Z,2026-08-24T12:00:58Z,1.7
PO15 6FD,SEPD,LV,1,TW5562,20,2026-08-25T04:23:11Z,2026-08-25T06:04:42Z,1.69
PO15 6FL,SEPD,LV,1,TW5562,20,2026-08-25T04:23:11Z,2026-08-25T06:04:42Z,1.69
PO15 6HZ,SEPD,LV,1,TW5562,20,2026-08-25T04:23:11Z,2026-08-25T06:04:42Z,1.69
PO15 6JE,SEPD,LV,1,TW5562,20,2026-08-25T04:23:11Z,2026-08-25T06:04:42Z,1.69
PO15 6JY,SEPD,LV,1,TW5562,20,2026-08-25T04:23:11Z,2026-08-25T06:04:42Z,1.69
PO15 6LA,SEPD,LV,1,TW5562,20,2026-08-25T04:23:11Z,2026-08-25T06:04:42Z,1.69
PO15 6QB,SEPD,LV,1,TW5562,20,2026-08-25T04:23:11Z,2026-08-25T06:04:42Z,1.69
IV30 5YF,SHEPD,HV,2,"TW3552,TW6785",813,2026-08-23T08:13:11Z,2026-08-25T17:50:54Z,1.68
IV30 5YP,SHEPD,HV,2,"TW3552,TW6785",813,2026-08-23T08:13:11Z,2026-08-25T17:50:54Z,1.68
IV30 5YQ,SHEPD,HV,2,"TW3552,TW6785",813,2026-08-23T08:13:11Z,2026-08-25T17:50:54Z,1.68
IV30 8XN,SHEPD,HV,2,"TW3552,TW6785",813,2026-08-23T08:13:11Z,2026-08-25T17:50:54Z,1.68
PH7 3NQ,SHEPD,HV,1,TW4089,20,2026-08-23T19:03:53Z,2026-08-23T20:40:00Z,1.6
PH7 3NX,SHEPD,HV,1,TW4089,20,2026-08-23T19:03:53Z,2026-08-23T20:40:00Z,1.6
PH7 4JR,SHEPD,HV,1,TW4089,20,2026-08-23T19:03:53Z,2026-08-23T20:40:00Z,1.6
AB37 9AB,SHEPD,LV,1,TW3685,9,2026-08-23T11:27:45Z,2026-08-23T13:03:14Z,1.59
AB37 9BQ,SHEPD,LV,1,TW3685,9,2026-08-23T11:27:45Z,2026-08-23T13:03:14Z,1.59
SL4 4HP,SEPD,LV,1,TW3697,40,2026-08-23T11:27:45Z,2026-08-23T13:03:14Z,1.59
SL4 4JH,SEPD,LV,1,TW3697,40,2026-08-23T11:27:45Z,2026-08-23T13:03:14Z,1.59
SL4 4JJ,SEPD,LV,1,TW3697,40,2026-08-23T11:27:45Z,2026-08-23T13:03:14Z,1.59
SL4 4JP,SEPD,LV,1,TW3697,40,2026-08-23T11:27:45Z,2026-08-23T13:03:14Z,1.59
SL4 4JQ,SEPD,LV,1,TW3697,40,2026-08-23T11:27:45Z,2026-08-23T13:03:14Z,1.59
SL4 4JW,SEPD,LV,1,TW3697,40,2026-08-23T11:27:45Z,2026-08-23T13:03:14Z,1.59
SL4 4NY,SEPD,LV,1,TW3697,40,2026-08-23T11:27:45Z,2026-08-23T13:03:14Z,1.59
GU19 5JR,SEPD,LV,1,TW6316,23,2026-08-25T11:49:26Z,2026-08-25T13:23:21Z,1.57
GU19 5JS,SEPD,LV,1,TW6316,23,2026-08-25T11:49:26Z,2026-08-25T13:23:21Z,1.57
GU19 5JT,SEPD,LV,1,TW6316,23,2026-08-25T11:49:26Z,2026-08-25T13:23:21Z,1.57
SL6 0HX,SEPD,HV,1,TW3658,63,2026-08-23T10:38:45Z,2026-08-23T12:11:50Z,1.55
SL6 9DA,SEPD,HV,1,TW3658,63,2026-08-23T10:38:45Z,2026-08-23T12:11:50Z,1.55
SL6 9DF,SEPD,HV,1,TW3658,63,2026-08-23T10:38:45Z,2026-08-23T12:11:50Z,1.55
SL6 9DZ,SEPD,HV,1,TW3658,63,2026-08-23T10:38:45Z,2026-08-23T12:11:50Z,1.55
SL6 9GX,SEPD,HV,1,TW3658,63,2026-08-23T10:38:45Z,2026-08-23T12:11:50Z,1.55
SL6 9QD,SEPD,HV,1,TW3658,63,2026-08-23T10:38:45Z,2026-08-23T12:11:50Z,1.55
SL6 9QE,SEPD,HV,1,TW3658,63,2026-08-23T10:38:45Z,2026-08-23T12:11:50Z,1.55
SL6 9QF,SEPD,HV,1,TW3658,63,2026-08-23T10:38:45Z,2026-08-23T12:11:50Z,1.55
SL6 9QG,SEPD,HV,1,TW3658,63,2026-08-23T10:38:45Z,2026-08-23T12:11:50Z,1.55
SL6 9QH,SEPD,HV,1,TW3658,63,2026-08-23T10:38:45Z,2026-08-23T12:11:50Z,1.55
SL6 9QJ,SEPD,HV,1,TW3658,63,2026-08-23T10:38:45Z,2026-08-23T12:11:50Z,1.55
SL6 9QL,SEPD,HV,1,TW3658,63,2026-08-23T10:38:45Z,2026-08-23T12:11:50Z,1.55
SL6 9QN,SEPD,HV,1,TW3658,63,2026-08-23T10:38:45Z,2026-08-23T12:11:50Z,1.55
SL6 9QP,SEPD,HV,1,TW3658,63,2026-08-23T10:38:45Z,2026-08-23T12:11:50Z,1.55
SL6 9QQ,SEPD,HV,1,TW3658,63,2026-08-23T10:38:45Z,2026-08-23T12:11:50Z,1.55
SL6 9QR,SEPD,HV,1,TW3658,63,2026-08-23T10:38:45Z,2026-08-23T12:11:50Z,1.55
SL6 9QS,SEPD,HV,1,TW3658,63,2026-08-23T10:38:45Z,2026-08-23T12:11:50Z,1.55
SL6 9QT,SEPD,HV,1,TW3658,63,2026-08-23T10:38:45Z,2026-08-23T12:11:50Z,1.55
SL6 9QU,SEPD,HV,1,TW3658,63,2026-08-23T10:38:45Z,2026-08-23T12:11:50Z,1.55
SL6 9QW,SEPD,HV,1,TW3658,63,2026-08-23T10:38:45Z,2026-08-23T12:11:50Z,1.55
SL6 9QX,SEPD,HV,1,TW3658,63,2026-08-23T10:38:45Z,2026-08-23T12:11:50Z,1.55
SL6 9QY,SEPD,HV,1,TW3658,63,2026-08-23T10:38:45Z,2026-08-23T12:11:50Z,1.55
SL6 9QZ,SEPD,HV,1,TW3658,63,2026-08-23T10:38:45Z,2026-08-23T12:11:50Z,1.55
SL6 9RA,SEPD,HV,1,TW3658,63,2026-08-23T10:38:45Z,2026-08-23T12:11:50Z,1.55
SL6 9RB,SEPD,HV,1,TW3658,63,2026-08-23T10:38:45Z,2026-08-23T12:11:50Z,1.55
SL6 9RD,SEPD,HV,1,TW3658,63,2026-08-23T10:38:45Z,2026-08-23T12:11:50Z,1.55
SL6 9RE,SEPD,HV,1,TW3658,63,2026-08-23T10:38:45Z,2026-08-23T12:11:50Z,1.55
SL6 9RH,SEPD,HV,1,TW3658,63,2026-08-23T10:38:45Z,2026-08-23T12:11:50Z,1.55
SL6 9RL,SEPD,HV,1,TW3658,63,2026-08-23T10:38:45Z,2026-08-23T12:11:50Z,1.55
SL6 9RN,SEPD,HV,1,TW3658,63,2026-08-23T10:38:45Z,2026-08-23T12:11:50Z,1.55
SL6 9RP,SEPD,HV,1,TW3658,63,2026-08-23T10:38:45Z,2026-08-23T12:11:50Z,1.55
SL6 9RR,SEPD,HV,1,TW3658,63,2026-08-23T10:38:45Z,2026-08-23T12:11:50Z,1.55
SL6 9RS,SEPD,HV,1,TW3658,63,2026-08-23T10:38:45Z,2026-08-23T12:11:50Z,1.55
SL6 9RT,SEPD,HV,1,TW3658,63,2026-08-23T10:38:45Z,2026-08-23T12:11:50Z,1.55
SL6 9RU,SEPD,HV,1,TW3658,63,2026-08-23T10:38:45Z,2026-08-23T12:11:50Z,1.55
SL6 9RW,SEPD,HV,1,TW3658,63,2026-08-23T10:38:45Z,2026-08-23T12:11:50Z,1.55
SL6 9RX,SEPD,HV,1,TW3658,63,2026-08-23T10:38:45Z,2026-08-23T12:11:50Z,1.55
SL6 9RY,SEPD,HV,1,TW3658,63,2026-08-23T10:38:45Z,2026-08-23T12:11:50Z,1.55
SL6 9RZ,SEPD,HV,1,TW3658,63,2026-08-23T10:38:45Z,2026-08-23T12:11:50Z,1.55
SL6 9SA,SEPD,HV,1,TW3658,63,2026-08-23T10:38:45Z,2026-08-23T12:11:50Z,1.55
SL6 9SB,SEPD,HV,1,TW3658,63,2026-08-23T10:38:45Z,2026-08-23T12:11:50Z,1.55
SL6 9SD,SEPD,HV,1,TW3658,63,2026-08-23T10:38:45Z,2026-08-23T12:11:50Z,1.55
SL6 9SE,SEPD,HV,1,TW3658,63,2026-08-23T10:38:45Z,2026-08-23T12:11:50Z,1.55
SL6 9SF,SEPD,HV,1,TW3658,63,2026-08-23T10:38:45Z,2026-08-23T12:11:50Z,1.55
SL6 9SG,SEPD,HV,1,TW3658,63,2026-08-23T10:38:45Z,2026-08-23T12:11:50Z,1.55
SL6 9SH,SEPD,HV,1,TW3658,63,2026-08-23T10:38:45Z,2026-08-23T12:11:50Z,1.55
SL6 9SJ,SEPD,HV,1,TW3658,63,2026-08-23T10:38:45Z,2026-08-23T12:11:50Z,1.55
SL6 9SL,SEPD,HV,1,TW3658,63,2026-08-23T10:38:45Z,2026-08-23T12:11:50Z,1.55
SL6 9SN,SEPD,HV,1,TW3658,63,2026-08-23T10:38:45Z,2026-08-23T12:11:50Z,1.55
SL6 9SP,SEPD,HV,1,TW3658,63,2026-08-23T10:38:45Z,2026-08-23T12:11:50Z,1.55
SL6 9SQ,SEPD,HV,1,TW3658,63,2026-08-23T10:38:45Z,2026-08-23T12:11:50Z,1.55
SL6 9SR,SEPD,HV,1,TW3658,63,2026-08-23T10:38:45Z,2026-08-23T12:11:50Z,1.55
SL6 9SS,SEPD,HV,1,TW3658,63,2026-08-23T10:38:45Z,2026-08-23T12:11:50Z,1.55
SL6 9SU,SEPD,HV,1,TW3658,63,2026-08-23T10:38:45Z,2026-08-23T12:11:50Z,1.55
SL6 9SW,SEPD,HV,1,TW3658,63,2026-08-23T10:38:45Z,2026-08-23T12:11:50Z,1.55
SL6 9SX,SEPD,HV,1,TW3658,63,2026-08-23T10:38:45Z,2026-08-23T12:11:50Z,1.55
SL6 9SY,SEPD,HV,1,TW3658,63,2026-08-23T10:38:45Z,2026-08-23T12:11:50Z,1.55
SL6 9TA,SEPD,HV,1,TW3658,63,2026-08-23T10:38:45Z,2026-08-23T12:11:50Z,1.55
SL6 9TE,SEPD,HV,1,TW3658,63,2026-08-23T10:38:45Z,2026-08-23T12:11:50Z,1.55
SL6 9TF,SEPD,HV,1,TW3658,63,2026-08-23T10:38:45Z,2026-08-23T12:11:50Z,1.55
SL6 9TH,SEPD,HV,1,TW3658,63,2026-08-23T10:38:45Z,2026-08-23T12:11:50Z,1.55
SL6 9XH,SEPD,HV,1,TW3658,63,2026-08-23T10:38:45Z,2026-08-23T12:11:50Z,1.55
SL8 5BD,SEPD,HV,1,TW3658,63,2026-08-23T10:38:45Z,2026-08-23T12:11:50Z,1.55
SL8 5EE,SEPD,HV,1,TW3658,63,2026-08-23T10:38:45Z,2026-08-23T12:11:50Z,1.55
SL8 5EJ,SEPD,HV,1,TW3658,63,2026-08-23T10:38:45Z,2026-08-23T12:11:50Z,1.55
SL8 5EN,SEPD,HV,1,TW3658,63,2026-08-23T10:38:45Z,2026-08-23T12:11:50Z,1.55
SL8 5EP,SEPD,HV,1,TW3658,63,2026-08-23T10:38:45Z,2026-08-23T12:11:50Z,1.55
SL8 5ER,SEPD,HV,1,TW3658,63,2026-08-23T10:38:45Z,2026-08-23T12:11:50Z,1.55
SL8 5ES,SEPD,HV,1,TW3658,63,2026-08-23T10:38:45Z,2026-08-23T12:11:50Z,1.55
SL8 5ET,SEPD,HV,1,TW3658,63,2026-08-23T10:38:45Z,2026-08-23T12:11:50Z,1.55
SL8 5EU,SEPD,HV,1,TW3658,63,2026-08-23T10:38:45Z,2026-08-23T12:11:50Z,1.55
SL8 5EW,SEPD,HV,1,TW3658,63,2026-08-23T10:38:45Z,2026-08-23T12:11:50Z,1.55
SL8 5EX,SEPD,HV,1,TW3658,63,2026-08-23T10:38:45Z,2026-08-23T12:11:50Z,1.55
SL8 5JL,SEPD,HV,1,TW3658,63,2026-08-23T10:38:45Z,2026-08-23T12:11:50Z,1.55
SL8 5JN,SEPD,HV,1,TW3658,63,2026-08-23T10:38:45Z,2026-08-23T12:11:50Z,1.55
SL8 5JW,SEPD,HV,1,TW3658,63,2026-08-23T10:38:45Z,2026-08-23T12:11:50Z,1.55
SL8 5RG,SEPD,HV,1,TW3658,63,2026-08-23T10:38:45Z,2026-08-23T12:11:50Z,1.55
IV23 2QB,SHEPD,PSI,1,254043,13,2026-08-25T16:47:37Z,2026-08-25T18:19:44Z,1.54
IV23 2QD,SHEPD,PSI,1,254043,13,2026-08-25T16:47:37Z,2026-08-25T18:19:44Z,1.54
RG6 1ET,SEPD,HV,1,TW6860,131,2026-08-25T16:47:37Z,2026-08-25T18:19:44Z,1.54
RG6 1EU,SEPD,HV,1,TW6860,131,2026-08-25T16:47:37Z,2026-08-25T18:19:44Z,1.54
RG6 1EZ,SEPD,HV,1,TW6860,131,2026-08-25T16:47:37Z,2026-08-25T18:19:44Z,1.54
RG6 1HA,SEPD,HV,1,TW6860,131,2026-08-25T16:47:37Z,2026-08-25T18:19:44Z,1.54
RG6 1JY,SEPD,HV,1,TW6860,131,2026-08-25T16:47:37Z,2026-08-25T18:19:44Z,1.54
GU29 9LT,SEPD,LV,1,TW7453,13,2026-08-26T08:54:10Z,2026-08-26T10:23:02Z,1.48
GU29 9NA,SEPD,LV,1,TW7453,13,2026-08-26T08:54:10Z,2026-08-26T10:23:02Z,1.48
HP10 8PH,SEPD,LV,1,TW7014,2,2026-08-25T19:45:03Z,2026-08-25T21:13:42Z,1.48
KY14 7RY,SHEPD,PSI,1,253495,3,2026-08-26T08:54:10Z,2026-08-26T10:23:02Z,1.48
PA21 2DH,SHEPD,PSI,1,253701,14,2026-08-26T08:54:10Z,2026-08-26T10:23:02Z,1.48
PA27,SHEPD,PSI,1,253701,14,2026-08-26T08:54:10Z,2026-08-26T10:23:02Z,1.48
PA27 8BU,SHEPD,PSI,1,253701,14,2026-08-26T08:54:10Z,2026-08-26T10:23:02Z,1.48
PH2 9PX,SHEPD,PSI,1,253495,3,2026-08-26T08:54:10Z,2026-08-26T10:23:02Z,1.48
RG42 6NS,SEPD,PSI,1,253598,2,2026-08-26T08:54:10Z,2026-08-26T10:23:02Z,1.48
SL4 4SD,SEPD,PSI,1,253598,2,2026-08-26T08:54:10Z,2026-08-26T10:23:02Z,1.48
AB42 5DE,SHEPD,HV,1,TW4166,132,2026-08-23T22:57:49Z,2026-08-24T00:25:19Z,1.46
AB42 5DN,SHEPD,HV,1,TW4166,132,2026-08-23T22:57:49Z,2026-08-24T00:25:19Z,1.46
AB42 5DR,SHEPD,HV,1,TW4166,132,2026-08-23T22:57:49Z,2026-08-24T00:25:19Z,1.46
AB42 5FL,SHEPD,HV,1,TW4166,132,2026-08-23T22:57:49Z,2026-08-24T00:25:19Z,1.46
AB42 5HR,SHEPD,HV,1,TW4166,132,2026-08-23T22:57:49Z,2026-08-24T00:25:19Z,1.46
AB42 5TH,SHEPD,HV,1,TW4166,132,2026-08-23T22:57:49Z,2026-08-24T00:25:19Z,1.46
AB42 5TP,SHEPD,HV,1,TW4166,132,2026-08-23T22:57:49Z,2026-08-24T00:25:19Z,1.46
AB42 5TR,SHEPD,HV,1,TW4166,132,2026-08-23T22:57:49Z,2026-08-24T00:25:19Z,1.46
PO14 2ED,SEPD,LV,1,TW5602,3,2026-08-25T05:41:41Z,2026-08-25T07:06:58Z,1.42
PO14 2HR,SEPD,LV,1,TW5602,3,2026-08-25T05:41:41Z,2026-08-25T07:06:58Z,1.42
PO14 2HS,SEPD,LV,1,TW5602,3,2026-08-25T05:41:41Z,2026-08-25T07:06:58Z,1.42
PO14 2HT,SEPD,LV,1,TW5602,3,2026-08-25T05:41:41Z,2026-08-25T07:06:58Z,1.42
GU47 0RU,SEPD,LV,1,TW3802,27,2026-08-23T13:41:43Z,2026-08-23T14:59:28Z,1.3
GU47 0UH,SEPD,LV,1,TW3802,27,2026-08-23T13:41:43Z,2026-08-23T14:59:28Z,1.3
GU47 0YH,SEPD,LV,1,TW3802,27,2026-08-23T13:41:43Z,2026-08-23T14:59:28Z,1.3
GU47 0YU,SEPD,LV,1,TW3802,27,2026-08-23T13:41:43Z,2026-08-23T14:59:28Z,1.3
SP4 7EA,SEPD,PSI,1,254151,5,2026-08-23T08:50:47Z,2026-08-23T10:08:46Z,1.3
SP4 7EG,SEPD,PSI,1,254151,5,2026-08-23T08:50:47Z,2026-08-23T10:08:46Z,1.3
SP4 7LS,SEPD,PSI,1,254151,5,2026-08-23T08:50:47Z,2026-08-23T10:08:46Z,1.3
BH15 3EB,SEPD,LV,1,TW3395,9,2026-08-23T05:50:28Z,2026-08-23T07:07:23Z,1.28
SN4 9PA,SEPD,LV,1,TW3858,14,2026-08-23T14:59:28Z,2026-08-23T16:15:32Z,1.27
SN4 9PG,SEPD,LV,1,TW3858,14,2026-08-23T14:59:28Z,2026-08-23T16:15:32Z,1.27
SN4 9PN,SEPD,LV,1,TW3858,14,2026-08-23T14:59:28Z,2026-08-23T16:15:32Z,1.27
SN4 9PQ,SEPD,LV,1,TW3858,14,2026-08-23T14:59:28Z,2026-08-23T16:15:32Z,1.27
SN4 9PR,SEPD,LV,1,TW3858,14,2026-08-23T14:59:28Z,2026-08-23T16:15:32Z,1.27
SN4 9PT,SEPD,LV,1,TW3858,14,2026-08-23T14:59:28Z,2026-08-23T16:15:32Z,1.27
PO1 2RY,SEPD,LV,1,TW7653,16,2026-08-26T09:50:55Z,2026-08-26T10:59:21Z,1.14
PO1 2SA,SEPD,LV,1,TW7653,16,2026-08-26T09:50:55Z,2026-08-26T10:59:21Z,1.14
RG6 1HE,SEPD,HV,1,TW6860,131,2026-08-25T19:05:13Z,2026-08-25T20:12:10Z,1.12
RG6 1HJ,SEPD,HV,1,TW6860,131,2026-08-25T19:05:13Z,2026-08-25T20:12:10Z,1.12
RG6 1HL,SEPD,HV,1,TW6860,131,2026-08-25T19:05:13Z,2026-08-25T20:12:10Z,1.12
RG6 1HN,SEPD,HV,1,TW6860,131,2026-08-25T19:05:13Z,2026-08-25T20:12:10Z,1.12
RG6 1HQ,SEPD,HV,1,TW6860,131,2026-08-25T19:05:13Z,2026-08-25T20:12:10Z,1.12
RG6 1HT,SEPD,HV,1,TW6860,131,2026-08-25T19:05:13Z,2026-08-25T20:12:10Z,1.12
RG6 1HU,SEPD,HV,1,TW6860,131,2026-08-25T19:05:13Z,2026-08-25T20:12:10Z,1.12
RG6 1HW,SEPD,HV,1,TW6860,131,2026-08-25T19:05:13Z,2026-08-25T20:12:10Z,1.12
RG6 1LQ,SEPD,HV,1,TW6860,131,2026-08-25T19:05:13Z,2026-08-25T20:12:10Z,1.12
AB51 3NP,SHEPD,LV,1,TW4615,11,2026-08-24T12:00:58Z,2026-08-24T13:06:56Z,1.1
AB51 3XT,SHEPD,LV,1,TW4615,11,2026-08-24T12:00:58Z,2026-08-24T13:06:56Z,1.1
OX3 0JE,SEPD,LV,2,"TW7176,TW7262",24,2026-08-26T01:51:12Z,2026-08-26T07:54:01Z,1.08
OX3 0JP,SEPD,LV,2,"TW7176,TW7262",24,2026-08-26T01:51:12Z,2026-08-26T07:54:01Z,1.08
OX3 0JQ,SEPD,LV,2,"TW7176,TW7262",24,2026-08-26T01:51:12Z,2026-08-26T07:54:01Z,1.08
IV30 1YE,SHEPD,HV,1,TW6178,59,2026-08-25T11:13:50Z,2026-08-25T12:18:45Z,1.08
IV30 8RP,SHEPD,HV,1,TW6178,59,2026-08-25T11:13:50Z,2026-08-25T12:18:45Z,1.08
IV30 8RR,SHEPD,HV,1,TW6178,59,2026-08-25T11:13:50Z,2026-08-25T12:18:45Z,1.08
IV30 8SN,SHEPD,HV,1,TW6178,59,2026-08-25T11:13:50Z,2026-08-25T12:18:45Z,1.08
IV30 8SP,SHEPD,HV,1,TW6178,59,2026-08-25T11:13:50Z,2026-08-25T12:18:45Z,1.08
IV30 8SW,SHEPD,HV,1,TW6178,59,2026-08-25T11:13:50Z,2026-08-25T12:18:45Z,1.08
TW16 7QB,SEPD,LV,1,TW7073,27,2026-08-26T01:51:12Z,2026-08-26T02:55:47Z,1.08
TW16 7QX,SEPD,LV,1,TW7073,27,2026-08-26T01:51:12Z,2026-08-26T02:55:47Z,1.08
TW16 7QY,SEPD,LV,1,TW7073,27,2026-08-26T01:51:12Z,2026-08-26T02:55:47Z,1.08
TW16 7RA,SEPD,LV,1,TW7073,27,2026-08-26T01:51:12Z,2026-08-26T02:55:47Z,1.08
TW16 7RB,SEPD,LV,1,TW7073,27,2026-08-26T01:51:12Z,2026-08-26T02:55:47Z,1.08
TW16 7RD,SEPD,LV,1,TW7073,27,2026-08-26T01:51:12Z,2026-08-26T02:55:47Z,1.08
TW16 7TA,SEPD,LV,1,TW7073,27,2026-08-26T01:51:12Z,2026-08-26T02:55:47Z,1.08
IV30 4JX,SHEPD,HV,1,TW6785,647,2026-08-25T16:47:37Z,2026-08-25T17:50:54Z,1.05
IV30 5QA,SHEPD,HV,1,TW6785,647,2026-08-25T16:47:37Z,2026-08-25T17:50:54Z,1.05
IV30 5QB,SHEPD,HV,1,TW6785,647,2026-08-25T16:47:37Z,2026-08-25T17:50:54Z,1.05
IV30 5QD,SHEPD,HV,1,TW6785,647,2026-08-25T16:47:37Z,2026-08-25T17:50:54Z,1.05
IV30 5QH,SHEPD,HV,1,TW6785,647,2026-08-25T16:47:37Z,2026-08-25T17:50:54Z,1.05
IV30 5QJ,SHEPD,HV,1,TW6785,647,2026-08-25T16:47:37Z,2026-08-25T17:50:54Z,1.05
IV30 5QL,SHEPD,HV,1,TW6785,647,2026-08-25T16:47:37Z,2026-08-25T17:50:54Z,1.05
IV30 5QN,SHEPD,HV,1,TW6785,647,2026-08-25T16:47:37Z,2026-08-25T17:50:54Z,1.05
IV30 5QP,SHEPD,HV,1,TW6785,647,2026-08-25T16:47:37Z,2026-08-25T17:50:54Z,1.05
IV30 5QQ,SHEPD,HV,1,TW6785,647,2026-08-25T16:47:37Z,2026-08-25T17:50:54Z,1.05
IV30 5QR,SHEPD,HV,1,TW6785,647,2026-08-25T16:47:37Z,2026-08-25T17:50:54Z,1.05
IV30 5QS,SHEPD,HV,1,TW6785,647,2026-08-25T16:47:37Z,2026-08-25T17:50:54Z,1.05
IV30 5QU,SHEPD,HV,1,TW6785,647,2026-08-25T16:47:37Z,2026-08-25T17:50:54Z,1.05
IV30 5QW,SHEPD,HV,1,TW6785,647,2026-08-25T16:47:37Z,2026-08-25T17:50:54Z,1.05
IV30 5QX,SHEPD,HV,1,TW6785,647,2026-08-25T16:47:37Z,2026-08-25T17:50:54Z,1.05
IV30 5QY,SHEPD,HV,1,TW6785,647,2026-08-25T16:47:37Z,2026-08-25T17:50:54Z,1.05
IV30 5QZ,SHEPD,HV,1,TW6785,647,2026-08-25T16:47:37Z,2026-08-25T17:50:54Z,1.05
IV30 5RF,SHEPD,HV,1,TW6785,647,2026-08-25T16:47:37Z,2026-08-25T17:50:54Z,1.05
IV30 5RH,SHEPD,HV,1,TW6785,647,2026-08-25T16:47:37Z,2026-08-25T17:50:54Z,1.05
IV30 5RJ,SHEPD,HV,1,TW6785,647,2026-08-25T16:47:37Z,2026-08-25T17:50:54Z,1.05
IV30 5RL,SHEPD,HV,1,TW6785,647,2026-08-25T16:47:37Z,2026-08-25T17:50:54Z,1.05
IV30 5RN,SHEPD,HV,1,TW6785,647,2026-08-25T16:47:37Z,2026-08-25T17:50:54Z,1.05
IV30 5RR,SHEPD,HV,1,TW6785,647,2026-08-25T16:47:37Z,2026-08-25T17:50:54Z,1.05
IV30 5RW,SHEPD,HV,1,TW6785,647,2026-08-25T16:47:37Z,2026-08-25T17:50:54Z,1.05
IV30 5WA,SHEPD,HV,1,TW6785,647,2026-08-25T16:47:37Z,2026-08-25T17:50:54Z,1.05
IV30 5WB,SHEPD,HV,1,TW6785,647,2026-08-25T16:47:37Z,2026-08-25T17:50:54Z,1.05
IV30 5WD,SHEPD,HV,1,TW6785,647,2026-08-25T16:47:37Z,2026-08-25T17:50:54Z,1.05
IV30 5WE,SHEPD,HV,1,TW6785,647,2026-08-25T16:47:37Z,2026-08-25T17:50:54Z,1.05
IV30 5WF,SHEPD,HV,1,TW6785,647,2026-08-25T16:47:37Z,2026-08-25T17:50:54Z,1.05
IV30 5WX,SHEPD,HV,1,TW6785,647,2026-08-25T16:47:37Z,2026-08-25T17:50:54Z,1.05
IV30 5XU,SHEPD,HV,1,TW6785,647,2026-08-25T16:47:37Z,2026-08-25T17:50:54Z,1.05
IV30 5XW,SHEPD,HV,1,TW6785,647,2026-08-25T16:47:37Z,2026-08-25T17:50:54Z,1.05
IV30 5YB,SHEPD,HV,1,TW6785,647,2026-08-25T16:47:37Z,2026-08-25T17:50:54Z,1.05
IV30 5YD,SHEPD,HV,1,TW6785,647,2026-08-25T16:47:37Z,2026-08-25T17:50:54Z,1.05
IV30 5YE,SHEPD,HV,1,TW6785,647,2026-08-25T16:47:37Z,2026-08-25T17:50:54Z,1.05
IV30 5YG,SHEPD,HV,1,TW6785,647,2026-08-25T16:47:37Z,2026-08-25T17:50:54Z,1.05
IV30 8UU,SHEPD,HV,1,TW6785,647,2026-08-25T16:47:37Z,2026-08-25T17:50:54Z,1.05
IV31 6SP,SHEPD,HV,1,TW6785,647,2026-08-25T16:47:37Z,2026-08-25T17:50:54Z,1.05
ZE1 0DG,SHEPD,LV,1,TW5253,2,2026-08-24T17:00:38Z,2026-08-24T18:03:56Z,1.05
ZE1 0TW,SHEPD,LV,1,TW5253,2,2026-08-24T17:00:38Z,2026-08-24T18:03:56Z,1.05
RG22 4BQ,SEPD,LV,1,TW6938,20,2026-08-25T22:10:49Z,2026-08-25T23:12:45Z,1.03
RG22 4DJ,SEPD,LV,1,TW6938,20,2026-08-25T22:10:49Z,2026-08-25T23:12:45Z,1.03
RG22 4DL,SEPD,LV,1,TW6938,20,2026-08-25T22:10:49Z,2026-08-25T23:12:45Z,1.03
BA21 4LT,SEPD,LV,1,TW5460,28,2026-08-24T22:10:52Z,2026-08-24T23:10:46Z,1.0
BA21 4LU,SEPD,LV,1,TW5460,28,2026-08-24T22:10:52Z,2026-08-24T23:10:46Z,1.0
BA21 4NB,SEPD,LV,1,TW5460,28,2026-08-24T22:10:52Z,2026-08-24T23:10:46Z,1.0
BH24 1EY,SEPD,LV,1,TW5448,29,2026-08-24T22:10:52Z,2026-08-24T23:10:46Z,1.0
BH24 1HA,SEPD,LV,1,TW5448,29,2026-08-24T22:10:52Z,2026-08-24T23:10:46Z,1.0
BH24 1HB,SEPD,LV,1,TW5448,29,2026-08-24T22:10:52Z,2026-08-24T23:10:46Z,1.0
BH24 1HE,SEPD,LV,1,TW5448,29,2026-08-24T22:10:52Z,2026-08-24T23:10:46Z,1.0
BH24 1JB,SEPD,LV,1,TW5448,29,2026-08-24T22:10:52Z,2026-08-24T23:10:46Z,1.0
BH24 1JD,SEPD,LV,1,TW5448,29,2026-08-24T22:10:52Z,2026-08-24T23:10:46Z,1.0
OX14,SEPD,HV,2,"TW4385,TW6797",143,2026-08-24T08:26:34Z,2026-08-25T15:58:35Z,0.98
OX1 5QT,SEPD,LV,1,TW4393,26,2026-08-24T08:26:34Z,2026-08-24T09:25:27Z,0.98
OX1 5RN,SEPD,LV,1,TW4393,26,2026-08-24T08:26:34Z,2026-08-24T09:25:27Z,0.98
OX1 5RP,SEPD,HV,1,TW4385,78,2026-08-24T08:26:34Z,2026-08-24T09:25:27Z,0.98
OX1 5SB,SEPD,LV,1,TW4393,26,2026-08-24T08:26:34Z,2026-08-24T09:25:27Z,0.98
OX11 8HB,SEPD,PSI,1,254060,4,2026-08-24T08:26:34Z,2026-08-24T09:25:27Z,0.98
OX14 2DP,SEPD,HV,1,TW4385,78,2026-08-24T08:26:34Z,2026-08-24T09:25:27Z,0.98
OX14 2HP,SEPD,HV,1,TW4385,78,2026-08-24T08:26:34Z,2026-08-24T09:25:27Z,0.98
OX14 2HR,SEPD,HV,1,TW4385,78,2026-08-24T08:26:34Z,2026-08-24T09:25:27Z,0.98
OX14 2HS,SEPD,HV,1,TW4385,78,2026-08-24T08:26:34Z,2026-08-24T09:25:27Z,0.98
OX14 2HU,SEPD,HV,1,TW4385,78,2026-08-24T08:26:34Z,2026-08-24T09:25:27Z,0.98
OX14 2HW,SEPD,HV,1,TW4385,78,2026-08-24T08:26:34Z,2026-08-24T09:25:27Z,0.98
OX14 2JE,SEPD,HV,1,TW4385,78,2026-08-24T08:26:34Z,2026-08-24T09:25:27Z,0.98
OX14 2JF,SEPD,HV,1,TW4385,78,2026-08-24T08:26:34Z,2026-08-24T09:25:27Z,0.98
OX14 2JG,SEPD,HV,1,TW4385,78,2026-08-24T08:26:34Z,2026-08-24T09:25:27Z,0.98
OX14 2JL,SEPD,HV,1,TW4385,78,2026-08-24T08:26:34Z,2026-08-24T09:25:27Z,0.98
OX14 2JN,SEPD,HV,1,TW4385,78,2026-08-24T08:26:34Z,2026-08-24T09:25:27Z,0.98
OX14 2JP,SEPD,HV,1,TW4385,78,2026-08-24T08:26:34Z,2026-08-24T09:25:27Z,0.98
OX14 2JW,SEPD,HV,1,TW4385,78,2026-08-24T08:26:34Z,2026-08-24T09:25:27Z,0.98
OX14 2LY,SEPD,HV,1,TW4385,78,2026-08-24T08:26:34Z,2026-08-24T09:25:27Z,0.98
OX14 2ND,SEPD,HV,1,TW4385,78,2026-08-24T08:26:34Z,2026-08-24T09:25:27Z,0.98
OX14 2NE,SEPD,HV,1,TW4385,78,2026-08-24T08:26:34Z,2026-08-24T09:25:27Z,0.98
OX14 2NJ,SEPD,HV,1,TW4385,78,2026-08-24T08:26:34Z,2026-08-24T09:25:27Z,0.98
OX14 2NL,SEPD,HV,1,TW4385,78,2026-08-24T08:26:34Z,2026-08-24T09:25:27Z,0.98
OX14 2NN,SEPD,HV,1,TW4385,78,2026-08-24T08:26:34Z,2026-08-24T09:25:27Z,0.98
OX14 2NW,SEPD,HV,1,TW4385,78,2026-08-24T08:26:34Z,2026-08-24T09:25:27Z,0.98
OX14 3AE,SEPD,HV,1,TW4385,78,2026-08-24T08:26:34Z,2026-08-24T09:25:27Z,0.98
OX14 3AF,SEPD,HV,1,TW4385,78,2026-08-24T08:26:34Z,2026-08-24T09:25:27Z,0.98
OX14 3AG,SEPD,HV,1,TW4385,78,2026-08-24T08:26:34Z,2026-08-24T09:25:27Z,0.98
OX14 3AH,SEPD,HV,1,TW4385,78,2026-08-24T08:26:34Z,2026-08-24T09:25:27Z,0.98
OX14 3AJ,SEPD,HV,1,TW4385,78,2026-08-24T08:26:34Z,2026-08-24T09:25:27Z,0.98
OX14 3AL,SEPD,HV,1,TW4385,78,2026-08-24T08:26:34Z,2026-08-24T09:25:27Z,0.98
OX14 3AN,SEPD,HV,1,TW4385,78,2026-08-24T08:26:34Z,2026-08-24T09:25:27Z,0.98
OX14 3AP,SEPD,HV,1,TW4385,78,2026-08-24T08:26:34Z,2026-08-24T09:25:27Z,0.98
OX14 3AQ,SEPD,HV,1,TW4385,78,2026-08-24T08:26:34Z,2026-08-24T09:25:27Z,0.98
OX14 3AR,SEPD,HV,1,TW4385,78,2026-08-24T08:26:34Z,2026-08-24T09:25:27Z,0.98
OX14 3AS,SEPD,HV,1,TW4385,78,2026-08-24T08:26:34Z,2026-08-24T09:25:27Z,0.98
OX14 3AT,SEPD,HV,1,TW4385,78,2026-08-24T08:26:34Z,2026-08-24T09:25:27Z,0.98
OX14 3AU,SEPD,HV,1,TW4385,78,2026-08-24T08:26:34Z,2026-08-24T09:25:27Z,0.98
OX14 3AW,SEPD,HV,1,TW4385,78,2026-08-24T08:26:34Z,2026-08-24T09:25:27Z,0.98
OX14 3AX,SEPD,HV,1,TW4385,78,2026-08-24T08:26:34Z,2026-08-24T09:25:27Z,0.98
OX14 3AY,SEPD,HV,1,TW4385,78,2026-08-24T08:26:34Z,2026-08-24T09:25:27Z,0.98
OX14 3BA,SEPD,HV,1,TW4385,78,2026-08-24T08:26:34Z,2026-08-24T09:25:27Z,0.98
OX14 3BG,SEPD,HV,1,TW4385,78,2026-08-24T08:26:34Z,2026-08-24T09:25:27Z,0.98
OX14 3BJ,SEPD,HV,1,TW4385,78,2026-08-24T08:26:34Z,2026-08-24T09:25:27Z,0.98
OX14 3BL,SEPD,HV,1,TW4385,78,2026-08-24T08:26:34Z,2026-08-24T09:25:27Z,0.98
OX14 3BQ,SEPD,HV,1,TW4385,78,2026-08-24T08:26:34Z,2026-08-24T09:25:27Z,0.98
OX14 3FD,SEPD,HV,1,TW4385,78,2026-08-24T08:26:34Z,2026-08-24T09:25:27Z,0.98
OX14 3FJ,SEPD,HV,1,TW4385,78,2026-08-24T08:26:34Z,2026-08-24T09:25:27Z,0.98
OX14 3GG,SEPD,HV,1,TW4385,78,2026-08-24T08:26:34Z,2026-08-24T09:25:27Z,0.98
OX14 3GN,SEPD,HV,1,TW4385,78,2026-08-24T08:26:34Z,2026-08-24T09:25:27Z,0.98
OX14 3GZ,SEPD,HV,1,TW4385,78,2026-08-24T08:26:34Z,2026-08-24T09:25:27Z,0.98
OX14 3QF,SEPD,HV,1,TW4385,78,2026-08-24T08:26:34Z,2026-08-24T09:25:27Z,0.98
OX14 3SG,SEPD,HV,1,TW4385,78,2026-08-24T08:26:34Z,2026-08-24T09:25:27Z,0.98
OX14 3SL,SEPD,HV,1,TW4385,78,2026-08-24T08:26:34Z,2026-08-24T09:25:27Z,0.98
OX14 3SN,SEPD,HV,1,TW4385,78,2026-08-24T08:26:34Z,2026-08-24T09:25:27Z,0.98
OX29 5RH,SEPD,HV,1,TW4385,78,2026-08-24T08:26:34Z,2026-08-24T09:25:27Z,0.98
SP10 2DL,SEPD,PSI,1,253542,3,2026-08-24T08:26:34Z,2026-08-24T09:25:27Z,0.98
SN13 0HN,SEPD,HV,1,TW6551,93,2026-08-25T14:11:56Z,2026-08-25T15:06:54Z,0.92
SN13 0HP,SEPD,HV,1,TW6551,93,2026-08-25T14:11:56Z,2026-08-25T15:06:54Z,0.92
SN13 0HS,SEPD,HV,1,TW6551,93,2026-08-25T14:11:56Z,2026-08-25T15:06:54Z,0.92
SN13 0HT,SEPD,HV,1,TW6551,93,2026-08-25T14:11:56Z,2026-08-25T15:06:54Z,0.92
SN13 0HU,SEPD,HV,1,TW6551,93,2026-08-25T14:11:56Z,2026-08-25T15:06:54Z,0.92
SN13 0QL,SEPD,HV,1,TW6551,93,2026-08-25T14:11:56Z,2026-08-25T15:06:54Z,0.92
SN13 0QN,SEPD,HV,1,TW6551,93,2026-08-25T14:11:56Z,2026-08-25T15:06:54Z,0.92
SN13 0SA,SEPD,HV,1,TW6551,93,2026-08-25T14:11:56Z,2026-08-25T15:06:54Z,0.92
SN13 0SB,SEPD,HV,1,TW6551,93,2026-08-25T14:11:56Z,2026-08-25T15:06:54Z,0.92
SN13 0SD,SEPD,HV,1,TW6551,93,2026-08-25T14:11:56Z,2026-08-25T15:06:54Z,0.92
SN13 0SG,SEPD,HV,1,TW6551,93,2026-08-25T14:11:56Z,2026-08-25T15:06:54Z,0.92
SN13 9LG,SEPD,HV,1,TW6551,93,2026-08-25T14:11:56Z,2026-08-25T15:06:54Z,0.92
SN13 9LH,SEPD,HV,1,TW6551,93,2026-08-25T14:11:56Z,2026-08-25T15:06:54Z,0.92
SN13 9LJ,SEPD,HV,1,TW6551,93,2026-08-25T14:11:56Z,2026-08-25T15:06:54Z,0.92
SN13 9LL,SEPD,HV,1,TW6551,93,2026-08-25T14:11:56Z,2026-08-25T15:06:54Z,0.92
SN13 9LQ,SEPD,HV,1,TW6551,93,2026-08-25T14:11:56Z,2026-08-25T15:06:54Z,0.92
SN13 9XF,SEPD,HV,1,TW6551,93,2026-08-25T14:11:56Z,2026-08-25T15:06:54Z,0.92
SN13 9XG,SEPD,HV,1,TW6551,93,2026-08-25T14:11:56Z,2026-08-25T15:06:54Z,0.92
SN13 9XH,SEPD,HV,1,TW6551,93,2026-08-25T14:11:56Z,2026-08-25T15:06:54Z,0.92
SN13 9XP,SEPD,HV,1,TW6551,93,2026-08-25T14:11:56Z,2026-08-25T15:06:54Z,0.92
SN13 9XQ,SEPD,HV,1,TW6551,93,2026-08-25T14:11:56Z,2026-08-25T15:06:54Z,0.92
SN13 9XR,SEPD,HV,1,TW6551,93,2026-08-25T14:11:56Z,2026-08-25T15:06:54Z,0.92
SN13 9XW,SEPD,HV,1,TW6551,93,2026-08-25T14:11:56Z,2026-08-25T15:06:54Z,0.92
PH5 2BS,SHEPD,HV,1,TW4993,13,2026-08-24T13:06:56Z,2026-08-24T14:01:18Z,0.91
PH5 2BY,SHEPD,HV,1,TW4993,13,2026-08-24T13:06:56Z,2026-08-24T14:01:18Z,0.91
PH5 2DA,SHEPD,HV,1,TW4993,13,2026-08-24T13:06:56Z,2026-08-24T14:01:18Z,0.91
PH5 2DD,SHEPD,HV,1,TW4993,13,2026-08-24T13:06:56Z,2026-08-24T14:01:18Z,0.91
SN7 8GZ,SEPD,HV,1,TW4984,56,2026-08-24T13:06:56Z,2026-08-24T14:01:18Z,0.91
SN7 8HW,SEPD,HV,1,TW4984,56,2026-08-24T13:06:56Z,2026-08-24T14:01:18Z,0.91
SN7 8HX,SEPD,HV,1,TW4984,56,2026-08-24T13:06:56Z,2026-08-24T14:01:18Z,0.91
SN7 8HY,SEPD,HV,1,TW4984,56,2026-08-24T13:06:56Z,2026-08-24T14:01:18Z,0.91
DD4 6HL,SHEPD,LV,1,TW6177,17,2026-08-25T15:06:54Z,2026-08-25T15:58:35Z,0.86
DD4 6HW,SHEPD,LV,1,TW6177,17,2026-08-25T15:06:54Z,2026-08-25T15:58:35Z,0.86
PO1 5FF,SEPD,LV,1,TW3607,43,2026-08-23T09:48:02Z,2026-08-23T10:38:45Z,0.85
PO1 5JE,SEPD,LV,1,TW3607,43,2026-08-23T09:48:02Z,2026-08-23T10:38:45Z,0.85
PO1 5JG,SEPD,LV,1,TW3607,43,2026-08-23T09:48:02Z,2026-08-23T10:38:45Z,0.85
PO1 5JJ,SEPD,LV,1,TW3607,43,2026-08-23T09:48:02Z,2026-08-23T10:38:45Z,0.85
RG22 4NS,SEPD,LV,1,TW4244,11,2026-08-24T04:11:06Z,2026-08-24T05:02:14Z,0.85
RG42 6LE,SEPD,LV,1,TW5621,17,2026-08-25T07:06:58Z,2026-08-25T07:57:01Z,0.83
RG42 6LQ,SEPD,LV,1,TW5621,17,2026-08-25T07:06:58Z,2026-08-25T07:57:01Z,0.83
AB51 5AR,SHEPD,LV,1,TW3401,2,2026-08-23T06:18:36Z,2026-08-23T07:07:23Z,0.81
SN14 6NT,SEPD,PSI,1,253781,6,2026-08-25T13:23:21Z,2026-08-25T14:11:56Z,0.81
SN14 6NU,SEPD,PSI,1,253781,6,2026-08-25T13:23:21Z,2026-08-25T14:11:56Z,0.81
SN11 0AL,SEPD,LV,1,TW4081,21,2026-08-23T20:10:58Z,2026-08-23T20:58:53Z,0.8
SN11 0FB,SEPD,LV,1,TW4081,21,2026-08-23T20:10:58Z,2026-08-23T20:58:53Z,0.8
SN11 0QE,SEPD,LV,1,TW4081,21,2026-08-23T20:10:58Z,2026-08-23T20:58:53Z,0.8
SN11 0QF,SEPD,LV,1,TW4081,21,2026-08-23T20:10:58Z,2026-08-23T20:58:53Z,0.8
KY14 6EL,SHEPD,HV,1,TW4317,123,2026-08-24T07:40:24Z,2026-08-24T08:26:34Z,0.77
KY14 6EN,SHEPD,HV,1,TW4317,123,2026-08-24T07:40:24Z,2026-08-24T08:26:34Z,0.77
KY14 6EW,SHEPD,HV,1,TW4317,123,2026-08-24T07:40:24Z,2026-08-24T08:26:34Z,0.77
PH2 9LJ,SHEPD,HV,1,TW4317,123,2026-08-24T07:40:24Z,2026-08-24T08:26:34Z,0.77
PH2 9LL,SHEPD,HV,1,TW4317,123,2026-08-24T07:40:24Z,2026-08-24T08:26:34Z,0.77
PH2 9LU,SHEPD,HV,1,TW4317,123,2026-08-24T07:40:24Z,2026-08-24T08:26:34Z,0.77
SO18 1BN,SEPD,LV,1,TW4308,16,2026-08-24T07:40:24Z,2026-08-24T08:26:34Z,0.77
SO18 1BS,SEPD,LV,1,TW4308,16,2026-08-24T07:40:24Z,2026-08-24T08:26:34Z,0.77
SO18 5EE,SEPD,LV,1,TW4308,16,2026-08-24T07:40:24Z,2026-08-24T08:26:34Z,0.77
SO18 5EF,SEPD,LV,1,TW4308,16,2026-08-24T07:40:24Z,2026-08-24T08:26:34Z,0.77
SO18 5RR,SEPD,LV,1,TW4308,16,2026-08-24T07:40:24Z,2026-08-24T08:26:34Z,0.77
IV12 4QG,SHEPD,LV,1,TW5190,9,2026-08-25T10:03:09Z,2026-08-25T10:44:56Z,0.7
IV12 4QP,SHEPD,LV,1,TW5190,9,2026-08-25T10:03:09Z,2026-08-25T10:44:56Z,0.7
IV12 4QR,SHEPD,LV,1,TW5190,9,2026-08-25T10:03:09Z,2026-08-25T10:44:56Z,0.7
IV12 4QS,SHEPD,LV,1,TW5190,9,2026-08-25T10:03:09Z,2026-08-25T10:44:56Z,0.7
BA13 4BA,SEPD,HV,2,"TW5574,TW5670",1836,2026-08-25T05:02:37Z,2026-08-25T07:06:58Z,0.65
BA13 4BB,SEPD,HV,1,TW5574,48,2026-08-25T05:02:37Z,2026-08-25T05:41:41Z,0.65
BA13 4BD,SEPD,HV,1,TW5574,48,2026-08-25T05:02:37Z,2026-08-25T05:41:41Z,0.65
BA13 4BH,SEPD,HV,1,TW5574,48,2026-08-25T05:02:37Z,2026-08-25T05:41:41Z,0.65
BA13 4BJ,SEPD,HV,1,TW5574,48,2026-08-25T05:02:37Z,2026-08-25T05:41:41Z,0.65
BA13 4BQ,SEPD,HV,1,TW5574,48,2026-08-25T05:02:37Z,2026-08-25T05:41:41Z,0.65
BA13 4BR,SEPD,HV,1,TW5574,48,2026-08-25T05:02:37Z,2026-08-25T05:41:41Z,0.65
BA13 4DA,SEPD,HV,1,TW5574,48,2026-08-25T05:02:37Z,2026-08-25T05:41:41Z,0.65
BA13 4DB,SEPD,HV,1,TW5574,48,2026-08-25T05:02:37Z,2026-08-25T05:41:41Z,0.65
BA13 4DD,SEPD,HV,1,TW5574,48,2026-08-25T05:02:37Z,2026-08-25T05:41:41Z,0.65
BA13 4DE,SEPD,HV,1,TW5574,48,2026-08-25T05:02:37Z,2026-08-25T05:41:41Z,0.65
BA13 4DF,SEPD,HV,1,TW5574,48,2026-08-25T05:02:37Z,2026-08-25T05:41:41Z,0.65
BA13 4DP,SEPD,HV,1,TW5574,48,2026-08-25T05:02:37Z,2026-08-25T05:41:41Z,0.65
BA13 4DR,SEPD,HV,1,TW5574,48,2026-08-25T05:02:37Z,2026-08-25T05:41:41Z,0.65
BA13 4DX,SEPD,HV,1,TW5574,48,2026-08-25T05:02:37Z,2026-08-25T05:41:41Z,0.65
BA13 4DZ,SEPD,HV,1,TW5574,48,2026-08-25T05:02:37Z,2026-08-25T05:41:41Z,0.65
RG4 8NH,SEPD,LV,1,TT2030,19,2026-08-24T10:19:04Z,2026-08-24T10:58:04Z,0.65
RG4 8NJ,SEPD,LV,1,TT2030,19,2026-08-24T10:19:04Z,2026-08-24T10:58:04Z,0.65
SL6 1DQ,SEPD,LV,1,TW5597,20,2026-08-25T05:02:37Z,2026-08-25T05:41:41Z,0.65
SL6 1JN,SEPD,LV,1,TW5597,20,2026-08-25T05:02:37Z,2026-08-25T05:41:41Z,0.65
SL6 1QE,SEPD,LV,1,TW5597,20,2026-08-25T05:02:37Z,2026-08-25T05:41:41Z,0.65
SL6 1QH,SEPD,LV,1,TW5597,20,2026-08-25T05:02:37Z,2026-08-25T05:41:41Z,0.65
SL6 1QS,SEPD,LV,1,TW5597,20,2026-08-25T05:02:37Z,2026-08-25T05:41:41Z,0.65
SL6 1QZ,SEPD,LV,1,TW5597,20,2026-08-25T05:02:37Z,2026-08-25T05:41:41Z,0.65
SL6 1YY,SEPD,LV,1,TW5597,20,2026-08-25T05:02:37Z,2026-08-25T05:41:41Z,0.65
OX29 7PL,SEPD,LV,1,TW5295,10,2026-08-24T17:00:38Z,2026-08-24T17:39:09Z,0.64
IV30 8RS,SHEPD,HV,1,TW3552,166,2026-08-23T08:13:11Z,2026-08-23T08:50:47Z,0.63
IV30 8UY,SHEPD,HV,1,TW3552,166,2026-08-23T08:13:11Z,2026-08-23T08:50:47Z,0.63
IV30 8UZ,SHEPD,HV,1,TW3552,166,2026-08-23T08:13:11Z,2026-08-23T08:50:47Z,0.63
IV30 8XA,SHEPD,HV,1,TW3552,166,2026-08-23T08:13:11Z,2026-08-23T08:50:47Z,0.63
IV30 8XD,SHEPD,HV,1,TW3552,166,2026-08-23T08:13:11Z,2026-08-23T08:50:47Z,0.63
RG2 7DX,SEPD,LV,1,TW7834,17,2026-08-26T10:59:21Z,2026-08-26T11:37:21Z,0.63
ZE2 9DJ,SHEPD,HV,1,TW7106,7,2026-08-25T22:10:49Z,2026-08-25T22:45:26Z,0.58
PH12,SHEPD,PSI,1,253428,37,2026-08-25T08:52:20Z,2026-08-25T09:26:43Z,0.57
PH12 8QX,SHEPD,PSI,1,253428,37,2026-08-25T08:52:20Z,2026-08-25T09:26:43Z,0.57
PH12 8QY,SHEPD,PSI,1,253428,37,2026-08-25T08:52:20Z,2026-08-25T09:26:43Z,0.57
PH12 8RN,SHEPD,PSI,1,253428,37,2026-08-25T08:52:20Z,2026-08-25T09:26:43Z,0.57
GU32 1AP,SEPD,LV,1,TW7600,3,2026-08-26T09:50:55Z,2026-08-26T10:23:02Z,0.54
BH8 8DA,SEPD,LV,1,TW3885,51,2026-08-23T16:15:32Z,2026-08-23T16:47:03Z,0.53
BH8 8DD,SEPD,LV,1,TW3885,51,2026-08-23T16:15:32Z,2026-08-23T16:47:03Z,0.53
BH8 8NA,SEPD,LV,1,TW3885,51,2026-08-23T16:15:32Z,2026-08-23T16:47:03Z,0.53
BH8 8NB,SEPD,LV,1,TW3885,51,2026-08-23T16:15:32Z,2026-08-23T16:47:03Z,0.53
BH8 8NE,SEPD,LV,1,TW3885,51,2026-08-23T16:15:32Z,2026-08-23T16:47:03Z,0.53
BH8 8NF,SEPD,LV,1,TW3885,51,2026-08-23T16:15:32Z,2026-08-23T16:47:03Z,0.53
BH8 8NG,SEPD,LV,1,TW3885,51,2026-08-23T16:15:32Z,2026-08-23T16:47:03Z,0.53
BH8 8NT,SEPD,LV,1,TW3885,51,2026-08-23T16:15:32Z,2026-08-23T16:47:03Z,0.53
BH8 8PF,SEPD,LV,1,TW3885,51,2026-08-23T16:15:32Z,2026-08-23T16:47:03Z,0.53
OX1 1HH,SEPD,LV,1,TW5411,11,2026-08-24T20:42:33Z,2026-08-24T21:12:10Z,0.49
OX1 1HP,SEPD,LV,1,TW5411,11,2026-08-24T20:42:33Z,2026-08-24T21:12:10Z,0.49
OX1 1HR,SEPD,LV,1,TW5411,11,2026-08-24T20:42:33Z,2026-08-24T21:12:10Z,0.49
OX1 1HU,SEPD,LV,1,TW5411,11,2026-08-24T20:42:33Z,2026-08-24T21:12:10Z,0.49
OX1 1PP,SEPD,LV,1,TW5411,11,2026-08-24T20:42:33Z,2026-08-24T21:12:10Z,0.49
BH19 3AP,SEPD,"HV,LV",2,"TW6903,TW6927",22,2026-08-25T17:50:54Z,2026-08-25T18:19:44Z,0.48
BH19 3AQ,SEPD,"HV,LV",2,"TW6903,TW6927",22,2026-08-25T17:50:54Z,2026-08-25T18:19:44Z,0.48
BH19 3AH,SEPD,HV,1,TW6903,13,2026-08-25T17:50:54Z,2026-08-25T18:19:44Z,0.48
BH19 3AY,SEPD,HV,1,TW6903,13,2026-08-25T17:50:54Z,2026-08-25T18:19:44Z,0.48
DD3 7LH,SHEPD,LV,1,TW3374,52,2026-08-23T04:47:56Z,2026-08-23T05:16:32Z,0.48
DD3 7LN,SHEPD,LV,1,TW3374,52,2026-08-23T04:47:56Z,2026-08-23T05:16:32Z,0.48
DD3 7LQ,SHEPD,LV,1,TW3374,52,2026-08-23T04:47:56Z,2026-08-23T05:16:32Z,0.48
SN10 3BG,SEPD,LV,1,TW3829,17,2026-08-23T14:33:40Z,2026-08-23T14:59:28Z,0.43
SN10 3BN,SEPD,LV,1,TW3829,17,2026-08-23T14:33:40Z,2026-08-23T14:59:28Z,0.43
SN10 3BW,SEPD,LV,1,TW3829,17,2026-08-23T14:33:40Z,2026-08-23T14:59:28Z,0.43
SN10 3DB,SEPD,LV,1,TW3829,17,2026-08-23T14:33:40Z,2026-08-23T14:59:28Z,0.43
SN10 3DD,SEPD,LV,1,TW3829,17,2026-08-23T14:33:40Z,2026-08-23T14:59:28Z,0.43
SN10 3DE,SEPD,LV,1,TW3829,17,2026-08-23T14:33:40Z,2026-08-23T14:59:28Z,0.43
UB1 3EG,SEPD,LV,1,TW5369,17,2026-08-24T19:36:01Z,2026-08-24T20:01:57Z,0.43
UB1 3EJ,SEPD,LV,1,TW5369,17,2026-08-24T19:36:01Z,2026-08-24T20:01:57Z,0.43
UB1 3EL,SEPD,LV,1,TW5369,17,2026-08-24T19:36:01Z,2026-08-24T20:01:57Z,0.43
UB1 3EP,SEPD,LV,1,TW5369,17,2026-08-24T19:36:01Z,2026-08-24T20:01:57Z,0.43
UB1 3ET,SEPD,LV,1,TW5369,17,2026-08-24T19:36:01Z,2026-08-24T20:01:57Z,0.43
UB1 3EW,SEPD,LV,1,TW5369,17,2026-08-24T19:36:01Z,2026-08-24T20:01:57Z,0.43
PA68 6EH,SHEPD,HV,1,TW3719,3,2026-08-23T11:27:45Z,2026-08-23T11:49:47Z,0.37
SL6 9AE,SEPD,LV,1,TW3588,2,2026-08-23T09:48:02Z,2026-08-23T10:08:46Z,0.35
SL6 9TJ,SEPD,LV,1,TW3588,2,2026-08-23T09:48:02Z,2026-08-23T10:08:46Z,0.35
SL6 9TL,SEPD,LV,1,TW3588,2,2026-08-23T09:48:02Z,2026-08-23T10:08:46Z,0.35
RG6 1BB,SEPD,LV,1,TW3793,2,2026-08-23T13:41:43Z,2026-08-23T14:01:16Z,0.33
RG6 1FE,SEPD,LV,1,TW3793,2,2026-08-23T13:41:43Z,2026-08-23T14:01:16Z,0.33
AB12 3GQ,SHEPD,PSI,1,253106,3,2026-08-25T23:40:42Z,2026-08-25T23:59:57Z,0.32
AB12 3LN,SHEPD,PSI,1,253106,3,2026-08-25T23:40:42Z,2026-08-25T23:59:57Z,0.32
AB12 3RG,SHEPD,PSI,1,253106,3,2026-08-25T23:40:42Z,2026-08-25T23:59:57Z,0.32
DT2 7SJ,SEPD,HV,2,"TW4104,TW8682",529,2026-08-23T19:33:03Z,2026-08-27T10:33:18Z,0.31
BA22 9TL,SEPD,HV,1,TW4104,521,2026-08-23T19:33:03Z,2026-08-23T19:51:29Z,0.31
DT2 7AJ,SEPD,HV,1,TW4104,521,2026-08-23T19:33:03Z,2026-08-23T19:51:29Z,0.31
DT2 7AL,SEPD,HV,1,TW4104,521,2026-08-23T19:33:03Z,2026-08-23T19:51:29Z,0.31
DT2 7AN,SEPD,HV,1,TW4104,521,2026-08-23T19:33:03Z,2026-08-23T19:51:29Z,0.31
DT2 7FP,SEPD,HV,1,TW4104,521,2026-08-23T19:33:03Z,2026-08-23T19:51:29Z,0.31
DT2 7GD,SEPD,HV,1,TW4104,521,2026-08-23T19:33:03Z,2026-08-23T19:51:29Z,0.31
DT2 7GT,SEPD,HV,1,TW4104,521,2026-08-23T19:33:03Z,2026-08-23T19:51:29Z,0.31
DT2 7GU,SEPD,HV,1,TW4104,521,2026-08-23T19:33:03Z,2026-08-23T19:51:29Z,0.31
DT2 7GW,SEPD,HV,1,TW4104,521,2026-08-23T19:33:03Z,2026-08-23T19:51:29Z,0.31
DT2 7GY,SEPD,HV,1,TW4104,521,2026-08-23T19:33:03Z,2026-08-23T19:51:29Z,0.31
DT2 7JE,SEPD,HV,1,TW4104,521,2026-08-23T19:33:03Z,2026-08-23T19:51:29Z,0.31
DT2 7JF,SEPD,HV,1,TW4104,521,2026-08-23T19:33:03Z,2026-08-23T19:51:29Z,0.31
DT2 7JG,SEPD,HV,1,TW4104,521,2026-08-23T19:33:03Z,2026-08-23T19:51:29Z,0.31
DT2 7JH,SEPD,HV,1,TW4104,521,2026-08-23T19:33:03Z,2026-08-23T19:51:29Z,0.31
DT2 7JJ,SEPD,HV,1,TW4104,521,2026-08-23T19:33:03Z,2026-08-23T19:51:29Z,0.31
DT2 7JL,SEPD,HV,1,TW4104,521,2026-08-23T19:33:03Z,2026-08-23T19:51:29Z,0.31
DT2 7JN,SEPD,HV,1,TW4104,521,2026-08-23T19:33:03Z,2026-08-23T19:51:29Z,0.31
DT2 7JP,SEPD,HV,1,TW4104,521,2026-08-23T19:33:03Z,2026-08-23T19:51:29Z,0.31
DT2 7JQ,SEPD,HV,1,TW4104,521,2026-08-23T19:33:03Z,2026-08-23T19:51:29Z,0.31
DT2 7JR,SEPD,HV,1,TW4104,521,2026-08-23T19:33:03Z,2026-08-23T19:51:29Z,0.31
DT2 7JS,SEPD,HV,1,TW4104,521,2026-08-23T19:33:03Z,2026-08-23T19:51:29Z,0.31
DT2 7JT,SEPD,HV,1,TW4104,521,2026-08-23T19:33:03Z,2026-08-23T19:51:29Z,0.31
DT2 7JU,SEPD,HV,1,TW4104,521,2026-08-23T19:33:03Z,2026-08-23T19:51:29Z,0.31
DT2 7JW,SEPD,HV,1,TW4104,521,2026-08-23T19:33:03Z,2026-08-23T19:51:29Z,0.31
DT2 7JX,SEPD,HV,1,TW4104,521,2026-08-23T19:33:03Z,2026-08-23T19:51:29Z,0.31
DT2 7JY,SEPD,HV,1,TW4104,521,2026-08-23T19:33:03Z,2026-08-23T19:51:29Z,0.31
DT2 7JZ,SEPD,HV,1,TW4104,521,2026-08-23T19:33:03Z,2026-08-23T19:51:29Z,0.31
DT2 7LA,SEPD,HV,1,TW4104,521,2026-08-23T19:33:03Z,2026-08-23T19:51:29Z,0.31
DT2 7LB,SEPD,HV,1,TW4104,521,2026-08-23T19:33:03Z,2026-08-23T19:51:29Z,0.31
DT2 7LE,SEPD,HV,1,TW4104,521,2026-08-23T19:33:03Z,2026-08-23T19:51:29Z,0.31
DT2 7LF,SEPD,HV,1,TW4104,521,2026-08-23T19:33:03Z,2026-08-23T19:51:29Z,0.31
DT2 7LS,SEPD,HV,1,TW4104,521,2026-08-23T19:33:03Z,2026-08-23T19:51:29Z,0.31
DT2 7TN,SEPD,HV,1,TW4104,521,2026-08-23T19:33:03Z,2026-08-23T19:51:29Z,0.31
DT2 7TS,SEPD,HV,1,TW4104,521,2026-08-23T19:33:03Z,2026-08-23T19:51:29Z,0.31
DT2 8DD,SEPD,HV,1,TW4104,521,2026-08-23T19:33:03Z,2026-08-23T19:51:29Z,0.31
BA11 2XU,SEPD,"HV,LV",2,"TW5670,TX2463",1806,2026-08-25T07:06:58Z,2026-08-29T17:20:44Z,0.0
GU8 6BF,SEPD,"PSI,LV",2,"253815,TX0621",171,2026-08-28T17:19:56Z,2026-08-28T17:19:56Z,0.0
GU8 6DG,SEPD,"PSI,LV",2,"253815,TX0621",171,2026-08-28T17:19:56Z,2026-08-28T17:19:56Z,0.0
HP13 5XH,SEPD,"HV,LV",2,"TX2615,TX2624",72,2026-08-29T19:50:16Z,2026-08-29T19:50:16Z,0.0
RG9 6JU,SEPD,LV,2,"TW9995,TX2346",8,2026-08-28T04:56:18Z,2026-08-29T17:20:44Z,0.0
RG9 6JX,SEPD,LV,2,"TW9995,TX2346",8,2026-08-28T04:56:18Z,2026-08-29T17:20:44Z,0.0
RG9 6LB,SEPD,LV,2,"TW9995,TX2346",8,2026-08-28T04:56:18Z,2026-08-29T17:20:44Z,0.0
RG9 6LD,SEPD,LV,2,"TW9995,TX2346",8,2026-08-28T04:56:18Z,2026-08-29T17:20:44Z,0.0
SN8,SEPD,HV,2,"TX1880,TX2020",195,2026-08-29T13:24:25Z,2026-08-29T17:20:44Z,0.0
SN8 4NH,SEPD,HV,2,"TX1880,TX2020",195,2026-08-29T13:24:25Z,2026-08-29T17:20:44Z,0.0
SN8 4NJ,SEPD,HV,2,"TX1880,TX2020",195,2026-08-29T13:24:25Z,2026-08-29T17:20:44Z,0.0
SN8 4NN,SEPD,HV,2,"TX1880,TX2020",195,2026-08-29T13:24:25Z,2026-08-29T17:20:44Z,0.0
SN8 4NP,SEPD,HV,2,"TX1880,TX2020",195,2026-08-29T13:24:25Z,2026-08-29T17:20:44Z,0.0
SN8 4NQ,SEPD,HV,2,"TX1880,TX2020",195,2026-08-29T13:24:25Z,2026-08-29T17:20:44Z,0.0
SN8 4NR,SEPD,HV,2,"TX1880,TX2020",195,2026-08-29T13:24:25Z,2026-08-29T17:20:44Z,0.0
SN8 4NS,SEPD,HV,2,"TX1880,TX2020",195,2026-08-29T13:24:25Z,2026-08-29T17:20:44Z,0.0
AB11 6XP,SHEPD,LV,1,TX2704,27,2026-08-29T19:50:16Z,2026-08-29T19:50:16Z,0.0
AB11 6XQ,SHEPD,LV,1,TX2704,27,2026-08-29T19:50:16Z,2026-08-29T19:50:16Z,0.0
AB11 6XW,SHEPD,LV,1,TX2704,27,2026-08-29T19:50:16Z,2026-08-29T19:50:16Z,0.0
AB11 6YD,SHEPD,LV,1,TX2704,27,2026-08-29T19:50:16Z,2026-08-29T19:50:16Z,0.0
AB11 6YU,SHEPD,LV,1,TX2704,27,2026-08-29T19:50:16Z,2026-08-29T19:50:16Z,0.0
AB15 4PA,SHEPD,LV,1,TX0663,25,2026-08-28T17:19:56Z,2026-08-28T17:19:56Z,0.0
AB15 4TH,SHEPD,LV,1,TX0663,25,2026-08-28T17:19:56Z,2026-08-28T17:19:56Z,0.0
AB15 4TL,SHEPD,LV,1,TX0663,25,2026-08-28T17:19:56Z,2026-08-28T17:19:56Z,0.0
AB15 4TN,SHEPD,LV,1,TX0663,25,2026-08-28T17:19:56Z,2026-08-28T17:19:56Z,0.0
AB15 4UG,SHEPD,LV,1,TX0663,25,2026-08-28T17:19:56Z,2026-08-28T17:19:56Z,0.0
AB15 4UH,SHEPD,LV,1,TX0663,25,2026-08-28T17:19:56Z,2026-08-28T17:19:56Z,0.0
AB24 5LX,SHEPD,LV,1,TW3671,60,2026-08-23T10:58:38Z,2026-08-23T10:58:38Z,0.0
AB24 5NA,SHEPD,LV,1,TW3671,60,2026-08-23T10:58:38Z,2026-08-23T10:58:38Z,0.0
AB24 5NB,SHEPD,LV,1,TW3671,60,2026-08-23T10:58:38Z,2026-08-23T10:58:38Z,0.0
AB24 5ND,SHEPD,LV,1,TW3671,60,2026-08-23T10:58:38Z,2026-08-23T10:58:38Z,0.0
AB24 5NP,SHEPD,LV,1,TW3671,60,2026-08-23T10:58:38Z,2026-08-23T10:58:38Z,0.0
AB24 5NQ,SHEPD,LV,1,TW3671,60,2026-08-23T10:58:38Z,2026-08-23T10:58:38Z,0.0
AB24 5NT,SHEPD,LV,1,TW3671,60,2026-08-23T10:58:38Z,2026-08-23T10:58:38Z,0.0
AB30,SHEPD,HV,1,TX0329,292,2026-08-28T04:56:18Z,2026-08-28T04:56:18Z,0.0
AB30 1LR,SHEPD,PSI,1,254143,4,2026-08-29T13:24:25Z,2026-08-29T13:24:25Z,0.0
AB31 4BL,SHEPD,HV,1,TX0329,292,2026-08-28T04:56:18Z,2026-08-28T04:56:18Z,0.0
AB31 5PY,SHEPD,HV,1,TX0329,292,2026-08-28T04:56:18Z,2026-08-28T04:56:18Z,0.0
AB31 6LQ,SHEPD,HV,1,TX0329,292,2026-08-28T04:56:18Z,2026-08-28T04:56:18Z,0.0
AB31 6LR,SHEPD,HV,1,TX0329,292,2026-08-28T04:56:18Z,2026-08-28T04:56:18Z,0.0
AB31 6LS,SHEPD,HV,1,TX0329,292,2026-08-28T04:56:18Z,2026-08-28T04:56:18Z,0.0
AB31 6LT,SHEPD,HV,1,TX0329,292,2026-08-28T04:56:18Z,2026-08-28T04:56:18Z,0.0
AB31 6LU,SHEPD,HV,1,TX0329,292,2026-08-28T04:56:18Z,2026-08-28T04:56:18Z,0.0
AB31 6LW,SHEPD,HV,1,TX0329,292,2026-08-28T04:56:18Z,2026-08-28T04:56:18Z,0.0
AB31 6LX,SHEPD,HV,1,TX0329,292,2026-08-28T04:56:18Z,2026-08-28T04:56:18Z,0.0
AB31 6LY,SHEPD,HV,1,TX0329,292,2026-08-28T04:56:18Z,2026-08-28T04:56:18Z,0.0
AB31 6LZ,SHEPD,HV,1,TX0329,292,2026-08-28T04:56:18Z,2026-08-28T04:56:18Z,0.0
AB31 6NA,SHEPD,HV,1,TX0329,292,2026-08-28T04:56:18Z,2026-08-28T04:56:18Z,0.0
AB31 6NB,SHEPD,HV,1,TX0329,292,2026-08-28T04:56:18Z,2026-08-28T04:56:18Z,0.0
AB31 6ND,SHEPD,HV,1,TX0329,292,2026-08-28T04:56:18Z,2026-08-28T04:56:18Z,0.0
AB31 6NE,SHEPD,HV,1,TX0329,292,2026-08-28T04:56:18Z,2026-08-28T04:56:18Z,0.0
AB31 6NG,SHEPD,HV,1,TX0329,292,2026-08-28T04:56:18Z,2026-08-28T04:56:18Z,0.0
AB31 6NQ,SHEPD,HV,1,TX0329,292,2026-08-28T04:56:18Z,2026-08-28T04:56:18Z,0.0
AB31 6NR,SHEPD,HV,1,TX0329,292,2026-08-28T04:56:18Z,2026-08-28T04:56:18Z,0.0
AB31 6NS,SHEPD,HV,1,TX0329,292,2026-08-28T04:56:18Z,2026-08-28T04:56:18Z,0.0
AB31 6NT,SHEPD,HV,1,TX0329,292,2026-08-28T04:56:18Z,2026-08-28T04:56:18Z,0.0
AB31 6NU,SHEPD,HV,1,TX0329,292,2026-08-28T04:56:18Z,2026-08-28T04:56:18Z,0.0
AB31 6NX,SHEPD,HV,1,TX0329,292,2026-08-28T04:56:18Z,2026-08-28T04:56:18Z,0.0
AB31 6NY,SHEPD,HV,1,TX0329,292,2026-08-28T04:56:18Z,2026-08-28T04:56:18Z,0.0
AB31 6PA,SHEPD,HV,1,TX0329,292,2026-08-28T04:56:18Z,2026-08-28T04:56:18Z,0.0
AB31 6PB,SHEPD,HV,1,TX0329,292,2026-08-28T04:56:18Z,2026-08-28T04:56:18Z,0.0
AB31 6PD,SHEPD,HV,1,TX0329,292,2026-08-28T04:56:18Z,2026-08-28T04:56:18Z,0.0
AB31 6PF,SHEPD,HV,1,TX0329,292,2026-08-28T04:56:18Z,2026-08-28T04:56:18Z,0.0
AB31 6PH,SHEPD,HV,1,TX0329,292,2026-08-28T04:56:18Z,2026-08-28T04:56:18Z,0.0
AB31 6PJ,SHEPD,HV,1,TX0329,292,2026-08-28T04:56:18Z,2026-08-28T04:56:18Z,0.0
AB31 6PL,SHEPD,HV,1,TX0329,292,2026-08-28T04:56:18Z,2026-08-28T04:56:18Z,0.0
AB31 6PN,SHEPD,HV,1,TX0329,292,2026-08-28T04:56:18Z,2026-08-28T04:56:18Z,0.0
AB31 6PP,SHEPD,HV,1,TX0329,292,2026-08-28T04:56:18Z,2026-08-28T04:56:18Z,0.0
AB33 8ST,SHEPD,PSI,1,253478,14,2026-08-28T17:19:56Z,2026-08-28T17:19:56Z,0.0
AB33 8TD,SHEPD,PSI,1,253478,14,2026-08-28T17:19:56Z,2026-08-28T17:19:56Z,0.0
AB53 6XD,SHEPD,PSI,1,254243,2,2026-08-27T20:44:46Z,2026-08-27T20:44:46Z,0.0
AB54 6BH,SHEPD,HV,1,TX2620,21,2026-08-29T19:50:16Z,2026-08-29T19:50:16Z,0.0
AB54 6DG,SHEPD,HV,1,TW8386,26,2026-08-26T16:41:54Z,2026-08-26T16:41:54Z,0.0
AB54 6DH,SHEPD,HV,1,TW8386,26,2026-08-26T16:41:54Z,2026-08-26T16:41:54Z,0.0
AB54 6DL,SHEPD,HV,1,TW8386,26,2026-08-26T16:41:54Z,2026-08-26T16:41:54Z,0.0
AB54 6DN,SHEPD,HV,1,TW8386,26,2026-08-26T16:41:54Z,2026-08-26T16:41:54Z,0.0
AB54 6EY,SHEPD,HV,1,TX2620,21,2026-08-29T19:50:16Z,2026-08-29T19:50:16Z,0.0
AB54 6HA,SHEPD,HV,1,TX2620,21,2026-08-29T19:50:16Z,2026-08-29T19:50:16Z,0.0
AB54 6HE,SHEPD,HV,1,TX2620,21,2026-08-29T19:50:16Z,2026-08-29T19:50:16Z,0.0
AB54 6HN,SHEPD,HV,1,TX2620,21,2026-08-29T19:50:16Z,2026-08-29T19:50:16Z,0.0
AB54 8BS,SHEPD,LV,1,TW8640,13,2026-08-27T00:39:45Z,2026-08-27T00:39:45Z,0.0
AB54 8BT,SHEPD,LV,1,TW8640,13,2026-08-27T00:39:45Z,2026-08-27T00:39:45Z,0.0
AB54 8BZ,SHEPD,LV,1,TW8640,13,2026-08-27T00:39:45Z,2026-08-27T00:39:45Z,0.0
AB54 8DG,SHEPD,LV,1,TW8640,13,2026-08-27T00:39:45Z,2026-08-27T00:39:45Z,0.0
AB54 8DH,SHEPD,LV,1,TW8640,13,2026-08-27T00:39:45Z,2026-08-27T00:39:45Z,0.0
AB54 8DU,SHEPD,LV,1,TW8640,13,2026-08-27T00:39:45Z,2026-08-27T00:39:45Z,0.0
AB54 8FP,SHEPD,LV,1,TW8640,13,2026-08-27T00:39:45Z,2026-08-27T00:39:45Z,0.0
AB54 8JA,SHEPD,LV,1,TW8640,13,2026-08-27T00:39:45Z,2026-08-27T00:39:45Z,0.0
BA11,SEPD,HV,1,TW5670,1788,2026-08-25T07:06:58Z,2026-08-25T07:06:58Z,0.0
BA11 1JH,SEPD,HV,1,TW5670,1788,2026-08-25T07:06:58Z,2026-08-25T07:06:58Z,0.0
BA11 2DJ,SEPD,HV,1,TW5670,1788,2026-08-25T07:06:58Z,2026-08-25T07:06:58Z,0.0
BA11 2DS,SEPD,HV,1,TW5670,1788,2026-08-25T07:06:58Z,2026-08-25T07:06:58Z,0.0
BA11 2DT,SEPD,HV,1,TW5670,1788,2026-08-25T07:06:58Z,2026-08-25T07:06:58Z,0.0
BA11 2DU,SEPD,HV,1,TW5670,1788,2026-08-25T07:06:58Z,2026-08-25T07:06:58Z,0.0
BA11 2EA,SEPD,HV,1,TW5670,1788,2026-08-25T07:06:58Z,2026-08-25T07:06:58Z,0.0
BA11 2ER,SEPD,HV,1,TW5670,1788,2026-08-25T07:06:58Z,2026-08-25T07:06:58Z,0.0
BA11 2NA,SEPD,HV,1,TW5670,1788,2026-08-25T07:06:58Z,2026-08-25T07:06:58Z,0.0
BA11 2NE,SEPD,HV,1,TW5670,1788,2026-08-25T07:06:58Z,2026-08-25T07:06:58Z,0.0
BA11 2NJ,SEPD,HV,1,TW5670,1788,2026-08-25T07:06:58Z,2026-08-25T07:06:58Z,0.0
BA11 2NN,SEPD,HV,1,TW5670,1788,2026-08-25T07:06:58Z,2026-08-25T07:06:58Z,0.0
BA11 2NW,SEPD,HV,1,TW5670,1788,2026-08-25T07:06:58Z,2026-08-25T07:06:58Z,0.0
BA11 2PF,SEPD,HV,1,TW5670,1788,2026-08-25T07:06:58Z,2026-08-25T07:06:58Z,0.0
BA11 2PL,SEPD,HV,1,TW5670,1788,2026-08-25T07:06:58Z,2026-08-25T07:06:58Z,0.0
BA11 2PN,SEPD,HV,1,TW5670,1788,2026-08-25T07:06:58Z,2026-08-25T07:06:58Z,0.0
BA11 2PP,SEPD,HV,1,TW5670,1788,2026-08-25T07:06:58Z,2026-08-25T07:06:58Z,0.0
BA11 2PR,SEPD,HV,1,TW5670,1788,2026-08-25T07:06:58Z,2026-08-25T07:06:58Z,0.0
BA11 2PS,SEPD,HV,1,TW5670,1788,2026-08-25T07:06:58Z,2026-08-25T07:06:58Z,0.0
BA11 2PT,SEPD,HV,1,TW5670,1788,2026-08-25T07:06:58Z,2026-08-25T07:06:58Z,0.0
BA11 2PU,SEPD,HV,1,TW5670,1788,2026-08-25T07:06:58Z,2026-08-25T07:06:58Z,0.0
BA11 2PX,SEPD,HV,1,TW5670,1788,2026-08-25T07:06:58Z,2026-08-25T07:06:58Z,0.0
BA11 2PY,SEPD,HV,1,TW5670,1788,2026-08-25T07:06:58Z,2026-08-25T07:06:58Z,0.0
BA11 2PZ,SEPD,HV,1,TW5670,1788,2026-08-25T07:06:58Z,2026-08-25T07:06:58Z,0.0
BA11 2QA,SEPD,HV,1,TW5670,1788,2026-08-25T07:06:58Z,2026-08-25T07:06:58Z,0.0
BA11 2QB,SEPD,HV,1,TW5670,1788,2026-08-25T07:06:58Z,2026-08-25T07:06:58Z,0.0
BA11 2QE,SEPD,HV,1,TW5670,1788,2026-08-25T07:06:58Z,2026-08-25T07:06:58Z,0.0
BA11 2QF,SEPD,HV,1,TW5670,1788,2026-08-25T07:06:58Z,2026-08-25T07:06:58Z,0.0
BA11 2QG,SEPD,HV,1,TW5670,1788,2026-08-25T07:06:58Z,2026-08-25T07:06:58Z,0.0
BA11 2QQ,SEPD,HV,1,TW5670,1788,2026-08-25T07:06:58Z,2026-08-25T07:06:58Z,0.0
BA11 2RR,SEPD,HV,1,TW5670,1788,2026-08-25T07:06:58Z,2026-08-25T07:06:58Z,0.0
BA11 2TH,SEPD,LV,1,TX2463,18,2026-08-29T17:20:44Z,2026-08-29T17:20:44Z,0.0
BA11 2XA,SEPD,HV,1,TW5670,1788,2026-08-25T07:06:58Z,2026-08-25T07:06:58Z,0.0
BA11 2XB,SEPD,HV,1,TW5670,1788,2026-08-25T07:06:58Z,2026-08-25T07:06:58Z,0.0
BA11 2XD,SEPD,HV,1,TW5670,1788,2026-08-25T07:06:58Z,2026-08-25T07:06:58Z,0.0
BA11 2XF,SEPD,HV,1,TW5670,1788,2026-08-25T07:06:58Z,2026-08-25T07:06:58Z,0.0
BA11 2XH,SEPD,HV,1,TW5670,1788,2026-08-25T07:06:58Z,2026-08-25T07:06:58Z,0.0
BA11 2XJ,SEPD,HV,1,TW5670,1788,2026-08-25T07:06:58Z,2026-08-25T07:06:58Z,0.0
BA11 2XL,SEPD,HV,1,TW5670,1788,2026-08-25T07:06:58Z,2026-08-25T07:06:58Z,0.0
BA11 2XN,SEPD,HV,1,TW5670,1788,2026-08-25T07:06:58Z,2026-08-25T07:06:58Z,0.0
BA11 2XP,SEPD,HV,1,TW5670,1788,2026-08-25T07:06:58Z,2026-08-25T07:06:58Z,0.0
BA11 2XR,SEPD,HV,1,TW5670,1788,2026-08-25T07:06:58Z,2026-08-25T07:06:58Z,0.0
BA11 2XS,SEPD,LV,1,TX2463,18,2026-08-29T17:20:44Z,2026-08-29T17:20:44Z,0.0
BA11 2XT,SEPD,LV,1,TX2463,18,2026-08-29T17:20:44Z,2026-08-29T17:20:44Z,0.0
BA11 2XW,SEPD,HV,1,TW5670,1788,2026-08-25T07:06:58Z,2026-08-25T07:06:58Z,0.0
BA11 2XX,SEPD,HV,1,TW5670,1788,2026-08-25T07:06:58Z,2026-08-25T07:06:58Z,0.0
BA11 2XY,SEPD,HV,1,TW5670,1788,2026-08-25T07:06:58Z,2026-08-25T07:06:58Z,0.0
BA11 2XZ,SEPD,HV,1,TW5670,1788,2026-08-25T07:06:58Z,2026-08-25T07:06:58Z,0.0
BA11 2YE,SEPD,HV,1,TW5670,1788,2026-08-25T07:06:58Z,2026-08-25T07:06:58Z,0.0
BA11 2YF,SEPD,HV,1,TW5670,1788,2026-08-25T07:06:58Z,2026-08-25T07:06:58Z,0.0
BA11 2YH,SEPD,HV,1,TW5670,1788,2026-08-25T07:06:58Z,2026-08-25T07:06:58Z,0.0
BA11 2YQ,SEPD,HV,1,TW5670,1788,2026-08-25T07:06:58Z,2026-08-25T07:06:58Z,0.0
BA11 3AS,SEPD,HV,1,TW5670,1788,2026-08-25T07:06:58Z,2026-08-25T07:06:58Z,0.0
BA11 5FT,SEPD,HV,1,TW5670,1788,2026-08-25T07:06:58Z,2026-08-25T07:06:58Z,0.0
BA11 5JA,SEPD,HV,1,TW5670,1788,2026-08-25T07:06:58Z,2026-08-25T07:06:58Z,0.0
BA11 5JB,SEPD,HV,1,TW5670,1788,2026-08-25T07:06:58Z,2026-08-25T07:06:58Z,0.0
BA11 5JD,SEPD,HV,1,TW5670,1788,2026-08-25T07:06:58Z,2026-08-25T07:06:58Z,0.0
BA11 5JE,SEPD,HV,1,TW5670,1788,2026-08-25T07:06:58Z,2026-08-25T07:06:58Z,0.0
BA11 5JF,SEPD,HV,1,TW5670,1788,2026-08-25T07:06:58Z,2026-08-25T07:06:58Z,0.0
BA11 5JH,SEPD,HV,1,TW5670,1788,2026-08-25T07:06:58Z,2026-08-25T07:06:58Z,0.0
BA11 5JJ,SEPD,HV,1,TW5670,1788,2026-08-25T07:06:58Z,2026-08-25T07:06:58Z,0.0
BA11 5JL,SEPD,HV,1,TW5670,1788,2026-08-25T07:06:58Z,2026-08-25T07:06:58Z,0.0
BA11 6AA,SEPD,HV,1,TW5670,1788,2026-08-25T07:06:58Z,2026-08-25T07:06:58Z,0.0
BA11 6AB,SEPD,HV,1,TW5670,1788,2026-08-25T07:06:58Z,2026-08-25T07:06:58Z,0.0
BA11 6AD,SEPD,HV,1,TW5670,1788,2026-08-25T07:06:58Z,2026-08-25T07:06:58Z,0.0
BA11 6AE,SEPD,HV,1,TW5670,1788,2026-08-25T07:06:58Z,2026-08-25T07:06:58Z,0.0
BA11 6AF,SEPD,HV,1,TW5670,1788,2026-08-25T07:06:58Z,2026-08-25T07:06:58Z,0.0
BA11 6AG,SEPD,HV,1,TW5670,1788,2026-08-25T07:06:58Z,2026-08-25T07:06:58Z,0.0
BA11 6AL,SEPD,HV,1,TW5670,1788,2026-08-25T07:06:58Z,2026-08-25T07:06:58Z,0.0
BA11 6AN,SEPD,HV,1,TW5670,1788,2026-08-25T07:06:58Z,2026-08-25T07:06:58Z,0.0
BA11 6AP,SEPD,HV,1,TW5670,1788,2026-08-25T07:06:58Z,2026-08-25T07:06:58Z,0.0
BA11 6AQ,SEPD,HV,1,TW5670,1788,2026-08-25T07:06:58Z,2026-08-25T07:06:58Z,0.0
BA11 6AR,SEPD,HV,1,TW5670,1788,2026-08-25T07:06:58Z,2026-08-25T07:06:58Z,0.0
BA11 6AS,SEPD,HV,1,TW5670,1788,2026-08-25T07:06:58Z,2026-08-25T07:06:58Z,0.0
BA11 6AT,SEPD,HV,1,TW5670,1788,2026-08-25T07:06:58Z,2026-08-25T07:06:58Z,0.0
BA11 6AU,SEPD,HV,1,TW5670,1788,2026-08-25T07:06:58Z,2026-08-25T07:06:58Z,0.0
BA11 6AW,SEPD,HV,1,TW5670,1788,2026-08-25T07:06:58Z,2026-08-25T07:06:58Z,0.0
BA11 6AX,SEPD,HV,1,TW5670,1788,2026-08-25T07:06:58Z,2026-08-25T07:06:58Z,0.0
BA11 6AZ,SEPD,HV,1,TW5670,1788,2026-08-25T07:06:58Z,2026-08-25T07:06:58Z,0.0
BA11 6BA,SEPD,HV,1,TW5670,1788,2026-08-25T07:06:58Z,2026-08-25T07:06:58Z,0.0
BA11 6NA,SEPD,HV,1,TW5670,1788,2026-08-25T07:06:58Z,2026-08-25T07:06:58Z,0.0
BA11 6NT,SEPD,HV,1,TW5670,1788,2026-08-25T07:06:58Z,2026-08-25T07:06:58Z,0.0
BA11 6NU,SEPD,HV,1,TW5670,1788,2026-08-25T07:06:58Z,2026-08-25T07:06:58Z,0.0
BA11 6NX,SEPD,HV,1,TW5670,1788,2026-08-25T07:06:58Z,2026-08-25T07:06:58Z,0.0
BA11 6NZ,SEPD,HV,1,TW5670,1788,2026-08-25T07:06:58Z,2026-08-25T07:06:58Z,0.0
BA11 6PA,SEPD,HV,1,TW5670,1788,2026-08-25T07:06:58Z,2026-08-25T07:06:58Z,0.0
BA11 6PB,SEPD,HV,1,TW5670,1788,2026-08-25T07:06:58Z,2026-08-25T07:06:58Z,0.0
BA11 6PD,SEPD,HV,1,TW5670,1788,2026-08-25T07:06:58Z,2026-08-25T07:06:58Z,0.0
BA11 6PE,SEPD,HV,1,TW5670,1788,2026-08-25T07:06:58Z,2026-08-25T07:06:58Z,0.0
BA11 6PF,SEPD,HV,1,TW5670,1788,2026-08-25T07:06:58Z,2026-08-25T07:06:58Z,0.0
BA11 6PG,SEPD,HV,1,TW5670,1788,2026-08-25T07:06:58Z,2026-08-25T07:06:58Z,0.0
BA11 6PH,SEPD,HV,1,TW5670,1788,2026-08-25T07:06:58Z,2026-08-25T07:06:58Z,0.0
BA11 6PJ,SEPD,HV,1,TW5670,1788,2026-08-25T07:06:58Z,2026-08-25T07:06:58Z,0.0
BA11 6PL,SEPD,HV,1,TW5670,1788,2026-08-25T07:06:58Z,2026-08-25T07:06:58Z,0.0
BA11 6PN,SEPD,HV,1,TW5670,1788,2026-08-25T07:06:58Z,2026-08-25T07:06:58Z,0.0
BA11 6PP,SEPD,HV,1,TW5670,1788,2026-08-25T07:06:58Z,2026-08-25T07:06:58Z,0.0
BA11 6PQ,SEPD,HV,1,TW5670,1788,2026-08-25T07:06:58Z,2026-08-25T07:06:58Z,0.0
BA11 6PR,SEPD,HV,1,TW5670,1788,2026-08-25T07:06:58Z,2026-08-25T07:06:58Z,0.0
BA11 6PS,SEPD,HV,1,TW5670,1788,2026-08-25T07:06:58Z,2026-08-25T07:06:58Z,0.0
BA11 6PT,SEPD,HV,1,TW5670,1788,2026-08-25T07:06:58Z,2026-08-25T07:06:58Z,0.0
BA11 6PU,SEPD,HV,1,TW5670,1788,2026-08-25T07:06:58Z,2026-08-25T07:06:58Z,0.0
BA11 6PW,SEPD,HV,1,TW5670,1788,2026-08-25T07:06:58Z,2026-08-25T07:06:58Z,0.0
BA11 6PX,SEPD,HV,1,TW5670,1788,2026-08-25T07:06:58Z,2026-08-25T07:06:58Z,0.0
BA11 6PY,SEPD,HV,1,TW5670,1788,2026-08-25T07:06:58Z,2026-08-25T07:06:58Z,0.0
BA11 6PZ,SEPD,HV,1,TW5670,1788,2026-08-25T07:06:58Z,2026-08-25T07:06:58Z,0.0
BA11 6QA,SEPD,HV,1,TW5670,1788,2026-08-25T07:06:58Z,2026-08-25T07:06:58Z,0.0
BA11 6QB,SEPD,HV,1,TW5670,1788,2026-08-25T07:06:58Z,2026-08-25T07:06:58Z,0.0
BA11 6QD,SEPD,HV,1,TW5670,1788,2026-08-25T07:06:58Z,2026-08-25T07:06:58Z,0.0
BA11 6QG,SEPD,HV,1,TW5670,1788,2026-08-25T07:06:58Z,2026-08-25T07:06:58Z,0.0
BA11 6QH,SEPD,HV,1,TW5670,1788,2026-08-25T07:06:58Z,2026-08-25T07:06:58Z,0.0
BA11 6QP,SEPD,HV,1,TW5670,1788,2026-08-25T07:06:58Z,2026-08-25T07:06:58Z,0.0
BA11 6QQ,SEPD,HV,1,TW5670,1788,2026-08-25T07:06:58Z,2026-08-25T07:06:58Z,0.0
BA11 6QR,SEPD,HV,1,TW5670,1788,2026-08-25T07:06:58Z,2026-08-25T07:06:58Z,0.0
BA11 6RS,SEPD,HV,1,TW5670,1788,2026-08-25T07:06:58Z,2026-08-25T07:06:58Z,0.0
BA11 6SA,SEPD,HV,1,TW5670,1788,2026-08-25T07:06:58Z,2026-08-25T07:06:58Z,0.0
BA11 6SB,SEPD,HV,1,TW5670,1788,2026-08-25T07:06:58Z,2026-08-25T07:06:58Z,0.0
BA11 6SD,SEPD,HV,1,TW5670,1788,2026-08-25T07:06:58Z,2026-08-25T07:06:58Z,0.0
BA11 6SE,SEPD,HV,1,TW5670,1788,2026-08-25T07:06:58Z,2026-08-25T07:06:58Z,0.0
BA11 6SF,SEPD,HV,1,TW5670,1788,2026-08-25T07:06:58Z,2026-08-25T07:06:58Z,0.0
BA11 6SG,SEPD,HV,1,TW5670,1788,2026-08-25T07:06:58Z,2026-08-25T07:06:58Z,0.0
BA11 6SH,SEPD,HV,1,TW5670,1788,2026-08-25T07:06:58Z,2026-08-25T07:06:58Z,0.0
BA11 6SJ,SEPD,HV,1,TW5670,1788,2026-08-25T07:06:58Z,2026-08-25T07:06:58Z,0.0
BA11 6SL,SEPD,HV,1,TW5670,1788,2026-08-25T07:06:58Z,2026-08-25T07:06:58Z,0.0
BA11 6SN,SEPD,HV,1,TW5670,1788,2026-08-25T07:06:58Z,2026-08-25T07:06:58Z,0.0
BA11 6SP,SEPD,HV,1,TW5670,1788,2026-08-25T07:06:58Z,2026-08-25T07:06:58Z,0.0
BA11 6SQ,SEPD,HV,1,TW5670,1788,2026-08-25T07:06:58Z,2026-08-25T07:06:58Z,0.0
BA11 6SR,SEPD,HV,1,TW5670,1788,2026-08-25T07:06:58Z,2026-08-25T07:06:58Z,0.0
BA11 6SS,SEPD,HV,1,TW5670,1788,2026-08-25T07:06:58Z,2026-08-25T07:06:58Z,0.0
BA11 6ST,SEPD,HV,1,TW5670,1788,2026-08-25T07:06:58Z,2026-08-25T07:06:58Z,0.0
BA11 6SU,SEPD,HV,1,TW5670,1788,2026-08-25T07:06:58Z,2026-08-25T07:06:58Z,0.0
BA11 6SW,SEPD,HV,1,TW5670,1788,2026-08-25T07:06:58Z,2026-08-25T07:06:58Z,0.0
BA11 6SX,SEPD,HV,1,TW5670,1788,2026-08-25T07:06:58Z,2026-08-25T07:06:58Z,0.0
BA11 6SY,SEPD,HV,1,TW5670,1788,2026-08-25T07:06:58Z,2026-08-25T07:06:58Z,0.0
BA11 6SZ,SEPD,HV,1,TW5670,1788,2026-08-25T07:06:58Z,2026-08-25T07:06:58Z,0.0
BA11 6TA,SEPD,HV,1,TW5670,1788,2026-08-25T07:06:58Z,2026-08-25T07:06:58Z,0.0
BA11 6TB,SEPD,HV,1,TW5670,1788,2026-08-25T07:06:58Z,2026-08-25T07:06:58Z,0.0
BA11 6TD,SEPD,HV,1,TW5670,1788,2026-08-25T07:06:58Z,2026-08-25T07:06:58Z,0.0
BA11 6TE,SEPD,HV,1,TW5670,1788,2026-08-25T07:06:58Z,2026-08-25T07:06:58Z,0.0
BA11 6TF,SEPD,HV,1,TW5670,1788,2026-08-25T07:06:58Z,2026-08-25T07:06:58Z,0.0
BA11 6TG,SEPD,HV,1,TW5670,1788,2026-08-25T07:06:58Z,2026-08-25T07:06:58Z,0.0
BA11 6TH,SEPD,HV,1,TW5670,1788,2026-08-25T07:06:58Z,2026-08-25T07:06:58Z,0.0
BA11 6TJ,SEPD,HV,1,TW5670,1788,2026-08-25T07:06:58Z,2026-08-25T07:06:58Z,0.0
BA11 6TN,SEPD,HV,1,TW5670,1788,2026-08-25T07:06:58Z,2026-08-25T07:06:58Z,0.0
BA11 6TQ,SEPD,HV,1,TW5670,1788,2026-08-25T07:06:58Z,2026-08-25T07:06:58Z,0.0
BA11 6TR,SEPD,HV,1,TW5670,1788,2026-08-25T07:06:58Z,2026-08-25T07:06:58Z,0.0
BA11 6TS,SEPD,HV,1,TW5670,1788,2026-08-25T07:06:58Z,2026-08-25T07:06:58Z,0.0
BA11 6TT,SEPD,HV,1,TW5670,1788,2026-08-25T07:06:58Z,2026-08-25T07:06:58Z,0.0
BA11 6TW,SEPD,HV,1,TW5670,1788,2026-08-25T07:06:58Z,2026-08-25T07:06:58Z,0.0
BA11 6TX,SEPD,HV,1,TW5670,1788,2026-08-25T07:06:58Z,2026-08-25T07:06:58Z,0.0
BA12 6AQ,SEPD,PSI,1,252623,21,2026-08-28T17:19:56Z,2026-08-28T17:19:56Z,0.0
BA12 7EY,SEPD,PSI,1,252623,21,2026-08-28T17:19:56Z,2026-08-28T17:19:56Z,0.0
BA12 9ES,SEPD,LV,1,TX0640,14,2026-08-28T17:19:56Z,2026-08-28T17:19:56Z,0.0
BA12 9EU,SEPD,LV,1,TX0640,14,2026-08-28T17:19:56Z,2026-08-28T17:19:56Z,0.0
BA12 9EY,SEPD,LV,1,TX0640,14,2026-08-28T17:19:56Z,2026-08-28T17:19:56Z,0.0
BA13 3SN,SEPD,HV,1,TW5574,48,2026-08-25T05:02:37Z,2026-08-25T05:02:37Z,0.0
BA13 3SW,SEPD,HV,1,TW5574,48,2026-08-25T05:02:37Z,2026-08-25T05:02:37Z,0.0
BA13 3TH,SEPD,HV,1,TW5574,48,2026-08-25T05:02:37Z,2026-08-25T05:02:37Z,0.0
BA13 4BN,SEPD,HV,1,TW5574,48,2026-08-25T05:02:37Z,2026-08-25T05:02:37Z,0.0
BA13 4BW,SEPD,HV,1,TW5574,48,2026-08-25T05:02:37Z,2026-08-25T05:02:37Z,0.0
BA13 4BX,SEPD,HV,1,TW5574,48,2026-08-25T05:02:37Z,2026-08-25T05:02:37Z,0.0
BA13 4BZ,SEPD,HV,1,TW5574,48,2026-08-25T05:02:37Z,2026-08-25T05:02:37Z,0.0
BA13 4DH,SEPD,HV,1,TW5574,48,2026-08-25T05:02:37Z,2026-08-25T05:02:37Z,0.0
BA13 4DY,SEPD,HV,1,TW5574,48,2026-08-25T05:02:37Z,2026-08-25T05:02:37Z,0.0
BA13 4EA,SEPD,HV,1,TW5574,48,2026-08-25T05:02:37Z,2026-08-25T05:02:37Z,0.0
BA13 4EB,SEPD,HV,1,TW5574,48,2026-08-25T05:02:37Z,2026-08-25T05:02:37Z,0.0
BA13 4EE,SEPD,HV,1,TW5574,48,2026-08-25T05:02:37Z,2026-08-25T05:02:37Z,0.0
BA13 4EG,SEPD,HV,1,TW5670,1788,2026-08-25T07:06:58Z,2026-08-25T07:06:58Z,0.0
BA13 4EH,SEPD,HV,1,TW5670,1788,2026-08-25T07:06:58Z,2026-08-25T07:06:58Z,0.0
BA13 4EJ,SEPD,HV,1,TW5670,1788,2026-08-25T07:06:58Z,2026-08-25T07:06:58Z,0.0
BA13 4EL,SEPD,HV,1,TW5574,48,2026-08-25T05:02:37Z,2026-08-25T05:02:37Z,0.0
BA13 4EQ,SEPD,HV,1,TW5670,1788,2026-08-25T07:06:58Z,2026-08-25T07:06:58Z,0.0
BA13 4EY,SEPD,HV,1,TW5670,1788,2026-08-25T07:06:58Z,2026-08-25T07:06:58Z,0.0
BA13 4NE,SEPD,HV,1,TW5670,1788,2026-08-25T07:06:58Z,2026-08-25T07:06:58Z,0.0
BA13 4PS,SEPD,HV,1,TW5574,48,2026-08-25T05:02:37Z,2026-08-25T05:02:37Z,0.0
BA15 2QA,SEPD,LV,1,TW6416,4,2026-08-26T03:58:47Z,2026-08-26T03:58:47Z,0.0
BA2 7QU,SEPD,HV,1,TW5670,1788,2026-08-25T07:06:58Z,2026-08-25T07:06:58Z,0.0
BA20 2AU,SEPD,LV,1,TX2449,21,2026-08-29T17:20:44Z,2026-08-29T17:20:44Z,0.0
BA20 2HD,SEPD,LV,1,TX2449,21,2026-08-29T17:20:44Z,2026-08-29T17:20:44Z,0.0
BA20 2HP,SEPD,LV,1,TX2449,21,2026-08-29T17:20:44Z,2026-08-29T17:20:44Z,0.0
BA20 2SH,SEPD,LV,1,TX2449,21,2026-08-29T17:20:44Z,2026-08-29T17:20:44Z,0.0
BA20 2SN,SEPD,LV,1,TX2449,21,2026-08-29T17:20:44Z,2026-08-29T17:20:44Z,0.0
BA20 2SW,SEPD,LV,1,TX2449,21,2026-08-29T17:20:44Z,2026-08-29T17:20:44Z,0.0
BH10 5NL,SEPD,LV,1,TW8712,20,2026-08-27T10:33:18Z,2026-08-27T10:33:18Z,0.0
BH10 5NN,SEPD,LV,1,TW8712,20,2026-08-27T10:33:18Z,2026-08-27T10:33:18Z,0.0
BH10 5NQ,SEPD,LV,1,TW8712,20,2026-08-27T10:33:18Z,2026-08-27T10:33:18Z,0.0
BH10 5NW,SEPD,LV,1,TW8712,20,2026-08-27T10:33:18Z,2026-08-27T10:33:18Z,0.0
BH10 6JR,SEPD,PSI,1,254569,6,2026-08-27T20:44:46Z,2026-08-27T20:44:46Z,0.0
BH15 1JL,SEPD,LV,1,TW8212,33,2026-08-26T15:51:54Z,2026-08-26T15:51:54Z,0.0
BH15 1JP,SEPD,LV,1,TW8212,33,2026-08-26T15:51:54Z,2026-08-26T15:51:54Z,0.0
BH15 1JU,SEPD,LV,1,TW8212,33,2026-08-26T15:51:54Z,2026-08-26T15:51:54Z,0.0
BH15 1JX,SEPD,LV,1,TW8212,33,2026-08-26T15:51:54Z,2026-08-26T15:51:54Z,0.0
BH15 1LT,SEPD,LV,1,TW8212,33,2026-08-26T15:51:54Z,2026-08-26T15:51:54Z,0.0
BH15 1LW,SEPD,LV,1,TW8212,33,2026-08-26T15:51:54Z,2026-08-26T15:51:54Z,0.0
BH15 1LX,SEPD,LV,1,TW8212,33,2026-08-26T15:51:54Z,2026-08-26T15:51:54Z,0.0
BH15 1NA,SEPD,LV,1,TW8212,33,2026-08-26T15:51:54Z,2026-08-26T15:51:54Z,0.0
BH15 1ND,SEPD,LV,1,TW8212,33,2026-08-26T15:51:54Z,2026-08-26T15:51:54Z,0.0
BH15 1NF,SEPD,LV,1,TW8212,33,2026-08-26T15:51:54Z,2026-08-26T15:51:54Z,0.0
BH19 3AE,SEPD,LV,1,TW6927,9,2026-08-25T18:19:44Z,2026-08-25T18:19:44Z,0.0
BH19 3BD,SEPD,LV,1,TX1749,12,2026-08-29T13:24:25Z,2026-08-29T13:24:25Z,0.0
BH19 3BT,SEPD,LV,1,TW6927,9,2026-08-25T18:19:44Z,2026-08-25T18:19:44Z,0.0
BH19 3BX,SEPD,LV,1,TW6927,9,2026-08-25T18:19:44Z,2026-08-25T18:19:44Z,0.0
BH19 3DS,SEPD,LV,1,TX1749,12,2026-08-29T13:24:25Z,2026-08-29T13:24:25Z,0.0
BH19 3DT,SEPD,LV,1,TX1749,12,2026-08-29T13:24:25Z,2026-08-29T13:24:25Z,0.0
BH19 3DX,SEPD,LV,1,TX1749,12,2026-08-29T13:24:25Z,2026-08-29T13:24:25Z,0.0
BH19 3DY,SEPD,LV,1,TX1749,12,2026-08-29T13:24:25Z,2026-08-29T13:24:25Z,0.0
BH19 3DZ,SEPD,LV,1,TX1749,12,2026-08-29T13:24:25Z,2026-08-29T13:24:25Z,0.0
BH20 7HA,SEPD,LV,1,TW9918,22,2026-08-27T20:44:46Z,2026-08-27T20:44:46Z,0.0
BH20 7HD,SEPD,LV,1,TW9918,22,2026-08-27T20:44:46Z,2026-08-27T20:44:46Z,0.0
BH20 7HF,SEPD,LV,1,TW9918,22,2026-08-27T20:44:46Z,2026-08-27T20:44:46Z,0.0
BH20 7HG,SEPD,LV,1,TW9918,22,2026-08-27T20:44:46Z,2026-08-27T20:44:46Z,0.0
BH20 7HH,SEPD,LV,1,TW9918,22,2026-08-27T20:44:46Z,2026-08-27T20:44:46Z,0.0
BH21 3RG,SEPD,LV,1,TW8982,7,2026-08-27T20:44:46Z,2026-08-27T20:44:46Z,0.0
BH21 3RH,SEPD,LV,1,TW8982,7,2026-08-27T20:44:46Z,2026-08-27T20:44:46Z,0.0
BH21 3RQ,SEPD,LV,1,TW8982,7,2026-08-27T20:44:46Z,2026-08-27T20:44:46Z,0.0
BH22 9QS,SEPD,PSI,1,254419,7,2026-08-27T20:44:46Z,2026-08-27T20:44:46Z,0.0
BH22 9QT,SEPD,PSI,1,254419,7,2026-08-27T20:44:46Z,2026-08-27T20:44:46Z,0.0
BH23 2AG,SEPD,HV,1,TX2330,65,2026-08-29T17:20:44Z,2026-08-29T17:20:44Z,0.0
BH23 2JY,SEPD,HV,1,TX2330,65,2026-08-29T17:20:44Z,2026-08-29T17:20:44Z,0.0
BH23 3TG,SEPD,LV,1,TX1845,2,2026-08-29T13:24:25Z,2026-08-29T13:24:25Z,0.0
BH23 4BY,SEPD,LV,1,TW8663,42,2026-08-27T00:39:45Z,2026-08-27T00:39:45Z,0.0
BH23 4DA,SEPD,LV,1,TW8663,42,2026-08-27T00:39:45Z,2026-08-27T00:39:45Z,0.0
BH23 4DB,SEPD,LV,1,TW8663,42,2026-08-27T00:39:45Z,2026-08-27T00:39:45Z,0.0
BH23 4DD,SEPD,LV,1,TW8663,42,2026-08-27T00:39:45Z,2026-08-27T00:39:45Z,0.0
BH23 4DE,SEPD,LV,1,TW8663,42,2026-08-27T00:39:45Z,2026-08-27T00:39:45Z,0.0
BH23 4DH,SEPD,LV,1,TW8663,42,2026-08-27T00:39:45Z,2026-08-27T00:39:45Z,0.0
BH23 4DQ,SEPD,LV,1,TW8663,42,2026-08-27T00:39:45Z,2026-08-27T00:39:45Z,0.0
BH23 4JF,SEPD,LV,1,TW8663,42,2026-08-27T00:39:45Z,2026-08-27T00:39:45Z,0.0
BH23 4SQ,SEPD,LV,1,TW8663,42,2026-08-27T00:39:45Z,2026-08-27T00:39:45Z,0.0
BH23 5LR,SEPD,LV,1,TX2395,24,2026-08-30T00:13:24Z,2026-08-30T00:13:24Z,0.0
BH23 5LS,SEPD,LV,1,TX2395,24,2026-08-30T00:13:24Z,2026-08-30T00:13:24Z,0.0
BH23 5LY,SEPD,LV,1,TX2395,24,2026-08-30T00:13:24Z,2026-08-30T00:13:24Z,0.0
BH23 5NB,SEPD,LV,1,TX2395,24,2026-08-30T00:13:24Z,2026-08-30T00:13:24Z,0.0
BH23 6AE,SEPD,HV,1,TX2330,65,2026-08-29T17:20:44Z,2026-08-29T17:20:44Z,0.0
BH23 6AG,SEPD,HV,1,TX2330,65,2026-08-29T17:20:44Z,2026-08-29T17:20:44Z,0.0
BH23 6AQ,SEPD,HV,1,TX2330,65,2026-08-29T17:20:44Z,2026-08-29T17:20:44Z,0.0
BH23 6BQ,SEPD,HV,1,TX2330,65,2026-08-29T17:20:44Z,2026-08-29T17:20:44Z,0.0
BH23 7AL,SEPD,PSI,1,254192,8,2026-08-28T17:19:56Z,2026-08-28T17:19:56Z,0.0
BH24,SEPD,HV,1,TX2316,65,2026-08-29T17:20:44Z,2026-08-29T17:20:44Z,0.0
BH24 3HF,SEPD,HV,1,TX2316,65,2026-08-29T17:20:44Z,2026-08-29T17:20:44Z,0.0
BH25 7JY,SEPD,PSI,1,254575,34,2026-08-28T17:19:56Z,2026-08-28T17:19:56Z,0.0
BH25 7JZ,SEPD,PSI,1,254575,34,2026-08-28T17:19:56Z,2026-08-28T17:19:56Z,0.0
BH25 7LB,SEPD,PSI,1,254575,34,2026-08-28T17:19:56Z,2026-08-28T17:19:56Z,0.0
BH25 7LE,SEPD,PSI,1,254575,34,2026-08-28T17:19:56Z,2026-08-28T17:19:56Z,0.0
BH25 7LG,SEPD,PSI,1,254575,34,2026-08-28T17:19:56Z,2026-08-28T17:19:56Z,0.0
BH25 7LQ,SEPD,PSI,1,254575,34,2026-08-28T17:19:56Z,2026-08-28T17:19:56Z,0.0
DD1 4AA,SHEPD,LV,1,TW4342,14,2026-08-24T09:25:27Z,2026-08-24T09:25:27Z,0.0
DD1 4AF,SHEPD,LV,1,TW4342,14,2026-08-24T09:25:27Z,2026-08-24T09:25:27Z,0.0
DD11 2RF,SHEPD,HV,1,TW3678,36,2026-08-23T10:58:38Z,2026-08-23T10:58:38Z,0.0
DD2 4SW,SHEPD,PSI,1,253109,2,2026-08-28T04:56:18Z,2026-08-28T04:56:18Z,0.0
DD2 4TA,SHEPD,PSI,1,253109,2,2026-08-28T04:56:18Z,2026-08-28T04:56:18Z,0.0
DD3 0QW,SHEPD,PSI,1,254087,3,2026-08-27T20:44:46Z,2026-08-27T20:44:46Z,0.0
DD3 7JD,SHEPD,LV,1,TX2832,14,2026-08-30T00:13:24Z,2026-08-30T00:13:24Z,0.0
DD3 7JF,SHEPD,LV,1,TX2832,14,2026-08-30T00:13:24Z,2026-08-30T00:13:24Z,0.0
DD3 7QA,SHEPD,LV,1,TX2832,14,2026-08-30T00:13:24Z,2026-08-30T00:13:24Z,0.0
DD3 7QB,SHEPD,LV,1,TX2832,14,2026-08-30T00:13:24Z,2026-08-30T00:13:24Z,0.0
DD3 7QN,SHEPD,LV,1,TX2832,14,2026-08-30T00:13:24Z,2026-08-30T00:13:24Z,0.0
DD4 9NZ,SHEPD,LV,1,TX2842,8,2026-08-30T00:13:24Z,2026-08-30T00:13:24Z,0.0
DD4 9PA,SHEPD,LV,1,TX2842,8,2026-08-30T00:13:24Z,2026-08-30T00:13:24Z,0.0
DD5 3QA,SHEPD,PSI,1,253949,5,2026-08-28T17:19:56Z,2026-08-28T17:19:56Z,0.0
DD5 3QD,SHEPD,PSI,1,253949,5,2026-08-28T17:19:56Z,2026-08-28T17:19:56Z,0.0
DD5 3QH,SHEPD,HV,1,TW3678,36,2026-08-23T10:58:38Z,2026-08-23T10:58:38Z,0.0
DD8 2LP,SHEPD,HV,1,TW3678,36,2026-08-23T10:58:38Z,2026-08-23T10:58:38Z,0.0
DD8 2LQ,SHEPD,HV,1,TW3678,36,2026-08-23T10:58:38Z,2026-08-23T10:58:38Z,0.0
DD8 2LR,SHEPD,HV,1,TW3678,36,2026-08-23T10:58:38Z,2026-08-23T10:58:38Z,0.0
DD8 2LS,SHEPD,HV,1,TW3678,36,2026-08-23T10:58:38Z,2026-08-23T10:58:38Z,0.0
DD8 2LT,SHEPD,HV,1,TW3678,36,2026-08-23T10:58:38Z,2026-08-23T10:58:38Z,0.0
DD8 2LW,SHEPD,HV,1,TW3678,36,2026-08-23T10:58:38Z,2026-08-23T10:58:38Z,0.0
DD8 2LX,SHEPD,HV,1,TW3678,36,2026-08-23T10:58:38Z,2026-08-23T10:58:38Z,0.0
DD8 2LY,SHEPD,HV,1,TW3678,36,2026-08-23T10:58:38Z,2026-08-23T10:58:38Z,0.0
DD8 2LZ,SHEPD,HV,1,TW3678,36,2026-08-23T10:58:38Z,2026-08-23T10:58:38Z,0.0
DD8 2NA,SHEPD,HV,1,TW3678,36,2026-08-23T10:58:38Z,2026-08-23T10:58:38Z,0.0
DD8 2NB,SHEPD,HV,1,TW3678,36,2026-08-23T10:58:38Z,2026-08-23T10:58:38Z,0.0
DD8 2NE,SHEPD,HV,1,TW3678,36,2026-08-23T10:58:38Z,2026-08-23T10:58:38Z,0.0
DD8 2NF,SHEPD,HV,1,TW3678,36,2026-08-23T10:58:38Z,2026-08-23T10:58:38Z,0.0
DD8 2NH,SHEPD,HV,1,TW3678,36,2026-08-23T10:58:38Z,2026-08-23T10:58:38Z,0.0
DD8 2NJ,SHEPD,HV,1,TW3678,36,2026-08-23T10:58:38Z,2026-08-23T10:58:38Z,0.0
DD8 2NL,SHEPD,HV,1,TW3678,36,2026-08-23T10:58:38Z,2026-08-23T10:58:38Z,0.0
DD8 2NR,SHEPD,HV,1,TW3678,36,2026-08-23T10:58:38Z,2026-08-23T10:58:38Z,0.0
DD8 2QH,SHEPD,HV,1,TW3678,36,2026-08-23T10:58:38Z,2026-08-23T10:58:38Z,0.0
DD8 2QJ,SHEPD,HV,1,TW3678,36,2026-08-23T10:58:38Z,2026-08-23T10:58:38Z,0.0
DD8 2QR,SHEPD,HV,1,TW3678,36,2026-08-23T10:58:38Z,2026-08-23T10:58:38Z,0.0
DD8 2QS,SHEPD,HV,1,TW3678,36,2026-08-23T10:58:38Z,2026-08-23T10:58:38Z,0.0
DD8 2WA,SHEPD,HV,1,TW3678,36,2026-08-23T10:58:38Z,2026-08-23T10:58:38Z,0.0
DD9 7RH,SHEPD,PSI,1,254218,11,2026-08-29T13:24:25Z,2026-08-29T13:24:25Z,0.0
DD9 7RJ,SHEPD,PSI,1,254218,11,2026-08-29T13:24:25Z,2026-08-29T13:24:25Z,0.0
DT11 0QG,SEPD,LV,1,TX1910,2,2026-08-29T17:20:44Z,2026-08-29T17:20:44Z,0.0
DT2 8NT,SEPD,PSI,1,253559,14,2026-08-27T20:44:46Z,2026-08-27T20:44:46Z,0.0
DT2 8NU,SEPD,PSI,1,253559,14,2026-08-27T20:44:46Z,2026-08-27T20:44:46Z,0.0
DT2 8PJ,SEPD,LV,1,TX1722,17,2026-08-29T13:24:25Z,2026-08-29T13:24:25Z,0.0
DT2 8PL,SEPD,LV,1,TX1722,17,2026-08-29T13:24:25Z,2026-08-29T13:24:25Z,0.0
DT2 8PN,SEPD,LV,1,TX1722,17,2026-08-29T13:24:25Z,2026-08-29T13:24:25Z,0.0
DT3 5EL,SEPD,LV,1,TW8739,4,2026-08-27T10:33:18Z,2026-08-27T10:33:18Z,0.0
DT3 5EQ,SEPD,LV,1,TW8739,4,2026-08-27T10:33:18Z,2026-08-27T10:33:18Z,0.0
DT3 5JD,SEPD,LV,1,TW8739,4,2026-08-27T10:33:18Z,2026-08-27T10:33:18Z,0.0
DT4 8BN,SEPD,LV,1,TX1655,40,2026-08-29T13:24:25Z,2026-08-29T13:24:25Z,0.0
DT4 8BT,SEPD,LV,1,TX1655,40,2026-08-29T13:24:25Z,2026-08-29T13:24:25Z,0.0
DT4 8BW,SEPD,LV,1,TX1655,40,2026-08-29T13:24:25Z,2026-08-29T13:24:25Z,0.0
DT4 8BZ,SEPD,LV,1,TX1655,40,2026-08-29T13:24:25Z,2026-08-29T13:24:25Z,0.0
DT4 8DA,SEPD,LV,1,TX1655,40,2026-08-29T13:24:25Z,2026-08-29T13:24:25Z,0.0
DT4 8PY,SEPD,LV,1,TX1655,40,2026-08-29T13:24:25Z,2026-08-29T13:24:25Z,0.0
DT4 9AX,SEPD,LV,1,TX1311,4,2026-08-29T01:01:34Z,2026-08-29T01:01:34Z,0.0
FK15 9LF,SHEPD,HV,1,TW4993,13,2026-08-24T13:06:56Z,2026-08-24T13:06:56Z,0.0
FK15 9LG,SHEPD,HV,1,TW4993,13,2026-08-24T13:06:56Z,2026-08-24T13:06:56Z,0.0
FK15 9LR,SHEPD,HV,1,TW4993,13,2026-08-24T13:06:56Z,2026-08-24T13:06:56Z,0.0
GL7 3NS,SEPD,HV,1,TW9486,27,2026-08-27T20:44:46Z,2026-08-27T20:44:46Z,0.0
GL7 3NT,SEPD,HV,1,TW9486,27,2026-08-27T20:44:46Z,2026-08-27T20:44:46Z,0.0
GL7 3NW,SEPD,HV,1,TW9486,27,2026-08-27T20:44:46Z,2026-08-27T20:44:46Z,0.0
GL7 5DT,SEPD,LV,1,TW8833,3,2026-08-27T20:44:46Z,2026-08-27T20:44:46Z,0.0
GU10 5DT,SEPD,HV,1,TW5351,545,2026-08-24T20:01:57Z,2026-08-24T20:01:57Z,0.0
GU10 5DZ,SEPD,HV,1,TW5351,545,2026-08-24T20:01:57Z,2026-08-24T20:01:57Z,0.0
GU10 5HL,SEPD,HV,1,TW5351,545,2026-08-24T20:01:57Z,2026-08-24T20:01:57Z,0.0
GU10 5NZ,SEPD,HV,1,TW5351,545,2026-08-24T20:01:57Z,2026-08-24T20:01:57Z,0.0
GU10 5PA,SEPD,HV,1,TW5351,545,2026-08-24T20:01:57Z,2026-08-24T20:01:57Z,0.0
GU10 5PE,SEPD,HV,1,TW5351,545,2026-08-24T20:01:57Z,2026-08-24T20:01:57Z,0.0
GU10 5PF,SEPD,HV,1,TW5351,545,2026-08-24T20:01:57Z,2026-08-24T20:01:57Z,0.0
GU10 5XX,SEPD,HV,1,TW5351,545,2026-08-24T20:01:57Z,2026-08-24T20:01:57Z,0.0
GU14 8QL,SEPD,LV,1,TW5149,30,2026-08-24T14:53:48Z,2026-08-24T14:53:48Z,0.0
GU14 8QP,SEPD,LV,1,TW5149,30,2026-08-24T14:53:48Z,2026-08-24T14:53:48Z,0.0
GU14 8QT,SEPD,LV,1,TW5149,30,2026-08-24T14:53:48Z,2026-08-24T14:53:48Z,0.0
GU14 8QU,SEPD,LV,1,TW5149,30,2026-08-24T14:53:48Z,2026-08-24T14:53:48Z,0.0
GU14 8QW,SEPD,LV,1,TW5149,30,2026-08-24T14:53:48Z,2026-08-24T14:53:48Z,0.0
GU14 8RH,SEPD,LV,1,TW5149,30,2026-08-24T14:53:48Z,2026-08-24T14:53:48Z,0.0
GU14 8RJ,SEPD,LV,1,TW5149,30,2026-08-24T14:53:48Z,2026-08-24T14:53:48Z,0.0
GU16 8XH,SEPD,LV,1,TW9627,27,2026-08-27T20:44:46Z,2026-08-27T20:44:46Z,0.0
GU16 8XJ,SEPD,LV,1,TW9627,27,2026-08-27T20:44:46Z,2026-08-27T20:44:46Z,0.0
GU16 8XL,SEPD,LV,1,TW9627,27,2026-08-27T20:44:46Z,2026-08-27T20:44:46Z,0.0
GU16 8XN,SEPD,LV,1,TW9627,27,2026-08-27T20:44:46Z,2026-08-27T20:44:46Z,0.0
GU24 9LA,SEPD,PSI,1,253593,17,2026-08-26T08:54:10Z,2026-08-26T08:54:10Z,0.0
GU24 9LD,SEPD,PSI,1,253593,17,2026-08-26T08:54:10Z,2026-08-26T08:54:10Z,0.0
GU24 9LZ,SEPD,PSI,1,253593,17,2026-08-26T08:54:10Z,2026-08-26T08:54:10Z,0.0
GU27 2EU,SEPD,PSI,1,254181,3,2026-08-28T17:19:56Z,2026-08-28T17:19:56Z,0.0
GU28 9EG,SEPD,PSI,1,253110,9,2026-08-27T20:44:46Z,2026-08-27T20:44:46Z,0.0
GU28 9EP,SEPD,PSI,1,253110,9,2026-08-27T20:44:46Z,2026-08-27T20:44:46Z,0.0
GU28 9ER,SEPD,PSI,1,253110,9,2026-08-27T20:44:46Z,2026-08-27T20:44:46Z,0.0
GU28 9NE,SEPD,PSI,1,253110,9,2026-08-27T20:44:46Z,2026-08-27T20:44:46Z,0.0
GU29 9BT,SEPD,LV,1,TX0784,11,2026-08-29T01:01:34Z,2026-08-29T01:01:34Z,0.0
GU29 9EH,SEPD,LV,1,TX0784,11,2026-08-29T01:01:34Z,2026-08-29T01:01:34Z,0.0
GU29 9HP,SEPD,LV,1,TX0784,11,2026-08-29T01:01:34Z,2026-08-29T01:01:34Z,0.0
GU29 9HR,SEPD,LV,1,TX0784,11,2026-08-29T01:01:34Z,2026-08-29T01:01:34Z,0.0
GU31 4AP,SEPD,PSI,1,253835,5,2026-08-28T04:56:18Z,2026-08-28T04:56:18Z,0.0
GU31 4AS,SEPD,PSI,1,253835,5,2026-08-28T04:56:18Z,2026-08-28T04:56:18Z,0.0
GU31 4YS,SEPD,PSI,1,253835,5,2026-08-28T04:56:18Z,2026-08-28T04:56:18Z,0.0
GU8 6BN,SEPD,PSI,1,253815,162,2026-08-28T17:19:56Z,2026-08-28T17:19:56Z,0.0
GU8 6BZ,SEPD,PSI,1,253815,162,2026-08-28T17:19:56Z,2026-08-28T17:19:56Z,0.0
GU8 6DH,SEPD,PSI,1,253815,162,2026-08-28T17:19:56Z,2026-08-28T17:19:56Z,0.0
GU8 6DJ,SEPD,PSI,1,253815,162,2026-08-28T17:19:56Z,2026-08-28T17:19:56Z,0.0
GU8 6DQ,SEPD,PSI,1,253815,162,2026-08-28T17:19:56Z,2026-08-28T17:19:56Z,0.0
GU8 6DZ,SEPD,PSI,1,253815,162,2026-08-28T17:19:56Z,2026-08-28T17:19:56Z,0.0
GU8 6EN,SEPD,LV,1,TX0621,9,2026-08-28T17:19:56Z,2026-08-28T17:19:56Z,0.0
GU8 6EW,SEPD,LV,1,TX0621,9,2026-08-28T17:19:56Z,2026-08-28T17:19:56Z,0.0
GU8 6LH,SEPD,PSI,1,253815,162,2026-08-28T17:19:56Z,2026-08-28T17:19:56Z,0.0
GU8 6LJ,SEPD,PSI,1,253815,162,2026-08-28T17:19:56Z,2026-08-28T17:19:56Z,0.0
GU8 6LQ,SEPD,PSI,1,253815,162,2026-08-28T17:19:56Z,2026-08-28T17:19:56Z,0.0
GU9 8NR,SEPD,LV,1,TW8334,21,2026-08-26T21:01:35Z,2026-08-26T21:01:35Z,0.0
GU9 8PR,SEPD,LV,1,TW8334,21,2026-08-26T21:01:35Z,2026-08-26T21:01:35Z,0.0
GU9 8QU,SEPD,LV,1,TW8334,21,2026-08-26T21:01:35Z,2026-08-26T21:01:35Z,0.0
GU9 8QY,SEPD,LV,1,TW8334,21,2026-08-26T21:01:35Z,2026-08-26T21:01:35Z,0.0
GU9 8QZ,SEPD,LV,1,TW8334,21,2026-08-26T21:01:35Z,2026-08-26T21:01:35Z,0.0
GU9 8RA,SEPD,LV,1,TW8334,21,2026-08-26T21:01:35Z,2026-08-26T21:01:35Z,0.0
GU9 8RD,SEPD,LV,1,TW8334,21,2026-08-26T21:01:35Z,2026-08-26T21:01:35Z,0.0
GU9 8SN,SEPD,LV,1,TW8334,21,2026-08-26T21:01:35Z,2026-08-26T21:01:35Z,0.0
GU9 8SR,SEPD,LV,1,TW8334,21,2026-08-26T21:01:35Z,2026-08-26T21:01:35Z,0.0
HA2 8NR,SEPD,HV,1,TX0314,2631,2026-08-28T04:56:18Z,2026-08-28T04:56:18Z,0.0
HA2 8NS,SEPD,HV,1,TX0314,2631,2026-08-28T04:56:18Z,2026-08-28T04:56:18Z,0.0
HA2 8NT,SEPD,HV,1,TX0314,2631,2026-08-28T04:56:18Z,2026-08-28T04:56:18Z,0.0
HA2 8NU,SEPD,HV,1,TX0314,2631,2026-08-28T04:56:18Z,2026-08-28T04:56:18Z,0.0
HA2 8NX,SEPD,HV,1,TX0314,2631,2026-08-28T04:56:18Z,2026-08-28T04:56:18Z,0.0
HP13 5TG,SEPD,HV,1,TX2615,61,2026-08-29T19:50:16Z,2026-08-29T19:50:16Z,0.0
HP13 5TT,SEPD,HV,1,TX2615,61,2026-08-29T19:50:16Z,2026-08-29T19:50:16Z,0.0
HP13 5XG,SEPD,LV,1,TX2624,11,2026-08-29T19:50:16Z,2026-08-29T19:50:16Z,0.0
HP13 5XJ,SEPD,HV,1,TX2615,61,2026-08-29T19:50:16Z,2026-08-29T19:50:16Z,0.0
HP13 5XQ,SEPD,LV,1,TX2624,11,2026-08-29T19:50:16Z,2026-08-29T19:50:16Z,0.0
HP13 5YA,SEPD,LV,1,TX2624,11,2026-08-29T19:50:16Z,2026-08-29T19:50:16Z,0.0
HP13 5YN,SEPD,LV,1,TX2624,11,2026-08-29T19:50:16Z,2026-08-29T19:50:16Z,0.0
HP13 5YW,SEPD,LV,1,TX2624,11,2026-08-29T19:50:16Z,2026-08-29T19:50:16Z,0.0
IV17,SHEPD,HV,1,TX0799,143,2026-08-28T17:19:56Z,2026-08-28T17:19:56Z,0.0
IV17 0AJ,SHEPD,HV,1,TX0799,143,2026-08-28T17:19:56Z,2026-08-28T17:19:56Z,0.0
IV17 0AL,SHEPD,HV,1,TX0799,143,2026-08-28T17:19:56Z,2026-08-28T17:19:56Z,0.0
IV17 0PF,SHEPD,HV,1,TX0799,143,2026-08-28T17:19:56Z,2026-08-28T17:19:56Z,0.0
IV17 0UR,SHEPD,HV,1,TX0799,143,2026-08-28T17:19:56Z,2026-08-28T17:19:56Z,0.0
IV17 0UT,SHEPD,HV,1,TX0799,143,2026-08-28T17:19:56Z,2026-08-28T17:19:56Z,0.0
IV17 0UU,SHEPD,HV,1,TX0799,143,2026-08-28T17:19:56Z,2026-08-28T17:19:56Z,0.0
IV17 0UX,SHEPD,HV,1,TX0799,143,2026-08-28T17:19:56Z,2026-08-28T17:19:56Z,0.0
IV17 0UY,SHEPD,HV,1,TX0799,143,2026-08-28T17:19:56Z,2026-08-28T17:19:56Z,0.0
IV17 0WJ,SHEPD,HV,1,TX0799,143,2026-08-28T17:19:56Z,2026-08-28T17:19:56Z,0.0
IV17 0WN,SHEPD,HV,1,TX0799,143,2026-08-28T17:19:56Z,2026-08-28T17:19:56Z,0.0
IV17 0WP,SHEPD,HV,1,TX0799,143,2026-08-28T17:19:56Z,2026-08-28T17:19:56Z,0.0
IV17 0XB,SHEPD,HV,1,TX0799,143,2026-08-28T17:19:56Z,2026-08-28T17:19:56Z,0.0
IV2,SHEPD,PSI,1,254242,7,2026-08-27T20:44:46Z,2026-08-27T20:44:46Z,0.0
IV2 4XH,SHEPD,PSI,1,254571,39,2026-08-28T17:19:56Z,2026-08-28T17:19:56Z,0.0
IV2 4XJ,SHEPD,PSI,1,254571,39,2026-08-28T17:19:56Z,2026-08-28T17:19:56Z,0.0
IV2 4XQ,SHEPD,PSI,1,254571,39,2026-08-28T17:19:56Z,2026-08-28T17:19:56Z,0.0
IV2 6YA,SHEPD,PSI,1,254242,7,2026-08-27T20:44:46Z,2026-08-27T20:44:46Z,0.0
IV2 6YG,SHEPD,PSI,1,254242,7,2026-08-27T20:44:46Z,2026-08-27T20:44:46Z,0.0
IV30 8XB,SHEPD,HV,1,TW3552,166,2026-08-23T08:50:47Z,2026-08-23T08:50:47Z,0.0
IV36 2UB,SHEPD,HV,1,TW3552,166,2026-08-23T08:50:47Z,2026-08-23T08:50:47Z,0.0
IV40 8DX,SHEPD,PSI,1,254270,7,2026-08-28T17:19:56Z,2026-08-28T17:19:56Z,0.0
IV40 8HA,SHEPD,PSI,1,254270,7,2026-08-28T17:19:56Z,2026-08-28T17:19:56Z,0.0
IV40 8HB,SHEPD,PSI,1,254270,7,2026-08-28T17:19:56Z,2026-08-28T17:19:56Z,0.0
KW1 5XR,SHEPD,HV,1,TX0288,93,2026-08-28T04:56:18Z,2026-08-28T04:56:18Z,0.0
KW1 5XS,SHEPD,HV,1,TX0288,93,2026-08-28T04:56:18Z,2026-08-28T04:56:18Z,0.0
KW1 5XU,SHEPD,HV,1,TX0288,93,2026-08-28T04:56:18Z,2026-08-28T04:56:18Z,0.0
KW12 6UJ,SHEPD,HV,1,TX0288,93,2026-08-28T04:56:18Z,2026-08-28T04:56:18Z,0.0
KW12 6UU,SHEPD,HV,1,TX0288,93,2026-08-28T04:56:18Z,2026-08-28T04:56:18Z,0.0
KW12 6XA,SHEPD,HV,1,TX0288,93,2026-08-28T04:56:18Z,2026-08-28T04:56:18Z,0.0
KW14 7EG,SHEPD,HV,1,TX1757,86,2026-08-29T13:24:25Z,2026-08-29T13:24:25Z,0.0
KW14 7QN,SHEPD,HV,1,TX1757,86,2026-08-29T13:24:25Z,2026-08-29T13:24:25Z,0.0
KW14 7QW,SHEPD,HV,1,TX1757,86,2026-08-29T13:24:25Z,2026-08-29T13:24:25Z,0.0
KW14 7QX,SHEPD,HV,1,TX1757,86,2026-08-29T13:24:25Z,2026-08-29T13:24:25Z,0.0
KW14 7SQ,SHEPD,HV,1,TX1757,86,2026-08-29T13:24:25Z,2026-08-29T13:24:25Z,0.0
KW14 7XF,SHEPD,HV,1,TX1757,86,2026-08-29T13:24:25Z,2026-08-29T13:24:25Z,0.0
KW14 7XJ,SHEPD,HV,1,TX1757,86,2026-08-29T13:24:25Z,2026-08-29T13:24:25Z,0.0
KW14 7XQ,SHEPD,HV,1,TX1757,86,2026-08-29T13:24:25Z,2026-08-29T13:24:25Z,0.0
KW14 7XY,SHEPD,HV,1,TX1757,86,2026-08-29T13:24:25Z,2026-08-29T13:24:25Z,0.0
KW9 6LN,SHEPD,PSI,1,254124,58,2026-08-28T17:19:56Z,2026-08-28T17:19:56Z,0.0
KW9 6LP,SHEPD,PSI,1,254124,58,2026-08-28T17:19:56Z,2026-08-28T17:19:56Z,0.0
KW9 6LR,SHEPD,PSI,1,254124,58,2026-08-28T17:19:56Z,2026-08-28T17:19:56Z,0.0
KW9 6LS,SHEPD,PSI,1,254124,58,2026-08-28T17:19:56Z,2026-08-28T17:19:56Z,0.0
KW9 6QJ,SHEPD,PSI,1,254124,58,2026-08-28T17:19:56Z,2026-08-28T17:19:56Z,0.0
KW9 6QN,SHEPD,PSI,1,254124,58,2026-08-28T17:19:56Z,2026-08-28T17:19:56Z,0.0
KW9 6QP,SHEPD,PSI,1,254124,58,2026-08-28T17:19:56Z,2026-08-28T17:19:56Z,0.0
KW9 6QR,SHEPD,PSI,1,254124,58,2026-08-28T17:19:56Z,2026-08-28T17:19:56Z,0.0
OX1 3HB,SEPD,LV,1,TW4915,8,2026-08-24T12:00:58Z,2026-08-24T12:00:58Z,0.0
OX11 8EG,SEPD,PSI,1,254070,11,2026-08-28T17:19:56Z,2026-08-28T17:19:56Z,0.0
OX11 8HE,SEPD,PSI,1,254070,11,2026-08-28T17:19:56Z,2026-08-28T17:19:56Z,0.0
OX17 3AU,SEPD,HV,1,TW9166,12,2026-08-27T20:44:46Z,2026-08-27T20:44:46Z,0.0
OX17 3AY,SEPD,HV,1,TW9166,12,2026-08-27T20:44:46Z,2026-08-27T20:44:46Z,0.0
OX18,SEPD,HV,1,TW5210,122,2026-08-24T18:58:19Z,2026-08-24T18:58:19Z,0.0
OX18 1PB,SEPD,HV,1,TW5210,122,2026-08-24T18:58:19Z,2026-08-24T18:58:19Z,0.0
OX18 1PD,SEPD,HV,1,TW5210,122,2026-08-24T18:58:19Z,2026-08-24T18:58:19Z,0.0
OX18 1PE,SEPD,HV,1,TW5210,122,2026-08-24T18:58:19Z,2026-08-24T18:58:19Z,0.0
OX18 1PF,SEPD,HV,1,TW5210,122,2026-08-24T18:58:19Z,2026-08-24T18:58:19Z,0.0
OX18 2PN,SEPD,HV,1,TW5210,122,2026-08-24T18:58:19Z,2026-08-24T18:58:19Z,0.0
OX18 2PP,SEPD,HV,1,TW5210,122,2026-08-24T18:58:19Z,2026-08-24T18:58:19Z,0.0
OX18 2PU,SEPD,HV,1,TW5210,122,2026-08-24T18:58:19Z,2026-08-24T18:58:19Z,0.0
OX18 2PY,SEPD,HV,1,TW5210,122,2026-08-24T18:58:19Z,2026-08-24T18:58:19Z,0.0
OX18 2PZ,SEPD,HV,1,TW5210,122,2026-08-24T18:58:19Z,2026-08-24T18:58:19Z,0.0
OX18 2QJ,SEPD,HV,1,TW5210,122,2026-08-24T18:58:19Z,2026-08-24T18:58:19Z,0.0
OX18 3XP,SEPD,HV,1,TW5210,122,2026-08-24T18:58:19Z,2026-08-24T18:58:19Z,0.0
OX18 4AD,SEPD,HV,1,TW5210,122,2026-08-24T18:58:19Z,2026-08-24T18:58:19Z,0.0
OX18 4AE,SEPD,HV,1,TW5210,122,2026-08-24T18:58:19Z,2026-08-24T18:58:19Z,0.0
OX18 4AP,SEPD,HV,1,TW5210,122,2026-08-24T18:58:19Z,2026-08-24T18:58:19Z,0.0
OX18 4AS,SEPD,HV,1,TW5210,122,2026-08-24T18:58:19Z,2026-08-24T18:58:19Z,0.0
OX18 4AW,SEPD,HV,1,TW5210,122,2026-08-24T18:58:19Z,2026-08-24T18:58:19Z,0.0
OX2 9FW,SEPD,LV,1,TW4953,8,2026-08-25T01:44:38Z,2026-08-25T01:44:38Z,0.0
OX2 9GZ,SEPD,LV,1,TW4953,8,2026-08-25T01:44:38Z,2026-08-25T01:44:38Z,0.0
OX2 9HU,SEPD,LV,1,TW4953,8,2026-08-25T01:44:38Z,2026-08-25T01:44:38Z,0.0
OX2 9HX,SEPD,LV,1,TW4953,8,2026-08-25T01:44:38Z,2026-08-25T01:44:38Z,0.0
OX20 1AE,SEPD,HV,1,TW8540,62,2026-08-26T21:01:35Z,2026-08-26T21:01:35Z,0.0
OX20 1AF,SEPD,HV,1,TW8540,62,2026-08-26T21:01:35Z,2026-08-26T21:01:35Z,0.0
OX20 1AG,SEPD,HV,1,TW8540,62,2026-08-26T21:01:35Z,2026-08-26T21:01:35Z,0.0
OX20 1AH,SEPD,HV,1,TW8540,62,2026-08-26T21:01:35Z,2026-08-26T21:01:35Z,0.0
OX20 1AJ,SEPD,HV,1,TW8540,62,2026-08-26T21:01:35Z,2026-08-26T21:01:35Z,0.0
OX20 1AL,SEPD,HV,1,TW8540,62,2026-08-26T21:01:35Z,2026-08-26T21:01:35Z,0.0
OX20 1AN,SEPD,HV,1,TW8540,62,2026-08-26T21:01:35Z,2026-08-26T21:01:35Z,0.0
OX20 1AP,SEPD,HV,1,TW8540,62,2026-08-26T21:01:35Z,2026-08-26T21:01:35Z,0.0
OX20 1AR,SEPD,HV,1,TW8540,62,2026-08-26T21:01:35Z,2026-08-26T21:01:35Z,0.0
OX20 1AS,SEPD,HV,1,TW8540,62,2026-08-26T21:01:35Z,2026-08-26T21:01:35Z,0.0
OX20 1AT,SEPD,HV,1,TW8540,62,2026-08-26T21:01:35Z,2026-08-26T21:01:35Z,0.0
OX20 1AU,SEPD,HV,1,TW8540,62,2026-08-26T21:01:35Z,2026-08-26T21:01:35Z,0.0
OX20 1AW,SEPD,HV,1,TW8540,62,2026-08-26T21:01:35Z,2026-08-26T21:01:35Z,0.0
OX20 1AY,SEPD,HV,1,TW8540,62,2026-08-26T21:01:35Z,2026-08-26T21:01:35Z,0.0
OX20 1AZ,SEPD,HV,1,TW8540,62,2026-08-26T21:01:35Z,2026-08-26T21:01:35Z,0.0
OX20 1BD,SEPD,HV,1,TW8540,62,2026-08-26T21:01:35Z,2026-08-26T21:01:35Z,0.0
OX20 1EN,SEPD,HV,1,TW8540,62,2026-08-26T21:01:35Z,2026-08-26T21:01:35Z,0.0
OX20 1ES,SEPD,HV,1,TW8540,62,2026-08-26T21:01:35Z,2026-08-26T21:01:35Z,0.0
OX20 1EW,SEPD,HV,1,TW8540,62,2026-08-26T21:01:35Z,2026-08-26T21:01:35Z,0.0
OX20 1EY,SEPD,HV,1,TW8540,62,2026-08-26T21:01:35Z,2026-08-26T21:01:35Z,0.0
OX20 1EZ,SEPD,HV,1,TW8540,62,2026-08-26T21:01:35Z,2026-08-26T21:01:35Z,0.0
OX26 6HE,SEPD,HV,1,TX2810,10,2026-08-29T22:02:58Z,2026-08-29T22:02:58Z,0.0
OX44 7BG,SEPD,HV,1,TW6797,65,2026-08-25T15:58:35Z,2026-08-25T15:58:35Z,0.0
OX44 7JG,SEPD,HV,1,TW6797,65,2026-08-25T15:58:35Z,2026-08-25T15:58:35Z,0.0
OX44 7JJ,SEPD,HV,1,TW6797,65,2026-08-25T15:58:35Z,2026-08-25T15:58:35Z,0.0
OX44 7JL,SEPD,HV,1,TW6797,65,2026-08-25T15:58:35Z,2026-08-25T15:58:35Z,0.0
OX44 7JN,SEPD,HV,1,TW6797,65,2026-08-25T15:58:35Z,2026-08-25T15:58:35Z,0.0
OX44 7JQ,SEPD,HV,1,TW6797,65,2026-08-25T15:58:35Z,2026-08-25T15:58:35Z,0.0
OX44 7JU,SEPD,HV,1,TW6797,65,2026-08-25T15:58:35Z,2026-08-25T15:58:35Z,0.0
OX44 7JW,SEPD,HV,1,TW6797,65,2026-08-25T15:58:35Z,2026-08-25T15:58:35Z,0.0
OX44 7JX,SEPD,HV,1,TW6797,65,2026-08-25T15:58:35Z,2026-08-25T15:58:35Z,0.0
OX44 7JY,SEPD,HV,1,TW6797,65,2026-08-25T15:58:35Z,2026-08-25T15:58:35Z,0.0
OX44 7JZ,SEPD,HV,1,TW6797,65,2026-08-25T15:58:35Z,2026-08-25T15:58:35Z,0.0
OX44 7LA,SEPD,HV,1,TW6797,65,2026-08-25T15:58:35Z,2026-08-25T15:58:35Z,0.0
OX44 7LB,SEPD,HV,1,TW6797,65,2026-08-25T15:58:35Z,2026-08-25T15:58:35Z,0.0
OX44 7LD,SEPD,HV,1,TW6797,65,2026-08-25T15:58:35Z,2026-08-25T15:58:35Z,0.0
OX44 7LE,SEPD,HV,1,TW6797,65,2026-08-25T15:58:35Z,2026-08-25T15:58:35Z,0.0
OX44 7LF,SEPD,HV,1,TW6797,65,2026-08-25T15:58:35Z,2026-08-25T15:58:35Z,0.0
OX44 7LG,SEPD,HV,1,TW6797,65,2026-08-25T15:58:35Z,2026-08-25T15:58:35Z,0.0
OX44 7LH,SEPD,HV,1,TW6797,65,2026-08-25T15:58:35Z,2026-08-25T15:58:35Z,0.0
OX44 7LJ,SEPD,HV,1,TW6797,65,2026-08-25T15:58:35Z,2026-08-25T15:58:35Z,0.0
OX44 7LL,SEPD,HV,1,TW6797,65,2026-08-25T15:58:35Z,2026-08-25T15:58:35Z,0.0
OX44 7LN,SEPD,HV,1,TW6797,65,2026-08-25T15:58:35Z,2026-08-25T15:58:35Z,0.0
OX44 7LP,SEPD,HV,1,TW6797,65,2026-08-25T15:58:35Z,2026-08-25T15:58:35Z,0.0
OX44 7LQ,SEPD,HV,1,TW6797,65,2026-08-25T15:58:35Z,2026-08-25T15:58:35Z,0.0
OX44 7LR,SEPD,HV,1,TW6797,65,2026-08-25T15:58:35Z,2026-08-25T15:58:35Z,0.0
OX44 7LU,SEPD,HV,1,TW6797,65,2026-08-25T15:58:35Z,2026-08-25T15:58:35Z,0.0
OX44 7LW,SEPD,HV,1,TW6797,65,2026-08-25T15:58:35Z,2026-08-25T15:58:35Z,0.0
OX44 7PU,SEPD,HV,1,TW6797,65,2026-08-25T15:58:35Z,2026-08-25T15:58:35Z,0.0
OX44 7PX,SEPD,HV,1,TW6797,65,2026-08-25T15:58:35Z,2026-08-25T15:58:35Z,0.0
OX44 7PY,SEPD,HV,1,TW6797,65,2026-08-25T15:58:35Z,2026-08-25T15:58:35Z,0.0
OX44 7PZ,SEPD,HV,1,TW6797,65,2026-08-25T15:58:35Z,2026-08-25T15:58:35Z,0.0
OX44 7QA,SEPD,HV,1,TW6797,65,2026-08-25T15:58:35Z,2026-08-25T15:58:35Z,0.0
OX44 7QP,SEPD,HV,1,TW6797,65,2026-08-25T15:58:35Z,2026-08-25T15:58:35Z,0.0
OX5 1ER,SEPD,LV,1,TW3615,19,2026-08-26T10:59:21Z,2026-08-26T10:59:21Z,0.0
OX5 1ES,SEPD,LV,1,TW3615,19,2026-08-26T10:59:21Z,2026-08-26T10:59:21Z,0.0
OX5 1EZ,SEPD,LV,1,TW3615,19,2026-08-26T10:59:21Z,2026-08-26T10:59:21Z,0.0
OX5 1HH,SEPD,LV,1,TW3615,19,2026-08-26T10:59:21Z,2026-08-26T10:59:21Z,0.0
OX7 3EG,SEPD,LV,1,TX2339,22,2026-08-29T17:20:44Z,2026-08-29T17:20:44Z,0.0
OX7 3QS,SEPD,LV,1,TX2339,22,2026-08-29T17:20:44Z,2026-08-29T17:20:44Z,0.0
OX7 3SJ,SEPD,LV,1,TX2339,22,2026-08-29T17:20:44Z,2026-08-29T17:20:44Z,0.0
OX7 3SY,SEPD,LV,1,TX2339,22,2026-08-29T17:20:44Z,2026-08-29T17:20:44Z,0.0
OX7 3TB,SEPD,LV,1,TX2339,22,2026-08-29T17:20:44Z,2026-08-29T17:20:44Z,0.0
OX7 3TJ,SEPD,LV,1,TX2339,22,2026-08-29T17:20:44Z,2026-08-29T17:20:44Z,0.0
PA23 8QA,SHEPD,LV,1,TX0479,4,2026-08-28T17:19:56Z,2026-08-28T17:19:56Z,0.0
PA23 8QB,SHEPD,LV,1,TX0479,4,2026-08-28T17:19:56Z,2026-08-28T17:19:56Z,0.0
PA23 8QD,SHEPD,LV,1,TX0479,4,2026-08-28T17:19:56Z,2026-08-28T17:19:56Z,0.0
PA28 6HU,SHEPD,LV,1,TX0330,9,2026-08-28T04:56:18Z,2026-08-28T04:56:18Z,0.0
PA28 6JB,SHEPD,LV,1,TX0330,9,2026-08-28T04:56:18Z,2026-08-28T04:56:18Z,0.0
PA28 6JD,SHEPD,LV,1,TX0330,9,2026-08-28T04:56:18Z,2026-08-28T04:56:18Z,0.0
PA28 6JE,SHEPD,LV,1,TX0330,9,2026-08-28T04:56:18Z,2026-08-28T04:56:18Z,0.0
PA28 6JJ,SHEPD,LV,1,TX0330,9,2026-08-28T04:56:18Z,2026-08-28T04:56:18Z,0.0
PA32 8XD,SHEPD,PSI,1,254660,45,2026-08-29T13:24:25Z,2026-08-29T13:24:25Z,0.0
PA32 8XE,SHEPD,PSI,1,254660,45,2026-08-29T13:24:25Z,2026-08-29T13:24:25Z,0.0
PA32 8XG,SHEPD,PSI,1,254660,45,2026-08-29T13:24:25Z,2026-08-29T13:24:25Z,0.0
PA32 8XJ,SHEPD,PSI,1,254660,45,2026-08-29T13:24:25Z,2026-08-29T13:24:25Z,0.0
PA32 8YB,SHEPD,PSI,1,254660,45,2026-08-29T13:24:25Z,2026-08-29T13:24:25Z,0.0
PH10 7HQ,SHEPD,PSI,1,253505,6,2026-08-27T20:44:46Z,2026-08-27T20:44:46Z,0.0
PH2 6BB,SHEPD,HV,1,TX0601,48,2026-08-28T17:19:56Z,2026-08-28T17:19:56Z,0.0
PH2 6SP,SHEPD,HV,1,TX0601,48,2026-08-28T17:19:56Z,2026-08-28T17:19:56Z,0.0
PH2 6TE,SHEPD,HV,1,TX0601,48,2026-08-28T17:19:56Z,2026-08-28T17:19:56Z,0.0
PH2 6TF,SHEPD,HV,1,TX0601,48,2026-08-28T17:19:56Z,2026-08-28T17:19:56Z,0.0
PH2 7HG,SHEPD,HV,1,TX0601,48,2026-08-28T17:19:56Z,2026-08-28T17:19:56Z,0.0
PH2 7HQ,SHEPD,HV,1,TX0601,48,2026-08-28T17:19:56Z,2026-08-28T17:19:56Z,0.0
PH2 9JS,SHEPD,HV,1,TW4317,123,2026-08-24T07:40:24Z,2026-08-24T07:40:24Z,0.0
PH2 9JU,SHEPD,HV,1,TW4317,123,2026-08-24T07:40:24Z,2026-08-24T07:40:24Z,0.0
PH2 9JW,SHEPD,HV,1,TW4317,123,2026-08-24T07:40:24Z,2026-08-24T07:40:24Z,0.0
PH2 9JY,SHEPD,HV,1,TW4317,123,2026-08-24T07:40:24Z,2026-08-24T07:40:24Z,0.0
PH2 9LN,SHEPD,HV,1,TW4317,123,2026-08-24T07:40:24Z,2026-08-24T07:40:24Z,0.0
PH2 9LS,SHEPD,HV,1,TW4317,123,2026-08-24T07:40:24Z,2026-08-24T07:40:24Z,0.0
PH2 9NH,SHEPD,HV,1,TW4317,123,2026-08-24T07:40:24Z,2026-08-24T07:40:24Z,0.0
PH21 1HE,SHEPD,PSI,1,253573,5,2026-08-28T17:19:56Z,2026-08-28T17:19:56Z,0.0
PH22 1RP,SHEPD,LV,1,TW7300,6,2026-08-26T08:54:10Z,2026-08-26T08:54:10Z,0.0
PH22 1RR,SHEPD,LV,1,TW7300,6,2026-08-26T08:54:10Z,2026-08-26T08:54:10Z,0.0
PH22 1RU,SHEPD,LV,1,TW7300,6,2026-08-26T08:54:10Z,2026-08-26T08:54:10Z,0.0
PH22 1RX,SHEPD,LV,1,TW7300,6,2026-08-26T08:54:10Z,2026-08-26T08:54:10Z,0.0
PH3 1NP,SHEPD,HV,1,TW4993,13,2026-08-24T13:06:56Z,2026-08-24T13:06:56Z,0.0
PH3 1NR,SHEPD,HV,1,TW4993,13,2026-08-24T13:06:56Z,2026-08-24T13:06:56Z,0.0
PH3 1NS,SHEPD,HV,1,TW4993,13,2026-08-24T13:06:56Z,2026-08-24T13:06:56Z,0.0
PH3 1NT,SHEPD,HV,1,TW4993,13,2026-08-24T13:06:56Z,2026-08-24T13:06:56Z,0.0
PH3 1NU,SHEPD,HV,1,TW4993,13,2026-08-24T13:06:56Z,2026-08-24T13:06:56Z,0.0
PH5 2BT,SHEPD,HV,1,TW4993,13,2026-08-24T13:06:56Z,2026-08-24T13:06:56Z,0.0
PH5 2BU,SHEPD,HV,1,TW4993,13,2026-08-24T13:06:56Z,2026-08-24T13:06:56Z,0.0
PH5 2BX,SHEPD,HV,1,TW4993,13,2026-08-24T13:06:56Z,2026-08-24T13:06:56Z,0.0
PO34 5DD,SEPD,LV,1,TW8545,4,2026-08-27T00:39:45Z,2026-08-27T00:39:45Z,0.0
PO6 1ES,SEPD,LV,1,TW8886,8,2026-08-27T20:44:46Z,2026-08-27T20:44:46Z,0.0
PO7 7TJ,SEPD,LV,1,TW8443,6,2026-08-26T18:25:38Z,2026-08-26T18:25:38Z,0.0
PO7 7TQ,SEPD,LV,1,TW8443,6,2026-08-26T18:25:38Z,2026-08-26T18:25:38Z,0.0
PO8 8EZ,SEPD,LV,1,TX2111,15,2026-08-29T17:20:44Z,2026-08-29T17:20:44Z,0.0
PO8 8HB,SEPD,LV,1,TX2111,15,2026-08-29T17:20:44Z,2026-08-29T17:20:44Z,0.0
PO8 9DG,SEPD,LV,1,TX2111,15,2026-08-29T17:20:44Z,2026-08-29T17:20:44Z,0.0
PO8 9DQ,SEPD,LV,1,TX2111,15,2026-08-29T17:20:44Z,2026-08-29T17:20:44Z,0.0
RG14 6NA,SEPD,LV,1,TW4294,8,2026-08-24T07:40:24Z,2026-08-24T07:40:24Z,0.0
RG14 6ND,SEPD,LV,1,TW4294,8,2026-08-24T07:40:24Z,2026-08-24T07:40:24Z,0.0
RG14 6NE,SEPD,LV,1,TW4294,8,2026-08-24T07:40:24Z,2026-08-24T07:40:24Z,0.0
RG14 6NR,SEPD,LV,1,TW4294,8,2026-08-24T07:40:24Z,2026-08-24T07:40:24Z,0.0
RG14 6NW,SEPD,LV,1,TW4294,8,2026-08-24T07:40:24Z,2026-08-24T07:40:24Z,0.0
RG14 7AU,SEPD,LV,1,TW8647,15,2026-08-27T10:33:18Z,2026-08-27T10:33:18Z,0.0
RG14 7AX,SEPD,LV,1,TW8647,15,2026-08-27T10:33:18Z,2026-08-27T10:33:18Z,0.0
RG14 7EE,SEPD,LV,1,TW8647,15,2026-08-27T10:33:18Z,2026-08-27T10:33:18Z,0.0
RG14 7EF,SEPD,LV,1,TW8647,15,2026-08-27T10:33:18Z,2026-08-27T10:33:18Z,0.0
RG14 7EG,SEPD,LV,1,TW8647,15,2026-08-27T10:33:18Z,2026-08-27T10:33:18Z,0.0
RG14 7RL,SEPD,LV,1,TW4294,8,2026-08-24T07:40:24Z,2026-08-24T07:40:24Z,0.0
RG17 7TD,SEPD,HV,1,TW8801,3,2026-08-27T20:44:46Z,2026-08-27T20:44:46Z,0.0
RG17 7TJ,SEPD,HV,1,TX2727,4,2026-08-29T22:02:58Z,2026-08-29T22:02:58Z,0.0
RG17 7TR,SEPD,HV,1,TX2727,4,2026-08-29T22:02:58Z,2026-08-29T22:02:58Z,0.0
RG20 9SG,SEPD,LV,1,TW3411,13,2026-08-27T10:33:18Z,2026-08-27T10:33:18Z,0.0
RG20 9SJ,SEPD,LV,1,TW3411,13,2026-08-27T10:33:18Z,2026-08-27T10:33:18Z,0.0
RG20 9SL,SEPD,LV,1,TW3411,13,2026-08-27T10:33:18Z,2026-08-27T10:33:18Z,0.0
RG20 9SQ,SEPD,LV,1,TW3411,13,2026-08-27T10:33:18Z,2026-08-27T10:33:18Z,0.0
RG20 9ST,SEPD,LV,1,TW3411,13,2026-08-27T10:33:18Z,2026-08-27T10:33:18Z,0.0
RG26 5DG,SEPD,HV,1,TX2840,66,2026-08-30T00:13:24Z,2026-08-30T00:13:24Z,0.0
RG26 5DJ,SEPD,HV,1,TX2840,66,2026-08-30T00:13:24Z,2026-08-30T00:13:24Z,0.0
RG26 5DQ,SEPD,HV,1,TX2840,66,2026-08-30T00:13:24Z,2026-08-30T00:13:24Z,0.0
RG26 5EH,SEPD,HV,1,TX2840,66,2026-08-30T00:13:24Z,2026-08-30T00:13:24Z,0.0
RG26 5EJ,SEPD,HV,1,TX2840,66,2026-08-30T00:13:24Z,2026-08-30T00:13:24Z,0.0
RG26 5EL,SEPD,HV,1,TX2840,66,2026-08-30T00:13:24Z,2026-08-30T00:13:24Z,0.0
RG26 5EN,SEPD,HV,1,TX2840,66,2026-08-30T00:13:24Z,2026-08-30T00:13:24Z,0.0
RG27 0BH,SEPD,PSI,1,253389,34,2026-08-29T13:24:25Z,2026-08-29T13:24:25Z,0.0
RG27 0BQ,SEPD,PSI,1,253389,34,2026-08-29T13:24:25Z,2026-08-29T13:24:25Z,0.0
RG27 9AY,SEPD,PSI,1,253389,34,2026-08-29T13:24:25Z,2026-08-29T13:24:25Z,0.0
RG27 9BB,SEPD,PSI,1,253389,34,2026-08-29T13:24:25Z,2026-08-29T13:24:25Z,0.0
RG27 9BH,SEPD,PSI,1,253389,34,2026-08-29T13:24:25Z,2026-08-29T13:24:25Z,0.0
RG41 2QD,SEPD,LV,1,TX2740,18,2026-08-29T22:02:58Z,2026-08-29T22:02:58Z,0.0
RG41 2QU,SEPD,LV,1,TX2740,18,2026-08-29T22:02:58Z,2026-08-29T22:02:58Z,0.0
RG41 2RA,SEPD,LV,1,TX2740,18,2026-08-29T22:02:58Z,2026-08-29T22:02:58Z,0.0
RG41 2RD,SEPD,LV,1,TX2740,18,2026-08-29T22:02:58Z,2026-08-29T22:02:58Z,0.0
RG41 2RG,SEPD,LV,1,TX2740,18,2026-08-29T22:02:58Z,2026-08-29T22:02:58Z,0.0
RG41 2XP,SEPD,LV,1,TX2740,18,2026-08-29T22:02:58Z,2026-08-29T22:02:58Z,0.0
RG41 2XX,SEPD,LV,1,TX2740,18,2026-08-29T22:02:58Z,2026-08-29T22:02:58Z,0.0
RG6 4HN,SEPD,LV,1,TX0235,17,2026-08-28T04:56:18Z,2026-08-28T04:56:18Z,0.0
RG6 4HQ,SEPD,LV,1,TX0235,17,2026-08-28T04:56:18Z,2026-08-28T04:56:18Z,0.0
RG6 5YG,SEPD,LV,1,TX0235,17,2026-08-28T04:56:18Z,2026-08-28T04:56:18Z,0.0
RG6 5YQ,SEPD,LV,1,TX0235,17,2026-08-28T04:56:18Z,2026-08-28T04:56:18Z,0.0
RG7 2NH,SEPD,HV,1,TX2840,66,2026-08-30T00:13:24Z,2026-08-30T00:13:24Z,0.0
RG8 0AA,SEPD,LV,1,TX2658,9,2026-08-30T00:13:24Z,2026-08-30T00:13:24Z,0.0
RG8 0AB,SEPD,LV,1,TX2658,9,2026-08-30T00:13:24Z,2026-08-30T00:13:24Z,0.0
RG8 0AD,SEPD,LV,1,TX2658,9,2026-08-30T00:13:24Z,2026-08-30T00:13:24Z,0.0
RG8 0EJ,SEPD,LV,1,TX2658,9,2026-08-30T00:13:24Z,2026-08-30T00:13:24Z,0.0
RG8 0EL,SEPD,LV,1,TX2658,9,2026-08-30T00:13:24Z,2026-08-30T00:13:24Z,0.0
RG8 0ER,SEPD,LV,1,TX2658,9,2026-08-30T00:13:24Z,2026-08-30T00:13:24Z,0.0
RG8 0ET,SEPD,LV,1,TX2658,9,2026-08-30T00:13:24Z,2026-08-30T00:13:24Z,0.0
RG8 7AG,SEPD,PSI,1,253668,19,2026-08-28T04:56:18Z,2026-08-28T04:56:18Z,0.0
RG8 7AH,SEPD,PSI,1,253668,19,2026-08-28T04:56:18Z,2026-08-28T04:56:18Z,0.0
RG8 7AQ,SEPD,PSI,1,253668,19,2026-08-28T04:56:18Z,2026-08-28T04:56:18Z,0.0
RG8 7LP,SEPD,PSI,1,253668,19,2026-08-28T04:56:18Z,2026-08-28T04:56:18Z,0.0
RG9 2AH,SEPD,LV,1,TW6790,27,2026-08-25T15:58:35Z,2026-08-25T15:58:35Z,0.0
RG9 2AN,SEPD,LV,1,TW6790,27,2026-08-25T15:58:35Z,2026-08-25T15:58:35Z,0.0
RG9 2BA,SEPD,LV,1,TW6790,27,2026-08-25T15:58:35Z,2026-08-25T15:58:35Z,0.0
RG9 2BD,SEPD,LV,1,TW6790,27,2026-08-25T15:58:35Z,2026-08-25T15:58:35Z,0.0
RG9 2BF,SEPD,LV,1,TW6790,27,2026-08-25T15:58:35Z,2026-08-25T15:58:35Z,0.0
RG9 2BG,SEPD,LV,1,TW6790,27,2026-08-25T15:58:35Z,2026-08-25T15:58:35Z,0.0
RG9 2BL,SEPD,LV,1,TW6790,27,2026-08-25T15:58:35Z,2026-08-25T15:58:35Z,0.0
RG9 2BW,SEPD,LV,1,TW6790,27,2026-08-25T15:58:35Z,2026-08-25T15:58:35Z,0.0
RG9 2FH,SEPD,LV,1,TW6790,27,2026-08-25T15:58:35Z,2026-08-25T15:58:35Z,0.0
RG9 4BN,SEPD,LV,1,TW9446,5,2026-08-28T04:56:18Z,2026-08-28T04:56:18Z,0.0
RG9 4BS,SEPD,LV,1,TW9446,5,2026-08-28T04:56:18Z,2026-08-28T04:56:18Z,0.0
RG9 4BT,SEPD,LV,1,TW9446,5,2026-08-28T04:56:18Z,2026-08-28T04:56:18Z,0.0
RG9 4BU,SEPD,LV,1,TW9446,5,2026-08-28T04:56:18Z,2026-08-28T04:56:18Z,0.0
RG9 4BW,SEPD,LV,1,TW9446,5,2026-08-28T04:56:18Z,2026-08-28T04:56:18Z,0.0
RG9 6LT,SEPD,LV,1,TX2167,7,2026-08-29T17:20:44Z,2026-08-29T17:20:44Z,0.0
RG9 6LZ,SEPD,LV,1,TX2167,7,2026-08-29T17:20:44Z,2026-08-29T17:20:44Z,0.0
RG9 6NF,SEPD,LV,1,TX2167,7,2026-08-29T17:20:44Z,2026-08-29T17:20:44Z,0.0
RG9 6NG,SEPD,LV,1,TX2167,7,2026-08-29T17:20:44Z,2026-08-29T17:20:44Z,0.0
RG9 6NQ,SEPD,LV,1,TX2167,7,2026-08-29T17:20:44Z,2026-08-29T17:20:44Z,0.0
RH14 0QL,SEPD,PSI,1,253963,44,2026-08-24T14:53:48Z,2026-08-24T14:53:48Z,0.0
RH14 0QW,SEPD,PSI,1,253963,44,2026-08-24T14:53:48Z,2026-08-24T14:53:48Z,0.0
RH14 0RA,SEPD,PSI,1,253963,44,2026-08-24T14:53:48Z,2026-08-24T14:53:48Z,0.0
RH14 0RB,SEPD,PSI,1,253963,44,2026-08-24T14:53:48Z,2026-08-24T14:53:48Z,0.0
SL0 9LJ,SEPD,HV,1,TX0224,35,2026-08-28T04:56:18Z,2026-08-28T04:56:18Z,0.0
SL0 9LL,SEPD,HV,1,TX0224,35,2026-08-28T04:56:18Z,2026-08-28T04:56:18Z,0.0
SL1 2FY,SEPD,PSI,1,254521,28,2026-08-28T04:56:18Z,2026-08-28T04:56:18Z,0.0
SL1 2RU,SEPD,PSI,1,254521,28,2026-08-28T04:56:18Z,2026-08-28T04:56:18Z,0.0
SL1 2ST,SEPD,PSI,1,254521,28,2026-08-28T04:56:18Z,2026-08-28T04:56:18Z,0.0
SL5,SEPD,LV,1,TW8443,6,2026-08-26T18:25:38Z,2026-08-26T18:25:38Z,0.0
SL5 9NA,SEPD,PSI,1,254337,11,2026-08-27T20:44:46Z,2026-08-27T20:44:46Z,0.0
SL5 9PE,SEPD,PSI,1,254337,11,2026-08-27T20:44:46Z,2026-08-27T20:44:46Z,0.0
SL5 9PF,SEPD,PSI,1,254337,11,2026-08-27T20:44:46Z,2026-08-27T20:44:46Z,0.0
SL5 9PG,SEPD,PSI,1,254337,11,2026-08-27T20:44:46Z,2026-08-27T20:44:46Z,0.0
SN1 2,SEPD,LV,1,TW6907,36,2026-08-25T17:50:54Z,2026-08-25T17:50:54Z,0.0
SN1 2HA,SEPD,LV,1,TW6907,36,2026-08-25T17:50:54Z,2026-08-25T17:50:54Z,0.0
SN1 2JU,SEPD,LV,1,TW6907,36,2026-08-25T17:50:54Z,2026-08-25T17:50:54Z,0.0
SN1 2JY,SEPD,LV,1,TW6907,36,2026-08-25T17:50:54Z,2026-08-25T17:50:54Z,0.0
SN1 2JZ,SEPD,LV,1,TW6907,36,2026-08-25T17:50:54Z,2026-08-25T17:50:54Z,0.0
SN1 2LE,SEPD,LV,1,TW6907,36,2026-08-25T17:50:54Z,2026-08-25T17:50:54Z,0.0
SN1 2LF,SEPD,LV,1,TW6907,36,2026-08-25T17:50:54Z,2026-08-25T17:50:54Z,0.0
SN1 2LJ,SEPD,LV,1,TW6907,36,2026-08-25T17:50:54Z,2026-08-25T17:50:54Z,0.0
SN1 2LQ,SEPD,LV,1,TW6907,36,2026-08-25T17:50:54Z,2026-08-25T17:50:54Z,0.0
SN1 2NY,SEPD,LV,1,TW6907,36,2026-08-25T17:50:54Z,2026-08-25T17:50:54Z,0.0
SN13 0AA,SEPD,HV,1,TW6551,93,2026-08-25T14:11:56Z,2026-08-25T14:11:56Z,0.0
SN13 0AB,SEPD,HV,1,TW6551,93,2026-08-25T14:11:56Z,2026-08-25T14:11:56Z,0.0
SN13 0AD,SEPD,HV,1,TW6551,93,2026-08-25T14:11:56Z,2026-08-25T14:11:56Z,0.0
SN13 0AE,SEPD,HV,1,TW6551,93,2026-08-25T14:11:56Z,2026-08-25T14:11:56Z,0.0
SN13 0AG,SEPD,HV,1,TW6551,93,2026-08-25T14:11:56Z,2026-08-25T14:11:56Z,0.0
SN13 0AH,SEPD,HV,1,TW6551,93,2026-08-25T14:11:56Z,2026-08-25T14:11:56Z,0.0
SN13 0AJ,SEPD,HV,1,TW6551,93,2026-08-25T14:11:56Z,2026-08-25T14:11:56Z,0.0
SN13 0AL,SEPD,HV,1,TW6551,93,2026-08-25T14:11:56Z,2026-08-25T14:11:56Z,0.0
SN13 0AN,SEPD,HV,1,TW6551,93,2026-08-25T14:11:56Z,2026-08-25T14:11:56Z,0.0
SN13 0AW,SEPD,HV,1,TW6551,93,2026-08-25T14:11:56Z,2026-08-25T14:11:56Z,0.0
SN13 0AY,SEPD,HV,1,TW6551,93,2026-08-25T14:11:56Z,2026-08-25T14:11:56Z,0.0
SN13 0AZ,SEPD,HV,1,TW6551,93,2026-08-25T14:11:56Z,2026-08-25T14:11:56Z,0.0
SN13 0BA,SEPD,HV,1,TW6551,93,2026-08-25T14:11:56Z,2026-08-25T14:11:56Z,0.0
SN13 0BB,SEPD,HV,1,TW6551,93,2026-08-25T14:11:56Z,2026-08-25T14:11:56Z,0.0
SN13 0BT,SEPD,HV,1,TW6551,93,2026-08-25T14:11:56Z,2026-08-25T14:11:56Z,0.0
SN13 0DA,SEPD,HV,1,TW6551,93,2026-08-25T14:11:56Z,2026-08-25T14:11:56Z,0.0
SN13 0DH,SEPD,HV,1,TW6551,93,2026-08-25T14:11:56Z,2026-08-25T14:11:56Z,0.0
SN13 0DJ,SEPD,HV,1,TW6551,93,2026-08-25T14:11:56Z,2026-08-25T14:11:56Z,0.0
SN13 0DL,SEPD,HV,1,TW6551,93,2026-08-25T14:11:56Z,2026-08-25T14:11:56Z,0.0
SN13 0DP,SEPD,HV,1,TW6551,93,2026-08-25T14:11:56Z,2026-08-25T14:11:56Z,0.0
SN13 0DR,SEPD,HV,1,TW6551,93,2026-08-25T14:11:56Z,2026-08-25T14:11:56Z,0.0
SN13 0DS,SEPD,HV,1,TW6551,93,2026-08-25T14:11:56Z,2026-08-25T14:11:56Z,0.0
SN13 0DT,SEPD,HV,1,TW6551,93,2026-08-25T14:11:56Z,2026-08-25T14:11:56Z,0.0
SN13 0DU,SEPD,HV,1,TW6551,93,2026-08-25T14:11:56Z,2026-08-25T14:11:56Z,0.0
SN13 0DW,SEPD,HV,1,TW6551,93,2026-08-25T14:11:56Z,2026-08-25T14:11:56Z,0.0
SN13 0DX,SEPD,HV,1,TW6551,93,2026-08-25T14:11:56Z,2026-08-25T14:11:56Z,0.0
SN13 0EA,SEPD,HV,1,TW6551,93,2026-08-25T14:11:56Z,2026-08-25T14:11:56Z,0.0
SN13 0EB,SEPD,HV,1,TW6551,93,2026-08-25T14:11:56Z,2026-08-25T14:11:56Z,0.0
SN13 0ED,SEPD,HV,1,TW6551,93,2026-08-25T14:11:56Z,2026-08-25T14:11:56Z,0.0
SN13 0EE,SEPD,HV,1,TW6551,93,2026-08-25T14:11:56Z,2026-08-25T14:11:56Z,0.0
SN13 0EF,SEPD,HV,1,TW6551,93,2026-08-25T14:11:56Z,2026-08-25T14:11:56Z,0.0
SN13 0EG,SEPD,HV,1,TW6551,93,2026-08-25T14:11:56Z,2026-08-25T14:11:56Z,0.0
SN13 0EH,SEPD,HV,1,TW6551,93,2026-08-25T14:11:56Z,2026-08-25T14:11:56Z,0.0
SN13 0EJ,SEPD,HV,1,TW6551,93,2026-08-25T14:11:56Z,2026-08-25T14:11:56Z,0.0
SN13 0EL,SEPD,HV,1,TW6551,93,2026-08-25T14:11:56Z,2026-08-25T14:11:56Z,0.0
SN13 0EN,SEPD,HV,1,TW6551,93,2026-08-25T14:11:56Z,2026-08-25T14:11:56Z,0.0
SN13 0EQ,SEPD,HV,1,TW6551,93,2026-08-25T14:11:56Z,2026-08-25T14:11:56Z,0.0
SN13 0HX,SEPD,HV,1,TW6551,93,2026-08-25T14:11:56Z,2026-08-25T14:11:56Z,0.0
SN13 0HY,SEPD,HV,1,TW6551,93,2026-08-25T14:11:56Z,2026-08-25T14:11:56Z,0.0
SN13 0HZ,SEPD,HV,1,TW6551,93,2026-08-25T14:11:56Z,2026-08-25T14:11:56Z,0.0
SN13 0JB,SEPD,HV,1,TW6551,93,2026-08-25T14:11:56Z,2026-08-25T14:11:56Z,0.0
SN13 0JD,SEPD,HV,1,TW6551,93,2026-08-25T14:11:56Z,2026-08-25T14:11:56Z,0.0
SN13 0JE,SEPD,HV,1,TW6551,93,2026-08-25T14:11:56Z,2026-08-25T14:11:56Z,0.0
SN13 0PX,SEPD,HV,1,TW6551,93,2026-08-25T14:11:56Z,2026-08-25T14:11:56Z,0.0
SN13 0SE,SEPD,HV,1,TW6551,93,2026-08-25T14:11:56Z,2026-08-25T14:11:56Z,0.0
SN13 0SF,SEPD,HV,1,TW6551,93,2026-08-25T14:11:56Z,2026-08-25T14:11:56Z,0.0
SN13 9BN,SEPD,HV,1,TW6551,93,2026-08-25T14:11:56Z,2026-08-25T14:11:56Z,0.0
SN14 7JA,SEPD,PSI,1,252764,22,2026-08-29T13:24:25Z,2026-08-29T13:24:25Z,0.0
SN2 2SB,SEPD,LV,1,TX1307,26,2026-08-29T01:01:34Z,2026-08-29T01:01:34Z,0.0
SN2 2SD,SEPD,LV,1,TX1307,26,2026-08-29T01:01:34Z,2026-08-29T01:01:34Z,0.0
SN2 2SR,SEPD,LV,1,TX1307,26,2026-08-29T01:01:34Z,2026-08-29T01:01:34Z,0.0
SN2 2SS,SEPD,LV,1,TX1307,26,2026-08-29T01:01:34Z,2026-08-29T01:01:34Z,0.0
SN2 2ST,SEPD,LV,1,TX1307,26,2026-08-29T01:01:34Z,2026-08-29T01:01:34Z,0.0
SN2 2SU,SEPD,LV,1,TX1307,26,2026-08-29T01:01:34Z,2026-08-29T01:01:34Z,0.0
SN2 2SX,SEPD,LV,1,TX1307,26,2026-08-29T01:01:34Z,2026-08-29T01:01:34Z,0.0
SN3 1AX,SEPD,PSI,1,253187,231,2026-08-24T08:26:34Z,2026-08-24T08:26:34Z,0.0
SN3 1NG,SEPD,LV,1,TX0040,8,2026-08-28T04:56:18Z,2026-08-28T04:56:18Z,0.0
SN3 1NH,SEPD,LV,1,TX0040,8,2026-08-28T04:56:18Z,2026-08-28T04:56:18Z,0.0
SN3 1SF,SEPD,LV,1,TX0040,8,2026-08-28T04:56:18Z,2026-08-28T04:56:18Z,0.0
SN3 2BP,SEPD,PSI,1,253187,231,2026-08-24T08:26:34Z,2026-08-24T08:26:34Z,0.0
SN3 2BS,SEPD,PSI,1,253187,231,2026-08-24T08:26:34Z,2026-08-24T08:26:34Z,0.0
SN3 2BX,SEPD,PSI,1,253187,231,2026-08-24T08:26:34Z,2026-08-24T08:26:34Z,0.0
SN3 2BY,SEPD,PSI,1,253187,231,2026-08-24T08:26:34Z,2026-08-24T08:26:34Z,0.0
SN3 2BZ,SEPD,PSI,1,253187,231,2026-08-24T08:26:34Z,2026-08-24T08:26:34Z,0.0
SN3 2DA,SEPD,PSI,1,253187,231,2026-08-24T08:26:34Z,2026-08-24T08:26:34Z,0.0
SN3 2DD,SEPD,PSI,1,253187,231,2026-08-24T08:26:34Z,2026-08-24T08:26:34Z,0.0
SN3 2EG,SEPD,PSI,1,253187,231,2026-08-24T08:26:34Z,2026-08-24T08:26:34Z,0.0
SN3 2EJ,SEPD,PSI,1,253187,231,2026-08-24T08:26:34Z,2026-08-24T08:26:34Z,0.0
SN3 2EL,SEPD,PSI,1,253187,231,2026-08-24T08:26:34Z,2026-08-24T08:26:34Z,0.0
SN3 2JB,SEPD,PSI,1,253187,231,2026-08-24T08:26:34Z,2026-08-24T08:26:34Z,0.0
SN3 2JD,SEPD,PSI,1,253187,231,2026-08-24T08:26:34Z,2026-08-24T08:26:34Z,0.0
SN3 2JH,SEPD,PSI,1,253187,231,2026-08-24T08:26:34Z,2026-08-24T08:26:34Z,0.0
SN3 2JJ,SEPD,PSI,1,253187,231,2026-08-24T08:26:34Z,2026-08-24T08:26:34Z,0.0
SN3 2JL,SEPD,PSI,1,253187,231,2026-08-24T08:26:34Z,2026-08-24T08:26:34Z,0.0
SN3 2JN,SEPD,PSI,1,253187,231,2026-08-24T08:26:34Z,2026-08-24T08:26:34Z,0.0
SN3 2JP,SEPD,PSI,1,253187,231,2026-08-24T08:26:34Z,2026-08-24T08:26:34Z,0.0
SN3 2JW,SEPD,PSI,1,253187,231,2026-08-24T08:26:34Z,2026-08-24T08:26:34Z,0.0
SN5 6EG,SEPD,LV,1,TW4549,35,2026-08-24T10:19:04Z,2026-08-24T10:19:04Z,0.0
SN5 6EH,SEPD,LV,1,TW4549,35,2026-08-24T10:19:04Z,2026-08-24T10:19:04Z,0.0
SN5 6EN,SEPD,LV,1,TW4549,35,2026-08-24T10:19:04Z,2026-08-24T10:19:04Z,0.0
SN5 6EP,SEPD,LV,1,TW4549,35,2026-08-24T10:19:04Z,2026-08-24T10:19:04Z,0.0
SN5 6ER,SEPD,LV,1,TW4549,35,2026-08-24T10:19:04Z,2026-08-24T10:19:04Z,0.0
SN5 6ES,SEPD,LV,1,TW4549,35,2026-08-24T10:19:04Z,2026-08-24T10:19:04Z,0.0
SN5 6EW,SEPD,LV,1,TW4549,35,2026-08-24T10:19:04Z,2026-08-24T10:19:04Z,0.0
SN5 6HJ,SEPD,LV,1,TW4549,35,2026-08-24T10:19:04Z,2026-08-24T10:19:04Z,0.0
SN5 6HL,SEPD,LV,1,TW4549,35,2026-08-24T10:19:04Z,2026-08-24T10:19:04Z,0.0
SN5 6HZ,SEPD,LV,1,TW4549,35,2026-08-24T10:19:04Z,2026-08-24T10:19:04Z,0.0
SN7 7QD,SEPD,HV,1,TW5788,59,2026-08-25T07:57:01Z,2026-08-25T07:57:01Z,0.0
SN7 7QE,SEPD,HV,1,TW5788,59,2026-08-25T07:57:01Z,2026-08-25T07:57:01Z,0.0
SN7 7QF,SEPD,HV,1,TW5788,59,2026-08-25T07:57:01Z,2026-08-25T07:57:01Z,0.0
SN7 7RE,SEPD,HV,1,TW5788,59,2026-08-25T07:57:01Z,2026-08-25T07:57:01Z,0.0
SN8 2BL,SEPD,HV,1,TX2727,4,2026-08-29T22:02:58Z,2026-08-29T22:02:58Z,0.0
SN8 2BP,SEPD,HV,1,TX2727,4,2026-08-29T22:02:58Z,2026-08-29T22:02:58Z,0.0
SN8 2BS,SEPD,HV,1,TX2727,4,2026-08-29T22:02:58Z,2026-08-29T22:02:58Z,0.0
SN8 2BT,SEPD,HV,1,TX2727,4,2026-08-29T22:02:58Z,2026-08-29T22:02:58Z,0.0
SN8 2BU,SEPD,HV,1,TX2727,4,2026-08-29T22:02:58Z,2026-08-29T22:02:58Z,0.0
SN8 2BW,SEPD,HV,1,TX2727,4,2026-08-29T22:02:58Z,2026-08-29T22:02:58Z,0.0
SN8 2BX,SEPD,HV,1,TX2727,4,2026-08-29T22:02:58Z,2026-08-29T22:02:58Z,0.0
SN8 2BY,SEPD,HV,1,TX2727,4,2026-08-29T22:02:58Z,2026-08-29T22:02:58Z,0.0
SN8 2DA,SEPD,HV,1,TX2727,4,2026-08-29T22:02:58Z,2026-08-29T22:02:58Z,0.0
SN8 2DB,SEPD,HV,1,TX2727,4,2026-08-29T22:02:58Z,2026-08-29T22:02:58Z,0.0
SN8 2DD,SEPD,HV,1,TX2727,4,2026-08-29T22:02:58Z,2026-08-29T22:02:58Z,0.0
SN8 2DG,SEPD,HV,1,TX2727,4,2026-08-29T22:02:58Z,2026-08-29T22:02:58Z,0.0
SN8 2DL,SEPD,HV,1,TX2727,4,2026-08-29T22:02:58Z,2026-08-29T22:02:58Z,0.0
SN8 2DQ,SEPD,HV,1,TX2727,4,2026-08-29T22:02:58Z,2026-08-29T22:02:58Z,0.0
SN8 2DU,SEPD,HV,1,TX2727,4,2026-08-29T22:02:58Z,2026-08-29T22:02:58Z,0.0
SN8 2DW,SEPD,HV,1,TX2727,4,2026-08-29T22:02:58Z,2026-08-29T22:02:58Z,0.0
SN8 2DX,SEPD,HV,1,TX2727,4,2026-08-29T22:02:58Z,2026-08-29T22:02:58Z,0.0
SN8 2EL,SEPD,HV,1,TX2727,4,2026-08-29T22:02:58Z,2026-08-29T22:02:58Z,0.0
SN8 2EN,SEPD,HV,1,TX2727,4,2026-08-29T22:02:58Z,2026-08-29T22:02:58Z,0.0
SN8 2EP,SEPD,HV,1,TX2727,4,2026-08-29T22:02:58Z,2026-08-29T22:02:58Z,0.0
SN8 2FH,SEPD,HV,1,TX2727,4,2026-08-29T22:02:58Z,2026-08-29T22:02:58Z,0.0
SN8 2FT,SEPD,HV,1,TX2727,4,2026-08-29T22:02:58Z,2026-08-29T22:02:58Z,0.0
SN8 2JZ,SEPD,HV,1,TX2727,4,2026-08-29T22:02:58Z,2026-08-29T22:02:58Z,0.0
SN8 2LA,SEPD,HV,1,TX2727,4,2026-08-29T22:02:58Z,2026-08-29T22:02:58Z,0.0
SN8 2LB,SEPD,HV,1,TX2727,4,2026-08-29T22:02:58Z,2026-08-29T22:02:58Z,0.0
SN8 2LD,SEPD,HV,1,TX2727,4,2026-08-29T22:02:58Z,2026-08-29T22:02:58Z,0.0
SN8 2LE,SEPD,HV,1,TX2727,4,2026-08-29T22:02:58Z,2026-08-29T22:02:58Z,0.0
SN8 2LF,SEPD,HV,1,TX2727,4,2026-08-29T22:02:58Z,2026-08-29T22:02:58Z,0.0
SN8 2LG,SEPD,HV,1,TX2727,4,2026-08-29T22:02:58Z,2026-08-29T22:02:58Z,0.0
SN8 2NN,SEPD,HV,1,TX2727,4,2026-08-29T22:02:58Z,2026-08-29T22:02:58Z,0.0
SN8 2NR,SEPD,HV,1,TX2727,4,2026-08-29T22:02:58Z,2026-08-29T22:02:58Z,0.0
SN8 2NU,SEPD,HV,1,TX2727,4,2026-08-29T22:02:58Z,2026-08-29T22:02:58Z,0.0
SN8 2NW,SEPD,HV,1,TX2727,4,2026-08-29T22:02:58Z,2026-08-29T22:02:58Z,0.0
SN8 4NF,SEPD,HV,1,TX1880,157,2026-08-29T13:24:25Z,2026-08-29T13:24:25Z,0.0
SN8 4NG,SEPD,HV,1,TX1880,157,2026-08-29T13:24:25Z,2026-08-29T13:24:25Z,0.0
SN8 4NL,SEPD,HV,1,TX1880,157,2026-08-29T13:24:25Z,2026-08-29T13:24:25Z,0.0
SN8 4NT,SEPD,HV,1,TX1880,157,2026-08-29T13:24:25Z,2026-08-29T13:24:25Z,0.0
SN8 4NU,SEPD,HV,1,TX1880,157,2026-08-29T13:24:25Z,2026-08-29T13:24:25Z,0.0
SN8 4NW,SEPD,HV,1,TX1880,157,2026-08-29T13:24:25Z,2026-08-29T13:24:25Z,0.0
SN8 4NX,SEPD,HV,1,TX1880,157,2026-08-29T13:24:25Z,2026-08-29T13:24:25Z,0.0
SO14 1LD,SEPD,LV,1,TX1988,37,2026-08-29T19:50:16Z,2026-08-29T19:50:16Z,0.0
SO14 3AA,SEPD,LV,1,TX1988,37,2026-08-29T19:50:16Z,2026-08-29T19:50:16Z,0.0
SO14 3AB,SEPD,LV,1,TX1988,37,2026-08-29T19:50:16Z,2026-08-29T19:50:16Z,0.0
SO14 3AG,SEPD,LV,1,TX1988,37,2026-08-29T19:50:16Z,2026-08-29T19:50:16Z,0.0
SO14 3AJ,SEPD,LV,1,TX1988,37,2026-08-29T19:50:16Z,2026-08-29T19:50:16Z,0.0
SO14 3DX,SEPD,LV,1,TX1988,37,2026-08-29T19:50:16Z,2026-08-29T19:50:16Z,0.0
SO14 3FH,SEPD,LV,1,TX1988,37,2026-08-29T19:50:16Z,2026-08-29T19:50:16Z,0.0
SO14 3FJ,SEPD,LV,1,TX1988,37,2026-08-29T19:50:16Z,2026-08-29T19:50:16Z,0.0
SO14 3FT,SEPD,LV,1,TX1988,37,2026-08-29T19:50:16Z,2026-08-29T19:50:16Z,0.0
SO14 3FX,SEPD,LV,1,TX1988,37,2026-08-29T19:50:16Z,2026-08-29T19:50:16Z,0.0
SO14 3FY,SEPD,LV,1,TX1988,37,2026-08-29T19:50:16Z,2026-08-29T19:50:16Z,0.0
SO14 3GX,SEPD,LV,1,TX1988,37,2026-08-29T19:50:16Z,2026-08-29T19:50:16Z,0.0
SO14 3JS,SEPD,LV,1,TX1988,37,2026-08-29T19:50:16Z,2026-08-29T19:50:16Z,0.0
SO14 3ND,SEPD,LV,1,TX1988,37,2026-08-29T19:50:16Z,2026-08-29T19:50:16Z,0.0
SO14 3TU,SEPD,LV,1,TX1988,37,2026-08-29T19:50:16Z,2026-08-29T19:50:16Z,0.0
SO16 4PS,SEPD,LV,1,TW8261,15,2026-08-26T15:51:54Z,2026-08-26T15:51:54Z,0.0
SO16 4PT,SEPD,LV,1,TW8261,15,2026-08-26T15:51:54Z,2026-08-26T15:51:54Z,0.0
SO16 4PU,SEPD,PSI,1,254574,39,2026-08-28T17:19:56Z,2026-08-28T17:19:56Z,0.0
SO16 9ET,SEPD,LV,1,TW8261,15,2026-08-26T15:51:54Z,2026-08-26T15:51:54Z,0.0
SO20 6NA,SEPD,HV,1,TW3521,931,2026-08-23T07:46:23Z,2026-08-23T07:46:23Z,0.0
SO20 6QR,SEPD,HV,1,TW3521,931,2026-08-23T07:46:23Z,2026-08-23T07:46:23Z,0.0
SO21 1FE,SEPD,HV,1,TW3418,2491,2026-08-23T06:18:36Z,2026-08-23T06:18:36Z,0.0
SO21 1FT,SEPD,HV,1,TW3418,2491,2026-08-23T06:18:36Z,2026-08-23T06:18:36Z,0.0
SO21 1HA,SEPD,HV,1,TW3418,2491,2026-08-23T06:18:36Z,2026-08-23T06:18:36Z,0.0
SO21 1JD,SEPD,LV,1,TX1950,4,2026-08-29T17:20:44Z,2026-08-29T17:20:44Z,0.0
SO21 1JE,SEPD,HV,1,TW3418,2491,2026-08-23T06:18:36Z,2026-08-23T06:18:36Z,0.0
SO21 1JN,SEPD,HV,1,TW3418,2491,2026-08-23T06:18:36Z,2026-08-23T06:18:36Z,0.0
SO21 1JP,SEPD,HV,1,TW3418,2491,2026-08-23T06:18:36Z,2026-08-23T06:18:36Z,0.0
SO21 1JW,SEPD,HV,1,TW3418,2491,2026-08-23T06:18:36Z,2026-08-23T06:18:36Z,0.0
SO21 1LB,SEPD,HV,1,TW3418,2491,2026-08-23T06:18:36Z,2026-08-23T06:18:36Z,0.0
SO21 1LF,SEPD,HV,1,TW3418,2491,2026-08-23T06:18:36Z,2026-08-23T06:18:36Z,0.0
SO21 1LL,SEPD,HV,1,TW3418,2491,2026-08-23T06:18:36Z,2026-08-23T06:18:36Z,0.0
SO21 1LR,SEPD,HV,1,TW3418,2491,2026-08-23T06:18:36Z,2026-08-23T06:18:36Z,0.0
SO21 1LX,SEPD,HV,1,TW3418,2491,2026-08-23T06:18:36Z,2026-08-23T06:18:36Z,0.0
SO21 1LY,SEPD,HV,1,TW3418,2491,2026-08-23T06:18:36Z,2026-08-23T06:18:36Z,0.0
SO21 1NB,SEPD,LV,1,TX1950,4,2026-08-29T17:20:44Z,2026-08-29T17:20:44Z,0.0
SO31 7DE,SEPD,LV,1,TW6123,22,2026-08-25T10:44:56Z,2026-08-25T10:44:56Z,0.0
SO31 7DF,SEPD,LV,1,TW6123,22,2026-08-25T10:44:56Z,2026-08-25T10:44:56Z,0.0
SO31 7GS,SEPD,LV,1,TW6123,22,2026-08-25T10:44:56Z,2026-08-25T10:44:56Z,0.0
SO31 7GT,SEPD,LV,1,TW6123,22,2026-08-25T10:44:56Z,2026-08-25T10:44:56Z,0.0
SO31 7GU,SEPD,LV,1,TW6123,22,2026-08-25T10:44:56Z,2026-08-25T10:44:56Z,0.0
SO32,SEPD,HV,1,TW3418,2491,2026-08-23T06:18:36Z,2026-08-23T06:18:36Z,0.0
SO32 1AA,SEPD,HV,1,TW3418,2491,2026-08-23T06:18:36Z,2026-08-23T06:18:36Z,0.0
SO32 1AB,SEPD,HV,1,TW3418,2491,2026-08-23T06:18:36Z,2026-08-23T06:18:36Z,0.0
SO32 1AD,SEPD,HV,1,TW3418,2491,2026-08-23T06:18:36Z,2026-08-23T06:18:36Z,0.0
SO32 1AE,SEPD,HV,1,TW3418,2491,2026-08-23T06:18:36Z,2026-08-23T06:18:36Z,0.0
SO32 1AF,SEPD,HV,1,TW3418,2491,2026-08-23T06:18:36Z,2026-08-23T06:18:36Z,0.0
SO32 1AG,SEPD,HV,1,TW3418,2491,2026-08-23T06:18:36Z,2026-08-23T06:18:36Z,0.0
SO32 1AH,SEPD,HV,1,TW3418,2491,2026-08-23T06:18:36Z,2026-08-23T06:18:36Z,0.0
SO32 1AJ,SEPD,HV,1,TW3418,2491,2026-08-23T06:18:36Z,2026-08-23T06:18:36Z,0.0
SO32 1AL,SEPD,HV,1,TW3418,2491,2026-08-23T06:18:36Z,2026-08-23T06:18:36Z,0.0
SO32 1AN,SEPD,HV,1,TW3418,2491,2026-08-23T06:18:36Z,2026-08-23T06:18:36Z,0.0
SO32 1AQ,SEPD,HV,1,TW3418,2491,2026-08-23T06:18:36Z,2026-08-23T06:18:36Z,0.0
SO32 1AR,SEPD,HV,1,TW3418,2491,2026-08-23T06:18:36Z,2026-08-23T06:18:36Z,0.0
SO32 1AS,SEPD,HV,1,TW3418,2491,2026-08-23T06:18:36Z,2026-08-23T06:18:36Z,0.0
SO32 1AT,SEPD,HV,1,TW3418,2491,2026-08-23T06:18:36Z,2026-08-23T06:18:36Z,0.0
SO32 1AU,SEPD,HV,1,TW3418,2491,2026-08-23T06:18:36Z,2026-08-23T06:18:36Z,0.0
SO32 1AW,SEPD,HV,1,TW3418,2491,2026-08-23T06:18:36Z,2026-08-23T06:18:36Z,0.0
SO32 1AX,SEPD,HV,1,TW3418,2491,2026-08-23T06:18:36Z,2026-08-23T06:18:36Z,0.0
SO32 1AY,SEPD,HV,1,TW3418,2491,2026-08-23T06:18:36Z,2026-08-23T06:18:36Z,0.0
SO32 1BH,SEPD,HV,1,TW3418,2491,2026-08-23T06:18:36Z,2026-08-23T06:18:36Z,0.0
SO32 1BZ,SEPD,HV,1,TW3418,2491,2026-08-23T06:18:36Z,2026-08-23T06:18:36Z,0.0
SO32 1DS,SEPD,HV,1,TW3418,2491,2026-08-23T06:18:36Z,2026-08-23T06:18:36Z,0.0
SO32 1DU,SEPD,HV,1,TW3418,2491,2026-08-23T06:18:36Z,2026-08-23T06:18:36Z,0.0
SO32 1DX,SEPD,HV,1,TW3418,2491,2026-08-23T06:18:36Z,2026-08-23T06:18:36Z,0.0
SO32 1DY,SEPD,HV,1,TW3418,2491,2026-08-23T06:18:36Z,2026-08-23T06:18:36Z,0.0
SO32 1DZ,SEPD,HV,1,TW3418,2491,2026-08-23T06:18:36Z,2026-08-23T06:18:36Z,0.0
SO32 1EA,SEPD,HV,1,TW3418,2491,2026-08-23T06:18:36Z,2026-08-23T06:18:36Z,0.0
SO32 1EB,SEPD,HV,1,TW3418,2491,2026-08-23T06:18:36Z,2026-08-23T06:18:36Z,0.0
SO32 1ED,SEPD,HV,1,TW3418,2491,2026-08-23T06:18:36Z,2026-08-23T06:18:36Z,0.0
SO32 1EE,SEPD,HV,1,TW3418,2491,2026-08-23T06:18:36Z,2026-08-23T06:18:36Z,0.0
SO32 1EG,SEPD,HV,1,TW3418,2491,2026-08-23T06:18:36Z,2026-08-23T06:18:36Z,0.0
SO32 1EH,SEPD,HV,1,TW3418,2491,2026-08-23T06:18:36Z,2026-08-23T06:18:36Z,0.0
SO32 1EJ,SEPD,HV,1,TW3418,2491,2026-08-23T06:18:36Z,2026-08-23T06:18:36Z,0.0
SO32 1EL,SEPD,HV,1,TW3418,2491,2026-08-23T06:18:36Z,2026-08-23T06:18:36Z,0.0
SO32 1EN,SEPD,HV,1,TW3418,2491,2026-08-23T06:18:36Z,2026-08-23T06:18:36Z,0.0
SO32 1EP,SEPD,HV,1,TW3418,2491,2026-08-23T06:18:36Z,2026-08-23T06:18:36Z,0.0
SO32 1EQ,SEPD,HV,1,TW3418,2491,2026-08-23T06:18:36Z,2026-08-23T06:18:36Z,0.0
SO32 1ER,SEPD,HV,1,TW3418,2491,2026-08-23T06:18:36Z,2026-08-23T06:18:36Z,0.0
SO32 1ES,SEPD,HV,1,TW3418,2491,2026-08-23T06:18:36Z,2026-08-23T06:18:36Z,0.0
SO32 1ET,SEPD,HV,1,TW3418,2491,2026-08-23T06:18:36Z,2026-08-23T06:18:36Z,0.0
SO32 1EU,SEPD,HV,1,TW3418,2491,2026-08-23T06:18:36Z,2026-08-23T06:18:36Z,0.0
SO32 1EZ,SEPD,HV,1,TW3418,2491,2026-08-23T06:18:36Z,2026-08-23T06:18:36Z,0.0
SO32 1FD,SEPD,HV,1,TW3418,2491,2026-08-23T06:18:36Z,2026-08-23T06:18:36Z,0.0
SO32 1FE,SEPD,HV,1,TW3418,2491,2026-08-23T06:18:36Z,2026-08-23T06:18:36Z,0.0
SO32 1FG,SEPD,HV,1,TW3418,2491,2026-08-23T06:18:36Z,2026-08-23T06:18:36Z,0.0
SO32 1FH,SEPD,HV,1,TW3418,2491,2026-08-23T06:18:36Z,2026-08-23T06:18:36Z,0.0
SO32 1FJ,SEPD,HV,1,TW3418,2491,2026-08-23T06:18:36Z,2026-08-23T06:18:36Z,0.0
SO32 1FL,SEPD,HV,1,TW3418,2491,2026-08-23T06:18:36Z,2026-08-23T06:18:36Z,0.0
SO32 1FN,SEPD,HV,1,TW3418,2491,2026-08-23T06:18:36Z,2026-08-23T06:18:36Z,0.0
SO32 1FQ,SEPD,HV,1,TW3418,2491,2026-08-23T06:18:36Z,2026-08-23T06:18:36Z,0.0
SO32 1FR,SEPD,HV,1,TW3418,2491,2026-08-23T06:18:36Z,2026-08-23T06:18:36Z,0.0
SO32 1FS,SEPD,HV,1,TW3418,2491,2026-08-23T06:18:36Z,2026-08-23T06:18:36Z,0.0
SO32 1FT,SEPD,HV,1,TW3418,2491,2026-08-23T06:18:36Z,2026-08-23T06:18:36Z,0.0
SO32 1FU,SEPD,HV,1,TW3418,2491,2026-08-23T06:18:36Z,2026-08-23T06:18:36Z,0.0
SO32 1GF,SEPD,HV,1,TW3418,2491,2026-08-23T06:18:36Z,2026-08-23T06:18:36Z,0.0
SO32 1GG,SEPD,HV,1,TW3418,2491,2026-08-23T06:18:36Z,2026-08-23T06:18:36Z,0.0
SO32 1GH,SEPD,HV,1,TW3418,2491,2026-08-23T06:18:36Z,2026-08-23T06:18:36Z,0.0
SO32 1GJ,SEPD,HV,1,TW3418,2491,2026-08-23T06:18:36Z,2026-08-23T06:18:36Z,0.0
SO32 1GL,SEPD,HV,1,TW3418,2491,2026-08-23T06:18:36Z,2026-08-23T06:18:36Z,0.0
SO32 1GP,SEPD,HV,1,TW3418,2491,2026-08-23T06:18:36Z,2026-08-23T06:18:36Z,0.0
SO32 1GR,SEPD,HV,1,TW3418,2491,2026-08-23T06:18:36Z,2026-08-23T06:18:36Z,0.0
SO32 1GS,SEPD,HV,1,TW3418,2491,2026-08-23T06:18:36Z,2026-08-23T06:18:36Z,0.0
SO32 1GY,SEPD,HV,1,TW3418,2491,2026-08-23T06:18:36Z,2026-08-23T06:18:36Z,0.0
SO32 1HA,SEPD,HV,1,TW3418,2491,2026-08-23T06:18:36Z,2026-08-23T06:18:36Z,0.0
SO32 1HB,SEPD,HV,1,TW3418,2491,2026-08-23T06:18:36Z,2026-08-23T06:18:36Z,0.0
SO32 1HD,SEPD,HV,1,TW3418,2491,2026-08-23T06:18:36Z,2026-08-23T06:18:36Z,0.0
SO32 1HE,SEPD,HV,1,TW3418,2491,2026-08-23T06:18:36Z,2026-08-23T06:18:36Z,0.0
SO32 1HF,SEPD,HV,1,TW3418,2491,2026-08-23T06:18:36Z,2026-08-23T06:18:36Z,0.0
SO32 1HG,SEPD,HV,1,TW3418,2491,2026-08-23T06:18:36Z,2026-08-23T06:18:36Z,0.0
SO32 1HH,SEPD,HV,1,TW3418,2491,2026-08-23T06:18:36Z,2026-08-23T06:18:36Z,0.0
SO32 1HJ,SEPD,HV,1,TW3418,2491,2026-08-23T06:18:36Z,2026-08-23T06:18:36Z,0.0
SO32 1HL,SEPD,HV,1,TW3418,2491,2026-08-23T06:18:36Z,2026-08-23T06:18:36Z,0.0
SO32 1HN,SEPD,HV,1,TW3418,2491,2026-08-23T06:18:36Z,2026-08-23T06:18:36Z,0.0
SO32 1HQ,SEPD,HV,1,TW3418,2491,2026-08-23T06:18:36Z,2026-08-23T06:18:36Z,0.0
SO32 1HS,SEPD,HV,1,TW3418,2491,2026-08-23T06:18:36Z,2026-08-23T06:18:36Z,0.0
SO32 1HT,SEPD,HV,1,TW3418,2491,2026-08-23T06:18:36Z,2026-08-23T06:18:36Z,0.0
SO32 1HU,SEPD,HV,1,TW3418,2491,2026-08-23T06:18:36Z,2026-08-23T06:18:36Z,0.0
SO32 1HX,SEPD,HV,1,TW3418,2491,2026-08-23T06:18:36Z,2026-08-23T06:18:36Z,0.0
SO32 1HY,SEPD,HV,1,TW3418,2491,2026-08-23T06:18:36Z,2026-08-23T06:18:36Z,0.0
SO32 1HZ,SEPD,HV,1,TW3418,2491,2026-08-23T06:18:36Z,2026-08-23T06:18:36Z,0.0
SO32 1JA,SEPD,HV,1,TW3418,2491,2026-08-23T06:18:36Z,2026-08-23T06:18:36Z,0.0
SO32 1JB,SEPD,HV,1,TW3418,2491,2026-08-23T06:18:36Z,2026-08-23T06:18:36Z,0.0
SO32 1JD,SEPD,HV,1,TW3418,2491,2026-08-23T06:18:36Z,2026-08-23T06:18:36Z,0.0
SO32 1JE,SEPD,HV,1,TW3418,2491,2026-08-23T06:18:36Z,2026-08-23T06:18:36Z,0.0
SO32 1JF,SEPD,HV,1,TW3418,2491,2026-08-23T06:18:36Z,2026-08-23T06:18:36Z,0.0
SO32 1JG,SEPD,HV,1,TW3418,2491,2026-08-23T06:18:36Z,2026-08-23T06:18:36Z,0.0
SO32 1JH,SEPD,HV,1,TW3418,2491,2026-08-23T06:18:36Z,2026-08-23T06:18:36Z,0.0
SO32 1JJ,SEPD,HV,1,TW3418,2491,2026-08-23T06:18:36Z,2026-08-23T06:18:36Z,0.0
SO32 1JL,SEPD,HV,1,TW3418,2491,2026-08-23T06:18:36Z,2026-08-23T06:18:36Z,0.0
SO32 1JN,SEPD,HV,1,TW3418,2491,2026-08-23T06:18:36Z,2026-08-23T06:18:36Z,0.0
SO32 1JP,SEPD,HV,1,TW3418,2491,2026-08-23T06:18:36Z,2026-08-23T06:18:36Z,0.0
SO32 1JQ,SEPD,HV,1,TW3418,2491,2026-08-23T06:18:36Z,2026-08-23T06:18:36Z,0.0
SO32 1JR,SEPD,HV,1,TW3418,2491,2026-08-23T06:18:36Z,2026-08-23T06:18:36Z,0.0
SO32 1LX,SEPD,HV,1,TW3418,2491,2026-08-23T06:18:36Z,2026-08-23T06:18:36Z,0.0
SO32 1NS,SEPD,HV,1,TW3418,2491,2026-08-23T06:18:36Z,2026-08-23T06:18:36Z,0.0
SO32 1NU,SEPD,HV,1,TW3418,2491,2026-08-23T06:18:36Z,2026-08-23T06:18:36Z,0.0
SO32 1NW,SEPD,HV,1,TW3418,2491,2026-08-23T06:18:36Z,2026-08-23T06:18:36Z,0.0
SO32 1NX,SEPD,HV,1,TW3418,2491,2026-08-23T06:18:36Z,2026-08-23T06:18:36Z,0.0
SO32 1NZ,SEPD,HV,1,TW3418,2491,2026-08-23T06:18:36Z,2026-08-23T06:18:36Z,0.0
SO32 1PA,SEPD,HV,1,TW3418,2491,2026-08-23T06:18:36Z,2026-08-23T06:18:36Z,0.0
SO32 1PB,SEPD,HV,1,TW3418,2491,2026-08-23T06:18:36Z,2026-08-23T06:18:36Z,0.0
SO32 1PD,SEPD,HV,1,TW3418,2491,2026-08-23T06:18:36Z,2026-08-23T06:18:36Z,0.0
SO32 1PF,SEPD,HV,1,TW3418,2491,2026-08-23T06:18:36Z,2026-08-23T06:18:36Z,0.0
SO32 1PH,SEPD,HV,1,TW3418,2491,2026-08-23T06:18:36Z,2026-08-23T06:18:36Z,0.0
SO32 1PQ,SEPD,HV,1,TW3418,2491,2026-08-23T06:18:36Z,2026-08-23T06:18:36Z,0.0
SO32 1PS,SEPD,HV,1,TW3418,2491,2026-08-23T06:18:36Z,2026-08-23T06:18:36Z,0.0
SO32 1PU,SEPD,HV,1,TW3418,2491,2026-08-23T06:18:36Z,2026-08-23T06:18:36Z,0.0
SO32 1PW,SEPD,HV,1,TW3418,2491,2026-08-23T06:18:36Z,2026-08-23T06:18:36Z,0.0
SO32 1PZ,SEPD,HV,1,TW3418,2491,2026-08-23T06:18:36Z,2026-08-23T06:18:36Z,0.0
SO32 1QA,SEPD,HV,1,TW3418,2491,2026-08-23T06:18:36Z,2026-08-23T06:18:36Z,0.0
SO32 1QB,SEPD,HV,1,TW3418,2491,2026-08-23T06:18:36Z,2026-08-23T06:18:36Z,0.0
SO32 1QD,SEPD,HV,1,TW3418,2491,2026-08-23T06:18:36Z,2026-08-23T06:18:36Z,0.0
SO32 1QE,SEPD,HV,1,TW3418,2491,2026-08-23T06:18:36Z,2026-08-23T06:18:36Z,0.0
SO32 1QL,SEPD,HV,1,TW3418,2491,2026-08-23T06:18:36Z,2026-08-23T06:18:36Z,0.0
SO32 1QN,SEPD,HV,1,TW3418,2491,2026-08-23T06:18:36Z,2026-08-23T06:18:36Z,0.0
SO32 1RR,SEPD,HV,1,TW3418,2491,2026-08-23T06:18:36Z,2026-08-23T06:18:36Z,0.0
SO32 1RS,SEPD,HV,1,TW3418,2491,2026-08-23T06:18:36Z,2026-08-23T06:18:36Z,0.0
SO32 1RT,SEPD,HV,1,TW3418,2491,2026-08-23T06:18:36Z,2026-08-23T06:18:36Z,0.0
SO32 1RU,SEPD,HV,1,TW3418,2491,2026-08-23T06:18:36Z,2026-08-23T06:18:36Z,0.0
SO32 1RW,SEPD,HV,1,TW3418,2491,2026-08-23T06:18:36Z,2026-08-23T06:18:36Z,0.0
SO32 1RZ,SEPD,HV,1,TW3418,2491,2026-08-23T06:18:36Z,2026-08-23T06:18:36Z,0.0
SO32 1SD,SEPD,HV,1,TW3418,2491,2026-08-23T06:18:36Z,2026-08-23T06:18:36Z,0.0
SO32 1SE,SEPD,HV,1,TW3418,2491,2026-08-23T06:18:36Z,2026-08-23T06:18:36Z,0.0
SO32 1SP,SEPD,HV,1,TW3418,2491,2026-08-23T06:18:36Z,2026-08-23T06:18:36Z,0.0
SO32 1ST,SEPD,HV,1,TW3418,2491,2026-08-23T06:18:36Z,2026-08-23T06:18:36Z,0.0
SO32 1SX,SEPD,HV,1,TW3418,2491,2026-08-23T06:18:36Z,2026-08-23T06:18:36Z,0.0
SO32 1SY,SEPD,HV,1,TW3418,2491,2026-08-23T06:18:36Z,2026-08-23T06:18:36Z,0.0
SO32 2AA,SEPD,HV,1,TW3418,2491,2026-08-23T06:18:36Z,2026-08-23T06:18:36Z,0.0
SO32 2AB,SEPD,HV,1,TW3418,2491,2026-08-23T06:18:36Z,2026-08-23T06:18:36Z,0.0
SO32 2AD,SEPD,HV,1,TW3418,2491,2026-08-23T06:18:36Z,2026-08-23T06:18:36Z,0.0
SO32 2AE,SEPD,HV,1,TW3418,2491,2026-08-23T06:18:36Z,2026-08-23T06:18:36Z,0.0
SO32 2AF,SEPD,HV,1,TW3418,2491,2026-08-23T06:18:36Z,2026-08-23T06:18:36Z,0.0
SO32 2AG,SEPD,HV,1,TW3418,2491,2026-08-23T06:18:36Z,2026-08-23T06:18:36Z,0.0
SO32 2AH,SEPD,HV,1,TW3418,2491,2026-08-23T06:18:36Z,2026-08-23T06:18:36Z,0.0
SO32 2AJ,SEPD,HV,1,TW3418,2491,2026-08-23T06:18:36Z,2026-08-23T06:18:36Z,0.0
SO32 2AL,SEPD,HV,1,TW3418,2491,2026-08-23T06:18:36Z,2026-08-23T06:18:36Z,0.0
SO32 2AN,SEPD,HV,1,TW3418,2491,2026-08-23T06:18:36Z,2026-08-23T06:18:36Z,0.0
SO32 2AP,SEPD,HV,1,TW3418,2491,2026-08-23T06:18:36Z,2026-08-23T06:18:36Z,0.0
SO32 2AQ,SEPD,HV,1,TW3418,2491,2026-08-23T06:18:36Z,2026-08-23T06:18:36Z,0.0
SO32 2AR,SEPD,HV,1,TW3418,2491,2026-08-23T06:18:36Z,2026-08-23T06:18:36Z,0.0
SO32 2AS,SEPD,HV,1,TW3418,2491,2026-08-23T06:18:36Z,2026-08-23T06:18:36Z,0.0
SO32 2BP,SEPD,HV,1,TW3418,2491,2026-08-23T06:18:36Z,2026-08-23T06:18:36Z,0.0
SO32 2BQ,SEPD,HV,1,TW3418,2491,2026-08-23T06:18:36Z,2026-08-23T06:18:36Z,0.0
SO32 2BR,SEPD,HV,1,TW3418,2491,2026-08-23T06:18:36Z,2026-08-23T06:18:36Z,0.0
SO32 2BS,SEPD,HV,1,TW3418,2491,2026-08-23T06:18:36Z,2026-08-23T06:18:36Z,0.0
SO32 2BT,SEPD,HV,1,TW3418,2491,2026-08-23T06:18:36Z,2026-08-23T06:18:36Z,0.0
SO32 2BU,SEPD,HV,1,TW3418,2491,2026-08-23T06:18:36Z,2026-08-23T06:18:36Z,0.0
SO32 2BW,SEPD,HV,1,TW3418,2491,2026-08-23T06:18:36Z,2026-08-23T06:18:36Z,0.0
SO32 2EH,SEPD,HV,1,TW3418,2491,2026-08-23T06:18:36Z,2026-08-23T06:18:36Z,0.0
SO32 2EJ,SEPD,HV,1,TW3418,2491,2026-08-23T06:18:36Z,2026-08-23T06:18:36Z,0.0
SO32 2ER,SEPD,HV,1,TW3418,2491,2026-08-23T06:18:36Z,2026-08-23T06:18:36Z,0.0
SO32 2EY,SEPD,HV,1,TW3418,2491,2026-08-23T06:18:36Z,2026-08-23T06:18:36Z,0.0
SO32 2LG,SEPD,HV,1,TW3418,2491,2026-08-23T06:18:36Z,2026-08-23T06:18:36Z,0.0
SO32 2LL,SEPD,HV,1,TW3418,2491,2026-08-23T06:18:36Z,2026-08-23T06:18:36Z,0.0
SO32 2NU,SEPD,HV,1,TW3418,2491,2026-08-23T06:18:36Z,2026-08-23T06:18:36Z,0.0
SO32 2SY,SEPD,HV,1,TW3418,2491,2026-08-23T06:18:36Z,2026-08-23T06:18:36Z,0.0
SO32 3PA,SEPD,HV,1,TW3418,2491,2026-08-23T06:18:36Z,2026-08-23T06:18:36Z,0.0
SO40 4AY,SEPD,LV,1,TX0375,44,2026-08-28T17:19:56Z,2026-08-28T17:19:56Z,0.0
SO40 4SD,SEPD,LV,1,TX0375,44,2026-08-28T17:19:56Z,2026-08-28T17:19:56Z,0.0
SO40 4SW,SEPD,LV,1,TX0375,44,2026-08-28T17:19:56Z,2026-08-28T17:19:56Z,0.0
SO40 4UB,SEPD,LV,1,TX0375,44,2026-08-28T17:19:56Z,2026-08-28T17:19:56Z,0.0
SO40 4UU,SEPD,LV,1,TX0375,44,2026-08-28T17:19:56Z,2026-08-28T17:19:56Z,0.0
SO40 4UY,SEPD,LV,1,TX0375,44,2026-08-28T17:19:56Z,2026-08-28T17:19:56Z,0.0
SO40 4WH,SEPD,LV,1,TX0375,44,2026-08-28T17:19:56Z,2026-08-28T17:19:56Z,0.0
SO40 4YE,SEPD,LV,1,TX0375,44,2026-08-28T17:19:56Z,2026-08-28T17:19:56Z,0.0
SO40 4YF,SEPD,LV,1,TX0375,44,2026-08-28T17:19:56Z,2026-08-28T17:19:56Z,0.0
SO40 4YG,SEPD,LV,1,TX0375,44,2026-08-28T17:19:56Z,2026-08-28T17:19:56Z,0.0
SO40 4YH,SEPD,LV,1,TX0375,44,2026-08-28T17:19:56Z,2026-08-28T17:19:56Z,0.0
SO41 5SQ,SEPD,HV,1,TX1656,6,2026-08-29T13:24:25Z,2026-08-29T13:24:25Z,0.0
SO41 8LS,SEPD,LV,1,TX1651,8,2026-08-29T13:24:25Z,2026-08-29T13:24:25Z,0.0
SO42 7XF,SEPD,HV,1,TX1656,6,2026-08-29T13:24:25Z,2026-08-29T13:24:25Z,0.0
SO50 7EA,SEPD,HV,1,TW3418,2491,2026-08-23T06:18:36Z,2026-08-23T06:18:36Z,0.0
SO51 0AB,SEPD,HV,1,TW3521,931,2026-08-23T07:46:23Z,2026-08-23T07:46:23Z,0.0
SO51 0AF,SEPD,HV,1,TW3521,931,2026-08-23T07:46:23Z,2026-08-23T07:46:23Z,0.0
SO51 0AG,SEPD,HV,1,TW3521,931,2026-08-23T07:46:23Z,2026-08-23T07:46:23Z,0.0
SO51 0AH,SEPD,HV,1,TW3521,931,2026-08-23T07:46:23Z,2026-08-23T07:46:23Z,0.0
SO51 0BQ,SEPD,HV,1,TW3521,931,2026-08-23T07:46:23Z,2026-08-23T07:46:23Z,0.0
SO51 0BS,SEPD,HV,1,TW3521,931,2026-08-23T07:46:23Z,2026-08-23T07:46:23Z,0.0
SO51 0DR,SEPD,HV,1,TW3521,931,2026-08-23T07:46:23Z,2026-08-23T07:46:23Z,0.0
SO51 0JX,SEPD,HV,1,TW3521,931,2026-08-23T07:46:23Z,2026-08-23T07:46:23Z,0.0
SO51 0LA,SEPD,HV,1,TW3521,931,2026-08-23T07:46:23Z,2026-08-23T07:46:23Z,0.0
SO51 0LB,SEPD,HV,1,TW3521,931,2026-08-23T07:46:23Z,2026-08-23T07:46:23Z,0.0
SO51 0LD,SEPD,HV,1,TW3521,931,2026-08-23T07:46:23Z,2026-08-23T07:46:23Z,0.0
SO51 0LE,SEPD,HV,1,TW3521,931,2026-08-23T07:46:23Z,2026-08-23T07:46:23Z,0.0
SO51 0LF,SEPD,HV,1,TW3521,931,2026-08-23T07:46:23Z,2026-08-23T07:46:23Z,0.0
SO51 0LH,SEPD,HV,1,TW3521,931,2026-08-23T07:46:23Z,2026-08-23T07:46:23Z,0.0
SO51 0LJ,SEPD,HV,1,TW3521,931,2026-08-23T07:46:23Z,2026-08-23T07:46:23Z,0.0
SO51 0LL,SEPD,HV,1,TW3521,931,2026-08-23T07:46:23Z,2026-08-23T07:46:23Z,0.0
SO51 0LN,SEPD,HV,1,TW3521,931,2026-08-23T07:46:23Z,2026-08-23T07:46:23Z,0.0
SO51 0LP,SEPD,HV,1,TW3521,931,2026-08-23T07:46:23Z,2026-08-23T07:46:23Z,0.0
SO51 0LQ,SEPD,HV,1,TW3521,931,2026-08-23T07:46:23Z,2026-08-23T07:46:23Z,0.0
SO51 0LR,SEPD,HV,1,TW3521,931,2026-08-23T07:46:23Z,2026-08-23T07:46:23Z,0.0
SO51 0LS,SEPD,HV,1,TW3521,931,2026-08-23T07:46:23Z,2026-08-23T07:46:23Z,0.0
SO51 0LX,SEPD,HV,1,TW3521,931,2026-08-23T07:46:23Z,2026-08-23T07:46:23Z,0.0
SO51 0NA,SEPD,HV,1,TW3521,931,2026-08-23T07:46:23Z,2026-08-23T07:46:23Z,0.0
SO51 0NB,SEPD,HV,1,TW3521,931,2026-08-23T07:46:23Z,2026-08-23T07:46:23Z,0.0
SO51 0ND,SEPD,HV,1,TW3521,931,2026-08-23T07:46:23Z,2026-08-23T07:46:23Z,0.0
SO51 0NE,SEPD,HV,1,TW3521,931,2026-08-23T07:46:23Z,2026-08-23T07:46:23Z,0.0
SO51 0NF,SEPD,HV,1,TW3521,931,2026-08-23T07:46:23Z,2026-08-23T07:46:23Z,0.0
SO51 0NG,SEPD,HV,1,TW3521,931,2026-08-23T07:46:23Z,2026-08-23T07:46:23Z,0.0
SO51 0NH,SEPD,HV,1,TW3521,931,2026-08-23T07:46:23Z,2026-08-23T07:46:23Z,0.0
SO51 0NJ,SEPD,HV,1,TW3521,931,2026-08-23T07:46:23Z,2026-08-23T07:46:23Z,0.0
SO51 0NL,SEPD,HV,1,TW3521,931,2026-08-23T07:46:23Z,2026-08-23T07:46:23Z,0.0
SO51 0NN,SEPD,HV,1,TW3521,931,2026-08-23T07:46:23Z,2026-08-23T07:46:23Z,0.0
SO51 0NP,SEPD,HV,1,TW3521,931,2026-08-23T07:46:23Z,2026-08-23T07:46:23Z,0.0
SO51 0NQ,SEPD,HV,1,TW3521,931,2026-08-23T07:46:23Z,2026-08-23T07:46:23Z,0.0
SO51 0NR,SEPD,HV,1,TW3521,931,2026-08-23T07:46:23Z,2026-08-23T07:46:23Z,0.0
SO51 0NS,SEPD,HV,1,TW3521,931,2026-08-23T07:46:23Z,2026-08-23T07:46:23Z,0.0
SO51 0NT,SEPD,HV,1,TW3521,931,2026-08-23T07:46:23Z,2026-08-23T07:46:23Z,0.0
SO51 0NU,SEPD,HV,1,TW3521,931,2026-08-23T07:46:23Z,2026-08-23T07:46:23Z,0.0
SO51 0NW,SEPD,HV,1,TW3521,931,2026-08-23T07:46:23Z,2026-08-23T07:46:23Z,0.0
SO51 0NX,SEPD,HV,1,TW3521,931,2026-08-23T07:46:23Z,2026-08-23T07:46:23Z,0.0
SO51 0NY,SEPD,HV,1,TW3521,931,2026-08-23T07:46:23Z,2026-08-23T07:46:23Z,0.0
SO51 0NZ,SEPD,HV,1,TW3521,931,2026-08-23T07:46:23Z,2026-08-23T07:46:23Z,0.0
SO51 0PG,SEPD,HV,1,TW3521,931,2026-08-23T07:46:23Z,2026-08-23T07:46:23Z,0.0
SO51 0PH,SEPD,HV,1,TW3521,931,2026-08-23T07:46:23Z,2026-08-23T07:46:23Z,0.0
SO51 0PJ,SEPD,HV,1,TW3521,931,2026-08-23T07:46:23Z,2026-08-23T07:46:23Z,0.0
SO51 0PL,SEPD,HV,1,TW3521,931,2026-08-23T07:46:23Z,2026-08-23T07:46:23Z,0.0
SO51 0PN,SEPD,HV,1,TW3521,931,2026-08-23T07:46:23Z,2026-08-23T07:46:23Z,0.0
SO51 0PP,SEPD,HV,1,TW3521,931,2026-08-23T07:46:23Z,2026-08-23T07:46:23Z,0.0
SO51 0PQ,SEPD,HV,1,TW3521,931,2026-08-23T07:46:23Z,2026-08-23T07:46:23Z,0.0
SO51 0PR,SEPD,HV,1,TW3521,931,2026-08-23T07:46:23Z,2026-08-23T07:46:23Z,0.0
SO51 0PS,SEPD,HV,1,TW3521,931,2026-08-23T07:46:23Z,2026-08-23T07:46:23Z,0.0
SO51 0PT,SEPD,HV,1,TW3521,931,2026-08-23T07:46:23Z,2026-08-23T07:46:23Z,0.0
SO51 0PU,SEPD,HV,1,TW3521,931,2026-08-23T07:46:23Z,2026-08-23T07:46:23Z,0.0
SO51 0PX,SEPD,HV,1,TW3521,931,2026-08-23T07:46:23Z,2026-08-23T07:46:23Z,0.0
SO51 0QA,SEPD,HV,1,TW3521,931,2026-08-23T07:46:23Z,2026-08-23T07:46:23Z,0.0
SO51 0QB,SEPD,HV,1,TW3521,931,2026-08-23T07:46:23Z,2026-08-23T07:46:23Z,0.0
SO51 0QD,SEPD,HV,1,TW3521,931,2026-08-23T07:46:23Z,2026-08-23T07:46:23Z,0.0
SO51 0QE,SEPD,HV,1,TW3521,931,2026-08-23T07:46:23Z,2026-08-23T07:46:23Z,0.0
SO51 0QF,SEPD,HV,1,TW3521,931,2026-08-23T07:46:23Z,2026-08-23T07:46:23Z,0.0
SO51 0QG,SEPD,HV,1,TW3521,931,2026-08-23T07:46:23Z,2026-08-23T07:46:23Z,0.0
SO51 0QH,SEPD,HV,1,TW3521,931,2026-08-23T07:46:23Z,2026-08-23T07:46:23Z,0.0
SO51 0QJ,SEPD,LV,1,TW3526,7,2026-08-23T07:46:23Z,2026-08-23T07:46:23Z,0.0
SO51 0QL,SEPD,LV,1,TW3525,7,2026-08-23T07:46:23Z,2026-08-23T07:46:23Z,0.0
SO51 0QS,SEPD,HV,1,TW3521,931,2026-08-23T07:46:23Z,2026-08-23T07:46:23Z,0.0
SO51 0QW,SEPD,HV,1,TW3521,931,2026-08-23T07:46:23Z,2026-08-23T07:46:23Z,0.0
SO51 0RA,SEPD,HV,1,TW3521,931,2026-08-23T07:46:23Z,2026-08-23T07:46:23Z,0.0
SO51 6EE,SEPD,PSI,1,253094,43,2026-08-27T20:44:46Z,2026-08-27T20:44:46Z,0.0
SO53 1SA,SEPD,PSI,1,254365,39,2026-08-27T20:44:46Z,2026-08-27T20:44:46Z,0.0
SO53 1SB,SEPD,PSI,1,254365,39,2026-08-27T20:44:46Z,2026-08-27T20:44:46Z,0.0
SO53 1SE,SEPD,PSI,1,254365,39,2026-08-27T20:44:46Z,2026-08-27T20:44:46Z,0.0
SP11 6AH,SEPD,HV,1,TX2150,16,2026-08-29T17:20:44Z,2026-08-29T17:20:44Z,0.0
SP11 6HB,SEPD,HV,1,TX2150,16,2026-08-29T17:20:44Z,2026-08-29T17:20:44Z,0.0
SP11 6HD,SEPD,HV,1,TX2150,16,2026-08-29T17:20:44Z,2026-08-29T17:20:44Z,0.0
SP11 6HE,SEPD,HV,1,TX2150,16,2026-08-29T17:20:44Z,2026-08-29T17:20:44Z,0.0
SP11 6HF,SEPD,HV,1,TX2150,16,2026-08-29T17:20:44Z,2026-08-29T17:20:44Z,0.0
SP11 6HG,SEPD,HV,1,TX2150,16,2026-08-29T17:20:44Z,2026-08-29T17:20:44Z,0.0
SP11 6HH,SEPD,HV,1,TX2150,16,2026-08-29T17:20:44Z,2026-08-29T17:20:44Z,0.0
SP11 6HJ,SEPD,HV,1,TX2150,16,2026-08-29T17:20:44Z,2026-08-29T17:20:44Z,0.0
SP11 6HL,SEPD,HV,1,TX2150,16,2026-08-29T17:20:44Z,2026-08-29T17:20:44Z,0.0
SP11 6HN,SEPD,HV,1,TX2150,16,2026-08-29T17:20:44Z,2026-08-29T17:20:44Z,0.0
SP11 6HP,SEPD,HV,1,TX2150,16,2026-08-29T17:20:44Z,2026-08-29T17:20:44Z,0.0
SP11 6HQ,SEPD,HV,1,TX2150,16,2026-08-29T17:20:44Z,2026-08-29T17:20:44Z,0.0
SP11 6HR,SEPD,HV,1,TX2150,16,2026-08-29T17:20:44Z,2026-08-29T17:20:44Z,0.0
SP11 6HS,SEPD,HV,1,TX2150,16,2026-08-29T17:20:44Z,2026-08-29T17:20:44Z,0.0
SP11 6HT,SEPD,HV,1,TX2150,16,2026-08-29T17:20:44Z,2026-08-29T17:20:44Z,0.0
SP11 6HU,SEPD,HV,1,TX2150,16,2026-08-29T17:20:44Z,2026-08-29T17:20:44Z,0.0
SP11 6HW,SEPD,HV,1,TX2150,16,2026-08-29T17:20:44Z,2026-08-29T17:20:44Z,0.0
SP11 6HX,SEPD,HV,1,TX2150,16,2026-08-29T17:20:44Z,2026-08-29T17:20:44Z,0.0
SP11 6HY,SEPD,HV,1,TX2150,16,2026-08-29T17:20:44Z,2026-08-29T17:20:44Z,0.0
SP11 6HZ,SEPD,HV,1,TX2150,16,2026-08-29T17:20:44Z,2026-08-29T17:20:44Z,0.0
SP11 6JB,SEPD,HV,1,TX2150,16,2026-08-29T17:20:44Z,2026-08-29T17:20:44Z,0.0
SP11 6JD,SEPD,HV,1,TX2150,16,2026-08-29T17:20:44Z,2026-08-29T17:20:44Z,0.0
SP11 6JE,SEPD,HV,1,TX2150,16,2026-08-29T17:20:44Z,2026-08-29T17:20:44Z,0.0
SP11 6JF,SEPD,HV,1,TX2150,16,2026-08-29T17:20:44Z,2026-08-29T17:20:44Z,0.0
SP11 6JG,SEPD,HV,1,TX2150,16,2026-08-29T17:20:44Z,2026-08-29T17:20:44Z,0.0
SP11 6JH,SEPD,HV,1,TX2150,16,2026-08-29T17:20:44Z,2026-08-29T17:20:44Z,0.0
SP11 6JJ,SEPD,HV,1,TX2150,16,2026-08-29T17:20:44Z,2026-08-29T17:20:44Z,0.0
SP11 6JL,SEPD,HV,1,TX2150,16,2026-08-29T17:20:44Z,2026-08-29T17:20:44Z,0.0
SP11 6JN,SEPD,HV,1,TX2150,16,2026-08-29T17:20:44Z,2026-08-29T17:20:44Z,0.0
SP11 6JP,SEPD,HV,1,TX2150,16,2026-08-29T17:20:44Z,2026-08-29T17:20:44Z,0.0
SP11 6JQ,SEPD,HV,1,TX2150,16,2026-08-29T17:20:44Z,2026-08-29T17:20:44Z,0.0
SP11 6JR,SEPD,HV,1,TX2150,16,2026-08-29T17:20:44Z,2026-08-29T17:20:44Z,0.0
SP11 6JS,SEPD,HV,1,TX2150,16,2026-08-29T17:20:44Z,2026-08-29T17:20:44Z,0.0
SP11 6JT,SEPD,HV,1,TX2150,16,2026-08-29T17:20:44Z,2026-08-29T17:20:44Z,0.0
SP11 6JU,SEPD,HV,1,TX2150,16,2026-08-29T17:20:44Z,2026-08-29T17:20:44Z,0.0
SP11 6JW,SEPD,HV,1,TX2150,16,2026-08-29T17:20:44Z,2026-08-29T17:20:44Z,0.0
SP11 6JX,SEPD,HV,1,TX2150,16,2026-08-29T17:20:44Z,2026-08-29T17:20:44Z,0.0
SP11 6JY,SEPD,HV,1,TX2150,16,2026-08-29T17:20:44Z,2026-08-29T17:20:44Z,0.0
SP11 6NQ,SEPD,HV,1,TX2150,16,2026-08-29T17:20:44Z,2026-08-29T17:20:44Z,0.0
SP11 6RA,SEPD,HV,1,TX2150,16,2026-08-29T17:20:44Z,2026-08-29T17:20:44Z,0.0
SP11 6RB,SEPD,HV,1,TX2150,16,2026-08-29T17:20:44Z,2026-08-29T17:20:44Z,0.0
SP11 6SE,SEPD,LV,1,TW7360,13,2026-08-26T07:54:01Z,2026-08-26T07:54:01Z,0.0
SP11 6WJ,SEPD,LV,1,TW7360,13,2026-08-26T07:54:01Z,2026-08-26T07:54:01Z,0.0
SP3 6BB,SEPD,PSI,1,252623,21,2026-08-28T17:19:56Z,2026-08-28T17:19:56Z,0.0
SP3 6BW,SEPD,PSI,1,252623,21,2026-08-28T17:19:56Z,2026-08-28T17:19:56Z,0.0
SP3 6DD,SEPD,PSI,1,252623,21,2026-08-28T17:19:56Z,2026-08-28T17:19:56Z,0.0
SP3 6DE,SEPD,PSI,1,252623,21,2026-08-28T17:19:56Z,2026-08-28T17:19:56Z,0.0
SP3 6EU,SEPD,PSI,1,252623,21,2026-08-28T17:19:56Z,2026-08-28T17:19:56Z,0.0
SP4 6EH,SEPD,LV,1,TW4985,10,2026-08-24T13:06:56Z,2026-08-24T13:06:56Z,0.0
SP4 6EL,SEPD,LV,1,TW4985,10,2026-08-24T13:06:56Z,2026-08-24T13:06:56Z,0.0
SP4 6EN,SEPD,LV,1,TW4985,10,2026-08-24T13:06:56Z,2026-08-24T13:06:56Z,0.0
SP4 6JD,SEPD,LV,1,TW4985,10,2026-08-24T13:06:56Z,2026-08-24T13:06:56Z,0.0
SP4 9BU,SEPD,HV,1,TW9339,233,2026-08-27T20:44:46Z,2026-08-27T20:44:46Z,0.0
SP4 9BY,SEPD,HV,1,TW9339,233,2026-08-27T20:44:46Z,2026-08-27T20:44:46Z,0.0
SP4 9DA,SEPD,HV,1,TW9339,233,2026-08-27T20:44:46Z,2026-08-27T20:44:46Z,0.0
SP4 9DB,SEPD,HV,1,TW9339,233,2026-08-27T20:44:46Z,2026-08-27T20:44:46Z,0.0
SP4 9DD,SEPD,HV,1,TW9339,233,2026-08-27T20:44:46Z,2026-08-27T20:44:46Z,0.0
SP4 9DE,SEPD,HV,1,TW9339,233,2026-08-27T20:44:46Z,2026-08-27T20:44:46Z,0.0
SP4 9DP,SEPD,HV,1,TW9339,233,2026-08-27T20:44:46Z,2026-08-27T20:44:46Z,0.0
SP4 9DR,SEPD,HV,1,TW9339,233,2026-08-27T20:44:46Z,2026-08-27T20:44:46Z,0.0
SP4 9DZ,SEPD,HV,1,TW9339,233,2026-08-27T20:44:46Z,2026-08-27T20:44:46Z,0.0
SP4 9EA,SEPD,HV,1,TW9339,233,2026-08-27T20:44:46Z,2026-08-27T20:44:46Z,0.0
SP4 9FB,SEPD,HV,1,TW9339,233,2026-08-27T20:44:46Z,2026-08-27T20:44:46Z,0.0
SP4 9FD,SEPD,HV,1,TW9339,233,2026-08-27T20:44:46Z,2026-08-27T20:44:46Z,0.0
SP4 9FE,SEPD,HV,1,TW9339,233,2026-08-27T20:44:46Z,2026-08-27T20:44:46Z,0.0
SP4 9FF,SEPD,HV,1,TW9339,233,2026-08-27T20:44:46Z,2026-08-27T20:44:46Z,0.0
SP4 9FG,SEPD,HV,1,TW9339,233,2026-08-27T20:44:46Z,2026-08-27T20:44:46Z,0.0
SP4 9FH,SEPD,HV,1,TW9339,233,2026-08-27T20:44:46Z,2026-08-27T20:44:46Z,0.0
SP4 9FJ,SEPD,HV,1,TW9339,233,2026-08-27T20:44:46Z,2026-08-27T20:44:46Z,0.0
SP4 9FL,SEPD,HV,1,TW9339,233,2026-08-27T20:44:46Z,2026-08-27T20:44:46Z,0.0
SP4 9FN,SEPD,HV,1,TW9339,233,2026-08-27T20:44:46Z,2026-08-27T20:44:46Z,0.0
SP4 9FP,SEPD,HV,1,TW9339,233,2026-08-27T20:44:46Z,2026-08-27T20:44:46Z,0.0
SP4 9FQ,SEPD,HV,1,TW9339,233,2026-08-27T20:44:46Z,2026-08-27T20:44:46Z,0.0
SP4 9PE,SEPD,HV,1,TW9339,233,2026-08-27T20:44:46Z,2026-08-27T20:44:46Z,0.0
SP4 9PF,SEPD,HV,1,TW9339,233,2026-08-27T20:44:46Z,2026-08-27T20:44:46Z,0.0
SP5 1DD,SEPD,HV,1,TX1595,292,2026-08-29T07:49:13Z,2026-08-29T07:49:13Z,0.0
SP5 1JN,SEPD,HV,1,TX1595,292,2026-08-29T07:49:13Z,2026-08-29T07:49:13Z,0.0
SP5 1JP,SEPD,HV,1,TX1595,292,2026-08-29T07:49:13Z,2026-08-29T07:49:13Z,0.0
SP5 1JW,SEPD,HV,1,TX1595,292,2026-08-29T07:49:13Z,2026-08-29T07:49:13Z,0.0
SP5 1JX,SEPD,HV,1,TX1595,292,2026-08-29T07:49:13Z,2026-08-29T07:49:13Z,0.0
SP5 1JY,SEPD,HV,1,TX1595,292,2026-08-29T07:49:13Z,2026-08-29T07:49:13Z,0.0
SP5 1JZ,SEPD,HV,1,TX1595,292,2026-08-29T07:49:13Z,2026-08-29T07:49:13Z,0.0
SP5 1LA,SEPD,HV,1,TX1595,292,2026-08-29T07:49:13Z,2026-08-29T07:49:13Z,0.0
SP5 1LB,SEPD,HV,1,TX1595,292,2026-08-29T07:49:13Z,2026-08-29T07:49:13Z,0.0
SP5 1LD,SEPD,HV,1,TX1595,292,2026-08-29T07:49:13Z,2026-08-29T07:49:13Z,0.0
SP5 1LE,SEPD,HV,1,TX1595,292,2026-08-29T07:49:13Z,2026-08-29T07:49:13Z,0.0
SP5 1LN,SEPD,HV,1,TX1595,292,2026-08-29T07:49:13Z,2026-08-29T07:49:13Z,0.0
SP5 1LP,SEPD,HV,1,TX1595,292,2026-08-29T07:49:13Z,2026-08-29T07:49:13Z,0.0
SP5 1LR,SEPD,HV,1,TX1595,292,2026-08-29T07:49:13Z,2026-08-29T07:49:13Z,0.0
SP5 1LS,SEPD,HV,1,TX1595,292,2026-08-29T07:49:13Z,2026-08-29T07:49:13Z,0.0
SP5 1LW,SEPD,HV,1,TX1595,292,2026-08-29T07:49:13Z,2026-08-29T07:49:13Z,0.0
SP5 1LX,SEPD,HV,1,TX1595,292,2026-08-29T07:49:13Z,2026-08-29T07:49:13Z,0.0
SP5 1LY,SEPD,HV,1,TX1595,292,2026-08-29T07:49:13Z,2026-08-29T07:49:13Z,0.0
SP5 1NA,SEPD,HV,1,TX1595,292,2026-08-29T07:49:13Z,2026-08-29T07:49:13Z,0.0
SP5 1NB,SEPD,HV,1,TX1595,292,2026-08-29T07:49:13Z,2026-08-29T07:49:13Z,0.0
SP5 1NF,SEPD,HV,1,TX1595,292,2026-08-29T07:49:13Z,2026-08-29T07:49:13Z,0.0
SP5 1NG,SEPD,HV,1,TX1595,292,2026-08-29T07:49:13Z,2026-08-29T07:49:13Z,0.0
SP5 1NH,SEPD,HV,1,TX1595,292,2026-08-29T07:49:13Z,2026-08-29T07:49:13Z,0.0
SP5 1NL,SEPD,HV,1,TX1595,292,2026-08-29T07:49:13Z,2026-08-29T07:49:13Z,0.0
SP5 1NN,SEPD,HV,1,TX1595,292,2026-08-29T07:49:13Z,2026-08-29T07:49:13Z,0.0
SP5 1NP,SEPD,HV,1,TX1595,292,2026-08-29T07:49:13Z,2026-08-29T07:49:13Z,0.0
SP5 1NR,SEPD,HV,1,TX1595,292,2026-08-29T07:49:13Z,2026-08-29T07:49:13Z,0.0
SP5 1NS,SEPD,HV,1,TX1595,292,2026-08-29T07:49:13Z,2026-08-29T07:49:13Z,0.0
SP5 1NT,SEPD,HV,1,TX1595,292,2026-08-29T07:49:13Z,2026-08-29T07:49:13Z,0.0
SP5 1NU,SEPD,HV,1,TX1595,292,2026-08-29T07:49:13Z,2026-08-29T07:49:13Z,0.0
SP5 1NW,SEPD,HV,1,TX1595,292,2026-08-29T07:49:13Z,2026-08-29T07:49:13Z,0.0
SP5 1NX,SEPD,HV,1,TX1595,292,2026-08-29T07:49:13Z,2026-08-29T07:49:13Z,0.0
SP5 1NY,SEPD,HV,1,TX1595,292,2026-08-29T07:49:13Z,2026-08-29T07:49:13Z,0.0
SP5 1PA,SEPD,HV,1,TX1595,292,2026-08-29T07:49:13Z,2026-08-29T07:49:13Z,0.0
SP5 1PB,SEPD,HV,1,TX1595,292,2026-08-29T07:49:13Z,2026-08-29T07:49:13Z,0.0
SP5 1PD,SEPD,HV,1,TX1595,292,2026-08-29T07:49:13Z,2026-08-29T07:49:13Z,0.0
SP5 1QB,SEPD,HV,1,TX1595,292,2026-08-29T07:49:13Z,2026-08-29T07:49:13Z,0.0
SP5 1TH,SEPD,HV,1,TX1595,292,2026-08-29T07:49:13Z,2026-08-29T07:49:13Z,0.0
SP5 2BB,SEPD,PSI,1,253094,43,2026-08-27T20:44:46Z,2026-08-27T20:44:46Z,0.0
SP5 2BG,SEPD,PSI,1,253094,43,2026-08-27T20:44:46Z,2026-08-27T20:44:46Z,0.0
SP5 2BN,SEPD,HV,1,TW3521,931,2026-08-23T07:46:23Z,2026-08-23T07:46:23Z,0.0
TW14 8PA,SEPD,HV,1,TX1907,361,2026-08-29T13:24:25Z,2026-08-29T13:24:25Z,0.0
TW5 9GT,SEPD,HV,1,TX1907,361,2026-08-29T13:24:25Z,2026-08-29T13:24:25Z,0.0
TW5 9LA,SEPD,HV,1,TX1907,361,2026-08-29T13:24:25Z,2026-08-29T13:24:25Z,0.0
TW5 9LB,SEPD,HV,1,TX1907,361,2026-08-29T13:24:25Z,2026-08-29T13:24:25Z,0.0
TW5 9LD,SEPD,HV,1,TX1907,361,2026-08-29T13:24:25Z,2026-08-29T13:24:25Z,0.0
TW5 9LF,SEPD,HV,1,TX1907,361,2026-08-29T13:24:25Z,2026-08-29T13:24:25Z,0.0
TW5 9LG,SEPD,HV,1,TX1907,361,2026-08-29T13:24:25Z,2026-08-29T13:24:25Z,0.0
TW5 9LL,SEPD,HV,1,TX1907,361,2026-08-29T13:24:25Z,2026-08-29T13:24:25Z,0.0
TW5 9LP,SEPD,HV,1,TX1907,361,2026-08-29T13:24:25Z,2026-08-29T13:24:25Z,0.0
TW5 9LQ,SEPD,HV,1,TX1907,361,2026-08-29T13:24:25Z,2026-08-29T13:24:25Z,0.0
TW5 9LR,SEPD,HV,1,TX1907,361,2026-08-29T13:24:25Z,2026-08-29T13:24:25Z,0.0
TW5 9LS,SEPD,HV,1,TX1907,361,2026-08-29T13:24:25Z,2026-08-29T13:24:25Z,0.0
TW5 9LU,SEPD,HV,1,TX1907,361,2026-08-29T13:24:25Z,2026-08-29T13:24:25Z,0.0
TW5 9NA,SEPD,HV,1,TX1907,361,2026-08-29T13:24:25Z,2026-08-29T13:24:25Z,0.0
TW5 9NB,SEPD,HV,1,TX1907,361,2026-08-29T13:24:25Z,2026-08-29T13:24:25Z,0.0
TW5 9NJ,SEPD,HV,1,TX1907,361,2026-08-29T13:24:25Z,2026-08-29T13:24:25Z,0.0
TW5 9NW,SEPD,HV,1,TX1907,361,2026-08-29T13:24:25Z,2026-08-29T13:24:25Z,0.0
TW5 9QA,SEPD,HV,1,TX1907,361,2026-08-29T13:24:25Z,2026-08-29T13:24:25Z,0.0
TW5 9QB,SEPD,HV,1,TX1907,361,2026-08-29T13:24:25Z,2026-08-29T13:24:25Z,0.0
TW6 2AR,SEPD,HV,1,TX1907,361,2026-08-29T13:24:25Z,2026-08-29T13:24:25Z,0.0
UB3 4QX,SEPD,LV,1,TW8316,21,2026-08-26T16:41:54Z,2026-08-26T16:41:54Z,0.0
UB3 4QY,SEPD,LV,1,TW8316,21,2026-08-26T16:41:54Z,2026-08-26T16:41:54Z,0.0
UB3 4QZ,SEPD,LV,1,TW8316,21,2026-08-26T16:41:54Z,2026-08-26T16:41:54Z,0.0
UB3 4RA,SEPD,LV,1,TW8316,21,2026-08-26T16:41:54Z,2026-08-26T16:41:54Z,0.0
UB4 9BH,SEPD,LV,1,TW6137,58,2026-08-25T10:44:56Z,2026-08-25T10:44:56Z,0.0
UB4 9NP,SEPD,LV,1,TW6137,58,2026-08-25T10:44:56Z,2026-08-25T10:44:56Z,0.0
UB4 9NR,SEPD,LV,1,TW6137,58,2026-08-25T10:44:56Z,2026-08-25T10:44:56Z,0.0
UB4 9PZ,SEPD,LV,1,TW6137,58,2026-08-25T10:44:56Z,2026-08-25T10:44:56Z,0.0
UB4 9QA,SEPD,LV,1,TW6137,58,2026-08-25T10:44:56Z,2026-08-25T10:44:56Z,0.0
UB4 9RG,SEPD,LV,1,TW6137,58,2026-08-25T10:44:56Z,2026-08-25T10:44:56Z,0.0
UB4 9RQ,SEPD,LV,1,TW6137,58,2026-08-25T10:44:56Z,2026-08-25T10:44:56Z,0.0
UB4 9RS,SEPD,LV,1,TW6137,58,2026-08-25T10:44:56Z,2026-08-25T10:44:56Z,0.0
UB4 9RT,SEPD,LV,1,TW6137,58,2026-08-25T10:44:56Z,2026-08-25T10:44:56Z,0.0
UB4 9RU,SEPD,LV,1,TW6137,58,2026-08-25T10:44:56Z,2026-08-25T10:44:56Z,0.0
UB5 4AB,SEPD,HV,1,TX0314,2631,2026-08-28T04:56:18Z,2026-08-28T04:56:18Z,0.0
UB5 4AD,SEPD,HV,1,TX0314,2631,2026-08-28T04:56:18Z,2026-08-28T04:56:18Z,0.0
UB5 4AE,SEPD,HV,1,TX0314,2631,2026-08-28T04:56:18Z,2026-08-28T04:56:18Z,0.0
UB5 4AF,SEPD,HV,1,TX0314,2631,2026-08-28T04:56:18Z,2026-08-28T04:56:18Z,0.0
UB5 4AG,SEPD,HV,1,TX0314,2631,2026-08-28T04:56:18Z,2026-08-28T04:56:18Z,0.0
UB5 4AH,SEPD,HV,1,TX0314,2631,2026-08-28T04:56:18Z,2026-08-28T04:56:18Z,0.0
UB5 4AJ,SEPD,HV,1,TX0314,2631,2026-08-28T04:56:18Z,2026-08-28T04:56:18Z,0.0
UB5 4AL,SEPD,HV,1,TX0314,2631,2026-08-28T04:56:18Z,2026-08-28T04:56:18Z,0.0
UB5 4AP,SEPD,HV,1,TX0314,2631,2026-08-28T04:56:18Z,2026-08-28T04:56:18Z,0.0
UB5 4AQ,SEPD,HV,1,TX0314,2631,2026-08-28T04:56:18Z,2026-08-28T04:56:18Z,0.0
UB5 4AR,SEPD,HV,1,TX0314,2631,2026-08-28T04:56:18Z,2026-08-28T04:56:18Z,0.0
UB5 4AS,SEPD,HV,1,TX0314,2631,2026-08-28T04:56:18Z,2026-08-28T04:56:18Z,0.0
UB5 4AT,SEPD,HV,1,TX0314,2631,2026-08-28T04:56:18Z,2026-08-28T04:56:18Z,0.0
UB5 4AU,SEPD,HV,1,TX0314,2631,2026-08-28T04:56:18Z,2026-08-28T04:56:18Z,0.0
UB5 4AW,SEPD,HV,1,TX0314,2631,2026-08-28T04:56:18Z,2026-08-28T04:56:18Z,0.0
UB5 4AX,SEPD,HV,1,TX0314,2631,2026-08-28T04:56:18Z,2026-08-28T04:56:18Z,0.0
UB5 4BJ,SEPD,HV,1,TX0314,2631,2026-08-28T04:56:18Z,2026-08-28T04:56:18Z,0.0
UB5 4BY,SEPD,HV,1,TX0314,2631,2026-08-28T04:56:18Z,2026-08-28T04:56:18Z,0.0
UB5 4BZ,SEPD,HV,1,TX0314,2631,2026-08-28T04:56:18Z,2026-08-28T04:56:18Z,0.0
UB5 4DA,SEPD,HV,1,TX0314,2631,2026-08-28T04:56:18Z,2026-08-28T04:56:18Z,0.0
UB5 4DB,SEPD,HV,1,TX0314,2631,2026-08-28T04:56:18Z,2026-08-28T04:56:18Z,0.0
UB5 4DD,SEPD,HV,1,TX0314,2631,2026-08-28T04:56:18Z,2026-08-28T04:56:18Z,0.0
UB5 4DE,SEPD,HV,1,TX0314,2631,2026-08-28T04:56:18Z,2026-08-28T04:56:18Z,0.0
UB5 4DF,SEPD,HV,1,TX0314,2631,2026-08-28T04:56:18Z,2026-08-28T04:56:18Z,0.0
UB5 4DG,SEPD,HV,1,TX0314,2631,2026-08-28T04:56:18Z,2026-08-28T04:56:18Z,0.0
UB5 4DH,SEPD,HV,1,TX0314,2631,2026-08-28T04:56:18Z,2026-08-28T04:56:18Z,0.0
UB5 4DJ,SEPD,HV,1,TX0314,2631,2026-08-28T04:56:18Z,2026-08-28T04:56:18Z,0.0
UB5 4DL,SEPD,HV,1,TX0314,2631,2026-08-28T04:56:18Z,2026-08-28T04:56:18Z,0.0
UB5 4DN,SEPD,HV,1,TX0314,2631,2026-08-28T04:56:18Z,2026-08-28T04:56:18Z,0.0
UB5 4DP,SEPD,HV,1,TX0314,2631,2026-08-28T04:56:18Z,2026-08-28T04:56:18Z,0.0
UB5 4DQ,SEPD,HV,1,TX0314,2631,2026-08-28T04:56:18Z,2026-08-28T04:56:18Z,0.0
UB5 4DR,SEPD,HV,1,TX0314,2631,2026-08-28T04:56:18Z,2026-08-28T04:56:18Z,0.0
UB5 4DS,SEPD,HV,1,TX0314,2631,2026-08-28T04:56:18Z,2026-08-28T04:56:18Z,0.0
UB5 4DU,SEPD,HV,1,TX0314,2631,2026-08-28T04:56:18Z,2026-08-28T04:56:18Z,0.0
UB5 4DW,SEPD,HV,1,TX0314,2631,2026-08-28T04:56:18Z,2026-08-28T04:56:18Z,0.0
UB5 4DX,SEPD,HV,1,TX0314,2631,2026-08-28T04:56:18Z,2026-08-28T04:56:18Z,0.0
UB5 4DY,SEPD,HV,1,TX0314,2631,2026-08-28T04:56:18Z,2026-08-28T04:56:18Z,0.0
UB5 4DZ,SEPD,HV,1,TX0314,2631,2026-08-28T04:56:18Z,2026-08-28T04:56:18Z,0.0
UB5 4EA,SEPD,HV,1,TX0314,2631,2026-08-28T04:56:18Z,2026-08-28T04:56:18Z,0.0
UB5 4EB,SEPD,HV,1,TX0314,2631,2026-08-28T04:56:18Z,2026-08-28T04:56:18Z,0.0
UB5 4ED,SEPD,HV,1,TX0314,2631,2026-08-28T04:56:18Z,2026-08-28T04:56:18Z,0.0
UB5 4EE,SEPD,HV,1,TX0314,2631,2026-08-28T04:56:18Z,2026-08-28T04:56:18Z,0.0
UB5 4EF,SEPD,HV,1,TX0314,2631,2026-08-28T04:56:18Z,2026-08-28T04:56:18Z,0.0
UB5 4EG,SEPD,HV,1,TX0314,2631,2026-08-28T04:56:18Z,2026-08-28T04:56:18Z,0.0
UB5 4EH,SEPD,HV,1,TX0314,2631,2026-08-28T04:56:18Z,2026-08-28T04:56:18Z,0.0
UB5 4EJ,SEPD,HV,1,TX0314,2631,2026-08-28T04:56:18Z,2026-08-28T04:56:18Z,0.0
UB5 4EL,SEPD,HV,1,TX0314,2631,2026-08-28T04:56:18Z,2026-08-28T04:56:18Z,0.0
UB5 4EN,SEPD,HV,1,TX0314,2631,2026-08-28T04:56:18Z,2026-08-28T04:56:18Z,0.0
UB5 4EP,SEPD,HV,1,TX0314,2631,2026-08-28T04:56:18Z,2026-08-28T04:56:18Z,0.0
UB5 4EQ,SEPD,HV,1,TX0314,2631,2026-08-28T04:56:18Z,2026-08-28T04:56:18Z,0.0
UB5 4ER,SEPD,HV,1,TX0314,2631,2026-08-28T04:56:18Z,2026-08-28T04:56:18Z,0.0
UB5 4ES,SEPD,HV,1,TX0314,2631,2026-08-28T04:56:18Z,2026-08-28T04:56:18Z,0.0
UB5 4ET,SEPD,HV,1,TX0314,2631,2026-08-28T04:56:18Z,2026-08-28T04:56:18Z,0.0
UB5 4EU,SEPD,HV,1,TX0314,2631,2026-08-28T04:56:18Z,2026-08-28T04:56:18Z,0.0
UB5 4EW,SEPD,HV,1,TX0314,2631,2026-08-28T04:56:18Z,2026-08-28T04:56:18Z,0.0
UB5 4EX,SEPD,HV,1,TX0314,2631,2026-08-28T04:56:18Z,2026-08-28T04:56:18Z,0.0
UB5 4EY,SEPD,HV,1,TX0314,2631,2026-08-28T04:56:18Z,2026-08-28T04:56:18Z,0.0
UB5 4FH,SEPD,HV,1,TX0314,2631,2026-08-28T04:56:18Z,2026-08-28T04:56:18Z,0.0
UB5 4FJ,SEPD,HV,1,TX0314,2631,2026-08-28T04:56:18Z,2026-08-28T04:56:18Z,0.0
UB5 4FL,SEPD,HV,1,TX0314,2631,2026-08-28T04:56:18Z,2026-08-28T04:56:18Z,0.0
UB5 4FN,SEPD,HV,1,TX0314,2631,2026-08-28T04:56:18Z,2026-08-28T04:56:18Z,0.0
UB5 4FP,SEPD,HV,1,TX0314,2631,2026-08-28T04:56:18Z,2026-08-28T04:56:18Z,0.0
UB5 4FQ,SEPD,HV,1,TX0314,2631,2026-08-28T04:56:18Z,2026-08-28T04:56:18Z,0.0
UB5 4FR,SEPD,HV,1,TX0314,2631,2026-08-28T04:56:18Z,2026-08-28T04:56:18Z,0.0
UB5 4GB,SEPD,HV,1,TX0314,2631,2026-08-28T04:56:18Z,2026-08-28T04:56:18Z,0.0
UB5 4HA,SEPD,HV,1,TX0314,2631,2026-08-28T04:56:18Z,2026-08-28T04:56:18Z,0.0
UB5 4HB,SEPD,HV,1,TX0314,2631,2026-08-28T04:56:18Z,2026-08-28T04:56:18Z,0.0
UB5 4HE,SEPD,HV,1,TX0314,2631,2026-08-28T04:56:18Z,2026-08-28T04:56:18Z,0.0
UB5 4HF,SEPD,HV,1,TX0314,2631,2026-08-28T04:56:18Z,2026-08-28T04:56:18Z,0.0
UB5 4HG,SEPD,HV,1,TX0314,2631,2026-08-28T04:56:18Z,2026-08-28T04:56:18Z,0.0
UB5 4HH,SEPD,HV,1,TX0314,2631,2026-08-28T04:56:18Z,2026-08-28T04:56:18Z,0.0
UB5 4HN,SEPD,HV,1,TX0314,2631,2026-08-28T04:56:18Z,2026-08-28T04:56:18Z,0.0
UB5 4HQ,SEPD,HV,1,TX0314,2631,2026-08-28T04:56:18Z,2026-08-28T04:56:18Z,0.0
UB5 4NA,SEPD,HV,1,TX0314,2631,2026-08-28T04:56:18Z,2026-08-28T04:56:18Z,0.0
UB5 4NH,SEPD,HV,1,TX0314,2631,2026-08-28T04:56:18Z,2026-08-28T04:56:18Z,0.0
UB5 4PL,SEPD,HV,1,TX0314,2631,2026-08-28T04:56:18Z,2026-08-28T04:56:18Z,0.0
UB5 4PN,SEPD,HV,1,TX0314,2631,2026-08-28T04:56:18Z,2026-08-28T04:56:18Z,0.0
UB5 4PU,SEPD,HV,1,TX0314,2631,2026-08-28T04:56:18Z,2026-08-28T04:56:18Z,0.0
UB5 4PW,SEPD,HV,1,TX0314,2631,2026-08-28T04:56:18Z,2026-08-28T04:56:18Z,0.0
UB5 4PX,SEPD,HV,1,TX0314,2631,2026-08-28T04:56:18Z,2026-08-28T04:56:18Z,0.0
UB5 4PY,SEPD,HV,1,TX0314,2631,2026-08-28T04:56:18Z,2026-08-28T04:56:18Z,0.0
UB5 4PZ,SEPD,HV,1,TX0314,2631,2026-08-28T04:56:18Z,2026-08-28T04:56:18Z,0.0
UB5 4QH,SEPD,HV,1,TX0314,2631,2026-08-28T04:56:18Z,2026-08-28T04:56:18Z,0.0
UB5 4QJ,SEPD,HV,1,TX0314,2631,2026-08-28T04:56:18Z,2026-08-28T04:56:18Z,0.0
UB5 4QL,SEPD,HV,1,TX0314,2631,2026-08-28T04:56:18Z,2026-08-28T04:56:18Z,0.0
UB5 4QN,SEPD,HV,1,TX0314,2631,2026-08-28T04:56:18Z,2026-08-28T04:56:18Z,0.0
UB5 4QS,SEPD,HV,1,TX0314,2631,2026-08-28T04:56:18Z,2026-08-28T04:56:18Z,0.0
UB5 4QT,SEPD,HV,1,TX0314,2631,2026-08-28T04:56:18Z,2026-08-28T04:56:18Z,0.0
UB5 4QU,SEPD,HV,1,TX0314,2631,2026-08-28T04:56:18Z,2026-08-28T04:56:18Z,0.0
UB5 4QX,SEPD,HV,1,TX0314,2631,2026-08-28T04:56:18Z,2026-08-28T04:56:18Z,0.0
UB5 4QY,SEPD,HV,1,TX0314,2631,2026-08-28T04:56:18Z,2026-08-28T04:56:18Z,0.0
UB5 4QZ,SEPD,HV,1,TX0314,2631,2026-08-28T04:56:18Z,2026-08-28T04:56:18Z,0.0
UB5 4RE,SEPD,HV,1,TX0314,2631,2026-08-28T04:56:18Z,2026-08-28T04:56:18Z,0.0
UB5 4RF,SEPD,HV,1,TX0314,2631,2026-08-28T04:56:18Z,2026-08-28T04:56:18Z,0.0
UB5 4RG,SEPD,HV,1,TX0314,2631,2026-08-28T04:56:18Z,2026-08-28T04:56:18Z,0.0
UB5 4RH,SEPD,HV,1,TX0314,2631,2026-08-28T04:56:18Z,2026-08-28T04:56:18Z,0.0
UB5 4RJ,SEPD,HV,1,TX0314,2631,2026-08-28T04:56:18Z,2026-08-28T04:56:18Z,0.0
UB5 4RL,SEPD,HV,1,TX0314,2631,2026-08-28T04:56:18Z,2026-08-28T04:56:18Z,0.0
UB5 4RN,SEPD,HV,1,TX0314,2631,2026-08-28T04:56:18Z,2026-08-28T04:56:18Z,0.0
UB5 4RP,SEPD,HV,1,TX0314,2631,2026-08-28T04:56:18Z,2026-08-28T04:56:18Z,0.0
UB5 4RQ,SEPD,HV,1,TX0314,2631,2026-08-28T04:56:18Z,2026-08-28T04:56:18Z,0.0
UB5 4RX,SEPD,HV,1,TX0314,2631,2026-08-28T04:56:18Z,2026-08-28T04:56:18Z,0.0
UB5 4SF,SEPD,HV,1,TX0314,2631,2026-08-28T04:56:18Z,2026-08-28T04:56:18Z,0.0
UB6 0AL,SEPD,HV,1,TX0314,2631,2026-08-28T04:56:18Z,2026-08-28T04:56:18Z,0.0
UB6 8LU,SEPD,HV,1,TX0314,2631,2026-08-28T04:56:18Z,2026-08-28T04:56:18Z,0.0
UB6 8LX,SEPD,HV,1,TX0314,2631,2026-08-28T04:56:18Z,2026-08-28T04:56:18Z,0.0
UB6 8LY,SEPD,HV,1,TX0314,2631,2026-08-28T04:56:18Z,2026-08-28T04:56:18Z,0.0
UB6 8NS,SEPD,HV,1,TX0314,2631,2026-08-28T04:56:18Z,2026-08-28T04:56:18Z,0.0
UB6 8NY,SEPD,HV,1,TX0314,2631,2026-08-28T04:56:18Z,2026-08-28T04:56:18Z,0.0
UB6 8NZ,SEPD,HV,1,TX0314,2631,2026-08-28T04:56:18Z,2026-08-28T04:56:18Z,0.0
UB6 8PB,SEPD,HV,1,TX0314,2631,2026-08-28T04:56:18Z,2026-08-28T04:56:18Z,0.0
UB6 8PD,SEPD,HV,1,TX0314,2631,2026-08-28T04:56:18Z,2026-08-28T04:56:18Z,0.0
UB6 8PE,SEPD,HV,1,TX0314,2631,2026-08-28T04:56:18Z,2026-08-28T04:56:18Z,0.0
UB6 8PH,SEPD,HV,1,TX0314,2631,2026-08-28T04:56:18Z,2026-08-28T04:56:18Z,0.0
UB7 0ET,SEPD,LV,1,TX1584,17,2026-08-29T07:49:13Z,2026-08-29T07:49:13Z,0.0
UB8 2BS,SEPD,HV,1,TX0224,35,2026-08-28T04:56:18Z,2026-08-28T04:56:18Z,0.0
UB8 2JH,SEPD,HV,1,TX0224,35,2026-08-28T04:56:18Z,2026-08-28T04:56:18Z,0.0
W13 0SQ,SEPD,LV,1,TW9831,13,2026-08-27T20:44:46Z,2026-08-27T20:44:46Z,0.0
W13 0SU,SEPD,LV,1,TW9831,13,2026-08-27T20:44:46Z,2026-08-27T20:44:46Z,0.0
W13 0SY,SEPD,LV,1,TW9831,13,2026-08-27T20:44:46Z,2026-08-27T20:44:46Z,0.0
W13 9BP,SEPD,LV,1,TW9831,13,2026-08-27T20:44:46Z,2026-08-27T20:44:46Z,0.0
W3 8BL,SEPD,LV,1,TW4302,4,2026-08-24T08:26:34Z,2026-08-24T08:26:34Z,0.0
W3 8BZ,SEPD,LV,1,TW4302,4,2026-08-24T08:26:34Z,2026-08-24T08:26:34Z,0.0
WD3 1AA,SEPD,LV,1,TX0262,29,2026-08-28T04:56:18Z,2026-08-28T04:56:18Z,0.0
WD3 3FP,SEPD,LV,1,TX0262,29,2026-08-28T04:56:18Z,2026-08-28T04:56:18Z,0.0
WD3 3FS,SEPD,LV,1,TX0262,29,2026-08-28T04:56:18Z,2026-08-28T04:56:18Z,0.0
WD3 3FT,SEPD,LV,1,TX0262,29,2026-08-28T04:56:18Z,2026-08-28T04:56:18Z,0.0
WD3 3FW,SEPD,LV,1,TX0262,29,2026-08-28T04:56:18Z,2026-08-28T04:56:18Z,0.0
WD3 3FX,SEPD,LV,1,TX0262,29,2026-08-28T04:56:18Z,2026-08-28T04:56:18Z,0.0
ZE2 9JB,SHEPD,HV,1,TW8045,68,2026-08-26T12:02:26Z,2026-08-26T12:02:26Z,0.0
ZE2 9JJ,SHEPD,HV,1,TW8045,68,2026-08-26T12:02:26Z,2026-08-26T12:02:26Z,0.0
ZE2 9JQ,SHEPD,HV,1,TW8045,68,2026-08-26T12:02:26Z,2026-08-26T12:02:26Z,0.0
