postcode,network,outage_type,outage_count,outage_refs,total_customers_affected,first_seen,last_seen,time_off_supply_hours_total_approx
RG45 7LP,SEPD,LV,1,TV2970,16,2026-08-15T08:45:34Z,2026-08-16T14:53:47Z,30.14
RG45 7LR,SEPD,LV,1,TV2970,16,2026-08-15T08:45:34Z,2026-08-16T14:53:47Z,30.14
RG45 7NE,SEPD,LV,1,TV2970,16,2026-08-15T08:45:34Z,2026-08-16T14:53:47Z,30.14
TW15 1AU,SEPD,LV,1,TV2268,4,2026-08-14T13:56:33Z,2026-08-15T15:40:16Z,25.73
TW15 1BB,SEPD,LV,1,TV2268,4,2026-08-14T13:56:33Z,2026-08-15T15:40:16Z,25.73
TW8 0BN,SEPD,LV,1,TV2020,48,2026-08-14T11:34:59Z,2026-08-15T12:54:42Z,25.33
TW8 0LD,SEPD,LV,1,TV2020,48,2026-08-14T11:34:59Z,2026-08-15T12:54:42Z,25.33
TW8 0LR,SEPD,LV,1,TV2020,48,2026-08-14T11:34:59Z,2026-08-15T12:54:42Z,25.33
TW8 0LT,SEPD,LV,1,TV2020,48,2026-08-14T11:34:59Z,2026-08-15T12:54:42Z,25.33
TW8 0LU,SEPD,LV,1,TV2020,48,2026-08-14T11:34:59Z,2026-08-15T12:54:42Z,25.33
TW8 0RS,SEPD,LV,1,TV2020,48,2026-08-14T11:34:59Z,2026-08-15T12:54:42Z,25.33
TW8 0SF,SEPD,LV,1,TV2020,48,2026-08-14T11:34:59Z,2026-08-15T12:54:42Z,25.33
TW8 0SH,SEPD,LV,1,TV2020,48,2026-08-14T11:34:59Z,2026-08-15T12:54:42Z,25.33
RG4 6RR,SEPD,LV,1,TU9644,9,2026-08-12T21:02:01Z,2026-08-13T22:20:34Z,25.31
RG4 6RS,SEPD,LV,1,TU9644,9,2026-08-12T21:02:01Z,2026-08-13T22:20:34Z,25.31
RG4 6RX,SEPD,LV,1,TU9644,9,2026-08-12T21:02:01Z,2026-08-13T22:20:34Z,25.31
RG4 6SB,SEPD,LV,1,TU9644,9,2026-08-12T21:02:01Z,2026-08-13T22:20:34Z,25.31
RG4 6SE,SEPD,LV,1,TU9644,9,2026-08-12T21:02:01Z,2026-08-13T22:20:34Z,25.31
HP10 8PH,SEPD,HV,1,TV3271,25,2026-08-15T12:54:42Z,2026-08-16T13:58:46Z,25.07
HP10 8PJ,SEPD,HV,1,TV3271,25,2026-08-15T12:54:42Z,2026-08-16T13:58:46Z,25.07
HP15 7NA,SEPD,HV,1,TV3271,25,2026-08-15T12:54:42Z,2026-08-16T13:58:46Z,25.07
HP15 7NB,SEPD,HV,1,TV3271,25,2026-08-15T12:54:42Z,2026-08-16T13:58:46Z,25.07
HP15 7NE,SEPD,HV,1,TV3271,25,2026-08-15T12:54:42Z,2026-08-16T13:58:46Z,25.07
HP15 7NU,SEPD,HV,1,TV3271,25,2026-08-15T12:54:42Z,2026-08-16T13:58:46Z,25.07
HP15 7PB,SEPD,HV,1,TV3271,25,2026-08-15T12:54:42Z,2026-08-16T13:58:46Z,25.07
HP7 0FA,SEPD,HV,1,TV3271,25,2026-08-15T12:54:42Z,2026-08-16T13:58:46Z,25.07
HP7 0NZ,SEPD,HV,1,TV3271,25,2026-08-15T12:54:42Z,2026-08-16T13:58:46Z,25.07
HP7 0PS,SEPD,HV,1,TV3271,25,2026-08-15T12:54:42Z,2026-08-16T13:58:46Z,25.07
AB31 4PJ,SHEPD,PSI,1,252538,2,2026-08-18T07:10:26Z,2026-08-19T07:47:42Z,24.62
AB51 7NL,SHEPD,PSI,1,252538,2,2026-08-18T07:10:26Z,2026-08-19T07:47:42Z,24.62
AB51 7QS,SHEPD,PSI,1,252542,2,2026-08-18T07:10:26Z,2026-08-19T07:47:42Z,24.62
SL7 1TT,SEPD,LV,1,TV4465,27,2026-08-16T21:56:05Z,2026-08-17T21:58:45Z,24.04
SL7 1TU,SEPD,LV,1,TV4465,27,2026-08-16T21:56:05Z,2026-08-17T21:58:45Z,24.04
SL7 1TX,SEPD,LV,1,TV4465,27,2026-08-16T21:56:05Z,2026-08-17T21:58:45Z,24.04
SL7 1TY,SEPD,LV,1,TV4465,27,2026-08-16T21:56:05Z,2026-08-17T21:58:45Z,24.04
SP3 5SU,SEPD,"PSI,HV",4,"253797,TV0785,TV7529,TV7530",2226,2026-08-13T14:47:49Z,2026-08-19T11:42:00Z,23.11
RG25 3HA,SEPD,LV,2,"TV4187,TV5871",36,2026-08-16T23:33:36Z,2026-08-18T09:17:56Z,22.8
RG25 3HB,SEPD,LV,2,"TV4187,TV5871",36,2026-08-16T23:33:36Z,2026-08-18T09:17:56Z,22.8
RG25 3JZ,SEPD,LV,2,"TV4187,TV5871",36,2026-08-16T23:33:36Z,2026-08-18T09:17:56Z,22.8
BA12 6BY,SEPD,"HV,LV",3,"TV0783,TV0785,TV1003",3471,2026-08-13T14:47:49Z,2026-08-14T09:52:18Z,22.75
BA12 6FD,SEPD,"HV,LV",3,"TV0783,TV0785,TV1003",3471,2026-08-13T14:47:49Z,2026-08-14T09:52:18Z,22.75
BH19 2JA,SEPD,LV,2,"TU8119,TU9281",20,2026-08-12T12:25:59Z,2026-08-13T14:47:49Z,22.66
BH19 2JD,SEPD,LV,2,"TU8119,TU9281",20,2026-08-12T12:25:59Z,2026-08-13T14:47:49Z,22.66
BH19 2JE,SEPD,LV,2,"TU8119,TU9281",20,2026-08-12T12:25:59Z,2026-08-13T14:47:49Z,22.66
BH19 2JF,SEPD,LV,2,"TU8119,TU9281",20,2026-08-12T12:25:59Z,2026-08-13T14:47:49Z,22.66
BH19 2JG,SEPD,LV,2,"TU8119,TU9281",20,2026-08-12T12:25:59Z,2026-08-13T14:47:49Z,22.66
BH19 2JQ,SEPD,LV,2,"TU8119,TU9281",20,2026-08-12T12:25:59Z,2026-08-13T14:47:49Z,22.66
SP3 5SN,SEPD,"PSI,HV",2,"253797,TV0785",1994,2026-08-13T14:47:49Z,2026-08-19T11:42:00Z,22.46
SP3 5UA,SEPD,"PSI,HV",2,"253797,TV0785",1994,2026-08-13T14:47:49Z,2026-08-19T11:42:00Z,22.46
KW10 6TA,SHEPD,PSI,2,"253716,253960",42,2026-08-15T08:45:34Z,2026-08-15T22:00:50Z,21.47
SN16 9DF,SEPD,"PSI,LV",2,"253190,TU9462",225,2026-08-12T11:42:00Z,2026-08-13T12:04:05Z,21.36
SN16 9DH,SEPD,"PSI,LV",2,"253190,TU9462",225,2026-08-12T11:42:00Z,2026-08-13T12:04:05Z,21.36
SN16 9DL,SEPD,"PSI,LV",2,"253190,TU9462",225,2026-08-12T11:42:00Z,2026-08-13T12:04:05Z,21.36
SN16 9DQ,SEPD,"PSI,LV",2,"253190,TU9462",225,2026-08-12T11:42:00Z,2026-08-13T12:04:05Z,21.36
SN16 9EA,SEPD,"PSI,LV",2,"253190,TU9462",225,2026-08-12T11:42:00Z,2026-08-13T12:04:05Z,21.36
SN16 9EB,SEPD,"PSI,LV",2,"253190,TU9462",225,2026-08-12T11:42:00Z,2026-08-13T12:04:05Z,21.36
SN16 9ED,SEPD,"PSI,LV",2,"253190,TU9462",225,2026-08-12T11:42:00Z,2026-08-13T12:04:05Z,21.36
SN16 9HD,SEPD,"PSI,LV",2,"253190,TU9462",225,2026-08-12T11:42:00Z,2026-08-13T12:04:05Z,21.36
RG30 2NF,SEPD,LV,2,"TV1006,TV3926",72,2026-08-13T18:40:04Z,2026-08-18T13:01:53Z,19.81
RG30 2NP,SEPD,LV,2,"TV1006,TV3926",72,2026-08-13T18:40:04Z,2026-08-18T13:01:53Z,19.81
RG30 2NW,SEPD,LV,2,"TV1006,TV3926",72,2026-08-13T18:40:04Z,2026-08-18T13:01:53Z,19.81
RG30 4BP,SEPD,LV,2,"TV1006,TV3926",72,2026-08-13T18:40:04Z,2026-08-18T13:01:53Z,19.81
RG30 4BS,SEPD,LV,2,"TV1006,TV3926",72,2026-08-13T18:40:04Z,2026-08-18T13:01:53Z,19.81
RG9,SEPD,"PSI,LV",2,"253390,TV4485",183,2026-08-17T01:48:55Z,2026-08-17T15:11:57Z,19.77
RG9 3JG,SEPD,"PSI,LV",2,"253390,TV4485",183,2026-08-17T01:48:55Z,2026-08-17T15:11:57Z,19.77
RG9 3JQ,SEPD,"PSI,LV",2,"253390,TV4485",183,2026-08-17T01:48:55Z,2026-08-17T15:11:57Z,19.77
RG9 3JT,SEPD,"PSI,LV",2,"253390,TV4485",183,2026-08-17T01:48:55Z,2026-08-17T15:11:57Z,19.77
RG9 3JU,SEPD,"PSI,LV",2,"253390,TV4485",183,2026-08-17T01:48:55Z,2026-08-17T15:11:57Z,19.77
RG9 3JZ,SEPD,"PSI,LV",2,"253390,TV4485",183,2026-08-17T01:48:55Z,2026-08-17T15:11:57Z,19.77
RG9 3LH,SEPD,"PSI,LV",2,"253390,TV4485",183,2026-08-17T01:48:55Z,2026-08-17T15:11:57Z,19.77
GU31 4AF,SEPD,LV,1,TV2692,9,2026-08-14T21:01:51Z,2026-08-15T16:33:57Z,19.54
GU32 2AX,SEPD,LV,1,TV2692,9,2026-08-14T21:01:51Z,2026-08-15T16:33:57Z,19.54
GU32 3FQ,SEPD,LV,1,TV2692,9,2026-08-14T21:01:51Z,2026-08-15T16:33:57Z,19.54
GU32 3FR,SEPD,LV,1,TV2692,9,2026-08-14T21:01:51Z,2026-08-15T16:33:57Z,19.54
BA12,SEPD,HV,2,"TV0783,TV0785",3467,2026-08-13T14:47:49Z,2026-08-14T09:52:18Z,19.07
BA12 6AA,SEPD,HV,2,"TV0783,TV0785",3467,2026-08-13T14:47:49Z,2026-08-14T09:52:18Z,19.07
BA12 6AB,SEPD,HV,2,"TV0783,TV0785",3467,2026-08-13T14:47:49Z,2026-08-14T09:52:18Z,19.07
BA12 6AD,SEPD,HV,2,"TV0783,TV0785",3467,2026-08-13T14:47:49Z,2026-08-14T09:52:18Z,19.07
BA12 6AE,SEPD,HV,2,"TV0783,TV0785",3467,2026-08-13T14:47:49Z,2026-08-14T09:52:18Z,19.07
BA12 6AF,SEPD,HV,2,"TV0783,TV0785",3467,2026-08-13T14:47:49Z,2026-08-14T09:52:18Z,19.07
BA12 6AG,SEPD,HV,2,"TV0783,TV0785",3467,2026-08-13T14:47:49Z,2026-08-14T09:52:18Z,19.07
BA12 6AH,SEPD,HV,2,"TV0783,TV0785",3467,2026-08-13T14:47:49Z,2026-08-14T09:52:18Z,19.07
BA12 6AJ,SEPD,HV,2,"TV0783,TV0785",3467,2026-08-13T14:47:49Z,2026-08-14T09:52:18Z,19.07
BA12 6AL,SEPD,HV,2,"TV0783,TV0785",3467,2026-08-13T14:47:49Z,2026-08-14T09:52:18Z,19.07
BA12 6AN,SEPD,HV,2,"TV0783,TV0785",3467,2026-08-13T14:47:49Z,2026-08-14T09:52:18Z,19.07
BA12 6AP,SEPD,HV,2,"TV0783,TV0785",3467,2026-08-13T14:47:49Z,2026-08-14T09:52:18Z,19.07
BA12 6AQ,SEPD,HV,2,"TV0783,TV0785",3467,2026-08-13T14:47:49Z,2026-08-14T09:52:18Z,19.07
BA12 6AR,SEPD,HV,2,"TV0783,TV0785",3467,2026-08-13T14:47:49Z,2026-08-14T09:52:18Z,19.07
BA12 6AS,SEPD,HV,2,"TV0783,TV0785",3467,2026-08-13T14:47:49Z,2026-08-14T09:52:18Z,19.07
BA12 6AU,SEPD,HV,2,"TV0783,TV0785",3467,2026-08-13T14:47:49Z,2026-08-14T09:52:18Z,19.07
BA12 6AW,SEPD,HV,2,"TV0783,TV0785",3467,2026-08-13T14:47:49Z,2026-08-14T09:52:18Z,19.07
BA12 6AX,SEPD,HV,2,"TV0783,TV0785",3467,2026-08-13T14:47:49Z,2026-08-14T09:52:18Z,19.07
BA12 6AY,SEPD,HV,2,"TV0783,TV0785",3467,2026-08-13T14:47:49Z,2026-08-14T09:52:18Z,19.07
BA12 6AZ,SEPD,HV,2,"TV0783,TV0785",3467,2026-08-13T14:47:49Z,2026-08-14T09:52:18Z,19.07
BA12 6BA,SEPD,HV,2,"TV0783,TV0785",3467,2026-08-13T14:47:49Z,2026-08-14T09:52:18Z,19.07
BA12 6BB,SEPD,HV,2,"TV0783,TV0785",3467,2026-08-13T14:47:49Z,2026-08-14T09:52:18Z,19.07
BA12 6BD,SEPD,HV,2,"TV0783,TV0785",3467,2026-08-13T14:47:49Z,2026-08-14T09:52:18Z,19.07
BA12 6BE,SEPD,HV,2,"TV0783,TV0785",3467,2026-08-13T14:47:49Z,2026-08-14T09:52:18Z,19.07
BA12 6BG,SEPD,HV,2,"TV0783,TV0785",3467,2026-08-13T14:47:49Z,2026-08-14T09:52:18Z,19.07
BA12 6BH,SEPD,HV,2,"TV0783,TV0785",3467,2026-08-13T14:47:49Z,2026-08-14T09:52:18Z,19.07
BA12 6BJ,SEPD,HV,2,"TV0783,TV0785",3467,2026-08-13T14:47:49Z,2026-08-14T09:52:18Z,19.07
BA12 6BL,SEPD,HV,2,"TV0783,TV0785",3467,2026-08-13T14:47:49Z,2026-08-14T09:52:18Z,19.07
BA12 6BN,SEPD,HV,2,"TV0783,TV0785",3467,2026-08-13T14:47:49Z,2026-08-14T09:52:18Z,19.07
BA12 6BP,SEPD,HV,2,"TV0783,TV0785",3467,2026-08-13T14:47:49Z,2026-08-14T09:52:18Z,19.07
BA12 6BQ,SEPD,HV,2,"TV0783,TV0785",3467,2026-08-13T14:47:49Z,2026-08-14T09:52:18Z,19.07
BA12 6BR,SEPD,HV,2,"TV0783,TV0785",3467,2026-08-13T14:47:49Z,2026-08-14T09:52:18Z,19.07
BA12 6BU,SEPD,HV,2,"TV0783,TV0785",3467,2026-08-13T14:47:49Z,2026-08-14T09:52:18Z,19.07
BA12 6BW,SEPD,HV,2,"TV0783,TV0785",3467,2026-08-13T14:47:49Z,2026-08-14T09:52:18Z,19.07
BA12 6BX,SEPD,HV,2,"TV0783,TV0785",3467,2026-08-13T14:47:49Z,2026-08-14T09:52:18Z,19.07
BA12 6BZ,SEPD,HV,2,"TV0783,TV0785",3467,2026-08-13T14:47:49Z,2026-08-14T09:52:18Z,19.07
BA12 6DA,SEPD,HV,2,"TV0783,TV0785",3467,2026-08-13T14:47:49Z,2026-08-14T09:52:18Z,19.07
BA12 6DB,SEPD,HV,2,"TV0783,TV0785",3467,2026-08-13T14:47:49Z,2026-08-14T09:52:18Z,19.07
BA12 6DD,SEPD,HV,2,"TV0783,TV0785",3467,2026-08-13T14:47:49Z,2026-08-14T09:52:18Z,19.07
BA12 6DE,SEPD,HV,2,"TV0783,TV0785",3467,2026-08-13T14:47:49Z,2026-08-14T09:52:18Z,19.07
BA12 6DF,SEPD,HV,2,"TV0783,TV0785",3467,2026-08-13T14:47:49Z,2026-08-14T09:52:18Z,19.07
BA12 6DG,SEPD,HV,2,"TV0783,TV0785",3467,2026-08-13T14:47:49Z,2026-08-14T09:52:18Z,19.07
BA12 6DH,SEPD,HV,2,"TV0783,TV0785",3467,2026-08-13T14:47:49Z,2026-08-14T09:52:18Z,19.07
BA12 6DJ,SEPD,HV,2,"TV0783,TV0785",3467,2026-08-13T14:47:49Z,2026-08-14T09:52:18Z,19.07
BA12 6DL,SEPD,HV,2,"TV0783,TV0785",3467,2026-08-13T14:47:49Z,2026-08-14T09:52:18Z,19.07
BA12 6DN,SEPD,HV,2,"TV0783,TV0785",3467,2026-08-13T14:47:49Z,2026-08-14T09:52:18Z,19.07
BA12 6DP,SEPD,HV,2,"TV0783,TV0785",3467,2026-08-13T14:47:49Z,2026-08-14T09:52:18Z,19.07
BA12 6DQ,SEPD,HV,2,"TV0783,TV0785",3467,2026-08-13T14:47:49Z,2026-08-14T09:52:18Z,19.07
BA12 6DR,SEPD,HV,2,"TV0783,TV0785",3467,2026-08-13T14:47:49Z,2026-08-14T09:52:18Z,19.07
BA12 6DS,SEPD,HV,2,"TV0783,TV0785",3467,2026-08-13T14:47:49Z,2026-08-14T09:52:18Z,19.07
BA12 6DT,SEPD,HV,2,"TV0783,TV0785",3467,2026-08-13T14:47:49Z,2026-08-14T09:52:18Z,19.07
BA12 6DX,SEPD,HV,2,"TV0783,TV0785",3467,2026-08-13T14:47:49Z,2026-08-14T09:52:18Z,19.07
BA12 6DY,SEPD,HV,2,"TV0783,TV0785",3467,2026-08-13T14:47:49Z,2026-08-14T09:52:18Z,19.07
BA12 6DZ,SEPD,HV,2,"TV0783,TV0785",3467,2026-08-13T14:47:49Z,2026-08-14T09:52:18Z,19.07
BA12 6EA,SEPD,HV,2,"TV0783,TV0785",3467,2026-08-13T14:47:49Z,2026-08-14T09:52:18Z,19.07
BA12 6EE,SEPD,HV,2,"TV0783,TV0785",3467,2026-08-13T14:47:49Z,2026-08-14T09:52:18Z,19.07
BA12 6EF,SEPD,HV,2,"TV0783,TV0785",3467,2026-08-13T14:47:49Z,2026-08-14T09:52:18Z,19.07
BA12 6EG,SEPD,HV,2,"TV0783,TV0785",3467,2026-08-13T14:47:49Z,2026-08-14T09:52:18Z,19.07
BA12 6EL,SEPD,HV,2,"TV0783,TV0785",3467,2026-08-13T14:47:49Z,2026-08-14T09:52:18Z,19.07
BA12 6EN,SEPD,HV,2,"TV0783,TV0785",3467,2026-08-13T14:47:49Z,2026-08-14T09:52:18Z,19.07
BA12 6EP,SEPD,HV,2,"TV0783,TV0785",3467,2026-08-13T14:47:49Z,2026-08-14T09:52:18Z,19.07
BA12 6EQ,SEPD,HV,2,"TV0783,TV0785",3467,2026-08-13T14:47:49Z,2026-08-14T09:52:18Z,19.07
BA12 6ER,SEPD,HV,2,"TV0783,TV0785",3467,2026-08-13T14:47:49Z,2026-08-14T09:52:18Z,19.07
BA12 6ES,SEPD,HV,2,"TV0783,TV0785",3467,2026-08-13T14:47:49Z,2026-08-14T09:52:18Z,19.07
BA12 6ET,SEPD,HV,2,"TV0783,TV0785",3467,2026-08-13T14:47:49Z,2026-08-14T09:52:18Z,19.07
BA12 6EU,SEPD,HV,2,"TV0783,TV0785",3467,2026-08-13T14:47:49Z,2026-08-14T09:52:18Z,19.07
BA12 6EW,SEPD,HV,2,"TV0783,TV0785",3467,2026-08-13T14:47:49Z,2026-08-14T09:52:18Z,19.07
BA12 6EX,SEPD,HV,2,"TV0783,TV0785",3467,2026-08-13T14:47:49Z,2026-08-14T09:52:18Z,19.07
BA12 6EY,SEPD,HV,2,"TV0783,TV0785",3467,2026-08-13T14:47:49Z,2026-08-14T09:52:18Z,19.07
BA12 6EZ,SEPD,HV,2,"TV0783,TV0785",3467,2026-08-13T14:47:49Z,2026-08-14T09:52:18Z,19.07
BA12 6FA,SEPD,HV,2,"TV0783,TV0785",3467,2026-08-13T14:47:49Z,2026-08-14T09:52:18Z,19.07
BA12 6FF,SEPD,HV,2,"TV0783,TV0785",3467,2026-08-13T14:47:49Z,2026-08-14T09:52:18Z,19.07
BA12 6FG,SEPD,HV,2,"TV0783,TV0785",3467,2026-08-13T14:47:49Z,2026-08-14T09:52:18Z,19.07
BA12 6FH,SEPD,HV,2,"TV0783,TV0785",3467,2026-08-13T14:47:49Z,2026-08-14T09:52:18Z,19.07
BA12 6FJ,SEPD,HV,2,"TV0783,TV0785",3467,2026-08-13T14:47:49Z,2026-08-14T09:52:18Z,19.07
BA12 6FL,SEPD,HV,2,"TV0783,TV0785",3467,2026-08-13T14:47:49Z,2026-08-14T09:52:18Z,19.07
BA12 6FN,SEPD,HV,2,"TV0783,TV0785",3467,2026-08-13T14:47:49Z,2026-08-14T09:52:18Z,19.07
BA12 6FP,SEPD,HV,2,"TV0783,TV0785",3467,2026-08-13T14:47:49Z,2026-08-14T09:52:18Z,19.07
BA12 6FQ,SEPD,HV,2,"TV0783,TV0785",3467,2026-08-13T14:47:49Z,2026-08-14T09:52:18Z,19.07
BA12 6FR,SEPD,HV,2,"TV0783,TV0785",3467,2026-08-13T14:47:49Z,2026-08-14T09:52:18Z,19.07
BA12 6FS,SEPD,HV,2,"TV0783,TV0785",3467,2026-08-13T14:47:49Z,2026-08-14T09:52:18Z,19.07
BA12 6HA,SEPD,HV,2,"TV0783,TV0785",3467,2026-08-13T14:47:49Z,2026-08-14T09:52:18Z,19.07
BA12 6HB,SEPD,HV,2,"TV0783,TV0785",3467,2026-08-13T14:47:49Z,2026-08-14T09:52:18Z,19.07
BA12 6HD,SEPD,HV,2,"TV0783,TV0785",3467,2026-08-13T14:47:49Z,2026-08-14T09:52:18Z,19.07
BA12 6HE,SEPD,HV,2,"TV0783,TV0785",3467,2026-08-13T14:47:49Z,2026-08-14T09:52:18Z,19.07
BA12 6HF,SEPD,HV,2,"TV0783,TV0785",3467,2026-08-13T14:47:49Z,2026-08-14T09:52:18Z,19.07
BA12 6HH,SEPD,HV,2,"TV0783,TV0785",3467,2026-08-13T14:47:49Z,2026-08-14T09:52:18Z,19.07
BA12 6HY,SEPD,HV,2,"TV0783,TV0785",3467,2026-08-13T14:47:49Z,2026-08-14T09:52:18Z,19.07
BA12 6JA,SEPD,HV,2,"TV0783,TV0785",3467,2026-08-13T14:47:49Z,2026-08-14T09:52:18Z,19.07
BA12 6JB,SEPD,HV,2,"TV0783,TV0785",3467,2026-08-13T14:47:49Z,2026-08-14T09:52:18Z,19.07
BA12 6JE,SEPD,HV,2,"TV0783,TV0785",3467,2026-08-13T14:47:49Z,2026-08-14T09:52:18Z,19.07
BA12 6JF,SEPD,HV,2,"TV0783,TV0785",3467,2026-08-13T14:47:49Z,2026-08-14T09:52:18Z,19.07
BA12 6JG,SEPD,HV,2,"TV0783,TV0785",3467,2026-08-13T14:47:49Z,2026-08-14T09:52:18Z,19.07
BA12 6JQ,SEPD,HV,2,"TV0783,TV0785",3467,2026-08-13T14:47:49Z,2026-08-14T09:52:18Z,19.07
BA12 6JU,SEPD,HV,2,"TV0783,TV0785",3467,2026-08-13T14:47:49Z,2026-08-14T09:52:18Z,19.07
BA12 6NZ,SEPD,HV,2,"TV0783,TV0785",3467,2026-08-13T14:47:49Z,2026-08-14T09:52:18Z,19.07
BA12 6RT,SEPD,HV,2,"TV0783,TV0785",3467,2026-08-13T14:47:49Z,2026-08-14T09:52:18Z,19.07
BA12 6RU,SEPD,HV,2,"TV0783,TV0785",3467,2026-08-13T14:47:49Z,2026-08-14T09:52:18Z,19.07
BA12 7BB,SEPD,HV,2,"TV0783,TV0785",3467,2026-08-13T14:47:49Z,2026-08-14T09:52:18Z,19.07
BA12 7BD,SEPD,HV,2,"TV0783,TV0785",3467,2026-08-13T14:47:49Z,2026-08-14T09:52:18Z,19.07
BA12 7EY,SEPD,HV,2,"TV0783,TV0785",3467,2026-08-13T14:47:49Z,2026-08-14T09:52:18Z,19.07
SN12,SEPD,HV,2,"TV0783,TV0785",3467,2026-08-13T14:47:49Z,2026-08-14T09:52:18Z,19.07
SP3 6AA,SEPD,HV,2,"TV0783,TV0785",3467,2026-08-13T14:47:49Z,2026-08-14T09:52:18Z,19.07
SP3 6AB,SEPD,HV,2,"TV0783,TV0785",3467,2026-08-13T14:47:49Z,2026-08-14T09:52:18Z,19.07
SP3 6BB,SEPD,HV,2,"TV0783,TV0785",3467,2026-08-13T14:47:49Z,2026-08-14T09:52:18Z,19.07
SP3 6BD,SEPD,HV,2,"TV0783,TV0785",3467,2026-08-13T14:47:49Z,2026-08-14T09:52:18Z,19.07
SP3 6BE,SEPD,HV,2,"TV0783,TV0785",3467,2026-08-13T14:47:49Z,2026-08-14T09:52:18Z,19.07
SP3 6BG,SEPD,HV,2,"TV0783,TV0785",3467,2026-08-13T14:47:49Z,2026-08-14T09:52:18Z,19.07
SP3 6BH,SEPD,HV,2,"TV0783,TV0785",3467,2026-08-13T14:47:49Z,2026-08-14T09:52:18Z,19.07
SP3 6BJ,SEPD,HV,2,"TV0783,TV0785",3467,2026-08-13T14:47:49Z,2026-08-14T09:52:18Z,19.07
SP3 6BQ,SEPD,HV,2,"TV0783,TV0785",3467,2026-08-13T14:47:49Z,2026-08-14T09:52:18Z,19.07
SP3 6BT,SEPD,HV,2,"TV0783,TV0785",3467,2026-08-13T14:47:49Z,2026-08-14T09:52:18Z,19.07
SP3 6BU,SEPD,HV,2,"TV0783,TV0785",3467,2026-08-13T14:47:49Z,2026-08-14T09:52:18Z,19.07
SP3 6BW,SEPD,HV,2,"TV0783,TV0785",3467,2026-08-13T14:47:49Z,2026-08-14T09:52:18Z,19.07
SP3 6BX,SEPD,HV,2,"TV0783,TV0785",3467,2026-08-13T14:47:49Z,2026-08-14T09:52:18Z,19.07
SP3 6FE,SEPD,HV,2,"TV0783,TV0785",3467,2026-08-13T14:47:49Z,2026-08-14T09:52:18Z,19.07
SP8 5AB,SEPD,HV,2,"TV0783,TV0785",3467,2026-08-13T14:47:49Z,2026-08-14T09:52:18Z,19.07
SP8 5AD,SEPD,HV,2,"TV0783,TV0785",3467,2026-08-13T14:47:49Z,2026-08-14T09:52:18Z,19.07
SP8 5AF,SEPD,HV,2,"TV0783,TV0785",3467,2026-08-13T14:47:49Z,2026-08-14T09:52:18Z,19.07
SP8 5QH,SEPD,HV,2,"TV0783,TV0785",3467,2026-08-13T14:47:49Z,2026-08-14T09:52:18Z,19.07
SP8 5QJ,SEPD,HV,2,"TV0783,TV0785",3467,2026-08-13T14:47:49Z,2026-08-14T09:52:18Z,19.07
SP8 5QL,SEPD,HV,2,"TV0783,TV0785",3467,2026-08-13T14:47:49Z,2026-08-14T09:52:18Z,19.07
SP8 5QN,SEPD,HV,2,"TV0783,TV0785",3467,2026-08-13T14:47:49Z,2026-08-14T09:52:18Z,19.07
SP8 5QP,SEPD,HV,2,"TV0783,TV0785",3467,2026-08-13T14:47:49Z,2026-08-14T09:52:18Z,19.07
SP8 5QR,SEPD,HV,2,"TV0783,TV0785",3467,2026-08-13T14:47:49Z,2026-08-14T09:52:18Z,19.07
SP8 5QW,SEPD,HV,2,"TV0783,TV0785",3467,2026-08-13T14:47:49Z,2026-08-14T09:52:18Z,19.07
SP3 5JL,SEPD,HV,1,TV0785,1829,2026-08-13T14:47:49Z,2026-08-14T09:52:18Z,19.07
SP3 5SR,SEPD,HV,1,TV0785,1829,2026-08-13T14:47:49Z,2026-08-14T09:52:18Z,19.07
SP3 5SS,SEPD,HV,1,TV0785,1829,2026-08-13T14:47:49Z,2026-08-14T09:52:18Z,19.07
SP3 5ST,SEPD,HV,1,TV0785,1829,2026-08-13T14:47:49Z,2026-08-14T09:52:18Z,19.07
SP3 5SW,SEPD,HV,1,TV0785,1829,2026-08-13T14:47:49Z,2026-08-14T09:52:18Z,19.07
SP3 5SX,SEPD,HV,1,TV0785,1829,2026-08-13T14:47:49Z,2026-08-14T09:52:18Z,19.07
SP3 5SY,SEPD,HV,1,TV0785,1829,2026-08-13T14:47:49Z,2026-08-14T09:52:18Z,19.07
SP3 6DD,SEPD,HV,1,TV0785,1829,2026-08-13T14:47:49Z,2026-08-14T09:52:18Z,19.07
SP3 6DE,SEPD,HV,1,TV0785,1829,2026-08-13T14:47:49Z,2026-08-14T09:52:18Z,19.07
SP3 6DJ,SEPD,HV,1,TV0785,1829,2026-08-13T14:47:49Z,2026-08-14T09:52:18Z,19.07
SP3 6DN,SEPD,HV,1,TV0785,1829,2026-08-13T14:47:49Z,2026-08-14T09:52:18Z,19.07
SP3 6DP,SEPD,HV,1,TV0785,1829,2026-08-13T14:47:49Z,2026-08-14T09:52:18Z,19.07
SP3 6DR,SEPD,HV,1,TV0785,1829,2026-08-13T14:47:49Z,2026-08-14T09:52:18Z,19.07
SP3 6DS,SEPD,HV,1,TV0785,1829,2026-08-13T14:47:49Z,2026-08-14T09:52:18Z,19.07
SP3 6DT,SEPD,HV,1,TV0785,1829,2026-08-13T14:47:49Z,2026-08-14T09:52:18Z,19.07
SP3 6DU,SEPD,HV,1,TV0785,1829,2026-08-13T14:47:49Z,2026-08-14T09:52:18Z,19.07
SP3 6DW,SEPD,HV,1,TV0785,1829,2026-08-13T14:47:49Z,2026-08-14T09:52:18Z,19.07
SP3 6DX,SEPD,HV,1,TV0785,1829,2026-08-13T14:47:49Z,2026-08-14T09:52:18Z,19.07
SP3 6DY,SEPD,HV,1,TV0785,1829,2026-08-13T14:47:49Z,2026-08-14T09:52:18Z,19.07
SP3 6DZ,SEPD,HV,1,TV0785,1829,2026-08-13T14:47:49Z,2026-08-14T09:52:18Z,19.07
SP3 6EA,SEPD,HV,1,TV0785,1829,2026-08-13T14:47:49Z,2026-08-14T09:52:18Z,19.07
SP3 6EB,SEPD,HV,1,TV0785,1829,2026-08-13T14:47:49Z,2026-08-14T09:52:18Z,19.07
SP3 6ED,SEPD,HV,1,TV0785,1829,2026-08-13T14:47:49Z,2026-08-14T09:52:18Z,19.07
SP3 6EE,SEPD,HV,1,TV0785,1829,2026-08-13T14:47:49Z,2026-08-14T09:52:18Z,19.07
SP3 6EF,SEPD,HV,1,TV0785,1829,2026-08-13T14:47:49Z,2026-08-14T09:52:18Z,19.07
SP3 6EG,SEPD,HV,1,TV0785,1829,2026-08-13T14:47:49Z,2026-08-14T09:52:18Z,19.07
SP3 6EH,SEPD,HV,1,TV0785,1829,2026-08-13T14:47:49Z,2026-08-14T09:52:18Z,19.07
SP3 6EJ,SEPD,HV,1,TV0785,1829,2026-08-13T14:47:49Z,2026-08-14T09:52:18Z,19.07
SP3 6EL,SEPD,HV,1,TV0785,1829,2026-08-13T14:47:49Z,2026-08-14T09:52:18Z,19.07
SP3 6EP,SEPD,HV,1,TV0785,1829,2026-08-13T14:47:49Z,2026-08-14T09:52:18Z,19.07
SP3 6EQ,SEPD,HV,1,TV0785,1829,2026-08-13T14:47:49Z,2026-08-14T09:52:18Z,19.07
SP3 6ER,SEPD,HV,1,TV0785,1829,2026-08-13T14:47:49Z,2026-08-14T09:52:18Z,19.07
SP3 6ES,SEPD,HV,1,TV0785,1829,2026-08-13T14:47:49Z,2026-08-14T09:52:18Z,19.07
SP3 6ET,SEPD,HV,1,TV0785,1829,2026-08-13T14:47:49Z,2026-08-14T09:52:18Z,19.07
SP3 6EU,SEPD,HV,1,TV0785,1829,2026-08-13T14:47:49Z,2026-08-14T09:52:18Z,19.07
SP3 6EW,SEPD,HV,1,TV0785,1829,2026-08-13T14:47:49Z,2026-08-14T09:52:18Z,19.07
SP3 6FB,SEPD,HV,1,TV0785,1829,2026-08-13T14:47:49Z,2026-08-14T09:52:18Z,19.07
SP3 6FF,SEPD,HV,1,TV0785,1829,2026-08-13T14:47:49Z,2026-08-14T09:52:18Z,19.07
SP3 6FG,SEPD,HV,1,TV0785,1829,2026-08-13T14:47:49Z,2026-08-14T09:52:18Z,19.07
SP3 6TA,SEPD,HV,1,TV0785,1829,2026-08-13T14:47:49Z,2026-08-14T09:52:18Z,19.07
BH14 0NF,SEPD,LV,1,TU9297,9,2026-08-12T16:08:17Z,2026-08-13T10:18:13Z,18.17
BH14 0NT,SEPD,LV,1,TU9297,9,2026-08-12T16:08:17Z,2026-08-13T10:18:13Z,18.17
BH14 0NX,SEPD,LV,1,TU9297,9,2026-08-12T16:08:17Z,2026-08-13T10:18:13Z,18.17
W7 2AU,SEPD,LV,1,TV4172,30,2026-08-16T17:29:32Z,2026-08-17T11:35:25Z,18.1
W7 2BL,SEPD,LV,1,TV4172,30,2026-08-16T17:29:32Z,2026-08-17T11:35:25Z,18.1
W7 2BT,SEPD,LV,1,TV4172,30,2026-08-16T17:29:32Z,2026-08-17T11:35:25Z,18.1
W7 2BU,SEPD,LV,1,TV4172,30,2026-08-16T17:29:32Z,2026-08-17T11:35:25Z,18.1
W7 2BW,SEPD,LV,1,TV4172,30,2026-08-16T17:29:32Z,2026-08-17T11:35:25Z,18.1
W7 2BX,SEPD,LV,1,TV4172,30,2026-08-16T17:29:32Z,2026-08-17T11:35:25Z,18.1
TW20 8BS,SEPD,LV,1,TU9654,22,2026-08-12T21:02:01Z,2026-08-13T14:47:49Z,17.76
TW20 8BW,SEPD,LV,1,TU9654,22,2026-08-12T21:02:01Z,2026-08-13T14:47:49Z,17.76
TW20 8DA,SEPD,LV,1,TU9654,22,2026-08-12T21:02:01Z,2026-08-13T14:47:49Z,17.76
TW20 8DG,SEPD,LV,1,TU9654,22,2026-08-12T21:02:01Z,2026-08-13T14:47:49Z,17.76
GU27 1NF,SEPD,LV,1,TV1269,16,2026-08-13T21:24:51Z,2026-08-14T15:00:01Z,17.59
GU27 2AB,SEPD,LV,1,TV1269,16,2026-08-13T21:24:51Z,2026-08-14T15:00:01Z,17.59
GU27 2JH,SEPD,LV,1,TV1269,16,2026-08-13T21:24:51Z,2026-08-14T15:00:01Z,17.59
GU27 2JL,SEPD,LV,1,TV1269,16,2026-08-13T21:24:51Z,2026-08-14T15:00:01Z,17.59
GU27 2JS,SEPD,LV,1,TV1269,16,2026-08-13T21:24:51Z,2026-08-14T15:00:01Z,17.59
GU27 2JU,SEPD,LV,1,TV1269,16,2026-08-13T21:24:51Z,2026-08-14T15:00:01Z,17.59
GU27 2LY,SEPD,LV,1,TV1269,16,2026-08-13T21:24:51Z,2026-08-14T15:00:01Z,17.59
GU27 2LZ,SEPD,LV,1,TV1269,16,2026-08-13T21:24:51Z,2026-08-14T15:00:01Z,17.59
GU27 2NB,SEPD,LV,1,TV1269,16,2026-08-13T21:24:51Z,2026-08-14T15:00:01Z,17.59
BA12 6LP,SEPD,HV,2,"TV0783,TV0785",3467,2026-08-13T14:47:49Z,2026-08-14T07:44:18Z,16.94
BA12 6LW,SEPD,HV,2,"TV0783,TV0785",3467,2026-08-13T14:47:49Z,2026-08-14T07:44:18Z,16.94
GU20 6BT,SEPD,LV,1,TV7252,8,2026-08-18T19:02:47Z,2026-08-19T11:42:00Z,16.65
GU20 6BU,SEPD,LV,1,TV7252,8,2026-08-18T19:02:47Z,2026-08-19T11:42:00Z,16.65
GU20 6BY,SEPD,LV,1,TV7252,8,2026-08-18T19:02:47Z,2026-08-19T11:42:00Z,16.65
GU20 6BZ,SEPD,LV,1,TV7252,8,2026-08-18T19:02:47Z,2026-08-19T11:42:00Z,16.65
GU20 6DA,SEPD,LV,1,TV7252,8,2026-08-18T19:02:47Z,2026-08-19T11:42:00Z,16.65
GU20 6DD,SEPD,LV,1,TV7252,8,2026-08-18T19:02:47Z,2026-08-19T11:42:00Z,16.65
IV28 3XF,SHEPD,PSI,4,"253044,253047,253063,253064",199,2026-08-12T11:42:00Z,2026-08-13T15:44:00Z,16.54
W4 2SD,SEPD,LV,1,TV2742,32,2026-08-14T23:29:06Z,2026-08-15T15:40:16Z,16.19
W4 2SE,SEPD,LV,1,TV2742,32,2026-08-14T23:29:06Z,2026-08-15T15:40:16Z,16.19
W4 2SF,SEPD,LV,1,TV2742,32,2026-08-14T23:29:06Z,2026-08-15T15:40:16Z,16.19
W4 2SG,SEPD,LV,1,TV2742,32,2026-08-14T23:29:06Z,2026-08-15T15:40:16Z,16.19
W4 2SQ,SEPD,LV,1,TV2742,32,2026-08-14T23:29:06Z,2026-08-15T15:40:16Z,16.19
W4 2TA,SEPD,LV,1,TV2742,32,2026-08-14T23:29:06Z,2026-08-15T15:40:16Z,16.19
W4 2TB,SEPD,LV,1,TV2742,32,2026-08-14T23:29:06Z,2026-08-15T15:40:16Z,16.19
RG31 7AH,SEPD,LV,2,"TV5827,TV7441",40,2026-08-17T22:32:12Z,2026-08-19T04:21:34Z,16.09
RG31 7AJ,SEPD,LV,2,"TV5827,TV7441",40,2026-08-17T22:32:12Z,2026-08-19T04:21:34Z,16.09
RG31 7AS,SEPD,LV,2,"TV5827,TV7441",40,2026-08-17T22:32:12Z,2026-08-19T04:21:34Z,16.09
RG31 7AT,SEPD,LV,2,"TV5827,TV7441",40,2026-08-17T22:32:12Z,2026-08-19T04:21:34Z,16.09
RG31 7AW,SEPD,LV,2,"TV5827,TV7441",40,2026-08-17T22:32:12Z,2026-08-19T04:21:34Z,16.09
PO33 4DS,SEPD,LV,2,"TV2474,TV2945",6,2026-08-14T17:02:08Z,2026-08-15T21:48:32Z,16.06
PO33 4DY,SEPD,LV,2,"TV2474,TV2945",6,2026-08-14T17:02:08Z,2026-08-15T21:48:32Z,16.06
IV7 8EE,SHEPD,PSI,2,"253649,253653",34,2026-08-13T06:06:10Z,2026-08-13T16:41:00Z,16.01
RG12 0UN,SEPD,LV,1,TV7287,25,2026-08-18T19:57:03Z,2026-08-19T11:42:00Z,15.75
RG12 0UW,SEPD,LV,1,TV7287,25,2026-08-18T19:57:03Z,2026-08-19T11:42:00Z,15.75
RG12 9NE,SEPD,LV,1,TV7287,25,2026-08-18T19:57:03Z,2026-08-19T11:42:00Z,15.75
RG12 9NG,SEPD,LV,1,TV7287,25,2026-08-18T19:57:03Z,2026-08-19T11:42:00Z,15.75
RG12 9NH,SEPD,LV,1,TV7287,25,2026-08-18T19:57:03Z,2026-08-19T11:42:00Z,15.75
KW15 1HQ,SHEPD,LV,2,"TV3009,TV3011",31,2026-08-15T08:45:34Z,2026-08-15T21:48:32Z,15.18
BH24 1HR,SEPD,LV,1,TU9692,15,2026-08-12T22:51:48Z,2026-08-13T13:45:21Z,14.89
BH24 1RG,SEPD,LV,1,TU9692,15,2026-08-12T22:51:48Z,2026-08-13T13:45:21Z,14.89
BH24 1RJ,SEPD,LV,1,TU9692,15,2026-08-12T22:51:48Z,2026-08-13T13:45:21Z,14.89
BH24 1RL,SEPD,LV,1,TU9692,15,2026-08-12T22:51:48Z,2026-08-13T13:45:21Z,14.89
BH24 1RQ,SEPD,LV,1,TU9692,15,2026-08-12T22:51:48Z,2026-08-13T13:45:21Z,14.89
BH24 1SA,SEPD,LV,1,TU9692,15,2026-08-12T22:51:48Z,2026-08-13T13:45:21Z,14.89
RG41 3HJ,SEPD,LV,1,TV4483,27,2026-08-16T23:55:39Z,2026-08-17T14:47:23Z,14.86
RG41 3NA,SEPD,LV,1,TV4483,27,2026-08-16T23:55:39Z,2026-08-17T14:47:23Z,14.86
RG41 3NB,SEPD,LV,1,TV4483,27,2026-08-16T23:55:39Z,2026-08-17T14:47:23Z,14.86
RG41 3ND,SEPD,LV,1,TV4483,27,2026-08-16T23:55:39Z,2026-08-17T14:47:23Z,14.86
RG41 3NE,SEPD,LV,1,TV4483,27,2026-08-16T23:55:39Z,2026-08-17T14:47:23Z,14.86
RG41 3NF,SEPD,LV,1,TV4483,27,2026-08-16T23:55:39Z,2026-08-17T14:47:23Z,14.86
RG41 3NW,SEPD,LV,1,TV4483,27,2026-08-16T23:55:39Z,2026-08-17T14:47:23Z,14.86
AB25 1SP,SHEPD,LV,1,TU8336,54,2026-08-12T13:59:51Z,2026-08-13T04:41:30Z,14.69
AB25 1SQ,SHEPD,LV,1,TU8336,54,2026-08-12T13:59:51Z,2026-08-13T04:41:30Z,14.69
AB25 1SR,SHEPD,LV,1,TU8336,54,2026-08-12T13:59:51Z,2026-08-13T04:41:30Z,14.69
AB25 1SS,SHEPD,LV,1,TU8336,54,2026-08-12T13:59:51Z,2026-08-13T04:41:30Z,14.69
AB25 1ST,SHEPD,LV,1,TU8336,54,2026-08-12T13:59:51Z,2026-08-13T04:41:30Z,14.69
AB25 1SX,SHEPD,LV,1,TU8336,54,2026-08-12T13:59:51Z,2026-08-13T04:41:30Z,14.69
GU20 6JN,SEPD,LV,1,TV4708,9,2026-08-17T08:23:42Z,2026-08-17T22:54:56Z,14.52
GU20 6JW,SEPD,LV,1,TV4708,9,2026-08-17T08:23:42Z,2026-08-17T22:54:56Z,14.52
PO3 5LD,SEPD,LV,1,TV3558,25,2026-08-15T23:27:29Z,2026-08-16T13:58:46Z,14.52
PO3 5LE,SEPD,LV,1,TV3558,25,2026-08-15T23:27:29Z,2026-08-16T13:58:46Z,14.52
PO3 5LG,SEPD,LV,1,TV3558,25,2026-08-15T23:27:29Z,2026-08-16T13:58:46Z,14.52
PO3 5LN,SEPD,LV,1,TV3558,25,2026-08-15T23:27:29Z,2026-08-16T13:58:46Z,14.52
PO3 5LU,SEPD,LV,1,TV3558,25,2026-08-15T23:27:29Z,2026-08-16T13:58:46Z,14.52
PO3 5LW,SEPD,LV,1,TV3558,25,2026-08-15T23:27:29Z,2026-08-16T13:58:46Z,14.52
OX1 3HZ,SEPD,LV,4,"TU9846,TV3301,TV5336,TV7257",39,2026-08-13T06:06:10Z,2026-08-18T19:35:12Z,14.13
OX1 2AR,SEPD,LV,3,"TU9846,TV5336,TV7257",21,2026-08-13T06:06:10Z,2026-08-18T19:35:12Z,14.13
OX1 2AS,SEPD,LV,3,"TU9846,TV5336,TV7257",21,2026-08-13T06:06:10Z,2026-08-18T19:35:12Z,14.13
OX1 2AT,SEPD,LV,3,"TU9846,TV5336,TV7257",21,2026-08-13T06:06:10Z,2026-08-18T19:35:12Z,14.13
OX1 3AD,SEPD,LV,3,"TU9846,TV5336,TV7257",21,2026-08-13T06:06:10Z,2026-08-18T19:35:12Z,14.13
OX1 3EX,SEPD,LV,3,"TU9846,TV5336,TV7257",21,2026-08-13T06:06:10Z,2026-08-18T19:35:12Z,14.13
OX1 3EZ,SEPD,LV,3,"TU9846,TV5336,TV7257",21,2026-08-13T06:06:10Z,2026-08-18T19:35:12Z,14.13
OX1 3HA,SEPD,LV,3,"TU9846,TV5336,TV7257",21,2026-08-13T06:06:10Z,2026-08-18T19:35:12Z,14.13
OX1 3HB,SEPD,LV,3,"TU9846,TV5336,TV7257",21,2026-08-13T06:06:10Z,2026-08-18T19:35:12Z,14.13
OX1 3HL,SEPD,LV,3,"TU9846,TV5336,TV7257",21,2026-08-13T06:06:10Z,2026-08-18T19:35:12Z,14.13
OX1 3HT,SEPD,LV,3,"TU9846,TV5336,TV7257",21,2026-08-13T06:06:10Z,2026-08-18T19:35:12Z,14.13
OX4 4QN,SEPD,HV,1,TV1596,12,2026-08-14T08:52:07Z,2026-08-14T22:54:14Z,14.04
OX4 4QU,SEPD,HV,1,TV1596,12,2026-08-14T08:52:07Z,2026-08-14T22:54:14Z,14.04
BA14 7AX,SEPD,LV,2,"TV4576,TV4652",68,2026-08-17T04:24:57Z,2026-08-17T18:02:45Z,13.63
UB3 2LR,SEPD,LV,1,TU9694,35,2026-08-13T00:10:06Z,2026-08-13T13:45:21Z,13.59
UB3 2LZ,SEPD,LV,1,TU9694,35,2026-08-13T00:10:06Z,2026-08-13T13:45:21Z,13.59
UB3 2NF,SEPD,LV,1,TU9694,35,2026-08-13T00:10:06Z,2026-08-13T13:45:21Z,13.59
UB3 2PX,SEPD,LV,1,TU9694,35,2026-08-13T00:10:06Z,2026-08-13T13:45:21Z,13.59
UB3 2PY,SEPD,LV,1,TU9694,35,2026-08-13T00:10:06Z,2026-08-13T13:45:21Z,13.59
UB3 2UH,SEPD,LV,1,TU9694,35,2026-08-13T00:10:06Z,2026-08-13T13:45:21Z,13.59
UB3 3BN,SEPD,LV,1,TU9694,35,2026-08-13T00:10:06Z,2026-08-13T13:45:21Z,13.59
UB4 0RS,SEPD,LV,1,TU9694,35,2026-08-13T00:10:06Z,2026-08-13T13:45:21Z,13.59
KW15 1GZ,SHEPD,LV,1,TV3009,23,2026-08-15T08:45:34Z,2026-08-15T21:48:32Z,13.05
KW15 1HG,SHEPD,LV,1,TV3009,23,2026-08-15T08:45:34Z,2026-08-15T21:48:32Z,13.05
KW15 1HL,SHEPD,LV,1,TV3009,23,2026-08-15T08:45:34Z,2026-08-15T21:48:32Z,13.05
KW15 1HP,SHEPD,LV,1,TV3009,23,2026-08-15T08:45:34Z,2026-08-15T21:48:32Z,13.05
KW15 1HW,SHEPD,LV,1,TV3009,23,2026-08-15T08:45:34Z,2026-08-15T21:48:32Z,13.05
KW15 1NW,SHEPD,LV,1,TV3009,23,2026-08-15T08:45:34Z,2026-08-15T21:48:32Z,13.05
KW15 1QW,SHEPD,LV,1,TV3009,23,2026-08-15T08:45:34Z,2026-08-15T21:48:32Z,13.05
SL2 5AG,SEPD,LV,1,TU9783,16,2026-08-13T04:41:30Z,2026-08-13T17:43:17Z,13.03
SL2 5AH,SEPD,LV,1,TU9783,16,2026-08-13T04:41:30Z,2026-08-13T17:43:17Z,13.03
GU33 7JZ,SEPD,LV,1,TV5354,20,2026-08-17T13:45:47Z,2026-08-18T02:05:11Z,12.32
GU33 7LY,SEPD,LV,1,TV5354,20,2026-08-17T13:45:47Z,2026-08-18T02:05:11Z,12.32
GU33 7RQ,SEPD,LV,1,TV5354,20,2026-08-17T13:45:47Z,2026-08-18T02:05:11Z,12.32
GU33 7RR,SEPD,LV,1,TV5354,20,2026-08-17T13:45:47Z,2026-08-18T02:05:11Z,12.32
RG1 7BT,SEPD,LV,1,TV5848,29,2026-08-18T02:05:11Z,2026-08-18T14:22:42Z,12.29
RG1 7DA,SEPD,LV,1,TV5848,29,2026-08-18T02:05:11Z,2026-08-18T14:22:42Z,12.29
RG1 7HD,SEPD,LV,1,TV5848,29,2026-08-18T02:05:11Z,2026-08-18T14:22:42Z,12.29
RG1 7HN,SEPD,LV,1,TV5848,29,2026-08-18T02:05:11Z,2026-08-18T14:22:42Z,12.29
RG1 7HU,SEPD,LV,1,TV5848,29,2026-08-18T02:05:11Z,2026-08-18T14:22:42Z,12.29
RG1 7HW,SEPD,LV,1,TV5848,29,2026-08-18T02:05:11Z,2026-08-18T14:22:42Z,12.29
RG1 7UZ,SEPD,LV,1,TV5848,29,2026-08-18T02:05:11Z,2026-08-18T14:22:42Z,12.29
DT2 9NL,SEPD,PSI,2,"252756,253978",12,2026-08-17T08:23:42Z,2026-08-18T03:56:25Z,12.2
DT2 9NW,SEPD,PSI,2,"252756,253978",12,2026-08-17T08:23:42Z,2026-08-18T03:56:25Z,12.2
RG41 5PG,SEPD,LV,1,TU9715,26,2026-08-13T02:46:54Z,2026-08-13T14:47:49Z,12.02
RG41 5PN,SEPD,LV,1,TU9715,26,2026-08-13T02:46:54Z,2026-08-13T14:47:49Z,12.02
RG41 5PQ,SEPD,LV,1,TU9715,26,2026-08-13T02:46:54Z,2026-08-13T14:47:49Z,12.02
RG41 5SN,SEPD,LV,1,TU9715,26,2026-08-13T02:46:54Z,2026-08-13T14:47:49Z,12.02
RG41 5SW,SEPD,LV,1,TU9715,26,2026-08-13T02:46:54Z,2026-08-13T14:47:49Z,12.02
BH16 6DP,SEPD,LV,1,TU9719,14,2026-08-13T00:10:06Z,2026-08-13T12:04:05Z,11.9
BH16 6EG,SEPD,LV,1,TU9719,14,2026-08-13T00:10:06Z,2026-08-13T12:04:05Z,11.9
BH16 6EH,SEPD,LV,1,TU9719,14,2026-08-13T00:10:06Z,2026-08-13T12:04:05Z,11.9
BH16 6EJ,SEPD,LV,1,TU9719,14,2026-08-13T00:10:06Z,2026-08-13T12:04:05Z,11.9
BA14 7AG,SEPD,LV,1,TV4576,34,2026-08-17T06:30:45Z,2026-08-17T18:02:45Z,11.53
BA14 7AU,SEPD,LV,1,TV4576,34,2026-08-17T06:30:45Z,2026-08-17T18:02:45Z,11.53
IV28 3UB,SHEPD,PSI,3,"253056,253064,253067",198,2026-08-12T18:07:32Z,2026-08-17T16:00:25Z,11.51
BH21 7JX,SEPD,PSI,2,"253546,253547",115,2026-08-12T11:42:00Z,2026-08-13T15:44:00Z,11.3
SO50 7LQ,SEPD,LV,1,TV5835,22,2026-08-17T23:29:59Z,2026-08-18T10:37:14Z,11.12
SO50 7LR,SEPD,LV,1,TV5835,22,2026-08-17T23:29:59Z,2026-08-18T10:37:14Z,11.12
SO50 7LT,SEPD,LV,1,TV5835,22,2026-08-17T23:29:59Z,2026-08-18T10:37:14Z,11.12
SO50 7LX,SEPD,LV,1,TV5835,22,2026-08-17T23:29:59Z,2026-08-18T10:37:14Z,11.12
SO50 7NA,SEPD,LV,1,TV5835,22,2026-08-17T23:29:59Z,2026-08-18T10:37:14Z,11.12
BH21 7DB,SEPD,PSI,2,"253748,253751",17,2026-08-17T08:23:42Z,2026-08-18T15:39:55Z,10.97
BH23 8BW,SEPD,LV,1,TV5044,17,2026-08-17T10:39:57Z,2026-08-17T21:35:11Z,10.92
BH23 8NA,SEPD,LV,1,TV5044,17,2026-08-17T10:39:57Z,2026-08-17T21:35:11Z,10.92
BH23 8NF,SEPD,LV,1,TV5044,17,2026-08-17T10:39:57Z,2026-08-17T21:35:11Z,10.92
BH21 3RG,SEPD,"LV,HV",2,"TV7393,TV7434",1341,2026-08-19T01:45:39Z,2026-08-19T11:42:00Z,10.75
BH21 3RH,SEPD,"LV,HV",2,"TV7393,TV7434",1341,2026-08-19T01:45:39Z,2026-08-19T11:42:00Z,10.75
BH21 3RJ,SEPD,"LV,HV",2,"TV7393,TV7434",1341,2026-08-19T01:45:39Z,2026-08-19T11:42:00Z,10.75
BH21 3RQ,SEPD,"LV,HV",2,"TV7393,TV7434",1341,2026-08-19T01:45:39Z,2026-08-19T11:42:00Z,10.75
IV7 8ED,SHEPD,PSI,1,253649,17,2026-08-13T06:06:10Z,2026-08-13T16:41:00Z,10.58
RG8 0RB,SEPD,"HV,LV",3,"TV2849,TV3730,TV5926",1022,2026-08-15T06:51:18Z,2026-08-18T06:18:43Z,10.26
RG8 0RW,SEPD,"HV,LV",3,"TV2849,TV3730,TV5926",1022,2026-08-15T06:51:18Z,2026-08-18T06:18:43Z,10.26
RG8 0SA,SEPD,"HV,LV",3,"TV2849,TV3730,TV5926",1022,2026-08-15T06:51:18Z,2026-08-18T06:18:43Z,10.26
SL3 9AA,SEPD,LV,1,TV4514,41,2026-08-17T01:48:55Z,2026-08-17T11:58:37Z,10.16
SL3 9AP,SEPD,LV,1,TV4514,41,2026-08-17T01:48:55Z,2026-08-17T11:58:37Z,10.16
SL3 9AX,SEPD,LV,1,TV4514,41,2026-08-17T01:48:55Z,2026-08-17T11:58:37Z,10.16
SL3 9AY,SEPD,LV,1,TV4514,41,2026-08-17T01:48:55Z,2026-08-17T11:58:37Z,10.16
SL3 9AZ,SEPD,LV,1,TV4514,41,2026-08-17T01:48:55Z,2026-08-17T11:58:37Z,10.16
SL3 9BE,SEPD,LV,1,TV4514,41,2026-08-17T01:48:55Z,2026-08-17T11:58:37Z,10.16
SL3 9BG,SEPD,LV,1,TV4514,41,2026-08-17T01:48:55Z,2026-08-17T11:58:37Z,10.16
SL3 9BQ,SEPD,LV,1,TV4514,41,2026-08-17T01:48:55Z,2026-08-17T11:58:37Z,10.16
RG22 4HU,SEPD,LV,1,TV2806,34,2026-08-15T05:32:40Z,2026-08-15T15:40:16Z,10.13
RG22 4HX,SEPD,LV,1,TV2806,34,2026-08-15T05:32:40Z,2026-08-15T15:40:16Z,10.13
SO40 2GN,SEPD,LV,1,TU9787,23,2026-08-13T04:41:30Z,2026-08-13T14:47:49Z,10.11
SO40 2GP,SEPD,LV,1,TU9787,23,2026-08-13T04:41:30Z,2026-08-13T14:47:49Z,10.11
SO40 2SF,SEPD,LV,1,TU9787,23,2026-08-13T04:41:30Z,2026-08-13T14:47:49Z,10.11
SN3 2FW,SEPD,LV,2,"TV2784,TV7034",83,2026-08-15T04:22:44Z,2026-08-19T07:47:42Z,10.1
SN3 2PN,SEPD,LV,2,"TV2784,TV7034",83,2026-08-15T04:22:44Z,2026-08-19T07:47:42Z,10.1
SN3 2PR,SEPD,LV,2,"TV2784,TV7034",83,2026-08-15T04:22:44Z,2026-08-19T07:47:42Z,10.1
SN3 2PW,SEPD,LV,2,"TV2784,TV7034",83,2026-08-15T04:22:44Z,2026-08-19T07:47:42Z,10.1
BH20 5PU,SEPD,HV,1,TV6674,12,2026-08-18T11:01:30Z,2026-08-18T20:55:12Z,9.89
DT2 8DW,SEPD,HV,1,TV6674,12,2026-08-18T11:01:30Z,2026-08-18T20:55:12Z,9.89
BA7 7DL,SEPD,LV,1,TV2769,6,2026-08-15T03:03:39Z,2026-08-15T12:54:42Z,9.85
PO30 5TD,SEPD,PSI,2,"253759,253763",8,2026-08-16T07:44:25Z,2026-08-18T15:39:55Z,9.77
PO30 5TE,SEPD,PSI,2,"253759,253763",8,2026-08-16T07:44:25Z,2026-08-18T15:39:55Z,9.77
PO21 2FE,SEPD,LV,1,TV7121,31,2026-08-18T16:02:41Z,2026-08-19T01:45:39Z,9.72
PO21 2RB,SEPD,LV,1,TV7121,31,2026-08-18T16:02:41Z,2026-08-19T01:45:39Z,9.72
PO21 2RD,SEPD,LV,1,TV7121,31,2026-08-18T16:02:41Z,2026-08-19T01:45:39Z,9.72
PO21 2RE,SEPD,LV,1,TV7121,31,2026-08-18T16:02:41Z,2026-08-19T01:45:39Z,9.72
PO21 2RF,SEPD,LV,1,TV7121,31,2026-08-18T16:02:41Z,2026-08-19T01:45:39Z,9.72
PO21 2RG,SEPD,LV,1,TV7121,31,2026-08-18T16:02:41Z,2026-08-19T01:45:39Z,9.72
PO21 2RQ,SEPD,LV,1,TV7121,31,2026-08-18T16:02:41Z,2026-08-19T01:45:39Z,9.72
PO21 2YQ,SEPD,LV,1,TV7121,31,2026-08-18T16:02:41Z,2026-08-19T01:45:39Z,9.72
OX4 3BW,SEPD,LV,1,TU9798,24,2026-08-13T06:06:10Z,2026-08-13T15:44:00Z,9.63
OX4 3JL,SEPD,LV,1,TU9798,24,2026-08-13T06:06:10Z,2026-08-13T15:44:00Z,9.63
OX4 3LF,SEPD,LV,1,TU9798,24,2026-08-13T06:06:10Z,2026-08-13T15:44:00Z,9.63
OX4 3LN,SEPD,LV,1,TU9798,24,2026-08-13T06:06:10Z,2026-08-13T15:44:00Z,9.63
OX4 3NE,SEPD,LV,1,TU9798,24,2026-08-13T06:06:10Z,2026-08-13T15:44:00Z,9.63
PA32 8YE,SHEPD,"LV,HV",2,"TV7336,TV8032",94,2026-08-18T22:43:54Z,2026-08-19T11:42:00Z,9.56
PA32 8YF,SHEPD,"LV,HV",2,"TV7336,TV8032",94,2026-08-18T22:43:54Z,2026-08-19T11:42:00Z,9.56
RG6 3XA,SEPD,LV,1,TV1512,36,2026-08-14T04:27:53Z,2026-08-14T13:56:33Z,9.48
RG6 3XB,SEPD,LV,1,TV1512,36,2026-08-14T04:27:53Z,2026-08-14T13:56:33Z,9.48
RG6 3XD,SEPD,LV,1,TV1512,36,2026-08-14T04:27:53Z,2026-08-14T13:56:33Z,9.48
RG6 3XE,SEPD,LV,1,TV1512,36,2026-08-14T04:27:53Z,2026-08-14T13:56:33Z,9.48
RG6 3XF,SEPD,LV,1,TV1512,36,2026-08-14T04:27:53Z,2026-08-14T13:56:33Z,9.48
RG6 3XG,SEPD,LV,1,TV1512,36,2026-08-14T04:27:53Z,2026-08-14T13:56:33Z,9.48
AB35 5PY,SHEPD,"LV,HV",2,"TU9708,TV3355",509,2026-08-13T10:18:13Z,2026-08-15T15:40:16Z,9.44
AB35 5YD,SHEPD,"LV,HV",2,"TU9708,TV3355",509,2026-08-13T10:18:13Z,2026-08-15T15:40:16Z,9.44
AB35 5YP,SHEPD,"LV,HV",2,"TU9708,TV3355",509,2026-08-13T10:18:13Z,2026-08-15T15:40:16Z,9.44
AB35 5YR,SHEPD,"LV,HV",2,"TU9708,TV3355",509,2026-08-13T10:18:13Z,2026-08-15T15:40:16Z,9.44
PO30 2NA,SEPD,PSI,2,"253050,253054",7,2026-08-12T11:42:00Z,2026-08-13T13:45:21Z,9.32
PO30 2NE,SEPD,PSI,2,"253050,253054",7,2026-08-12T11:42:00Z,2026-08-13T13:45:21Z,9.32
PA66 6BL,SHEPD,LV,1,TV4167,14,2026-08-16T17:29:32Z,2026-08-17T02:48:58Z,9.32
SP2 8AR,SEPD,LV,1,TV1412,21,2026-08-14T07:44:18Z,2026-08-14T17:02:08Z,9.3
SP2 8QA,SEPD,LV,1,TV1412,21,2026-08-14T07:44:18Z,2026-08-14T17:02:08Z,9.3
SP2 8QB,SEPD,LV,1,TV1412,21,2026-08-14T07:44:18Z,2026-08-14T17:02:08Z,9.3
RG8 0QZ,SEPD,LV,1,TV3730,32,2026-08-16T08:12:10Z,2026-08-16T17:29:32Z,9.29
RG8 0RD,SEPD,LV,1,TV3730,32,2026-08-16T08:12:10Z,2026-08-16T17:29:32Z,9.29
RG8 0RH,SEPD,LV,1,TV3730,32,2026-08-16T08:12:10Z,2026-08-16T17:29:32Z,9.29
RG8 0RJ,SEPD,LV,1,TV3730,32,2026-08-16T08:12:10Z,2026-08-16T17:29:32Z,9.29
RG8 0RQ,SEPD,LV,1,TV3730,32,2026-08-16T08:12:10Z,2026-08-16T17:29:32Z,9.29
RG8 0RS,SEPD,LV,1,TV3730,32,2026-08-16T08:12:10Z,2026-08-16T17:29:32Z,9.29
RG8 0RZ,SEPD,LV,1,TV3730,32,2026-08-16T08:12:10Z,2026-08-16T17:29:32Z,9.29
RG8 0SL,SEPD,LV,1,TV3730,32,2026-08-16T08:12:10Z,2026-08-16T17:29:32Z,9.29
BH16 6AF,SEPD,HV,2,"TV7433,TV7434",1374,2026-08-19T02:45:45Z,2026-08-19T11:11:48Z,9.24
BH16 6AG,SEPD,HV,2,"TV7433,TV7434",1374,2026-08-19T02:45:45Z,2026-08-19T11:11:48Z,9.24
BH16 6AL,SEPD,HV,2,"TV7433,TV7434",1374,2026-08-19T02:45:45Z,2026-08-19T11:11:48Z,9.24
BH16 6BZ,SEPD,HV,2,"TV7433,TV7434",1374,2026-08-19T02:45:45Z,2026-08-19T11:11:48Z,9.24
BH16 6DA,SEPD,HV,2,"TV7433,TV7434",1374,2026-08-19T02:45:45Z,2026-08-19T11:11:48Z,9.24
BH20 7DL,SEPD,HV,2,"TV7433,TV7434",1374,2026-08-19T02:45:45Z,2026-08-19T11:11:48Z,9.24
BH1 3BL,SEPD,LV,1,TV0534,18,2026-08-13T14:47:49Z,2026-08-13T23:57:16Z,9.16
BH1 3RG,SEPD,LV,1,TV0534,18,2026-08-13T14:47:49Z,2026-08-13T23:57:16Z,9.16
BH1 3RJ,SEPD,LV,1,TV0534,18,2026-08-13T14:47:49Z,2026-08-13T23:57:16Z,9.16
BH1 3SH,SEPD,LV,1,TV0534,18,2026-08-13T14:47:49Z,2026-08-13T23:57:16Z,9.16
BH1 3SJ,SEPD,LV,1,TV0534,18,2026-08-13T14:47:49Z,2026-08-13T23:57:16Z,9.16
RG28 7JN,SEPD,LV,2,"TV4545,TV8101",58,2026-08-17T01:48:55Z,2026-08-19T11:42:00Z,9.1
RG28 7JR,SEPD,LV,2,"TV4545,TV8101",58,2026-08-17T01:48:55Z,2026-08-19T11:42:00Z,9.1
RG28 7JS,SEPD,LV,2,"TV4545,TV8101",58,2026-08-17T01:48:55Z,2026-08-19T11:42:00Z,9.1
RG28 7JT,SEPD,LV,2,"TV4545,TV8101",58,2026-08-17T01:48:55Z,2026-08-19T11:42:00Z,9.1
RG28 7JU,SEPD,LV,2,"TV4545,TV8101",58,2026-08-17T01:48:55Z,2026-08-19T11:42:00Z,9.1
RG28 7JW,SEPD,LV,2,"TV4545,TV8101",58,2026-08-17T01:48:55Z,2026-08-19T11:42:00Z,9.1
RG28 7JX,SEPD,LV,2,"TV4545,TV8101",58,2026-08-17T01:48:55Z,2026-08-19T11:42:00Z,9.1
BH15 4JA,SEPD,LV,1,TU7977,13,2026-08-12T15:06:57Z,2026-08-13T00:10:06Z,9.05
SO41 5SQ,SEPD,HV,3,"TV6682,TV6694,TV7437",407,2026-08-18T11:01:30Z,2026-08-19T11:42:00Z,8.94
SO41 5SR,SEPD,HV,3,"TV6682,TV6694,TV7437",407,2026-08-18T11:01:30Z,2026-08-19T11:42:00Z,8.94
SO42 7XA,SEPD,HV,3,"TV6682,TV6694,TV7437",407,2026-08-18T11:01:30Z,2026-08-19T11:42:00Z,8.94
SO42 7XD,SEPD,HV,3,"TV6682,TV6694,TV7437",407,2026-08-18T11:01:30Z,2026-08-19T11:42:00Z,8.94
SO42 7XE,SEPD,HV,3,"TV6682,TV6694,TV7437",407,2026-08-18T11:01:30Z,2026-08-19T11:42:00Z,8.94
SO42 7XF,SEPD,HV,3,"TV6682,TV6694,TV7437",407,2026-08-18T11:01:30Z,2026-08-19T11:42:00Z,8.94
SO42 7XG,SEPD,HV,3,"TV6682,TV6694,TV7437",407,2026-08-18T11:01:30Z,2026-08-19T11:42:00Z,8.94
SO42 7XH,SEPD,HV,3,"TV6682,TV6694,TV7437",407,2026-08-18T11:01:30Z,2026-08-19T11:42:00Z,8.94
SO42 7XJ,SEPD,HV,3,"TV6682,TV6694,TV7437",407,2026-08-18T11:01:30Z,2026-08-19T11:42:00Z,8.94
SO42 7XL,SEPD,HV,3,"TV6682,TV6694,TV7437",407,2026-08-18T11:01:30Z,2026-08-19T11:42:00Z,8.94
SO42 7XN,SEPD,HV,3,"TV6682,TV6694,TV7437",407,2026-08-18T11:01:30Z,2026-08-19T11:42:00Z,8.94
SO42 7XP,SEPD,HV,3,"TV6682,TV6694,TV7437",407,2026-08-18T11:01:30Z,2026-08-19T11:42:00Z,8.94
RG40 2AD,SEPD,LV,1,TV7425,30,2026-08-19T02:45:45Z,2026-08-19T11:42:00Z,8.94
RG41 2AE,SEPD,LV,1,TV7425,30,2026-08-19T02:45:45Z,2026-08-19T11:42:00Z,8.94
RG41 2AF,SEPD,LV,1,TV7425,30,2026-08-19T02:45:45Z,2026-08-19T11:42:00Z,8.94
RG41 2AG,SEPD,LV,1,TV7425,30,2026-08-19T02:45:45Z,2026-08-19T11:42:00Z,8.94
RG41 2AQ,SEPD,LV,1,TV7425,30,2026-08-19T02:45:45Z,2026-08-19T11:42:00Z,8.94
RG41 2BD,SEPD,LV,1,TV7425,30,2026-08-19T02:45:45Z,2026-08-19T11:42:00Z,8.94
SO41 9FE,SEPD,LV,1,TV4215,17,2026-08-16T18:46:02Z,2026-08-17T03:36:47Z,8.85
SO41 9LR,SEPD,LV,1,TV4215,17,2026-08-16T18:46:02Z,2026-08-17T03:36:47Z,8.85
SO41 9LS,SEPD,LV,1,TV4215,17,2026-08-16T18:46:02Z,2026-08-17T03:36:47Z,8.85
HP14 4NE,SEPD,PSI,1,253092,3,2026-08-13T07:51:12Z,2026-08-13T16:41:00Z,8.83
HP14 4RE,SEPD,PSI,1,253092,3,2026-08-13T07:51:12Z,2026-08-13T16:41:00Z,8.83
SN3 5HE,SEPD,LV,1,TV2370,12,2026-08-14T15:59:47Z,2026-08-15T00:42:01Z,8.7
SN3 5HQ,SEPD,LV,1,TV2370,12,2026-08-14T15:59:47Z,2026-08-15T00:42:01Z,8.7
GU15 2AB,SEPD,"PSI,LV",2,"253975,TV3122",51,2026-08-12T11:42:00Z,2026-08-15T15:14:50Z,8.66
GU15 2DU,SEPD,"PSI,LV",2,"253975,TV3122",51,2026-08-12T11:42:00Z,2026-08-15T15:14:50Z,8.66
RG7 5AZ,SEPD,LV,1,TV4106,26,2026-08-16T15:29:24Z,2026-08-16T23:55:39Z,8.44
RG7 5BA,SEPD,LV,1,TV4106,26,2026-08-16T15:29:24Z,2026-08-16T23:55:39Z,8.44
RG7 5BN,SEPD,LV,1,TV4106,26,2026-08-16T15:29:24Z,2026-08-16T23:55:39Z,8.44
RG7 5BS,SEPD,LV,1,TV4106,26,2026-08-16T15:29:24Z,2026-08-16T23:55:39Z,8.44
RG7 5BW,SEPD,LV,1,TV4106,26,2026-08-16T15:29:24Z,2026-08-16T23:55:39Z,8.44
RG7 5DT,SEPD,LV,1,TV4106,26,2026-08-16T15:29:24Z,2026-08-16T23:55:39Z,8.44
RG20 0AJ,SEPD,LV,2,"TU7968,TV1946",10,2026-08-12T11:42:00Z,2026-08-14T10:50:52Z,8.42
RG20 0AL,SEPD,LV,2,"TU7968,TV1946",10,2026-08-12T11:42:00Z,2026-08-14T10:50:52Z,8.42
RG26 5BH,SEPD,PSI,1,253378,252,2026-08-16T07:44:25Z,2026-08-16T16:09:52Z,8.42
RG26 5BJ,SEPD,PSI,1,253378,252,2026-08-16T07:44:25Z,2026-08-16T16:09:52Z,8.42
RG26 5BL,SEPD,PSI,1,253378,252,2026-08-16T07:44:25Z,2026-08-16T16:09:52Z,8.42
RG26 5BN,SEPD,PSI,1,253378,252,2026-08-16T07:44:25Z,2026-08-16T16:09:52Z,8.42
RG26 5BP,SEPD,PSI,1,253378,252,2026-08-16T07:44:25Z,2026-08-16T16:09:52Z,8.42
RG26 5BS,SEPD,PSI,1,253378,252,2026-08-16T07:44:25Z,2026-08-16T16:09:52Z,8.42
RG26 5BW,SEPD,PSI,1,253378,252,2026-08-16T07:44:25Z,2026-08-16T16:09:52Z,8.42
RG26 5DB,SEPD,PSI,1,253378,252,2026-08-16T07:44:25Z,2026-08-16T16:09:52Z,8.42
RG26 5DD,SEPD,PSI,1,253378,252,2026-08-16T07:44:25Z,2026-08-16T16:09:52Z,8.42
RG26 5DE,SEPD,PSI,1,253378,252,2026-08-16T07:44:25Z,2026-08-16T16:09:52Z,8.42
RG26 5DF,SEPD,PSI,1,253378,252,2026-08-16T07:44:25Z,2026-08-16T16:09:52Z,8.42
RG26 5DG,SEPD,PSI,1,253378,252,2026-08-16T07:44:25Z,2026-08-16T16:09:52Z,8.42
RG26 5DJ,SEPD,PSI,1,253378,252,2026-08-16T07:44:25Z,2026-08-16T16:09:52Z,8.42
RG26 5DL,SEPD,PSI,1,253378,252,2026-08-16T07:44:25Z,2026-08-16T16:09:52Z,8.42
RG26 5DQ,SEPD,PSI,1,253378,252,2026-08-16T07:44:25Z,2026-08-16T16:09:52Z,8.42
RG26 5DT,SEPD,PSI,1,253378,252,2026-08-16T07:44:25Z,2026-08-16T16:09:52Z,8.42
RG26 5DW,SEPD,PSI,1,253378,252,2026-08-16T07:44:25Z,2026-08-16T16:09:52Z,8.42
RG26 5EH,SEPD,PSI,1,253378,252,2026-08-16T07:44:25Z,2026-08-16T16:09:52Z,8.42
RG26 5EJ,SEPD,PSI,1,253378,252,2026-08-16T07:44:25Z,2026-08-16T16:09:52Z,8.42
RG26 5EL,SEPD,PSI,1,253378,252,2026-08-16T07:44:25Z,2026-08-16T16:09:52Z,8.42
RG26 5EN,SEPD,PSI,1,253378,252,2026-08-16T07:44:25Z,2026-08-16T16:09:52Z,8.42
RG26 5WW,SEPD,PSI,1,253378,252,2026-08-16T07:44:25Z,2026-08-16T16:09:52Z,8.42
RG26 5ZD,SEPD,PSI,1,253378,252,2026-08-16T07:44:25Z,2026-08-16T16:09:52Z,8.42
RG7 2NH,SEPD,PSI,1,253378,252,2026-08-16T07:44:25Z,2026-08-16T16:09:52Z,8.42
PA65 6AY,SHEPD,PSI,2,"253679,253681",9,2026-08-17T08:23:42Z,2026-08-17T16:00:25Z,8.4
KW10 6ST,SHEPD,PSI,1,253716,34,2026-08-15T08:45:34Z,2026-08-15T16:59:02Z,8.22
PO6 1NB,SEPD,LV,1,TV3459,7,2026-08-15T18:43:04Z,2026-08-16T02:54:59Z,8.2
SN16 0ED,SEPD,LV,1,TV1578,31,2026-08-14T08:52:07Z,2026-08-14T17:02:08Z,8.17
SN16 0EE,SEPD,LV,1,TV1578,31,2026-08-14T08:52:07Z,2026-08-14T17:02:08Z,8.17
SN16 0EF,SEPD,LV,1,TV1578,31,2026-08-14T08:52:07Z,2026-08-14T17:02:08Z,8.17
SN16 0EJ,SEPD,LV,1,TV1578,31,2026-08-14T08:52:07Z,2026-08-14T17:02:08Z,8.17
SN16 0EL,SEPD,LV,1,TV1578,31,2026-08-14T08:52:07Z,2026-08-14T17:02:08Z,8.17
SN16 0EN,SEPD,LV,1,TV1578,31,2026-08-14T08:52:07Z,2026-08-14T17:02:08Z,8.17
SN16 0FH,SEPD,LV,1,TV1578,31,2026-08-14T08:52:07Z,2026-08-14T17:02:08Z,8.17
PO30 3JT,SEPD,LV,1,TV4967,5,2026-08-17T09:57:52Z,2026-08-17T18:02:45Z,8.08
PO30 3LR,SEPD,LV,1,TV4967,5,2026-08-17T09:57:52Z,2026-08-17T18:02:45Z,8.08
HS6 5AA,SHEPD,"PSI,HV",2,"253445,TV3109",53,2026-08-12T11:42:00Z,2026-08-15T15:40:16Z,7.97
HS6 5AE,SHEPD,"PSI,HV",2,"253445,TV3109",53,2026-08-12T11:42:00Z,2026-08-15T15:40:16Z,7.97
HS6 5AF,SHEPD,"PSI,HV",2,"253445,TV3109",53,2026-08-12T11:42:00Z,2026-08-15T15:40:16Z,7.97
HS6 5AG,SHEPD,"PSI,HV",2,"253445,TV3109",53,2026-08-12T11:42:00Z,2026-08-15T15:40:16Z,7.97
HS6 5AP,SHEPD,"PSI,HV",2,"253445,TV3109",53,2026-08-12T11:42:00Z,2026-08-15T15:40:16Z,7.97
HS6 5AW,SHEPD,"PSI,HV",2,"253445,TV3109",53,2026-08-12T11:42:00Z,2026-08-15T15:40:16Z,7.97
OX29 7QB,SEPD,HV,1,TU9089,11,2026-08-12T13:59:51Z,2026-08-12T21:56:58Z,7.95
OX29 7QW,SEPD,HV,1,TU9089,11,2026-08-12T13:59:51Z,2026-08-12T21:56:58Z,7.95
OX29 7RW,SEPD,HV,1,TU9089,11,2026-08-12T13:59:51Z,2026-08-12T21:56:58Z,7.95
BH21 7JY,SEPD,PSI,1,253547,43,2026-08-13T07:51:12Z,2026-08-13T15:44:00Z,7.88
BH21 7JZ,SEPD,PSI,1,253547,43,2026-08-13T07:51:12Z,2026-08-13T15:44:00Z,7.88
BH21 7LA,SEPD,PSI,1,253547,43,2026-08-13T07:51:12Z,2026-08-13T15:44:00Z,7.88
BH21 7LB,SEPD,PSI,1,253547,43,2026-08-13T07:51:12Z,2026-08-13T15:44:00Z,7.88
IV26 2YJ,SHEPD,PSI,2,"254032,254123",152,2026-08-12T11:42:00Z,2026-08-12T16:08:17Z,7.86
IV26 2YL,SHEPD,PSI,2,"254032,254123",152,2026-08-12T11:42:00Z,2026-08-12T16:08:17Z,7.86
PH38 4ND,SHEPD,PSI,2,"252697,253961",28,2026-08-12T11:42:00Z,2026-08-12T16:08:17Z,7.86
PO33 3FG,SEPD,PSI,1,253387,90,2026-08-15T07:49:07Z,2026-08-15T15:40:16Z,7.85
PO33 3SJ,SEPD,PSI,1,253387,90,2026-08-15T07:49:07Z,2026-08-15T15:40:16Z,7.85
PO33 3TE,SEPD,PSI,1,253387,90,2026-08-15T07:49:07Z,2026-08-15T15:40:16Z,7.85
PO33 3TF,SEPD,PSI,1,253387,90,2026-08-15T07:49:07Z,2026-08-15T15:40:16Z,7.85
PO33 4ED,SEPD,PSI,1,253387,90,2026-08-15T07:49:07Z,2026-08-15T15:40:16Z,7.85
PO9 3PY,SEPD,LV,1,TV4579,13,2026-08-17T05:11:16Z,2026-08-17T12:59:19Z,7.8
PO9 3QA,SEPD,LV,1,TV4579,13,2026-08-17T05:11:16Z,2026-08-17T12:59:19Z,7.8
SO19 0SW,SEPD,"HV,LV",2,"TV3971,TV5274",251,2026-08-16T13:58:46Z,2026-08-17T13:45:47Z,7.67
BA12 7JW,SEPD,HV,1,TV4696,5,2026-08-17T07:35:37Z,2026-08-17T15:11:57Z,7.61
BA12 7NW,SEPD,HV,1,TV4696,5,2026-08-17T07:35:37Z,2026-08-17T15:11:57Z,7.61
IV28 3UD,SHEPD,PSI,1,253056,45,2026-08-17T08:23:42Z,2026-08-17T16:00:25Z,7.61
OX2 9PS,SEPD,LV,1,TU7815,7,2026-08-12T11:42:00Z,2026-08-12T19:18:48Z,7.61
OX2 9PT,SEPD,LV,1,TU7815,7,2026-08-12T11:42:00Z,2026-08-12T19:18:48Z,7.61
OX2 9PU,SEPD,LV,1,TU7815,7,2026-08-12T11:42:00Z,2026-08-12T19:18:48Z,7.61
SN15 4PA,SEPD,LV,1,TU7929,10,2026-08-12T11:42:00Z,2026-08-12T19:18:48Z,7.61
SN15 4PE,SEPD,LV,1,TU7929,10,2026-08-12T11:42:00Z,2026-08-12T19:18:48Z,7.61
SN15 4PH,SEPD,LV,1,TU7929,10,2026-08-12T11:42:00Z,2026-08-12T19:18:48Z,7.61
SN15 4PJ,SEPD,LV,1,TU7929,10,2026-08-12T11:42:00Z,2026-08-12T19:18:48Z,7.61
SN15 4PL,SEPD,LV,1,TU7929,10,2026-08-12T11:42:00Z,2026-08-12T19:18:48Z,7.61
SN15 4PW,SEPD,LV,1,TU7929,10,2026-08-12T11:42:00Z,2026-08-12T19:18:48Z,7.61
SN15 4QX,SEPD,LV,1,TU7929,10,2026-08-12T11:42:00Z,2026-08-12T19:18:48Z,7.61
SN15 4TR,SEPD,LV,1,TU7929,10,2026-08-12T11:42:00Z,2026-08-12T19:18:48Z,7.61
RG7,SEPD,HV,2,"TV6839,TV7123",339,2026-08-18T13:01:53Z,2026-08-18T20:55:12Z,7.51
RG7 5QG,SEPD,HV,2,"TV6839,TV7123",339,2026-08-18T13:01:53Z,2026-08-18T20:55:12Z,7.51
RG7 5QH,SEPD,HV,2,"TV6839,TV7123",339,2026-08-18T13:01:53Z,2026-08-18T20:55:12Z,7.51
RG7 5TA,SEPD,HV,2,"TV6839,TV7123",339,2026-08-18T13:01:53Z,2026-08-18T20:55:12Z,7.51
RG7 5TB,SEPD,HV,2,"TV6839,TV7123",339,2026-08-18T13:01:53Z,2026-08-18T20:55:12Z,7.51
RG7 5TG,SEPD,HV,2,"TV6839,TV7123",339,2026-08-18T13:01:53Z,2026-08-18T20:55:12Z,7.51
RG7 5TH,SEPD,HV,2,"TV6839,TV7123",339,2026-08-18T13:01:53Z,2026-08-18T20:55:12Z,7.51
RG7 5TJ,SEPD,HV,2,"TV6839,TV7123",339,2026-08-18T13:01:53Z,2026-08-18T20:55:12Z,7.51
RG7 5TQ,SEPD,HV,2,"TV6839,TV7123",339,2026-08-18T13:01:53Z,2026-08-18T20:55:12Z,7.51
RG7 5TZ,SEPD,HV,2,"TV6839,TV7123",339,2026-08-18T13:01:53Z,2026-08-18T20:55:12Z,7.51
PH1 3QL,SHEPD,HV,1,TV0413,2,2026-08-13T11:14:17Z,2026-08-13T18:40:04Z,7.43
PH1 3RH,SHEPD,HV,1,TV0413,2,2026-08-13T11:14:17Z,2026-08-13T18:40:04Z,7.43
SO50 9ES,SEPD,LV,2,"TU9309,TV5860",23,2026-08-12T16:08:17Z,2026-08-18T04:43:22Z,7.4
BH13,SEPD,LV,1,TV7483,33,2026-08-19T04:21:34Z,2026-08-19T11:42:00Z,7.34
BH13 7BL,SEPD,LV,1,TV7483,33,2026-08-19T04:21:34Z,2026-08-19T11:42:00Z,7.34
BH13 7HD,SEPD,LV,1,TV7483,33,2026-08-19T04:21:34Z,2026-08-19T11:42:00Z,7.34
BH13 7HE,SEPD,LV,1,TV7483,33,2026-08-19T04:21:34Z,2026-08-19T11:42:00Z,7.34
BH13 7HN,SEPD,LV,1,TV7483,33,2026-08-19T04:21:34Z,2026-08-19T11:42:00Z,7.34
BH13 7JS,SEPD,LV,1,TV7483,33,2026-08-19T04:21:34Z,2026-08-19T11:42:00Z,7.34
BH13 7JX,SEPD,LV,1,TV7483,33,2026-08-19T04:21:34Z,2026-08-19T11:42:00Z,7.34
BH13 7LH,SEPD,LV,1,TV7483,33,2026-08-19T04:21:34Z,2026-08-19T11:42:00Z,7.34
BH13 7LP,SEPD,LV,1,TV7483,33,2026-08-19T04:21:34Z,2026-08-19T11:42:00Z,7.34
BH13 7LQ,SEPD,LV,1,TV7483,33,2026-08-19T04:21:34Z,2026-08-19T11:42:00Z,7.34
BH13 7LU,SEPD,LV,1,TV7483,33,2026-08-19T04:21:34Z,2026-08-19T11:42:00Z,7.34
SL7 3PR,SEPD,LV,1,TV5911,32,2026-08-18T05:50:05Z,2026-08-18T13:01:53Z,7.2
SL7 3PS,SEPD,LV,1,TV5911,32,2026-08-18T05:50:05Z,2026-08-18T13:01:53Z,7.2
SL7 3PZ,SEPD,LV,1,TV5911,32,2026-08-18T05:50:05Z,2026-08-18T13:01:53Z,7.2
SL7 3QD,SEPD,LV,1,TV5911,32,2026-08-18T05:50:05Z,2026-08-18T13:01:53Z,7.2
SL7 3QE,SEPD,LV,1,TV5911,32,2026-08-18T05:50:05Z,2026-08-18T13:01:53Z,7.2
SL7 3QF,SEPD,LV,1,TV5911,32,2026-08-18T05:50:05Z,2026-08-18T13:01:53Z,7.2
SL7 3QT,SEPD,LV,1,TV5911,32,2026-08-18T05:50:05Z,2026-08-18T13:01:53Z,7.2
SL7 3QU,SEPD,LV,1,TV5911,32,2026-08-18T05:50:05Z,2026-08-18T13:01:53Z,7.2
BH21 7DA,SEPD,PSI,2,"253748,253798",91,2026-08-17T08:23:42Z,2026-08-19T11:42:00Z,7.1
RG6 5QZ,SEPD,LV,1,TV3411,19,2026-08-15T16:59:02Z,2026-08-16T00:01:20Z,7.04
RG6 5UP,SEPD,LV,1,TV3411,19,2026-08-15T16:59:02Z,2026-08-16T00:01:20Z,7.04
PH1 3JB,SHEPD,PSI,1,253638,8,2026-08-15T08:45:34Z,2026-08-15T15:40:16Z,6.91
PH1 4DL,SHEPD,PSI,1,253638,8,2026-08-15T08:45:34Z,2026-08-15T15:40:16Z,6.91
PH1 4PX,SHEPD,PSI,1,253638,8,2026-08-15T08:45:34Z,2026-08-15T15:40:16Z,6.91
SO31 8BS,SEPD,HV,1,TV3971,238,2026-08-16T13:58:46Z,2026-08-16T20:52:57Z,6.9
SO31 8BT,SEPD,HV,1,TV3971,238,2026-08-16T13:58:46Z,2026-08-16T20:52:57Z,6.9
SO31 8ED,SEPD,HV,1,TV3971,238,2026-08-16T13:58:46Z,2026-08-16T20:52:57Z,6.9
SO31 8ET,SEPD,HV,1,TV3971,238,2026-08-16T13:58:46Z,2026-08-16T20:52:57Z,6.9
SO31 8EW,SEPD,HV,1,TV3971,238,2026-08-16T13:58:46Z,2026-08-16T20:52:57Z,6.9
SO31 8EY,SEPD,HV,1,TV3971,238,2026-08-16T13:58:46Z,2026-08-16T20:52:57Z,6.9
SO31 8EZ,SEPD,HV,1,TV3971,238,2026-08-16T13:58:46Z,2026-08-16T20:52:57Z,6.9
SO31 8FD,SEPD,HV,1,TV3971,238,2026-08-16T13:58:46Z,2026-08-16T20:52:57Z,6.9
SO31 8FE,SEPD,HV,1,TV3971,238,2026-08-16T13:58:46Z,2026-08-16T20:52:57Z,6.9
SO31 8FF,SEPD,HV,1,TV3971,238,2026-08-16T13:58:46Z,2026-08-16T20:52:57Z,6.9
SO31 8FG,SEPD,HV,1,TV3971,238,2026-08-16T13:58:46Z,2026-08-16T20:52:57Z,6.9
SO31 8GD,SEPD,HV,1,TV3971,238,2026-08-16T13:58:46Z,2026-08-16T20:52:57Z,6.9
SO31 8JQ,SEPD,HV,1,TV3971,238,2026-08-16T13:58:46Z,2026-08-16T20:52:57Z,6.9
SN16 0EU,SEPD,"PSI,LV",2,"253411,TV6660",31,2026-08-17T08:23:42Z,2026-08-18T11:01:30Z,6.8
SN16 0EX,SEPD,"PSI,LV",2,"253411,TV6660",31,2026-08-17T08:23:42Z,2026-08-18T11:01:30Z,6.8
SN16 0FJ,SEPD,"PSI,LV",2,"253411,TV6660",31,2026-08-17T08:23:42Z,2026-08-18T11:01:30Z,6.8
RG9 3BT,SEPD,PSI,1,253390,179,2026-08-17T08:23:42Z,2026-08-17T15:11:57Z,6.8
RG9 3EP,SEPD,PSI,1,253390,179,2026-08-17T08:23:42Z,2026-08-17T15:11:57Z,6.8
RG9 3JN,SEPD,PSI,1,253390,179,2026-08-17T08:23:42Z,2026-08-17T15:11:57Z,6.8
RG9 3JP,SEPD,PSI,1,253390,179,2026-08-17T08:23:42Z,2026-08-17T15:11:57Z,6.8
RG9 3JY,SEPD,PSI,1,253390,179,2026-08-17T08:23:42Z,2026-08-17T15:11:57Z,6.8
RG9 3LG,SEPD,PSI,1,253390,179,2026-08-17T08:23:42Z,2026-08-17T15:11:57Z,6.8
RG9 3NX,SEPD,PSI,1,253390,179,2026-08-17T08:23:42Z,2026-08-17T15:11:57Z,6.8
RG9 3PH,SEPD,PSI,1,253390,179,2026-08-17T08:23:42Z,2026-08-17T15:11:57Z,6.8
RG9 4AA,SEPD,PSI,1,253390,179,2026-08-17T08:23:42Z,2026-08-17T15:11:57Z,6.8
RG9 4AB,SEPD,PSI,1,253390,179,2026-08-17T08:23:42Z,2026-08-17T15:11:57Z,6.8
RG9 4AD,SEPD,PSI,1,253390,179,2026-08-17T08:23:42Z,2026-08-17T15:11:57Z,6.8
RG9 4AE,SEPD,PSI,1,253390,179,2026-08-17T08:23:42Z,2026-08-17T15:11:57Z,6.8
RG9 4AF,SEPD,PSI,1,253390,179,2026-08-17T08:23:42Z,2026-08-17T15:11:57Z,6.8
RG9 4AG,SEPD,PSI,1,253390,179,2026-08-17T08:23:42Z,2026-08-17T15:11:57Z,6.8
RG9 4JJ,SEPD,PSI,1,253390,179,2026-08-17T08:23:42Z,2026-08-17T15:11:57Z,6.8
RG9 5PS,SEPD,PSI,1,253390,179,2026-08-17T08:23:42Z,2026-08-17T15:11:57Z,6.8
GU26 6SD,SEPD,LV,2,"TV3096,TV4456",22,2026-08-15T09:42:34Z,2026-08-17T02:48:58Z,6.77
GU26 6TL,SEPD,LV,2,"TV3096,TV4456",22,2026-08-15T09:42:34Z,2026-08-17T02:48:58Z,6.77
GU26 6TN,SEPD,LV,2,"TV3096,TV4456",22,2026-08-15T09:42:34Z,2026-08-17T02:48:58Z,6.77
GU26 6TP,SEPD,LV,2,"TV3096,TV4456",22,2026-08-15T09:42:34Z,2026-08-17T02:48:58Z,6.77
SP3 5LN,SEPD,HV,2,"TV7529,TV7530",232,2026-08-19T04:59:22Z,2026-08-19T11:42:00Z,6.71
SP3 5NH,SEPD,HV,2,"TV7529,TV7530",232,2026-08-19T04:59:22Z,2026-08-19T11:42:00Z,6.71
SP3 5NL,SEPD,HV,2,"TV7529,TV7530",232,2026-08-19T04:59:22Z,2026-08-19T11:42:00Z,6.71
RH14 0JJ,SEPD,HV,2,"TV3215,TV3389",72,2026-08-15T11:27:23Z,2026-08-15T18:43:04Z,6.64
RH14 0JL,SEPD,HV,2,"TV3215,TV3389",72,2026-08-15T11:27:23Z,2026-08-15T18:43:04Z,6.64
RH14 0JN,SEPD,HV,2,"TV3215,TV3389",72,2026-08-15T11:27:23Z,2026-08-15T18:43:04Z,6.64
RH14 0JP,SEPD,HV,2,"TV3215,TV3389",72,2026-08-15T11:27:23Z,2026-08-15T18:43:04Z,6.64
RH14 0NH,SEPD,HV,2,"TV3215,TV3389",72,2026-08-15T11:27:23Z,2026-08-15T18:43:04Z,6.64
RH14 0NJ,SEPD,HV,2,"TV3215,TV3389",72,2026-08-15T11:27:23Z,2026-08-15T18:43:04Z,6.64
SP11 0DD,SEPD,HV,1,TV7447,99,2026-08-19T03:34:22Z,2026-08-19T10:04:43Z,6.51
SP11 0DE,SEPD,HV,1,TV7447,99,2026-08-19T03:34:22Z,2026-08-19T10:04:43Z,6.51
SP11 0DF,SEPD,HV,1,TV7447,99,2026-08-19T03:34:22Z,2026-08-19T10:04:43Z,6.51
SP11 0HG,SEPD,HV,1,TV7447,99,2026-08-19T03:34:22Z,2026-08-19T10:04:43Z,6.51
SP11 0HH,SEPD,HV,1,TV7447,99,2026-08-19T03:34:22Z,2026-08-19T10:04:43Z,6.51
SP11 0HJ,SEPD,HV,1,TV7447,99,2026-08-19T03:34:22Z,2026-08-19T10:04:43Z,6.51
SP11 0HL,SEPD,HV,1,TV7447,99,2026-08-19T03:34:22Z,2026-08-19T10:04:43Z,6.51
SP11 0HP,SEPD,HV,1,TV7447,99,2026-08-19T03:34:22Z,2026-08-19T10:04:43Z,6.51
SP11 0HQ,SEPD,HV,1,TV7447,99,2026-08-19T03:34:22Z,2026-08-19T10:04:43Z,6.51
SP11 0HS,SEPD,HV,1,TV7447,99,2026-08-19T03:34:22Z,2026-08-19T10:04:43Z,6.51
SP11 0HT,SEPD,HV,1,TV7447,99,2026-08-19T03:34:22Z,2026-08-19T10:04:43Z,6.51
SP11 0HW,SEPD,HV,1,TV7447,99,2026-08-19T03:34:22Z,2026-08-19T10:04:43Z,6.51
SP11 0HX,SEPD,HV,1,TV7447,99,2026-08-19T03:34:22Z,2026-08-19T10:04:43Z,6.51
UB5 6AG,SEPD,PSI,1,254266,2,2026-08-15T21:28:16Z,2026-08-16T03:54:09Z,6.43
BH21 3EE,SEPD,"PSI,HV",2,"252463,TV7434",1390,2026-08-18T08:47:30Z,2026-08-19T03:34:22Z,6.4
BH21 3EF,SEPD,"PSI,HV",2,"252463,TV7434",1390,2026-08-18T08:47:30Z,2026-08-19T03:34:22Z,6.4
BH21 3HA,SEPD,"PSI,HV",2,"252463,TV7434",1390,2026-08-18T08:47:30Z,2026-08-19T03:34:22Z,6.4
BA9 8ES,SEPD,PSI,1,253487,64,2026-08-17T08:23:42Z,2026-08-17T14:47:23Z,6.39
BA9 8HA,SEPD,PSI,1,253487,64,2026-08-17T08:23:42Z,2026-08-17T14:47:23Z,6.39
BA9 8HB,SEPD,PSI,1,253487,64,2026-08-17T08:23:42Z,2026-08-17T14:47:23Z,6.39
BA9 8HD,SEPD,PSI,1,253487,64,2026-08-17T08:23:42Z,2026-08-17T14:47:23Z,6.39
BA9 8HE,SEPD,PSI,1,253487,64,2026-08-17T08:23:42Z,2026-08-17T14:47:23Z,6.39
BA9 8HH,SEPD,PSI,1,253487,64,2026-08-17T08:23:42Z,2026-08-17T14:47:23Z,6.39
BA9 8HR,SEPD,PSI,1,253487,64,2026-08-17T08:23:42Z,2026-08-17T14:47:23Z,6.39
BA9 8HY,SEPD,PSI,1,253487,64,2026-08-17T08:23:42Z,2026-08-17T14:47:23Z,6.39
BA9 8HZ,SEPD,PSI,1,253487,64,2026-08-17T08:23:42Z,2026-08-17T14:47:23Z,6.39
BA9 8JR,SEPD,PSI,1,253487,64,2026-08-17T08:23:42Z,2026-08-17T14:47:23Z,6.39
DT11 8PF,SEPD,HV,2,"TV7392,TV7647",1818,2026-08-19T04:21:34Z,2026-08-19T11:42:00Z,6.37
DT11 8PG,SEPD,HV,2,"TV7392,TV7647",1818,2026-08-19T04:21:34Z,2026-08-19T11:42:00Z,6.37
DT11 8RA,SEPD,HV,2,"TV7392,TV7647",1818,2026-08-19T04:21:34Z,2026-08-19T11:42:00Z,6.37
DT11 8RB,SEPD,HV,2,"TV7392,TV7647",1818,2026-08-19T04:21:34Z,2026-08-19T11:42:00Z,6.37
KW17 2AA,SHEPD,PSI,1,253844,16,2026-08-18T09:17:56Z,2026-08-18T15:39:55Z,6.37
PH2 8NN,SHEPD,LV,1,TV3182,5,2026-08-15T11:27:23Z,2026-08-15T17:49:23Z,6.37
DD3 6RX,SHEPD,LV,1,TV3511,3,2026-08-15T20:37:24Z,2026-08-16T02:54:59Z,6.29
DD3 6SH,SHEPD,LV,1,TV3511,3,2026-08-15T20:37:24Z,2026-08-16T02:54:59Z,6.29
DD3 8DH,SHEPD,LV,1,TV3511,3,2026-08-15T20:37:24Z,2026-08-16T02:54:59Z,6.29
PO1 5AD,SEPD,LV,1,TV3947,35,2026-08-16T13:38:51Z,2026-08-16T19:53:48Z,6.25
PO1 5AL,SEPD,LV,1,TV3947,35,2026-08-16T13:38:51Z,2026-08-16T19:53:48Z,6.25
PO1 5AN,SEPD,LV,1,TV3947,35,2026-08-16T13:38:51Z,2026-08-16T19:53:48Z,6.25
PO1 5AP,SEPD,LV,1,TV3947,35,2026-08-16T13:38:51Z,2026-08-16T19:53:48Z,6.25
PO1 5AS,SEPD,LV,1,TV3947,35,2026-08-16T13:38:51Z,2026-08-16T19:53:48Z,6.25
PO1 5BL,SEPD,LV,1,TV3947,35,2026-08-16T13:38:51Z,2026-08-16T19:53:48Z,6.25
PO1 5BN,SEPD,LV,1,TV3947,35,2026-08-16T13:38:51Z,2026-08-16T19:53:48Z,6.25
PO1 5BP,SEPD,LV,1,TV3947,35,2026-08-16T13:38:51Z,2026-08-16T19:53:48Z,6.25
PO1 5FE,SEPD,LV,1,TV3947,35,2026-08-16T13:38:51Z,2026-08-16T19:53:48Z,6.25
OX25 2NJ,SEPD,HV,1,TV0988,5,2026-08-13T17:43:17Z,2026-08-13T23:57:16Z,6.23
OX25 2NL,SEPD,HV,1,TV0988,5,2026-08-13T17:43:17Z,2026-08-13T23:57:16Z,6.23
OX25 2PT,SEPD,HV,1,TV0988,5,2026-08-13T17:43:17Z,2026-08-13T23:57:16Z,6.23
AB53 5YN,SHEPD,PSI,1,252403,20,2026-08-18T08:47:30Z,2026-08-18T15:00:13Z,6.21
AB53 5YP,SHEPD,PSI,1,252403,20,2026-08-18T08:47:30Z,2026-08-18T15:00:13Z,6.21
AB53 5YR,SHEPD,PSI,1,252403,20,2026-08-18T08:47:30Z,2026-08-18T15:00:13Z,6.21
AB53 5YS,SHEPD,PSI,1,252403,20,2026-08-18T08:47:30Z,2026-08-18T15:00:13Z,6.21
AB53 5YT,SHEPD,PSI,1,252403,20,2026-08-18T08:47:30Z,2026-08-18T15:00:13Z,6.21
AB53 6YQ,SHEPD,PSI,1,252403,20,2026-08-18T08:47:30Z,2026-08-18T15:00:13Z,6.21
DT3 4LB,SEPD,PSI,1,253414,38,2026-08-18T08:47:30Z,2026-08-18T15:00:13Z,6.21
DT3 6EF,SEPD,PSI,1,253414,38,2026-08-18T08:47:30Z,2026-08-18T15:00:13Z,6.21
DT3 6HA,SEPD,PSI,1,253414,38,2026-08-18T08:47:30Z,2026-08-18T15:00:13Z,6.21
DT3 6HD,SEPD,PSI,1,253414,38,2026-08-18T08:47:30Z,2026-08-18T15:00:13Z,6.21
DT3 6HE,SEPD,PSI,1,253414,38,2026-08-18T08:47:30Z,2026-08-18T15:00:13Z,6.21
DT3 6HF,SEPD,PSI,1,253414,38,2026-08-18T08:47:30Z,2026-08-18T15:00:13Z,6.21
DT3 6HG,SEPD,PSI,1,253414,38,2026-08-18T08:47:30Z,2026-08-18T15:00:13Z,6.21
DT3 6HQ,SEPD,PSI,1,253414,38,2026-08-18T08:47:30Z,2026-08-18T15:00:13Z,6.21
FK8 3TH,SHEPD,PSI,1,254005,28,2026-08-18T08:47:30Z,2026-08-18T15:00:13Z,6.21
FK8 3TJ,SHEPD,PSI,1,254005,28,2026-08-18T08:47:30Z,2026-08-18T15:00:13Z,6.21
FK8 3TL,SHEPD,PSI,1,254005,28,2026-08-18T08:47:30Z,2026-08-18T15:00:13Z,6.21
GU34,SEPD,PSI,1,252629,106,2026-08-18T08:47:30Z,2026-08-18T15:00:13Z,6.21
GU34 2LR,SEPD,PSI,1,252629,106,2026-08-18T08:47:30Z,2026-08-18T15:00:13Z,6.21
GU34 4BN,SEPD,PSI,1,252629,106,2026-08-18T08:47:30Z,2026-08-18T15:00:13Z,6.21
GU34 4BP,SEPD,PSI,1,252629,106,2026-08-18T08:47:30Z,2026-08-18T15:00:13Z,6.21
GU34 4BS,SEPD,PSI,1,252629,106,2026-08-18T08:47:30Z,2026-08-18T15:00:13Z,6.21
GU34 4BT,SEPD,PSI,1,252629,106,2026-08-18T08:47:30Z,2026-08-18T15:00:13Z,6.21
GU34 4BU,SEPD,PSI,1,252629,106,2026-08-18T08:47:30Z,2026-08-18T15:00:13Z,6.21
GU34 4BW,SEPD,PSI,1,252629,106,2026-08-18T08:47:30Z,2026-08-18T15:00:13Z,6.21
GU34 4FG,SEPD,PSI,1,252629,106,2026-08-18T08:47:30Z,2026-08-18T15:00:13Z,6.21
OX44 7AW,SEPD,PSI,1,253148,258,2026-08-18T08:47:30Z,2026-08-18T15:00:13Z,6.21
OX44 7HX,SEPD,PSI,1,253148,258,2026-08-18T08:47:30Z,2026-08-18T15:00:13Z,6.21
OX44 7HY,SEPD,PSI,1,253148,258,2026-08-18T08:47:30Z,2026-08-18T15:00:13Z,6.21
OX44 7HZ,SEPD,PSI,1,253148,258,2026-08-18T08:47:30Z,2026-08-18T15:00:13Z,6.21
OX44 7JA,SEPD,PSI,1,253148,258,2026-08-18T08:47:30Z,2026-08-18T15:00:13Z,6.21
OX44 7JD,SEPD,PSI,1,253148,258,2026-08-18T08:47:30Z,2026-08-18T15:00:13Z,6.21
OX44 7JH,SEPD,PSI,1,253148,258,2026-08-18T08:47:30Z,2026-08-18T15:00:13Z,6.21
OX44 7NE,SEPD,PSI,1,253148,258,2026-08-18T08:47:30Z,2026-08-18T15:00:13Z,6.21
OX44 7NF,SEPD,PSI,1,253148,258,2026-08-18T08:47:30Z,2026-08-18T15:00:13Z,6.21
OX44 7NH,SEPD,PSI,1,253148,258,2026-08-18T08:47:30Z,2026-08-18T15:00:13Z,6.21
OX44 7NJ,SEPD,PSI,1,253148,258,2026-08-18T08:47:30Z,2026-08-18T15:00:13Z,6.21
OX44 7NL,SEPD,PSI,1,253148,258,2026-08-18T08:47:30Z,2026-08-18T15:00:13Z,6.21
OX44 7NP,SEPD,PSI,1,253148,258,2026-08-18T08:47:30Z,2026-08-18T15:00:13Z,6.21
OX44 7NQ,SEPD,PSI,1,253148,258,2026-08-18T08:47:30Z,2026-08-18T15:00:13Z,6.21
OX44 7NS,SEPD,PSI,1,253148,258,2026-08-18T08:47:30Z,2026-08-18T15:00:13Z,6.21
OX44 7NT,SEPD,PSI,1,253148,258,2026-08-18T08:47:30Z,2026-08-18T15:00:13Z,6.21
OX44 7NU,SEPD,PSI,1,253148,258,2026-08-18T08:47:30Z,2026-08-18T15:00:13Z,6.21
OX44 7NX,SEPD,PSI,1,253148,258,2026-08-18T08:47:30Z,2026-08-18T15:00:13Z,6.21
OX44 7NY,SEPD,PSI,1,253148,258,2026-08-18T08:47:30Z,2026-08-18T15:00:13Z,6.21
OX44 7NZ,SEPD,PSI,1,253148,258,2026-08-18T08:47:30Z,2026-08-18T15:00:13Z,6.21
OX44 7PA,SEPD,PSI,1,253148,258,2026-08-18T08:47:30Z,2026-08-18T15:00:13Z,6.21
OX44 7PB,SEPD,PSI,1,253148,258,2026-08-18T08:47:30Z,2026-08-18T15:00:13Z,6.21
OX44 7PH,SEPD,PSI,1,253148,258,2026-08-18T08:47:30Z,2026-08-18T15:00:13Z,6.21
OX44 7PJ,SEPD,PSI,1,253148,258,2026-08-18T08:47:30Z,2026-08-18T15:00:13Z,6.21
OX44 7PL,SEPD,PSI,1,253148,258,2026-08-18T08:47:30Z,2026-08-18T15:00:13Z,6.21
OX44 7PN,SEPD,PSI,1,253148,258,2026-08-18T08:47:30Z,2026-08-18T15:00:13Z,6.21
OX44 7UB,SEPD,PSI,1,253148,258,2026-08-18T08:47:30Z,2026-08-18T15:00:13Z,6.21
PH15 2NH,SHEPD,PSI,1,254153,10,2026-08-18T08:47:30Z,2026-08-18T15:00:13Z,6.21
PO20 2AB,SEPD,PSI,1,253589,196,2026-08-18T08:47:30Z,2026-08-18T15:00:13Z,6.21
PO20 2BP,SEPD,PSI,1,253589,196,2026-08-18T08:47:30Z,2026-08-18T15:00:13Z,6.21
PO20 2BT,SEPD,PSI,1,253589,196,2026-08-18T08:47:30Z,2026-08-18T15:00:13Z,6.21
PO20 2BU,SEPD,PSI,1,253589,196,2026-08-18T08:47:30Z,2026-08-18T15:00:13Z,6.21
PO20 2BX,SEPD,PSI,1,253589,196,2026-08-18T08:47:30Z,2026-08-18T15:00:13Z,6.21
PO20 2BY,SEPD,PSI,1,253589,196,2026-08-18T08:47:30Z,2026-08-18T15:00:13Z,6.21
PO20 2DA,SEPD,PSI,1,253589,196,2026-08-18T08:47:30Z,2026-08-18T15:00:13Z,6.21
PO20 2DD,SEPD,PSI,1,253589,196,2026-08-18T08:47:30Z,2026-08-18T15:00:13Z,6.21
PO20 2DE,SEPD,PSI,1,253589,196,2026-08-18T08:47:30Z,2026-08-18T15:00:13Z,6.21
PO20 2DG,SEPD,PSI,1,253589,196,2026-08-18T08:47:30Z,2026-08-18T15:00:13Z,6.21
PO20 2DH,SEPD,PSI,1,253589,196,2026-08-18T08:47:30Z,2026-08-18T15:00:13Z,6.21
PO20 2DJ,SEPD,PSI,1,253589,196,2026-08-18T08:47:30Z,2026-08-18T15:00:13Z,6.21
PO20 2DL,SEPD,PSI,1,253589,196,2026-08-18T08:47:30Z,2026-08-18T15:00:13Z,6.21
PO20 2DN,SEPD,PSI,1,253589,196,2026-08-18T08:47:30Z,2026-08-18T15:00:13Z,6.21
PO20 2DP,SEPD,PSI,1,253589,196,2026-08-18T08:47:30Z,2026-08-18T15:00:13Z,6.21
PO20 2DQ,SEPD,PSI,1,253589,196,2026-08-18T08:47:30Z,2026-08-18T15:00:13Z,6.21
PO20 2DW,SEPD,PSI,1,253589,196,2026-08-18T08:47:30Z,2026-08-18T15:00:13Z,6.21
PO20 2FH,SEPD,PSI,1,253589,196,2026-08-18T08:47:30Z,2026-08-18T15:00:13Z,6.21
PO20 2NN,SEPD,PSI,1,253589,196,2026-08-18T08:47:30Z,2026-08-18T15:00:13Z,6.21
RG20 0HA,SEPD,PSI,1,253587,59,2026-08-18T08:47:30Z,2026-08-18T15:00:13Z,6.21
RG20 0HB,SEPD,PSI,1,253587,59,2026-08-18T08:47:30Z,2026-08-18T15:00:13Z,6.21
RG20 0HD,SEPD,PSI,1,253587,59,2026-08-18T08:47:30Z,2026-08-18T15:00:13Z,6.21
RG20 0HG,SEPD,PSI,1,253587,59,2026-08-18T08:47:30Z,2026-08-18T15:00:13Z,6.21
RG20 0JU,SEPD,PSI,1,253587,59,2026-08-18T08:47:30Z,2026-08-18T15:00:13Z,6.21
RG20 0JX,SEPD,PSI,1,253587,59,2026-08-18T08:47:30Z,2026-08-18T15:00:13Z,6.21
RG20 0JY,SEPD,PSI,1,253587,59,2026-08-18T08:47:30Z,2026-08-18T15:00:13Z,6.21
RG20 0LA,SEPD,PSI,1,253587,59,2026-08-18T08:47:30Z,2026-08-18T15:00:13Z,6.21
RG23 8PF,SEPD,PSI,1,253907,8,2026-08-18T08:47:30Z,2026-08-18T15:00:13Z,6.21
RG26 5RH,SEPD,PSI,1,253907,8,2026-08-18T08:47:30Z,2026-08-18T15:00:13Z,6.21
RG26 5TD,SEPD,PSI,1,253907,8,2026-08-18T08:47:30Z,2026-08-18T15:00:13Z,6.21
SP5 2PU,SEPD,PSI,1,254226,35,2026-08-18T08:47:30Z,2026-08-18T15:00:13Z,6.21
SP5 2PX,SEPD,PSI,1,254226,35,2026-08-18T08:47:30Z,2026-08-18T15:00:13Z,6.21
SP6 2NP,SEPD,PSI,1,254226,35,2026-08-18T08:47:30Z,2026-08-18T15:00:13Z,6.21
SP6 2NR,SEPD,PSI,1,254226,35,2026-08-18T08:47:30Z,2026-08-18T15:00:13Z,6.21
SP6 2NS,SEPD,PSI,1,254226,35,2026-08-18T08:47:30Z,2026-08-18T15:00:13Z,6.21
SP6 2NT,SEPD,PSI,1,254226,35,2026-08-18T08:47:30Z,2026-08-18T15:00:13Z,6.21
BA11 5EN,SEPD,PSI,1,253380,16,2026-08-14T08:52:07Z,2026-08-14T15:00:01Z,6.13
BA11 5ES,SEPD,PSI,1,253380,16,2026-08-14T08:52:07Z,2026-08-14T15:00:01Z,6.13
BA11 5EW,SEPD,PSI,1,253380,16,2026-08-14T08:52:07Z,2026-08-14T15:00:01Z,6.13
SO45 1BD,SEPD,PSI,1,253151,12,2026-08-14T08:52:07Z,2026-08-14T15:00:01Z,6.13
SO45 1BE,SEPD,PSI,1,253151,12,2026-08-14T08:52:07Z,2026-08-14T15:00:01Z,6.13
SO45 1TW,SEPD,PSI,1,253151,12,2026-08-14T08:52:07Z,2026-08-14T15:00:01Z,6.13
RG23 7EU,SEPD,PSI,1,253595,49,2026-08-16T08:48:15Z,2026-08-16T14:53:47Z,6.09
RG23 7EX,SEPD,PSI,1,253595,49,2026-08-16T08:48:15Z,2026-08-16T14:53:47Z,6.09
RG23 7EY,SEPD,PSI,1,253595,49,2026-08-16T08:48:15Z,2026-08-16T14:53:47Z,6.09
RG23 7HE,SEPD,PSI,1,253595,49,2026-08-16T08:48:15Z,2026-08-16T14:53:47Z,6.09
RG23 7HF,SEPD,PSI,1,253595,49,2026-08-16T08:48:15Z,2026-08-16T14:53:47Z,6.09
GU7 1XY,SEPD,LV,1,TV7524,12,2026-08-19T05:38:25Z,2026-08-19T11:42:00Z,6.06
GU7 1YA,SEPD,LV,1,TV7524,12,2026-08-19T05:38:25Z,2026-08-19T11:42:00Z,6.06
SL0 0LU,SEPD,HV,1,TV2950,23,2026-08-15T06:51:18Z,2026-08-15T12:54:42Z,6.06
SL0 0LX,SEPD,HV,1,TV2950,23,2026-08-15T06:51:18Z,2026-08-15T12:54:42Z,6.06
SL3 6DE,SEPD,HV,1,TV2950,23,2026-08-15T06:51:18Z,2026-08-15T12:54:42Z,6.06
SL3 6DG,SEPD,HV,1,TV2950,23,2026-08-15T06:51:18Z,2026-08-15T12:54:42Z,6.06
HP10 9RN,SEPD,HV,1,TU9809,61,2026-08-13T06:06:10Z,2026-08-13T12:04:05Z,5.97
HP10 9RP,SEPD,HV,1,TU9809,61,2026-08-13T06:06:10Z,2026-08-13T12:04:05Z,5.97
HP10 9RR,SEPD,HV,1,TU9809,61,2026-08-13T06:06:10Z,2026-08-13T12:04:05Z,5.97
HP10 9RW,SEPD,HV,1,TU9809,61,2026-08-13T06:06:10Z,2026-08-13T12:04:05Z,5.97
PO30 2NB,SEPD,PSI,1,253054,5,2026-08-13T07:51:12Z,2026-08-13T13:45:21Z,5.9
SO50 4ET,SEPD,LV,1,TU9309,8,2026-08-12T16:08:17Z,2026-08-12T21:56:58Z,5.81
SO50 4NU,SEPD,LV,1,TU9309,8,2026-08-12T16:08:17Z,2026-08-12T21:56:58Z,5.81
SO50 4ZD,SEPD,LV,1,TU9309,8,2026-08-12T16:08:17Z,2026-08-12T21:56:58Z,5.81
SO50 4ZR,SEPD,LV,1,TU9309,8,2026-08-12T16:08:17Z,2026-08-12T21:56:58Z,5.81
SO50 9SG,SEPD,LV,1,TU9309,8,2026-08-12T16:08:17Z,2026-08-12T21:56:58Z,5.81
BH21 7JH,SEPD,PSI,1,253747,6,2026-08-15T07:49:07Z,2026-08-15T13:36:40Z,5.79
BH21 7JJ,SEPD,PSI,1,253747,6,2026-08-15T07:49:07Z,2026-08-15T13:36:40Z,5.79
PA28 6SE,SHEPD,HV,1,TV3911,2,2026-08-16T13:00:57Z,2026-08-16T18:46:02Z,5.75
PA29 6YQ,SHEPD,HV,1,TV3911,2,2026-08-16T13:00:57Z,2026-08-16T18:46:02Z,5.75
SN2 6YP,SEPD,LV,1,TV5983,6,2026-08-18T09:17:56Z,2026-08-18T15:00:13Z,5.7
SN2 8UN,SEPD,LV,1,TV5983,6,2026-08-18T09:17:56Z,2026-08-18T15:00:13Z,5.7
SN2 8YZ,SEPD,LV,1,TV5983,6,2026-08-18T09:17:56Z,2026-08-18T15:00:13Z,5.7
PO8 0LE,SEPD,PSI,1,254210,25,2026-08-16T09:13:03Z,2026-08-16T14:53:47Z,5.68
PO8 0LR,SEPD,PSI,1,254210,25,2026-08-16T09:13:03Z,2026-08-16T14:53:47Z,5.68
PO8 0NP,SEPD,PSI,1,254210,25,2026-08-16T09:13:03Z,2026-08-16T14:53:47Z,5.68
PO8 0NR,SEPD,PSI,1,254210,25,2026-08-16T09:13:03Z,2026-08-16T14:53:47Z,5.68
HS6 5AR,SHEPD,HV,1,TV3109,33,2026-08-15T10:00:12Z,2026-08-15T15:40:16Z,5.67
PH1 1QL,SHEPD,HV,1,TV0413,2,2026-08-13T12:04:05Z,2026-08-13T17:43:17Z,5.65
PH1 1QN,SHEPD,HV,1,TV0413,2,2026-08-13T12:04:05Z,2026-08-13T17:43:17Z,5.65
PH1 3NE,SHEPD,HV,1,TV0413,2,2026-08-13T12:04:05Z,2026-08-13T17:43:17Z,5.65
PH1 3PU,SHEPD,HV,1,TV0413,2,2026-08-13T12:04:05Z,2026-08-13T17:43:17Z,5.65
PH1 3QE,SHEPD,HV,1,TV0413,2,2026-08-13T12:04:05Z,2026-08-13T17:43:17Z,5.65
PH1 3QF,SHEPD,HV,1,TV0413,2,2026-08-13T12:04:05Z,2026-08-13T17:43:17Z,5.65
PH1 3SS,SHEPD,HV,1,TV0413,2,2026-08-13T12:04:05Z,2026-08-13T17:43:17Z,5.65
PO20 7LU,SEPD,"LV,HV",3,"TV0227,TV0641,TV0689",80,2026-08-13T10:18:13Z,2026-08-13T18:40:04Z,5.63
PO20 7LX,SEPD,"LV,HV",3,"TV0227,TV0641,TV0689",80,2026-08-13T10:18:13Z,2026-08-13T18:40:04Z,5.63
PO20 7NB,SEPD,"LV,HV",3,"TV0227,TV0641,TV0689",80,2026-08-13T10:18:13Z,2026-08-13T18:40:04Z,5.63
PO20 7ND,SEPD,"LV,HV",3,"TV0227,TV0641,TV0689",80,2026-08-13T10:18:13Z,2026-08-13T18:40:04Z,5.63
IV28 3XE,SHEPD,PSI,2,"253044,253064",181,2026-08-12T11:42:00Z,2026-08-12T19:18:48Z,5.63
IV28 3XG,SHEPD,PSI,2,"253044,253064",181,2026-08-12T11:42:00Z,2026-08-12T19:18:48Z,5.63
IV28 3YF,SHEPD,PSI,2,"253044,253064",181,2026-08-12T11:42:00Z,2026-08-12T19:18:48Z,5.63
OX3 9UP,SEPD,HV,2,"TV0580,TV0710",29,2026-08-13T13:45:21Z,2026-08-13T20:25:01Z,5.62
OX3 9UR,SEPD,HV,2,"TV0580,TV0710",29,2026-08-13T13:45:21Z,2026-08-13T20:25:01Z,5.62
AB56 1XR,SHEPD,PSI,1,254230,82,2026-08-18T08:47:30Z,2026-08-18T14:22:42Z,5.59
AB56 5BS,SHEPD,PSI,1,254230,82,2026-08-18T08:47:30Z,2026-08-18T14:22:42Z,5.59
AB56 5GA,SHEPD,PSI,1,254230,82,2026-08-18T08:47:30Z,2026-08-18T14:22:42Z,5.59
AB56 5QN,SHEPD,PSI,1,254230,82,2026-08-18T08:47:30Z,2026-08-18T14:22:42Z,5.59
AB56 5QQ,SHEPD,PSI,1,254230,82,2026-08-18T08:47:30Z,2026-08-18T14:22:42Z,5.59
AB56 5QR,SHEPD,PSI,1,254230,82,2026-08-18T08:47:30Z,2026-08-18T14:22:42Z,5.59
AB56 5RU,SHEPD,PSI,1,254230,82,2026-08-18T08:47:30Z,2026-08-18T14:22:42Z,5.59
AB56 5RW,SHEPD,PSI,1,254230,82,2026-08-18T08:47:30Z,2026-08-18T14:22:42Z,5.59
DT2 9HD,SEPD,PSI,1,253856,10,2026-08-18T08:47:30Z,2026-08-18T14:22:42Z,5.59
SN4 9PB,SEPD,"PSI,LV",2,"253356,TU9536",177,2026-08-12T11:42:00Z,2026-08-12T19:18:48Z,5.48
SN4 9PD,SEPD,"PSI,LV",2,"253356,TU9536",177,2026-08-12T11:42:00Z,2026-08-12T19:18:48Z,5.48
SN4 9PE,SEPD,"PSI,LV",2,"253356,TU9536",177,2026-08-12T11:42:00Z,2026-08-12T19:18:48Z,5.48
SN4 9PF,SEPD,"PSI,LV",2,"253356,TU9536",177,2026-08-12T11:42:00Z,2026-08-12T19:18:48Z,5.48
SN4 9PA,SEPD,PSI,1,253356,170,2026-08-12T11:42:00Z,2026-08-12T17:10:55Z,5.48
SN4 9PG,SEPD,PSI,1,253356,170,2026-08-12T11:42:00Z,2026-08-12T17:10:55Z,5.48
SN4 9PN,SEPD,PSI,1,253356,170,2026-08-12T11:42:00Z,2026-08-12T17:10:55Z,5.48
SN4 9PQ,SEPD,PSI,1,253356,170,2026-08-12T11:42:00Z,2026-08-12T17:10:55Z,5.48
SN4 9PR,SEPD,PSI,1,253356,170,2026-08-12T11:42:00Z,2026-08-12T17:10:55Z,5.48
SN4 9PS,SEPD,PSI,1,253356,170,2026-08-12T11:42:00Z,2026-08-12T17:10:55Z,5.48
SN4 9PT,SEPD,PSI,1,253356,170,2026-08-12T11:42:00Z,2026-08-12T17:10:55Z,5.48
IV7 8EG,SHEPD,PSI,1,253653,17,2026-08-13T10:18:13Z,2026-08-13T15:44:00Z,5.43
IV7 8EQ,SHEPD,PSI,1,253653,17,2026-08-13T10:18:13Z,2026-08-13T15:44:00Z,5.43
AB41 7DD,SHEPD,PSI,2,"252406,252409",23,2026-08-13T12:04:05Z,2026-08-14T12:27:54Z,5.29
PH22 1RP,SHEPD,"PSI,LV",2,"253574,TV4567",9,2026-08-17T06:30:45Z,2026-08-19T11:42:00Z,5.27
RG1 2AG,SEPD,PSI,1,253398,2,2026-08-17T09:57:52Z,2026-08-17T15:11:57Z,5.23
RG1 7RH,SEPD,PSI,1,253398,2,2026-08-17T09:57:52Z,2026-08-17T15:11:57Z,5.23
DD2 2SB,SHEPD,LV,3,"TV3921,TV6083,TV6638",63,2026-08-16T13:00:57Z,2026-08-18T13:01:53Z,5.21
DD2 2SG,SHEPD,LV,3,"TV3921,TV6083,TV6638",63,2026-08-16T13:00:57Z,2026-08-18T13:01:53Z,5.21
DD2 2SS,SHEPD,LV,3,"TV3921,TV6083,TV6638",63,2026-08-16T13:00:57Z,2026-08-18T13:01:53Z,5.21
DD2 2ST,SHEPD,LV,3,"TV3921,TV6083,TV6638",63,2026-08-16T13:00:57Z,2026-08-18T13:01:53Z,5.21
DD2 2SX,SHEPD,LV,3,"TV3921,TV6083,TV6638",63,2026-08-16T13:00:57Z,2026-08-18T13:01:53Z,5.21
DD2 2TH,SHEPD,LV,3,"TV3921,TV6083,TV6638",63,2026-08-16T13:00:57Z,2026-08-18T13:01:53Z,5.21
SN14 7EX,SEPD,PSI,1,252763,22,2026-08-16T08:48:15Z,2026-08-16T13:58:46Z,5.18
SN14 7HZ,SEPD,PSI,1,252763,22,2026-08-16T08:48:15Z,2026-08-16T13:58:46Z,5.18
SN14 7JA,SEPD,PSI,1,252763,22,2026-08-16T08:48:15Z,2026-08-16T13:58:46Z,5.18
BH20 5QL,SEPD,LV,1,TV2778,2,2026-08-15T06:51:18Z,2026-08-15T12:01:27Z,5.17
RG21,SEPD,PSI,1,251666,71,2026-08-13T21:24:51Z,2026-08-14T02:34:31Z,5.16
RG21 7BB,SEPD,PSI,1,251666,71,2026-08-13T21:24:51Z,2026-08-14T02:34:31Z,5.16
RG21 7BE,SEPD,PSI,1,251666,71,2026-08-13T21:24:51Z,2026-08-14T02:34:31Z,5.16
RG21 7BF,SEPD,PSI,1,251666,71,2026-08-13T21:24:51Z,2026-08-14T02:34:31Z,5.16
RG21 7JS,SEPD,PSI,1,251666,71,2026-08-13T21:24:51Z,2026-08-14T02:34:31Z,5.16
RG21 7JT,SEPD,PSI,1,251666,71,2026-08-13T21:24:51Z,2026-08-14T02:34:31Z,5.16
RG21 7JU,SEPD,PSI,1,251666,71,2026-08-13T21:24:51Z,2026-08-14T02:34:31Z,5.16
RG21 7JY,SEPD,PSI,1,251666,71,2026-08-13T21:24:51Z,2026-08-14T02:34:31Z,5.16
RG21 7LJ,SEPD,PSI,1,251666,71,2026-08-13T21:24:51Z,2026-08-14T02:34:31Z,5.16
RG21 7LL,SEPD,PSI,1,251666,71,2026-08-13T21:24:51Z,2026-08-14T02:34:31Z,5.16
RG21 7LN,SEPD,PSI,1,251666,71,2026-08-13T21:24:51Z,2026-08-14T02:34:31Z,5.16
RG21 7LS,SEPD,PSI,1,251666,71,2026-08-13T21:24:51Z,2026-08-14T02:34:31Z,5.16
PO20 7LG,SEPD,HV,1,TV3283,53,2026-08-15T13:36:40Z,2026-08-15T18:43:04Z,5.11
PO20 7LH,SEPD,HV,1,TV3283,53,2026-08-15T13:36:40Z,2026-08-15T18:43:04Z,5.11
PO20 7LJ,SEPD,HV,1,TV3283,53,2026-08-15T13:36:40Z,2026-08-15T18:43:04Z,5.11
PO20 7LP,SEPD,HV,1,TV3283,53,2026-08-15T13:36:40Z,2026-08-15T18:43:04Z,5.11
PO20 7LQ,SEPD,HV,1,TV3283,53,2026-08-15T13:36:40Z,2026-08-15T18:43:04Z,5.11
AB54 4AA,SHEPD,HV,1,TV2984,109,2026-08-15T07:49:07Z,2026-08-15T12:54:42Z,5.09
AB54 4RL,SHEPD,HV,1,TV2984,109,2026-08-15T07:49:07Z,2026-08-15T12:54:42Z,5.09
AB54 6AD,SHEPD,HV,1,TV2984,109,2026-08-15T07:49:07Z,2026-08-15T12:54:42Z,5.09
AB54 6AE,SHEPD,HV,1,TV2984,109,2026-08-15T07:49:07Z,2026-08-15T12:54:42Z,5.09
AB54 6AG,SHEPD,HV,1,TV2984,109,2026-08-15T07:49:07Z,2026-08-15T12:54:42Z,5.09
AB54 6AH,SHEPD,HV,1,TV2984,109,2026-08-15T07:49:07Z,2026-08-15T12:54:42Z,5.09
AB54 6AJ,SHEPD,HV,1,TV2984,109,2026-08-15T07:49:07Z,2026-08-15T12:54:42Z,5.09
AB54 6AL,SHEPD,HV,1,TV2984,109,2026-08-15T07:49:07Z,2026-08-15T12:54:42Z,5.09
AB54 6AN,SHEPD,HV,1,TV2984,109,2026-08-15T07:49:07Z,2026-08-15T12:54:42Z,5.09
AB54 6BH,SHEPD,HV,1,TV2984,109,2026-08-15T07:49:07Z,2026-08-15T12:54:42Z,5.09
AB54 6BJ,SHEPD,HV,1,TV2984,109,2026-08-15T07:49:07Z,2026-08-15T12:54:42Z,5.09
AB54 6EA,SHEPD,HV,1,TV2984,109,2026-08-15T07:49:07Z,2026-08-15T12:54:42Z,5.09
AB54 6EH,SHEPD,HV,1,TV2984,109,2026-08-15T07:49:07Z,2026-08-15T12:54:42Z,5.09
AB54 6EJ,SHEPD,HV,1,TV2984,109,2026-08-15T07:49:07Z,2026-08-15T12:54:42Z,5.09
AB54 6EP,SHEPD,HV,1,TV2984,109,2026-08-15T07:49:07Z,2026-08-15T12:54:42Z,5.09
AB54 6ES,SHEPD,HV,1,TV2984,109,2026-08-15T07:49:07Z,2026-08-15T12:54:42Z,5.09
AB54 6ET,SHEPD,HV,1,TV2984,109,2026-08-15T07:49:07Z,2026-08-15T12:54:42Z,5.09
AB54 6EY,SHEPD,HV,1,TV2984,109,2026-08-15T07:49:07Z,2026-08-15T12:54:42Z,5.09
AB54 6HA,SHEPD,HV,1,TV2984,109,2026-08-15T07:49:07Z,2026-08-15T12:54:42Z,5.09
AB54 6HE,SHEPD,HV,1,TV2984,109,2026-08-15T07:49:07Z,2026-08-15T12:54:42Z,5.09
AB54 6HJ,SHEPD,HV,1,TV2984,109,2026-08-15T07:49:07Z,2026-08-15T12:54:42Z,5.09
AB54 6HN,SHEPD,HV,1,TV2984,109,2026-08-15T07:49:07Z,2026-08-15T12:54:42Z,5.09
AB54 6HU,SHEPD,HV,1,TV2984,109,2026-08-15T07:49:07Z,2026-08-15T12:54:42Z,5.09
UB8 2DD,SEPD,LV,2,"TV6111,TV6745",36,2026-08-18T09:17:56Z,2026-08-18T14:22:42Z,5.08
UB8 2DE,SEPD,LV,2,"TV6111,TV6745",36,2026-08-18T09:17:56Z,2026-08-18T14:22:42Z,5.08
UB8 2DR,SEPD,LV,2,"TV6111,TV6745",36,2026-08-18T09:17:56Z,2026-08-18T14:22:42Z,5.08
UB8 2PY,SEPD,LV,2,"TV6111,TV6745",36,2026-08-18T09:17:56Z,2026-08-18T14:22:42Z,5.08
AB43 7FF,SHEPD,PSI,1,253846,2,2026-08-14T08:52:07Z,2026-08-14T13:56:33Z,5.07
BA11,SEPD,PSI,1,253147,108,2026-08-14T08:52:07Z,2026-08-14T13:56:33Z,5.07
BA11 5HD,SEPD,PSI,1,253147,108,2026-08-14T08:52:07Z,2026-08-14T13:56:33Z,5.07
BA11 5HE,SEPD,PSI,1,253147,108,2026-08-14T08:52:07Z,2026-08-14T13:56:33Z,5.07
BA11 5HF,SEPD,PSI,1,253147,108,2026-08-14T08:52:07Z,2026-08-14T13:56:33Z,5.07
BA11 5HG,SEPD,PSI,1,253147,108,2026-08-14T08:52:07Z,2026-08-14T13:56:33Z,5.07
BA11 5HN,SEPD,PSI,1,253147,108,2026-08-14T08:52:07Z,2026-08-14T13:56:33Z,5.07
BA11 5HQ,SEPD,PSI,1,253147,108,2026-08-14T08:52:07Z,2026-08-14T13:56:33Z,5.07
BA11 5HW,SEPD,PSI,1,253147,108,2026-08-14T08:52:07Z,2026-08-14T13:56:33Z,5.07
RG5 4LN,SEPD,HV,1,TV4225,331,2026-08-16T19:10:23Z,2026-08-16T23:55:39Z,4.75
RG5 4LW,SEPD,HV,1,TV4225,331,2026-08-16T19:10:23Z,2026-08-16T23:55:39Z,4.75
BA12 7JU,SEPD,LV,1,TV7453,32,2026-08-19T07:00:11Z,2026-08-19T11:42:00Z,4.7
BA12 8JE,SEPD,LV,1,TV7453,32,2026-08-19T07:00:11Z,2026-08-19T11:42:00Z,4.7
BA12 8JF,SEPD,LV,1,TV7453,32,2026-08-19T07:00:11Z,2026-08-19T11:42:00Z,4.7
BA12 8JG,SEPD,LV,1,TV7453,32,2026-08-19T07:00:11Z,2026-08-19T11:42:00Z,4.7
BA12 8JH,SEPD,LV,1,TV7453,32,2026-08-19T07:00:11Z,2026-08-19T11:42:00Z,4.7
BA12 8JJ,SEPD,LV,1,TV7453,32,2026-08-19T07:00:11Z,2026-08-19T11:42:00Z,4.7
BA12 8JQ,SEPD,LV,1,TV7453,32,2026-08-19T07:00:11Z,2026-08-19T11:42:00Z,4.7
BA12 8JX,SEPD,LV,1,TV7453,32,2026-08-19T07:00:11Z,2026-08-19T11:42:00Z,4.7
BA12 8NL,SEPD,LV,1,TV7453,32,2026-08-19T07:00:11Z,2026-08-19T11:42:00Z,4.7
DD4 8QG,SHEPD,LV,1,TV7628,7,2026-08-19T07:00:11Z,2026-08-19T11:42:00Z,4.7
DD4 8RW,SHEPD,LV,1,TV7628,7,2026-08-19T07:00:11Z,2026-08-19T11:42:00Z,4.7
BH24 3EA,SEPD,PSI,2,"253105,253149",48,2026-08-12T11:42:00Z,2026-08-15T10:00:12Z,4.66
SO24 9TD,SEPD,PSI,2,"253105,253149",48,2026-08-12T11:42:00Z,2026-08-15T10:00:12Z,4.66
SO24 9TE,SEPD,PSI,2,"253105,253149",48,2026-08-12T11:42:00Z,2026-08-15T10:00:12Z,4.66
SN9 6FB,SEPD,PSI,1,253630,65,2026-08-17T08:23:42Z,2026-08-17T12:59:19Z,4.59
SN9 6JS,SEPD,PSI,1,253630,65,2026-08-17T08:23:42Z,2026-08-17T12:59:19Z,4.59
SN9 6JT,SEPD,PSI,1,253630,65,2026-08-17T08:23:42Z,2026-08-17T12:59:19Z,4.59
SN9 6JU,SEPD,PSI,1,253630,65,2026-08-17T08:23:42Z,2026-08-17T12:59:19Z,4.59
SN9 6JX,SEPD,PSI,1,253630,65,2026-08-17T08:23:42Z,2026-08-17T12:59:19Z,4.59
SN9 6JY,SEPD,PSI,1,253630,65,2026-08-17T08:23:42Z,2026-08-17T12:59:19Z,4.59
SN9 6JZ,SEPD,PSI,1,253630,65,2026-08-17T08:23:42Z,2026-08-17T12:59:19Z,4.59
OX33 1JH,SEPD,LV,1,TV2091,4,2026-08-14T12:27:54Z,2026-08-14T17:02:08Z,4.57
AB53 8AT,SHEPD,PSI,1,253462,68,2026-08-13T10:18:13Z,2026-08-13T14:47:49Z,4.49
AB53 8AX,SHEPD,PSI,1,253462,68,2026-08-13T10:18:13Z,2026-08-13T14:47:49Z,4.49
AB53 8AY,SHEPD,PSI,1,253462,68,2026-08-13T10:18:13Z,2026-08-13T14:47:49Z,4.49
AB53 8BA,SHEPD,PSI,1,253462,68,2026-08-13T10:18:13Z,2026-08-13T14:47:49Z,4.49
AB53 8BB,SHEPD,PSI,1,253462,68,2026-08-13T10:18:13Z,2026-08-13T14:47:49Z,4.49
AB53 8BD,SHEPD,PSI,1,253462,68,2026-08-13T10:18:13Z,2026-08-13T14:47:49Z,4.49
AB53 8BG,SHEPD,PSI,1,253462,68,2026-08-13T10:18:13Z,2026-08-13T14:47:49Z,4.49
IV51 9JE,SHEPD,PSI,1,252983,5,2026-08-13T10:18:13Z,2026-08-13T14:47:49Z,4.49
SO40 4UG,SEPD,PSI,1,253159,5,2026-08-13T10:18:13Z,2026-08-13T14:47:49Z,4.49
SO40 4WJ,SEPD,PSI,1,253159,5,2026-08-13T10:18:13Z,2026-08-13T14:47:49Z,4.49
SP7 9AH,SEPD,PSI,1,253293,27,2026-08-13T10:18:13Z,2026-08-13T14:47:49Z,4.49
SP7 9AJ,SEPD,PSI,1,253293,27,2026-08-13T10:18:13Z,2026-08-13T14:47:49Z,4.49
SP7 9AN,SEPD,PSI,1,253293,27,2026-08-13T10:18:13Z,2026-08-13T14:47:49Z,4.49
SP7 9BU,SEPD,PSI,1,253293,27,2026-08-13T10:18:13Z,2026-08-13T14:47:49Z,4.49
PA43 7LW,SHEPD,HV,1,TV6417,3,2026-08-18T09:53:43Z,2026-08-18T14:22:42Z,4.48
PA44 7PZ,SHEPD,HV,1,TV6417,3,2026-08-18T09:53:43Z,2026-08-18T14:22:42Z,4.48
IV28 3UA,SHEPD,PSI,1,253044,33,2026-08-12T11:42:00Z,2026-08-12T16:08:17Z,4.44
KW14 7NE,SHEPD,LV,1,TU7909,9,2026-08-12T11:42:00Z,2026-08-12T16:08:17Z,4.44
KW14 7NG,SHEPD,LV,1,TU7909,9,2026-08-12T11:42:00Z,2026-08-12T16:08:17Z,4.44
KW14 7NQ,SHEPD,LV,1,TU7909,9,2026-08-12T11:42:00Z,2026-08-12T16:08:17Z,4.44
KW14 7QB,SHEPD,LV,1,TU7909,9,2026-08-12T11:42:00Z,2026-08-12T16:08:17Z,4.44
BH22 0BB,SEPD,LV,1,TV5086,27,2026-08-18T13:51:36Z,2026-08-18T18:15:41Z,4.4
BH22 0BH,SEPD,LV,1,TV5086,27,2026-08-18T13:51:36Z,2026-08-18T18:15:41Z,4.4
BH22 0BJ,SEPD,LV,1,TV5086,27,2026-08-18T13:51:36Z,2026-08-18T18:15:41Z,4.4
BH22 0BL,SEPD,LV,1,TV5086,27,2026-08-18T13:51:36Z,2026-08-18T18:15:41Z,4.4
BH22 0BQ,SEPD,LV,1,TV5086,27,2026-08-18T13:51:36Z,2026-08-18T18:15:41Z,4.4
BH22 0FB,SEPD,LV,1,TV5086,27,2026-08-18T13:51:36Z,2026-08-18T18:15:41Z,4.4
BH22 0GA,SEPD,LV,1,TV5086,27,2026-08-18T13:51:36Z,2026-08-18T18:15:41Z,4.4
RG5 3BG,SEPD,HV,1,TV4225,331,2026-08-16T19:33:38Z,2026-08-16T23:55:39Z,4.37
RG5 3DB,SEPD,HV,1,TV4225,331,2026-08-16T19:33:38Z,2026-08-16T23:55:39Z,4.37
RG5 4LE,SEPD,HV,1,TV4225,331,2026-08-16T19:33:38Z,2026-08-16T23:55:39Z,4.37
RG5 4LF,SEPD,HV,1,TV4225,331,2026-08-16T19:33:38Z,2026-08-16T23:55:39Z,4.37
RG5 4LG,SEPD,HV,1,TV4225,331,2026-08-16T19:33:38Z,2026-08-16T23:55:39Z,4.37
RG5 4LH,SEPD,HV,1,TV4225,331,2026-08-16T19:33:38Z,2026-08-16T23:55:39Z,4.37
RG5 4LJ,SEPD,HV,1,TV4225,331,2026-08-16T19:33:38Z,2026-08-16T23:55:39Z,4.37
RG5 4LL,SEPD,HV,1,TV4225,331,2026-08-16T19:33:38Z,2026-08-16T23:55:39Z,4.37
RG5 4LT,SEPD,HV,1,TV4225,331,2026-08-16T19:33:38Z,2026-08-16T23:55:39Z,4.37
RG5 4LY,SEPD,HV,1,TV4225,331,2026-08-16T19:33:38Z,2026-08-16T23:55:39Z,4.37
RG5 4LZ,SEPD,HV,1,TV4225,331,2026-08-16T19:33:38Z,2026-08-16T23:55:39Z,4.37
RG5 4NA,SEPD,HV,1,TV4225,331,2026-08-16T19:33:38Z,2026-08-16T23:55:39Z,4.37
RG5 4NB,SEPD,HV,1,TV4225,331,2026-08-16T19:33:38Z,2026-08-16T23:55:39Z,4.37
AB41 8TL,SHEPD,PSI,2,"252412,252433",41,2026-08-13T10:18:13Z,2026-08-19T11:42:00Z,4.32
AB53 6TL,SHEPD,PSI,2,"252412,252433",41,2026-08-13T10:18:13Z,2026-08-19T11:42:00Z,4.32
TW7 4DD,SEPD,LV,2,"TV4487,TV5464",56,2026-08-16T23:55:39Z,2026-08-17T16:37:51Z,4.32
TW7 4DE,SEPD,LV,2,"TV4487,TV5464",56,2026-08-16T23:55:39Z,2026-08-17T16:37:51Z,4.32
TW7 4JA,SEPD,LV,2,"TV4487,TV5464",56,2026-08-16T23:55:39Z,2026-08-17T16:37:51Z,4.32
TW7 4JB,SEPD,LV,2,"TV4487,TV5464",56,2026-08-16T23:55:39Z,2026-08-17T16:37:51Z,4.32
TW7 4JD,SEPD,LV,2,"TV4487,TV5464",56,2026-08-16T23:55:39Z,2026-08-17T16:37:51Z,4.32
TW7 4JE,SEPD,LV,2,"TV4487,TV5464",56,2026-08-16T23:55:39Z,2026-08-17T16:37:51Z,4.32
TW7 4JR,SEPD,LV,2,"TV4487,TV5464",56,2026-08-16T23:55:39Z,2026-08-17T16:37:51Z,4.32
TW7 4PA,SEPD,LV,2,"TV4487,TV5464",56,2026-08-16T23:55:39Z,2026-08-17T16:37:51Z,4.32
TW7 4PB,SEPD,LV,2,"TV4487,TV5464",56,2026-08-16T23:55:39Z,2026-08-17T16:37:51Z,4.32
TW7 4RL,SEPD,LV,2,"TV4487,TV5464",56,2026-08-16T23:55:39Z,2026-08-17T16:37:51Z,4.32
TW7 4RN,SEPD,LV,2,"TV4487,TV5464",56,2026-08-16T23:55:39Z,2026-08-17T16:37:51Z,4.32
TW7 5HJ,SEPD,LV,2,"TV4487,TV5464",56,2026-08-16T23:55:39Z,2026-08-17T16:37:51Z,4.32
AB43 8TN,SHEPD,HV,1,TV3602,35,2026-08-16T03:54:09Z,2026-08-16T08:12:10Z,4.3
AB43 8TP,SHEPD,HV,1,TV3602,35,2026-08-16T03:54:09Z,2026-08-16T08:12:10Z,4.3
AB43 8TQ,SHEPD,HV,1,TV3602,35,2026-08-16T03:54:09Z,2026-08-16T08:12:10Z,4.3
AB43 8TR,SHEPD,HV,1,TV3602,35,2026-08-16T03:54:09Z,2026-08-16T08:12:10Z,4.3
AB43 8TS,SHEPD,HV,1,TV3602,35,2026-08-16T03:54:09Z,2026-08-16T08:12:10Z,4.3
AB43 8UR,SHEPD,HV,1,TV3602,35,2026-08-16T03:54:09Z,2026-08-16T08:12:10Z,4.3
AB43 8UX,SHEPD,HV,1,TV3602,35,2026-08-16T03:54:09Z,2026-08-16T08:12:10Z,4.3
AB43 8XA,SHEPD,HV,1,TV3602,35,2026-08-16T03:54:09Z,2026-08-16T08:12:10Z,4.3
BA12 6LY,SEPD,LV,1,TV6817,15,2026-08-18T15:39:55Z,2026-08-18T19:57:03Z,4.29
BA12 6NA,SEPD,LV,1,TV6817,15,2026-08-18T15:39:55Z,2026-08-18T19:57:03Z,4.29
BA12 6NB,SEPD,LV,1,TV6817,15,2026-08-18T15:39:55Z,2026-08-18T19:57:03Z,4.29
BA12 6NJ,SEPD,LV,1,TV6817,15,2026-08-18T15:39:55Z,2026-08-18T19:57:03Z,4.29
BA12 6NQ,SEPD,LV,1,TV6817,15,2026-08-18T15:39:55Z,2026-08-18T19:57:03Z,4.29
BA12 6NY,SEPD,LV,1,TV6817,15,2026-08-18T15:39:55Z,2026-08-18T19:57:03Z,4.29
BA12 6PG,SEPD,LV,1,TV6817,15,2026-08-18T15:39:55Z,2026-08-18T19:57:03Z,4.29
OX25 4AA,SEPD,PSI,1,253165,5,2026-08-18T08:47:30Z,2026-08-18T13:01:53Z,4.24
OX26 1RT,SEPD,PSI,1,253165,5,2026-08-18T08:47:30Z,2026-08-18T13:01:53Z,4.24
SL6 9EB,SEPD,PSI,1,253693,37,2026-08-18T08:47:30Z,2026-08-18T13:01:53Z,4.24
SL6 9ED,SEPD,PSI,1,253693,37,2026-08-18T08:47:30Z,2026-08-18T13:01:53Z,4.24
SL6 9EE,SEPD,PSI,1,253693,37,2026-08-18T08:47:30Z,2026-08-18T13:01:53Z,4.24
SL6 9LF,SEPD,PSI,1,253693,37,2026-08-18T08:47:30Z,2026-08-18T13:01:53Z,4.24
HP14 4UN,SEPD,LV,1,TV1125,4,2026-08-13T19:44:22Z,2026-08-13T23:57:16Z,4.22
OX11 8BJ,SEPD,PSI,1,253993,7,2026-08-13T07:51:12Z,2026-08-13T12:04:05Z,4.21
OX11 8BL,SEPD,PSI,1,253993,7,2026-08-13T07:51:12Z,2026-08-13T12:04:05Z,4.21
OX11 8PX,SEPD,PSI,1,253993,7,2026-08-13T07:51:12Z,2026-08-13T12:04:05Z,4.21
SL2 5GE,SEPD,LV,1,TU9800,45,2026-08-13T06:06:10Z,2026-08-13T10:18:13Z,4.2
SL2 5GF,SEPD,LV,1,TU9800,45,2026-08-13T06:06:10Z,2026-08-13T10:18:13Z,4.2
GL7 5QD,SEPD,HV,1,TV4178,15,2026-08-16T17:29:32Z,2026-08-16T21:39:10Z,4.16
GL7 6HU,SEPD,HV,1,TV4178,15,2026-08-16T17:29:32Z,2026-08-16T21:39:10Z,4.16
BH21 4JD,SEPD,PSI,1,253537,33,2026-08-14T10:50:52Z,2026-08-14T15:00:01Z,4.15
BH21 4JH,SEPD,PSI,1,253537,33,2026-08-14T10:50:52Z,2026-08-14T15:00:01Z,4.15
BH21 4JJ,SEPD,PSI,1,253537,33,2026-08-14T10:50:52Z,2026-08-14T15:00:01Z,4.15
BH21 4JN,SEPD,PSI,1,253537,33,2026-08-14T10:50:52Z,2026-08-14T15:00:01Z,4.15
BH21 4JQ,SEPD,PSI,1,253537,33,2026-08-14T10:50:52Z,2026-08-14T15:00:01Z,4.15
BH21 4JS,SEPD,PSI,1,253537,33,2026-08-14T10:50:52Z,2026-08-14T15:00:01Z,4.15
BH21 4JT,SEPD,PSI,1,253537,33,2026-08-14T10:50:52Z,2026-08-14T15:00:01Z,4.15
SO32 1GD,SEPD,PSI,1,253597,17,2026-08-15T08:45:34Z,2026-08-15T12:54:42Z,4.15
SO32 2QR,SEPD,PSI,1,253597,17,2026-08-15T08:45:34Z,2026-08-15T12:54:42Z,4.15
PO19 1NB,SEPD,LV,2,"TV4738,TV5193",14,2026-08-17T11:58:37Z,2026-08-17T17:02:52Z,4.06
PO19 1ND,SEPD,LV,2,"TV4738,TV5193",14,2026-08-17T11:58:37Z,2026-08-17T17:02:52Z,4.06
PO19 1NH,SEPD,LV,2,"TV4738,TV5193",14,2026-08-17T11:58:37Z,2026-08-17T17:02:52Z,4.06
PO19 1NJ,SEPD,LV,2,"TV4738,TV5193",14,2026-08-17T11:58:37Z,2026-08-17T17:02:52Z,4.06
PO19 1NL,SEPD,LV,2,"TV4738,TV5193",14,2026-08-17T11:58:37Z,2026-08-17T17:02:52Z,4.06
PO19 1NS,SEPD,LV,2,"TV4738,TV5193",14,2026-08-17T11:58:37Z,2026-08-17T17:02:52Z,4.06
DD8 1DX,SHEPD,LV,2,"TV5682,TV6553",10,2026-08-17T18:53:52Z,2026-08-18T10:37:14Z,4.02
RG12 8YG,SEPD,"PSI,LV",2,"252989,TV3487",19,2026-08-15T19:32:57Z,2026-08-16T23:09:35Z,4.01
RG4,SEPD,"PSI,LV",2,"252989,TV3487",19,2026-08-15T19:32:57Z,2026-08-16T23:09:35Z,4.01
RG40 3DP,SEPD,"PSI,LV",2,"252989,TV3487",19,2026-08-15T19:32:57Z,2026-08-16T23:09:35Z,4.01
RG40 3DR,SEPD,"PSI,LV",2,"252989,TV3487",19,2026-08-15T19:32:57Z,2026-08-16T23:09:35Z,4.01
RG40 3DT,SEPD,"PSI,LV",2,"252989,TV3487",19,2026-08-15T19:32:57Z,2026-08-16T23:09:35Z,4.01
RG1 1DX,SEPD,LV,1,TV3650,16,2026-08-16T05:12:48Z,2026-08-16T09:13:03Z,4.0
RG1 1HN,SEPD,LV,1,TV3650,16,2026-08-16T05:12:48Z,2026-08-16T09:13:03Z,4.0
RG1 1PA,SEPD,LV,1,TV3650,16,2026-08-16T05:12:48Z,2026-08-16T09:13:03Z,4.0
RG1 1PF,SEPD,LV,1,TV3650,16,2026-08-16T05:12:48Z,2026-08-16T09:13:03Z,4.0
RG1 1PR,SEPD,LV,1,TV3650,16,2026-08-16T05:12:48Z,2026-08-16T09:13:03Z,4.0
DD8 1BG,SHEPD,LV,2,"TU9471,TU9474",27,2026-08-12T18:07:32Z,2026-08-12T20:07:06Z,3.98
IV30 1SY,SHEPD,LV,1,TV6636,9,2026-08-18T11:01:30Z,2026-08-18T15:00:13Z,3.98
IV30 1SZ,SHEPD,LV,1,TV6636,9,2026-08-18T11:01:30Z,2026-08-18T15:00:13Z,3.98
BA14 9HL,SEPD,LV,1,TU9730,8,2026-08-13T13:45:21Z,2026-08-13T17:43:17Z,3.97
BA14 9HX,SEPD,LV,1,TU9730,8,2026-08-13T13:45:21Z,2026-08-13T17:43:17Z,3.97
PO20 1PU,SEPD,HV,1,TV2457,126,2026-08-14T15:59:47Z,2026-08-14T19:55:14Z,3.92
PO20 1PX,SEPD,HV,1,TV2457,126,2026-08-14T15:59:47Z,2026-08-14T19:55:14Z,3.92
PO20 1PY,SEPD,HV,1,TV2457,126,2026-08-14T15:59:47Z,2026-08-14T19:55:14Z,3.92
PO20 1PZ,SEPD,HV,1,TV2457,126,2026-08-14T15:59:47Z,2026-08-14T19:55:14Z,3.92
PO20 1SP,SEPD,HV,1,TV2457,126,2026-08-14T15:59:47Z,2026-08-14T19:55:14Z,3.92
BH21 7DJ,SEPD,PSI,1,253798,77,2026-08-19T07:47:42Z,2026-08-19T11:42:00Z,3.9
BH21 7DL,SEPD,PSI,1,253798,77,2026-08-19T07:47:42Z,2026-08-19T11:42:00Z,3.9
BH21 7DN,SEPD,PSI,1,253798,77,2026-08-19T07:47:42Z,2026-08-19T11:42:00Z,3.9
BH21 7DP,SEPD,PSI,1,253798,77,2026-08-19T07:47:42Z,2026-08-19T11:42:00Z,3.9
BH21 7DW,SEPD,PSI,1,253798,77,2026-08-19T07:47:42Z,2026-08-19T11:42:00Z,3.9
BH21 7EB,SEPD,PSI,1,253798,77,2026-08-19T07:47:42Z,2026-08-19T11:42:00Z,3.9
PA20,SHEPD,PSI,1,253098,14,2026-08-19T07:47:42Z,2026-08-19T11:42:00Z,3.9
PA20 9LX,SHEPD,PSI,1,253098,14,2026-08-19T07:47:42Z,2026-08-19T11:42:00Z,3.9
RG26 5PY,SEPD,PSI,1,254136,52,2026-08-19T07:47:42Z,2026-08-19T11:42:00Z,3.9
RG26 5SE,SEPD,PSI,1,254136,52,2026-08-19T07:47:42Z,2026-08-19T11:42:00Z,3.9
RG26 5SJ,SEPD,PSI,1,254136,52,2026-08-19T07:47:42Z,2026-08-19T11:42:00Z,3.9
SO32 3PE,SEPD,LV,1,TV7698,4,2026-08-19T07:47:42Z,2026-08-19T11:42:00Z,3.9
SO32 3PS,SEPD,LV,1,TV7698,4,2026-08-19T07:47:42Z,2026-08-19T11:42:00Z,3.9
PO20 7LT,SEPD,HV,2,"TV0641,TV0689",74,2026-08-13T13:45:21Z,2026-08-13T18:40:04Z,3.87
OX10 9ES,SEPD,HV,2,"TV5632,TV5757",1758,2026-08-17T17:38:55Z,2026-08-17T21:58:45Z,3.77
OX10 9HD,SEPD,HV,2,"TV5632,TV5757",1758,2026-08-17T17:38:55Z,2026-08-17T21:58:45Z,3.77
OX10 9HE,SEPD,HV,2,"TV5632,TV5757",1758,2026-08-17T17:38:55Z,2026-08-17T21:58:45Z,3.77
OX10 9HF,SEPD,HV,2,"TV5632,TV5757",1758,2026-08-17T17:38:55Z,2026-08-17T21:58:45Z,3.77
OX10 9HG,SEPD,HV,2,"TV5632,TV5757",1758,2026-08-17T17:38:55Z,2026-08-17T21:58:45Z,3.77
OX10 9HQ,SEPD,HV,2,"TV5632,TV5757",1758,2026-08-17T17:38:55Z,2026-08-17T21:58:45Z,3.77
OX10 9LA,SEPD,HV,2,"TV5632,TV5757",1758,2026-08-17T17:38:55Z,2026-08-17T21:58:45Z,3.77
OX10 9LB,SEPD,HV,2,"TV5632,TV5757",1758,2026-08-17T17:38:55Z,2026-08-17T21:58:45Z,3.77
OX10 9PP,SEPD,HV,2,"TV5632,TV5757",1758,2026-08-17T17:38:55Z,2026-08-17T21:58:45Z,3.77
OX10 9PQ,SEPD,HV,2,"TV5632,TV5757",1758,2026-08-17T17:38:55Z,2026-08-17T21:58:45Z,3.77
OX10 9PR,SEPD,HV,2,"TV5632,TV5757",1758,2026-08-17T17:38:55Z,2026-08-17T21:58:45Z,3.77
OX10 9PS,SEPD,HV,2,"TV5632,TV5757",1758,2026-08-17T17:38:55Z,2026-08-17T21:58:45Z,3.77
OX10 9PT,SEPD,HV,2,"TV5632,TV5757",1758,2026-08-17T17:38:55Z,2026-08-17T21:58:45Z,3.77
OX10 9RE,SEPD,HV,2,"TV5632,TV5757",1758,2026-08-17T17:38:55Z,2026-08-17T21:58:45Z,3.77
OX11 9AG,SEPD,HV,2,"TV5632,TV5757",1758,2026-08-17T17:38:55Z,2026-08-17T21:58:45Z,3.77
OX11 9AH,SEPD,HV,2,"TV5632,TV5757",1758,2026-08-17T17:38:55Z,2026-08-17T21:58:45Z,3.77
OX11 9AJ,SEPD,HV,2,"TV5632,TV5757",1758,2026-08-17T17:38:55Z,2026-08-17T21:58:45Z,3.77
OX11 9AL,SEPD,HV,2,"TV5632,TV5757",1758,2026-08-17T17:38:55Z,2026-08-17T21:58:45Z,3.77
OX11 9AN,SEPD,HV,2,"TV5632,TV5757",1758,2026-08-17T17:38:55Z,2026-08-17T21:58:45Z,3.77
OX11 9AQ,SEPD,HV,2,"TV5632,TV5757",1758,2026-08-17T17:38:55Z,2026-08-17T21:58:45Z,3.77
OX11 9AW,SEPD,HV,2,"TV5632,TV5757",1758,2026-08-17T17:38:55Z,2026-08-17T21:58:45Z,3.77
OX11 9FB,SEPD,HV,2,"TV5632,TV5757",1758,2026-08-17T17:38:55Z,2026-08-17T21:58:45Z,3.77
OX11 9FD,SEPD,HV,2,"TV5632,TV5757",1758,2026-08-17T17:38:55Z,2026-08-17T21:58:45Z,3.77
GU8 6HT,SEPD,LV,4,"TV2235,TV3037,TV3400,TV3404",46,2026-08-14T15:59:47Z,2026-08-15T20:09:01Z,3.71
GU8 6HZ,SEPD,LV,4,"TV2235,TV3037,TV3400,TV3404",46,2026-08-14T15:59:47Z,2026-08-15T20:09:01Z,3.71
DT5 2DG,SEPD,LV,1,TV6884,14,2026-08-18T13:01:53Z,2026-08-18T16:44:14Z,3.71
DT5 2DH,SEPD,LV,1,TV6884,14,2026-08-18T13:01:53Z,2026-08-18T16:44:14Z,3.71
SP5 2DQ,SEPD,LV,1,TV5500,4,2026-08-17T15:11:57Z,2026-08-17T18:53:52Z,3.7
SP6 2DG,SEPD,LV,1,TV5500,4,2026-08-17T15:11:57Z,2026-08-17T18:53:52Z,3.7
SP6 2DQ,SEPD,LV,1,TV5500,4,2026-08-17T15:11:57Z,2026-08-17T18:53:52Z,3.7
SL1,SEPD,LV,1,TV0303,90,2026-08-13T18:40:04Z,2026-08-13T22:20:34Z,3.68
SL1 3AA,SEPD,LV,1,TV0303,90,2026-08-13T18:40:04Z,2026-08-13T22:20:34Z,3.68
SL1 3AB,SEPD,LV,1,TV0303,90,2026-08-13T18:40:04Z,2026-08-13T22:20:34Z,3.68
SL1 3AD,SEPD,LV,1,TV0303,90,2026-08-13T18:40:04Z,2026-08-13T22:20:34Z,3.68
SL1 3AE,SEPD,LV,1,TV0303,90,2026-08-13T18:40:04Z,2026-08-13T22:20:34Z,3.68
SL1 3AF,SEPD,LV,1,TV0303,90,2026-08-13T18:40:04Z,2026-08-13T22:20:34Z,3.68
SL1 3AG,SEPD,LV,1,TV0303,90,2026-08-13T18:40:04Z,2026-08-13T22:20:34Z,3.68
SL1 3AL,SEPD,LV,1,TV0303,90,2026-08-13T18:40:04Z,2026-08-13T22:20:34Z,3.68
SL1 3AQ,SEPD,LV,1,TV0303,90,2026-08-13T18:40:04Z,2026-08-13T22:20:34Z,3.68
SL1 4UT,SEPD,LV,1,TV0303,90,2026-08-13T18:40:04Z,2026-08-13T22:20:34Z,3.68
SL1 4XL,SEPD,LV,1,TV0303,90,2026-08-13T18:40:04Z,2026-08-13T22:20:34Z,3.68
SL1 4XN,SEPD,LV,1,TV0303,90,2026-08-13T18:40:04Z,2026-08-13T22:20:34Z,3.68
SL2 1AA,SEPD,LV,1,TV0303,90,2026-08-13T18:40:04Z,2026-08-13T22:20:34Z,3.68
SL2 1AB,SEPD,LV,1,TV0303,90,2026-08-13T18:40:04Z,2026-08-13T22:20:34Z,3.68
SL2 1AD,SEPD,LV,1,TV0303,90,2026-08-13T18:40:04Z,2026-08-13T22:20:34Z,3.68
SL2 1BT,SEPD,LV,1,TV0303,90,2026-08-13T18:40:04Z,2026-08-13T22:20:34Z,3.68
SL2 1EF,SEPD,LV,1,TV0303,90,2026-08-13T18:40:04Z,2026-08-13T22:20:34Z,3.68
RG6 1EX,SEPD,LV,1,TV6757,31,2026-08-18T23:09:02Z,2026-08-19T02:45:45Z,3.61
RG6 1NS,SEPD,LV,1,TV6757,31,2026-08-18T23:09:02Z,2026-08-19T02:45:45Z,3.61
RG6 1NT,SEPD,LV,1,TV6757,31,2026-08-18T23:09:02Z,2026-08-19T02:45:45Z,3.61
RG6 1PS,SEPD,LV,1,TV6757,31,2026-08-18T23:09:02Z,2026-08-19T02:45:45Z,3.61
RG6 1PX,SEPD,LV,1,TV6757,31,2026-08-18T23:09:02Z,2026-08-19T02:45:45Z,3.61
AB41 7DE,SHEPD,PSI,1,252406,2,2026-08-14T08:52:07Z,2026-08-14T12:27:54Z,3.6
BA14 6QL,SEPD,PSI,1,253788,2,2026-08-14T08:52:07Z,2026-08-14T12:27:54Z,3.6
BA14 6RA,SEPD,PSI,1,253788,2,2026-08-14T08:52:07Z,2026-08-14T12:27:54Z,3.6
BH22 8JD,SEPD,PSI,1,253531,42,2026-08-14T08:52:07Z,2026-08-14T12:27:54Z,3.6
BH22 8JF,SEPD,PSI,1,253531,42,2026-08-14T08:52:07Z,2026-08-14T12:27:54Z,3.6
BH22 8JG,SEPD,PSI,1,253531,42,2026-08-14T08:52:07Z,2026-08-14T12:27:54Z,3.6
DT2 7HL,SEPD,PSI,1,253503,6,2026-08-14T08:52:07Z,2026-08-14T12:27:54Z,3.6
KW16 3HE,SHEPD,PSI,1,253299,5,2026-08-14T08:52:07Z,2026-08-14T12:27:54Z,3.6
KW16 3HF,SHEPD,PSI,1,253299,5,2026-08-14T08:52:07Z,2026-08-14T12:27:54Z,3.6
KW17 2JX,SHEPD,PSI,1,253299,5,2026-08-14T08:52:07Z,2026-08-14T12:27:54Z,3.6
OX1 5HJ,SEPD,PSI,1,253500,172,2026-08-14T08:52:07Z,2026-08-14T12:27:54Z,3.6
OX1 5HN,SEPD,PSI,1,253500,172,2026-08-14T08:52:07Z,2026-08-14T12:27:54Z,3.6
OX1 5HP,SEPD,PSI,1,253500,172,2026-08-14T08:52:07Z,2026-08-14T12:27:54Z,3.6
OX1 5HW,SEPD,PSI,1,253500,172,2026-08-14T08:52:07Z,2026-08-14T12:27:54Z,3.6
OX1 5JJ,SEPD,PSI,1,253500,172,2026-08-14T08:52:07Z,2026-08-14T12:27:54Z,3.6
OX1 5JL,SEPD,PSI,1,253500,172,2026-08-14T08:52:07Z,2026-08-14T12:27:54Z,3.6
OX1 5JR,SEPD,PSI,1,253500,172,2026-08-14T08:52:07Z,2026-08-14T12:27:54Z,3.6
OX1 5JS,SEPD,PSI,1,253500,172,2026-08-14T08:52:07Z,2026-08-14T12:27:54Z,3.6
OX1 5JT,SEPD,PSI,1,253500,172,2026-08-14T08:52:07Z,2026-08-14T12:27:54Z,3.6
OX1 5JU,SEPD,PSI,1,253500,172,2026-08-14T08:52:07Z,2026-08-14T12:27:54Z,3.6
OX1 5JX,SEPD,PSI,1,253500,172,2026-08-14T08:52:07Z,2026-08-14T12:27:54Z,3.6
OX1 5LB,SEPD,PSI,1,253500,172,2026-08-14T08:52:07Z,2026-08-14T12:27:54Z,3.6
OX13 6BY,SEPD,PSI,1,253500,172,2026-08-14T08:52:07Z,2026-08-14T12:27:54Z,3.6
OX4 4DS,SEPD,PSI,1,253500,172,2026-08-14T08:52:07Z,2026-08-14T12:27:54Z,3.6
PO30 2NW,SEPD,PSI,1,253078,4,2026-08-14T08:52:07Z,2026-08-14T12:27:54Z,3.6
PO30 2PD,SEPD,PSI,1,253078,4,2026-08-14T08:52:07Z,2026-08-14T12:27:54Z,3.6
SP5 2RF,SEPD,PSI,1,253501,115,2026-08-14T08:52:07Z,2026-08-14T12:27:54Z,3.6
SP5 2SG,SEPD,PSI,1,253501,115,2026-08-14T08:52:07Z,2026-08-14T12:27:54Z,3.6
SP5 2SH,SEPD,PSI,1,253501,115,2026-08-14T08:52:07Z,2026-08-14T12:27:54Z,3.6
SP5 2SS,SEPD,PSI,1,253501,115,2026-08-14T08:52:07Z,2026-08-14T12:27:54Z,3.6
SP5 2ST,SEPD,PSI,1,253501,115,2026-08-14T08:52:07Z,2026-08-14T12:27:54Z,3.6
SP5 2SU,SEPD,PSI,1,253501,115,2026-08-14T08:52:07Z,2026-08-14T12:27:54Z,3.6
SP5 2SX,SEPD,PSI,1,253501,115,2026-08-14T08:52:07Z,2026-08-14T12:27:54Z,3.6
SP5 2SY,SEPD,PSI,1,253501,115,2026-08-14T08:52:07Z,2026-08-14T12:27:54Z,3.6
OX11 9JX,SEPD,PSI,1,252709,3,2026-08-17T08:23:42Z,2026-08-17T11:58:37Z,3.58
RG23 8PH,SEPD,PSI,1,253899,4,2026-08-17T08:23:42Z,2026-08-17T11:58:37Z,3.58
IV17 0SH,SHEPD,LV,1,TV5570,7,2026-08-18T05:14:40Z,2026-08-18T08:47:30Z,3.55
SP6 3HW,SEPD,"LV,HV",2,"TV7565,TV7840",23,2026-08-19T07:00:11Z,2026-08-19T11:42:00Z,3.49
SO41 0BF,SEPD,LV,2,"TV6086,TV7521",64,2026-08-18T10:37:14Z,2026-08-19T10:44:54Z,3.46
SO41 0DB,SEPD,LV,2,"TV6086,TV7521",64,2026-08-18T10:37:14Z,2026-08-19T10:44:54Z,3.46
SO41 0JX,SEPD,LV,2,"TV6086,TV7521",64,2026-08-18T10:37:14Z,2026-08-19T10:44:54Z,3.46
SO41 0JZ,SEPD,LV,2,"TV6086,TV7521",64,2026-08-18T10:37:14Z,2026-08-19T10:44:54Z,3.46
SO41 0LA,SEPD,LV,2,"TV6086,TV7521",64,2026-08-18T10:37:14Z,2026-08-19T10:44:54Z,3.46
SO41 0LW,SEPD,LV,2,"TV6086,TV7521",64,2026-08-18T10:37:14Z,2026-08-19T10:44:54Z,3.46
AB33 8DE,SHEPD,PSI,1,252943,12,2026-08-13T10:18:13Z,2026-08-13T13:45:21Z,3.45
AB33 8QN,SHEPD,PSI,1,252943,12,2026-08-13T10:18:13Z,2026-08-13T13:45:21Z,3.45
BA13 4BS,SEPD,PSI,1,253869,16,2026-08-13T10:18:13Z,2026-08-13T13:45:21Z,3.45
DD11 4RH,SHEPD,PSI,1,252874,29,2026-08-13T10:18:13Z,2026-08-13T13:45:21Z,3.45
DD11 5RD,SHEPD,PSI,1,252874,29,2026-08-13T10:18:13Z,2026-08-13T13:45:21Z,3.45
DD11 5RE,SHEPD,PSI,1,252874,29,2026-08-13T10:18:13Z,2026-08-13T13:45:21Z,3.45
DD11 5RF,SHEPD,PSI,1,252874,29,2026-08-13T10:18:13Z,2026-08-13T13:45:21Z,3.45
DD11 5RH,SHEPD,PSI,1,252874,29,2026-08-13T10:18:13Z,2026-08-13T13:45:21Z,3.45
GU27 1JU,SEPD,PSI,1,254156,11,2026-08-13T10:18:13Z,2026-08-13T13:45:21Z,3.45
HS2 9NH,SHEPD,PSI,1,253275,22,2026-08-13T10:18:13Z,2026-08-13T13:45:21Z,3.45
HS2 9NJ,SHEPD,PSI,1,253275,22,2026-08-13T10:18:13Z,2026-08-13T13:45:21Z,3.45
OX33 1PP,SEPD,PSI,1,253145,9,2026-08-13T10:18:13Z,2026-08-13T13:45:21Z,3.45
PO38 3ER,SEPD,PSI,1,253373,10,2026-08-13T10:18:13Z,2026-08-13T13:45:21Z,3.45
RG17,SEPD,PSI,1,253242,31,2026-08-13T10:18:13Z,2026-08-13T13:45:21Z,3.45
RG17 9DH,SEPD,PSI,1,253242,31,2026-08-13T10:18:13Z,2026-08-13T13:45:21Z,3.45
RG17 9SJ,SEPD,PSI,1,253242,31,2026-08-13T10:18:13Z,2026-08-13T13:45:21Z,3.45
RG17 9SP,SEPD,PSI,1,253242,31,2026-08-13T10:18:13Z,2026-08-13T13:45:21Z,3.45
RG17 9SR,SEPD,PSI,1,253242,31,2026-08-13T10:18:13Z,2026-08-13T13:45:21Z,3.45
RG17 9SS,SEPD,PSI,1,253242,31,2026-08-13T10:18:13Z,2026-08-13T13:45:21Z,3.45
RG17 9TD,SEPD,PSI,1,253242,31,2026-08-13T10:18:13Z,2026-08-13T13:45:21Z,3.45
RG17 9TH,SEPD,PSI,1,253242,31,2026-08-13T10:18:13Z,2026-08-13T13:45:21Z,3.45
RG17 9TL,SEPD,PSI,1,253242,31,2026-08-13T10:18:13Z,2026-08-13T13:45:21Z,3.45
RG17 9TN,SEPD,PSI,1,253242,31,2026-08-13T10:18:13Z,2026-08-13T13:45:21Z,3.45
SN7 7JQ,SEPD,PSI,1,253889,6,2026-08-13T10:18:13Z,2026-08-13T13:45:21Z,3.45
SN16 9DW,SEPD,"PSI,HV",3,"253190,TU8998,TU9000",536,2026-08-12T11:42:00Z,2026-08-12T15:06:57Z,3.42
SN16 9LQ,SEPD,"PSI,HV",3,"253190,TU8998,TU9000",536,2026-08-12T11:42:00Z,2026-08-12T15:06:57Z,3.42
DD10 0QB,SHEPD,PSI,2,"253097,254052",38,2026-08-13T00:10:06Z,2026-08-13T23:57:16Z,3.42
DD10 0SP,SHEPD,PSI,2,"253097,254052",38,2026-08-13T00:10:06Z,2026-08-13T23:57:16Z,3.42
DD10 0SR,SHEPD,PSI,2,"253097,254052",38,2026-08-13T00:10:06Z,2026-08-13T23:57:16Z,3.42
BH21 6SB,SEPD,PSI,1,253546,72,2026-08-12T11:42:00Z,2026-08-12T15:06:57Z,3.42
BH21 7JN,SEPD,PSI,1,253546,72,2026-08-12T11:42:00Z,2026-08-12T15:06:57Z,3.42
BH21 7JR,SEPD,PSI,1,253546,72,2026-08-12T11:42:00Z,2026-08-12T15:06:57Z,3.42
BH21 7JS,SEPD,PSI,1,253546,72,2026-08-12T11:42:00Z,2026-08-12T15:06:57Z,3.42
BH21 7JT,SEPD,PSI,1,253546,72,2026-08-12T11:42:00Z,2026-08-12T15:06:57Z,3.42
BH21 7JU,SEPD,PSI,1,253546,72,2026-08-12T11:42:00Z,2026-08-12T15:06:57Z,3.42
BH21 7JW,SEPD,PSI,1,253546,72,2026-08-12T11:42:00Z,2026-08-12T15:06:57Z,3.42
GU15 2BZ,SEPD,PSI,1,253975,39,2026-08-12T11:42:00Z,2026-08-12T15:06:57Z,3.42
IV26 2YF,SHEPD,PSI,1,254032,149,2026-08-12T11:42:00Z,2026-08-12T15:06:57Z,3.42
IV26 2YG,SHEPD,PSI,1,254032,149,2026-08-12T11:42:00Z,2026-08-12T15:06:57Z,3.42
IV26 2YH,SHEPD,PSI,1,254032,149,2026-08-12T11:42:00Z,2026-08-12T15:06:57Z,3.42
IV26 2YW,SHEPD,PSI,1,254032,149,2026-08-12T11:42:00Z,2026-08-12T15:06:57Z,3.42
KW14 7RB,SHEPD,PSI,1,252982,14,2026-08-12T11:42:00Z,2026-08-12T15:06:57Z,3.42
KW14 7RD,SHEPD,PSI,1,252982,14,2026-08-12T11:42:00Z,2026-08-12T15:06:57Z,3.42
OX27 8FA,SEPD,LV,1,TV1435,17,2026-08-14T02:34:31Z,2026-08-14T05:59:57Z,3.42
OX27 8FD,SEPD,LV,1,TV1435,17,2026-08-14T02:34:31Z,2026-08-14T05:59:57Z,3.42
OX27 8FH,SEPD,LV,1,TV1435,17,2026-08-14T02:34:31Z,2026-08-14T05:59:57Z,3.42
PA20 0DP,SHEPD,PSI,1,253624,13,2026-08-12T11:42:00Z,2026-08-12T15:06:57Z,3.42
PA20 0RA,SHEPD,PSI,1,253624,13,2026-08-12T11:42:00Z,2026-08-12T15:06:57Z,3.42
PA20 9PD,SHEPD,PSI,1,253624,13,2026-08-12T11:42:00Z,2026-08-12T15:06:57Z,3.42
RG23 8LJ,SEPD,LV,1,TU6979,5,2026-08-12T11:42:00Z,2026-08-12T15:06:57Z,3.42
RG23 8LL,SEPD,LV,1,TU6979,5,2026-08-12T11:42:00Z,2026-08-12T15:06:57Z,3.42
RG23 8LQ,SEPD,LV,1,TU6979,5,2026-08-12T11:42:00Z,2026-08-12T15:06:57Z,3.42
RG23 8LR,SEPD,LV,1,TU6979,5,2026-08-12T11:42:00Z,2026-08-12T15:06:57Z,3.42
RG23 8LW,SEPD,LV,1,TU6979,5,2026-08-12T11:42:00Z,2026-08-12T15:06:57Z,3.42
RG24 8LT,SEPD,LV,1,TU7062,40,2026-08-12T11:42:00Z,2026-08-12T15:06:57Z,3.42
RG24 8PQ,SEPD,LV,1,TU7062,40,2026-08-12T11:42:00Z,2026-08-12T15:06:57Z,3.42
RG24 8UE,SEPD,LV,1,TU7062,40,2026-08-12T11:42:00Z,2026-08-12T15:06:57Z,3.42
RG24 8UF,SEPD,LV,1,TU7062,40,2026-08-12T11:42:00Z,2026-08-12T15:06:57Z,3.42
RG24 8XX,SEPD,LV,1,TU7062,40,2026-08-12T11:42:00Z,2026-08-12T15:06:57Z,3.42
RG24 8XY,SEPD,LV,1,TU7062,40,2026-08-12T11:42:00Z,2026-08-12T15:06:57Z,3.42
SN16 9DJ,SEPD,PSI,1,253190,200,2026-08-12T11:42:00Z,2026-08-12T15:06:57Z,3.42
SN16 9DN,SEPD,PSI,1,253190,200,2026-08-12T11:42:00Z,2026-08-12T15:06:57Z,3.42
SN16 9DP,SEPD,PSI,1,253190,200,2026-08-12T11:42:00Z,2026-08-12T15:06:57Z,3.42
SN16 9DR,SEPD,PSI,1,253190,200,2026-08-12T11:42:00Z,2026-08-12T15:06:57Z,3.42
SN16 9DY,SEPD,PSI,1,253190,200,2026-08-12T11:42:00Z,2026-08-12T15:06:57Z,3.42
SN16 9DZ,SEPD,PSI,1,253190,200,2026-08-12T11:42:00Z,2026-08-12T15:06:57Z,3.42
SN16 9LH,SEPD,PSI,1,253190,200,2026-08-12T11:42:00Z,2026-08-12T15:06:57Z,3.42
SN16 9NJ,SEPD,PSI,1,253190,200,2026-08-12T11:42:00Z,2026-08-12T15:06:57Z,3.42
SN16 9NL,SEPD,PSI,1,253190,200,2026-08-12T11:42:00Z,2026-08-12T15:06:57Z,3.42
SN16 9NN,SEPD,PSI,1,253190,200,2026-08-12T11:42:00Z,2026-08-12T15:06:57Z,3.42
SN16 9NP,SEPD,PSI,1,253190,200,2026-08-12T11:42:00Z,2026-08-12T15:06:57Z,3.42
SN16 9NW,SEPD,PSI,1,253190,200,2026-08-12T11:42:00Z,2026-08-12T15:06:57Z,3.42
SO40 8WG,SEPD,LV,1,TU7459,11,2026-08-12T11:42:00Z,2026-08-12T15:06:57Z,3.42
SO40 8WH,SEPD,LV,1,TU7459,11,2026-08-12T11:42:00Z,2026-08-12T15:06:57Z,3.42
SP10 4AA,SEPD,LV,1,TU7864,20,2026-08-12T11:42:00Z,2026-08-12T15:06:57Z,3.42
SP10 4AB,SEPD,LV,1,TU7864,20,2026-08-12T11:42:00Z,2026-08-12T15:06:57Z,3.42
SP10 4AD,SEPD,LV,1,TU7864,20,2026-08-12T11:42:00Z,2026-08-12T15:06:57Z,3.42
SP10 4AT,SEPD,LV,1,TU7864,20,2026-08-12T11:42:00Z,2026-08-12T15:06:57Z,3.42
SP10 4EJ,SEPD,LV,1,TU7864,20,2026-08-12T11:42:00Z,2026-08-12T15:06:57Z,3.42
SP10 4EZ,SEPD,LV,1,TU7864,20,2026-08-12T11:42:00Z,2026-08-12T15:06:57Z,3.42
SP10 4HA,SEPD,LV,1,TU7864,20,2026-08-12T11:42:00Z,2026-08-12T15:06:57Z,3.42
SP5 2DY,SEPD,PSI,1,252725,19,2026-08-12T11:42:00Z,2026-08-12T15:06:57Z,3.42
SP5 2DZ,SEPD,PSI,1,252725,19,2026-08-12T11:42:00Z,2026-08-12T15:06:57Z,3.42
SP5 2EA,SEPD,PSI,1,252725,19,2026-08-12T11:42:00Z,2026-08-12T15:06:57Z,3.42
SP5 2EB,SEPD,PSI,1,252725,19,2026-08-12T11:42:00Z,2026-08-12T15:06:57Z,3.42
DT11 8JL,SEPD,"PSI,HV",2,"253198,TV0791",1268,2026-08-13T14:47:49Z,2026-08-19T11:11:48Z,3.4
DT11 8JT,SEPD,"PSI,HV",2,"253198,TV0791",1268,2026-08-13T14:47:49Z,2026-08-19T11:11:48Z,3.4
DT11 8JW,SEPD,"PSI,HV",2,"253198,TV0791",1268,2026-08-13T14:47:49Z,2026-08-19T11:11:48Z,3.4
PA23 8RA,SHEPD,PSI,2,"253474,253652",9,2026-08-18T07:53:59Z,2026-08-19T11:42:00Z,3.39
AB41 6TP,SHEPD,PSI,1,252433,20,2026-08-19T08:18:34Z,2026-08-19T11:42:00Z,3.39
AB53 6SX,SHEPD,PSI,1,252433,20,2026-08-19T08:18:34Z,2026-08-19T11:42:00Z,3.39
AB53 6TP,SHEPD,PSI,1,252433,20,2026-08-19T08:18:34Z,2026-08-19T11:42:00Z,3.39
AB53 6TR,SHEPD,PSI,1,252433,20,2026-08-19T08:18:34Z,2026-08-19T11:42:00Z,3.39
BA13,SEPD,PSI,1,253203,315,2026-08-19T08:18:34Z,2026-08-19T11:42:00Z,3.39
BA13 4NJ,SEPD,PSI,1,253203,315,2026-08-19T08:18:34Z,2026-08-19T11:42:00Z,3.39
BA13 4NL,SEPD,PSI,1,253203,315,2026-08-19T08:18:34Z,2026-08-19T11:42:00Z,3.39
BA13 4NN,SEPD,PSI,1,253203,315,2026-08-19T08:18:34Z,2026-08-19T11:42:00Z,3.39
BA13 4NP,SEPD,PSI,1,253203,315,2026-08-19T08:18:34Z,2026-08-19T11:42:00Z,3.39
BA13 4NR,SEPD,PSI,1,253203,315,2026-08-19T08:18:34Z,2026-08-19T11:42:00Z,3.39
BA13 4NW,SEPD,PSI,1,253203,315,2026-08-19T08:18:34Z,2026-08-19T11:42:00Z,3.39
BA13 4PA,SEPD,PSI,1,253203,315,2026-08-19T08:18:34Z,2026-08-19T11:42:00Z,3.39
BA13 4PB,SEPD,PSI,1,253203,315,2026-08-19T08:18:34Z,2026-08-19T11:42:00Z,3.39
BA13 4PE,SEPD,PSI,1,253203,315,2026-08-19T08:18:34Z,2026-08-19T11:42:00Z,3.39
BA13 4PF,SEPD,PSI,1,253203,315,2026-08-19T08:18:34Z,2026-08-19T11:42:00Z,3.39
BA13 4PG,SEPD,PSI,1,253203,315,2026-08-19T08:18:34Z,2026-08-19T11:42:00Z,3.39
BA13 4PH,SEPD,PSI,1,253203,315,2026-08-19T08:18:34Z,2026-08-19T11:42:00Z,3.39
BA13 4PJ,SEPD,PSI,1,253203,315,2026-08-19T08:18:34Z,2026-08-19T11:42:00Z,3.39
BA13 4PL,SEPD,PSI,1,253203,315,2026-08-19T08:18:34Z,2026-08-19T11:42:00Z,3.39
BA13 4PN,SEPD,PSI,1,253203,315,2026-08-19T08:18:34Z,2026-08-19T11:42:00Z,3.39
BA13 4PP,SEPD,PSI,1,253203,315,2026-08-19T08:18:34Z,2026-08-19T11:42:00Z,3.39
BA13 4PQ,SEPD,PSI,1,253203,315,2026-08-19T08:18:34Z,2026-08-19T11:42:00Z,3.39
BA13 4PR,SEPD,PSI,1,253203,315,2026-08-19T08:18:34Z,2026-08-19T11:42:00Z,3.39
BA13 4PT,SEPD,PSI,1,253203,315,2026-08-19T08:18:34Z,2026-08-19T11:42:00Z,3.39
BA13 4PU,SEPD,PSI,1,253203,315,2026-08-19T08:18:34Z,2026-08-19T11:42:00Z,3.39
BA13 4PW,SEPD,PSI,1,253203,315,2026-08-19T08:18:34Z,2026-08-19T11:42:00Z,3.39
BA13 4PX,SEPD,PSI,1,253203,315,2026-08-19T08:18:34Z,2026-08-19T11:42:00Z,3.39
BA13 4PY,SEPD,PSI,1,253203,315,2026-08-19T08:18:34Z,2026-08-19T11:42:00Z,3.39
BA13 4PZ,SEPD,PSI,1,253203,315,2026-08-19T08:18:34Z,2026-08-19T11:42:00Z,3.39
BA13 4QE,SEPD,PSI,1,253203,315,2026-08-19T08:18:34Z,2026-08-19T11:42:00Z,3.39
BA13 4QF,SEPD,PSI,1,253203,315,2026-08-19T08:18:34Z,2026-08-19T11:42:00Z,3.39
BA13 4QG,SEPD,PSI,1,253203,315,2026-08-19T08:18:34Z,2026-08-19T11:42:00Z,3.39
BA13 4QH,SEPD,PSI,1,253203,315,2026-08-19T08:18:34Z,2026-08-19T11:42:00Z,3.39
BA13 4QJ,SEPD,PSI,1,253203,315,2026-08-19T08:18:34Z,2026-08-19T11:42:00Z,3.39
BA13 4QN,SEPD,PSI,1,253203,315,2026-08-19T08:18:34Z,2026-08-19T11:42:00Z,3.39
BA13 4QP,SEPD,PSI,1,253203,315,2026-08-19T08:18:34Z,2026-08-19T11:42:00Z,3.39
BA13 4QQ,SEPD,PSI,1,253203,315,2026-08-19T08:18:34Z,2026-08-19T11:42:00Z,3.39
BA13 4QR,SEPD,PSI,1,253203,315,2026-08-19T08:18:34Z,2026-08-19T11:42:00Z,3.39
BA13 4QW,SEPD,PSI,1,253203,315,2026-08-19T08:18:34Z,2026-08-19T11:42:00Z,3.39
BA13 4RF,SEPD,PSI,1,253203,315,2026-08-19T08:18:34Z,2026-08-19T11:42:00Z,3.39
BA14 6HP,SEPD,PSI,1,253203,315,2026-08-19T08:18:34Z,2026-08-19T11:42:00Z,3.39
BA14 6HW,SEPD,PSI,1,253203,315,2026-08-19T08:18:34Z,2026-08-19T11:42:00Z,3.39
BH16 6AP,SEPD,PSI,1,253291,6,2026-08-19T08:18:34Z,2026-08-19T11:42:00Z,3.39
BH16 6JD,SEPD,PSI,1,253291,6,2026-08-19T08:18:34Z,2026-08-19T11:42:00Z,3.39
DD5 3QH,SHEPD,PSI,1,253766,4,2026-08-19T08:18:34Z,2026-08-19T11:42:00Z,3.39
GU9 9TF,SEPD,PSI,1,254289,20,2026-08-19T08:18:34Z,2026-08-19T11:42:00Z,3.39
IV2 7QX,SHEPD,PSI,1,253565,3,2026-08-19T08:18:34Z,2026-08-19T11:42:00Z,3.39
KW10 6SD,SHEPD,PSI,1,253917,7,2026-08-19T08:18:34Z,2026-08-19T11:42:00Z,3.39
KW9 6LX,SHEPD,PSI,1,253354,12,2026-08-19T08:18:34Z,2026-08-19T11:42:00Z,3.39
KW9 6NJ,SHEPD,PSI,1,253354,12,2026-08-19T08:18:34Z,2026-08-19T11:42:00Z,3.39
OX11 9BL,SEPD,PSI,1,253533,4,2026-08-19T08:18:34Z,2026-08-19T11:42:00Z,3.39
OX12 8JF,SEPD,PSI,1,253150,4,2026-08-19T08:18:34Z,2026-08-19T11:42:00Z,3.39
PA29 6XW,SHEPD,PSI,1,254125,5,2026-08-19T08:18:34Z,2026-08-19T11:42:00Z,3.39
PH1 3AF,SHEPD,PSI,1,253474,7,2026-08-19T08:18:34Z,2026-08-19T11:42:00Z,3.39
PH22 1RB,SHEPD,PSI,1,253574,3,2026-08-19T08:18:34Z,2026-08-19T11:42:00Z,3.39
RG20 0JE,SEPD,PSI,1,253718,256,2026-08-19T08:18:34Z,2026-08-19T11:42:00Z,3.39
RG20 8BP,SEPD,PSI,1,253718,256,2026-08-19T08:18:34Z,2026-08-19T11:42:00Z,3.39
RG20 8BS,SEPD,PSI,1,253718,256,2026-08-19T08:18:34Z,2026-08-19T11:42:00Z,3.39
RG20 8ER,SEPD,PSI,1,253718,256,2026-08-19T08:18:34Z,2026-08-19T11:42:00Z,3.39
RG20 8ES,SEPD,PSI,1,253718,256,2026-08-19T08:18:34Z,2026-08-19T11:42:00Z,3.39
RG20 8ET,SEPD,PSI,1,253718,256,2026-08-19T08:18:34Z,2026-08-19T11:42:00Z,3.39
RG20 8EU,SEPD,PSI,1,253718,256,2026-08-19T08:18:34Z,2026-08-19T11:42:00Z,3.39
RG20 8JT,SEPD,PSI,1,253718,256,2026-08-19T08:18:34Z,2026-08-19T11:42:00Z,3.39
RG20 8JU,SEPD,PSI,1,253718,256,2026-08-19T08:18:34Z,2026-08-19T11:42:00Z,3.39
RG20 8JX,SEPD,PSI,1,253718,256,2026-08-19T08:18:34Z,2026-08-19T11:42:00Z,3.39
RG20 8JY,SEPD,PSI,1,253718,256,2026-08-19T08:18:34Z,2026-08-19T11:42:00Z,3.39
RG20 8LA,SEPD,PSI,1,253718,256,2026-08-19T08:18:34Z,2026-08-19T11:42:00Z,3.39
RG20 8LB,SEPD,PSI,1,253718,256,2026-08-19T08:18:34Z,2026-08-19T11:42:00Z,3.39
RG20 8LD,SEPD,PSI,1,253718,256,2026-08-19T08:18:34Z,2026-08-19T11:42:00Z,3.39
RG20 8LE,SEPD,PSI,1,253718,256,2026-08-19T08:18:34Z,2026-08-19T11:42:00Z,3.39
RG20 8LF,SEPD,PSI,1,253718,256,2026-08-19T08:18:34Z,2026-08-19T11:42:00Z,3.39
RG20 8LG,SEPD,PSI,1,253718,256,2026-08-19T08:18:34Z,2026-08-19T11:42:00Z,3.39
RG20 8LH,SEPD,PSI,1,253718,256,2026-08-19T08:18:34Z,2026-08-19T11:42:00Z,3.39
RG20 8LJ,SEPD,PSI,1,253718,256,2026-08-19T08:18:34Z,2026-08-19T11:42:00Z,3.39
RG20 8LL,SEPD,PSI,1,253718,256,2026-08-19T08:18:34Z,2026-08-19T11:42:00Z,3.39
RG20 8LN,SEPD,PSI,1,253718,256,2026-08-19T08:18:34Z,2026-08-19T11:42:00Z,3.39
RG20 8LP,SEPD,PSI,1,253718,256,2026-08-19T08:18:34Z,2026-08-19T11:42:00Z,3.39
RG20 8LQ,SEPD,PSI,1,253718,256,2026-08-19T08:18:34Z,2026-08-19T11:42:00Z,3.39
RG20 8LR,SEPD,PSI,1,253718,256,2026-08-19T08:18:34Z,2026-08-19T11:42:00Z,3.39
RG20 8LS,SEPD,PSI,1,253718,256,2026-08-19T08:18:34Z,2026-08-19T11:42:00Z,3.39
RG20 8LU,SEPD,PSI,1,253718,256,2026-08-19T08:18:34Z,2026-08-19T11:42:00Z,3.39
RG20 8LW,SEPD,PSI,1,253718,256,2026-08-19T08:18:34Z,2026-08-19T11:42:00Z,3.39
RG20 8LX,SEPD,PSI,1,253718,256,2026-08-19T08:18:34Z,2026-08-19T11:42:00Z,3.39
RG20 8LY,SEPD,PSI,1,253718,256,2026-08-19T08:18:34Z,2026-08-19T11:42:00Z,3.39
RG20 8NB,SEPD,PSI,1,253718,256,2026-08-19T08:18:34Z,2026-08-19T11:42:00Z,3.39
RG20 8ND,SEPD,PSI,1,253718,256,2026-08-19T08:18:34Z,2026-08-19T11:42:00Z,3.39
RG20 8NE,SEPD,PSI,1,253718,256,2026-08-19T08:18:34Z,2026-08-19T11:42:00Z,3.39
RG20 8NS,SEPD,PSI,1,253718,256,2026-08-19T08:18:34Z,2026-08-19T11:42:00Z,3.39
RG20 8PD,SEPD,PSI,1,253718,256,2026-08-19T08:18:34Z,2026-08-19T11:42:00Z,3.39
RG20 8PE,SEPD,PSI,1,253718,256,2026-08-19T08:18:34Z,2026-08-19T11:42:00Z,3.39
RG20 8PG,SEPD,PSI,1,253718,256,2026-08-19T08:18:34Z,2026-08-19T11:42:00Z,3.39
RG20 8PH,SEPD,PSI,1,253718,256,2026-08-19T08:18:34Z,2026-08-19T11:42:00Z,3.39
RG20 8PT,SEPD,PSI,1,253718,256,2026-08-19T08:18:34Z,2026-08-19T11:42:00Z,3.39
RG20 8PU,SEPD,PSI,1,253718,256,2026-08-19T08:18:34Z,2026-08-19T11:42:00Z,3.39
RG20 8PX,SEPD,PSI,1,253718,256,2026-08-19T08:18:34Z,2026-08-19T11:42:00Z,3.39
SN14 6BG,SEPD,PSI,1,253407,24,2026-08-19T08:18:34Z,2026-08-19T11:42:00Z,3.39
SN14 6BH,SEPD,PSI,1,253407,24,2026-08-19T08:18:34Z,2026-08-19T11:42:00Z,3.39
SN14 6BQ,SEPD,PSI,1,253407,24,2026-08-19T08:18:34Z,2026-08-19T11:42:00Z,3.39
SN14 6DH,SEPD,PSI,1,253407,24,2026-08-19T08:18:34Z,2026-08-19T11:42:00Z,3.39
SN14 6HT,SEPD,PSI,1,253407,24,2026-08-19T08:18:34Z,2026-08-19T11:42:00Z,3.39
SN14 6HU,SEPD,PSI,1,253407,24,2026-08-19T08:18:34Z,2026-08-19T11:42:00Z,3.39
SN14 6HY,SEPD,PSI,1,253407,24,2026-08-19T08:18:34Z,2026-08-19T11:42:00Z,3.39
SN14 6JA,SEPD,PSI,1,253407,24,2026-08-19T08:18:34Z,2026-08-19T11:42:00Z,3.39
SN14 6QN,SEPD,PSI,1,253407,24,2026-08-19T08:18:34Z,2026-08-19T11:42:00Z,3.39
SN15 3HZ,SEPD,PSI,1,253407,24,2026-08-19T08:18:34Z,2026-08-19T11:42:00Z,3.39
SN15 5PU,SEPD,PSI,1,253407,24,2026-08-19T08:18:34Z,2026-08-19T11:42:00Z,3.39
SN15 5PX,SEPD,PSI,1,253407,24,2026-08-19T08:18:34Z,2026-08-19T11:42:00Z,3.39
SN15 5PY,SEPD,PSI,1,253407,24,2026-08-19T08:18:34Z,2026-08-19T11:42:00Z,3.39
SN4 7RG,SEPD,PSI,1,253415,75,2026-08-19T08:18:34Z,2026-08-19T11:42:00Z,3.39
SN4 7RH,SEPD,PSI,1,253415,75,2026-08-19T08:18:34Z,2026-08-19T11:42:00Z,3.39
SN4 7RL,SEPD,PSI,1,253415,75,2026-08-19T08:18:34Z,2026-08-19T11:42:00Z,3.39
SN4 7RN,SEPD,PSI,1,253415,75,2026-08-19T08:18:34Z,2026-08-19T11:42:00Z,3.39
SN4 7RQ,SEPD,PSI,1,253415,75,2026-08-19T08:18:34Z,2026-08-19T11:42:00Z,3.39
SN4 7RR,SEPD,PSI,1,253415,75,2026-08-19T08:18:34Z,2026-08-19T11:42:00Z,3.39
SN4 7RT,SEPD,PSI,1,253415,75,2026-08-19T08:18:34Z,2026-08-19T11:42:00Z,3.39
SN4 7RU,SEPD,PSI,1,253415,75,2026-08-19T08:18:34Z,2026-08-19T11:42:00Z,3.39
SN8 1NL,SEPD,PSI,1,253804,3,2026-08-19T08:18:34Z,2026-08-19T11:42:00Z,3.39
SN8 1PA,SEPD,PSI,1,253804,3,2026-08-19T08:18:34Z,2026-08-19T11:42:00Z,3.39
SP3 5GN,SEPD,PSI,1,253797,165,2026-08-19T08:18:34Z,2026-08-19T11:42:00Z,3.39
SP3 5JR,SEPD,PSI,1,252727,35,2026-08-19T08:18:34Z,2026-08-19T11:42:00Z,3.39
SP3 5JS,SEPD,PSI,1,252727,35,2026-08-19T08:18:34Z,2026-08-19T11:42:00Z,3.39
SP3 5JW,SEPD,PSI,1,252727,35,2026-08-19T08:18:34Z,2026-08-19T11:42:00Z,3.39
SP3 5LA,SEPD,PSI,1,252727,35,2026-08-19T08:18:34Z,2026-08-19T11:42:00Z,3.39
SP3 5RZ,SEPD,PSI,1,253797,165,2026-08-19T08:18:34Z,2026-08-19T11:42:00Z,3.39
SP3 5SE,SEPD,PSI,1,253797,165,2026-08-19T08:18:34Z,2026-08-19T11:42:00Z,3.39
SP3 5SF,SEPD,PSI,1,253797,165,2026-08-19T08:18:34Z,2026-08-19T11:42:00Z,3.39
SP3 5SG,SEPD,PSI,1,253797,165,2026-08-19T08:18:34Z,2026-08-19T11:42:00Z,3.39
SP3 5SH,SEPD,PSI,1,253797,165,2026-08-19T08:18:34Z,2026-08-19T11:42:00Z,3.39
SP3 5SJ,SEPD,PSI,1,253797,165,2026-08-19T08:18:34Z,2026-08-19T11:42:00Z,3.39
SP3 5SL,SEPD,PSI,1,253797,165,2026-08-19T08:18:34Z,2026-08-19T11:42:00Z,3.39
SP3 5SQ,SEPD,PSI,1,253797,165,2026-08-19T08:18:34Z,2026-08-19T11:42:00Z,3.39
SP3 5SZ,SEPD,PSI,1,253797,165,2026-08-19T08:18:34Z,2026-08-19T11:42:00Z,3.39
SP3 6EZ,SEPD,PSI,1,253797,165,2026-08-19T08:18:34Z,2026-08-19T11:42:00Z,3.39
SP3 6PU,SEPD,PSI,1,253797,165,2026-08-19T08:18:34Z,2026-08-19T11:42:00Z,3.39
SP3 6PX,SEPD,PSI,1,253797,165,2026-08-19T08:18:34Z,2026-08-19T11:42:00Z,3.39
SP3 6QJ,SEPD,PSI,1,253797,165,2026-08-19T08:18:34Z,2026-08-19T11:42:00Z,3.39
SP3 6QL,SEPD,PSI,1,253797,165,2026-08-19T08:18:34Z,2026-08-19T11:42:00Z,3.39
SP3 6QP,SEPD,PSI,1,253797,165,2026-08-19T08:18:34Z,2026-08-19T11:42:00Z,3.39
SP3 6QR,SEPD,PSI,1,253797,165,2026-08-19T08:18:34Z,2026-08-19T11:42:00Z,3.39
SP3 6QW,SEPD,PSI,1,253797,165,2026-08-19T08:18:34Z,2026-08-19T11:42:00Z,3.39
SP6 1PL,SEPD,PSI,1,252807,56,2026-08-19T08:18:34Z,2026-08-19T11:42:00Z,3.39
SP6 1PP,SEPD,PSI,1,252807,56,2026-08-19T08:18:34Z,2026-08-19T11:42:00Z,3.39
SP6 1PR,SEPD,PSI,1,252807,56,2026-08-19T08:18:34Z,2026-08-19T11:42:00Z,3.39
SP6 1PS,SEPD,PSI,1,252807,56,2026-08-19T08:18:34Z,2026-08-19T11:42:00Z,3.39
SP6 1PY,SEPD,PSI,1,252807,56,2026-08-19T08:18:34Z,2026-08-19T11:42:00Z,3.39
SP6 1PZ,SEPD,PSI,1,252807,56,2026-08-19T08:18:34Z,2026-08-19T11:42:00Z,3.39
SP6 1QA,SEPD,PSI,1,252807,56,2026-08-19T08:18:34Z,2026-08-19T11:42:00Z,3.39
SP6 1QB,SEPD,PSI,1,252807,56,2026-08-19T08:18:34Z,2026-08-19T11:42:00Z,3.39
SP6 1QD,SEPD,PSI,1,252807,56,2026-08-19T08:18:34Z,2026-08-19T11:42:00Z,3.39
SP6 1QE,SEPD,PSI,1,252807,56,2026-08-19T08:18:34Z,2026-08-19T11:42:00Z,3.39
SP6 1QF,SEPD,PSI,1,252807,56,2026-08-19T08:18:34Z,2026-08-19T11:42:00Z,3.39
SP6 1QG,SEPD,PSI,1,252807,56,2026-08-19T08:18:34Z,2026-08-19T11:42:00Z,3.39
HS3 3JA,SHEPD,LV,1,TV6586,6,2026-08-18T11:01:30Z,2026-08-18T14:22:42Z,3.35
HS1 2NG,SHEPD,LV,1,TV3306,11,2026-08-15T16:33:57Z,2026-08-15T19:51:02Z,3.28
HS1 2NQ,SHEPD,LV,1,TV3306,11,2026-08-15T16:33:57Z,2026-08-15T19:51:02Z,3.28
HS1 2PZ,SHEPD,LV,1,TV3306,11,2026-08-15T16:33:57Z,2026-08-15T19:51:02Z,3.28
HS1 2QJ,SHEPD,LV,1,TV3306,11,2026-08-15T16:33:57Z,2026-08-15T19:51:02Z,3.28
HS1 2QN,SHEPD,LV,1,TV3306,11,2026-08-15T16:33:57Z,2026-08-15T19:51:02Z,3.28
DD7 6GH,SHEPD,PSI,1,254038,159,2026-08-15T08:45:34Z,2026-08-15T12:01:27Z,3.26
DD7 6GJ,SHEPD,PSI,1,254038,159,2026-08-15T08:45:34Z,2026-08-15T12:01:27Z,3.26
DD7 6GL,SHEPD,PSI,1,254038,159,2026-08-15T08:45:34Z,2026-08-15T12:01:27Z,3.26
DD7 6GP,SHEPD,PSI,1,254038,159,2026-08-15T08:45:34Z,2026-08-15T12:01:27Z,3.26
DD7 6GU,SHEPD,PSI,1,254038,159,2026-08-15T08:45:34Z,2026-08-15T12:01:27Z,3.26
DD7 6GX,SHEPD,PSI,1,254038,159,2026-08-15T08:45:34Z,2026-08-15T12:01:27Z,3.26
DD7 6GY,SHEPD,PSI,1,254038,159,2026-08-15T08:45:34Z,2026-08-15T12:01:27Z,3.26
DD7 6GZ,SHEPD,PSI,1,254038,159,2026-08-15T08:45:34Z,2026-08-15T12:01:27Z,3.26
DD7 6HR,SHEPD,PSI,1,254038,159,2026-08-15T08:45:34Z,2026-08-15T12:01:27Z,3.26
DD7 7ST,SHEPD,PSI,1,254038,159,2026-08-15T08:45:34Z,2026-08-15T12:01:27Z,3.26
RG20 0PL,SEPD,PSI,1,253901,12,2026-08-15T08:45:34Z,2026-08-15T12:01:27Z,3.26
RG20 0PW,SEPD,PSI,1,253901,12,2026-08-15T08:45:34Z,2026-08-15T12:01:27Z,3.26
SO19 6DE,SEPD,PSI,1,254170,231,2026-08-15T08:45:34Z,2026-08-15T12:01:27Z,3.26
SO19 6JE,SEPD,PSI,1,254170,231,2026-08-15T08:45:34Z,2026-08-15T12:01:27Z,3.26
SO19 6JF,SEPD,PSI,1,254170,231,2026-08-15T08:45:34Z,2026-08-15T12:01:27Z,3.26
SO19 6JG,SEPD,PSI,1,254170,231,2026-08-15T08:45:34Z,2026-08-15T12:01:27Z,3.26
SO19 6JH,SEPD,PSI,1,254170,231,2026-08-15T08:45:34Z,2026-08-15T12:01:27Z,3.26
SO19 6JJ,SEPD,PSI,1,254170,231,2026-08-15T08:45:34Z,2026-08-15T12:01:27Z,3.26
SO19 6JL,SEPD,PSI,1,254170,231,2026-08-15T08:45:34Z,2026-08-15T12:01:27Z,3.26
SO19 6JP,SEPD,PSI,1,254170,231,2026-08-15T08:45:34Z,2026-08-15T12:01:27Z,3.26
SO19 6JQ,SEPD,PSI,1,254170,231,2026-08-15T08:45:34Z,2026-08-15T12:01:27Z,3.26
SO19 6JY,SEPD,PSI,1,254170,231,2026-08-15T08:45:34Z,2026-08-15T12:01:27Z,3.26
SO19 6JZ,SEPD,PSI,1,254170,231,2026-08-15T08:45:34Z,2026-08-15T12:01:27Z,3.26
SO19 6LA,SEPD,PSI,1,254170,231,2026-08-15T08:45:34Z,2026-08-15T12:01:27Z,3.26
SO19 6LB,SEPD,PSI,1,254170,231,2026-08-15T08:45:34Z,2026-08-15T12:01:27Z,3.26
SO19 6LD,SEPD,PSI,1,254170,231,2026-08-15T08:45:34Z,2026-08-15T12:01:27Z,3.26
SO19 6LE,SEPD,PSI,1,254170,231,2026-08-15T08:45:34Z,2026-08-15T12:01:27Z,3.26
SO19 6LF,SEPD,PSI,1,254170,231,2026-08-15T08:45:34Z,2026-08-15T12:01:27Z,3.26
SO19 6LG,SEPD,PSI,1,254170,231,2026-08-15T08:45:34Z,2026-08-15T12:01:27Z,3.26
SO19 6LH,SEPD,PSI,1,254170,231,2026-08-15T08:45:34Z,2026-08-15T12:01:27Z,3.26
IV22 2LL,SHEPD,PSI,1,253480,9,2026-08-18T08:47:30Z,2026-08-18T11:59:52Z,3.21
KW9 6NL,SHEPD,PSI,1,253355,5,2026-08-18T08:47:30Z,2026-08-18T11:59:52Z,3.21
SN9 5NZ,SEPD,PSI,1,253582,8,2026-08-18T08:47:30Z,2026-08-18T11:59:52Z,3.21
SN9 6NJ,SEPD,PSI,1,253582,8,2026-08-18T08:47:30Z,2026-08-18T11:59:52Z,3.21
BH21 7EA,SEPD,PSI,1,253748,14,2026-08-17T08:23:42Z,2026-08-17T11:35:25Z,3.2
SL0 0LA,SEPD,HV,1,TV2950,23,2026-08-15T09:42:34Z,2026-08-15T12:54:42Z,3.2
SL0 0LB,SEPD,HV,1,TV2950,23,2026-08-15T09:42:34Z,2026-08-15T12:54:42Z,3.2
DD2 3DB,SHEPD,LV,2,"TV3831,TV4946",10,2026-08-16T13:00:57Z,2026-08-17T17:38:55Z,3.15
IV2 4XH,SHEPD,LV,1,TV2941,13,2026-08-15T06:51:18Z,2026-08-15T10:00:12Z,3.15
IV2 4XJ,SHEPD,LV,1,TV2941,13,2026-08-15T06:51:18Z,2026-08-15T10:00:12Z,3.15
IV2 4XQ,SHEPD,LV,1,TV2941,13,2026-08-15T06:51:18Z,2026-08-15T10:00:12Z,3.15
GU8 6HS,SEPD,LV,2,"TV2235,TV3400",22,2026-08-14T15:59:47Z,2026-08-15T16:59:02Z,3.11
GU8 6HY,SEPD,LV,2,"TV2235,TV3400",22,2026-08-14T15:59:47Z,2026-08-15T16:59:02Z,3.11
BH10 7DS,SEPD,LV,1,TV1745,13,2026-08-14T10:50:52Z,2026-08-14T13:56:33Z,3.09
BH10 7DW,SEPD,LV,1,TV1745,13,2026-08-14T10:50:52Z,2026-08-14T13:56:33Z,3.09
BH10 7DZ,SEPD,LV,1,TV1745,13,2026-08-14T10:50:52Z,2026-08-14T13:56:33Z,3.09
PA77 6TW,SHEPD,HV,1,TV2257,5,2026-08-14T13:56:33Z,2026-08-14T17:02:08Z,3.09
OX10 6RP,SEPD,LV,1,TV2924,21,2026-08-15T07:49:07Z,2026-08-15T10:53:39Z,3.08
AB42 5DJ,SHEPD,HV,1,TV3966,17,2026-08-16T13:58:46Z,2026-08-16T17:01:42Z,3.05
AB42 5DY,SHEPD,HV,1,TV3966,17,2026-08-16T13:58:46Z,2026-08-16T17:01:42Z,3.05
AB42 5DZ,SHEPD,HV,1,TV3966,17,2026-08-16T13:58:46Z,2026-08-16T17:01:42Z,3.05
AB51 8XD,SHEPD,HV,1,TU9391,4,2026-08-12T17:10:55Z,2026-08-12T20:07:06Z,2.94
GU17 0BS,SEPD,LV,1,TU9940,20,2026-08-13T06:06:10Z,2026-08-13T09:01:26Z,2.92
GU17 0BU,SEPD,LV,1,TU9940,20,2026-08-13T06:06:10Z,2026-08-13T09:01:26Z,2.92
GU17 0BY,SEPD,LV,1,TU9940,20,2026-08-13T06:06:10Z,2026-08-13T09:01:26Z,2.92
GU17 0BZ,SEPD,LV,1,TU9940,20,2026-08-13T06:06:10Z,2026-08-13T09:01:26Z,2.92
RG20 8SB,SEPD,LV,1,TU8154,10,2026-08-12T18:07:32Z,2026-08-12T21:02:01Z,2.91
RG20 8SD,SEPD,LV,1,TU8154,10,2026-08-12T18:07:32Z,2026-08-12T21:02:01Z,2.91
RG20 8SE,SEPD,LV,1,TU8154,10,2026-08-12T18:07:32Z,2026-08-12T21:02:01Z,2.91
RG20 8SX,SEPD,LV,1,TU8154,10,2026-08-12T18:07:32Z,2026-08-12T21:02:01Z,2.91
SO18 3NL,SEPD,LV,1,TU9482,20,2026-08-12T18:07:32Z,2026-08-12T21:02:01Z,2.91
SO18 5PS,SEPD,LV,1,TU9482,20,2026-08-12T18:07:32Z,2026-08-12T21:02:01Z,2.91
SO18 5PT,SEPD,LV,1,TU9482,20,2026-08-12T18:07:32Z,2026-08-12T21:02:01Z,2.91
SO18 5PU,SEPD,LV,1,TU9482,20,2026-08-12T18:07:32Z,2026-08-12T21:02:01Z,2.91
SO18 5PX,SEPD,LV,1,TU9482,20,2026-08-12T18:07:32Z,2026-08-12T21:02:01Z,2.91
AB51 0SX,SHEPD,PSI,1,251099,11,2026-08-19T08:18:34Z,2026-08-19T11:11:48Z,2.89
AB51 0UY,SHEPD,PSI,1,251099,11,2026-08-19T08:18:34Z,2026-08-19T11:11:48Z,2.89
OX5,SEPD,LV,1,TV2425,3,2026-08-14T17:02:08Z,2026-08-14T19:55:14Z,2.88
OX5 2PW,SEPD,LV,1,TV2425,3,2026-08-14T17:02:08Z,2026-08-14T19:55:14Z,2.88
DD10 8AB,SHEPD,LV,2,"TV7349,TV8047",16,2026-08-18T22:43:54Z,2026-08-19T11:42:00Z,2.85
DD10 8AE,SHEPD,LV,2,"TV7349,TV8047",16,2026-08-18T22:43:54Z,2026-08-19T11:42:00Z,2.85
DD10 8LW,SHEPD,LV,2,"TV7349,TV8047",16,2026-08-18T22:43:54Z,2026-08-19T11:42:00Z,2.85
DD10 9TN,SHEPD,LV,2,"TV7349,TV8047",16,2026-08-18T22:43:54Z,2026-08-19T11:42:00Z,2.85
BA15 1DA,SEPD,LV,1,TV3575,12,2026-08-16T01:53:27Z,2026-08-16T04:42:57Z,2.82
BA15 1DP,SEPD,LV,1,TV3575,12,2026-08-16T01:53:27Z,2026-08-16T04:42:57Z,2.82
BA15 1DR,SEPD,LV,1,TV3575,12,2026-08-16T01:53:27Z,2026-08-16T04:42:57Z,2.82
BA15 1LA,SEPD,LV,1,TV3575,12,2026-08-16T01:53:27Z,2026-08-16T04:42:57Z,2.82
GU15 3DN,SEPD,HV,1,TV3588,7,2026-08-16T01:53:27Z,2026-08-16T04:42:57Z,2.82
GU15 3UF,SEPD,HV,1,TV3588,7,2026-08-16T01:53:27Z,2026-08-16T04:42:57Z,2.82
GU15 3XS,SEPD,HV,1,TV3588,7,2026-08-16T01:53:27Z,2026-08-16T04:42:57Z,2.82
GU47,SEPD,HV,1,TV3588,7,2026-08-16T01:53:27Z,2026-08-16T04:42:57Z,2.82
GU47 0FD,SEPD,HV,1,TV3588,7,2026-08-16T01:53:27Z,2026-08-16T04:42:57Z,2.82
PA34 5LQ,SHEPD,HV,1,TV5422,135,2026-08-17T14:13:30Z,2026-08-17T17:02:52Z,2.82
PA34 5UY,SHEPD,HV,1,TV5422,135,2026-08-17T14:13:30Z,2026-08-17T17:02:52Z,2.82
PA34 5UZ,SHEPD,HV,1,TV5422,135,2026-08-17T14:13:30Z,2026-08-17T17:02:52Z,2.82
PA34 5XR,SHEPD,HV,1,TV5422,135,2026-08-17T14:13:30Z,2026-08-17T17:02:52Z,2.82
PA34 5XS,SHEPD,HV,1,TV5422,135,2026-08-17T14:13:30Z,2026-08-17T17:02:52Z,2.82
PA34 5XT,SHEPD,HV,1,TV5422,135,2026-08-17T14:13:30Z,2026-08-17T17:02:52Z,2.82
PA34 5XW,SHEPD,HV,1,TV5422,135,2026-08-17T14:13:30Z,2026-08-17T17:02:52Z,2.82
PA80 5AD,SHEPD,HV,1,TV5422,135,2026-08-17T14:13:30Z,2026-08-17T17:02:52Z,2.82
PA80 5UU,SHEPD,HV,1,TV5422,135,2026-08-17T14:13:30Z,2026-08-17T17:02:52Z,2.82
PA80 5UZ,SHEPD,HV,1,TV5422,135,2026-08-17T14:13:30Z,2026-08-17T17:02:52Z,2.82
PA80 5XP,SHEPD,HV,1,TV5422,135,2026-08-17T14:13:30Z,2026-08-17T17:02:52Z,2.82
PA80 5XR,SHEPD,HV,1,TV5422,135,2026-08-17T14:13:30Z,2026-08-17T17:02:52Z,2.82
PA80 5XS,SHEPD,HV,1,TV5422,135,2026-08-17T14:13:30Z,2026-08-17T17:02:52Z,2.82
PA80 5XT,SHEPD,HV,1,TV5422,135,2026-08-17T14:13:30Z,2026-08-17T17:02:52Z,2.82
PA80 5XW,SHEPD,HV,1,TV5422,135,2026-08-17T14:13:30Z,2026-08-17T17:02:52Z,2.82
DD5 3RE,SHEPD,PSI,1,253690,43,2026-08-18T08:47:30Z,2026-08-18T11:34:51Z,2.79
DD5 3RF,SHEPD,PSI,1,253690,43,2026-08-18T08:47:30Z,2026-08-18T11:34:51Z,2.79
HS8 5NA,SHEPD,PSI,1,253450,16,2026-08-18T08:47:30Z,2026-08-18T11:34:51Z,2.79
HS8 5NY,SHEPD,PSI,1,253450,16,2026-08-18T08:47:30Z,2026-08-18T11:34:51Z,2.79
HS8 5NZ,SHEPD,PSI,1,253450,16,2026-08-18T08:47:30Z,2026-08-18T11:34:51Z,2.79
HS8 5PD,SHEPD,PSI,1,253450,16,2026-08-18T08:47:30Z,2026-08-18T11:34:51Z,2.79
BH1 4NN,SEPD,LV,1,TV0504,19,2026-08-13T12:04:05Z,2026-08-13T14:47:49Z,2.73
BH7 7AB,SEPD,LV,1,TV0504,19,2026-08-13T12:04:05Z,2026-08-13T14:47:49Z,2.73
BH7 7AG,SEPD,LV,1,TV0504,19,2026-08-13T12:04:05Z,2026-08-13T14:47:49Z,2.73
BH7 7BT,SEPD,LV,1,TV0504,19,2026-08-13T12:04:05Z,2026-08-13T14:47:49Z,2.73
KY13 0NJ,SHEPD,LV,1,TV5879,2,2026-08-18T07:53:59Z,2026-08-18T10:37:14Z,2.72
GU26 6BT,SEPD,PSI,1,253200,36,2026-08-18T09:17:56Z,2026-08-18T11:59:52Z,2.7
GU26 6DB,SEPD,PSI,1,253200,36,2026-08-18T09:17:56Z,2026-08-18T11:59:52Z,2.7
GU26 6DD,SEPD,PSI,1,253200,36,2026-08-18T09:17:56Z,2026-08-18T11:59:52Z,2.7
GU26 6DG,SEPD,PSI,1,253200,36,2026-08-18T09:17:56Z,2026-08-18T11:59:52Z,2.7
GU27 1QA,SEPD,PSI,1,253200,36,2026-08-18T09:17:56Z,2026-08-18T11:59:52Z,2.7
GU27 1QB,SEPD,PSI,1,253200,36,2026-08-18T09:17:56Z,2026-08-18T11:59:52Z,2.7
GU27 1QD,SEPD,PSI,1,253200,36,2026-08-18T09:17:56Z,2026-08-18T11:59:52Z,2.7
KW16 3HB,SHEPD,PSI,1,254033,12,2026-08-19T08:59:42Z,2026-08-19T11:42:00Z,2.7
KW16 3HD,SHEPD,PSI,1,254033,12,2026-08-19T08:59:42Z,2026-08-19T11:42:00Z,2.7
KW17 2RB,SHEPD,PSI,1,254033,12,2026-08-19T08:59:42Z,2026-08-19T11:42:00Z,2.7
SP6 1LX,SEPD,HV,1,TV7840,10,2026-08-19T08:59:42Z,2026-08-19T11:42:00Z,2.7
SP6 3HN,SEPD,HV,1,TV7840,10,2026-08-19T08:59:42Z,2026-08-19T11:42:00Z,2.7
SP6 3HT,SEPD,HV,1,TV7840,10,2026-08-19T08:59:42Z,2026-08-19T11:42:00Z,2.7
SO16 5AH,SEPD,LV,1,TV7538,55,2026-08-19T05:38:25Z,2026-08-19T08:18:34Z,2.67
SO16 5AL,SEPD,LV,1,TV7538,55,2026-08-19T05:38:25Z,2026-08-19T08:18:34Z,2.67
SO16 5DN,SEPD,LV,1,TV7538,55,2026-08-19T05:38:25Z,2026-08-19T08:18:34Z,2.67
SO16 5DP,SEPD,LV,1,TV7538,55,2026-08-19T05:38:25Z,2026-08-19T08:18:34Z,2.67
SO16 5DQ,SEPD,LV,1,TV7538,55,2026-08-19T05:38:25Z,2026-08-19T08:18:34Z,2.67
SO16 5DR,SEPD,LV,1,TV7538,55,2026-08-19T05:38:25Z,2026-08-19T08:18:34Z,2.67
SO16 5DS,SEPD,LV,1,TV7538,55,2026-08-19T05:38:25Z,2026-08-19T08:18:34Z,2.67
SO16 5DT,SEPD,LV,1,TV7538,55,2026-08-19T05:38:25Z,2026-08-19T08:18:34Z,2.67
SO16 5DU,SEPD,LV,1,TV7538,55,2026-08-19T05:38:25Z,2026-08-19T08:18:34Z,2.67
SO16 5DW,SEPD,LV,1,TV7538,55,2026-08-19T05:38:25Z,2026-08-19T08:18:34Z,2.67
SO16 5EA,SEPD,LV,1,TV7538,55,2026-08-19T05:38:25Z,2026-08-19T08:18:34Z,2.67
SO16 5EB,SEPD,LV,1,TV7538,55,2026-08-19T05:38:25Z,2026-08-19T08:18:34Z,2.67
SO16 5ED,SEPD,LV,1,TV7538,55,2026-08-19T05:38:25Z,2026-08-19T08:18:34Z,2.67
SO16 5EG,SEPD,LV,1,TV7538,55,2026-08-19T05:38:25Z,2026-08-19T08:18:34Z,2.67
AB42 4JB,SHEPD,HV,1,TV5897,18,2026-08-18T05:14:40Z,2026-08-18T07:53:59Z,2.66
AB42 4JD,SHEPD,HV,1,TV5897,18,2026-08-18T05:14:40Z,2026-08-18T07:53:59Z,2.66
AB42 4JG,SHEPD,HV,1,TV5897,18,2026-08-18T05:14:40Z,2026-08-18T07:53:59Z,2.66
AB42 4JH,SHEPD,HV,1,TV5897,18,2026-08-18T05:14:40Z,2026-08-18T07:53:59Z,2.66
AB42 4JJ,SHEPD,HV,1,TV5897,18,2026-08-18T05:14:40Z,2026-08-18T07:53:59Z,2.66
AB42 4UL,SHEPD,HV,1,TV5897,18,2026-08-18T05:14:40Z,2026-08-18T07:53:59Z,2.66
BN18 0EB,SEPD,PSI,1,253539,17,2026-08-17T08:23:42Z,2026-08-17T11:02:27Z,2.65
PO22 0BP,SEPD,PSI,1,253539,17,2026-08-17T08:23:42Z,2026-08-17T11:02:27Z,2.65
PA28,SHEPD,LV,1,TV6690,7,2026-08-18T13:01:53Z,2026-08-18T15:39:55Z,2.63
PA28 6QP,SHEPD,LV,1,TV6690,7,2026-08-18T13:01:53Z,2026-08-18T15:39:55Z,2.63
RG10 9JQ,SEPD,HV,1,TV6839,210,2026-08-18T13:01:53Z,2026-08-18T15:39:55Z,2.63
RG7 4SG,SEPD,HV,1,TV6839,210,2026-08-18T13:01:53Z,2026-08-18T15:39:55Z,2.63
RG7 4SN,SEPD,HV,1,TV6839,210,2026-08-18T13:01:53Z,2026-08-18T15:39:55Z,2.63
RG7 5FT,SEPD,HV,1,TV6839,210,2026-08-18T13:01:53Z,2026-08-18T15:39:55Z,2.63
RG7 5HU,SEPD,HV,1,TV6839,210,2026-08-18T13:01:53Z,2026-08-18T15:39:55Z,2.63
RG7 5HZ,SEPD,HV,1,TV6839,210,2026-08-18T13:01:53Z,2026-08-18T15:39:55Z,2.63
RG7 5RD,SEPD,HV,1,TV6839,210,2026-08-18T13:01:53Z,2026-08-18T15:39:55Z,2.63
RG7 5RE,SEPD,HV,1,TV6839,210,2026-08-18T13:01:53Z,2026-08-18T15:39:55Z,2.63
RG7 5RG,SEPD,HV,1,TV6839,210,2026-08-18T13:01:53Z,2026-08-18T15:39:55Z,2.63
RG7 5RS,SEPD,HV,1,TV6839,210,2026-08-18T13:01:53Z,2026-08-18T15:39:55Z,2.63
RG7 5RT,SEPD,HV,1,TV6839,210,2026-08-18T13:01:53Z,2026-08-18T15:39:55Z,2.63
RG7 5RU,SEPD,HV,1,TV6839,210,2026-08-18T13:01:53Z,2026-08-18T15:39:55Z,2.63
RG7 5RY,SEPD,HV,1,TV6839,210,2026-08-18T13:01:53Z,2026-08-18T15:39:55Z,2.63
RG7 5SA,SEPD,HV,1,TV6839,210,2026-08-18T13:01:53Z,2026-08-18T15:39:55Z,2.63
RG7 5SB,SEPD,HV,1,TV6839,210,2026-08-18T13:01:53Z,2026-08-18T15:39:55Z,2.63
RG7 5SD,SEPD,HV,1,TV6839,210,2026-08-18T13:01:53Z,2026-08-18T15:39:55Z,2.63
RG7 5SE,SEPD,HV,1,TV6839,210,2026-08-18T13:01:53Z,2026-08-18T15:39:55Z,2.63
RG7 5SQ,SEPD,HV,1,TV6839,210,2026-08-18T13:01:53Z,2026-08-18T15:39:55Z,2.63
RG7 5ST,SEPD,HV,1,TV6839,210,2026-08-18T13:01:53Z,2026-08-18T15:39:55Z,2.63
RG7 5SX,SEPD,HV,1,TV6839,210,2026-08-18T13:01:53Z,2026-08-18T15:39:55Z,2.63
RG7 5SY,SEPD,HV,1,TV6839,210,2026-08-18T13:01:53Z,2026-08-18T15:39:55Z,2.63
RG7 5TD,SEPD,HV,1,TV6839,210,2026-08-18T13:01:53Z,2026-08-18T15:39:55Z,2.63
RG7 5TE,SEPD,HV,1,TV6839,210,2026-08-18T13:01:53Z,2026-08-18T15:39:55Z,2.63
RG7 5TL,SEPD,HV,1,TV6839,210,2026-08-18T13:01:53Z,2026-08-18T15:39:55Z,2.63
RG7 5TN,SEPD,HV,1,TV6839,210,2026-08-18T13:01:53Z,2026-08-18T15:39:55Z,2.63
RG7 5TP,SEPD,HV,1,TV6839,210,2026-08-18T13:01:53Z,2026-08-18T15:39:55Z,2.63
RG7 5TR,SEPD,HV,1,TV6839,210,2026-08-18T13:01:53Z,2026-08-18T15:39:55Z,2.63
RG7 5TS,SEPD,HV,1,TV6839,210,2026-08-18T13:01:53Z,2026-08-18T15:39:55Z,2.63
RG7 5TT,SEPD,HV,1,TV6839,210,2026-08-18T13:01:53Z,2026-08-18T15:39:55Z,2.63
RG7 5TU,SEPD,HV,1,TV6839,210,2026-08-18T13:01:53Z,2026-08-18T15:39:55Z,2.63
RG7 5TX,SEPD,HV,1,TV6839,210,2026-08-18T13:01:53Z,2026-08-18T15:39:55Z,2.63
RG7 5TY,SEPD,HV,1,TV6839,210,2026-08-18T13:01:53Z,2026-08-18T15:39:55Z,2.63
RG7 5UA,SEPD,HV,1,TV6839,210,2026-08-18T13:01:53Z,2026-08-18T15:39:55Z,2.63
RG7 5UB,SEPD,HV,1,TV6839,210,2026-08-18T13:01:53Z,2026-08-18T15:39:55Z,2.63
RG7 5UD,SEPD,HV,1,TV6839,210,2026-08-18T13:01:53Z,2026-08-18T15:39:55Z,2.63
RG7 5UG,SEPD,HV,1,TV6839,210,2026-08-18T13:01:53Z,2026-08-18T15:39:55Z,2.63
RG7 5UH,SEPD,HV,1,TV6839,210,2026-08-18T13:01:53Z,2026-08-18T15:39:55Z,2.63
RG7 5UJ,SEPD,HV,1,TV6839,210,2026-08-18T13:01:53Z,2026-08-18T15:39:55Z,2.63
RG7 5UL,SEPD,HV,1,TV6839,210,2026-08-18T13:01:53Z,2026-08-18T15:39:55Z,2.63
RG7 5UN,SEPD,HV,1,TV6839,210,2026-08-18T13:01:53Z,2026-08-18T15:39:55Z,2.63
RG7 5UP,SEPD,HV,1,TV6839,210,2026-08-18T13:01:53Z,2026-08-18T15:39:55Z,2.63
RG7 5UQ,SEPD,HV,1,TV6839,210,2026-08-18T13:01:53Z,2026-08-18T15:39:55Z,2.63
RG7 5UR,SEPD,HV,1,TV6839,210,2026-08-18T13:01:53Z,2026-08-18T15:39:55Z,2.63
RG7 5UU,SEPD,HV,1,TV6839,210,2026-08-18T13:01:53Z,2026-08-18T15:39:55Z,2.63
RG7 5UW,SEPD,HV,1,TV6839,210,2026-08-18T13:01:53Z,2026-08-18T15:39:55Z,2.63
RG7 5UX,SEPD,HV,1,TV6839,210,2026-08-18T13:01:53Z,2026-08-18T15:39:55Z,2.63
RG7 5UY,SEPD,HV,1,TV6839,210,2026-08-18T13:01:53Z,2026-08-18T15:39:55Z,2.63
RG7 5XA,SEPD,HV,1,TV6839,210,2026-08-18T13:01:53Z,2026-08-18T15:39:55Z,2.63
RG7 5XB,SEPD,HV,1,TV6839,210,2026-08-18T13:01:53Z,2026-08-18T15:39:55Z,2.63
RG7 5XD,SEPD,HV,1,TV6839,210,2026-08-18T13:01:53Z,2026-08-18T15:39:55Z,2.63
RG7 5XE,SEPD,HV,1,TV6839,210,2026-08-18T13:01:53Z,2026-08-18T15:39:55Z,2.63
RG7 6DW,SEPD,HV,1,TV6839,210,2026-08-18T13:01:53Z,2026-08-18T15:39:55Z,2.63
RG7 6NS,SEPD,HV,1,TV6839,210,2026-08-18T13:01:53Z,2026-08-18T15:39:55Z,2.63
RG7 6NT,SEPD,HV,1,TV6839,210,2026-08-18T13:01:53Z,2026-08-18T15:39:55Z,2.63
RG7 6NU,SEPD,HV,1,TV6839,210,2026-08-18T13:01:53Z,2026-08-18T15:39:55Z,2.63
RG7 6NX,SEPD,HV,1,TV6839,210,2026-08-18T13:01:53Z,2026-08-18T15:39:55Z,2.63
RG7 6NY,SEPD,HV,1,TV6839,210,2026-08-18T13:01:53Z,2026-08-18T15:39:55Z,2.63
RG7 6NZ,SEPD,HV,1,TV6839,210,2026-08-18T13:01:53Z,2026-08-18T15:39:55Z,2.63
RG7 6PA,SEPD,HV,1,TV6839,210,2026-08-18T13:01:53Z,2026-08-18T15:39:55Z,2.63
RG7 6PB,SEPD,HV,1,TV6839,210,2026-08-18T13:01:53Z,2026-08-18T15:39:55Z,2.63
RG7 6PD,SEPD,HV,1,TV6839,210,2026-08-18T13:01:53Z,2026-08-18T15:39:55Z,2.63
RG7 6PE,SEPD,HV,1,TV6839,210,2026-08-18T13:01:53Z,2026-08-18T15:39:55Z,2.63
RG7 6PG,SEPD,HV,1,TV6839,210,2026-08-18T13:01:53Z,2026-08-18T15:39:55Z,2.63
RG7 6PH,SEPD,HV,1,TV6839,210,2026-08-18T13:01:53Z,2026-08-18T15:39:55Z,2.63
RG7 6PU,SEPD,HV,1,TV6839,210,2026-08-18T13:01:53Z,2026-08-18T15:39:55Z,2.63
RG7 6QB,SEPD,HV,1,TV6839,210,2026-08-18T13:01:53Z,2026-08-18T15:39:55Z,2.63
RG7 6QD,SEPD,HV,1,TV6839,210,2026-08-18T13:01:53Z,2026-08-18T15:39:55Z,2.63
RG7 6QE,SEPD,HV,1,TV6839,210,2026-08-18T13:01:53Z,2026-08-18T15:39:55Z,2.63
RG7 6QG,SEPD,HV,1,TV6839,210,2026-08-18T13:01:53Z,2026-08-18T15:39:55Z,2.63
RG7 6RP,SEPD,HV,1,TV6839,210,2026-08-18T13:01:53Z,2026-08-18T15:39:55Z,2.63
RG7 6RS,SEPD,HV,1,TV6839,210,2026-08-18T13:01:53Z,2026-08-18T15:39:55Z,2.63
DT3 4EP,SEPD,HV,3,"TU7816,TV3632,TV4147",409,2026-08-12T18:07:32Z,2026-08-16T18:08:05Z,2.62
AB53 6XN,SHEPD,PSI,2,"252409,252412",42,2026-08-13T10:18:13Z,2026-08-13T13:45:21Z,2.62
OX7 3HT,SEPD,LV,2,"TV0981,TV4669",22,2026-08-13T17:43:17Z,2026-08-17T09:11:01Z,2.54
OX7 3HU,SEPD,LV,2,"TV0981,TV4669",22,2026-08-13T17:43:17Z,2026-08-17T09:11:01Z,2.54
SP6 3HP,SEPD,"LV,HV",2,"TV7565,TV7840",23,2026-08-19T07:00:11Z,2026-08-19T10:44:54Z,2.54
SP6 3HR,SEPD,"LV,HV",2,"TV7565,TV7840",23,2026-08-19T07:00:11Z,2026-08-19T10:44:54Z,2.54
SP6 3HS,SEPD,"LV,HV",2,"TV7565,TV7840",23,2026-08-19T07:00:11Z,2026-08-19T10:44:54Z,2.54
DT11 9LQ,SEPD,PSI,1,252262,3,2026-08-16T17:29:32Z,2026-08-16T19:53:48Z,2.4
DT11 9LU,SEPD,PSI,1,252262,3,2026-08-16T17:29:32Z,2026-08-16T19:53:48Z,2.4
DT11 9PU,SEPD,PSI,1,252262,3,2026-08-16T17:29:32Z,2026-08-16T19:53:48Z,2.4
GU52 6AR,SEPD,LV,1,TV3732,14,2026-08-16T07:44:25Z,2026-08-16T10:08:37Z,2.4
GU52 6AW,SEPD,LV,1,TV3732,14,2026-08-16T07:44:25Z,2026-08-16T10:08:37Z,2.4
GU52 6BP,SEPD,LV,1,TV3732,14,2026-08-16T07:44:25Z,2026-08-16T10:08:37Z,2.4
GU52 6LG,SEPD,LV,1,TV3732,14,2026-08-16T07:44:25Z,2026-08-16T10:08:37Z,2.4
GU52 6LQ,SEPD,LV,1,TV3732,14,2026-08-16T07:44:25Z,2026-08-16T10:08:37Z,2.4
RG40 4PP,SEPD,PSI,1,253898,4,2026-08-15T12:54:42Z,2026-08-15T15:14:50Z,2.34
RG40 4PR,SEPD,PSI,1,253898,4,2026-08-15T12:54:42Z,2026-08-15T15:14:50Z,2.34
RG40 4PS,SEPD,PSI,1,253898,4,2026-08-15T12:54:42Z,2026-08-15T15:14:50Z,2.34
DD1 4JP,SHEPD,LV,1,TV4166,9,2026-08-16T20:31:43Z,2026-08-16T22:51:14Z,2.33
DD1 4JR,SHEPD,LV,1,TV4166,9,2026-08-16T20:31:43Z,2026-08-16T22:51:14Z,2.33
DD1 4JS,SHEPD,LV,1,TV4166,9,2026-08-16T20:31:43Z,2026-08-16T22:51:14Z,2.33
DD1 4JW,SHEPD,LV,1,TV4166,9,2026-08-16T20:31:43Z,2026-08-16T22:51:14Z,2.33
DD1 4LH,SHEPD,LV,1,TV4166,9,2026-08-16T20:31:43Z,2026-08-16T22:51:14Z,2.33
OX5 1JS,SEPD,HV,1,TV5066,55,2026-08-17T10:39:57Z,2026-08-17T12:59:19Z,2.32
OX5 3BA,SEPD,HV,1,TV5066,55,2026-08-17T10:39:57Z,2026-08-17T12:59:19Z,2.32
OX5 3ET,SEPD,HV,1,TV5066,55,2026-08-17T10:39:57Z,2026-08-17T12:59:19Z,2.32
OX5 3FT,SEPD,HV,1,TV5066,55,2026-08-17T10:39:57Z,2026-08-17T12:59:19Z,2.32
SL3 6BD,SEPD,LV,1,TV5722,7,2026-08-17T20:35:28Z,2026-08-17T22:54:56Z,2.32
SL3 6DB,SEPD,LV,1,TV5722,7,2026-08-17T20:35:28Z,2026-08-17T22:54:56Z,2.32
SL3 6DD,SEPD,LV,1,TV5722,7,2026-08-17T20:35:28Z,2026-08-17T22:54:56Z,2.32
SL3 6ED,SEPD,LV,1,TV5722,7,2026-08-17T20:35:28Z,2026-08-17T22:54:56Z,2.32
SL3 6EG,SEPD,LV,1,TV5722,7,2026-08-17T20:35:28Z,2026-08-17T22:54:56Z,2.32
SL3 8BY,SEPD,LV,1,TV5722,7,2026-08-17T20:35:28Z,2026-08-17T22:54:56Z,2.32
W4 4BY,SEPD,LV,1,TV4930,13,2026-08-17T10:39:57Z,2026-08-17T12:59:19Z,2.32
W4 4JQ,SEPD,LV,1,TV4930,13,2026-08-17T10:39:57Z,2026-08-17T12:59:19Z,2.32
W4 4JR,SEPD,LV,1,TV4930,13,2026-08-17T10:39:57Z,2026-08-17T12:59:19Z,2.32
W4 4JU,SEPD,LV,1,TV4930,13,2026-08-17T10:39:57Z,2026-08-17T12:59:19Z,2.32
W4 4JW,SEPD,LV,1,TV4930,13,2026-08-17T10:39:57Z,2026-08-17T12:59:19Z,2.32
W4 4JX,SEPD,LV,1,TV4930,13,2026-08-17T10:39:57Z,2026-08-17T12:59:19Z,2.32
W4 4LR,SEPD,LV,1,TV4930,13,2026-08-17T10:39:57Z,2026-08-17T12:59:19Z,2.32
W4 4NF,SEPD,LV,1,TV4930,13,2026-08-17T10:39:57Z,2026-08-17T12:59:19Z,2.32
IV30 3QU,SHEPD,HV,1,TV3095,83,2026-08-15T09:42:34Z,2026-08-15T12:01:27Z,2.31
IV30 3RD,SHEPD,HV,1,TV3095,83,2026-08-15T09:42:34Z,2026-08-15T12:01:27Z,2.31
IV30 8QS,SHEPD,HV,1,TV3095,83,2026-08-15T09:42:34Z,2026-08-15T12:01:27Z,2.31
IV30 8QU,SHEPD,HV,1,TV3095,83,2026-08-15T09:42:34Z,2026-08-15T12:01:27Z,2.31
IV30 8RB,SHEPD,HV,1,TV3095,83,2026-08-15T09:42:34Z,2026-08-15T12:01:27Z,2.31
IV30 8RD,SHEPD,HV,1,TV3095,83,2026-08-15T09:42:34Z,2026-08-15T12:01:27Z,2.31
IV30 8RJ,SHEPD,HV,1,TV3095,83,2026-08-15T09:42:34Z,2026-08-15T12:01:27Z,2.31
IV30 8RL,SHEPD,HV,1,TV3095,83,2026-08-15T09:42:34Z,2026-08-15T12:01:27Z,2.31
IV30 8RN,SHEPD,HV,1,TV3095,83,2026-08-15T09:42:34Z,2026-08-15T12:01:27Z,2.31
IV30 8RW,SHEPD,HV,1,TV3095,83,2026-08-15T09:42:34Z,2026-08-15T12:01:27Z,2.31
PO8 0DE,SEPD,PSI,1,253726,88,2026-08-12T11:42:00Z,2026-08-12T13:59:51Z,2.3
PO8 0DL,SEPD,PSI,1,253726,88,2026-08-12T11:42:00Z,2026-08-12T13:59:51Z,2.3
PO8 0DN,SEPD,PSI,1,253726,88,2026-08-12T11:42:00Z,2026-08-12T13:59:51Z,2.3
PO8 0DW,SEPD,PSI,1,253726,88,2026-08-12T11:42:00Z,2026-08-12T13:59:51Z,2.3
RG40 4PH,SEPD,PSI,1,253697,132,2026-08-12T11:42:00Z,2026-08-12T13:59:51Z,2.3
RG40 4PJ,SEPD,PSI,1,253697,132,2026-08-12T11:42:00Z,2026-08-12T13:59:51Z,2.3
RG40 4PL,SEPD,PSI,1,253697,132,2026-08-12T11:42:00Z,2026-08-12T13:59:51Z,2.3
RG40 4PN,SEPD,PSI,1,253697,132,2026-08-12T11:42:00Z,2026-08-12T13:59:51Z,2.3
RG40 4TS,SEPD,PSI,1,253697,132,2026-08-12T11:42:00Z,2026-08-12T13:59:51Z,2.3
RG40 4TU,SEPD,PSI,1,253697,132,2026-08-12T11:42:00Z,2026-08-12T13:59:51Z,2.3
RG41 4DQ,SEPD,PSI,1,253697,132,2026-08-12T11:42:00Z,2026-08-12T13:59:51Z,2.3
RG41 4TG,SEPD,PSI,1,253697,132,2026-08-12T11:42:00Z,2026-08-12T13:59:51Z,2.3
RG41 4TH,SEPD,PSI,1,253697,132,2026-08-12T11:42:00Z,2026-08-12T13:59:51Z,2.3
RG41 4TJ,SEPD,PSI,1,253697,132,2026-08-12T11:42:00Z,2026-08-12T13:59:51Z,2.3
RG41 4TL,SEPD,PSI,1,253697,132,2026-08-12T11:42:00Z,2026-08-12T13:59:51Z,2.3
RG41 4TN,SEPD,PSI,1,253697,132,2026-08-12T11:42:00Z,2026-08-12T13:59:51Z,2.3
RG41 4TP,SEPD,PSI,1,253697,132,2026-08-12T11:42:00Z,2026-08-12T13:59:51Z,2.3
RG41 4TR,SEPD,PSI,1,253697,132,2026-08-12T11:42:00Z,2026-08-12T13:59:51Z,2.3
RG41 4TS,SEPD,PSI,1,253697,132,2026-08-12T11:42:00Z,2026-08-12T13:59:51Z,2.3
SN3 4AA,SEPD,LV,1,TU8072,8,2026-08-12T11:42:00Z,2026-08-12T13:59:51Z,2.3
SN3 4BP,SEPD,LV,1,TU8072,8,2026-08-12T11:42:00Z,2026-08-12T13:59:51Z,2.3
SN3 4BW,SEPD,LV,1,TU8072,8,2026-08-12T11:42:00Z,2026-08-12T13:59:51Z,2.3
SN4 7HF,SEPD,PSI,1,254054,7,2026-08-12T11:42:00Z,2026-08-12T13:59:51Z,2.3
TW18 4YX,SEPD,PSI,1,254149,45,2026-08-12T11:42:00Z,2026-08-12T13:59:51Z,2.3
TW19 6EB,SEPD,PSI,1,254149,45,2026-08-12T11:42:00Z,2026-08-12T13:59:51Z,2.3
TW19 6ED,SEPD,PSI,1,254149,45,2026-08-12T11:42:00Z,2026-08-12T13:59:51Z,2.3
TW19 6EE,SEPD,PSI,1,254149,45,2026-08-12T11:42:00Z,2026-08-12T13:59:51Z,2.3
TW19 6EF,SEPD,PSI,1,254149,45,2026-08-12T11:42:00Z,2026-08-12T13:59:51Z,2.3
TW19 6EG,SEPD,PSI,1,254149,45,2026-08-12T11:42:00Z,2026-08-12T13:59:51Z,2.3
TW19 6EQ,SEPD,PSI,1,254149,45,2026-08-12T11:42:00Z,2026-08-12T13:59:51Z,2.3
SN1 5BP,SEPD,LV,2,"TV7295,TV7296",24,2026-08-18T19:35:12Z,2026-08-18T21:52:12Z,2.28
SN1 5DA,SEPD,LV,2,"TV7295,TV7296",24,2026-08-18T19:35:12Z,2026-08-18T21:52:12Z,2.28
SN1 5BU,SEPD,LV,1,TV7296,18,2026-08-18T19:35:12Z,2026-08-18T21:52:12Z,2.28
SN1 5DE,SEPD,LV,1,TV7296,18,2026-08-18T19:35:12Z,2026-08-18T21:52:12Z,2.28
SN1 5DG,SEPD,LV,1,TV7296,18,2026-08-18T19:35:12Z,2026-08-18T21:52:12Z,2.28
PO33 1PB,SEPD,LV,1,TV3512,4,2026-08-15T20:37:24Z,2026-08-15T22:53:49Z,2.27
PO33 1PN,SEPD,LV,1,TV3512,4,2026-08-15T20:37:24Z,2026-08-15T22:53:49Z,2.27
PO33 1PR,SEPD,LV,1,TV3512,4,2026-08-15T20:37:24Z,2026-08-15T22:53:49Z,2.27
SN5 6EG,SEPD,LV,1,TV5597,30,2026-08-17T16:37:51Z,2026-08-17T18:53:52Z,2.27
SN5 6EH,SEPD,LV,1,TV5597,30,2026-08-17T16:37:51Z,2026-08-17T18:53:52Z,2.27
SN5 6HP,SEPD,LV,1,TV5597,30,2026-08-17T16:37:51Z,2026-08-17T18:53:52Z,2.27
SN5 6HS,SEPD,LV,1,TV5597,30,2026-08-17T16:37:51Z,2026-08-17T18:53:52Z,2.27
SN5 6HT,SEPD,LV,1,TV5597,30,2026-08-17T16:37:51Z,2026-08-17T18:53:52Z,2.27
SN5 6HU,SEPD,LV,1,TV5597,30,2026-08-17T16:37:51Z,2026-08-17T18:53:52Z,2.27
SN5 6HW,SEPD,LV,1,TV5597,30,2026-08-17T16:37:51Z,2026-08-17T18:53:52Z,2.27
SN5 6HX,SEPD,LV,1,TV5597,30,2026-08-17T16:37:51Z,2026-08-17T18:53:52Z,2.27
AB51 5NY,SHEPD,PSI,1,253526,14,2026-08-18T08:47:30Z,2026-08-18T11:01:30Z,2.23
IV36 0RT,SHEPD,PSI,1,254039,19,2026-08-18T08:47:30Z,2026-08-18T11:01:30Z,2.23
IV36 2PT,SHEPD,PSI,1,254039,19,2026-08-18T08:47:30Z,2026-08-18T11:01:30Z,2.23
IV36 2RT,SHEPD,PSI,1,254039,19,2026-08-18T08:47:30Z,2026-08-18T11:01:30Z,2.23
ML1 4WJ,SHEPD,PSI,1,252748,2,2026-08-12T21:56:58Z,2026-08-13T00:10:06Z,2.22
ML1 4WQ,SHEPD,PSI,1,252748,2,2026-08-12T21:56:58Z,2026-08-13T00:10:06Z,2.22
SP4 7AA,SEPD,LV,1,TR5144,23,2026-08-12T21:56:58Z,2026-08-13T00:10:06Z,2.22
SP4 7AJ,SEPD,LV,1,TR5144,23,2026-08-12T21:56:58Z,2026-08-13T00:10:06Z,2.22
SP4 7AL,SEPD,LV,1,TR5144,23,2026-08-12T21:56:58Z,2026-08-13T00:10:06Z,2.22
SP4 7AN,SEPD,LV,1,TR5144,23,2026-08-12T21:56:58Z,2026-08-13T00:10:06Z,2.22
SP4 7AX,SEPD,LV,1,TR5144,23,2026-08-12T21:56:58Z,2026-08-13T00:10:06Z,2.22
SP4 7DR,SEPD,LV,1,TR5144,23,2026-08-12T21:56:58Z,2026-08-13T00:10:06Z,2.22
SP4 7DT,SEPD,LV,1,TR5144,23,2026-08-12T21:56:58Z,2026-08-13T00:10:06Z,2.22
SP4 7HQ,SEPD,LV,1,TR5144,23,2026-08-12T21:56:58Z,2026-08-13T00:10:06Z,2.22
SP4 7LT,SEPD,LV,1,TR5144,23,2026-08-12T21:56:58Z,2026-08-13T00:10:06Z,2.22
SP4 7LY,SEPD,LV,1,TR5144,23,2026-08-12T21:56:58Z,2026-08-13T00:10:06Z,2.22
UB5 4QJ,SEPD,HV,1,TV3983,152,2026-08-16T14:30:57Z,2026-08-16T16:42:14Z,2.19
UB5 4QL,SEPD,HV,1,TV3983,152,2026-08-16T14:30:57Z,2026-08-16T16:42:14Z,2.19
UB5 4QN,SEPD,HV,1,TV3983,152,2026-08-16T14:30:57Z,2026-08-16T16:42:14Z,2.19
UB5 4RX,SEPD,HV,1,TV3983,152,2026-08-16T14:30:57Z,2026-08-16T16:42:14Z,2.19
PO6 1RU,SEPD,LV,1,TV6799,5,2026-08-18T13:51:36Z,2026-08-18T16:02:41Z,2.18
PO6 1SB,SEPD,LV,1,TV6799,5,2026-08-18T13:51:36Z,2026-08-18T16:02:41Z,2.18
PO6 1SS,SEPD,LV,1,TV6799,5,2026-08-18T13:51:36Z,2026-08-18T16:02:41Z,2.18
PO6 1ST,SEPD,LV,1,TV6799,5,2026-08-18T13:51:36Z,2026-08-18T16:02:41Z,2.18
PO6 1TL,SEPD,LV,1,TV6799,5,2026-08-18T13:51:36Z,2026-08-18T16:02:41Z,2.18
SO19,SEPD,HV,1,TV3971,238,2026-08-16T13:58:46Z,2026-08-16T16:09:52Z,2.18
SO19 0AH,SEPD,HV,1,TV3971,238,2026-08-16T13:58:46Z,2026-08-16T16:09:52Z,2.18
SO19 0AL,SEPD,HV,1,TV3971,238,2026-08-16T13:58:46Z,2026-08-16T16:09:52Z,2.18
SO19 0DU,SEPD,HV,1,TV3971,238,2026-08-16T13:58:46Z,2026-08-16T16:09:52Z,2.18
SO19 0DW,SEPD,HV,1,TV3971,238,2026-08-16T13:58:46Z,2026-08-16T16:09:52Z,2.18
SO19 0EQ,SEPD,HV,1,TV3971,238,2026-08-16T13:58:46Z,2026-08-16T16:09:52Z,2.18
SO19 0ER,SEPD,HV,1,TV3971,238,2026-08-16T13:58:46Z,2026-08-16T16:09:52Z,2.18
SO19 0FX,SEPD,HV,1,TV3971,238,2026-08-16T13:58:46Z,2026-08-16T16:09:52Z,2.18
SO19 0HH,SEPD,HV,1,TV3971,238,2026-08-16T13:58:46Z,2026-08-16T16:09:52Z,2.18
SO19 0HS,SEPD,HV,1,TV3971,238,2026-08-16T13:58:46Z,2026-08-16T16:09:52Z,2.18
SO19 0HU,SEPD,HV,1,TV3971,238,2026-08-16T13:58:46Z,2026-08-16T16:09:52Z,2.18
SO19 0HX,SEPD,HV,1,TV3971,238,2026-08-16T13:58:46Z,2026-08-16T16:09:52Z,2.18
SO19 0HY,SEPD,HV,1,TV3971,238,2026-08-16T13:58:46Z,2026-08-16T16:09:52Z,2.18
SO19 0JE,SEPD,HV,1,TV3971,238,2026-08-16T13:58:46Z,2026-08-16T16:09:52Z,2.18
SO19 0JF,SEPD,HV,1,TV3971,238,2026-08-16T13:58:46Z,2026-08-16T16:09:52Z,2.18
SO19 0JN,SEPD,HV,1,TV3971,238,2026-08-16T13:58:46Z,2026-08-16T16:09:52Z,2.18
SO19 0JP,SEPD,HV,1,TV3971,238,2026-08-16T13:58:46Z,2026-08-16T16:09:52Z,2.18
SO19 0JQ,SEPD,HV,1,TV3971,238,2026-08-16T13:58:46Z,2026-08-16T16:09:52Z,2.18
SO19 0NL,SEPD,HV,1,TV3971,238,2026-08-16T13:58:46Z,2026-08-16T16:09:52Z,2.18
SO19 0NN,SEPD,HV,1,TV3971,238,2026-08-16T13:58:46Z,2026-08-16T16:09:52Z,2.18
SO19 0NP,SEPD,HV,1,TV3971,238,2026-08-16T13:58:46Z,2026-08-16T16:09:52Z,2.18
SO19 0NR,SEPD,HV,1,TV3971,238,2026-08-16T13:58:46Z,2026-08-16T16:09:52Z,2.18
SO19 0PX,SEPD,HV,1,TV3971,238,2026-08-16T13:58:46Z,2026-08-16T16:09:52Z,2.18
SO19 0QA,SEPD,HV,1,TV3971,238,2026-08-16T13:58:46Z,2026-08-16T16:09:52Z,2.18
SO19 0QB,SEPD,HV,1,TV3971,238,2026-08-16T13:58:46Z,2026-08-16T16:09:52Z,2.18
SO19 0QD,SEPD,HV,1,TV3971,238,2026-08-16T13:58:46Z,2026-08-16T16:09:52Z,2.18
SO19 0QE,SEPD,HV,1,TV3971,238,2026-08-16T13:58:46Z,2026-08-16T16:09:52Z,2.18
SO19 0QF,SEPD,HV,1,TV3971,238,2026-08-16T13:58:46Z,2026-08-16T16:09:52Z,2.18
SO19 0QG,SEPD,HV,1,TV3971,238,2026-08-16T13:58:46Z,2026-08-16T16:09:52Z,2.18
SO19 0QH,SEPD,HV,1,TV3971,238,2026-08-16T13:58:46Z,2026-08-16T16:09:52Z,2.18
SO19 0QJ,SEPD,HV,1,TV3971,238,2026-08-16T13:58:46Z,2026-08-16T16:09:52Z,2.18
SO19 0QL,SEPD,HV,1,TV3971,238,2026-08-16T13:58:46Z,2026-08-16T16:09:52Z,2.18
SO19 0RX,SEPD,HV,1,TV3971,238,2026-08-16T13:58:46Z,2026-08-16T16:09:52Z,2.18
DT9,SEPD,HV,2,"TV7392,TV7647",1818,2026-08-19T04:21:34Z,2026-08-19T11:42:00Z,2.17
SN7 0NY,SEPD,HV,2,"TV7392,TV7647",1818,2026-08-19T04:21:34Z,2026-08-19T11:42:00Z,2.17
SP7 0AF,SEPD,HV,2,"TV7392,TV7647",1818,2026-08-19T04:21:34Z,2026-08-19T11:42:00Z,2.17
SP7 0AH,SEPD,HV,2,"TV7392,TV7647",1818,2026-08-19T04:21:34Z,2026-08-19T11:42:00Z,2.17
SP7 0AJ,SEPD,HV,2,"TV7392,TV7647",1818,2026-08-19T04:21:34Z,2026-08-19T11:42:00Z,2.17
SP7 0AN,SEPD,HV,2,"TV7392,TV7647",1818,2026-08-19T04:21:34Z,2026-08-19T11:42:00Z,2.17
SP7 0AP,SEPD,HV,2,"TV7392,TV7647",1818,2026-08-19T04:21:34Z,2026-08-19T11:42:00Z,2.17
SP7 0AR,SEPD,HV,2,"TV7392,TV7647",1818,2026-08-19T04:21:34Z,2026-08-19T11:42:00Z,2.17
SP7 0AS,SEPD,HV,2,"TV7392,TV7647",1818,2026-08-19T04:21:34Z,2026-08-19T11:42:00Z,2.17
SP7 0AT,SEPD,HV,2,"TV7392,TV7647",1818,2026-08-19T04:21:34Z,2026-08-19T11:42:00Z,2.17
SP7 0AU,SEPD,HV,2,"TV7392,TV7647",1818,2026-08-19T04:21:34Z,2026-08-19T11:42:00Z,2.17
SP7 0AX,SEPD,HV,2,"TV7392,TV7647",1818,2026-08-19T04:21:34Z,2026-08-19T11:42:00Z,2.17
SP7 0BA,SEPD,HV,2,"TV7392,TV7647",1818,2026-08-19T04:21:34Z,2026-08-19T11:42:00Z,2.17
SP7 0BE,SEPD,HV,2,"TV7392,TV7647",1818,2026-08-19T04:21:34Z,2026-08-19T11:42:00Z,2.17
SP7 0BF,SEPD,HV,2,"TV7392,TV7647",1818,2026-08-19T04:21:34Z,2026-08-19T11:42:00Z,2.17
SP7 0BJ,SEPD,HV,2,"TV7392,TV7647",1818,2026-08-19T04:21:34Z,2026-08-19T11:42:00Z,2.17
SP7 0BL,SEPD,HV,2,"TV7392,TV7647",1818,2026-08-19T04:21:34Z,2026-08-19T11:42:00Z,2.17
SP7 0BP,SEPD,HV,2,"TV7392,TV7647",1818,2026-08-19T04:21:34Z,2026-08-19T11:42:00Z,2.17
SP7 0BS,SEPD,HV,2,"TV7392,TV7647",1818,2026-08-19T04:21:34Z,2026-08-19T11:42:00Z,2.17
SP7 0BT,SEPD,HV,2,"TV7392,TV7647",1818,2026-08-19T04:21:34Z,2026-08-19T11:42:00Z,2.17
SP7 0BU,SEPD,HV,2,"TV7392,TV7647",1818,2026-08-19T04:21:34Z,2026-08-19T11:42:00Z,2.17
SP7 0BW,SEPD,HV,2,"TV7392,TV7647",1818,2026-08-19T04:21:34Z,2026-08-19T11:42:00Z,2.17
SP7 0BX,SEPD,HV,2,"TV7392,TV7647",1818,2026-08-19T04:21:34Z,2026-08-19T11:42:00Z,2.17
SP7 0BY,SEPD,HV,2,"TV7392,TV7647",1818,2026-08-19T04:21:34Z,2026-08-19T11:42:00Z,2.17
SP7 0BZ,SEPD,HV,2,"TV7392,TV7647",1818,2026-08-19T04:21:34Z,2026-08-19T11:42:00Z,2.17
SP7 0DA,SEPD,HV,2,"TV7392,TV7647",1818,2026-08-19T04:21:34Z,2026-08-19T11:42:00Z,2.17
SP7 0DB,SEPD,HV,2,"TV7392,TV7647",1818,2026-08-19T04:21:34Z,2026-08-19T11:42:00Z,2.17
SP7 0DE,SEPD,HV,2,"TV7392,TV7647",1818,2026-08-19T04:21:34Z,2026-08-19T11:42:00Z,2.17
SP7 0DF,SEPD,HV,2,"TV7392,TV7647",1818,2026-08-19T04:21:34Z,2026-08-19T11:42:00Z,2.17
SP7 0DG,SEPD,HV,2,"TV7392,TV7647",1818,2026-08-19T04:21:34Z,2026-08-19T11:42:00Z,2.17
SP7 0DH,SEPD,HV,2,"TV7392,TV7647",1818,2026-08-19T04:21:34Z,2026-08-19T11:42:00Z,2.17
SP7 0DJ,SEPD,HV,2,"TV7392,TV7647",1818,2026-08-19T04:21:34Z,2026-08-19T11:42:00Z,2.17
SP7 0DL,SEPD,HV,2,"TV7392,TV7647",1818,2026-08-19T04:21:34Z,2026-08-19T11:42:00Z,2.17
SP7 0DN,SEPD,HV,2,"TV7392,TV7647",1818,2026-08-19T04:21:34Z,2026-08-19T11:42:00Z,2.17
SP7 0DP,SEPD,HV,2,"TV7392,TV7647",1818,2026-08-19T04:21:34Z,2026-08-19T11:42:00Z,2.17
SP7 0DQ,SEPD,HV,2,"TV7392,TV7647",1818,2026-08-19T04:21:34Z,2026-08-19T11:42:00Z,2.17
SP7 0DR,SEPD,HV,2,"TV7392,TV7647",1818,2026-08-19T04:21:34Z,2026-08-19T11:42:00Z,2.17
SP7 0DS,SEPD,HV,2,"TV7392,TV7647",1818,2026-08-19T04:21:34Z,2026-08-19T11:42:00Z,2.17
SP7 0DT,SEPD,HV,2,"TV7392,TV7647",1818,2026-08-19T04:21:34Z,2026-08-19T11:42:00Z,2.17
SP7 0DU,SEPD,HV,2,"TV7392,TV7647",1818,2026-08-19T04:21:34Z,2026-08-19T11:42:00Z,2.17
SP7 0DW,SEPD,HV,2,"TV7392,TV7647",1818,2026-08-19T04:21:34Z,2026-08-19T11:42:00Z,2.17
SP7 0DX,SEPD,HV,2,"TV7392,TV7647",1818,2026-08-19T04:21:34Z,2026-08-19T11:42:00Z,2.17
SP7 0DZ,SEPD,HV,2,"TV7392,TV7647",1818,2026-08-19T04:21:34Z,2026-08-19T11:42:00Z,2.17
SP7 0EA,SEPD,HV,2,"TV7392,TV7647",1818,2026-08-19T04:21:34Z,2026-08-19T11:42:00Z,2.17
SP7 0EB,SEPD,HV,2,"TV7392,TV7647",1818,2026-08-19T04:21:34Z,2026-08-19T11:42:00Z,2.17
SP7 0ED,SEPD,HV,2,"TV7392,TV7647",1818,2026-08-19T04:21:34Z,2026-08-19T11:42:00Z,2.17
SP7 0EE,SEPD,HV,2,"TV7392,TV7647",1818,2026-08-19T04:21:34Z,2026-08-19T11:42:00Z,2.17
SP7 0EF,SEPD,HV,2,"TV7392,TV7647",1818,2026-08-19T04:21:34Z,2026-08-19T11:42:00Z,2.17
SP7 0EG,SEPD,HV,2,"TV7392,TV7647",1818,2026-08-19T04:21:34Z,2026-08-19T11:42:00Z,2.17
SP7 0EH,SEPD,HV,2,"TV7392,TV7647",1818,2026-08-19T04:21:34Z,2026-08-19T11:42:00Z,2.17
SP7 0JA,SEPD,HV,2,"TV7392,TV7647",1818,2026-08-19T04:21:34Z,2026-08-19T11:42:00Z,2.17
SP7 0JB,SEPD,HV,2,"TV7392,TV7647",1818,2026-08-19T04:21:34Z,2026-08-19T11:42:00Z,2.17
SP7 0JD,SEPD,HV,2,"TV7392,TV7647",1818,2026-08-19T04:21:34Z,2026-08-19T11:42:00Z,2.17
SP7 0JE,SEPD,HV,2,"TV7392,TV7647",1818,2026-08-19T04:21:34Z,2026-08-19T11:42:00Z,2.17
SP7 0JF,SEPD,HV,2,"TV7392,TV7647",1818,2026-08-19T04:21:34Z,2026-08-19T11:42:00Z,2.17
SP7 0JG,SEPD,HV,2,"TV7392,TV7647",1818,2026-08-19T04:21:34Z,2026-08-19T11:42:00Z,2.17
SP7 0JH,SEPD,HV,2,"TV7392,TV7647",1818,2026-08-19T04:21:34Z,2026-08-19T11:42:00Z,2.17
SP7 0JJ,SEPD,HV,2,"TV7392,TV7647",1818,2026-08-19T04:21:34Z,2026-08-19T11:42:00Z,2.17
SP7 0JL,SEPD,HV,2,"TV7392,TV7647",1818,2026-08-19T04:21:34Z,2026-08-19T11:42:00Z,2.17
SP7 0JN,SEPD,HV,2,"TV7392,TV7647",1818,2026-08-19T04:21:34Z,2026-08-19T11:42:00Z,2.17
SP7 0JP,SEPD,HV,2,"TV7392,TV7647",1818,2026-08-19T04:21:34Z,2026-08-19T11:42:00Z,2.17
SP7 0JQ,SEPD,HV,2,"TV7392,TV7647",1818,2026-08-19T04:21:34Z,2026-08-19T11:42:00Z,2.17
SP7 0JR,SEPD,HV,2,"TV7392,TV7647",1818,2026-08-19T04:21:34Z,2026-08-19T11:42:00Z,2.17
SP7 0JS,SEPD,HV,2,"TV7392,TV7647",1818,2026-08-19T04:21:34Z,2026-08-19T11:42:00Z,2.17
SP7 0JT,SEPD,HV,2,"TV7392,TV7647",1818,2026-08-19T04:21:34Z,2026-08-19T11:42:00Z,2.17
SP7 0JU,SEPD,HV,2,"TV7392,TV7647",1818,2026-08-19T04:21:34Z,2026-08-19T11:42:00Z,2.17
SP7 0JW,SEPD,HV,2,"TV7392,TV7647",1818,2026-08-19T04:21:34Z,2026-08-19T11:42:00Z,2.17
SP7 0JX,SEPD,HV,2,"TV7392,TV7647",1818,2026-08-19T04:21:34Z,2026-08-19T11:42:00Z,2.17
SP7 0JY,SEPD,HV,2,"TV7392,TV7647",1818,2026-08-19T04:21:34Z,2026-08-19T11:42:00Z,2.17
SP7 0LA,SEPD,HV,2,"TV7392,TV7647",1818,2026-08-19T04:21:34Z,2026-08-19T11:42:00Z,2.17
SP7 0LB,SEPD,HV,2,"TV7392,TV7647",1818,2026-08-19T04:21:34Z,2026-08-19T11:42:00Z,2.17
SP7 0LE,SEPD,HV,2,"TV7392,TV7647",1818,2026-08-19T04:21:34Z,2026-08-19T11:42:00Z,2.17
SP7 0LF,SEPD,HV,2,"TV7392,TV7647",1818,2026-08-19T04:21:34Z,2026-08-19T11:42:00Z,2.17
SP7 0LG,SEPD,HV,2,"TV7392,TV7647",1818,2026-08-19T04:21:34Z,2026-08-19T11:42:00Z,2.17
SP7 0LH,SEPD,HV,2,"TV7392,TV7647",1818,2026-08-19T04:21:34Z,2026-08-19T11:42:00Z,2.17
SP7 0LP,SEPD,HV,2,"TV7392,TV7647",1818,2026-08-19T04:21:34Z,2026-08-19T11:42:00Z,2.17
SP7 0LQ,SEPD,HV,2,"TV7392,TV7647",1818,2026-08-19T04:21:34Z,2026-08-19T11:42:00Z,2.17
SP7 0LU,SEPD,HV,2,"TV7392,TV7647",1818,2026-08-19T04:21:34Z,2026-08-19T11:42:00Z,2.17
SP7 0LX,SEPD,HV,2,"TV7392,TV7647",1818,2026-08-19T04:21:34Z,2026-08-19T11:42:00Z,2.17
SP7 0LY,SEPD,HV,2,"TV7392,TV7647",1818,2026-08-19T04:21:34Z,2026-08-19T11:42:00Z,2.17
SP7 0LZ,SEPD,HV,2,"TV7392,TV7647",1818,2026-08-19T04:21:34Z,2026-08-19T11:42:00Z,2.17
SP7 0NB,SEPD,HV,2,"TV7392,TV7647",1818,2026-08-19T04:21:34Z,2026-08-19T11:42:00Z,2.17
SP7 0ND,SEPD,HV,2,"TV7392,TV7647",1818,2026-08-19T04:21:34Z,2026-08-19T11:42:00Z,2.17
SP7 0NF,SEPD,HV,2,"TV7392,TV7647",1818,2026-08-19T04:21:34Z,2026-08-19T11:42:00Z,2.17
SP7 0NG,SEPD,HV,2,"TV7392,TV7647",1818,2026-08-19T04:21:34Z,2026-08-19T11:42:00Z,2.17
SP7 0NH,SEPD,HV,2,"TV7392,TV7647",1818,2026-08-19T04:21:34Z,2026-08-19T11:42:00Z,2.17
SP7 0NJ,SEPD,HV,2,"TV7392,TV7647",1818,2026-08-19T04:21:34Z,2026-08-19T11:42:00Z,2.17
SP7 0NL,SEPD,HV,2,"TV7392,TV7647",1818,2026-08-19T04:21:34Z,2026-08-19T11:42:00Z,2.17
SP7 0NN,SEPD,HV,2,"TV7392,TV7647",1818,2026-08-19T04:21:34Z,2026-08-19T11:42:00Z,2.17
SP7 0NP,SEPD,HV,2,"TV7392,TV7647",1818,2026-08-19T04:21:34Z,2026-08-19T11:42:00Z,2.17
SP7 0NQ,SEPD,HV,2,"TV7392,TV7647",1818,2026-08-19T04:21:34Z,2026-08-19T11:42:00Z,2.17
SP7 0NR,SEPD,HV,2,"TV7392,TV7647",1818,2026-08-19T04:21:34Z,2026-08-19T11:42:00Z,2.17
SP7 0NS,SEPD,HV,2,"TV7392,TV7647",1818,2026-08-19T04:21:34Z,2026-08-19T11:42:00Z,2.17
SP7 0NT,SEPD,HV,2,"TV7392,TV7647",1818,2026-08-19T04:21:34Z,2026-08-19T11:42:00Z,2.17
SP7 0NU,SEPD,HV,2,"TV7392,TV7647",1818,2026-08-19T04:21:34Z,2026-08-19T11:42:00Z,2.17
SP7 0NW,SEPD,HV,2,"TV7392,TV7647",1818,2026-08-19T04:21:34Z,2026-08-19T11:42:00Z,2.17
SP7 0NX,SEPD,HV,2,"TV7392,TV7647",1818,2026-08-19T04:21:34Z,2026-08-19T11:42:00Z,2.17
SP7 0NY,SEPD,HV,2,"TV7392,TV7647",1818,2026-08-19T04:21:34Z,2026-08-19T11:42:00Z,2.17
SP7 0PA,SEPD,HV,2,"TV7392,TV7647",1818,2026-08-19T04:21:34Z,2026-08-19T11:42:00Z,2.17
SP7 0PB,SEPD,HV,2,"TV7392,TV7647",1818,2026-08-19T04:21:34Z,2026-08-19T11:42:00Z,2.17
SP7 0PD,SEPD,HV,2,"TV7392,TV7647",1818,2026-08-19T04:21:34Z,2026-08-19T11:42:00Z,2.17
SP7 0PE,SEPD,HV,2,"TV7392,TV7647",1818,2026-08-19T04:21:34Z,2026-08-19T11:42:00Z,2.17
SP7 0PF,SEPD,HV,2,"TV7392,TV7647",1818,2026-08-19T04:21:34Z,2026-08-19T11:42:00Z,2.17
SP7 0PG,SEPD,HV,2,"TV7392,TV7647",1818,2026-08-19T04:21:34Z,2026-08-19T11:42:00Z,2.17
SP7 0PH,SEPD,HV,2,"TV7392,TV7647",1818,2026-08-19T04:21:34Z,2026-08-19T11:42:00Z,2.17
SP7 0PJ,SEPD,HV,2,"TV7392,TV7647",1818,2026-08-19T04:21:34Z,2026-08-19T11:42:00Z,2.17
SP7 0PQ,SEPD,HV,2,"TV7392,TV7647",1818,2026-08-19T04:21:34Z,2026-08-19T11:42:00Z,2.17
SP7 0PS,SEPD,HV,2,"TV7392,TV7647",1818,2026-08-19T04:21:34Z,2026-08-19T11:42:00Z,2.17
SP7 0QY,SEPD,HV,2,"TV7392,TV7647",1818,2026-08-19T04:21:34Z,2026-08-19T11:42:00Z,2.17
SP7 0QZ,SEPD,HV,2,"TV7392,TV7647",1818,2026-08-19T04:21:34Z,2026-08-19T11:42:00Z,2.17
SP7 8DA,SEPD,HV,2,"TV7392,TV7647",1818,2026-08-19T04:21:34Z,2026-08-19T11:42:00Z,2.17
RG31 5EB,SEPD,LV,1,TV7358,41,2026-08-18T23:35:11Z,2026-08-19T01:45:39Z,2.17
RG31 5ED,SEPD,LV,1,TV7358,41,2026-08-18T23:35:11Z,2026-08-19T01:45:39Z,2.17
RG31 5EG,SEPD,LV,1,TV7358,41,2026-08-18T23:35:11Z,2026-08-19T01:45:39Z,2.17
RG31 5HD,SEPD,LV,1,TV7358,41,2026-08-18T23:35:11Z,2026-08-19T01:45:39Z,2.17
RG31 5HF,SEPD,LV,1,TV7358,41,2026-08-18T23:35:11Z,2026-08-19T01:45:39Z,2.17
RG31 5PA,SEPD,LV,1,TV7358,41,2026-08-18T23:35:11Z,2026-08-19T01:45:39Z,2.17
SL8 5RG,SEPD,LV,1,TV3342,3,2026-08-15T15:40:16Z,2026-08-15T17:49:23Z,2.15
DD9 6TN,SHEPD,HV,1,TV3705,13,2026-08-16T07:04:49Z,2026-08-16T09:13:03Z,2.14
DD9 6TU,SHEPD,HV,1,TV3705,13,2026-08-16T07:04:49Z,2026-08-16T09:13:03Z,2.14
DD9 6TW,SHEPD,HV,1,TV3705,13,2026-08-16T07:04:49Z,2026-08-16T09:13:03Z,2.14
DD9 6TZ,SHEPD,HV,1,TV3705,13,2026-08-16T07:04:49Z,2026-08-16T09:13:03Z,2.14
AB51 5EB,SHEPD,HV,1,TV1548,232,2026-08-14T07:44:18Z,2026-08-14T09:52:18Z,2.13
AB51 5EE,SHEPD,HV,1,TV1548,232,2026-08-14T07:44:18Z,2026-08-14T09:52:18Z,2.13
AB51 5HP,SHEPD,HV,1,TV1548,232,2026-08-14T07:44:18Z,2026-08-14T09:52:18Z,2.13
AB51 5HQ,SHEPD,HV,1,TV1548,232,2026-08-14T07:44:18Z,2026-08-14T09:52:18Z,2.13
AB51 5HS,SHEPD,HV,1,TV1548,232,2026-08-14T07:44:18Z,2026-08-14T09:52:18Z,2.13
AB51 5HW,SHEPD,HV,1,TV1548,232,2026-08-14T07:44:18Z,2026-08-14T09:52:18Z,2.13
AB51 5HZ,SHEPD,HV,1,TV1548,232,2026-08-14T07:44:18Z,2026-08-14T09:52:18Z,2.13
AB52 6AB,SHEPD,HV,1,TV1548,232,2026-08-14T07:44:18Z,2026-08-14T09:52:18Z,2.13
AB52 6AD,SHEPD,HV,1,TV1548,232,2026-08-14T07:44:18Z,2026-08-14T09:52:18Z,2.13
AB52 6EA,SHEPD,HV,1,TV1548,232,2026-08-14T07:44:18Z,2026-08-14T09:52:18Z,2.13
AB52 6HQ,SHEPD,HV,1,TV1548,232,2026-08-14T07:44:18Z,2026-08-14T09:52:18Z,2.13
AB52 6QU,SHEPD,HV,1,TV1548,232,2026-08-14T07:44:18Z,2026-08-14T09:52:18Z,2.13
AB52 6QX,SHEPD,HV,1,TV1548,232,2026-08-14T07:44:18Z,2026-08-14T09:52:18Z,2.13
AB52 6RF,SHEPD,HV,1,TV1548,232,2026-08-14T07:44:18Z,2026-08-14T09:52:18Z,2.13
AB52 6RG,SHEPD,HV,1,TV1548,232,2026-08-14T07:44:18Z,2026-08-14T09:52:18Z,2.13
AB52 6RQ,SHEPD,HV,1,TV1548,232,2026-08-14T07:44:18Z,2026-08-14T09:52:18Z,2.13
AB52 6RR,SHEPD,HV,1,TV1548,232,2026-08-14T07:44:18Z,2026-08-14T09:52:18Z,2.13
AB52 6RS,SHEPD,HV,1,TV1548,232,2026-08-14T07:44:18Z,2026-08-14T09:52:18Z,2.13
AB52 6RT,SHEPD,HV,1,TV1548,232,2026-08-14T07:44:18Z,2026-08-14T09:52:18Z,2.13
AB52 6RU,SHEPD,HV,1,TV1548,232,2026-08-14T07:44:18Z,2026-08-14T09:52:18Z,2.13
AB52 6RW,SHEPD,HV,1,TV1548,232,2026-08-14T07:44:18Z,2026-08-14T09:52:18Z,2.13
AB52 6RX,SHEPD,HV,1,TV1548,232,2026-08-14T07:44:18Z,2026-08-14T09:52:18Z,2.13
AB52 6RY,SHEPD,HV,1,TV1548,232,2026-08-14T07:44:18Z,2026-08-14T09:52:18Z,2.13
AB52 6SB,SHEPD,HV,1,TV1548,232,2026-08-14T07:44:18Z,2026-08-14T09:52:18Z,2.13
AB52 6SD,SHEPD,HV,1,TV1548,232,2026-08-14T07:44:18Z,2026-08-14T09:52:18Z,2.13
AB52 6SF,SHEPD,HV,1,TV1548,232,2026-08-14T07:44:18Z,2026-08-14T09:52:18Z,2.13
AB52 6SG,SHEPD,HV,1,TV1548,232,2026-08-14T07:44:18Z,2026-08-14T09:52:18Z,2.13
AB52 6SH,SHEPD,HV,1,TV1548,232,2026-08-14T07:44:18Z,2026-08-14T09:52:18Z,2.13
AB52 6SP,SHEPD,HV,1,TV1548,232,2026-08-14T07:44:18Z,2026-08-14T09:52:18Z,2.13
AB52 6UA,SHEPD,HV,1,TV1548,232,2026-08-14T07:44:18Z,2026-08-14T09:52:18Z,2.13
BA11 4AS,SEPD,LV,3,"TV3846,TV3847,TV4088",73,2026-08-16T10:37:58Z,2026-08-16T16:42:14Z,2.08
BA11 4AY,SEPD,LV,3,"TV3846,TV3847,TV4088",73,2026-08-16T10:37:58Z,2026-08-16T16:42:14Z,2.08
BA11 1LA,SEPD,LV,2,"TV3847,TV4088",58,2026-08-16T10:37:58Z,2026-08-16T16:42:14Z,2.08
BA11 1LB,SEPD,LV,2,"TV3847,TV4088",58,2026-08-16T10:37:58Z,2026-08-16T16:42:14Z,2.08
BA11 1LD,SEPD,LV,2,"TV3847,TV4088",58,2026-08-16T10:37:58Z,2026-08-16T16:42:14Z,2.08
BA11 4AL,SEPD,LV,2,"TV3847,TV4088",58,2026-08-16T10:37:58Z,2026-08-16T16:42:14Z,2.08
BA11 4AZ,SEPD,LV,2,"TV3847,TV4088",58,2026-08-16T10:37:58Z,2026-08-16T16:42:14Z,2.08
BA11 5AA,SEPD,LV,2,"TV3847,TV4088",58,2026-08-16T10:37:58Z,2026-08-16T16:42:14Z,2.08
BA11 5AB,SEPD,LV,2,"TV3847,TV4088",58,2026-08-16T10:37:58Z,2026-08-16T16:42:14Z,2.08
BA11 5AD,SEPD,LV,2,"TV3847,TV4088",58,2026-08-16T10:37:58Z,2026-08-16T16:42:14Z,2.08
PH7 3PD,SHEPD,HV,1,TV2488,10,2026-08-14T17:02:08Z,2026-08-14T19:06:05Z,2.07
PH7 3PE,SHEPD,HV,1,TV2488,10,2026-08-14T17:02:08Z,2026-08-14T19:06:05Z,2.07
SO50 8AN,SEPD,LV,1,TV7460,24,2026-08-19T03:34:22Z,2026-08-19T05:38:25Z,2.07
SO50 8NB,SEPD,LV,1,TV7460,24,2026-08-19T03:34:22Z,2026-08-19T05:38:25Z,2.07
SO50 8NX,SEPD,LV,1,TV7460,24,2026-08-19T03:34:22Z,2026-08-19T05:38:25Z,2.07
SO50 8NY,SEPD,LV,1,TV7460,24,2026-08-19T03:34:22Z,2026-08-19T05:38:25Z,2.07
SN8,SEPD,HV,1,TV7325,157,2026-08-18T21:31:19Z,2026-08-18T23:35:11Z,2.06
SN8 4NF,SEPD,HV,1,TV7325,157,2026-08-18T21:31:19Z,2026-08-18T23:35:11Z,2.06
SN8 4NG,SEPD,HV,1,TV7325,157,2026-08-18T21:31:19Z,2026-08-18T23:35:11Z,2.06
SN8 4NH,SEPD,HV,1,TV7325,157,2026-08-18T21:31:19Z,2026-08-18T23:35:11Z,2.06
SN8 4NJ,SEPD,HV,1,TV7325,157,2026-08-18T21:31:19Z,2026-08-18T23:35:11Z,2.06
SN8 4NL,SEPD,HV,1,TV7325,157,2026-08-18T21:31:19Z,2026-08-18T23:35:11Z,2.06
SN8 4NN,SEPD,HV,1,TV7325,157,2026-08-18T21:31:19Z,2026-08-18T23:35:11Z,2.06
SN8 4NP,SEPD,HV,1,TV7325,157,2026-08-18T21:31:19Z,2026-08-18T23:35:11Z,2.06
SN8 4NQ,SEPD,HV,1,TV7325,157,2026-08-18T21:31:19Z,2026-08-18T23:35:11Z,2.06
SN8 4NR,SEPD,HV,1,TV7325,157,2026-08-18T21:31:19Z,2026-08-18T23:35:11Z,2.06
SN8 4NS,SEPD,HV,1,TV7325,157,2026-08-18T21:31:19Z,2026-08-18T23:35:11Z,2.06
SN8 4NT,SEPD,HV,1,TV7325,157,2026-08-18T21:31:19Z,2026-08-18T23:35:11Z,2.06
SN8 4NU,SEPD,HV,1,TV7325,157,2026-08-18T21:31:19Z,2026-08-18T23:35:11Z,2.06
SN8 4NW,SEPD,HV,1,TV7325,157,2026-08-18T21:31:19Z,2026-08-18T23:35:11Z,2.06
SN8 4NX,SEPD,HV,1,TV7325,157,2026-08-18T21:31:19Z,2026-08-18T23:35:11Z,2.06
SP4 6BT,SEPD,LV,1,TV5540,3,2026-08-17T16:00:25Z,2026-08-17T18:02:45Z,2.04
SP4 6BU,SEPD,LV,1,TV5540,3,2026-08-17T16:00:25Z,2026-08-17T18:02:45Z,2.04
SP4 6EB,SEPD,LV,1,TV5540,3,2026-08-17T16:00:25Z,2026-08-17T18:02:45Z,2.04
SP4 6GB,SEPD,LV,1,TV5540,3,2026-08-17T16:00:25Z,2026-08-17T18:02:45Z,2.04
GU15 3LB,SEPD,HV,1,TV3588,7,2026-08-16T01:53:27Z,2026-08-16T03:54:09Z,2.01
RG12 7LD,SEPD,LV,1,TV6651,9,2026-08-18T11:01:30Z,2026-08-18T13:01:53Z,2.01
RG12 7LQ,SEPD,LV,1,TV6651,9,2026-08-18T11:01:30Z,2026-08-18T13:01:53Z,2.01
RG24 9BY,SEPD,HV,1,TV2371,228,2026-08-14T15:59:47Z,2026-08-14T18:00:08Z,2.01
RG24 9BZ,SEPD,HV,1,TV2371,228,2026-08-14T15:59:47Z,2026-08-14T18:00:08Z,2.01
RG24 9DA,SEPD,HV,1,TV2371,228,2026-08-14T15:59:47Z,2026-08-14T18:00:08Z,2.01
RG24 9DB,SEPD,HV,1,TV2371,228,2026-08-14T15:59:47Z,2026-08-14T18:00:08Z,2.01
RG24 9DD,SEPD,HV,1,TV2371,228,2026-08-14T15:59:47Z,2026-08-14T18:00:08Z,2.01
RG24 9DE,SEPD,HV,1,TV2371,228,2026-08-14T15:59:47Z,2026-08-14T18:00:08Z,2.01
RG24 9DN,SEPD,HV,1,TV2371,228,2026-08-14T15:59:47Z,2026-08-14T18:00:08Z,2.01
RG24 9FF,SEPD,HV,1,TV2371,228,2026-08-14T15:59:47Z,2026-08-14T18:00:08Z,2.01
DT11 8SH,SEPD,HV,1,TV7996,5,2026-08-19T09:42:04Z,2026-08-19T11:42:00Z,2.0
DT2 7NF,SEPD,HV,1,TV7952,13,2026-08-19T09:42:04Z,2026-08-19T11:42:00Z,2.0
DT2 7NG,SEPD,HV,1,TV7952,13,2026-08-19T09:42:04Z,2026-08-19T11:42:00Z,2.0
DT2 9PT,SEPD,PSI,1,253295,17,2026-08-19T09:42:04Z,2026-08-19T11:42:00Z,2.0
HS8 5JH,SHEPD,PSI,1,254296,19,2026-08-19T09:42:04Z,2026-08-19T11:42:00Z,2.0
HS8 5JJ,SHEPD,PSI,1,254296,19,2026-08-19T09:42:04Z,2026-08-19T11:42:00Z,2.0
HS8 5TH,SHEPD,PSI,1,254296,19,2026-08-19T09:42:04Z,2026-08-19T11:42:00Z,2.0
IV7 8DN,SHEPD,PSI,1,254058,4,2026-08-19T09:42:04Z,2026-08-19T11:42:00Z,2.0
PO12 4RG,SEPD,LV,1,TV5713,8,2026-08-17T19:58:30Z,2026-08-17T21:58:45Z,2.0
PO12 4RH,SEPD,LV,1,TV5713,8,2026-08-17T19:58:30Z,2026-08-17T21:58:45Z,2.0
PO30 5NT,SEPD,PSI,1,253759,5,2026-08-16T07:44:25Z,2026-08-16T09:44:43Z,2.0
DD8 1BD,SHEPD,LV,1,TU9471,16,2026-08-12T18:07:32Z,2026-08-12T20:07:06Z,1.99
DD8 1BE,SHEPD,LV,1,TU9471,16,2026-08-12T18:07:32Z,2026-08-12T20:07:06Z,1.99
DD8 1BJ,SHEPD,LV,1,TU9474,11,2026-08-12T18:07:32Z,2026-08-12T20:07:06Z,1.99
DD8 1BX,SHEPD,LV,1,TU9471,16,2026-08-12T18:07:32Z,2026-08-12T20:07:06Z,1.99
DD8 1HA,SHEPD,LV,1,TU9474,11,2026-08-12T18:07:32Z,2026-08-12T20:07:06Z,1.99
DD8 2AA,SHEPD,LV,1,TU9471,16,2026-08-12T18:07:32Z,2026-08-12T20:07:06Z,1.99
DD8 2AD,SHEPD,LV,1,TU9471,16,2026-08-12T18:07:32Z,2026-08-12T20:07:06Z,1.99
AB31 6DB,SHEPD,HV,1,TV0610,57,2026-08-13T13:45:21Z,2026-08-13T15:44:00Z,1.98
AB31 6DD,SHEPD,HV,1,TV0610,57,2026-08-13T13:45:21Z,2026-08-13T15:44:00Z,1.98
AB31 6DE,SHEPD,HV,1,TV0610,57,2026-08-13T13:45:21Z,2026-08-13T15:44:00Z,1.98
AB31 6DH,SHEPD,HV,1,TV0610,57,2026-08-13T13:45:21Z,2026-08-13T15:44:00Z,1.98
AB31 6DJ,SHEPD,HV,1,TV0610,57,2026-08-13T13:45:21Z,2026-08-13T15:44:00Z,1.98
AB31 6DL,SHEPD,HV,1,TV0610,57,2026-08-13T13:45:21Z,2026-08-13T15:44:00Z,1.98
AB31 6JT,SHEPD,HV,1,TV0610,57,2026-08-13T13:45:21Z,2026-08-13T15:44:00Z,1.98
AB31 6JU,SHEPD,HV,1,TV0610,57,2026-08-13T13:45:21Z,2026-08-13T15:44:00Z,1.98
AB31 6JY,SHEPD,HV,1,TV0610,57,2026-08-13T13:45:21Z,2026-08-13T15:44:00Z,1.98
AB31 6LA,SHEPD,HV,1,TV0610,57,2026-08-13T13:45:21Z,2026-08-13T15:44:00Z,1.98
AB31 6LB,SHEPD,HV,1,TV0610,57,2026-08-13T13:45:21Z,2026-08-13T15:44:00Z,1.98
AB31 6LD,SHEPD,HV,1,TV0610,57,2026-08-13T13:45:21Z,2026-08-13T15:44:00Z,1.98
AB31 6LH,SHEPD,HV,1,TV0610,57,2026-08-13T13:45:21Z,2026-08-13T15:44:00Z,1.98
DD5 3BX,SHEPD,PSI,1,253672,63,2026-08-14T08:52:07Z,2026-08-14T10:50:52Z,1.98
DD5 3BY,SHEPD,PSI,1,253672,63,2026-08-14T08:52:07Z,2026-08-14T10:50:52Z,1.98
DD5 3TW,SHEPD,PSI,1,253672,63,2026-08-14T08:52:07Z,2026-08-14T10:50:52Z,1.98
SO23 8RA,SEPD,LV,1,TV1060,3,2026-08-14T08:52:07Z,2026-08-14T10:50:52Z,1.98
SO23 8RB,SEPD,LV,1,TV1060,3,2026-08-14T08:52:07Z,2026-08-14T10:50:52Z,1.98
UB8 2TD,SEPD,LV,1,TV1778,26,2026-08-14T08:52:07Z,2026-08-14T10:50:52Z,1.98
UB8 2TG,SEPD,LV,1,TV1778,26,2026-08-14T08:52:07Z,2026-08-14T10:50:52Z,1.98
UB8 2TQ,SEPD,LV,1,TV1778,26,2026-08-14T08:52:07Z,2026-08-14T10:50:52Z,1.98
UB8 2TU,SEPD,LV,1,TV1778,26,2026-08-14T08:52:07Z,2026-08-14T10:50:52Z,1.98
UB8 2TX,SEPD,LV,1,TV1778,26,2026-08-14T08:52:07Z,2026-08-14T10:50:52Z,1.98
UB8 2TY,SEPD,LV,1,TV1778,26,2026-08-14T08:52:07Z,2026-08-14T10:50:52Z,1.98
SL6 6PP,SEPD,LV,1,TV5089,21,2026-08-17T11:02:27Z,2026-08-17T12:59:19Z,1.95
SL6 7UD,SEPD,LV,1,TV5089,21,2026-08-17T11:02:27Z,2026-08-17T12:59:19Z,1.95
SL6 7UT,SEPD,LV,1,TV5089,21,2026-08-17T11:02:27Z,2026-08-17T12:59:19Z,1.95
SL6 7UU,SEPD,LV,1,TV5089,21,2026-08-17T11:02:27Z,2026-08-17T12:59:19Z,1.95
PO20 1PP,SEPD,HV,1,TV2457,126,2026-08-14T18:00:08Z,2026-08-14T19:55:14Z,1.92
PO20 1PS,SEPD,HV,1,TV2457,126,2026-08-14T18:00:08Z,2026-08-14T19:55:14Z,1.92
TW20 8HG,SEPD,LV,1,TV7307,21,2026-08-18T19:57:03Z,2026-08-18T21:52:12Z,1.92
TW20 8HH,SEPD,LV,1,TV7307,21,2026-08-18T19:57:03Z,2026-08-18T21:52:12Z,1.92
TW20 8HJ,SEPD,LV,1,TV7307,21,2026-08-18T19:57:03Z,2026-08-18T21:52:12Z,1.92
TW20 8HQ,SEPD,LV,1,TV7307,21,2026-08-18T19:57:03Z,2026-08-18T21:52:12Z,1.92
AB54 6EN,SHEPD,HV,1,TV2984,109,2026-08-15T07:49:07Z,2026-08-15T09:42:34Z,1.89
AB54 6EQ,SHEPD,HV,1,TV2984,109,2026-08-15T07:49:07Z,2026-08-15T09:42:34Z,1.89
AB54 6ER,SHEPD,HV,1,TV2984,109,2026-08-15T07:49:07Z,2026-08-15T09:42:34Z,1.89
AB54 6EU,SHEPD,HV,1,TV2984,109,2026-08-15T07:49:07Z,2026-08-15T09:42:34Z,1.89
AB54 6EW,SHEPD,HV,1,TV2984,109,2026-08-15T07:49:07Z,2026-08-15T09:42:34Z,1.89
AB54 6EZ,SHEPD,HV,1,TV2984,109,2026-08-15T07:49:07Z,2026-08-15T09:42:34Z,1.89
IV16 9UB,SHEPD,HV,1,TV3909,218,2026-08-16T13:00:57Z,2026-08-16T14:53:47Z,1.88
IV16 9UD,SHEPD,HV,1,TV3909,218,2026-08-16T13:00:57Z,2026-08-16T14:53:47Z,1.88
IV16 9UG,SHEPD,HV,1,TV3909,218,2026-08-16T13:00:57Z,2026-08-16T14:53:47Z,1.88
IV16 9UJ,SHEPD,HV,1,TV3909,218,2026-08-16T13:00:57Z,2026-08-16T14:53:47Z,1.88
IV16 9UN,SHEPD,HV,1,TV3909,218,2026-08-16T13:00:57Z,2026-08-16T14:53:47Z,1.88
IV16 9UP,SHEPD,HV,1,TV3909,218,2026-08-16T13:00:57Z,2026-08-16T14:53:47Z,1.88
IV16 9UQ,SHEPD,HV,1,TV3909,218,2026-08-16T13:00:57Z,2026-08-16T14:53:47Z,1.88
IV16 9UR,SHEPD,HV,1,TV3909,218,2026-08-16T13:00:57Z,2026-08-16T14:53:47Z,1.88
IV16 9UT,SHEPD,HV,1,TV3909,218,2026-08-16T13:00:57Z,2026-08-16T14:53:47Z,1.88
IV16 9UU,SHEPD,HV,1,TV3909,218,2026-08-16T13:00:57Z,2026-08-16T14:53:47Z,1.88
IV16 9UW,SHEPD,HV,1,TV3909,218,2026-08-16T13:00:57Z,2026-08-16T14:53:47Z,1.88
IV16 9UY,SHEPD,HV,1,TV3909,218,2026-08-16T13:00:57Z,2026-08-16T14:53:47Z,1.88
IV16 9XD,SHEPD,HV,1,TV3909,218,2026-08-16T13:00:57Z,2026-08-16T14:53:47Z,1.88
IV16 9XE,SHEPD,HV,1,TV3909,218,2026-08-16T13:00:57Z,2026-08-16T14:53:47Z,1.88
IV16 9XG,SHEPD,HV,1,TV3909,218,2026-08-16T13:00:57Z,2026-08-16T14:53:47Z,1.88
IV16 9XZ,SHEPD,HV,1,TV3909,218,2026-08-16T13:00:57Z,2026-08-16T14:53:47Z,1.88
IV16 9YB,SHEPD,HV,1,TV3909,218,2026-08-16T13:00:57Z,2026-08-16T14:53:47Z,1.88
IV16 9YD,SHEPD,HV,1,TV3909,218,2026-08-16T13:00:57Z,2026-08-16T14:53:47Z,1.88
IV16 9YE,SHEPD,HV,1,TV3909,218,2026-08-16T13:00:57Z,2026-08-16T14:53:47Z,1.88
IV16 9YU,SHEPD,HV,1,TV3909,218,2026-08-16T13:00:57Z,2026-08-16T14:53:47Z,1.88
PH22 1RR,SHEPD,LV,1,TV4567,6,2026-08-17T06:30:45Z,2026-08-17T08:23:42Z,1.88
PH22 1RU,SHEPD,LV,1,TV4567,6,2026-08-17T06:30:45Z,2026-08-17T08:23:42Z,1.88
PH22 1RX,SHEPD,LV,1,TV4567,6,2026-08-17T06:30:45Z,2026-08-17T08:23:42Z,1.88
SP5 4EE,SEPD,"LV,HV",2,"TV4690,TV4925",24,2026-08-17T08:23:42Z,2026-08-17T11:02:27Z,1.87
SP5 4EG,SEPD,"LV,HV",2,"TV4690,TV4925",24,2026-08-17T08:23:42Z,2026-08-17T11:02:27Z,1.87
SO40 4AZ,SEPD,LV,2,"TV3135,TV4068",60,2026-08-15T10:32:32Z,2026-08-16T14:53:47Z,1.86
SO40 4SF,SEPD,LV,2,"TV3135,TV4068",60,2026-08-15T10:32:32Z,2026-08-16T14:53:47Z,1.86
SO40 4SX,SEPD,LV,2,"TV3135,TV4068",60,2026-08-15T10:32:32Z,2026-08-16T14:53:47Z,1.86
SO40 4UA,SEPD,LV,2,"TV3135,TV4068",60,2026-08-15T10:32:32Z,2026-08-16T14:53:47Z,1.86
SO40 4XA,SEPD,LV,2,"TV3135,TV4068",60,2026-08-15T10:32:32Z,2026-08-16T14:53:47Z,1.86
SO40 4XF,SEPD,LV,2,"TV3135,TV4068",60,2026-08-15T10:32:32Z,2026-08-16T14:53:47Z,1.86
AB43 9EP,SHEPD,LV,2,"TV0097,TV5010",21,2026-08-13T10:18:13Z,2026-08-17T11:35:25Z,1.85
AB43 9EQ,SHEPD,LV,2,"TV0097,TV5010",21,2026-08-13T10:18:13Z,2026-08-17T11:35:25Z,1.85
AB43 9HQ,SHEPD,LV,2,"TV0097,TV5010",21,2026-08-13T10:18:13Z,2026-08-17T11:35:25Z,1.85
AB43 9HS,SHEPD,LV,2,"TV0097,TV5010",21,2026-08-13T10:18:13Z,2026-08-17T11:35:25Z,1.85
AB43 9HT,SHEPD,LV,2,"TV0097,TV5010",21,2026-08-13T10:18:13Z,2026-08-17T11:35:25Z,1.85
UB1 1EX,SEPD,LV,2,"TV1408,TV2424",32,2026-08-13T23:08:34Z,2026-08-14T17:02:08Z,1.85
UB1 1HA,SEPD,LV,2,"TV1408,TV2424",32,2026-08-13T23:08:34Z,2026-08-14T17:02:08Z,1.85
UB1 1LR,SEPD,LV,2,"TV1408,TV2424",32,2026-08-13T23:08:34Z,2026-08-14T17:02:08Z,1.85
UB1 1LX,SEPD,LV,2,"TV1408,TV2424",32,2026-08-13T23:08:34Z,2026-08-14T17:02:08Z,1.85
UB1 1LZ,SEPD,LV,2,"TV1408,TV2424",32,2026-08-13T23:08:34Z,2026-08-14T17:02:08Z,1.85
UB8 1QS,SEPD,LV,1,TV5616,17,2026-08-17T17:02:52Z,2026-08-17T18:53:52Z,1.85
UB8 1QT,SEPD,LV,1,TV5616,17,2026-08-17T17:02:52Z,2026-08-17T18:53:52Z,1.85
UB8 1RH,SEPD,LV,1,TV5616,17,2026-08-17T17:02:52Z,2026-08-17T18:53:52Z,1.85
UB8 1RZ,SEPD,LV,1,TV5616,17,2026-08-17T17:02:52Z,2026-08-17T18:53:52Z,1.85
UB8 1SD,SEPD,LV,1,TV5616,17,2026-08-17T17:02:52Z,2026-08-17T18:53:52Z,1.85
UB8 1SU,SEPD,LV,1,TV5616,17,2026-08-17T17:02:52Z,2026-08-17T18:53:52Z,1.85
UB8 1SZ,SEPD,LV,1,TV5616,17,2026-08-17T17:02:52Z,2026-08-17T18:53:52Z,1.85
BH22 0LG,SEPD,PSI,1,254110,29,2026-08-18T08:47:30Z,2026-08-18T10:37:14Z,1.83
BH22 0LQ,SEPD,PSI,1,254110,29,2026-08-18T08:47:30Z,2026-08-18T10:37:14Z,1.83
OX1 1BN,SEPD,LV,1,TV2750,23,2026-08-15T02:04:15Z,2026-08-15T03:52:51Z,1.81
OX1 1BX,SEPD,LV,1,TV2750,23,2026-08-15T02:04:15Z,2026-08-15T03:52:51Z,1.81
OX1 1DG,SEPD,LV,1,TV2750,23,2026-08-15T02:04:15Z,2026-08-15T03:52:51Z,1.81
OX1 1DQ,SEPD,LV,1,TV2750,23,2026-08-15T02:04:15Z,2026-08-15T03:52:51Z,1.81
OX1 1SR,SEPD,LV,1,TV2750,23,2026-08-15T02:04:15Z,2026-08-15T03:52:51Z,1.81
OX1 4LA,SEPD,LV,1,TV2750,23,2026-08-15T02:04:15Z,2026-08-15T03:52:51Z,1.81
OX1 4LB,SEPD,LV,1,TV2750,23,2026-08-15T02:04:15Z,2026-08-15T03:52:51Z,1.81
PH2 8AQ,SHEPD,PSI,1,253413,2,2026-08-19T08:18:34Z,2026-08-19T10:04:43Z,1.77
PH2 8QA,SHEPD,PSI,1,253413,2,2026-08-19T08:18:34Z,2026-08-19T10:04:43Z,1.77
DT5 2DY,SEPD,PSI,1,253173,112,2026-08-13T10:18:13Z,2026-08-13T12:04:05Z,1.76
DT5 2DZ,SEPD,PSI,1,253173,112,2026-08-13T10:18:13Z,2026-08-13T12:04:05Z,1.76
DT5 2EA,SEPD,PSI,1,253173,112,2026-08-13T10:18:13Z,2026-08-13T12:04:05Z,1.76
DT5 2EB,SEPD,PSI,1,253173,112,2026-08-13T10:18:13Z,2026-08-13T12:04:05Z,1.76
DT5 2ED,SEPD,PSI,1,253173,112,2026-08-13T10:18:13Z,2026-08-13T12:04:05Z,1.76
DT5 2EE,SEPD,PSI,1,253173,112,2026-08-13T10:18:13Z,2026-08-13T12:04:05Z,1.76
DT5 2EU,SEPD,PSI,1,253173,112,2026-08-13T10:18:13Z,2026-08-13T12:04:05Z,1.76
PH11 8AJ,SHEPD,LV,1,TV0190,24,2026-08-13T10:18:13Z,2026-08-13T12:04:05Z,1.76
PH11 8AP,SHEPD,LV,1,TV0190,24,2026-08-13T10:18:13Z,2026-08-13T12:04:05Z,1.76
PH11 8AS,SHEPD,LV,1,TV0190,24,2026-08-13T10:18:13Z,2026-08-13T12:04:05Z,1.76
PH11 8AT,SHEPD,LV,1,TV0190,24,2026-08-13T10:18:13Z,2026-08-13T12:04:05Z,1.76
PH11 8AU,SHEPD,LV,1,TV0190,24,2026-08-13T10:18:13Z,2026-08-13T12:04:05Z,1.76
PH11 8AX,SHEPD,LV,1,TV0190,24,2026-08-13T10:18:13Z,2026-08-13T12:04:05Z,1.76
GU28 0FF,SEPD,HV,1,TV7847,118,2026-08-19T08:59:42Z,2026-08-19T10:44:54Z,1.75
GU28 0FG,SEPD,HV,1,TV7847,118,2026-08-19T08:59:42Z,2026-08-19T10:44:54Z,1.75
GU28 0FJ,SEPD,HV,1,TV7847,118,2026-08-19T08:59:42Z,2026-08-19T10:44:54Z,1.75
GU28 0LB,SEPD,HV,1,TV7847,118,2026-08-19T08:59:42Z,2026-08-19T10:44:54Z,1.75
GU28 0LE,SEPD,HV,1,TV7847,118,2026-08-19T08:59:42Z,2026-08-19T10:44:54Z,1.75
GU28 0LT,SEPD,HV,1,TV7847,118,2026-08-19T08:59:42Z,2026-08-19T10:44:54Z,1.75
GU28 0NA,SEPD,HV,1,TV7847,118,2026-08-19T08:59:42Z,2026-08-19T10:44:54Z,1.75
GU28 0NB,SEPD,HV,1,TV7847,118,2026-08-19T08:59:42Z,2026-08-19T10:44:54Z,1.75
GU28 0NH,SEPD,HV,1,TV7847,118,2026-08-19T08:59:42Z,2026-08-19T10:44:54Z,1.75
GU28 0NJ,SEPD,HV,1,TV7847,118,2026-08-19T08:59:42Z,2026-08-19T10:44:54Z,1.75
GU28 0NL,SEPD,HV,1,TV7847,118,2026-08-19T08:59:42Z,2026-08-19T10:44:54Z,1.75
GU28 0NP,SEPD,HV,1,TV7847,118,2026-08-19T08:59:42Z,2026-08-19T10:44:54Z,1.75
GU28 0NQ,SEPD,HV,1,TV7847,118,2026-08-19T08:59:42Z,2026-08-19T10:44:54Z,1.75
GU28 0NW,SEPD,HV,1,TV7847,118,2026-08-19T08:59:42Z,2026-08-19T10:44:54Z,1.75
GU28 0QD,SEPD,HV,1,TV7847,118,2026-08-19T08:59:42Z,2026-08-19T10:44:54Z,1.75
PH26 3LH,SHEPD,LV,1,TV7762,6,2026-08-19T08:59:42Z,2026-08-19T10:44:54Z,1.75
PH26 3LQ,SHEPD,LV,1,TV7762,6,2026-08-19T08:59:42Z,2026-08-19T10:44:54Z,1.75
PH26 3QF,SHEPD,LV,1,TV7762,6,2026-08-19T08:59:42Z,2026-08-19T10:44:54Z,1.75
PH26 3QN,SHEPD,LV,1,TV7762,6,2026-08-19T08:59:42Z,2026-08-19T10:44:54Z,1.75
RG5 4BL,SEPD,LV,1,TV0665,7,2026-08-13T18:40:04Z,2026-08-13T20:25:01Z,1.75
SP11 6AH,SEPD,HV,1,TV1064,3,2026-08-13T18:40:04Z,2026-08-13T20:25:01Z,1.75
SP6 3HU,SEPD,HV,1,TV7840,10,2026-08-19T08:59:42Z,2026-08-19T10:44:54Z,1.75
SP6 1AB,SEPD,LV,1,TV6820,26,2026-08-18T22:13:40Z,2026-08-18T23:57:48Z,1.74
SP6 1AE,SEPD,LV,1,TV6820,26,2026-08-18T22:13:40Z,2026-08-18T23:57:48Z,1.74
SP6 1AF,SEPD,LV,1,TV6820,26,2026-08-18T22:13:40Z,2026-08-18T23:57:48Z,1.74
SP6 1AH,SEPD,LV,1,TV6820,26,2026-08-18T22:13:40Z,2026-08-18T23:57:48Z,1.74
SP6 1AQ,SEPD,LV,1,TV6820,26,2026-08-18T22:13:40Z,2026-08-18T23:57:48Z,1.74
SP6 1AS,SEPD,LV,1,TV6820,26,2026-08-18T22:13:40Z,2026-08-18T23:57:48Z,1.74
SP6 1AT,SEPD,LV,1,TV6820,26,2026-08-18T22:13:40Z,2026-08-18T23:57:48Z,1.74
SP6 1AU,SEPD,LV,1,TV6820,26,2026-08-18T22:13:40Z,2026-08-18T23:57:48Z,1.74
SP6 1RL,SEPD,LV,1,TV6820,26,2026-08-18T22:13:40Z,2026-08-18T23:57:48Z,1.74
SP6 1RN,SEPD,LV,1,TV6820,26,2026-08-18T22:13:40Z,2026-08-18T23:57:48Z,1.74
SP6 1RR,SEPD,LV,1,TV6820,26,2026-08-18T22:13:40Z,2026-08-18T23:57:48Z,1.74
AB23 8XD,SHEPD,HV,1,TV7235,5,2026-08-18T18:15:41Z,2026-08-18T19:57:03Z,1.69
AB42 5SG,SHEPD,PSI,1,252409,21,2026-08-13T12:04:05Z,2026-08-13T13:45:21Z,1.69
AB42 5SH,SHEPD,PSI,1,252409,21,2026-08-13T12:04:05Z,2026-08-13T13:45:21Z,1.69
AB42 5SN,SHEPD,PSI,1,252409,21,2026-08-13T12:04:05Z,2026-08-13T13:45:21Z,1.69
AB42 5SQ,SHEPD,PSI,1,252409,21,2026-08-13T12:04:05Z,2026-08-13T13:45:21Z,1.69
AB53 6XD,SHEPD,PSI,1,252409,21,2026-08-13T12:04:05Z,2026-08-13T13:45:21Z,1.69
AB53 6XJ,SHEPD,PSI,1,252409,21,2026-08-13T12:04:05Z,2026-08-13T13:45:21Z,1.69
AB53 6XL,SHEPD,PSI,1,252409,21,2026-08-13T12:04:05Z,2026-08-13T13:45:21Z,1.69
OX10 6RL,SEPD,LV,1,TV2924,21,2026-08-15T09:12:25Z,2026-08-15T10:53:39Z,1.69
SN15 2AQ,SEPD,LV,1,TV1237,35,2026-08-13T19:44:22Z,2026-08-13T21:24:51Z,1.67
SN15 2LN,SEPD,LV,1,TV1237,35,2026-08-13T19:44:22Z,2026-08-13T21:24:51Z,1.67
SN15 2NH,SEPD,LV,1,TV1237,35,2026-08-13T19:44:22Z,2026-08-13T21:24:51Z,1.67
SN15 2NJ,SEPD,LV,1,TV1237,35,2026-08-13T19:44:22Z,2026-08-13T21:24:51Z,1.67
SN15 2NQ,SEPD,LV,1,TV1237,35,2026-08-13T19:44:22Z,2026-08-13T21:24:51Z,1.67
SN15 2QT,SEPD,LV,1,TV1237,35,2026-08-13T19:44:22Z,2026-08-13T21:24:51Z,1.67
SL6 2TN,SEPD,LV,1,TV2654,12,2026-08-14T19:55:14Z,2026-08-14T21:35:02Z,1.66
SL6 2TW,SEPD,LV,1,TV2654,12,2026-08-14T19:55:14Z,2026-08-14T21:35:02Z,1.66
PO20 7NU,SEPD,HV,2,"TV3283,TV7600",2005,2026-08-15T13:36:40Z,2026-08-19T06:01:52Z,1.64
PO20 7AF,SEPD,HV,1,TV3283,53,2026-08-15T13:36:40Z,2026-08-15T15:14:50Z,1.64
PO20 7JR,SEPD,HV,1,TV3283,53,2026-08-15T13:36:40Z,2026-08-15T15:14:50Z,1.64
PO20 7JS,SEPD,HV,1,TV3283,53,2026-08-15T13:36:40Z,2026-08-15T15:14:50Z,1.64
PO20 7JT,SEPD,HV,1,TV3283,53,2026-08-15T13:36:40Z,2026-08-15T15:14:50Z,1.64
PO20 7JU,SEPD,HV,1,TV3283,53,2026-08-15T13:36:40Z,2026-08-15T15:14:50Z,1.64
PO20 7JX,SEPD,HV,1,TV3283,53,2026-08-15T13:36:40Z,2026-08-15T15:14:50Z,1.64
PO20 7JY,SEPD,HV,1,TV3283,53,2026-08-15T13:36:40Z,2026-08-15T15:14:50Z,1.64
PO20 7JZ,SEPD,HV,1,TV3283,53,2026-08-15T13:36:40Z,2026-08-15T15:14:50Z,1.64
PO20 7LA,SEPD,HV,1,TV3283,53,2026-08-15T13:36:40Z,2026-08-15T15:14:50Z,1.64
PO20 7LB,SEPD,HV,1,TV3283,53,2026-08-15T13:36:40Z,2026-08-15T15:14:50Z,1.64
PO20 7LD,SEPD,HV,1,TV3283,53,2026-08-15T13:36:40Z,2026-08-15T15:14:50Z,1.64
PO20 7LE,SEPD,HV,1,TV3283,53,2026-08-15T13:36:40Z,2026-08-15T15:14:50Z,1.64
PO20 7LF,SEPD,HV,1,TV3283,53,2026-08-15T13:36:40Z,2026-08-15T15:14:50Z,1.64
PO20 7QJ,SEPD,HV,1,TV3283,53,2026-08-15T13:36:40Z,2026-08-15T15:14:50Z,1.64
BH16 6BX,SEPD,HV,2,"TV7433,TV7434",1374,2026-08-19T02:45:45Z,2026-08-19T03:34:22Z,1.62
BH16 6HQ,SEPD,HV,2,"TV7433,TV7434",1374,2026-08-19T02:45:45Z,2026-08-19T03:34:22Z,1.62
DT9 4LY,SEPD,LV,1,TV7954,3,2026-08-19T10:04:43Z,2026-08-19T11:42:00Z,1.62
PA33 1AS,SHEPD,PSI,1,253642,29,2026-08-14T10:50:52Z,2026-08-14T12:27:54Z,1.62
PA33 1BB,SHEPD,PSI,1,253642,29,2026-08-14T10:50:52Z,2026-08-14T12:27:54Z,1.62
PH10 6LG,SHEPD,PSI,1,252341,120,2026-08-14T10:50:52Z,2026-08-14T12:27:54Z,1.62
PH10 6LQ,SHEPD,PSI,1,252341,120,2026-08-14T10:50:52Z,2026-08-14T12:27:54Z,1.62
PH10 6LS,SHEPD,PSI,1,252341,120,2026-08-14T10:50:52Z,2026-08-14T12:27:54Z,1.62
PH10 6QB,SHEPD,PSI,1,252341,120,2026-08-14T10:50:52Z,2026-08-14T12:27:54Z,1.62
PH10 6QD,SHEPD,PSI,1,252341,120,2026-08-14T10:50:52Z,2026-08-14T12:27:54Z,1.62
PH10 6QE,SHEPD,PSI,1,252341,120,2026-08-14T10:50:52Z,2026-08-14T12:27:54Z,1.62
PH10 6QF,SHEPD,PSI,1,252341,120,2026-08-14T10:50:52Z,2026-08-14T12:27:54Z,1.62
PH10 6QG,SHEPD,PSI,1,252341,120,2026-08-14T10:50:52Z,2026-08-14T12:27:54Z,1.62
PH10 6QH,SHEPD,PSI,1,252341,120,2026-08-14T10:50:52Z,2026-08-14T12:27:54Z,1.62
PH10 6QJ,SHEPD,PSI,1,252341,120,2026-08-14T10:50:52Z,2026-08-14T12:27:54Z,1.62
PH10 6QN,SHEPD,PSI,1,252341,120,2026-08-14T10:50:52Z,2026-08-14T12:27:54Z,1.62
PH10 6QQ,SHEPD,PSI,1,252341,120,2026-08-14T10:50:52Z,2026-08-14T12:27:54Z,1.62
PH10 6QR,SHEPD,PSI,1,252341,120,2026-08-14T10:50:52Z,2026-08-14T12:27:54Z,1.62
PH10 6QW,SHEPD,PSI,1,252341,120,2026-08-14T10:50:52Z,2026-08-14T12:27:54Z,1.62
PH10 6RW,SHEPD,PSI,1,252341,120,2026-08-14T10:50:52Z,2026-08-14T12:27:54Z,1.62
RG30 4LU,SEPD,LV,1,TV6743,17,2026-08-19T10:04:43Z,2026-08-19T11:42:00Z,1.62
RG30 4LX,SEPD,LV,1,TV6743,17,2026-08-19T10:04:43Z,2026-08-19T11:42:00Z,1.62
SP5 5PP,SEPD,HV,2,"TV0791,TV1380",1327,2026-08-13T14:47:49Z,2026-08-13T23:57:16Z,1.61
SP5 5PR,SEPD,HV,2,"TV0791,TV1380",1327,2026-08-13T14:47:49Z,2026-08-13T23:57:16Z,1.61
SP5 5PS,SEPD,HV,2,"TV0791,TV1380",1327,2026-08-13T14:47:49Z,2026-08-13T23:57:16Z,1.61
SP5 5PT,SEPD,HV,2,"TV0791,TV1380",1327,2026-08-13T14:47:49Z,2026-08-13T23:57:16Z,1.61
SP5 5PW,SEPD,HV,2,"TV0791,TV1380",1327,2026-08-13T14:47:49Z,2026-08-13T23:57:16Z,1.61
SP5 5QB,SEPD,HV,2,"TV0791,TV1380",1327,2026-08-13T14:47:49Z,2026-08-13T23:57:16Z,1.61
SP5 5QD,SEPD,HV,2,"TV0791,TV1380",1327,2026-08-13T14:47:49Z,2026-08-13T23:57:16Z,1.61
SP5 5QE,SEPD,HV,2,"TV0791,TV1380",1327,2026-08-13T14:47:49Z,2026-08-13T23:57:16Z,1.61
SP5 5QF,SEPD,HV,2,"TV0791,TV1380",1327,2026-08-13T14:47:49Z,2026-08-13T23:57:16Z,1.61
HP11 1LJ,SEPD,LV,1,TV1387,12,2026-08-13T22:20:34Z,2026-08-13T23:57:16Z,1.61
HP13 7AH,SEPD,LV,1,TV1387,12,2026-08-13T22:20:34Z,2026-08-13T23:57:16Z,1.61
HP13 7AT,SEPD,LV,1,TV1387,12,2026-08-13T22:20:34Z,2026-08-13T23:57:16Z,1.61
RG1 6EN,SEPD,LV,1,TV1401,14,2026-08-13T22:20:34Z,2026-08-13T23:57:16Z,1.61
RG1 6ER,SEPD,LV,1,TV1401,14,2026-08-13T22:20:34Z,2026-08-13T23:57:16Z,1.61
RG1 6EW,SEPD,LV,1,TV1401,14,2026-08-13T22:20:34Z,2026-08-13T23:57:16Z,1.61
SO41 0GN,SEPD,LV,1,TV0652,11,2026-08-13T22:20:34Z,2026-08-13T23:57:16Z,1.61
SO41 0GP,SEPD,LV,1,TV0652,11,2026-08-13T22:20:34Z,2026-08-13T23:57:16Z,1.61
SO41 0GQ,SEPD,LV,1,TV0652,11,2026-08-13T22:20:34Z,2026-08-13T23:57:16Z,1.61
SO41 0GS,SEPD,LV,1,TV0652,11,2026-08-13T22:20:34Z,2026-08-13T23:57:16Z,1.61
OX18 2AP,SEPD,PSI,1,253199,36,2026-08-17T07:35:37Z,2026-08-17T09:11:01Z,1.59
OX18 2AR,SEPD,PSI,1,253199,36,2026-08-17T07:35:37Z,2026-08-17T09:11:01Z,1.59
OX18 2AS,SEPD,PSI,1,253199,36,2026-08-17T07:35:37Z,2026-08-17T09:11:01Z,1.59
OX18 2AT,SEPD,PSI,1,253199,36,2026-08-17T07:35:37Z,2026-08-17T09:11:01Z,1.59
OX18 2AU,SEPD,PSI,1,253199,36,2026-08-17T07:35:37Z,2026-08-17T09:11:01Z,1.59
OX18 3QQ,SEPD,PSI,1,253199,36,2026-08-17T07:35:37Z,2026-08-17T09:11:01Z,1.59
SO50 9DY,SEPD,LV,1,TV5860,15,2026-08-18T03:07:51Z,2026-08-18T04:43:22Z,1.59
SO50 9DZ,SEPD,LV,1,TV5860,15,2026-08-18T03:07:51Z,2026-08-18T04:43:22Z,1.59
SO50 9EA,SEPD,LV,1,TV5860,15,2026-08-18T03:07:51Z,2026-08-18T04:43:22Z,1.59
SO50 9EB,SEPD,LV,1,TV5860,15,2026-08-18T03:07:51Z,2026-08-18T04:43:22Z,1.59
SO50 9ED,SEPD,LV,1,TV5860,15,2026-08-18T03:07:51Z,2026-08-18T04:43:22Z,1.59
DD5 3DY,SHEPD,LV,1,TU8130,17,2026-08-12T12:25:59Z,2026-08-12T13:59:51Z,1.56
DD5 3DZ,SHEPD,LV,1,TU8130,17,2026-08-12T12:25:59Z,2026-08-12T13:59:51Z,1.56
DD5 3EA,SHEPD,LV,1,TU8130,17,2026-08-12T12:25:59Z,2026-08-12T13:59:51Z,1.56
DD5 3EH,SHEPD,LV,1,TU8130,17,2026-08-12T12:25:59Z,2026-08-12T13:59:51Z,1.56
PO11 0LU,SEPD,HV,1,TU9666,158,2026-08-12T21:56:58Z,2026-08-12T23:30:52Z,1.56
PO11 0LX,SEPD,HV,1,TU9666,158,2026-08-12T21:56:58Z,2026-08-12T23:30:52Z,1.56
PO11 0LY,SEPD,HV,1,TU9666,158,2026-08-12T21:56:58Z,2026-08-12T23:30:52Z,1.56
PO11 0LZ,SEPD,HV,1,TU9666,158,2026-08-12T21:56:58Z,2026-08-12T23:30:52Z,1.56
PO11 0NA,SEPD,HV,1,TU9666,158,2026-08-12T21:56:58Z,2026-08-12T23:30:52Z,1.56
PO11 0NJ,SEPD,HV,1,TU9666,158,2026-08-12T21:56:58Z,2026-08-12T23:30:52Z,1.56
PO11 0PL,SEPD,HV,1,TU9666,158,2026-08-12T21:56:58Z,2026-08-12T23:30:52Z,1.56
PO11 0PN,SEPD,HV,1,TU9666,158,2026-08-12T21:56:58Z,2026-08-12T23:30:52Z,1.56
RG30 4UE,SEPD,LV,1,TU8965,28,2026-08-12T12:25:59Z,2026-08-12T13:59:51Z,1.56
RG30 6BE,SEPD,LV,1,TU8965,28,2026-08-12T12:25:59Z,2026-08-12T13:59:51Z,1.56
RG30 6BU,SEPD,LV,1,TU8965,28,2026-08-12T12:25:59Z,2026-08-12T13:59:51Z,1.56
GU10 3QJ,SEPD,HV,1,TV3755,215,2026-08-16T08:12:10Z,2026-08-16T09:44:43Z,1.54
GU10 3QT,SEPD,HV,1,TV3755,215,2026-08-16T08:12:10Z,2026-08-16T09:44:43Z,1.54
GU10 3RA,SEPD,HV,1,TV3755,215,2026-08-16T08:12:10Z,2026-08-16T09:44:43Z,1.54
GU11 2XX,SEPD,HV,1,TV3755,215,2026-08-16T08:12:10Z,2026-08-16T09:44:43Z,1.54
GU19 8HX,SEPD,HV,1,TV3755,215,2026-08-16T08:12:10Z,2026-08-16T09:44:43Z,1.54
GU9 8AZ,SEPD,HV,1,TV3755,215,2026-08-16T08:12:10Z,2026-08-16T09:44:43Z,1.54
GU9 8BN,SEPD,HV,1,TV3755,215,2026-08-16T08:12:10Z,2026-08-16T09:44:43Z,1.54
GU9 8DE,SEPD,HV,1,TV3755,215,2026-08-16T08:12:10Z,2026-08-16T09:44:43Z,1.54
GU9 8DP,SEPD,HV,1,TV3755,215,2026-08-16T08:12:10Z,2026-08-16T09:44:43Z,1.54
GU9 8DR,SEPD,HV,1,TV3755,215,2026-08-16T08:12:10Z,2026-08-16T09:44:43Z,1.54
GU9 8DS,SEPD,HV,1,TV3755,215,2026-08-16T08:12:10Z,2026-08-16T09:44:43Z,1.54
GU9 8DT,SEPD,HV,1,TV3755,215,2026-08-16T08:12:10Z,2026-08-16T09:44:43Z,1.54
GU9 8DU,SEPD,HV,1,TV3755,215,2026-08-16T08:12:10Z,2026-08-16T09:44:43Z,1.54
GU9 8HP,SEPD,HV,1,TV3755,215,2026-08-16T08:12:10Z,2026-08-16T09:44:43Z,1.54
GU9 8HR,SEPD,HV,1,TV3755,215,2026-08-16T08:12:10Z,2026-08-16T09:44:43Z,1.54
GU9 8HS,SEPD,HV,1,TV3755,215,2026-08-16T08:12:10Z,2026-08-16T09:44:43Z,1.54
GU9 8HT,SEPD,HV,1,TV3755,215,2026-08-16T08:12:10Z,2026-08-16T09:44:43Z,1.54
GU9 8HU,SEPD,HV,1,TV3755,215,2026-08-16T08:12:10Z,2026-08-16T09:44:43Z,1.54
GU9 8HW,SEPD,HV,1,TV3755,215,2026-08-16T08:12:10Z,2026-08-16T09:44:43Z,1.54
GU9 8HX,SEPD,HV,1,TV3755,215,2026-08-16T08:12:10Z,2026-08-16T09:44:43Z,1.54
GU9 8HY,SEPD,HV,1,TV3755,215,2026-08-16T08:12:10Z,2026-08-16T09:44:43Z,1.54
GU9 8HZ,SEPD,HV,1,TV3755,215,2026-08-16T08:12:10Z,2026-08-16T09:44:43Z,1.54
GU9 8JA,SEPD,HV,1,TV3755,215,2026-08-16T08:12:10Z,2026-08-16T09:44:43Z,1.54
GU9 8JF,SEPD,HV,1,TV3755,215,2026-08-16T08:12:10Z,2026-08-16T09:44:43Z,1.54
GU9 8JP,SEPD,HV,1,TV3755,215,2026-08-16T08:12:10Z,2026-08-16T09:44:43Z,1.54
GU9 8LD,SEPD,HV,1,TV3755,215,2026-08-16T08:12:10Z,2026-08-16T09:44:43Z,1.54
SO40 8UD,SEPD,LV,1,TV3473,20,2026-08-15T19:05:52Z,2026-08-15T20:37:24Z,1.53
SO40 8UE,SEPD,LV,1,TV3473,20,2026-08-15T19:05:52Z,2026-08-15T20:37:24Z,1.53
SO40 8UF,SEPD,LV,1,TV3473,20,2026-08-15T19:05:52Z,2026-08-15T20:37:24Z,1.53
SO40 8UG,SEPD,LV,1,TV3473,20,2026-08-15T19:05:52Z,2026-08-15T20:37:24Z,1.53
TW5 9BB,SEPD,HV,1,TV2652,3,2026-08-14T19:06:05Z,2026-08-14T20:37:49Z,1.53
TW5 9BD,SEPD,HV,1,TV2652,3,2026-08-14T19:06:05Z,2026-08-14T20:37:49Z,1.53
TW5 9BE,SEPD,HV,1,TV2652,3,2026-08-14T19:06:05Z,2026-08-14T20:37:49Z,1.53
TW5 9BH,SEPD,HV,1,TV2652,3,2026-08-14T19:06:05Z,2026-08-14T20:37:49Z,1.53
TW5 9BQ,SEPD,HV,1,TV2652,3,2026-08-14T19:06:05Z,2026-08-14T20:37:49Z,1.53
TW5 9BT,SEPD,HV,1,TV2652,3,2026-08-14T19:06:05Z,2026-08-14T20:37:49Z,1.53
TW5 9BU,SEPD,HV,1,TV2652,3,2026-08-14T19:06:05Z,2026-08-14T20:37:49Z,1.53
TW5 9BW,SEPD,HV,1,TV2652,3,2026-08-14T19:06:05Z,2026-08-14T20:37:49Z,1.53
TW5 9BZ,SEPD,HV,1,TV2652,3,2026-08-14T19:06:05Z,2026-08-14T20:37:49Z,1.53
TW5 9DA,SEPD,HV,1,TV2652,3,2026-08-14T19:06:05Z,2026-08-14T20:37:49Z,1.53
TW5 9DB,SEPD,HV,1,TV2652,3,2026-08-14T19:06:05Z,2026-08-14T20:37:49Z,1.53
TW5 9DD,SEPD,HV,1,TV2652,3,2026-08-14T19:06:05Z,2026-08-14T20:37:49Z,1.53
TW5 9DE,SEPD,HV,1,TV2652,3,2026-08-14T19:06:05Z,2026-08-14T20:37:49Z,1.53
TW5 9DF,SEPD,HV,1,TV2652,3,2026-08-14T19:06:05Z,2026-08-14T20:37:49Z,1.53
TW5 9DG,SEPD,HV,1,TV2652,3,2026-08-14T19:06:05Z,2026-08-14T20:37:49Z,1.53
TW5 9DH,SEPD,HV,1,TV2652,3,2026-08-14T19:06:05Z,2026-08-14T20:37:49Z,1.53
TW5 9DJ,SEPD,HV,1,TV2652,3,2026-08-14T19:06:05Z,2026-08-14T20:37:49Z,1.53
TW5 9DL,SEPD,HV,1,TV2652,3,2026-08-14T19:06:05Z,2026-08-14T20:37:49Z,1.53
TW5 9DQ,SEPD,HV,1,TV2652,3,2026-08-14T19:06:05Z,2026-08-14T20:37:49Z,1.53
TW5 9DR,SEPD,HV,1,TV2652,3,2026-08-14T19:06:05Z,2026-08-14T20:37:49Z,1.53
TW5 9DS,SEPD,HV,1,TV2652,3,2026-08-14T19:06:05Z,2026-08-14T20:37:49Z,1.53
TW5 9DT,SEPD,HV,1,TV2652,3,2026-08-14T19:06:05Z,2026-08-14T20:37:49Z,1.53
TW5 9DU,SEPD,HV,1,TV2652,3,2026-08-14T19:06:05Z,2026-08-14T20:37:49Z,1.53
TW5 9DX,SEPD,HV,1,TV2652,3,2026-08-14T19:06:05Z,2026-08-14T20:37:49Z,1.53
TW5 9DY,SEPD,HV,1,TV2652,3,2026-08-14T19:06:05Z,2026-08-14T20:37:49Z,1.53
TW5 9DZ,SEPD,HV,1,TV2652,3,2026-08-14T19:06:05Z,2026-08-14T20:37:49Z,1.53
TW5 9EA,SEPD,HV,1,TV2652,3,2026-08-14T19:06:05Z,2026-08-14T20:37:49Z,1.53
TW5 9HD,SEPD,HV,1,TV2652,3,2026-08-14T19:06:05Z,2026-08-14T20:37:49Z,1.53
TW5 9HE,SEPD,HV,1,TV2652,3,2026-08-14T19:06:05Z,2026-08-14T20:37:49Z,1.53
TW5 9HF,SEPD,HV,1,TV2652,3,2026-08-14T19:06:05Z,2026-08-14T20:37:49Z,1.53
TW5 9HG,SEPD,HV,1,TV2652,3,2026-08-14T19:06:05Z,2026-08-14T20:37:49Z,1.53
TW5 9HH,SEPD,HV,1,TV2652,3,2026-08-14T19:06:05Z,2026-08-14T20:37:49Z,1.53
TW5 9HJ,SEPD,HV,1,TV2652,3,2026-08-14T19:06:05Z,2026-08-14T20:37:49Z,1.53
TW5 9HL,SEPD,HV,1,TV2652,3,2026-08-14T19:06:05Z,2026-08-14T20:37:49Z,1.53
TW5 9HQ,SEPD,HV,1,TV2652,3,2026-08-14T19:06:05Z,2026-08-14T20:37:49Z,1.53
TW5 9HS,SEPD,HV,1,TV2652,3,2026-08-14T19:06:05Z,2026-08-14T20:37:49Z,1.53
TW5 9HW,SEPD,HV,1,TV2652,3,2026-08-14T19:06:05Z,2026-08-14T20:37:49Z,1.53
TW5 9JD,SEPD,HV,1,TV2652,3,2026-08-14T19:06:05Z,2026-08-14T20:37:49Z,1.53
TW5 9JE,SEPD,HV,1,TV2652,3,2026-08-14T19:06:05Z,2026-08-14T20:37:49Z,1.53
TW5 9JF,SEPD,HV,1,TV2652,3,2026-08-14T19:06:05Z,2026-08-14T20:37:49Z,1.53
TW5 9JG,SEPD,HV,1,TV2652,3,2026-08-14T19:06:05Z,2026-08-14T20:37:49Z,1.53
TW5 9JH,SEPD,HV,1,TV2652,3,2026-08-14T19:06:05Z,2026-08-14T20:37:49Z,1.53
TW5 9JJ,SEPD,HV,1,TV2652,3,2026-08-14T19:06:05Z,2026-08-14T20:37:49Z,1.53
TW5 9JL,SEPD,HV,1,TV2652,3,2026-08-14T19:06:05Z,2026-08-14T20:37:49Z,1.53
TW5 9JN,SEPD,HV,1,TV2652,3,2026-08-14T19:06:05Z,2026-08-14T20:37:49Z,1.53
TW5 9JP,SEPD,HV,1,TV2652,3,2026-08-14T19:06:05Z,2026-08-14T20:37:49Z,1.53
TW5 9JQ,SEPD,HV,1,TV2652,3,2026-08-14T19:06:05Z,2026-08-14T20:37:49Z,1.53
TW5 9JR,SEPD,HV,1,TV2652,3,2026-08-14T19:06:05Z,2026-08-14T20:37:49Z,1.53
TW5 9JS,SEPD,HV,1,TV2652,3,2026-08-14T19:06:05Z,2026-08-14T20:37:49Z,1.53
TW5 9JU,SEPD,HV,1,TV2652,3,2026-08-14T19:06:05Z,2026-08-14T20:37:49Z,1.53
TW5 9JW,SEPD,HV,1,TV2652,3,2026-08-14T19:06:05Z,2026-08-14T20:37:49Z,1.53
TW5 9JX,SEPD,HV,1,TV2652,3,2026-08-14T19:06:05Z,2026-08-14T20:37:49Z,1.53
TW5 9LD,SEPD,HV,1,TV2652,3,2026-08-14T19:06:05Z,2026-08-14T20:37:49Z,1.53
TW5 9LE,SEPD,HV,1,TV2652,3,2026-08-14T19:06:05Z,2026-08-14T20:37:49Z,1.53
TW5 9LH,SEPD,HV,1,TV2652,3,2026-08-14T19:06:05Z,2026-08-14T20:37:49Z,1.53
TW5 9LJ,SEPD,HV,1,TV2652,3,2026-08-14T19:06:05Z,2026-08-14T20:37:49Z,1.53
TW5 9LL,SEPD,HV,1,TV2652,3,2026-08-14T19:06:05Z,2026-08-14T20:37:49Z,1.53
TW5 9LN,SEPD,HV,1,TV2652,3,2026-08-14T19:06:05Z,2026-08-14T20:37:49Z,1.53
TW5 9LQ,SEPD,HV,1,TV2652,3,2026-08-14T19:06:05Z,2026-08-14T20:37:49Z,1.53
TW5 9LS,SEPD,HV,1,TV2652,3,2026-08-14T19:06:05Z,2026-08-14T20:37:49Z,1.53
TW5 9LT,SEPD,HV,1,TV2652,3,2026-08-14T19:06:05Z,2026-08-14T20:37:49Z,1.53
TW5 9LW,SEPD,HV,1,TV2652,3,2026-08-14T19:06:05Z,2026-08-14T20:37:49Z,1.53
TW5 9NA,SEPD,HV,1,TV2652,3,2026-08-14T19:06:05Z,2026-08-14T20:37:49Z,1.53
TW5 9NB,SEPD,HV,1,TV2652,3,2026-08-14T19:06:05Z,2026-08-14T20:37:49Z,1.53
TW5 9PG,SEPD,HV,1,TV2652,3,2026-08-14T19:06:05Z,2026-08-14T20:37:49Z,1.53
TW5 9PH,SEPD,HV,1,TV2652,3,2026-08-14T19:06:05Z,2026-08-14T20:37:49Z,1.53
TW5 9PL,SEPD,HV,1,TV2652,3,2026-08-14T19:06:05Z,2026-08-14T20:37:49Z,1.53
TW5 9PP,SEPD,HV,1,TV2652,3,2026-08-14T19:06:05Z,2026-08-14T20:37:49Z,1.53
TW5 9PR,SEPD,HV,1,TV2652,3,2026-08-14T19:06:05Z,2026-08-14T20:37:49Z,1.53
TW5 9PS,SEPD,HV,1,TV2652,3,2026-08-14T19:06:05Z,2026-08-14T20:37:49Z,1.53
TW5 9PT,SEPD,HV,1,TV2652,3,2026-08-14T19:06:05Z,2026-08-14T20:37:49Z,1.53
TW5 9PU,SEPD,HV,1,TV2652,3,2026-08-14T19:06:05Z,2026-08-14T20:37:49Z,1.53
TW5 9RY,SEPD,HV,1,TV2652,3,2026-08-14T19:06:05Z,2026-08-14T20:37:49Z,1.53
TW5 9SB,SEPD,HV,1,TV2652,3,2026-08-14T19:06:05Z,2026-08-14T20:37:49Z,1.53
TW6 2GE,SEPD,HV,1,TV1481,10,2026-08-14T04:27:53Z,2026-08-14T05:59:57Z,1.53
TW6 2JJ,SEPD,HV,1,TV1481,10,2026-08-14T04:27:53Z,2026-08-14T05:59:57Z,1.53
UB4 8EL,SEPD,HV,1,TV2652,3,2026-08-14T19:06:05Z,2026-08-14T20:37:49Z,1.53
UB7 8HP,SEPD,HV,1,TV2652,3,2026-08-14T19:06:05Z,2026-08-14T20:37:49Z,1.53
DT2 7DQ,SEPD,HV,1,TV7952,13,2026-08-19T09:42:04Z,2026-08-19T11:11:48Z,1.5
DT2 7EF,SEPD,HV,1,TV7952,13,2026-08-19T09:42:04Z,2026-08-19T11:11:48Z,1.5
DT2 7EG,SEPD,HV,1,TV7952,13,2026-08-19T09:42:04Z,2026-08-19T11:11:48Z,1.5
DT2 7EH,SEPD,HV,1,TV7952,13,2026-08-19T09:42:04Z,2026-08-19T11:11:48Z,1.5
DT2 7EJ,SEPD,HV,1,TV7952,13,2026-08-19T09:42:04Z,2026-08-19T11:11:48Z,1.5
DT2 7EL,SEPD,HV,1,TV7952,13,2026-08-19T09:42:04Z,2026-08-19T11:11:48Z,1.5
DT2 7EN,SEPD,HV,1,TV7952,13,2026-08-19T09:42:04Z,2026-08-19T11:11:48Z,1.5
DT2 7EP,SEPD,HV,1,TV7952,13,2026-08-19T09:42:04Z,2026-08-19T11:11:48Z,1.5
DT2 7ER,SEPD,HV,1,TV7952,13,2026-08-19T09:42:04Z,2026-08-19T11:11:48Z,1.5
DT2 7ES,SEPD,HV,1,TV7952,13,2026-08-19T09:42:04Z,2026-08-19T11:11:48Z,1.5
DT2 7ET,SEPD,HV,1,TV7952,13,2026-08-19T09:42:04Z,2026-08-19T11:11:48Z,1.5
DT2 7EU,SEPD,HV,1,TV7952,13,2026-08-19T09:42:04Z,2026-08-19T11:11:48Z,1.5
DT2 7EW,SEPD,HV,1,TV7952,13,2026-08-19T09:42:04Z,2026-08-19T11:11:48Z,1.5
DT2 7EX,SEPD,HV,1,TV7952,13,2026-08-19T09:42:04Z,2026-08-19T11:11:48Z,1.5
DT2 7EY,SEPD,HV,1,TV7952,13,2026-08-19T09:42:04Z,2026-08-19T11:11:48Z,1.5
DT2 7EZ,SEPD,HV,1,TV7952,13,2026-08-19T09:42:04Z,2026-08-19T11:11:48Z,1.5
DT2 7FB,SEPD,HV,1,TV7952,13,2026-08-19T09:42:04Z,2026-08-19T11:11:48Z,1.5
DT2 7FD,SEPD,HV,1,TV7952,13,2026-08-19T09:42:04Z,2026-08-19T11:11:48Z,1.5
DT2 7FE,SEPD,HV,1,TV7952,13,2026-08-19T09:42:04Z,2026-08-19T11:11:48Z,1.5
DT2 7FG,SEPD,HV,1,TV7952,13,2026-08-19T09:42:04Z,2026-08-19T11:11:48Z,1.5
DT2 7FH,SEPD,HV,1,TV7952,13,2026-08-19T09:42:04Z,2026-08-19T11:11:48Z,1.5
DT2 7HA,SEPD,HV,1,TV7952,13,2026-08-19T09:42:04Z,2026-08-19T11:11:48Z,1.5
DT2 7HB,SEPD,HV,1,TV7952,13,2026-08-19T09:42:04Z,2026-08-19T11:11:48Z,1.5
DT2 7LG,SEPD,HV,1,TV7952,13,2026-08-19T09:42:04Z,2026-08-19T11:11:48Z,1.5
DT2 7LH,SEPD,HV,1,TV7952,13,2026-08-19T09:42:04Z,2026-08-19T11:11:48Z,1.5
DT2 7LJ,SEPD,HV,1,TV7952,13,2026-08-19T09:42:04Z,2026-08-19T11:11:48Z,1.5
DT2 7LL,SEPD,HV,1,TV7952,13,2026-08-19T09:42:04Z,2026-08-19T11:11:48Z,1.5
DT2 7LP,SEPD,HV,1,TV7952,13,2026-08-19T09:42:04Z,2026-08-19T11:11:48Z,1.5
DT2 7LQ,SEPD,HV,1,TV7952,13,2026-08-19T09:42:04Z,2026-08-19T11:11:48Z,1.5
DT2 7LR,SEPD,HV,1,TV7952,13,2026-08-19T09:42:04Z,2026-08-19T11:11:48Z,1.5
DT2 7LT,SEPD,HV,1,TV7952,13,2026-08-19T09:42:04Z,2026-08-19T11:11:48Z,1.5
DT2 7LU,SEPD,HV,1,TV7952,13,2026-08-19T09:42:04Z,2026-08-19T11:11:48Z,1.5
DT2 7LX,SEPD,HV,1,TV7952,13,2026-08-19T09:42:04Z,2026-08-19T11:11:48Z,1.5
DT2 7LY,SEPD,HV,1,TV7952,13,2026-08-19T09:42:04Z,2026-08-19T11:11:48Z,1.5
DT2 7LZ,SEPD,HV,1,TV7952,13,2026-08-19T09:42:04Z,2026-08-19T11:11:48Z,1.5
DT2 7NA,SEPD,HV,1,TV7952,13,2026-08-19T09:42:04Z,2026-08-19T11:11:48Z,1.5
DT2 7NB,SEPD,HV,1,TV7952,13,2026-08-19T09:42:04Z,2026-08-19T11:11:48Z,1.5
DT2 7ND,SEPD,HV,1,TV7952,13,2026-08-19T09:42:04Z,2026-08-19T11:11:48Z,1.5
DT2 7NE,SEPD,HV,1,TV7952,13,2026-08-19T09:42:04Z,2026-08-19T11:11:48Z,1.5
DT2 7NH,SEPD,HV,1,TV7952,13,2026-08-19T09:42:04Z,2026-08-19T11:11:48Z,1.5
DT2 7NQ,SEPD,HV,1,TV7952,13,2026-08-19T09:42:04Z,2026-08-19T11:11:48Z,1.5
DT2 7QD,SEPD,HV,1,TV7952,13,2026-08-19T09:42:04Z,2026-08-19T11:11:48Z,1.5
DT2 7SB,SEPD,HV,1,TV7952,13,2026-08-19T09:42:04Z,2026-08-19T11:11:48Z,1.5
DT2 9UA,SEPD,HV,1,TV7952,13,2026-08-19T09:42:04Z,2026-08-19T11:11:48Z,1.5
GU47 0TJ,SEPD,LV,2,"TV6762,TV7206",26,2026-08-18T11:59:52Z,2026-08-18T18:15:41Z,1.48
GU47 0TN,SEPD,LV,2,"TV6762,TV7206",26,2026-08-18T11:59:52Z,2026-08-18T18:15:41Z,1.48
GU47 0TP,SEPD,LV,2,"TV6762,TV7206",26,2026-08-18T11:59:52Z,2026-08-18T18:15:41Z,1.48
GU47 0TW,SEPD,LV,2,"TV6762,TV7206",26,2026-08-18T11:59:52Z,2026-08-18T18:15:41Z,1.48
HS2 0HF,SHEPD,LV,1,TV2135,13,2026-08-14T12:27:54Z,2026-08-14T13:56:33Z,1.48
HS2 0HJ,SHEPD,LV,1,TV2135,13,2026-08-14T12:27:54Z,2026-08-14T13:56:33Z,1.48
HS2 0HL,SHEPD,LV,1,TV2135,13,2026-08-14T12:27:54Z,2026-08-14T13:56:33Z,1.48
HS2 0HP,SHEPD,LV,1,TV2135,13,2026-08-14T12:27:54Z,2026-08-14T13:56:33Z,1.48
HS2 0HS,SHEPD,LV,1,TV2135,13,2026-08-14T12:27:54Z,2026-08-14T13:56:33Z,1.48
HS2 0HT,SHEPD,LV,1,TV2135,13,2026-08-14T12:27:54Z,2026-08-14T13:56:33Z,1.48
HS2 0HW,SHEPD,LV,1,TV2135,13,2026-08-14T12:27:54Z,2026-08-14T13:56:33Z,1.48
HS2 0JF,SHEPD,LV,1,TV2135,13,2026-08-14T12:27:54Z,2026-08-14T13:56:33Z,1.48
BA14 7AL,SEPD,LV,2,"TV4576,TV4652",68,2026-08-17T04:24:57Z,2026-08-17T06:30:45Z,1.44
BA14 7AR,SEPD,LV,2,"TV4576,TV4652",68,2026-08-17T04:24:57Z,2026-08-17T06:30:45Z,1.44
BA14 7AY,SEPD,LV,2,"TV4576,TV4652",68,2026-08-17T04:24:57Z,2026-08-17T06:30:45Z,1.44
BA14 7AZ,SEPD,LV,2,"TV4576,TV4652",68,2026-08-17T04:24:57Z,2026-08-17T06:30:45Z,1.44
DT3 4HW,SEPD,HV,2,"TV3632,TV4147",58,2026-08-16T16:42:14Z,2026-08-16T18:08:05Z,1.43
OX12 8NF,SEPD,LV,1,TV4439,5,2026-08-16T20:31:43Z,2026-08-16T21:56:05Z,1.41
GU25 4NE,SEPD,HV,3,"TV4640,TV5160,TV5329",208,2026-08-17T06:30:45Z,2026-08-17T12:59:19Z,1.4
UB9 5JE,SEPD,LV,2,"TV3865,TV5083",27,2026-08-17T11:02:27Z,2026-08-17T12:59:19Z,1.4
UB9 5JG,SEPD,LV,2,"TV3865,TV5083",27,2026-08-17T11:02:27Z,2026-08-17T12:59:19Z,1.4
UB9 5JJ,SEPD,LV,1,TV3865,20,2026-08-17T11:35:25Z,2026-08-17T12:59:19Z,1.4
UB9 5JL,SEPD,LV,1,TV3865,20,2026-08-17T11:35:25Z,2026-08-17T12:59:19Z,1.4
UB9 5JN,SEPD,LV,1,TV3865,20,2026-08-17T11:35:25Z,2026-08-17T12:59:19Z,1.4
BH14 8SY,SEPD,PSI,1,254122,7,2026-08-19T08:18:34Z,2026-08-19T09:42:04Z,1.39
PO16 7RN,SEPD,LV,1,TV5702,18,2026-08-17T21:35:11Z,2026-08-17T22:54:56Z,1.33
PO16 7RP,SEPD,LV,1,TV5702,18,2026-08-17T21:35:11Z,2026-08-17T22:54:56Z,1.33
PO16 7RR,SEPD,LV,1,TV5702,18,2026-08-17T21:35:11Z,2026-08-17T22:54:56Z,1.33
PO16 7RW,SEPD,LV,1,TV5702,18,2026-08-17T21:35:11Z,2026-08-17T22:54:56Z,1.33
PO16 7UL,SEPD,LV,1,TV5702,18,2026-08-17T21:35:11Z,2026-08-17T22:54:56Z,1.33
RG4 6RN,SEPD,LV,1,TV4052,17,2026-08-16T14:30:57Z,2026-08-16T15:50:36Z,1.33
RG4 6SF,SEPD,LV,1,TV4052,17,2026-08-16T14:30:57Z,2026-08-16T15:50:36Z,1.33
RG4 6SL,SEPD,LV,1,TV4052,17,2026-08-16T14:30:57Z,2026-08-16T15:50:36Z,1.33
SL6 9DA,SEPD,LV,1,TV7275,19,2026-08-18T19:35:12Z,2026-08-18T20:55:12Z,1.33
SL6 9DZ,SEPD,LV,1,TV7275,19,2026-08-18T19:35:12Z,2026-08-18T20:55:12Z,1.33
SL6 9QD,SEPD,LV,1,TV7275,19,2026-08-18T19:35:12Z,2026-08-18T20:55:12Z,1.33
SL6 9QE,SEPD,LV,1,TV7275,19,2026-08-18T19:35:12Z,2026-08-18T20:55:12Z,1.33
SL6 9QF,SEPD,LV,1,TV7275,19,2026-08-18T19:35:12Z,2026-08-18T20:55:12Z,1.33
SL6 9QG,SEPD,LV,1,TV7275,19,2026-08-18T19:35:12Z,2026-08-18T20:55:12Z,1.33
SL6 9RH,SEPD,LV,1,TV7275,19,2026-08-18T19:35:12Z,2026-08-18T20:55:12Z,1.33
SL6 9RT,SEPD,LV,1,TV7275,19,2026-08-18T19:35:12Z,2026-08-18T20:55:12Z,1.33
SL6 9RU,SEPD,LV,1,TV7275,19,2026-08-18T19:35:12Z,2026-08-18T20:55:12Z,1.33
SL6 9RZ,SEPD,LV,1,TV7275,19,2026-08-18T19:35:12Z,2026-08-18T20:55:12Z,1.33
SL6 9SA,SEPD,LV,1,TV7275,19,2026-08-18T19:35:12Z,2026-08-18T20:55:12Z,1.33
DT4 7HA,SEPD,LV,1,TV4591,14,2026-08-17T05:11:16Z,2026-08-17T06:30:45Z,1.32
IV17,SHEPD,HV,1,TV6200,145,2026-08-18T09:17:56Z,2026-08-18T10:37:14Z,1.32
IV17 0AJ,SHEPD,HV,1,TV6200,145,2026-08-18T09:17:56Z,2026-08-18T10:37:14Z,1.32
IV17 0AL,SHEPD,HV,1,TV6200,145,2026-08-18T09:17:56Z,2026-08-18T10:37:14Z,1.32
IV17 0PF,SHEPD,HV,1,TV6200,145,2026-08-18T09:17:56Z,2026-08-18T10:37:14Z,1.32
IV17 0SS,SHEPD,HV,1,TV6200,145,2026-08-18T09:17:56Z,2026-08-18T10:37:14Z,1.32
IV17 0UR,SHEPD,HV,1,TV6200,145,2026-08-18T09:17:56Z,2026-08-18T10:37:14Z,1.32
IV17 0UT,SHEPD,HV,1,TV6200,145,2026-08-18T09:17:56Z,2026-08-18T10:37:14Z,1.32
IV17 0UU,SHEPD,HV,1,TV6200,145,2026-08-18T09:17:56Z,2026-08-18T10:37:14Z,1.32
IV17 0UX,SHEPD,HV,1,TV6200,145,2026-08-18T09:17:56Z,2026-08-18T10:37:14Z,1.32
IV17 0UY,SHEPD,HV,1,TV6200,145,2026-08-18T09:17:56Z,2026-08-18T10:37:14Z,1.32
IV17 0WJ,SHEPD,HV,1,TV6200,145,2026-08-18T09:17:56Z,2026-08-18T10:37:14Z,1.32
IV17 0WN,SHEPD,HV,1,TV6200,145,2026-08-18T09:17:56Z,2026-08-18T10:37:14Z,1.32
IV17 0WP,SHEPD,HV,1,TV6200,145,2026-08-18T09:17:56Z,2026-08-18T10:37:14Z,1.32
IV17 0XB,SHEPD,HV,1,TV6200,145,2026-08-18T09:17:56Z,2026-08-18T10:37:14Z,1.32
IV6 7QZ,SHEPD,"LV,HV",2,"TV3521,TV3553",21,2026-08-15T20:58:21Z,2026-08-15T23:48:32Z,1.27
IV6 7RS,SHEPD,HV,1,TV3553,19,2026-08-15T22:32:35Z,2026-08-15T23:48:32Z,1.27
PO7 4QS,SEPD,LV,1,TV3870,3,2026-08-16T13:38:51Z,2026-08-16T14:53:47Z,1.25
PO7 6HG,SEPD,LV,1,TV3870,3,2026-08-16T13:38:51Z,2026-08-16T14:53:47Z,1.25
DT2,SEPD,PSI,1,253149,35,2026-08-15T08:45:34Z,2026-08-15T10:00:12Z,1.24
OX1 3DU,SEPD,LV,1,TV2977,6,2026-08-15T08:45:34Z,2026-08-15T10:00:12Z,1.24
OX1 3DX,SEPD,LV,1,TV2977,6,2026-08-15T08:45:34Z,2026-08-15T10:00:12Z,1.24
OX1 3DZ,SEPD,LV,1,TV2977,6,2026-08-15T08:45:34Z,2026-08-15T10:00:12Z,1.24
OX1 4AB,SEPD,LV,1,TV2977,6,2026-08-15T08:45:34Z,2026-08-15T10:00:12Z,1.24
OX1 4AD,SEPD,LV,1,TV2977,6,2026-08-15T08:45:34Z,2026-08-15T10:00:12Z,1.24
OX1 4DB,SEPD,LV,1,TV2977,6,2026-08-15T08:45:34Z,2026-08-15T10:00:12Z,1.24
OX1 4EA,SEPD,LV,1,TV2977,6,2026-08-15T08:45:34Z,2026-08-15T10:00:12Z,1.24
SL1 3BU,SEPD,LV,1,TV3006,53,2026-08-15T08:45:34Z,2026-08-15T10:00:12Z,1.24
SL1 3BY,SEPD,LV,1,TV3006,53,2026-08-15T08:45:34Z,2026-08-15T10:00:12Z,1.24
SL1 3BZ,SEPD,LV,1,TV3006,53,2026-08-15T08:45:34Z,2026-08-15T10:00:12Z,1.24
SL1 3DF,SEPD,LV,1,TV3006,53,2026-08-15T08:45:34Z,2026-08-15T10:00:12Z,1.24
SL1 3DG,SEPD,LV,1,TV3006,53,2026-08-15T08:45:34Z,2026-08-15T10:00:12Z,1.24
SL1 3FZ,SEPD,LV,1,TV3006,53,2026-08-15T08:45:34Z,2026-08-15T10:00:12Z,1.24
SL4 4RS,SEPD,PSI,1,253812,2,2026-08-15T08:45:34Z,2026-08-15T10:00:12Z,1.24
DD4 7BE,SHEPD,LV,1,TV3599,15,2026-08-16T09:44:43Z,2026-08-16T10:58:33Z,1.23
DD4 7BH,SHEPD,LV,1,TV3599,15,2026-08-16T09:44:43Z,2026-08-16T10:58:33Z,1.23
DD4 7EL,SHEPD,LV,1,TV3599,15,2026-08-16T09:44:43Z,2026-08-16T10:58:33Z,1.23
DD4 7EN,SHEPD,LV,1,TV3599,15,2026-08-16T09:44:43Z,2026-08-16T10:58:33Z,1.23
DD4 7EP,SHEPD,LV,1,TV3599,15,2026-08-16T09:44:43Z,2026-08-16T10:58:33Z,1.23
DD4 7ER,SHEPD,LV,1,TV3599,15,2026-08-16T09:44:43Z,2026-08-16T10:58:33Z,1.23
PH33 7AW,SHEPD,HV,1,TV2737,9,2026-08-14T23:29:06Z,2026-08-15T00:42:01Z,1.22
PH33 7NP,SHEPD,HV,1,TV2737,9,2026-08-14T23:29:06Z,2026-08-15T00:42:01Z,1.22
PH33 7NX,SHEPD,HV,1,TV2737,9,2026-08-14T23:29:06Z,2026-08-15T00:42:01Z,1.22
PO2 8NF,SEPD,LV,1,TV3930,19,2026-08-16T15:29:24Z,2026-08-16T16:42:14Z,1.21
PO2 8NH,SEPD,LV,1,TV3930,19,2026-08-16T15:29:24Z,2026-08-16T16:42:14Z,1.21
PO30 1AW,SEPD,LV,1,TV7686,15,2026-08-19T07:47:42Z,2026-08-19T08:59:42Z,1.2
PO30 1XP,SEPD,LV,1,TV7686,15,2026-08-19T07:47:42Z,2026-08-19T08:59:42Z,1.2
PO30 1XR,SEPD,LV,1,TV7686,15,2026-08-19T07:47:42Z,2026-08-19T08:59:42Z,1.2
PO30 1XW,SEPD,LV,1,TV7686,15,2026-08-19T07:47:42Z,2026-08-19T08:59:42Z,1.2
DT3 4BP,SEPD,HV,1,TU7816,351,2026-08-12T18:07:32Z,2026-08-12T19:18:48Z,1.19
DT3 4BT,SEPD,HV,1,TU7816,351,2026-08-12T18:07:32Z,2026-08-12T19:18:48Z,1.19
DT3 4BU,SEPD,HV,1,TU7816,351,2026-08-12T18:07:32Z,2026-08-12T19:18:48Z,1.19
DT3 4EW,SEPD,HV,1,TU7816,351,2026-08-12T18:07:32Z,2026-08-12T19:18:48Z,1.19
IV28 3XB,SHEPD,PSI,1,253064,148,2026-08-12T18:07:32Z,2026-08-12T19:18:48Z,1.19
IV28 3XD,SHEPD,PSI,1,253064,148,2026-08-12T18:07:32Z,2026-08-12T19:18:48Z,1.19
IV28 3XH,SHEPD,PSI,1,253064,148,2026-08-12T18:07:32Z,2026-08-12T19:18:48Z,1.19
IV28 3XQ,SHEPD,PSI,1,253064,148,2026-08-12T18:07:32Z,2026-08-12T19:18:48Z,1.19
IV28 3YD,SHEPD,PSI,1,253064,148,2026-08-12T18:07:32Z,2026-08-12T19:18:48Z,1.19
IV28 3YE,SHEPD,PSI,1,253064,148,2026-08-12T18:07:32Z,2026-08-12T19:18:48Z,1.19
IV28 3YG,SHEPD,PSI,1,253064,148,2026-08-12T18:07:32Z,2026-08-12T19:18:48Z,1.19
IV28 3YQ,SHEPD,PSI,1,253064,148,2026-08-12T18:07:32Z,2026-08-12T19:18:48Z,1.19
BA15 2AL,SEPD,PSI,1,253164,85,2026-08-13T07:51:12Z,2026-08-13T09:01:26Z,1.17
BA2 7FF,SEPD,PSI,1,253164,85,2026-08-13T07:51:12Z,2026-08-13T09:01:26Z,1.17
BA2 7FN,SEPD,PSI,1,253164,85,2026-08-13T07:51:12Z,2026-08-13T09:01:26Z,1.17
BA2 7FW,SEPD,PSI,1,253164,85,2026-08-13T07:51:12Z,2026-08-13T09:01:26Z,1.17
BA2 7JQ,SEPD,PSI,1,253164,85,2026-08-13T07:51:12Z,2026-08-13T09:01:26Z,1.17
BA2 7JR,SEPD,PSI,1,253164,85,2026-08-13T07:51:12Z,2026-08-13T09:01:26Z,1.17
BA2 7JS,SEPD,PSI,1,253164,85,2026-08-13T07:51:12Z,2026-08-13T09:01:26Z,1.17
BA2 7NU,SEPD,PSI,1,253164,85,2026-08-13T07:51:12Z,2026-08-13T09:01:26Z,1.17
RG12 9AB,SEPD,LV,1,TV0047,28,2026-08-13T07:51:12Z,2026-08-13T09:01:26Z,1.17
RG12 9AQ,SEPD,LV,1,TV0047,28,2026-08-13T07:51:12Z,2026-08-13T09:01:26Z,1.17
RG12 9AW,SEPD,LV,1,TV0047,28,2026-08-13T07:51:12Z,2026-08-13T09:01:26Z,1.17
RG12 9EB,SEPD,LV,1,TV0047,28,2026-08-13T07:51:12Z,2026-08-13T09:01:26Z,1.17
GU20 6JS,SEPD,HV,2,"TV3062,TV3160",64,2026-08-15T09:12:25Z,2026-08-15T10:53:39Z,1.15
GU20 6JT,SEPD,HV,2,"TV3062,TV3160",64,2026-08-15T09:12:25Z,2026-08-15T10:53:39Z,1.15
GU20 6JU,SEPD,HV,2,"TV3062,TV3160",64,2026-08-15T09:12:25Z,2026-08-15T10:53:39Z,1.15
GU20 6JZ,SEPD,HV,2,"TV3062,TV3160",64,2026-08-15T09:12:25Z,2026-08-15T10:53:39Z,1.15
GU20 6LA,SEPD,HV,2,"TV3062,TV3160",64,2026-08-15T09:12:25Z,2026-08-15T10:53:39Z,1.15
GU20 6PE,SEPD,HV,2,"TV3062,TV3160",64,2026-08-15T09:12:25Z,2026-08-15T10:53:39Z,1.15
GU20 6PF,SEPD,HV,2,"TV3062,TV3160",64,2026-08-15T09:12:25Z,2026-08-15T10:53:39Z,1.15
AB21 7AQ,SHEPD,HV,1,TV8020,4,2026-08-19T10:04:43Z,2026-08-19T11:11:48Z,1.12
AB22 8NJ,SHEPD,HV,1,TV8020,4,2026-08-19T10:04:43Z,2026-08-19T11:11:48Z,1.12
OX14 5BF,SEPD,LV,1,TV3258,55,2026-08-15T12:54:42Z,2026-08-15T13:58:41Z,1.07
OX14 5BJ,SEPD,LV,1,TV3258,55,2026-08-15T12:54:42Z,2026-08-15T13:58:41Z,1.07
OX14 5BL,SEPD,LV,1,TV3258,55,2026-08-15T12:54:42Z,2026-08-15T13:58:41Z,1.07
OX14 5BP,SEPD,LV,1,TV3258,55,2026-08-15T12:54:42Z,2026-08-15T13:58:41Z,1.07
OX14 5BT,SEPD,LV,1,TV3258,55,2026-08-15T12:54:42Z,2026-08-15T13:58:41Z,1.07
OX14 5BU,SEPD,LV,1,TV3258,55,2026-08-15T12:54:42Z,2026-08-15T13:58:41Z,1.07
OX14 5EE,SEPD,LV,1,TV3258,55,2026-08-15T12:54:42Z,2026-08-15T13:58:41Z,1.07
OX14 5EG,SEPD,LV,1,TV3258,55,2026-08-15T12:54:42Z,2026-08-15T13:58:41Z,1.07
OX14 5EY,SEPD,LV,1,TV3258,55,2026-08-15T12:54:42Z,2026-08-15T13:58:41Z,1.07
OX14 5FG,SEPD,LV,1,TV3258,55,2026-08-15T12:54:42Z,2026-08-15T13:58:41Z,1.07
OX14 5SA,SEPD,LV,1,TV3258,55,2026-08-15T12:54:42Z,2026-08-15T13:58:41Z,1.07
OX14 5UA,SEPD,LV,1,TV3258,55,2026-08-15T12:54:42Z,2026-08-15T13:58:41Z,1.07
PO19 7DB,SEPD,LV,1,TV7163,25,2026-08-18T16:44:14Z,2026-08-18T17:48:35Z,1.07
PO19 7HY,SEPD,LV,1,TV7163,25,2026-08-18T16:44:14Z,2026-08-18T17:48:35Z,1.07
PO19 7HZ,SEPD,LV,1,TV7163,25,2026-08-18T16:44:14Z,2026-08-18T17:48:35Z,1.07
PO19 7JA,SEPD,LV,1,TV7163,25,2026-08-18T16:44:14Z,2026-08-18T17:48:35Z,1.07
SP4 9DR,SEPD,LV,1,TV1061,15,2026-08-13T18:40:04Z,2026-08-13T19:44:22Z,1.07
SP4 9PJ,SEPD,LV,1,TV1061,15,2026-08-13T18:40:04Z,2026-08-13T19:44:22Z,1.07
SP4 9PQ,SEPD,LV,1,TV1061,15,2026-08-13T18:40:04Z,2026-08-13T19:44:22Z,1.07
SP4 9QW,SEPD,LV,1,TV1061,15,2026-08-13T18:40:04Z,2026-08-13T19:44:22Z,1.07
SP4 9RH,SEPD,LV,1,TV1061,15,2026-08-13T18:40:04Z,2026-08-13T19:44:22Z,1.07
SP4 9RQ,SEPD,LV,1,TV1061,15,2026-08-13T18:40:04Z,2026-08-13T19:44:22Z,1.07
SP4 9RT,SEPD,LV,1,TV1061,15,2026-08-13T18:40:04Z,2026-08-13T19:44:22Z,1.07
SP4 9RU,SEPD,LV,1,TV1061,15,2026-08-13T18:40:04Z,2026-08-13T19:44:22Z,1.07
SP3 5AG,SEPD,HV,2,"TV7529,TV7530",232,2026-08-19T04:59:22Z,2026-08-19T06:01:52Z,1.04
SP3 5LX,SEPD,HV,2,"TV7529,TV7530",232,2026-08-19T04:59:22Z,2026-08-19T06:01:52Z,1.04
SP3 5LY,SEPD,HV,2,"TV7529,TV7530",232,2026-08-19T04:59:22Z,2026-08-19T06:01:52Z,1.04
SP3 5LZ,SEPD,HV,2,"TV7529,TV7530",232,2026-08-19T04:59:22Z,2026-08-19T06:01:52Z,1.04
SP3 5ND,SEPD,HV,2,"TV7529,TV7530",232,2026-08-19T04:59:22Z,2026-08-19T06:01:52Z,1.04
SP3 5NE,SEPD,HV,2,"TV7529,TV7530",232,2026-08-19T04:59:22Z,2026-08-19T06:01:52Z,1.04
SP3 5NF,SEPD,HV,2,"TV7529,TV7530",232,2026-08-19T04:59:22Z,2026-08-19T06:01:52Z,1.04
SP3 5NG,SEPD,HV,2,"TV7529,TV7530",232,2026-08-19T04:59:22Z,2026-08-19T06:01:52Z,1.04
SP3 5NJ,SEPD,HV,2,"TV7529,TV7530",232,2026-08-19T04:59:22Z,2026-08-19T06:01:52Z,1.04
SP3 5NU,SEPD,HV,2,"TV7529,TV7530",232,2026-08-19T04:59:22Z,2026-08-19T06:01:52Z,1.04
SP3 5NX,SEPD,HV,2,"TV7529,TV7530",232,2026-08-19T04:59:22Z,2026-08-19T06:01:52Z,1.04
SP3 5NY,SEPD,HV,2,"TV7529,TV7530",232,2026-08-19T04:59:22Z,2026-08-19T06:01:52Z,1.04
SP3 5PA,SEPD,HV,2,"TV7529,TV7530",232,2026-08-19T04:59:22Z,2026-08-19T06:01:52Z,1.04
SP3 5PB,SEPD,HV,2,"TV7529,TV7530",232,2026-08-19T04:59:22Z,2026-08-19T06:01:52Z,1.04
SP3 5PD,SEPD,HV,2,"TV7529,TV7530",232,2026-08-19T04:59:22Z,2026-08-19T06:01:52Z,1.04
SP3 5PE,SEPD,HV,2,"TV7529,TV7530",232,2026-08-19T04:59:22Z,2026-08-19T06:01:52Z,1.04
SP3 5PF,SEPD,HV,2,"TV7529,TV7530",232,2026-08-19T04:59:22Z,2026-08-19T06:01:52Z,1.04
SP3 5PG,SEPD,HV,2,"TV7529,TV7530",232,2026-08-19T04:59:22Z,2026-08-19T06:01:52Z,1.04
SP3 5PH,SEPD,HV,2,"TV7529,TV7530",232,2026-08-19T04:59:22Z,2026-08-19T06:01:52Z,1.04
SP3 5PJ,SEPD,HV,2,"TV7529,TV7530",232,2026-08-19T04:59:22Z,2026-08-19T06:01:52Z,1.04
SP3 5PL,SEPD,HV,2,"TV7529,TV7530",232,2026-08-19T04:59:22Z,2026-08-19T06:01:52Z,1.04
SP3 5PP,SEPD,HV,2,"TV7529,TV7530",232,2026-08-19T04:59:22Z,2026-08-19T06:01:52Z,1.04
SP3 5PQ,SEPD,HV,2,"TV7529,TV7530",232,2026-08-19T04:59:22Z,2026-08-19T06:01:52Z,1.04
SP3 5QD,SEPD,HV,2,"TV7529,TV7530",232,2026-08-19T04:59:22Z,2026-08-19T06:01:52Z,1.04
SP3 5QH,SEPD,HV,2,"TV7529,TV7530",232,2026-08-19T04:59:22Z,2026-08-19T06:01:52Z,1.04
SP5 1AW,SEPD,HV,2,"TV7529,TV7530",232,2026-08-19T04:59:22Z,2026-08-19T06:01:52Z,1.04
SP5 5HT,SEPD,HV,2,"TV7529,TV7530",232,2026-08-19T04:59:22Z,2026-08-19T06:01:52Z,1.04
G83 8NW,SHEPD,LV,1,TV2414,6,2026-08-14T15:59:47Z,2026-08-14T17:02:08Z,1.04
G83 8RY,SHEPD,LV,1,TV2414,6,2026-08-14T15:59:47Z,2026-08-14T17:02:08Z,1.04
GU15 3AD,SEPD,HV,1,TV3588,7,2026-08-16T01:53:27Z,2026-08-16T02:54:59Z,1.03
GU15 3AE,SEPD,HV,1,TV3588,7,2026-08-16T01:53:27Z,2026-08-16T02:54:59Z,1.03
GU15 3AJ,SEPD,HV,1,TV3588,7,2026-08-16T01:53:27Z,2026-08-16T02:54:59Z,1.03
GU15 3AQ,SEPD,HV,1,TV3588,7,2026-08-16T01:53:27Z,2026-08-16T02:54:59Z,1.03
GU15 3BH,SEPD,HV,1,TV3588,7,2026-08-16T01:53:27Z,2026-08-16T02:54:59Z,1.03
GU15 3BJ,SEPD,HV,1,TV3588,7,2026-08-16T01:53:27Z,2026-08-16T02:54:59Z,1.03
GU15 3BL,SEPD,HV,1,TV3588,7,2026-08-16T01:53:27Z,2026-08-16T02:54:59Z,1.03
GU15 3BT,SEPD,HV,1,TV3588,7,2026-08-16T01:53:27Z,2026-08-16T02:54:59Z,1.03
GU15 3BW,SEPD,HV,1,TV3588,7,2026-08-16T01:53:27Z,2026-08-16T02:54:59Z,1.03
GU15 3DR,SEPD,HV,1,TV3588,7,2026-08-16T01:53:27Z,2026-08-16T02:54:59Z,1.03
GU15 3DS,SEPD,HV,1,TV3588,7,2026-08-16T01:53:27Z,2026-08-16T02:54:59Z,1.03
GU15 3DX,SEPD,HV,1,TV3588,7,2026-08-16T01:53:27Z,2026-08-16T02:54:59Z,1.03
GU15 3DY,SEPD,HV,1,TV3588,7,2026-08-16T01:53:27Z,2026-08-16T02:54:59Z,1.03
GU15 3DZ,SEPD,HV,1,TV3588,7,2026-08-16T01:53:27Z,2026-08-16T02:54:59Z,1.03
GU15 3EA,SEPD,HV,1,TV3588,7,2026-08-16T01:53:27Z,2026-08-16T02:54:59Z,1.03
GU15 3EB,SEPD,HV,1,TV3588,7,2026-08-16T01:53:27Z,2026-08-16T02:54:59Z,1.03
GU15 3ED,SEPD,HV,1,TV3588,7,2026-08-16T01:53:27Z,2026-08-16T02:54:59Z,1.03
GU15 3EE,SEPD,HV,1,TV3588,7,2026-08-16T01:53:27Z,2026-08-16T02:54:59Z,1.03
GU15 3JE,SEPD,HV,1,TV3588,7,2026-08-16T01:53:27Z,2026-08-16T02:54:59Z,1.03
RG31 7DY,SEPD,LV,1,TV7179,26,2026-08-18T17:14:31Z,2026-08-18T18:15:41Z,1.02
RG31 7EB,SEPD,LV,1,TV7179,26,2026-08-18T17:14:31Z,2026-08-18T18:15:41Z,1.02
RG31 7ED,SEPD,LV,1,TV7179,26,2026-08-18T17:14:31Z,2026-08-18T18:15:41Z,1.02
RG31 7EL,SEPD,LV,1,TV7179,26,2026-08-18T17:14:31Z,2026-08-18T18:15:41Z,1.02
RG31 7EZ,SEPD,LV,1,TV7179,26,2026-08-18T17:14:31Z,2026-08-18T18:15:41Z,1.02
OX13 5JN,SEPD,LV,1,TV2314,10,2026-08-14T15:00:01Z,2026-08-14T15:59:47Z,1.0
OX13 5JW,SEPD,LV,1,TV2314,10,2026-08-14T15:00:01Z,2026-08-14T15:59:47Z,1.0
OX4 4RF,SEPD,LV,1,TV1600,28,2026-08-14T08:52:07Z,2026-08-14T09:52:18Z,1.0
OX4 4SH,SEPD,LV,1,TV1600,28,2026-08-14T08:52:07Z,2026-08-14T09:52:18Z,1.0
OX4 4SJ,SEPD,LV,1,TV1600,28,2026-08-14T08:52:07Z,2026-08-14T09:52:18Z,1.0
OX4 4SL,SEPD,LV,1,TV1600,28,2026-08-14T08:52:07Z,2026-08-14T09:52:18Z,1.0
OX4 4SN,SEPD,LV,1,TV1600,28,2026-08-14T08:52:07Z,2026-08-14T09:52:18Z,1.0
OX4 4SW,SEPD,LV,1,TV1600,28,2026-08-14T08:52:07Z,2026-08-14T09:52:18Z,1.0
OX4 4TA,SEPD,LV,1,TV1606,17,2026-08-14T08:52:07Z,2026-08-14T09:52:18Z,1.0
OX4 4TY,SEPD,LV,1,TV1606,17,2026-08-14T08:52:07Z,2026-08-14T09:52:18Z,1.0
OX4 4TZ,SEPD,LV,1,TV1606,17,2026-08-14T08:52:07Z,2026-08-14T09:52:18Z,1.0
OX4 4YH,SEPD,HV,1,TV1596,12,2026-08-14T08:52:07Z,2026-08-14T09:52:18Z,1.0
OX4 4YJ,SEPD,HV,1,TV1596,12,2026-08-14T08:52:07Z,2026-08-14T09:52:18Z,1.0
RG8 0LJ,SEPD,HV,2,"TV2849,TV5926",990,2026-08-15T06:51:18Z,2026-08-18T06:18:43Z,0.97
RG8 0LR,SEPD,HV,2,"TV2849,TV5926",990,2026-08-15T06:51:18Z,2026-08-18T06:18:43Z,0.97
RG8 0LS,SEPD,HV,2,"TV2849,TV5926",990,2026-08-15T06:51:18Z,2026-08-18T06:18:43Z,0.97
RG8 0PA,SEPD,HV,2,"TV2849,TV5926",990,2026-08-15T06:51:18Z,2026-08-18T06:18:43Z,0.97
RG8 0PB,SEPD,HV,2,"TV2849,TV5926",990,2026-08-15T06:51:18Z,2026-08-18T06:18:43Z,0.97
RG8 0PD,SEPD,HV,2,"TV2849,TV5926",990,2026-08-15T06:51:18Z,2026-08-18T06:18:43Z,0.97
RG8 0PG,SEPD,HV,2,"TV2849,TV5926",990,2026-08-15T06:51:18Z,2026-08-18T06:18:43Z,0.97
RG8 0PL,SEPD,HV,2,"TV2849,TV5926",990,2026-08-15T06:51:18Z,2026-08-18T06:18:43Z,0.97
RG8 0PN,SEPD,HV,2,"TV2849,TV5926",990,2026-08-15T06:51:18Z,2026-08-18T06:18:43Z,0.97
RG8 0PP,SEPD,HV,2,"TV2849,TV5926",990,2026-08-15T06:51:18Z,2026-08-18T06:18:43Z,0.97
RG8 0PR,SEPD,HV,2,"TV2849,TV5926",990,2026-08-15T06:51:18Z,2026-08-18T06:18:43Z,0.97
RG8 0PS,SEPD,HV,2,"TV2849,TV5926",990,2026-08-15T06:51:18Z,2026-08-18T06:18:43Z,0.97
RG8 0PT,SEPD,HV,2,"TV2849,TV5926",990,2026-08-15T06:51:18Z,2026-08-18T06:18:43Z,0.97
RG8 0PW,SEPD,HV,2,"TV2849,TV5926",990,2026-08-15T06:51:18Z,2026-08-18T06:18:43Z,0.97
RG8 0PX,SEPD,HV,2,"TV2849,TV5926",990,2026-08-15T06:51:18Z,2026-08-18T06:18:43Z,0.97
RG8 0PY,SEPD,HV,2,"TV2849,TV5926",990,2026-08-15T06:51:18Z,2026-08-18T06:18:43Z,0.97
RG8 0QA,SEPD,HV,2,"TV2849,TV5926",990,2026-08-15T06:51:18Z,2026-08-18T06:18:43Z,0.97
RG8 0QB,SEPD,HV,2,"TV2849,TV5926",990,2026-08-15T06:51:18Z,2026-08-18T06:18:43Z,0.97
RG8 0QH,SEPD,HV,2,"TV2849,TV5926",990,2026-08-15T06:51:18Z,2026-08-18T06:18:43Z,0.97
RG8 0QJ,SEPD,HV,2,"TV2849,TV5926",990,2026-08-15T06:51:18Z,2026-08-18T06:18:43Z,0.97
RG8 0QN,SEPD,HV,2,"TV2849,TV5926",990,2026-08-15T06:51:18Z,2026-08-18T06:18:43Z,0.97
RG8 0QR,SEPD,HV,2,"TV2849,TV5926",990,2026-08-15T06:51:18Z,2026-08-18T06:18:43Z,0.97
RG8 0QW,SEPD,HV,2,"TV2849,TV5926",990,2026-08-15T06:51:18Z,2026-08-18T06:18:43Z,0.97
RG8 0QX,SEPD,HV,2,"TV2849,TV5926",990,2026-08-15T06:51:18Z,2026-08-18T06:18:43Z,0.97
RG8 0QY,SEPD,HV,2,"TV2849,TV5926",990,2026-08-15T06:51:18Z,2026-08-18T06:18:43Z,0.97
RG8 0RA,SEPD,HV,2,"TV2849,TV5926",990,2026-08-15T06:51:18Z,2026-08-18T06:18:43Z,0.97
RG8 0RL,SEPD,HV,2,"TV2849,TV5926",990,2026-08-15T06:51:18Z,2026-08-18T06:18:43Z,0.97
RG8 0RN,SEPD,HV,2,"TV2849,TV5926",990,2026-08-15T06:51:18Z,2026-08-18T06:18:43Z,0.97
RG8 0RP,SEPD,HV,2,"TV2849,TV5926",990,2026-08-15T06:51:18Z,2026-08-18T06:18:43Z,0.97
RG8 0RR,SEPD,HV,2,"TV2849,TV5926",990,2026-08-15T06:51:18Z,2026-08-18T06:18:43Z,0.97
RG8 0RT,SEPD,HV,2,"TV2849,TV5926",990,2026-08-15T06:51:18Z,2026-08-18T06:18:43Z,0.97
RG8 0SD,SEPD,HV,2,"TV2849,TV5926",990,2026-08-15T06:51:18Z,2026-08-18T06:18:43Z,0.97
BA12 8EJ,SEPD,LV,1,TV7305,32,2026-08-18T19:57:03Z,2026-08-18T20:55:12Z,0.97
BA12 8EL,SEPD,LV,1,TV7305,32,2026-08-18T19:57:03Z,2026-08-18T20:55:12Z,0.97
BA12 8HS,SEPD,LV,1,TV7305,32,2026-08-18T19:57:03Z,2026-08-18T20:55:12Z,0.97
BA12 8SA,SEPD,LV,1,TV7305,32,2026-08-18T19:57:03Z,2026-08-18T20:55:12Z,0.97
BA12 8SE,SEPD,LV,1,TV7305,32,2026-08-18T19:57:03Z,2026-08-18T20:55:12Z,0.97
BA12 8SF,SEPD,LV,1,TV7305,32,2026-08-18T19:57:03Z,2026-08-18T20:55:12Z,0.97
DT2 8DN,SEPD,HV,1,TV6674,12,2026-08-18T11:01:30Z,2026-08-18T11:59:52Z,0.97
DT2 8DP,SEPD,HV,1,TV6674,12,2026-08-18T11:01:30Z,2026-08-18T11:59:52Z,0.97
DT2 8HL,SEPD,HV,1,TV6674,12,2026-08-18T11:01:30Z,2026-08-18T11:59:52Z,0.97
DT2 8NF,SEPD,HV,1,TV6674,12,2026-08-18T11:01:30Z,2026-08-18T11:59:52Z,0.97
DT2 8NG,SEPD,HV,1,TV6674,12,2026-08-18T11:01:30Z,2026-08-18T11:59:52Z,0.97
DT2 8NH,SEPD,HV,1,TV6674,12,2026-08-18T11:01:30Z,2026-08-18T11:59:52Z,0.97
DT2 8NJ,SEPD,HV,1,TV6674,12,2026-08-18T11:01:30Z,2026-08-18T11:59:52Z,0.97
DT2 8NQ,SEPD,HV,1,TV6674,12,2026-08-18T11:01:30Z,2026-08-18T11:59:52Z,0.97
PA34,SHEPD,HV,1,TV5422,135,2026-08-17T14:13:30Z,2026-08-17T15:11:57Z,0.97
PA34 5UU,SHEPD,HV,1,TV5422,135,2026-08-17T14:13:30Z,2026-08-17T15:11:57Z,0.97
PA34 5XE,SHEPD,HV,1,TV5422,135,2026-08-17T14:13:30Z,2026-08-17T15:11:57Z,0.97
PA34 5XU,SHEPD,HV,1,TV5422,135,2026-08-17T14:13:30Z,2026-08-17T15:11:57Z,0.97
PA34 5XY,SHEPD,HV,1,TV5422,135,2026-08-17T14:13:30Z,2026-08-17T15:11:57Z,0.97
PA34 5XZ,SHEPD,HV,1,TV5422,135,2026-08-17T14:13:30Z,2026-08-17T15:11:57Z,0.97
PA80 5AB,SHEPD,HV,1,TV5422,135,2026-08-17T14:13:30Z,2026-08-17T15:11:57Z,0.97
PA80 5UY,SHEPD,HV,1,TV5422,135,2026-08-17T14:13:30Z,2026-08-17T15:11:57Z,0.97
PA80 5XU,SHEPD,HV,1,TV5422,135,2026-08-17T14:13:30Z,2026-08-17T15:11:57Z,0.97
PA80 5XY,SHEPD,HV,1,TV5422,135,2026-08-17T14:13:30Z,2026-08-17T15:11:57Z,0.97
PA80 5XZ,SHEPD,HV,1,TV5422,135,2026-08-17T14:13:30Z,2026-08-17T15:11:57Z,0.97
PO8 8EZ,SEPD,LV,1,TV5405,18,2026-08-17T14:13:30Z,2026-08-17T15:11:57Z,0.97
PO8 8HB,SEPD,LV,1,TV5405,18,2026-08-17T14:13:30Z,2026-08-17T15:11:57Z,0.97
PO8 9DG,SEPD,LV,1,TV5405,18,2026-08-17T14:13:30Z,2026-08-17T15:11:57Z,0.97
PO8 9DQ,SEPD,LV,1,TV5405,18,2026-08-17T14:13:30Z,2026-08-17T15:11:57Z,0.97
RG26 5LE,SEPD,"PSI,LV",2,"254136,TV7649",61,2026-08-19T07:00:11Z,2026-08-19T11:42:00Z,0.95
RG26 5LF,SEPD,"PSI,LV",2,"254136,TV7649",61,2026-08-19T07:00:11Z,2026-08-19T11:42:00Z,0.95
BH23 7ED,SEPD,LV,1,TV7815,3,2026-08-19T10:44:54Z,2026-08-19T11:42:00Z,0.95
GU10 1AA,SEPD,LV,1,TV7905,6,2026-08-19T10:44:54Z,2026-08-19T11:42:00Z,0.95
GU10 1AF,SEPD,LV,1,TV7905,6,2026-08-19T10:44:54Z,2026-08-19T11:42:00Z,0.95
GU10 1AG,SEPD,LV,1,TV7905,6,2026-08-19T10:44:54Z,2026-08-19T11:42:00Z,0.95
GU10 1AJ,SEPD,LV,1,TV7905,6,2026-08-19T10:44:54Z,2026-08-19T11:42:00Z,0.95
GU10 1AQ,SEPD,LV,1,TV7905,6,2026-08-19T10:44:54Z,2026-08-19T11:42:00Z,0.95
GU10 1AR,SEPD,LV,1,TV7905,6,2026-08-19T10:44:54Z,2026-08-19T11:42:00Z,0.95
GU10 1AW,SEPD,LV,1,TV7905,6,2026-08-19T10:44:54Z,2026-08-19T11:42:00Z,0.95
GU10 1BJ,SEPD,LV,1,TV7905,6,2026-08-19T10:44:54Z,2026-08-19T11:42:00Z,0.95
GU10 1BL,SEPD,LV,1,TV7905,6,2026-08-19T10:44:54Z,2026-08-19T11:42:00Z,0.95
GU10 1BP,SEPD,LV,1,TV7905,6,2026-08-19T10:44:54Z,2026-08-19T11:42:00Z,0.95
GU10 1BQ,SEPD,LV,1,TV7905,6,2026-08-19T10:44:54Z,2026-08-19T11:42:00Z,0.95
GU10 1BX,SEPD,LV,1,TV7905,6,2026-08-19T10:44:54Z,2026-08-19T11:42:00Z,0.95
GU10 1DA,SEPD,LV,1,TV7905,6,2026-08-19T10:44:54Z,2026-08-19T11:42:00Z,0.95
HP14 3YG,SEPD,LV,1,TV8142,2,2026-08-19T10:44:54Z,2026-08-19T11:42:00Z,0.95
PO33 2AD,SEPD,LV,1,TV8095,29,2026-08-19T10:44:54Z,2026-08-19T11:42:00Z,0.95
PO33 2AE,SEPD,LV,1,TV8095,29,2026-08-19T10:44:54Z,2026-08-19T11:42:00Z,0.95
PO33 2AT,SEPD,LV,1,TV8095,29,2026-08-19T10:44:54Z,2026-08-19T11:42:00Z,0.95
PO33 2EN,SEPD,LV,1,TV8095,29,2026-08-19T10:44:54Z,2026-08-19T11:42:00Z,0.95
PO33 2ER,SEPD,LV,1,TV8095,29,2026-08-19T10:44:54Z,2026-08-19T11:42:00Z,0.95
PO33 2EZ,SEPD,LV,1,TV8095,29,2026-08-19T10:44:54Z,2026-08-19T11:42:00Z,0.95
BA12 6JP,SEPD,HV,2,"TV0783,TV0785",3467,2026-08-13T14:47:49Z,2026-08-13T15:44:00Z,0.94
BA12 6JR,SEPD,HV,2,"TV0783,TV0785",3467,2026-08-13T14:47:49Z,2026-08-13T15:44:00Z,0.94
BA12 6JS,SEPD,HV,2,"TV0783,TV0785",3467,2026-08-13T14:47:49Z,2026-08-13T15:44:00Z,0.94
BA12 6JW,SEPD,HV,2,"TV0783,TV0785",3467,2026-08-13T14:47:49Z,2026-08-13T15:44:00Z,0.94
BA12 6LE,SEPD,HV,2,"TV0783,TV0785",3467,2026-08-13T14:47:49Z,2026-08-13T15:44:00Z,0.94
BA12 6LF,SEPD,HV,2,"TV0783,TV0785",3467,2026-08-13T14:47:49Z,2026-08-13T15:44:00Z,0.94
BA12 6LG,SEPD,HV,2,"TV0783,TV0785",3467,2026-08-13T14:47:49Z,2026-08-13T15:44:00Z,0.94
BA12 6NX,SEPD,HV,2,"TV0783,TV0785",3467,2026-08-13T14:47:49Z,2026-08-13T15:44:00Z,0.94
SP8 5AG,SEPD,HV,2,"TV0783,TV0785",3467,2026-08-13T14:47:49Z,2026-08-13T15:44:00Z,0.94
SP8 5AH,SEPD,HV,2,"TV0783,TV0785",3467,2026-08-13T14:47:49Z,2026-08-13T15:44:00Z,0.94
SP8 5AJ,SEPD,HV,2,"TV0783,TV0785",3467,2026-08-13T14:47:49Z,2026-08-13T15:44:00Z,0.94
SP8 5AL,SEPD,HV,2,"TV0783,TV0785",3467,2026-08-13T14:47:49Z,2026-08-13T15:44:00Z,0.94
SP8 5AN,SEPD,HV,2,"TV0783,TV0785",3467,2026-08-13T14:47:49Z,2026-08-13T15:44:00Z,0.94
SP8 5AP,SEPD,HV,2,"TV0783,TV0785",3467,2026-08-13T14:47:49Z,2026-08-13T15:44:00Z,0.94
SP8 5AQ,SEPD,HV,2,"TV0783,TV0785",3467,2026-08-13T14:47:49Z,2026-08-13T15:44:00Z,0.94
SP8 5AR,SEPD,HV,2,"TV0783,TV0785",3467,2026-08-13T14:47:49Z,2026-08-13T15:44:00Z,0.94
SP8 5AT,SEPD,HV,2,"TV0783,TV0785",3467,2026-08-13T14:47:49Z,2026-08-13T15:44:00Z,0.94
SP8 5AW,SEPD,HV,2,"TV0783,TV0785",3467,2026-08-13T14:47:49Z,2026-08-13T15:44:00Z,0.94
SP8 5BJ,SEPD,HV,2,"TV0783,TV0785",3467,2026-08-13T14:47:49Z,2026-08-13T15:44:00Z,0.94
SP8 5DB,SEPD,HV,2,"TV0783,TV0785",3467,2026-08-13T14:47:49Z,2026-08-13T15:44:00Z,0.94
SP8 5DD,SEPD,HV,2,"TV0783,TV0785",3467,2026-08-13T14:47:49Z,2026-08-13T15:44:00Z,0.94
SP8 5DE,SEPD,HV,2,"TV0783,TV0785",3467,2026-08-13T14:47:49Z,2026-08-13T15:44:00Z,0.94
SP8 5DF,SEPD,HV,2,"TV0783,TV0785",3467,2026-08-13T14:47:49Z,2026-08-13T15:44:00Z,0.94
SP8 5DG,SEPD,HV,2,"TV0783,TV0785",3467,2026-08-13T14:47:49Z,2026-08-13T15:44:00Z,0.94
SP8 5DN,SEPD,HV,2,"TV0783,TV0785",3467,2026-08-13T14:47:49Z,2026-08-13T15:44:00Z,0.94
SP8 5DQ,SEPD,HV,2,"TV0783,TV0785",3467,2026-08-13T14:47:49Z,2026-08-13T15:44:00Z,0.94
SP8 5FJ,SEPD,HV,2,"TV0783,TV0785",3467,2026-08-13T14:47:49Z,2026-08-13T15:44:00Z,0.94
SP8 5FR,SEPD,HV,2,"TV0783,TV0785",3467,2026-08-13T14:47:49Z,2026-08-13T15:44:00Z,0.94
SP8 5PN,SEPD,HV,2,"TV0783,TV0785",3467,2026-08-13T14:47:49Z,2026-08-13T15:44:00Z,0.94
SP8 5PP,SEPD,HV,2,"TV0783,TV0785",3467,2026-08-13T14:47:49Z,2026-08-13T15:44:00Z,0.94
SP8 5PW,SEPD,HV,2,"TV0783,TV0785",3467,2026-08-13T14:47:49Z,2026-08-13T15:44:00Z,0.94
SP8 5YG,SEPD,HV,2,"TV0783,TV0785",3467,2026-08-13T14:47:49Z,2026-08-13T15:44:00Z,0.94
OX3 9LT,SEPD,LV,1,TV2687,6,2026-08-14T21:01:51Z,2026-08-14T21:58:19Z,0.94
OX3 9LX,SEPD,LV,1,TV2687,6,2026-08-14T21:01:51Z,2026-08-14T21:58:19Z,0.94
AB41 8TN,SHEPD,PSI,1,252412,21,2026-08-13T10:18:13Z,2026-08-13T11:14:17Z,0.93
AB41 8XN,SHEPD,PSI,1,252412,21,2026-08-13T10:18:13Z,2026-08-13T11:14:17Z,0.93
AB53 6TN,SHEPD,PSI,1,252412,21,2026-08-13T10:18:13Z,2026-08-13T11:14:17Z,0.93
AB53 6YH,SHEPD,PSI,1,252412,21,2026-08-13T10:18:13Z,2026-08-13T11:14:17Z,0.93
BH20 7LG,SEPD,HV,1,TV2679,62,2026-08-14T21:58:19Z,2026-08-14T22:54:14Z,0.93
BH20 7LH,SEPD,HV,1,TV2679,62,2026-08-14T21:58:19Z,2026-08-14T22:54:14Z,0.93
BH20 7LJ,SEPD,HV,1,TV2679,62,2026-08-14T21:58:19Z,2026-08-14T22:54:14Z,0.93
BH20 7LN,SEPD,HV,1,TV2679,62,2026-08-14T21:58:19Z,2026-08-14T22:54:14Z,0.93
BH20 7LP,SEPD,HV,1,TV2679,62,2026-08-14T21:58:19Z,2026-08-14T22:54:14Z,0.93
BH20 7LU,SEPD,HV,1,TV2679,62,2026-08-14T21:58:19Z,2026-08-14T22:54:14Z,0.93
BH20 7NF,SEPD,HV,1,TV2679,62,2026-08-14T21:58:19Z,2026-08-14T22:54:14Z,0.93
OX18 4JT,SEPD,PSI,1,253370,17,2026-08-13T10:18:13Z,2026-08-13T11:14:17Z,0.93
OX18 4JU,SEPD,PSI,1,253370,17,2026-08-13T10:18:13Z,2026-08-13T11:14:17Z,0.93
OX18 4JX,SEPD,PSI,1,253370,17,2026-08-13T10:18:13Z,2026-08-13T11:14:17Z,0.93
AB41 8UQ,SHEPD,"HV,LV",2,"TV3966,TV5449",19,2026-08-16T13:58:46Z,2026-08-17T15:11:57Z,0.92
AB41 8XL,SHEPD,"HV,LV",2,"TV3966,TV5449",19,2026-08-16T13:58:46Z,2026-08-17T15:11:57Z,0.92
GU34 4PA,SEPD,HV,2,"TU9092,TU9685",14,2026-08-12T20:07:06Z,2026-08-12T21:56:58Z,0.92
GU34 4PE,SEPD,HV,2,"TU9092,TU9685",14,2026-08-12T20:07:06Z,2026-08-12T21:56:58Z,0.92
AB41 8UH,SHEPD,HV,1,TV3966,17,2026-08-16T13:58:46Z,2026-08-16T14:53:47Z,0.92
AB41 8UN,SHEPD,HV,1,TV3966,17,2026-08-16T13:58:46Z,2026-08-16T14:53:47Z,0.92
AB41 8XH,SHEPD,HV,1,TV3966,17,2026-08-16T13:58:46Z,2026-08-16T14:53:47Z,0.92
AB41 8XJ,SHEPD,HV,1,TV3966,17,2026-08-16T13:58:46Z,2026-08-16T14:53:47Z,0.92
AB42 3DP,SHEPD,HV,1,TV3966,17,2026-08-16T13:58:46Z,2026-08-16T14:53:47Z,0.92
AB42 5AA,SHEPD,HV,1,TV3966,17,2026-08-16T13:58:46Z,2026-08-16T14:53:47Z,0.92
AB42 5BE,SHEPD,HV,1,TV3966,17,2026-08-16T13:58:46Z,2026-08-16T14:53:47Z,0.92
AB42 5BF,SHEPD,HV,1,TV3966,17,2026-08-16T13:58:46Z,2026-08-16T14:53:47Z,0.92
AB42 5BY,SHEPD,HV,1,TV3966,17,2026-08-16T13:58:46Z,2026-08-16T14:53:47Z,0.92
AB42 5DA,SHEPD,HV,1,TV3966,17,2026-08-16T13:58:46Z,2026-08-16T14:53:47Z,0.92
AB42 5DB,SHEPD,HV,1,TV3966,17,2026-08-16T13:58:46Z,2026-08-16T14:53:47Z,0.92
AB42 5DD,SHEPD,HV,1,TV3966,17,2026-08-16T13:58:46Z,2026-08-16T14:53:47Z,0.92
AB42 5DU,SHEPD,HV,1,TV3966,17,2026-08-16T13:58:46Z,2026-08-16T14:53:47Z,0.92
AB42 5DX,SHEPD,HV,1,TV3966,17,2026-08-16T13:58:46Z,2026-08-16T14:53:47Z,0.92
AB42 5EA,SHEPD,HV,1,TV3966,17,2026-08-16T13:58:46Z,2026-08-16T14:53:47Z,0.92
AB43 9HX,SHEPD,LV,1,TV5010,12,2026-08-17T10:39:57Z,2026-08-17T11:35:25Z,0.92
AB43 9JE,SHEPD,LV,1,TV5010,12,2026-08-17T10:39:57Z,2026-08-17T11:35:25Z,0.92
GU34 4PF,SEPD,HV,1,TU9092,6,2026-08-12T20:07:06Z,2026-08-12T21:02:01Z,0.92
GU34 4PG,SEPD,HV,1,TU9092,6,2026-08-12T20:07:06Z,2026-08-12T21:02:01Z,0.92
GU34 4PQ,SEPD,HV,1,TU9092,6,2026-08-12T20:07:06Z,2026-08-12T21:02:01Z,0.92
GU34 4QD,SEPD,HV,1,TU9092,6,2026-08-12T20:07:06Z,2026-08-12T21:02:01Z,0.92
GU34 4QH,SEPD,HV,1,TU9092,6,2026-08-12T20:07:06Z,2026-08-12T21:02:01Z,0.92
HS2 0DB,SHEPD,LV,1,TV5037,5,2026-08-17T10:39:57Z,2026-08-17T11:35:25Z,0.92
HS2 0DD,SHEPD,LV,1,TV5037,5,2026-08-17T10:39:57Z,2026-08-17T11:35:25Z,0.92
HS2 0DF,SHEPD,LV,1,TV5037,5,2026-08-17T10:39:57Z,2026-08-17T11:35:25Z,0.92
HS2 0DU,SHEPD,LV,1,TV5037,5,2026-08-17T10:39:57Z,2026-08-17T11:35:25Z,0.92
RG12 7WF,SEPD,LV,1,TU9620,22,2026-08-12T20:07:06Z,2026-08-12T21:02:01Z,0.92
RG12 7WJ,SEPD,LV,1,TU9620,22,2026-08-12T20:07:06Z,2026-08-12T21:02:01Z,0.92
RG12 7WL,SEPD,LV,1,TU9620,22,2026-08-12T20:07:06Z,2026-08-12T21:02:01Z,0.92
UB8 3FL,SEPD,LV,1,TU9603,34,2026-08-12T20:07:06Z,2026-08-12T21:02:01Z,0.92
UB8 3HB,SEPD,LV,1,TU9603,34,2026-08-12T20:07:06Z,2026-08-12T21:02:01Z,0.92
UB8 3HJ,SEPD,LV,1,TU9603,34,2026-08-12T20:07:06Z,2026-08-12T21:02:01Z,0.92
UB8 3HL,SEPD,LV,1,TU9603,34,2026-08-12T20:07:06Z,2026-08-12T21:02:01Z,0.92
UB8 3HN,SEPD,LV,1,TU9603,34,2026-08-12T20:07:06Z,2026-08-12T21:02:01Z,0.92
UB8 3HS,SEPD,LV,1,TU9603,34,2026-08-12T20:07:06Z,2026-08-12T21:02:01Z,0.92
SP11 6LH,SEPD,HV,1,TV7203,179,2026-08-18T19:02:47Z,2026-08-18T19:57:03Z,0.9
SP11 6NJ,SEPD,HV,1,TV7203,179,2026-08-18T19:02:47Z,2026-08-18T19:57:03Z,0.9
SP11 6NL,SEPD,HV,1,TV7203,179,2026-08-18T19:02:47Z,2026-08-18T19:57:03Z,0.9
SP11 6NN,SEPD,HV,1,TV7203,179,2026-08-18T19:02:47Z,2026-08-18T19:57:03Z,0.9
SP11 6NP,SEPD,HV,1,TV7203,179,2026-08-18T19:02:47Z,2026-08-18T19:57:03Z,0.9
SP11 6NR,SEPD,HV,1,TV7203,179,2026-08-18T19:02:47Z,2026-08-18T19:57:03Z,0.9
SP11 6NT,SEPD,HV,1,TV7203,179,2026-08-18T19:02:47Z,2026-08-18T19:57:03Z,0.9
SP11 6NU,SEPD,HV,1,TV7203,179,2026-08-18T19:02:47Z,2026-08-18T19:57:03Z,0.9
SP11 6NW,SEPD,HV,1,TV7203,179,2026-08-18T19:02:47Z,2026-08-18T19:57:03Z,0.9
SP11 6NX,SEPD,HV,1,TV7203,179,2026-08-18T19:02:47Z,2026-08-18T19:57:03Z,0.9
SP11 6NY,SEPD,HV,1,TV7203,179,2026-08-18T19:02:47Z,2026-08-18T19:57:03Z,0.9
SP11 6PA,SEPD,HV,1,TV7203,179,2026-08-18T19:02:47Z,2026-08-18T19:57:03Z,0.9
SP11 6PB,SEPD,HV,1,TV7203,179,2026-08-18T19:02:47Z,2026-08-18T19:57:03Z,0.9
SP11 6PD,SEPD,HV,1,TV7203,179,2026-08-18T19:02:47Z,2026-08-18T19:57:03Z,0.9
SP11 6PE,SEPD,HV,1,TV7203,179,2026-08-18T19:02:47Z,2026-08-18T19:57:03Z,0.9
SP11 6PF,SEPD,HV,1,TV7203,179,2026-08-18T19:02:47Z,2026-08-18T19:57:03Z,0.9
SP11 6PG,SEPD,HV,1,TV7203,179,2026-08-18T19:02:47Z,2026-08-18T19:57:03Z,0.9
SP11 6PH,SEPD,HV,1,TV7203,179,2026-08-18T19:02:47Z,2026-08-18T19:57:03Z,0.9
SP11 6PJ,SEPD,HV,1,TV7203,179,2026-08-18T19:02:47Z,2026-08-18T19:57:03Z,0.9
SP11 6PL,SEPD,HV,1,TV7203,179,2026-08-18T19:02:47Z,2026-08-18T19:57:03Z,0.9
SP11 6PN,SEPD,HV,1,TV7203,179,2026-08-18T19:02:47Z,2026-08-18T19:57:03Z,0.9
SP11 6PQ,SEPD,HV,1,TV7203,179,2026-08-18T19:02:47Z,2026-08-18T19:57:03Z,0.9
SP11 6QJ,SEPD,HV,1,TV7203,179,2026-08-18T19:02:47Z,2026-08-18T19:57:03Z,0.9
SP11 6QL,SEPD,HV,1,TV7203,179,2026-08-18T19:02:47Z,2026-08-18T19:57:03Z,0.9
SP11 6QP,SEPD,HV,1,TV7203,179,2026-08-18T19:02:47Z,2026-08-18T19:57:03Z,0.9
SP11 6QW,SEPD,HV,1,TV7203,179,2026-08-18T19:02:47Z,2026-08-18T19:57:03Z,0.9
SP11 6QY,SEPD,HV,1,TV7203,179,2026-08-18T19:02:47Z,2026-08-18T19:57:03Z,0.9
SP11 7AF,SEPD,HV,1,TV7203,179,2026-08-18T19:02:47Z,2026-08-18T19:57:03Z,0.9
SP11 7AH,SEPD,HV,1,TV7203,179,2026-08-18T19:02:47Z,2026-08-18T19:57:03Z,0.9
SP11 7AJ,SEPD,HV,1,TV7203,179,2026-08-18T19:02:47Z,2026-08-18T19:57:03Z,0.9
SP11 7AL,SEPD,HV,1,TV7203,179,2026-08-18T19:02:47Z,2026-08-18T19:57:03Z,0.9
SP11 7AP,SEPD,HV,1,TV7203,179,2026-08-18T19:02:47Z,2026-08-18T19:57:03Z,0.9
SP11 7AQ,SEPD,HV,1,TV7203,179,2026-08-18T19:02:47Z,2026-08-18T19:57:03Z,0.9
SP11 7AR,SEPD,HV,1,TV7203,179,2026-08-18T19:02:47Z,2026-08-18T19:57:03Z,0.9
SP11 7AW,SEPD,HV,1,TV7203,179,2026-08-18T19:02:47Z,2026-08-18T19:57:03Z,0.9
PO13 8EA,SEPD,LV,1,TV5977,2,2026-08-18T07:53:59Z,2026-08-18T08:47:30Z,0.89
SN1 1JL,SEPD,LV,1,TV3102,4,2026-08-15T10:00:12Z,2026-08-15T10:53:39Z,0.89
SN1 1PN,SEPD,LV,1,TV3102,4,2026-08-15T10:00:12Z,2026-08-15T10:53:39Z,0.89
SN1 1PU,SEPD,LV,1,TV3102,4,2026-08-15T10:00:12Z,2026-08-15T10:53:39Z,0.89
SN1 1QN,SEPD,LV,1,TV3102,4,2026-08-15T10:00:12Z,2026-08-15T10:53:39Z,0.89
PA32 8XT,SHEPD,PSI,2,"252852,252934",16,2026-08-14T10:50:52Z,2026-08-14T12:27:54Z,0.88
BA14 0PT,SEPD,LV,1,TU6436,10,2026-08-14T11:34:59Z,2026-08-14T12:27:54Z,0.88
BA14 0RU,SEPD,LV,1,TU6436,10,2026-08-14T11:34:59Z,2026-08-14T12:27:54Z,0.88
BA14 0RZ,SEPD,LV,1,TU6436,10,2026-08-14T11:34:59Z,2026-08-14T12:27:54Z,0.88
FK8 3SF,SHEPD,HV,1,TV2090,105,2026-08-14T11:34:59Z,2026-08-14T12:27:54Z,0.88
G63 0NF,SHEPD,HV,1,TV2090,105,2026-08-14T11:34:59Z,2026-08-14T12:27:54Z,0.88
G63 0NG,SHEPD,HV,1,TV2090,105,2026-08-14T11:34:59Z,2026-08-14T12:27:54Z,0.88
G63 0NQ,SHEPD,HV,1,TV2090,105,2026-08-14T11:34:59Z,2026-08-14T12:27:54Z,0.88
G63 0NW,SHEPD,HV,1,TV2090,105,2026-08-14T11:34:59Z,2026-08-14T12:27:54Z,0.88
G63 0QN,SHEPD,HV,1,TV2090,105,2026-08-14T11:34:59Z,2026-08-14T12:27:54Z,0.88
G63 0QW,SHEPD,HV,1,TV2090,105,2026-08-14T11:34:59Z,2026-08-14T12:27:54Z,0.88
G63 0QY,SHEPD,HV,1,TV2090,105,2026-08-14T11:34:59Z,2026-08-14T12:27:54Z,0.88
G63 0RA,SHEPD,HV,1,TV2090,105,2026-08-14T11:34:59Z,2026-08-14T12:27:54Z,0.88
G63 0SA,SHEPD,HV,1,TV2090,105,2026-08-14T11:34:59Z,2026-08-14T12:27:54Z,0.88
G63 0SB,SHEPD,HV,1,TV2090,105,2026-08-14T11:34:59Z,2026-08-14T12:27:54Z,0.88
G63 0SD,SHEPD,HV,1,TV2090,105,2026-08-14T11:34:59Z,2026-08-14T12:27:54Z,0.88
G63 0SE,SHEPD,HV,1,TV2090,105,2026-08-14T11:34:59Z,2026-08-14T12:27:54Z,0.88
G63 0SF,SHEPD,HV,1,TV2090,105,2026-08-14T11:34:59Z,2026-08-14T12:27:54Z,0.88
G63 0SG,SHEPD,HV,1,TV2090,105,2026-08-14T11:34:59Z,2026-08-14T12:27:54Z,0.88
G63 0SH,SHEPD,HV,1,TV2090,105,2026-08-14T11:34:59Z,2026-08-14T12:27:54Z,0.88
G63 0SQ,SHEPD,HV,1,TV2090,105,2026-08-14T11:34:59Z,2026-08-14T12:27:54Z,0.88
PA32 8XN,SHEPD,PSI,1,252852,13,2026-08-14T11:34:59Z,2026-08-14T12:27:54Z,0.88
W3 7SR,SEPD,LV,1,TV1969,8,2026-08-14T11:34:59Z,2026-08-14T12:27:54Z,0.88
W3 7SZ,SEPD,LV,1,TV1969,8,2026-08-14T11:34:59Z,2026-08-14T12:27:54Z,0.88
RG12 0TE,SEPD,LV,1,TV0386,26,2026-08-13T11:14:17Z,2026-08-13T12:04:05Z,0.83
RG12 0TF,SEPD,LV,1,TV0386,26,2026-08-13T11:14:17Z,2026-08-13T12:04:05Z,0.83
RG12 0TG,SEPD,LV,1,TV0386,26,2026-08-13T11:14:17Z,2026-08-13T12:04:05Z,0.83
AB43 7BW,SHEPD,HV,1,TV2763,201,2026-08-15T03:03:39Z,2026-08-15T03:52:51Z,0.82
AB43 7EB,SHEPD,HV,1,TV2763,201,2026-08-15T03:03:39Z,2026-08-15T03:52:51Z,0.82
AB43 7ED,SHEPD,HV,1,TV2763,201,2026-08-15T03:03:39Z,2026-08-15T03:52:51Z,0.82
AB43 7EE,SHEPD,HV,1,TV2763,201,2026-08-15T03:03:39Z,2026-08-15T03:52:51Z,0.82
AB43 7EN,SHEPD,HV,1,TV2763,201,2026-08-15T03:03:39Z,2026-08-15T03:52:51Z,0.82
AB43 7EP,SHEPD,HV,1,TV2763,201,2026-08-15T03:03:39Z,2026-08-15T03:52:51Z,0.82
AB43 7EQ,SHEPD,HV,1,TV2763,201,2026-08-15T03:03:39Z,2026-08-15T03:52:51Z,0.82
AB43 7ER,SHEPD,HV,1,TV2763,201,2026-08-15T03:03:39Z,2026-08-15T03:52:51Z,0.82
AB43 7ES,SHEPD,HV,1,TV2763,201,2026-08-15T03:03:39Z,2026-08-15T03:52:51Z,0.82
AB43 7ET,SHEPD,HV,1,TV2763,201,2026-08-15T03:03:39Z,2026-08-15T03:52:51Z,0.82
AB43 7EU,SHEPD,HV,1,TV2763,201,2026-08-15T03:03:39Z,2026-08-15T03:52:51Z,0.82
AB43 7FD,SHEPD,HV,1,TV2763,201,2026-08-15T03:03:39Z,2026-08-15T03:52:51Z,0.82
AB43 7FN,SHEPD,HV,1,TV2763,201,2026-08-15T03:03:39Z,2026-08-15T03:52:51Z,0.82
AB43 7FP,SHEPD,HV,1,TV2763,201,2026-08-15T03:03:39Z,2026-08-15T03:52:51Z,0.82
AB43 7FS,SHEPD,HV,1,TV2763,201,2026-08-15T03:03:39Z,2026-08-15T03:52:51Z,0.82
AB43 7HF,SHEPD,HV,1,TV2763,201,2026-08-15T03:03:39Z,2026-08-15T03:52:51Z,0.82
AB43 7HS,SHEPD,HV,1,TV2763,201,2026-08-15T03:03:39Z,2026-08-15T03:52:51Z,0.82
AB43 7HT,SHEPD,HV,1,TV2763,201,2026-08-15T03:03:39Z,2026-08-15T03:52:51Z,0.82
AB43 9HA,SHEPD,HV,1,TV2763,201,2026-08-15T03:03:39Z,2026-08-15T03:52:51Z,0.82
PO5 3DE,SEPD,LV,1,TV3507,24,2026-08-15T20:09:01Z,2026-08-15T20:58:21Z,0.82
PO5 3DF,SEPD,LV,1,TV3507,24,2026-08-15T20:09:01Z,2026-08-15T20:58:21Z,0.82
PO5 3EB,SEPD,LV,1,TV3507,24,2026-08-15T20:09:01Z,2026-08-15T20:58:21Z,0.82
BH16 6BT,SEPD,HV,2,"TV7433,TV7434",1374,2026-08-19T02:45:45Z,2026-08-19T03:34:22Z,0.81
BH16 6BU,SEPD,HV,2,"TV7433,TV7434",1374,2026-08-19T02:45:45Z,2026-08-19T03:34:22Z,0.81
BH16 6DB,SEPD,HV,2,"TV7433,TV7434",1374,2026-08-19T02:45:45Z,2026-08-19T03:34:22Z,0.81
BH21 3RP,SEPD,HV,2,"TV7433,TV7434",1374,2026-08-19T02:45:45Z,2026-08-19T03:34:22Z,0.81
BH21 3RR,SEPD,HV,2,"TV7433,TV7434",1374,2026-08-19T02:45:45Z,2026-08-19T03:34:22Z,0.81
BH21 3RW,SEPD,HV,2,"TV7433,TV7434",1374,2026-08-19T02:45:45Z,2026-08-19T03:34:22Z,0.81
BH21 4AA,SEPD,HV,2,"TV7433,TV7434",1374,2026-08-19T02:45:45Z,2026-08-19T03:34:22Z,0.81
BH21 4AB,SEPD,HV,2,"TV7433,TV7434",1374,2026-08-19T02:45:45Z,2026-08-19T03:34:22Z,0.81
BH21 4AE,SEPD,HV,2,"TV7433,TV7434",1374,2026-08-19T02:45:45Z,2026-08-19T03:34:22Z,0.81
BH21 3BU,SEPD,HV,1,TV7434,1334,2026-08-19T02:45:45Z,2026-08-19T03:34:22Z,0.81
BH21 3DR,SEPD,HV,1,TV7434,1334,2026-08-19T02:45:45Z,2026-08-19T03:34:22Z,0.81
BH21 3DS,SEPD,HV,1,TV7434,1334,2026-08-19T02:45:45Z,2026-08-19T03:34:22Z,0.81
BH21 3DY,SEPD,HV,1,TV7434,1334,2026-08-19T02:45:45Z,2026-08-19T03:34:22Z,0.81
BH21 3EP,SEPD,HV,1,TV7434,1334,2026-08-19T02:45:45Z,2026-08-19T03:34:22Z,0.81
BH21 3EU,SEPD,HV,1,TV7434,1334,2026-08-19T02:45:45Z,2026-08-19T03:34:22Z,0.81
BH21 3EY,SEPD,HV,1,TV7434,1334,2026-08-19T02:45:45Z,2026-08-19T03:34:22Z,0.81
BH21 3EZ,SEPD,HV,1,TV7434,1334,2026-08-19T02:45:45Z,2026-08-19T03:34:22Z,0.81
BH21 3HB,SEPD,HV,1,TV7434,1334,2026-08-19T02:45:45Z,2026-08-19T03:34:22Z,0.81
BH21 3HE,SEPD,HV,1,TV7434,1334,2026-08-19T02:45:45Z,2026-08-19T03:34:22Z,0.81
BH21 3HF,SEPD,HV,1,TV7434,1334,2026-08-19T02:45:45Z,2026-08-19T03:34:22Z,0.81
BH21 3HG,SEPD,HV,1,TV7434,1334,2026-08-19T02:45:45Z,2026-08-19T03:34:22Z,0.81
BH21 3HH,SEPD,HV,1,TV7434,1334,2026-08-19T02:45:45Z,2026-08-19T03:34:22Z,0.81
BH21 3HJ,SEPD,HV,1,TV7434,1334,2026-08-19T02:45:45Z,2026-08-19T03:34:22Z,0.81
BH21 3HL,SEPD,HV,1,TV7434,1334,2026-08-19T02:45:45Z,2026-08-19T03:34:22Z,0.81
BH21 3HN,SEPD,HV,1,TV7434,1334,2026-08-19T02:45:45Z,2026-08-19T03:34:22Z,0.81
BH21 3HP,SEPD,HV,1,TV7434,1334,2026-08-19T02:45:45Z,2026-08-19T03:34:22Z,0.81
BH21 3HQ,SEPD,HV,1,TV7434,1334,2026-08-19T02:45:45Z,2026-08-19T03:34:22Z,0.81
BH21 3HR,SEPD,HV,1,TV7434,1334,2026-08-19T02:45:45Z,2026-08-19T03:34:22Z,0.81
BH21 3HS,SEPD,HV,1,TV7434,1334,2026-08-19T02:45:45Z,2026-08-19T03:34:22Z,0.81
BH21 3HT,SEPD,HV,1,TV7434,1334,2026-08-19T02:45:45Z,2026-08-19T03:34:22Z,0.81
BH21 3HU,SEPD,HV,1,TV7434,1334,2026-08-19T02:45:45Z,2026-08-19T03:34:22Z,0.81
BH21 3HW,SEPD,HV,1,TV7434,1334,2026-08-19T02:45:45Z,2026-08-19T03:34:22Z,0.81
BH21 3JD,SEPD,HV,1,TV7434,1334,2026-08-19T02:45:45Z,2026-08-19T03:34:22Z,0.81
BH21 3JE,SEPD,HV,1,TV7434,1334,2026-08-19T02:45:45Z,2026-08-19T03:34:22Z,0.81
BH21 3JH,SEPD,HV,1,TV7434,1334,2026-08-19T02:45:45Z,2026-08-19T03:34:22Z,0.81
BH21 3JX,SEPD,HV,1,TV7434,1334,2026-08-19T02:45:45Z,2026-08-19T03:34:22Z,0.81
BH21 3LG,SEPD,HV,1,TV7434,1334,2026-08-19T02:45:45Z,2026-08-19T03:34:22Z,0.81
BH21 3LP,SEPD,HV,1,TV7434,1334,2026-08-19T02:45:45Z,2026-08-19T03:34:22Z,0.81
BH21 3LR,SEPD,HV,1,TV7434,1334,2026-08-19T02:45:45Z,2026-08-19T03:34:22Z,0.81
BH21 3LU,SEPD,HV,1,TV7434,1334,2026-08-19T02:45:45Z,2026-08-19T03:34:22Z,0.81
BH21 3LX,SEPD,HV,1,TV7434,1334,2026-08-19T02:45:45Z,2026-08-19T03:34:22Z,0.81
BH21 3LY,SEPD,HV,1,TV7434,1334,2026-08-19T02:45:45Z,2026-08-19T03:34:22Z,0.81
BH21 3LZ,SEPD,HV,1,TV7434,1334,2026-08-19T02:45:45Z,2026-08-19T03:34:22Z,0.81
BH21 3NA,SEPD,HV,1,TV7434,1334,2026-08-19T02:45:45Z,2026-08-19T03:34:22Z,0.81
BH21 3QZ,SEPD,HV,1,TV7434,1334,2026-08-19T02:45:45Z,2026-08-19T03:34:22Z,0.81
BH21 3RA,SEPD,HV,1,TV7434,1334,2026-08-19T02:45:45Z,2026-08-19T03:34:22Z,0.81
BH21 3RB,SEPD,HV,1,TV7434,1334,2026-08-19T02:45:45Z,2026-08-19T03:34:22Z,0.81
BH21 3RD,SEPD,HV,1,TV7434,1334,2026-08-19T02:45:45Z,2026-08-19T03:34:22Z,0.81
BH21 3RE,SEPD,HV,1,TV7434,1334,2026-08-19T02:45:45Z,2026-08-19T03:34:22Z,0.81
BH21 3RF,SEPD,HV,1,TV7434,1334,2026-08-19T02:45:45Z,2026-08-19T03:34:22Z,0.81
BH21 3RL,SEPD,HV,1,TV7434,1334,2026-08-19T02:45:45Z,2026-08-19T03:34:22Z,0.81
BH21 3RN,SEPD,HV,1,TV7434,1334,2026-08-19T02:45:45Z,2026-08-19T03:34:22Z,0.81
BH21 3RS,SEPD,HV,1,TV7434,1334,2026-08-19T02:45:45Z,2026-08-19T03:34:22Z,0.81
BH21 3RT,SEPD,HV,1,TV7434,1334,2026-08-19T02:45:45Z,2026-08-19T03:34:22Z,0.81
BH21 3SA,SEPD,HV,1,TV7434,1334,2026-08-19T02:45:45Z,2026-08-19T03:34:22Z,0.81
BH21 3SB,SEPD,HV,1,TV7434,1334,2026-08-19T02:45:45Z,2026-08-19T03:34:22Z,0.81
BH21 3SD,SEPD,HV,1,TV7434,1334,2026-08-19T02:45:45Z,2026-08-19T03:34:22Z,0.81
BH21 3SE,SEPD,HV,1,TV7434,1334,2026-08-19T02:45:45Z,2026-08-19T03:34:22Z,0.81
BH21 3SF,SEPD,HV,1,TV7434,1334,2026-08-19T02:45:45Z,2026-08-19T03:34:22Z,0.81
BH21 3SG,SEPD,HV,1,TV7434,1334,2026-08-19T02:45:45Z,2026-08-19T03:34:22Z,0.81
BH21 3SH,SEPD,HV,1,TV7434,1334,2026-08-19T02:45:45Z,2026-08-19T03:34:22Z,0.81
BH21 3SJ,SEPD,HV,1,TV7434,1334,2026-08-19T02:45:45Z,2026-08-19T03:34:22Z,0.81
BH21 3SL,SEPD,HV,1,TV7434,1334,2026-08-19T02:45:45Z,2026-08-19T03:34:22Z,0.81
BH21 3SN,SEPD,HV,1,TV7434,1334,2026-08-19T02:45:45Z,2026-08-19T03:34:22Z,0.81
BH21 3SQ,SEPD,HV,1,TV7434,1334,2026-08-19T02:45:45Z,2026-08-19T03:34:22Z,0.81
BH21 3ST,SEPD,HV,1,TV7434,1334,2026-08-19T02:45:45Z,2026-08-19T03:34:22Z,0.81
BH21 3SU,SEPD,HV,1,TV7434,1334,2026-08-19T02:45:45Z,2026-08-19T03:34:22Z,0.81
BH21 3SW,SEPD,HV,1,TV7434,1334,2026-08-19T02:45:45Z,2026-08-19T03:34:22Z,0.81
BH21 3SX,SEPD,HV,1,TV7434,1334,2026-08-19T02:45:45Z,2026-08-19T03:34:22Z,0.81
BH21 3SY,SEPD,HV,1,TV7434,1334,2026-08-19T02:45:45Z,2026-08-19T03:34:22Z,0.81
BH21 3TB,SEPD,HV,1,TV7434,1334,2026-08-19T02:45:45Z,2026-08-19T03:34:22Z,0.81
BH21 3TP,SEPD,HV,1,TV7434,1334,2026-08-19T02:45:45Z,2026-08-19T03:34:22Z,0.81
BH21 3TQ,SEPD,HV,1,TV7434,1334,2026-08-19T02:45:45Z,2026-08-19T03:34:22Z,0.81
BH21 3TR,SEPD,HV,1,TV7434,1334,2026-08-19T02:45:45Z,2026-08-19T03:34:22Z,0.81
BH21 3TS,SEPD,HV,1,TV7434,1334,2026-08-19T02:45:45Z,2026-08-19T03:34:22Z,0.81
BH21 3TU,SEPD,HV,1,TV7434,1334,2026-08-19T02:45:45Z,2026-08-19T03:34:22Z,0.81
BH21 3TW,SEPD,HV,1,TV7434,1334,2026-08-19T02:45:45Z,2026-08-19T03:34:22Z,0.81
BH21 3TZ,SEPD,HV,1,TV7434,1334,2026-08-19T02:45:45Z,2026-08-19T03:34:22Z,0.81
BH21 3UA,SEPD,HV,1,TV7434,1334,2026-08-19T02:45:45Z,2026-08-19T03:34:22Z,0.81
BH21 3UD,SEPD,HV,1,TV7434,1334,2026-08-19T02:45:45Z,2026-08-19T03:34:22Z,0.81
BH21 3UE,SEPD,HV,1,TV7434,1334,2026-08-19T02:45:45Z,2026-08-19T03:34:22Z,0.81
BH21 4AD,SEPD,HV,1,TV7434,1334,2026-08-19T02:45:45Z,2026-08-19T03:34:22Z,0.81
BH21 4AF,SEPD,HV,1,TV7434,1334,2026-08-19T02:45:45Z,2026-08-19T03:34:22Z,0.81
BH21 4AG,SEPD,HV,1,TV7434,1334,2026-08-19T02:45:45Z,2026-08-19T03:34:22Z,0.81
BH21 4AP,SEPD,HV,1,TV7434,1334,2026-08-19T02:45:45Z,2026-08-19T03:34:22Z,0.81
BH21 4AQ,SEPD,HV,1,TV7434,1334,2026-08-19T02:45:45Z,2026-08-19T03:34:22Z,0.81
BH21 4AR,SEPD,HV,1,TV7434,1334,2026-08-19T02:45:45Z,2026-08-19T03:34:22Z,0.81
BH21 4AW,SEPD,HV,1,TV7434,1334,2026-08-19T02:45:45Z,2026-08-19T03:34:22Z,0.81
BH21 4BZ,SEPD,HV,1,TV7434,1334,2026-08-19T02:45:45Z,2026-08-19T03:34:22Z,0.81
BH21 4DB,SEPD,HV,1,TV7434,1334,2026-08-19T02:45:45Z,2026-08-19T03:34:22Z,0.81
BH21 4FT,SEPD,HV,1,TV7434,1334,2026-08-19T02:45:45Z,2026-08-19T03:34:22Z,0.81
GU46 6JW,SEPD,LV,1,TV1416,27,2026-08-13T23:08:34Z,2026-08-13T23:57:16Z,0.81
GU46 6LH,SEPD,LV,1,TV1416,27,2026-08-13T23:08:34Z,2026-08-13T23:57:16Z,0.81
GU46 6LJ,SEPD,LV,1,TV1416,27,2026-08-13T23:08:34Z,2026-08-13T23:57:16Z,0.81
GU46 6LL,SEPD,LV,1,TV1416,27,2026-08-13T23:08:34Z,2026-08-13T23:57:16Z,0.81
GU46 6LN,SEPD,LV,1,TV1416,27,2026-08-13T23:08:34Z,2026-08-13T23:57:16Z,0.81
GU46 6NS,SEPD,LV,1,TV1416,27,2026-08-13T23:08:34Z,2026-08-13T23:57:16Z,0.81
GU46 6PA,SEPD,LV,1,TV1416,27,2026-08-13T23:08:34Z,2026-08-13T23:57:16Z,0.81
GU46 6PB,SEPD,LV,1,TV1416,27,2026-08-13T23:08:34Z,2026-08-13T23:57:16Z,0.81
BA12 8HD,SEPD,HV,1,TV4696,5,2026-08-17T07:35:37Z,2026-08-17T08:23:42Z,0.8
OX10,SEPD,HV,2,"TV5632,TV5757",1758,2026-08-17T17:38:55Z,2026-08-17T21:58:45Z,0.79
OX10 0AD,SEPD,HV,2,"TV5632,TV5757",1758,2026-08-17T17:38:55Z,2026-08-17T21:58:45Z,0.79
OX10 0AJ,SEPD,HV,2,"TV5632,TV5757",1758,2026-08-17T17:38:55Z,2026-08-17T21:58:45Z,0.79
OX10 0AQ,SEPD,HV,2,"TV5632,TV5757",1758,2026-08-17T17:38:55Z,2026-08-17T21:58:45Z,0.79
OX10 0AR,SEPD,HV,2,"TV5632,TV5757",1758,2026-08-17T17:38:55Z,2026-08-17T21:58:45Z,0.79
OX10 0BD,SEPD,HV,2,"TV5632,TV5757",1758,2026-08-17T17:38:55Z,2026-08-17T21:58:45Z,0.79
OX10 0BU,SEPD,HV,2,"TV5632,TV5757",1758,2026-08-17T17:38:55Z,2026-08-17T21:58:45Z,0.79
OX10 0BW,SEPD,HV,2,"TV5632,TV5757",1758,2026-08-17T17:38:55Z,2026-08-17T21:58:45Z,0.79
OX10 0BX,SEPD,HV,2,"TV5632,TV5757",1758,2026-08-17T17:38:55Z,2026-08-17T21:58:45Z,0.79
OX10 0DB,SEPD,HV,2,"TV5632,TV5757",1758,2026-08-17T17:38:55Z,2026-08-17T21:58:45Z,0.79
OX10 0DY,SEPD,HV,2,"TV5632,TV5757",1758,2026-08-17T17:38:55Z,2026-08-17T21:58:45Z,0.79
OX10 0EF,SEPD,HV,2,"TV5632,TV5757",1758,2026-08-17T17:38:55Z,2026-08-17T21:58:45Z,0.79
OX10 0EG,SEPD,HV,2,"TV5632,TV5757",1758,2026-08-17T17:38:55Z,2026-08-17T21:58:45Z,0.79
OX10 0EH,SEPD,HV,2,"TV5632,TV5757",1758,2026-08-17T17:38:55Z,2026-08-17T21:58:45Z,0.79
OX10 0EJ,SEPD,HV,2,"TV5632,TV5757",1758,2026-08-17T17:38:55Z,2026-08-17T21:58:45Z,0.79
OX10 0EL,SEPD,HV,2,"TV5632,TV5757",1758,2026-08-17T17:38:55Z,2026-08-17T21:58:45Z,0.79
OX10 0GJ,SEPD,HV,2,"TV5632,TV5757",1758,2026-08-17T17:38:55Z,2026-08-17T21:58:45Z,0.79
OX10 0QT,SEPD,HV,2,"TV5632,TV5757",1758,2026-08-17T17:38:55Z,2026-08-17T21:58:45Z,0.79
OX10 0SP,SEPD,HV,2,"TV5632,TV5757",1758,2026-08-17T17:38:55Z,2026-08-17T21:58:45Z,0.79
OX10 0SR,SEPD,HV,2,"TV5632,TV5757",1758,2026-08-17T17:38:55Z,2026-08-17T21:58:45Z,0.79
OX10 0XB,SEPD,HV,2,"TV5632,TV5757",1758,2026-08-17T17:38:55Z,2026-08-17T21:58:45Z,0.79
OX10 8DL,SEPD,HV,2,"TV5632,TV5757",1758,2026-08-17T17:38:55Z,2026-08-17T21:58:45Z,0.79
OX10 9AH,SEPD,HV,2,"TV5632,TV5757",1758,2026-08-17T17:38:55Z,2026-08-17T21:58:45Z,0.79
OX10 9AJ,SEPD,HV,2,"TV5632,TV5757",1758,2026-08-17T17:38:55Z,2026-08-17T21:58:45Z,0.79
OX10 9AL,SEPD,HV,2,"TV5632,TV5757",1758,2026-08-17T17:38:55Z,2026-08-17T21:58:45Z,0.79
OX10 9AN,SEPD,HV,2,"TV5632,TV5757",1758,2026-08-17T17:38:55Z,2026-08-17T21:58:45Z,0.79
OX10 9AQ,SEPD,HV,2,"TV5632,TV5757",1758,2026-08-17T17:38:55Z,2026-08-17T21:58:45Z,0.79
OX10 9AR,SEPD,HV,2,"TV5632,TV5757",1758,2026-08-17T17:38:55Z,2026-08-17T21:58:45Z,0.79
OX10 9AU,SEPD,HV,2,"TV5632,TV5757",1758,2026-08-17T17:38:55Z,2026-08-17T21:58:45Z,0.79
OX10 9AW,SEPD,HV,2,"TV5632,TV5757",1758,2026-08-17T17:38:55Z,2026-08-17T21:58:45Z,0.79
OX10 9AX,SEPD,HV,2,"TV5632,TV5757",1758,2026-08-17T17:38:55Z,2026-08-17T21:58:45Z,0.79
OX10 9AY,SEPD,HV,2,"TV5632,TV5757",1758,2026-08-17T17:38:55Z,2026-08-17T21:58:45Z,0.79
OX10 9AZ,SEPD,HV,2,"TV5632,TV5757",1758,2026-08-17T17:38:55Z,2026-08-17T21:58:45Z,0.79
OX10 9BA,SEPD,HV,2,"TV5632,TV5757",1758,2026-08-17T17:38:55Z,2026-08-17T21:58:45Z,0.79
OX10 9BB,SEPD,HV,2,"TV5632,TV5757",1758,2026-08-17T17:38:55Z,2026-08-17T21:58:45Z,0.79
OX10 9BD,SEPD,HV,2,"TV5632,TV5757",1758,2026-08-17T17:38:55Z,2026-08-17T21:58:45Z,0.79
OX10 9BE,SEPD,HV,2,"TV5632,TV5757",1758,2026-08-17T17:38:55Z,2026-08-17T21:58:45Z,0.79
OX10 9BG,SEPD,HV,2,"TV5632,TV5757",1758,2026-08-17T17:38:55Z,2026-08-17T21:58:45Z,0.79
OX10 9BH,SEPD,HV,2,"TV5632,TV5757",1758,2026-08-17T17:38:55Z,2026-08-17T21:58:45Z,0.79
OX10 9BJ,SEPD,HV,2,"TV5632,TV5757",1758,2026-08-17T17:38:55Z,2026-08-17T21:58:45Z,0.79
OX10 9BL,SEPD,HV,2,"TV5632,TV5757",1758,2026-08-17T17:38:55Z,2026-08-17T21:58:45Z,0.79
OX10 9BN,SEPD,HV,2,"TV5632,TV5757",1758,2026-08-17T17:38:55Z,2026-08-17T21:58:45Z,0.79
OX10 9BP,SEPD,HV,2,"TV5632,TV5757",1758,2026-08-17T17:38:55Z,2026-08-17T21:58:45Z,0.79
OX10 9BQ,SEPD,HV,2,"TV5632,TV5757",1758,2026-08-17T17:38:55Z,2026-08-17T21:58:45Z,0.79
OX10 9BX,SEPD,HV,2,"TV5632,TV5757",1758,2026-08-17T17:38:55Z,2026-08-17T21:58:45Z,0.79
OX10 9BY,SEPD,HV,2,"TV5632,TV5757",1758,2026-08-17T17:38:55Z,2026-08-17T21:58:45Z,0.79
OX10 9DU,SEPD,HV,2,"TV5632,TV5757",1758,2026-08-17T17:38:55Z,2026-08-17T21:58:45Z,0.79
OX10 9DX,SEPD,HV,2,"TV5632,TV5757",1758,2026-08-17T17:38:55Z,2026-08-17T21:58:45Z,0.79
OX10 9DZ,SEPD,HV,2,"TV5632,TV5757",1758,2026-08-17T17:38:55Z,2026-08-17T21:58:45Z,0.79
OX10 9EA,SEPD,HV,2,"TV5632,TV5757",1758,2026-08-17T17:38:55Z,2026-08-17T21:58:45Z,0.79
OX10 9EB,SEPD,HV,2,"TV5632,TV5757",1758,2026-08-17T17:38:55Z,2026-08-17T21:58:45Z,0.79
OX10 9ED,SEPD,HV,2,"TV5632,TV5757",1758,2026-08-17T17:38:55Z,2026-08-17T21:58:45Z,0.79
OX10 9EE,SEPD,HV,2,"TV5632,TV5757",1758,2026-08-17T17:38:55Z,2026-08-17T21:58:45Z,0.79
OX10 9EF,SEPD,HV,2,"TV5632,TV5757",1758,2026-08-17T17:38:55Z,2026-08-17T21:58:45Z,0.79
OX10 9EG,SEPD,HV,2,"TV5632,TV5757",1758,2026-08-17T17:38:55Z,2026-08-17T21:58:45Z,0.79
OX10 9EH,SEPD,HV,2,"TV5632,TV5757",1758,2026-08-17T17:38:55Z,2026-08-17T21:58:45Z,0.79
OX10 9EJ,SEPD,HV,2,"TV5632,TV5757",1758,2026-08-17T17:38:55Z,2026-08-17T21:58:45Z,0.79
OX10 9EN,SEPD,HV,2,"TV5632,TV5757",1758,2026-08-17T17:38:55Z,2026-08-17T21:58:45Z,0.79
OX10 9EP,SEPD,HV,2,"TV5632,TV5757",1758,2026-08-17T17:38:55Z,2026-08-17T21:58:45Z,0.79
OX10 9EQ,SEPD,HV,2,"TV5632,TV5757",1758,2026-08-17T17:38:55Z,2026-08-17T21:58:45Z,0.79
OX10 9EW,SEPD,HV,2,"TV5632,TV5757",1758,2026-08-17T17:38:55Z,2026-08-17T21:58:45Z,0.79
OX10 9FT,SEPD,HV,2,"TV5632,TV5757",1758,2026-08-17T17:38:55Z,2026-08-17T21:58:45Z,0.79
OX10 9FW,SEPD,HV,2,"TV5632,TV5757",1758,2026-08-17T17:38:55Z,2026-08-17T21:58:45Z,0.79
OX10 9GF,SEPD,HV,2,"TV5632,TV5757",1758,2026-08-17T17:38:55Z,2026-08-17T21:58:45Z,0.79
OX10 9GG,SEPD,HV,2,"TV5632,TV5757",1758,2026-08-17T17:38:55Z,2026-08-17T21:58:45Z,0.79
OX10 9GH,SEPD,HV,2,"TV5632,TV5757",1758,2026-08-17T17:38:55Z,2026-08-17T21:58:45Z,0.79
OX10 9GL,SEPD,HV,2,"TV5632,TV5757",1758,2026-08-17T17:38:55Z,2026-08-17T21:58:45Z,0.79
OX10 9GN,SEPD,HV,2,"TV5632,TV5757",1758,2026-08-17T17:38:55Z,2026-08-17T21:58:45Z,0.79
OX10 9GP,SEPD,HV,2,"TV5632,TV5757",1758,2026-08-17T17:38:55Z,2026-08-17T21:58:45Z,0.79
OX10 9GQ,SEPD,HV,2,"TV5632,TV5757",1758,2026-08-17T17:38:55Z,2026-08-17T21:58:45Z,0.79
OX10 9HA,SEPD,HV,2,"TV5632,TV5757",1758,2026-08-17T17:38:55Z,2026-08-17T21:58:45Z,0.79
OX10 9HB,SEPD,HV,2,"TV5632,TV5757",1758,2026-08-17T17:38:55Z,2026-08-17T21:58:45Z,0.79
OX10 9RX,SEPD,HV,2,"TV5632,TV5757",1758,2026-08-17T17:38:55Z,2026-08-17T21:58:45Z,0.79
AB21 0PW,SHEPD,HV,1,TV7235,5,2026-08-18T18:15:41Z,2026-08-18T19:02:47Z,0.79
AB21 0UE,SHEPD,HV,1,TV7235,5,2026-08-18T18:15:41Z,2026-08-18T19:02:47Z,0.79
AB23 8PU,SHEPD,HV,1,TV7235,5,2026-08-18T18:15:41Z,2026-08-18T19:02:47Z,0.79
AB23 8UN,SHEPD,HV,1,TV7235,5,2026-08-18T18:15:41Z,2026-08-18T19:02:47Z,0.79
AB23 8UP,SHEPD,HV,1,TV7235,5,2026-08-18T18:15:41Z,2026-08-18T19:02:47Z,0.79
AB23 8UU,SHEPD,HV,1,TV7235,5,2026-08-18T18:15:41Z,2026-08-18T19:02:47Z,0.79
AB23 8UX,SHEPD,HV,1,TV7235,5,2026-08-18T18:15:41Z,2026-08-18T19:02:47Z,0.79
AB23 8XA,SHEPD,HV,1,TV7235,5,2026-08-18T18:15:41Z,2026-08-18T19:02:47Z,0.79
AB23 8XB,SHEPD,HV,1,TV7235,5,2026-08-18T18:15:41Z,2026-08-18T19:02:47Z,0.79
AB23 8XE,SHEPD,HV,1,TV7235,5,2026-08-18T18:15:41Z,2026-08-18T19:02:47Z,0.79
AB23 8XG,SHEPD,HV,1,TV7235,5,2026-08-18T18:15:41Z,2026-08-18T19:02:47Z,0.79
AB23 8XH,SHEPD,HV,1,TV7235,5,2026-08-18T18:15:41Z,2026-08-18T19:02:47Z,0.79
AB23 8XQ,SHEPD,HV,1,TV7235,5,2026-08-18T18:15:41Z,2026-08-18T19:02:47Z,0.79
AB41 7XA,SHEPD,HV,1,TV7235,5,2026-08-18T18:15:41Z,2026-08-18T19:02:47Z,0.79
AB41 7XB,SHEPD,HV,1,TV7235,5,2026-08-18T18:15:41Z,2026-08-18T19:02:47Z,0.79
OX28 5JG,SEPD,LV,1,TV6840,25,2026-08-18T18:15:41Z,2026-08-18T19:02:47Z,0.79
OX28 5JJ,SEPD,LV,1,TV6840,25,2026-08-18T18:15:41Z,2026-08-18T19:02:47Z,0.79
OX3 8TH,SEPD,LV,1,TV4205,5,2026-08-16T18:46:02Z,2026-08-16T19:33:38Z,0.79
PA65 6AZ,SHEPD,PSI,1,253679,3,2026-08-17T08:23:42Z,2026-08-17T09:11:01Z,0.79
PA65 6BG,SHEPD,PSI,1,253679,3,2026-08-17T08:23:42Z,2026-08-17T09:11:01Z,0.79
PH25 3DG,SHEPD,PSI,1,253891,2,2026-08-17T08:23:42Z,2026-08-17T09:11:01Z,0.79
PH25 3DH,SHEPD,PSI,1,253891,2,2026-08-17T08:23:42Z,2026-08-17T09:11:01Z,0.79
SP11 0DG,SEPD,HV,1,TV7447,99,2026-08-19T03:34:22Z,2026-08-19T04:21:34Z,0.79
SP11 0DH,SEPD,HV,1,TV7447,99,2026-08-19T03:34:22Z,2026-08-19T04:21:34Z,0.79
SP11 0EY,SEPD,HV,1,TV7447,99,2026-08-19T03:34:22Z,2026-08-19T04:21:34Z,0.79
SP11 0EZ,SEPD,HV,1,TV7447,99,2026-08-19T03:34:22Z,2026-08-19T04:21:34Z,0.79
SP11 0HU,SEPD,HV,1,TV7447,99,2026-08-19T03:34:22Z,2026-08-19T04:21:34Z,0.79
SP11 0HY,SEPD,HV,1,TV7447,99,2026-08-19T03:34:22Z,2026-08-19T04:21:34Z,0.79
SP11 0HZ,SEPD,HV,1,TV7447,99,2026-08-19T03:34:22Z,2026-08-19T04:21:34Z,0.79
SP11 0JA,SEPD,HV,1,TV7447,99,2026-08-19T03:34:22Z,2026-08-19T04:21:34Z,0.79
SP11 0JB,SEPD,HV,1,TV7447,99,2026-08-19T03:34:22Z,2026-08-19T04:21:34Z,0.79
SP11 0JD,SEPD,HV,1,TV7447,99,2026-08-19T03:34:22Z,2026-08-19T04:21:34Z,0.79
SP11 0JE,SEPD,HV,1,TV7447,99,2026-08-19T03:34:22Z,2026-08-19T04:21:34Z,0.79
SP11 0JF,SEPD,HV,1,TV7447,99,2026-08-19T03:34:22Z,2026-08-19T04:21:34Z,0.79
SP11 0JG,SEPD,HV,1,TV7447,99,2026-08-19T03:34:22Z,2026-08-19T04:21:34Z,0.79
SP11 0JQ,SEPD,HV,1,TV7447,99,2026-08-19T03:34:22Z,2026-08-19T04:21:34Z,0.79
SP11 0RT,SEPD,HV,1,TV7447,99,2026-08-19T03:34:22Z,2026-08-19T04:21:34Z,0.79
SP11 0RU,SEPD,HV,1,TV7447,99,2026-08-19T03:34:22Z,2026-08-19T04:21:34Z,0.79
SP11 0RX,SEPD,HV,1,TV7447,99,2026-08-19T03:34:22Z,2026-08-19T04:21:34Z,0.79
SP11 0RY,SEPD,HV,1,TV7447,99,2026-08-19T03:34:22Z,2026-08-19T04:21:34Z,0.79
SP11 0RZ,SEPD,HV,1,TV7447,99,2026-08-19T03:34:22Z,2026-08-19T04:21:34Z,0.79
SP11 0SA,SEPD,HV,1,TV7447,99,2026-08-19T03:34:22Z,2026-08-19T04:21:34Z,0.79
SP11 0SB,SEPD,HV,1,TV7447,99,2026-08-19T03:34:22Z,2026-08-19T04:21:34Z,0.79
SP11 0SD,SEPD,HV,1,TV7447,99,2026-08-19T03:34:22Z,2026-08-19T04:21:34Z,0.79
SP11 0SE,SEPD,HV,1,TV7447,99,2026-08-19T03:34:22Z,2026-08-19T04:21:34Z,0.79
SP11 0SG,SEPD,HV,1,TV7447,99,2026-08-19T03:34:22Z,2026-08-19T04:21:34Z,0.79
SP11 0SH,SEPD,HV,1,TV7447,99,2026-08-19T03:34:22Z,2026-08-19T04:21:34Z,0.79
SP11 0SQ,SEPD,HV,1,TV7447,99,2026-08-19T03:34:22Z,2026-08-19T04:21:34Z,0.79
GU10 1AB,SEPD,LV,1,TV5309,29,2026-08-17T12:59:19Z,2026-08-17T13:45:47Z,0.77
GU10 1AD,SEPD,LV,1,TV5309,29,2026-08-17T12:59:19Z,2026-08-17T13:45:47Z,0.77
GU10 1AY,SEPD,LV,1,TV5309,29,2026-08-17T12:59:19Z,2026-08-17T13:45:47Z,0.77
GU10 1AZ,SEPD,LV,1,TV5309,29,2026-08-17T12:59:19Z,2026-08-17T13:45:47Z,0.77
GU10 1BN,SEPD,LV,1,TV5309,29,2026-08-17T12:59:19Z,2026-08-17T13:45:47Z,0.77
BH10 4HG,SEPD,LV,1,TV1839,3,2026-08-14T10:50:52Z,2026-08-14T11:34:59Z,0.74
BH10 4HW,SEPD,LV,1,TV1839,3,2026-08-14T10:50:52Z,2026-08-14T11:34:59Z,0.74
KA28 0HQ,SHEPD,"PSI,HV",2,"253403,TV2635",16,2026-08-12T11:42:00Z,2026-08-14T19:06:05Z,0.73
BA20 2EN,SEPD,PSI,1,252612,41,2026-08-12T11:42:00Z,2026-08-12T12:25:59Z,0.73
BA21 3PJ,SEPD,PSI,1,252612,41,2026-08-12T11:42:00Z,2026-08-12T12:25:59Z,0.73
BH14 0LP,SEPD,LV,1,TU6507,24,2026-08-12T11:42:00Z,2026-08-12T12:25:59Z,0.73
BH14 0NJ,SEPD,LV,1,TU6507,24,2026-08-12T11:42:00Z,2026-08-12T12:25:59Z,0.73
BH14 0NZ,SEPD,LV,1,TU6507,24,2026-08-12T11:42:00Z,2026-08-12T12:25:59Z,0.73
BH14 0PA,SEPD,LV,1,TU6507,24,2026-08-12T11:42:00Z,2026-08-12T12:25:59Z,0.73
BH20 7JF,SEPD,PSI,1,253594,14,2026-08-12T11:42:00Z,2026-08-12T12:25:59Z,0.73
BH20 7JN,SEPD,PSI,1,253594,14,2026-08-12T11:42:00Z,2026-08-12T12:25:59Z,0.73
OX18 4US,SEPD,PSI,1,253363,5,2026-08-12T11:42:00Z,2026-08-12T12:25:59Z,0.73
OX44 9DA,SEPD,PSI,1,253887,23,2026-08-12T11:42:00Z,2026-08-12T12:25:59Z,0.73
OX44 9DB,SEPD,PSI,1,253887,23,2026-08-12T11:42:00Z,2026-08-12T12:25:59Z,0.73
OX44 9DG,SEPD,PSI,1,253887,23,2026-08-12T11:42:00Z,2026-08-12T12:25:59Z,0.73
OX44 9EW,SEPD,PSI,1,253887,23,2026-08-12T11:42:00Z,2026-08-12T12:25:59Z,0.73
OX7 5SY,SEPD,PSI,1,253786,2,2026-08-12T11:42:00Z,2026-08-12T12:25:59Z,0.73
PA20 9AU,SHEPD,LV,1,TU7997,24,2026-08-12T11:42:00Z,2026-08-12T12:25:59Z,0.73
PA20 9BG,SHEPD,LV,1,TU7997,24,2026-08-12T11:42:00Z,2026-08-12T12:25:59Z,0.73
PA20 9HG,SHEPD,LV,1,TU7997,24,2026-08-12T11:42:00Z,2026-08-12T12:25:59Z,0.73
PA20 9HJ,SHEPD,LV,1,TU7997,24,2026-08-12T11:42:00Z,2026-08-12T12:25:59Z,0.73
PA20 9HQ,SHEPD,LV,1,TU7997,24,2026-08-12T11:42:00Z,2026-08-12T12:25:59Z,0.73
PA42 7AB,SHEPD,HV,1,TV6412,910,2026-08-18T09:53:43Z,2026-08-18T10:37:14Z,0.73
PA42 7AF,SHEPD,HV,1,TV6412,910,2026-08-18T09:53:43Z,2026-08-18T10:37:14Z,0.73
PA42 7AH,SHEPD,HV,1,TV6412,910,2026-08-18T09:53:43Z,2026-08-18T10:37:14Z,0.73
PA42 7AJ,SHEPD,HV,1,TV6412,910,2026-08-18T09:53:43Z,2026-08-18T10:37:14Z,0.73
PA42 7AL,SHEPD,HV,1,TV6412,910,2026-08-18T09:53:43Z,2026-08-18T10:37:14Z,0.73
PA42 7AN,SHEPD,HV,1,TV6412,910,2026-08-18T09:53:43Z,2026-08-18T10:37:14Z,0.73
PA42 7AQ,SHEPD,HV,1,TV6412,910,2026-08-18T09:53:43Z,2026-08-18T10:37:14Z,0.73
PA42 7AR,SHEPD,HV,1,TV6412,910,2026-08-18T09:53:43Z,2026-08-18T10:37:14Z,0.73
PA42 7AS,SHEPD,HV,1,TV6412,910,2026-08-18T09:53:43Z,2026-08-18T10:37:14Z,0.73
PA42 7AT,SHEPD,HV,1,TV6412,910,2026-08-18T09:53:43Z,2026-08-18T10:37:14Z,0.73
PA42 7AU,SHEPD,HV,1,TV6412,910,2026-08-18T09:53:43Z,2026-08-18T10:37:14Z,0.73
PA42 7AW,SHEPD,HV,1,TV6412,910,2026-08-18T09:53:43Z,2026-08-18T10:37:14Z,0.73
PA42 7AX,SHEPD,HV,1,TV6412,910,2026-08-18T09:53:43Z,2026-08-18T10:37:14Z,0.73
PA42 7AY,SHEPD,HV,1,TV6412,910,2026-08-18T09:53:43Z,2026-08-18T10:37:14Z,0.73
PA42 7AZ,SHEPD,HV,1,TV6412,910,2026-08-18T09:53:43Z,2026-08-18T10:37:14Z,0.73
PA42 7BA,SHEPD,HV,1,TV6412,910,2026-08-18T09:53:43Z,2026-08-18T10:37:14Z,0.73
PA42 7BD,SHEPD,HV,1,TV6412,910,2026-08-18T09:53:43Z,2026-08-18T10:37:14Z,0.73
PA42 7BE,SHEPD,HV,1,TV6412,910,2026-08-18T09:53:43Z,2026-08-18T10:37:14Z,0.73
PA42 7BG,SHEPD,HV,1,TV6412,910,2026-08-18T09:53:43Z,2026-08-18T10:37:14Z,0.73
PA42 7BH,SHEPD,HV,1,TV6412,910,2026-08-18T09:53:43Z,2026-08-18T10:37:14Z,0.73
PA42 7BJ,SHEPD,HV,1,TV6412,910,2026-08-18T09:53:43Z,2026-08-18T10:37:14Z,0.73
PA42 7BL,SHEPD,HV,1,TV6412,910,2026-08-18T09:53:43Z,2026-08-18T10:37:14Z,0.73
PA42 7BN,SHEPD,HV,1,TV6412,910,2026-08-18T09:53:43Z,2026-08-18T10:37:14Z,0.73
PA42 7BP,SHEPD,HV,1,TV6412,910,2026-08-18T09:53:43Z,2026-08-18T10:37:14Z,0.73
PA42 7BQ,SHEPD,HV,1,TV6412,910,2026-08-18T09:53:43Z,2026-08-18T10:37:14Z,0.73
PA42 7BR,SHEPD,HV,1,TV6412,910,2026-08-18T09:53:43Z,2026-08-18T10:37:14Z,0.73
PA42 7BT,SHEPD,HV,1,TV6412,910,2026-08-18T09:53:43Z,2026-08-18T10:37:14Z,0.73
PA42 7BU,SHEPD,HV,1,TV6412,910,2026-08-18T09:53:43Z,2026-08-18T10:37:14Z,0.73
PA42 7BW,SHEPD,HV,1,TV6412,910,2026-08-18T09:53:43Z,2026-08-18T10:37:14Z,0.73
PA42 7BX,SHEPD,HV,1,TV6412,910,2026-08-18T09:53:43Z,2026-08-18T10:37:14Z,0.73
PA42 7BY,SHEPD,HV,1,TV6412,910,2026-08-18T09:53:43Z,2026-08-18T10:37:14Z,0.73
PA42 7BZ,SHEPD,HV,1,TV6412,910,2026-08-18T09:53:43Z,2026-08-18T10:37:14Z,0.73
PA42 7DA,SHEPD,HV,1,TV6412,910,2026-08-18T09:53:43Z,2026-08-18T10:37:14Z,0.73
PA42 7DB,SHEPD,HV,1,TV6412,910,2026-08-18T09:53:43Z,2026-08-18T10:37:14Z,0.73
PA42 7DD,SHEPD,HV,1,TV6412,910,2026-08-18T09:53:43Z,2026-08-18T10:37:14Z,0.73
PA42 7DE,SHEPD,HV,1,TV6412,910,2026-08-18T09:53:43Z,2026-08-18T10:37:14Z,0.73
PA42 7DF,SHEPD,HV,1,TV6412,910,2026-08-18T09:53:43Z,2026-08-18T10:37:14Z,0.73
PA42 7DG,SHEPD,HV,1,TV6412,910,2026-08-18T09:53:43Z,2026-08-18T10:37:14Z,0.73
PA42 7DH,SHEPD,HV,1,TV6412,910,2026-08-18T09:53:43Z,2026-08-18T10:37:14Z,0.73
PA42 7DJ,SHEPD,HV,1,TV6412,910,2026-08-18T09:53:43Z,2026-08-18T10:37:14Z,0.73
PA42 7DP,SHEPD,HV,1,TV6412,910,2026-08-18T09:53:43Z,2026-08-18T10:37:14Z,0.73
PA42 7DR,SHEPD,HV,1,TV6412,910,2026-08-18T09:53:43Z,2026-08-18T10:37:14Z,0.73
PA42 7DS,SHEPD,HV,1,TV6412,910,2026-08-18T09:53:43Z,2026-08-18T10:37:14Z,0.73
PA42 7DU,SHEPD,HV,1,TV6412,910,2026-08-18T09:53:43Z,2026-08-18T10:37:14Z,0.73
PA42 7DW,SHEPD,HV,1,TV6412,910,2026-08-18T09:53:43Z,2026-08-18T10:37:14Z,0.73
PA42 7DX,SHEPD,HV,1,TV6412,910,2026-08-18T09:53:43Z,2026-08-18T10:37:14Z,0.73
PA42 7DY,SHEPD,HV,1,TV6412,910,2026-08-18T09:53:43Z,2026-08-18T10:37:14Z,0.73
PA42 7DZ,SHEPD,HV,1,TV6412,910,2026-08-18T09:53:43Z,2026-08-18T10:37:14Z,0.73
PA42 7EA,SHEPD,HV,1,TV6412,910,2026-08-18T09:53:43Z,2026-08-18T10:37:14Z,0.73
PA42 7ED,SHEPD,HV,1,TV6412,910,2026-08-18T09:53:43Z,2026-08-18T10:37:14Z,0.73
PA42 7EF,SHEPD,HV,1,TV6412,910,2026-08-18T09:53:43Z,2026-08-18T10:37:14Z,0.73
PA42 7EG,SHEPD,HV,1,TV6412,910,2026-08-18T09:53:43Z,2026-08-18T10:37:14Z,0.73
PA42 7EH,SHEPD,HV,1,TV6412,910,2026-08-18T09:53:43Z,2026-08-18T10:37:14Z,0.73
PA42 7EJ,SHEPD,HV,1,TV6412,910,2026-08-18T09:53:43Z,2026-08-18T10:37:14Z,0.73
PA42 7EL,SHEPD,HV,1,TV6412,910,2026-08-18T09:53:43Z,2026-08-18T10:37:14Z,0.73
PA42 7EP,SHEPD,HV,1,TV6412,910,2026-08-18T09:53:43Z,2026-08-18T10:37:14Z,0.73
PA42 7ER,SHEPD,HV,1,TV6412,910,2026-08-18T09:53:43Z,2026-08-18T10:37:14Z,0.73
PA43 7JF,SHEPD,HV,1,TV6412,910,2026-08-18T09:53:43Z,2026-08-18T10:37:14Z,0.73
PA43 7JJ,SHEPD,HV,1,TV6412,910,2026-08-18T09:53:43Z,2026-08-18T10:37:14Z,0.73
PA43 7JQ,SHEPD,HV,1,TV6412,910,2026-08-18T09:53:43Z,2026-08-18T10:37:14Z,0.73
PA46 7RB,SHEPD,HV,1,TV6412,910,2026-08-18T09:53:43Z,2026-08-18T10:37:14Z,0.73
SL7 1RR,SEPD,HV,1,TU7858,176,2026-08-12T11:42:00Z,2026-08-12T12:25:59Z,0.73
SL7 1RS,SEPD,HV,1,TU7858,176,2026-08-12T11:42:00Z,2026-08-12T12:25:59Z,0.73
SL7 1RT,SEPD,HV,1,TU7858,176,2026-08-12T11:42:00Z,2026-08-12T12:25:59Z,0.73
SL7 1RX,SEPD,HV,1,TU7858,176,2026-08-12T11:42:00Z,2026-08-12T12:25:59Z,0.73
SL7 1RY,SEPD,HV,1,TU7858,176,2026-08-12T11:42:00Z,2026-08-12T12:25:59Z,0.73
SL7 1SA,SEPD,HV,1,TU7858,176,2026-08-12T11:42:00Z,2026-08-12T12:25:59Z,0.73
SL7 1SB,SEPD,HV,1,TU7858,176,2026-08-12T11:42:00Z,2026-08-12T12:25:59Z,0.73
SL7 1SD,SEPD,HV,1,TU7858,176,2026-08-12T11:42:00Z,2026-08-12T12:25:59Z,0.73
SL7 1SG,SEPD,HV,1,TU7858,176,2026-08-12T11:42:00Z,2026-08-12T12:25:59Z,0.73
SL7 1SQ,SEPD,HV,1,TU7858,176,2026-08-12T11:42:00Z,2026-08-12T12:25:59Z,0.73
SO31 6RT,SEPD,LV,1,TU7400,20,2026-08-12T11:42:00Z,2026-08-12T12:25:59Z,0.73
SO31 6RU,SEPD,LV,1,TU7400,20,2026-08-12T11:42:00Z,2026-08-12T12:25:59Z,0.73
SP8 4DL,SEPD,PSI,1,253250,40,2026-08-12T11:42:00Z,2026-08-12T12:25:59Z,0.73
RG5 4NR,SEPD,HV,1,TV4225,331,2026-08-16T19:10:23Z,2026-08-16T19:53:48Z,0.72
RG5 4PJ,SEPD,HV,1,TV4225,331,2026-08-16T19:10:23Z,2026-08-16T19:53:48Z,0.72
SN2 2RD,SEPD,LV,1,TV4447,27,2026-08-16T21:13:49Z,2026-08-16T21:56:05Z,0.7
SN2 2RE,SEPD,LV,1,TV4447,27,2026-08-16T21:13:49Z,2026-08-16T21:56:05Z,0.7
SN2 2SZ,SEPD,LV,1,TV4447,27,2026-08-16T21:13:49Z,2026-08-16T21:56:05Z,0.7
SN2 2TD,SEPD,LV,1,TV4447,27,2026-08-16T21:13:49Z,2026-08-16T21:56:05Z,0.7
SN2 2TT,SEPD,LV,1,TV4447,27,2026-08-16T21:13:49Z,2026-08-16T21:56:05Z,0.7
KW9 6NB,SHEPD,PSI,1,253362,37,2026-08-19T08:18:34Z,2026-08-19T08:59:42Z,0.69
KW9 6ND,SHEPD,PSI,1,253362,37,2026-08-19T08:18:34Z,2026-08-19T08:59:42Z,0.69
KW9 6NP,SHEPD,PSI,1,253362,37,2026-08-19T08:18:34Z,2026-08-19T08:59:42Z,0.69
RG14 1AQ,SEPD,LV,1,TV1160,30,2026-08-13T19:44:22Z,2026-08-13T20:25:01Z,0.68
RG14 1LA,SEPD,LV,1,TV1160,30,2026-08-13T19:44:22Z,2026-08-13T20:25:01Z,0.68
RG14 1NH,SEPD,LV,1,TV1160,30,2026-08-13T19:44:22Z,2026-08-13T20:25:01Z,0.68
RG14 1NQ,SEPD,LV,1,TV1160,30,2026-08-13T19:44:22Z,2026-08-13T20:25:01Z,0.68
RG14 1NR,SEPD,LV,1,TV1160,30,2026-08-13T19:44:22Z,2026-08-13T20:25:01Z,0.68
RG14 1NU,SEPD,LV,1,TV1160,30,2026-08-13T19:44:22Z,2026-08-13T20:25:01Z,0.68
RG14 1NX,SEPD,LV,1,TV1160,30,2026-08-13T19:44:22Z,2026-08-13T20:25:01Z,0.68
DD9 6SR,SHEPD,HV,1,TV3705,13,2026-08-16T07:04:49Z,2026-08-16T07:44:25Z,0.66
DD9 6SS,SHEPD,HV,1,TV3705,13,2026-08-16T07:04:49Z,2026-08-16T07:44:25Z,0.66
DD9 6ST,SHEPD,HV,1,TV3705,13,2026-08-16T07:04:49Z,2026-08-16T07:44:25Z,0.66
DD9 6SU,SHEPD,HV,1,TV3705,13,2026-08-16T07:04:49Z,2026-08-16T07:44:25Z,0.66
DD9 6TP,SHEPD,HV,1,TV3705,13,2026-08-16T07:04:49Z,2026-08-16T07:44:25Z,0.66
PO4 0JW,SEPD,LV,1,TV3690,48,2026-08-16T07:04:49Z,2026-08-16T07:44:25Z,0.66
PO5 1NS,SEPD,LV,1,TV3690,48,2026-08-16T07:04:49Z,2026-08-16T07:44:25Z,0.66
PO5 1NT,SEPD,LV,1,TV3690,48,2026-08-16T07:04:49Z,2026-08-16T07:44:25Z,0.66
PO5 1PJ,SEPD,LV,1,TV3690,48,2026-08-16T07:04:49Z,2026-08-16T07:44:25Z,0.66
PO5 2SA,SEPD,LV,1,TV3690,48,2026-08-16T07:04:49Z,2026-08-16T07:44:25Z,0.66
PO5 2SQ,SEPD,LV,1,TV3690,48,2026-08-16T07:04:49Z,2026-08-16T07:44:25Z,0.66
RG40 3DN,SEPD,PSI,1,252989,16,2026-08-16T22:29:57Z,2026-08-16T23:09:35Z,0.66
RG40 3DW,SEPD,PSI,1,252989,16,2026-08-16T22:29:57Z,2026-08-16T23:09:35Z,0.66
RG40 3EE,SEPD,PSI,1,252989,16,2026-08-16T22:29:57Z,2026-08-16T23:09:35Z,0.66
SP3 5PR,SEPD,HV,2,"TV7529,TV7530",232,2026-08-19T04:59:22Z,2026-08-19T05:38:25Z,0.65
SP3 5PS,SEPD,HV,2,"TV7529,TV7530",232,2026-08-19T04:59:22Z,2026-08-19T05:38:25Z,0.65
SP3 5PT,SEPD,HV,2,"TV7529,TV7530",232,2026-08-19T04:59:22Z,2026-08-19T05:38:25Z,0.65
SP3 5PU,SEPD,HV,2,"TV7529,TV7530",232,2026-08-19T04:59:22Z,2026-08-19T05:38:25Z,0.65
SP3 5PX,SEPD,HV,2,"TV7529,TV7530",232,2026-08-19T04:59:22Z,2026-08-19T05:38:25Z,0.65
SP3 5PY,SEPD,HV,2,"TV7529,TV7530",232,2026-08-19T04:59:22Z,2026-08-19T05:38:25Z,0.65
SP3 5PZ,SEPD,HV,2,"TV7529,TV7530",232,2026-08-19T04:59:22Z,2026-08-19T05:38:25Z,0.65
SP3 5QA,SEPD,HV,2,"TV7529,TV7530",232,2026-08-19T04:59:22Z,2026-08-19T05:38:25Z,0.65
SP3 5QB,SEPD,HV,2,"TV7529,TV7530",232,2026-08-19T04:59:22Z,2026-08-19T05:38:25Z,0.65
SP3 6RH,SEPD,HV,2,"TV7529,TV7530",232,2026-08-19T04:59:22Z,2026-08-19T05:38:25Z,0.65
SP3 6RP,SEPD,HV,2,"TV7529,TV7530",232,2026-08-19T04:59:22Z,2026-08-19T05:38:25Z,0.65
DT4 9TN,SEPD,LV,1,TU9702,8,2026-08-12T22:51:48Z,2026-08-12T23:30:52Z,0.65
GU8 6HU,SEPD,LV,2,"TV3037,TV3404",24,2026-08-15T16:59:02Z,2026-08-15T20:09:01Z,0.6
GU8 6HX,SEPD,LV,2,"TV3037,TV3404",24,2026-08-15T16:59:02Z,2026-08-15T20:09:01Z,0.6
GU8 6LA,SEPD,LV,2,"TV3037,TV3404",24,2026-08-15T16:59:02Z,2026-08-15T20:09:01Z,0.6
GU8 6LB,SEPD,LV,2,"TV3037,TV3404",24,2026-08-15T16:59:02Z,2026-08-15T20:09:01Z,0.6
RG19 4DX,SEPD,LV,1,TV6027,18,2026-08-18T09:17:56Z,2026-08-18T09:53:43Z,0.6
RG19 4PW,SEPD,LV,1,TV6027,18,2026-08-18T09:17:56Z,2026-08-18T09:53:43Z,0.6
RG2 9QG,SEPD,LV,1,TV6115,8,2026-08-18T09:17:56Z,2026-08-18T09:53:43Z,0.6
SN14 0RU,SEPD,LV,1,TV3492,5,2026-08-15T19:32:57Z,2026-08-15T20:09:01Z,0.6
SN14 0SB,SEPD,LV,1,TV3492,5,2026-08-15T19:32:57Z,2026-08-15T20:09:01Z,0.6
PO1 4JJ,SEPD,LV,1,TV3203,17,2026-08-15T11:27:23Z,2026-08-15T12:01:27Z,0.57
PO1 4JL,SEPD,LV,1,TV3203,17,2026-08-15T11:27:23Z,2026-08-15T12:01:27Z,0.57
PO1 4PH,SEPD,LV,1,TV3203,17,2026-08-15T11:27:23Z,2026-08-15T12:01:27Z,0.57
PO1 5RX,SEPD,LV,1,TV3203,17,2026-08-15T11:27:23Z,2026-08-15T12:01:27Z,0.57
PO1 5RY,SEPD,LV,1,TV3203,17,2026-08-15T11:27:23Z,2026-08-15T12:01:27Z,0.57
FK15 9HU,SHEPD,LV,1,TV6452,13,2026-08-18T11:01:30Z,2026-08-18T11:34:51Z,0.56
FK15 9HX,SHEPD,LV,1,TV6452,13,2026-08-18T11:01:30Z,2026-08-18T11:34:51Z,0.56
FK15 9JS,SHEPD,LV,1,TV6452,13,2026-08-18T11:01:30Z,2026-08-18T11:34:51Z,0.56
PO19 6PA,SEPD,LV,1,TV2789,24,2026-08-15T04:22:44Z,2026-08-15T04:54:49Z,0.53
PO19 6PB,SEPD,LV,1,TV2789,24,2026-08-15T04:22:44Z,2026-08-15T04:54:49Z,0.53
PO19 6RN,SEPD,LV,1,TV2789,24,2026-08-15T04:22:44Z,2026-08-15T04:54:49Z,0.53
SN3 2PP,SEPD,LV,1,TV2784,48,2026-08-15T04:22:44Z,2026-08-15T04:54:49Z,0.53
IV14 9BT,SHEPD,LV,1,TV6205,3,2026-08-18T13:51:36Z,2026-08-18T14:22:42Z,0.52
IV14 9EP,SHEPD,LV,1,TV6205,3,2026-08-18T13:51:36Z,2026-08-18T14:22:42Z,0.52
IV14 9ET,SHEPD,LV,1,TV6205,3,2026-08-18T13:51:36Z,2026-08-18T14:22:42Z,0.52
IV22 2JU,SHEPD,PSI,1,253482,15,2026-08-18T13:51:36Z,2026-08-18T14:22:42Z,0.52
IV22 2JY,SHEPD,PSI,1,253482,15,2026-08-18T13:51:36Z,2026-08-18T14:22:42Z,0.52
PO20 9BJ,SEPD,HV,2,"TV7600,TV8210",1975,2026-08-19T06:01:52Z,2026-08-19T11:42:00Z,0.5
PA32 8YB,SHEPD,HV,1,TV8032,87,2026-08-19T11:11:48Z,2026-08-19T11:42:00Z,0.5
PA32 8YD,SHEPD,HV,1,TV8032,87,2026-08-19T11:11:48Z,2026-08-19T11:42:00Z,0.5
PA32 8YN,SHEPD,HV,1,TV8032,87,2026-08-19T11:11:48Z,2026-08-19T11:42:00Z,0.5
PA32 8YR,SHEPD,HV,1,TV8032,87,2026-08-19T11:11:48Z,2026-08-19T11:42:00Z,0.5
SN8 1DP,SEPD,LV,1,TV8221,19,2026-08-19T11:11:48Z,2026-08-19T11:42:00Z,0.5
SN8 1DR,SEPD,LV,1,TV8221,19,2026-08-19T11:11:48Z,2026-08-19T11:42:00Z,0.5
SN8 1DW,SEPD,LV,1,TV8221,19,2026-08-19T11:11:48Z,2026-08-19T11:42:00Z,0.5
SO41 0LL,SEPD,LV,1,TV7521,32,2026-08-19T11:11:48Z,2026-08-19T11:42:00Z,0.5
SO41 0LN,SEPD,LV,1,TV7521,32,2026-08-19T11:11:48Z,2026-08-19T11:42:00Z,0.5
SO41 0UA,SEPD,LV,1,TV7521,32,2026-08-19T11:11:48Z,2026-08-19T11:42:00Z,0.5
SO41 0ZA,SEPD,LV,1,TV7521,32,2026-08-19T11:11:48Z,2026-08-19T11:42:00Z,0.5
SO41 0ZB,SEPD,LV,1,TV7521,32,2026-08-19T11:11:48Z,2026-08-19T11:42:00Z,0.5
SO41 0ZD,SEPD,LV,1,TV7521,32,2026-08-19T11:11:48Z,2026-08-19T11:42:00Z,0.5
SO41 0ZF,SEPD,LV,1,TV7521,32,2026-08-19T11:11:48Z,2026-08-19T11:42:00Z,0.5
SO41 0ZH,SEPD,LV,1,TV7521,32,2026-08-19T11:11:48Z,2026-08-19T11:42:00Z,0.5
SO41 0ZJ,SEPD,LV,1,TV7521,32,2026-08-19T11:11:48Z,2026-08-19T11:42:00Z,0.5
OX49 5RD,SEPD,LV,1,TV5728,9,2026-08-17T20:35:28Z,2026-08-17T21:01:51Z,0.44
SN7 7QD,SEPD,HV,2,"TV7397,TV7400",118,2026-08-19T01:45:39Z,2026-08-19T06:01:52Z,0.39
SN7 7QE,SEPD,HV,2,"TV7397,TV7400",118,2026-08-19T01:45:39Z,2026-08-19T06:01:52Z,0.39
SN7 7QF,SEPD,HV,2,"TV7397,TV7400",118,2026-08-19T01:45:39Z,2026-08-19T06:01:52Z,0.39
SN7 7RE,SEPD,HV,2,"TV7397,TV7400",118,2026-08-19T01:45:39Z,2026-08-19T06:01:52Z,0.39
OX10 0AE,SEPD,HV,1,TV5757,1575,2026-08-17T21:35:11Z,2026-08-17T21:58:45Z,0.39
OX10 0AF,SEPD,HV,1,TV5757,1575,2026-08-17T21:35:11Z,2026-08-17T21:58:45Z,0.39
OX10 0AL,SEPD,HV,1,TV5757,1575,2026-08-17T21:35:11Z,2026-08-17T21:58:45Z,0.39
OX10 0AN,SEPD,HV,1,TV5757,1575,2026-08-17T21:35:11Z,2026-08-17T21:58:45Z,0.39
OX10 0AP,SEPD,HV,1,TV5757,1575,2026-08-17T21:35:11Z,2026-08-17T21:58:45Z,0.39
OX10 0AS,SEPD,HV,1,TV5757,1575,2026-08-17T21:35:11Z,2026-08-17T21:58:45Z,0.39
OX10 0AT,SEPD,HV,1,TV5757,1575,2026-08-17T21:35:11Z,2026-08-17T21:58:45Z,0.39
OX10 0AU,SEPD,HV,1,TV5757,1575,2026-08-17T21:35:11Z,2026-08-17T21:58:45Z,0.39
OX10 0AX,SEPD,HV,1,TV5757,1575,2026-08-17T21:35:11Z,2026-08-17T21:58:45Z,0.39
OX10 0AY,SEPD,HV,1,TV5757,1575,2026-08-17T21:35:11Z,2026-08-17T21:58:45Z,0.39
OX10 0BA,SEPD,HV,1,TV5757,1575,2026-08-17T21:35:11Z,2026-08-17T21:58:45Z,0.39
OX10 0BB,SEPD,HV,1,TV5757,1575,2026-08-17T21:35:11Z,2026-08-17T21:58:45Z,0.39
OX10 0BH,SEPD,HV,1,TV5757,1575,2026-08-17T21:35:11Z,2026-08-17T21:58:45Z,0.39
OX10 0BZ,SEPD,HV,1,TV5757,1575,2026-08-17T21:35:11Z,2026-08-17T21:58:45Z,0.39
OX10 0DJ,SEPD,HV,1,TV5757,1575,2026-08-17T21:35:11Z,2026-08-17T21:58:45Z,0.39
OX10 0DL,SEPD,HV,1,TV5757,1575,2026-08-17T21:35:11Z,2026-08-17T21:58:45Z,0.39
OX10 0DN,SEPD,HV,1,TV5757,1575,2026-08-17T21:35:11Z,2026-08-17T21:58:45Z,0.39
OX10 0DP,SEPD,HV,1,TV5757,1575,2026-08-17T21:35:11Z,2026-08-17T21:58:45Z,0.39
OX10 0DR,SEPD,HV,1,TV5757,1575,2026-08-17T21:35:11Z,2026-08-17T21:58:45Z,0.39
OX10 0DS,SEPD,HV,1,TV5757,1575,2026-08-17T21:35:11Z,2026-08-17T21:58:45Z,0.39
OX10 0DT,SEPD,HV,1,TV5757,1575,2026-08-17T21:35:11Z,2026-08-17T21:58:45Z,0.39
OX10 0DU,SEPD,HV,1,TV5757,1575,2026-08-17T21:35:11Z,2026-08-17T21:58:45Z,0.39
OX10 0DX,SEPD,HV,1,TV5757,1575,2026-08-17T21:35:11Z,2026-08-17T21:58:45Z,0.39
OX10 0EA,SEPD,HV,1,TV5757,1575,2026-08-17T21:35:11Z,2026-08-17T21:58:45Z,0.39
OX10 0EB,SEPD,HV,1,TV5757,1575,2026-08-17T21:35:11Z,2026-08-17T21:58:45Z,0.39
OX10 0ED,SEPD,HV,1,TV5757,1575,2026-08-17T21:35:11Z,2026-08-17T21:58:45Z,0.39
OX10 0ER,SEPD,HV,1,TV5757,1575,2026-08-17T21:35:11Z,2026-08-17T21:58:45Z,0.39
OX10 0ES,SEPD,HV,1,TV5757,1575,2026-08-17T21:35:11Z,2026-08-17T21:58:45Z,0.39
OX10 0ET,SEPD,HV,1,TV5757,1575,2026-08-17T21:35:11Z,2026-08-17T21:58:45Z,0.39
OX10 0EW,SEPD,HV,1,TV5757,1575,2026-08-17T21:35:11Z,2026-08-17T21:58:45Z,0.39
OX10 0EX,SEPD,HV,1,TV5757,1575,2026-08-17T21:35:11Z,2026-08-17T21:58:45Z,0.39
OX10 0EY,SEPD,HV,1,TV5757,1575,2026-08-17T21:35:11Z,2026-08-17T21:58:45Z,0.39
OX10 0EZ,SEPD,HV,1,TV5757,1575,2026-08-17T21:35:11Z,2026-08-17T21:58:45Z,0.39
OX10 0FF,SEPD,HV,1,TV5757,1575,2026-08-17T21:35:11Z,2026-08-17T21:58:45Z,0.39
OX10 0FH,SEPD,HV,1,TV5757,1575,2026-08-17T21:35:11Z,2026-08-17T21:58:45Z,0.39
OX10 0FJ,SEPD,HV,1,TV5757,1575,2026-08-17T21:35:11Z,2026-08-17T21:58:45Z,0.39
OX10 0FL,SEPD,HV,1,TV5757,1575,2026-08-17T21:35:11Z,2026-08-17T21:58:45Z,0.39
OX10 0FX,SEPD,HV,1,TV5757,1575,2026-08-17T21:35:11Z,2026-08-17T21:58:45Z,0.39
OX10 0GG,SEPD,HV,1,TV5757,1575,2026-08-17T21:35:11Z,2026-08-17T21:58:45Z,0.39
OX10 0HA,SEPD,HV,1,TV5757,1575,2026-08-17T21:35:11Z,2026-08-17T21:58:45Z,0.39
OX10 0HB,SEPD,HV,1,TV5757,1575,2026-08-17T21:35:11Z,2026-08-17T21:58:45Z,0.39
OX10 0HD,SEPD,HV,1,TV5757,1575,2026-08-17T21:35:11Z,2026-08-17T21:58:45Z,0.39
OX10 0HF,SEPD,HV,1,TV5757,1575,2026-08-17T21:35:11Z,2026-08-17T21:58:45Z,0.39
OX10 0HG,SEPD,HV,1,TV5757,1575,2026-08-17T21:35:11Z,2026-08-17T21:58:45Z,0.39
OX10 0LE,SEPD,HV,1,TV5757,1575,2026-08-17T21:35:11Z,2026-08-17T21:58:45Z,0.39
OX10 0PJ,SEPD,HV,1,TV5757,1575,2026-08-17T21:35:11Z,2026-08-17T21:58:45Z,0.39
OX10 0RE,SEPD,HV,1,TV5757,1575,2026-08-17T21:35:11Z,2026-08-17T21:58:45Z,0.39
OX10 0XD,SEPD,HV,1,TV5757,1575,2026-08-17T21:35:11Z,2026-08-17T21:58:45Z,0.39
SO53 1JJ,SEPD,LV,1,TV5129,20,2026-08-17T11:35:25Z,2026-08-17T11:58:37Z,0.39
SO53 1JQ,SEPD,LV,1,TV5129,20,2026-08-17T11:35:25Z,2026-08-17T11:58:37Z,0.39
SO53 1PW,SEPD,LV,1,TV5129,20,2026-08-17T11:35:25Z,2026-08-17T11:58:37Z,0.39
SO53 1SE,SEPD,LV,1,TV5129,20,2026-08-17T11:35:25Z,2026-08-17T11:58:37Z,0.39
SO53 1TA,SEPD,LV,1,TV5129,20,2026-08-17T11:35:25Z,2026-08-17T11:58:37Z,0.39
SO53 1TB,SEPD,LV,1,TV5129,20,2026-08-17T11:35:25Z,2026-08-17T11:58:37Z,0.39
PO36 0LB,SEPD,PSI,1,253236,39,2026-08-19T09:42:04Z,2026-08-19T10:04:43Z,0.38
PO36 0LD,SEPD,PSI,1,253236,39,2026-08-19T09:42:04Z,2026-08-19T10:04:43Z,0.38
PO36 0NY,SEPD,PSI,1,253236,39,2026-08-19T09:42:04Z,2026-08-19T10:04:43Z,0.38
PO36 0NZ,SEPD,PSI,1,253236,39,2026-08-19T09:42:04Z,2026-08-19T10:04:43Z,0.38
RG20 8AE,SEPD,LV,1,TV2730,10,2026-08-14T22:31:41Z,2026-08-14T22:54:14Z,0.38
RG20 8AF,SEPD,LV,1,TV2730,10,2026-08-14T22:31:41Z,2026-08-14T22:54:14Z,0.38
RG20 8AG,SEPD,LV,1,TV2730,10,2026-08-14T22:31:41Z,2026-08-14T22:54:14Z,0.38
RG20 8AH,SEPD,LV,1,TV2730,10,2026-08-14T22:31:41Z,2026-08-14T22:54:14Z,0.38
RG20 8AQ,SEPD,LV,1,TV2730,10,2026-08-14T22:31:41Z,2026-08-14T22:54:14Z,0.38
OX10 6LP,SEPD,LV,1,TV2924,21,2026-08-15T07:49:07Z,2026-08-15T08:10:54Z,0.36
OX10 6LQ,SEPD,LV,1,TV2924,21,2026-08-15T07:49:07Z,2026-08-15T08:10:54Z,0.36
OX10 6LR,SEPD,LV,1,TV2924,21,2026-08-15T07:49:07Z,2026-08-15T08:10:54Z,0.36
OX10 6RR,SEPD,LV,1,TV2924,21,2026-08-15T07:49:07Z,2026-08-15T08:10:54Z,0.36
PH1 1BG,SHEPD,LV,1,TV3778,19,2026-08-16T11:27:20Z,2026-08-16T11:49:00Z,0.36
PH1 1BZ,SHEPD,LV,1,TV3778,19,2026-08-16T11:27:20Z,2026-08-16T11:49:00Z,0.36
PH1 1DA,SHEPD,LV,1,TV3778,19,2026-08-16T11:27:20Z,2026-08-16T11:49:00Z,0.36
PH1 1DB,SHEPD,LV,1,TV3778,19,2026-08-16T11:27:20Z,2026-08-16T11:49:00Z,0.36
PH1 1DG,SHEPD,LV,1,TV3778,19,2026-08-16T11:27:20Z,2026-08-16T11:49:00Z,0.36
PH1 1DQ,SHEPD,LV,1,TV3778,19,2026-08-16T11:27:20Z,2026-08-16T11:49:00Z,0.36
PH2 0LZ,SHEPD,LV,1,TV3778,19,2026-08-16T11:27:20Z,2026-08-16T11:49:00Z,0.36
PH2 0NB,SHEPD,LV,1,TV3778,19,2026-08-16T11:27:20Z,2026-08-16T11:49:00Z,0.36
RG12 7BY,SEPD,LV,1,TV3871,7,2026-08-16T11:27:20Z,2026-08-16T11:49:00Z,0.36
RG5 4NT,SEPD,HV,2,"TV0764,TV4225",397,2026-08-13T14:47:49Z,2026-08-16T19:53:48Z,0.34
GL7 5QH,SEPD,HV,1,TV4178,15,2026-08-16T17:29:32Z,2026-08-16T17:49:44Z,0.34
GL7 5RD,SEPD,HV,1,TV4178,15,2026-08-16T17:29:32Z,2026-08-16T17:49:44Z,0.34
GL7 5RF,SEPD,HV,1,TV4178,15,2026-08-16T17:29:32Z,2026-08-16T17:49:44Z,0.34
GL7 5TF,SEPD,HV,1,TV4178,15,2026-08-16T17:29:32Z,2026-08-16T17:49:44Z,0.34
GL7 5TG,SEPD,HV,1,TV4178,15,2026-08-16T17:29:32Z,2026-08-16T17:49:44Z,0.34
GL7 5TN,SEPD,HV,1,TV4178,15,2026-08-16T17:29:32Z,2026-08-16T17:49:44Z,0.34
GL7 5TP,SEPD,HV,1,TV4178,15,2026-08-16T17:29:32Z,2026-08-16T17:49:44Z,0.34
GL7 5TQ,SEPD,HV,1,TV4178,15,2026-08-16T17:29:32Z,2026-08-16T17:49:44Z,0.34
GL7 5TR,SEPD,HV,1,TV4178,15,2026-08-16T17:29:32Z,2026-08-16T17:49:44Z,0.34
GL7 5TS,SEPD,HV,1,TV4178,15,2026-08-16T17:29:32Z,2026-08-16T17:49:44Z,0.34
GL7 5TT,SEPD,HV,1,TV4178,15,2026-08-16T17:29:32Z,2026-08-16T17:49:44Z,0.34
GL7 5TU,SEPD,HV,1,TV4178,15,2026-08-16T17:29:32Z,2026-08-16T17:49:44Z,0.34
GL7 5TW,SEPD,HV,1,TV4178,15,2026-08-16T17:29:32Z,2026-08-16T17:49:44Z,0.34
GL7 5TX,SEPD,HV,1,TV4178,15,2026-08-16T17:29:32Z,2026-08-16T17:49:44Z,0.34
GL7 5TY,SEPD,HV,1,TV4178,15,2026-08-16T17:29:32Z,2026-08-16T17:49:44Z,0.34
GL7 5TZ,SEPD,HV,1,TV4178,15,2026-08-16T17:29:32Z,2026-08-16T17:49:44Z,0.34
GL7 5UA,SEPD,HV,1,TV4178,15,2026-08-16T17:29:32Z,2026-08-16T17:49:44Z,0.34
GL7 5UB,SEPD,HV,1,TV4178,15,2026-08-16T17:29:32Z,2026-08-16T17:49:44Z,0.34
GL7 5UD,SEPD,HV,1,TV4178,15,2026-08-16T17:29:32Z,2026-08-16T17:49:44Z,0.34
GL7 5UE,SEPD,HV,1,TV4178,15,2026-08-16T17:29:32Z,2026-08-16T17:49:44Z,0.34
GL7 5UF,SEPD,HV,1,TV4178,15,2026-08-16T17:29:32Z,2026-08-16T17:49:44Z,0.34
GL7 5UG,SEPD,HV,1,TV4178,15,2026-08-16T17:29:32Z,2026-08-16T17:49:44Z,0.34
GL7 5UH,SEPD,HV,1,TV4178,15,2026-08-16T17:29:32Z,2026-08-16T17:49:44Z,0.34
GL7 5UN,SEPD,HV,1,TV4178,15,2026-08-16T17:29:32Z,2026-08-16T17:49:44Z,0.34
GL7 5UP,SEPD,HV,1,TV4178,15,2026-08-16T17:29:32Z,2026-08-16T17:49:44Z,0.34
GL7 5UR,SEPD,HV,1,TV4178,15,2026-08-16T17:29:32Z,2026-08-16T17:49:44Z,0.34
GL7 5UU,SEPD,HV,1,TV4178,15,2026-08-16T17:29:32Z,2026-08-16T17:49:44Z,0.34
GL7 5UW,SEPD,HV,1,TV4178,15,2026-08-16T17:29:32Z,2026-08-16T17:49:44Z,0.34
GL7 5UX,SEPD,HV,1,TV4178,15,2026-08-16T17:29:32Z,2026-08-16T17:49:44Z,0.34
GL7 5UY,SEPD,HV,1,TV4178,15,2026-08-16T17:29:32Z,2026-08-16T17:49:44Z,0.34
GL7 5UZ,SEPD,HV,1,TV4178,15,2026-08-16T17:29:32Z,2026-08-16T17:49:44Z,0.34
GL7 5XB,SEPD,HV,1,TV4178,15,2026-08-16T17:29:32Z,2026-08-16T17:49:44Z,0.34
GL7 5XD,SEPD,HV,1,TV4178,15,2026-08-16T17:29:32Z,2026-08-16T17:49:44Z,0.34
GL7 5XE,SEPD,HV,1,TV4178,15,2026-08-16T17:29:32Z,2026-08-16T17:49:44Z,0.34
GL7 5XF,SEPD,HV,1,TV4178,15,2026-08-16T17:29:32Z,2026-08-16T17:49:44Z,0.34
GL7 5XH,SEPD,HV,1,TV4178,15,2026-08-16T17:29:32Z,2026-08-16T17:49:44Z,0.34
GL7 5XJ,SEPD,HV,1,TV4178,15,2026-08-16T17:29:32Z,2026-08-16T17:49:44Z,0.34
GL7 5XN,SEPD,HV,1,TV4178,15,2026-08-16T17:29:32Z,2026-08-16T17:49:44Z,0.34
GL7 5XP,SEPD,HV,1,TV4178,15,2026-08-16T17:29:32Z,2026-08-16T17:49:44Z,0.34
GL7 5XQ,SEPD,HV,1,TV4178,15,2026-08-16T17:29:32Z,2026-08-16T17:49:44Z,0.34
GL7 5XR,SEPD,HV,1,TV4178,15,2026-08-16T17:29:32Z,2026-08-16T17:49:44Z,0.34
GL7 5XS,SEPD,HV,1,TV4178,15,2026-08-16T17:29:32Z,2026-08-16T17:49:44Z,0.34
GL7 5XW,SEPD,HV,1,TV4178,15,2026-08-16T17:29:32Z,2026-08-16T17:49:44Z,0.34
GL7 5XX,SEPD,HV,1,TV4178,15,2026-08-16T17:29:32Z,2026-08-16T17:49:44Z,0.34
GL7 5XY,SEPD,HV,1,TV4178,15,2026-08-16T17:29:32Z,2026-08-16T17:49:44Z,0.34
GL7 6ER,SEPD,HV,1,TV4178,15,2026-08-16T17:29:32Z,2026-08-16T17:49:44Z,0.34
GL7 6ET,SEPD,HV,1,TV4178,15,2026-08-16T17:29:32Z,2026-08-16T17:49:44Z,0.34
GL7 6EU,SEPD,HV,1,TV4178,15,2026-08-16T17:29:32Z,2026-08-16T17:49:44Z,0.34
GL7 6EX,SEPD,HV,1,TV4178,15,2026-08-16T17:29:32Z,2026-08-16T17:49:44Z,0.34
GL7 6EY,SEPD,HV,1,TV4178,15,2026-08-16T17:29:32Z,2026-08-16T17:49:44Z,0.34
GL7 6EZ,SEPD,HV,1,TV4178,15,2026-08-16T17:29:32Z,2026-08-16T17:49:44Z,0.34
GL7 6HA,SEPD,HV,1,TV4178,15,2026-08-16T17:29:32Z,2026-08-16T17:49:44Z,0.34
GL7 6HB,SEPD,HV,1,TV4178,15,2026-08-16T17:29:32Z,2026-08-16T17:49:44Z,0.34
GL7 6HD,SEPD,HV,1,TV4178,15,2026-08-16T17:29:32Z,2026-08-16T17:49:44Z,0.34
GL7 6HE,SEPD,HV,1,TV4178,15,2026-08-16T17:29:32Z,2026-08-16T17:49:44Z,0.34
GL7 6HF,SEPD,HV,1,TV4178,15,2026-08-16T17:29:32Z,2026-08-16T17:49:44Z,0.34
GL7 6HG,SEPD,HV,1,TV4178,15,2026-08-16T17:29:32Z,2026-08-16T17:49:44Z,0.34
GL7 6HH,SEPD,HV,1,TV4178,15,2026-08-16T17:29:32Z,2026-08-16T17:49:44Z,0.34
GL7 6HJ,SEPD,HV,1,TV4178,15,2026-08-16T17:29:32Z,2026-08-16T17:49:44Z,0.34
GL7 6HP,SEPD,HV,1,TV4178,15,2026-08-16T17:29:32Z,2026-08-16T17:49:44Z,0.34
GL7 6HS,SEPD,HV,1,TV4178,15,2026-08-16T17:29:32Z,2026-08-16T17:49:44Z,0.34
GL7 6HT,SEPD,HV,1,TV4178,15,2026-08-16T17:29:32Z,2026-08-16T17:49:44Z,0.34
GL7 6HX,SEPD,HV,1,TV4178,15,2026-08-16T17:29:32Z,2026-08-16T17:49:44Z,0.34
GL7 6HY,SEPD,HV,1,TV4178,15,2026-08-16T17:29:32Z,2026-08-16T17:49:44Z,0.34
GL7 6JA,SEPD,HV,1,TV4178,15,2026-08-16T17:29:32Z,2026-08-16T17:49:44Z,0.34
GL7 6JL,SEPD,HV,1,TV4178,15,2026-08-16T17:29:32Z,2026-08-16T17:49:44Z,0.34
GL7 6LZ,SEPD,HV,1,TV4178,15,2026-08-16T17:29:32Z,2026-08-16T17:49:44Z,0.34
GL7 6RH,SEPD,HV,1,TV4178,15,2026-08-16T17:29:32Z,2026-08-16T17:49:44Z,0.34
RG5 4NJ,SEPD,HV,1,TV4225,331,2026-08-16T19:33:38Z,2026-08-16T19:53:48Z,0.34
RG5 4NN,SEPD,HV,1,TV4225,331,2026-08-16T19:33:38Z,2026-08-16T19:53:48Z,0.34
RG5 4NP,SEPD,HV,1,TV4225,331,2026-08-16T19:33:38Z,2026-08-16T19:53:48Z,0.34
RG5 4PG,SEPD,HV,1,TV4225,331,2026-08-16T19:33:38Z,2026-08-16T19:53:48Z,0.34
RG5 4PH,SEPD,HV,1,TV4225,331,2026-08-16T19:33:38Z,2026-08-16T19:53:48Z,0.34
RG5 4PQ,SEPD,HV,1,TV4225,331,2026-08-16T19:33:38Z,2026-08-16T19:53:48Z,0.34
RG5 4RA,SEPD,HV,1,TV4225,331,2026-08-16T19:33:38Z,2026-08-16T19:53:48Z,0.34
OX1 2AY,SEPD,"HV,LV",3,"TV2180,TV2181,TV3301",746,2026-08-14T12:27:54Z,2026-08-15T15:40:16Z,0.0
RG5 4QU,SEPD,"HV,LV",3,"TV0750,TV0764,TV6704",365,2026-08-13T14:47:49Z,2026-08-18T11:34:51Z,0.0
BH14 0PN,SEPD,LV,2,"TV2993,TV3456",28,2026-08-15T18:02:22Z,2026-08-15T18:02:22Z,0.0
DD2 5FF,SHEPD,LV,2,"TV2034,TV2092",36,2026-08-14T11:34:59Z,2026-08-14T11:34:59Z,0.0
DD2 5FH,SHEPD,LV,2,"TV2034,TV2092",36,2026-08-14T11:34:59Z,2026-08-14T11:34:59Z,0.0
DD2 5FW,SHEPD,LV,2,"TV2092,TV2095",33,2026-08-14T11:34:59Z,2026-08-14T11:34:59Z,0.0
DD2 5GH,SHEPD,LV,2,"TV2034,TV2092",36,2026-08-14T11:34:59Z,2026-08-14T11:34:59Z,0.0
OX1 1DP,SEPD,HV,2,"TV2180,TV2181",728,2026-08-14T12:27:54Z,2026-08-14T12:27:54Z,0.0
OX1 2AB,SEPD,HV,2,"TV2180,TV2181",728,2026-08-14T12:27:54Z,2026-08-14T12:27:54Z,0.0
OX1 2AE,SEPD,HV,2,"TV2180,TV2181",728,2026-08-14T12:27:54Z,2026-08-14T12:27:54Z,0.0
OX1 2AF,SEPD,HV,2,"TV2180,TV2181",728,2026-08-14T12:27:54Z,2026-08-14T12:27:54Z,0.0
OX1 2AG,SEPD,HV,2,"TV2180,TV2181",728,2026-08-14T12:27:54Z,2026-08-14T12:27:54Z,0.0
OX1 2AQ,SEPD,HV,2,"TV2180,TV2181",728,2026-08-14T12:27:54Z,2026-08-14T12:27:54Z,0.0
OX1 2AU,SEPD,HV,2,"TV2180,TV2181",728,2026-08-14T12:27:54Z,2026-08-14T12:27:54Z,0.0
OX1 2BJ,SEPD,HV,2,"TV2180,TV2181",728,2026-08-14T12:27:54Z,2026-08-14T12:27:54Z,0.0
OX1 2BL,SEPD,HV,2,"TV2180,TV2181",728,2026-08-14T12:27:54Z,2026-08-14T12:27:54Z,0.0
OX1 2BN,SEPD,HV,2,"TV2180,TV2181",728,2026-08-14T12:27:54Z,2026-08-14T12:27:54Z,0.0
OX1 2BY,SEPD,HV,2,"TV2180,TV2181",728,2026-08-14T12:27:54Z,2026-08-14T12:27:54Z,0.0
OX1 2BZ,SEPD,HV,2,"TV2180,TV2181",728,2026-08-14T12:27:54Z,2026-08-14T12:27:54Z,0.0
OX1 2LG,SEPD,HV,2,"TV2180,TV2181",728,2026-08-14T12:27:54Z,2026-08-14T12:27:54Z,0.0
OX1 2LH,SEPD,HV,2,"TV2180,TV2181",728,2026-08-14T12:27:54Z,2026-08-14T12:27:54Z,0.0
OX1 2LN,SEPD,HV,2,"TV2180,TV2181",728,2026-08-14T12:27:54Z,2026-08-14T12:27:54Z,0.0
OX1 2LP,SEPD,HV,2,"TV2180,TV2181",728,2026-08-14T12:27:54Z,2026-08-14T12:27:54Z,0.0
OX1 2LQ,SEPD,HV,2,"TV2180,TV2181",728,2026-08-14T12:27:54Z,2026-08-14T12:27:54Z,0.0
OX1 2LR,SEPD,HV,2,"TV2180,TV2181",728,2026-08-14T12:27:54Z,2026-08-14T12:27:54Z,0.0
OX1 2NP,SEPD,HV,2,"TV2180,TV2181",728,2026-08-14T12:27:54Z,2026-08-14T12:27:54Z,0.0
OX1 3AA,SEPD,HV,2,"TV2180,TV2181",728,2026-08-14T12:27:54Z,2026-08-14T12:27:54Z,0.0
OX1 3AE,SEPD,HV,2,"TV2180,TV2181",728,2026-08-14T12:27:54Z,2026-08-14T12:27:54Z,0.0
OX1 3AX,SEPD,HV,2,"TV2180,TV2181",728,2026-08-14T12:27:54Z,2026-08-14T12:27:54Z,0.0
OX1 3BB,SEPD,HV,2,"TV2180,TV2181",728,2026-08-14T12:27:54Z,2026-08-14T12:27:54Z,0.0
OX1 3BD,SEPD,HV,2,"TV2180,TV2181",728,2026-08-14T12:27:54Z,2026-08-14T12:27:54Z,0.0
OX1 3BH,SEPD,HV,2,"TV2180,TV2181",728,2026-08-14T12:27:54Z,2026-08-14T12:27:54Z,0.0
OX1 3BQ,SEPD,HV,2,"TV2180,TV2181",728,2026-08-14T12:27:54Z,2026-08-14T12:27:54Z,0.0
OX1 3BT,SEPD,HV,2,"TV2180,TV2181",728,2026-08-14T12:27:54Z,2026-08-14T12:27:54Z,0.0
OX1 3PA,SEPD,HV,2,"TV2180,TV2181",728,2026-08-14T12:27:54Z,2026-08-14T12:27:54Z,0.0
OX1 3PD,SEPD,HV,2,"TV2180,TV2181",728,2026-08-14T12:27:54Z,2026-08-14T12:27:54Z,0.0
OX1 3PN,SEPD,HV,2,"TV2180,TV2181",728,2026-08-14T12:27:54Z,2026-08-14T12:27:54Z,0.0
OX1 3SB,SEPD,HV,2,"TV2180,TV2181",728,2026-08-14T12:27:54Z,2026-08-14T12:27:54Z,0.0
OX1 3SP,SEPD,HV,2,"TV2180,TV2181",728,2026-08-14T12:27:54Z,2026-08-14T12:27:54Z,0.0
OX1 3SW,SEPD,HV,2,"TV2180,TV2181",728,2026-08-14T12:27:54Z,2026-08-14T12:27:54Z,0.0
OX15 0TB,SEPD,LV,2,"TV1560,TV2082",34,2026-08-14T07:44:18Z,2026-08-14T11:34:59Z,0.0
OX15 0TE,SEPD,LV,2,"TV1556,TV1560",28,2026-08-14T07:44:18Z,2026-08-14T07:44:18Z,0.0
PO20 9BL,SEPD,"HV,LV",2,"TV7600,TV8233",1967,2026-08-19T06:01:52Z,2026-08-19T11:11:48Z,0.0
PO20 9BQ,SEPD,"HV,LV",2,"TV7600,TV8233",1967,2026-08-19T06:01:52Z,2026-08-19T11:11:48Z,0.0
PO20 9BY,SEPD,"HV,LV",2,"TV7600,TV8233",1967,2026-08-19T06:01:52Z,2026-08-19T11:11:48Z,0.0
PO20 9BZ,SEPD,"HV,LV",2,"TV7600,TV8233",1967,2026-08-19T06:01:52Z,2026-08-19T11:11:48Z,0.0
PO20 9DL,SEPD,"HV,LV",2,"TV7600,TV8233",1967,2026-08-19T06:01:52Z,2026-08-19T11:11:48Z,0.0
PO20 9HR,SEPD,"HV,LV",2,"TV7600,TV8233",1967,2026-08-19T06:01:52Z,2026-08-19T11:11:48Z,0.0
RG5 4QS,SEPD,HV,2,"TV0750,TV0764",358,2026-08-13T14:47:49Z,2026-08-13T16:41:00Z,0.0
RG5 4QX,SEPD,HV,2,"TV0750,TV0764",358,2026-08-13T14:47:49Z,2026-08-13T16:41:00Z,0.0
RG5 4RY,SEPD,HV,2,"TV0764,TV4225",397,2026-08-13T14:47:49Z,2026-08-16T19:10:23Z,0.0
RG5 4SE,SEPD,HV,2,"TV0750,TV0764",358,2026-08-13T14:47:49Z,2026-08-13T16:41:00Z,0.0
SL1 7AG,SEPD,"LV,HV",2,"TV1023,TV1215",123,2026-08-13T18:40:04Z,2026-08-13T19:44:22Z,0.0
SL1 7AP,SEPD,"LV,HV",2,"TV1023,TV1215",123,2026-08-13T18:40:04Z,2026-08-13T19:44:22Z,0.0
SL1 7AS,SEPD,"LV,HV",2,"TV1023,TV1215",123,2026-08-13T18:40:04Z,2026-08-13T19:44:22Z,0.0
SL1 7AW,SEPD,"LV,HV",2,"TV1023,TV1215",123,2026-08-13T18:40:04Z,2026-08-13T19:44:22Z,0.0
SN13 9HP,SEPD,"HV,LV",2,"TV4196,TV6707",1641,2026-08-16T18:08:05Z,2026-08-18T11:34:51Z,0.0
SN13 9PS,SEPD,"HV,LV",2,"TV4196,TV6707",1641,2026-08-16T18:08:05Z,2026-08-18T11:34:51Z,0.0
SN13 9PU,SEPD,"HV,LV",2,"TV4196,TV6707",1641,2026-08-16T18:08:05Z,2026-08-18T11:34:51Z,0.0
SN13 9PX,SEPD,"HV,LV",2,"TV4196,TV6707",1641,2026-08-16T18:08:05Z,2026-08-18T11:34:51Z,0.0
SN13 9QS,SEPD,"HV,LV",2,"TV4196,TV6707",1641,2026-08-16T18:08:05Z,2026-08-18T11:34:51Z,0.0
SN16 9EE,SEPD,HV,2,"TU8998,TU9000",336,2026-08-12T12:25:59Z,2026-08-12T13:59:51Z,0.0
SN16 9EP,SEPD,HV,2,"TU8998,TU9000",336,2026-08-12T12:25:59Z,2026-08-12T13:59:51Z,0.0
SN16 9ER,SEPD,HV,2,"TU8998,TU9000",336,2026-08-12T12:25:59Z,2026-08-12T13:59:51Z,0.0
SN16 9EU,SEPD,HV,2,"TU8998,TU9000",336,2026-08-12T12:25:59Z,2026-08-12T13:59:51Z,0.0
SN16 9EW,SEPD,HV,2,"TU8998,TU9000",336,2026-08-12T12:25:59Z,2026-08-12T13:59:51Z,0.0
SN16 9EX,SEPD,HV,2,"TU8998,TU9000",336,2026-08-12T12:25:59Z,2026-08-12T13:59:51Z,0.0
SN16 9JZ,SEPD,HV,2,"TU8998,TU9000",336,2026-08-12T12:25:59Z,2026-08-12T13:59:51Z,0.0
SN16 9LA,SEPD,HV,2,"TU8998,TU9000",336,2026-08-12T12:25:59Z,2026-08-12T13:59:51Z,0.0
SN16 9LE,SEPD,HV,2,"TU8998,TU9000",336,2026-08-12T12:25:59Z,2026-08-12T13:59:51Z,0.0
SN16 9LF,SEPD,HV,2,"TU8998,TU9000",336,2026-08-12T12:25:59Z,2026-08-12T13:59:51Z,0.0
SN16 9LG,SEPD,HV,2,"TU8998,TU9000",336,2026-08-12T12:25:59Z,2026-08-12T13:59:51Z,0.0
SN16 9LR,SEPD,HV,2,"TU8998,TU9000",336,2026-08-12T12:25:59Z,2026-08-12T13:59:51Z,0.0
SN16 9RY,SEPD,HV,2,"TU8998,TU9000",336,2026-08-12T12:25:59Z,2026-08-12T13:59:51Z,0.0
SN16 9TS,SEPD,HV,2,"TU8998,TU9000",336,2026-08-12T12:25:59Z,2026-08-12T13:59:51Z,0.0
SN4 0QB,SEPD,HV,2,"TV3797,TV3925",10,2026-08-16T09:13:03Z,2026-08-16T13:00:57Z,0.0
SN4 0QG,SEPD,HV,2,"TV3797,TV3925",10,2026-08-16T09:13:03Z,2026-08-16T13:00:57Z,0.0
SN4 0QQ,SEPD,HV,2,"TV3797,TV3925",10,2026-08-16T09:13:03Z,2026-08-16T13:00:57Z,0.0
AB12 3GX,SHEPD,HV,1,TV1541,39,2026-08-14T07:44:18Z,2026-08-14T07:44:18Z,0.0
AB12 3JZ,SHEPD,HV,1,TV1541,39,2026-08-14T07:44:18Z,2026-08-14T07:44:18Z,0.0
AB12 3LE,SHEPD,HV,1,TV1541,39,2026-08-14T07:44:18Z,2026-08-14T07:44:18Z,0.0
AB12 3LF,SHEPD,HV,1,TV1541,39,2026-08-14T07:44:18Z,2026-08-14T07:44:18Z,0.0
AB12 3LG,SHEPD,HV,1,TV1541,39,2026-08-14T07:44:18Z,2026-08-14T07:44:18Z,0.0
AB12 3LY,SHEPD,HV,1,TV1541,39,2026-08-14T07:44:18Z,2026-08-14T07:44:18Z,0.0
AB12 3QY,SHEPD,HV,1,TV1541,39,2026-08-14T07:44:18Z,2026-08-14T07:44:18Z,0.0
AB13 0AB,SHEPD,HV,1,TU8124,1624,2026-08-12T12:25:59Z,2026-08-12T12:25:59Z,0.0
AB13 0AD,SHEPD,HV,1,TU8124,1624,2026-08-12T12:25:59Z,2026-08-12T12:25:59Z,0.0
AB13 0AE,SHEPD,HV,1,TU8124,1624,2026-08-12T12:25:59Z,2026-08-12T12:25:59Z,0.0
AB13 0AJ,SHEPD,HV,1,TU8124,1624,2026-08-12T12:25:59Z,2026-08-12T12:25:59Z,0.0
AB13 0AL,SHEPD,HV,1,TU8124,1624,2026-08-12T12:25:59Z,2026-08-12T12:25:59Z,0.0
AB13 0BF,SHEPD,HV,1,TU8124,1624,2026-08-12T12:25:59Z,2026-08-12T12:25:59Z,0.0
AB13 0BL,SHEPD,HV,1,TU8124,1624,2026-08-12T12:25:59Z,2026-08-12T12:25:59Z,0.0
AB13 0BN,SHEPD,HV,1,TU8124,1624,2026-08-12T12:25:59Z,2026-08-12T12:25:59Z,0.0
AB13 0BP,SHEPD,HV,1,TU8124,1624,2026-08-12T12:25:59Z,2026-08-12T12:25:59Z,0.0
AB13 0DH,SHEPD,HV,1,TU8124,1624,2026-08-12T12:25:59Z,2026-08-12T12:25:59Z,0.0
AB13 0DT,SHEPD,HV,1,TU8124,1624,2026-08-12T12:25:59Z,2026-08-12T12:25:59Z,0.0
AB13 0DU,SHEPD,HV,1,TU8124,1624,2026-08-12T12:25:59Z,2026-08-12T12:25:59Z,0.0
AB13 0EB,SHEPD,HV,1,TU8124,1624,2026-08-12T12:25:59Z,2026-08-12T12:25:59Z,0.0
AB13 0ED,SHEPD,HV,1,TU8124,1624,2026-08-12T12:25:59Z,2026-08-12T12:25:59Z,0.0
AB13 0EE,SHEPD,HV,1,TU8124,1624,2026-08-12T12:25:59Z,2026-08-12T12:25:59Z,0.0
AB13 0EF,SHEPD,HV,1,TU8124,1624,2026-08-12T12:25:59Z,2026-08-12T12:25:59Z,0.0
AB13 0EG,SHEPD,HV,1,TU8124,1624,2026-08-12T12:25:59Z,2026-08-12T12:25:59Z,0.0
AB13 0EH,SHEPD,HV,1,TU8124,1624,2026-08-12T12:25:59Z,2026-08-12T12:25:59Z,0.0
AB13 0EJ,SHEPD,HV,1,TU8124,1624,2026-08-12T12:25:59Z,2026-08-12T12:25:59Z,0.0
AB13 0EL,SHEPD,HV,1,TU8124,1624,2026-08-12T12:25:59Z,2026-08-12T12:25:59Z,0.0
AB13 0EN,SHEPD,HV,1,TU8124,1624,2026-08-12T12:25:59Z,2026-08-12T12:25:59Z,0.0
AB13 0EP,SHEPD,HV,1,TU8124,1624,2026-08-12T12:25:59Z,2026-08-12T12:25:59Z,0.0
AB13 0EU,SHEPD,HV,1,TU8124,1624,2026-08-12T12:25:59Z,2026-08-12T12:25:59Z,0.0
AB13 0EW,SHEPD,HV,1,TU8124,1624,2026-08-12T12:25:59Z,2026-08-12T12:25:59Z,0.0
AB13 0EY,SHEPD,HV,1,TU8124,1624,2026-08-12T12:25:59Z,2026-08-12T12:25:59Z,0.0
AB13 0EZ,SHEPD,HV,1,TU8124,1624,2026-08-12T12:25:59Z,2026-08-12T12:25:59Z,0.0
AB13 0HF,SHEPD,HV,1,TU8124,1624,2026-08-12T12:25:59Z,2026-08-12T12:25:59Z,0.0
AB13 0HP,SHEPD,HV,1,TU8124,1624,2026-08-12T12:25:59Z,2026-08-12T12:25:59Z,0.0
AB13 0HQ,SHEPD,HV,1,TU8124,1624,2026-08-12T12:25:59Z,2026-08-12T12:25:59Z,0.0
AB13 0HU,SHEPD,HV,1,TU8124,1624,2026-08-12T12:25:59Z,2026-08-12T12:25:59Z,0.0
AB13 0JA,SHEPD,HV,1,TU8124,1624,2026-08-12T12:25:59Z,2026-08-12T12:25:59Z,0.0
AB13 0JB,SHEPD,HV,1,TU8124,1624,2026-08-12T12:25:59Z,2026-08-12T12:25:59Z,0.0
AB13 0JD,SHEPD,HV,1,TU8124,1624,2026-08-12T12:25:59Z,2026-08-12T12:25:59Z,0.0
AB13 0JE,SHEPD,HV,1,TU8124,1624,2026-08-12T12:25:59Z,2026-08-12T12:25:59Z,0.0
AB13 0JG,SHEPD,HV,1,TU8124,1624,2026-08-12T12:25:59Z,2026-08-12T12:25:59Z,0.0
AB13 0JH,SHEPD,HV,1,TU8124,1624,2026-08-12T12:25:59Z,2026-08-12T12:25:59Z,0.0
AB13 0JJ,SHEPD,HV,1,TU8124,1624,2026-08-12T12:25:59Z,2026-08-12T12:25:59Z,0.0
AB13 0JL,SHEPD,HV,1,TU8124,1624,2026-08-12T12:25:59Z,2026-08-12T12:25:59Z,0.0
AB13 0JT,SHEPD,HV,1,TU8124,1624,2026-08-12T12:25:59Z,2026-08-12T12:25:59Z,0.0
AB13 0JU,SHEPD,HV,1,TU8124,1624,2026-08-12T12:25:59Z,2026-08-12T12:25:59Z,0.0
AB13 0JW,SHEPD,HV,1,TU8124,1624,2026-08-12T12:25:59Z,2026-08-12T12:25:59Z,0.0
AB13 0JX,SHEPD,HV,1,TU8124,1624,2026-08-12T12:25:59Z,2026-08-12T12:25:59Z,0.0
AB13 0JY,SHEPD,HV,1,TU8124,1624,2026-08-12T12:25:59Z,2026-08-12T12:25:59Z,0.0
AB13 0JZ,SHEPD,HV,1,TU8124,1624,2026-08-12T12:25:59Z,2026-08-12T12:25:59Z,0.0
AB13 0NQ,SHEPD,HV,1,TU8124,1624,2026-08-12T12:25:59Z,2026-08-12T12:25:59Z,0.0
AB14 0LH,SHEPD,HV,1,TU8124,1624,2026-08-12T12:25:59Z,2026-08-12T12:25:59Z,0.0
AB14 0LR,SHEPD,HV,1,TU8124,1624,2026-08-12T12:25:59Z,2026-08-12T12:25:59Z,0.0
AB14 0NE,SHEPD,HV,1,TU8124,1624,2026-08-12T12:25:59Z,2026-08-12T12:25:59Z,0.0
AB14 0PT,SHEPD,HV,1,TU8124,1624,2026-08-12T12:25:59Z,2026-08-12T12:25:59Z,0.0
AB14 0QB,SHEPD,HV,1,TU8124,1624,2026-08-12T12:25:59Z,2026-08-12T12:25:59Z,0.0
AB14 0QD,SHEPD,HV,1,TU8124,1624,2026-08-12T12:25:59Z,2026-08-12T12:25:59Z,0.0
AB14 0QG,SHEPD,HV,1,TU8124,1624,2026-08-12T12:25:59Z,2026-08-12T12:25:59Z,0.0
AB14 0QJ,SHEPD,HV,1,TU8124,1624,2026-08-12T12:25:59Z,2026-08-12T12:25:59Z,0.0
AB14 0QL,SHEPD,HV,1,TU8124,1624,2026-08-12T12:25:59Z,2026-08-12T12:25:59Z,0.0
AB14 0QN,SHEPD,HV,1,TU8124,1624,2026-08-12T12:25:59Z,2026-08-12T12:25:59Z,0.0
AB14 0QP,SHEPD,HV,1,TU8124,1624,2026-08-12T12:25:59Z,2026-08-12T12:25:59Z,0.0
AB14 0QQ,SHEPD,HV,1,TU8124,1624,2026-08-12T12:25:59Z,2026-08-12T12:25:59Z,0.0
AB14 0QR,SHEPD,HV,1,TU8124,1624,2026-08-12T12:25:59Z,2026-08-12T12:25:59Z,0.0
AB14 0QS,SHEPD,HV,1,TU8124,1624,2026-08-12T12:25:59Z,2026-08-12T12:25:59Z,0.0
AB14 0QT,SHEPD,HV,1,TU8124,1624,2026-08-12T12:25:59Z,2026-08-12T12:25:59Z,0.0
AB14 0QU,SHEPD,HV,1,TU8124,1624,2026-08-12T12:25:59Z,2026-08-12T12:25:59Z,0.0
AB14 0QX,SHEPD,HV,1,TU8124,1624,2026-08-12T12:25:59Z,2026-08-12T12:25:59Z,0.0
AB14 0RA,SHEPD,HV,1,TU8124,1624,2026-08-12T12:25:59Z,2026-08-12T12:25:59Z,0.0
AB14 0RB,SHEPD,HV,1,TU8124,1624,2026-08-12T12:25:59Z,2026-08-12T12:25:59Z,0.0
AB14 0RD,SHEPD,HV,1,TU8124,1624,2026-08-12T12:25:59Z,2026-08-12T12:25:59Z,0.0
AB14 0RJ,SHEPD,HV,1,TU8124,1624,2026-08-12T12:25:59Z,2026-08-12T12:25:59Z,0.0
AB14 0RL,SHEPD,HV,1,TU8124,1624,2026-08-12T12:25:59Z,2026-08-12T12:25:59Z,0.0
AB14 0RN,SHEPD,HV,1,TU8124,1624,2026-08-12T12:25:59Z,2026-08-12T12:25:59Z,0.0
AB14 0RP,SHEPD,HV,1,TU8124,1624,2026-08-12T12:25:59Z,2026-08-12T12:25:59Z,0.0
AB14 0RQ,SHEPD,HV,1,TU8124,1624,2026-08-12T12:25:59Z,2026-08-12T12:25:59Z,0.0
AB14 0RR,SHEPD,HV,1,TU8124,1624,2026-08-12T12:25:59Z,2026-08-12T12:25:59Z,0.0
AB14 0RS,SHEPD,HV,1,TU8124,1624,2026-08-12T12:25:59Z,2026-08-12T12:25:59Z,0.0
AB14 0RT,SHEPD,HV,1,TU8124,1624,2026-08-12T12:25:59Z,2026-08-12T12:25:59Z,0.0
AB14 0RX,SHEPD,HV,1,TU8124,1624,2026-08-12T12:25:59Z,2026-08-12T12:25:59Z,0.0
AB14 0SA,SHEPD,HV,1,TU8124,1624,2026-08-12T12:25:59Z,2026-08-12T12:25:59Z,0.0
AB14 0SB,SHEPD,HV,1,TU8124,1624,2026-08-12T12:25:59Z,2026-08-12T12:25:59Z,0.0
AB14 0SD,SHEPD,HV,1,TU8124,1624,2026-08-12T12:25:59Z,2026-08-12T12:25:59Z,0.0
AB14 0SF,SHEPD,HV,1,TU8124,1624,2026-08-12T12:25:59Z,2026-08-12T12:25:59Z,0.0
AB14 0SG,SHEPD,HV,1,TU8124,1624,2026-08-12T12:25:59Z,2026-08-12T12:25:59Z,0.0
AB14 0SH,SHEPD,HV,1,TU8124,1624,2026-08-12T12:25:59Z,2026-08-12T12:25:59Z,0.0
AB14 0SJ,SHEPD,HV,1,TU8124,1624,2026-08-12T12:25:59Z,2026-08-12T12:25:59Z,0.0
AB14 0SL,SHEPD,HV,1,TU8124,1624,2026-08-12T12:25:59Z,2026-08-12T12:25:59Z,0.0
AB14 0SN,SHEPD,HV,1,TU8124,1624,2026-08-12T12:25:59Z,2026-08-12T12:25:59Z,0.0
AB14 0SP,SHEPD,HV,1,TU8124,1624,2026-08-12T12:25:59Z,2026-08-12T12:25:59Z,0.0
AB14 0SQ,SHEPD,HV,1,TU8124,1624,2026-08-12T12:25:59Z,2026-08-12T12:25:59Z,0.0
AB14 0SR,SHEPD,HV,1,TU8124,1624,2026-08-12T12:25:59Z,2026-08-12T12:25:59Z,0.0
AB14 0SS,SHEPD,HV,1,TU8124,1624,2026-08-12T12:25:59Z,2026-08-12T12:25:59Z,0.0
AB14 0ST,SHEPD,HV,1,TU8124,1624,2026-08-12T12:25:59Z,2026-08-12T12:25:59Z,0.0
AB14 0SX,SHEPD,HV,1,TU8124,1624,2026-08-12T12:25:59Z,2026-08-12T12:25:59Z,0.0
AB14 0TB,SHEPD,HV,1,TU8124,1624,2026-08-12T12:25:59Z,2026-08-12T12:25:59Z,0.0
AB14 0TD,SHEPD,HV,1,TU8124,1624,2026-08-12T12:25:59Z,2026-08-12T12:25:59Z,0.0
AB14 0TX,SHEPD,HV,1,TU8124,1624,2026-08-12T12:25:59Z,2026-08-12T12:25:59Z,0.0
AB14 0UB,SHEPD,HV,1,TU8124,1624,2026-08-12T12:25:59Z,2026-08-12T12:25:59Z,0.0
AB14 0UL,SHEPD,HV,1,TU8124,1624,2026-08-12T12:25:59Z,2026-08-12T12:25:59Z,0.0
AB15 7PL,SHEPD,HV,1,TU8124,1624,2026-08-12T12:25:59Z,2026-08-12T12:25:59Z,0.0
AB15 9ED,SHEPD,HV,1,TU8124,1624,2026-08-12T12:25:59Z,2026-08-12T12:25:59Z,0.0
AB31 5AE,SHEPD,HV,1,TU8124,1624,2026-08-12T12:25:59Z,2026-08-12T12:25:59Z,0.0
AB31 5AG,SHEPD,HV,1,TU8124,1624,2026-08-12T12:25:59Z,2026-08-12T12:25:59Z,0.0
AB31 5AH,SHEPD,HV,1,TU8124,1624,2026-08-12T12:25:59Z,2026-08-12T12:25:59Z,0.0
AB31 5AJ,SHEPD,HV,1,TU8124,1624,2026-08-12T12:25:59Z,2026-08-12T12:25:59Z,0.0
AB31 5AL,SHEPD,HV,1,TU8124,1624,2026-08-12T12:25:59Z,2026-08-12T12:25:59Z,0.0
AB31 5AN,SHEPD,HV,1,TU8124,1624,2026-08-12T12:25:59Z,2026-08-12T12:25:59Z,0.0
AB31 5AP,SHEPD,HV,1,TU8124,1624,2026-08-12T12:25:59Z,2026-08-12T12:25:59Z,0.0
AB31 5AQ,SHEPD,HV,1,TU8124,1624,2026-08-12T12:25:59Z,2026-08-12T12:25:59Z,0.0
AB31 5AT,SHEPD,HV,1,TU8124,1624,2026-08-12T12:25:59Z,2026-08-12T12:25:59Z,0.0
AB31 5AZ,SHEPD,HV,1,TU8124,1624,2026-08-12T12:25:59Z,2026-08-12T12:25:59Z,0.0
AB31 5EE,SHEPD,HV,1,TU8124,1624,2026-08-12T12:25:59Z,2026-08-12T12:25:59Z,0.0
AB31 5EP,SHEPD,HV,1,TU8124,1624,2026-08-12T12:25:59Z,2026-08-12T12:25:59Z,0.0
AB31 5ES,SHEPD,HV,1,TU8124,1624,2026-08-12T12:25:59Z,2026-08-12T12:25:59Z,0.0
AB31 5EW,SHEPD,HV,1,TU8124,1624,2026-08-12T12:25:59Z,2026-08-12T12:25:59Z,0.0
AB31 5EY,SHEPD,HV,1,TU8124,1624,2026-08-12T12:25:59Z,2026-08-12T12:25:59Z,0.0
AB31 5HA,SHEPD,HV,1,TU8124,1624,2026-08-12T12:25:59Z,2026-08-12T12:25:59Z,0.0
AB35,SHEPD,HV,1,TV3355,505,2026-08-15T15:40:16Z,2026-08-15T15:40:16Z,0.0
AB35 5AT,SHEPD,HV,1,TV3355,505,2026-08-15T15:40:16Z,2026-08-15T15:40:16Z,0.0
AB35 5NS,SHEPD,HV,1,TV3355,505,2026-08-15T15:40:16Z,2026-08-15T15:40:16Z,0.0
AB35 5QJ,SHEPD,HV,1,TV3355,505,2026-08-15T15:40:16Z,2026-08-15T15:40:16Z,0.0
AB35 5TS,SHEPD,HV,1,TV3355,505,2026-08-15T15:40:16Z,2026-08-15T15:40:16Z,0.0
AB35 5WP,SHEPD,HV,1,TV3355,505,2026-08-15T15:40:16Z,2026-08-15T15:40:16Z,0.0
AB35 5WR,SHEPD,HV,1,TV3355,505,2026-08-15T15:40:16Z,2026-08-15T15:40:16Z,0.0
AB35 5WS,SHEPD,HV,1,TV3355,505,2026-08-15T15:40:16Z,2026-08-15T15:40:16Z,0.0
AB35 5WT,SHEPD,HV,1,TV3355,505,2026-08-15T15:40:16Z,2026-08-15T15:40:16Z,0.0
AB35 5XG,SHEPD,HV,1,TV3355,505,2026-08-15T15:40:16Z,2026-08-15T15:40:16Z,0.0
AB35 5XR,SHEPD,HV,1,TV3355,505,2026-08-15T15:40:16Z,2026-08-15T15:40:16Z,0.0
AB35 5XS,SHEPD,HV,1,TV3355,505,2026-08-15T15:40:16Z,2026-08-15T15:40:16Z,0.0
AB35 5XX,SHEPD,HV,1,TV3355,505,2026-08-15T15:40:16Z,2026-08-15T15:40:16Z,0.0
AB35 5YA,SHEPD,HV,1,TV3355,505,2026-08-15T15:40:16Z,2026-08-15T15:40:16Z,0.0
AB35 5YB,SHEPD,HV,1,TV3355,505,2026-08-15T15:40:16Z,2026-08-15T15:40:16Z,0.0
AB35 5YE,SHEPD,HV,1,TV3355,505,2026-08-15T15:40:16Z,2026-08-15T15:40:16Z,0.0
AB35 5YF,SHEPD,HV,1,TV3355,505,2026-08-15T15:40:16Z,2026-08-15T15:40:16Z,0.0
AB35 5YG,SHEPD,HV,1,TV3355,505,2026-08-15T15:40:16Z,2026-08-15T15:40:16Z,0.0
AB35 5YH,SHEPD,HV,1,TV3355,505,2026-08-15T15:40:16Z,2026-08-15T15:40:16Z,0.0
AB35 5YJ,SHEPD,HV,1,TV3355,505,2026-08-15T15:40:16Z,2026-08-15T15:40:16Z,0.0
AB35 5YL,SHEPD,HV,1,TV3355,505,2026-08-15T15:40:16Z,2026-08-15T15:40:16Z,0.0
AB35 5YN,SHEPD,HV,1,TV3355,505,2026-08-15T15:40:16Z,2026-08-15T15:40:16Z,0.0
AB35 5YQ,SHEPD,HV,1,TV3355,505,2026-08-15T15:40:16Z,2026-08-15T15:40:16Z,0.0
AB35 5YS,SHEPD,HV,1,TV3355,505,2026-08-15T15:40:16Z,2026-08-15T15:40:16Z,0.0
AB35 5YT,SHEPD,HV,1,TV3355,505,2026-08-15T15:40:16Z,2026-08-15T15:40:16Z,0.0
AB35 5YU,SHEPD,HV,1,TV3355,505,2026-08-15T15:40:16Z,2026-08-15T15:40:16Z,0.0
AB35 5YW,SHEPD,HV,1,TV3355,505,2026-08-15T15:40:16Z,2026-08-15T15:40:16Z,0.0
AB35 5YX,SHEPD,HV,1,TV3355,505,2026-08-15T15:40:16Z,2026-08-15T15:40:16Z,0.0
AB35 5YY,SHEPD,HV,1,TV3355,505,2026-08-15T15:40:16Z,2026-08-15T15:40:16Z,0.0
AB35 5YZ,SHEPD,HV,1,TV3355,505,2026-08-15T15:40:16Z,2026-08-15T15:40:16Z,0.0
AB35 5ZP,SHEPD,HV,1,TV3355,505,2026-08-15T15:40:16Z,2026-08-15T15:40:16Z,0.0
AB35 5ZQ,SHEPD,HV,1,TV3355,505,2026-08-15T15:40:16Z,2026-08-15T15:40:16Z,0.0
AB35 5ZR,SHEPD,HV,1,TV3355,505,2026-08-15T15:40:16Z,2026-08-15T15:40:16Z,0.0
AB35 5ZS,SHEPD,HV,1,TV3355,505,2026-08-15T15:40:16Z,2026-08-15T15:40:16Z,0.0
AB42 4HS,SHEPD,HV,1,TV5897,18,2026-08-18T05:14:40Z,2026-08-18T05:14:40Z,0.0
AB42 4HY,SHEPD,HV,1,TV5897,18,2026-08-18T05:14:40Z,2026-08-18T05:14:40Z,0.0
AB42 4HZ,SHEPD,HV,1,TV5897,18,2026-08-18T05:14:40Z,2026-08-18T05:14:40Z,0.0
AB42 4JA,SHEPD,HV,1,TV5897,18,2026-08-18T05:14:40Z,2026-08-18T05:14:40Z,0.0
AB43 6RU,SHEPD,PSI,1,253673,5,2026-08-14T10:50:52Z,2026-08-14T10:50:52Z,0.0
AB43 7TU,SHEPD,PSI,1,253673,5,2026-08-14T10:50:52Z,2026-08-14T10:50:52Z,0.0
AB43 7TX,SHEPD,PSI,1,253673,5,2026-08-14T10:50:52Z,2026-08-14T10:50:52Z,0.0
AB43 8QQ,SHEPD,HV,1,TV3602,35,2026-08-16T03:54:09Z,2026-08-16T03:54:09Z,0.0
AB43 8UT,SHEPD,HV,1,TV3602,35,2026-08-16T03:54:09Z,2026-08-16T03:54:09Z,0.0
AB43 8UZ,SHEPD,HV,1,TV3602,35,2026-08-16T03:54:09Z,2026-08-16T03:54:09Z,0.0
AB51 5AX,SHEPD,HV,1,TV3471,32,2026-08-15T19:05:52Z,2026-08-15T19:05:52Z,0.0
AB51 5AY,SHEPD,HV,1,TV3471,32,2026-08-15T19:05:52Z,2026-08-15T19:05:52Z,0.0
AB51 8TR,SHEPD,HV,1,TV3471,32,2026-08-15T19:05:52Z,2026-08-15T19:05:52Z,0.0
AB51 8UJ,SHEPD,HV,1,TV3471,32,2026-08-15T19:05:52Z,2026-08-15T19:05:52Z,0.0
AB51 8UL,SHEPD,HV,1,TV3471,32,2026-08-15T19:05:52Z,2026-08-15T19:05:52Z,0.0
AB51 8UN,SHEPD,HV,1,TV3471,32,2026-08-15T19:05:52Z,2026-08-15T19:05:52Z,0.0
BA11 3NS,SEPD,LV,1,TV5685,10,2026-08-17T18:53:52Z,2026-08-17T18:53:52Z,0.0
BA11 3NY,SEPD,LV,1,TV5685,10,2026-08-17T18:53:52Z,2026-08-17T18:53:52Z,0.0
BA11 4AP,SEPD,LV,1,TV3846,15,2026-08-16T10:37:58Z,2026-08-16T10:37:58Z,0.0
BA11 4AR,SEPD,LV,1,TV3846,15,2026-08-16T10:37:58Z,2026-08-16T10:37:58Z,0.0
BA11 4AT,SEPD,LV,1,TV3846,15,2026-08-16T10:37:58Z,2026-08-16T10:37:58Z,0.0
BA12 7NY,SEPD,HV,1,TV4696,5,2026-08-17T07:35:37Z,2026-08-17T07:35:37Z,0.0
BA12 7NZ,SEPD,HV,1,TV4696,5,2026-08-17T07:35:37Z,2026-08-17T07:35:37Z,0.0
BA12 7PP,SEPD,HV,1,TV4696,5,2026-08-17T07:35:37Z,2026-08-17T07:35:37Z,0.0
BA12 7QJ,SEPD,HV,1,TV4696,5,2026-08-17T07:35:37Z,2026-08-17T07:35:37Z,0.0
BA12 7QN,SEPD,HV,1,TV4696,5,2026-08-17T07:35:37Z,2026-08-17T07:35:37Z,0.0
BA12 7QP,SEPD,HV,1,TV4696,5,2026-08-17T07:35:37Z,2026-08-17T07:35:37Z,0.0
BA12 7QR,SEPD,HV,1,TV4696,5,2026-08-17T07:35:37Z,2026-08-17T07:35:37Z,0.0
BA12 7QS,SEPD,HV,1,TV4696,5,2026-08-17T07:35:37Z,2026-08-17T07:35:37Z,0.0
BA12 7QT,SEPD,HV,1,TV4696,5,2026-08-17T07:35:37Z,2026-08-17T07:35:37Z,0.0
BA12 7QU,SEPD,HV,1,TV4696,5,2026-08-17T07:35:37Z,2026-08-17T07:35:37Z,0.0
BA12 7QW,SEPD,HV,1,TV4696,5,2026-08-17T07:35:37Z,2026-08-17T07:35:37Z,0.0
BA12 7QY,SEPD,HV,1,TV4696,5,2026-08-17T07:35:37Z,2026-08-17T07:35:37Z,0.0
BA12 7QZ,SEPD,HV,1,TV4696,5,2026-08-17T07:35:37Z,2026-08-17T07:35:37Z,0.0
BA12 7RE,SEPD,HV,1,TV4696,5,2026-08-17T07:35:37Z,2026-08-17T07:35:37Z,0.0
BA12 7RF,SEPD,HV,1,TV4696,5,2026-08-17T07:35:37Z,2026-08-17T07:35:37Z,0.0
BA22 9UL,SEPD,LV,1,TV4683,10,2026-08-17T08:23:42Z,2026-08-17T08:23:42Z,0.0
BH18 8EG,SEPD,HV,1,TV5514,85,2026-08-17T16:00:25Z,2026-08-17T16:00:25Z,0.0
BH18 8EJ,SEPD,HV,1,TV5514,85,2026-08-17T16:00:25Z,2026-08-17T16:00:25Z,0.0
BH21 5RY,SEPD,HV,1,TV0791,1258,2026-08-13T14:47:49Z,2026-08-13T14:47:49Z,0.0
BH21 5RZ,SEPD,HV,1,TV0791,1258,2026-08-13T14:47:49Z,2026-08-13T14:47:49Z,0.0
BH22 0AQ,SEPD,PSI,1,253374,5,2026-08-13T14:47:49Z,2026-08-13T14:47:49Z,0.0
BH22 8AP,SEPD,LV,1,TV0674,12,2026-08-13T14:47:49Z,2026-08-13T14:47:49Z,0.0
BH22 8AS,SEPD,LV,1,TV0674,12,2026-08-13T14:47:49Z,2026-08-13T14:47:49Z,0.0
BH22 8AT,SEPD,LV,1,TV0674,12,2026-08-13T14:47:49Z,2026-08-13T14:47:49Z,0.0
BH22 8AU,SEPD,LV,1,TV0674,12,2026-08-13T14:47:49Z,2026-08-13T14:47:49Z,0.0
BH22 8AW,SEPD,LV,1,TV0674,12,2026-08-13T14:47:49Z,2026-08-13T14:47:49Z,0.0
BH22 8BA,SEPD,LV,1,TV0674,12,2026-08-13T14:47:49Z,2026-08-13T14:47:49Z,0.0
DD10 0HY,SHEPD,HV,1,TV2657,11,2026-08-14T19:55:14Z,2026-08-14T19:55:14Z,0.0
DD2 5FA,SHEPD,LV,1,TV2034,12,2026-08-14T11:34:59Z,2026-08-14T11:34:59Z,0.0
DD2 5FG,SHEPD,LV,1,TV2034,12,2026-08-14T11:34:59Z,2026-08-14T11:34:59Z,0.0
DD2 5FN,SHEPD,LV,1,TV2092,24,2026-08-14T11:34:59Z,2026-08-14T11:34:59Z,0.0
DD2 5FQ,SHEPD,LV,1,TV2092,24,2026-08-14T11:34:59Z,2026-08-14T11:34:59Z,0.0
DD2 5FT,SHEPD,LV,1,TV2092,24,2026-08-14T11:34:59Z,2026-08-14T11:34:59Z,0.0
DD2 5FU,SHEPD,LV,1,TV2092,24,2026-08-14T11:34:59Z,2026-08-14T11:34:59Z,0.0
DD2 5FY,SHEPD,LV,1,TV2092,24,2026-08-14T11:34:59Z,2026-08-14T11:34:59Z,0.0
DD2 5FZ,SHEPD,LV,1,TV2034,12,2026-08-14T11:34:59Z,2026-08-14T11:34:59Z,0.0
DD2 5GG,SHEPD,LV,1,TV2092,24,2026-08-14T11:34:59Z,2026-08-14T11:34:59Z,0.0
DD2 5GJ,SHEPD,LV,1,TV2034,12,2026-08-14T11:34:59Z,2026-08-14T11:34:59Z,0.0
DD2 5GP,SHEPD,LV,1,TV2095,9,2026-08-14T11:34:59Z,2026-08-14T11:34:59Z,0.0
DD2 5GT,SHEPD,LV,1,TV2095,9,2026-08-14T11:34:59Z,2026-08-14T11:34:59Z,0.0
DD2 5GU,SHEPD,LV,1,TV2095,9,2026-08-14T11:34:59Z,2026-08-14T11:34:59Z,0.0
DD2 5GW,SHEPD,LV,1,TV2095,9,2026-08-14T11:34:59Z,2026-08-14T11:34:59Z,0.0
DD3 0QF,SHEPD,LV,1,TV3289,2,2026-08-15T13:58:41Z,2026-08-15T13:58:41Z,0.0
DD4 9QH,SHEPD,LV,1,TU9520,5,2026-08-13T14:47:49Z,2026-08-13T14:47:49Z,0.0
DD4 9QX,SHEPD,LV,1,TU9520,5,2026-08-13T14:47:49Z,2026-08-13T14:47:49Z,0.0
DD4 9RA,SHEPD,LV,1,TV3289,2,2026-08-15T13:58:41Z,2026-08-15T13:58:41Z,0.0
DD9 6RN,SHEPD,HV,1,TV3705,13,2026-08-16T07:04:49Z,2026-08-16T07:04:49Z,0.0
DD9 6SH,SHEPD,HV,1,TV3705,13,2026-08-16T07:04:49Z,2026-08-16T07:04:49Z,0.0
DD9 6SJ,SHEPD,HV,1,TV3705,13,2026-08-16T07:04:49Z,2026-08-16T07:04:49Z,0.0
DD9 6SL,SHEPD,HV,1,TV3705,13,2026-08-16T07:04:49Z,2026-08-16T07:04:49Z,0.0
DD9 6SN,SHEPD,HV,1,TV3705,13,2026-08-16T07:04:49Z,2026-08-16T07:04:49Z,0.0
DD9 6SW,SHEPD,HV,1,TV3705,13,2026-08-16T07:04:49Z,2026-08-16T07:04:49Z,0.0
DD9 6SY,SHEPD,HV,1,TV3705,13,2026-08-16T07:04:49Z,2026-08-16T07:04:49Z,0.0
DD9 6SZ,SHEPD,HV,1,TV3705,13,2026-08-16T07:04:49Z,2026-08-16T07:04:49Z,0.0
DD9 6TR,SHEPD,HV,1,TV3705,13,2026-08-16T07:04:49Z,2026-08-16T07:04:49Z,0.0
DD9 6TS,SHEPD,HV,1,TV3705,13,2026-08-16T07:04:49Z,2026-08-16T07:04:49Z,0.0
DD9 6TX,SHEPD,HV,1,TV3705,13,2026-08-16T07:04:49Z,2026-08-16T07:04:49Z,0.0
DD9 6TY,SHEPD,HV,1,TV3705,13,2026-08-16T07:04:49Z,2026-08-16T07:04:49Z,0.0
DD9 6UL,SHEPD,HV,1,TV3705,13,2026-08-16T07:04:49Z,2026-08-16T07:04:49Z,0.0
DD9 6UN,SHEPD,HV,1,TV3705,13,2026-08-16T07:04:49Z,2026-08-16T07:04:49Z,0.0
DD9 6UP,SHEPD,HV,1,TV3705,13,2026-08-16T07:04:49Z,2026-08-16T07:04:49Z,0.0
DD9 6UW,SHEPD,HV,1,TV3705,13,2026-08-16T07:04:49Z,2026-08-16T07:04:49Z,0.0
DT11 8BZ,SEPD,HV,1,TV0791,1258,2026-08-13T14:47:49Z,2026-08-13T14:47:49Z,0.0
DT11 8DA,SEPD,HV,1,TV0791,1258,2026-08-13T14:47:49Z,2026-08-13T14:47:49Z,0.0
DT11 8DB,SEPD,HV,1,TV0791,1258,2026-08-13T14:47:49Z,2026-08-13T14:47:49Z,0.0
DT11 8DD,SEPD,HV,1,TV0791,1258,2026-08-13T14:47:49Z,2026-08-13T14:47:49Z,0.0
DT11 8DE,SEPD,HV,1,TV0791,1258,2026-08-13T14:47:49Z,2026-08-13T14:47:49Z,0.0
DT11 8DF,SEPD,HV,1,TV0791,1258,2026-08-13T14:47:49Z,2026-08-13T14:47:49Z,0.0
DT11 8DG,SEPD,HV,1,TV0791,1258,2026-08-13T14:47:49Z,2026-08-13T14:47:49Z,0.0
DT11 8DH,SEPD,HV,1,TV0791,1258,2026-08-13T14:47:49Z,2026-08-13T14:47:49Z,0.0
DT11 8DL,SEPD,HV,1,TV0791,1258,2026-08-13T14:47:49Z,2026-08-13T14:47:49Z,0.0
DT11 8DN,SEPD,HV,1,TV0791,1258,2026-08-13T14:47:49Z,2026-08-13T14:47:49Z,0.0
DT11 8DQ,SEPD,HV,1,TV0791,1258,2026-08-13T14:47:49Z,2026-08-13T14:47:49Z,0.0
DT11 8FQ,SEPD,HV,1,TV0791,1258,2026-08-13T14:47:49Z,2026-08-13T14:47:49Z,0.0
DT11 8JJ,SEPD,HV,1,TV0791,1258,2026-08-13T14:47:49Z,2026-08-13T14:47:49Z,0.0
DT11 8JN,SEPD,HV,1,TV0791,1258,2026-08-13T14:47:49Z,2026-08-13T14:47:49Z,0.0
DT11 8JP,SEPD,HV,1,TV0791,1258,2026-08-13T14:47:49Z,2026-08-13T14:47:49Z,0.0
DT11 8JQ,SEPD,HV,1,TV0791,1258,2026-08-13T14:47:49Z,2026-08-13T14:47:49Z,0.0
DT11 8JR,SEPD,HV,1,TV0791,1258,2026-08-13T14:47:49Z,2026-08-13T14:47:49Z,0.0
DT11 8JS,SEPD,HV,1,TV0791,1258,2026-08-13T14:47:49Z,2026-08-13T14:47:49Z,0.0
DT11 8JU,SEPD,HV,1,TV0791,1258,2026-08-13T14:47:49Z,2026-08-13T14:47:49Z,0.0
DT9 3HP,SEPD,LV,1,TV6776,41,2026-08-18T11:59:52Z,2026-08-18T11:59:52Z,0.0
DT9 3NX,SEPD,LV,1,TV6776,41,2026-08-18T11:59:52Z,2026-08-18T11:59:52Z,0.0
DT9 3PH,SEPD,LV,1,TV6776,41,2026-08-18T11:59:52Z,2026-08-18T11:59:52Z,0.0
DT9 3PL,SEPD,LV,1,TV6776,41,2026-08-18T11:59:52Z,2026-08-18T11:59:52Z,0.0
DT9 3PN,SEPD,LV,1,TV6776,41,2026-08-18T11:59:52Z,2026-08-18T11:59:52Z,0.0
DT9 3PW,SEPD,LV,1,TV6776,41,2026-08-18T11:59:52Z,2026-08-18T11:59:52Z,0.0
DT9 3QJ,SEPD,LV,1,TV6776,41,2026-08-18T11:59:52Z,2026-08-18T11:59:52Z,0.0
DT9 4BA,SEPD,LV,1,TV6776,41,2026-08-18T11:59:52Z,2026-08-18T11:59:52Z,0.0
DT9 4DG,SEPD,LV,1,TV6776,41,2026-08-18T11:59:52Z,2026-08-18T11:59:52Z,0.0
GU10 3NY,SEPD,LV,1,TV3481,15,2026-08-15T19:05:52Z,2026-08-15T19:05:52Z,0.0
GU10 3PE,SEPD,LV,1,TV3481,15,2026-08-15T19:05:52Z,2026-08-15T19:05:52Z,0.0
GU10 3PF,SEPD,LV,1,TV3481,15,2026-08-15T19:05:52Z,2026-08-15T19:05:52Z,0.0
GU10 3PG,SEPD,LV,1,TV3481,15,2026-08-15T19:05:52Z,2026-08-15T19:05:52Z,0.0
GU10 3PH,SEPD,LV,1,TV3481,15,2026-08-15T19:05:52Z,2026-08-15T19:05:52Z,0.0
GU10 3PY,SEPD,LV,1,TV3481,15,2026-08-15T19:05:52Z,2026-08-15T19:05:52Z,0.0
GU10 3QN,SEPD,LV,1,TV3481,15,2026-08-15T19:05:52Z,2026-08-15T19:05:52Z,0.0
GU15 2BQ,SEPD,LV,1,TV0539,10,2026-08-13T12:04:05Z,2026-08-13T12:04:05Z,0.0
GU15 2BS,SEPD,LV,1,TV0539,10,2026-08-13T12:04:05Z,2026-08-13T12:04:05Z,0.0
GU15 2BT,SEPD,LV,1,TV0539,10,2026-08-13T12:04:05Z,2026-08-13T12:04:05Z,0.0
GU24 8SJ,SEPD,HV,1,TV4640,198,2026-08-17T06:30:45Z,2026-08-17T06:30:45Z,0.0
GU25 4JP,SEPD,HV,1,TV4640,198,2026-08-17T06:30:45Z,2026-08-17T06:30:45Z,0.0
GU25 4JR,SEPD,HV,1,TV4640,198,2026-08-17T06:30:45Z,2026-08-17T06:30:45Z,0.0
GU25 4JS,SEPD,HV,1,TV4640,198,2026-08-17T06:30:45Z,2026-08-17T06:30:45Z,0.0
GU25 4JT,SEPD,HV,1,TV4640,198,2026-08-17T06:30:45Z,2026-08-17T06:30:45Z,0.0
GU25 4JU,SEPD,HV,1,TV4640,198,2026-08-17T06:30:45Z,2026-08-17T06:30:45Z,0.0
GU25 4JY,SEPD,HV,1,TV4640,198,2026-08-17T06:30:45Z,2026-08-17T06:30:45Z,0.0
GU25 4JZ,SEPD,HV,1,TV4640,198,2026-08-17T06:30:45Z,2026-08-17T06:30:45Z,0.0
GU25 4LS,SEPD,HV,1,TV4640,198,2026-08-17T06:30:45Z,2026-08-17T06:30:45Z,0.0
GU25 4LY,SEPD,HV,1,TV4640,198,2026-08-17T06:30:45Z,2026-08-17T06:30:45Z,0.0
GU25 4LZ,SEPD,HV,1,TV4640,198,2026-08-17T06:30:45Z,2026-08-17T06:30:45Z,0.0
GU25 4NA,SEPD,HV,1,TV4640,198,2026-08-17T06:30:45Z,2026-08-17T06:30:45Z,0.0
GU25 4ND,SEPD,HV,1,TV4640,198,2026-08-17T06:30:45Z,2026-08-17T06:30:45Z,0.0
GU25 4NF,SEPD,HV,1,TV4640,198,2026-08-17T06:30:45Z,2026-08-17T06:30:45Z,0.0
GU25 4NG,SEPD,HV,1,TV4640,198,2026-08-17T06:30:45Z,2026-08-17T06:30:45Z,0.0
GU25 4NH,SEPD,HV,1,TV4640,198,2026-08-17T06:30:45Z,2026-08-17T06:30:45Z,0.0
GU25 4NJ,SEPD,HV,1,TV4640,198,2026-08-17T06:30:45Z,2026-08-17T06:30:45Z,0.0
GU25 4NL,SEPD,HV,1,TV4640,198,2026-08-17T06:30:45Z,2026-08-17T06:30:45Z,0.0
GU25 4NN,SEPD,HV,1,TV4640,198,2026-08-17T06:30:45Z,2026-08-17T06:30:45Z,0.0
GU25 4NP,SEPD,HV,1,TV4640,198,2026-08-17T06:30:45Z,2026-08-17T06:30:45Z,0.0
GU25 4NQ,SEPD,HV,1,TV4640,198,2026-08-17T06:30:45Z,2026-08-17T06:30:45Z,0.0
GU25 4NR,SEPD,HV,1,TV4640,198,2026-08-17T06:30:45Z,2026-08-17T06:30:45Z,0.0
GU25 4NS,SEPD,HV,1,TV4640,198,2026-08-17T06:30:45Z,2026-08-17T06:30:45Z,0.0
GU25 4NT,SEPD,HV,1,TV4640,198,2026-08-17T06:30:45Z,2026-08-17T06:30:45Z,0.0
GU25 4NU,SEPD,HV,1,TV4640,198,2026-08-17T06:30:45Z,2026-08-17T06:30:45Z,0.0
GU25 4NW,SEPD,HV,1,TV4640,198,2026-08-17T06:30:45Z,2026-08-17T06:30:45Z,0.0
GU25 4NX,SEPD,HV,1,TV4640,198,2026-08-17T06:30:45Z,2026-08-17T06:30:45Z,0.0
GU25 4NY,SEPD,HV,1,TV4640,198,2026-08-17T06:30:45Z,2026-08-17T06:30:45Z,0.0
GU25 4NZ,SEPD,HV,1,TV4640,198,2026-08-17T06:30:45Z,2026-08-17T06:30:45Z,0.0
GU27 3BN,SEPD,LV,1,TV5162,4,2026-08-17T11:35:25Z,2026-08-17T11:35:25Z,0.0
GU27 3BS,SEPD,LV,1,TV5162,4,2026-08-17T11:35:25Z,2026-08-17T11:35:25Z,0.0
GU27 3FL,SEPD,LV,1,TV5162,4,2026-08-17T11:35:25Z,2026-08-17T11:35:25Z,0.0
HA2 8NR,SEPD,HV,1,TV3983,152,2026-08-16T16:42:14Z,2026-08-16T16:42:14Z,0.0
HA2 8NS,SEPD,HV,1,TV3983,152,2026-08-16T16:42:14Z,2026-08-16T16:42:14Z,0.0
HA2 8NT,SEPD,HV,1,TV3983,152,2026-08-16T16:42:14Z,2026-08-16T16:42:14Z,0.0
HA2 8NU,SEPD,HV,1,TV3983,152,2026-08-16T16:42:14Z,2026-08-16T16:42:14Z,0.0
HA2 8NX,SEPD,HV,1,TV3983,152,2026-08-16T16:42:14Z,2026-08-16T16:42:14Z,0.0
HP10 9RS,SEPD,LV,1,TV4902,4,2026-08-17T09:57:52Z,2026-08-17T09:57:52Z,0.0
HP15 7HP,SEPD,HV,1,TV3271,25,2026-08-15T12:54:42Z,2026-08-15T12:54:42Z,0.0
HP15 7LH,SEPD,HV,1,TV3271,25,2026-08-15T12:54:42Z,2026-08-15T12:54:42Z,0.0
HP15 7LN,SEPD,HV,1,TV3271,25,2026-08-15T12:54:42Z,2026-08-15T12:54:42Z,0.0
HP15 7LP,SEPD,HV,1,TV3271,25,2026-08-15T12:54:42Z,2026-08-15T12:54:42Z,0.0
HP15 7LR,SEPD,HV,1,TV3271,25,2026-08-15T12:54:42Z,2026-08-15T12:54:42Z,0.0
HP15 7LS,SEPD,HV,1,TV3271,25,2026-08-15T12:54:42Z,2026-08-15T12:54:42Z,0.0
HP15 7LW,SEPD,HV,1,TV3271,25,2026-08-15T12:54:42Z,2026-08-15T12:54:42Z,0.0
HP15 7LY,SEPD,HV,1,TV3271,25,2026-08-15T12:54:42Z,2026-08-15T12:54:42Z,0.0
HP15 7LZ,SEPD,HV,1,TV3271,25,2026-08-15T12:54:42Z,2026-08-15T12:54:42Z,0.0
HP15 7UP,SEPD,HV,1,TV3271,25,2026-08-15T12:54:42Z,2026-08-15T12:54:42Z,0.0
IV13 7XX,SHEPD,HV,1,TV0501,27,2026-08-13T12:04:05Z,2026-08-13T12:04:05Z,0.0
IV13 7XY,SHEPD,HV,1,TV0501,27,2026-08-13T12:04:05Z,2026-08-13T12:04:05Z,0.0
IV13 7YR,SHEPD,HV,1,TV0501,27,2026-08-13T12:04:05Z,2026-08-13T12:04:05Z,0.0
KA27 8SD,SHEPD,LV,1,TV6319,20,2026-08-18T10:37:14Z,2026-08-18T10:37:14Z,0.0
KA28 0HA,SHEPD,HV,1,TV2635,6,2026-08-14T19:06:05Z,2026-08-14T19:06:05Z,0.0
KW14 7QW,SHEPD,HV,1,TV4710,13,2026-08-17T08:23:42Z,2026-08-17T08:23:42Z,0.0
KW17 2EY,SHEPD,HV,1,TU9305,25,2026-08-12T16:08:17Z,2026-08-12T16:08:17Z,0.0
KW17 2HF,SHEPD,HV,1,TU9305,25,2026-08-12T16:08:17Z,2026-08-12T16:08:17Z,0.0
KW17 2HG,SHEPD,HV,1,TU9305,25,2026-08-12T16:08:17Z,2026-08-12T16:08:17Z,0.0
KW17 2NZ,SHEPD,HV,1,TU9305,25,2026-08-12T16:08:17Z,2026-08-12T16:08:17Z,0.0
OX1 2AW,SEPD,HV,1,TV2181,630,2026-08-14T12:27:54Z,2026-08-14T12:27:54Z,0.0
OX1 2AX,SEPD,HV,1,TV2181,630,2026-08-14T12:27:54Z,2026-08-14T12:27:54Z,0.0
OX1 2BX,SEPD,HV,1,TV2181,630,2026-08-14T12:27:54Z,2026-08-14T12:27:54Z,0.0
OX1 2DA,SEPD,HV,1,TV2181,630,2026-08-14T12:27:54Z,2026-08-14T12:27:54Z,0.0
OX1 2DE,SEPD,LV,1,TV3301,18,2026-08-15T15:40:16Z,2026-08-15T15:40:16Z,0.0
OX1 2DH,SEPD,LV,1,TV3301,18,2026-08-15T15:40:16Z,2026-08-15T15:40:16Z,0.0
OX1 2DL,SEPD,LV,1,TV3301,18,2026-08-15T15:40:16Z,2026-08-15T15:40:16Z,0.0
OX1 2DR,SEPD,LV,1,TV3301,18,2026-08-15T15:40:16Z,2026-08-15T15:40:16Z,0.0
OX1 2DS,SEPD,LV,1,TV3301,18,2026-08-15T15:40:16Z,2026-08-15T15:40:16Z,0.0
OX1 2DU,SEPD,LV,1,TV3301,18,2026-08-15T15:40:16Z,2026-08-15T15:40:16Z,0.0
OX1 2EB,SEPD,LV,1,TV3301,18,2026-08-15T15:40:16Z,2026-08-15T15:40:16Z,0.0
OX1 2HB,SEPD,HV,1,TV2181,630,2026-08-14T12:27:54Z,2026-08-14T12:27:54Z,0.0
OX1 2HQ,SEPD,HV,1,TV2181,630,2026-08-14T12:27:54Z,2026-08-14T12:27:54Z,0.0
OX1 2JG,SEPD,HV,1,TV2181,630,2026-08-14T12:27:54Z,2026-08-14T12:27:54Z,0.0
OX1 2JJ,SEPD,HV,1,TV2181,630,2026-08-14T12:27:54Z,2026-08-14T12:27:54Z,0.0
OX1 2JL,SEPD,HV,1,TV2181,630,2026-08-14T12:27:54Z,2026-08-14T12:27:54Z,0.0
OX1 2JN,SEPD,HV,1,TV2181,630,2026-08-14T12:27:54Z,2026-08-14T12:27:54Z,0.0
OX1 2JQ,SEPD,HV,1,TV2181,630,2026-08-14T12:27:54Z,2026-08-14T12:27:54Z,0.0
OX1 2JW,SEPD,HV,1,TV2181,630,2026-08-14T12:27:54Z,2026-08-14T12:27:54Z,0.0
OX1 2LF,SEPD,HV,1,TV2181,630,2026-08-14T12:27:54Z,2026-08-14T12:27:54Z,0.0
OX1 2LL,SEPD,HV,1,TV2181,630,2026-08-14T12:27:54Z,2026-08-14T12:27:54Z,0.0
OX1 2LW,SEPD,HV,1,TV2181,630,2026-08-14T12:27:54Z,2026-08-14T12:27:54Z,0.0
OX1 2LZ,SEPD,HV,1,TV2181,630,2026-08-14T12:27:54Z,2026-08-14T12:27:54Z,0.0
OX1 2NA,SEPD,HV,1,TV2181,630,2026-08-14T12:27:54Z,2026-08-14T12:27:54Z,0.0
OX1 2NR,SEPD,HV,1,TV2181,630,2026-08-14T12:27:54Z,2026-08-14T12:27:54Z,0.0
OX1 2NY,SEPD,HV,1,TV2181,630,2026-08-14T12:27:54Z,2026-08-14T12:27:54Z,0.0
OX1 2PJ,SEPD,HV,1,TV2181,630,2026-08-14T12:27:54Z,2026-08-14T12:27:54Z,0.0
OX1 2PZ,SEPD,HV,1,TV2181,630,2026-08-14T12:27:54Z,2026-08-14T12:27:54Z,0.0
OX1 2QD,SEPD,LV,1,TV3301,18,2026-08-15T15:40:16Z,2026-08-15T15:40:16Z,0.0
OX1 2RL,SEPD,HV,1,TV2181,630,2026-08-14T12:27:54Z,2026-08-14T12:27:54Z,0.0
OX1 2RR,SEPD,LV,1,TV3301,18,2026-08-15T15:40:16Z,2026-08-15T15:40:16Z,0.0
OX1 3JB,SEPD,LV,1,TV3301,18,2026-08-15T15:40:16Z,2026-08-15T15:40:16Z,0.0
OX1 3LZ,SEPD,HV,1,TV2181,630,2026-08-14T12:27:54Z,2026-08-14T12:27:54Z,0.0
OX12 0BJ,SEPD,LV,1,TV6575,30,2026-08-18T11:01:30Z,2026-08-18T11:01:30Z,0.0
OX12 0BL,SEPD,LV,1,TV6575,30,2026-08-18T11:01:30Z,2026-08-18T11:01:30Z,0.0
OX12 0BX,SEPD,LV,1,TV6575,30,2026-08-18T11:01:30Z,2026-08-18T11:01:30Z,0.0
OX12 0BY,SEPD,LV,1,TV6575,30,2026-08-18T11:01:30Z,2026-08-18T11:01:30Z,0.0
OX12 0NF,SEPD,LV,1,TV6575,30,2026-08-18T11:01:30Z,2026-08-18T11:01:30Z,0.0
OX12 0NL,SEPD,LV,1,TV6575,30,2026-08-18T11:01:30Z,2026-08-18T11:01:30Z,0.0
OX12 0NQ,SEPD,LV,1,TV6575,30,2026-08-18T11:01:30Z,2026-08-18T11:01:30Z,0.0
OX12 8NJ,SEPD,LV,1,TV0617,5,2026-08-14T02:34:31Z,2026-08-14T02:34:31Z,0.0
OX12 8TA,SEPD,LV,1,TV0617,5,2026-08-14T02:34:31Z,2026-08-14T02:34:31Z,0.0
OX15 0SB,SEPD,LV,1,TV1560,16,2026-08-14T07:44:18Z,2026-08-14T07:44:18Z,0.0
OX15 0SD,SEPD,LV,1,TV1560,16,2026-08-14T07:44:18Z,2026-08-14T07:44:18Z,0.0
OX15 0SG,SEPD,LV,1,TV1560,16,2026-08-14T07:44:18Z,2026-08-14T07:44:18Z,0.0
OX15 0SQ,SEPD,LV,1,TV1560,16,2026-08-14T07:44:18Z,2026-08-14T07:44:18Z,0.0
OX15 0SY,SEPD,LV,1,TV2082,18,2026-08-14T11:34:59Z,2026-08-14T11:34:59Z,0.0
OX15 0SZ,SEPD,LV,1,TV2082,18,2026-08-14T11:34:59Z,2026-08-14T11:34:59Z,0.0
OX15 0TA,SEPD,LV,1,TV2082,18,2026-08-14T11:34:59Z,2026-08-14T11:34:59Z,0.0
OX15 0TD,SEPD,LV,1,TV1556,12,2026-08-14T07:44:18Z,2026-08-14T07:44:18Z,0.0
OX15 0TG,SEPD,LV,1,TV1560,16,2026-08-14T07:44:18Z,2026-08-14T07:44:18Z,0.0
OX15 4BE,SEPD,LV,1,TV1556,12,2026-08-14T07:44:18Z,2026-08-14T07:44:18Z,0.0
OX2 6AP,SEPD,HV,1,TV2181,630,2026-08-14T12:27:54Z,2026-08-14T12:27:54Z,0.0
OX2 6AT,SEPD,HV,1,TV2181,630,2026-08-14T12:27:54Z,2026-08-14T12:27:54Z,0.0
OX2 6AU,SEPD,HV,1,TV2181,630,2026-08-14T12:27:54Z,2026-08-14T12:27:54Z,0.0
OX2 6AY,SEPD,HV,1,TV2181,630,2026-08-14T12:27:54Z,2026-08-14T12:27:54Z,0.0
OX2 6AZ,SEPD,HV,1,TV2181,630,2026-08-14T12:27:54Z,2026-08-14T12:27:54Z,0.0
OX2 6BB,SEPD,HV,1,TV2181,630,2026-08-14T12:27:54Z,2026-08-14T12:27:54Z,0.0
OX2 6BD,SEPD,HV,1,TV2181,630,2026-08-14T12:27:54Z,2026-08-14T12:27:54Z,0.0
OX2 6BE,SEPD,HV,1,TV2181,630,2026-08-14T12:27:54Z,2026-08-14T12:27:54Z,0.0
OX2 6BN,SEPD,HV,1,TV2181,630,2026-08-14T12:27:54Z,2026-08-14T12:27:54Z,0.0
OX2 6BP,SEPD,HV,1,TV2181,630,2026-08-14T12:27:54Z,2026-08-14T12:27:54Z,0.0
OX2 6BQ,SEPD,HV,1,TV2181,630,2026-08-14T12:27:54Z,2026-08-14T12:27:54Z,0.0
OX2 6DP,SEPD,HV,1,TV2181,630,2026-08-14T12:27:54Z,2026-08-14T12:27:54Z,0.0
OX2 8ER,SEPD,HV,1,TV0580,14,2026-08-13T13:45:21Z,2026-08-13T13:45:21Z,0.0
OX20 1ET,SEPD,HV,1,TV5066,55,2026-08-17T12:59:19Z,2026-08-17T12:59:19Z,0.0
OX20 1QQ,SEPD,HV,1,TV5066,55,2026-08-17T12:59:19Z,2026-08-17T12:59:19Z,0.0
OX29 7AD,SEPD,HV,1,TU9089,11,2026-08-12T13:59:51Z,2026-08-12T13:59:51Z,0.0
OX29 7AE,SEPD,HV,1,TU9089,11,2026-08-12T13:59:51Z,2026-08-12T13:59:51Z,0.0
OX29 7DS,SEPD,HV,1,TU9089,11,2026-08-12T13:59:51Z,2026-08-12T13:59:51Z,0.0
OX29 7QH,SEPD,HV,1,TU9089,11,2026-08-12T13:59:51Z,2026-08-12T13:59:51Z,0.0
OX29 7QJ,SEPD,HV,1,TU9089,11,2026-08-12T13:59:51Z,2026-08-12T13:59:51Z,0.0
OX29 7QL,SEPD,HV,1,TU9089,11,2026-08-12T13:59:51Z,2026-08-12T13:59:51Z,0.0
OX29 7QN,SEPD,HV,1,TU9089,11,2026-08-12T13:59:51Z,2026-08-12T13:59:51Z,0.0
OX29 7QQ,SEPD,HV,1,TU9089,11,2026-08-12T13:59:51Z,2026-08-12T13:59:51Z,0.0
OX29 7QT,SEPD,HV,1,TU9089,11,2026-08-12T13:59:51Z,2026-08-12T13:59:51Z,0.0
OX29 7RH,SEPD,HV,1,TU9089,11,2026-08-12T13:59:51Z,2026-08-12T13:59:51Z,0.0
OX29 7RL,SEPD,HV,1,TU9089,11,2026-08-12T13:59:51Z,2026-08-12T13:59:51Z,0.0
OX29 7RN,SEPD,HV,1,TU9089,11,2026-08-12T13:59:51Z,2026-08-12T13:59:51Z,0.0
OX29 7RP,SEPD,HV,1,TU9089,11,2026-08-12T13:59:51Z,2026-08-12T13:59:51Z,0.0
OX29 7RQ,SEPD,HV,1,TU9089,11,2026-08-12T13:59:51Z,2026-08-12T13:59:51Z,0.0
OX29 7RR,SEPD,HV,1,TU9089,11,2026-08-12T13:59:51Z,2026-08-12T13:59:51Z,0.0
OX29 7RT,SEPD,HV,1,TU9089,11,2026-08-12T13:59:51Z,2026-08-12T13:59:51Z,0.0
OX3 0QD,SEPD,HV,1,TV0580,14,2026-08-13T13:45:21Z,2026-08-13T13:45:21Z,0.0
OX3 0QF,SEPD,HV,1,TV0580,14,2026-08-13T13:45:21Z,2026-08-13T13:45:21Z,0.0
OX3 0QG,SEPD,HV,1,TV0580,14,2026-08-13T13:45:21Z,2026-08-13T13:45:21Z,0.0
OX3 9RT,SEPD,HV,1,TV0580,14,2026-08-13T13:45:21Z,2026-08-13T13:45:21Z,0.0
OX3 9SN,SEPD,HV,1,TV0580,14,2026-08-13T13:45:21Z,2026-08-13T13:45:21Z,0.0
OX3 9SP,SEPD,HV,1,TV0580,14,2026-08-13T13:45:21Z,2026-08-13T13:45:21Z,0.0
OX3 9SR,SEPD,HV,1,TV0580,14,2026-08-13T13:45:21Z,2026-08-13T13:45:21Z,0.0
OX3 9SS,SEPD,HV,1,TV0580,14,2026-08-13T13:45:21Z,2026-08-13T13:45:21Z,0.0
OX3 9ST,SEPD,HV,1,TV0580,14,2026-08-13T13:45:21Z,2026-08-13T13:45:21Z,0.0
OX3 9SU,SEPD,HV,1,TV0580,14,2026-08-13T13:45:21Z,2026-08-13T13:45:21Z,0.0
OX3 9SW,SEPD,HV,1,TV0580,14,2026-08-13T13:45:21Z,2026-08-13T13:45:21Z,0.0
OX3 9TB,SEPD,HV,1,TV0580,14,2026-08-13T13:45:21Z,2026-08-13T13:45:21Z,0.0
OX3 9TD,SEPD,HV,1,TV0580,14,2026-08-13T13:45:21Z,2026-08-13T13:45:21Z,0.0
OX3 9TE,SEPD,HV,1,TV0580,14,2026-08-13T13:45:21Z,2026-08-13T13:45:21Z,0.0
OX3 9TF,SEPD,HV,1,TV0580,14,2026-08-13T13:45:21Z,2026-08-13T13:45:21Z,0.0
OX3 9TG,SEPD,HV,1,TV0580,14,2026-08-13T13:45:21Z,2026-08-13T13:45:21Z,0.0
OX3 9TH,SEPD,HV,1,TV0580,14,2026-08-13T13:45:21Z,2026-08-13T13:45:21Z,0.0
OX3 9TJ,SEPD,HV,1,TV0580,14,2026-08-13T13:45:21Z,2026-08-13T13:45:21Z,0.0
OX3 9TL,SEPD,HV,1,TV0580,14,2026-08-13T13:45:21Z,2026-08-13T13:45:21Z,0.0
OX3 9TN,SEPD,HV,1,TV0580,14,2026-08-13T13:45:21Z,2026-08-13T13:45:21Z,0.0
OX3 9TP,SEPD,HV,1,TV0580,14,2026-08-13T13:45:21Z,2026-08-13T13:45:21Z,0.0
OX3 9TQ,SEPD,HV,1,TV0580,14,2026-08-13T13:45:21Z,2026-08-13T13:45:21Z,0.0
OX3 9TS,SEPD,HV,1,TV0580,14,2026-08-13T13:45:21Z,2026-08-13T13:45:21Z,0.0
OX3 9TT,SEPD,HV,1,TV0580,14,2026-08-13T13:45:21Z,2026-08-13T13:45:21Z,0.0
OX3 9TU,SEPD,HV,1,TV0580,14,2026-08-13T13:45:21Z,2026-08-13T13:45:21Z,0.0
OX3 9TW,SEPD,HV,1,TV0580,14,2026-08-13T13:45:21Z,2026-08-13T13:45:21Z,0.0
OX3 9TX,SEPD,HV,1,TV0580,14,2026-08-13T13:45:21Z,2026-08-13T13:45:21Z,0.0
OX3 9TY,SEPD,HV,1,TV0580,14,2026-08-13T13:45:21Z,2026-08-13T13:45:21Z,0.0
OX3 9UA,SEPD,HV,1,TV0580,14,2026-08-13T13:45:21Z,2026-08-13T13:45:21Z,0.0
OX3 9UH,SEPD,HV,1,TV0580,14,2026-08-13T13:45:21Z,2026-08-13T13:45:21Z,0.0
OX3 9UJ,SEPD,HV,1,TV0580,14,2026-08-13T13:45:21Z,2026-08-13T13:45:21Z,0.0
OX3 9UL,SEPD,HV,1,TV0580,14,2026-08-13T13:45:21Z,2026-08-13T13:45:21Z,0.0
OX3 9UN,SEPD,HV,1,TV0580,14,2026-08-13T13:45:21Z,2026-08-13T13:45:21Z,0.0
OX3 9US,SEPD,HV,1,TV0580,14,2026-08-13T13:45:21Z,2026-08-13T13:45:21Z,0.0
OX3 9UT,SEPD,HV,1,TV0580,14,2026-08-13T13:45:21Z,2026-08-13T13:45:21Z,0.0
OX3 9UU,SEPD,HV,1,TV0580,14,2026-08-13T13:45:21Z,2026-08-13T13:45:21Z,0.0
OX3 9UW,SEPD,HV,1,TV0580,14,2026-08-13T13:45:21Z,2026-08-13T13:45:21Z,0.0
OX3 9UX,SEPD,HV,1,TV0580,14,2026-08-13T13:45:21Z,2026-08-13T13:45:21Z,0.0
OX3 9UY,SEPD,HV,1,TV0580,14,2026-08-13T13:45:21Z,2026-08-13T13:45:21Z,0.0
OX3 9UZ,SEPD,HV,1,TV0580,14,2026-08-13T13:45:21Z,2026-08-13T13:45:21Z,0.0
OX5 2QF,SEPD,HV,1,TV0580,14,2026-08-13T13:45:21Z,2026-08-13T13:45:21Z,0.0
OX5 2QH,SEPD,HV,1,TV0580,14,2026-08-13T13:45:21Z,2026-08-13T13:45:21Z,0.0
OX5 2QU,SEPD,HV,1,TV0580,14,2026-08-13T13:45:21Z,2026-08-13T13:45:21Z,0.0
OX5 2QX,SEPD,HV,1,TV0580,14,2026-08-13T13:45:21Z,2026-08-13T13:45:21Z,0.0
OX5 2QY,SEPD,HV,1,TV0580,14,2026-08-13T13:45:21Z,2026-08-13T13:45:21Z,0.0
OX5 2QZ,SEPD,HV,1,TV0580,14,2026-08-13T13:45:21Z,2026-08-13T13:45:21Z,0.0
OX5 2RA,SEPD,HV,1,TV0580,14,2026-08-13T13:45:21Z,2026-08-13T13:45:21Z,0.0
OX5 2RL,SEPD,HV,1,TV0580,14,2026-08-13T13:45:21Z,2026-08-13T13:45:21Z,0.0
OX5 2SB,SEPD,HV,1,TV0580,14,2026-08-13T13:45:21Z,2026-08-13T13:45:21Z,0.0
OX5 2TF,SEPD,HV,1,TV0580,14,2026-08-13T13:45:21Z,2026-08-13T13:45:21Z,0.0
OX5 2UQ,SEPD,HV,1,TV0580,14,2026-08-13T13:45:21Z,2026-08-13T13:45:21Z,0.0
OX5 3ER,SEPD,HV,1,TV5066,55,2026-08-17T12:59:19Z,2026-08-17T12:59:19Z,0.0
OX7 5PH,SEPD,HV,1,TU9676,3,2026-08-12T21:56:58Z,2026-08-12T21:56:58Z,0.0
OX7 5RB,SEPD,HV,1,TU9676,3,2026-08-12T21:56:58Z,2026-08-12T21:56:58Z,0.0
OX7 5RD,SEPD,HV,1,TU9676,3,2026-08-12T21:56:58Z,2026-08-12T21:56:58Z,0.0
PA47 7SR,SHEPD,LV,1,TV6319,20,2026-08-18T10:37:14Z,2026-08-18T10:37:14Z,0.0
PA47 7SS,SHEPD,LV,1,TV6319,20,2026-08-18T10:37:14Z,2026-08-18T10:37:14Z,0.0
PA47 7ST,SHEPD,LV,1,TV6319,20,2026-08-18T10:37:14Z,2026-08-18T10:37:14Z,0.0
PA47 7SU,SHEPD,LV,1,TV6319,20,2026-08-18T10:37:14Z,2026-08-18T10:37:14Z,0.0
PA47 7SW,SHEPD,LV,1,TV6319,20,2026-08-18T10:37:14Z,2026-08-18T10:37:14Z,0.0
PA47 7SX,SHEPD,LV,1,TV6319,20,2026-08-18T10:37:14Z,2026-08-18T10:37:14Z,0.0
PH10 6AW,SHEPD,LV,1,TU9413,21,2026-08-12T17:10:55Z,2026-08-12T17:10:55Z,0.0
PH10 6BB,SHEPD,LV,1,TU9413,21,2026-08-12T17:10:55Z,2026-08-12T17:10:55Z,0.0
PH10 6BD,SHEPD,LV,1,TU9413,21,2026-08-12T17:10:55Z,2026-08-12T17:10:55Z,0.0
PH10 6BF,SHEPD,LV,1,TU9413,21,2026-08-12T17:10:55Z,2026-08-12T17:10:55Z,0.0
PH10 6BX,SHEPD,LV,1,TU9413,21,2026-08-12T17:10:55Z,2026-08-12T17:10:55Z,0.0
PH3 1LL,SHEPD,HV,1,TV2488,10,2026-08-14T17:02:08Z,2026-08-14T17:02:08Z,0.0
PH7 3NY,SHEPD,HV,1,TV2488,10,2026-08-14T17:02:08Z,2026-08-14T17:02:08Z,0.0
PH7 3NZ,SHEPD,HV,1,TV2488,10,2026-08-14T17:02:08Z,2026-08-14T17:02:08Z,0.0
PH7 3PA,SHEPD,HV,1,TV2488,10,2026-08-14T17:02:08Z,2026-08-14T17:02:08Z,0.0
PH7 3PJ,SHEPD,HV,1,TV2488,10,2026-08-14T17:02:08Z,2026-08-14T17:02:08Z,0.0
PH7 3PL,SHEPD,HV,1,TV2488,10,2026-08-14T17:02:08Z,2026-08-14T17:02:08Z,0.0
PH7 3PN,SHEPD,HV,1,TV2488,10,2026-08-14T17:02:08Z,2026-08-14T17:02:08Z,0.0
PH7 3PP,SHEPD,HV,1,TV2488,10,2026-08-14T17:02:08Z,2026-08-14T17:02:08Z,0.0
PH7 3PR,SHEPD,HV,1,TV2488,10,2026-08-14T17:02:08Z,2026-08-14T17:02:08Z,0.0
PH7 3PS,SHEPD,HV,1,TV2488,10,2026-08-14T17:02:08Z,2026-08-14T17:02:08Z,0.0
PH7 3PT,SHEPD,HV,1,TV2488,10,2026-08-14T17:02:08Z,2026-08-14T17:02:08Z,0.0
PH7 3PW,SHEPD,HV,1,TV2488,10,2026-08-14T17:02:08Z,2026-08-14T17:02:08Z,0.0
PH7 3RA,SHEPD,HV,1,TV2488,10,2026-08-14T17:02:08Z,2026-08-14T17:02:08Z,0.0
PO16 8AP,SEPD,HV,1,TU9410,542,2026-08-12T17:10:55Z,2026-08-12T17:10:55Z,0.0
PO16 8FJ,SEPD,HV,1,TU9410,542,2026-08-12T17:10:55Z,2026-08-12T17:10:55Z,0.0
PO16 8PR,SEPD,HV,1,TU9410,542,2026-08-12T17:10:55Z,2026-08-12T17:10:55Z,0.0
PO16 8PX,SEPD,HV,1,TU9410,542,2026-08-12T17:10:55Z,2026-08-12T17:10:55Z,0.0
PO16 8PY,SEPD,HV,1,TU9410,542,2026-08-12T17:10:55Z,2026-08-12T17:10:55Z,0.0
PO16 8PZ,SEPD,HV,1,TU9410,542,2026-08-12T17:10:55Z,2026-08-12T17:10:55Z,0.0
PO16 8QA,SEPD,HV,1,TU9410,542,2026-08-12T17:10:55Z,2026-08-12T17:10:55Z,0.0
PO16 8QB,SEPD,HV,1,TU9410,542,2026-08-12T17:10:55Z,2026-08-12T17:10:55Z,0.0
PO16 8QD,SEPD,HV,1,TU9410,542,2026-08-12T17:10:55Z,2026-08-12T17:10:55Z,0.0
PO16 8QE,SEPD,HV,1,TU9410,542,2026-08-12T17:10:55Z,2026-08-12T17:10:55Z,0.0
PO16 8QF,SEPD,HV,1,TU9410,542,2026-08-12T17:10:55Z,2026-08-12T17:10:55Z,0.0
PO16 8QG,SEPD,HV,1,TU9410,542,2026-08-12T17:10:55Z,2026-08-12T17:10:55Z,0.0
PO16 8QH,SEPD,HV,1,TU9410,542,2026-08-12T17:10:55Z,2026-08-12T17:10:55Z,0.0
PO16 8QJ,SEPD,HV,1,TU9410,542,2026-08-12T17:10:55Z,2026-08-12T17:10:55Z,0.0
PO16 8QP,SEPD,HV,1,TU9410,542,2026-08-12T17:10:55Z,2026-08-12T17:10:55Z,0.0
PO16 8QQ,SEPD,HV,1,TU9410,542,2026-08-12T17:10:55Z,2026-08-12T17:10:55Z,0.0
PO16 8QT,SEPD,HV,1,TU9410,542,2026-08-12T17:10:55Z,2026-08-12T17:10:55Z,0.0
PO16 8RQ,SEPD,HV,1,TU9410,542,2026-08-12T17:10:55Z,2026-08-12T17:10:55Z,0.0
PO16 8TR,SEPD,HV,1,TU9410,542,2026-08-12T17:10:55Z,2026-08-12T17:10:55Z,0.0
PO16 8TS,SEPD,HV,1,TU9410,542,2026-08-12T17:10:55Z,2026-08-12T17:10:55Z,0.0
PO16 9DF,SEPD,HV,1,TU9410,542,2026-08-12T17:10:55Z,2026-08-12T17:10:55Z,0.0
PO16 9TD,SEPD,HV,1,TU9410,542,2026-08-12T17:10:55Z,2026-08-12T17:10:55Z,0.0
PO16 9TE,SEPD,HV,1,TU9410,542,2026-08-12T17:10:55Z,2026-08-12T17:10:55Z,0.0
PO16 9TF,SEPD,HV,1,TU9410,542,2026-08-12T17:10:55Z,2026-08-12T17:10:55Z,0.0
PO16 9TG,SEPD,HV,1,TU9410,542,2026-08-12T17:10:55Z,2026-08-12T17:10:55Z,0.0
PO16 9TH,SEPD,HV,1,TU9410,542,2026-08-12T17:10:55Z,2026-08-12T17:10:55Z,0.0
PO16 9TJ,SEPD,HV,1,TU9410,542,2026-08-12T17:10:55Z,2026-08-12T17:10:55Z,0.0
PO16 9TL,SEPD,HV,1,TU9410,542,2026-08-12T17:10:55Z,2026-08-12T17:10:55Z,0.0
PO16 9TN,SEPD,HV,1,TU9410,542,2026-08-12T17:10:55Z,2026-08-12T17:10:55Z,0.0
PO16 9TP,SEPD,HV,1,TU9410,542,2026-08-12T17:10:55Z,2026-08-12T17:10:55Z,0.0
PO16 9TQ,SEPD,HV,1,TU9410,542,2026-08-12T17:10:55Z,2026-08-12T17:10:55Z,0.0
PO16 9TW,SEPD,HV,1,TU9410,542,2026-08-12T17:10:55Z,2026-08-12T17:10:55Z,0.0
PO17 6AL,SEPD,HV,1,TU9410,542,2026-08-12T17:10:55Z,2026-08-12T17:10:55Z,0.0
PO18 9DJ,SEPD,HV,1,TV7600,1952,2026-08-19T06:01:52Z,2026-08-19T06:01:52Z,0.0
PO2 9NF,SEPD,LV,1,TV1446,33,2026-08-14T02:34:31Z,2026-08-14T02:34:31Z,0.0
PO2 9NG,SEPD,LV,1,TV1446,33,2026-08-14T02:34:31Z,2026-08-14T02:34:31Z,0.0
PO2 9QJ,SEPD,LV,1,TV1446,33,2026-08-14T02:34:31Z,2026-08-14T02:34:31Z,0.0
PO2 9QP,SEPD,LV,1,TV1446,33,2026-08-14T02:34:31Z,2026-08-14T02:34:31Z,0.0
PO2 9SA,SEPD,LV,1,TV1446,33,2026-08-14T02:34:31Z,2026-08-14T02:34:31Z,0.0
PO2 9SD,SEPD,LV,1,TV1446,33,2026-08-14T02:34:31Z,2026-08-14T02:34:31Z,0.0
PO20,SEPD,HV,1,TV7600,1952,2026-08-19T06:01:52Z,2026-08-19T06:01:52Z,0.0
PO20 0AD,SEPD,HV,1,TV7600,1952,2026-08-19T06:01:52Z,2026-08-19T06:01:52Z,0.0
PO20 0AG,SEPD,HV,1,TV7600,1952,2026-08-19T06:01:52Z,2026-08-19T06:01:52Z,0.0
PO20 0AL,SEPD,HV,1,TV7600,1952,2026-08-19T06:01:52Z,2026-08-19T06:01:52Z,0.0
PO20 0AN,SEPD,HV,1,TV7600,1952,2026-08-19T06:01:52Z,2026-08-19T06:01:52Z,0.0
PO20 0AP,SEPD,HV,1,TV7600,1952,2026-08-19T06:01:52Z,2026-08-19T06:01:52Z,0.0
PO20 0AQ,SEPD,HV,1,TV7600,1952,2026-08-19T06:01:52Z,2026-08-19T06:01:52Z,0.0
PO20 0AR,SEPD,HV,1,TV7600,1952,2026-08-19T06:01:52Z,2026-08-19T06:01:52Z,0.0
PO20 0AU,SEPD,HV,1,TV7600,1952,2026-08-19T06:01:52Z,2026-08-19T06:01:52Z,0.0
PO20 0AZ,SEPD,HV,1,TV7600,1952,2026-08-19T06:01:52Z,2026-08-19T06:01:52Z,0.0
PO20 0BA,SEPD,HV,1,TV7600,1952,2026-08-19T06:01:52Z,2026-08-19T06:01:52Z,0.0
PO20 0BB,SEPD,HV,1,TV7600,1952,2026-08-19T06:01:52Z,2026-08-19T06:01:52Z,0.0
PO20 0BD,SEPD,HV,1,TV7600,1952,2026-08-19T06:01:52Z,2026-08-19T06:01:52Z,0.0
PO20 0BG,SEPD,HV,1,TV7600,1952,2026-08-19T06:01:52Z,2026-08-19T06:01:52Z,0.0
PO20 0FP,SEPD,HV,1,TV7600,1952,2026-08-19T06:01:52Z,2026-08-19T06:01:52Z,0.0
PO20 0HP,SEPD,HV,1,TV7600,1952,2026-08-19T06:01:52Z,2026-08-19T06:01:52Z,0.0
PO20 0HR,SEPD,HV,1,TV7600,1952,2026-08-19T06:01:52Z,2026-08-19T06:01:52Z,0.0
PO20 0HS,SEPD,HV,1,TV7600,1952,2026-08-19T06:01:52Z,2026-08-19T06:01:52Z,0.0
PO20 0HT,SEPD,HV,1,TV7600,1952,2026-08-19T06:01:52Z,2026-08-19T06:01:52Z,0.0
PO20 0HU,SEPD,HV,1,TV7600,1952,2026-08-19T06:01:52Z,2026-08-19T06:01:52Z,0.0
PO20 0HW,SEPD,HV,1,TV7600,1952,2026-08-19T06:01:52Z,2026-08-19T06:01:52Z,0.0
PO20 0HX,SEPD,HV,1,TV7600,1952,2026-08-19T06:01:52Z,2026-08-19T06:01:52Z,0.0
PO20 0HY,SEPD,HV,1,TV7600,1952,2026-08-19T06:01:52Z,2026-08-19T06:01:52Z,0.0
PO20 0HZ,SEPD,HV,1,TV7600,1952,2026-08-19T06:01:52Z,2026-08-19T06:01:52Z,0.0
PO20 0JA,SEPD,HV,1,TV7600,1952,2026-08-19T06:01:52Z,2026-08-19T06:01:52Z,0.0
PO20 0JB,SEPD,HV,1,TV7600,1952,2026-08-19T06:01:52Z,2026-08-19T06:01:52Z,0.0
PO20 0JE,SEPD,HV,1,TV7600,1952,2026-08-19T06:01:52Z,2026-08-19T06:01:52Z,0.0
PO20 0JN,SEPD,HV,1,TV7600,1952,2026-08-19T06:01:52Z,2026-08-19T06:01:52Z,0.0
PO20 0JR,SEPD,HV,1,TV7600,1952,2026-08-19T06:01:52Z,2026-08-19T06:01:52Z,0.0
PO20 0JS,SEPD,HV,1,TV7600,1952,2026-08-19T06:01:52Z,2026-08-19T06:01:52Z,0.0
PO20 0LF,SEPD,HV,1,TV7600,1952,2026-08-19T06:01:52Z,2026-08-19T06:01:52Z,0.0
PO20 0LG,SEPD,HV,1,TV7600,1952,2026-08-19T06:01:52Z,2026-08-19T06:01:52Z,0.0
PO20 0LH,SEPD,HV,1,TV7600,1952,2026-08-19T06:01:52Z,2026-08-19T06:01:52Z,0.0
PO20 0LJ,SEPD,HV,1,TV7600,1952,2026-08-19T06:01:52Z,2026-08-19T06:01:52Z,0.0
PO20 0LQ,SEPD,HV,1,TV7600,1952,2026-08-19T06:01:52Z,2026-08-19T06:01:52Z,0.0
PO20 0QG,SEPD,HV,1,TV7600,1952,2026-08-19T06:01:52Z,2026-08-19T06:01:52Z,0.0
PO20 0QH,SEPD,HV,1,TV7600,1952,2026-08-19T06:01:52Z,2026-08-19T06:01:52Z,0.0
PO20 0QJ,SEPD,HV,1,TV7600,1952,2026-08-19T06:01:52Z,2026-08-19T06:01:52Z,0.0
PO20 0QL,SEPD,HV,1,TV7600,1952,2026-08-19T06:01:52Z,2026-08-19T06:01:52Z,0.0
PO20 0QP,SEPD,HV,1,TV7600,1952,2026-08-19T06:01:52Z,2026-08-19T06:01:52Z,0.0
PO20 0RB,SEPD,HV,1,TV7600,1952,2026-08-19T06:01:52Z,2026-08-19T06:01:52Z,0.0
PO20 0RD,SEPD,HV,1,TV7600,1952,2026-08-19T06:01:52Z,2026-08-19T06:01:52Z,0.0
PO20 0RE,SEPD,HV,1,TV7600,1952,2026-08-19T06:01:52Z,2026-08-19T06:01:52Z,0.0
PO20 0TT,SEPD,HV,1,TV7600,1952,2026-08-19T06:01:52Z,2026-08-19T06:01:52Z,0.0
PO20 0TU,SEPD,HV,1,TV7600,1952,2026-08-19T06:01:52Z,2026-08-19T06:01:52Z,0.0
PO20 0TX,SEPD,HV,1,TV7600,1952,2026-08-19T06:01:52Z,2026-08-19T06:01:52Z,0.0
PO20 0TY,SEPD,HV,1,TV7600,1952,2026-08-19T06:01:52Z,2026-08-19T06:01:52Z,0.0
PO20 0TZ,SEPD,HV,1,TV7600,1952,2026-08-19T06:01:52Z,2026-08-19T06:01:52Z,0.0
PO20 0UA,SEPD,HV,1,TV7600,1952,2026-08-19T06:01:52Z,2026-08-19T06:01:52Z,0.0
PO20 0UE,SEPD,HV,1,TV7600,1952,2026-08-19T06:01:52Z,2026-08-19T06:01:52Z,0.0
PO20 0UF,SEPD,HV,1,TV7600,1952,2026-08-19T06:01:52Z,2026-08-19T06:01:52Z,0.0
PO20 7JP,SEPD,HV,1,TV7600,1952,2026-08-19T06:01:52Z,2026-08-19T06:01:52Z,0.0
PO20 7JW,SEPD,HV,1,TV7600,1952,2026-08-19T06:01:52Z,2026-08-19T06:01:52Z,0.0
PO20 7NE,SEPD,HV,1,TV7600,1952,2026-08-19T06:01:52Z,2026-08-19T06:01:52Z,0.0
PO20 7NX,SEPD,HV,1,TV7600,1952,2026-08-19T06:01:52Z,2026-08-19T06:01:52Z,0.0
PO20 7NY,SEPD,HV,1,TV7600,1952,2026-08-19T06:01:52Z,2026-08-19T06:01:52Z,0.0
PO20 7PA,SEPD,HV,1,TV7600,1952,2026-08-19T06:01:52Z,2026-08-19T06:01:52Z,0.0
PO20 8AQ,SEPD,HV,1,TV7600,1952,2026-08-19T06:01:52Z,2026-08-19T06:01:52Z,0.0
PO20 8FB,SEPD,HV,1,TV7600,1952,2026-08-19T06:01:52Z,2026-08-19T06:01:52Z,0.0
PO20 8FD,SEPD,HV,1,TV7600,1952,2026-08-19T06:01:52Z,2026-08-19T06:01:52Z,0.0
PO20 8FE,SEPD,HV,1,TV7600,1952,2026-08-19T06:01:52Z,2026-08-19T06:01:52Z,0.0
PO20 8FF,SEPD,HV,1,TV7600,1952,2026-08-19T06:01:52Z,2026-08-19T06:01:52Z,0.0
PO20 8FH,SEPD,HV,1,TV7600,1952,2026-08-19T06:01:52Z,2026-08-19T06:01:52Z,0.0
PO20 8JP,SEPD,HV,1,TV7600,1952,2026-08-19T06:01:52Z,2026-08-19T06:01:52Z,0.0
PO20 8JR,SEPD,HV,1,TV7600,1952,2026-08-19T06:01:52Z,2026-08-19T06:01:52Z,0.0
PO20 8JT,SEPD,HV,1,TV7600,1952,2026-08-19T06:01:52Z,2026-08-19T06:01:52Z,0.0
PO20 8JW,SEPD,HV,1,TV7600,1952,2026-08-19T06:01:52Z,2026-08-19T06:01:52Z,0.0
PO20 8JY,SEPD,HV,1,TV7600,1952,2026-08-19T06:01:52Z,2026-08-19T06:01:52Z,0.0
PO20 8JZ,SEPD,HV,1,TV7600,1952,2026-08-19T06:01:52Z,2026-08-19T06:01:52Z,0.0
PO20 8QU,SEPD,HV,1,TV7600,1952,2026-08-19T06:01:52Z,2026-08-19T06:01:52Z,0.0
PO20 8QY,SEPD,HV,1,TV7600,1952,2026-08-19T06:01:52Z,2026-08-19T06:01:52Z,0.0
PO20 8RG,SEPD,HV,1,TV7600,1952,2026-08-19T06:01:52Z,2026-08-19T06:01:52Z,0.0
PO20 8RH,SEPD,HV,1,TV7600,1952,2026-08-19T06:01:52Z,2026-08-19T06:01:52Z,0.0
PO20 8RN,SEPD,HV,1,TV7600,1952,2026-08-19T06:01:52Z,2026-08-19T06:01:52Z,0.0
PO20 8RQ,SEPD,HV,1,TV7600,1952,2026-08-19T06:01:52Z,2026-08-19T06:01:52Z,0.0
PO20 8RW,SEPD,HV,1,TV7600,1952,2026-08-19T06:01:52Z,2026-08-19T06:01:52Z,0.0
PO20 8SB,SEPD,HV,1,TV7600,1952,2026-08-19T06:01:52Z,2026-08-19T06:01:52Z,0.0
PO20 9AA,SEPD,HV,1,TV7600,1952,2026-08-19T06:01:52Z,2026-08-19T06:01:52Z,0.0
PO20 9AB,SEPD,HV,1,TV7600,1952,2026-08-19T06:01:52Z,2026-08-19T06:01:52Z,0.0
PO20 9AD,SEPD,HV,1,TV7600,1952,2026-08-19T06:01:52Z,2026-08-19T06:01:52Z,0.0
PO20 9AE,SEPD,HV,1,TV7600,1952,2026-08-19T06:01:52Z,2026-08-19T06:01:52Z,0.0
PO20 9AF,SEPD,HV,1,TV7600,1952,2026-08-19T06:01:52Z,2026-08-19T06:01:52Z,0.0
PO20 9AG,SEPD,HV,1,TV7600,1952,2026-08-19T06:01:52Z,2026-08-19T06:01:52Z,0.0
PO20 9AH,SEPD,HV,1,TV7600,1952,2026-08-19T06:01:52Z,2026-08-19T06:01:52Z,0.0
PO20 9AL,SEPD,HV,1,TV7600,1952,2026-08-19T06:01:52Z,2026-08-19T06:01:52Z,0.0
PO20 9AP,SEPD,HV,1,TV7600,1952,2026-08-19T06:01:52Z,2026-08-19T06:01:52Z,0.0
PO20 9AQ,SEPD,HV,1,TV7600,1952,2026-08-19T06:01:52Z,2026-08-19T06:01:52Z,0.0
PO20 9AR,SEPD,HV,1,TV7600,1952,2026-08-19T06:01:52Z,2026-08-19T06:01:52Z,0.0
PO20 9AS,SEPD,HV,1,TV7600,1952,2026-08-19T06:01:52Z,2026-08-19T06:01:52Z,0.0
PO20 9AT,SEPD,HV,1,TV7600,1952,2026-08-19T06:01:52Z,2026-08-19T06:01:52Z,0.0
PO20 9AU,SEPD,HV,1,TV7600,1952,2026-08-19T06:01:52Z,2026-08-19T06:01:52Z,0.0
PO20 9AW,SEPD,HV,1,TV7600,1952,2026-08-19T06:01:52Z,2026-08-19T06:01:52Z,0.0
PO20 9AX,SEPD,HV,1,TV7600,1952,2026-08-19T06:01:52Z,2026-08-19T06:01:52Z,0.0
PO20 9AY,SEPD,HV,1,TV7600,1952,2026-08-19T06:01:52Z,2026-08-19T06:01:52Z,0.0
PO20 9BD,SEPD,HV,1,TV7600,1952,2026-08-19T06:01:52Z,2026-08-19T06:01:52Z,0.0
PO20 9BE,SEPD,HV,1,TV7600,1952,2026-08-19T06:01:52Z,2026-08-19T06:01:52Z,0.0
PO20 9BG,SEPD,HV,1,TV7600,1952,2026-08-19T06:01:52Z,2026-08-19T06:01:52Z,0.0
PO20 9BH,SEPD,HV,1,TV7600,1952,2026-08-19T06:01:52Z,2026-08-19T06:01:52Z,0.0
PO20 9BP,SEPD,HV,1,TV7600,1952,2026-08-19T06:01:52Z,2026-08-19T06:01:52Z,0.0
PO20 9BU,SEPD,HV,1,TV7600,1952,2026-08-19T06:01:52Z,2026-08-19T06:01:52Z,0.0
PO20 9BX,SEPD,HV,1,TV7600,1952,2026-08-19T06:01:52Z,2026-08-19T06:01:52Z,0.0
PO20 9DA,SEPD,HV,1,TV7600,1952,2026-08-19T06:01:52Z,2026-08-19T06:01:52Z,0.0
PO20 9DB,SEPD,HV,1,TV7600,1952,2026-08-19T06:01:52Z,2026-08-19T06:01:52Z,0.0
PO20 9DD,SEPD,HV,1,TV7600,1952,2026-08-19T06:01:52Z,2026-08-19T06:01:52Z,0.0
PO20 9DE,SEPD,HV,1,TV7600,1952,2026-08-19T06:01:52Z,2026-08-19T06:01:52Z,0.0
PO20 9DF,SEPD,HV,1,TV7600,1952,2026-08-19T06:01:52Z,2026-08-19T06:01:52Z,0.0
PO20 9DG,SEPD,HV,1,TV7600,1952,2026-08-19T06:01:52Z,2026-08-19T06:01:52Z,0.0
PO20 9DH,SEPD,HV,1,TV7600,1952,2026-08-19T06:01:52Z,2026-08-19T06:01:52Z,0.0
PO20 9DJ,SEPD,HV,1,TV7600,1952,2026-08-19T06:01:52Z,2026-08-19T06:01:52Z,0.0
PO20 9DP,SEPD,HV,1,TV7600,1952,2026-08-19T06:01:52Z,2026-08-19T06:01:52Z,0.0
PO20 9DQ,SEPD,HV,1,TV7600,1952,2026-08-19T06:01:52Z,2026-08-19T06:01:52Z,0.0
PO20 9DR,SEPD,HV,1,TV7600,1952,2026-08-19T06:01:52Z,2026-08-19T06:01:52Z,0.0
PO20 9DW,SEPD,HV,1,TV7600,1952,2026-08-19T06:01:52Z,2026-08-19T06:01:52Z,0.0
PO20 9EE,SEPD,HV,1,TV7600,1952,2026-08-19T06:01:52Z,2026-08-19T06:01:52Z,0.0
PO20 9EH,SEPD,HV,1,TV7600,1952,2026-08-19T06:01:52Z,2026-08-19T06:01:52Z,0.0
PO20 9EL,SEPD,HV,1,TV7600,1952,2026-08-19T06:01:52Z,2026-08-19T06:01:52Z,0.0
PO20 9EP,SEPD,HV,1,TV7600,1952,2026-08-19T06:01:52Z,2026-08-19T06:01:52Z,0.0
PO20 9ER,SEPD,HV,1,TV7600,1952,2026-08-19T06:01:52Z,2026-08-19T06:01:52Z,0.0
PO20 9ET,SEPD,HV,1,TV7600,1952,2026-08-19T06:01:52Z,2026-08-19T06:01:52Z,0.0
PO20 9EU,SEPD,HV,1,TV7600,1952,2026-08-19T06:01:52Z,2026-08-19T06:01:52Z,0.0
PO20 9EX,SEPD,HV,1,TV7600,1952,2026-08-19T06:01:52Z,2026-08-19T06:01:52Z,0.0
PO20 9EY,SEPD,HV,1,TV7600,1952,2026-08-19T06:01:52Z,2026-08-19T06:01:52Z,0.0
PO20 9EZ,SEPD,HV,1,TV7600,1952,2026-08-19T06:01:52Z,2026-08-19T06:01:52Z,0.0
PO20 9HA,SEPD,HV,1,TV7600,1952,2026-08-19T06:01:52Z,2026-08-19T06:01:52Z,0.0
PO20 9HD,SEPD,HV,1,TV7600,1952,2026-08-19T06:01:52Z,2026-08-19T06:01:52Z,0.0
PO20 9HJ,SEPD,HV,1,TV7600,1952,2026-08-19T06:01:52Z,2026-08-19T06:01:52Z,0.0
PO20 9HL,SEPD,HV,1,TV7600,1952,2026-08-19T06:01:52Z,2026-08-19T06:01:52Z,0.0
PO20 9HT,SEPD,HV,1,TV7600,1952,2026-08-19T06:01:52Z,2026-08-19T06:01:52Z,0.0
PO20 9JA,SEPD,HV,1,TV7600,1952,2026-08-19T06:01:52Z,2026-08-19T06:01:52Z,0.0
PO20 9JB,SEPD,HV,1,TV7600,1952,2026-08-19T06:01:52Z,2026-08-19T06:01:52Z,0.0
PO20 9JD,SEPD,HV,1,TV7600,1952,2026-08-19T06:01:52Z,2026-08-19T06:01:52Z,0.0
PO20 9JN,SEPD,HV,1,TV7600,1952,2026-08-19T06:01:52Z,2026-08-19T06:01:52Z,0.0
PO20 9JP,SEPD,HV,1,TV7600,1952,2026-08-19T06:01:52Z,2026-08-19T06:01:52Z,0.0
PO20 9JW,SEPD,HV,1,TV7600,1952,2026-08-19T06:01:52Z,2026-08-19T06:01:52Z,0.0
PO33 1AT,SEPD,LV,1,TV3928,7,2026-08-16T13:00:57Z,2026-08-16T13:00:57Z,0.0
PO33 1AU,SEPD,LV,1,TV3928,7,2026-08-16T13:00:57Z,2026-08-16T13:00:57Z,0.0
PO33 1AY,SEPD,LV,1,TV3928,7,2026-08-16T13:00:57Z,2026-08-16T13:00:57Z,0.0
PO33 1FA,SEPD,LV,1,TV3928,7,2026-08-16T13:00:57Z,2026-08-16T13:00:57Z,0.0
RG10 0UA,SEPD,HV,1,TV0764,66,2026-08-13T14:47:49Z,2026-08-13T14:47:49Z,0.0
RG10 0UB,SEPD,HV,1,TV0764,66,2026-08-13T14:47:49Z,2026-08-13T14:47:49Z,0.0
RG10 0UD,SEPD,HV,1,TV0764,66,2026-08-13T14:47:49Z,2026-08-13T14:47:49Z,0.0
RG10 0UE,SEPD,HV,1,TV0764,66,2026-08-13T14:47:49Z,2026-08-13T14:47:49Z,0.0
RG12 1LS,SEPD,LV,1,TV4685,3,2026-08-17T09:57:52Z,2026-08-17T09:57:52Z,0.0
RG16 0UA,SEPD,HV,1,TV0764,66,2026-08-13T14:47:49Z,2026-08-13T14:47:49Z,0.0
RG20 0AN,SEPD,LV,1,TV1890,3,2026-08-14T10:50:52Z,2026-08-14T10:50:52Z,0.0
RG20 0AX,SEPD,LV,1,TV1890,3,2026-08-14T10:50:52Z,2026-08-14T10:50:52Z,0.0
RG22 4LB,SEPD,LV,1,TV7144,30,2026-08-18T16:44:14Z,2026-08-18T16:44:14Z,0.0
RG22 4NJ,SEPD,LV,1,TV7144,30,2026-08-18T16:44:14Z,2026-08-18T16:44:14Z,0.0
RG22 4NL,SEPD,LV,1,TV7144,30,2026-08-18T16:44:14Z,2026-08-18T16:44:14Z,0.0
RG40 2AA,SEPD,LV,1,TV5762,18,2026-08-17T21:35:11Z,2026-08-17T21:35:11Z,0.0
RG40 2AR,SEPD,LV,1,TV5762,18,2026-08-17T21:35:11Z,2026-08-17T21:35:11Z,0.0
RG40 2PU,SEPD,LV,1,TV5762,18,2026-08-17T21:35:11Z,2026-08-17T21:35:11Z,0.0
RG41 4DF,SEPD,LV,1,TV6822,31,2026-08-18T13:01:53Z,2026-08-18T13:01:53Z,0.0
RG41 4SS,SEPD,LV,1,TV6822,31,2026-08-18T13:01:53Z,2026-08-18T13:01:53Z,0.0
RG41 4ST,SEPD,LV,1,TV6822,31,2026-08-18T13:01:53Z,2026-08-18T13:01:53Z,0.0
RG41 4SX,SEPD,LV,1,TV6822,31,2026-08-18T13:01:53Z,2026-08-18T13:01:53Z,0.0
RG41 4SY,SEPD,LV,1,TV6822,31,2026-08-18T13:01:53Z,2026-08-18T13:01:53Z,0.0
RG41 4TA,SEPD,LV,1,TV6822,31,2026-08-18T13:01:53Z,2026-08-18T13:01:53Z,0.0
RG5 4AZ,SEPD,HV,1,TV0764,66,2026-08-13T14:47:49Z,2026-08-13T14:47:49Z,0.0
RG5 4BE,SEPD,HV,1,TV0764,66,2026-08-13T14:47:49Z,2026-08-13T14:47:49Z,0.0
RG5 4DZ,SEPD,HV,1,TV0764,66,2026-08-13T14:47:49Z,2026-08-13T14:47:49Z,0.0
RG5 4JD,SEPD,HV,1,TV0764,66,2026-08-13T14:47:49Z,2026-08-13T14:47:49Z,0.0
RG5 4JE,SEPD,HV,1,TV0764,66,2026-08-13T14:47:49Z,2026-08-13T14:47:49Z,0.0
RG5 4JG,SEPD,HV,1,TV0764,66,2026-08-13T14:47:49Z,2026-08-13T14:47:49Z,0.0
RG5 4LP,SEPD,HV,1,TV4225,331,2026-08-16T19:10:23Z,2026-08-16T19:10:23Z,0.0
RG5 4LR,SEPD,HV,1,TV4225,331,2026-08-16T19:10:23Z,2026-08-16T19:10:23Z,0.0
RG5 4LS,SEPD,HV,1,TV4225,331,2026-08-16T19:10:23Z,2026-08-16T19:10:23Z,0.0
RG5 4ND,SEPD,HV,1,TV0764,66,2026-08-13T14:47:49Z,2026-08-13T14:47:49Z,0.0
RG5 4NS,SEPD,HV,1,TV0764,66,2026-08-13T14:47:49Z,2026-08-13T14:47:49Z,0.0
RG5 4NU,SEPD,HV,1,TV0764,66,2026-08-13T14:47:49Z,2026-08-13T14:47:49Z,0.0
RG5 4NX,SEPD,HV,1,TV0764,66,2026-08-13T14:47:49Z,2026-08-13T14:47:49Z,0.0
RG5 4NY,SEPD,HV,1,TV0764,66,2026-08-13T14:47:49Z,2026-08-13T14:47:49Z,0.0
RG5 4NZ,SEPD,HV,1,TV0764,66,2026-08-13T14:47:49Z,2026-08-13T14:47:49Z,0.0
RG5 4PL,SEPD,HV,1,TV4225,331,2026-08-16T19:10:23Z,2026-08-16T19:10:23Z,0.0
RG5 4PN,SEPD,HV,1,TV4225,331,2026-08-16T19:10:23Z,2026-08-16T19:10:23Z,0.0
RG5 4PP,SEPD,HV,1,TV4225,331,2026-08-16T19:10:23Z,2026-08-16T19:10:23Z,0.0
RG5 4PR,SEPD,HV,1,TV4225,331,2026-08-16T19:10:23Z,2026-08-16T19:10:23Z,0.0
RG5 4PS,SEPD,HV,1,TV4225,331,2026-08-16T19:10:23Z,2026-08-16T19:10:23Z,0.0
RG5 4PT,SEPD,HV,1,TV4225,331,2026-08-16T19:10:23Z,2026-08-16T19:10:23Z,0.0
RG5 4PU,SEPD,HV,1,TV4225,331,2026-08-16T19:10:23Z,2026-08-16T19:10:23Z,0.0
RG5 4PX,SEPD,HV,1,TV4225,331,2026-08-16T19:10:23Z,2026-08-16T19:10:23Z,0.0
RG5 4PY,SEPD,HV,1,TV4225,331,2026-08-16T19:10:23Z,2026-08-16T19:10:23Z,0.0
RG5 4PZ,SEPD,HV,1,TV4225,331,2026-08-16T19:10:23Z,2026-08-16T19:10:23Z,0.0
RG5 4QA,SEPD,HV,1,TV4225,331,2026-08-16T19:10:23Z,2026-08-16T19:10:23Z,0.0
RG5 4QB,SEPD,HV,1,TV4225,331,2026-08-16T19:10:23Z,2026-08-16T19:10:23Z,0.0
RG5 4QD,SEPD,HV,1,TV4225,331,2026-08-16T19:10:23Z,2026-08-16T19:10:23Z,0.0
RG5 4QE,SEPD,HV,1,TV4225,331,2026-08-16T19:10:23Z,2026-08-16T19:10:23Z,0.0
RG5 4QF,SEPD,HV,1,TV4225,331,2026-08-16T19:10:23Z,2026-08-16T19:10:23Z,0.0
RG5 4QG,SEPD,HV,1,TV4225,331,2026-08-16T19:10:23Z,2026-08-16T19:10:23Z,0.0
RG5 4QJ,SEPD,HV,1,TV4225,331,2026-08-16T19:10:23Z,2026-08-16T19:10:23Z,0.0
RG5 4QL,SEPD,HV,1,TV4225,331,2026-08-16T19:10:23Z,2026-08-16T19:10:23Z,0.0
RG5 4QP,SEPD,HV,1,TV4225,331,2026-08-16T19:10:23Z,2026-08-16T19:10:23Z,0.0
RG5 4QR,SEPD,HV,1,TV0764,66,2026-08-13T14:47:49Z,2026-08-13T14:47:49Z,0.0
RG5 4QW,SEPD,HV,1,TV4225,331,2026-08-16T19:10:23Z,2026-08-16T19:10:23Z,0.0
RG5 4RH,SEPD,HV,1,TV0764,66,2026-08-13T14:47:49Z,2026-08-13T14:47:49Z,0.0
RG5 4RL,SEPD,HV,1,TV4225,331,2026-08-16T19:10:23Z,2026-08-16T19:10:23Z,0.0
RG5 4RN,SEPD,HV,1,TV4225,331,2026-08-16T19:10:23Z,2026-08-16T19:10:23Z,0.0
RG5 4RS,SEPD,HV,1,TV4225,331,2026-08-16T19:10:23Z,2026-08-16T19:10:23Z,0.0
RG5 4RU,SEPD,HV,1,TV0764,66,2026-08-13T14:47:49Z,2026-08-13T14:47:49Z,0.0
RG5 4RX,SEPD,HV,1,TV4225,331,2026-08-16T19:10:23Z,2026-08-16T19:10:23Z,0.0
RG5 4SA,SEPD,HV,1,TV0764,66,2026-08-13T14:47:49Z,2026-08-13T14:47:49Z,0.0
RG5 4SB,SEPD,HV,1,TV0764,66,2026-08-13T14:47:49Z,2026-08-13T14:47:49Z,0.0
RG5 4SD,SEPD,HV,1,TV0764,66,2026-08-13T14:47:49Z,2026-08-13T14:47:49Z,0.0
RG5 4SF,SEPD,HV,1,TV0764,66,2026-08-13T14:47:49Z,2026-08-13T14:47:49Z,0.0
RG5 4SH,SEPD,HV,1,TV0764,66,2026-08-13T14:47:49Z,2026-08-13T14:47:49Z,0.0
RG5 4SJ,SEPD,HV,1,TV0764,66,2026-08-13T14:47:49Z,2026-08-13T14:47:49Z,0.0
RG5 4SN,SEPD,HV,1,TV0764,66,2026-08-13T14:47:49Z,2026-08-13T14:47:49Z,0.0
RG5 4SQ,SEPD,HV,1,TV0764,66,2026-08-13T14:47:49Z,2026-08-13T14:47:49Z,0.0
RG5 4SR,SEPD,HV,1,TV0764,66,2026-08-13T14:47:49Z,2026-08-13T14:47:49Z,0.0
RG5 4SU,SEPD,HV,1,TV0764,66,2026-08-13T14:47:49Z,2026-08-13T14:47:49Z,0.0
RG5 4SW,SEPD,HV,1,TV0764,66,2026-08-13T14:47:49Z,2026-08-13T14:47:49Z,0.0
RG5 4SX,SEPD,HV,1,TV0764,66,2026-08-13T14:47:49Z,2026-08-13T14:47:49Z,0.0
RG5 4SY,SEPD,HV,1,TV0764,66,2026-08-13T14:47:49Z,2026-08-13T14:47:49Z,0.0
RG5 4SZ,SEPD,HV,1,TV0764,66,2026-08-13T14:47:49Z,2026-08-13T14:47:49Z,0.0
RG5 4TF,SEPD,HV,1,TV0764,66,2026-08-13T14:47:49Z,2026-08-13T14:47:49Z,0.0
RG5 4TJ,SEPD,HV,1,TV4225,331,2026-08-16T19:10:23Z,2026-08-16T19:10:23Z,0.0
RG5 4TQ,SEPD,HV,1,TV0764,66,2026-08-13T14:47:49Z,2026-08-13T14:47:49Z,0.0
RG5 4TR,SEPD,HV,1,TV0764,66,2026-08-13T14:47:49Z,2026-08-13T14:47:49Z,0.0
RG5 4UE,SEPD,HV,1,TV0764,66,2026-08-13T14:47:49Z,2026-08-13T14:47:49Z,0.0
RG5 4UG,SEPD,HV,1,TV0764,66,2026-08-13T14:47:49Z,2026-08-13T14:47:49Z,0.0
RG5 4UH,SEPD,HV,1,TV0764,66,2026-08-13T14:47:49Z,2026-08-13T14:47:49Z,0.0
RG5 4UJ,SEPD,HV,1,TV0764,66,2026-08-13T14:47:49Z,2026-08-13T14:47:49Z,0.0
RG5 4UL,SEPD,HV,1,TV0764,66,2026-08-13T14:47:49Z,2026-08-13T14:47:49Z,0.0
RG5 4UN,SEPD,HV,1,TV0764,66,2026-08-13T14:47:49Z,2026-08-13T14:47:49Z,0.0
RG5 4UP,SEPD,HV,1,TV0764,66,2026-08-13T14:47:49Z,2026-08-13T14:47:49Z,0.0
RG5 4UQ,SEPD,HV,1,TV0764,66,2026-08-13T14:47:49Z,2026-08-13T14:47:49Z,0.0
RG5 4UR,SEPD,HV,1,TV0764,66,2026-08-13T14:47:49Z,2026-08-13T14:47:49Z,0.0
RG5 4US,SEPD,HV,1,TV0764,66,2026-08-13T14:47:49Z,2026-08-13T14:47:49Z,0.0
RG5 4UT,SEPD,HV,1,TV0764,66,2026-08-13T14:47:49Z,2026-08-13T14:47:49Z,0.0
RG5 4UU,SEPD,HV,1,TV0764,66,2026-08-13T14:47:49Z,2026-08-13T14:47:49Z,0.0
RG5 4UX,SEPD,HV,1,TV0764,66,2026-08-13T14:47:49Z,2026-08-13T14:47:49Z,0.0
RG5 4UZ,SEPD,HV,1,TV0764,66,2026-08-13T14:47:49Z,2026-08-13T14:47:49Z,0.0
RG5 4XF,SEPD,HV,1,TV0764,66,2026-08-13T14:47:49Z,2026-08-13T14:47:49Z,0.0
RG5 4XG,SEPD,HV,1,TV0764,66,2026-08-13T14:47:49Z,2026-08-13T14:47:49Z,0.0
RG5 4XH,SEPD,HV,1,TV0764,66,2026-08-13T14:47:49Z,2026-08-13T14:47:49Z,0.0
RG5 4XJ,SEPD,HV,1,TV0764,66,2026-08-13T14:47:49Z,2026-08-13T14:47:49Z,0.0
RG5 4XL,SEPD,HV,1,TV0764,66,2026-08-13T14:47:49Z,2026-08-13T14:47:49Z,0.0
RG5 4XN,SEPD,HV,1,TV0764,66,2026-08-13T14:47:49Z,2026-08-13T14:47:49Z,0.0
RG5 4XP,SEPD,HV,1,TV0764,66,2026-08-13T14:47:49Z,2026-08-13T14:47:49Z,0.0
RG5 4XQ,SEPD,HV,1,TV0764,66,2026-08-13T14:47:49Z,2026-08-13T14:47:49Z,0.0
RG5 4XR,SEPD,HV,1,TV0764,66,2026-08-13T14:47:49Z,2026-08-13T14:47:49Z,0.0
RH13 0AS,SEPD,HV,1,TU8791,52,2026-08-12T12:25:59Z,2026-08-12T12:25:59Z,0.0
RH13 0NY,SEPD,HV,1,TU8791,52,2026-08-12T12:25:59Z,2026-08-12T12:25:59Z,0.0
RH13 0PA,SEPD,HV,1,TU8791,52,2026-08-12T12:25:59Z,2026-08-12T12:25:59Z,0.0
RH13 0PB,SEPD,HV,1,TU8791,52,2026-08-12T12:25:59Z,2026-08-12T12:25:59Z,0.0
RH13 0RL,SEPD,HV,1,TU8791,52,2026-08-12T12:25:59Z,2026-08-12T12:25:59Z,0.0
SL1 2JP,SEPD,LV,1,TU9755,6,2026-08-13T02:46:54Z,2026-08-13T02:46:54Z,0.0
SL1 2JW,SEPD,LV,1,TU9755,6,2026-08-13T02:46:54Z,2026-08-13T02:46:54Z,0.0
SL1 7AB,SEPD,HV,1,TV1215,105,2026-08-13T19:44:22Z,2026-08-13T19:44:22Z,0.0
SL1 7AE,SEPD,HV,1,TV1215,105,2026-08-13T19:44:22Z,2026-08-13T19:44:22Z,0.0
SL1 7AF,SEPD,HV,1,TV1215,105,2026-08-13T19:44:22Z,2026-08-13T19:44:22Z,0.0
SL1 7AH,SEPD,HV,1,TV1215,105,2026-08-13T19:44:22Z,2026-08-13T19:44:22Z,0.0
SL1 7AL,SEPD,HV,1,TV1215,105,2026-08-13T19:44:22Z,2026-08-13T19:44:22Z,0.0
SL1 7AN,SEPD,HV,1,TV1215,105,2026-08-13T19:44:22Z,2026-08-13T19:44:22Z,0.0
SL1 7AR,SEPD,HV,1,TV1215,105,2026-08-13T19:44:22Z,2026-08-13T19:44:22Z,0.0
SL5 0DG,SEPD,HV,1,TV6733,164,2026-08-18T11:34:51Z,2026-08-18T11:34:51Z,0.0
SL5 0LG,SEPD,HV,1,TV4640,198,2026-08-17T06:30:45Z,2026-08-17T06:30:45Z,0.0
SL5 0NF,SEPD,HV,1,TV6733,164,2026-08-18T11:34:51Z,2026-08-18T11:34:51Z,0.0
SL5 0NH,SEPD,HV,1,TV6733,164,2026-08-18T11:34:51Z,2026-08-18T11:34:51Z,0.0
SL5 0NJ,SEPD,HV,1,TV6733,164,2026-08-18T11:34:51Z,2026-08-18T11:34:51Z,0.0
SL5 0NL,SEPD,HV,1,TV6733,164,2026-08-18T11:34:51Z,2026-08-18T11:34:51Z,0.0
SL5 0NN,SEPD,HV,1,TV6733,164,2026-08-18T11:34:51Z,2026-08-18T11:34:51Z,0.0
SL5 0NP,SEPD,HV,1,TV6733,164,2026-08-18T11:34:51Z,2026-08-18T11:34:51Z,0.0
SL5 0NQ,SEPD,HV,1,TV6733,164,2026-08-18T11:34:51Z,2026-08-18T11:34:51Z,0.0
SL5 0NR,SEPD,HV,1,TV6733,164,2026-08-18T11:34:51Z,2026-08-18T11:34:51Z,0.0
SL5 0PD,SEPD,HV,1,TV6733,164,2026-08-18T11:34:51Z,2026-08-18T11:34:51Z,0.0
SL5 7SD,SEPD,HV,1,TV4640,198,2026-08-17T06:30:45Z,2026-08-17T06:30:45Z,0.0
SL5 8TG,SEPD,LV,1,TV2510,6,2026-08-14T17:02:08Z,2026-08-14T17:02:08Z,0.0
SL5 8TN,SEPD,LV,1,TV2510,6,2026-08-14T17:02:08Z,2026-08-14T17:02:08Z,0.0
SN1 5BS,SEPD,LV,1,TV7296,18,2026-08-18T22:13:40Z,2026-08-18T22:13:40Z,0.0
SN10 1DT,SEPD,LV,1,TT5184,12,2026-08-12T12:25:59Z,2026-08-12T12:25:59Z,0.0
SN10 1EB,SEPD,LV,1,TT5184,12,2026-08-12T12:25:59Z,2026-08-12T12:25:59Z,0.0
SN10 1JQ,SEPD,LV,1,TT5184,12,2026-08-12T12:25:59Z,2026-08-12T12:25:59Z,0.0
SN10 2QH,SEPD,HV,1,TV4196,1614,2026-08-16T18:08:05Z,2026-08-16T18:08:05Z,0.0
SN10 4BZ,SEPD,LV,1,TV7290,5,2026-08-18T19:57:03Z,2026-08-18T19:57:03Z,0.0
SN10 4NT,SEPD,LV,1,TV7290,5,2026-08-18T19:57:03Z,2026-08-18T19:57:03Z,0.0
SN13,SEPD,HV,1,TV4196,1614,2026-08-16T18:08:05Z,2026-08-16T18:08:05Z,0.0
SN13 8NX,SEPD,HV,1,TV4196,1614,2026-08-16T18:08:05Z,2026-08-16T18:08:05Z,0.0
SN13 9AA,SEPD,HV,1,TV4196,1614,2026-08-16T18:08:05Z,2026-08-16T18:08:05Z,0.0
SN13 9AD,SEPD,HV,1,TV4196,1614,2026-08-16T18:08:05Z,2026-08-16T18:08:05Z,0.0
SN13 9AE,SEPD,HV,1,TV4196,1614,2026-08-16T18:08:05Z,2026-08-16T18:08:05Z,0.0
SN13 9AF,SEPD,HV,1,TV4196,1614,2026-08-16T18:08:05Z,2026-08-16T18:08:05Z,0.0
SN13 9AG,SEPD,HV,1,TV4196,1614,2026-08-16T18:08:05Z,2026-08-16T18:08:05Z,0.0
SN13 9AL,SEPD,HV,1,TV4196,1614,2026-08-16T18:08:05Z,2026-08-16T18:08:05Z,0.0
SN13 9AN,SEPD,HV,1,TV4196,1614,2026-08-16T18:08:05Z,2026-08-16T18:08:05Z,0.0
SN13 9AP,SEPD,HV,1,TV4196,1614,2026-08-16T18:08:05Z,2026-08-16T18:08:05Z,0.0
SN13 9AQ,SEPD,HV,1,TV4196,1614,2026-08-16T18:08:05Z,2026-08-16T18:08:05Z,0.0
SN13 9AR,SEPD,HV,1,TV4196,1614,2026-08-16T18:08:05Z,2026-08-16T18:08:05Z,0.0
SN13 9AS,SEPD,HV,1,TV4196,1614,2026-08-16T18:08:05Z,2026-08-16T18:08:05Z,0.0
SN13 9AT,SEPD,HV,1,TV4196,1614,2026-08-16T18:08:05Z,2026-08-16T18:08:05Z,0.0
SN13 9AU,SEPD,HV,1,TV4196,1614,2026-08-16T18:08:05Z,2026-08-16T18:08:05Z,0.0
SN13 9AW,SEPD,HV,1,TV4196,1614,2026-08-16T18:08:05Z,2026-08-16T18:08:05Z,0.0
SN13 9AX,SEPD,HV,1,TV4196,1614,2026-08-16T18:08:05Z,2026-08-16T18:08:05Z,0.0
SN13 9AY,SEPD,HV,1,TV4196,1614,2026-08-16T18:08:05Z,2026-08-16T18:08:05Z,0.0
SN13 9AZ,SEPD,HV,1,TV4196,1614,2026-08-16T18:08:05Z,2026-08-16T18:08:05Z,0.0
SN13 9FT,SEPD,HV,1,TV4196,1614,2026-08-16T18:08:05Z,2026-08-16T18:08:05Z,0.0
SN13 9HS,SEPD,HV,1,TV4196,1614,2026-08-16T18:08:05Z,2026-08-16T18:08:05Z,0.0
SN13 9HT,SEPD,HV,1,TV4196,1614,2026-08-16T18:08:05Z,2026-08-16T18:08:05Z,0.0
SN13 9HX,SEPD,HV,1,TV4196,1614,2026-08-16T18:08:05Z,2026-08-16T18:08:05Z,0.0
SN13 9HZ,SEPD,HV,1,TV4196,1614,2026-08-16T18:08:05Z,2026-08-16T18:08:05Z,0.0
SN13 9JA,SEPD,HV,1,TV4196,1614,2026-08-16T18:08:05Z,2026-08-16T18:08:05Z,0.0
SN13 9JB,SEPD,HV,1,TV4196,1614,2026-08-16T18:08:05Z,2026-08-16T18:08:05Z,0.0
SN13 9JD,SEPD,HV,1,TV4196,1614,2026-08-16T18:08:05Z,2026-08-16T18:08:05Z,0.0
SN13 9JE,SEPD,HV,1,TV4196,1614,2026-08-16T18:08:05Z,2026-08-16T18:08:05Z,0.0
SN13 9JF,SEPD,HV,1,TV4196,1614,2026-08-16T18:08:05Z,2026-08-16T18:08:05Z,0.0
SN13 9JG,SEPD,HV,1,TV4196,1614,2026-08-16T18:08:05Z,2026-08-16T18:08:05Z,0.0
SN13 9JH,SEPD,HV,1,TV4196,1614,2026-08-16T18:08:05Z,2026-08-16T18:08:05Z,0.0
SN13 9JL,SEPD,HV,1,TV4196,1614,2026-08-16T18:08:05Z,2026-08-16T18:08:05Z,0.0
SN13 9JN,SEPD,HV,1,TV4196,1614,2026-08-16T18:08:05Z,2026-08-16T18:08:05Z,0.0
SN13 9JP,SEPD,HV,1,TV4196,1614,2026-08-16T18:08:05Z,2026-08-16T18:08:05Z,0.0
SN13 9JQ,SEPD,HV,1,TV4196,1614,2026-08-16T18:08:05Z,2026-08-16T18:08:05Z,0.0
SN13 9JR,SEPD,HV,1,TV4196,1614,2026-08-16T18:08:05Z,2026-08-16T18:08:05Z,0.0
SN13 9JS,SEPD,HV,1,TV4196,1614,2026-08-16T18:08:05Z,2026-08-16T18:08:05Z,0.0
SN13 9JW,SEPD,HV,1,TV4196,1614,2026-08-16T18:08:05Z,2026-08-16T18:08:05Z,0.0
SN13 9PB,SEPD,HV,1,TV4196,1614,2026-08-16T18:08:05Z,2026-08-16T18:08:05Z,0.0
SN13 9PD,SEPD,HV,1,TV4196,1614,2026-08-16T18:08:05Z,2026-08-16T18:08:05Z,0.0
SN13 9PE,SEPD,HV,1,TV4196,1614,2026-08-16T18:08:05Z,2026-08-16T18:08:05Z,0.0
SN13 9PF,SEPD,HV,1,TV4196,1614,2026-08-16T18:08:05Z,2026-08-16T18:08:05Z,0.0
SN13 9PG,SEPD,HV,1,TV4196,1614,2026-08-16T18:08:05Z,2026-08-16T18:08:05Z,0.0
SN13 9PH,SEPD,HV,1,TV4196,1614,2026-08-16T18:08:05Z,2026-08-16T18:08:05Z,0.0
SN13 9PJ,SEPD,HV,1,TV4196,1614,2026-08-16T18:08:05Z,2026-08-16T18:08:05Z,0.0
SN13 9PL,SEPD,HV,1,TV4196,1614,2026-08-16T18:08:05Z,2026-08-16T18:08:05Z,0.0
SN13 9PN,SEPD,HV,1,TV4196,1614,2026-08-16T18:08:05Z,2026-08-16T18:08:05Z,0.0
SN13 9PR,SEPD,HV,1,TV4196,1614,2026-08-16T18:08:05Z,2026-08-16T18:08:05Z,0.0
SN13 9PT,SEPD,HV,1,TV4196,1614,2026-08-16T18:08:05Z,2026-08-16T18:08:05Z,0.0
SN13 9PW,SEPD,HV,1,TV4196,1614,2026-08-16T18:08:05Z,2026-08-16T18:08:05Z,0.0
SN13 9PY,SEPD,HV,1,TV4196,1614,2026-08-16T18:08:05Z,2026-08-16T18:08:05Z,0.0
SN13 9PZ,SEPD,HV,1,TV4196,1614,2026-08-16T18:08:05Z,2026-08-16T18:08:05Z,0.0
SN13 9QB,SEPD,HV,1,TV4196,1614,2026-08-16T18:08:05Z,2026-08-16T18:08:05Z,0.0
SN13 9QD,SEPD,HV,1,TV4196,1614,2026-08-16T18:08:05Z,2026-08-16T18:08:05Z,0.0
SN13 9QE,SEPD,HV,1,TV4196,1614,2026-08-16T18:08:05Z,2026-08-16T18:08:05Z,0.0
SN13 9QF,SEPD,HV,1,TV4196,1614,2026-08-16T18:08:05Z,2026-08-16T18:08:05Z,0.0
SN13 9QG,SEPD,HV,1,TV4196,1614,2026-08-16T18:08:05Z,2026-08-16T18:08:05Z,0.0
SN13 9QH,SEPD,HV,1,TV4196,1614,2026-08-16T18:08:05Z,2026-08-16T18:08:05Z,0.0
SN13 9QJ,SEPD,HV,1,TV4196,1614,2026-08-16T18:08:05Z,2026-08-16T18:08:05Z,0.0
SN13 9QL,SEPD,HV,1,TV4196,1614,2026-08-16T18:08:05Z,2026-08-16T18:08:05Z,0.0
SN13 9QN,SEPD,HV,1,TV4196,1614,2026-08-16T18:08:05Z,2026-08-16T18:08:05Z,0.0
SN13 9QP,SEPD,HV,1,TV4196,1614,2026-08-16T18:08:05Z,2026-08-16T18:08:05Z,0.0
SN13 9QQ,SEPD,HV,1,TV4196,1614,2026-08-16T18:08:05Z,2026-08-16T18:08:05Z,0.0
SN13 9QR,SEPD,HV,1,TV4196,1614,2026-08-16T18:08:05Z,2026-08-16T18:08:05Z,0.0
SN13 9QW,SEPD,HV,1,TV4196,1614,2026-08-16T18:08:05Z,2026-08-16T18:08:05Z,0.0
SN13 9US,SEPD,HV,1,TV4196,1614,2026-08-16T18:08:05Z,2026-08-16T18:08:05Z,0.0
SN13 9YW,SEPD,HV,1,TV4196,1614,2026-08-16T18:08:05Z,2026-08-16T18:08:05Z,0.0
SN14 7LG,SEPD,PSI,1,252044,2,2026-08-12T15:06:57Z,2026-08-12T15:06:57Z,0.0
SN14 7LQ,SEPD,PSI,1,252044,2,2026-08-12T15:06:57Z,2026-08-12T15:06:57Z,0.0
SN15 2FA,SEPD,HV,1,TV4196,1614,2026-08-16T18:08:05Z,2026-08-16T18:08:05Z,0.0
SN15 2JU,SEPD,HV,1,TV4196,1614,2026-08-16T18:08:05Z,2026-08-16T18:08:05Z,0.0
SN15 2JX,SEPD,HV,1,TV4196,1614,2026-08-16T18:08:05Z,2026-08-16T18:08:05Z,0.0
SN15 2JY,SEPD,HV,1,TV4196,1614,2026-08-16T18:08:05Z,2026-08-16T18:08:05Z,0.0
SN15 2JZ,SEPD,HV,1,TV4196,1614,2026-08-16T18:08:05Z,2026-08-16T18:08:05Z,0.0
SN15 2LA,SEPD,HV,1,TV4196,1614,2026-08-16T18:08:05Z,2026-08-16T18:08:05Z,0.0
SN15 2LB,SEPD,HV,1,TV4196,1614,2026-08-16T18:08:05Z,2026-08-16T18:08:05Z,0.0
SN15 2LD,SEPD,HV,1,TV4196,1614,2026-08-16T18:08:05Z,2026-08-16T18:08:05Z,0.0
SN15 2LE,SEPD,HV,1,TV4196,1614,2026-08-16T18:08:05Z,2026-08-16T18:08:05Z,0.0
SN15 2LF,SEPD,HV,1,TV4196,1614,2026-08-16T18:08:05Z,2026-08-16T18:08:05Z,0.0
SN15 2LG,SEPD,HV,1,TV4196,1614,2026-08-16T18:08:05Z,2026-08-16T18:08:05Z,0.0
SN15 2LH,SEPD,HV,1,TV4196,1614,2026-08-16T18:08:05Z,2026-08-16T18:08:05Z,0.0
SN15 2LL,SEPD,HV,1,TV4196,1614,2026-08-16T18:08:05Z,2026-08-16T18:08:05Z,0.0
SN15 2LP,SEPD,HV,1,TV4196,1614,2026-08-16T18:08:05Z,2026-08-16T18:08:05Z,0.0
SN15 2LQ,SEPD,HV,1,TV4196,1614,2026-08-16T18:08:05Z,2026-08-16T18:08:05Z,0.0
SN15 2LR,SEPD,HV,1,TV4196,1614,2026-08-16T18:08:05Z,2026-08-16T18:08:05Z,0.0
SN15 2LS,SEPD,HV,1,TV4196,1614,2026-08-16T18:08:05Z,2026-08-16T18:08:05Z,0.0
SN15 2LT,SEPD,HV,1,TV4196,1614,2026-08-16T18:08:05Z,2026-08-16T18:08:05Z,0.0
SN15 2LW,SEPD,HV,1,TV4196,1614,2026-08-16T18:08:05Z,2026-08-16T18:08:05Z,0.0
SN15 2LY,SEPD,HV,1,TV4196,1614,2026-08-16T18:08:05Z,2026-08-16T18:08:05Z,0.0
SN15 2LZ,SEPD,HV,1,TV4196,1614,2026-08-16T18:08:05Z,2026-08-16T18:08:05Z,0.0
SN15 2NA,SEPD,HV,1,TV4196,1614,2026-08-16T18:08:05Z,2026-08-16T18:08:05Z,0.0
SN15 2NB,SEPD,HV,1,TV4196,1614,2026-08-16T18:08:05Z,2026-08-16T18:08:05Z,0.0
SN15 2ND,SEPD,HV,1,TV4196,1614,2026-08-16T18:08:05Z,2026-08-16T18:08:05Z,0.0
SN15 2NE,SEPD,HV,1,TV4196,1614,2026-08-16T18:08:05Z,2026-08-16T18:08:05Z,0.0
SN15 2NF,SEPD,HV,1,TV4196,1614,2026-08-16T18:08:05Z,2026-08-16T18:08:05Z,0.0
SN15 2NW,SEPD,HV,1,TV4196,1614,2026-08-16T18:08:05Z,2026-08-16T18:08:05Z,0.0
SN15 2NY,SEPD,HV,1,TV4196,1614,2026-08-16T18:08:05Z,2026-08-16T18:08:05Z,0.0
SN15 2NZ,SEPD,HV,1,TV4196,1614,2026-08-16T18:08:05Z,2026-08-16T18:08:05Z,0.0
SN15 2PB,SEPD,HV,1,TV4196,1614,2026-08-16T18:08:05Z,2026-08-16T18:08:05Z,0.0
SN15 2PD,SEPD,HV,1,TV4196,1614,2026-08-16T18:08:05Z,2026-08-16T18:08:05Z,0.0
SN15 2PE,SEPD,HV,1,TV4196,1614,2026-08-16T18:08:05Z,2026-08-16T18:08:05Z,0.0
SN15 2PF,SEPD,HV,1,TV4196,1614,2026-08-16T18:08:05Z,2026-08-16T18:08:05Z,0.0
SN15 2PG,SEPD,HV,1,TV4196,1614,2026-08-16T18:08:05Z,2026-08-16T18:08:05Z,0.0
SN15 2PH,SEPD,HV,1,TV4196,1614,2026-08-16T18:08:05Z,2026-08-16T18:08:05Z,0.0
SN15 2PJ,SEPD,HV,1,TV4196,1614,2026-08-16T18:08:05Z,2026-08-16T18:08:05Z,0.0
SN15 2PL,SEPD,HV,1,TV4196,1614,2026-08-16T18:08:05Z,2026-08-16T18:08:05Z,0.0
SN15 2PQ,SEPD,HV,1,TV4196,1614,2026-08-16T18:08:05Z,2026-08-16T18:08:05Z,0.0
SN15 2PW,SEPD,HV,1,TV4196,1614,2026-08-16T18:08:05Z,2026-08-16T18:08:05Z,0.0
SN15 2QH,SEPD,HV,1,TV4196,1614,2026-08-16T18:08:05Z,2026-08-16T18:08:05Z,0.0
SN15 2QJ,SEPD,HV,1,TV4196,1614,2026-08-16T18:08:05Z,2026-08-16T18:08:05Z,0.0
SN15 2QL,SEPD,HV,1,TV4196,1614,2026-08-16T18:08:05Z,2026-08-16T18:08:05Z,0.0
SN15 2RL,SEPD,HV,1,TV4196,1614,2026-08-16T18:08:05Z,2026-08-16T18:08:05Z,0.0
SN15 2RQ,SEPD,HV,1,TV4196,1614,2026-08-16T18:08:05Z,2026-08-16T18:08:05Z,0.0
SN15 2RW,SEPD,HV,1,TV4196,1614,2026-08-16T18:08:05Z,2026-08-16T18:08:05Z,0.0
SN25,SEPD,HV,1,TV4196,1614,2026-08-16T18:08:05Z,2026-08-16T18:08:05Z,0.0
SN3 3NE,SEPD,LV,1,TV1895,11,2026-08-14T13:56:33Z,2026-08-14T13:56:33Z,0.0
SN3 3NG,SEPD,LV,1,TV1895,11,2026-08-14T13:56:33Z,2026-08-14T13:56:33Z,0.0
SN3 3NH,SEPD,LV,1,TV1895,11,2026-08-14T13:56:33Z,2026-08-14T13:56:33Z,0.0
SN3 3NJ,SEPD,LV,1,TV1895,11,2026-08-14T13:56:33Z,2026-08-14T13:56:33Z,0.0
SN9,SEPD,HV,1,TV5300,151,2026-08-17T12:59:19Z,2026-08-17T12:59:19Z,0.0
SN9 5PL,SEPD,HV,1,TV5300,151,2026-08-17T12:59:19Z,2026-08-17T12:59:19Z,0.0
SN9 6HF,SEPD,HV,1,TV5300,151,2026-08-17T12:59:19Z,2026-08-17T12:59:19Z,0.0
SN9 6HG,SEPD,HV,1,TV5300,151,2026-08-17T12:59:19Z,2026-08-17T12:59:19Z,0.0
SN9 6HN,SEPD,HV,1,TV5300,151,2026-08-17T12:59:19Z,2026-08-17T12:59:19Z,0.0
SN9 6HP,SEPD,HV,1,TV5300,151,2026-08-17T12:59:19Z,2026-08-17T12:59:19Z,0.0
SN9 6HQ,SEPD,HV,1,TV5300,151,2026-08-17T12:59:19Z,2026-08-17T12:59:19Z,0.0
SN9 6HW,SEPD,HV,1,TV5300,151,2026-08-17T12:59:19Z,2026-08-17T12:59:19Z,0.0
SN9 6LD,SEPD,HV,1,TV5300,151,2026-08-17T12:59:19Z,2026-08-17T12:59:19Z,0.0
SN9 6LE,SEPD,HV,1,TV5300,151,2026-08-17T12:59:19Z,2026-08-17T12:59:19Z,0.0
SN9 6LF,SEPD,HV,1,TV5300,151,2026-08-17T12:59:19Z,2026-08-17T12:59:19Z,0.0
SN9 6LG,SEPD,HV,1,TV5300,151,2026-08-17T12:59:19Z,2026-08-17T12:59:19Z,0.0
SN9 6LH,SEPD,HV,1,TV5300,151,2026-08-17T12:59:19Z,2026-08-17T12:59:19Z,0.0
SN9 6LJ,SEPD,HV,1,TV5300,151,2026-08-17T12:59:19Z,2026-08-17T12:59:19Z,0.0
SN9 6LL,SEPD,HV,1,TV5300,151,2026-08-17T12:59:19Z,2026-08-17T12:59:19Z,0.0
SN9 6LP,SEPD,HV,1,TV5300,151,2026-08-17T12:59:19Z,2026-08-17T12:59:19Z,0.0
SN9 6LQ,SEPD,HV,1,TV5300,151,2026-08-17T12:59:19Z,2026-08-17T12:59:19Z,0.0
SN9 6LR,SEPD,HV,1,TV5300,151,2026-08-17T12:59:19Z,2026-08-17T12:59:19Z,0.0
SN9 6LS,SEPD,HV,1,TV5300,151,2026-08-17T12:59:19Z,2026-08-17T12:59:19Z,0.0
SN9 6LT,SEPD,HV,1,TV5300,151,2026-08-17T12:59:19Z,2026-08-17T12:59:19Z,0.0
SN9 6LU,SEPD,HV,1,TV5300,151,2026-08-17T12:59:19Z,2026-08-17T12:59:19Z,0.0
SN9 6LW,SEPD,HV,1,TV5300,151,2026-08-17T12:59:19Z,2026-08-17T12:59:19Z,0.0
SO40 2QH,SEPD,LV,1,TV0620,14,2026-08-13T13:45:21Z,2026-08-13T13:45:21Z,0.0
SO40 2QW,SEPD,LV,1,TV0620,14,2026-08-13T13:45:21Z,2026-08-13T13:45:21Z,0.0
SO45 3LS,SEPD,HV,1,TV2263,2085,2026-08-14T19:06:05Z,2026-08-14T19:06:05Z,0.0
SO45 3NY,SEPD,HV,1,TV2263,2085,2026-08-14T19:06:05Z,2026-08-14T19:06:05Z,0.0
SO45 3QY,SEPD,HV,1,TV2263,2085,2026-08-14T19:06:05Z,2026-08-14T19:06:05Z,0.0
SO45 3QZ,SEPD,HV,1,TV2263,2085,2026-08-14T19:06:05Z,2026-08-14T19:06:05Z,0.0
SO45 3RF,SEPD,HV,1,TV2263,2085,2026-08-14T19:06:05Z,2026-08-14T19:06:05Z,0.0
SO45 3RG,SEPD,HV,1,TV2263,2085,2026-08-14T19:06:05Z,2026-08-14T19:06:05Z,0.0
SO45 3RH,SEPD,HV,1,TV2263,2085,2026-08-14T19:06:05Z,2026-08-14T19:06:05Z,0.0
SO45 3RJ,SEPD,HV,1,TV2263,2085,2026-08-14T19:06:05Z,2026-08-14T19:06:05Z,0.0
SO45 3RL,SEPD,HV,1,TV2263,2085,2026-08-14T19:06:05Z,2026-08-14T19:06:05Z,0.0
SO45 3RN,SEPD,HV,1,TV2263,2085,2026-08-14T19:06:05Z,2026-08-14T19:06:05Z,0.0
SO45 3RS,SEPD,HV,1,TV2263,2085,2026-08-14T19:06:05Z,2026-08-14T19:06:05Z,0.0
SO45 3RT,SEPD,HV,1,TV2263,2085,2026-08-14T19:06:05Z,2026-08-14T19:06:05Z,0.0
SO45 4BA,SEPD,HV,1,TV2263,2085,2026-08-14T19:06:05Z,2026-08-14T19:06:05Z,0.0
SO45 4HA,SEPD,HV,1,TV2263,2085,2026-08-14T19:06:05Z,2026-08-14T19:06:05Z,0.0
SO45 4HJ,SEPD,HV,1,TV2263,2085,2026-08-14T19:06:05Z,2026-08-14T19:06:05Z,0.0
SO45 4HN,SEPD,HV,1,TV2263,2085,2026-08-14T19:06:05Z,2026-08-14T19:06:05Z,0.0
SO45 4HP,SEPD,HV,1,TV2263,2085,2026-08-14T19:06:05Z,2026-08-14T19:06:05Z,0.0
SO45 4HR,SEPD,HV,1,TV2263,2085,2026-08-14T19:06:05Z,2026-08-14T19:06:05Z,0.0
SO45 4HS,SEPD,HV,1,TV2263,2085,2026-08-14T19:06:05Z,2026-08-14T19:06:05Z,0.0
SO45 4HX,SEPD,HV,1,TV2263,2085,2026-08-14T19:06:05Z,2026-08-14T19:06:05Z,0.0
SO45 4HY,SEPD,HV,1,TV2263,2085,2026-08-14T19:06:05Z,2026-08-14T19:06:05Z,0.0
SO45 4HZ,SEPD,HV,1,TV2263,2085,2026-08-14T19:06:05Z,2026-08-14T19:06:05Z,0.0
SO45 4LL,SEPD,HV,1,TV2263,2085,2026-08-14T19:06:05Z,2026-08-14T19:06:05Z,0.0
SO45 4LP,SEPD,HV,1,TV2263,2085,2026-08-14T19:06:05Z,2026-08-14T19:06:05Z,0.0
SO45 4LU,SEPD,HV,1,TV2263,2085,2026-08-14T19:06:05Z,2026-08-14T19:06:05Z,0.0
SO45 4LX,SEPD,HV,1,TV2263,2085,2026-08-14T19:06:05Z,2026-08-14T19:06:05Z,0.0
SO45 4LY,SEPD,HV,1,TV2263,2085,2026-08-14T19:06:05Z,2026-08-14T19:06:05Z,0.0
SO45 4LZ,SEPD,HV,1,TV2263,2085,2026-08-14T19:06:05Z,2026-08-14T19:06:05Z,0.0
SO45 4NB,SEPD,HV,1,TV2263,2085,2026-08-14T19:06:05Z,2026-08-14T19:06:05Z,0.0
SO45 4ND,SEPD,HV,1,TV2263,2085,2026-08-14T19:06:05Z,2026-08-14T19:06:05Z,0.0
SO45 4NE,SEPD,HV,1,TV2263,2085,2026-08-14T19:06:05Z,2026-08-14T19:06:05Z,0.0
SO45 4NF,SEPD,HV,1,TV2263,2085,2026-08-14T19:06:05Z,2026-08-14T19:06:05Z,0.0
SO45 4NH,SEPD,HV,1,TV2263,2085,2026-08-14T19:06:05Z,2026-08-14T19:06:05Z,0.0
SO45 4NJ,SEPD,HV,1,TV2263,2085,2026-08-14T19:06:05Z,2026-08-14T19:06:05Z,0.0
SO45 4NL,SEPD,HV,1,TV2263,2085,2026-08-14T19:06:05Z,2026-08-14T19:06:05Z,0.0
SO45 4NP,SEPD,HV,1,TV2263,2085,2026-08-14T19:06:05Z,2026-08-14T19:06:05Z,0.0
SO45 4NS,SEPD,HV,1,TV2263,2085,2026-08-14T19:06:05Z,2026-08-14T19:06:05Z,0.0
SO45 4NT,SEPD,HV,1,TV2263,2085,2026-08-14T19:06:05Z,2026-08-14T19:06:05Z,0.0
SO45 4NZ,SEPD,HV,1,TV2263,2085,2026-08-14T19:06:05Z,2026-08-14T19:06:05Z,0.0
SO45 4ZB,SEPD,HV,1,TV2263,2085,2026-08-14T19:06:05Z,2026-08-14T19:06:05Z,0.0
SO45 4ZD,SEPD,HV,1,TV2263,2085,2026-08-14T19:06:05Z,2026-08-14T19:06:05Z,0.0
SO45 5AH,SEPD,HV,1,TV2263,2085,2026-08-14T19:06:05Z,2026-08-14T19:06:05Z,0.0
SO45 5AR,SEPD,HV,1,TV2263,2085,2026-08-14T19:06:05Z,2026-08-14T19:06:05Z,0.0
SO45 5BN,SEPD,HV,1,TV2263,2085,2026-08-14T19:06:05Z,2026-08-14T19:06:05Z,0.0
SO45 5BP,SEPD,HV,1,TV2263,2085,2026-08-14T19:06:05Z,2026-08-14T19:06:05Z,0.0
SO45 5BQ,SEPD,HV,1,TV2263,2085,2026-08-14T19:06:05Z,2026-08-14T19:06:05Z,0.0
SO45 5BR,SEPD,HV,1,TV2263,2085,2026-08-14T19:06:05Z,2026-08-14T19:06:05Z,0.0
SO45 5BS,SEPD,HV,1,TV2263,2085,2026-08-14T19:06:05Z,2026-08-14T19:06:05Z,0.0
SO45 5BT,SEPD,HV,1,TV2263,2085,2026-08-14T19:06:05Z,2026-08-14T19:06:05Z,0.0
SO45 5EW,SEPD,HV,1,TV2263,2085,2026-08-14T19:06:05Z,2026-08-14T19:06:05Z,0.0
SO45 5EX,SEPD,HV,1,TV2263,2085,2026-08-14T19:06:05Z,2026-08-14T19:06:05Z,0.0
SO45 5EZ,SEPD,HV,1,TV2263,2085,2026-08-14T19:06:05Z,2026-08-14T19:06:05Z,0.0
SO45 5GQ,SEPD,HV,1,TV2263,2085,2026-08-14T19:06:05Z,2026-08-14T19:06:05Z,0.0
SO45 5GR,SEPD,HV,1,TV2263,2085,2026-08-14T19:06:05Z,2026-08-14T19:06:05Z,0.0
SO45 5GT,SEPD,HV,1,TV2263,2085,2026-08-14T19:06:05Z,2026-08-14T19:06:05Z,0.0
SO45 5GW,SEPD,HV,1,TV2263,2085,2026-08-14T19:06:05Z,2026-08-14T19:06:05Z,0.0
SO45 5GX,SEPD,HV,1,TV2263,2085,2026-08-14T19:06:05Z,2026-08-14T19:06:05Z,0.0
SO45 5GY,SEPD,HV,1,TV2263,2085,2026-08-14T19:06:05Z,2026-08-14T19:06:05Z,0.0
SO45 5NQ,SEPD,HV,1,TV2263,2085,2026-08-14T19:06:05Z,2026-08-14T19:06:05Z,0.0
SO45 5WX,SEPD,HV,1,TV2263,2085,2026-08-14T19:06:05Z,2026-08-14T19:06:05Z,0.0
SO45 6AG,SEPD,HV,1,TV2263,2085,2026-08-14T19:06:05Z,2026-08-14T19:06:05Z,0.0
SO45 6AH,SEPD,HV,1,TV2263,2085,2026-08-14T19:06:05Z,2026-08-14T19:06:05Z,0.0
SO45 6AJ,SEPD,HV,1,TV2263,2085,2026-08-14T19:06:05Z,2026-08-14T19:06:05Z,0.0
SO45 6AL,SEPD,HV,1,TV2263,2085,2026-08-14T19:06:05Z,2026-08-14T19:06:05Z,0.0
SO45 6AN,SEPD,HV,1,TV2263,2085,2026-08-14T19:06:05Z,2026-08-14T19:06:05Z,0.0
SO45 6AP,SEPD,HV,1,TV2263,2085,2026-08-14T19:06:05Z,2026-08-14T19:06:05Z,0.0
SO45 6AQ,SEPD,HV,1,TV2263,2085,2026-08-14T19:06:05Z,2026-08-14T19:06:05Z,0.0
SO45 6AR,SEPD,HV,1,TV2263,2085,2026-08-14T19:06:05Z,2026-08-14T19:06:05Z,0.0
SO45 6AT,SEPD,HV,1,TV2263,2085,2026-08-14T19:06:05Z,2026-08-14T19:06:05Z,0.0
SO45 6AU,SEPD,HV,1,TV2263,2085,2026-08-14T19:06:05Z,2026-08-14T19:06:05Z,0.0
SO45 6BJ,SEPD,HV,1,TV2263,2085,2026-08-14T19:06:05Z,2026-08-14T19:06:05Z,0.0
SO45 6BL,SEPD,HV,1,TV2263,2085,2026-08-14T19:06:05Z,2026-08-14T19:06:05Z,0.0
SO45 6BN,SEPD,HV,1,TV2263,2085,2026-08-14T19:06:05Z,2026-08-14T19:06:05Z,0.0
SO45 6BP,SEPD,HV,1,TV2263,2085,2026-08-14T19:06:05Z,2026-08-14T19:06:05Z,0.0
SO45 6BZ,SEPD,HV,1,TV2263,2085,2026-08-14T19:06:05Z,2026-08-14T19:06:05Z,0.0
SO45 6DA,SEPD,HV,1,TV2263,2085,2026-08-14T19:06:05Z,2026-08-14T19:06:05Z,0.0
SO45 6DB,SEPD,HV,1,TV2263,2085,2026-08-14T19:06:05Z,2026-08-14T19:06:05Z,0.0
SO45 6DD,SEPD,HV,1,TV2263,2085,2026-08-14T19:06:05Z,2026-08-14T19:06:05Z,0.0
SO45 6DF,SEPD,HV,1,TV2263,2085,2026-08-14T19:06:05Z,2026-08-14T19:06:05Z,0.0
SO45 6DS,SEPD,HV,1,TV2263,2085,2026-08-14T19:06:05Z,2026-08-14T19:06:05Z,0.0
SO45 6EA,SEPD,HV,1,TV2263,2085,2026-08-14T19:06:05Z,2026-08-14T19:06:05Z,0.0
SO45 6EB,SEPD,HV,1,TV2263,2085,2026-08-14T19:06:05Z,2026-08-14T19:06:05Z,0.0
SO45 6EG,SEPD,HV,1,TV2263,2085,2026-08-14T19:06:05Z,2026-08-14T19:06:05Z,0.0
SO45 6EH,SEPD,HV,1,TV2263,2085,2026-08-14T19:06:05Z,2026-08-14T19:06:05Z,0.0
SO45 6EJ,SEPD,HV,1,TV2263,2085,2026-08-14T19:06:05Z,2026-08-14T19:06:05Z,0.0
SO45 6EL,SEPD,HV,1,TV2263,2085,2026-08-14T19:06:05Z,2026-08-14T19:06:05Z,0.0
SO45 6EN,SEPD,HV,1,TV2263,2085,2026-08-14T19:06:05Z,2026-08-14T19:06:05Z,0.0
SO45 6EP,SEPD,HV,1,TV2263,2085,2026-08-14T19:06:05Z,2026-08-14T19:06:05Z,0.0
SO45 6EQ,SEPD,HV,1,TV2263,2085,2026-08-14T19:06:05Z,2026-08-14T19:06:05Z,0.0
SO45 6ER,SEPD,HV,1,TV2263,2085,2026-08-14T19:06:05Z,2026-08-14T19:06:05Z,0.0
SO45 6ES,SEPD,HV,1,TV2263,2085,2026-08-14T19:06:05Z,2026-08-14T19:06:05Z,0.0
SO45 6ET,SEPD,HV,1,TV2263,2085,2026-08-14T19:06:05Z,2026-08-14T19:06:05Z,0.0
SO45 6EU,SEPD,HV,1,TV2263,2085,2026-08-14T19:06:05Z,2026-08-14T19:06:05Z,0.0
SO45 6EW,SEPD,HV,1,TV2263,2085,2026-08-14T19:06:05Z,2026-08-14T19:06:05Z,0.0
SO45 6EX,SEPD,HV,1,TV2263,2085,2026-08-14T19:06:05Z,2026-08-14T19:06:05Z,0.0
SO45 6EY,SEPD,HV,1,TV2263,2085,2026-08-14T19:06:05Z,2026-08-14T19:06:05Z,0.0
SO45 6EZ,SEPD,HV,1,TV2263,2085,2026-08-14T19:06:05Z,2026-08-14T19:06:05Z,0.0
SO45 6FB,SEPD,HV,1,TV2263,2085,2026-08-14T19:06:05Z,2026-08-14T19:06:05Z,0.0
SO45 6FD,SEPD,HV,1,TV2263,2085,2026-08-14T19:06:05Z,2026-08-14T19:06:05Z,0.0
SO45 6FE,SEPD,HV,1,TV2263,2085,2026-08-14T19:06:05Z,2026-08-14T19:06:05Z,0.0
SO45 6FF,SEPD,HV,1,TV2263,2085,2026-08-14T19:06:05Z,2026-08-14T19:06:05Z,0.0
SO45 6FH,SEPD,HV,1,TV2263,2085,2026-08-14T19:06:05Z,2026-08-14T19:06:05Z,0.0
SO45 6FJ,SEPD,HV,1,TV2263,2085,2026-08-14T19:06:05Z,2026-08-14T19:06:05Z,0.0
SO45 6FL,SEPD,HV,1,TV2263,2085,2026-08-14T19:06:05Z,2026-08-14T19:06:05Z,0.0
SO45 6FN,SEPD,HV,1,TV2263,2085,2026-08-14T19:06:05Z,2026-08-14T19:06:05Z,0.0
SO45 6FP,SEPD,HV,1,TV2263,2085,2026-08-14T19:06:05Z,2026-08-14T19:06:05Z,0.0
SO45 6FW,SEPD,HV,1,TV2263,2085,2026-08-14T19:06:05Z,2026-08-14T19:06:05Z,0.0
SO45 6GJ,SEPD,HV,1,TV2263,2085,2026-08-14T19:06:05Z,2026-08-14T19:06:05Z,0.0
SO45 6GQ,SEPD,HV,1,TV2263,2085,2026-08-14T19:06:05Z,2026-08-14T19:06:05Z,0.0
SO45 6HA,SEPD,HV,1,TV2263,2085,2026-08-14T19:06:05Z,2026-08-14T19:06:05Z,0.0
SO45 6HB,SEPD,HV,1,TV2263,2085,2026-08-14T19:06:05Z,2026-08-14T19:06:05Z,0.0
SO45 6HD,SEPD,HV,1,TV2263,2085,2026-08-14T19:06:05Z,2026-08-14T19:06:05Z,0.0
SO45 6HE,SEPD,HV,1,TV2263,2085,2026-08-14T19:06:05Z,2026-08-14T19:06:05Z,0.0
SO45 6JA,SEPD,HV,1,TV2263,2085,2026-08-14T19:06:05Z,2026-08-14T19:06:05Z,0.0
SO45 6JB,SEPD,HV,1,TV2263,2085,2026-08-14T19:06:05Z,2026-08-14T19:06:05Z,0.0
SO45 6JD,SEPD,HV,1,TV2263,2085,2026-08-14T19:06:05Z,2026-08-14T19:06:05Z,0.0
SO45 6JL,SEPD,HV,1,TV2263,2085,2026-08-14T19:06:05Z,2026-08-14T19:06:05Z,0.0
SO45 6JR,SEPD,HV,1,TV2263,2085,2026-08-14T19:06:05Z,2026-08-14T19:06:05Z,0.0
SO45 6JS,SEPD,HV,1,TV2263,2085,2026-08-14T19:06:05Z,2026-08-14T19:06:05Z,0.0
SO45 6JT,SEPD,HV,1,TV2263,2085,2026-08-14T19:06:05Z,2026-08-14T19:06:05Z,0.0
SO45 6JU,SEPD,HV,1,TV2263,2085,2026-08-14T19:06:05Z,2026-08-14T19:06:05Z,0.0
SO45 6JW,SEPD,HV,1,TV2263,2085,2026-08-14T19:06:05Z,2026-08-14T19:06:05Z,0.0
SO45 6JX,SEPD,HV,1,TV2263,2085,2026-08-14T19:06:05Z,2026-08-14T19:06:05Z,0.0
SO45 6JY,SEPD,HV,1,TV2263,2085,2026-08-14T19:06:05Z,2026-08-14T19:06:05Z,0.0
SO45 6JZ,SEPD,HV,1,TV2263,2085,2026-08-14T19:06:05Z,2026-08-14T19:06:05Z,0.0
SO45 6PA,SEPD,HV,1,TV2263,2085,2026-08-14T19:06:05Z,2026-08-14T19:06:05Z,0.0
SO45 6RU,SEPD,HV,1,TV2263,2085,2026-08-14T19:06:05Z,2026-08-14T19:06:05Z,0.0
SO45 6VV,SEPD,HV,1,TV2263,2085,2026-08-14T19:06:05Z,2026-08-14T19:06:05Z,0.0
SO45 6WF,SEPD,HV,1,TV2263,2085,2026-08-14T19:06:05Z,2026-08-14T19:06:05Z,0.0
SO45 6YU,SEPD,HV,1,TV2263,2085,2026-08-14T19:06:05Z,2026-08-14T19:06:05Z,0.0
SO45 6YW,SEPD,HV,1,TV2263,2085,2026-08-14T19:06:05Z,2026-08-14T19:06:05Z,0.0
SO45 6ZB,SEPD,HV,1,TV2263,2085,2026-08-14T19:06:05Z,2026-08-14T19:06:05Z,0.0
SO45 6ZL,SEPD,HV,1,TV2263,2085,2026-08-14T19:06:05Z,2026-08-14T19:06:05Z,0.0
SO45 6ZN,SEPD,HV,1,TV2263,2085,2026-08-14T19:06:05Z,2026-08-14T19:06:05Z,0.0
SO50 6PQ,SEPD,LV,1,TV7734,5,2026-08-19T11:11:48Z,2026-08-19T11:11:48Z,0.0
SO50 6RR,SEPD,LV,1,TV7734,5,2026-08-19T11:11:48Z,2026-08-19T11:11:48Z,0.0
SP1 3JH,SEPD,HV,1,TV4636,548,2026-08-17T06:30:45Z,2026-08-17T06:30:45Z,0.0
SP2 0NF,SEPD,HV,1,TV4636,548,2026-08-17T06:30:45Z,2026-08-17T06:30:45Z,0.0
SP2 8PN,SEPD,HV,1,TV4636,548,2026-08-17T06:30:45Z,2026-08-17T06:30:45Z,0.0
SP5 2RD,SEPD,HV,1,TV0791,1258,2026-08-13T14:47:49Z,2026-08-13T14:47:49Z,0.0
SP5 4AA,SEPD,HV,1,TV4636,548,2026-08-17T06:30:45Z,2026-08-17T06:30:45Z,0.0
SP5 4AB,SEPD,HV,1,TV4636,548,2026-08-17T06:30:45Z,2026-08-17T06:30:45Z,0.0
SP5 4AD,SEPD,HV,1,TV4636,548,2026-08-17T06:30:45Z,2026-08-17T06:30:45Z,0.0
SP5 4AE,SEPD,HV,1,TV4636,548,2026-08-17T06:30:45Z,2026-08-17T06:30:45Z,0.0
SP5 4AF,SEPD,HV,1,TV4636,548,2026-08-17T06:30:45Z,2026-08-17T06:30:45Z,0.0
SP5 4AG,SEPD,HV,1,TV4636,548,2026-08-17T06:30:45Z,2026-08-17T06:30:45Z,0.0
SP5 4AH,SEPD,HV,1,TV4636,548,2026-08-17T06:30:45Z,2026-08-17T06:30:45Z,0.0
SP5 4AJ,SEPD,HV,1,TV4636,548,2026-08-17T06:30:45Z,2026-08-17T06:30:45Z,0.0
SP5 4AL,SEPD,HV,1,TV4636,548,2026-08-17T06:30:45Z,2026-08-17T06:30:45Z,0.0
SP5 4AN,SEPD,HV,1,TV4636,548,2026-08-17T06:30:45Z,2026-08-17T06:30:45Z,0.0
SP5 4AP,SEPD,HV,1,TV4636,548,2026-08-17T06:30:45Z,2026-08-17T06:30:45Z,0.0
SP5 4AQ,SEPD,HV,1,TV4636,548,2026-08-17T06:30:45Z,2026-08-17T06:30:45Z,0.0
SP5 4AR,SEPD,HV,1,TV4636,548,2026-08-17T06:30:45Z,2026-08-17T06:30:45Z,0.0
SP5 4AS,SEPD,HV,1,TV4636,548,2026-08-17T06:30:45Z,2026-08-17T06:30:45Z,0.0
SP5 4AT,SEPD,HV,1,TV4636,548,2026-08-17T06:30:45Z,2026-08-17T06:30:45Z,0.0
SP5 4AU,SEPD,HV,1,TV4636,548,2026-08-17T06:30:45Z,2026-08-17T06:30:45Z,0.0
SP5 4AW,SEPD,HV,1,TV4636,548,2026-08-17T06:30:45Z,2026-08-17T06:30:45Z,0.0
SP5 4AX,SEPD,HV,1,TV4636,548,2026-08-17T06:30:45Z,2026-08-17T06:30:45Z,0.0
SP5 4AY,SEPD,HV,1,TV4636,548,2026-08-17T06:30:45Z,2026-08-17T06:30:45Z,0.0
SP5 4BA,SEPD,HV,1,TV4636,548,2026-08-17T06:30:45Z,2026-08-17T06:30:45Z,0.0
SP5 4BB,SEPD,HV,1,TV4636,548,2026-08-17T06:30:45Z,2026-08-17T06:30:45Z,0.0
SP5 4BD,SEPD,HV,1,TV4636,548,2026-08-17T06:30:45Z,2026-08-17T06:30:45Z,0.0
SP5 4BE,SEPD,HV,1,TV4636,548,2026-08-17T06:30:45Z,2026-08-17T06:30:45Z,0.0
SP5 4BG,SEPD,HV,1,TV4636,548,2026-08-17T06:30:45Z,2026-08-17T06:30:45Z,0.0
SP5 4BH,SEPD,HV,1,TV4636,548,2026-08-17T06:30:45Z,2026-08-17T06:30:45Z,0.0
SP5 4BQ,SEPD,HV,1,TV4636,548,2026-08-17T06:30:45Z,2026-08-17T06:30:45Z,0.0
SP5 4BU,SEPD,HV,1,TV4636,548,2026-08-17T06:30:45Z,2026-08-17T06:30:45Z,0.0
SP5 4BW,SEPD,HV,1,TV4636,548,2026-08-17T06:30:45Z,2026-08-17T06:30:45Z,0.0
SP5 4DB,SEPD,HV,1,TV4636,548,2026-08-17T06:30:45Z,2026-08-17T06:30:45Z,0.0
SP5 4DD,SEPD,HV,1,TV4636,548,2026-08-17T06:30:45Z,2026-08-17T06:30:45Z,0.0
SP5 4DE,SEPD,HV,1,TV4636,548,2026-08-17T06:30:45Z,2026-08-17T06:30:45Z,0.0
SP5 4DF,SEPD,HV,1,TV4636,548,2026-08-17T06:30:45Z,2026-08-17T06:30:45Z,0.0
SP5 4DG,SEPD,HV,1,TV4636,548,2026-08-17T06:30:45Z,2026-08-17T06:30:45Z,0.0
SP5 4DH,SEPD,HV,1,TV4636,548,2026-08-17T06:30:45Z,2026-08-17T06:30:45Z,0.0
SP5 4DQ,SEPD,HV,1,TV4636,548,2026-08-17T06:30:45Z,2026-08-17T06:30:45Z,0.0
SP5 4JT,SEPD,HV,1,TV4636,548,2026-08-17T06:30:45Z,2026-08-17T06:30:45Z,0.0
SP5 4JU,SEPD,HV,1,TV4636,548,2026-08-17T06:30:45Z,2026-08-17T06:30:45Z,0.0
SP5 4JX,SEPD,HV,1,TV4636,548,2026-08-17T06:30:45Z,2026-08-17T06:30:45Z,0.0
SP5 4JY,SEPD,HV,1,TV4636,548,2026-08-17T06:30:45Z,2026-08-17T06:30:45Z,0.0
SP5 4JZ,SEPD,HV,1,TV4636,548,2026-08-17T06:30:45Z,2026-08-17T06:30:45Z,0.0
SP5 4LA,SEPD,HV,1,TV4636,548,2026-08-17T06:30:45Z,2026-08-17T06:30:45Z,0.0
SP5 4LB,SEPD,HV,1,TV4636,548,2026-08-17T06:30:45Z,2026-08-17T06:30:45Z,0.0
SP5 4LD,SEPD,HV,1,TV4636,548,2026-08-17T06:30:45Z,2026-08-17T06:30:45Z,0.0
SP5 4LE,SEPD,HV,1,TV4636,548,2026-08-17T06:30:45Z,2026-08-17T06:30:45Z,0.0
SP5 4LF,SEPD,HV,1,TV4636,548,2026-08-17T06:30:45Z,2026-08-17T06:30:45Z,0.0
SP5 4LG,SEPD,HV,1,TV4636,548,2026-08-17T06:30:45Z,2026-08-17T06:30:45Z,0.0
SP5 4LH,SEPD,HV,1,TV4636,548,2026-08-17T06:30:45Z,2026-08-17T06:30:45Z,0.0
SP5 4LJ,SEPD,HV,1,TV4636,548,2026-08-17T06:30:45Z,2026-08-17T06:30:45Z,0.0
SP5 4LN,SEPD,HV,1,TV4636,548,2026-08-17T06:30:45Z,2026-08-17T06:30:45Z,0.0
SP5 4LQ,SEPD,HV,1,TV4636,548,2026-08-17T06:30:45Z,2026-08-17T06:30:45Z,0.0
SP5 4LR,SEPD,HV,1,TV4636,548,2026-08-17T06:30:45Z,2026-08-17T06:30:45Z,0.0
SP5 4LS,SEPD,HV,1,TV4636,548,2026-08-17T06:30:45Z,2026-08-17T06:30:45Z,0.0
SP5 4LT,SEPD,HV,1,TV4636,548,2026-08-17T06:30:45Z,2026-08-17T06:30:45Z,0.0
SP5 4LU,SEPD,HV,1,TV4636,548,2026-08-17T06:30:45Z,2026-08-17T06:30:45Z,0.0
SP5 4LX,SEPD,HV,1,TV4636,548,2026-08-17T06:30:45Z,2026-08-17T06:30:45Z,0.0
SP5 4LY,SEPD,HV,1,TV4636,548,2026-08-17T06:30:45Z,2026-08-17T06:30:45Z,0.0
SP5 4LZ,SEPD,HV,1,TV4636,548,2026-08-17T06:30:45Z,2026-08-17T06:30:45Z,0.0
SP5 4NA,SEPD,HV,1,TV4636,548,2026-08-17T06:30:45Z,2026-08-17T06:30:45Z,0.0
SP5 4ND,SEPD,HV,1,TV4636,548,2026-08-17T06:30:45Z,2026-08-17T06:30:45Z,0.0
SP5 4NE,SEPD,HV,1,TV4636,548,2026-08-17T06:30:45Z,2026-08-17T06:30:45Z,0.0
SP5 4NF,SEPD,HV,1,TV4636,548,2026-08-17T06:30:45Z,2026-08-17T06:30:45Z,0.0
SP5 4PA,SEPD,HV,1,TV4636,548,2026-08-17T06:30:45Z,2026-08-17T06:30:45Z,0.0
SP5 5AN,SEPD,HV,1,TV0791,1258,2026-08-13T14:47:49Z,2026-08-13T14:47:49Z,0.0
SP5 5AQ,SEPD,HV,1,TV0791,1258,2026-08-13T14:47:49Z,2026-08-13T14:47:49Z,0.0
SP5 5AS,SEPD,HV,1,TV0791,1258,2026-08-13T14:47:49Z,2026-08-13T14:47:49Z,0.0
SP5 5AT,SEPD,HV,1,TV0791,1258,2026-08-13T14:47:49Z,2026-08-13T14:47:49Z,0.0
SP5 5AY,SEPD,HV,1,TV0791,1258,2026-08-13T14:47:49Z,2026-08-13T14:47:49Z,0.0
SP5 5BU,SEPD,HV,1,TV0791,1258,2026-08-13T14:47:49Z,2026-08-13T14:47:49Z,0.0
SP5 5DF,SEPD,HV,1,TV0791,1258,2026-08-13T14:47:49Z,2026-08-13T14:47:49Z,0.0
SP5 5DG,SEPD,HV,1,TV0791,1258,2026-08-13T14:47:49Z,2026-08-13T14:47:49Z,0.0
SP5 5DZ,SEPD,HV,1,TV4636,548,2026-08-17T06:30:45Z,2026-08-17T06:30:45Z,0.0
SP5 5HB,SEPD,HV,1,TV4636,548,2026-08-17T06:30:45Z,2026-08-17T06:30:45Z,0.0
SP5 5JA,SEPD,HV,1,TV0791,1258,2026-08-13T14:47:49Z,2026-08-13T14:47:49Z,0.0
SP5 5LP,SEPD,HV,1,TV0791,1258,2026-08-13T14:47:49Z,2026-08-13T14:47:49Z,0.0
SP5 5LR,SEPD,HV,1,TV0791,1258,2026-08-13T14:47:49Z,2026-08-13T14:47:49Z,0.0
SP5 5LS,SEPD,HV,1,TV0791,1258,2026-08-13T14:47:49Z,2026-08-13T14:47:49Z,0.0
SP5 5LT,SEPD,HV,1,TV0791,1258,2026-08-13T14:47:49Z,2026-08-13T14:47:49Z,0.0
SP5 5LU,SEPD,HV,1,TV4636,548,2026-08-17T06:30:45Z,2026-08-17T06:30:45Z,0.0
SP5 5LX,SEPD,HV,1,TV4636,548,2026-08-17T06:30:45Z,2026-08-17T06:30:45Z,0.0
SP5 5NA,SEPD,HV,1,TV0791,1258,2026-08-13T14:47:49Z,2026-08-13T14:47:49Z,0.0
SP5 5ND,SEPD,HV,1,TV0791,1258,2026-08-13T14:47:49Z,2026-08-13T14:47:49Z,0.0
SP5 5NF,SEPD,HV,1,TV0791,1258,2026-08-13T14:47:49Z,2026-08-13T14:47:49Z,0.0
SP5 5NG,SEPD,HV,1,TV0791,1258,2026-08-13T14:47:49Z,2026-08-13T14:47:49Z,0.0
SP5 5NH,SEPD,HV,1,TV0791,1258,2026-08-13T14:47:49Z,2026-08-13T14:47:49Z,0.0
SP5 5NJ,SEPD,HV,1,TV0791,1258,2026-08-13T14:47:49Z,2026-08-13T14:47:49Z,0.0
SP5 5NL,SEPD,HV,1,TV0791,1258,2026-08-13T14:47:49Z,2026-08-13T14:47:49Z,0.0
SP5 5NN,SEPD,HV,1,TV0791,1258,2026-08-13T14:47:49Z,2026-08-13T14:47:49Z,0.0
SP5 5NP,SEPD,HV,1,TV0791,1258,2026-08-13T14:47:49Z,2026-08-13T14:47:49Z,0.0
SP5 5NQ,SEPD,HV,1,TV0791,1258,2026-08-13T14:47:49Z,2026-08-13T14:47:49Z,0.0
SP5 5NR,SEPD,HV,1,TV0791,1258,2026-08-13T14:47:49Z,2026-08-13T14:47:49Z,0.0
SP5 5NS,SEPD,HV,1,TV0791,1258,2026-08-13T14:47:49Z,2026-08-13T14:47:49Z,0.0
SP5 5NT,SEPD,HV,1,TV0791,1258,2026-08-13T14:47:49Z,2026-08-13T14:47:49Z,0.0
SP5 5NU,SEPD,HV,1,TV0791,1258,2026-08-13T14:47:49Z,2026-08-13T14:47:49Z,0.0
SP5 5NW,SEPD,HV,1,TV0791,1258,2026-08-13T14:47:49Z,2026-08-13T14:47:49Z,0.0
SP5 5NX,SEPD,HV,1,TV0791,1258,2026-08-13T14:47:49Z,2026-08-13T14:47:49Z,0.0
SP5 5NY,SEPD,HV,1,TV0791,1258,2026-08-13T14:47:49Z,2026-08-13T14:47:49Z,0.0
SP5 5NZ,SEPD,HV,1,TV0791,1258,2026-08-13T14:47:49Z,2026-08-13T14:47:49Z,0.0
SP5 5PA,SEPD,HV,1,TV0791,1258,2026-08-13T14:47:49Z,2026-08-13T14:47:49Z,0.0
SP5 5PB,SEPD,HV,1,TV0791,1258,2026-08-13T14:47:49Z,2026-08-13T14:47:49Z,0.0
SP5 5PD,SEPD,HV,1,TV0791,1258,2026-08-13T14:47:49Z,2026-08-13T14:47:49Z,0.0
SP5 5PE,SEPD,HV,1,TV0791,1258,2026-08-13T14:47:49Z,2026-08-13T14:47:49Z,0.0
SP5 5PF,SEPD,HV,1,TV0791,1258,2026-08-13T14:47:49Z,2026-08-13T14:47:49Z,0.0
SP5 5PG,SEPD,HV,1,TV0791,1258,2026-08-13T14:47:49Z,2026-08-13T14:47:49Z,0.0
SP5 5PH,SEPD,HV,1,TV0791,1258,2026-08-13T14:47:49Z,2026-08-13T14:47:49Z,0.0
SP5 5PJ,SEPD,HV,1,TV0791,1258,2026-08-13T14:47:49Z,2026-08-13T14:47:49Z,0.0
SP5 5PL,SEPD,HV,1,TV0791,1258,2026-08-13T14:47:49Z,2026-08-13T14:47:49Z,0.0
SP5 5PN,SEPD,HV,1,TV0791,1258,2026-08-13T14:47:49Z,2026-08-13T14:47:49Z,0.0
SP5 5PQ,SEPD,HV,1,TV0791,1258,2026-08-13T14:47:49Z,2026-08-13T14:47:49Z,0.0
SP5 5PY,SEPD,HV,1,TV0791,1258,2026-08-13T14:47:49Z,2026-08-13T14:47:49Z,0.0
SP5 5PZ,SEPD,HV,1,TV0791,1258,2026-08-13T14:47:49Z,2026-08-13T14:47:49Z,0.0
SP5 5QA,SEPD,HV,1,TV0791,1258,2026-08-13T14:47:49Z,2026-08-13T14:47:49Z,0.0
SP5 5QJ,SEPD,HV,1,TV0791,1258,2026-08-13T14:47:49Z,2026-08-13T14:47:49Z,0.0
SP5 5QL,SEPD,HV,1,TV0791,1258,2026-08-13T14:47:49Z,2026-08-13T14:47:49Z,0.0
SP5 5QN,SEPD,HV,1,TV0791,1258,2026-08-13T14:47:49Z,2026-08-13T14:47:49Z,0.0
SP5 5QP,SEPD,HV,1,TV0791,1258,2026-08-13T14:47:49Z,2026-08-13T14:47:49Z,0.0
SP5 5QQ,SEPD,HV,1,TV0791,1258,2026-08-13T14:47:49Z,2026-08-13T14:47:49Z,0.0
SP5 5QR,SEPD,HV,1,TV0791,1258,2026-08-13T14:47:49Z,2026-08-13T14:47:49Z,0.0
SP5 5QS,SEPD,HV,1,TV0791,1258,2026-08-13T14:47:49Z,2026-08-13T14:47:49Z,0.0
SP5 5QT,SEPD,HV,1,TV0791,1258,2026-08-13T14:47:49Z,2026-08-13T14:47:49Z,0.0
SP5 5QU,SEPD,HV,1,TV0791,1258,2026-08-13T14:47:49Z,2026-08-13T14:47:49Z,0.0
SP5 5QX,SEPD,HV,1,TV0791,1258,2026-08-13T14:47:49Z,2026-08-13T14:47:49Z,0.0
SP5 5QY,SEPD,HV,1,TV0791,1258,2026-08-13T14:47:49Z,2026-08-13T14:47:49Z,0.0
SP5 5QZ,SEPD,HV,1,TV0791,1258,2026-08-13T14:47:49Z,2026-08-13T14:47:49Z,0.0
SP5 5RA,SEPD,HV,1,TV0791,1258,2026-08-13T14:47:49Z,2026-08-13T14:47:49Z,0.0
SP5 5RB,SEPD,HV,1,TV0791,1258,2026-08-13T14:47:49Z,2026-08-13T14:47:49Z,0.0
SP5 5RD,SEPD,HV,1,TV4636,548,2026-08-17T06:30:45Z,2026-08-17T06:30:45Z,0.0
SP5 5RE,SEPD,HV,1,TV4636,548,2026-08-17T06:30:45Z,2026-08-17T06:30:45Z,0.0
SP5 5RF,SEPD,HV,1,TV4636,548,2026-08-17T06:30:45Z,2026-08-17T06:30:45Z,0.0
SP5 5RG,SEPD,HV,1,TV4636,548,2026-08-17T06:30:45Z,2026-08-17T06:30:45Z,0.0
SP5 5RH,SEPD,HV,1,TV0791,1258,2026-08-13T14:47:49Z,2026-08-13T14:47:49Z,0.0
SP5 5RJ,SEPD,HV,1,TV0791,1258,2026-08-13T14:47:49Z,2026-08-13T14:47:49Z,0.0
SP5 5RL,SEPD,HV,1,TV4636,548,2026-08-17T06:30:45Z,2026-08-17T06:30:45Z,0.0
SP5 5RN,SEPD,HV,1,TV0791,1258,2026-08-13T14:47:49Z,2026-08-13T14:47:49Z,0.0
SP5 5RP,SEPD,HV,1,TV0791,1258,2026-08-13T14:47:49Z,2026-08-13T14:47:49Z,0.0
SP5 5RQ,SEPD,HV,1,TV0791,1258,2026-08-13T14:47:49Z,2026-08-13T14:47:49Z,0.0
SP5 5RR,SEPD,HV,1,TV0791,1258,2026-08-13T14:47:49Z,2026-08-13T14:47:49Z,0.0
SP5 5RS,SEPD,HV,1,TV0791,1258,2026-08-13T14:47:49Z,2026-08-13T14:47:49Z,0.0
SP5 5RT,SEPD,HV,1,TV0791,1258,2026-08-13T14:47:49Z,2026-08-13T14:47:49Z,0.0
SP5 5RU,SEPD,HV,1,TV0791,1258,2026-08-13T14:47:49Z,2026-08-13T14:47:49Z,0.0
SP5 5RW,SEPD,HV,1,TV0791,1258,2026-08-13T14:47:49Z,2026-08-13T14:47:49Z,0.0
SP5 5RX,SEPD,HV,1,TV0791,1258,2026-08-13T14:47:49Z,2026-08-13T14:47:49Z,0.0
SP5 5RY,SEPD,HV,1,TV0791,1258,2026-08-13T14:47:49Z,2026-08-13T14:47:49Z,0.0
SP5 5SA,SEPD,HV,1,TV0791,1258,2026-08-13T14:47:49Z,2026-08-13T14:47:49Z,0.0
SP6 3ES,SEPD,HV,1,TV7840,10,2026-08-19T08:59:42Z,2026-08-19T08:59:42Z,0.0
SP6 3ET,SEPD,HV,1,TV7840,10,2026-08-19T08:59:42Z,2026-08-19T08:59:42Z,0.0
SP6 3EU,SEPD,HV,1,TV7840,10,2026-08-19T08:59:42Z,2026-08-19T08:59:42Z,0.0
SP6 3EX,SEPD,HV,1,TV7840,10,2026-08-19T08:59:42Z,2026-08-19T08:59:42Z,0.0
SP6 3EY,SEPD,HV,1,TV7840,10,2026-08-19T08:59:42Z,2026-08-19T08:59:42Z,0.0
SP6 3EZ,SEPD,HV,1,TV7840,10,2026-08-19T08:59:42Z,2026-08-19T08:59:42Z,0.0
SP6 3HB,SEPD,HV,1,TV7840,10,2026-08-19T08:59:42Z,2026-08-19T08:59:42Z,0.0
SP6 3HD,SEPD,HV,1,TV7840,10,2026-08-19T08:59:42Z,2026-08-19T08:59:42Z,0.0
SP6 3HE,SEPD,HV,1,TV7840,10,2026-08-19T08:59:42Z,2026-08-19T08:59:42Z,0.0
SP6 3HG,SEPD,HV,1,TV7840,10,2026-08-19T08:59:42Z,2026-08-19T08:59:42Z,0.0
SP6 3HH,SEPD,HV,1,TV7840,10,2026-08-19T08:59:42Z,2026-08-19T08:59:42Z,0.0
SP6 3HJ,SEPD,HV,1,TV7840,10,2026-08-19T08:59:42Z,2026-08-19T08:59:42Z,0.0
SP6 3HL,SEPD,HV,1,TV7840,10,2026-08-19T08:59:42Z,2026-08-19T08:59:42Z,0.0
SP6 3HQ,SEPD,HV,1,TV7840,10,2026-08-19T08:59:42Z,2026-08-19T08:59:42Z,0.0
SP6 3JB,SEPD,HV,1,TV7840,10,2026-08-19T08:59:42Z,2026-08-19T08:59:42Z,0.0
SP6 3JT,SEPD,HV,1,TV4636,548,2026-08-17T06:30:45Z,2026-08-17T06:30:45Z,0.0
SP8 4SH,SEPD,LV,1,TV1295,16,2026-08-13T21:24:51Z,2026-08-13T21:24:51Z,0.0
SP8 4SL,SEPD,LV,1,TV1295,16,2026-08-13T21:24:51Z,2026-08-13T21:24:51Z,0.0
SP8 4SN,SEPD,LV,1,TV1295,16,2026-08-13T21:24:51Z,2026-08-13T21:24:51Z,0.0
SP8 4TA,SEPD,LV,1,TV1295,16,2026-08-13T21:24:51Z,2026-08-13T21:24:51Z,0.0
UB5 4AB,SEPD,HV,1,TV3983,152,2026-08-16T16:42:14Z,2026-08-16T16:42:14Z,0.0
UB5 4AD,SEPD,HV,1,TV3983,152,2026-08-16T16:42:14Z,2026-08-16T16:42:14Z,0.0
UB5 4AE,SEPD,HV,1,TV3983,152,2026-08-16T16:42:14Z,2026-08-16T16:42:14Z,0.0
UB5 4AF,SEPD,HV,1,TV3983,152,2026-08-16T16:42:14Z,2026-08-16T16:42:14Z,0.0
UB5 4AG,SEPD,HV,1,TV3983,152,2026-08-16T16:42:14Z,2026-08-16T16:42:14Z,0.0
UB5 4AH,SEPD,HV,1,TV3983,152,2026-08-16T16:42:14Z,2026-08-16T16:42:14Z,0.0
UB5 4AJ,SEPD,HV,1,TV3983,152,2026-08-16T16:42:14Z,2026-08-16T16:42:14Z,0.0
UB5 4AL,SEPD,HV,1,TV3983,152,2026-08-16T16:42:14Z,2026-08-16T16:42:14Z,0.0
UB5 4AP,SEPD,HV,1,TV3983,152,2026-08-16T16:42:14Z,2026-08-16T16:42:14Z,0.0
UB5 4AQ,SEPD,HV,1,TV3983,152,2026-08-16T16:42:14Z,2026-08-16T16:42:14Z,0.0
UB5 4AR,SEPD,HV,1,TV3983,152,2026-08-16T16:42:14Z,2026-08-16T16:42:14Z,0.0
UB5 4AS,SEPD,HV,1,TV3983,152,2026-08-16T16:42:14Z,2026-08-16T16:42:14Z,0.0
UB5 4AT,SEPD,HV,1,TV3983,152,2026-08-16T16:42:14Z,2026-08-16T16:42:14Z,0.0
UB5 4AU,SEPD,HV,1,TV3983,152,2026-08-16T16:42:14Z,2026-08-16T16:42:14Z,0.0
UB5 4AW,SEPD,HV,1,TV3983,152,2026-08-16T16:42:14Z,2026-08-16T16:42:14Z,0.0
UB5 4AX,SEPD,HV,1,TV3983,152,2026-08-16T16:42:14Z,2026-08-16T16:42:14Z,0.0
UB5 4BJ,SEPD,HV,1,TV3983,152,2026-08-16T16:42:14Z,2026-08-16T16:42:14Z,0.0
UB5 4BY,SEPD,HV,1,TV3983,152,2026-08-16T16:42:14Z,2026-08-16T16:42:14Z,0.0
UB5 4BZ,SEPD,HV,1,TV3983,152,2026-08-16T16:42:14Z,2026-08-16T16:42:14Z,0.0
UB5 4DA,SEPD,HV,1,TV3983,152,2026-08-16T16:42:14Z,2026-08-16T16:42:14Z,0.0
UB5 4DB,SEPD,HV,1,TV3983,152,2026-08-16T16:42:14Z,2026-08-16T16:42:14Z,0.0
UB5 4DD,SEPD,HV,1,TV3983,152,2026-08-16T16:42:14Z,2026-08-16T16:42:14Z,0.0
UB5 4DE,SEPD,HV,1,TV3983,152,2026-08-16T16:42:14Z,2026-08-16T16:42:14Z,0.0
UB5 4DF,SEPD,HV,1,TV3983,152,2026-08-16T16:42:14Z,2026-08-16T16:42:14Z,0.0
UB5 4DG,SEPD,HV,1,TV3983,152,2026-08-16T16:42:14Z,2026-08-16T16:42:14Z,0.0
UB5 4DH,SEPD,HV,1,TV3983,152,2026-08-16T16:42:14Z,2026-08-16T16:42:14Z,0.0
UB5 4DJ,SEPD,HV,1,TV3983,152,2026-08-16T16:42:14Z,2026-08-16T16:42:14Z,0.0
UB5 4DL,SEPD,HV,1,TV3983,152,2026-08-16T16:42:14Z,2026-08-16T16:42:14Z,0.0
UB5 4DN,SEPD,HV,1,TV3983,152,2026-08-16T16:42:14Z,2026-08-16T16:42:14Z,0.0
UB5 4DP,SEPD,HV,1,TV3983,152,2026-08-16T16:42:14Z,2026-08-16T16:42:14Z,0.0
UB5 4DQ,SEPD,HV,1,TV3983,152,2026-08-16T16:42:14Z,2026-08-16T16:42:14Z,0.0
UB5 4DR,SEPD,HV,1,TV3983,152,2026-08-16T16:42:14Z,2026-08-16T16:42:14Z,0.0
UB5 4DS,SEPD,HV,1,TV3983,152,2026-08-16T16:42:14Z,2026-08-16T16:42:14Z,0.0
UB5 4DU,SEPD,HV,1,TV3983,152,2026-08-16T16:42:14Z,2026-08-16T16:42:14Z,0.0
UB5 4DW,SEPD,HV,1,TV3983,152,2026-08-16T16:42:14Z,2026-08-16T16:42:14Z,0.0
UB5 4DX,SEPD,HV,1,TV3983,152,2026-08-16T16:42:14Z,2026-08-16T16:42:14Z,0.0
UB5 4DY,SEPD,HV,1,TV3983,152,2026-08-16T16:42:14Z,2026-08-16T16:42:14Z,0.0
UB5 4DZ,SEPD,HV,1,TV3983,152,2026-08-16T16:42:14Z,2026-08-16T16:42:14Z,0.0
UB5 4EA,SEPD,HV,1,TV3983,152,2026-08-16T16:42:14Z,2026-08-16T16:42:14Z,0.0
UB5 4EB,SEPD,HV,1,TV3983,152,2026-08-16T16:42:14Z,2026-08-16T16:42:14Z,0.0
UB5 4ED,SEPD,HV,1,TV3983,152,2026-08-16T16:42:14Z,2026-08-16T16:42:14Z,0.0
UB5 4EE,SEPD,HV,1,TV3983,152,2026-08-16T16:42:14Z,2026-08-16T16:42:14Z,0.0
UB5 4EF,SEPD,HV,1,TV3983,152,2026-08-16T16:42:14Z,2026-08-16T16:42:14Z,0.0
UB5 4EG,SEPD,HV,1,TV3983,152,2026-08-16T16:42:14Z,2026-08-16T16:42:14Z,0.0
UB5 4EH,SEPD,HV,1,TV3983,152,2026-08-16T16:42:14Z,2026-08-16T16:42:14Z,0.0
UB5 4EJ,SEPD,HV,1,TV3983,152,2026-08-16T16:42:14Z,2026-08-16T16:42:14Z,0.0
UB5 4EL,SEPD,HV,1,TV3983,152,2026-08-16T16:42:14Z,2026-08-16T16:42:14Z,0.0
UB5 4EN,SEPD,HV,1,TV3983,152,2026-08-16T16:42:14Z,2026-08-16T16:42:14Z,0.0
UB5 4EP,SEPD,HV,1,TV3983,152,2026-08-16T16:42:14Z,2026-08-16T16:42:14Z,0.0
UB5 4EQ,SEPD,HV,1,TV3983,152,2026-08-16T16:42:14Z,2026-08-16T16:42:14Z,0.0
UB5 4ER,SEPD,HV,1,TV3983,152,2026-08-16T16:42:14Z,2026-08-16T16:42:14Z,0.0
UB5 4ES,SEPD,HV,1,TV3983,152,2026-08-16T16:42:14Z,2026-08-16T16:42:14Z,0.0
UB5 4ET,SEPD,HV,1,TV3983,152,2026-08-16T16:42:14Z,2026-08-16T16:42:14Z,0.0
UB5 4EU,SEPD,HV,1,TV3983,152,2026-08-16T16:42:14Z,2026-08-16T16:42:14Z,0.0
UB5 4EW,SEPD,HV,1,TV3983,152,2026-08-16T16:42:14Z,2026-08-16T16:42:14Z,0.0
UB5 4EX,SEPD,HV,1,TV3983,152,2026-08-16T16:42:14Z,2026-08-16T16:42:14Z,0.0
UB5 4EY,SEPD,HV,1,TV3983,152,2026-08-16T16:42:14Z,2026-08-16T16:42:14Z,0.0
UB5 4FH,SEPD,HV,1,TV3983,152,2026-08-16T16:42:14Z,2026-08-16T16:42:14Z,0.0
UB5 4FJ,SEPD,HV,1,TV3983,152,2026-08-16T16:42:14Z,2026-08-16T16:42:14Z,0.0
UB5 4FL,SEPD,HV,1,TV3983,152,2026-08-16T16:42:14Z,2026-08-16T16:42:14Z,0.0
UB5 4FN,SEPD,HV,1,TV3983,152,2026-08-16T16:42:14Z,2026-08-16T16:42:14Z,0.0
UB5 4FP,SEPD,HV,1,TV3983,152,2026-08-16T16:42:14Z,2026-08-16T16:42:14Z,0.0
UB5 4FQ,SEPD,HV,1,TV3983,152,2026-08-16T16:42:14Z,2026-08-16T16:42:14Z,0.0
UB5 4FR,SEPD,HV,1,TV3983,152,2026-08-16T16:42:14Z,2026-08-16T16:42:14Z,0.0
UB5 4GB,SEPD,HV,1,TV3983,152,2026-08-16T16:42:14Z,2026-08-16T16:42:14Z,0.0
UB5 4HA,SEPD,HV,1,TV3983,152,2026-08-16T16:42:14Z,2026-08-16T16:42:14Z,0.0
UB5 4HB,SEPD,HV,1,TV3983,152,2026-08-16T16:42:14Z,2026-08-16T16:42:14Z,0.0
UB5 4HE,SEPD,HV,1,TV3983,152,2026-08-16T16:42:14Z,2026-08-16T16:42:14Z,0.0
UB5 4HF,SEPD,HV,1,TV3983,152,2026-08-16T16:42:14Z,2026-08-16T16:42:14Z,0.0
UB5 4HG,SEPD,HV,1,TV3983,152,2026-08-16T16:42:14Z,2026-08-16T16:42:14Z,0.0
UB5 4HH,SEPD,HV,1,TV3983,152,2026-08-16T16:42:14Z,2026-08-16T16:42:14Z,0.0
UB5 4HN,SEPD,HV,1,TV3983,152,2026-08-16T16:42:14Z,2026-08-16T16:42:14Z,0.0
UB5 4HQ,SEPD,HV,1,TV3983,152,2026-08-16T16:42:14Z,2026-08-16T16:42:14Z,0.0
UB5 4NA,SEPD,HV,1,TV3983,152,2026-08-16T16:42:14Z,2026-08-16T16:42:14Z,0.0
UB5 4NH,SEPD,HV,1,TV3983,152,2026-08-16T16:42:14Z,2026-08-16T16:42:14Z,0.0
UB5 4PL,SEPD,HV,1,TV3983,152,2026-08-16T16:42:14Z,2026-08-16T16:42:14Z,0.0
UB5 4PN,SEPD,HV,1,TV3983,152,2026-08-16T16:42:14Z,2026-08-16T16:42:14Z,0.0
UB5 4PU,SEPD,HV,1,TV3983,152,2026-08-16T16:42:14Z,2026-08-16T16:42:14Z,0.0
UB5 4PW,SEPD,HV,1,TV3983,152,2026-08-16T16:42:14Z,2026-08-16T16:42:14Z,0.0
UB5 4PX,SEPD,HV,1,TV3983,152,2026-08-16T16:42:14Z,2026-08-16T16:42:14Z,0.0
UB5 4PY,SEPD,HV,1,TV3983,152,2026-08-16T16:42:14Z,2026-08-16T16:42:14Z,0.0
UB5 4PZ,SEPD,HV,1,TV3983,152,2026-08-16T16:42:14Z,2026-08-16T16:42:14Z,0.0
UB5 4QH,SEPD,HV,1,TV3983,152,2026-08-16T16:42:14Z,2026-08-16T16:42:14Z,0.0
UB5 4QS,SEPD,HV,1,TV3983,152,2026-08-16T16:42:14Z,2026-08-16T16:42:14Z,0.0
UB5 4QT,SEPD,HV,1,TV3983,152,2026-08-16T16:42:14Z,2026-08-16T16:42:14Z,0.0
UB5 4QU,SEPD,HV,1,TV3983,152,2026-08-16T16:42:14Z,2026-08-16T16:42:14Z,0.0
UB5 4QX,SEPD,HV,1,TV3983,152,2026-08-16T16:42:14Z,2026-08-16T16:42:14Z,0.0
UB5 4QY,SEPD,HV,1,TV3983,152,2026-08-16T16:42:14Z,2026-08-16T16:42:14Z,0.0
UB5 4QZ,SEPD,HV,1,TV3983,152,2026-08-16T16:42:14Z,2026-08-16T16:42:14Z,0.0
UB5 4RB,SEPD,HV,1,TV3983,152,2026-08-16T16:42:14Z,2026-08-16T16:42:14Z,0.0
UB5 4RE,SEPD,HV,1,TV3983,152,2026-08-16T16:42:14Z,2026-08-16T16:42:14Z,0.0
UB5 4RF,SEPD,HV,1,TV3983,152,2026-08-16T16:42:14Z,2026-08-16T16:42:14Z,0.0
UB5 4RG,SEPD,HV,1,TV3983,152,2026-08-16T16:42:14Z,2026-08-16T16:42:14Z,0.0
UB5 4RH,SEPD,HV,1,TV3983,152,2026-08-16T16:42:14Z,2026-08-16T16:42:14Z,0.0
UB5 4RJ,SEPD,HV,1,TV3983,152,2026-08-16T16:42:14Z,2026-08-16T16:42:14Z,0.0
UB5 4RL,SEPD,HV,1,TV3983,152,2026-08-16T16:42:14Z,2026-08-16T16:42:14Z,0.0
UB5 4RN,SEPD,HV,1,TV3983,152,2026-08-16T16:42:14Z,2026-08-16T16:42:14Z,0.0
UB5 4RP,SEPD,HV,1,TV3983,152,2026-08-16T16:42:14Z,2026-08-16T16:42:14Z,0.0
UB5 4RQ,SEPD,HV,1,TV3983,152,2026-08-16T16:42:14Z,2026-08-16T16:42:14Z,0.0
UB5 4SF,SEPD,HV,1,TV3983,152,2026-08-16T16:42:14Z,2026-08-16T16:42:14Z,0.0
UB6 0AL,SEPD,HV,1,TV3983,152,2026-08-16T16:42:14Z,2026-08-16T16:42:14Z,0.0
UB6 8LU,SEPD,HV,1,TV3983,152,2026-08-16T16:42:14Z,2026-08-16T16:42:14Z,0.0
UB6 8LX,SEPD,HV,1,TV3983,152,2026-08-16T16:42:14Z,2026-08-16T16:42:14Z,0.0
UB6 8LY,SEPD,HV,1,TV3983,152,2026-08-16T16:42:14Z,2026-08-16T16:42:14Z,0.0
UB6 8NS,SEPD,HV,1,TV3983,152,2026-08-16T16:42:14Z,2026-08-16T16:42:14Z,0.0
UB6 8NY,SEPD,HV,1,TV3983,152,2026-08-16T16:42:14Z,2026-08-16T16:42:14Z,0.0
UB6 8NZ,SEPD,HV,1,TV3983,152,2026-08-16T16:42:14Z,2026-08-16T16:42:14Z,0.0
UB6 8PB,SEPD,HV,1,TV3983,152,2026-08-16T16:42:14Z,2026-08-16T16:42:14Z,0.0
UB6 8PD,SEPD,HV,1,TV3983,152,2026-08-16T16:42:14Z,2026-08-16T16:42:14Z,0.0
UB6 8PE,SEPD,HV,1,TV3983,152,2026-08-16T16:42:14Z,2026-08-16T16:42:14Z,0.0
UB6 8PH,SEPD,HV,1,TV3983,152,2026-08-16T16:42:14Z,2026-08-16T16:42:14Z,0.0
UB9 5JF,SEPD,LV,1,TV5083,7,2026-08-17T11:02:27Z,2026-08-17T11:02:27Z,0.0
W3 0AX,SEPD,LV,1,TV1536,7,2026-08-14T07:44:18Z,2026-08-14T07:44:18Z,0.0
W3 0JX,SEPD,LV,1,TV1536,7,2026-08-14T07:44:18Z,2026-08-14T07:44:18Z,0.0
W5 2DJ,SEPD,LV,1,TV4558,14,2026-08-17T04:24:57Z,2026-08-17T04:24:57Z,0.0
W5 2DL,SEPD,LV,1,TV4558,14,2026-08-17T04:24:57Z,2026-08-17T04:24:57Z,0.0
W5 2UU,SEPD,LV,1,TV4558,14,2026-08-17T04:24:57Z,2026-08-17T04:24:57Z,0.0
ZE1 0DE,SHEPD,HV,1,TV6168,3678,2026-08-18T09:17:56Z,2026-08-18T09:17:56Z,0.0
ZE1 0NY,SHEPD,HV,1,TV6168,3678,2026-08-18T09:17:56Z,2026-08-18T09:17:56Z,0.0
ZE1 0TE,SHEPD,HV,1,TV6168,3678,2026-08-18T09:17:56Z,2026-08-18T09:17:56Z,0.0
ZE1 0TF,SHEPD,HV,1,TV6168,3678,2026-08-18T09:17:56Z,2026-08-18T09:17:56Z,0.0
ZE1 0TH,SHEPD,HV,1,TV6168,3678,2026-08-18T09:17:56Z,2026-08-18T09:17:56Z,0.0
ZE1 0TJ,SHEPD,HV,1,TV6168,3678,2026-08-18T09:17:56Z,2026-08-18T09:17:56Z,0.0
ZE1 0TL,SHEPD,HV,1,TV6168,3678,2026-08-18T09:17:56Z,2026-08-18T09:17:56Z,0.0
ZE1 0TN,SHEPD,HV,1,TV6168,3678,2026-08-18T09:17:56Z,2026-08-18T09:17:56Z,0.0
ZE1 0TP,SHEPD,HV,1,TV6168,3678,2026-08-18T09:17:56Z,2026-08-18T09:17:56Z,0.0
ZE1 0TQ,SHEPD,HV,1,TV6168,3678,2026-08-18T09:17:56Z,2026-08-18T09:17:56Z,0.0
ZE1 0TR,SHEPD,HV,1,TV6168,3678,2026-08-18T09:17:56Z,2026-08-18T09:17:56Z,0.0
ZE1 0TS,SHEPD,HV,1,TV6168,3678,2026-08-18T09:17:56Z,2026-08-18T09:17:56Z,0.0
ZE1 0TT,SHEPD,HV,1,TV6168,3678,2026-08-18T09:17:56Z,2026-08-18T09:17:56Z,0.0
ZE1 0TU,SHEPD,HV,1,TV6168,3678,2026-08-18T09:17:56Z,2026-08-18T09:17:56Z,0.0
ZE1 0TX,SHEPD,HV,1,TV6168,3678,2026-08-18T09:17:56Z,2026-08-18T09:17:56Z,0.0
ZE1 0TZ,SHEPD,HV,1,TV6168,3678,2026-08-18T09:17:56Z,2026-08-18T09:17:56Z,0.0
ZE1 0UA,SHEPD,HV,1,TV6168,3678,2026-08-18T09:17:56Z,2026-08-18T09:17:56Z,0.0
ZE1 0UB,SHEPD,HV,1,TV6168,3678,2026-08-18T09:17:56Z,2026-08-18T09:17:56Z,0.0
ZE1 0UD,SHEPD,HV,1,TV6168,3678,2026-08-18T09:17:56Z,2026-08-18T09:17:56Z,0.0
ZE1 0UE,SHEPD,HV,1,TV6168,3678,2026-08-18T09:17:56Z,2026-08-18T09:17:56Z,0.0
ZE1 0UG,SHEPD,HV,1,TV6168,3678,2026-08-18T09:17:56Z,2026-08-18T09:17:56Z,0.0
ZE1 0UH,SHEPD,HV,1,TV6168,3678,2026-08-18T09:17:56Z,2026-08-18T09:17:56Z,0.0
ZE1 0UJ,SHEPD,HV,1,TV6168,3678,2026-08-18T09:17:56Z,2026-08-18T09:17:56Z,0.0
ZE1 0UL,SHEPD,HV,1,TV6168,3678,2026-08-18T09:17:56Z,2026-08-18T09:17:56Z,0.0
ZE1 0UN,SHEPD,HV,1,TV6168,3678,2026-08-18T09:17:56Z,2026-08-18T09:17:56Z,0.0
ZE1 0UP,SHEPD,HV,1,TV6168,3678,2026-08-18T09:17:56Z,2026-08-18T09:17:56Z,0.0
ZE1 0UQ,SHEPD,HV,1,TV6168,3678,2026-08-18T09:17:56Z,2026-08-18T09:17:56Z,0.0
ZE1 0UR,SHEPD,HV,1,TV6168,3678,2026-08-18T09:17:56Z,2026-08-18T09:17:56Z,0.0
ZE1 0US,SHEPD,HV,1,TV6168,3678,2026-08-18T09:17:56Z,2026-08-18T09:17:56Z,0.0
ZE1 0UT,SHEPD,HV,1,TV6168,3678,2026-08-18T09:17:56Z,2026-08-18T09:17:56Z,0.0
ZE1 0UU,SHEPD,HV,1,TV6168,3678,2026-08-18T09:17:56Z,2026-08-18T09:17:56Z,0.0
ZE1 0UW,SHEPD,HV,1,TV6168,3678,2026-08-18T09:17:56Z,2026-08-18T09:17:56Z,0.0
ZE1 0UX,SHEPD,HV,1,TV6168,3678,2026-08-18T09:17:56Z,2026-08-18T09:17:56Z,0.0
ZE1 0UY,SHEPD,HV,1,TV6168,3678,2026-08-18T09:17:56Z,2026-08-18T09:17:56Z,0.0
ZE1 0UZ,SHEPD,HV,1,TV6168,3678,2026-08-18T09:17:56Z,2026-08-18T09:17:56Z,0.0
ZE1 0WA,SHEPD,HV,1,TV6168,3678,2026-08-18T09:17:56Z,2026-08-18T09:17:56Z,0.0
ZE1 0WS,SHEPD,HV,1,TV6168,3678,2026-08-18T09:17:56Z,2026-08-18T09:17:56Z,0.0
ZE1 0XA,SHEPD,HV,1,TV6168,3678,2026-08-18T09:17:56Z,2026-08-18T09:17:56Z,0.0
ZE1 0XB,SHEPD,HV,1,TV6168,3678,2026-08-18T09:17:56Z,2026-08-18T09:17:56Z,0.0
ZE1 0XD,SHEPD,HV,1,TV6168,3678,2026-08-18T09:17:56Z,2026-08-18T09:17:56Z,0.0
ZE1 0XG,SHEPD,HV,1,TV6168,3678,2026-08-18T09:17:56Z,2026-08-18T09:17:56Z,0.0
ZE1 0XH,SHEPD,HV,1,TV6168,3678,2026-08-18T09:17:56Z,2026-08-18T09:17:56Z,0.0
ZE1 0XJ,SHEPD,HV,1,TV6168,3678,2026-08-18T09:17:56Z,2026-08-18T09:17:56Z,0.0
ZE1 0XL,SHEPD,HV,1,TV6168,3678,2026-08-18T09:17:56Z,2026-08-18T09:17:56Z,0.0
ZE1 0XN,SHEPD,HV,1,TV6168,3678,2026-08-18T09:17:56Z,2026-08-18T09:17:56Z,0.0
ZE1 0XT,SHEPD,HV,1,TV6168,3678,2026-08-18T09:17:56Z,2026-08-18T09:17:56Z,0.0
ZE2 9BJ,SHEPD,HV,1,TV6168,3678,2026-08-18T09:17:56Z,2026-08-18T09:17:56Z,0.0
ZE2 9DW,SHEPD,HV,1,TV6168,3678,2026-08-18T09:17:56Z,2026-08-18T09:17:56Z,0.0
ZE2 9EG,SHEPD,HV,1,TV6168,3678,2026-08-18T09:17:56Z,2026-08-18T09:17:56Z,0.0
ZE2 9EL,SHEPD,HV,1,TV6168,3678,2026-08-18T09:17:56Z,2026-08-18T09:17:56Z,0.0
ZE2 9EX,SHEPD,HV,1,TV6168,3678,2026-08-18T09:17:56Z,2026-08-18T09:17:56Z,0.0
ZE2 9EY,SHEPD,HV,1,TV6168,3678,2026-08-18T09:17:56Z,2026-08-18T09:17:56Z,0.0
ZE2 9EZ,SHEPD,HV,1,TV6168,3678,2026-08-18T09:17:56Z,2026-08-18T09:17:56Z,0.0
ZE2 9FD,SHEPD,HV,1,TV6168,3678,2026-08-18T09:17:56Z,2026-08-18T09:17:56Z,0.0
ZE2 9FE,SHEPD,HV,1,TV6168,3678,2026-08-18T09:17:56Z,2026-08-18T09:17:56Z,0.0
ZE2 9FG,SHEPD,HV,1,TV6168,3678,2026-08-18T09:17:56Z,2026-08-18T09:17:56Z,0.0
ZE2 9FL,SHEPD,HV,1,TV6168,3678,2026-08-18T09:17:56Z,2026-08-18T09:17:56Z,0.0
ZE2 9FN,SHEPD,HV,1,TV6168,3678,2026-08-18T09:17:56Z,2026-08-18T09:17:56Z,0.0
ZE2 9FP,SHEPD,HV,1,TV6168,3678,2026-08-18T09:17:56Z,2026-08-18T09:17:56Z,0.0
ZE2 9FS,SHEPD,HV,1,TV6168,3678,2026-08-18T09:17:56Z,2026-08-18T09:17:56Z,0.0
ZE2 9FT,SHEPD,HV,1,TV6168,3678,2026-08-18T09:17:56Z,2026-08-18T09:17:56Z,0.0
ZE2 9FX,SHEPD,HV,1,TV6168,3678,2026-08-18T09:17:56Z,2026-08-18T09:17:56Z,0.0
ZE2 9FZ,SHEPD,HV,1,TV6168,3678,2026-08-18T09:17:56Z,2026-08-18T09:17:56Z,0.0
ZE2 9GA,SHEPD,HV,1,TV6168,3678,2026-08-18T09:17:56Z,2026-08-18T09:17:56Z,0.0
ZE2 9GB,SHEPD,HV,1,TV6168,3678,2026-08-18T09:17:56Z,2026-08-18T09:17:56Z,0.0
ZE2 9GD,SHEPD,HV,1,TV6168,3678,2026-08-18T09:17:56Z,2026-08-18T09:17:56Z,0.0
ZE2 9GE,SHEPD,HV,1,TV6168,3678,2026-08-18T09:17:56Z,2026-08-18T09:17:56Z,0.0
ZE2 9GF,SHEPD,HV,1,TV6168,3678,2026-08-18T09:17:56Z,2026-08-18T09:17:56Z,0.0
ZE2 9GG,SHEPD,HV,1,TV6168,3678,2026-08-18T09:17:56Z,2026-08-18T09:17:56Z,0.0
ZE2 9GY,SHEPD,HV,1,TV6168,3678,2026-08-18T09:17:56Z,2026-08-18T09:17:56Z,0.0
ZE2 9HA,SHEPD,HV,1,TV6168,3678,2026-08-18T09:17:56Z,2026-08-18T09:17:56Z,0.0
ZE2 9HB,SHEPD,HV,1,TV6168,3678,2026-08-18T09:17:56Z,2026-08-18T09:17:56Z,0.0
ZE2 9HD,SHEPD,HV,1,TV6168,3678,2026-08-18T09:17:56Z,2026-08-18T09:17:56Z,0.0
ZE2 9HE,SHEPD,HV,1,TV6168,3678,2026-08-18T09:17:56Z,2026-08-18T09:17:56Z,0.0
ZE2 9HF,SHEPD,HV,1,TV6168,3678,2026-08-18T09:17:56Z,2026-08-18T09:17:56Z,0.0
ZE2 9HG,SHEPD,HV,1,TV6168,3678,2026-08-18T09:17:56Z,2026-08-18T09:17:56Z,0.0
ZE2 9HH,SHEPD,HV,1,TV6168,3678,2026-08-18T09:17:56Z,2026-08-18T09:17:56Z,0.0
ZE2 9HJ,SHEPD,HV,1,TV6168,3678,2026-08-18T09:17:56Z,2026-08-18T09:17:56Z,0.0
ZE2 9HL,SHEPD,HV,1,TV6168,3678,2026-08-18T09:17:56Z,2026-08-18T09:17:56Z,0.0
ZE2 9HN,SHEPD,HV,1,TV6168,3678,2026-08-18T09:17:56Z,2026-08-18T09:17:56Z,0.0
ZE2 9HP,SHEPD,HV,1,TV6168,3678,2026-08-18T09:17:56Z,2026-08-18T09:17:56Z,0.0
ZE2 9HQ,SHEPD,HV,1,TV6168,3678,2026-08-18T09:17:56Z,2026-08-18T09:17:56Z,0.0
ZE2 9HR,SHEPD,HV,1,TV6168,3678,2026-08-18T09:17:56Z,2026-08-18T09:17:56Z,0.0
ZE2 9HS,SHEPD,HV,1,TV6168,3678,2026-08-18T09:17:56Z,2026-08-18T09:17:56Z,0.0
ZE2 9HT,SHEPD,HV,1,TV6168,3678,2026-08-18T09:17:56Z,2026-08-18T09:17:56Z,0.0
ZE2 9HU,SHEPD,HV,1,TV6168,3678,2026-08-18T09:17:56Z,2026-08-18T09:17:56Z,0.0
ZE2 9HW,SHEPD,HV,1,TV6168,3678,2026-08-18T09:17:56Z,2026-08-18T09:17:56Z,0.0
ZE2 9HX,SHEPD,HV,1,TV6168,3678,2026-08-18T09:17:56Z,2026-08-18T09:17:56Z,0.0
ZE2 9HY,SHEPD,HV,1,TV6168,3678,2026-08-18T09:17:56Z,2026-08-18T09:17:56Z,0.0
ZE2 9HZ,SHEPD,HV,1,TV6168,3678,2026-08-18T09:17:56Z,2026-08-18T09:17:56Z,0.0
ZE2 9JA,SHEPD,HV,1,TV6168,3678,2026-08-18T09:17:56Z,2026-08-18T09:17:56Z,0.0
ZE2 9JB,SHEPD,HV,1,TV6168,3678,2026-08-18T09:17:56Z,2026-08-18T09:17:56Z,0.0
ZE2 9JD,SHEPD,HV,1,TV6168,3678,2026-08-18T09:17:56Z,2026-08-18T09:17:56Z,0.0
ZE2 9JE,SHEPD,HV,1,TV6168,3678,2026-08-18T09:17:56Z,2026-08-18T09:17:56Z,0.0
ZE2 9JF,SHEPD,HV,1,TV6168,3678,2026-08-18T09:17:56Z,2026-08-18T09:17:56Z,0.0
ZE2 9JG,SHEPD,HV,1,TV6168,3678,2026-08-18T09:17:56Z,2026-08-18T09:17:56Z,0.0
ZE2 9JH,SHEPD,HV,1,TV6168,3678,2026-08-18T09:17:56Z,2026-08-18T09:17:56Z,0.0
ZE2 9JJ,SHEPD,HV,1,TV6168,3678,2026-08-18T09:17:56Z,2026-08-18T09:17:56Z,0.0
ZE2 9JL,SHEPD,HV,1,TV6168,3678,2026-08-18T09:17:56Z,2026-08-18T09:17:56Z,0.0
ZE2 9JN,SHEPD,HV,1,TV6168,3678,2026-08-18T09:17:56Z,2026-08-18T09:17:56Z,0.0
ZE2 9JP,SHEPD,HV,1,TV6168,3678,2026-08-18T09:17:56Z,2026-08-18T09:17:56Z,0.0
ZE2 9JQ,SHEPD,HV,1,TV6168,3678,2026-08-18T09:17:56Z,2026-08-18T09:17:56Z,0.0
ZE2 9JR,SHEPD,HV,1,TV6168,3678,2026-08-18T09:17:56Z,2026-08-18T09:17:56Z,0.0
ZE2 9JS,SHEPD,HV,1,TV6168,3678,2026-08-18T09:17:56Z,2026-08-18T09:17:56Z,0.0
ZE2 9JT,SHEPD,HV,1,TV6168,3678,2026-08-18T09:17:56Z,2026-08-18T09:17:56Z,0.0
ZE2 9JW,SHEPD,HV,1,TV6168,3678,2026-08-18T09:17:56Z,2026-08-18T09:17:56Z,0.0
ZE2 9JX,SHEPD,HV,1,TV6168,3678,2026-08-18T09:17:56Z,2026-08-18T09:17:56Z,0.0
ZE2 9JY,SHEPD,HV,1,TV6168,3678,2026-08-18T09:17:56Z,2026-08-18T09:17:56Z,0.0
ZE2 9JZ,SHEPD,HV,1,TV6168,3678,2026-08-18T09:17:56Z,2026-08-18T09:17:56Z,0.0
ZE2 9LA,SHEPD,HV,1,TV6168,3678,2026-08-18T09:17:56Z,2026-08-18T09:17:56Z,0.0
ZE2 9LB,SHEPD,HV,1,TV6168,3678,2026-08-18T09:17:56Z,2026-08-18T09:17:56Z,0.0
ZE2 9LD,SHEPD,HV,1,TV6168,3678,2026-08-18T09:17:56Z,2026-08-18T09:17:56Z,0.0
ZE2 9LE,SHEPD,HV,1,TV6168,3678,2026-08-18T09:17:56Z,2026-08-18T09:17:56Z,0.0
ZE2 9LF,SHEPD,HV,1,TV6168,3678,2026-08-18T09:17:56Z,2026-08-18T09:17:56Z,0.0
ZE2 9NP,SHEPD,HV,1,TV6168,3678,2026-08-18T09:17:56Z,2026-08-18T09:17:56Z,0.0
ZE2 9NU,SHEPD,HV,1,TV6168,3678,2026-08-18T09:17:56Z,2026-08-18T09:17:56Z,0.0
ZE2 9NZ,SHEPD,HV,1,TV6168,3678,2026-08-18T09:17:56Z,2026-08-18T09:17:56Z,0.0
ZE2 9PN,SHEPD,HV,1,TV6168,3678,2026-08-18T09:17:56Z,2026-08-18T09:17:56Z,0.0
ZE2 9QG,SHEPD,HV,1,TV6168,3678,2026-08-18T09:17:56Z,2026-08-18T09:17:56Z,0.0
ZE2 9SB,SHEPD,HV,1,TV6168,3678,2026-08-18T09:17:56Z,2026-08-18T09:17:56Z,0.0
ZE2 9SE,SHEPD,HV,1,TV6168,3678,2026-08-18T09:17:56Z,2026-08-18T09:17:56Z,0.0
ZE2 9SF,SHEPD,HV,1,TV6168,3678,2026-08-18T09:17:56Z,2026-08-18T09:17:56Z,0.0
ZE2 9TX,SHEPD,HV,1,TV6168,3678,2026-08-18T09:17:56Z,2026-08-18T09:17:56Z,0.0
ZE2 9UE,SHEPD,HV,1,TV6168,3678,2026-08-18T09:17:56Z,2026-08-18T09:17:56Z,0.0
ZE2 9UJ,SHEPD,HV,1,TV6168,3678,2026-08-18T09:17:56Z,2026-08-18T09:17:56Z,0.0
ZE2 9UW,SHEPD,HV,1,TV6168,3678,2026-08-18T09:17:56Z,2026-08-18T09:17:56Z,0.0
ZE2 9UY,SHEPD,HV,1,TV6168,3678,2026-08-18T09:17:56Z,2026-08-18T09:17:56Z,0.0
ZE2 9WJ,SHEPD,HV,1,TV6168,3678,2026-08-18T09:17:56Z,2026-08-18T09:17:56Z,0.0
ZE2 9XN,SHEPD,HV,1,TV6168,3678,2026-08-18T09:17:56Z,2026-08-18T09:17:56Z,0.0
ZE2 9XU,SHEPD,HV,1,TV6168,3678,2026-08-18T09:17:56Z,2026-08-18T09:17:56Z,0.0
ZE2 9XW,SHEPD,HV,1,TV6168,3678,2026-08-18T09:17:56Z,2026-08-18T09:17:56Z,0.0
ZE3 9JJ,SHEPD,HV,1,TV6168,3678,2026-08-18T09:17:56Z,2026-08-18T09:17:56Z,0.0
ZE3 9JL,SHEPD,HV,1,TV6168,3678,2026-08-18T09:17:56Z,2026-08-18T09:17:56Z,0.0
ZE3 9JN,SHEPD,HV,1,TV6168,3678,2026-08-18T09:17:56Z,2026-08-18T09:17:56Z,0.0
ZE3 9JP,SHEPD,HV,1,TV6168,3678,2026-08-18T09:17:56Z,2026-08-18T09:17:56Z,0.0
ZE3 9JR,SHEPD,HV,1,TV6168,3678,2026-08-18T09:17:56Z,2026-08-18T09:17:56Z,0.0
ZE3 9JS,SHEPD,HV,1,TV6168,3678,2026-08-18T09:17:56Z,2026-08-18T09:17:56Z,0.0
ZE3 9JT,SHEPD,HV,1,TV6168,3678,2026-08-18T09:17:56Z,2026-08-18T09:17:56Z,0.0
ZE3 9JU,SHEPD,HV,1,TV6168,3678,2026-08-18T09:17:56Z,2026-08-18T09:17:56Z,0.0
ZE3 9JW,SHEPD,HV,1,TV6168,3678,2026-08-18T09:17:56Z,2026-08-18T09:17:56Z,0.0
ZE3 9JX,SHEPD,HV,1,TV6168,3678,2026-08-18T09:17:56Z,2026-08-18T09:17:56Z,0.0
ZE3 9JY,SHEPD,HV,1,TV6168,3678,2026-08-18T09:17:56Z,2026-08-18T09:17:56Z,0.0
ZE3 9JZ,SHEPD,HV,1,TV6168,3678,2026-08-18T09:17:56Z,2026-08-18T09:17:56Z,0.0
ZE3 9LZ,SHEPD,HV,1,TV6168,3678,2026-08-18T09:17:56Z,2026-08-18T09:17:56Z,0.0
