postcode,network,outage_type,outage_count,outage_refs,total_customers_affected,first_seen,last_seen,time_off_supply_hours_total_approx
RG26 5EU,SEPD,PSI,1,251074,2,2026-06-03T00:02:10Z,2026-06-10T00:02:10Z,168.0
RG26 5HA,SEPD,PSI,1,251074,2,2026-06-03T00:02:10Z,2026-06-10T00:02:10Z,168.0
TW4 7AR,SEPD,LV,1,TH1674,46,2026-06-03T00:02:10Z,2026-06-04T11:24:55Z,35.38
TW4 7AS,SEPD,LV,1,TH1674,46,2026-06-03T00:02:10Z,2026-06-04T11:24:55Z,35.38
TW4 7AT,SEPD,LV,1,TH1674,46,2026-06-03T00:02:10Z,2026-06-04T11:24:55Z,35.38
TW4 7AU,SEPD,LV,1,TH1674,46,2026-06-03T00:02:10Z,2026-06-04T11:24:55Z,35.38
PO20 1PT,SEPD,HV,1,TH8309,101,2026-06-06T18:53:35Z,2026-06-08T04:55:57Z,34.04
PO20,SEPD,HV,3,"TH7923,TH7941,TH8309",11387,2026-06-06T16:03:38Z,2026-06-07T16:40:31Z,27.27
PO20 7PY,SEPD,HV,2,"TH7941,TH8309",4328,2026-06-06T16:03:38Z,2026-06-07T16:40:31Z,27.27
PO20 7PZ,SEPD,HV,2,"TH7941,TH8309",4328,2026-06-06T16:03:38Z,2026-06-07T16:40:31Z,27.27
PO20 1JU,SEPD,"HV,LV",2,"TH8309,TJ0753",103,2026-06-06T18:53:35Z,2026-06-08T17:26:59Z,26.94
PO20 1YU,SEPD,"HV,LV",2,"TH8309,TJ0753",103,2026-06-06T18:53:35Z,2026-06-08T17:26:59Z,26.94
GU8 4TD,SEPD,HV,1,TH8309,101,2026-06-06T18:53:35Z,2026-06-07T21:49:52Z,26.94
PO20 1JX,SEPD,HV,1,TH8309,101,2026-06-06T18:53:35Z,2026-06-07T21:49:52Z,26.94
GU51 3JT,SEPD,LV,1,TH7530,19,2026-06-06T10:22:46Z,2026-06-07T13:09:19Z,26.78
GU51 3NG,SEPD,LV,1,TH7530,19,2026-06-06T10:22:46Z,2026-06-07T13:09:19Z,26.78
GU52 0EL,SEPD,LV,1,TH7530,19,2026-06-06T10:22:46Z,2026-06-07T13:09:19Z,26.78
GU52 0RA,SEPD,LV,1,TH7530,19,2026-06-06T10:22:46Z,2026-06-07T13:09:19Z,26.78
GU52 6QY,SEPD,LV,1,TH7530,19,2026-06-06T10:22:46Z,2026-06-07T13:09:19Z,26.78
GU52 8JY,SEPD,LV,1,TH7530,19,2026-06-06T10:22:46Z,2026-06-07T13:09:19Z,26.78
GU52 8LF,SEPD,LV,1,TH7530,19,2026-06-06T10:22:46Z,2026-06-07T13:09:19Z,26.78
GU52 8LG,SEPD,LV,1,TH7530,19,2026-06-06T10:22:46Z,2026-06-07T13:09:19Z,26.78
GU52 8QX,SEPD,LV,1,TH7530,19,2026-06-06T10:22:46Z,2026-06-07T13:09:19Z,26.78
GU52 8UD,SEPD,LV,1,TH7530,19,2026-06-06T10:22:46Z,2026-06-07T13:09:19Z,26.78
OX33 1SA,SEPD,LV,1,TH5763,10,2026-06-04T17:26:14Z,2026-06-05T18:52:44Z,25.44
OX33 1SD,SEPD,LV,1,TH5763,10,2026-06-04T17:26:14Z,2026-06-05T18:52:44Z,25.44
OX33 1SE,SEPD,LV,1,TH5763,10,2026-06-04T17:26:14Z,2026-06-05T18:52:44Z,25.44
DT9 3BS,SEPD,LV,1,TH0994,17,2026-06-03T00:02:10Z,2026-06-03T21:56:18Z,21.9
DT9 3BU,SEPD,LV,1,TH0994,17,2026-06-03T00:02:10Z,2026-06-03T21:56:18Z,21.9
PO20 1AD,SEPD,HV,1,TH8309,101,2026-06-06T18:53:35Z,2026-06-07T16:40:31Z,21.78
PO20 1AX,SEPD,HV,1,TH8309,101,2026-06-06T18:53:35Z,2026-06-07T16:40:31Z,21.78
PO20 1AZ,SEPD,HV,1,TH8309,101,2026-06-06T18:53:35Z,2026-06-07T16:40:31Z,21.78
PO20 1EE,SEPD,HV,1,TH8309,101,2026-06-06T18:53:35Z,2026-06-07T16:40:31Z,21.78
PO20 1LD,SEPD,HV,1,TH8309,101,2026-06-06T18:53:35Z,2026-06-07T16:40:31Z,21.78
PO20 1LF,SEPD,HV,1,TH8309,101,2026-06-06T18:53:35Z,2026-06-07T16:40:31Z,21.78
PO20 1LL,SEPD,HV,1,TH8309,101,2026-06-06T18:53:35Z,2026-06-07T16:40:31Z,21.78
PO20 1LN,SEPD,HV,1,TH8309,101,2026-06-06T18:53:35Z,2026-06-07T16:40:31Z,21.78
PO20 1LP,SEPD,HV,1,TH8309,101,2026-06-06T18:53:35Z,2026-06-07T16:40:31Z,21.78
PO20 1LR,SEPD,HV,1,TH8309,101,2026-06-06T18:53:35Z,2026-06-07T16:40:31Z,21.78
PO20 1LS,SEPD,HV,1,TH8309,101,2026-06-06T18:53:35Z,2026-06-07T16:40:31Z,21.78
PO20 1LT,SEPD,HV,1,TH8309,101,2026-06-06T18:53:35Z,2026-06-07T16:40:31Z,21.78
PO20 1LU,SEPD,HV,1,TH8309,101,2026-06-06T18:53:35Z,2026-06-07T16:40:31Z,21.78
PO20 1LW,SEPD,HV,1,TH8309,101,2026-06-06T18:53:35Z,2026-06-07T16:40:31Z,21.78
PO20 1LX,SEPD,HV,1,TH8309,101,2026-06-06T18:53:35Z,2026-06-07T16:40:31Z,21.78
PO20 1LY,SEPD,HV,1,TH8309,101,2026-06-06T18:53:35Z,2026-06-07T16:40:31Z,21.78
PO20 1NA,SEPD,HV,1,TH8309,101,2026-06-06T18:53:35Z,2026-06-07T16:40:31Z,21.78
PO20 1NB,SEPD,HV,1,TH8309,101,2026-06-06T18:53:35Z,2026-06-07T16:40:31Z,21.78
PO20 1ND,SEPD,HV,1,TH8309,101,2026-06-06T18:53:35Z,2026-06-07T16:40:31Z,21.78
PO20 1PR,SEPD,HV,1,TH8309,101,2026-06-06T18:53:35Z,2026-06-07T16:40:31Z,21.78
PO20 1PS,SEPD,HV,1,TH8309,101,2026-06-06T18:53:35Z,2026-06-07T16:40:31Z,21.78
PO20 1PU,SEPD,HV,1,TH8309,101,2026-06-06T18:53:35Z,2026-06-07T16:40:31Z,21.78
PO20 1XJ,SEPD,HV,1,TH8309,101,2026-06-06T18:53:35Z,2026-06-07T16:40:31Z,21.78
PO20 2DX,SEPD,HV,1,TH8309,101,2026-06-06T18:53:35Z,2026-06-07T16:40:31Z,21.78
PO20 7RN,SEPD,HV,1,TH8309,101,2026-06-06T18:53:35Z,2026-06-07T16:40:31Z,21.78
PO21 3GD,SEPD,HV,1,TH8309,101,2026-06-06T18:53:35Z,2026-06-07T16:40:31Z,21.78
PO21 3PX,SEPD,HV,1,TH8309,101,2026-06-06T18:53:35Z,2026-06-07T16:40:31Z,21.78
PO21 3PY,SEPD,HV,1,TH8309,101,2026-06-06T18:53:35Z,2026-06-07T16:40:31Z,21.78
W3 6TE,SEPD,LV,4,"TH3828,TH5998,TH8877,TJ1702",72,2026-06-03T18:55:31Z,2026-06-09T14:03:39Z,21.34
W3 6TF,SEPD,LV,4,"TH3828,TH5998,TH8877,TJ1702",72,2026-06-03T18:55:31Z,2026-06-09T14:03:39Z,21.34
GU52 8TJ,SEPD,LV,4,"TH7745,TH8728,TH9441,TH9989",20,2026-06-06T11:51:40Z,2026-06-08T17:26:59Z,20.7
SN11 8PS,SEPD,"HV,LV",2,"TH5140,TH6006",31,2026-06-04T11:24:55Z,2026-06-05T11:48:52Z,19.67
SN11 8PU,SEPD,"HV,LV",2,"TH5140,TH6006",31,2026-06-04T11:24:55Z,2026-06-05T11:48:52Z,19.67
TW18 4EJ,SEPD,LV,1,TH5512,31,2026-06-04T14:14:55Z,2026-06-05T08:33:42Z,18.31
TW18 4HG,SEPD,LV,1,TH5512,31,2026-06-04T14:14:55Z,2026-06-05T08:33:42Z,18.31
TW18 4LG,SEPD,LV,1,TH5512,31,2026-06-04T14:14:55Z,2026-06-05T08:33:42Z,18.31
TW18 4LR,SEPD,LV,1,TH5512,31,2026-06-04T14:14:55Z,2026-06-05T08:33:42Z,18.31
TW18 4LY,SEPD,LV,1,TH5512,31,2026-06-04T14:14:55Z,2026-06-05T08:33:42Z,18.31
TW18 4NF,SEPD,LV,1,TH5512,31,2026-06-04T14:14:55Z,2026-06-05T08:33:42Z,18.31
TW18 4NJ,SEPD,LV,1,TH5512,31,2026-06-04T14:14:55Z,2026-06-05T08:33:42Z,18.31
TW18 4NL,SEPD,LV,1,TH5512,31,2026-06-04T14:14:55Z,2026-06-05T08:33:42Z,18.31
TW18 4NQ,SEPD,LV,1,TH5512,31,2026-06-04T14:14:55Z,2026-06-05T08:33:42Z,18.31
TW18 4QD,SEPD,LV,1,TH5512,31,2026-06-04T14:14:55Z,2026-06-05T08:33:42Z,18.31
UB3 1BQ,SEPD,LV,3,"TH5105,TH8192,TH9819",9,2026-06-04T11:24:55Z,2026-06-08T19:40:58Z,18.24
SO50 9ES,SEPD,"PSI,LV",2,"252171,TH6028",27,2026-06-05T11:48:52Z,2026-06-07T20:38:04Z,17.84
W4 2SQ,SEPD,LV,2,"TH5946,TH8755",58,2026-06-04T19:38:35Z,2026-06-07T19:10:03Z,16.81
W4 2TB,SEPD,LV,2,"TH5946,TH8755",58,2026-06-04T19:38:35Z,2026-06-07T19:10:03Z,16.81
W4 2TD,SEPD,LV,2,"TH5946,TH8755",58,2026-06-04T19:38:35Z,2026-06-07T19:10:03Z,16.81
W4 2TE,SEPD,LV,2,"TH5946,TH8755",58,2026-06-04T19:38:35Z,2026-06-07T19:10:03Z,16.81
W4 2TF,SEPD,LV,2,"TH5946,TH8755",58,2026-06-04T19:38:35Z,2026-06-07T19:10:03Z,16.81
RG12 7NF,SEPD,LV,6,"TH4487,TH4744,TH7621,TJ0018,TJ0511,TJ1066",66,2026-06-04T03:31:03Z,2026-06-09T16:47:00Z,16.57
GU16 6BN,SEPD,LV,1,TH5639,47,2026-06-04T19:38:35Z,2026-06-05T11:48:52Z,16.17
GU16 6LT,SEPD,LV,1,TH5639,47,2026-06-04T19:38:35Z,2026-06-05T11:48:52Z,16.17
GU16 6LU,SEPD,LV,1,TH5639,47,2026-06-04T19:38:35Z,2026-06-05T11:48:52Z,16.17
GU16 6LX,SEPD,LV,1,TH5639,47,2026-06-04T19:38:35Z,2026-06-05T11:48:52Z,16.17
GU16 6LZ,SEPD,LV,1,TH5639,47,2026-06-04T19:38:35Z,2026-06-05T11:48:52Z,16.17
GU16 6NE,SEPD,LV,1,TH5639,47,2026-06-04T19:38:35Z,2026-06-05T11:48:52Z,16.17
GU16 6NG,SEPD,LV,1,TH5639,47,2026-06-04T19:38:35Z,2026-06-05T11:48:52Z,16.17
GU16 6NH,SEPD,LV,1,TH5639,47,2026-06-04T19:38:35Z,2026-06-05T11:48:52Z,16.17
GU16 6NJ,SEPD,LV,1,TH5639,47,2026-06-04T19:38:35Z,2026-06-05T11:48:52Z,16.17
KW17 2BE,SHEPD,HV,1,TH9477,52,2026-06-07T17:52:29Z,2026-06-08T09:52:09Z,15.99
KW17 2BG,SHEPD,HV,1,TH9477,52,2026-06-07T17:52:29Z,2026-06-08T09:52:09Z,15.99
UB10 8DY,SEPD,LV,1,TH2500,22,2026-06-03T00:02:10Z,2026-06-03T15:02:39Z,15.01
UB10 8SF,SEPD,LV,1,TH2500,22,2026-06-03T00:02:10Z,2026-06-03T15:02:39Z,15.01
UB10 8SJ,SEPD,LV,1,TH2500,22,2026-06-03T00:02:10Z,2026-06-03T15:02:39Z,15.01
UB10 8SL,SEPD,LV,1,TH2500,22,2026-06-03T00:02:10Z,2026-06-03T15:02:39Z,15.01
UB10 8SQ,SEPD,LV,1,TH2500,22,2026-06-03T00:02:10Z,2026-06-03T15:02:39Z,15.01
UB2 5JU,SEPD,LV,1,TH0318,11,2026-06-03T00:02:10Z,2026-06-03T15:02:39Z,15.01
UB2 5LU,SEPD,LV,1,TH0318,11,2026-06-03T00:02:10Z,2026-06-03T15:02:39Z,15.01
UB2 5NS,SEPD,LV,1,TH0318,11,2026-06-03T00:02:10Z,2026-06-03T15:02:39Z,15.01
BA11 1HD,SEPD,"PSI,LV",2,"252136,TH4703",599,2026-06-04T08:07:26Z,2026-06-04T19:38:35Z,14.35
BA11 1HH,SEPD,"PSI,LV",2,"252136,TH4703",599,2026-06-04T08:07:26Z,2026-06-04T19:38:35Z,14.35
BA11 1HJ,SEPD,"PSI,LV",2,"252136,TH4703",599,2026-06-04T08:07:26Z,2026-06-04T19:38:35Z,14.35
BA11 3BG,SEPD,"PSI,LV",2,"252136,TH4703",599,2026-06-04T08:07:26Z,2026-06-04T19:38:35Z,14.35
BA11 4LA,SEPD,"PSI,LV",2,"252136,TH4703",599,2026-06-04T08:07:26Z,2026-06-04T19:38:35Z,14.35
NW10 6JL,SEPD,LV,1,TE2827,5,2026-06-08T09:52:09Z,2026-06-09T00:13:01Z,14.35
NW10 6JP,SEPD,LV,1,TE2827,5,2026-06-08T09:52:09Z,2026-06-09T00:13:01Z,14.35
NW10 6LA,SEPD,LV,1,TE2827,5,2026-06-08T09:52:09Z,2026-06-09T00:13:01Z,14.35
NW10 6PU,SEPD,LV,1,TE2827,5,2026-06-08T09:52:09Z,2026-06-09T00:13:01Z,14.35
NW10 6QN,SEPD,LV,1,TE2827,5,2026-06-08T09:52:09Z,2026-06-09T00:13:01Z,14.35
GU8 6QW,SEPD,PSI,3,"251155,251309,251313",30,2026-06-04T11:24:55Z,2026-06-09T14:03:39Z,14.21
PH10 7LP,SHEPD,PSI,5,"251854,251882,251885,251886,251888",102,2026-06-08T09:52:09Z,2026-06-09T16:47:00Z,13.99
BH20 5DH,SEPD,HV,1,TH3193,135,2026-06-03T10:04:32Z,2026-06-03T23:53:04Z,13.81
BH20 6AG,SEPD,HV,1,TH3193,135,2026-06-03T10:04:32Z,2026-06-03T23:53:04Z,13.81
DT2 0DD,SEPD,LV,2,"TH6205,TH9391",40,2026-06-05T08:33:42Z,2026-06-08T14:00:30Z,13.56
DT2 0DE,SEPD,LV,2,"TH6205,TH9391",40,2026-06-05T08:33:42Z,2026-06-08T14:00:30Z,13.56
DT2 0DJ,SEPD,LV,2,"TH6205,TH9391",40,2026-06-05T08:33:42Z,2026-06-08T14:00:30Z,13.56
DT2 0DN,SEPD,LV,2,"TH6205,TH9391",40,2026-06-05T08:33:42Z,2026-06-08T14:00:30Z,13.56
DT2 0FA,SEPD,LV,2,"TH6205,TH9391",40,2026-06-05T08:33:42Z,2026-06-08T14:00:30Z,13.56
DT2 0QJ,SEPD,LV,2,"TH6205,TH9391",40,2026-06-05T08:33:42Z,2026-06-08T14:00:30Z,13.56
DT2 7TD,SEPD,LV,2,"TH6205,TH9391",40,2026-06-05T08:33:42Z,2026-06-08T14:00:30Z,13.56
SN11 0NH,SEPD,HV,1,TH5140,28,2026-06-04T11:24:55Z,2026-06-04T23:57:17Z,12.54
SN11 0NQ,SEPD,HV,1,TH5140,28,2026-06-04T11:24:55Z,2026-06-04T23:57:17Z,12.54
SN11 0NS,SEPD,HV,1,TH5140,28,2026-06-04T11:24:55Z,2026-06-04T23:57:17Z,12.54
SN11 8PT,SEPD,HV,1,TH5140,28,2026-06-04T11:24:55Z,2026-06-04T23:57:17Z,12.54
SN11 8PX,SEPD,HV,1,TH5140,28,2026-06-04T11:24:55Z,2026-06-04T23:57:17Z,12.54
UB3 2NX,SEPD,LV,1,TH9778,8,2026-06-08T04:55:57Z,2026-06-08T17:26:59Z,12.52
HP12 4FW,SEPD,LV,1,TH3612,17,2026-06-03T15:02:39Z,2026-06-04T03:31:03Z,12.47
HP12 4FY,SEPD,LV,1,TH3612,17,2026-06-03T15:02:39Z,2026-06-04T03:31:03Z,12.47
HP12 4PG,SEPD,LV,1,TH3612,17,2026-06-03T15:02:39Z,2026-06-04T03:31:03Z,12.47
HP12 4PQ,SEPD,LV,1,TH3612,17,2026-06-03T15:02:39Z,2026-06-04T03:31:03Z,12.47
GU51 3HT,SEPD,LV,1,TH7591,9,2026-06-06T10:22:46Z,2026-06-06T22:40:35Z,12.3
GU51 3HY,SEPD,LV,1,TH7591,9,2026-06-06T10:22:46Z,2026-06-06T22:40:35Z,12.3
GU51 3HZ,SEPD,LV,1,TH7591,9,2026-06-06T10:22:46Z,2026-06-06T22:40:35Z,12.3
OX12 0DP,SEPD,LV,1,TH2956,20,2026-06-03T10:04:32Z,2026-06-03T21:56:18Z,11.86
OX12 0DR,SEPD,LV,1,TH2956,20,2026-06-03T10:04:32Z,2026-06-03T21:56:18Z,11.86
OX12 0DS,SEPD,LV,1,TH2956,20,2026-06-03T10:04:32Z,2026-06-03T21:56:18Z,11.86
OX12 0DT,SEPD,LV,1,TH2956,20,2026-06-03T10:04:32Z,2026-06-03T21:56:18Z,11.86
OX12 0DU,SEPD,LV,1,TH2956,20,2026-06-03T10:04:32Z,2026-06-03T21:56:18Z,11.86
OX12 0DX,SEPD,LV,1,TH2956,20,2026-06-03T10:04:32Z,2026-06-03T21:56:18Z,11.86
OX12 0DZ,SEPD,LV,1,TH2956,20,2026-06-03T10:04:32Z,2026-06-03T21:56:18Z,11.86
OX12 0EA,SEPD,LV,1,TH2956,20,2026-06-03T10:04:32Z,2026-06-03T21:56:18Z,11.86
OX12 0FB,SEPD,LV,1,TH2956,20,2026-06-03T10:04:32Z,2026-06-03T21:56:18Z,11.86
PA31 8JR,SHEPD,LV,1,TH6068,17,2026-06-04T23:57:17Z,2026-06-05T11:48:52Z,11.86
PA31 8JS,SHEPD,LV,1,TH6068,17,2026-06-04T23:57:17Z,2026-06-05T11:48:52Z,11.86
PA31 8JU,SHEPD,LV,1,TH6068,17,2026-06-04T23:57:17Z,2026-06-05T11:48:52Z,11.86
PA31 8NW,SHEPD,LV,1,TH6068,17,2026-06-04T23:57:17Z,2026-06-05T11:48:52Z,11.86
PA31 8TB,SHEPD,LV,1,TH6068,17,2026-06-04T23:57:17Z,2026-06-05T11:48:52Z,11.86
SO15 2HA,SEPD,LV,1,TH2985,24,2026-06-03T10:04:32Z,2026-06-03T21:56:18Z,11.86
SO15 2HB,SEPD,LV,1,TH2985,24,2026-06-03T10:04:32Z,2026-06-03T21:56:18Z,11.86
SO15 2HG,SEPD,LV,1,TH2985,24,2026-06-03T10:04:32Z,2026-06-03T21:56:18Z,11.86
BH21 6RH,SEPD,PSI,4,"251284,251289,251293,251437",122,2026-06-03T15:02:39Z,2026-06-06T10:22:46Z,11.79
HP14 3GB,SEPD,LV,1,TH4395,32,2026-06-03T23:53:04Z,2026-06-04T11:24:55Z,11.53
HP14 3GE,SEPD,LV,1,TH4395,32,2026-06-03T23:53:04Z,2026-06-04T11:24:55Z,11.53
HP14 3HG,SEPD,LV,1,TH4395,32,2026-06-03T23:53:04Z,2026-06-04T11:24:55Z,11.53
HP14 3HY,SEPD,LV,1,TH4395,32,2026-06-03T23:53:04Z,2026-06-04T11:24:55Z,11.53
HP14 3JA,SEPD,LV,1,TH4395,32,2026-06-03T23:53:04Z,2026-06-04T11:24:55Z,11.53
HP14 3JB,SEPD,LV,1,TH4395,32,2026-06-03T23:53:04Z,2026-06-04T11:24:55Z,11.53
HP14 3JF,SEPD,LV,1,TH4395,32,2026-06-03T23:53:04Z,2026-06-04T11:24:55Z,11.53
HP14 3JG,SEPD,LV,1,TH4395,32,2026-06-03T23:53:04Z,2026-06-04T11:24:55Z,11.53
HP14 3JL,SEPD,LV,1,TH4395,32,2026-06-03T23:53:04Z,2026-06-04T11:24:55Z,11.53
HP14 3JP,SEPD,LV,1,TH4395,32,2026-06-03T23:53:04Z,2026-06-04T11:24:55Z,11.53
HP14 3JW,SEPD,LV,1,TH4395,32,2026-06-03T23:53:04Z,2026-06-04T11:24:55Z,11.53
SO50 4ET,SEPD,PSI,1,252171,24,2026-06-07T09:51:01Z,2026-06-07T20:38:04Z,10.78
SO50 4NU,SEPD,PSI,1,252171,24,2026-06-07T09:51:01Z,2026-06-07T20:38:04Z,10.78
SO50 4ZR,SEPD,PSI,1,252171,24,2026-06-07T09:51:01Z,2026-06-07T20:38:04Z,10.78
SO50 9SG,SEPD,PSI,1,252171,24,2026-06-07T09:51:01Z,2026-06-07T20:38:04Z,10.78
RG6 3AA,SEPD,LV,1,TH7408,31,2026-06-06T08:11:56Z,2026-06-06T18:53:35Z,10.69
RG6 3AB,SEPD,LV,1,TH7408,31,2026-06-06T08:11:56Z,2026-06-06T18:53:35Z,10.69
RG6 3AD,SEPD,LV,1,TH7408,31,2026-06-06T08:11:56Z,2026-06-06T18:53:35Z,10.69
RG6 3AP,SEPD,LV,1,TH7408,31,2026-06-06T08:11:56Z,2026-06-06T18:53:35Z,10.69
RG6 3AW,SEPD,LV,1,TH7408,31,2026-06-06T08:11:56Z,2026-06-06T18:53:35Z,10.69
RG6 3AZ,SEPD,LV,1,TH7408,31,2026-06-06T08:11:56Z,2026-06-06T18:53:35Z,10.69
RG6 3BA,SEPD,LV,1,TH7408,31,2026-06-06T08:11:56Z,2026-06-06T18:53:35Z,10.69
RG6 3BE,SEPD,LV,1,TH7408,31,2026-06-06T08:11:56Z,2026-06-06T18:53:35Z,10.69
RG6 7YA,SEPD,LV,1,TH7408,31,2026-06-06T08:11:56Z,2026-06-06T18:53:35Z,10.69
PH10 7LQ,SHEPD,PSI,2,"251530,251741",20,2026-06-03T10:04:32Z,2026-06-05T14:13:43Z,10.64
PO20 7PX,SEPD,"PSI,HV",2,"251567,TH7941",4229,2026-06-03T10:04:32Z,2026-06-06T21:33:01Z,10.46
GU30 7NL,SEPD,LV,1,TH2652,3,2026-06-03T00:02:10Z,2026-06-03T10:04:32Z,10.04
HP10 9RJ,SEPD,LV,1,TH1940,17,2026-06-03T00:02:10Z,2026-06-03T10:04:32Z,10.04
HP10 9RL,SEPD,LV,1,TH1940,17,2026-06-03T00:02:10Z,2026-06-03T10:04:32Z,10.04
HP10 9TB,SEPD,LV,1,TH1940,17,2026-06-03T00:02:10Z,2026-06-03T10:04:32Z,10.04
SN11 8NY,SEPD,LV,1,TH2660,6,2026-06-03T00:02:10Z,2026-06-03T10:04:32Z,10.04
OX2 7DT,SEPD,LV,2,"TH7658,TH8770",90,2026-06-06T23:44:50Z,2026-06-07T16:40:31Z,10.01
OX2 7EA,SEPD,LV,2,"TH7658,TH8770",90,2026-06-06T23:44:50Z,2026-06-07T16:40:31Z,10.01
OX2 7EE,SEPD,LV,2,"TH7658,TH8770",90,2026-06-06T23:44:50Z,2026-06-07T16:40:31Z,10.01
OX2 7EF,SEPD,LV,2,"TH7658,TH8770",90,2026-06-06T23:44:50Z,2026-06-07T16:40:31Z,10.01
OX2 7EG,SEPD,LV,2,"TH7658,TH8770",90,2026-06-06T23:44:50Z,2026-06-07T16:40:31Z,10.01
OX2 7EH,SEPD,LV,2,"TH7658,TH8770",90,2026-06-06T23:44:50Z,2026-06-07T16:40:31Z,10.01
OX2 7XH,SEPD,LV,2,"TH7658,TH8770",90,2026-06-06T23:44:50Z,2026-06-07T16:40:31Z,10.01
GU10 1PU,SEPD,HV,1,TJ1949,36,2026-06-09T14:03:39Z,2026-06-10T00:02:10Z,9.98
GU9 0AB,SEPD,HV,1,TJ1949,36,2026-06-09T14:03:39Z,2026-06-10T00:02:10Z,9.98
GU9 0AJ,SEPD,HV,1,TJ1949,36,2026-06-09T14:03:39Z,2026-06-10T00:02:10Z,9.98
GU9 0AL,SEPD,HV,1,TJ1949,36,2026-06-09T14:03:39Z,2026-06-10T00:02:10Z,9.98
GU9 0AN,SEPD,HV,1,TJ1949,36,2026-06-09T14:03:39Z,2026-06-10T00:02:10Z,9.98
GU9 0AP,SEPD,HV,1,TJ1949,36,2026-06-09T14:03:39Z,2026-06-10T00:02:10Z,9.98
GU9 0AU,SEPD,HV,1,TJ1949,36,2026-06-09T14:03:39Z,2026-06-10T00:02:10Z,9.98
GU9 0AW,SEPD,HV,1,TJ1949,36,2026-06-09T14:03:39Z,2026-06-10T00:02:10Z,9.98
GU9 0EZ,SEPD,HV,1,TJ1949,36,2026-06-09T14:03:39Z,2026-06-10T00:02:10Z,9.98
GU9 0FL,SEPD,HV,1,TJ1949,36,2026-06-09T14:03:39Z,2026-06-10T00:02:10Z,9.98
KW1 5BQ,SHEPD,LV,1,TH6726,5,2026-06-09T14:03:39Z,2026-06-10T00:02:10Z,9.98
SL5 9TB,SEPD,LV,1,TJ2166,10,2026-06-09T14:03:39Z,2026-06-10T00:02:10Z,9.98
SL5 9TD,SEPD,LV,1,TJ2166,10,2026-06-09T14:03:39Z,2026-06-10T00:02:10Z,9.98
BH25 5TN,SEPD,"LV,HV",2,"TH7538,TH8250",34,2026-06-06T10:22:46Z,2026-06-06T23:44:50Z,9.36
RG2 9HN,SEPD,LV,4,"TH8416,TJ0750,TJ0973,TJ1379",76,2026-06-06T20:17:04Z,2026-06-09T14:03:39Z,9.24
RG2 9JR,SEPD,LV,4,"TH8416,TJ0750,TJ0973,TJ1379",76,2026-06-06T20:17:04Z,2026-06-09T14:03:39Z,9.24
RG2 9PG,SEPD,LV,4,"TH8416,TJ0750,TJ0973,TJ1379",76,2026-06-06T20:17:04Z,2026-06-09T14:03:39Z,9.24
RG2 9PY,SEPD,LV,4,"TH8416,TJ0750,TJ0973,TJ1379",76,2026-06-06T20:17:04Z,2026-06-09T14:03:39Z,9.24
RG2 9PZ,SEPD,LV,4,"TH8416,TJ0750,TJ0973,TJ1379",76,2026-06-06T20:17:04Z,2026-06-09T14:03:39Z,9.24
RG2 9QA,SEPD,LV,4,"TH8416,TJ0750,TJ0973,TJ1379",76,2026-06-06T20:17:04Z,2026-06-09T14:03:39Z,9.24
RG2 9QB,SEPD,LV,4,"TH8416,TJ0750,TJ0973,TJ1379",76,2026-06-06T20:17:04Z,2026-06-09T14:03:39Z,9.24
KW17 2EJ,SHEPD,PSI,2,"251252,251275",109,2026-06-04T08:07:26Z,2026-06-04T14:14:55Z,8.95
KW17 2EL,SHEPD,PSI,2,"251252,251275",109,2026-06-04T08:07:26Z,2026-06-04T14:14:55Z,8.95
KW17 2EQ,SHEPD,PSI,2,"251252,251275",109,2026-06-04T08:07:26Z,2026-06-04T14:14:55Z,8.95
PA44 7PL,SHEPD,PSI,2,"251211,251232",5,2026-06-09T08:21:11Z,2026-06-09T14:03:39Z,8.95
RG19 4AS,SEPD,HV,1,TH7892,57,2026-06-06T14:53:20Z,2026-06-06T23:44:50Z,8.86
RG19 4NU,SEPD,HV,1,TH7892,57,2026-06-06T14:53:20Z,2026-06-06T23:44:50Z,8.86
RG19 4NY,SEPD,HV,1,TH7892,57,2026-06-06T14:53:20Z,2026-06-06T23:44:50Z,8.86
RG19 8BZ,SEPD,HV,1,TH7892,57,2026-06-06T14:53:20Z,2026-06-06T23:44:50Z,8.86
RG19 8DB,SEPD,HV,1,TH7892,57,2026-06-06T14:53:20Z,2026-06-06T23:44:50Z,8.86
RG19 8DD,SEPD,HV,1,TH7892,57,2026-06-06T14:53:20Z,2026-06-06T23:44:50Z,8.86
PO6 1PF,SEPD,LV,1,TH3519,12,2026-06-03T15:02:39Z,2026-06-03T23:53:04Z,8.84
PO6 2JD,SEPD,LV,1,TH3519,12,2026-06-03T15:02:39Z,2026-06-03T23:53:04Z,8.84
PO6 2JF,SEPD,LV,1,TH3519,12,2026-06-03T15:02:39Z,2026-06-03T23:53:04Z,8.84
PO6 2JP,SEPD,LV,1,TH3519,12,2026-06-03T15:02:39Z,2026-06-03T23:53:04Z,8.84
RG6 3TE,SEPD,LV,1,TJ1932,30,2026-06-09T14:03:39Z,2026-06-09T22:49:31Z,8.76
RG6 3TF,SEPD,LV,1,TJ1932,30,2026-06-09T14:03:39Z,2026-06-09T22:49:31Z,8.76
RG6 3TG,SEPD,LV,1,TJ1932,30,2026-06-09T14:03:39Z,2026-06-09T22:49:31Z,8.76
RG6 3TH,SEPD,LV,1,TJ1932,30,2026-06-09T14:03:39Z,2026-06-09T22:49:31Z,8.76
RG6 3TQ,SEPD,LV,1,TJ1932,30,2026-06-09T14:03:39Z,2026-06-09T22:49:31Z,8.76
RG6 3UN,SEPD,LV,1,TJ1932,30,2026-06-09T14:03:39Z,2026-06-09T22:49:31Z,8.76
RG6 3US,SEPD,LV,1,TJ1932,30,2026-06-09T14:03:39Z,2026-06-09T22:49:31Z,8.76
OX25 3QP,SEPD,"PSI,LV",2,"251304,TJ1316",75,2026-06-09T08:21:11Z,2026-06-09T14:03:39Z,8.18
OX1 5DU,SEPD,LV,1,TH8653,9,2026-06-07T09:51:01Z,2026-06-07T17:52:29Z,8.02
OX1 5DX,SEPD,LV,1,TH8653,9,2026-06-07T09:51:01Z,2026-06-07T17:52:29Z,8.02
OX1 5DY,SEPD,LV,1,TH8653,9,2026-06-07T09:51:01Z,2026-06-07T17:52:29Z,8.02
OX1 5DZ,SEPD,LV,1,TH8653,9,2026-06-07T09:51:01Z,2026-06-07T17:52:29Z,8.02
OX13 6RE,SEPD,LV,1,TH8653,9,2026-06-07T09:51:01Z,2026-06-07T17:52:29Z,8.02
SP11 0QF,SEPD,HV,1,TH8883,68,2026-06-07T09:51:01Z,2026-06-07T17:52:29Z,8.02
SP11 0QG,SEPD,HV,1,TH8883,68,2026-06-07T09:51:01Z,2026-06-07T17:52:29Z,8.02
SP11 0QP,SEPD,HV,1,TH8883,68,2026-06-07T09:51:01Z,2026-06-07T17:52:29Z,8.02
SP11 9AA,SEPD,HV,1,TH8883,68,2026-06-07T09:51:01Z,2026-06-07T17:52:29Z,8.02
SP11 9AB,SEPD,HV,1,TH8883,68,2026-06-07T09:51:01Z,2026-06-07T17:52:29Z,8.02
SP11 9AD,SEPD,HV,1,TH8883,68,2026-06-07T09:51:01Z,2026-06-07T17:52:29Z,8.02
SP11 9AF,SEPD,HV,1,TH8883,68,2026-06-07T09:51:01Z,2026-06-07T17:52:29Z,8.02
SP11 9AQ,SEPD,HV,1,TH8883,68,2026-06-07T09:51:01Z,2026-06-07T17:52:29Z,8.02
SP11 9BP,SEPD,HV,1,TH8883,68,2026-06-07T09:51:01Z,2026-06-07T17:52:29Z,8.02
SP11 9BT,SEPD,HV,1,TH8883,68,2026-06-07T09:51:01Z,2026-06-07T17:52:29Z,8.02
SP11 9BU,SEPD,HV,1,TH8883,68,2026-06-07T09:51:01Z,2026-06-07T17:52:29Z,8.02
SP11 9BX,SEPD,HV,1,TH8883,68,2026-06-07T09:51:01Z,2026-06-07T17:52:29Z,8.02
SP11 9BY,SEPD,HV,1,TH8883,68,2026-06-07T09:51:01Z,2026-06-07T17:52:29Z,8.02
HP14 4LQ,SEPD,HV,1,TH6965,31,2026-06-05T14:13:43Z,2026-06-05T22:07:02Z,7.89
HP15 6JR,SEPD,HV,1,TH6965,31,2026-06-05T14:13:43Z,2026-06-05T22:07:02Z,7.89
HP15 6JS,SEPD,HV,1,TH6965,31,2026-06-05T14:13:43Z,2026-06-05T22:07:02Z,7.89
OX2 7NY,SEPD,LV,1,TH9856,24,2026-06-08T09:52:09Z,2026-06-08T17:26:59Z,7.58
OX2 8DF,SEPD,LV,1,TH9856,24,2026-06-08T09:52:09Z,2026-06-08T17:26:59Z,7.58
OX2 8DG,SEPD,LV,1,TH9856,24,2026-06-08T09:52:09Z,2026-06-08T17:26:59Z,7.58
OX2 8DH,SEPD,LV,1,TH9856,24,2026-06-08T09:52:09Z,2026-06-08T17:26:59Z,7.58
OX2 8DJ,SEPD,LV,1,TH9856,24,2026-06-08T09:52:09Z,2026-06-08T17:26:59Z,7.58
OX2 8DQ,SEPD,LV,1,TH9856,24,2026-06-08T09:52:09Z,2026-06-08T17:26:59Z,7.58
RG2 9AA,SEPD,LV,3,"TH5336,TH7451,TH7783",27,2026-06-04T14:14:55Z,2026-06-06T13:09:45Z,7.54
RG2 9AF,SEPD,LV,3,"TH5336,TH7451,TH7783",27,2026-06-04T14:14:55Z,2026-06-06T13:09:45Z,7.54
RG2 9AG,SEPD,LV,3,"TH5336,TH7451,TH7783",27,2026-06-04T14:14:55Z,2026-06-06T13:09:45Z,7.54
RG2 9AJ,SEPD,LV,3,"TH5336,TH7451,TH7783",27,2026-06-04T14:14:55Z,2026-06-06T13:09:45Z,7.54
RG2 9AL,SEPD,LV,3,"TH5336,TH7451,TH7783",27,2026-06-04T14:14:55Z,2026-06-06T13:09:45Z,7.54
RG2 9LB,SEPD,LV,3,"TH5336,TH7451,TH7783",27,2026-06-04T14:14:55Z,2026-06-06T13:09:45Z,7.54
RG12 0XA,SEPD,LV,2,"TJ1212,TJ2237",12,2026-06-09T08:21:11Z,2026-06-10T00:02:10Z,7.25
RG12 0XD,SEPD,LV,2,"TJ1212,TJ2237",12,2026-06-09T08:21:11Z,2026-06-10T00:02:10Z,7.25
RG12 0XF,SEPD,LV,2,"TJ1212,TJ2237",12,2026-06-09T08:21:11Z,2026-06-10T00:02:10Z,7.25
RG12 0XG,SEPD,LV,2,"TJ1212,TJ2237",12,2026-06-09T08:21:11Z,2026-06-10T00:02:10Z,7.25
UB6 0AA,SEPD,LV,1,TJ2084,19,2026-06-09T16:47:00Z,2026-06-10T00:02:10Z,7.25
UB6 0AL,SEPD,LV,1,TJ2084,19,2026-06-09T16:47:00Z,2026-06-10T00:02:10Z,7.25
UB6 0AP,SEPD,LV,1,TJ2084,19,2026-06-09T16:47:00Z,2026-06-10T00:02:10Z,7.25
UB6 0AZ,SEPD,LV,1,TJ2084,19,2026-06-09T16:47:00Z,2026-06-10T00:02:10Z,7.25
UB6 8NZ,SEPD,LV,1,TJ2084,19,2026-06-09T16:47:00Z,2026-06-10T00:02:10Z,7.25
UB6 8PA,SEPD,LV,1,TJ2084,19,2026-06-09T16:47:00Z,2026-06-10T00:02:10Z,7.25
UB6 8PP,SEPD,LV,1,TJ2084,19,2026-06-09T16:47:00Z,2026-06-10T00:02:10Z,7.25
UB6 8PT,SEPD,LV,1,TJ2084,19,2026-06-09T16:47:00Z,2026-06-10T00:02:10Z,7.25
UB6 8PX,SEPD,LV,1,TJ2084,19,2026-06-09T16:47:00Z,2026-06-10T00:02:10Z,7.25
GL7 1TZ,SEPD,LV,1,TH7806,13,2026-06-06T13:09:45Z,2026-06-06T20:17:04Z,7.12
GL7 1UG,SEPD,LV,1,TH7806,13,2026-06-06T13:09:45Z,2026-06-06T20:17:04Z,7.12
GL7 1UQ,SEPD,LV,1,TH7806,13,2026-06-06T13:09:45Z,2026-06-06T20:17:04Z,7.12
SO50 9ER,SEPD,LV,1,TH6028,3,2026-06-05T11:48:52Z,2026-06-05T18:52:44Z,7.06
SO50 9NA,SEPD,LV,1,TH6028,3,2026-06-05T11:48:52Z,2026-06-05T18:52:44Z,7.06
SO50 9QW,SEPD,LV,1,TH6028,3,2026-06-05T11:48:52Z,2026-06-05T18:52:44Z,7.06
BH19 1RL,SEPD,LV,1,TH3068,2,2026-06-03T15:02:39Z,2026-06-03T21:56:18Z,6.89
SP11 9BE,SEPD,HV,1,TH8883,68,2026-06-07T09:51:01Z,2026-06-07T16:40:31Z,6.82
SP11 9BG,SEPD,HV,1,TH8883,68,2026-06-07T09:51:01Z,2026-06-07T16:40:31Z,6.82
SP11 9BH,SEPD,HV,1,TH8883,68,2026-06-07T09:51:01Z,2026-06-07T16:40:31Z,6.82
SP11 9BJ,SEPD,HV,1,TH8883,68,2026-06-07T09:51:01Z,2026-06-07T16:40:31Z,6.82
SP11 9BL,SEPD,HV,1,TH8883,68,2026-06-07T09:51:01Z,2026-06-07T16:40:31Z,6.82
SP11 9BN,SEPD,HV,1,TH8883,68,2026-06-07T09:51:01Z,2026-06-07T16:40:31Z,6.82
SP11 9BQ,SEPD,HV,1,TH8883,68,2026-06-07T09:51:01Z,2026-06-07T16:40:31Z,6.82
SP11 9BS,SEPD,HV,1,TH8883,68,2026-06-07T09:51:01Z,2026-06-07T16:40:31Z,6.82
SP11 9BZ,SEPD,HV,1,TH8883,68,2026-06-07T09:51:01Z,2026-06-07T16:40:31Z,6.82
SP11 9DA,SEPD,HV,1,TH8883,68,2026-06-07T09:51:01Z,2026-06-07T16:40:31Z,6.82
SP11 9FP,SEPD,HV,1,TH8883,68,2026-06-07T09:51:01Z,2026-06-07T16:40:31Z,6.82
GU14 0AH,SEPD,LV,1,TJ0699,21,2026-06-08T17:26:59Z,2026-06-09T00:13:01Z,6.77
GU14 0AJ,SEPD,LV,1,TJ0699,21,2026-06-08T17:26:59Z,2026-06-09T00:13:01Z,6.77
GU14 0AY,SEPD,LV,1,TJ0699,21,2026-06-08T17:26:59Z,2026-06-09T00:13:01Z,6.77
GU14 0AZ,SEPD,LV,1,TJ0699,21,2026-06-08T17:26:59Z,2026-06-09T00:13:01Z,6.77
GU14 0NH,SEPD,LV,1,TJ0699,21,2026-06-08T17:26:59Z,2026-06-09T00:13:01Z,6.77
RG12 0TL,SEPD,LV,1,TH7456,34,2026-06-06T08:11:56Z,2026-06-06T14:53:20Z,6.69
RG12 0UD,SEPD,LV,1,TH7456,34,2026-06-06T08:11:56Z,2026-06-06T14:53:20Z,6.69
RG12 0UN,SEPD,LV,1,TH7456,34,2026-06-06T08:11:56Z,2026-06-06T14:53:20Z,6.69
RG12 0UP,SEPD,LV,1,TH7456,34,2026-06-06T08:11:56Z,2026-06-06T14:53:20Z,6.69
SP6 1PA,SEPD,LV,1,TH7898,8,2026-06-06T14:53:20Z,2026-06-06T21:33:01Z,6.66
SP6 1PE,SEPD,LV,1,TH7898,8,2026-06-06T14:53:20Z,2026-06-06T21:33:01Z,6.66
SP6 1SY,SEPD,LV,1,TH7898,8,2026-06-06T14:53:20Z,2026-06-06T21:33:01Z,6.66
BH5 2AU,SEPD,LV,1,TH7927,17,2026-06-06T16:03:38Z,2026-06-06T22:40:35Z,6.62
BH5 2AX,SEPD,LV,1,TH7927,17,2026-06-06T16:03:38Z,2026-06-06T22:40:35Z,6.62
BH5 2BJ,SEPD,LV,1,TH7927,17,2026-06-06T16:03:38Z,2026-06-06T22:40:35Z,6.62
BH5 2BL,SEPD,LV,1,TH7927,17,2026-06-06T16:03:38Z,2026-06-06T22:40:35Z,6.62
BH4 9HB,SEPD,LV,2,"TH6294,TH6527",126,2026-06-05T08:33:42Z,2026-06-05T20:46:32Z,6.55
BH4 9HD,SEPD,LV,2,"TH6294,TH6527",126,2026-06-05T08:33:42Z,2026-06-05T20:46:32Z,6.55
BH4 9HF,SEPD,LV,2,"TH6294,TH6527",126,2026-06-05T08:33:42Z,2026-06-05T20:46:32Z,6.55
BH4 9HL,SEPD,LV,2,"TH6294,TH6527",126,2026-06-05T08:33:42Z,2026-06-05T20:46:32Z,6.55
BH4 9HR,SEPD,LV,2,"TH6294,TH6527",126,2026-06-05T08:33:42Z,2026-06-05T20:46:32Z,6.55
BH4 9HT,SEPD,LV,2,"TH6294,TH6527",126,2026-06-05T08:33:42Z,2026-06-05T20:46:32Z,6.55
BH4 9HU,SEPD,LV,2,"TH6294,TH6527",126,2026-06-05T08:33:42Z,2026-06-05T20:46:32Z,6.55
BH4 9HW,SEPD,LV,2,"TH6294,TH6527",126,2026-06-05T08:33:42Z,2026-06-05T20:46:32Z,6.55
BH4 9JH,SEPD,LV,2,"TH6294,TH6527",126,2026-06-05T08:33:42Z,2026-06-05T20:46:32Z,6.55
GU16 7JN,SEPD,LV,1,TH5737,12,2026-06-04T17:26:14Z,2026-06-04T23:57:17Z,6.52
GU16 7JW,SEPD,LV,1,TH5737,12,2026-06-04T17:26:14Z,2026-06-04T23:57:17Z,6.52
TW3 3HY,SEPD,LV,2,"TH7156,TH8795",6,2026-06-05T16:44:20Z,2026-06-07T13:09:19Z,6.49
BH21 6RT,SEPD,PSI,3,"251284,251289,251437",118,2026-06-03T15:02:39Z,2026-06-06T10:22:46Z,6.12
OX49 5AY,SEPD,PSI,2,"252055,252056",30,2026-06-04T08:07:26Z,2026-06-05T08:33:42Z,6.12
BH21 6RF,SEPD,PSI,1,251437,107,2026-06-04T08:07:26Z,2026-06-04T14:14:55Z,6.12
BH21 6RG,SEPD,PSI,1,251437,107,2026-06-04T08:07:26Z,2026-06-04T14:14:55Z,6.12
BH21 6RJ,SEPD,PSI,1,251437,107,2026-06-04T08:07:26Z,2026-06-04T14:14:55Z,6.12
BH21 6RL,SEPD,PSI,1,251437,107,2026-06-04T08:07:26Z,2026-06-04T14:14:55Z,6.12
BH21 6RN,SEPD,PSI,1,251437,107,2026-06-04T08:07:26Z,2026-06-04T14:14:55Z,6.12
BH21 6RP,SEPD,PSI,1,251437,107,2026-06-04T08:07:26Z,2026-06-04T14:14:55Z,6.12
BH21 6RQ,SEPD,PSI,1,251437,107,2026-06-04T08:07:26Z,2026-06-04T14:14:55Z,6.12
BH21 6RR,SEPD,PSI,1,251437,107,2026-06-04T08:07:26Z,2026-06-04T14:14:55Z,6.12
BH21 6RW,SEPD,PSI,1,251437,107,2026-06-04T08:07:26Z,2026-06-04T14:14:55Z,6.12
BH21 6SA,SEPD,PSI,1,251437,107,2026-06-04T08:07:26Z,2026-06-04T14:14:55Z,6.12
BH21 6SG,SEPD,PSI,1,251437,107,2026-06-04T08:07:26Z,2026-06-04T14:14:55Z,6.12
FK20 8RU,SHEPD,PSI,1,251711,13,2026-06-04T08:07:26Z,2026-06-04T14:14:55Z,6.12
GU31 4HS,SEPD,PSI,1,251281,33,2026-06-04T08:07:26Z,2026-06-04T14:14:55Z,6.12
GU31 4HT,SEPD,PSI,1,251281,33,2026-06-04T08:07:26Z,2026-06-04T14:14:55Z,6.12
GU31 4HU,SEPD,PSI,1,251281,33,2026-06-04T08:07:26Z,2026-06-04T14:14:55Z,6.12
GU31 5RA,SEPD,PSI,1,251281,33,2026-06-04T08:07:26Z,2026-06-04T14:14:55Z,6.12
GU31 5RB,SEPD,PSI,1,251281,33,2026-06-04T08:07:26Z,2026-06-04T14:14:55Z,6.12
GU31 5RD,SEPD,PSI,1,251281,33,2026-06-04T08:07:26Z,2026-06-04T14:14:55Z,6.12
GU31 5RP,SEPD,PSI,1,251281,33,2026-06-04T08:07:26Z,2026-06-04T14:14:55Z,6.12
GU31 5RR,SEPD,PSI,1,251281,33,2026-06-04T08:07:26Z,2026-06-04T14:14:55Z,6.12
GU31 5RW,SEPD,PSI,1,251281,33,2026-06-04T08:07:26Z,2026-06-04T14:14:55Z,6.12
KW17 2EH,SHEPD,PSI,1,251252,67,2026-06-04T08:07:26Z,2026-06-04T14:14:55Z,6.12
KW17 2HJ,SHEPD,PSI,1,251252,67,2026-06-04T08:07:26Z,2026-06-04T14:14:55Z,6.12
KW17 2SR,SHEPD,PSI,1,251252,67,2026-06-04T08:07:26Z,2026-06-04T14:14:55Z,6.12
OX49 5AR,SEPD,PSI,1,252055,24,2026-06-04T08:07:26Z,2026-06-04T14:14:55Z,6.12
OX49 5AT,SEPD,PSI,1,252055,24,2026-06-04T08:07:26Z,2026-06-04T14:14:55Z,6.12
OX49 5AU,SEPD,PSI,1,252055,24,2026-06-04T08:07:26Z,2026-06-04T14:14:55Z,6.12
OX49 5AX,SEPD,PSI,1,252055,24,2026-06-04T08:07:26Z,2026-06-04T14:14:55Z,6.12
OX9 7HF,SEPD,PSI,1,252055,24,2026-06-04T08:07:26Z,2026-06-04T14:14:55Z,6.12
OX9 7HG,SEPD,PSI,1,252055,24,2026-06-04T08:07:26Z,2026-06-04T14:14:55Z,6.12
OX9 7HQ,SEPD,PSI,1,252055,24,2026-06-04T08:07:26Z,2026-06-04T14:14:55Z,6.12
SN15,SEPD,PSI,1,251279,96,2026-06-04T08:07:26Z,2026-06-04T14:14:55Z,6.12
SN9 6BY,SEPD,PSI,1,251279,96,2026-06-04T08:07:26Z,2026-06-04T14:14:55Z,6.12
SN9 6FJ,SEPD,PSI,1,251279,96,2026-06-04T08:07:26Z,2026-06-04T14:14:55Z,6.12
SN9 6HT,SEPD,PSI,1,251279,96,2026-06-04T08:07:26Z,2026-06-04T14:14:55Z,6.12
SN9 6HU,SEPD,PSI,1,251279,96,2026-06-04T08:07:26Z,2026-06-04T14:14:55Z,6.12
SN9 6HX,SEPD,PSI,1,251279,96,2026-06-04T08:07:26Z,2026-06-04T14:14:55Z,6.12
SN9 6HY,SEPD,PSI,1,251279,96,2026-06-04T08:07:26Z,2026-06-04T14:14:55Z,6.12
SN9 6JL,SEPD,PSI,1,251279,96,2026-06-04T08:07:26Z,2026-06-04T14:14:55Z,6.12
SN9 6JP,SEPD,PSI,1,251279,96,2026-06-04T08:07:26Z,2026-06-04T14:14:55Z,6.12
SN9 6JR,SEPD,PSI,1,251279,96,2026-06-04T08:07:26Z,2026-06-04T14:14:55Z,6.12
SN9 6JW,SEPD,PSI,1,251279,96,2026-06-04T08:07:26Z,2026-06-04T14:14:55Z,6.12
SN9 6LA,SEPD,PSI,1,251279,96,2026-06-04T08:07:26Z,2026-06-04T14:14:55Z,6.12
SN9 6NL,SEPD,PSI,1,251279,96,2026-06-04T08:07:26Z,2026-06-04T14:14:55Z,6.12
SN11 8JZ,SEPD,"HV,LV",2,"TH5140,TH5145",69,2026-06-04T11:24:55Z,2026-06-04T17:26:14Z,6.02
SN11 8JA,SEPD,HV,1,TH5140,28,2026-06-04T11:24:55Z,2026-06-04T17:26:14Z,6.02
SN11 8PR,SEPD,HV,1,TH5140,28,2026-06-04T11:24:55Z,2026-06-04T17:26:14Z,6.02
SN11 8UQ,SEPD,HV,1,TH5140,28,2026-06-04T11:24:55Z,2026-06-04T17:26:14Z,6.02
ZE2 9LY,SHEPD,"PSI,HV",2,"251461,TH9139",696,2026-06-07T13:09:19Z,2026-06-09T14:03:39Z,5.71
BH23 4AX,SEPD,LV,1,TJ1202,30,2026-06-09T08:21:11Z,2026-06-09T14:03:39Z,5.71
BH23 4AZ,SEPD,LV,1,TJ1202,30,2026-06-09T08:21:11Z,2026-06-09T14:03:39Z,5.71
BH23 4BA,SEPD,LV,1,TJ1202,30,2026-06-09T08:21:11Z,2026-06-09T14:03:39Z,5.71
BH23 4BB,SEPD,LV,1,TJ1202,30,2026-06-09T08:21:11Z,2026-06-09T14:03:39Z,5.71
BH23 4BD,SEPD,LV,1,TJ1202,30,2026-06-09T08:21:11Z,2026-06-09T14:03:39Z,5.71
BH23 4BG,SEPD,LV,1,TJ1202,30,2026-06-09T08:21:11Z,2026-06-09T14:03:39Z,5.71
BH23 4BJ,SEPD,LV,1,TJ1202,30,2026-06-09T08:21:11Z,2026-06-09T14:03:39Z,5.71
BH23 4BL,SEPD,LV,1,TJ1202,30,2026-06-09T08:21:11Z,2026-06-09T14:03:39Z,5.71
BH23 4BQ,SEPD,LV,1,TJ1202,30,2026-06-09T08:21:11Z,2026-06-09T14:03:39Z,5.71
IV30 4BN,SHEPD,PSI,1,251434,64,2026-06-09T08:21:11Z,2026-06-09T14:03:39Z,5.71
IV30 4BP,SHEPD,PSI,1,251434,64,2026-06-09T08:21:11Z,2026-06-09T14:03:39Z,5.71
IV30 4BS,SHEPD,PSI,1,251434,64,2026-06-09T08:21:11Z,2026-06-09T14:03:39Z,5.71
IV30 4BU,SHEPD,PSI,1,251434,64,2026-06-09T08:21:11Z,2026-06-09T14:03:39Z,5.71
IV30 4BX,SHEPD,PSI,1,251434,64,2026-06-09T08:21:11Z,2026-06-09T14:03:39Z,5.71
IV30 8TU,SHEPD,PSI,1,251469,28,2026-06-09T08:21:11Z,2026-06-09T14:03:39Z,5.71
IV30 8UW,SHEPD,PSI,1,251469,28,2026-06-09T08:21:11Z,2026-06-09T14:03:39Z,5.71
IV30 8XE,SHEPD,PSI,1,251469,28,2026-06-09T08:21:11Z,2026-06-09T14:03:39Z,5.71
OX25 3GW,SEPD,PSI,1,251304,60,2026-06-09T08:21:11Z,2026-06-09T14:03:39Z,5.71
OX25 3QS,SEPD,PSI,1,251304,60,2026-06-09T08:21:11Z,2026-06-09T14:03:39Z,5.71
OX25 3QT,SEPD,PSI,1,251304,60,2026-06-09T08:21:11Z,2026-06-09T14:03:39Z,5.71
OX25 3QU,SEPD,PSI,1,251304,60,2026-06-09T08:21:11Z,2026-06-09T14:03:39Z,5.71
OX3 8TS,SEPD,LV,1,TJ1175,13,2026-06-09T08:21:11Z,2026-06-09T14:03:39Z,5.71
OX3 8TT,SEPD,LV,1,TJ1175,13,2026-06-09T08:21:11Z,2026-06-09T14:03:39Z,5.71
OX5 3EA,SEPD,PSI,1,251304,60,2026-06-09T08:21:11Z,2026-06-09T14:03:39Z,5.71
PH10 7QB,SHEPD,PSI,1,251888,74,2026-06-09T08:21:11Z,2026-06-09T14:03:39Z,5.71
PH10 7QD,SHEPD,PSI,1,251888,74,2026-06-09T08:21:11Z,2026-06-09T14:03:39Z,5.71
PH10 7QE,SHEPD,PSI,1,251888,74,2026-06-09T08:21:11Z,2026-06-09T14:03:39Z,5.71
PH10 7QF,SHEPD,PSI,1,251888,74,2026-06-09T08:21:11Z,2026-06-09T14:03:39Z,5.71
PH10 7QG,SHEPD,PSI,1,251888,74,2026-06-09T08:21:11Z,2026-06-09T14:03:39Z,5.71
PO30 1XP,SEPD,PSI,1,251257,45,2026-06-09T08:21:11Z,2026-06-09T14:03:39Z,5.71
PO30 1YP,SEPD,PSI,1,251257,45,2026-06-09T08:21:11Z,2026-06-09T14:03:39Z,5.71
PO30 1YR,SEPD,PSI,1,251257,45,2026-06-09T08:21:11Z,2026-06-09T14:03:39Z,5.71
PO30 3BA,SEPD,PSI,1,251257,45,2026-06-09T08:21:11Z,2026-06-09T14:03:39Z,5.71
PO30 3BB,SEPD,PSI,1,251257,45,2026-06-09T08:21:11Z,2026-06-09T14:03:39Z,5.71
PO30 3BD,SEPD,PSI,1,251257,45,2026-06-09T08:21:11Z,2026-06-09T14:03:39Z,5.71
PO30 3BE,SEPD,PSI,1,251257,45,2026-06-09T08:21:11Z,2026-06-09T14:03:39Z,5.71
PO30 3DT,SEPD,PSI,1,251257,45,2026-06-09T08:21:11Z,2026-06-09T14:03:39Z,5.71
RG24 8YU,SEPD,PSI,1,252195,10,2026-06-09T08:21:11Z,2026-06-09T14:03:39Z,5.71
RG25 2FA,SEPD,PSI,1,250877,56,2026-06-09T08:21:11Z,2026-06-09T14:03:39Z,5.71
RG25 2HH,SEPD,PSI,1,250877,56,2026-06-09T08:21:11Z,2026-06-09T14:03:39Z,5.71
RG25 2HP,SEPD,PSI,1,250877,56,2026-06-09T08:21:11Z,2026-06-09T14:03:39Z,5.71
RG25 2HR,SEPD,PSI,1,250877,56,2026-06-09T08:21:11Z,2026-06-09T14:03:39Z,5.71
RG25 2HS,SEPD,PSI,1,250877,56,2026-06-09T08:21:11Z,2026-06-09T14:03:39Z,5.71
RG25 2HT,SEPD,PSI,1,250877,56,2026-06-09T08:21:11Z,2026-06-09T14:03:39Z,5.71
RG25 2HU,SEPD,PSI,1,250877,56,2026-06-09T08:21:11Z,2026-06-09T14:03:39Z,5.71
RG25 2HW,SEPD,PSI,1,250877,56,2026-06-09T08:21:11Z,2026-06-09T14:03:39Z,5.71
RG25 2HX,SEPD,PSI,1,250877,56,2026-06-09T08:21:11Z,2026-06-09T14:03:39Z,5.71
RG25 2HY,SEPD,PSI,1,250877,56,2026-06-09T08:21:11Z,2026-06-09T14:03:39Z,5.71
RG25 2JA,SEPD,PSI,1,250877,56,2026-06-09T08:21:11Z,2026-06-09T14:03:39Z,5.71
RG7 6LT,SEPD,PSI,1,251315,11,2026-06-09T08:21:11Z,2026-06-09T14:03:39Z,5.71
RG7 6LU,SEPD,PSI,1,251315,11,2026-06-09T08:21:11Z,2026-06-09T14:03:39Z,5.71
RG7 6LX,SEPD,PSI,1,251315,11,2026-06-09T08:21:11Z,2026-06-09T14:03:39Z,5.71
SN4 0QH,SEPD,PSI,1,251521,15,2026-06-09T08:21:11Z,2026-06-09T14:03:39Z,5.71
SN4 0QZ,SEPD,PSI,1,251521,15,2026-06-09T08:21:11Z,2026-06-09T14:03:39Z,5.71
SN4 0ST,SEPD,PSI,1,251521,15,2026-06-09T08:21:11Z,2026-06-09T14:03:39Z,5.71
SN4 9NB,SEPD,PSI,1,251521,15,2026-06-09T08:21:11Z,2026-06-09T14:03:39Z,5.71
ZE2 9LN,SHEPD,PSI,1,251461,213,2026-06-09T08:21:11Z,2026-06-09T14:03:39Z,5.71
ZE2 9ND,SHEPD,PSI,1,251461,213,2026-06-09T08:21:11Z,2026-06-09T14:03:39Z,5.71
ZE2 9NG,SHEPD,PSI,1,251461,213,2026-06-09T08:21:11Z,2026-06-09T14:03:39Z,5.71
ZE2 9NH,SHEPD,PSI,1,251461,213,2026-06-09T08:21:11Z,2026-06-09T14:03:39Z,5.71
ZE2 9NJ,SHEPD,PSI,1,251461,213,2026-06-09T08:21:11Z,2026-06-09T14:03:39Z,5.71
ZE2 9NL,SHEPD,PSI,1,251461,213,2026-06-09T08:21:11Z,2026-06-09T14:03:39Z,5.71
ZE2 9NQ,SHEPD,PSI,1,251461,213,2026-06-09T08:21:11Z,2026-06-09T14:03:39Z,5.71
ZE2 9NY,SHEPD,PSI,1,251461,213,2026-06-09T08:21:11Z,2026-06-09T14:03:39Z,5.71
ZE2 9QG,SHEPD,PSI,1,251461,213,2026-06-09T08:21:11Z,2026-06-09T14:03:39Z,5.71
AB16 5NY,SHEPD,PSI,1,251207,24,2026-06-05T08:33:42Z,2026-06-05T14:13:43Z,5.67
AB45 1EQ,SHEPD,LV,1,TH6180,13,2026-06-05T08:33:42Z,2026-06-05T14:13:43Z,5.67
AB45 1ER,SHEPD,LV,1,TH6180,13,2026-06-05T08:33:42Z,2026-06-05T14:13:43Z,5.67
AB45 1EY,SHEPD,LV,1,TH6180,13,2026-06-05T08:33:42Z,2026-06-05T14:13:43Z,5.67
BA12 7HG,SEPD,PSI,1,251648,2,2026-06-05T08:33:42Z,2026-06-05T14:13:43Z,5.67
GU7 1TY,SEPD,PSI,1,251314,36,2026-06-05T08:33:42Z,2026-06-05T14:13:43Z,5.67
GU7 1XA,SEPD,PSI,1,251314,36,2026-06-05T08:33:42Z,2026-06-05T14:13:43Z,5.67
GU7 1XG,SEPD,PSI,1,251314,36,2026-06-05T08:33:42Z,2026-06-05T14:13:43Z,5.67
GU8 4EA,SEPD,PSI,1,251314,36,2026-06-05T08:33:42Z,2026-06-05T14:13:43Z,5.67
PA34 4PE,SHEPD,PSI,1,251207,24,2026-06-05T08:33:42Z,2026-06-05T14:13:43Z,5.67
PA34 4QH,SHEPD,PSI,1,251207,24,2026-06-05T08:33:42Z,2026-06-05T14:13:43Z,5.67
PA34 4QJ,SHEPD,PSI,1,251207,24,2026-06-05T08:33:42Z,2026-06-05T14:13:43Z,5.67
PA34 4QT,SHEPD,PSI,1,251207,24,2026-06-05T08:33:42Z,2026-06-05T14:13:43Z,5.67
SN14 7EF,SEPD,PSI,1,251025,2,2026-06-05T08:33:42Z,2026-06-05T14:13:43Z,5.67
SO16 8FF,SEPD,LV,1,TH5567,11,2026-06-05T08:33:42Z,2026-06-05T14:13:43Z,5.67
SO16 8HR,SEPD,LV,1,TH5567,11,2026-06-05T08:33:42Z,2026-06-05T14:13:43Z,5.67
SO16 8HS,SEPD,LV,1,TH5567,11,2026-06-05T08:33:42Z,2026-06-05T14:13:43Z,5.67
SO16 8HT,SEPD,LV,1,TH5567,11,2026-06-05T08:33:42Z,2026-06-05T14:13:43Z,5.67
SO18 5HE,SEPD,PSI,1,252058,20,2026-06-05T08:33:42Z,2026-06-05T14:13:43Z,5.67
SP5 4EG,SEPD,PSI,1,250806,15,2026-06-05T08:33:42Z,2026-06-05T14:13:43Z,5.67
SP5 4EH,SEPD,PSI,1,250806,15,2026-06-05T08:33:42Z,2026-06-05T14:13:43Z,5.67
SP5 4EJ,SEPD,PSI,1,250806,15,2026-06-05T08:33:42Z,2026-06-05T14:13:43Z,5.67
BA11 3BA,SEPD,"PSI,LV",2,"252136,TH4886",631,2026-06-04T11:24:55Z,2026-06-04T14:14:55Z,5.66
BA11 3BP,SEPD,"PSI,LV",2,"252136,TH4886",631,2026-06-04T11:24:55Z,2026-06-04T14:14:55Z,5.66
BA11 3DG,SEPD,"PSI,LV",2,"252136,TH4886",631,2026-06-04T11:24:55Z,2026-06-04T14:14:55Z,5.66
PA28 6PZ,SHEPD,"PSI,HV",2,"251599,TJ1059",24,2026-06-04T11:24:55Z,2026-06-09T04:38:14Z,5.63
PA28 6BZ,SHEPD,HV,1,TJ1059,17,2026-06-08T23:00:23Z,2026-06-09T04:38:14Z,5.63
PA28 6PX,SHEPD,HV,1,TJ1059,17,2026-06-08T23:00:23Z,2026-06-09T04:38:14Z,5.63
PO20 7JJ,SEPD,"PSI,LV,HV",3,"251819,TG7256,TH7941",4271,2026-06-03T10:04:32Z,2026-06-06T21:33:01Z,5.49
PO20 7NE,SEPD,HV,3,"TH7923,TH7941,TJ1023",11380,2026-06-06T16:03:38Z,2026-06-08T21:28:16Z,5.49
AB51 3JD,SHEPD,LV,2,"TH8134,TJ0220",36,2026-06-06T16:03:38Z,2026-06-08T14:00:30Z,5.49
AB51 3RN,SHEPD,LV,2,"TH8134,TJ0220",36,2026-06-06T16:03:38Z,2026-06-08T14:00:30Z,5.49
AB51 3UE,SHEPD,LV,2,"TH8134,TJ0220",36,2026-06-06T16:03:38Z,2026-06-08T14:00:30Z,5.49
AB51 3UF,SHEPD,LV,2,"TH8134,TJ0220",36,2026-06-06T16:03:38Z,2026-06-08T14:00:30Z,5.49
AB51 3UR,SHEPD,LV,2,"TH8134,TJ0220",36,2026-06-06T16:03:38Z,2026-06-08T14:00:30Z,5.49
AB51 3US,SHEPD,LV,2,"TH8134,TJ0220",36,2026-06-06T16:03:38Z,2026-06-08T14:00:30Z,5.49
AB51 3UX,SHEPD,LV,2,"TH8134,TJ0220",36,2026-06-06T16:03:38Z,2026-06-08T14:00:30Z,5.49
AB51 3UZ,SHEPD,LV,2,"TH8134,TJ0220",36,2026-06-06T16:03:38Z,2026-06-08T14:00:30Z,5.49
PO20 0AL,SEPD,HV,2,"TH7923,TH7941",11286,2026-06-06T16:03:38Z,2026-06-06T21:33:01Z,5.49
PO20 0AN,SEPD,HV,2,"TH7923,TH7941",11286,2026-06-06T16:03:38Z,2026-06-06T21:33:01Z,5.49
PO20 0AQ,SEPD,HV,2,"TH7923,TH7941",11286,2026-06-06T16:03:38Z,2026-06-06T21:33:01Z,5.49
PO20 0AR,SEPD,HV,2,"TH7923,TH7941",11286,2026-06-06T16:03:38Z,2026-06-06T21:33:01Z,5.49
PO20 0AS,SEPD,HV,2,"TH7923,TH7941",11286,2026-06-06T16:03:38Z,2026-06-06T21:33:01Z,5.49
PO20 0AU,SEPD,HV,2,"TH7923,TH7941",11286,2026-06-06T16:03:38Z,2026-06-06T21:33:01Z,5.49
PO20 0AZ,SEPD,HV,2,"TH7923,TH7941",11286,2026-06-06T16:03:38Z,2026-06-06T21:33:01Z,5.49
PO20 0BA,SEPD,HV,2,"TH7923,TH7941",11286,2026-06-06T16:03:38Z,2026-06-06T21:33:01Z,5.49
PO20 0BB,SEPD,HV,2,"TH7923,TH7941",11286,2026-06-06T16:03:38Z,2026-06-06T21:33:01Z,5.49
PO20 0BD,SEPD,HV,2,"TH7923,TH7941",11286,2026-06-06T16:03:38Z,2026-06-06T21:33:01Z,5.49
PO20 0EE,SEPD,HV,2,"TH7923,TH7941",11286,2026-06-06T16:03:38Z,2026-06-06T21:33:01Z,5.49
PO20 0HP,SEPD,HV,2,"TH7923,TH7941",11286,2026-06-06T16:03:38Z,2026-06-06T21:33:01Z,5.49
PO20 0HR,SEPD,HV,2,"TH7923,TH7941",11286,2026-06-06T16:03:38Z,2026-06-06T21:33:01Z,5.49
PO20 0HS,SEPD,HV,2,"TH7923,TH7941",11286,2026-06-06T16:03:38Z,2026-06-06T21:33:01Z,5.49
PO20 0HT,SEPD,HV,2,"TH7923,TH7941",11286,2026-06-06T16:03:38Z,2026-06-06T21:33:01Z,5.49
PO20 0HU,SEPD,HV,2,"TH7923,TH7941",11286,2026-06-06T16:03:38Z,2026-06-06T21:33:01Z,5.49
PO20 0HW,SEPD,HV,2,"TH7923,TH7941",11286,2026-06-06T16:03:38Z,2026-06-06T21:33:01Z,5.49
PO20 0HX,SEPD,HV,2,"TH7923,TH7941",11286,2026-06-06T16:03:38Z,2026-06-06T21:33:01Z,5.49
PO20 0HY,SEPD,HV,2,"TH7923,TH7941",11286,2026-06-06T16:03:38Z,2026-06-06T21:33:01Z,5.49
PO20 0HZ,SEPD,HV,2,"TH7923,TH7941",11286,2026-06-06T16:03:38Z,2026-06-06T21:33:01Z,5.49
PO20 0JA,SEPD,HV,2,"TH7923,TH7941",11286,2026-06-06T16:03:38Z,2026-06-06T21:33:01Z,5.49
PO20 0JB,SEPD,HV,2,"TH7923,TH7941",11286,2026-06-06T16:03:38Z,2026-06-06T21:33:01Z,5.49
PO20 0JE,SEPD,HV,2,"TH7923,TH7941",11286,2026-06-06T16:03:38Z,2026-06-06T21:33:01Z,5.49
PO20 0JN,SEPD,HV,2,"TH7923,TH7941",11286,2026-06-06T16:03:38Z,2026-06-06T21:33:01Z,5.49
PO20 0JR,SEPD,HV,2,"TH7923,TH7941",11286,2026-06-06T16:03:38Z,2026-06-06T21:33:01Z,5.49
PO20 0LF,SEPD,HV,2,"TH7923,TH7941",11286,2026-06-06T16:03:38Z,2026-06-06T21:33:01Z,5.49
PO20 0LH,SEPD,HV,2,"TH7923,TH7941",11286,2026-06-06T16:03:38Z,2026-06-06T21:33:01Z,5.49
PO20 0LJ,SEPD,HV,2,"TH7923,TH7941",11286,2026-06-06T16:03:38Z,2026-06-06T21:33:01Z,5.49
PO20 0LP,SEPD,HV,2,"TH7923,TH7941",11286,2026-06-06T16:03:38Z,2026-06-06T21:33:01Z,5.49
PO20 0LQ,SEPD,HV,2,"TH7923,TH7941",11286,2026-06-06T16:03:38Z,2026-06-06T21:33:01Z,5.49
PO20 0LX,SEPD,HV,2,"TH7923,TH7941",11286,2026-06-06T16:03:38Z,2026-06-06T21:33:01Z,5.49
PO20 0NP,SEPD,HV,2,"TH7923,TH7941",11286,2026-06-06T16:03:38Z,2026-06-06T21:33:01Z,5.49
PO20 0QD,SEPD,HV,2,"TH7923,TH7941",11286,2026-06-06T16:03:38Z,2026-06-06T21:33:01Z,5.49
PO20 0QG,SEPD,HV,2,"TH7923,TH7941",11286,2026-06-06T16:03:38Z,2026-06-06T21:33:01Z,5.49
PO20 0QL,SEPD,HV,2,"TH7923,TH7941",11286,2026-06-06T16:03:38Z,2026-06-06T21:33:01Z,5.49
PO20 0RB,SEPD,HV,2,"TH7923,TH7941",11286,2026-06-06T16:03:38Z,2026-06-06T21:33:01Z,5.49
PO20 0RD,SEPD,HV,2,"TH7923,TH7941",11286,2026-06-06T16:03:38Z,2026-06-06T21:33:01Z,5.49
PO20 0RE,SEPD,HV,2,"TH7923,TH7941",11286,2026-06-06T16:03:38Z,2026-06-06T21:33:01Z,5.49
PO20 0TT,SEPD,HV,2,"TH7923,TH7941",11286,2026-06-06T16:03:38Z,2026-06-06T21:33:01Z,5.49
PO20 0TU,SEPD,HV,2,"TH7923,TH7941",11286,2026-06-06T16:03:38Z,2026-06-06T21:33:01Z,5.49
PO20 0TX,SEPD,HV,2,"TH7923,TH7941",11286,2026-06-06T16:03:38Z,2026-06-06T21:33:01Z,5.49
PO20 0TY,SEPD,HV,2,"TH7923,TH7941",11286,2026-06-06T16:03:38Z,2026-06-06T21:33:01Z,5.49
PO20 0TZ,SEPD,HV,2,"TH7923,TH7941",11286,2026-06-06T16:03:38Z,2026-06-06T21:33:01Z,5.49
PO20 0UA,SEPD,HV,2,"TH7923,TH7941",11286,2026-06-06T16:03:38Z,2026-06-06T21:33:01Z,5.49
PO20 0UE,SEPD,HV,2,"TH7923,TH7941",11286,2026-06-06T16:03:38Z,2026-06-06T21:33:01Z,5.49
PO20 0UF,SEPD,HV,2,"TH7923,TH7941",11286,2026-06-06T16:03:38Z,2026-06-06T21:33:01Z,5.49
PO20 7FH,SEPD,HV,2,"TH7941,TJ1023",4321,2026-06-06T16:03:38Z,2026-06-08T21:28:16Z,5.49
PO20 7LF,SEPD,HV,2,"TH7941,TJ1023",4321,2026-06-06T16:03:38Z,2026-06-08T21:28:16Z,5.49
PO20 7LL,SEPD,HV,2,"TH7941,TJ1023",4321,2026-06-06T16:03:38Z,2026-06-08T21:28:16Z,5.49
PO20 7LW,SEPD,HV,2,"TH7941,TJ1023",4321,2026-06-06T16:03:38Z,2026-06-08T21:28:16Z,5.49
PO20 7NG,SEPD,HV,2,"TH7941,TJ1023",4321,2026-06-06T16:03:38Z,2026-06-08T21:28:16Z,5.49
PO20 7NL,SEPD,HV,2,"TH7941,TJ1023",4321,2026-06-06T16:03:38Z,2026-06-08T21:28:16Z,5.49
PO20 7NQ,SEPD,HV,2,"TH7941,TJ1023",4321,2026-06-06T16:03:38Z,2026-06-08T21:28:16Z,5.49
PO20 7NX,SEPD,HV,2,"TH7923,TH7941",11286,2026-06-06T16:03:38Z,2026-06-06T21:33:01Z,5.49
PO20 7NY,SEPD,HV,2,"TH7923,TH7941",11286,2026-06-06T16:03:38Z,2026-06-06T21:33:01Z,5.49
PO20 9AA,SEPD,HV,2,"TH7923,TH7941",11286,2026-06-06T16:03:38Z,2026-06-06T21:33:01Z,5.49
PO20 9AW,SEPD,HV,2,"TH7923,TH7941",11286,2026-06-06T16:03:38Z,2026-06-06T21:33:01Z,5.49
PO20 9AX,SEPD,HV,2,"TH7923,TH7941",11286,2026-06-06T16:03:38Z,2026-06-06T21:33:01Z,5.49
PO20 9DB,SEPD,HV,2,"TH7923,TH7941",11286,2026-06-06T16:03:38Z,2026-06-06T21:33:01Z,5.49
PO20 9DP,SEPD,HV,2,"TH7923,TH7941",11286,2026-06-06T16:03:38Z,2026-06-06T21:33:01Z,5.49
PO20 9DR,SEPD,HV,2,"TH7923,TH7941",11286,2026-06-06T16:03:38Z,2026-06-06T21:33:01Z,5.49
PO20 9EJ,SEPD,HV,2,"TH7923,TH7941",11286,2026-06-06T16:03:38Z,2026-06-06T21:33:01Z,5.49
PO20 9EL,SEPD,HV,2,"TH7923,TH7941",11286,2026-06-06T16:03:38Z,2026-06-06T21:33:01Z,5.49
DT1,SEPD,HV,1,TH7941,4227,2026-06-06T16:03:38Z,2026-06-06T21:33:01Z,5.49
PO18 8AT,SEPD,HV,1,TH7941,4227,2026-06-06T16:03:38Z,2026-06-06T21:33:01Z,5.49
PO18 8HA,SEPD,HV,1,TH7941,4227,2026-06-06T16:03:38Z,2026-06-06T21:33:01Z,5.49
PO18 8QB,SEPD,HV,1,TH7941,4227,2026-06-06T16:03:38Z,2026-06-06T21:33:01Z,5.49
PO19 1HS,SEPD,HV,1,TH7941,4227,2026-06-06T16:03:38Z,2026-06-06T21:33:01Z,5.49
PO19 8TB,SEPD,HV,1,TH7941,4227,2026-06-06T16:03:38Z,2026-06-06T21:33:01Z,5.49
PO19 8TD,SEPD,HV,1,TH7941,4227,2026-06-06T16:03:38Z,2026-06-06T21:33:01Z,5.49
PO20 0AA,SEPD,HV,1,TH7941,4227,2026-06-06T16:03:38Z,2026-06-06T21:33:01Z,5.49
PO20 0AB,SEPD,HV,1,TH7941,4227,2026-06-06T16:03:38Z,2026-06-06T21:33:01Z,5.49
PO20 0AF,SEPD,HV,1,TH7941,4227,2026-06-06T16:03:38Z,2026-06-06T21:33:01Z,5.49
PO20 0AH,SEPD,HV,1,TH7941,4227,2026-06-06T16:03:38Z,2026-06-06T21:33:01Z,5.49
PO20 0AJ,SEPD,HV,1,TH7941,4227,2026-06-06T16:03:38Z,2026-06-06T21:33:01Z,5.49
PO20 0AT,SEPD,HV,1,TH7941,4227,2026-06-06T16:03:38Z,2026-06-06T21:33:01Z,5.49
PO20 0AW,SEPD,HV,1,TH7941,4227,2026-06-06T16:03:38Z,2026-06-06T21:33:01Z,5.49
PO20 0AX,SEPD,HV,1,TH7941,4227,2026-06-06T16:03:38Z,2026-06-06T21:33:01Z,5.49
PO20 0AY,SEPD,HV,1,TH7941,4227,2026-06-06T16:03:38Z,2026-06-06T21:33:01Z,5.49
PO20 0BE,SEPD,HV,1,TH7941,4227,2026-06-06T16:03:38Z,2026-06-06T21:33:01Z,5.49
PO20 0BH,SEPD,HV,1,TH7941,4227,2026-06-06T16:03:38Z,2026-06-06T21:33:01Z,5.49
PO20 0BJ,SEPD,HV,1,TH7941,4227,2026-06-06T16:03:38Z,2026-06-06T21:33:01Z,5.49
PO20 0BL,SEPD,HV,1,TH7941,4227,2026-06-06T16:03:38Z,2026-06-06T21:33:01Z,5.49
PO20 0BN,SEPD,HV,1,TH7941,4227,2026-06-06T16:03:38Z,2026-06-06T21:33:01Z,5.49
PO20 0BP,SEPD,HV,1,TH7941,4227,2026-06-06T16:03:38Z,2026-06-06T21:33:01Z,5.49
PO20 0BS,SEPD,HV,1,TH7941,4227,2026-06-06T16:03:38Z,2026-06-06T21:33:01Z,5.49
PO20 0BT,SEPD,HV,1,TH7941,4227,2026-06-06T16:03:38Z,2026-06-06T21:33:01Z,5.49
PO20 0BU,SEPD,HV,1,TH7941,4227,2026-06-06T16:03:38Z,2026-06-06T21:33:01Z,5.49
PO20 0BW,SEPD,HV,1,TH7941,4227,2026-06-06T16:03:38Z,2026-06-06T21:33:01Z,5.49
PO20 0DB,SEPD,HV,1,TH7941,4227,2026-06-06T16:03:38Z,2026-06-06T21:33:01Z,5.49
PO20 0DD,SEPD,HV,1,TH7941,4227,2026-06-06T16:03:38Z,2026-06-06T21:33:01Z,5.49
PO20 0DF,SEPD,HV,1,TH7941,4227,2026-06-06T16:03:38Z,2026-06-06T21:33:01Z,5.49
PO20 0DH,SEPD,HV,1,TH7941,4227,2026-06-06T16:03:38Z,2026-06-06T21:33:01Z,5.49
PO20 0DJ,SEPD,HV,1,TH7941,4227,2026-06-06T16:03:38Z,2026-06-06T21:33:01Z,5.49
PO20 0DL,SEPD,HV,1,TH7941,4227,2026-06-06T16:03:38Z,2026-06-06T21:33:01Z,5.49
PO20 0DN,SEPD,HV,1,TH7941,4227,2026-06-06T16:03:38Z,2026-06-06T21:33:01Z,5.49
PO20 0DP,SEPD,HV,1,TH7941,4227,2026-06-06T16:03:38Z,2026-06-06T21:33:01Z,5.49
PO20 0DR,SEPD,HV,1,TH7941,4227,2026-06-06T16:03:38Z,2026-06-06T21:33:01Z,5.49
PO20 0DS,SEPD,HV,1,TH7941,4227,2026-06-06T16:03:38Z,2026-06-06T21:33:01Z,5.49
PO20 0DT,SEPD,HV,1,TH7941,4227,2026-06-06T16:03:38Z,2026-06-06T21:33:01Z,5.49
PO20 0DU,SEPD,HV,1,TH7941,4227,2026-06-06T16:03:38Z,2026-06-06T21:33:01Z,5.49
PO20 0DW,SEPD,HV,1,TH7941,4227,2026-06-06T16:03:38Z,2026-06-06T21:33:01Z,5.49
PO20 0DX,SEPD,HV,1,TH7941,4227,2026-06-06T16:03:38Z,2026-06-06T21:33:01Z,5.49
PO20 0DY,SEPD,HV,1,TH7941,4227,2026-06-06T16:03:38Z,2026-06-06T21:33:01Z,5.49
PO20 0DZ,SEPD,HV,1,TH7941,4227,2026-06-06T16:03:38Z,2026-06-06T21:33:01Z,5.49
PO20 0EA,SEPD,HV,1,TH7941,4227,2026-06-06T16:03:38Z,2026-06-06T21:33:01Z,5.49
PO20 0EB,SEPD,HV,1,TH7941,4227,2026-06-06T16:03:38Z,2026-06-06T21:33:01Z,5.49
PO20 0ED,SEPD,HV,1,TH7941,4227,2026-06-06T16:03:38Z,2026-06-06T21:33:01Z,5.49
PO20 0EG,SEPD,HV,1,TH7941,4227,2026-06-06T16:03:38Z,2026-06-06T21:33:01Z,5.49
PO20 0EH,SEPD,HV,1,TH7941,4227,2026-06-06T16:03:38Z,2026-06-06T21:33:01Z,5.49
PO20 0EJ,SEPD,HV,1,TH7941,4227,2026-06-06T16:03:38Z,2026-06-06T21:33:01Z,5.49
PO20 0EL,SEPD,HV,1,TH7941,4227,2026-06-06T16:03:38Z,2026-06-06T21:33:01Z,5.49
PO20 0EN,SEPD,HV,1,TH7941,4227,2026-06-06T16:03:38Z,2026-06-06T21:33:01Z,5.49
PO20 0EQ,SEPD,HV,1,TH7941,4227,2026-06-06T16:03:38Z,2026-06-06T21:33:01Z,5.49
PO20 0ER,SEPD,HV,1,TH7941,4227,2026-06-06T16:03:38Z,2026-06-06T21:33:01Z,5.49
PO20 0ES,SEPD,HV,1,TH7941,4227,2026-06-06T16:03:38Z,2026-06-06T21:33:01Z,5.49
PO20 0ET,SEPD,HV,1,TH7941,4227,2026-06-06T16:03:38Z,2026-06-06T21:33:01Z,5.49
PO20 0EU,SEPD,HV,1,TH7941,4227,2026-06-06T16:03:38Z,2026-06-06T21:33:01Z,5.49
PO20 0EW,SEPD,HV,1,TH7941,4227,2026-06-06T16:03:38Z,2026-06-06T21:33:01Z,5.49
PO20 0EX,SEPD,HV,1,TH7941,4227,2026-06-06T16:03:38Z,2026-06-06T21:33:01Z,5.49
PO20 0EY,SEPD,HV,1,TH7941,4227,2026-06-06T16:03:38Z,2026-06-06T21:33:01Z,5.49
PO20 0EZ,SEPD,HV,1,TH7941,4227,2026-06-06T16:03:38Z,2026-06-06T21:33:01Z,5.49
PO20 0FA,SEPD,HV,1,TH7941,4227,2026-06-06T16:03:38Z,2026-06-06T21:33:01Z,5.49
PO20 0FB,SEPD,HV,1,TH7941,4227,2026-06-06T16:03:38Z,2026-06-06T21:33:01Z,5.49
PO20 0FD,SEPD,HV,1,TH7941,4227,2026-06-06T16:03:38Z,2026-06-06T21:33:01Z,5.49
PO20 0FE,SEPD,HV,1,TH7941,4227,2026-06-06T16:03:38Z,2026-06-06T21:33:01Z,5.49
PO20 0FF,SEPD,HV,1,TH7941,4227,2026-06-06T16:03:38Z,2026-06-06T21:33:01Z,5.49
PO20 0FG,SEPD,HV,1,TH7941,4227,2026-06-06T16:03:38Z,2026-06-06T21:33:01Z,5.49
PO20 0FH,SEPD,HV,1,TH7941,4227,2026-06-06T16:03:38Z,2026-06-06T21:33:01Z,5.49
PO20 0FJ,SEPD,HV,1,TH7941,4227,2026-06-06T16:03:38Z,2026-06-06T21:33:01Z,5.49
PO20 0FR,SEPD,HV,1,TH7941,4227,2026-06-06T16:03:38Z,2026-06-06T21:33:01Z,5.49
PO20 0FS,SEPD,HV,1,TH7941,4227,2026-06-06T16:03:38Z,2026-06-06T21:33:01Z,5.49
PO20 0FT,SEPD,HV,1,TH7941,4227,2026-06-06T16:03:38Z,2026-06-06T21:33:01Z,5.49
PO20 0HA,SEPD,HV,1,TH7941,4227,2026-06-06T16:03:38Z,2026-06-06T21:33:01Z,5.49
PO20 0HB,SEPD,HV,1,TH7941,4227,2026-06-06T16:03:38Z,2026-06-06T21:33:01Z,5.49
PO20 0HD,SEPD,HV,1,TH7941,4227,2026-06-06T16:03:38Z,2026-06-06T21:33:01Z,5.49
PO20 0HE,SEPD,HV,1,TH7941,4227,2026-06-06T16:03:38Z,2026-06-06T21:33:01Z,5.49
PO20 0HF,SEPD,HV,1,TH7941,4227,2026-06-06T16:03:38Z,2026-06-06T21:33:01Z,5.49
PO20 0HG,SEPD,HV,1,TH7941,4227,2026-06-06T16:03:38Z,2026-06-06T21:33:01Z,5.49
PO20 0HH,SEPD,HV,1,TH7941,4227,2026-06-06T16:03:38Z,2026-06-06T21:33:01Z,5.49
PO20 0HQ,SEPD,HV,1,TH7941,4227,2026-06-06T16:03:38Z,2026-06-06T21:33:01Z,5.49
PO20 0JD,SEPD,HV,1,TH7941,4227,2026-06-06T16:03:38Z,2026-06-06T21:33:01Z,5.49
PO20 0JF,SEPD,HV,1,TH7941,4227,2026-06-06T16:03:38Z,2026-06-06T21:33:01Z,5.49
PO20 0JG,SEPD,HV,1,TH7941,4227,2026-06-06T16:03:38Z,2026-06-06T21:33:01Z,5.49
PO20 0JJ,SEPD,HV,1,TH7941,4227,2026-06-06T16:03:38Z,2026-06-06T21:33:01Z,5.49
PO20 0JL,SEPD,HV,1,TH7941,4227,2026-06-06T16:03:38Z,2026-06-06T21:33:01Z,5.49
PO20 0JQ,SEPD,HV,1,TH7941,4227,2026-06-06T16:03:38Z,2026-06-06T21:33:01Z,5.49
PO20 0JT,SEPD,HV,1,TH7941,4227,2026-06-06T16:03:38Z,2026-06-06T21:33:01Z,5.49
PO20 0JX,SEPD,HV,1,TH7941,4227,2026-06-06T16:03:38Z,2026-06-06T21:33:01Z,5.49
PO20 0JY,SEPD,HV,1,TH7941,4227,2026-06-06T16:03:38Z,2026-06-06T21:33:01Z,5.49
PO20 0JZ,SEPD,HV,1,TH7941,4227,2026-06-06T16:03:38Z,2026-06-06T21:33:01Z,5.49
PO20 0LA,SEPD,HV,1,TH7941,4227,2026-06-06T16:03:38Z,2026-06-06T21:33:01Z,5.49
PO20 0LB,SEPD,HV,1,TH7941,4227,2026-06-06T16:03:38Z,2026-06-06T21:33:01Z,5.49
PO20 0LD,SEPD,HV,1,TH7941,4227,2026-06-06T16:03:38Z,2026-06-06T21:33:01Z,5.49
PO20 0LL,SEPD,HV,1,TH7941,4227,2026-06-06T16:03:38Z,2026-06-06T21:33:01Z,5.49
PO20 0LR,SEPD,HV,1,TH7941,4227,2026-06-06T16:03:38Z,2026-06-06T21:33:01Z,5.49
PO20 0LS,SEPD,HV,1,TH7941,4227,2026-06-06T16:03:38Z,2026-06-06T21:33:01Z,5.49
PO20 0LT,SEPD,HV,1,TH7941,4227,2026-06-06T16:03:38Z,2026-06-06T21:33:01Z,5.49
PO20 0LU,SEPD,HV,1,TH7941,4227,2026-06-06T16:03:38Z,2026-06-06T21:33:01Z,5.49
PO20 0LY,SEPD,HV,1,TH7941,4227,2026-06-06T16:03:38Z,2026-06-06T21:33:01Z,5.49
PO20 0LZ,SEPD,HV,1,TH7941,4227,2026-06-06T16:03:38Z,2026-06-06T21:33:01Z,5.49
PO20 0NA,SEPD,HV,1,TH7941,4227,2026-06-06T16:03:38Z,2026-06-06T21:33:01Z,5.49
PO20 0NB,SEPD,HV,1,TH7941,4227,2026-06-06T16:03:38Z,2026-06-06T21:33:01Z,5.49
PO20 0ND,SEPD,HV,1,TH7941,4227,2026-06-06T16:03:38Z,2026-06-06T21:33:01Z,5.49
PO20 0NF,SEPD,HV,1,TH7941,4227,2026-06-06T16:03:38Z,2026-06-06T21:33:01Z,5.49
PO20 0NH,SEPD,HV,1,TH7941,4227,2026-06-06T16:03:38Z,2026-06-06T21:33:01Z,5.49
PO20 0NJ,SEPD,HV,1,TH7941,4227,2026-06-06T16:03:38Z,2026-06-06T21:33:01Z,5.49
PO20 0NL,SEPD,HV,1,TH7941,4227,2026-06-06T16:03:38Z,2026-06-06T21:33:01Z,5.49
PO20 0NQ,SEPD,HV,1,TH7941,4227,2026-06-06T16:03:38Z,2026-06-06T21:33:01Z,5.49
PO20 0NR,SEPD,HV,1,TH7941,4227,2026-06-06T16:03:38Z,2026-06-06T21:33:01Z,5.49
PO20 0NS,SEPD,HV,1,TH7941,4227,2026-06-06T16:03:38Z,2026-06-06T21:33:01Z,5.49
PO20 0NT,SEPD,HV,1,TH7941,4227,2026-06-06T16:03:38Z,2026-06-06T21:33:01Z,5.49
PO20 0NU,SEPD,HV,1,TH7941,4227,2026-06-06T16:03:38Z,2026-06-06T21:33:01Z,5.49
PO20 0NX,SEPD,HV,1,TH7941,4227,2026-06-06T16:03:38Z,2026-06-06T21:33:01Z,5.49
PO20 0NY,SEPD,HV,1,TH7941,4227,2026-06-06T16:03:38Z,2026-06-06T21:33:01Z,5.49
PO20 0NZ,SEPD,HV,1,TH7941,4227,2026-06-06T16:03:38Z,2026-06-06T21:33:01Z,5.49
PO20 0PA,SEPD,HV,1,TH7941,4227,2026-06-06T16:03:38Z,2026-06-06T21:33:01Z,5.49
PO20 0PB,SEPD,HV,1,TH7941,4227,2026-06-06T16:03:38Z,2026-06-06T21:33:01Z,5.49
PO20 0PD,SEPD,HV,1,TH7941,4227,2026-06-06T16:03:38Z,2026-06-06T21:33:01Z,5.49
PO20 0PE,SEPD,HV,1,TH7941,4227,2026-06-06T16:03:38Z,2026-06-06T21:33:01Z,5.49
PO20 0PF,SEPD,HV,1,TH7941,4227,2026-06-06T16:03:38Z,2026-06-06T21:33:01Z,5.49
PO20 0PG,SEPD,HV,1,TH7941,4227,2026-06-06T16:03:38Z,2026-06-06T21:33:01Z,5.49
PO20 0PH,SEPD,HV,1,TH7941,4227,2026-06-06T16:03:38Z,2026-06-06T21:33:01Z,5.49
PO20 0PJ,SEPD,HV,1,TH7941,4227,2026-06-06T16:03:38Z,2026-06-06T21:33:01Z,5.49
PO20 0PL,SEPD,HV,1,TH7941,4227,2026-06-06T16:03:38Z,2026-06-06T21:33:01Z,5.49
PO20 0PN,SEPD,HV,1,TH7941,4227,2026-06-06T16:03:38Z,2026-06-06T21:33:01Z,5.49
PO20 0PP,SEPD,HV,1,TH7941,4227,2026-06-06T16:03:38Z,2026-06-06T21:33:01Z,5.49
PO20 0PQ,SEPD,HV,1,TH7941,4227,2026-06-06T16:03:38Z,2026-06-06T21:33:01Z,5.49
PO20 0PR,SEPD,HV,1,TH7941,4227,2026-06-06T16:03:38Z,2026-06-06T21:33:01Z,5.49
PO20 0PS,SEPD,HV,1,TH7941,4227,2026-06-06T16:03:38Z,2026-06-06T21:33:01Z,5.49
PO20 0PT,SEPD,HV,1,TH7941,4227,2026-06-06T16:03:38Z,2026-06-06T21:33:01Z,5.49
PO20 0PW,SEPD,HV,1,TH7941,4227,2026-06-06T16:03:38Z,2026-06-06T21:33:01Z,5.49
PO20 0PX,SEPD,HV,1,TH7941,4227,2026-06-06T16:03:38Z,2026-06-06T21:33:01Z,5.49
PO20 0PZ,SEPD,HV,1,TH7941,4227,2026-06-06T16:03:38Z,2026-06-06T21:33:01Z,5.49
PO20 0QA,SEPD,HV,1,TH7941,4227,2026-06-06T16:03:38Z,2026-06-06T21:33:01Z,5.49
PO20 0QB,SEPD,HV,1,TH7941,4227,2026-06-06T16:03:38Z,2026-06-06T21:33:01Z,5.49
PO20 0QE,SEPD,HV,1,TH7941,4227,2026-06-06T16:03:38Z,2026-06-06T21:33:01Z,5.49
PO20 0QF,SEPD,HV,1,TH7941,4227,2026-06-06T16:03:38Z,2026-06-06T21:33:01Z,5.49
PO20 0QN,SEPD,HV,1,TH7941,4227,2026-06-06T16:03:38Z,2026-06-06T21:33:01Z,5.49
PO20 0QQ,SEPD,HV,1,TH7941,4227,2026-06-06T16:03:38Z,2026-06-06T21:33:01Z,5.49
PO20 0QR,SEPD,HV,1,TH7941,4227,2026-06-06T16:03:38Z,2026-06-06T21:33:01Z,5.49
PO20 0QS,SEPD,HV,1,TH7941,4227,2026-06-06T16:03:38Z,2026-06-06T21:33:01Z,5.49
PO20 0QT,SEPD,HV,1,TH7941,4227,2026-06-06T16:03:38Z,2026-06-06T21:33:01Z,5.49
PO20 0QU,SEPD,HV,1,TH7941,4227,2026-06-06T16:03:38Z,2026-06-06T21:33:01Z,5.49
PO20 0QW,SEPD,HV,1,TH7941,4227,2026-06-06T16:03:38Z,2026-06-06T21:33:01Z,5.49
PO20 0QX,SEPD,HV,1,TH7941,4227,2026-06-06T16:03:38Z,2026-06-06T21:33:01Z,5.49
PO20 0QY,SEPD,HV,1,TH7941,4227,2026-06-06T16:03:38Z,2026-06-06T21:33:01Z,5.49
PO20 0QZ,SEPD,HV,1,TH7941,4227,2026-06-06T16:03:38Z,2026-06-06T21:33:01Z,5.49
PO20 0RA,SEPD,HV,1,TH7941,4227,2026-06-06T16:03:38Z,2026-06-06T21:33:01Z,5.49
PO20 0RF,SEPD,HV,1,TH7941,4227,2026-06-06T16:03:38Z,2026-06-06T21:33:01Z,5.49
PO20 0RG,SEPD,HV,1,TH7941,4227,2026-06-06T16:03:38Z,2026-06-06T21:33:01Z,5.49
PO20 0RH,SEPD,HV,1,TH7941,4227,2026-06-06T16:03:38Z,2026-06-06T21:33:01Z,5.49
PO20 0RJ,SEPD,HV,1,TH7941,4227,2026-06-06T16:03:38Z,2026-06-06T21:33:01Z,5.49
PO20 0RL,SEPD,HV,1,TH7941,4227,2026-06-06T16:03:38Z,2026-06-06T21:33:01Z,5.49
PO20 0RP,SEPD,HV,1,TH7941,4227,2026-06-06T16:03:38Z,2026-06-06T21:33:01Z,5.49
PO20 0RQ,SEPD,HV,1,TH7941,4227,2026-06-06T16:03:38Z,2026-06-06T21:33:01Z,5.49
PO20 0RR,SEPD,HV,1,TH7941,4227,2026-06-06T16:03:38Z,2026-06-06T21:33:01Z,5.49
PO20 0RS,SEPD,HV,1,TH7941,4227,2026-06-06T16:03:38Z,2026-06-06T21:33:01Z,5.49
PO20 0RT,SEPD,HV,1,TH7941,4227,2026-06-06T16:03:38Z,2026-06-06T21:33:01Z,5.49
PO20 0RU,SEPD,HV,1,TH7941,4227,2026-06-06T16:03:38Z,2026-06-06T21:33:01Z,5.49
PO20 0RW,SEPD,HV,1,TH7941,4227,2026-06-06T16:03:38Z,2026-06-06T21:33:01Z,5.49
PO20 0RX,SEPD,HV,1,TH7941,4227,2026-06-06T16:03:38Z,2026-06-06T21:33:01Z,5.49
PO20 0RY,SEPD,HV,1,TH7941,4227,2026-06-06T16:03:38Z,2026-06-06T21:33:01Z,5.49
PO20 0RZ,SEPD,HV,1,TH7941,4227,2026-06-06T16:03:38Z,2026-06-06T21:33:01Z,5.49
PO20 0SA,SEPD,HV,1,TH7941,4227,2026-06-06T16:03:38Z,2026-06-06T21:33:01Z,5.49
PO20 0SB,SEPD,HV,1,TH7941,4227,2026-06-06T16:03:38Z,2026-06-06T21:33:01Z,5.49
PO20 0SD,SEPD,HV,1,TH7941,4227,2026-06-06T16:03:38Z,2026-06-06T21:33:01Z,5.49
PO20 0SE,SEPD,HV,1,TH7941,4227,2026-06-06T16:03:38Z,2026-06-06T21:33:01Z,5.49
PO20 0SF,SEPD,HV,1,TH7941,4227,2026-06-06T16:03:38Z,2026-06-06T21:33:01Z,5.49
PO20 0SG,SEPD,HV,1,TH7941,4227,2026-06-06T16:03:38Z,2026-06-06T21:33:01Z,5.49
PO20 0SH,SEPD,HV,1,TH7941,4227,2026-06-06T16:03:38Z,2026-06-06T21:33:01Z,5.49
PO20 0SJ,SEPD,HV,1,TH7941,4227,2026-06-06T16:03:38Z,2026-06-06T21:33:01Z,5.49
PO20 0SL,SEPD,HV,1,TH7941,4227,2026-06-06T16:03:38Z,2026-06-06T21:33:01Z,5.49
PO20 0SN,SEPD,HV,1,TH7941,4227,2026-06-06T16:03:38Z,2026-06-06T21:33:01Z,5.49
PO20 0SP,SEPD,HV,1,TH7941,4227,2026-06-06T16:03:38Z,2026-06-06T21:33:01Z,5.49
PO20 0SQ,SEPD,HV,1,TH7941,4227,2026-06-06T16:03:38Z,2026-06-06T21:33:01Z,5.49
PO20 0SR,SEPD,HV,1,TH7941,4227,2026-06-06T16:03:38Z,2026-06-06T21:33:01Z,5.49
PO20 0SS,SEPD,HV,1,TH7941,4227,2026-06-06T16:03:38Z,2026-06-06T21:33:01Z,5.49
PO20 0ST,SEPD,HV,1,TH7941,4227,2026-06-06T16:03:38Z,2026-06-06T21:33:01Z,5.49
PO20 0SU,SEPD,HV,1,TH7941,4227,2026-06-06T16:03:38Z,2026-06-06T21:33:01Z,5.49
PO20 0SW,SEPD,HV,1,TH7941,4227,2026-06-06T16:03:38Z,2026-06-06T21:33:01Z,5.49
PO20 0SX,SEPD,HV,1,TH7941,4227,2026-06-06T16:03:38Z,2026-06-06T21:33:01Z,5.49
PO20 0SY,SEPD,HV,1,TH7941,4227,2026-06-06T16:03:38Z,2026-06-06T21:33:01Z,5.49
PO20 0SZ,SEPD,HV,1,TH7941,4227,2026-06-06T16:03:38Z,2026-06-06T21:33:01Z,5.49
PO20 0TA,SEPD,HV,1,TH7941,4227,2026-06-06T16:03:38Z,2026-06-06T21:33:01Z,5.49
PO20 0TB,SEPD,HV,1,TH7941,4227,2026-06-06T16:03:38Z,2026-06-06T21:33:01Z,5.49
PO20 0TD,SEPD,HV,1,TH7941,4227,2026-06-06T16:03:38Z,2026-06-06T21:33:01Z,5.49
PO20 0TE,SEPD,HV,1,TH7941,4227,2026-06-06T16:03:38Z,2026-06-06T21:33:01Z,5.49
PO20 0TG,SEPD,HV,1,TH7941,4227,2026-06-06T16:03:38Z,2026-06-06T21:33:01Z,5.49
PO20 0TN,SEPD,HV,1,TH7941,4227,2026-06-06T16:03:38Z,2026-06-06T21:33:01Z,5.49
PO20 0TQ,SEPD,HV,1,TH7941,4227,2026-06-06T16:03:38Z,2026-06-06T21:33:01Z,5.49
PO20 0TR,SEPD,HV,1,TH7941,4227,2026-06-06T16:03:38Z,2026-06-06T21:33:01Z,5.49
PO20 0TW,SEPD,HV,1,TH7941,4227,2026-06-06T16:03:38Z,2026-06-06T21:33:01Z,5.49
PO20 0UB,SEPD,HV,1,TH7941,4227,2026-06-06T16:03:38Z,2026-06-06T21:33:01Z,5.49
PO20 0UD,SEPD,HV,1,TH7941,4227,2026-06-06T16:03:38Z,2026-06-06T21:33:01Z,5.49
PO20 0UG,SEPD,HV,1,TH7941,4227,2026-06-06T16:03:38Z,2026-06-06T21:33:01Z,5.49
PO20 0UQ,SEPD,HV,1,TH7941,4227,2026-06-06T16:03:38Z,2026-06-06T21:33:01Z,5.49
PO20 2DD,SEPD,HV,1,TH7941,4227,2026-06-06T16:03:38Z,2026-06-06T21:33:01Z,5.49
PO20 7AA,SEPD,HV,1,TH7941,4227,2026-06-06T16:03:38Z,2026-06-06T21:33:01Z,5.49
PO20 7AB,SEPD,HV,1,TH7941,4227,2026-06-06T16:03:38Z,2026-06-06T21:33:01Z,5.49
PO20 7AD,SEPD,HV,1,TH7941,4227,2026-06-06T16:03:38Z,2026-06-06T21:33:01Z,5.49
PO20 7AE,SEPD,HV,1,TH7941,4227,2026-06-06T16:03:38Z,2026-06-06T21:33:01Z,5.49
PO20 7AG,SEPD,HV,1,TH7941,4227,2026-06-06T16:03:38Z,2026-06-06T21:33:01Z,5.49
PO20 7AH,SEPD,HV,1,TH7941,4227,2026-06-06T16:03:38Z,2026-06-06T21:33:01Z,5.49
PO20 7AJ,SEPD,HV,1,TH7941,4227,2026-06-06T16:03:38Z,2026-06-06T21:33:01Z,5.49
PO20 7AL,SEPD,HV,1,TH7941,4227,2026-06-06T16:03:38Z,2026-06-06T21:33:01Z,5.49
PO20 7AN,SEPD,HV,1,TH7941,4227,2026-06-06T16:03:38Z,2026-06-06T21:33:01Z,5.49
PO20 7AP,SEPD,HV,1,TH7941,4227,2026-06-06T16:03:38Z,2026-06-06T21:33:01Z,5.49
PO20 7AQ,SEPD,HV,1,TH7941,4227,2026-06-06T16:03:38Z,2026-06-06T21:33:01Z,5.49
PO20 7AR,SEPD,HV,1,TH7941,4227,2026-06-06T16:03:38Z,2026-06-06T21:33:01Z,5.49
PO20 7AS,SEPD,HV,1,TH7941,4227,2026-06-06T16:03:38Z,2026-06-06T21:33:01Z,5.49
PO20 7AT,SEPD,HV,1,TH7941,4227,2026-06-06T16:03:38Z,2026-06-06T21:33:01Z,5.49
PO20 7AU,SEPD,HV,1,TH7941,4227,2026-06-06T16:03:38Z,2026-06-06T21:33:01Z,5.49
PO20 7AW,SEPD,HV,1,TH7941,4227,2026-06-06T16:03:38Z,2026-06-06T21:33:01Z,5.49
PO20 7AX,SEPD,HV,1,TH7941,4227,2026-06-06T16:03:38Z,2026-06-06T21:33:01Z,5.49
PO20 7AY,SEPD,HV,1,TH7941,4227,2026-06-06T16:03:38Z,2026-06-06T21:33:01Z,5.49
PO20 7BA,SEPD,HV,1,TH7941,4227,2026-06-06T16:03:38Z,2026-06-06T21:33:01Z,5.49
PO20 7BB,SEPD,HV,1,TH7941,4227,2026-06-06T16:03:38Z,2026-06-06T21:33:01Z,5.49
PO20 7BD,SEPD,HV,1,TH7941,4227,2026-06-06T16:03:38Z,2026-06-06T21:33:01Z,5.49
PO20 7BE,SEPD,HV,1,TH7941,4227,2026-06-06T16:03:38Z,2026-06-06T21:33:01Z,5.49
PO20 7BG,SEPD,HV,1,TH7941,4227,2026-06-06T16:03:38Z,2026-06-06T21:33:01Z,5.49
PO20 7BH,SEPD,HV,1,TH7941,4227,2026-06-06T16:03:38Z,2026-06-06T21:33:01Z,5.49
PO20 7BJ,SEPD,HV,1,TH7941,4227,2026-06-06T16:03:38Z,2026-06-06T21:33:01Z,5.49
PO20 7BL,SEPD,HV,1,TH7941,4227,2026-06-06T16:03:38Z,2026-06-06T21:33:01Z,5.49
PO20 7BP,SEPD,HV,1,TH7941,4227,2026-06-06T16:03:38Z,2026-06-06T21:33:01Z,5.49
PO20 7BQ,SEPD,HV,1,TH7941,4227,2026-06-06T16:03:38Z,2026-06-06T21:33:01Z,5.49
PO20 7BS,SEPD,HV,1,TH7941,4227,2026-06-06T16:03:38Z,2026-06-06T21:33:01Z,5.49
PO20 7BT,SEPD,HV,1,TH7941,4227,2026-06-06T16:03:38Z,2026-06-06T21:33:01Z,5.49
PO20 7BU,SEPD,HV,1,TH7941,4227,2026-06-06T16:03:38Z,2026-06-06T21:33:01Z,5.49
PO20 7BX,SEPD,HV,1,TH7941,4227,2026-06-06T16:03:38Z,2026-06-06T21:33:01Z,5.49
PO20 7BY,SEPD,HV,1,TH7941,4227,2026-06-06T16:03:38Z,2026-06-06T21:33:01Z,5.49
PO20 7BZ,SEPD,HV,1,TH7941,4227,2026-06-06T16:03:38Z,2026-06-06T21:33:01Z,5.49
PO20 7DA,SEPD,HV,1,TH7941,4227,2026-06-06T16:03:38Z,2026-06-06T21:33:01Z,5.49
PO20 7DB,SEPD,HV,1,TH7941,4227,2026-06-06T16:03:38Z,2026-06-06T21:33:01Z,5.49
PO20 7DD,SEPD,HV,1,TH7941,4227,2026-06-06T16:03:38Z,2026-06-06T21:33:01Z,5.49
PO20 7DE,SEPD,HV,1,TH7941,4227,2026-06-06T16:03:38Z,2026-06-06T21:33:01Z,5.49
PO20 7DF,SEPD,HV,1,TH7941,4227,2026-06-06T16:03:38Z,2026-06-06T21:33:01Z,5.49
PO20 7DH,SEPD,HV,1,TH7941,4227,2026-06-06T16:03:38Z,2026-06-06T21:33:01Z,5.49
PO20 7DJ,SEPD,HV,1,TH7941,4227,2026-06-06T16:03:38Z,2026-06-06T21:33:01Z,5.49
PO20 7DL,SEPD,HV,1,TH7941,4227,2026-06-06T16:03:38Z,2026-06-06T21:33:01Z,5.49
PO20 7DN,SEPD,HV,1,TH7941,4227,2026-06-06T16:03:38Z,2026-06-06T21:33:01Z,5.49
PO20 7DQ,SEPD,HV,1,TH7941,4227,2026-06-06T16:03:38Z,2026-06-06T21:33:01Z,5.49
PO20 7DR,SEPD,HV,1,TH7941,4227,2026-06-06T16:03:38Z,2026-06-06T21:33:01Z,5.49
PO20 7DS,SEPD,HV,1,TH7941,4227,2026-06-06T16:03:38Z,2026-06-06T21:33:01Z,5.49
PO20 7DU,SEPD,HV,1,TH7941,4227,2026-06-06T16:03:38Z,2026-06-06T21:33:01Z,5.49
PO20 7DX,SEPD,HV,1,TH7941,4227,2026-06-06T16:03:38Z,2026-06-06T21:33:01Z,5.49
PO20 7DY,SEPD,HV,1,TH7941,4227,2026-06-06T16:03:38Z,2026-06-06T21:33:01Z,5.49
PO20 7DZ,SEPD,HV,1,TH7941,4227,2026-06-06T16:03:38Z,2026-06-06T21:33:01Z,5.49
PO20 7EA,SEPD,HV,1,TH7941,4227,2026-06-06T16:03:38Z,2026-06-06T21:33:01Z,5.49
PO20 7EB,SEPD,HV,1,TH7941,4227,2026-06-06T16:03:38Z,2026-06-06T21:33:01Z,5.49
PO20 7ED,SEPD,HV,1,TH7941,4227,2026-06-06T16:03:38Z,2026-06-06T21:33:01Z,5.49
PO20 7EE,SEPD,HV,1,TH7941,4227,2026-06-06T16:03:38Z,2026-06-06T21:33:01Z,5.49
PO20 7EF,SEPD,HV,1,TH7941,4227,2026-06-06T16:03:38Z,2026-06-06T21:33:01Z,5.49
PO20 7EG,SEPD,HV,1,TH7941,4227,2026-06-06T16:03:38Z,2026-06-06T21:33:01Z,5.49
PO20 7EH,SEPD,HV,1,TH7941,4227,2026-06-06T16:03:38Z,2026-06-06T21:33:01Z,5.49
PO20 7EJ,SEPD,HV,1,TH7941,4227,2026-06-06T16:03:38Z,2026-06-06T21:33:01Z,5.49
PO20 7EL,SEPD,HV,1,TH7941,4227,2026-06-06T16:03:38Z,2026-06-06T21:33:01Z,5.49
PO20 7EQ,SEPD,HV,1,TH7941,4227,2026-06-06T16:03:38Z,2026-06-06T21:33:01Z,5.49
PO20 7ER,SEPD,HV,1,TH7941,4227,2026-06-06T16:03:38Z,2026-06-06T21:33:01Z,5.49
PO20 7ES,SEPD,HV,1,TH7941,4227,2026-06-06T16:03:38Z,2026-06-06T21:33:01Z,5.49
PO20 7ET,SEPD,HV,1,TH7941,4227,2026-06-06T16:03:38Z,2026-06-06T21:33:01Z,5.49
PO20 7EW,SEPD,HV,1,TH7941,4227,2026-06-06T16:03:38Z,2026-06-06T21:33:01Z,5.49
PO20 7EX,SEPD,HV,1,TH7941,4227,2026-06-06T16:03:38Z,2026-06-06T21:33:01Z,5.49
PO20 7EY,SEPD,HV,1,TH7941,4227,2026-06-06T16:03:38Z,2026-06-06T21:33:01Z,5.49
PO20 7EZ,SEPD,HV,1,TH7941,4227,2026-06-06T16:03:38Z,2026-06-06T21:33:01Z,5.49
PO20 7FB,SEPD,HV,1,TH7941,4227,2026-06-06T16:03:38Z,2026-06-06T21:33:01Z,5.49
PO20 7FD,SEPD,HV,1,TH7941,4227,2026-06-06T16:03:38Z,2026-06-06T21:33:01Z,5.49
PO20 7FE,SEPD,HV,1,TH7941,4227,2026-06-06T16:03:38Z,2026-06-06T21:33:01Z,5.49
PO20 7FF,SEPD,HV,1,TH7941,4227,2026-06-06T16:03:38Z,2026-06-06T21:33:01Z,5.49
PO20 7FG,SEPD,HV,1,TH7941,4227,2026-06-06T16:03:38Z,2026-06-06T21:33:01Z,5.49
PO20 7FL,SEPD,HV,1,TH7941,4227,2026-06-06T16:03:38Z,2026-06-06T21:33:01Z,5.49
PO20 7FU,SEPD,HV,1,TH7941,4227,2026-06-06T16:03:38Z,2026-06-06T21:33:01Z,5.49
PO20 7GB,SEPD,HV,1,TH7941,4227,2026-06-06T16:03:38Z,2026-06-06T21:33:01Z,5.49
PO20 7HA,SEPD,HV,1,TH7941,4227,2026-06-06T16:03:38Z,2026-06-06T21:33:01Z,5.49
PO20 7HB,SEPD,HV,1,TH7941,4227,2026-06-06T16:03:38Z,2026-06-06T21:33:01Z,5.49
PO20 7HD,SEPD,HV,1,TH7941,4227,2026-06-06T16:03:38Z,2026-06-06T21:33:01Z,5.49
PO20 7HE,SEPD,HV,1,TH7941,4227,2026-06-06T16:03:38Z,2026-06-06T21:33:01Z,5.49
PO20 7HF,SEPD,HV,1,TH7941,4227,2026-06-06T16:03:38Z,2026-06-06T21:33:01Z,5.49
PO20 7HG,SEPD,HV,1,TH7941,4227,2026-06-06T16:03:38Z,2026-06-06T21:33:01Z,5.49
PO20 7HH,SEPD,HV,1,TH7941,4227,2026-06-06T16:03:38Z,2026-06-06T21:33:01Z,5.49
PO20 7HJ,SEPD,HV,1,TH7941,4227,2026-06-06T16:03:38Z,2026-06-06T21:33:01Z,5.49
PO20 7HL,SEPD,HV,1,TH7941,4227,2026-06-06T16:03:38Z,2026-06-06T21:33:01Z,5.49
PO20 7HP,SEPD,HV,1,TH7941,4227,2026-06-06T16:03:38Z,2026-06-06T21:33:01Z,5.49
PO20 7HQ,SEPD,HV,1,TH7941,4227,2026-06-06T16:03:38Z,2026-06-06T21:33:01Z,5.49
PO20 7HR,SEPD,HV,1,TH7941,4227,2026-06-06T16:03:38Z,2026-06-06T21:33:01Z,5.49
PO20 7HS,SEPD,HV,1,TH7941,4227,2026-06-06T16:03:38Z,2026-06-06T21:33:01Z,5.49
PO20 7HT,SEPD,HV,1,TH7941,4227,2026-06-06T16:03:38Z,2026-06-06T21:33:01Z,5.49
PO20 7HU,SEPD,HV,1,TH7941,4227,2026-06-06T16:03:38Z,2026-06-06T21:33:01Z,5.49
PO20 7HX,SEPD,HV,1,TH7941,4227,2026-06-06T16:03:38Z,2026-06-06T21:33:01Z,5.49
PO20 7HY,SEPD,HV,1,TH7941,4227,2026-06-06T16:03:38Z,2026-06-06T21:33:01Z,5.49
PO20 7HZ,SEPD,HV,1,TH7941,4227,2026-06-06T16:03:38Z,2026-06-06T21:33:01Z,5.49
PO20 7JA,SEPD,HV,1,TH7941,4227,2026-06-06T16:03:38Z,2026-06-06T21:33:01Z,5.49
PO20 7JD,SEPD,HV,1,TH7941,4227,2026-06-06T16:03:38Z,2026-06-06T21:33:01Z,5.49
PO20 7JE,SEPD,HV,1,TH7941,4227,2026-06-06T16:03:38Z,2026-06-06T21:33:01Z,5.49
PO20 7JF,SEPD,HV,1,TH7941,4227,2026-06-06T16:03:38Z,2026-06-06T21:33:01Z,5.49
PO20 7JG,SEPD,HV,1,TH7941,4227,2026-06-06T16:03:38Z,2026-06-06T21:33:01Z,5.49
PO20 7JH,SEPD,HV,1,TH7941,4227,2026-06-06T16:03:38Z,2026-06-06T21:33:01Z,5.49
PO20 7JL,SEPD,HV,1,TH7941,4227,2026-06-06T16:03:38Z,2026-06-06T21:33:01Z,5.49
PO20 7JN,SEPD,HV,1,TH7941,4227,2026-06-06T16:03:38Z,2026-06-06T21:33:01Z,5.49
PO20 7JQ,SEPD,HV,1,TH7941,4227,2026-06-06T16:03:38Z,2026-06-06T21:33:01Z,5.49
PO20 7JR,SEPD,HV,1,TH7941,4227,2026-06-06T16:03:38Z,2026-06-06T21:33:01Z,5.49
PO20 7LN,SEPD,HV,1,TH7941,4227,2026-06-06T16:03:38Z,2026-06-06T21:33:01Z,5.49
PO20 7LR,SEPD,HV,1,TH7941,4227,2026-06-06T16:03:38Z,2026-06-06T21:33:01Z,5.49
PO20 7LS,SEPD,HV,1,TH7941,4227,2026-06-06T16:03:38Z,2026-06-06T21:33:01Z,5.49
PO20 7LT,SEPD,HV,1,TH7941,4227,2026-06-06T16:03:38Z,2026-06-06T21:33:01Z,5.49
PO20 7LU,SEPD,HV,1,TH7941,4227,2026-06-06T16:03:38Z,2026-06-06T21:33:01Z,5.49
PO20 7LX,SEPD,HV,1,TH7941,4227,2026-06-06T16:03:38Z,2026-06-06T21:33:01Z,5.49
PO20 7LY,SEPD,HV,1,TH7941,4227,2026-06-06T16:03:38Z,2026-06-06T21:33:01Z,5.49
PO20 7LZ,SEPD,HV,1,TH7941,4227,2026-06-06T16:03:38Z,2026-06-06T21:33:01Z,5.49
PO20 7NA,SEPD,HV,1,TH7941,4227,2026-06-06T16:03:38Z,2026-06-06T21:33:01Z,5.49
PO20 7NB,SEPD,HV,1,TH7941,4227,2026-06-06T16:03:38Z,2026-06-06T21:33:01Z,5.49
PO20 7ND,SEPD,HV,1,TH7941,4227,2026-06-06T16:03:38Z,2026-06-06T21:33:01Z,5.49
PO20 7NF,SEPD,HV,1,TH7941,4227,2026-06-06T16:03:38Z,2026-06-06T21:33:01Z,5.49
PO20 7NJ,SEPD,HV,1,TH7941,4227,2026-06-06T16:03:38Z,2026-06-06T21:33:01Z,5.49
PO20 7NN,SEPD,HV,1,TH7941,4227,2026-06-06T16:03:38Z,2026-06-06T21:33:01Z,5.49
PO20 7NR,SEPD,HV,1,TH7941,4227,2026-06-06T16:03:38Z,2026-06-06T21:33:01Z,5.49
PO20 7NS,SEPD,HV,1,TH7941,4227,2026-06-06T16:03:38Z,2026-06-06T21:33:01Z,5.49
PO20 7NT,SEPD,HV,1,TH7941,4227,2026-06-06T16:03:38Z,2026-06-06T21:33:01Z,5.49
PO20 7PE,SEPD,HV,1,TH7941,4227,2026-06-06T16:03:38Z,2026-06-06T21:33:01Z,5.49
PO20 7PH,SEPD,HV,1,TH7941,4227,2026-06-06T16:03:38Z,2026-06-06T21:33:01Z,5.49
PO20 7PR,SEPD,HV,1,TH7941,4227,2026-06-06T16:03:38Z,2026-06-06T21:33:01Z,5.49
PO20 7PS,SEPD,HV,1,TH7941,4227,2026-06-06T16:03:38Z,2026-06-06T21:33:01Z,5.49
PO20 7PT,SEPD,HV,1,TH7941,4227,2026-06-06T16:03:38Z,2026-06-06T21:33:01Z,5.49
PO20 7PU,SEPD,HV,1,TH7941,4227,2026-06-06T16:03:38Z,2026-06-06T21:33:01Z,5.49
PO20 7QA,SEPD,HV,1,TH7941,4227,2026-06-06T16:03:38Z,2026-06-06T21:33:01Z,5.49
PO20 7QB,SEPD,HV,1,TH7941,4227,2026-06-06T16:03:38Z,2026-06-06T21:33:01Z,5.49
PO20 7QD,SEPD,HV,1,TH7941,4227,2026-06-06T16:03:38Z,2026-06-06T21:33:01Z,5.49
PO20 7QE,SEPD,HV,1,TH7941,4227,2026-06-06T16:03:38Z,2026-06-06T21:33:01Z,5.49
PO20 7QF,SEPD,HV,1,TH7941,4227,2026-06-06T16:03:38Z,2026-06-06T21:33:01Z,5.49
PO20 7QG,SEPD,HV,1,TH7941,4227,2026-06-06T16:03:38Z,2026-06-06T21:33:01Z,5.49
PO20 7QH,SEPD,HV,1,TH7941,4227,2026-06-06T16:03:38Z,2026-06-06T21:33:01Z,5.49
PO20 7QL,SEPD,HV,1,TH7941,4227,2026-06-06T16:03:38Z,2026-06-06T21:33:01Z,5.49
PO20 7QN,SEPD,HV,1,TH7941,4227,2026-06-06T16:03:38Z,2026-06-06T21:33:01Z,5.49
PO20 7QQ,SEPD,HV,1,TH7941,4227,2026-06-06T16:03:38Z,2026-06-06T21:33:01Z,5.49
PO20 7QR,SEPD,HV,1,TH7941,4227,2026-06-06T16:03:38Z,2026-06-06T21:33:01Z,5.49
PO20 7QS,SEPD,HV,1,TH7941,4227,2026-06-06T16:03:38Z,2026-06-06T21:33:01Z,5.49
PO20 7QU,SEPD,HV,1,TH7941,4227,2026-06-06T16:03:38Z,2026-06-06T21:33:01Z,5.49
PO20 7QW,SEPD,HV,1,TH7941,4227,2026-06-06T16:03:38Z,2026-06-06T21:33:01Z,5.49
PO20 7QX,SEPD,HV,1,TH7941,4227,2026-06-06T16:03:38Z,2026-06-06T21:33:01Z,5.49
PO20 7QZ,SEPD,HV,1,TH7941,4227,2026-06-06T16:03:38Z,2026-06-06T21:33:01Z,5.49
PO20 7RD,SEPD,HV,1,TH7941,4227,2026-06-06T16:03:38Z,2026-06-06T21:33:01Z,5.49
PO20 7RE,SEPD,HV,1,TH7941,4227,2026-06-06T16:03:38Z,2026-06-06T21:33:01Z,5.49
PO20 7RF,SEPD,HV,1,TH7941,4227,2026-06-06T16:03:38Z,2026-06-06T21:33:01Z,5.49
PO20 7RG,SEPD,HV,1,TH7941,4227,2026-06-06T16:03:38Z,2026-06-06T21:33:01Z,5.49
PO20 7RH,SEPD,HV,1,TH7941,4227,2026-06-06T16:03:38Z,2026-06-06T21:33:01Z,5.49
PO20 7RJ,SEPD,HV,1,TH7941,4227,2026-06-06T16:03:38Z,2026-06-06T21:33:01Z,5.49
PO20 7RR,SEPD,HV,1,TH7941,4227,2026-06-06T16:03:38Z,2026-06-06T21:33:01Z,5.49
PO20 7SE,SEPD,HV,1,TH7941,4227,2026-06-06T16:03:38Z,2026-06-06T21:33:01Z,5.49
PO20 7SP,SEPD,HV,1,TH7941,4227,2026-06-06T16:03:38Z,2026-06-06T21:33:01Z,5.49
PO20 7SR,SEPD,HV,1,TH7941,4227,2026-06-06T16:03:38Z,2026-06-06T21:33:01Z,5.49
PO20 8AG,SEPD,HV,1,TH7941,4227,2026-06-06T16:03:38Z,2026-06-06T21:33:01Z,5.49
PO20 8AN,SEPD,HV,1,TH7941,4227,2026-06-06T16:03:38Z,2026-06-06T21:33:01Z,5.49
PO20 8AY,SEPD,HV,1,TH7941,4227,2026-06-06T16:03:38Z,2026-06-06T21:33:01Z,5.49
PO20 8AZ,SEPD,HV,1,TH7941,4227,2026-06-06T16:03:38Z,2026-06-06T21:33:01Z,5.49
PO20 8BB,SEPD,HV,1,TH7941,4227,2026-06-06T16:03:38Z,2026-06-06T21:33:01Z,5.49
PO20 8BD,SEPD,HV,1,TH7941,4227,2026-06-06T16:03:38Z,2026-06-06T21:33:01Z,5.49
PO20 8BE,SEPD,HV,1,TH7941,4227,2026-06-06T16:03:38Z,2026-06-06T21:33:01Z,5.49
PO20 8BG,SEPD,HV,1,TH7941,4227,2026-06-06T16:03:38Z,2026-06-06T21:33:01Z,5.49
PO20 8BH,SEPD,HV,1,TH7941,4227,2026-06-06T16:03:38Z,2026-06-06T21:33:01Z,5.49
PO20 8BJ,SEPD,HV,1,TH7941,4227,2026-06-06T16:03:38Z,2026-06-06T21:33:01Z,5.49
PO20 8BN,SEPD,HV,1,TH7941,4227,2026-06-06T16:03:38Z,2026-06-06T21:33:01Z,5.49
PO20 8BQ,SEPD,HV,1,TH7941,4227,2026-06-06T16:03:38Z,2026-06-06T21:33:01Z,5.49
PO20 8BT,SEPD,HV,1,TH7941,4227,2026-06-06T16:03:38Z,2026-06-06T21:33:01Z,5.49
PO20 8BU,SEPD,HV,1,TH7941,4227,2026-06-06T16:03:38Z,2026-06-06T21:33:01Z,5.49
PO20 8BW,SEPD,HV,1,TH7941,4227,2026-06-06T16:03:38Z,2026-06-06T21:33:01Z,5.49
PO20 8BY,SEPD,HV,1,TH7941,4227,2026-06-06T16:03:38Z,2026-06-06T21:33:01Z,5.49
PO20 8BZ,SEPD,HV,1,TH7941,4227,2026-06-06T16:03:38Z,2026-06-06T21:33:01Z,5.49
PO20 8DD,SEPD,HV,1,TH7941,4227,2026-06-06T16:03:38Z,2026-06-06T21:33:01Z,5.49
PO20 8DE,SEPD,HV,1,TH7941,4227,2026-06-06T16:03:38Z,2026-06-06T21:33:01Z,5.49
PO20 8DF,SEPD,HV,1,TH7941,4227,2026-06-06T16:03:38Z,2026-06-06T21:33:01Z,5.49
PO20 8DT,SEPD,HV,1,TH7941,4227,2026-06-06T16:03:38Z,2026-06-06T21:33:01Z,5.49
PO20 8DU,SEPD,HV,1,TH7941,4227,2026-06-06T16:03:38Z,2026-06-06T21:33:01Z,5.49
PO20 8DX,SEPD,HV,1,TH7941,4227,2026-06-06T16:03:38Z,2026-06-06T21:33:01Z,5.49
PO20 8DY,SEPD,HV,1,TH7941,4227,2026-06-06T16:03:38Z,2026-06-06T21:33:01Z,5.49
PO20 8DZ,SEPD,HV,1,TH7941,4227,2026-06-06T16:03:38Z,2026-06-06T21:33:01Z,5.49
PO20 8EG,SEPD,HV,1,TH7941,4227,2026-06-06T16:03:38Z,2026-06-06T21:33:01Z,5.49
PO20 8EH,SEPD,HV,1,TH7941,4227,2026-06-06T16:03:38Z,2026-06-06T21:33:01Z,5.49
PO20 8EJ,SEPD,HV,1,TH7941,4227,2026-06-06T16:03:38Z,2026-06-06T21:33:01Z,5.49
PO20 8EL,SEPD,HV,1,TH7941,4227,2026-06-06T16:03:38Z,2026-06-06T21:33:01Z,5.49
PO20 8EN,SEPD,HV,1,TH7941,4227,2026-06-06T16:03:38Z,2026-06-06T21:33:01Z,5.49
PO20 8EP,SEPD,HV,1,TH7941,4227,2026-06-06T16:03:38Z,2026-06-06T21:33:01Z,5.49
PO20 8EQ,SEPD,HV,1,TH7941,4227,2026-06-06T16:03:38Z,2026-06-06T21:33:01Z,5.49
PO20 8ER,SEPD,HV,1,TH7941,4227,2026-06-06T16:03:38Z,2026-06-06T21:33:01Z,5.49
PO20 8ES,SEPD,HV,1,TH7941,4227,2026-06-06T16:03:38Z,2026-06-06T21:33:01Z,5.49
PO20 8EW,SEPD,HV,1,TH7941,4227,2026-06-06T16:03:38Z,2026-06-06T21:33:01Z,5.49
PO20 8FG,SEPD,HV,1,TH7941,4227,2026-06-06T16:03:38Z,2026-06-06T21:33:01Z,5.49
PO20 8FJ,SEPD,HV,1,TH7941,4227,2026-06-06T16:03:38Z,2026-06-06T21:33:01Z,5.49
PO20 8FQ,SEPD,HV,1,TH7941,4227,2026-06-06T16:03:38Z,2026-06-06T21:33:01Z,5.49
PO20 8FT,SEPD,HV,1,TH7941,4227,2026-06-06T16:03:38Z,2026-06-06T21:33:01Z,5.49
PO20 8FY,SEPD,HV,1,TH7941,4227,2026-06-06T16:03:38Z,2026-06-06T21:33:01Z,5.49
PO20 8FZ,SEPD,HV,1,TH7941,4227,2026-06-06T16:03:38Z,2026-06-06T21:33:01Z,5.49
PO20 8HN,SEPD,HV,1,TH7941,4227,2026-06-06T16:03:38Z,2026-06-06T21:33:01Z,5.49
PO20 8HW,SEPD,HV,1,TH7941,4227,2026-06-06T16:03:38Z,2026-06-06T21:33:01Z,5.49
PO20 8JA,SEPD,HV,1,TH7941,4227,2026-06-06T16:03:38Z,2026-06-06T21:33:01Z,5.49
PO20 8JB,SEPD,HV,1,TH7941,4227,2026-06-06T16:03:38Z,2026-06-06T21:33:01Z,5.49
PO20 8JF,SEPD,HV,1,TH7941,4227,2026-06-06T16:03:38Z,2026-06-06T21:33:01Z,5.49
PO20 8JG,SEPD,HV,1,TH7941,4227,2026-06-06T16:03:38Z,2026-06-06T21:33:01Z,5.49
PO20 8JQ,SEPD,HV,1,TH7941,4227,2026-06-06T16:03:38Z,2026-06-06T21:33:01Z,5.49
PO20 8LD,SEPD,HV,1,TH7941,4227,2026-06-06T16:03:38Z,2026-06-06T21:33:01Z,5.49
PO20 8LH,SEPD,HV,1,TH7941,4227,2026-06-06T16:03:38Z,2026-06-06T21:33:01Z,5.49
PO20 8LL,SEPD,HV,1,TH7941,4227,2026-06-06T16:03:38Z,2026-06-06T21:33:01Z,5.49
PO20 8LN,SEPD,HV,1,TH7941,4227,2026-06-06T16:03:38Z,2026-06-06T21:33:01Z,5.49
PO20 8LP,SEPD,HV,1,TH7941,4227,2026-06-06T16:03:38Z,2026-06-06T21:33:01Z,5.49
PO20 8LR,SEPD,HV,1,TH7941,4227,2026-06-06T16:03:38Z,2026-06-06T21:33:01Z,5.49
PO20 8LS,SEPD,HV,1,TH7941,4227,2026-06-06T16:03:38Z,2026-06-06T21:33:01Z,5.49
PO20 8LT,SEPD,HV,1,TH7941,4227,2026-06-06T16:03:38Z,2026-06-06T21:33:01Z,5.49
PO20 8LU,SEPD,HV,1,TH7941,4227,2026-06-06T16:03:38Z,2026-06-06T21:33:01Z,5.49
PO20 8LW,SEPD,HV,1,TH7941,4227,2026-06-06T16:03:38Z,2026-06-06T21:33:01Z,5.49
PO20 8LX,SEPD,HV,1,TH7941,4227,2026-06-06T16:03:38Z,2026-06-06T21:33:01Z,5.49
PO20 8LY,SEPD,HV,1,TH7941,4227,2026-06-06T16:03:38Z,2026-06-06T21:33:01Z,5.49
PO20 8LZ,SEPD,HV,1,TH7941,4227,2026-06-06T16:03:38Z,2026-06-06T21:33:01Z,5.49
PO20 8NA,SEPD,HV,1,TH7941,4227,2026-06-06T16:03:38Z,2026-06-06T21:33:01Z,5.49
PO20 8NB,SEPD,HV,1,TH7941,4227,2026-06-06T16:03:38Z,2026-06-06T21:33:01Z,5.49
PO20 8ND,SEPD,HV,1,TH7941,4227,2026-06-06T16:03:38Z,2026-06-06T21:33:01Z,5.49
PO20 8NE,SEPD,HV,1,TH7941,4227,2026-06-06T16:03:38Z,2026-06-06T21:33:01Z,5.49
PO20 8NF,SEPD,HV,1,TH7941,4227,2026-06-06T16:03:38Z,2026-06-06T21:33:01Z,5.49
PO20 8NG,SEPD,HV,1,TH7941,4227,2026-06-06T16:03:38Z,2026-06-06T21:33:01Z,5.49
PO20 8NH,SEPD,HV,1,TH7941,4227,2026-06-06T16:03:38Z,2026-06-06T21:33:01Z,5.49
PO20 8NJ,SEPD,HV,1,TH7941,4227,2026-06-06T16:03:38Z,2026-06-06T21:33:01Z,5.49
PO20 8NQ,SEPD,HV,1,TH7941,4227,2026-06-06T16:03:38Z,2026-06-06T21:33:01Z,5.49
PO20 8NR,SEPD,HV,1,TH7941,4227,2026-06-06T16:03:38Z,2026-06-06T21:33:01Z,5.49
PO20 8PJ,SEPD,HV,1,TH7941,4227,2026-06-06T16:03:38Z,2026-06-06T21:33:01Z,5.49
PO20 8PR,SEPD,HV,1,TH7941,4227,2026-06-06T16:03:38Z,2026-06-06T21:33:01Z,5.49
PO20 8PS,SEPD,HV,1,TH7941,4227,2026-06-06T16:03:38Z,2026-06-06T21:33:01Z,5.49
PO20 8PT,SEPD,HV,1,TH7941,4227,2026-06-06T16:03:38Z,2026-06-06T21:33:01Z,5.49
PO20 8PU,SEPD,HV,1,TH7941,4227,2026-06-06T16:03:38Z,2026-06-06T21:33:01Z,5.49
PO20 8PX,SEPD,HV,1,TH7941,4227,2026-06-06T16:03:38Z,2026-06-06T21:33:01Z,5.49
PO20 8PY,SEPD,HV,1,TH7941,4227,2026-06-06T16:03:38Z,2026-06-06T21:33:01Z,5.49
PO20 8PZ,SEPD,HV,1,TH7941,4227,2026-06-06T16:03:38Z,2026-06-06T21:33:01Z,5.49
PO20 8QA,SEPD,HV,1,TH7941,4227,2026-06-06T16:03:38Z,2026-06-06T21:33:01Z,5.49
PO20 8QB,SEPD,HV,1,TH7941,4227,2026-06-06T16:03:38Z,2026-06-06T21:33:01Z,5.49
PO20 8QE,SEPD,HV,1,TH7941,4227,2026-06-06T16:03:38Z,2026-06-06T21:33:01Z,5.49
PO20 8QF,SEPD,HV,1,TH7941,4227,2026-06-06T16:03:38Z,2026-06-06T21:33:01Z,5.49
PO20 8QG,SEPD,HV,1,TH7941,4227,2026-06-06T16:03:38Z,2026-06-06T21:33:01Z,5.49
PO20 8QH,SEPD,HV,1,TH7941,4227,2026-06-06T16:03:38Z,2026-06-06T21:33:01Z,5.49
PO20 8QJ,SEPD,HV,1,TH7941,4227,2026-06-06T16:03:38Z,2026-06-06T21:33:01Z,5.49
PO20 8QL,SEPD,HV,1,TH7941,4227,2026-06-06T16:03:38Z,2026-06-06T21:33:01Z,5.49
PO20 8QN,SEPD,HV,1,TH7941,4227,2026-06-06T16:03:38Z,2026-06-06T21:33:01Z,5.49
PO20 8QP,SEPD,HV,1,TH7941,4227,2026-06-06T16:03:38Z,2026-06-06T21:33:01Z,5.49
PO20 8QQ,SEPD,HV,1,TH7941,4227,2026-06-06T16:03:38Z,2026-06-06T21:33:01Z,5.49
PO20 8QS,SEPD,HV,1,TH7941,4227,2026-06-06T16:03:38Z,2026-06-06T21:33:01Z,5.49
PO20 8QT,SEPD,HV,1,TH7941,4227,2026-06-06T16:03:38Z,2026-06-06T21:33:01Z,5.49
PO20 8QX,SEPD,HV,1,TH7941,4227,2026-06-06T16:03:38Z,2026-06-06T21:33:01Z,5.49
PO20 8RA,SEPD,HV,1,TH7941,4227,2026-06-06T16:03:38Z,2026-06-06T21:33:01Z,5.49
PO20 8RJ,SEPD,HV,1,TH7941,4227,2026-06-06T16:03:38Z,2026-06-06T21:33:01Z,5.49
PO20 8RL,SEPD,HV,1,TH7941,4227,2026-06-06T16:03:38Z,2026-06-06T21:33:01Z,5.49
PO20 8RP,SEPD,HV,1,TH7941,4227,2026-06-06T16:03:38Z,2026-06-06T21:33:01Z,5.49
PO20 8SD,SEPD,HV,1,TH7941,4227,2026-06-06T16:03:38Z,2026-06-06T21:33:01Z,5.49
PO20 9AN,SEPD,HV,1,TH7941,4227,2026-06-06T16:03:38Z,2026-06-06T21:33:01Z,5.49
PO20 9AZ,SEPD,HV,1,TH7941,4227,2026-06-06T16:03:38Z,2026-06-06T21:33:01Z,5.49
PO20 9BA,SEPD,HV,1,TH7941,4227,2026-06-06T16:03:38Z,2026-06-06T21:33:01Z,5.49
PO20 9BB,SEPD,HV,1,TH7941,4227,2026-06-06T16:03:38Z,2026-06-06T21:33:01Z,5.49
PO20 9BN,SEPD,HV,1,TH7941,4227,2026-06-06T16:03:38Z,2026-06-06T21:33:01Z,5.49
PO20 9BS,SEPD,HV,1,TH7941,4227,2026-06-06T16:03:38Z,2026-06-06T21:33:01Z,5.49
PO20 9BT,SEPD,HV,1,TH7941,4227,2026-06-06T16:03:38Z,2026-06-06T21:33:01Z,5.49
PO20 9DS,SEPD,HV,1,TH7941,4227,2026-06-06T16:03:38Z,2026-06-06T21:33:01Z,5.49
PO20 9DT,SEPD,HV,1,TH7941,4227,2026-06-06T16:03:38Z,2026-06-06T21:33:01Z,5.49
PO20 9DU,SEPD,HV,1,TH7941,4227,2026-06-06T16:03:38Z,2026-06-06T21:33:01Z,5.49
PO20 9DX,SEPD,HV,1,TH7941,4227,2026-06-06T16:03:38Z,2026-06-06T21:33:01Z,5.49
PO20 9DY,SEPD,HV,1,TH7941,4227,2026-06-06T16:03:38Z,2026-06-06T21:33:01Z,5.49
PO20 9DZ,SEPD,HV,1,TH7941,4227,2026-06-06T16:03:38Z,2026-06-06T21:33:01Z,5.49
PO20 9EA,SEPD,HV,1,TH7941,4227,2026-06-06T16:03:38Z,2026-06-06T21:33:01Z,5.49
PO20 9EB,SEPD,HV,1,TH7941,4227,2026-06-06T16:03:38Z,2026-06-06T21:33:01Z,5.49
PO20 9ED,SEPD,HV,1,TH7941,4227,2026-06-06T16:03:38Z,2026-06-06T21:33:01Z,5.49
PO20 9ES,SEPD,HV,1,TH7941,4227,2026-06-06T16:03:38Z,2026-06-06T21:33:01Z,5.49
PO20 9HP,SEPD,HV,1,TH7941,4227,2026-06-06T16:03:38Z,2026-06-06T21:33:01Z,5.49
PO21 4SL,SEPD,HV,1,TH7941,4227,2026-06-06T16:03:38Z,2026-06-06T21:33:01Z,5.49
RH20 1PA,SEPD,LV,1,TH6616,11,2026-06-05T16:44:20Z,2026-06-05T22:07:02Z,5.38
BA20 2JP,SEPD,LV,1,TJ1577,31,2026-06-09T11:35:35Z,2026-06-09T16:47:00Z,5.19
BA20 2NF,SEPD,LV,1,TJ1577,31,2026-06-09T11:35:35Z,2026-06-09T16:47:00Z,5.19
BA20 2NP,SEPD,LV,1,TJ1577,31,2026-06-09T11:35:35Z,2026-06-09T16:47:00Z,5.19
BA20 2NT,SEPD,LV,1,TJ1577,31,2026-06-09T11:35:35Z,2026-06-09T16:47:00Z,5.19
BA20 2NU,SEPD,LV,1,TJ1577,31,2026-06-09T11:35:35Z,2026-06-09T16:47:00Z,5.19
BH17 7SB,SEPD,LV,1,TH8854,63,2026-06-07T09:51:01Z,2026-06-07T15:01:01Z,5.17
BH17 7SY,SEPD,LV,1,TH8854,63,2026-06-07T09:51:01Z,2026-06-07T15:01:01Z,5.17
BH17 7YU,SEPD,LV,1,TH8854,63,2026-06-07T09:51:01Z,2026-06-07T15:01:01Z,5.17
BH17 7YX,SEPD,LV,1,TH8854,63,2026-06-07T09:51:01Z,2026-06-07T15:01:01Z,5.17
BH17 7YY,SEPD,LV,1,TH8854,63,2026-06-07T09:51:01Z,2026-06-07T15:01:01Z,5.17
BH17 7YZ,SEPD,LV,1,TH8854,63,2026-06-07T09:51:01Z,2026-06-07T15:01:01Z,5.17
DD7 6DH,SHEPD,LV,1,TH8944,14,2026-06-07T09:51:01Z,2026-06-07T15:01:01Z,5.17
DD7 6EH,SHEPD,LV,1,TH8944,14,2026-06-07T09:51:01Z,2026-06-07T15:01:01Z,5.17
DD7 6EJ,SHEPD,LV,1,TH8944,14,2026-06-07T09:51:01Z,2026-06-07T15:01:01Z,5.17
DD7 6EL,SHEPD,LV,1,TH8944,14,2026-06-07T09:51:01Z,2026-06-07T15:01:01Z,5.17
DD7 6HE,SHEPD,LV,1,TH8944,14,2026-06-07T09:51:01Z,2026-06-07T15:01:01Z,5.17
RG14 6HP,SEPD,LV,1,TH8800,19,2026-06-07T09:51:01Z,2026-06-07T15:01:01Z,5.17
RG14 6HS,SEPD,LV,1,TH8800,19,2026-06-07T09:51:01Z,2026-06-07T15:01:01Z,5.17
RG14 6HT,SEPD,LV,1,TH8800,19,2026-06-07T09:51:01Z,2026-06-07T15:01:01Z,5.17
RG14 6HX,SEPD,LV,1,TH8800,19,2026-06-07T09:51:01Z,2026-06-07T15:01:01Z,5.17
RG14 6JS,SEPD,LV,1,TH8800,19,2026-06-07T09:51:01Z,2026-06-07T15:01:01Z,5.17
BH24 2SB,SEPD,PSI,2,"251688,251878",164,2026-06-07T09:51:01Z,2026-06-09T11:35:35Z,5.08
IV36 0RT,SHEPD,"PSI,LV",2,"251534,TJ0626",54,2026-06-03T10:04:32Z,2026-06-08T17:26:59Z,4.97
IV36 2RT,SHEPD,"PSI,LV",2,"251534,TJ0626",54,2026-06-03T10:04:32Z,2026-06-08T17:26:59Z,4.97
OX7 6PP,SEPD,PSI,2,"251524,251533",51,2026-06-03T10:04:32Z,2026-06-05T08:33:42Z,4.97
AB31 5HS,SHEPD,LV,1,TH2703,11,2026-06-03T05:06:37Z,2026-06-03T10:04:32Z,4.97
AB31 5YT,SHEPD,LV,1,TH2703,11,2026-06-03T05:06:37Z,2026-06-03T10:04:32Z,4.97
AB38 7AW,SHEPD,PSI,1,251371,25,2026-06-03T10:04:32Z,2026-06-03T15:02:39Z,4.97
AB38 9QS,SHEPD,PSI,1,251371,25,2026-06-03T10:04:32Z,2026-06-03T15:02:39Z,4.97
AB38 9RT,SHEPD,PSI,1,251371,25,2026-06-03T10:04:32Z,2026-06-03T15:02:39Z,4.97
BH14 9JH,SEPD,PSI,1,252085,20,2026-06-03T10:04:32Z,2026-06-03T15:02:39Z,4.97
BH14 9JJ,SEPD,PSI,1,252085,20,2026-06-03T10:04:32Z,2026-06-03T15:02:39Z,4.97
BH20 5BE,SEPD,PSI,1,251833,25,2026-06-03T10:04:32Z,2026-06-03T15:02:39Z,4.97
BH20 5BG,SEPD,PSI,1,251833,25,2026-06-03T10:04:32Z,2026-06-03T15:02:39Z,4.97
BH20 5BW,SEPD,PSI,1,251833,25,2026-06-03T10:04:32Z,2026-06-03T15:02:39Z,4.97
BH22 0LW,SEPD,PSI,1,251183,2,2026-06-03T10:04:32Z,2026-06-03T15:02:39Z,4.97
BH22 9TS,SEPD,PSI,1,251183,2,2026-06-03T10:04:32Z,2026-06-03T15:02:39Z,4.97
DT9 6JR,SEPD,PSI,1,251653,68,2026-06-03T10:04:32Z,2026-06-03T15:02:39Z,4.97
DT9 6JS,SEPD,PSI,1,251653,68,2026-06-03T10:04:32Z,2026-06-03T15:02:39Z,4.97
DT9 6JT,SEPD,PSI,1,251653,68,2026-06-03T10:04:32Z,2026-06-03T15:02:39Z,4.97
DT9 6JU,SEPD,PSI,1,251653,68,2026-06-03T10:04:32Z,2026-06-03T15:02:39Z,4.97
DT9 6JX,SEPD,PSI,1,251653,68,2026-06-03T10:04:32Z,2026-06-03T15:02:39Z,4.97
DT9 6LP,SEPD,PSI,1,251653,68,2026-06-03T10:04:32Z,2026-06-03T15:02:39Z,4.97
IV18 0NP,SHEPD,PSI,1,251589,3,2026-06-03T10:04:32Z,2026-06-03T15:02:39Z,4.97
IV18 0QW,SHEPD,PSI,1,251589,3,2026-06-03T10:04:32Z,2026-06-03T15:02:39Z,4.97
IV36 0RU,SHEPD,PSI,1,251534,52,2026-06-03T10:04:32Z,2026-06-03T15:02:39Z,4.97
IV36 2JZ,SHEPD,PSI,1,251534,52,2026-06-03T10:04:32Z,2026-06-03T15:02:39Z,4.97
IV36 2PT,SHEPD,PSI,1,251534,52,2026-06-03T10:04:32Z,2026-06-03T15:02:39Z,4.97
IV36 2RR,SHEPD,PSI,1,251534,52,2026-06-03T10:04:32Z,2026-06-03T15:02:39Z,4.97
IV36 2RU,SHEPD,PSI,1,251534,52,2026-06-03T10:04:32Z,2026-06-03T15:02:39Z,4.97
IV36 2SJ,SHEPD,PSI,1,251534,52,2026-06-03T10:04:32Z,2026-06-03T15:02:39Z,4.97
IV36 2SL,SHEPD,PSI,1,251534,52,2026-06-03T10:04:32Z,2026-06-03T15:02:39Z,4.97
PA34 5UU,SHEPD,HV,1,TH3125,36,2026-06-03T10:04:32Z,2026-06-03T15:02:39Z,4.97
PA34 5UZ,SHEPD,HV,1,TH3125,36,2026-06-03T10:04:32Z,2026-06-03T15:02:39Z,4.97
PA34 5XB,SHEPD,HV,1,TH3125,36,2026-06-03T10:04:32Z,2026-06-03T15:02:39Z,4.97
PA80,SHEPD,HV,1,TH3125,36,2026-06-03T10:04:32Z,2026-06-03T15:02:39Z,4.97
PA80 5UU,SHEPD,HV,1,TH3125,36,2026-06-03T10:04:32Z,2026-06-03T15:02:39Z,4.97
PA80 5UZ,SHEPD,HV,1,TH3125,36,2026-06-03T10:04:32Z,2026-06-03T15:02:39Z,4.97
PA80 5XG,SHEPD,HV,1,TH3125,36,2026-06-03T10:04:32Z,2026-06-03T15:02:39Z,4.97
PH10 7JW,SHEPD,PSI,1,251741,8,2026-06-03T10:04:32Z,2026-06-03T15:02:39Z,4.97
PO22 0EB,SEPD,PSI,1,250706,3,2026-06-03T10:04:32Z,2026-06-03T15:02:39Z,4.97
RG25 2FG,SEPD,PSI,1,251032,114,2026-06-03T10:04:32Z,2026-06-03T15:02:39Z,4.97
RG25 2HA,SEPD,PSI,1,251032,114,2026-06-03T10:04:32Z,2026-06-03T15:02:39Z,4.97
RG25 2JL,SEPD,PSI,1,251032,114,2026-06-03T10:04:32Z,2026-06-03T15:02:39Z,4.97
RG25 2JN,SEPD,PSI,1,251032,114,2026-06-03T10:04:32Z,2026-06-03T15:02:39Z,4.97
RG25 2JT,SEPD,PSI,1,251032,114,2026-06-03T10:04:32Z,2026-06-03T15:02:39Z,4.97
RG25 2JU,SEPD,PSI,1,251032,114,2026-06-03T10:04:32Z,2026-06-03T15:02:39Z,4.97
RG25 2JW,SEPD,PSI,1,251032,114,2026-06-03T10:04:32Z,2026-06-03T15:02:39Z,4.97
RG25 2ND,SEPD,PSI,1,251032,114,2026-06-03T10:04:32Z,2026-06-03T15:02:39Z,4.97
RG25 2NE,SEPD,PSI,1,251032,114,2026-06-03T10:04:32Z,2026-06-03T15:02:39Z,4.97
RG25 2NF,SEPD,PSI,1,251032,114,2026-06-03T10:04:32Z,2026-06-03T15:02:39Z,4.97
RG25 2NG,SEPD,PSI,1,251032,114,2026-06-03T10:04:32Z,2026-06-03T15:02:39Z,4.97
RG25 2NH,SEPD,PSI,1,251032,114,2026-06-03T10:04:32Z,2026-06-03T15:02:39Z,4.97
RG25 2NL,SEPD,PSI,1,251032,114,2026-06-03T10:04:32Z,2026-06-03T15:02:39Z,4.97
RG25 2NP,SEPD,PSI,1,251032,114,2026-06-03T10:04:32Z,2026-06-03T15:02:39Z,4.97
RG5 2FG,SEPD,PSI,1,251032,114,2026-06-03T10:04:32Z,2026-06-03T15:02:39Z,4.97
SL1 7ET,SEPD,PSI,1,252011,29,2026-06-03T10:04:32Z,2026-06-03T15:02:39Z,4.97
SL7 1TR,SEPD,LV,1,TH3036,19,2026-06-03T10:04:32Z,2026-06-03T15:02:39Z,4.97
SL7 1TY,SEPD,LV,1,TH3036,19,2026-06-03T10:04:32Z,2026-06-03T15:02:39Z,4.97
SN11 8RD,SEPD,PSI,1,251501,97,2026-06-03T10:04:32Z,2026-06-03T15:02:39Z,4.97
SN11 8RE,SEPD,PSI,1,251501,97,2026-06-03T10:04:32Z,2026-06-03T15:02:39Z,4.97
SN11 8RF,SEPD,PSI,1,251501,97,2026-06-03T10:04:32Z,2026-06-03T15:02:39Z,4.97
SN11 8RG,SEPD,PSI,1,251501,97,2026-06-03T10:04:32Z,2026-06-03T15:02:39Z,4.97
SN11 8RH,SEPD,PSI,1,251501,97,2026-06-03T10:04:32Z,2026-06-03T15:02:39Z,4.97
SN11 8RQ,SEPD,PSI,1,251501,97,2026-06-03T10:04:32Z,2026-06-03T15:02:39Z,4.97
SN11 8XW,SEPD,PSI,1,251501,97,2026-06-03T10:04:32Z,2026-06-03T15:02:39Z,4.97
SO32 1DR,SEPD,PSI,1,250534,33,2026-06-03T10:04:32Z,2026-06-03T15:02:39Z,4.97
SO32 1DU,SEPD,LV,1,TH2486,20,2026-06-03T10:04:32Z,2026-06-03T15:02:39Z,4.97
SO32 1SF,SEPD,LV,1,TH2486,20,2026-06-03T10:04:32Z,2026-06-03T15:02:39Z,4.97
SO32 1SG,SEPD,LV,1,TH2486,20,2026-06-03T10:04:32Z,2026-06-03T15:02:39Z,4.97
SO32 1SH,SEPD,LV,1,TH2486,20,2026-06-03T10:04:32Z,2026-06-03T15:02:39Z,4.97
SO32 1SJ,SEPD,LV,1,TH2486,20,2026-06-03T10:04:32Z,2026-06-03T15:02:39Z,4.97
SO32 1SL,SEPD,LV,1,TH2486,20,2026-06-03T10:04:32Z,2026-06-03T15:02:39Z,4.97
SO32 2BH,SEPD,PSI,1,250534,33,2026-06-03T10:04:32Z,2026-06-03T15:02:39Z,4.97
SO32 2LD,SEPD,PSI,1,250534,33,2026-06-03T10:04:32Z,2026-06-03T15:02:39Z,4.97
SO32 2LE,SEPD,PSI,1,250534,33,2026-06-03T10:04:32Z,2026-06-03T15:02:39Z,4.97
SO32 2LN,SEPD,PSI,1,250534,33,2026-06-03T10:04:32Z,2026-06-03T15:02:39Z,4.97
SO32 2LQ,SEPD,PSI,1,250534,33,2026-06-03T10:04:32Z,2026-06-03T15:02:39Z,4.97
SO32 2LR,SEPD,PSI,1,250534,33,2026-06-03T10:04:32Z,2026-06-03T15:02:39Z,4.97
SP4 7RE,SEPD,PSI,1,251990,36,2026-06-03T10:04:32Z,2026-06-03T15:02:39Z,4.97
SP4 7RF,SEPD,PSI,1,251990,36,2026-06-03T10:04:32Z,2026-06-03T15:02:39Z,4.97
SP4 7RG,SEPD,PSI,1,251990,36,2026-06-03T10:04:32Z,2026-06-03T15:02:39Z,4.97
BH20 7NT,SEPD,HV,2,"TH3193,TH3873",167,2026-06-03T18:55:31Z,2026-06-03T23:53:04Z,4.96
BH20 4FR,SEPD,HV,1,TH3193,135,2026-06-03T18:55:31Z,2026-06-03T23:53:04Z,4.96
BH20 4PG,SEPD,HV,1,TH3193,135,2026-06-03T18:55:31Z,2026-06-03T23:53:04Z,4.96
BH20 4PH,SEPD,HV,1,TH3193,135,2026-06-03T18:55:31Z,2026-06-03T23:53:04Z,4.96
BH20 4PN,SEPD,HV,1,TH3193,135,2026-06-03T18:55:31Z,2026-06-03T23:53:04Z,4.96
BH20 4PX,SEPD,HV,1,TH3193,135,2026-06-03T18:55:31Z,2026-06-03T23:53:04Z,4.96
BH20 6AA,SEPD,HV,1,TH3193,135,2026-06-03T18:55:31Z,2026-06-03T23:53:04Z,4.96
BH20 6AB,SEPD,HV,1,TH3193,135,2026-06-03T18:55:31Z,2026-06-03T23:53:04Z,4.96
BH20 6AD,SEPD,HV,1,TH3193,135,2026-06-03T18:55:31Z,2026-06-03T23:53:04Z,4.96
BH20 6AE,SEPD,HV,1,TH3193,135,2026-06-03T18:55:31Z,2026-06-03T23:53:04Z,4.96
BH20 6AF,SEPD,HV,1,TH3193,135,2026-06-03T18:55:31Z,2026-06-03T23:53:04Z,4.96
BH20 6AH,SEPD,HV,1,TH3193,135,2026-06-03T18:55:31Z,2026-06-03T23:53:04Z,4.96
BH20 6AJ,SEPD,HV,1,TH3193,135,2026-06-03T18:55:31Z,2026-06-03T23:53:04Z,4.96
BH20 6AL,SEPD,HV,1,TH3193,135,2026-06-03T18:55:31Z,2026-06-03T23:53:04Z,4.96
BH20 6AN,SEPD,HV,1,TH3193,135,2026-06-03T18:55:31Z,2026-06-03T23:53:04Z,4.96
BH20 6AP,SEPD,HV,1,TH3193,135,2026-06-03T18:55:31Z,2026-06-03T23:53:04Z,4.96
BH20 6AQ,SEPD,HV,1,TH3193,135,2026-06-03T18:55:31Z,2026-06-03T23:53:04Z,4.96
BH20 6AR,SEPD,HV,1,TH3193,135,2026-06-03T18:55:31Z,2026-06-03T23:53:04Z,4.96
BH20 6AS,SEPD,HV,1,TH3193,135,2026-06-03T18:55:31Z,2026-06-03T23:53:04Z,4.96
BH20 6AT,SEPD,HV,1,TH3193,135,2026-06-03T18:55:31Z,2026-06-03T23:53:04Z,4.96
BH20 6AU,SEPD,HV,1,TH3193,135,2026-06-03T18:55:31Z,2026-06-03T23:53:04Z,4.96
BH20 6AW,SEPD,HV,1,TH3193,135,2026-06-03T18:55:31Z,2026-06-03T23:53:04Z,4.96
BH20 6AX,SEPD,HV,1,TH3193,135,2026-06-03T18:55:31Z,2026-06-03T23:53:04Z,4.96
BH20 6BA,SEPD,HV,1,TH3193,135,2026-06-03T18:55:31Z,2026-06-03T23:53:04Z,4.96
BH20 6BB,SEPD,HV,1,TH3193,135,2026-06-03T18:55:31Z,2026-06-03T23:53:04Z,4.96
BH20 6HJ,SEPD,HV,1,TH3193,135,2026-06-03T18:55:31Z,2026-06-03T23:53:04Z,4.96
BH20 6YB,SEPD,HV,1,TH3193,135,2026-06-03T18:55:31Z,2026-06-03T23:53:04Z,4.96
BH20 7DJ,SEPD,HV,1,TH3193,135,2026-06-03T18:55:31Z,2026-06-03T23:53:04Z,4.96
BH20 7NU,SEPD,HV,1,TH3193,135,2026-06-03T18:55:31Z,2026-06-03T23:53:04Z,4.96
BH20 7NX,SEPD,HV,1,TH3193,135,2026-06-03T18:55:31Z,2026-06-03T23:53:04Z,4.96
BH20 7NY,SEPD,HV,1,TH3193,135,2026-06-03T18:55:31Z,2026-06-03T23:53:04Z,4.96
BH20 7NZ,SEPD,HV,1,TH3193,135,2026-06-03T18:55:31Z,2026-06-03T23:53:04Z,4.96
BH20 7PA,SEPD,HV,1,TH3193,135,2026-06-03T18:55:31Z,2026-06-03T23:53:04Z,4.96
BH20 7PB,SEPD,HV,1,TH3193,135,2026-06-03T18:55:31Z,2026-06-03T23:53:04Z,4.96
BH20 7PD,SEPD,HV,1,TH3193,135,2026-06-03T18:55:31Z,2026-06-03T23:53:04Z,4.96
BH20 7PE,SEPD,HV,1,TH3193,135,2026-06-03T18:55:31Z,2026-06-03T23:53:04Z,4.96
BH20 7PF,SEPD,HV,1,TH3193,135,2026-06-03T18:55:31Z,2026-06-03T23:53:04Z,4.96
BH20 7PG,SEPD,HV,1,TH3193,135,2026-06-03T18:55:31Z,2026-06-03T23:53:04Z,4.96
BH20 7PN,SEPD,HV,1,TH3193,135,2026-06-03T18:55:31Z,2026-06-03T23:53:04Z,4.96
GU35 8SP,SEPD,HV,1,TH4117,59,2026-06-03T18:55:31Z,2026-06-03T23:53:04Z,4.96
GU35 8SR,SEPD,HV,1,TH4117,59,2026-06-03T18:55:31Z,2026-06-03T23:53:04Z,4.96
GU35 8SS,SEPD,HV,1,TH4117,59,2026-06-03T18:55:31Z,2026-06-03T23:53:04Z,4.96
GU35 8ST,SEPD,HV,1,TH4117,59,2026-06-03T18:55:31Z,2026-06-03T23:53:04Z,4.96
GU35 8SU,SEPD,HV,1,TH4117,59,2026-06-03T18:55:31Z,2026-06-03T23:53:04Z,4.96
GU35 8SY,SEPD,HV,1,TH4117,59,2026-06-03T18:55:31Z,2026-06-03T23:53:04Z,4.96
GU35 8TB,SEPD,HV,1,TH4117,59,2026-06-03T18:55:31Z,2026-06-03T23:53:04Z,4.96
GU35 8TD,SEPD,HV,1,TH4117,59,2026-06-03T18:55:31Z,2026-06-03T23:53:04Z,4.96
SP3 6RJ,SEPD,LV,1,TH7466,6,2026-06-06T08:11:56Z,2026-06-06T13:09:45Z,4.96
SP3 6RL,SEPD,LV,1,TH7466,6,2026-06-06T08:11:56Z,2026-06-06T13:09:45Z,4.96
SP3 6RN,SEPD,LV,1,TH7466,6,2026-06-06T08:11:56Z,2026-06-06T13:09:45Z,4.96
SP3 6RW,SEPD,LV,1,TH7466,6,2026-06-06T08:11:56Z,2026-06-06T13:09:45Z,4.96
BH25 5TB,SEPD,HV,1,TH8250,28,2026-06-06T18:53:35Z,2026-06-06T23:44:50Z,4.85
BH25 5TH,SEPD,HV,1,TH8250,28,2026-06-06T18:53:35Z,2026-06-06T23:44:50Z,4.85
BH25 5TJ,SEPD,HV,1,TH8250,28,2026-06-06T18:53:35Z,2026-06-06T23:44:50Z,4.85
BH25 5TL,SEPD,HV,1,TH8250,28,2026-06-06T18:53:35Z,2026-06-06T23:44:50Z,4.85
AB54 4PT,SHEPD,HV,1,TH9542,6,2026-06-07T19:10:03Z,2026-06-07T23:58:05Z,4.8
AB54 4QT,SHEPD,HV,1,TH9542,6,2026-06-07T19:10:03Z,2026-06-07T23:58:05Z,4.8
AB54 4RL,SHEPD,HV,1,TH9542,6,2026-06-07T19:10:03Z,2026-06-07T23:58:05Z,4.8
AB54 6AG,SHEPD,HV,1,TH9542,6,2026-06-07T19:10:03Z,2026-06-07T23:58:05Z,4.8
HP10 8BH,SEPD,LV,1,TH8697,6,2026-06-07T02:00:42Z,2026-06-07T06:40:11Z,4.66
HP10 8BJ,SEPD,LV,1,TH8697,6,2026-06-07T02:00:42Z,2026-06-07T06:40:11Z,4.66
SO19 1DQ,SEPD,HV,1,TH8705,102,2026-06-07T02:00:42Z,2026-06-07T06:40:11Z,4.66
SO19 1DR,SEPD,HV,1,TH8705,102,2026-06-07T02:00:42Z,2026-06-07T06:40:11Z,4.66
SO19 1RA,SEPD,HV,1,TH8705,102,2026-06-07T02:00:42Z,2026-06-07T06:40:11Z,4.66
SN3 4PB,SEPD,LV,1,TH6789,6,2026-06-05T14:13:43Z,2026-06-05T18:52:44Z,4.65
SN3 4PD,SEPD,LV,1,TH6789,6,2026-06-05T14:13:43Z,2026-06-05T18:52:44Z,4.65
SN3 4QD,SEPD,LV,1,TH6789,6,2026-06-05T14:13:43Z,2026-06-05T18:52:44Z,4.65
SP11 9SE,SEPD,LV,1,TH6840,4,2026-06-05T14:13:43Z,2026-06-05T18:52:44Z,4.65
SP11 9SG,SEPD,LV,1,TH6840,4,2026-06-05T14:13:43Z,2026-06-05T18:52:44Z,4.65
BA22 7NL,SEPD,LV,1,TJ0991,12,2026-06-08T19:40:58Z,2026-06-09T00:13:01Z,4.53
BA22 7NW,SEPD,LV,1,TJ0991,12,2026-06-08T19:40:58Z,2026-06-09T00:13:01Z,4.53
BA22 7PR,SEPD,LV,1,TJ0991,12,2026-06-08T19:40:58Z,2026-06-09T00:13:01Z,4.53
BH25 5RX,SEPD,LV,1,TH7538,6,2026-06-06T10:22:46Z,2026-06-06T14:53:20Z,4.51
BH25 5RY,SEPD,LV,1,TH7538,6,2026-06-06T10:22:46Z,2026-06-06T14:53:20Z,4.51
BH25 5SD,SEPD,LV,1,TH7538,6,2026-06-06T10:22:46Z,2026-06-06T14:53:20Z,4.51
BH25 5TD,SEPD,LV,1,TH7538,6,2026-06-06T10:22:46Z,2026-06-06T14:53:20Z,4.51
GU34 3BS,SEPD,HV,1,TH7599,11,2026-06-06T10:22:46Z,2026-06-06T14:53:20Z,4.51
GU34 3BU,SEPD,HV,1,TH7599,11,2026-06-06T10:22:46Z,2026-06-06T14:53:20Z,4.51
GU34 3BY,SEPD,HV,1,TH7599,11,2026-06-06T10:22:46Z,2026-06-06T14:53:20Z,4.51
SO51 9BQ,SEPD,LV,1,TH7653,10,2026-06-06T10:22:46Z,2026-06-06T14:53:20Z,4.51
SO51 9BT,SEPD,LV,1,TH7653,10,2026-06-06T10:22:46Z,2026-06-06T14:53:20Z,4.51
SO51 9BU,SEPD,LV,1,TH7653,10,2026-06-06T10:22:46Z,2026-06-06T14:53:20Z,4.51
HS2 9QA,SHEPD,"PSI,HV",2,"251299,TJ1096",304,2026-06-05T08:33:42Z,2026-06-09T04:38:14Z,4.42
HS2 9LQ,SHEPD,HV,1,TJ1096,138,2026-06-09T00:13:01Z,2026-06-09T04:38:14Z,4.42
HS2 9QX,SHEPD,HV,1,TJ1096,138,2026-06-09T00:13:01Z,2026-06-09T04:38:14Z,4.42
HS2 9QZ,SHEPD,HV,1,TJ1096,138,2026-06-09T00:13:01Z,2026-06-09T04:38:14Z,4.42
HS2 9RD,SHEPD,HV,1,TJ1096,138,2026-06-09T00:13:01Z,2026-06-09T04:38:14Z,4.42
HS2 9RF,SHEPD,HV,1,TJ1096,138,2026-06-09T00:13:01Z,2026-06-09T04:38:14Z,4.42
HS2 9RG,SHEPD,HV,1,TJ1096,138,2026-06-09T00:13:01Z,2026-06-09T04:38:14Z,4.42
BH15 4PA,SEPD,LV,1,TH5962,51,2026-06-04T19:38:35Z,2026-06-04T23:57:17Z,4.31
BH15 4PB,SEPD,LV,1,TH5962,51,2026-06-04T19:38:35Z,2026-06-04T23:57:17Z,4.31
BH15 4PD,SEPD,LV,1,TH5962,51,2026-06-04T19:38:35Z,2026-06-04T23:57:17Z,4.31
BH15 4PE,SEPD,LV,1,TH5962,51,2026-06-04T19:38:35Z,2026-06-04T23:57:17Z,4.31
BH15 4PP,SEPD,LV,1,TH5962,51,2026-06-04T19:38:35Z,2026-06-04T23:57:17Z,4.31
BH15 4PS,SEPD,LV,1,TH5962,51,2026-06-04T19:38:35Z,2026-06-04T23:57:17Z,4.31
BH15 4QE,SEPD,LV,1,TH5962,51,2026-06-04T19:38:35Z,2026-06-04T23:57:17Z,4.31
BH15 4QG,SEPD,LV,1,TH5962,51,2026-06-04T19:38:35Z,2026-06-04T23:57:17Z,4.31
BH15 4QQ,SEPD,LV,1,TH5962,51,2026-06-04T19:38:35Z,2026-06-04T23:57:17Z,4.31
PH34 4EX,SHEPD,PSI,1,251835,2,2026-06-04T19:38:35Z,2026-06-04T23:57:17Z,4.31
PO18 9DJ,SEPD,HV,2,"TH7923,TH7941",11286,2026-06-06T16:03:38Z,2026-06-06T20:17:04Z,4.22
PO20 0AD,SEPD,HV,2,"TH7923,TH7941",11286,2026-06-06T16:03:38Z,2026-06-06T20:17:04Z,4.22
PO20 0AG,SEPD,HV,2,"TH7923,TH7941",11286,2026-06-06T16:03:38Z,2026-06-06T20:17:04Z,4.22
PO20 0AP,SEPD,HV,2,"TH7923,TH7941",11286,2026-06-06T16:03:38Z,2026-06-06T20:17:04Z,4.22
PO20 0BG,SEPD,HV,2,"TH7923,TH7941",11286,2026-06-06T16:03:38Z,2026-06-06T20:17:04Z,4.22
PO20 0FP,SEPD,HV,2,"TH7923,TH7941",11286,2026-06-06T16:03:38Z,2026-06-06T20:17:04Z,4.22
PO20 0JS,SEPD,HV,2,"TH7923,TH7941",11286,2026-06-06T16:03:38Z,2026-06-06T20:17:04Z,4.22
PO20 0LG,SEPD,HV,2,"TH7923,TH7941",11286,2026-06-06T16:03:38Z,2026-06-06T20:17:04Z,4.22
PO20 0QH,SEPD,HV,2,"TH7923,TH7941",11286,2026-06-06T16:03:38Z,2026-06-06T20:17:04Z,4.22
PO20 0QJ,SEPD,HV,2,"TH7923,TH7941",11286,2026-06-06T16:03:38Z,2026-06-06T20:17:04Z,4.22
PO20 0QP,SEPD,HV,2,"TH7923,TH7941",11286,2026-06-06T16:03:38Z,2026-06-06T20:17:04Z,4.22
PO20 7JP,SEPD,HV,2,"TH7923,TH7941",11286,2026-06-06T16:03:38Z,2026-06-06T20:17:04Z,4.22
PO20 7JW,SEPD,HV,2,"TH7923,TH7941",11286,2026-06-06T16:03:38Z,2026-06-06T20:17:04Z,4.22
PO20 7NU,SEPD,HV,2,"TH7923,TH7941",11286,2026-06-06T16:03:38Z,2026-06-06T20:17:04Z,4.22
PO20 7PA,SEPD,HV,2,"TH7923,TH7941",11286,2026-06-06T16:03:38Z,2026-06-06T20:17:04Z,4.22
PO20 8AQ,SEPD,HV,2,"TH7923,TH7941",11286,2026-06-06T16:03:38Z,2026-06-06T20:17:04Z,4.22
PO20 8FB,SEPD,HV,2,"TH7923,TH7941",11286,2026-06-06T16:03:38Z,2026-06-06T20:17:04Z,4.22
PO20 8FD,SEPD,HV,2,"TH7923,TH7941",11286,2026-06-06T16:03:38Z,2026-06-06T20:17:04Z,4.22
PO20 8FE,SEPD,HV,2,"TH7923,TH7941",11286,2026-06-06T16:03:38Z,2026-06-06T20:17:04Z,4.22
PO20 8FF,SEPD,HV,2,"TH7923,TH7941",11286,2026-06-06T16:03:38Z,2026-06-06T20:17:04Z,4.22
PO20 8FH,SEPD,HV,2,"TH7923,TH7941",11286,2026-06-06T16:03:38Z,2026-06-06T20:17:04Z,4.22
PO20 8JP,SEPD,HV,2,"TH7923,TH7941",11286,2026-06-06T16:03:38Z,2026-06-06T20:17:04Z,4.22
PO20 8JR,SEPD,HV,2,"TH7923,TH7941",11286,2026-06-06T16:03:38Z,2026-06-06T20:17:04Z,4.22
PO20 8JT,SEPD,HV,2,"TH7923,TH7941",11286,2026-06-06T16:03:38Z,2026-06-06T20:17:04Z,4.22
PO20 8JW,SEPD,HV,2,"TH7923,TH7941",11286,2026-06-06T16:03:38Z,2026-06-06T20:17:04Z,4.22
PO20 8JY,SEPD,HV,2,"TH7923,TH7941",11286,2026-06-06T16:03:38Z,2026-06-06T20:17:04Z,4.22
PO20 8JZ,SEPD,HV,2,"TH7923,TH7941",11286,2026-06-06T16:03:38Z,2026-06-06T20:17:04Z,4.22
PO20 8PF,SEPD,HV,2,"TH7923,TH7941",11286,2026-06-06T16:03:38Z,2026-06-06T20:17:04Z,4.22
PO20 8QR,SEPD,HV,2,"TH7923,TH7941",11286,2026-06-06T16:03:38Z,2026-06-06T20:17:04Z,4.22
PO20 8QU,SEPD,HV,2,"TH7923,TH7941",11286,2026-06-06T16:03:38Z,2026-06-06T20:17:04Z,4.22
PO20 8QY,SEPD,HV,2,"TH7923,TH7941",11286,2026-06-06T16:03:38Z,2026-06-06T20:17:04Z,4.22
PO20 8RG,SEPD,HV,2,"TH7923,TH7941",11286,2026-06-06T16:03:38Z,2026-06-06T20:17:04Z,4.22
PO20 8RH,SEPD,HV,2,"TH7923,TH7941",11286,2026-06-06T16:03:38Z,2026-06-06T20:17:04Z,4.22
PO20 8RN,SEPD,HV,2,"TH7923,TH7941",11286,2026-06-06T16:03:38Z,2026-06-06T20:17:04Z,4.22
PO20 8RQ,SEPD,HV,2,"TH7923,TH7941",11286,2026-06-06T16:03:38Z,2026-06-06T20:17:04Z,4.22
PO20 8RW,SEPD,HV,2,"TH7923,TH7941",11286,2026-06-06T16:03:38Z,2026-06-06T20:17:04Z,4.22
PO20 8SB,SEPD,HV,2,"TH7923,TH7941",11286,2026-06-06T16:03:38Z,2026-06-06T20:17:04Z,4.22
PO20 9AB,SEPD,HV,2,"TH7923,TH7941",11286,2026-06-06T16:03:38Z,2026-06-06T20:17:04Z,4.22
PO20 9AD,SEPD,HV,2,"TH7923,TH7941",11286,2026-06-06T16:03:38Z,2026-06-06T20:17:04Z,4.22
PO20 9AE,SEPD,HV,2,"TH7923,TH7941",11286,2026-06-06T16:03:38Z,2026-06-06T20:17:04Z,4.22
PO20 9AF,SEPD,HV,2,"TH7923,TH7941",11286,2026-06-06T16:03:38Z,2026-06-06T20:17:04Z,4.22
PO20 9AG,SEPD,HV,2,"TH7923,TH7941",11286,2026-06-06T16:03:38Z,2026-06-06T20:17:04Z,4.22
PO20 9AH,SEPD,HV,2,"TH7923,TH7941",11286,2026-06-06T16:03:38Z,2026-06-06T20:17:04Z,4.22
PO20 9AL,SEPD,HV,2,"TH7923,TH7941",11286,2026-06-06T16:03:38Z,2026-06-06T20:17:04Z,4.22
PO20 9AP,SEPD,HV,2,"TH7923,TH7941",11286,2026-06-06T16:03:38Z,2026-06-06T20:17:04Z,4.22
PO20 9AQ,SEPD,HV,2,"TH7923,TH7941",11286,2026-06-06T16:03:38Z,2026-06-06T20:17:04Z,4.22
PO20 9AR,SEPD,HV,2,"TH7923,TH7941",11286,2026-06-06T16:03:38Z,2026-06-06T20:17:04Z,4.22
PO20 9AS,SEPD,HV,2,"TH7923,TH7941",11286,2026-06-06T16:03:38Z,2026-06-06T20:17:04Z,4.22
PO20 9AT,SEPD,HV,2,"TH7923,TH7941",11286,2026-06-06T16:03:38Z,2026-06-06T20:17:04Z,4.22
PO20 9AU,SEPD,HV,2,"TH7923,TH7941",11286,2026-06-06T16:03:38Z,2026-06-06T20:17:04Z,4.22
PO20 9AY,SEPD,HV,2,"TH7923,TH7941",11286,2026-06-06T16:03:38Z,2026-06-06T20:17:04Z,4.22
PO20 9BD,SEPD,HV,2,"TH7923,TH7941",11286,2026-06-06T16:03:38Z,2026-06-06T20:17:04Z,4.22
PO20 9BE,SEPD,HV,2,"TH7923,TH7941",11286,2026-06-06T16:03:38Z,2026-06-06T20:17:04Z,4.22
PO20 9BG,SEPD,HV,2,"TH7923,TH7941",11286,2026-06-06T16:03:38Z,2026-06-06T20:17:04Z,4.22
PO20 9BH,SEPD,HV,2,"TH7923,TH7941",11286,2026-06-06T16:03:38Z,2026-06-06T20:17:04Z,4.22
PO20 9BJ,SEPD,HV,2,"TH7923,TH7941",11286,2026-06-06T16:03:38Z,2026-06-06T20:17:04Z,4.22
PO20 9BL,SEPD,HV,2,"TH7923,TH7941",11286,2026-06-06T16:03:38Z,2026-06-06T20:17:04Z,4.22
PO20 9BP,SEPD,HV,2,"TH7923,TH7941",11286,2026-06-06T16:03:38Z,2026-06-06T20:17:04Z,4.22
PO20 9BQ,SEPD,HV,2,"TH7923,TH7941",11286,2026-06-06T16:03:38Z,2026-06-06T20:17:04Z,4.22
PO20 9BU,SEPD,HV,2,"TH7923,TH7941",11286,2026-06-06T16:03:38Z,2026-06-06T20:17:04Z,4.22
PO20 9BX,SEPD,HV,2,"TH7923,TH7941",11286,2026-06-06T16:03:38Z,2026-06-06T20:17:04Z,4.22
PO20 9BY,SEPD,HV,2,"TH7923,TH7941",11286,2026-06-06T16:03:38Z,2026-06-06T20:17:04Z,4.22
PO20 9BZ,SEPD,HV,2,"TH7923,TH7941",11286,2026-06-06T16:03:38Z,2026-06-06T20:17:04Z,4.22
PO20 9DA,SEPD,HV,2,"TH7923,TH7941",11286,2026-06-06T16:03:38Z,2026-06-06T20:17:04Z,4.22
PO20 9DD,SEPD,HV,2,"TH7923,TH7941",11286,2026-06-06T16:03:38Z,2026-06-06T20:17:04Z,4.22
PO20 9DE,SEPD,HV,2,"TH7923,TH7941",11286,2026-06-06T16:03:38Z,2026-06-06T20:17:04Z,4.22
PO20 9DF,SEPD,HV,2,"TH7923,TH7941",11286,2026-06-06T16:03:38Z,2026-06-06T20:17:04Z,4.22
PO20 9DG,SEPD,HV,2,"TH7923,TH7941",11286,2026-06-06T16:03:38Z,2026-06-06T20:17:04Z,4.22
PO20 9DH,SEPD,HV,2,"TH7923,TH7941",11286,2026-06-06T16:03:38Z,2026-06-06T20:17:04Z,4.22
PO20 9DJ,SEPD,HV,2,"TH7923,TH7941",11286,2026-06-06T16:03:38Z,2026-06-06T20:17:04Z,4.22
PO20 9DL,SEPD,HV,2,"TH7923,TH7941",11286,2026-06-06T16:03:38Z,2026-06-06T20:17:04Z,4.22
PO20 9DQ,SEPD,HV,2,"TH7923,TH7941",11286,2026-06-06T16:03:38Z,2026-06-06T20:17:04Z,4.22
PO20 9DW,SEPD,HV,2,"TH7923,TH7941",11286,2026-06-06T16:03:38Z,2026-06-06T20:17:04Z,4.22
PO20 9EE,SEPD,HV,2,"TH7923,TH7941",11286,2026-06-06T16:03:38Z,2026-06-06T20:17:04Z,4.22
PO20 9EH,SEPD,HV,2,"TH7923,TH7941",11286,2026-06-06T16:03:38Z,2026-06-06T20:17:04Z,4.22
PO20 9EP,SEPD,HV,2,"TH7923,TH7941",11286,2026-06-06T16:03:38Z,2026-06-06T20:17:04Z,4.22
PO20 9ER,SEPD,HV,2,"TH7923,TH7941",11286,2026-06-06T16:03:38Z,2026-06-06T20:17:04Z,4.22
PO20 9ET,SEPD,HV,2,"TH7923,TH7941",11286,2026-06-06T16:03:38Z,2026-06-06T20:17:04Z,4.22
PO20 9EU,SEPD,HV,2,"TH7923,TH7941",11286,2026-06-06T16:03:38Z,2026-06-06T20:17:04Z,4.22
PO20 9EX,SEPD,HV,2,"TH7923,TH7941",11286,2026-06-06T16:03:38Z,2026-06-06T20:17:04Z,4.22
PO20 9EY,SEPD,HV,2,"TH7923,TH7941",11286,2026-06-06T16:03:38Z,2026-06-06T20:17:04Z,4.22
PO20 9EZ,SEPD,HV,2,"TH7923,TH7941",11286,2026-06-06T16:03:38Z,2026-06-06T20:17:04Z,4.22
PO20 9HA,SEPD,HV,2,"TH7923,TH7941",11286,2026-06-06T16:03:38Z,2026-06-06T20:17:04Z,4.22
PO20 9HD,SEPD,HV,2,"TH7923,TH7941",11286,2026-06-06T16:03:38Z,2026-06-06T20:17:04Z,4.22
PO20 9HJ,SEPD,HV,2,"TH7923,TH7941",11286,2026-06-06T16:03:38Z,2026-06-06T20:17:04Z,4.22
PO20 9HL,SEPD,HV,2,"TH7923,TH7941",11286,2026-06-06T16:03:38Z,2026-06-06T20:17:04Z,4.22
PO20 9HR,SEPD,HV,2,"TH7923,TH7941",11286,2026-06-06T16:03:38Z,2026-06-06T20:17:04Z,4.22
PO20 9HT,SEPD,HV,2,"TH7923,TH7941",11286,2026-06-06T16:03:38Z,2026-06-06T20:17:04Z,4.22
PO20 9JA,SEPD,HV,2,"TH7923,TH7941",11286,2026-06-06T16:03:38Z,2026-06-06T20:17:04Z,4.22
PO20 9JB,SEPD,HV,2,"TH7923,TH7941",11286,2026-06-06T16:03:38Z,2026-06-06T20:17:04Z,4.22
PO20 9JD,SEPD,HV,2,"TH7923,TH7941",11286,2026-06-06T16:03:38Z,2026-06-06T20:17:04Z,4.22
PO20 9JN,SEPD,HV,2,"TH7923,TH7941",11286,2026-06-06T16:03:38Z,2026-06-06T20:17:04Z,4.22
PO20 9JP,SEPD,HV,2,"TH7923,TH7941",11286,2026-06-06T16:03:38Z,2026-06-06T20:17:04Z,4.22
PO20 9JW,SEPD,HV,2,"TH7923,TH7941",11286,2026-06-06T16:03:38Z,2026-06-06T20:17:04Z,4.22
AB38 9SP,SHEPD,PSI,1,251364,33,2026-06-08T09:52:09Z,2026-06-08T14:00:30Z,4.14
AB38 9SQ,SHEPD,PSI,1,251364,33,2026-06-08T09:52:09Z,2026-06-08T14:00:30Z,4.14
AB51 7JB,SHEPD,PSI,1,249845,4,2026-06-08T09:52:09Z,2026-06-08T14:00:30Z,4.14
FK14 7JY,SHEPD,PSI,1,251127,6,2026-06-08T09:52:09Z,2026-06-08T14:00:30Z,4.14
IV2 4QA,SHEPD,PSI,1,251885,2,2026-06-08T09:52:09Z,2026-06-08T14:00:30Z,4.14
OX25 6JF,SEPD,PSI,1,251540,85,2026-06-08T09:52:09Z,2026-06-08T14:00:30Z,4.14
OX25 6JG,SEPD,PSI,1,251540,85,2026-06-08T09:52:09Z,2026-06-08T14:00:30Z,4.14
OX25 6JH,SEPD,PSI,1,251540,85,2026-06-08T09:52:09Z,2026-06-08T14:00:30Z,4.14
OX25 6JJ,SEPD,PSI,1,251540,85,2026-06-08T09:52:09Z,2026-06-08T14:00:30Z,4.14
OX25 6JL,SEPD,PSI,1,251540,85,2026-06-08T09:52:09Z,2026-06-08T14:00:30Z,4.14
OX25 6JQ,SEPD,PSI,1,251540,85,2026-06-08T09:52:09Z,2026-06-08T14:00:30Z,4.14
OX7 5YP,SEPD,PSI,1,251496,11,2026-06-08T09:52:09Z,2026-06-08T14:00:30Z,4.14
RG20 7AD,SEPD,PSI,1,251118,74,2026-06-08T09:52:09Z,2026-06-08T14:00:30Z,4.14
RG20 7AE,SEPD,PSI,1,251118,74,2026-06-08T09:52:09Z,2026-06-08T14:00:30Z,4.14
RG20 7AG,SEPD,PSI,1,251118,74,2026-06-08T09:52:09Z,2026-06-08T14:00:30Z,4.14
RG20 7DJ,SEPD,PSI,1,251118,74,2026-06-08T09:52:09Z,2026-06-08T14:00:30Z,4.14
RG20 7HZ,SEPD,PSI,1,251118,74,2026-06-08T09:52:09Z,2026-06-08T14:00:30Z,4.14
RG20 7JZ,SEPD,PSI,1,251118,74,2026-06-08T09:52:09Z,2026-06-08T14:00:30Z,4.14
RG20 7LE,SEPD,PSI,1,251118,74,2026-06-08T09:52:09Z,2026-06-08T14:00:30Z,4.14
RG20 7LG,SEPD,PSI,1,251118,74,2026-06-08T09:52:09Z,2026-06-08T14:00:30Z,4.14
RG20 7LU,SEPD,PSI,1,251118,74,2026-06-08T09:52:09Z,2026-06-08T14:00:30Z,4.14
RG20 7LX,SEPD,PSI,1,251118,74,2026-06-08T09:52:09Z,2026-06-08T14:00:30Z,4.14
RG20 7NA,SEPD,PSI,1,251118,74,2026-06-08T09:52:09Z,2026-06-08T14:00:30Z,4.14
RG6 4HN,SEPD,PSI,1,252061,13,2026-06-08T09:52:09Z,2026-06-08T14:00:30Z,4.14
SO31 9FF,SEPD,PSI,1,249882,35,2026-06-08T09:52:09Z,2026-06-08T14:00:30Z,4.14
SO31 9HN,SEPD,PSI,1,249882,35,2026-06-08T09:52:09Z,2026-06-08T14:00:30Z,4.14
SO31 9HP,SEPD,PSI,1,249882,35,2026-06-08T09:52:09Z,2026-06-08T14:00:30Z,4.14
SO31 9HR,SEPD,PSI,1,249882,35,2026-06-08T09:52:09Z,2026-06-08T14:00:30Z,4.14
SO31 9HT,SEPD,PSI,1,249882,35,2026-06-08T09:52:09Z,2026-06-08T14:00:30Z,4.14
SO31 9LD,SEPD,PSI,1,249882,35,2026-06-08T09:52:09Z,2026-06-08T14:00:30Z,4.14
SP5 4EN,SEPD,PSI,1,251274,44,2026-06-08T09:52:09Z,2026-06-08T14:00:30Z,4.14
SP5 4EP,SEPD,PSI,1,251274,44,2026-06-08T09:52:09Z,2026-06-08T14:00:30Z,4.14
SP5 4EQ,SEPD,PSI,1,251274,44,2026-06-08T09:52:09Z,2026-06-08T14:00:30Z,4.14
SP5 4ER,SEPD,PSI,1,251274,44,2026-06-08T09:52:09Z,2026-06-08T14:00:30Z,4.14
SP5 4ES,SEPD,PSI,1,251274,44,2026-06-08T09:52:09Z,2026-06-08T14:00:30Z,4.14
SP5 4EU,SEPD,PSI,1,251274,44,2026-06-08T09:52:09Z,2026-06-08T14:00:30Z,4.14
SP5 4EW,SEPD,PSI,1,251274,44,2026-06-08T09:52:09Z,2026-06-08T14:00:30Z,4.14
SP5 4EX,SEPD,PSI,1,251274,44,2026-06-08T09:52:09Z,2026-06-08T14:00:30Z,4.14
SP5 4EY,SEPD,PSI,1,251274,44,2026-06-08T09:52:09Z,2026-06-08T14:00:30Z,4.14
GL5 4BQ,SEPD,HV,1,TH7049,288,2026-06-05T16:44:20Z,2026-06-05T20:46:32Z,4.04
GL54 4BA,SEPD,HV,1,TH7049,288,2026-06-05T16:44:20Z,2026-06-05T20:46:32Z,4.04
GL54 4BB,SEPD,HV,1,TH7049,288,2026-06-05T16:44:20Z,2026-06-05T20:46:32Z,4.04
GL54 4BD,SEPD,HV,1,TH7049,288,2026-06-05T16:44:20Z,2026-06-05T20:46:32Z,4.04
GL54 4BE,SEPD,HV,1,TH7049,288,2026-06-05T16:44:20Z,2026-06-05T20:46:32Z,4.04
GL54 4BG,SEPD,HV,1,TH7049,288,2026-06-05T16:44:20Z,2026-06-05T20:46:32Z,4.04
GL54 4BN,SEPD,HV,1,TH7049,288,2026-06-05T16:44:20Z,2026-06-05T20:46:32Z,4.04
GL54 4BP,SEPD,HV,1,TH7049,288,2026-06-05T16:44:20Z,2026-06-05T20:46:32Z,4.04
GL54 4BQ,SEPD,HV,1,TH7049,288,2026-06-05T16:44:20Z,2026-06-05T20:46:32Z,4.04
GL54 4BS,SEPD,HV,1,TH7049,288,2026-06-05T16:44:20Z,2026-06-05T20:46:32Z,4.04
GL54 4BW,SEPD,HV,1,TH7049,288,2026-06-05T16:44:20Z,2026-06-05T20:46:32Z,4.04
GL54 4BY,SEPD,HV,1,TH7049,288,2026-06-05T16:44:20Z,2026-06-05T20:46:32Z,4.04
GL54 4DA,SEPD,HV,1,TH7049,288,2026-06-05T16:44:20Z,2026-06-05T20:46:32Z,4.04
GL54 4DB,SEPD,HV,1,TH7049,288,2026-06-05T16:44:20Z,2026-06-05T20:46:32Z,4.04
GL54 4DD,SEPD,HV,1,TH7049,288,2026-06-05T16:44:20Z,2026-06-05T20:46:32Z,4.04
GL54 4DE,SEPD,HV,1,TH7049,288,2026-06-05T16:44:20Z,2026-06-05T20:46:32Z,4.04
GL54 4DF,SEPD,HV,1,TH7049,288,2026-06-05T16:44:20Z,2026-06-05T20:46:32Z,4.04
GL54 4DG,SEPD,HV,1,TH7049,288,2026-06-05T16:44:20Z,2026-06-05T20:46:32Z,4.04
GL54 4DN,SEPD,HV,1,TH7049,288,2026-06-05T16:44:20Z,2026-06-05T20:46:32Z,4.04
GL54 4DP,SEPD,HV,1,TH7049,288,2026-06-05T16:44:20Z,2026-06-05T20:46:32Z,4.04
GL54 4DR,SEPD,HV,1,TH7049,288,2026-06-05T16:44:20Z,2026-06-05T20:46:32Z,4.04
GL54 4DS,SEPD,HV,1,TH7049,288,2026-06-05T16:44:20Z,2026-06-05T20:46:32Z,4.04
GL54 4DT,SEPD,HV,1,TH7049,288,2026-06-05T16:44:20Z,2026-06-05T20:46:32Z,4.04
GL54 4DU,SEPD,HV,1,TH7049,288,2026-06-05T16:44:20Z,2026-06-05T20:46:32Z,4.04
GL54 4DW,SEPD,HV,1,TH7049,288,2026-06-05T16:44:20Z,2026-06-05T20:46:32Z,4.04
SO41 5SP,SEPD,HV,3,"TH4076,TH4215,TH7879",235,2026-06-03T21:56:18Z,2026-06-06T18:53:35Z,4.0
GU33 7QF,SEPD,"LV,HV",2,"TH8197,TH8687",174,2026-06-06T17:34:39Z,2026-06-06T23:44:50Z,3.97
GU33 7QG,SEPD,"LV,HV",2,"TH8197,TH8687",174,2026-06-06T17:34:39Z,2026-06-06T23:44:50Z,3.97
GU33 7QH,SEPD,"LV,HV",2,"TH8197,TH8687",174,2026-06-06T17:34:39Z,2026-06-06T23:44:50Z,3.97
GU33 7QQ,SEPD,"LV,HV",2,"TH8197,TH8687",174,2026-06-06T17:34:39Z,2026-06-06T23:44:50Z,3.97
GU33 7QR,SEPD,"LV,HV",2,"TH8197,TH8687",174,2026-06-06T17:34:39Z,2026-06-06T23:44:50Z,3.97
AB52 6QU,SHEPD,LV,1,TH8207,4,2026-06-06T17:34:39Z,2026-06-06T21:33:01Z,3.97
SP2 7SU,SEPD,PSI,1,251771,42,2026-06-07T16:40:31Z,2026-06-07T20:38:04Z,3.96
SP4 0JF,SEPD,PSI,1,251771,42,2026-06-07T16:40:31Z,2026-06-07T20:38:04Z,3.96
SP4 7AU,SEPD,PSI,1,251771,42,2026-06-07T16:40:31Z,2026-06-07T20:38:04Z,3.96
SP4 7RX,SEPD,PSI,1,251771,42,2026-06-07T16:40:31Z,2026-06-07T20:38:04Z,3.96
SP4 7SD,SEPD,PSI,1,251771,42,2026-06-07T16:40:31Z,2026-06-07T20:38:04Z,3.96
BA14 6AX,SEPD,LV,1,TH3324,2,2026-06-03T15:02:39Z,2026-06-03T18:55:31Z,3.88
BH6 5BL,SEPD,LV,1,TH3075,17,2026-06-03T15:02:39Z,2026-06-03T18:55:31Z,3.88
BH6 5BN,SEPD,LV,1,TH3075,17,2026-06-03T15:02:39Z,2026-06-03T18:55:31Z,3.88
BH6 5DW,SEPD,LV,1,TH3075,17,2026-06-03T15:02:39Z,2026-06-03T18:55:31Z,3.88
BH6 5JJ,SEPD,LV,1,TH3075,17,2026-06-03T15:02:39Z,2026-06-03T18:55:31Z,3.88
BH6 5NA,SEPD,LV,1,TH3075,17,2026-06-03T15:02:39Z,2026-06-03T18:55:31Z,3.88
GU10 5NT,SEPD,LV,1,TH3774,58,2026-06-03T15:02:39Z,2026-06-03T18:55:31Z,3.88
GU10 5NU,SEPD,LV,1,TH3774,58,2026-06-03T15:02:39Z,2026-06-03T18:55:31Z,3.88
GU10 5NX,SEPD,LV,1,TH3774,58,2026-06-03T15:02:39Z,2026-06-03T18:55:31Z,3.88
GU10 5NY,SEPD,LV,1,TH3774,58,2026-06-03T15:02:39Z,2026-06-03T18:55:31Z,3.88
GU10 5PD,SEPD,LV,1,TH3774,58,2026-06-03T15:02:39Z,2026-06-03T18:55:31Z,3.88
GU10 5PN,SEPD,LV,1,TH3774,58,2026-06-03T15:02:39Z,2026-06-03T18:55:31Z,3.88
GU10 5PP,SEPD,LV,1,TH3774,58,2026-06-03T15:02:39Z,2026-06-03T18:55:31Z,3.88
GU10 5PR,SEPD,LV,1,TH3774,58,2026-06-03T15:02:39Z,2026-06-03T18:55:31Z,3.88
GU10 5PW,SEPD,LV,1,TH3774,58,2026-06-03T15:02:39Z,2026-06-03T18:55:31Z,3.88
GU10 5QF,SEPD,LV,1,TH3774,58,2026-06-03T15:02:39Z,2026-06-03T18:55:31Z,3.88
GU10 5QG,SEPD,LV,1,TH3774,58,2026-06-03T15:02:39Z,2026-06-03T18:55:31Z,3.88
GU10 5QH,SEPD,LV,1,TH3774,58,2026-06-03T15:02:39Z,2026-06-03T18:55:31Z,3.88
GU10 5QL,SEPD,LV,1,TH3774,58,2026-06-03T15:02:39Z,2026-06-03T18:55:31Z,3.88
GU10 5QP,SEPD,LV,1,TH3774,58,2026-06-03T15:02:39Z,2026-06-03T18:55:31Z,3.88
GU10 5QQ,SEPD,LV,1,TH3774,58,2026-06-03T15:02:39Z,2026-06-03T18:55:31Z,3.88
GU10 5QR,SEPD,LV,1,TH3774,58,2026-06-03T15:02:39Z,2026-06-03T18:55:31Z,3.88
GU10 5QS,SEPD,LV,1,TH3774,58,2026-06-03T15:02:39Z,2026-06-03T18:55:31Z,3.88
GU10 5QT,SEPD,LV,1,TH3774,58,2026-06-03T15:02:39Z,2026-06-03T18:55:31Z,3.88
GU10 5QU,SEPD,LV,1,TH3774,58,2026-06-03T15:02:39Z,2026-06-03T18:55:31Z,3.88
GU10 5QX,SEPD,LV,1,TH3774,58,2026-06-03T15:02:39Z,2026-06-03T18:55:31Z,3.88
GU10 5QY,SEPD,LV,1,TH3774,58,2026-06-03T15:02:39Z,2026-06-03T18:55:31Z,3.88
GU10 5QZ,SEPD,LV,1,TH3774,58,2026-06-03T15:02:39Z,2026-06-03T18:55:31Z,3.88
GU10 5RG,SEPD,LV,1,TH3774,58,2026-06-03T15:02:39Z,2026-06-03T18:55:31Z,3.88
BA11 5AH,SEPD,LV,1,TH4361,5,2026-06-03T23:53:04Z,2026-06-04T03:31:03Z,3.63
GU28 0AE,SEPD,HV,1,TH9224,15,2026-06-07T13:09:19Z,2026-06-07T16:40:31Z,3.52
GU28 9LU,SEPD,HV,1,TH9224,15,2026-06-07T13:09:19Z,2026-06-07T16:40:31Z,3.52
GU28 9LX,SEPD,HV,1,TH9224,15,2026-06-07T13:09:19Z,2026-06-07T16:40:31Z,3.52
GU28 9NB,SEPD,HV,1,TH9224,15,2026-06-07T13:09:19Z,2026-06-07T16:40:31Z,3.52
OX1 4NA,SEPD,LV,1,TH4749,14,2026-06-08T14:00:30Z,2026-06-08T17:26:59Z,3.44
OX1 4NY,SEPD,LV,1,TH4749,14,2026-06-08T14:00:30Z,2026-06-08T17:26:59Z,3.44
OX1 4QE,SEPD,LV,1,TH4749,14,2026-06-08T14:00:30Z,2026-06-08T17:26:59Z,3.44
OX1 4QF,SEPD,LV,1,TH4749,14,2026-06-08T14:00:30Z,2026-06-08T17:26:59Z,3.44
FK8 3TF,SHEPD,PSI,1,251790,9,2026-06-07T09:51:01Z,2026-06-07T13:09:19Z,3.3
FK8 3XL,SHEPD,PSI,1,251790,9,2026-06-07T09:51:01Z,2026-06-07T13:09:19Z,3.3
SP11 0QL,SEPD,HV,1,TH8883,68,2026-06-07T09:51:01Z,2026-06-07T13:09:19Z,3.3
SP11 0QQ,SEPD,HV,1,TH8883,68,2026-06-07T09:51:01Z,2026-06-07T13:09:19Z,3.3
SP11 0QW,SEPD,HV,1,TH8883,68,2026-06-07T09:51:01Z,2026-06-07T13:09:19Z,3.3
SP11 0SL,SEPD,HV,1,TH8883,68,2026-06-07T09:51:01Z,2026-06-07T13:09:19Z,3.3
SP11 0SN,SEPD,HV,1,TH8883,68,2026-06-07T09:51:01Z,2026-06-07T13:09:19Z,3.3
SP11 0SW,SEPD,HV,1,TH8883,68,2026-06-07T09:51:01Z,2026-06-07T13:09:19Z,3.3
SP11 9AE,SEPD,HV,1,TH8883,68,2026-06-07T09:51:01Z,2026-06-07T13:09:19Z,3.3
SP11 9BB,SEPD,HV,1,TH8883,68,2026-06-07T09:51:01Z,2026-06-07T13:09:19Z,3.3
SP11 9BD,SEPD,HV,1,TH8883,68,2026-06-07T09:51:01Z,2026-06-07T13:09:19Z,3.3
SP11 9HL,SEPD,HV,1,TH8883,68,2026-06-07T09:51:01Z,2026-06-07T13:09:19Z,3.3
SP11 9HN,SEPD,HV,1,TH8883,68,2026-06-07T09:51:01Z,2026-06-07T13:09:19Z,3.3
SP11 9HP,SEPD,HV,1,TH8883,68,2026-06-07T09:51:01Z,2026-06-07T13:09:19Z,3.3
SP11 9HQ,SEPD,HV,1,TH8883,68,2026-06-07T09:51:01Z,2026-06-07T13:09:19Z,3.3
SP11 9HR,SEPD,HV,1,TH8883,68,2026-06-07T09:51:01Z,2026-06-07T13:09:19Z,3.3
SP11 9HS,SEPD,HV,1,TH8883,68,2026-06-07T09:51:01Z,2026-06-07T13:09:19Z,3.3
SP11 9HT,SEPD,HV,1,TH8883,68,2026-06-07T09:51:01Z,2026-06-07T13:09:19Z,3.3
SP11 9HU,SEPD,HV,1,TH8883,68,2026-06-07T09:51:01Z,2026-06-07T13:09:19Z,3.3
SP11 9HW,SEPD,HV,1,TH8883,68,2026-06-07T09:51:01Z,2026-06-07T13:09:19Z,3.3
SP11 9HX,SEPD,HV,1,TH8883,68,2026-06-07T09:51:01Z,2026-06-07T13:09:19Z,3.3
SP11 9HY,SEPD,HV,1,TH8883,68,2026-06-07T09:51:01Z,2026-06-07T13:09:19Z,3.3
SP11 9HZ,SEPD,HV,1,TH8883,68,2026-06-07T09:51:01Z,2026-06-07T13:09:19Z,3.3
SP11 9JA,SEPD,HV,1,TH8883,68,2026-06-07T09:51:01Z,2026-06-07T13:09:19Z,3.3
SP11 9JB,SEPD,HV,1,TH8883,68,2026-06-07T09:51:01Z,2026-06-07T13:09:19Z,3.3
SP11 9JD,SEPD,HV,1,TH8883,68,2026-06-07T09:51:01Z,2026-06-07T13:09:19Z,3.3
SP11 9JE,SEPD,HV,1,TH8883,68,2026-06-07T09:51:01Z,2026-06-07T13:09:19Z,3.3
GL54 2LF,SEPD,"PSI,HV",2,"251067,TH4515",359,2026-06-03T10:04:32Z,2026-06-04T11:24:55Z,3.29
GL54,SEPD,HV,1,TH4515,261,2026-06-04T08:07:26Z,2026-06-04T11:24:55Z,3.29
GL54 2AA,SEPD,HV,1,TH4515,261,2026-06-04T08:07:26Z,2026-06-04T11:24:55Z,3.29
GL54 2AD,SEPD,HV,1,TH4515,261,2026-06-04T08:07:26Z,2026-06-04T11:24:55Z,3.29
GL54 2AE,SEPD,HV,1,TH4515,261,2026-06-04T08:07:26Z,2026-06-04T11:24:55Z,3.29
GL54 2AF,SEPD,HV,1,TH4515,261,2026-06-04T08:07:26Z,2026-06-04T11:24:55Z,3.29
GL54 2AH,SEPD,HV,1,TH4515,261,2026-06-04T08:07:26Z,2026-06-04T11:24:55Z,3.29
GL54 2AJ,SEPD,HV,1,TH4515,261,2026-06-04T08:07:26Z,2026-06-04T11:24:55Z,3.29
GL54 2AL,SEPD,HV,1,TH4515,261,2026-06-04T08:07:26Z,2026-06-04T11:24:55Z,3.29
GL54 2AN,SEPD,HV,1,TH4515,261,2026-06-04T08:07:26Z,2026-06-04T11:24:55Z,3.29
GL54 2AP,SEPD,HV,1,TH4515,261,2026-06-04T08:07:26Z,2026-06-04T11:24:55Z,3.29
GL54 2AQ,SEPD,HV,1,TH4515,261,2026-06-04T08:07:26Z,2026-06-04T11:24:55Z,3.29
GL54 2AR,SEPD,HV,1,TH4515,261,2026-06-04T08:07:26Z,2026-06-04T11:24:55Z,3.29
GL54 2AS,SEPD,HV,1,TH4515,261,2026-06-04T08:07:26Z,2026-06-04T11:24:55Z,3.29
GL54 2AT,SEPD,HV,1,TH4515,261,2026-06-04T08:07:26Z,2026-06-04T11:24:55Z,3.29
GL54 2AU,SEPD,HV,1,TH4515,261,2026-06-04T08:07:26Z,2026-06-04T11:24:55Z,3.29
GL54 2AW,SEPD,HV,1,TH4515,261,2026-06-04T08:07:26Z,2026-06-04T11:24:55Z,3.29
GL54 2AX,SEPD,HV,1,TH4515,261,2026-06-04T08:07:26Z,2026-06-04T11:24:55Z,3.29
GL54 2AY,SEPD,HV,1,TH4515,261,2026-06-04T08:07:26Z,2026-06-04T11:24:55Z,3.29
GL54 2AZ,SEPD,HV,1,TH4515,261,2026-06-04T08:07:26Z,2026-06-04T11:24:55Z,3.29
GL54 2BH,SEPD,HV,1,TH4515,261,2026-06-04T08:07:26Z,2026-06-04T11:24:55Z,3.29
GL54 2BJ,SEPD,HV,1,TH4515,261,2026-06-04T08:07:26Z,2026-06-04T11:24:55Z,3.29
GL54 2BL,SEPD,HV,1,TH4515,261,2026-06-04T08:07:26Z,2026-06-04T11:24:55Z,3.29
GL54 2BN,SEPD,HV,1,TH4515,261,2026-06-04T08:07:26Z,2026-06-04T11:24:55Z,3.29
GL54 2BP,SEPD,HV,1,TH4515,261,2026-06-04T08:07:26Z,2026-06-04T11:24:55Z,3.29
GL54 2BS,SEPD,HV,1,TH4515,261,2026-06-04T08:07:26Z,2026-06-04T11:24:55Z,3.29
GL54 2BT,SEPD,HV,1,TH4515,261,2026-06-04T08:07:26Z,2026-06-04T11:24:55Z,3.29
GL54 2BU,SEPD,HV,1,TH4515,261,2026-06-04T08:07:26Z,2026-06-04T11:24:55Z,3.29
GL54 2BW,SEPD,HV,1,TH4515,261,2026-06-04T08:07:26Z,2026-06-04T11:24:55Z,3.29
GL54 2BX,SEPD,HV,1,TH4515,261,2026-06-04T08:07:26Z,2026-06-04T11:24:55Z,3.29
GL54 2BY,SEPD,HV,1,TH4515,261,2026-06-04T08:07:26Z,2026-06-04T11:24:55Z,3.29
GL54 2BZ,SEPD,HV,1,TH4515,261,2026-06-04T08:07:26Z,2026-06-04T11:24:55Z,3.29
GL54 2DA,SEPD,HV,1,TH4515,261,2026-06-04T08:07:26Z,2026-06-04T11:24:55Z,3.29
GL54 2DB,SEPD,HV,1,TH4515,261,2026-06-04T08:07:26Z,2026-06-04T11:24:55Z,3.29
GL54 2DD,SEPD,HV,1,TH4515,261,2026-06-04T08:07:26Z,2026-06-04T11:24:55Z,3.29
GL54 2DF,SEPD,HV,1,TH4515,261,2026-06-04T08:07:26Z,2026-06-04T11:24:55Z,3.29
GL54 2DG,SEPD,HV,1,TH4515,261,2026-06-04T08:07:26Z,2026-06-04T11:24:55Z,3.29
GL54 2DH,SEPD,HV,1,TH4515,261,2026-06-04T08:07:26Z,2026-06-04T11:24:55Z,3.29
GL54 2DJ,SEPD,HV,1,TH4515,261,2026-06-04T08:07:26Z,2026-06-04T11:24:55Z,3.29
GL54 2DL,SEPD,HV,1,TH4515,261,2026-06-04T08:07:26Z,2026-06-04T11:24:55Z,3.29
GL54 2DN,SEPD,HV,1,TH4515,261,2026-06-04T08:07:26Z,2026-06-04T11:24:55Z,3.29
GL54 2DP,SEPD,HV,1,TH4515,261,2026-06-04T08:07:26Z,2026-06-04T11:24:55Z,3.29
GL54 2DQ,SEPD,HV,1,TH4515,261,2026-06-04T08:07:26Z,2026-06-04T11:24:55Z,3.29
GL54 2DR,SEPD,HV,1,TH4515,261,2026-06-04T08:07:26Z,2026-06-04T11:24:55Z,3.29
GL54 2DS,SEPD,HV,1,TH4515,261,2026-06-04T08:07:26Z,2026-06-04T11:24:55Z,3.29
GL54 2DT,SEPD,HV,1,TH4515,261,2026-06-04T08:07:26Z,2026-06-04T11:24:55Z,3.29
GL54 2DU,SEPD,HV,1,TH4515,261,2026-06-04T08:07:26Z,2026-06-04T11:24:55Z,3.29
GL54 2DW,SEPD,HV,1,TH4515,261,2026-06-04T08:07:26Z,2026-06-04T11:24:55Z,3.29
GL54 2DX,SEPD,HV,1,TH4515,261,2026-06-04T08:07:26Z,2026-06-04T11:24:55Z,3.29
GL54 2DY,SEPD,HV,1,TH4515,261,2026-06-04T08:07:26Z,2026-06-04T11:24:55Z,3.29
GL54 2DZ,SEPD,HV,1,TH4515,261,2026-06-04T08:07:26Z,2026-06-04T11:24:55Z,3.29
GL54 2EA,SEPD,HV,1,TH4515,261,2026-06-04T08:07:26Z,2026-06-04T11:24:55Z,3.29
GL54 2EB,SEPD,HV,1,TH4515,261,2026-06-04T08:07:26Z,2026-06-04T11:24:55Z,3.29
GL54 2EE,SEPD,HV,1,TH4515,261,2026-06-04T08:07:26Z,2026-06-04T11:24:55Z,3.29
GL54 2EF,SEPD,HV,1,TH4515,261,2026-06-04T08:07:26Z,2026-06-04T11:24:55Z,3.29
GL54 2EG,SEPD,HV,1,TH4515,261,2026-06-04T08:07:26Z,2026-06-04T11:24:55Z,3.29
GL54 2EJ,SEPD,HV,1,TH4515,261,2026-06-04T08:07:26Z,2026-06-04T11:24:55Z,3.29
GL54 2EQ,SEPD,HV,1,TH4515,261,2026-06-04T08:07:26Z,2026-06-04T11:24:55Z,3.29
GL54 2ER,SEPD,HV,1,TH4515,261,2026-06-04T08:07:26Z,2026-06-04T11:24:55Z,3.29
GL54 2FA,SEPD,HV,1,TH4515,261,2026-06-04T08:07:26Z,2026-06-04T11:24:55Z,3.29
GL54 2FB,SEPD,HV,1,TH4515,261,2026-06-04T08:07:26Z,2026-06-04T11:24:55Z,3.29
GL54 2FE,SEPD,HV,1,TH4515,261,2026-06-04T08:07:26Z,2026-06-04T11:24:55Z,3.29
GL54 2FG,SEPD,HV,1,TH4515,261,2026-06-04T08:07:26Z,2026-06-04T11:24:55Z,3.29
GL54 2FJ,SEPD,HV,1,TH4515,261,2026-06-04T08:07:26Z,2026-06-04T11:24:55Z,3.29
GL54 2GH,SEPD,HV,1,TH4515,261,2026-06-04T08:07:26Z,2026-06-04T11:24:55Z,3.29
GL54 2LA,SEPD,HV,1,TH4515,261,2026-06-04T08:07:26Z,2026-06-04T11:24:55Z,3.29
GL54 2LE,SEPD,HV,1,TH4515,261,2026-06-04T08:07:26Z,2026-06-04T11:24:55Z,3.29
GL54 2LG,SEPD,HV,1,TH4515,261,2026-06-04T08:07:26Z,2026-06-04T11:24:55Z,3.29
GL54 2LS,SEPD,HV,1,TH4515,261,2026-06-04T08:07:26Z,2026-06-04T11:24:55Z,3.29
GL54 2LU,SEPD,HV,1,TH4515,261,2026-06-04T08:07:26Z,2026-06-04T11:24:55Z,3.29
GL54 2PP,SEPD,HV,1,TH4515,261,2026-06-04T08:07:26Z,2026-06-04T11:24:55Z,3.29
GL54 2PQ,SEPD,HV,1,TH4515,261,2026-06-04T08:07:26Z,2026-06-04T11:24:55Z,3.29
GL54 2PR,SEPD,HV,1,TH4515,261,2026-06-04T08:07:26Z,2026-06-04T11:24:55Z,3.29
GL54 2PS,SEPD,HV,1,TH4515,261,2026-06-04T08:07:26Z,2026-06-04T11:24:55Z,3.29
GL54 2PU,SEPD,HV,1,TH4515,261,2026-06-04T08:07:26Z,2026-06-04T11:24:55Z,3.29
GL54 3BH,SEPD,HV,1,TH4515,261,2026-06-04T08:07:26Z,2026-06-04T11:24:55Z,3.29
AB38 7RB,SHEPD,PSI,1,251351,12,2026-06-05T08:33:42Z,2026-06-05T11:48:52Z,3.25
AB38 9SL,SHEPD,PSI,1,251369,6,2026-06-05T08:33:42Z,2026-06-05T11:48:52Z,3.25
BA10 0JS,SEPD,PSI,1,251834,10,2026-06-05T08:33:42Z,2026-06-05T11:48:52Z,3.25
BA11 5HL,SEPD,PSI,1,251834,10,2026-06-05T08:33:42Z,2026-06-05T11:48:52Z,3.25
BA12 6RJ,SEPD,PSI,1,251834,10,2026-06-05T08:33:42Z,2026-06-05T11:48:52Z,3.25
DD11 4RS,SHEPD,PSI,1,251695,3,2026-06-05T08:33:42Z,2026-06-05T11:48:52Z,3.25
FK15 9NX,SHEPD,PSI,1,250884,26,2026-06-05T08:33:42Z,2026-06-05T11:48:52Z,3.25
FK15 9NY,SHEPD,PSI,1,250884,26,2026-06-05T08:33:42Z,2026-06-05T11:48:52Z,3.25
FK15 9NZ,SHEPD,PSI,1,250884,26,2026-06-05T08:33:42Z,2026-06-05T11:48:52Z,3.25
FK15 9PA,SHEPD,PSI,1,250884,26,2026-06-05T08:33:42Z,2026-06-05T11:48:52Z,3.25
FK15 9PF,SHEPD,PSI,1,250884,26,2026-06-05T08:33:42Z,2026-06-05T11:48:52Z,3.25
FK9 4NG,SHEPD,PSI,1,250884,26,2026-06-05T08:33:42Z,2026-06-05T11:48:52Z,3.25
HP15 6EB,SEPD,HV,1,TH6185,65,2026-06-05T08:33:42Z,2026-06-05T11:48:52Z,3.25
HP15 6ED,SEPD,HV,1,TH6185,65,2026-06-05T08:33:42Z,2026-06-05T11:48:52Z,3.25
HP15 6EE,SEPD,HV,1,TH6185,65,2026-06-05T08:33:42Z,2026-06-05T11:48:52Z,3.25
HP15 6EG,SEPD,HV,1,TH6185,65,2026-06-05T08:33:42Z,2026-06-05T11:48:52Z,3.25
HP15 6EJ,SEPD,HV,1,TH6185,65,2026-06-05T08:33:42Z,2026-06-05T11:48:52Z,3.25
HP15 6EZ,SEPD,HV,1,TH6185,65,2026-06-05T08:33:42Z,2026-06-05T11:48:52Z,3.25
HP16 0HJ,SEPD,HV,1,TH6185,65,2026-06-05T08:33:42Z,2026-06-05T11:48:52Z,3.25
HP16 0JH,SEPD,HV,1,TH6185,65,2026-06-05T08:33:42Z,2026-06-05T11:48:52Z,3.25
HP16 0JN,SEPD,HV,1,TH6185,65,2026-06-05T08:33:42Z,2026-06-05T11:48:52Z,3.25
HP16 0JQ,SEPD,HV,1,TH6185,65,2026-06-05T08:33:42Z,2026-06-05T11:48:52Z,3.25
IV4 7BE,SHEPD,PSI,1,251744,4,2026-06-05T08:33:42Z,2026-06-05T11:48:52Z,3.25
KW3 6AQ,SHEPD,PSI,1,251625,144,2026-06-05T08:33:42Z,2026-06-05T11:48:52Z,3.25
KW3 6AS,SHEPD,PSI,1,251625,144,2026-06-05T08:33:42Z,2026-06-05T11:48:52Z,3.25
KW3 6AT,SHEPD,PSI,1,251625,144,2026-06-05T08:33:42Z,2026-06-05T11:48:52Z,3.25
KW3 6AU,SHEPD,PSI,1,251625,144,2026-06-05T08:33:42Z,2026-06-05T11:48:52Z,3.25
KW3 6AX,SHEPD,PSI,1,251625,144,2026-06-05T08:33:42Z,2026-06-05T11:48:52Z,3.25
KW3 6AY,SHEPD,PSI,1,251625,144,2026-06-05T08:33:42Z,2026-06-05T11:48:52Z,3.25
KW3 6AZ,SHEPD,PSI,1,251625,144,2026-06-05T08:33:42Z,2026-06-05T11:48:52Z,3.25
KW3 6BB,SHEPD,PSI,1,251625,144,2026-06-05T08:33:42Z,2026-06-05T11:48:52Z,3.25
KW3 6BD,SHEPD,PSI,1,251625,144,2026-06-05T08:33:42Z,2026-06-05T11:48:52Z,3.25
HS3 3AJ,SHEPD,PSI,3,"251889,251890,251891",18,2026-06-05T08:33:42Z,2026-06-09T11:35:35Z,3.24
RG12 0TR,SEPD,"PSI,LV",3,"251971,TH8459,TJ1146",327,2026-06-06T20:17:04Z,2026-06-09T11:35:35Z,3.24
RG12 0TY,SEPD,"PSI,LV",3,"251971,TH8459,TJ1146",327,2026-06-06T20:17:04Z,2026-06-09T11:35:35Z,3.24
RG12 0TZ,SEPD,"PSI,LV",3,"251971,TH8459,TJ1146",327,2026-06-06T20:17:04Z,2026-06-09T11:35:35Z,3.24
AB21 0YE,SHEPD,PSI,1,251092,5,2026-06-09T08:21:11Z,2026-06-09T11:35:35Z,3.24
AB31 6NQ,SHEPD,PSI,1,250414,2,2026-06-09T08:21:11Z,2026-06-09T11:35:35Z,3.24
BH6 3EX,SEPD,PSI,1,251672,31,2026-06-09T08:21:11Z,2026-06-09T11:35:35Z,3.24
BH6 3HL,SEPD,PSI,1,251672,31,2026-06-09T08:21:11Z,2026-06-09T11:35:35Z,3.24
BH6 3JD,SEPD,PSI,1,251672,31,2026-06-09T08:21:11Z,2026-06-09T11:35:35Z,3.24
BH6 3JE,SEPD,PSI,1,251672,31,2026-06-09T08:21:11Z,2026-06-09T11:35:35Z,3.24
BH6 3JF,SEPD,PSI,1,251672,31,2026-06-09T08:21:11Z,2026-06-09T11:35:35Z,3.24
DD11 3RN,SHEPD,PSI,1,251865,20,2026-06-09T08:21:11Z,2026-06-09T11:35:35Z,3.24
DD11 3RP,SHEPD,PSI,1,251865,20,2026-06-09T08:21:11Z,2026-06-09T11:35:35Z,3.24
DD11 3RW,SHEPD,PSI,1,251865,20,2026-06-09T08:21:11Z,2026-06-09T11:35:35Z,3.24
DD8 5NZ,SHEPD,PSI,1,250993,15,2026-06-09T08:21:11Z,2026-06-09T11:35:35Z,3.24
DT2 7TW,SEPD,PSI,1,251442,85,2026-06-09T08:21:11Z,2026-06-09T11:35:35Z,3.24
DT9 5PZ,SEPD,PSI,1,251442,85,2026-06-09T08:21:11Z,2026-06-09T11:35:35Z,3.24
DT9 5QA,SEPD,PSI,1,251442,85,2026-06-09T08:21:11Z,2026-06-09T11:35:35Z,3.24
DT9 5QB,SEPD,PSI,1,251442,85,2026-06-09T08:21:11Z,2026-06-09T11:35:35Z,3.24
DT9 5QD,SEPD,PSI,1,251442,85,2026-06-09T08:21:11Z,2026-06-09T11:35:35Z,3.24
DT9 5QE,SEPD,PSI,1,251442,85,2026-06-09T08:21:11Z,2026-06-09T11:35:35Z,3.24
DT9 5QF,SEPD,PSI,1,251442,85,2026-06-09T08:21:11Z,2026-06-09T11:35:35Z,3.24
DT9 5QJ,SEPD,PSI,1,251442,85,2026-06-09T08:21:11Z,2026-06-09T11:35:35Z,3.24
DT9 5QL,SEPD,PSI,1,251442,85,2026-06-09T08:21:11Z,2026-06-09T11:35:35Z,3.24
DT9 5QR,SEPD,PSI,1,251442,85,2026-06-09T08:21:11Z,2026-06-09T11:35:35Z,3.24
DT9 5QW,SEPD,PSI,1,251442,85,2026-06-09T08:21:11Z,2026-06-09T11:35:35Z,3.24
GU10 4HB,SEPD,PSI,1,251491,51,2026-06-09T08:21:11Z,2026-06-09T11:35:35Z,3.24
GU10 4HE,SEPD,PSI,1,251491,51,2026-06-09T08:21:11Z,2026-06-09T11:35:35Z,3.24
GU10 4HF,SEPD,PSI,1,251491,51,2026-06-09T08:21:11Z,2026-06-09T11:35:35Z,3.24
GU10 4HG,SEPD,PSI,1,251491,51,2026-06-09T08:21:11Z,2026-06-09T11:35:35Z,3.24
GU10 4HL,SEPD,PSI,1,251491,51,2026-06-09T08:21:11Z,2026-06-09T11:35:35Z,3.24
GU10 4HQ,SEPD,PSI,1,251491,51,2026-06-09T08:21:11Z,2026-06-09T11:35:35Z,3.24
GU29 0AQ,SEPD,PSI,1,251034,26,2026-06-09T08:21:11Z,2026-06-09T11:35:35Z,3.24
GU29 0BX,SEPD,PSI,1,251034,26,2026-06-09T08:21:11Z,2026-06-09T11:35:35Z,3.24
GU29 0BY,SEPD,PSI,1,251034,26,2026-06-09T08:21:11Z,2026-06-09T11:35:35Z,3.24
GU29 0BZ,SEPD,PSI,1,251034,26,2026-06-09T08:21:11Z,2026-06-09T11:35:35Z,3.24
GU31 5RH,SEPD,PSI,1,251401,20,2026-06-09T08:21:11Z,2026-06-09T11:35:35Z,3.24
GU31 5RJ,SEPD,PSI,1,251401,20,2026-06-09T08:21:11Z,2026-06-09T11:35:35Z,3.24
GU31 5SL,SEPD,PSI,1,251401,20,2026-06-09T08:21:11Z,2026-06-09T11:35:35Z,3.24
GU31 5SN,SEPD,PSI,1,251401,20,2026-06-09T08:21:11Z,2026-06-09T11:35:35Z,3.24
PH12 8RF,SHEPD,PSI,1,250993,15,2026-06-09T08:21:11Z,2026-06-09T11:35:35Z,3.24
RG12 0TJ,SEPD,PSI,1,251971,279,2026-06-09T08:21:11Z,2026-06-09T11:35:35Z,3.24
RG12 0TN,SEPD,PSI,1,251971,279,2026-06-09T08:21:11Z,2026-06-09T11:35:35Z,3.24
RG12 0TW,SEPD,PSI,1,251971,279,2026-06-09T08:21:11Z,2026-06-09T11:35:35Z,3.24
RG26 3LQ,SEPD,LV,1,TJ1067,14,2026-06-09T08:21:11Z,2026-06-09T11:35:35Z,3.24
RG26 4NA,SEPD,LV,1,TJ1067,14,2026-06-09T08:21:11Z,2026-06-09T11:35:35Z,3.24
RG26 4NB,SEPD,LV,1,TJ1067,14,2026-06-09T08:21:11Z,2026-06-09T11:35:35Z,3.24
RG26 4ND,SEPD,LV,1,TJ1067,14,2026-06-09T08:21:11Z,2026-06-09T11:35:35Z,3.24
RG26 4NE,SEPD,LV,1,TJ1067,14,2026-06-09T08:21:11Z,2026-06-09T11:35:35Z,3.24
RG26 4NF,SEPD,LV,1,TJ1067,14,2026-06-09T08:21:11Z,2026-06-09T11:35:35Z,3.24
SN6 8SQ,SEPD,PSI,1,251094,9,2026-06-09T08:21:11Z,2026-06-09T11:35:35Z,3.24
SN7 7UA,SEPD,PSI,1,251094,9,2026-06-09T08:21:11Z,2026-06-09T11:35:35Z,3.24
BH21 2DX,SEPD,LV,1,TH5940,7,2026-06-04T19:38:35Z,2026-06-04T22:49:39Z,3.18
BH21 2DY,SEPD,LV,1,TH5940,7,2026-06-04T19:38:35Z,2026-06-04T22:49:39Z,3.18
BH21 2EF,SEPD,LV,1,TH5940,7,2026-06-04T19:38:35Z,2026-06-04T22:49:39Z,3.18
BH21 2EQ,SEPD,LV,1,TH5940,7,2026-06-04T19:38:35Z,2026-06-04T22:49:39Z,3.18
BH21 7LP,SEPD,LV,1,TH5940,7,2026-06-04T19:38:35Z,2026-06-04T22:49:39Z,3.18
BH21 7LS,SEPD,LV,1,TH5940,7,2026-06-04T19:38:35Z,2026-06-04T22:49:39Z,3.18
SO41 9DN,SEPD,LV,1,TH8777,16,2026-06-07T06:40:11Z,2026-06-07T09:51:01Z,3.18
SO41 9DQ,SEPD,LV,1,TH8777,16,2026-06-07T06:40:11Z,2026-06-07T09:51:01Z,3.18
SO41 9DR,SEPD,LV,1,TH8777,16,2026-06-07T06:40:11Z,2026-06-07T09:51:01Z,3.18
DT3 4EA,SEPD,LV,1,TH7686,3,2026-06-06T11:51:40Z,2026-06-06T14:53:20Z,3.03
PO19 3LL,SEPD,LV,1,TJ2078,16,2026-06-09T21:09:14Z,2026-06-10T00:02:10Z,2.88
PO19 3LN,SEPD,LV,1,TJ2078,16,2026-06-09T21:09:14Z,2026-06-10T00:02:10Z,2.88
PO19 3LS,SEPD,LV,1,TJ2078,16,2026-06-09T21:09:14Z,2026-06-10T00:02:10Z,2.88
IV36 2RH,SHEPD,"PSI,HV",2,"251379,TH4063",8,2026-06-03T18:55:31Z,2026-06-04T14:14:55Z,2.83
AB12 3DD,SHEPD,PSI,1,249276,5,2026-06-04T11:24:55Z,2026-06-04T14:14:55Z,2.83
AB12 3LT,SHEPD,PSI,1,249276,5,2026-06-04T11:24:55Z,2026-06-04T14:14:55Z,2.83
AB23 8YH,SHEPD,PSI,1,249276,5,2026-06-04T11:24:55Z,2026-06-04T14:14:55Z,2.83
AB31 4JU,SHEPD,PSI,1,250596,14,2026-06-04T11:24:55Z,2026-06-04T14:14:55Z,2.83
AB31 4JX,SHEPD,PSI,1,250596,14,2026-06-04T11:24:55Z,2026-06-04T14:14:55Z,2.83
AB31 4JY,SHEPD,PSI,1,250596,14,2026-06-04T11:24:55Z,2026-06-04T14:14:55Z,2.83
AB38 9SD,SHEPD,PSI,1,251363,2,2026-06-04T11:24:55Z,2026-06-04T14:14:55Z,2.83
BA11,SEPD,PSI,1,252136,567,2026-06-04T11:24:55Z,2026-06-04T14:14:55Z,2.83
BA11 1BZ,SEPD,PSI,1,252136,567,2026-06-04T11:24:55Z,2026-06-04T14:14:55Z,2.83
BA11 1DA,SEPD,PSI,1,252136,567,2026-06-04T11:24:55Z,2026-06-04T14:14:55Z,2.83
BA11 1DB,SEPD,PSI,1,252136,567,2026-06-04T11:24:55Z,2026-06-04T14:14:55Z,2.83
BA11 1DD,SEPD,PSI,1,252136,567,2026-06-04T11:24:55Z,2026-06-04T14:14:55Z,2.83
BA11 1DE,SEPD,PSI,1,252136,567,2026-06-04T11:24:55Z,2026-06-04T14:14:55Z,2.83
BA11 1DF,SEPD,PSI,1,252136,567,2026-06-04T11:24:55Z,2026-06-04T14:14:55Z,2.83
BA11 1DJ,SEPD,PSI,1,252136,567,2026-06-04T11:24:55Z,2026-06-04T14:14:55Z,2.83
BA11 1DU,SEPD,PSI,1,252136,567,2026-06-04T11:24:55Z,2026-06-04T14:14:55Z,2.83
BA11 1EB,SEPD,PSI,1,252136,567,2026-06-04T11:24:55Z,2026-06-04T14:14:55Z,2.83
BA11 1EE,SEPD,PSI,1,252136,567,2026-06-04T11:24:55Z,2026-06-04T14:14:55Z,2.83
BA11 1EG,SEPD,PSI,1,252136,567,2026-06-04T11:24:55Z,2026-06-04T14:14:55Z,2.83
BA11 1EH,SEPD,PSI,1,252136,567,2026-06-04T11:24:55Z,2026-06-04T14:14:55Z,2.83
BA11 1EJ,SEPD,PSI,1,252136,567,2026-06-04T11:24:55Z,2026-06-04T14:14:55Z,2.83
BA11 1EL,SEPD,PSI,1,252136,567,2026-06-04T11:24:55Z,2026-06-04T14:14:55Z,2.83
BA11 1EN,SEPD,PSI,1,252136,567,2026-06-04T11:24:55Z,2026-06-04T14:14:55Z,2.83
BA11 1EP,SEPD,PSI,1,252136,567,2026-06-04T11:24:55Z,2026-06-04T14:14:55Z,2.83
BA11 1EQ,SEPD,PSI,1,252136,567,2026-06-04T11:24:55Z,2026-06-04T14:14:55Z,2.83
BA11 1ER,SEPD,PSI,1,252136,567,2026-06-04T11:24:55Z,2026-06-04T14:14:55Z,2.83
BA11 1ES,SEPD,PSI,1,252136,567,2026-06-04T11:24:55Z,2026-06-04T14:14:55Z,2.83
BA11 1EW,SEPD,PSI,1,252136,567,2026-06-04T11:24:55Z,2026-06-04T14:14:55Z,2.83
BA11 1JF,SEPD,PSI,1,252136,567,2026-06-04T11:24:55Z,2026-06-04T14:14:55Z,2.83
BA11 1JW,SEPD,PSI,1,252136,567,2026-06-04T11:24:55Z,2026-06-04T14:14:55Z,2.83
BA11 3AY,SEPD,PSI,1,252136,567,2026-06-04T11:24:55Z,2026-06-04T14:14:55Z,2.83
BA11 3BB,SEPD,LV,1,TH4886,64,2026-06-04T11:24:55Z,2026-06-04T14:14:55Z,2.83
BA11 3BD,SEPD,LV,1,TH4886,64,2026-06-04T11:24:55Z,2026-06-04T14:14:55Z,2.83
BA11 3BH,SEPD,LV,1,TH4886,64,2026-06-04T11:24:55Z,2026-06-04T14:14:55Z,2.83
BA11 3BJ,SEPD,LV,1,TH4886,64,2026-06-04T11:24:55Z,2026-06-04T14:14:55Z,2.83
BA11 3BL,SEPD,LV,1,TH4886,64,2026-06-04T11:24:55Z,2026-06-04T14:14:55Z,2.83
BA11 3BN,SEPD,PSI,1,252136,567,2026-06-04T11:24:55Z,2026-06-04T14:14:55Z,2.83
BA11 3BQ,SEPD,PSI,1,252136,567,2026-06-04T11:24:55Z,2026-06-04T14:14:55Z,2.83
BA11 3BU,SEPD,LV,1,TH4886,64,2026-06-04T11:24:55Z,2026-06-04T14:14:55Z,2.83
BA11 3BX,SEPD,LV,1,TH4886,64,2026-06-04T11:24:55Z,2026-06-04T14:14:55Z,2.83
BA11 3DB,SEPD,LV,1,TH4886,64,2026-06-04T11:24:55Z,2026-06-04T14:14:55Z,2.83
BA11 3DE,SEPD,LV,1,TH4886,64,2026-06-04T11:24:55Z,2026-06-04T14:14:55Z,2.83
BA11 3DF,SEPD,PSI,1,252136,567,2026-06-04T11:24:55Z,2026-06-04T14:14:55Z,2.83
BA11 3DL,SEPD,PSI,1,252136,567,2026-06-04T11:24:55Z,2026-06-04T14:14:55Z,2.83
BA11 3DQ,SEPD,LV,1,TH4886,64,2026-06-04T11:24:55Z,2026-06-04T14:14:55Z,2.83
BA11 3DU,SEPD,LV,1,TH4886,64,2026-06-04T11:24:55Z,2026-06-04T14:14:55Z,2.83
BA11 3FD,SEPD,LV,1,TH4886,64,2026-06-04T11:24:55Z,2026-06-04T14:14:55Z,2.83
BA11 3JS,SEPD,PSI,1,252136,567,2026-06-04T11:24:55Z,2026-06-04T14:14:55Z,2.83
BA11 4JQ,SEPD,PSI,1,252136,567,2026-06-04T11:24:55Z,2026-06-04T14:14:55Z,2.83
BA11 4LE,SEPD,PSI,1,252136,567,2026-06-04T11:24:55Z,2026-06-04T14:14:55Z,2.83
BA11 4PB,SEPD,PSI,1,252136,567,2026-06-04T11:24:55Z,2026-06-04T14:14:55Z,2.83
BA2 7FZ,SEPD,PSI,1,251507,53,2026-06-04T11:24:55Z,2026-06-04T14:14:55Z,2.83
BA2 7GA,SEPD,PSI,1,251507,53,2026-06-04T11:24:55Z,2026-06-04T14:14:55Z,2.83
BA2 7GE,SEPD,PSI,1,251507,53,2026-06-04T11:24:55Z,2026-06-04T14:14:55Z,2.83
BA2 7GF,SEPD,PSI,1,251507,53,2026-06-04T11:24:55Z,2026-06-04T14:14:55Z,2.83
BA2 7GG,SEPD,PSI,1,251507,53,2026-06-04T11:24:55Z,2026-06-04T14:14:55Z,2.83
BH23 3HL,SEPD,PSI,1,252139,64,2026-06-04T11:24:55Z,2026-06-04T14:14:55Z,2.83
BH23 3HR,SEPD,PSI,1,252139,64,2026-06-04T11:24:55Z,2026-06-04T14:14:55Z,2.83
BH23 3HS,SEPD,PSI,1,252139,64,2026-06-04T11:24:55Z,2026-06-04T14:14:55Z,2.83
BH23 3HT,SEPD,PSI,1,252139,64,2026-06-04T11:24:55Z,2026-06-04T14:14:55Z,2.83
DD11 3RT,SHEPD,PSI,1,251166,26,2026-06-04T11:24:55Z,2026-06-04T14:14:55Z,2.83
DD11 3RU,SHEPD,PSI,1,251166,26,2026-06-04T11:24:55Z,2026-06-04T14:14:55Z,2.83
DD11 3RX,SHEPD,PSI,1,251166,26,2026-06-04T11:24:55Z,2026-06-04T14:14:55Z,2.83
DD11 3SA,SHEPD,PSI,1,251166,26,2026-06-04T11:24:55Z,2026-06-04T14:14:55Z,2.83
DD11 4PT,SHEPD,PSI,1,251166,26,2026-06-04T11:24:55Z,2026-06-04T14:14:55Z,2.83
GU52 8EY,SEPD,PSI,1,252032,13,2026-06-04T11:24:55Z,2026-06-04T14:14:55Z,2.83
GU8 6QP,SEPD,PSI,1,251309,13,2026-06-04T11:24:55Z,2026-06-04T14:14:55Z,2.83
KW15 1TT,SHEPD,PSI,1,251275,42,2026-06-04T11:24:55Z,2026-06-04T14:14:55Z,2.83
KW15 1TU,SHEPD,PSI,1,251275,42,2026-06-04T11:24:55Z,2026-06-04T14:14:55Z,2.83
KW17 2EG,SHEPD,PSI,1,251275,42,2026-06-04T11:24:55Z,2026-06-04T14:14:55Z,2.83
KW17 2ER,SHEPD,PSI,1,251275,42,2026-06-04T11:24:55Z,2026-06-04T14:14:55Z,2.83
KW17 2NY,SHEPD,PSI,1,251275,42,2026-06-04T11:24:55Z,2026-06-04T14:14:55Z,2.83
OX7 4AB,SEPD,PSI,1,249646,27,2026-06-04T11:24:55Z,2026-06-04T14:14:55Z,2.83
OX7 4HX,SEPD,PSI,1,249646,27,2026-06-04T11:24:55Z,2026-06-04T14:14:55Z,2.83
OX7 4HZ,SEPD,PSI,1,249646,27,2026-06-04T11:24:55Z,2026-06-04T14:14:55Z,2.83
OX7 4JA,SEPD,PSI,1,249646,27,2026-06-04T11:24:55Z,2026-06-04T14:14:55Z,2.83
OX7 4JH,SEPD,PSI,1,249646,27,2026-06-04T11:24:55Z,2026-06-04T14:14:55Z,2.83
PH10 7JX,SHEPD,PSI,1,251526,31,2026-06-04T11:24:55Z,2026-06-04T14:14:55Z,2.83
PH10 7LH,SHEPD,PSI,1,251526,31,2026-06-04T11:24:55Z,2026-06-04T14:14:55Z,2.83
PH10 7LJ,SHEPD,PSI,1,251526,31,2026-06-04T11:24:55Z,2026-06-04T14:14:55Z,2.83
RG26 5DL,SEPD,PSI,1,250567,40,2026-06-04T11:24:55Z,2026-06-04T14:14:55Z,2.83
RG26 5DN,SEPD,PSI,1,250567,40,2026-06-04T11:24:55Z,2026-06-04T14:14:55Z,2.83
RG26 5DP,SEPD,PSI,1,250567,40,2026-06-04T11:24:55Z,2026-06-04T14:14:55Z,2.83
RG26 5DX,SEPD,PSI,1,250567,40,2026-06-04T11:24:55Z,2026-06-04T14:14:55Z,2.83
RG26 5EA,SEPD,PSI,1,250567,40,2026-06-04T11:24:55Z,2026-06-04T14:14:55Z,2.83
RG7 4BS,SEPD,PSI,1,251224,90,2026-06-04T11:24:55Z,2026-06-04T14:14:55Z,2.83
RG7 4BT,SEPD,PSI,1,251224,90,2026-06-04T11:24:55Z,2026-06-04T14:14:55Z,2.83
RG7 4DA,SEPD,PSI,1,251224,90,2026-06-04T11:24:55Z,2026-06-04T14:14:55Z,2.83
RG7 4DD,SEPD,PSI,1,251224,90,2026-06-04T11:24:55Z,2026-06-04T14:14:55Z,2.83
RG7 4DE,SEPD,PSI,1,251224,90,2026-06-04T11:24:55Z,2026-06-04T14:14:55Z,2.83
RG7 4DG,SEPD,PSI,1,251224,90,2026-06-04T11:24:55Z,2026-06-04T14:14:55Z,2.83
RG7 4DH,SEPD,PSI,1,251224,90,2026-06-04T11:24:55Z,2026-06-04T14:14:55Z,2.83
RG7 4HE,SEPD,PSI,1,251224,90,2026-06-04T11:24:55Z,2026-06-04T14:14:55Z,2.83
RG7 4HG,SEPD,PSI,1,251224,90,2026-06-04T11:24:55Z,2026-06-04T14:14:55Z,2.83
RG7 4HH,SEPD,PSI,1,251224,90,2026-06-04T11:24:55Z,2026-06-04T14:14:55Z,2.83
RG7 4HJ,SEPD,PSI,1,251224,90,2026-06-04T11:24:55Z,2026-06-04T14:14:55Z,2.83
RG7 4HQ,SEPD,PSI,1,251224,90,2026-06-04T11:24:55Z,2026-06-04T14:14:55Z,2.83
RG7 4PD,SEPD,PSI,1,251224,90,2026-06-04T11:24:55Z,2026-06-04T14:14:55Z,2.83
RG7 4UL,SEPD,PSI,1,251224,90,2026-06-04T11:24:55Z,2026-06-04T14:14:55Z,2.83
RH14 9SJ,SEPD,LV,1,TH2583,6,2026-06-04T11:24:55Z,2026-06-04T14:14:55Z,2.83
RH14 9SU,SEPD,LV,1,TH2583,6,2026-06-04T11:24:55Z,2026-06-04T14:14:55Z,2.83
RH14 9UT,SEPD,LV,1,TH2583,6,2026-06-04T11:24:55Z,2026-06-04T14:14:55Z,2.83
RH14 9UU,SEPD,LV,1,TH2583,6,2026-06-04T11:24:55Z,2026-06-04T14:14:55Z,2.83
SN5 8JL,SEPD,PSI,1,252066,81,2026-06-04T11:24:55Z,2026-06-04T14:14:55Z,2.83
SN5 8JN,SEPD,PSI,1,252066,81,2026-06-04T11:24:55Z,2026-06-04T14:14:55Z,2.83
SN5 8JP,SEPD,PSI,1,252066,81,2026-06-04T11:24:55Z,2026-06-04T14:14:55Z,2.83
SN5 8JR,SEPD,PSI,1,252066,81,2026-06-04T11:24:55Z,2026-06-04T14:14:55Z,2.83
SN5 8JW,SEPD,PSI,1,252066,81,2026-06-04T11:24:55Z,2026-06-04T14:14:55Z,2.83
SO19 0SR,SEPD,LV,1,TH4575,28,2026-06-04T11:24:55Z,2026-06-04T14:14:55Z,2.83
SO19 0SS,SEPD,LV,1,TH4575,28,2026-06-04T11:24:55Z,2026-06-04T14:14:55Z,2.83
SO19 0ST,SEPD,LV,1,TH4575,28,2026-06-04T11:24:55Z,2026-06-04T14:14:55Z,2.83
SO19 0SU,SEPD,LV,1,TH4575,28,2026-06-04T11:24:55Z,2026-06-04T14:14:55Z,2.83
SO19 0SX,SEPD,LV,1,TH4575,28,2026-06-04T11:24:55Z,2026-06-04T14:14:55Z,2.83
SO19 9LY,SEPD,LV,1,TH4575,28,2026-06-04T11:24:55Z,2026-06-04T14:14:55Z,2.83
SO19 9PW,SEPD,LV,1,TH4575,28,2026-06-04T11:24:55Z,2026-06-04T14:14:55Z,2.83
SO24 9NP,SEPD,PSI,1,252036,8,2026-06-04T11:24:55Z,2026-06-04T14:14:55Z,2.83
SO40 7GE,SEPD,LV,1,TJ0937,10,2026-06-08T21:28:16Z,2026-06-09T00:13:01Z,2.75
SO40 7GF,SEPD,LV,1,TJ0937,10,2026-06-08T21:28:16Z,2026-06-09T00:13:01Z,2.75
SO40 7HX,SEPD,LV,1,TJ0937,10,2026-06-08T21:28:16Z,2026-06-09T00:13:01Z,2.75
SO52 9GB,SEPD,HV,1,TJ0941,174,2026-06-08T21:28:16Z,2026-06-09T00:13:01Z,2.75
SO52 9GL,SEPD,HV,1,TJ0941,174,2026-06-08T21:28:16Z,2026-06-09T00:13:01Z,2.75
SO52 9GN,SEPD,HV,1,TJ0941,174,2026-06-08T21:28:16Z,2026-06-09T00:13:01Z,2.75
SO52 9GP,SEPD,HV,1,TJ0941,174,2026-06-08T21:28:16Z,2026-06-09T00:13:01Z,2.75
SO52 9GQ,SEPD,HV,1,TJ0941,174,2026-06-08T21:28:16Z,2026-06-09T00:13:01Z,2.75
SO52 9GR,SEPD,HV,1,TJ0941,174,2026-06-08T21:28:16Z,2026-06-09T00:13:01Z,2.75
SO52 9GS,SEPD,HV,1,TJ0941,174,2026-06-08T21:28:16Z,2026-06-09T00:13:01Z,2.75
SO52 9GW,SEPD,HV,1,TJ0941,174,2026-06-08T21:28:16Z,2026-06-09T00:13:01Z,2.75
SO52 9HF,SEPD,HV,1,TJ0941,174,2026-06-08T21:28:16Z,2026-06-09T00:13:01Z,2.75
SO52 9HG,SEPD,HV,1,TJ0941,174,2026-06-08T21:28:16Z,2026-06-09T00:13:01Z,2.75
SO52 9HH,SEPD,HV,1,TJ0941,174,2026-06-08T21:28:16Z,2026-06-09T00:13:01Z,2.75
SO52 9HJ,SEPD,HV,1,TJ0941,174,2026-06-08T21:28:16Z,2026-06-09T00:13:01Z,2.75
SO52 9HL,SEPD,HV,1,TJ0941,174,2026-06-08T21:28:16Z,2026-06-09T00:13:01Z,2.75
AB21 0QT,SHEPD,HV,1,TJ2162,64,2026-06-09T14:03:39Z,2026-06-09T16:47:00Z,2.72
AB21 0QU,SHEPD,HV,1,TJ2162,64,2026-06-09T14:03:39Z,2026-06-09T16:47:00Z,2.72
AB41 6SS,SHEPD,HV,1,TJ2162,64,2026-06-09T14:03:39Z,2026-06-09T16:47:00Z,2.72
AB41 6SU,SHEPD,HV,1,TJ2162,64,2026-06-09T14:03:39Z,2026-06-09T16:47:00Z,2.72
AB41 6SX,SHEPD,HV,1,TJ2162,64,2026-06-09T14:03:39Z,2026-06-09T16:47:00Z,2.72
AB41 6SY,SHEPD,HV,1,TJ2162,64,2026-06-09T14:03:39Z,2026-06-09T16:47:00Z,2.72
AB41 7DL,SHEPD,HV,1,TJ2162,64,2026-06-09T14:03:39Z,2026-06-09T16:47:00Z,2.72
AB51 0BN,SHEPD,HV,1,TJ2162,64,2026-06-09T14:03:39Z,2026-06-09T16:47:00Z,2.72
AB51 0BP,SHEPD,HV,1,TJ2162,64,2026-06-09T14:03:39Z,2026-06-09T16:47:00Z,2.72
AB51 0BQ,SHEPD,HV,1,TJ2162,64,2026-06-09T14:03:39Z,2026-06-09T16:47:00Z,2.72
AB51 0BR,SHEPD,HV,1,TJ2162,64,2026-06-09T14:03:39Z,2026-06-09T16:47:00Z,2.72
AB51 0DL,SHEPD,HV,1,TJ2162,64,2026-06-09T14:03:39Z,2026-06-09T16:47:00Z,2.72
GU14 6AE,SEPD,LV,3,"TH5971,TH6943,TH7778",29,2026-06-04T21:17:47Z,2026-06-09T11:35:35Z,2.66
GU14 6AF,SEPD,LV,3,"TH5971,TH6943,TH7778",29,2026-06-04T21:17:47Z,2026-06-09T11:35:35Z,2.66
GU14 6BQ,SEPD,LV,2,"TH5971,TH7778",20,2026-06-04T21:17:47Z,2026-06-06T13:09:45Z,2.66
BH23 7ED,SEPD,HV,1,TH8250,28,2026-06-06T18:53:35Z,2026-06-06T21:33:01Z,2.66
PH31 4AP,SHEPD,"HV,LV",2,"TH4122,TJ1330",464,2026-06-03T18:55:31Z,2026-06-09T14:03:39Z,2.47
IV2 6AJ,SHEPD,PSI,1,251690,4,2026-06-09T11:35:35Z,2026-06-09T14:03:39Z,2.47
OX25 3FH,SEPD,LV,1,TJ1316,15,2026-06-09T11:35:35Z,2026-06-09T14:03:39Z,2.47
OX25 3FL,SEPD,LV,1,TJ1316,15,2026-06-09T11:35:35Z,2026-06-09T14:03:39Z,2.47
OX25 3QL,SEPD,LV,1,TJ1316,15,2026-06-09T11:35:35Z,2026-06-09T14:03:39Z,2.47
OX25 3QN,SEPD,LV,1,TJ1316,15,2026-06-09T11:35:35Z,2026-06-09T14:03:39Z,2.47
OX25 3QX,SEPD,LV,1,TJ1316,15,2026-06-09T11:35:35Z,2026-06-09T14:03:39Z,2.47
SP3 5EN,SEPD,LV,1,TJ1659,4,2026-06-09T11:35:35Z,2026-06-09T14:03:39Z,2.47
OX1 5QL,SEPD,LV,1,TH6708,20,2026-06-05T11:48:52Z,2026-06-05T14:13:43Z,2.41
OX1 5QN,SEPD,LV,1,TH6708,20,2026-06-05T11:48:52Z,2026-06-05T14:13:43Z,2.41
OX1 5QW,SEPD,LV,1,TH6708,20,2026-06-05T11:48:52Z,2026-06-05T14:13:43Z,2.41
PO19 1BA,SEPD,LV,1,TH6107,6,2026-06-05T11:48:52Z,2026-06-05T14:13:43Z,2.41
PO19 1BY,SEPD,LV,1,TH6107,6,2026-06-05T11:48:52Z,2026-06-05T14:13:43Z,2.41
PO19 1NF,SEPD,LV,1,TH6107,6,2026-06-05T11:48:52Z,2026-06-05T14:13:43Z,2.41
SO31 8BX,SEPD,"LV,HV",2,"TH9608,TH9713",94,2026-06-07T20:38:04Z,2026-06-07T23:58:05Z,2.31
SO31 8BY,SEPD,"LV,HV",2,"TH9608,TH9713",94,2026-06-07T20:38:04Z,2026-06-07T23:58:05Z,2.31
SO31 8DG,SEPD,"LV,HV",2,"TH9608,TH9713",94,2026-06-07T20:38:04Z,2026-06-07T23:58:05Z,2.31
SO31 8DH,SEPD,"LV,HV",2,"TH9608,TH9713",94,2026-06-07T20:38:04Z,2026-06-07T23:58:05Z,2.31
SO31 8DJ,SEPD,"LV,HV",2,"TH9608,TH9713",94,2026-06-07T20:38:04Z,2026-06-07T23:58:05Z,2.31
SO31 8DL,SEPD,"LV,HV",2,"TH9608,TH9713",94,2026-06-07T20:38:04Z,2026-06-07T23:58:05Z,2.31
PA23 7PP,SHEPD,LV,1,TJ2335,9,2026-06-09T16:47:00Z,2026-06-09T19:04:32Z,2.29
PA23 7PR,SHEPD,LV,1,TJ2335,9,2026-06-09T16:47:00Z,2026-06-09T19:04:32Z,2.29
PA23 7PS,SHEPD,LV,1,TJ2335,9,2026-06-09T16:47:00Z,2026-06-09T19:04:32Z,2.29
OX18 3LD,SEPD,LV,1,TJ0253,25,2026-06-08T17:26:59Z,2026-06-08T19:40:58Z,2.23
OX18 3RH,SEPD,LV,1,TJ0253,25,2026-06-08T17:26:59Z,2026-06-08T19:40:58Z,2.23
OX18 3RT,SEPD,LV,1,TJ0253,25,2026-06-08T17:26:59Z,2026-06-08T19:40:58Z,2.23
OX18 3SG,SEPD,LV,1,TJ0253,25,2026-06-08T17:26:59Z,2026-06-08T19:40:58Z,2.23
OX18 3SH,SEPD,LV,1,TJ0253,25,2026-06-08T17:26:59Z,2026-06-08T19:40:58Z,2.23
OX18 3SJ,SEPD,LV,1,TJ0253,25,2026-06-08T17:26:59Z,2026-06-08T19:40:58Z,2.23
OX18 3SQ,SEPD,LV,1,TJ0253,25,2026-06-08T17:26:59Z,2026-06-08T19:40:58Z,2.23
OX18 3SY,SEPD,LV,1,TJ0253,25,2026-06-08T17:26:59Z,2026-06-08T19:40:58Z,2.23
IV27 4JB,SHEPD,HV,2,"TH5867,TJ0629",459,2026-06-04T17:26:14Z,2026-06-08T17:26:59Z,2.21
GU26 6PN,SEPD,LV,1,TG9617,9,2026-06-04T17:26:14Z,2026-06-04T19:38:35Z,2.21
GU26 6PY,SEPD,LV,1,TG9617,9,2026-06-04T17:26:14Z,2026-06-04T19:38:35Z,2.21
GU26 6PZ,SEPD,LV,1,TG9617,9,2026-06-04T17:26:14Z,2026-06-04T19:38:35Z,2.21
GU26 6QA,SEPD,LV,1,TG9617,9,2026-06-04T17:26:14Z,2026-06-04T19:38:35Z,2.21
GU26 6QY,SEPD,LV,1,TG9617,9,2026-06-04T17:26:14Z,2026-06-04T19:38:35Z,2.21
GU26 6QZ,SEPD,LV,1,TG9617,9,2026-06-04T17:26:14Z,2026-06-04T19:38:35Z,2.21
GU26 6RA,SEPD,LV,1,TG9617,9,2026-06-04T17:26:14Z,2026-06-04T19:38:35Z,2.21
GU26 6RB,SEPD,LV,1,TG9617,9,2026-06-04T17:26:14Z,2026-06-04T19:38:35Z,2.21
GU26 6RD,SEPD,LV,1,TG9617,9,2026-06-04T17:26:14Z,2026-06-04T19:38:35Z,2.21
GU26 6RE,SEPD,LV,1,TG9617,9,2026-06-04T17:26:14Z,2026-06-04T19:38:35Z,2.21
IV27 4DH,SHEPD,HV,1,TH5867,455,2026-06-04T17:26:14Z,2026-06-04T19:38:35Z,2.21
IV27 4HP,SHEPD,HV,1,TH5867,455,2026-06-04T17:26:14Z,2026-06-04T19:38:35Z,2.21
IV27 4JD,SHEPD,HV,1,TH5867,455,2026-06-04T17:26:14Z,2026-06-04T19:38:35Z,2.21
IV27 4JE,SHEPD,HV,1,TH5867,455,2026-06-04T17:26:14Z,2026-06-04T19:38:35Z,2.21
IV27 4JF,SHEPD,HV,1,TH5867,455,2026-06-04T17:26:14Z,2026-06-04T19:38:35Z,2.21
IV27 4JG,SHEPD,HV,1,TH5867,455,2026-06-04T17:26:14Z,2026-06-04T19:38:35Z,2.21
IV27 4JH,SHEPD,HV,1,TH5867,455,2026-06-04T17:26:14Z,2026-06-04T19:38:35Z,2.21
IV27 4JJ,SHEPD,HV,1,TH5867,455,2026-06-04T17:26:14Z,2026-06-04T19:38:35Z,2.21
IV27 4JQ,SHEPD,HV,1,TH5867,455,2026-06-04T17:26:14Z,2026-06-04T19:38:35Z,2.21
IV27 4LT,SHEPD,HV,1,TH5867,455,2026-06-04T17:26:14Z,2026-06-04T19:38:35Z,2.21
IV27 4NG,SHEPD,HV,1,TH5867,455,2026-06-04T17:26:14Z,2026-06-04T19:38:35Z,2.21
IV27 4NJ,SHEPD,HV,1,TH5867,455,2026-06-04T17:26:14Z,2026-06-04T19:38:35Z,2.21
IV27 4NL,SHEPD,HV,1,TH5867,455,2026-06-04T17:26:14Z,2026-06-04T19:38:35Z,2.21
IV27 4NN,SHEPD,HV,1,TH5867,455,2026-06-04T17:26:14Z,2026-06-04T19:38:35Z,2.21
IV27 4NQ,SHEPD,HV,1,TH5867,455,2026-06-04T17:26:14Z,2026-06-04T19:38:35Z,2.21
IV27 4NW,SHEPD,HV,1,TH5867,455,2026-06-04T17:26:14Z,2026-06-04T19:38:35Z,2.21
PO7 4TD,SEPD,LV,1,TH5624,2,2026-06-04T17:26:14Z,2026-06-04T19:38:35Z,2.21
PO7 4TG,SEPD,LV,1,TH5624,2,2026-06-04T17:26:14Z,2026-06-04T19:38:35Z,2.21
DA18 4AG,SEPD,PSI,1,250881,30,2026-06-06T08:11:56Z,2026-06-06T10:22:46Z,2.18
DA18 4AJ,SEPD,PSI,1,250881,30,2026-06-06T08:11:56Z,2026-06-06T10:22:46Z,2.18
PH10 6QN,SHEPD,HV,1,TH7081,82,2026-06-05T16:44:20Z,2026-06-05T18:52:44Z,2.14
PH10 6QP,SHEPD,HV,1,TH7081,82,2026-06-05T16:44:20Z,2026-06-05T18:52:44Z,2.14
PH10 6QR,SHEPD,HV,1,TH7081,82,2026-06-05T16:44:20Z,2026-06-05T18:52:44Z,2.14
PH10 6QS,SHEPD,HV,1,TH7081,82,2026-06-05T16:44:20Z,2026-06-05T18:52:44Z,2.14
PH10 6QW,SHEPD,HV,1,TH7081,82,2026-06-05T16:44:20Z,2026-06-05T18:52:44Z,2.14
PH10 6QY,SHEPD,HV,1,TH7081,82,2026-06-05T16:44:20Z,2026-06-05T18:52:44Z,2.14
PH10 6QZ,SHEPD,HV,1,TH7081,82,2026-06-05T16:44:20Z,2026-06-05T18:52:44Z,2.14
PH10 6RA,SHEPD,HV,1,TH7081,82,2026-06-05T16:44:20Z,2026-06-05T18:52:44Z,2.14
PH10 6RD,SHEPD,HV,1,TH7081,82,2026-06-05T16:44:20Z,2026-06-05T18:52:44Z,2.14
PH10 6SD,SHEPD,HV,1,TH7081,82,2026-06-05T16:44:20Z,2026-06-05T18:52:44Z,2.14
PH13 9HG,SHEPD,HV,1,TH7081,82,2026-06-05T16:44:20Z,2026-06-05T18:52:44Z,2.14
PH13 9HR,SHEPD,HV,1,TH7081,82,2026-06-05T16:44:20Z,2026-06-05T18:52:44Z,2.14
PH2 6BF,SHEPD,HV,1,TH7081,82,2026-06-05T16:44:20Z,2026-06-05T18:52:44Z,2.14
PH2 6EH,SHEPD,HV,1,TH7081,82,2026-06-05T16:44:20Z,2026-06-05T18:52:44Z,2.14
PH2 6EL,SHEPD,HV,1,TH7081,82,2026-06-05T16:44:20Z,2026-06-05T18:52:44Z,2.14
PH2 6EN,SHEPD,HV,1,TH7081,82,2026-06-05T16:44:20Z,2026-06-05T18:52:44Z,2.14
PH2 6EW,SHEPD,HV,1,TH7081,82,2026-06-05T16:44:20Z,2026-06-05T18:52:44Z,2.14
SN7 8EY,SEPD,LV,1,TH6467,6,2026-06-05T16:44:20Z,2026-06-05T18:52:44Z,2.14
SN7 8NB,SEPD,LV,1,TH6467,6,2026-06-05T16:44:20Z,2026-06-05T18:52:44Z,2.14
SO15 3HU,SEPD,LV,1,TH3975,25,2026-06-03T21:56:18Z,2026-06-03T23:53:04Z,1.95
SO15 3JD,SEPD,LV,1,TH3975,25,2026-06-03T21:56:18Z,2026-06-03T23:53:04Z,1.95
SO15 3JE,SEPD,LV,1,TH3975,25,2026-06-03T21:56:18Z,2026-06-03T23:53:04Z,1.95
SO15 3JF,SEPD,LV,1,TH3975,25,2026-06-03T21:56:18Z,2026-06-03T23:53:04Z,1.95
SO15 3TS,SEPD,LV,1,TH3975,25,2026-06-03T21:56:18Z,2026-06-03T23:53:04Z,1.95
SO15 3TZ,SEPD,LV,1,TH3975,25,2026-06-03T21:56:18Z,2026-06-03T23:53:04Z,1.95
SO15 5NF,SEPD,LV,1,TH3975,25,2026-06-03T21:56:18Z,2026-06-03T23:53:04Z,1.95
PO39 0HZ,SEPD,HV,1,TH7359,52,2026-06-05T23:37:30Z,2026-06-06T01:33:23Z,1.93
PO39 0JA,SEPD,HV,1,TH7359,52,2026-06-05T23:37:30Z,2026-06-06T01:33:23Z,1.93
PO39 0JB,SEPD,HV,1,TH7359,52,2026-06-05T23:37:30Z,2026-06-06T01:33:23Z,1.93
PO39 0JD,SEPD,HV,1,TH7359,52,2026-06-05T23:37:30Z,2026-06-06T01:33:23Z,1.93
PO39 0JH,SEPD,HV,1,TH7359,52,2026-06-05T23:37:30Z,2026-06-06T01:33:23Z,1.93
BH21 6RA,SEPD,PSI,2,"251572,251878",188,2026-06-03T10:04:32Z,2026-06-07T11:41:37Z,1.84
BH21 6RE,SEPD,PSI,2,"251572,251878",188,2026-06-03T10:04:32Z,2026-06-07T11:41:37Z,1.84
BH21 6QY,SEPD,PSI,1,251878,151,2026-06-07T09:51:01Z,2026-06-07T11:41:37Z,1.84
BH24 2EL,SEPD,PSI,1,251878,151,2026-06-07T09:51:01Z,2026-06-07T11:41:37Z,1.84
BH24 2EN,SEPD,PSI,1,251878,151,2026-06-07T09:51:01Z,2026-06-07T11:41:37Z,1.84
BH24 2EU,SEPD,PSI,1,251878,151,2026-06-07T09:51:01Z,2026-06-07T11:41:37Z,1.84
BH24 2EX,SEPD,PSI,1,251878,151,2026-06-07T09:51:01Z,2026-06-07T11:41:37Z,1.84
BH24 2PX,SEPD,PSI,1,251878,151,2026-06-07T09:51:01Z,2026-06-07T11:41:37Z,1.84
BH24 2QF,SEPD,PSI,1,251878,151,2026-06-07T09:51:01Z,2026-06-07T11:41:37Z,1.84
BH24 2QH,SEPD,PSI,1,251878,151,2026-06-07T09:51:01Z,2026-06-07T11:41:37Z,1.84
BH24 2QQ,SEPD,PSI,1,251878,151,2026-06-07T09:51:01Z,2026-06-07T11:41:37Z,1.84
BH24 2QR,SEPD,PSI,1,251878,151,2026-06-07T09:51:01Z,2026-06-07T11:41:37Z,1.84
BH24 2QS,SEPD,PSI,1,251878,151,2026-06-07T09:51:01Z,2026-06-07T11:41:37Z,1.84
BH24 2QT,SEPD,PSI,1,251878,151,2026-06-07T09:51:01Z,2026-06-07T11:41:37Z,1.84
BH24 2QU,SEPD,PSI,1,251878,151,2026-06-07T09:51:01Z,2026-06-07T11:41:37Z,1.84
BH24 2QX,SEPD,PSI,1,251878,151,2026-06-07T09:51:01Z,2026-06-07T11:41:37Z,1.84
BH24 2QZ,SEPD,PSI,1,251878,151,2026-06-07T09:51:01Z,2026-06-07T11:41:37Z,1.84
BH24 2RB,SEPD,PSI,1,251878,151,2026-06-07T09:51:01Z,2026-06-07T11:41:37Z,1.84
PO33 4LU,SEPD,LV,1,TJ0315,13,2026-06-08T19:40:58Z,2026-06-08T21:28:16Z,1.79
PO33 4NU,SEPD,LV,1,TJ0315,13,2026-06-08T19:40:58Z,2026-06-08T21:28:16Z,1.79
PO33 4NX,SEPD,LV,1,TJ0315,13,2026-06-08T19:40:58Z,2026-06-08T21:28:16Z,1.79
PO33 4PR,SEPD,LV,1,TJ0315,13,2026-06-08T19:40:58Z,2026-06-08T21:28:16Z,1.79
PO33 4QQ,SEPD,LV,1,TJ0315,13,2026-06-08T19:40:58Z,2026-06-08T21:28:16Z,1.79
RG41 2WY,SEPD,PSI,1,252200,6,2026-06-08T21:28:16Z,2026-06-08T23:00:23Z,1.54
DT4 0JA,SEPD,LV,1,TH5975,58,2026-06-04T21:17:47Z,2026-06-04T22:49:39Z,1.53
DT4 0JE,SEPD,LV,1,TH5975,58,2026-06-04T21:17:47Z,2026-06-04T22:49:39Z,1.53
DT4 0JF,SEPD,LV,1,TH5975,58,2026-06-04T21:17:47Z,2026-06-04T22:49:39Z,1.53
DT4 0LX,SEPD,LV,1,TH5975,58,2026-06-04T21:17:47Z,2026-06-04T22:49:39Z,1.53
DT4 0LY,SEPD,LV,1,TH5975,58,2026-06-04T21:17:47Z,2026-06-04T22:49:39Z,1.53
DT4 0NT,SEPD,LV,1,TH5975,58,2026-06-04T21:17:47Z,2026-06-04T22:49:39Z,1.53
DT4 0NU,SEPD,LV,1,TH5975,58,2026-06-04T21:17:47Z,2026-06-04T22:49:39Z,1.53
GU8 4BB,SEPD,HV,1,TH5562,6,2026-06-04T21:17:47Z,2026-06-04T22:49:39Z,1.53
GU8 4BD,SEPD,HV,1,TH5562,6,2026-06-04T21:17:47Z,2026-06-04T22:49:39Z,1.53
BH6 5AP,SEPD,LV,1,TH9071,25,2026-06-07T11:41:37Z,2026-06-07T13:09:19Z,1.46
BH6 5AU,SEPD,LV,1,TH9071,25,2026-06-07T11:41:37Z,2026-06-07T13:09:19Z,1.46
BH6 5AW,SEPD,LV,1,TH9071,25,2026-06-07T11:41:37Z,2026-06-07T13:09:19Z,1.46
BH6 5AX,SEPD,LV,1,TH9071,25,2026-06-07T11:41:37Z,2026-06-07T13:09:19Z,1.46
BH6 5AY,SEPD,LV,1,TH9071,25,2026-06-07T11:41:37Z,2026-06-07T13:09:19Z,1.46
BH6 5BS,SEPD,LV,1,TH9071,25,2026-06-07T11:41:37Z,2026-06-07T13:09:19Z,1.46
BH6 5DN,SEPD,LV,1,TH9071,25,2026-06-07T11:41:37Z,2026-06-07T13:09:19Z,1.46
BH6 5EP,SEPD,LV,1,TH9071,25,2026-06-07T11:41:37Z,2026-06-07T13:09:19Z,1.46
BH6 5EW,SEPD,LV,1,TH9071,25,2026-06-07T11:41:37Z,2026-06-07T13:09:19Z,1.46
DD9 7EU,SHEPD,LV,1,TH8991,8,2026-06-07T11:41:37Z,2026-06-07T13:09:19Z,1.46
DD9 7EW,SHEPD,LV,1,TH8991,8,2026-06-07T11:41:37Z,2026-06-07T13:09:19Z,1.46
DD9 7HD,SHEPD,LV,1,TH8991,8,2026-06-07T11:41:37Z,2026-06-07T13:09:19Z,1.46
DD9 7HQ,SHEPD,LV,1,TH8991,8,2026-06-07T11:41:37Z,2026-06-07T13:09:19Z,1.46
HP11 1AJ,SEPD,LV,2,"TH8262,TH8812",68,2026-06-06T18:53:35Z,2026-06-07T06:40:11Z,1.39
HP11 1AL,SEPD,LV,2,"TH8262,TH8812",68,2026-06-06T18:53:35Z,2026-06-07T06:40:11Z,1.39
HP11 1AW,SEPD,LV,2,"TH8262,TH8812",68,2026-06-06T18:53:35Z,2026-06-07T06:40:11Z,1.39
HP11 1GS,SEPD,LV,2,"TH8262,TH8812",68,2026-06-06T18:53:35Z,2026-06-07T06:40:11Z,1.39
HP11 1HS,SEPD,LV,2,"TH8262,TH8812",68,2026-06-06T18:53:35Z,2026-06-07T06:40:11Z,1.39
HP11 1JB,SEPD,LV,2,"TH8262,TH8812",68,2026-06-06T18:53:35Z,2026-06-07T06:40:11Z,1.39
PO2 0QU,SEPD,LV,1,TH7281,14,2026-06-05T20:46:32Z,2026-06-05T22:07:02Z,1.34
PO2 0SW,SEPD,LV,1,TH7281,14,2026-06-05T20:46:32Z,2026-06-05T22:07:02Z,1.34
PO3 5EQ,SEPD,LV,1,TH7281,14,2026-06-05T20:46:32Z,2026-06-05T22:07:02Z,1.34
GU32 1JN,SEPD,HV,1,TH8231,183,2026-06-06T17:34:39Z,2026-06-06T18:53:35Z,1.32
SO24 0LF,SEPD,HV,1,TH8231,183,2026-06-06T17:34:39Z,2026-06-06T18:53:35Z,1.32
SO32,SEPD,HV,1,TH8231,183,2026-06-06T17:34:39Z,2026-06-06T18:53:35Z,1.32
SO32 3LA,SEPD,HV,1,TH8231,183,2026-06-06T17:34:39Z,2026-06-06T18:53:35Z,1.32
SO32 3LB,SEPD,HV,1,TH8231,183,2026-06-06T17:34:39Z,2026-06-06T18:53:35Z,1.32
SO32 3LD,SEPD,HV,1,TH8231,183,2026-06-06T17:34:39Z,2026-06-06T18:53:35Z,1.32
SO32 3LE,SEPD,HV,1,TH8231,183,2026-06-06T17:34:39Z,2026-06-06T18:53:35Z,1.32
SO32 3LF,SEPD,HV,1,TH8231,183,2026-06-06T17:34:39Z,2026-06-06T18:53:35Z,1.32
SO32 3LG,SEPD,HV,1,TH8231,183,2026-06-06T17:34:39Z,2026-06-06T18:53:35Z,1.32
SO32 3LH,SEPD,HV,1,TH8231,183,2026-06-06T17:34:39Z,2026-06-06T18:53:35Z,1.32
DT4 9BJ,SEPD,LV,1,TH7684,21,2026-06-06T11:51:40Z,2026-06-06T13:09:45Z,1.3
DT4 9PE,SEPD,LV,1,TH7684,21,2026-06-06T11:51:40Z,2026-06-06T13:09:45Z,1.3
DT4 9PS,SEPD,LV,1,TH7684,21,2026-06-06T11:51:40Z,2026-06-06T13:09:45Z,1.3
DT4 9XQ,SEPD,LV,1,TH7684,21,2026-06-06T11:51:40Z,2026-06-06T13:09:45Z,1.3
PO7 6DN,SEPD,LV,1,TH7509,19,2026-06-06T11:51:40Z,2026-06-06T13:09:45Z,1.3
PO7 6DP,SEPD,LV,1,TH7509,19,2026-06-06T11:51:40Z,2026-06-06T13:09:45Z,1.3
PO7 6DU,SEPD,LV,1,TH7509,19,2026-06-06T11:51:40Z,2026-06-06T13:09:45Z,1.3
SP11 6LH,SEPD,HV,1,TH7705,40,2026-06-06T11:51:40Z,2026-06-06T13:09:45Z,1.3
SP11 6NJ,SEPD,HV,1,TH7705,40,2026-06-06T11:51:40Z,2026-06-06T13:09:45Z,1.3
SP11 7AF,SEPD,HV,1,TH7705,40,2026-06-06T11:51:40Z,2026-06-06T13:09:45Z,1.3
SP11 7AH,SEPD,HV,1,TH7705,40,2026-06-06T11:51:40Z,2026-06-06T13:09:45Z,1.3
SP11 7AJ,SEPD,HV,1,TH7705,40,2026-06-06T11:51:40Z,2026-06-06T13:09:45Z,1.3
SP11 7AL,SEPD,HV,1,TH7705,40,2026-06-06T11:51:40Z,2026-06-06T13:09:45Z,1.3
SP11 7AP,SEPD,HV,1,TH7705,40,2026-06-06T11:51:40Z,2026-06-06T13:09:45Z,1.3
SP11 7AQ,SEPD,HV,1,TH7705,40,2026-06-06T11:51:40Z,2026-06-06T13:09:45Z,1.3
SP11 7AR,SEPD,HV,1,TH7705,40,2026-06-06T11:51:40Z,2026-06-06T13:09:45Z,1.3
SP11 7AW,SEPD,HV,1,TH7705,40,2026-06-06T11:51:40Z,2026-06-06T13:09:45Z,1.3
BA9 9PU,SEPD,HV,1,TJ2624,40,2026-06-09T22:49:31Z,2026-06-10T00:02:10Z,1.21
BA9 9PY,SEPD,HV,1,TJ2624,40,2026-06-09T22:49:31Z,2026-06-10T00:02:10Z,1.21
BA9 9PZ,SEPD,HV,1,TJ2624,40,2026-06-09T22:49:31Z,2026-06-10T00:02:10Z,1.21
BA9 9QN,SEPD,HV,1,TJ2624,40,2026-06-09T22:49:31Z,2026-06-10T00:02:10Z,1.21
BA9 9QQ,SEPD,HV,1,TJ2624,40,2026-06-09T22:49:31Z,2026-06-10T00:02:10Z,1.21
BA9 9QW,SEPD,HV,1,TJ2624,40,2026-06-09T22:49:31Z,2026-06-10T00:02:10Z,1.21
IV17 0AD,SHEPD,PSI,1,251184,86,2026-06-09T22:49:31Z,2026-06-10T00:02:10Z,1.21
IV17 0PJ,SHEPD,PSI,1,251184,86,2026-06-09T22:49:31Z,2026-06-10T00:02:10Z,1.21
IV17 0YP,SHEPD,PSI,1,251184,86,2026-06-09T22:49:31Z,2026-06-10T00:02:10Z,1.21
IV18 0LG,SHEPD,PSI,1,251184,86,2026-06-09T22:49:31Z,2026-06-10T00:02:10Z,1.21
IV18 0LQ,SHEPD,PSI,1,251184,86,2026-06-09T22:49:31Z,2026-06-10T00:02:10Z,1.21
IV18 0PJ,SHEPD,PSI,1,251184,86,2026-06-09T22:49:31Z,2026-06-10T00:02:10Z,1.21
IV18 0PP,SHEPD,PSI,1,251184,86,2026-06-09T22:49:31Z,2026-06-10T00:02:10Z,1.21
IV18 0PW,SHEPD,PSI,1,251184,86,2026-06-09T22:49:31Z,2026-06-10T00:02:10Z,1.21
PO17 5AP,SEPD,LV,1,TJ2522,22,2026-06-09T22:49:31Z,2026-06-10T00:02:10Z,1.21
SO32 2JJ,SEPD,LV,1,TJ2522,22,2026-06-09T22:49:31Z,2026-06-10T00:02:10Z,1.21
SO32 2JL,SEPD,LV,1,TJ2522,22,2026-06-09T22:49:31Z,2026-06-10T00:02:10Z,1.21
SO32 2JN,SEPD,LV,1,TJ2522,22,2026-06-09T22:49:31Z,2026-06-10T00:02:10Z,1.21
SO32 2JR,SEPD,LV,1,TJ2522,22,2026-06-09T22:49:31Z,2026-06-10T00:02:10Z,1.21
SO32 2JT,SEPD,LV,1,TJ2522,22,2026-06-09T22:49:31Z,2026-06-10T00:02:10Z,1.21
SO32 2NR,SEPD,LV,1,TJ2522,22,2026-06-09T22:49:31Z,2026-06-10T00:02:10Z,1.21
SO41 5SJ,SEPD,HV,3,"TH4076,TH4215,TH7879",235,2026-06-03T21:56:18Z,2026-06-06T16:03:38Z,1.17
SO41 5SL,SEPD,HV,3,"TH4076,TH4215,TH7879",235,2026-06-03T21:56:18Z,2026-06-06T16:03:38Z,1.17
SO41 5SN,SEPD,HV,3,"TH4076,TH4215,TH7879",235,2026-06-03T21:56:18Z,2026-06-06T16:03:38Z,1.17
SO41 5SQ,SEPD,HV,3,"TH4076,TH4215,TH7879",235,2026-06-03T21:56:18Z,2026-06-06T16:03:38Z,1.17
SO41 5SR,SEPD,HV,3,"TH4076,TH4215,TH7879",235,2026-06-03T21:56:18Z,2026-06-06T16:03:38Z,1.17
SO41 5SS,SEPD,HV,3,"TH4076,TH4215,TH7879",235,2026-06-03T21:56:18Z,2026-06-06T16:03:38Z,1.17
SO41 5ST,SEPD,HV,3,"TH4076,TH4215,TH7879",235,2026-06-03T21:56:18Z,2026-06-06T16:03:38Z,1.17
SO41 5SU,SEPD,HV,3,"TH4076,TH4215,TH7879",235,2026-06-03T21:56:18Z,2026-06-06T16:03:38Z,1.17
SO41 5SW,SEPD,HV,3,"TH4076,TH4215,TH7879",235,2026-06-03T21:56:18Z,2026-06-06T16:03:38Z,1.17
SO41 5SX,SEPD,HV,3,"TH4076,TH4215,TH7879",235,2026-06-03T21:56:18Z,2026-06-06T16:03:38Z,1.17
SO41 5SY,SEPD,HV,3,"TH4076,TH4215,TH7879",235,2026-06-03T21:56:18Z,2026-06-06T16:03:38Z,1.17
SO42 7WD,SEPD,HV,3,"TH4076,TH4215,TH7879",235,2026-06-03T21:56:18Z,2026-06-06T16:03:38Z,1.17
SO42 7WU,SEPD,HV,3,"TH4076,TH4215,TH7879",235,2026-06-03T21:56:18Z,2026-06-06T16:03:38Z,1.17
RG19 6HN,SEPD,HV,2,"TH3164,TH7892",730,2026-06-03T10:04:32Z,2026-06-06T16:03:38Z,1.17
RG19 6HU,SEPD,HV,2,"TH3164,TH7892",730,2026-06-03T10:04:32Z,2026-06-06T16:03:38Z,1.17
RG19 8AZ,SEPD,HV,2,"TH3164,TH7892",730,2026-06-03T10:04:32Z,2026-06-06T16:03:38Z,1.17
RG19 8BA,SEPD,HV,2,"TH3164,TH7892",730,2026-06-03T10:04:32Z,2026-06-06T16:03:38Z,1.17
RG19 8BB,SEPD,HV,2,"TH3164,TH7892",730,2026-06-03T10:04:32Z,2026-06-06T16:03:38Z,1.17
RG19 8BD,SEPD,HV,2,"TH3164,TH7892",730,2026-06-03T10:04:32Z,2026-06-06T16:03:38Z,1.17
RG19 8BE,SEPD,HV,2,"TH3164,TH7892",730,2026-06-03T10:04:32Z,2026-06-06T16:03:38Z,1.17
RG19 8BG,SEPD,HV,2,"TH3164,TH7892",730,2026-06-03T10:04:32Z,2026-06-06T16:03:38Z,1.17
RG19 8BH,SEPD,HV,2,"TH3164,TH7892",730,2026-06-03T10:04:32Z,2026-06-06T16:03:38Z,1.17
RG19 8BJ,SEPD,HV,2,"TH3164,TH7892",730,2026-06-03T10:04:32Z,2026-06-06T16:03:38Z,1.17
RG19 8BL,SEPD,HV,2,"TH3164,TH7892",730,2026-06-03T10:04:32Z,2026-06-06T16:03:38Z,1.17
RG19 8BN,SEPD,HV,2,"TH3164,TH7892",730,2026-06-03T10:04:32Z,2026-06-06T16:03:38Z,1.17
RG19 8BQ,SEPD,HV,2,"TH3164,TH7892",730,2026-06-03T10:04:32Z,2026-06-06T16:03:38Z,1.17
RG19 8BU,SEPD,HV,2,"TH3164,TH7892",730,2026-06-03T10:04:32Z,2026-06-06T16:03:38Z,1.17
RG19 8EL,SEPD,HV,2,"TH3164,TH7892",730,2026-06-03T10:04:32Z,2026-06-06T16:03:38Z,1.17
RG19 8EW,SEPD,HV,2,"TH3164,TH7892",730,2026-06-03T10:04:32Z,2026-06-06T16:03:38Z,1.17
RG19 8FG,SEPD,HV,2,"TH3164,TH7892",730,2026-06-03T10:04:32Z,2026-06-06T16:03:38Z,1.17
RG19 8FN,SEPD,HV,2,"TH3164,TH7892",730,2026-06-03T10:04:32Z,2026-06-06T16:03:38Z,1.17
RG19 8FP,SEPD,HV,2,"TH3164,TH7892",730,2026-06-03T10:04:32Z,2026-06-06T16:03:38Z,1.17
RG19 8FQ,SEPD,HV,2,"TH3164,TH7892",730,2026-06-03T10:04:32Z,2026-06-06T16:03:38Z,1.17
RG19 8HR,SEPD,HV,2,"TH3164,TH7892",730,2026-06-03T10:04:32Z,2026-06-06T16:03:38Z,1.17
RG19 8HW,SEPD,HV,2,"TH3164,TH7892",730,2026-06-03T10:04:32Z,2026-06-06T16:03:38Z,1.17
RG19 8SP,SEPD,HV,2,"TH3164,TH7892",730,2026-06-03T10:04:32Z,2026-06-06T16:03:38Z,1.17
RG20,SEPD,HV,2,"TH3164,TH7892",730,2026-06-03T10:04:32Z,2026-06-06T16:03:38Z,1.17
RG20 4AB,SEPD,HV,2,"TH3164,TH7892",730,2026-06-03T10:04:32Z,2026-06-06T16:03:38Z,1.17
RG20 4AD,SEPD,HV,2,"TH3164,TH7892",730,2026-06-03T10:04:32Z,2026-06-06T16:03:38Z,1.17
RG20 4AE,SEPD,HV,2,"TH3164,TH7892",730,2026-06-03T10:04:32Z,2026-06-06T16:03:38Z,1.17
RG20 4AF,SEPD,HV,2,"TH3164,TH7892",730,2026-06-03T10:04:32Z,2026-06-06T16:03:38Z,1.17
RG20 4AG,SEPD,HV,2,"TH3164,TH7892",730,2026-06-03T10:04:32Z,2026-06-06T16:03:38Z,1.17
RG20 4AH,SEPD,HV,2,"TH3164,TH7892",730,2026-06-03T10:04:32Z,2026-06-06T16:03:38Z,1.17
RG20 4AJ,SEPD,HV,2,"TH3164,TH7892",730,2026-06-03T10:04:32Z,2026-06-06T16:03:38Z,1.17
RG20 4HP,SEPD,HV,2,"TH3164,TH7892",730,2026-06-03T10:04:32Z,2026-06-06T16:03:38Z,1.17
RG20 4HR,SEPD,HV,2,"TH3164,TH7892",730,2026-06-03T10:04:32Z,2026-06-06T16:03:38Z,1.17
RG20 4HS,SEPD,HV,2,"TH3164,TH7892",730,2026-06-03T10:04:32Z,2026-06-06T16:03:38Z,1.17
RG20 4HT,SEPD,HV,2,"TH3164,TH7892",730,2026-06-03T10:04:32Z,2026-06-06T16:03:38Z,1.17
RG20 4HU,SEPD,HV,2,"TH3164,TH7892",730,2026-06-03T10:04:32Z,2026-06-06T16:03:38Z,1.17
RG20 4HY,SEPD,HV,2,"TH3164,TH7892",730,2026-06-03T10:04:32Z,2026-06-06T16:03:38Z,1.17
RG20 4HZ,SEPD,HV,2,"TH3164,TH7892",730,2026-06-03T10:04:32Z,2026-06-06T16:03:38Z,1.17
RG20 4JA,SEPD,HV,2,"TH3164,TH7892",730,2026-06-03T10:04:32Z,2026-06-06T16:03:38Z,1.17
RG20 4JD,SEPD,HV,2,"TH3164,TH7892",730,2026-06-03T10:04:32Z,2026-06-06T16:03:38Z,1.17
RG20 4JN,SEPD,HV,2,"TH3164,TH7892",730,2026-06-03T10:04:32Z,2026-06-06T16:03:38Z,1.17
RG20 4JP,SEPD,HV,2,"TH3164,TH7892",730,2026-06-03T10:04:32Z,2026-06-06T16:03:38Z,1.17
RG20 4UJ,SEPD,HV,2,"TH3164,TH7892",730,2026-06-03T10:04:32Z,2026-06-06T16:03:38Z,1.17
RG20 4UL,SEPD,HV,2,"TH3164,TH7892",730,2026-06-03T10:04:32Z,2026-06-06T16:03:38Z,1.17
RG20 4UP,SEPD,HV,2,"TH3164,TH7892",730,2026-06-03T10:04:32Z,2026-06-06T16:03:38Z,1.17
RG20 4UW,SEPD,HV,2,"TH3164,TH7892",730,2026-06-03T10:04:32Z,2026-06-06T16:03:38Z,1.17
RG20 9AF,SEPD,HV,2,"TH3164,TH7892",730,2026-06-03T10:04:32Z,2026-06-06T16:03:38Z,1.17
RG20 9JJ,SEPD,HV,2,"TH3164,TH7892",730,2026-06-03T10:04:32Z,2026-06-06T16:03:38Z,1.17
RG20 9JQ,SEPD,HV,2,"TH3164,TH7892",730,2026-06-03T10:04:32Z,2026-06-06T16:03:38Z,1.17
RG25 3EJ,SEPD,HV,2,"TH3164,TH7892",730,2026-06-03T10:04:32Z,2026-06-06T16:03:38Z,1.17
RG26 4AY,SEPD,HV,2,"TH3164,TH7892",730,2026-06-03T10:04:32Z,2026-06-06T16:03:38Z,1.17
RG26 5JN,SEPD,HV,2,"TH3164,TH7892",730,2026-06-03T10:04:32Z,2026-06-06T16:03:38Z,1.17
RG26 5JW,SEPD,HV,2,"TH3164,TH7892",730,2026-06-03T10:04:32Z,2026-06-06T16:03:38Z,1.17
RG26 5RY,SEPD,HV,2,"TH3164,TH7892",730,2026-06-03T10:04:32Z,2026-06-06T16:03:38Z,1.17
RG26 5RZ,SEPD,HV,2,"TH3164,TH7892",730,2026-06-03T10:04:32Z,2026-06-06T16:03:38Z,1.17
RG26 5SA,SEPD,HV,2,"TH3164,TH7892",730,2026-06-03T10:04:32Z,2026-06-06T16:03:38Z,1.17
RG26 5SD,SEPD,HV,2,"TH3164,TH7892",730,2026-06-03T10:04:32Z,2026-06-06T16:03:38Z,1.17
RG26 5WR,SEPD,HV,2,"TH3164,TH7892",730,2026-06-03T10:04:32Z,2026-06-06T16:03:38Z,1.17
RG7 4RN,SEPD,HV,2,"TH3164,TH7892",730,2026-06-03T10:04:32Z,2026-06-06T16:03:38Z,1.17
RG7 4RT,SEPD,HV,2,"TH3164,TH7892",730,2026-06-03T10:04:32Z,2026-06-06T16:03:38Z,1.17
RG7 4RU,SEPD,HV,2,"TH3164,TH7892",730,2026-06-03T10:04:32Z,2026-06-06T16:03:38Z,1.17
RG7 4RX,SEPD,HV,2,"TH3164,TH7892",730,2026-06-03T10:04:32Z,2026-06-06T16:03:38Z,1.17
SO41 5RT,SEPD,HV,2,"TH4215,TH7879",123,2026-06-03T21:56:18Z,2026-06-06T16:03:38Z,1.17
GU14 6BS,SEPD,LV,1,TH7914,8,2026-06-06T14:53:20Z,2026-06-06T16:03:38Z,1.17
RG19 8AN,SEPD,HV,1,TH7892,57,2026-06-06T14:53:20Z,2026-06-06T16:03:38Z,1.17
RG19 8AR,SEPD,HV,1,TH7892,57,2026-06-06T14:53:20Z,2026-06-06T16:03:38Z,1.17
RG19 8AS,SEPD,HV,1,TH7892,57,2026-06-06T14:53:20Z,2026-06-06T16:03:38Z,1.17
RG19 8AT,SEPD,HV,1,TH7892,57,2026-06-06T14:53:20Z,2026-06-06T16:03:38Z,1.17
RG19 8AU,SEPD,HV,1,TH7892,57,2026-06-06T14:53:20Z,2026-06-06T16:03:38Z,1.17
RG19 8AX,SEPD,HV,1,TH7892,57,2026-06-06T14:53:20Z,2026-06-06T16:03:38Z,1.17
RG19 8AY,SEPD,HV,1,TH7892,57,2026-06-06T14:53:20Z,2026-06-06T16:03:38Z,1.17
RG19 8BP,SEPD,HV,1,TH7892,57,2026-06-06T14:53:20Z,2026-06-06T16:03:38Z,1.17
RG19 8BR,SEPD,HV,1,TH7892,57,2026-06-06T14:53:20Z,2026-06-06T16:03:38Z,1.17
RG19 8BS,SEPD,HV,1,TH7892,57,2026-06-06T14:53:20Z,2026-06-06T16:03:38Z,1.17
RG19 8DG,SEPD,HV,1,TH7892,57,2026-06-06T14:53:20Z,2026-06-06T16:03:38Z,1.17
RG19 8DH,SEPD,HV,1,TH7892,57,2026-06-06T14:53:20Z,2026-06-06T16:03:38Z,1.17
RG19 8DQ,SEPD,HV,1,TH7892,57,2026-06-06T14:53:20Z,2026-06-06T16:03:38Z,1.17
RG19 8EA,SEPD,HV,1,TH7892,57,2026-06-06T14:53:20Z,2026-06-06T16:03:38Z,1.17
RG19 8EB,SEPD,HV,1,TH7892,57,2026-06-06T14:53:20Z,2026-06-06T16:03:38Z,1.17
RG19 8ED,SEPD,HV,1,TH7892,57,2026-06-06T14:53:20Z,2026-06-06T16:03:38Z,1.17
RG19 8EE,SEPD,HV,1,TH7892,57,2026-06-06T14:53:20Z,2026-06-06T16:03:38Z,1.17
RG19 8EF,SEPD,HV,1,TH7892,57,2026-06-06T14:53:20Z,2026-06-06T16:03:38Z,1.17
RG19 8EG,SEPD,HV,1,TH7892,57,2026-06-06T14:53:20Z,2026-06-06T16:03:38Z,1.17
RG19 8EH,SEPD,HV,1,TH7892,57,2026-06-06T14:53:20Z,2026-06-06T16:03:38Z,1.17
RG19 8EJ,SEPD,HV,1,TH7892,57,2026-06-06T14:53:20Z,2026-06-06T16:03:38Z,1.17
RG19 8EQ,SEPD,HV,1,TH7892,57,2026-06-06T14:53:20Z,2026-06-06T16:03:38Z,1.17
RG19 8LN,SEPD,HV,1,TH7892,57,2026-06-06T14:53:20Z,2026-06-06T16:03:38Z,1.17
RG19 8LP,SEPD,HV,1,TH7892,57,2026-06-06T14:53:20Z,2026-06-06T16:03:38Z,1.17
RG19 8LU,SEPD,HV,1,TH7892,57,2026-06-06T14:53:20Z,2026-06-06T16:03:38Z,1.17
RG19 8LW,SEPD,HV,1,TH7892,57,2026-06-06T14:53:20Z,2026-06-06T16:03:38Z,1.17
RG19 8QN,SEPD,HV,1,TH7892,57,2026-06-06T14:53:20Z,2026-06-06T16:03:38Z,1.17
RG7 4PT,SEPD,HV,1,TH7892,57,2026-06-06T14:53:20Z,2026-06-06T16:03:38Z,1.17
SO41 5AB,SEPD,HV,1,TH7879,8,2026-06-06T14:53:20Z,2026-06-06T16:03:38Z,1.17
SO41 5RP,SEPD,HV,1,TH7879,8,2026-06-06T14:53:20Z,2026-06-06T16:03:38Z,1.17
SO41 5RQ,SEPD,HV,1,TH7879,8,2026-06-06T14:53:20Z,2026-06-06T16:03:38Z,1.17
SO41 5RR,SEPD,HV,1,TH7879,8,2026-06-06T14:53:20Z,2026-06-06T16:03:38Z,1.17
SO41 5RS,SEPD,HV,1,TH7879,8,2026-06-06T14:53:20Z,2026-06-06T16:03:38Z,1.17
SO41 5RU,SEPD,HV,1,TH7879,8,2026-06-06T14:53:20Z,2026-06-06T16:03:38Z,1.17
SO41 5SB,SEPD,HV,1,TH7879,8,2026-06-06T14:53:20Z,2026-06-06T16:03:38Z,1.17
SO41 5SD,SEPD,HV,1,TH7879,8,2026-06-06T14:53:20Z,2026-06-06T16:03:38Z,1.17
SO41 5SE,SEPD,HV,1,TH7879,8,2026-06-06T14:53:20Z,2026-06-06T16:03:38Z,1.17
SO41 5SF,SEPD,HV,1,TH7879,8,2026-06-06T14:53:20Z,2026-06-06T16:03:38Z,1.17
SO41 5SG,SEPD,HV,1,TH7879,8,2026-06-06T14:53:20Z,2026-06-06T16:03:38Z,1.17
SO41 5SH,SEPD,HV,1,TH7879,8,2026-06-06T14:53:20Z,2026-06-06T16:03:38Z,1.17
SO41 5ZB,SEPD,HV,1,TH7879,8,2026-06-06T14:53:20Z,2026-06-06T16:03:38Z,1.17
TW8 0AX,SEPD,LV,1,TH7861,36,2026-06-06T14:53:20Z,2026-06-06T16:03:38Z,1.17
TW8 0LS,SEPD,LV,1,TH7861,36,2026-06-06T14:53:20Z,2026-06-06T16:03:38Z,1.17
TW8 0LU,SEPD,LV,1,TH7861,36,2026-06-06T14:53:20Z,2026-06-06T16:03:38Z,1.17
TW8 0QY,SEPD,LV,1,TH7861,36,2026-06-06T14:53:20Z,2026-06-06T16:03:38Z,1.17
TW8 9BS,SEPD,LV,1,TH7861,36,2026-06-06T14:53:20Z,2026-06-06T16:03:38Z,1.17
SN13 9EZ,SEPD,LV,1,TH8623,17,2026-06-06T21:33:01Z,2026-06-06T22:40:35Z,1.13
SN13 9HA,SEPD,LV,1,TH8623,17,2026-06-06T21:33:01Z,2026-06-06T22:40:35Z,1.13
SN13 9HB,SEPD,LV,1,TH8623,17,2026-06-06T21:33:01Z,2026-06-06T22:40:35Z,1.13
SN13 9RH,SEPD,LV,1,TH8623,17,2026-06-06T21:33:01Z,2026-06-06T22:40:35Z,1.13
SP6 1BX,SEPD,HV,1,TH9696,32,2026-06-07T22:51:19Z,2026-06-07T23:58:05Z,1.11
SP6 3BP,SEPD,HV,1,TH9696,32,2026-06-07T22:51:19Z,2026-06-07T23:58:05Z,1.11
SP6 3BS,SEPD,HV,1,TH9696,32,2026-06-07T22:51:19Z,2026-06-07T23:58:05Z,1.11
SP6 3BT,SEPD,HV,1,TH9696,32,2026-06-07T22:51:19Z,2026-06-07T23:58:05Z,1.11
SP6 3BX,SEPD,HV,1,TH9696,32,2026-06-07T22:51:19Z,2026-06-07T23:58:05Z,1.11
SP6 3EL,SEPD,HV,1,TH9696,32,2026-06-07T22:51:19Z,2026-06-07T23:58:05Z,1.11
SO20 6NH,SEPD,LV,1,TH8130,17,2026-06-06T22:40:35Z,2026-06-06T23:44:50Z,1.07
SO20 6NJ,SEPD,LV,1,TH8130,17,2026-06-06T22:40:35Z,2026-06-06T23:44:50Z,1.07
SO20 6NL,SEPD,LV,1,TH8130,17,2026-06-06T22:40:35Z,2026-06-06T23:44:50Z,1.07
SO20 6NN,SEPD,LV,1,TH8130,17,2026-06-06T22:40:35Z,2026-06-06T23:44:50Z,1.07
SO20 6NU,SEPD,LV,1,TH8130,17,2026-06-06T22:40:35Z,2026-06-06T23:44:50Z,1.07
SO20 6NW,SEPD,LV,1,TH8130,17,2026-06-06T22:40:35Z,2026-06-06T23:44:50Z,1.07
SO20 6NY,SEPD,LV,1,TH8130,17,2026-06-06T22:40:35Z,2026-06-06T23:44:50Z,1.07
SO20 6NZ,SEPD,LV,1,TH8130,17,2026-06-06T22:40:35Z,2026-06-06T23:44:50Z,1.07
SO20 6PF,SEPD,LV,1,TH8130,17,2026-06-06T22:40:35Z,2026-06-06T23:44:50Z,1.07
SO23 8UT,SEPD,LV,1,TH8130,17,2026-06-06T22:40:35Z,2026-06-06T23:44:50Z,1.07
SL2 5AG,SEPD,LV,1,TH9660,16,2026-06-07T21:49:52Z,2026-06-07T22:51:19Z,1.02
DD4 8TA,SHEPD,LV,4,"TH7255,TH9005,TJ0241,TJ1128",56,2026-06-05T18:52:44Z,2026-06-09T04:38:14Z,0.0
DD4 8TD,SHEPD,LV,4,"TH7255,TH9005,TJ0241,TJ1128",56,2026-06-05T18:52:44Z,2026-06-09T04:38:14Z,0.0
DD5 1QQ,SHEPD,LV,4,"TH7255,TH9005,TJ0241,TJ1128",56,2026-06-05T18:52:44Z,2026-06-09T04:38:14Z,0.0
DD5 1QS,SHEPD,LV,4,"TH7255,TH9005,TJ0241,TJ1128",56,2026-06-05T18:52:44Z,2026-06-09T04:38:14Z,0.0
DD5 1QX,SHEPD,LV,4,"TH7255,TH9005,TJ0241,TJ1128",56,2026-06-05T18:52:44Z,2026-06-09T04:38:14Z,0.0
DD5 1RE,SHEPD,LV,4,"TH7255,TH9005,TJ0241,TJ1128",56,2026-06-05T18:52:44Z,2026-06-09T04:38:14Z,0.0
BH21 1PQ,SEPD,LV,3,"TH7810,TH9913,TJ2583",54,2026-06-06T14:53:20Z,2026-06-09T21:09:14Z,0.0
BA12 6AQ,SEPD,HV,2,"TH4378,TH4723",253,2026-06-03T23:53:04Z,2026-06-04T08:07:26Z,0.0
BA12 7EY,SEPD,HV,2,"TH4378,TH4723",253,2026-06-03T23:53:04Z,2026-06-04T08:07:26Z,0.0
BH21 6RD,SEPD,PSI,2,"251284,251572",45,2026-06-03T10:04:32Z,2026-06-06T10:22:46Z,0.0
DT9 6SR,SEPD,LV,2,"TH3270,TJ1247",16,2026-06-03T10:04:32Z,2026-06-09T08:21:11Z,0.0
DT9 6SS,SEPD,LV,2,"TH3270,TJ1247",16,2026-06-03T10:04:32Z,2026-06-09T08:21:11Z,0.0
DT9 6ST,SEPD,LV,2,"TH3270,TJ1247",16,2026-06-03T10:04:32Z,2026-06-09T08:21:11Z,0.0
DT9 6SU,SEPD,LV,2,"TH3270,TJ1247",16,2026-06-03T10:04:32Z,2026-06-09T08:21:11Z,0.0
GU31 5AE,SEPD,"PSI,HV",2,"250948,TH8687",238,2026-06-06T23:44:50Z,2026-06-09T08:21:11Z,0.0
GU31 5AG,SEPD,"PSI,HV",2,"250948,TH8687",238,2026-06-06T23:44:50Z,2026-06-09T08:21:11Z,0.0
GU31 5AH,SEPD,"PSI,HV",2,"250948,TH8687",238,2026-06-06T23:44:50Z,2026-06-09T08:21:11Z,0.0
GU31 5AJ,SEPD,"PSI,HV",2,"250948,TH8687",238,2026-06-06T23:44:50Z,2026-06-09T08:21:11Z,0.0
GU31 5AL,SEPD,"PSI,HV",2,"250948,TH8687",238,2026-06-06T23:44:50Z,2026-06-09T08:21:11Z,0.0
GU31 5AN,SEPD,"PSI,HV",2,"250948,TH8687",238,2026-06-06T23:44:50Z,2026-06-09T08:21:11Z,0.0
GU31 5AQ,SEPD,"PSI,HV",2,"250948,TH8687",238,2026-06-06T23:44:50Z,2026-06-09T08:21:11Z,0.0
GU31 5AR,SEPD,"PSI,HV",2,"250948,TH8687",238,2026-06-06T23:44:50Z,2026-06-09T08:21:11Z,0.0
GU31 5AS,SEPD,"PSI,HV",2,"250948,TH8687",238,2026-06-06T23:44:50Z,2026-06-09T08:21:11Z,0.0
GU31 5AW,SEPD,"PSI,HV",2,"250948,TH8687",238,2026-06-06T23:44:50Z,2026-06-09T08:21:11Z,0.0
GU33 7QT,SEPD,"PSI,HV",2,"250948,TH8687",238,2026-06-06T23:44:50Z,2026-06-09T08:21:11Z,0.0
GU33 7QU,SEPD,"PSI,HV",2,"250948,TH8687",238,2026-06-06T23:44:50Z,2026-06-09T08:21:11Z,0.0
GU9 7ST,SEPD,LV,2,"TH8090,TJ0817",18,2026-06-06T16:03:38Z,2026-06-08T19:40:58Z,0.0
GU9 7SW,SEPD,LV,2,"TH8090,TJ0817",18,2026-06-06T16:03:38Z,2026-06-08T19:40:58Z,0.0
GU9 7TB,SEPD,LV,2,"TH8090,TJ0817",18,2026-06-06T16:03:38Z,2026-06-08T19:40:58Z,0.0
GU9 7TH,SEPD,LV,2,"TH8090,TJ0817",18,2026-06-06T16:03:38Z,2026-06-08T19:40:58Z,0.0
GU9 7TJ,SEPD,LV,2,"TH8090,TJ0817",18,2026-06-06T16:03:38Z,2026-06-08T19:40:58Z,0.0
GU9 7UD,SEPD,LV,2,"TH8090,TJ0817",18,2026-06-06T16:03:38Z,2026-06-08T19:40:58Z,0.0
GU9 7UJ,SEPD,LV,2,"TH8090,TJ0817",18,2026-06-06T16:03:38Z,2026-06-08T19:40:58Z,0.0
GU9 7UT,SEPD,LV,2,"TH8090,TJ0817",18,2026-06-06T16:03:38Z,2026-06-08T19:40:58Z,0.0
HP13 5FY,SEPD,"HV,LV",2,"TH6965,TH9587",42,2026-06-05T14:13:43Z,2026-06-07T20:38:04Z,0.0
HP13 5PU,SEPD,"HV,LV",2,"TH6965,TH9587",42,2026-06-05T14:13:43Z,2026-06-07T20:38:04Z,0.0
HP13 5PY,SEPD,"HV,LV",2,"TH6965,TH9587",42,2026-06-05T14:13:43Z,2026-06-07T20:38:04Z,0.0
HP16 0JA,SEPD,HV,2,"TH6185,TH6965",96,2026-06-05T08:33:42Z,2026-06-05T14:13:43Z,0.0
HP16 0JL,SEPD,HV,2,"TH6185,TH6965",96,2026-06-05T08:33:42Z,2026-06-05T14:13:43Z,0.0
HP22 7DT,SEPD,LV,2,"TJ0527,TJ0976",26,2026-06-08T19:40:58Z,2026-06-08T19:40:58Z,0.0
HP22 7DU,SEPD,LV,2,"TJ0527,TJ0976",26,2026-06-08T19:40:58Z,2026-06-08T19:40:58Z,0.0
HP22 7DX,SEPD,LV,2,"TJ0527,TJ0976",26,2026-06-08T19:40:58Z,2026-06-08T19:40:58Z,0.0
HP22 7EB,SEPD,LV,2,"TJ0527,TJ0976",26,2026-06-08T19:40:58Z,2026-06-08T19:40:58Z,0.0
HS2 9QB,SHEPD,"PSI,HV",2,"251299,TJ1096",304,2026-06-05T08:33:42Z,2026-06-09T00:13:01Z,0.0
IV30 1PH,SHEPD,LV,2,"TH3629,TH6445",26,2026-06-03T15:02:39Z,2026-06-05T11:48:52Z,0.0
IV30 1PJ,SHEPD,LV,2,"TH3629,TH6445",26,2026-06-03T15:02:39Z,2026-06-05T11:48:52Z,0.0
IV30 1PL,SHEPD,LV,2,"TH3629,TH6445",26,2026-06-03T15:02:39Z,2026-06-05T11:48:52Z,0.0
IV30 1PN,SHEPD,LV,2,"TH3629,TH6445",26,2026-06-03T15:02:39Z,2026-06-05T11:48:52Z,0.0
IV30 1SH,SHEPD,LV,2,"TH3629,TH6445",26,2026-06-03T15:02:39Z,2026-06-05T11:48:52Z,0.0
IV30 1SQ,SHEPD,LV,2,"TH3629,TH6445",26,2026-06-03T15:02:39Z,2026-06-05T11:48:52Z,0.0
OX14 2PB,SEPD,LV,2,"TH6152,TH7300",18,2026-06-05T04:40:55Z,2026-06-05T20:46:32Z,0.0
OX14 2PF,SEPD,LV,2,"TH6152,TH7300",18,2026-06-05T04:40:55Z,2026-06-05T20:46:32Z,0.0
OX14 2PG,SEPD,LV,2,"TH6152,TH7300",18,2026-06-05T04:40:55Z,2026-06-05T20:46:32Z,0.0
PA28 6PT,SHEPD,"PSI,HV",2,"251599,TJ1059",24,2026-06-04T11:24:55Z,2026-06-08T23:00:23Z,0.0
PO18 8PP,SEPD,"PSI,LV",2,"251819,TG7256",44,2026-06-03T10:04:32Z,2026-06-04T11:24:55Z,0.0
PO18 8PR,SEPD,"PSI,LV",2,"251819,TG7256",44,2026-06-03T10:04:32Z,2026-06-04T11:24:55Z,0.0
RG24 8EU,SEPD,LV,2,"TH4245,TH5625",88,2026-06-03T21:56:18Z,2026-06-04T17:26:14Z,0.0
RG24 8EX,SEPD,LV,2,"TH4245,TH5625",88,2026-06-03T21:56:18Z,2026-06-04T17:26:14Z,0.0
RG24 8EZ,SEPD,LV,2,"TH4245,TH5625",88,2026-06-03T21:56:18Z,2026-06-04T17:26:14Z,0.0
RG24 8RS,SEPD,LV,2,"TH4245,TH5625",88,2026-06-03T21:56:18Z,2026-06-04T17:26:14Z,0.0
RG24 8SU,SEPD,LV,2,"TH4245,TH5625",88,2026-06-03T21:56:18Z,2026-06-04T17:26:14Z,0.0
RG24 8SX,SEPD,LV,2,"TH4245,TH5625",88,2026-06-03T21:56:18Z,2026-06-04T17:26:14Z,0.0
RG24 8TD,SEPD,LV,2,"TH4245,TH5625",88,2026-06-03T21:56:18Z,2026-06-04T17:26:14Z,0.0
RG9 2AH,SEPD,LV,2,"TH7151,TJ2476",56,2026-06-05T16:44:20Z,2026-06-09T19:04:32Z,0.0
RG9 2AN,SEPD,LV,2,"TH7151,TJ2476",56,2026-06-05T16:44:20Z,2026-06-09T19:04:32Z,0.0
RG9 2BA,SEPD,LV,2,"TH7151,TJ2476",56,2026-06-05T16:44:20Z,2026-06-09T19:04:32Z,0.0
RG9 2BD,SEPD,LV,2,"TH7151,TJ2476",56,2026-06-05T16:44:20Z,2026-06-09T19:04:32Z,0.0
RG9 2BF,SEPD,LV,2,"TH7151,TJ2476",56,2026-06-05T16:44:20Z,2026-06-09T19:04:32Z,0.0
RG9 2BG,SEPD,LV,2,"TH7151,TJ2476",56,2026-06-05T16:44:20Z,2026-06-09T19:04:32Z,0.0
RG9 2BL,SEPD,LV,2,"TH7151,TJ2476",56,2026-06-05T16:44:20Z,2026-06-09T19:04:32Z,0.0
RG9 2BW,SEPD,LV,2,"TH7151,TJ2476",56,2026-06-05T16:44:20Z,2026-06-09T19:04:32Z,0.0
RG9 2FH,SEPD,LV,2,"TH7151,TJ2476",56,2026-06-05T16:44:20Z,2026-06-09T19:04:32Z,0.0
SN12 6FA,SEPD,LV,2,"TH4387,TH8646",36,2026-06-03T23:53:04Z,2026-06-06T22:40:35Z,0.0
SN12 6FD,SEPD,LV,2,"TH4387,TH8646",36,2026-06-03T23:53:04Z,2026-06-06T22:40:35Z,0.0
SN12 6FE,SEPD,LV,2,"TH4387,TH8646",36,2026-06-03T23:53:04Z,2026-06-06T22:40:35Z,0.0
SN12 6FQ,SEPD,LV,2,"TH4387,TH8646",36,2026-06-03T23:53:04Z,2026-06-06T22:40:35Z,0.0
SN25 3AE,SEPD,LV,2,"TH6082,TH8776",28,2026-06-05T08:33:42Z,2026-06-07T06:40:11Z,0.0
SN25 3BJ,SEPD,LV,2,"TH6082,TH8776",28,2026-06-05T08:33:42Z,2026-06-07T06:40:11Z,0.0
SN25 3BL,SEPD,LV,2,"TH6082,TH8776",28,2026-06-05T08:33:42Z,2026-06-07T06:40:11Z,0.0
SN25 3ZE,SEPD,LV,2,"TH6082,TH8776",28,2026-06-05T08:33:42Z,2026-06-07T06:40:11Z,0.0
SP3 6AA,SEPD,HV,2,"TH4378,TH4723",253,2026-06-03T23:53:04Z,2026-06-04T08:07:26Z,0.0
SP3 6AB,SEPD,HV,2,"TH4378,TH4723",253,2026-06-03T23:53:04Z,2026-06-04T08:07:26Z,0.0
SP3 6BB,SEPD,HV,2,"TH4378,TH4723",253,2026-06-03T23:53:04Z,2026-06-04T08:07:26Z,0.0
SP3 6BD,SEPD,HV,2,"TH4378,TH4723",253,2026-06-03T23:53:04Z,2026-06-04T08:07:26Z,0.0
SP3 6BE,SEPD,HV,2,"TH4378,TH4723",253,2026-06-03T23:53:04Z,2026-06-04T08:07:26Z,0.0
SP3 6BG,SEPD,HV,2,"TH4378,TH4723",253,2026-06-03T23:53:04Z,2026-06-04T08:07:26Z,0.0
SP3 6BH,SEPD,HV,2,"TH4378,TH4723",253,2026-06-03T23:53:04Z,2026-06-04T08:07:26Z,0.0
SP3 6BJ,SEPD,HV,2,"TH4378,TH4723",253,2026-06-03T23:53:04Z,2026-06-04T08:07:26Z,0.0
SP3 6BQ,SEPD,HV,2,"TH4378,TH4723",253,2026-06-03T23:53:04Z,2026-06-04T08:07:26Z,0.0
SP3 6BW,SEPD,HV,2,"TH4378,TH4723",253,2026-06-03T23:53:04Z,2026-06-04T08:07:26Z,0.0
SP3 6FE,SEPD,HV,2,"TH4378,TH4723",253,2026-06-03T23:53:04Z,2026-06-04T08:07:26Z,0.0
SP4 8AG,SEPD,LV,2,"TH8122,TH8242",22,2026-06-06T21:33:01Z,2026-06-06T22:40:35Z,0.0
SP4 8AL,SEPD,LV,2,"TH8122,TH8242",22,2026-06-06T21:33:01Z,2026-06-06T22:40:35Z,0.0
SP4 8AP,SEPD,LV,2,"TH8122,TH8242",22,2026-06-06T21:33:01Z,2026-06-06T22:40:35Z,0.0
SP4 8AR,SEPD,LV,2,"TH8122,TH8242",22,2026-06-06T21:33:01Z,2026-06-06T22:40:35Z,0.0
SP4 8AS,SEPD,LV,2,"TH8122,TH8242",22,2026-06-06T21:33:01Z,2026-06-06T22:40:35Z,0.0
AB11 5AA,SHEPD,LV,1,TH8987,33,2026-06-07T11:41:37Z,2026-06-07T11:41:37Z,0.0
AB11 5PF,SHEPD,LV,1,TH8987,33,2026-06-07T11:41:37Z,2026-06-07T11:41:37Z,0.0
AB11 5PP,SHEPD,LV,1,TH8987,33,2026-06-07T11:41:37Z,2026-06-07T11:41:37Z,0.0
AB11 5QL,SHEPD,LV,1,TH8987,33,2026-06-07T11:41:37Z,2026-06-07T11:41:37Z,0.0
AB11 5QN,SHEPD,LV,1,TH8987,33,2026-06-07T11:41:37Z,2026-06-07T11:41:37Z,0.0
AB11 5QP,SHEPD,LV,1,TH8987,33,2026-06-07T11:41:37Z,2026-06-07T11:41:37Z,0.0
AB11 5QR,SHEPD,LV,1,TH8987,33,2026-06-07T11:41:37Z,2026-06-07T11:41:37Z,0.0
AB11 5RE,SHEPD,LV,1,TH8987,33,2026-06-07T11:41:37Z,2026-06-07T11:41:37Z,0.0
AB30 1UD,SHEPD,PSI,1,251031,19,2026-06-03T10:04:32Z,2026-06-03T10:04:32Z,0.0
AB39 3YN,SHEPD,PSI,1,251031,19,2026-06-03T10:04:32Z,2026-06-03T10:04:32Z,0.0
AB39 3YQ,SHEPD,PSI,1,251031,19,2026-06-03T10:04:32Z,2026-06-03T10:04:32Z,0.0
AB41 6TA,SHEPD,HV,1,TJ2162,64,2026-06-09T14:03:39Z,2026-06-09T14:03:39Z,0.0
AB41 7LN,SHEPD,HV,1,TJ2162,64,2026-06-09T14:03:39Z,2026-06-09T14:03:39Z,0.0
AB41 7LP,SHEPD,HV,1,TJ2162,64,2026-06-09T14:03:39Z,2026-06-09T14:03:39Z,0.0
AB41 7LQ,SHEPD,HV,1,TJ2162,64,2026-06-09T14:03:39Z,2026-06-09T14:03:39Z,0.0
AB41 7PA,SHEPD,HV,1,TJ2162,64,2026-06-09T14:03:39Z,2026-06-09T14:03:39Z,0.0
AB41 7PB,SHEPD,HV,1,TJ2162,64,2026-06-09T14:03:39Z,2026-06-09T14:03:39Z,0.0
AB41 7PD,SHEPD,HV,1,TJ2162,64,2026-06-09T14:03:39Z,2026-06-09T14:03:39Z,0.0
AB41 7PE,SHEPD,HV,1,TJ2162,64,2026-06-09T14:03:39Z,2026-06-09T14:03:39Z,0.0
AB41 7PH,SHEPD,HV,1,TJ2162,64,2026-06-09T14:03:39Z,2026-06-09T14:03:39Z,0.0
AB41 7PJ,SHEPD,HV,1,TJ2162,64,2026-06-09T14:03:39Z,2026-06-09T14:03:39Z,0.0
AB41 7PL,SHEPD,HV,1,TJ2162,64,2026-06-09T14:03:39Z,2026-06-09T14:03:39Z,0.0
AB41 7PN,SHEPD,HV,1,TJ2162,64,2026-06-09T14:03:39Z,2026-06-09T14:03:39Z,0.0
AB41 7PX,SHEPD,HV,1,TJ2162,64,2026-06-09T14:03:39Z,2026-06-09T14:03:39Z,0.0
AB41 7QA,SHEPD,HV,1,TJ2162,64,2026-06-09T14:03:39Z,2026-06-09T14:03:39Z,0.0
AB43 9BW,SHEPD,LV,1,TH7178,11,2026-06-05T16:44:20Z,2026-06-05T16:44:20Z,0.0
AB43 9SN,SHEPD,LV,1,TH7178,11,2026-06-05T16:44:20Z,2026-06-05T16:44:20Z,0.0
AB43 9SQ,SHEPD,LV,1,TH7178,11,2026-06-05T16:44:20Z,2026-06-05T16:44:20Z,0.0
AB43 9SY,SHEPD,LV,1,TH7178,11,2026-06-05T16:44:20Z,2026-06-05T16:44:20Z,0.0
AB51 0HG,SHEPD,PSI,1,251445,10,2026-06-03T10:04:32Z,2026-06-03T10:04:32Z,0.0
AB51 0LA,SHEPD,PSI,1,251445,10,2026-06-03T10:04:32Z,2026-06-03T10:04:32Z,0.0
AB51 0LB,SHEPD,PSI,1,251445,10,2026-06-03T10:04:32Z,2026-06-03T10:04:32Z,0.0
AB51 0LE,SHEPD,PSI,1,251445,10,2026-06-03T10:04:32Z,2026-06-03T10:04:32Z,0.0
AB54 4SH,SHEPD,PSI,1,251190,53,2026-06-08T09:52:09Z,2026-06-08T09:52:09Z,0.0
AB54 4UH,SHEPD,PSI,1,251190,53,2026-06-08T09:52:09Z,2026-06-08T09:52:09Z,0.0
AB54 4UP,SHEPD,PSI,1,251190,53,2026-06-08T09:52:09Z,2026-06-08T09:52:09Z,0.0
AB54 6AP,SHEPD,HV,1,TH6625,26,2026-06-05T11:48:52Z,2026-06-05T11:48:52Z,0.0
AB54 6AQ,SHEPD,HV,1,TH6625,26,2026-06-05T11:48:52Z,2026-06-05T11:48:52Z,0.0
AB54 6AR,SHEPD,HV,1,TH6625,26,2026-06-05T11:48:52Z,2026-06-05T11:48:52Z,0.0
AB54 6AS,SHEPD,HV,1,TH6625,26,2026-06-05T11:48:52Z,2026-06-05T11:48:52Z,0.0
AB54 6AT,SHEPD,HV,1,TH6625,26,2026-06-05T11:48:52Z,2026-06-05T11:48:52Z,0.0
AB54 8EB,SHEPD,LV,1,TH5652,18,2026-06-04T17:26:14Z,2026-06-04T17:26:14Z,0.0
AB54 8EN,SHEPD,PSI,1,251190,53,2026-06-08T09:52:09Z,2026-06-08T09:52:09Z,0.0
AB54 8EP,SHEPD,PSI,1,251190,53,2026-06-08T09:52:09Z,2026-06-08T09:52:09Z,0.0
AB54 8EY,SHEPD,LV,1,TH5652,18,2026-06-04T17:26:14Z,2026-06-04T17:26:14Z,0.0
AB54 8GD,SHEPD,PSI,1,251190,53,2026-06-08T09:52:09Z,2026-06-08T09:52:09Z,0.0
AB54 8HE,SHEPD,LV,1,TH5652,18,2026-06-04T17:26:14Z,2026-06-04T17:26:14Z,0.0
AB54 8HF,SHEPD,LV,1,TH5652,18,2026-06-04T17:26:14Z,2026-06-04T17:26:14Z,0.0
AB54 8HG,SHEPD,LV,1,TH5652,18,2026-06-04T17:26:14Z,2026-06-04T17:26:14Z,0.0
AB54 8HS,SHEPD,LV,1,TH5652,18,2026-06-04T17:26:14Z,2026-06-04T17:26:14Z,0.0
AB54 8HT,SHEPD,LV,1,TH5652,18,2026-06-04T17:26:14Z,2026-06-04T17:26:14Z,0.0
AB56 1AB,SHEPD,LV,1,TJ0656,8,2026-06-08T17:26:59Z,2026-06-08T17:26:59Z,0.0
AB56 1BA,SHEPD,LV,1,TJ0656,8,2026-06-08T17:26:59Z,2026-06-08T17:26:59Z,0.0
AB56 1ER,SHEPD,LV,1,TJ0656,8,2026-06-08T17:26:59Z,2026-06-08T17:26:59Z,0.0
AB56 1JX,SHEPD,LV,1,TJ0656,8,2026-06-08T17:26:59Z,2026-06-08T17:26:59Z,0.0
AB56 1PB,SHEPD,LV,1,TJ0656,8,2026-06-08T17:26:59Z,2026-06-08T17:26:59Z,0.0
BA10 0LP,SEPD,PSI,1,251832,15,2026-06-04T11:24:55Z,2026-06-04T11:24:55Z,0.0
BA11 2QR,SEPD,LV,1,TH4431,22,2026-06-04T08:07:26Z,2026-06-04T08:07:26Z,0.0
BA11 2QT,SEPD,LV,1,TH4431,22,2026-06-04T08:07:26Z,2026-06-04T08:07:26Z,0.0
BA11 2QU,SEPD,LV,1,TH4431,22,2026-06-04T08:07:26Z,2026-06-04T08:07:26Z,0.0
BA11 2QX,SEPD,LV,1,TH4431,22,2026-06-04T08:07:26Z,2026-06-04T08:07:26Z,0.0
BA11 2QY,SEPD,LV,1,TH4431,22,2026-06-04T08:07:26Z,2026-06-04T08:07:26Z,0.0
BA11 2QZ,SEPD,LV,1,TH4431,22,2026-06-04T08:07:26Z,2026-06-04T08:07:26Z,0.0
BA11 2RA,SEPD,LV,1,TH4431,22,2026-06-04T08:07:26Z,2026-06-04T08:07:26Z,0.0
BA11 2RP,SEPD,LV,1,TH4431,22,2026-06-04T08:07:26Z,2026-06-04T08:07:26Z,0.0
BA11 5DG,SEPD,PSI,1,251287,112,2026-06-05T08:33:42Z,2026-06-05T08:33:42Z,0.0
BA11 5DL,SEPD,PSI,1,251287,112,2026-06-05T08:33:42Z,2026-06-05T08:33:42Z,0.0
BA11 5DN,SEPD,PSI,1,251287,112,2026-06-05T08:33:42Z,2026-06-05T08:33:42Z,0.0
BA11 5DP,SEPD,PSI,1,251287,112,2026-06-05T08:33:42Z,2026-06-05T08:33:42Z,0.0
BA11 5DQ,SEPD,PSI,1,251287,112,2026-06-05T08:33:42Z,2026-06-05T08:33:42Z,0.0
BA11 5DT,SEPD,PSI,1,251287,112,2026-06-05T08:33:42Z,2026-06-05T08:33:42Z,0.0
BA11 5DU,SEPD,PSI,1,251287,112,2026-06-05T08:33:42Z,2026-06-05T08:33:42Z,0.0
BA11 5DW,SEPD,PSI,1,251287,112,2026-06-05T08:33:42Z,2026-06-05T08:33:42Z,0.0
BA12 6AA,SEPD,HV,1,TH4378,170,2026-06-03T23:53:04Z,2026-06-03T23:53:04Z,0.0
BA12 6AB,SEPD,HV,1,TH4378,170,2026-06-03T23:53:04Z,2026-06-03T23:53:04Z,0.0
BA12 6AD,SEPD,HV,1,TH4378,170,2026-06-03T23:53:04Z,2026-06-03T23:53:04Z,0.0
BA12 6AE,SEPD,HV,1,TH4378,170,2026-06-03T23:53:04Z,2026-06-03T23:53:04Z,0.0
BA12 6AG,SEPD,HV,1,TH4378,170,2026-06-03T23:53:04Z,2026-06-03T23:53:04Z,0.0
BA12 6AH,SEPD,HV,1,TH4378,170,2026-06-03T23:53:04Z,2026-06-03T23:53:04Z,0.0
BA13,SEPD,PSI,1,251300,28,2026-06-04T11:24:55Z,2026-06-04T11:24:55Z,0.0
BA15 1TT,SEPD,HV,1,TJ1610,75,2026-06-09T11:35:35Z,2026-06-09T11:35:35Z,0.0
BA15 1TU,SEPD,HV,1,TJ1610,75,2026-06-09T11:35:35Z,2026-06-09T11:35:35Z,0.0
BA15 1TX,SEPD,HV,1,TJ1610,75,2026-06-09T11:35:35Z,2026-06-09T11:35:35Z,0.0
BA15 1TY,SEPD,HV,1,TJ1610,75,2026-06-09T11:35:35Z,2026-06-09T11:35:35Z,0.0
BA15 1TZ,SEPD,HV,1,TJ1610,75,2026-06-09T11:35:35Z,2026-06-09T11:35:35Z,0.0
BA15 2JE,SEPD,PSI,1,251300,28,2026-06-04T11:24:55Z,2026-06-04T11:24:55Z,0.0
BA15 2JF,SEPD,PSI,1,251300,28,2026-06-04T11:24:55Z,2026-06-04T11:24:55Z,0.0
BA15 2JG,SEPD,PSI,1,251300,28,2026-06-04T11:24:55Z,2026-06-04T11:24:55Z,0.0
BA15 2JQ,SEPD,PSI,1,251300,28,2026-06-04T11:24:55Z,2026-06-04T11:24:55Z,0.0
BA15 2RN,SEPD,HV,1,TJ1610,75,2026-06-09T11:35:35Z,2026-06-09T11:35:35Z,0.0
BA15 2RP,SEPD,HV,1,TJ1610,75,2026-06-09T11:35:35Z,2026-06-09T11:35:35Z,0.0
BA15 2RQ,SEPD,HV,1,TJ1610,75,2026-06-09T11:35:35Z,2026-06-09T11:35:35Z,0.0
BA15 2RW,SEPD,HV,1,TJ1610,75,2026-06-09T11:35:35Z,2026-06-09T11:35:35Z,0.0
BA2 7FD,SEPD,PSI,1,251300,28,2026-06-04T11:24:55Z,2026-06-04T11:24:55Z,0.0
BA2 7FE,SEPD,PSI,1,251300,28,2026-06-04T11:24:55Z,2026-06-04T11:24:55Z,0.0
BH15 1SN,SEPD,LV,1,TJ0932,7,2026-06-08T19:40:58Z,2026-06-08T19:40:58Z,0.0
BH15 1SR,SEPD,LV,1,TJ0932,7,2026-06-08T19:40:58Z,2026-06-08T19:40:58Z,0.0
BH15 1SS,SEPD,LV,1,TJ0932,7,2026-06-08T19:40:58Z,2026-06-08T19:40:58Z,0.0
BH15 1ST,SEPD,LV,1,TJ0932,7,2026-06-08T19:40:58Z,2026-06-08T19:40:58Z,0.0
BH15 1SZ,SEPD,LV,1,TJ0932,7,2026-06-08T19:40:58Z,2026-06-08T19:40:58Z,0.0
BH15 1TF,SEPD,LV,1,TJ0932,7,2026-06-08T19:40:58Z,2026-06-08T19:40:58Z,0.0
BH15 3AE,SEPD,LV,1,TH4791,6,2026-06-04T08:07:26Z,2026-06-04T08:07:26Z,0.0
BH15 3AT,SEPD,LV,1,TH4791,6,2026-06-04T08:07:26Z,2026-06-04T08:07:26Z,0.0
BH20 6LH,SEPD,PSI,1,250862,143,2026-06-04T11:24:55Z,2026-06-04T11:24:55Z,0.0
BH20 6LN,SEPD,PSI,1,250862,143,2026-06-04T11:24:55Z,2026-06-04T11:24:55Z,0.0
BH20 6LP,SEPD,PSI,1,250862,143,2026-06-04T11:24:55Z,2026-06-04T11:24:55Z,0.0
BH20 6LQ,SEPD,PSI,1,250862,143,2026-06-04T11:24:55Z,2026-06-04T11:24:55Z,0.0
BH20 6LR,SEPD,PSI,1,250862,143,2026-06-04T11:24:55Z,2026-06-04T11:24:55Z,0.0
BH20 6LW,SEPD,PSI,1,250862,143,2026-06-04T11:24:55Z,2026-06-04T11:24:55Z,0.0
BH21 5QH,SEPD,LV,1,TH7492,5,2026-06-06T08:11:56Z,2026-06-06T08:11:56Z,0.0
BH21 5QJ,SEPD,LV,1,TH7492,5,2026-06-06T08:11:56Z,2026-06-06T08:11:56Z,0.0
BH21 6QZ,SEPD,PSI,1,251572,37,2026-06-03T10:04:32Z,2026-06-03T10:04:32Z,0.0
BH21 6UZ,SEPD,PSI,1,251572,37,2026-06-03T10:04:32Z,2026-06-03T10:04:32Z,0.0
BH22 0BW,SEPD,LV,1,TH8674,21,2026-06-06T23:44:50Z,2026-06-06T23:44:50Z,0.0
BH22 0LX,SEPD,LV,1,TH5385,20,2026-06-04T14:14:55Z,2026-06-04T14:14:55Z,0.0
BH22 0LZ,SEPD,LV,1,TH5385,20,2026-06-04T14:14:55Z,2026-06-04T14:14:55Z,0.0
BH22 0NA,SEPD,LV,1,TH5385,20,2026-06-04T14:14:55Z,2026-06-04T14:14:55Z,0.0
BH22 0NB,SEPD,LV,1,TH5385,20,2026-06-04T14:14:55Z,2026-06-04T14:14:55Z,0.0
BH22 0ND,SEPD,LV,1,TH5385,20,2026-06-04T14:14:55Z,2026-06-04T14:14:55Z,0.0
BH22 0PA,SEPD,LV,1,TH8674,21,2026-06-06T23:44:50Z,2026-06-06T23:44:50Z,0.0
BH22 0PB,SEPD,LV,1,TH8674,21,2026-06-06T23:44:50Z,2026-06-06T23:44:50Z,0.0
BH22 0PD,SEPD,LV,1,TH8674,21,2026-06-06T23:44:50Z,2026-06-06T23:44:50Z,0.0
BH22 0PH,SEPD,LV,1,TH8674,21,2026-06-06T23:44:50Z,2026-06-06T23:44:50Z,0.0
BH22 0PL,SEPD,LV,1,TH8674,21,2026-06-06T23:44:50Z,2026-06-06T23:44:50Z,0.0
BH23 3JA,SEPD,LV,1,TH5464,21,2026-06-04T14:14:55Z,2026-06-04T14:14:55Z,0.0
BH23 3JB,SEPD,LV,1,TH5464,21,2026-06-04T14:14:55Z,2026-06-04T14:14:55Z,0.0
BH23 3JD,SEPD,LV,1,TH5464,21,2026-06-04T14:14:55Z,2026-06-04T14:14:55Z,0.0
BH23 3JE,SEPD,LV,1,TH5464,21,2026-06-04T14:14:55Z,2026-06-04T14:14:55Z,0.0
BH23 3JG,SEPD,LV,1,TH5464,21,2026-06-04T14:14:55Z,2026-06-04T14:14:55Z,0.0
BH23 4DG,SEPD,LV,1,TH5464,21,2026-06-04T14:14:55Z,2026-06-04T14:14:55Z,0.0
BH23 4RP,SEPD,LV,1,TH5464,21,2026-06-04T14:14:55Z,2026-06-04T14:14:55Z,0.0
BH23 4RT,SEPD,LV,1,TH5464,21,2026-06-04T14:14:55Z,2026-06-04T14:14:55Z,0.0
BH24,SEPD,PSI,1,251572,37,2026-06-03T10:04:32Z,2026-06-03T10:04:32Z,0.0
BH24 2DA,SEPD,PSI,1,251572,37,2026-06-03T10:04:32Z,2026-06-03T10:04:32Z,0.0
BH24 2ET,SEPD,PSI,1,251572,37,2026-06-03T10:04:32Z,2026-06-03T10:04:32Z,0.0
BH24 3AY,SEPD,HV,1,TJ1678,93,2026-06-09T11:35:35Z,2026-06-09T11:35:35Z,0.0
BH24 3AZ,SEPD,HV,1,TJ1678,93,2026-06-09T11:35:35Z,2026-06-09T11:35:35Z,0.0
BH24 3BG,SEPD,HV,1,TJ1678,93,2026-06-09T11:35:35Z,2026-06-09T11:35:35Z,0.0
BH24 3BH,SEPD,HV,1,TJ1678,93,2026-06-09T11:35:35Z,2026-06-09T11:35:35Z,0.0
BH24 3BJ,SEPD,HV,1,TJ1678,93,2026-06-09T11:35:35Z,2026-06-09T11:35:35Z,0.0
BH24 3BP,SEPD,HV,1,TJ1678,93,2026-06-09T11:35:35Z,2026-06-09T11:35:35Z,0.0
BH24 3BQ,SEPD,HV,1,TJ1678,93,2026-06-09T11:35:35Z,2026-06-09T11:35:35Z,0.0
BH24 3BS,SEPD,HV,1,TJ1678,93,2026-06-09T11:35:35Z,2026-06-09T11:35:35Z,0.0
BH24 3BT,SEPD,HV,1,TJ1678,93,2026-06-09T11:35:35Z,2026-06-09T11:35:35Z,0.0
BH24 3BU,SEPD,HV,1,TJ1678,93,2026-06-09T11:35:35Z,2026-06-09T11:35:35Z,0.0
BH24 3BX,SEPD,HV,1,TJ1678,93,2026-06-09T11:35:35Z,2026-06-09T11:35:35Z,0.0
BH24 3BZ,SEPD,HV,1,TJ1678,93,2026-06-09T11:35:35Z,2026-06-09T11:35:35Z,0.0
BH24 3DA,SEPD,HV,1,TJ1678,93,2026-06-09T11:35:35Z,2026-06-09T11:35:35Z,0.0
BH24 3DB,SEPD,HV,1,TJ1678,93,2026-06-09T11:35:35Z,2026-06-09T11:35:35Z,0.0
BH6 3RA,SEPD,LV,1,TJ2350,10,2026-06-09T16:47:00Z,2026-06-09T16:47:00Z,0.0
BH6 3RS,SEPD,LV,1,TJ2350,10,2026-06-09T16:47:00Z,2026-06-09T16:47:00Z,0.0
BH6 5AB,SEPD,LV,1,TJ2350,10,2026-06-09T16:47:00Z,2026-06-09T16:47:00Z,0.0
BN18 0EH,SEPD,LV,1,TH3927,12,2026-06-03T18:55:31Z,2026-06-03T18:55:31Z,0.0
BN18 0EJ,SEPD,LV,1,TH3927,12,2026-06-03T18:55:31Z,2026-06-03T18:55:31Z,0.0
BN18 0EL,SEPD,LV,1,TH3927,12,2026-06-03T18:55:31Z,2026-06-03T18:55:31Z,0.0
BN18 0EN,SEPD,LV,1,TH3927,12,2026-06-03T18:55:31Z,2026-06-03T18:55:31Z,0.0
BN18 0EP,SEPD,LV,1,TH3927,12,2026-06-03T18:55:31Z,2026-06-03T18:55:31Z,0.0
BN18 0EQ,SEPD,LV,1,TH3927,12,2026-06-03T18:55:31Z,2026-06-03T18:55:31Z,0.0
BN18 0HN,SEPD,LV,1,TH9781,43,2026-06-08T04:55:57Z,2026-06-08T04:55:57Z,0.0
BN18 0HP,SEPD,LV,1,TH9781,43,2026-06-08T04:55:57Z,2026-06-08T04:55:57Z,0.0
BN18 0HW,SEPD,LV,1,TH9781,43,2026-06-08T04:55:57Z,2026-06-08T04:55:57Z,0.0
BN18 0JA,SEPD,LV,1,TH9781,43,2026-06-08T04:55:57Z,2026-06-08T04:55:57Z,0.0
BN18 0LD,SEPD,LV,1,TH9781,43,2026-06-08T04:55:57Z,2026-06-08T04:55:57Z,0.0
DD11 3JT,SHEPD,PSI,1,252140,4,2026-06-09T14:03:39Z,2026-06-09T14:03:39Z,0.0
DD2 1BB,SHEPD,LV,1,TH3146,15,2026-06-03T10:04:32Z,2026-06-03T10:04:32Z,0.0
DD2 1BD,SHEPD,LV,1,TH3146,15,2026-06-03T10:04:32Z,2026-06-03T10:04:32Z,0.0
DD2 1BE,SHEPD,LV,1,TH3146,15,2026-06-03T10:04:32Z,2026-06-03T10:04:32Z,0.0
DD2 1BH,SHEPD,LV,1,TH3146,15,2026-06-03T10:04:32Z,2026-06-03T10:04:32Z,0.0
DD2 1BJ,SHEPD,LV,1,TH3146,15,2026-06-03T10:04:32Z,2026-06-03T10:04:32Z,0.0
DD2 1UG,SHEPD,LV,1,TH3146,15,2026-06-03T10:04:32Z,2026-06-03T10:04:32Z,0.0
DD2 4HA,SHEPD,LV,1,TJ0310,2,2026-06-08T14:00:30Z,2026-06-08T14:00:30Z,0.0
DD3 0DP,SHEPD,HV,1,TJ1147,291,2026-06-09T04:38:14Z,2026-06-09T04:38:14Z,0.0
DD3 0DW,SHEPD,HV,1,TJ1147,291,2026-06-09T04:38:14Z,2026-06-09T04:38:14Z,0.0
DD3 0DZ,SHEPD,HV,1,TJ1147,291,2026-06-09T04:38:14Z,2026-06-09T04:38:14Z,0.0
DD3 0EA,SHEPD,HV,1,TJ1147,291,2026-06-09T04:38:14Z,2026-06-09T04:38:14Z,0.0
DD3 0EB,SHEPD,HV,1,TJ1147,291,2026-06-09T04:38:14Z,2026-06-09T04:38:14Z,0.0
DD3 0EE,SHEPD,HV,1,TJ1147,291,2026-06-09T04:38:14Z,2026-06-09T04:38:14Z,0.0
DD3 0GY,SHEPD,HV,1,TJ1147,291,2026-06-09T04:38:14Z,2026-06-09T04:38:14Z,0.0
DD3 0NA,SHEPD,HV,1,TJ1147,291,2026-06-09T04:38:14Z,2026-06-09T04:38:14Z,0.0
DD3 0NR,SHEPD,HV,1,TJ1147,291,2026-06-09T04:38:14Z,2026-06-09T04:38:14Z,0.0
DD3 0PY,SHEPD,PSI,1,251410,10,2026-06-04T11:24:55Z,2026-06-04T11:24:55Z,0.0
DD3 0SB,SHEPD,HV,1,TJ1147,291,2026-06-09T04:38:14Z,2026-06-09T04:38:14Z,0.0
DD3 0SD,SHEPD,HV,1,TJ1147,291,2026-06-09T04:38:14Z,2026-06-09T04:38:14Z,0.0
DD3 0SE,SHEPD,HV,1,TJ1147,291,2026-06-09T04:38:14Z,2026-06-09T04:38:14Z,0.0
DD4 0QZ,SHEPD,PSI,1,251410,10,2026-06-04T11:24:55Z,2026-06-04T11:24:55Z,0.0
DD4 9BF,SHEPD,HV,1,TJ1147,291,2026-06-09T04:38:14Z,2026-06-09T04:38:14Z,0.0
DD4 9DL,SHEPD,HV,1,TJ1147,291,2026-06-09T04:38:14Z,2026-06-09T04:38:14Z,0.0
DD4 9DN,SHEPD,HV,1,TJ1147,291,2026-06-09T04:38:14Z,2026-06-09T04:38:14Z,0.0
DD5 4AW,SHEPD,HV,1,TH5717,72,2026-06-04T17:26:14Z,2026-06-04T17:26:14Z,0.0
DD5 4HW,SHEPD,HV,1,TH5717,72,2026-06-04T17:26:14Z,2026-06-04T17:26:14Z,0.0
DD5 4HX,SHEPD,HV,1,TH5717,72,2026-06-04T17:26:14Z,2026-06-04T17:26:14Z,0.0
DD5 4HY,SHEPD,HV,1,TH5717,72,2026-06-04T17:26:14Z,2026-06-04T17:26:14Z,0.0
DD5 4JA,SHEPD,HV,1,TH5717,72,2026-06-04T17:26:14Z,2026-06-04T17:26:14Z,0.0
DD7 7RP,SHEPD,HV,1,TH5717,72,2026-06-04T17:26:14Z,2026-06-04T17:26:14Z,0.0
DD7 7RR,SHEPD,HV,1,TH5717,72,2026-06-04T17:26:14Z,2026-06-04T17:26:14Z,0.0
DD7 7RY,SHEPD,HV,1,TH5717,72,2026-06-04T17:26:14Z,2026-06-04T17:26:14Z,0.0
DD7 7SA,SHEPD,HV,1,TH5717,72,2026-06-04T17:26:14Z,2026-06-04T17:26:14Z,0.0
DD7 7SB,SHEPD,HV,1,TH5717,72,2026-06-04T17:26:14Z,2026-06-04T17:26:14Z,0.0
DD7 7SG,SHEPD,HV,1,TH5717,72,2026-06-04T17:26:14Z,2026-06-04T17:26:14Z,0.0
DD7 7SJ,SHEPD,HV,1,TH5717,72,2026-06-04T17:26:14Z,2026-06-04T17:26:14Z,0.0
DD8 1EG,SHEPD,PSI,1,251520,30,2026-06-04T08:07:26Z,2026-06-04T08:07:26Z,0.0
DD8 1EJ,SHEPD,PSI,1,251520,30,2026-06-04T08:07:26Z,2026-06-04T08:07:26Z,0.0
DD8 1EQ,SHEPD,PSI,1,251520,30,2026-06-04T08:07:26Z,2026-06-04T08:07:26Z,0.0
DD8 3TP,SHEPD,PSI,1,250942,6,2026-06-04T23:57:17Z,2026-06-04T23:57:17Z,0.0
DD8 5DL,SHEPD,LV,1,TJ1385,15,2026-06-09T11:35:35Z,2026-06-09T11:35:35Z,0.0
DD8 5DN,SHEPD,LV,1,TJ1385,15,2026-06-09T11:35:35Z,2026-06-09T11:35:35Z,0.0
DD8 5DP,SHEPD,LV,1,TJ1385,15,2026-06-09T11:35:35Z,2026-06-09T11:35:35Z,0.0
DD8 5DR,SHEPD,LV,1,TJ1385,15,2026-06-09T11:35:35Z,2026-06-09T11:35:35Z,0.0
DD8 5DS,SHEPD,LV,1,TJ1385,15,2026-06-09T11:35:35Z,2026-06-09T11:35:35Z,0.0
DD9 7BQ,SHEPD,LV,1,TH5091,13,2026-06-04T11:24:55Z,2026-06-04T11:24:55Z,0.0
DD9 7BY,SHEPD,LV,1,TH5091,13,2026-06-04T11:24:55Z,2026-06-04T11:24:55Z,0.0
DD9 7BZ,SHEPD,LV,1,TH5091,13,2026-06-04T11:24:55Z,2026-06-04T11:24:55Z,0.0
DD9 7DD,SHEPD,LV,1,TH5091,13,2026-06-04T11:24:55Z,2026-06-04T11:24:55Z,0.0
DD9 7DG,SHEPD,LV,1,TH5091,13,2026-06-04T11:24:55Z,2026-06-04T11:24:55Z,0.0
DD9 7DL,SHEPD,LV,1,TH5091,13,2026-06-04T11:24:55Z,2026-06-04T11:24:55Z,0.0
DT1 2RN,SEPD,LV,1,TH8838,8,2026-06-07T06:40:11Z,2026-06-07T06:40:11Z,0.0
DT1 2RW,SEPD,LV,1,TH8838,8,2026-06-07T06:40:11Z,2026-06-07T06:40:11Z,0.0
DT11 0JD,SEPD,HV,1,TH4413,57,2026-06-03T23:53:04Z,2026-06-03T23:53:04Z,0.0
DT11 8JA,SEPD,HV,1,TH4413,57,2026-06-03T23:53:04Z,2026-06-03T23:53:04Z,0.0
DT11 8JB,SEPD,HV,1,TH4413,57,2026-06-03T23:53:04Z,2026-06-03T23:53:04Z,0.0
DT11 8JD,SEPD,HV,1,TH4413,57,2026-06-03T23:53:04Z,2026-06-03T23:53:04Z,0.0
DT11 8JE,SEPD,HV,1,TH4413,57,2026-06-03T23:53:04Z,2026-06-03T23:53:04Z,0.0
DT11 8JG,SEPD,HV,1,TH4413,57,2026-06-03T23:53:04Z,2026-06-03T23:53:04Z,0.0
DT11 8JQ,SEPD,HV,1,TH4413,57,2026-06-03T23:53:04Z,2026-06-03T23:53:04Z,0.0
DT11 9EH,SEPD,HV,1,TH4413,57,2026-06-03T23:53:04Z,2026-06-03T23:53:04Z,0.0
DT2 0AA,SEPD,PSI,1,251147,111,2026-06-07T09:51:01Z,2026-06-07T09:51:01Z,0.0
DT2 0AB,SEPD,PSI,1,251147,111,2026-06-07T09:51:01Z,2026-06-07T09:51:01Z,0.0
DT2 0BA,SEPD,PSI,1,251147,111,2026-06-07T09:51:01Z,2026-06-07T09:51:01Z,0.0
DT2 0BD,SEPD,PSI,1,251147,111,2026-06-07T09:51:01Z,2026-06-07T09:51:01Z,0.0
DT2 0BE,SEPD,PSI,1,251147,111,2026-06-07T09:51:01Z,2026-06-07T09:51:01Z,0.0
DT2 0BG,SEPD,PSI,1,251147,111,2026-06-07T09:51:01Z,2026-06-07T09:51:01Z,0.0
DT2 0BQ,SEPD,PSI,1,251147,111,2026-06-07T09:51:01Z,2026-06-07T09:51:01Z,0.0
DT2 0BS,SEPD,PSI,1,251147,111,2026-06-07T09:51:01Z,2026-06-07T09:51:01Z,0.0
DT2 0DA,SEPD,PSI,1,251147,111,2026-06-07T09:51:01Z,2026-06-07T09:51:01Z,0.0
DT2 0DX,SEPD,PSI,1,251147,111,2026-06-07T09:51:01Z,2026-06-07T09:51:01Z,0.0
EH3,SHEPD,HV,1,TJ0658,252,2026-06-08T17:26:59Z,2026-06-08T17:26:59Z,0.0
EH3 9BB,SHEPD,HV,1,TJ0658,252,2026-06-08T17:26:59Z,2026-06-08T17:26:59Z,0.0
EH3 9BS,SHEPD,HV,1,TJ0658,252,2026-06-08T17:26:59Z,2026-06-08T17:26:59Z,0.0
EH3 9DG,SHEPD,HV,1,TJ0658,252,2026-06-08T17:26:59Z,2026-06-08T17:26:59Z,0.0
EH3 9ED,SHEPD,HV,1,TJ0658,252,2026-06-08T17:26:59Z,2026-06-08T17:26:59Z,0.0
EH3 9EN,SHEPD,HV,1,TJ0658,252,2026-06-08T17:26:59Z,2026-06-08T17:26:59Z,0.0
EH3 9GB,SHEPD,HV,1,TJ0658,252,2026-06-08T17:26:59Z,2026-06-08T17:26:59Z,0.0
EH3 9GD,SHEPD,HV,1,TJ0658,252,2026-06-08T17:26:59Z,2026-06-08T17:26:59Z,0.0
EH3 9GE,SHEPD,HV,1,TJ0658,252,2026-06-08T17:26:59Z,2026-06-08T17:26:59Z,0.0
EH3 9GF,SHEPD,HV,1,TJ0658,252,2026-06-08T17:26:59Z,2026-06-08T17:26:59Z,0.0
EH3 9GG,SHEPD,HV,1,TJ0658,252,2026-06-08T17:26:59Z,2026-06-08T17:26:59Z,0.0
EH3 9GH,SHEPD,HV,1,TJ0658,252,2026-06-08T17:26:59Z,2026-06-08T17:26:59Z,0.0
EH3 9GL,SHEPD,HV,1,TJ0658,252,2026-06-08T17:26:59Z,2026-06-08T17:26:59Z,0.0
EH3 9GS,SHEPD,HV,1,TJ0658,252,2026-06-08T17:26:59Z,2026-06-08T17:26:59Z,0.0
EH3 9GW,SHEPD,HV,1,TJ0658,252,2026-06-08T17:26:59Z,2026-06-08T17:26:59Z,0.0
FK9 4AH,SHEPD,HV,1,TH4354,19,2026-06-03T21:56:18Z,2026-06-03T21:56:18Z,0.0
FK9 4AJ,SHEPD,HV,1,TH4354,19,2026-06-03T21:56:18Z,2026-06-03T21:56:18Z,0.0
FK9 4AL,SHEPD,HV,1,TH4354,19,2026-06-03T21:56:18Z,2026-06-03T21:56:18Z,0.0
G21 1DA,SHEPD,HV,1,TH5717,72,2026-06-04T17:26:14Z,2026-06-04T17:26:14Z,0.0
GL54 3BJ,SEPD,PSI,1,251067,98,2026-06-03T10:04:32Z,2026-06-03T10:04:32Z,0.0
GL54 3BL,SEPD,PSI,1,251067,98,2026-06-03T10:04:32Z,2026-06-03T10:04:32Z,0.0
GL54 3BN,SEPD,PSI,1,251067,98,2026-06-03T10:04:32Z,2026-06-03T10:04:32Z,0.0
GL54 3BP,SEPD,PSI,1,251067,98,2026-06-03T10:04:32Z,2026-06-03T10:04:32Z,0.0
GL54 3BQ,SEPD,PSI,1,251067,98,2026-06-03T10:04:32Z,2026-06-03T10:04:32Z,0.0
GL54 3BW,SEPD,PSI,1,251067,98,2026-06-03T10:04:32Z,2026-06-03T10:04:32Z,0.0
GL54 3BY,SEPD,PSI,1,251067,98,2026-06-03T10:04:32Z,2026-06-03T10:04:32Z,0.0
GL7 5HN,SEPD,PSI,1,251945,70,2026-06-07T09:51:01Z,2026-06-07T09:51:01Z,0.0
GL7 5HT,SEPD,PSI,1,251945,70,2026-06-07T09:51:01Z,2026-06-07T09:51:01Z,0.0
GL7 5HU,SEPD,PSI,1,251945,70,2026-06-07T09:51:01Z,2026-06-07T09:51:01Z,0.0
GL7 5HX,SEPD,PSI,1,251945,70,2026-06-07T09:51:01Z,2026-06-07T09:51:01Z,0.0
GL7 5HY,SEPD,PSI,1,251945,70,2026-06-07T09:51:01Z,2026-06-07T09:51:01Z,0.0
GL7 5HZ,SEPD,PSI,1,251945,70,2026-06-07T09:51:01Z,2026-06-07T09:51:01Z,0.0
GL7 5JB,SEPD,PSI,1,251945,70,2026-06-07T09:51:01Z,2026-06-07T09:51:01Z,0.0
GL7 5JD,SEPD,PSI,1,251945,70,2026-06-07T09:51:01Z,2026-06-07T09:51:01Z,0.0
GL7 5LN,SEPD,PSI,1,251945,70,2026-06-07T09:51:01Z,2026-06-07T09:51:01Z,0.0
GU10 2HJ,SEPD,HV,1,TH4117,59,2026-06-03T18:55:31Z,2026-06-03T18:55:31Z,0.0
GU10 2JD,SEPD,HV,1,TH4117,59,2026-06-03T18:55:31Z,2026-06-03T18:55:31Z,0.0
GU10 2JE,SEPD,HV,1,TH4117,59,2026-06-03T18:55:31Z,2026-06-03T18:55:31Z,0.0
GU10 2PH,SEPD,HV,1,TH4117,59,2026-06-03T18:55:31Z,2026-06-03T18:55:31Z,0.0
GU10 2PJ,SEPD,HV,1,TH4117,59,2026-06-03T18:55:31Z,2026-06-03T18:55:31Z,0.0
GU10 2QH,SEPD,HV,1,TH4117,59,2026-06-03T18:55:31Z,2026-06-03T18:55:31Z,0.0
GU10 2QQ,SEPD,HV,1,TH4117,59,2026-06-03T18:55:31Z,2026-06-03T18:55:31Z,0.0
GU10 2QS,SEPD,HV,1,TH4117,59,2026-06-03T18:55:31Z,2026-06-03T18:55:31Z,0.0
GU10 2QT,SEPD,HV,1,TH4117,59,2026-06-03T18:55:31Z,2026-06-03T18:55:31Z,0.0
GU10 2QU,SEPD,HV,1,TH4117,59,2026-06-03T18:55:31Z,2026-06-03T18:55:31Z,0.0
GU10 2QX,SEPD,HV,1,TH4117,59,2026-06-03T18:55:31Z,2026-06-03T18:55:31Z,0.0
GU10 4HH,SEPD,HV,1,TH4117,59,2026-06-03T18:55:31Z,2026-06-03T18:55:31Z,0.0
GU10 4HJ,SEPD,HV,1,TH4117,59,2026-06-03T18:55:31Z,2026-06-03T18:55:31Z,0.0
GU13,SEPD,LV,1,TH6824,7,2026-06-05T14:13:43Z,2026-06-05T14:13:43Z,0.0
GU14 6AB,SEPD,LV,1,TH7914,8,2026-06-06T16:03:38Z,2026-06-06T16:03:38Z,0.0
GU14 6AD,SEPD,LV,1,TH7914,8,2026-06-06T16:03:38Z,2026-06-06T16:03:38Z,0.0
GU14 6BN,SEPD,LV,1,TH7914,8,2026-06-06T14:53:20Z,2026-06-06T14:53:20Z,0.0
GU14 6DB,SEPD,LV,1,TH7914,8,2026-06-06T16:03:38Z,2026-06-06T16:03:38Z,0.0
GU14 6DD,SEPD,LV,1,TH7914,8,2026-06-06T16:03:38Z,2026-06-06T16:03:38Z,0.0
GU14 6DE,SEPD,LV,1,TH7914,8,2026-06-06T16:03:38Z,2026-06-06T16:03:38Z,0.0
GU14 6DF,SEPD,LV,1,TH7914,8,2026-06-06T16:03:38Z,2026-06-06T16:03:38Z,0.0
GU14 6DG,SEPD,LV,1,TH7914,8,2026-06-06T16:03:38Z,2026-06-06T16:03:38Z,0.0
GU14 6ED,SEPD,LV,1,TH7914,8,2026-06-06T14:53:20Z,2026-06-06T14:53:20Z,0.0
GU14 7RZ,SEPD,LV,1,TJ1651,2,2026-06-09T11:35:35Z,2026-06-09T11:35:35Z,0.0
GU14 7SA,SEPD,LV,1,TJ1651,2,2026-06-09T11:35:35Z,2026-06-09T11:35:35Z,0.0
GU14 7SJ,SEPD,LV,1,TJ1651,2,2026-06-09T11:35:35Z,2026-06-09T11:35:35Z,0.0
GU14 7SL,SEPD,LV,1,TJ1651,2,2026-06-09T11:35:35Z,2026-06-09T11:35:35Z,0.0
GU15 2LE,SEPD,LV,1,TH3699,19,2026-06-03T15:02:39Z,2026-06-03T15:02:39Z,0.0
GU15 2LF,SEPD,LV,1,TH3699,19,2026-06-03T15:02:39Z,2026-06-03T15:02:39Z,0.0
GU15 2TY,SEPD,LV,1,TH3699,19,2026-06-03T15:02:39Z,2026-06-03T15:02:39Z,0.0
GU15 2UH,SEPD,LV,1,TH3699,19,2026-06-03T15:02:39Z,2026-06-03T15:02:39Z,0.0
GU15 3EG,SEPD,PSI,1,251006,35,2026-06-08T09:52:09Z,2026-06-08T09:52:09Z,0.0
GU15 3EJ,SEPD,PSI,1,251006,35,2026-06-08T09:52:09Z,2026-06-08T09:52:09Z,0.0
GU26 6JA,SEPD,HV,1,TH4117,59,2026-06-03T18:55:31Z,2026-06-03T18:55:31Z,0.0
GU26 6JB,SEPD,HV,1,TH4117,59,2026-06-03T18:55:31Z,2026-06-03T18:55:31Z,0.0
GU26 6JD,SEPD,HV,1,TH4117,59,2026-06-03T18:55:31Z,2026-06-03T18:55:31Z,0.0
GU27 1BL,SEPD,PSI,1,250904,55,2026-06-04T11:24:55Z,2026-06-04T11:24:55Z,0.0
GU27 1BW,SEPD,PSI,1,250904,55,2026-06-04T11:24:55Z,2026-06-04T11:24:55Z,0.0
GU27 2AS,SEPD,PSI,1,250904,55,2026-06-04T11:24:55Z,2026-06-04T11:24:55Z,0.0
GU27 2AU,SEPD,PSI,1,250904,55,2026-06-04T11:24:55Z,2026-06-04T11:24:55Z,0.0
GU27 2AX,SEPD,PSI,1,250904,55,2026-06-04T11:24:55Z,2026-06-04T11:24:55Z,0.0
GU27 2DB,SEPD,LV,1,TH5432,12,2026-06-04T17:26:14Z,2026-06-04T17:26:14Z,0.0
GU27 2DE,SEPD,LV,1,TH5432,12,2026-06-04T17:26:14Z,2026-06-04T17:26:14Z,0.0
GU27 2DH,SEPD,LV,1,TH5432,12,2026-06-04T17:26:14Z,2026-06-04T17:26:14Z,0.0
GU27 2DN,SEPD,LV,1,TH5432,12,2026-06-04T17:26:14Z,2026-06-04T17:26:14Z,0.0
GU27 2DP,SEPD,LV,1,TH5432,12,2026-06-04T17:26:14Z,2026-06-04T17:26:14Z,0.0
GU27 2DR,SEPD,LV,1,TH5432,12,2026-06-04T17:26:14Z,2026-06-04T17:26:14Z,0.0
GU27 2RU,SEPD,LV,1,TH5432,12,2026-06-04T17:26:14Z,2026-06-04T17:26:14Z,0.0
GU28 0FF,SEPD,HV,1,TH3440,118,2026-06-03T15:02:39Z,2026-06-03T15:02:39Z,0.0
GU28 0FG,SEPD,HV,1,TH3440,118,2026-06-03T15:02:39Z,2026-06-03T15:02:39Z,0.0
GU28 0FJ,SEPD,HV,1,TH3440,118,2026-06-03T15:02:39Z,2026-06-03T15:02:39Z,0.0
GU28 0LB,SEPD,HV,1,TH3440,118,2026-06-03T15:02:39Z,2026-06-03T15:02:39Z,0.0
GU28 0LE,SEPD,HV,1,TH3440,118,2026-06-03T15:02:39Z,2026-06-03T15:02:39Z,0.0
GU28 0LT,SEPD,HV,1,TH3440,118,2026-06-03T15:02:39Z,2026-06-03T15:02:39Z,0.0
GU28 0NA,SEPD,HV,1,TH3440,118,2026-06-03T15:02:39Z,2026-06-03T15:02:39Z,0.0
GU28 0NB,SEPD,HV,1,TH3440,118,2026-06-03T15:02:39Z,2026-06-03T15:02:39Z,0.0
GU28 0NH,SEPD,HV,1,TH3440,118,2026-06-03T15:02:39Z,2026-06-03T15:02:39Z,0.0
GU28 0NJ,SEPD,HV,1,TH3440,118,2026-06-03T15:02:39Z,2026-06-03T15:02:39Z,0.0
GU28 0NL,SEPD,HV,1,TH3440,118,2026-06-03T15:02:39Z,2026-06-03T15:02:39Z,0.0
GU28 0NP,SEPD,HV,1,TH3440,118,2026-06-03T15:02:39Z,2026-06-03T15:02:39Z,0.0
GU28 0NQ,SEPD,HV,1,TH3440,118,2026-06-03T15:02:39Z,2026-06-03T15:02:39Z,0.0
GU28 0NW,SEPD,HV,1,TH3440,118,2026-06-03T15:02:39Z,2026-06-03T15:02:39Z,0.0
GU28 0QD,SEPD,HV,1,TH3440,118,2026-06-03T15:02:39Z,2026-06-03T15:02:39Z,0.0
GU31 5AD,SEPD,HV,1,TH8687,164,2026-06-06T23:44:50Z,2026-06-06T23:44:50Z,0.0
GU31 5AP,SEPD,HV,1,TH8687,164,2026-06-06T23:44:50Z,2026-06-06T23:44:50Z,0.0
GU31 5AT,SEPD,HV,1,TH8687,164,2026-06-06T23:44:50Z,2026-06-06T23:44:50Z,0.0
GU31 5DZ,SEPD,HV,1,TH8687,164,2026-06-06T23:44:50Z,2026-06-06T23:44:50Z,0.0
GU31 5NR,SEPD,HV,1,TH8687,164,2026-06-06T23:44:50Z,2026-06-06T23:44:50Z,0.0
GU31 5RN,SEPD,HV,1,TH8687,164,2026-06-06T23:44:50Z,2026-06-06T23:44:50Z,0.0
GU33 6BT,SEPD,HV,1,TH7599,11,2026-06-06T10:22:46Z,2026-06-06T10:22:46Z,0.0
GU33 6BU,SEPD,HV,1,TH7599,11,2026-06-06T10:22:46Z,2026-06-06T10:22:46Z,0.0
GU33 6BX,SEPD,HV,1,TH7599,11,2026-06-06T10:22:46Z,2026-06-06T10:22:46Z,0.0
GU33 7QS,SEPD,HV,1,TH8687,164,2026-06-06T23:44:50Z,2026-06-06T23:44:50Z,0.0
GU34 3BB,SEPD,HV,1,TH7599,11,2026-06-06T10:22:46Z,2026-06-06T10:22:46Z,0.0
GU34 3BD,SEPD,HV,1,TH7599,11,2026-06-06T10:22:46Z,2026-06-06T10:22:46Z,0.0
GU34 3BE,SEPD,HV,1,TH7599,11,2026-06-06T10:22:46Z,2026-06-06T10:22:46Z,0.0
GU34 3BH,SEPD,HV,1,TH7599,11,2026-06-06T10:22:46Z,2026-06-06T10:22:46Z,0.0
GU34 3BJ,SEPD,HV,1,TH7599,11,2026-06-06T10:22:46Z,2026-06-06T10:22:46Z,0.0
GU34 3BL,SEPD,HV,1,TH7599,11,2026-06-06T10:22:46Z,2026-06-06T10:22:46Z,0.0
GU34 3BP,SEPD,HV,1,TH7599,11,2026-06-06T10:22:46Z,2026-06-06T10:22:46Z,0.0
GU34 3FB,SEPD,HV,1,TH7599,11,2026-06-06T10:22:46Z,2026-06-06T10:22:46Z,0.0
GU34 3NJ,SEPD,HV,1,TH5808,136,2026-06-04T17:26:14Z,2026-06-04T17:26:14Z,0.0
GU34 3NL,SEPD,HV,1,TH5808,136,2026-06-04T17:26:14Z,2026-06-04T17:26:14Z,0.0
GU34 3NN,SEPD,HV,1,TH5808,136,2026-06-04T17:26:14Z,2026-06-04T17:26:14Z,0.0
GU34 3NP,SEPD,HV,1,TH5808,136,2026-06-04T17:26:14Z,2026-06-04T17:26:14Z,0.0
GU35 0JY,SEPD,LV,1,TH7644,7,2026-06-06T10:22:46Z,2026-06-06T10:22:46Z,0.0
GU35 0JZ,SEPD,LV,1,TH7644,7,2026-06-06T10:22:46Z,2026-06-06T10:22:46Z,0.0
GU35 3FR,SEPD,HV,1,TH4117,59,2026-06-03T18:55:31Z,2026-06-03T18:55:31Z,0.0
GU35 8SJ,SEPD,HV,1,TH4117,59,2026-06-03T18:55:31Z,2026-06-03T18:55:31Z,0.0
GU35 8TE,SEPD,HV,1,TH4117,59,2026-06-03T18:55:31Z,2026-06-03T18:55:31Z,0.0
GU35 9JR,SEPD,HV,1,TH7599,11,2026-06-06T10:22:46Z,2026-06-06T10:22:46Z,0.0
GU46 7SN,SEPD,LV,1,TH9365,12,2026-06-08T14:00:30Z,2026-06-08T14:00:30Z,0.0
GU46 7SQ,SEPD,LV,1,TH9365,12,2026-06-08T14:00:30Z,2026-06-08T14:00:30Z,0.0
GU46 7SY,SEPD,LV,1,TH9365,12,2026-06-08T14:00:30Z,2026-06-08T14:00:30Z,0.0
GU51 2RL,SEPD,LV,1,TH6824,7,2026-06-05T14:13:43Z,2026-06-05T14:13:43Z,0.0
GU51 2RN,SEPD,LV,1,TH6824,7,2026-06-05T14:13:43Z,2026-06-05T14:13:43Z,0.0
GU51 2RY,SEPD,LV,1,TH6824,7,2026-06-05T14:13:43Z,2026-06-05T14:13:43Z,0.0
GU8 4UG,SEPD,PSI,1,251350,6,2026-06-08T09:52:09Z,2026-06-08T09:52:09Z,0.0
GU8 6AE,SEPD,PSI,1,251350,6,2026-06-08T09:52:09Z,2026-06-08T09:52:09Z,0.0
GU9 9,SEPD,PSI,1,251041,36,2026-06-07T09:51:01Z,2026-06-07T09:51:01Z,0.0
GU9 9HR,SEPD,PSI,1,251041,36,2026-06-07T09:51:01Z,2026-06-07T09:51:01Z,0.0
GU9 9HY,SEPD,PSI,1,251041,36,2026-06-07T09:51:01Z,2026-06-07T09:51:01Z,0.0
GU9 9JX,SEPD,PSI,1,251041,36,2026-06-07T09:51:01Z,2026-06-07T09:51:01Z,0.0
GU9 9LY,SEPD,PSI,1,251041,36,2026-06-07T09:51:01Z,2026-06-07T09:51:01Z,0.0
HP11 1AR,SEPD,LV,1,TH9316,20,2026-06-07T15:01:01Z,2026-06-07T15:01:01Z,0.0
HP11 1AT,SEPD,LV,1,TH9316,20,2026-06-07T15:01:01Z,2026-06-07T15:01:01Z,0.0
HP11 1AU,SEPD,LV,1,TH9316,20,2026-06-07T15:01:01Z,2026-06-07T15:01:01Z,0.0
HP11 1HD,SEPD,LV,1,TH9316,20,2026-06-07T15:01:01Z,2026-06-07T15:01:01Z,0.0
HP11 1HR,SEPD,LV,1,TH9316,20,2026-06-07T15:01:01Z,2026-06-07T15:01:01Z,0.0
HP13,SEPD,HV,1,TH6965,31,2026-06-05T14:13:43Z,2026-06-05T14:13:43Z,0.0
HP13 5AP,SEPD,HV,1,TH6965,31,2026-06-05T14:13:43Z,2026-06-05T14:13:43Z,0.0
HP13 5AU,SEPD,HV,1,TH6965,31,2026-06-05T14:13:43Z,2026-06-05T14:13:43Z,0.0
HP13 5AY,SEPD,HV,1,TH6965,31,2026-06-05T14:13:43Z,2026-06-05T14:13:43Z,0.0
HP13 5AZ,SEPD,HV,1,TH6965,31,2026-06-05T14:13:43Z,2026-06-05T14:13:43Z,0.0
HP13 5BA,SEPD,HV,1,TH6965,31,2026-06-05T14:13:43Z,2026-06-05T14:13:43Z,0.0
HP13 5BB,SEPD,HV,1,TH6965,31,2026-06-05T14:13:43Z,2026-06-05T14:13:43Z,0.0
HP13 5BD,SEPD,HV,1,TH6965,31,2026-06-05T14:13:43Z,2026-06-05T14:13:43Z,0.0
HP13 5BE,SEPD,HV,1,TH6965,31,2026-06-05T14:13:43Z,2026-06-05T14:13:43Z,0.0
HP13 5BF,SEPD,HV,1,TH6965,31,2026-06-05T14:13:43Z,2026-06-05T14:13:43Z,0.0
HP13 5BG,SEPD,HV,1,TH6965,31,2026-06-05T14:13:43Z,2026-06-05T14:13:43Z,0.0
HP13 5FN,SEPD,HV,1,TH6965,31,2026-06-05T14:13:43Z,2026-06-05T14:13:43Z,0.0
HP13 5GQ,SEPD,HV,1,TH6965,31,2026-06-05T14:13:43Z,2026-06-05T14:13:43Z,0.0
HP13 5HF,SEPD,HV,1,TH6965,31,2026-06-05T14:13:43Z,2026-06-05T14:13:43Z,0.0
HP13 5HJ,SEPD,LV,1,TH3250,17,2026-06-03T18:55:31Z,2026-06-03T18:55:31Z,0.0
HP13 5NF,SEPD,HV,1,TH6965,31,2026-06-05T14:13:43Z,2026-06-05T14:13:43Z,0.0
HP13 5PH,SEPD,HV,1,TH6965,31,2026-06-05T14:13:43Z,2026-06-05T14:13:43Z,0.0
HP13 5PQ,SEPD,HV,1,TH6965,31,2026-06-05T14:13:43Z,2026-06-05T14:13:43Z,0.0
HP13 5PT,SEPD,HV,1,TH6965,31,2026-06-05T14:13:43Z,2026-06-05T14:13:43Z,0.0
HP13 5PX,SEPD,HV,1,TH6965,31,2026-06-05T14:13:43Z,2026-06-05T14:13:43Z,0.0
HP13 5PZ,SEPD,HV,1,TH6965,31,2026-06-05T14:13:43Z,2026-06-05T14:13:43Z,0.0
HP13 5QA,SEPD,HV,1,TH6965,31,2026-06-05T14:13:43Z,2026-06-05T14:13:43Z,0.0
HP13 5QB,SEPD,HV,1,TH6965,31,2026-06-05T14:13:43Z,2026-06-05T14:13:43Z,0.0
HP13 5QD,SEPD,HV,1,TH6965,31,2026-06-05T14:13:43Z,2026-06-05T14:13:43Z,0.0
HP13 5QE,SEPD,HV,1,TH6965,31,2026-06-05T14:13:43Z,2026-06-05T14:13:43Z,0.0
HP13 5QF,SEPD,HV,1,TH6965,31,2026-06-05T14:13:43Z,2026-06-05T14:13:43Z,0.0
HP13 5QG,SEPD,HV,1,TH6965,31,2026-06-05T14:13:43Z,2026-06-05T14:13:43Z,0.0
HP13 5QP,SEPD,HV,1,TH6965,31,2026-06-05T14:13:43Z,2026-06-05T14:13:43Z,0.0
HP13 5QQ,SEPD,HV,1,TH6965,31,2026-06-05T14:13:43Z,2026-06-05T14:13:43Z,0.0
HP14,SEPD,HV,1,TH6965,31,2026-06-05T14:13:43Z,2026-06-05T14:13:43Z,0.0
HP14 4HE,SEPD,HV,1,TH4012,13,2026-06-03T18:55:31Z,2026-06-03T18:55:31Z,0.0
HP14 4LA,SEPD,HV,1,TH6965,31,2026-06-05T14:13:43Z,2026-06-05T14:13:43Z,0.0
HP14 4LB,SEPD,HV,1,TH6965,31,2026-06-05T14:13:43Z,2026-06-05T14:13:43Z,0.0
HP14 4LD,SEPD,HV,1,TH6965,31,2026-06-05T14:13:43Z,2026-06-05T14:13:43Z,0.0
HP14 4LG,SEPD,HV,1,TH6965,31,2026-06-05T14:13:43Z,2026-06-05T14:13:43Z,0.0
HP14 4LL,SEPD,HV,1,TH6965,31,2026-06-05T14:13:43Z,2026-06-05T14:13:43Z,0.0
HP14 4LN,SEPD,HV,1,TH6965,31,2026-06-05T14:13:43Z,2026-06-05T14:13:43Z,0.0
HP14 4LP,SEPD,HV,1,TH6965,31,2026-06-05T14:13:43Z,2026-06-05T14:13:43Z,0.0
HP14 4LR,SEPD,HV,1,TH6965,31,2026-06-05T14:13:43Z,2026-06-05T14:13:43Z,0.0
HP14 4LT,SEPD,HV,1,TH6965,31,2026-06-05T14:13:43Z,2026-06-05T14:13:43Z,0.0
HP14 4LU,SEPD,HV,1,TH6965,31,2026-06-05T14:13:43Z,2026-06-05T14:13:43Z,0.0
HP14 4LW,SEPD,HV,1,TH6965,31,2026-06-05T14:13:43Z,2026-06-05T14:13:43Z,0.0
HP14 4LX,SEPD,HV,1,TH6965,31,2026-06-05T14:13:43Z,2026-06-05T14:13:43Z,0.0
HP14 4LY,SEPD,HV,1,TH6965,31,2026-06-05T14:13:43Z,2026-06-05T14:13:43Z,0.0
HP14 4LZ,SEPD,HV,1,TH6965,31,2026-06-05T14:13:43Z,2026-06-05T14:13:43Z,0.0
HP14 4NB,SEPD,HV,1,TH6965,31,2026-06-05T14:13:43Z,2026-06-05T14:13:43Z,0.0
HP14 4NE,SEPD,HV,1,TH6965,31,2026-06-05T14:13:43Z,2026-06-05T14:13:43Z,0.0
HP14 4NF,SEPD,HV,1,TH6965,31,2026-06-05T14:13:43Z,2026-06-05T14:13:43Z,0.0
HP14 4NG,SEPD,HV,1,TH6965,31,2026-06-05T14:13:43Z,2026-06-05T14:13:43Z,0.0
HP14 4NH,SEPD,HV,1,TH6965,31,2026-06-05T14:13:43Z,2026-06-05T14:13:43Z,0.0
HP14 4NJ,SEPD,HV,1,TH6965,31,2026-06-05T14:13:43Z,2026-06-05T14:13:43Z,0.0
HP14 4NL,SEPD,HV,1,TH6965,31,2026-06-05T14:13:43Z,2026-06-05T14:13:43Z,0.0
HP14 4NN,SEPD,HV,1,TH6965,31,2026-06-05T14:13:43Z,2026-06-05T14:13:43Z,0.0
HP14 4NQ,SEPD,HV,1,TH6965,31,2026-06-05T14:13:43Z,2026-06-05T14:13:43Z,0.0
HP14 4NS,SEPD,HV,1,TH6965,31,2026-06-05T14:13:43Z,2026-06-05T14:13:43Z,0.0
HP14 4NW,SEPD,HV,1,TH6965,31,2026-06-05T14:13:43Z,2026-06-05T14:13:43Z,0.0
HP14 4NX,SEPD,HV,1,TH6965,31,2026-06-05T14:13:43Z,2026-06-05T14:13:43Z,0.0
HP14 4NY,SEPD,HV,1,TH6965,31,2026-06-05T14:13:43Z,2026-06-05T14:13:43Z,0.0
HP14 4NZ,SEPD,HV,1,TH6965,31,2026-06-05T14:13:43Z,2026-06-05T14:13:43Z,0.0
HP14 4PA,SEPD,HV,1,TH6965,31,2026-06-05T14:13:43Z,2026-06-05T14:13:43Z,0.0
HP14 4PB,SEPD,HV,1,TH6965,31,2026-06-05T14:13:43Z,2026-06-05T14:13:43Z,0.0
HP14 4PD,SEPD,HV,1,TH6965,31,2026-06-05T14:13:43Z,2026-06-05T14:13:43Z,0.0
HP14 4PE,SEPD,HV,1,TH6965,31,2026-06-05T14:13:43Z,2026-06-05T14:13:43Z,0.0
HP14 4PF,SEPD,HV,1,TH6965,31,2026-06-05T14:13:43Z,2026-06-05T14:13:43Z,0.0
HP14 4PG,SEPD,HV,1,TH6965,31,2026-06-05T14:13:43Z,2026-06-05T14:13:43Z,0.0
HP14 4PN,SEPD,HV,1,TH6965,31,2026-06-05T14:13:43Z,2026-06-05T14:13:43Z,0.0
HP14 4PP,SEPD,HV,1,TH6965,31,2026-06-05T14:13:43Z,2026-06-05T14:13:43Z,0.0
HP14 4PQ,SEPD,HV,1,TH6965,31,2026-06-05T14:13:43Z,2026-06-05T14:13:43Z,0.0
HP14 4PR,SEPD,HV,1,TH6965,31,2026-06-05T14:13:43Z,2026-06-05T14:13:43Z,0.0
HP14 4PW,SEPD,HV,1,TH6965,31,2026-06-05T14:13:43Z,2026-06-05T14:13:43Z,0.0
HP14 4QR,SEPD,HV,1,TH6965,31,2026-06-05T14:13:43Z,2026-06-05T14:13:43Z,0.0
HP14 4QX,SEPD,HV,1,TH6965,31,2026-06-05T14:13:43Z,2026-06-05T14:13:43Z,0.0
HP14 4RE,SEPD,HV,1,TH6965,31,2026-06-05T14:13:43Z,2026-06-05T14:13:43Z,0.0
HP14 4SU,SEPD,HV,1,TH4012,13,2026-06-03T18:55:31Z,2026-06-03T18:55:31Z,0.0
HP14 4SZ,SEPD,HV,1,TH4012,13,2026-06-03T18:55:31Z,2026-06-03T18:55:31Z,0.0
HP14 4TH,SEPD,LV,1,TH3250,17,2026-06-03T18:55:31Z,2026-06-03T18:55:31Z,0.0
HP14 4TL,SEPD,LV,1,TH3250,17,2026-06-03T18:55:31Z,2026-06-03T18:55:31Z,0.0
HP14 4TY,SEPD,LV,1,TH3250,17,2026-06-03T18:55:31Z,2026-06-03T18:55:31Z,0.0
HP14 4UF,SEPD,LV,1,TH3250,17,2026-06-03T18:55:31Z,2026-06-03T18:55:31Z,0.0
HP14 4UU,SEPD,LV,1,TH3250,17,2026-06-03T18:55:31Z,2026-06-03T18:55:31Z,0.0
HP15 6LD,SEPD,HV,1,TH6965,31,2026-06-05T14:13:43Z,2026-06-05T14:13:43Z,0.0
HP15 6LG,SEPD,HV,1,TH6965,31,2026-06-05T14:13:43Z,2026-06-05T14:13:43Z,0.0
HP15 6LH,SEPD,HV,1,TH6965,31,2026-06-05T14:13:43Z,2026-06-05T14:13:43Z,0.0
HP15 6LQ,SEPD,HV,1,TH6965,31,2026-06-05T14:13:43Z,2026-06-05T14:13:43Z,0.0
HP15 6ND,SEPD,HV,1,TH6965,31,2026-06-05T14:13:43Z,2026-06-05T14:13:43Z,0.0
HP15 6NU,SEPD,HV,1,TH6965,31,2026-06-05T14:13:43Z,2026-06-05T14:13:43Z,0.0
HP16 0HH,SEPD,HV,1,TH6185,65,2026-06-05T08:33:42Z,2026-06-05T08:33:42Z,0.0
HP16 0HN,SEPD,HV,1,TH6185,65,2026-06-05T08:33:42Z,2026-06-05T08:33:42Z,0.0
HP16 0HP,SEPD,HV,1,TH6185,65,2026-06-05T08:33:42Z,2026-06-05T08:33:42Z,0.0
HP16 0HY,SEPD,HV,1,TH6965,31,2026-06-05T14:13:43Z,2026-06-05T14:13:43Z,0.0
HP16 0HZ,SEPD,HV,1,TH6965,31,2026-06-05T14:13:43Z,2026-06-05T14:13:43Z,0.0
HP16 0JD,SEPD,HV,1,TH6185,65,2026-06-05T08:33:42Z,2026-06-05T08:33:42Z,0.0
HP16 0JE,SEPD,HV,1,TH6185,65,2026-06-05T08:33:42Z,2026-06-05T08:33:42Z,0.0
HP16 0JG,SEPD,HV,1,TH6185,65,2026-06-05T08:33:42Z,2026-06-05T08:33:42Z,0.0
HP16 0JJ,SEPD,HV,1,TH6965,31,2026-06-05T14:13:43Z,2026-06-05T14:13:43Z,0.0
HP16 0JP,SEPD,HV,1,TH6965,31,2026-06-05T14:13:43Z,2026-06-05T14:13:43Z,0.0
HP16 0JR,SEPD,HV,1,TH6965,31,2026-06-05T14:13:43Z,2026-06-05T14:13:43Z,0.0
HP16 0JS,SEPD,HV,1,TH6965,31,2026-06-05T14:13:43Z,2026-06-05T14:13:43Z,0.0
HP16 0JT,SEPD,HV,1,TH6965,31,2026-06-05T14:13:43Z,2026-06-05T14:13:43Z,0.0
HP16 0JU,SEPD,HV,1,TH6965,31,2026-06-05T14:13:43Z,2026-06-05T14:13:43Z,0.0
HP16 0PQ,SEPD,HV,1,TH6965,31,2026-06-05T14:13:43Z,2026-06-05T14:13:43Z,0.0
HP16 9RN,SEPD,HV,1,TH6965,31,2026-06-05T14:13:43Z,2026-06-05T14:13:43Z,0.0
HP22 7DW,SEPD,LV,1,TJ0527,9,2026-06-08T19:40:58Z,2026-06-08T19:40:58Z,0.0
HP22 7DZ,SEPD,LV,1,TJ0976,17,2026-06-08T19:40:58Z,2026-06-08T19:40:58Z,0.0
HP22 7EA,SEPD,LV,1,TJ0527,9,2026-06-08T19:40:58Z,2026-06-08T19:40:58Z,0.0
HP22 7ED,SEPD,LV,1,TJ0976,17,2026-06-08T19:40:58Z,2026-06-08T19:40:58Z,0.0
HP27 0ST,SEPD,HV,1,TH6965,31,2026-06-05T14:13:43Z,2026-06-05T14:13:43Z,0.0
HP27 0SU,SEPD,HV,1,TH6965,31,2026-06-05T14:13:43Z,2026-06-05T14:13:43Z,0.0
HP9 1DX,SEPD,LV,1,TH8951,13,2026-06-07T16:40:31Z,2026-06-07T16:40:31Z,0.0
HP9 1DY,SEPD,LV,1,TH8951,13,2026-06-07T16:40:31Z,2026-06-07T16:40:31Z,0.0
HP9 1RJ,SEPD,LV,1,TH8951,13,2026-06-07T16:40:31Z,2026-06-07T16:40:31Z,0.0
HS2 0EU,SHEPD,HV,1,TJ1818,397,2026-06-09T14:03:39Z,2026-06-09T14:03:39Z,0.0
HS2 9BD,SHEPD,HV,1,TH9733,32,2026-06-08T04:55:57Z,2026-06-08T04:55:57Z,0.0
HS2 9BE,SHEPD,HV,1,TH9733,32,2026-06-08T04:55:57Z,2026-06-08T04:55:57Z,0.0
HS2 9BG,SHEPD,HV,1,TH9733,32,2026-06-08T04:55:57Z,2026-06-08T04:55:57Z,0.0
HS2 9BQ,SHEPD,HV,1,TH9733,32,2026-06-08T04:55:57Z,2026-06-08T04:55:57Z,0.0
HS2 9EP,SHEPD,HV,1,TJ1818,397,2026-06-09T14:03:39Z,2026-06-09T14:03:39Z,0.0
HS2 9ER,SHEPD,HV,1,TJ1818,397,2026-06-09T14:03:39Z,2026-06-09T14:03:39Z,0.0
HS2 9ET,SHEPD,HV,1,TJ1818,397,2026-06-09T14:03:39Z,2026-06-09T14:03:39Z,0.0
HS2 9EU,SHEPD,HV,1,TJ1818,397,2026-06-09T14:03:39Z,2026-06-09T14:03:39Z,0.0
HS2 9EX,SHEPD,HV,1,TJ1818,397,2026-06-09T14:03:39Z,2026-06-09T14:03:39Z,0.0
HS2 9EY,SHEPD,HV,1,TJ1818,397,2026-06-09T14:03:39Z,2026-06-09T14:03:39Z,0.0
HS2 9HA,SHEPD,HV,1,TJ1818,397,2026-06-09T14:03:39Z,2026-06-09T14:03:39Z,0.0
HS2 9HB,SHEPD,HV,1,TJ1818,397,2026-06-09T14:03:39Z,2026-06-09T14:03:39Z,0.0
HS2 9HE,SHEPD,HV,1,TJ1818,397,2026-06-09T14:03:39Z,2026-06-09T14:03:39Z,0.0
HS2 9HH,SHEPD,HV,1,TJ1818,397,2026-06-09T14:03:39Z,2026-06-09T14:03:39Z,0.0
HS2 9HJ,SHEPD,HV,1,TJ1818,397,2026-06-09T14:03:39Z,2026-06-09T14:03:39Z,0.0
HS2 9HL,SHEPD,HV,1,TJ1818,397,2026-06-09T14:03:39Z,2026-06-09T14:03:39Z,0.0
HS2 9HP,SHEPD,HV,1,TJ1818,397,2026-06-09T14:03:39Z,2026-06-09T14:03:39Z,0.0
HS2 9HR,SHEPD,HV,1,TJ1818,397,2026-06-09T14:03:39Z,2026-06-09T14:03:39Z,0.0
HS2 9HS,SHEPD,HV,1,TJ1818,397,2026-06-09T14:03:39Z,2026-06-09T14:03:39Z,0.0
HS2 9HU,SHEPD,HV,1,TJ1818,397,2026-06-09T14:03:39Z,2026-06-09T14:03:39Z,0.0
HS2 9HW,SHEPD,HV,1,TJ1818,397,2026-06-09T14:03:39Z,2026-06-09T14:03:39Z,0.0
HS2 9HX,SHEPD,HV,1,TJ1818,397,2026-06-09T14:03:39Z,2026-06-09T14:03:39Z,0.0
HS2 9JA,SHEPD,HV,1,TJ1818,397,2026-06-09T14:03:39Z,2026-06-09T14:03:39Z,0.0
HS2 9JD,SHEPD,HV,1,TJ1818,397,2026-06-09T14:03:39Z,2026-06-09T14:03:39Z,0.0
HS2 9JE,SHEPD,HV,1,TJ1818,397,2026-06-09T14:03:39Z,2026-06-09T14:03:39Z,0.0
HS2 9JF,SHEPD,HV,1,TJ1818,397,2026-06-09T14:03:39Z,2026-06-09T14:03:39Z,0.0
HS2 9JG,SHEPD,HV,1,TJ1818,397,2026-06-09T14:03:39Z,2026-06-09T14:03:39Z,0.0
HS2 9JJ,SHEPD,HV,1,TJ1818,397,2026-06-09T14:03:39Z,2026-06-09T14:03:39Z,0.0
HS2 9JT,SHEPD,PSI,1,251299,166,2026-06-05T08:33:42Z,2026-06-05T08:33:42Z,0.0
HS2 9JX,SHEPD,PSI,1,251299,166,2026-06-05T08:33:42Z,2026-06-05T08:33:42Z,0.0
HS2 9LA,SHEPD,PSI,1,251299,166,2026-06-05T08:33:42Z,2026-06-05T08:33:42Z,0.0
HS2 9LB,SHEPD,PSI,1,251299,166,2026-06-05T08:33:42Z,2026-06-05T08:33:42Z,0.0
HS2 9PJ,SHEPD,PSI,1,251299,166,2026-06-05T08:33:42Z,2026-06-05T08:33:42Z,0.0
HS2 9QD,SHEPD,HV,1,TJ1096,138,2026-06-09T00:13:01Z,2026-06-09T00:13:01Z,0.0
HS2 9QE,SHEPD,HV,1,TJ1096,138,2026-06-09T00:13:01Z,2026-06-09T00:13:01Z,0.0
HS2 9QH,SHEPD,HV,1,TJ1096,138,2026-06-09T00:13:01Z,2026-06-09T00:13:01Z,0.0
HS2 9QJ,SHEPD,HV,1,TJ1096,138,2026-06-09T00:13:01Z,2026-06-09T00:13:01Z,0.0
HS2 9QL,SHEPD,HV,1,TJ1096,138,2026-06-09T00:13:01Z,2026-06-09T00:13:01Z,0.0
HS2 9QP,SHEPD,HV,1,TJ1096,138,2026-06-09T00:13:01Z,2026-06-09T00:13:01Z,0.0
HS2 9QR,SHEPD,HV,1,TJ1096,138,2026-06-09T00:13:01Z,2026-06-09T00:13:01Z,0.0
HS2 9QU,SHEPD,HV,1,TJ1096,138,2026-06-09T00:13:01Z,2026-06-09T00:13:01Z,0.0
HS2 9QY,SHEPD,HV,1,TJ1096,138,2026-06-09T00:13:01Z,2026-06-09T00:13:01Z,0.0
HS3 3AH,SHEPD,PSI,1,251891,11,2026-06-08T14:00:30Z,2026-06-08T14:00:30Z,0.0
IV18 0LF,SHEPD,LV,1,TJ2414,2,2026-06-09T16:47:00Z,2026-06-09T16:47:00Z,0.0
IV2 6UN,SHEPD,PSI,1,251621,8,2026-06-04T11:24:55Z,2026-06-04T11:24:55Z,0.0
IV2 6UR,SHEPD,PSI,1,251621,8,2026-06-04T11:24:55Z,2026-06-04T11:24:55Z,0.0
IV20 1SQ,SHEPD,PSI,1,251635,13,2026-06-09T08:21:11Z,2026-06-09T08:21:11Z,0.0
IV22 2HE,SHEPD,LV,1,TH5191,4,2026-06-04T11:24:55Z,2026-06-04T11:24:55Z,0.0
IV27 4DD,SHEPD,HV,1,TH5867,455,2026-06-04T17:26:14Z,2026-06-04T17:26:14Z,0.0
IV27 4HB,SHEPD,HV,1,TH5867,455,2026-06-04T17:26:14Z,2026-06-04T17:26:14Z,0.0
IV27 4JA,SHEPD,HV,1,TH5867,455,2026-06-04T17:26:14Z,2026-06-04T17:26:14Z,0.0
IV27 4JN,SHEPD,HV,1,TH5867,455,2026-06-04T17:26:14Z,2026-06-04T17:26:14Z,0.0
IV27 4JY,SHEPD,HV,1,TH5867,455,2026-06-04T17:26:14Z,2026-06-04T17:26:14Z,0.0
IV27 4JZ,SHEPD,HV,1,TH5867,455,2026-06-04T17:26:14Z,2026-06-04T17:26:14Z,0.0
IV27 4LA,SHEPD,HV,1,TH5867,455,2026-06-04T17:26:14Z,2026-06-04T17:26:14Z,0.0
IV27 4LB,SHEPD,HV,1,TH5867,455,2026-06-04T17:26:14Z,2026-06-04T17:26:14Z,0.0
IV27 4LD,SHEPD,HV,1,TH5867,455,2026-06-04T17:26:14Z,2026-06-04T17:26:14Z,0.0
IV27 4LE,SHEPD,HV,1,TH5867,455,2026-06-04T17:26:14Z,2026-06-04T17:26:14Z,0.0
IV27 4LF,SHEPD,HV,1,TH5867,455,2026-06-04T17:26:14Z,2026-06-04T17:26:14Z,0.0
IV27 4LH,SHEPD,HV,1,TH5867,455,2026-06-04T17:26:14Z,2026-06-04T17:26:14Z,0.0
IV27 4LJ,SHEPD,HV,1,TH5867,455,2026-06-04T17:26:14Z,2026-06-04T17:26:14Z,0.0
IV27 4LL,SHEPD,HV,1,TH5867,455,2026-06-04T17:26:14Z,2026-06-04T17:26:14Z,0.0
IV27 4LN,SHEPD,HV,1,TH5867,455,2026-06-04T17:26:14Z,2026-06-04T17:26:14Z,0.0
IV27 4LP,SHEPD,HV,1,TH5867,455,2026-06-04T17:26:14Z,2026-06-04T17:26:14Z,0.0
IV27 4LU,SHEPD,HV,1,TH5867,455,2026-06-04T17:26:14Z,2026-06-04T17:26:14Z,0.0
IV27 4LW,SHEPD,HV,1,TH5867,455,2026-06-04T17:26:14Z,2026-06-04T17:26:14Z,0.0
IV27 4LX,SHEPD,HV,1,TH5867,455,2026-06-04T17:26:14Z,2026-06-04T17:26:14Z,0.0
IV27 4LY,SHEPD,HV,1,TH5867,455,2026-06-04T17:26:14Z,2026-06-04T17:26:14Z,0.0
IV3 8DR,SHEPD,LV,1,TH7775,12,2026-06-06T11:51:40Z,2026-06-06T11:51:40Z,0.0
IV3 8DS,SHEPD,LV,1,TH7775,12,2026-06-06T11:51:40Z,2026-06-06T11:51:40Z,0.0
IV40 8EQ,SHEPD,PSI,1,251136,5,2026-06-03T10:04:32Z,2026-06-03T10:04:32Z,0.0
IV63 6XD,SHEPD,PSI,1,251893,8,2026-06-03T10:04:32Z,2026-06-03T10:04:32Z,0.0
KW1 4HA,SHEPD,LV,1,TH8846,15,2026-06-07T06:40:11Z,2026-06-07T06:40:11Z,0.0
KW1 4HB,SHEPD,LV,1,TH8846,15,2026-06-07T06:40:11Z,2026-06-07T06:40:11Z,0.0
KW1 4HD,SHEPD,LV,1,TH8846,15,2026-06-07T06:40:11Z,2026-06-07T06:40:11Z,0.0
KW1 4HE,SHEPD,LV,1,TH8846,15,2026-06-07T06:40:11Z,2026-06-07T06:40:11Z,0.0
KW1 4HP,SHEPD,LV,1,TH8846,15,2026-06-07T06:40:11Z,2026-06-07T06:40:11Z,0.0
KW1 4NS,SHEPD,LV,1,TH8846,15,2026-06-07T06:40:11Z,2026-06-07T06:40:11Z,0.0
KW1 5BF,SHEPD,HV,1,TJ2016,214,2026-06-09T14:03:39Z,2026-06-09T14:03:39Z,0.0
KW1 5BY,SHEPD,HV,1,TJ2016,214,2026-06-09T14:03:39Z,2026-06-09T14:03:39Z,0.0
KW1 5HA,SHEPD,LV,1,TH8846,15,2026-06-07T06:40:11Z,2026-06-07T06:40:11Z,0.0
KW1 5LT,SHEPD,HV,1,TJ2016,214,2026-06-09T14:03:39Z,2026-06-09T14:03:39Z,0.0
KW1 5SA,SHEPD,HV,1,TJ2016,214,2026-06-09T14:03:39Z,2026-06-09T14:03:39Z,0.0
KW1 5SB,SHEPD,HV,1,TJ2016,214,2026-06-09T14:03:39Z,2026-06-09T14:03:39Z,0.0
KW1 5SD,SHEPD,HV,1,TJ2016,214,2026-06-09T14:03:39Z,2026-06-09T14:03:39Z,0.0
KW1 5TF,SHEPD,HV,1,TJ2016,214,2026-06-09T14:03:39Z,2026-06-09T14:03:39Z,0.0
KW1 5TG,SHEPD,HV,1,TJ2016,214,2026-06-09T14:03:39Z,2026-06-09T14:03:39Z,0.0
KW1 5TH,SHEPD,HV,1,TJ2016,214,2026-06-09T14:03:39Z,2026-06-09T14:03:39Z,0.0
KW1 5TJ,SHEPD,HV,1,TJ2016,214,2026-06-09T14:03:39Z,2026-06-09T14:03:39Z,0.0
KW1 5TL,SHEPD,HV,1,TJ2016,214,2026-06-09T14:03:39Z,2026-06-09T14:03:39Z,0.0
KW1 5TN,SHEPD,HV,1,TJ2016,214,2026-06-09T14:03:39Z,2026-06-09T14:03:39Z,0.0
KW1 5TP,SHEPD,HV,1,TJ2016,214,2026-06-09T14:03:39Z,2026-06-09T14:03:39Z,0.0
KW1 5TY,SHEPD,HV,1,TJ2016,214,2026-06-09T14:03:39Z,2026-06-09T14:03:39Z,0.0
KW16 3NZ,SHEPD,PSI,1,252016,104,2026-06-09T11:35:35Z,2026-06-09T11:35:35Z,0.0
KW16 3PA,SHEPD,PSI,1,252016,104,2026-06-09T11:35:35Z,2026-06-09T11:35:35Z,0.0
KW16 3PG,SHEPD,PSI,1,252016,104,2026-06-09T11:35:35Z,2026-06-09T11:35:35Z,0.0
KW16 3PQ,SHEPD,PSI,1,252016,104,2026-06-09T11:35:35Z,2026-06-09T11:35:35Z,0.0
N17 9FB,SEPD,PSI,1,250131,220,2026-06-03T10:04:32Z,2026-06-03T10:04:32Z,0.0
N17 9FD,SEPD,PSI,1,250131,220,2026-06-03T10:04:32Z,2026-06-03T10:04:32Z,0.0
N17 9FN,SEPD,PSI,1,250131,220,2026-06-03T10:04:32Z,2026-06-03T10:04:32Z,0.0
N17 9FP,SEPD,PSI,1,250131,220,2026-06-03T10:04:32Z,2026-06-03T10:04:32Z,0.0
N17 9FS,SEPD,PSI,1,250131,220,2026-06-03T10:04:32Z,2026-06-03T10:04:32Z,0.0
N17 9FT,SEPD,PSI,1,250131,220,2026-06-03T10:04:32Z,2026-06-03T10:04:32Z,0.0
N17 9GG,SEPD,PSI,1,250131,220,2026-06-03T10:04:32Z,2026-06-03T10:04:32Z,0.0
N17 9QQ,SEPD,PSI,1,250131,220,2026-06-03T10:04:32Z,2026-06-03T10:04:32Z,0.0
OX12 0BJ,SEPD,LV,1,TJ1777,30,2026-06-09T19:04:32Z,2026-06-09T19:04:32Z,0.0
OX12 0BL,SEPD,LV,1,TJ1777,30,2026-06-09T19:04:32Z,2026-06-09T19:04:32Z,0.0
OX12 0BX,SEPD,LV,1,TJ1777,30,2026-06-09T19:04:32Z,2026-06-09T19:04:32Z,0.0
OX12 0BY,SEPD,LV,1,TJ1777,30,2026-06-09T19:04:32Z,2026-06-09T19:04:32Z,0.0
OX12 0NF,SEPD,LV,1,TJ1777,30,2026-06-09T19:04:32Z,2026-06-09T19:04:32Z,0.0
OX12 0NL,SEPD,LV,1,TJ1777,30,2026-06-09T19:04:32Z,2026-06-09T19:04:32Z,0.0
OX12 0NQ,SEPD,LV,1,TJ1777,30,2026-06-09T19:04:32Z,2026-06-09T19:04:32Z,0.0
OX14 1DN,SEPD,LV,1,TG8727,7,2026-06-06T13:09:45Z,2026-06-06T13:09:45Z,0.0
OX14 5AL,SEPD,LV,1,TG8727,7,2026-06-06T13:09:45Z,2026-06-06T13:09:45Z,0.0
OX14 5AW,SEPD,LV,1,TG8727,7,2026-06-06T13:09:45Z,2026-06-06T13:09:45Z,0.0
OX14 5DL,SEPD,LV,1,TG8727,7,2026-06-06T11:51:40Z,2026-06-06T11:51:40Z,0.0
OX14 5DR,SEPD,LV,1,TG8727,7,2026-06-06T13:09:45Z,2026-06-06T13:09:45Z,0.0
OX14 5FT,SEPD,LV,1,TG8727,7,2026-06-06T11:51:40Z,2026-06-06T11:51:40Z,0.0
OX14 5UB,SEPD,LV,1,TG8727,7,2026-06-06T11:51:40Z,2026-06-06T11:51:40Z,0.0
OX15 0SA,SEPD,LV,1,TH6039,20,2026-06-04T23:57:17Z,2026-06-04T23:57:17Z,0.0
OX15 0TF,SEPD,LV,1,TH6039,20,2026-06-04T23:57:17Z,2026-06-04T23:57:17Z,0.0
OX15 0TG,SEPD,LV,1,TH6039,20,2026-06-04T23:57:17Z,2026-06-04T23:57:17Z,0.0
OX15 0TJ,SEPD,LV,1,TH6039,20,2026-06-04T23:57:17Z,2026-06-04T23:57:17Z,0.0
OX15 0TT,SEPD,LV,1,TH6039,20,2026-06-04T23:57:17Z,2026-06-04T23:57:17Z,0.0
OX15 0TU,SEPD,LV,1,TH6039,20,2026-06-04T23:57:17Z,2026-06-04T23:57:17Z,0.0
OX15 0TY,SEPD,LV,1,TH6039,20,2026-06-04T23:57:17Z,2026-06-04T23:57:17Z,0.0
OX2 8ER,SEPD,PSI,1,251699,32,2026-06-08T09:52:09Z,2026-06-08T09:52:09Z,0.0
OX2 8ES,SEPD,LV,1,TH5582,10,2026-06-04T17:26:14Z,2026-06-04T17:26:14Z,0.0
OX2 8LX,SEPD,LV,1,TH5582,10,2026-06-04T17:26:14Z,2026-06-04T17:26:14Z,0.0
OX2 8LY,SEPD,LV,1,TH5582,10,2026-06-04T17:26:14Z,2026-06-04T17:26:14Z,0.0
OX2 8LZ,SEPD,LV,1,TH5582,10,2026-06-04T17:26:14Z,2026-06-04T17:26:14Z,0.0
OX2 8NL,SEPD,LV,1,TH5582,10,2026-06-04T17:26:14Z,2026-06-04T17:26:14Z,0.0
OX3 0QD,SEPD,PSI,1,251699,32,2026-06-08T09:52:09Z,2026-06-08T09:52:09Z,0.0
OX3 0QF,SEPD,PSI,1,251699,32,2026-06-08T09:52:09Z,2026-06-08T09:52:09Z,0.0
OX3 0QG,SEPD,PSI,1,251699,32,2026-06-08T09:52:09Z,2026-06-08T09:52:09Z,0.0
OX3 9TW,SEPD,PSI,1,251699,32,2026-06-08T09:52:09Z,2026-06-08T09:52:09Z,0.0
OX4 3BE,SEPD,LV,1,TH5413,75,2026-06-04T14:14:55Z,2026-06-04T14:14:55Z,0.0
OX4 4AE,SEPD,LV,1,TH5413,75,2026-06-04T14:14:55Z,2026-06-04T14:14:55Z,0.0
OX4 4AF,SEPD,LV,1,TH5413,75,2026-06-04T14:14:55Z,2026-06-04T14:14:55Z,0.0
OX4 4AG,SEPD,LV,1,TH5413,75,2026-06-04T14:14:55Z,2026-06-04T14:14:55Z,0.0
OX4 4AJ,SEPD,LV,1,TH5413,75,2026-06-04T14:14:55Z,2026-06-04T14:14:55Z,0.0
OX4 4AP,SEPD,LV,1,TH5413,75,2026-06-04T14:14:55Z,2026-06-04T14:14:55Z,0.0
OX4 4AQ,SEPD,LV,1,TH5413,75,2026-06-04T14:14:55Z,2026-06-04T14:14:55Z,0.0
OX4 4AT,SEPD,LV,1,TH4297,8,2026-06-03T21:56:18Z,2026-06-03T21:56:18Z,0.0
OX4 4AU,SEPD,LV,1,TH5413,75,2026-06-04T14:14:55Z,2026-06-04T14:14:55Z,0.0
OX4 4AX,SEPD,LV,1,TH5413,75,2026-06-04T14:14:55Z,2026-06-04T14:14:55Z,0.0
OX4 4AZ,SEPD,LV,1,TH5413,75,2026-06-04T14:14:55Z,2026-06-04T14:14:55Z,0.0
OX4 4BB,SEPD,LV,1,TH5413,75,2026-06-04T14:14:55Z,2026-06-04T14:14:55Z,0.0
OX4 4BD,SEPD,LV,1,TH5413,75,2026-06-04T14:14:55Z,2026-06-04T14:14:55Z,0.0
OX4 4BH,SEPD,LV,1,TH5413,75,2026-06-04T14:14:55Z,2026-06-04T14:14:55Z,0.0
OX4 4BQ,SEPD,LV,1,TH5413,75,2026-06-04T14:14:55Z,2026-06-04T14:14:55Z,0.0
OX4 4DH,SEPD,LV,1,TH4297,8,2026-06-03T21:56:18Z,2026-06-03T21:56:18Z,0.0
OX4 4DP,SEPD,LV,1,TH4297,8,2026-06-03T21:56:18Z,2026-06-03T21:56:18Z,0.0
OX49 5AZ,SEPD,PSI,1,252056,6,2026-06-05T08:33:42Z,2026-06-05T08:33:42Z,0.0
OX7 4EN,SEPD,PSI,1,251871,18,2026-06-03T10:04:32Z,2026-06-03T10:04:32Z,0.0
OX7 4EW,SEPD,PSI,1,251871,18,2026-06-03T10:04:32Z,2026-06-03T10:04:32Z,0.0
OX7 5TT,SEPD,PSI,1,249645,13,2026-06-03T10:04:32Z,2026-06-03T10:04:32Z,0.0
OX7 5TU,SEPD,PSI,1,249645,13,2026-06-03T10:04:32Z,2026-06-03T10:04:32Z,0.0
OX7 5TX,SEPD,PSI,1,249645,13,2026-06-03T10:04:32Z,2026-06-03T10:04:32Z,0.0
OX7 6FG,SEPD,PSI,1,251512,20,2026-06-03T10:04:32Z,2026-06-03T10:04:32Z,0.0
OX7 6PL,SEPD,PSI,1,251524,45,2026-06-05T08:33:42Z,2026-06-05T08:33:42Z,0.0
OX7 6PS,SEPD,PSI,1,251524,45,2026-06-05T08:33:42Z,2026-06-05T08:33:42Z,0.0
OX7 6PW,SEPD,PSI,1,251524,45,2026-06-05T08:33:42Z,2026-06-05T08:33:42Z,0.0
OX7 6QX,SEPD,PSI,1,251524,45,2026-06-05T08:33:42Z,2026-06-05T08:33:42Z,0.0
OX7 6QY,SEPD,PSI,1,251524,45,2026-06-05T08:33:42Z,2026-06-05T08:33:42Z,0.0
OX7 6QZ,SEPD,PSI,1,251524,45,2026-06-05T08:33:42Z,2026-06-05T08:33:42Z,0.0
OX7 6RA,SEPD,PSI,1,251524,45,2026-06-05T08:33:42Z,2026-06-05T08:33:42Z,0.0
OX7 6RB,SEPD,PSI,1,251524,45,2026-06-05T08:33:42Z,2026-06-05T08:33:42Z,0.0
PA21 2DH,SHEPD,PSI,1,250535,14,2026-06-04T11:24:55Z,2026-06-04T11:24:55Z,0.0
PA21 8TT,SHEPD,PSI,1,250900,6,2026-06-09T14:03:39Z,2026-06-09T14:03:39Z,0.0
PA23,SHEPD,PSI,1,250900,6,2026-06-09T14:03:39Z,2026-06-09T14:03:39Z,0.0
PA23 8TR,SHEPD,PSI,1,250900,6,2026-06-09T14:03:39Z,2026-06-09T14:03:39Z,0.0
PA27,SHEPD,PSI,1,250535,14,2026-06-04T11:24:55Z,2026-06-04T11:24:55Z,0.0
PA27 8BU,SHEPD,PSI,1,250535,14,2026-06-04T11:24:55Z,2026-06-04T11:24:55Z,0.0
PA28 6NN,SHEPD,PSI,1,251896,4,2026-06-03T10:04:32Z,2026-06-03T10:04:32Z,0.0
PA28 6PW,SHEPD,PSI,1,251599,7,2026-06-04T11:24:55Z,2026-06-04T11:24:55Z,0.0
PA28 6PY,SHEPD,HV,1,TJ1059,17,2026-06-08T23:00:23Z,2026-06-08T23:00:23Z,0.0
PA34 4NP,SHEPD,LV,1,TJ0259,11,2026-06-08T14:00:30Z,2026-06-08T14:00:30Z,0.0
PA34 4QR,SHEPD,PSI,1,251027,3,2026-06-09T11:35:35Z,2026-06-09T11:35:35Z,0.0
PA34 4XT,SHEPD,PSI,1,251027,3,2026-06-09T11:35:35Z,2026-06-09T11:35:35Z,0.0
PA34 4XX,SHEPD,PSI,1,251027,3,2026-06-09T11:35:35Z,2026-06-09T11:35:35Z,0.0
PA34 4YH,SHEPD,LV,1,TJ0259,11,2026-06-08T14:00:30Z,2026-06-08T14:00:30Z,0.0
PH10 6BB,SHEPD,HV,1,TH7081,82,2026-06-05T16:44:20Z,2026-06-05T16:44:20Z,0.0
PH10 6QT,SHEPD,HV,1,TH7081,82,2026-06-05T16:44:20Z,2026-06-05T16:44:20Z,0.0
PH10 6QU,SHEPD,HV,1,TH7081,82,2026-06-05T16:44:20Z,2026-06-05T16:44:20Z,0.0
PH10 6QX,SHEPD,HV,1,TH7081,82,2026-06-05T16:44:20Z,2026-06-05T16:44:20Z,0.0
PH10 6SA,SHEPD,HV,1,TH7081,82,2026-06-05T16:44:20Z,2026-06-05T16:44:20Z,0.0
PH10 6SB,SHEPD,HV,1,TH7081,82,2026-06-05T16:44:20Z,2026-06-05T16:44:20Z,0.0
PH10 7HR,SHEPD,LV,1,TH3751,4,2026-06-03T15:02:39Z,2026-06-03T15:02:39Z,0.0
PH10 7HY,SHEPD,LV,1,TH3751,4,2026-06-03T15:02:39Z,2026-06-03T15:02:39Z,0.0
PH11 8JX,SHEPD,LV,1,TH3751,4,2026-06-03T15:02:39Z,2026-06-03T15:02:39Z,0.0
PH2 0EJ,SHEPD,LV,1,TJ1440,6,2026-06-09T11:35:35Z,2026-06-09T11:35:35Z,0.0
PH2 0EX,SHEPD,LV,1,TJ1440,6,2026-06-09T11:35:35Z,2026-06-09T11:35:35Z,0.0
PH2 0GW,SHEPD,LV,1,TH6958,37,2026-06-05T14:13:43Z,2026-06-05T14:13:43Z,0.0
PH2 0GX,SHEPD,LV,1,TH6958,37,2026-06-05T14:13:43Z,2026-06-05T14:13:43Z,0.0
PH2 0GY,SHEPD,LV,1,TH6958,37,2026-06-05T14:13:43Z,2026-06-05T14:13:43Z,0.0
PH2 0GZ,SHEPD,LV,1,TH6958,37,2026-06-05T14:13:43Z,2026-06-05T14:13:43Z,0.0
PH2 0LR,SHEPD,LV,1,TH6958,37,2026-06-05T14:13:43Z,2026-06-05T14:13:43Z,0.0
PH2 0LS,SHEPD,LV,1,TH6958,37,2026-06-05T14:13:43Z,2026-06-05T14:13:43Z,0.0
PH2 0LT,SHEPD,LV,1,TH6958,37,2026-06-05T14:13:43Z,2026-06-05T14:13:43Z,0.0
PH2 0PB,SHEPD,LV,1,TH6958,37,2026-06-05T14:13:43Z,2026-06-05T14:13:43Z,0.0
PH2 0PG,SHEPD,LV,1,TH6958,37,2026-06-05T14:13:43Z,2026-06-05T14:13:43Z,0.0
PH2 0QN,SHEPD,PSI,1,251269,6,2026-06-03T10:04:32Z,2026-06-03T10:04:32Z,0.0
PH2 0QP,SHEPD,PSI,1,251269,6,2026-06-03T10:04:32Z,2026-06-03T10:04:32Z,0.0
PH2 9HW,SHEPD,LV,1,TH7285,2,2026-06-06T21:33:01Z,2026-06-06T21:33:01Z,0.0
PH22 1QH,SHEPD,HV,1,TH5913,8,2026-06-04T19:38:35Z,2026-06-04T19:38:35Z,0.0
PH22 1QP,SHEPD,HV,1,TH5913,8,2026-06-04T19:38:35Z,2026-06-04T19:38:35Z,0.0
PH22 1QT,SHEPD,HV,1,TH5913,8,2026-06-04T19:38:35Z,2026-06-04T19:38:35Z,0.0
PH23 3AY,SHEPD,PSI,1,251452,2,2026-06-05T08:33:42Z,2026-06-05T08:33:42Z,0.0
PH31,SHEPD,HV,1,TH4122,461,2026-06-03T18:55:31Z,2026-06-03T18:55:31Z,0.0
PH31 4AD,SHEPD,HV,1,TH4122,461,2026-06-03T18:55:31Z,2026-06-03T18:55:31Z,0.0
PH31 4AE,SHEPD,HV,1,TH4122,461,2026-06-03T18:55:31Z,2026-06-03T18:55:31Z,0.0
PH31 4AF,SHEPD,HV,1,TH4122,461,2026-06-03T18:55:31Z,2026-06-03T18:55:31Z,0.0
PH31 4AG,SHEPD,HV,1,TH4122,461,2026-06-03T18:55:31Z,2026-06-03T18:55:31Z,0.0
PH31 4AH,SHEPD,HV,1,TH4122,461,2026-06-03T18:55:31Z,2026-06-03T18:55:31Z,0.0
PH31 4AJ,SHEPD,HV,1,TH4122,461,2026-06-03T18:55:31Z,2026-06-03T18:55:31Z,0.0
PH31 4AN,SHEPD,HV,1,TH4122,461,2026-06-03T18:55:31Z,2026-06-03T18:55:31Z,0.0
PH31 4AQ,SHEPD,HV,1,TH4122,461,2026-06-03T18:55:31Z,2026-06-03T18:55:31Z,0.0
PH31 4AR,SHEPD,HV,1,TH4122,461,2026-06-03T18:55:31Z,2026-06-03T18:55:31Z,0.0
PH31 4AS,SHEPD,HV,1,TH4122,461,2026-06-03T18:55:31Z,2026-06-03T18:55:31Z,0.0
PH31 4AW,SHEPD,HV,1,TH4122,461,2026-06-03T18:55:31Z,2026-06-03T18:55:31Z,0.0
PH34 4DX,SHEPD,HV,1,TH4122,461,2026-06-03T18:55:31Z,2026-06-03T18:55:31Z,0.0
PH34 4EP,SHEPD,HV,1,TH4122,461,2026-06-03T18:55:31Z,2026-06-03T18:55:31Z,0.0
PH34 4EU,SHEPD,HV,1,TH4122,461,2026-06-03T18:55:31Z,2026-06-03T18:55:31Z,0.0
PH34 4EY,SHEPD,HV,1,TH4122,461,2026-06-03T18:55:31Z,2026-06-03T18:55:31Z,0.0
PH36 4JN,SHEPD,PSI,1,251126,7,2026-06-09T11:35:35Z,2026-06-09T11:35:35Z,0.0
PO18 8PG,SEPD,LV,1,TG7256,14,2026-06-04T11:24:55Z,2026-06-04T11:24:55Z,0.0
PO18 8PL,SEPD,LV,1,TG7256,14,2026-06-04T11:24:55Z,2026-06-04T11:24:55Z,0.0
PO18 8PN,SEPD,LV,1,TG7256,14,2026-06-04T11:24:55Z,2026-06-04T11:24:55Z,0.0
PO18 8PW,SEPD,LV,1,TG7256,14,2026-06-04T11:24:55Z,2026-06-04T11:24:55Z,0.0
PO18 8TL,SEPD,LV,1,TG7256,14,2026-06-04T11:24:55Z,2026-06-04T11:24:55Z,0.0
PO18 8TP,SEPD,LV,1,TG7256,14,2026-06-04T11:24:55Z,2026-06-04T11:24:55Z,0.0
PO18 9EG,SEPD,HV,1,TH6655,20,2026-06-05T11:48:52Z,2026-06-05T11:48:52Z,0.0
PO18 9EJ,SEPD,HV,1,TH6655,20,2026-06-05T11:48:52Z,2026-06-05T11:48:52Z,0.0
PO18 9EQ,SEPD,HV,1,TH6655,20,2026-06-05T11:48:52Z,2026-06-05T11:48:52Z,0.0
PO2 8NE,SEPD,LV,1,TH2737,7,2026-06-03T05:06:37Z,2026-06-03T05:06:37Z,0.0
PO2 8SR,SEPD,LV,1,TH2737,7,2026-06-03T05:06:37Z,2026-06-03T05:06:37Z,0.0
PO2 9BD,SEPD,LV,1,TH2737,7,2026-06-03T05:06:37Z,2026-06-03T05:06:37Z,0.0
PO2 9PB,SEPD,LV,1,TH2737,7,2026-06-03T05:06:37Z,2026-06-03T05:06:37Z,0.0
PO20 2BP,SEPD,HV,1,TH7941,4227,2026-06-06T16:03:38Z,2026-06-06T16:03:38Z,0.0
PO20 7AF,SEPD,HV,1,TH7941,4227,2026-06-06T16:03:38Z,2026-06-06T16:03:38Z,0.0
PO20 7BN,SEPD,HV,1,TH7941,4227,2026-06-06T16:03:38Z,2026-06-06T16:03:38Z,0.0
PO20 7FA,SEPD,HV,1,TH7941,4227,2026-06-06T16:03:38Z,2026-06-06T16:03:38Z,0.0
PO20 7JB,SEPD,HV,1,TH7941,4227,2026-06-06T16:03:38Z,2026-06-06T16:03:38Z,0.0
PO20 7JS,SEPD,HV,1,TH7941,4227,2026-06-06T16:03:38Z,2026-06-06T16:03:38Z,0.0
PO20 7JT,SEPD,HV,1,TH7941,4227,2026-06-06T16:03:38Z,2026-06-06T16:03:38Z,0.0
PO20 7JU,SEPD,HV,1,TH7941,4227,2026-06-06T16:03:38Z,2026-06-06T16:03:38Z,0.0
PO20 7JX,SEPD,HV,1,TH7941,4227,2026-06-06T16:03:38Z,2026-06-06T16:03:38Z,0.0
PO20 7JY,SEPD,HV,1,TH7941,4227,2026-06-06T16:03:38Z,2026-06-06T16:03:38Z,0.0
PO20 7JZ,SEPD,HV,1,TH7941,4227,2026-06-06T16:03:38Z,2026-06-06T16:03:38Z,0.0
PO20 7LA,SEPD,HV,1,TH7941,4227,2026-06-06T16:03:38Z,2026-06-06T16:03:38Z,0.0
PO20 7LB,SEPD,HV,1,TH7941,4227,2026-06-06T16:03:38Z,2026-06-06T16:03:38Z,0.0
PO20 7LD,SEPD,HV,1,TH7941,4227,2026-06-06T16:03:38Z,2026-06-06T16:03:38Z,0.0
PO20 7LE,SEPD,HV,1,TH7941,4227,2026-06-06T16:03:38Z,2026-06-06T16:03:38Z,0.0
PO20 7LG,SEPD,HV,1,TH7941,4227,2026-06-06T16:03:38Z,2026-06-06T16:03:38Z,0.0
PO20 7LH,SEPD,HV,1,TH7941,4227,2026-06-06T16:03:38Z,2026-06-06T16:03:38Z,0.0
PO20 7LJ,SEPD,HV,1,TH7941,4227,2026-06-06T16:03:38Z,2026-06-06T16:03:38Z,0.0
PO20 7LP,SEPD,HV,1,TH7941,4227,2026-06-06T16:03:38Z,2026-06-06T16:03:38Z,0.0
PO20 7LQ,SEPD,HV,1,TH7941,4227,2026-06-06T16:03:38Z,2026-06-06T16:03:38Z,0.0
PO20 7NP,SEPD,HV,1,TH7941,4227,2026-06-06T16:03:38Z,2026-06-06T16:03:38Z,0.0
PO20 7NW,SEPD,HV,1,TH7941,4227,2026-06-06T16:03:38Z,2026-06-06T16:03:38Z,0.0
PO20 7QJ,SEPD,HV,1,TH7941,4227,2026-06-06T16:03:38Z,2026-06-06T16:03:38Z,0.0
PO20 7QP,SEPD,HV,1,TH7941,4227,2026-06-06T16:03:38Z,2026-06-06T16:03:38Z,0.0
PO20 8AA,SEPD,HV,1,TH7941,4227,2026-06-06T16:03:38Z,2026-06-06T16:03:38Z,0.0
PO20 8AB,SEPD,HV,1,TH7941,4227,2026-06-06T16:03:38Z,2026-06-06T16:03:38Z,0.0
PO20 8AD,SEPD,HV,1,TH7941,4227,2026-06-06T16:03:38Z,2026-06-06T16:03:38Z,0.0
PO20 8AF,SEPD,HV,1,TH7941,4227,2026-06-06T16:03:38Z,2026-06-06T16:03:38Z,0.0
PO20 8AH,SEPD,HV,1,TH7941,4227,2026-06-06T16:03:38Z,2026-06-06T16:03:38Z,0.0
PO20 8AJ,SEPD,HV,1,TH7941,4227,2026-06-06T16:03:38Z,2026-06-06T16:03:38Z,0.0
PO20 8AL,SEPD,HV,1,TH7941,4227,2026-06-06T16:03:38Z,2026-06-06T16:03:38Z,0.0
PO20 8AP,SEPD,HV,1,TH7941,4227,2026-06-06T16:03:38Z,2026-06-06T16:03:38Z,0.0
PO20 8AR,SEPD,HV,1,TH7941,4227,2026-06-06T16:03:38Z,2026-06-06T16:03:38Z,0.0
PO20 8AS,SEPD,HV,1,TH7941,4227,2026-06-06T16:03:38Z,2026-06-06T16:03:38Z,0.0
PO20 8AT,SEPD,HV,1,TH7941,4227,2026-06-06T16:03:38Z,2026-06-06T16:03:38Z,0.0
PO20 8AU,SEPD,HV,1,TH7941,4227,2026-06-06T16:03:38Z,2026-06-06T16:03:38Z,0.0
PO20 8AX,SEPD,HV,1,TH7941,4227,2026-06-06T16:03:38Z,2026-06-06T16:03:38Z,0.0
PO20 8BA,SEPD,HV,1,TH7941,4227,2026-06-06T16:03:38Z,2026-06-06T16:03:38Z,0.0
PO20 8BL,SEPD,HV,1,TH7941,4227,2026-06-06T16:03:38Z,2026-06-06T16:03:38Z,0.0
PO20 8BP,SEPD,HV,1,TH7941,4227,2026-06-06T16:03:38Z,2026-06-06T16:03:38Z,0.0
PO20 8BX,SEPD,HV,1,TH7941,4227,2026-06-06T16:03:38Z,2026-06-06T16:03:38Z,0.0
PO20 8DA,SEPD,HV,1,TH7941,4227,2026-06-06T16:03:38Z,2026-06-06T16:03:38Z,0.0
PO20 8DB,SEPD,HV,1,TH7941,4227,2026-06-06T16:03:38Z,2026-06-06T16:03:38Z,0.0
PO20 8DG,SEPD,HV,1,TH7941,4227,2026-06-06T16:03:38Z,2026-06-06T16:03:38Z,0.0
PO20 8DH,SEPD,HV,1,TH7941,4227,2026-06-06T16:03:38Z,2026-06-06T16:03:38Z,0.0
PO20 8DJ,SEPD,HV,1,TH7941,4227,2026-06-06T16:03:38Z,2026-06-06T16:03:38Z,0.0
PO20 8DL,SEPD,HV,1,TH7941,4227,2026-06-06T16:03:38Z,2026-06-06T16:03:38Z,0.0
PO20 8DN,SEPD,HV,1,TH7941,4227,2026-06-06T16:03:38Z,2026-06-06T16:03:38Z,0.0
PO20 8DP,SEPD,HV,1,TH7941,4227,2026-06-06T16:03:38Z,2026-06-06T16:03:38Z,0.0
PO20 8DQ,SEPD,HV,1,TH7941,4227,2026-06-06T16:03:38Z,2026-06-06T16:03:38Z,0.0
PO20 8DR,SEPD,HV,1,TH7941,4227,2026-06-06T16:03:38Z,2026-06-06T16:03:38Z,0.0
PO20 8DS,SEPD,HV,1,TH7941,4227,2026-06-06T16:03:38Z,2026-06-06T16:03:38Z,0.0
PO20 8DW,SEPD,HV,1,TH7941,4227,2026-06-06T16:03:38Z,2026-06-06T16:03:38Z,0.0
PO20 8EA,SEPD,HV,1,TH7941,4227,2026-06-06T16:03:38Z,2026-06-06T16:03:38Z,0.0
PO20 8EB,SEPD,HV,1,TH7941,4227,2026-06-06T16:03:38Z,2026-06-06T16:03:38Z,0.0
PO20 8ED,SEPD,HV,1,TH7941,4227,2026-06-06T16:03:38Z,2026-06-06T16:03:38Z,0.0
PO20 8EE,SEPD,HV,1,TH7941,4227,2026-06-06T16:03:38Z,2026-06-06T16:03:38Z,0.0
PO20 8EF,SEPD,HV,1,TH7941,4227,2026-06-06T16:03:38Z,2026-06-06T16:03:38Z,0.0
PO20 8ET,SEPD,HV,1,TH7941,4227,2026-06-06T16:03:38Z,2026-06-06T16:03:38Z,0.0
PO20 8EU,SEPD,HV,1,TH7941,4227,2026-06-06T16:03:38Z,2026-06-06T16:03:38Z,0.0
PO20 8EX,SEPD,HV,1,TH7941,4227,2026-06-06T16:03:38Z,2026-06-06T16:03:38Z,0.0
PO20 8EY,SEPD,HV,1,TH7941,4227,2026-06-06T16:03:38Z,2026-06-06T16:03:38Z,0.0
PO20 8EZ,SEPD,HV,1,TH7941,4227,2026-06-06T16:03:38Z,2026-06-06T16:03:38Z,0.0
PO20 8FA,SEPD,HV,1,TH7941,4227,2026-06-06T16:03:38Z,2026-06-06T16:03:38Z,0.0
PO20 8FW,SEPD,HV,1,TH7941,4227,2026-06-06T16:03:38Z,2026-06-06T16:03:38Z,0.0
PO20 8FX,SEPD,HV,1,TH7941,4227,2026-06-06T16:03:38Z,2026-06-06T16:03:38Z,0.0
PO20 8GH,SEPD,HV,1,TH7941,4227,2026-06-06T16:03:38Z,2026-06-06T16:03:38Z,0.0
PO20 8HA,SEPD,HV,1,TH7941,4227,2026-06-06T16:03:38Z,2026-06-06T16:03:38Z,0.0
PO20 8HB,SEPD,HV,1,TH7941,4227,2026-06-06T16:03:38Z,2026-06-06T16:03:38Z,0.0
PO20 8HD,SEPD,HV,1,TH7941,4227,2026-06-06T16:03:38Z,2026-06-06T16:03:38Z,0.0
PO20 8HE,SEPD,HV,1,TH7941,4227,2026-06-06T16:03:38Z,2026-06-06T16:03:38Z,0.0
PO20 8HF,SEPD,HV,1,TH7941,4227,2026-06-06T16:03:38Z,2026-06-06T16:03:38Z,0.0
PO20 8HG,SEPD,HV,1,TH7941,4227,2026-06-06T16:03:38Z,2026-06-06T16:03:38Z,0.0
PO20 8HH,SEPD,HV,1,TH7941,4227,2026-06-06T16:03:38Z,2026-06-06T16:03:38Z,0.0
PO20 8HJ,SEPD,HV,1,TH7941,4227,2026-06-06T16:03:38Z,2026-06-06T16:03:38Z,0.0
PO20 8HL,SEPD,HV,1,TH7941,4227,2026-06-06T16:03:38Z,2026-06-06T16:03:38Z,0.0
PO20 8HP,SEPD,HV,1,TH7941,4227,2026-06-06T16:03:38Z,2026-06-06T16:03:38Z,0.0
PO20 8HQ,SEPD,HV,1,TH7941,4227,2026-06-06T16:03:38Z,2026-06-06T16:03:38Z,0.0
PO20 8HR,SEPD,HV,1,TH7941,4227,2026-06-06T16:03:38Z,2026-06-06T16:03:38Z,0.0
PO20 8HS,SEPD,HV,1,TH7941,4227,2026-06-06T16:03:38Z,2026-06-06T16:03:38Z,0.0
PO20 8HT,SEPD,HV,1,TH7941,4227,2026-06-06T16:03:38Z,2026-06-06T16:03:38Z,0.0
PO20 8HU,SEPD,HV,1,TH7941,4227,2026-06-06T16:03:38Z,2026-06-06T16:03:38Z,0.0
PO20 8HX,SEPD,HV,1,TH7941,4227,2026-06-06T16:03:38Z,2026-06-06T16:03:38Z,0.0
PO20 8HY,SEPD,HV,1,TH7941,4227,2026-06-06T16:03:38Z,2026-06-06T16:03:38Z,0.0
PO20 8HZ,SEPD,HV,1,TH7941,4227,2026-06-06T16:03:38Z,2026-06-06T16:03:38Z,0.0
PO20 8JD,SEPD,HV,1,TH7941,4227,2026-06-06T16:03:38Z,2026-06-06T16:03:38Z,0.0
PO20 8JH,SEPD,HV,1,TH7941,4227,2026-06-06T16:03:38Z,2026-06-06T16:03:38Z,0.0
PO20 8JJ,SEPD,HV,1,TH7941,4227,2026-06-06T16:03:38Z,2026-06-06T16:03:38Z,0.0
PO20 8JL,SEPD,HV,1,TH7941,4227,2026-06-06T16:03:38Z,2026-06-06T16:03:38Z,0.0
PO20 8JN,SEPD,HV,1,TH7941,4227,2026-06-06T16:03:38Z,2026-06-06T16:03:38Z,0.0
PO20 8JS,SEPD,HV,1,TH7941,4227,2026-06-06T16:03:38Z,2026-06-06T16:03:38Z,0.0
PO20 8JU,SEPD,HV,1,TH7941,4227,2026-06-06T16:03:38Z,2026-06-06T16:03:38Z,0.0
PO20 8JX,SEPD,HV,1,TH7941,4227,2026-06-06T16:03:38Z,2026-06-06T16:03:38Z,0.0
PO20 8LA,SEPD,HV,1,TH7941,4227,2026-06-06T16:03:38Z,2026-06-06T16:03:38Z,0.0
PO20 8LB,SEPD,HV,1,TH7941,4227,2026-06-06T16:03:38Z,2026-06-06T16:03:38Z,0.0
PO20 8LG,SEPD,HV,1,TH7941,4227,2026-06-06T16:03:38Z,2026-06-06T16:03:38Z,0.0
PO20 8LJ,SEPD,HV,1,TH7941,4227,2026-06-06T16:03:38Z,2026-06-06T16:03:38Z,0.0
PO20 8LQ,SEPD,HV,1,TH7941,4227,2026-06-06T16:03:38Z,2026-06-06T16:03:38Z,0.0
PO20 8NL,SEPD,HV,1,TH7941,4227,2026-06-06T16:03:38Z,2026-06-06T16:03:38Z,0.0
PO20 8NN,SEPD,HV,1,TH7941,4227,2026-06-06T16:03:38Z,2026-06-06T16:03:38Z,0.0
PO20 8NP,SEPD,HV,1,TH7941,4227,2026-06-06T16:03:38Z,2026-06-06T16:03:38Z,0.0
PO20 8NS,SEPD,HV,1,TH7941,4227,2026-06-06T16:03:38Z,2026-06-06T16:03:38Z,0.0
PO20 8NT,SEPD,HV,1,TH7941,4227,2026-06-06T16:03:38Z,2026-06-06T16:03:38Z,0.0
PO20 8NU,SEPD,HV,1,TH7941,4227,2026-06-06T16:03:38Z,2026-06-06T16:03:38Z,0.0
PO20 8NW,SEPD,HV,1,TH7941,4227,2026-06-06T16:03:38Z,2026-06-06T16:03:38Z,0.0
PO20 8NX,SEPD,HV,1,TH7941,4227,2026-06-06T16:03:38Z,2026-06-06T16:03:38Z,0.0
PO20 8NY,SEPD,HV,1,TH7941,4227,2026-06-06T16:03:38Z,2026-06-06T16:03:38Z,0.0
PO20 8NZ,SEPD,HV,1,TH7941,4227,2026-06-06T16:03:38Z,2026-06-06T16:03:38Z,0.0
PO20 8PA,SEPD,HV,1,TH7941,4227,2026-06-06T16:03:38Z,2026-06-06T16:03:38Z,0.0
PO20 8PB,SEPD,HV,1,TH7941,4227,2026-06-06T16:03:38Z,2026-06-06T16:03:38Z,0.0
PO20 8PD,SEPD,HV,1,TH7941,4227,2026-06-06T16:03:38Z,2026-06-06T16:03:38Z,0.0
PO20 8PE,SEPD,HV,1,TH7941,4227,2026-06-06T16:03:38Z,2026-06-06T16:03:38Z,0.0
PO20 8PG,SEPD,HV,1,TH7941,4227,2026-06-06T16:03:38Z,2026-06-06T16:03:38Z,0.0
PO20 8PH,SEPD,HV,1,TH7941,4227,2026-06-06T16:03:38Z,2026-06-06T16:03:38Z,0.0
PO20 8PL,SEPD,HV,1,TH7941,4227,2026-06-06T16:03:38Z,2026-06-06T16:03:38Z,0.0
PO20 8PN,SEPD,HV,1,TH7941,4227,2026-06-06T16:03:38Z,2026-06-06T16:03:38Z,0.0
PO20 8PP,SEPD,HV,1,TH7941,4227,2026-06-06T16:03:38Z,2026-06-06T16:03:38Z,0.0
PO20 8PQ,SEPD,HV,1,TH7941,4227,2026-06-06T16:03:38Z,2026-06-06T16:03:38Z,0.0
PO20 8PW,SEPD,HV,1,TH7941,4227,2026-06-06T16:03:38Z,2026-06-06T16:03:38Z,0.0
PO20 8QZ,SEPD,HV,1,TH7941,4227,2026-06-06T16:03:38Z,2026-06-06T16:03:38Z,0.0
PO20 8RB,SEPD,HV,1,TH7941,4227,2026-06-06T16:03:38Z,2026-06-06T16:03:38Z,0.0
PO20 8RD,SEPD,HV,1,TH7941,4227,2026-06-06T16:03:38Z,2026-06-06T16:03:38Z,0.0
PO20 8RE,SEPD,HV,1,TH7941,4227,2026-06-06T16:03:38Z,2026-06-06T16:03:38Z,0.0
PO20 8RS,SEPD,HV,1,TH7941,4227,2026-06-06T16:03:38Z,2026-06-06T16:03:38Z,0.0
PO20 8RT,SEPD,HV,1,TH7941,4227,2026-06-06T16:03:38Z,2026-06-06T16:03:38Z,0.0
PO20 8RX,SEPD,HV,1,TH7941,4227,2026-06-06T16:03:38Z,2026-06-06T16:03:38Z,0.0
PO20 8SE,SEPD,HV,1,TH7941,4227,2026-06-06T16:03:38Z,2026-06-06T16:03:38Z,0.0
PO20 8SF,SEPD,HV,1,TH7941,4227,2026-06-06T16:03:38Z,2026-06-06T16:03:38Z,0.0
PO20 8SP,SEPD,HV,1,TH7941,4227,2026-06-06T16:03:38Z,2026-06-06T16:03:38Z,0.0
PO20 8SR,SEPD,HV,1,TH7941,4227,2026-06-06T16:03:38Z,2026-06-06T16:03:38Z,0.0
PO20 8UA,SEPD,HV,1,TH7941,4227,2026-06-06T16:03:38Z,2026-06-06T16:03:38Z,0.0
PO20 8YW,SEPD,HV,1,TH7941,4227,2026-06-06T16:03:38Z,2026-06-06T16:03:38Z,0.0
PO3 5BP,SEPD,LV,1,TH8956,17,2026-06-07T09:51:01Z,2026-06-07T09:51:01Z,0.0
PO3 5QR,SEPD,LV,1,TH8956,17,2026-06-07T09:51:01Z,2026-06-07T09:51:01Z,0.0
PO3 5QW,SEPD,LV,1,TH8956,17,2026-06-07T09:51:01Z,2026-06-07T09:51:01Z,0.0
PO36 0JT,SEPD,PSI,1,251353,32,2026-06-03T10:04:32Z,2026-06-03T10:04:32Z,0.0
PO36 0JU,SEPD,PSI,1,251353,32,2026-06-03T10:04:32Z,2026-06-03T10:04:32Z,0.0
PO36 0LS,SEPD,PSI,1,251353,32,2026-06-03T10:04:32Z,2026-06-03T10:04:32Z,0.0
PO36 0PX,SEPD,PSI,1,251353,32,2026-06-03T10:04:32Z,2026-06-03T10:04:32Z,0.0
PO5 1LJ,SEPD,LV,1,TH8806,24,2026-06-07T06:40:11Z,2026-06-07T06:40:11Z,0.0
PO5 1LN,SEPD,LV,1,TH8806,24,2026-06-07T06:40:11Z,2026-06-07T06:40:11Z,0.0
PO5 1LP,SEPD,LV,1,TH8806,24,2026-06-07T06:40:11Z,2026-06-07T06:40:11Z,0.0
PO5 1LR,SEPD,LV,1,TH8806,24,2026-06-07T06:40:11Z,2026-06-07T06:40:11Z,0.0
PO5 1LW,SEPD,LV,1,TH8806,24,2026-06-07T06:40:11Z,2026-06-07T06:40:11Z,0.0
PO5 2AA,SEPD,LV,1,TH8806,24,2026-06-07T06:40:11Z,2026-06-07T06:40:11Z,0.0
PO5 2AU,SEPD,LV,1,TH8806,24,2026-06-07T06:40:11Z,2026-06-07T06:40:11Z,0.0
PO6 3AX,SEPD,LV,1,TH7633,12,2026-06-06T13:09:45Z,2026-06-06T13:09:45Z,0.0
PO6 3DD,SEPD,LV,1,TH7633,12,2026-06-06T13:09:45Z,2026-06-06T13:09:45Z,0.0
PO6 3DF,SEPD,LV,1,TH7633,12,2026-06-06T13:09:45Z,2026-06-06T13:09:45Z,0.0
PO6 3FS,SEPD,LV,1,TH7633,12,2026-06-06T13:09:45Z,2026-06-06T13:09:45Z,0.0
PO6 3PL,SEPD,LV,1,TH4773,13,2026-06-04T08:07:26Z,2026-06-04T08:07:26Z,0.0
PO6 4HE,SEPD,LV,1,TH4773,13,2026-06-04T08:07:26Z,2026-06-04T08:07:26Z,0.0
PO6 4HF,SEPD,LV,1,TH4773,13,2026-06-04T08:07:26Z,2026-06-04T08:07:26Z,0.0
PO6 4HG,SEPD,LV,1,TH4773,13,2026-06-04T08:07:26Z,2026-06-04T08:07:26Z,0.0
PO6 4JB,SEPD,LV,1,TH4773,13,2026-06-04T08:07:26Z,2026-06-04T08:07:26Z,0.0
PO7 8NB,SEPD,LV,1,TH8109,21,2026-06-06T18:53:35Z,2026-06-06T18:53:35Z,0.0
PO7 8SQ,SEPD,LV,1,TH8109,21,2026-06-06T18:53:35Z,2026-06-06T18:53:35Z,0.0
PO7 8ST,SEPD,LV,1,TH8109,21,2026-06-06T18:53:35Z,2026-06-06T18:53:35Z,0.0
RG10 9UR,SEPD,LV,1,TH4202,12,2026-06-03T21:56:18Z,2026-06-03T21:56:18Z,0.0
RG10 9UU,SEPD,LV,1,TH4202,12,2026-06-03T21:56:18Z,2026-06-03T21:56:18Z,0.0
RG10 9XT,SEPD,LV,1,TH4202,12,2026-06-03T21:56:18Z,2026-06-03T21:56:18Z,0.0
RG10 9XU,SEPD,LV,1,TH4202,12,2026-06-03T21:56:18Z,2026-06-03T21:56:18Z,0.0
RG10 9XX,SEPD,LV,1,TH4202,12,2026-06-03T21:56:18Z,2026-06-03T21:56:18Z,0.0
RG12 0PE,SEPD,LV,1,TH6116,39,2026-06-05T04:40:55Z,2026-06-05T04:40:55Z,0.0
RG12 0UJ,SEPD,LV,1,TH6116,39,2026-06-05T04:40:55Z,2026-06-05T04:40:55Z,0.0
RG12 0UL,SEPD,LV,1,TH6116,39,2026-06-05T04:40:55Z,2026-06-05T04:40:55Z,0.0
RG17 7JP,SEPD,HV,1,TH9624,4,2026-06-07T21:49:52Z,2026-06-07T21:49:52Z,0.0
RG17 7JR,SEPD,HV,1,TH9624,4,2026-06-07T21:49:52Z,2026-06-07T21:49:52Z,0.0
RG19 4NG,SEPD,HV,1,TH7892,57,2026-06-06T14:53:20Z,2026-06-06T14:53:20Z,0.0
RG19 4NX,SEPD,HV,1,TH7892,57,2026-06-06T14:53:20Z,2026-06-06T14:53:20Z,0.0
RG19 4NZ,SEPD,HV,1,TH7892,57,2026-06-06T14:53:20Z,2026-06-06T14:53:20Z,0.0
RG19 4PA,SEPD,HV,1,TH7892,57,2026-06-06T14:53:20Z,2026-06-06T14:53:20Z,0.0
RG19 4PQ,SEPD,HV,1,TH7892,57,2026-06-06T14:53:20Z,2026-06-06T14:53:20Z,0.0
RG19 8BW,SEPD,HV,1,TH7892,57,2026-06-06T14:53:20Z,2026-06-06T14:53:20Z,0.0
RG19 8DE,SEPD,HV,1,TH7892,57,2026-06-06T14:53:20Z,2026-06-06T14:53:20Z,0.0
RG20 0JU,SEPD,LV,1,TH3736,10,2026-06-03T18:55:31Z,2026-06-03T18:55:31Z,0.0
RG20 0JX,SEPD,LV,1,TH3736,10,2026-06-03T18:55:31Z,2026-06-03T18:55:31Z,0.0
RG20 0JY,SEPD,LV,1,TH3736,10,2026-06-03T18:55:31Z,2026-06-03T18:55:31Z,0.0
RG20 0LA,SEPD,LV,1,TH3736,10,2026-06-03T18:55:31Z,2026-06-03T18:55:31Z,0.0
RG20 0LP,SEPD,PSI,1,251084,19,2026-06-05T08:33:42Z,2026-06-05T08:33:42Z,0.0
RG20 0LU,SEPD,PSI,1,251084,19,2026-06-05T08:33:42Z,2026-06-05T08:33:42Z,0.0
RG20 0LW,SEPD,PSI,1,251084,19,2026-06-05T08:33:42Z,2026-06-05T08:33:42Z,0.0
RG20 8DY,SEPD,HV,1,TH9624,4,2026-06-07T21:49:52Z,2026-06-07T21:49:52Z,0.0
RG20 8HF,SEPD,HV,1,TH9624,4,2026-06-07T21:49:52Z,2026-06-07T21:49:52Z,0.0
RG27 0LG,SEPD,PSI,1,251425,28,2026-06-03T10:04:32Z,2026-06-03T10:04:32Z,0.0
RG27 0LL,SEPD,PSI,1,251425,28,2026-06-03T10:04:32Z,2026-06-03T10:04:32Z,0.0
RG27 0LN,SEPD,PSI,1,251425,28,2026-06-03T10:04:32Z,2026-06-03T10:04:32Z,0.0
RG27 0LP,SEPD,PSI,1,251425,28,2026-06-03T10:04:32Z,2026-06-03T10:04:32Z,0.0
RG27 0LQ,SEPD,PSI,1,251425,28,2026-06-03T10:04:32Z,2026-06-03T10:04:32Z,0.0
RG27 0LS,SEPD,PSI,1,251425,28,2026-06-03T10:04:32Z,2026-06-03T10:04:32Z,0.0
RG27 8TD,SEPD,HV,1,TH3760,28,2026-06-03T15:02:39Z,2026-06-03T15:02:39Z,0.0
RG27 8TG,SEPD,HV,1,TH3760,28,2026-06-03T15:02:39Z,2026-06-03T15:02:39Z,0.0
RG29 1HT,SEPD,HV,1,TH3760,28,2026-06-03T15:02:39Z,2026-06-03T15:02:39Z,0.0
RG29 1RE,SEPD,LV,1,TH8700,20,2026-06-07T02:00:42Z,2026-06-07T02:00:42Z,0.0
RG29 1RF,SEPD,LV,1,TH8700,20,2026-06-07T02:00:42Z,2026-06-07T02:00:42Z,0.0
RG29 1RH,SEPD,LV,1,TH8700,20,2026-06-07T02:00:42Z,2026-06-07T02:00:42Z,0.0
RG29 1RJ,SEPD,LV,1,TH8700,20,2026-06-07T02:00:42Z,2026-06-07T02:00:42Z,0.0
RG29 1RL,SEPD,LV,1,TH8700,20,2026-06-07T02:00:42Z,2026-06-07T02:00:42Z,0.0
RG30 4LD,SEPD,LV,1,TH9718,4,2026-06-07T23:58:05Z,2026-06-07T23:58:05Z,0.0
RG30 4LJ,SEPD,LV,1,TH9718,4,2026-06-07T23:58:05Z,2026-06-07T23:58:05Z,0.0
RG30 4LL,SEPD,LV,1,TH9718,4,2026-06-07T23:58:05Z,2026-06-07T23:58:05Z,0.0
RG31 6FJ,SEPD,LV,1,TH4349,25,2026-06-03T21:56:18Z,2026-06-03T21:56:18Z,0.0
RG31 6FL,SEPD,LV,1,TH4349,25,2026-06-03T21:56:18Z,2026-06-03T21:56:18Z,0.0
RG31 6FN,SEPD,LV,1,TH4349,25,2026-06-03T21:56:18Z,2026-06-03T21:56:18Z,0.0
RG31 6YY,SEPD,LV,1,TH4349,25,2026-06-03T21:56:18Z,2026-06-03T21:56:18Z,0.0
RG42 1PX,SEPD,LV,1,TH7133,15,2026-06-05T16:44:20Z,2026-06-05T16:44:20Z,0.0
RG7 1XY,SEPD,PSI,1,251425,28,2026-06-03T10:04:32Z,2026-06-03T10:04:32Z,0.0
RG8 7JQ,SEPD,LV,1,TJ1192,10,2026-06-09T08:21:11Z,2026-06-09T08:21:11Z,0.0
RG8 7LP,SEPD,LV,1,TJ1192,10,2026-06-09T08:21:11Z,2026-06-09T08:21:11Z,0.0
RG8 7LY,SEPD,LV,1,TJ1192,10,2026-06-09T08:21:11Z,2026-06-09T08:21:11Z,0.0
RG8 8HG,SEPD,PSI,1,251191,26,2026-06-09T08:21:11Z,2026-06-09T08:21:11Z,0.0
RG8 8HS,SEPD,PSI,1,251191,26,2026-06-09T08:21:11Z,2026-06-09T08:21:11Z,0.0
RG8 8HT,SEPD,PSI,1,251191,26,2026-06-09T08:21:11Z,2026-06-09T08:21:11Z,0.0
RG8 8JU,SEPD,PSI,1,251191,26,2026-06-09T08:21:11Z,2026-06-09T08:21:11Z,0.0
RG8 8JY,SEPD,PSI,1,251191,26,2026-06-09T08:21:11Z,2026-06-09T08:21:11Z,0.0
RG8 8LB,SEPD,PSI,1,251191,26,2026-06-09T08:21:11Z,2026-06-09T08:21:11Z,0.0
RH14 0AW,SEPD,PSI,1,252226,145,2026-06-09T11:35:35Z,2026-06-09T11:35:35Z,0.0
RH14 0AZ,SEPD,PSI,1,252226,145,2026-06-09T11:35:35Z,2026-06-09T11:35:35Z,0.0
RH14 0BD,SEPD,PSI,1,252226,145,2026-06-09T11:35:35Z,2026-06-09T11:35:35Z,0.0
RH14 0DF,SEPD,PSI,1,252226,145,2026-06-09T11:35:35Z,2026-06-09T11:35:35Z,0.0
RH14 0DG,SEPD,PSI,1,252226,145,2026-06-09T11:35:35Z,2026-06-09T11:35:35Z,0.0
RH14 0DP,SEPD,PSI,1,252226,145,2026-06-09T11:35:35Z,2026-06-09T11:35:35Z,0.0
RH14 0DS,SEPD,PSI,1,252226,145,2026-06-09T11:35:35Z,2026-06-09T11:35:35Z,0.0
RH14 0DU,SEPD,PSI,1,252226,145,2026-06-09T11:35:35Z,2026-06-09T11:35:35Z,0.0
RH14 0DZ,SEPD,PSI,1,252226,145,2026-06-09T11:35:35Z,2026-06-09T11:35:35Z,0.0
RH14 0EA,SEPD,PSI,1,252226,145,2026-06-09T11:35:35Z,2026-06-09T11:35:35Z,0.0
RH14 0EB,SEPD,PSI,1,252226,145,2026-06-09T11:35:35Z,2026-06-09T11:35:35Z,0.0
RH14 0EE,SEPD,PSI,1,252226,145,2026-06-09T11:35:35Z,2026-06-09T11:35:35Z,0.0
RH14 0EF,SEPD,PSI,1,252226,145,2026-06-09T11:35:35Z,2026-06-09T11:35:35Z,0.0
RH14 0EG,SEPD,PSI,1,252226,145,2026-06-09T11:35:35Z,2026-06-09T11:35:35Z,0.0
RH14 0EH,SEPD,PSI,1,252226,145,2026-06-09T11:35:35Z,2026-06-09T11:35:35Z,0.0
RH14 0EJ,SEPD,PSI,1,252226,145,2026-06-09T11:35:35Z,2026-06-09T11:35:35Z,0.0
RH14 0QJ,SEPD,PSI,1,252226,145,2026-06-09T11:35:35Z,2026-06-09T11:35:35Z,0.0
SL1 5SN,SEPD,LV,1,TH9085,17,2026-06-07T13:09:19Z,2026-06-07T13:09:19Z,0.0
SL1 5SP,SEPD,LV,1,TH9085,17,2026-06-07T13:09:19Z,2026-06-07T13:09:19Z,0.0
SL1 5SR,SEPD,LV,1,TH9085,17,2026-06-07T13:09:19Z,2026-06-07T13:09:19Z,0.0
SL1 5SW,SEPD,LV,1,TH9085,17,2026-06-07T13:09:19Z,2026-06-07T13:09:19Z,0.0
SL2 2DH,SEPD,LV,1,TH5678,9,2026-06-04T17:26:14Z,2026-06-04T17:26:14Z,0.0
SL3 8AG,SEPD,LV,1,TH4014,2,2026-06-03T18:55:31Z,2026-06-03T18:55:31Z,0.0
SL3 8AQ,SEPD,LV,1,TH4014,2,2026-06-03T18:55:31Z,2026-06-03T18:55:31Z,0.0
SL3 8AR,SEPD,LV,1,TH4014,2,2026-06-03T18:55:31Z,2026-06-03T18:55:31Z,0.0
SL4 1EU,SEPD,LV,1,TH9352,14,2026-06-07T15:01:01Z,2026-06-07T15:01:01Z,0.0
SL4 1LD,SEPD,LV,1,TH9352,14,2026-06-07T15:01:01Z,2026-06-07T15:01:01Z,0.0
SL4 1LG,SEPD,LV,1,TH9352,14,2026-06-07T15:01:01Z,2026-06-07T15:01:01Z,0.0
SL4 1LQ,SEPD,LV,1,TH9352,14,2026-06-07T15:01:01Z,2026-06-07T15:01:01Z,0.0
SL4 1LT,SEPD,LV,1,TH9352,14,2026-06-07T15:01:01Z,2026-06-07T15:01:01Z,0.0
SL4 1LY,SEPD,LV,1,TH9352,14,2026-06-07T15:01:01Z,2026-06-07T15:01:01Z,0.0
SL6 3XB,SEPD,LV,1,TH7373,11,2026-06-06T01:33:23Z,2026-06-06T01:33:23Z,0.0
SL6 8HN,SEPD,LV,1,TH4233,10,2026-06-03T21:56:18Z,2026-06-03T21:56:18Z,0.0
SL6 8HX,SEPD,LV,1,TH4233,10,2026-06-03T21:56:18Z,2026-06-03T21:56:18Z,0.0
SL6 8HY,SEPD,LV,1,TH4233,10,2026-06-03T21:56:18Z,2026-06-03T21:56:18Z,0.0
SN1 3FT,SEPD,PSI,1,251684,66,2026-06-03T10:04:32Z,2026-06-03T10:04:32Z,0.0
SN1 3HG,SEPD,PSI,1,251684,66,2026-06-03T10:04:32Z,2026-06-03T10:04:32Z,0.0
SN1 3HJ,SEPD,PSI,1,251684,66,2026-06-03T10:04:32Z,2026-06-03T10:04:32Z,0.0
SN1 3HN,SEPD,PSI,1,251684,66,2026-06-03T10:04:32Z,2026-06-03T10:04:32Z,0.0
SN1 3HQ,SEPD,PSI,1,251684,66,2026-06-03T10:04:32Z,2026-06-03T10:04:32Z,0.0
SN11 0AT,SEPD,LV,1,TH5145,41,2026-06-04T11:24:55Z,2026-06-04T11:24:55Z,0.0
SN11 0JF,SEPD,HV,1,TH5140,28,2026-06-04T11:24:55Z,2026-06-04T11:24:55Z,0.0
SN11 0JY,SEPD,HV,1,TH5140,28,2026-06-04T11:24:55Z,2026-06-04T11:24:55Z,0.0
SN11 0LA,SEPD,HV,1,TH5140,28,2026-06-04T11:24:55Z,2026-06-04T11:24:55Z,0.0
SN11 0LB,SEPD,HV,1,TH5140,28,2026-06-04T11:24:55Z,2026-06-04T11:24:55Z,0.0
SN11 0LD,SEPD,HV,1,TH5140,28,2026-06-04T11:24:55Z,2026-06-04T11:24:55Z,0.0
SN11 0LE,SEPD,HV,1,TH5140,28,2026-06-04T11:24:55Z,2026-06-04T11:24:55Z,0.0
SN11 0LF,SEPD,LV,1,TH5145,41,2026-06-04T11:24:55Z,2026-06-04T11:24:55Z,0.0
SN11 0LG,SEPD,HV,1,TH5140,28,2026-06-04T11:24:55Z,2026-06-04T11:24:55Z,0.0
SN11 0LH,SEPD,HV,1,TH5140,28,2026-06-04T11:24:55Z,2026-06-04T11:24:55Z,0.0
SN11 0LJ,SEPD,HV,1,TH5140,28,2026-06-04T11:24:55Z,2026-06-04T11:24:55Z,0.0
SN11 0LL,SEPD,HV,1,TH5140,28,2026-06-04T11:24:55Z,2026-06-04T11:24:55Z,0.0
SN11 0LN,SEPD,HV,1,TH5140,28,2026-06-04T11:24:55Z,2026-06-04T11:24:55Z,0.0
SN11 0LQ,SEPD,HV,1,TH5140,28,2026-06-04T11:24:55Z,2026-06-04T11:24:55Z,0.0
SN11 0NA,SEPD,HV,1,TH5140,28,2026-06-04T11:24:55Z,2026-06-04T11:24:55Z,0.0
SN11 0NB,SEPD,HV,1,TH5140,28,2026-06-04T11:24:55Z,2026-06-04T11:24:55Z,0.0
SN11 0NE,SEPD,HV,1,TH5140,28,2026-06-04T11:24:55Z,2026-06-04T11:24:55Z,0.0
SN11 0NF,SEPD,HV,1,TH5140,28,2026-06-04T11:24:55Z,2026-06-04T11:24:55Z,0.0
SN11 0NG,SEPD,HV,1,TH5140,28,2026-06-04T11:24:55Z,2026-06-04T11:24:55Z,0.0
SN11 0NJ,SEPD,HV,1,TH5140,28,2026-06-04T11:24:55Z,2026-06-04T11:24:55Z,0.0
SN11 0QX,SEPD,LV,1,TH5145,41,2026-06-04T11:24:55Z,2026-06-04T11:24:55Z,0.0
SN11 0SE,SEPD,HV,1,TH5140,28,2026-06-04T11:24:55Z,2026-06-04T11:24:55Z,0.0
SN11 0ST,SEPD,HV,1,TH5140,28,2026-06-04T11:24:55Z,2026-06-04T11:24:55Z,0.0
SN11 8DA,SEPD,LV,1,TH5145,41,2026-06-04T11:24:55Z,2026-06-04T11:24:55Z,0.0
SN11 8JL,SEPD,LV,1,TH5145,41,2026-06-04T11:24:55Z,2026-06-04T11:24:55Z,0.0
SN11 8JP,SEPD,LV,1,TH5145,41,2026-06-04T11:24:55Z,2026-06-04T11:24:55Z,0.0
SN11 8JR,SEPD,LV,1,TH5145,41,2026-06-04T11:24:55Z,2026-06-04T11:24:55Z,0.0
SN11 8JS,SEPD,LV,1,TH5145,41,2026-06-04T11:24:55Z,2026-06-04T11:24:55Z,0.0
SN11 8JT,SEPD,LV,1,TH5145,41,2026-06-04T11:24:55Z,2026-06-04T11:24:55Z,0.0
SN11 8JU,SEPD,LV,1,TH5145,41,2026-06-04T11:24:55Z,2026-06-04T11:24:55Z,0.0
SN11 8JX,SEPD,LV,1,TH5145,41,2026-06-04T11:24:55Z,2026-06-04T11:24:55Z,0.0
SN11 8JY,SEPD,LV,1,TH5145,41,2026-06-04T11:24:55Z,2026-06-04T11:24:55Z,0.0
SN11 8TX,SEPD,LV,1,TH5145,41,2026-06-04T11:24:55Z,2026-06-04T11:24:55Z,0.0
SN11 8UA,SEPD,LV,1,TH5145,41,2026-06-04T11:24:55Z,2026-06-04T11:24:55Z,0.0
SN11 8YH,SEPD,HV,1,TH5140,28,2026-06-04T11:24:55Z,2026-06-04T11:24:55Z,0.0
SN15 5LY,SEPD,HV,1,TH3737,13,2026-06-03T15:02:39Z,2026-06-03T15:02:39Z,0.0
SN16 0DQ,SEPD,HV,1,TJ1812,128,2026-06-09T14:03:39Z,2026-06-09T14:03:39Z,0.0
SN16 0JH,SEPD,HV,1,TJ1812,128,2026-06-09T14:03:39Z,2026-06-09T14:03:39Z,0.0
SN16 0JJ,SEPD,HV,1,TJ1812,128,2026-06-09T14:03:39Z,2026-06-09T14:03:39Z,0.0
SN16 0JN,SEPD,HV,1,TJ1812,128,2026-06-09T14:03:39Z,2026-06-09T14:03:39Z,0.0
SN16 0JP,SEPD,HV,1,TJ1812,128,2026-06-09T14:03:39Z,2026-06-09T14:03:39Z,0.0
SN16 0JR,SEPD,HV,1,TJ1812,128,2026-06-09T14:03:39Z,2026-06-09T14:03:39Z,0.0
SN16 0JS,SEPD,HV,1,TJ1812,128,2026-06-09T14:03:39Z,2026-06-09T14:03:39Z,0.0
SN16 0JU,SEPD,HV,1,TJ1812,128,2026-06-09T14:03:39Z,2026-06-09T14:03:39Z,0.0
SN16 0JW,SEPD,HV,1,TJ1812,128,2026-06-09T14:03:39Z,2026-06-09T14:03:39Z,0.0
SN16 0JX,SEPD,HV,1,TJ1812,128,2026-06-09T14:03:39Z,2026-06-09T14:03:39Z,0.0
SN16 0LE,SEPD,HV,1,TJ1812,128,2026-06-09T14:03:39Z,2026-06-09T14:03:39Z,0.0
SN16 0PF,SEPD,HV,1,TJ1812,128,2026-06-09T14:03:39Z,2026-06-09T14:03:39Z,0.0
SN16 0PJ,SEPD,HV,1,TJ1812,128,2026-06-09T14:03:39Z,2026-06-09T14:03:39Z,0.0
SN16 0PL,SEPD,HV,1,TJ1812,128,2026-06-09T14:03:39Z,2026-06-09T14:03:39Z,0.0
SN16 0PN,SEPD,HV,1,TJ1812,128,2026-06-09T14:03:39Z,2026-06-09T14:03:39Z,0.0
SN16 0PW,SEPD,HV,1,TJ1812,128,2026-06-09T14:03:39Z,2026-06-09T14:03:39Z,0.0
SN16 0RB,SEPD,HV,1,TJ1812,128,2026-06-09T14:03:39Z,2026-06-09T14:03:39Z,0.0
SN16 0RD,SEPD,HV,1,TJ1812,128,2026-06-09T14:03:39Z,2026-06-09T14:03:39Z,0.0
SN16 0RE,SEPD,HV,1,TJ1812,128,2026-06-09T14:03:39Z,2026-06-09T14:03:39Z,0.0
SN26 7BJ,SEPD,LV,1,TH8976,11,2026-06-07T11:41:37Z,2026-06-07T11:41:37Z,0.0
SN26 8AS,SEPD,LV,1,TH8976,11,2026-06-07T11:41:37Z,2026-06-07T11:41:37Z,0.0
SN26 8DF,SEPD,LV,1,TH8976,11,2026-06-07T11:41:37Z,2026-06-07T11:41:37Z,0.0
SN3 2DF,SEPD,LV,1,TH8927,9,2026-06-07T09:51:01Z,2026-06-07T09:51:01Z,0.0
SN3 2EA,SEPD,LV,1,TH8927,9,2026-06-07T09:51:01Z,2026-06-07T09:51:01Z,0.0
SN8 4DR,SEPD,HV,1,TH9859,48,2026-06-08T09:52:09Z,2026-06-08T09:52:09Z,0.0
SN8 4DS,SEPD,HV,1,TH9859,48,2026-06-08T09:52:09Z,2026-06-08T09:52:09Z,0.0
SN8 4DT,SEPD,HV,1,TH9859,48,2026-06-08T09:52:09Z,2026-06-08T09:52:09Z,0.0
SN8 4DU,SEPD,HV,1,TH9859,48,2026-06-08T09:52:09Z,2026-06-08T09:52:09Z,0.0
SN8 4DX,SEPD,HV,1,TH9859,48,2026-06-08T09:52:09Z,2026-06-08T09:52:09Z,0.0
SN8 4DY,SEPD,HV,1,TH9859,48,2026-06-08T09:52:09Z,2026-06-08T09:52:09Z,0.0
SN8 4DZ,SEPD,HV,1,TH9859,48,2026-06-08T09:52:09Z,2026-06-08T09:52:09Z,0.0
SN8 4NZ,SEPD,HV,1,TH9859,48,2026-06-08T09:52:09Z,2026-06-08T09:52:09Z,0.0
SN8 4PB,SEPD,HV,1,TH9859,48,2026-06-08T09:52:09Z,2026-06-08T09:52:09Z,0.0
SN9 5JZ,SEPD,HV,1,TH9859,48,2026-06-08T09:52:09Z,2026-06-08T09:52:09Z,0.0
SO16 8AL,SEPD,PSI,1,251382,25,2026-06-04T08:07:26Z,2026-06-04T08:07:26Z,0.0
SO19 0QZ,SEPD,HV,1,TH8705,102,2026-06-07T06:40:11Z,2026-06-07T06:40:11Z,0.0
SO19 1EN,SEPD,HV,1,TH8705,102,2026-06-07T06:40:11Z,2026-06-07T06:40:11Z,0.0
SO24,SEPD,HV,1,TH5808,136,2026-06-04T17:26:14Z,2026-06-04T17:26:14Z,0.0
SO24 0EQ,SEPD,HV,1,TH5808,136,2026-06-04T17:26:14Z,2026-06-04T17:26:14Z,0.0
SO24 0FA,SEPD,HV,1,TH5808,136,2026-06-04T17:26:14Z,2026-06-04T17:26:14Z,0.0
SO24 0HA,SEPD,HV,1,TH5808,136,2026-06-04T17:26:14Z,2026-06-04T17:26:14Z,0.0
SO24 0HB,SEPD,HV,1,TH5808,136,2026-06-04T17:26:14Z,2026-06-04T17:26:14Z,0.0
SO24 0HD,SEPD,HV,1,TH5808,136,2026-06-04T17:26:14Z,2026-06-04T17:26:14Z,0.0
SO24 0HE,SEPD,HV,1,TH5808,136,2026-06-04T17:26:14Z,2026-06-04T17:26:14Z,0.0
SO24 0HG,SEPD,HV,1,TH5808,136,2026-06-04T17:26:14Z,2026-06-04T17:26:14Z,0.0
SO24 0HH,SEPD,HV,1,TH5808,136,2026-06-04T17:26:14Z,2026-06-04T17:26:14Z,0.0
SO24 0HJ,SEPD,HV,1,TH5808,136,2026-06-04T17:26:14Z,2026-06-04T17:26:14Z,0.0
SO24 0HQ,SEPD,HV,1,TH5808,136,2026-06-04T17:26:14Z,2026-06-04T17:26:14Z,0.0
SO30 4AB,SEPD,LV,1,TH7263,14,2026-06-05T20:46:32Z,2026-06-05T20:46:32Z,0.0
SO30 4AF,SEPD,LV,1,TH7263,14,2026-06-05T20:46:32Z,2026-06-05T20:46:32Z,0.0
SO30 4AG,SEPD,LV,1,TH7263,14,2026-06-05T20:46:32Z,2026-06-05T20:46:32Z,0.0
SO30 4DG,SEPD,LV,1,TH7263,14,2026-06-05T20:46:32Z,2026-06-05T20:46:32Z,0.0
SO40 3PA,SEPD,LV,1,TJ0843,12,2026-06-08T19:40:58Z,2026-06-08T19:40:58Z,0.0
SO40 3PB,SEPD,LV,1,TJ0843,12,2026-06-08T19:40:58Z,2026-06-08T19:40:58Z,0.0
SO50 6HN,SEPD,LV,1,TH3781,5,2026-06-03T15:02:39Z,2026-06-03T15:02:39Z,0.0
SO50 6HS,SEPD,LV,1,TH3781,5,2026-06-03T15:02:39Z,2026-06-03T15:02:39Z,0.0
SO51 8JE,SEPD,LV,1,TH7922,22,2026-06-07T16:40:31Z,2026-06-07T16:40:31Z,0.0
SO51 8JF,SEPD,LV,1,TH7922,22,2026-06-07T16:40:31Z,2026-06-07T16:40:31Z,0.0
SO51 8JS,SEPD,LV,1,TH7922,22,2026-06-07T16:40:31Z,2026-06-07T16:40:31Z,0.0
SO51 8LQ,SEPD,LV,1,TH7922,22,2026-06-07T16:40:31Z,2026-06-07T16:40:31Z,0.0
SO51 8LR,SEPD,LV,1,TH7922,22,2026-06-07T16:40:31Z,2026-06-07T16:40:31Z,0.0
SO51 9LL,SEPD,PSI,1,251382,25,2026-06-04T08:07:26Z,2026-06-04T08:07:26Z,0.0
SO51 9LN,SEPD,PSI,1,251382,25,2026-06-04T08:07:26Z,2026-06-04T08:07:26Z,0.0
SO53 4PZ,SEPD,LV,1,TH7188,28,2026-06-05T16:44:20Z,2026-06-05T16:44:20Z,0.0
SO53 4QD,SEPD,LV,1,TH7188,28,2026-06-05T16:44:20Z,2026-06-05T16:44:20Z,0.0
SO53 4QE,SEPD,LV,1,TH7188,28,2026-06-05T16:44:20Z,2026-06-05T16:44:20Z,0.0
SO53 4QF,SEPD,LV,1,TH7188,28,2026-06-05T16:44:20Z,2026-06-05T16:44:20Z,0.0
SO53 4QG,SEPD,LV,1,TH7188,28,2026-06-05T16:44:20Z,2026-06-05T16:44:20Z,0.0
SP3 6BT,SEPD,HV,1,TH4378,170,2026-06-03T23:53:04Z,2026-06-03T23:53:04Z,0.0
SP3 6BU,SEPD,HV,1,TH4378,170,2026-06-03T23:53:04Z,2026-06-03T23:53:04Z,0.0
SP3 6BX,SEPD,HV,1,TH4378,170,2026-06-03T23:53:04Z,2026-06-03T23:53:04Z,0.0
SP6 1LX,SEPD,PSI,1,250789,45,2026-06-04T11:24:55Z,2026-06-04T11:24:55Z,0.0
SP8 5RJ,SEPD,LV,1,TH3781,5,2026-06-03T15:02:39Z,2026-06-03T15:02:39Z,0.0
SP9 7UH,SEPD,LV,1,TH2529,12,2026-06-03T15:02:39Z,2026-06-03T15:02:39Z,0.0
SP9 7UJ,SEPD,LV,1,TH2529,12,2026-06-03T15:02:39Z,2026-06-03T15:02:39Z,0.0
SP9 7UL,SEPD,LV,1,TH2529,12,2026-06-03T15:02:39Z,2026-06-03T15:02:39Z,0.0
SP9 7UN,SEPD,LV,1,TH2529,12,2026-06-03T15:02:39Z,2026-06-03T15:02:39Z,0.0
SP9 7UR,SEPD,LV,1,TH2529,12,2026-06-03T15:02:39Z,2026-06-03T15:02:39Z,0.0
SP9 7UX,SEPD,LV,1,TH2529,12,2026-06-03T15:02:39Z,2026-06-03T15:02:39Z,0.0
SP9 7YD,SEPD,LV,1,TH2529,12,2026-06-03T15:02:39Z,2026-06-03T15:02:39Z,0.0
TW14 0JE,SEPD,LV,1,TJ1730,35,2026-06-09T11:35:35Z,2026-06-09T11:35:35Z,0.0
TW14 0JG,SEPD,LV,1,TJ1730,35,2026-06-09T11:35:35Z,2026-06-09T11:35:35Z,0.0
TW14 9LA,SEPD,LV,1,TJ1730,35,2026-06-09T11:35:35Z,2026-06-09T11:35:35Z,0.0
TW14 9LD,SEPD,LV,1,TJ1730,35,2026-06-09T11:35:35Z,2026-06-09T11:35:35Z,0.0
TW14 9LE,SEPD,LV,1,TJ1730,35,2026-06-09T11:35:35Z,2026-06-09T11:35:35Z,0.0
TW14 9LF,SEPD,LV,1,TJ1730,35,2026-06-09T11:35:35Z,2026-06-09T11:35:35Z,0.0
TW14 9LG,SEPD,LV,1,TJ1730,35,2026-06-09T11:35:35Z,2026-06-09T11:35:35Z,0.0
TW16 5PS,SEPD,LV,1,TH6700,8,2026-06-05T11:48:52Z,2026-06-05T11:48:52Z,0.0
TW16 5PT,SEPD,LV,1,TH6700,8,2026-06-05T11:48:52Z,2026-06-05T11:48:52Z,0.0
UB6 7AA,SEPD,HV,1,TH6045,37,2026-06-04T23:57:17Z,2026-06-04T23:57:17Z,0.0
UB6 7LA,SEPD,HV,1,TH6045,37,2026-06-04T23:57:17Z,2026-06-04T23:57:17Z,0.0
UB6 7LE,SEPD,HV,1,TH6045,37,2026-06-04T23:57:17Z,2026-06-04T23:57:17Z,0.0
UB6 7LG,SEPD,HV,1,TH6045,37,2026-06-04T23:57:17Z,2026-06-04T23:57:17Z,0.0
UB6 7LH,SEPD,HV,1,TH6045,37,2026-06-04T23:57:17Z,2026-06-04T23:57:17Z,0.0
UB6 7LR,SEPD,HV,1,TH6045,37,2026-06-04T23:57:17Z,2026-06-04T23:57:17Z,0.0
UB6 7PP,SEPD,LV,1,TH5564,14,2026-06-04T17:26:14Z,2026-06-04T17:26:14Z,0.0
UB6 7PR,SEPD,LV,1,TH5564,14,2026-06-04T17:26:14Z,2026-06-04T17:26:14Z,0.0
UB6 8AG,SEPD,LV,1,TH5564,14,2026-06-04T17:26:14Z,2026-06-04T17:26:14Z,0.0
UB6 8AH,SEPD,LV,1,TH5564,14,2026-06-04T17:26:14Z,2026-06-04T17:26:14Z,0.0
UB6 8AQ,SEPD,LV,1,TH5564,14,2026-06-04T17:26:14Z,2026-06-04T17:26:14Z,0.0
UB6 8DD,SEPD,LV,1,TH5564,14,2026-06-04T17:26:14Z,2026-06-04T17:26:14Z,0.0
UB6 8DE,SEPD,LV,1,TH5564,14,2026-06-04T17:26:14Z,2026-06-04T17:26:14Z,0.0
W4 3AW,SEPD,LV,1,TH3571,81,2026-06-04T23:57:17Z,2026-06-04T23:57:17Z,0.0
W4 3HP,SEPD,LV,1,TH3571,81,2026-06-04T23:57:17Z,2026-06-04T23:57:17Z,0.0
W4 3HR,SEPD,LV,1,TH3571,81,2026-06-04T23:57:17Z,2026-06-04T23:57:17Z,0.0
W4 3RR,SEPD,LV,1,TH3571,81,2026-06-04T23:57:17Z,2026-06-04T23:57:17Z,0.0
W4 3RS,SEPD,LV,1,TH3571,81,2026-06-04T23:57:17Z,2026-06-04T23:57:17Z,0.0
W4 3SG,SEPD,LV,1,TH3571,81,2026-06-04T23:57:17Z,2026-06-04T23:57:17Z,0.0
W4 3SJ,SEPD,LV,1,TH3571,81,2026-06-04T23:57:17Z,2026-06-04T23:57:17Z,0.0
W4 3SL,SEPD,LV,1,TH3571,81,2026-06-04T23:57:17Z,2026-06-04T23:57:17Z,0.0
W4 3SN,SEPD,LV,1,TH3571,81,2026-06-04T23:57:17Z,2026-06-04T23:57:17Z,0.0
W4 3SP,SEPD,LV,1,TH3571,81,2026-06-04T23:57:17Z,2026-06-04T23:57:17Z,0.0
W4 3SQ,SEPD,LV,1,TH3571,81,2026-06-04T23:57:17Z,2026-06-04T23:57:17Z,0.0
W4 3SR,SEPD,LV,1,TH3571,81,2026-06-04T23:57:17Z,2026-06-04T23:57:17Z,0.0
W4 3SS,SEPD,LV,1,TH3571,81,2026-06-04T23:57:17Z,2026-06-04T23:57:17Z,0.0
W4 3ST,SEPD,LV,1,TH3571,81,2026-06-04T23:57:17Z,2026-06-04T23:57:17Z,0.0
W4 3SU,SEPD,LV,1,TH3571,81,2026-06-04T23:57:17Z,2026-06-04T23:57:17Z,0.0
W4 3SX,SEPD,LV,1,TH3571,81,2026-06-04T23:57:17Z,2026-06-04T23:57:17Z,0.0
W4 3SY,SEPD,LV,1,TH3571,81,2026-06-04T23:57:17Z,2026-06-04T23:57:17Z,0.0
W4 3SZ,SEPD,LV,1,TH3571,81,2026-06-04T23:57:17Z,2026-06-04T23:57:17Z,0.0
W4 3TA,SEPD,LV,1,TH3571,81,2026-06-04T23:57:17Z,2026-06-04T23:57:17Z,0.0
W4 3UH,SEPD,LV,1,TH3571,81,2026-06-04T23:57:17Z,2026-06-04T23:57:17Z,0.0
ZE1 0HB,SHEPD,HV,1,TH9139,483,2026-06-07T13:09:19Z,2026-06-07T13:09:19Z,0.0
ZE2 9LZ,SHEPD,HV,1,TH9139,483,2026-06-07T13:09:19Z,2026-06-07T13:09:19Z,0.0
ZE2 9NP,SHEPD,HV,1,TH9139,483,2026-06-07T13:09:19Z,2026-06-07T13:09:19Z,0.0
ZE2 9NR,SHEPD,HV,1,TH9139,483,2026-06-07T13:09:19Z,2026-06-07T13:09:19Z,0.0
ZE2 9NT,SHEPD,HV,1,TH9139,483,2026-06-07T13:09:19Z,2026-06-07T13:09:19Z,0.0
ZE2 9PB,SHEPD,HV,1,TH9139,483,2026-06-07T13:09:19Z,2026-06-07T13:09:19Z,0.0
ZE2 9PD,SHEPD,HV,1,TH9139,483,2026-06-07T13:09:19Z,2026-06-07T13:09:19Z,0.0
ZE2 9PE,SHEPD,HV,1,TH9139,483,2026-06-07T13:09:19Z,2026-06-07T13:09:19Z,0.0
ZE2 9PF,SHEPD,HV,1,TH9139,483,2026-06-07T13:09:19Z,2026-06-07T13:09:19Z,0.0
ZE2 9PG,SHEPD,HV,1,TH9139,483,2026-06-07T13:09:19Z,2026-06-07T13:09:19Z,0.0
ZE2 9PH,SHEPD,HV,1,TH9139,483,2026-06-07T13:09:19Z,2026-06-07T13:09:19Z,0.0
ZE2 9PJ,SHEPD,HV,1,TH9139,483,2026-06-07T13:09:19Z,2026-06-07T13:09:19Z,0.0
ZE2 9PL,SHEPD,HV,1,TH9139,483,2026-06-07T13:09:19Z,2026-06-07T13:09:19Z,0.0
ZE2 9PN,SHEPD,HV,1,TH9139,483,2026-06-07T13:09:19Z,2026-06-07T13:09:19Z,0.0
ZE2 9PQ,SHEPD,HV,1,TH9139,483,2026-06-07T13:09:19Z,2026-06-07T13:09:19Z,0.0
ZE2 9PW,SHEPD,HV,1,TH9139,483,2026-06-07T13:09:19Z,2026-06-07T13:09:19Z,0.0
ZE2 9QX,SHEPD,HV,1,TH9139,483,2026-06-07T13:09:19Z,2026-06-07T13:09:19Z,0.0
ZE2 9RT,SHEPD,PSI,1,251980,5,2026-06-04T11:24:55Z,2026-06-04T11:24:55Z,0.0
ZE2 9XB,SHEPD,HV,1,TH9139,483,2026-06-07T13:09:19Z,2026-06-07T13:09:19Z,0.0
