postcode,network,outage_type,outage_count,outage_refs,total_customers_affected,first_seen,last_seen,time_off_supply_hours_total_approx
RG7 4PQ,SEPD,"LV,HV",2,"TT7188,TU3731",37,2026-08-04T23:33:30Z,2026-08-10T01:11:33Z,89.44
RG7 2PQ,SEPD,LV,1,TT7188,3,2026-08-04T23:33:30Z,2026-08-08T11:36:05Z,84.04
HP14 4HE,SEPD,PSI,2,"253861,253862",30,2026-08-08T08:58:38Z,2026-08-10T12:33:40Z,54.2
HP14 4SU,SEPD,PSI,2,"253861,253862",30,2026-08-08T08:58:38Z,2026-08-10T12:33:40Z,54.2
RG14 2LA,SEPD,"HV,LV",2,"TT7803,TU3891",44,2026-08-04T23:33:30Z,2026-08-10T12:33:40Z,29.7
RG14 2LE,SEPD,"HV,LV",2,"TT7803,TU3891",44,2026-08-04T23:33:30Z,2026-08-10T12:33:40Z,29.7
BA15 2RA,SEPD,LV,1,TU2521,11,2026-08-08T12:01:39Z,2026-08-09T13:59:17Z,25.96
BA15 2RB,SEPD,LV,1,TU2521,11,2026-08-08T12:01:39Z,2026-08-09T13:59:17Z,25.96
BA15 2RD,SEPD,LV,1,TU2521,11,2026-08-08T12:01:39Z,2026-08-09T13:59:17Z,25.96
BA15 2RG,SEPD,LV,1,TU2521,11,2026-08-08T12:01:39Z,2026-08-09T13:59:17Z,25.96
BA15 2RQ,SEPD,LV,1,TU2521,11,2026-08-08T12:01:39Z,2026-08-09T13:59:17Z,25.96
RG12 0TL,SEPD,LV,1,TU5465,34,2026-08-10T19:15:15Z,2026-08-11T21:02:39Z,25.79
RG12 0UH,SEPD,LV,1,TU5465,34,2026-08-10T19:15:15Z,2026-08-11T21:02:39Z,25.79
RG12 0UQ,SEPD,LV,1,TU5465,34,2026-08-10T19:15:15Z,2026-08-11T21:02:39Z,25.79
RG12 7HB,SEPD,LV,1,TT9538,8,2026-08-06T12:17:55Z,2026-08-07T13:52:23Z,25.57
SO32 2BD,SEPD,PSI,2,"252743,252816",593,2026-08-05T09:07:24Z,2026-08-07T00:16:31Z,22.16
IV28 3XG,SHEPD,PSI,3,"253011,253012,253013",122,2026-08-06T10:04:33Z,2026-08-10T06:17:29Z,20.15
BH21 7JP,SEPD,PSI,3,"253585,253586,253636",44,2026-08-08T08:04:14Z,2026-08-11T15:07:55Z,19.53
HP9 2BW,SEPD,LV,1,TU3872,44,2026-08-09T21:40:28Z,2026-08-10T17:10:59Z,19.51
HP9 2FL,SEPD,LV,1,TU3872,44,2026-08-09T21:40:28Z,2026-08-10T17:10:59Z,19.51
HP9 2LZ,SEPD,LV,1,TU3872,44,2026-08-09T21:40:28Z,2026-08-10T17:10:59Z,19.51
HP9 2NA,SEPD,LV,1,TU3872,44,2026-08-09T21:40:28Z,2026-08-10T17:10:59Z,19.51
HP9 2NE,SEPD,LV,1,TU3872,44,2026-08-09T21:40:28Z,2026-08-10T17:10:59Z,19.51
HP9 2NJ,SEPD,LV,1,TU3872,44,2026-08-09T21:40:28Z,2026-08-10T17:10:59Z,19.51
HP9 2PD,SEPD,LV,1,TU3872,44,2026-08-09T21:40:28Z,2026-08-10T17:10:59Z,19.51
HP9 2PE,SEPD,LV,1,TU3872,44,2026-08-09T21:40:28Z,2026-08-10T17:10:59Z,19.51
HP9 2PL,SEPD,LV,1,TU3872,44,2026-08-09T21:40:28Z,2026-08-10T17:10:59Z,19.51
HP9 2QB,SEPD,LV,1,TU3872,44,2026-08-09T21:40:28Z,2026-08-10T17:10:59Z,19.51
PA41 7AD,SHEPD,HV,1,TU2845,7,2026-08-08T16:57:39Z,2026-08-09T11:37:34Z,18.67
UB8 3QN,SEPD,LV,1,TU4094,10,2026-08-10T04:59:45Z,2026-08-10T23:08:32Z,18.15
SL6 2DL,SEPD,LV,1,TU2924,11,2026-08-08T20:01:47Z,2026-08-09T13:59:17Z,17.96
SL6 2DR,SEPD,LV,1,TU2924,11,2026-08-08T20:01:47Z,2026-08-09T13:59:17Z,17.96
W4 2SD,SEPD,LV,1,TU2134,32,2026-08-07T21:54:42Z,2026-08-08T15:44:29Z,17.83
W4 2SE,SEPD,LV,1,TU2134,32,2026-08-07T21:54:42Z,2026-08-08T15:44:29Z,17.83
W4 2SF,SEPD,LV,1,TU2134,32,2026-08-07T21:54:42Z,2026-08-08T15:44:29Z,17.83
W4 2SG,SEPD,LV,1,TU2134,32,2026-08-07T21:54:42Z,2026-08-08T15:44:29Z,17.83
W4 2SQ,SEPD,LV,1,TU2134,32,2026-08-07T21:54:42Z,2026-08-08T15:44:29Z,17.83
W4 2TA,SEPD,LV,1,TU2134,32,2026-08-07T21:54:42Z,2026-08-08T15:44:29Z,17.83
W4 2TB,SEPD,LV,1,TU2134,32,2026-08-07T21:54:42Z,2026-08-08T15:44:29Z,17.83
GL7 5DT,SEPD,HV,1,TU5364,9,2026-08-10T16:12:31Z,2026-08-11T09:42:25Z,17.5
OX1 5HP,SEPD,"PSI,LV",3,"253499,253502,TU6142",242,2026-08-10T09:47:46Z,2026-08-11T17:12:25Z,17.37
OX1 5JL,SEPD,"PSI,LV",3,"253499,253502,TU6142",242,2026-08-10T09:47:46Z,2026-08-11T17:12:25Z,17.37
OX26 2RJ,SEPD,LV,1,TT9572,35,2026-08-06T10:04:33Z,2026-08-07T03:21:07Z,17.28
OX26 2RL,SEPD,LV,1,TT9572,35,2026-08-06T10:04:33Z,2026-08-07T03:21:07Z,17.28
OX26 2RN,SEPD,LV,1,TT9572,35,2026-08-06T10:04:33Z,2026-08-07T03:21:07Z,17.28
OX26 2RP,SEPD,LV,1,TT9572,35,2026-08-06T10:04:33Z,2026-08-07T03:21:07Z,17.28
OX26 2RW,SEPD,LV,1,TT9572,35,2026-08-06T10:04:33Z,2026-08-07T03:21:07Z,17.28
SO18 2PA,SEPD,LV,1,TU3000,13,2026-08-08T23:49:32Z,2026-08-09T17:05:51Z,17.27
SO18 2PD,SEPD,LV,1,TU3000,13,2026-08-08T23:49:32Z,2026-08-09T17:05:51Z,17.27
SO40 7GE,SEPD,LV,2,"TU2054,TU3007",20,2026-08-07T22:47:21Z,2026-08-09T00:37:56Z,17.08
SO40 7GF,SEPD,LV,2,"TU2054,TU3007",20,2026-08-07T22:47:21Z,2026-08-09T00:37:56Z,17.08
SO40 7HX,SEPD,LV,2,"TU2054,TU3007",20,2026-08-07T22:47:21Z,2026-08-09T00:37:56Z,17.08
SL6 6BJ,SEPD,LV,1,TU5643,12,2026-08-10T21:01:10Z,2026-08-11T13:59:10Z,16.97
SL6 6LZ,SEPD,LV,1,TU5643,12,2026-08-10T21:01:10Z,2026-08-11T13:59:10Z,16.97
PO1 5AD,SEPD,LV,2,"TU3449,TU3580",70,2026-08-09T12:02:32Z,2026-08-10T04:59:45Z,16.95
PO1 5AL,SEPD,LV,2,"TU3449,TU3580",70,2026-08-09T12:02:32Z,2026-08-10T04:59:45Z,16.95
PO1 5AN,SEPD,LV,2,"TU3449,TU3580",70,2026-08-09T12:02:32Z,2026-08-10T04:59:45Z,16.95
PO1 5AP,SEPD,LV,2,"TU3449,TU3580",70,2026-08-09T12:02:32Z,2026-08-10T04:59:45Z,16.95
PO1 5AS,SEPD,LV,2,"TU3449,TU3580",70,2026-08-09T12:02:32Z,2026-08-10T04:59:45Z,16.95
PO1 5BL,SEPD,LV,2,"TU3449,TU3580",70,2026-08-09T12:02:32Z,2026-08-10T04:59:45Z,16.95
PO1 5BN,SEPD,LV,2,"TU3449,TU3580",70,2026-08-09T12:02:32Z,2026-08-10T04:59:45Z,16.95
PO1 5BP,SEPD,LV,2,"TU3449,TU3580",70,2026-08-09T12:02:32Z,2026-08-10T04:59:45Z,16.95
PO1 5FE,SEPD,LV,2,"TU3449,TU3580",70,2026-08-09T12:02:32Z,2026-08-10T04:59:45Z,16.95
SL6 2ES,SEPD,LV,1,TT9515,14,2026-08-06T07:20:32Z,2026-08-07T00:16:31Z,16.93
UB6 9TN,SEPD,LV,1,TU3857,25,2026-08-09T22:04:04Z,2026-08-10T14:05:17Z,16.02
UB6 9TZ,SEPD,LV,1,TU3857,25,2026-08-09T22:04:04Z,2026-08-10T14:05:17Z,16.02
UB6 9UD,SEPD,LV,1,TU3857,25,2026-08-09T22:04:04Z,2026-08-10T14:05:17Z,16.02
RG20 8AE,SEPD,HV,1,TT7803,42,2026-08-04T23:33:30Z,2026-08-05T15:30:21Z,15.95
RG20 8AF,SEPD,HV,1,TT7803,42,2026-08-04T23:33:30Z,2026-08-05T15:30:21Z,15.95
RG20 8AG,SEPD,HV,1,TT7803,42,2026-08-04T23:33:30Z,2026-08-05T15:30:21Z,15.95
RG20 8AH,SEPD,HV,1,TT7803,42,2026-08-04T23:33:30Z,2026-08-05T15:30:21Z,15.95
RG20 8AQ,SEPD,HV,1,TT7803,42,2026-08-04T23:33:30Z,2026-08-05T15:30:21Z,15.95
SP2 8AL,SEPD,LV,1,TU5676,26,2026-08-10T21:01:10Z,2026-08-11T12:25:31Z,15.41
SP2 8AP,SEPD,LV,1,TU5676,26,2026-08-10T21:01:10Z,2026-08-11T12:25:31Z,15.41
SP2 8AT,SEPD,LV,1,TU5676,26,2026-08-10T21:01:10Z,2026-08-11T12:25:31Z,15.41
SP2 8AX,SEPD,LV,1,TU5676,26,2026-08-10T21:01:10Z,2026-08-11T12:25:31Z,15.41
SP2 8AY,SEPD,LV,1,TU5676,26,2026-08-10T21:01:10Z,2026-08-11T12:25:31Z,15.41
SP2 8AZ,SEPD,LV,1,TU5676,26,2026-08-10T21:01:10Z,2026-08-11T12:25:31Z,15.41
SP2 8BA,SEPD,LV,1,TU5676,26,2026-08-10T21:01:10Z,2026-08-11T12:25:31Z,15.41
SP2 8BE,SEPD,LV,1,TU5676,26,2026-08-10T21:01:10Z,2026-08-11T12:25:31Z,15.41
RG14 5JA,SEPD,LV,2,"TU1535,TU1744",59,2026-08-07T12:24:56Z,2026-08-08T03:42:53Z,15.3
RG14 5JF,SEPD,LV,1,TU1535,33,2026-08-07T12:24:56Z,2026-08-08T03:42:53Z,15.3
RG14 5JZ,SEPD,LV,1,TU1535,33,2026-08-07T12:24:56Z,2026-08-08T03:42:53Z,15.3
RG14 5NE,SEPD,LV,1,TU1535,33,2026-08-07T12:24:56Z,2026-08-08T03:42:53Z,15.3
RG14 5NG,SEPD,LV,1,TU1535,33,2026-08-07T12:24:56Z,2026-08-08T03:42:53Z,15.3
RG14 5NH,SEPD,LV,1,TU1535,33,2026-08-07T12:24:56Z,2026-08-08T03:42:53Z,15.3
RG14 7BE,SEPD,LV,1,TU1535,33,2026-08-07T12:24:56Z,2026-08-08T03:42:53Z,15.3
SN3 6LU,SEPD,LV,2,"TT7999,TU6074",27,2026-08-05T06:12:25Z,2026-08-11T23:33:30Z,14.89
SN3 6LX,SEPD,LV,2,"TT7999,TU6074",27,2026-08-05T06:12:25Z,2026-08-11T23:33:30Z,14.89
SN3 6LT,SEPD,LV,1,TU6074,12,2026-08-11T08:40:02Z,2026-08-11T23:33:30Z,14.89
IV28 3UB,SHEPD,PSI,2,"253012,253013",102,2026-08-06T10:04:33Z,2026-08-10T06:17:29Z,14.2
IV28 3XB,SHEPD,PSI,2,"253012,253013",102,2026-08-06T10:04:33Z,2026-08-10T06:17:29Z,14.2
KA28 0HA,SHEPD,PSI,1,253643,28,2026-08-06T10:04:33Z,2026-08-07T00:16:31Z,14.2
PH21 1NA,SHEPD,PSI,1,252572,28,2026-08-06T10:04:33Z,2026-08-07T00:16:31Z,14.2
PH21 1QA,SHEPD,PSI,1,252572,28,2026-08-06T10:04:33Z,2026-08-07T00:16:31Z,14.2
PH21 1QB,SHEPD,PSI,1,252572,28,2026-08-06T10:04:33Z,2026-08-07T00:16:31Z,14.2
PH21 1QD,SHEPD,PSI,1,252572,28,2026-08-06T10:04:33Z,2026-08-07T00:16:31Z,14.2
PO8 9UB,SEPD,LV,1,TT9514,9,2026-08-06T10:04:33Z,2026-08-07T00:16:31Z,14.2
PO8 9UD,SEPD,LV,1,TT9514,9,2026-08-06T10:04:33Z,2026-08-07T00:16:31Z,14.2
SN10 1DD,SEPD,PSI,1,253311,22,2026-08-06T10:04:33Z,2026-08-07T00:16:31Z,14.2
SN10 2AB,SEPD,PSI,1,253311,22,2026-08-06T10:04:33Z,2026-08-07T00:16:31Z,14.2
SN10 2AD,SEPD,PSI,1,253311,22,2026-08-06T10:04:33Z,2026-08-07T00:16:31Z,14.2
SN10 2AE,SEPD,PSI,1,253311,22,2026-08-06T10:04:33Z,2026-08-07T00:16:31Z,14.2
SO30 2DN,SEPD,PSI,1,252816,258,2026-08-06T10:04:33Z,2026-08-07T00:16:31Z,14.2
SO30 2HD,SEPD,PSI,1,252816,258,2026-08-06T10:04:33Z,2026-08-07T00:16:31Z,14.2
SO32 1AD,SEPD,PSI,1,252816,258,2026-08-06T10:04:33Z,2026-08-07T00:16:31Z,14.2
SO32 1AN,SEPD,PSI,1,252816,258,2026-08-06T10:04:33Z,2026-08-07T00:16:31Z,14.2
SO32 2BA,SEPD,PSI,1,252816,258,2026-08-06T10:04:33Z,2026-08-07T00:16:31Z,14.2
SO32 2BB,SEPD,PSI,1,252816,258,2026-08-06T10:04:33Z,2026-08-07T00:16:31Z,14.2
SO32 2DA,SEPD,PSI,1,252816,258,2026-08-06T10:04:33Z,2026-08-07T00:16:31Z,14.2
SO32 2DP,SEPD,PSI,1,252816,258,2026-08-06T10:04:33Z,2026-08-07T00:16:31Z,14.2
SO32 2DQ,SEPD,PSI,1,252816,258,2026-08-06T10:04:33Z,2026-08-07T00:16:31Z,14.2
SO32 2DR,SEPD,PSI,1,252816,258,2026-08-06T10:04:33Z,2026-08-07T00:16:31Z,14.2
SO32 2DS,SEPD,PSI,1,252816,258,2026-08-06T10:04:33Z,2026-08-07T00:16:31Z,14.2
SO32 2HE,SEPD,PSI,1,252816,258,2026-08-06T10:04:33Z,2026-08-07T00:16:31Z,14.2
SO32 2HF,SEPD,PSI,1,252816,258,2026-08-06T10:04:33Z,2026-08-07T00:16:31Z,14.2
SO32 2HG,SEPD,PSI,1,252816,258,2026-08-06T10:04:33Z,2026-08-07T00:16:31Z,14.2
SO32 2HJ,SEPD,PSI,1,252816,258,2026-08-06T10:04:33Z,2026-08-07T00:16:31Z,14.2
SN4 0LU,SEPD,LV,2,"TU2820,TU2842",13,2026-08-08T16:15:06Z,2026-08-09T09:01:10Z,14.12
SN4 0NS,SEPD,LV,2,"TU2820,TU2842",13,2026-08-08T16:15:06Z,2026-08-09T09:01:10Z,14.12
SN4 0NT,SEPD,LV,2,"TU2820,TU2842",13,2026-08-08T16:15:06Z,2026-08-09T09:01:10Z,14.12
SN4 0PD,SEPD,LV,2,"TU2820,TU2842",13,2026-08-08T16:15:06Z,2026-08-09T09:01:10Z,14.12
SN4 0PE,SEPD,LV,2,"TU2820,TU2842",13,2026-08-08T16:15:06Z,2026-08-09T09:01:10Z,14.12
UB8 1UH,SEPD,LV,1,TU6153,7,2026-08-11T09:42:25Z,2026-08-11T23:33:30Z,13.85
UB8 1UL,SEPD,LV,1,TU6153,7,2026-08-11T09:42:25Z,2026-08-11T23:33:30Z,13.85
DD10 9LE,SHEPD,PSI,2,"253506,253512",202,2026-08-08T07:14:12Z,2026-08-08T15:03:48Z,13.52
DD10 9LF,SHEPD,PSI,2,"253506,253512",202,2026-08-08T07:14:12Z,2026-08-08T15:03:48Z,13.52
RG19 8XD,SEPD,LV,2,"TT9534,TU6369",20,2026-08-06T12:17:55Z,2026-08-11T16:10:03Z,13.02
IV28 3XE,SHEPD,PSI,2,"253016,253017",57,2026-08-10T09:47:46Z,2026-08-11T16:10:03Z,12.96
SO16 4PX,SEPD,LV,1,TU3498,24,2026-08-10T14:05:17Z,2026-08-11T02:53:16Z,12.8
SO16 9EY,SEPD,LV,1,TU3498,24,2026-08-10T14:05:17Z,2026-08-11T02:53:16Z,12.8
SO16 9EZ,SEPD,LV,1,TU3498,24,2026-08-10T14:05:17Z,2026-08-11T02:53:16Z,12.8
SO16 9FB,SEPD,LV,1,TU3498,24,2026-08-10T14:05:17Z,2026-08-11T02:53:16Z,12.8
SO16 9JU,SEPD,LV,1,TU3498,24,2026-08-10T14:05:17Z,2026-08-11T02:53:16Z,12.8
BH20 4AS,SEPD,LV,1,TU5738,22,2026-08-10T23:50:13Z,2026-08-11T12:25:31Z,12.59
BH20 4AT,SEPD,LV,1,TU5738,22,2026-08-10T23:50:13Z,2026-08-11T12:25:31Z,12.59
BH20 4DX,SEPD,LV,1,TU5738,22,2026-08-10T23:50:13Z,2026-08-11T12:25:31Z,12.59
BH20 4DY,SEPD,LV,1,TU5738,22,2026-08-10T23:50:13Z,2026-08-11T12:25:31Z,12.59
BH20 4EA,SEPD,LV,1,TU5738,22,2026-08-10T23:50:13Z,2026-08-11T12:25:31Z,12.59
BH20 4PB,SEPD,LV,1,TU5738,22,2026-08-10T23:50:13Z,2026-08-11T12:25:31Z,12.59
BH21 6SD,SEPD,PSI,2,"253585,253586",42,2026-08-08T08:04:14Z,2026-08-11T15:07:55Z,12.37
BH21 6SE,SEPD,PSI,2,"253585,253586",42,2026-08-08T08:04:14Z,2026-08-11T15:07:55Z,12.37
BH21 7JS,SEPD,PSI,2,"253585,253586",42,2026-08-08T08:04:14Z,2026-08-11T15:07:55Z,12.37
PO14 3HE,SEPD,LV,1,TU5774,29,2026-08-11T04:15:06Z,2026-08-11T16:10:03Z,11.92
PO14 3JB,SEPD,LV,1,TU5774,29,2026-08-11T04:15:06Z,2026-08-11T16:10:03Z,11.92
PO14 3LG,SEPD,LV,1,TU5774,29,2026-08-11T04:15:06Z,2026-08-11T16:10:03Z,11.92
PO14 3NT,SEPD,LV,1,TU5774,29,2026-08-11T04:15:06Z,2026-08-11T16:10:03Z,11.92
PO14 3NU,SEPD,LV,1,TU5774,29,2026-08-11T04:15:06Z,2026-08-11T16:10:03Z,11.92
PO14 3NX,SEPD,LV,1,TU5774,29,2026-08-11T04:15:06Z,2026-08-11T16:10:03Z,11.92
PO14 3TP,SEPD,LV,1,TU5774,29,2026-08-11T04:15:06Z,2026-08-11T16:10:03Z,11.92
PO14 3TR,SEPD,LV,1,TU5774,29,2026-08-11T04:15:06Z,2026-08-11T16:10:03Z,11.92
PO14 3TS,SEPD,LV,1,TU5774,29,2026-08-11T04:15:06Z,2026-08-11T16:10:03Z,11.92
GU27 2EA,SEPD,LV,1,TU3047,12,2026-08-09T02:50:53Z,2026-08-09T14:43:32Z,11.88
GU27 2EB,SEPD,LV,1,TU3047,12,2026-08-09T02:50:53Z,2026-08-09T14:43:32Z,11.88
GU27 2ED,SEPD,LV,1,TU3047,12,2026-08-09T02:50:53Z,2026-08-09T14:43:32Z,11.88
BA22 8QU,SEPD,"LV,HV",2,"TU2162,TU2241",29,2026-08-07T23:54:32Z,2026-08-08T13:07:10Z,11.64
BA22 8QX,SEPD,"LV,HV",2,"TU2162,TU2241",29,2026-08-07T23:54:32Z,2026-08-08T13:07:10Z,11.64
BA22 8QY,SEPD,"LV,HV",2,"TU2162,TU2241",29,2026-08-07T23:54:32Z,2026-08-08T13:07:10Z,11.64
BA22 8RD,SEPD,"LV,HV",2,"TU2162,TU2241",29,2026-08-07T23:54:32Z,2026-08-08T13:07:10Z,11.64
GU12 4NU,SEPD,LV,1,TU1108,7,2026-08-07T08:42:02Z,2026-08-07T20:18:00Z,11.6
GU12 4NX,SEPD,LV,1,TU1108,7,2026-08-07T08:42:02Z,2026-08-07T20:18:00Z,11.6
GU12 4NY,SEPD,LV,1,TU1108,7,2026-08-07T08:42:02Z,2026-08-07T20:18:00Z,11.6
GU12 4NZ,SEPD,LV,1,TU1108,7,2026-08-07T08:42:02Z,2026-08-07T20:18:00Z,11.6
IV28 3YD,SHEPD,PSI,3,"253011,253012,253017",135,2026-08-07T09:42:46Z,2026-08-10T15:15:29Z,11.41
RG12 8YG,SEPD,"LV,HV",4,"TU1822,TU2009,TU2201,TU3405",25,2026-08-07T14:46:30Z,2026-08-09T12:02:32Z,11.4
RG4,SEPD,"LV,HV",4,"TU1822,TU2009,TU2201,TU3405",25,2026-08-07T14:46:30Z,2026-08-09T12:02:32Z,11.4
RG40 3DP,SEPD,"LV,HV",4,"TU1822,TU2009,TU2201,TU3405",25,2026-08-07T14:46:30Z,2026-08-09T12:02:32Z,11.4
RG40 3DR,SEPD,"LV,HV",4,"TU1822,TU2009,TU2201,TU3405",25,2026-08-07T14:46:30Z,2026-08-09T12:02:32Z,11.4
RG40 3DT,SEPD,"LV,HV",4,"TU1822,TU2009,TU2201,TU3405",25,2026-08-07T14:46:30Z,2026-08-09T12:02:32Z,11.4
BH21 1AG,SEPD,LV,1,TU6362,41,2026-08-11T10:35:19Z,2026-08-11T21:58:46Z,11.39
BH21 1AS,SEPD,LV,1,TU6362,41,2026-08-11T10:35:19Z,2026-08-11T21:58:46Z,11.39
BH21 1AU,SEPD,LV,1,TU6362,41,2026-08-11T10:35:19Z,2026-08-11T21:58:46Z,11.39
BH21 1AX,SEPD,LV,1,TU6362,41,2026-08-11T10:35:19Z,2026-08-11T21:58:46Z,11.39
BH21 1HZ,SEPD,LV,1,TU6362,41,2026-08-11T10:35:19Z,2026-08-11T21:58:46Z,11.39
BH21 1UP,SEPD,LV,1,TU6362,41,2026-08-11T10:35:19Z,2026-08-11T21:58:46Z,11.39
BH21 1UR,SEPD,LV,1,TU6362,41,2026-08-11T10:35:19Z,2026-08-11T21:58:46Z,11.39
BH21 1UW,SEPD,LV,1,TU6362,41,2026-08-11T10:35:19Z,2026-08-11T21:58:46Z,11.39
PO30 2NB,SEPD,PSI,2,"253048,253053",8,2026-08-10T08:10:05Z,2026-08-11T16:10:03Z,11.06
DT10 1PN,SEPD,"PSI,LV",2,"252912,TU1214",195,2026-08-07T09:42:46Z,2026-08-07T15:39:42Z,11.01
OX1 5JR,SEPD,PSI,2,"253499,253502",232,2026-08-10T09:47:46Z,2026-08-11T15:07:55Z,10.75
OX1 5JS,SEPD,PSI,2,"253499,253502",232,2026-08-10T09:47:46Z,2026-08-11T15:07:55Z,10.75
OX1 5JT,SEPD,PSI,2,"253499,253502",232,2026-08-10T09:47:46Z,2026-08-11T15:07:55Z,10.75
SO40 2WD,SEPD,LV,1,TU5365,19,2026-08-10T16:12:31Z,2026-08-11T02:53:16Z,10.68
SO40 2WL,SEPD,LV,1,TU5365,19,2026-08-10T16:12:31Z,2026-08-11T02:53:16Z,10.68
SN14 0PX,SEPD,LV,1,TU6316,18,2026-08-11T10:35:19Z,2026-08-11T21:02:39Z,10.46
SN14 0QY,SEPD,LV,1,TU6316,18,2026-08-11T10:35:19Z,2026-08-11T21:02:39Z,10.46
SO24 9TD,SEPD,PSI,2,"253101,253103",98,2026-08-10T09:47:46Z,2026-08-11T16:10:03Z,10.27
RG30 2DY,SEPD,LV,1,TU2203,14,2026-08-08T03:42:53Z,2026-08-08T13:55:41Z,10.21
BH8 9PL,SEPD,LV,1,TU2007,9,2026-08-07T17:32:55Z,2026-08-08T03:42:53Z,10.17
BH8 9PN,SEPD,LV,1,TU2007,9,2026-08-07T17:32:55Z,2026-08-08T03:42:53Z,10.17
BH8 9PP,SEPD,LV,1,TU2007,9,2026-08-07T17:32:55Z,2026-08-08T03:42:53Z,10.17
BH8 9TJ,SEPD,LV,1,TU2007,9,2026-08-07T17:32:55Z,2026-08-08T03:42:53Z,10.17
BH8 9TX,SEPD,LV,1,TU2007,9,2026-08-07T17:32:55Z,2026-08-08T03:42:53Z,10.17
OX20 1BP,SEPD,HV,1,TT8241,23,2026-08-05T11:28:08Z,2026-08-05T21:38:24Z,10.17
OX20 1BS,SEPD,HV,1,TT8241,23,2026-08-05T11:28:08Z,2026-08-05T21:38:24Z,10.17
OX7 4EA,SEPD,HV,1,TT8241,23,2026-08-05T11:28:08Z,2026-08-05T21:38:24Z,10.17
OX7 4EB,SEPD,HV,1,TT8241,23,2026-08-05T11:28:08Z,2026-08-05T21:38:24Z,10.17
PA28 6LG,SHEPD,LV,1,TU2288,8,2026-08-08T08:04:14Z,2026-08-08T18:03:00Z,9.98
PA28 6LP,SHEPD,LV,1,TU2288,8,2026-08-08T08:04:14Z,2026-08-08T18:03:00Z,9.98
GL7 1UA,SEPD,LV,1,TU5855,12,2026-08-11T04:15:06Z,2026-08-11T13:59:10Z,9.73
GL7 1UJ,SEPD,LV,1,TU5855,12,2026-08-11T04:15:06Z,2026-08-11T13:59:10Z,9.73
GL7 1UL,SEPD,LV,1,TU5855,12,2026-08-11T04:15:06Z,2026-08-11T13:59:10Z,9.73
GL7 1WA,SEPD,LV,1,TU5855,12,2026-08-11T04:15:06Z,2026-08-11T13:59:10Z,9.73
GU30 7JG,SEPD,HV,1,TU0317,17,2026-08-06T14:40:54Z,2026-08-07T00:16:31Z,9.59
GU30 7JH,SEPD,HV,1,TU0317,17,2026-08-06T14:40:54Z,2026-08-07T00:16:31Z,9.59
GU30 7JQ,SEPD,HV,1,TU0317,17,2026-08-06T14:40:54Z,2026-08-07T00:16:31Z,9.59
RG25 2ND,SEPD,HV,2,"TU6390,TU6401",647,2026-08-11T10:35:19Z,2026-08-11T20:07:27Z,9.54
RG25 2NE,SEPD,HV,2,"TU6390,TU6401",647,2026-08-11T10:35:19Z,2026-08-11T20:07:27Z,9.54
RG25 2NF,SEPD,HV,2,"TU6390,TU6401",647,2026-08-11T10:35:19Z,2026-08-11T20:07:27Z,9.54
RG25 2NG,SEPD,HV,2,"TU6390,TU6401",647,2026-08-11T10:35:19Z,2026-08-11T20:07:27Z,9.54
PO9 3AG,SEPD,LV,1,TU5517,16,2026-08-10T20:05:18Z,2026-08-11T05:31:43Z,9.44
PO9 3HN,SEPD,LV,1,TU5517,16,2026-08-10T20:05:18Z,2026-08-11T05:31:43Z,9.44
PO9 3TL,SEPD,LV,1,TU5517,16,2026-08-10T20:05:18Z,2026-08-11T05:31:43Z,9.44
PO9 3TP,SEPD,LV,1,TU5517,16,2026-08-10T20:05:18Z,2026-08-11T05:31:43Z,9.44
PO9 3TU,SEPD,LV,1,TU5517,16,2026-08-10T20:05:18Z,2026-08-11T05:31:43Z,9.44
PO9 4AB,SEPD,LV,1,TU5517,16,2026-08-10T20:05:18Z,2026-08-11T05:31:43Z,9.44
PO9 4AD,SEPD,LV,1,TU5517,16,2026-08-10T20:05:18Z,2026-08-11T05:31:43Z,9.44
BA2 7FA,SEPD,PSI,1,253163,56,2026-08-11T07:48:43Z,2026-08-11T17:12:25Z,9.4
BA2 7FB,SEPD,PSI,1,253163,56,2026-08-11T07:48:43Z,2026-08-11T17:12:25Z,9.4
BA2 7FD,SEPD,PSI,1,253163,56,2026-08-11T07:48:43Z,2026-08-11T17:12:25Z,9.4
BA2 7FH,SEPD,PSI,1,253163,56,2026-08-11T07:48:43Z,2026-08-11T17:12:25Z,9.4
BA2 7JL,SEPD,PSI,1,253163,56,2026-08-11T07:48:43Z,2026-08-11T17:12:25Z,9.4
BA2 7JN,SEPD,PSI,1,253163,56,2026-08-11T07:48:43Z,2026-08-11T17:12:25Z,9.4
BA22 8QZ,SEPD,HV,1,TU2241,24,2026-08-08T03:42:53Z,2026-08-08T13:07:10Z,9.4
DT10 1PJ,SEPD,"PSI,LV",2,"252912,TU1319",184,2026-08-07T09:42:46Z,2026-08-07T14:46:30Z,9.23
DT10 1PY,SEPD,"PSI,LV",2,"252912,TU1319",184,2026-08-07T09:42:46Z,2026-08-07T14:46:30Z,9.23
DT10 1PZ,SEPD,"PSI,LV",2,"252912,TU1319",184,2026-08-07T09:42:46Z,2026-08-07T14:46:30Z,9.23
DT10 1QA,SEPD,"PSI,LV",2,"252912,TU1319",184,2026-08-07T09:42:46Z,2026-08-07T14:46:30Z,9.23
DT10 1QB,SEPD,"PSI,LV",2,"252912,TU1319",184,2026-08-07T09:42:46Z,2026-08-07T14:46:30Z,9.23
SP7,SEPD,"PSI,LV",2,"252912,TU1319",184,2026-08-07T09:42:46Z,2026-08-07T14:46:30Z,9.23
PA28 6LQ,SHEPD,LV,1,TU2288,8,2026-08-08T08:58:38Z,2026-08-08T18:03:00Z,9.07
RG10 8NT,SEPD,LV,1,TU0514,3,2026-08-07T03:21:07Z,2026-08-07T12:24:56Z,9.06
SN1 2NB,SEPD,LV,1,TU4101,9,2026-08-10T08:10:05Z,2026-08-10T17:10:59Z,9.02
SN1 3AF,SEPD,LV,1,TU4101,9,2026-08-10T08:10:05Z,2026-08-10T17:10:59Z,9.02
BH17 9DH,SEPD,LV,1,TU2320,9,2026-08-08T07:14:12Z,2026-08-08T16:15:06Z,9.01
RG45 7LP,SEPD,LV,1,TU2297,16,2026-08-08T07:14:12Z,2026-08-08T16:15:06Z,9.01
RG45 7LR,SEPD,LV,1,TU2297,16,2026-08-08T07:14:12Z,2026-08-08T16:15:06Z,9.01
RG45 7NE,SEPD,LV,1,TU2297,16,2026-08-08T07:14:12Z,2026-08-08T16:15:06Z,9.01
SP3 5GN,SEPD,"PSI,HV",2,"253728,TU3072",195,2026-08-06T10:04:33Z,2026-08-09T11:37:34Z,8.99
SP3 5RZ,SEPD,"PSI,HV",2,"253728,TU3072",195,2026-08-06T10:04:33Z,2026-08-09T11:37:34Z,8.99
SP3 5SE,SEPD,"PSI,HV",2,"253728,TU3072",195,2026-08-06T10:04:33Z,2026-08-09T11:37:34Z,8.99
SP3 5SF,SEPD,"PSI,HV",2,"253728,TU3072",195,2026-08-06T10:04:33Z,2026-08-09T11:37:34Z,8.99
SP3 5SG,SEPD,"PSI,HV",2,"253728,TU3072",195,2026-08-06T10:04:33Z,2026-08-09T11:37:34Z,8.99
SP3 5SH,SEPD,"PSI,HV",2,"253728,TU3072",195,2026-08-06T10:04:33Z,2026-08-09T11:37:34Z,8.99
SP3 5SJ,SEPD,"PSI,HV",2,"253728,TU3072",195,2026-08-06T10:04:33Z,2026-08-09T11:37:34Z,8.99
SP3 5SL,SEPD,"PSI,HV",2,"253728,TU3072",195,2026-08-06T10:04:33Z,2026-08-09T11:37:34Z,8.99
SP3 5SN,SEPD,"PSI,HV",2,"253728,TU3072",195,2026-08-06T10:04:33Z,2026-08-09T11:37:34Z,8.99
SP3 5SQ,SEPD,"PSI,HV",2,"253728,TU3072",195,2026-08-06T10:04:33Z,2026-08-09T11:37:34Z,8.99
SP3 5SU,SEPD,"PSI,HV",2,"253728,TU3072",195,2026-08-06T10:04:33Z,2026-08-09T11:37:34Z,8.99
SP3 5SZ,SEPD,"PSI,HV",2,"253728,TU3072",195,2026-08-06T10:04:33Z,2026-08-09T11:37:34Z,8.99
SP3 5UA,SEPD,"PSI,HV",2,"253728,TU3072",195,2026-08-06T10:04:33Z,2026-08-09T11:37:34Z,8.99
SP3 6EZ,SEPD,"PSI,HV",2,"253728,TU3072",195,2026-08-06T10:04:33Z,2026-08-09T11:37:34Z,8.99
SP3 6PU,SEPD,"PSI,HV",2,"253728,TU3072",195,2026-08-06T10:04:33Z,2026-08-09T11:37:34Z,8.99
SP3 6PX,SEPD,"PSI,HV",2,"253728,TU3072",195,2026-08-06T10:04:33Z,2026-08-09T11:37:34Z,8.99
SP3 6QJ,SEPD,"PSI,HV",2,"253728,TU3072",195,2026-08-06T10:04:33Z,2026-08-09T11:37:34Z,8.99
SP3 6QL,SEPD,"PSI,HV",2,"253728,TU3072",195,2026-08-06T10:04:33Z,2026-08-09T11:37:34Z,8.99
SP3 6QP,SEPD,"PSI,HV",2,"253728,TU3072",195,2026-08-06T10:04:33Z,2026-08-09T11:37:34Z,8.99
SP3 6QR,SEPD,"PSI,HV",2,"253728,TU3072",195,2026-08-06T10:04:33Z,2026-08-09T11:37:34Z,8.99
SP3 6QW,SEPD,"PSI,HV",2,"253728,TU3072",195,2026-08-06T10:04:33Z,2026-08-09T11:37:34Z,8.99
BH20 4BA,SEPD,LV,1,TT7884,15,2026-08-05T00:15:45Z,2026-08-05T09:07:24Z,8.86
BH20 4BY,SEPD,LV,1,TT7884,15,2026-08-05T00:15:45Z,2026-08-05T09:07:24Z,8.86
BH20 4BZ,SEPD,LV,1,TT7884,15,2026-08-05T00:15:45Z,2026-08-05T09:07:24Z,8.86
BH20 4DB,SEPD,LV,1,TT7884,15,2026-08-05T00:15:45Z,2026-08-05T09:07:24Z,8.86
BH20 4SJ,SEPD,LV,1,TT7884,15,2026-08-05T00:15:45Z,2026-08-05T09:07:24Z,8.86
BA12 6DS,SEPD,LV,1,TT8250,32,2026-08-05T11:28:08Z,2026-08-05T20:19:15Z,8.85
BA12 6FB,SEPD,LV,1,TT8250,32,2026-08-05T11:28:08Z,2026-08-05T20:19:15Z,8.85
BA12 6JB,SEPD,LV,1,TT8250,32,2026-08-05T11:28:08Z,2026-08-05T20:19:15Z,8.85
BA12 6JF,SEPD,LV,1,TT8250,32,2026-08-05T11:28:08Z,2026-08-05T20:19:15Z,8.85
BA12 6JH,SEPD,LV,1,TT8250,32,2026-08-05T11:28:08Z,2026-08-05T20:19:15Z,8.85
BA12 6JL,SEPD,LV,1,TT8250,32,2026-08-05T11:28:08Z,2026-08-05T20:19:15Z,8.85
BA12 6JN,SEPD,LV,1,TT8250,32,2026-08-05T11:28:08Z,2026-08-05T20:19:15Z,8.85
BA12 6JP,SEPD,LV,1,TT8250,32,2026-08-05T11:28:08Z,2026-08-05T20:19:15Z,8.85
BA12 6JQ,SEPD,LV,1,TT8250,32,2026-08-05T11:28:08Z,2026-08-05T20:19:15Z,8.85
BA12 6JW,SEPD,LV,1,TT8250,32,2026-08-05T11:28:08Z,2026-08-05T20:19:15Z,8.85
BA12 6JX,SEPD,LV,1,TT8250,32,2026-08-05T11:28:08Z,2026-08-05T20:19:15Z,8.85
BA12 6JY,SEPD,LV,1,TT8250,32,2026-08-05T11:28:08Z,2026-08-05T20:19:15Z,8.85
BA12 6JZ,SEPD,LV,1,TT8250,32,2026-08-05T11:28:08Z,2026-08-05T20:19:15Z,8.85
SN14 7LG,SEPD,PSI,2,"252043,252045",4,2026-08-09T08:05:18Z,2026-08-11T15:07:55Z,8.73
SN14 7LQ,SEPD,PSI,2,"252043,252045",4,2026-08-09T08:05:18Z,2026-08-11T15:07:55Z,8.73
DT11,SEPD,"PSI,LV",2,"252766,TS2731",233,2026-08-06T10:04:33Z,2026-08-11T15:07:55Z,8.68
PO1 1PA,SEPD,"HV,LV",2,"TU3106,TU3905",205,2026-08-09T06:04:05Z,2026-08-10T06:17:29Z,8.66
PO5 1AE,SEPD,"HV,LV",2,"TU3106,TU3905",205,2026-08-09T06:04:05Z,2026-08-10T06:17:29Z,8.66
PO1 1PS,SEPD,HV,1,TU3106,180,2026-08-09T06:04:05Z,2026-08-09T14:43:32Z,8.66
PO3 1AN,SEPD,HV,1,TU3106,180,2026-08-09T06:04:05Z,2026-08-09T14:43:32Z,8.66
PO4 0BS,SEPD,HV,1,TU3106,180,2026-08-09T06:04:05Z,2026-08-09T14:43:32Z,8.66
PO4 0BZ,SEPD,HV,1,TU3106,180,2026-08-09T06:04:05Z,2026-08-09T14:43:32Z,8.66
PO5 1AN,SEPD,HV,1,TU3106,180,2026-08-09T06:04:05Z,2026-08-09T14:43:32Z,8.66
PO5 1DR,SEPD,HV,1,TU3106,180,2026-08-09T06:04:05Z,2026-08-09T14:43:32Z,8.66
PO5 1DS,SEPD,HV,1,TU3106,180,2026-08-09T06:04:05Z,2026-08-09T14:43:32Z,8.66
GU8 4DY,SEPD,PSI,2,"253174,253201",311,2026-08-05T11:28:08Z,2026-08-06T14:40:54Z,8.65
GU8 4HH,SEPD,PSI,2,"253174,253201",311,2026-08-05T11:28:08Z,2026-08-06T14:40:54Z,8.65
GU8 4HJ,SEPD,PSI,2,"253174,253201",311,2026-08-05T11:28:08Z,2026-08-06T14:40:54Z,8.65
OX1 5HN,SEPD,PSI,2,"253139,253499",227,2026-08-10T09:47:46Z,2026-08-10T14:05:17Z,8.58
SO45 6AA,SEPD,HV,1,TU3364,103,2026-08-09T09:51:09Z,2026-08-09T18:18:33Z,8.46
SO45 6AS,SEPD,HV,1,TU3364,103,2026-08-09T09:51:09Z,2026-08-09T18:18:33Z,8.46
SO45 6DL,SEPD,HV,1,TU3364,103,2026-08-09T09:51:09Z,2026-08-09T18:18:33Z,8.46
SO45 6DN,SEPD,HV,1,TU3364,103,2026-08-09T09:51:09Z,2026-08-09T18:18:33Z,8.46
SO45 6DP,SEPD,HV,1,TU3364,103,2026-08-09T09:51:09Z,2026-08-09T18:18:33Z,8.46
W5 3JL,SEPD,LV,1,TU4819,10,2026-08-10T11:42:10Z,2026-08-10T20:05:18Z,8.39
W5 3JP,SEPD,LV,1,TU4819,10,2026-08-10T11:42:10Z,2026-08-10T20:05:18Z,8.39
W5 3JR,SEPD,LV,1,TU4819,10,2026-08-10T11:42:10Z,2026-08-10T20:05:18Z,8.39
SO24 0QT,SEPD,PSI,1,253103,63,2026-08-11T07:48:43Z,2026-08-11T16:10:03Z,8.36
SO24 9EA,SEPD,PSI,1,253103,63,2026-08-11T07:48:43Z,2026-08-11T16:10:03Z,8.36
SO24 9EP,SEPD,PSI,1,253103,63,2026-08-11T07:48:43Z,2026-08-11T16:10:03Z,8.36
SO24 9ER,SEPD,PSI,1,253103,63,2026-08-11T07:48:43Z,2026-08-11T16:10:03Z,8.36
SO24 9ES,SEPD,PSI,1,253103,63,2026-08-11T07:48:43Z,2026-08-11T16:10:03Z,8.36
SO24 9EX,SEPD,PSI,1,253103,63,2026-08-11T07:48:43Z,2026-08-11T16:10:03Z,8.36
SO24 9EZ,SEPD,PSI,1,253103,63,2026-08-11T07:48:43Z,2026-08-11T16:10:03Z,8.36
SO24 9TB,SEPD,PSI,1,253103,63,2026-08-11T07:48:43Z,2026-08-11T16:10:03Z,8.36
BH23 7HT,SEPD,LV,1,TU0962,16,2026-08-07T03:21:07Z,2026-08-07T11:30:35Z,8.16
BH23 7HU,SEPD,LV,1,TU0962,16,2026-08-07T03:21:07Z,2026-08-07T11:30:35Z,8.16
BH23 7HX,SEPD,LV,1,TU0962,16,2026-08-07T03:21:07Z,2026-08-07T11:30:35Z,8.16
BH23 7NU,SEPD,LV,1,TU0962,16,2026-08-07T03:21:07Z,2026-08-07T11:30:35Z,8.16
PO14 1BZ,SEPD,LV,1,TU5502,20,2026-08-10T20:05:18Z,2026-08-11T04:15:06Z,8.16
PO14 1DB,SEPD,LV,1,TU5502,20,2026-08-10T20:05:18Z,2026-08-11T04:15:06Z,8.16
PO14 1DG,SEPD,LV,1,TU5502,20,2026-08-10T20:05:18Z,2026-08-11T04:15:06Z,8.16
PO14 1DH,SEPD,LV,1,TU5502,20,2026-08-10T20:05:18Z,2026-08-11T04:15:06Z,8.16
SO32 2BE,SEPD,PSI,1,252743,335,2026-08-05T09:07:24Z,2026-08-05T17:05:15Z,7.96
SO32 2BG,SEPD,PSI,1,252743,335,2026-08-05T09:07:24Z,2026-08-05T17:05:15Z,7.96
SO32 2BH,SEPD,PSI,1,252743,335,2026-08-05T09:07:24Z,2026-08-05T17:05:15Z,7.96
SO32 2BJ,SEPD,PSI,1,252743,335,2026-08-05T09:07:24Z,2026-08-05T17:05:15Z,7.96
SO32 2HB,SEPD,PSI,1,252743,335,2026-08-05T09:07:24Z,2026-08-05T17:05:15Z,7.96
SO32 2HD,SEPD,PSI,1,252743,335,2026-08-05T09:07:24Z,2026-08-05T17:05:15Z,7.96
SO32 2HL,SEPD,PSI,1,252743,335,2026-08-05T09:07:24Z,2026-08-05T17:05:15Z,7.96
SO32 2HN,SEPD,PSI,1,252743,335,2026-08-05T09:07:24Z,2026-08-05T17:05:15Z,7.96
SO32 2HP,SEPD,PSI,1,252743,335,2026-08-05T09:07:24Z,2026-08-05T17:05:15Z,7.96
SO32 2HQ,SEPD,PSI,1,252743,335,2026-08-05T09:07:24Z,2026-08-05T17:05:15Z,7.96
SO32 2HR,SEPD,PSI,1,252743,335,2026-08-05T09:07:24Z,2026-08-05T17:05:15Z,7.96
SO32 2HW,SEPD,PSI,1,252743,335,2026-08-05T09:07:24Z,2026-08-05T17:05:15Z,7.96
SO32 2HX,SEPD,PSI,1,252743,335,2026-08-05T09:07:24Z,2026-08-05T17:05:15Z,7.96
SO32 2HY,SEPD,PSI,1,252743,335,2026-08-05T09:07:24Z,2026-08-05T17:05:15Z,7.96
SO32 2HZ,SEPD,PSI,1,252743,335,2026-08-05T09:07:24Z,2026-08-05T17:05:15Z,7.96
SO32 2JG,SEPD,PSI,1,252743,335,2026-08-05T09:07:24Z,2026-08-05T17:05:15Z,7.96
SO32 2JZ,SEPD,PSI,1,252743,335,2026-08-05T09:07:24Z,2026-08-05T17:05:15Z,7.96
SO32 2LQ,SEPD,PSI,1,252743,335,2026-08-05T09:07:24Z,2026-08-05T17:05:15Z,7.96
SO32 2LR,SEPD,PSI,1,252743,335,2026-08-05T09:07:24Z,2026-08-05T17:05:15Z,7.96
DD10 9LS,SHEPD,PSI,1,253506,113,2026-08-08T07:14:12Z,2026-08-08T15:03:48Z,7.83
DD10 9LT,SHEPD,PSI,1,253506,113,2026-08-08T07:14:12Z,2026-08-08T15:03:48Z,7.83
DD10 9LX,SHEPD,PSI,1,253506,113,2026-08-08T07:14:12Z,2026-08-08T15:03:48Z,7.83
DD10 9LY,SHEPD,PSI,1,253506,113,2026-08-08T07:14:12Z,2026-08-08T15:03:48Z,7.83
OX18 2PF,SEPD,HV,1,TU3472,11,2026-08-09T13:11:11Z,2026-08-09T20:57:06Z,7.77
OX18 2PL,SEPD,HV,1,TU3472,11,2026-08-09T13:11:11Z,2026-08-09T20:57:06Z,7.77
OX18 2PN,SEPD,HV,1,TU3472,11,2026-08-09T13:11:11Z,2026-08-09T20:57:06Z,7.77
IV28 3XD,SHEPD,PSI,1,253016,33,2026-08-11T08:40:02Z,2026-08-11T16:10:03Z,7.5
IV28 3XF,SHEPD,PSI,1,253016,33,2026-08-11T08:40:02Z,2026-08-11T16:10:03Z,7.5
OX14 1PN,SEPD,LV,1,TU3373,17,2026-08-09T11:37:34Z,2026-08-09T19:07:41Z,7.5
OX14 1PT,SEPD,LV,1,TU3373,17,2026-08-09T11:37:34Z,2026-08-09T19:07:41Z,7.5
OX14 1QA,SEPD,LV,1,TU3373,17,2026-08-09T11:37:34Z,2026-08-09T19:07:41Z,7.5
OX14 1QB,SEPD,LV,1,TU3373,17,2026-08-09T11:37:34Z,2026-08-09T19:07:41Z,7.5
OX14 1QD,SEPD,LV,1,TU3373,17,2026-08-09T11:37:34Z,2026-08-09T19:07:41Z,7.5
OX14 2EG,SEPD,LV,1,TU3373,17,2026-08-09T11:37:34Z,2026-08-09T19:07:41Z,7.5
OX14 2EQ,SEPD,LV,1,TU3373,17,2026-08-09T11:37:34Z,2026-08-09T19:07:41Z,7.5
SN16 0HH,SEPD,"PSI,LV",2,"253312,TT8326",45,2026-08-05T11:28:08Z,2026-08-05T17:05:15Z,7.38
DT5 2EE,SEPD,LV,1,TU0890,34,2026-08-07T05:09:39Z,2026-08-07T12:24:56Z,7.25
DT5 2ER,SEPD,LV,1,TU0890,34,2026-08-07T05:09:39Z,2026-08-07T12:24:56Z,7.25
DT5 2ET,SEPD,LV,1,TU0890,34,2026-08-07T05:09:39Z,2026-08-07T12:24:56Z,7.25
DT5 2EU,SEPD,LV,1,TU0890,34,2026-08-07T05:09:39Z,2026-08-07T12:24:56Z,7.25
DT5 2EW,SEPD,LV,1,TU0890,34,2026-08-07T05:09:39Z,2026-08-07T12:24:56Z,7.25
DT5 2JJ,SEPD,LV,1,TU0890,34,2026-08-07T05:09:39Z,2026-08-07T12:24:56Z,7.25
DT5 2JL,SEPD,LV,1,TU0890,34,2026-08-07T05:09:39Z,2026-08-07T12:24:56Z,7.25
RG7 4HZ,SEPD,"PSI,LV,HV",3,"252574,TT8753,TU3731",106,2026-08-05T13:13:30Z,2026-08-10T01:11:33Z,7.2
RG7 4LL,SEPD,"PSI,LV,HV",3,"252574,TT8753,TU3731",106,2026-08-05T13:13:30Z,2026-08-10T01:11:33Z,7.2
RG7 4HR,SEPD,"PSI,HV",2,"252574,TU3731",93,2026-08-07T09:42:46Z,2026-08-10T01:11:33Z,7.2
RG7 4LD,SEPD,"PSI,HV",2,"252574,TU3731",93,2026-08-07T09:42:46Z,2026-08-10T01:11:33Z,7.2
RG7 4LJ,SEPD,"PSI,HV",2,"252574,TU3731",93,2026-08-07T09:42:46Z,2026-08-10T01:11:33Z,7.2
RG7 4LR,SEPD,"PSI,HV",2,"252574,TU3731",93,2026-08-07T09:42:46Z,2026-08-10T01:11:33Z,7.2
RG7 4LT,SEPD,"PSI,HV",2,"252574,TU3731",93,2026-08-07T09:42:46Z,2026-08-10T01:11:33Z,7.2
RG7 4LY,SEPD,"PSI,HV",2,"252574,TU3731",93,2026-08-07T09:42:46Z,2026-08-10T01:11:33Z,7.2
RG7 4LZ,SEPD,"PSI,HV",2,"252574,TU3731",93,2026-08-07T09:42:46Z,2026-08-10T01:11:33Z,7.2
RG7 4NG,SEPD,"PSI,HV",2,"252574,TU3731",93,2026-08-07T09:42:46Z,2026-08-10T01:11:33Z,7.2
IV21 2BD,SHEPD,"PSI,HV",2,"253214,TU5169",1009,2026-08-05T11:28:08Z,2026-08-10T19:15:15Z,7.09
IV21 2BH,SHEPD,"PSI,HV",2,"253214,TU5169",1009,2026-08-05T11:28:08Z,2026-08-10T19:15:15Z,7.09
IV21 2BN,SHEPD,"PSI,HV",2,"253214,TU5169",1009,2026-08-05T11:28:08Z,2026-08-10T19:15:15Z,7.09
IV21 2BP,SHEPD,"PSI,HV",2,"253214,TU5169",1009,2026-08-05T11:28:08Z,2026-08-10T19:15:15Z,7.09
IV21 2BS,SHEPD,"PSI,HV",2,"253214,TU5169",1009,2026-08-05T11:28:08Z,2026-08-10T19:15:15Z,7.09
IV21 2DG,SHEPD,"PSI,HV",2,"253214,TU5169",1009,2026-08-05T11:28:08Z,2026-08-10T19:15:15Z,7.09
IV21 2DN,SHEPD,"PSI,HV",2,"253214,TU5169",1009,2026-08-05T11:28:08Z,2026-08-10T19:15:15Z,7.09
SP5 2PN,SEPD,"PSI,LV",2,"252666,TU4369",80,2026-08-10T09:47:46Z,2026-08-10T14:05:17Z,7.06
SP5 2PW,SEPD,"PSI,LV",2,"252666,TU4369",80,2026-08-10T09:47:46Z,2026-08-10T14:05:17Z,7.06
GU7 3HF,SEPD,LV,1,TU3708,6,2026-08-09T20:15:05Z,2026-08-10T03:18:52Z,7.06
GU7 3JG,SEPD,LV,1,TU3708,6,2026-08-09T20:15:05Z,2026-08-10T03:18:52Z,7.06
GU7 3JQ,SEPD,LV,1,TU3708,6,2026-08-09T20:15:05Z,2026-08-10T03:18:52Z,7.06
BA22 7AN,SEPD,LV,1,TU3658,15,2026-08-09T18:18:33Z,2026-08-10T01:11:33Z,6.88
BA22 7AP,SEPD,LV,1,TU3658,15,2026-08-09T18:18:33Z,2026-08-10T01:11:33Z,6.88
BA22 7AU,SEPD,LV,1,TU3658,15,2026-08-09T18:18:33Z,2026-08-10T01:11:33Z,6.88
BA22 7AW,SEPD,LV,1,TU3658,15,2026-08-09T18:18:33Z,2026-08-10T01:11:33Z,6.88
BA22 7BB,SEPD,LV,1,TU3658,15,2026-08-09T18:18:33Z,2026-08-10T01:11:33Z,6.88
BA22 7FT,SEPD,LV,1,TU3658,15,2026-08-09T18:18:33Z,2026-08-10T01:11:33Z,6.88
DT2 0NN,SEPD,HV,1,TU3673,16,2026-08-09T18:18:33Z,2026-08-10T01:11:33Z,6.88
DT2 0PY,SEPD,HV,1,TU3673,16,2026-08-09T18:18:33Z,2026-08-10T01:11:33Z,6.88
RG18 3BW,SEPD,"PSI,LV",2,"253989,TU1190",104,2026-08-07T09:42:46Z,2026-08-07T14:46:30Z,6.86
RG25 2EE,SEPD,LV,1,TU6805,22,2026-08-11T15:07:55Z,2026-08-11T21:58:46Z,6.85
RG25 2EF,SEPD,LV,1,TU6805,22,2026-08-11T15:07:55Z,2026-08-11T21:58:46Z,6.85
RG25 2EG,SEPD,LV,1,TU6805,22,2026-08-11T15:07:55Z,2026-08-11T21:58:46Z,6.85
RG25 2EH,SEPD,LV,1,TU6805,22,2026-08-11T15:07:55Z,2026-08-11T21:58:46Z,6.85
RG25 2EQ,SEPD,LV,1,TU6805,22,2026-08-11T15:07:55Z,2026-08-11T21:58:46Z,6.85
RG25 2ET,SEPD,LV,1,TU6805,22,2026-08-11T15:07:55Z,2026-08-11T21:58:46Z,6.85
RG25 2EZ,SEPD,LV,1,TU6805,22,2026-08-11T15:07:55Z,2026-08-11T21:58:46Z,6.85
SO22 6EL,SEPD,PSI,1,253916,10,2026-08-05T21:38:24Z,2026-08-06T04:29:40Z,6.85
SO22 6EW,SEPD,PSI,1,253916,10,2026-08-05T21:38:24Z,2026-08-06T04:29:40Z,6.85
GU51 3LA,SEPD,LV,1,TU5771,6,2026-08-11T02:53:16Z,2026-08-11T09:42:25Z,6.82
GU51 3RN,SEPD,LV,1,TU5771,6,2026-08-11T02:53:16Z,2026-08-11T09:42:25Z,6.82
GU51 3SR,SEPD,LV,1,TU5771,6,2026-08-11T02:53:16Z,2026-08-11T09:42:25Z,6.82
GU9 9TF,SEPD,LV,1,TU1933,7,2026-08-07T16:33:42Z,2026-08-07T23:21:09Z,6.79
SO45 2GZ,SEPD,LV,2,"TU3710,TU3711",22,2026-08-09T19:07:41Z,2026-08-10T11:42:10Z,6.71
SO45 2HA,SEPD,LV,2,"TU3710,TU3711",22,2026-08-09T19:07:41Z,2026-08-10T11:42:10Z,6.71
SO45 2HB,SEPD,LV,2,"TU3710,TU3711",22,2026-08-09T19:07:41Z,2026-08-10T11:42:10Z,6.71
PO2 0ED,SEPD,LV,1,TU2306,30,2026-08-08T07:14:12Z,2026-08-08T13:55:41Z,6.69
PO2 0EE,SEPD,LV,1,TU2306,30,2026-08-08T07:14:12Z,2026-08-08T13:55:41Z,6.69
PO2 0HF,SEPD,LV,1,TU2306,30,2026-08-08T07:14:12Z,2026-08-08T13:55:41Z,6.69
PO2 0JG,SEPD,LV,1,TU2306,30,2026-08-08T07:14:12Z,2026-08-08T13:55:41Z,6.69
PO2 0JL,SEPD,LV,1,TU2306,30,2026-08-08T07:14:12Z,2026-08-08T13:55:41Z,6.69
PO20 7BY,SEPD,PSI,1,252645,9,2026-08-09T08:05:18Z,2026-08-09T14:43:32Z,6.64
PO20 7HH,SEPD,PSI,1,252645,9,2026-08-09T08:05:18Z,2026-08-09T14:43:32Z,6.64
TW20 8HY,SEPD,LV,1,TU5159,11,2026-08-10T18:03:51Z,2026-08-11T00:41:18Z,6.62
AB53,SHEPD,HV,2,"TU1502,TU2436",210,2026-08-07T12:24:56Z,2026-08-08T16:15:06Z,6.58
AB53 5EH,SHEPD,HV,2,"TU1502,TU2436",210,2026-08-07T12:24:56Z,2026-08-08T16:15:06Z,6.58
AB53 5HY,SHEPD,HV,2,"TU1502,TU2436",210,2026-08-07T12:24:56Z,2026-08-08T16:15:06Z,6.58
AB53 5HZ,SHEPD,HV,2,"TU1502,TU2436",210,2026-08-07T12:24:56Z,2026-08-08T16:15:06Z,6.58
AB53 5UZ,SHEPD,HV,2,"TU1502,TU2436",210,2026-08-07T12:24:56Z,2026-08-08T16:15:06Z,6.58
AB53 5WD,SHEPD,HV,2,"TU1502,TU2436",210,2026-08-07T12:24:56Z,2026-08-08T16:15:06Z,6.58
AB53 5YD,SHEPD,HV,2,"TU1502,TU2436",210,2026-08-07T12:24:56Z,2026-08-08T16:15:06Z,6.58
AB53 5YH,SHEPD,HV,2,"TU1502,TU2436",210,2026-08-07T12:24:56Z,2026-08-08T16:15:06Z,6.58
AB53 5YJ,SHEPD,HV,2,"TU1502,TU2436",210,2026-08-07T12:24:56Z,2026-08-08T16:15:06Z,6.58
AB53 5YW,SHEPD,HV,2,"TU1502,TU2436",210,2026-08-07T12:24:56Z,2026-08-08T16:15:06Z,6.58
AB53 5YY,SHEPD,HV,2,"TU1502,TU2436",210,2026-08-07T12:24:56Z,2026-08-08T16:15:06Z,6.58
AB53 5ZA,SHEPD,HV,2,"TU1502,TU2436",210,2026-08-07T12:24:56Z,2026-08-08T16:15:06Z,6.58
AB53 5ZB,SHEPD,HV,2,"TU1502,TU2436",210,2026-08-07T12:24:56Z,2026-08-08T16:15:06Z,6.58
DT4 0PE,SEPD,"PSI,LV",2,"253706,TU6167",212,2026-08-11T08:40:02Z,2026-08-11T15:07:55Z,6.46
BH21 5EB,SEPD,PSI,1,252453,16,2026-08-11T08:40:02Z,2026-08-11T15:07:55Z,6.46
BH21 7HH,SEPD,PSI,1,252453,16,2026-08-11T08:40:02Z,2026-08-11T15:07:55Z,6.46
DD2 5EL,SHEPD,PSI,1,252188,6,2026-08-11T08:40:02Z,2026-08-11T15:07:55Z,6.46
DD5 3QD,SHEPD,PSI,1,253699,31,2026-08-11T08:40:02Z,2026-08-11T15:07:55Z,6.46
DD5 3QE,SHEPD,PSI,1,253699,31,2026-08-11T08:40:02Z,2026-08-11T15:07:55Z,6.46
DD5 3QF,SHEPD,PSI,1,253699,31,2026-08-11T08:40:02Z,2026-08-11T15:07:55Z,6.46
DT11 0EN,SEPD,PSI,1,252766,185,2026-08-11T08:40:02Z,2026-08-11T15:07:55Z,6.46
DT11 9DF,SEPD,PSI,1,252766,185,2026-08-11T08:40:02Z,2026-08-11T15:07:55Z,6.46
DT11 9DJ,SEPD,PSI,1,252766,185,2026-08-11T08:40:02Z,2026-08-11T15:07:55Z,6.46
DT11 9DL,SEPD,PSI,1,252766,185,2026-08-11T08:40:02Z,2026-08-11T15:07:55Z,6.46
DT11 9DN,SEPD,PSI,1,252766,185,2026-08-11T08:40:02Z,2026-08-11T15:07:55Z,6.46
DT11 9DP,SEPD,PSI,1,252766,185,2026-08-11T08:40:02Z,2026-08-11T15:07:55Z,6.46
DT11 9DR,SEPD,PSI,1,252766,185,2026-08-11T08:40:02Z,2026-08-11T15:07:55Z,6.46
DT11 9DS,SEPD,PSI,1,252766,185,2026-08-11T08:40:02Z,2026-08-11T15:07:55Z,6.46
DT11 9DT,SEPD,PSI,1,252766,185,2026-08-11T08:40:02Z,2026-08-11T15:07:55Z,6.46
DT11 9DU,SEPD,PSI,1,252766,185,2026-08-11T08:40:02Z,2026-08-11T15:07:55Z,6.46
DT11 9DW,SEPD,PSI,1,252766,185,2026-08-11T08:40:02Z,2026-08-11T15:07:55Z,6.46
DT11 9DX,SEPD,PSI,1,252766,185,2026-08-11T08:40:02Z,2026-08-11T15:07:55Z,6.46
DT11 9DY,SEPD,PSI,1,252766,185,2026-08-11T08:40:02Z,2026-08-11T15:07:55Z,6.46
DT11 9FA,SEPD,PSI,1,252766,185,2026-08-11T08:40:02Z,2026-08-11T15:07:55Z,6.46
DT11 9HG,SEPD,PSI,1,252766,185,2026-08-11T08:40:02Z,2026-08-11T15:07:55Z,6.46
DT11 9HU,SEPD,PSI,1,252766,185,2026-08-11T08:40:02Z,2026-08-11T15:07:55Z,6.46
DT11 9HY,SEPD,PSI,1,252766,185,2026-08-11T08:40:02Z,2026-08-11T15:07:55Z,6.46
DT4 0BG,SEPD,PSI,1,253706,208,2026-08-11T08:40:02Z,2026-08-11T15:07:55Z,6.46
DT4 0JH,SEPD,PSI,1,253706,208,2026-08-11T08:40:02Z,2026-08-11T15:07:55Z,6.46
DT4 0JP,SEPD,PSI,1,253706,208,2026-08-11T08:40:02Z,2026-08-11T15:07:55Z,6.46
DT4 0JQ,SEPD,PSI,1,253706,208,2026-08-11T08:40:02Z,2026-08-11T15:07:55Z,6.46
DT4 0JW,SEPD,PSI,1,253706,208,2026-08-11T08:40:02Z,2026-08-11T15:07:55Z,6.46
DT4 0JZ,SEPD,PSI,1,253706,208,2026-08-11T08:40:02Z,2026-08-11T15:07:55Z,6.46
DT4 0LE,SEPD,PSI,1,253706,208,2026-08-11T08:40:02Z,2026-08-11T15:07:55Z,6.46
DT4 0LQ,SEPD,PSI,1,253706,208,2026-08-11T08:40:02Z,2026-08-11T15:07:55Z,6.46
DT4 0NZ,SEPD,PSI,1,253706,208,2026-08-11T08:40:02Z,2026-08-11T15:07:55Z,6.46
DT4 0PA,SEPD,PSI,1,253706,208,2026-08-11T08:40:02Z,2026-08-11T15:07:55Z,6.46
DT4 0PB,SEPD,PSI,1,253706,208,2026-08-11T08:40:02Z,2026-08-11T15:07:55Z,6.46
DT4 0PD,SEPD,PSI,1,253706,208,2026-08-11T08:40:02Z,2026-08-11T15:07:55Z,6.46
OX3 9SR,SEPD,PSI,1,253367,17,2026-08-11T08:40:02Z,2026-08-11T15:07:55Z,6.46
OX3 9TY,SEPD,PSI,1,253367,17,2026-08-11T08:40:02Z,2026-08-11T15:07:55Z,6.46
RG14 2TF,SEPD,PSI,1,253626,263,2026-08-11T08:40:02Z,2026-08-11T15:07:55Z,6.46
RG18 9AA,SEPD,PSI,1,253626,263,2026-08-11T08:40:02Z,2026-08-11T15:07:55Z,6.46
RG18 9DG,SEPD,PSI,1,253626,263,2026-08-11T08:40:02Z,2026-08-11T15:07:55Z,6.46
RG18 9DH,SEPD,PSI,1,253626,263,2026-08-11T08:40:02Z,2026-08-11T15:07:55Z,6.46
RG18 9DJ,SEPD,PSI,1,253626,263,2026-08-11T08:40:02Z,2026-08-11T15:07:55Z,6.46
RG18 9DL,SEPD,PSI,1,253626,263,2026-08-11T08:40:02Z,2026-08-11T15:07:55Z,6.46
RG18 9DN,SEPD,PSI,1,253626,263,2026-08-11T08:40:02Z,2026-08-11T15:07:55Z,6.46
RG18 9DP,SEPD,PSI,1,253626,263,2026-08-11T08:40:02Z,2026-08-11T15:07:55Z,6.46
RG18 9DQ,SEPD,PSI,1,253626,263,2026-08-11T08:40:02Z,2026-08-11T15:07:55Z,6.46
RG18 9DS,SEPD,PSI,1,253626,263,2026-08-11T08:40:02Z,2026-08-11T15:07:55Z,6.46
RG18 9DU,SEPD,PSI,1,253626,263,2026-08-11T08:40:02Z,2026-08-11T15:07:55Z,6.46
RG18 9DX,SEPD,PSI,1,253626,263,2026-08-11T08:40:02Z,2026-08-11T15:07:55Z,6.46
RG18 9DY,SEPD,PSI,1,253626,263,2026-08-11T08:40:02Z,2026-08-11T15:07:55Z,6.46
RG18 9DZ,SEPD,PSI,1,253626,263,2026-08-11T08:40:02Z,2026-08-11T15:07:55Z,6.46
RG18 9EA,SEPD,PSI,1,253626,263,2026-08-11T08:40:02Z,2026-08-11T15:07:55Z,6.46
RG18 9EB,SEPD,PSI,1,253626,263,2026-08-11T08:40:02Z,2026-08-11T15:07:55Z,6.46
RG18 9ED,SEPD,PSI,1,253626,263,2026-08-11T08:40:02Z,2026-08-11T15:07:55Z,6.46
RG18 9EE,SEPD,PSI,1,253626,263,2026-08-11T08:40:02Z,2026-08-11T15:07:55Z,6.46
RG18 9EF,SEPD,PSI,1,253626,263,2026-08-11T08:40:02Z,2026-08-11T15:07:55Z,6.46
RG18 9EG,SEPD,PSI,1,253626,263,2026-08-11T08:40:02Z,2026-08-11T15:07:55Z,6.46
RG18 9EH,SEPD,PSI,1,253626,263,2026-08-11T08:40:02Z,2026-08-11T15:07:55Z,6.46
RG18 9EQ,SEPD,PSI,1,253626,263,2026-08-11T08:40:02Z,2026-08-11T15:07:55Z,6.46
RG18 9NB,SEPD,PSI,1,253626,263,2026-08-11T08:40:02Z,2026-08-11T15:07:55Z,6.46
SN14 6ET,SEPD,PSI,1,252549,11,2026-08-11T08:40:02Z,2026-08-11T15:07:55Z,6.46
SN14 6EU,SEPD,PSI,1,252549,11,2026-08-11T08:40:02Z,2026-08-11T15:07:55Z,6.46
SN14 6HD,SEPD,PSI,1,252549,11,2026-08-11T08:40:02Z,2026-08-11T15:07:55Z,6.46
HS2 0DS,SHEPD,PSI,1,253276,94,2026-08-10T23:08:32Z,2026-08-11T05:31:43Z,6.39
HS2 0DT,SHEPD,PSI,1,253276,94,2026-08-10T23:08:32Z,2026-08-11T05:31:43Z,6.39
HS2 0DU,SHEPD,PSI,1,253276,94,2026-08-10T23:08:32Z,2026-08-11T05:31:43Z,6.39
HS2 0DY,SHEPD,PSI,1,253276,94,2026-08-10T23:08:32Z,2026-08-11T05:31:43Z,6.39
HS2 0DZ,SHEPD,PSI,1,253276,94,2026-08-10T23:08:32Z,2026-08-11T05:31:43Z,6.39
HS2 0EB,SHEPD,PSI,1,253276,94,2026-08-10T23:08:32Z,2026-08-11T05:31:43Z,6.39
HS2 0ED,SHEPD,PSI,1,253276,94,2026-08-10T23:08:32Z,2026-08-11T05:31:43Z,6.39
HS2 0GT,SHEPD,PSI,1,253276,94,2026-08-10T23:08:32Z,2026-08-11T05:31:43Z,6.39
HS2 0JT,SHEPD,PSI,1,253276,94,2026-08-10T23:08:32Z,2026-08-11T05:31:43Z,6.39
BH21 3RF,SEPD,PSI,2,"253336,253349",270,2026-08-05T11:28:08Z,2026-08-06T14:40:54Z,6.37
BH21 3RJ,SEPD,PSI,2,"253336,253349",270,2026-08-05T11:28:08Z,2026-08-06T14:40:54Z,6.37
PO36 0LX,SEPD,LV,1,TU3764,2,2026-08-09T20:57:06Z,2026-08-10T03:18:52Z,6.36
PO36 0LY,SEPD,LV,1,TU3764,2,2026-08-09T20:57:06Z,2026-08-10T03:18:52Z,6.36
PO36 0NA,SEPD,LV,1,TU3764,2,2026-08-09T20:57:06Z,2026-08-10T03:18:52Z,6.36
OX14 2RN,SEPD,LV,1,TU6548,27,2026-08-11T17:12:25Z,2026-08-11T23:33:30Z,6.35
OX14 2RP,SEPD,LV,1,TU6548,27,2026-08-11T17:12:25Z,2026-08-11T23:33:30Z,6.35
OX14 2RW,SEPD,LV,1,TU6548,27,2026-08-11T17:12:25Z,2026-08-11T23:33:30Z,6.35
SL9 8NY,SEPD,LV,1,TT9142,16,2026-08-05T18:49:16Z,2026-08-06T01:06:00Z,6.28
SL9 9AX,SEPD,LV,1,TT9142,16,2026-08-05T18:49:16Z,2026-08-06T01:06:00Z,6.28
SL9 9AY,SEPD,LV,1,TT9142,16,2026-08-05T18:49:16Z,2026-08-06T01:06:00Z,6.28
PO40 9TA,SEPD,HV,1,TU5957,84,2026-08-11T07:48:43Z,2026-08-11T13:59:10Z,6.17
PO40 9TN,SEPD,HV,1,TU5957,84,2026-08-11T07:48:43Z,2026-08-11T13:59:10Z,6.17
PO40 9UD,SEPD,HV,1,TU5957,84,2026-08-11T07:48:43Z,2026-08-11T13:59:10Z,6.17
PO40 9UE,SEPD,HV,1,TU5957,84,2026-08-11T07:48:43Z,2026-08-11T13:59:10Z,6.17
PO40 9UF,SEPD,HV,1,TU5957,84,2026-08-11T07:48:43Z,2026-08-11T13:59:10Z,6.17
PO40 9UG,SEPD,HV,1,TU5957,84,2026-08-11T07:48:43Z,2026-08-11T13:59:10Z,6.17
PO40 9UQ,SEPD,HV,1,TU5957,84,2026-08-11T07:48:43Z,2026-08-11T13:59:10Z,6.17
PO40 9UX,SEPD,HV,1,TU5957,84,2026-08-11T07:48:43Z,2026-08-11T13:59:10Z,6.17
PO41 0SJ,SEPD,HV,1,TU5957,84,2026-08-11T07:48:43Z,2026-08-11T13:59:10Z,6.17
PO41 0UH,SEPD,HV,1,TU5957,84,2026-08-11T07:48:43Z,2026-08-11T13:59:10Z,6.17
PO41 0YJ,SEPD,HV,1,TU5957,84,2026-08-11T07:48:43Z,2026-08-11T13:59:10Z,6.17
KW17 2AF,SHEPD,HV,1,TU6421,9,2026-08-11T13:59:10Z,2026-08-11T20:07:27Z,6.14
KW17 2AJ,SHEPD,HV,1,TU6421,9,2026-08-11T13:59:10Z,2026-08-11T20:07:27Z,6.14
GU12 6QH,SEPD,PSI,1,252426,4,2026-08-08T08:58:38Z,2026-08-08T15:03:48Z,6.09
GU12 7QH,SEPD,PSI,1,252426,4,2026-08-08T08:58:38Z,2026-08-08T15:03:48Z,6.09
IV28 3XH,SHEPD,PSI,2,"253011,253012",111,2026-08-07T09:42:46Z,2026-08-10T06:17:29Z,5.95
IV28 3XQ,SHEPD,PSI,2,"253011,253012",111,2026-08-07T09:42:46Z,2026-08-10T06:17:29Z,5.95
DT10 1FT,SEPD,LV,1,TU1214,34,2026-08-07T09:42:46Z,2026-08-07T15:39:42Z,5.95
DT10 1JJ,SEPD,LV,1,TU1214,34,2026-08-07T09:42:46Z,2026-08-07T15:39:42Z,5.95
DT10 1PH,SEPD,LV,1,TU1214,34,2026-08-07T09:42:46Z,2026-08-07T15:39:42Z,5.95
DT10 1PP,SEPD,LV,1,TU1214,34,2026-08-07T09:42:46Z,2026-08-07T15:39:42Z,5.95
DT10 1PS,SEPD,LV,1,TU1214,34,2026-08-07T09:42:46Z,2026-08-07T15:39:42Z,5.95
DT10 1PT,SEPD,LV,1,TU1214,34,2026-08-07T09:42:46Z,2026-08-07T15:39:42Z,5.95
DT10 1PW,SEPD,LV,1,TU1214,34,2026-08-07T09:42:46Z,2026-08-07T15:39:42Z,5.95
OX10 9EF,SEPD,PSI,1,253803,33,2026-08-10T08:10:05Z,2026-08-10T14:05:17Z,5.92
OX10 9EH,SEPD,PSI,1,253803,33,2026-08-10T08:10:05Z,2026-08-10T14:05:17Z,5.92
OX10 9EJ,SEPD,PSI,1,253803,33,2026-08-10T08:10:05Z,2026-08-10T14:05:17Z,5.92
OX10 9EN,SEPD,PSI,1,253803,33,2026-08-10T08:10:05Z,2026-08-10T14:05:17Z,5.92
OX10 9HA,SEPD,PSI,1,253803,33,2026-08-10T08:10:05Z,2026-08-10T14:05:17Z,5.92
OX10 9HB,SEPD,PSI,1,253803,33,2026-08-10T08:10:05Z,2026-08-10T14:05:17Z,5.92
SO31 5FJ,SEPD,HV,1,TU6750,246,2026-08-11T15:07:55Z,2026-08-11T21:02:39Z,5.91
SO31 5FL,SEPD,HV,1,TU6750,246,2026-08-11T15:07:55Z,2026-08-11T21:02:39Z,5.91
SO31 5FN,SEPD,HV,1,TU6750,246,2026-08-11T15:07:55Z,2026-08-11T21:02:39Z,5.91
SO31 5FP,SEPD,HV,1,TU6750,246,2026-08-11T15:07:55Z,2026-08-11T21:02:39Z,5.91
SO31 5FQ,SEPD,HV,1,TU6750,246,2026-08-11T15:07:55Z,2026-08-11T21:02:39Z,5.91
SO31 5FR,SEPD,HV,1,TU6750,246,2026-08-11T15:07:55Z,2026-08-11T21:02:39Z,5.91
SO31 5GR,SEPD,HV,1,TU6750,246,2026-08-11T15:07:55Z,2026-08-11T21:02:39Z,5.91
SO31 5QJ,SEPD,HV,1,TU6750,246,2026-08-11T15:07:55Z,2026-08-11T21:02:39Z,5.91
SO31 5QX,SEPD,HV,1,TU6750,246,2026-08-11T15:07:55Z,2026-08-11T21:02:39Z,5.91
OX26 5DS,SEPD,PSI,1,252370,4,2026-08-09T08:05:18Z,2026-08-09T13:59:17Z,5.9
OX26 5DU,SEPD,PSI,1,252370,4,2026-08-09T08:05:18Z,2026-08-09T13:59:17Z,5.9
PH12 8UN,SHEPD,PSI,1,253854,9,2026-08-09T08:05:18Z,2026-08-09T13:59:17Z,5.9
DD10 9EG,SHEPD,PSI,1,253512,89,2026-08-08T08:58:38Z,2026-08-08T14:39:55Z,5.69
DD10 9JS,SHEPD,PSI,1,253512,89,2026-08-08T08:58:38Z,2026-08-08T14:39:55Z,5.69
DD10 9LG,SHEPD,PSI,1,253512,89,2026-08-08T08:58:38Z,2026-08-08T14:39:55Z,5.69
DD10 9LQ,SHEPD,PSI,1,253512,89,2026-08-08T08:58:38Z,2026-08-08T14:39:55Z,5.69
DD10 9LW,SHEPD,PSI,1,253512,89,2026-08-08T08:58:38Z,2026-08-08T14:39:55Z,5.69
AB41 6HQ,SHEPD,HV,1,TU6988,125,2026-08-11T17:12:25Z,2026-08-11T22:53:06Z,5.68
AB41 6PH,SHEPD,HV,1,TU6988,125,2026-08-11T17:12:25Z,2026-08-11T22:53:06Z,5.68
AB41 6PJ,SHEPD,HV,1,TU6988,125,2026-08-11T17:12:25Z,2026-08-11T22:53:06Z,5.68
AB41 6QE,SHEPD,HV,1,TU6988,125,2026-08-11T17:12:25Z,2026-08-11T22:53:06Z,5.68
AB41 6QF,SHEPD,HV,1,TU6988,125,2026-08-11T17:12:25Z,2026-08-11T22:53:06Z,5.68
AB41 6QG,SHEPD,HV,1,TU6988,125,2026-08-11T17:12:25Z,2026-08-11T22:53:06Z,5.68
AB41 6QH,SHEPD,HV,1,TU6988,125,2026-08-11T17:12:25Z,2026-08-11T22:53:06Z,5.68
AB41 6QJ,SHEPD,HV,1,TU6988,125,2026-08-11T17:12:25Z,2026-08-11T22:53:06Z,5.68
AB41 6QW,SHEPD,HV,1,TU6988,125,2026-08-11T17:12:25Z,2026-08-11T22:53:06Z,5.68
AB41 6RF,SHEPD,HV,1,TU6988,125,2026-08-11T17:12:25Z,2026-08-11T22:53:06Z,5.68
AB41 6RG,SHEPD,HV,1,TU6988,125,2026-08-11T17:12:25Z,2026-08-11T22:53:06Z,5.68
RG23 8LJ,SEPD,LV,1,TU6979,12,2026-08-11T17:12:25Z,2026-08-11T22:53:06Z,5.68
RG23 8LQ,SEPD,LV,1,TU6979,12,2026-08-11T17:12:25Z,2026-08-11T22:53:06Z,5.68
RG23 8LR,SEPD,LV,1,TU6979,12,2026-08-11T17:12:25Z,2026-08-11T22:53:06Z,5.68
BH17 7YE,SEPD,LV,1,TU3771,14,2026-08-09T21:40:28Z,2026-08-10T03:18:52Z,5.64
IV28 3YE,SHEPD,PSI,3,"253005,253010,253012",122,2026-08-05T11:28:08Z,2026-08-10T06:17:29Z,5.62
SP2 9PA,SEPD,LV,1,TT9474,24,2026-08-06T04:29:40Z,2026-08-06T10:04:33Z,5.58
SP2 9PJ,SEPD,LV,1,TT9474,24,2026-08-06T04:29:40Z,2026-08-06T10:04:33Z,5.58
BA11 3NY,SEPD,"LV,HV",3,"TU2362,TU2430,TU6308",101,2026-08-08T08:04:14Z,2026-08-11T19:18:24Z,5.47
AB51 0DJ,SHEPD,PSI,1,252657,6,2026-08-10T09:47:46Z,2026-08-10T15:15:29Z,5.46
AB51 0DL,SHEPD,PSI,1,252657,6,2026-08-10T09:47:46Z,2026-08-10T15:15:29Z,5.46
KY13 7DT,SHEPD,LV,1,TU4517,7,2026-08-10T09:47:46Z,2026-08-10T15:15:29Z,5.46
KY13 8DA,SHEPD,LV,1,TU4517,7,2026-08-10T09:47:46Z,2026-08-10T15:15:29Z,5.46
KY13 8DB,SHEPD,LV,1,TU4517,7,2026-08-10T09:47:46Z,2026-08-10T15:15:29Z,5.46
KY13 8DL,SHEPD,LV,1,TU4517,7,2026-08-10T09:47:46Z,2026-08-10T15:15:29Z,5.46
KY13 8DW,SHEPD,LV,1,TU4517,7,2026-08-10T09:47:46Z,2026-08-10T15:15:29Z,5.46
RG24 8LT,SEPD,LV,1,TU7062,40,2026-08-11T18:08:07Z,2026-08-11T23:33:30Z,5.42
RG24 8PQ,SEPD,LV,1,TU7062,40,2026-08-11T18:08:07Z,2026-08-11T23:33:30Z,5.42
RG24 8UE,SEPD,LV,1,TU7062,40,2026-08-11T18:08:07Z,2026-08-11T23:33:30Z,5.42
RG24 8UF,SEPD,LV,1,TU7062,40,2026-08-11T18:08:07Z,2026-08-11T23:33:30Z,5.42
RG24 8XX,SEPD,LV,1,TU7062,40,2026-08-11T18:08:07Z,2026-08-11T23:33:30Z,5.42
RG24 8XY,SEPD,LV,1,TU7062,40,2026-08-11T18:08:07Z,2026-08-11T23:33:30Z,5.42
RG7,SEPD,HV,1,TU3731,34,2026-08-09T19:47:38Z,2026-08-10T01:11:33Z,5.4
RG7 4HS,SEPD,HV,1,TU3731,34,2026-08-09T19:47:38Z,2026-08-10T01:11:33Z,5.4
RG7 4JU,SEPD,HV,1,TU3731,34,2026-08-09T19:47:38Z,2026-08-10T01:11:33Z,5.4
RG7 4JX,SEPD,HV,1,TU3731,34,2026-08-09T19:47:38Z,2026-08-10T01:11:33Z,5.4
RG7 4JY,SEPD,HV,1,TU3731,34,2026-08-09T19:47:38Z,2026-08-10T01:11:33Z,5.4
RG7 4LN,SEPD,HV,1,TU3731,34,2026-08-09T19:47:38Z,2026-08-10T01:11:33Z,5.4
RG7 4LS,SEPD,HV,1,TU3731,34,2026-08-09T19:47:38Z,2026-08-10T01:11:33Z,5.4
RG7 4LU,SEPD,HV,1,TU3731,34,2026-08-09T19:47:38Z,2026-08-10T01:11:33Z,5.4
RG7 4LW,SEPD,HV,1,TU3731,34,2026-08-09T19:47:38Z,2026-08-10T01:11:33Z,5.4
RG7 4LX,SEPD,HV,1,TU3731,34,2026-08-09T19:47:38Z,2026-08-10T01:11:33Z,5.4
RG7 4NA,SEPD,HV,1,TU3731,34,2026-08-09T19:47:38Z,2026-08-10T01:11:33Z,5.4
RG7 4NL,SEPD,HV,1,TU3731,34,2026-08-09T19:47:38Z,2026-08-10T01:11:33Z,5.4
RG7 4PG,SEPD,HV,1,TU3731,34,2026-08-09T19:47:38Z,2026-08-10T01:11:33Z,5.4
RG7 4QY,SEPD,HV,1,TU3731,34,2026-08-09T19:47:38Z,2026-08-10T01:11:33Z,5.4
BH20 6AQ,SEPD,PSI,1,253412,5,2026-08-11T08:40:02Z,2026-08-11T13:59:10Z,5.32
IV30 8LN,SHEPD,PSI,1,252643,14,2026-08-11T08:40:02Z,2026-08-11T13:59:10Z,5.32
IV30 8QT,SHEPD,PSI,1,252643,14,2026-08-11T08:40:02Z,2026-08-11T13:59:10Z,5.32
IV30 8QY,SHEPD,PSI,1,252643,14,2026-08-11T08:40:02Z,2026-08-11T13:59:10Z,5.32
OX4 1AU,SEPD,PSI,1,254182,28,2026-08-11T08:40:02Z,2026-08-11T13:59:10Z,5.32
PO8 0PJ,SEPD,PSI,1,253335,12,2026-08-11T08:40:02Z,2026-08-11T13:59:10Z,5.32
PO8 0PZ,SEPD,PSI,1,253335,12,2026-08-11T08:40:02Z,2026-08-11T13:59:10Z,5.32
PO8 0QD,SEPD,PSI,1,253335,12,2026-08-11T08:40:02Z,2026-08-11T13:59:10Z,5.32
PO8 0QE,SEPD,PSI,1,253335,12,2026-08-11T08:40:02Z,2026-08-11T13:59:10Z,5.32
RG8,SEPD,PSI,1,252668,4,2026-08-11T08:40:02Z,2026-08-11T13:59:10Z,5.32
RG8 7JT,SEPD,PSI,1,252668,4,2026-08-11T08:40:02Z,2026-08-11T13:59:10Z,5.32
SN13 9GZ,SEPD,PSI,1,253141,111,2026-08-11T08:40:02Z,2026-08-11T13:59:10Z,5.32
SN13 9PQ,SEPD,PSI,1,253141,111,2026-08-11T08:40:02Z,2026-08-11T13:59:10Z,5.32
SN13 9SX,SEPD,PSI,1,253141,111,2026-08-11T08:40:02Z,2026-08-11T13:59:10Z,5.32
SN13 9SY,SEPD,PSI,1,253141,111,2026-08-11T08:40:02Z,2026-08-11T13:59:10Z,5.32
SN13 9SZ,SEPD,PSI,1,253141,111,2026-08-11T08:40:02Z,2026-08-11T13:59:10Z,5.32
SN13 9TA,SEPD,PSI,1,253141,111,2026-08-11T08:40:02Z,2026-08-11T13:59:10Z,5.32
SN13 9TB,SEPD,PSI,1,253141,111,2026-08-11T08:40:02Z,2026-08-11T13:59:10Z,5.32
SN13 9TD,SEPD,PSI,1,253141,111,2026-08-11T08:40:02Z,2026-08-11T13:59:10Z,5.32
SN13 9TE,SEPD,PSI,1,253141,111,2026-08-11T08:40:02Z,2026-08-11T13:59:10Z,5.32
SN13 9TG,SEPD,PSI,1,253141,111,2026-08-11T08:40:02Z,2026-08-11T13:59:10Z,5.32
SN13 9TH,SEPD,PSI,1,253141,111,2026-08-11T08:40:02Z,2026-08-11T13:59:10Z,5.32
SN13 9TJ,SEPD,PSI,1,253141,111,2026-08-11T08:40:02Z,2026-08-11T13:59:10Z,5.32
SN13 9TL,SEPD,PSI,1,253141,111,2026-08-11T08:40:02Z,2026-08-11T13:59:10Z,5.32
SN13 9TN,SEPD,PSI,1,253141,111,2026-08-11T08:40:02Z,2026-08-11T13:59:10Z,5.32
SN13 9TQ,SEPD,PSI,1,253141,111,2026-08-11T08:40:02Z,2026-08-11T13:59:10Z,5.32
SN13 9TR,SEPD,PSI,1,253141,111,2026-08-11T08:40:02Z,2026-08-11T13:59:10Z,5.32
SN13 9TW,SEPD,PSI,1,253141,111,2026-08-11T08:40:02Z,2026-08-11T13:59:10Z,5.32
SP6 2RA,SEPD,PSI,1,253410,2,2026-08-11T08:40:02Z,2026-08-11T13:59:10Z,5.32
SP6 2RB,SEPD,PSI,1,253410,2,2026-08-11T08:40:02Z,2026-08-11T13:59:10Z,5.32
KW17 2QQ,SHEPD,PSI,2,"253890,254030",26,2026-08-07T09:42:46Z,2026-08-11T13:59:10Z,5.17
OX18 2PG,SEPD,HV,1,TU3472,11,2026-08-09T13:11:11Z,2026-08-09T18:18:33Z,5.12
OX18 2PH,SEPD,HV,1,TU3472,11,2026-08-09T13:11:11Z,2026-08-09T18:18:33Z,5.12
OX18 2PJ,SEPD,HV,1,TU3472,11,2026-08-09T13:11:11Z,2026-08-09T18:18:33Z,5.12
OX18 2PQ,SEPD,HV,1,TU3472,11,2026-08-09T13:11:11Z,2026-08-09T18:18:33Z,5.12
OX18 2PW,SEPD,HV,1,TU3472,11,2026-08-09T13:11:11Z,2026-08-09T18:18:33Z,5.12
OX18 3HH,SEPD,HV,1,TU3472,11,2026-08-09T13:11:11Z,2026-08-09T18:18:33Z,5.12
OX18 3JT,SEPD,HV,1,TU3472,11,2026-08-09T13:11:11Z,2026-08-09T18:18:33Z,5.12
OX18 3SD,SEPD,HV,1,TU3472,11,2026-08-09T13:11:11Z,2026-08-09T18:18:33Z,5.12
OX18 3SE,SEPD,HV,1,TU3472,11,2026-08-09T13:11:11Z,2026-08-09T18:18:33Z,5.12
OX18 3SF,SEPD,HV,1,TU3472,11,2026-08-09T13:11:11Z,2026-08-09T18:18:33Z,5.12
OX18 3SX,SEPD,HV,1,TU3472,11,2026-08-09T13:11:11Z,2026-08-09T18:18:33Z,5.12
OX18 3SZ,SEPD,HV,1,TU3472,11,2026-08-09T13:11:11Z,2026-08-09T18:18:33Z,5.12
OX18 3TL,SEPD,HV,1,TU3472,11,2026-08-09T13:11:11Z,2026-08-09T18:18:33Z,5.12
OX18 3TN,SEPD,HV,1,TU3472,11,2026-08-09T13:11:11Z,2026-08-09T18:18:33Z,5.12
OX18 3TP,SEPD,HV,1,TU3472,11,2026-08-09T13:11:11Z,2026-08-09T18:18:33Z,5.12
OX18 3YD,SEPD,HV,1,TU3472,11,2026-08-09T13:11:11Z,2026-08-09T18:18:33Z,5.12
SP4 0NG,SEPD,"LV,HV",3,"TU2129,TU2139,TU2145",207,2026-08-07T21:04:31Z,2026-08-08T02:09:04Z,5.08
SP4 0NH,SEPD,"LV,HV",3,"TU2129,TU2139,TU2145",207,2026-08-07T21:04:31Z,2026-08-08T02:09:04Z,5.08
SP4 0NP,SEPD,"LV,HV",3,"TU2129,TU2139,TU2145",207,2026-08-07T21:04:31Z,2026-08-08T02:09:04Z,5.08
SP4 0NQ,SEPD,"LV,HV",3,"TU2129,TU2139,TU2145",207,2026-08-07T21:04:31Z,2026-08-08T02:09:04Z,5.08
SP4 0NR,SEPD,"LV,HV",3,"TU2129,TU2139,TU2145",207,2026-08-07T21:04:31Z,2026-08-08T02:09:04Z,5.08
SP4 0NT,SEPD,"LV,HV",3,"TU2129,TU2139,TU2145",207,2026-08-07T21:04:31Z,2026-08-08T02:09:04Z,5.08
BH21 5PP,SEPD,PSI,1,253281,135,2026-08-07T09:42:46Z,2026-08-07T14:46:30Z,5.06
BH21 5PR,SEPD,PSI,1,253281,135,2026-08-07T09:42:46Z,2026-08-07T14:46:30Z,5.06
BH21 5PS,SEPD,PSI,1,253281,135,2026-08-07T09:42:46Z,2026-08-07T14:46:30Z,5.06
BH21 5PT,SEPD,PSI,1,253281,135,2026-08-07T09:42:46Z,2026-08-07T14:46:30Z,5.06
BH21 5PU,SEPD,PSI,1,253281,135,2026-08-07T09:42:46Z,2026-08-07T14:46:30Z,5.06
BH21 5PX,SEPD,PSI,1,253281,135,2026-08-07T09:42:46Z,2026-08-07T14:46:30Z,5.06
BH21 5PY,SEPD,PSI,1,253281,135,2026-08-07T09:42:46Z,2026-08-07T14:46:30Z,5.06
BH21 5PZ,SEPD,PSI,1,253281,135,2026-08-07T09:42:46Z,2026-08-07T14:46:30Z,5.06
BH21 5QD,SEPD,PSI,1,253281,135,2026-08-07T09:42:46Z,2026-08-07T14:46:30Z,5.06
BH21 5QE,SEPD,PSI,1,253281,135,2026-08-07T09:42:46Z,2026-08-07T14:46:30Z,5.06
BH21 5RL,SEPD,PSI,1,253281,135,2026-08-07T09:42:46Z,2026-08-07T14:46:30Z,5.06
BH21 5RN,SEPD,PSI,1,253281,135,2026-08-07T09:42:46Z,2026-08-07T14:46:30Z,5.06
BH21 5RP,SEPD,PSI,1,253281,135,2026-08-07T09:42:46Z,2026-08-07T14:46:30Z,5.06
BH21 5RW,SEPD,PSI,1,253281,135,2026-08-07T09:42:46Z,2026-08-07T14:46:30Z,5.06
DT10 1JN,SEPD,PSI,1,252912,161,2026-08-07T09:42:46Z,2026-08-07T14:46:30Z,5.06
DT10 1JW,SEPD,PSI,1,252912,161,2026-08-07T09:42:46Z,2026-08-07T14:46:30Z,5.06
DT10 1LR,SEPD,PSI,1,252912,161,2026-08-07T09:42:46Z,2026-08-07T14:46:30Z,5.06
DT10 1LS,SEPD,PSI,1,252912,161,2026-08-07T09:42:46Z,2026-08-07T14:46:30Z,5.06
DT10 1NU,SEPD,PSI,1,252912,161,2026-08-07T09:42:46Z,2026-08-07T14:46:30Z,5.06
DT10 1PL,SEPD,PSI,1,252912,161,2026-08-07T09:42:46Z,2026-08-07T14:46:30Z,5.06
DT10 2RT,SEPD,PSI,1,252912,161,2026-08-07T09:42:46Z,2026-08-07T14:46:30Z,5.06
RG18 3LF,SEPD,LV,1,TU1190,23,2026-08-07T09:42:46Z,2026-08-07T14:46:30Z,5.06
IV47 8SD,SHEPD,HV,1,TU2388,245,2026-08-08T08:04:14Z,2026-08-08T13:07:10Z,5.05
IV47 8SF,SHEPD,HV,1,TU2388,245,2026-08-08T08:04:14Z,2026-08-08T13:07:10Z,5.05
IV47 8SH,SHEPD,HV,1,TU2388,245,2026-08-08T08:04:14Z,2026-08-08T13:07:10Z,5.05
IV47 8SJ,SHEPD,HV,1,TU2388,245,2026-08-08T08:04:14Z,2026-08-08T13:07:10Z,5.05
IV47 8SL,SHEPD,HV,1,TU2388,245,2026-08-08T08:04:14Z,2026-08-08T13:07:10Z,5.05
IV47 8SN,SHEPD,HV,1,TU2388,245,2026-08-08T08:04:14Z,2026-08-08T13:07:10Z,5.05
IV47 8SR,SHEPD,HV,1,TU2388,245,2026-08-08T08:04:14Z,2026-08-08T13:07:10Z,5.05
IV48 8TD,SHEPD,HV,1,TU2388,245,2026-08-08T08:04:14Z,2026-08-08T13:07:10Z,5.05
IV49 9AB,SHEPD,HV,1,TU2388,245,2026-08-08T08:04:14Z,2026-08-08T13:07:10Z,5.05
SN13 9HP,SEPD,HV,1,TU3328,156,2026-08-09T09:01:10Z,2026-08-09T13:59:17Z,4.97
SN13 9PR,SEPD,HV,1,TU3328,156,2026-08-09T09:01:10Z,2026-08-09T13:59:17Z,4.97
SN13 9PS,SEPD,HV,1,TU3328,156,2026-08-09T09:01:10Z,2026-08-09T13:59:17Z,4.97
SN13 9PT,SEPD,HV,1,TU3328,156,2026-08-09T09:01:10Z,2026-08-09T13:59:17Z,4.97
SN13 9PU,SEPD,HV,1,TU3328,156,2026-08-09T09:01:10Z,2026-08-09T13:59:17Z,4.97
SN13 9PX,SEPD,HV,1,TU3328,156,2026-08-09T09:01:10Z,2026-08-09T13:59:17Z,4.97
SN13 9PY,SEPD,HV,1,TU3328,156,2026-08-09T09:01:10Z,2026-08-09T13:59:17Z,4.97
SN13 9PZ,SEPD,HV,1,TU3328,156,2026-08-09T09:01:10Z,2026-08-09T13:59:17Z,4.97
SN13 9QS,SEPD,HV,1,TU3328,156,2026-08-09T09:01:10Z,2026-08-09T13:59:17Z,4.97
SO50 8AN,SEPD,LV,1,TU3068,24,2026-08-09T04:08:30Z,2026-08-09T09:01:10Z,4.88
SO50 8NB,SEPD,LV,1,TU3068,24,2026-08-09T04:08:30Z,2026-08-09T09:01:10Z,4.88
SO50 8NX,SEPD,LV,1,TU3068,24,2026-08-09T04:08:30Z,2026-08-09T09:01:10Z,4.88
SO50 8NY,SEPD,LV,1,TU3068,24,2026-08-09T04:08:30Z,2026-08-09T09:01:10Z,4.88
SL3 7SL,SEPD,"PSI,LV",3,"253189,TT9589,TT9595",299,2026-08-06T10:04:33Z,2026-08-06T14:40:54Z,4.61
SL3 7SN,SEPD,"PSI,LV",3,"253189,TT9589,TT9595",299,2026-08-06T10:04:33Z,2026-08-06T14:40:54Z,4.61
OX2 0NG,SEPD,"PSI,HV",2,"253130,TU0344",530,2026-08-06T10:04:33Z,2026-08-06T14:40:54Z,4.61
SL3 7HR,SEPD,"PSI,LV",2,"253189,TT9595",280,2026-08-06T10:04:33Z,2026-08-06T14:40:54Z,4.61
SL3 7QA,SEPD,"PSI,LV",2,"253189,TT9595",280,2026-08-06T10:04:33Z,2026-08-06T14:40:54Z,4.61
SL3 7QB,SEPD,"PSI,LV",2,"253189,TT9595",280,2026-08-06T10:04:33Z,2026-08-06T14:40:54Z,4.61
SL3 7QD,SEPD,"PSI,LV",2,"253189,TT9595",280,2026-08-06T10:04:33Z,2026-08-06T14:40:54Z,4.61
SL3 7QF,SEPD,"PSI,LV",2,"253189,TT9595",280,2026-08-06T10:04:33Z,2026-08-06T14:40:54Z,4.61
SL3 7QG,SEPD,"PSI,LV",2,"253189,TT9595",280,2026-08-06T10:04:33Z,2026-08-06T14:40:54Z,4.61
AB34 4UQ,SHEPD,PSI,1,252696,14,2026-08-06T10:04:33Z,2026-08-06T14:40:54Z,4.61
AB34 4YD,SHEPD,PSI,1,252696,14,2026-08-06T10:04:33Z,2026-08-06T14:40:54Z,4.61
AB34 4YX,SHEPD,PSI,1,252696,14,2026-08-06T10:04:33Z,2026-08-06T14:40:54Z,4.61
AB34 5LT,SHEPD,PSI,1,252696,14,2026-08-06T10:04:33Z,2026-08-06T14:40:54Z,4.61
AB34 5PR,SHEPD,PSI,1,252696,14,2026-08-06T10:04:33Z,2026-08-06T14:40:54Z,4.61
AB54 4EH,SHEPD,PSI,1,252853,229,2026-08-06T10:04:33Z,2026-08-06T14:40:54Z,4.61
AB54 4EJ,SHEPD,PSI,1,252853,229,2026-08-06T10:04:33Z,2026-08-06T14:40:54Z,4.61
AB54 4EL,SHEPD,PSI,1,252853,229,2026-08-06T10:04:33Z,2026-08-06T14:40:54Z,4.61
AB54 4EP,SHEPD,PSI,1,252853,229,2026-08-06T10:04:33Z,2026-08-06T14:40:54Z,4.61
AB54 4EQ,SHEPD,PSI,1,252853,229,2026-08-06T10:04:33Z,2026-08-06T14:40:54Z,4.61
AB54 4ER,SHEPD,PSI,1,252853,229,2026-08-06T10:04:33Z,2026-08-06T14:40:54Z,4.61
AB54 4ES,SHEPD,PSI,1,252853,229,2026-08-06T10:04:33Z,2026-08-06T14:40:54Z,4.61
AB54 4EU,SHEPD,PSI,1,252853,229,2026-08-06T10:04:33Z,2026-08-06T14:40:54Z,4.61
AB54 4EW,SHEPD,PSI,1,252853,229,2026-08-06T10:04:33Z,2026-08-06T14:40:54Z,4.61
AB54 4EX,SHEPD,PSI,1,252853,229,2026-08-06T10:04:33Z,2026-08-06T14:40:54Z,4.61
AB54 4EY,SHEPD,PSI,1,252853,229,2026-08-06T10:04:33Z,2026-08-06T14:40:54Z,4.61
AB54 4EZ,SHEPD,PSI,1,252853,229,2026-08-06T10:04:33Z,2026-08-06T14:40:54Z,4.61
AB54 4HA,SHEPD,PSI,1,252853,229,2026-08-06T10:04:33Z,2026-08-06T14:40:54Z,4.61
AB54 4HP,SHEPD,PSI,1,252853,229,2026-08-06T10:04:33Z,2026-08-06T14:40:54Z,4.61
AB54 4HQ,SHEPD,PSI,1,252853,229,2026-08-06T10:04:33Z,2026-08-06T14:40:54Z,4.61
AB54 4HR,SHEPD,PSI,1,252853,229,2026-08-06T10:04:33Z,2026-08-06T14:40:54Z,4.61
AB54 4HS,SHEPD,PSI,1,252853,229,2026-08-06T10:04:33Z,2026-08-06T14:40:54Z,4.61
AB54 4HU,SHEPD,PSI,1,252853,229,2026-08-06T10:04:33Z,2026-08-06T14:40:54Z,4.61
AB54 4HY,SHEPD,PSI,1,252853,229,2026-08-06T10:04:33Z,2026-08-06T14:40:54Z,4.61
AB54 4TH,SHEPD,PSI,1,252853,229,2026-08-06T10:04:33Z,2026-08-06T14:40:54Z,4.61
AB54 4UT,SHEPD,PSI,1,252853,229,2026-08-06T10:04:33Z,2026-08-06T14:40:54Z,4.61
AB54 4UU,SHEPD,PSI,1,252853,229,2026-08-06T10:04:33Z,2026-08-06T14:40:54Z,4.61
AB54 4XA,SHEPD,PSI,1,252853,229,2026-08-06T10:04:33Z,2026-08-06T14:40:54Z,4.61
AB54 4XB,SHEPD,PSI,1,252853,229,2026-08-06T10:04:33Z,2026-08-06T14:40:54Z,4.61
AB54 4XD,SHEPD,PSI,1,252853,229,2026-08-06T10:04:33Z,2026-08-06T14:40:54Z,4.61
AB54 4XE,SHEPD,PSI,1,252853,229,2026-08-06T10:04:33Z,2026-08-06T14:40:54Z,4.61
AB54 4XF,SHEPD,PSI,1,252853,229,2026-08-06T10:04:33Z,2026-08-06T14:40:54Z,4.61
AB54 4XH,SHEPD,PSI,1,252853,229,2026-08-06T10:04:33Z,2026-08-06T14:40:54Z,4.61
AB54 4XJ,SHEPD,PSI,1,252853,229,2026-08-06T10:04:33Z,2026-08-06T14:40:54Z,4.61
AB54 4XN,SHEPD,PSI,1,252853,229,2026-08-06T10:04:33Z,2026-08-06T14:40:54Z,4.61
AB54 4XP,SHEPD,PSI,1,252853,229,2026-08-06T10:04:33Z,2026-08-06T14:40:54Z,4.61
AB54 4XQ,SHEPD,PSI,1,252853,229,2026-08-06T10:04:33Z,2026-08-06T14:40:54Z,4.61
AB54 4XR,SHEPD,PSI,1,252853,229,2026-08-06T10:04:33Z,2026-08-06T14:40:54Z,4.61
AB54 4XT,SHEPD,PSI,1,252853,229,2026-08-06T10:04:33Z,2026-08-06T14:40:54Z,4.61
AB54 4XX,SHEPD,PSI,1,252853,229,2026-08-06T10:04:33Z,2026-08-06T14:40:54Z,4.61
AB54 4XY,SHEPD,PSI,1,252853,229,2026-08-06T10:04:33Z,2026-08-06T14:40:54Z,4.61
AB54 4YA,SHEPD,PSI,1,252853,229,2026-08-06T10:04:33Z,2026-08-06T14:40:54Z,4.61
AB54 4YB,SHEPD,PSI,1,252853,229,2026-08-06T10:04:33Z,2026-08-06T14:40:54Z,4.61
AB54 4YD,SHEPD,PSI,1,252853,229,2026-08-06T10:04:33Z,2026-08-06T14:40:54Z,4.61
AB54 4YE,SHEPD,PSI,1,252853,229,2026-08-06T10:04:33Z,2026-08-06T14:40:54Z,4.61
AB54 4YH,SHEPD,PSI,1,252853,229,2026-08-06T10:04:33Z,2026-08-06T14:40:54Z,4.61
AB54 4YJ,SHEPD,PSI,1,252853,229,2026-08-06T10:04:33Z,2026-08-06T14:40:54Z,4.61
AB54 4YL,SHEPD,PSI,1,252853,229,2026-08-06T10:04:33Z,2026-08-06T14:40:54Z,4.61
AB54 4YP,SHEPD,PSI,1,252853,229,2026-08-06T10:04:33Z,2026-08-06T14:40:54Z,4.61
AB54 4YU,SHEPD,PSI,1,252853,229,2026-08-06T10:04:33Z,2026-08-06T14:40:54Z,4.61
AB54 4YX,SHEPD,PSI,1,252853,229,2026-08-06T10:04:33Z,2026-08-06T14:40:54Z,4.61
BA15 2JB,SEPD,PSI,1,252365,16,2026-08-06T10:04:33Z,2026-08-06T14:40:54Z,4.61
BA15 2PN,SEPD,PSI,1,252365,16,2026-08-06T10:04:33Z,2026-08-06T14:40:54Z,4.61
BA15 2PP,SEPD,PSI,1,252365,16,2026-08-06T10:04:33Z,2026-08-06T14:40:54Z,4.61
BA15 2PW,SEPD,PSI,1,252365,16,2026-08-06T10:04:33Z,2026-08-06T14:40:54Z,4.61
BH17 9AB,SEPD,PSI,1,254050,65,2026-08-06T10:04:33Z,2026-08-06T14:40:54Z,4.61
BH17 9AD,SEPD,PSI,1,254050,65,2026-08-06T10:04:33Z,2026-08-06T14:40:54Z,4.61
BH17 9AS,SEPD,PSI,1,254050,65,2026-08-06T10:04:33Z,2026-08-06T14:40:54Z,4.61
BH17 9AT,SEPD,PSI,1,254050,65,2026-08-06T10:04:33Z,2026-08-06T14:40:54Z,4.61
BH17 9BN,SEPD,PSI,1,254050,65,2026-08-06T10:04:33Z,2026-08-06T14:40:54Z,4.61
BH17 9BW,SEPD,PSI,1,254050,65,2026-08-06T10:04:33Z,2026-08-06T14:40:54Z,4.61
BH21 3BU,SEPD,PSI,1,253349,252,2026-08-06T10:04:33Z,2026-08-06T14:40:54Z,4.61
BH21 3HP,SEPD,PSI,1,253349,252,2026-08-06T10:04:33Z,2026-08-06T14:40:54Z,4.61
BH21 3HR,SEPD,PSI,1,253349,252,2026-08-06T10:04:33Z,2026-08-06T14:40:54Z,4.61
BH21 3HW,SEPD,PSI,1,253349,252,2026-08-06T10:04:33Z,2026-08-06T14:40:54Z,4.61
BH21 3JD,SEPD,PSI,1,253349,252,2026-08-06T10:04:33Z,2026-08-06T14:40:54Z,4.61
BH21 3JE,SEPD,PSI,1,253349,252,2026-08-06T10:04:33Z,2026-08-06T14:40:54Z,4.61
BH21 3JH,SEPD,PSI,1,253349,252,2026-08-06T10:04:33Z,2026-08-06T14:40:54Z,4.61
BH21 3JX,SEPD,PSI,1,253349,252,2026-08-06T10:04:33Z,2026-08-06T14:40:54Z,4.61
BH21 3LG,SEPD,PSI,1,253349,252,2026-08-06T10:04:33Z,2026-08-06T14:40:54Z,4.61
BH21 3LP,SEPD,PSI,1,253349,252,2026-08-06T10:04:33Z,2026-08-06T14:40:54Z,4.61
BH21 3LR,SEPD,PSI,1,253349,252,2026-08-06T10:04:33Z,2026-08-06T14:40:54Z,4.61
BH21 3QZ,SEPD,PSI,1,253349,252,2026-08-06T10:04:33Z,2026-08-06T14:40:54Z,4.61
BH21 3RA,SEPD,PSI,1,253349,252,2026-08-06T10:04:33Z,2026-08-06T14:40:54Z,4.61
BH21 3RB,SEPD,PSI,1,253349,252,2026-08-06T10:04:33Z,2026-08-06T14:40:54Z,4.61
BH21 3RD,SEPD,PSI,1,253349,252,2026-08-06T10:04:33Z,2026-08-06T14:40:54Z,4.61
BH21 3SU,SEPD,PSI,1,253349,252,2026-08-06T10:04:33Z,2026-08-06T14:40:54Z,4.61
BH21 3TW,SEPD,PSI,1,253349,252,2026-08-06T10:04:33Z,2026-08-06T14:40:54Z,4.61
BH21 3UA,SEPD,PSI,1,253349,252,2026-08-06T10:04:33Z,2026-08-06T14:40:54Z,4.61
BH21 3UD,SEPD,PSI,1,253349,252,2026-08-06T10:04:33Z,2026-08-06T14:40:54Z,4.61
DT10 2BH,SEPD,PSI,1,252734,91,2026-08-06T10:04:33Z,2026-08-06T14:40:54Z,4.61
DT10 2DP,SEPD,PSI,1,252734,91,2026-08-06T10:04:33Z,2026-08-06T14:40:54Z,4.61
DT10 2DR,SEPD,PSI,1,252734,91,2026-08-06T10:04:33Z,2026-08-06T14:40:54Z,4.61
DT10 2EE,SEPD,PSI,1,252734,91,2026-08-06T10:04:33Z,2026-08-06T14:40:54Z,4.61
DT10 2EF,SEPD,PSI,1,252734,91,2026-08-06T10:04:33Z,2026-08-06T14:40:54Z,4.61
DT10 2EG,SEPD,PSI,1,252734,91,2026-08-06T10:04:33Z,2026-08-06T14:40:54Z,4.61
DT10 2FY,SEPD,PSI,1,252734,91,2026-08-06T10:04:33Z,2026-08-06T14:40:54Z,4.61
DT10 2QB,SEPD,PSI,1,252734,91,2026-08-06T10:04:33Z,2026-08-06T14:40:54Z,4.61
DT10 2QD,SEPD,PSI,1,252734,91,2026-08-06T10:04:33Z,2026-08-06T14:40:54Z,4.61
DT2 8ND,SEPD,PSI,1,252723,39,2026-08-06T10:04:33Z,2026-08-06T14:40:54Z,4.61
DT2 8NE,SEPD,PSI,1,252723,39,2026-08-06T10:04:33Z,2026-08-06T14:40:54Z,4.61
DT3 6EZ,SEPD,PSI,1,252723,39,2026-08-06T10:04:33Z,2026-08-06T14:40:54Z,4.61
DT3 6PH,SEPD,PSI,1,252723,39,2026-08-06T10:04:33Z,2026-08-06T14:40:54Z,4.61
GL54 5SL,SEPD,PSI,1,253129,66,2026-08-06T10:04:33Z,2026-08-06T14:40:54Z,4.61
GL54 5SN,SEPD,PSI,1,253129,66,2026-08-06T10:04:33Z,2026-08-06T14:40:54Z,4.61
GL54 5SR,SEPD,PSI,1,253129,66,2026-08-06T10:04:33Z,2026-08-06T14:40:54Z,4.61
GL54 5SW,SEPD,PSI,1,253129,66,2026-08-06T10:04:33Z,2026-08-06T14:40:54Z,4.61
GL54 5TJ,SEPD,PSI,1,253129,66,2026-08-06T10:04:33Z,2026-08-06T14:40:54Z,4.61
GL54 5TL,SEPD,PSI,1,253129,66,2026-08-06T10:04:33Z,2026-08-06T14:40:54Z,4.61
GL54 5TN,SEPD,PSI,1,253129,66,2026-08-06T10:04:33Z,2026-08-06T14:40:54Z,4.61
GL54 5TP,SEPD,PSI,1,253129,66,2026-08-06T10:04:33Z,2026-08-06T14:40:54Z,4.61
GU8 4AS,SEPD,PSI,1,253201,142,2026-08-06T10:04:33Z,2026-08-06T14:40:54Z,4.61
GU8 4BB,SEPD,PSI,1,253201,142,2026-08-06T10:04:33Z,2026-08-06T14:40:54Z,4.61
GU8 4DB,SEPD,PSI,1,253201,142,2026-08-06T10:04:33Z,2026-08-06T14:40:54Z,4.61
GU8 4DL,SEPD,PSI,1,253201,142,2026-08-06T10:04:33Z,2026-08-06T14:40:54Z,4.61
GU8 4DN,SEPD,PSI,1,253201,142,2026-08-06T10:04:33Z,2026-08-06T14:40:54Z,4.61
GU8 4DP,SEPD,PSI,1,253201,142,2026-08-06T10:04:33Z,2026-08-06T14:40:54Z,4.61
GU8 4DR,SEPD,PSI,1,253201,142,2026-08-06T10:04:33Z,2026-08-06T14:40:54Z,4.61
GU8 4DS,SEPD,PSI,1,253201,142,2026-08-06T10:04:33Z,2026-08-06T14:40:54Z,4.61
GU8 4DT,SEPD,PSI,1,253201,142,2026-08-06T10:04:33Z,2026-08-06T14:40:54Z,4.61
GU8 4DW,SEPD,PSI,1,253201,142,2026-08-06T10:04:33Z,2026-08-06T14:40:54Z,4.61
GU8 4EF,SEPD,PSI,1,253201,142,2026-08-06T10:04:33Z,2026-08-06T14:40:54Z,4.61
GU8 4HL,SEPD,PSI,1,253201,142,2026-08-06T10:04:33Z,2026-08-06T14:40:54Z,4.61
GU8 4HN,SEPD,PSI,1,253201,142,2026-08-06T10:04:33Z,2026-08-06T14:40:54Z,4.61
GU8 4HW,SEPD,PSI,1,253201,142,2026-08-06T10:04:33Z,2026-08-06T14:40:54Z,4.61
IV2 4QA,SHEPD,PSI,1,253845,12,2026-08-06T10:04:33Z,2026-08-06T14:40:54Z,4.61
KW17 2DY,SHEPD,PSI,1,253525,2,2026-08-06T10:04:33Z,2026-08-06T14:40:54Z,4.61
OX2 0EX,SEPD,PSI,1,253130,28,2026-08-06T10:04:33Z,2026-08-06T14:40:54Z,4.61
OX2 0NJ,SEPD,PSI,1,253130,28,2026-08-06T10:04:33Z,2026-08-06T14:40:54Z,4.61
OX2 0NL,SEPD,PSI,1,253130,28,2026-08-06T10:04:33Z,2026-08-06T14:40:54Z,4.61
OX2 0NQ,SEPD,PSI,1,253130,28,2026-08-06T10:04:33Z,2026-08-06T14:40:54Z,4.61
PH15 2NZ,SHEPD,PSI,1,253215,2,2026-08-11T07:48:43Z,2026-08-11T12:25:31Z,4.61
PH38 4LZ,SHEPD,PSI,1,252897,6,2026-08-06T10:04:33Z,2026-08-06T14:40:54Z,4.61
PH7 3NY,SHEPD,PSI,1,253845,12,2026-08-06T10:04:33Z,2026-08-06T14:40:54Z,4.61
RG9 5DE,SEPD,PSI,1,253379,5,2026-08-06T10:04:33Z,2026-08-06T14:40:54Z,4.61
RG9 5DF,SEPD,PSI,1,253379,5,2026-08-06T10:04:33Z,2026-08-06T14:40:54Z,4.61
RG9 5DG,SEPD,PSI,1,253379,5,2026-08-06T10:04:33Z,2026-08-06T14:40:54Z,4.61
SL3 7QQ,SEPD,PSI,1,253189,249,2026-08-06T10:04:33Z,2026-08-06T14:40:54Z,4.61
SL3 7UD,SEPD,PSI,1,253189,249,2026-08-06T10:04:33Z,2026-08-06T14:40:54Z,4.61
SL3 7UF,SEPD,PSI,1,253189,249,2026-08-06T10:04:33Z,2026-08-06T14:40:54Z,4.61
SL3 8RY,SEPD,PSI,1,253189,249,2026-08-06T10:04:33Z,2026-08-06T14:40:54Z,4.61
SN10 1DZ,SEPD,PSI,1,254021,14,2026-08-06T10:04:33Z,2026-08-06T14:40:54Z,4.61
SP6 1BD,SEPD,PSI,1,252471,94,2026-08-06T10:04:33Z,2026-08-06T14:40:54Z,4.61
SP6 1BX,SEPD,PSI,1,252471,94,2026-08-06T10:04:33Z,2026-08-06T14:40:54Z,4.61
SP6 1BZ,SEPD,PSI,1,252471,94,2026-08-06T10:04:33Z,2026-08-06T14:40:54Z,4.61
SP6 1DE,SEPD,PSI,1,252471,94,2026-08-06T10:04:33Z,2026-08-06T14:40:54Z,4.61
SP6 3BP,SEPD,PSI,1,252471,94,2026-08-06T10:04:33Z,2026-08-06T14:40:54Z,4.61
SP6 3BS,SEPD,PSI,1,252471,94,2026-08-06T10:04:33Z,2026-08-06T14:40:54Z,4.61
SP6 3BT,SEPD,PSI,1,252471,94,2026-08-06T10:04:33Z,2026-08-06T14:40:54Z,4.61
SP6 3BU,SEPD,PSI,1,252471,94,2026-08-06T10:04:33Z,2026-08-06T14:40:54Z,4.61
SP6 3BX,SEPD,PSI,1,252471,94,2026-08-06T10:04:33Z,2026-08-06T14:40:54Z,4.61
SP6 3EL,SEPD,PSI,1,252471,94,2026-08-06T10:04:33Z,2026-08-06T14:40:54Z,4.61
ZE2 9EL,SHEPD,PSI,1,253221,6,2026-08-06T10:04:33Z,2026-08-06T14:40:54Z,4.61
ZE2 9ER,SHEPD,PSI,1,253221,6,2026-08-06T10:04:33Z,2026-08-06T14:40:54Z,4.61
ZE2 9ES,SHEPD,PSI,1,253221,6,2026-08-06T10:04:33Z,2026-08-06T14:40:54Z,4.61
SO45 5TW,SEPD,"HV,LV",3,"TU3364,TU3706,TU3847",137,2026-08-09T09:51:09Z,2026-08-09T23:16:07Z,4.55
SO45 5TY,SEPD,"HV,LV",3,"TU3364,TU3706,TU3847",137,2026-08-09T09:51:09Z,2026-08-09T23:16:07Z,4.55
DD2 1AA,SHEPD,LV,2,"TU2715,TU3113",38,2026-08-08T14:39:55Z,2026-08-09T09:01:10Z,4.54
RG14 6PA,SEPD,LV,1,TU5940,20,2026-08-11T10:35:19Z,2026-08-11T15:07:55Z,4.54
RG14 6PB,SEPD,LV,1,TU5940,20,2026-08-11T10:35:19Z,2026-08-11T15:07:55Z,4.54
RG14 6QJ,SEPD,LV,1,TU5940,20,2026-08-11T10:35:19Z,2026-08-11T15:07:55Z,4.54
RG14 6QN,SEPD,LV,1,TU5940,20,2026-08-11T10:35:19Z,2026-08-11T15:07:55Z,4.54
RG14 6QR,SEPD,LV,1,TU5940,20,2026-08-11T10:35:19Z,2026-08-11T15:07:55Z,4.54
RG14 6QS,SEPD,LV,1,TU5940,20,2026-08-11T10:35:19Z,2026-08-11T15:07:55Z,4.54
DT4 0AP,SEPD,LV,1,TU0945,74,2026-08-07T03:21:07Z,2026-08-07T07:48:42Z,4.46
DT4 0AQ,SEPD,LV,1,TU0945,74,2026-08-07T03:21:07Z,2026-08-07T07:48:42Z,4.46
DT4 0AS,SEPD,LV,1,TU0945,74,2026-08-07T03:21:07Z,2026-08-07T07:48:42Z,4.46
DT4 0AT,SEPD,LV,1,TU0945,74,2026-08-07T03:21:07Z,2026-08-07T07:48:42Z,4.46
DT4 0AU,SEPD,LV,1,TU0945,74,2026-08-07T03:21:07Z,2026-08-07T07:48:42Z,4.46
DT4 0AW,SEPD,LV,1,TU0945,74,2026-08-07T03:21:07Z,2026-08-07T07:48:42Z,4.46
DT4 0HP,SEPD,LV,1,TU0945,74,2026-08-07T03:21:07Z,2026-08-07T07:48:42Z,4.46
DT4 0HR,SEPD,LV,1,TU0945,74,2026-08-07T03:21:07Z,2026-08-07T07:48:42Z,4.46
DT4 0HS,SEPD,LV,1,TU0945,74,2026-08-07T03:21:07Z,2026-08-07T07:48:42Z,4.46
DT4 0HW,SEPD,LV,1,TU0945,74,2026-08-07T03:21:07Z,2026-08-07T07:48:42Z,4.46
DT4 0LD,SEPD,LV,1,TU0945,74,2026-08-07T03:21:07Z,2026-08-07T07:48:42Z,4.46
SO20 6QR,SEPD,HV,3,"TU4204,TU6028,TU6037",1586,2026-08-10T08:10:05Z,2026-08-11T07:48:43Z,4.39
SO51 0LD,SEPD,HV,3,"TU4204,TU6028,TU6037",1586,2026-08-10T08:10:05Z,2026-08-11T07:48:43Z,4.39
SO51 0NP,SEPD,HV,3,"TU4204,TU6028,TU6037",1586,2026-08-10T08:10:05Z,2026-08-11T07:48:43Z,4.39
SO51 0NQ,SEPD,HV,3,"TU4204,TU6028,TU6037",1586,2026-08-10T08:10:05Z,2026-08-11T07:48:43Z,4.39
SO51 0NR,SEPD,HV,3,"TU4204,TU6028,TU6037",1586,2026-08-10T08:10:05Z,2026-08-11T07:48:43Z,4.39
SO51 0NS,SEPD,HV,3,"TU4204,TU6028,TU6037",1586,2026-08-10T08:10:05Z,2026-08-11T07:48:43Z,4.39
SO51 0NT,SEPD,HV,3,"TU4204,TU6028,TU6037",1586,2026-08-10T08:10:05Z,2026-08-11T07:48:43Z,4.39
SO51 0NX,SEPD,HV,3,"TU4204,TU6028,TU6037",1586,2026-08-10T08:10:05Z,2026-08-11T07:48:43Z,4.39
BA12,SEPD,HV,1,TU3072,30,2026-08-09T07:14:55Z,2026-08-09T11:37:34Z,4.38
SP3 5BS,SEPD,HV,1,TU3072,30,2026-08-09T07:14:55Z,2026-08-09T11:37:34Z,4.38
SP3 5JL,SEPD,HV,1,TU3072,30,2026-08-09T07:14:55Z,2026-08-09T11:37:34Z,4.38
SP3 5SA,SEPD,HV,1,TU3072,30,2026-08-09T07:14:55Z,2026-08-09T11:37:34Z,4.38
SP3 5SB,SEPD,HV,1,TU3072,30,2026-08-09T07:14:55Z,2026-08-09T11:37:34Z,4.38
SP3 5SD,SEPD,HV,1,TU3072,30,2026-08-09T07:14:55Z,2026-08-09T11:37:34Z,4.38
SP3 5SR,SEPD,HV,1,TU3072,30,2026-08-09T07:14:55Z,2026-08-09T11:37:34Z,4.38
SP3 5SS,SEPD,HV,1,TU3072,30,2026-08-09T07:14:55Z,2026-08-09T11:37:34Z,4.38
SP3 5ST,SEPD,HV,1,TU3072,30,2026-08-09T07:14:55Z,2026-08-09T11:37:34Z,4.38
SP3 5SW,SEPD,HV,1,TU3072,30,2026-08-09T07:14:55Z,2026-08-09T11:37:34Z,4.38
SP3 5SX,SEPD,HV,1,TU3072,30,2026-08-09T07:14:55Z,2026-08-09T11:37:34Z,4.38
SP3 5SY,SEPD,HV,1,TU3072,30,2026-08-09T07:14:55Z,2026-08-09T11:37:34Z,4.38
SP3 6BB,SEPD,HV,1,TU3072,30,2026-08-09T07:14:55Z,2026-08-09T11:37:34Z,4.38
SP3 6DD,SEPD,HV,1,TU3072,30,2026-08-09T07:14:55Z,2026-08-09T11:37:34Z,4.38
SP3 6DE,SEPD,HV,1,TU3072,30,2026-08-09T07:14:55Z,2026-08-09T11:37:34Z,4.38
SP3 6DJ,SEPD,HV,1,TU3072,30,2026-08-09T07:14:55Z,2026-08-09T11:37:34Z,4.38
SP3 6DN,SEPD,HV,1,TU3072,30,2026-08-09T07:14:55Z,2026-08-09T11:37:34Z,4.38
SP3 6DP,SEPD,HV,1,TU3072,30,2026-08-09T07:14:55Z,2026-08-09T11:37:34Z,4.38
SP3 6DR,SEPD,HV,1,TU3072,30,2026-08-09T07:14:55Z,2026-08-09T11:37:34Z,4.38
SP3 6DS,SEPD,HV,1,TU3072,30,2026-08-09T07:14:55Z,2026-08-09T11:37:34Z,4.38
SP3 6DT,SEPD,HV,1,TU3072,30,2026-08-09T07:14:55Z,2026-08-09T11:37:34Z,4.38
SP3 6DU,SEPD,HV,1,TU3072,30,2026-08-09T07:14:55Z,2026-08-09T11:37:34Z,4.38
SP3 6DW,SEPD,HV,1,TU3072,30,2026-08-09T07:14:55Z,2026-08-09T11:37:34Z,4.38
SP3 6DX,SEPD,HV,1,TU3072,30,2026-08-09T07:14:55Z,2026-08-09T11:37:34Z,4.38
SP3 6DY,SEPD,HV,1,TU3072,30,2026-08-09T07:14:55Z,2026-08-09T11:37:34Z,4.38
SP3 6DZ,SEPD,HV,1,TU3072,30,2026-08-09T07:14:55Z,2026-08-09T11:37:34Z,4.38
SP3 6EA,SEPD,HV,1,TU3072,30,2026-08-09T07:14:55Z,2026-08-09T11:37:34Z,4.38
SP3 6EB,SEPD,HV,1,TU3072,30,2026-08-09T07:14:55Z,2026-08-09T11:37:34Z,4.38
SP3 6ED,SEPD,HV,1,TU3072,30,2026-08-09T07:14:55Z,2026-08-09T11:37:34Z,4.38
SP3 6EE,SEPD,HV,1,TU3072,30,2026-08-09T07:14:55Z,2026-08-09T11:37:34Z,4.38
SP3 6EF,SEPD,HV,1,TU3072,30,2026-08-09T07:14:55Z,2026-08-09T11:37:34Z,4.38
SP3 6EG,SEPD,HV,1,TU3072,30,2026-08-09T07:14:55Z,2026-08-09T11:37:34Z,4.38
SP3 6EH,SEPD,HV,1,TU3072,30,2026-08-09T07:14:55Z,2026-08-09T11:37:34Z,4.38
SP3 6EJ,SEPD,HV,1,TU3072,30,2026-08-09T07:14:55Z,2026-08-09T11:37:34Z,4.38
SP3 6EL,SEPD,HV,1,TU3072,30,2026-08-09T07:14:55Z,2026-08-09T11:37:34Z,4.38
SP3 6EP,SEPD,HV,1,TU3072,30,2026-08-09T07:14:55Z,2026-08-09T11:37:34Z,4.38
SP3 6EQ,SEPD,HV,1,TU3072,30,2026-08-09T07:14:55Z,2026-08-09T11:37:34Z,4.38
SP3 6ER,SEPD,HV,1,TU3072,30,2026-08-09T07:14:55Z,2026-08-09T11:37:34Z,4.38
SP3 6ES,SEPD,HV,1,TU3072,30,2026-08-09T07:14:55Z,2026-08-09T11:37:34Z,4.38
SP3 6ET,SEPD,HV,1,TU3072,30,2026-08-09T07:14:55Z,2026-08-09T11:37:34Z,4.38
SP3 6EU,SEPD,HV,1,TU3072,30,2026-08-09T07:14:55Z,2026-08-09T11:37:34Z,4.38
SP3 6EW,SEPD,HV,1,TU3072,30,2026-08-09T07:14:55Z,2026-08-09T11:37:34Z,4.38
SP3 6FB,SEPD,HV,1,TU3072,30,2026-08-09T07:14:55Z,2026-08-09T11:37:34Z,4.38
SP3 6FF,SEPD,HV,1,TU3072,30,2026-08-09T07:14:55Z,2026-08-09T11:37:34Z,4.38
SP3 6FG,SEPD,HV,1,TU3072,30,2026-08-09T07:14:55Z,2026-08-09T11:37:34Z,4.38
SP3 6GS,SEPD,HV,1,TU3072,30,2026-08-09T07:14:55Z,2026-08-09T11:37:34Z,4.38
SP3 6GT,SEPD,HV,1,TU3072,30,2026-08-09T07:14:55Z,2026-08-09T11:37:34Z,4.38
SP3 6GU,SEPD,HV,1,TU3072,30,2026-08-09T07:14:55Z,2026-08-09T11:37:34Z,4.38
SP3 6GW,SEPD,HV,1,TU3072,30,2026-08-09T07:14:55Z,2026-08-09T11:37:34Z,4.38
SP3 6GX,SEPD,HV,1,TU3072,30,2026-08-09T07:14:55Z,2026-08-09T11:37:34Z,4.38
SP3 6GY,SEPD,HV,1,TU3072,30,2026-08-09T07:14:55Z,2026-08-09T11:37:34Z,4.38
SP3 6GZ,SEPD,HV,1,TU3072,30,2026-08-09T07:14:55Z,2026-08-09T11:37:34Z,4.38
SP3 6HF,SEPD,HV,1,TU3072,30,2026-08-09T07:14:55Z,2026-08-09T11:37:34Z,4.38
SP3 6HG,SEPD,HV,1,TU3072,30,2026-08-09T07:14:55Z,2026-08-09T11:37:34Z,4.38
SP3 6HH,SEPD,HV,1,TU3072,30,2026-08-09T07:14:55Z,2026-08-09T11:37:34Z,4.38
SP3 6HJ,SEPD,HV,1,TU3072,30,2026-08-09T07:14:55Z,2026-08-09T11:37:34Z,4.38
SP3 6HR,SEPD,HV,1,TU3072,30,2026-08-09T07:14:55Z,2026-08-09T11:37:34Z,4.38
SP3 6HS,SEPD,HV,1,TU3072,30,2026-08-09T07:14:55Z,2026-08-09T11:37:34Z,4.38
SP3 6HT,SEPD,HV,1,TU3072,30,2026-08-09T07:14:55Z,2026-08-09T11:37:34Z,4.38
SP3 6HU,SEPD,HV,1,TU3072,30,2026-08-09T07:14:55Z,2026-08-09T11:37:34Z,4.38
SP3 6HX,SEPD,HV,1,TU3072,30,2026-08-09T07:14:55Z,2026-08-09T11:37:34Z,4.38
SP3 6HY,SEPD,HV,1,TU3072,30,2026-08-09T07:14:55Z,2026-08-09T11:37:34Z,4.38
SP3 6HZ,SEPD,HV,1,TU3072,30,2026-08-09T07:14:55Z,2026-08-09T11:37:34Z,4.38
SP3 6JU,SEPD,HV,1,TU3072,30,2026-08-09T07:14:55Z,2026-08-09T11:37:34Z,4.38
SP3 6JX,SEPD,HV,1,TU3072,30,2026-08-09T07:14:55Z,2026-08-09T11:37:34Z,4.38
SP3 6LB,SEPD,HV,1,TU3072,30,2026-08-09T07:14:55Z,2026-08-09T11:37:34Z,4.38
SP3 6LD,SEPD,HV,1,TU3072,30,2026-08-09T07:14:55Z,2026-08-09T11:37:34Z,4.38
SP3 6LH,SEPD,HV,1,TU3072,30,2026-08-09T07:14:55Z,2026-08-09T11:37:34Z,4.38
SP3 6LJ,SEPD,HV,1,TU3072,30,2026-08-09T07:14:55Z,2026-08-09T11:37:34Z,4.38
SP3 6NG,SEPD,HV,1,TU3072,30,2026-08-09T07:14:55Z,2026-08-09T11:37:34Z,4.38
SP3 6PS,SEPD,HV,1,TU3072,30,2026-08-09T07:14:55Z,2026-08-09T11:37:34Z,4.38
SP3 6PT,SEPD,HV,1,TU3072,30,2026-08-09T07:14:55Z,2026-08-09T11:37:34Z,4.38
SP3 6PY,SEPD,HV,1,TU3072,30,2026-08-09T07:14:55Z,2026-08-09T11:37:34Z,4.38
SP3 6PZ,SEPD,HV,1,TU3072,30,2026-08-09T07:14:55Z,2026-08-09T11:37:34Z,4.38
SP3 6QA,SEPD,HV,1,TU3072,30,2026-08-09T07:14:55Z,2026-08-09T11:37:34Z,4.38
SP3 6QB,SEPD,HV,1,TU3072,30,2026-08-09T07:14:55Z,2026-08-09T11:37:34Z,4.38
SP3 6QD,SEPD,HV,1,TU3072,30,2026-08-09T07:14:55Z,2026-08-09T11:37:34Z,4.38
SP3 6QE,SEPD,HV,1,TU3072,30,2026-08-09T07:14:55Z,2026-08-09T11:37:34Z,4.38
SP3 6QF,SEPD,HV,1,TU3072,30,2026-08-09T07:14:55Z,2026-08-09T11:37:34Z,4.38
SP3 6QG,SEPD,HV,1,TU3072,30,2026-08-09T07:14:55Z,2026-08-09T11:37:34Z,4.38
SP3 6QH,SEPD,HV,1,TU3072,30,2026-08-09T07:14:55Z,2026-08-09T11:37:34Z,4.38
SP3 6QQ,SEPD,HV,1,TU3072,30,2026-08-09T07:14:55Z,2026-08-09T11:37:34Z,4.38
SP3 6QS,SEPD,HV,1,TU3072,30,2026-08-09T07:14:55Z,2026-08-09T11:37:34Z,4.38
SP3 6QT,SEPD,HV,1,TU3072,30,2026-08-09T07:14:55Z,2026-08-09T11:37:34Z,4.38
SP3 6TA,SEPD,HV,1,TU3072,30,2026-08-09T07:14:55Z,2026-08-09T11:37:34Z,4.38
SP3 6UA,SEPD,HV,1,TU3072,30,2026-08-09T07:14:55Z,2026-08-09T11:37:34Z,4.38
SP3 6UB,SEPD,HV,1,TU3072,30,2026-08-09T07:14:55Z,2026-08-09T11:37:34Z,4.38
SP3 6UD,SEPD,HV,1,TU3072,30,2026-08-09T07:14:55Z,2026-08-09T11:37:34Z,4.38
SP3 6UE,SEPD,HV,1,TU3072,30,2026-08-09T07:14:55Z,2026-08-09T11:37:34Z,4.38
OX1 5EY,SEPD,PSI,1,253139,55,2026-08-10T09:47:46Z,2026-08-10T14:05:17Z,4.29
OX1 5EZ,SEPD,PSI,1,253139,55,2026-08-10T09:47:46Z,2026-08-10T14:05:17Z,4.29
OX1 5HA,SEPD,PSI,1,253139,55,2026-08-10T09:47:46Z,2026-08-10T14:05:17Z,4.29
OX1 5HB,SEPD,PSI,1,253139,55,2026-08-10T09:47:46Z,2026-08-10T14:05:17Z,4.29
OX1 5HD,SEPD,PSI,1,253139,55,2026-08-10T09:47:46Z,2026-08-10T14:05:17Z,4.29
OX1 5HH,SEPD,PSI,1,253139,55,2026-08-10T09:47:46Z,2026-08-10T14:05:17Z,4.29
OX1 5HJ,SEPD,PSI,1,253499,172,2026-08-10T09:47:46Z,2026-08-10T14:05:17Z,4.29
OX1 5HL,SEPD,PSI,1,253139,55,2026-08-10T09:47:46Z,2026-08-10T14:05:17Z,4.29
OX1 5HW,SEPD,PSI,1,253499,172,2026-08-10T09:47:46Z,2026-08-10T14:05:17Z,4.29
OX1 5JJ,SEPD,PSI,1,253499,172,2026-08-10T09:47:46Z,2026-08-10T14:05:17Z,4.29
OX1 5JU,SEPD,PSI,1,253499,172,2026-08-10T09:47:46Z,2026-08-10T14:05:17Z,4.29
OX1 5JX,SEPD,PSI,1,253499,172,2026-08-10T09:47:46Z,2026-08-10T14:05:17Z,4.29
OX1 5LB,SEPD,PSI,1,253499,172,2026-08-10T09:47:46Z,2026-08-10T14:05:17Z,4.29
OX13 6BY,SEPD,PSI,1,253499,172,2026-08-10T09:47:46Z,2026-08-10T14:05:17Z,4.29
OX4 4DS,SEPD,PSI,1,253499,172,2026-08-10T09:47:46Z,2026-08-10T14:05:17Z,4.29
SN14 7HQ,SEPD,PSI,1,252042,62,2026-08-10T09:47:46Z,2026-08-10T14:05:17Z,4.29
SN14 7JN,SEPD,PSI,1,252042,62,2026-08-10T09:47:46Z,2026-08-10T14:05:17Z,4.29
SN14 7JW,SEPD,PSI,1,252042,62,2026-08-10T09:47:46Z,2026-08-10T14:05:17Z,4.29
SN14 7NQ,SEPD,PSI,1,252042,62,2026-08-10T09:47:46Z,2026-08-10T14:05:17Z,4.29
SO24 9DH,SEPD,PSI,1,253659,72,2026-08-10T09:47:46Z,2026-08-10T14:05:17Z,4.29
SO24 9DL,SEPD,PSI,1,253659,72,2026-08-10T09:47:46Z,2026-08-10T14:05:17Z,4.29
SO24 9DN,SEPD,PSI,1,253659,72,2026-08-10T09:47:46Z,2026-08-10T14:05:17Z,4.29
SO24 9DR,SEPD,PSI,1,253659,72,2026-08-10T09:47:46Z,2026-08-10T14:05:17Z,4.29
SO24 9DS,SEPD,PSI,1,253659,72,2026-08-10T09:47:46Z,2026-08-10T14:05:17Z,4.29
SO24 9DU,SEPD,PSI,1,253659,72,2026-08-10T09:47:46Z,2026-08-10T14:05:17Z,4.29
SO24 9DW,SEPD,PSI,1,253659,72,2026-08-10T09:47:46Z,2026-08-10T14:05:17Z,4.29
SO24 9DX,SEPD,PSI,1,253659,72,2026-08-10T09:47:46Z,2026-08-10T14:05:17Z,4.29
SO24 9DY,SEPD,PSI,1,253659,72,2026-08-10T09:47:46Z,2026-08-10T14:05:17Z,4.29
SO24 9RF,SEPD,PSI,1,253051,9,2026-08-10T09:47:46Z,2026-08-10T14:05:17Z,4.29
SO24 9UR,SEPD,PSI,1,253659,72,2026-08-10T09:47:46Z,2026-08-10T14:05:17Z,4.29
SP5 2HS,SEPD,PSI,1,252666,52,2026-08-10T09:47:46Z,2026-08-10T14:05:17Z,4.29
SP5 2PJ,SEPD,PSI,1,252666,52,2026-08-10T09:47:46Z,2026-08-10T14:05:17Z,4.29
SP5 2PL,SEPD,PSI,1,252666,52,2026-08-10T09:47:46Z,2026-08-10T14:05:17Z,4.29
PO30 3LH,SEPD,PSI,1,252915,66,2026-08-11T09:42:25Z,2026-08-11T13:59:10Z,4.28
PO30 3LP,SEPD,PSI,1,252915,66,2026-08-11T09:42:25Z,2026-08-11T13:59:10Z,4.28
PO30 3LU,SEPD,PSI,1,252915,66,2026-08-11T09:42:25Z,2026-08-11T13:59:10Z,4.28
PO30 3LX,SEPD,PSI,1,252915,66,2026-08-11T09:42:25Z,2026-08-11T13:59:10Z,4.28
PO30 4AA,SEPD,PSI,1,252915,66,2026-08-11T09:42:25Z,2026-08-11T13:59:10Z,4.28
PO30 4AB,SEPD,PSI,1,252915,66,2026-08-11T09:42:25Z,2026-08-11T13:59:10Z,4.28
PO30 4AD,SEPD,PSI,1,252915,66,2026-08-11T09:42:25Z,2026-08-11T13:59:10Z,4.28
PO30 4PL,SEPD,PSI,1,252915,66,2026-08-11T09:42:25Z,2026-08-11T13:59:10Z,4.28
PO30 4PW,SEPD,PSI,1,252915,66,2026-08-11T09:42:25Z,2026-08-11T13:59:10Z,4.28
SN4 9NR,SEPD,PSI,1,253867,18,2026-08-11T09:42:25Z,2026-08-11T13:59:10Z,4.28
SN8 1RU,SEPD,PSI,1,253867,18,2026-08-11T09:42:25Z,2026-08-11T13:59:10Z,4.28
OX25 4AD,SEPD,HV,1,TU7210,64,2026-08-11T19:18:24Z,2026-08-11T23:33:30Z,4.25
OX25 4AE,SEPD,HV,1,TU7210,64,2026-08-11T19:18:24Z,2026-08-11T23:33:30Z,4.25
OX25 4AG,SEPD,HV,1,TU7210,64,2026-08-11T19:18:24Z,2026-08-11T23:33:30Z,4.25
OX25 4TA,SEPD,HV,1,TU7210,64,2026-08-11T19:18:24Z,2026-08-11T23:33:30Z,4.25
OX25 4TB,SEPD,HV,1,TU7210,64,2026-08-11T19:18:24Z,2026-08-11T23:33:30Z,4.25
OX25 4TD,SEPD,HV,1,TU7210,64,2026-08-11T19:18:24Z,2026-08-11T23:33:30Z,4.25
OX25 4TE,SEPD,HV,1,TU7210,64,2026-08-11T19:18:24Z,2026-08-11T23:33:30Z,4.25
OX29 5SY,SEPD,HV,2,"TU3772,TU3790",5380,2026-08-09T20:57:06Z,2026-08-10T01:11:33Z,4.24
OX29 7QD,SEPD,HV,2,"TU3772,TU3790",5380,2026-08-09T20:57:06Z,2026-08-10T01:11:33Z,4.24
GL7 3NZ,SEPD,HV,1,TU3772,4318,2026-08-09T20:57:06Z,2026-08-10T01:11:33Z,4.24
OX12 0HL,SEPD,HV,1,TU3772,4318,2026-08-09T20:57:06Z,2026-08-10T01:11:33Z,4.24
OX13 5AA,SEPD,HV,1,TU3772,4318,2026-08-09T20:57:06Z,2026-08-10T01:11:33Z,4.24
OX13 5AB,SEPD,HV,1,TU3772,4318,2026-08-09T20:57:06Z,2026-08-10T01:11:33Z,4.24
OX13 5AD,SEPD,HV,1,TU3772,4318,2026-08-09T20:57:06Z,2026-08-10T01:11:33Z,4.24
OX13 5AE,SEPD,HV,1,TU3772,4318,2026-08-09T20:57:06Z,2026-08-10T01:11:33Z,4.24
OX13 5AF,SEPD,HV,1,TU3772,4318,2026-08-09T20:57:06Z,2026-08-10T01:11:33Z,4.24
OX13 5AG,SEPD,HV,1,TU3772,4318,2026-08-09T20:57:06Z,2026-08-10T01:11:33Z,4.24
OX13 5AH,SEPD,HV,1,TU3772,4318,2026-08-09T20:57:06Z,2026-08-10T01:11:33Z,4.24
OX13 5AJ,SEPD,HV,1,TU3772,4318,2026-08-09T20:57:06Z,2026-08-10T01:11:33Z,4.24
OX13 5AL,SEPD,HV,1,TU3772,4318,2026-08-09T20:57:06Z,2026-08-10T01:11:33Z,4.24
OX13 5AN,SEPD,HV,1,TU3772,4318,2026-08-09T20:57:06Z,2026-08-10T01:11:33Z,4.24
OX13 5AP,SEPD,HV,1,TU3772,4318,2026-08-09T20:57:06Z,2026-08-10T01:11:33Z,4.24
OX13 5AQ,SEPD,HV,1,TU3772,4318,2026-08-09T20:57:06Z,2026-08-10T01:11:33Z,4.24
OX13 5AR,SEPD,HV,1,TU3772,4318,2026-08-09T20:57:06Z,2026-08-10T01:11:33Z,4.24
OX13 5AS,SEPD,HV,1,TU3772,4318,2026-08-09T20:57:06Z,2026-08-10T01:11:33Z,4.24
OX13 5AT,SEPD,HV,1,TU3772,4318,2026-08-09T20:57:06Z,2026-08-10T01:11:33Z,4.24
OX13 5AU,SEPD,HV,1,TU3772,4318,2026-08-09T20:57:06Z,2026-08-10T01:11:33Z,4.24
OX13 5AW,SEPD,HV,1,TU3772,4318,2026-08-09T20:57:06Z,2026-08-10T01:11:33Z,4.24
OX13 5AX,SEPD,HV,1,TU3772,4318,2026-08-09T20:57:06Z,2026-08-10T01:11:33Z,4.24
OX13 5AY,SEPD,HV,1,TU3772,4318,2026-08-09T20:57:06Z,2026-08-10T01:11:33Z,4.24
OX13 5AZ,SEPD,HV,1,TU3772,4318,2026-08-09T20:57:06Z,2026-08-10T01:11:33Z,4.24
OX13 5BA,SEPD,HV,1,TU3772,4318,2026-08-09T20:57:06Z,2026-08-10T01:11:33Z,4.24
OX13 5BB,SEPD,HV,1,TU3772,4318,2026-08-09T20:57:06Z,2026-08-10T01:11:33Z,4.24
OX13 5BD,SEPD,HV,1,TU3772,4318,2026-08-09T20:57:06Z,2026-08-10T01:11:33Z,4.24
OX13 5BE,SEPD,HV,1,TU3772,4318,2026-08-09T20:57:06Z,2026-08-10T01:11:33Z,4.24
OX13 5BG,SEPD,HV,1,TU3772,4318,2026-08-09T20:57:06Z,2026-08-10T01:11:33Z,4.24
OX13 5BH,SEPD,HV,1,TU3772,4318,2026-08-09T20:57:06Z,2026-08-10T01:11:33Z,4.24
OX13 5BJ,SEPD,HV,1,TU3772,4318,2026-08-09T20:57:06Z,2026-08-10T01:11:33Z,4.24
OX13 5BL,SEPD,HV,1,TU3772,4318,2026-08-09T20:57:06Z,2026-08-10T01:11:33Z,4.24
OX13 5BN,SEPD,HV,1,TU3772,4318,2026-08-09T20:57:06Z,2026-08-10T01:11:33Z,4.24
OX13 5BP,SEPD,HV,1,TU3772,4318,2026-08-09T20:57:06Z,2026-08-10T01:11:33Z,4.24
OX13 5BQ,SEPD,HV,1,TU3772,4318,2026-08-09T20:57:06Z,2026-08-10T01:11:33Z,4.24
OX13 5BU,SEPD,HV,1,TU3772,4318,2026-08-09T20:57:06Z,2026-08-10T01:11:33Z,4.24
OX13 5BW,SEPD,HV,1,TU3772,4318,2026-08-09T20:57:06Z,2026-08-10T01:11:33Z,4.24
OX13 5BX,SEPD,HV,1,TU3772,4318,2026-08-09T20:57:06Z,2026-08-10T01:11:33Z,4.24
OX13 5BY,SEPD,HV,1,TU3772,4318,2026-08-09T20:57:06Z,2026-08-10T01:11:33Z,4.24
OX13 5BZ,SEPD,HV,1,TU3772,4318,2026-08-09T20:57:06Z,2026-08-10T01:11:33Z,4.24
OX13 5DA,SEPD,HV,1,TU3772,4318,2026-08-09T20:57:06Z,2026-08-10T01:11:33Z,4.24
OX13 5DB,SEPD,HV,1,TU3772,4318,2026-08-09T20:57:06Z,2026-08-10T01:11:33Z,4.24
OX13 5DD,SEPD,HV,1,TU3772,4318,2026-08-09T20:57:06Z,2026-08-10T01:11:33Z,4.24
OX13 5DE,SEPD,HV,1,TU3772,4318,2026-08-09T20:57:06Z,2026-08-10T01:11:33Z,4.24
OX13 5DF,SEPD,HV,1,TU3772,4318,2026-08-09T20:57:06Z,2026-08-10T01:11:33Z,4.24
OX13 5DG,SEPD,HV,1,TU3772,4318,2026-08-09T20:57:06Z,2026-08-10T01:11:33Z,4.24
OX13 5DH,SEPD,HV,1,TU3772,4318,2026-08-09T20:57:06Z,2026-08-10T01:11:33Z,4.24
OX13 5DJ,SEPD,HV,1,TU3772,4318,2026-08-09T20:57:06Z,2026-08-10T01:11:33Z,4.24
OX13 5DL,SEPD,HV,1,TU3772,4318,2026-08-09T20:57:06Z,2026-08-10T01:11:33Z,4.24
OX13 5DN,SEPD,HV,1,TU3772,4318,2026-08-09T20:57:06Z,2026-08-10T01:11:33Z,4.24
OX13 5DQ,SEPD,HV,1,TU3772,4318,2026-08-09T20:57:06Z,2026-08-10T01:11:33Z,4.24
OX13 5DS,SEPD,HV,1,TU3772,4318,2026-08-09T20:57:06Z,2026-08-10T01:11:33Z,4.24
OX13 5DT,SEPD,HV,1,TU3772,4318,2026-08-09T20:57:06Z,2026-08-10T01:11:33Z,4.24
OX13 5DU,SEPD,HV,1,TU3772,4318,2026-08-09T20:57:06Z,2026-08-10T01:11:33Z,4.24
OX13 5DW,SEPD,HV,1,TU3772,4318,2026-08-09T20:57:06Z,2026-08-10T01:11:33Z,4.24
OX13 5DX,SEPD,HV,1,TU3772,4318,2026-08-09T20:57:06Z,2026-08-10T01:11:33Z,4.24
OX13 5DY,SEPD,HV,1,TU3772,4318,2026-08-09T20:57:06Z,2026-08-10T01:11:33Z,4.24
OX13 5DZ,SEPD,HV,1,TU3772,4318,2026-08-09T20:57:06Z,2026-08-10T01:11:33Z,4.24
OX13 5EA,SEPD,HV,1,TU3772,4318,2026-08-09T20:57:06Z,2026-08-10T01:11:33Z,4.24
OX13 5EB,SEPD,HV,1,TU3772,4318,2026-08-09T20:57:06Z,2026-08-10T01:11:33Z,4.24
OX13 5ED,SEPD,HV,1,TU3772,4318,2026-08-09T20:57:06Z,2026-08-10T01:11:33Z,4.24
OX13 5EE,SEPD,HV,1,TU3772,4318,2026-08-09T20:57:06Z,2026-08-10T01:11:33Z,4.24
OX13 5EF,SEPD,HV,1,TU3772,4318,2026-08-09T20:57:06Z,2026-08-10T01:11:33Z,4.24
OX13 5EG,SEPD,HV,1,TU3772,4318,2026-08-09T20:57:06Z,2026-08-10T01:11:33Z,4.24
OX13 5EH,SEPD,HV,1,TU3772,4318,2026-08-09T20:57:06Z,2026-08-10T01:11:33Z,4.24
OX13 5EJ,SEPD,HV,1,TU3772,4318,2026-08-09T20:57:06Z,2026-08-10T01:11:33Z,4.24
OX13 5EL,SEPD,HV,1,TU3772,4318,2026-08-09T20:57:06Z,2026-08-10T01:11:33Z,4.24
OX13 5EN,SEPD,HV,1,TU3772,4318,2026-08-09T20:57:06Z,2026-08-10T01:11:33Z,4.24
OX13 5EP,SEPD,HV,1,TU3772,4318,2026-08-09T20:57:06Z,2026-08-10T01:11:33Z,4.24
OX13 5EQ,SEPD,HV,1,TU3772,4318,2026-08-09T20:57:06Z,2026-08-10T01:11:33Z,4.24
OX13 5ER,SEPD,HV,1,TU3772,4318,2026-08-09T20:57:06Z,2026-08-10T01:11:33Z,4.24
OX13 5ES,SEPD,HV,1,TU3772,4318,2026-08-09T20:57:06Z,2026-08-10T01:11:33Z,4.24
OX13 5ET,SEPD,HV,1,TU3772,4318,2026-08-09T20:57:06Z,2026-08-10T01:11:33Z,4.24
OX13 5EU,SEPD,HV,1,TU3772,4318,2026-08-09T20:57:06Z,2026-08-10T01:11:33Z,4.24
OX13 5EW,SEPD,HV,1,TU3772,4318,2026-08-09T20:57:06Z,2026-08-10T01:11:33Z,4.24
OX13 5EX,SEPD,HV,1,TU3772,4318,2026-08-09T20:57:06Z,2026-08-10T01:11:33Z,4.24
OX13 5EY,SEPD,HV,1,TU3772,4318,2026-08-09T20:57:06Z,2026-08-10T01:11:33Z,4.24
OX13 5EZ,SEPD,HV,1,TU3772,4318,2026-08-09T20:57:06Z,2026-08-10T01:11:33Z,4.24
OX13 5FB,SEPD,HV,1,TU3772,4318,2026-08-09T20:57:06Z,2026-08-10T01:11:33Z,4.24
OX13 5FE,SEPD,HV,1,TU3772,4318,2026-08-09T20:57:06Z,2026-08-10T01:11:33Z,4.24
OX13 5FG,SEPD,HV,1,TU3772,4318,2026-08-09T20:57:06Z,2026-08-10T01:11:33Z,4.24
OX13 5FH,SEPD,HV,1,TU3772,4318,2026-08-09T20:57:06Z,2026-08-10T01:11:33Z,4.24
OX13 5FJ,SEPD,HV,1,TU3772,4318,2026-08-09T20:57:06Z,2026-08-10T01:11:33Z,4.24
OX13 5FL,SEPD,HV,1,TU3772,4318,2026-08-09T20:57:06Z,2026-08-10T01:11:33Z,4.24
OX13 5FR,SEPD,HV,1,TU3772,4318,2026-08-09T20:57:06Z,2026-08-10T01:11:33Z,4.24
OX13 5FS,SEPD,HV,1,TU3772,4318,2026-08-09T20:57:06Z,2026-08-10T01:11:33Z,4.24
OX13 5FT,SEPD,HV,1,TU3772,4318,2026-08-09T20:57:06Z,2026-08-10T01:11:33Z,4.24
OX13 5FU,SEPD,HV,1,TU3772,4318,2026-08-09T20:57:06Z,2026-08-10T01:11:33Z,4.24
OX13 5FW,SEPD,HV,1,TU3772,4318,2026-08-09T20:57:06Z,2026-08-10T01:11:33Z,4.24
OX13 5FX,SEPD,HV,1,TU3772,4318,2026-08-09T20:57:06Z,2026-08-10T01:11:33Z,4.24
OX13 5FY,SEPD,HV,1,TU3772,4318,2026-08-09T20:57:06Z,2026-08-10T01:11:33Z,4.24
OX13 5FZ,SEPD,HV,1,TU3772,4318,2026-08-09T20:57:06Z,2026-08-10T01:11:33Z,4.24
OX13 5GA,SEPD,HV,1,TU3772,4318,2026-08-09T20:57:06Z,2026-08-10T01:11:33Z,4.24
OX13 5GB,SEPD,HV,1,TU3772,4318,2026-08-09T20:57:06Z,2026-08-10T01:11:33Z,4.24
OX13 5GD,SEPD,HV,1,TU3772,4318,2026-08-09T20:57:06Z,2026-08-10T01:11:33Z,4.24
OX13 5GE,SEPD,HV,1,TU3772,4318,2026-08-09T20:57:06Z,2026-08-10T01:11:33Z,4.24
OX13 5GF,SEPD,HV,1,TU3772,4318,2026-08-09T20:57:06Z,2026-08-10T01:11:33Z,4.24
OX13 5GG,SEPD,HV,1,TU3772,4318,2026-08-09T20:57:06Z,2026-08-10T01:11:33Z,4.24
OX13 5GH,SEPD,HV,1,TU3772,4318,2026-08-09T20:57:06Z,2026-08-10T01:11:33Z,4.24
OX13 5GJ,SEPD,HV,1,TU3772,4318,2026-08-09T20:57:06Z,2026-08-10T01:11:33Z,4.24
OX13 5GL,SEPD,HV,1,TU3772,4318,2026-08-09T20:57:06Z,2026-08-10T01:11:33Z,4.24
OX13 5HB,SEPD,HV,1,TU3772,4318,2026-08-09T20:57:06Z,2026-08-10T01:11:33Z,4.24
OX13 5HE,SEPD,HV,1,TU3772,4318,2026-08-09T20:57:06Z,2026-08-10T01:11:33Z,4.24
OX13 5HF,SEPD,HV,1,TU3772,4318,2026-08-09T20:57:06Z,2026-08-10T01:11:33Z,4.24
OX13 5HG,SEPD,HV,1,TU3772,4318,2026-08-09T20:57:06Z,2026-08-10T01:11:33Z,4.24
OX13 5HH,SEPD,HV,1,TU3772,4318,2026-08-09T20:57:06Z,2026-08-10T01:11:33Z,4.24
OX13 5HJ,SEPD,HV,1,TU3772,4318,2026-08-09T20:57:06Z,2026-08-10T01:11:33Z,4.24
OX13 5HL,SEPD,HV,1,TU3772,4318,2026-08-09T20:57:06Z,2026-08-10T01:11:33Z,4.24
OX13 5HN,SEPD,HV,1,TU3772,4318,2026-08-09T20:57:06Z,2026-08-10T01:11:33Z,4.24
OX13 5HP,SEPD,HV,1,TU3772,4318,2026-08-09T20:57:06Z,2026-08-10T01:11:33Z,4.24
OX13 5HQ,SEPD,HV,1,TU3772,4318,2026-08-09T20:57:06Z,2026-08-10T01:11:33Z,4.24
OX13 5HR,SEPD,HV,1,TU3772,4318,2026-08-09T20:57:06Z,2026-08-10T01:11:33Z,4.24
OX13 5HS,SEPD,HV,1,TU3772,4318,2026-08-09T20:57:06Z,2026-08-10T01:11:33Z,4.24
OX13 5HT,SEPD,HV,1,TU3772,4318,2026-08-09T20:57:06Z,2026-08-10T01:11:33Z,4.24
OX13 5HU,SEPD,HV,1,TU3772,4318,2026-08-09T20:57:06Z,2026-08-10T01:11:33Z,4.24
OX13 5HW,SEPD,HV,1,TU3772,4318,2026-08-09T20:57:06Z,2026-08-10T01:11:33Z,4.24
OX13 5HX,SEPD,HV,1,TU3772,4318,2026-08-09T20:57:06Z,2026-08-10T01:11:33Z,4.24
OX13 5HY,SEPD,HV,1,TU3772,4318,2026-08-09T20:57:06Z,2026-08-10T01:11:33Z,4.24
OX13 5HZ,SEPD,HV,1,TU3772,4318,2026-08-09T20:57:06Z,2026-08-10T01:11:33Z,4.24
OX13 5JA,SEPD,HV,1,TU3772,4318,2026-08-09T20:57:06Z,2026-08-10T01:11:33Z,4.24
OX13 5JF,SEPD,HV,1,TU3772,4318,2026-08-09T20:57:06Z,2026-08-10T01:11:33Z,4.24
OX13 5JH,SEPD,HV,1,TU3772,4318,2026-08-09T20:57:06Z,2026-08-10T01:11:33Z,4.24
OX13 5JJ,SEPD,HV,1,TU3772,4318,2026-08-09T20:57:06Z,2026-08-10T01:11:33Z,4.24
OX13 5JL,SEPD,HV,1,TU3772,4318,2026-08-09T20:57:06Z,2026-08-10T01:11:33Z,4.24
OX13 5JN,SEPD,HV,1,TU3772,4318,2026-08-09T20:57:06Z,2026-08-10T01:11:33Z,4.24
OX13 5JP,SEPD,HV,1,TU3772,4318,2026-08-09T20:57:06Z,2026-08-10T01:11:33Z,4.24
OX13 5JQ,SEPD,HV,1,TU3772,4318,2026-08-09T20:57:06Z,2026-08-10T01:11:33Z,4.24
OX13 5JR,SEPD,HV,1,TU3772,4318,2026-08-09T20:57:06Z,2026-08-10T01:11:33Z,4.24
OX13 5JS,SEPD,HV,1,TU3772,4318,2026-08-09T20:57:06Z,2026-08-10T01:11:33Z,4.24
OX13 5JT,SEPD,HV,1,TU3772,4318,2026-08-09T20:57:06Z,2026-08-10T01:11:33Z,4.24
OX13 5JU,SEPD,HV,1,TU3772,4318,2026-08-09T20:57:06Z,2026-08-10T01:11:33Z,4.24
OX13 5JW,SEPD,HV,1,TU3772,4318,2026-08-09T20:57:06Z,2026-08-10T01:11:33Z,4.24
OX13 5JX,SEPD,HV,1,TU3772,4318,2026-08-09T20:57:06Z,2026-08-10T01:11:33Z,4.24
OX13 5JY,SEPD,HV,1,TU3772,4318,2026-08-09T20:57:06Z,2026-08-10T01:11:33Z,4.24
OX13 5JZ,SEPD,HV,1,TU3772,4318,2026-08-09T20:57:06Z,2026-08-10T01:11:33Z,4.24
OX13 5LA,SEPD,HV,1,TU3772,4318,2026-08-09T20:57:06Z,2026-08-10T01:11:33Z,4.24
OX13 5LB,SEPD,HV,1,TU3772,4318,2026-08-09T20:57:06Z,2026-08-10T01:11:33Z,4.24
OX13 5LD,SEPD,HV,1,TU3772,4318,2026-08-09T20:57:06Z,2026-08-10T01:11:33Z,4.24
OX13 5LE,SEPD,HV,1,TU3772,4318,2026-08-09T20:57:06Z,2026-08-10T01:11:33Z,4.24
OX13 5LF,SEPD,HV,1,TU3772,4318,2026-08-09T20:57:06Z,2026-08-10T01:11:33Z,4.24
OX13 5LG,SEPD,HV,1,TU3772,4318,2026-08-09T20:57:06Z,2026-08-10T01:11:33Z,4.24
OX13 5LH,SEPD,HV,1,TU3772,4318,2026-08-09T20:57:06Z,2026-08-10T01:11:33Z,4.24
OX13 5LJ,SEPD,HV,1,TU3772,4318,2026-08-09T20:57:06Z,2026-08-10T01:11:33Z,4.24
OX13 5LN,SEPD,HV,1,TU3772,4318,2026-08-09T20:57:06Z,2026-08-10T01:11:33Z,4.24
OX13 5LP,SEPD,HV,1,TU3772,4318,2026-08-09T20:57:06Z,2026-08-10T01:11:33Z,4.24
OX13 5LQ,SEPD,HV,1,TU3772,4318,2026-08-09T20:57:06Z,2026-08-10T01:11:33Z,4.24
OX13 5LR,SEPD,HV,1,TU3772,4318,2026-08-09T20:57:06Z,2026-08-10T01:11:33Z,4.24
OX13 5LS,SEPD,HV,1,TU3772,4318,2026-08-09T20:57:06Z,2026-08-10T01:11:33Z,4.24
OX13 5LT,SEPD,HV,1,TU3772,4318,2026-08-09T20:57:06Z,2026-08-10T01:11:33Z,4.24
OX13 5LU,SEPD,HV,1,TU3772,4318,2026-08-09T20:57:06Z,2026-08-10T01:11:33Z,4.24
OX13 5LW,SEPD,HV,1,TU3772,4318,2026-08-09T20:57:06Z,2026-08-10T01:11:33Z,4.24
OX13 5LX,SEPD,HV,1,TU3772,4318,2026-08-09T20:57:06Z,2026-08-10T01:11:33Z,4.24
OX13 5LY,SEPD,HV,1,TU3772,4318,2026-08-09T20:57:06Z,2026-08-10T01:11:33Z,4.24
OX13 5LZ,SEPD,HV,1,TU3772,4318,2026-08-09T20:57:06Z,2026-08-10T01:11:33Z,4.24
OX13 5NA,SEPD,HV,1,TU3772,4318,2026-08-09T20:57:06Z,2026-08-10T01:11:33Z,4.24
OX13 5NB,SEPD,HV,1,TU3772,4318,2026-08-09T20:57:06Z,2026-08-10T01:11:33Z,4.24
OX13 5ND,SEPD,HV,1,TU3772,4318,2026-08-09T20:57:06Z,2026-08-10T01:11:33Z,4.24
OX13 5NE,SEPD,HV,1,TU3772,4318,2026-08-09T20:57:06Z,2026-08-10T01:11:33Z,4.24
OX13 5NG,SEPD,HV,1,TU3772,4318,2026-08-09T20:57:06Z,2026-08-10T01:11:33Z,4.24
OX13 5NN,SEPD,HV,1,TU3772,4318,2026-08-09T20:57:06Z,2026-08-10T01:11:33Z,4.24
OX13 5NP,SEPD,HV,1,TU3772,4318,2026-08-09T20:57:06Z,2026-08-10T01:11:33Z,4.24
OX13 5NQ,SEPD,HV,1,TU3772,4318,2026-08-09T20:57:06Z,2026-08-10T01:11:33Z,4.24
OX13 5NR,SEPD,HV,1,TU3772,4318,2026-08-09T20:57:06Z,2026-08-10T01:11:33Z,4.24
OX13 5NS,SEPD,HV,1,TU3772,4318,2026-08-09T20:57:06Z,2026-08-10T01:11:33Z,4.24
OX13 5NT,SEPD,HV,1,TU3772,4318,2026-08-09T20:57:06Z,2026-08-10T01:11:33Z,4.24
OX13 5NU,SEPD,HV,1,TU3772,4318,2026-08-09T20:57:06Z,2026-08-10T01:11:33Z,4.24
OX13 5NW,SEPD,HV,1,TU3772,4318,2026-08-09T20:57:06Z,2026-08-10T01:11:33Z,4.24
OX13 5NX,SEPD,HV,1,TU3772,4318,2026-08-09T20:57:06Z,2026-08-10T01:11:33Z,4.24
OX13 5NY,SEPD,HV,1,TU3772,4318,2026-08-09T20:57:06Z,2026-08-10T01:11:33Z,4.24
OX13 5NZ,SEPD,HV,1,TU3772,4318,2026-08-09T20:57:06Z,2026-08-10T01:11:33Z,4.24
OX13 5PA,SEPD,HV,1,TU3772,4318,2026-08-09T20:57:06Z,2026-08-10T01:11:33Z,4.24
OX13 5PB,SEPD,HV,1,TU3772,4318,2026-08-09T20:57:06Z,2026-08-10T01:11:33Z,4.24
OX13 5PD,SEPD,HV,1,TU3772,4318,2026-08-09T20:57:06Z,2026-08-10T01:11:33Z,4.24
OX13 5PE,SEPD,HV,1,TU3772,4318,2026-08-09T20:57:06Z,2026-08-10T01:11:33Z,4.24
OX13 5PF,SEPD,HV,1,TU3772,4318,2026-08-09T20:57:06Z,2026-08-10T01:11:33Z,4.24
OX13 5PG,SEPD,HV,1,TU3772,4318,2026-08-09T20:57:06Z,2026-08-10T01:11:33Z,4.24
OX13 5PH,SEPD,HV,1,TU3772,4318,2026-08-09T20:57:06Z,2026-08-10T01:11:33Z,4.24
OX13 5PJ,SEPD,HV,1,TU3772,4318,2026-08-09T20:57:06Z,2026-08-10T01:11:33Z,4.24
OX13 5PL,SEPD,HV,1,TU3772,4318,2026-08-09T20:57:06Z,2026-08-10T01:11:33Z,4.24
OX13 5PP,SEPD,HV,1,TU3772,4318,2026-08-09T20:57:06Z,2026-08-10T01:11:33Z,4.24
OX13 5PQ,SEPD,HV,1,TU3772,4318,2026-08-09T20:57:06Z,2026-08-10T01:11:33Z,4.24
OX13 5PR,SEPD,HV,1,TU3772,4318,2026-08-09T20:57:06Z,2026-08-10T01:11:33Z,4.24
OX13 5PS,SEPD,HV,1,TU3772,4318,2026-08-09T20:57:06Z,2026-08-10T01:11:33Z,4.24
OX13 5PT,SEPD,HV,1,TU3772,4318,2026-08-09T20:57:06Z,2026-08-10T01:11:33Z,4.24
OX13 5PU,SEPD,HV,1,TU3772,4318,2026-08-09T20:57:06Z,2026-08-10T01:11:33Z,4.24
OX13 5PW,SEPD,HV,1,TU3772,4318,2026-08-09T20:57:06Z,2026-08-10T01:11:33Z,4.24
OX13 5PX,SEPD,HV,1,TU3772,4318,2026-08-09T20:57:06Z,2026-08-10T01:11:33Z,4.24
OX13 5PY,SEPD,HV,1,TU3772,4318,2026-08-09T20:57:06Z,2026-08-10T01:11:33Z,4.24
OX13 5PZ,SEPD,HV,1,TU3772,4318,2026-08-09T20:57:06Z,2026-08-10T01:11:33Z,4.24
OX13 5QA,SEPD,HV,1,TU3772,4318,2026-08-09T20:57:06Z,2026-08-10T01:11:33Z,4.24
OX13 5QD,SEPD,HV,1,TU3772,4318,2026-08-09T20:57:06Z,2026-08-10T01:11:33Z,4.24
OX13 5QE,SEPD,HV,1,TU3772,4318,2026-08-09T20:57:06Z,2026-08-10T01:11:33Z,4.24
OX13 5QF,SEPD,HV,1,TU3772,4318,2026-08-09T20:57:06Z,2026-08-10T01:11:33Z,4.24
OX13 5QG,SEPD,HV,1,TU3772,4318,2026-08-09T20:57:06Z,2026-08-10T01:11:33Z,4.24
OX13 5QH,SEPD,HV,1,TU3772,4318,2026-08-09T20:57:06Z,2026-08-10T01:11:33Z,4.24
OX13 5QJ,SEPD,HV,1,TU3772,4318,2026-08-09T20:57:06Z,2026-08-10T01:11:33Z,4.24
OX13 5QL,SEPD,HV,1,TU3772,4318,2026-08-09T20:57:06Z,2026-08-10T01:11:33Z,4.24
OX13 5QN,SEPD,HV,1,TU3772,4318,2026-08-09T20:57:06Z,2026-08-10T01:11:33Z,4.24
OX13 5QP,SEPD,HV,1,TU3772,4318,2026-08-09T20:57:06Z,2026-08-10T01:11:33Z,4.24
OX13 5QQ,SEPD,HV,1,TU3772,4318,2026-08-09T20:57:06Z,2026-08-10T01:11:33Z,4.24
OX13 5QU,SEPD,HV,1,TU3772,4318,2026-08-09T20:57:06Z,2026-08-10T01:11:33Z,4.24
OX13 5QW,SEPD,HV,1,TU3772,4318,2026-08-09T20:57:06Z,2026-08-10T01:11:33Z,4.24
OX13 5QX,SEPD,HV,1,TU3772,4318,2026-08-09T20:57:06Z,2026-08-10T01:11:33Z,4.24
OX13 5QY,SEPD,HV,1,TU3772,4318,2026-08-09T20:57:06Z,2026-08-10T01:11:33Z,4.24
OX13 6FJ,SEPD,HV,1,TU3772,4318,2026-08-09T20:57:06Z,2026-08-10T01:11:33Z,4.24
OX13 6FN,SEPD,HV,1,TU3772,4318,2026-08-09T20:57:06Z,2026-08-10T01:11:33Z,4.24
OX13 6FP,SEPD,HV,1,TU3772,4318,2026-08-09T20:57:06Z,2026-08-10T01:11:33Z,4.24
OX13 6FQ,SEPD,HV,1,TU3772,4318,2026-08-09T20:57:06Z,2026-08-10T01:11:33Z,4.24
OX13 6FU,SEPD,HV,1,TU3772,4318,2026-08-09T20:57:06Z,2026-08-10T01:11:33Z,4.24
OX13 6FW,SEPD,HV,1,TU3772,4318,2026-08-09T20:57:06Z,2026-08-10T01:11:33Z,4.24
OX13 6GG,SEPD,HV,1,TU3772,4318,2026-08-09T20:57:06Z,2026-08-10T01:11:33Z,4.24
OX13 6JH,SEPD,HV,1,TU3772,4318,2026-08-09T20:57:06Z,2026-08-10T01:11:33Z,4.24
OX13 6JJ,SEPD,HV,1,TU3772,4318,2026-08-09T20:57:06Z,2026-08-10T01:11:33Z,4.24
OX13 6NE,SEPD,HV,1,TU3772,4318,2026-08-09T20:57:06Z,2026-08-10T01:11:33Z,4.24
OX13 6NF,SEPD,HV,1,TU3772,4318,2026-08-09T20:57:06Z,2026-08-10T01:11:33Z,4.24
OX13 6NG,SEPD,HV,1,TU3772,4318,2026-08-09T20:57:06Z,2026-08-10T01:11:33Z,4.24
OX13 6NH,SEPD,HV,1,TU3772,4318,2026-08-09T20:57:06Z,2026-08-10T01:11:33Z,4.24
OX13 6NJ,SEPD,HV,1,TU3772,4318,2026-08-09T20:57:06Z,2026-08-10T01:11:33Z,4.24
OX13 6NL,SEPD,HV,1,TU3772,4318,2026-08-09T20:57:06Z,2026-08-10T01:11:33Z,4.24
OX13 6NN,SEPD,HV,1,TU3772,4318,2026-08-09T20:57:06Z,2026-08-10T01:11:33Z,4.24
OX13 6NP,SEPD,HV,1,TU3772,4318,2026-08-09T20:57:06Z,2026-08-10T01:11:33Z,4.24
OX13 6NQ,SEPD,HV,1,TU3772,4318,2026-08-09T20:57:06Z,2026-08-10T01:11:33Z,4.24
OX13 6NR,SEPD,HV,1,TU3772,4318,2026-08-09T20:57:06Z,2026-08-10T01:11:33Z,4.24
OX13 6NS,SEPD,HV,1,TU3772,4318,2026-08-09T20:57:06Z,2026-08-10T01:11:33Z,4.24
OX13 6NT,SEPD,HV,1,TU3772,4318,2026-08-09T20:57:06Z,2026-08-10T01:11:33Z,4.24
OX13 6NU,SEPD,HV,1,TU3772,4318,2026-08-09T20:57:06Z,2026-08-10T01:11:33Z,4.24
OX13 6NW,SEPD,HV,1,TU3772,4318,2026-08-09T20:57:06Z,2026-08-10T01:11:33Z,4.24
OX13 6NX,SEPD,HV,1,TU3772,4318,2026-08-09T20:57:06Z,2026-08-10T01:11:33Z,4.24
OX13 6NY,SEPD,HV,1,TU3772,4318,2026-08-09T20:57:06Z,2026-08-10T01:11:33Z,4.24
OX13 6NZ,SEPD,HV,1,TU3772,4318,2026-08-09T20:57:06Z,2026-08-10T01:11:33Z,4.24
OX13 6PA,SEPD,HV,1,TU3772,4318,2026-08-09T20:57:06Z,2026-08-10T01:11:33Z,4.24
OX13 6PB,SEPD,HV,1,TU3772,4318,2026-08-09T20:57:06Z,2026-08-10T01:11:33Z,4.24
OX13 6PD,SEPD,HV,1,TU3772,4318,2026-08-09T20:57:06Z,2026-08-10T01:11:33Z,4.24
OX13 6PE,SEPD,HV,1,TU3772,4318,2026-08-09T20:57:06Z,2026-08-10T01:11:33Z,4.24
OX13 6PG,SEPD,HV,1,TU3772,4318,2026-08-09T20:57:06Z,2026-08-10T01:11:33Z,4.24
OX13 6PH,SEPD,HV,1,TU3772,4318,2026-08-09T20:57:06Z,2026-08-10T01:11:33Z,4.24
OX13 6PJ,SEPD,HV,1,TU3772,4318,2026-08-09T20:57:06Z,2026-08-10T01:11:33Z,4.24
OX13 6PL,SEPD,HV,1,TU3772,4318,2026-08-09T20:57:06Z,2026-08-10T01:11:33Z,4.24
OX13 6PN,SEPD,HV,1,TU3772,4318,2026-08-09T20:57:06Z,2026-08-10T01:11:33Z,4.24
OX13 6PP,SEPD,HV,1,TU3772,4318,2026-08-09T20:57:06Z,2026-08-10T01:11:33Z,4.24
OX13 6PR,SEPD,HV,1,TU3772,4318,2026-08-09T20:57:06Z,2026-08-10T01:11:33Z,4.24
OX13 6PS,SEPD,HV,1,TU3772,4318,2026-08-09T20:57:06Z,2026-08-10T01:11:33Z,4.24
OX13 6PT,SEPD,HV,1,TU3772,4318,2026-08-09T20:57:06Z,2026-08-10T01:11:33Z,4.24
OX13 6PU,SEPD,HV,1,TU3772,4318,2026-08-09T20:57:06Z,2026-08-10T01:11:33Z,4.24
OX13 6PW,SEPD,HV,1,TU3772,4318,2026-08-09T20:57:06Z,2026-08-10T01:11:33Z,4.24
OX13 6PX,SEPD,HV,1,TU3772,4318,2026-08-09T20:57:06Z,2026-08-10T01:11:33Z,4.24
OX13 6PY,SEPD,HV,1,TU3772,4318,2026-08-09T20:57:06Z,2026-08-10T01:11:33Z,4.24
OX13 6PZ,SEPD,HV,1,TU3772,4318,2026-08-09T20:57:06Z,2026-08-10T01:11:33Z,4.24
OX13 6QA,SEPD,HV,1,TU3772,4318,2026-08-09T20:57:06Z,2026-08-10T01:11:33Z,4.24
OX13 6QB,SEPD,HV,1,TU3772,4318,2026-08-09T20:57:06Z,2026-08-10T01:11:33Z,4.24
OX13 6QD,SEPD,HV,1,TU3772,4318,2026-08-09T20:57:06Z,2026-08-10T01:11:33Z,4.24
OX13 6QF,SEPD,HV,1,TU3772,4318,2026-08-09T20:57:06Z,2026-08-10T01:11:33Z,4.24
OX13 6QG,SEPD,HV,1,TU3772,4318,2026-08-09T20:57:06Z,2026-08-10T01:11:33Z,4.24
OX13 6QH,SEPD,HV,1,TU3772,4318,2026-08-09T20:57:06Z,2026-08-10T01:11:33Z,4.24
OX13 6QJ,SEPD,HV,1,TU3772,4318,2026-08-09T20:57:06Z,2026-08-10T01:11:33Z,4.24
OX13 6QL,SEPD,HV,1,TU3772,4318,2026-08-09T20:57:06Z,2026-08-10T01:11:33Z,4.24
OX13 6QP,SEPD,HV,1,TU3772,4318,2026-08-09T20:57:06Z,2026-08-10T01:11:33Z,4.24
OX13 6QQ,SEPD,HV,1,TU3772,4318,2026-08-09T20:57:06Z,2026-08-10T01:11:33Z,4.24
OX13 6QW,SEPD,HV,1,TU3772,4318,2026-08-09T20:57:06Z,2026-08-10T01:11:33Z,4.24
OX13 6TX,SEPD,HV,1,TU3772,4318,2026-08-09T20:57:06Z,2026-08-10T01:11:33Z,4.24
OX13 6TY,SEPD,HV,1,TU3772,4318,2026-08-09T20:57:06Z,2026-08-10T01:11:33Z,4.24
OX13 6UX,SEPD,HV,1,TU3772,4318,2026-08-09T20:57:06Z,2026-08-10T01:11:33Z,4.24
OX14,SEPD,HV,1,TU3772,4318,2026-08-09T20:57:06Z,2026-08-10T01:11:33Z,4.24
OX14 1AB,SEPD,HV,1,TU3772,4318,2026-08-09T20:57:06Z,2026-08-10T01:11:33Z,4.24
OX14 3QN,SEPD,HV,1,TU3772,4318,2026-08-09T20:57:06Z,2026-08-10T01:11:33Z,4.24
OX14 4HT,SEPD,HV,1,TU3772,4318,2026-08-09T20:57:06Z,2026-08-10T01:11:33Z,4.24
OX2 9NX,SEPD,HV,1,TU3772,4318,2026-08-09T20:57:06Z,2026-08-10T01:11:33Z,4.24
OX2 9PE,SEPD,HV,1,TU3772,4318,2026-08-09T20:57:06Z,2026-08-10T01:11:33Z,4.24
OX2 9QD,SEPD,HV,1,TU3772,4318,2026-08-09T20:57:06Z,2026-08-10T01:11:33Z,4.24
OX2 9QF,SEPD,HV,1,TU3772,4318,2026-08-09T20:57:06Z,2026-08-10T01:11:33Z,4.24
OX2 9QG,SEPD,HV,1,TU3772,4318,2026-08-09T20:57:06Z,2026-08-10T01:11:33Z,4.24
OX2 9QH,SEPD,HV,1,TU3772,4318,2026-08-09T20:57:06Z,2026-08-10T01:11:33Z,4.24
OX2 9QL,SEPD,HV,1,TU3772,4318,2026-08-09T20:57:06Z,2026-08-10T01:11:33Z,4.24
OX2 9QQ,SEPD,HV,1,TU3772,4318,2026-08-09T20:57:06Z,2026-08-10T01:11:33Z,4.24
OX2 9QU,SEPD,HV,1,TU3772,4318,2026-08-09T20:57:06Z,2026-08-10T01:11:33Z,4.24
OX2 9QX,SEPD,HV,1,TU3772,4318,2026-08-09T20:57:06Z,2026-08-10T01:11:33Z,4.24
OX2 9QY,SEPD,HV,1,TU3772,4318,2026-08-09T20:57:06Z,2026-08-10T01:11:33Z,4.24
OX2 9QZ,SEPD,HV,1,TU3772,4318,2026-08-09T20:57:06Z,2026-08-10T01:11:33Z,4.24
OX4 2WB,SEPD,HV,1,TU3772,4318,2026-08-09T20:57:06Z,2026-08-10T01:11:33Z,4.24
OX44 9BL,SEPD,HV,1,TU3772,4318,2026-08-09T20:57:06Z,2026-08-10T01:11:33Z,4.24
SN7 7QL,SEPD,HV,1,TU3772,4318,2026-08-09T20:57:06Z,2026-08-10T01:11:33Z,4.24
SN7 7QQ,SEPD,HV,1,TU3772,4318,2026-08-09T20:57:06Z,2026-08-10T01:11:33Z,4.24
SN7 8JE,SEPD,HV,1,TU3772,4318,2026-08-09T20:57:06Z,2026-08-10T01:11:33Z,4.24
SN7 8PU,SEPD,HV,1,TU3772,4318,2026-08-09T20:57:06Z,2026-08-10T01:11:33Z,4.24
SN7 8PX,SEPD,HV,1,TU3772,4318,2026-08-09T20:57:06Z,2026-08-10T01:11:33Z,4.24
SN7 8PY,SEPD,HV,1,TU3772,4318,2026-08-09T20:57:06Z,2026-08-10T01:11:33Z,4.24
SN7 8PZ,SEPD,HV,1,TU3772,4318,2026-08-09T20:57:06Z,2026-08-10T01:11:33Z,4.24
SN7 8QA,SEPD,HV,1,TU3772,4318,2026-08-09T20:57:06Z,2026-08-10T01:11:33Z,4.24
SN7 8QB,SEPD,HV,1,TU3772,4318,2026-08-09T20:57:06Z,2026-08-10T01:11:33Z,4.24
SN7 8QD,SEPD,HV,1,TU3772,4318,2026-08-09T20:57:06Z,2026-08-10T01:11:33Z,4.24
SN7 8QE,SEPD,HV,1,TU3772,4318,2026-08-09T20:57:06Z,2026-08-10T01:11:33Z,4.24
SN7 8QF,SEPD,HV,1,TU3772,4318,2026-08-09T20:57:06Z,2026-08-10T01:11:33Z,4.24
SN7 8QG,SEPD,HV,1,TU3772,4318,2026-08-09T20:57:06Z,2026-08-10T01:11:33Z,4.24
SN7 8QH,SEPD,HV,1,TU3772,4318,2026-08-09T20:57:06Z,2026-08-10T01:11:33Z,4.24
SN7 8QJ,SEPD,HV,1,TU3772,4318,2026-08-09T20:57:06Z,2026-08-10T01:11:33Z,4.24
SN7 8QL,SEPD,HV,1,TU3772,4318,2026-08-09T20:57:06Z,2026-08-10T01:11:33Z,4.24
SN7 8QN,SEPD,HV,1,TU3772,4318,2026-08-09T20:57:06Z,2026-08-10T01:11:33Z,4.24
SN7 8QP,SEPD,HV,1,TU3772,4318,2026-08-09T20:57:06Z,2026-08-10T01:11:33Z,4.24
SN7 8QQ,SEPD,HV,1,TU3772,4318,2026-08-09T20:57:06Z,2026-08-10T01:11:33Z,4.24
SN7 8QR,SEPD,HV,1,TU3772,4318,2026-08-09T20:57:06Z,2026-08-10T01:11:33Z,4.24
SN7 8QS,SEPD,HV,1,TU3772,4318,2026-08-09T20:57:06Z,2026-08-10T01:11:33Z,4.24
SN7 8QT,SEPD,HV,1,TU3772,4318,2026-08-09T20:57:06Z,2026-08-10T01:11:33Z,4.24
SN7 8QU,SEPD,HV,1,TU3772,4318,2026-08-09T20:57:06Z,2026-08-10T01:11:33Z,4.24
SN7 8QW,SEPD,HV,1,TU3772,4318,2026-08-09T20:57:06Z,2026-08-10T01:11:33Z,4.24
SN7 8QX,SEPD,HV,1,TU3772,4318,2026-08-09T20:57:06Z,2026-08-10T01:11:33Z,4.24
SN7 8QY,SEPD,HV,1,TU3772,4318,2026-08-09T20:57:06Z,2026-08-10T01:11:33Z,4.24
SN7 8QZ,SEPD,HV,1,TU3772,4318,2026-08-09T20:57:06Z,2026-08-10T01:11:33Z,4.24
SN7 8RA,SEPD,HV,1,TU3772,4318,2026-08-09T20:57:06Z,2026-08-10T01:11:33Z,4.24
SN7 8RB,SEPD,HV,1,TU3772,4318,2026-08-09T20:57:06Z,2026-08-10T01:11:33Z,4.24
SN7 8RG,SEPD,HV,1,TU3772,4318,2026-08-09T20:57:06Z,2026-08-10T01:11:33Z,4.24
SN7 8RH,SEPD,HV,1,TU3772,4318,2026-08-09T20:57:06Z,2026-08-10T01:11:33Z,4.24
SN7 8RJ,SEPD,HV,1,TU3772,4318,2026-08-09T20:57:06Z,2026-08-10T01:11:33Z,4.24
SN7 8RL,SEPD,HV,1,TU3772,4318,2026-08-09T20:57:06Z,2026-08-10T01:11:33Z,4.24
SN7 8RN,SEPD,HV,1,TU3772,4318,2026-08-09T20:57:06Z,2026-08-10T01:11:33Z,4.24
SN7 8RP,SEPD,HV,1,TU3772,4318,2026-08-09T20:57:06Z,2026-08-10T01:11:33Z,4.24
SN7 8RR,SEPD,HV,1,TU3772,4318,2026-08-09T20:57:06Z,2026-08-10T01:11:33Z,4.24
SN7 8RS,SEPD,HV,1,TU3772,4318,2026-08-09T20:57:06Z,2026-08-10T01:11:33Z,4.24
SN7 8RT,SEPD,HV,1,TU3772,4318,2026-08-09T20:57:06Z,2026-08-10T01:11:33Z,4.24
SN7 8RU,SEPD,HV,1,TU3772,4318,2026-08-09T20:57:06Z,2026-08-10T01:11:33Z,4.24
SN7 8RW,SEPD,HV,1,TU3772,4318,2026-08-09T20:57:06Z,2026-08-10T01:11:33Z,4.24
SN7 8RX,SEPD,HV,1,TU3772,4318,2026-08-09T20:57:06Z,2026-08-10T01:11:33Z,4.24
SN7 8RY,SEPD,HV,1,TU3772,4318,2026-08-09T20:57:06Z,2026-08-10T01:11:33Z,4.24
SN7 8SA,SEPD,HV,1,TU3772,4318,2026-08-09T20:57:06Z,2026-08-10T01:11:33Z,4.24
SN7 8SE,SEPD,HV,1,TU3772,4318,2026-08-09T20:57:06Z,2026-08-10T01:11:33Z,4.24
SN7 8SF,SEPD,HV,1,TU3772,4318,2026-08-09T20:57:06Z,2026-08-10T01:11:33Z,4.24
SN7 8SG,SEPD,HV,1,TU3772,4318,2026-08-09T20:57:06Z,2026-08-10T01:11:33Z,4.24
SN7 8SQ,SEPD,HV,1,TU3772,4318,2026-08-09T20:57:06Z,2026-08-10T01:11:33Z,4.24
DD5 1BP,SHEPD,PSI,1,253524,83,2026-08-07T09:42:46Z,2026-08-07T13:52:23Z,4.16
DD5 3TS,SHEPD,PSI,1,253524,83,2026-08-07T09:42:46Z,2026-08-07T13:52:23Z,4.16
DD5 3TX,SHEPD,PSI,1,253524,83,2026-08-07T09:42:46Z,2026-08-07T13:52:23Z,4.16
DD5 3UJ,SHEPD,PSI,1,253524,83,2026-08-07T09:42:46Z,2026-08-07T13:52:23Z,4.16
DD5 3UL,SHEPD,PSI,1,253524,83,2026-08-07T09:42:46Z,2026-08-07T13:52:23Z,4.16
DD5 3UN,SHEPD,PSI,1,253524,83,2026-08-07T09:42:46Z,2026-08-07T13:52:23Z,4.16
OX7 3JX,SEPD,PSI,1,253133,77,2026-08-07T09:42:46Z,2026-08-07T13:52:23Z,4.16
OX7 3JY,SEPD,PSI,1,253133,77,2026-08-07T09:42:46Z,2026-08-07T13:52:23Z,4.16
OX7 3LB,SEPD,PSI,1,253133,77,2026-08-07T09:42:46Z,2026-08-07T13:52:23Z,4.16
OX7 3LD,SEPD,PSI,1,253133,77,2026-08-07T09:42:46Z,2026-08-07T13:52:23Z,4.16
OX7 3LT,SEPD,PSI,1,253133,77,2026-08-07T09:42:46Z,2026-08-07T13:52:23Z,4.16
OX7 3LU,SEPD,PSI,1,253133,77,2026-08-07T09:42:46Z,2026-08-07T13:52:23Z,4.16
OX7 3LW,SEPD,PSI,1,253133,77,2026-08-07T09:42:46Z,2026-08-07T13:52:23Z,4.16
OX7 3LX,SEPD,PSI,1,253133,77,2026-08-07T09:42:46Z,2026-08-07T13:52:23Z,4.16
OX7 3LY,SEPD,PSI,1,253133,77,2026-08-07T09:42:46Z,2026-08-07T13:52:23Z,4.16
PO20 7BU,SEPD,PSI,1,253204,50,2026-08-07T09:42:46Z,2026-08-07T13:52:23Z,4.16
PO20 7BX,SEPD,PSI,1,253204,50,2026-08-07T09:42:46Z,2026-08-07T13:52:23Z,4.16
PO20 7QL,SEPD,PSI,1,253204,50,2026-08-07T09:42:46Z,2026-08-07T13:52:23Z,4.16
PO20 7QN,SEPD,PSI,1,253204,50,2026-08-07T09:42:46Z,2026-08-07T13:52:23Z,4.16
PO20 7QW,SEPD,PSI,1,253204,50,2026-08-07T09:42:46Z,2026-08-07T13:52:23Z,4.16
SL1 2FY,SEPD,PSI,1,252907,25,2026-08-07T09:42:46Z,2026-08-07T13:52:23Z,4.16
SL1 2RU,SEPD,PSI,1,252907,25,2026-08-07T09:42:46Z,2026-08-07T13:52:23Z,4.16
SN14 7JG,SEPD,PSI,1,253313,12,2026-08-07T09:42:46Z,2026-08-07T13:52:23Z,4.16
SN14 7JQ,SEPD,PSI,1,253313,12,2026-08-07T09:42:46Z,2026-08-07T13:52:23Z,4.16
AB16 5JT,SHEPD,LV,1,TU1607,30,2026-08-07T12:24:56Z,2026-08-07T16:33:42Z,4.15
AB16 5QF,SHEPD,LV,1,TU1607,30,2026-08-07T12:24:56Z,2026-08-07T16:33:42Z,4.15
AB16 6SE,SHEPD,LV,1,TU1607,30,2026-08-07T12:24:56Z,2026-08-07T16:33:42Z,4.15
AB16 6SF,SHEPD,LV,1,TU1607,30,2026-08-07T12:24:56Z,2026-08-07T16:33:42Z,4.15
AB16 6SG,SHEPD,LV,1,TU1607,30,2026-08-07T12:24:56Z,2026-08-07T16:33:42Z,4.15
AB16 6SH,SHEPD,LV,1,TU1607,30,2026-08-07T12:24:56Z,2026-08-07T16:33:42Z,4.15
PO1 5FF,SEPD,LV,1,TT7700,43,2026-08-04T23:33:30Z,2026-08-05T03:40:42Z,4.12
PO1 5JB,SEPD,LV,1,TT7700,43,2026-08-04T23:33:30Z,2026-08-05T03:40:42Z,4.12
PO1 5JG,SEPD,LV,1,TT7700,43,2026-08-04T23:33:30Z,2026-08-05T03:40:42Z,4.12
PO1 5JH,SEPD,LV,1,TT7700,43,2026-08-04T23:33:30Z,2026-08-05T03:40:42Z,4.12
PO1 5JJ,SEPD,LV,1,TT7700,43,2026-08-04T23:33:30Z,2026-08-05T03:40:42Z,4.12
PA20 0QA,SHEPD,PSI,1,253671,30,2026-08-05T09:07:24Z,2026-08-05T13:13:30Z,4.1
PA20 9NA,SHEPD,PSI,1,253671,30,2026-08-05T09:07:24Z,2026-08-05T13:13:30Z,4.1
PA20 9NT,SHEPD,PSI,1,253671,30,2026-08-05T09:07:24Z,2026-08-05T13:13:30Z,4.1
PA20 9NU,SHEPD,PSI,1,253671,30,2026-08-05T09:07:24Z,2026-08-05T13:13:30Z,4.1
PA20 9PE,SHEPD,PSI,1,253671,30,2026-08-05T09:07:24Z,2026-08-05T13:13:30Z,4.1
PA20 9PF,SHEPD,PSI,1,253671,30,2026-08-05T09:07:24Z,2026-08-05T13:13:30Z,4.1
BH12 4AY,SEPD,HV,1,TU3935,2,2026-08-09T23:16:07Z,2026-08-10T03:18:52Z,4.05
AB30 1SQ,SHEPD,PSI,1,252564,12,2026-08-05T11:28:08Z,2026-08-05T15:30:21Z,4.04
AB30 1SR,SHEPD,PSI,1,252564,12,2026-08-05T11:28:08Z,2026-08-05T15:30:21Z,4.04
BA3 5GD,SEPD,PSI,1,252921,12,2026-08-05T11:28:08Z,2026-08-05T15:30:21Z,4.04
BA3 5XG,SEPD,PSI,1,252921,12,2026-08-05T11:28:08Z,2026-08-05T15:30:21Z,4.04
BA3 5XQ,SEPD,PSI,1,252921,12,2026-08-05T11:28:08Z,2026-08-05T15:30:21Z,4.04
GU29 0EG,SEPD,PSI,1,253243,52,2026-08-05T11:28:08Z,2026-08-05T15:30:21Z,4.04
GU29 0EH,SEPD,PSI,1,253243,52,2026-08-05T11:28:08Z,2026-08-05T15:30:21Z,4.04
GU29 0EQ,SEPD,PSI,1,253243,52,2026-08-05T11:28:08Z,2026-08-05T15:30:21Z,4.04
GU29 9PJ,SEPD,PSI,1,253243,52,2026-08-05T11:28:08Z,2026-08-05T15:30:21Z,4.04
GU29 9PN,SEPD,PSI,1,253243,52,2026-08-05T11:28:08Z,2026-08-05T15:30:21Z,4.04
GU8 4DX,SEPD,PSI,1,253174,169,2026-08-05T11:28:08Z,2026-08-05T15:30:21Z,4.04
GU8 4EP,SEPD,PSI,1,253174,169,2026-08-05T11:28:08Z,2026-08-05T15:30:21Z,4.04
GU8 4ER,SEPD,PSI,1,253174,169,2026-08-05T11:28:08Z,2026-08-05T15:30:21Z,4.04
GU8 4EX,SEPD,PSI,1,253174,169,2026-08-05T11:28:08Z,2026-08-05T15:30:21Z,4.04
GU8 4EZ,SEPD,PSI,1,253174,169,2026-08-05T11:28:08Z,2026-08-05T15:30:21Z,4.04
GU8 4HA,SEPD,PSI,1,253174,169,2026-08-05T11:28:08Z,2026-08-05T15:30:21Z,4.04
GU8 4HB,SEPD,PSI,1,253174,169,2026-08-05T11:28:08Z,2026-08-05T15:30:21Z,4.04
GU8 4HD,SEPD,PSI,1,253174,169,2026-08-05T11:28:08Z,2026-08-05T15:30:21Z,4.04
GU8 4HE,SEPD,PSI,1,253174,169,2026-08-05T11:28:08Z,2026-08-05T15:30:21Z,4.04
GU8 4HF,SEPD,PSI,1,253174,169,2026-08-05T11:28:08Z,2026-08-05T15:30:21Z,4.04
GU8 4HG,SEPD,PSI,1,253174,169,2026-08-05T11:28:08Z,2026-08-05T15:30:21Z,4.04
GU8 4HP,SEPD,PSI,1,253174,169,2026-08-05T11:28:08Z,2026-08-05T15:30:21Z,4.04
GU8 4HQ,SEPD,PSI,1,253174,169,2026-08-05T11:28:08Z,2026-08-05T15:30:21Z,4.04
GU8 5FQ,SEPD,PSI,1,253174,169,2026-08-05T11:28:08Z,2026-08-05T15:30:21Z,4.04
GU8 5SU,SEPD,PSI,1,253174,169,2026-08-05T11:28:08Z,2026-08-05T15:30:21Z,4.04
GU8 5TR,SEPD,PSI,1,253174,169,2026-08-05T11:28:08Z,2026-08-05T15:30:21Z,4.04
GU8 5TS,SEPD,PSI,1,253174,169,2026-08-05T11:28:08Z,2026-08-05T15:30:21Z,4.04
GU8 5TT,SEPD,PSI,1,253174,169,2026-08-05T11:28:08Z,2026-08-05T15:30:21Z,4.04
GU8 5TU,SEPD,PSI,1,253174,169,2026-08-05T11:28:08Z,2026-08-05T15:30:21Z,4.04
HP15 6AA,SEPD,PSI,1,253181,120,2026-08-05T11:28:08Z,2026-08-05T15:30:21Z,4.04
HP15 6JP,SEPD,PSI,1,253181,120,2026-08-05T11:28:08Z,2026-08-05T15:30:21Z,4.04
HP15 6JT,SEPD,PSI,1,253181,120,2026-08-05T11:28:08Z,2026-08-05T15:30:21Z,4.04
HP15 6JX,SEPD,PSI,1,253181,120,2026-08-05T11:28:08Z,2026-08-05T15:30:21Z,4.04
HP15 6JY,SEPD,PSI,1,253181,120,2026-08-05T11:28:08Z,2026-08-05T15:30:21Z,4.04
HP15 6LJ,SEPD,PSI,1,253181,120,2026-08-05T11:28:08Z,2026-08-05T15:30:21Z,4.04
HP15 6LL,SEPD,PSI,1,253181,120,2026-08-05T11:28:08Z,2026-08-05T15:30:21Z,4.04
HP15 6LP,SEPD,PSI,1,253181,120,2026-08-05T11:28:08Z,2026-08-05T15:30:21Z,4.04
HP15 6LS,SEPD,PSI,1,253181,120,2026-08-05T11:28:08Z,2026-08-05T15:30:21Z,4.04
HP15 6LW,SEPD,PSI,1,253181,120,2026-08-05T11:28:08Z,2026-08-05T15:30:21Z,4.04
OX1 5DT,SEPD,PSI,1,253424,75,2026-08-05T11:28:08Z,2026-08-05T15:30:21Z,4.04
OX13 6BS,SEPD,PSI,1,253424,75,2026-08-05T11:28:08Z,2026-08-05T15:30:21Z,4.04
OX13 6DE,SEPD,PSI,1,253424,75,2026-08-05T11:28:08Z,2026-08-05T15:30:21Z,4.04
OX13 6RB,SEPD,PSI,1,253424,75,2026-08-05T11:28:08Z,2026-08-05T15:30:21Z,4.04
OX13 6RD,SEPD,PSI,1,253424,75,2026-08-05T11:28:08Z,2026-08-05T15:30:21Z,4.04
OX13 6RE,SEPD,PSI,1,253424,75,2026-08-05T11:28:08Z,2026-08-05T15:30:21Z,4.04
OX13 6RL,SEPD,PSI,1,253424,75,2026-08-05T11:28:08Z,2026-08-05T15:30:21Z,4.04
OX13 6TR,SEPD,PSI,1,253424,75,2026-08-05T11:28:08Z,2026-08-05T15:30:21Z,4.04
OX2 6DB,SEPD,PSI,1,252882,25,2026-08-05T11:28:08Z,2026-08-05T15:30:21Z,4.04
PA29 6UU,SHEPD,PSI,1,253454,18,2026-08-05T11:28:08Z,2026-08-05T15:30:21Z,4.04
PA29 6UX,SHEPD,PSI,1,253454,18,2026-08-05T11:28:08Z,2026-08-05T15:30:21Z,4.04
PA29 6UZ,SHEPD,PSI,1,253454,18,2026-08-05T11:28:08Z,2026-08-05T15:30:21Z,4.04
PH33 6SE,SHEPD,PSI,1,252913,4,2026-08-05T11:28:08Z,2026-08-05T15:30:21Z,4.04
PH6 2JY,SHEPD,PSI,1,252998,35,2026-08-05T11:28:08Z,2026-08-05T15:30:21Z,4.04
PH6 2LY,SHEPD,PSI,1,252998,35,2026-08-05T11:28:08Z,2026-08-05T15:30:21Z,4.04
RG27 0LG,SEPD,PSI,1,253448,3,2026-08-05T11:28:08Z,2026-08-05T15:30:21Z,4.04
RG27 0LQ,SEPD,PSI,1,253448,3,2026-08-05T11:28:08Z,2026-08-05T15:30:21Z,4.04
SN13 0LB,SEPD,PSI,1,253535,16,2026-08-05T11:28:08Z,2026-08-05T15:30:21Z,4.04
SN9 6BY,SEPD,HV,1,TT8507,45,2026-08-05T11:28:08Z,2026-08-05T15:30:21Z,4.04
SN9 6JP,SEPD,HV,1,TT8507,45,2026-08-05T11:28:08Z,2026-08-05T15:30:21Z,4.04
SN9 6JR,SEPD,HV,1,TT8507,45,2026-08-05T11:28:08Z,2026-08-05T15:30:21Z,4.04
SN9 6JW,SEPD,HV,1,TT8507,45,2026-08-05T11:28:08Z,2026-08-05T15:30:21Z,4.04
SN9 6LA,SEPD,HV,1,TT8507,45,2026-08-05T11:28:08Z,2026-08-05T15:30:21Z,4.04
SN9 6NL,SEPD,HV,1,TT8507,45,2026-08-05T11:28:08Z,2026-08-05T15:30:21Z,4.04
SO50 7DZ,SEPD,PSI,1,252413,2,2026-08-05T11:28:08Z,2026-08-05T15:30:21Z,4.04
IV47,SHEPD,HV,1,TU2388,245,2026-08-08T08:04:14Z,2026-08-08T12:01:39Z,3.96
IV47 8SE,SHEPD,HV,1,TU2388,245,2026-08-08T08:04:14Z,2026-08-08T12:01:39Z,3.96
IV47 8SG,SHEPD,HV,1,TU2388,245,2026-08-08T08:04:14Z,2026-08-08T12:01:39Z,3.96
IV47 8SQ,SHEPD,HV,1,TU2388,245,2026-08-08T08:04:14Z,2026-08-08T12:01:39Z,3.96
IV47 8SS,SHEPD,HV,1,TU2388,245,2026-08-08T08:04:14Z,2026-08-08T12:01:39Z,3.96
IV47 8ST,SHEPD,HV,1,TU2388,245,2026-08-08T08:04:14Z,2026-08-08T12:01:39Z,3.96
IV47 8SU,SHEPD,HV,1,TU2388,245,2026-08-08T08:04:14Z,2026-08-08T12:01:39Z,3.96
IV47 8SY,SHEPD,HV,1,TU2388,245,2026-08-08T08:04:14Z,2026-08-08T12:01:39Z,3.96
IV47 8SZ,SHEPD,HV,1,TU2388,245,2026-08-08T08:04:14Z,2026-08-08T12:01:39Z,3.96
IV47 8TA,SHEPD,HV,1,TU2388,245,2026-08-08T08:04:14Z,2026-08-08T12:01:39Z,3.96
PO14 2ED,SEPD,LV,1,TT9223,23,2026-08-05T18:49:16Z,2026-08-05T22:42:30Z,3.89
PO14 2EH,SEPD,LV,1,TT9223,23,2026-08-05T18:49:16Z,2026-08-05T22:42:30Z,3.89
PO14 2HR,SEPD,LV,1,TT9223,23,2026-08-05T18:49:16Z,2026-08-05T22:42:30Z,3.89
PO14 2HS,SEPD,LV,1,TT9223,23,2026-08-05T18:49:16Z,2026-08-05T22:42:30Z,3.89
PO14 2TG,SEPD,LV,1,TT9223,23,2026-08-05T18:49:16Z,2026-08-05T22:42:30Z,3.89
PO14 2TQ,SEPD,LV,1,TT9223,23,2026-08-05T18:49:16Z,2026-08-05T22:42:30Z,3.89
PO21 4LH,SEPD,LV,1,TT9052,13,2026-08-05T18:49:16Z,2026-08-05T22:42:30Z,3.89
PO21 4LJ,SEPD,LV,1,TT9052,13,2026-08-05T18:49:16Z,2026-08-05T22:42:30Z,3.89
PO21 4LQ,SEPD,LV,1,TT9052,13,2026-08-05T18:49:16Z,2026-08-05T22:42:30Z,3.89
SN8 3AU,SEPD,LV,1,TT8532,6,2026-08-05T13:13:30Z,2026-08-05T17:05:15Z,3.86
AB53 5TP,SHEPD,HV,2,"TU1502,TU2436",210,2026-08-07T12:24:56Z,2026-08-08T16:15:06Z,3.78
AB53 5TQ,SHEPD,HV,2,"TU1502,TU2436",210,2026-08-07T12:24:56Z,2026-08-08T16:15:06Z,3.78
AB53 5UT,SHEPD,HV,2,"TU1502,TU2436",210,2026-08-07T12:24:56Z,2026-08-08T16:15:06Z,3.78
AB53 5UU,SHEPD,HV,2,"TU1502,TU2436",210,2026-08-07T12:24:56Z,2026-08-08T16:15:06Z,3.78
AB53 5UW,SHEPD,HV,2,"TU1502,TU2436",210,2026-08-07T12:24:56Z,2026-08-08T16:15:06Z,3.78
AB53 5UX,SHEPD,HV,2,"TU1502,TU2436",210,2026-08-07T12:24:56Z,2026-08-08T16:15:06Z,3.78
RG24 8AE,SEPD,PSI,2,"253880,253883",70,2026-08-11T08:40:02Z,2026-08-11T22:53:06Z,3.76
BA11 3JX,SEPD,PSI,1,253350,3,2026-08-11T08:40:02Z,2026-08-11T12:25:31Z,3.76
BA11 3JY,SEPD,PSI,1,253350,3,2026-08-11T08:40:02Z,2026-08-11T12:25:31Z,3.76
BA11 4LQ,SEPD,PSI,1,253350,3,2026-08-11T08:40:02Z,2026-08-11T12:25:31Z,3.76
DT2 7SY,SEPD,PSI,1,251880,52,2026-08-11T08:40:02Z,2026-08-11T12:25:31Z,3.76
DT2 7SZ,SEPD,PSI,1,251880,52,2026-08-11T08:40:02Z,2026-08-11T12:25:31Z,3.76
DT2 7TA,SEPD,PSI,1,251880,52,2026-08-11T08:40:02Z,2026-08-11T12:25:31Z,3.76
DT2 7UA,SEPD,PSI,1,251880,52,2026-08-11T08:40:02Z,2026-08-11T12:25:31Z,3.76
GL9 1DD,SEPD,PSI,1,253353,8,2026-08-11T08:40:02Z,2026-08-11T12:25:31Z,3.76
GL9 1DN,SEPD,PSI,1,253353,8,2026-08-11T08:40:02Z,2026-08-11T12:25:31Z,3.76
GL9 1DW,SEPD,PSI,1,253353,8,2026-08-11T08:40:02Z,2026-08-11T12:25:31Z,3.76
PH2 8PT,SHEPD,PSI,1,254119,3,2026-08-11T08:40:02Z,2026-08-11T12:25:31Z,3.76
PH2 8QJ,SHEPD,PSI,1,254119,3,2026-08-11T08:40:02Z,2026-08-11T12:25:31Z,3.76
PH2 9LN,SHEPD,PSI,1,254119,3,2026-08-11T08:40:02Z,2026-08-11T12:25:31Z,3.76
RG24 7JE,SEPD,PSI,1,253880,68,2026-08-11T08:40:02Z,2026-08-11T12:25:31Z,3.76
RG24 8AN,SEPD,PSI,1,253880,68,2026-08-11T08:40:02Z,2026-08-11T12:25:31Z,3.76
RG24 8AX,SEPD,PSI,1,253880,68,2026-08-11T08:40:02Z,2026-08-11T12:25:31Z,3.76
RG24 8YW,SEPD,PSI,1,253880,68,2026-08-11T08:40:02Z,2026-08-11T12:25:31Z,3.76
SL3 7EF,SEPD,PSI,1,253183,2,2026-08-11T08:40:02Z,2026-08-11T12:25:31Z,3.76
SN14 6PW,SEPD,PSI,1,253353,8,2026-08-11T08:40:02Z,2026-08-11T12:25:31Z,3.76
PA31 8QE,SHEPD,HV,1,TU3225,21,2026-08-09T07:14:55Z,2026-08-09T10:59:25Z,3.74
PA31 8QF,SHEPD,HV,1,TU3225,21,2026-08-09T07:14:55Z,2026-08-09T10:59:25Z,3.74
PA31 8SU,SHEPD,HV,1,TU3225,21,2026-08-09T07:14:55Z,2026-08-09T10:59:25Z,3.74
SN4 0QF,SEPD,HV,2,"TU1074,TU1461",52,2026-08-07T07:48:42Z,2026-08-07T12:24:56Z,3.71
SN4 0QG,SEPD,HV,2,"TU1074,TU1461",52,2026-08-07T07:48:42Z,2026-08-07T12:24:56Z,3.71
ZE2 9DL,SHEPD,HV,1,TU1148,13,2026-08-07T08:42:02Z,2026-08-07T12:24:56Z,3.71
ZE2 9DW,SHEPD,HV,1,TU1148,13,2026-08-07T08:42:02Z,2026-08-07T12:24:56Z,3.71
AB31 5QS,SHEPD,HV,1,TU4303,47,2026-08-10T08:10:05Z,2026-08-10T11:42:10Z,3.53
AB31 5QT,SHEPD,HV,1,TU4303,47,2026-08-10T08:10:05Z,2026-08-10T11:42:10Z,3.53
AB31 5QU,SHEPD,HV,1,TU4303,47,2026-08-10T08:10:05Z,2026-08-10T11:42:10Z,3.53
AB31 5QX,SHEPD,HV,1,TU4303,47,2026-08-10T08:10:05Z,2026-08-10T11:42:10Z,3.53
AB31 5RA,SHEPD,HV,1,TU4303,47,2026-08-10T08:10:05Z,2026-08-10T11:42:10Z,3.53
AB31 5RB,SHEPD,HV,1,TU4303,47,2026-08-10T08:10:05Z,2026-08-10T11:42:10Z,3.53
AB31 5RD,SHEPD,HV,1,TU4303,47,2026-08-10T08:10:05Z,2026-08-10T11:42:10Z,3.53
PO9 5HB,SEPD,PSI,1,253549,33,2026-08-10T08:10:05Z,2026-08-10T11:42:10Z,3.53
PO9 5ND,SEPD,PSI,1,253549,33,2026-08-10T08:10:05Z,2026-08-10T11:42:10Z,3.53
PO9 5NE,SEPD,PSI,1,253549,33,2026-08-10T08:10:05Z,2026-08-10T11:42:10Z,3.53
PO9 5NJ,SEPD,PSI,1,253549,33,2026-08-10T08:10:05Z,2026-08-10T11:42:10Z,3.53
PO9 5NR,SEPD,PSI,1,253549,33,2026-08-10T08:10:05Z,2026-08-10T11:42:10Z,3.53
PO9 6BB,SEPD,PSI,1,253549,33,2026-08-10T08:10:05Z,2026-08-10T11:42:10Z,3.53
RG7 4HY,SEPD,HV,1,TU3731,34,2026-08-09T19:47:38Z,2026-08-09T23:16:07Z,3.47
SN10 2ER,SEPD,LV,1,TU3747,10,2026-08-09T19:47:38Z,2026-08-09T23:16:07Z,3.47
SN10 2ES,SEPD,LV,1,TU3747,10,2026-08-09T19:47:38Z,2026-08-09T23:16:07Z,3.47
SN10 2EZ,SEPD,LV,1,TU3747,10,2026-08-09T19:47:38Z,2026-08-09T23:16:07Z,3.47
BH22 9LB,SEPD,PSI,2,"253604,253618",26,2026-08-10T09:47:46Z,2026-08-10T14:05:17Z,3.44
BH22 9LD,SEPD,PSI,2,"253604,253618",26,2026-08-10T09:47:46Z,2026-08-10T14:05:17Z,3.44
SL4 4HP,SEPD,LV,1,TU7288,40,2026-08-11T20:07:27Z,2026-08-11T23:33:30Z,3.43
SL4 4JH,SEPD,LV,1,TU7288,40,2026-08-11T20:07:27Z,2026-08-11T23:33:30Z,3.43
SL4 4JJ,SEPD,LV,1,TU7288,40,2026-08-11T20:07:27Z,2026-08-11T23:33:30Z,3.43
SL4 4JP,SEPD,LV,1,TU7288,40,2026-08-11T20:07:27Z,2026-08-11T23:33:30Z,3.43
SL4 4JQ,SEPD,LV,1,TU7288,40,2026-08-11T20:07:27Z,2026-08-11T23:33:30Z,3.43
SL4 4JW,SEPD,LV,1,TU7288,40,2026-08-11T20:07:27Z,2026-08-11T23:33:30Z,3.43
SL4 4NY,SEPD,LV,1,TU7288,40,2026-08-11T20:07:27Z,2026-08-11T23:33:30Z,3.43
RG24 8SB,SEPD,LV,1,TT7695,17,2026-08-05T00:15:45Z,2026-08-05T03:40:42Z,3.42
BA21 3HT,SEPD,LV,1,TU4961,8,2026-08-11T10:35:19Z,2026-08-11T13:59:10Z,3.4
BA21 3HX,SEPD,LV,1,TU4961,8,2026-08-11T10:35:19Z,2026-08-11T13:59:10Z,3.4
BA21 3JQ,SEPD,LV,1,TU4961,8,2026-08-11T10:35:19Z,2026-08-11T13:59:10Z,3.4
HS6 5AA,SHEPD,HV,1,TU6372,1189,2026-08-11T10:35:19Z,2026-08-11T13:59:10Z,3.4
HS6 5AB,SHEPD,HV,1,TU6372,1189,2026-08-11T10:35:19Z,2026-08-11T13:59:10Z,3.4
HS6 5AD,SHEPD,HV,1,TU6372,1189,2026-08-11T10:35:19Z,2026-08-11T13:59:10Z,3.4
HS6 5AE,SHEPD,HV,1,TU6372,1189,2026-08-11T10:35:19Z,2026-08-11T13:59:10Z,3.4
HS6 5AF,SHEPD,HV,1,TU6372,1189,2026-08-11T10:35:19Z,2026-08-11T13:59:10Z,3.4
HS6 5AG,SHEPD,HV,1,TU6372,1189,2026-08-11T10:35:19Z,2026-08-11T13:59:10Z,3.4
HS6 5AH,SHEPD,HV,1,TU6372,1189,2026-08-11T10:35:19Z,2026-08-11T13:59:10Z,3.4
HS6 5AN,SHEPD,HV,1,TU6372,1189,2026-08-11T10:35:19Z,2026-08-11T13:59:10Z,3.4
HS6 5AP,SHEPD,HV,1,TU6372,1189,2026-08-11T10:35:19Z,2026-08-11T13:59:10Z,3.4
HS6 5AQ,SHEPD,HV,1,TU6372,1189,2026-08-11T10:35:19Z,2026-08-11T13:59:10Z,3.4
HS6 5AR,SHEPD,HV,1,TU6372,1189,2026-08-11T10:35:19Z,2026-08-11T13:59:10Z,3.4
HS6 5AS,SHEPD,HV,1,TU6372,1189,2026-08-11T10:35:19Z,2026-08-11T13:59:10Z,3.4
HS6 5AT,SHEPD,HV,1,TU6372,1189,2026-08-11T10:35:19Z,2026-08-11T13:59:10Z,3.4
HS6 5AW,SHEPD,HV,1,TU6372,1189,2026-08-11T10:35:19Z,2026-08-11T13:59:10Z,3.4
HS6 5AX,SHEPD,HV,1,TU6372,1189,2026-08-11T10:35:19Z,2026-08-11T13:59:10Z,3.4
HS6 5AY,SHEPD,HV,1,TU6372,1189,2026-08-11T10:35:19Z,2026-08-11T13:59:10Z,3.4
HS6 5AZ,SHEPD,HV,1,TU6372,1189,2026-08-11T10:35:19Z,2026-08-11T13:59:10Z,3.4
HS6 5BB,SHEPD,HV,1,TU6372,1189,2026-08-11T10:35:19Z,2026-08-11T13:59:10Z,3.4
HS6 5BD,SHEPD,HV,1,TU6372,1189,2026-08-11T10:35:19Z,2026-08-11T13:59:10Z,3.4
HS6 5BE,SHEPD,HV,1,TU6372,1189,2026-08-11T10:35:19Z,2026-08-11T13:59:10Z,3.4
HS6 5BF,SHEPD,HV,1,TU6372,1189,2026-08-11T10:35:19Z,2026-08-11T13:59:10Z,3.4
HS6 5BG,SHEPD,HV,1,TU6372,1189,2026-08-11T10:35:19Z,2026-08-11T13:59:10Z,3.4
HS6 5BH,SHEPD,HV,1,TU6372,1189,2026-08-11T10:35:19Z,2026-08-11T13:59:10Z,3.4
HS6 5BJ,SHEPD,HV,1,TU6372,1189,2026-08-11T10:35:19Z,2026-08-11T13:59:10Z,3.4
HS6 5BL,SHEPD,HV,1,TU6372,1189,2026-08-11T10:35:19Z,2026-08-11T13:59:10Z,3.4
HS6 5BP,SHEPD,HV,1,TU6372,1189,2026-08-11T10:35:19Z,2026-08-11T13:59:10Z,3.4
HS6 5BQ,SHEPD,HV,1,TU6372,1189,2026-08-11T10:35:19Z,2026-08-11T13:59:10Z,3.4
HS6 5BR,SHEPD,HV,1,TU6372,1189,2026-08-11T10:35:19Z,2026-08-11T13:59:10Z,3.4
HS6 5BS,SHEPD,HV,1,TU6372,1189,2026-08-11T10:35:19Z,2026-08-11T13:59:10Z,3.4
HS6 5BT,SHEPD,HV,1,TU6372,1189,2026-08-11T10:35:19Z,2026-08-11T13:59:10Z,3.4
HS6 5BU,SHEPD,HV,1,TU6372,1189,2026-08-11T10:35:19Z,2026-08-11T13:59:10Z,3.4
HS6 5BW,SHEPD,HV,1,TU6372,1189,2026-08-11T10:35:19Z,2026-08-11T13:59:10Z,3.4
HS6 5BX,SHEPD,HV,1,TU6372,1189,2026-08-11T10:35:19Z,2026-08-11T13:59:10Z,3.4
HS6 5BY,SHEPD,HV,1,TU6372,1189,2026-08-11T10:35:19Z,2026-08-11T13:59:10Z,3.4
HS6 5DA,SHEPD,HV,1,TU6372,1189,2026-08-11T10:35:19Z,2026-08-11T13:59:10Z,3.4
HS6 5HA,SHEPD,HV,1,TU6372,1189,2026-08-11T10:35:19Z,2026-08-11T13:59:10Z,3.4
HS6 5HD,SHEPD,HV,1,TU6372,1189,2026-08-11T10:35:19Z,2026-08-11T13:59:10Z,3.4
HS6 5HL,SHEPD,HV,1,TU6372,1189,2026-08-11T10:35:19Z,2026-08-11T13:59:10Z,3.4
HS6 5HN,SHEPD,HV,1,TU6372,1189,2026-08-11T10:35:19Z,2026-08-11T13:59:10Z,3.4
HS6 5HP,SHEPD,HV,1,TU6372,1189,2026-08-11T10:35:19Z,2026-08-11T13:59:10Z,3.4
HS6 5HT,SHEPD,HV,1,TU6372,1189,2026-08-11T10:35:19Z,2026-08-11T13:59:10Z,3.4
HS6 5HU,SHEPD,HV,1,TU6372,1189,2026-08-11T10:35:19Z,2026-08-11T13:59:10Z,3.4
HS6 5HW,SHEPD,HV,1,TU6372,1189,2026-08-11T10:35:19Z,2026-08-11T13:59:10Z,3.4
HS6 5HX,SHEPD,HV,1,TU6372,1189,2026-08-11T10:35:19Z,2026-08-11T13:59:10Z,3.4
HS6 5HY,SHEPD,HV,1,TU6372,1189,2026-08-11T10:35:19Z,2026-08-11T13:59:10Z,3.4
HS6 5JA,SHEPD,HV,1,TU6372,1189,2026-08-11T10:35:19Z,2026-08-11T13:59:10Z,3.4
HS6 5JB,SHEPD,HV,1,TU6372,1189,2026-08-11T10:35:19Z,2026-08-11T13:59:10Z,3.4
HS7 5AD,SHEPD,HV,1,TU6372,1189,2026-08-11T10:35:19Z,2026-08-11T13:59:10Z,3.4
HS7 5LA,SHEPD,HV,1,TU6372,1189,2026-08-11T10:35:19Z,2026-08-11T13:59:10Z,3.4
HS7 5LB,SHEPD,HV,1,TU6372,1189,2026-08-11T10:35:19Z,2026-08-11T13:59:10Z,3.4
HS7 5LN,SHEPD,HV,1,TU6372,1189,2026-08-11T10:35:19Z,2026-08-11T13:59:10Z,3.4
HS7 5LT,SHEPD,HV,1,TU6372,1189,2026-08-11T10:35:19Z,2026-08-11T13:59:10Z,3.4
HS7 5LW,SHEPD,HV,1,TU6372,1189,2026-08-11T10:35:19Z,2026-08-11T13:59:10Z,3.4
HS7 5LX,SHEPD,HV,1,TU6372,1189,2026-08-11T10:35:19Z,2026-08-11T13:59:10Z,3.4
HS7 5LY,SHEPD,HV,1,TU6372,1189,2026-08-11T10:35:19Z,2026-08-11T13:59:10Z,3.4
HS7 5LZ,SHEPD,HV,1,TU6372,1189,2026-08-11T10:35:19Z,2026-08-11T13:59:10Z,3.4
HS7 5ND,SHEPD,HV,1,TU6372,1189,2026-08-11T10:35:19Z,2026-08-11T13:59:10Z,3.4
HS7 5NG,SHEPD,HV,1,TU6372,1189,2026-08-11T10:35:19Z,2026-08-11T13:59:10Z,3.4
HS7 5QA,SHEPD,HV,1,TU6372,1189,2026-08-11T10:35:19Z,2026-08-11T13:59:10Z,3.4
HS7 5QB,SHEPD,HV,1,TU6372,1189,2026-08-11T10:35:19Z,2026-08-11T13:59:10Z,3.4
HS7 5QF,SHEPD,HV,1,TU6372,1189,2026-08-11T10:35:19Z,2026-08-11T13:59:10Z,3.4
HS7 5QP,SHEPD,HV,1,TU6372,1189,2026-08-11T10:35:19Z,2026-08-11T13:59:10Z,3.4
HS7 5QR,SHEPD,HV,1,TU6372,1189,2026-08-11T10:35:19Z,2026-08-11T13:59:10Z,3.4
HS7 5QS,SHEPD,HV,1,TU6372,1189,2026-08-11T10:35:19Z,2026-08-11T13:59:10Z,3.4
HS8 5JH,SHEPD,HV,1,TU6372,1189,2026-08-11T10:35:19Z,2026-08-11T13:59:10Z,3.4
HS8 5JJ,SHEPD,HV,1,TU6372,1189,2026-08-11T10:35:19Z,2026-08-11T13:59:10Z,3.4
HS8 5JL,SHEPD,HV,1,TU6372,1189,2026-08-11T10:35:19Z,2026-08-11T13:59:10Z,3.4
HS8 5JN,SHEPD,HV,1,TU6372,1189,2026-08-11T10:35:19Z,2026-08-11T13:59:10Z,3.4
HS8 5JP,SHEPD,HV,1,TU6372,1189,2026-08-11T10:35:19Z,2026-08-11T13:59:10Z,3.4
HS8 5JR,SHEPD,HV,1,TU6372,1189,2026-08-11T10:35:19Z,2026-08-11T13:59:10Z,3.4
HS8 5JT,SHEPD,HV,1,TU6372,1189,2026-08-11T10:35:19Z,2026-08-11T13:59:10Z,3.4
HS8 5JU,SHEPD,HV,1,TU6372,1189,2026-08-11T10:35:19Z,2026-08-11T13:59:10Z,3.4
HS8 5JW,SHEPD,HV,1,TU6372,1189,2026-08-11T10:35:19Z,2026-08-11T13:59:10Z,3.4
HS8 5TH,SHEPD,HV,1,TU6372,1189,2026-08-11T10:35:19Z,2026-08-11T13:59:10Z,3.4
HS8 5TL,SHEPD,HV,1,TU6372,1189,2026-08-11T10:35:19Z,2026-08-11T13:59:10Z,3.4
HS8 5TS,SHEPD,HV,1,TU6372,1189,2026-08-11T10:35:19Z,2026-08-11T13:59:10Z,3.4
HS8 5TT,SHEPD,HV,1,TU6372,1189,2026-08-11T10:35:19Z,2026-08-11T13:59:10Z,3.4
HS8 5UD,SHEPD,HV,1,TU6372,1189,2026-08-11T10:35:19Z,2026-08-11T13:59:10Z,3.4
HS8 5UE,SHEPD,HV,1,TU6372,1189,2026-08-11T10:35:19Z,2026-08-11T13:59:10Z,3.4
RG10 0QQ,SEPD,"HV,LV",3,"TT8871,TT8890,TU2337",782,2026-08-05T15:30:21Z,2026-08-08T08:04:14Z,3.32
OX2 6AG,SEPD,LV,1,TT8924,35,2026-08-05T15:30:21Z,2026-08-05T18:49:16Z,3.32
OX2 6AJ,SEPD,LV,1,TT8924,35,2026-08-05T15:30:21Z,2026-08-05T18:49:16Z,3.32
OX2 6DJ,SEPD,LV,1,TT8924,35,2026-08-05T15:30:21Z,2026-08-05T18:49:16Z,3.32
OX2 6DL,SEPD,LV,1,TT8924,35,2026-08-05T15:30:21Z,2026-08-05T18:49:16Z,3.32
OX2 6DN,SEPD,LV,1,TT8924,35,2026-08-05T15:30:21Z,2026-08-05T18:49:16Z,3.32
OX2 6EA,SEPD,LV,1,TT8924,35,2026-08-05T15:30:21Z,2026-08-05T18:49:16Z,3.32
OX2 6EB,SEPD,LV,1,TT8924,35,2026-08-05T15:30:21Z,2026-08-05T18:49:16Z,3.32
OX2 6ER,SEPD,LV,1,TT8924,35,2026-08-05T15:30:21Z,2026-08-05T18:49:16Z,3.32
RG10 0QE,SEPD,LV,1,TT8890,2,2026-08-05T15:30:21Z,2026-08-05T18:49:16Z,3.32
RG10 0QH,SEPD,LV,1,TT8890,2,2026-08-05T15:30:21Z,2026-08-05T18:49:16Z,3.32
RG25 2FA,SEPD,HV,3,"TU1577,TU6390,TU6401",699,2026-08-07T12:24:56Z,2026-08-11T10:35:19Z,3.25
RG25 2HH,SEPD,HV,3,"TU1577,TU6390,TU6401",699,2026-08-07T12:24:56Z,2026-08-11T10:35:19Z,3.25
RG25 2HP,SEPD,HV,3,"TU1577,TU6390,TU6401",699,2026-08-07T12:24:56Z,2026-08-11T10:35:19Z,3.25
RG25 2HR,SEPD,HV,3,"TU1577,TU6390,TU6401",699,2026-08-07T12:24:56Z,2026-08-11T10:35:19Z,3.25
RG25 2HS,SEPD,HV,3,"TU1577,TU6390,TU6401",699,2026-08-07T12:24:56Z,2026-08-11T10:35:19Z,3.25
RG25 2HT,SEPD,HV,3,"TU1577,TU6390,TU6401",699,2026-08-07T12:24:56Z,2026-08-11T10:35:19Z,3.25
RG25 2HU,SEPD,HV,3,"TU1577,TU6390,TU6401",699,2026-08-07T12:24:56Z,2026-08-11T10:35:19Z,3.25
RG25 2HX,SEPD,HV,3,"TU1577,TU6390,TU6401",699,2026-08-07T12:24:56Z,2026-08-11T10:35:19Z,3.25
RG25 2HY,SEPD,HV,3,"TU1577,TU6390,TU6401",699,2026-08-07T12:24:56Z,2026-08-11T10:35:19Z,3.25
RG25 2JA,SEPD,HV,3,"TU1577,TU6390,TU6401",699,2026-08-07T12:24:56Z,2026-08-11T10:35:19Z,3.25
RG10 9AX,SEPD,LV,1,TU5032,2,2026-08-10T19:15:15Z,2026-08-10T22:29:00Z,3.23
RG10 9JA,SEPD,LV,1,TU5032,2,2026-08-10T19:15:15Z,2026-08-10T22:29:00Z,3.23
AB31 6NE,SHEPD,HV,1,TU5876,6,2026-08-11T05:31:43Z,2026-08-11T08:40:02Z,3.14
IV2 3ST,SHEPD,LV,1,TU2318,9,2026-08-08T13:07:10Z,2026-08-08T16:15:06Z,3.13
IV2 3SX,SHEPD,LV,1,TU2318,9,2026-08-08T13:07:10Z,2026-08-08T16:15:06Z,3.13
FK20,SHEPD,HV,1,TU4985,12,2026-08-10T14:05:17Z,2026-08-10T17:10:59Z,3.1
FK20 8QN,SHEPD,HV,1,TU4985,12,2026-08-10T14:05:17Z,2026-08-10T17:10:59Z,3.1
FK20 8RJ,SHEPD,HV,1,TU4985,12,2026-08-10T14:05:17Z,2026-08-10T17:10:59Z,3.1
FK20 8RL,SHEPD,HV,1,TU4985,12,2026-08-10T14:05:17Z,2026-08-10T17:10:59Z,3.1
SO40 3LQ,SEPD,LV,1,TU0559,11,2026-08-07T00:16:31Z,2026-08-07T03:21:07Z,3.08
SO40 3NW,SEPD,LV,1,TU0559,11,2026-08-07T00:16:31Z,2026-08-07T03:21:07Z,3.08
SO40 3PD,SEPD,LV,1,TU0559,11,2026-08-07T00:16:31Z,2026-08-07T03:21:07Z,3.08
RG2 9PN,SEPD,LV,1,TU3467,10,2026-08-09T15:14:40Z,2026-08-09T18:18:33Z,3.06
RG2 9PP,SEPD,LV,1,TU3467,10,2026-08-09T15:14:40Z,2026-08-09T18:18:33Z,3.06
IV21,SHEPD,HV,1,TU5169,953,2026-08-10T16:12:31Z,2026-08-10T19:15:15Z,3.05
IV21 2AA,SHEPD,HV,1,TU5169,953,2026-08-10T16:12:31Z,2026-08-10T19:15:15Z,3.05
IV21 2AB,SHEPD,HV,1,TU5169,953,2026-08-10T16:12:31Z,2026-08-10T19:15:15Z,3.05
IV21 2AE,SHEPD,HV,1,TU5169,953,2026-08-10T16:12:31Z,2026-08-10T19:15:15Z,3.05
IV21 2AF,SHEPD,HV,1,TU5169,953,2026-08-10T16:12:31Z,2026-08-10T19:15:15Z,3.05
IV21 2AH,SHEPD,HV,1,TU5169,953,2026-08-10T16:12:31Z,2026-08-10T19:15:15Z,3.05
IV21 2AJ,SHEPD,HV,1,TU5169,953,2026-08-10T16:12:31Z,2026-08-10T19:15:15Z,3.05
IV21 2AL,SHEPD,HV,1,TU5169,953,2026-08-10T16:12:31Z,2026-08-10T19:15:15Z,3.05
IV21 2AN,SHEPD,HV,1,TU5169,953,2026-08-10T16:12:31Z,2026-08-10T19:15:15Z,3.05
IV21 2AP,SHEPD,HV,1,TU5169,953,2026-08-10T16:12:31Z,2026-08-10T19:15:15Z,3.05
IV21 2AR,SHEPD,HV,1,TU5169,953,2026-08-10T16:12:31Z,2026-08-10T19:15:15Z,3.05
IV21 2AS,SHEPD,HV,1,TU5169,953,2026-08-10T16:12:31Z,2026-08-10T19:15:15Z,3.05
IV21 2AT,SHEPD,HV,1,TU5169,953,2026-08-10T16:12:31Z,2026-08-10T19:15:15Z,3.05
IV21 2AU,SHEPD,HV,1,TU5169,953,2026-08-10T16:12:31Z,2026-08-10T19:15:15Z,3.05
IV21 2AX,SHEPD,HV,1,TU5169,953,2026-08-10T16:12:31Z,2026-08-10T19:15:15Z,3.05
IV21 2BE,SHEPD,HV,1,TU5169,953,2026-08-10T16:12:31Z,2026-08-10T19:15:15Z,3.05
IV21 2BG,SHEPD,HV,1,TU5169,953,2026-08-10T16:12:31Z,2026-08-10T19:15:15Z,3.05
IV21 2BL,SHEPD,HV,1,TU5169,953,2026-08-10T16:12:31Z,2026-08-10T19:15:15Z,3.05
IV21 2BQ,SHEPD,HV,1,TU5169,953,2026-08-10T16:12:31Z,2026-08-10T19:15:15Z,3.05
IV21 2BT,SHEPD,HV,1,TU5169,953,2026-08-10T16:12:31Z,2026-08-10T19:15:15Z,3.05
IV21 2BU,SHEPD,HV,1,TU5169,953,2026-08-10T16:12:31Z,2026-08-10T19:15:15Z,3.05
IV21 2BX,SHEPD,HV,1,TU5169,953,2026-08-10T16:12:31Z,2026-08-10T19:15:15Z,3.05
IV21 2BY,SHEPD,HV,1,TU5169,953,2026-08-10T16:12:31Z,2026-08-10T19:15:15Z,3.05
IV21 2BZ,SHEPD,HV,1,TU5169,953,2026-08-10T16:12:31Z,2026-08-10T19:15:15Z,3.05
IV21 2DA,SHEPD,HV,1,TU5169,953,2026-08-10T16:12:31Z,2026-08-10T19:15:15Z,3.05
IV21 2DB,SHEPD,HV,1,TU5169,953,2026-08-10T16:12:31Z,2026-08-10T19:15:15Z,3.05
IV21 2DD,SHEPD,HV,1,TU5169,953,2026-08-10T16:12:31Z,2026-08-10T19:15:15Z,3.05
IV21 2DE,SHEPD,HV,1,TU5169,953,2026-08-10T16:12:31Z,2026-08-10T19:15:15Z,3.05
IV21 2DF,SHEPD,HV,1,TU5169,953,2026-08-10T16:12:31Z,2026-08-10T19:15:15Z,3.05
IV21 2DH,SHEPD,HV,1,TU5169,953,2026-08-10T16:12:31Z,2026-08-10T19:15:15Z,3.05
IV21 2DJ,SHEPD,HV,1,TU5169,953,2026-08-10T16:12:31Z,2026-08-10T19:15:15Z,3.05
IV21 2DL,SHEPD,HV,1,TU5169,953,2026-08-10T16:12:31Z,2026-08-10T19:15:15Z,3.05
IV21 2DQ,SHEPD,HV,1,TU5169,953,2026-08-10T16:12:31Z,2026-08-10T19:15:15Z,3.05
IV21 2DS,SHEPD,HV,1,TU5169,953,2026-08-10T16:12:31Z,2026-08-10T19:15:15Z,3.05
IV21 2DU,SHEPD,HV,1,TU5169,953,2026-08-10T16:12:31Z,2026-08-10T19:15:15Z,3.05
IV21 2DW,SHEPD,HV,1,TU5169,953,2026-08-10T16:12:31Z,2026-08-10T19:15:15Z,3.05
IV21 2DX,SHEPD,HV,1,TU5169,953,2026-08-10T16:12:31Z,2026-08-10T19:15:15Z,3.05
IV21 2DY,SHEPD,HV,1,TU5169,953,2026-08-10T16:12:31Z,2026-08-10T19:15:15Z,3.05
IV21 2DZ,SHEPD,HV,1,TU5169,953,2026-08-10T16:12:31Z,2026-08-10T19:15:15Z,3.05
IV21 2EA,SHEPD,HV,1,TU5169,953,2026-08-10T16:12:31Z,2026-08-10T19:15:15Z,3.05
IV22 2HP,SHEPD,HV,1,TU5169,953,2026-08-10T16:12:31Z,2026-08-10T19:15:15Z,3.05
IV22 2JZ,SHEPD,HV,1,TU5169,953,2026-08-10T16:12:31Z,2026-08-10T19:15:15Z,3.05
IV36,SHEPD,HV,1,TU3537,6,2026-08-09T14:43:32Z,2026-08-09T17:46:20Z,3.05
IV36 2RP,SHEPD,HV,1,TU3537,6,2026-08-09T14:43:32Z,2026-08-09T17:46:20Z,3.05
SN16 9FE,SEPD,LV,1,TU5750,19,2026-08-10T23:50:13Z,2026-08-11T02:53:16Z,3.05
SN16 9NG,SEPD,LV,1,TU5750,19,2026-08-10T23:50:13Z,2026-08-11T02:53:16Z,3.05
SN16 9PA,SEPD,LV,1,TU5750,19,2026-08-10T23:50:13Z,2026-08-11T02:53:16Z,3.05
SN16 9PG,SEPD,LV,1,TU5750,19,2026-08-10T23:50:13Z,2026-08-11T02:53:16Z,3.05
SN16 9PH,SEPD,LV,1,TU5750,19,2026-08-10T23:50:13Z,2026-08-11T02:53:16Z,3.05
TW20 8LE,SEPD,LV,1,TU5159,11,2026-08-10T18:03:51Z,2026-08-10T21:01:10Z,2.96
TW20 8LH,SEPD,LV,1,TU5159,11,2026-08-10T18:03:51Z,2026-08-10T21:01:10Z,2.96
TW20 8LJ,SEPD,LV,1,TU5159,11,2026-08-10T18:03:51Z,2026-08-10T21:01:10Z,2.96
TW20 8LL,SEPD,LV,1,TU5159,11,2026-08-10T18:03:51Z,2026-08-10T21:01:10Z,2.96
TW20 8LX,SEPD,LV,1,TU5159,11,2026-08-10T18:03:51Z,2026-08-10T21:01:10Z,2.96
DD1 4JL,SHEPD,LV,1,TU3113,15,2026-08-09T06:04:05Z,2026-08-09T09:01:10Z,2.95
DD2 1AR,SHEPD,LV,1,TU3113,15,2026-08-09T06:04:05Z,2026-08-09T09:01:10Z,2.95
DD2 1AS,SHEPD,LV,1,TU3113,15,2026-08-09T06:04:05Z,2026-08-09T09:01:10Z,2.95
DD2 1DW,SHEPD,LV,1,TU3113,15,2026-08-09T06:04:05Z,2026-08-09T09:01:10Z,2.95
AB21 0UL,SHEPD,HV,1,TU6988,125,2026-08-11T17:12:25Z,2026-08-11T20:07:27Z,2.92
AB21 0UN,SHEPD,HV,1,TU6988,125,2026-08-11T17:12:25Z,2026-08-11T20:07:27Z,2.92
AB21 0UP,SHEPD,HV,1,TU6988,125,2026-08-11T17:12:25Z,2026-08-11T20:07:27Z,2.92
AB23 8XJ,SHEPD,HV,1,TU6988,125,2026-08-11T17:12:25Z,2026-08-11T20:07:27Z,2.92
AB41 6PL,SHEPD,HV,1,TU6988,125,2026-08-11T17:12:25Z,2026-08-11T20:07:27Z,2.92
AB41 6QB,SHEPD,HV,1,TU6988,125,2026-08-11T17:12:25Z,2026-08-11T20:07:27Z,2.92
AB41 6QD,SHEPD,HV,1,TU6988,125,2026-08-11T17:12:25Z,2026-08-11T20:07:27Z,2.92
AB41 6QL,SHEPD,HV,1,TU6988,125,2026-08-11T17:12:25Z,2026-08-11T20:07:27Z,2.92
AB41 6QN,SHEPD,HV,1,TU6988,125,2026-08-11T17:12:25Z,2026-08-11T20:07:27Z,2.92
AB41 6QP,SHEPD,HV,1,TU6988,125,2026-08-11T17:12:25Z,2026-08-11T20:07:27Z,2.92
AB41 6QQ,SHEPD,HV,1,TU6988,125,2026-08-11T17:12:25Z,2026-08-11T20:07:27Z,2.92
AB41 6RJ,SHEPD,HV,1,TU6988,125,2026-08-11T17:12:25Z,2026-08-11T20:07:27Z,2.92
AB41 6RY,SHEPD,HV,1,TU6988,125,2026-08-11T17:12:25Z,2026-08-11T20:07:27Z,2.92
AB41 6SB,SHEPD,HV,1,TU6988,125,2026-08-11T17:12:25Z,2026-08-11T20:07:27Z,2.92
AB41 6SD,SHEPD,HV,1,TU6988,125,2026-08-11T17:12:25Z,2026-08-11T20:07:27Z,2.92
AB41 6SE,SHEPD,HV,1,TU6988,125,2026-08-11T17:12:25Z,2026-08-11T20:07:27Z,2.92
AB41 6SH,SHEPD,HV,1,TU6988,125,2026-08-11T17:12:25Z,2026-08-11T20:07:27Z,2.92
AB41 6SJ,SHEPD,HV,1,TU6988,125,2026-08-11T17:12:25Z,2026-08-11T20:07:27Z,2.92
AB41 7PD,SHEPD,HV,1,TU6988,125,2026-08-11T17:12:25Z,2026-08-11T20:07:27Z,2.92
AB41 7RZ,SHEPD,HV,1,TU6988,125,2026-08-11T17:12:25Z,2026-08-11T20:07:27Z,2.92
TW20 8EZ,SEPD,LV,1,TU5159,11,2026-08-10T21:52:39Z,2026-08-11T00:41:18Z,2.81
TW20 8JE,SEPD,LV,1,TU5159,11,2026-08-10T21:52:39Z,2026-08-11T00:41:18Z,2.81
TW20 8JJ,SEPD,LV,1,TU5159,11,2026-08-10T21:52:39Z,2026-08-11T00:41:18Z,2.81
TW20 8JL,SEPD,LV,1,TU5159,11,2026-08-10T21:52:39Z,2026-08-11T00:41:18Z,2.81
TW20 8NL,SEPD,LV,1,TU5159,11,2026-08-10T21:52:39Z,2026-08-11T00:41:18Z,2.81
TW20 8NT,SEPD,LV,1,TU5159,11,2026-08-10T21:52:39Z,2026-08-11T00:41:18Z,2.81
TW20 8NX,SEPD,LV,1,TU5159,11,2026-08-10T21:52:39Z,2026-08-11T00:41:18Z,2.81
UB10 0EA,SEPD,LV,1,TU1907,14,2026-08-07T15:39:42Z,2026-08-07T18:26:53Z,2.79
UB10 0EB,SEPD,LV,1,TU1907,14,2026-08-07T15:39:42Z,2026-08-07T18:26:53Z,2.79
UB10 0EG,SEPD,LV,1,TU1907,14,2026-08-07T15:39:42Z,2026-08-07T18:26:53Z,2.79
UB10 0LQ,SEPD,LV,1,TU1907,14,2026-08-07T15:39:42Z,2026-08-07T18:26:53Z,2.79
UB8 3FA,SEPD,LV,1,TU1907,14,2026-08-07T15:39:42Z,2026-08-07T18:26:53Z,2.79
BH24 3EA,SEPD,"PSI,LV",2,"253101,TU5735",37,2026-08-10T09:47:46Z,2026-08-11T08:40:02Z,2.77
SO24 9TE,SEPD,"PSI,LV",2,"253101,TU5735",37,2026-08-10T09:47:46Z,2026-08-11T08:40:02Z,2.77
BA20,SEPD,PSI,1,252958,73,2026-08-10T09:47:46Z,2026-08-10T12:33:40Z,2.77
BA21 3PS,SEPD,PSI,1,252958,73,2026-08-10T09:47:46Z,2026-08-10T12:33:40Z,2.77
BA22 9RA,SEPD,PSI,1,252958,73,2026-08-10T09:47:46Z,2026-08-10T12:33:40Z,2.77
BA22 9RB,SEPD,PSI,1,252958,73,2026-08-10T09:47:46Z,2026-08-10T12:33:40Z,2.77
BA22 9TA,SEPD,PSI,1,252958,73,2026-08-10T09:47:46Z,2026-08-10T12:33:40Z,2.77
BA22 9TB,SEPD,PSI,1,252958,73,2026-08-10T09:47:46Z,2026-08-10T12:33:40Z,2.77
BA22 9TD,SEPD,PSI,1,252958,73,2026-08-10T09:47:46Z,2026-08-10T12:33:40Z,2.77
BA22 9TE,SEPD,PSI,1,252958,73,2026-08-10T09:47:46Z,2026-08-10T12:33:40Z,2.77
BA22 9TF,SEPD,PSI,1,252958,73,2026-08-10T09:47:46Z,2026-08-10T12:33:40Z,2.77
BA22 9TH,SEPD,PSI,1,252958,73,2026-08-10T09:47:46Z,2026-08-10T12:33:40Z,2.77
BA22 9TR,SEPD,PSI,1,252958,73,2026-08-10T09:47:46Z,2026-08-10T12:33:40Z,2.77
DD10 9AA,SHEPD,LV,1,TU4579,17,2026-08-10T09:47:46Z,2026-08-10T12:33:40Z,2.77
DD10 9AT,SHEPD,LV,1,TU4579,17,2026-08-10T09:47:46Z,2026-08-10T12:33:40Z,2.77
DD10 9AU,SHEPD,LV,1,TU4579,17,2026-08-10T09:47:46Z,2026-08-10T12:33:40Z,2.77
DD10 9AW,SHEPD,LV,1,TU4579,17,2026-08-10T09:47:46Z,2026-08-10T12:33:40Z,2.77
KW14 8AR,SHEPD,LV,1,TU3387,12,2026-08-10T09:47:46Z,2026-08-10T12:33:40Z,2.77
KW14 8AS,SHEPD,LV,1,TU3387,12,2026-08-10T09:47:46Z,2026-08-10T12:33:40Z,2.77
KW14 8AX,SHEPD,LV,1,TU3387,12,2026-08-10T09:47:46Z,2026-08-10T12:33:40Z,2.77
KW14 8AY,SHEPD,LV,1,TU3387,12,2026-08-10T09:47:46Z,2026-08-10T12:33:40Z,2.77
KW14 8AZ,SHEPD,LV,1,TU3387,12,2026-08-10T09:47:46Z,2026-08-10T12:33:40Z,2.77
KW14 8BB,SHEPD,LV,1,TU3387,12,2026-08-10T09:47:46Z,2026-08-10T12:33:40Z,2.77
KW14 8BL,SHEPD,LV,1,TU3387,12,2026-08-10T09:47:46Z,2026-08-10T12:33:40Z,2.77
KW14 8BP,SHEPD,LV,1,TU3387,12,2026-08-10T09:47:46Z,2026-08-10T12:33:40Z,2.77
KW14 8BS,SHEPD,LV,1,TU3387,12,2026-08-10T09:47:46Z,2026-08-10T12:33:40Z,2.77
KW14 8BU,SHEPD,LV,1,TU3387,12,2026-08-10T09:47:46Z,2026-08-10T12:33:40Z,2.77
KW14 8TQ,SHEPD,LV,1,TU3387,12,2026-08-10T09:47:46Z,2026-08-10T12:33:40Z,2.77
PH2 7PP,SHEPD,HV,1,TU4516,12,2026-08-10T09:47:46Z,2026-08-10T12:33:40Z,2.77
PH2 7RP,SHEPD,HV,1,TU4516,12,2026-08-10T09:47:46Z,2026-08-10T12:33:40Z,2.77
PH2 7RR,SHEPD,HV,1,TU4516,12,2026-08-10T09:47:46Z,2026-08-10T12:33:40Z,2.77
PH2 7RS,SHEPD,HV,1,TU4516,12,2026-08-10T09:47:46Z,2026-08-10T12:33:40Z,2.77
PH2 7RT,SHEPD,HV,1,TU4516,12,2026-08-10T09:47:46Z,2026-08-10T12:33:40Z,2.77
SP5 2BE,SEPD,LV,1,TU4369,28,2026-08-10T09:47:46Z,2026-08-10T12:33:40Z,2.77
SP5 2PP,SEPD,LV,1,TU4369,28,2026-08-10T09:47:46Z,2026-08-10T12:33:40Z,2.77
SP5 2PR,SEPD,LV,1,TU4369,28,2026-08-10T09:47:46Z,2026-08-10T12:33:40Z,2.77
SP5 2PS,SEPD,LV,1,TU4369,28,2026-08-10T09:47:46Z,2026-08-10T12:33:40Z,2.77
SP5 2PT,SEPD,LV,1,TU4369,28,2026-08-10T09:47:46Z,2026-08-10T12:33:40Z,2.77
AB41 7HS,SHEPD,HV,1,TU7287,14,2026-08-11T20:07:27Z,2026-08-11T22:53:06Z,2.76
AB41 7HX,SHEPD,HV,1,TU7287,14,2026-08-11T20:07:27Z,2026-08-11T22:53:06Z,2.76
AB53 8NA,SHEPD,HV,1,TU7287,14,2026-08-11T20:07:27Z,2026-08-11T22:53:06Z,2.76
AB53 8NL,SHEPD,HV,1,TU7287,14,2026-08-11T20:07:27Z,2026-08-11T22:53:06Z,2.76
SO31 6RT,SEPD,LV,1,TU7251,20,2026-08-11T20:07:27Z,2026-08-11T22:53:06Z,2.76
SO31 6RU,SEPD,LV,1,TU7251,20,2026-08-11T20:07:27Z,2026-08-11T22:53:06Z,2.76
GL7 3NA,SEPD,LV,1,TU2000,20,2026-08-07T17:32:55Z,2026-08-07T20:18:00Z,2.75
GL7 3NB,SEPD,LV,1,TU2000,20,2026-08-07T17:32:55Z,2026-08-07T20:18:00Z,2.75
GL7 5AR,SEPD,LV,1,TU2000,20,2026-08-07T17:32:55Z,2026-08-07T20:18:00Z,2.75
DT9 5AD,SEPD,PSI,1,253240,2,2026-08-11T09:42:25Z,2026-08-11T12:25:31Z,2.72
PO7 7PX,SEPD,LV,1,TU5979,2,2026-08-11T09:42:25Z,2026-08-11T12:25:31Z,2.72
PO7 7PY,SEPD,LV,1,TU5979,2,2026-08-11T09:42:25Z,2026-08-11T12:25:31Z,2.72
SO32 1GZ,SEPD,LV,1,TU6247,9,2026-08-11T09:42:25Z,2026-08-11T12:25:31Z,2.72
KA27,SHEPD,"PSI,HV",2,"253866,TU1296",623,2026-08-07T09:42:46Z,2026-08-07T12:24:56Z,2.7
KA27 8EU,SHEPD,"PSI,HV",2,"253866,TU1296",623,2026-08-07T09:42:46Z,2026-08-07T12:24:56Z,2.7
KA27 8EX,SHEPD,"PSI,HV",2,"253866,TU1296",623,2026-08-07T09:42:46Z,2026-08-07T12:24:56Z,2.7
KA27 8EY,SHEPD,"PSI,HV",2,"253866,TU1296",623,2026-08-07T09:42:46Z,2026-08-07T12:24:56Z,2.7
KA27 8PD,SHEPD,"PSI,HV",2,"253866,TU1296",623,2026-08-07T09:42:46Z,2026-08-07T12:24:56Z,2.7
AB32 6XD,SHEPD,PSI,1,252221,5,2026-08-07T09:42:46Z,2026-08-07T12:24:56Z,2.7
AB32 6XJ,SHEPD,PSI,1,252221,5,2026-08-07T09:42:46Z,2026-08-07T12:24:56Z,2.7
BH20 4DQ,SEPD,PSI,1,253290,16,2026-08-07T09:42:46Z,2026-08-07T12:24:56Z,2.7
BH20 7BH,SEPD,PSI,1,253290,16,2026-08-07T09:42:46Z,2026-08-07T12:24:56Z,2.7
PO30 2NA,SEPD,PSI,1,253053,5,2026-08-10T08:10:05Z,2026-08-10T10:52:21Z,2.7
PO30 2NE,SEPD,PSI,1,253053,5,2026-08-10T08:10:05Z,2026-08-10T10:52:21Z,2.7
IV32 7LE,SHEPD,HV,1,TU1752,14,2026-08-07T13:52:23Z,2026-08-07T16:33:42Z,2.69
OX1 2AR,SEPD,LV,3,"TU2563,TU2846,TU3401",16,2026-08-08T16:57:39Z,2026-08-09T10:59:25Z,2.65
OX1 3EZ,SEPD,LV,3,"TU2563,TU2846,TU3401",16,2026-08-08T16:57:39Z,2026-08-09T10:59:25Z,2.65
OX1 2AS,SEPD,LV,2,"TU2563,TU3401",14,2026-08-08T16:57:39Z,2026-08-09T10:59:25Z,2.65
OX1 2AT,SEPD,LV,2,"TU2563,TU3401",14,2026-08-08T16:57:39Z,2026-08-09T10:59:25Z,2.65
OX1 3AD,SEPD,LV,2,"TU2563,TU3401",14,2026-08-08T16:57:39Z,2026-08-09T10:59:25Z,2.65
OX1 3EX,SEPD,LV,2,"TU2563,TU3401",14,2026-08-08T16:57:39Z,2026-08-09T10:59:25Z,2.65
OX1 3HA,SEPD,LV,2,"TU2563,TU3401",14,2026-08-08T16:57:39Z,2026-08-09T10:59:25Z,2.65
OX1 3HB,SEPD,LV,2,"TU2563,TU3401",14,2026-08-08T16:57:39Z,2026-08-09T10:59:25Z,2.65
OX1 3HL,SEPD,LV,2,"TU2563,TU3401",14,2026-08-08T16:57:39Z,2026-08-09T10:59:25Z,2.65
OX1 3HT,SEPD,LV,2,"TU2563,TU3401",14,2026-08-08T16:57:39Z,2026-08-09T10:59:25Z,2.65
OX1 3HZ,SEPD,LV,2,"TU2563,TU3401",14,2026-08-08T16:57:39Z,2026-08-09T10:59:25Z,2.65
BH6 3RA,SEPD,LV,2,"TU2962,TU4176",30,2026-08-08T22:13:04Z,2026-08-10T08:10:05Z,2.41
BH6 3RB,SEPD,LV,2,"TU2962,TU4176",30,2026-08-08T22:13:04Z,2026-08-10T08:10:05Z,2.41
BH6 3RS,SEPD,LV,2,"TU2962,TU4176",30,2026-08-08T22:13:04Z,2026-08-10T08:10:05Z,2.41
BH6 5AB,SEPD,LV,2,"TU2962,TU4176",30,2026-08-08T22:13:04Z,2026-08-10T08:10:05Z,2.41
PO19 5QS,SEPD,LV,1,TT8070,17,2026-08-06T12:17:55Z,2026-08-06T14:40:54Z,2.38
PO19 5QT,SEPD,LV,1,TT8070,17,2026-08-06T12:17:55Z,2026-08-06T14:40:54Z,2.38
PO19 5QU,SEPD,LV,1,TT8070,17,2026-08-06T12:17:55Z,2026-08-06T14:40:54Z,2.38
PO19 5QX,SEPD,LV,1,TT8070,17,2026-08-06T12:17:55Z,2026-08-06T14:40:54Z,2.38
PO19 6PW,SEPD,LV,1,TT8070,17,2026-08-06T12:17:55Z,2026-08-06T14:40:54Z,2.38
PO19 6QR,SEPD,LV,1,TT8070,17,2026-08-06T12:17:55Z,2026-08-06T14:40:54Z,2.38
SN10 1DT,SEPD,PSI,1,254021,14,2026-08-06T12:17:55Z,2026-08-06T14:40:54Z,2.38
DT2 9ED,SEPD,HV,1,TU3553,6,2026-08-09T14:43:32Z,2026-08-09T17:05:51Z,2.37
DT2 9EE,SEPD,HV,1,TU3553,6,2026-08-09T14:43:32Z,2026-08-09T17:05:51Z,2.37
AB15 9SS,SHEPD,PSI,1,253491,2,2026-08-07T11:30:35Z,2026-08-07T13:52:23Z,2.36
BN18 9HT,SEPD,LV,1,TU1219,8,2026-08-07T11:30:35Z,2026-08-07T13:52:23Z,2.36
BN18 9HU,SEPD,LV,1,TU1219,8,2026-08-07T11:30:35Z,2026-08-07T13:52:23Z,2.36
BN18 9LA,SEPD,LV,1,TU1219,8,2026-08-07T11:30:35Z,2026-08-07T13:52:23Z,2.36
PH1 3AF,SHEPD,PSI,1,253491,2,2026-08-07T11:30:35Z,2026-08-07T13:52:23Z,2.36
SO32 1FZ,SEPD,HV,2,"TT8143,TT8148",26,2026-08-05T09:07:24Z,2026-08-05T11:28:08Z,2.35
SO32 1GA,SEPD,HV,2,"TT8143,TT8148",26,2026-08-05T09:07:24Z,2026-08-05T11:28:08Z,2.35
SO32 1GB,SEPD,HV,2,"TT8143,TT8148",26,2026-08-05T09:07:24Z,2026-08-05T11:28:08Z,2.35
SO32 3GZ,SEPD,HV,2,"TT8143,TT8148",26,2026-08-05T09:07:24Z,2026-08-05T11:28:08Z,2.35
GU7 1DE,SEPD,HV,1,TT8081,642,2026-08-05T09:07:24Z,2026-08-05T11:28:08Z,2.35
GU7 1XE,SEPD,HV,1,TT8081,642,2026-08-05T09:07:24Z,2026-08-05T11:28:08Z,2.35
SP7 8EG,SEPD,LV,1,TT8137,8,2026-08-05T09:07:24Z,2026-08-05T11:28:08Z,2.35
SP7 8RF,SEPD,LV,1,TT8137,8,2026-08-05T09:07:24Z,2026-08-05T11:28:08Z,2.35
BH8 9HT,SEPD,LV,1,TT7852,22,2026-08-05T13:13:30Z,2026-08-05T15:30:21Z,2.28
BH8 9JB,SEPD,LV,1,TT7852,22,2026-08-05T13:13:30Z,2026-08-05T15:30:21Z,2.28
BH8 9JD,SEPD,LV,1,TT7852,22,2026-08-05T13:13:30Z,2026-08-05T15:30:21Z,2.28
BH8 9QY,SEPD,LV,1,TT7852,22,2026-08-05T13:13:30Z,2026-08-05T15:30:21Z,2.28
BH8 9RA,SEPD,LV,1,TT7852,22,2026-08-05T13:13:30Z,2026-08-05T15:30:21Z,2.28
BH8 9SF,SEPD,LV,1,TT7852,22,2026-08-05T13:13:30Z,2026-08-05T15:30:21Z,2.28
BH8 9SG,SEPD,LV,1,TT7852,22,2026-08-05T13:13:30Z,2026-08-05T15:30:21Z,2.28
DT1 1HF,SEPD,LV,1,TS2731,48,2026-08-06T10:04:33Z,2026-08-06T12:17:55Z,2.22
DT1 1HY,SEPD,LV,1,TS2731,48,2026-08-06T10:04:33Z,2026-08-06T12:17:55Z,2.22
DT1 1JF,SEPD,LV,1,TS2731,48,2026-08-06T10:04:33Z,2026-08-06T12:17:55Z,2.22
DT1 1TZ,SEPD,LV,1,TS2731,48,2026-08-06T10:04:33Z,2026-08-06T12:17:55Z,2.22
DT1 1XB,SEPD,LV,1,TS2731,48,2026-08-06T10:04:33Z,2026-08-06T12:17:55Z,2.22
DT1 1XE,SEPD,LV,1,TS2731,48,2026-08-06T10:04:33Z,2026-08-06T12:17:55Z,2.22
DT1 1XF,SEPD,LV,1,TS2731,48,2026-08-06T10:04:33Z,2026-08-06T12:17:55Z,2.22
DT1 1XH,SEPD,LV,1,TS2731,48,2026-08-06T10:04:33Z,2026-08-06T12:17:55Z,2.22
DT1 1XJ,SEPD,LV,1,TS2731,48,2026-08-06T10:04:33Z,2026-08-06T12:17:55Z,2.22
DT1 1XS,SEPD,LV,1,TS2731,48,2026-08-06T10:04:33Z,2026-08-06T12:17:55Z,2.22
DT1 1YB,SEPD,LV,1,TS2731,48,2026-08-06T10:04:33Z,2026-08-06T12:17:55Z,2.22
PA77 6UE,SHEPD,PSI,1,253708,44,2026-08-06T10:04:33Z,2026-08-06T12:17:55Z,2.22
PA77 6UF,SHEPD,PSI,1,253708,44,2026-08-06T10:04:33Z,2026-08-06T12:17:55Z,2.22
PA77 6XJ,SHEPD,PSI,1,253708,44,2026-08-06T10:04:33Z,2026-08-06T12:17:55Z,2.22
RG20 7BG,SEPD,PSI,1,253568,107,2026-08-06T10:04:33Z,2026-08-06T12:17:55Z,2.22
RG20 7DS,SEPD,PSI,1,253568,107,2026-08-06T10:04:33Z,2026-08-06T12:17:55Z,2.22
RG20 7DT,SEPD,PSI,1,253568,107,2026-08-06T10:04:33Z,2026-08-06T12:17:55Z,2.22
RG20 7DU,SEPD,PSI,1,253568,107,2026-08-06T10:04:33Z,2026-08-06T12:17:55Z,2.22
RG20 7EH,SEPD,PSI,1,253568,107,2026-08-06T10:04:33Z,2026-08-06T12:17:55Z,2.22
RG20 7EJ,SEPD,PSI,1,253568,107,2026-08-06T10:04:33Z,2026-08-06T12:17:55Z,2.22
RG20 7EL,SEPD,PSI,1,253568,107,2026-08-06T10:04:33Z,2026-08-06T12:17:55Z,2.22
RG20 7EP,SEPD,PSI,1,253568,107,2026-08-06T10:04:33Z,2026-08-06T12:17:55Z,2.22
RG20 7ER,SEPD,PSI,1,253568,107,2026-08-06T10:04:33Z,2026-08-06T12:17:55Z,2.22
RG20 7ES,SEPD,PSI,1,253568,107,2026-08-06T10:04:33Z,2026-08-06T12:17:55Z,2.22
RG20 7EW,SEPD,PSI,1,253568,107,2026-08-06T10:04:33Z,2026-08-06T12:17:55Z,2.22
RG27 0LJ,SEPD,PSI,1,253066,2,2026-08-06T10:04:33Z,2026-08-06T12:17:55Z,2.22
RG7 1YA,SEPD,PSI,1,253066,2,2026-08-06T10:04:33Z,2026-08-06T12:17:55Z,2.22
SP6 3DR,SEPD,PSI,1,251931,20,2026-08-06T10:04:33Z,2026-08-06T12:17:55Z,2.22
SP6 3ED,SEPD,PSI,1,251931,20,2026-08-06T10:04:33Z,2026-08-06T12:17:55Z,2.22
SP6 3EE,SEPD,PSI,1,251931,20,2026-08-06T10:04:33Z,2026-08-06T12:17:55Z,2.22
SP6 3FF,SEPD,PSI,1,251931,20,2026-08-06T10:04:33Z,2026-08-06T12:17:55Z,2.22
SP6 3JH,SEPD,PSI,1,251931,20,2026-08-06T10:04:33Z,2026-08-06T12:17:55Z,2.22
SO40 4DA,SEPD,HV,1,TU3364,103,2026-08-09T09:51:09Z,2026-08-09T12:02:32Z,2.19
SO40 4UN,SEPD,HV,1,TU3364,103,2026-08-09T09:51:09Z,2026-08-09T12:02:32Z,2.19
SO40 4UQ,SEPD,HV,1,TU3364,103,2026-08-09T09:51:09Z,2026-08-09T12:02:32Z,2.19
SO40 4UR,SEPD,HV,1,TU3364,103,2026-08-09T09:51:09Z,2026-08-09T12:02:32Z,2.19
SO40 4WU,SEPD,HV,1,TU3364,103,2026-08-09T09:51:09Z,2026-08-09T12:02:32Z,2.19
SO40 4WW,SEPD,HV,1,TU3364,103,2026-08-09T09:51:09Z,2026-08-09T12:02:32Z,2.19
SO40 4ZG,SEPD,HV,1,TU3364,103,2026-08-09T09:51:09Z,2026-08-09T12:02:32Z,2.19
SO45 4BB,SEPD,HV,1,TU3364,103,2026-08-09T09:51:09Z,2026-08-09T12:02:32Z,2.19
SO45 4PL,SEPD,HV,1,TU3364,103,2026-08-09T09:51:09Z,2026-08-09T12:02:32Z,2.19
SO45 4PN,SEPD,HV,1,TU3364,103,2026-08-09T09:51:09Z,2026-08-09T12:02:32Z,2.19
SO45 4PP,SEPD,HV,1,TU3364,103,2026-08-09T09:51:09Z,2026-08-09T12:02:32Z,2.19
SO45 4PQ,SEPD,HV,1,TU3364,103,2026-08-09T09:51:09Z,2026-08-09T12:02:32Z,2.19
SO45 4PR,SEPD,HV,1,TU3364,103,2026-08-09T09:51:09Z,2026-08-09T12:02:32Z,2.19
SO45 4PS,SEPD,HV,1,TU3364,103,2026-08-09T09:51:09Z,2026-08-09T12:02:32Z,2.19
SO45 4PW,SEPD,HV,1,TU3364,103,2026-08-09T09:51:09Z,2026-08-09T12:02:32Z,2.19
SO45 4QA,SEPD,HV,1,TU3364,103,2026-08-09T09:51:09Z,2026-08-09T12:02:32Z,2.19
SO45 4QB,SEPD,HV,1,TU3364,103,2026-08-09T09:51:09Z,2026-08-09T12:02:32Z,2.19
SO45 4QD,SEPD,HV,1,TU3364,103,2026-08-09T09:51:09Z,2026-08-09T12:02:32Z,2.19
SO45 4QF,SEPD,HV,1,TU3364,103,2026-08-09T09:51:09Z,2026-08-09T12:02:32Z,2.19
SO45 4QG,SEPD,HV,1,TU3364,103,2026-08-09T09:51:09Z,2026-08-09T12:02:32Z,2.19
SO45 4QJ,SEPD,HV,1,TU3364,103,2026-08-09T09:51:09Z,2026-08-09T12:02:32Z,2.19
SO45 4QL,SEPD,HV,1,TU3364,103,2026-08-09T09:51:09Z,2026-08-09T12:02:32Z,2.19
SO45 4QN,SEPD,HV,1,TU3364,103,2026-08-09T09:51:09Z,2026-08-09T12:02:32Z,2.19
SO45 4QP,SEPD,HV,1,TU3364,103,2026-08-09T09:51:09Z,2026-08-09T12:02:32Z,2.19
SO45 4RH,SEPD,HV,1,TU3364,103,2026-08-09T09:51:09Z,2026-08-09T12:02:32Z,2.19
SO45 4RJ,SEPD,HV,1,TU3364,103,2026-08-09T09:51:09Z,2026-08-09T12:02:32Z,2.19
SO45 4RQ,SEPD,HV,1,TU3364,103,2026-08-09T09:51:09Z,2026-08-09T12:02:32Z,2.19
SO45 4RX,SEPD,HV,1,TU3364,103,2026-08-09T09:51:09Z,2026-08-09T12:02:32Z,2.19
SO45 5AL,SEPD,HV,1,TU3364,103,2026-08-09T09:51:09Z,2026-08-09T12:02:32Z,2.19
SO45 5AQ,SEPD,HV,1,TU3364,103,2026-08-09T09:51:09Z,2026-08-09T12:02:32Z,2.19
SO45 5HE,SEPD,HV,1,TU3364,103,2026-08-09T09:51:09Z,2026-08-09T12:02:32Z,2.19
SO45 5HF,SEPD,HV,1,TU3364,103,2026-08-09T09:51:09Z,2026-08-09T12:02:32Z,2.19
SO45 5JA,SEPD,HV,1,TU3364,103,2026-08-09T09:51:09Z,2026-08-09T12:02:32Z,2.19
SO45 5QW,SEPD,HV,1,TU3364,103,2026-08-09T09:51:09Z,2026-08-09T12:02:32Z,2.19
SO45 5QX,SEPD,HV,1,TU3364,103,2026-08-09T09:51:09Z,2026-08-09T12:02:32Z,2.19
SO45 5QY,SEPD,HV,1,TU3364,103,2026-08-09T09:51:09Z,2026-08-09T12:02:32Z,2.19
SO45 5SF,SEPD,HV,1,TU3364,103,2026-08-09T09:51:09Z,2026-08-09T12:02:32Z,2.19
SO45 5SG,SEPD,HV,1,TU3364,103,2026-08-09T09:51:09Z,2026-08-09T12:02:32Z,2.19
SO45 5SH,SEPD,HV,1,TU3364,103,2026-08-09T09:51:09Z,2026-08-09T12:02:32Z,2.19
SO45 5SZ,SEPD,HV,1,TU3364,103,2026-08-09T09:51:09Z,2026-08-09T12:02:32Z,2.19
SO45 5TA,SEPD,HV,1,TU3364,103,2026-08-09T09:51:09Z,2026-08-09T12:02:32Z,2.19
SO45 5TB,SEPD,HV,1,TU3364,103,2026-08-09T09:51:09Z,2026-08-09T12:02:32Z,2.19
SO45 5TD,SEPD,HV,1,TU3364,103,2026-08-09T09:51:09Z,2026-08-09T12:02:32Z,2.19
SO45 5TE,SEPD,HV,1,TU3364,103,2026-08-09T09:51:09Z,2026-08-09T12:02:32Z,2.19
SO45 5TF,SEPD,HV,1,TU3364,103,2026-08-09T09:51:09Z,2026-08-09T12:02:32Z,2.19
SO45 5TH,SEPD,HV,1,TU3364,103,2026-08-09T09:51:09Z,2026-08-09T12:02:32Z,2.19
SO45 5TJ,SEPD,HV,1,TU3364,103,2026-08-09T09:51:09Z,2026-08-09T12:02:32Z,2.19
SO45 5TL,SEPD,HV,1,TU3364,103,2026-08-09T09:51:09Z,2026-08-09T12:02:32Z,2.19
SO45 5TN,SEPD,HV,1,TU3364,103,2026-08-09T09:51:09Z,2026-08-09T12:02:32Z,2.19
SO45 5TS,SEPD,HV,1,TU3364,103,2026-08-09T09:51:09Z,2026-08-09T12:02:32Z,2.19
SO45 5TU,SEPD,HV,1,TU3364,103,2026-08-09T09:51:09Z,2026-08-09T12:02:32Z,2.19
SO45 5TX,SEPD,HV,1,TU3364,103,2026-08-09T09:51:09Z,2026-08-09T12:02:32Z,2.19
SO45 5TZ,SEPD,HV,1,TU3364,103,2026-08-09T09:51:09Z,2026-08-09T12:02:32Z,2.19
SO45 5UA,SEPD,HV,1,TU3364,103,2026-08-09T09:51:09Z,2026-08-09T12:02:32Z,2.19
SO45 5UB,SEPD,HV,1,TU3364,103,2026-08-09T09:51:09Z,2026-08-09T12:02:32Z,2.19
SO45 5UD,SEPD,HV,1,TU3364,103,2026-08-09T09:51:09Z,2026-08-09T12:02:32Z,2.19
SO45 5UE,SEPD,HV,1,TU3364,103,2026-08-09T09:51:09Z,2026-08-09T12:02:32Z,2.19
SO45 5UF,SEPD,HV,1,TU3364,103,2026-08-09T09:51:09Z,2026-08-09T12:02:32Z,2.19
SO45 5UG,SEPD,HV,1,TU3364,103,2026-08-09T09:51:09Z,2026-08-09T12:02:32Z,2.19
SO45 5UH,SEPD,HV,1,TU3364,103,2026-08-09T09:51:09Z,2026-08-09T12:02:32Z,2.19
SO45 5UJ,SEPD,HV,1,TU3364,103,2026-08-09T09:51:09Z,2026-08-09T12:02:32Z,2.19
SO45 5UL,SEPD,HV,1,TU3364,103,2026-08-09T09:51:09Z,2026-08-09T12:02:32Z,2.19
SO45 5UN,SEPD,HV,1,TU3364,103,2026-08-09T09:51:09Z,2026-08-09T12:02:32Z,2.19
SO45 5UP,SEPD,HV,1,TU3364,103,2026-08-09T09:51:09Z,2026-08-09T12:02:32Z,2.19
SO45 5UR,SEPD,HV,1,TU3364,103,2026-08-09T09:51:09Z,2026-08-09T12:02:32Z,2.19
SO45 5UU,SEPD,HV,1,TU3364,103,2026-08-09T09:51:09Z,2026-08-09T12:02:32Z,2.19
SO45 5UW,SEPD,HV,1,TU3364,103,2026-08-09T09:51:09Z,2026-08-09T12:02:32Z,2.19
SO45 5UX,SEPD,HV,1,TU3364,103,2026-08-09T09:51:09Z,2026-08-09T12:02:32Z,2.19
SO45 5UY,SEPD,HV,1,TU3364,103,2026-08-09T09:51:09Z,2026-08-09T12:02:32Z,2.19
SO45 5UZ,SEPD,HV,1,TU3364,103,2026-08-09T09:51:09Z,2026-08-09T12:02:32Z,2.19
SO45 5WA,SEPD,HV,1,TU3364,103,2026-08-09T09:51:09Z,2026-08-09T12:02:32Z,2.19
SO45 5WB,SEPD,HV,1,TU3364,103,2026-08-09T09:51:09Z,2026-08-09T12:02:32Z,2.19
SO45 5WD,SEPD,HV,1,TU3364,103,2026-08-09T09:51:09Z,2026-08-09T12:02:32Z,2.19
SO45 5WE,SEPD,HV,1,TU3364,103,2026-08-09T09:51:09Z,2026-08-09T12:02:32Z,2.19
SO45 5WF,SEPD,HV,1,TU3364,103,2026-08-09T09:51:09Z,2026-08-09T12:02:32Z,2.19
SO45 5WG,SEPD,HV,1,TU3364,103,2026-08-09T09:51:09Z,2026-08-09T12:02:32Z,2.19
SO45 5WH,SEPD,HV,1,TU3364,103,2026-08-09T09:51:09Z,2026-08-09T12:02:32Z,2.19
SO45 5WJ,SEPD,HV,1,TU3364,103,2026-08-09T09:51:09Z,2026-08-09T12:02:32Z,2.19
SO45 5WL,SEPD,HV,1,TU3364,103,2026-08-09T09:51:09Z,2026-08-09T12:02:32Z,2.19
SO45 5WN,SEPD,HV,1,TU3364,103,2026-08-09T09:51:09Z,2026-08-09T12:02:32Z,2.19
SO45 5WP,SEPD,HV,1,TU3364,103,2026-08-09T09:51:09Z,2026-08-09T12:02:32Z,2.19
RG23 8NF,SEPD,LV,1,TU6979,12,2026-08-11T17:12:25Z,2026-08-11T19:18:24Z,2.1
RG23 8NG,SEPD,LV,1,TU6979,12,2026-08-11T17:12:25Z,2026-08-11T19:18:24Z,2.1
RG23 8NH,SEPD,LV,1,TU6979,12,2026-08-11T17:12:25Z,2026-08-11T19:18:24Z,2.1
SN16 9DW,SEPD,HV,1,TU7049,168,2026-08-11T17:12:25Z,2026-08-11T19:18:24Z,2.1
SN16 9EE,SEPD,HV,1,TU7049,168,2026-08-11T17:12:25Z,2026-08-11T19:18:24Z,2.1
SN16 9EP,SEPD,HV,1,TU7049,168,2026-08-11T17:12:25Z,2026-08-11T19:18:24Z,2.1
SN16 9ER,SEPD,HV,1,TU7049,168,2026-08-11T17:12:25Z,2026-08-11T19:18:24Z,2.1
SN16 9EU,SEPD,HV,1,TU7049,168,2026-08-11T17:12:25Z,2026-08-11T19:18:24Z,2.1
SN16 9EW,SEPD,HV,1,TU7049,168,2026-08-11T17:12:25Z,2026-08-11T19:18:24Z,2.1
SN16 9EX,SEPD,HV,1,TU7049,168,2026-08-11T17:12:25Z,2026-08-11T19:18:24Z,2.1
SN16 9JZ,SEPD,HV,1,TU7049,168,2026-08-11T17:12:25Z,2026-08-11T19:18:24Z,2.1
SN16 9LA,SEPD,HV,1,TU7049,168,2026-08-11T17:12:25Z,2026-08-11T19:18:24Z,2.1
SN16 9LE,SEPD,HV,1,TU7049,168,2026-08-11T17:12:25Z,2026-08-11T19:18:24Z,2.1
SN16 9LF,SEPD,HV,1,TU7049,168,2026-08-11T17:12:25Z,2026-08-11T19:18:24Z,2.1
SN16 9LG,SEPD,HV,1,TU7049,168,2026-08-11T17:12:25Z,2026-08-11T19:18:24Z,2.1
SN16 9LQ,SEPD,HV,1,TU7049,168,2026-08-11T17:12:25Z,2026-08-11T19:18:24Z,2.1
SN16 9LR,SEPD,HV,1,TU7049,168,2026-08-11T17:12:25Z,2026-08-11T19:18:24Z,2.1
SN16 9RY,SEPD,HV,1,TU7049,168,2026-08-11T17:12:25Z,2026-08-11T19:18:24Z,2.1
SN16 9TS,SEPD,HV,1,TU7049,168,2026-08-11T17:12:25Z,2026-08-11T19:18:24Z,2.1
DD8 3QT,SHEPD,HV,3,"TU5436,TU6182,TU6294",72,2026-08-10T18:03:51Z,2026-08-11T10:35:19Z,2.02
DD8 3QU,SHEPD,HV,3,"TU5436,TU6182,TU6294",72,2026-08-10T18:03:51Z,2026-08-11T10:35:19Z,2.02
DD9 6SB,SHEPD,HV,3,"TU5436,TU6182,TU6294",72,2026-08-10T18:03:51Z,2026-08-11T10:35:19Z,2.02
DD9 6SD,SHEPD,HV,3,"TU5436,TU6182,TU6294",72,2026-08-10T18:03:51Z,2026-08-11T10:35:19Z,2.02
RG40 3DN,SEPD,"HV,LV",2,"TU2009,TU2076",18,2026-08-07T17:32:55Z,2026-08-07T20:18:00Z,2.0
RG40 3DW,SEPD,"HV,LV",2,"TU2009,TU2076",18,2026-08-07T17:32:55Z,2026-08-07T20:18:00Z,2.0
RG40 3EE,SEPD,"HV,LV",2,"TU2009,TU2076",18,2026-08-07T17:32:55Z,2026-08-07T20:18:00Z,2.0
GU14 9NN,SEPD,"HV,LV",2,"TU7132,TU7184",188,2026-08-11T18:08:07Z,2026-08-11T20:07:27Z,1.99
GU14 9NW,SEPD,"HV,LV",2,"TU7132,TU7184",188,2026-08-11T18:08:07Z,2026-08-11T20:07:27Z,1.99
GU14 9NG,SEPD,HV,1,TU7132,172,2026-08-11T18:08:07Z,2026-08-11T20:07:27Z,1.99
GU14 9NH,SEPD,HV,1,TU7132,172,2026-08-11T18:08:07Z,2026-08-11T20:07:27Z,1.99
GU14 9NJ,SEPD,HV,1,TU7132,172,2026-08-11T18:08:07Z,2026-08-11T20:07:27Z,1.99
GU14 9NP,SEPD,HV,1,TU7132,172,2026-08-11T18:08:07Z,2026-08-11T20:07:27Z,1.99
GU14 9NQ,SEPD,HV,1,TU7132,172,2026-08-11T18:08:07Z,2026-08-11T20:07:27Z,1.99
GU14 9NT,SEPD,HV,1,TU7132,172,2026-08-11T18:08:07Z,2026-08-11T20:07:27Z,1.99
GU14 9NZ,SEPD,HV,1,TU7132,172,2026-08-11T18:08:07Z,2026-08-11T20:07:27Z,1.99
GU14 9PG,SEPD,HV,1,TU7132,172,2026-08-11T18:08:07Z,2026-08-11T20:07:27Z,1.99
GU14 9PH,SEPD,HV,1,TU7132,172,2026-08-11T18:08:07Z,2026-08-11T20:07:27Z,1.99
GU14 9PJ,SEPD,HV,1,TU7132,172,2026-08-11T18:08:07Z,2026-08-11T20:07:27Z,1.99
GU14 9PL,SEPD,HV,1,TU7132,172,2026-08-11T18:08:07Z,2026-08-11T20:07:27Z,1.99
GU14 9PQ,SEPD,HV,1,TU7132,172,2026-08-11T18:08:07Z,2026-08-11T20:07:27Z,1.99
RG17 0RD,SEPD,PSI,1,253162,17,2026-08-08T08:58:38Z,2026-08-08T10:55:31Z,1.95
RG17 0RP,SEPD,PSI,1,253162,17,2026-08-08T08:58:38Z,2026-08-08T10:55:31Z,1.95
SN8 3QX,SEPD,PSI,1,253162,17,2026-08-08T08:58:38Z,2026-08-08T10:55:31Z,1.95
SN8 3QY,SEPD,PSI,1,253162,17,2026-08-08T08:58:38Z,2026-08-08T10:55:31Z,1.95
SN8 3QZ,SEPD,PSI,1,253162,17,2026-08-08T08:58:38Z,2026-08-08T10:55:31Z,1.95
DT2 0PL,SEPD,HV,1,TU3673,16,2026-08-09T18:18:33Z,2026-08-09T20:15:05Z,1.94
DT2 0PN,SEPD,HV,1,TU3673,16,2026-08-09T18:18:33Z,2026-08-09T20:15:05Z,1.94
DT2 0PP,SEPD,HV,1,TU3673,16,2026-08-09T18:18:33Z,2026-08-09T20:15:05Z,1.94
PA41 7AA,SHEPD,HV,1,TU2845,7,2026-08-08T16:57:39Z,2026-08-08T18:54:00Z,1.94
PA41 7AB,SHEPD,HV,1,TU2845,7,2026-08-08T16:57:39Z,2026-08-08T18:54:00Z,1.94
BH12 1PD,SEPD,HV,1,TU3935,2,2026-08-09T23:16:07Z,2026-08-10T01:11:33Z,1.92
BH12 1PH,SEPD,HV,1,TU3935,2,2026-08-09T23:16:07Z,2026-08-10T01:11:33Z,1.92
BH12 1PJ,SEPD,HV,1,TU3935,2,2026-08-09T23:16:07Z,2026-08-10T01:11:33Z,1.92
BH12 1PQ,SEPD,HV,1,TU3935,2,2026-08-09T23:16:07Z,2026-08-10T01:11:33Z,1.92
BH12 1PY,SEPD,HV,1,TU3935,2,2026-08-09T23:16:07Z,2026-08-10T01:11:33Z,1.92
BH12 4BL,SEPD,HV,1,TU3935,2,2026-08-09T23:16:07Z,2026-08-10T01:11:33Z,1.92
BH12 4BN,SEPD,HV,1,TU3935,2,2026-08-09T23:16:07Z,2026-08-10T01:11:33Z,1.92
BH12 4BR,SEPD,HV,1,TU3935,2,2026-08-09T23:16:07Z,2026-08-10T01:11:33Z,1.92
BH12 4BS,SEPD,HV,1,TU3935,2,2026-08-09T23:16:07Z,2026-08-10T01:11:33Z,1.92
BH12 4BT,SEPD,HV,1,TU3935,2,2026-08-09T23:16:07Z,2026-08-10T01:11:33Z,1.92
BH12 4BW,SEPD,HV,1,TU3935,2,2026-08-09T23:16:07Z,2026-08-10T01:11:33Z,1.92
BH12 4BY,SEPD,HV,1,TU3935,2,2026-08-09T23:16:07Z,2026-08-10T01:11:33Z,1.92
BH12 4DJ,SEPD,HV,1,TU3935,2,2026-08-09T23:16:07Z,2026-08-10T01:11:33Z,1.92
BH12 4DL,SEPD,HV,1,TU3935,2,2026-08-09T23:16:07Z,2026-08-10T01:11:33Z,1.92
BH12 4DN,SEPD,HV,1,TU3935,2,2026-08-09T23:16:07Z,2026-08-10T01:11:33Z,1.92
BH12 4EH,SEPD,HV,1,TU3935,2,2026-08-09T23:16:07Z,2026-08-10T01:11:33Z,1.92
BH12 4EQ,SEPD,HV,1,TU3935,2,2026-08-09T23:16:07Z,2026-08-10T01:11:33Z,1.92
BH12 5BE,SEPD,HV,1,TU3935,2,2026-08-09T23:16:07Z,2026-08-10T01:11:33Z,1.92
BH12 5BG,SEPD,HV,1,TU3935,2,2026-08-09T23:16:07Z,2026-08-10T01:11:33Z,1.92
BH12 5BH,SEPD,HV,1,TU3935,2,2026-08-09T23:16:07Z,2026-08-10T01:11:33Z,1.92
BH12 5BN,SEPD,HV,1,TU3935,2,2026-08-09T23:16:07Z,2026-08-10T01:11:33Z,1.92
BH12 5BQ,SEPD,HV,1,TU3935,2,2026-08-09T23:16:07Z,2026-08-10T01:11:33Z,1.92
BH12 5BW,SEPD,HV,1,TU3935,2,2026-08-09T23:16:07Z,2026-08-10T01:11:33Z,1.92
BH12 5DP,SEPD,HV,1,TU3935,2,2026-08-09T23:16:07Z,2026-08-10T01:11:33Z,1.92
BH12 5DR,SEPD,HV,1,TU3935,2,2026-08-09T23:16:07Z,2026-08-10T01:11:33Z,1.92
BH12 5DU,SEPD,HV,1,TU3935,2,2026-08-09T23:16:07Z,2026-08-10T01:11:33Z,1.92
BH12 5EB,SEPD,HV,1,TU3935,2,2026-08-09T23:16:07Z,2026-08-10T01:11:33Z,1.92
BH12 5ED,SEPD,HV,1,TU3935,2,2026-08-09T23:16:07Z,2026-08-10T01:11:33Z,1.92
DD2 5JZ,SHEPD,PSI,1,253629,8,2026-08-11T08:40:02Z,2026-08-11T10:35:19Z,1.92
DD2 5LA,SHEPD,PSI,1,253629,8,2026-08-11T08:40:02Z,2026-08-11T10:35:19Z,1.92
DT11 7TD,SEPD,LV,1,TU6005,8,2026-08-11T08:40:02Z,2026-08-11T10:35:19Z,1.92
DT11 8AR,SEPD,LV,1,TU6005,8,2026-08-11T08:40:02Z,2026-08-11T10:35:19Z,1.92
DT11 8ST,SEPD,LV,1,TU6005,8,2026-08-11T08:40:02Z,2026-08-11T10:35:19Z,1.92
SP7 0AZ,SEPD,"LV,HV",2,"TU4422,TU4919",35,2026-08-10T09:47:46Z,2026-08-10T12:33:40Z,1.91
BH22 9LE,SEPD,PSI,1,253618,18,2026-08-10T09:47:46Z,2026-08-10T11:42:10Z,1.91
BH22 9LG,SEPD,PSI,1,253618,18,2026-08-10T09:47:46Z,2026-08-10T11:42:10Z,1.91
BH22 9LQ,SEPD,PSI,1,253618,18,2026-08-10T09:47:46Z,2026-08-10T11:42:10Z,1.91
DT2,SEPD,PSI,1,253101,35,2026-08-10T09:47:46Z,2026-08-10T11:42:10Z,1.91
RG20 0AJ,SEPD,PSI,1,253913,29,2026-08-10T09:47:46Z,2026-08-10T11:42:10Z,1.91
RG20 0AL,SEPD,PSI,1,253913,29,2026-08-10T09:47:46Z,2026-08-10T11:42:10Z,1.91
RG20 0AN,SEPD,PSI,1,253913,29,2026-08-10T09:47:46Z,2026-08-10T11:42:10Z,1.91
RG20 0AW,SEPD,PSI,1,253913,29,2026-08-10T09:47:46Z,2026-08-10T11:42:10Z,1.91
RG20 0AX,SEPD,PSI,1,253913,29,2026-08-10T09:47:46Z,2026-08-10T11:42:10Z,1.91
BH23 8NN,SEPD,LV,1,TM3652,15,2026-08-08T12:01:39Z,2026-08-08T13:55:41Z,1.9
BH23 8NR,SEPD,LV,1,TM3652,15,2026-08-08T12:01:39Z,2026-08-08T13:55:41Z,1.9
BH23 8NU,SEPD,LV,1,TM3652,15,2026-08-08T12:01:39Z,2026-08-08T13:55:41Z,1.9
BH23 8NX,SEPD,LV,1,TM3652,15,2026-08-08T12:01:39Z,2026-08-08T13:55:41Z,1.9
IV20 1UP,SHEPD,HV,1,TU4126,130,2026-08-10T06:17:29Z,2026-08-10T08:10:05Z,1.88
IV20 1UR,SHEPD,HV,1,TU4126,130,2026-08-10T06:17:29Z,2026-08-10T08:10:05Z,1.88
IV20 1UT,SHEPD,HV,1,TU4126,130,2026-08-10T06:17:29Z,2026-08-10T08:10:05Z,1.88
IV20 1UU,SHEPD,HV,1,TU4126,130,2026-08-10T06:17:29Z,2026-08-10T08:10:05Z,1.88
IV20 1UW,SHEPD,HV,1,TU4126,130,2026-08-10T06:17:29Z,2026-08-10T08:10:05Z,1.88
IV20 1UX,SHEPD,HV,1,TU4126,130,2026-08-10T06:17:29Z,2026-08-10T08:10:05Z,1.88
IV20 1WP,SHEPD,HV,1,TU4126,130,2026-08-10T06:17:29Z,2026-08-10T08:10:05Z,1.88
IV20 1XN,SHEPD,HV,1,TU4126,130,2026-08-10T06:17:29Z,2026-08-10T08:10:05Z,1.88
IV20 1XQ,SHEPD,HV,1,TU4126,130,2026-08-10T06:17:29Z,2026-08-10T08:10:05Z,1.88
IV20 1XT,SHEPD,HV,1,TU4126,130,2026-08-10T06:17:29Z,2026-08-10T08:10:05Z,1.88
IV20 1XU,SHEPD,HV,1,TU4126,130,2026-08-10T06:17:29Z,2026-08-10T08:10:05Z,1.88
IV20 1XY,SHEPD,HV,1,TU4126,130,2026-08-10T06:17:29Z,2026-08-10T08:10:05Z,1.88
IV20 1XZ,SHEPD,HV,1,TU4126,130,2026-08-10T06:17:29Z,2026-08-10T08:10:05Z,1.88
RG7 4HT,SEPD,HV,1,TU3731,34,2026-08-09T19:47:38Z,2026-08-09T21:40:28Z,1.88
GL7 1RZ,SEPD,HV,1,TU5364,9,2026-08-10T16:12:31Z,2026-08-10T18:03:51Z,1.86
GL7 5DS,SEPD,HV,1,TU5364,9,2026-08-10T16:12:31Z,2026-08-10T18:03:51Z,1.86
GL7 5HB,SEPD,HV,1,TU5364,9,2026-08-10T16:12:31Z,2026-08-10T18:03:51Z,1.86
GL7 5RH,SEPD,HV,1,TU5364,9,2026-08-10T16:12:31Z,2026-08-10T18:03:51Z,1.86
GL7 5RJ,SEPD,HV,1,TU5364,9,2026-08-10T16:12:31Z,2026-08-10T18:03:51Z,1.86
SO41 9FB,SEPD,LV,1,TU5313,32,2026-08-10T16:12:31Z,2026-08-10T18:03:51Z,1.86
SO41 9GF,SEPD,LV,1,TU5313,32,2026-08-10T16:12:31Z,2026-08-10T18:03:51Z,1.86
SO41 9GG,SEPD,LV,1,TU5313,32,2026-08-10T16:12:31Z,2026-08-10T18:03:51Z,1.86
SO41 9GH,SEPD,LV,1,TU5313,32,2026-08-10T16:12:31Z,2026-08-10T18:03:51Z,1.86
SO41 9LY,SEPD,LV,1,TU5313,32,2026-08-10T16:12:31Z,2026-08-10T18:03:51Z,1.86
SO41 9NE,SEPD,LV,1,TU5313,32,2026-08-10T16:12:31Z,2026-08-10T18:03:51Z,1.86
SO41 9NG,SEPD,LV,1,TU5313,32,2026-08-10T16:12:31Z,2026-08-10T18:03:51Z,1.86
SO41 9NH,SEPD,LV,1,TU5313,32,2026-08-10T16:12:31Z,2026-08-10T18:03:51Z,1.86
SO41 9NL,SEPD,LV,1,TU5313,32,2026-08-10T16:12:31Z,2026-08-10T18:03:51Z,1.86
SO41 9TN,SEPD,LV,1,TU5313,32,2026-08-10T16:12:31Z,2026-08-10T18:03:51Z,1.86
GU51 3BL,SEPD,LV,1,TU5771,6,2026-08-11T10:35:19Z,2026-08-11T12:25:31Z,1.84
GU51 4BE,SEPD,LV,1,TU5771,6,2026-08-11T10:35:19Z,2026-08-11T12:25:31Z,1.84
DD9 7BQ,SHEPD,LV,2,"TT7633,TU0854",31,2026-08-05T15:30:21Z,2026-08-07T05:09:39Z,1.81
DD9 7BY,SHEPD,LV,2,"TT7633,TU0854",31,2026-08-05T15:30:21Z,2026-08-07T05:09:39Z,1.81
DD9 7BZ,SHEPD,LV,2,"TT7633,TU0854",31,2026-08-05T15:30:21Z,2026-08-07T05:09:39Z,1.81
DD9 7DD,SHEPD,LV,2,"TT7633,TU0854",31,2026-08-05T15:30:21Z,2026-08-07T05:09:39Z,1.81
DD9 7DG,SHEPD,LV,2,"TT7633,TU0854",31,2026-08-05T15:30:21Z,2026-08-07T05:09:39Z,1.81
DD9 7DL,SHEPD,LV,2,"TT7633,TU0854",31,2026-08-05T15:30:21Z,2026-08-07T05:09:39Z,1.81
KA27 8,SHEPD,HV,1,TU1296,576,2026-08-07T10:36:24Z,2026-08-07T12:24:56Z,1.81
KA27 8DP,SHEPD,HV,1,TU1296,576,2026-08-07T10:36:24Z,2026-08-07T12:24:56Z,1.81
KA27 8DT,SHEPD,HV,1,TU1296,576,2026-08-07T10:36:24Z,2026-08-07T12:24:56Z,1.81
KA27 8DU,SHEPD,HV,1,TU1296,576,2026-08-07T10:36:24Z,2026-08-07T12:24:56Z,1.81
KA27 8DX,SHEPD,HV,1,TU1296,576,2026-08-07T10:36:24Z,2026-08-07T12:24:56Z,1.81
KA27 8DY,SHEPD,HV,1,TU1296,576,2026-08-07T10:36:24Z,2026-08-07T12:24:56Z,1.81
KA27 8EA,SHEPD,HV,1,TU1296,576,2026-08-07T10:36:24Z,2026-08-07T12:24:56Z,1.81
KA27 8EE,SHEPD,HV,1,TU1296,576,2026-08-07T10:36:24Z,2026-08-07T12:24:56Z,1.81
KA27 8EF,SHEPD,HV,1,TU1296,576,2026-08-07T10:36:24Z,2026-08-07T12:24:56Z,1.81
KA27 8EG,SHEPD,HV,1,TU1296,576,2026-08-07T10:36:24Z,2026-08-07T12:24:56Z,1.81
KA27 8EL,SHEPD,HV,1,TU1296,576,2026-08-07T10:36:24Z,2026-08-07T12:24:56Z,1.81
KA27 8EN,SHEPD,HV,1,TU1296,576,2026-08-07T10:36:24Z,2026-08-07T12:24:56Z,1.81
KA27 8EP,SHEPD,HV,1,TU1296,576,2026-08-07T10:36:24Z,2026-08-07T12:24:56Z,1.81
KA27 8ER,SHEPD,HV,1,TU1296,576,2026-08-07T10:36:24Z,2026-08-07T12:24:56Z,1.81
KA27 8ES,SHEPD,HV,1,TU1296,576,2026-08-07T10:36:24Z,2026-08-07T12:24:56Z,1.81
KA27 8ET,SHEPD,HV,1,TU1296,576,2026-08-07T10:36:24Z,2026-08-07T12:24:56Z,1.81
KA27 8EW,SHEPD,HV,1,TU1296,576,2026-08-07T10:36:24Z,2026-08-07T12:24:56Z,1.81
KA27 8EZ,SHEPD,HV,1,TU1296,576,2026-08-07T10:36:24Z,2026-08-07T12:24:56Z,1.81
KA27 8HA,SHEPD,HV,1,TU1296,576,2026-08-07T10:36:24Z,2026-08-07T12:24:56Z,1.81
KA27 8HB,SHEPD,HV,1,TU1296,576,2026-08-07T10:36:24Z,2026-08-07T12:24:56Z,1.81
KA27 8HD,SHEPD,HV,1,TU1296,576,2026-08-07T10:36:24Z,2026-08-07T12:24:56Z,1.81
KA27 8HE,SHEPD,HV,1,TU1296,576,2026-08-07T10:36:24Z,2026-08-07T12:24:56Z,1.81
KA27 8HG,SHEPD,HV,1,TU1296,576,2026-08-07T10:36:24Z,2026-08-07T12:24:56Z,1.81
KA27 8PA,SHEPD,HV,1,TU1296,576,2026-08-07T10:36:24Z,2026-08-07T12:24:56Z,1.81
KA27 8PB,SHEPD,HV,1,TU1296,576,2026-08-07T10:36:24Z,2026-08-07T12:24:56Z,1.81
KA27 8PE,SHEPD,HV,1,TU1296,576,2026-08-07T10:36:24Z,2026-08-07T12:24:56Z,1.81
KA27 8PF,SHEPD,HV,1,TU1296,576,2026-08-07T10:36:24Z,2026-08-07T12:24:56Z,1.81
KA27 8RW,SHEPD,HV,1,TU1296,576,2026-08-07T10:36:24Z,2026-08-07T12:24:56Z,1.81
SO18 3NL,SEPD,LV,1,TU1338,20,2026-08-07T10:36:24Z,2026-08-07T12:24:56Z,1.81
SO18 5PS,SEPD,LV,1,TU1338,20,2026-08-07T10:36:24Z,2026-08-07T12:24:56Z,1.81
SO18 5PT,SEPD,LV,1,TU1338,20,2026-08-07T10:36:24Z,2026-08-07T12:24:56Z,1.81
SO18 5PU,SEPD,LV,1,TU1338,20,2026-08-07T10:36:24Z,2026-08-07T12:24:56Z,1.81
SO18 5PX,SEPD,LV,1,TU1338,20,2026-08-07T10:36:24Z,2026-08-07T12:24:56Z,1.81
AB30 1XB,SHEPD,PSI,1,252780,12,2026-08-07T09:42:46Z,2026-08-07T11:30:35Z,1.8
AB30 1XD,SHEPD,PSI,1,252780,12,2026-08-07T09:42:46Z,2026-08-07T11:30:35Z,1.8
AB30 1XJ,SHEPD,PSI,1,252780,12,2026-08-07T09:42:46Z,2026-08-07T11:30:35Z,1.8
PA34 4RH,SHEPD,PSI,1,253567,3,2026-08-07T09:42:46Z,2026-08-07T11:30:35Z,1.8
RG18 3FA,SEPD,PSI,1,253989,81,2026-08-07T09:42:46Z,2026-08-07T11:30:35Z,1.8
AB51 5BA,SHEPD,HV,1,TU1858,15,2026-08-07T14:46:30Z,2026-08-07T16:33:42Z,1.79
SN6 6PW,SEPD,"PSI,LV",2,"252700,TT8357",12,2026-08-05T11:28:08Z,2026-08-05T13:13:30Z,1.76
BA2 7QT,SEPD,PSI,1,252363,5,2026-08-05T11:28:08Z,2026-08-05T13:13:30Z,1.76
BA2 7QU,SEPD,PSI,1,252363,5,2026-08-05T11:28:08Z,2026-08-05T13:13:30Z,1.76
BA2 7RG,SEPD,PSI,1,252363,5,2026-08-05T11:28:08Z,2026-08-05T13:13:30Z,1.76
BH21 3RE,SEPD,PSI,1,253336,18,2026-08-05T11:28:08Z,2026-08-05T13:13:30Z,1.76
BH21 3RG,SEPD,PSI,1,253336,18,2026-08-05T11:28:08Z,2026-08-05T13:13:30Z,1.76
BH21 3RL,SEPD,PSI,1,253336,18,2026-08-05T11:28:08Z,2026-08-05T13:13:30Z,1.76
DD2 1BJ,SHEPD,LV,1,TT8117,14,2026-08-05T11:28:08Z,2026-08-05T13:13:30Z,1.76
DD2 1EP,SHEPD,LV,1,TT8117,14,2026-08-05T11:28:08Z,2026-08-05T13:13:30Z,1.76
DD2 1EQ,SHEPD,LV,1,TT8117,14,2026-08-05T11:28:08Z,2026-08-05T13:13:30Z,1.76
DT3 4HS,SEPD,LV,1,TT8426,24,2026-08-05T11:28:08Z,2026-08-05T13:13:30Z,1.76
DT3 4HT,SEPD,LV,1,TT8426,24,2026-08-05T11:28:08Z,2026-08-05T13:13:30Z,1.76
DT3 4HU,SEPD,LV,1,TT8426,24,2026-08-05T11:28:08Z,2026-08-05T13:13:30Z,1.76
DT3 4HX,SEPD,LV,1,TT8426,24,2026-08-05T11:28:08Z,2026-08-05T13:13:30Z,1.76
DT3 4HY,SEPD,LV,1,TT8426,24,2026-08-05T11:28:08Z,2026-08-05T13:13:30Z,1.76
DT3 4HZ,SEPD,LV,1,TT8426,24,2026-08-05T11:28:08Z,2026-08-05T13:13:30Z,1.76
DT3 4JB,SEPD,LV,1,TT8426,24,2026-08-05T11:28:08Z,2026-08-05T13:13:30Z,1.76
DT3 4JD,SEPD,LV,1,TT8426,24,2026-08-05T11:28:08Z,2026-08-05T13:13:30Z,1.76
DT3 4LP,SEPD,LV,1,TT8426,24,2026-08-05T11:28:08Z,2026-08-05T13:13:30Z,1.76
DT3 4NY,SEPD,LV,1,TT8426,24,2026-08-05T11:28:08Z,2026-08-05T13:13:30Z,1.76
FK14 7LP,SHEPD,PSI,1,253765,66,2026-08-05T11:28:08Z,2026-08-05T13:13:30Z,1.76
FK14 7LQ,SHEPD,PSI,1,253765,66,2026-08-05T11:28:08Z,2026-08-05T13:13:30Z,1.76
FK14 7LW,SHEPD,PSI,1,253765,66,2026-08-05T11:28:08Z,2026-08-05T13:13:30Z,1.76
FK14 7NJ,SHEPD,PSI,1,253765,66,2026-08-05T11:28:08Z,2026-08-05T13:13:30Z,1.76
FK14 7NW,SHEPD,PSI,1,253765,66,2026-08-05T11:28:08Z,2026-08-05T13:13:30Z,1.76
FK14 7PW,SHEPD,PSI,1,253765,66,2026-08-05T11:28:08Z,2026-08-05T13:13:30Z,1.76
GU35 0QR,SEPD,PSI,1,253289,23,2026-08-05T11:28:08Z,2026-08-05T13:13:30Z,1.76
GU35 0QS,SEPD,PSI,1,253289,23,2026-08-05T11:28:08Z,2026-08-05T13:13:30Z,1.76
GU35 0QT,SEPD,PSI,1,253289,23,2026-08-05T11:28:08Z,2026-08-05T13:13:30Z,1.76
HS2 0DH,SHEPD,LV,1,TT8214,10,2026-08-05T11:28:08Z,2026-08-05T13:13:30Z,1.76
HS2 0DJ,SHEPD,LV,1,TT8214,10,2026-08-05T11:28:08Z,2026-08-05T13:13:30Z,1.76
HS2 0DL,SHEPD,LV,1,TT8214,10,2026-08-05T11:28:08Z,2026-08-05T13:13:30Z,1.76
HS2 0DN,SHEPD,LV,1,TT8214,10,2026-08-05T11:28:08Z,2026-08-05T13:13:30Z,1.76
IV15 9NQ,SHEPD,PSI,1,253761,52,2026-08-05T11:28:08Z,2026-08-05T13:13:30Z,1.76
IV15 9NR,SHEPD,PSI,1,253761,52,2026-08-05T11:28:08Z,2026-08-05T13:13:30Z,1.76
IV15 9NW,SHEPD,PSI,1,253761,52,2026-08-05T11:28:08Z,2026-08-05T13:13:30Z,1.76
IV15 9PX,SHEPD,PSI,1,253761,52,2026-08-05T11:28:08Z,2026-08-05T13:13:30Z,1.76
IV15 9QL,SHEPD,PSI,1,253761,52,2026-08-05T11:28:08Z,2026-08-05T13:13:30Z,1.76
IV15 9SD,SHEPD,PSI,1,253761,52,2026-08-05T11:28:08Z,2026-08-05T13:13:30Z,1.76
IV15 9US,SHEPD,PSI,1,253761,52,2026-08-05T11:28:08Z,2026-08-05T13:13:30Z,1.76
KW17 2RL,SHEPD,PSI,1,253755,16,2026-08-05T11:28:08Z,2026-08-05T13:13:30Z,1.76
KY13 0QG,SHEPD,PSI,1,253765,66,2026-08-05T11:28:08Z,2026-08-05T13:13:30Z,1.76
OX29 4BY,SEPD,PSI,1,252931,2,2026-08-05T11:28:08Z,2026-08-05T13:13:30Z,1.76
OX29 4DA,SEPD,PSI,1,252931,2,2026-08-05T11:28:08Z,2026-08-05T13:13:30Z,1.76
OX7 3JJ,SEPD,HV,1,TT8241,23,2026-08-05T11:28:08Z,2026-08-05T13:13:30Z,1.76
OX7 3JL,SEPD,HV,1,TT8241,23,2026-08-05T11:28:08Z,2026-08-05T13:13:30Z,1.76
OX7 3JN,SEPD,HV,1,TT8241,23,2026-08-05T11:28:08Z,2026-08-05T13:13:30Z,1.76
OX7 3LE,SEPD,HV,1,TT8241,23,2026-08-05T11:28:08Z,2026-08-05T13:13:30Z,1.76
OX7 4AA,SEPD,HV,1,TT8241,23,2026-08-05T11:28:08Z,2026-08-05T13:13:30Z,1.76
OX7 4AZ,SEPD,HV,1,TT8241,23,2026-08-05T11:28:08Z,2026-08-05T13:13:30Z,1.76
OX7 4BX,SEPD,HV,1,TT8241,23,2026-08-05T11:28:08Z,2026-08-05T13:13:30Z,1.76
OX7 4BZ,SEPD,HV,1,TT8241,23,2026-08-05T11:28:08Z,2026-08-05T13:13:30Z,1.76
OX7 4DX,SEPD,HV,1,TT8241,23,2026-08-05T11:28:08Z,2026-08-05T13:13:30Z,1.76
OX7 4DY,SEPD,HV,1,TT8241,23,2026-08-05T11:28:08Z,2026-08-05T13:13:30Z,1.76
OX7 4DZ,SEPD,HV,1,TT8241,23,2026-08-05T11:28:08Z,2026-08-05T13:13:30Z,1.76
OX7 4EN,SEPD,HV,1,TT8241,23,2026-08-05T11:28:08Z,2026-08-05T13:13:30Z,1.76
OX7 4EP,SEPD,HV,1,TT8241,23,2026-08-05T11:28:08Z,2026-08-05T13:13:30Z,1.76
OX7 4ER,SEPD,HV,1,TT8241,23,2026-08-05T11:28:08Z,2026-08-05T13:13:30Z,1.76
OX7 4ET,SEPD,HV,1,TT8241,23,2026-08-05T11:28:08Z,2026-08-05T13:13:30Z,1.76
OX7 4EW,SEPD,HV,1,TT8241,23,2026-08-05T11:28:08Z,2026-08-05T13:13:30Z,1.76
OX7 4FL,SEPD,HV,1,TT8241,23,2026-08-05T11:28:08Z,2026-08-05T13:13:30Z,1.76
OX7 4HH,SEPD,HV,1,TT8241,23,2026-08-05T11:28:08Z,2026-08-05T13:13:30Z,1.76
OX7 4HT,SEPD,HV,1,TT8241,23,2026-08-05T11:28:08Z,2026-08-05T13:13:30Z,1.76
OX7 4LA,SEPD,HV,1,TT8241,23,2026-08-05T11:28:08Z,2026-08-05T13:13:30Z,1.76
OX7 4LB,SEPD,HV,1,TT8241,23,2026-08-05T11:28:08Z,2026-08-05T13:13:30Z,1.76
OX7 4LD,SEPD,HV,1,TT8241,23,2026-08-05T11:28:08Z,2026-08-05T13:13:30Z,1.76
OX7 4LE,SEPD,HV,1,TT8241,23,2026-08-05T11:28:08Z,2026-08-05T13:13:30Z,1.76
OX7 4LF,SEPD,HV,1,TT8241,23,2026-08-05T11:28:08Z,2026-08-05T13:13:30Z,1.76
OX7 4LG,SEPD,HV,1,TT8241,23,2026-08-05T11:28:08Z,2026-08-05T13:13:30Z,1.76
OX7 4LH,SEPD,HV,1,TT8241,23,2026-08-05T11:28:08Z,2026-08-05T13:13:30Z,1.76
OX7 4LJ,SEPD,HV,1,TT8241,23,2026-08-05T11:28:08Z,2026-08-05T13:13:30Z,1.76
OX7 4LL,SEPD,HV,1,TT8241,23,2026-08-05T11:28:08Z,2026-08-05T13:13:30Z,1.76
OX7 4LN,SEPD,HV,1,TT8241,23,2026-08-05T11:28:08Z,2026-08-05T13:13:30Z,1.76
OX7 4LP,SEPD,HV,1,TT8241,23,2026-08-05T11:28:08Z,2026-08-05T13:13:30Z,1.76
OX7 4LQ,SEPD,HV,1,TT8241,23,2026-08-05T11:28:08Z,2026-08-05T13:13:30Z,1.76
OX7 4LR,SEPD,HV,1,TT8241,23,2026-08-05T11:28:08Z,2026-08-05T13:13:30Z,1.76
OX7 4LS,SEPD,HV,1,TT8241,23,2026-08-05T11:28:08Z,2026-08-05T13:13:30Z,1.76
OX7 4LT,SEPD,HV,1,TT8241,23,2026-08-05T11:28:08Z,2026-08-05T13:13:30Z,1.76
OX7 4LU,SEPD,HV,1,TT8241,23,2026-08-05T11:28:08Z,2026-08-05T13:13:30Z,1.76
OX7 4LW,SEPD,HV,1,TT8241,23,2026-08-05T11:28:08Z,2026-08-05T13:13:30Z,1.76
OX7 4LX,SEPD,HV,1,TT8241,23,2026-08-05T11:28:08Z,2026-08-05T13:13:30Z,1.76
OX7 4LY,SEPD,HV,1,TT8241,23,2026-08-05T11:28:08Z,2026-08-05T13:13:30Z,1.76
OX7 4LZ,SEPD,HV,1,TT8241,23,2026-08-05T11:28:08Z,2026-08-05T13:13:30Z,1.76
OX7 4NA,SEPD,HV,1,TT8241,23,2026-08-05T11:28:08Z,2026-08-05T13:13:30Z,1.76
OX7 4NB,SEPD,HV,1,TT8241,23,2026-08-05T11:28:08Z,2026-08-05T13:13:30Z,1.76
OX7 4ND,SEPD,HV,1,TT8241,23,2026-08-05T11:28:08Z,2026-08-05T13:13:30Z,1.76
OX7 4NE,SEPD,HV,1,TT8241,23,2026-08-05T11:28:08Z,2026-08-05T13:13:30Z,1.76
OX7 4NF,SEPD,HV,1,TT8241,23,2026-08-05T11:28:08Z,2026-08-05T13:13:30Z,1.76
OX7 4NG,SEPD,HV,1,TT8241,23,2026-08-05T11:28:08Z,2026-08-05T13:13:30Z,1.76
OX7 4NH,SEPD,HV,1,TT8241,23,2026-08-05T11:28:08Z,2026-08-05T13:13:30Z,1.76
OX7 4NJ,SEPD,HV,1,TT8241,23,2026-08-05T11:28:08Z,2026-08-05T13:13:30Z,1.76
OX7 4NL,SEPD,HV,1,TT8241,23,2026-08-05T11:28:08Z,2026-08-05T13:13:30Z,1.76
OX7 4NN,SEPD,HV,1,TT8241,23,2026-08-05T11:28:08Z,2026-08-05T13:13:30Z,1.76
OX7 4NP,SEPD,HV,1,TT8241,23,2026-08-05T11:28:08Z,2026-08-05T13:13:30Z,1.76
OX7 4NQ,SEPD,HV,1,TT8241,23,2026-08-05T11:28:08Z,2026-08-05T13:13:30Z,1.76
OX7 4NR,SEPD,HV,1,TT8241,23,2026-08-05T11:28:08Z,2026-08-05T13:13:30Z,1.76
OX7 4NT,SEPD,HV,1,TT8241,23,2026-08-05T11:28:08Z,2026-08-05T13:13:30Z,1.76
OX7 4NU,SEPD,HV,1,TT8241,23,2026-08-05T11:28:08Z,2026-08-05T13:13:30Z,1.76
OX7 4NX,SEPD,HV,1,TT8241,23,2026-08-05T11:28:08Z,2026-08-05T13:13:30Z,1.76
OX7 4NY,SEPD,HV,1,TT8241,23,2026-08-05T11:28:08Z,2026-08-05T13:13:30Z,1.76
PO30 4HB,SEPD,PSI,1,253137,59,2026-08-05T11:28:08Z,2026-08-05T13:13:30Z,1.76
PO30 4NJ,SEPD,PSI,1,253137,59,2026-08-05T11:28:08Z,2026-08-05T13:13:30Z,1.76
PO38 1RY,SEPD,PSI,1,253137,59,2026-08-05T11:28:08Z,2026-08-05T13:13:30Z,1.76
PO41 0TE,SEPD,PSI,1,253137,59,2026-08-05T11:28:08Z,2026-08-05T13:13:30Z,1.76
PO41 0TF,SEPD,PSI,1,253137,59,2026-08-05T11:28:08Z,2026-08-05T13:13:30Z,1.76
PO41 0TG,SEPD,PSI,1,253137,59,2026-08-05T11:28:08Z,2026-08-05T13:13:30Z,1.76
PO41 0TH,SEPD,PSI,1,253137,59,2026-08-05T11:28:08Z,2026-08-05T13:13:30Z,1.76
PO41 0TJ,SEPD,PSI,1,253137,59,2026-08-05T11:28:08Z,2026-08-05T13:13:30Z,1.76
PO41 0TL,SEPD,PSI,1,253137,59,2026-08-05T11:28:08Z,2026-08-05T13:13:30Z,1.76
PO41 0TN,SEPD,PSI,1,253137,59,2026-08-05T11:28:08Z,2026-08-05T13:13:30Z,1.76
PO41 0TQ,SEPD,PSI,1,253137,59,2026-08-05T11:28:08Z,2026-08-05T13:13:30Z,1.76
PO41 0YR,SEPD,PSI,1,253137,59,2026-08-05T11:28:08Z,2026-08-05T13:13:30Z,1.76
SN16 0HD,SEPD,LV,1,TT8326,20,2026-08-05T11:28:08Z,2026-08-05T13:13:30Z,1.76
SN16 0HJ,SEPD,LV,1,TT8326,20,2026-08-05T11:28:08Z,2026-08-05T13:13:30Z,1.76
SN16 0HL,SEPD,LV,1,TT8326,20,2026-08-05T11:28:08Z,2026-08-05T13:13:30Z,1.76
SN6 6PA,SEPD,PSI,1,252700,9,2026-08-05T11:28:08Z,2026-08-05T13:13:30Z,1.76
SO23 7JP,SEPD,LV,1,TT8159,4,2026-08-05T11:28:08Z,2026-08-05T13:13:30Z,1.76
SO23 7JR,SEPD,LV,1,TT8159,4,2026-08-05T11:28:08Z,2026-08-05T13:13:30Z,1.76
SO23 7JS,SEPD,LV,1,TT8159,4,2026-08-05T11:28:08Z,2026-08-05T13:13:30Z,1.76
SO23 7JX,SEPD,LV,1,TT8159,4,2026-08-05T11:28:08Z,2026-08-05T13:13:30Z,1.76
SO31 6UP,SEPD,LV,1,TR5036,18,2026-08-05T11:28:08Z,2026-08-05T13:13:30Z,1.76
SO50 8PZ,SEPD,LV,1,TT9097,32,2026-08-05T17:05:15Z,2026-08-05T18:49:16Z,1.73
SO50 8QA,SEPD,LV,1,TT9097,32,2026-08-05T17:05:15Z,2026-08-05T18:49:16Z,1.73
SO50 8QB,SEPD,LV,1,TT9097,32,2026-08-05T17:05:15Z,2026-08-05T18:49:16Z,1.73
SO50 8QP,SEPD,LV,1,TT9097,32,2026-08-05T17:05:15Z,2026-08-05T18:49:16Z,1.73
SO50 8QS,SEPD,LV,1,TT9097,32,2026-08-05T17:05:15Z,2026-08-05T18:49:16Z,1.73
RH14 9SJ,SEPD,LV,1,TU4158,2,2026-08-10T08:10:05Z,2026-08-10T09:47:46Z,1.63
RH14 9SR,SEPD,LV,1,TU4158,2,2026-08-10T08:10:05Z,2026-08-10T09:47:46Z,1.63
RH14 9TF,SEPD,LV,1,TU4158,2,2026-08-10T08:10:05Z,2026-08-10T09:47:46Z,1.63
BH11 8QY,SEPD,LV,2,"TU2946,TU3029",72,2026-08-08T21:13:08Z,2026-08-09T02:50:53Z,1.61
BH11 8RA,SEPD,LV,2,"TU2946,TU3029",72,2026-08-08T21:13:08Z,2026-08-09T02:50:53Z,1.61
BH11 8RD,SEPD,LV,2,"TU2946,TU3029",72,2026-08-08T21:13:08Z,2026-08-09T02:50:53Z,1.61
BH11 8RJ,SEPD,LV,2,"TU2946,TU3029",72,2026-08-08T21:13:08Z,2026-08-09T02:50:53Z,1.61
BH11 8SH,SEPD,LV,2,"TU2946,TU3029",72,2026-08-08T21:13:08Z,2026-08-09T02:50:53Z,1.61
BH4 8JF,SEPD,LV,1,TU2982,25,2026-08-08T22:13:04Z,2026-08-08T23:49:32Z,1.61
BH4 8JQ,SEPD,LV,1,TU2982,25,2026-08-08T22:13:04Z,2026-08-08T23:49:32Z,1.61
BH4 8JS,SEPD,LV,1,TU2982,25,2026-08-08T22:13:04Z,2026-08-08T23:49:32Z,1.61
DD2 1AN,SHEPD,LV,1,TU2715,23,2026-08-08T14:39:55Z,2026-08-08T16:15:06Z,1.59
DD2 1AQ,SHEPD,LV,1,TU2715,23,2026-08-08T14:39:55Z,2026-08-08T16:15:06Z,1.59
DD2 1AU,SHEPD,LV,1,TU2715,23,2026-08-08T14:39:55Z,2026-08-08T16:15:06Z,1.59
DD5 2NT,SHEPD,LV,1,TU2723,12,2026-08-08T14:39:55Z,2026-08-08T16:15:06Z,1.59
DD5 2NW,SHEPD,LV,1,TU2723,12,2026-08-08T14:39:55Z,2026-08-08T16:15:06Z,1.59
DD5 2RD,SHEPD,LV,1,TU2723,12,2026-08-08T14:39:55Z,2026-08-08T16:15:06Z,1.59
DD5 2RE,SHEPD,LV,1,TU2723,12,2026-08-08T14:39:55Z,2026-08-08T16:15:06Z,1.59
PA20,SHEPD,HV,1,TU7331,184,2026-08-11T21:58:46Z,2026-08-11T23:33:30Z,1.58
PA20 9LX,SHEPD,HV,1,TU7331,184,2026-08-11T21:58:46Z,2026-08-11T23:33:30Z,1.58
PA20 9NG,SHEPD,HV,1,TU7331,184,2026-08-11T21:58:46Z,2026-08-11T23:33:30Z,1.58
PA20 9NH,SHEPD,HV,1,TU7331,184,2026-08-11T21:58:46Z,2026-08-11T23:33:30Z,1.58
PA20 9NJ,SHEPD,HV,1,TU7331,184,2026-08-11T21:58:46Z,2026-08-11T23:33:30Z,1.58
PA20 9NL,SHEPD,HV,1,TU7331,184,2026-08-11T21:58:46Z,2026-08-11T23:33:30Z,1.58
PA20 9NN,SHEPD,HV,1,TU7331,184,2026-08-11T21:58:46Z,2026-08-11T23:33:30Z,1.58
PA20 9NP,SHEPD,HV,1,TU7331,184,2026-08-11T21:58:46Z,2026-08-11T23:33:30Z,1.58
PA20 9NR,SHEPD,HV,1,TU7331,184,2026-08-11T21:58:46Z,2026-08-11T23:33:30Z,1.58
PA20 9NW,SHEPD,HV,1,TU7331,184,2026-08-11T21:58:46Z,2026-08-11T23:33:30Z,1.58
BH22 9LF,SEPD,PSI,1,253604,8,2026-08-10T12:33:40Z,2026-08-10T14:05:17Z,1.53
PO13 0BU,SEPD,LV,1,TU3287,14,2026-08-09T18:18:33Z,2026-08-09T19:47:38Z,1.48
PO13 0BY,SEPD,LV,1,TU3287,14,2026-08-09T18:18:33Z,2026-08-09T19:47:38Z,1.48
RG19 8AH,SEPD,HV,2,"TU1435,TU1610",34,2026-08-07T11:30:35Z,2026-08-07T13:52:23Z,1.46
RG19 8EL,SEPD,HV,2,"TU1435,TU1610",34,2026-08-07T11:30:35Z,2026-08-07T13:52:23Z,1.46
RG19 8EN,SEPD,HV,2,"TU1435,TU1610",34,2026-08-07T11:30:35Z,2026-08-07T13:52:23Z,1.46
RG19 8EU,SEPD,HV,2,"TU1435,TU1610",34,2026-08-07T11:30:35Z,2026-08-07T13:52:23Z,1.46
AB51 5LN,SHEPD,PSI,1,252844,12,2026-08-07T12:24:56Z,2026-08-07T13:52:23Z,1.46
AB51 7LB,SHEPD,PSI,1,252844,12,2026-08-07T12:24:56Z,2026-08-07T13:52:23Z,1.46
AB51 7LD,SHEPD,PSI,1,252844,12,2026-08-07T12:24:56Z,2026-08-07T13:52:23Z,1.46
AB53 5JZ,SHEPD,HV,1,TU1502,82,2026-08-07T12:24:56Z,2026-08-07T13:52:23Z,1.46
AB53 5TB,SHEPD,HV,1,TU1502,82,2026-08-07T12:24:56Z,2026-08-07T13:52:23Z,1.46
AB53 5TD,SHEPD,HV,1,TU1502,82,2026-08-07T12:24:56Z,2026-08-07T13:52:23Z,1.46
AB53 5TE,SHEPD,HV,1,TU1502,82,2026-08-07T12:24:56Z,2026-08-07T13:52:23Z,1.46
AB53 5TG,SHEPD,HV,1,TU1502,82,2026-08-07T12:24:56Z,2026-08-07T13:52:23Z,1.46
AB53 5TH,SHEPD,HV,1,TU1502,82,2026-08-07T12:24:56Z,2026-08-07T13:52:23Z,1.46
AB53 5TL,SHEPD,HV,1,TU1502,82,2026-08-07T12:24:56Z,2026-08-07T13:52:23Z,1.46
AB53 5TN,SHEPD,HV,1,TU1502,82,2026-08-07T12:24:56Z,2026-08-07T13:52:23Z,1.46
AB53 5TR,SHEPD,HV,1,TU1502,82,2026-08-07T12:24:56Z,2026-08-07T13:52:23Z,1.46
AB53 5TS,SHEPD,HV,1,TU1502,82,2026-08-07T12:24:56Z,2026-08-07T13:52:23Z,1.46
AB53 5TT,SHEPD,HV,1,TU1502,82,2026-08-07T12:24:56Z,2026-08-07T13:52:23Z,1.46
AB53 5TU,SHEPD,HV,1,TU1502,82,2026-08-07T12:24:56Z,2026-08-07T13:52:23Z,1.46
AB53 5UQ,SHEPD,HV,1,TU1502,82,2026-08-07T12:24:56Z,2026-08-07T13:52:23Z,1.46
AB53 5UR,SHEPD,HV,1,TU1502,82,2026-08-07T12:24:56Z,2026-08-07T13:52:23Z,1.46
AB53 5US,SHEPD,HV,1,TU1502,82,2026-08-07T12:24:56Z,2026-08-07T13:52:23Z,1.46
AB53 5UY,SHEPD,HV,1,TU1502,82,2026-08-07T12:24:56Z,2026-08-07T13:52:23Z,1.46
AB53 5WF,SHEPD,HV,1,TU1502,82,2026-08-07T12:24:56Z,2026-08-07T13:52:23Z,1.46
AB53 5WH,SHEPD,HV,1,TU1502,82,2026-08-07T12:24:56Z,2026-08-07T13:52:23Z,1.46
AB53 5WJ,SHEPD,HV,1,TU1502,82,2026-08-07T12:24:56Z,2026-08-07T13:52:23Z,1.46
AB53 5XA,SHEPD,HV,1,TU1502,82,2026-08-07T12:24:56Z,2026-08-07T13:52:23Z,1.46
AB53 5YG,SHEPD,HV,1,TU1502,82,2026-08-07T12:24:56Z,2026-08-07T13:52:23Z,1.46
AB53 5YL,SHEPD,HV,1,TU1502,82,2026-08-07T12:24:56Z,2026-08-07T13:52:23Z,1.46
AB53 5YS,SHEPD,HV,1,TU1502,82,2026-08-07T12:24:56Z,2026-08-07T13:52:23Z,1.46
AB53 5YZ,SHEPD,HV,1,TU1502,82,2026-08-07T12:24:56Z,2026-08-07T13:52:23Z,1.46
AB53 8DT,SHEPD,HV,1,TU1502,82,2026-08-07T12:24:56Z,2026-08-07T13:52:23Z,1.46
AB53 8DU,SHEPD,HV,1,TU1502,82,2026-08-07T12:24:56Z,2026-08-07T13:52:23Z,1.46
AB53 8DW,SHEPD,HV,1,TU1502,82,2026-08-07T12:24:56Z,2026-08-07T13:52:23Z,1.46
AB53 8DX,SHEPD,HV,1,TU1502,82,2026-08-07T12:24:56Z,2026-08-07T13:52:23Z,1.46
AB53 8DY,SHEPD,HV,1,TU1502,82,2026-08-07T12:24:56Z,2026-08-07T13:52:23Z,1.46
AB53 8EA,SHEPD,HV,1,TU1502,82,2026-08-07T12:24:56Z,2026-08-07T13:52:23Z,1.46
AB53 8EB,SHEPD,HV,1,TU1502,82,2026-08-07T12:24:56Z,2026-08-07T13:52:23Z,1.46
AB53 8ED,SHEPD,HV,1,TU1502,82,2026-08-07T12:24:56Z,2026-08-07T13:52:23Z,1.46
AB53 8HJ,SHEPD,HV,1,TU1502,82,2026-08-07T12:24:56Z,2026-08-07T13:52:23Z,1.46
AB53 8HL,SHEPD,HV,1,TU1502,82,2026-08-07T12:24:56Z,2026-08-07T13:52:23Z,1.46
AB53 8HN,SHEPD,HV,1,TU1502,82,2026-08-07T12:24:56Z,2026-08-07T13:52:23Z,1.46
AB53 8HP,SHEPD,HV,1,TU1502,82,2026-08-07T12:24:56Z,2026-08-07T13:52:23Z,1.46
AB53 8HQ,SHEPD,HV,1,TU1502,82,2026-08-07T12:24:56Z,2026-08-07T13:52:23Z,1.46
AB53 8HR,SHEPD,HV,1,TU1502,82,2026-08-07T12:24:56Z,2026-08-07T13:52:23Z,1.46
AB53 8HS,SHEPD,HV,1,TU1502,82,2026-08-07T12:24:56Z,2026-08-07T13:52:23Z,1.46
AB53 8HT,SHEPD,HV,1,TU1502,82,2026-08-07T12:24:56Z,2026-08-07T13:52:23Z,1.46
AB53 8HU,SHEPD,HV,1,TU1502,82,2026-08-07T12:24:56Z,2026-08-07T13:52:23Z,1.46
AB53 8HW,SHEPD,HV,1,TU1502,82,2026-08-07T12:24:56Z,2026-08-07T13:52:23Z,1.46
AB53 8HX,SHEPD,HV,1,TU1502,82,2026-08-07T12:24:56Z,2026-08-07T13:52:23Z,1.46
AB53 8HY,SHEPD,HV,1,TU1502,82,2026-08-07T12:24:56Z,2026-08-07T13:52:23Z,1.46
AB53 8JF,SHEPD,HV,1,TU1502,82,2026-08-07T12:24:56Z,2026-08-07T13:52:23Z,1.46
AB53 8JJ,SHEPD,HV,1,TU1502,82,2026-08-07T12:24:56Z,2026-08-07T13:52:23Z,1.46
AB53 8JL,SHEPD,HV,1,TU1502,82,2026-08-07T12:24:56Z,2026-08-07T13:52:23Z,1.46
AB53 8QD,SHEPD,HV,1,TU1502,82,2026-08-07T12:24:56Z,2026-08-07T13:52:23Z,1.46
SL1 2EF,SEPD,LV,1,TT9037,9,2026-08-05T23:40:31Z,2026-08-06T01:06:00Z,1.42
SL1 2SU,SEPD,LV,1,TT9037,9,2026-08-05T23:40:31Z,2026-08-06T01:06:00Z,1.42
SL1 2TD,SEPD,LV,1,TT9037,9,2026-08-05T23:40:31Z,2026-08-06T01:06:00Z,1.42
BH11 8QZ,SEPD,LV,1,TU2946,36,2026-08-08T23:14:03Z,2026-08-09T00:37:56Z,1.4
SN13 8NX,SEPD,HV,1,TU3328,156,2026-08-09T09:01:10Z,2026-08-09T10:21:26Z,1.34
SN13 9AX,SEPD,HV,1,TU3328,156,2026-08-09T09:01:10Z,2026-08-09T10:21:26Z,1.34
SN13 9HS,SEPD,HV,1,TU3328,156,2026-08-09T09:01:10Z,2026-08-09T10:21:26Z,1.34
SN13 9PB,SEPD,HV,1,TU3328,156,2026-08-09T09:01:10Z,2026-08-09T10:21:26Z,1.34
SN13 9PD,SEPD,HV,1,TU3328,156,2026-08-09T09:01:10Z,2026-08-09T10:21:26Z,1.34
SN13 9PE,SEPD,HV,1,TU3328,156,2026-08-09T09:01:10Z,2026-08-09T10:21:26Z,1.34
SN13 9PG,SEPD,HV,1,TU3328,156,2026-08-09T09:01:10Z,2026-08-09T10:21:26Z,1.34
SN13 9PH,SEPD,HV,1,TU3328,156,2026-08-09T09:01:10Z,2026-08-09T10:21:26Z,1.34
SN13 9PJ,SEPD,HV,1,TU3328,156,2026-08-09T09:01:10Z,2026-08-09T10:21:26Z,1.34
SN13 9PL,SEPD,HV,1,TU3328,156,2026-08-09T09:01:10Z,2026-08-09T10:21:26Z,1.34
SN13 9PN,SEPD,HV,1,TU3328,156,2026-08-09T09:01:10Z,2026-08-09T10:21:26Z,1.34
SN13 9PW,SEPD,HV,1,TU3328,156,2026-08-09T09:01:10Z,2026-08-09T10:21:26Z,1.34
SN13 9QB,SEPD,HV,1,TU3328,156,2026-08-09T09:01:10Z,2026-08-09T10:21:26Z,1.34
SN13 9QD,SEPD,HV,1,TU3328,156,2026-08-09T09:01:10Z,2026-08-09T10:21:26Z,1.34
SN13 9QE,SEPD,HV,1,TU3328,156,2026-08-09T09:01:10Z,2026-08-09T10:21:26Z,1.34
SN13 9QF,SEPD,HV,1,TU3328,156,2026-08-09T09:01:10Z,2026-08-09T10:21:26Z,1.34
SN13 9QG,SEPD,HV,1,TU3328,156,2026-08-09T09:01:10Z,2026-08-09T10:21:26Z,1.34
SN13 9QH,SEPD,HV,1,TU3328,156,2026-08-09T09:01:10Z,2026-08-09T10:21:26Z,1.34
SN13 9QJ,SEPD,HV,1,TU3328,156,2026-08-09T09:01:10Z,2026-08-09T10:21:26Z,1.34
SN13 9QL,SEPD,HV,1,TU3328,156,2026-08-09T09:01:10Z,2026-08-09T10:21:26Z,1.34
SN13 9QN,SEPD,HV,1,TU3328,156,2026-08-09T09:01:10Z,2026-08-09T10:21:26Z,1.34
SN13 9QP,SEPD,HV,1,TU3328,156,2026-08-09T09:01:10Z,2026-08-09T10:21:26Z,1.34
SN13 9QQ,SEPD,HV,1,TU3328,156,2026-08-09T09:01:10Z,2026-08-09T10:21:26Z,1.34
SN13 9QR,SEPD,HV,1,TU3328,156,2026-08-09T09:01:10Z,2026-08-09T10:21:26Z,1.34
SN13 9QW,SEPD,HV,1,TU3328,156,2026-08-09T09:01:10Z,2026-08-09T10:21:26Z,1.34
SN15 2LZ,SEPD,HV,1,TU3328,156,2026-08-09T09:01:10Z,2026-08-09T10:21:26Z,1.34
SN15 2NA,SEPD,HV,1,TU3328,156,2026-08-09T09:01:10Z,2026-08-09T10:21:26Z,1.34
SN15 2ND,SEPD,HV,1,TU3328,156,2026-08-09T09:01:10Z,2026-08-09T10:21:26Z,1.34
SN15 2NE,SEPD,HV,1,TU3328,156,2026-08-09T09:01:10Z,2026-08-09T10:21:26Z,1.34
SN3 2DF,SEPD,LV,1,TU4016,9,2026-08-09T23:52:52Z,2026-08-10T01:11:33Z,1.31
SN3 2EA,SEPD,LV,1,TU4016,9,2026-08-09T23:52:52Z,2026-08-10T01:11:33Z,1.31
BA11 3NW,SEPD,"LV,HV",2,"TU2362,TU2430",91,2026-08-08T08:04:14Z,2026-08-08T10:16:40Z,1.3
BA11 3NS,SEPD,HV,1,TU2430,89,2026-08-08T08:58:38Z,2026-08-08T10:16:40Z,1.3
BA11 3NZ,SEPD,HV,1,TU2430,89,2026-08-08T08:58:38Z,2026-08-08T10:16:40Z,1.3
SL4 3BH,SEPD,LV,1,TU3885,17,2026-08-09T22:04:04Z,2026-08-09T23:16:07Z,1.2
SL4 3BL,SEPD,LV,1,TU3885,17,2026-08-09T22:04:04Z,2026-08-09T23:16:07Z,1.2
SL4 3BQ,SEPD,LV,1,TU3885,17,2026-08-09T22:04:04Z,2026-08-09T23:16:07Z,1.2
SL4 3BY,SEPD,LV,1,TU3885,17,2026-08-09T22:04:04Z,2026-08-09T23:16:07Z,1.2
SL4 3DA,SEPD,LV,1,TU3885,17,2026-08-09T22:04:04Z,2026-08-09T23:16:07Z,1.2
DD10 0TQ,SHEPD,LV,1,TU5330,2,2026-08-10T18:03:51Z,2026-08-10T19:15:15Z,1.19
PO7 8PE,SEPD,LV,1,TU2792,22,2026-08-08T15:03:48Z,2026-08-08T16:15:06Z,1.19
PO7 8PF,SEPD,LV,1,TU2792,22,2026-08-08T15:03:48Z,2026-08-08T16:15:06Z,1.19
PO7 8PG,SEPD,LV,1,TU2792,22,2026-08-08T15:03:48Z,2026-08-08T16:15:06Z,1.19
PO7 8PH,SEPD,LV,1,TU2792,22,2026-08-08T15:03:48Z,2026-08-08T16:15:06Z,1.19
PO7 8PJ,SEPD,LV,1,TU2792,22,2026-08-08T15:03:48Z,2026-08-08T16:15:06Z,1.19
PO7 8PL,SEPD,LV,1,TU2792,22,2026-08-08T15:03:48Z,2026-08-08T16:15:06Z,1.19
PO7 8PN,SEPD,LV,1,TU2792,22,2026-08-08T15:03:48Z,2026-08-08T16:15:06Z,1.19
PO7 8PQ,SEPD,LV,1,TU2792,22,2026-08-08T15:03:48Z,2026-08-08T16:15:06Z,1.19
PO7 8PU,SEPD,LV,1,TU2792,22,2026-08-08T15:03:48Z,2026-08-08T16:15:06Z,1.19
PO7 8PW,SEPD,LV,1,TU2792,22,2026-08-08T15:03:48Z,2026-08-08T16:15:06Z,1.19
PO7 8PX,SEPD,LV,1,TU2792,22,2026-08-08T15:03:48Z,2026-08-08T16:15:06Z,1.19
PO7 8QE,SEPD,LV,1,TU2792,22,2026-08-08T15:03:48Z,2026-08-08T16:15:06Z,1.19
RG4 6RR,SEPD,LV,1,TU5438,9,2026-08-10T18:03:51Z,2026-08-10T19:15:15Z,1.19
RG4 6RS,SEPD,LV,1,TU5438,9,2026-08-10T18:03:51Z,2026-08-10T19:15:15Z,1.19
RG4 6RX,SEPD,LV,1,TU5438,9,2026-08-10T18:03:51Z,2026-08-10T19:15:15Z,1.19
RG4 6SB,SEPD,LV,1,TU5438,9,2026-08-10T18:03:51Z,2026-08-10T19:15:15Z,1.19
RG4 6SE,SEPD,LV,1,TU5438,9,2026-08-10T18:03:51Z,2026-08-10T19:15:15Z,1.19
BH21 7PE,SEPD,LV,1,TU7064,6,2026-08-11T18:08:07Z,2026-08-11T19:18:24Z,1.17
BH21 7PF,SEPD,LV,1,TU7064,6,2026-08-11T18:08:07Z,2026-08-11T19:18:24Z,1.17
BH21 7PG,SEPD,LV,1,TU7064,6,2026-08-11T18:08:07Z,2026-08-11T19:18:24Z,1.17
BH21 7RF,SEPD,LV,1,TU7064,6,2026-08-11T18:08:07Z,2026-08-11T19:18:24Z,1.17
BH21 7RS,SEPD,LV,1,TU7064,6,2026-08-11T18:08:07Z,2026-08-11T19:18:24Z,1.17
BH21 7RZ,SEPD,LV,1,TU7064,6,2026-08-11T18:08:07Z,2026-08-11T19:18:24Z,1.17
FK20 8QP,SHEPD,HV,1,TU4985,12,2026-08-10T14:05:17Z,2026-08-10T15:15:29Z,1.17
FK20 8QR,SHEPD,HV,1,TU4985,12,2026-08-10T14:05:17Z,2026-08-10T15:15:29Z,1.17
FK20 8QS,SHEPD,HV,1,TU4985,12,2026-08-10T14:05:17Z,2026-08-10T15:15:29Z,1.17
FK20 8QU,SHEPD,HV,1,TU4985,12,2026-08-10T14:05:17Z,2026-08-10T15:15:29Z,1.17
FK20 8QW,SHEPD,HV,1,TU4985,12,2026-08-10T14:05:17Z,2026-08-10T15:15:29Z,1.17
FK20 8RN,SHEPD,HV,1,TU4985,12,2026-08-10T14:05:17Z,2026-08-10T15:15:29Z,1.17
FK20 8RP,SHEPD,HV,1,TU4985,12,2026-08-10T14:05:17Z,2026-08-10T15:15:29Z,1.17
FK20 8RR,SHEPD,HV,1,TU4985,12,2026-08-10T14:05:17Z,2026-08-10T15:15:29Z,1.17
FK20 8RS,SHEPD,HV,1,TU4985,12,2026-08-10T14:05:17Z,2026-08-10T15:15:29Z,1.17
FK20 8RT,SHEPD,HV,1,TU4985,12,2026-08-10T14:05:17Z,2026-08-10T15:15:29Z,1.17
FK20 8RU,SHEPD,HV,1,TU4985,12,2026-08-10T14:05:17Z,2026-08-10T15:15:29Z,1.17
FK20 8RW,SHEPD,HV,1,TU4985,12,2026-08-10T14:05:17Z,2026-08-10T15:15:29Z,1.17
GU14 9BL,SEPD,HV,1,TU7132,172,2026-08-11T18:08:07Z,2026-08-11T19:18:24Z,1.17
GU14 9BW,SEPD,HV,1,TU7132,172,2026-08-11T18:08:07Z,2026-08-11T19:18:24Z,1.17
GU14 9DP,SEPD,HV,1,TU7132,172,2026-08-11T18:08:07Z,2026-08-11T19:18:24Z,1.17
GU14 9DR,SEPD,HV,1,TU7132,172,2026-08-11T18:08:07Z,2026-08-11T19:18:24Z,1.17
GU14 9DS,SEPD,HV,1,TU7132,172,2026-08-11T18:08:07Z,2026-08-11T19:18:24Z,1.17
GU14 9DT,SEPD,HV,1,TU7132,172,2026-08-11T18:08:07Z,2026-08-11T19:18:24Z,1.17
GU14 9DU,SEPD,HV,1,TU7132,172,2026-08-11T18:08:07Z,2026-08-11T19:18:24Z,1.17
GU14 9DX,SEPD,HV,1,TU7132,172,2026-08-11T18:08:07Z,2026-08-11T19:18:24Z,1.17
GU14 9DY,SEPD,HV,1,TU7132,172,2026-08-11T18:08:07Z,2026-08-11T19:18:24Z,1.17
GU14 9DZ,SEPD,HV,1,TU7132,172,2026-08-11T18:08:07Z,2026-08-11T19:18:24Z,1.17
GU14 9EE,SEPD,HV,1,TU7132,172,2026-08-11T18:08:07Z,2026-08-11T19:18:24Z,1.17
GU14 9EF,SEPD,HV,1,TU7132,172,2026-08-11T18:08:07Z,2026-08-11T19:18:24Z,1.17
GU14 9EG,SEPD,HV,1,TU7132,172,2026-08-11T18:08:07Z,2026-08-11T19:18:24Z,1.17
GU14 9EP,SEPD,HV,1,TU7132,172,2026-08-11T18:08:07Z,2026-08-11T19:18:24Z,1.17
GU14 9EQ,SEPD,HV,1,TU7132,172,2026-08-11T18:08:07Z,2026-08-11T19:18:24Z,1.17
GU14 9EU,SEPD,HV,1,TU7132,172,2026-08-11T18:08:07Z,2026-08-11T19:18:24Z,1.17
GU14 9EW,SEPD,HV,1,TU7132,172,2026-08-11T18:08:07Z,2026-08-11T19:18:24Z,1.17
GU14 9EX,SEPD,HV,1,TU7132,172,2026-08-11T18:08:07Z,2026-08-11T19:18:24Z,1.17
GU14 9EY,SEPD,HV,1,TU7132,172,2026-08-11T18:08:07Z,2026-08-11T19:18:24Z,1.17
GU14 9EZ,SEPD,HV,1,TU7132,172,2026-08-11T18:08:07Z,2026-08-11T19:18:24Z,1.17
GU14 9HA,SEPD,HV,1,TU7132,172,2026-08-11T18:08:07Z,2026-08-11T19:18:24Z,1.17
GU14 9HB,SEPD,HV,1,TU7132,172,2026-08-11T18:08:07Z,2026-08-11T19:18:24Z,1.17
GU14 9HD,SEPD,HV,1,TU7132,172,2026-08-11T18:08:07Z,2026-08-11T19:18:24Z,1.17
GU14 9HE,SEPD,HV,1,TU7132,172,2026-08-11T18:08:07Z,2026-08-11T19:18:24Z,1.17
GU14 9HF,SEPD,HV,1,TU7132,172,2026-08-11T18:08:07Z,2026-08-11T19:18:24Z,1.17
GU14 9HG,SEPD,HV,1,TU7132,172,2026-08-11T18:08:07Z,2026-08-11T19:18:24Z,1.17
GU14 9HH,SEPD,HV,1,TU7132,172,2026-08-11T18:08:07Z,2026-08-11T19:18:24Z,1.17
GU14 9HJ,SEPD,HV,1,TU7132,172,2026-08-11T18:08:07Z,2026-08-11T19:18:24Z,1.17
GU14 9HQ,SEPD,HV,1,TU7132,172,2026-08-11T18:08:07Z,2026-08-11T19:18:24Z,1.17
GU14 9LP,SEPD,HV,1,TU7132,172,2026-08-11T18:08:07Z,2026-08-11T19:18:24Z,1.17
GU14 9LR,SEPD,HV,1,TU7132,172,2026-08-11T18:08:07Z,2026-08-11T19:18:24Z,1.17
GU14 9NF,SEPD,HV,1,TU7132,172,2026-08-11T18:08:07Z,2026-08-11T19:18:24Z,1.17
GU16 6AS,SEPD,HV,1,TU7132,172,2026-08-11T18:08:07Z,2026-08-11T19:18:24Z,1.17
GU34 1DT,SEPD,LV,1,TU7094,8,2026-08-11T18:08:07Z,2026-08-11T19:18:24Z,1.17
GU34 2RP,SEPD,LV,1,TU7094,8,2026-08-11T18:08:07Z,2026-08-11T19:18:24Z,1.17
IV30 6UH,SHEPD,LV,1,TU7036,4,2026-08-11T18:08:07Z,2026-08-11T19:18:24Z,1.17
SO52 9EA,SEPD,HV,1,TU5007,47,2026-08-10T14:05:17Z,2026-08-10T15:15:29Z,1.17
SO52 9EB,SEPD,HV,1,TU5007,47,2026-08-10T14:05:17Z,2026-08-10T15:15:29Z,1.17
SO52 9ED,SEPD,HV,1,TU5007,47,2026-08-10T14:05:17Z,2026-08-10T15:15:29Z,1.17
SO52 9EE,SEPD,HV,1,TU5007,47,2026-08-10T14:05:17Z,2026-08-10T15:15:29Z,1.17
SO52 9LY,SEPD,HV,1,TU5007,47,2026-08-10T14:05:17Z,2026-08-10T15:15:29Z,1.17
SO52 9LZ,SEPD,HV,1,TU5007,47,2026-08-10T14:05:17Z,2026-08-10T15:15:29Z,1.17
RG7 4AF,SEPD,HV,1,TU3731,34,2026-08-09T19:47:38Z,2026-08-09T20:57:06Z,1.16
RG7 4GT,SEPD,HV,1,TU3731,34,2026-08-09T19:47:38Z,2026-08-09T20:57:06Z,1.16
RG7 4JH,SEPD,HV,1,TU3731,34,2026-08-09T19:47:38Z,2026-08-09T20:57:06Z,1.16
RG7 4JJ,SEPD,HV,1,TU3731,34,2026-08-09T19:47:38Z,2026-08-09T20:57:06Z,1.16
RG7 4JN,SEPD,HV,1,TU3731,34,2026-08-09T19:47:38Z,2026-08-09T20:57:06Z,1.16
RG7 4JR,SEPD,HV,1,TU3731,34,2026-08-09T19:47:38Z,2026-08-09T20:57:06Z,1.16
RG7 4JS,SEPD,HV,1,TU3731,34,2026-08-09T19:47:38Z,2026-08-09T20:57:06Z,1.16
RG7 4JT,SEPD,HV,1,TU3731,34,2026-08-09T19:47:38Z,2026-08-09T20:57:06Z,1.16
RG7 4LA,SEPD,HV,1,TU3731,34,2026-08-09T19:47:38Z,2026-08-09T20:57:06Z,1.16
RG7 4LB,SEPD,HV,1,TU3731,34,2026-08-09T19:47:38Z,2026-08-09T20:57:06Z,1.16
RG7 4LG,SEPD,HV,1,TU3731,34,2026-08-09T19:47:38Z,2026-08-09T20:57:06Z,1.16
RG7 4LH,SEPD,HV,1,TU3731,34,2026-08-09T19:47:38Z,2026-08-09T20:57:06Z,1.16
RG7 4LQ,SEPD,HV,1,TU3731,34,2026-08-09T19:47:38Z,2026-08-09T20:57:06Z,1.16
RG7 4SF,SEPD,HV,1,TU3731,34,2026-08-09T19:47:38Z,2026-08-09T20:57:06Z,1.16
RG7 4US,SEPD,HV,1,TU3731,34,2026-08-09T19:47:38Z,2026-08-09T20:57:06Z,1.16
RG7 4UT,SEPD,HV,1,TU3731,34,2026-08-09T19:47:38Z,2026-08-09T20:57:06Z,1.16
RG7 4UU,SEPD,HV,1,TU3731,34,2026-08-09T19:47:38Z,2026-08-09T20:57:06Z,1.16
RG7 4UX,SEPD,HV,1,TU3731,34,2026-08-09T19:47:38Z,2026-08-09T20:57:06Z,1.16
RG7 4UY,SEPD,HV,1,TU3731,34,2026-08-09T19:47:38Z,2026-08-09T20:57:06Z,1.16
RG7 4UZ,SEPD,HV,1,TU3731,34,2026-08-09T19:47:38Z,2026-08-09T20:57:06Z,1.16
RG7 5FH,SEPD,HV,1,TU3731,34,2026-08-09T19:47:38Z,2026-08-09T20:57:06Z,1.16
RG7 5FL,SEPD,HV,1,TU3731,34,2026-08-09T19:47:38Z,2026-08-09T20:57:06Z,1.16
RG7 5QA,SEPD,HV,1,TU3731,34,2026-08-09T19:47:38Z,2026-08-09T20:57:06Z,1.16
RG7 5QB,SEPD,HV,1,TU3731,34,2026-08-09T19:47:38Z,2026-08-09T20:57:06Z,1.16
RG7 5QG,SEPD,HV,1,TU3731,34,2026-08-09T19:47:38Z,2026-08-09T20:57:06Z,1.16
RG7 5RH,SEPD,HV,1,TU3731,34,2026-08-09T19:47:38Z,2026-08-09T20:57:06Z,1.16
RG7 5RL,SEPD,HV,1,TU3731,34,2026-08-09T19:47:38Z,2026-08-09T20:57:06Z,1.16
RG7 5RP,SEPD,HV,1,TU3731,34,2026-08-09T19:47:38Z,2026-08-09T20:57:06Z,1.16
RG7 5RR,SEPD,HV,1,TU3731,34,2026-08-09T19:47:38Z,2026-08-09T20:57:06Z,1.16
RG7 5RT,SEPD,HV,1,TU3731,34,2026-08-09T19:47:38Z,2026-08-09T20:57:06Z,1.16
ZE2 9DD,SHEPD,"LV,HV",2,"TU3076,TU3246",33,2026-08-09T04:08:30Z,2026-08-09T07:14:55Z,1.15
ZE2 9HP,SHEPD,HV,1,TU6665,28,2026-08-11T13:59:10Z,2026-08-11T15:07:55Z,1.15
FK15 9HS,SHEPD,PSI,1,253948,3,2026-08-09T09:51:09Z,2026-08-09T10:59:25Z,1.14
FK15 9HY,SHEPD,PSI,1,253948,3,2026-08-09T09:51:09Z,2026-08-09T10:59:25Z,1.14
BA22 8AZ,SEPD,HV,1,TU2241,24,2026-08-08T12:01:39Z,2026-08-08T13:07:10Z,1.09
SN8,SEPD,PSI,1,254091,42,2026-08-10T09:47:46Z,2026-08-10T10:52:21Z,1.08
SN8 3EL,SEPD,PSI,1,254091,42,2026-08-10T09:47:46Z,2026-08-10T10:52:21Z,1.08
SN8 3EN,SEPD,PSI,1,254091,42,2026-08-10T09:47:46Z,2026-08-10T10:52:21Z,1.08
SN8 3ET,SEPD,PSI,1,254091,42,2026-08-10T09:47:46Z,2026-08-10T10:52:21Z,1.08
SN8 3FQ,SEPD,PSI,1,254091,42,2026-08-10T09:47:46Z,2026-08-10T10:52:21Z,1.08
SN8 3SD,SEPD,PSI,1,254091,42,2026-08-10T09:47:46Z,2026-08-10T10:52:21Z,1.08
SN8 3SY,SEPD,PSI,1,254091,42,2026-08-10T09:47:46Z,2026-08-10T10:52:21Z,1.08
SP9 7JR,SEPD,PSI,1,254091,42,2026-08-10T09:47:46Z,2026-08-10T10:52:21Z,1.08
SP9 7JS,SEPD,PSI,1,254091,42,2026-08-10T09:47:46Z,2026-08-10T10:52:21Z,1.08
SP9 7JT,SEPD,PSI,1,254091,42,2026-08-10T09:47:46Z,2026-08-10T10:52:21Z,1.08
PO3 5LD,SEPD,LV,1,TU3416,25,2026-08-09T10:59:25Z,2026-08-09T12:02:32Z,1.05
PO3 5LE,SEPD,LV,1,TU3416,25,2026-08-09T10:59:25Z,2026-08-09T12:02:32Z,1.05
PO3 5LG,SEPD,LV,1,TU3416,25,2026-08-09T10:59:25Z,2026-08-09T12:02:32Z,1.05
PO3 5LN,SEPD,LV,1,TU3416,25,2026-08-09T10:59:25Z,2026-08-09T12:02:32Z,1.05
PO3 5LU,SEPD,LV,1,TU3416,25,2026-08-09T10:59:25Z,2026-08-09T12:02:32Z,1.05
PO3 5LW,SEPD,LV,1,TU3416,25,2026-08-09T10:59:25Z,2026-08-09T12:02:32Z,1.05
HP10 8EB,SEPD,LV,1,TU6113,9,2026-08-11T08:40:02Z,2026-08-11T09:42:25Z,1.04
HP10 8EN,SEPD,LV,1,TU6113,9,2026-08-11T08:40:02Z,2026-08-11T09:42:25Z,1.04
HP10 8EP,SEPD,LV,1,TU6113,9,2026-08-11T08:40:02Z,2026-08-11T09:42:25Z,1.04
HP10 8ER,SEPD,LV,1,TU6113,9,2026-08-11T08:40:02Z,2026-08-11T09:42:25Z,1.04
HS3 3AF,SHEPD,HV,1,TU6711,610,2026-08-11T15:07:55Z,2026-08-11T16:10:03Z,1.04
HS3 3BD,SHEPD,HV,1,TU6711,610,2026-08-11T15:07:55Z,2026-08-11T16:10:03Z,1.04
HS3 3BG,SHEPD,HV,1,TU6711,610,2026-08-11T15:07:55Z,2026-08-11T16:10:03Z,1.04
HS3 3BH,SHEPD,HV,1,TU6711,610,2026-08-11T15:07:55Z,2026-08-11T16:10:03Z,1.04
HS3 3BJ,SHEPD,HV,1,TU6711,610,2026-08-11T15:07:55Z,2026-08-11T16:10:03Z,1.04
HS3 3BL,SHEPD,HV,1,TU6711,610,2026-08-11T15:07:55Z,2026-08-11T16:10:03Z,1.04
HS3 3BP,SHEPD,HV,1,TU6711,610,2026-08-11T15:07:55Z,2026-08-11T16:10:03Z,1.04
HS3 3BQ,SHEPD,HV,1,TU6711,610,2026-08-11T15:07:55Z,2026-08-11T16:10:03Z,1.04
HS3 3BS,SHEPD,HV,1,TU6711,610,2026-08-11T15:07:55Z,2026-08-11T16:10:03Z,1.04
HS3 3BW,SHEPD,HV,1,TU6711,610,2026-08-11T15:07:55Z,2026-08-11T16:10:03Z,1.04
HS3 3DA,SHEPD,HV,1,TU6711,610,2026-08-11T15:07:55Z,2026-08-11T16:10:03Z,1.04
HS3 3DB,SHEPD,HV,1,TU6711,610,2026-08-11T15:07:55Z,2026-08-11T16:10:03Z,1.04
HS3 3DD,SHEPD,HV,1,TU6711,610,2026-08-11T15:07:55Z,2026-08-11T16:10:03Z,1.04
HS3 3DE,SHEPD,HV,1,TU6711,610,2026-08-11T15:07:55Z,2026-08-11T16:10:03Z,1.04
HS3 3DF,SHEPD,HV,1,TU6711,610,2026-08-11T15:07:55Z,2026-08-11T16:10:03Z,1.04
HS3 3DG,SHEPD,HV,1,TU6711,610,2026-08-11T15:07:55Z,2026-08-11T16:10:03Z,1.04
HS3 3DH,SHEPD,HV,1,TU6711,610,2026-08-11T15:07:55Z,2026-08-11T16:10:03Z,1.04
HS3 3DJ,SHEPD,HV,1,TU6711,610,2026-08-11T15:07:55Z,2026-08-11T16:10:03Z,1.04
HS3 3DL,SHEPD,HV,1,TU6711,610,2026-08-11T15:07:55Z,2026-08-11T16:10:03Z,1.04
HS3 3DR,SHEPD,HV,1,TU6711,610,2026-08-11T15:07:55Z,2026-08-11T16:10:03Z,1.04
HS3 3DS,SHEPD,HV,1,TU6711,610,2026-08-11T15:07:55Z,2026-08-11T16:10:03Z,1.04
HS3 3HP,SHEPD,HV,1,TU6711,610,2026-08-11T15:07:55Z,2026-08-11T16:10:03Z,1.04
HS4 3XU,SHEPD,HV,1,TU6711,610,2026-08-11T15:07:55Z,2026-08-11T16:10:03Z,1.04
HS4 3XX,SHEPD,HV,1,TU6711,610,2026-08-11T15:07:55Z,2026-08-11T16:10:03Z,1.04
HS4 3XY,SHEPD,HV,1,TU6711,610,2026-08-11T15:07:55Z,2026-08-11T16:10:03Z,1.04
HS4 3XZ,SHEPD,HV,1,TU6711,610,2026-08-11T15:07:55Z,2026-08-11T16:10:03Z,1.04
HS4 3YA,SHEPD,HV,1,TU6711,610,2026-08-11T15:07:55Z,2026-08-11T16:10:03Z,1.04
HS4 3YB,SHEPD,HV,1,TU6711,610,2026-08-11T15:07:55Z,2026-08-11T16:10:03Z,1.04
HS4 3YD,SHEPD,HV,1,TU6711,610,2026-08-11T15:07:55Z,2026-08-11T16:10:03Z,1.04
HS4 3YF,SHEPD,HV,1,TU6711,610,2026-08-11T15:07:55Z,2026-08-11T16:10:03Z,1.04
HS4 3YG,SHEPD,HV,1,TU6711,610,2026-08-11T15:07:55Z,2026-08-11T16:10:03Z,1.04
HS4 3YH,SHEPD,HV,1,TU6711,610,2026-08-11T15:07:55Z,2026-08-11T16:10:03Z,1.04
SO19 9AU,SEPD,HV,1,TU6750,246,2026-08-11T15:07:55Z,2026-08-11T16:10:03Z,1.04
SO19 9QP,SEPD,HV,1,TU6750,246,2026-08-11T15:07:55Z,2026-08-11T16:10:03Z,1.04
SO19 9QQ,SEPD,HV,1,TU6750,246,2026-08-11T15:07:55Z,2026-08-11T16:10:03Z,1.04
SO19 9QR,SEPD,HV,1,TU6750,246,2026-08-11T15:07:55Z,2026-08-11T16:10:03Z,1.04
SO19 9QS,SEPD,HV,1,TU6750,246,2026-08-11T15:07:55Z,2026-08-11T16:10:03Z,1.04
SO19 9QT,SEPD,HV,1,TU6750,246,2026-08-11T15:07:55Z,2026-08-11T16:10:03Z,1.04
SO31 5AL,SEPD,HV,1,TU6750,246,2026-08-11T15:07:55Z,2026-08-11T16:10:03Z,1.04
SO31 5AT,SEPD,HV,1,TU6750,246,2026-08-11T15:07:55Z,2026-08-11T16:10:03Z,1.04
SO31 5AU,SEPD,HV,1,TU6750,246,2026-08-11T15:07:55Z,2026-08-11T16:10:03Z,1.04
SO31 5AW,SEPD,HV,1,TU6750,246,2026-08-11T15:07:55Z,2026-08-11T16:10:03Z,1.04
SO31 5AX,SEPD,HV,1,TU6750,246,2026-08-11T15:07:55Z,2026-08-11T16:10:03Z,1.04
SO31 5AY,SEPD,HV,1,TU6750,246,2026-08-11T15:07:55Z,2026-08-11T16:10:03Z,1.04
SO31 5AZ,SEPD,HV,1,TU6750,246,2026-08-11T15:07:55Z,2026-08-11T16:10:03Z,1.04
SO31 5BA,SEPD,HV,1,TU6750,246,2026-08-11T15:07:55Z,2026-08-11T16:10:03Z,1.04
SO31 5BB,SEPD,HV,1,TU6750,246,2026-08-11T15:07:55Z,2026-08-11T16:10:03Z,1.04
SO31 5BD,SEPD,HV,1,TU6750,246,2026-08-11T15:07:55Z,2026-08-11T16:10:03Z,1.04
SO31 5BE,SEPD,HV,1,TU6750,246,2026-08-11T15:07:55Z,2026-08-11T16:10:03Z,1.04
SO31 5BG,SEPD,HV,1,TU6750,246,2026-08-11T15:07:55Z,2026-08-11T16:10:03Z,1.04
SO31 5BH,SEPD,HV,1,TU6750,246,2026-08-11T15:07:55Z,2026-08-11T16:10:03Z,1.04
SO31 5BJ,SEPD,HV,1,TU6750,246,2026-08-11T15:07:55Z,2026-08-11T16:10:03Z,1.04
SO31 5BL,SEPD,HV,1,TU6750,246,2026-08-11T15:07:55Z,2026-08-11T16:10:03Z,1.04
SO31 5BY,SEPD,HV,1,TU6750,246,2026-08-11T15:07:55Z,2026-08-11T16:10:03Z,1.04
SO31 5BZ,SEPD,HV,1,TU6750,246,2026-08-11T15:07:55Z,2026-08-11T16:10:03Z,1.04
SO31 5EA,SEPD,HV,1,TU6750,246,2026-08-11T15:07:55Z,2026-08-11T16:10:03Z,1.04
SO31 5ED,SEPD,HV,1,TU6750,246,2026-08-11T15:07:55Z,2026-08-11T16:10:03Z,1.04
SO31 5EE,SEPD,HV,1,TU6750,246,2026-08-11T15:07:55Z,2026-08-11T16:10:03Z,1.04
SO31 5EH,SEPD,HV,1,TU6750,246,2026-08-11T15:07:55Z,2026-08-11T16:10:03Z,1.04
SO31 5EJ,SEPD,HV,1,TU6750,246,2026-08-11T15:07:55Z,2026-08-11T16:10:03Z,1.04
SO31 5EL,SEPD,HV,1,TU6750,246,2026-08-11T15:07:55Z,2026-08-11T16:10:03Z,1.04
SO31 5FF,SEPD,HV,1,TU6750,246,2026-08-11T15:07:55Z,2026-08-11T16:10:03Z,1.04
SO31 5FG,SEPD,HV,1,TU6750,246,2026-08-11T15:07:55Z,2026-08-11T16:10:03Z,1.04
SO31 5GD,SEPD,HV,1,TU6750,246,2026-08-11T15:07:55Z,2026-08-11T16:10:03Z,1.04
SO31 5GE,SEPD,HV,1,TU6750,246,2026-08-11T15:07:55Z,2026-08-11T16:10:03Z,1.04
SO31 5GF,SEPD,HV,1,TU6750,246,2026-08-11T15:07:55Z,2026-08-11T16:10:03Z,1.04
SO31 5GG,SEPD,HV,1,TU6750,246,2026-08-11T15:07:55Z,2026-08-11T16:10:03Z,1.04
SO31 5GH,SEPD,HV,1,TU6750,246,2026-08-11T15:07:55Z,2026-08-11T16:10:03Z,1.04
SO31 5GJ,SEPD,HV,1,TU6750,246,2026-08-11T15:07:55Z,2026-08-11T16:10:03Z,1.04
SO31 5GL,SEPD,HV,1,TU6750,246,2026-08-11T15:07:55Z,2026-08-11T16:10:03Z,1.04
SO31 5GN,SEPD,HV,1,TU6750,246,2026-08-11T15:07:55Z,2026-08-11T16:10:03Z,1.04
SO31 5GP,SEPD,HV,1,TU6750,246,2026-08-11T15:07:55Z,2026-08-11T16:10:03Z,1.04
SO31 5GS,SEPD,HV,1,TU6750,246,2026-08-11T15:07:55Z,2026-08-11T16:10:03Z,1.04
SO31 5GT,SEPD,HV,1,TU6750,246,2026-08-11T15:07:55Z,2026-08-11T16:10:03Z,1.04
SO31 5GU,SEPD,HV,1,TU6750,246,2026-08-11T15:07:55Z,2026-08-11T16:10:03Z,1.04
SO31 5GW,SEPD,HV,1,TU6750,246,2026-08-11T15:07:55Z,2026-08-11T16:10:03Z,1.04
SO31 5GY,SEPD,HV,1,TU6750,246,2026-08-11T15:07:55Z,2026-08-11T16:10:03Z,1.04
SO31 5HJ,SEPD,HV,1,TU6750,246,2026-08-11T15:07:55Z,2026-08-11T16:10:03Z,1.04
SO31 5HP,SEPD,HV,1,TU6750,246,2026-08-11T15:07:55Z,2026-08-11T16:10:03Z,1.04
SO31 5HQ,SEPD,HV,1,TU6750,246,2026-08-11T15:07:55Z,2026-08-11T16:10:03Z,1.04
SO31 5HR,SEPD,HV,1,TU6750,246,2026-08-11T15:07:55Z,2026-08-11T16:10:03Z,1.04
SO31 5HW,SEPD,HV,1,TU6750,246,2026-08-11T15:07:55Z,2026-08-11T16:10:03Z,1.04
SO31 5JB,SEPD,HV,1,TU6750,246,2026-08-11T15:07:55Z,2026-08-11T16:10:03Z,1.04
SO31 5PH,SEPD,HV,1,TU6750,246,2026-08-11T15:07:55Z,2026-08-11T16:10:03Z,1.04
SO31 5PL,SEPD,HV,1,TU6750,246,2026-08-11T15:07:55Z,2026-08-11T16:10:03Z,1.04
SO31 5PN,SEPD,HV,1,TU6750,246,2026-08-11T15:07:55Z,2026-08-11T16:10:03Z,1.04
SO31 5PP,SEPD,HV,1,TU6750,246,2026-08-11T15:07:55Z,2026-08-11T16:10:03Z,1.04
SO31 5PS,SEPD,HV,1,TU6750,246,2026-08-11T15:07:55Z,2026-08-11T16:10:03Z,1.04
SO31 5PU,SEPD,HV,1,TU6750,246,2026-08-11T15:07:55Z,2026-08-11T16:10:03Z,1.04
SO31 5PW,SEPD,HV,1,TU6750,246,2026-08-11T15:07:55Z,2026-08-11T16:10:03Z,1.04
SO31 5PX,SEPD,HV,1,TU6750,246,2026-08-11T15:07:55Z,2026-08-11T16:10:03Z,1.04
SO31 5PY,SEPD,HV,1,TU6750,246,2026-08-11T15:07:55Z,2026-08-11T16:10:03Z,1.04
SO31 5PZ,SEPD,HV,1,TU6750,246,2026-08-11T15:07:55Z,2026-08-11T16:10:03Z,1.04
SO31 8GD,SEPD,HV,1,TU6750,246,2026-08-11T15:07:55Z,2026-08-11T16:10:03Z,1.04
AB31 6PN,SHEPD,HV,1,TU5876,6,2026-08-11T05:31:43Z,2026-08-11T06:30:24Z,0.98
AB31 6PP,SHEPD,HV,1,TU5876,6,2026-08-11T05:31:43Z,2026-08-11T06:30:24Z,0.98
BH16 5BF,SEPD,LV,1,TU4966,3,2026-08-10T16:12:31Z,2026-08-10T17:10:59Z,0.97
GL7 5DX,SEPD,HV,1,TU5364,9,2026-08-10T16:12:31Z,2026-08-10T17:10:59Z,0.97
GL7 5EZ,SEPD,HV,1,TU5364,9,2026-08-10T16:12:31Z,2026-08-10T17:10:59Z,0.97
GL7 5FB,SEPD,HV,1,TU5364,9,2026-08-10T16:12:31Z,2026-08-10T17:10:59Z,0.97
GL7 5HA,SEPD,HV,1,TU5364,9,2026-08-10T16:12:31Z,2026-08-10T17:10:59Z,0.97
GL7 5HF,SEPD,HV,1,TU5364,9,2026-08-10T16:12:31Z,2026-08-10T17:10:59Z,0.97
GL7 5PG,SEPD,HV,1,TU5364,9,2026-08-10T16:12:31Z,2026-08-10T17:10:59Z,0.97
GL7 5PN,SEPD,HV,1,TU5364,9,2026-08-10T16:12:31Z,2026-08-10T17:10:59Z,0.97
GL7 5PP,SEPD,HV,1,TU5364,9,2026-08-10T16:12:31Z,2026-08-10T17:10:59Z,0.97
GL7 5PR,SEPD,HV,1,TU5364,9,2026-08-10T16:12:31Z,2026-08-10T17:10:59Z,0.97
GL7 5PS,SEPD,HV,1,TU5364,9,2026-08-10T16:12:31Z,2026-08-10T17:10:59Z,0.97
GL7 5RN,SEPD,HV,1,TU5364,9,2026-08-10T16:12:31Z,2026-08-10T17:10:59Z,0.97
GL7 5RP,SEPD,HV,1,TU5364,9,2026-08-10T16:12:31Z,2026-08-10T17:10:59Z,0.97
GL7 5RR,SEPD,HV,1,TU5364,9,2026-08-10T16:12:31Z,2026-08-10T17:10:59Z,0.97
GL7 5RW,SEPD,HV,1,TU5364,9,2026-08-10T16:12:31Z,2026-08-10T17:10:59Z,0.97
GL7 5RX,SEPD,HV,1,TU5364,9,2026-08-10T16:12:31Z,2026-08-10T17:10:59Z,0.97
GL7 5SG,SEPD,HV,1,TU5364,9,2026-08-10T16:12:31Z,2026-08-10T17:10:59Z,0.97
GL7 5XA,SEPD,HV,1,TU5364,9,2026-08-10T16:12:31Z,2026-08-10T17:10:59Z,0.97
GL7 6ET,SEPD,HV,1,TU5364,9,2026-08-10T16:12:31Z,2026-08-10T17:10:59Z,0.97
GL7 6GE,SEPD,HV,1,TU5364,9,2026-08-10T16:12:31Z,2026-08-10T17:10:59Z,0.97
OX11 0AY,SEPD,LV,1,TT9385,12,2026-08-05T22:42:30Z,2026-08-05T23:40:31Z,0.97
OX11 0AZ,SEPD,LV,1,TT9385,12,2026-08-05T22:42:30Z,2026-08-05T23:40:31Z,0.97
OX11 0BA,SEPD,LV,1,TT9385,12,2026-08-05T22:42:30Z,2026-08-05T23:40:31Z,0.97
UB4 0DJ,SEPD,LV,1,TU5314,39,2026-08-10T16:12:31Z,2026-08-10T17:10:59Z,0.97
UB4 0EL,SEPD,LV,1,TU5314,39,2026-08-10T16:12:31Z,2026-08-10T17:10:59Z,0.97
UB4 0EN,SEPD,LV,1,TU5314,39,2026-08-10T16:12:31Z,2026-08-10T17:10:59Z,0.97
UB4 0TA,SEPD,LV,1,TU5314,39,2026-08-10T16:12:31Z,2026-08-10T17:10:59Z,0.97
UB4 0TB,SEPD,LV,1,TU5314,39,2026-08-10T16:12:31Z,2026-08-10T17:10:59Z,0.97
UB4 0TD,SEPD,LV,1,TU5314,39,2026-08-10T16:12:31Z,2026-08-10T17:10:59Z,0.97
UB4 0TE,SEPD,LV,1,TU5314,39,2026-08-10T16:12:31Z,2026-08-10T17:10:59Z,0.97
PH1 1EQ,SHEPD,"HV,LV",2,"TU5552,TU5562",90,2026-08-10T20:05:18Z,2026-08-10T21:01:10Z,0.93
AB32 7EP,SHEPD,HV,1,TU3284,20,2026-08-09T08:05:18Z,2026-08-09T09:01:10Z,0.93
AB32 7EQ,SHEPD,HV,1,TU3284,20,2026-08-09T08:05:18Z,2026-08-09T09:01:10Z,0.93
AB32 7FP,SHEPD,HV,1,TU3284,20,2026-08-09T08:05:18Z,2026-08-09T09:01:10Z,0.93
DD8 2BL,SHEPD,LV,1,TU5167,23,2026-08-10T20:05:18Z,2026-08-10T21:01:10Z,0.93
DD8 2BN,SHEPD,LV,1,TU5167,23,2026-08-10T20:05:18Z,2026-08-10T21:01:10Z,0.93
DD8 2BP,SHEPD,LV,1,TU5167,23,2026-08-10T20:05:18Z,2026-08-10T21:01:10Z,0.93
DD9 7BD,SHEPD,LV,1,TU6235,2,2026-08-11T11:29:38Z,2026-08-11T12:25:31Z,0.93
DD9 7BG,SHEPD,LV,1,TU6235,2,2026-08-11T11:29:38Z,2026-08-11T12:25:31Z,0.93
PH1 1EJ,SHEPD,HV,1,TU5552,84,2026-08-10T20:05:18Z,2026-08-10T21:01:10Z,0.93
PH1 1EL,SHEPD,HV,1,TU5552,84,2026-08-10T20:05:18Z,2026-08-10T21:01:10Z,0.93
PH1 1EN,SHEPD,HV,1,TU5552,84,2026-08-10T20:05:18Z,2026-08-10T21:01:10Z,0.93
PH1 1ES,SHEPD,HV,1,TU5552,84,2026-08-10T20:05:18Z,2026-08-10T21:01:10Z,0.93
PH1 1EW,SHEPD,HV,1,TU5552,84,2026-08-10T20:05:18Z,2026-08-10T21:01:10Z,0.93
PH1 1HA,SHEPD,HV,1,TU5552,84,2026-08-10T20:05:18Z,2026-08-10T21:01:10Z,0.93
AB41 7HY,SHEPD,HV,1,TU7287,14,2026-08-11T20:07:27Z,2026-08-11T21:02:39Z,0.92
AB41 7JA,SHEPD,HV,1,TU7287,14,2026-08-11T20:07:27Z,2026-08-11T21:02:39Z,0.92
AB53 8NE,SHEPD,HV,1,TU7287,14,2026-08-11T21:58:46Z,2026-08-11T22:53:06Z,0.91
PO20 8BH,SEPD,LV,1,TU7320,7,2026-08-11T21:58:46Z,2026-08-11T22:53:06Z,0.91
PO20 8EA,SEPD,LV,1,TU7320,7,2026-08-11T21:58:46Z,2026-08-11T22:53:06Z,0.91
PO20 8EE,SEPD,LV,1,TU7320,7,2026-08-11T21:58:46Z,2026-08-11T22:53:06Z,0.91
PO20 8EG,SEPD,LV,1,TU7320,7,2026-08-11T21:58:46Z,2026-08-11T22:53:06Z,0.91
PO20 8EQ,SEPD,LV,1,TU7320,7,2026-08-11T21:58:46Z,2026-08-11T22:53:06Z,0.91
SN11 8AW,SEPD,LV,1,TU7321,3,2026-08-11T21:58:46Z,2026-08-11T22:53:06Z,0.91
UB8 2LP,SEPD,LV,1,TU7332,23,2026-08-11T21:58:46Z,2026-08-11T22:53:06Z,0.91
UB8 2LQ,SEPD,LV,1,TU7332,23,2026-08-11T21:58:46Z,2026-08-11T22:53:06Z,0.91
UB8 2LW,SEPD,LV,1,TU7332,23,2026-08-11T21:58:46Z,2026-08-11T22:53:06Z,0.91
AB43 9HQ,SHEPD,LV,1,TU0905,15,2026-08-07T17:32:55Z,2026-08-07T18:26:53Z,0.9
AB43 9HR,SHEPD,LV,1,TU0905,15,2026-08-07T17:32:55Z,2026-08-07T18:26:53Z,0.9
AB43 9HS,SHEPD,LV,1,TU0905,15,2026-08-07T17:32:55Z,2026-08-07T18:26:53Z,0.9
AB43 9HT,SHEPD,LV,1,TU0905,15,2026-08-07T17:32:55Z,2026-08-07T18:26:53Z,0.9
AB43 9HX,SHEPD,LV,1,TU0905,15,2026-08-07T17:32:55Z,2026-08-07T18:26:53Z,0.9
AB43 9JE,SHEPD,LV,1,TU0905,15,2026-08-07T17:32:55Z,2026-08-07T18:26:53Z,0.9
IV32 7NG,SHEPD,HV,1,TU1752,14,2026-08-07T13:52:23Z,2026-08-07T14:46:30Z,0.9
IV32 7NH,SHEPD,HV,1,TU1752,14,2026-08-07T13:52:23Z,2026-08-07T14:46:30Z,0.9
IV32 7NJ,SHEPD,HV,1,TU1752,14,2026-08-07T13:52:23Z,2026-08-07T14:46:30Z,0.9
IV32 7NN,SHEPD,HV,1,TU1752,14,2026-08-07T13:52:23Z,2026-08-07T14:46:30Z,0.9
IV32 7NP,SHEPD,HV,1,TU1752,14,2026-08-07T13:52:23Z,2026-08-07T14:46:30Z,0.9
IV32 7NR,SHEPD,HV,1,TU1752,14,2026-08-07T13:52:23Z,2026-08-07T14:46:30Z,0.9
IV32 7NS,SHEPD,HV,1,TU1752,14,2026-08-07T13:52:23Z,2026-08-07T14:46:30Z,0.9
IV32 7NT,SHEPD,HV,1,TU1752,14,2026-08-07T13:52:23Z,2026-08-07T14:46:30Z,0.9
IV32 7NW,SHEPD,HV,1,TU1752,14,2026-08-07T13:52:23Z,2026-08-07T14:46:30Z,0.9
IV32 7NY,SHEPD,HV,1,TU1752,14,2026-08-07T13:52:23Z,2026-08-07T14:46:30Z,0.9
IV32 7RA,SHEPD,HV,1,TU1752,14,2026-08-07T13:52:23Z,2026-08-07T14:46:30Z,0.9
IV32 7RB,SHEPD,HV,1,TU1752,14,2026-08-07T13:52:23Z,2026-08-07T14:46:30Z,0.9
OX7 7AY,SEPD,LV,1,TU1941,29,2026-08-07T15:39:42Z,2026-08-07T16:33:42Z,0.9
OX7 7BH,SEPD,LV,1,TU1941,29,2026-08-07T15:39:42Z,2026-08-07T16:33:42Z,0.9
OX7 7BJ,SEPD,LV,1,TU1941,29,2026-08-07T15:39:42Z,2026-08-07T16:33:42Z,0.9
OX7 7BT,SEPD,LV,1,TU1941,29,2026-08-07T15:39:42Z,2026-08-07T16:33:42Z,0.9
OX7 7BY,SEPD,LV,1,TU1941,29,2026-08-07T15:39:42Z,2026-08-07T16:33:42Z,0.9
OX7 7BZ,SEPD,LV,1,TU1941,29,2026-08-07T15:39:42Z,2026-08-07T16:33:42Z,0.9
OX7 7DA,SEPD,LV,1,TU1941,29,2026-08-07T15:39:42Z,2026-08-07T16:33:42Z,0.9
OX7 7HG,SEPD,LV,1,TU1941,29,2026-08-07T15:39:42Z,2026-08-07T16:33:42Z,0.9
RG42 6EL,SEPD,HV,1,TU1655,3,2026-08-07T17:32:55Z,2026-08-07T18:26:53Z,0.9
RG42 6EP,SEPD,HV,1,TU1655,3,2026-08-07T17:32:55Z,2026-08-07T18:26:53Z,0.9
RG42 6ER,SEPD,HV,1,TU1655,3,2026-08-07T17:32:55Z,2026-08-07T18:26:53Z,0.9
GL7 6HA,SEPD,PSI,1,253654,3,2026-08-07T09:42:46Z,2026-08-07T10:36:24Z,0.89
KW17 2QH,SHEPD,PSI,1,254030,19,2026-08-07T09:42:46Z,2026-08-07T10:36:24Z,0.89
KW17 2QJ,SHEPD,PSI,1,254030,19,2026-08-07T09:42:46Z,2026-08-07T10:36:24Z,0.89
KW17 2QT,SHEPD,PSI,1,254030,19,2026-08-07T09:42:46Z,2026-08-07T10:36:24Z,0.89
KW17 2RJ,SHEPD,PSI,1,254030,19,2026-08-07T09:42:46Z,2026-08-07T10:36:24Z,0.89
SN4 7SA,SEPD,HV,1,TU1029,23,2026-08-07T09:42:46Z,2026-08-07T10:36:24Z,0.89
IV24 3AD,SHEPD,PSI,1,253305,40,2026-08-11T09:42:25Z,2026-08-11T10:35:19Z,0.88
IV24 3AE,SHEPD,PSI,1,253305,40,2026-08-11T09:42:25Z,2026-08-11T10:35:19Z,0.88
IV24 3AF,SHEPD,PSI,1,253305,40,2026-08-11T09:42:25Z,2026-08-11T10:35:19Z,0.88
GU33 7JZ,SEPD,LV,1,TU4794,20,2026-08-10T11:42:10Z,2026-08-10T12:33:40Z,0.86
GU33 7LY,SEPD,LV,1,TU4794,20,2026-08-10T11:42:10Z,2026-08-10T12:33:40Z,0.86
GU33 7RQ,SEPD,LV,1,TU4794,20,2026-08-10T11:42:10Z,2026-08-10T12:33:40Z,0.86
GU33 7RR,SEPD,LV,1,TU4794,20,2026-08-10T11:42:10Z,2026-08-10T12:33:40Z,0.86
PA23 7QD,SHEPD,LV,1,TU4738,12,2026-08-10T11:42:10Z,2026-08-10T12:33:40Z,0.86
PA23 7QL,SHEPD,LV,1,TU4738,12,2026-08-10T11:42:10Z,2026-08-10T12:33:40Z,0.86
PA23 7QZ,SHEPD,LV,1,TU4738,12,2026-08-10T11:42:10Z,2026-08-10T12:33:40Z,0.86
PA23 8QL,SHEPD,LV,1,TU4738,12,2026-08-10T11:42:10Z,2026-08-10T12:33:40Z,0.86
BH6 3DX,SEPD,LV,1,TU5721,21,2026-08-10T23:50:13Z,2026-08-11T00:41:18Z,0.85
BH6 3EZ,SEPD,LV,1,TU5721,21,2026-08-10T23:50:13Z,2026-08-11T00:41:18Z,0.85
BH6 3HA,SEPD,LV,1,TU5721,21,2026-08-10T23:50:13Z,2026-08-11T00:41:18Z,0.85
HS2 0DW,SHEPD,LV,1,TU5484,9,2026-08-10T19:15:15Z,2026-08-10T20:05:18Z,0.83
RG27 9PX,SEPD,LV,1,TU4586,29,2026-08-10T10:52:21Z,2026-08-10T11:42:10Z,0.83
RG27 9QX,SEPD,LV,1,TU4586,29,2026-08-10T10:52:21Z,2026-08-10T11:42:10Z,0.83
RG27 9QY,SEPD,LV,1,TU4586,29,2026-08-10T10:52:21Z,2026-08-10T11:42:10Z,0.83
RG27 9QZ,SEPD,LV,1,TU4586,29,2026-08-10T10:52:21Z,2026-08-10T11:42:10Z,0.83
RG27 9TE,SEPD,LV,1,TU4586,29,2026-08-10T10:52:21Z,2026-08-10T11:42:10Z,0.83
DD5 3AP,SHEPD,HV,1,TU3656,610,2026-08-09T18:18:33Z,2026-08-09T19:07:41Z,0.82
DD5 3AQ,SHEPD,HV,1,TU3656,610,2026-08-09T18:18:33Z,2026-08-09T19:07:41Z,0.82
DD5 3BE,SHEPD,HV,1,TU3656,610,2026-08-09T18:18:33Z,2026-08-09T19:07:41Z,0.82
DD5 3BG,SHEPD,HV,1,TU3656,610,2026-08-09T18:18:33Z,2026-08-09T19:07:41Z,0.82
DD5 3BH,SHEPD,HV,1,TU3656,610,2026-08-09T18:18:33Z,2026-08-09T19:07:41Z,0.82
DD5 3BL,SHEPD,HV,1,TU3656,610,2026-08-09T18:18:33Z,2026-08-09T19:07:41Z,0.82
DD5 3BN,SHEPD,HV,1,TU3656,610,2026-08-09T18:18:33Z,2026-08-09T19:07:41Z,0.82
DD5 3DQ,SHEPD,HV,1,TU3656,610,2026-08-09T18:18:33Z,2026-08-09T19:07:41Z,0.82
DD5 3DR,SHEPD,HV,1,TU3656,610,2026-08-09T18:18:33Z,2026-08-09T19:07:41Z,0.82
DD5 3DX,SHEPD,HV,1,TU3656,610,2026-08-09T18:18:33Z,2026-08-09T19:07:41Z,0.82
DD5 3DY,SHEPD,HV,1,TU3656,610,2026-08-09T18:18:33Z,2026-08-09T19:07:41Z,0.82
DD5 3EA,SHEPD,HV,1,TU3656,610,2026-08-09T18:18:33Z,2026-08-09T19:07:41Z,0.82
DD5 3EB,SHEPD,HV,1,TU3656,610,2026-08-09T18:18:33Z,2026-08-09T19:07:41Z,0.82
DD5 3ED,SHEPD,HV,1,TU3656,610,2026-08-09T18:18:33Z,2026-08-09T19:07:41Z,0.82
DD5 3ET,SHEPD,HV,1,TU3656,610,2026-08-09T18:18:33Z,2026-08-09T19:07:41Z,0.82
DD5 3EU,SHEPD,HV,1,TU3656,610,2026-08-09T18:18:33Z,2026-08-09T19:07:41Z,0.82
DD5 3EW,SHEPD,HV,1,TU3656,610,2026-08-09T18:18:33Z,2026-08-09T19:07:41Z,0.82
DD5 3EX,SHEPD,HV,1,TU3656,610,2026-08-09T18:18:33Z,2026-08-09T19:07:41Z,0.82
DD5 3EY,SHEPD,HV,1,TU3656,610,2026-08-09T18:18:33Z,2026-08-09T19:07:41Z,0.82
DD5 3EZ,SHEPD,HV,1,TU3656,610,2026-08-09T18:18:33Z,2026-08-09T19:07:41Z,0.82
DD5 3HA,SHEPD,HV,1,TU3656,610,2026-08-09T18:18:33Z,2026-08-09T19:07:41Z,0.82
DD5 3HD,SHEPD,HV,1,TU3656,610,2026-08-09T18:18:33Z,2026-08-09T19:07:41Z,0.82
DD5 3HE,SHEPD,HV,1,TU3656,610,2026-08-09T18:18:33Z,2026-08-09T19:07:41Z,0.82
DD5 3HF,SHEPD,HV,1,TU3656,610,2026-08-09T18:18:33Z,2026-08-09T19:07:41Z,0.82
DD5 3HG,SHEPD,HV,1,TU3656,610,2026-08-09T18:18:33Z,2026-08-09T19:07:41Z,0.82
DD5 3HH,SHEPD,HV,1,TU3656,610,2026-08-09T18:18:33Z,2026-08-09T19:07:41Z,0.82
DD5 3HJ,SHEPD,HV,1,TU3656,610,2026-08-09T18:18:33Z,2026-08-09T19:07:41Z,0.82
DD5 3HL,SHEPD,HV,1,TU3656,610,2026-08-09T18:18:33Z,2026-08-09T19:07:41Z,0.82
DD5 3HN,SHEPD,HV,1,TU3656,610,2026-08-09T18:18:33Z,2026-08-09T19:07:41Z,0.82
DD5 3HP,SHEPD,HV,1,TU3656,610,2026-08-09T18:18:33Z,2026-08-09T19:07:41Z,0.82
DD5 3HQ,SHEPD,HV,1,TU3656,610,2026-08-09T18:18:33Z,2026-08-09T19:07:41Z,0.82
DD5 3HR,SHEPD,HV,1,TU3656,610,2026-08-09T18:18:33Z,2026-08-09T19:07:41Z,0.82
DD5 3HS,SHEPD,HV,1,TU3656,610,2026-08-09T18:18:33Z,2026-08-09T19:07:41Z,0.82
DD5 3JA,SHEPD,HV,1,TU3656,610,2026-08-09T18:18:33Z,2026-08-09T19:07:41Z,0.82
DD5 3JE,SHEPD,HV,1,TU3656,610,2026-08-09T18:18:33Z,2026-08-09T19:07:41Z,0.82
DD5 3JF,SHEPD,HV,1,TU3656,610,2026-08-09T18:18:33Z,2026-08-09T19:07:41Z,0.82
DD5 3JG,SHEPD,HV,1,TU3656,610,2026-08-09T18:18:33Z,2026-08-09T19:07:41Z,0.82
DD5 3LX,SHEPD,HV,1,TU3656,610,2026-08-09T18:18:33Z,2026-08-09T19:07:41Z,0.82
DD5 3LZ,SHEPD,HV,1,TU3656,610,2026-08-09T18:18:33Z,2026-08-09T19:07:41Z,0.82
DD5 3NP,SHEPD,HV,1,TU3656,610,2026-08-09T18:18:33Z,2026-08-09T19:07:41Z,0.82
DD5 3QX,SHEPD,HV,1,TU3656,610,2026-08-09T18:18:33Z,2026-08-09T19:07:41Z,0.82
DD5 3SR,SHEPD,HV,1,TU3656,610,2026-08-09T18:18:33Z,2026-08-09T19:07:41Z,0.82
DD5 3TA,SHEPD,HV,1,TU3656,610,2026-08-09T18:18:33Z,2026-08-09T19:07:41Z,0.82
DT2 0PG,SEPD,HV,1,TU3673,16,2026-08-09T18:18:33Z,2026-08-09T19:07:41Z,0.82
DT2 0PH,SEPD,HV,1,TU3673,16,2026-08-09T18:18:33Z,2026-08-09T19:07:41Z,0.82
DT2 0PJ,SEPD,HV,1,TU3673,16,2026-08-09T18:18:33Z,2026-08-09T19:07:41Z,0.82
DT2 0PR,SEPD,HV,1,TU3673,16,2026-08-09T18:18:33Z,2026-08-09T19:07:41Z,0.82
DT2 0PS,SEPD,HV,1,TU3673,16,2026-08-09T18:18:33Z,2026-08-09T19:07:41Z,0.82
DT2 0PT,SEPD,HV,1,TU3673,16,2026-08-09T18:18:33Z,2026-08-09T19:07:41Z,0.82
DT2 0PU,SEPD,HV,1,TU3673,16,2026-08-09T18:18:33Z,2026-08-09T19:07:41Z,0.82
DT2 0PX,SEPD,HV,1,TU3673,16,2026-08-09T18:18:33Z,2026-08-09T19:07:41Z,0.82
SO18 2ED,SEPD,HV,1,TU2636,1321,2026-08-08T13:07:10Z,2026-08-08T13:55:41Z,0.81
SO18 2EE,SEPD,HV,1,TU2636,1321,2026-08-08T13:07:10Z,2026-08-08T13:55:41Z,0.81
SO18 2EF,SEPD,HV,1,TU2636,1321,2026-08-08T13:07:10Z,2026-08-08T13:55:41Z,0.81
SO18 2EG,SEPD,HV,1,TU2636,1321,2026-08-08T13:07:10Z,2026-08-08T13:55:41Z,0.81
SO18 2EH,SEPD,HV,1,TU2636,1321,2026-08-08T13:07:10Z,2026-08-08T13:55:41Z,0.81
SO18 2EJ,SEPD,HV,1,TU2636,1321,2026-08-08T13:07:10Z,2026-08-08T13:55:41Z,0.81
SO18 2EL,SEPD,HV,1,TU2636,1321,2026-08-08T13:07:10Z,2026-08-08T13:55:41Z,0.81
SO18 2EN,SEPD,HV,1,TU2636,1321,2026-08-08T13:07:10Z,2026-08-08T13:55:41Z,0.81
SO18 2EP,SEPD,HV,1,TU2636,1321,2026-08-08T13:07:10Z,2026-08-08T13:55:41Z,0.81
SO18 3BX,SEPD,HV,1,TU2636,1321,2026-08-08T13:07:10Z,2026-08-08T13:55:41Z,0.81
SO18 3DB,SEPD,HV,1,TU2636,1321,2026-08-08T13:07:10Z,2026-08-08T13:55:41Z,0.81
SO18 4QL,SEPD,HV,1,TU2636,1321,2026-08-08T13:07:10Z,2026-08-08T13:55:41Z,0.81
SO18 4RW,SEPD,HV,1,TU2636,1321,2026-08-08T13:07:10Z,2026-08-08T13:55:41Z,0.81
SO18 4SL,SEPD,HV,1,TU2636,1321,2026-08-08T13:07:10Z,2026-08-08T13:55:41Z,0.81
SO18 4SN,SEPD,HV,1,TU2636,1321,2026-08-08T13:07:10Z,2026-08-08T13:55:41Z,0.81
SO18 4SP,SEPD,HV,1,TU2636,1321,2026-08-08T13:07:10Z,2026-08-08T13:55:41Z,0.81
SO18 4SQ,SEPD,HV,1,TU2636,1321,2026-08-08T13:07:10Z,2026-08-08T13:55:41Z,0.81
SO18 4SR,SEPD,HV,1,TU2636,1321,2026-08-08T13:07:10Z,2026-08-08T13:55:41Z,0.81
SO18 4SS,SEPD,HV,1,TU2636,1321,2026-08-08T13:07:10Z,2026-08-08T13:55:41Z,0.81
SO18 4SY,SEPD,HV,1,TU2636,1321,2026-08-08T13:07:10Z,2026-08-08T13:55:41Z,0.81
SO18 4TD,SEPD,HV,1,TU2636,1321,2026-08-08T13:07:10Z,2026-08-08T13:55:41Z,0.81
SO18 5AD,SEPD,HV,1,TU2636,1321,2026-08-08T13:07:10Z,2026-08-08T13:55:41Z,0.81
SO18 5BZ,SEPD,HV,1,TU2636,1321,2026-08-08T13:07:10Z,2026-08-08T13:55:41Z,0.81
SO18 5DA,SEPD,HV,1,TU2636,1321,2026-08-08T13:07:10Z,2026-08-08T13:55:41Z,0.81
SO18 5DB,SEPD,HV,1,TU2636,1321,2026-08-08T13:07:10Z,2026-08-08T13:55:41Z,0.81
SO18 5DD,SEPD,HV,1,TU2636,1321,2026-08-08T13:07:10Z,2026-08-08T13:55:41Z,0.81
SO18 5DE,SEPD,HV,1,TU2636,1321,2026-08-08T13:07:10Z,2026-08-08T13:55:41Z,0.81
SO18 5DF,SEPD,HV,1,TU2636,1321,2026-08-08T13:07:10Z,2026-08-08T13:55:41Z,0.81
SO18 5DH,SEPD,HV,1,TU2636,1321,2026-08-08T13:07:10Z,2026-08-08T13:55:41Z,0.81
SO18 5DJ,SEPD,HV,1,TU2636,1321,2026-08-08T13:07:10Z,2026-08-08T13:55:41Z,0.81
SO18 5DP,SEPD,HV,1,TU2636,1321,2026-08-08T13:07:10Z,2026-08-08T13:55:41Z,0.81
SO18 5DR,SEPD,HV,1,TU2636,1321,2026-08-08T13:07:10Z,2026-08-08T13:55:41Z,0.81
SO18 5DX,SEPD,HV,1,TU2636,1321,2026-08-08T13:07:10Z,2026-08-08T13:55:41Z,0.81
SO18 5DY,SEPD,HV,1,TU2636,1321,2026-08-08T13:07:10Z,2026-08-08T13:55:41Z,0.81
SO18 5DZ,SEPD,HV,1,TU2636,1321,2026-08-08T13:07:10Z,2026-08-08T13:55:41Z,0.81
SO18 5EA,SEPD,HV,1,TU2636,1321,2026-08-08T13:07:10Z,2026-08-08T13:55:41Z,0.81
SO18 5EB,SEPD,HV,1,TU2636,1321,2026-08-08T13:07:10Z,2026-08-08T13:55:41Z,0.81
SO18 5ED,SEPD,HV,1,TU2636,1321,2026-08-08T13:07:10Z,2026-08-08T13:55:41Z,0.81
SO18 5FR,SEPD,HV,1,TU2636,1321,2026-08-08T13:07:10Z,2026-08-08T13:55:41Z,0.81
SO18 5GL,SEPD,HV,1,TU2636,1321,2026-08-08T13:07:10Z,2026-08-08T13:55:41Z,0.81
SO18 5GN,SEPD,HV,1,TU2636,1321,2026-08-08T13:07:10Z,2026-08-08T13:55:41Z,0.81
SO18 5GP,SEPD,HV,1,TU2636,1321,2026-08-08T13:07:10Z,2026-08-08T13:55:41Z,0.81
SO18 5GQ,SEPD,HV,1,TU2636,1321,2026-08-08T13:07:10Z,2026-08-08T13:55:41Z,0.81
SO18 5GR,SEPD,HV,1,TU2636,1321,2026-08-08T13:07:10Z,2026-08-08T13:55:41Z,0.81
SO18 5GU,SEPD,HV,1,TU2636,1321,2026-08-08T13:07:10Z,2026-08-08T13:55:41Z,0.81
SO18 5GW,SEPD,HV,1,TU2636,1321,2026-08-08T13:07:10Z,2026-08-08T13:55:41Z,0.81
SO18 5JL,SEPD,HV,1,TU2636,1321,2026-08-08T13:07:10Z,2026-08-08T13:55:41Z,0.81
SO18 5LA,SEPD,HV,1,TU2636,1321,2026-08-08T13:07:10Z,2026-08-08T13:55:41Z,0.81
SO18 5LB,SEPD,HV,1,TU2636,1321,2026-08-08T13:07:10Z,2026-08-08T13:55:41Z,0.81
SO18 5NZ,SEPD,HV,1,TU2636,1321,2026-08-08T13:07:10Z,2026-08-08T13:55:41Z,0.81
SO18 5PB,SEPD,HV,1,TU2636,1321,2026-08-08T13:07:10Z,2026-08-08T13:55:41Z,0.81
SO18 5PD,SEPD,HV,1,TU2636,1321,2026-08-08T13:07:10Z,2026-08-08T13:55:41Z,0.81
SO18 5PE,SEPD,HV,1,TU2636,1321,2026-08-08T13:07:10Z,2026-08-08T13:55:41Z,0.81
SO18 5PF,SEPD,HV,1,TU2636,1321,2026-08-08T13:07:10Z,2026-08-08T13:55:41Z,0.81
SO18 5PG,SEPD,HV,1,TU2636,1321,2026-08-08T13:07:10Z,2026-08-08T13:55:41Z,0.81
SO18 5PQ,SEPD,HV,1,TU2636,1321,2026-08-08T13:07:10Z,2026-08-08T13:55:41Z,0.81
SO18 5PR,SEPD,HV,1,TU2636,1321,2026-08-08T13:07:10Z,2026-08-08T13:55:41Z,0.81
SO18 5PZ,SEPD,HV,1,TU2636,1321,2026-08-08T13:07:10Z,2026-08-08T13:55:41Z,0.81
SO18 5QB,SEPD,HV,1,TU2636,1321,2026-08-08T13:07:10Z,2026-08-08T13:55:41Z,0.81
SO18 5QD,SEPD,HV,1,TU2636,1321,2026-08-08T13:07:10Z,2026-08-08T13:55:41Z,0.81
SO18 5QJ,SEPD,HV,1,TU2636,1321,2026-08-08T13:07:10Z,2026-08-08T13:55:41Z,0.81
SO18 5QL,SEPD,HV,1,TU2636,1321,2026-08-08T13:07:10Z,2026-08-08T13:55:41Z,0.81
SO18 5QP,SEPD,HV,1,TU2636,1321,2026-08-08T13:07:10Z,2026-08-08T13:55:41Z,0.81
SO18 5QQ,SEPD,HV,1,TU2636,1321,2026-08-08T13:07:10Z,2026-08-08T13:55:41Z,0.81
SO18 5QR,SEPD,HV,1,TU2636,1321,2026-08-08T13:07:10Z,2026-08-08T13:55:41Z,0.81
SO18 5QS,SEPD,HV,1,TU2636,1321,2026-08-08T13:07:10Z,2026-08-08T13:55:41Z,0.81
SO18 5RJ,SEPD,HV,1,TU2636,1321,2026-08-08T13:07:10Z,2026-08-08T13:55:41Z,0.81
SO18 5SR,SEPD,HV,1,TU2636,1321,2026-08-08T13:07:10Z,2026-08-08T13:55:41Z,0.81
SO18 5SZ,SEPD,HV,1,TU2636,1321,2026-08-08T13:07:10Z,2026-08-08T13:55:41Z,0.81
SO18 5TB,SEPD,HV,1,TU2636,1321,2026-08-08T13:07:10Z,2026-08-08T13:55:41Z,0.81
SO18 6AY,SEPD,HV,1,TU2636,1321,2026-08-08T13:07:10Z,2026-08-08T13:55:41Z,0.81
SO18 6BW,SEPD,HV,1,TU2636,1321,2026-08-08T13:07:10Z,2026-08-08T13:55:41Z,0.81
SO18 6NP,SEPD,HV,1,TU2636,1321,2026-08-08T13:07:10Z,2026-08-08T13:55:41Z,0.81
SO18 6NU,SEPD,HV,1,TU2636,1321,2026-08-08T13:07:10Z,2026-08-08T13:55:41Z,0.81
SO18 6NW,SEPD,HV,1,TU2636,1321,2026-08-08T13:07:10Z,2026-08-08T13:55:41Z,0.81
SO18 6NX,SEPD,HV,1,TU2636,1321,2026-08-08T13:07:10Z,2026-08-08T13:55:41Z,0.81
SO18 6NY,SEPD,HV,1,TU2636,1321,2026-08-08T13:07:10Z,2026-08-08T13:55:41Z,0.81
SO18 6PA,SEPD,HV,1,TU2636,1321,2026-08-08T13:07:10Z,2026-08-08T13:55:41Z,0.81
SO18 6PH,SEPD,HV,1,TU2636,1321,2026-08-08T13:07:10Z,2026-08-08T13:55:41Z,0.81
SO18 6PJ,SEPD,HV,1,TU2636,1321,2026-08-08T13:07:10Z,2026-08-08T13:55:41Z,0.81
SO18 6PL,SEPD,HV,1,TU2636,1321,2026-08-08T13:07:10Z,2026-08-08T13:55:41Z,0.81
SO18 6PN,SEPD,HV,1,TU2636,1321,2026-08-08T13:07:10Z,2026-08-08T13:55:41Z,0.81
SO18 6PP,SEPD,HV,1,TU2636,1321,2026-08-08T13:07:10Z,2026-08-08T13:55:41Z,0.81
SO18 6QN,SEPD,HV,1,TU2636,1321,2026-08-08T13:07:10Z,2026-08-08T13:55:41Z,0.81
SO18 6RW,SEPD,HV,1,TU2636,1321,2026-08-08T13:07:10Z,2026-08-08T13:55:41Z,0.81
SO18 6TN,SEPD,HV,1,TU2636,1321,2026-08-08T13:07:10Z,2026-08-08T13:55:41Z,0.81
SO18 6TW,SEPD,HV,1,TU2636,1321,2026-08-08T13:07:10Z,2026-08-08T13:55:41Z,0.81
SO50 9DY,SEPD,LV,1,TU3004,15,2026-08-08T23:49:32Z,2026-08-09T00:37:56Z,0.81
SO50 9DZ,SEPD,LV,1,TU3004,15,2026-08-08T23:49:32Z,2026-08-09T00:37:56Z,0.81
SO50 9EA,SEPD,LV,1,TU3004,15,2026-08-08T23:49:32Z,2026-08-09T00:37:56Z,0.81
SO50 9EB,SEPD,LV,1,TU3004,15,2026-08-08T23:49:32Z,2026-08-09T00:37:56Z,0.81
SO50 9ED,SEPD,LV,1,TU3004,15,2026-08-08T23:49:32Z,2026-08-09T00:37:56Z,0.81
SO50 9ES,SEPD,LV,1,TU3004,15,2026-08-08T23:49:32Z,2026-08-09T00:37:56Z,0.81
SL0 0NE,SEPD,HV,1,TU3473,4,2026-08-09T13:11:11Z,2026-08-09T13:59:17Z,0.8
KW1 5XU,SHEPD,HV,1,TU2096,16,2026-08-07T20:18:00Z,2026-08-07T21:04:31Z,0.78
KW5 6DX,SHEPD,HV,1,TU2096,16,2026-08-07T20:18:00Z,2026-08-07T21:04:31Z,0.78
DD4 6NL,SHEPD,LV,1,TT7837,39,2026-08-04T23:33:30Z,2026-08-05T00:15:45Z,0.7
DD4 6NN,SHEPD,LV,1,TT7837,39,2026-08-04T23:33:30Z,2026-08-05T00:15:45Z,0.7
DD4 7AU,SHEPD,LV,1,TT7837,39,2026-08-04T23:33:30Z,2026-08-05T00:15:45Z,0.7
DD4 7AY,SHEPD,LV,1,TT7837,39,2026-08-04T23:33:30Z,2026-08-05T00:15:45Z,0.7
DD4 7AZ,SHEPD,LV,1,TT7837,39,2026-08-04T23:33:30Z,2026-08-05T00:15:45Z,0.7
DD4 7BD,SHEPD,LV,1,TT7837,39,2026-08-04T23:33:30Z,2026-08-05T00:15:45Z,0.7
DD4 7DG,SHEPD,LV,1,TT7837,39,2026-08-04T23:33:30Z,2026-08-05T00:15:45Z,0.7
DD4 7DH,SHEPD,LV,1,TT7837,39,2026-08-04T23:33:30Z,2026-08-05T00:15:45Z,0.7
DD4 7DQ,SHEPD,LV,1,TT7837,39,2026-08-04T23:33:30Z,2026-08-05T00:15:45Z,0.7
DD4 7EX,SHEPD,LV,1,TT7837,39,2026-08-04T23:33:30Z,2026-08-05T00:15:45Z,0.7
DD4 7EY,SHEPD,LV,1,TT7837,39,2026-08-04T23:33:30Z,2026-08-05T00:15:45Z,0.7
DD4 7EZ,SHEPD,LV,1,TT7837,39,2026-08-04T23:33:30Z,2026-08-05T00:15:45Z,0.7
DD4 7HA,SHEPD,LV,1,TT7837,39,2026-08-04T23:33:30Z,2026-08-05T00:15:45Z,0.7
DD4 7HB,SHEPD,LV,1,TT7837,39,2026-08-04T23:33:30Z,2026-08-05T00:15:45Z,0.7
DD4 7HD,SHEPD,LV,1,TT7837,39,2026-08-04T23:33:30Z,2026-08-05T00:15:45Z,0.7
PO4 9JP,SEPD,LV,1,TU5732,14,2026-08-10T23:08:32Z,2026-08-10T23:50:13Z,0.69
PO4 9JR,SEPD,LV,1,TU5732,14,2026-08-10T23:08:32Z,2026-08-10T23:50:13Z,0.69
PO4 9JS,SEPD,LV,1,TU5732,14,2026-08-10T23:08:32Z,2026-08-10T23:50:13Z,0.69
IV2 4XH,SHEPD,LV,1,TU4000,13,2026-08-09T23:16:07Z,2026-08-09T23:52:52Z,0.61
IV2 4XJ,SHEPD,LV,1,TU4000,13,2026-08-09T23:16:07Z,2026-08-09T23:52:52Z,0.61
IV2 4XQ,SHEPD,LV,1,TU4000,13,2026-08-09T23:16:07Z,2026-08-09T23:52:52Z,0.61
SN11 8LP,SEPD,LV,1,TU3643,15,2026-08-09T17:46:20Z,2026-08-09T18:18:33Z,0.54
SN11 8LR,SEPD,LV,1,TU3643,15,2026-08-09T17:46:20Z,2026-08-09T18:18:33Z,0.54
BA15 1DA,SEPD,LV,1,TU3860,11,2026-08-09T21:40:28Z,2026-08-09T22:04:04Z,0.39
BA15 1DP,SEPD,LV,1,TU3860,11,2026-08-09T21:40:28Z,2026-08-09T22:04:04Z,0.39
BA15 1DR,SEPD,LV,1,TU3860,11,2026-08-09T21:40:28Z,2026-08-09T22:04:04Z,0.39
BA15 1LA,SEPD,LV,1,TU3860,11,2026-08-09T21:40:28Z,2026-08-09T22:04:04Z,0.39
SO51 0NF,SEPD,"HV,LV",4,"TU4204,TU4787,TU6028,TU6037",1596,2026-08-10T11:42:10Z,2026-08-11T07:48:43Z,0.0
SO51 0NG,SEPD,"HV,LV",4,"TU4204,TU4787,TU6028,TU6037",1596,2026-08-10T11:42:10Z,2026-08-11T07:48:43Z,0.0
IV51 9NP,SHEPD,"LV,HV",3,"TT9190,TT9203,TT9276",56,2026-08-05T18:49:16Z,2026-08-05T20:19:15Z,0.0
RG25 2FN,SEPD,HV,3,"TU1577,TU6390,TU6401",699,2026-08-07T12:24:56Z,2026-08-11T10:35:19Z,0.0
RG25 2FQ,SEPD,HV,3,"TU1577,TU6390,TU6401",699,2026-08-07T12:24:56Z,2026-08-11T10:35:19Z,0.0
RG25 2FR,SEPD,HV,3,"TU1577,TU6390,TU6401",699,2026-08-07T12:24:56Z,2026-08-11T10:35:19Z,0.0
RG25 2GZ,SEPD,HV,3,"TU1577,TU6390,TU6401",699,2026-08-07T12:24:56Z,2026-08-11T10:35:19Z,0.0
RG25 2JB,SEPD,HV,3,"TU1577,TU6390,TU6401",699,2026-08-07T12:24:56Z,2026-08-11T10:35:19Z,0.0
RG25 2JD,SEPD,HV,3,"TU1577,TU6390,TU6401",699,2026-08-07T12:24:56Z,2026-08-11T10:35:19Z,0.0
RG25 2JE,SEPD,HV,3,"TU1577,TU6390,TU6401",699,2026-08-07T12:24:56Z,2026-08-11T10:35:19Z,0.0
RG25 2JF,SEPD,HV,3,"TU1577,TU6390,TU6401",699,2026-08-07T12:24:56Z,2026-08-11T10:35:19Z,0.0
RG25 2JG,SEPD,HV,3,"TU1577,TU6390,TU6401",699,2026-08-07T12:24:56Z,2026-08-11T10:35:19Z,0.0
RG25 2JL,SEPD,HV,3,"TU1577,TU6390,TU6401",699,2026-08-07T12:24:56Z,2026-08-11T10:35:19Z,0.0
RG25 2JQ,SEPD,HV,3,"TU1577,TU6390,TU6401",699,2026-08-07T12:24:56Z,2026-08-11T10:35:19Z,0.0
RG25 2JS,SEPD,HV,3,"TU1577,TU6390,TU6401",699,2026-08-07T12:24:56Z,2026-08-11T10:35:19Z,0.0
RG25 2QU,SEPD,HV,3,"TU1577,TU6390,TU6401",699,2026-08-07T12:24:56Z,2026-08-11T10:35:19Z,0.0
BA11 5AD,SEPD,"HV,LV",2,"TT9535,TT9539",607,2026-08-06T07:20:32Z,2026-08-06T07:20:32Z,0.0
BH23 4JX,SEPD,LV,2,"TU3436,TU3563",8,2026-08-09T12:02:32Z,2026-08-09T18:18:33Z,0.0
BH23 4LA,SEPD,LV,2,"TU3436,TU3563",8,2026-08-09T12:02:32Z,2026-08-09T18:18:33Z,0.0
BH23 4NA,SEPD,LV,2,"TU3436,TU3563",8,2026-08-09T12:02:32Z,2026-08-09T18:18:33Z,0.0
GU27 2PN,SEPD,LV,2,"TT8997,TU1531",6,2026-08-05T17:05:15Z,2026-08-07T12:24:56Z,0.0
KW1 4AJ,SHEPD,LV,2,"TU1740,TU3453",10,2026-08-07T13:52:23Z,2026-08-09T11:37:34Z,0.0
KW1 4NG,SHEPD,LV,2,"TU1740,TU3453",10,2026-08-07T13:52:23Z,2026-08-09T11:37:34Z,0.0
PH1 1EG,SHEPD,"HV,LV",2,"TU5552,TU5562",90,2026-08-10T20:05:18Z,2026-08-10T20:05:18Z,0.0
PH1 1JL,SHEPD,"HV,LV",2,"TU5552,TU5554",93,2026-08-10T20:05:18Z,2026-08-10T20:05:18Z,0.0
PH1 1NB,SHEPD,"HV,LV",2,"TU5552,TU5581",88,2026-08-10T20:05:18Z,2026-08-10T20:05:18Z,0.0
PO20 8AN,SEPD,"PSI,LV",2,"253327,TU2598",14,2026-08-08T13:07:10Z,2026-08-10T09:47:46Z,0.0
RG19 8AQ,SEPD,HV,2,"TU1435,TU1610",34,2026-08-07T11:30:35Z,2026-08-07T12:24:56Z,0.0
RG21 3AN,SEPD,HV,2,"TU6390,TU6401",647,2026-08-11T10:35:19Z,2026-08-11T10:35:19Z,0.0
RG21 3AS,SEPD,HV,2,"TU6390,TU6401",647,2026-08-11T10:35:19Z,2026-08-11T10:35:19Z,0.0
RG21 3AT,SEPD,HV,2,"TU6390,TU6401",647,2026-08-11T10:35:19Z,2026-08-11T10:35:19Z,0.0
RG21 3AU,SEPD,HV,2,"TU6390,TU6401",647,2026-08-11T10:35:19Z,2026-08-11T10:35:19Z,0.0
RG21 3AW,SEPD,HV,2,"TU6390,TU6401",647,2026-08-11T10:35:19Z,2026-08-11T10:35:19Z,0.0
RG21 3AX,SEPD,HV,2,"TU6390,TU6401",647,2026-08-11T10:35:19Z,2026-08-11T10:35:19Z,0.0
RG21 3AY,SEPD,HV,2,"TU6390,TU6401",647,2026-08-11T10:35:19Z,2026-08-11T10:35:19Z,0.0
RG21 3AZ,SEPD,HV,2,"TU6390,TU6401",647,2026-08-11T10:35:19Z,2026-08-11T10:35:19Z,0.0
RG21 3BA,SEPD,HV,2,"TU6390,TU6401",647,2026-08-11T10:35:19Z,2026-08-11T10:35:19Z,0.0
RG21 3BS,SEPD,HV,2,"TU6390,TU6401",647,2026-08-11T10:35:19Z,2026-08-11T10:35:19Z,0.0
RG21 3EE,SEPD,HV,2,"TU6390,TU6401",647,2026-08-11T10:35:19Z,2026-08-11T10:35:19Z,0.0
RG21 3HD,SEPD,HV,2,"TU6390,TU6401",647,2026-08-11T10:35:19Z,2026-08-11T10:35:19Z,0.0
RG21 3HL,SEPD,HV,2,"TU6390,TU6401",647,2026-08-11T10:35:19Z,2026-08-11T10:35:19Z,0.0
RG21 3HP,SEPD,HV,2,"TU6390,TU6401",647,2026-08-11T10:35:19Z,2026-08-11T10:35:19Z,0.0
RG21 3HS,SEPD,HV,2,"TU6390,TU6401",647,2026-08-11T10:35:19Z,2026-08-11T10:35:19Z,0.0
RG21 3HT,SEPD,HV,2,"TU6390,TU6401",647,2026-08-11T10:35:19Z,2026-08-11T10:35:19Z,0.0
RG21 3HU,SEPD,HV,2,"TU6390,TU6401",647,2026-08-11T10:35:19Z,2026-08-11T10:35:19Z,0.0
RG21 3HX,SEPD,HV,2,"TU6390,TU6401",647,2026-08-11T10:35:19Z,2026-08-11T10:35:19Z,0.0
RG21 3HY,SEPD,HV,2,"TU6390,TU6401",647,2026-08-11T10:35:19Z,2026-08-11T10:35:19Z,0.0
RG21 3HZ,SEPD,HV,2,"TU6390,TU6401",647,2026-08-11T10:35:19Z,2026-08-11T10:35:19Z,0.0
RG21 3JD,SEPD,HV,2,"TU6390,TU6401",647,2026-08-11T10:35:19Z,2026-08-11T10:35:19Z,0.0
RG21 3JH,SEPD,HV,2,"TU6390,TU6401",647,2026-08-11T10:35:19Z,2026-08-11T10:35:19Z,0.0
RG21 3LR,SEPD,HV,2,"TU6390,TU6401",647,2026-08-11T10:35:19Z,2026-08-11T10:35:19Z,0.0
RG21 3PF,SEPD,HV,2,"TU6390,TU6401",647,2026-08-11T10:35:19Z,2026-08-11T10:35:19Z,0.0
RG21 3PH,SEPD,HV,2,"TU6390,TU6401",647,2026-08-11T10:35:19Z,2026-08-11T10:35:19Z,0.0
RG22 4BS,SEPD,HV,2,"TU6390,TU6401",647,2026-08-11T10:35:19Z,2026-08-11T10:35:19Z,0.0
RG22 4BT,SEPD,HV,2,"TU6390,TU6401",647,2026-08-11T10:35:19Z,2026-08-11T10:35:19Z,0.0
RG22 4BU,SEPD,HV,2,"TU6390,TU6401",647,2026-08-11T10:35:19Z,2026-08-11T10:35:19Z,0.0
RG22 4BX,SEPD,HV,2,"TU6390,TU6401",647,2026-08-11T10:35:19Z,2026-08-11T10:35:19Z,0.0
RG22 4BZ,SEPD,HV,2,"TU6390,TU6401",647,2026-08-11T10:35:19Z,2026-08-11T10:35:19Z,0.0
RG25 2FG,SEPD,HV,2,"TU6390,TU6401",647,2026-08-11T10:35:19Z,2026-08-11T10:35:19Z,0.0
RG25 2HA,SEPD,HV,2,"TU6390,TU6401",647,2026-08-11T10:35:19Z,2026-08-11T10:35:19Z,0.0
RG25 2HW,SEPD,HV,2,"TU1577,TU6390",680,2026-08-07T12:24:56Z,2026-08-11T10:35:19Z,0.0
RG25 2JH,SEPD,HV,2,"TU6390,TU6401",647,2026-08-11T10:35:19Z,2026-08-11T10:35:19Z,0.0
RG25 2JJ,SEPD,HV,2,"TU6390,TU6401",647,2026-08-11T10:35:19Z,2026-08-11T10:35:19Z,0.0
RG25 2JN,SEPD,HV,2,"TU6390,TU6401",647,2026-08-11T10:35:19Z,2026-08-11T10:35:19Z,0.0
RG25 2JP,SEPD,HV,2,"TU6390,TU6401",647,2026-08-11T10:35:19Z,2026-08-11T10:35:19Z,0.0
RG25 2JT,SEPD,HV,2,"TU6390,TU6401",647,2026-08-11T10:35:19Z,2026-08-11T10:35:19Z,0.0
RG25 2JU,SEPD,HV,2,"TU6390,TU6401",647,2026-08-11T10:35:19Z,2026-08-11T10:35:19Z,0.0
RG25 2JW,SEPD,HV,2,"TU6390,TU6401",647,2026-08-11T10:35:19Z,2026-08-11T10:35:19Z,0.0
RG25 2NH,SEPD,HV,2,"TU6390,TU6401",647,2026-08-11T10:35:19Z,2026-08-11T10:35:19Z,0.0
RG25 2NL,SEPD,HV,2,"TU6390,TU6401",647,2026-08-11T10:35:19Z,2026-08-11T10:35:19Z,0.0
RG25 2NP,SEPD,HV,2,"TU6390,TU6401",647,2026-08-11T10:35:19Z,2026-08-11T10:35:19Z,0.0
RG25 3JH,SEPD,HV,2,"TU6390,TU6401",647,2026-08-11T10:35:19Z,2026-08-11T10:35:19Z,0.0
RG42 5NE,SEPD,HV,2,"TT8871,TU2337",780,2026-08-05T15:30:21Z,2026-08-08T08:04:14Z,0.0
RG42 5QT,SEPD,HV,2,"TT8871,TU2337",780,2026-08-05T15:30:21Z,2026-08-08T08:04:14Z,0.0
RG42 5QU,SEPD,HV,2,"TT8871,TU2337",780,2026-08-05T15:30:21Z,2026-08-08T08:04:14Z,0.0
RG42 5RX,SEPD,HV,2,"TT8871,TU2337",780,2026-08-05T15:30:21Z,2026-08-08T08:04:14Z,0.0
RG42 5RY,SEPD,HV,2,"TT8871,TU2337",780,2026-08-05T15:30:21Z,2026-08-08T08:04:14Z,0.0
RG42 6EQ,SEPD,HV,2,"TT8871,TU2337",780,2026-08-05T15:30:21Z,2026-08-08T08:04:14Z,0.0
RG42 6ES,SEPD,HV,2,"TT8871,TU2337",780,2026-08-05T15:30:21Z,2026-08-08T08:04:14Z,0.0
RG42 6ET,SEPD,HV,2,"TT8871,TU2337",780,2026-08-05T15:30:21Z,2026-08-08T08:04:14Z,0.0
RG42 6EU,SEPD,HV,2,"TT8871,TU2337",780,2026-08-05T15:30:21Z,2026-08-08T08:04:14Z,0.0
RG42 6EX,SEPD,HV,2,"TT8871,TU2337",780,2026-08-05T15:30:21Z,2026-08-08T08:04:14Z,0.0
RG42 6EY,SEPD,HV,2,"TT8871,TU2337",780,2026-08-05T15:30:21Z,2026-08-08T08:04:14Z,0.0
RG42 6FX,SEPD,HV,2,"TT8871,TU2337",780,2026-08-05T15:30:21Z,2026-08-08T08:04:14Z,0.0
RG5 2FG,SEPD,HV,2,"TU6390,TU6401",647,2026-08-11T10:35:19Z,2026-08-11T10:35:19Z,0.0
SL5 7NT,SEPD,HV,2,"TT8871,TU2337",780,2026-08-05T15:30:21Z,2026-08-08T08:04:14Z,0.0
SL6 2HY,SEPD,HV,2,"TT8871,TU2337",780,2026-08-05T15:30:21Z,2026-08-08T08:04:14Z,0.0
SL6 2JB,SEPD,HV,2,"TT8871,TU2337",780,2026-08-05T15:30:21Z,2026-08-08T08:04:14Z,0.0
SL6 2JD,SEPD,HV,2,"TT8871,TU2337",780,2026-08-05T15:30:21Z,2026-08-08T08:04:14Z,0.0
SL6 2JE,SEPD,HV,2,"TT8871,TU2337",780,2026-08-05T15:30:21Z,2026-08-08T08:04:14Z,0.0
SL6 2JF,SEPD,HV,2,"TT8871,TU2337",780,2026-08-05T15:30:21Z,2026-08-08T08:04:14Z,0.0
SL6 2JG,SEPD,HV,2,"TT8871,TU2337",780,2026-08-05T15:30:21Z,2026-08-08T08:04:14Z,0.0
SL6 2JH,SEPD,HV,2,"TT8871,TU2337",780,2026-08-05T15:30:21Z,2026-08-08T08:04:14Z,0.0
SL6 2JQ,SEPD,HV,2,"TT8871,TU2337",780,2026-08-05T15:30:21Z,2026-08-08T08:04:14Z,0.0
SL6 2JW,SEPD,HV,2,"TT8871,TU2337",780,2026-08-05T15:30:21Z,2026-08-08T08:04:14Z,0.0
SL6 2NA,SEPD,HV,2,"TT8871,TU2337",780,2026-08-05T15:30:21Z,2026-08-08T08:04:14Z,0.0
SL6 2NB,SEPD,HV,2,"TT8871,TU2337",780,2026-08-05T15:30:21Z,2026-08-08T08:04:14Z,0.0
SL6 2ND,SEPD,HV,2,"TT8871,TU2337",780,2026-08-05T15:30:21Z,2026-08-08T08:04:14Z,0.0
SL6 2NF,SEPD,HV,2,"TT8871,TU2337",780,2026-08-05T15:30:21Z,2026-08-08T08:04:14Z,0.0
SL6 2NH,SEPD,HV,2,"TT8871,TU2337",780,2026-08-05T15:30:21Z,2026-08-08T08:04:14Z,0.0
SL6 2NJ,SEPD,HV,2,"TT8871,TU2337",780,2026-08-05T15:30:21Z,2026-08-08T08:04:14Z,0.0
SL6 2NL,SEPD,HV,2,"TT8871,TU2337",780,2026-08-05T15:30:21Z,2026-08-08T08:04:14Z,0.0
SL6 2NN,SEPD,HV,2,"TT8871,TU2337",780,2026-08-05T15:30:21Z,2026-08-08T08:04:14Z,0.0
SL6 2NQ,SEPD,HV,2,"TT8871,TU2337",780,2026-08-05T15:30:21Z,2026-08-08T08:04:14Z,0.0
SL6 2NW,SEPD,HV,2,"TT8871,TU2337",780,2026-08-05T15:30:21Z,2026-08-08T08:04:14Z,0.0
SL6 2US,SEPD,HV,2,"TT8871,TU2337",780,2026-08-05T15:30:21Z,2026-08-08T08:04:14Z,0.0
SL6 3JP,SEPD,HV,2,"TT8871,TU2337",780,2026-08-05T15:30:21Z,2026-08-08T08:04:14Z,0.0
SL6 3JS,SEPD,HV,2,"TT8871,TU2337",780,2026-08-05T15:30:21Z,2026-08-08T08:04:14Z,0.0
SL6 3JY,SEPD,HV,2,"TT8871,TU2337",780,2026-08-05T15:30:21Z,2026-08-08T08:04:14Z,0.0
SL6 3JZ,SEPD,HV,2,"TT8871,TU2337",780,2026-08-05T15:30:21Z,2026-08-08T08:04:14Z,0.0
SL6 3LA,SEPD,HV,2,"TT8871,TU2337",780,2026-08-05T15:30:21Z,2026-08-08T08:04:14Z,0.0
SL6 3LD,SEPD,HV,2,"TT8871,TU2337",780,2026-08-05T15:30:21Z,2026-08-08T08:04:14Z,0.0
SL6 3LE,SEPD,HV,2,"TT8871,TU2337",780,2026-08-05T15:30:21Z,2026-08-08T08:04:14Z,0.0
SL6 3LF,SEPD,HV,2,"TT8871,TU2337",780,2026-08-05T15:30:21Z,2026-08-08T08:04:14Z,0.0
SL6 3LG,SEPD,HV,2,"TT8871,TU2337",780,2026-08-05T15:30:21Z,2026-08-08T08:04:14Z,0.0
SL6 3LH,SEPD,HV,2,"TT8871,TU2337",780,2026-08-05T15:30:21Z,2026-08-08T08:04:14Z,0.0
SL6 3LQ,SEPD,HV,2,"TT8871,TU2337",780,2026-08-05T15:30:21Z,2026-08-08T08:04:14Z,0.0
SL6 3ST,SEPD,HV,2,"TT8871,TU2337",780,2026-08-05T15:30:21Z,2026-08-08T08:04:14Z,0.0
SL6 3SY,SEPD,HV,2,"TT8871,TU2337",780,2026-08-05T15:30:21Z,2026-08-08T08:04:14Z,0.0
SL6 3TD,SEPD,HV,2,"TT8871,TU2337",780,2026-08-05T15:30:21Z,2026-08-08T08:04:14Z,0.0
SO20 6NA,SEPD,HV,2,"TU6028,TU6037",1480,2026-08-11T07:48:43Z,2026-08-11T07:48:43Z,0.0
SO51 0AB,SEPD,HV,2,"TU6028,TU6037",1480,2026-08-11T07:48:43Z,2026-08-11T07:48:43Z,0.0
SO51 0DR,SEPD,HV,2,"TU6028,TU6037",1480,2026-08-11T07:48:43Z,2026-08-11T07:48:43Z,0.0
SO51 0JX,SEPD,HV,2,"TU6028,TU6037",1480,2026-08-11T07:48:43Z,2026-08-11T07:48:43Z,0.0
SO51 0LA,SEPD,HV,2,"TU6028,TU6037",1480,2026-08-11T07:48:43Z,2026-08-11T07:48:43Z,0.0
SO51 0LB,SEPD,HV,2,"TU6028,TU6037",1480,2026-08-11T07:48:43Z,2026-08-11T07:48:43Z,0.0
SO51 0LE,SEPD,HV,2,"TU6028,TU6037",1480,2026-08-11T07:48:43Z,2026-08-11T07:48:43Z,0.0
SO51 0LF,SEPD,HV,2,"TU6028,TU6037",1480,2026-08-11T07:48:43Z,2026-08-11T07:48:43Z,0.0
SO51 0LH,SEPD,HV,2,"TU6028,TU6037",1480,2026-08-11T07:48:43Z,2026-08-11T07:48:43Z,0.0
SO51 0LJ,SEPD,HV,2,"TU6028,TU6037",1480,2026-08-11T07:48:43Z,2026-08-11T07:48:43Z,0.0
SO51 0LL,SEPD,HV,2,"TU6028,TU6037",1480,2026-08-11T07:48:43Z,2026-08-11T07:48:43Z,0.0
SO51 0LN,SEPD,HV,2,"TU6028,TU6037",1480,2026-08-11T07:48:43Z,2026-08-11T07:48:43Z,0.0
SO51 0LP,SEPD,HV,2,"TU6028,TU6037",1480,2026-08-11T07:48:43Z,2026-08-11T07:48:43Z,0.0
SO51 0LQ,SEPD,HV,2,"TU6028,TU6037",1480,2026-08-11T07:48:43Z,2026-08-11T07:48:43Z,0.0
SO51 0LR,SEPD,HV,2,"TU6028,TU6037",1480,2026-08-11T07:48:43Z,2026-08-11T07:48:43Z,0.0
SO51 0LS,SEPD,HV,2,"TU6028,TU6037",1480,2026-08-11T07:48:43Z,2026-08-11T07:48:43Z,0.0
SO51 0LX,SEPD,HV,2,"TU6028,TU6037",1480,2026-08-11T07:48:43Z,2026-08-11T07:48:43Z,0.0
SO51 0NA,SEPD,HV,2,"TU6028,TU6037",1480,2026-08-11T07:48:43Z,2026-08-11T07:48:43Z,0.0
SO51 0NB,SEPD,HV,2,"TU6028,TU6037",1480,2026-08-11T07:48:43Z,2026-08-11T07:48:43Z,0.0
SO51 0ND,SEPD,HV,2,"TU6028,TU6037",1480,2026-08-11T07:48:43Z,2026-08-11T07:48:43Z,0.0
SO51 0NE,SEPD,HV,2,"TU6028,TU6037",1480,2026-08-11T07:48:43Z,2026-08-11T07:48:43Z,0.0
SO51 0NH,SEPD,HV,2,"TU6028,TU6037",1480,2026-08-11T07:48:43Z,2026-08-11T07:48:43Z,0.0
SO51 0NJ,SEPD,HV,2,"TU6028,TU6037",1480,2026-08-11T07:48:43Z,2026-08-11T07:48:43Z,0.0
SO51 0NL,SEPD,HV,2,"TU6028,TU6037",1480,2026-08-11T07:48:43Z,2026-08-11T07:48:43Z,0.0
SO51 0NN,SEPD,HV,2,"TU6028,TU6037",1480,2026-08-11T07:48:43Z,2026-08-11T07:48:43Z,0.0
SO51 0NU,SEPD,HV,2,"TU6028,TU6037",1480,2026-08-11T07:48:43Z,2026-08-11T07:48:43Z,0.0
SO51 0NW,SEPD,HV,2,"TU6028,TU6037",1480,2026-08-11T07:48:43Z,2026-08-11T07:48:43Z,0.0
SO51 0NY,SEPD,HV,2,"TU6028,TU6037",1480,2026-08-11T07:48:43Z,2026-08-11T07:48:43Z,0.0
SO51 0NZ,SEPD,HV,2,"TU6028,TU6037",1480,2026-08-11T07:48:43Z,2026-08-11T07:48:43Z,0.0
SO51 0RA,SEPD,HV,2,"TU6028,TU6037",1480,2026-08-11T07:48:43Z,2026-08-11T07:48:43Z,0.0
SP5 2BN,SEPD,HV,2,"TU6028,TU6037",1480,2026-08-11T07:48:43Z,2026-08-11T07:48:43Z,0.0
AB31 4ED,SHEPD,HV,1,TU4303,47,2026-08-10T08:10:05Z,2026-08-10T08:10:05Z,0.0
AB31 4EX,SHEPD,HV,1,TU4303,47,2026-08-10T08:10:05Z,2026-08-10T08:10:05Z,0.0
AB31 4EY,SHEPD,HV,1,TU4303,47,2026-08-10T08:10:05Z,2026-08-10T08:10:05Z,0.0
AB31 4HA,SHEPD,HV,1,TU4303,47,2026-08-10T08:10:05Z,2026-08-10T08:10:05Z,0.0
AB31 4HB,SHEPD,HV,1,TU4303,47,2026-08-10T08:10:05Z,2026-08-10T08:10:05Z,0.0
AB31 4HD,SHEPD,HV,1,TU4303,47,2026-08-10T08:10:05Z,2026-08-10T08:10:05Z,0.0
AB31 5QP,SHEPD,HV,1,TU4303,47,2026-08-10T08:10:05Z,2026-08-10T08:10:05Z,0.0
AB31 5QQ,SHEPD,HV,1,TU4303,47,2026-08-10T08:10:05Z,2026-08-10T08:10:05Z,0.0
AB31 5QR,SHEPD,HV,1,TU4303,47,2026-08-10T08:10:05Z,2026-08-10T08:10:05Z,0.0
AB31 5RJ,SHEPD,HV,1,TU4303,47,2026-08-10T08:10:05Z,2026-08-10T08:10:05Z,0.0
AB31 6NA,SHEPD,HV,1,TU5876,6,2026-08-11T05:31:43Z,2026-08-11T05:31:43Z,0.0
AB31 6NB,SHEPD,HV,1,TU5876,6,2026-08-11T05:31:43Z,2026-08-11T05:31:43Z,0.0
AB31 6ND,SHEPD,HV,1,TU5876,6,2026-08-11T05:31:43Z,2026-08-11T05:31:43Z,0.0
AB31 6NG,SHEPD,HV,1,TU5876,6,2026-08-11T05:31:43Z,2026-08-11T05:31:43Z,0.0
AB31 6NU,SHEPD,HV,1,TU5876,6,2026-08-11T05:31:43Z,2026-08-11T05:31:43Z,0.0
AB31 6PA,SHEPD,HV,1,TU5876,6,2026-08-11T05:31:43Z,2026-08-11T05:31:43Z,0.0
AB31 6PB,SHEPD,HV,1,TU5876,6,2026-08-11T05:31:43Z,2026-08-11T05:31:43Z,0.0
AB31 6PF,SHEPD,HV,1,TU5876,6,2026-08-11T05:31:43Z,2026-08-11T05:31:43Z,0.0
AB31 6PJ,SHEPD,HV,1,TU5876,6,2026-08-11T05:31:43Z,2026-08-11T05:31:43Z,0.0
AB31 6PL,SHEPD,HV,1,TU5876,6,2026-08-11T05:31:43Z,2026-08-11T05:31:43Z,0.0
AB41 9JE,SHEPD,HV,1,TT9967,31,2026-08-06T12:17:55Z,2026-08-06T12:17:55Z,0.0
AB42 3AD,SHEPD,HV,1,TU1285,108,2026-08-07T09:42:46Z,2026-08-07T09:42:46Z,0.0
AB42 3AE,SHEPD,HV,1,TU1285,108,2026-08-07T09:42:46Z,2026-08-07T09:42:46Z,0.0
AB42 3AJ,SHEPD,HV,1,TU1285,108,2026-08-07T09:42:46Z,2026-08-07T09:42:46Z,0.0
AB42 3AP,SHEPD,HV,1,TU1285,108,2026-08-07T09:42:46Z,2026-08-07T09:42:46Z,0.0
AB42 3BD,SHEPD,HV,1,TU1285,108,2026-08-07T09:42:46Z,2026-08-07T09:42:46Z,0.0
AB42 3DT,SHEPD,LV,1,TU2017,3,2026-08-07T19:33:07Z,2026-08-07T19:33:07Z,0.0
AB42 3DW,SHEPD,LV,1,TU2017,3,2026-08-07T19:33:07Z,2026-08-07T19:33:07Z,0.0
AB42 3GL,SHEPD,HV,1,TU1285,108,2026-08-07T09:42:46Z,2026-08-07T09:42:46Z,0.0
AB42 3GT,SHEPD,HV,1,TU1285,108,2026-08-07T09:42:46Z,2026-08-07T09:42:46Z,0.0
AB42 3GY,SHEPD,HV,1,TU1285,108,2026-08-07T09:42:46Z,2026-08-07T09:42:46Z,0.0
AB42 3JF,SHEPD,HV,1,TU1285,108,2026-08-07T09:42:46Z,2026-08-07T09:42:46Z,0.0
AB42 3JG,SHEPD,HV,1,TU1285,108,2026-08-07T09:42:46Z,2026-08-07T09:42:46Z,0.0
AB42 3JH,SHEPD,HV,1,TU1285,108,2026-08-07T09:42:46Z,2026-08-07T09:42:46Z,0.0
AB42 3JL,SHEPD,HV,1,TU1285,108,2026-08-07T09:42:46Z,2026-08-07T09:42:46Z,0.0
AB42 3JN,SHEPD,HV,1,TU1285,108,2026-08-07T09:42:46Z,2026-08-07T09:42:46Z,0.0
AB42 3JR,SHEPD,HV,1,TU1285,108,2026-08-07T09:42:46Z,2026-08-07T09:42:46Z,0.0
AB42 3JS,SHEPD,HV,1,TU1285,108,2026-08-07T09:42:46Z,2026-08-07T09:42:46Z,0.0
AB42 3JY,SHEPD,HV,1,TU1285,108,2026-08-07T09:42:46Z,2026-08-07T09:42:46Z,0.0
AB42 3LL,SHEPD,HV,1,TU1285,108,2026-08-07T09:42:46Z,2026-08-07T09:42:46Z,0.0
AB42 3LN,SHEPD,HV,1,TU1285,108,2026-08-07T09:42:46Z,2026-08-07T09:42:46Z,0.0
AB42 3LP,SHEPD,HV,1,TU1285,108,2026-08-07T09:42:46Z,2026-08-07T09:42:46Z,0.0
AB42 3LQ,SHEPD,HV,1,TU1285,108,2026-08-07T09:42:46Z,2026-08-07T09:42:46Z,0.0
AB42 3LR,SHEPD,HV,1,TU1285,108,2026-08-07T09:42:46Z,2026-08-07T09:42:46Z,0.0
AB42 3LS,SHEPD,HV,1,TU1285,108,2026-08-07T09:42:46Z,2026-08-07T09:42:46Z,0.0
AB42 5AL,SHEPD,HV,1,TT9967,31,2026-08-06T12:17:55Z,2026-08-06T12:17:55Z,0.0
AB42 5AN,SHEPD,HV,1,TT9967,31,2026-08-06T12:17:55Z,2026-08-06T12:17:55Z,0.0
AB42 5AR,SHEPD,HV,1,TT9967,31,2026-08-06T12:17:55Z,2026-08-06T12:17:55Z,0.0
AB42 5AS,SHEPD,HV,1,TT9967,31,2026-08-06T12:17:55Z,2026-08-06T12:17:55Z,0.0
AB42 5AT,SHEPD,HV,1,TT9967,31,2026-08-06T12:17:55Z,2026-08-06T12:17:55Z,0.0
AB42 5BQ,SHEPD,HV,1,TT9967,31,2026-08-06T12:17:55Z,2026-08-06T12:17:55Z,0.0
AB42 5BR,SHEPD,HV,1,TT9967,31,2026-08-06T12:17:55Z,2026-08-06T12:17:55Z,0.0
AB43 9TB,SHEPD,HV,1,TU1285,108,2026-08-07T09:42:46Z,2026-08-07T09:42:46Z,0.0
BA11 1LA,SEPD,LV,1,TT9539,29,2026-08-06T07:20:32Z,2026-08-06T07:20:32Z,0.0
BA11 1LB,SEPD,LV,1,TT9539,29,2026-08-06T07:20:32Z,2026-08-06T07:20:32Z,0.0
BA11 1LD,SEPD,LV,1,TT9539,29,2026-08-06T07:20:32Z,2026-08-06T07:20:32Z,0.0
BA11 1LH,SEPD,HV,1,TT9535,578,2026-08-06T07:20:32Z,2026-08-06T07:20:32Z,0.0
BA11 1NP,SEPD,HV,1,TT9535,578,2026-08-06T07:20:32Z,2026-08-06T07:20:32Z,0.0
BA11 1PA,SEPD,HV,1,TT9535,578,2026-08-06T07:20:32Z,2026-08-06T07:20:32Z,0.0
BA11 1PB,SEPD,HV,1,TT9535,578,2026-08-06T07:20:32Z,2026-08-06T07:20:32Z,0.0
BA11 1PD,SEPD,HV,1,TT9535,578,2026-08-06T07:20:32Z,2026-08-06T07:20:32Z,0.0
BA11 1PH,SEPD,HV,1,TT9535,578,2026-08-06T07:20:32Z,2026-08-06T07:20:32Z,0.0
BA11 1PJ,SEPD,HV,1,TT9535,578,2026-08-06T07:20:32Z,2026-08-06T07:20:32Z,0.0
BA11 4AL,SEPD,LV,1,TT9539,29,2026-08-06T07:20:32Z,2026-08-06T07:20:32Z,0.0
BA11 4AS,SEPD,LV,1,TT9539,29,2026-08-06T07:20:32Z,2026-08-06T07:20:32Z,0.0
BA11 4AY,SEPD,LV,1,TT9539,29,2026-08-06T07:20:32Z,2026-08-06T07:20:32Z,0.0
BA11 4AZ,SEPD,LV,1,TT9539,29,2026-08-06T07:20:32Z,2026-08-06T07:20:32Z,0.0
BA11 4BN,SEPD,HV,1,TT9535,578,2026-08-06T07:20:32Z,2026-08-06T07:20:32Z,0.0
BA11 4BY,SEPD,HV,1,TT9535,578,2026-08-06T07:20:32Z,2026-08-06T07:20:32Z,0.0
BA11 5AA,SEPD,LV,1,TT9539,29,2026-08-06T07:20:32Z,2026-08-06T07:20:32Z,0.0
BA11 5AB,SEPD,LV,1,TT9539,29,2026-08-06T07:20:32Z,2026-08-06T07:20:32Z,0.0
BA11 5AE,SEPD,HV,1,TT9535,578,2026-08-06T07:20:32Z,2026-08-06T07:20:32Z,0.0
BA11 5AF,SEPD,HV,1,TT9535,578,2026-08-06T07:20:32Z,2026-08-06T07:20:32Z,0.0
BA11 5AG,SEPD,HV,1,TT9535,578,2026-08-06T07:20:32Z,2026-08-06T07:20:32Z,0.0
BA11 5AH,SEPD,HV,1,TT9535,578,2026-08-06T07:20:32Z,2026-08-06T07:20:32Z,0.0
BA11 5AJ,SEPD,HV,1,TT9535,578,2026-08-06T07:20:32Z,2026-08-06T07:20:32Z,0.0
BA11 5AN,SEPD,HV,1,TT9535,578,2026-08-06T07:20:32Z,2026-08-06T07:20:32Z,0.0
BA11 5AP,SEPD,HV,1,TT9535,578,2026-08-06T07:20:32Z,2026-08-06T07:20:32Z,0.0
BA11 5AQ,SEPD,HV,1,TT9535,578,2026-08-06T07:20:32Z,2026-08-06T07:20:32Z,0.0
BA11 5AR,SEPD,HV,1,TT9535,578,2026-08-06T07:20:32Z,2026-08-06T07:20:32Z,0.0
BA11 5AT,SEPD,HV,1,TT9535,578,2026-08-06T07:20:32Z,2026-08-06T07:20:32Z,0.0
BA11 5AU,SEPD,HV,1,TT9535,578,2026-08-06T07:20:32Z,2026-08-06T07:20:32Z,0.0
BA11 5AW,SEPD,HV,1,TT9535,578,2026-08-06T07:20:32Z,2026-08-06T07:20:32Z,0.0
BA11 5AX,SEPD,HV,1,TT9535,578,2026-08-06T07:20:32Z,2026-08-06T07:20:32Z,0.0
BA11 5AY,SEPD,HV,1,TT9535,578,2026-08-06T07:20:32Z,2026-08-06T07:20:32Z,0.0
BA11 5AZ,SEPD,HV,1,TT9535,578,2026-08-06T07:20:32Z,2026-08-06T07:20:32Z,0.0
BA11 5BA,SEPD,HV,1,TT9535,578,2026-08-06T07:20:32Z,2026-08-06T07:20:32Z,0.0
BA11 5BB,SEPD,HV,1,TT9535,578,2026-08-06T07:20:32Z,2026-08-06T07:20:32Z,0.0
BA11 5EA,SEPD,HV,1,TT9535,578,2026-08-06T07:20:32Z,2026-08-06T07:20:32Z,0.0
BA11 5EB,SEPD,HV,1,TT9535,578,2026-08-06T07:20:32Z,2026-08-06T07:20:32Z,0.0
BA11 5ED,SEPD,HV,1,TT9535,578,2026-08-06T07:20:32Z,2026-08-06T07:20:32Z,0.0
BA11 5EE,SEPD,HV,1,TT9535,578,2026-08-06T07:20:32Z,2026-08-06T07:20:32Z,0.0
BA11 5EF,SEPD,HV,1,TT9535,578,2026-08-06T07:20:32Z,2026-08-06T07:20:32Z,0.0
BA11 5EH,SEPD,HV,1,TT9535,578,2026-08-06T07:20:32Z,2026-08-06T07:20:32Z,0.0
BA11 5EJ,SEPD,HV,1,TT9535,578,2026-08-06T07:20:32Z,2026-08-06T07:20:32Z,0.0
BA11 5EL,SEPD,HV,1,TT9535,578,2026-08-06T07:20:32Z,2026-08-06T07:20:32Z,0.0
BA11 5NA,SEPD,HV,1,TT9535,578,2026-08-06T07:20:32Z,2026-08-06T07:20:32Z,0.0
BA11 5NB,SEPD,HV,1,TT9535,578,2026-08-06T07:20:32Z,2026-08-06T07:20:32Z,0.0
BA11 5ND,SEPD,HV,1,TT9535,578,2026-08-06T07:20:32Z,2026-08-06T07:20:32Z,0.0
BA12 9HA,SEPD,LV,1,TU4485,11,2026-08-10T09:47:46Z,2026-08-10T09:47:46Z,0.0
BA12 9HB,SEPD,LV,1,TU4485,11,2026-08-10T09:47:46Z,2026-08-10T09:47:46Z,0.0
BA12 9HD,SEPD,LV,1,TU4485,11,2026-08-10T09:47:46Z,2026-08-10T09:47:46Z,0.0
BA12 9HP,SEPD,LV,1,TU4485,11,2026-08-10T09:47:46Z,2026-08-10T09:47:46Z,0.0
BA21 4QP,SEPD,LV,1,TU4872,7,2026-08-10T19:15:15Z,2026-08-10T19:15:15Z,0.0
BH11 8JU,SEPD,LV,1,TU6024,4,2026-08-11T08:40:02Z,2026-08-11T08:40:02Z,0.0
BH11 8JX,SEPD,LV,1,TU6024,4,2026-08-11T08:40:02Z,2026-08-11T08:40:02Z,0.0
BH11 8JZ,SEPD,LV,1,TU6024,4,2026-08-11T08:40:02Z,2026-08-11T08:40:02Z,0.0
BH17 8BD,SEPD,LV,1,TU2608,47,2026-08-08T13:07:10Z,2026-08-08T13:07:10Z,0.0
BH17 8BE,SEPD,LV,1,TU2608,47,2026-08-08T13:07:10Z,2026-08-08T13:07:10Z,0.0
BH17 8BH,SEPD,LV,1,TU2608,47,2026-08-08T13:07:10Z,2026-08-08T13:07:10Z,0.0
BH17 8BJ,SEPD,LV,1,TU2608,47,2026-08-08T13:07:10Z,2026-08-08T13:07:10Z,0.0
BH2 5AA,SEPD,HV,1,TT8050,258,2026-08-05T09:07:24Z,2026-08-05T09:07:24Z,0.0
BH2 5DS,SEPD,HV,1,TT8050,258,2026-08-05T09:07:24Z,2026-08-05T09:07:24Z,0.0
BH2 5DU,SEPD,HV,1,TT8050,258,2026-08-05T09:07:24Z,2026-08-05T09:07:24Z,0.0
BH2 5DZ,SEPD,HV,1,TT8050,258,2026-08-05T09:07:24Z,2026-08-05T09:07:24Z,0.0
BH2 5EH,SEPD,HV,1,TT8050,258,2026-08-05T09:07:24Z,2026-08-05T09:07:24Z,0.0
BH2 5EP,SEPD,HV,1,TT8050,258,2026-08-05T09:07:24Z,2026-08-05T09:07:24Z,0.0
BH2 5EQ,SEPD,HV,1,TT8050,258,2026-08-05T09:07:24Z,2026-08-05T09:07:24Z,0.0
BH2 5ES,SEPD,HV,1,TT8050,258,2026-08-05T09:07:24Z,2026-08-05T09:07:24Z,0.0
BH2 5ET,SEPD,HV,1,TT8050,258,2026-08-05T09:07:24Z,2026-08-05T09:07:24Z,0.0
BH2 5EY,SEPD,HV,1,TT8050,258,2026-08-05T09:07:24Z,2026-08-05T09:07:24Z,0.0
BH2 5FA,SEPD,HV,1,TT8050,258,2026-08-05T09:07:24Z,2026-08-05T09:07:24Z,0.0
BH2 5JA,SEPD,HV,1,TT8050,258,2026-08-05T09:07:24Z,2026-08-05T09:07:24Z,0.0
BH2 5PH,SEPD,HV,1,TT8050,258,2026-08-05T09:07:24Z,2026-08-05T09:07:24Z,0.0
BH20 4DF,SEPD,LV,1,TT7884,15,2026-08-05T11:28:08Z,2026-08-05T11:28:08Z,0.0
BH20 4RU,SEPD,LV,1,TT7884,15,2026-08-05T11:28:08Z,2026-08-05T11:28:08Z,0.0
BH20 4RX,SEPD,LV,1,TT7884,15,2026-08-05T11:28:08Z,2026-08-05T11:28:08Z,0.0
BH20 4RY,SEPD,LV,1,TT7884,15,2026-08-05T11:28:08Z,2026-08-05T11:28:08Z,0.0
BH20 4RZ,SEPD,LV,1,TT7884,15,2026-08-05T11:28:08Z,2026-08-05T11:28:08Z,0.0
BH20 5DT,SEPD,LV,1,TU0885,2,2026-08-07T03:21:07Z,2026-08-07T03:21:07Z,0.0
BH20 5DX,SEPD,LV,1,TU0885,2,2026-08-07T03:21:07Z,2026-08-07T03:21:07Z,0.0
BH20 7PQ,SEPD,LV,1,TT7884,15,2026-08-05T11:28:08Z,2026-08-05T11:28:08Z,0.0
BH21 1QZ,SEPD,LV,1,TU7301,24,2026-08-11T21:02:39Z,2026-08-11T21:02:39Z,0.0
BH21 1SB,SEPD,LV,1,TU7301,24,2026-08-11T21:02:39Z,2026-08-11T21:02:39Z,0.0
BH21 1SD,SEPD,LV,1,TU7301,24,2026-08-11T21:02:39Z,2026-08-11T21:02:39Z,0.0
BH21 1SF,SEPD,LV,1,TU7301,24,2026-08-11T21:02:39Z,2026-08-11T21:02:39Z,0.0
BH21 1SG,SEPD,LV,1,TU7301,24,2026-08-11T21:02:39Z,2026-08-11T21:02:39Z,0.0
BH21 1SZ,SEPD,LV,1,TU4909,14,2026-08-10T18:03:51Z,2026-08-10T18:03:51Z,0.0
BH21 1TR,SEPD,LV,1,TU4909,14,2026-08-10T18:03:51Z,2026-08-10T18:03:51Z,0.0
BH21 1UD,SEPD,LV,1,TU7301,24,2026-08-11T21:02:39Z,2026-08-11T21:02:39Z,0.0
BH21 1XE,SEPD,LV,1,TU7301,24,2026-08-11T21:02:39Z,2026-08-11T21:02:39Z,0.0
BH21 3EU,SEPD,PSI,1,253332,61,2026-08-05T11:28:08Z,2026-08-05T11:28:08Z,0.0
BH21 3RN,SEPD,PSI,1,253332,61,2026-08-05T11:28:08Z,2026-08-05T11:28:08Z,0.0
BH21 3RW,SEPD,PSI,1,253332,61,2026-08-05T11:28:08Z,2026-08-05T11:28:08Z,0.0
BH21 3TZ,SEPD,PSI,1,253332,61,2026-08-05T11:28:08Z,2026-08-05T11:28:08Z,0.0
BH4 8JG,SEPD,LV,1,TU2981,16,2026-08-08T22:13:04Z,2026-08-08T22:13:04Z,0.0
BH5 1BZ,SEPD,LV,1,TT9319,33,2026-08-05T21:38:24Z,2026-08-05T21:38:24Z,0.0
BH5 1EP,SEPD,LV,1,TT9319,33,2026-08-05T21:38:24Z,2026-08-05T21:38:24Z,0.0
BH5 1EY,SEPD,LV,1,TT9319,33,2026-08-05T21:38:24Z,2026-08-05T21:38:24Z,0.0
BH5 1EZ,SEPD,LV,1,TT9319,33,2026-08-05T21:38:24Z,2026-08-05T21:38:24Z,0.0
BH6 3AS,SEPD,LV,1,TU5749,130,2026-08-10T23:50:13Z,2026-08-10T23:50:13Z,0.0
BH6 3DY,SEPD,LV,1,TU5749,130,2026-08-10T23:50:13Z,2026-08-10T23:50:13Z,0.0
BH6 3EL,SEPD,LV,1,TU5749,130,2026-08-10T23:50:13Z,2026-08-10T23:50:13Z,0.0
BH6 3EN,SEPD,LV,1,TU5749,130,2026-08-10T23:50:13Z,2026-08-10T23:50:13Z,0.0
BH6 4AA,SEPD,LV,1,TU5749,130,2026-08-10T23:50:13Z,2026-08-10T23:50:13Z,0.0
BH6 4AB,SEPD,LV,1,TU5749,130,2026-08-10T23:50:13Z,2026-08-10T23:50:13Z,0.0
BH6 4AG,SEPD,LV,1,TU5749,130,2026-08-10T23:50:13Z,2026-08-10T23:50:13Z,0.0
BH6 4AP,SEPD,LV,1,TU5749,130,2026-08-10T23:50:13Z,2026-08-10T23:50:13Z,0.0
BH6 4AQ,SEPD,LV,1,TU5749,130,2026-08-10T23:50:13Z,2026-08-10T23:50:13Z,0.0
BH6 4AR,SEPD,LV,1,TU5749,130,2026-08-10T23:50:13Z,2026-08-10T23:50:13Z,0.0
BH6 4AS,SEPD,LV,1,TU5749,130,2026-08-10T23:50:13Z,2026-08-10T23:50:13Z,0.0
BH6 4AT,SEPD,LV,1,TU5749,130,2026-08-10T23:50:13Z,2026-08-10T23:50:13Z,0.0
BH6 4AU,SEPD,LV,1,TU5749,130,2026-08-10T23:50:13Z,2026-08-10T23:50:13Z,0.0
BH6 4BA,SEPD,LV,1,TU5749,130,2026-08-10T23:50:13Z,2026-08-10T23:50:13Z,0.0
BH6 4BD,SEPD,LV,1,TU5749,130,2026-08-10T23:50:13Z,2026-08-10T23:50:13Z,0.0
BH7 6AA,SEPD,LV,1,TT9319,33,2026-08-05T21:38:24Z,2026-08-05T21:38:24Z,0.0
BH7 6AF,SEPD,LV,1,TT9319,33,2026-08-05T21:38:24Z,2026-08-05T21:38:24Z,0.0
BH7 6BZ,SEPD,LV,1,TT9319,33,2026-08-05T21:38:24Z,2026-08-05T21:38:24Z,0.0
DD1 3AQ,SHEPD,LV,1,TT7901,50,2026-08-05T00:15:45Z,2026-08-05T00:15:45Z,0.0
DD1 3DA,SHEPD,LV,1,TT7901,50,2026-08-05T00:15:45Z,2026-08-05T00:15:45Z,0.0
DD1 3DE,SHEPD,LV,1,TT7901,50,2026-08-05T00:15:45Z,2026-08-05T00:15:45Z,0.0
DD1 3DJ,SHEPD,LV,1,TT7901,50,2026-08-05T00:15:45Z,2026-08-05T00:15:45Z,0.0
DD1 3DL,SHEPD,LV,1,TT7901,50,2026-08-05T00:15:45Z,2026-08-05T00:15:45Z,0.0
DD1 3DP,SHEPD,LV,1,TT7901,50,2026-08-05T00:15:45Z,2026-08-05T00:15:45Z,0.0
DD1 3DR,SHEPD,LV,1,TT7901,50,2026-08-05T00:15:45Z,2026-08-05T00:15:45Z,0.0
DD1 3DS,SHEPD,LV,1,TT7901,50,2026-08-05T00:15:45Z,2026-08-05T00:15:45Z,0.0
DD1 3EH,SHEPD,LV,1,TT7901,50,2026-08-05T00:15:45Z,2026-08-05T00:15:45Z,0.0
DD1 3EJ,SHEPD,LV,1,TT7901,50,2026-08-05T00:15:45Z,2026-08-05T00:15:45Z,0.0
DD3 7BF,SHEPD,PSI,1,252693,210,2026-08-07T03:21:07Z,2026-08-07T03:21:07Z,0.0
DD3 7BR,SHEPD,PSI,1,252693,210,2026-08-07T03:21:07Z,2026-08-07T03:21:07Z,0.0
DD3 7BZ,SHEPD,PSI,1,252693,210,2026-08-07T03:21:07Z,2026-08-07T03:21:07Z,0.0
DD3 7DA,SHEPD,PSI,1,252693,210,2026-08-07T03:21:07Z,2026-08-07T03:21:07Z,0.0
DD3 7DB,SHEPD,PSI,1,252693,210,2026-08-07T03:21:07Z,2026-08-07T03:21:07Z,0.0
DD3 7DE,SHEPD,PSI,1,252693,210,2026-08-07T03:21:07Z,2026-08-07T03:21:07Z,0.0
DD3 7DF,SHEPD,PSI,1,252693,210,2026-08-07T03:21:07Z,2026-08-07T03:21:07Z,0.0
DD3 7DH,SHEPD,PSI,1,252693,210,2026-08-07T03:21:07Z,2026-08-07T03:21:07Z,0.0
DD3 7UN,SHEPD,PSI,1,252693,210,2026-08-07T03:21:07Z,2026-08-07T03:21:07Z,0.0
DT10 1HN,SEPD,HV,1,TU4919,33,2026-08-10T12:33:40Z,2026-08-10T12:33:40Z,0.0
DT2 0JP,SEPD,HV,1,TU3673,16,2026-08-09T18:18:33Z,2026-08-09T18:18:33Z,0.0
DT2 0JR,SEPD,HV,1,TU3673,16,2026-08-09T18:18:33Z,2026-08-09T18:18:33Z,0.0
DT2 0JS,SEPD,HV,1,TU3673,16,2026-08-09T18:18:33Z,2026-08-09T18:18:33Z,0.0
DT2 0JT,SEPD,HV,1,TU3673,16,2026-08-09T18:18:33Z,2026-08-09T18:18:33Z,0.0
DT2 0JU,SEPD,HV,1,TU3673,16,2026-08-09T18:18:33Z,2026-08-09T18:18:33Z,0.0
DT2 0JW,SEPD,HV,1,TU3673,16,2026-08-09T18:18:33Z,2026-08-09T18:18:33Z,0.0
DT2 0JX,SEPD,HV,1,TU3673,16,2026-08-09T18:18:33Z,2026-08-09T18:18:33Z,0.0
DT2 0JY,SEPD,HV,1,TU3673,16,2026-08-09T18:18:33Z,2026-08-09T18:18:33Z,0.0
DT2 0JZ,SEPD,HV,1,TU3673,16,2026-08-09T18:18:33Z,2026-08-09T18:18:33Z,0.0
DT2 0LA,SEPD,HV,1,TU3673,16,2026-08-09T18:18:33Z,2026-08-09T18:18:33Z,0.0
DT2 0LB,SEPD,HV,1,TU3673,16,2026-08-09T18:18:33Z,2026-08-09T18:18:33Z,0.0
DT2 0LD,SEPD,HV,1,TU3673,16,2026-08-09T18:18:33Z,2026-08-09T18:18:33Z,0.0
DT2 0LE,SEPD,HV,1,TU3673,16,2026-08-09T18:18:33Z,2026-08-09T18:18:33Z,0.0
DT2 0PQ,SEPD,HV,1,TU3673,16,2026-08-09T18:18:33Z,2026-08-09T18:18:33Z,0.0
DT2 9AA,SEPD,HV,1,TT7982,90,2026-08-05T06:12:25Z,2026-08-05T06:12:25Z,0.0
DT2 9AB,SEPD,HV,1,TT7982,90,2026-08-05T06:12:25Z,2026-08-05T06:12:25Z,0.0
DT2 9AY,SEPD,HV,1,TT7982,90,2026-08-05T06:12:25Z,2026-08-05T06:12:25Z,0.0
DT2 9HN,SEPD,HV,1,TT7982,90,2026-08-05T06:12:25Z,2026-08-05T06:12:25Z,0.0
DT2 9HP,SEPD,HV,1,TT7982,90,2026-08-05T06:12:25Z,2026-08-05T06:12:25Z,0.0
DT2 9HR,SEPD,HV,1,TT7982,90,2026-08-05T06:12:25Z,2026-08-05T06:12:25Z,0.0
DT2 9HS,SEPD,HV,1,TT7982,90,2026-08-05T06:12:25Z,2026-08-05T06:12:25Z,0.0
DT2 9HT,SEPD,HV,1,TT7982,90,2026-08-05T06:12:25Z,2026-08-05T06:12:25Z,0.0
DT2 9HU,SEPD,HV,1,TT7982,90,2026-08-05T06:12:25Z,2026-08-05T06:12:25Z,0.0
DT2 9HW,SEPD,HV,1,TT7982,90,2026-08-05T06:12:25Z,2026-08-05T06:12:25Z,0.0
DT2 9JB,SEPD,HV,1,TT7982,90,2026-08-05T06:12:25Z,2026-08-05T06:12:25Z,0.0
DT4 0PH,SEPD,LV,1,TU6167,4,2026-08-11T09:42:25Z,2026-08-11T09:42:25Z,0.0
DT4 9EX,SEPD,LV,1,TT9346,37,2026-08-05T21:38:24Z,2026-08-05T21:38:24Z,0.0
DT4 9EY,SEPD,LV,1,TT9346,37,2026-08-05T21:38:24Z,2026-08-05T21:38:24Z,0.0
DT4 9EZ,SEPD,LV,1,TT9346,37,2026-08-05T21:38:24Z,2026-08-05T21:38:24Z,0.0
DT4 9HA,SEPD,LV,1,TT9346,37,2026-08-05T21:38:24Z,2026-08-05T21:38:24Z,0.0
DT4 9LY,SEPD,LV,1,TT9346,37,2026-08-05T21:38:24Z,2026-08-05T21:38:24Z,0.0
DT4 9LZ,SEPD,LV,1,TT9346,37,2026-08-05T21:38:24Z,2026-08-05T21:38:24Z,0.0
DT4 9XN,SEPD,LV,1,TT9346,37,2026-08-05T21:38:24Z,2026-08-05T21:38:24Z,0.0
DT4 9XP,SEPD,LV,1,TT9346,37,2026-08-05T21:38:24Z,2026-08-05T21:38:24Z,0.0
FK15 9JS,SHEPD,HV,1,TU0070,12,2026-08-06T14:40:54Z,2026-08-06T14:40:54Z,0.0
FK15 9LZ,SHEPD,HV,1,TU0070,12,2026-08-06T14:40:54Z,2026-08-06T14:40:54Z,0.0
FK15 9NA,SHEPD,HV,1,TU0070,12,2026-08-06T14:40:54Z,2026-08-06T14:40:54Z,0.0
FK17 8HF,SHEPD,PSI,1,253780,34,2026-08-06T10:04:33Z,2026-08-06T10:04:33Z,0.0
FK18 8NA,SHEPD,PSI,1,253780,34,2026-08-06T10:04:33Z,2026-08-06T10:04:33Z,0.0
FK18 8NB,SHEPD,PSI,1,253780,34,2026-08-06T10:04:33Z,2026-08-06T10:04:33Z,0.0
FK18 8NG,SHEPD,PSI,1,253780,34,2026-08-06T10:04:33Z,2026-08-06T10:04:33Z,0.0
FK18 8NJ,SHEPD,PSI,1,253780,34,2026-08-06T10:04:33Z,2026-08-06T10:04:33Z,0.0
FK18 8NQ,SHEPD,PSI,1,253780,34,2026-08-06T10:04:33Z,2026-08-06T10:04:33Z,0.0
FK8 3UY,SHEPD,PSI,1,253771,16,2026-08-07T09:42:46Z,2026-08-07T09:42:46Z,0.0
GL54 2FN,SEPD,HV,1,TU0143,673,2026-08-06T12:17:55Z,2026-08-06T12:17:55Z,0.0
GL54 2LD,SEPD,HV,1,TU0143,673,2026-08-06T12:17:55Z,2026-08-06T12:17:55Z,0.0
GL54 2LH,SEPD,HV,1,TU0143,673,2026-08-06T12:17:55Z,2026-08-06T12:17:55Z,0.0
GL54 2LJ,SEPD,HV,1,TU0143,673,2026-08-06T12:17:55Z,2026-08-06T12:17:55Z,0.0
GL54 2LL,SEPD,HV,1,TU0143,673,2026-08-06T12:17:55Z,2026-08-06T12:17:55Z,0.0
GL54 2LN,SEPD,HV,1,TU0143,673,2026-08-06T12:17:55Z,2026-08-06T12:17:55Z,0.0
GL54 2LP,SEPD,HV,1,TU0143,673,2026-08-06T12:17:55Z,2026-08-06T12:17:55Z,0.0
GL54 2LQ,SEPD,HV,1,TU0143,673,2026-08-06T12:17:55Z,2026-08-06T12:17:55Z,0.0
GL54 2LR,SEPD,HV,1,TU0143,673,2026-08-06T12:17:55Z,2026-08-06T12:17:55Z,0.0
GL54 2LT,SEPD,HV,1,TU0143,673,2026-08-06T12:17:55Z,2026-08-06T12:17:55Z,0.0
GL54 2LW,SEPD,HV,1,TU0143,673,2026-08-06T12:17:55Z,2026-08-06T12:17:55Z,0.0
GL54 2ND,SEPD,HV,1,TU0143,673,2026-08-06T12:17:55Z,2026-08-06T12:17:55Z,0.0
GL54 2SE,SEPD,HV,1,TU0143,673,2026-08-06T12:17:55Z,2026-08-06T12:17:55Z,0.0
GL54 2SL,SEPD,HV,1,TU0143,673,2026-08-06T12:17:55Z,2026-08-06T12:17:55Z,0.0
GL54 3DG,SEPD,HV,1,TU0143,673,2026-08-06T12:17:55Z,2026-08-06T12:17:55Z,0.0
GL54 3DH,SEPD,HV,1,TU0143,673,2026-08-06T12:17:55Z,2026-08-06T12:17:55Z,0.0
GL54 3DJ,SEPD,HV,1,TU0143,673,2026-08-06T12:17:55Z,2026-08-06T12:17:55Z,0.0
GL54 3DL,SEPD,HV,1,TU0143,673,2026-08-06T12:17:55Z,2026-08-06T12:17:55Z,0.0
GL54 3DN,SEPD,HV,1,TU0143,673,2026-08-06T12:17:55Z,2026-08-06T12:17:55Z,0.0
GL54 3DR,SEPD,HV,1,TU0143,673,2026-08-06T12:17:55Z,2026-08-06T12:17:55Z,0.0
GL54 3DS,SEPD,HV,1,TU0143,673,2026-08-06T12:17:55Z,2026-08-06T12:17:55Z,0.0
GL54 3DU,SEPD,HV,1,TU0143,673,2026-08-06T12:17:55Z,2026-08-06T12:17:55Z,0.0
GL54 3DW,SEPD,HV,1,TU0143,673,2026-08-06T12:17:55Z,2026-08-06T12:17:55Z,0.0
GL54 3DX,SEPD,HV,1,TU0143,673,2026-08-06T12:17:55Z,2026-08-06T12:17:55Z,0.0
GL54 3DY,SEPD,HV,1,TU0143,673,2026-08-06T12:17:55Z,2026-08-06T12:17:55Z,0.0
GL54 3DZ,SEPD,HV,1,TU0143,673,2026-08-06T12:17:55Z,2026-08-06T12:17:55Z,0.0
GL54 3JL,SEPD,HV,1,TU0143,673,2026-08-06T12:17:55Z,2026-08-06T12:17:55Z,0.0
GL54 3LY,SEPD,HV,1,TU0143,673,2026-08-06T12:17:55Z,2026-08-06T12:17:55Z,0.0
GL54 3LZ,SEPD,HV,1,TU0143,673,2026-08-06T12:17:55Z,2026-08-06T12:17:55Z,0.0
GL54 3NA,SEPD,HV,1,TU0143,673,2026-08-06T12:17:55Z,2026-08-06T12:17:55Z,0.0
GL54 4AL,SEPD,HV,1,TU0143,673,2026-08-06T12:17:55Z,2026-08-06T12:17:55Z,0.0
GL7 4GT,SEPD,LV,1,TT8612,8,2026-08-05T13:13:30Z,2026-08-05T13:13:30Z,0.0
GL7 4JH,SEPD,HV,1,TU0143,673,2026-08-06T12:17:55Z,2026-08-06T12:17:55Z,0.0
GL7 4LF,SEPD,LV,1,TT8612,8,2026-08-05T13:13:30Z,2026-08-05T13:13:30Z,0.0
GL7 4LT,SEPD,LV,1,TT8612,8,2026-08-05T13:13:30Z,2026-08-05T13:13:30Z,0.0
GU14 9ES,SEPD,HV,1,TU7132,172,2026-08-11T18:08:07Z,2026-08-11T18:08:07Z,0.0
GU14 9ET,SEPD,HV,1,TU7132,172,2026-08-11T18:08:07Z,2026-08-11T18:08:07Z,0.0
GU14 9GQ,SEPD,HV,1,TU7132,172,2026-08-11T18:08:07Z,2026-08-11T18:08:07Z,0.0
GU14 9GU,SEPD,HV,1,TU7132,172,2026-08-11T18:08:07Z,2026-08-11T18:08:07Z,0.0
GU14 9HL,SEPD,HV,1,TU7132,172,2026-08-11T18:08:07Z,2026-08-11T18:08:07Z,0.0
GU14 9HN,SEPD,HV,1,TU7132,172,2026-08-11T18:08:07Z,2026-08-11T18:08:07Z,0.0
GU14 9HP,SEPD,HV,1,TU7132,172,2026-08-11T18:08:07Z,2026-08-11T18:08:07Z,0.0
GU14 9HR,SEPD,HV,1,TU7132,172,2026-08-11T18:08:07Z,2026-08-11T18:08:07Z,0.0
GU14 9HS,SEPD,HV,1,TU7132,172,2026-08-11T18:08:07Z,2026-08-11T18:08:07Z,0.0
GU14 9HT,SEPD,HV,1,TU7132,172,2026-08-11T18:08:07Z,2026-08-11T18:08:07Z,0.0
GU14 9HU,SEPD,HV,1,TU7132,172,2026-08-11T18:08:07Z,2026-08-11T18:08:07Z,0.0
GU14 9HW,SEPD,HV,1,TU7132,172,2026-08-11T18:08:07Z,2026-08-11T18:08:07Z,0.0
GU14 9HX,SEPD,HV,1,TU7132,172,2026-08-11T18:08:07Z,2026-08-11T18:08:07Z,0.0
GU14 9HY,SEPD,HV,1,TU7132,172,2026-08-11T18:08:07Z,2026-08-11T18:08:07Z,0.0
GU14 9HZ,SEPD,HV,1,TU7132,172,2026-08-11T18:08:07Z,2026-08-11T18:08:07Z,0.0
GU14 9JA,SEPD,HV,1,TU7132,172,2026-08-11T18:08:07Z,2026-08-11T18:08:07Z,0.0
GU14 9JB,SEPD,HV,1,TU7132,172,2026-08-11T18:08:07Z,2026-08-11T18:08:07Z,0.0
GU14 9JD,SEPD,HV,1,TU7132,172,2026-08-11T18:08:07Z,2026-08-11T18:08:07Z,0.0
GU14 9JE,SEPD,HV,1,TU7132,172,2026-08-11T18:08:07Z,2026-08-11T18:08:07Z,0.0
GU14 9JF,SEPD,HV,1,TU7132,172,2026-08-11T18:08:07Z,2026-08-11T18:08:07Z,0.0
GU14 9JG,SEPD,HV,1,TU7132,172,2026-08-11T18:08:07Z,2026-08-11T18:08:07Z,0.0
GU14 9JH,SEPD,HV,1,TU7132,172,2026-08-11T18:08:07Z,2026-08-11T18:08:07Z,0.0
GU14 9JJ,SEPD,HV,1,TU7132,172,2026-08-11T18:08:07Z,2026-08-11T18:08:07Z,0.0
GU14 9JL,SEPD,HV,1,TU7132,172,2026-08-11T18:08:07Z,2026-08-11T18:08:07Z,0.0
GU14 9JN,SEPD,HV,1,TU7132,172,2026-08-11T18:08:07Z,2026-08-11T18:08:07Z,0.0
GU14 9JQ,SEPD,HV,1,TU7132,172,2026-08-11T18:08:07Z,2026-08-11T18:08:07Z,0.0
GU14 9JR,SEPD,HV,1,TU7132,172,2026-08-11T18:08:07Z,2026-08-11T18:08:07Z,0.0
GU14 9JS,SEPD,HV,1,TU7132,172,2026-08-11T18:08:07Z,2026-08-11T18:08:07Z,0.0
GU14 9JT,SEPD,HV,1,TU7132,172,2026-08-11T18:08:07Z,2026-08-11T18:08:07Z,0.0
GU14 9JU,SEPD,HV,1,TU7132,172,2026-08-11T18:08:07Z,2026-08-11T18:08:07Z,0.0
GU14 9JW,SEPD,HV,1,TU7132,172,2026-08-11T18:08:07Z,2026-08-11T18:08:07Z,0.0
GU14 9JX,SEPD,HV,1,TU7132,172,2026-08-11T18:08:07Z,2026-08-11T18:08:07Z,0.0
GU14 9JZ,SEPD,HV,1,TU7132,172,2026-08-11T18:08:07Z,2026-08-11T18:08:07Z,0.0
GU14 9LA,SEPD,HV,1,TU7132,172,2026-08-11T18:08:07Z,2026-08-11T18:08:07Z,0.0
GU14 9LB,SEPD,HV,1,TU7132,172,2026-08-11T18:08:07Z,2026-08-11T18:08:07Z,0.0
GU14 9LD,SEPD,HV,1,TU7132,172,2026-08-11T18:08:07Z,2026-08-11T18:08:07Z,0.0
GU14 9LE,SEPD,HV,1,TU7132,172,2026-08-11T18:08:07Z,2026-08-11T18:08:07Z,0.0
GU14 9LF,SEPD,HV,1,TU7132,172,2026-08-11T18:08:07Z,2026-08-11T18:08:07Z,0.0
GU14 9LG,SEPD,HV,1,TU7132,172,2026-08-11T18:08:07Z,2026-08-11T18:08:07Z,0.0
GU14 9LH,SEPD,HV,1,TU7132,172,2026-08-11T18:08:07Z,2026-08-11T18:08:07Z,0.0
GU14 9LJ,SEPD,HV,1,TU7132,172,2026-08-11T18:08:07Z,2026-08-11T18:08:07Z,0.0
GU14 9LL,SEPD,HV,1,TU7132,172,2026-08-11T18:08:07Z,2026-08-11T18:08:07Z,0.0
GU14 9LQ,SEPD,HV,1,TU7132,172,2026-08-11T18:08:07Z,2026-08-11T18:08:07Z,0.0
GU14 9NB,SEPD,LV,1,TU7184,16,2026-08-11T18:08:07Z,2026-08-11T18:08:07Z,0.0
GU14 9NL,SEPD,LV,1,TU7184,16,2026-08-11T18:08:07Z,2026-08-11T18:08:07Z,0.0
GU14 9RE,SEPD,LV,1,TU7149,9,2026-08-11T18:08:07Z,2026-08-11T18:08:07Z,0.0
GU14 9RG,SEPD,LV,1,TU7149,9,2026-08-11T18:08:07Z,2026-08-11T18:08:07Z,0.0
GU14 9SE,SEPD,LV,1,TU7149,9,2026-08-11T18:08:07Z,2026-08-11T18:08:07Z,0.0
GU14 9UA,SEPD,HV,1,TU7137,13,2026-08-11T18:08:07Z,2026-08-11T18:08:07Z,0.0
GU14 9YE,SEPD,HV,1,TU7132,172,2026-08-11T18:08:07Z,2026-08-11T18:08:07Z,0.0
GU17 9QG,SEPD,HV,1,TU7137,13,2026-08-11T18:08:07Z,2026-08-11T18:08:07Z,0.0
GU17 9UA,SEPD,HV,1,TU7137,13,2026-08-11T18:08:07Z,2026-08-11T18:08:07Z,0.0
GU17 9UF,SEPD,HV,1,TU7137,13,2026-08-11T18:08:07Z,2026-08-11T18:08:07Z,0.0
GU27 2PW,SEPD,LV,1,TT8997,3,2026-08-05T17:05:15Z,2026-08-05T17:05:15Z,0.0
GU30 7EH,SEPD,HV,1,TU0317,17,2026-08-06T14:40:54Z,2026-08-06T14:40:54Z,0.0
GU30 7EJ,SEPD,HV,1,TU0317,17,2026-08-06T14:40:54Z,2026-08-06T14:40:54Z,0.0
GU30 7EL,SEPD,HV,1,TU0317,17,2026-08-06T14:40:54Z,2026-08-06T14:40:54Z,0.0
GU30 7EQ,SEPD,HV,1,TU0317,17,2026-08-06T14:40:54Z,2026-08-06T14:40:54Z,0.0
GU30 7JJ,SEPD,HV,1,TU0317,17,2026-08-06T14:40:54Z,2026-08-06T14:40:54Z,0.0
GU30 7JL,SEPD,HV,1,TU0317,17,2026-08-06T14:40:54Z,2026-08-06T14:40:54Z,0.0
GU30 7JN,SEPD,HV,1,TU0317,17,2026-08-06T14:40:54Z,2026-08-06T14:40:54Z,0.0
GU30 7JP,SEPD,HV,1,TU0317,17,2026-08-06T14:40:54Z,2026-08-06T14:40:54Z,0.0
GU30 7JW,SEPD,HV,1,TU0317,17,2026-08-06T14:40:54Z,2026-08-06T14:40:54Z,0.0
GU52 8DA,SEPD,LV,1,TU0414,28,2026-08-07T00:16:31Z,2026-08-07T00:16:31Z,0.0
GU52 8DE,SEPD,LV,1,TU0414,28,2026-08-07T00:16:31Z,2026-08-07T00:16:31Z,0.0
GU52 8DL,SEPD,LV,1,TU0414,28,2026-08-07T00:16:31Z,2026-08-07T00:16:31Z,0.0
GU52 8XE,SEPD,LV,1,TU0414,28,2026-08-07T00:16:31Z,2026-08-07T00:16:31Z,0.0
GU52 8XG,SEPD,LV,1,TU0414,28,2026-08-07T00:16:31Z,2026-08-07T00:16:31Z,0.0
GU7,SEPD,HV,1,TT8081,642,2026-08-05T09:07:24Z,2026-08-05T09:07:24Z,0.0
GU7 1AX,SEPD,HV,1,TT8081,642,2026-08-05T09:07:24Z,2026-08-05T09:07:24Z,0.0
GU7 1FE,SEPD,HV,1,TT8081,642,2026-08-05T09:07:24Z,2026-08-05T09:07:24Z,0.0
GU7 1FP,SEPD,HV,1,TT8081,642,2026-08-05T09:07:24Z,2026-08-05T09:07:24Z,0.0
GU7 1FR,SEPD,HV,1,TT8081,642,2026-08-05T09:07:24Z,2026-08-05T09:07:24Z,0.0
GU7 1GB,SEPD,HV,1,TT8081,642,2026-08-05T09:07:24Z,2026-08-05T09:07:24Z,0.0
GU7 1GD,SEPD,HV,1,TT8081,642,2026-08-05T09:07:24Z,2026-08-05T09:07:24Z,0.0
GU7 1GE,SEPD,HV,1,TT8081,642,2026-08-05T09:07:24Z,2026-08-05T09:07:24Z,0.0
GU7 1GF,SEPD,HV,1,TT8081,642,2026-08-05T09:07:24Z,2026-08-05T09:07:24Z,0.0
GU7 1GG,SEPD,HV,1,TT8081,642,2026-08-05T09:07:24Z,2026-08-05T09:07:24Z,0.0
GU7 1GH,SEPD,HV,1,TT8081,642,2026-08-05T09:07:24Z,2026-08-05T09:07:24Z,0.0
GU7 1GJ,SEPD,HV,1,TT8081,642,2026-08-05T09:07:24Z,2026-08-05T09:07:24Z,0.0
GU7 1GL,SEPD,HV,1,TT8081,642,2026-08-05T09:07:24Z,2026-08-05T09:07:24Z,0.0
GU7 1JJ,SEPD,HV,1,TT8081,642,2026-08-05T09:07:24Z,2026-08-05T09:07:24Z,0.0
GU7 1JQ,SEPD,HV,1,TT8081,642,2026-08-05T09:07:24Z,2026-08-05T09:07:24Z,0.0
GU7 1JR,SEPD,HV,1,TT8081,642,2026-08-05T09:07:24Z,2026-08-05T09:07:24Z,0.0
GU7 1JS,SEPD,HV,1,TT8081,642,2026-08-05T09:07:24Z,2026-08-05T09:07:24Z,0.0
GU7 1JT,SEPD,HV,1,TT8081,642,2026-08-05T09:07:24Z,2026-08-05T09:07:24Z,0.0
GU7 1JU,SEPD,HV,1,TT8081,642,2026-08-05T09:07:24Z,2026-08-05T09:07:24Z,0.0
GU7 1JX,SEPD,HV,1,TT8081,642,2026-08-05T09:07:24Z,2026-08-05T09:07:24Z,0.0
GU7 1LB,SEPD,HV,1,TT8081,642,2026-08-05T09:07:24Z,2026-08-05T09:07:24Z,0.0
GU7 1LE,SEPD,HV,1,TT8081,642,2026-08-05T09:07:24Z,2026-08-05T09:07:24Z,0.0
GU7 1LF,SEPD,HV,1,TT8081,642,2026-08-05T09:07:24Z,2026-08-05T09:07:24Z,0.0
GU7 1LG,SEPD,HV,1,TT8081,642,2026-08-05T09:07:24Z,2026-08-05T09:07:24Z,0.0
GU7 1LJ,SEPD,HV,1,TT8081,642,2026-08-05T09:07:24Z,2026-08-05T09:07:24Z,0.0
GU7 1LL,SEPD,HV,1,TT8081,642,2026-08-05T09:07:24Z,2026-08-05T09:07:24Z,0.0
GU7 1LN,SEPD,HV,1,TT8081,642,2026-08-05T09:07:24Z,2026-08-05T09:07:24Z,0.0
GU7 1NG,SEPD,HV,1,TT8081,642,2026-08-05T09:07:24Z,2026-08-05T09:07:24Z,0.0
GU7 1NL,SEPD,HV,1,TT8081,642,2026-08-05T09:07:24Z,2026-08-05T09:07:24Z,0.0
GU7 1NP,SEPD,HV,1,TT8081,642,2026-08-05T09:07:24Z,2026-08-05T09:07:24Z,0.0
GU7 1NQ,SEPD,HV,1,TT8081,642,2026-08-05T09:07:24Z,2026-08-05T09:07:24Z,0.0
GU7 1NR,SEPD,HV,1,TT8081,642,2026-08-05T09:07:24Z,2026-08-05T09:07:24Z,0.0
GU7 1UL,SEPD,HV,1,TT8081,642,2026-08-05T09:07:24Z,2026-08-05T09:07:24Z,0.0
GU7 1UT,SEPD,HV,1,TT8081,642,2026-08-05T09:07:24Z,2026-08-05T09:07:24Z,0.0
GU7 1XS,SEPD,HV,1,TT8081,642,2026-08-05T09:07:24Z,2026-08-05T09:07:24Z,0.0
GU7 1XT,SEPD,HV,1,TT8081,642,2026-08-05T09:07:24Z,2026-08-05T09:07:24Z,0.0
GU7 1YS,SEPD,HV,1,TT8081,642,2026-08-05T09:07:24Z,2026-08-05T09:07:24Z,0.0
GU8 4AR,SEPD,HV,1,TT8081,642,2026-08-05T09:07:24Z,2026-08-05T09:07:24Z,0.0
HP10 9RJ,SEPD,LV,1,TU4917,16,2026-08-10T12:33:40Z,2026-08-10T12:33:40Z,0.0
HP10 9RL,SEPD,LV,1,TU4917,16,2026-08-10T12:33:40Z,2026-08-10T12:33:40Z,0.0
HP10 9TB,SEPD,LV,1,TU4917,16,2026-08-10T12:33:40Z,2026-08-10T12:33:40Z,0.0
HP14 4NB,SEPD,HV,1,TT8727,235,2026-08-05T13:13:30Z,2026-08-05T13:13:30Z,0.0
HP14 4NE,SEPD,HV,1,TT8727,235,2026-08-05T13:13:30Z,2026-08-05T13:13:30Z,0.0
HP14 4NF,SEPD,HV,1,TT8727,235,2026-08-05T13:13:30Z,2026-08-05T13:13:30Z,0.0
HP14 4NG,SEPD,HV,1,TT8727,235,2026-08-05T13:13:30Z,2026-08-05T13:13:30Z,0.0
HP14 4NH,SEPD,HV,1,TT8727,235,2026-08-05T13:13:30Z,2026-08-05T13:13:30Z,0.0
HP14 4NJ,SEPD,HV,1,TT8727,235,2026-08-05T13:13:30Z,2026-08-05T13:13:30Z,0.0
HP14 4NL,SEPD,HV,1,TT8727,235,2026-08-05T13:13:30Z,2026-08-05T13:13:30Z,0.0
HP14 4NN,SEPD,HV,1,TT8727,235,2026-08-05T13:13:30Z,2026-08-05T13:13:30Z,0.0
HP14 4NQ,SEPD,HV,1,TT8727,235,2026-08-05T13:13:30Z,2026-08-05T13:13:30Z,0.0
HP14 4NW,SEPD,HV,1,TT8727,235,2026-08-05T13:13:30Z,2026-08-05T13:13:30Z,0.0
HP14 4PF,SEPD,HV,1,TT8727,235,2026-08-05T13:13:30Z,2026-08-05T13:13:30Z,0.0
HP14 4PP,SEPD,HV,1,TT8727,235,2026-08-05T13:13:30Z,2026-08-05T13:13:30Z,0.0
HP14 4RE,SEPD,HV,1,TT8727,235,2026-08-05T13:13:30Z,2026-08-05T13:13:30Z,0.0
HP15 6NU,SEPD,HV,1,TT8727,235,2026-08-05T13:13:30Z,2026-08-05T13:13:30Z,0.0
HP16 0HY,SEPD,HV,1,TT8727,235,2026-08-05T13:13:30Z,2026-08-05T13:13:30Z,0.0
HP16 0HZ,SEPD,HV,1,TT8727,235,2026-08-05T13:13:30Z,2026-08-05T13:13:30Z,0.0
HP16 0JA,SEPD,HV,1,TT8727,235,2026-08-05T13:13:30Z,2026-08-05T13:13:30Z,0.0
HP16 0JJ,SEPD,HV,1,TT8727,235,2026-08-05T13:13:30Z,2026-08-05T13:13:30Z,0.0
HP16 0JS,SEPD,HV,1,TT8727,235,2026-08-05T13:13:30Z,2026-08-05T13:13:30Z,0.0
HP16 0JT,SEPD,HV,1,TT8727,235,2026-08-05T13:13:30Z,2026-08-05T13:13:30Z,0.0
HP16 0JU,SEPD,HV,1,TT8727,235,2026-08-05T13:13:30Z,2026-08-05T13:13:30Z,0.0
HP16 0PQ,SEPD,HV,1,TT8727,235,2026-08-05T13:13:30Z,2026-08-05T13:13:30Z,0.0
HP16 9RN,SEPD,HV,1,TT8727,235,2026-08-05T13:13:30Z,2026-08-05T13:13:30Z,0.0
HP27 0ST,SEPD,HV,1,TT8727,235,2026-08-05T13:13:30Z,2026-08-05T13:13:30Z,0.0
HP27 0SU,SEPD,HV,1,TT8727,235,2026-08-05T13:13:30Z,2026-08-05T13:13:30Z,0.0
HS2 0HF,SHEPD,LV,1,TU5151,13,2026-08-10T18:03:51Z,2026-08-10T18:03:51Z,0.0
HS2 0HJ,SHEPD,LV,1,TU5151,13,2026-08-10T18:03:51Z,2026-08-10T18:03:51Z,0.0
HS2 0HL,SHEPD,LV,1,TU5151,13,2026-08-10T18:03:51Z,2026-08-10T18:03:51Z,0.0
HS2 0HP,SHEPD,LV,1,TU5151,13,2026-08-10T18:03:51Z,2026-08-10T18:03:51Z,0.0
HS2 0HS,SHEPD,LV,1,TU5151,13,2026-08-10T18:03:51Z,2026-08-10T18:03:51Z,0.0
HS2 0HT,SHEPD,LV,1,TU5151,13,2026-08-10T18:03:51Z,2026-08-10T18:03:51Z,0.0
HS2 0HW,SHEPD,LV,1,TU5151,13,2026-08-10T18:03:51Z,2026-08-10T18:03:51Z,0.0
HS2 0JF,SHEPD,LV,1,TU5151,13,2026-08-10T18:03:51Z,2026-08-10T18:03:51Z,0.0
HS8 5AB,SHEPD,HV,1,TU6372,1189,2026-08-11T10:35:19Z,2026-08-11T10:35:19Z,0.0
HS8 5RX,SHEPD,HV,1,TU6372,1189,2026-08-11T10:35:19Z,2026-08-11T10:35:19Z,0.0
HS8 5SX,SHEPD,HV,1,TU6372,1189,2026-08-11T10:35:19Z,2026-08-11T10:35:19Z,0.0
IV12 5AQ,SHEPD,LV,1,TU0510,12,2026-08-07T00:16:31Z,2026-08-07T00:16:31Z,0.0
IV19 1FG,SHEPD,HV,1,TT8364,54,2026-08-05T11:28:08Z,2026-08-05T11:28:08Z,0.0
IV19 1PE,SHEPD,HV,1,TT8364,54,2026-08-05T11:28:08Z,2026-08-05T11:28:08Z,0.0
IV19 1PZ,SHEPD,HV,1,TT8364,54,2026-08-05T11:28:08Z,2026-08-05T11:28:08Z,0.0
IV20 1RS,SHEPD,HV,1,TT8364,54,2026-08-05T11:28:08Z,2026-08-05T11:28:08Z,0.0
IV20 1RT,SHEPD,HV,1,TT8364,54,2026-08-05T11:28:08Z,2026-08-05T11:28:08Z,0.0
IV20 1TX,SHEPD,HV,1,TU4126,130,2026-08-10T06:17:29Z,2026-08-10T06:17:29Z,0.0
IV20 1TY,SHEPD,HV,1,TU4126,130,2026-08-10T06:17:29Z,2026-08-10T06:17:29Z,0.0
IV20 1TZ,SHEPD,HV,1,TU4126,130,2026-08-10T06:17:29Z,2026-08-10T06:17:29Z,0.0
IV20 1UE,SHEPD,HV,1,TU4126,130,2026-08-10T06:17:29Z,2026-08-10T06:17:29Z,0.0
IV20 1UJ,SHEPD,HV,1,TU4126,130,2026-08-10T06:17:29Z,2026-08-10T06:17:29Z,0.0
IV20 1UQ,SHEPD,HV,1,TU4126,130,2026-08-10T06:17:29Z,2026-08-10T06:17:29Z,0.0
IV25 3JA,SHEPD,LV,1,TT9889,3,2026-08-06T12:17:55Z,2026-08-06T12:17:55Z,0.0
IV25 3JB,SHEPD,LV,1,TT9889,3,2026-08-06T12:17:55Z,2026-08-06T12:17:55Z,0.0
IV28 3YF,SHEPD,PSI,1,253012,91,2026-08-10T06:17:29Z,2026-08-10T06:17:29Z,0.0
IV28 3YG,SHEPD,PSI,1,253012,91,2026-08-10T06:17:29Z,2026-08-10T06:17:29Z,0.0
IV28 3YQ,SHEPD,PSI,1,253012,91,2026-08-10T06:17:29Z,2026-08-10T06:17:29Z,0.0
IV51 9NL,SHEPD,HV,1,TT9276,50,2026-08-05T20:19:15Z,2026-08-05T20:19:15Z,0.0
IV51 9NN,SHEPD,HV,1,TT9276,50,2026-08-05T20:19:15Z,2026-08-05T20:19:15Z,0.0
IV51 9NR,SHEPD,HV,1,TT9276,50,2026-08-05T20:19:15Z,2026-08-05T20:19:15Z,0.0
KW1 5XG,SHEPD,LV,1,TT8514,11,2026-08-05T11:28:08Z,2026-08-05T11:28:08Z,0.0
KW1 5XH,SHEPD,LV,1,TT8514,11,2026-08-05T11:28:08Z,2026-08-05T11:28:08Z,0.0
KW1 5XJ,SHEPD,LV,1,TT8514,11,2026-08-05T11:28:08Z,2026-08-05T11:28:08Z,0.0
KW1 5XQ,SHEPD,LV,1,TT8514,11,2026-08-05T11:28:08Z,2026-08-05T11:28:08Z,0.0
KW17 2AG,SHEPD,HV,1,TU6421,9,2026-08-11T13:59:10Z,2026-08-11T13:59:10Z,0.0
KW17 2AR,SHEPD,HV,1,TU6421,9,2026-08-11T13:59:10Z,2026-08-11T13:59:10Z,0.0
KW17 2JR,SHEPD,HV,1,TU1576,25,2026-08-07T12:24:56Z,2026-08-07T12:24:56Z,0.0
KW17 2JS,SHEPD,HV,1,TU1576,25,2026-08-07T12:24:56Z,2026-08-07T12:24:56Z,0.0
KW17 2JT,SHEPD,HV,1,TU1576,25,2026-08-07T12:24:56Z,2026-08-07T12:24:56Z,0.0
KW17 2RW,SHEPD,HV,1,TU5531,6,2026-08-10T20:05:18Z,2026-08-10T20:05:18Z,0.0
KW17 2SL,SHEPD,HV,1,TU5531,6,2026-08-10T20:05:18Z,2026-08-10T20:05:18Z,0.0
KW3 6AJ,SHEPD,LV,1,TT9585,8,2026-08-06T10:04:33Z,2026-08-06T10:04:33Z,0.0
KW3 6AN,SHEPD,LV,1,TT9585,8,2026-08-06T10:04:33Z,2026-08-06T10:04:33Z,0.0
LE1 4AN,SEPD,PSI,1,253689,7,2026-08-10T03:18:52Z,2026-08-10T03:18:52Z,0.0
LE1 4SA,SEPD,PSI,1,253689,7,2026-08-10T03:18:52Z,2026-08-10T03:18:52Z,0.0
LE1 4SD,SEPD,PSI,1,253689,7,2026-08-10T03:18:52Z,2026-08-10T03:18:52Z,0.0
LS26,SHEPD,LV,1,TU3690,15,2026-08-09T19:07:41Z,2026-08-09T19:07:41Z,0.0
LS26 8FB,SHEPD,LV,1,TU3690,15,2026-08-09T19:07:41Z,2026-08-09T19:07:41Z,0.0
LS26 8FL,SHEPD,LV,1,TU3690,15,2026-08-09T19:07:41Z,2026-08-09T19:07:41Z,0.0
LS26 8FN,SHEPD,LV,1,TU3690,15,2026-08-09T19:07:41Z,2026-08-09T19:07:41Z,0.0
LS26 8FR,SHEPD,LV,1,TU3690,15,2026-08-09T19:07:41Z,2026-08-09T19:07:41Z,0.0
LS26 8FT,SHEPD,LV,1,TU3690,15,2026-08-09T19:07:41Z,2026-08-09T19:07:41Z,0.0
ML5 2TR,SHEPD,LV,1,TU5123,23,2026-08-10T15:15:29Z,2026-08-10T15:15:29Z,0.0
ML5 2TS,SHEPD,LV,1,TU5123,23,2026-08-10T15:15:29Z,2026-08-10T15:15:29Z,0.0
ML5 2TU,SHEPD,LV,1,TU5123,23,2026-08-10T15:15:29Z,2026-08-10T15:15:29Z,0.0
ML5 2TX,SHEPD,LV,1,TU5123,23,2026-08-10T15:15:29Z,2026-08-10T15:15:29Z,0.0
OX14 2LY,SEPD,LV,1,TU3040,33,2026-08-09T02:50:53Z,2026-08-09T02:50:53Z,0.0
OX14 2LZ,SEPD,LV,1,TU3040,33,2026-08-09T02:50:53Z,2026-08-09T02:50:53Z,0.0
OX14 2NA,SEPD,LV,1,TU3040,33,2026-08-09T02:50:53Z,2026-08-09T02:50:53Z,0.0
OX14 2NB,SEPD,LV,1,TU3040,33,2026-08-09T02:50:53Z,2026-08-09T02:50:53Z,0.0
OX14 2NE,SEPD,LV,1,TU3040,33,2026-08-09T02:50:53Z,2026-08-09T02:50:53Z,0.0
OX14 2NG,SEPD,LV,1,TU3040,33,2026-08-09T02:50:53Z,2026-08-09T02:50:53Z,0.0
OX14 3JE,SEPD,LV,1,TT9420,30,2026-08-06T01:06:00Z,2026-08-06T01:06:00Z,0.0
OX18 2AA,SEPD,HV,1,TU3783,672,2026-08-09T20:57:06Z,2026-08-09T20:57:06Z,0.0
OX18 2BF,SEPD,HV,1,TU3783,672,2026-08-09T20:57:06Z,2026-08-09T20:57:06Z,0.0
OX18 2BG,SEPD,HV,1,TU3783,672,2026-08-09T20:57:06Z,2026-08-09T20:57:06Z,0.0
OX18 2BP,SEPD,HV,1,TU3783,672,2026-08-09T20:57:06Z,2026-08-09T20:57:06Z,0.0
OX18 2BQ,SEPD,HV,1,TU3783,672,2026-08-09T20:57:06Z,2026-08-09T20:57:06Z,0.0
OX18 2BS,SEPD,HV,1,TU3783,672,2026-08-09T20:57:06Z,2026-08-09T20:57:06Z,0.0
OX18 2BT,SEPD,HV,1,TU3783,672,2026-08-09T20:57:06Z,2026-08-09T20:57:06Z,0.0
OX18 2BU,SEPD,HV,1,TU3783,672,2026-08-09T20:57:06Z,2026-08-09T20:57:06Z,0.0
OX18 2BW,SEPD,HV,1,TU3783,672,2026-08-09T20:57:06Z,2026-08-09T20:57:06Z,0.0
OX18 2BX,SEPD,HV,1,TU3783,672,2026-08-09T20:57:06Z,2026-08-09T20:57:06Z,0.0
OX18 2BY,SEPD,HV,1,TU3783,672,2026-08-09T20:57:06Z,2026-08-09T20:57:06Z,0.0
OX18 2BZ,SEPD,HV,1,TU3783,672,2026-08-09T20:57:06Z,2026-08-09T20:57:06Z,0.0
OX18 2DA,SEPD,HV,1,TU3783,672,2026-08-09T20:57:06Z,2026-08-09T20:57:06Z,0.0
OX18 2DB,SEPD,HV,1,TU3783,672,2026-08-09T20:57:06Z,2026-08-09T20:57:06Z,0.0
OX18 2DD,SEPD,HV,1,TU3783,672,2026-08-09T20:57:06Z,2026-08-09T20:57:06Z,0.0
OX18 2DE,SEPD,HV,1,TU3783,672,2026-08-09T20:57:06Z,2026-08-09T20:57:06Z,0.0
OX18 2DF,SEPD,HV,1,TU3783,672,2026-08-09T20:57:06Z,2026-08-09T20:57:06Z,0.0
OX18 2DG,SEPD,HV,1,TU3783,672,2026-08-09T20:57:06Z,2026-08-09T20:57:06Z,0.0
OX18 2DH,SEPD,HV,1,TU3783,672,2026-08-09T20:57:06Z,2026-08-09T20:57:06Z,0.0
OX18 2DJ,SEPD,HV,1,TU3783,672,2026-08-09T20:57:06Z,2026-08-09T20:57:06Z,0.0
OX18 2DL,SEPD,HV,1,TU3783,672,2026-08-09T20:57:06Z,2026-08-09T20:57:06Z,0.0
OX18 2DN,SEPD,HV,1,TU3783,672,2026-08-09T20:57:06Z,2026-08-09T20:57:06Z,0.0
OX18 2DP,SEPD,HV,1,TU3783,672,2026-08-09T20:57:06Z,2026-08-09T20:57:06Z,0.0
OX18 2DQ,SEPD,HV,1,TU3783,672,2026-08-09T20:57:06Z,2026-08-09T20:57:06Z,0.0
OX18 2DR,SEPD,HV,1,TU3783,672,2026-08-09T20:57:06Z,2026-08-09T20:57:06Z,0.0
OX18 2DS,SEPD,HV,1,TU3783,672,2026-08-09T20:57:06Z,2026-08-09T20:57:06Z,0.0
OX18 2DT,SEPD,HV,1,TU3783,672,2026-08-09T20:57:06Z,2026-08-09T20:57:06Z,0.0
OX18 2DU,SEPD,HV,1,TU3783,672,2026-08-09T20:57:06Z,2026-08-09T20:57:06Z,0.0
OX18 2DW,SEPD,HV,1,TU3783,672,2026-08-09T20:57:06Z,2026-08-09T20:57:06Z,0.0
OX18 2DX,SEPD,HV,1,TU3783,672,2026-08-09T20:57:06Z,2026-08-09T20:57:06Z,0.0
OX18 2DY,SEPD,HV,1,TU3783,672,2026-08-09T20:57:06Z,2026-08-09T20:57:06Z,0.0
OX18 2DZ,SEPD,HV,1,TU3783,672,2026-08-09T20:57:06Z,2026-08-09T20:57:06Z,0.0
OX18 2EA,SEPD,HV,1,TU3783,672,2026-08-09T20:57:06Z,2026-08-09T20:57:06Z,0.0
OX18 2EB,SEPD,HV,1,TU3783,672,2026-08-09T20:57:06Z,2026-08-09T20:57:06Z,0.0
OX18 2ED,SEPD,HV,1,TU3783,672,2026-08-09T20:57:06Z,2026-08-09T20:57:06Z,0.0
OX18 2EE,SEPD,HV,1,TU3783,672,2026-08-09T20:57:06Z,2026-08-09T20:57:06Z,0.0
OX18 2EF,SEPD,HV,1,TU3783,672,2026-08-09T20:57:06Z,2026-08-09T20:57:06Z,0.0
OX18 2EG,SEPD,HV,1,TU3783,672,2026-08-09T20:57:06Z,2026-08-09T20:57:06Z,0.0
OX18 2EH,SEPD,HV,1,TU3783,672,2026-08-09T20:57:06Z,2026-08-09T20:57:06Z,0.0
OX18 2EJ,SEPD,HV,1,TU3783,672,2026-08-09T20:57:06Z,2026-08-09T20:57:06Z,0.0
OX18 2EL,SEPD,HV,1,TU3783,672,2026-08-09T20:57:06Z,2026-08-09T20:57:06Z,0.0
OX18 2EN,SEPD,HV,1,TU3783,672,2026-08-09T20:57:06Z,2026-08-09T20:57:06Z,0.0
OX18 2EP,SEPD,HV,1,TU3783,672,2026-08-09T20:57:06Z,2026-08-09T20:57:06Z,0.0
OX18 2EQ,SEPD,HV,1,TU3783,672,2026-08-09T20:57:06Z,2026-08-09T20:57:06Z,0.0
OX18 2ES,SEPD,HV,1,TU3783,672,2026-08-09T20:57:06Z,2026-08-09T20:57:06Z,0.0
OX18 2EW,SEPD,HV,1,TU3783,672,2026-08-09T20:57:06Z,2026-08-09T20:57:06Z,0.0
OX18 2FN,SEPD,HV,1,TU3783,672,2026-08-09T20:57:06Z,2026-08-09T20:57:06Z,0.0
OX18 2FP,SEPD,HV,1,TU3783,672,2026-08-09T20:57:06Z,2026-08-09T20:57:06Z,0.0
OX18 2FR,SEPD,HV,1,TU3783,672,2026-08-09T20:57:06Z,2026-08-09T20:57:06Z,0.0
OX18 2FS,SEPD,HV,1,TU3783,672,2026-08-09T20:57:06Z,2026-08-09T20:57:06Z,0.0
OX18 2NY,SEPD,HV,1,TU3783,672,2026-08-09T20:57:06Z,2026-08-09T20:57:06Z,0.0
OX18 2UX,SEPD,HV,1,TU3783,672,2026-08-09T20:57:06Z,2026-08-09T20:57:06Z,0.0
OX18 4BF,SEPD,HV,1,TU0143,673,2026-08-06T12:17:55Z,2026-08-06T12:17:55Z,0.0
OX18 4BP,SEPD,HV,1,TU0143,673,2026-08-06T12:17:55Z,2026-08-06T12:17:55Z,0.0
OX18 4DJ,SEPD,HV,1,TU0143,673,2026-08-06T12:17:55Z,2026-08-06T12:17:55Z,0.0
OX18 4DL,SEPD,HV,1,TU0143,673,2026-08-06T12:17:55Z,2026-08-06T12:17:55Z,0.0
OX18 4DS,SEPD,HV,1,TU0143,673,2026-08-06T12:17:55Z,2026-08-06T12:17:55Z,0.0
OX18 4LY,SEPD,HV,1,TU0143,673,2026-08-06T12:17:55Z,2026-08-06T12:17:55Z,0.0
OX18 4TA,SEPD,HV,1,TU0143,673,2026-08-06T12:17:55Z,2026-08-06T12:17:55Z,0.0
OX18 4TB,SEPD,HV,1,TU0143,673,2026-08-06T12:17:55Z,2026-08-06T12:17:55Z,0.0
OX18 4TE,SEPD,HV,1,TU0143,673,2026-08-06T12:17:55Z,2026-08-06T12:17:55Z,0.0
OX18 4TF,SEPD,HV,1,TU0143,673,2026-08-06T12:17:55Z,2026-08-06T12:17:55Z,0.0
OX18 4TG,SEPD,HV,1,TU0143,673,2026-08-06T12:17:55Z,2026-08-06T12:17:55Z,0.0
OX18 4TH,SEPD,HV,1,TU0143,673,2026-08-06T12:17:55Z,2026-08-06T12:17:55Z,0.0
OX18 4TJ,SEPD,HV,1,TU0143,673,2026-08-06T12:17:55Z,2026-08-06T12:17:55Z,0.0
OX18 4TL,SEPD,HV,1,TU0143,673,2026-08-06T12:17:55Z,2026-08-06T12:17:55Z,0.0
OX18 4TN,SEPD,HV,1,TU0143,673,2026-08-06T12:17:55Z,2026-08-06T12:17:55Z,0.0
OX18 4TP,SEPD,HV,1,TU0143,673,2026-08-06T12:17:55Z,2026-08-06T12:17:55Z,0.0
OX18 4TQ,SEPD,HV,1,TU0143,673,2026-08-06T12:17:55Z,2026-08-06T12:17:55Z,0.0
OX18 4TR,SEPD,HV,1,TU0143,673,2026-08-06T12:17:55Z,2026-08-06T12:17:55Z,0.0
OX18 4TS,SEPD,HV,1,TU0143,673,2026-08-06T12:17:55Z,2026-08-06T12:17:55Z,0.0
OX18 4TT,SEPD,HV,1,TU0143,673,2026-08-06T12:17:55Z,2026-08-06T12:17:55Z,0.0
OX18 4TU,SEPD,HV,1,TU0143,673,2026-08-06T12:17:55Z,2026-08-06T12:17:55Z,0.0
OX18 4TY,SEPD,HV,1,TU0143,673,2026-08-06T12:17:55Z,2026-08-06T12:17:55Z,0.0
OX18 4UH,SEPD,HV,1,TU0143,673,2026-08-06T12:17:55Z,2026-08-06T12:17:55Z,0.0
OX18 4UR,SEPD,HV,1,TU0143,673,2026-08-06T12:17:55Z,2026-08-06T12:17:55Z,0.0
OX18 4US,SEPD,HV,1,TU0143,673,2026-08-06T12:17:55Z,2026-08-06T12:17:55Z,0.0
OX18 4UT,SEPD,HV,1,TU0143,673,2026-08-06T12:17:55Z,2026-08-06T12:17:55Z,0.0
OX2 8PG,SEPD,HV,1,TU0344,502,2026-08-06T14:40:54Z,2026-08-06T14:40:54Z,0.0
OX2 8PH,SEPD,HV,1,TU0344,502,2026-08-06T14:40:54Z,2026-08-06T14:40:54Z,0.0
OX2 8PJ,SEPD,HV,1,TU0344,502,2026-08-06T14:40:54Z,2026-08-06T14:40:54Z,0.0
OX2 8PN,SEPD,HV,1,TU0344,502,2026-08-06T14:40:54Z,2026-08-06T14:40:54Z,0.0
OX2 8PY,SEPD,HV,1,TU0344,502,2026-08-06T14:40:54Z,2026-08-06T14:40:54Z,0.0
OX2 8QA,SEPD,HV,1,TU0344,502,2026-08-06T14:40:54Z,2026-08-06T14:40:54Z,0.0
OX2 8QB,SEPD,HV,1,TU0344,502,2026-08-06T14:40:54Z,2026-08-06T14:40:54Z,0.0
OX2 8QE,SEPD,HV,1,TU0344,502,2026-08-06T14:40:54Z,2026-08-06T14:40:54Z,0.0
OX2 8QH,SEPD,HV,1,TU0344,502,2026-08-06T14:40:54Z,2026-08-06T14:40:54Z,0.0
OX2 8QJ,SEPD,HV,1,TU0344,502,2026-08-06T14:40:54Z,2026-08-06T14:40:54Z,0.0
OX2 8QL,SEPD,HV,1,TU0344,502,2026-08-06T14:40:54Z,2026-08-06T14:40:54Z,0.0
OX2 8QN,SEPD,HV,1,TU0344,502,2026-08-06T14:40:54Z,2026-08-06T14:40:54Z,0.0
OX2 8QP,SEPD,HV,1,TU0344,502,2026-08-06T14:40:54Z,2026-08-06T14:40:54Z,0.0
OX2 8QQ,SEPD,HV,1,TU0344,502,2026-08-06T14:40:54Z,2026-08-06T14:40:54Z,0.0
OX20 1JL,SEPD,LV,1,TU2221,13,2026-08-08T03:42:53Z,2026-08-08T03:42:53Z,0.0
OX20 1LN,SEPD,LV,1,TT5911,7,2026-08-05T11:28:08Z,2026-08-05T11:28:08Z,0.0
OX20 1LP,SEPD,LV,1,TT5911,7,2026-08-05T11:28:08Z,2026-08-05T11:28:08Z,0.0
OX20 1LR,SEPD,LV,1,TU2221,13,2026-08-08T03:42:53Z,2026-08-08T03:42:53Z,0.0
OX20 1LW,SEPD,LV,1,TT5911,7,2026-08-05T11:28:08Z,2026-08-05T11:28:08Z,0.0
OX20 1NA,SEPD,LV,1,TT5911,7,2026-08-05T11:28:08Z,2026-08-05T11:28:08Z,0.0
OX20 1PA,SEPD,LV,1,TU2221,13,2026-08-08T03:42:53Z,2026-08-08T03:42:53Z,0.0
OX20 1PD,SEPD,LV,1,TU2221,13,2026-08-08T03:42:53Z,2026-08-08T03:42:53Z,0.0
OX20 1TR,SEPD,LV,1,TU2221,13,2026-08-08T03:42:53Z,2026-08-08T03:42:53Z,0.0
OX20 1UW,SEPD,LV,1,TU2221,13,2026-08-08T03:42:53Z,2026-08-08T03:42:53Z,0.0
OX26 3DX,SEPD,LV,1,TU1588,11,2026-08-07T12:24:56Z,2026-08-07T12:24:56Z,0.0
OX26 3DY,SEPD,LV,1,TU1588,11,2026-08-07T12:24:56Z,2026-08-07T12:24:56Z,0.0
OX27 7HU,SEPD,HV,1,TU0653,103,2026-08-07T03:21:07Z,2026-08-07T03:21:07Z,0.0
OX27 7JE,SEPD,HV,1,TU0653,103,2026-08-07T03:21:07Z,2026-08-07T03:21:07Z,0.0
OX27 7JH,SEPD,HV,1,TU0653,103,2026-08-07T03:21:07Z,2026-08-07T03:21:07Z,0.0
OX27 7JJ,SEPD,HV,1,TU0653,103,2026-08-07T03:21:07Z,2026-08-07T03:21:07Z,0.0
OX27 7JL,SEPD,HV,1,TU0653,103,2026-08-07T03:21:07Z,2026-08-07T03:21:07Z,0.0
OX27 7JN,SEPD,HV,1,TU0653,103,2026-08-07T03:21:07Z,2026-08-07T03:21:07Z,0.0
OX27 7JP,SEPD,HV,1,TU0653,103,2026-08-07T03:21:07Z,2026-08-07T03:21:07Z,0.0
OX27 7JQ,SEPD,HV,1,TU0653,103,2026-08-07T03:21:07Z,2026-08-07T03:21:07Z,0.0
OX27 7JR,SEPD,HV,1,TU0653,103,2026-08-07T03:21:07Z,2026-08-07T03:21:07Z,0.0
OX27 7JT,SEPD,HV,1,TU0653,103,2026-08-07T03:21:07Z,2026-08-07T03:21:07Z,0.0
OX27 7JU,SEPD,HV,1,TU0653,103,2026-08-07T03:21:07Z,2026-08-07T03:21:07Z,0.0
OX27 7JZ,SEPD,HV,1,TU0653,103,2026-08-07T03:21:07Z,2026-08-07T03:21:07Z,0.0
OX27 7LA,SEPD,HV,1,TU0653,103,2026-08-07T03:21:07Z,2026-08-07T03:21:07Z,0.0
OX27 7LB,SEPD,HV,1,TU0653,103,2026-08-07T03:21:07Z,2026-08-07T03:21:07Z,0.0
OX27 7LD,SEPD,HV,1,TU0653,103,2026-08-07T03:21:07Z,2026-08-07T03:21:07Z,0.0
OX27 7LJ,SEPD,HV,1,TU0653,103,2026-08-07T03:21:07Z,2026-08-07T03:21:07Z,0.0
OX27 7SP,SEPD,HV,1,TU0653,103,2026-08-07T03:21:07Z,2026-08-07T03:21:07Z,0.0
OX29 4BN,SEPD,HV,1,TU0344,502,2026-08-06T14:40:54Z,2026-08-06T14:40:54Z,0.0
OX29 4BU,SEPD,HV,1,TU0344,502,2026-08-06T14:40:54Z,2026-08-06T14:40:54Z,0.0
OX29 4BW,SEPD,HV,1,TU0344,502,2026-08-06T14:40:54Z,2026-08-06T14:40:54Z,0.0
OX29 4DG,SEPD,HV,1,TU0344,502,2026-08-06T14:40:54Z,2026-08-06T14:40:54Z,0.0
OX29 4DL,SEPD,HV,1,TU0344,502,2026-08-06T14:40:54Z,2026-08-06T14:40:54Z,0.0
OX29 4DN,SEPD,HV,1,TU0344,502,2026-08-06T14:40:54Z,2026-08-06T14:40:54Z,0.0
OX29 4DP,SEPD,HV,1,TU0344,502,2026-08-06T14:40:54Z,2026-08-06T14:40:54Z,0.0
OX29 4DR,SEPD,HV,1,TU0344,502,2026-08-06T14:40:54Z,2026-08-06T14:40:54Z,0.0
OX29 4DS,SEPD,HV,1,TU0344,502,2026-08-06T14:40:54Z,2026-08-06T14:40:54Z,0.0
OX29 4DT,SEPD,HV,1,TU0344,502,2026-08-06T14:40:54Z,2026-08-06T14:40:54Z,0.0
OX29 4DW,SEPD,HV,1,TU0344,502,2026-08-06T14:40:54Z,2026-08-06T14:40:54Z,0.0
OX29 4DX,SEPD,HV,1,TU0344,502,2026-08-06T14:40:54Z,2026-08-06T14:40:54Z,0.0
OX29 4DY,SEPD,HV,1,TU0344,502,2026-08-06T14:40:54Z,2026-08-06T14:40:54Z,0.0
OX29 4DZ,SEPD,HV,1,TU0344,502,2026-08-06T14:40:54Z,2026-08-06T14:40:54Z,0.0
OX29 4EA,SEPD,HV,1,TU0344,502,2026-08-06T14:40:54Z,2026-08-06T14:40:54Z,0.0
OX29 4EB,SEPD,HV,1,TU0344,502,2026-08-06T14:40:54Z,2026-08-06T14:40:54Z,0.0
OX29 4EL,SEPD,HV,1,TU0344,502,2026-08-06T14:40:54Z,2026-08-06T14:40:54Z,0.0
OX29 4EP,SEPD,HV,1,TU0344,502,2026-08-06T14:40:54Z,2026-08-06T14:40:54Z,0.0
OX29 4ES,SEPD,HV,1,TU0344,502,2026-08-06T14:40:54Z,2026-08-06T14:40:54Z,0.0
OX29 4SU,SEPD,HV,1,TU0344,502,2026-08-06T14:40:54Z,2026-08-06T14:40:54Z,0.0
OX29 4SX,SEPD,HV,1,TU0344,502,2026-08-06T14:40:54Z,2026-08-06T14:40:54Z,0.0
OX29 4SY,SEPD,HV,1,TU0344,502,2026-08-06T14:40:54Z,2026-08-06T14:40:54Z,0.0
OX29 4SZ,SEPD,HV,1,TU0344,502,2026-08-06T14:40:54Z,2026-08-06T14:40:54Z,0.0
OX29 5AA,SEPD,HV,1,TU3790,1062,2026-08-09T20:57:06Z,2026-08-09T20:57:06Z,0.0
OX29 5AB,SEPD,HV,1,TU3790,1062,2026-08-09T20:57:06Z,2026-08-09T20:57:06Z,0.0
OX29 5AE,SEPD,HV,1,TU3790,1062,2026-08-09T20:57:06Z,2026-08-09T20:57:06Z,0.0
OX29 5AF,SEPD,HV,1,TU3790,1062,2026-08-09T20:57:06Z,2026-08-09T20:57:06Z,0.0
OX29 5AP,SEPD,HV,1,TU3790,1062,2026-08-09T20:57:06Z,2026-08-09T20:57:06Z,0.0
OX29 5AR,SEPD,HV,1,TU3790,1062,2026-08-09T20:57:06Z,2026-08-09T20:57:06Z,0.0
OX29 5AS,SEPD,HV,1,TU3790,1062,2026-08-09T20:57:06Z,2026-08-09T20:57:06Z,0.0
OX29 5AT,SEPD,HV,1,TU3790,1062,2026-08-09T20:57:06Z,2026-08-09T20:57:06Z,0.0
OX29 5AU,SEPD,HV,1,TU3790,1062,2026-08-09T20:57:06Z,2026-08-09T20:57:06Z,0.0
OX29 5AW,SEPD,HV,1,TU3790,1062,2026-08-09T20:57:06Z,2026-08-09T20:57:06Z,0.0
OX29 5AX,SEPD,HV,1,TU3790,1062,2026-08-09T20:57:06Z,2026-08-09T20:57:06Z,0.0
OX29 5AY,SEPD,HV,1,TU3790,1062,2026-08-09T20:57:06Z,2026-08-09T20:57:06Z,0.0
OX29 5AZ,SEPD,HV,1,TU3790,1062,2026-08-09T20:57:06Z,2026-08-09T20:57:06Z,0.0
OX29 5BA,SEPD,HV,1,TU3790,1062,2026-08-09T20:57:06Z,2026-08-09T20:57:06Z,0.0
OX29 5BB,SEPD,HV,1,TU3790,1062,2026-08-09T20:57:06Z,2026-08-09T20:57:06Z,0.0
OX29 5BD,SEPD,HV,1,TU3790,1062,2026-08-09T20:57:06Z,2026-08-09T20:57:06Z,0.0
OX29 5BE,SEPD,HV,1,TU3790,1062,2026-08-09T20:57:06Z,2026-08-09T20:57:06Z,0.0
OX29 5BF,SEPD,HV,1,TU3790,1062,2026-08-09T20:57:06Z,2026-08-09T20:57:06Z,0.0
OX29 5BG,SEPD,HV,1,TU3790,1062,2026-08-09T20:57:06Z,2026-08-09T20:57:06Z,0.0
OX29 5BJ,SEPD,HV,1,TU3790,1062,2026-08-09T20:57:06Z,2026-08-09T20:57:06Z,0.0
OX29 5BL,SEPD,HV,1,TU3790,1062,2026-08-09T20:57:06Z,2026-08-09T20:57:06Z,0.0
OX29 5RD,SEPD,HV,1,TU3790,1062,2026-08-09T20:57:06Z,2026-08-09T20:57:06Z,0.0
OX29 5RH,SEPD,HV,1,TU3790,1062,2026-08-09T20:57:06Z,2026-08-09T20:57:06Z,0.0
OX29 5RJ,SEPD,HV,1,TU3790,1062,2026-08-09T20:57:06Z,2026-08-09T20:57:06Z,0.0
OX29 5RL,SEPD,HV,1,TU3790,1062,2026-08-09T20:57:06Z,2026-08-09T20:57:06Z,0.0
OX29 5RN,SEPD,HV,1,TU3790,1062,2026-08-09T20:57:06Z,2026-08-09T20:57:06Z,0.0
OX29 5RP,SEPD,HV,1,TU3790,1062,2026-08-09T20:57:06Z,2026-08-09T20:57:06Z,0.0
OX29 5RR,SEPD,HV,1,TU3790,1062,2026-08-09T20:57:06Z,2026-08-09T20:57:06Z,0.0
OX29 5RS,SEPD,HV,1,TU3790,1062,2026-08-09T20:57:06Z,2026-08-09T20:57:06Z,0.0
OX29 5RT,SEPD,HV,1,TU3790,1062,2026-08-09T20:57:06Z,2026-08-09T20:57:06Z,0.0
OX29 5RU,SEPD,HV,1,TU3790,1062,2026-08-09T20:57:06Z,2026-08-09T20:57:06Z,0.0
OX29 5RW,SEPD,HV,1,TU3790,1062,2026-08-09T20:57:06Z,2026-08-09T20:57:06Z,0.0
OX29 5RY,SEPD,HV,1,TU3790,1062,2026-08-09T20:57:06Z,2026-08-09T20:57:06Z,0.0
OX29 5RZ,SEPD,HV,1,TU3790,1062,2026-08-09T20:57:06Z,2026-08-09T20:57:06Z,0.0
OX29 5SA,SEPD,HV,1,TU3790,1062,2026-08-09T20:57:06Z,2026-08-09T20:57:06Z,0.0
OX29 5SB,SEPD,HV,1,TU3790,1062,2026-08-09T20:57:06Z,2026-08-09T20:57:06Z,0.0
OX29 5SD,SEPD,HV,1,TU3790,1062,2026-08-09T20:57:06Z,2026-08-09T20:57:06Z,0.0
OX29 5SF,SEPD,HV,1,TU3790,1062,2026-08-09T20:57:06Z,2026-08-09T20:57:06Z,0.0
OX29 5SG,SEPD,HV,1,TU3790,1062,2026-08-09T20:57:06Z,2026-08-09T20:57:06Z,0.0
OX29 5SH,SEPD,HV,1,TU3790,1062,2026-08-09T20:57:06Z,2026-08-09T20:57:06Z,0.0
OX29 5SJ,SEPD,HV,1,TU3790,1062,2026-08-09T20:57:06Z,2026-08-09T20:57:06Z,0.0
OX29 5SL,SEPD,HV,1,TU3790,1062,2026-08-09T20:57:06Z,2026-08-09T20:57:06Z,0.0
OX29 5SN,SEPD,HV,1,TU3790,1062,2026-08-09T20:57:06Z,2026-08-09T20:57:06Z,0.0
OX29 5SQ,SEPD,HV,1,TU3790,1062,2026-08-09T20:57:06Z,2026-08-09T20:57:06Z,0.0
OX29 5SR,SEPD,HV,1,TU3790,1062,2026-08-09T20:57:06Z,2026-08-09T20:57:06Z,0.0
OX29 5SS,SEPD,HV,1,TU3790,1062,2026-08-09T20:57:06Z,2026-08-09T20:57:06Z,0.0
OX29 5ST,SEPD,HV,1,TU3790,1062,2026-08-09T20:57:06Z,2026-08-09T20:57:06Z,0.0
OX29 5SU,SEPD,HV,1,TU3790,1062,2026-08-09T20:57:06Z,2026-08-09T20:57:06Z,0.0
OX29 5SW,SEPD,HV,1,TU3790,1062,2026-08-09T20:57:06Z,2026-08-09T20:57:06Z,0.0
OX29 5SX,SEPD,HV,1,TU3790,1062,2026-08-09T20:57:06Z,2026-08-09T20:57:06Z,0.0
OX29 5SZ,SEPD,HV,1,TU3790,1062,2026-08-09T20:57:06Z,2026-08-09T20:57:06Z,0.0
OX29 5TA,SEPD,HV,1,TU3790,1062,2026-08-09T20:57:06Z,2026-08-09T20:57:06Z,0.0
OX29 5TB,SEPD,HV,1,TU3790,1062,2026-08-09T20:57:06Z,2026-08-09T20:57:06Z,0.0
OX29 5TD,SEPD,HV,1,TU3790,1062,2026-08-09T20:57:06Z,2026-08-09T20:57:06Z,0.0
OX29 5TE,SEPD,HV,1,TU3790,1062,2026-08-09T20:57:06Z,2026-08-09T20:57:06Z,0.0
OX29 5TF,SEPD,HV,1,TU3790,1062,2026-08-09T20:57:06Z,2026-08-09T20:57:06Z,0.0
OX29 5UH,SEPD,HV,1,TU3790,1062,2026-08-09T20:57:06Z,2026-08-09T20:57:06Z,0.0
OX29 5UX,SEPD,HV,1,TU3790,1062,2026-08-09T20:57:06Z,2026-08-09T20:57:06Z,0.0
OX29 7DS,SEPD,LV,1,TU3813,19,2026-08-09T20:57:06Z,2026-08-09T20:57:06Z,0.0
OX29 7PJ,SEPD,HV,1,TU3790,1062,2026-08-09T20:57:06Z,2026-08-09T20:57:06Z,0.0
OX29 7PL,SEPD,LV,1,TU3798,10,2026-08-09T20:57:06Z,2026-08-09T20:57:06Z,0.0
OX29 7PR,SEPD,LV,1,TU3798,10,2026-08-09T20:57:06Z,2026-08-09T20:57:06Z,0.0
OX29 7QA,SEPD,HV,1,TU3790,1062,2026-08-09T20:57:06Z,2026-08-09T20:57:06Z,0.0
OX29 7QB,SEPD,HV,1,TU3790,1062,2026-08-09T20:57:06Z,2026-08-09T20:57:06Z,0.0
OX29 7QH,SEPD,LV,1,TU3813,19,2026-08-09T20:57:06Z,2026-08-09T20:57:06Z,0.0
OX29 7QL,SEPD,LV,1,TU3813,19,2026-08-09T20:57:06Z,2026-08-09T20:57:06Z,0.0
OX29 7QN,SEPD,LV,1,TU3813,19,2026-08-09T20:57:06Z,2026-08-09T20:57:06Z,0.0
OX29 7QP,SEPD,HV,1,TU3783,672,2026-08-09T20:57:06Z,2026-08-09T20:57:06Z,0.0
OX29 7QR,SEPD,HV,1,TU3783,672,2026-08-09T20:57:06Z,2026-08-09T20:57:06Z,0.0
OX29 7QS,SEPD,HV,1,TU3783,672,2026-08-09T20:57:06Z,2026-08-09T20:57:06Z,0.0
OX29 7RA,SEPD,HV,1,TU3790,1062,2026-08-09T20:57:06Z,2026-08-09T20:57:06Z,0.0
OX29 7RH,SEPD,HV,1,TU3790,1062,2026-08-09T20:57:06Z,2026-08-09T20:57:06Z,0.0
OX29 7RN,SEPD,LV,1,TU3813,19,2026-08-09T20:57:06Z,2026-08-09T20:57:06Z,0.0
OX29 7RQ,SEPD,LV,1,TU3813,19,2026-08-09T20:57:06Z,2026-08-09T20:57:06Z,0.0
OX29 7RS,SEPD,HV,1,TU3790,1062,2026-08-09T20:57:06Z,2026-08-09T20:57:06Z,0.0
OX29 7RT,SEPD,HV,1,TU3790,1062,2026-08-09T20:57:06Z,2026-08-09T20:57:06Z,0.0
OX29 7RU,SEPD,HV,1,TU3790,1062,2026-08-09T20:57:06Z,2026-08-09T20:57:06Z,0.0
OX29 7RX,SEPD,HV,1,TU3790,1062,2026-08-09T20:57:06Z,2026-08-09T20:57:06Z,0.0
OX29 7RY,SEPD,HV,1,TU3790,1062,2026-08-09T20:57:06Z,2026-08-09T20:57:06Z,0.0
OX29 7RZ,SEPD,HV,1,TU3790,1062,2026-08-09T20:57:06Z,2026-08-09T20:57:06Z,0.0
OX29 7SA,SEPD,HV,1,TU3790,1062,2026-08-09T20:57:06Z,2026-08-09T20:57:06Z,0.0
OX29 7SB,SEPD,HV,1,TU3790,1062,2026-08-09T20:57:06Z,2026-08-09T20:57:06Z,0.0
OX29 7SD,SEPD,HV,1,TU3790,1062,2026-08-09T20:57:06Z,2026-08-09T20:57:06Z,0.0
OX29 7SE,SEPD,HV,1,TU3790,1062,2026-08-09T20:57:06Z,2026-08-09T20:57:06Z,0.0
OX29 7SF,SEPD,HV,1,TU3790,1062,2026-08-09T20:57:06Z,2026-08-09T20:57:06Z,0.0
OX29 7SG,SEPD,HV,1,TU3790,1062,2026-08-09T20:57:06Z,2026-08-09T20:57:06Z,0.0
OX29 7SH,SEPD,HV,1,TU3790,1062,2026-08-09T20:57:06Z,2026-08-09T20:57:06Z,0.0
OX29 7SJ,SEPD,HV,1,TU3790,1062,2026-08-09T20:57:06Z,2026-08-09T20:57:06Z,0.0
OX29 7SL,SEPD,HV,1,TU3790,1062,2026-08-09T20:57:06Z,2026-08-09T20:57:06Z,0.0
OX29 7SN,SEPD,HV,1,TU3790,1062,2026-08-09T20:57:06Z,2026-08-09T20:57:06Z,0.0
OX29 7SP,SEPD,HV,1,TU3790,1062,2026-08-09T20:57:06Z,2026-08-09T20:57:06Z,0.0
OX29 7SR,SEPD,HV,1,TU3790,1062,2026-08-09T20:57:06Z,2026-08-09T20:57:06Z,0.0
OX29 7SS,SEPD,HV,1,TU3790,1062,2026-08-09T20:57:06Z,2026-08-09T20:57:06Z,0.0
OX29 7ST,SEPD,HV,1,TU3790,1062,2026-08-09T20:57:06Z,2026-08-09T20:57:06Z,0.0
OX29 7SU,SEPD,HV,1,TU3790,1062,2026-08-09T20:57:06Z,2026-08-09T20:57:06Z,0.0
OX29 7SX,SEPD,HV,1,TU3790,1062,2026-08-09T20:57:06Z,2026-08-09T20:57:06Z,0.0
OX29 7SY,SEPD,HV,1,TU3790,1062,2026-08-09T20:57:06Z,2026-08-09T20:57:06Z,0.0
OX29 7SZ,SEPD,HV,1,TU3790,1062,2026-08-09T20:57:06Z,2026-08-09T20:57:06Z,0.0
OX29 7TA,SEPD,HV,1,TU3790,1062,2026-08-09T20:57:06Z,2026-08-09T20:57:06Z,0.0
OX29 7TB,SEPD,HV,1,TU3790,1062,2026-08-09T20:57:06Z,2026-08-09T20:57:06Z,0.0
OX33 1JN,SEPD,PSI,1,253185,9,2026-08-06T10:04:33Z,2026-08-06T10:04:33Z,0.0
OX33 1QX,SEPD,PSI,1,253185,9,2026-08-06T10:04:33Z,2026-08-06T10:04:33Z,0.0
OX5 1LN,SEPD,HV,1,TU0344,502,2026-08-06T14:40:54Z,2026-08-06T14:40:54Z,0.0
OX5 1LU,SEPD,HV,1,TU0344,502,2026-08-06T14:40:54Z,2026-08-06T14:40:54Z,0.0
OX5 1NY,SEPD,HV,1,TU0344,502,2026-08-06T14:40:54Z,2026-08-06T14:40:54Z,0.0
OX5 1PY,SEPD,HV,1,TU0344,502,2026-08-06T14:40:54Z,2026-08-06T14:40:54Z,0.0
OX5 1QB,SEPD,HV,1,TU0344,502,2026-08-06T14:40:54Z,2026-08-06T14:40:54Z,0.0
OX5 1QD,SEPD,HV,1,TU0344,502,2026-08-06T14:40:54Z,2026-08-06T14:40:54Z,0.0
OX5 1QG,SEPD,HV,1,TU0344,502,2026-08-06T14:40:54Z,2026-08-06T14:40:54Z,0.0
OX5 1QQ,SEPD,HV,1,TU0344,502,2026-08-06T14:40:54Z,2026-08-06T14:40:54Z,0.0
OX5 1TF,SEPD,HV,1,TU0344,502,2026-08-06T14:40:54Z,2026-08-06T14:40:54Z,0.0
OX5 2PU,SEPD,HV,1,TU0344,502,2026-08-06T14:40:54Z,2026-08-06T14:40:54Z,0.0
OX8,SEPD,HV,1,TU3790,1062,2026-08-09T20:57:06Z,2026-08-09T20:57:06Z,0.0
PA20 9LS,SHEPD,HV,1,TU7331,184,2026-08-11T21:58:46Z,2026-08-11T21:58:46Z,0.0
PA20 9LT,SHEPD,HV,1,TU7331,184,2026-08-11T21:58:46Z,2026-08-11T21:58:46Z,0.0
PA20 9LU,SHEPD,HV,1,TU7331,184,2026-08-11T21:58:46Z,2026-08-11T21:58:46Z,0.0
PA31,SHEPD,HV,1,TU3225,21,2026-08-09T07:14:55Z,2026-08-09T07:14:55Z,0.0
PA31 8LH,SHEPD,LV,1,TT9073,13,2026-08-05T17:05:15Z,2026-08-05T17:05:15Z,0.0
PA31 8LL,SHEPD,LV,1,TT9073,13,2026-08-05T17:05:15Z,2026-08-05T17:05:15Z,0.0
PA31 8LP,SHEPD,LV,1,TT9073,13,2026-08-05T17:05:15Z,2026-08-05T17:05:15Z,0.0
PA31 8LW,SHEPD,LV,1,TT9073,13,2026-08-05T17:05:15Z,2026-08-05T17:05:15Z,0.0
PA31 8RE,SHEPD,HV,1,TU3225,21,2026-08-09T07:14:55Z,2026-08-09T07:14:55Z,0.0
PA31 8WH,SHEPD,HV,1,TU3225,21,2026-08-09T07:14:55Z,2026-08-09T07:14:55Z,0.0
PH1 1BA,SHEPD,HV,1,TU5552,84,2026-08-10T20:05:18Z,2026-08-10T20:05:18Z,0.0
PH1 1BB,SHEPD,HV,1,TU5552,84,2026-08-10T20:05:18Z,2026-08-10T20:05:18Z,0.0
PH1 1BD,SHEPD,HV,1,TU5552,84,2026-08-10T20:05:18Z,2026-08-10T20:05:18Z,0.0
PH1 1BJ,SHEPD,HV,1,TU5552,84,2026-08-10T20:05:18Z,2026-08-10T20:05:18Z,0.0
PH1 1BP,SHEPD,HV,1,TU5552,84,2026-08-10T20:05:18Z,2026-08-10T20:05:18Z,0.0
PH1 1BT,SHEPD,HV,1,TU5552,84,2026-08-10T20:05:18Z,2026-08-10T20:05:18Z,0.0
PH1 1BX,SHEPD,HV,1,TU5552,84,2026-08-10T20:05:18Z,2026-08-10T20:05:18Z,0.0
PH1 1DF,SHEPD,HV,1,TU5552,84,2026-08-10T20:05:18Z,2026-08-10T20:05:18Z,0.0
PH1 1DL,SHEPD,HV,1,TU5552,84,2026-08-10T20:05:18Z,2026-08-10T20:05:18Z,0.0
PH1 1DN,SHEPD,HV,1,TU5552,84,2026-08-10T20:05:18Z,2026-08-10T20:05:18Z,0.0
PH1 1DP,SHEPD,HV,1,TU5552,84,2026-08-10T20:05:18Z,2026-08-10T20:05:18Z,0.0
PH1 1DS,SHEPD,HV,1,TU5552,84,2026-08-10T20:05:18Z,2026-08-10T20:05:18Z,0.0
PH1 1DU,SHEPD,HV,1,TU5552,84,2026-08-10T20:05:18Z,2026-08-10T20:05:18Z,0.0
PH1 1DW,SHEPD,HV,1,TU5552,84,2026-08-10T20:05:18Z,2026-08-10T20:05:18Z,0.0
PH1 1DX,SHEPD,HV,1,TU5552,84,2026-08-10T20:05:18Z,2026-08-10T20:05:18Z,0.0
PH1 1DY,SHEPD,HV,1,TU5552,84,2026-08-10T20:05:18Z,2026-08-10T20:05:18Z,0.0
PH1 1DZ,SHEPD,HV,1,TU5552,84,2026-08-10T20:05:18Z,2026-08-10T20:05:18Z,0.0
PH1 1EA,SHEPD,HV,1,TU5552,84,2026-08-10T20:05:18Z,2026-08-10T20:05:18Z,0.0
PH1 1EB,SHEPD,HV,1,TU5552,84,2026-08-10T20:05:18Z,2026-08-10T20:05:18Z,0.0
PH1 1ED,SHEPD,HV,1,TU5552,84,2026-08-10T20:05:18Z,2026-08-10T20:05:18Z,0.0
PH1 1EE,SHEPD,HV,1,TU5552,84,2026-08-10T20:05:18Z,2026-08-10T20:05:18Z,0.0
PH1 1EF,SHEPD,HV,1,TU5552,84,2026-08-10T20:05:18Z,2026-08-10T20:05:18Z,0.0
PH1 1EH,SHEPD,LV,1,TU5554,9,2026-08-10T20:05:18Z,2026-08-10T20:05:18Z,0.0
PH1 1EP,SHEPD,LV,1,TU5562,6,2026-08-10T20:05:18Z,2026-08-10T20:05:18Z,0.0
PH1 1ER,SHEPD,LV,1,TU5562,6,2026-08-10T20:05:18Z,2026-08-10T20:05:18Z,0.0
PH1 1HY,SHEPD,HV,1,TU5552,84,2026-08-10T20:05:18Z,2026-08-10T20:05:18Z,0.0
PH1 1HZ,SHEPD,HV,1,TU5552,84,2026-08-10T20:05:18Z,2026-08-10T20:05:18Z,0.0
PH1 1JA,SHEPD,HV,1,TU5552,84,2026-08-10T20:05:18Z,2026-08-10T20:05:18Z,0.0
PH1 1JB,SHEPD,HV,1,TU5552,84,2026-08-10T20:05:18Z,2026-08-10T20:05:18Z,0.0
PH1 1JD,SHEPD,HV,1,TU5552,84,2026-08-10T20:05:18Z,2026-08-10T20:05:18Z,0.0
PH1 1JE,SHEPD,HV,1,TU5552,84,2026-08-10T20:05:18Z,2026-08-10T20:05:18Z,0.0
PH1 1JF,SHEPD,HV,1,TU5552,84,2026-08-10T20:05:18Z,2026-08-10T20:05:18Z,0.0
PH1 1JJ,SHEPD,HV,1,TU5552,84,2026-08-10T20:05:18Z,2026-08-10T20:05:18Z,0.0
PH1 1JN,SHEPD,HV,1,TU5552,84,2026-08-10T20:05:18Z,2026-08-10T20:05:18Z,0.0
PH1 1JP,SHEPD,HV,1,TU5552,84,2026-08-10T20:05:18Z,2026-08-10T20:05:18Z,0.0
PH1 1JR,SHEPD,HV,1,TU5552,84,2026-08-10T20:05:18Z,2026-08-10T20:05:18Z,0.0
PH1 1JS,SHEPD,HV,1,TU5552,84,2026-08-10T20:05:18Z,2026-08-10T20:05:18Z,0.0
PH1 1JU,SHEPD,HV,1,TU5552,84,2026-08-10T20:05:18Z,2026-08-10T20:05:18Z,0.0
PH1 1JX,SHEPD,HV,1,TU5552,84,2026-08-10T20:05:18Z,2026-08-10T20:05:18Z,0.0
PH1 1JY,SHEPD,HV,1,TU5552,84,2026-08-10T20:05:18Z,2026-08-10T20:05:18Z,0.0
PH1 1JZ,SHEPD,HV,1,TU5552,84,2026-08-10T20:05:18Z,2026-08-10T20:05:18Z,0.0
PH1 1LL,SHEPD,HV,1,TU5552,84,2026-08-10T20:05:18Z,2026-08-10T20:05:18Z,0.0
PH1 1NA,SHEPD,LV,1,TU5554,9,2026-08-10T20:05:18Z,2026-08-10T20:05:18Z,0.0
PH1 1ND,SHEPD,HV,1,TU5552,84,2026-08-10T20:05:18Z,2026-08-10T20:05:18Z,0.0
PH1 1NE,SHEPD,HV,1,TU5552,84,2026-08-10T20:05:18Z,2026-08-10T20:05:18Z,0.0
PH1 1NF,SHEPD,HV,1,TU5552,84,2026-08-10T20:05:18Z,2026-08-10T20:05:18Z,0.0
PH1 1NG,SHEPD,HV,1,TU5552,84,2026-08-10T20:05:18Z,2026-08-10T20:05:18Z,0.0
PH1 1NJ,SHEPD,HV,1,TU5552,84,2026-08-10T20:05:18Z,2026-08-10T20:05:18Z,0.0
PH1 1NL,SHEPD,HV,1,TU5552,84,2026-08-10T20:05:18Z,2026-08-10T20:05:18Z,0.0
PH1 1NP,SHEPD,HV,1,TU5552,84,2026-08-10T20:05:18Z,2026-08-10T20:05:18Z,0.0
PH1 1NQ,SHEPD,HV,1,TU5552,84,2026-08-10T20:05:18Z,2026-08-10T20:05:18Z,0.0
PH1 1NR,SHEPD,HV,1,TU5552,84,2026-08-10T20:05:18Z,2026-08-10T20:05:18Z,0.0
PH1 1RB,SHEPD,HV,1,TU5552,84,2026-08-10T20:05:18Z,2026-08-10T20:05:18Z,0.0
PH1 1RD,SHEPD,HV,1,TU5552,84,2026-08-10T20:05:18Z,2026-08-10T20:05:18Z,0.0
PH1 1RE,SHEPD,HV,1,TU5552,84,2026-08-10T20:05:18Z,2026-08-10T20:05:18Z,0.0
PH1 1RU,SHEPD,LV,1,TU5562,6,2026-08-10T20:05:18Z,2026-08-10T20:05:18Z,0.0
PH1 2EZ,SHEPD,LV,1,TU5559,8,2026-08-10T20:05:18Z,2026-08-10T20:05:18Z,0.0
PH1 3BW,SHEPD,PSI,1,253263,11,2026-08-07T03:21:07Z,2026-08-07T03:21:07Z,0.0
PH1 3EE,SHEPD,PSI,1,253263,11,2026-08-07T03:21:07Z,2026-08-07T03:21:07Z,0.0
PH1 3EG,SHEPD,PSI,1,253263,11,2026-08-07T03:21:07Z,2026-08-07T03:21:07Z,0.0
PH1 3TZ,SHEPD,PSI,1,253263,11,2026-08-07T03:21:07Z,2026-08-07T03:21:07Z,0.0
PH1 5AS,SHEPD,LV,1,TU5556,17,2026-08-10T20:05:18Z,2026-08-10T20:05:18Z,0.0
PH1 5XF,SHEPD,LV,1,TU5556,17,2026-08-10T20:05:18Z,2026-08-10T20:05:18Z,0.0
PH13 9DX,SHEPD,LV,1,TU2141,12,2026-08-07T21:54:42Z,2026-08-07T21:54:42Z,0.0
PH13 9ED,SHEPD,LV,1,TU2141,12,2026-08-07T21:54:42Z,2026-08-07T21:54:42Z,0.0
PH13 9EF,SHEPD,LV,1,TU2141,12,2026-08-07T21:54:42Z,2026-08-07T21:54:42Z,0.0
PH13 9EG,SHEPD,LV,1,TU2141,12,2026-08-07T21:54:42Z,2026-08-07T21:54:42Z,0.0
PH13 9EL,SHEPD,LV,1,TU2141,12,2026-08-07T21:54:42Z,2026-08-07T21:54:42Z,0.0
PH2 0NS,SHEPD,HV,1,TU5552,84,2026-08-10T20:05:18Z,2026-08-10T20:05:18Z,0.0
PH2 0QN,SHEPD,PSI,1,252385,6,2026-08-07T10:36:24Z,2026-08-07T10:36:24Z,0.0
PH2 0QP,SHEPD,PSI,1,252385,6,2026-08-07T10:36:24Z,2026-08-07T10:36:24Z,0.0
PH2 0SX,SHEPD,HV,1,TU5552,84,2026-08-10T20:05:18Z,2026-08-10T20:05:18Z,0.0
PH2 7RH,SHEPD,HV,1,TU4516,12,2026-08-10T09:47:46Z,2026-08-10T09:47:46Z,0.0
PH2 7RJ,SHEPD,HV,1,TU4516,12,2026-08-10T09:47:46Z,2026-08-10T09:47:46Z,0.0
PH2 7RL,SHEPD,HV,1,TU4516,12,2026-08-10T09:47:46Z,2026-08-10T09:47:46Z,0.0
PH2 7RW,SHEPD,HV,1,TU4516,12,2026-08-10T09:47:46Z,2026-08-10T09:47:46Z,0.0
PH2 7RX,SHEPD,HV,1,TU4516,12,2026-08-10T09:47:46Z,2026-08-10T09:47:46Z,0.0
PH31 4AQ,SHEPD,LV,1,TU7098,4,2026-08-11T18:08:07Z,2026-08-11T18:08:07Z,0.0
PH36 4JU,SHEPD,LV,1,TT7739,3,2026-08-05T15:30:21Z,2026-08-05T15:30:21Z,0.0
PO11 0AG,SEPD,LV,1,TU4335,33,2026-08-10T09:47:46Z,2026-08-10T09:47:46Z,0.0
PO11 0AN,SEPD,LV,1,TU4335,33,2026-08-10T09:47:46Z,2026-08-10T09:47:46Z,0.0
PO11 0AP,SEPD,LV,1,TU4335,33,2026-08-10T09:47:46Z,2026-08-10T09:47:46Z,0.0
PO11 9HL,SEPD,LV,1,TU4335,33,2026-08-10T09:47:46Z,2026-08-10T09:47:46Z,0.0
PO14 3EZ,SEPD,LV,1,TU6573,2,2026-08-11T13:59:10Z,2026-08-11T13:59:10Z,0.0
PO2 0ET,SEPD,LV,1,TT9484,19,2026-08-06T04:29:40Z,2026-08-06T04:29:40Z,0.0
PO2 7EG,SEPD,LV,1,TT9484,19,2026-08-06T04:29:40Z,2026-08-06T04:29:40Z,0.0
PO2 7EQ,SEPD,LV,1,TT9484,19,2026-08-06T04:29:40Z,2026-08-06T04:29:40Z,0.0
PO2 7ER,SEPD,LV,1,TT9484,19,2026-08-06T04:29:40Z,2026-08-06T04:29:40Z,0.0
PO2 7ET,SEPD,LV,1,TT9484,19,2026-08-06T04:29:40Z,2026-08-06T04:29:40Z,0.0
PO2 7QG,SEPD,LV,1,TT9484,19,2026-08-06T04:29:40Z,2026-08-06T04:29:40Z,0.0
PO2 7QQ,SEPD,LV,1,TT9484,19,2026-08-06T04:29:40Z,2026-08-06T04:29:40Z,0.0
PO20 8LY,SEPD,LV,1,TU2598,8,2026-08-08T13:07:10Z,2026-08-08T13:07:10Z,0.0
PO21 1AP,SEPD,LV,1,TU5882,13,2026-08-11T05:31:43Z,2026-08-11T05:31:43Z,0.0
PO21 1BD,SEPD,LV,1,TU5882,13,2026-08-11T05:31:43Z,2026-08-11T05:31:43Z,0.0
PO21 1DD,SEPD,LV,1,TU5882,13,2026-08-11T05:31:43Z,2026-08-11T05:31:43Z,0.0
PO33 4DS,SEPD,LV,1,TU1877,3,2026-08-07T15:39:42Z,2026-08-07T15:39:42Z,0.0
PO33 4DY,SEPD,LV,1,TU1877,3,2026-08-07T15:39:42Z,2026-08-07T15:39:42Z,0.0
PO4 0AA,SEPD,HV,1,TU3106,180,2026-08-09T06:04:05Z,2026-08-09T06:04:05Z,0.0
PO4 0AB,SEPD,HV,1,TU3106,180,2026-08-09T06:04:05Z,2026-08-09T06:04:05Z,0.0
PO4 0AD,SEPD,HV,1,TU3106,180,2026-08-09T06:04:05Z,2026-08-09T06:04:05Z,0.0
PO4 0AE,SEPD,HV,1,TU3106,180,2026-08-09T06:04:05Z,2026-08-09T06:04:05Z,0.0
PO4 0AG,SEPD,HV,1,TU3106,180,2026-08-09T06:04:05Z,2026-08-09T06:04:05Z,0.0
PO4 0AH,SEPD,HV,1,TU3106,180,2026-08-09T06:04:05Z,2026-08-09T06:04:05Z,0.0
PO4 0AJ,SEPD,HV,1,TU3106,180,2026-08-09T06:04:05Z,2026-08-09T06:04:05Z,0.0
PO4 0AS,SEPD,HV,1,TU3106,180,2026-08-09T06:04:05Z,2026-08-09T06:04:05Z,0.0
PO4 0AU,SEPD,HV,1,TU3106,180,2026-08-09T06:04:05Z,2026-08-09T06:04:05Z,0.0
PO4 0AX,SEPD,HV,1,TU3106,180,2026-08-09T06:04:05Z,2026-08-09T06:04:05Z,0.0
PO4 0AY,SEPD,HV,1,TU3106,180,2026-08-09T06:04:05Z,2026-08-09T06:04:05Z,0.0
PO4 0AZ,SEPD,HV,1,TU3106,180,2026-08-09T06:04:05Z,2026-08-09T06:04:05Z,0.0
PO4 0BA,SEPD,HV,1,TU3106,180,2026-08-09T06:04:05Z,2026-08-09T06:04:05Z,0.0
PO4 0BB,SEPD,HV,1,TU3106,180,2026-08-09T06:04:05Z,2026-08-09T06:04:05Z,0.0
PO4 0BD,SEPD,HV,1,TU3106,180,2026-08-09T06:04:05Z,2026-08-09T06:04:05Z,0.0
PO4 0BG,SEPD,HV,1,TU3106,180,2026-08-09T06:04:05Z,2026-08-09T06:04:05Z,0.0
PO4 0BH,SEPD,HV,1,TU3106,180,2026-08-09T06:04:05Z,2026-08-09T06:04:05Z,0.0
PO4 0BJ,SEPD,HV,1,TU3106,180,2026-08-09T06:04:05Z,2026-08-09T06:04:05Z,0.0
PO4 0BL,SEPD,HV,1,TU3106,180,2026-08-09T06:04:05Z,2026-08-09T06:04:05Z,0.0
PO4 0BN,SEPD,HV,1,TU3106,180,2026-08-09T06:04:05Z,2026-08-09T06:04:05Z,0.0
PO4 0DB,SEPD,HV,1,TU3106,180,2026-08-09T06:04:05Z,2026-08-09T06:04:05Z,0.0
PO4 0DF,SEPD,HV,1,TU3106,180,2026-08-09T06:04:05Z,2026-08-09T06:04:05Z,0.0
PO4 0DN,SEPD,HV,1,TU3106,180,2026-08-09T06:04:05Z,2026-08-09T06:04:05Z,0.0
PO4 0EF,SEPD,HV,1,TU3106,180,2026-08-09T06:04:05Z,2026-08-09T06:04:05Z,0.0
PO4 0EG,SEPD,HV,1,TU3106,180,2026-08-09T06:04:05Z,2026-08-09T06:04:05Z,0.0
PO4 0EJ,SEPD,HV,1,TU3106,180,2026-08-09T06:04:05Z,2026-08-09T06:04:05Z,0.0
PO4 0EN,SEPD,HV,1,TU3106,180,2026-08-09T06:04:05Z,2026-08-09T06:04:05Z,0.0
PO4 0EW,SEPD,HV,1,TU3106,180,2026-08-09T06:04:05Z,2026-08-09T06:04:05Z,0.0
PO4 0HA,SEPD,HV,1,TU3106,180,2026-08-09T06:04:05Z,2026-08-09T06:04:05Z,0.0
PO4 0HB,SEPD,HV,1,TU3106,180,2026-08-09T06:04:05Z,2026-08-09T06:04:05Z,0.0
PO4 0HD,SEPD,HV,1,TU3106,180,2026-08-09T06:04:05Z,2026-08-09T06:04:05Z,0.0
PO4 0HF,SEPD,HV,1,TU3106,180,2026-08-09T06:04:05Z,2026-08-09T06:04:05Z,0.0
PO4 0HG,SEPD,HV,1,TU3106,180,2026-08-09T06:04:05Z,2026-08-09T06:04:05Z,0.0
PO4 9GD,SEPD,LV,1,TU5730,54,2026-08-10T23:08:32Z,2026-08-10T23:08:32Z,0.0
PO4 9JE,SEPD,LV,1,TU5730,54,2026-08-10T23:08:32Z,2026-08-10T23:08:32Z,0.0
PO4 9JG,SEPD,LV,1,TU5730,54,2026-08-10T23:08:32Z,2026-08-10T23:08:32Z,0.0
PO4 9LE,SEPD,LV,1,TU5730,54,2026-08-10T23:08:32Z,2026-08-10T23:08:32Z,0.0
PO4 9LF,SEPD,LV,1,TU5730,54,2026-08-10T23:08:32Z,2026-08-10T23:08:32Z,0.0
PO4 9SA,SEPD,LV,1,TU5730,54,2026-08-10T23:08:32Z,2026-08-10T23:08:32Z,0.0
PO4 9TT,SEPD,LV,1,TU5730,54,2026-08-10T23:08:32Z,2026-08-10T23:08:32Z,0.0
PO4 9TX,SEPD,LV,1,TU5730,54,2026-08-10T23:08:32Z,2026-08-10T23:08:32Z,0.0
PO5 1SH,SEPD,HV,1,TU3106,180,2026-08-09T06:04:05Z,2026-08-09T06:04:05Z,0.0
RG14 5AE,SEPD,LV,1,TU1744,26,2026-08-07T13:52:23Z,2026-08-07T13:52:23Z,0.0
RG14 5AQ,SEPD,LV,1,TU1744,26,2026-08-07T13:52:23Z,2026-08-07T13:52:23Z,0.0
RG14 5JH,SEPD,LV,1,TU1744,26,2026-08-07T13:52:23Z,2026-08-07T13:52:23Z,0.0
RG14 5LP,SEPD,LV,1,TU1744,26,2026-08-07T13:52:23Z,2026-08-07T13:52:23Z,0.0
RG14 5NJ,SEPD,LV,1,TU1744,26,2026-08-07T13:52:23Z,2026-08-07T13:52:23Z,0.0
RG14 5NP,SEPD,LV,1,TU1744,26,2026-08-07T13:52:23Z,2026-08-07T13:52:23Z,0.0
RG14 5NZ,SEPD,LV,1,TU1744,26,2026-08-07T13:52:23Z,2026-08-07T13:52:23Z,0.0
RG2 7BN,SEPD,LV,1,TT8597,17,2026-08-06T12:17:55Z,2026-08-06T12:17:55Z,0.0
RG2 7DB,SEPD,LV,1,TT8597,17,2026-08-06T12:17:55Z,2026-08-06T12:17:55Z,0.0
RG2 7DD,SEPD,LV,1,TT8597,17,2026-08-06T12:17:55Z,2026-08-06T12:17:55Z,0.0
RG2 7DG,SEPD,LV,1,TT8597,17,2026-08-06T12:17:55Z,2026-08-06T12:17:55Z,0.0
RG2 7DJ,SEPD,LV,1,TT8597,17,2026-08-06T14:40:54Z,2026-08-06T14:40:54Z,0.0
RG2 7DN,SEPD,LV,1,TT8597,17,2026-08-06T12:17:55Z,2026-08-06T12:17:55Z,0.0
RG2 7DQ,SEPD,LV,1,TT8597,17,2026-08-06T14:40:54Z,2026-08-06T14:40:54Z,0.0
RG2 7EA,SEPD,LV,1,TT8597,17,2026-08-06T12:17:55Z,2026-08-06T12:17:55Z,0.0
RG2 7EB,SEPD,LV,1,TT8597,17,2026-08-06T12:17:55Z,2026-08-06T12:17:55Z,0.0
RG2 7ND,SEPD,LV,1,TT8597,17,2026-08-06T12:17:55Z,2026-08-06T12:17:55Z,0.0
RG21 3BB,SEPD,LV,1,TU6389,13,2026-08-11T10:35:19Z,2026-08-11T10:35:19Z,0.0
RG21 3BD,SEPD,LV,1,TU6389,13,2026-08-11T10:35:19Z,2026-08-11T10:35:19Z,0.0
RG21 3BW,SEPD,LV,1,TU6389,13,2026-08-11T10:35:19Z,2026-08-11T10:35:19Z,0.0
RG22 4UR,SEPD,LV,1,TU2547,28,2026-08-08T12:01:39Z,2026-08-08T12:01:39Z,0.0
RG23 8LW,SEPD,LV,1,TU6979,12,2026-08-11T22:53:06Z,2026-08-11T22:53:06Z,0.0
RG31,SEPD,HV,1,TT8534,1344,2026-08-05T11:28:08Z,2026-08-05T11:28:08Z,0.0
RG31 5BP,SEPD,HV,1,TT8534,1344,2026-08-05T11:28:08Z,2026-08-05T11:28:08Z,0.0
RG31 5DR,SEPD,HV,1,TT8534,1344,2026-08-05T11:28:08Z,2026-08-05T11:28:08Z,0.0
RG31 5DU,SEPD,HV,1,TT8534,1344,2026-08-05T11:28:08Z,2026-08-05T11:28:08Z,0.0
RG31 5EF,SEPD,HV,1,TT8534,1344,2026-08-05T11:28:08Z,2026-08-05T11:28:08Z,0.0
RG31 5EH,SEPD,HV,1,TT8534,1344,2026-08-05T11:28:08Z,2026-08-05T11:28:08Z,0.0
RG31 5QB,SEPD,HV,1,TT8534,1344,2026-08-05T11:28:08Z,2026-08-05T11:28:08Z,0.0
RG31 5QE,SEPD,HV,1,TT8534,1344,2026-08-05T11:28:08Z,2026-08-05T11:28:08Z,0.0
RG31 5QF,SEPD,HV,1,TT8534,1344,2026-08-05T11:28:08Z,2026-08-05T11:28:08Z,0.0
RG31 5UB,SEPD,HV,1,TT8534,1344,2026-08-05T11:28:08Z,2026-08-05T11:28:08Z,0.0
RG31 5UG,SEPD,HV,1,TT8534,1344,2026-08-05T11:28:08Z,2026-08-05T11:28:08Z,0.0
RG31 5UJ,SEPD,HV,1,TT8534,1344,2026-08-05T11:28:08Z,2026-08-05T11:28:08Z,0.0
RG31 5WA,SEPD,HV,1,TT8534,1344,2026-08-05T11:28:08Z,2026-08-05T11:28:08Z,0.0
RG31 5WB,SEPD,HV,1,TT8534,1344,2026-08-05T11:28:08Z,2026-08-05T11:28:08Z,0.0
RG31 5WD,SEPD,HV,1,TT8534,1344,2026-08-05T11:28:08Z,2026-08-05T11:28:08Z,0.0
RG31 5WE,SEPD,HV,1,TT8534,1344,2026-08-05T11:28:08Z,2026-08-05T11:28:08Z,0.0
RG31 5WF,SEPD,HV,1,TT8534,1344,2026-08-05T11:28:08Z,2026-08-05T11:28:08Z,0.0
RG31 5WG,SEPD,HV,1,TT8534,1344,2026-08-05T11:28:08Z,2026-08-05T11:28:08Z,0.0
RG31 5WH,SEPD,HV,1,TT8534,1344,2026-08-05T11:28:08Z,2026-08-05T11:28:08Z,0.0
RG31 5WJ,SEPD,HV,1,TT8534,1344,2026-08-05T11:28:08Z,2026-08-05T11:28:08Z,0.0
RG31 5WQ,SEPD,HV,1,TT8534,1344,2026-08-05T11:28:08Z,2026-08-05T11:28:08Z,0.0
RG31 6FA,SEPD,HV,1,TT8534,1344,2026-08-05T11:28:08Z,2026-08-05T11:28:08Z,0.0
RG31 6FB,SEPD,HV,1,TT8534,1344,2026-08-05T11:28:08Z,2026-08-05T11:28:08Z,0.0
RG31 6FE,SEPD,HV,1,TT8534,1344,2026-08-05T11:28:08Z,2026-08-05T11:28:08Z,0.0
RG31 6FF,SEPD,HV,1,TT8534,1344,2026-08-05T11:28:08Z,2026-08-05T11:28:08Z,0.0
RG31 6FG,SEPD,HV,1,TT8534,1344,2026-08-05T11:28:08Z,2026-08-05T11:28:08Z,0.0
RG31 6FH,SEPD,HV,1,TT8534,1344,2026-08-05T11:28:08Z,2026-08-05T11:28:08Z,0.0
RG31 6FJ,SEPD,HV,1,TT8534,1344,2026-08-05T11:28:08Z,2026-08-05T11:28:08Z,0.0
RG31 6FL,SEPD,HV,1,TT8534,1344,2026-08-05T11:28:08Z,2026-08-05T11:28:08Z,0.0
RG31 6FN,SEPD,HV,1,TT8534,1344,2026-08-05T11:28:08Z,2026-08-05T11:28:08Z,0.0
RG31 6FP,SEPD,HV,1,TT8534,1344,2026-08-05T11:28:08Z,2026-08-05T11:28:08Z,0.0
RG31 6FQ,SEPD,HV,1,TT8534,1344,2026-08-05T11:28:08Z,2026-08-05T11:28:08Z,0.0
RG31 6FR,SEPD,HV,1,TT8534,1344,2026-08-05T11:28:08Z,2026-08-05T11:28:08Z,0.0
RG31 6FS,SEPD,HV,1,TT8534,1344,2026-08-05T11:28:08Z,2026-08-05T11:28:08Z,0.0
RG31 6FU,SEPD,HV,1,TT8534,1344,2026-08-05T11:28:08Z,2026-08-05T11:28:08Z,0.0
RG31 6FW,SEPD,HV,1,TT8534,1344,2026-08-05T11:28:08Z,2026-08-05T11:28:08Z,0.0
RG31 6FY,SEPD,HV,1,TT8534,1344,2026-08-05T11:28:08Z,2026-08-05T11:28:08Z,0.0
RG31 6GP,SEPD,HV,1,TT8534,1344,2026-08-05T11:28:08Z,2026-08-05T11:28:08Z,0.0
RG31 6HA,SEPD,HV,1,TT8534,1344,2026-08-05T11:28:08Z,2026-08-05T11:28:08Z,0.0
RG31 6HB,SEPD,HV,1,TT8534,1344,2026-08-05T11:28:08Z,2026-08-05T11:28:08Z,0.0
RG31 6HF,SEPD,HV,1,TT8534,1344,2026-08-05T11:28:08Z,2026-08-05T11:28:08Z,0.0
RG31 6HH,SEPD,HV,1,TT8534,1344,2026-08-05T11:28:08Z,2026-08-05T11:28:08Z,0.0
RG31 6HJ,SEPD,HV,1,TT8534,1344,2026-08-05T11:28:08Z,2026-08-05T11:28:08Z,0.0
RG31 6HL,SEPD,HV,1,TT8534,1344,2026-08-05T11:28:08Z,2026-08-05T11:28:08Z,0.0
RG31 6HU,SEPD,HV,1,TT8534,1344,2026-08-05T11:28:08Z,2026-08-05T11:28:08Z,0.0
RG31 6JL,SEPD,HV,1,TT8534,1344,2026-08-05T11:28:08Z,2026-08-05T11:28:08Z,0.0
RG31 6JN,SEPD,HV,1,TT8534,1344,2026-08-05T11:28:08Z,2026-08-05T11:28:08Z,0.0
RG31 6JP,SEPD,HV,1,TT8534,1344,2026-08-05T11:28:08Z,2026-08-05T11:28:08Z,0.0
RG31 6JQ,SEPD,HV,1,TT8534,1344,2026-08-05T11:28:08Z,2026-08-05T11:28:08Z,0.0
RG31 6JR,SEPD,HV,1,TT8534,1344,2026-08-05T11:28:08Z,2026-08-05T11:28:08Z,0.0
RG31 6QY,SEPD,HV,1,TT8534,1344,2026-08-05T11:28:08Z,2026-08-05T11:28:08Z,0.0
RG31 6UA,SEPD,HV,1,TT8534,1344,2026-08-05T11:28:08Z,2026-08-05T11:28:08Z,0.0
RG31 6UB,SEPD,HV,1,TT8534,1344,2026-08-05T11:28:08Z,2026-08-05T11:28:08Z,0.0
RG31 6UG,SEPD,HV,1,TT8534,1344,2026-08-05T11:28:08Z,2026-08-05T11:28:08Z,0.0
RG31 6XY,SEPD,HV,1,TT8534,1344,2026-08-05T11:28:08Z,2026-08-05T11:28:08Z,0.0
RG31 6XZ,SEPD,HV,1,TT8534,1344,2026-08-05T11:28:08Z,2026-08-05T11:28:08Z,0.0
RG31 6YB,SEPD,HV,1,TT8534,1344,2026-08-05T11:28:08Z,2026-08-05T11:28:08Z,0.0
RG31 6YF,SEPD,HV,1,TT8534,1344,2026-08-05T11:28:08Z,2026-08-05T11:28:08Z,0.0
RG31 6YJ,SEPD,HV,1,TT8534,1344,2026-08-05T11:28:08Z,2026-08-05T11:28:08Z,0.0
RG31 6YL,SEPD,HV,1,TT8534,1344,2026-08-05T11:28:08Z,2026-08-05T11:28:08Z,0.0
RG31 6YN,SEPD,HV,1,TT8534,1344,2026-08-05T11:28:08Z,2026-08-05T11:28:08Z,0.0
RG31 6YT,SEPD,HV,1,TT8534,1344,2026-08-05T11:28:08Z,2026-08-05T11:28:08Z,0.0
RG31 6YU,SEPD,HV,1,TT8534,1344,2026-08-05T11:28:08Z,2026-08-05T11:28:08Z,0.0
RG31 6YW,SEPD,HV,1,TT8534,1344,2026-08-05T11:28:08Z,2026-08-05T11:28:08Z,0.0
RG31 6YX,SEPD,HV,1,TT8534,1344,2026-08-05T11:28:08Z,2026-08-05T11:28:08Z,0.0
RG31 6YY,SEPD,HV,1,TT8534,1344,2026-08-05T11:28:08Z,2026-08-05T11:28:08Z,0.0
RG31 6YZ,SEPD,HV,1,TT8534,1344,2026-08-05T11:28:08Z,2026-08-05T11:28:08Z,0.0
RG31 6ZX,SEPD,HV,1,TT8534,1344,2026-08-05T11:28:08Z,2026-08-05T11:28:08Z,0.0
RG31 6ZY,SEPD,HV,1,TT8534,1344,2026-08-05T11:28:08Z,2026-08-05T11:28:08Z,0.0
RG31 6ZZ,SEPD,HV,1,TT8534,1344,2026-08-05T11:28:08Z,2026-08-05T11:28:08Z,0.0
RG6 5SG,SEPD,LV,1,TT8597,17,2026-08-06T14:40:54Z,2026-08-06T14:40:54Z,0.0
RG7 6AB,SEPD,PSI,1,253571,40,2026-08-10T09:47:46Z,2026-08-10T09:47:46Z,0.0
RG7 6AF,SEPD,PSI,1,253571,40,2026-08-10T09:47:46Z,2026-08-10T09:47:46Z,0.0
RG7 6AG,SEPD,PSI,1,253571,40,2026-08-10T09:47:46Z,2026-08-10T09:47:46Z,0.0
RG7 6AT,SEPD,PSI,1,253571,40,2026-08-10T09:47:46Z,2026-08-10T09:47:46Z,0.0
RG7 6AU,SEPD,PSI,1,253571,40,2026-08-10T09:47:46Z,2026-08-10T09:47:46Z,0.0
RG7 6AY,SEPD,PSI,1,253571,40,2026-08-10T09:47:46Z,2026-08-10T09:47:46Z,0.0
RG7 6BA,SEPD,PSI,1,253571,40,2026-08-10T09:47:46Z,2026-08-10T09:47:46Z,0.0
RG7 6JA,SEPD,PSI,1,253571,40,2026-08-10T09:47:46Z,2026-08-10T09:47:46Z,0.0
RG7 6JB,SEPD,PSI,1,253571,40,2026-08-10T09:47:46Z,2026-08-10T09:47:46Z,0.0
RG8 0BU,SEPD,HV,1,TU6110,459,2026-08-11T08:40:02Z,2026-08-11T08:40:02Z,0.0
RG8 0NZ,SEPD,HV,1,TU6110,459,2026-08-11T08:40:02Z,2026-08-11T08:40:02Z,0.0
RG8 0PH,SEPD,HV,1,TU6110,459,2026-08-11T08:40:02Z,2026-08-11T08:40:02Z,0.0
RG8 0PJ,SEPD,HV,1,TU6110,459,2026-08-11T08:40:02Z,2026-08-11T08:40:02Z,0.0
RG8 0QU,SEPD,HV,1,TU6110,459,2026-08-11T08:40:02Z,2026-08-11T08:40:02Z,0.0
RG8 0QX,SEPD,HV,1,TU6110,459,2026-08-11T08:40:02Z,2026-08-11T08:40:02Z,0.0
RG8 0QY,SEPD,HV,1,TU6110,459,2026-08-11T08:40:02Z,2026-08-11T08:40:02Z,0.0
RG8 0QZ,SEPD,HV,1,TU6110,459,2026-08-11T08:40:02Z,2026-08-11T08:40:02Z,0.0
RG8 0RB,SEPD,HV,1,TU6110,459,2026-08-11T08:40:02Z,2026-08-11T08:40:02Z,0.0
RG8 0RD,SEPD,HV,1,TU6110,459,2026-08-11T08:40:02Z,2026-08-11T08:40:02Z,0.0
RG8 0RE,SEPD,HV,1,TU6110,459,2026-08-11T08:40:02Z,2026-08-11T08:40:02Z,0.0
RG8 0RG,SEPD,HV,1,TU6110,459,2026-08-11T08:40:02Z,2026-08-11T08:40:02Z,0.0
RG8 0RH,SEPD,HV,1,TU6110,459,2026-08-11T08:40:02Z,2026-08-11T08:40:02Z,0.0
RG8 0RJ,SEPD,HV,1,TU6110,459,2026-08-11T08:40:02Z,2026-08-11T08:40:02Z,0.0
RG8 0RQ,SEPD,HV,1,TU6110,459,2026-08-11T08:40:02Z,2026-08-11T08:40:02Z,0.0
RG8 0RS,SEPD,HV,1,TU6110,459,2026-08-11T08:40:02Z,2026-08-11T08:40:02Z,0.0
RG8 0RU,SEPD,HV,1,TU6110,459,2026-08-11T08:40:02Z,2026-08-11T08:40:02Z,0.0
RG8 0RW,SEPD,HV,1,TU6110,459,2026-08-11T08:40:02Z,2026-08-11T08:40:02Z,0.0
RG8 0RX,SEPD,HV,1,TU6110,459,2026-08-11T08:40:02Z,2026-08-11T08:40:02Z,0.0
RG8 0RZ,SEPD,HV,1,TU6110,459,2026-08-11T08:40:02Z,2026-08-11T08:40:02Z,0.0
RG8 0SA,SEPD,HV,1,TU6110,459,2026-08-11T08:40:02Z,2026-08-11T08:40:02Z,0.0
RG8 0SB,SEPD,HV,1,TU6110,459,2026-08-11T08:40:02Z,2026-08-11T08:40:02Z,0.0
RG8 0SF,SEPD,HV,1,TU6110,459,2026-08-11T08:40:02Z,2026-08-11T08:40:02Z,0.0
RG8 0SG,SEPD,HV,1,TU6110,459,2026-08-11T08:40:02Z,2026-08-11T08:40:02Z,0.0
RG8 0SH,SEPD,HV,1,TU6110,459,2026-08-11T08:40:02Z,2026-08-11T08:40:02Z,0.0
RG8 0SJ,SEPD,HV,1,TU6110,459,2026-08-11T08:40:02Z,2026-08-11T08:40:02Z,0.0
RG8 0SL,SEPD,HV,1,TU6110,459,2026-08-11T08:40:02Z,2026-08-11T08:40:02Z,0.0
RG8 0SN,SEPD,HV,1,TU6110,459,2026-08-11T08:40:02Z,2026-08-11T08:40:02Z,0.0
RG8 0SQ,SEPD,HV,1,TU6110,459,2026-08-11T08:40:02Z,2026-08-11T08:40:02Z,0.0
RG8 0SW,SEPD,HV,1,TU6110,459,2026-08-11T08:40:02Z,2026-08-11T08:40:02Z,0.0
RG8 0SZ,SEPD,HV,1,TU6110,459,2026-08-11T08:40:02Z,2026-08-11T08:40:02Z,0.0
RG8 0UA,SEPD,HV,1,TU6110,459,2026-08-11T08:40:02Z,2026-08-11T08:40:02Z,0.0
RG8 0UF,SEPD,HV,1,TU6110,459,2026-08-11T08:40:02Z,2026-08-11T08:40:02Z,0.0
RG8 0UX,SEPD,HV,1,TU6110,459,2026-08-11T08:40:02Z,2026-08-11T08:40:02Z,0.0
RG8 0UY,SEPD,HV,1,TU6110,459,2026-08-11T08:40:02Z,2026-08-11T08:40:02Z,0.0
RG8 0UZ,SEPD,HV,1,TU6110,459,2026-08-11T08:40:02Z,2026-08-11T08:40:02Z,0.0
RG8 7HT,SEPD,PSI,1,252668,4,2026-08-11T08:40:02Z,2026-08-11T08:40:02Z,0.0
RG8 7JS,SEPD,PSI,1,252668,4,2026-08-11T08:40:02Z,2026-08-11T08:40:02Z,0.0
RG8 7JU,SEPD,PSI,1,252668,4,2026-08-11T08:40:02Z,2026-08-11T08:40:02Z,0.0
RG8 7JX,SEPD,PSI,1,252668,4,2026-08-11T08:40:02Z,2026-08-11T08:40:02Z,0.0
RG8 7JY,SEPD,PSI,1,252668,4,2026-08-11T08:40:02Z,2026-08-11T08:40:02Z,0.0
RG8 7LB,SEPD,PSI,1,252668,4,2026-08-11T08:40:02Z,2026-08-11T08:40:02Z,0.0
RG8 7LH,SEPD,PSI,1,252668,4,2026-08-11T08:40:02Z,2026-08-11T08:40:02Z,0.0
RG8 7LJ,SEPD,PSI,1,252668,4,2026-08-11T08:40:02Z,2026-08-11T08:40:02Z,0.0
RG8 8EW,SEPD,HV,1,TT8534,1344,2026-08-05T11:28:08Z,2026-08-05T11:28:08Z,0.0
SL3 7SD,SEPD,LV,1,TT9589,19,2026-08-06T10:04:33Z,2026-08-06T10:04:33Z,0.0
SL3 7SH,SEPD,LV,1,TT9589,19,2026-08-06T10:04:33Z,2026-08-06T10:04:33Z,0.0
SL3 7SJ,SEPD,LV,1,TT9589,19,2026-08-06T10:04:33Z,2026-08-06T10:04:33Z,0.0
SL4 3QL,SEPD,LV,1,TT9692,47,2026-08-06T10:04:33Z,2026-08-06T10:04:33Z,0.0
SL4 3QN,SEPD,LV,1,TT9692,47,2026-08-06T10:04:33Z,2026-08-06T10:04:33Z,0.0
SL4 3QP,SEPD,LV,1,TT9692,47,2026-08-06T10:04:33Z,2026-08-06T10:04:33Z,0.0
SL4 3QR,SEPD,LV,1,TT9692,47,2026-08-06T10:04:33Z,2026-08-06T10:04:33Z,0.0
SL4 3QU,SEPD,LV,1,TT9692,47,2026-08-06T10:04:33Z,2026-08-06T10:04:33Z,0.0
SL4 3QW,SEPD,LV,1,TT9692,47,2026-08-06T10:04:33Z,2026-08-06T10:04:33Z,0.0
SL4 3SB,SEPD,LV,1,TT9692,47,2026-08-06T10:04:33Z,2026-08-06T10:04:33Z,0.0
SL4 3SD,SEPD,LV,1,TT9692,47,2026-08-06T10:04:33Z,2026-08-06T10:04:33Z,0.0
SL4 3ST,SEPD,LV,1,TT9692,47,2026-08-06T10:04:33Z,2026-08-06T10:04:33Z,0.0
SL4 3TD,SEPD,LV,1,TT9692,47,2026-08-06T10:04:33Z,2026-08-06T10:04:33Z,0.0
SL4 5AZ,SEPD,LV,1,TT9692,47,2026-08-06T10:04:33Z,2026-08-06T10:04:33Z,0.0
SL4 5BQ,SEPD,LV,1,TT9692,47,2026-08-06T10:04:33Z,2026-08-06T10:04:33Z,0.0
SL6 3PJ,SEPD,LV,1,TT9413,7,2026-08-06T01:06:00Z,2026-08-06T01:06:00Z,0.0
SL6 3PL,SEPD,LV,1,TT9413,7,2026-08-06T01:06:00Z,2026-08-06T01:06:00Z,0.0
SL6 3PP,SEPD,LV,1,TT9413,7,2026-08-06T01:06:00Z,2026-08-06T01:06:00Z,0.0
SL7 3RF,SEPD,HV,1,TU7298,5,2026-08-11T21:02:39Z,2026-08-11T21:02:39Z,0.0
SN10 1DX,SEPD,PSI,1,254021,14,2026-08-06T10:04:33Z,2026-08-06T10:04:33Z,0.0
SN10 1DY,SEPD,PSI,1,254021,14,2026-08-06T10:04:33Z,2026-08-06T10:04:33Z,0.0
SN10 1EA,SEPD,PSI,1,254021,14,2026-08-06T10:04:33Z,2026-08-06T10:04:33Z,0.0
SN10 1FE,SEPD,PSI,1,254021,14,2026-08-06T10:04:33Z,2026-08-06T10:04:33Z,0.0
SN10 2QH,SEPD,HV,1,TU3328,156,2026-08-09T09:01:10Z,2026-08-09T09:01:10Z,0.0
SN13,SEPD,HV,1,TU3328,156,2026-08-09T09:01:10Z,2026-08-09T09:01:10Z,0.0
SN13 9AA,SEPD,HV,1,TU3328,156,2026-08-09T09:01:10Z,2026-08-09T09:01:10Z,0.0
SN13 9AD,SEPD,HV,1,TU3328,156,2026-08-09T09:01:10Z,2026-08-09T09:01:10Z,0.0
SN13 9AE,SEPD,HV,1,TU3328,156,2026-08-09T09:01:10Z,2026-08-09T09:01:10Z,0.0
SN13 9AF,SEPD,HV,1,TU3328,156,2026-08-09T09:01:10Z,2026-08-09T09:01:10Z,0.0
SN13 9AG,SEPD,HV,1,TU3328,156,2026-08-09T09:01:10Z,2026-08-09T09:01:10Z,0.0
SN13 9AL,SEPD,HV,1,TU3328,156,2026-08-09T09:01:10Z,2026-08-09T09:01:10Z,0.0
SN13 9AN,SEPD,HV,1,TU3328,156,2026-08-09T09:01:10Z,2026-08-09T09:01:10Z,0.0
SN13 9AP,SEPD,HV,1,TU3328,156,2026-08-09T09:01:10Z,2026-08-09T09:01:10Z,0.0
SN13 9AQ,SEPD,HV,1,TU3328,156,2026-08-09T09:01:10Z,2026-08-09T09:01:10Z,0.0
SN13 9AR,SEPD,HV,1,TU3328,156,2026-08-09T09:01:10Z,2026-08-09T09:01:10Z,0.0
SN13 9AS,SEPD,HV,1,TU3328,156,2026-08-09T09:01:10Z,2026-08-09T09:01:10Z,0.0
SN13 9AT,SEPD,HV,1,TU3328,156,2026-08-09T09:01:10Z,2026-08-09T09:01:10Z,0.0
SN13 9AU,SEPD,HV,1,TU3328,156,2026-08-09T09:01:10Z,2026-08-09T09:01:10Z,0.0
SN13 9AW,SEPD,HV,1,TU3328,156,2026-08-09T09:01:10Z,2026-08-09T09:01:10Z,0.0
SN13 9AY,SEPD,HV,1,TU3328,156,2026-08-09T09:01:10Z,2026-08-09T09:01:10Z,0.0
SN13 9AZ,SEPD,HV,1,TU3328,156,2026-08-09T09:01:10Z,2026-08-09T09:01:10Z,0.0
SN13 9FT,SEPD,HV,1,TU3328,156,2026-08-09T09:01:10Z,2026-08-09T09:01:10Z,0.0
SN13 9HT,SEPD,HV,1,TU3328,156,2026-08-09T09:01:10Z,2026-08-09T09:01:10Z,0.0
SN13 9HX,SEPD,HV,1,TU3328,156,2026-08-09T09:01:10Z,2026-08-09T09:01:10Z,0.0
SN13 9HZ,SEPD,HV,1,TU3328,156,2026-08-09T09:01:10Z,2026-08-09T09:01:10Z,0.0
SN13 9JA,SEPD,HV,1,TU3328,156,2026-08-09T09:01:10Z,2026-08-09T09:01:10Z,0.0
SN13 9JB,SEPD,HV,1,TU3328,156,2026-08-09T09:01:10Z,2026-08-09T09:01:10Z,0.0
SN13 9JD,SEPD,HV,1,TU3328,156,2026-08-09T09:01:10Z,2026-08-09T09:01:10Z,0.0
SN13 9JE,SEPD,HV,1,TU3328,156,2026-08-09T09:01:10Z,2026-08-09T09:01:10Z,0.0
SN13 9JF,SEPD,HV,1,TU3328,156,2026-08-09T09:01:10Z,2026-08-09T09:01:10Z,0.0
SN13 9JG,SEPD,HV,1,TU3328,156,2026-08-09T09:01:10Z,2026-08-09T09:01:10Z,0.0
SN13 9JH,SEPD,HV,1,TU3328,156,2026-08-09T09:01:10Z,2026-08-09T09:01:10Z,0.0
SN13 9JL,SEPD,HV,1,TU3328,156,2026-08-09T09:01:10Z,2026-08-09T09:01:10Z,0.0
SN13 9JN,SEPD,HV,1,TU3328,156,2026-08-09T09:01:10Z,2026-08-09T09:01:10Z,0.0
SN13 9JP,SEPD,HV,1,TU3328,156,2026-08-09T09:01:10Z,2026-08-09T09:01:10Z,0.0
SN13 9JQ,SEPD,HV,1,TU3328,156,2026-08-09T09:01:10Z,2026-08-09T09:01:10Z,0.0
SN13 9JR,SEPD,HV,1,TU3328,156,2026-08-09T09:01:10Z,2026-08-09T09:01:10Z,0.0
SN13 9JS,SEPD,HV,1,TU3328,156,2026-08-09T09:01:10Z,2026-08-09T09:01:10Z,0.0
SN13 9JW,SEPD,HV,1,TU3328,156,2026-08-09T09:01:10Z,2026-08-09T09:01:10Z,0.0
SN13 9PF,SEPD,HV,1,TU3328,156,2026-08-09T09:01:10Z,2026-08-09T09:01:10Z,0.0
SN13 9US,SEPD,HV,1,TU3328,156,2026-08-09T09:01:10Z,2026-08-09T09:01:10Z,0.0
SN13 9YW,SEPD,HV,1,TU3328,156,2026-08-09T09:01:10Z,2026-08-09T09:01:10Z,0.0
SN15 2FA,SEPD,HV,1,TU3328,156,2026-08-09T09:01:10Z,2026-08-09T09:01:10Z,0.0
SN15 2JU,SEPD,HV,1,TU3328,156,2026-08-09T09:01:10Z,2026-08-09T09:01:10Z,0.0
SN15 2JX,SEPD,HV,1,TU3328,156,2026-08-09T09:01:10Z,2026-08-09T09:01:10Z,0.0
SN15 2JY,SEPD,HV,1,TU3328,156,2026-08-09T09:01:10Z,2026-08-09T09:01:10Z,0.0
SN15 2JZ,SEPD,HV,1,TU3328,156,2026-08-09T09:01:10Z,2026-08-09T09:01:10Z,0.0
SN15 2LA,SEPD,HV,1,TU3328,156,2026-08-09T09:01:10Z,2026-08-09T09:01:10Z,0.0
SN15 2LB,SEPD,HV,1,TU3328,156,2026-08-09T09:01:10Z,2026-08-09T09:01:10Z,0.0
SN15 2LD,SEPD,HV,1,TU3328,156,2026-08-09T09:01:10Z,2026-08-09T09:01:10Z,0.0
SN15 2LE,SEPD,HV,1,TU3328,156,2026-08-09T09:01:10Z,2026-08-09T09:01:10Z,0.0
SN15 2LF,SEPD,HV,1,TU3328,156,2026-08-09T09:01:10Z,2026-08-09T09:01:10Z,0.0
SN15 2LG,SEPD,HV,1,TU3328,156,2026-08-09T09:01:10Z,2026-08-09T09:01:10Z,0.0
SN15 2LH,SEPD,HV,1,TU3328,156,2026-08-09T09:01:10Z,2026-08-09T09:01:10Z,0.0
SN15 2LL,SEPD,HV,1,TU3328,156,2026-08-09T09:01:10Z,2026-08-09T09:01:10Z,0.0
SN15 2LP,SEPD,HV,1,TU3328,156,2026-08-09T09:01:10Z,2026-08-09T09:01:10Z,0.0
SN15 2LQ,SEPD,HV,1,TU3328,156,2026-08-09T09:01:10Z,2026-08-09T09:01:10Z,0.0
SN15 2LR,SEPD,HV,1,TU3328,156,2026-08-09T09:01:10Z,2026-08-09T09:01:10Z,0.0
SN15 2LS,SEPD,HV,1,TU3328,156,2026-08-09T09:01:10Z,2026-08-09T09:01:10Z,0.0
SN15 2LT,SEPD,HV,1,TU3328,156,2026-08-09T09:01:10Z,2026-08-09T09:01:10Z,0.0
SN15 2LW,SEPD,HV,1,TU3328,156,2026-08-09T09:01:10Z,2026-08-09T09:01:10Z,0.0
SN15 2LY,SEPD,HV,1,TU3328,156,2026-08-09T09:01:10Z,2026-08-09T09:01:10Z,0.0
SN15 2NB,SEPD,HV,1,TU3328,156,2026-08-09T09:01:10Z,2026-08-09T09:01:10Z,0.0
SN15 2NF,SEPD,HV,1,TU3328,156,2026-08-09T09:01:10Z,2026-08-09T09:01:10Z,0.0
SN15 2NW,SEPD,HV,1,TU3328,156,2026-08-09T09:01:10Z,2026-08-09T09:01:10Z,0.0
SN15 2NY,SEPD,HV,1,TU3328,156,2026-08-09T09:01:10Z,2026-08-09T09:01:10Z,0.0
SN15 2NZ,SEPD,HV,1,TU3328,156,2026-08-09T09:01:10Z,2026-08-09T09:01:10Z,0.0
SN15 2PB,SEPD,HV,1,TU3328,156,2026-08-09T09:01:10Z,2026-08-09T09:01:10Z,0.0
SN15 2PD,SEPD,HV,1,TU3328,156,2026-08-09T09:01:10Z,2026-08-09T09:01:10Z,0.0
SN15 2PE,SEPD,HV,1,TU3328,156,2026-08-09T09:01:10Z,2026-08-09T09:01:10Z,0.0
SN15 2PF,SEPD,HV,1,TU3328,156,2026-08-09T09:01:10Z,2026-08-09T09:01:10Z,0.0
SN15 2PG,SEPD,HV,1,TU3328,156,2026-08-09T09:01:10Z,2026-08-09T09:01:10Z,0.0
SN15 2PH,SEPD,HV,1,TU3328,156,2026-08-09T09:01:10Z,2026-08-09T09:01:10Z,0.0
SN15 2PJ,SEPD,HV,1,TU3328,156,2026-08-09T09:01:10Z,2026-08-09T09:01:10Z,0.0
SN15 2PL,SEPD,HV,1,TU3328,156,2026-08-09T09:01:10Z,2026-08-09T09:01:10Z,0.0
SN15 2PQ,SEPD,HV,1,TU3328,156,2026-08-09T09:01:10Z,2026-08-09T09:01:10Z,0.0
SN15 2PW,SEPD,HV,1,TU3328,156,2026-08-09T09:01:10Z,2026-08-09T09:01:10Z,0.0
SN15 2QH,SEPD,HV,1,TU3328,156,2026-08-09T09:01:10Z,2026-08-09T09:01:10Z,0.0
SN15 2QJ,SEPD,HV,1,TU3328,156,2026-08-09T09:01:10Z,2026-08-09T09:01:10Z,0.0
SN15 2QL,SEPD,HV,1,TU3328,156,2026-08-09T09:01:10Z,2026-08-09T09:01:10Z,0.0
SN15 2RL,SEPD,HV,1,TU3328,156,2026-08-09T09:01:10Z,2026-08-09T09:01:10Z,0.0
SN15 2RQ,SEPD,HV,1,TU3328,156,2026-08-09T09:01:10Z,2026-08-09T09:01:10Z,0.0
SN15 2RW,SEPD,HV,1,TU3328,156,2026-08-09T09:01:10Z,2026-08-09T09:01:10Z,0.0
SN16 0EY,SEPD,PSI,1,253348,12,2026-08-10T09:47:46Z,2026-08-10T09:47:46Z,0.0
SN16 0EZ,SEPD,PSI,1,253348,12,2026-08-10T09:47:46Z,2026-08-10T09:47:46Z,0.0
SN25,SEPD,HV,1,TU3328,156,2026-08-09T09:01:10Z,2026-08-09T09:01:10Z,0.0
SN3 6BB,SEPD,LV,1,TT7999,15,2026-08-05T06:12:25Z,2026-08-05T06:12:25Z,0.0
SN3 6LR,SEPD,LV,1,TT7999,15,2026-08-05T06:12:25Z,2026-08-05T06:12:25Z,0.0
SN3 6LS,SEPD,LV,1,TT7999,15,2026-08-05T06:12:25Z,2026-08-05T06:12:25Z,0.0
SN4 0QB,SEPD,HV,1,TU5788,5,2026-08-11T02:53:16Z,2026-08-11T02:53:16Z,0.0
SN4 0QQ,SEPD,HV,1,TU5788,5,2026-08-11T02:53:16Z,2026-08-11T02:53:16Z,0.0
SN7 7HE,SEPD,LV,1,TT9420,30,2026-08-06T01:06:00Z,2026-08-06T01:06:00Z,0.0
SN7 7HF,SEPD,LV,1,TT9420,30,2026-08-06T01:06:00Z,2026-08-06T01:06:00Z,0.0
SN7 7HG,SEPD,LV,1,TT9420,30,2026-08-06T01:06:00Z,2026-08-06T01:06:00Z,0.0
SN7 7HH,SEPD,LV,1,TT9420,30,2026-08-06T01:06:00Z,2026-08-06T01:06:00Z,0.0
SN7 7HJ,SEPD,LV,1,TT9420,30,2026-08-06T01:06:00Z,2026-08-06T01:06:00Z,0.0
SN7 7HQ,SEPD,LV,1,TT9420,30,2026-08-06T01:06:00Z,2026-08-06T01:06:00Z,0.0
SN7 7HU,SEPD,LV,1,TT9420,30,2026-08-06T01:06:00Z,2026-08-06T01:06:00Z,0.0
SN7 7HY,SEPD,LV,1,TT9420,30,2026-08-06T01:06:00Z,2026-08-06T01:06:00Z,0.0
SN7 7JA,SEPD,LV,1,TT9420,30,2026-08-06T01:06:00Z,2026-08-06T01:06:00Z,0.0
SN7 7JJ,SEPD,LV,1,TT9420,30,2026-08-06T01:06:00Z,2026-08-06T01:06:00Z,0.0
SN7 7JT,SEPD,LV,1,TT9420,30,2026-08-06T01:06:00Z,2026-08-06T01:06:00Z,0.0
SO15 5PJ,SEPD,LV,1,TU6828,13,2026-08-11T17:12:25Z,2026-08-11T17:12:25Z,0.0
SO15 5PN,SEPD,LV,1,TU6828,13,2026-08-11T17:12:25Z,2026-08-11T17:12:25Z,0.0
SO15 8NZ,SEPD,HV,1,TU0923,2122,2026-08-07T03:21:07Z,2026-08-07T03:21:07Z,0.0
SO16 8GA,SEPD,LV,1,TT7951,10,2026-08-05T03:40:42Z,2026-08-05T03:40:42Z,0.0
SO16 8GG,SEPD,LV,1,TT7951,10,2026-08-05T03:40:42Z,2026-08-05T03:40:42Z,0.0
SO18 3AF,SEPD,HV,1,TU0923,2122,2026-08-07T03:21:07Z,2026-08-07T03:21:07Z,0.0
SO20 8AA,SEPD,LV,1,TT8066,4,2026-08-05T09:07:24Z,2026-08-05T09:07:24Z,0.0
SO20 8AB,SEPD,LV,1,TT8066,4,2026-08-05T09:07:24Z,2026-08-05T09:07:24Z,0.0
SO20 8AD,SEPD,LV,1,TT8066,4,2026-08-05T09:07:24Z,2026-08-05T09:07:24Z,0.0
SO30 2EF,SEPD,HV,1,TU0923,2122,2026-08-07T03:21:07Z,2026-08-07T03:21:07Z,0.0
SO30 2GL,SEPD,HV,1,TU0923,2122,2026-08-07T03:21:07Z,2026-08-07T03:21:07Z,0.0
SO30 2HF,SEPD,HV,1,TU0923,2122,2026-08-07T03:21:07Z,2026-08-07T03:21:07Z,0.0
SO30 2HG,SEPD,HV,1,TU0923,2122,2026-08-07T03:21:07Z,2026-08-07T03:21:07Z,0.0
SO30 2HH,SEPD,HV,1,TU0923,2122,2026-08-07T03:21:07Z,2026-08-07T03:21:07Z,0.0
SO30 2HL,SEPD,HV,1,TU0923,2122,2026-08-07T03:21:07Z,2026-08-07T03:21:07Z,0.0
SO30 2HU,SEPD,HV,1,TU0923,2122,2026-08-07T03:21:07Z,2026-08-07T03:21:07Z,0.0
SO30 2JP,SEPD,HV,1,TU0923,2122,2026-08-07T03:21:07Z,2026-08-07T03:21:07Z,0.0
SO30 2PA,SEPD,HV,1,TU0923,2122,2026-08-07T03:21:07Z,2026-08-07T03:21:07Z,0.0
SO30 2QY,SEPD,HV,1,TU0923,2122,2026-08-07T03:21:07Z,2026-08-07T03:21:07Z,0.0
SO30 3AA,SEPD,HV,1,TU0923,2122,2026-08-07T03:21:07Z,2026-08-07T03:21:07Z,0.0
SO30 3AB,SEPD,HV,1,TU0923,2122,2026-08-07T03:21:07Z,2026-08-07T03:21:07Z,0.0
SO30 3AD,SEPD,HV,1,TU0923,2122,2026-08-07T03:21:07Z,2026-08-07T03:21:07Z,0.0
SO30 3AE,SEPD,HV,1,TU0923,2122,2026-08-07T03:21:07Z,2026-08-07T03:21:07Z,0.0
SO30 3AG,SEPD,HV,1,TU0923,2122,2026-08-07T03:21:07Z,2026-08-07T03:21:07Z,0.0
SO30 3AJ,SEPD,HV,1,TU0923,2122,2026-08-07T03:21:07Z,2026-08-07T03:21:07Z,0.0
SO30 3AL,SEPD,HV,1,TU0923,2122,2026-08-07T03:21:07Z,2026-08-07T03:21:07Z,0.0
SO30 3AN,SEPD,HV,1,TU0923,2122,2026-08-07T03:21:07Z,2026-08-07T03:21:07Z,0.0
SO30 3AP,SEPD,HV,1,TU0923,2122,2026-08-07T03:21:07Z,2026-08-07T03:21:07Z,0.0
SO30 3AQ,SEPD,HV,1,TU0923,2122,2026-08-07T03:21:07Z,2026-08-07T03:21:07Z,0.0
SO30 3AR,SEPD,HV,1,TU0923,2122,2026-08-07T03:21:07Z,2026-08-07T03:21:07Z,0.0
SO30 3AS,SEPD,HV,1,TU0923,2122,2026-08-07T03:21:07Z,2026-08-07T03:21:07Z,0.0
SO30 3AT,SEPD,HV,1,TU0923,2122,2026-08-07T03:21:07Z,2026-08-07T03:21:07Z,0.0
SO30 3AU,SEPD,HV,1,TU0923,2122,2026-08-07T03:21:07Z,2026-08-07T03:21:07Z,0.0
SO30 3BW,SEPD,HV,1,TU0923,2122,2026-08-07T03:21:07Z,2026-08-07T03:21:07Z,0.0
SO30 3DQ,SEPD,HV,1,TU0923,2122,2026-08-07T03:21:07Z,2026-08-07T03:21:07Z,0.0
SO30 3DU,SEPD,HV,1,TU0923,2122,2026-08-07T03:21:07Z,2026-08-07T03:21:07Z,0.0
SO30 3DX,SEPD,HV,1,TU0923,2122,2026-08-07T03:21:07Z,2026-08-07T03:21:07Z,0.0
SO30 3DY,SEPD,HV,1,TU0923,2122,2026-08-07T03:21:07Z,2026-08-07T03:21:07Z,0.0
SO30 3DZ,SEPD,HV,1,TU0923,2122,2026-08-07T03:21:07Z,2026-08-07T03:21:07Z,0.0
SO30 3EA,SEPD,HV,1,TU0923,2122,2026-08-07T03:21:07Z,2026-08-07T03:21:07Z,0.0
SO30 3EB,SEPD,HV,1,TU0923,2122,2026-08-07T03:21:07Z,2026-08-07T03:21:07Z,0.0
SO30 3ED,SEPD,HV,1,TU0923,2122,2026-08-07T03:21:07Z,2026-08-07T03:21:07Z,0.0
SO30 3EF,SEPD,HV,1,TU0923,2122,2026-08-07T03:21:07Z,2026-08-07T03:21:07Z,0.0
SO30 3EG,SEPD,HV,1,TU0923,2122,2026-08-07T03:21:07Z,2026-08-07T03:21:07Z,0.0
SO30 3FA,SEPD,HV,1,TU0923,2122,2026-08-07T03:21:07Z,2026-08-07T03:21:07Z,0.0
SO30 3FE,SEPD,HV,1,TU0923,2122,2026-08-07T03:21:07Z,2026-08-07T03:21:07Z,0.0
SO30 3FF,SEPD,HV,1,TU0923,2122,2026-08-07T03:21:07Z,2026-08-07T03:21:07Z,0.0
SO30 3FG,SEPD,HV,1,TU0923,2122,2026-08-07T03:21:07Z,2026-08-07T03:21:07Z,0.0
SO30 3FH,SEPD,HV,1,TU0923,2122,2026-08-07T03:21:07Z,2026-08-07T03:21:07Z,0.0
SO30 3FN,SEPD,HV,1,TU0923,2122,2026-08-07T03:21:07Z,2026-08-07T03:21:07Z,0.0
SO30 3FP,SEPD,HV,1,TU0923,2122,2026-08-07T03:21:07Z,2026-08-07T03:21:07Z,0.0
SO30 3FQ,SEPD,HV,1,TU0923,2122,2026-08-07T03:21:07Z,2026-08-07T03:21:07Z,0.0
SO30 3FR,SEPD,HV,1,TU0923,2122,2026-08-07T03:21:07Z,2026-08-07T03:21:07Z,0.0
SO30 3FS,SEPD,HV,1,TU0923,2122,2026-08-07T03:21:07Z,2026-08-07T03:21:07Z,0.0
SO30 3FT,SEPD,HV,1,TU0923,2122,2026-08-07T03:21:07Z,2026-08-07T03:21:07Z,0.0
SO30 3GA,SEPD,HV,1,TU0923,2122,2026-08-07T03:21:07Z,2026-08-07T03:21:07Z,0.0
SO30 3GB,SEPD,HV,1,TU0923,2122,2026-08-07T03:21:07Z,2026-08-07T03:21:07Z,0.0
SO30 3GE,SEPD,HV,1,TU0923,2122,2026-08-07T03:21:07Z,2026-08-07T03:21:07Z,0.0
SO30 3GG,SEPD,HV,1,TU0923,2122,2026-08-07T03:21:07Z,2026-08-07T03:21:07Z,0.0
SO30 3GH,SEPD,HV,1,TU0923,2122,2026-08-07T03:21:07Z,2026-08-07T03:21:07Z,0.0
SO30 3GJ,SEPD,HV,1,TU0923,2122,2026-08-07T03:21:07Z,2026-08-07T03:21:07Z,0.0
SO30 3GL,SEPD,HV,1,TU0923,2122,2026-08-07T03:21:07Z,2026-08-07T03:21:07Z,0.0
SO30 3GN,SEPD,HV,1,TU0923,2122,2026-08-07T03:21:07Z,2026-08-07T03:21:07Z,0.0
SO30 3GP,SEPD,HV,1,TU0923,2122,2026-08-07T03:21:07Z,2026-08-07T03:21:07Z,0.0
SO30 3GQ,SEPD,HV,1,TU0923,2122,2026-08-07T03:21:07Z,2026-08-07T03:21:07Z,0.0
SO30 3GR,SEPD,HV,1,TU0923,2122,2026-08-07T03:21:07Z,2026-08-07T03:21:07Z,0.0
SO30 3GS,SEPD,HV,1,TU0923,2122,2026-08-07T03:21:07Z,2026-08-07T03:21:07Z,0.0
SO30 3GT,SEPD,HV,1,TU0923,2122,2026-08-07T03:21:07Z,2026-08-07T03:21:07Z,0.0
SO30 3GW,SEPD,HV,1,TU0923,2122,2026-08-07T03:21:07Z,2026-08-07T03:21:07Z,0.0
SO30 3GX,SEPD,HV,1,TU0923,2122,2026-08-07T03:21:07Z,2026-08-07T03:21:07Z,0.0
SO30 3GY,SEPD,HV,1,TU0923,2122,2026-08-07T03:21:07Z,2026-08-07T03:21:07Z,0.0
SO30 3GZ,SEPD,HV,1,TU0923,2122,2026-08-07T03:21:07Z,2026-08-07T03:21:07Z,0.0
SO30 3HA,SEPD,HV,1,TU0923,2122,2026-08-07T03:21:07Z,2026-08-07T03:21:07Z,0.0
SO30 3HD,SEPD,HV,1,TU0923,2122,2026-08-07T03:21:07Z,2026-08-07T03:21:07Z,0.0
SO30 3HE,SEPD,HV,1,TU0923,2122,2026-08-07T03:21:07Z,2026-08-07T03:21:07Z,0.0
SO30 3HF,SEPD,HV,1,TU0923,2122,2026-08-07T03:21:07Z,2026-08-07T03:21:07Z,0.0
SO30 3HG,SEPD,HV,1,TU0923,2122,2026-08-07T03:21:07Z,2026-08-07T03:21:07Z,0.0
SO30 3HJ,SEPD,HV,1,TU0923,2122,2026-08-07T03:21:07Z,2026-08-07T03:21:07Z,0.0
SO30 3HN,SEPD,HV,1,TU0923,2122,2026-08-07T03:21:07Z,2026-08-07T03:21:07Z,0.0
SO30 3HP,SEPD,HV,1,TU0923,2122,2026-08-07T03:21:07Z,2026-08-07T03:21:07Z,0.0
SO30 3HQ,SEPD,HV,1,TU0923,2122,2026-08-07T03:21:07Z,2026-08-07T03:21:07Z,0.0
SO30 3HR,SEPD,HV,1,TU0923,2122,2026-08-07T03:21:07Z,2026-08-07T03:21:07Z,0.0
SO30 3HS,SEPD,HV,1,TU0923,2122,2026-08-07T03:21:07Z,2026-08-07T03:21:07Z,0.0
SO30 3HU,SEPD,HV,1,TU0923,2122,2026-08-07T03:21:07Z,2026-08-07T03:21:07Z,0.0
SO30 3HX,SEPD,HV,1,TU0923,2122,2026-08-07T03:21:07Z,2026-08-07T03:21:07Z,0.0
SO30 3HZ,SEPD,HV,1,TU0923,2122,2026-08-07T03:21:07Z,2026-08-07T03:21:07Z,0.0
SO30 3JA,SEPD,HV,1,TU0923,2122,2026-08-07T03:21:07Z,2026-08-07T03:21:07Z,0.0
SO30 3JB,SEPD,HV,1,TU0923,2122,2026-08-07T03:21:07Z,2026-08-07T03:21:07Z,0.0
SO30 3JH,SEPD,HV,1,TU0923,2122,2026-08-07T03:21:07Z,2026-08-07T03:21:07Z,0.0
SO30 3JL,SEPD,HV,1,TU0923,2122,2026-08-07T03:21:07Z,2026-08-07T03:21:07Z,0.0
SO30 3JP,SEPD,HV,1,TU0923,2122,2026-08-07T03:21:07Z,2026-08-07T03:21:07Z,0.0
SO30 3JQ,SEPD,HV,1,TU0923,2122,2026-08-07T03:21:07Z,2026-08-07T03:21:07Z,0.0
SO30 3JR,SEPD,HV,1,TU0923,2122,2026-08-07T03:21:07Z,2026-08-07T03:21:07Z,0.0
SO30 3JS,SEPD,HV,1,TU0923,2122,2026-08-07T03:21:07Z,2026-08-07T03:21:07Z,0.0
SO30 3JU,SEPD,HV,1,TU0923,2122,2026-08-07T03:21:07Z,2026-08-07T03:21:07Z,0.0
SO30 3LJ,SEPD,HV,1,TU0923,2122,2026-08-07T03:21:07Z,2026-08-07T03:21:07Z,0.0
SO30 3LS,SEPD,HV,1,TU0923,2122,2026-08-07T03:21:07Z,2026-08-07T03:21:07Z,0.0
SO30 3NA,SEPD,HV,1,TU0923,2122,2026-08-07T03:21:07Z,2026-08-07T03:21:07Z,0.0
SO30 3NB,SEPD,HV,1,TU0923,2122,2026-08-07T03:21:07Z,2026-08-07T03:21:07Z,0.0
SO30 3ND,SEPD,HV,1,TU0923,2122,2026-08-07T03:21:07Z,2026-08-07T03:21:07Z,0.0
SO30 3NE,SEPD,HV,1,TU0923,2122,2026-08-07T03:21:07Z,2026-08-07T03:21:07Z,0.0
SO30 3NU,SEPD,HV,1,TU0923,2122,2026-08-07T03:21:07Z,2026-08-07T03:21:07Z,0.0
SO30 3NW,SEPD,HV,1,TU0923,2122,2026-08-07T03:21:07Z,2026-08-07T03:21:07Z,0.0
SO30 3PY,SEPD,HV,1,TU0923,2122,2026-08-07T03:21:07Z,2026-08-07T03:21:07Z,0.0
SO30 3RA,SEPD,HV,1,TU0923,2122,2026-08-07T03:21:07Z,2026-08-07T03:21:07Z,0.0
SO30 3RB,SEPD,HV,1,TU0923,2122,2026-08-07T03:21:07Z,2026-08-07T03:21:07Z,0.0
SO30 3RD,SEPD,HV,1,TU0923,2122,2026-08-07T03:21:07Z,2026-08-07T03:21:07Z,0.0
SO30 3RF,SEPD,HV,1,TU0923,2122,2026-08-07T03:21:07Z,2026-08-07T03:21:07Z,0.0
SO30 3RG,SEPD,HV,1,TU0923,2122,2026-08-07T03:21:07Z,2026-08-07T03:21:07Z,0.0
SO30 3RH,SEPD,HV,1,TU0923,2122,2026-08-07T03:21:07Z,2026-08-07T03:21:07Z,0.0
SO30 3RJ,SEPD,HV,1,TU0923,2122,2026-08-07T03:21:07Z,2026-08-07T03:21:07Z,0.0
SO30 3RN,SEPD,HV,1,TU0923,2122,2026-08-07T03:21:07Z,2026-08-07T03:21:07Z,0.0
SO30 3RU,SEPD,HV,1,TU0923,2122,2026-08-07T03:21:07Z,2026-08-07T03:21:07Z,0.0
SO30 3RW,SEPD,HV,1,TU0923,2122,2026-08-07T03:21:07Z,2026-08-07T03:21:07Z,0.0
SO30 3SA,SEPD,HV,1,TU0923,2122,2026-08-07T03:21:07Z,2026-08-07T03:21:07Z,0.0
SO30 3SE,SEPD,HV,1,TU0923,2122,2026-08-07T03:21:07Z,2026-08-07T03:21:07Z,0.0
SO30 3SF,SEPD,HV,1,TU0923,2122,2026-08-07T03:21:07Z,2026-08-07T03:21:07Z,0.0
SO30 3SG,SEPD,HV,1,TU0923,2122,2026-08-07T03:21:07Z,2026-08-07T03:21:07Z,0.0
SO30 3SZ,SEPD,HV,1,TU0923,2122,2026-08-07T03:21:07Z,2026-08-07T03:21:07Z,0.0
SO32,SEPD,LV,1,TU4988,24,2026-08-10T14:05:17Z,2026-08-10T14:05:17Z,0.0
SO32 1AA,SEPD,LV,1,TU4988,24,2026-08-10T14:05:17Z,2026-08-10T14:05:17Z,0.0
SO32 1AF,SEPD,LV,1,TU4988,24,2026-08-10T14:05:17Z,2026-08-10T14:05:17Z,0.0
SO32 1AJ,SEPD,LV,1,TU4988,24,2026-08-10T14:05:17Z,2026-08-10T14:05:17Z,0.0
SO32 1AL,SEPD,LV,1,TU4988,24,2026-08-10T14:05:17Z,2026-08-10T14:05:17Z,0.0
SO32 1AR,SEPD,LV,1,TU4988,24,2026-08-10T14:05:17Z,2026-08-10T14:05:17Z,0.0
SO32 1ED,SEPD,LV,1,TU4988,24,2026-08-10T14:05:17Z,2026-08-10T14:05:17Z,0.0
SO32 1GG,SEPD,LV,1,TU4988,24,2026-08-10T14:05:17Z,2026-08-10T14:05:17Z,0.0
SO32 1GJ,SEPD,LV,1,TU4988,24,2026-08-10T14:05:17Z,2026-08-10T14:05:17Z,0.0
SO32 1GS,SEPD,LV,1,TU4988,24,2026-08-10T14:05:17Z,2026-08-10T14:05:17Z,0.0
SO32 1NX,SEPD,LV,1,TU4988,24,2026-08-10T14:05:17Z,2026-08-10T14:05:17Z,0.0
SO32 1PA,SEPD,LV,1,TU4988,24,2026-08-10T14:05:17Z,2026-08-10T14:05:17Z,0.0
SO32 3PA,SEPD,LV,1,TU4988,24,2026-08-10T14:05:17Z,2026-08-10T14:05:17Z,0.0
SO40 2RQ,SEPD,PSI,1,253934,37,2026-08-05T11:28:08Z,2026-08-05T11:28:08Z,0.0
SO40 2RX,SEPD,PSI,1,253934,37,2026-08-05T11:28:08Z,2026-08-05T11:28:08Z,0.0
SO50 7DE,SEPD,HV,1,TU0923,2122,2026-08-07T03:21:07Z,2026-08-07T03:21:07Z,0.0
SO51 0AF,SEPD,HV,1,TU6037,930,2026-08-11T07:48:43Z,2026-08-11T07:48:43Z,0.0
SO51 0AG,SEPD,HV,1,TU6037,930,2026-08-11T07:48:43Z,2026-08-11T07:48:43Z,0.0
SO51 0AH,SEPD,HV,1,TU6037,930,2026-08-11T07:48:43Z,2026-08-11T07:48:43Z,0.0
SO51 0BQ,SEPD,HV,1,TU6037,930,2026-08-11T07:48:43Z,2026-08-11T07:48:43Z,0.0
SO51 0BS,SEPD,HV,1,TU6037,930,2026-08-11T07:48:43Z,2026-08-11T07:48:43Z,0.0
SO51 0PG,SEPD,HV,1,TU6037,930,2026-08-11T07:48:43Z,2026-08-11T07:48:43Z,0.0
SO51 0PH,SEPD,HV,1,TU6037,930,2026-08-11T07:48:43Z,2026-08-11T07:48:43Z,0.0
SO51 0PJ,SEPD,HV,1,TU6037,930,2026-08-11T07:48:43Z,2026-08-11T07:48:43Z,0.0
SO51 0PL,SEPD,HV,1,TU6037,930,2026-08-11T07:48:43Z,2026-08-11T07:48:43Z,0.0
SO51 0PN,SEPD,HV,1,TU6037,930,2026-08-11T07:48:43Z,2026-08-11T07:48:43Z,0.0
SO51 0PP,SEPD,HV,1,TU6037,930,2026-08-11T07:48:43Z,2026-08-11T07:48:43Z,0.0
SO51 0PQ,SEPD,HV,1,TU6037,930,2026-08-11T07:48:43Z,2026-08-11T07:48:43Z,0.0
SO51 0PR,SEPD,HV,1,TU6037,930,2026-08-11T07:48:43Z,2026-08-11T07:48:43Z,0.0
SO51 0PS,SEPD,HV,1,TU6037,930,2026-08-11T07:48:43Z,2026-08-11T07:48:43Z,0.0
SO51 0PT,SEPD,HV,1,TU6037,930,2026-08-11T07:48:43Z,2026-08-11T07:48:43Z,0.0
SO51 0PU,SEPD,HV,1,TU6037,930,2026-08-11T07:48:43Z,2026-08-11T07:48:43Z,0.0
SO51 0PX,SEPD,HV,1,TU6037,930,2026-08-11T07:48:43Z,2026-08-11T07:48:43Z,0.0
SO51 0QA,SEPD,HV,1,TU6037,930,2026-08-11T07:48:43Z,2026-08-11T07:48:43Z,0.0
SO51 0QB,SEPD,HV,1,TU6037,930,2026-08-11T07:48:43Z,2026-08-11T07:48:43Z,0.0
SO51 0QD,SEPD,HV,1,TU6037,930,2026-08-11T07:48:43Z,2026-08-11T07:48:43Z,0.0
SO51 0QE,SEPD,HV,1,TU6037,930,2026-08-11T07:48:43Z,2026-08-11T07:48:43Z,0.0
SO51 0QF,SEPD,HV,1,TU6037,930,2026-08-11T07:48:43Z,2026-08-11T07:48:43Z,0.0
SO51 0QG,SEPD,HV,1,TU6037,930,2026-08-11T07:48:43Z,2026-08-11T07:48:43Z,0.0
SO51 0QH,SEPD,HV,1,TU6037,930,2026-08-11T07:48:43Z,2026-08-11T07:48:43Z,0.0
SO51 0QS,SEPD,HV,1,TU6037,930,2026-08-11T07:48:43Z,2026-08-11T07:48:43Z,0.0
SO51 0QW,SEPD,HV,1,TU6037,930,2026-08-11T07:48:43Z,2026-08-11T07:48:43Z,0.0
SO51 6AB,SEPD,PSI,1,253934,37,2026-08-05T11:28:08Z,2026-08-05T11:28:08Z,0.0
SP1 2LA,SEPD,HV,1,TU5910,243,2026-08-11T06:30:24Z,2026-08-11T06:30:24Z,0.0
SP1 2NY,SEPD,HV,1,TU5910,243,2026-08-11T06:30:24Z,2026-08-11T06:30:24Z,0.0
SP1 2NZ,SEPD,HV,1,TU5910,243,2026-08-11T06:30:24Z,2026-08-11T06:30:24Z,0.0
SP1 2QQ,SEPD,HV,1,TU5910,243,2026-08-11T06:30:24Z,2026-08-11T06:30:24Z,0.0
SP1 2TJ,SEPD,HV,1,TU5910,243,2026-08-11T06:30:24Z,2026-08-11T06:30:24Z,0.0
SP11 7AU,SEPD,HV,1,TU5499,32,2026-08-10T20:05:18Z,2026-08-10T20:05:18Z,0.0
SP11 7DS,SEPD,HV,1,TU5499,32,2026-08-10T20:05:18Z,2026-08-10T20:05:18Z,0.0
SP11 7DW,SEPD,HV,1,TU5499,32,2026-08-10T20:05:18Z,2026-08-10T20:05:18Z,0.0
SP4 0DF,SEPD,HV,1,TU2145,163,2026-08-07T21:54:42Z,2026-08-07T21:54:42Z,0.0
SP4 0DG,SEPD,HV,1,TU2145,163,2026-08-07T21:54:42Z,2026-08-07T21:54:42Z,0.0
SP4 0LB,SEPD,HV,1,TU2145,163,2026-08-07T21:54:42Z,2026-08-07T21:54:42Z,0.0
SP4 0LD,SEPD,HV,1,TU2145,163,2026-08-07T21:54:42Z,2026-08-07T21:54:42Z,0.0
SP4 0LE,SEPD,HV,1,TU2145,163,2026-08-07T21:54:42Z,2026-08-07T21:54:42Z,0.0
SP4 0NB,SEPD,HV,1,TU2145,163,2026-08-07T21:54:42Z,2026-08-07T21:54:42Z,0.0
SP4 0ND,SEPD,HV,1,TU2145,163,2026-08-07T21:54:42Z,2026-08-07T21:54:42Z,0.0
SP4 0NF,SEPD,HV,1,TU2145,163,2026-08-07T21:54:42Z,2026-08-07T21:54:42Z,0.0
SP4 0NU,SEPD,HV,1,TU2145,163,2026-08-07T21:54:42Z,2026-08-07T21:54:42Z,0.0
SP4 0NX,SEPD,HV,1,TU2145,163,2026-08-07T21:54:42Z,2026-08-07T21:54:42Z,0.0
SP5,SEPD,HV,1,TU5910,243,2026-08-11T06:30:24Z,2026-08-11T06:30:24Z,0.0
SP5 3AR,SEPD,HV,1,TU5910,243,2026-08-11T06:30:24Z,2026-08-11T06:30:24Z,0.0
SP5 3AS,SEPD,HV,1,TU5910,243,2026-08-11T06:30:24Z,2026-08-11T06:30:24Z,0.0
SP5 3AT,SEPD,HV,1,TU5910,243,2026-08-11T06:30:24Z,2026-08-11T06:30:24Z,0.0
SP5 3AU,SEPD,HV,1,TU5910,243,2026-08-11T06:30:24Z,2026-08-11T06:30:24Z,0.0
SP5 3AX,SEPD,HV,1,TU5910,243,2026-08-11T06:30:24Z,2026-08-11T06:30:24Z,0.0
SP5 3BA,SEPD,HV,1,TU5910,243,2026-08-11T06:30:24Z,2026-08-11T06:30:24Z,0.0
SP5 3BY,SEPD,HV,1,TU5910,243,2026-08-11T06:30:24Z,2026-08-11T06:30:24Z,0.0
SP5 3BZ,SEPD,HV,1,TU5910,243,2026-08-11T06:30:24Z,2026-08-11T06:30:24Z,0.0
SP5 3DA,SEPD,HV,1,TU5910,243,2026-08-11T06:30:24Z,2026-08-11T06:30:24Z,0.0
SP5 3DB,SEPD,HV,1,TU5910,243,2026-08-11T06:30:24Z,2026-08-11T06:30:24Z,0.0
SP5 3DD,SEPD,HV,1,TU5910,243,2026-08-11T06:30:24Z,2026-08-11T06:30:24Z,0.0
SP5 3DE,SEPD,HV,1,TU5910,243,2026-08-11T06:30:24Z,2026-08-11T06:30:24Z,0.0
SP5 3DF,SEPD,HV,1,TU5910,243,2026-08-11T06:30:24Z,2026-08-11T06:30:24Z,0.0
SP5 3DG,SEPD,HV,1,TU5910,243,2026-08-11T06:30:24Z,2026-08-11T06:30:24Z,0.0
SP5 3DJ,SEPD,HV,1,TU5910,243,2026-08-11T06:30:24Z,2026-08-11T06:30:24Z,0.0
SP5 3DQ,SEPD,HV,1,TU5910,243,2026-08-11T06:30:24Z,2026-08-11T06:30:24Z,0.0
SP5 3DT,SEPD,HV,1,TU5910,243,2026-08-11T06:30:24Z,2026-08-11T06:30:24Z,0.0
SP5 3DU,SEPD,HV,1,TU5910,243,2026-08-11T06:30:24Z,2026-08-11T06:30:24Z,0.0
SP5 3EN,SEPD,HV,1,TU5910,243,2026-08-11T06:30:24Z,2026-08-11T06:30:24Z,0.0
SP5 3EP,SEPD,HV,1,TU5910,243,2026-08-11T06:30:24Z,2026-08-11T06:30:24Z,0.0
SP5 3EU,SEPD,HV,1,TU5910,243,2026-08-11T06:30:24Z,2026-08-11T06:30:24Z,0.0
SP5 3EW,SEPD,HV,1,TU5910,243,2026-08-11T06:30:24Z,2026-08-11T06:30:24Z,0.0
SP5 3EY,SEPD,HV,1,TU5910,243,2026-08-11T06:30:24Z,2026-08-11T06:30:24Z,0.0
SP5 3EZ,SEPD,HV,1,TU5910,243,2026-08-11T06:30:24Z,2026-08-11T06:30:24Z,0.0
SP5 3FJ,SEPD,HV,1,TU5910,243,2026-08-11T06:30:24Z,2026-08-11T06:30:24Z,0.0
SP5 3HA,SEPD,HV,1,TU5910,243,2026-08-11T06:30:24Z,2026-08-11T06:30:24Z,0.0
SP5 3TL,SEPD,HV,1,TU5910,243,2026-08-11T06:30:24Z,2026-08-11T06:30:24Z,0.0
SP7 0AY,SEPD,HV,1,TU4919,33,2026-08-10T12:33:40Z,2026-08-10T12:33:40Z,0.0
SP7 0QA,SEPD,HV,1,TU4919,33,2026-08-10T12:33:40Z,2026-08-10T12:33:40Z,0.0
SP7 0QB,SEPD,HV,1,TU4919,33,2026-08-10T12:33:40Z,2026-08-10T12:33:40Z,0.0
SP8 4RH,SEPD,LV,1,TT9309,31,2026-08-05T21:38:24Z,2026-08-05T21:38:24Z,0.0
SP8 4RP,SEPD,LV,1,TT9309,31,2026-08-05T21:38:24Z,2026-08-05T21:38:24Z,0.0
SP8 4SA,SEPD,LV,1,TT9309,31,2026-08-05T21:38:24Z,2026-08-05T21:38:24Z,0.0
SP8 4SB,SEPD,LV,1,TT9309,31,2026-08-05T21:38:24Z,2026-08-05T21:38:24Z,0.0
SP8 4SE,SEPD,LV,1,TT9309,31,2026-08-05T21:38:24Z,2026-08-05T21:38:24Z,0.0
SP9,SEPD,HV,1,TU5910,243,2026-08-11T06:30:24Z,2026-08-11T06:30:24Z,0.0
TW19 6EG,SEPD,LV,1,TU4619,4,2026-08-10T12:33:40Z,2026-08-10T12:33:40Z,0.0
TW19 6EQ,SEPD,LV,1,TU4619,4,2026-08-10T12:33:40Z,2026-08-10T12:33:40Z,0.0
UB3 2FF,SEPD,LV,1,TU0059,7,2026-08-06T12:17:55Z,2026-08-06T12:17:55Z,0.0
UB3 2PF,SEPD,LV,1,TU0059,7,2026-08-06T12:17:55Z,2026-08-06T12:17:55Z,0.0
UB7 7NR,SEPD,LV,1,TU3852,43,2026-08-10T09:47:46Z,2026-08-10T09:47:46Z,0.0
UB7 7NU,SEPD,LV,1,TU3852,43,2026-08-10T09:47:46Z,2026-08-10T09:47:46Z,0.0
UB7 7NW,SEPD,LV,1,TU3852,43,2026-08-10T09:47:46Z,2026-08-10T09:47:46Z,0.0
UB7 7NX,SEPD,LV,1,TU3852,43,2026-08-10T09:47:46Z,2026-08-10T09:47:46Z,0.0
UB7 7PF,SEPD,LV,1,TU3852,43,2026-08-10T09:47:46Z,2026-08-10T09:47:46Z,0.0
W3 6UU,SEPD,LV,1,TT8142,5,2026-08-05T11:28:08Z,2026-08-05T11:28:08Z,0.0
ZE1 0NA,SHEPD,HV,1,TU2966,6,2026-08-08T21:47:57Z,2026-08-08T21:47:57Z,0.0
ZE1 0QW,SHEPD,HV,1,TU2966,6,2026-08-08T21:47:57Z,2026-08-08T21:47:57Z,0.0
ZE2 9DA,SHEPD,LV,1,TT9293,2,2026-08-05T20:19:15Z,2026-08-05T20:19:15Z,0.0
ZE2 9DN,SHEPD,HV,1,TU1148,13,2026-08-07T08:42:02Z,2026-08-07T08:42:02Z,0.0
ZE2 9DZ,SHEPD,HV,1,TU1148,13,2026-08-07T08:42:02Z,2026-08-07T08:42:02Z,0.0
ZE2 9EH,SHEPD,HV,1,TU1148,13,2026-08-07T08:42:02Z,2026-08-07T08:42:02Z,0.0
ZE2 9FA,SHEPD,LV,1,TT9293,2,2026-08-05T20:19:15Z,2026-08-05T20:19:15Z,0.0
ZE2 9RT,SHEPD,HV,1,TU0534,33,2026-08-07T00:16:31Z,2026-08-07T00:16:31Z,0.0
ZE2 9RU,SHEPD,HV,1,TU0534,33,2026-08-07T00:16:31Z,2026-08-07T00:16:31Z,0.0
