postcode,network,outage_type,outage_count,outage_refs,total_customers_affected,first_seen,last_seen,time_off_supply_hours_total_approx
AB51 7QS,SHEPD,"PSI,HV",3,"252542,TW0040,TW0508",602,2026-08-18T07:10:26Z,2026-08-20T15:41:40Z,25.42
SO21 3RU,SEPD,LV,2,"TW0340,TW1039",42,2026-08-20T14:04:45Z,2026-08-21T15:18:16Z,25.23
SO21 3RX,SEPD,LV,2,"TW0340,TW1039",42,2026-08-20T14:04:45Z,2026-08-21T15:18:16Z,25.23
SO21 3RY,SEPD,LV,2,"TW0340,TW1039",42,2026-08-20T14:04:45Z,2026-08-21T15:18:16Z,25.23
SO21 3RZ,SEPD,LV,2,"TW0340,TW1039",42,2026-08-20T14:04:45Z,2026-08-21T15:18:16Z,25.23
SN16 9DW,SEPD,HV,2,"TW0490,TW2038",336,2026-08-20T14:53:45Z,2026-08-21T23:53:34Z,25.0
SN16 9EE,SEPD,HV,2,"TW0490,TW2038",336,2026-08-20T14:53:45Z,2026-08-21T23:53:34Z,25.0
SN16 9EP,SEPD,HV,2,"TW0490,TW2038",336,2026-08-20T14:53:45Z,2026-08-21T23:53:34Z,25.0
SN16 9ER,SEPD,HV,2,"TW0490,TW2038",336,2026-08-20T14:53:45Z,2026-08-21T23:53:34Z,25.0
SN16 9EU,SEPD,HV,2,"TW0490,TW2038",336,2026-08-20T14:53:45Z,2026-08-21T23:53:34Z,25.0
SN16 9EW,SEPD,HV,2,"TW0490,TW2038",336,2026-08-20T14:53:45Z,2026-08-21T23:53:34Z,25.0
SN16 9EX,SEPD,HV,2,"TW0490,TW2038",336,2026-08-20T14:53:45Z,2026-08-21T23:53:34Z,25.0
SN16 9JZ,SEPD,HV,2,"TW0490,TW2038",336,2026-08-20T14:53:45Z,2026-08-21T23:53:34Z,25.0
SN16 9LA,SEPD,HV,2,"TW0490,TW2038",336,2026-08-20T14:53:45Z,2026-08-21T23:53:34Z,25.0
SN16 9LE,SEPD,HV,2,"TW0490,TW2038",336,2026-08-20T14:53:45Z,2026-08-21T23:53:34Z,25.0
SN16 9LF,SEPD,HV,2,"TW0490,TW2038",336,2026-08-20T14:53:45Z,2026-08-21T23:53:34Z,25.0
SN16 9LG,SEPD,HV,2,"TW0490,TW2038",336,2026-08-20T14:53:45Z,2026-08-21T23:53:34Z,25.0
SN16 9LQ,SEPD,HV,2,"TW0490,TW2038",336,2026-08-20T14:53:45Z,2026-08-21T23:53:34Z,25.0
SN16 9LR,SEPD,HV,2,"TW0490,TW2038",336,2026-08-20T14:53:45Z,2026-08-21T23:53:34Z,25.0
SN16 9RY,SEPD,HV,2,"TW0490,TW2038",336,2026-08-20T14:53:45Z,2026-08-21T23:53:34Z,25.0
SN16 9TS,SEPD,HV,2,"TW0490,TW2038",336,2026-08-20T14:53:45Z,2026-08-21T23:53:34Z,25.0
AB31 4PJ,SHEPD,"PSI,HV",3,"252538,TW0040,TW0508",602,2026-08-18T07:10:26Z,2026-08-20T14:53:45Z,24.62
AB51 7NL,SHEPD,"PSI,HV",3,"252538,TW0040,TW0508",602,2026-08-18T07:10:26Z,2026-08-20T14:53:45Z,24.62
SO41 5SQ,SEPD,HV,5,"TV6682,TV6694,TV7437,TV9895,TV9901",517,2026-08-18T11:01:30Z,2026-08-20T19:09:02Z,24.38
SL7 1TT,SEPD,LV,1,TV4465,27,2026-08-16T21:56:05Z,2026-08-17T21:58:45Z,24.04
SL7 1TU,SEPD,LV,1,TV4465,27,2026-08-16T21:56:05Z,2026-08-17T21:58:45Z,24.04
SL7 1TX,SEPD,LV,1,TV4465,27,2026-08-16T21:56:05Z,2026-08-17T21:58:45Z,24.04
SL7 1TY,SEPD,LV,1,TV4465,27,2026-08-16T21:56:05Z,2026-08-17T21:58:45Z,24.04
RG25 3HA,SEPD,LV,2,"TV4187,TV5871",36,2026-08-16T23:33:36Z,2026-08-18T09:17:56Z,22.8
RG25 3HB,SEPD,LV,2,"TV4187,TV5871",36,2026-08-16T23:33:36Z,2026-08-18T09:17:56Z,22.8
RG25 3JZ,SEPD,LV,2,"TV4187,TV5871",36,2026-08-16T23:33:36Z,2026-08-18T09:17:56Z,22.8
PA32 8YE,SHEPD,"LV,HV",3,"TV7336,TV8032,TW1313",181,2026-08-18T22:43:54Z,2026-08-21T14:43:41Z,22.02
PA32 8YF,SHEPD,"LV,HV",3,"TV7336,TV8032,TW1313",181,2026-08-18T22:43:54Z,2026-08-21T14:43:41Z,22.02
W3 6UU,SEPD,LV,1,TV9844,5,2026-08-20T17:16:01Z,2026-08-21T14:43:41Z,21.46
RG45 7LP,SEPD,LV,1,TV2970,16,2026-08-15T17:28:33Z,2026-08-16T14:53:47Z,21.42
RG45 7LR,SEPD,LV,1,TV2970,16,2026-08-15T17:28:33Z,2026-08-16T14:53:47Z,21.42
RG45 7NE,SEPD,LV,1,TV2970,16,2026-08-15T17:28:33Z,2026-08-16T14:53:47Z,21.42
SO42 7XF,SEPD,HV,5,"TV6682,TV6694,TV7437,TV9895,TV9901",517,2026-08-18T11:01:30Z,2026-08-20T19:09:02Z,20.87
HP10 8PH,SEPD,HV,1,TV3271,25,2026-08-15T17:28:33Z,2026-08-16T13:58:46Z,20.5
HP10 8PJ,SEPD,HV,1,TV3271,25,2026-08-15T17:28:33Z,2026-08-16T13:58:46Z,20.5
HP15 7NA,SEPD,HV,1,TV3271,25,2026-08-15T17:28:33Z,2026-08-16T13:58:46Z,20.5
HP15 7NB,SEPD,HV,1,TV3271,25,2026-08-15T17:28:33Z,2026-08-16T13:58:46Z,20.5
HP15 7NE,SEPD,HV,1,TV3271,25,2026-08-15T17:28:33Z,2026-08-16T13:58:46Z,20.5
HP15 7NU,SEPD,HV,1,TV3271,25,2026-08-15T17:28:33Z,2026-08-16T13:58:46Z,20.5
HP15 7PB,SEPD,HV,1,TV3271,25,2026-08-15T17:28:33Z,2026-08-16T13:58:46Z,20.5
HP7 0FA,SEPD,HV,1,TV3271,25,2026-08-15T17:28:33Z,2026-08-16T13:58:46Z,20.5
HP7 0NZ,SEPD,HV,1,TV3271,25,2026-08-15T17:28:33Z,2026-08-16T13:58:46Z,20.5
HP7 0PS,SEPD,HV,1,TV3271,25,2026-08-15T17:28:33Z,2026-08-16T13:58:46Z,20.5
RG9,SEPD,"PSI,LV",2,"253390,TV4485",183,2026-08-17T01:48:55Z,2026-08-17T15:11:57Z,19.77
RG9 3JG,SEPD,"PSI,LV",2,"253390,TV4485",183,2026-08-17T01:48:55Z,2026-08-17T15:11:57Z,19.77
RG9 3JQ,SEPD,"PSI,LV",2,"253390,TV4485",183,2026-08-17T01:48:55Z,2026-08-17T15:11:57Z,19.77
RG9 3JT,SEPD,"PSI,LV",2,"253390,TV4485",183,2026-08-17T01:48:55Z,2026-08-17T15:11:57Z,19.77
RG9 3JU,SEPD,"PSI,LV",2,"253390,TV4485",183,2026-08-17T01:48:55Z,2026-08-17T15:11:57Z,19.77
RG9 3JZ,SEPD,"PSI,LV",2,"253390,TV4485",183,2026-08-17T01:48:55Z,2026-08-17T15:11:57Z,19.77
RG9 3LH,SEPD,"PSI,LV",2,"253390,TV4485",183,2026-08-17T01:48:55Z,2026-08-17T15:11:57Z,19.77
SN15 3TE,SEPD,LV,2,"TW1015,TW1218",48,2026-08-20T21:14:36Z,2026-08-21T15:18:16Z,19.1
SN15 3TG,SEPD,LV,2,"TW1015,TW1218",48,2026-08-20T21:14:36Z,2026-08-21T15:18:16Z,19.1
SN15 3TH,SEPD,LV,2,"TW1015,TW1218",48,2026-08-20T21:14:36Z,2026-08-21T15:18:16Z,19.1
GU20 6BT,SEPD,LV,1,TV7252,8,2026-08-18T19:02:47Z,2026-08-19T13:56:22Z,18.89
GU20 6BU,SEPD,LV,1,TV7252,8,2026-08-18T19:02:47Z,2026-08-19T13:56:22Z,18.89
GU20 6BY,SEPD,LV,1,TV7252,8,2026-08-18T19:02:47Z,2026-08-19T13:56:22Z,18.89
GU20 6BZ,SEPD,LV,1,TV7252,8,2026-08-18T19:02:47Z,2026-08-19T13:56:22Z,18.89
GU20 6DA,SEPD,LV,1,TV7252,8,2026-08-18T19:02:47Z,2026-08-19T13:56:22Z,18.89
GU20 6DD,SEPD,LV,1,TV7252,8,2026-08-18T19:02:47Z,2026-08-19T13:56:22Z,18.89
RG12 0UN,SEPD,LV,1,TV7287,25,2026-08-18T19:57:03Z,2026-08-19T14:42:27Z,18.76
RG12 0UW,SEPD,LV,1,TV7287,25,2026-08-18T19:57:03Z,2026-08-19T14:42:27Z,18.76
RG12 9NE,SEPD,LV,1,TV7287,25,2026-08-18T19:57:03Z,2026-08-19T14:42:27Z,18.76
RG12 9NG,SEPD,LV,1,TV7287,25,2026-08-18T19:57:03Z,2026-08-19T14:42:27Z,18.76
RG12 9NH,SEPD,LV,1,TV7287,25,2026-08-18T19:57:03Z,2026-08-19T14:42:27Z,18.76
RG20 9SG,SEPD,LV,1,TW2301,13,2026-08-21T17:38:59Z,2026-08-22T11:49:29Z,18.18
RG20 9SJ,SEPD,LV,1,TW2301,13,2026-08-21T17:38:59Z,2026-08-22T11:49:29Z,18.18
RG20 9SL,SEPD,LV,1,TW2301,13,2026-08-21T17:38:59Z,2026-08-22T11:49:29Z,18.18
RG20 9SQ,SEPD,LV,1,TW2301,13,2026-08-21T17:38:59Z,2026-08-22T11:49:29Z,18.18
RG20 9ST,SEPD,LV,1,TW2301,13,2026-08-21T17:38:59Z,2026-08-22T11:49:29Z,18.18
W7 2AU,SEPD,LV,1,TV4172,30,2026-08-16T17:29:32Z,2026-08-17T11:35:25Z,18.1
W7 2BL,SEPD,LV,1,TV4172,30,2026-08-16T17:29:32Z,2026-08-17T11:35:25Z,18.1
W7 2BT,SEPD,LV,1,TV4172,30,2026-08-16T17:29:32Z,2026-08-17T11:35:25Z,18.1
W7 2BU,SEPD,LV,1,TV4172,30,2026-08-16T17:29:32Z,2026-08-17T11:35:25Z,18.1
W7 2BW,SEPD,LV,1,TV4172,30,2026-08-16T17:29:32Z,2026-08-17T11:35:25Z,18.1
W7 2BX,SEPD,LV,1,TV4172,30,2026-08-16T17:29:32Z,2026-08-17T11:35:25Z,18.1
SO42 7XL,SEPD,HV,5,"TV6682,TV6694,TV7437,TV9895,TV9901",517,2026-08-18T11:01:30Z,2026-08-20T12:16:55Z,17.52
SO42 7XN,SEPD,HV,5,"TV6682,TV6694,TV7437,TV9895,TV9901",517,2026-08-18T11:01:30Z,2026-08-20T12:16:55Z,17.52
SO53 4PJ,SEPD,LV,1,TW2413,18,2026-08-21T20:00:22Z,2026-08-22T13:01:07Z,17.01
DD9 6RE,SHEPD,"PSI,LV",3,"253957,253958,TW2788",73,2026-08-22T06:54:47Z,2026-08-22T15:56:24Z,16.29
DD9 6RL,SHEPD,PSI,2,"253957,253958",70,2026-08-22T06:54:47Z,2026-08-22T15:56:24Z,16.29
RG31 7AH,SEPD,LV,2,"TV5827,TV7441",40,2026-08-17T22:32:12Z,2026-08-19T04:21:34Z,16.09
RG31 7AJ,SEPD,LV,2,"TV5827,TV7441",40,2026-08-17T22:32:12Z,2026-08-19T04:21:34Z,16.09
RG31 7AS,SEPD,LV,2,"TV5827,TV7441",40,2026-08-17T22:32:12Z,2026-08-19T04:21:34Z,16.09
RG31 7AT,SEPD,LV,2,"TV5827,TV7441",40,2026-08-17T22:32:12Z,2026-08-19T04:21:34Z,16.09
RG31 7AW,SEPD,LV,2,"TV5827,TV7441",40,2026-08-17T22:32:12Z,2026-08-19T04:21:34Z,16.09
RG41 3HJ,SEPD,LV,1,TV4483,27,2026-08-16T23:55:39Z,2026-08-17T14:47:23Z,14.86
RG41 3NA,SEPD,LV,1,TV4483,27,2026-08-16T23:55:39Z,2026-08-17T14:47:23Z,14.86
RG41 3NB,SEPD,LV,1,TV4483,27,2026-08-16T23:55:39Z,2026-08-17T14:47:23Z,14.86
RG41 3ND,SEPD,LV,1,TV4483,27,2026-08-16T23:55:39Z,2026-08-17T14:47:23Z,14.86
RG41 3NE,SEPD,LV,1,TV4483,27,2026-08-16T23:55:39Z,2026-08-17T14:47:23Z,14.86
RG41 3NF,SEPD,LV,1,TV4483,27,2026-08-16T23:55:39Z,2026-08-17T14:47:23Z,14.86
RG41 3NW,SEPD,LV,1,TV4483,27,2026-08-16T23:55:39Z,2026-08-17T14:47:23Z,14.86
BA13 2GG,SEPD,LV,1,TV8944,19,2026-08-19T18:55:23Z,2026-08-20T09:42:52Z,14.79
BA13 3GA,SEPD,LV,1,TV8944,19,2026-08-19T18:55:23Z,2026-08-20T09:42:52Z,14.79
BA13 3GD,SEPD,LV,1,TV8944,19,2026-08-19T18:55:23Z,2026-08-20T09:42:52Z,14.79
BA13 3GE,SEPD,LV,1,TV8944,19,2026-08-19T18:55:23Z,2026-08-20T09:42:52Z,14.79
BA13 3GF,SEPD,LV,1,TV8944,19,2026-08-19T18:55:23Z,2026-08-20T09:42:52Z,14.79
BA13 3GL,SEPD,LV,1,TV8944,19,2026-08-19T18:55:23Z,2026-08-20T09:42:52Z,14.79
BA13 3GQ,SEPD,LV,1,TV8944,19,2026-08-19T18:55:23Z,2026-08-20T09:42:52Z,14.79
BA13 3UQ,SEPD,LV,1,TV8944,19,2026-08-19T18:55:23Z,2026-08-20T09:42:52Z,14.79
GU20 6JN,SEPD,LV,1,TV4708,9,2026-08-17T08:23:42Z,2026-08-17T22:54:56Z,14.52
GU20 6JW,SEPD,LV,1,TV4708,9,2026-08-17T08:23:42Z,2026-08-17T22:54:56Z,14.52
PO3 5LD,SEPD,LV,1,TV3558,25,2026-08-15T23:27:29Z,2026-08-16T13:58:46Z,14.52
PO3 5LE,SEPD,LV,1,TV3558,25,2026-08-15T23:27:29Z,2026-08-16T13:58:46Z,14.52
PO3 5LG,SEPD,LV,1,TV3558,25,2026-08-15T23:27:29Z,2026-08-16T13:58:46Z,14.52
PO3 5LN,SEPD,LV,1,TV3558,25,2026-08-15T23:27:29Z,2026-08-16T13:58:46Z,14.52
PO3 5LU,SEPD,LV,1,TV3558,25,2026-08-15T23:27:29Z,2026-08-16T13:58:46Z,14.52
PO3 5LW,SEPD,LV,1,TV3558,25,2026-08-15T23:27:29Z,2026-08-16T13:58:46Z,14.52
IV36 2GG,SHEPD,HV,1,TV9348,85,2026-08-20T04:45:14Z,2026-08-20T19:09:02Z,14.4
IV36 2JR,SHEPD,HV,1,TV9348,85,2026-08-20T04:45:14Z,2026-08-20T19:09:02Z,14.4
IV36 2SG,SHEPD,HV,1,TV9348,85,2026-08-20T04:45:14Z,2026-08-20T19:09:02Z,14.4
IV36 2SH,SHEPD,HV,1,TV9348,85,2026-08-20T04:45:14Z,2026-08-20T19:09:02Z,14.4
IV36 2SX,SHEPD,HV,1,TV9348,85,2026-08-20T04:45:14Z,2026-08-20T19:09:02Z,14.4
IV36 2SY,SHEPD,HV,1,TV9348,85,2026-08-20T04:45:14Z,2026-08-20T19:09:02Z,14.4
IV36 2TA,SHEPD,HV,1,TV9348,85,2026-08-20T04:45:14Z,2026-08-20T19:09:02Z,14.4
IV36 2TB,SHEPD,HV,1,TV9348,85,2026-08-20T04:45:14Z,2026-08-20T19:09:02Z,14.4
IV36 2TG,SHEPD,HV,1,TV9348,85,2026-08-20T04:45:14Z,2026-08-20T19:09:02Z,14.4
SO41 5SR,SEPD,HV,5,"TV6682,TV6694,TV7437,TV9895,TV9901",517,2026-08-18T11:01:30Z,2026-08-20T12:16:55Z,14.01
SO42 7XP,SEPD,HV,5,"TV6682,TV6694,TV7437,TV9895,TV9901",517,2026-08-18T11:01:30Z,2026-08-20T12:16:55Z,14.01
PO4 0DW,SEPD,LV,1,TW1420,30,2026-08-21T08:01:25Z,2026-08-21T21:55:42Z,13.9
PO4 0DZ,SEPD,LV,1,TW1420,30,2026-08-21T08:01:25Z,2026-08-21T21:55:42Z,13.9
PO4 0EA,SEPD,LV,1,TW1420,30,2026-08-21T08:01:25Z,2026-08-21T21:55:42Z,13.9
PO4 0EB,SEPD,LV,1,TW1420,30,2026-08-21T08:01:25Z,2026-08-21T21:55:42Z,13.9
PO4 0ED,SEPD,LV,1,TW1420,30,2026-08-21T08:01:25Z,2026-08-21T21:55:42Z,13.9
PO5 1NX,SEPD,LV,1,TW1420,30,2026-08-21T08:01:25Z,2026-08-21T21:55:42Z,13.9
SL4 3QL,SEPD,LV,1,TW1017,47,2026-08-20T21:14:36Z,2026-08-21T11:04:20Z,13.83
SL4 3QN,SEPD,LV,1,TW1017,47,2026-08-20T21:14:36Z,2026-08-21T11:04:20Z,13.83
SL4 3QP,SEPD,LV,1,TW1017,47,2026-08-20T21:14:36Z,2026-08-21T11:04:20Z,13.83
SL4 3QR,SEPD,LV,1,TW1017,47,2026-08-20T21:14:36Z,2026-08-21T11:04:20Z,13.83
SL4 3QU,SEPD,LV,1,TW1017,47,2026-08-20T21:14:36Z,2026-08-21T11:04:20Z,13.83
SL4 3QW,SEPD,LV,1,TW1017,47,2026-08-20T21:14:36Z,2026-08-21T11:04:20Z,13.83
SL4 3SB,SEPD,LV,1,TW1017,47,2026-08-20T21:14:36Z,2026-08-21T11:04:20Z,13.83
SL4 3SD,SEPD,LV,1,TW1017,47,2026-08-20T21:14:36Z,2026-08-21T11:04:20Z,13.83
SL4 3ST,SEPD,LV,1,TW1017,47,2026-08-20T21:14:36Z,2026-08-21T11:04:20Z,13.83
SL4 3TD,SEPD,LV,1,TW1017,47,2026-08-20T21:14:36Z,2026-08-21T11:04:20Z,13.83
SL4 5AZ,SEPD,LV,1,TW1017,47,2026-08-20T21:14:36Z,2026-08-21T11:04:20Z,13.83
SL4 5BQ,SEPD,LV,1,TW1017,47,2026-08-20T21:14:36Z,2026-08-21T11:04:20Z,13.83
BA14 7AX,SEPD,LV,2,"TV4576,TV4652",68,2026-08-17T04:24:57Z,2026-08-17T18:02:45Z,13.63
SN4 0EH,SEPD,LV,1,TW2537,26,2026-08-22T03:56:52Z,2026-08-22T17:28:32Z,13.53
SN4 0EJ,SEPD,LV,1,TW2537,26,2026-08-22T03:56:52Z,2026-08-22T17:28:32Z,13.53
SN4 0EL,SEPD,LV,1,TW2537,26,2026-08-22T03:56:52Z,2026-08-22T17:28:32Z,13.53
SN4 0EN,SEPD,LV,1,TW2537,26,2026-08-22T03:56:52Z,2026-08-22T17:28:32Z,13.53
SN4 0ES,SEPD,LV,1,TW2537,26,2026-08-22T03:56:52Z,2026-08-22T17:28:32Z,13.53
SN4 0EW,SEPD,LV,1,TW2537,26,2026-08-22T03:56:52Z,2026-08-22T17:28:32Z,13.53
BA8 0JJ,SEPD,LV,2,"TV8372,TV8754",20,2026-08-19T12:01:20Z,2026-08-20T10:49:26Z,13.3
BA8 0JP,SEPD,LV,2,"TV8372,TV8754",20,2026-08-19T12:01:20Z,2026-08-20T10:49:26Z,13.3
PA32 8YB,SHEPD,HV,2,"TV8032,TW1313",174,2026-08-19T11:11:48Z,2026-08-21T14:43:41Z,12.96
PA32 8YD,SHEPD,HV,2,"TV8032,TW1313",174,2026-08-19T11:11:48Z,2026-08-21T14:43:41Z,12.96
PA32 8YN,SHEPD,HV,2,"TV8032,TW1313",174,2026-08-19T11:11:48Z,2026-08-21T14:43:41Z,12.96
PA32 8YR,SHEPD,HV,2,"TV8032,TW1313",174,2026-08-19T11:11:48Z,2026-08-21T14:43:41Z,12.96
SO42 7XG,SEPD,HV,5,"TV6682,TV6694,TV7437,TV9895,TV9901",517,2026-08-18T11:01:30Z,2026-08-20T11:13:38Z,12.95
SO42 7XH,SEPD,HV,5,"TV6682,TV6694,TV7437,TV9895,TV9901",517,2026-08-18T11:01:30Z,2026-08-20T11:13:38Z,12.95
SO42 7XJ,SEPD,HV,5,"TV6682,TV6694,TV7437,TV9895,TV9901",517,2026-08-18T11:01:30Z,2026-08-20T11:13:38Z,12.95
SP6 3JZ,SEPD,LV,1,TV9424,18,2026-08-20T07:24:35Z,2026-08-20T20:13:08Z,12.81
SP6 3LY,SEPD,LV,1,TV9424,18,2026-08-20T07:24:35Z,2026-08-20T20:13:08Z,12.81
SP6 3PH,SEPD,LV,1,TV9424,18,2026-08-20T07:24:35Z,2026-08-20T20:13:08Z,12.81
BA2 7GD,SEPD,LV,3,"TV9354,TV9615,TW0998",36,2026-08-20T08:07:21Z,2026-08-21T04:25:21Z,12.77
BA2 7GH,SEPD,LV,3,"TV9354,TV9615,TW0998",36,2026-08-20T08:07:21Z,2026-08-21T04:25:21Z,12.77
BA2 7GJ,SEPD,LV,3,"TV9354,TV9615,TW0998",36,2026-08-20T08:07:21Z,2026-08-21T04:25:21Z,12.77
BA2 7GL,SEPD,LV,3,"TV9354,TV9615,TW0998",36,2026-08-20T08:07:21Z,2026-08-21T04:25:21Z,12.77
BA2 7GN,SEPD,LV,3,"TV9354,TV9615,TW0998",36,2026-08-20T08:07:21Z,2026-08-21T04:25:21Z,12.77
BA2 7GP,SEPD,LV,3,"TV9354,TV9615,TW0998",36,2026-08-20T08:07:21Z,2026-08-21T04:25:21Z,12.77
BA2 7GR,SEPD,LV,3,"TV9354,TV9615,TW0998",36,2026-08-20T08:07:21Z,2026-08-21T04:25:21Z,12.77
BA2 7GW,SEPD,LV,3,"TV9354,TV9615,TW0998",36,2026-08-20T08:07:21Z,2026-08-21T04:25:21Z,12.77
KW9 6NJ,SHEPD,PSI,2,"253354,253364",74,2026-08-19T08:18:34Z,2026-08-20T14:53:45Z,12.37
GU33 7JZ,SEPD,LV,1,TV5354,20,2026-08-17T13:45:47Z,2026-08-18T02:05:11Z,12.32
GU33 7LY,SEPD,LV,1,TV5354,20,2026-08-17T13:45:47Z,2026-08-18T02:05:11Z,12.32
GU33 7RQ,SEPD,LV,1,TV5354,20,2026-08-17T13:45:47Z,2026-08-18T02:05:11Z,12.32
GU33 7RR,SEPD,LV,1,TV5354,20,2026-08-17T13:45:47Z,2026-08-18T02:05:11Z,12.32
RG1 7BT,SEPD,LV,1,TV5848,29,2026-08-18T02:05:11Z,2026-08-18T14:22:42Z,12.29
RG1 7DA,SEPD,LV,1,TV5848,29,2026-08-18T02:05:11Z,2026-08-18T14:22:42Z,12.29
RG1 7HD,SEPD,LV,1,TV5848,29,2026-08-18T02:05:11Z,2026-08-18T14:22:42Z,12.29
RG1 7HN,SEPD,LV,1,TV5848,29,2026-08-18T02:05:11Z,2026-08-18T14:22:42Z,12.29
RG1 7HU,SEPD,LV,1,TV5848,29,2026-08-18T02:05:11Z,2026-08-18T14:22:42Z,12.29
RG1 7HW,SEPD,LV,1,TV5848,29,2026-08-18T02:05:11Z,2026-08-18T14:22:42Z,12.29
RG1 7UZ,SEPD,LV,1,TV5848,29,2026-08-18T02:05:11Z,2026-08-18T14:22:42Z,12.29
DT2 9NL,SEPD,PSI,2,"252756,253978",12,2026-08-17T08:23:42Z,2026-08-18T03:56:25Z,12.2
DT2 9NW,SEPD,PSI,2,"252756,253978",12,2026-08-17T08:23:42Z,2026-08-18T03:56:25Z,12.2
SO42 7XA,SEPD,HV,5,"TV6682,TV6694,TV7437,TV9895,TV9901",517,2026-08-18T11:01:30Z,2026-08-20T10:12:56Z,11.94
SO42 7XD,SEPD,HV,5,"TV6682,TV6694,TV7437,TV9895,TV9901",517,2026-08-18T11:01:30Z,2026-08-20T10:12:56Z,11.94
SO42 7XE,SEPD,HV,5,"TV6682,TV6694,TV7437,TV9895,TV9901",517,2026-08-18T11:01:30Z,2026-08-20T10:12:56Z,11.94
IV51 9AA,SHEPD,HV,1,TV9239,81,2026-08-20T02:08:19Z,2026-08-20T14:04:45Z,11.94
IV51 9TB,SHEPD,HV,1,TV9239,81,2026-08-20T02:08:19Z,2026-08-20T14:04:45Z,11.94
IV55 8WL,SHEPD,HV,1,TV9239,81,2026-08-20T02:08:19Z,2026-08-20T14:04:45Z,11.94
IV55 8WW,SHEPD,HV,1,TV9239,81,2026-08-20T02:08:19Z,2026-08-20T14:04:45Z,11.94
IV55 8ZT,SHEPD,HV,1,TV9239,81,2026-08-20T02:08:19Z,2026-08-20T14:04:45Z,11.94
IV55 8ZU,SHEPD,HV,1,TV9239,81,2026-08-20T02:08:19Z,2026-08-20T14:04:45Z,11.94
IV55 8ZX,SHEPD,HV,1,TV9239,81,2026-08-20T02:08:19Z,2026-08-20T14:04:45Z,11.94
IV55 8ZY,SHEPD,HV,1,TV9239,81,2026-08-20T02:08:19Z,2026-08-20T14:04:45Z,11.94
IV55 8ZZ,SHEPD,HV,1,TV9239,81,2026-08-20T02:08:19Z,2026-08-20T14:04:45Z,11.94
RG19 4DX,SEPD,LV,2,"TV6027,TW1279",36,2026-08-18T09:17:56Z,2026-08-21T16:26:26Z,11.93
RG19 4PW,SEPD,LV,2,"TV6027,TW1279",36,2026-08-18T09:17:56Z,2026-08-21T16:26:26Z,11.93
BH21 7DB,SEPD,PSI,3,"253748,253749,253751",31,2026-08-17T08:23:42Z,2026-08-20T08:55:24Z,11.77
BA14 7AG,SEPD,LV,1,TV4576,34,2026-08-17T06:30:45Z,2026-08-17T18:02:45Z,11.53
BA14 7AU,SEPD,LV,1,TV4576,34,2026-08-17T06:30:45Z,2026-08-17T18:02:45Z,11.53
SL5 8TE,SEPD,LV,1,TV9850,26,2026-08-20T09:42:52Z,2026-08-20T21:14:36Z,11.53
SL5 8TF,SEPD,LV,1,TV9850,26,2026-08-20T09:42:52Z,2026-08-20T21:14:36Z,11.53
SL5 8TH,SEPD,LV,1,TV9850,26,2026-08-20T09:42:52Z,2026-08-20T21:14:36Z,11.53
SL5 8TQ,SEPD,LV,1,TV9850,26,2026-08-20T09:42:52Z,2026-08-20T21:14:36Z,11.53
BH21 7DA,SEPD,PSI,3,"253748,253749,253798",105,2026-08-17T08:23:42Z,2026-08-20T08:55:24Z,11.43
RG40 2AD,SEPD,LV,1,TV7425,30,2026-08-19T02:45:45Z,2026-08-19T13:56:22Z,11.18
RG41 2AE,SEPD,LV,1,TV7425,30,2026-08-19T02:45:45Z,2026-08-19T13:56:22Z,11.18
RG41 2AF,SEPD,LV,1,TV7425,30,2026-08-19T02:45:45Z,2026-08-19T13:56:22Z,11.18
RG41 2AG,SEPD,LV,1,TV7425,30,2026-08-19T02:45:45Z,2026-08-19T13:56:22Z,11.18
RG41 2AQ,SEPD,LV,1,TV7425,30,2026-08-19T02:45:45Z,2026-08-19T13:56:22Z,11.18
RG41 2BD,SEPD,LV,1,TV7425,30,2026-08-19T02:45:45Z,2026-08-19T13:56:22Z,11.18
SN14 7HZ,SEPD,PSI,2,"252763,252768",24,2026-08-16T08:48:15Z,2026-08-20T14:53:45Z,11.15
SO50 7LQ,SEPD,LV,1,TV5835,22,2026-08-17T23:29:59Z,2026-08-18T10:37:14Z,11.12
SO50 7LR,SEPD,LV,1,TV5835,22,2026-08-17T23:29:59Z,2026-08-18T10:37:14Z,11.12
SO50 7LT,SEPD,LV,1,TV5835,22,2026-08-17T23:29:59Z,2026-08-18T10:37:14Z,11.12
SO50 7LX,SEPD,LV,1,TV5835,22,2026-08-17T23:29:59Z,2026-08-18T10:37:14Z,11.12
SO50 7NA,SEPD,LV,1,TV5835,22,2026-08-17T23:29:59Z,2026-08-18T10:37:14Z,11.12
BH21 3RG,SEPD,"LV,HV",2,"TV7393,TV7434",1341,2026-08-19T01:45:39Z,2026-08-19T12:01:20Z,11.07
BH21 3RH,SEPD,"LV,HV",2,"TV7393,TV7434",1341,2026-08-19T01:45:39Z,2026-08-19T12:01:20Z,11.07
BH21 3RJ,SEPD,"LV,HV",2,"TV7393,TV7434",1341,2026-08-19T01:45:39Z,2026-08-19T12:01:20Z,11.07
BH21 3RQ,SEPD,"LV,HV",2,"TV7393,TV7434",1341,2026-08-19T01:45:39Z,2026-08-19T12:01:20Z,11.07
SN14 7JA,SEPD,PSI,2,"252763,252770",25,2026-08-16T08:48:15Z,2026-08-21T14:43:41Z,11.03
HS1 2RA,SHEPD,LV,1,TV9581,3,2026-08-20T08:07:21Z,2026-08-20T19:09:02Z,11.03
HS1 2RB,SHEPD,LV,1,TV9581,3,2026-08-20T08:07:21Z,2026-08-20T19:09:02Z,11.03
HS1 2RF,SHEPD,LV,1,TV9581,3,2026-08-20T08:07:21Z,2026-08-20T19:09:02Z,11.03
HS1 2RL,SHEPD,LV,1,TV9581,3,2026-08-20T08:07:21Z,2026-08-20T19:09:02Z,11.03
HS1 2RN,SHEPD,LV,1,TV9581,3,2026-08-20T08:07:21Z,2026-08-20T19:09:02Z,11.03
HS1 2SE,SHEPD,LV,1,TV9581,3,2026-08-20T08:07:21Z,2026-08-20T19:09:02Z,11.03
SO40 4XR,SEPD,LV,1,TV9956,18,2026-08-20T10:12:56Z,2026-08-20T21:14:36Z,11.03
SO40 4XT,SEPD,LV,1,TV9956,18,2026-08-20T10:12:56Z,2026-08-20T21:14:36Z,11.03
SO40 4XW,SEPD,LV,1,TV9956,18,2026-08-20T10:12:56Z,2026-08-20T21:14:36Z,11.03
BH23 8BW,SEPD,LV,1,TV5044,17,2026-08-17T10:39:57Z,2026-08-17T21:35:11Z,10.92
BH23 8NA,SEPD,LV,1,TV5044,17,2026-08-17T10:39:57Z,2026-08-17T21:35:11Z,10.92
BH23 8NF,SEPD,LV,1,TV5044,17,2026-08-17T10:39:57Z,2026-08-17T21:35:11Z,10.92
RG28 7JN,SEPD,LV,2,"TV4545,TV8101",58,2026-08-17T01:48:55Z,2026-08-19T13:03:55Z,10.47
RG28 7JR,SEPD,LV,2,"TV4545,TV8101",58,2026-08-17T01:48:55Z,2026-08-19T13:03:55Z,10.47
RG28 7JS,SEPD,LV,2,"TV4545,TV8101",58,2026-08-17T01:48:55Z,2026-08-19T13:03:55Z,10.47
RG28 7JT,SEPD,LV,2,"TV4545,TV8101",58,2026-08-17T01:48:55Z,2026-08-19T13:03:55Z,10.47
RG28 7JU,SEPD,LV,2,"TV4545,TV8101",58,2026-08-17T01:48:55Z,2026-08-19T13:03:55Z,10.47
RG28 7JW,SEPD,LV,2,"TV4545,TV8101",58,2026-08-17T01:48:55Z,2026-08-19T13:03:55Z,10.47
RG28 7JX,SEPD,LV,2,"TV4545,TV8101",58,2026-08-17T01:48:55Z,2026-08-19T13:03:55Z,10.47
RG26 5PY,SEPD,PSI,1,254136,52,2026-08-19T07:47:42Z,2026-08-19T18:12:57Z,10.42
RG26 5SE,SEPD,PSI,1,254136,52,2026-08-19T07:47:42Z,2026-08-19T18:12:57Z,10.42
RG26 5SJ,SEPD,PSI,1,254136,52,2026-08-19T07:47:42Z,2026-08-19T18:12:57Z,10.42
SL3 9AA,SEPD,LV,1,TV4514,41,2026-08-17T01:48:55Z,2026-08-17T11:58:37Z,10.16
SL3 9AP,SEPD,LV,1,TV4514,41,2026-08-17T01:48:55Z,2026-08-17T11:58:37Z,10.16
SL3 9AX,SEPD,LV,1,TV4514,41,2026-08-17T01:48:55Z,2026-08-17T11:58:37Z,10.16
SL3 9AY,SEPD,LV,1,TV4514,41,2026-08-17T01:48:55Z,2026-08-17T11:58:37Z,10.16
SL3 9AZ,SEPD,LV,1,TV4514,41,2026-08-17T01:48:55Z,2026-08-17T11:58:37Z,10.16
SL3 9BE,SEPD,LV,1,TV4514,41,2026-08-17T01:48:55Z,2026-08-17T11:58:37Z,10.16
SL3 9BG,SEPD,LV,1,TV4514,41,2026-08-17T01:48:55Z,2026-08-17T11:58:37Z,10.16
SL3 9BQ,SEPD,LV,1,TV4514,41,2026-08-17T01:48:55Z,2026-08-17T11:58:37Z,10.16
PA65 6AY,SHEPD,PSI,4,"253662,253679,253680,253681",18,2026-08-17T08:23:42Z,2026-08-21T13:57:18Z,10.12
BH20 5PU,SEPD,HV,1,TV6674,12,2026-08-18T11:01:30Z,2026-08-18T20:55:12Z,9.89
DT2 8DW,SEPD,HV,1,TV6674,12,2026-08-18T11:01:30Z,2026-08-18T20:55:12Z,9.89
RG14 2BX,SEPD,LV,1,TW2699,14,2026-08-22T07:38:20Z,2026-08-22T17:28:32Z,9.84
GU35 9HH,SEPD,LV,1,TV8879,2,2026-08-19T18:55:23Z,2026-08-20T04:45:14Z,9.83
GU35 9HJ,SEPD,LV,1,TV8879,2,2026-08-19T18:55:23Z,2026-08-20T04:45:14Z,9.83
SP7 0NA,SEPD,LV,1,TV7884,13,2026-08-19T18:55:23Z,2026-08-20T04:45:14Z,9.83
SP7 8DH,SEPD,LV,1,TV7884,13,2026-08-19T18:55:23Z,2026-08-20T04:45:14Z,9.83
SP7 8EU,SEPD,LV,1,TV7884,13,2026-08-19T18:55:23Z,2026-08-20T04:45:14Z,9.83
SP7 8EX,SEPD,LV,1,TV7884,13,2026-08-19T18:55:23Z,2026-08-20T04:45:14Z,9.83
SP7 8HS,SEPD,LV,1,TV7884,13,2026-08-19T18:55:23Z,2026-08-20T04:45:14Z,9.83
SP7 8NU,SEPD,LV,1,TV7884,13,2026-08-19T18:55:23Z,2026-08-20T04:45:14Z,9.83
SP7 8NX,SEPD,LV,1,TV7884,13,2026-08-19T18:55:23Z,2026-08-20T04:45:14Z,9.83
PO30 5TD,SEPD,PSI,3,"253759,253760,253763",13,2026-08-16T07:44:25Z,2026-08-20T08:07:21Z,9.77
PO30 5TE,SEPD,PSI,3,"253759,253760,253763",13,2026-08-16T07:44:25Z,2026-08-20T08:07:21Z,9.77
RG8 0RB,SEPD,"LV,HV",2,"TV3730,TV5926",527,2026-08-16T08:12:10Z,2026-08-18T06:18:43Z,9.77
RG8 0RW,SEPD,"LV,HV",2,"TV3730,TV5926",527,2026-08-16T08:12:10Z,2026-08-18T06:18:43Z,9.77
RG8 0SA,SEPD,"LV,HV",2,"TV3730,TV5926",527,2026-08-16T08:12:10Z,2026-08-18T06:18:43Z,9.77
SP3 5LN,SEPD,HV,2,"TV7529,TV7530",230,2026-08-19T04:59:22Z,2026-08-19T14:42:27Z,9.72
SP3 5NH,SEPD,HV,2,"TV7529,TV7530",230,2026-08-19T04:59:22Z,2026-08-19T14:42:27Z,9.72
SP3 5NL,SEPD,HV,2,"TV7529,TV7530",230,2026-08-19T04:59:22Z,2026-08-19T14:42:27Z,9.72
PO21 2FE,SEPD,LV,1,TV7121,31,2026-08-18T16:02:41Z,2026-08-19T01:45:39Z,9.72
PO21 2RB,SEPD,LV,1,TV7121,31,2026-08-18T16:02:41Z,2026-08-19T01:45:39Z,9.72
PO21 2RD,SEPD,LV,1,TV7121,31,2026-08-18T16:02:41Z,2026-08-19T01:45:39Z,9.72
PO21 2RE,SEPD,LV,1,TV7121,31,2026-08-18T16:02:41Z,2026-08-19T01:45:39Z,9.72
PO21 2RF,SEPD,LV,1,TV7121,31,2026-08-18T16:02:41Z,2026-08-19T01:45:39Z,9.72
PO21 2RG,SEPD,LV,1,TV7121,31,2026-08-18T16:02:41Z,2026-08-19T01:45:39Z,9.72
PO21 2RQ,SEPD,LV,1,TV7121,31,2026-08-18T16:02:41Z,2026-08-19T01:45:39Z,9.72
PO21 2YQ,SEPD,LV,1,TV7121,31,2026-08-18T16:02:41Z,2026-08-19T01:45:39Z,9.72
SN3 2FW,SEPD,LV,1,TV7034,35,2026-08-18T22:13:40Z,2026-08-19T07:47:42Z,9.57
SN3 2PN,SEPD,LV,1,TV7034,35,2026-08-18T22:13:40Z,2026-08-19T07:47:42Z,9.57
SN3 2PR,SEPD,LV,1,TV7034,35,2026-08-18T22:13:40Z,2026-08-19T07:47:42Z,9.57
SN3 2PW,SEPD,LV,1,TV7034,35,2026-08-18T22:13:40Z,2026-08-19T07:47:42Z,9.57
DT9 4LY,SEPD,LV,1,TV7954,3,2026-08-19T10:04:43Z,2026-08-19T19:32:34Z,9.46
SN14 6HT,SEPD,"PSI,HV",2,"253407,TV8301",182,2026-08-19T08:18:34Z,2026-08-19T14:42:27Z,9.41
SN15 5PU,SEPD,"PSI,HV",2,"253407,TV8301",182,2026-08-19T08:18:34Z,2026-08-19T14:42:27Z,9.41
SN15 5PY,SEPD,"PSI,HV",2,"253407,TV8301",182,2026-08-19T08:18:34Z,2026-08-19T14:42:27Z,9.41
PH22 1RP,SHEPD,"PSI,LV",2,"253574,TV4567",9,2026-08-17T06:30:45Z,2026-08-19T15:48:17Z,9.38
PA66 6BL,SHEPD,LV,1,TV4167,14,2026-08-16T17:29:32Z,2026-08-17T02:48:58Z,9.32
RG8 0QZ,SEPD,LV,1,TV3730,32,2026-08-16T08:12:10Z,2026-08-16T17:29:32Z,9.29
RG8 0RD,SEPD,LV,1,TV3730,32,2026-08-16T08:12:10Z,2026-08-16T17:29:32Z,9.29
RG8 0RH,SEPD,LV,1,TV3730,32,2026-08-16T08:12:10Z,2026-08-16T17:29:32Z,9.29
RG8 0RJ,SEPD,LV,1,TV3730,32,2026-08-16T08:12:10Z,2026-08-16T17:29:32Z,9.29
RG8 0RQ,SEPD,LV,1,TV3730,32,2026-08-16T08:12:10Z,2026-08-16T17:29:32Z,9.29
RG8 0RS,SEPD,LV,1,TV3730,32,2026-08-16T08:12:10Z,2026-08-16T17:29:32Z,9.29
RG8 0RZ,SEPD,LV,1,TV3730,32,2026-08-16T08:12:10Z,2026-08-16T17:29:32Z,9.29
RG8 0SL,SEPD,LV,1,TV3730,32,2026-08-16T08:12:10Z,2026-08-16T17:29:32Z,9.29
BH16 6AF,SEPD,HV,2,"TV7433,TV7434",1374,2026-08-19T02:45:45Z,2026-08-19T11:11:48Z,9.24
BH16 6AG,SEPD,HV,2,"TV7433,TV7434",1374,2026-08-19T02:45:45Z,2026-08-19T11:11:48Z,9.24
BH16 6AL,SEPD,HV,2,"TV7433,TV7434",1374,2026-08-19T02:45:45Z,2026-08-19T11:11:48Z,9.24
BH16 6BZ,SEPD,HV,2,"TV7433,TV7434",1374,2026-08-19T02:45:45Z,2026-08-19T11:11:48Z,9.24
BH16 6DA,SEPD,HV,2,"TV7433,TV7434",1374,2026-08-19T02:45:45Z,2026-08-19T11:11:48Z,9.24
BH20 7DL,SEPD,HV,2,"TV7433,TV7434",1374,2026-08-19T02:45:45Z,2026-08-19T11:11:48Z,9.24
KW9 6NL,SHEPD,PSI,2,"253355,253364",67,2026-08-18T08:47:30Z,2026-08-20T14:53:45Z,9.18
SN8,SEPD,HV,2,"TV7325,TV9371",195,2026-08-18T21:31:19Z,2026-08-20T12:16:55Z,9.04
SN8 4NH,SEPD,HV,2,"TV7325,TV9371",195,2026-08-18T21:31:19Z,2026-08-20T12:16:55Z,9.04
SN8 4NJ,SEPD,HV,2,"TV7325,TV9371",195,2026-08-18T21:31:19Z,2026-08-20T12:16:55Z,9.04
SN8 4NN,SEPD,HV,2,"TV7325,TV9371",195,2026-08-18T21:31:19Z,2026-08-20T12:16:55Z,9.04
SN8 4NP,SEPD,HV,2,"TV7325,TV9371",195,2026-08-18T21:31:19Z,2026-08-20T12:16:55Z,9.04
SN8 4NQ,SEPD,HV,2,"TV7325,TV9371",195,2026-08-18T21:31:19Z,2026-08-20T12:16:55Z,9.04
SN8 4NR,SEPD,HV,2,"TV7325,TV9371",195,2026-08-18T21:31:19Z,2026-08-20T12:16:55Z,9.04
SN8 4NS,SEPD,HV,2,"TV7325,TV9371",195,2026-08-18T21:31:19Z,2026-08-20T12:16:55Z,9.04
DD9 6RJ,SHEPD,PSI,1,253958,19,2026-08-22T06:54:47Z,2026-08-22T15:56:24Z,9.03
SN4 7RG,SEPD,PSI,1,253415,75,2026-08-19T08:18:34Z,2026-08-19T17:18:14Z,8.99
SN4 7RH,SEPD,PSI,1,253415,75,2026-08-19T08:18:34Z,2026-08-19T17:18:14Z,8.99
SN4 7RL,SEPD,PSI,1,253415,75,2026-08-19T08:18:34Z,2026-08-19T17:18:14Z,8.99
SN4 7RN,SEPD,PSI,1,253415,75,2026-08-19T08:18:34Z,2026-08-19T17:18:14Z,8.99
SN4 7RQ,SEPD,PSI,1,253415,75,2026-08-19T08:18:34Z,2026-08-19T17:18:14Z,8.99
SN4 7RR,SEPD,PSI,1,253415,75,2026-08-19T08:18:34Z,2026-08-19T17:18:14Z,8.99
SN4 7RT,SEPD,PSI,1,253415,75,2026-08-19T08:18:34Z,2026-08-19T17:18:14Z,8.99
SN4 7RU,SEPD,PSI,1,253415,75,2026-08-19T08:18:34Z,2026-08-19T17:18:14Z,8.99
SO41 9FE,SEPD,LV,1,TV4215,17,2026-08-16T18:46:02Z,2026-08-17T03:36:47Z,8.85
SO41 9LR,SEPD,LV,1,TV4215,17,2026-08-16T18:46:02Z,2026-08-17T03:36:47Z,8.85
SO41 9LS,SEPD,LV,1,TV4215,17,2026-08-16T18:46:02Z,2026-08-17T03:36:47Z,8.85
PH22 1RB,SHEPD,PSI,2,"253574,253809",5,2026-08-19T08:18:34Z,2026-08-19T23:52:20Z,8.8
RG10 8NT,SEPD,LV,1,TW2798,3,2026-08-22T08:40:35Z,2026-08-22T17:28:32Z,8.8
PH1 3AF,SHEPD,PSI,2,"253474,254274",9,2026-08-19T08:18:34Z,2026-08-21T13:57:18Z,8.78
RG5 3BG,SEPD,"HV,LV",2,"TV4225,TW1070",359,2026-08-16T19:33:38Z,2026-08-21T04:25:21Z,8.78
RG5 4LE,SEPD,"HV,LV",2,"TV4225,TW1070",359,2026-08-16T19:33:38Z,2026-08-21T04:25:21Z,8.78
RG5 4LG,SEPD,"HV,LV",2,"TV4225,TW1070",359,2026-08-16T19:33:38Z,2026-08-21T04:25:21Z,8.78
RG5 4LJ,SEPD,"HV,LV",2,"TV4225,TW1070",359,2026-08-16T19:33:38Z,2026-08-21T04:25:21Z,8.78
RG5 4NB,SEPD,"HV,LV",2,"TV4225,TW1070",359,2026-08-16T19:33:38Z,2026-08-21T04:25:21Z,8.78
ZE2 9BB,SHEPD,PSI,1,253631,124,2026-08-20T08:07:21Z,2026-08-20T16:49:36Z,8.7
ZE2 9BZ,SHEPD,PSI,1,253631,124,2026-08-20T08:07:21Z,2026-08-20T16:49:36Z,8.7
ZE2 9DD,SHEPD,PSI,1,253631,124,2026-08-20T08:07:21Z,2026-08-20T16:49:36Z,8.7
ZE2 9DE,SHEPD,PSI,1,253631,124,2026-08-20T08:07:21Z,2026-08-20T16:49:36Z,8.7
DT11 8PF,SEPD,HV,2,"TV7392,TV7647",921,2026-08-19T04:21:34Z,2026-08-19T13:56:22Z,8.61
DT11 8PG,SEPD,HV,2,"TV7392,TV7647",921,2026-08-19T04:21:34Z,2026-08-19T13:56:22Z,8.61
DT11 8RA,SEPD,HV,2,"TV7392,TV7647",921,2026-08-19T04:21:34Z,2026-08-19T13:56:22Z,8.61
DT11 8RB,SEPD,HV,2,"TV7392,TV7647",921,2026-08-19T04:21:34Z,2026-08-19T13:56:22Z,8.61
RG7 5AZ,SEPD,LV,1,TV4106,26,2026-08-16T15:29:24Z,2026-08-16T23:55:39Z,8.44
RG7 5BA,SEPD,LV,1,TV4106,26,2026-08-16T15:29:24Z,2026-08-16T23:55:39Z,8.44
RG7 5BN,SEPD,LV,1,TV4106,26,2026-08-16T15:29:24Z,2026-08-16T23:55:39Z,8.44
RG7 5BS,SEPD,LV,1,TV4106,26,2026-08-16T15:29:24Z,2026-08-16T23:55:39Z,8.44
RG7 5BW,SEPD,LV,1,TV4106,26,2026-08-16T15:29:24Z,2026-08-16T23:55:39Z,8.44
RG7 5DT,SEPD,LV,1,TV4106,26,2026-08-16T15:29:24Z,2026-08-16T23:55:39Z,8.44
RG26 5BH,SEPD,PSI,1,253378,252,2026-08-16T07:44:25Z,2026-08-16T16:09:52Z,8.42
RG26 5BJ,SEPD,PSI,1,253378,252,2026-08-16T07:44:25Z,2026-08-16T16:09:52Z,8.42
RG26 5BL,SEPD,PSI,1,253378,252,2026-08-16T07:44:25Z,2026-08-16T16:09:52Z,8.42
RG26 5BN,SEPD,PSI,1,253378,252,2026-08-16T07:44:25Z,2026-08-16T16:09:52Z,8.42
RG26 5BP,SEPD,PSI,1,253378,252,2026-08-16T07:44:25Z,2026-08-16T16:09:52Z,8.42
RG26 5BS,SEPD,PSI,1,253378,252,2026-08-16T07:44:25Z,2026-08-16T16:09:52Z,8.42
RG26 5BW,SEPD,PSI,1,253378,252,2026-08-16T07:44:25Z,2026-08-16T16:09:52Z,8.42
RG26 5DB,SEPD,PSI,1,253378,252,2026-08-16T07:44:25Z,2026-08-16T16:09:52Z,8.42
RG26 5DD,SEPD,PSI,1,253378,252,2026-08-16T07:44:25Z,2026-08-16T16:09:52Z,8.42
RG26 5DE,SEPD,PSI,1,253378,252,2026-08-16T07:44:25Z,2026-08-16T16:09:52Z,8.42
RG26 5DF,SEPD,PSI,1,253378,252,2026-08-16T07:44:25Z,2026-08-16T16:09:52Z,8.42
RG26 5DG,SEPD,PSI,1,253378,252,2026-08-16T07:44:25Z,2026-08-16T16:09:52Z,8.42
RG26 5DJ,SEPD,PSI,1,253378,252,2026-08-16T07:44:25Z,2026-08-16T16:09:52Z,8.42
RG26 5DL,SEPD,PSI,1,253378,252,2026-08-16T07:44:25Z,2026-08-16T16:09:52Z,8.42
RG26 5DQ,SEPD,PSI,1,253378,252,2026-08-16T07:44:25Z,2026-08-16T16:09:52Z,8.42
RG26 5DT,SEPD,PSI,1,253378,252,2026-08-16T07:44:25Z,2026-08-16T16:09:52Z,8.42
RG26 5DW,SEPD,PSI,1,253378,252,2026-08-16T07:44:25Z,2026-08-16T16:09:52Z,8.42
RG26 5EH,SEPD,PSI,1,253378,252,2026-08-16T07:44:25Z,2026-08-16T16:09:52Z,8.42
RG26 5EJ,SEPD,PSI,1,253378,252,2026-08-16T07:44:25Z,2026-08-16T16:09:52Z,8.42
RG26 5EL,SEPD,PSI,1,253378,252,2026-08-16T07:44:25Z,2026-08-16T16:09:52Z,8.42
RG26 5EN,SEPD,PSI,1,253378,252,2026-08-16T07:44:25Z,2026-08-16T16:09:52Z,8.42
RG26 5WW,SEPD,PSI,1,253378,252,2026-08-16T07:44:25Z,2026-08-16T16:09:52Z,8.42
RG26 5ZD,SEPD,PSI,1,253378,252,2026-08-16T07:44:25Z,2026-08-16T16:09:52Z,8.42
RG7 2NH,SEPD,PSI,1,253378,252,2026-08-16T07:44:25Z,2026-08-16T16:09:52Z,8.42
IV51 9NP,SHEPD,PSI,1,253485,13,2026-08-22T07:38:20Z,2026-08-22T15:56:24Z,8.3
IV51 9PF,SHEPD,PSI,1,253485,13,2026-08-22T07:38:20Z,2026-08-22T15:56:24Z,8.3
IV51 9PQ,SHEPD,PSI,1,253485,13,2026-08-22T07:38:20Z,2026-08-22T15:56:24Z,8.3
RG12 0PE,SEPD,LV,1,TW2460,39,2026-08-22T06:54:47Z,2026-08-22T15:11:28Z,8.28
RG12 0UJ,SEPD,LV,1,TW2460,39,2026-08-22T06:54:47Z,2026-08-22T15:11:28Z,8.28
RG12 0UL,SEPD,LV,1,TW2460,39,2026-08-22T06:54:47Z,2026-08-22T15:11:28Z,8.28
PO6 1NB,SEPD,LV,1,TV3459,7,2026-08-15T18:43:04Z,2026-08-16T02:54:59Z,8.2
PA23 8RA,SHEPD,PSI,3,"253474,253498,253652",38,2026-08-18T07:53:59Z,2026-08-20T13:17:59Z,8.09
PO30 3JT,SEPD,LV,1,TV4967,5,2026-08-17T09:57:52Z,2026-08-17T18:02:45Z,8.08
PO30 3LR,SEPD,LV,1,TV4967,5,2026-08-17T09:57:52Z,2026-08-17T18:02:45Z,8.08
PO33 1QF,SEPD,"HV,LV",2,"TW2478,TW2792",251,2026-08-22T00:57:57Z,2026-08-22T10:00:01Z,7.97
RG6 5UP,SEPD,LV,2,"TV3411,TW3120",38,2026-08-15T17:28:33Z,2026-08-22T16:33:41Z,7.92
PO9 3PY,SEPD,LV,1,TV4579,13,2026-08-17T05:11:16Z,2026-08-17T12:59:19Z,7.8
PO9 3QA,SEPD,LV,1,TV4579,13,2026-08-17T05:11:16Z,2026-08-17T12:59:19Z,7.8
DD4 8QG,SHEPD,LV,1,TV7628,7,2026-08-19T07:00:11Z,2026-08-19T14:42:27Z,7.7
DD4 8RW,SHEPD,LV,1,TV7628,7,2026-08-19T07:00:11Z,2026-08-19T14:42:27Z,7.7
SO19 0SW,SEPD,"HV,LV",4,"TV3971,TV5274,TV8277,TW3035",258,2026-08-16T13:58:46Z,2026-08-22T13:58:09Z,7.67
BH13,SEPD,LV,1,TV7483,33,2026-08-19T04:21:34Z,2026-08-19T12:01:20Z,7.66
BH13 7BL,SEPD,LV,1,TV7483,33,2026-08-19T04:21:34Z,2026-08-19T12:01:20Z,7.66
BH13 7HD,SEPD,LV,1,TV7483,33,2026-08-19T04:21:34Z,2026-08-19T12:01:20Z,7.66
BH13 7HE,SEPD,LV,1,TV7483,33,2026-08-19T04:21:34Z,2026-08-19T12:01:20Z,7.66
BH13 7HN,SEPD,LV,1,TV7483,33,2026-08-19T04:21:34Z,2026-08-19T12:01:20Z,7.66
BH13 7JS,SEPD,LV,1,TV7483,33,2026-08-19T04:21:34Z,2026-08-19T12:01:20Z,7.66
BH13 7JX,SEPD,LV,1,TV7483,33,2026-08-19T04:21:34Z,2026-08-19T12:01:20Z,7.66
BH13 7LH,SEPD,LV,1,TV7483,33,2026-08-19T04:21:34Z,2026-08-19T12:01:20Z,7.66
BH13 7LP,SEPD,LV,1,TV7483,33,2026-08-19T04:21:34Z,2026-08-19T12:01:20Z,7.66
BH13 7LQ,SEPD,LV,1,TV7483,33,2026-08-19T04:21:34Z,2026-08-19T12:01:20Z,7.66
BH13 7LU,SEPD,LV,1,TV7483,33,2026-08-19T04:21:34Z,2026-08-19T12:01:20Z,7.66
BA12 7JW,SEPD,HV,1,TV4696,5,2026-08-17T07:35:37Z,2026-08-17T15:11:57Z,7.61
BA12 7NW,SEPD,HV,1,TV4696,5,2026-08-17T07:35:37Z,2026-08-17T15:11:57Z,7.61
IV28 3UB,SHEPD,PSI,1,253056,45,2026-08-17T08:23:42Z,2026-08-17T16:00:25Z,7.61
IV28 3UD,SHEPD,PSI,1,253056,45,2026-08-17T08:23:42Z,2026-08-17T16:00:25Z,7.61
SN10 4NA,SEPD,"LV,HV",2,"TW2060,TW2367",26,2026-08-21T13:57:18Z,2026-08-21T21:55:42Z,7.57
SN10 4NE,SEPD,"LV,HV",2,"TW2060,TW2367",26,2026-08-21T13:57:18Z,2026-08-21T21:55:42Z,7.57
BA22 8BD,SEPD,PSI,1,254159,41,2026-08-20T08:07:21Z,2026-08-20T15:41:40Z,7.57
BA22 8EB,SEPD,PSI,1,254159,41,2026-08-20T08:07:21Z,2026-08-20T15:41:40Z,7.57
BA22 8ED,SEPD,PSI,1,254159,41,2026-08-20T08:07:21Z,2026-08-20T15:41:40Z,7.57
BA22 8EE,SEPD,PSI,1,254159,41,2026-08-20T08:07:21Z,2026-08-20T15:41:40Z,7.57
BA22 8RS,SEPD,PSI,1,254159,41,2026-08-20T08:07:21Z,2026-08-20T15:41:40Z,7.57
SN6 8PA,SEPD,PSI,1,253152,7,2026-08-20T08:07:21Z,2026-08-20T15:41:40Z,7.57
SN6 8PT,SEPD,PSI,1,253152,7,2026-08-20T08:07:21Z,2026-08-20T15:41:40Z,7.57
RG7,SEPD,HV,2,"TV6839,TV7123",339,2026-08-18T13:01:53Z,2026-08-18T20:55:12Z,7.51
RG7 5QG,SEPD,HV,2,"TV6839,TV7123",339,2026-08-18T13:01:53Z,2026-08-18T20:55:12Z,7.51
RG7 5QH,SEPD,HV,2,"TV6839,TV7123",339,2026-08-18T13:01:53Z,2026-08-18T20:55:12Z,7.51
RG7 5TA,SEPD,HV,2,"TV6839,TV7123",339,2026-08-18T13:01:53Z,2026-08-18T20:55:12Z,7.51
RG7 5TB,SEPD,HV,2,"TV6839,TV7123",339,2026-08-18T13:01:53Z,2026-08-18T20:55:12Z,7.51
RG7 5TG,SEPD,HV,2,"TV6839,TV7123",339,2026-08-18T13:01:53Z,2026-08-18T20:55:12Z,7.51
RG7 5TH,SEPD,HV,2,"TV6839,TV7123",339,2026-08-18T13:01:53Z,2026-08-18T20:55:12Z,7.51
RG7 5TJ,SEPD,HV,2,"TV6839,TV7123",339,2026-08-18T13:01:53Z,2026-08-18T20:55:12Z,7.51
RG7 5TQ,SEPD,HV,2,"TV6839,TV7123",339,2026-08-18T13:01:53Z,2026-08-18T20:55:12Z,7.51
RG7 5TZ,SEPD,HV,2,"TV6839,TV7123",339,2026-08-18T13:01:53Z,2026-08-18T20:55:12Z,7.51
RG26 5LE,SEPD,"PSI,LV",2,"254136,TV7649",61,2026-08-19T07:00:11Z,2026-08-19T18:12:57Z,7.47
RG26 5LF,SEPD,"PSI,LV",2,"254136,TV7649",61,2026-08-19T07:00:11Z,2026-08-19T18:12:57Z,7.47
BH21 7DJ,SEPD,PSI,1,253798,77,2026-08-19T07:47:42Z,2026-08-19T15:13:14Z,7.43
BH21 7DL,SEPD,PSI,1,253798,77,2026-08-19T07:47:42Z,2026-08-19T15:13:14Z,7.43
BH21 7DN,SEPD,PSI,1,253798,77,2026-08-19T07:47:42Z,2026-08-19T15:13:14Z,7.43
BH21 7DP,SEPD,PSI,1,253798,77,2026-08-19T07:47:42Z,2026-08-19T15:13:14Z,7.43
BH21 7DW,SEPD,PSI,1,253798,77,2026-08-19T07:47:42Z,2026-08-19T15:13:14Z,7.43
BH21 7EB,SEPD,PSI,1,253798,77,2026-08-19T07:47:42Z,2026-08-19T15:13:14Z,7.43
GU7 1XY,SEPD,LV,1,TV7524,12,2026-08-19T05:38:25Z,2026-08-19T13:03:55Z,7.43
GU7 1YA,SEPD,LV,1,TV7524,12,2026-08-19T05:38:25Z,2026-08-19T13:03:55Z,7.43
SL8 5RG,SEPD,LV,2,"TV3342,TW0522",6,2026-08-15T17:28:33Z,2026-08-20T22:45:49Z,7.42
PO15 6AB,SEPD,LV,1,TW1257,16,2026-08-21T05:47:25Z,2026-08-21T13:05:57Z,7.31
PO15 6AD,SEPD,LV,1,TW1257,16,2026-08-21T05:47:25Z,2026-08-21T13:05:57Z,7.31
PO15 6AE,SEPD,LV,1,TW1257,16,2026-08-21T05:47:25Z,2026-08-21T13:05:57Z,7.31
PO15 6AU,SEPD,LV,1,TW1257,16,2026-08-21T05:47:25Z,2026-08-21T13:05:57Z,7.31
PO15 6BT,SEPD,LV,1,TW1257,16,2026-08-21T05:47:25Z,2026-08-21T13:05:57Z,7.31
PO15 6DH,SEPD,LV,1,TW1257,16,2026-08-21T05:47:25Z,2026-08-21T13:05:57Z,7.31
PO15 6DU,SEPD,LV,1,TW1257,16,2026-08-21T05:47:25Z,2026-08-21T13:05:57Z,7.31
DD9 6RD,SHEPD,PSI,1,253957,51,2026-08-22T08:40:35Z,2026-08-22T15:56:24Z,7.26
DD9 6RP,SHEPD,PSI,1,253957,51,2026-08-22T08:40:35Z,2026-08-22T15:56:24Z,7.26
DD9 6RW,SHEPD,PSI,1,253957,51,2026-08-22T08:40:35Z,2026-08-22T15:56:24Z,7.26
DD9 6SG,SHEPD,PSI,1,253957,51,2026-08-22T08:40:35Z,2026-08-22T15:56:24Z,7.26
DD9 6SQ,SHEPD,PSI,1,253957,51,2026-08-22T08:40:35Z,2026-08-22T15:56:24Z,7.26
SL7 3PR,SEPD,LV,1,TV5911,32,2026-08-18T05:50:05Z,2026-08-18T13:01:53Z,7.2
SL7 3PS,SEPD,LV,1,TV5911,32,2026-08-18T05:50:05Z,2026-08-18T13:01:53Z,7.2
SL7 3PZ,SEPD,LV,1,TV5911,32,2026-08-18T05:50:05Z,2026-08-18T13:01:53Z,7.2
SL7 3QD,SEPD,LV,1,TV5911,32,2026-08-18T05:50:05Z,2026-08-18T13:01:53Z,7.2
SL7 3QE,SEPD,LV,1,TV5911,32,2026-08-18T05:50:05Z,2026-08-18T13:01:53Z,7.2
SL7 3QF,SEPD,LV,1,TV5911,32,2026-08-18T05:50:05Z,2026-08-18T13:01:53Z,7.2
SL7 3QT,SEPD,LV,1,TV5911,32,2026-08-18T05:50:05Z,2026-08-18T13:01:53Z,7.2
SL7 3QU,SEPD,LV,1,TV5911,32,2026-08-18T05:50:05Z,2026-08-18T13:01:53Z,7.2
OX44 7AW,SEPD,"PSI,HV",2,"253148,TW1826",998,2026-08-18T08:47:30Z,2026-08-21T12:02:32Z,7.18
OX44 7HX,SEPD,"PSI,HV",2,"253148,TW1826",998,2026-08-18T08:47:30Z,2026-08-21T12:02:32Z,7.18
OX44 7HY,SEPD,"PSI,HV",2,"253148,TW1826",998,2026-08-18T08:47:30Z,2026-08-21T12:02:32Z,7.18
OX44 7HZ,SEPD,"PSI,HV",2,"253148,TW1826",998,2026-08-18T08:47:30Z,2026-08-21T12:02:32Z,7.18
OX44 7JA,SEPD,"PSI,HV",2,"253148,TW1826",998,2026-08-18T08:47:30Z,2026-08-21T12:02:32Z,7.18
OX44 7JD,SEPD,"PSI,HV",2,"253148,TW1826",998,2026-08-18T08:47:30Z,2026-08-21T12:02:32Z,7.18
OX44 7JH,SEPD,"PSI,HV",2,"253148,TW1826",998,2026-08-18T08:47:30Z,2026-08-21T12:02:32Z,7.18
OX44 7NE,SEPD,"PSI,HV",2,"253148,TW1826",998,2026-08-18T08:47:30Z,2026-08-21T12:02:32Z,7.18
OX44 7NF,SEPD,"PSI,HV",2,"253148,TW1826",998,2026-08-18T08:47:30Z,2026-08-21T12:02:32Z,7.18
OX44 7NH,SEPD,"PSI,HV",2,"253148,TW1826",998,2026-08-18T08:47:30Z,2026-08-21T12:02:32Z,7.18
OX44 7NJ,SEPD,"PSI,HV",2,"253148,TW1826",998,2026-08-18T08:47:30Z,2026-08-21T12:02:32Z,7.18
OX44 7NL,SEPD,"PSI,HV",2,"253148,TW1826",998,2026-08-18T08:47:30Z,2026-08-21T12:02:32Z,7.18
OX44 7NP,SEPD,"PSI,HV",2,"253148,TW1826",998,2026-08-18T08:47:30Z,2026-08-21T12:02:32Z,7.18
OX44 7NQ,SEPD,"PSI,HV",2,"253148,TW1826",998,2026-08-18T08:47:30Z,2026-08-21T12:02:32Z,7.18
OX44 7NS,SEPD,"PSI,HV",2,"253148,TW1826",998,2026-08-18T08:47:30Z,2026-08-21T12:02:32Z,7.18
OX44 7NT,SEPD,"PSI,HV",2,"253148,TW1826",998,2026-08-18T08:47:30Z,2026-08-21T12:02:32Z,7.18
OX44 7NU,SEPD,"PSI,HV",2,"253148,TW1826",998,2026-08-18T08:47:30Z,2026-08-21T12:02:32Z,7.18
OX44 7NX,SEPD,"PSI,HV",2,"253148,TW1826",998,2026-08-18T08:47:30Z,2026-08-21T12:02:32Z,7.18
OX44 7NY,SEPD,"PSI,HV",2,"253148,TW1826",998,2026-08-18T08:47:30Z,2026-08-21T12:02:32Z,7.18
OX44 7NZ,SEPD,"PSI,HV",2,"253148,TW1826",998,2026-08-18T08:47:30Z,2026-08-21T12:02:32Z,7.18
OX44 7PA,SEPD,"PSI,HV",2,"253148,TW1826",998,2026-08-18T08:47:30Z,2026-08-21T12:02:32Z,7.18
OX44 7PB,SEPD,"PSI,HV",2,"253148,TW1826",998,2026-08-18T08:47:30Z,2026-08-21T12:02:32Z,7.18
OX44 7PH,SEPD,"PSI,HV",2,"253148,TW1826",998,2026-08-18T08:47:30Z,2026-08-21T12:02:32Z,7.18
OX44 7PJ,SEPD,"PSI,HV",2,"253148,TW1826",998,2026-08-18T08:47:30Z,2026-08-21T12:02:32Z,7.18
OX44 7PL,SEPD,"PSI,HV",2,"253148,TW1826",998,2026-08-18T08:47:30Z,2026-08-21T12:02:32Z,7.18
OX44 7PN,SEPD,"PSI,HV",2,"253148,TW1826",998,2026-08-18T08:47:30Z,2026-08-21T12:02:32Z,7.18
OX44 7UB,SEPD,"PSI,HV",2,"253148,TW1826",998,2026-08-18T08:47:30Z,2026-08-21T12:02:32Z,7.18
PO30 5AJ,SEPD,LV,1,TW1013,34,2026-08-20T21:14:36Z,2026-08-21T04:25:21Z,7.18
PO30 5LS,SEPD,LV,1,TW1013,34,2026-08-20T21:14:36Z,2026-08-21T04:25:21Z,7.18
PO30 5LT,SEPD,LV,1,TW1013,34,2026-08-20T21:14:36Z,2026-08-21T04:25:21Z,7.18
PO30 5LU,SEPD,LV,1,TW1013,34,2026-08-20T21:14:36Z,2026-08-21T04:25:21Z,7.18
PO30 5PU,SEPD,LV,1,TW1013,34,2026-08-20T21:14:36Z,2026-08-21T04:25:21Z,7.18
PO30 5ZL,SEPD,LV,1,TW1013,34,2026-08-20T21:14:36Z,2026-08-21T04:25:21Z,7.18
SP11 6AJ,SEPD,PSI,1,253579,42,2026-08-20T08:55:24Z,2026-08-20T16:05:54Z,7.17
SP11 6AN,SEPD,PSI,1,253579,42,2026-08-20T08:55:24Z,2026-08-20T16:05:54Z,7.17
SP11 6AP,SEPD,PSI,1,253579,42,2026-08-20T08:55:24Z,2026-08-20T16:05:54Z,7.17
SP11 6AW,SEPD,PSI,1,253579,42,2026-08-20T08:55:24Z,2026-08-20T16:05:54Z,7.17
SP11 6EA,SEPD,PSI,1,253579,42,2026-08-20T08:55:24Z,2026-08-20T16:05:54Z,7.17
SP11 6EB,SEPD,PSI,1,253579,42,2026-08-20T08:55:24Z,2026-08-20T16:05:54Z,7.17
SP11 6ED,SEPD,PSI,1,253579,42,2026-08-20T08:55:24Z,2026-08-20T16:05:54Z,7.17
SP11 6EE,SEPD,PSI,1,253579,42,2026-08-20T08:55:24Z,2026-08-20T16:05:54Z,7.17
DD8 1DX,SHEPD,LV,3,"TV5682,TV6553,TW0127",15,2026-08-17T18:53:52Z,2026-08-20T14:53:45Z,7.11
DD5 3QH,SHEPD,PSI,2,"253766,253945",32,2026-08-19T08:18:34Z,2026-08-20T12:16:55Z,7.07
PO33 1AT,SEPD,"LV,HV",2,"TV3928,TW2478",256,2026-08-16T13:00:57Z,2026-08-22T07:59:51Z,7.03
PO33 1AU,SEPD,"LV,HV",2,"TV3928,TW2478",256,2026-08-16T13:00:57Z,2026-08-22T07:59:51Z,7.03
PO33 1AY,SEPD,"LV,HV",2,"TV3928,TW2478",256,2026-08-16T13:00:57Z,2026-08-22T07:59:51Z,7.03
PO33 1FA,SEPD,"LV,HV",2,"TV3928,TW2478",256,2026-08-16T13:00:57Z,2026-08-22T07:59:51Z,7.03
PO33 1QE,SEPD,"HV,LV",2,"TW2478,TW3045",252,2026-08-22T00:57:57Z,2026-08-22T13:01:07Z,7.03
PO33 1AR,SEPD,HV,1,TW2478,249,2026-08-22T00:57:57Z,2026-08-22T07:59:51Z,7.03
PO33 1AS,SEPD,HV,1,TW2478,249,2026-08-22T00:57:57Z,2026-08-22T07:59:51Z,7.03
PO33 1AX,SEPD,HV,1,TW2478,249,2026-08-22T00:57:57Z,2026-08-22T07:59:51Z,7.03
PO33 1BB,SEPD,HV,1,TW2478,249,2026-08-22T00:57:57Z,2026-08-22T07:59:51Z,7.03
PO33 1FX,SEPD,HV,1,TW2478,249,2026-08-22T00:57:57Z,2026-08-22T07:59:51Z,7.03
PO33 1QG,SEPD,HV,1,TW2478,249,2026-08-22T00:57:57Z,2026-08-22T07:59:51Z,7.03
PO33 1QH,SEPD,HV,1,TW2478,249,2026-08-22T00:57:57Z,2026-08-22T07:59:51Z,7.03
PO33 1QJ,SEPD,HV,1,TW2478,249,2026-08-22T00:57:57Z,2026-08-22T07:59:51Z,7.03
PO33 1QL,SEPD,HV,1,TW2478,249,2026-08-22T00:57:57Z,2026-08-22T07:59:51Z,7.03
PO33 1QN,SEPD,HV,1,TW2478,249,2026-08-22T00:57:57Z,2026-08-22T07:59:51Z,7.03
PO33 1QQ,SEPD,HV,1,TW2478,249,2026-08-22T00:57:57Z,2026-08-22T07:59:51Z,7.03
PO33 1QS,SEPD,HV,1,TW2478,249,2026-08-22T00:57:57Z,2026-08-22T07:59:51Z,7.03
PO33 1QT,SEPD,HV,1,TW2478,249,2026-08-22T00:57:57Z,2026-08-22T07:59:51Z,7.03
PO33 1QW,SEPD,HV,1,TW2478,249,2026-08-22T00:57:57Z,2026-08-22T07:59:51Z,7.03
PO33 1QY,SEPD,HV,1,TW2478,249,2026-08-22T00:57:57Z,2026-08-22T07:59:51Z,7.03
PO33 1RE,SEPD,HV,1,TW2478,249,2026-08-22T00:57:57Z,2026-08-22T07:59:51Z,7.03
PO33 1RF,SEPD,HV,1,TW2478,249,2026-08-22T00:57:57Z,2026-08-22T07:59:51Z,7.03
PO33 1XU,SEPD,HV,1,TW2478,249,2026-08-22T00:57:57Z,2026-08-22T07:59:51Z,7.03
PO33 4AP,SEPD,HV,1,TW2478,249,2026-08-22T00:57:57Z,2026-08-22T07:59:51Z,7.03
BA12 7JU,SEPD,LV,1,TV7453,32,2026-08-19T07:00:11Z,2026-08-19T13:56:22Z,6.94
BA12 8JE,SEPD,LV,1,TV7453,32,2026-08-19T07:00:11Z,2026-08-19T13:56:22Z,6.94
BA12 8JF,SEPD,LV,1,TV7453,32,2026-08-19T07:00:11Z,2026-08-19T13:56:22Z,6.94
BA12 8JG,SEPD,LV,1,TV7453,32,2026-08-19T07:00:11Z,2026-08-19T13:56:22Z,6.94
BA12 8JH,SEPD,LV,1,TV7453,32,2026-08-19T07:00:11Z,2026-08-19T13:56:22Z,6.94
BA12 8JJ,SEPD,LV,1,TV7453,32,2026-08-19T07:00:11Z,2026-08-19T13:56:22Z,6.94
BA12 8JQ,SEPD,LV,1,TV7453,32,2026-08-19T07:00:11Z,2026-08-19T13:56:22Z,6.94
BA12 8JX,SEPD,LV,1,TV7453,32,2026-08-19T07:00:11Z,2026-08-19T13:56:22Z,6.94
BA12 8NL,SEPD,LV,1,TV7453,32,2026-08-19T07:00:11Z,2026-08-19T13:56:22Z,6.94
IV2 7QX,SHEPD,PSI,1,253565,3,2026-08-19T08:18:34Z,2026-08-19T15:13:14Z,6.91
SP6 1PL,SEPD,PSI,1,252807,56,2026-08-19T08:18:34Z,2026-08-19T15:13:14Z,6.91
SP6 1PP,SEPD,PSI,1,252807,56,2026-08-19T08:18:34Z,2026-08-19T15:13:14Z,6.91
SP6 1PR,SEPD,PSI,1,252807,56,2026-08-19T08:18:34Z,2026-08-19T15:13:14Z,6.91
SP6 1PS,SEPD,PSI,1,252807,56,2026-08-19T08:18:34Z,2026-08-19T15:13:14Z,6.91
SP6 1PY,SEPD,PSI,1,252807,56,2026-08-19T08:18:34Z,2026-08-19T15:13:14Z,6.91
SP6 1PZ,SEPD,PSI,1,252807,56,2026-08-19T08:18:34Z,2026-08-19T15:13:14Z,6.91
SP6 1QA,SEPD,PSI,1,252807,56,2026-08-19T08:18:34Z,2026-08-19T15:13:14Z,6.91
SP6 1QB,SEPD,PSI,1,252807,56,2026-08-19T08:18:34Z,2026-08-19T15:13:14Z,6.91
SP6 1QD,SEPD,PSI,1,252807,56,2026-08-19T08:18:34Z,2026-08-19T15:13:14Z,6.91
SP6 1QE,SEPD,PSI,1,252807,56,2026-08-19T08:18:34Z,2026-08-19T15:13:14Z,6.91
SP6 1QF,SEPD,PSI,1,252807,56,2026-08-19T08:18:34Z,2026-08-19T15:13:14Z,6.91
SP6 1QG,SEPD,PSI,1,252807,56,2026-08-19T08:18:34Z,2026-08-19T15:13:14Z,6.91
SO31 8BS,SEPD,HV,1,TV3971,238,2026-08-16T13:58:46Z,2026-08-16T20:52:57Z,6.9
SO31 8BT,SEPD,HV,1,TV3971,238,2026-08-16T13:58:46Z,2026-08-16T20:52:57Z,6.9
SO31 8ED,SEPD,HV,1,TV3971,238,2026-08-16T13:58:46Z,2026-08-16T20:52:57Z,6.9
SO31 8ET,SEPD,HV,1,TV3971,238,2026-08-16T13:58:46Z,2026-08-16T20:52:57Z,6.9
SO31 8EW,SEPD,HV,1,TV3971,238,2026-08-16T13:58:46Z,2026-08-16T20:52:57Z,6.9
SO31 8EY,SEPD,HV,1,TV3971,238,2026-08-16T13:58:46Z,2026-08-16T20:52:57Z,6.9
SO31 8EZ,SEPD,HV,1,TV3971,238,2026-08-16T13:58:46Z,2026-08-16T20:52:57Z,6.9
SO31 8FD,SEPD,HV,1,TV3971,238,2026-08-16T13:58:46Z,2026-08-16T20:52:57Z,6.9
SO31 8FE,SEPD,HV,1,TV3971,238,2026-08-16T13:58:46Z,2026-08-16T20:52:57Z,6.9
SO31 8FF,SEPD,HV,1,TV3971,238,2026-08-16T13:58:46Z,2026-08-16T20:52:57Z,6.9
SO31 8FG,SEPD,HV,1,TV3971,238,2026-08-16T13:58:46Z,2026-08-16T20:52:57Z,6.9
SO31 8GD,SEPD,HV,1,TV3971,238,2026-08-16T13:58:46Z,2026-08-16T20:52:57Z,6.9
SO31 8JQ,SEPD,HV,1,TV3971,238,2026-08-16T13:58:46Z,2026-08-16T20:52:57Z,6.9
SN16 0EU,SEPD,"PSI,LV",2,"253411,TV6660",31,2026-08-17T08:23:42Z,2026-08-18T11:01:30Z,6.8
SN16 0EX,SEPD,"PSI,LV",2,"253411,TV6660",31,2026-08-17T08:23:42Z,2026-08-18T11:01:30Z,6.8
SN16 0FJ,SEPD,"PSI,LV",2,"253411,TV6660",31,2026-08-17T08:23:42Z,2026-08-18T11:01:30Z,6.8
RG9 3BT,SEPD,PSI,1,253390,179,2026-08-17T08:23:42Z,2026-08-17T15:11:57Z,6.8
RG9 3EP,SEPD,PSI,1,253390,179,2026-08-17T08:23:42Z,2026-08-17T15:11:57Z,6.8
RG9 3JN,SEPD,PSI,1,253390,179,2026-08-17T08:23:42Z,2026-08-17T15:11:57Z,6.8
RG9 3JP,SEPD,PSI,1,253390,179,2026-08-17T08:23:42Z,2026-08-17T15:11:57Z,6.8
RG9 3JY,SEPD,PSI,1,253390,179,2026-08-17T08:23:42Z,2026-08-17T15:11:57Z,6.8
RG9 3LG,SEPD,PSI,1,253390,179,2026-08-17T08:23:42Z,2026-08-17T15:11:57Z,6.8
RG9 3NX,SEPD,PSI,1,253390,179,2026-08-17T08:23:42Z,2026-08-17T15:11:57Z,6.8
RG9 3PH,SEPD,PSI,1,253390,179,2026-08-17T08:23:42Z,2026-08-17T15:11:57Z,6.8
RG9 4AA,SEPD,PSI,1,253390,179,2026-08-17T08:23:42Z,2026-08-17T15:11:57Z,6.8
RG9 4AB,SEPD,PSI,1,253390,179,2026-08-17T08:23:42Z,2026-08-17T15:11:57Z,6.8
RG9 4AD,SEPD,PSI,1,253390,179,2026-08-17T08:23:42Z,2026-08-17T15:11:57Z,6.8
RG9 4AE,SEPD,PSI,1,253390,179,2026-08-17T08:23:42Z,2026-08-17T15:11:57Z,6.8
RG9 4AF,SEPD,PSI,1,253390,179,2026-08-17T08:23:42Z,2026-08-17T15:11:57Z,6.8
RG9 4AG,SEPD,PSI,1,253390,179,2026-08-17T08:23:42Z,2026-08-17T15:11:57Z,6.8
RG9 4JJ,SEPD,PSI,1,253390,179,2026-08-17T08:23:42Z,2026-08-17T15:11:57Z,6.8
RG9 5PS,SEPD,PSI,1,253390,179,2026-08-17T08:23:42Z,2026-08-17T15:11:57Z,6.8
OX3 8TS,SEPD,LV,1,TW0430,13,2026-08-20T17:16:01Z,2026-08-21T00:00:31Z,6.74
OX3 8TT,SEPD,LV,1,TW0430,13,2026-08-20T17:16:01Z,2026-08-21T00:00:31Z,6.74
DT2 7DJ,SEPD,LV,2,"TW1067,TW1231",10,2026-08-21T01:51:04Z,2026-08-21T10:41:54Z,6.63
DT2 7DL,SEPD,LV,2,"TW1067,TW1231",10,2026-08-21T01:51:04Z,2026-08-21T10:41:54Z,6.63
PO11 0RJ,SEPD,LV,1,TV8872,10,2026-08-19T17:18:14Z,2026-08-19T23:52:20Z,6.57
PO11 0RN,SEPD,LV,1,TV8872,10,2026-08-19T17:18:14Z,2026-08-19T23:52:20Z,6.57
PO11 0RP,SEPD,LV,1,TV8872,10,2026-08-19T17:18:14Z,2026-08-19T23:52:20Z,6.57
PO11 0RT,SEPD,LV,1,TV8872,10,2026-08-19T17:18:14Z,2026-08-19T23:52:20Z,6.57
PO11 0RU,SEPD,LV,1,TV8872,10,2026-08-19T17:18:14Z,2026-08-19T23:52:20Z,6.57
RG6 5QZ,SEPD,LV,1,TV3411,19,2026-08-15T17:28:33Z,2026-08-16T00:01:20Z,6.55
RG17 9TX,SEPD,LV,1,TV8048,24,2026-08-19T11:42:00Z,2026-08-19T18:12:57Z,6.52
RG17 9TZ,SEPD,LV,1,TV8048,24,2026-08-19T11:42:00Z,2026-08-19T18:12:57Z,6.52
RG17 9UA,SEPD,LV,1,TV8048,24,2026-08-19T11:42:00Z,2026-08-19T18:12:57Z,6.52
RG17 9UH,SEPD,LV,1,TV8048,24,2026-08-19T11:42:00Z,2026-08-19T18:12:57Z,6.52
RG17 9UJ,SEPD,LV,1,TV8048,24,2026-08-19T11:42:00Z,2026-08-19T18:12:57Z,6.52
RG17 9XR,SEPD,LV,1,TV8048,24,2026-08-19T11:42:00Z,2026-08-19T18:12:57Z,6.52
RG17 9XS,SEPD,LV,1,TV8048,24,2026-08-19T11:42:00Z,2026-08-19T18:12:57Z,6.52
SP11 0DD,SEPD,HV,1,TV7447,99,2026-08-19T03:34:22Z,2026-08-19T10:04:43Z,6.51
SP11 0DE,SEPD,HV,1,TV7447,99,2026-08-19T03:34:22Z,2026-08-19T10:04:43Z,6.51
SP11 0DF,SEPD,HV,1,TV7447,99,2026-08-19T03:34:22Z,2026-08-19T10:04:43Z,6.51
SP11 0HG,SEPD,HV,1,TV7447,99,2026-08-19T03:34:22Z,2026-08-19T10:04:43Z,6.51
SP11 0HH,SEPD,HV,1,TV7447,99,2026-08-19T03:34:22Z,2026-08-19T10:04:43Z,6.51
SP11 0HJ,SEPD,HV,1,TV7447,99,2026-08-19T03:34:22Z,2026-08-19T10:04:43Z,6.51
SP11 0HL,SEPD,HV,1,TV7447,99,2026-08-19T03:34:22Z,2026-08-19T10:04:43Z,6.51
SP11 0HP,SEPD,HV,1,TV7447,99,2026-08-19T03:34:22Z,2026-08-19T10:04:43Z,6.51
SP11 0HQ,SEPD,HV,1,TV7447,99,2026-08-19T03:34:22Z,2026-08-19T10:04:43Z,6.51
SP11 0HS,SEPD,HV,1,TV7447,99,2026-08-19T03:34:22Z,2026-08-19T10:04:43Z,6.51
SP11 0HT,SEPD,HV,1,TV7447,99,2026-08-19T03:34:22Z,2026-08-19T10:04:43Z,6.51
SP11 0HW,SEPD,HV,1,TV7447,99,2026-08-19T03:34:22Z,2026-08-19T10:04:43Z,6.51
SP11 0HX,SEPD,HV,1,TV7447,99,2026-08-19T03:34:22Z,2026-08-19T10:04:43Z,6.51
UB5 6AG,SEPD,PSI,1,254266,2,2026-08-15T21:28:16Z,2026-08-16T03:54:09Z,6.43
BH21 3EE,SEPD,"PSI,HV",2,"252463,TV7434",1390,2026-08-18T08:47:30Z,2026-08-19T03:34:22Z,6.4
BH21 3EF,SEPD,"PSI,HV",2,"252463,TV7434",1390,2026-08-18T08:47:30Z,2026-08-19T03:34:22Z,6.4
BH21 3HA,SEPD,"PSI,HV",2,"252463,TV7434",1390,2026-08-18T08:47:30Z,2026-08-19T03:34:22Z,6.4
BH16 6AP,SEPD,PSI,1,253291,6,2026-08-19T08:18:34Z,2026-08-19T14:42:27Z,6.4
BH16 6JD,SEPD,PSI,1,253291,6,2026-08-19T08:18:34Z,2026-08-19T14:42:27Z,6.4
GU9 9TF,SEPD,PSI,1,254289,20,2026-08-19T08:18:34Z,2026-08-19T14:42:27Z,6.4
KW10 6SD,SHEPD,PSI,1,253917,7,2026-08-19T08:18:34Z,2026-08-19T14:42:27Z,6.4
KW9 6LX,SHEPD,PSI,1,253354,12,2026-08-19T08:18:34Z,2026-08-19T14:42:27Z,6.4
OX11 9BL,SEPD,PSI,1,253533,4,2026-08-19T08:18:34Z,2026-08-19T14:42:27Z,6.4
OX12 8JF,SEPD,PSI,1,253150,4,2026-08-19T08:18:34Z,2026-08-19T14:42:27Z,6.4
RG20 0JE,SEPD,PSI,1,253718,256,2026-08-19T08:18:34Z,2026-08-19T14:42:27Z,6.4
RG20 8BP,SEPD,PSI,1,253718,256,2026-08-19T08:18:34Z,2026-08-19T14:42:27Z,6.4
RG20 8BS,SEPD,PSI,1,253718,256,2026-08-19T08:18:34Z,2026-08-19T14:42:27Z,6.4
RG20 8ER,SEPD,PSI,1,253718,256,2026-08-19T08:18:34Z,2026-08-19T14:42:27Z,6.4
RG20 8ES,SEPD,PSI,1,253718,256,2026-08-19T08:18:34Z,2026-08-19T14:42:27Z,6.4
RG20 8ET,SEPD,PSI,1,253718,256,2026-08-19T08:18:34Z,2026-08-19T14:42:27Z,6.4
RG20 8EU,SEPD,PSI,1,253718,256,2026-08-19T08:18:34Z,2026-08-19T14:42:27Z,6.4
RG20 8JT,SEPD,PSI,1,253718,256,2026-08-19T08:18:34Z,2026-08-19T14:42:27Z,6.4
RG20 8JU,SEPD,PSI,1,253718,256,2026-08-19T08:18:34Z,2026-08-19T14:42:27Z,6.4
RG20 8JX,SEPD,PSI,1,253718,256,2026-08-19T08:18:34Z,2026-08-19T14:42:27Z,6.4
RG20 8JY,SEPD,PSI,1,253718,256,2026-08-19T08:18:34Z,2026-08-19T14:42:27Z,6.4
RG20 8LA,SEPD,PSI,1,253718,256,2026-08-19T08:18:34Z,2026-08-19T14:42:27Z,6.4
RG20 8LB,SEPD,PSI,1,253718,256,2026-08-19T08:18:34Z,2026-08-19T14:42:27Z,6.4
RG20 8LD,SEPD,PSI,1,253718,256,2026-08-19T08:18:34Z,2026-08-19T14:42:27Z,6.4
RG20 8LE,SEPD,PSI,1,253718,256,2026-08-19T08:18:34Z,2026-08-19T14:42:27Z,6.4
RG20 8LF,SEPD,PSI,1,253718,256,2026-08-19T08:18:34Z,2026-08-19T14:42:27Z,6.4
RG20 8LG,SEPD,PSI,1,253718,256,2026-08-19T08:18:34Z,2026-08-19T14:42:27Z,6.4
RG20 8LH,SEPD,PSI,1,253718,256,2026-08-19T08:18:34Z,2026-08-19T14:42:27Z,6.4
RG20 8LJ,SEPD,PSI,1,253718,256,2026-08-19T08:18:34Z,2026-08-19T14:42:27Z,6.4
RG20 8LL,SEPD,PSI,1,253718,256,2026-08-19T08:18:34Z,2026-08-19T14:42:27Z,6.4
RG20 8LN,SEPD,PSI,1,253718,256,2026-08-19T08:18:34Z,2026-08-19T14:42:27Z,6.4
RG20 8LP,SEPD,PSI,1,253718,256,2026-08-19T08:18:34Z,2026-08-19T14:42:27Z,6.4
RG20 8LQ,SEPD,PSI,1,253718,256,2026-08-19T08:18:34Z,2026-08-19T14:42:27Z,6.4
RG20 8LR,SEPD,PSI,1,253718,256,2026-08-19T08:18:34Z,2026-08-19T14:42:27Z,6.4
RG20 8LS,SEPD,PSI,1,253718,256,2026-08-19T08:18:34Z,2026-08-19T14:42:27Z,6.4
RG20 8LU,SEPD,PSI,1,253718,256,2026-08-19T08:18:34Z,2026-08-19T14:42:27Z,6.4
RG20 8LW,SEPD,PSI,1,253718,256,2026-08-19T08:18:34Z,2026-08-19T14:42:27Z,6.4
RG20 8LX,SEPD,PSI,1,253718,256,2026-08-19T08:18:34Z,2026-08-19T14:42:27Z,6.4
RG20 8LY,SEPD,PSI,1,253718,256,2026-08-19T08:18:34Z,2026-08-19T14:42:27Z,6.4
RG20 8NB,SEPD,PSI,1,253718,256,2026-08-19T08:18:34Z,2026-08-19T14:42:27Z,6.4
RG20 8ND,SEPD,PSI,1,253718,256,2026-08-19T08:18:34Z,2026-08-19T14:42:27Z,6.4
RG20 8NE,SEPD,PSI,1,253718,256,2026-08-19T08:18:34Z,2026-08-19T14:42:27Z,6.4
RG20 8NS,SEPD,PSI,1,253718,256,2026-08-19T08:18:34Z,2026-08-19T14:42:27Z,6.4
RG20 8PD,SEPD,PSI,1,253718,256,2026-08-19T08:18:34Z,2026-08-19T14:42:27Z,6.4
RG20 8PE,SEPD,PSI,1,253718,256,2026-08-19T08:18:34Z,2026-08-19T14:42:27Z,6.4
RG20 8PG,SEPD,PSI,1,253718,256,2026-08-19T08:18:34Z,2026-08-19T14:42:27Z,6.4
RG20 8PH,SEPD,PSI,1,253718,256,2026-08-19T08:18:34Z,2026-08-19T14:42:27Z,6.4
RG20 8PT,SEPD,PSI,1,253718,256,2026-08-19T08:18:34Z,2026-08-19T14:42:27Z,6.4
RG20 8PU,SEPD,PSI,1,253718,256,2026-08-19T08:18:34Z,2026-08-19T14:42:27Z,6.4
RG20 8PX,SEPD,PSI,1,253718,256,2026-08-19T08:18:34Z,2026-08-19T14:42:27Z,6.4
SN14 6BG,SEPD,PSI,1,253407,24,2026-08-19T08:18:34Z,2026-08-19T14:42:27Z,6.4
SN14 6BH,SEPD,PSI,1,253407,24,2026-08-19T08:18:34Z,2026-08-19T14:42:27Z,6.4
SN14 6BQ,SEPD,PSI,1,253407,24,2026-08-19T08:18:34Z,2026-08-19T14:42:27Z,6.4
SN14 6DH,SEPD,PSI,1,253407,24,2026-08-19T08:18:34Z,2026-08-19T14:42:27Z,6.4
SN14 6HU,SEPD,PSI,1,253407,24,2026-08-19T08:18:34Z,2026-08-19T14:42:27Z,6.4
SN14 6HY,SEPD,PSI,1,253407,24,2026-08-19T08:18:34Z,2026-08-19T14:42:27Z,6.4
SN14 6JA,SEPD,PSI,1,253407,24,2026-08-19T08:18:34Z,2026-08-19T14:42:27Z,6.4
SN14 6QN,SEPD,PSI,1,253407,24,2026-08-19T08:18:34Z,2026-08-19T14:42:27Z,6.4
SN15 3HZ,SEPD,PSI,1,253407,24,2026-08-19T08:18:34Z,2026-08-19T14:42:27Z,6.4
SN15 5PX,SEPD,PSI,1,253407,24,2026-08-19T08:18:34Z,2026-08-19T14:42:27Z,6.4
SN8 1NL,SEPD,PSI,1,253804,3,2026-08-19T08:18:34Z,2026-08-19T14:42:27Z,6.4
SN8 1PA,SEPD,PSI,1,253804,3,2026-08-19T08:18:34Z,2026-08-19T14:42:27Z,6.4
BA9 8ES,SEPD,PSI,1,253487,64,2026-08-17T08:23:42Z,2026-08-17T14:47:23Z,6.39
BA9 8HA,SEPD,PSI,1,253487,64,2026-08-17T08:23:42Z,2026-08-17T14:47:23Z,6.39
BA9 8HB,SEPD,PSI,1,253487,64,2026-08-17T08:23:42Z,2026-08-17T14:47:23Z,6.39
BA9 8HD,SEPD,PSI,1,253487,64,2026-08-17T08:23:42Z,2026-08-17T14:47:23Z,6.39
BA9 8HE,SEPD,PSI,1,253487,64,2026-08-17T08:23:42Z,2026-08-17T14:47:23Z,6.39
BA9 8HH,SEPD,PSI,1,253487,64,2026-08-17T08:23:42Z,2026-08-17T14:47:23Z,6.39
BA9 8HR,SEPD,PSI,1,253487,64,2026-08-17T08:23:42Z,2026-08-17T14:47:23Z,6.39
BA9 8HY,SEPD,PSI,1,253487,64,2026-08-17T08:23:42Z,2026-08-17T14:47:23Z,6.39
BA9 8HZ,SEPD,PSI,1,253487,64,2026-08-17T08:23:42Z,2026-08-17T14:47:23Z,6.39
BA9 8JR,SEPD,PSI,1,253487,64,2026-08-17T08:23:42Z,2026-08-17T14:47:23Z,6.39
DD5 3TB,SHEPD,PSI,2,"253121,253326",144,2026-08-20T23:41:51Z,2026-08-21T02:53:13Z,6.38
DD5 3TD,SHEPD,PSI,2,"253121,253326",144,2026-08-20T23:41:51Z,2026-08-21T02:53:13Z,6.38
DD5 3TE,SHEPD,PSI,2,"253121,253326",144,2026-08-20T23:41:51Z,2026-08-21T02:53:13Z,6.38
DD5 3TF,SHEPD,PSI,2,"253121,253326",144,2026-08-20T23:41:51Z,2026-08-21T02:53:13Z,6.38
KW17 2AA,SHEPD,PSI,1,253844,16,2026-08-18T09:17:56Z,2026-08-18T15:39:55Z,6.37
DD3 6RX,SHEPD,LV,1,TV3511,3,2026-08-15T20:37:24Z,2026-08-16T02:54:59Z,6.29
DD3 6SH,SHEPD,LV,1,TV3511,3,2026-08-15T20:37:24Z,2026-08-16T02:54:59Z,6.29
DD3 8DH,SHEPD,LV,1,TV3511,3,2026-08-15T20:37:24Z,2026-08-16T02:54:59Z,6.29
PO1 5AD,SEPD,LV,1,TV3947,35,2026-08-16T13:38:51Z,2026-08-16T19:53:48Z,6.25
PO1 5AL,SEPD,LV,1,TV3947,35,2026-08-16T13:38:51Z,2026-08-16T19:53:48Z,6.25
PO1 5AN,SEPD,LV,1,TV3947,35,2026-08-16T13:38:51Z,2026-08-16T19:53:48Z,6.25
PO1 5AP,SEPD,LV,1,TV3947,35,2026-08-16T13:38:51Z,2026-08-16T19:53:48Z,6.25
PO1 5AS,SEPD,LV,1,TV3947,35,2026-08-16T13:38:51Z,2026-08-16T19:53:48Z,6.25
PO1 5BL,SEPD,LV,1,TV3947,35,2026-08-16T13:38:51Z,2026-08-16T19:53:48Z,6.25
PO1 5BN,SEPD,LV,1,TV3947,35,2026-08-16T13:38:51Z,2026-08-16T19:53:48Z,6.25
PO1 5BP,SEPD,LV,1,TV3947,35,2026-08-16T13:38:51Z,2026-08-16T19:53:48Z,6.25
PO1 5FE,SEPD,LV,1,TV3947,35,2026-08-16T13:38:51Z,2026-08-16T19:53:48Z,6.25
AB53 5YN,SHEPD,PSI,1,252403,20,2026-08-18T08:47:30Z,2026-08-18T15:00:13Z,6.21
AB53 5YP,SHEPD,PSI,1,252403,20,2026-08-18T08:47:30Z,2026-08-18T15:00:13Z,6.21
AB53 5YR,SHEPD,PSI,1,252403,20,2026-08-18T08:47:30Z,2026-08-18T15:00:13Z,6.21
AB53 5YS,SHEPD,PSI,1,252403,20,2026-08-18T08:47:30Z,2026-08-18T15:00:13Z,6.21
AB53 5YT,SHEPD,PSI,1,252403,20,2026-08-18T08:47:30Z,2026-08-18T15:00:13Z,6.21
AB53 6YQ,SHEPD,PSI,1,252403,20,2026-08-18T08:47:30Z,2026-08-18T15:00:13Z,6.21
DT3 4LB,SEPD,PSI,1,253414,38,2026-08-18T08:47:30Z,2026-08-18T15:00:13Z,6.21
DT3 6EF,SEPD,PSI,1,253414,38,2026-08-18T08:47:30Z,2026-08-18T15:00:13Z,6.21
DT3 6HA,SEPD,PSI,1,253414,38,2026-08-18T08:47:30Z,2026-08-18T15:00:13Z,6.21
DT3 6HD,SEPD,PSI,1,253414,38,2026-08-18T08:47:30Z,2026-08-18T15:00:13Z,6.21
DT3 6HE,SEPD,PSI,1,253414,38,2026-08-18T08:47:30Z,2026-08-18T15:00:13Z,6.21
DT3 6HF,SEPD,PSI,1,253414,38,2026-08-18T08:47:30Z,2026-08-18T15:00:13Z,6.21
DT3 6HG,SEPD,PSI,1,253414,38,2026-08-18T08:47:30Z,2026-08-18T15:00:13Z,6.21
DT3 6HQ,SEPD,PSI,1,253414,38,2026-08-18T08:47:30Z,2026-08-18T15:00:13Z,6.21
FK8 3TH,SHEPD,PSI,1,254005,28,2026-08-18T08:47:30Z,2026-08-18T15:00:13Z,6.21
FK8 3TJ,SHEPD,PSI,1,254005,28,2026-08-18T08:47:30Z,2026-08-18T15:00:13Z,6.21
FK8 3TL,SHEPD,PSI,1,254005,28,2026-08-18T08:47:30Z,2026-08-18T15:00:13Z,6.21
GU34,SEPD,PSI,1,252629,106,2026-08-18T08:47:30Z,2026-08-18T15:00:13Z,6.21
GU34 2LR,SEPD,PSI,1,252629,106,2026-08-18T08:47:30Z,2026-08-18T15:00:13Z,6.21
GU34 4BN,SEPD,PSI,1,252629,106,2026-08-18T08:47:30Z,2026-08-18T15:00:13Z,6.21
GU34 4BP,SEPD,PSI,1,252629,106,2026-08-18T08:47:30Z,2026-08-18T15:00:13Z,6.21
GU34 4BS,SEPD,PSI,1,252629,106,2026-08-18T08:47:30Z,2026-08-18T15:00:13Z,6.21
GU34 4BT,SEPD,PSI,1,252629,106,2026-08-18T08:47:30Z,2026-08-18T15:00:13Z,6.21
GU34 4BU,SEPD,PSI,1,252629,106,2026-08-18T08:47:30Z,2026-08-18T15:00:13Z,6.21
GU34 4BW,SEPD,PSI,1,252629,106,2026-08-18T08:47:30Z,2026-08-18T15:00:13Z,6.21
GU34 4FG,SEPD,PSI,1,252629,106,2026-08-18T08:47:30Z,2026-08-18T15:00:13Z,6.21
PH15 2NH,SHEPD,PSI,1,254153,10,2026-08-18T08:47:30Z,2026-08-18T15:00:13Z,6.21
PO20 2AB,SEPD,PSI,1,253589,196,2026-08-18T08:47:30Z,2026-08-18T15:00:13Z,6.21
PO20 2BP,SEPD,PSI,1,253589,196,2026-08-18T08:47:30Z,2026-08-18T15:00:13Z,6.21
PO20 2BT,SEPD,PSI,1,253589,196,2026-08-18T08:47:30Z,2026-08-18T15:00:13Z,6.21
PO20 2BU,SEPD,PSI,1,253589,196,2026-08-18T08:47:30Z,2026-08-18T15:00:13Z,6.21
PO20 2BX,SEPD,PSI,1,253589,196,2026-08-18T08:47:30Z,2026-08-18T15:00:13Z,6.21
PO20 2BY,SEPD,PSI,1,253589,196,2026-08-18T08:47:30Z,2026-08-18T15:00:13Z,6.21
PO20 2DA,SEPD,PSI,1,253589,196,2026-08-18T08:47:30Z,2026-08-18T15:00:13Z,6.21
PO20 2DD,SEPD,PSI,1,253589,196,2026-08-18T08:47:30Z,2026-08-18T15:00:13Z,6.21
PO20 2DE,SEPD,PSI,1,253589,196,2026-08-18T08:47:30Z,2026-08-18T15:00:13Z,6.21
PO20 2DG,SEPD,PSI,1,253589,196,2026-08-18T08:47:30Z,2026-08-18T15:00:13Z,6.21
PO20 2DH,SEPD,PSI,1,253589,196,2026-08-18T08:47:30Z,2026-08-18T15:00:13Z,6.21
PO20 2DJ,SEPD,PSI,1,253589,196,2026-08-18T08:47:30Z,2026-08-18T15:00:13Z,6.21
PO20 2DL,SEPD,PSI,1,253589,196,2026-08-18T08:47:30Z,2026-08-18T15:00:13Z,6.21
PO20 2DN,SEPD,PSI,1,253589,196,2026-08-18T08:47:30Z,2026-08-18T15:00:13Z,6.21
PO20 2DP,SEPD,PSI,1,253589,196,2026-08-18T08:47:30Z,2026-08-18T15:00:13Z,6.21
PO20 2DQ,SEPD,PSI,1,253589,196,2026-08-18T08:47:30Z,2026-08-18T15:00:13Z,6.21
PO20 2DW,SEPD,PSI,1,253589,196,2026-08-18T08:47:30Z,2026-08-18T15:00:13Z,6.21
PO20 2FH,SEPD,PSI,1,253589,196,2026-08-18T08:47:30Z,2026-08-18T15:00:13Z,6.21
PO20 2NN,SEPD,PSI,1,253589,196,2026-08-18T08:47:30Z,2026-08-18T15:00:13Z,6.21
RG20 0HA,SEPD,PSI,1,253587,59,2026-08-18T08:47:30Z,2026-08-18T15:00:13Z,6.21
RG20 0HB,SEPD,PSI,1,253587,59,2026-08-18T08:47:30Z,2026-08-18T15:00:13Z,6.21
RG20 0HD,SEPD,PSI,1,253587,59,2026-08-18T08:47:30Z,2026-08-18T15:00:13Z,6.21
RG20 0HG,SEPD,PSI,1,253587,59,2026-08-18T08:47:30Z,2026-08-18T15:00:13Z,6.21
RG20 0JU,SEPD,PSI,1,253587,59,2026-08-18T08:47:30Z,2026-08-18T15:00:13Z,6.21
RG20 0JX,SEPD,PSI,1,253587,59,2026-08-18T08:47:30Z,2026-08-18T15:00:13Z,6.21
RG20 0JY,SEPD,PSI,1,253587,59,2026-08-18T08:47:30Z,2026-08-18T15:00:13Z,6.21
RG20 0LA,SEPD,PSI,1,253587,59,2026-08-18T08:47:30Z,2026-08-18T15:00:13Z,6.21
RG23 8PF,SEPD,PSI,1,253907,8,2026-08-18T08:47:30Z,2026-08-18T15:00:13Z,6.21
RG26 5RH,SEPD,PSI,1,253907,8,2026-08-18T08:47:30Z,2026-08-18T15:00:13Z,6.21
RG26 5TD,SEPD,PSI,1,253907,8,2026-08-18T08:47:30Z,2026-08-18T15:00:13Z,6.21
SP5 2PU,SEPD,PSI,1,254226,35,2026-08-18T08:47:30Z,2026-08-18T15:00:13Z,6.21
SP5 2PX,SEPD,PSI,1,254226,35,2026-08-18T08:47:30Z,2026-08-18T15:00:13Z,6.21
SP6 2NP,SEPD,PSI,1,254226,35,2026-08-18T08:47:30Z,2026-08-18T15:00:13Z,6.21
SP6 2NR,SEPD,PSI,1,254226,35,2026-08-18T08:47:30Z,2026-08-18T15:00:13Z,6.21
SP6 2NS,SEPD,PSI,1,254226,35,2026-08-18T08:47:30Z,2026-08-18T15:00:13Z,6.21
SP6 2NT,SEPD,PSI,1,254226,35,2026-08-18T08:47:30Z,2026-08-18T15:00:13Z,6.21
RG30 3FR,SEPD,LV,1,TV7514,11,2026-08-19T12:01:20Z,2026-08-19T18:12:57Z,6.19
RG30 3SB,SEPD,LV,1,TV7514,11,2026-08-19T12:01:20Z,2026-08-19T18:12:57Z,6.19
RG30 3TN,SEPD,LV,1,TV7514,11,2026-08-19T12:01:20Z,2026-08-19T18:12:57Z,6.19
RG30 3UA,SEPD,LV,1,TV7514,11,2026-08-19T12:01:20Z,2026-08-19T18:12:57Z,6.19
RG30 3UB,SEPD,LV,1,TV7514,11,2026-08-19T12:01:20Z,2026-08-19T18:12:57Z,6.19
RG30 3UD,SEPD,LV,1,TV7514,11,2026-08-19T12:01:20Z,2026-08-19T18:12:57Z,6.19
PA20,SHEPD,PSI,1,253098,14,2026-08-19T07:47:42Z,2026-08-19T13:56:22Z,6.14
PA20 9LX,SHEPD,PSI,1,253098,14,2026-08-19T07:47:42Z,2026-08-19T13:56:22Z,6.14
SO32 3PE,SEPD,LV,1,TV7698,4,2026-08-19T07:47:42Z,2026-08-19T13:56:22Z,6.14
SO32 3PS,SEPD,LV,1,TV7698,4,2026-08-19T07:47:42Z,2026-08-19T13:56:22Z,6.14
DT11 8SH,SEPD,HV,1,TV7996,5,2026-08-19T09:42:04Z,2026-08-19T15:48:17Z,6.1
RG23 7EU,SEPD,PSI,1,253595,49,2026-08-16T08:48:15Z,2026-08-16T14:53:47Z,6.09
RG23 7EX,SEPD,PSI,1,253595,49,2026-08-16T08:48:15Z,2026-08-16T14:53:47Z,6.09
RG23 7EY,SEPD,PSI,1,253595,49,2026-08-16T08:48:15Z,2026-08-16T14:53:47Z,6.09
RG23 7HE,SEPD,PSI,1,253595,49,2026-08-16T08:48:15Z,2026-08-16T14:53:47Z,6.09
RG23 7HF,SEPD,PSI,1,253595,49,2026-08-16T08:48:15Z,2026-08-16T14:53:47Z,6.09
RG14 1NF,SEPD,LV,1,TW2699,14,2026-08-22T11:27:42Z,2026-08-22T17:28:32Z,6.01
RG14 2AB,SEPD,LV,1,TW2699,14,2026-08-22T11:27:42Z,2026-08-22T17:28:32Z,6.01
RG14 2AD,SEPD,LV,1,TW2699,14,2026-08-22T11:27:42Z,2026-08-22T17:28:32Z,6.01
AB41 8XB,SHEPD,PSI,1,252422,31,2026-08-20T08:55:24Z,2026-08-20T14:53:45Z,5.97
AB53 6XE,SHEPD,PSI,1,252422,31,2026-08-20T08:55:24Z,2026-08-20T14:53:45Z,5.97
AB53 6XF,SHEPD,PSI,1,252422,31,2026-08-20T08:55:24Z,2026-08-20T14:53:45Z,5.97
AB53 6XP,SHEPD,PSI,1,252422,31,2026-08-20T08:55:24Z,2026-08-20T14:53:45Z,5.97
AB53 6XQ,SHEPD,PSI,1,252422,31,2026-08-20T08:55:24Z,2026-08-20T14:53:45Z,5.97
AB53 6YE,SHEPD,PSI,1,252422,31,2026-08-20T08:55:24Z,2026-08-20T14:53:45Z,5.97
AB55 6UJ,SHEPD,PSI,1,252280,15,2026-08-20T08:55:24Z,2026-08-20T14:53:45Z,5.97
AB55 6UL,SHEPD,PSI,1,252280,15,2026-08-20T08:55:24Z,2026-08-20T14:53:45Z,5.97
AB55 6UN,SHEPD,PSI,1,252280,15,2026-08-20T08:55:24Z,2026-08-20T14:53:45Z,5.97
AB55 6UP,SHEPD,PSI,1,252280,15,2026-08-20T08:55:24Z,2026-08-20T14:53:45Z,5.97
AB55 6UQ,SHEPD,PSI,1,252280,15,2026-08-20T08:55:24Z,2026-08-20T14:53:45Z,5.97
BH25 5AA,SEPD,PSI,1,253298,8,2026-08-20T08:55:24Z,2026-08-20T14:53:45Z,5.97
BH25 5AD,SEPD,PSI,1,253298,8,2026-08-20T08:55:24Z,2026-08-20T14:53:45Z,5.97
KW9 6NN,SHEPD,PSI,1,253364,62,2026-08-20T08:55:24Z,2026-08-20T14:53:45Z,5.97
OX14 4HZ,SEPD,PSI,1,253423,2,2026-08-20T08:55:24Z,2026-08-20T14:53:45Z,5.97
OX14 4LF,SEPD,PSI,1,253423,2,2026-08-20T08:55:24Z,2026-08-20T14:53:45Z,5.97
PO20 1LD,SEPD,PSI,1,253602,48,2026-08-20T08:55:24Z,2026-08-20T14:53:45Z,5.97
PO20 1LF,SEPD,PSI,1,253602,48,2026-08-20T08:55:24Z,2026-08-20T14:53:45Z,5.97
PO20 1LL,SEPD,PSI,1,253602,48,2026-08-20T08:55:24Z,2026-08-20T14:53:45Z,5.97
PO20 1LP,SEPD,PSI,1,253602,48,2026-08-20T08:55:24Z,2026-08-20T14:53:45Z,5.97
PO20 1LR,SEPD,PSI,1,253602,48,2026-08-20T08:55:24Z,2026-08-20T14:53:45Z,5.97
PO20 1LS,SEPD,PSI,1,253602,48,2026-08-20T08:55:24Z,2026-08-20T14:53:45Z,5.97
PO20 1LW,SEPD,PSI,1,253602,48,2026-08-20T08:55:24Z,2026-08-20T14:53:45Z,5.97
RG27 0FQ,SEPD,PSI,1,253466,103,2026-08-20T08:55:24Z,2026-08-20T14:53:45Z,5.97
RG27 0PN,SEPD,PSI,1,253466,103,2026-08-20T08:55:24Z,2026-08-20T14:53:45Z,5.97
RG27 0PR,SEPD,PSI,1,253466,103,2026-08-20T08:55:24Z,2026-08-20T14:53:45Z,5.97
RG27 0PS,SEPD,PSI,1,253466,103,2026-08-20T08:55:24Z,2026-08-20T14:53:45Z,5.97
RG27 0PW,SEPD,PSI,1,253466,103,2026-08-20T08:55:24Z,2026-08-20T14:53:45Z,5.97
RG27 0QP,SEPD,PSI,1,253466,103,2026-08-20T08:55:24Z,2026-08-20T14:53:45Z,5.97
RG27 0QR,SEPD,PSI,1,253466,103,2026-08-20T08:55:24Z,2026-08-20T14:53:45Z,5.97
RG27 0QT,SEPD,PSI,1,253466,103,2026-08-20T08:55:24Z,2026-08-20T14:53:45Z,5.97
RG27 0QU,SEPD,PSI,1,253466,103,2026-08-20T08:55:24Z,2026-08-20T14:53:45Z,5.97
RG27 0QX,SEPD,PSI,1,253466,103,2026-08-20T08:55:24Z,2026-08-20T14:53:45Z,5.97
RG27 0QY,SEPD,PSI,1,253466,103,2026-08-20T08:55:24Z,2026-08-20T14:53:45Z,5.97
RG27 0QZ,SEPD,PSI,1,253466,103,2026-08-20T08:55:24Z,2026-08-20T14:53:45Z,5.97
RG27 0RA,SEPD,PSI,1,253466,103,2026-08-20T08:55:24Z,2026-08-20T14:53:45Z,5.97
RG40 4QT,SEPD,PSI,1,253466,103,2026-08-20T08:55:24Z,2026-08-20T14:53:45Z,5.97
DT2 7SJ,SEPD,HV,1,TV9619,2,2026-08-20T08:07:21Z,2026-08-20T14:04:45Z,5.96
AB41 7DD,SHEPD,PSI,1,252423,23,2026-08-21T08:52:50Z,2026-08-21T14:43:41Z,5.85
AB53 6XG,SHEPD,PSI,1,252423,23,2026-08-21T08:52:50Z,2026-08-21T14:43:41Z,5.85
AB53 6XH,SHEPD,PSI,1,252423,23,2026-08-21T08:52:50Z,2026-08-21T14:43:41Z,5.85
AB53 6XR,SHEPD,PSI,1,252423,23,2026-08-21T08:52:50Z,2026-08-21T14:43:41Z,5.85
AB53 6XU,SHEPD,PSI,1,252423,23,2026-08-21T08:52:50Z,2026-08-21T14:43:41Z,5.85
AB53 6XW,SHEPD,PSI,1,252423,23,2026-08-21T08:52:50Z,2026-08-21T14:43:41Z,5.85
GU7 1UR,SEPD,PSI,1,254438,13,2026-08-21T08:52:50Z,2026-08-21T14:43:41Z,5.85
GU7 1UX,SEPD,PSI,1,254438,13,2026-08-21T08:52:50Z,2026-08-21T14:43:41Z,5.85
RG2 0RP,SEPD,"LV,HV",2,"TW0626,TW1038",12,2026-08-20T16:49:36Z,2026-08-20T23:12:03Z,5.8
RG2 0SF,SEPD,"LV,HV",2,"TW0626,TW1038",12,2026-08-20T16:49:36Z,2026-08-20T23:12:03Z,5.8
PA28 6SE,SHEPD,HV,1,TV3911,2,2026-08-16T13:00:57Z,2026-08-16T18:46:02Z,5.75
PA29 6YQ,SHEPD,HV,1,TV3911,2,2026-08-16T13:00:57Z,2026-08-16T18:46:02Z,5.75
SP6 3HW,SEPD,"LV,HV",2,"TV7565,TV7840",23,2026-08-19T07:00:11Z,2026-08-19T13:56:22Z,5.73
KW16 3HB,SHEPD,PSI,1,254033,12,2026-08-19T08:59:42Z,2026-08-19T14:42:27Z,5.71
KW16 3HD,SHEPD,PSI,1,254033,12,2026-08-19T08:59:42Z,2026-08-19T14:42:27Z,5.71
KW17 2RB,SHEPD,PSI,1,254033,12,2026-08-19T08:59:42Z,2026-08-19T14:42:27Z,5.71
SN2 6YP,SEPD,LV,1,TV5983,6,2026-08-18T09:17:56Z,2026-08-18T15:00:13Z,5.7
SN2 8UN,SEPD,LV,1,TV5983,6,2026-08-18T09:17:56Z,2026-08-18T15:00:13Z,5.7
SN2 8YZ,SEPD,LV,1,TV5983,6,2026-08-18T09:17:56Z,2026-08-18T15:00:13Z,5.7
PO8 0LE,SEPD,PSI,1,254210,25,2026-08-16T09:13:03Z,2026-08-16T14:53:47Z,5.68
PO8 0LR,SEPD,PSI,1,254210,25,2026-08-16T09:13:03Z,2026-08-16T14:53:47Z,5.68
PO8 0NP,SEPD,PSI,1,254210,25,2026-08-16T09:13:03Z,2026-08-16T14:53:47Z,5.68
PO8 0NR,SEPD,PSI,1,254210,25,2026-08-16T09:13:03Z,2026-08-16T14:53:47Z,5.68
PH1 3BW,SHEPD,PSI,1,254187,11,2026-08-20T22:45:49Z,2026-08-21T04:25:21Z,5.66
PH1 3EE,SHEPD,PSI,1,254187,11,2026-08-20T22:45:49Z,2026-08-21T04:25:21Z,5.66
PH1 3EG,SHEPD,PSI,1,254187,11,2026-08-20T22:45:49Z,2026-08-21T04:25:21Z,5.66
PH1 3TZ,SHEPD,PSI,1,254187,11,2026-08-20T22:45:49Z,2026-08-21T04:25:21Z,5.66
BA13,SEPD,PSI,1,253203,315,2026-08-19T08:18:34Z,2026-08-19T13:56:22Z,5.63
BA13 4NJ,SEPD,PSI,1,253203,315,2026-08-19T08:18:34Z,2026-08-19T13:56:22Z,5.63
BA13 4NL,SEPD,PSI,1,253203,315,2026-08-19T08:18:34Z,2026-08-19T13:56:22Z,5.63
BA13 4NN,SEPD,PSI,1,253203,315,2026-08-19T08:18:34Z,2026-08-19T13:56:22Z,5.63
BA13 4NP,SEPD,PSI,1,253203,315,2026-08-19T08:18:34Z,2026-08-19T13:56:22Z,5.63
BA13 4NR,SEPD,PSI,1,253203,315,2026-08-19T08:18:34Z,2026-08-19T13:56:22Z,5.63
BA13 4NW,SEPD,PSI,1,253203,315,2026-08-19T08:18:34Z,2026-08-19T13:56:22Z,5.63
BA13 4PA,SEPD,PSI,1,253203,315,2026-08-19T08:18:34Z,2026-08-19T13:56:22Z,5.63
BA13 4PB,SEPD,PSI,1,253203,315,2026-08-19T08:18:34Z,2026-08-19T13:56:22Z,5.63
BA13 4PE,SEPD,PSI,1,253203,315,2026-08-19T08:18:34Z,2026-08-19T13:56:22Z,5.63
BA13 4PF,SEPD,PSI,1,253203,315,2026-08-19T08:18:34Z,2026-08-19T13:56:22Z,5.63
BA13 4PG,SEPD,PSI,1,253203,315,2026-08-19T08:18:34Z,2026-08-19T13:56:22Z,5.63
BA13 4PH,SEPD,PSI,1,253203,315,2026-08-19T08:18:34Z,2026-08-19T13:56:22Z,5.63
BA13 4PJ,SEPD,PSI,1,253203,315,2026-08-19T08:18:34Z,2026-08-19T13:56:22Z,5.63
BA13 4PL,SEPD,PSI,1,253203,315,2026-08-19T08:18:34Z,2026-08-19T13:56:22Z,5.63
BA13 4PN,SEPD,PSI,1,253203,315,2026-08-19T08:18:34Z,2026-08-19T13:56:22Z,5.63
BA13 4PP,SEPD,PSI,1,253203,315,2026-08-19T08:18:34Z,2026-08-19T13:56:22Z,5.63
BA13 4PQ,SEPD,PSI,1,253203,315,2026-08-19T08:18:34Z,2026-08-19T13:56:22Z,5.63
BA13 4PR,SEPD,PSI,1,253203,315,2026-08-19T08:18:34Z,2026-08-19T13:56:22Z,5.63
BA13 4PT,SEPD,PSI,1,253203,315,2026-08-19T08:18:34Z,2026-08-19T13:56:22Z,5.63
BA13 4PU,SEPD,PSI,1,253203,315,2026-08-19T08:18:34Z,2026-08-19T13:56:22Z,5.63
BA13 4PW,SEPD,PSI,1,253203,315,2026-08-19T08:18:34Z,2026-08-19T13:56:22Z,5.63
BA13 4PX,SEPD,PSI,1,253203,315,2026-08-19T08:18:34Z,2026-08-19T13:56:22Z,5.63
BA13 4PY,SEPD,PSI,1,253203,315,2026-08-19T08:18:34Z,2026-08-19T13:56:22Z,5.63
BA13 4PZ,SEPD,PSI,1,253203,315,2026-08-19T08:18:34Z,2026-08-19T13:56:22Z,5.63
BA13 4QE,SEPD,PSI,1,253203,315,2026-08-19T08:18:34Z,2026-08-19T13:56:22Z,5.63
BA13 4QF,SEPD,PSI,1,253203,315,2026-08-19T08:18:34Z,2026-08-19T13:56:22Z,5.63
BA13 4QG,SEPD,PSI,1,253203,315,2026-08-19T08:18:34Z,2026-08-19T13:56:22Z,5.63
BA13 4QH,SEPD,PSI,1,253203,315,2026-08-19T08:18:34Z,2026-08-19T13:56:22Z,5.63
BA13 4QJ,SEPD,PSI,1,253203,315,2026-08-19T08:18:34Z,2026-08-19T13:56:22Z,5.63
BA13 4QN,SEPD,PSI,1,253203,315,2026-08-19T08:18:34Z,2026-08-19T13:56:22Z,5.63
BA13 4QP,SEPD,PSI,1,253203,315,2026-08-19T08:18:34Z,2026-08-19T13:56:22Z,5.63
BA13 4QQ,SEPD,PSI,1,253203,315,2026-08-19T08:18:34Z,2026-08-19T13:56:22Z,5.63
BA13 4QR,SEPD,PSI,1,253203,315,2026-08-19T08:18:34Z,2026-08-19T13:56:22Z,5.63
BA13 4QW,SEPD,PSI,1,253203,315,2026-08-19T08:18:34Z,2026-08-19T13:56:22Z,5.63
BA13 4RF,SEPD,PSI,1,253203,315,2026-08-19T08:18:34Z,2026-08-19T13:56:22Z,5.63
BA14 6HP,SEPD,PSI,1,253203,315,2026-08-19T08:18:34Z,2026-08-19T13:56:22Z,5.63
BA14 6HW,SEPD,PSI,1,253203,315,2026-08-19T08:18:34Z,2026-08-19T13:56:22Z,5.63
AB56 1XR,SHEPD,PSI,1,254230,82,2026-08-18T08:47:30Z,2026-08-18T14:22:42Z,5.59
AB56 5BS,SHEPD,PSI,1,254230,82,2026-08-18T08:47:30Z,2026-08-18T14:22:42Z,5.59
AB56 5GA,SHEPD,PSI,1,254230,82,2026-08-18T08:47:30Z,2026-08-18T14:22:42Z,5.59
AB56 5QN,SHEPD,PSI,1,254230,82,2026-08-18T08:47:30Z,2026-08-18T14:22:42Z,5.59
AB56 5QQ,SHEPD,PSI,1,254230,82,2026-08-18T08:47:30Z,2026-08-18T14:22:42Z,5.59
AB56 5QR,SHEPD,PSI,1,254230,82,2026-08-18T08:47:30Z,2026-08-18T14:22:42Z,5.59
AB56 5RU,SHEPD,PSI,1,254230,82,2026-08-18T08:47:30Z,2026-08-18T14:22:42Z,5.59
AB56 5RW,SHEPD,PSI,1,254230,82,2026-08-18T08:47:30Z,2026-08-18T14:22:42Z,5.59
DT2 9HD,SEPD,PSI,1,253856,10,2026-08-18T08:47:30Z,2026-08-18T14:22:42Z,5.59
GU26 6SD,SEPD,LV,1,TV4456,11,2026-08-16T21:13:49Z,2026-08-17T02:48:58Z,5.59
GU26 6TL,SEPD,LV,1,TV4456,11,2026-08-16T21:13:49Z,2026-08-17T02:48:58Z,5.59
GU26 6TN,SEPD,LV,1,TV4456,11,2026-08-16T21:13:49Z,2026-08-17T02:48:58Z,5.59
GU26 6TP,SEPD,LV,1,TV4456,11,2026-08-16T21:13:49Z,2026-08-17T02:48:58Z,5.59
SN1 1LD,SEPD,LV,4,"TV8901,TW0138,TW2474,TW2870",96,2026-08-19T17:18:14Z,2026-08-22T11:49:29Z,5.37
SN1 1LL,SEPD,LV,4,"TV8901,TW0138,TW2474,TW2870",96,2026-08-19T17:18:14Z,2026-08-22T11:49:29Z,5.37
SN1 1RA,SEPD,LV,4,"TV8901,TW0138,TW2474,TW2870",96,2026-08-19T17:18:14Z,2026-08-22T11:49:29Z,5.37
SN1 5AH,SEPD,LV,4,"TV8901,TW0138,TW2474,TW2870",96,2026-08-19T17:18:14Z,2026-08-22T11:49:29Z,5.37
SN1 5AR,SEPD,LV,4,"TV8901,TW0138,TW2474,TW2870",96,2026-08-19T17:18:14Z,2026-08-22T11:49:29Z,5.37
SN1 5BG,SEPD,LV,4,"TV8901,TW0138,TW2474,TW2870",96,2026-08-19T17:18:14Z,2026-08-22T11:49:29Z,5.37
SN1 5DT,SEPD,LV,4,"TV8901,TW0138,TW2474,TW2870",96,2026-08-19T17:18:14Z,2026-08-22T11:49:29Z,5.37
SN1 5FA,SEPD,LV,4,"TV8901,TW0138,TW2474,TW2870",96,2026-08-19T17:18:14Z,2026-08-22T11:49:29Z,5.37
SN1 5RN,SEPD,LV,4,"TV8901,TW0138,TW2474,TW2870",96,2026-08-19T17:18:14Z,2026-08-22T11:49:29Z,5.37
RG1 2AG,SEPD,PSI,1,253398,2,2026-08-17T09:57:52Z,2026-08-17T15:11:57Z,5.23
RG1 7RH,SEPD,PSI,1,253398,2,2026-08-17T09:57:52Z,2026-08-17T15:11:57Z,5.23
DD2 2SB,SHEPD,LV,3,"TV3921,TV6083,TV6638",63,2026-08-16T13:00:57Z,2026-08-18T13:01:53Z,5.21
DD2 2SG,SHEPD,LV,3,"TV3921,TV6083,TV6638",63,2026-08-16T13:00:57Z,2026-08-18T13:01:53Z,5.21
DD2 2SS,SHEPD,LV,3,"TV3921,TV6083,TV6638",63,2026-08-16T13:00:57Z,2026-08-18T13:01:53Z,5.21
DD2 2ST,SHEPD,LV,3,"TV3921,TV6083,TV6638",63,2026-08-16T13:00:57Z,2026-08-18T13:01:53Z,5.21
DD2 2SX,SHEPD,LV,3,"TV3921,TV6083,TV6638",63,2026-08-16T13:00:57Z,2026-08-18T13:01:53Z,5.21
DD2 2TH,SHEPD,LV,3,"TV3921,TV6083,TV6638",63,2026-08-16T13:00:57Z,2026-08-18T13:01:53Z,5.21
SN14 7EX,SEPD,PSI,1,252763,22,2026-08-16T08:48:15Z,2026-08-16T13:58:46Z,5.18
RG19 8DB,SEPD,LV,3,"TV9205,TW0992,TW1060",30,2026-08-19T22:59:48Z,2026-08-20T23:12:03Z,5.16
RG19 8DD,SEPD,LV,3,"TV9205,TW0992,TW1060",30,2026-08-19T22:59:48Z,2026-08-20T23:12:03Z,5.16
AB54 4UB,SHEPD,PSI,1,254152,10,2026-08-20T08:55:24Z,2026-08-20T14:04:45Z,5.16
BH20 4AS,SEPD,PSI,1,253416,16,2026-08-20T08:55:24Z,2026-08-20T14:04:45Z,5.16
BH20 4AT,SEPD,PSI,1,253416,16,2026-08-20T08:55:24Z,2026-08-20T14:04:45Z,5.16
BH20 4EA,SEPD,PSI,1,253416,16,2026-08-20T08:55:24Z,2026-08-20T14:04:45Z,5.16
IV51 9HT,SHEPD,PSI,1,254096,4,2026-08-20T08:55:24Z,2026-08-20T14:04:45Z,5.16
IV51 9JF,SHEPD,PSI,1,254096,4,2026-08-20T08:55:24Z,2026-08-20T14:04:45Z,5.16
PA31 8NY,SHEPD,PSI,1,252788,3,2026-08-20T08:55:24Z,2026-08-20T14:04:45Z,5.16
PA31 8PD,SHEPD,PSI,1,252788,3,2026-08-20T08:55:24Z,2026-08-20T14:04:45Z,5.16
PA47 7SZ,SHEPD,PSI,1,253489,11,2026-08-20T08:55:24Z,2026-08-20T14:04:45Z,5.16
SN4 0NQ,SEPD,PSI,1,253418,40,2026-08-20T08:55:24Z,2026-08-20T14:04:45Z,5.16
SN4 0PA,SEPD,PSI,1,253418,40,2026-08-20T08:55:24Z,2026-08-20T14:04:45Z,5.16
SN4 0PB,SEPD,PSI,1,253418,40,2026-08-20T08:55:24Z,2026-08-20T14:04:45Z,5.16
SN4 0PD,SEPD,PSI,1,253418,40,2026-08-20T08:55:24Z,2026-08-20T14:04:45Z,5.16
SN4 0PT,SEPD,PSI,1,253418,40,2026-08-20T08:55:24Z,2026-08-20T14:04:45Z,5.16
SN4 0PW,SEPD,PSI,1,253418,40,2026-08-20T08:55:24Z,2026-08-20T14:04:45Z,5.16
SO21 2PH,SEPD,PSI,1,253178,7,2026-08-20T08:55:24Z,2026-08-20T14:04:45Z,5.16
SO21 2RJ,SEPD,PSI,1,253178,7,2026-08-20T08:55:24Z,2026-08-20T14:04:45Z,5.16
SO21 3ES,SEPD,PSI,1,253178,7,2026-08-20T08:55:24Z,2026-08-20T14:04:45Z,5.16
SO21 3ET,SEPD,PSI,1,253178,7,2026-08-20T08:55:24Z,2026-08-20T14:04:45Z,5.16
UB8 2DD,SEPD,LV,2,"TV6111,TV6745",36,2026-08-18T09:17:56Z,2026-08-18T14:22:42Z,5.08
UB8 2DE,SEPD,LV,2,"TV6111,TV6745",36,2026-08-18T09:17:56Z,2026-08-18T14:22:42Z,5.08
UB8 2DR,SEPD,LV,2,"TV6111,TV6745",36,2026-08-18T09:17:56Z,2026-08-18T14:22:42Z,5.08
UB8 2PY,SEPD,LV,2,"TV6111,TV6745",36,2026-08-18T09:17:56Z,2026-08-18T14:22:42Z,5.08
BN18 0LY,SEPD,PSI,1,252398,109,2026-08-21T08:01:25Z,2026-08-21T13:05:57Z,5.08
BN18 0QT,SEPD,PSI,1,252398,109,2026-08-21T08:01:25Z,2026-08-21T13:05:57Z,5.08
BN18 0QU,SEPD,PSI,1,252398,109,2026-08-21T08:01:25Z,2026-08-21T13:05:57Z,5.08
BN18 0QX,SEPD,PSI,1,252398,109,2026-08-21T08:01:25Z,2026-08-21T13:05:57Z,5.08
BN18 0QY,SEPD,PSI,1,252398,109,2026-08-21T08:01:25Z,2026-08-21T13:05:57Z,5.08
BN18 0RA,SEPD,PSI,1,252398,109,2026-08-21T08:01:25Z,2026-08-21T13:05:57Z,5.08
BN18 0RB,SEPD,PSI,1,252398,109,2026-08-21T08:01:25Z,2026-08-21T13:05:57Z,5.08
BN18 0RD,SEPD,PSI,1,252398,109,2026-08-21T08:01:25Z,2026-08-21T13:05:57Z,5.08
BN18 0RE,SEPD,PSI,1,252398,109,2026-08-21T08:01:25Z,2026-08-21T13:05:57Z,5.08
BN18 0RG,SEPD,PSI,1,252398,109,2026-08-21T08:01:25Z,2026-08-21T13:05:57Z,5.08
BN18 0RP,SEPD,PSI,1,252398,109,2026-08-21T08:01:25Z,2026-08-21T13:05:57Z,5.08
BN18 0RR,SEPD,PSI,1,252398,109,2026-08-21T08:01:25Z,2026-08-21T13:05:57Z,5.08
BN18 0RS,SEPD,PSI,1,252398,109,2026-08-21T08:01:25Z,2026-08-21T13:05:57Z,5.08
BH20 6AP,SEPD,PSI,1,253419,22,2026-08-21T08:52:50Z,2026-08-21T13:57:18Z,5.07
BH20 6AR,SEPD,PSI,1,253419,22,2026-08-21T08:52:50Z,2026-08-21T13:57:18Z,5.07
BH20 6AW,SEPD,PSI,1,253419,22,2026-08-21T08:52:50Z,2026-08-21T13:57:18Z,5.07
IV1 2JB,SHEPD,PSI,1,254274,2,2026-08-21T08:52:50Z,2026-08-21T13:57:18Z,5.07
SP11 8FJ,SEPD,PSI,1,253606,52,2026-08-21T08:52:50Z,2026-08-21T13:57:18Z,5.07
SP11 8PP,SEPD,PSI,1,253606,52,2026-08-21T08:52:50Z,2026-08-21T13:57:18Z,5.07
SP11 8PR,SEPD,PSI,1,253606,52,2026-08-21T08:52:50Z,2026-08-21T13:57:18Z,5.07
SP11 8PS,SEPD,PSI,1,253606,52,2026-08-21T08:52:50Z,2026-08-21T13:57:18Z,5.07
SP11 8PT,SEPD,PSI,1,253606,52,2026-08-21T08:52:50Z,2026-08-21T13:57:18Z,5.07
SP11 8PU,SEPD,PSI,1,253606,52,2026-08-21T08:52:50Z,2026-08-21T13:57:18Z,5.07
SP11 8PX,SEPD,PSI,1,253606,52,2026-08-21T08:52:50Z,2026-08-21T13:57:18Z,5.07
SP4 0ED,SEPD,PSI,1,253606,52,2026-08-21T08:52:50Z,2026-08-21T13:57:18Z,5.07
RH14 0HD,SEPD,PSI,1,253670,8,2026-08-22T08:40:35Z,2026-08-22T13:39:00Z,4.97
SO17 1DQ,SEPD,LV,1,TV9211,23,2026-08-19T22:59:48Z,2026-08-20T03:58:09Z,4.97
SO17 1DT,SEPD,LV,1,TV9211,23,2026-08-19T22:59:48Z,2026-08-20T03:58:09Z,4.97
SO17 1DU,SEPD,LV,1,TV9211,23,2026-08-19T22:59:48Z,2026-08-20T03:58:09Z,4.97
SO17 1DW,SEPD,LV,1,TV9211,23,2026-08-19T22:59:48Z,2026-08-20T03:58:09Z,4.97
SO17 1QP,SEPD,LV,1,TV9211,23,2026-08-19T22:59:48Z,2026-08-20T03:58:09Z,4.97
SO17 1QQ,SEPD,LV,1,TV9211,23,2026-08-19T22:59:48Z,2026-08-20T03:58:09Z,4.97
SO17 1QR,SEPD,LV,1,TV9211,23,2026-08-19T22:59:48Z,2026-08-20T03:58:09Z,4.97
SO17 1QS,SEPD,LV,1,TV9211,23,2026-08-19T22:59:48Z,2026-08-20T03:58:09Z,4.97
SO17 1QX,SEPD,LV,1,TV9211,23,2026-08-19T22:59:48Z,2026-08-20T03:58:09Z,4.97
SO17 1WY,SEPD,LV,1,TV9211,23,2026-08-19T22:59:48Z,2026-08-20T03:58:09Z,4.97
SO17 1XB,SEPD,LV,1,TV9211,23,2026-08-19T22:59:48Z,2026-08-20T03:58:09Z,4.97
SP6 1LX,SEPD,HV,1,TV7840,10,2026-08-19T08:59:42Z,2026-08-19T13:56:22Z,4.94
SP6 3HN,SEPD,HV,1,TV7840,10,2026-08-19T08:59:42Z,2026-08-19T13:56:22Z,4.94
SP6 3HT,SEPD,HV,1,TV7840,10,2026-08-19T08:59:42Z,2026-08-19T13:56:22Z,4.94
BH16 6JE,SEPD,PSI,1,253449,12,2026-08-20T17:51:19Z,2026-08-20T22:45:49Z,4.91
BH16 6JF,SEPD,PSI,1,253449,12,2026-08-20T17:51:19Z,2026-08-20T22:45:49Z,4.91
SN8 4NF,SEPD,HV,2,"TV7325,TV9371",195,2026-08-18T21:31:19Z,2026-08-20T08:07:21Z,4.88
SN8 4NG,SEPD,HV,2,"TV7325,TV9371",195,2026-08-18T21:31:19Z,2026-08-20T08:07:21Z,4.88
SN8 4NL,SEPD,HV,2,"TV7325,TV9371",195,2026-08-18T21:31:19Z,2026-08-20T08:07:21Z,4.88
SN8 4NW,SEPD,HV,2,"TV7325,TV9371",195,2026-08-18T21:31:19Z,2026-08-20T08:07:21Z,4.88
AB41 6TP,SHEPD,PSI,1,252433,20,2026-08-19T08:18:34Z,2026-08-19T13:03:55Z,4.76
AB41 8TL,SHEPD,PSI,1,252433,20,2026-08-19T08:18:34Z,2026-08-19T13:03:55Z,4.76
AB53 6SX,SHEPD,PSI,1,252433,20,2026-08-19T08:18:34Z,2026-08-19T13:03:55Z,4.76
AB53 6TL,SHEPD,PSI,1,252433,20,2026-08-19T08:18:34Z,2026-08-19T13:03:55Z,4.76
AB53 6TP,SHEPD,PSI,1,252433,20,2026-08-19T08:18:34Z,2026-08-19T13:03:55Z,4.76
AB53 6TR,SHEPD,PSI,1,252433,20,2026-08-19T08:18:34Z,2026-08-19T13:03:55Z,4.76
RG5 4LN,SEPD,HV,1,TV4225,331,2026-08-16T19:10:23Z,2026-08-16T23:55:39Z,4.75
RG5 4LW,SEPD,HV,1,TV4225,331,2026-08-16T19:10:23Z,2026-08-16T23:55:39Z,4.75
DD3 0BB,SHEPD,LV,1,TW2909,10,2026-08-22T10:33:29Z,2026-08-22T15:11:28Z,4.63
DD3 0BD,SHEPD,LV,1,TW2909,10,2026-08-22T10:33:29Z,2026-08-22T15:11:28Z,4.63
DD3 0BE,SHEPD,LV,1,TW2909,10,2026-08-22T10:33:29Z,2026-08-22T15:11:28Z,4.63
DD3 0DS,SHEPD,LV,1,TW2909,10,2026-08-22T10:33:29Z,2026-08-22T15:11:28Z,4.63
SN9 6FB,SEPD,PSI,1,253630,65,2026-08-17T08:23:42Z,2026-08-17T12:59:19Z,4.59
SN9 6JS,SEPD,PSI,1,253630,65,2026-08-17T08:23:42Z,2026-08-17T12:59:19Z,4.59
SN9 6JT,SEPD,PSI,1,253630,65,2026-08-17T08:23:42Z,2026-08-17T12:59:19Z,4.59
SN9 6JU,SEPD,PSI,1,253630,65,2026-08-17T08:23:42Z,2026-08-17T12:59:19Z,4.59
SN9 6JX,SEPD,PSI,1,253630,65,2026-08-17T08:23:42Z,2026-08-17T12:59:19Z,4.59
SN9 6JY,SEPD,PSI,1,253630,65,2026-08-17T08:23:42Z,2026-08-17T12:59:19Z,4.59
SN9 6JZ,SEPD,PSI,1,253630,65,2026-08-17T08:23:42Z,2026-08-17T12:59:19Z,4.59
GU7 2LH,SEPD,"HV,LV",2,"TW2174,TW2175",173,2026-08-21T14:43:41Z,2026-08-21T19:18:47Z,4.58
GU7 2LS,SEPD,"HV,LV",2,"TW2174,TW2175",173,2026-08-21T14:43:41Z,2026-08-21T19:18:47Z,4.58
GU7 2LF,SEPD,HV,1,TW2174,150,2026-08-21T14:43:41Z,2026-08-21T19:18:47Z,4.58
GU7 2LG,SEPD,HV,1,TW2174,150,2026-08-21T14:43:41Z,2026-08-21T19:18:47Z,4.58
GU7 2LQ,SEPD,HV,1,TW2174,150,2026-08-21T14:43:41Z,2026-08-21T19:18:47Z,4.58
GU7 2LU,SEPD,HV,1,TW2174,150,2026-08-21T14:43:41Z,2026-08-21T19:18:47Z,4.58
GU7 2LX,SEPD,HV,1,TW2174,150,2026-08-21T14:43:41Z,2026-08-21T19:18:47Z,4.58
GU7 2LZ,SEPD,HV,1,TW2174,150,2026-08-21T14:43:41Z,2026-08-21T19:18:47Z,4.58
GU7 2NA,SEPD,HV,1,TW2174,150,2026-08-21T14:43:41Z,2026-08-21T19:18:47Z,4.58
GU7 2QA,SEPD,HV,1,TW2174,150,2026-08-21T14:43:41Z,2026-08-21T19:18:47Z,4.58
GU7 2QB,SEPD,HV,1,TW2174,150,2026-08-21T14:43:41Z,2026-08-21T19:18:47Z,4.58
GU7 2QH,SEPD,HV,1,TW2174,150,2026-08-21T14:43:41Z,2026-08-21T19:18:47Z,4.58
GU7 2QQ,SEPD,HV,1,TW2174,150,2026-08-21T14:43:41Z,2026-08-21T19:18:47Z,4.58
BA22 8LB,SEPD,PSI,1,254195,75,2026-08-22T07:38:20Z,2026-08-22T12:10:52Z,4.54
BA22 8LD,SEPD,PSI,1,254195,75,2026-08-22T07:38:20Z,2026-08-22T12:10:52Z,4.54
BA22 8LU,SEPD,PSI,1,254195,75,2026-08-22T07:38:20Z,2026-08-22T12:10:52Z,4.54
BA22 8LX,SEPD,PSI,1,254195,75,2026-08-22T07:38:20Z,2026-08-22T12:10:52Z,4.54
BA22 8LY,SEPD,PSI,1,254195,75,2026-08-22T07:38:20Z,2026-08-22T12:10:52Z,4.54
BA22 8LZ,SEPD,PSI,1,254195,75,2026-08-22T07:38:20Z,2026-08-22T12:10:52Z,4.54
BA22 8NG,SEPD,PSI,1,254195,75,2026-08-22T07:38:20Z,2026-08-22T12:10:52Z,4.54
BA22 8NL,SEPD,PSI,1,254195,75,2026-08-22T07:38:20Z,2026-08-22T12:10:52Z,4.54
KW10 6TA,SHEPD,PSI,1,253960,8,2026-08-15T17:28:33Z,2026-08-15T22:00:50Z,4.54
PA43 7LW,SHEPD,HV,1,TV6417,3,2026-08-18T09:53:43Z,2026-08-18T14:22:42Z,4.48
PA44 7PZ,SHEPD,HV,1,TV6417,3,2026-08-18T09:53:43Z,2026-08-18T14:22:42Z,4.48
TW20 0XN,SEPD,LV,1,TW2984,5,2026-08-22T13:01:07Z,2026-08-22T17:28:32Z,4.46
TW20 0XU,SEPD,LV,1,TW2984,5,2026-08-22T13:01:07Z,2026-08-22T17:28:32Z,4.46
TW20 0YB,SEPD,LV,1,TW2984,5,2026-08-22T13:01:07Z,2026-08-22T17:28:32Z,4.46
TW20 0YJ,SEPD,LV,1,TW2984,5,2026-08-22T13:01:07Z,2026-08-22T17:28:32Z,4.46
TW20 0YL,SEPD,LV,1,TW2984,5,2026-08-22T13:01:07Z,2026-08-22T17:28:32Z,4.46
BH22 0BB,SEPD,LV,1,TV5086,27,2026-08-18T13:51:36Z,2026-08-18T18:15:41Z,4.4
BH22 0BH,SEPD,LV,1,TV5086,27,2026-08-18T13:51:36Z,2026-08-18T18:15:41Z,4.4
BH22 0BJ,SEPD,LV,1,TV5086,27,2026-08-18T13:51:36Z,2026-08-18T18:15:41Z,4.4
BH22 0BL,SEPD,LV,1,TV5086,27,2026-08-18T13:51:36Z,2026-08-18T18:15:41Z,4.4
BH22 0BQ,SEPD,LV,1,TV5086,27,2026-08-18T13:51:36Z,2026-08-18T18:15:41Z,4.4
BH22 0FB,SEPD,LV,1,TV5086,27,2026-08-18T13:51:36Z,2026-08-18T18:15:41Z,4.4
BH22 0GA,SEPD,LV,1,TV5086,27,2026-08-18T13:51:36Z,2026-08-18T18:15:41Z,4.4
BH25 5AR,SEPD,PSI,1,252923,63,2026-08-20T08:55:24Z,2026-08-20T13:17:59Z,4.38
BH25 5PL,SEPD,PSI,1,252923,63,2026-08-20T08:55:24Z,2026-08-20T13:17:59Z,4.38
BH25 5PN,SEPD,PSI,1,252923,63,2026-08-20T08:55:24Z,2026-08-20T13:17:59Z,4.38
BH25 5PS,SEPD,PSI,1,252923,63,2026-08-20T08:55:24Z,2026-08-20T13:17:59Z,4.38
BH25 5PT,SEPD,PSI,1,252923,63,2026-08-20T08:55:24Z,2026-08-20T13:17:59Z,4.38
BH25 5PW,SEPD,PSI,1,252923,63,2026-08-20T08:55:24Z,2026-08-20T13:17:59Z,4.38
BH25 5PY,SEPD,PSI,1,252923,63,2026-08-20T08:55:24Z,2026-08-20T13:17:59Z,4.38
BH25 5PZ,SEPD,PSI,1,252923,63,2026-08-20T08:55:24Z,2026-08-20T13:17:59Z,4.38
BH25 7AU,SEPD,PSI,1,252923,63,2026-08-20T08:55:24Z,2026-08-20T13:17:59Z,4.38
PA23 8QU,SHEPD,PSI,1,253498,29,2026-08-20T08:55:24Z,2026-08-20T13:17:59Z,4.38
PA23 8QX,SHEPD,PSI,1,253498,29,2026-08-20T08:55:24Z,2026-08-20T13:17:59Z,4.38
PA23 8RB,SHEPD,PSI,1,253498,29,2026-08-20T08:55:24Z,2026-08-20T13:17:59Z,4.38
SP5 2EH,SEPD,PSI,1,253446,5,2026-08-20T08:55:24Z,2026-08-20T13:17:59Z,4.38
SO30 2AA,SEPD,LV,2,"TV8636,TV8685",30,2026-08-19T13:56:22Z,2026-08-19T18:55:23Z,4.37
SO30 2EB,SEPD,LV,2,"TV8636,TV8685",30,2026-08-19T13:56:22Z,2026-08-19T18:55:23Z,4.37
RG5 3DB,SEPD,HV,1,TV4225,331,2026-08-16T19:33:38Z,2026-08-16T23:55:39Z,4.37
RG5 4LF,SEPD,HV,1,TV4225,331,2026-08-16T19:33:38Z,2026-08-16T23:55:39Z,4.37
RG5 4LH,SEPD,HV,1,TV4225,331,2026-08-16T19:33:38Z,2026-08-16T23:55:39Z,4.37
RG5 4LL,SEPD,HV,1,TV4225,331,2026-08-16T19:33:38Z,2026-08-16T23:55:39Z,4.37
RG5 4LT,SEPD,HV,1,TV4225,331,2026-08-16T19:33:38Z,2026-08-16T23:55:39Z,4.37
RG5 4LY,SEPD,HV,1,TV4225,331,2026-08-16T19:33:38Z,2026-08-16T23:55:39Z,4.37
RG5 4LZ,SEPD,HV,1,TV4225,331,2026-08-16T19:33:38Z,2026-08-16T23:55:39Z,4.37
RG5 4NA,SEPD,HV,1,TV4225,331,2026-08-16T19:33:38Z,2026-08-16T23:55:39Z,4.37
SP3 5SU,SEPD,"PSI,HV",3,"253797,TV7529,TV7530",395,2026-08-19T04:59:22Z,2026-08-19T12:01:20Z,4.36
KW15 1GZ,SHEPD,LV,1,TV3009,23,2026-08-15T17:28:33Z,2026-08-15T21:48:32Z,4.33
KW15 1HG,SHEPD,LV,1,TV3009,23,2026-08-15T17:28:33Z,2026-08-15T21:48:32Z,4.33
KW15 1HL,SHEPD,LV,1,TV3009,23,2026-08-15T17:28:33Z,2026-08-15T21:48:32Z,4.33
KW15 1HP,SHEPD,LV,1,TV3009,23,2026-08-15T17:28:33Z,2026-08-15T21:48:32Z,4.33
KW15 1HQ,SHEPD,LV,1,TV3009,23,2026-08-15T17:28:33Z,2026-08-15T21:48:32Z,4.33
KW15 1HW,SHEPD,LV,1,TV3009,23,2026-08-15T17:28:33Z,2026-08-15T21:48:32Z,4.33
KW15 1NW,SHEPD,LV,1,TV3009,23,2026-08-15T17:28:33Z,2026-08-15T21:48:32Z,4.33
KW15 1QW,SHEPD,LV,1,TV3009,23,2026-08-15T17:28:33Z,2026-08-15T21:48:32Z,4.33
PO33 4DS,SEPD,LV,1,TV2945,3,2026-08-15T17:28:33Z,2026-08-15T21:48:32Z,4.33
PO33 4DY,SEPD,LV,1,TV2945,3,2026-08-15T17:28:33Z,2026-08-15T21:48:32Z,4.33
TW7 4DD,SEPD,LV,2,"TV4487,TV5464",56,2026-08-16T23:55:39Z,2026-08-17T16:37:51Z,4.32
TW7 4DE,SEPD,LV,2,"TV4487,TV5464",56,2026-08-16T23:55:39Z,2026-08-17T16:37:51Z,4.32
TW7 4JA,SEPD,LV,2,"TV4487,TV5464",56,2026-08-16T23:55:39Z,2026-08-17T16:37:51Z,4.32
TW7 4JB,SEPD,LV,2,"TV4487,TV5464",56,2026-08-16T23:55:39Z,2026-08-17T16:37:51Z,4.32
TW7 4JD,SEPD,LV,2,"TV4487,TV5464",56,2026-08-16T23:55:39Z,2026-08-17T16:37:51Z,4.32
TW7 4JE,SEPD,LV,2,"TV4487,TV5464",56,2026-08-16T23:55:39Z,2026-08-17T16:37:51Z,4.32
TW7 4JR,SEPD,LV,2,"TV4487,TV5464",56,2026-08-16T23:55:39Z,2026-08-17T16:37:51Z,4.32
TW7 4PA,SEPD,LV,2,"TV4487,TV5464",56,2026-08-16T23:55:39Z,2026-08-17T16:37:51Z,4.32
TW7 4PB,SEPD,LV,2,"TV4487,TV5464",56,2026-08-16T23:55:39Z,2026-08-17T16:37:51Z,4.32
TW7 4RL,SEPD,LV,2,"TV4487,TV5464",56,2026-08-16T23:55:39Z,2026-08-17T16:37:51Z,4.32
TW7 4RN,SEPD,LV,2,"TV4487,TV5464",56,2026-08-16T23:55:39Z,2026-08-17T16:37:51Z,4.32
TW7 5HJ,SEPD,LV,2,"TV4487,TV5464",56,2026-08-16T23:55:39Z,2026-08-17T16:37:51Z,4.32
AB43 8TN,SHEPD,HV,1,TV3602,35,2026-08-16T03:54:09Z,2026-08-16T08:12:10Z,4.3
AB43 8TP,SHEPD,HV,1,TV3602,35,2026-08-16T03:54:09Z,2026-08-16T08:12:10Z,4.3
AB43 8TQ,SHEPD,HV,1,TV3602,35,2026-08-16T03:54:09Z,2026-08-16T08:12:10Z,4.3
AB43 8TR,SHEPD,HV,1,TV3602,35,2026-08-16T03:54:09Z,2026-08-16T08:12:10Z,4.3
AB43 8TS,SHEPD,HV,1,TV3602,35,2026-08-16T03:54:09Z,2026-08-16T08:12:10Z,4.3
AB43 8UR,SHEPD,HV,1,TV3602,35,2026-08-16T03:54:09Z,2026-08-16T08:12:10Z,4.3
AB43 8UX,SHEPD,HV,1,TV3602,35,2026-08-16T03:54:09Z,2026-08-16T08:12:10Z,4.3
AB43 8XA,SHEPD,HV,1,TV3602,35,2026-08-16T03:54:09Z,2026-08-16T08:12:10Z,4.3
BA12 6LY,SEPD,LV,1,TV6817,15,2026-08-18T15:39:55Z,2026-08-18T19:57:03Z,4.29
BA12 6NA,SEPD,LV,1,TV6817,15,2026-08-18T15:39:55Z,2026-08-18T19:57:03Z,4.29
BA12 6NB,SEPD,LV,1,TV6817,15,2026-08-18T15:39:55Z,2026-08-18T19:57:03Z,4.29
BA12 6NJ,SEPD,LV,1,TV6817,15,2026-08-18T15:39:55Z,2026-08-18T19:57:03Z,4.29
BA12 6NQ,SEPD,LV,1,TV6817,15,2026-08-18T15:39:55Z,2026-08-18T19:57:03Z,4.29
BA12 6NY,SEPD,LV,1,TV6817,15,2026-08-18T15:39:55Z,2026-08-18T19:57:03Z,4.29
BA12 6PG,SEPD,LV,1,TV6817,15,2026-08-18T15:39:55Z,2026-08-18T19:57:03Z,4.29
GU51 3JT,SEPD,LV,1,TW0353,19,2026-08-20T14:04:45Z,2026-08-20T18:22:02Z,4.29
GU51 3NG,SEPD,LV,1,TW0353,19,2026-08-20T14:04:45Z,2026-08-20T18:22:02Z,4.29
GU52 0EL,SEPD,LV,1,TW0353,19,2026-08-20T14:04:45Z,2026-08-20T18:22:02Z,4.29
GU52 0RA,SEPD,LV,1,TW0353,19,2026-08-20T14:04:45Z,2026-08-20T18:22:02Z,4.29
GU52 6QY,SEPD,LV,1,TW0353,19,2026-08-20T14:04:45Z,2026-08-20T18:22:02Z,4.29
GU52 8JY,SEPD,LV,1,TW0353,19,2026-08-20T14:04:45Z,2026-08-20T18:22:02Z,4.29
GU52 8LF,SEPD,LV,1,TW0353,19,2026-08-20T14:04:45Z,2026-08-20T18:22:02Z,4.29
GU52 8LG,SEPD,LV,1,TW0353,19,2026-08-20T14:04:45Z,2026-08-20T18:22:02Z,4.29
GU52 8QX,SEPD,LV,1,TW0353,19,2026-08-20T14:04:45Z,2026-08-20T18:22:02Z,4.29
GU52 8UD,SEPD,LV,1,TW0353,19,2026-08-20T14:04:45Z,2026-08-20T18:22:02Z,4.29
RG9 4AJ,SEPD,LV,1,TW0051,6,2026-08-20T14:53:45Z,2026-08-20T19:09:02Z,4.25
RG9 4AL,SEPD,LV,1,TW0051,6,2026-08-20T14:53:45Z,2026-08-20T19:09:02Z,4.25
RG9 4AN,SEPD,LV,1,TW0051,6,2026-08-20T14:53:45Z,2026-08-20T19:09:02Z,4.25
RG9 4AP,SEPD,LV,1,TW0051,6,2026-08-20T14:53:45Z,2026-08-20T19:09:02Z,4.25
RG9 4AR,SEPD,LV,1,TW0051,6,2026-08-20T14:53:45Z,2026-08-20T19:09:02Z,4.25
RG9 4AS,SEPD,LV,1,TW0051,6,2026-08-20T14:53:45Z,2026-08-20T19:09:02Z,4.25
DT2 7NF,SEPD,HV,1,TV7952,13,2026-08-19T09:42:04Z,2026-08-19T13:56:22Z,4.24
DT2 7NG,SEPD,HV,1,TV7952,13,2026-08-19T09:42:04Z,2026-08-19T13:56:22Z,4.24
IV7 8DN,SHEPD,PSI,1,254058,4,2026-08-19T09:42:04Z,2026-08-19T13:56:22Z,4.24
OX25 4AA,SEPD,PSI,1,253165,5,2026-08-18T08:47:30Z,2026-08-18T13:01:53Z,4.24
OX26 1RT,SEPD,PSI,1,253165,5,2026-08-18T08:47:30Z,2026-08-18T13:01:53Z,4.24
SL6 9EB,SEPD,PSI,1,253693,37,2026-08-18T08:47:30Z,2026-08-18T13:01:53Z,4.24
SL6 9ED,SEPD,PSI,1,253693,37,2026-08-18T08:47:30Z,2026-08-18T13:01:53Z,4.24
SL6 9EE,SEPD,PSI,1,253693,37,2026-08-18T08:47:30Z,2026-08-18T13:01:53Z,4.24
SL6 9LF,SEPD,PSI,1,253693,37,2026-08-18T08:47:30Z,2026-08-18T13:01:53Z,4.24
GL7 5QD,SEPD,HV,1,TV4178,15,2026-08-16T17:29:32Z,2026-08-16T21:39:10Z,4.16
GL7 6HU,SEPD,HV,1,TV4178,15,2026-08-16T17:29:32Z,2026-08-16T21:39:10Z,4.16
OX29 4JA,SEPD,LV,1,TV5991,9,2026-08-19T21:59:42Z,2026-08-20T02:08:19Z,4.14
OX29 4JN,SEPD,LV,1,TV5991,9,2026-08-19T21:59:42Z,2026-08-20T02:08:19Z,4.14
OX29 4TH,SEPD,LV,1,TV5991,9,2026-08-19T21:59:42Z,2026-08-20T02:08:19Z,4.14
OX29 4TR,SEPD,LV,1,TV5991,9,2026-08-19T21:59:42Z,2026-08-20T02:08:19Z,4.14
PO19 1NB,SEPD,LV,2,"TV4738,TV5193",14,2026-08-17T11:58:37Z,2026-08-17T17:02:52Z,4.06
PO19 1ND,SEPD,LV,2,"TV4738,TV5193",14,2026-08-17T11:58:37Z,2026-08-17T17:02:52Z,4.06
PO19 1NH,SEPD,LV,2,"TV4738,TV5193",14,2026-08-17T11:58:37Z,2026-08-17T17:02:52Z,4.06
PO19 1NJ,SEPD,LV,2,"TV4738,TV5193",14,2026-08-17T11:58:37Z,2026-08-17T17:02:52Z,4.06
PO19 1NL,SEPD,LV,2,"TV4738,TV5193",14,2026-08-17T11:58:37Z,2026-08-17T17:02:52Z,4.06
PO19 1NS,SEPD,LV,2,"TV4738,TV5193",14,2026-08-17T11:58:37Z,2026-08-17T17:02:52Z,4.06
SP11 8PQ,SEPD,LV,1,TW0031,2,2026-08-20T15:41:40Z,2026-08-20T19:44:52Z,4.05
SP11 8QQ,SEPD,LV,1,TW0031,2,2026-08-20T15:41:40Z,2026-08-20T19:44:52Z,4.05
IV17 0SH,SHEPD,"PSI,LV",2,"253955,TV5570",44,2026-08-18T05:14:40Z,2026-08-20T20:13:08Z,4.02
RG12 8YG,SEPD,"PSI,LV",2,"252989,TV3487",19,2026-08-15T19:32:57Z,2026-08-16T23:09:35Z,4.01
RG4,SEPD,"PSI,LV",2,"252989,TV3487",19,2026-08-15T19:32:57Z,2026-08-16T23:09:35Z,4.01
RG40 3DP,SEPD,"PSI,LV",2,"252989,TV3487",19,2026-08-15T19:32:57Z,2026-08-16T23:09:35Z,4.01
RG40 3DR,SEPD,"PSI,LV",2,"252989,TV3487",19,2026-08-15T19:32:57Z,2026-08-16T23:09:35Z,4.01
RG40 3DT,SEPD,"PSI,LV",2,"252989,TV3487",19,2026-08-15T19:32:57Z,2026-08-16T23:09:35Z,4.01
BH21 7EA,SEPD,PSI,2,"253748,253749",28,2026-08-17T08:23:42Z,2026-08-20T08:55:24Z,4.0
RG1 1DX,SEPD,LV,1,TV3650,16,2026-08-16T05:12:48Z,2026-08-16T09:13:03Z,4.0
RG1 1HN,SEPD,LV,1,TV3650,16,2026-08-16T05:12:48Z,2026-08-16T09:13:03Z,4.0
RG1 1PA,SEPD,LV,1,TV3650,16,2026-08-16T05:12:48Z,2026-08-16T09:13:03Z,4.0
RG1 1PF,SEPD,LV,1,TV3650,16,2026-08-16T05:12:48Z,2026-08-16T09:13:03Z,4.0
RG1 1PR,SEPD,LV,1,TV3650,16,2026-08-16T05:12:48Z,2026-08-16T09:13:03Z,4.0
IV30 1SY,SHEPD,LV,1,TV6636,9,2026-08-18T11:01:30Z,2026-08-18T15:00:13Z,3.98
IV30 1SZ,SHEPD,LV,1,TV6636,9,2026-08-18T11:01:30Z,2026-08-18T15:00:13Z,3.98
HP14 3YG,SEPD,LV,1,TV8142,2,2026-08-19T10:44:54Z,2026-08-19T14:42:27Z,3.96
SN10 4NB,SEPD,HV,1,TW2367,23,2026-08-21T18:02:44Z,2026-08-21T21:55:42Z,3.88
SN10 4ND,SEPD,HV,1,TW2367,23,2026-08-21T18:02:44Z,2026-08-21T21:55:42Z,3.88
SN10 4NG,SEPD,HV,1,TW2367,23,2026-08-21T18:02:44Z,2026-08-21T21:55:42Z,3.88
SN10 5UB,SEPD,HV,1,TW2367,23,2026-08-21T18:02:44Z,2026-08-21T21:55:42Z,3.88
SO31 1AA,SEPD,LV,1,TV8476,6,2026-08-19T13:56:22Z,2026-08-19T17:45:47Z,3.82
SO31 1AB,SEPD,LV,1,TV8476,6,2026-08-19T13:56:22Z,2026-08-19T17:45:47Z,3.82
SO31 1AQ,SEPD,LV,1,TV8476,6,2026-08-19T13:56:22Z,2026-08-19T17:45:47Z,3.82
SO31 1AR,SEPD,LV,1,TV8476,6,2026-08-19T13:56:22Z,2026-08-19T17:45:47Z,3.82
OX10 9ES,SEPD,HV,2,"TV5632,TV5757",1758,2026-08-17T17:38:55Z,2026-08-17T21:58:45Z,3.77
OX10 9HD,SEPD,HV,2,"TV5632,TV5757",1758,2026-08-17T17:38:55Z,2026-08-17T21:58:45Z,3.77
OX10 9HE,SEPD,HV,2,"TV5632,TV5757",1758,2026-08-17T17:38:55Z,2026-08-17T21:58:45Z,3.77
OX10 9HF,SEPD,HV,2,"TV5632,TV5757",1758,2026-08-17T17:38:55Z,2026-08-17T21:58:45Z,3.77
OX10 9HG,SEPD,HV,2,"TV5632,TV5757",1758,2026-08-17T17:38:55Z,2026-08-17T21:58:45Z,3.77
OX10 9HQ,SEPD,HV,2,"TV5632,TV5757",1758,2026-08-17T17:38:55Z,2026-08-17T21:58:45Z,3.77
OX10 9LA,SEPD,HV,2,"TV5632,TV5757",1758,2026-08-17T17:38:55Z,2026-08-17T21:58:45Z,3.77
OX10 9LB,SEPD,HV,2,"TV5632,TV5757",1758,2026-08-17T17:38:55Z,2026-08-17T21:58:45Z,3.77
OX10 9PP,SEPD,HV,2,"TV5632,TV5757",1758,2026-08-17T17:38:55Z,2026-08-17T21:58:45Z,3.77
OX10 9PQ,SEPD,HV,2,"TV5632,TV5757",1758,2026-08-17T17:38:55Z,2026-08-17T21:58:45Z,3.77
OX10 9PR,SEPD,HV,2,"TV5632,TV5757",1758,2026-08-17T17:38:55Z,2026-08-17T21:58:45Z,3.77
OX10 9PS,SEPD,HV,2,"TV5632,TV5757",1758,2026-08-17T17:38:55Z,2026-08-17T21:58:45Z,3.77
OX10 9PT,SEPD,HV,2,"TV5632,TV5757",1758,2026-08-17T17:38:55Z,2026-08-17T21:58:45Z,3.77
OX10 9RE,SEPD,HV,2,"TV5632,TV5757",1758,2026-08-17T17:38:55Z,2026-08-17T21:58:45Z,3.77
OX11 9AG,SEPD,HV,2,"TV5632,TV5757",1758,2026-08-17T17:38:55Z,2026-08-17T21:58:45Z,3.77
OX11 9AH,SEPD,HV,2,"TV5632,TV5757",1758,2026-08-17T17:38:55Z,2026-08-17T21:58:45Z,3.77
OX11 9AJ,SEPD,HV,2,"TV5632,TV5757",1758,2026-08-17T17:38:55Z,2026-08-17T21:58:45Z,3.77
OX11 9AL,SEPD,HV,2,"TV5632,TV5757",1758,2026-08-17T17:38:55Z,2026-08-17T21:58:45Z,3.77
OX11 9AN,SEPD,HV,2,"TV5632,TV5757",1758,2026-08-17T17:38:55Z,2026-08-17T21:58:45Z,3.77
OX11 9AQ,SEPD,HV,2,"TV5632,TV5757",1758,2026-08-17T17:38:55Z,2026-08-17T21:58:45Z,3.77
OX11 9AW,SEPD,HV,2,"TV5632,TV5757",1758,2026-08-17T17:38:55Z,2026-08-17T21:58:45Z,3.77
OX11 9FB,SEPD,HV,2,"TV5632,TV5757",1758,2026-08-17T17:38:55Z,2026-08-17T21:58:45Z,3.77
OX11 9FD,SEPD,HV,2,"TV5632,TV5757",1758,2026-08-17T17:38:55Z,2026-08-17T21:58:45Z,3.77
PO30 2NA,SEPD,HV,1,TV9446,5,2026-08-20T06:26:49Z,2026-08-20T10:12:56Z,3.77
PO30 2NB,SEPD,HV,1,TV9446,5,2026-08-20T06:26:49Z,2026-08-20T10:12:56Z,3.77
PO30 2NE,SEPD,HV,1,TV9446,5,2026-08-20T06:26:49Z,2026-08-20T10:12:56Z,3.77
DT4 8BZ,SEPD,LV,1,TV9117,15,2026-08-19T21:01:38Z,2026-08-20T00:45:07Z,3.72
DT4 8PP,SEPD,LV,1,TV9117,15,2026-08-19T21:01:38Z,2026-08-20T00:45:07Z,3.72
DT4 8PS,SEPD,LV,1,TV9117,15,2026-08-19T21:01:38Z,2026-08-20T00:45:07Z,3.72
DT4 8PY,SEPD,LV,1,TV9117,15,2026-08-19T21:01:38Z,2026-08-20T00:45:07Z,3.72
DT5 2DG,SEPD,LV,1,TV6884,14,2026-08-18T13:01:53Z,2026-08-18T16:44:14Z,3.71
DT5 2DH,SEPD,LV,1,TV6884,14,2026-08-18T13:01:53Z,2026-08-18T16:44:14Z,3.71
SP3 5GN,SEPD,PSI,1,253797,165,2026-08-19T08:18:34Z,2026-08-19T12:01:20Z,3.71
SP3 5RZ,SEPD,PSI,1,253797,165,2026-08-19T08:18:34Z,2026-08-19T12:01:20Z,3.71
SP3 5SE,SEPD,PSI,1,253797,165,2026-08-19T08:18:34Z,2026-08-19T12:01:20Z,3.71
SP3 5SF,SEPD,PSI,1,253797,165,2026-08-19T08:18:34Z,2026-08-19T12:01:20Z,3.71
SP3 5SG,SEPD,PSI,1,253797,165,2026-08-19T08:18:34Z,2026-08-19T12:01:20Z,3.71
SP3 5SH,SEPD,PSI,1,253797,165,2026-08-19T08:18:34Z,2026-08-19T12:01:20Z,3.71
SP3 5SJ,SEPD,PSI,1,253797,165,2026-08-19T08:18:34Z,2026-08-19T12:01:20Z,3.71
SP3 5SL,SEPD,PSI,1,253797,165,2026-08-19T08:18:34Z,2026-08-19T12:01:20Z,3.71
SP3 5SN,SEPD,PSI,1,253797,165,2026-08-19T08:18:34Z,2026-08-19T12:01:20Z,3.71
SP3 5SQ,SEPD,PSI,1,253797,165,2026-08-19T08:18:34Z,2026-08-19T12:01:20Z,3.71
SP3 5SZ,SEPD,PSI,1,253797,165,2026-08-19T08:18:34Z,2026-08-19T12:01:20Z,3.71
SP3 5UA,SEPD,PSI,1,253797,165,2026-08-19T08:18:34Z,2026-08-19T12:01:20Z,3.71
SP3 6EZ,SEPD,PSI,1,253797,165,2026-08-19T08:18:34Z,2026-08-19T12:01:20Z,3.71
SP3 6PU,SEPD,PSI,1,253797,165,2026-08-19T08:18:34Z,2026-08-19T12:01:20Z,3.71
SP3 6PX,SEPD,PSI,1,253797,165,2026-08-19T08:18:34Z,2026-08-19T12:01:20Z,3.71
SP3 6QJ,SEPD,PSI,1,253797,165,2026-08-19T08:18:34Z,2026-08-19T12:01:20Z,3.71
SP3 6QL,SEPD,PSI,1,253797,165,2026-08-19T08:18:34Z,2026-08-19T12:01:20Z,3.71
SP3 6QP,SEPD,PSI,1,253797,165,2026-08-19T08:18:34Z,2026-08-19T12:01:20Z,3.71
SP3 6QR,SEPD,PSI,1,253797,165,2026-08-19T08:18:34Z,2026-08-19T12:01:20Z,3.71
SP3 6QW,SEPD,PSI,1,253797,165,2026-08-19T08:18:34Z,2026-08-19T12:01:20Z,3.71
SP5 2DQ,SEPD,LV,1,TV5500,4,2026-08-17T15:11:57Z,2026-08-17T18:53:52Z,3.7
SP6 2DG,SEPD,LV,1,TV5500,4,2026-08-17T15:11:57Z,2026-08-17T18:53:52Z,3.7
SP6 2DQ,SEPD,LV,1,TV5500,4,2026-08-17T15:11:57Z,2026-08-17T18:53:52Z,3.7
IV10 8SX,SHEPD,"PSI,LV",2,"254127,TW1690",52,2026-08-21T10:03:15Z,2026-08-21T12:02:32Z,3.61
IV10 8TR,SHEPD,"PSI,LV",2,"254127,TW1690",52,2026-08-21T10:03:15Z,2026-08-21T12:02:32Z,3.61
IV10 8TY,SHEPD,"PSI,LV",2,"254127,TW1690",52,2026-08-21T10:03:15Z,2026-08-21T12:02:32Z,3.61
RG6 1EX,SEPD,LV,1,TV6757,31,2026-08-18T23:09:02Z,2026-08-19T02:45:45Z,3.61
RG6 1NS,SEPD,LV,1,TV6757,31,2026-08-18T23:09:02Z,2026-08-19T02:45:45Z,3.61
RG6 1NT,SEPD,LV,1,TV6757,31,2026-08-18T23:09:02Z,2026-08-19T02:45:45Z,3.61
RG6 1PS,SEPD,LV,1,TV6757,31,2026-08-18T23:09:02Z,2026-08-19T02:45:45Z,3.61
RG6 1PX,SEPD,LV,1,TV6757,31,2026-08-18T23:09:02Z,2026-08-19T02:45:45Z,3.61
OX11 9JX,SEPD,PSI,1,252709,3,2026-08-17T08:23:42Z,2026-08-17T11:58:37Z,3.58
RG23 8PH,SEPD,PSI,1,253899,4,2026-08-17T08:23:42Z,2026-08-17T11:58:37Z,3.58
SO14 3FR,SEPD,"LV,HV",2,"TV9193,TW0412",224,2026-08-19T22:34:06Z,2026-08-20T14:04:45Z,3.57
DD2 3DB,SHEPD,LV,3,"TV3831,TV4946,TV9981",15,2026-08-16T13:00:57Z,2026-08-20T11:13:38Z,3.55
DT9,SEPD,HV,2,"TV7392,TV7647",921,2026-08-19T04:21:34Z,2026-08-19T13:03:55Z,3.54
SN7 0NY,SEPD,HV,2,"TV7392,TV7647",921,2026-08-19T04:21:34Z,2026-08-19T13:03:55Z,3.54
SP7 0AF,SEPD,HV,2,"TV7392,TV7647",921,2026-08-19T04:21:34Z,2026-08-19T13:03:55Z,3.54
SP7 0AH,SEPD,HV,2,"TV7392,TV7647",921,2026-08-19T04:21:34Z,2026-08-19T13:03:55Z,3.54
SP7 0AJ,SEPD,HV,2,"TV7392,TV7647",921,2026-08-19T04:21:34Z,2026-08-19T13:03:55Z,3.54
SP7 0AN,SEPD,HV,2,"TV7392,TV7647",921,2026-08-19T04:21:34Z,2026-08-19T13:03:55Z,3.54
SP7 0AP,SEPD,HV,2,"TV7392,TV7647",921,2026-08-19T04:21:34Z,2026-08-19T13:03:55Z,3.54
SP7 0AR,SEPD,HV,2,"TV7392,TV7647",921,2026-08-19T04:21:34Z,2026-08-19T13:03:55Z,3.54
SP7 0AS,SEPD,HV,2,"TV7392,TV7647",921,2026-08-19T04:21:34Z,2026-08-19T13:03:55Z,3.54
SP7 0AT,SEPD,HV,2,"TV7392,TV7647",921,2026-08-19T04:21:34Z,2026-08-19T13:03:55Z,3.54
SP7 0AU,SEPD,HV,2,"TV7392,TV7647",921,2026-08-19T04:21:34Z,2026-08-19T13:03:55Z,3.54
SP7 0AX,SEPD,HV,2,"TV7392,TV7647",921,2026-08-19T04:21:34Z,2026-08-19T13:03:55Z,3.54
SP7 0BA,SEPD,HV,2,"TV7392,TV7647",921,2026-08-19T04:21:34Z,2026-08-19T13:03:55Z,3.54
SP7 0BE,SEPD,HV,2,"TV7392,TV7647",921,2026-08-19T04:21:34Z,2026-08-19T13:03:55Z,3.54
SP7 0BF,SEPD,HV,2,"TV7392,TV7647",921,2026-08-19T04:21:34Z,2026-08-19T13:03:55Z,3.54
SP7 0BJ,SEPD,HV,2,"TV7392,TV7647",921,2026-08-19T04:21:34Z,2026-08-19T13:03:55Z,3.54
SP7 0BL,SEPD,HV,2,"TV7392,TV7647",921,2026-08-19T04:21:34Z,2026-08-19T13:03:55Z,3.54
SP7 0BP,SEPD,HV,2,"TV7392,TV7647",921,2026-08-19T04:21:34Z,2026-08-19T13:03:55Z,3.54
SP7 0BS,SEPD,HV,2,"TV7392,TV7647",921,2026-08-19T04:21:34Z,2026-08-19T13:03:55Z,3.54
SP7 0BT,SEPD,HV,2,"TV7392,TV7647",921,2026-08-19T04:21:34Z,2026-08-19T13:03:55Z,3.54
SP7 0BU,SEPD,HV,2,"TV7392,TV7647",921,2026-08-19T04:21:34Z,2026-08-19T13:03:55Z,3.54
SP7 0BW,SEPD,HV,2,"TV7392,TV7647",921,2026-08-19T04:21:34Z,2026-08-19T13:03:55Z,3.54
SP7 0BX,SEPD,HV,2,"TV7392,TV7647",921,2026-08-19T04:21:34Z,2026-08-19T13:03:55Z,3.54
SP7 0BY,SEPD,HV,2,"TV7392,TV7647",921,2026-08-19T04:21:34Z,2026-08-19T13:03:55Z,3.54
SP7 0BZ,SEPD,HV,2,"TV7392,TV7647",921,2026-08-19T04:21:34Z,2026-08-19T13:03:55Z,3.54
SP7 0DA,SEPD,HV,2,"TV7392,TV7647",921,2026-08-19T04:21:34Z,2026-08-19T13:03:55Z,3.54
SP7 0DB,SEPD,HV,2,"TV7392,TV7647",921,2026-08-19T04:21:34Z,2026-08-19T13:03:55Z,3.54
SP7 0DE,SEPD,HV,2,"TV7392,TV7647",921,2026-08-19T04:21:34Z,2026-08-19T13:03:55Z,3.54
SP7 0DF,SEPD,HV,2,"TV7392,TV7647",921,2026-08-19T04:21:34Z,2026-08-19T13:03:55Z,3.54
SP7 0DG,SEPD,HV,2,"TV7392,TV7647",921,2026-08-19T04:21:34Z,2026-08-19T13:03:55Z,3.54
SP7 0DH,SEPD,HV,2,"TV7392,TV7647",921,2026-08-19T04:21:34Z,2026-08-19T13:03:55Z,3.54
SP7 0DJ,SEPD,HV,2,"TV7392,TV7647",921,2026-08-19T04:21:34Z,2026-08-19T13:03:55Z,3.54
SP7 0DL,SEPD,HV,2,"TV7392,TV7647",921,2026-08-19T04:21:34Z,2026-08-19T13:03:55Z,3.54
SP7 0DN,SEPD,HV,2,"TV7392,TV7647",921,2026-08-19T04:21:34Z,2026-08-19T13:03:55Z,3.54
SP7 0DP,SEPD,HV,2,"TV7392,TV7647",921,2026-08-19T04:21:34Z,2026-08-19T13:03:55Z,3.54
SP7 0DQ,SEPD,HV,2,"TV7392,TV7647",921,2026-08-19T04:21:34Z,2026-08-19T13:03:55Z,3.54
SP7 0DR,SEPD,HV,2,"TV7392,TV7647",921,2026-08-19T04:21:34Z,2026-08-19T13:03:55Z,3.54
SP7 0DS,SEPD,HV,2,"TV7392,TV7647",921,2026-08-19T04:21:34Z,2026-08-19T13:03:55Z,3.54
SP7 0DT,SEPD,HV,2,"TV7392,TV7647",921,2026-08-19T04:21:34Z,2026-08-19T13:03:55Z,3.54
SP7 0DU,SEPD,HV,2,"TV7392,TV7647",921,2026-08-19T04:21:34Z,2026-08-19T13:03:55Z,3.54
SP7 0DW,SEPD,HV,2,"TV7392,TV7647",921,2026-08-19T04:21:34Z,2026-08-19T13:03:55Z,3.54
SP7 0DX,SEPD,HV,2,"TV7392,TV7647",921,2026-08-19T04:21:34Z,2026-08-19T13:03:55Z,3.54
SP7 0DZ,SEPD,HV,2,"TV7392,TV7647",921,2026-08-19T04:21:34Z,2026-08-19T13:03:55Z,3.54
SP7 0EA,SEPD,HV,2,"TV7392,TV7647",921,2026-08-19T04:21:34Z,2026-08-19T13:03:55Z,3.54
SP7 0EB,SEPD,HV,2,"TV7392,TV7647",921,2026-08-19T04:21:34Z,2026-08-19T13:03:55Z,3.54
SP7 0ED,SEPD,HV,2,"TV7392,TV7647",921,2026-08-19T04:21:34Z,2026-08-19T13:03:55Z,3.54
SP7 0EE,SEPD,HV,2,"TV7392,TV7647",921,2026-08-19T04:21:34Z,2026-08-19T13:03:55Z,3.54
SP7 0EF,SEPD,HV,2,"TV7392,TV7647",921,2026-08-19T04:21:34Z,2026-08-19T13:03:55Z,3.54
SP7 0EG,SEPD,HV,2,"TV7392,TV7647",921,2026-08-19T04:21:34Z,2026-08-19T13:03:55Z,3.54
SP7 0EH,SEPD,HV,2,"TV7392,TV7647",921,2026-08-19T04:21:34Z,2026-08-19T13:03:55Z,3.54
SP7 0JA,SEPD,HV,2,"TV7392,TV7647",921,2026-08-19T04:21:34Z,2026-08-19T13:03:55Z,3.54
SP7 0JB,SEPD,HV,2,"TV7392,TV7647",921,2026-08-19T04:21:34Z,2026-08-19T13:03:55Z,3.54
SP7 0JD,SEPD,HV,2,"TV7392,TV7647",921,2026-08-19T04:21:34Z,2026-08-19T13:03:55Z,3.54
SP7 0JE,SEPD,HV,2,"TV7392,TV7647",921,2026-08-19T04:21:34Z,2026-08-19T13:03:55Z,3.54
SP7 0JF,SEPD,HV,2,"TV7392,TV7647",921,2026-08-19T04:21:34Z,2026-08-19T13:03:55Z,3.54
SP7 0JG,SEPD,HV,2,"TV7392,TV7647",921,2026-08-19T04:21:34Z,2026-08-19T13:03:55Z,3.54
SP7 0JH,SEPD,HV,2,"TV7392,TV7647",921,2026-08-19T04:21:34Z,2026-08-19T13:03:55Z,3.54
SP7 0JJ,SEPD,HV,2,"TV7392,TV7647",921,2026-08-19T04:21:34Z,2026-08-19T13:03:55Z,3.54
SP7 0JL,SEPD,HV,2,"TV7392,TV7647",921,2026-08-19T04:21:34Z,2026-08-19T13:03:55Z,3.54
SP7 0JN,SEPD,HV,2,"TV7392,TV7647",921,2026-08-19T04:21:34Z,2026-08-19T13:03:55Z,3.54
SP7 0JP,SEPD,HV,2,"TV7392,TV7647",921,2026-08-19T04:21:34Z,2026-08-19T13:03:55Z,3.54
SP7 0JQ,SEPD,HV,2,"TV7392,TV7647",921,2026-08-19T04:21:34Z,2026-08-19T13:03:55Z,3.54
SP7 0JR,SEPD,HV,2,"TV7392,TV7647",921,2026-08-19T04:21:34Z,2026-08-19T13:03:55Z,3.54
SP7 0JS,SEPD,HV,2,"TV7392,TV7647",921,2026-08-19T04:21:34Z,2026-08-19T13:03:55Z,3.54
SP7 0JT,SEPD,HV,2,"TV7392,TV7647",921,2026-08-19T04:21:34Z,2026-08-19T13:03:55Z,3.54
SP7 0JU,SEPD,HV,2,"TV7392,TV7647",921,2026-08-19T04:21:34Z,2026-08-19T13:03:55Z,3.54
SP7 0JW,SEPD,HV,2,"TV7392,TV7647",921,2026-08-19T04:21:34Z,2026-08-19T13:03:55Z,3.54
SP7 0JX,SEPD,HV,2,"TV7392,TV7647",921,2026-08-19T04:21:34Z,2026-08-19T13:03:55Z,3.54
SP7 0JY,SEPD,HV,2,"TV7392,TV7647",921,2026-08-19T04:21:34Z,2026-08-19T13:03:55Z,3.54
SP7 0LA,SEPD,HV,2,"TV7392,TV7647",921,2026-08-19T04:21:34Z,2026-08-19T13:03:55Z,3.54
SP7 0LB,SEPD,HV,2,"TV7392,TV7647",921,2026-08-19T04:21:34Z,2026-08-19T13:03:55Z,3.54
SP7 0LE,SEPD,HV,2,"TV7392,TV7647",921,2026-08-19T04:21:34Z,2026-08-19T13:03:55Z,3.54
SP7 0LF,SEPD,HV,2,"TV7392,TV7647",921,2026-08-19T04:21:34Z,2026-08-19T13:03:55Z,3.54
SP7 0LG,SEPD,HV,2,"TV7392,TV7647",921,2026-08-19T04:21:34Z,2026-08-19T13:03:55Z,3.54
SP7 0LH,SEPD,HV,2,"TV7392,TV7647",921,2026-08-19T04:21:34Z,2026-08-19T13:03:55Z,3.54
SP7 0LP,SEPD,HV,2,"TV7392,TV7647",921,2026-08-19T04:21:34Z,2026-08-19T13:03:55Z,3.54
SP7 0LQ,SEPD,HV,2,"TV7392,TV7647",921,2026-08-19T04:21:34Z,2026-08-19T13:03:55Z,3.54
SP7 0LU,SEPD,HV,2,"TV7392,TV7647",921,2026-08-19T04:21:34Z,2026-08-19T13:03:55Z,3.54
SP7 0LX,SEPD,HV,2,"TV7392,TV7647",921,2026-08-19T04:21:34Z,2026-08-19T13:03:55Z,3.54
SP7 0LY,SEPD,HV,2,"TV7392,TV7647",921,2026-08-19T04:21:34Z,2026-08-19T13:03:55Z,3.54
SP7 0LZ,SEPD,HV,2,"TV7392,TV7647",921,2026-08-19T04:21:34Z,2026-08-19T13:03:55Z,3.54
SP7 0NB,SEPD,HV,2,"TV7392,TV7647",921,2026-08-19T04:21:34Z,2026-08-19T13:03:55Z,3.54
SP7 0ND,SEPD,HV,2,"TV7392,TV7647",921,2026-08-19T04:21:34Z,2026-08-19T13:03:55Z,3.54
SP7 0NF,SEPD,HV,2,"TV7392,TV7647",921,2026-08-19T04:21:34Z,2026-08-19T13:03:55Z,3.54
SP7 0NG,SEPD,HV,2,"TV7392,TV7647",921,2026-08-19T04:21:34Z,2026-08-19T13:03:55Z,3.54
SP7 0NH,SEPD,HV,2,"TV7392,TV7647",921,2026-08-19T04:21:34Z,2026-08-19T13:03:55Z,3.54
SP7 0NJ,SEPD,HV,2,"TV7392,TV7647",921,2026-08-19T04:21:34Z,2026-08-19T13:03:55Z,3.54
SP7 0NL,SEPD,HV,2,"TV7392,TV7647",921,2026-08-19T04:21:34Z,2026-08-19T13:03:55Z,3.54
SP7 0NN,SEPD,HV,2,"TV7392,TV7647",921,2026-08-19T04:21:34Z,2026-08-19T13:03:55Z,3.54
SP7 0NP,SEPD,HV,2,"TV7392,TV7647",921,2026-08-19T04:21:34Z,2026-08-19T13:03:55Z,3.54
SP7 0NQ,SEPD,HV,2,"TV7392,TV7647",921,2026-08-19T04:21:34Z,2026-08-19T13:03:55Z,3.54
SP7 0NR,SEPD,HV,2,"TV7392,TV7647",921,2026-08-19T04:21:34Z,2026-08-19T13:03:55Z,3.54
SP7 0NS,SEPD,HV,2,"TV7392,TV7647",921,2026-08-19T04:21:34Z,2026-08-19T13:03:55Z,3.54
SP7 0NT,SEPD,HV,2,"TV7392,TV7647",921,2026-08-19T04:21:34Z,2026-08-19T13:03:55Z,3.54
SP7 0NU,SEPD,HV,2,"TV7392,TV7647",921,2026-08-19T04:21:34Z,2026-08-19T13:03:55Z,3.54
SP7 0NW,SEPD,HV,2,"TV7392,TV7647",921,2026-08-19T04:21:34Z,2026-08-19T13:03:55Z,3.54
SP7 0NX,SEPD,HV,2,"TV7392,TV7647",921,2026-08-19T04:21:34Z,2026-08-19T13:03:55Z,3.54
SP7 0NY,SEPD,HV,2,"TV7392,TV7647",921,2026-08-19T04:21:34Z,2026-08-19T13:03:55Z,3.54
SP7 0PA,SEPD,HV,2,"TV7392,TV7647",921,2026-08-19T04:21:34Z,2026-08-19T13:03:55Z,3.54
SP7 0PB,SEPD,HV,2,"TV7392,TV7647",921,2026-08-19T04:21:34Z,2026-08-19T13:03:55Z,3.54
SP7 0PD,SEPD,HV,2,"TV7392,TV7647",921,2026-08-19T04:21:34Z,2026-08-19T13:03:55Z,3.54
SP7 0PE,SEPD,HV,2,"TV7392,TV7647",921,2026-08-19T04:21:34Z,2026-08-19T13:03:55Z,3.54
SP7 0PF,SEPD,HV,2,"TV7392,TV7647",921,2026-08-19T04:21:34Z,2026-08-19T13:03:55Z,3.54
SP7 0PG,SEPD,HV,2,"TV7392,TV7647",921,2026-08-19T04:21:34Z,2026-08-19T13:03:55Z,3.54
SP7 0PH,SEPD,HV,2,"TV7392,TV7647",921,2026-08-19T04:21:34Z,2026-08-19T13:03:55Z,3.54
SP7 0PJ,SEPD,HV,2,"TV7392,TV7647",921,2026-08-19T04:21:34Z,2026-08-19T13:03:55Z,3.54
SP7 0PQ,SEPD,HV,2,"TV7392,TV7647",921,2026-08-19T04:21:34Z,2026-08-19T13:03:55Z,3.54
SP7 0PS,SEPD,HV,2,"TV7392,TV7647",921,2026-08-19T04:21:34Z,2026-08-19T13:03:55Z,3.54
SP7 0QY,SEPD,HV,2,"TV7392,TV7647",921,2026-08-19T04:21:34Z,2026-08-19T13:03:55Z,3.54
SP7 0QZ,SEPD,HV,2,"TV7392,TV7647",921,2026-08-19T04:21:34Z,2026-08-19T13:03:55Z,3.54
SP7 8DA,SEPD,HV,2,"TV7392,TV7647",921,2026-08-19T04:21:34Z,2026-08-19T13:03:55Z,3.54
SO45 5TW,SEPD,LV,2,"TW2396,TW2780",34,2026-08-21T19:43:22Z,2026-08-22T10:55:30Z,3.52
SO45 5TY,SEPD,LV,2,"TW2396,TW2780",34,2026-08-21T19:43:22Z,2026-08-22T10:55:30Z,3.52
PO9 1LA,SEPD,LV,3,"TV8785,TV8916,TV9385",84,2026-08-19T15:48:17Z,2026-08-20T07:24:35Z,3.51
AB51 7NQ,SHEPD,HV,2,"TW0040,TW0508",600,2026-08-20T10:49:26Z,2026-08-20T18:22:02Z,3.47
AB51 7NS,SHEPD,HV,2,"TW0040,TW0508",600,2026-08-20T10:49:26Z,2026-08-20T18:22:02Z,3.47
AB51 7NX,SHEPD,HV,2,"TW0040,TW0508",600,2026-08-20T10:49:26Z,2026-08-20T18:22:02Z,3.47
AB51 7SA,SHEPD,HV,2,"TW0040,TW0508",600,2026-08-20T10:49:26Z,2026-08-20T18:22:02Z,3.47
SO41 0BF,SEPD,LV,2,"TV6086,TV7521",64,2026-08-18T10:37:14Z,2026-08-19T10:44:54Z,3.46
SO41 0DB,SEPD,LV,2,"TV6086,TV7521",64,2026-08-18T10:37:14Z,2026-08-19T10:44:54Z,3.46
SO41 0JX,SEPD,LV,2,"TV6086,TV7521",64,2026-08-18T10:37:14Z,2026-08-19T10:44:54Z,3.46
SO41 0JZ,SEPD,LV,2,"TV6086,TV7521",64,2026-08-18T10:37:14Z,2026-08-19T10:44:54Z,3.46
SO41 0LA,SEPD,LV,2,"TV6086,TV7521",64,2026-08-18T10:37:14Z,2026-08-19T10:44:54Z,3.46
SO41 0LW,SEPD,LV,2,"TV6086,TV7521",64,2026-08-18T10:37:14Z,2026-08-19T10:44:54Z,3.46
SN5 4JJ,SEPD,HV,1,TW2981,14,2026-08-22T12:10:52Z,2026-08-22T15:35:36Z,3.41
SN5 4JL,SEPD,HV,1,TW2981,14,2026-08-22T12:10:52Z,2026-08-22T15:35:36Z,3.41
DT11 8JL,SEPD,PSI,1,253198,10,2026-08-19T07:47:42Z,2026-08-19T11:11:48Z,3.4
DT11 8JT,SEPD,PSI,1,253198,10,2026-08-19T07:47:42Z,2026-08-19T11:11:48Z,3.4
DT11 8JW,SEPD,PSI,1,253198,10,2026-08-19T07:47:42Z,2026-08-19T11:11:48Z,3.4
PA29 6XW,SHEPD,PSI,1,254125,5,2026-08-19T08:18:34Z,2026-08-19T11:42:00Z,3.39
SP3 5JR,SEPD,PSI,1,252727,35,2026-08-19T08:18:34Z,2026-08-19T11:42:00Z,3.39
SP3 5JS,SEPD,PSI,1,252727,35,2026-08-19T08:18:34Z,2026-08-19T11:42:00Z,3.39
SP3 5JW,SEPD,PSI,1,252727,35,2026-08-19T08:18:34Z,2026-08-19T11:42:00Z,3.39
SP3 5LA,SEPD,PSI,1,252727,35,2026-08-19T08:18:34Z,2026-08-19T11:42:00Z,3.39
BA15 1JS,SEPD,LV,1,TV9315,7,2026-08-20T04:45:14Z,2026-08-20T08:07:21Z,3.37
BA15 1JX,SEPD,LV,1,TV9315,7,2026-08-20T04:45:14Z,2026-08-20T08:07:21Z,3.37
BA15 1LN,SEPD,LV,1,TV9315,7,2026-08-20T04:45:14Z,2026-08-20T08:07:21Z,3.37
BA15 1NB,SEPD,LV,1,TV9315,7,2026-08-20T04:45:14Z,2026-08-20T08:07:21Z,3.37
IV36 1FF,SHEPD,HV,1,TV9348,85,2026-08-20T04:45:14Z,2026-08-20T08:07:21Z,3.37
IV36 1FL,SHEPD,HV,1,TV9348,85,2026-08-20T04:45:14Z,2026-08-20T08:07:21Z,3.37
IV36 1HD,SHEPD,HV,1,TV9348,85,2026-08-20T04:45:14Z,2026-08-20T08:07:21Z,3.37
IV36 1HE,SHEPD,HV,1,TV9348,85,2026-08-20T04:45:14Z,2026-08-20T08:07:21Z,3.37
IV36 1HF,SHEPD,HV,1,TV9348,85,2026-08-20T04:45:14Z,2026-08-20T08:07:21Z,3.37
IV36 1HG,SHEPD,HV,1,TV9348,85,2026-08-20T04:45:14Z,2026-08-20T08:07:21Z,3.37
IV36 1HH,SHEPD,HV,1,TV9348,85,2026-08-20T04:45:14Z,2026-08-20T08:07:21Z,3.37
IV36 1HJ,SHEPD,HV,1,TV9348,85,2026-08-20T04:45:14Z,2026-08-20T08:07:21Z,3.37
IV36 1HL,SHEPD,HV,1,TV9348,85,2026-08-20T04:45:14Z,2026-08-20T08:07:21Z,3.37
IV36 1HN,SHEPD,HV,1,TV9348,85,2026-08-20T04:45:14Z,2026-08-20T08:07:21Z,3.37
IV36 1HP,SHEPD,HV,1,TV9348,85,2026-08-20T04:45:14Z,2026-08-20T08:07:21Z,3.37
IV36 1HQ,SHEPD,HV,1,TV9348,85,2026-08-20T04:45:14Z,2026-08-20T08:07:21Z,3.37
IV36 1HR,SHEPD,HV,1,TV9348,85,2026-08-20T04:45:14Z,2026-08-20T08:07:21Z,3.37
IV36 1HS,SHEPD,HV,1,TV9348,85,2026-08-20T04:45:14Z,2026-08-20T08:07:21Z,3.37
IV36 1HX,SHEPD,HV,1,TV9348,85,2026-08-20T04:45:14Z,2026-08-20T08:07:21Z,3.37
IV36 1JF,SHEPD,HV,1,TV9348,85,2026-08-20T04:45:14Z,2026-08-20T08:07:21Z,3.37
IV36 1LT,SHEPD,HV,1,TV9348,85,2026-08-20T04:45:14Z,2026-08-20T08:07:21Z,3.37
IV36 1ZR,SHEPD,HV,1,TV9348,85,2026-08-20T04:45:14Z,2026-08-20T08:07:21Z,3.37
IV36 2EY,SHEPD,HV,1,TV9348,85,2026-08-20T04:45:14Z,2026-08-20T08:07:21Z,3.37
IV36 2HJ,SHEPD,HV,1,TV9348,85,2026-08-20T04:45:14Z,2026-08-20T08:07:21Z,3.37
IV36 2HL,SHEPD,HV,1,TV9348,85,2026-08-20T04:45:14Z,2026-08-20T08:07:21Z,3.37
IV36 2HN,SHEPD,HV,1,TV9348,85,2026-08-20T04:45:14Z,2026-08-20T08:07:21Z,3.37
BA7 7LZ,SEPD,PSI,1,252486,81,2026-08-20T08:55:24Z,2026-08-20T12:16:55Z,3.36
BA7 7NE,SEPD,PSI,1,252486,81,2026-08-20T08:55:24Z,2026-08-20T12:16:55Z,3.36
BA9 8JA,SEPD,PSI,1,252486,81,2026-08-20T08:55:24Z,2026-08-20T12:16:55Z,3.36
BA9 8JB,SEPD,PSI,1,252486,81,2026-08-20T08:55:24Z,2026-08-20T12:16:55Z,3.36
BA9 8JD,SEPD,PSI,1,252486,81,2026-08-20T08:55:24Z,2026-08-20T12:16:55Z,3.36
BA9 8JE,SEPD,PSI,1,252486,81,2026-08-20T08:55:24Z,2026-08-20T12:16:55Z,3.36
BA9 8JF,SEPD,PSI,1,252486,81,2026-08-20T08:55:24Z,2026-08-20T12:16:55Z,3.36
BA9 8JG,SEPD,PSI,1,252486,81,2026-08-20T08:55:24Z,2026-08-20T12:16:55Z,3.36
BA9 8JH,SEPD,PSI,1,252486,81,2026-08-20T08:55:24Z,2026-08-20T12:16:55Z,3.36
BA9 8JJ,SEPD,PSI,1,252486,81,2026-08-20T08:55:24Z,2026-08-20T12:16:55Z,3.36
BA9 8JL,SEPD,PSI,1,252486,81,2026-08-20T08:55:24Z,2026-08-20T12:16:55Z,3.36
BA9 8JN,SEPD,PSI,1,252486,81,2026-08-20T08:55:24Z,2026-08-20T12:16:55Z,3.36
BA9 8JP,SEPD,PSI,1,252486,81,2026-08-20T08:55:24Z,2026-08-20T12:16:55Z,3.36
BA9 8JQ,SEPD,PSI,1,252486,81,2026-08-20T08:55:24Z,2026-08-20T12:16:55Z,3.36
BA9 8JS,SEPD,PSI,1,252486,81,2026-08-20T08:55:24Z,2026-08-20T12:16:55Z,3.36
BA9 8JW,SEPD,PSI,1,252486,81,2026-08-20T08:55:24Z,2026-08-20T12:16:55Z,3.36
DD5 3QG,SHEPD,PSI,1,253945,28,2026-08-20T08:55:24Z,2026-08-20T12:16:55Z,3.36
DD5 3QJ,SHEPD,PSI,1,253945,28,2026-08-20T08:55:24Z,2026-08-20T12:16:55Z,3.36
DT2 9PT,SEPD,PSI,1,253295,17,2026-08-19T09:42:04Z,2026-08-19T13:03:55Z,3.36
GU27 3DD,SEPD,PSI,1,253202,37,2026-08-20T08:55:24Z,2026-08-20T12:16:55Z,3.36
GU27 3JG,SEPD,PSI,1,253202,37,2026-08-20T08:55:24Z,2026-08-20T12:16:55Z,3.36
GU27 3JH,SEPD,PSI,1,253202,37,2026-08-20T08:55:24Z,2026-08-20T12:16:55Z,3.36
GU27 3JJ,SEPD,PSI,1,253202,37,2026-08-20T08:55:24Z,2026-08-20T12:16:55Z,3.36
GU51 5ER,SEPD,PSI,1,253202,37,2026-08-20T08:55:24Z,2026-08-20T12:16:55Z,3.36
GU51 5HZ,SEPD,PSI,1,253202,37,2026-08-20T08:55:24Z,2026-08-20T12:16:55Z,3.36
HS8 5JH,SHEPD,PSI,1,254296,19,2026-08-19T09:42:04Z,2026-08-19T13:03:55Z,3.36
HS8 5JJ,SHEPD,PSI,1,254296,19,2026-08-19T09:42:04Z,2026-08-19T13:03:55Z,3.36
HS8 5TH,SHEPD,PSI,1,254296,19,2026-08-19T09:42:04Z,2026-08-19T13:03:55Z,3.36
RH13 0PR,SEPD,PSI,1,253687,6,2026-08-20T08:55:24Z,2026-08-20T12:16:55Z,3.36
HS3 3JA,SHEPD,LV,1,TV6586,6,2026-08-18T11:01:30Z,2026-08-18T14:22:42Z,3.35
IV22 2LL,SHEPD,PSI,1,253480,9,2026-08-18T08:47:30Z,2026-08-18T11:59:52Z,3.21
SN9 5NZ,SEPD,PSI,1,253582,8,2026-08-18T08:47:30Z,2026-08-18T11:59:52Z,3.21
SN9 6NJ,SEPD,PSI,1,253582,8,2026-08-18T08:47:30Z,2026-08-18T11:59:52Z,3.21
SN8 4NT,SEPD,HV,2,"TV7325,TV9371",195,2026-08-18T21:31:19Z,2026-08-20T06:26:49Z,3.2
SN8 4NU,SEPD,HV,2,"TV7325,TV9371",195,2026-08-18T21:31:19Z,2026-08-20T06:26:49Z,3.2
SN8 4NX,SEPD,HV,2,"TV7325,TV9371",195,2026-08-18T21:31:19Z,2026-08-20T06:26:49Z,3.2
DD10 8AB,SHEPD,LV,2,"TV7349,TV8047",16,2026-08-18T22:43:54Z,2026-08-19T12:01:20Z,3.17
DD10 8AE,SHEPD,LV,2,"TV7349,TV8047",16,2026-08-18T22:43:54Z,2026-08-19T12:01:20Z,3.17
DD10 8LW,SHEPD,LV,2,"TV7349,TV8047",16,2026-08-18T22:43:54Z,2026-08-19T12:01:20Z,3.17
DD10 9TN,SHEPD,LV,2,"TV7349,TV8047",16,2026-08-18T22:43:54Z,2026-08-19T12:01:20Z,3.17
HS7 5PG,SHEPD,PSI,1,254313,5,2026-08-21T08:52:50Z,2026-08-21T12:02:32Z,3.16
PO37 7BH,SEPD,PSI,1,254444,22,2026-08-21T08:52:50Z,2026-08-21T12:02:32Z,3.16
PO37 7BU,SEPD,PSI,1,254444,22,2026-08-21T08:52:50Z,2026-08-21T12:02:32Z,3.16
PO37 7BW,SEPD,PSI,1,254444,22,2026-08-21T08:52:50Z,2026-08-21T12:02:32Z,3.16
RG26 3NJ,SEPD,PSI,1,253792,2,2026-08-21T08:52:50Z,2026-08-21T12:02:32Z,3.16
GL7 5DT,SEPD,LV,1,TV9389,2,2026-08-20T05:51:34Z,2026-08-20T08:55:24Z,3.06
AB42 5DJ,SHEPD,HV,1,TV3966,17,2026-08-16T13:58:46Z,2026-08-16T17:01:42Z,3.05
AB42 5DY,SHEPD,HV,1,TV3966,17,2026-08-16T13:58:46Z,2026-08-16T17:01:42Z,3.05
AB42 5DZ,SHEPD,HV,1,TV3966,17,2026-08-16T13:58:46Z,2026-08-16T17:01:42Z,3.05
RG5 4TQ,SEPD,"PSI,LV",2,"253588,TW1694",120,2026-08-20T21:14:36Z,2026-08-21T13:05:57Z,3.04
RG5 4TR,SEPD,"PSI,LV",2,"253588,TW1694",120,2026-08-20T21:14:36Z,2026-08-21T13:05:57Z,3.04
IV12 5NT,SHEPD,PSI,1,253570,9,2026-08-20T19:09:02Z,2026-08-20T22:11:28Z,3.04
IV12 5NU,SHEPD,PSI,1,253570,9,2026-08-20T19:09:02Z,2026-08-20T22:11:28Z,3.04
IV12 5NX,SHEPD,PSI,1,253570,9,2026-08-20T19:09:02Z,2026-08-20T22:11:28Z,3.04
IV12 5QY,SHEPD,PSI,1,253570,9,2026-08-20T19:09:02Z,2026-08-20T22:11:28Z,3.04
SN15 4LH,SEPD,HV,1,TV8301,158,2026-08-19T11:42:00Z,2026-08-19T14:42:27Z,3.01
SN15 5LU,SEPD,HV,1,TV8301,158,2026-08-19T11:42:00Z,2026-08-19T14:42:27Z,3.01
SN15 5LY,SEPD,HV,1,TV8301,158,2026-08-19T11:42:00Z,2026-08-19T14:42:27Z,3.01
SN15 5PE,SEPD,HV,1,TV8301,158,2026-08-19T11:42:00Z,2026-08-19T14:42:27Z,3.01
SN15 5PF,SEPD,HV,1,TV8301,158,2026-08-19T11:42:00Z,2026-08-19T14:42:27Z,3.01
SN15 5PG,SEPD,HV,1,TV8301,158,2026-08-19T11:42:00Z,2026-08-19T14:42:27Z,3.01
SN15 5PH,SEPD,HV,1,TV8301,158,2026-08-19T11:42:00Z,2026-08-19T14:42:27Z,3.01
SN15 5PJ,SEPD,HV,1,TV8301,158,2026-08-19T11:42:00Z,2026-08-19T14:42:27Z,3.01
SN15 5PL,SEPD,HV,1,TV8301,158,2026-08-19T11:42:00Z,2026-08-19T14:42:27Z,3.01
SN15 5PP,SEPD,HV,1,TV8301,158,2026-08-19T11:42:00Z,2026-08-19T14:42:27Z,3.01
SN15 5PQ,SEPD,HV,1,TV8301,158,2026-08-19T11:42:00Z,2026-08-19T14:42:27Z,3.01
SN15 5PR,SEPD,HV,1,TV8301,158,2026-08-19T11:42:00Z,2026-08-19T14:42:27Z,3.01
SN15 5PS,SEPD,HV,1,TV8301,158,2026-08-19T11:42:00Z,2026-08-19T14:42:27Z,3.01
SN15 5PW,SEPD,HV,1,TV8301,158,2026-08-19T11:42:00Z,2026-08-19T14:42:27Z,3.01
SN15 5PZ,SEPD,HV,1,TV8301,158,2026-08-19T11:42:00Z,2026-08-19T14:42:27Z,3.01
SN15 5QA,SEPD,HV,1,TV8301,158,2026-08-19T11:42:00Z,2026-08-19T14:42:27Z,3.01
SN15 5QH,SEPD,HV,1,TV8301,158,2026-08-19T11:42:00Z,2026-08-19T14:42:27Z,3.01
SO22 6JT,SEPD,LV,1,TW2574,6,2026-08-22T05:40:59Z,2026-08-22T08:40:35Z,2.99
SO22 6JU,SEPD,LV,1,TW2574,6,2026-08-22T05:40:59Z,2026-08-22T08:40:35Z,2.99
SO22 6NT,SEPD,LV,1,TW3092,13,2026-08-22T14:29:33Z,2026-08-22T17:28:32Z,2.98
SO22 6NU,SEPD,LV,1,TW3092,13,2026-08-22T14:29:33Z,2026-08-22T17:28:32Z,2.98
SO22 6NX,SEPD,LV,1,TW3092,13,2026-08-22T14:29:33Z,2026-08-22T17:28:32Z,2.98
SO22 6PA,SEPD,LV,1,TW3092,13,2026-08-22T14:29:33Z,2026-08-22T17:28:32Z,2.98
SO22 6PT,SEPD,LV,1,TW3092,13,2026-08-22T14:29:33Z,2026-08-22T17:28:32Z,2.98
AB51 0SX,SHEPD,PSI,1,251099,11,2026-08-19T08:18:34Z,2026-08-19T11:11:48Z,2.89
AB51 0UY,SHEPD,PSI,1,251099,11,2026-08-19T08:18:34Z,2026-08-19T11:11:48Z,2.89
RG12 9EA,SEPD,LV,1,TV8951,11,2026-08-19T17:45:47Z,2026-08-19T20:37:06Z,2.86
BA15 1DA,SEPD,LV,1,TV3575,12,2026-08-16T01:53:27Z,2026-08-16T04:42:57Z,2.82
BA15 1DP,SEPD,LV,1,TV3575,12,2026-08-16T01:53:27Z,2026-08-16T04:42:57Z,2.82
BA15 1DR,SEPD,LV,1,TV3575,12,2026-08-16T01:53:27Z,2026-08-16T04:42:57Z,2.82
BA15 1LA,SEPD,LV,1,TV3575,12,2026-08-16T01:53:27Z,2026-08-16T04:42:57Z,2.82
GU15 3DN,SEPD,HV,1,TV3588,7,2026-08-16T01:53:27Z,2026-08-16T04:42:57Z,2.82
GU15 3UF,SEPD,HV,1,TV3588,7,2026-08-16T01:53:27Z,2026-08-16T04:42:57Z,2.82
GU15 3XS,SEPD,HV,1,TV3588,7,2026-08-16T01:53:27Z,2026-08-16T04:42:57Z,2.82
GU47,SEPD,HV,1,TV3588,7,2026-08-16T01:53:27Z,2026-08-16T04:42:57Z,2.82
GU47 0FD,SEPD,HV,1,TV3588,7,2026-08-16T01:53:27Z,2026-08-16T04:42:57Z,2.82
PA34 5LQ,SHEPD,HV,1,TV5422,135,2026-08-17T14:13:30Z,2026-08-17T17:02:52Z,2.82
PA34 5UY,SHEPD,HV,1,TV5422,135,2026-08-17T14:13:30Z,2026-08-17T17:02:52Z,2.82
PA34 5UZ,SHEPD,HV,1,TV5422,135,2026-08-17T14:13:30Z,2026-08-17T17:02:52Z,2.82
PA34 5XR,SHEPD,HV,1,TV5422,135,2026-08-17T14:13:30Z,2026-08-17T17:02:52Z,2.82
PA34 5XS,SHEPD,HV,1,TV5422,135,2026-08-17T14:13:30Z,2026-08-17T17:02:52Z,2.82
PA34 5XT,SHEPD,HV,1,TV5422,135,2026-08-17T14:13:30Z,2026-08-17T17:02:52Z,2.82
PA34 5XW,SHEPD,HV,1,TV5422,135,2026-08-17T14:13:30Z,2026-08-17T17:02:52Z,2.82
PA80 5AD,SHEPD,HV,1,TV5422,135,2026-08-17T14:13:30Z,2026-08-17T17:02:52Z,2.82
PA80 5UU,SHEPD,HV,1,TV5422,135,2026-08-17T14:13:30Z,2026-08-17T17:02:52Z,2.82
PA80 5UZ,SHEPD,HV,1,TV5422,135,2026-08-17T14:13:30Z,2026-08-17T17:02:52Z,2.82
PA80 5XP,SHEPD,HV,1,TV5422,135,2026-08-17T14:13:30Z,2026-08-17T17:02:52Z,2.82
PA80 5XR,SHEPD,HV,1,TV5422,135,2026-08-17T14:13:30Z,2026-08-17T17:02:52Z,2.82
PA80 5XS,SHEPD,HV,1,TV5422,135,2026-08-17T14:13:30Z,2026-08-17T17:02:52Z,2.82
PA80 5XT,SHEPD,HV,1,TV5422,135,2026-08-17T14:13:30Z,2026-08-17T17:02:52Z,2.82
PA80 5XW,SHEPD,HV,1,TV5422,135,2026-08-17T14:13:30Z,2026-08-17T17:02:52Z,2.82
CT14,SEPD,PSI,1,254015,243,2026-08-21T08:52:50Z,2026-08-21T11:40:19Z,2.79
CT14 0ER,SEPD,PSI,1,254015,243,2026-08-21T08:52:50Z,2026-08-21T11:40:19Z,2.79
CT14 0ES,SEPD,PSI,1,254015,243,2026-08-21T08:52:50Z,2026-08-21T11:40:19Z,2.79
CT14 0EU,SEPD,PSI,1,254015,243,2026-08-21T08:52:50Z,2026-08-21T11:40:19Z,2.79
CT14 0EX,SEPD,PSI,1,254015,243,2026-08-21T08:52:50Z,2026-08-21T11:40:19Z,2.79
CT14 0EY,SEPD,PSI,1,254015,243,2026-08-21T08:52:50Z,2026-08-21T11:40:19Z,2.79
CT14 0EZ,SEPD,PSI,1,254015,243,2026-08-21T08:52:50Z,2026-08-21T11:40:19Z,2.79
CT14 0FB,SEPD,PSI,1,254015,243,2026-08-21T08:52:50Z,2026-08-21T11:40:19Z,2.79
CT14 0FE,SEPD,PSI,1,254015,243,2026-08-21T08:52:50Z,2026-08-21T11:40:19Z,2.79
CT14 0FF,SEPD,PSI,1,254015,243,2026-08-21T08:52:50Z,2026-08-21T11:40:19Z,2.79
CT14 0FG,SEPD,PSI,1,254015,243,2026-08-21T08:52:50Z,2026-08-21T11:40:19Z,2.79
DD5 3RE,SHEPD,PSI,1,253690,43,2026-08-18T08:47:30Z,2026-08-18T11:34:51Z,2.79
DD5 3RF,SHEPD,PSI,1,253690,43,2026-08-18T08:47:30Z,2026-08-18T11:34:51Z,2.79
HS8 5NA,SHEPD,PSI,1,253450,16,2026-08-18T08:47:30Z,2026-08-18T11:34:51Z,2.79
HS8 5NY,SHEPD,PSI,1,253450,16,2026-08-18T08:47:30Z,2026-08-18T11:34:51Z,2.79
HS8 5NZ,SHEPD,PSI,1,253450,16,2026-08-18T08:47:30Z,2026-08-18T11:34:51Z,2.79
HS8 5PD,SHEPD,PSI,1,253450,16,2026-08-18T08:47:30Z,2026-08-18T11:34:51Z,2.79
DD10 9LN,SHEPD,HV,1,TW2825,30,2026-08-22T09:03:42Z,2026-08-22T11:49:29Z,2.76
DD10 9TJ,SHEPD,HV,1,TW2825,30,2026-08-22T09:03:42Z,2026-08-22T11:49:29Z,2.76
DD10 9TL,SHEPD,HV,1,TW2825,30,2026-08-22T09:03:42Z,2026-08-22T11:49:29Z,2.76
KY13 0NJ,SHEPD,LV,1,TV5879,2,2026-08-18T07:53:59Z,2026-08-18T10:37:14Z,2.72
GU26 6BT,SEPD,PSI,1,253200,36,2026-08-18T09:17:56Z,2026-08-18T11:59:52Z,2.7
GU26 6DB,SEPD,PSI,1,253200,36,2026-08-18T09:17:56Z,2026-08-18T11:59:52Z,2.7
GU26 6DD,SEPD,PSI,1,253200,36,2026-08-18T09:17:56Z,2026-08-18T11:59:52Z,2.7
GU26 6DG,SEPD,PSI,1,253200,36,2026-08-18T09:17:56Z,2026-08-18T11:59:52Z,2.7
GU27 1QA,SEPD,PSI,1,253200,36,2026-08-18T09:17:56Z,2026-08-18T11:59:52Z,2.7
GU27 1QB,SEPD,PSI,1,253200,36,2026-08-18T09:17:56Z,2026-08-18T11:59:52Z,2.7
GU27 1QD,SEPD,PSI,1,253200,36,2026-08-18T09:17:56Z,2026-08-18T11:59:52Z,2.7
DT2 8QP,SEPD,LV,1,TV8708,8,2026-08-19T16:51:45Z,2026-08-19T19:32:34Z,2.68
DT2 8QR,SEPD,LV,1,TV8708,8,2026-08-19T16:51:45Z,2026-08-19T19:32:34Z,2.68
SO16 5AH,SEPD,LV,1,TV7538,55,2026-08-19T05:38:25Z,2026-08-19T08:18:34Z,2.67
SO16 5AL,SEPD,LV,1,TV7538,55,2026-08-19T05:38:25Z,2026-08-19T08:18:34Z,2.67
SO16 5DN,SEPD,LV,1,TV7538,55,2026-08-19T05:38:25Z,2026-08-19T08:18:34Z,2.67
SO16 5DP,SEPD,LV,1,TV7538,55,2026-08-19T05:38:25Z,2026-08-19T08:18:34Z,2.67
SO16 5DQ,SEPD,LV,1,TV7538,55,2026-08-19T05:38:25Z,2026-08-19T08:18:34Z,2.67
SO16 5DR,SEPD,LV,1,TV7538,55,2026-08-19T05:38:25Z,2026-08-19T08:18:34Z,2.67
SO16 5DS,SEPD,LV,1,TV7538,55,2026-08-19T05:38:25Z,2026-08-19T08:18:34Z,2.67
SO16 5DT,SEPD,LV,1,TV7538,55,2026-08-19T05:38:25Z,2026-08-19T08:18:34Z,2.67
SO16 5DU,SEPD,LV,1,TV7538,55,2026-08-19T05:38:25Z,2026-08-19T08:18:34Z,2.67
SO16 5DW,SEPD,LV,1,TV7538,55,2026-08-19T05:38:25Z,2026-08-19T08:18:34Z,2.67
SO16 5EA,SEPD,LV,1,TV7538,55,2026-08-19T05:38:25Z,2026-08-19T08:18:34Z,2.67
SO16 5EB,SEPD,LV,1,TV7538,55,2026-08-19T05:38:25Z,2026-08-19T08:18:34Z,2.67
SO16 5ED,SEPD,LV,1,TV7538,55,2026-08-19T05:38:25Z,2026-08-19T08:18:34Z,2.67
SO16 5EG,SEPD,LV,1,TV7538,55,2026-08-19T05:38:25Z,2026-08-19T08:18:34Z,2.67
AB42 4JB,SHEPD,HV,1,TV5897,18,2026-08-18T05:14:40Z,2026-08-18T07:53:59Z,2.66
AB42 4JD,SHEPD,HV,1,TV5897,18,2026-08-18T05:14:40Z,2026-08-18T07:53:59Z,2.66
AB42 4JG,SHEPD,HV,1,TV5897,18,2026-08-18T05:14:40Z,2026-08-18T07:53:59Z,2.66
AB42 4JH,SHEPD,HV,1,TV5897,18,2026-08-18T05:14:40Z,2026-08-18T07:53:59Z,2.66
AB42 4JJ,SHEPD,HV,1,TV5897,18,2026-08-18T05:14:40Z,2026-08-18T07:53:59Z,2.66
AB42 4UL,SHEPD,HV,1,TV5897,18,2026-08-18T05:14:40Z,2026-08-18T07:53:59Z,2.66
BN18 0EB,SEPD,PSI,1,253539,17,2026-08-17T08:23:42Z,2026-08-17T11:02:27Z,2.65
PO22 0BP,SEPD,PSI,1,253539,17,2026-08-17T08:23:42Z,2026-08-17T11:02:27Z,2.65
PA28,SHEPD,LV,1,TV6690,7,2026-08-18T13:01:53Z,2026-08-18T15:39:55Z,2.63
PA28 6QP,SHEPD,LV,1,TV6690,7,2026-08-18T13:01:53Z,2026-08-18T15:39:55Z,2.63
RG10 9JQ,SEPD,HV,1,TV6839,210,2026-08-18T13:01:53Z,2026-08-18T15:39:55Z,2.63
RG7 4SG,SEPD,HV,1,TV6839,210,2026-08-18T13:01:53Z,2026-08-18T15:39:55Z,2.63
RG7 4SN,SEPD,HV,1,TV6839,210,2026-08-18T13:01:53Z,2026-08-18T15:39:55Z,2.63
RG7 5FT,SEPD,HV,1,TV6839,210,2026-08-18T13:01:53Z,2026-08-18T15:39:55Z,2.63
RG7 5HU,SEPD,HV,1,TV6839,210,2026-08-18T13:01:53Z,2026-08-18T15:39:55Z,2.63
RG7 5HZ,SEPD,HV,1,TV6839,210,2026-08-18T13:01:53Z,2026-08-18T15:39:55Z,2.63
RG7 5RD,SEPD,HV,1,TV6839,210,2026-08-18T13:01:53Z,2026-08-18T15:39:55Z,2.63
RG7 5RE,SEPD,HV,1,TV6839,210,2026-08-18T13:01:53Z,2026-08-18T15:39:55Z,2.63
RG7 5RG,SEPD,HV,1,TV6839,210,2026-08-18T13:01:53Z,2026-08-18T15:39:55Z,2.63
RG7 5RS,SEPD,HV,1,TV6839,210,2026-08-18T13:01:53Z,2026-08-18T15:39:55Z,2.63
RG7 5RT,SEPD,HV,1,TV6839,210,2026-08-18T13:01:53Z,2026-08-18T15:39:55Z,2.63
RG7 5RU,SEPD,HV,1,TV6839,210,2026-08-18T13:01:53Z,2026-08-18T15:39:55Z,2.63
RG7 5RY,SEPD,HV,1,TV6839,210,2026-08-18T13:01:53Z,2026-08-18T15:39:55Z,2.63
RG7 5SA,SEPD,HV,1,TV6839,210,2026-08-18T13:01:53Z,2026-08-18T15:39:55Z,2.63
RG7 5SB,SEPD,HV,1,TV6839,210,2026-08-18T13:01:53Z,2026-08-18T15:39:55Z,2.63
RG7 5SD,SEPD,HV,1,TV6839,210,2026-08-18T13:01:53Z,2026-08-18T15:39:55Z,2.63
RG7 5SE,SEPD,HV,1,TV6839,210,2026-08-18T13:01:53Z,2026-08-18T15:39:55Z,2.63
RG7 5SQ,SEPD,HV,1,TV6839,210,2026-08-18T13:01:53Z,2026-08-18T15:39:55Z,2.63
RG7 5ST,SEPD,HV,1,TV6839,210,2026-08-18T13:01:53Z,2026-08-18T15:39:55Z,2.63
RG7 5SX,SEPD,HV,1,TV6839,210,2026-08-18T13:01:53Z,2026-08-18T15:39:55Z,2.63
RG7 5SY,SEPD,HV,1,TV6839,210,2026-08-18T13:01:53Z,2026-08-18T15:39:55Z,2.63
RG7 5TD,SEPD,HV,1,TV6839,210,2026-08-18T13:01:53Z,2026-08-18T15:39:55Z,2.63
RG7 5TE,SEPD,HV,1,TV6839,210,2026-08-18T13:01:53Z,2026-08-18T15:39:55Z,2.63
RG7 5TL,SEPD,HV,1,TV6839,210,2026-08-18T13:01:53Z,2026-08-18T15:39:55Z,2.63
RG7 5TN,SEPD,HV,1,TV6839,210,2026-08-18T13:01:53Z,2026-08-18T15:39:55Z,2.63
RG7 5TP,SEPD,HV,1,TV6839,210,2026-08-18T13:01:53Z,2026-08-18T15:39:55Z,2.63
RG7 5TR,SEPD,HV,1,TV6839,210,2026-08-18T13:01:53Z,2026-08-18T15:39:55Z,2.63
RG7 5TS,SEPD,HV,1,TV6839,210,2026-08-18T13:01:53Z,2026-08-18T15:39:55Z,2.63
RG7 5TT,SEPD,HV,1,TV6839,210,2026-08-18T13:01:53Z,2026-08-18T15:39:55Z,2.63
RG7 5TU,SEPD,HV,1,TV6839,210,2026-08-18T13:01:53Z,2026-08-18T15:39:55Z,2.63
RG7 5TX,SEPD,HV,1,TV6839,210,2026-08-18T13:01:53Z,2026-08-18T15:39:55Z,2.63
RG7 5TY,SEPD,HV,1,TV6839,210,2026-08-18T13:01:53Z,2026-08-18T15:39:55Z,2.63
RG7 5UA,SEPD,HV,1,TV6839,210,2026-08-18T13:01:53Z,2026-08-18T15:39:55Z,2.63
RG7 5UB,SEPD,HV,1,TV6839,210,2026-08-18T13:01:53Z,2026-08-18T15:39:55Z,2.63
RG7 5UD,SEPD,HV,1,TV6839,210,2026-08-18T13:01:53Z,2026-08-18T15:39:55Z,2.63
RG7 5UG,SEPD,HV,1,TV6839,210,2026-08-18T13:01:53Z,2026-08-18T15:39:55Z,2.63
RG7 5UH,SEPD,HV,1,TV6839,210,2026-08-18T13:01:53Z,2026-08-18T15:39:55Z,2.63
RG7 5UJ,SEPD,HV,1,TV6839,210,2026-08-18T13:01:53Z,2026-08-18T15:39:55Z,2.63
RG7 5UL,SEPD,HV,1,TV6839,210,2026-08-18T13:01:53Z,2026-08-18T15:39:55Z,2.63
RG7 5UN,SEPD,HV,1,TV6839,210,2026-08-18T13:01:53Z,2026-08-18T15:39:55Z,2.63
RG7 5UP,SEPD,HV,1,TV6839,210,2026-08-18T13:01:53Z,2026-08-18T15:39:55Z,2.63
RG7 5UQ,SEPD,HV,1,TV6839,210,2026-08-18T13:01:53Z,2026-08-18T15:39:55Z,2.63
RG7 5UR,SEPD,HV,1,TV6839,210,2026-08-18T13:01:53Z,2026-08-18T15:39:55Z,2.63
RG7 5UU,SEPD,HV,1,TV6839,210,2026-08-18T13:01:53Z,2026-08-18T15:39:55Z,2.63
RG7 5UW,SEPD,HV,1,TV6839,210,2026-08-18T13:01:53Z,2026-08-18T15:39:55Z,2.63
RG7 5UX,SEPD,HV,1,TV6839,210,2026-08-18T13:01:53Z,2026-08-18T15:39:55Z,2.63
RG7 5UY,SEPD,HV,1,TV6839,210,2026-08-18T13:01:53Z,2026-08-18T15:39:55Z,2.63
RG7 5XA,SEPD,HV,1,TV6839,210,2026-08-18T13:01:53Z,2026-08-18T15:39:55Z,2.63
RG7 5XB,SEPD,HV,1,TV6839,210,2026-08-18T13:01:53Z,2026-08-18T15:39:55Z,2.63
RG7 5XD,SEPD,HV,1,TV6839,210,2026-08-18T13:01:53Z,2026-08-18T15:39:55Z,2.63
RG7 5XE,SEPD,HV,1,TV6839,210,2026-08-18T13:01:53Z,2026-08-18T15:39:55Z,2.63
RG7 6DW,SEPD,HV,1,TV6839,210,2026-08-18T13:01:53Z,2026-08-18T15:39:55Z,2.63
RG7 6NS,SEPD,HV,1,TV6839,210,2026-08-18T13:01:53Z,2026-08-18T15:39:55Z,2.63
RG7 6NT,SEPD,HV,1,TV6839,210,2026-08-18T13:01:53Z,2026-08-18T15:39:55Z,2.63
RG7 6NU,SEPD,HV,1,TV6839,210,2026-08-18T13:01:53Z,2026-08-18T15:39:55Z,2.63
RG7 6NX,SEPD,HV,1,TV6839,210,2026-08-18T13:01:53Z,2026-08-18T15:39:55Z,2.63
RG7 6NY,SEPD,HV,1,TV6839,210,2026-08-18T13:01:53Z,2026-08-18T15:39:55Z,2.63
RG7 6NZ,SEPD,HV,1,TV6839,210,2026-08-18T13:01:53Z,2026-08-18T15:39:55Z,2.63
RG7 6PA,SEPD,HV,1,TV6839,210,2026-08-18T13:01:53Z,2026-08-18T15:39:55Z,2.63
RG7 6PB,SEPD,HV,1,TV6839,210,2026-08-18T13:01:53Z,2026-08-18T15:39:55Z,2.63
RG7 6PD,SEPD,HV,1,TV6839,210,2026-08-18T13:01:53Z,2026-08-18T15:39:55Z,2.63
RG7 6PE,SEPD,HV,1,TV6839,210,2026-08-18T13:01:53Z,2026-08-18T15:39:55Z,2.63
RG7 6PG,SEPD,HV,1,TV6839,210,2026-08-18T13:01:53Z,2026-08-18T15:39:55Z,2.63
RG7 6PH,SEPD,HV,1,TV6839,210,2026-08-18T13:01:53Z,2026-08-18T15:39:55Z,2.63
RG7 6PU,SEPD,HV,1,TV6839,210,2026-08-18T13:01:53Z,2026-08-18T15:39:55Z,2.63
RG7 6QB,SEPD,HV,1,TV6839,210,2026-08-18T13:01:53Z,2026-08-18T15:39:55Z,2.63
RG7 6QD,SEPD,HV,1,TV6839,210,2026-08-18T13:01:53Z,2026-08-18T15:39:55Z,2.63
RG7 6QE,SEPD,HV,1,TV6839,210,2026-08-18T13:01:53Z,2026-08-18T15:39:55Z,2.63
RG7 6QG,SEPD,HV,1,TV6839,210,2026-08-18T13:01:53Z,2026-08-18T15:39:55Z,2.63
RG7 6RP,SEPD,HV,1,TV6839,210,2026-08-18T13:01:53Z,2026-08-18T15:39:55Z,2.63
RG7 6RS,SEPD,HV,1,TV6839,210,2026-08-18T13:01:53Z,2026-08-18T15:39:55Z,2.63
PO30 5NN,SEPD,LV,1,TV9237,9,2026-08-20T02:08:19Z,2026-08-20T04:45:14Z,2.62
PO30 5NP,SEPD,LV,1,TV9237,9,2026-08-20T02:08:19Z,2026-08-20T04:45:14Z,2.62
PO30 5NR,SEPD,LV,1,TV9237,9,2026-08-20T02:08:19Z,2026-08-20T04:45:14Z,2.62
PO30 5NS,SEPD,LV,1,TV9237,9,2026-08-20T02:08:19Z,2026-08-20T04:45:14Z,2.62
PO30 5NW,SEPD,LV,1,TV9237,9,2026-08-20T02:08:19Z,2026-08-20T04:45:14Z,2.62
IV30 8SW,SHEPD,LV,1,TW0171,2,2026-08-20T12:16:55Z,2026-08-20T14:53:45Z,2.61
IV3 8DL,SHEPD,PSI,1,253259,58,2026-08-20T09:42:52Z,2026-08-20T12:16:55Z,2.57
IV3 8DQ,SHEPD,PSI,1,253259,58,2026-08-20T09:42:52Z,2026-08-20T12:16:55Z,2.57
SP6 3HP,SEPD,"LV,HV",2,"TV7565,TV7840",23,2026-08-19T07:00:11Z,2026-08-19T10:44:54Z,2.54
SP6 3HR,SEPD,"LV,HV",2,"TV7565,TV7840",23,2026-08-19T07:00:11Z,2026-08-19T10:44:54Z,2.54
SP6 3HS,SEPD,"LV,HV",2,"TV7565,TV7840",23,2026-08-19T07:00:11Z,2026-08-19T10:44:54Z,2.54
BH19 2SP,SEPD,LV,1,TW2391,8,2026-08-22T11:27:42Z,2026-08-22T13:58:09Z,2.51
BH19 2SU,SEPD,LV,1,TW2391,8,2026-08-22T11:27:42Z,2026-08-22T13:58:09Z,2.51
BH19 2SX,SEPD,LV,1,TW2391,8,2026-08-22T11:27:42Z,2026-08-22T13:58:09Z,2.51
OX28 2DP,SEPD,LV,1,TW2907,13,2026-08-22T10:33:29Z,2026-08-22T13:01:07Z,2.46
OX28 2EG,SEPD,LV,1,TW2907,13,2026-08-22T10:33:29Z,2026-08-22T13:01:07Z,2.46
OX28 2EQ,SEPD,LV,1,TW2907,13,2026-08-22T10:33:29Z,2026-08-22T13:01:07Z,2.46
UB8 2DQ,SEPD,LV,1,TW2464,7,2026-08-21T22:33:05Z,2026-08-22T00:57:57Z,2.41
UB8 2DU,SEPD,LV,1,TW2464,7,2026-08-21T22:33:05Z,2026-08-22T00:57:57Z,2.41
DT11 9LQ,SEPD,PSI,1,252262,3,2026-08-16T17:29:32Z,2026-08-16T19:53:48Z,2.4
DT11 9LU,SEPD,PSI,1,252262,3,2026-08-16T17:29:32Z,2026-08-16T19:53:48Z,2.4
DT11 9PU,SEPD,PSI,1,252262,3,2026-08-16T17:29:32Z,2026-08-16T19:53:48Z,2.4
GU52 6AR,SEPD,LV,1,TV3732,14,2026-08-16T07:44:25Z,2026-08-16T10:08:37Z,2.4
GU52 6AW,SEPD,LV,1,TV3732,14,2026-08-16T07:44:25Z,2026-08-16T10:08:37Z,2.4
GU52 6BP,SEPD,LV,1,TV3732,14,2026-08-16T07:44:25Z,2026-08-16T10:08:37Z,2.4
GU52 6LG,SEPD,LV,1,TV3732,14,2026-08-16T07:44:25Z,2026-08-16T10:08:37Z,2.4
GU52 6LQ,SEPD,LV,1,TV3732,14,2026-08-16T07:44:25Z,2026-08-16T10:08:37Z,2.4
HS1 2NG,SHEPD,LV,1,TV3306,11,2026-08-15T17:28:33Z,2026-08-15T19:51:02Z,2.37
HS1 2NQ,SHEPD,LV,1,TV3306,11,2026-08-15T17:28:33Z,2026-08-15T19:51:02Z,2.37
HS1 2PZ,SHEPD,LV,1,TV3306,11,2026-08-15T17:28:33Z,2026-08-15T19:51:02Z,2.37
HS1 2QJ,SHEPD,LV,1,TV3306,11,2026-08-15T17:28:33Z,2026-08-15T19:51:02Z,2.37
HS1 2QN,SHEPD,LV,1,TV3306,11,2026-08-15T17:28:33Z,2026-08-15T19:51:02Z,2.37
DD1 4JP,SHEPD,LV,1,TV4166,9,2026-08-16T20:31:43Z,2026-08-16T22:51:14Z,2.33
DD1 4JR,SHEPD,LV,1,TV4166,9,2026-08-16T20:31:43Z,2026-08-16T22:51:14Z,2.33
DD1 4JS,SHEPD,LV,1,TV4166,9,2026-08-16T20:31:43Z,2026-08-16T22:51:14Z,2.33
DD1 4JW,SHEPD,LV,1,TV4166,9,2026-08-16T20:31:43Z,2026-08-16T22:51:14Z,2.33
DD1 4LH,SHEPD,LV,1,TV4166,9,2026-08-16T20:31:43Z,2026-08-16T22:51:14Z,2.33
OX5 1JS,SEPD,HV,3,"TV5066,TV9429,TV9449",579,2026-08-17T10:39:57Z,2026-08-20T06:26:49Z,2.32
OX5 3BA,SEPD,HV,1,TV5066,55,2026-08-17T10:39:57Z,2026-08-17T12:59:19Z,2.32
OX5 3ET,SEPD,HV,1,TV5066,55,2026-08-17T10:39:57Z,2026-08-17T12:59:19Z,2.32
OX5 3FT,SEPD,HV,1,TV5066,55,2026-08-17T10:39:57Z,2026-08-17T12:59:19Z,2.32
SL3 6BD,SEPD,LV,1,TV5722,7,2026-08-17T20:35:28Z,2026-08-17T22:54:56Z,2.32
SL3 6DB,SEPD,LV,1,TV5722,7,2026-08-17T20:35:28Z,2026-08-17T22:54:56Z,2.32
SL3 6DD,SEPD,LV,1,TV5722,7,2026-08-17T20:35:28Z,2026-08-17T22:54:56Z,2.32
SL3 6ED,SEPD,LV,1,TV5722,7,2026-08-17T20:35:28Z,2026-08-17T22:54:56Z,2.32
SL3 6EG,SEPD,LV,1,TV5722,7,2026-08-17T20:35:28Z,2026-08-17T22:54:56Z,2.32
SL3 8BY,SEPD,LV,1,TV5722,7,2026-08-17T20:35:28Z,2026-08-17T22:54:56Z,2.32
W4 4BY,SEPD,LV,1,TV4930,13,2026-08-17T10:39:57Z,2026-08-17T12:59:19Z,2.32
W4 4JQ,SEPD,LV,1,TV4930,13,2026-08-17T10:39:57Z,2026-08-17T12:59:19Z,2.32
W4 4JR,SEPD,LV,1,TV4930,13,2026-08-17T10:39:57Z,2026-08-17T12:59:19Z,2.32
W4 4JU,SEPD,LV,1,TV4930,13,2026-08-17T10:39:57Z,2026-08-17T12:59:19Z,2.32
W4 4JW,SEPD,LV,1,TV4930,13,2026-08-17T10:39:57Z,2026-08-17T12:59:19Z,2.32
W4 4JX,SEPD,LV,1,TV4930,13,2026-08-17T10:39:57Z,2026-08-17T12:59:19Z,2.32
W4 4LR,SEPD,LV,1,TV4930,13,2026-08-17T10:39:57Z,2026-08-17T12:59:19Z,2.32
W4 4NF,SEPD,LV,1,TV4930,13,2026-08-17T10:39:57Z,2026-08-17T12:59:19Z,2.32
SO30 2EH,SEPD,LV,1,TV8636,13,2026-08-19T13:56:22Z,2026-08-19T16:14:52Z,2.31
SO30 2LA,SEPD,LV,1,TV8636,13,2026-08-19T13:56:22Z,2026-08-19T16:14:52Z,2.31
SO30 2SH,SEPD,LV,1,TV8636,13,2026-08-19T13:56:22Z,2026-08-19T16:14:52Z,2.31
UB3 3LZ,SEPD,PSI,1,254309,2,2026-08-19T13:56:22Z,2026-08-19T16:14:52Z,2.31
SN1 5BP,SEPD,LV,2,"TV7295,TV7296",24,2026-08-18T19:35:12Z,2026-08-18T21:52:12Z,2.28
SN1 5DA,SEPD,LV,2,"TV7295,TV7296",24,2026-08-18T19:35:12Z,2026-08-18T21:52:12Z,2.28
SN1 5BU,SEPD,LV,1,TV7296,18,2026-08-18T19:35:12Z,2026-08-18T21:52:12Z,2.28
SN1 5DE,SEPD,LV,1,TV7296,18,2026-08-18T19:35:12Z,2026-08-18T21:52:12Z,2.28
SN1 5DG,SEPD,LV,1,TV7296,18,2026-08-18T19:35:12Z,2026-08-18T21:52:12Z,2.28
PO33 1PB,SEPD,LV,1,TV3512,4,2026-08-15T20:37:24Z,2026-08-15T22:53:49Z,2.27
PO33 1PN,SEPD,LV,1,TV3512,4,2026-08-15T20:37:24Z,2026-08-15T22:53:49Z,2.27
PO33 1PR,SEPD,LV,1,TV3512,4,2026-08-15T20:37:24Z,2026-08-15T22:53:49Z,2.27
SN5 6EG,SEPD,LV,1,TV5597,30,2026-08-17T16:37:51Z,2026-08-17T18:53:52Z,2.27
SN5 6EH,SEPD,LV,1,TV5597,30,2026-08-17T16:37:51Z,2026-08-17T18:53:52Z,2.27
SN5 6HP,SEPD,LV,1,TV5597,30,2026-08-17T16:37:51Z,2026-08-17T18:53:52Z,2.27
SN5 6HS,SEPD,LV,1,TV5597,30,2026-08-17T16:37:51Z,2026-08-17T18:53:52Z,2.27
SN5 6HT,SEPD,LV,1,TV5597,30,2026-08-17T16:37:51Z,2026-08-17T18:53:52Z,2.27
SN5 6HU,SEPD,LV,1,TV5597,30,2026-08-17T16:37:51Z,2026-08-17T18:53:52Z,2.27
SN5 6HW,SEPD,LV,1,TV5597,30,2026-08-17T16:37:51Z,2026-08-17T18:53:52Z,2.27
SN5 6HX,SEPD,LV,1,TV5597,30,2026-08-17T16:37:51Z,2026-08-17T18:53:52Z,2.27
AB51 5NY,SHEPD,PSI,1,253526,14,2026-08-18T08:47:30Z,2026-08-18T11:01:30Z,2.23
IV36 0RT,SHEPD,PSI,1,254039,19,2026-08-18T08:47:30Z,2026-08-18T11:01:30Z,2.23
IV36 2PT,SHEPD,PSI,1,254039,19,2026-08-18T08:47:30Z,2026-08-18T11:01:30Z,2.23
IV36 2RT,SHEPD,PSI,1,254039,19,2026-08-18T08:47:30Z,2026-08-18T11:01:30Z,2.23
AB43 8QB,SHEPD,HV,1,TW2938,23,2026-08-22T11:27:42Z,2026-08-22T13:39:00Z,2.19
AB43 8QE,SHEPD,HV,1,TW2938,23,2026-08-22T11:27:42Z,2026-08-22T13:39:00Z,2.19
AB43 8QU,SHEPD,HV,1,TW2938,23,2026-08-22T11:27:42Z,2026-08-22T13:39:00Z,2.19
AB43 8QX,SHEPD,HV,1,TW2938,23,2026-08-22T11:27:42Z,2026-08-22T13:39:00Z,2.19
AB43 8RR,SHEPD,HV,1,TW2938,23,2026-08-22T11:27:42Z,2026-08-22T13:39:00Z,2.19
AB43 8RS,SHEPD,HV,1,TW2938,23,2026-08-22T11:27:42Z,2026-08-22T13:39:00Z,2.19
AB43 8YH,SHEPD,HV,1,TW2938,23,2026-08-22T11:27:42Z,2026-08-22T13:39:00Z,2.19
BA12 7HG,SEPD,PSI,1,253580,11,2026-08-21T08:52:50Z,2026-08-21T11:04:20Z,2.19
BA12 7HJ,SEPD,PSI,1,253580,11,2026-08-21T08:52:50Z,2026-08-21T11:04:20Z,2.19
BA12 7HL,SEPD,PSI,1,253580,11,2026-08-21T08:52:50Z,2026-08-21T11:04:20Z,2.19
BA12 7JH,SEPD,PSI,1,253580,11,2026-08-21T08:52:50Z,2026-08-21T11:04:20Z,2.19
SN3 5DA,SEPD,PSI,1,253536,3,2026-08-21T08:52:50Z,2026-08-21T11:04:20Z,2.19
SN8 3ND,SEPD,PSI,1,253584,38,2026-08-21T08:52:50Z,2026-08-21T11:04:20Z,2.19
SN8 3NE,SEPD,PSI,1,253584,38,2026-08-21T08:52:50Z,2026-08-21T11:04:20Z,2.19
SN8 3NF,SEPD,PSI,1,253584,38,2026-08-21T08:52:50Z,2026-08-21T11:04:20Z,2.19
SN8 3PP,SEPD,PSI,1,253584,38,2026-08-21T08:52:50Z,2026-08-21T11:04:20Z,2.19
SN8 3PR,SEPD,PSI,1,253584,38,2026-08-21T08:52:50Z,2026-08-21T11:04:20Z,2.19
SN8 3PS,SEPD,PSI,1,253584,38,2026-08-21T08:52:50Z,2026-08-21T11:04:20Z,2.19
SN8 3RP,SEPD,PSI,1,253584,38,2026-08-21T08:52:50Z,2026-08-21T11:04:20Z,2.19
SN8 3RW,SEPD,PSI,1,253584,38,2026-08-21T08:52:50Z,2026-08-21T11:04:20Z,2.19
SP5 2DY,SEPD,PSI,1,253018,19,2026-08-21T08:52:50Z,2026-08-21T11:04:20Z,2.19
SP5 2DZ,SEPD,PSI,1,253018,19,2026-08-21T08:52:50Z,2026-08-21T11:04:20Z,2.19
SP5 2EA,SEPD,PSI,1,253018,19,2026-08-21T08:52:50Z,2026-08-21T11:04:20Z,2.19
SP5 2EB,SEPD,PSI,1,253018,19,2026-08-21T08:52:50Z,2026-08-21T11:04:20Z,2.19
UB5 4QJ,SEPD,HV,1,TV3983,152,2026-08-16T14:30:57Z,2026-08-16T16:42:14Z,2.19
UB5 4QL,SEPD,HV,1,TV3983,152,2026-08-16T14:30:57Z,2026-08-16T16:42:14Z,2.19
UB5 4QN,SEPD,HV,1,TV3983,152,2026-08-16T14:30:57Z,2026-08-16T16:42:14Z,2.19
UB5 4RX,SEPD,HV,1,TV3983,152,2026-08-16T14:30:57Z,2026-08-16T16:42:14Z,2.19
SO14 3FA,SEPD,"LV,HV",2,"TV9193,TW0412",224,2026-08-19T22:34:06Z,2026-08-20T14:04:45Z,2.18
SO14 3FJ,SEPD,"LV,HV",2,"TV9193,TW0412",224,2026-08-19T22:34:06Z,2026-08-20T14:04:45Z,2.18
SO14 3FL,SEPD,"LV,HV",2,"TV9193,TW0412",224,2026-08-19T22:34:06Z,2026-08-20T14:04:45Z,2.18
SO14 3FP,SEPD,"LV,HV",2,"TV9193,TW0412",224,2026-08-19T22:34:06Z,2026-08-20T14:04:45Z,2.18
SO14 3FW,SEPD,"LV,HV",2,"TV9193,TW0412",224,2026-08-19T22:34:06Z,2026-08-20T14:04:45Z,2.18
PO6 1RU,SEPD,LV,1,TV6799,5,2026-08-18T13:51:36Z,2026-08-18T16:02:41Z,2.18
PO6 1SB,SEPD,LV,1,TV6799,5,2026-08-18T13:51:36Z,2026-08-18T16:02:41Z,2.18
PO6 1SS,SEPD,LV,1,TV6799,5,2026-08-18T13:51:36Z,2026-08-18T16:02:41Z,2.18
PO6 1ST,SEPD,LV,1,TV6799,5,2026-08-18T13:51:36Z,2026-08-18T16:02:41Z,2.18
PO6 1TL,SEPD,LV,1,TV6799,5,2026-08-18T13:51:36Z,2026-08-18T16:02:41Z,2.18
SO19,SEPD,HV,1,TV3971,238,2026-08-16T13:58:46Z,2026-08-16T16:09:52Z,2.18
SO19 0AH,SEPD,HV,1,TV3971,238,2026-08-16T13:58:46Z,2026-08-16T16:09:52Z,2.18
SO19 0AL,SEPD,HV,1,TV3971,238,2026-08-16T13:58:46Z,2026-08-16T16:09:52Z,2.18
SO19 0DU,SEPD,HV,1,TV3971,238,2026-08-16T13:58:46Z,2026-08-16T16:09:52Z,2.18
SO19 0DW,SEPD,HV,1,TV3971,238,2026-08-16T13:58:46Z,2026-08-16T16:09:52Z,2.18
SO19 0EQ,SEPD,HV,1,TV3971,238,2026-08-16T13:58:46Z,2026-08-16T16:09:52Z,2.18
SO19 0ER,SEPD,HV,1,TV3971,238,2026-08-16T13:58:46Z,2026-08-16T16:09:52Z,2.18
SO19 0FX,SEPD,HV,1,TV3971,238,2026-08-16T13:58:46Z,2026-08-16T16:09:52Z,2.18
SO19 0HH,SEPD,HV,1,TV3971,238,2026-08-16T13:58:46Z,2026-08-16T16:09:52Z,2.18
SO19 0HS,SEPD,HV,1,TV3971,238,2026-08-16T13:58:46Z,2026-08-16T16:09:52Z,2.18
SO19 0HU,SEPD,HV,1,TV3971,238,2026-08-16T13:58:46Z,2026-08-16T16:09:52Z,2.18
SO19 0HX,SEPD,HV,1,TV3971,238,2026-08-16T13:58:46Z,2026-08-16T16:09:52Z,2.18
SO19 0HY,SEPD,HV,1,TV3971,238,2026-08-16T13:58:46Z,2026-08-16T16:09:52Z,2.18
SO19 0JE,SEPD,HV,1,TV3971,238,2026-08-16T13:58:46Z,2026-08-16T16:09:52Z,2.18
SO19 0JF,SEPD,HV,1,TV3971,238,2026-08-16T13:58:46Z,2026-08-16T16:09:52Z,2.18
SO19 0JN,SEPD,HV,1,TV3971,238,2026-08-16T13:58:46Z,2026-08-16T16:09:52Z,2.18
SO19 0JP,SEPD,HV,1,TV3971,238,2026-08-16T13:58:46Z,2026-08-16T16:09:52Z,2.18
SO19 0JQ,SEPD,HV,1,TV3971,238,2026-08-16T13:58:46Z,2026-08-16T16:09:52Z,2.18
SO19 0NL,SEPD,HV,1,TV3971,238,2026-08-16T13:58:46Z,2026-08-16T16:09:52Z,2.18
SO19 0NN,SEPD,HV,1,TV3971,238,2026-08-16T13:58:46Z,2026-08-16T16:09:52Z,2.18
SO19 0NP,SEPD,HV,1,TV3971,238,2026-08-16T13:58:46Z,2026-08-16T16:09:52Z,2.18
SO19 0NR,SEPD,HV,1,TV3971,238,2026-08-16T13:58:46Z,2026-08-16T16:09:52Z,2.18
SO19 0PX,SEPD,HV,1,TV3971,238,2026-08-16T13:58:46Z,2026-08-16T16:09:52Z,2.18
SO19 0QA,SEPD,HV,1,TV3971,238,2026-08-16T13:58:46Z,2026-08-16T16:09:52Z,2.18
SO19 0QB,SEPD,HV,1,TV3971,238,2026-08-16T13:58:46Z,2026-08-16T16:09:52Z,2.18
SO19 0QD,SEPD,HV,1,TV3971,238,2026-08-16T13:58:46Z,2026-08-16T16:09:52Z,2.18
SO19 0QE,SEPD,HV,1,TV3971,238,2026-08-16T13:58:46Z,2026-08-16T16:09:52Z,2.18
SO19 0QF,SEPD,HV,1,TV3971,238,2026-08-16T13:58:46Z,2026-08-16T16:09:52Z,2.18
SO19 0QG,SEPD,HV,1,TV3971,238,2026-08-16T13:58:46Z,2026-08-16T16:09:52Z,2.18
SO19 0QH,SEPD,HV,1,TV3971,238,2026-08-16T13:58:46Z,2026-08-16T16:09:52Z,2.18
SO19 0QJ,SEPD,HV,1,TV3971,238,2026-08-16T13:58:46Z,2026-08-16T16:09:52Z,2.18
SO19 0QL,SEPD,HV,1,TV3971,238,2026-08-16T13:58:46Z,2026-08-16T16:09:52Z,2.18
SO19 0RX,SEPD,HV,1,TV3971,238,2026-08-16T13:58:46Z,2026-08-16T16:09:52Z,2.18
RG31 5EB,SEPD,LV,1,TV7358,41,2026-08-18T23:35:11Z,2026-08-19T01:45:39Z,2.17
RG31 5ED,SEPD,LV,1,TV7358,41,2026-08-18T23:35:11Z,2026-08-19T01:45:39Z,2.17
RG31 5EG,SEPD,LV,1,TV7358,41,2026-08-18T23:35:11Z,2026-08-19T01:45:39Z,2.17
RG31 5HD,SEPD,LV,1,TV7358,41,2026-08-18T23:35:11Z,2026-08-19T01:45:39Z,2.17
RG31 5HF,SEPD,LV,1,TV7358,41,2026-08-18T23:35:11Z,2026-08-19T01:45:39Z,2.17
RG31 5PA,SEPD,LV,1,TV7358,41,2026-08-18T23:35:11Z,2026-08-19T01:45:39Z,2.17
DD9 6TN,SHEPD,HV,1,TV3705,13,2026-08-16T07:04:49Z,2026-08-16T09:13:03Z,2.14
DD9 6TU,SHEPD,HV,1,TV3705,13,2026-08-16T07:04:49Z,2026-08-16T09:13:03Z,2.14
DD9 6TW,SHEPD,HV,1,TV3705,13,2026-08-16T07:04:49Z,2026-08-16T09:13:03Z,2.14
DD9 6TZ,SHEPD,HV,1,TV3705,13,2026-08-16T07:04:49Z,2026-08-16T09:13:03Z,2.14
BA11 4AS,SEPD,LV,3,"TV3846,TV3847,TV4088",73,2026-08-16T10:37:58Z,2026-08-16T16:42:14Z,2.08
BA11 4AY,SEPD,LV,3,"TV3846,TV3847,TV4088",73,2026-08-16T10:37:58Z,2026-08-16T16:42:14Z,2.08
BA11 1LA,SEPD,LV,2,"TV3847,TV4088",58,2026-08-16T10:37:58Z,2026-08-16T16:42:14Z,2.08
BA11 1LB,SEPD,LV,2,"TV3847,TV4088",58,2026-08-16T10:37:58Z,2026-08-16T16:42:14Z,2.08
BA11 1LD,SEPD,LV,2,"TV3847,TV4088",58,2026-08-16T10:37:58Z,2026-08-16T16:42:14Z,2.08
BA11 4AL,SEPD,LV,2,"TV3847,TV4088",58,2026-08-16T10:37:58Z,2026-08-16T16:42:14Z,2.08
BA11 4AZ,SEPD,LV,2,"TV3847,TV4088",58,2026-08-16T10:37:58Z,2026-08-16T16:42:14Z,2.08
BA11 5AA,SEPD,LV,2,"TV3847,TV4088",58,2026-08-16T10:37:58Z,2026-08-16T16:42:14Z,2.08
BA11 5AB,SEPD,LV,2,"TV3847,TV4088",58,2026-08-16T10:37:58Z,2026-08-16T16:42:14Z,2.08
BA11 5AD,SEPD,LV,2,"TV3847,TV4088",58,2026-08-16T10:37:58Z,2026-08-16T16:42:14Z,2.08
SO50 8AN,SEPD,LV,1,TV7460,24,2026-08-19T03:34:22Z,2026-08-19T05:38:25Z,2.07
SO50 8NB,SEPD,LV,1,TV7460,24,2026-08-19T03:34:22Z,2026-08-19T05:38:25Z,2.07
SO50 8NX,SEPD,LV,1,TV7460,24,2026-08-19T03:34:22Z,2026-08-19T05:38:25Z,2.07
SO50 8NY,SEPD,LV,1,TV7460,24,2026-08-19T03:34:22Z,2026-08-19T05:38:25Z,2.07
SL6 6BG,SEPD,LV,2,"TV1552,TV8794",78,2026-08-19T16:14:52Z,2026-08-19T18:55:23Z,2.06
SL6 6BH,SEPD,LV,2,"TV1552,TV8794",78,2026-08-19T16:14:52Z,2026-08-19T18:55:23Z,2.06
SL6 6BJ,SEPD,LV,2,"TV1552,TV8794",78,2026-08-19T16:14:52Z,2026-08-19T18:55:23Z,2.06
SL6 6BL,SEPD,LV,2,"TV1552,TV8794",78,2026-08-19T16:14:52Z,2026-08-19T18:55:23Z,2.06
SL6 6BN,SEPD,LV,2,"TV1552,TV8794",78,2026-08-19T16:14:52Z,2026-08-19T18:55:23Z,2.06
SL6 6BQ,SEPD,LV,2,"TV1552,TV8794",78,2026-08-19T16:14:52Z,2026-08-19T18:55:23Z,2.06
SL6 6LG,SEPD,LV,2,"TV1552,TV8794",78,2026-08-19T16:14:52Z,2026-08-19T18:55:23Z,2.06
SL6 6LJ,SEPD,LV,2,"TV1552,TV8794",78,2026-08-19T16:14:52Z,2026-08-19T18:55:23Z,2.06
SO30 2BA,SEPD,LV,1,TV8685,17,2026-08-19T16:51:45Z,2026-08-19T18:55:23Z,2.06
SO30 2BF,SEPD,LV,1,TV8685,17,2026-08-19T16:51:45Z,2026-08-19T18:55:23Z,2.06
SP10 4AP,SEPD,LV,2,"TV8959,TV9038",44,2026-08-19T18:12:57Z,2026-08-19T21:35:18Z,2.05
SP10 4AR,SEPD,LV,2,"TV8959,TV9038",44,2026-08-19T18:12:57Z,2026-08-19T21:35:18Z,2.05
SP10 4AS,SEPD,LV,2,"TV8959,TV9038",44,2026-08-19T18:12:57Z,2026-08-19T21:35:18Z,2.05
SP10 4AT,SEPD,LV,2,"TV8959,TV9038",44,2026-08-19T18:12:57Z,2026-08-19T21:35:18Z,2.05
SP10 4AY,SEPD,LV,2,"TV8959,TV9038",44,2026-08-19T18:12:57Z,2026-08-19T21:35:18Z,2.05
SP4 6BT,SEPD,LV,1,TV5540,3,2026-08-17T16:00:25Z,2026-08-17T18:02:45Z,2.04
SP4 6BU,SEPD,LV,1,TV5540,3,2026-08-17T16:00:25Z,2026-08-17T18:02:45Z,2.04
SP4 6EB,SEPD,LV,1,TV5540,3,2026-08-17T16:00:25Z,2026-08-17T18:02:45Z,2.04
SP4 6GB,SEPD,LV,1,TV5540,3,2026-08-17T16:00:25Z,2026-08-17T18:02:45Z,2.04
GU15 3LB,SEPD,HV,1,TV3588,7,2026-08-16T01:53:27Z,2026-08-16T03:54:09Z,2.01
RG12 7LD,SEPD,LV,1,TV6651,9,2026-08-18T11:01:30Z,2026-08-18T13:01:53Z,2.01
RG12 7LQ,SEPD,LV,1,TV6651,9,2026-08-18T11:01:30Z,2026-08-18T13:01:53Z,2.01
RG30 2NF,SEPD,LV,1,TV3926,36,2026-08-18T11:01:30Z,2026-08-18T13:01:53Z,2.01
RG30 2NP,SEPD,LV,1,TV3926,36,2026-08-18T11:01:30Z,2026-08-18T13:01:53Z,2.01
RG30 2NW,SEPD,LV,1,TV3926,36,2026-08-18T11:01:30Z,2026-08-18T13:01:53Z,2.01
RG30 4BP,SEPD,LV,1,TV3926,36,2026-08-18T11:01:30Z,2026-08-18T13:01:53Z,2.01
RG30 4BS,SEPD,LV,1,TV3926,36,2026-08-18T11:01:30Z,2026-08-18T13:01:53Z,2.01
PO30 5NT,SEPD,PSI,2,"253759,253760",10,2026-08-16T07:44:25Z,2026-08-20T08:07:21Z,2.0
PO12 4RG,SEPD,LV,1,TV5713,8,2026-08-17T19:58:30Z,2026-08-17T21:58:45Z,2.0
PO12 4RH,SEPD,LV,1,TV5713,8,2026-08-17T19:58:30Z,2026-08-17T21:58:45Z,2.0
PO9 1JX,SEPD,LV,3,"TV8785,TV8916,TV9385",84,2026-08-19T15:48:17Z,2026-08-20T07:24:35Z,1.99
PO9 1LD,SEPD,LV,3,"TV8785,TV8916,TV9385",84,2026-08-19T15:48:17Z,2026-08-20T07:24:35Z,1.99
PO9 1LN,SEPD,LV,3,"TV8785,TV8916,TV9385",84,2026-08-19T15:48:17Z,2026-08-20T07:24:35Z,1.99
PO9 1LZ,SEPD,LV,3,"TV8785,TV8916,TV9385",84,2026-08-19T15:48:17Z,2026-08-20T07:24:35Z,1.99
PO9 1QB,SEPD,LV,3,"TV8785,TV8916,TV9385",84,2026-08-19T15:48:17Z,2026-08-20T07:24:35Z,1.99
IV10 8SH,SHEPD,PSI,1,254127,35,2026-08-21T10:03:15Z,2026-08-21T12:02:32Z,1.99
IV10 8SU,SHEPD,PSI,1,254127,35,2026-08-21T10:03:15Z,2026-08-21T12:02:32Z,1.99
IV10 8SZ,SHEPD,PSI,1,254127,35,2026-08-21T10:03:15Z,2026-08-21T12:02:32Z,1.99
IV10 8TP,SHEPD,PSI,1,254127,35,2026-08-21T10:03:15Z,2026-08-21T12:02:32Z,1.99
IV10 8TW,SHEPD,PSI,1,254127,35,2026-08-21T10:03:15Z,2026-08-21T12:02:32Z,1.99
KW12 6UL,SHEPD,PSI,1,253030,4,2026-08-21T10:03:15Z,2026-08-21T12:02:32Z,1.99
KW12 6UN,SHEPD,PSI,1,253030,4,2026-08-21T10:03:15Z,2026-08-21T12:02:32Z,1.99
OX49 5BF,SEPD,HV,1,TW2608,253,2026-08-22T06:01:47Z,2026-08-22T07:59:51Z,1.97
OX49 5BN,SEPD,HV,1,TW2608,253,2026-08-22T06:01:47Z,2026-08-22T07:59:51Z,1.97
OX49 5EA,SEPD,HV,1,TW2608,253,2026-08-22T06:01:47Z,2026-08-22T07:59:51Z,1.97
OX49 5EB,SEPD,HV,1,TW2608,253,2026-08-22T06:01:47Z,2026-08-22T07:59:51Z,1.97
OX49 5EH,SEPD,HV,1,TW2608,253,2026-08-22T06:01:47Z,2026-08-22T07:59:51Z,1.97
OX49 5EJ,SEPD,HV,1,TW2608,253,2026-08-22T06:01:47Z,2026-08-22T07:59:51Z,1.97
OX49 5EL,SEPD,HV,1,TW2608,253,2026-08-22T06:01:47Z,2026-08-22T07:59:51Z,1.97
OX49 5EN,SEPD,HV,1,TW2608,253,2026-08-22T06:01:47Z,2026-08-22T07:59:51Z,1.97
OX49 5JH,SEPD,HV,1,TW2608,253,2026-08-22T06:01:47Z,2026-08-22T07:59:51Z,1.97
OX49 5PT,SEPD,HV,1,TW2608,253,2026-08-22T06:01:47Z,2026-08-22T07:59:51Z,1.97
OX49 5QA,SEPD,HV,1,TW2608,253,2026-08-22T06:01:47Z,2026-08-22T07:59:51Z,1.97
OX49 5QF,SEPD,HV,1,TW2608,253,2026-08-22T06:01:47Z,2026-08-22T07:59:51Z,1.97
OX49 5QJ,SEPD,HV,1,TW2608,253,2026-08-22T06:01:47Z,2026-08-22T07:59:51Z,1.97
OX49 5QL,SEPD,HV,1,TW2608,253,2026-08-22T06:01:47Z,2026-08-22T07:59:51Z,1.97
OX49 5QN,SEPD,HV,1,TW2608,253,2026-08-22T06:01:47Z,2026-08-22T07:59:51Z,1.97
OX49 5QQ,SEPD,HV,1,TW2608,253,2026-08-22T06:01:47Z,2026-08-22T07:59:51Z,1.97
OX49 5QW,SEPD,HV,1,TW2608,253,2026-08-22T06:01:47Z,2026-08-22T07:59:51Z,1.97
OX49 5RF,SEPD,HV,1,TW2608,253,2026-08-22T06:01:47Z,2026-08-22T07:59:51Z,1.97
OX49 5RH,SEPD,HV,1,TW2608,253,2026-08-22T06:01:47Z,2026-08-22T07:59:51Z,1.97
OX49 5RJ,SEPD,HV,1,TW2608,253,2026-08-22T06:01:47Z,2026-08-22T07:59:51Z,1.97
BN18 0JX,SEPD,LV,1,TV7966,12,2026-08-19T15:48:17Z,2026-08-19T17:45:47Z,1.96
BN18 0JY,SEPD,LV,1,TV7966,12,2026-08-19T15:48:17Z,2026-08-19T17:45:47Z,1.96
BN18 0JZ,SEPD,LV,1,TV7966,12,2026-08-19T15:48:17Z,2026-08-19T17:45:47Z,1.96
BN18 0LA,SEPD,LV,1,TV7966,12,2026-08-19T15:48:17Z,2026-08-19T17:45:47Z,1.96
PO22 0HB,SEPD,LV,1,TV7966,12,2026-08-19T15:48:17Z,2026-08-19T17:45:47Z,1.96
BH20 6JB,SEPD,LV,1,TV9113,7,2026-08-19T20:37:06Z,2026-08-19T22:34:06Z,1.95
BH20 6JQ,SEPD,LV,1,TV9113,7,2026-08-19T20:37:06Z,2026-08-19T22:34:06Z,1.95
BH20 6NY,SEPD,LV,1,TV9113,7,2026-08-19T20:37:06Z,2026-08-19T22:34:06Z,1.95
SL6 6PP,SEPD,LV,1,TV5089,21,2026-08-17T11:02:27Z,2026-08-17T12:59:19Z,1.95
SL6 7UD,SEPD,LV,1,TV5089,21,2026-08-17T11:02:27Z,2026-08-17T12:59:19Z,1.95
SL6 7UT,SEPD,LV,1,TV5089,21,2026-08-17T11:02:27Z,2026-08-17T12:59:19Z,1.95
SL6 7UU,SEPD,LV,1,TV5089,21,2026-08-17T11:02:27Z,2026-08-17T12:59:19Z,1.95
RG30 4LU,SEPD,LV,1,TV6743,17,2026-08-19T10:04:43Z,2026-08-19T12:01:20Z,1.94
RG30 4LX,SEPD,LV,1,TV6743,17,2026-08-19T10:04:43Z,2026-08-19T12:01:20Z,1.94
RH14 9HD,SEPD,LV,1,TV7904,10,2026-08-19T12:01:20Z,2026-08-19T13:56:22Z,1.92
RH14 9HE,SEPD,LV,1,TV7904,10,2026-08-19T12:01:20Z,2026-08-19T13:56:22Z,1.92
RH14 9HG,SEPD,LV,1,TV7904,10,2026-08-19T12:01:20Z,2026-08-19T13:56:22Z,1.92
TW20 8HG,SEPD,LV,1,TV7307,21,2026-08-18T19:57:03Z,2026-08-18T21:52:12Z,1.92
TW20 8HH,SEPD,LV,1,TV7307,21,2026-08-18T19:57:03Z,2026-08-18T21:52:12Z,1.92
TW20 8HJ,SEPD,LV,1,TV7307,21,2026-08-18T19:57:03Z,2026-08-18T21:52:12Z,1.92
TW20 8HQ,SEPD,LV,1,TV7307,21,2026-08-18T19:57:03Z,2026-08-18T21:52:12Z,1.92
IV2 4XH,SHEPD,LV,1,TW1252,13,2026-08-21T01:51:04Z,2026-08-21T03:45:15Z,1.9
IV2 4XJ,SHEPD,LV,1,TW1252,13,2026-08-21T01:51:04Z,2026-08-21T03:45:15Z,1.9
IV2 4XQ,SHEPD,LV,1,TW1252,13,2026-08-21T01:51:04Z,2026-08-21T03:45:15Z,1.9
BA11 5LG,SEPD,HV,1,TW2872,2,2026-08-22T15:35:36Z,2026-08-22T17:28:32Z,1.88
GU7 3RE,SEPD,LV,1,TW3135,30,2026-08-22T15:35:36Z,2026-08-22T17:28:32Z,1.88
GU7 3RG,SEPD,LV,1,TW3135,30,2026-08-22T15:35:36Z,2026-08-22T17:28:32Z,1.88
GU7 3RH,SEPD,LV,1,TW3135,30,2026-08-22T15:35:36Z,2026-08-22T17:28:32Z,1.88
GU7 3SS,SEPD,LV,1,TW3135,30,2026-08-22T15:35:36Z,2026-08-22T17:28:32Z,1.88
GU7 3SU,SEPD,LV,1,TW3135,30,2026-08-22T15:35:36Z,2026-08-22T17:28:32Z,1.88
GU7 3TB,SEPD,LV,1,TW3135,30,2026-08-22T15:35:36Z,2026-08-22T17:28:32Z,1.88
IV16 9UB,SHEPD,HV,1,TV3909,218,2026-08-16T13:00:57Z,2026-08-16T14:53:47Z,1.88
IV16 9UD,SHEPD,HV,1,TV3909,218,2026-08-16T13:00:57Z,2026-08-16T14:53:47Z,1.88
IV16 9UG,SHEPD,HV,1,TV3909,218,2026-08-16T13:00:57Z,2026-08-16T14:53:47Z,1.88
IV16 9UJ,SHEPD,HV,1,TV3909,218,2026-08-16T13:00:57Z,2026-08-16T14:53:47Z,1.88
IV16 9UN,SHEPD,HV,1,TV3909,218,2026-08-16T13:00:57Z,2026-08-16T14:53:47Z,1.88
IV16 9UP,SHEPD,HV,1,TV3909,218,2026-08-16T13:00:57Z,2026-08-16T14:53:47Z,1.88
IV16 9UQ,SHEPD,HV,1,TV3909,218,2026-08-16T13:00:57Z,2026-08-16T14:53:47Z,1.88
IV16 9UR,SHEPD,HV,1,TV3909,218,2026-08-16T13:00:57Z,2026-08-16T14:53:47Z,1.88
IV16 9UT,SHEPD,HV,1,TV3909,218,2026-08-16T13:00:57Z,2026-08-16T14:53:47Z,1.88
IV16 9UU,SHEPD,HV,1,TV3909,218,2026-08-16T13:00:57Z,2026-08-16T14:53:47Z,1.88
IV16 9UW,SHEPD,HV,1,TV3909,218,2026-08-16T13:00:57Z,2026-08-16T14:53:47Z,1.88
IV16 9UY,SHEPD,HV,1,TV3909,218,2026-08-16T13:00:57Z,2026-08-16T14:53:47Z,1.88
IV16 9XD,SHEPD,HV,1,TV3909,218,2026-08-16T13:00:57Z,2026-08-16T14:53:47Z,1.88
IV16 9XE,SHEPD,HV,1,TV3909,218,2026-08-16T13:00:57Z,2026-08-16T14:53:47Z,1.88
IV16 9XG,SHEPD,HV,1,TV3909,218,2026-08-16T13:00:57Z,2026-08-16T14:53:47Z,1.88
IV16 9XZ,SHEPD,HV,1,TV3909,218,2026-08-16T13:00:57Z,2026-08-16T14:53:47Z,1.88
IV16 9YB,SHEPD,HV,1,TV3909,218,2026-08-16T13:00:57Z,2026-08-16T14:53:47Z,1.88
IV16 9YD,SHEPD,HV,1,TV3909,218,2026-08-16T13:00:57Z,2026-08-16T14:53:47Z,1.88
IV16 9YE,SHEPD,HV,1,TV3909,218,2026-08-16T13:00:57Z,2026-08-16T14:53:47Z,1.88
IV16 9YU,SHEPD,HV,1,TV3909,218,2026-08-16T13:00:57Z,2026-08-16T14:53:47Z,1.88
PH22 1RR,SHEPD,LV,1,TV4567,6,2026-08-17T06:30:45Z,2026-08-17T08:23:42Z,1.88
PH22 1RU,SHEPD,LV,1,TV4567,6,2026-08-17T06:30:45Z,2026-08-17T08:23:42Z,1.88
PH22 1RX,SHEPD,LV,1,TV4567,6,2026-08-17T06:30:45Z,2026-08-17T08:23:42Z,1.88
PO20 9BJ,SEPD,HV,2,"TV7600,TV8210",1975,2026-08-19T06:01:52Z,2026-08-19T13:03:55Z,1.87
SP5 4EE,SEPD,"LV,HV",2,"TV4690,TV4925",24,2026-08-17T08:23:42Z,2026-08-17T11:02:27Z,1.87
SP5 4EG,SEPD,"LV,HV",2,"TV4690,TV4925",24,2026-08-17T08:23:42Z,2026-08-17T11:02:27Z,1.87
SN8 1DP,SEPD,LV,1,TV8221,19,2026-08-19T11:11:48Z,2026-08-19T13:03:55Z,1.87
SN8 1DR,SEPD,LV,1,TV8221,19,2026-08-19T11:11:48Z,2026-08-19T13:03:55Z,1.87
SN8 1DW,SEPD,LV,1,TV8221,19,2026-08-19T11:11:48Z,2026-08-19T13:03:55Z,1.87
UB8 1QS,SEPD,LV,1,TV5616,17,2026-08-17T17:02:52Z,2026-08-17T18:53:52Z,1.85
UB8 1QT,SEPD,LV,1,TV5616,17,2026-08-17T17:02:52Z,2026-08-17T18:53:52Z,1.85
UB8 1RH,SEPD,LV,1,TV5616,17,2026-08-17T17:02:52Z,2026-08-17T18:53:52Z,1.85
UB8 1RZ,SEPD,LV,1,TV5616,17,2026-08-17T17:02:52Z,2026-08-17T18:53:52Z,1.85
UB8 1SD,SEPD,LV,1,TV5616,17,2026-08-17T17:02:52Z,2026-08-17T18:53:52Z,1.85
UB8 1SU,SEPD,LV,1,TV5616,17,2026-08-17T17:02:52Z,2026-08-17T18:53:52Z,1.85
UB8 1SZ,SEPD,LV,1,TV5616,17,2026-08-17T17:02:52Z,2026-08-17T18:53:52Z,1.85
BH22 0LG,SEPD,PSI,1,254110,29,2026-08-18T08:47:30Z,2026-08-18T10:37:14Z,1.83
BH22 0LQ,SEPD,PSI,1,254110,29,2026-08-18T08:47:30Z,2026-08-18T10:37:14Z,1.83
PO7 7QA,SEPD,LV,1,TW2883,11,2026-08-22T10:00:01Z,2026-08-22T11:49:29Z,1.82
PO7 7QD,SEPD,LV,1,TW2883,11,2026-08-22T10:00:01Z,2026-08-22T11:49:29Z,1.82
IV17 0XB,SHEPD,"PSI,HV",2,"253955,TV6200",182,2026-08-18T09:17:56Z,2026-08-20T20:13:08Z,1.79
PH2 8AQ,SHEPD,PSI,1,253413,2,2026-08-19T08:18:34Z,2026-08-19T10:04:43Z,1.77
PH2 8QA,SHEPD,PSI,1,253413,2,2026-08-19T08:18:34Z,2026-08-19T10:04:43Z,1.77
SO24 9HB,SEPD,HV,1,TW2657,1201,2026-08-22T06:54:47Z,2026-08-22T08:40:35Z,1.76
SO24 9JZ,SEPD,HV,1,TW2657,1201,2026-08-22T06:54:47Z,2026-08-22T08:40:35Z,1.76
SO24 9LB,SEPD,HV,1,TW2657,1201,2026-08-22T06:54:47Z,2026-08-22T08:40:35Z,1.76
GU28 0FF,SEPD,HV,1,TV7847,118,2026-08-19T08:59:42Z,2026-08-19T10:44:54Z,1.75
GU28 0FG,SEPD,HV,1,TV7847,118,2026-08-19T08:59:42Z,2026-08-19T10:44:54Z,1.75
GU28 0FJ,SEPD,HV,1,TV7847,118,2026-08-19T08:59:42Z,2026-08-19T10:44:54Z,1.75
GU28 0LB,SEPD,HV,1,TV7847,118,2026-08-19T08:59:42Z,2026-08-19T10:44:54Z,1.75
GU28 0LE,SEPD,HV,1,TV7847,118,2026-08-19T08:59:42Z,2026-08-19T10:44:54Z,1.75
GU28 0LT,SEPD,HV,1,TV7847,118,2026-08-19T08:59:42Z,2026-08-19T10:44:54Z,1.75
GU28 0NA,SEPD,HV,1,TV7847,118,2026-08-19T08:59:42Z,2026-08-19T10:44:54Z,1.75
GU28 0NB,SEPD,HV,1,TV7847,118,2026-08-19T08:59:42Z,2026-08-19T10:44:54Z,1.75
GU28 0NH,SEPD,HV,1,TV7847,118,2026-08-19T08:59:42Z,2026-08-19T10:44:54Z,1.75
GU28 0NJ,SEPD,HV,1,TV7847,118,2026-08-19T08:59:42Z,2026-08-19T10:44:54Z,1.75
GU28 0NL,SEPD,HV,1,TV7847,118,2026-08-19T08:59:42Z,2026-08-19T10:44:54Z,1.75
GU28 0NP,SEPD,HV,1,TV7847,118,2026-08-19T08:59:42Z,2026-08-19T10:44:54Z,1.75
GU28 0NQ,SEPD,HV,1,TV7847,118,2026-08-19T08:59:42Z,2026-08-19T10:44:54Z,1.75
GU28 0NW,SEPD,HV,1,TV7847,118,2026-08-19T08:59:42Z,2026-08-19T10:44:54Z,1.75
GU28 0QD,SEPD,HV,1,TV7847,118,2026-08-19T08:59:42Z,2026-08-19T10:44:54Z,1.75
PH26 3LH,SHEPD,LV,1,TV7762,6,2026-08-19T08:59:42Z,2026-08-19T10:44:54Z,1.75
PH26 3LQ,SHEPD,LV,1,TV7762,6,2026-08-19T08:59:42Z,2026-08-19T10:44:54Z,1.75
PH26 3QF,SHEPD,LV,1,TV7762,6,2026-08-19T08:59:42Z,2026-08-19T10:44:54Z,1.75
PH26 3QN,SHEPD,LV,1,TV7762,6,2026-08-19T08:59:42Z,2026-08-19T10:44:54Z,1.75
SP6 3HU,SEPD,HV,1,TV7840,10,2026-08-19T08:59:42Z,2026-08-19T10:44:54Z,1.75
SP6 1AB,SEPD,LV,1,TV6820,26,2026-08-18T22:13:40Z,2026-08-18T23:57:48Z,1.74
SP6 1AE,SEPD,LV,1,TV6820,26,2026-08-18T22:13:40Z,2026-08-18T23:57:48Z,1.74
SP6 1AF,SEPD,LV,1,TV6820,26,2026-08-18T22:13:40Z,2026-08-18T23:57:48Z,1.74
SP6 1AH,SEPD,LV,1,TV6820,26,2026-08-18T22:13:40Z,2026-08-18T23:57:48Z,1.74
SP6 1AQ,SEPD,LV,1,TV6820,26,2026-08-18T22:13:40Z,2026-08-18T23:57:48Z,1.74
SP6 1AS,SEPD,LV,1,TV6820,26,2026-08-18T22:13:40Z,2026-08-18T23:57:48Z,1.74
SP6 1AT,SEPD,LV,1,TV6820,26,2026-08-18T22:13:40Z,2026-08-18T23:57:48Z,1.74
SP6 1AU,SEPD,LV,1,TV6820,26,2026-08-18T22:13:40Z,2026-08-18T23:57:48Z,1.74
SP6 1RL,SEPD,LV,1,TV6820,26,2026-08-18T22:13:40Z,2026-08-18T23:57:48Z,1.74
SP6 1RN,SEPD,LV,1,TV6820,26,2026-08-18T22:13:40Z,2026-08-18T23:57:48Z,1.74
SP6 1RR,SEPD,LV,1,TV6820,26,2026-08-18T22:13:40Z,2026-08-18T23:57:48Z,1.74
HP14 4UU,SEPD,LV,1,TW2319,10,2026-08-21T18:51:33Z,2026-08-21T20:34:30Z,1.72
HP14 4UX,SEPD,LV,1,TW2319,10,2026-08-21T18:51:33Z,2026-08-21T20:34:30Z,1.72
HP14 4UZ,SEPD,LV,1,TW2319,10,2026-08-21T18:51:33Z,2026-08-21T20:34:30Z,1.72
HP14 4XJ,SEPD,LV,1,TW2319,10,2026-08-21T18:51:33Z,2026-08-21T20:34:30Z,1.72
HP14 4XP,SEPD,LV,1,TW2319,10,2026-08-21T18:51:33Z,2026-08-21T20:34:30Z,1.72
BH9 2AB,SEPD,LV,1,TV8183,8,2026-08-19T18:55:23Z,2026-08-19T20:37:06Z,1.7
BH9 2HJ,SEPD,LV,1,TV8183,8,2026-08-19T18:55:23Z,2026-08-19T20:37:06Z,1.7
BH9 2HN,SEPD,LV,1,TV8183,8,2026-08-19T18:55:23Z,2026-08-19T20:37:06Z,1.7
SO40 8EA,SEPD,LV,1,TV8975,27,2026-08-19T18:12:57Z,2026-08-19T19:54:53Z,1.7
SO40 8EB,SEPD,LV,1,TV8975,27,2026-08-19T18:12:57Z,2026-08-19T19:54:53Z,1.7
SO40 8GF,SEPD,LV,1,TV8975,27,2026-08-19T18:12:57Z,2026-08-19T19:54:53Z,1.7
SO40 8GG,SEPD,LV,1,TV8975,27,2026-08-19T18:12:57Z,2026-08-19T19:54:53Z,1.7
SO40 8GH,SEPD,LV,1,TV8975,27,2026-08-19T18:12:57Z,2026-08-19T19:54:53Z,1.7
SO40 8GJ,SEPD,LV,1,TV8975,27,2026-08-19T18:12:57Z,2026-08-19T19:54:53Z,1.7
AB23 8XD,SHEPD,HV,1,TV7235,5,2026-08-18T18:15:41Z,2026-08-18T19:57:03Z,1.69
DT2 8HL,SEPD,HV,2,"TV6674,TV8930",41,2026-08-18T11:01:30Z,2026-08-19T18:55:23Z,1.68
DT2 8NH,SEPD,HV,2,"TV6674,TV8930",41,2026-08-18T11:01:30Z,2026-08-19T18:55:23Z,1.68
RG1 2NU,SEPD,LV,1,TV9072,48,2026-08-19T19:54:53Z,2026-08-19T21:35:18Z,1.67
RG1 2PN,SEPD,LV,1,TV9072,48,2026-08-19T19:54:53Z,2026-08-19T21:35:18Z,1.67
RG1 2PP,SEPD,LV,1,TV9072,48,2026-08-19T19:54:53Z,2026-08-19T21:35:18Z,1.67
RG1 2PR,SEPD,LV,1,TV9072,48,2026-08-19T19:54:53Z,2026-08-19T21:35:18Z,1.67
RG1 2PS,SEPD,LV,1,TV9072,48,2026-08-19T19:54:53Z,2026-08-19T21:35:18Z,1.67
RG1 2QB,SEPD,LV,1,TV9072,48,2026-08-19T19:54:53Z,2026-08-19T21:35:18Z,1.67
RG1 2QX,SEPD,LV,1,TV9072,48,2026-08-19T19:54:53Z,2026-08-19T21:35:18Z,1.67
RG1 2RD,SEPD,LV,1,TV9072,48,2026-08-19T19:54:53Z,2026-08-19T21:35:18Z,1.67
DT11 0BT,SEPD,HV,2,"TW2359,TW2394",222,2026-08-21T17:38:59Z,2026-08-21T19:43:22Z,1.66
DT11 0DB,SEPD,HV,2,"TW2359,TW2394",222,2026-08-21T17:38:59Z,2026-08-21T19:43:22Z,1.66
DT11 0DD,SEPD,HV,2,"TW2359,TW2394",222,2026-08-21T17:38:59Z,2026-08-21T19:43:22Z,1.66
DT11 0DE,SEPD,HV,2,"TW2359,TW2394",222,2026-08-21T17:38:59Z,2026-08-21T19:43:22Z,1.66
DT11 0DF,SEPD,HV,2,"TW2359,TW2394",222,2026-08-21T17:38:59Z,2026-08-21T19:43:22Z,1.66
DT11 0DG,SEPD,HV,2,"TW2359,TW2394",222,2026-08-21T17:38:59Z,2026-08-21T19:43:22Z,1.66
DT11 0DQ,SEPD,HV,2,"TW2359,TW2394",222,2026-08-21T17:38:59Z,2026-08-21T19:43:22Z,1.66
BH20 7PA,SEPD,PSI,1,253401,8,2026-08-20T19:09:02Z,2026-08-20T20:48:41Z,1.66
DT11 0BU,SEPD,HV,1,TW2359,121,2026-08-21T17:38:59Z,2026-08-21T19:18:47Z,1.66
DT11 0BX,SEPD,HV,1,TW2359,121,2026-08-21T17:38:59Z,2026-08-21T19:18:47Z,1.66
DT11 0BY,SEPD,HV,1,TW2359,121,2026-08-21T17:38:59Z,2026-08-21T19:18:47Z,1.66
DT11 0DL,SEPD,HV,1,TW2359,121,2026-08-21T17:38:59Z,2026-08-21T19:18:47Z,1.66
DT11 0LQ,SEPD,HV,1,TW2359,121,2026-08-21T17:38:59Z,2026-08-21T19:18:47Z,1.66
PA65 6AZ,SHEPD,PSI,2,"253679,253680",6,2026-08-17T08:23:42Z,2026-08-21T13:57:18Z,1.65
PA65 6BG,SHEPD,PSI,2,"253679,253680",6,2026-08-17T08:23:42Z,2026-08-21T13:57:18Z,1.65
SN6 7RX,SEPD,LV,1,TV7631,5,2026-08-19T13:03:55Z,2026-08-19T14:42:27Z,1.64
BH16 6BX,SEPD,HV,2,"TV7433,TV7434",1374,2026-08-19T02:45:45Z,2026-08-19T03:34:22Z,1.62
BH16 6HQ,SEPD,HV,2,"TV7433,TV7434",1374,2026-08-19T02:45:45Z,2026-08-19T03:34:22Z,1.62
OX44 9LP,SEPD,HV,2,"TW0419,TW0423",121,2026-08-20T14:04:45Z,2026-08-20T15:41:40Z,1.62
OX44 9LS,SEPD,HV,2,"TW0419,TW0423",121,2026-08-20T14:04:45Z,2026-08-20T15:41:40Z,1.62
OX44 9LT,SEPD,HV,2,"TW0419,TW0423",121,2026-08-20T14:04:45Z,2026-08-20T15:41:40Z,1.62
OX44 9LW,SEPD,HV,2,"TW0419,TW0423",121,2026-08-20T14:04:45Z,2026-08-20T15:41:40Z,1.62
AB42 3EB,SHEPD,LV,1,TW2821,2,2026-08-22T10:33:29Z,2026-08-22T12:10:52Z,1.62
IV10 8TS,SHEPD,LV,1,TW1690,17,2026-08-21T10:03:15Z,2026-08-21T11:40:19Z,1.62
IV10 8TT,SHEPD,LV,1,TW1690,17,2026-08-21T10:03:15Z,2026-08-21T11:40:19Z,1.62
IV10 8TU,SHEPD,LV,1,TW1690,17,2026-08-21T10:03:15Z,2026-08-21T11:40:19Z,1.62
IV4 7HT,SHEPD,PSI,1,253787,4,2026-08-21T10:03:15Z,2026-08-21T11:40:19Z,1.62
IV4 7LN,SHEPD,LV,1,TW1690,17,2026-08-21T10:03:15Z,2026-08-21T11:40:19Z,1.62
IV4 7NB,SHEPD,LV,1,TW1690,17,2026-08-21T10:03:15Z,2026-08-21T11:40:19Z,1.62
IV63 6XE,SHEPD,PSI,1,253787,4,2026-08-21T10:03:15Z,2026-08-21T11:40:19Z,1.62
OX18 2AP,SEPD,PSI,1,253199,36,2026-08-17T07:35:37Z,2026-08-17T09:11:01Z,1.59
OX18 2AR,SEPD,PSI,1,253199,36,2026-08-17T07:35:37Z,2026-08-17T09:11:01Z,1.59
OX18 2AS,SEPD,PSI,1,253199,36,2026-08-17T07:35:37Z,2026-08-17T09:11:01Z,1.59
OX18 2AT,SEPD,PSI,1,253199,36,2026-08-17T07:35:37Z,2026-08-17T09:11:01Z,1.59
OX18 2AU,SEPD,PSI,1,253199,36,2026-08-17T07:35:37Z,2026-08-17T09:11:01Z,1.59
OX18 3QQ,SEPD,PSI,1,253199,36,2026-08-17T07:35:37Z,2026-08-17T09:11:01Z,1.59
OX7 3HT,SEPD,LV,1,TV4669,11,2026-08-17T07:35:37Z,2026-08-17T09:11:01Z,1.59
OX7 3HU,SEPD,LV,1,TV4669,11,2026-08-17T07:35:37Z,2026-08-17T09:11:01Z,1.59
SO50 9DY,SEPD,LV,1,TV5860,15,2026-08-18T03:07:51Z,2026-08-18T04:43:22Z,1.59
SO50 9DZ,SEPD,LV,1,TV5860,15,2026-08-18T03:07:51Z,2026-08-18T04:43:22Z,1.59
SO50 9EA,SEPD,LV,1,TV5860,15,2026-08-18T03:07:51Z,2026-08-18T04:43:22Z,1.59
SO50 9EB,SEPD,LV,1,TV5860,15,2026-08-18T03:07:51Z,2026-08-18T04:43:22Z,1.59
SO50 9ED,SEPD,LV,1,TV5860,15,2026-08-18T03:07:51Z,2026-08-18T04:43:22Z,1.59
SO50 9ES,SEPD,LV,1,TV5860,15,2026-08-18T03:07:51Z,2026-08-18T04:43:22Z,1.59
SP10 5JP,SEPD,LV,1,TW0986,10,2026-08-20T20:13:08Z,2026-08-20T21:48:49Z,1.59
SP10 5JW,SEPD,LV,1,TW0986,10,2026-08-20T20:13:08Z,2026-08-20T21:48:49Z,1.59
OX1 2AR,SEPD,LV,2,"TV5336,TV7257",14,2026-08-17T13:45:47Z,2026-08-18T19:35:12Z,1.57
OX1 2AS,SEPD,LV,2,"TV5336,TV7257",14,2026-08-17T13:45:47Z,2026-08-18T19:35:12Z,1.57
OX1 2AT,SEPD,LV,2,"TV5336,TV7257",14,2026-08-17T13:45:47Z,2026-08-18T19:35:12Z,1.57
OX1 3AD,SEPD,LV,2,"TV5336,TV7257",14,2026-08-17T13:45:47Z,2026-08-18T19:35:12Z,1.57
OX1 3EX,SEPD,LV,2,"TV5336,TV7257",14,2026-08-17T13:45:47Z,2026-08-18T19:35:12Z,1.57
OX1 3EZ,SEPD,LV,2,"TV5336,TV7257",14,2026-08-17T13:45:47Z,2026-08-18T19:35:12Z,1.57
OX1 3HA,SEPD,LV,2,"TV5336,TV7257",14,2026-08-17T13:45:47Z,2026-08-18T19:35:12Z,1.57
OX1 3HB,SEPD,LV,2,"TV5336,TV7257",14,2026-08-17T13:45:47Z,2026-08-18T19:35:12Z,1.57
OX1 3HL,SEPD,LV,2,"TV5336,TV7257",14,2026-08-17T13:45:47Z,2026-08-18T19:35:12Z,1.57
OX1 3HT,SEPD,LV,2,"TV5336,TV7257",14,2026-08-17T13:45:47Z,2026-08-18T19:35:12Z,1.57
OX1 3HZ,SEPD,LV,2,"TV5336,TV7257",14,2026-08-17T13:45:47Z,2026-08-18T19:35:12Z,1.57
OX4 6LL,SEPD,LV,1,TW2852,5,2026-08-22T11:27:42Z,2026-08-22T13:01:07Z,1.56
OX4 6LQ,SEPD,LV,1,TW2852,5,2026-08-22T11:27:42Z,2026-08-22T13:01:07Z,1.56
OX4 6NP,SEPD,LV,1,TW2852,5,2026-08-22T11:27:42Z,2026-08-22T13:01:07Z,1.56
OX4 6TU,SEPD,LV,1,TW2852,5,2026-08-22T11:27:42Z,2026-08-22T13:01:07Z,1.56
GU10 3QJ,SEPD,HV,1,TV3755,215,2026-08-16T08:12:10Z,2026-08-16T09:44:43Z,1.54
GU10 3QT,SEPD,HV,1,TV3755,215,2026-08-16T08:12:10Z,2026-08-16T09:44:43Z,1.54
GU10 3RA,SEPD,HV,1,TV3755,215,2026-08-16T08:12:10Z,2026-08-16T09:44:43Z,1.54
GU11 2XX,SEPD,HV,1,TV3755,215,2026-08-16T08:12:10Z,2026-08-16T09:44:43Z,1.54
GU19 8HX,SEPD,HV,1,TV3755,215,2026-08-16T08:12:10Z,2026-08-16T09:44:43Z,1.54
GU9 8AZ,SEPD,HV,1,TV3755,215,2026-08-16T08:12:10Z,2026-08-16T09:44:43Z,1.54
GU9 8BN,SEPD,HV,1,TV3755,215,2026-08-16T08:12:10Z,2026-08-16T09:44:43Z,1.54
GU9 8DE,SEPD,HV,1,TV3755,215,2026-08-16T08:12:10Z,2026-08-16T09:44:43Z,1.54
GU9 8DP,SEPD,HV,1,TV3755,215,2026-08-16T08:12:10Z,2026-08-16T09:44:43Z,1.54
GU9 8DR,SEPD,HV,1,TV3755,215,2026-08-16T08:12:10Z,2026-08-16T09:44:43Z,1.54
GU9 8DS,SEPD,HV,1,TV3755,215,2026-08-16T08:12:10Z,2026-08-16T09:44:43Z,1.54
GU9 8DT,SEPD,HV,1,TV3755,215,2026-08-16T08:12:10Z,2026-08-16T09:44:43Z,1.54
GU9 8DU,SEPD,HV,1,TV3755,215,2026-08-16T08:12:10Z,2026-08-16T09:44:43Z,1.54
GU9 8HP,SEPD,HV,1,TV3755,215,2026-08-16T08:12:10Z,2026-08-16T09:44:43Z,1.54
GU9 8HR,SEPD,HV,1,TV3755,215,2026-08-16T08:12:10Z,2026-08-16T09:44:43Z,1.54
GU9 8HS,SEPD,HV,1,TV3755,215,2026-08-16T08:12:10Z,2026-08-16T09:44:43Z,1.54
GU9 8HT,SEPD,HV,1,TV3755,215,2026-08-16T08:12:10Z,2026-08-16T09:44:43Z,1.54
GU9 8HU,SEPD,HV,1,TV3755,215,2026-08-16T08:12:10Z,2026-08-16T09:44:43Z,1.54
GU9 8HW,SEPD,HV,1,TV3755,215,2026-08-16T08:12:10Z,2026-08-16T09:44:43Z,1.54
GU9 8HX,SEPD,HV,1,TV3755,215,2026-08-16T08:12:10Z,2026-08-16T09:44:43Z,1.54
GU9 8HY,SEPD,HV,1,TV3755,215,2026-08-16T08:12:10Z,2026-08-16T09:44:43Z,1.54
GU9 8HZ,SEPD,HV,1,TV3755,215,2026-08-16T08:12:10Z,2026-08-16T09:44:43Z,1.54
GU9 8JA,SEPD,HV,1,TV3755,215,2026-08-16T08:12:10Z,2026-08-16T09:44:43Z,1.54
GU9 8JF,SEPD,HV,1,TV3755,215,2026-08-16T08:12:10Z,2026-08-16T09:44:43Z,1.54
GU9 8JP,SEPD,HV,1,TV3755,215,2026-08-16T08:12:10Z,2026-08-16T09:44:43Z,1.54
GU9 8LD,SEPD,HV,1,TV3755,215,2026-08-16T08:12:10Z,2026-08-16T09:44:43Z,1.54
SN5 8HH,SEPD,LV,1,TV8435,31,2026-08-19T14:42:27Z,2026-08-19T16:14:52Z,1.54
SN5 8HP,SEPD,LV,1,TV8435,31,2026-08-19T14:42:27Z,2026-08-19T16:14:52Z,1.54
SN5 8HQ,SEPD,LV,1,TV8435,31,2026-08-19T14:42:27Z,2026-08-19T16:14:52Z,1.54
SN5 8HR,SEPD,LV,1,TV8435,31,2026-08-19T14:42:27Z,2026-08-19T16:14:52Z,1.54
SN5 8HS,SEPD,LV,1,TV8435,31,2026-08-19T14:42:27Z,2026-08-19T16:14:52Z,1.54
SN5 8HT,SEPD,LV,1,TV8435,31,2026-08-19T14:42:27Z,2026-08-19T16:14:52Z,1.54
SN5 8HW,SEPD,LV,1,TV8435,31,2026-08-19T14:42:27Z,2026-08-19T16:14:52Z,1.54
SN5 8HZ,SEPD,LV,1,TV8435,31,2026-08-19T14:42:27Z,2026-08-19T16:14:52Z,1.54
SO40 8UD,SEPD,LV,1,TV3473,20,2026-08-15T19:05:52Z,2026-08-15T20:37:24Z,1.53
SO40 8UE,SEPD,LV,1,TV3473,20,2026-08-15T19:05:52Z,2026-08-15T20:37:24Z,1.53
SO40 8UF,SEPD,LV,1,TV3473,20,2026-08-15T19:05:52Z,2026-08-15T20:37:24Z,1.53
SO40 8UG,SEPD,LV,1,TV3473,20,2026-08-15T19:05:52Z,2026-08-15T20:37:24Z,1.53
AB23 8BQ,SHEPD,HV,1,TV9518,24,2026-08-20T07:24:35Z,2026-08-20T08:55:24Z,1.51
AB23 8BR,SHEPD,HV,1,TV9518,24,2026-08-20T07:24:35Z,2026-08-20T08:55:24Z,1.51
AB23 8BS,SHEPD,HV,1,TV9518,24,2026-08-20T07:24:35Z,2026-08-20T08:55:24Z,1.51
AB23 8BT,SHEPD,HV,1,TV9518,24,2026-08-20T07:24:35Z,2026-08-20T08:55:24Z,1.51
DT2 0BP,SEPD,LV,1,TW0965,12,2026-08-20T19:44:52Z,2026-08-20T21:14:36Z,1.5
DT2 0BQ,SEPD,LV,1,TW0965,12,2026-08-20T19:44:52Z,2026-08-20T21:14:36Z,1.5
DT2 0BW,SEPD,LV,1,TW0965,12,2026-08-20T19:44:52Z,2026-08-20T21:14:36Z,1.5
DT2 7DQ,SEPD,HV,1,TV7952,13,2026-08-19T09:42:04Z,2026-08-19T11:11:48Z,1.5
DT2 7EF,SEPD,HV,1,TV7952,13,2026-08-19T09:42:04Z,2026-08-19T11:11:48Z,1.5
DT2 7EG,SEPD,HV,1,TV7952,13,2026-08-19T09:42:04Z,2026-08-19T11:11:48Z,1.5
DT2 7EH,SEPD,HV,1,TV7952,13,2026-08-19T09:42:04Z,2026-08-19T11:11:48Z,1.5
DT2 7EJ,SEPD,HV,1,TV7952,13,2026-08-19T09:42:04Z,2026-08-19T11:11:48Z,1.5
DT2 7EL,SEPD,HV,1,TV7952,13,2026-08-19T09:42:04Z,2026-08-19T11:11:48Z,1.5
DT2 7EN,SEPD,HV,1,TV7952,13,2026-08-19T09:42:04Z,2026-08-19T11:11:48Z,1.5
DT2 7EP,SEPD,HV,1,TV7952,13,2026-08-19T09:42:04Z,2026-08-19T11:11:48Z,1.5
DT2 7ER,SEPD,HV,1,TV7952,13,2026-08-19T09:42:04Z,2026-08-19T11:11:48Z,1.5
DT2 7ES,SEPD,HV,1,TV7952,13,2026-08-19T09:42:04Z,2026-08-19T11:11:48Z,1.5
DT2 7ET,SEPD,HV,1,TV7952,13,2026-08-19T09:42:04Z,2026-08-19T11:11:48Z,1.5
DT2 7EU,SEPD,HV,1,TV7952,13,2026-08-19T09:42:04Z,2026-08-19T11:11:48Z,1.5
DT2 7EW,SEPD,HV,1,TV7952,13,2026-08-19T09:42:04Z,2026-08-19T11:11:48Z,1.5
DT2 7EX,SEPD,HV,1,TV7952,13,2026-08-19T09:42:04Z,2026-08-19T11:11:48Z,1.5
DT2 7EY,SEPD,HV,1,TV7952,13,2026-08-19T09:42:04Z,2026-08-19T11:11:48Z,1.5
DT2 7EZ,SEPD,HV,1,TV7952,13,2026-08-19T09:42:04Z,2026-08-19T11:11:48Z,1.5
DT2 7FB,SEPD,HV,1,TV7952,13,2026-08-19T09:42:04Z,2026-08-19T11:11:48Z,1.5
DT2 7FD,SEPD,HV,1,TV7952,13,2026-08-19T09:42:04Z,2026-08-19T11:11:48Z,1.5
DT2 7FE,SEPD,HV,1,TV7952,13,2026-08-19T09:42:04Z,2026-08-19T11:11:48Z,1.5
DT2 7FG,SEPD,HV,1,TV7952,13,2026-08-19T09:42:04Z,2026-08-19T11:11:48Z,1.5
DT2 7FH,SEPD,HV,1,TV7952,13,2026-08-19T09:42:04Z,2026-08-19T11:11:48Z,1.5
DT2 7HA,SEPD,HV,1,TV7952,13,2026-08-19T09:42:04Z,2026-08-19T11:11:48Z,1.5
DT2 7HB,SEPD,HV,1,TV7952,13,2026-08-19T09:42:04Z,2026-08-19T11:11:48Z,1.5
DT2 7LG,SEPD,HV,1,TV7952,13,2026-08-19T09:42:04Z,2026-08-19T11:11:48Z,1.5
DT2 7LH,SEPD,HV,1,TV7952,13,2026-08-19T09:42:04Z,2026-08-19T11:11:48Z,1.5
DT2 7LJ,SEPD,HV,1,TV7952,13,2026-08-19T09:42:04Z,2026-08-19T11:11:48Z,1.5
DT2 7LL,SEPD,HV,1,TV7952,13,2026-08-19T09:42:04Z,2026-08-19T11:11:48Z,1.5
DT2 7LP,SEPD,HV,1,TV7952,13,2026-08-19T09:42:04Z,2026-08-19T11:11:48Z,1.5
DT2 7LQ,SEPD,HV,1,TV7952,13,2026-08-19T09:42:04Z,2026-08-19T11:11:48Z,1.5
DT2 7LR,SEPD,HV,1,TV7952,13,2026-08-19T09:42:04Z,2026-08-19T11:11:48Z,1.5
DT2 7LT,SEPD,HV,1,TV7952,13,2026-08-19T09:42:04Z,2026-08-19T11:11:48Z,1.5
DT2 7LU,SEPD,HV,1,TV7952,13,2026-08-19T09:42:04Z,2026-08-19T11:11:48Z,1.5
DT2 7LX,SEPD,HV,1,TV7952,13,2026-08-19T09:42:04Z,2026-08-19T11:11:48Z,1.5
DT2 7LY,SEPD,HV,1,TV7952,13,2026-08-19T09:42:04Z,2026-08-19T11:11:48Z,1.5
DT2 7LZ,SEPD,HV,1,TV7952,13,2026-08-19T09:42:04Z,2026-08-19T11:11:48Z,1.5
DT2 7NA,SEPD,HV,1,TV7952,13,2026-08-19T09:42:04Z,2026-08-19T11:11:48Z,1.5
DT2 7NB,SEPD,HV,1,TV7952,13,2026-08-19T09:42:04Z,2026-08-19T11:11:48Z,1.5
DT2 7ND,SEPD,HV,1,TV7952,13,2026-08-19T09:42:04Z,2026-08-19T11:11:48Z,1.5
DT2 7NE,SEPD,HV,1,TV7952,13,2026-08-19T09:42:04Z,2026-08-19T11:11:48Z,1.5
DT2 7NH,SEPD,HV,1,TV7952,13,2026-08-19T09:42:04Z,2026-08-19T11:11:48Z,1.5
DT2 7NQ,SEPD,HV,1,TV7952,13,2026-08-19T09:42:04Z,2026-08-19T11:11:48Z,1.5
DT2 7QD,SEPD,HV,1,TV7952,13,2026-08-19T09:42:04Z,2026-08-19T11:11:48Z,1.5
DT2 7SB,SEPD,HV,1,TV7952,13,2026-08-19T09:42:04Z,2026-08-19T11:11:48Z,1.5
DT2 9UA,SEPD,HV,1,TV7952,13,2026-08-19T09:42:04Z,2026-08-19T11:11:48Z,1.5
GU47 0TJ,SEPD,LV,2,"TV6762,TV7206",26,2026-08-18T11:59:52Z,2026-08-18T18:15:41Z,1.48
GU47 0TN,SEPD,LV,2,"TV6762,TV7206",26,2026-08-18T11:59:52Z,2026-08-18T18:15:41Z,1.48
GU47 0TP,SEPD,LV,2,"TV6762,TV7206",26,2026-08-18T11:59:52Z,2026-08-18T18:15:41Z,1.48
GU47 0TW,SEPD,LV,2,"TV6762,TV7206",26,2026-08-18T11:59:52Z,2026-08-18T18:15:41Z,1.48
SL6 1HT,SEPD,LV,1,TW2933,18,2026-08-22T14:29:33Z,2026-08-22T15:56:24Z,1.45
SL6 1LT,SEPD,LV,1,TW2933,18,2026-08-22T14:29:33Z,2026-08-22T15:56:24Z,1.45
SL6 1LW,SEPD,LV,1,TW2933,18,2026-08-22T14:29:33Z,2026-08-22T15:56:24Z,1.45
SL6 1SQ,SEPD,LV,1,TW2933,18,2026-08-22T14:29:33Z,2026-08-22T15:56:24Z,1.45
BA14 7AL,SEPD,LV,2,"TV4576,TV4652",68,2026-08-17T04:24:57Z,2026-08-17T06:30:45Z,1.44
BA14 7AR,SEPD,LV,2,"TV4576,TV4652",68,2026-08-17T04:24:57Z,2026-08-17T06:30:45Z,1.44
BA14 7AY,SEPD,LV,2,"TV4576,TV4652",68,2026-08-17T04:24:57Z,2026-08-17T06:30:45Z,1.44
BA14 7AZ,SEPD,LV,2,"TV4576,TV4652",68,2026-08-17T04:24:57Z,2026-08-17T06:30:45Z,1.44
DT3 4EP,SEPD,HV,2,"TV3632,TV4147",58,2026-08-16T16:42:14Z,2026-08-16T18:08:05Z,1.43
DT3 4HW,SEPD,HV,2,"TV3632,TV4147",58,2026-08-16T16:42:14Z,2026-08-16T18:08:05Z,1.43
RG14 1JL,SEPD,LV,1,TW2699,14,2026-08-22T07:38:20Z,2026-08-22T09:03:42Z,1.42
RG14 2BA,SEPD,LV,1,TW2699,14,2026-08-22T07:38:20Z,2026-08-22T09:03:42Z,1.42
RG14 2DQ,SEPD,LV,1,TW2699,14,2026-08-22T07:38:20Z,2026-08-22T09:03:42Z,1.42
OX12 8NF,SEPD,LV,1,TV4439,5,2026-08-16T20:31:43Z,2026-08-16T21:56:05Z,1.41
GU25 4NE,SEPD,HV,3,"TV4640,TV5160,TV5329",208,2026-08-17T06:30:45Z,2026-08-17T12:59:19Z,1.4
UB9 5JE,SEPD,LV,2,"TV3865,TV5083",27,2026-08-17T11:02:27Z,2026-08-17T12:59:19Z,1.4
UB9 5JG,SEPD,LV,2,"TV3865,TV5083",27,2026-08-17T11:02:27Z,2026-08-17T12:59:19Z,1.4
UB9 5JJ,SEPD,LV,1,TV3865,20,2026-08-17T11:35:25Z,2026-08-17T12:59:19Z,1.4
UB9 5JL,SEPD,LV,1,TV3865,20,2026-08-17T11:35:25Z,2026-08-17T12:59:19Z,1.4
UB9 5JN,SEPD,LV,1,TV3865,20,2026-08-17T11:35:25Z,2026-08-17T12:59:19Z,1.4
BH14 8SY,SEPD,PSI,1,254122,7,2026-08-19T08:18:34Z,2026-08-19T09:42:04Z,1.39
UB10 0LR,SEPD,LV,1,TV9018,40,2026-08-19T20:37:06Z,2026-08-19T21:59:42Z,1.38
UB3 2RH,SEPD,LV,1,TV9018,40,2026-08-19T20:37:06Z,2026-08-19T21:59:42Z,1.38
UB3 2RQ,SEPD,LV,1,TV9018,40,2026-08-19T20:37:06Z,2026-08-19T21:59:42Z,1.38
UB4 8FQ,SEPD,LV,1,TV9018,40,2026-08-19T20:37:06Z,2026-08-19T21:59:42Z,1.38
UB4 8HT,SEPD,LV,1,TV9018,40,2026-08-19T20:37:06Z,2026-08-19T21:59:42Z,1.38
UB4 8JF,SEPD,LV,1,TV9018,40,2026-08-19T20:37:06Z,2026-08-19T21:59:42Z,1.38
UB4 8JG,SEPD,LV,1,TV9018,40,2026-08-19T20:37:06Z,2026-08-19T21:59:42Z,1.38
UB4 8JU,SEPD,LV,1,TV9018,40,2026-08-19T20:37:06Z,2026-08-19T21:59:42Z,1.38
UB4 8JX,SEPD,LV,1,TV9018,40,2026-08-19T20:37:06Z,2026-08-19T21:59:42Z,1.38
UB4 8JZ,SEPD,LV,1,TV9018,40,2026-08-19T20:37:06Z,2026-08-19T21:59:42Z,1.38
UB8 9ZX,SEPD,LV,1,TV9018,40,2026-08-19T20:37:06Z,2026-08-19T21:59:42Z,1.38
RG6 3DZ,SEPD,LV,1,TW3120,19,2026-08-22T15:11:28Z,2026-08-22T16:33:41Z,1.37
RG6 4ER,SEPD,LV,1,TW3120,19,2026-08-22T15:11:28Z,2026-08-22T16:33:41Z,1.37
HS2 9AE,SHEPD,LV,1,TW2388,2,2026-08-21T20:34:30Z,2026-08-21T21:55:42Z,1.35
SL6 9DA,SEPD,LV,2,"TV7275,TV7321",38,2026-08-18T19:35:12Z,2026-08-20T10:49:26Z,1.33
SL6 9DZ,SEPD,LV,2,"TV7275,TV7321",38,2026-08-18T19:35:12Z,2026-08-20T10:49:26Z,1.33
SL6 9QD,SEPD,LV,2,"TV7275,TV7321",38,2026-08-18T19:35:12Z,2026-08-20T10:49:26Z,1.33
SL6 9QE,SEPD,LV,2,"TV7275,TV7321",38,2026-08-18T19:35:12Z,2026-08-20T10:49:26Z,1.33
SL6 9QF,SEPD,LV,2,"TV7275,TV7321",38,2026-08-18T19:35:12Z,2026-08-20T10:49:26Z,1.33
SL6 9QG,SEPD,LV,2,"TV7275,TV7321",38,2026-08-18T19:35:12Z,2026-08-20T10:49:26Z,1.33
SL6 9RH,SEPD,LV,2,"TV7275,TV7321",38,2026-08-18T19:35:12Z,2026-08-20T10:49:26Z,1.33
SL6 9RT,SEPD,LV,2,"TV7275,TV7321",38,2026-08-18T19:35:12Z,2026-08-20T10:49:26Z,1.33
SL6 9RU,SEPD,LV,2,"TV7275,TV7321",38,2026-08-18T19:35:12Z,2026-08-20T10:49:26Z,1.33
SL6 9RZ,SEPD,LV,2,"TV7275,TV7321",38,2026-08-18T19:35:12Z,2026-08-20T10:49:26Z,1.33
SL6 9SA,SEPD,LV,2,"TV7275,TV7321",38,2026-08-18T19:35:12Z,2026-08-20T10:49:26Z,1.33
PO16 7RN,SEPD,LV,1,TV5702,18,2026-08-17T21:35:11Z,2026-08-17T22:54:56Z,1.33
PO16 7RP,SEPD,LV,1,TV5702,18,2026-08-17T21:35:11Z,2026-08-17T22:54:56Z,1.33
PO16 7RR,SEPD,LV,1,TV5702,18,2026-08-17T21:35:11Z,2026-08-17T22:54:56Z,1.33
PO16 7RW,SEPD,LV,1,TV5702,18,2026-08-17T21:35:11Z,2026-08-17T22:54:56Z,1.33
PO16 7UL,SEPD,LV,1,TV5702,18,2026-08-17T21:35:11Z,2026-08-17T22:54:56Z,1.33
RG4 6RN,SEPD,LV,1,TV4052,17,2026-08-16T14:30:57Z,2026-08-16T15:50:36Z,1.33
RG4 6SF,SEPD,LV,1,TV4052,17,2026-08-16T14:30:57Z,2026-08-16T15:50:36Z,1.33
RG4 6SL,SEPD,LV,1,TV4052,17,2026-08-16T14:30:57Z,2026-08-16T15:50:36Z,1.33
DT4 7HA,SEPD,LV,1,TV4591,14,2026-08-17T05:11:16Z,2026-08-17T06:30:45Z,1.32
IV17,SHEPD,HV,1,TV6200,145,2026-08-18T09:17:56Z,2026-08-18T10:37:14Z,1.32
IV17 0AJ,SHEPD,HV,1,TV6200,145,2026-08-18T09:17:56Z,2026-08-18T10:37:14Z,1.32
IV17 0AL,SHEPD,HV,1,TV6200,145,2026-08-18T09:17:56Z,2026-08-18T10:37:14Z,1.32
IV17 0PF,SHEPD,HV,1,TV6200,145,2026-08-18T09:17:56Z,2026-08-18T10:37:14Z,1.32
IV17 0SS,SHEPD,HV,1,TV6200,145,2026-08-18T09:17:56Z,2026-08-18T10:37:14Z,1.32
IV17 0UR,SHEPD,HV,1,TV6200,145,2026-08-18T09:17:56Z,2026-08-18T10:37:14Z,1.32
IV17 0UT,SHEPD,HV,1,TV6200,145,2026-08-18T09:17:56Z,2026-08-18T10:37:14Z,1.32
IV17 0UU,SHEPD,HV,1,TV6200,145,2026-08-18T09:17:56Z,2026-08-18T10:37:14Z,1.32
IV17 0UX,SHEPD,HV,1,TV6200,145,2026-08-18T09:17:56Z,2026-08-18T10:37:14Z,1.32
IV17 0UY,SHEPD,HV,1,TV6200,145,2026-08-18T09:17:56Z,2026-08-18T10:37:14Z,1.32
IV17 0WJ,SHEPD,HV,1,TV6200,145,2026-08-18T09:17:56Z,2026-08-18T10:37:14Z,1.32
IV17 0WN,SHEPD,HV,1,TV6200,145,2026-08-18T09:17:56Z,2026-08-18T10:37:14Z,1.32
IV17 0WP,SHEPD,HV,1,TV6200,145,2026-08-18T09:17:56Z,2026-08-18T10:37:14Z,1.32
IV6 7QZ,SHEPD,"LV,HV",2,"TV3521,TV3553",21,2026-08-15T20:58:21Z,2026-08-15T23:48:32Z,1.27
BH23 7ED,SEPD,LV,1,TV7815,3,2026-08-19T10:44:54Z,2026-08-19T12:01:20Z,1.27
GU10 1AA,SEPD,LV,1,TV7905,6,2026-08-19T10:44:54Z,2026-08-19T12:01:20Z,1.27
GU10 1AF,SEPD,LV,1,TV7905,6,2026-08-19T10:44:54Z,2026-08-19T12:01:20Z,1.27
GU10 1AG,SEPD,LV,1,TV7905,6,2026-08-19T10:44:54Z,2026-08-19T12:01:20Z,1.27
GU10 1AJ,SEPD,LV,1,TV7905,6,2026-08-19T10:44:54Z,2026-08-19T12:01:20Z,1.27
GU10 1AQ,SEPD,LV,1,TV7905,6,2026-08-19T10:44:54Z,2026-08-19T12:01:20Z,1.27
GU10 1AR,SEPD,LV,1,TV7905,6,2026-08-19T10:44:54Z,2026-08-19T12:01:20Z,1.27
GU10 1AW,SEPD,LV,1,TV7905,6,2026-08-19T10:44:54Z,2026-08-19T12:01:20Z,1.27
GU10 1BJ,SEPD,LV,1,TV7905,6,2026-08-19T10:44:54Z,2026-08-19T12:01:20Z,1.27
GU10 1BL,SEPD,LV,1,TV7905,6,2026-08-19T10:44:54Z,2026-08-19T12:01:20Z,1.27
GU10 1BP,SEPD,LV,1,TV7905,6,2026-08-19T10:44:54Z,2026-08-19T12:01:20Z,1.27
GU10 1BQ,SEPD,LV,1,TV7905,6,2026-08-19T10:44:54Z,2026-08-19T12:01:20Z,1.27
GU10 1BX,SEPD,LV,1,TV7905,6,2026-08-19T10:44:54Z,2026-08-19T12:01:20Z,1.27
GU10 1DA,SEPD,LV,1,TV7905,6,2026-08-19T10:44:54Z,2026-08-19T12:01:20Z,1.27
IV6 7RS,SHEPD,HV,1,TV3553,19,2026-08-15T22:32:35Z,2026-08-15T23:48:32Z,1.27
PO7 4QS,SEPD,LV,1,TV3870,3,2026-08-16T13:38:51Z,2026-08-16T14:53:47Z,1.25
PO7 6HG,SEPD,LV,1,TV3870,3,2026-08-16T13:38:51Z,2026-08-16T14:53:47Z,1.25
GL54 3PS,SEPD,HV,2,"TV9220,TV9265",100,2026-08-19T23:30:52Z,2026-08-20T02:08:19Z,1.24
GL54 3PT,SEPD,HV,2,"TV9220,TV9265",100,2026-08-19T23:30:52Z,2026-08-20T02:08:19Z,1.24
GL54 3RD,SEPD,HV,2,"TV9220,TV9265",100,2026-08-19T23:30:52Z,2026-08-20T02:08:19Z,1.24
GL54 3RE,SEPD,HV,2,"TV9220,TV9265",100,2026-08-19T23:30:52Z,2026-08-20T02:08:19Z,1.24
GL7 3PU,SEPD,HV,2,"TV9220,TV9265",100,2026-08-19T23:30:52Z,2026-08-20T02:08:19Z,1.24
GL7 3PX,SEPD,HV,2,"TV9220,TV9265",100,2026-08-19T23:30:52Z,2026-08-20T02:08:19Z,1.24
GL7 5AX,SEPD,HV,2,"TV9220,TV9265",100,2026-08-19T23:30:52Z,2026-08-20T02:08:19Z,1.24
PO20 7LG,SEPD,HV,1,TV3283,53,2026-08-15T17:28:33Z,2026-08-15T18:43:04Z,1.24
PO20 7LH,SEPD,HV,1,TV3283,53,2026-08-15T17:28:33Z,2026-08-15T18:43:04Z,1.24
PO20 7LJ,SEPD,HV,1,TV3283,53,2026-08-15T17:28:33Z,2026-08-15T18:43:04Z,1.24
PO20 7LP,SEPD,HV,1,TV3283,53,2026-08-15T17:28:33Z,2026-08-15T18:43:04Z,1.24
PO20 7LQ,SEPD,HV,1,TV3283,53,2026-08-15T17:28:33Z,2026-08-15T18:43:04Z,1.24
RH14 0JJ,SEPD,HV,1,TV3389,36,2026-08-15T17:28:33Z,2026-08-15T18:43:04Z,1.24
RH14 0JL,SEPD,HV,1,TV3389,36,2026-08-15T17:28:33Z,2026-08-15T18:43:04Z,1.24
RH14 0JN,SEPD,HV,1,TV3389,36,2026-08-15T17:28:33Z,2026-08-15T18:43:04Z,1.24
RH14 0JP,SEPD,HV,1,TV3389,36,2026-08-15T17:28:33Z,2026-08-15T18:43:04Z,1.24
RH14 0NH,SEPD,HV,1,TV3389,36,2026-08-15T17:28:33Z,2026-08-15T18:43:04Z,1.24
RH14 0NJ,SEPD,HV,1,TV3389,36,2026-08-15T17:28:33Z,2026-08-15T18:43:04Z,1.24
DD4 7BE,SHEPD,LV,1,TV3599,15,2026-08-16T09:44:43Z,2026-08-16T10:58:33Z,1.23
DD4 7BH,SHEPD,LV,1,TV3599,15,2026-08-16T09:44:43Z,2026-08-16T10:58:33Z,1.23
DD4 7EL,SHEPD,LV,1,TV3599,15,2026-08-16T09:44:43Z,2026-08-16T10:58:33Z,1.23
DD4 7EN,SHEPD,LV,1,TV3599,15,2026-08-16T09:44:43Z,2026-08-16T10:58:33Z,1.23
DD4 7EP,SHEPD,LV,1,TV3599,15,2026-08-16T09:44:43Z,2026-08-16T10:58:33Z,1.23
DD4 7ER,SHEPD,LV,1,TV3599,15,2026-08-16T09:44:43Z,2026-08-16T10:58:33Z,1.23
PO2 8NF,SEPD,LV,1,TV3930,19,2026-08-16T15:29:24Z,2026-08-16T16:42:14Z,1.21
PO2 8NH,SEPD,LV,1,TV3930,19,2026-08-16T15:29:24Z,2026-08-16T16:42:14Z,1.21
PO30 1AW,SEPD,LV,1,TV7686,15,2026-08-19T07:47:42Z,2026-08-19T08:59:42Z,1.2
PO30 1XP,SEPD,LV,1,TV7686,15,2026-08-19T07:47:42Z,2026-08-19T08:59:42Z,1.2
PO30 1XR,SEPD,LV,1,TV7686,15,2026-08-19T07:47:42Z,2026-08-19T08:59:42Z,1.2
PO30 1XW,SEPD,LV,1,TV7686,15,2026-08-19T07:47:42Z,2026-08-19T08:59:42Z,1.2
PH5 2BH,SHEPD,HV,1,TV8938,39,2026-08-19T17:45:47Z,2026-08-19T18:55:23Z,1.16
PH5 2BJ,SHEPD,HV,1,TV8938,39,2026-08-19T17:45:47Z,2026-08-19T18:55:23Z,1.16
PH7 3QP,SHEPD,HV,1,TV8938,39,2026-08-19T17:45:47Z,2026-08-19T18:55:23Z,1.16
PH7 3RF,SHEPD,HV,1,TV8938,39,2026-08-19T17:45:47Z,2026-08-19T18:55:23Z,1.16
PH7 3RH,SHEPD,HV,1,TV8938,39,2026-08-19T17:45:47Z,2026-08-19T18:55:23Z,1.16
GU3 1AE,SEPD,LV,1,TW2236,13,2026-08-21T15:18:16Z,2026-08-21T16:26:26Z,1.14
GU3 1AT,SEPD,LV,1,TW2236,13,2026-08-21T15:18:16Z,2026-08-21T16:26:26Z,1.14
GU3 1AU,SEPD,LV,1,TW2236,13,2026-08-21T15:18:16Z,2026-08-21T16:26:26Z,1.14
GU3 1AX,SEPD,LV,1,TW2236,13,2026-08-21T15:18:16Z,2026-08-21T16:26:26Z,1.14
GU3 1BA,SEPD,LV,1,TW2236,13,2026-08-21T15:18:16Z,2026-08-21T16:26:26Z,1.14
AB21 7AQ,SHEPD,HV,1,TV8020,4,2026-08-19T10:04:43Z,2026-08-19T11:11:48Z,1.12
AB22 8NJ,SHEPD,HV,1,TV8020,4,2026-08-19T10:04:43Z,2026-08-19T11:11:48Z,1.12
PH5 2BL,SHEPD,HV,1,TV8938,39,2026-08-19T19:32:34Z,2026-08-19T20:37:06Z,1.08
PH5 2BN,SHEPD,HV,1,TV8938,39,2026-08-19T19:32:34Z,2026-08-19T20:37:06Z,1.08
PH7 3QL,SHEPD,HV,1,TV8938,39,2026-08-19T19:32:34Z,2026-08-19T20:37:06Z,1.08
PH7 3QN,SHEPD,HV,1,TV8938,39,2026-08-19T19:32:34Z,2026-08-19T20:37:06Z,1.08
PH7 3QW,SHEPD,HV,1,TV8938,39,2026-08-19T19:32:34Z,2026-08-19T20:37:06Z,1.08
SO24 9HD,SEPD,HV,1,TW2657,1201,2026-08-22T06:54:47Z,2026-08-22T07:59:51Z,1.08
SO24 9HE,SEPD,HV,1,TW2657,1201,2026-08-22T06:54:47Z,2026-08-22T07:59:51Z,1.08
SO24 9JT,SEPD,HV,1,TW2657,1201,2026-08-22T06:54:47Z,2026-08-22T07:59:51Z,1.08
SO24 9JW,SEPD,HV,1,TW2657,1201,2026-08-22T06:54:47Z,2026-08-22T07:59:51Z,1.08
SO24 9LD,SEPD,HV,1,TW2657,1201,2026-08-22T06:54:47Z,2026-08-22T07:59:51Z,1.08
SO24 9LE,SEPD,HV,1,TW2657,1201,2026-08-22T06:54:47Z,2026-08-22T07:59:51Z,1.08
SO24 9NF,SEPD,HV,1,TW2657,1201,2026-08-22T06:54:47Z,2026-08-22T07:59:51Z,1.08
SO24 9NG,SEPD,HV,1,TW2657,1201,2026-08-22T06:54:47Z,2026-08-22T07:59:51Z,1.08
PO19 7DB,SEPD,LV,1,TV7163,25,2026-08-18T16:44:14Z,2026-08-18T17:48:35Z,1.07
PO19 7HY,SEPD,LV,1,TV7163,25,2026-08-18T16:44:14Z,2026-08-18T17:48:35Z,1.07
PO19 7HZ,SEPD,LV,1,TV7163,25,2026-08-18T16:44:14Z,2026-08-18T17:48:35Z,1.07
PO19 7JA,SEPD,LV,1,TV7163,25,2026-08-18T16:44:14Z,2026-08-18T17:48:35Z,1.07
SP3 5AG,SEPD,HV,2,"TV7529,TV7530",230,2026-08-19T04:59:22Z,2026-08-19T06:01:52Z,1.04
SP3 5LX,SEPD,HV,2,"TV7529,TV7530",230,2026-08-19T04:59:22Z,2026-08-19T06:01:52Z,1.04
SP3 5LY,SEPD,HV,2,"TV7529,TV7530",230,2026-08-19T04:59:22Z,2026-08-19T06:01:52Z,1.04
SP3 5LZ,SEPD,HV,2,"TV7529,TV7530",230,2026-08-19T04:59:22Z,2026-08-19T06:01:52Z,1.04
SP3 5ND,SEPD,HV,2,"TV7529,TV7530",230,2026-08-19T04:59:22Z,2026-08-19T06:01:52Z,1.04
SP3 5NE,SEPD,HV,2,"TV7529,TV7530",230,2026-08-19T04:59:22Z,2026-08-19T06:01:52Z,1.04
SP3 5NF,SEPD,HV,2,"TV7529,TV7530",230,2026-08-19T04:59:22Z,2026-08-19T06:01:52Z,1.04
SP3 5NG,SEPD,HV,2,"TV7529,TV7530",230,2026-08-19T04:59:22Z,2026-08-19T06:01:52Z,1.04
SP3 5NJ,SEPD,HV,2,"TV7529,TV7530",230,2026-08-19T04:59:22Z,2026-08-19T06:01:52Z,1.04
SP3 5NU,SEPD,HV,2,"TV7529,TV7530",230,2026-08-19T04:59:22Z,2026-08-19T06:01:52Z,1.04
SP3 5NX,SEPD,HV,2,"TV7529,TV7530",230,2026-08-19T04:59:22Z,2026-08-19T06:01:52Z,1.04
SP3 5NY,SEPD,HV,2,"TV7529,TV7530",230,2026-08-19T04:59:22Z,2026-08-19T06:01:52Z,1.04
SP3 5PA,SEPD,HV,2,"TV7529,TV7530",230,2026-08-19T04:59:22Z,2026-08-19T06:01:52Z,1.04
SP3 5PB,SEPD,HV,2,"TV7529,TV7530",230,2026-08-19T04:59:22Z,2026-08-19T06:01:52Z,1.04
SP3 5PD,SEPD,HV,2,"TV7529,TV7530",230,2026-08-19T04:59:22Z,2026-08-19T06:01:52Z,1.04
SP3 5PE,SEPD,HV,2,"TV7529,TV7530",230,2026-08-19T04:59:22Z,2026-08-19T06:01:52Z,1.04
SP3 5PF,SEPD,HV,2,"TV7529,TV7530",230,2026-08-19T04:59:22Z,2026-08-19T06:01:52Z,1.04
SP3 5PG,SEPD,HV,2,"TV7529,TV7530",230,2026-08-19T04:59:22Z,2026-08-19T06:01:52Z,1.04
SP3 5PH,SEPD,HV,2,"TV7529,TV7530",230,2026-08-19T04:59:22Z,2026-08-19T06:01:52Z,1.04
SP3 5PJ,SEPD,HV,2,"TV7529,TV7530",230,2026-08-19T04:59:22Z,2026-08-19T06:01:52Z,1.04
SP3 5PL,SEPD,HV,2,"TV7529,TV7530",230,2026-08-19T04:59:22Z,2026-08-19T06:01:52Z,1.04
SP3 5PP,SEPD,HV,2,"TV7529,TV7530",230,2026-08-19T04:59:22Z,2026-08-19T06:01:52Z,1.04
SP3 5PQ,SEPD,HV,2,"TV7529,TV7530",230,2026-08-19T04:59:22Z,2026-08-19T06:01:52Z,1.04
SP3 5QD,SEPD,HV,2,"TV7529,TV7530",230,2026-08-19T04:59:22Z,2026-08-19T06:01:52Z,1.04
SP3 5QH,SEPD,HV,2,"TV7529,TV7530",230,2026-08-19T04:59:22Z,2026-08-19T06:01:52Z,1.04
SP5 1AW,SEPD,HV,2,"TV7529,TV7530",230,2026-08-19T04:59:22Z,2026-08-19T06:01:52Z,1.04
SP5 5HT,SEPD,HV,2,"TV7529,TV7530",230,2026-08-19T04:59:22Z,2026-08-19T06:01:52Z,1.04
SO24 9FZ,SEPD,HV,1,TW2657,1201,2026-08-22T07:38:20Z,2026-08-22T08:40:35Z,1.04
SO24 9HF,SEPD,HV,1,TW2657,1201,2026-08-22T07:38:20Z,2026-08-22T08:40:35Z,1.04
SO24 9HG,SEPD,HV,1,TW2657,1201,2026-08-22T07:38:20Z,2026-08-22T08:40:35Z,1.04
SO24 9HN,SEPD,HV,1,TW2657,1201,2026-08-22T07:38:20Z,2026-08-22T08:40:35Z,1.04
SO24 9HQ,SEPD,HV,1,TW2657,1201,2026-08-22T07:38:20Z,2026-08-22T08:40:35Z,1.04
SO24 9HU,SEPD,HV,1,TW2657,1201,2026-08-22T07:38:20Z,2026-08-22T08:40:35Z,1.04
SO24 9HW,SEPD,HV,1,TW2657,1201,2026-08-22T07:38:20Z,2026-08-22T08:40:35Z,1.04
SO24 9HX,SEPD,HV,1,TW2657,1201,2026-08-22T07:38:20Z,2026-08-22T08:40:35Z,1.04
SO24 9HY,SEPD,HV,1,TW2657,1201,2026-08-22T07:38:20Z,2026-08-22T08:40:35Z,1.04
SO24 9HZ,SEPD,HV,1,TW2657,1201,2026-08-22T07:38:20Z,2026-08-22T08:40:35Z,1.04
SO24 9JB,SEPD,HV,1,TW2657,1201,2026-08-22T07:38:20Z,2026-08-22T08:40:35Z,1.04
SO24 9JF,SEPD,HV,1,TW2657,1201,2026-08-22T07:38:20Z,2026-08-22T08:40:35Z,1.04
SO24 9JU,SEPD,HV,1,TW2657,1201,2026-08-22T07:38:20Z,2026-08-22T08:40:35Z,1.04
SO24 9JX,SEPD,HV,1,TW2657,1201,2026-08-22T07:38:20Z,2026-08-22T08:40:35Z,1.04
SO24 9JY,SEPD,HV,1,TW2657,1201,2026-08-22T07:38:20Z,2026-08-22T08:40:35Z,1.04
SO24 9LA,SEPD,HV,1,TW2657,1201,2026-08-22T07:38:20Z,2026-08-22T08:40:35Z,1.04
SO24 9LF,SEPD,HV,1,TW2657,1201,2026-08-22T07:38:20Z,2026-08-22T08:40:35Z,1.04
SO24 9LG,SEPD,HV,1,TW2657,1201,2026-08-22T07:38:20Z,2026-08-22T08:40:35Z,1.04
SO24 9LH,SEPD,HV,1,TW2657,1201,2026-08-22T07:38:20Z,2026-08-22T08:40:35Z,1.04
SO24 9LJ,SEPD,HV,1,TW2657,1201,2026-08-22T07:38:20Z,2026-08-22T08:40:35Z,1.04
SO24 9LL,SEPD,HV,1,TW2657,1201,2026-08-22T07:38:20Z,2026-08-22T08:40:35Z,1.04
SO24 9LN,SEPD,HV,1,TW2657,1201,2026-08-22T07:38:20Z,2026-08-22T08:40:35Z,1.04
SO24 9LP,SEPD,HV,1,TW2657,1201,2026-08-22T07:38:20Z,2026-08-22T08:40:35Z,1.04
SO24 9LQ,SEPD,HV,1,TW2657,1201,2026-08-22T07:38:20Z,2026-08-22T08:40:35Z,1.04
SO24 9LW,SEPD,HV,1,TW2657,1201,2026-08-22T07:38:20Z,2026-08-22T08:40:35Z,1.04
SO24 9NB,SEPD,HV,1,TW2657,1201,2026-08-22T07:38:20Z,2026-08-22T08:40:35Z,1.04
SO24 9ND,SEPD,HV,1,TW2657,1201,2026-08-22T07:38:20Z,2026-08-22T08:40:35Z,1.04
SO24 9NE,SEPD,HV,1,TW2657,1201,2026-08-22T07:38:20Z,2026-08-22T08:40:35Z,1.04
SO24 9NH,SEPD,HV,1,TW2657,1201,2026-08-22T07:38:20Z,2026-08-22T08:40:35Z,1.04
SO24 9NJ,SEPD,HV,1,TW2657,1201,2026-08-22T07:38:20Z,2026-08-22T08:40:35Z,1.04
SO24 9NL,SEPD,HV,1,TW2657,1201,2026-08-22T07:38:20Z,2026-08-22T08:40:35Z,1.04
SO24 9NN,SEPD,HV,1,TW2657,1201,2026-08-22T07:38:20Z,2026-08-22T08:40:35Z,1.04
SO24 9NP,SEPD,HV,1,TW2657,1201,2026-08-22T07:38:20Z,2026-08-22T08:40:35Z,1.04
SO24 9NQ,SEPD,HV,1,TW2657,1201,2026-08-22T07:38:20Z,2026-08-22T08:40:35Z,1.04
SO24 9NR,SEPD,HV,1,TW2657,1201,2026-08-22T07:38:20Z,2026-08-22T08:40:35Z,1.04
SO24 9PA,SEPD,HV,1,TW2657,1201,2026-08-22T07:38:20Z,2026-08-22T08:40:35Z,1.04
SO24 9PD,SEPD,HV,1,TW2657,1201,2026-08-22T07:38:20Z,2026-08-22T08:40:35Z,1.04
SO24 9PE,SEPD,HV,1,TW2657,1201,2026-08-22T07:38:20Z,2026-08-22T08:40:35Z,1.04
SO24 9PF,SEPD,HV,1,TW2657,1201,2026-08-22T07:38:20Z,2026-08-22T08:40:35Z,1.04
SO24 9PG,SEPD,HV,1,TW2657,1201,2026-08-22T07:38:20Z,2026-08-22T08:40:35Z,1.04
SO24 9PH,SEPD,HV,1,TW2657,1201,2026-08-22T07:38:20Z,2026-08-22T08:40:35Z,1.04
SO24 9PJ,SEPD,HV,1,TW2657,1201,2026-08-22T07:38:20Z,2026-08-22T08:40:35Z,1.04
SO24 9PL,SEPD,HV,1,TW2657,1201,2026-08-22T07:38:20Z,2026-08-22T08:40:35Z,1.04
SO24 9PN,SEPD,HV,1,TW2657,1201,2026-08-22T07:38:20Z,2026-08-22T08:40:35Z,1.04
SO24 9PP,SEPD,HV,1,TW2657,1201,2026-08-22T07:38:20Z,2026-08-22T08:40:35Z,1.04
SO24 9PQ,SEPD,HV,1,TW2657,1201,2026-08-22T07:38:20Z,2026-08-22T08:40:35Z,1.04
SO24 9PR,SEPD,HV,1,TW2657,1201,2026-08-22T07:38:20Z,2026-08-22T08:40:35Z,1.04
SO24 9PS,SEPD,HV,1,TW2657,1201,2026-08-22T07:38:20Z,2026-08-22T08:40:35Z,1.04
SO24 9PT,SEPD,HV,1,TW2657,1201,2026-08-22T07:38:20Z,2026-08-22T08:40:35Z,1.04
SO24 9PU,SEPD,HV,1,TW2657,1201,2026-08-22T07:38:20Z,2026-08-22T08:40:35Z,1.04
SO24 9PW,SEPD,HV,1,TW2657,1201,2026-08-22T07:38:20Z,2026-08-22T08:40:35Z,1.04
SO24 9PX,SEPD,HV,1,TW2657,1201,2026-08-22T07:38:20Z,2026-08-22T08:40:35Z,1.04
SO24 9PY,SEPD,HV,1,TW2657,1201,2026-08-22T07:38:20Z,2026-08-22T08:40:35Z,1.04
SO24 9QE,SEPD,HV,1,TW2657,1201,2026-08-22T07:38:20Z,2026-08-22T08:40:35Z,1.04
SO24 9QF,SEPD,HV,1,TW2657,1201,2026-08-22T07:38:20Z,2026-08-22T08:40:35Z,1.04
SO24 9QH,SEPD,HV,1,TW2657,1201,2026-08-22T07:38:20Z,2026-08-22T08:40:35Z,1.04
SO24 9QP,SEPD,HV,1,TW2657,1201,2026-08-22T07:38:20Z,2026-08-22T08:40:35Z,1.04
SO24 9SL,SEPD,HV,1,TW2657,1201,2026-08-22T07:38:20Z,2026-08-22T08:40:35Z,1.04
SO24 9UG,SEPD,HV,1,TW2657,1201,2026-08-22T07:38:20Z,2026-08-22T08:40:35Z,1.04
SO24 9UH,SEPD,HV,1,TW2657,1201,2026-08-22T07:38:20Z,2026-08-22T08:40:35Z,1.04
SO24 9XE,SEPD,HV,1,TW2657,1201,2026-08-22T07:38:20Z,2026-08-22T08:40:35Z,1.04
SO24 9XF,SEPD,HV,1,TW2657,1201,2026-08-22T07:38:20Z,2026-08-22T08:40:35Z,1.04
GU15 3AD,SEPD,HV,1,TV3588,7,2026-08-16T01:53:27Z,2026-08-16T02:54:59Z,1.03
GU15 3AE,SEPD,HV,1,TV3588,7,2026-08-16T01:53:27Z,2026-08-16T02:54:59Z,1.03
GU15 3AJ,SEPD,HV,1,TV3588,7,2026-08-16T01:53:27Z,2026-08-16T02:54:59Z,1.03
GU15 3AQ,SEPD,HV,1,TV3588,7,2026-08-16T01:53:27Z,2026-08-16T02:54:59Z,1.03
GU15 3BH,SEPD,HV,1,TV3588,7,2026-08-16T01:53:27Z,2026-08-16T02:54:59Z,1.03
GU15 3BJ,SEPD,HV,1,TV3588,7,2026-08-16T01:53:27Z,2026-08-16T02:54:59Z,1.03
GU15 3BL,SEPD,HV,1,TV3588,7,2026-08-16T01:53:27Z,2026-08-16T02:54:59Z,1.03
GU15 3BT,SEPD,HV,1,TV3588,7,2026-08-16T01:53:27Z,2026-08-16T02:54:59Z,1.03
GU15 3BW,SEPD,HV,1,TV3588,7,2026-08-16T01:53:27Z,2026-08-16T02:54:59Z,1.03
GU15 3DR,SEPD,HV,1,TV3588,7,2026-08-16T01:53:27Z,2026-08-16T02:54:59Z,1.03
GU15 3DS,SEPD,HV,1,TV3588,7,2026-08-16T01:53:27Z,2026-08-16T02:54:59Z,1.03
GU15 3DX,SEPD,HV,1,TV3588,7,2026-08-16T01:53:27Z,2026-08-16T02:54:59Z,1.03
GU15 3DY,SEPD,HV,1,TV3588,7,2026-08-16T01:53:27Z,2026-08-16T02:54:59Z,1.03
GU15 3DZ,SEPD,HV,1,TV3588,7,2026-08-16T01:53:27Z,2026-08-16T02:54:59Z,1.03
GU15 3EA,SEPD,HV,1,TV3588,7,2026-08-16T01:53:27Z,2026-08-16T02:54:59Z,1.03
GU15 3EB,SEPD,HV,1,TV3588,7,2026-08-16T01:53:27Z,2026-08-16T02:54:59Z,1.03
GU15 3ED,SEPD,HV,1,TV3588,7,2026-08-16T01:53:27Z,2026-08-16T02:54:59Z,1.03
GU15 3EE,SEPD,HV,1,TV3588,7,2026-08-16T01:53:27Z,2026-08-16T02:54:59Z,1.03
GU15 3JE,SEPD,HV,1,TV3588,7,2026-08-16T01:53:27Z,2026-08-16T02:54:59Z,1.03
AB39 3TH,SHEPD,PSI,1,253554,9,2026-08-21T10:03:15Z,2026-08-21T11:04:20Z,1.02
RG31 7DY,SEPD,LV,1,TV7179,26,2026-08-18T17:14:31Z,2026-08-18T18:15:41Z,1.02
RG31 7EB,SEPD,LV,1,TV7179,26,2026-08-18T17:14:31Z,2026-08-18T18:15:41Z,1.02
RG31 7ED,SEPD,LV,1,TV7179,26,2026-08-18T17:14:31Z,2026-08-18T18:15:41Z,1.02
RG31 7EL,SEPD,LV,1,TV7179,26,2026-08-18T17:14:31Z,2026-08-18T18:15:41Z,1.02
RG31 7EZ,SEPD,LV,1,TV7179,26,2026-08-18T17:14:31Z,2026-08-18T18:15:41Z,1.02
HP12 4SX,SEPD,LV,1,TW2565,13,2026-08-22T04:41:25Z,2026-08-22T05:40:59Z,0.99
AB41 7NR,SHEPD,LV,1,TV9095,3,2026-08-19T20:37:06Z,2026-08-19T21:35:18Z,0.97
BA12 8EJ,SEPD,LV,1,TV7305,32,2026-08-18T19:57:03Z,2026-08-18T20:55:12Z,0.97
BA12 8EL,SEPD,LV,1,TV7305,32,2026-08-18T19:57:03Z,2026-08-18T20:55:12Z,0.97
BA12 8HS,SEPD,LV,1,TV7305,32,2026-08-18T19:57:03Z,2026-08-18T20:55:12Z,0.97
BA12 8SA,SEPD,LV,1,TV7305,32,2026-08-18T19:57:03Z,2026-08-18T20:55:12Z,0.97
BA12 8SE,SEPD,LV,1,TV7305,32,2026-08-18T19:57:03Z,2026-08-18T20:55:12Z,0.97
BA12 8SF,SEPD,LV,1,TV7305,32,2026-08-18T19:57:03Z,2026-08-18T20:55:12Z,0.97
DT2 8DN,SEPD,HV,1,TV6674,12,2026-08-18T11:01:30Z,2026-08-18T11:59:52Z,0.97
DT2 8DP,SEPD,HV,1,TV6674,12,2026-08-18T11:01:30Z,2026-08-18T11:59:52Z,0.97
DT2 8NF,SEPD,HV,1,TV6674,12,2026-08-18T11:01:30Z,2026-08-18T11:59:52Z,0.97
DT2 8NG,SEPD,HV,1,TV6674,12,2026-08-18T11:01:30Z,2026-08-18T11:59:52Z,0.97
DT2 8NJ,SEPD,HV,1,TV6674,12,2026-08-18T11:01:30Z,2026-08-18T11:59:52Z,0.97
DT2 8NQ,SEPD,HV,1,TV6674,12,2026-08-18T11:01:30Z,2026-08-18T11:59:52Z,0.97
GU51 4SX,SEPD,LV,1,TV9101,7,2026-08-19T20:37:06Z,2026-08-19T21:35:18Z,0.97
OX14,SEPD,HV,1,TW1826,740,2026-08-21T11:04:20Z,2026-08-21T12:02:32Z,0.97
OX33 1JE,SEPD,HV,1,TW1826,740,2026-08-21T11:04:20Z,2026-08-21T12:02:32Z,0.97
OX33 1JG,SEPD,HV,1,TW1826,740,2026-08-21T11:04:20Z,2026-08-21T12:02:32Z,0.97
OX33 1JH,SEPD,HV,1,TW1826,740,2026-08-21T11:04:20Z,2026-08-21T12:02:32Z,0.97
OX33 1JL,SEPD,HV,1,TW1826,740,2026-08-21T11:04:20Z,2026-08-21T12:02:32Z,0.97
OX33 1LH,SEPD,HV,1,TW1826,740,2026-08-21T11:04:20Z,2026-08-21T12:02:32Z,0.97
OX33 1LJ,SEPD,HV,1,TW1826,740,2026-08-21T11:04:20Z,2026-08-21T12:02:32Z,0.97
OX33 1YZ,SEPD,HV,1,TW1826,740,2026-08-21T11:04:20Z,2026-08-21T12:02:32Z,0.97
OX44 7BG,SEPD,HV,1,TW1826,740,2026-08-21T11:04:20Z,2026-08-21T12:02:32Z,0.97
OX44 7JB,SEPD,HV,1,TW1826,740,2026-08-21T11:04:20Z,2026-08-21T12:02:32Z,0.97
OX44 7JE,SEPD,HV,1,TW1826,740,2026-08-21T11:04:20Z,2026-08-21T12:02:32Z,0.97
OX44 7JF,SEPD,HV,1,TW1826,740,2026-08-21T11:04:20Z,2026-08-21T12:02:32Z,0.97
OX44 7JG,SEPD,HV,1,TW1826,740,2026-08-21T11:04:20Z,2026-08-21T12:02:32Z,0.97
OX44 7JJ,SEPD,HV,1,TW1826,740,2026-08-21T11:04:20Z,2026-08-21T12:02:32Z,0.97
OX44 7JL,SEPD,HV,1,TW1826,740,2026-08-21T11:04:20Z,2026-08-21T12:02:32Z,0.97
OX44 7JN,SEPD,HV,1,TW1826,740,2026-08-21T11:04:20Z,2026-08-21T12:02:32Z,0.97
OX44 7JP,SEPD,HV,1,TW1826,740,2026-08-21T11:04:20Z,2026-08-21T12:02:32Z,0.97
OX44 7JQ,SEPD,HV,1,TW1826,740,2026-08-21T11:04:20Z,2026-08-21T12:02:32Z,0.97
OX44 7JR,SEPD,HV,1,TW1826,740,2026-08-21T11:04:20Z,2026-08-21T12:02:32Z,0.97
OX44 7JS,SEPD,HV,1,TW1826,740,2026-08-21T11:04:20Z,2026-08-21T12:02:32Z,0.97
OX44 7JT,SEPD,HV,1,TW1826,740,2026-08-21T11:04:20Z,2026-08-21T12:02:32Z,0.97
OX44 7JU,SEPD,HV,1,TW1826,740,2026-08-21T11:04:20Z,2026-08-21T12:02:32Z,0.97
OX44 7JW,SEPD,HV,1,TW1826,740,2026-08-21T11:04:20Z,2026-08-21T12:02:32Z,0.97
OX44 7JX,SEPD,HV,1,TW1826,740,2026-08-21T11:04:20Z,2026-08-21T12:02:32Z,0.97
OX44 7JY,SEPD,HV,1,TW1826,740,2026-08-21T11:04:20Z,2026-08-21T12:02:32Z,0.97
OX44 7JZ,SEPD,HV,1,TW1826,740,2026-08-21T11:04:20Z,2026-08-21T12:02:32Z,0.97
OX44 7LA,SEPD,HV,1,TW1826,740,2026-08-21T11:04:20Z,2026-08-21T12:02:32Z,0.97
OX44 7LB,SEPD,HV,1,TW1826,740,2026-08-21T11:04:20Z,2026-08-21T12:02:32Z,0.97
OX44 7LD,SEPD,HV,1,TW1826,740,2026-08-21T11:04:20Z,2026-08-21T12:02:32Z,0.97
OX44 7LE,SEPD,HV,1,TW1826,740,2026-08-21T11:04:20Z,2026-08-21T12:02:32Z,0.97
OX44 7LF,SEPD,HV,1,TW1826,740,2026-08-21T11:04:20Z,2026-08-21T12:02:32Z,0.97
OX44 7LG,SEPD,HV,1,TW1826,740,2026-08-21T11:04:20Z,2026-08-21T12:02:32Z,0.97
OX44 7LH,SEPD,HV,1,TW1826,740,2026-08-21T11:04:20Z,2026-08-21T12:02:32Z,0.97
OX44 7LJ,SEPD,HV,1,TW1826,740,2026-08-21T11:04:20Z,2026-08-21T12:02:32Z,0.97
OX44 7LL,SEPD,HV,1,TW1826,740,2026-08-21T11:04:20Z,2026-08-21T12:02:32Z,0.97
OX44 7LN,SEPD,HV,1,TW1826,740,2026-08-21T11:04:20Z,2026-08-21T12:02:32Z,0.97
OX44 7LP,SEPD,HV,1,TW1826,740,2026-08-21T11:04:20Z,2026-08-21T12:02:32Z,0.97
OX44 7LQ,SEPD,HV,1,TW1826,740,2026-08-21T11:04:20Z,2026-08-21T12:02:32Z,0.97
OX44 7LR,SEPD,HV,1,TW1826,740,2026-08-21T11:04:20Z,2026-08-21T12:02:32Z,0.97
OX44 7LS,SEPD,HV,1,TW1826,740,2026-08-21T11:04:20Z,2026-08-21T12:02:32Z,0.97
OX44 7LU,SEPD,HV,1,TW1826,740,2026-08-21T11:04:20Z,2026-08-21T12:02:32Z,0.97
OX44 7LW,SEPD,HV,1,TW1826,740,2026-08-21T11:04:20Z,2026-08-21T12:02:32Z,0.97
OX44 7NN,SEPD,HV,1,TW1826,740,2026-08-21T11:04:20Z,2026-08-21T12:02:32Z,0.97
OX44 7NR,SEPD,HV,1,TW1826,740,2026-08-21T11:04:20Z,2026-08-21T12:02:32Z,0.97
OX44 7NW,SEPD,HV,1,TW1826,740,2026-08-21T11:04:20Z,2026-08-21T12:02:32Z,0.97
OX44 7PD,SEPD,HV,1,TW1826,740,2026-08-21T11:04:20Z,2026-08-21T12:02:32Z,0.97
OX44 7PE,SEPD,HV,1,TW1826,740,2026-08-21T11:04:20Z,2026-08-21T12:02:32Z,0.97
OX44 7PF,SEPD,HV,1,TW1826,740,2026-08-21T11:04:20Z,2026-08-21T12:02:32Z,0.97
OX44 7PU,SEPD,HV,1,TW1826,740,2026-08-21T11:04:20Z,2026-08-21T12:02:32Z,0.97
OX44 7PX,SEPD,HV,1,TW1826,740,2026-08-21T11:04:20Z,2026-08-21T12:02:32Z,0.97
OX44 7PY,SEPD,HV,1,TW1826,740,2026-08-21T11:04:20Z,2026-08-21T12:02:32Z,0.97
OX44 7PZ,SEPD,HV,1,TW1826,740,2026-08-21T11:04:20Z,2026-08-21T12:02:32Z,0.97
OX44 7QA,SEPD,HV,1,TW1826,740,2026-08-21T11:04:20Z,2026-08-21T12:02:32Z,0.97
OX44 7QP,SEPD,HV,1,TW1826,740,2026-08-21T11:04:20Z,2026-08-21T12:02:32Z,0.97
OX44 9HQ,SEPD,HV,1,TW1826,740,2026-08-21T11:04:20Z,2026-08-21T12:02:32Z,0.97
PA34,SHEPD,HV,1,TV5422,135,2026-08-17T14:13:30Z,2026-08-17T15:11:57Z,0.97
PA34 5UU,SHEPD,HV,1,TV5422,135,2026-08-17T14:13:30Z,2026-08-17T15:11:57Z,0.97
PA34 5XE,SHEPD,HV,1,TV5422,135,2026-08-17T14:13:30Z,2026-08-17T15:11:57Z,0.97
PA34 5XU,SHEPD,HV,1,TV5422,135,2026-08-17T14:13:30Z,2026-08-17T15:11:57Z,0.97
PA34 5XY,SHEPD,HV,1,TV5422,135,2026-08-17T14:13:30Z,2026-08-17T15:11:57Z,0.97
PA34 5XZ,SHEPD,HV,1,TV5422,135,2026-08-17T14:13:30Z,2026-08-17T15:11:57Z,0.97
PA80 5AB,SHEPD,HV,1,TV5422,135,2026-08-17T14:13:30Z,2026-08-17T15:11:57Z,0.97
PA80 5UY,SHEPD,HV,1,TV5422,135,2026-08-17T14:13:30Z,2026-08-17T15:11:57Z,0.97
PA80 5XU,SHEPD,HV,1,TV5422,135,2026-08-17T14:13:30Z,2026-08-17T15:11:57Z,0.97
PA80 5XY,SHEPD,HV,1,TV5422,135,2026-08-17T14:13:30Z,2026-08-17T15:11:57Z,0.97
PA80 5XZ,SHEPD,HV,1,TV5422,135,2026-08-17T14:13:30Z,2026-08-17T15:11:57Z,0.97
PO17 5EA,SEPD,LV,1,TW1818,23,2026-08-21T11:04:20Z,2026-08-21T12:02:32Z,0.97
PO17 5EB,SEPD,LV,1,TW1818,23,2026-08-21T11:04:20Z,2026-08-21T12:02:32Z,0.97
PO17 5ED,SEPD,LV,1,TW1818,23,2026-08-21T11:04:20Z,2026-08-21T12:02:32Z,0.97
PO17 5EL,SEPD,LV,1,TW1818,23,2026-08-21T11:04:20Z,2026-08-21T12:02:32Z,0.97
PO17 5EP,SEPD,LV,1,TW1818,23,2026-08-21T11:04:20Z,2026-08-21T12:02:32Z,0.97
PO8 8EZ,SEPD,LV,1,TV5405,18,2026-08-17T14:13:30Z,2026-08-17T15:11:57Z,0.97
PO8 8HB,SEPD,LV,1,TV5405,18,2026-08-17T14:13:30Z,2026-08-17T15:11:57Z,0.97
PO8 9DG,SEPD,LV,1,TV5405,18,2026-08-17T14:13:30Z,2026-08-17T15:11:57Z,0.97
PO8 9DQ,SEPD,LV,1,TV5405,18,2026-08-17T14:13:30Z,2026-08-17T15:11:57Z,0.97
SO22 5AY,SEPD,LV,1,TV8787,22,2026-08-19T20:37:06Z,2026-08-19T21:35:18Z,0.97
SO22 5AZ,SEPD,LV,1,TV8787,22,2026-08-19T20:37:06Z,2026-08-19T21:35:18Z,0.97
SO22 5HE,SEPD,LV,1,TV8787,22,2026-08-19T20:37:06Z,2026-08-19T21:35:18Z,0.97
SO22 5HJ,SEPD,LV,1,TV8787,22,2026-08-19T20:37:06Z,2026-08-19T21:35:18Z,0.97
SO22 5HN,SEPD,LV,1,TV8787,22,2026-08-19T20:37:06Z,2026-08-19T21:35:18Z,0.97
SO22 5HP,SEPD,LV,1,TV8787,22,2026-08-19T20:37:06Z,2026-08-19T21:35:18Z,0.97
SO22 5HQ,SEPD,LV,1,TV8787,22,2026-08-19T20:37:06Z,2026-08-19T21:35:18Z,0.97
SO22 5HR,SEPD,LV,1,TV8787,22,2026-08-19T20:37:06Z,2026-08-19T21:35:18Z,0.97
SO22 5HW,SEPD,LV,1,TV8787,22,2026-08-19T20:37:06Z,2026-08-19T21:35:18Z,0.97
PO30 2EN,SEPD,HV,1,TV9446,5,2026-08-20T06:26:49Z,2026-08-20T07:24:35Z,0.96
PO30 2EP,SEPD,HV,1,TV9446,5,2026-08-20T06:26:49Z,2026-08-20T07:24:35Z,0.96
PO30 2EW,SEPD,HV,1,TV9446,5,2026-08-20T06:26:49Z,2026-08-20T07:24:35Z,0.96
PO30 2JU,SEPD,HV,1,TV9446,5,2026-08-20T06:26:49Z,2026-08-20T07:24:35Z,0.96
PO30 2LB,SEPD,HV,1,TV9446,5,2026-08-20T06:26:49Z,2026-08-20T07:24:35Z,0.96
PO33 2AD,SEPD,LV,1,TV8095,29,2026-08-19T10:44:54Z,2026-08-19T11:42:00Z,0.95
PO33 2AE,SEPD,LV,1,TV8095,29,2026-08-19T10:44:54Z,2026-08-19T11:42:00Z,0.95
PO33 2AT,SEPD,LV,1,TV8095,29,2026-08-19T10:44:54Z,2026-08-19T11:42:00Z,0.95
PO33 2EN,SEPD,LV,1,TV8095,29,2026-08-19T10:44:54Z,2026-08-19T11:42:00Z,0.95
PO33 2ER,SEPD,LV,1,TV8095,29,2026-08-19T10:44:54Z,2026-08-19T11:42:00Z,0.95
PO33 2EZ,SEPD,LV,1,TV8095,29,2026-08-19T10:44:54Z,2026-08-19T11:42:00Z,0.95
RG41 3PQ,SEPD,LV,1,TW1033,14,2026-08-20T22:45:49Z,2026-08-20T23:41:51Z,0.93
RG41 3UF,SEPD,LV,1,TW1033,14,2026-08-20T22:45:49Z,2026-08-20T23:41:51Z,0.93
RG41 3UH,SEPD,LV,1,TW1033,14,2026-08-20T22:45:49Z,2026-08-20T23:41:51Z,0.93
RG41 3UJ,SEPD,LV,1,TW1033,14,2026-08-20T22:45:49Z,2026-08-20T23:41:51Z,0.93
RG41 3UW,SEPD,LV,1,TW1033,14,2026-08-20T22:45:49Z,2026-08-20T23:41:51Z,0.93
AB41 8UQ,SHEPD,"HV,LV",2,"TV3966,TV5449",19,2026-08-16T13:58:46Z,2026-08-17T15:11:57Z,0.92
AB41 8XL,SHEPD,"HV,LV",2,"TV3966,TV5449",19,2026-08-16T13:58:46Z,2026-08-17T15:11:57Z,0.92
AB43 9EP,SHEPD,LV,2,"TV5010,TW0197",24,2026-08-17T10:39:57Z,2026-08-20T12:16:55Z,0.92
AB43 9EQ,SHEPD,LV,2,"TV5010,TW0197",24,2026-08-17T10:39:57Z,2026-08-20T12:16:55Z,0.92
AB43 9HQ,SHEPD,LV,2,"TV5010,TW0197",24,2026-08-17T10:39:57Z,2026-08-20T12:16:55Z,0.92
AB43 9HS,SHEPD,LV,2,"TV5010,TW0197",24,2026-08-17T10:39:57Z,2026-08-20T12:16:55Z,0.92
AB43 9HT,SHEPD,LV,2,"TV5010,TW0197",24,2026-08-17T10:39:57Z,2026-08-20T12:16:55Z,0.92
AB43 9HX,SHEPD,LV,2,"TV5010,TW0197",24,2026-08-17T10:39:57Z,2026-08-20T12:16:55Z,0.92
AB43 9JE,SHEPD,LV,2,"TV5010,TW0197",24,2026-08-17T10:39:57Z,2026-08-20T12:16:55Z,0.92
AB41 8UH,SHEPD,HV,1,TV3966,17,2026-08-16T13:58:46Z,2026-08-16T14:53:47Z,0.92
AB41 8UN,SHEPD,HV,1,TV3966,17,2026-08-16T13:58:46Z,2026-08-16T14:53:47Z,0.92
AB41 8XH,SHEPD,HV,1,TV3966,17,2026-08-16T13:58:46Z,2026-08-16T14:53:47Z,0.92
AB41 8XJ,SHEPD,HV,1,TV3966,17,2026-08-16T13:58:46Z,2026-08-16T14:53:47Z,0.92
AB42 3DP,SHEPD,HV,1,TV3966,17,2026-08-16T13:58:46Z,2026-08-16T14:53:47Z,0.92
AB42 5AA,SHEPD,HV,1,TV3966,17,2026-08-16T13:58:46Z,2026-08-16T14:53:47Z,0.92
AB42 5BE,SHEPD,HV,1,TV3966,17,2026-08-16T13:58:46Z,2026-08-16T14:53:47Z,0.92
AB42 5BF,SHEPD,HV,1,TV3966,17,2026-08-16T13:58:46Z,2026-08-16T14:53:47Z,0.92
AB42 5BY,SHEPD,HV,1,TV3966,17,2026-08-16T13:58:46Z,2026-08-16T14:53:47Z,0.92
AB42 5DA,SHEPD,HV,1,TV3966,17,2026-08-16T13:58:46Z,2026-08-16T14:53:47Z,0.92
AB42 5DB,SHEPD,HV,1,TV3966,17,2026-08-16T13:58:46Z,2026-08-16T14:53:47Z,0.92
AB42 5DD,SHEPD,HV,1,TV3966,17,2026-08-16T13:58:46Z,2026-08-16T14:53:47Z,0.92
AB42 5DU,SHEPD,HV,1,TV3966,17,2026-08-16T13:58:46Z,2026-08-16T14:53:47Z,0.92
AB42 5DX,SHEPD,HV,1,TV3966,17,2026-08-16T13:58:46Z,2026-08-16T14:53:47Z,0.92
AB42 5EA,SHEPD,HV,1,TV3966,17,2026-08-16T13:58:46Z,2026-08-16T14:53:47Z,0.92
HS2 0DB,SHEPD,LV,1,TV5037,5,2026-08-17T10:39:57Z,2026-08-17T11:35:25Z,0.92
HS2 0DD,SHEPD,LV,1,TV5037,5,2026-08-17T10:39:57Z,2026-08-17T11:35:25Z,0.92
HS2 0DF,SHEPD,LV,1,TV5037,5,2026-08-17T10:39:57Z,2026-08-17T11:35:25Z,0.92
HS2 0DU,SHEPD,LV,1,TV5037,5,2026-08-17T10:39:57Z,2026-08-17T11:35:25Z,0.92
OX4 6NE,SEPD,LV,1,TW2852,5,2026-08-22T10:00:01Z,2026-08-22T10:55:30Z,0.92
OX4 6NF,SEPD,LV,1,TW2852,5,2026-08-22T10:00:01Z,2026-08-22T10:55:30Z,0.92
OX4 6NL,SEPD,LV,1,TW2852,5,2026-08-22T10:00:01Z,2026-08-22T10:55:30Z,0.92
OX4 6NQ,SEPD,LV,1,TW2852,5,2026-08-22T10:00:01Z,2026-08-22T10:55:30Z,0.92
PO20 7NE,SEPD,HV,2,"TV7600,TV8030",2065,2026-08-19T06:01:52Z,2026-08-19T18:12:57Z,0.91
DD8 3QY,SHEPD,HV,1,TW3168,43,2026-08-22T16:33:41Z,2026-08-22T17:28:32Z,0.91
DD8 3RA,SHEPD,HV,1,TW3168,43,2026-08-22T16:33:41Z,2026-08-22T17:28:32Z,0.91
DD8 3RD,SHEPD,HV,1,TW3168,43,2026-08-22T16:33:41Z,2026-08-22T17:28:32Z,0.91
DD8 3RE,SHEPD,HV,1,TW3168,43,2026-08-22T16:33:41Z,2026-08-22T17:28:32Z,0.91
PO20 7FH,SEPD,HV,1,TV8030,113,2026-08-19T17:18:14Z,2026-08-19T18:12:57Z,0.91
PO20 7LF,SEPD,HV,1,TV8030,113,2026-08-19T17:18:14Z,2026-08-19T18:12:57Z,0.91
PO20 7LL,SEPD,HV,1,TV8030,113,2026-08-19T17:18:14Z,2026-08-19T18:12:57Z,0.91
PO20 7LW,SEPD,HV,1,TV8030,113,2026-08-19T17:18:14Z,2026-08-19T18:12:57Z,0.91
PO20 7NG,SEPD,HV,1,TV8030,113,2026-08-19T17:18:14Z,2026-08-19T18:12:57Z,0.91
PO20 7NL,SEPD,HV,1,TV8030,113,2026-08-19T17:18:14Z,2026-08-19T18:12:57Z,0.91
PO20 7NQ,SEPD,HV,1,TV8030,113,2026-08-19T17:18:14Z,2026-08-19T18:12:57Z,0.91
PO36 9FT,SEPD,LV,1,TV8890,28,2026-08-19T17:18:14Z,2026-08-19T18:12:57Z,0.91
PO36 9QA,SEPD,LV,1,TV8890,28,2026-08-19T17:18:14Z,2026-08-19T18:12:57Z,0.91
PO36 9QB,SEPD,LV,1,TV8890,28,2026-08-19T17:18:14Z,2026-08-19T18:12:57Z,0.91
PO36 9QD,SEPD,LV,1,TV8890,28,2026-08-19T17:18:14Z,2026-08-19T18:12:57Z,0.91
PO36 9QE,SEPD,LV,1,TV8890,28,2026-08-19T17:18:14Z,2026-08-19T18:12:57Z,0.91
PO36 9QG,SEPD,LV,1,TV8890,28,2026-08-19T17:18:14Z,2026-08-19T18:12:57Z,0.91
SP11 6LH,SEPD,HV,1,TV7203,179,2026-08-18T19:02:47Z,2026-08-18T19:57:03Z,0.9
SP11 6NJ,SEPD,HV,1,TV7203,179,2026-08-18T19:02:47Z,2026-08-18T19:57:03Z,0.9
SP11 6NL,SEPD,HV,1,TV7203,179,2026-08-18T19:02:47Z,2026-08-18T19:57:03Z,0.9
SP11 6NN,SEPD,HV,1,TV7203,179,2026-08-18T19:02:47Z,2026-08-18T19:57:03Z,0.9
SP11 6NP,SEPD,HV,1,TV7203,179,2026-08-18T19:02:47Z,2026-08-18T19:57:03Z,0.9
SP11 6NR,SEPD,HV,1,TV7203,179,2026-08-18T19:02:47Z,2026-08-18T19:57:03Z,0.9
SP11 6NT,SEPD,HV,1,TV7203,179,2026-08-18T19:02:47Z,2026-08-18T19:57:03Z,0.9
SP11 6NU,SEPD,HV,1,TV7203,179,2026-08-18T19:02:47Z,2026-08-18T19:57:03Z,0.9
SP11 6NW,SEPD,HV,1,TV7203,179,2026-08-18T19:02:47Z,2026-08-18T19:57:03Z,0.9
SP11 6NX,SEPD,HV,1,TV7203,179,2026-08-18T19:02:47Z,2026-08-18T19:57:03Z,0.9
SP11 6NY,SEPD,HV,1,TV7203,179,2026-08-18T19:02:47Z,2026-08-18T19:57:03Z,0.9
SP11 6PA,SEPD,HV,1,TV7203,179,2026-08-18T19:02:47Z,2026-08-18T19:57:03Z,0.9
SP11 6PB,SEPD,HV,1,TV7203,179,2026-08-18T19:02:47Z,2026-08-18T19:57:03Z,0.9
SP11 6PD,SEPD,HV,1,TV7203,179,2026-08-18T19:02:47Z,2026-08-18T19:57:03Z,0.9
SP11 6PE,SEPD,HV,1,TV7203,179,2026-08-18T19:02:47Z,2026-08-18T19:57:03Z,0.9
SP11 6PF,SEPD,HV,1,TV7203,179,2026-08-18T19:02:47Z,2026-08-18T19:57:03Z,0.9
SP11 6PG,SEPD,HV,1,TV7203,179,2026-08-18T19:02:47Z,2026-08-18T19:57:03Z,0.9
SP11 6PH,SEPD,HV,1,TV7203,179,2026-08-18T19:02:47Z,2026-08-18T19:57:03Z,0.9
SP11 6PJ,SEPD,HV,1,TV7203,179,2026-08-18T19:02:47Z,2026-08-18T19:57:03Z,0.9
SP11 6PL,SEPD,HV,1,TV7203,179,2026-08-18T19:02:47Z,2026-08-18T19:57:03Z,0.9
SP11 6PN,SEPD,HV,1,TV7203,179,2026-08-18T19:02:47Z,2026-08-18T19:57:03Z,0.9
SP11 6PQ,SEPD,HV,1,TV7203,179,2026-08-18T19:02:47Z,2026-08-18T19:57:03Z,0.9
SP11 6QJ,SEPD,HV,1,TV7203,179,2026-08-18T19:02:47Z,2026-08-18T19:57:03Z,0.9
SP11 6QL,SEPD,HV,1,TV7203,179,2026-08-18T19:02:47Z,2026-08-18T19:57:03Z,0.9
SP11 6QP,SEPD,HV,1,TV7203,179,2026-08-18T19:02:47Z,2026-08-18T19:57:03Z,0.9
SP11 6QW,SEPD,HV,1,TV7203,179,2026-08-18T19:02:47Z,2026-08-18T19:57:03Z,0.9
SP11 6QY,SEPD,HV,1,TV7203,179,2026-08-18T19:02:47Z,2026-08-18T19:57:03Z,0.9
SP11 7AF,SEPD,HV,1,TV7203,179,2026-08-18T19:02:47Z,2026-08-18T19:57:03Z,0.9
SP11 7AH,SEPD,HV,1,TV7203,179,2026-08-18T19:02:47Z,2026-08-18T19:57:03Z,0.9
SP11 7AJ,SEPD,HV,1,TV7203,179,2026-08-18T19:02:47Z,2026-08-18T19:57:03Z,0.9
SP11 7AL,SEPD,HV,1,TV7203,179,2026-08-18T19:02:47Z,2026-08-18T19:57:03Z,0.9
SP11 7AP,SEPD,HV,1,TV7203,179,2026-08-18T19:02:47Z,2026-08-18T19:57:03Z,0.9
SP11 7AQ,SEPD,HV,1,TV7203,179,2026-08-18T19:02:47Z,2026-08-18T19:57:03Z,0.9
SP11 7AR,SEPD,HV,1,TV7203,179,2026-08-18T19:02:47Z,2026-08-18T19:57:03Z,0.9
SP11 7AW,SEPD,HV,1,TV7203,179,2026-08-18T19:02:47Z,2026-08-18T19:57:03Z,0.9
PO13 8EA,SEPD,LV,1,TV5977,2,2026-08-18T07:53:59Z,2026-08-18T08:47:30Z,0.89
BH18 8AA,SEPD,LV,1,TW2509,12,2026-08-22T02:18:33Z,2026-08-22T03:11:13Z,0.88
BH18 8AG,SEPD,LV,1,TW2509,12,2026-08-22T02:18:33Z,2026-08-22T03:11:13Z,0.88
BH18 8AX,SEPD,LV,1,TW2509,12,2026-08-22T02:18:33Z,2026-08-22T03:11:13Z,0.88
IV4 7AB,SHEPD,PSI,1,254092,44,2026-08-19T13:03:55Z,2026-08-19T13:56:22Z,0.87
IV4 7AN,SHEPD,PSI,1,254092,44,2026-08-19T13:03:55Z,2026-08-19T13:56:22Z,0.87
IV4 7AS,SHEPD,PSI,1,254092,44,2026-08-19T13:03:55Z,2026-08-19T13:56:22Z,0.87
IV4 7EX,SHEPD,PSI,1,254092,44,2026-08-19T13:03:55Z,2026-08-19T13:56:22Z,0.87
IV4 7EY,SHEPD,PSI,1,254092,44,2026-08-19T13:03:55Z,2026-08-19T13:56:22Z,0.87
SN15 4FF,SEPD,HV,1,TV8466,79,2026-08-19T13:03:55Z,2026-08-19T13:56:22Z,0.87
SN15 4LW,SEPD,HV,1,TV8466,79,2026-08-19T13:03:55Z,2026-08-19T13:56:22Z,0.87
SN15 4NW,SEPD,HV,1,TV8466,79,2026-08-19T13:03:55Z,2026-08-19T13:56:22Z,0.87
SN15 4PU,SEPD,HV,1,TV8466,79,2026-08-19T13:03:55Z,2026-08-19T13:56:22Z,0.87
SN15 4RD,SEPD,HV,1,TV8466,79,2026-08-19T13:03:55Z,2026-08-19T13:56:22Z,0.87
SN15 4RE,SEPD,HV,1,TV8466,79,2026-08-19T13:03:55Z,2026-08-19T13:56:22Z,0.87
SN15 4RF,SEPD,HV,1,TV8466,79,2026-08-19T13:03:55Z,2026-08-19T13:56:22Z,0.87
SN15 4RP,SEPD,HV,1,TV8466,79,2026-08-19T13:03:55Z,2026-08-19T13:56:22Z,0.87
SN15 4RQ,SEPD,HV,1,TV8466,79,2026-08-19T13:03:55Z,2026-08-19T13:56:22Z,0.87
SN15 4RR,SEPD,HV,1,TV8466,79,2026-08-19T13:03:55Z,2026-08-19T13:56:22Z,0.87
SN15 4RW,SEPD,HV,1,TV8466,79,2026-08-19T13:03:55Z,2026-08-19T13:56:22Z,0.87
SN15 5HB,SEPD,HV,1,TV8466,79,2026-08-19T13:03:55Z,2026-08-19T13:56:22Z,0.87
SN15 5LE,SEPD,HV,1,TV8466,79,2026-08-19T13:03:55Z,2026-08-19T13:56:22Z,0.87
PO2 7BA,SEPD,LV,1,TW2401,18,2026-08-21T19:43:22Z,2026-08-21T20:34:30Z,0.85
PO2 7HF,SEPD,LV,1,TW2401,18,2026-08-21T19:43:22Z,2026-08-21T20:34:30Z,0.85
SO41 0LL,SEPD,LV,1,TV7521,32,2026-08-19T11:11:48Z,2026-08-19T12:01:20Z,0.83
SO41 0LN,SEPD,LV,1,TV7521,32,2026-08-19T11:11:48Z,2026-08-19T12:01:20Z,0.83
SO41 0UA,SEPD,LV,1,TV7521,32,2026-08-19T11:11:48Z,2026-08-19T12:01:20Z,0.83
SO41 0ZA,SEPD,LV,1,TV7521,32,2026-08-19T11:11:48Z,2026-08-19T12:01:20Z,0.83
SO41 0ZB,SEPD,LV,1,TV7521,32,2026-08-19T11:11:48Z,2026-08-19T12:01:20Z,0.83
SO41 0ZD,SEPD,LV,1,TV7521,32,2026-08-19T11:11:48Z,2026-08-19T12:01:20Z,0.83
SO41 0ZF,SEPD,LV,1,TV7521,32,2026-08-19T11:11:48Z,2026-08-19T12:01:20Z,0.83
SO41 0ZH,SEPD,LV,1,TV7521,32,2026-08-19T11:11:48Z,2026-08-19T12:01:20Z,0.83
SO41 0ZJ,SEPD,LV,1,TV7521,32,2026-08-19T11:11:48Z,2026-08-19T12:01:20Z,0.83
PO5 3DE,SEPD,LV,1,TV3507,24,2026-08-15T20:09:01Z,2026-08-15T20:58:21Z,0.82
PO5 3DF,SEPD,LV,1,TV3507,24,2026-08-15T20:09:01Z,2026-08-15T20:58:21Z,0.82
PO5 3EB,SEPD,LV,1,TV3507,24,2026-08-15T20:09:01Z,2026-08-15T20:58:21Z,0.82
BH16 6BT,SEPD,HV,2,"TV7433,TV7434",1374,2026-08-19T02:45:45Z,2026-08-19T03:34:22Z,0.81
BH16 6BU,SEPD,HV,2,"TV7433,TV7434",1374,2026-08-19T02:45:45Z,2026-08-19T03:34:22Z,0.81
BH16 6DB,SEPD,HV,2,"TV7433,TV7434",1374,2026-08-19T02:45:45Z,2026-08-19T03:34:22Z,0.81
BH21 3RP,SEPD,HV,2,"TV7433,TV7434",1374,2026-08-19T02:45:45Z,2026-08-19T03:34:22Z,0.81
BH21 3RR,SEPD,HV,2,"TV7433,TV7434",1374,2026-08-19T02:45:45Z,2026-08-19T03:34:22Z,0.81
BH21 3RW,SEPD,HV,2,"TV7433,TV7434",1374,2026-08-19T02:45:45Z,2026-08-19T03:34:22Z,0.81
BH21 4AA,SEPD,HV,2,"TV7433,TV7434",1374,2026-08-19T02:45:45Z,2026-08-19T03:34:22Z,0.81
BH21 4AB,SEPD,HV,2,"TV7433,TV7434",1374,2026-08-19T02:45:45Z,2026-08-19T03:34:22Z,0.81
BH21 4AE,SEPD,HV,2,"TV7433,TV7434",1374,2026-08-19T02:45:45Z,2026-08-19T03:34:22Z,0.81
BH21 3BU,SEPD,HV,1,TV7434,1334,2026-08-19T02:45:45Z,2026-08-19T03:34:22Z,0.81
BH21 3DR,SEPD,HV,1,TV7434,1334,2026-08-19T02:45:45Z,2026-08-19T03:34:22Z,0.81
BH21 3DS,SEPD,HV,1,TV7434,1334,2026-08-19T02:45:45Z,2026-08-19T03:34:22Z,0.81
BH21 3DY,SEPD,HV,1,TV7434,1334,2026-08-19T02:45:45Z,2026-08-19T03:34:22Z,0.81
BH21 3EP,SEPD,HV,1,TV7434,1334,2026-08-19T02:45:45Z,2026-08-19T03:34:22Z,0.81
BH21 3EU,SEPD,HV,1,TV7434,1334,2026-08-19T02:45:45Z,2026-08-19T03:34:22Z,0.81
BH21 3EY,SEPD,HV,1,TV7434,1334,2026-08-19T02:45:45Z,2026-08-19T03:34:22Z,0.81
BH21 3EZ,SEPD,HV,1,TV7434,1334,2026-08-19T02:45:45Z,2026-08-19T03:34:22Z,0.81
BH21 3HB,SEPD,HV,1,TV7434,1334,2026-08-19T02:45:45Z,2026-08-19T03:34:22Z,0.81
BH21 3HE,SEPD,HV,1,TV7434,1334,2026-08-19T02:45:45Z,2026-08-19T03:34:22Z,0.81
BH21 3HF,SEPD,HV,1,TV7434,1334,2026-08-19T02:45:45Z,2026-08-19T03:34:22Z,0.81
BH21 3HG,SEPD,HV,1,TV7434,1334,2026-08-19T02:45:45Z,2026-08-19T03:34:22Z,0.81
BH21 3HH,SEPD,HV,1,TV7434,1334,2026-08-19T02:45:45Z,2026-08-19T03:34:22Z,0.81
BH21 3HJ,SEPD,HV,1,TV7434,1334,2026-08-19T02:45:45Z,2026-08-19T03:34:22Z,0.81
BH21 3HL,SEPD,HV,1,TV7434,1334,2026-08-19T02:45:45Z,2026-08-19T03:34:22Z,0.81
BH21 3HN,SEPD,HV,1,TV7434,1334,2026-08-19T02:45:45Z,2026-08-19T03:34:22Z,0.81
BH21 3HP,SEPD,HV,1,TV7434,1334,2026-08-19T02:45:45Z,2026-08-19T03:34:22Z,0.81
BH21 3HQ,SEPD,HV,1,TV7434,1334,2026-08-19T02:45:45Z,2026-08-19T03:34:22Z,0.81
BH21 3HR,SEPD,HV,1,TV7434,1334,2026-08-19T02:45:45Z,2026-08-19T03:34:22Z,0.81
BH21 3HS,SEPD,HV,1,TV7434,1334,2026-08-19T02:45:45Z,2026-08-19T03:34:22Z,0.81
BH21 3HT,SEPD,HV,1,TV7434,1334,2026-08-19T02:45:45Z,2026-08-19T03:34:22Z,0.81
BH21 3HU,SEPD,HV,1,TV7434,1334,2026-08-19T02:45:45Z,2026-08-19T03:34:22Z,0.81
BH21 3HW,SEPD,HV,1,TV7434,1334,2026-08-19T02:45:45Z,2026-08-19T03:34:22Z,0.81
BH21 3JD,SEPD,HV,1,TV7434,1334,2026-08-19T02:45:45Z,2026-08-19T03:34:22Z,0.81
BH21 3JE,SEPD,HV,1,TV7434,1334,2026-08-19T02:45:45Z,2026-08-19T03:34:22Z,0.81
BH21 3JH,SEPD,HV,1,TV7434,1334,2026-08-19T02:45:45Z,2026-08-19T03:34:22Z,0.81
BH21 3JX,SEPD,HV,1,TV7434,1334,2026-08-19T02:45:45Z,2026-08-19T03:34:22Z,0.81
BH21 3LG,SEPD,HV,1,TV7434,1334,2026-08-19T02:45:45Z,2026-08-19T03:34:22Z,0.81
BH21 3LP,SEPD,HV,1,TV7434,1334,2026-08-19T02:45:45Z,2026-08-19T03:34:22Z,0.81
BH21 3LR,SEPD,HV,1,TV7434,1334,2026-08-19T02:45:45Z,2026-08-19T03:34:22Z,0.81
BH21 3LU,SEPD,HV,1,TV7434,1334,2026-08-19T02:45:45Z,2026-08-19T03:34:22Z,0.81
BH21 3LX,SEPD,HV,1,TV7434,1334,2026-08-19T02:45:45Z,2026-08-19T03:34:22Z,0.81
BH21 3LY,SEPD,HV,1,TV7434,1334,2026-08-19T02:45:45Z,2026-08-19T03:34:22Z,0.81
BH21 3LZ,SEPD,HV,1,TV7434,1334,2026-08-19T02:45:45Z,2026-08-19T03:34:22Z,0.81
BH21 3NA,SEPD,HV,1,TV7434,1334,2026-08-19T02:45:45Z,2026-08-19T03:34:22Z,0.81
BH21 3QZ,SEPD,HV,1,TV7434,1334,2026-08-19T02:45:45Z,2026-08-19T03:34:22Z,0.81
BH21 3RA,SEPD,HV,1,TV7434,1334,2026-08-19T02:45:45Z,2026-08-19T03:34:22Z,0.81
BH21 3RB,SEPD,HV,1,TV7434,1334,2026-08-19T02:45:45Z,2026-08-19T03:34:22Z,0.81
BH21 3RD,SEPD,HV,1,TV7434,1334,2026-08-19T02:45:45Z,2026-08-19T03:34:22Z,0.81
BH21 3RE,SEPD,HV,1,TV7434,1334,2026-08-19T02:45:45Z,2026-08-19T03:34:22Z,0.81
BH21 3RF,SEPD,HV,1,TV7434,1334,2026-08-19T02:45:45Z,2026-08-19T03:34:22Z,0.81
BH21 3RL,SEPD,HV,1,TV7434,1334,2026-08-19T02:45:45Z,2026-08-19T03:34:22Z,0.81
BH21 3RN,SEPD,HV,1,TV7434,1334,2026-08-19T02:45:45Z,2026-08-19T03:34:22Z,0.81
BH21 3RS,SEPD,HV,1,TV7434,1334,2026-08-19T02:45:45Z,2026-08-19T03:34:22Z,0.81
BH21 3RT,SEPD,HV,1,TV7434,1334,2026-08-19T02:45:45Z,2026-08-19T03:34:22Z,0.81
BH21 3SA,SEPD,HV,1,TV7434,1334,2026-08-19T02:45:45Z,2026-08-19T03:34:22Z,0.81
BH21 3SB,SEPD,HV,1,TV7434,1334,2026-08-19T02:45:45Z,2026-08-19T03:34:22Z,0.81
BH21 3SD,SEPD,HV,1,TV7434,1334,2026-08-19T02:45:45Z,2026-08-19T03:34:22Z,0.81
BH21 3SE,SEPD,HV,1,TV7434,1334,2026-08-19T02:45:45Z,2026-08-19T03:34:22Z,0.81
BH21 3SF,SEPD,HV,1,TV7434,1334,2026-08-19T02:45:45Z,2026-08-19T03:34:22Z,0.81
BH21 3SG,SEPD,HV,1,TV7434,1334,2026-08-19T02:45:45Z,2026-08-19T03:34:22Z,0.81
BH21 3SH,SEPD,HV,1,TV7434,1334,2026-08-19T02:45:45Z,2026-08-19T03:34:22Z,0.81
BH21 3SJ,SEPD,HV,1,TV7434,1334,2026-08-19T02:45:45Z,2026-08-19T03:34:22Z,0.81
BH21 3SL,SEPD,HV,1,TV7434,1334,2026-08-19T02:45:45Z,2026-08-19T03:34:22Z,0.81
BH21 3SN,SEPD,HV,1,TV7434,1334,2026-08-19T02:45:45Z,2026-08-19T03:34:22Z,0.81
BH21 3SQ,SEPD,HV,1,TV7434,1334,2026-08-19T02:45:45Z,2026-08-19T03:34:22Z,0.81
BH21 3ST,SEPD,HV,1,TV7434,1334,2026-08-19T02:45:45Z,2026-08-19T03:34:22Z,0.81
BH21 3SU,SEPD,HV,1,TV7434,1334,2026-08-19T02:45:45Z,2026-08-19T03:34:22Z,0.81
BH21 3SW,SEPD,HV,1,TV7434,1334,2026-08-19T02:45:45Z,2026-08-19T03:34:22Z,0.81
BH21 3SX,SEPD,HV,1,TV7434,1334,2026-08-19T02:45:45Z,2026-08-19T03:34:22Z,0.81
BH21 3SY,SEPD,HV,1,TV7434,1334,2026-08-19T02:45:45Z,2026-08-19T03:34:22Z,0.81
BH21 3TB,SEPD,HV,1,TV7434,1334,2026-08-19T02:45:45Z,2026-08-19T03:34:22Z,0.81
BH21 3TP,SEPD,HV,1,TV7434,1334,2026-08-19T02:45:45Z,2026-08-19T03:34:22Z,0.81
BH21 3TQ,SEPD,HV,1,TV7434,1334,2026-08-19T02:45:45Z,2026-08-19T03:34:22Z,0.81
BH21 3TR,SEPD,HV,1,TV7434,1334,2026-08-19T02:45:45Z,2026-08-19T03:34:22Z,0.81
BH21 3TS,SEPD,HV,1,TV7434,1334,2026-08-19T02:45:45Z,2026-08-19T03:34:22Z,0.81
BH21 3TU,SEPD,HV,1,TV7434,1334,2026-08-19T02:45:45Z,2026-08-19T03:34:22Z,0.81
BH21 3TW,SEPD,HV,1,TV7434,1334,2026-08-19T02:45:45Z,2026-08-19T03:34:22Z,0.81
BH21 3TZ,SEPD,HV,1,TV7434,1334,2026-08-19T02:45:45Z,2026-08-19T03:34:22Z,0.81
BH21 3UA,SEPD,HV,1,TV7434,1334,2026-08-19T02:45:45Z,2026-08-19T03:34:22Z,0.81
BH21 3UD,SEPD,HV,1,TV7434,1334,2026-08-19T02:45:45Z,2026-08-19T03:34:22Z,0.81
BH21 3UE,SEPD,HV,1,TV7434,1334,2026-08-19T02:45:45Z,2026-08-19T03:34:22Z,0.81
BH21 4AD,SEPD,HV,1,TV7434,1334,2026-08-19T02:45:45Z,2026-08-19T03:34:22Z,0.81
BH21 4AF,SEPD,HV,1,TV7434,1334,2026-08-19T02:45:45Z,2026-08-19T03:34:22Z,0.81
BH21 4AG,SEPD,HV,1,TV7434,1334,2026-08-19T02:45:45Z,2026-08-19T03:34:22Z,0.81
BH21 4AP,SEPD,HV,1,TV7434,1334,2026-08-19T02:45:45Z,2026-08-19T03:34:22Z,0.81
BH21 4AQ,SEPD,HV,1,TV7434,1334,2026-08-19T02:45:45Z,2026-08-19T03:34:22Z,0.81
BH21 4AR,SEPD,HV,1,TV7434,1334,2026-08-19T02:45:45Z,2026-08-19T03:34:22Z,0.81
BH21 4AW,SEPD,HV,1,TV7434,1334,2026-08-19T02:45:45Z,2026-08-19T03:34:22Z,0.81
BH21 4BZ,SEPD,HV,1,TV7434,1334,2026-08-19T02:45:45Z,2026-08-19T03:34:22Z,0.81
BH21 4DB,SEPD,HV,1,TV7434,1334,2026-08-19T02:45:45Z,2026-08-19T03:34:22Z,0.81
BH21 4FT,SEPD,HV,1,TV7434,1334,2026-08-19T02:45:45Z,2026-08-19T03:34:22Z,0.81
GU27 1LD,SEPD,LV,1,TV4413,17,2026-08-20T03:09:32Z,2026-08-20T03:58:09Z,0.81
GU27 1LE,SEPD,LV,1,TV4413,17,2026-08-20T03:09:32Z,2026-08-20T03:58:09Z,0.81
GU27 1LF,SEPD,LV,1,TV4413,17,2026-08-20T03:09:32Z,2026-08-20T03:58:09Z,0.81
AB51 7JR,SHEPD,HV,2,"TW0040,TW0508",600,2026-08-20T10:49:26Z,2026-08-20T15:41:40Z,0.8
AB51 7NA,SHEPD,HV,2,"TW0040,TW0508",600,2026-08-20T10:49:26Z,2026-08-20T15:41:40Z,0.8
AB51 7NP,SHEPD,HV,2,"TW0040,TW0508",600,2026-08-20T10:49:26Z,2026-08-20T15:41:40Z,0.8
AB51 7QX,SHEPD,HV,2,"TW0040,TW0508",600,2026-08-20T10:49:26Z,2026-08-20T15:41:40Z,0.8
AB51 7RA,SHEPD,HV,2,"TW0040,TW0508",600,2026-08-20T10:49:26Z,2026-08-20T15:41:40Z,0.8
AB51 7RB,SHEPD,HV,2,"TW0040,TW0508",600,2026-08-20T10:49:26Z,2026-08-20T15:41:40Z,0.8
AB51 7RX,SHEPD,HV,2,"TW0040,TW0508",600,2026-08-20T10:49:26Z,2026-08-20T15:41:40Z,0.8
AB51 7SB,SHEPD,HV,2,"TW0040,TW0508",600,2026-08-20T10:49:26Z,2026-08-20T15:41:40Z,0.8
AB51 7SR,SHEPD,HV,2,"TW0040,TW0508",600,2026-08-20T10:49:26Z,2026-08-20T15:41:40Z,0.8
BA12 8HD,SEPD,HV,1,TV4696,5,2026-08-17T07:35:37Z,2026-08-17T08:23:42Z,0.8
DT2 7JL,SEPD,HV,1,TV9619,2,2026-08-20T08:07:21Z,2026-08-20T08:55:24Z,0.8
DT2 7JS,SEPD,HV,1,TV9619,2,2026-08-20T08:07:21Z,2026-08-20T08:55:24Z,0.8
DT2 7TN,SEPD,HV,1,TV9619,2,2026-08-20T08:07:21Z,2026-08-20T08:55:24Z,0.8
OX10,SEPD,HV,2,"TV5632,TV5757",1758,2026-08-17T17:38:55Z,2026-08-17T21:58:45Z,0.79
OX10 0AD,SEPD,HV,2,"TV5632,TV5757",1758,2026-08-17T17:38:55Z,2026-08-17T21:58:45Z,0.79
OX10 0AJ,SEPD,HV,2,"TV5632,TV5757",1758,2026-08-17T17:38:55Z,2026-08-17T21:58:45Z,0.79
OX10 0AQ,SEPD,HV,2,"TV5632,TV5757",1758,2026-08-17T17:38:55Z,2026-08-17T21:58:45Z,0.79
OX10 0AR,SEPD,HV,2,"TV5632,TV5757",1758,2026-08-17T17:38:55Z,2026-08-17T21:58:45Z,0.79
OX10 0BD,SEPD,HV,2,"TV5632,TV5757",1758,2026-08-17T17:38:55Z,2026-08-17T21:58:45Z,0.79
OX10 0BU,SEPD,HV,2,"TV5632,TV5757",1758,2026-08-17T17:38:55Z,2026-08-17T21:58:45Z,0.79
OX10 0BW,SEPD,HV,2,"TV5632,TV5757",1758,2026-08-17T17:38:55Z,2026-08-17T21:58:45Z,0.79
OX10 0BX,SEPD,HV,2,"TV5632,TV5757",1758,2026-08-17T17:38:55Z,2026-08-17T21:58:45Z,0.79
OX10 0DB,SEPD,HV,2,"TV5632,TV5757",1758,2026-08-17T17:38:55Z,2026-08-17T21:58:45Z,0.79
OX10 0DY,SEPD,HV,2,"TV5632,TV5757",1758,2026-08-17T17:38:55Z,2026-08-17T21:58:45Z,0.79
OX10 0EF,SEPD,HV,2,"TV5632,TV5757",1758,2026-08-17T17:38:55Z,2026-08-17T21:58:45Z,0.79
OX10 0EG,SEPD,HV,2,"TV5632,TV5757",1758,2026-08-17T17:38:55Z,2026-08-17T21:58:45Z,0.79
OX10 0EH,SEPD,HV,2,"TV5632,TV5757",1758,2026-08-17T17:38:55Z,2026-08-17T21:58:45Z,0.79
OX10 0EJ,SEPD,HV,2,"TV5632,TV5757",1758,2026-08-17T17:38:55Z,2026-08-17T21:58:45Z,0.79
OX10 0EL,SEPD,HV,2,"TV5632,TV5757",1758,2026-08-17T17:38:55Z,2026-08-17T21:58:45Z,0.79
OX10 0GJ,SEPD,HV,2,"TV5632,TV5757",1758,2026-08-17T17:38:55Z,2026-08-17T21:58:45Z,0.79
OX10 0QT,SEPD,HV,2,"TV5632,TV5757",1758,2026-08-17T17:38:55Z,2026-08-17T21:58:45Z,0.79
OX10 0SP,SEPD,HV,2,"TV5632,TV5757",1758,2026-08-17T17:38:55Z,2026-08-17T21:58:45Z,0.79
OX10 0SR,SEPD,HV,2,"TV5632,TV5757",1758,2026-08-17T17:38:55Z,2026-08-17T21:58:45Z,0.79
OX10 0XB,SEPD,HV,2,"TV5632,TV5757",1758,2026-08-17T17:38:55Z,2026-08-17T21:58:45Z,0.79
OX10 8DL,SEPD,HV,2,"TV5632,TV5757",1758,2026-08-17T17:38:55Z,2026-08-17T21:58:45Z,0.79
OX10 9AH,SEPD,HV,2,"TV5632,TV5757",1758,2026-08-17T17:38:55Z,2026-08-17T21:58:45Z,0.79
OX10 9AJ,SEPD,HV,2,"TV5632,TV5757",1758,2026-08-17T17:38:55Z,2026-08-17T21:58:45Z,0.79
OX10 9AL,SEPD,HV,2,"TV5632,TV5757",1758,2026-08-17T17:38:55Z,2026-08-17T21:58:45Z,0.79
OX10 9AN,SEPD,HV,2,"TV5632,TV5757",1758,2026-08-17T17:38:55Z,2026-08-17T21:58:45Z,0.79
OX10 9AQ,SEPD,HV,2,"TV5632,TV5757",1758,2026-08-17T17:38:55Z,2026-08-17T21:58:45Z,0.79
OX10 9AR,SEPD,HV,2,"TV5632,TV5757",1758,2026-08-17T17:38:55Z,2026-08-17T21:58:45Z,0.79
OX10 9AU,SEPD,HV,2,"TV5632,TV5757",1758,2026-08-17T17:38:55Z,2026-08-17T21:58:45Z,0.79
OX10 9AW,SEPD,HV,2,"TV5632,TV5757",1758,2026-08-17T17:38:55Z,2026-08-17T21:58:45Z,0.79
OX10 9AX,SEPD,HV,2,"TV5632,TV5757",1758,2026-08-17T17:38:55Z,2026-08-17T21:58:45Z,0.79
OX10 9AY,SEPD,HV,2,"TV5632,TV5757",1758,2026-08-17T17:38:55Z,2026-08-17T21:58:45Z,0.79
OX10 9AZ,SEPD,HV,2,"TV5632,TV5757",1758,2026-08-17T17:38:55Z,2026-08-17T21:58:45Z,0.79
OX10 9BA,SEPD,HV,2,"TV5632,TV5757",1758,2026-08-17T17:38:55Z,2026-08-17T21:58:45Z,0.79
OX10 9BB,SEPD,HV,2,"TV5632,TV5757",1758,2026-08-17T17:38:55Z,2026-08-17T21:58:45Z,0.79
OX10 9BD,SEPD,HV,2,"TV5632,TV5757",1758,2026-08-17T17:38:55Z,2026-08-17T21:58:45Z,0.79
OX10 9BE,SEPD,HV,2,"TV5632,TV5757",1758,2026-08-17T17:38:55Z,2026-08-17T21:58:45Z,0.79
OX10 9BG,SEPD,HV,2,"TV5632,TV5757",1758,2026-08-17T17:38:55Z,2026-08-17T21:58:45Z,0.79
OX10 9BH,SEPD,HV,2,"TV5632,TV5757",1758,2026-08-17T17:38:55Z,2026-08-17T21:58:45Z,0.79
OX10 9BJ,SEPD,HV,2,"TV5632,TV5757",1758,2026-08-17T17:38:55Z,2026-08-17T21:58:45Z,0.79
OX10 9BL,SEPD,HV,2,"TV5632,TV5757",1758,2026-08-17T17:38:55Z,2026-08-17T21:58:45Z,0.79
OX10 9BN,SEPD,HV,2,"TV5632,TV5757",1758,2026-08-17T17:38:55Z,2026-08-17T21:58:45Z,0.79
OX10 9BP,SEPD,HV,2,"TV5632,TV5757",1758,2026-08-17T17:38:55Z,2026-08-17T21:58:45Z,0.79
OX10 9BQ,SEPD,HV,2,"TV5632,TV5757",1758,2026-08-17T17:38:55Z,2026-08-17T21:58:45Z,0.79
OX10 9BX,SEPD,HV,2,"TV5632,TV5757",1758,2026-08-17T17:38:55Z,2026-08-17T21:58:45Z,0.79
OX10 9BY,SEPD,HV,2,"TV5632,TV5757",1758,2026-08-17T17:38:55Z,2026-08-17T21:58:45Z,0.79
OX10 9DU,SEPD,HV,2,"TV5632,TV5757",1758,2026-08-17T17:38:55Z,2026-08-17T21:58:45Z,0.79
OX10 9DX,SEPD,HV,2,"TV5632,TV5757",1758,2026-08-17T17:38:55Z,2026-08-17T21:58:45Z,0.79
OX10 9DZ,SEPD,HV,2,"TV5632,TV5757",1758,2026-08-17T17:38:55Z,2026-08-17T21:58:45Z,0.79
OX10 9EA,SEPD,HV,2,"TV5632,TV5757",1758,2026-08-17T17:38:55Z,2026-08-17T21:58:45Z,0.79
OX10 9EB,SEPD,HV,2,"TV5632,TV5757",1758,2026-08-17T17:38:55Z,2026-08-17T21:58:45Z,0.79
OX10 9ED,SEPD,HV,2,"TV5632,TV5757",1758,2026-08-17T17:38:55Z,2026-08-17T21:58:45Z,0.79
OX10 9EE,SEPD,HV,2,"TV5632,TV5757",1758,2026-08-17T17:38:55Z,2026-08-17T21:58:45Z,0.79
OX10 9EF,SEPD,HV,2,"TV5632,TV5757",1758,2026-08-17T17:38:55Z,2026-08-17T21:58:45Z,0.79
OX10 9EG,SEPD,HV,2,"TV5632,TV5757",1758,2026-08-17T17:38:55Z,2026-08-17T21:58:45Z,0.79
OX10 9EH,SEPD,HV,2,"TV5632,TV5757",1758,2026-08-17T17:38:55Z,2026-08-17T21:58:45Z,0.79
OX10 9EJ,SEPD,HV,2,"TV5632,TV5757",1758,2026-08-17T17:38:55Z,2026-08-17T21:58:45Z,0.79
OX10 9EN,SEPD,HV,2,"TV5632,TV5757",1758,2026-08-17T17:38:55Z,2026-08-17T21:58:45Z,0.79
OX10 9EP,SEPD,HV,2,"TV5632,TV5757",1758,2026-08-17T17:38:55Z,2026-08-17T21:58:45Z,0.79
OX10 9EQ,SEPD,HV,2,"TV5632,TV5757",1758,2026-08-17T17:38:55Z,2026-08-17T21:58:45Z,0.79
OX10 9EW,SEPD,HV,2,"TV5632,TV5757",1758,2026-08-17T17:38:55Z,2026-08-17T21:58:45Z,0.79
OX10 9FT,SEPD,HV,2,"TV5632,TV5757",1758,2026-08-17T17:38:55Z,2026-08-17T21:58:45Z,0.79
OX10 9FW,SEPD,HV,2,"TV5632,TV5757",1758,2026-08-17T17:38:55Z,2026-08-17T21:58:45Z,0.79
OX10 9GF,SEPD,HV,2,"TV5632,TV5757",1758,2026-08-17T17:38:55Z,2026-08-17T21:58:45Z,0.79
OX10 9GG,SEPD,HV,2,"TV5632,TV5757",1758,2026-08-17T17:38:55Z,2026-08-17T21:58:45Z,0.79
OX10 9GH,SEPD,HV,2,"TV5632,TV5757",1758,2026-08-17T17:38:55Z,2026-08-17T21:58:45Z,0.79
OX10 9GL,SEPD,HV,2,"TV5632,TV5757",1758,2026-08-17T17:38:55Z,2026-08-17T21:58:45Z,0.79
OX10 9GN,SEPD,HV,2,"TV5632,TV5757",1758,2026-08-17T17:38:55Z,2026-08-17T21:58:45Z,0.79
OX10 9GP,SEPD,HV,2,"TV5632,TV5757",1758,2026-08-17T17:38:55Z,2026-08-17T21:58:45Z,0.79
OX10 9GQ,SEPD,HV,2,"TV5632,TV5757",1758,2026-08-17T17:38:55Z,2026-08-17T21:58:45Z,0.79
OX10 9HA,SEPD,HV,2,"TV5632,TV5757",1758,2026-08-17T17:38:55Z,2026-08-17T21:58:45Z,0.79
OX10 9HB,SEPD,HV,2,"TV5632,TV5757",1758,2026-08-17T17:38:55Z,2026-08-17T21:58:45Z,0.79
OX10 9RX,SEPD,HV,2,"TV5632,TV5757",1758,2026-08-17T17:38:55Z,2026-08-17T21:58:45Z,0.79
PH25 3DG,SHEPD,PSI,2,"253891,253893",4,2026-08-17T08:23:42Z,2026-08-21T10:03:15Z,0.79
PH25 3DH,SHEPD,PSI,2,"253891,253893",4,2026-08-17T08:23:42Z,2026-08-21T10:03:15Z,0.79
AB21 0PW,SHEPD,HV,1,TV7235,5,2026-08-18T18:15:41Z,2026-08-18T19:02:47Z,0.79
AB21 0UE,SHEPD,HV,1,TV7235,5,2026-08-18T18:15:41Z,2026-08-18T19:02:47Z,0.79
AB23 8PU,SHEPD,HV,1,TV7235,5,2026-08-18T18:15:41Z,2026-08-18T19:02:47Z,0.79
AB23 8UN,SHEPD,HV,1,TV7235,5,2026-08-18T18:15:41Z,2026-08-18T19:02:47Z,0.79
AB23 8UP,SHEPD,HV,1,TV7235,5,2026-08-18T18:15:41Z,2026-08-18T19:02:47Z,0.79
AB23 8UU,SHEPD,HV,1,TV7235,5,2026-08-18T18:15:41Z,2026-08-18T19:02:47Z,0.79
AB23 8UX,SHEPD,HV,1,TV7235,5,2026-08-18T18:15:41Z,2026-08-18T19:02:47Z,0.79
AB23 8XA,SHEPD,HV,1,TV7235,5,2026-08-18T18:15:41Z,2026-08-18T19:02:47Z,0.79
AB23 8XB,SHEPD,HV,1,TV7235,5,2026-08-18T18:15:41Z,2026-08-18T19:02:47Z,0.79
AB23 8XE,SHEPD,HV,1,TV7235,5,2026-08-18T18:15:41Z,2026-08-18T19:02:47Z,0.79
AB23 8XG,SHEPD,HV,1,TV7235,5,2026-08-18T18:15:41Z,2026-08-18T19:02:47Z,0.79
AB23 8XH,SHEPD,HV,1,TV7235,5,2026-08-18T18:15:41Z,2026-08-18T19:02:47Z,0.79
AB23 8XQ,SHEPD,HV,1,TV7235,5,2026-08-18T18:15:41Z,2026-08-18T19:02:47Z,0.79
AB41 7XA,SHEPD,HV,1,TV7235,5,2026-08-18T18:15:41Z,2026-08-18T19:02:47Z,0.79
AB41 7XB,SHEPD,HV,1,TV7235,5,2026-08-18T18:15:41Z,2026-08-18T19:02:47Z,0.79
OX28 5JG,SEPD,LV,1,TV6840,25,2026-08-18T18:15:41Z,2026-08-18T19:02:47Z,0.79
OX28 5JJ,SEPD,LV,1,TV6840,25,2026-08-18T18:15:41Z,2026-08-18T19:02:47Z,0.79
OX3 8TH,SEPD,LV,1,TV4205,5,2026-08-16T18:46:02Z,2026-08-16T19:33:38Z,0.79
SO16 7HE,SEPD,LV,1,TV9735,9,2026-08-20T08:55:24Z,2026-08-20T09:42:52Z,0.79
SO16 7HF,SEPD,LV,1,TV9735,9,2026-08-20T08:55:24Z,2026-08-20T09:42:52Z,0.79
SO16 7HG,SEPD,LV,1,TV9735,9,2026-08-20T08:55:24Z,2026-08-20T09:42:52Z,0.79
SO16 7JQ,SEPD,LV,1,TV9735,9,2026-08-20T08:55:24Z,2026-08-20T09:42:52Z,0.79
SO16 7JU,SEPD,LV,1,TV9735,9,2026-08-20T08:55:24Z,2026-08-20T09:42:52Z,0.79
SP11 0DG,SEPD,HV,1,TV7447,99,2026-08-19T03:34:22Z,2026-08-19T04:21:34Z,0.79
SP11 0DH,SEPD,HV,1,TV7447,99,2026-08-19T03:34:22Z,2026-08-19T04:21:34Z,0.79
SP11 0EY,SEPD,HV,1,TV7447,99,2026-08-19T03:34:22Z,2026-08-19T04:21:34Z,0.79
SP11 0EZ,SEPD,HV,1,TV7447,99,2026-08-19T03:34:22Z,2026-08-19T04:21:34Z,0.79
SP11 0HU,SEPD,HV,1,TV7447,99,2026-08-19T03:34:22Z,2026-08-19T04:21:34Z,0.79
SP11 0HY,SEPD,HV,1,TV7447,99,2026-08-19T03:34:22Z,2026-08-19T04:21:34Z,0.79
SP11 0HZ,SEPD,HV,1,TV7447,99,2026-08-19T03:34:22Z,2026-08-19T04:21:34Z,0.79
SP11 0JA,SEPD,HV,1,TV7447,99,2026-08-19T03:34:22Z,2026-08-19T04:21:34Z,0.79
SP11 0JB,SEPD,HV,1,TV7447,99,2026-08-19T03:34:22Z,2026-08-19T04:21:34Z,0.79
SP11 0JD,SEPD,HV,1,TV7447,99,2026-08-19T03:34:22Z,2026-08-19T04:21:34Z,0.79
SP11 0JE,SEPD,HV,1,TV7447,99,2026-08-19T03:34:22Z,2026-08-19T04:21:34Z,0.79
SP11 0JF,SEPD,HV,1,TV7447,99,2026-08-19T03:34:22Z,2026-08-19T04:21:34Z,0.79
SP11 0JG,SEPD,HV,1,TV7447,99,2026-08-19T03:34:22Z,2026-08-19T04:21:34Z,0.79
SP11 0JQ,SEPD,HV,1,TV7447,99,2026-08-19T03:34:22Z,2026-08-19T04:21:34Z,0.79
SP11 0RT,SEPD,HV,1,TV7447,99,2026-08-19T03:34:22Z,2026-08-19T04:21:34Z,0.79
SP11 0RU,SEPD,HV,1,TV7447,99,2026-08-19T03:34:22Z,2026-08-19T04:21:34Z,0.79
SP11 0RX,SEPD,HV,1,TV7447,99,2026-08-19T03:34:22Z,2026-08-19T04:21:34Z,0.79
SP11 0RY,SEPD,HV,1,TV7447,99,2026-08-19T03:34:22Z,2026-08-19T04:21:34Z,0.79
SP11 0RZ,SEPD,HV,1,TV7447,99,2026-08-19T03:34:22Z,2026-08-19T04:21:34Z,0.79
SP11 0SA,SEPD,HV,1,TV7447,99,2026-08-19T03:34:22Z,2026-08-19T04:21:34Z,0.79
SP11 0SB,SEPD,HV,1,TV7447,99,2026-08-19T03:34:22Z,2026-08-19T04:21:34Z,0.79
SP11 0SD,SEPD,HV,1,TV7447,99,2026-08-19T03:34:22Z,2026-08-19T04:21:34Z,0.79
SP11 0SE,SEPD,HV,1,TV7447,99,2026-08-19T03:34:22Z,2026-08-19T04:21:34Z,0.79
SP11 0SG,SEPD,HV,1,TV7447,99,2026-08-19T03:34:22Z,2026-08-19T04:21:34Z,0.79
SP11 0SH,SEPD,HV,1,TV7447,99,2026-08-19T03:34:22Z,2026-08-19T04:21:34Z,0.79
SP11 0SQ,SEPD,HV,1,TV7447,99,2026-08-19T03:34:22Z,2026-08-19T04:21:34Z,0.79
GU10 1AB,SEPD,LV,1,TV5309,29,2026-08-17T12:59:19Z,2026-08-17T13:45:47Z,0.77
GU10 1AD,SEPD,LV,1,TV5309,29,2026-08-17T12:59:19Z,2026-08-17T13:45:47Z,0.77
GU10 1AY,SEPD,LV,1,TV5309,29,2026-08-17T12:59:19Z,2026-08-17T13:45:47Z,0.77
GU10 1AZ,SEPD,LV,1,TV5309,29,2026-08-17T12:59:19Z,2026-08-17T13:45:47Z,0.77
GU10 1BN,SEPD,LV,1,TV5309,29,2026-08-17T12:59:19Z,2026-08-17T13:45:47Z,0.77
DD2 5QZ,SHEPD,LV,1,TW3049,14,2026-08-22T15:11:28Z,2026-08-22T15:56:24Z,0.75
DD2 5RA,SHEPD,LV,1,TW3049,14,2026-08-22T15:11:28Z,2026-08-22T15:56:24Z,0.75
DD2 5RD,SHEPD,LV,1,TW3049,14,2026-08-22T15:11:28Z,2026-08-22T15:56:24Z,0.75
RG14 1AE,SEPD,LV,1,TW3104,4,2026-08-22T15:11:28Z,2026-08-22T15:56:24Z,0.75
PA42 7AB,SHEPD,HV,1,TV6412,910,2026-08-18T09:53:43Z,2026-08-18T10:37:14Z,0.73
PA42 7AF,SHEPD,HV,1,TV6412,910,2026-08-18T09:53:43Z,2026-08-18T10:37:14Z,0.73
PA42 7AH,SHEPD,HV,1,TV6412,910,2026-08-18T09:53:43Z,2026-08-18T10:37:14Z,0.73
PA42 7AJ,SHEPD,HV,1,TV6412,910,2026-08-18T09:53:43Z,2026-08-18T10:37:14Z,0.73
PA42 7AL,SHEPD,HV,1,TV6412,910,2026-08-18T09:53:43Z,2026-08-18T10:37:14Z,0.73
PA42 7AN,SHEPD,HV,1,TV6412,910,2026-08-18T09:53:43Z,2026-08-18T10:37:14Z,0.73
PA42 7AQ,SHEPD,HV,1,TV6412,910,2026-08-18T09:53:43Z,2026-08-18T10:37:14Z,0.73
PA42 7AR,SHEPD,HV,1,TV6412,910,2026-08-18T09:53:43Z,2026-08-18T10:37:14Z,0.73
PA42 7AS,SHEPD,HV,1,TV6412,910,2026-08-18T09:53:43Z,2026-08-18T10:37:14Z,0.73
PA42 7AT,SHEPD,HV,1,TV6412,910,2026-08-18T09:53:43Z,2026-08-18T10:37:14Z,0.73
PA42 7AU,SHEPD,HV,1,TV6412,910,2026-08-18T09:53:43Z,2026-08-18T10:37:14Z,0.73
PA42 7AW,SHEPD,HV,1,TV6412,910,2026-08-18T09:53:43Z,2026-08-18T10:37:14Z,0.73
PA42 7AX,SHEPD,HV,1,TV6412,910,2026-08-18T09:53:43Z,2026-08-18T10:37:14Z,0.73
PA42 7AY,SHEPD,HV,1,TV6412,910,2026-08-18T09:53:43Z,2026-08-18T10:37:14Z,0.73
PA42 7AZ,SHEPD,HV,1,TV6412,910,2026-08-18T09:53:43Z,2026-08-18T10:37:14Z,0.73
PA42 7BA,SHEPD,HV,1,TV6412,910,2026-08-18T09:53:43Z,2026-08-18T10:37:14Z,0.73
PA42 7BD,SHEPD,HV,1,TV6412,910,2026-08-18T09:53:43Z,2026-08-18T10:37:14Z,0.73
PA42 7BE,SHEPD,HV,1,TV6412,910,2026-08-18T09:53:43Z,2026-08-18T10:37:14Z,0.73
PA42 7BG,SHEPD,HV,1,TV6412,910,2026-08-18T09:53:43Z,2026-08-18T10:37:14Z,0.73
PA42 7BH,SHEPD,HV,1,TV6412,910,2026-08-18T09:53:43Z,2026-08-18T10:37:14Z,0.73
PA42 7BJ,SHEPD,HV,1,TV6412,910,2026-08-18T09:53:43Z,2026-08-18T10:37:14Z,0.73
PA42 7BL,SHEPD,HV,1,TV6412,910,2026-08-18T09:53:43Z,2026-08-18T10:37:14Z,0.73
PA42 7BN,SHEPD,HV,1,TV6412,910,2026-08-18T09:53:43Z,2026-08-18T10:37:14Z,0.73
PA42 7BP,SHEPD,HV,1,TV6412,910,2026-08-18T09:53:43Z,2026-08-18T10:37:14Z,0.73
PA42 7BQ,SHEPD,HV,1,TV6412,910,2026-08-18T09:53:43Z,2026-08-18T10:37:14Z,0.73
PA42 7BR,SHEPD,HV,1,TV6412,910,2026-08-18T09:53:43Z,2026-08-18T10:37:14Z,0.73
PA42 7BT,SHEPD,HV,1,TV6412,910,2026-08-18T09:53:43Z,2026-08-18T10:37:14Z,0.73
PA42 7BU,SHEPD,HV,1,TV6412,910,2026-08-18T09:53:43Z,2026-08-18T10:37:14Z,0.73
PA42 7BW,SHEPD,HV,1,TV6412,910,2026-08-18T09:53:43Z,2026-08-18T10:37:14Z,0.73
PA42 7BX,SHEPD,HV,1,TV6412,910,2026-08-18T09:53:43Z,2026-08-18T10:37:14Z,0.73
PA42 7BY,SHEPD,HV,1,TV6412,910,2026-08-18T09:53:43Z,2026-08-18T10:37:14Z,0.73
PA42 7BZ,SHEPD,HV,1,TV6412,910,2026-08-18T09:53:43Z,2026-08-18T10:37:14Z,0.73
PA42 7DA,SHEPD,HV,1,TV6412,910,2026-08-18T09:53:43Z,2026-08-18T10:37:14Z,0.73
PA42 7DB,SHEPD,HV,1,TV6412,910,2026-08-18T09:53:43Z,2026-08-18T10:37:14Z,0.73
PA42 7DD,SHEPD,HV,1,TV6412,910,2026-08-18T09:53:43Z,2026-08-18T10:37:14Z,0.73
PA42 7DE,SHEPD,HV,1,TV6412,910,2026-08-18T09:53:43Z,2026-08-18T10:37:14Z,0.73
PA42 7DF,SHEPD,HV,1,TV6412,910,2026-08-18T09:53:43Z,2026-08-18T10:37:14Z,0.73
PA42 7DG,SHEPD,HV,1,TV6412,910,2026-08-18T09:53:43Z,2026-08-18T10:37:14Z,0.73
PA42 7DH,SHEPD,HV,1,TV6412,910,2026-08-18T09:53:43Z,2026-08-18T10:37:14Z,0.73
PA42 7DJ,SHEPD,HV,1,TV6412,910,2026-08-18T09:53:43Z,2026-08-18T10:37:14Z,0.73
PA42 7DP,SHEPD,HV,1,TV6412,910,2026-08-18T09:53:43Z,2026-08-18T10:37:14Z,0.73
PA42 7DR,SHEPD,HV,1,TV6412,910,2026-08-18T09:53:43Z,2026-08-18T10:37:14Z,0.73
PA42 7DS,SHEPD,HV,1,TV6412,910,2026-08-18T09:53:43Z,2026-08-18T10:37:14Z,0.73
PA42 7DU,SHEPD,HV,1,TV6412,910,2026-08-18T09:53:43Z,2026-08-18T10:37:14Z,0.73
PA42 7DW,SHEPD,HV,1,TV6412,910,2026-08-18T09:53:43Z,2026-08-18T10:37:14Z,0.73
PA42 7DX,SHEPD,HV,1,TV6412,910,2026-08-18T09:53:43Z,2026-08-18T10:37:14Z,0.73
PA42 7DY,SHEPD,HV,1,TV6412,910,2026-08-18T09:53:43Z,2026-08-18T10:37:14Z,0.73
PA42 7DZ,SHEPD,HV,1,TV6412,910,2026-08-18T09:53:43Z,2026-08-18T10:37:14Z,0.73
PA42 7EA,SHEPD,HV,1,TV6412,910,2026-08-18T09:53:43Z,2026-08-18T10:37:14Z,0.73
PA42 7ED,SHEPD,HV,1,TV6412,910,2026-08-18T09:53:43Z,2026-08-18T10:37:14Z,0.73
PA42 7EF,SHEPD,HV,1,TV6412,910,2026-08-18T09:53:43Z,2026-08-18T10:37:14Z,0.73
PA42 7EG,SHEPD,HV,1,TV6412,910,2026-08-18T09:53:43Z,2026-08-18T10:37:14Z,0.73
PA42 7EH,SHEPD,HV,1,TV6412,910,2026-08-18T09:53:43Z,2026-08-18T10:37:14Z,0.73
PA42 7EJ,SHEPD,HV,1,TV6412,910,2026-08-18T09:53:43Z,2026-08-18T10:37:14Z,0.73
PA42 7EL,SHEPD,HV,1,TV6412,910,2026-08-18T09:53:43Z,2026-08-18T10:37:14Z,0.73
PA42 7EP,SHEPD,HV,1,TV6412,910,2026-08-18T09:53:43Z,2026-08-18T10:37:14Z,0.73
PA42 7ER,SHEPD,HV,1,TV6412,910,2026-08-18T09:53:43Z,2026-08-18T10:37:14Z,0.73
PA43 7JF,SHEPD,HV,1,TV6412,910,2026-08-18T09:53:43Z,2026-08-18T10:37:14Z,0.73
PA43 7JJ,SHEPD,HV,1,TV6412,910,2026-08-18T09:53:43Z,2026-08-18T10:37:14Z,0.73
PA43 7JQ,SHEPD,HV,1,TV6412,910,2026-08-18T09:53:43Z,2026-08-18T10:37:14Z,0.73
PA46 7RB,SHEPD,HV,1,TV6412,910,2026-08-18T09:53:43Z,2026-08-18T10:37:14Z,0.73
AB42 4JU,SHEPD,HV,1,TW2938,23,2026-08-22T11:27:42Z,2026-08-22T12:10:52Z,0.72
AB43 8QA,SHEPD,HV,1,TW2938,23,2026-08-22T11:27:42Z,2026-08-22T12:10:52Z,0.72
AB43 8QD,SHEPD,HV,1,TW2938,23,2026-08-22T11:27:42Z,2026-08-22T12:10:52Z,0.72
RG5 4NR,SEPD,HV,1,TV4225,331,2026-08-16T19:10:23Z,2026-08-16T19:53:48Z,0.72
RG5 4PJ,SEPD,HV,1,TV4225,331,2026-08-16T19:10:23Z,2026-08-16T19:53:48Z,0.72
DT2 7BG,SEPD,HV,1,TV8930,29,2026-08-19T18:12:57Z,2026-08-19T18:55:23Z,0.71
DT2 8BE,SEPD,HV,1,TV8930,29,2026-08-19T18:12:57Z,2026-08-19T18:55:23Z,0.71
DT2 8BF,SEPD,HV,1,TV8930,29,2026-08-19T18:12:57Z,2026-08-19T18:55:23Z,0.71
DT2 8BG,SEPD,HV,1,TV8930,29,2026-08-19T18:12:57Z,2026-08-19T18:55:23Z,0.71
DT2 8BH,SEPD,HV,1,TV8930,29,2026-08-19T18:12:57Z,2026-08-19T18:55:23Z,0.71
DT2 8BJ,SEPD,HV,1,TV8930,29,2026-08-19T18:12:57Z,2026-08-19T18:55:23Z,0.71
DT2 8BL,SEPD,HV,1,TV8930,29,2026-08-19T18:12:57Z,2026-08-19T18:55:23Z,0.71
DT2 8BN,SEPD,HV,1,TV8930,29,2026-08-19T18:12:57Z,2026-08-19T18:55:23Z,0.71
DT2 8BP,SEPD,HV,1,TV8930,29,2026-08-19T18:12:57Z,2026-08-19T18:55:23Z,0.71
DT2 8BQ,SEPD,HV,1,TV8930,29,2026-08-19T18:12:57Z,2026-08-19T18:55:23Z,0.71
DT2 8BS,SEPD,HV,1,TV8930,29,2026-08-19T18:12:57Z,2026-08-19T18:55:23Z,0.71
DT2 8BT,SEPD,HV,1,TV8930,29,2026-08-19T18:12:57Z,2026-08-19T18:55:23Z,0.71
DT2 8BU,SEPD,HV,1,TV8930,29,2026-08-19T18:12:57Z,2026-08-19T18:55:23Z,0.71
DT2 8BW,SEPD,HV,1,TV8930,29,2026-08-19T18:12:57Z,2026-08-19T18:55:23Z,0.71
DT2 8BX,SEPD,HV,1,TV8930,29,2026-08-19T18:12:57Z,2026-08-19T18:55:23Z,0.71
DT2 8DU,SEPD,HV,1,TV8930,29,2026-08-19T18:12:57Z,2026-08-19T18:55:23Z,0.71
DT2 8DX,SEPD,HV,1,TV8930,29,2026-08-19T18:12:57Z,2026-08-19T18:55:23Z,0.71
DT2 8DY,SEPD,HV,1,TV8930,29,2026-08-19T18:12:57Z,2026-08-19T18:55:23Z,0.71
DT2 8EX,SEPD,HV,1,TV8930,29,2026-08-19T18:12:57Z,2026-08-19T18:55:23Z,0.71
DT2 8FB,SEPD,HV,1,TV8930,29,2026-08-19T18:12:57Z,2026-08-19T18:55:23Z,0.71
DT2 8FH,SEPD,HV,1,TV8930,29,2026-08-19T18:12:57Z,2026-08-19T18:55:23Z,0.71
DT2 8FL,SEPD,HV,1,TV8930,29,2026-08-19T18:12:57Z,2026-08-19T18:55:23Z,0.71
DT2 8FR,SEPD,HV,1,TV8930,29,2026-08-19T18:12:57Z,2026-08-19T18:55:23Z,0.71
DT2 8FU,SEPD,HV,1,TV8930,29,2026-08-19T18:12:57Z,2026-08-19T18:55:23Z,0.71
DT2 8GA,SEPD,HV,1,TV8930,29,2026-08-19T18:12:57Z,2026-08-19T18:55:23Z,0.71
DT2 8GG,SEPD,HV,1,TV8930,29,2026-08-19T18:12:57Z,2026-08-19T18:55:23Z,0.71
DT2 8GR,SEPD,HV,1,TV8930,29,2026-08-19T18:12:57Z,2026-08-19T18:55:23Z,0.71
DT2 8HF,SEPD,HV,1,TV8930,29,2026-08-19T18:12:57Z,2026-08-19T18:55:23Z,0.71
DT2 8HG,SEPD,HV,1,TV8930,29,2026-08-19T18:12:57Z,2026-08-19T18:55:23Z,0.71
DT2 8HH,SEPD,HV,1,TV8930,29,2026-08-19T18:12:57Z,2026-08-19T18:55:23Z,0.71
DT2 8HJ,SEPD,HV,1,TV8930,29,2026-08-19T18:12:57Z,2026-08-19T18:55:23Z,0.71
DT2 8HQ,SEPD,HV,1,TV8930,29,2026-08-19T18:12:57Z,2026-08-19T18:55:23Z,0.71
DT2 8HU,SEPD,HV,1,TV8930,29,2026-08-19T18:12:57Z,2026-08-19T18:55:23Z,0.71
DT2 8HW,SEPD,HV,1,TV8930,29,2026-08-19T18:12:57Z,2026-08-19T18:55:23Z,0.71
DT2 8HY,SEPD,HV,1,TV8930,29,2026-08-19T18:12:57Z,2026-08-19T18:55:23Z,0.71
DT2 8HZ,SEPD,HV,1,TV8930,29,2026-08-19T18:12:57Z,2026-08-19T18:55:23Z,0.71
DT2 8JA,SEPD,HV,1,TV8930,29,2026-08-19T18:12:57Z,2026-08-19T18:55:23Z,0.71
DT2 8JB,SEPD,HV,1,TV8930,29,2026-08-19T18:12:57Z,2026-08-19T18:55:23Z,0.71
DT2 8JD,SEPD,HV,1,TV8930,29,2026-08-19T18:12:57Z,2026-08-19T18:55:23Z,0.71
DT2 8JE,SEPD,HV,1,TV8930,29,2026-08-19T18:12:57Z,2026-08-19T18:55:23Z,0.71
DT2 8JF,SEPD,HV,1,TV8930,29,2026-08-19T18:12:57Z,2026-08-19T18:55:23Z,0.71
DT2 8JG,SEPD,HV,1,TV8930,29,2026-08-19T18:12:57Z,2026-08-19T18:55:23Z,0.71
DT2 8JQ,SEPD,HV,1,TV8930,29,2026-08-19T18:12:57Z,2026-08-19T18:55:23Z,0.71
DT2 8LZ,SEPD,HV,1,TV8930,29,2026-08-19T18:12:57Z,2026-08-19T18:55:23Z,0.71
DT2 8NA,SEPD,HV,1,TV8930,29,2026-08-19T18:12:57Z,2026-08-19T18:55:23Z,0.71
DT2 8NB,SEPD,HV,1,TV8930,29,2026-08-19T18:12:57Z,2026-08-19T18:55:23Z,0.71
DT2 8ND,SEPD,HV,1,TV8930,29,2026-08-19T18:12:57Z,2026-08-19T18:55:23Z,0.71
DT2 8TN,SEPD,HV,1,TV8930,29,2026-08-19T18:12:57Z,2026-08-19T18:55:23Z,0.71
DT2 8TP,SEPD,HV,1,TV8930,29,2026-08-19T18:12:57Z,2026-08-19T18:55:23Z,0.71
DT2 8TR,SEPD,HV,1,TV8930,29,2026-08-19T18:12:57Z,2026-08-19T18:55:23Z,0.71
DT2 8TS,SEPD,HV,1,TV8930,29,2026-08-19T18:12:57Z,2026-08-19T18:55:23Z,0.71
DT2 8TT,SEPD,HV,1,TV8930,29,2026-08-19T18:12:57Z,2026-08-19T18:55:23Z,0.71
DT2 8TU,SEPD,HV,1,TV8930,29,2026-08-19T18:12:57Z,2026-08-19T18:55:23Z,0.71
DT2 8TW,SEPD,HV,1,TV8930,29,2026-08-19T18:12:57Z,2026-08-19T18:55:23Z,0.71
DT2 8TX,SEPD,HV,1,TV8930,29,2026-08-19T18:12:57Z,2026-08-19T18:55:23Z,0.71
DT2 8TY,SEPD,HV,1,TV8930,29,2026-08-19T18:12:57Z,2026-08-19T18:55:23Z,0.71
DT2 8TZ,SEPD,HV,1,TV8930,29,2026-08-19T18:12:57Z,2026-08-19T18:55:23Z,0.71
DT2 8UD,SEPD,HV,1,TV8930,29,2026-08-19T18:12:57Z,2026-08-19T18:55:23Z,0.71
DT2 8UF,SEPD,HV,1,TV8930,29,2026-08-19T18:12:57Z,2026-08-19T18:55:23Z,0.71
DT2 8UP,SEPD,HV,1,TV8930,29,2026-08-19T18:12:57Z,2026-08-19T18:55:23Z,0.71
DT2 8UR,SEPD,HV,1,TV8930,29,2026-08-19T18:12:57Z,2026-08-19T18:55:23Z,0.71
DT2 8UT,SEPD,HV,1,TV8930,29,2026-08-19T18:12:57Z,2026-08-19T18:55:23Z,0.71
DT2 8UU,SEPD,HV,1,TV8930,29,2026-08-19T18:12:57Z,2026-08-19T18:55:23Z,0.71
DT2 8UW,SEPD,HV,1,TV8930,29,2026-08-19T18:12:57Z,2026-08-19T18:55:23Z,0.71
DT2 8WJ,SEPD,HV,1,TV8930,29,2026-08-19T18:12:57Z,2026-08-19T18:55:23Z,0.71
DT2 8WL,SEPD,HV,1,TV8930,29,2026-08-19T18:12:57Z,2026-08-19T18:55:23Z,0.71
DT2 8WN,SEPD,HV,1,TV8930,29,2026-08-19T18:12:57Z,2026-08-19T18:55:23Z,0.71
DT2 8WP,SEPD,HV,1,TV8930,29,2026-08-19T18:12:57Z,2026-08-19T18:55:23Z,0.71
DT2 8WR,SEPD,HV,1,TV8930,29,2026-08-19T18:12:57Z,2026-08-19T18:55:23Z,0.71
DT2 8WS,SEPD,HV,1,TV8930,29,2026-08-19T18:12:57Z,2026-08-19T18:55:23Z,0.71
DT2 8WT,SEPD,HV,1,TV8930,29,2026-08-19T18:12:57Z,2026-08-19T18:55:23Z,0.71
DT2 8WU,SEPD,HV,1,TV8930,29,2026-08-19T18:12:57Z,2026-08-19T18:55:23Z,0.71
DT2 8WW,SEPD,HV,1,TV8930,29,2026-08-19T18:12:57Z,2026-08-19T18:55:23Z,0.71
DT2 8XQ,SEPD,HV,1,TV8930,29,2026-08-19T18:12:57Z,2026-08-19T18:55:23Z,0.71
DT2 8XR,SEPD,HV,1,TV8930,29,2026-08-19T18:12:57Z,2026-08-19T18:55:23Z,0.71
DT2 8XS,SEPD,HV,1,TV8930,29,2026-08-19T18:12:57Z,2026-08-19T18:55:23Z,0.71
DT2 8XT,SEPD,HV,1,TV8930,29,2026-08-19T18:12:57Z,2026-08-19T18:55:23Z,0.71
DT2 8XU,SEPD,HV,1,TV8930,29,2026-08-19T18:12:57Z,2026-08-19T18:55:23Z,0.71
DT2 8ZA,SEPD,HV,1,TV8930,29,2026-08-19T18:12:57Z,2026-08-19T18:55:23Z,0.71
DT2 8ZG,SEPD,HV,1,TV8930,29,2026-08-19T18:12:57Z,2026-08-19T18:55:23Z,0.71
DT2 8ZH,SEPD,HV,1,TV8930,29,2026-08-19T18:12:57Z,2026-08-19T18:55:23Z,0.71
DT2 8ZJ,SEPD,HV,1,TV8930,29,2026-08-19T18:12:57Z,2026-08-19T18:55:23Z,0.71
DT2 9HZ,SEPD,HV,1,TV8930,29,2026-08-19T18:12:57Z,2026-08-19T18:55:23Z,0.71
DT3 6EZ,SEPD,HV,1,TV8930,29,2026-08-19T18:12:57Z,2026-08-19T18:55:23Z,0.71
SN2 2RD,SEPD,LV,1,TV4447,27,2026-08-16T21:13:49Z,2026-08-16T21:56:05Z,0.7
SN2 2RE,SEPD,LV,1,TV4447,27,2026-08-16T21:13:49Z,2026-08-16T21:56:05Z,0.7
SN2 2SZ,SEPD,LV,1,TV4447,27,2026-08-16T21:13:49Z,2026-08-16T21:56:05Z,0.7
SN2 2TD,SEPD,LV,1,TV4447,27,2026-08-16T21:13:49Z,2026-08-16T21:56:05Z,0.7
SN2 2TT,SEPD,LV,1,TV4447,27,2026-08-16T21:13:49Z,2026-08-16T21:56:05Z,0.7
KW9 6NB,SHEPD,PSI,1,253362,37,2026-08-19T08:18:34Z,2026-08-19T08:59:42Z,0.69
KW9 6ND,SHEPD,PSI,1,253362,37,2026-08-19T08:18:34Z,2026-08-19T08:59:42Z,0.69
KW9 6NP,SHEPD,PSI,1,253362,37,2026-08-19T08:18:34Z,2026-08-19T08:59:42Z,0.69
SO18 3NL,SEPD,LV,1,TW1255,20,2026-08-21T03:45:15Z,2026-08-21T04:25:21Z,0.67
SO18 5PS,SEPD,LV,1,TW1255,20,2026-08-21T03:45:15Z,2026-08-21T04:25:21Z,0.67
SO18 5PT,SEPD,LV,1,TW1255,20,2026-08-21T03:45:15Z,2026-08-21T04:25:21Z,0.67
SO18 5PU,SEPD,LV,1,TW1255,20,2026-08-21T03:45:15Z,2026-08-21T04:25:21Z,0.67
SO18 5PX,SEPD,LV,1,TW1255,20,2026-08-21T03:45:15Z,2026-08-21T04:25:21Z,0.67
DD9 6SR,SHEPD,HV,1,TV3705,13,2026-08-16T07:04:49Z,2026-08-16T07:44:25Z,0.66
DD9 6SS,SHEPD,HV,1,TV3705,13,2026-08-16T07:04:49Z,2026-08-16T07:44:25Z,0.66
DD9 6ST,SHEPD,HV,1,TV3705,13,2026-08-16T07:04:49Z,2026-08-16T07:44:25Z,0.66
DD9 6SU,SHEPD,HV,1,TV3705,13,2026-08-16T07:04:49Z,2026-08-16T07:44:25Z,0.66
DD9 6TP,SHEPD,HV,1,TV3705,13,2026-08-16T07:04:49Z,2026-08-16T07:44:25Z,0.66
PO4 0JW,SEPD,LV,1,TV3690,48,2026-08-16T07:04:49Z,2026-08-16T07:44:25Z,0.66
PO5 1NS,SEPD,LV,1,TV3690,48,2026-08-16T07:04:49Z,2026-08-16T07:44:25Z,0.66
PO5 1NT,SEPD,LV,1,TV3690,48,2026-08-16T07:04:49Z,2026-08-16T07:44:25Z,0.66
PO5 1PJ,SEPD,LV,1,TV3690,48,2026-08-16T07:04:49Z,2026-08-16T07:44:25Z,0.66
PO5 2SA,SEPD,LV,1,TV3690,48,2026-08-16T07:04:49Z,2026-08-16T07:44:25Z,0.66
PO5 2SQ,SEPD,LV,1,TV3690,48,2026-08-16T07:04:49Z,2026-08-16T07:44:25Z,0.66
RG40 3DN,SEPD,PSI,1,252989,16,2026-08-16T22:29:57Z,2026-08-16T23:09:35Z,0.66
RG40 3DW,SEPD,PSI,1,252989,16,2026-08-16T22:29:57Z,2026-08-16T23:09:35Z,0.66
RG40 3EE,SEPD,PSI,1,252989,16,2026-08-16T22:29:57Z,2026-08-16T23:09:35Z,0.66
SP3 5PR,SEPD,HV,2,"TV7529,TV7530",230,2026-08-19T04:59:22Z,2026-08-19T05:38:25Z,0.65
SP3 5PS,SEPD,HV,2,"TV7529,TV7530",230,2026-08-19T04:59:22Z,2026-08-19T05:38:25Z,0.65
SP3 5PT,SEPD,HV,2,"TV7529,TV7530",230,2026-08-19T04:59:22Z,2026-08-19T05:38:25Z,0.65
SP3 5PU,SEPD,HV,2,"TV7529,TV7530",230,2026-08-19T04:59:22Z,2026-08-19T05:38:25Z,0.65
SP3 5PX,SEPD,HV,2,"TV7529,TV7530",230,2026-08-19T04:59:22Z,2026-08-19T05:38:25Z,0.65
SP3 5PY,SEPD,HV,2,"TV7529,TV7530",230,2026-08-19T04:59:22Z,2026-08-19T05:38:25Z,0.65
SP3 5PZ,SEPD,HV,2,"TV7529,TV7530",230,2026-08-19T04:59:22Z,2026-08-19T05:38:25Z,0.65
SP3 5QA,SEPD,HV,2,"TV7529,TV7530",230,2026-08-19T04:59:22Z,2026-08-19T05:38:25Z,0.65
SP3 5QB,SEPD,HV,2,"TV7529,TV7530",230,2026-08-19T04:59:22Z,2026-08-19T05:38:25Z,0.65
SP3 6RH,SEPD,HV,2,"TV7529,TV7530",230,2026-08-19T04:59:22Z,2026-08-19T05:38:25Z,0.65
SP3 6RP,SEPD,HV,2,"TV7529,TV7530",230,2026-08-19T04:59:22Z,2026-08-19T05:38:25Z,0.65
DD10 9LL,SHEPD,HV,1,TW2825,30,2026-08-22T09:03:42Z,2026-08-22T09:40:47Z,0.62
GU3 2AD,SEPD,PSI,1,252886,2,2026-08-21T08:52:50Z,2026-08-21T09:29:52Z,0.62
GU8 6HT,SEPD,LV,1,TV3037,12,2026-08-15T19:32:57Z,2026-08-15T20:09:01Z,0.6
GU8 6HU,SEPD,LV,1,TV3037,12,2026-08-15T19:32:57Z,2026-08-15T20:09:01Z,0.6
GU8 6HX,SEPD,LV,1,TV3037,12,2026-08-15T19:32:57Z,2026-08-15T20:09:01Z,0.6
GU8 6HZ,SEPD,LV,1,TV3037,12,2026-08-15T19:32:57Z,2026-08-15T20:09:01Z,0.6
GU8 6LA,SEPD,LV,1,TV3037,12,2026-08-15T19:32:57Z,2026-08-15T20:09:01Z,0.6
GU8 6LB,SEPD,LV,1,TV3037,12,2026-08-15T19:32:57Z,2026-08-15T20:09:01Z,0.6
RG2 9QG,SEPD,LV,1,TV6115,8,2026-08-18T09:17:56Z,2026-08-18T09:53:43Z,0.6
SN14 0RU,SEPD,LV,1,TV3492,5,2026-08-15T19:32:57Z,2026-08-15T20:09:01Z,0.6
SN14 0SB,SEPD,LV,1,TV3492,5,2026-08-15T19:32:57Z,2026-08-15T20:09:01Z,0.6
AB12 5YD,SHEPD,LV,1,TW0954,2,2026-08-20T20:13:08Z,2026-08-20T20:48:41Z,0.59
FK15 9HU,SHEPD,LV,1,TV6452,13,2026-08-18T11:01:30Z,2026-08-18T11:34:51Z,0.56
FK15 9HX,SHEPD,LV,1,TV6452,13,2026-08-18T11:01:30Z,2026-08-18T11:34:51Z,0.56
FK15 9JS,SHEPD,LV,1,TV6452,13,2026-08-18T11:01:30Z,2026-08-18T11:34:51Z,0.56
IV14 9BT,SHEPD,LV,1,TV6205,3,2026-08-18T13:51:36Z,2026-08-18T14:22:42Z,0.52
IV14 9EP,SHEPD,LV,1,TV6205,3,2026-08-18T13:51:36Z,2026-08-18T14:22:42Z,0.52
IV14 9ET,SHEPD,LV,1,TV6205,3,2026-08-18T13:51:36Z,2026-08-18T14:22:42Z,0.52
IV22 2JU,SHEPD,PSI,1,253482,15,2026-08-18T13:51:36Z,2026-08-18T14:22:42Z,0.52
IV22 2JY,SHEPD,PSI,1,253482,15,2026-08-18T13:51:36Z,2026-08-18T14:22:42Z,0.52
PO8 8ND,SEPD,LV,1,TV8559,24,2026-08-19T14:42:27Z,2026-08-19T15:13:14Z,0.51
PO8 9UN,SEPD,LV,1,TV8559,24,2026-08-19T14:42:27Z,2026-08-19T15:13:14Z,0.51
PO8 9UW,SEPD,LV,1,TV8559,24,2026-08-19T14:42:27Z,2026-08-19T15:13:14Z,0.51
AB41,SHEPD,HV,1,TV9818,268,2026-08-20T09:42:52Z,2026-08-20T10:12:56Z,0.5
AB41 6AD,SHEPD,HV,1,TV9818,268,2026-08-20T09:42:52Z,2026-08-20T10:12:56Z,0.5
AB41 6AF,SHEPD,HV,1,TV9818,268,2026-08-20T09:42:52Z,2026-08-20T10:12:56Z,0.5
AB41 6AG,SHEPD,HV,1,TV9818,268,2026-08-20T09:42:52Z,2026-08-20T10:12:56Z,0.5
AB41 6AJ,SHEPD,HV,1,TV9818,268,2026-08-20T09:42:52Z,2026-08-20T10:12:56Z,0.5
AB41 6AL,SHEPD,HV,1,TV9818,268,2026-08-20T09:42:52Z,2026-08-20T10:12:56Z,0.5
AB41 6AX,SHEPD,HV,1,TV9818,268,2026-08-20T09:42:52Z,2026-08-20T10:12:56Z,0.5
AB41 6AY,SHEPD,HV,1,TV9818,268,2026-08-20T09:42:52Z,2026-08-20T10:12:56Z,0.5
AB41 6AZ,SHEPD,HV,1,TV9818,268,2026-08-20T09:42:52Z,2026-08-20T10:12:56Z,0.5
AB41 6BA,SHEPD,HV,1,TV9818,268,2026-08-20T09:42:52Z,2026-08-20T10:12:56Z,0.5
AB41 6BB,SHEPD,HV,1,TV9818,268,2026-08-20T09:42:52Z,2026-08-20T10:12:56Z,0.5
AB41 6BT,SHEPD,HV,1,TV9818,268,2026-08-20T09:42:52Z,2026-08-20T10:12:56Z,0.5
AB41 6DB,SHEPD,HV,1,TV9818,268,2026-08-20T09:42:52Z,2026-08-20T10:12:56Z,0.5
AB41 6DD,SHEPD,HV,1,TV9818,268,2026-08-20T09:42:52Z,2026-08-20T10:12:56Z,0.5
AB41 6DE,SHEPD,HV,1,TV9818,268,2026-08-20T09:42:52Z,2026-08-20T10:12:56Z,0.5
AB41 6DF,SHEPD,HV,1,TV9818,268,2026-08-20T09:42:52Z,2026-08-20T10:12:56Z,0.5
AB41 6DG,SHEPD,HV,1,TV9818,268,2026-08-20T09:42:52Z,2026-08-20T10:12:56Z,0.5
AB41 6DH,SHEPD,HV,1,TV9818,268,2026-08-20T09:42:52Z,2026-08-20T10:12:56Z,0.5
AB41 6DJ,SHEPD,HV,1,TV9818,268,2026-08-20T09:42:52Z,2026-08-20T10:12:56Z,0.5
AB41 6DL,SHEPD,HV,1,TV9818,268,2026-08-20T09:42:52Z,2026-08-20T10:12:56Z,0.5
AB41 6HA,SHEPD,HV,1,TV9818,268,2026-08-20T09:42:52Z,2026-08-20T10:12:56Z,0.5
AB41 6HG,SHEPD,HV,1,TV9818,268,2026-08-20T09:42:52Z,2026-08-20T10:12:56Z,0.5
AB41 6QQ,SHEPD,HV,1,TV9818,268,2026-08-20T09:42:52Z,2026-08-20T10:12:56Z,0.5
AB41 6QR,SHEPD,HV,1,TV9818,268,2026-08-20T09:42:52Z,2026-08-20T10:12:56Z,0.5
AB41 6QS,SHEPD,HV,1,TV9818,268,2026-08-20T09:42:52Z,2026-08-20T10:12:56Z,0.5
AB41 6QT,SHEPD,HV,1,TV9818,268,2026-08-20T09:42:52Z,2026-08-20T10:12:56Z,0.5
AB41 6QZ,SHEPD,HV,1,TV9818,268,2026-08-20T09:42:52Z,2026-08-20T10:12:56Z,0.5
AB41 6RE,SHEPD,HV,1,TV9818,268,2026-08-20T09:42:52Z,2026-08-20T10:12:56Z,0.5
AB41 6RH,SHEPD,HV,1,TV9818,268,2026-08-20T09:42:52Z,2026-08-20T10:12:56Z,0.5
AB41 7RJ,SHEPD,HV,1,TV9818,268,2026-08-20T09:42:52Z,2026-08-20T10:12:56Z,0.5
AB41 7RN,SHEPD,HV,1,TV9818,268,2026-08-20T09:42:52Z,2026-08-20T10:12:56Z,0.5
AB41 7RP,SHEPD,HV,1,TV9818,268,2026-08-20T09:42:52Z,2026-08-20T10:12:56Z,0.5
RG8 0LJ,SEPD,HV,1,TV5926,495,2026-08-18T05:50:05Z,2026-08-18T06:18:43Z,0.48
RG8 0LR,SEPD,HV,1,TV5926,495,2026-08-18T05:50:05Z,2026-08-18T06:18:43Z,0.48
RG8 0LS,SEPD,HV,1,TV5926,495,2026-08-18T05:50:05Z,2026-08-18T06:18:43Z,0.48
RG8 0PA,SEPD,HV,1,TV5926,495,2026-08-18T05:50:05Z,2026-08-18T06:18:43Z,0.48
RG8 0PB,SEPD,HV,1,TV5926,495,2026-08-18T05:50:05Z,2026-08-18T06:18:43Z,0.48
RG8 0PD,SEPD,HV,1,TV5926,495,2026-08-18T05:50:05Z,2026-08-18T06:18:43Z,0.48
RG8 0PG,SEPD,HV,1,TV5926,495,2026-08-18T05:50:05Z,2026-08-18T06:18:43Z,0.48
RG8 0PL,SEPD,HV,1,TV5926,495,2026-08-18T05:50:05Z,2026-08-18T06:18:43Z,0.48
RG8 0PN,SEPD,HV,1,TV5926,495,2026-08-18T05:50:05Z,2026-08-18T06:18:43Z,0.48
RG8 0PP,SEPD,HV,1,TV5926,495,2026-08-18T05:50:05Z,2026-08-18T06:18:43Z,0.48
RG8 0PR,SEPD,HV,1,TV5926,495,2026-08-18T05:50:05Z,2026-08-18T06:18:43Z,0.48
RG8 0PS,SEPD,HV,1,TV5926,495,2026-08-18T05:50:05Z,2026-08-18T06:18:43Z,0.48
RG8 0PT,SEPD,HV,1,TV5926,495,2026-08-18T05:50:05Z,2026-08-18T06:18:43Z,0.48
RG8 0PW,SEPD,HV,1,TV5926,495,2026-08-18T05:50:05Z,2026-08-18T06:18:43Z,0.48
RG8 0PX,SEPD,HV,1,TV5926,495,2026-08-18T05:50:05Z,2026-08-18T06:18:43Z,0.48
RG8 0PY,SEPD,HV,1,TV5926,495,2026-08-18T05:50:05Z,2026-08-18T06:18:43Z,0.48
RG8 0QA,SEPD,HV,1,TV5926,495,2026-08-18T05:50:05Z,2026-08-18T06:18:43Z,0.48
RG8 0QB,SEPD,HV,1,TV5926,495,2026-08-18T05:50:05Z,2026-08-18T06:18:43Z,0.48
RG8 0QH,SEPD,HV,1,TV5926,495,2026-08-18T05:50:05Z,2026-08-18T06:18:43Z,0.48
RG8 0QJ,SEPD,HV,1,TV5926,495,2026-08-18T05:50:05Z,2026-08-18T06:18:43Z,0.48
RG8 0QN,SEPD,HV,1,TV5926,495,2026-08-18T05:50:05Z,2026-08-18T06:18:43Z,0.48
RG8 0QR,SEPD,HV,1,TV5926,495,2026-08-18T05:50:05Z,2026-08-18T06:18:43Z,0.48
RG8 0QW,SEPD,HV,1,TV5926,495,2026-08-18T05:50:05Z,2026-08-18T06:18:43Z,0.48
RG8 0QX,SEPD,HV,1,TV5926,495,2026-08-18T05:50:05Z,2026-08-18T06:18:43Z,0.48
RG8 0QY,SEPD,HV,1,TV5926,495,2026-08-18T05:50:05Z,2026-08-18T06:18:43Z,0.48
RG8 0RA,SEPD,HV,1,TV5926,495,2026-08-18T05:50:05Z,2026-08-18T06:18:43Z,0.48
RG8 0RL,SEPD,HV,1,TV5926,495,2026-08-18T05:50:05Z,2026-08-18T06:18:43Z,0.48
RG8 0RN,SEPD,HV,1,TV5926,495,2026-08-18T05:50:05Z,2026-08-18T06:18:43Z,0.48
RG8 0RP,SEPD,HV,1,TV5926,495,2026-08-18T05:50:05Z,2026-08-18T06:18:43Z,0.48
RG8 0RR,SEPD,HV,1,TV5926,495,2026-08-18T05:50:05Z,2026-08-18T06:18:43Z,0.48
RG8 0RT,SEPD,HV,1,TV5926,495,2026-08-18T05:50:05Z,2026-08-18T06:18:43Z,0.48
RG8 0SD,SEPD,HV,1,TV5926,495,2026-08-18T05:50:05Z,2026-08-18T06:18:43Z,0.48
IV17 0PB,SHEPD,PSI,1,253955,37,2026-08-20T19:44:52Z,2026-08-20T20:13:08Z,0.47
IV17 0PD,SHEPD,PSI,1,253955,37,2026-08-20T19:44:52Z,2026-08-20T20:13:08Z,0.47
IV17 0PE,SHEPD,PSI,1,253955,37,2026-08-20T19:44:52Z,2026-08-20T20:13:08Z,0.47
IV17 0PG,SHEPD,PSI,1,253955,37,2026-08-20T19:44:52Z,2026-08-20T20:13:08Z,0.47
IV17 0PJ,SHEPD,PSI,1,253955,37,2026-08-20T19:44:52Z,2026-08-20T20:13:08Z,0.47
IV17 0XS,SHEPD,PSI,1,253955,37,2026-08-20T19:44:52Z,2026-08-20T20:13:08Z,0.47
SO31 8GZ,SEPD,LV,1,TW0973,30,2026-08-20T19:44:52Z,2026-08-20T20:13:08Z,0.47
SO31 8HD,SEPD,LV,1,TW0973,30,2026-08-20T19:44:52Z,2026-08-20T20:13:08Z,0.47
OX4 3BW,SEPD,LV,1,TV3784,24,2026-08-19T15:48:17Z,2026-08-19T16:14:52Z,0.44
OX4 3JL,SEPD,LV,1,TV3784,24,2026-08-19T15:48:17Z,2026-08-19T16:14:52Z,0.44
OX4 3LF,SEPD,LV,1,TV3784,24,2026-08-19T15:48:17Z,2026-08-19T16:14:52Z,0.44
OX4 3LN,SEPD,LV,1,TV3784,24,2026-08-19T15:48:17Z,2026-08-19T16:14:52Z,0.44
OX4 3NE,SEPD,LV,1,TV3784,24,2026-08-19T15:48:17Z,2026-08-19T16:14:52Z,0.44
OX49 5RD,SEPD,LV,1,TV5728,9,2026-08-17T20:35:28Z,2026-08-17T21:01:51Z,0.44
DD8 3FF,SHEPD,HV,1,TW3168,43,2026-08-22T16:33:41Z,2026-08-22T16:59:09Z,0.42
DD8 3FG,SHEPD,HV,1,TW3168,43,2026-08-22T16:33:41Z,2026-08-22T16:59:09Z,0.42
DD8 3PZ,SHEPD,HV,1,TW3168,43,2026-08-22T16:33:41Z,2026-08-22T16:59:09Z,0.42
DD8 3QA,SHEPD,HV,1,TW3168,43,2026-08-22T16:33:41Z,2026-08-22T16:59:09Z,0.42
DD8 3QL,SHEPD,HV,1,TW3168,43,2026-08-22T16:33:41Z,2026-08-22T16:59:09Z,0.42
DD8 3QR,SHEPD,HV,1,TW3168,43,2026-08-22T16:33:41Z,2026-08-22T16:59:09Z,0.42
DD8 3QS,SHEPD,HV,1,TW3168,43,2026-08-22T16:33:41Z,2026-08-22T16:59:09Z,0.42
DD8 3QT,SHEPD,HV,1,TW3168,43,2026-08-22T16:33:41Z,2026-08-22T16:59:09Z,0.42
DD8 3QU,SHEPD,HV,1,TW3168,43,2026-08-22T16:33:41Z,2026-08-22T16:59:09Z,0.42
DD8 3QW,SHEPD,HV,1,TW3168,43,2026-08-22T16:33:41Z,2026-08-22T16:59:09Z,0.42
DD8 3SH,SHEPD,HV,1,TW3168,43,2026-08-22T16:33:41Z,2026-08-22T16:59:09Z,0.42
DD8 3SJ,SHEPD,HV,1,TW3168,43,2026-08-22T16:33:41Z,2026-08-22T16:59:09Z,0.42
DD8 3SN,SHEPD,HV,1,TW3168,43,2026-08-22T16:33:41Z,2026-08-22T16:59:09Z,0.42
DD8 3SY,SHEPD,HV,1,TW3168,43,2026-08-22T16:33:41Z,2026-08-22T16:59:09Z,0.42
DD9 6SB,SHEPD,HV,1,TW3168,43,2026-08-22T16:33:41Z,2026-08-22T16:59:09Z,0.42
DD9 6SD,SHEPD,HV,1,TW3168,43,2026-08-22T16:33:41Z,2026-08-22T16:59:09Z,0.42
DD9 6SE,SHEPD,HV,1,TW3168,43,2026-08-22T16:33:41Z,2026-08-22T16:59:09Z,0.42
DD9 7RS,SHEPD,HV,1,TW3168,43,2026-08-22T16:33:41Z,2026-08-22T16:59:09Z,0.42
SN7 7QD,SEPD,HV,2,"TV7397,TV7400",118,2026-08-19T01:45:39Z,2026-08-19T06:01:52Z,0.39
SN7 7QE,SEPD,HV,2,"TV7397,TV7400",118,2026-08-19T01:45:39Z,2026-08-19T06:01:52Z,0.39
SN7 7QF,SEPD,HV,2,"TV7397,TV7400",118,2026-08-19T01:45:39Z,2026-08-19T06:01:52Z,0.39
SN7 7RE,SEPD,HV,2,"TV7397,TV7400",118,2026-08-19T01:45:39Z,2026-08-19T06:01:52Z,0.39
OX10 0AE,SEPD,HV,1,TV5757,1575,2026-08-17T21:35:11Z,2026-08-17T21:58:45Z,0.39
OX10 0AF,SEPD,HV,1,TV5757,1575,2026-08-17T21:35:11Z,2026-08-17T21:58:45Z,0.39
OX10 0AL,SEPD,HV,1,TV5757,1575,2026-08-17T21:35:11Z,2026-08-17T21:58:45Z,0.39
OX10 0AN,SEPD,HV,1,TV5757,1575,2026-08-17T21:35:11Z,2026-08-17T21:58:45Z,0.39
OX10 0AP,SEPD,HV,1,TV5757,1575,2026-08-17T21:35:11Z,2026-08-17T21:58:45Z,0.39
OX10 0AS,SEPD,HV,1,TV5757,1575,2026-08-17T21:35:11Z,2026-08-17T21:58:45Z,0.39
OX10 0AT,SEPD,HV,1,TV5757,1575,2026-08-17T21:35:11Z,2026-08-17T21:58:45Z,0.39
OX10 0AU,SEPD,HV,1,TV5757,1575,2026-08-17T21:35:11Z,2026-08-17T21:58:45Z,0.39
OX10 0AX,SEPD,HV,1,TV5757,1575,2026-08-17T21:35:11Z,2026-08-17T21:58:45Z,0.39
OX10 0AY,SEPD,HV,1,TV5757,1575,2026-08-17T21:35:11Z,2026-08-17T21:58:45Z,0.39
OX10 0BA,SEPD,HV,1,TV5757,1575,2026-08-17T21:35:11Z,2026-08-17T21:58:45Z,0.39
OX10 0BB,SEPD,HV,1,TV5757,1575,2026-08-17T21:35:11Z,2026-08-17T21:58:45Z,0.39
OX10 0BH,SEPD,HV,1,TV5757,1575,2026-08-17T21:35:11Z,2026-08-17T21:58:45Z,0.39
OX10 0BZ,SEPD,HV,1,TV5757,1575,2026-08-17T21:35:11Z,2026-08-17T21:58:45Z,0.39
OX10 0DJ,SEPD,HV,1,TV5757,1575,2026-08-17T21:35:11Z,2026-08-17T21:58:45Z,0.39
OX10 0DL,SEPD,HV,1,TV5757,1575,2026-08-17T21:35:11Z,2026-08-17T21:58:45Z,0.39
OX10 0DN,SEPD,HV,1,TV5757,1575,2026-08-17T21:35:11Z,2026-08-17T21:58:45Z,0.39
OX10 0DP,SEPD,HV,1,TV5757,1575,2026-08-17T21:35:11Z,2026-08-17T21:58:45Z,0.39
OX10 0DR,SEPD,HV,1,TV5757,1575,2026-08-17T21:35:11Z,2026-08-17T21:58:45Z,0.39
OX10 0DS,SEPD,HV,1,TV5757,1575,2026-08-17T21:35:11Z,2026-08-17T21:58:45Z,0.39
OX10 0DT,SEPD,HV,1,TV5757,1575,2026-08-17T21:35:11Z,2026-08-17T21:58:45Z,0.39
OX10 0DU,SEPD,HV,1,TV5757,1575,2026-08-17T21:35:11Z,2026-08-17T21:58:45Z,0.39
OX10 0DX,SEPD,HV,1,TV5757,1575,2026-08-17T21:35:11Z,2026-08-17T21:58:45Z,0.39
OX10 0EA,SEPD,HV,1,TV5757,1575,2026-08-17T21:35:11Z,2026-08-17T21:58:45Z,0.39
OX10 0EB,SEPD,HV,1,TV5757,1575,2026-08-17T21:35:11Z,2026-08-17T21:58:45Z,0.39
OX10 0ED,SEPD,HV,1,TV5757,1575,2026-08-17T21:35:11Z,2026-08-17T21:58:45Z,0.39
OX10 0ER,SEPD,HV,1,TV5757,1575,2026-08-17T21:35:11Z,2026-08-17T21:58:45Z,0.39
OX10 0ES,SEPD,HV,1,TV5757,1575,2026-08-17T21:35:11Z,2026-08-17T21:58:45Z,0.39
OX10 0ET,SEPD,HV,1,TV5757,1575,2026-08-17T21:35:11Z,2026-08-17T21:58:45Z,0.39
OX10 0EW,SEPD,HV,1,TV5757,1575,2026-08-17T21:35:11Z,2026-08-17T21:58:45Z,0.39
OX10 0EX,SEPD,HV,1,TV5757,1575,2026-08-17T21:35:11Z,2026-08-17T21:58:45Z,0.39
OX10 0EY,SEPD,HV,1,TV5757,1575,2026-08-17T21:35:11Z,2026-08-17T21:58:45Z,0.39
OX10 0EZ,SEPD,HV,1,TV5757,1575,2026-08-17T21:35:11Z,2026-08-17T21:58:45Z,0.39
OX10 0FF,SEPD,HV,1,TV5757,1575,2026-08-17T21:35:11Z,2026-08-17T21:58:45Z,0.39
OX10 0FH,SEPD,HV,1,TV5757,1575,2026-08-17T21:35:11Z,2026-08-17T21:58:45Z,0.39
OX10 0FJ,SEPD,HV,1,TV5757,1575,2026-08-17T21:35:11Z,2026-08-17T21:58:45Z,0.39
OX10 0FL,SEPD,HV,1,TV5757,1575,2026-08-17T21:35:11Z,2026-08-17T21:58:45Z,0.39
OX10 0FX,SEPD,HV,1,TV5757,1575,2026-08-17T21:35:11Z,2026-08-17T21:58:45Z,0.39
OX10 0GG,SEPD,HV,1,TV5757,1575,2026-08-17T21:35:11Z,2026-08-17T21:58:45Z,0.39
OX10 0HA,SEPD,HV,1,TV5757,1575,2026-08-17T21:35:11Z,2026-08-17T21:58:45Z,0.39
OX10 0HB,SEPD,HV,1,TV5757,1575,2026-08-17T21:35:11Z,2026-08-17T21:58:45Z,0.39
OX10 0HD,SEPD,HV,1,TV5757,1575,2026-08-17T21:35:11Z,2026-08-17T21:58:45Z,0.39
OX10 0HF,SEPD,HV,1,TV5757,1575,2026-08-17T21:35:11Z,2026-08-17T21:58:45Z,0.39
OX10 0HG,SEPD,HV,1,TV5757,1575,2026-08-17T21:35:11Z,2026-08-17T21:58:45Z,0.39
OX10 0LE,SEPD,HV,1,TV5757,1575,2026-08-17T21:35:11Z,2026-08-17T21:58:45Z,0.39
OX10 0PJ,SEPD,HV,1,TV5757,1575,2026-08-17T21:35:11Z,2026-08-17T21:58:45Z,0.39
OX10 0RE,SEPD,HV,1,TV5757,1575,2026-08-17T21:35:11Z,2026-08-17T21:58:45Z,0.39
OX10 0XD,SEPD,HV,1,TV5757,1575,2026-08-17T21:35:11Z,2026-08-17T21:58:45Z,0.39
SO53 1JJ,SEPD,LV,1,TV5129,20,2026-08-17T11:35:25Z,2026-08-17T11:58:37Z,0.39
SO53 1JQ,SEPD,LV,1,TV5129,20,2026-08-17T11:35:25Z,2026-08-17T11:58:37Z,0.39
SO53 1PW,SEPD,LV,1,TV5129,20,2026-08-17T11:35:25Z,2026-08-17T11:58:37Z,0.39
SO53 1SE,SEPD,LV,1,TV5129,20,2026-08-17T11:35:25Z,2026-08-17T11:58:37Z,0.39
SO53 1TA,SEPD,LV,1,TV5129,20,2026-08-17T11:35:25Z,2026-08-17T11:58:37Z,0.39
SO53 1TB,SEPD,LV,1,TV5129,20,2026-08-17T11:35:25Z,2026-08-17T11:58:37Z,0.39
PO20 9BQ,SEPD,"HV,LV",3,"TV7600,TV8233,TW1022",2000,2026-08-19T06:01:52Z,2026-08-20T22:11:28Z,0.38
RG5 4TF,SEPD,"PSI,LV",2,"253588,TW1022",136,2026-08-20T21:14:36Z,2026-08-20T22:11:28Z,0.38
BA12 0BP,SEPD,LV,1,TW1022,33,2026-08-20T21:48:49Z,2026-08-20T22:11:28Z,0.38
BA14 8RA,SEPD,LV,1,TW1022,33,2026-08-20T21:48:49Z,2026-08-20T22:11:28Z,0.38
BA21 4DR,SEPD,LV,1,TW1022,33,2026-08-20T21:48:49Z,2026-08-20T22:11:28Z,0.38
DT3 5PZ,SEPD,LV,1,TW1022,33,2026-08-20T21:48:49Z,2026-08-20T22:11:28Z,0.38
GU10 1JZ,SEPD,LV,1,TW1022,33,2026-08-20T21:48:49Z,2026-08-20T22:11:28Z,0.38
GU15 3YL,SEPD,LV,1,TW1022,33,2026-08-20T21:48:49Z,2026-08-20T22:11:28Z,0.38
GU16 8QD,SEPD,LV,1,TW1022,33,2026-08-20T21:48:49Z,2026-08-20T22:11:28Z,0.38
GU27 3PU,SEPD,LV,1,TW1022,33,2026-08-20T21:48:49Z,2026-08-20T22:11:28Z,0.38
GU7 1LB,SEPD,LV,1,TW1022,33,2026-08-20T21:48:49Z,2026-08-20T22:11:28Z,0.38
NW10 6NG,SEPD,LV,1,TW1022,33,2026-08-20T21:48:49Z,2026-08-20T22:11:28Z,0.38
OX11 7HA,SEPD,LV,1,TW1022,33,2026-08-20T21:48:49Z,2026-08-20T22:11:28Z,0.38
OX5 1RA,SEPD,LV,1,TW1022,33,2026-08-20T21:48:49Z,2026-08-20T22:11:28Z,0.38
PO18 0ND,SEPD,LV,1,TW1022,33,2026-08-20T21:48:49Z,2026-08-20T22:11:28Z,0.38
PO3 5JP,SEPD,LV,1,TW1022,33,2026-08-20T21:48:49Z,2026-08-20T22:11:28Z,0.38
PO36 0LB,SEPD,PSI,1,253236,39,2026-08-19T09:42:04Z,2026-08-19T10:04:43Z,0.38
PO36 0LD,SEPD,PSI,1,253236,39,2026-08-19T09:42:04Z,2026-08-19T10:04:43Z,0.38
PO36 0NY,SEPD,PSI,1,253236,39,2026-08-19T09:42:04Z,2026-08-19T10:04:43Z,0.38
PO36 0NZ,SEPD,PSI,1,253236,39,2026-08-19T09:42:04Z,2026-08-19T10:04:43Z,0.38
PO7 7UN,SEPD,LV,1,TW1022,33,2026-08-20T21:48:49Z,2026-08-20T22:11:28Z,0.38
PO7 7XW,SEPD,LV,1,TW1022,33,2026-08-20T21:48:49Z,2026-08-20T22:11:28Z,0.38
PO8 0DR,SEPD,LV,1,TW1022,33,2026-08-20T21:48:49Z,2026-08-20T22:11:28Z,0.38
RG1 8BN,SEPD,LV,1,TW1022,33,2026-08-20T21:48:49Z,2026-08-20T22:11:28Z,0.38
RG1 8BW,SEPD,LV,1,TW1022,33,2026-08-20T21:48:49Z,2026-08-20T22:11:28Z,0.38
RG2 6AD,SEPD,LV,1,TW1022,33,2026-08-20T21:48:49Z,2026-08-20T22:11:28Z,0.38
RG2 9AA,SEPD,LV,1,TW1022,33,2026-08-20T21:48:49Z,2026-08-20T22:11:28Z,0.38
RG22 4SB,SEPD,LV,1,TW1022,33,2026-08-20T21:48:49Z,2026-08-20T22:11:28Z,0.38
RG27 9UF,SEPD,LV,1,TW1022,33,2026-08-20T21:48:49Z,2026-08-20T22:11:28Z,0.38
RG41 5RB,SEPD,LV,1,TW1022,33,2026-08-20T21:48:49Z,2026-08-20T22:11:28Z,0.38
RG41 5TS,SEPD,LV,1,TW1022,33,2026-08-20T21:48:49Z,2026-08-20T22:11:28Z,0.38
RG6 1PT,SEPD,LV,1,TW1022,33,2026-08-20T21:48:49Z,2026-08-20T22:11:28Z,0.38
SL2 5NA,SEPD,LV,1,TW1022,33,2026-08-20T21:48:49Z,2026-08-20T22:11:28Z,0.38
SL3 6AA,SEPD,LV,1,TW1022,33,2026-08-20T21:48:49Z,2026-08-20T22:11:28Z,0.38
SL3 6JJ,SEPD,LV,1,TW1022,33,2026-08-20T21:48:49Z,2026-08-20T22:11:28Z,0.38
SL6 3LW,SEPD,LV,1,TW1022,33,2026-08-20T21:48:49Z,2026-08-20T22:11:28Z,0.38
SL6 3TN,SEPD,LV,1,TW1022,33,2026-08-20T21:48:49Z,2026-08-20T22:11:28Z,0.38
SN8 1QF,SEPD,LV,1,TW1022,33,2026-08-20T21:48:49Z,2026-08-20T22:11:28Z,0.38
SN9 5PR,SEPD,LV,1,TW1022,33,2026-08-20T21:48:49Z,2026-08-20T22:11:28Z,0.38
SO14 0YG,SEPD,LV,1,TW1022,33,2026-08-20T21:48:49Z,2026-08-20T22:11:28Z,0.38
SO21 1DG,SEPD,LV,1,TW1022,33,2026-08-20T21:48:49Z,2026-08-20T22:11:28Z,0.38
SO40 4AZ,SEPD,LV,1,TV4068,30,2026-08-16T14:30:57Z,2026-08-16T14:53:47Z,0.38
SO40 4SF,SEPD,LV,1,TV4068,30,2026-08-16T14:30:57Z,2026-08-16T14:53:47Z,0.38
SO40 4SX,SEPD,LV,1,TV4068,30,2026-08-16T14:30:57Z,2026-08-16T14:53:47Z,0.38
SO40 4UA,SEPD,LV,1,TV4068,30,2026-08-16T14:30:57Z,2026-08-16T14:53:47Z,0.38
SO40 4UD,SEPD,LV,1,TW1022,33,2026-08-20T21:48:49Z,2026-08-20T22:11:28Z,0.38
SO40 4XA,SEPD,LV,1,TV4068,30,2026-08-16T14:30:57Z,2026-08-16T14:53:47Z,0.38
SO40 4XF,SEPD,LV,1,TV4068,30,2026-08-16T14:30:57Z,2026-08-16T14:53:47Z,0.38
SP10 1RE,SEPD,LV,1,TW1022,33,2026-08-20T21:48:49Z,2026-08-20T22:11:28Z,0.38
TA24 5SH,SEPD,LV,1,TW1022,33,2026-08-20T21:48:49Z,2026-08-20T22:11:28Z,0.38
TW13 7AH,SEPD,LV,1,TW1022,33,2026-08-20T21:48:49Z,2026-08-20T22:11:28Z,0.38
TW16 5DA,SEPD,LV,1,TW1022,33,2026-08-20T21:48:49Z,2026-08-20T22:11:28Z,0.38
TW18 3AR,SEPD,LV,1,TW1022,33,2026-08-20T21:48:49Z,2026-08-20T22:11:28Z,0.38
TW18 3AY,SEPD,LV,1,TW1022,33,2026-08-20T21:48:49Z,2026-08-20T22:11:28Z,0.38
TW18 3AZ,SEPD,LV,1,TW1022,33,2026-08-20T21:48:49Z,2026-08-20T22:11:28Z,0.38
TW18 3BY,SEPD,LV,1,TW1022,33,2026-08-20T21:48:49Z,2026-08-20T22:11:28Z,0.38
TW20 0HU,SEPD,LV,1,TW1022,33,2026-08-20T21:48:49Z,2026-08-20T22:11:28Z,0.38
TW20 0UJ,SEPD,LV,1,TW1022,33,2026-08-20T21:48:49Z,2026-08-20T22:11:28Z,0.38
TW20 9AW,SEPD,LV,1,TW1022,33,2026-08-20T21:48:49Z,2026-08-20T22:11:28Z,0.38
UB11 1AJ,SEPD,LV,1,TW1022,33,2026-08-20T21:48:49Z,2026-08-20T22:11:28Z,0.38
UB11 1DD,SEPD,LV,1,TW1022,33,2026-08-20T21:48:49Z,2026-08-20T22:11:28Z,0.38
UB11 1DF,SEPD,LV,1,TW1022,33,2026-08-20T21:48:49Z,2026-08-20T22:11:28Z,0.38
UB11 1DJ,SEPD,LV,1,TW1022,33,2026-08-20T21:48:49Z,2026-08-20T22:11:28Z,0.38
UB11 1EZ,SEPD,LV,1,TW1022,33,2026-08-20T21:48:49Z,2026-08-20T22:11:28Z,0.38
UB2 5NH,SEPD,LV,1,TW1022,33,2026-08-20T21:48:49Z,2026-08-20T22:11:28Z,0.38
UB6 8UA,SEPD,LV,1,TW1022,33,2026-08-20T21:48:49Z,2026-08-20T22:11:28Z,0.38
W13 0AL,SEPD,LV,1,TW1022,33,2026-08-20T21:48:49Z,2026-08-20T22:11:28Z,0.38
W5 1BP,SEPD,LV,1,TW1022,33,2026-08-20T21:48:49Z,2026-08-20T22:11:28Z,0.38
W5 2SR,SEPD,LV,1,TW1022,33,2026-08-20T21:48:49Z,2026-08-20T22:11:28Z,0.38
PH1 1BG,SHEPD,LV,1,TV3778,19,2026-08-16T11:27:20Z,2026-08-16T11:49:00Z,0.36
PH1 1BZ,SHEPD,LV,1,TV3778,19,2026-08-16T11:27:20Z,2026-08-16T11:49:00Z,0.36
PH1 1DA,SHEPD,LV,1,TV3778,19,2026-08-16T11:27:20Z,2026-08-16T11:49:00Z,0.36
PH1 1DB,SHEPD,LV,1,TV3778,19,2026-08-16T11:27:20Z,2026-08-16T11:49:00Z,0.36
PH1 1DG,SHEPD,LV,1,TV3778,19,2026-08-16T11:27:20Z,2026-08-16T11:49:00Z,0.36
PH1 1DQ,SHEPD,LV,1,TV3778,19,2026-08-16T11:27:20Z,2026-08-16T11:49:00Z,0.36
PH2 0LZ,SHEPD,LV,1,TV3778,19,2026-08-16T11:27:20Z,2026-08-16T11:49:00Z,0.36
PH2 0NB,SHEPD,LV,1,TV3778,19,2026-08-16T11:27:20Z,2026-08-16T11:49:00Z,0.36
RG12 7BY,SEPD,LV,1,TV3871,7,2026-08-16T11:27:20Z,2026-08-16T11:49:00Z,0.36
PH2 8NN,SHEPD,LV,1,TV3182,5,2026-08-15T17:28:33Z,2026-08-15T17:49:23Z,0.35
GL7 5QH,SEPD,HV,1,TV4178,15,2026-08-16T17:29:32Z,2026-08-16T17:49:44Z,0.34
GL7 5RD,SEPD,HV,1,TV4178,15,2026-08-16T17:29:32Z,2026-08-16T17:49:44Z,0.34
GL7 5RF,SEPD,HV,1,TV4178,15,2026-08-16T17:29:32Z,2026-08-16T17:49:44Z,0.34
GL7 5TF,SEPD,HV,1,TV4178,15,2026-08-16T17:29:32Z,2026-08-16T17:49:44Z,0.34
GL7 5TG,SEPD,HV,1,TV4178,15,2026-08-16T17:29:32Z,2026-08-16T17:49:44Z,0.34
GL7 5TN,SEPD,HV,1,TV4178,15,2026-08-16T17:29:32Z,2026-08-16T17:49:44Z,0.34
GL7 5TP,SEPD,HV,1,TV4178,15,2026-08-16T17:29:32Z,2026-08-16T17:49:44Z,0.34
GL7 5TQ,SEPD,HV,1,TV4178,15,2026-08-16T17:29:32Z,2026-08-16T17:49:44Z,0.34
GL7 5TR,SEPD,HV,1,TV4178,15,2026-08-16T17:29:32Z,2026-08-16T17:49:44Z,0.34
GL7 5TS,SEPD,HV,1,TV4178,15,2026-08-16T17:29:32Z,2026-08-16T17:49:44Z,0.34
GL7 5TT,SEPD,HV,1,TV4178,15,2026-08-16T17:29:32Z,2026-08-16T17:49:44Z,0.34
GL7 5TU,SEPD,HV,1,TV4178,15,2026-08-16T17:29:32Z,2026-08-16T17:49:44Z,0.34
GL7 5TW,SEPD,HV,1,TV4178,15,2026-08-16T17:29:32Z,2026-08-16T17:49:44Z,0.34
GL7 5TX,SEPD,HV,1,TV4178,15,2026-08-16T17:29:32Z,2026-08-16T17:49:44Z,0.34
GL7 5TY,SEPD,HV,1,TV4178,15,2026-08-16T17:29:32Z,2026-08-16T17:49:44Z,0.34
GL7 5TZ,SEPD,HV,1,TV4178,15,2026-08-16T17:29:32Z,2026-08-16T17:49:44Z,0.34
GL7 5UA,SEPD,HV,1,TV4178,15,2026-08-16T17:29:32Z,2026-08-16T17:49:44Z,0.34
GL7 5UB,SEPD,HV,1,TV4178,15,2026-08-16T17:29:32Z,2026-08-16T17:49:44Z,0.34
GL7 5UD,SEPD,HV,1,TV4178,15,2026-08-16T17:29:32Z,2026-08-16T17:49:44Z,0.34
GL7 5UE,SEPD,HV,1,TV4178,15,2026-08-16T17:29:32Z,2026-08-16T17:49:44Z,0.34
GL7 5UF,SEPD,HV,1,TV4178,15,2026-08-16T17:29:32Z,2026-08-16T17:49:44Z,0.34
GL7 5UG,SEPD,HV,1,TV4178,15,2026-08-16T17:29:32Z,2026-08-16T17:49:44Z,0.34
GL7 5UH,SEPD,HV,1,TV4178,15,2026-08-16T17:29:32Z,2026-08-16T17:49:44Z,0.34
GL7 5UN,SEPD,HV,1,TV4178,15,2026-08-16T17:29:32Z,2026-08-16T17:49:44Z,0.34
GL7 5UP,SEPD,HV,1,TV4178,15,2026-08-16T17:29:32Z,2026-08-16T17:49:44Z,0.34
GL7 5UR,SEPD,HV,1,TV4178,15,2026-08-16T17:29:32Z,2026-08-16T17:49:44Z,0.34
GL7 5UU,SEPD,HV,1,TV4178,15,2026-08-16T17:29:32Z,2026-08-16T17:49:44Z,0.34
GL7 5UW,SEPD,HV,1,TV4178,15,2026-08-16T17:29:32Z,2026-08-16T17:49:44Z,0.34
GL7 5UX,SEPD,HV,1,TV4178,15,2026-08-16T17:29:32Z,2026-08-16T17:49:44Z,0.34
GL7 5UY,SEPD,HV,1,TV4178,15,2026-08-16T17:29:32Z,2026-08-16T17:49:44Z,0.34
GL7 5UZ,SEPD,HV,1,TV4178,15,2026-08-16T17:29:32Z,2026-08-16T17:49:44Z,0.34
GL7 5XB,SEPD,HV,1,TV4178,15,2026-08-16T17:29:32Z,2026-08-16T17:49:44Z,0.34
GL7 5XD,SEPD,HV,1,TV4178,15,2026-08-16T17:29:32Z,2026-08-16T17:49:44Z,0.34
GL7 5XE,SEPD,HV,1,TV4178,15,2026-08-16T17:29:32Z,2026-08-16T17:49:44Z,0.34
GL7 5XF,SEPD,HV,1,TV4178,15,2026-08-16T17:29:32Z,2026-08-16T17:49:44Z,0.34
GL7 5XH,SEPD,HV,1,TV4178,15,2026-08-16T17:29:32Z,2026-08-16T17:49:44Z,0.34
GL7 5XJ,SEPD,HV,1,TV4178,15,2026-08-16T17:29:32Z,2026-08-16T17:49:44Z,0.34
GL7 5XN,SEPD,HV,1,TV4178,15,2026-08-16T17:29:32Z,2026-08-16T17:49:44Z,0.34
GL7 5XP,SEPD,HV,1,TV4178,15,2026-08-16T17:29:32Z,2026-08-16T17:49:44Z,0.34
GL7 5XQ,SEPD,HV,1,TV4178,15,2026-08-16T17:29:32Z,2026-08-16T17:49:44Z,0.34
GL7 5XR,SEPD,HV,1,TV4178,15,2026-08-16T17:29:32Z,2026-08-16T17:49:44Z,0.34
GL7 5XS,SEPD,HV,1,TV4178,15,2026-08-16T17:29:32Z,2026-08-16T17:49:44Z,0.34
GL7 5XW,SEPD,HV,1,TV4178,15,2026-08-16T17:29:32Z,2026-08-16T17:49:44Z,0.34
GL7 5XX,SEPD,HV,1,TV4178,15,2026-08-16T17:29:32Z,2026-08-16T17:49:44Z,0.34
GL7 5XY,SEPD,HV,1,TV4178,15,2026-08-16T17:29:32Z,2026-08-16T17:49:44Z,0.34
GL7 6ER,SEPD,HV,1,TV4178,15,2026-08-16T17:29:32Z,2026-08-16T17:49:44Z,0.34
GL7 6ET,SEPD,HV,1,TV4178,15,2026-08-16T17:29:32Z,2026-08-16T17:49:44Z,0.34
GL7 6EU,SEPD,HV,1,TV4178,15,2026-08-16T17:29:32Z,2026-08-16T17:49:44Z,0.34
GL7 6EX,SEPD,HV,1,TV4178,15,2026-08-16T17:29:32Z,2026-08-16T17:49:44Z,0.34
GL7 6EY,SEPD,HV,1,TV4178,15,2026-08-16T17:29:32Z,2026-08-16T17:49:44Z,0.34
GL7 6EZ,SEPD,HV,1,TV4178,15,2026-08-16T17:29:32Z,2026-08-16T17:49:44Z,0.34
GL7 6HA,SEPD,HV,1,TV4178,15,2026-08-16T17:29:32Z,2026-08-16T17:49:44Z,0.34
GL7 6HB,SEPD,HV,1,TV4178,15,2026-08-16T17:29:32Z,2026-08-16T17:49:44Z,0.34
GL7 6HD,SEPD,HV,1,TV4178,15,2026-08-16T17:29:32Z,2026-08-16T17:49:44Z,0.34
GL7 6HE,SEPD,HV,1,TV4178,15,2026-08-16T17:29:32Z,2026-08-16T17:49:44Z,0.34
GL7 6HF,SEPD,HV,1,TV4178,15,2026-08-16T17:29:32Z,2026-08-16T17:49:44Z,0.34
GL7 6HG,SEPD,HV,1,TV4178,15,2026-08-16T17:29:32Z,2026-08-16T17:49:44Z,0.34
GL7 6HH,SEPD,HV,1,TV4178,15,2026-08-16T17:29:32Z,2026-08-16T17:49:44Z,0.34
GL7 6HJ,SEPD,HV,1,TV4178,15,2026-08-16T17:29:32Z,2026-08-16T17:49:44Z,0.34
GL7 6HP,SEPD,HV,1,TV4178,15,2026-08-16T17:29:32Z,2026-08-16T17:49:44Z,0.34
GL7 6HS,SEPD,HV,1,TV4178,15,2026-08-16T17:29:32Z,2026-08-16T17:49:44Z,0.34
GL7 6HT,SEPD,HV,1,TV4178,15,2026-08-16T17:29:32Z,2026-08-16T17:49:44Z,0.34
GL7 6HX,SEPD,HV,1,TV4178,15,2026-08-16T17:29:32Z,2026-08-16T17:49:44Z,0.34
GL7 6HY,SEPD,HV,1,TV4178,15,2026-08-16T17:29:32Z,2026-08-16T17:49:44Z,0.34
GL7 6JA,SEPD,HV,1,TV4178,15,2026-08-16T17:29:32Z,2026-08-16T17:49:44Z,0.34
GL7 6JL,SEPD,HV,1,TV4178,15,2026-08-16T17:29:32Z,2026-08-16T17:49:44Z,0.34
GL7 6LZ,SEPD,HV,1,TV4178,15,2026-08-16T17:29:32Z,2026-08-16T17:49:44Z,0.34
GL7 6RH,SEPD,HV,1,TV4178,15,2026-08-16T17:29:32Z,2026-08-16T17:49:44Z,0.34
RG5 4NJ,SEPD,HV,1,TV4225,331,2026-08-16T19:33:38Z,2026-08-16T19:53:48Z,0.34
RG5 4NN,SEPD,HV,1,TV4225,331,2026-08-16T19:33:38Z,2026-08-16T19:53:48Z,0.34
RG5 4NP,SEPD,HV,1,TV4225,331,2026-08-16T19:33:38Z,2026-08-16T19:53:48Z,0.34
RG5 4NT,SEPD,HV,1,TV4225,331,2026-08-16T19:33:38Z,2026-08-16T19:53:48Z,0.34
RG5 4PG,SEPD,HV,1,TV4225,331,2026-08-16T19:33:38Z,2026-08-16T19:53:48Z,0.34
RG5 4PH,SEPD,HV,1,TV4225,331,2026-08-16T19:33:38Z,2026-08-16T19:53:48Z,0.34
RG5 4PQ,SEPD,HV,1,TV4225,331,2026-08-16T19:33:38Z,2026-08-16T19:53:48Z,0.34
RG5 4RA,SEPD,HV,1,TV4225,331,2026-08-16T19:33:38Z,2026-08-16T19:53:48Z,0.34
AB31 4FL,SHEPD,HV,2,"TW0040,TW0508",600,2026-08-20T10:49:26Z,2026-08-20T14:53:45Z,0.0
AB31 4HU,SHEPD,HV,2,"TW0040,TW0508",600,2026-08-20T10:49:26Z,2026-08-20T14:53:45Z,0.0
AB31 4JE,SHEPD,HV,2,"TW0040,TW0508",600,2026-08-20T10:49:26Z,2026-08-20T14:53:45Z,0.0
AB31 4JJ,SHEPD,HV,2,"TW0040,TW0508",600,2026-08-20T10:49:26Z,2026-08-20T14:53:45Z,0.0
AB31 4JL,SHEPD,HV,2,"TW0040,TW0508",600,2026-08-20T10:49:26Z,2026-08-20T14:53:45Z,0.0
AB31 4JN,SHEPD,HV,2,"TW0040,TW0508",600,2026-08-20T10:49:26Z,2026-08-20T14:53:45Z,0.0
AB31 4JU,SHEPD,HV,2,"TW0040,TW0508",600,2026-08-20T10:49:26Z,2026-08-20T14:53:45Z,0.0
AB31 4JX,SHEPD,HV,2,"TW0040,TW0508",600,2026-08-20T10:49:26Z,2026-08-20T14:53:45Z,0.0
AB31 4JY,SHEPD,HV,2,"TW0040,TW0508",600,2026-08-20T10:49:26Z,2026-08-20T14:53:45Z,0.0
AB31 4LA,SHEPD,HV,2,"TW0040,TW0508",600,2026-08-20T10:49:26Z,2026-08-20T14:53:45Z,0.0
AB31 4LB,SHEPD,HV,2,"TW0040,TW0508",600,2026-08-20T10:49:26Z,2026-08-20T14:53:45Z,0.0
AB31 4LD,SHEPD,HV,2,"TW0040,TW0508",600,2026-08-20T10:49:26Z,2026-08-20T14:53:45Z,0.0
AB31 4LH,SHEPD,HV,2,"TW0040,TW0508",600,2026-08-20T10:49:26Z,2026-08-20T14:53:45Z,0.0
AB31 4LJ,SHEPD,HV,2,"TW0040,TW0508",600,2026-08-20T10:49:26Z,2026-08-20T14:53:45Z,0.0
AB31 4LL,SHEPD,HV,2,"TW0040,TW0508",600,2026-08-20T10:49:26Z,2026-08-20T14:53:45Z,0.0
AB31 4LN,SHEPD,HV,2,"TW0040,TW0508",600,2026-08-20T10:49:26Z,2026-08-20T14:53:45Z,0.0
AB31 4LP,SHEPD,HV,2,"TW0040,TW0508",600,2026-08-20T10:49:26Z,2026-08-20T14:53:45Z,0.0
AB31 4LT,SHEPD,HV,2,"TW0040,TW0508",600,2026-08-20T10:49:26Z,2026-08-20T14:53:45Z,0.0
AB31 4LU,SHEPD,HV,2,"TW0040,TW0508",600,2026-08-20T10:49:26Z,2026-08-20T14:53:45Z,0.0
AB31 4LX,SHEPD,HV,2,"TW0040,TW0508",600,2026-08-20T10:49:26Z,2026-08-20T14:53:45Z,0.0
AB31 4LY,SHEPD,HV,2,"TW0040,TW0508",600,2026-08-20T10:49:26Z,2026-08-20T14:53:45Z,0.0
AB31 4NA,SHEPD,HV,2,"TW0040,TW0508",600,2026-08-20T10:49:26Z,2026-08-20T14:53:45Z,0.0
AB31 4NB,SHEPD,HV,2,"TW0040,TW0508",600,2026-08-20T10:49:26Z,2026-08-20T14:53:45Z,0.0
AB31 4NT,SHEPD,HV,2,"TW0040,TW0508",600,2026-08-20T10:49:26Z,2026-08-20T14:53:45Z,0.0
AB31 4NU,SHEPD,HV,2,"TW0040,TW0508",600,2026-08-20T10:49:26Z,2026-08-20T14:53:45Z,0.0
AB31 4NX,SHEPD,HV,2,"TW0040,TW0508",600,2026-08-20T10:49:26Z,2026-08-20T14:53:45Z,0.0
AB31 4NY,SHEPD,HV,2,"TW0040,TW0508",600,2026-08-20T10:49:26Z,2026-08-20T14:53:45Z,0.0
AB31 4PA,SHEPD,HV,2,"TW0040,TW0508",600,2026-08-20T10:49:26Z,2026-08-20T14:53:45Z,0.0
AB31 4PD,SHEPD,HV,2,"TW0040,TW0508",600,2026-08-20T10:49:26Z,2026-08-20T14:53:45Z,0.0
AB31 4PE,SHEPD,HV,2,"TW0040,TW0508",600,2026-08-20T10:49:26Z,2026-08-20T14:53:45Z,0.0
AB31 4PH,SHEPD,HV,2,"TW0040,TW0508",600,2026-08-20T10:49:26Z,2026-08-20T14:53:45Z,0.0
AB31 4PL,SHEPD,HV,2,"TW0040,TW0508",600,2026-08-20T10:49:26Z,2026-08-20T14:53:45Z,0.0
AB31 4PN,SHEPD,HV,2,"TW0040,TW0508",600,2026-08-20T10:49:26Z,2026-08-20T14:53:45Z,0.0
AB31 4PP,SHEPD,HV,2,"TW0040,TW0508",600,2026-08-20T10:49:26Z,2026-08-20T14:53:45Z,0.0
AB31 4PQ,SHEPD,HV,2,"TW0040,TW0508",600,2026-08-20T10:49:26Z,2026-08-20T14:53:45Z,0.0
AB31 4PR,SHEPD,HV,2,"TW0040,TW0508",600,2026-08-20T10:49:26Z,2026-08-20T14:53:45Z,0.0
AB31 4PS,SHEPD,HV,2,"TW0040,TW0508",600,2026-08-20T10:49:26Z,2026-08-20T14:53:45Z,0.0
AB31 4PU,SHEPD,HV,2,"TW0040,TW0508",600,2026-08-20T10:49:26Z,2026-08-20T14:53:45Z,0.0
AB31 4PW,SHEPD,HV,2,"TW0040,TW0508",600,2026-08-20T10:49:26Z,2026-08-20T14:53:45Z,0.0
AB31 4PX,SHEPD,HV,2,"TW0040,TW0508",600,2026-08-20T10:49:26Z,2026-08-20T14:53:45Z,0.0
AB31 4QF,SHEPD,HV,2,"TW0040,TW0508",600,2026-08-20T10:49:26Z,2026-08-20T14:53:45Z,0.0
AB31 4QW,SHEPD,HV,2,"TW0040,TW0508",600,2026-08-20T10:49:26Z,2026-08-20T14:53:45Z,0.0
AB31 4QY,SHEPD,HV,2,"TW0040,TW0508",600,2026-08-20T10:49:26Z,2026-08-20T14:53:45Z,0.0
AB31 4RZ,SHEPD,HV,2,"TW0040,TW0508",600,2026-08-20T10:49:26Z,2026-08-20T14:53:45Z,0.0
AB31 4SE,SHEPD,HV,2,"TW0040,TW0508",600,2026-08-20T10:49:26Z,2026-08-20T14:53:45Z,0.0
AB31 4SF,SHEPD,HV,2,"TW0040,TW0508",600,2026-08-20T10:49:26Z,2026-08-20T14:53:45Z,0.0
AB31 4SG,SHEPD,HV,2,"TW0040,TW0508",600,2026-08-20T10:49:26Z,2026-08-20T14:53:45Z,0.0
AB31 4SH,SHEPD,HV,2,"TW0040,TW0508",600,2026-08-20T10:49:26Z,2026-08-20T14:53:45Z,0.0
AB31 4SJ,SHEPD,HV,2,"TW0040,TW0508",600,2026-08-20T10:49:26Z,2026-08-20T14:53:45Z,0.0
AB31 4SL,SHEPD,HV,2,"TW0040,TW0508",600,2026-08-20T10:49:26Z,2026-08-20T14:53:45Z,0.0
AB31 4SU,SHEPD,HV,2,"TW0040,TW0508",600,2026-08-20T10:49:26Z,2026-08-20T14:53:45Z,0.0
AB31 4TE,SHEPD,HV,2,"TW0040,TW0508",600,2026-08-20T10:49:26Z,2026-08-20T14:53:45Z,0.0
AB31 4TG,SHEPD,HV,2,"TW0040,TW0508",600,2026-08-20T10:49:26Z,2026-08-20T14:53:45Z,0.0
AB31 4TH,SHEPD,HV,2,"TW0040,TW0508",600,2026-08-20T10:49:26Z,2026-08-20T14:53:45Z,0.0
AB34 4JA,SHEPD,HV,2,"TW0040,TW0508",600,2026-08-20T10:49:26Z,2026-08-20T14:53:45Z,0.0
AB34 4JD,SHEPD,HV,2,"TW0040,TW0508",600,2026-08-20T10:49:26Z,2026-08-20T14:53:45Z,0.0
AB34 4JH,SHEPD,HV,2,"TW0040,TW0508",600,2026-08-20T10:49:26Z,2026-08-20T14:53:45Z,0.0
AB34 5AR,SHEPD,HV,2,"TW0040,TW0508",600,2026-08-20T10:49:26Z,2026-08-20T14:53:45Z,0.0
AB51 5NL,SHEPD,HV,2,"TW0040,TW0508",600,2026-08-20T10:49:26Z,2026-08-20T14:53:45Z,0.0
AB51 7NB,SHEPD,HV,2,"TW0040,TW0508",600,2026-08-20T10:49:26Z,2026-08-20T14:53:45Z,0.0
AB51 7NN,SHEPD,HV,2,"TW0040,TW0508",600,2026-08-20T10:49:26Z,2026-08-20T14:53:45Z,0.0
AB51 7NR,SHEPD,HV,2,"TW0040,TW0508",600,2026-08-20T10:49:26Z,2026-08-20T14:53:45Z,0.0
BA12 8AA,SEPD,"LV,HV",2,"TV8465,TV9057",122,2026-08-19T19:32:34Z,2026-08-19T19:32:34Z,0.0
BA12 8AE,SEPD,"LV,HV",2,"TV8465,TV9057",122,2026-08-19T19:32:34Z,2026-08-19T19:32:34Z,0.0
BA12 8AF,SEPD,"LV,HV",2,"TV8465,TV9057",122,2026-08-19T19:32:34Z,2026-08-19T19:32:34Z,0.0
BH14 0PN,SEPD,LV,2,"TV2993,TV3456",28,2026-08-15T18:02:22Z,2026-08-15T18:02:22Z,0.0
DT9 3HD,SEPD,"HV,LV",2,"TV8312,TV8315",859,2026-08-19T11:42:00Z,2026-08-19T11:42:00Z,0.0
DT9 3HH,SEPD,"HV,LV",2,"TV8312,TV8315",859,2026-08-19T11:42:00Z,2026-08-19T11:42:00Z,0.0
DT9 3HP,SEPD,LV,2,"TV6776,TV8315",80,2026-08-18T11:59:52Z,2026-08-19T11:42:00Z,0.0
OX44 9FB,SEPD,HV,2,"TW0419,TW0423",121,2026-08-20T14:04:45Z,2026-08-20T14:04:45Z,0.0
OX44 9LH,SEPD,HV,2,"TW0419,TW0423",121,2026-08-20T14:04:45Z,2026-08-20T14:04:45Z,0.0
OX44 9LJ,SEPD,HV,2,"TW0419,TW0423",121,2026-08-20T14:04:45Z,2026-08-20T14:04:45Z,0.0
OX44 9LR,SEPD,HV,2,"TW0419,TW0423",121,2026-08-20T14:04:45Z,2026-08-20T14:04:45Z,0.0
OX44 9ND,SEPD,HV,2,"TW0419,TW0423",121,2026-08-20T14:04:45Z,2026-08-20T14:04:45Z,0.0
OX44 9PU,SEPD,HV,2,"TW0419,TW0423",121,2026-08-20T14:04:45Z,2026-08-20T14:04:45Z,0.0
OX5 2FU,SEPD,HV,2,"TV9429,TV9449",524,2026-08-20T06:26:49Z,2026-08-20T06:26:49Z,0.0
OX5 2GE,SEPD,HV,2,"TV9429,TV9449",524,2026-08-20T06:26:49Z,2026-08-20T06:26:49Z,0.0
OX5 2RB,SEPD,HV,2,"TV9429,TV9449",524,2026-08-20T06:26:49Z,2026-08-20T06:26:49Z,0.0
OX5 2RD,SEPD,HV,2,"TV9429,TV9449",524,2026-08-20T06:26:49Z,2026-08-20T06:26:49Z,0.0
OX5 2TA,SEPD,HV,2,"TV9429,TV9449",524,2026-08-20T06:26:49Z,2026-08-20T06:26:49Z,0.0
OX5 2TZ,SEPD,HV,2,"TV9429,TV9449",524,2026-08-20T06:26:49Z,2026-08-20T06:26:49Z,0.0
OX5 2UA,SEPD,HV,2,"TV9429,TV9449",524,2026-08-20T06:26:49Z,2026-08-20T06:26:49Z,0.0
OX5 2UB,SEPD,HV,2,"TV9429,TV9449",524,2026-08-20T06:26:49Z,2026-08-20T06:26:49Z,0.0
OX5 2UD,SEPD,HV,2,"TV9429,TV9449",524,2026-08-20T06:26:49Z,2026-08-20T06:26:49Z,0.0
OX5 2UE,SEPD,HV,2,"TV9429,TV9449",524,2026-08-20T06:26:49Z,2026-08-20T06:26:49Z,0.0
OX5 2UF,SEPD,HV,2,"TV9429,TV9449",524,2026-08-20T06:26:49Z,2026-08-20T06:26:49Z,0.0
OX5 2UG,SEPD,HV,2,"TV9429,TV9449",524,2026-08-20T06:26:49Z,2026-08-20T06:26:49Z,0.0
OX5 2UH,SEPD,HV,2,"TV9429,TV9449",524,2026-08-20T06:26:49Z,2026-08-20T06:26:49Z,0.0
OX5 2UJ,SEPD,HV,2,"TV9429,TV9449",524,2026-08-20T06:26:49Z,2026-08-20T06:26:49Z,0.0
OX5 2UL,SEPD,HV,2,"TV9429,TV9449",524,2026-08-20T06:26:49Z,2026-08-20T06:26:49Z,0.0
OX5 2UP,SEPD,HV,2,"TV9429,TV9449",524,2026-08-20T06:26:49Z,2026-08-20T06:26:49Z,0.0
OX5 2UQ,SEPD,HV,2,"TV9429,TV9449",524,2026-08-20T06:26:49Z,2026-08-20T06:26:49Z,0.0
OX5 2UR,SEPD,HV,2,"TV9429,TV9449",524,2026-08-20T06:26:49Z,2026-08-20T06:26:49Z,0.0
OX5 2US,SEPD,HV,2,"TV9429,TV9449",524,2026-08-20T06:26:49Z,2026-08-20T06:26:49Z,0.0
OX5 2UT,SEPD,HV,2,"TV9429,TV9449",524,2026-08-20T06:26:49Z,2026-08-20T06:26:49Z,0.0
PO20 9BL,SEPD,"HV,LV",2,"TV7600,TV8233",1967,2026-08-19T06:01:52Z,2026-08-19T11:11:48Z,0.0
PO20 9BY,SEPD,"HV,LV",2,"TV7600,TV8233",1967,2026-08-19T06:01:52Z,2026-08-19T11:11:48Z,0.0
PO20 9BZ,SEPD,"HV,LV",2,"TV7600,TV8233",1967,2026-08-19T06:01:52Z,2026-08-19T11:11:48Z,0.0
PO20 9DL,SEPD,"HV,LV",2,"TV7600,TV8233",1967,2026-08-19T06:01:52Z,2026-08-19T11:11:48Z,0.0
PO20 9HR,SEPD,"HV,LV",2,"TV7600,TV8233",1967,2026-08-19T06:01:52Z,2026-08-19T11:11:48Z,0.0
SN13 9HP,SEPD,"HV,LV",2,"TV4196,TV6707",1641,2026-08-16T18:08:05Z,2026-08-18T11:34:51Z,0.0
SN13 9PS,SEPD,"HV,LV",2,"TV4196,TV6707",1641,2026-08-16T18:08:05Z,2026-08-18T11:34:51Z,0.0
SN13 9PU,SEPD,"HV,LV",2,"TV4196,TV6707",1641,2026-08-16T18:08:05Z,2026-08-18T11:34:51Z,0.0
SN13 9PX,SEPD,"HV,LV",2,"TV4196,TV6707",1641,2026-08-16T18:08:05Z,2026-08-18T11:34:51Z,0.0
SN13 9QS,SEPD,"HV,LV",2,"TV4196,TV6707",1641,2026-08-16T18:08:05Z,2026-08-18T11:34:51Z,0.0
SN4 0QB,SEPD,HV,2,"TV3797,TV3925",10,2026-08-16T09:13:03Z,2026-08-16T13:00:57Z,0.0
SN4 0QG,SEPD,HV,2,"TV3797,TV3925",10,2026-08-16T09:13:03Z,2026-08-16T13:00:57Z,0.0
SN4 0QQ,SEPD,HV,2,"TV3797,TV3925",10,2026-08-16T09:13:03Z,2026-08-16T13:00:57Z,0.0
SO18 1FT,SEPD,LV,2,"TV9879,TV9886",61,2026-08-20T09:42:52Z,2026-08-20T09:42:52Z,0.0
SO18 1HH,SEPD,LV,2,"TV9876,TV9886",73,2026-08-20T09:42:52Z,2026-08-20T09:42:52Z,0.0
SO18 1HJ,SEPD,LV,2,"TV9876,TV9886",73,2026-08-20T09:42:52Z,2026-08-20T09:42:52Z,0.0
AB22,SHEPD,HV,1,TV9518,24,2026-08-20T07:24:35Z,2026-08-20T07:24:35Z,0.0
AB22 8BS,SHEPD,HV,1,TV9518,24,2026-08-20T07:24:35Z,2026-08-20T07:24:35Z,0.0
AB23,SHEPD,HV,1,TV9518,24,2026-08-20T07:24:35Z,2026-08-20T07:24:35Z,0.0
AB23 8AR,SHEPD,HV,1,TV9518,24,2026-08-20T07:24:35Z,2026-08-20T07:24:35Z,0.0
AB23 8AX,SHEPD,HV,1,TV9518,24,2026-08-20T07:24:35Z,2026-08-20T07:24:35Z,0.0
AB23 8AZ,SHEPD,HV,1,TV9518,24,2026-08-20T07:24:35Z,2026-08-20T07:24:35Z,0.0
AB23 8BD,SHEPD,HV,1,TV9518,24,2026-08-20T07:24:35Z,2026-08-20T07:24:35Z,0.0
AB23 8BE,SHEPD,HV,1,TV9518,24,2026-08-20T07:24:35Z,2026-08-20T07:24:35Z,0.0
AB23 8BP,SHEPD,HV,1,TV9518,24,2026-08-20T07:24:35Z,2026-08-20T07:24:35Z,0.0
AB23 8GG,SHEPD,HV,1,TV9518,24,2026-08-20T07:24:35Z,2026-08-20T07:24:35Z,0.0
AB23 8GJ,SHEPD,HV,1,TV9518,24,2026-08-20T07:24:35Z,2026-08-20T07:24:35Z,0.0
AB23 8HF,SHEPD,HV,1,TV9518,24,2026-08-20T07:24:35Z,2026-08-20T07:24:35Z,0.0
AB23 8LW,SHEPD,HV,1,TV9518,24,2026-08-20T07:24:35Z,2026-08-20T07:24:35Z,0.0
AB23 8TQ,SHEPD,HV,1,TV9518,24,2026-08-20T07:24:35Z,2026-08-20T07:24:35Z,0.0
AB23 8UF,SHEPD,HV,1,TV9518,24,2026-08-20T07:24:35Z,2026-08-20T07:24:35Z,0.0
AB23 8YY,SHEPD,HV,1,TV9518,24,2026-08-20T07:24:35Z,2026-08-20T07:24:35Z,0.0
AB42 4HS,SHEPD,HV,1,TV5897,18,2026-08-18T05:14:40Z,2026-08-18T05:14:40Z,0.0
AB42 4HY,SHEPD,HV,1,TV5897,18,2026-08-18T05:14:40Z,2026-08-18T05:14:40Z,0.0
AB42 4HZ,SHEPD,HV,1,TV5897,18,2026-08-18T05:14:40Z,2026-08-18T05:14:40Z,0.0
AB42 4JA,SHEPD,HV,1,TV5897,18,2026-08-18T05:14:40Z,2026-08-18T05:14:40Z,0.0
AB43 8QQ,SHEPD,HV,1,TV3602,35,2026-08-16T03:54:09Z,2026-08-16T03:54:09Z,0.0
AB43 8UT,SHEPD,HV,1,TV3602,35,2026-08-16T03:54:09Z,2026-08-16T03:54:09Z,0.0
AB43 8UZ,SHEPD,HV,1,TV3602,35,2026-08-16T03:54:09Z,2026-08-16T03:54:09Z,0.0
AB51 5AX,SHEPD,HV,1,TV3471,32,2026-08-15T19:05:52Z,2026-08-15T19:05:52Z,0.0
AB51 5AY,SHEPD,HV,1,TV3471,32,2026-08-15T19:05:52Z,2026-08-15T19:05:52Z,0.0
AB51 8TR,SHEPD,HV,1,TV3471,32,2026-08-15T19:05:52Z,2026-08-15T19:05:52Z,0.0
AB51 8UJ,SHEPD,HV,1,TV3471,32,2026-08-15T19:05:52Z,2026-08-15T19:05:52Z,0.0
AB51 8UL,SHEPD,HV,1,TV3471,32,2026-08-15T19:05:52Z,2026-08-15T19:05:52Z,0.0
AB51 8UN,SHEPD,HV,1,TV3471,32,2026-08-15T19:05:52Z,2026-08-15T19:05:52Z,0.0
AB56 5LB,SHEPD,HV,1,TV9348,85,2026-08-20T04:45:14Z,2026-08-20T04:45:14Z,0.0
BA11 3NS,SEPD,LV,1,TV5685,10,2026-08-17T18:53:52Z,2026-08-17T18:53:52Z,0.0
BA11 3NY,SEPD,LV,1,TV5685,10,2026-08-17T18:53:52Z,2026-08-17T18:53:52Z,0.0
BA11 4AP,SEPD,LV,1,TV3846,15,2026-08-16T10:37:58Z,2026-08-16T10:37:58Z,0.0
BA11 4AR,SEPD,LV,1,TV3846,15,2026-08-16T10:37:58Z,2026-08-16T10:37:58Z,0.0
BA11 4AT,SEPD,LV,1,TV3846,15,2026-08-16T10:37:58Z,2026-08-16T10:37:58Z,0.0
BA12 7NY,SEPD,HV,1,TV4696,5,2026-08-17T07:35:37Z,2026-08-17T07:35:37Z,0.0
BA12 7NZ,SEPD,HV,1,TV4696,5,2026-08-17T07:35:37Z,2026-08-17T07:35:37Z,0.0
BA12 7PP,SEPD,HV,1,TV4696,5,2026-08-17T07:35:37Z,2026-08-17T07:35:37Z,0.0
BA12 7QJ,SEPD,HV,1,TV4696,5,2026-08-17T07:35:37Z,2026-08-17T07:35:37Z,0.0
BA12 7QN,SEPD,HV,1,TV4696,5,2026-08-17T07:35:37Z,2026-08-17T07:35:37Z,0.0
BA12 7QP,SEPD,HV,1,TV4696,5,2026-08-17T07:35:37Z,2026-08-17T07:35:37Z,0.0
BA12 7QR,SEPD,HV,1,TV4696,5,2026-08-17T07:35:37Z,2026-08-17T07:35:37Z,0.0
BA12 7QS,SEPD,HV,1,TV4696,5,2026-08-17T07:35:37Z,2026-08-17T07:35:37Z,0.0
BA12 7QT,SEPD,HV,1,TV4696,5,2026-08-17T07:35:37Z,2026-08-17T07:35:37Z,0.0
BA12 7QU,SEPD,HV,1,TV4696,5,2026-08-17T07:35:37Z,2026-08-17T07:35:37Z,0.0
BA12 7QW,SEPD,HV,1,TV4696,5,2026-08-17T07:35:37Z,2026-08-17T07:35:37Z,0.0
BA12 7QY,SEPD,HV,1,TV4696,5,2026-08-17T07:35:37Z,2026-08-17T07:35:37Z,0.0
BA12 7QZ,SEPD,HV,1,TV4696,5,2026-08-17T07:35:37Z,2026-08-17T07:35:37Z,0.0
BA12 7RE,SEPD,HV,1,TV4696,5,2026-08-17T07:35:37Z,2026-08-17T07:35:37Z,0.0
BA12 7RF,SEPD,HV,1,TV4696,5,2026-08-17T07:35:37Z,2026-08-17T07:35:37Z,0.0
BA12 8AB,SEPD,HV,1,TV9057,116,2026-08-19T19:32:34Z,2026-08-19T19:32:34Z,0.0
BA12 8AD,SEPD,HV,1,TV9057,116,2026-08-19T19:32:34Z,2026-08-19T19:32:34Z,0.0
BA12 8AG,SEPD,HV,1,TV9057,116,2026-08-19T19:32:34Z,2026-08-19T19:32:34Z,0.0
BA12 8AQ,SEPD,HV,1,TV9057,116,2026-08-19T19:32:34Z,2026-08-19T19:32:34Z,0.0
BA12 8AR,SEPD,HV,1,TV9057,116,2026-08-19T19:32:34Z,2026-08-19T19:32:34Z,0.0
BA12 8AS,SEPD,HV,1,TV9057,116,2026-08-19T19:32:34Z,2026-08-19T19:32:34Z,0.0
BA12 8AT,SEPD,HV,1,TV9057,116,2026-08-19T19:32:34Z,2026-08-19T19:32:34Z,0.0
BA12 8AW,SEPD,HV,1,TV9057,116,2026-08-19T19:32:34Z,2026-08-19T19:32:34Z,0.0
BA12 8BR,SEPD,HV,1,TV9057,116,2026-08-19T19:32:34Z,2026-08-19T19:32:34Z,0.0
BA22 9UL,SEPD,LV,1,TV4683,10,2026-08-17T08:23:42Z,2026-08-17T08:23:42Z,0.0
BA7 7AA,SEPD,HV,1,TW0092,694,2026-08-20T11:13:38Z,2026-08-20T11:13:38Z,0.0
BA7 7AD,SEPD,HV,1,TW0092,694,2026-08-20T11:13:38Z,2026-08-20T11:13:38Z,0.0
BA7 7AE,SEPD,HV,1,TW0092,694,2026-08-20T11:13:38Z,2026-08-20T11:13:38Z,0.0
BA7 7AG,SEPD,HV,1,TW0092,694,2026-08-20T11:13:38Z,2026-08-20T11:13:38Z,0.0
BA7 7AH,SEPD,HV,1,TW0092,694,2026-08-20T11:13:38Z,2026-08-20T11:13:38Z,0.0
BA7 7AL,SEPD,HV,1,TW0092,694,2026-08-20T11:13:38Z,2026-08-20T11:13:38Z,0.0
BA7 7AN,SEPD,HV,1,TW0092,694,2026-08-20T11:13:38Z,2026-08-20T11:13:38Z,0.0
BA7 7AP,SEPD,HV,1,TW0092,694,2026-08-20T11:13:38Z,2026-08-20T11:13:38Z,0.0
BA7 7AQ,SEPD,HV,1,TW0092,694,2026-08-20T11:13:38Z,2026-08-20T11:13:38Z,0.0
BA7 7AR,SEPD,HV,1,TW0092,694,2026-08-20T11:13:38Z,2026-08-20T11:13:38Z,0.0
BA7 7AT,SEPD,HV,1,TW0092,694,2026-08-20T11:13:38Z,2026-08-20T11:13:38Z,0.0
BA7 7AU,SEPD,HV,1,TW0092,694,2026-08-20T11:13:38Z,2026-08-20T11:13:38Z,0.0
BA7 7AW,SEPD,HV,1,TW0092,694,2026-08-20T11:13:38Z,2026-08-20T11:13:38Z,0.0
BA7 7AX,SEPD,HV,1,TW0092,694,2026-08-20T11:13:38Z,2026-08-20T11:13:38Z,0.0
BA7 7AY,SEPD,HV,1,TW0092,694,2026-08-20T11:13:38Z,2026-08-20T11:13:38Z,0.0
BA7 7AZ,SEPD,HV,1,TW0092,694,2026-08-20T11:13:38Z,2026-08-20T11:13:38Z,0.0
BA7 7BG,SEPD,HV,1,TW0092,694,2026-08-20T11:13:38Z,2026-08-20T11:13:38Z,0.0
BA7 7BH,SEPD,HV,1,TW0092,694,2026-08-20T11:13:38Z,2026-08-20T11:13:38Z,0.0
BA7 7BJ,SEPD,HV,1,TW0092,694,2026-08-20T11:13:38Z,2026-08-20T11:13:38Z,0.0
BA7 7BL,SEPD,HV,1,TW0092,694,2026-08-20T11:13:38Z,2026-08-20T11:13:38Z,0.0
BA7 7BN,SEPD,HV,1,TW0092,694,2026-08-20T11:13:38Z,2026-08-20T11:13:38Z,0.0
BA7 7BQ,SEPD,HV,1,TW0092,694,2026-08-20T11:13:38Z,2026-08-20T11:13:38Z,0.0
BA7 7BR,SEPD,HV,1,TW0092,694,2026-08-20T11:13:38Z,2026-08-20T11:13:38Z,0.0
BA7 7BU,SEPD,HV,1,TW0092,694,2026-08-20T11:13:38Z,2026-08-20T11:13:38Z,0.0
BA7 7BY,SEPD,HV,1,TW0092,694,2026-08-20T11:13:38Z,2026-08-20T11:13:38Z,0.0
BA7 7DD,SEPD,HV,1,TW0092,694,2026-08-20T11:13:38Z,2026-08-20T11:13:38Z,0.0
BA7 7DG,SEPD,HV,1,TW0092,694,2026-08-20T11:13:38Z,2026-08-20T11:13:38Z,0.0
BA7 7DJ,SEPD,HV,1,TW0092,694,2026-08-20T11:13:38Z,2026-08-20T11:13:38Z,0.0
BA7 7DL,SEPD,HV,1,TW0092,694,2026-08-20T11:13:38Z,2026-08-20T11:13:38Z,0.0
BA7 7DQ,SEPD,HV,1,TW0092,694,2026-08-20T11:13:38Z,2026-08-20T11:13:38Z,0.0
BA7 7FB,SEPD,HV,1,TW0092,694,2026-08-20T11:13:38Z,2026-08-20T11:13:38Z,0.0
BA7 7FR,SEPD,HV,1,TW0092,694,2026-08-20T11:13:38Z,2026-08-20T11:13:38Z,0.0
BA7 7HA,SEPD,HV,1,TW0092,694,2026-08-20T11:13:38Z,2026-08-20T11:13:38Z,0.0
BA7 7HB,SEPD,HV,1,TW0092,694,2026-08-20T11:13:38Z,2026-08-20T11:13:38Z,0.0
BA7 7HG,SEPD,HV,1,TW0092,694,2026-08-20T11:13:38Z,2026-08-20T11:13:38Z,0.0
BA7 7HH,SEPD,HV,1,TW0092,694,2026-08-20T11:13:38Z,2026-08-20T11:13:38Z,0.0
BA7 7HJ,SEPD,HV,1,TW0092,694,2026-08-20T11:13:38Z,2026-08-20T11:13:38Z,0.0
BA7 7HL,SEPD,HV,1,TW0092,694,2026-08-20T11:13:38Z,2026-08-20T11:13:38Z,0.0
BA7 7HN,SEPD,HV,1,TW0092,694,2026-08-20T11:13:38Z,2026-08-20T11:13:38Z,0.0
BA7 7HP,SEPD,HV,1,TW0092,694,2026-08-20T11:13:38Z,2026-08-20T11:13:38Z,0.0
BA7 7HQ,SEPD,HV,1,TW0092,694,2026-08-20T11:13:38Z,2026-08-20T11:13:38Z,0.0
BA7 7HR,SEPD,HV,1,TW0092,694,2026-08-20T11:13:38Z,2026-08-20T11:13:38Z,0.0
BA7 7HT,SEPD,HV,1,TW0092,694,2026-08-20T11:13:38Z,2026-08-20T11:13:38Z,0.0
BA7 7HU,SEPD,HV,1,TW0092,694,2026-08-20T11:13:38Z,2026-08-20T11:13:38Z,0.0
BA7 7HW,SEPD,HV,1,TW0092,694,2026-08-20T11:13:38Z,2026-08-20T11:13:38Z,0.0
BA7 7HX,SEPD,HV,1,TW0092,694,2026-08-20T11:13:38Z,2026-08-20T11:13:38Z,0.0
BA7 7HY,SEPD,HV,1,TW0092,694,2026-08-20T11:13:38Z,2026-08-20T11:13:38Z,0.0
BA7 7HZ,SEPD,HV,1,TW0092,694,2026-08-20T11:13:38Z,2026-08-20T11:13:38Z,0.0
BA7 7JA,SEPD,HV,1,TW0092,694,2026-08-20T11:13:38Z,2026-08-20T11:13:38Z,0.0
BA7 7JE,SEPD,HV,1,TW0092,694,2026-08-20T11:13:38Z,2026-08-20T11:13:38Z,0.0
BA7 7JF,SEPD,HV,1,TW0092,694,2026-08-20T11:13:38Z,2026-08-20T11:13:38Z,0.0
BA7 7JG,SEPD,HV,1,TW0092,694,2026-08-20T11:13:38Z,2026-08-20T11:13:38Z,0.0
BA7 7JH,SEPD,HV,1,TW0092,694,2026-08-20T11:13:38Z,2026-08-20T11:13:38Z,0.0
BA7 7JJ,SEPD,HV,1,TW0092,694,2026-08-20T11:13:38Z,2026-08-20T11:13:38Z,0.0
BA7 7JQ,SEPD,HV,1,TW0092,694,2026-08-20T11:13:38Z,2026-08-20T11:13:38Z,0.0
BA7 7JT,SEPD,HV,1,TW0092,694,2026-08-20T11:13:38Z,2026-08-20T11:13:38Z,0.0
BA7 7JX,SEPD,HV,1,TW0092,694,2026-08-20T11:13:38Z,2026-08-20T11:13:38Z,0.0
BA7 7LL,SEPD,HV,1,TW0092,694,2026-08-20T11:13:38Z,2026-08-20T11:13:38Z,0.0
BA7 7NJ,SEPD,HV,1,TW0092,694,2026-08-20T11:13:38Z,2026-08-20T11:13:38Z,0.0
BA7 7NN,SEPD,HV,1,TW0092,694,2026-08-20T11:13:38Z,2026-08-20T11:13:38Z,0.0
BH14 8AZ,SEPD,LV,1,TV9024,7,2026-08-19T18:55:23Z,2026-08-19T18:55:23Z,0.0
BH14 8BB,SEPD,LV,1,TV9024,7,2026-08-19T18:55:23Z,2026-08-19T18:55:23Z,0.0
BH18 8EG,SEPD,HV,1,TV5514,85,2026-08-17T16:00:25Z,2026-08-17T16:00:25Z,0.0
BH18 8EJ,SEPD,HV,1,TV5514,85,2026-08-17T16:00:25Z,2026-08-17T16:00:25Z,0.0
BH24 1NJ,SEPD,LV,1,TV9208,12,2026-08-19T22:59:48Z,2026-08-19T22:59:48Z,0.0
BH24 1NL,SEPD,LV,1,TV9208,12,2026-08-19T22:59:48Z,2026-08-19T22:59:48Z,0.0
BH24 1NP,SEPD,LV,1,TV9208,12,2026-08-19T22:59:48Z,2026-08-19T22:59:48Z,0.0
BH24 1PU,SEPD,LV,1,TV9208,12,2026-08-19T22:59:48Z,2026-08-19T22:59:48Z,0.0
BH24 1PZ,SEPD,LV,1,TV9208,12,2026-08-19T22:59:48Z,2026-08-19T22:59:48Z,0.0
DD9 6RN,SHEPD,HV,1,TV3705,13,2026-08-16T07:04:49Z,2026-08-16T07:04:49Z,0.0
DD9 6SH,SHEPD,HV,1,TV3705,13,2026-08-16T07:04:49Z,2026-08-16T07:04:49Z,0.0
DD9 6SJ,SHEPD,HV,1,TV3705,13,2026-08-16T07:04:49Z,2026-08-16T07:04:49Z,0.0
DD9 6SL,SHEPD,HV,1,TV3705,13,2026-08-16T07:04:49Z,2026-08-16T07:04:49Z,0.0
DD9 6SN,SHEPD,HV,1,TV3705,13,2026-08-16T07:04:49Z,2026-08-16T07:04:49Z,0.0
DD9 6SW,SHEPD,HV,1,TV3705,13,2026-08-16T07:04:49Z,2026-08-16T07:04:49Z,0.0
DD9 6SY,SHEPD,HV,1,TV3705,13,2026-08-16T07:04:49Z,2026-08-16T07:04:49Z,0.0
DD9 6SZ,SHEPD,HV,1,TV3705,13,2026-08-16T07:04:49Z,2026-08-16T07:04:49Z,0.0
DD9 6TR,SHEPD,HV,1,TV3705,13,2026-08-16T07:04:49Z,2026-08-16T07:04:49Z,0.0
DD9 6TS,SHEPD,HV,1,TV3705,13,2026-08-16T07:04:49Z,2026-08-16T07:04:49Z,0.0
DD9 6TX,SHEPD,HV,1,TV3705,13,2026-08-16T07:04:49Z,2026-08-16T07:04:49Z,0.0
DD9 6TY,SHEPD,HV,1,TV3705,13,2026-08-16T07:04:49Z,2026-08-16T07:04:49Z,0.0
DD9 6UL,SHEPD,HV,1,TV3705,13,2026-08-16T07:04:49Z,2026-08-16T07:04:49Z,0.0
DD9 6UN,SHEPD,HV,1,TV3705,13,2026-08-16T07:04:49Z,2026-08-16T07:04:49Z,0.0
DD9 6UP,SHEPD,HV,1,TV3705,13,2026-08-16T07:04:49Z,2026-08-16T07:04:49Z,0.0
DD9 6UW,SHEPD,HV,1,TV3705,13,2026-08-16T07:04:49Z,2026-08-16T07:04:49Z,0.0
DT2 7AJ,SEPD,HV,1,TV9619,2,2026-08-20T08:07:21Z,2026-08-20T08:07:21Z,0.0
DT9 3EZ,SEPD,HV,1,TV8312,820,2026-08-19T11:42:00Z,2026-08-19T11:42:00Z,0.0
DT9 3FA,SEPD,HV,1,TV8312,820,2026-08-19T11:42:00Z,2026-08-19T11:42:00Z,0.0
DT9 3HG,SEPD,HV,1,TV8312,820,2026-08-19T11:42:00Z,2026-08-19T11:42:00Z,0.0
DT9 3HJ,SEPD,LV,1,TV8315,39,2026-08-19T11:42:00Z,2026-08-19T11:42:00Z,0.0
DT9 3HL,SEPD,LV,1,TV8315,39,2026-08-19T11:42:00Z,2026-08-19T11:42:00Z,0.0
DT9 3HQ,SEPD,HV,1,TV8312,820,2026-08-19T11:42:00Z,2026-08-19T11:42:00Z,0.0
DT9 3HW,SEPD,LV,1,TV8315,39,2026-08-19T11:42:00Z,2026-08-19T11:42:00Z,0.0
DT9 3NX,SEPD,LV,1,TV6776,41,2026-08-18T11:59:52Z,2026-08-18T11:59:52Z,0.0
DT9 3PH,SEPD,LV,1,TV6776,41,2026-08-18T11:59:52Z,2026-08-18T11:59:52Z,0.0
DT9 3PL,SEPD,LV,1,TV6776,41,2026-08-18T11:59:52Z,2026-08-18T11:59:52Z,0.0
DT9 3PN,SEPD,LV,1,TV6776,41,2026-08-18T11:59:52Z,2026-08-18T11:59:52Z,0.0
DT9 3PW,SEPD,LV,1,TV6776,41,2026-08-18T11:59:52Z,2026-08-18T11:59:52Z,0.0
DT9 3QJ,SEPD,LV,1,TV6776,41,2026-08-18T11:59:52Z,2026-08-18T11:59:52Z,0.0
DT9 4AU,SEPD,HV,1,TV8312,820,2026-08-19T11:42:00Z,2026-08-19T11:42:00Z,0.0
DT9 4BA,SEPD,LV,1,TV6776,41,2026-08-18T11:59:52Z,2026-08-18T11:59:52Z,0.0
DT9 4BJ,SEPD,HV,1,TV8312,820,2026-08-19T11:42:00Z,2026-08-19T11:42:00Z,0.0
DT9 4BL,SEPD,HV,1,TV8312,820,2026-08-19T11:42:00Z,2026-08-19T11:42:00Z,0.0
DT9 4BN,SEPD,HV,1,TV8312,820,2026-08-19T11:42:00Z,2026-08-19T11:42:00Z,0.0
DT9 4BP,SEPD,HV,1,TV8312,820,2026-08-19T11:42:00Z,2026-08-19T11:42:00Z,0.0
DT9 4BS,SEPD,HV,1,TV8312,820,2026-08-19T11:42:00Z,2026-08-19T11:42:00Z,0.0
DT9 4BT,SEPD,HV,1,TV8312,820,2026-08-19T11:42:00Z,2026-08-19T11:42:00Z,0.0
DT9 4BU,SEPD,HV,1,TV8312,820,2026-08-19T11:42:00Z,2026-08-19T11:42:00Z,0.0
DT9 4BW,SEPD,HV,1,TV8312,820,2026-08-19T11:42:00Z,2026-08-19T11:42:00Z,0.0
DT9 4BX,SEPD,HV,1,TV8312,820,2026-08-19T11:42:00Z,2026-08-19T11:42:00Z,0.0
DT9 4BZ,SEPD,HV,1,TV8312,820,2026-08-19T11:42:00Z,2026-08-19T11:42:00Z,0.0
DT9 4DB,SEPD,HV,1,TV8312,820,2026-08-19T11:42:00Z,2026-08-19T11:42:00Z,0.0
DT9 4DF,SEPD,HV,1,TV8312,820,2026-08-19T11:42:00Z,2026-08-19T11:42:00Z,0.0
DT9 4DG,SEPD,LV,1,TV6776,41,2026-08-18T11:59:52Z,2026-08-18T11:59:52Z,0.0
DT9 4EN,SEPD,HV,1,TV8312,820,2026-08-19T11:42:00Z,2026-08-19T11:42:00Z,0.0
DT9 4EZ,SEPD,HV,1,TV8312,820,2026-08-19T11:42:00Z,2026-08-19T11:42:00Z,0.0
DT9 4FW,SEPD,HV,1,TV8312,820,2026-08-19T11:42:00Z,2026-08-19T11:42:00Z,0.0
DT9 4HN,SEPD,HV,1,TV8312,820,2026-08-19T11:42:00Z,2026-08-19T11:42:00Z,0.0
DT9 4HR,SEPD,HV,1,TV8312,820,2026-08-19T11:42:00Z,2026-08-19T11:42:00Z,0.0
DT9 4RH,SEPD,HV,1,TV8312,820,2026-08-19T11:42:00Z,2026-08-19T11:42:00Z,0.0
DT9 4RJ,SEPD,HV,1,TV8312,820,2026-08-19T11:42:00Z,2026-08-19T11:42:00Z,0.0
DT9 6AS,SEPD,HV,1,TV8312,820,2026-08-19T11:42:00Z,2026-08-19T11:42:00Z,0.0
DT9 6AU,SEPD,HV,1,TV8312,820,2026-08-19T11:42:00Z,2026-08-19T11:42:00Z,0.0
DT9 6AW,SEPD,HV,1,TV8312,820,2026-08-19T11:42:00Z,2026-08-19T11:42:00Z,0.0
DT9 6AX,SEPD,HV,1,TV8312,820,2026-08-19T11:42:00Z,2026-08-19T11:42:00Z,0.0
DT9 6BD,SEPD,HV,1,TV8312,820,2026-08-19T11:42:00Z,2026-08-19T11:42:00Z,0.0
DT9 6BH,SEPD,LV,1,TV8315,39,2026-08-19T11:42:00Z,2026-08-19T11:42:00Z,0.0
DT9 6BL,SEPD,HV,1,TV8312,820,2026-08-19T11:42:00Z,2026-08-19T11:42:00Z,0.0
DT9 6BP,SEPD,HV,1,TV8312,820,2026-08-19T11:42:00Z,2026-08-19T11:42:00Z,0.0
DT9 6BS,SEPD,HV,1,TV8312,820,2026-08-19T11:42:00Z,2026-08-19T11:42:00Z,0.0
DT9 6BT,SEPD,HV,1,TV8312,820,2026-08-19T11:42:00Z,2026-08-19T11:42:00Z,0.0
DT9 6BU,SEPD,HV,1,TV8312,820,2026-08-19T11:42:00Z,2026-08-19T11:42:00Z,0.0
DT9 6BW,SEPD,HV,1,TV8312,820,2026-08-19T11:42:00Z,2026-08-19T11:42:00Z,0.0
DT9 6BX,SEPD,HV,1,TV8312,820,2026-08-19T11:42:00Z,2026-08-19T11:42:00Z,0.0
DT9 6BY,SEPD,HV,1,TV8312,820,2026-08-19T11:42:00Z,2026-08-19T11:42:00Z,0.0
DT9 6BZ,SEPD,HV,1,TV8312,820,2026-08-19T11:42:00Z,2026-08-19T11:42:00Z,0.0
DT9 6DA,SEPD,HV,1,TV8312,820,2026-08-19T11:42:00Z,2026-08-19T11:42:00Z,0.0
DT9 6DB,SEPD,HV,1,TV8312,820,2026-08-19T11:42:00Z,2026-08-19T11:42:00Z,0.0
DT9 6DD,SEPD,HV,1,TV8312,820,2026-08-19T11:42:00Z,2026-08-19T11:42:00Z,0.0
DT9 6DE,SEPD,HV,1,TV8312,820,2026-08-19T11:42:00Z,2026-08-19T11:42:00Z,0.0
DT9 6DF,SEPD,HV,1,TV8312,820,2026-08-19T11:42:00Z,2026-08-19T11:42:00Z,0.0
DT9 6DG,SEPD,HV,1,TV8312,820,2026-08-19T11:42:00Z,2026-08-19T11:42:00Z,0.0
DT9 6DH,SEPD,HV,1,TV8312,820,2026-08-19T11:42:00Z,2026-08-19T11:42:00Z,0.0
DT9 6DJ,SEPD,HV,1,TV8312,820,2026-08-19T11:42:00Z,2026-08-19T11:42:00Z,0.0
DT9 6DL,SEPD,HV,1,TV8312,820,2026-08-19T11:42:00Z,2026-08-19T11:42:00Z,0.0
DT9 6DQ,SEPD,HV,1,TV8312,820,2026-08-19T11:42:00Z,2026-08-19T11:42:00Z,0.0
DT9 6DR,SEPD,HV,1,TV8312,820,2026-08-19T11:42:00Z,2026-08-19T11:42:00Z,0.0
DT9 6DS,SEPD,HV,1,TV8312,820,2026-08-19T11:42:00Z,2026-08-19T11:42:00Z,0.0
DT9 6DT,SEPD,HV,1,TV8312,820,2026-08-19T11:42:00Z,2026-08-19T11:42:00Z,0.0
DT9 6DU,SEPD,HV,1,TV8312,820,2026-08-19T11:42:00Z,2026-08-19T11:42:00Z,0.0
DT9 6DX,SEPD,HV,1,TV8312,820,2026-08-19T11:42:00Z,2026-08-19T11:42:00Z,0.0
DT9 6DY,SEPD,HV,1,TV8312,820,2026-08-19T11:42:00Z,2026-08-19T11:42:00Z,0.0
DT9 6DZ,SEPD,HV,1,TV8312,820,2026-08-19T11:42:00Z,2026-08-19T11:42:00Z,0.0
DT9 6EX,SEPD,HV,1,TV8312,820,2026-08-19T11:42:00Z,2026-08-19T11:42:00Z,0.0
DT9 6SX,SEPD,HV,1,TV8312,820,2026-08-19T11:42:00Z,2026-08-19T11:42:00Z,0.0
EH23 4BB,SHEPD,LV,1,TW0870,11,2026-08-20T17:16:01Z,2026-08-20T17:16:01Z,0.0
EH23 4FQ,SHEPD,LV,1,TW0870,11,2026-08-20T17:16:01Z,2026-08-20T17:16:01Z,0.0
GU10 3NY,SEPD,LV,1,TV3481,15,2026-08-15T19:05:52Z,2026-08-15T19:05:52Z,0.0
GU10 3PE,SEPD,LV,1,TV3481,15,2026-08-15T19:05:52Z,2026-08-15T19:05:52Z,0.0
GU10 3PF,SEPD,LV,1,TV3481,15,2026-08-15T19:05:52Z,2026-08-15T19:05:52Z,0.0
GU10 3PG,SEPD,LV,1,TV3481,15,2026-08-15T19:05:52Z,2026-08-15T19:05:52Z,0.0
GU10 3PH,SEPD,LV,1,TV3481,15,2026-08-15T19:05:52Z,2026-08-15T19:05:52Z,0.0
GU10 3PY,SEPD,LV,1,TV3481,15,2026-08-15T19:05:52Z,2026-08-15T19:05:52Z,0.0
GU10 3QN,SEPD,LV,1,TV3481,15,2026-08-15T19:05:52Z,2026-08-15T19:05:52Z,0.0
GU24 8SJ,SEPD,HV,1,TV4640,198,2026-08-17T06:30:45Z,2026-08-17T06:30:45Z,0.0
GU25 4JP,SEPD,HV,1,TV4640,198,2026-08-17T06:30:45Z,2026-08-17T06:30:45Z,0.0
GU25 4JR,SEPD,HV,1,TV4640,198,2026-08-17T06:30:45Z,2026-08-17T06:30:45Z,0.0
GU25 4JS,SEPD,HV,1,TV4640,198,2026-08-17T06:30:45Z,2026-08-17T06:30:45Z,0.0
GU25 4JT,SEPD,HV,1,TV4640,198,2026-08-17T06:30:45Z,2026-08-17T06:30:45Z,0.0
GU25 4JU,SEPD,HV,1,TV4640,198,2026-08-17T06:30:45Z,2026-08-17T06:30:45Z,0.0
GU25 4JY,SEPD,HV,1,TV4640,198,2026-08-17T06:30:45Z,2026-08-17T06:30:45Z,0.0
GU25 4JZ,SEPD,HV,1,TV4640,198,2026-08-17T06:30:45Z,2026-08-17T06:30:45Z,0.0
GU25 4LS,SEPD,HV,1,TV4640,198,2026-08-17T06:30:45Z,2026-08-17T06:30:45Z,0.0
GU25 4LY,SEPD,HV,1,TV4640,198,2026-08-17T06:30:45Z,2026-08-17T06:30:45Z,0.0
GU25 4LZ,SEPD,HV,1,TV4640,198,2026-08-17T06:30:45Z,2026-08-17T06:30:45Z,0.0
GU25 4NA,SEPD,HV,1,TV4640,198,2026-08-17T06:30:45Z,2026-08-17T06:30:45Z,0.0
GU25 4ND,SEPD,HV,1,TV4640,198,2026-08-17T06:30:45Z,2026-08-17T06:30:45Z,0.0
GU25 4NF,SEPD,HV,1,TV4640,198,2026-08-17T06:30:45Z,2026-08-17T06:30:45Z,0.0
GU25 4NG,SEPD,HV,1,TV4640,198,2026-08-17T06:30:45Z,2026-08-17T06:30:45Z,0.0
GU25 4NH,SEPD,HV,1,TV4640,198,2026-08-17T06:30:45Z,2026-08-17T06:30:45Z,0.0
GU25 4NJ,SEPD,HV,1,TV4640,198,2026-08-17T06:30:45Z,2026-08-17T06:30:45Z,0.0
GU25 4NL,SEPD,HV,1,TV4640,198,2026-08-17T06:30:45Z,2026-08-17T06:30:45Z,0.0
GU25 4NN,SEPD,HV,1,TV4640,198,2026-08-17T06:30:45Z,2026-08-17T06:30:45Z,0.0
GU25 4NP,SEPD,HV,1,TV4640,198,2026-08-17T06:30:45Z,2026-08-17T06:30:45Z,0.0
GU25 4NQ,SEPD,HV,1,TV4640,198,2026-08-17T06:30:45Z,2026-08-17T06:30:45Z,0.0
GU25 4NR,SEPD,HV,1,TV4640,198,2026-08-17T06:30:45Z,2026-08-17T06:30:45Z,0.0
GU25 4NS,SEPD,HV,1,TV4640,198,2026-08-17T06:30:45Z,2026-08-17T06:30:45Z,0.0
GU25 4NT,SEPD,HV,1,TV4640,198,2026-08-17T06:30:45Z,2026-08-17T06:30:45Z,0.0
GU25 4NU,SEPD,HV,1,TV4640,198,2026-08-17T06:30:45Z,2026-08-17T06:30:45Z,0.0
GU25 4NW,SEPD,HV,1,TV4640,198,2026-08-17T06:30:45Z,2026-08-17T06:30:45Z,0.0
GU25 4NX,SEPD,HV,1,TV4640,198,2026-08-17T06:30:45Z,2026-08-17T06:30:45Z,0.0
GU25 4NY,SEPD,HV,1,TV4640,198,2026-08-17T06:30:45Z,2026-08-17T06:30:45Z,0.0
GU25 4NZ,SEPD,HV,1,TV4640,198,2026-08-17T06:30:45Z,2026-08-17T06:30:45Z,0.0
GU27 3BN,SEPD,LV,1,TV5162,4,2026-08-17T11:35:25Z,2026-08-17T11:35:25Z,0.0
GU27 3BS,SEPD,LV,1,TV5162,4,2026-08-17T11:35:25Z,2026-08-17T11:35:25Z,0.0
GU27 3FL,SEPD,LV,1,TV5162,4,2026-08-17T11:35:25Z,2026-08-17T11:35:25Z,0.0
GU7 2LJ,SEPD,LV,1,TW2175,23,2026-08-21T14:43:41Z,2026-08-21T14:43:41Z,0.0
GU7 2LR,SEPD,LV,1,TW2175,23,2026-08-21T14:43:41Z,2026-08-21T14:43:41Z,0.0
HA2 8NR,SEPD,HV,1,TV3983,152,2026-08-16T16:42:14Z,2026-08-16T16:42:14Z,0.0
HA2 8NS,SEPD,HV,1,TV3983,152,2026-08-16T16:42:14Z,2026-08-16T16:42:14Z,0.0
HA2 8NT,SEPD,HV,1,TV3983,152,2026-08-16T16:42:14Z,2026-08-16T16:42:14Z,0.0
HA2 8NU,SEPD,HV,1,TV3983,152,2026-08-16T16:42:14Z,2026-08-16T16:42:14Z,0.0
HA2 8NX,SEPD,HV,1,TV3983,152,2026-08-16T16:42:14Z,2026-08-16T16:42:14Z,0.0
HP10 9RS,SEPD,LV,1,TV4902,4,2026-08-17T09:57:52Z,2026-08-17T09:57:52Z,0.0
HS2 0LP,SHEPD,LV,1,TW2260,5,2026-08-21T15:18:16Z,2026-08-21T15:18:16Z,0.0
HS2 0LR,SHEPD,LV,1,TW2260,5,2026-08-21T15:18:16Z,2026-08-21T15:18:16Z,0.0
HS2 9BD,SHEPD,LV,1,TW2260,5,2026-08-21T15:18:16Z,2026-08-21T15:18:16Z,0.0
IV17 0AB,SHEPD,LV,1,TV7316,19,2026-08-19T18:12:57Z,2026-08-19T18:12:57Z,0.0
IV17 0PS,SHEPD,LV,1,TV7316,19,2026-08-19T18:12:57Z,2026-08-19T18:12:57Z,0.0
IV17 0SE,SHEPD,LV,1,TV7316,19,2026-08-19T18:12:57Z,2026-08-19T18:12:57Z,0.0
IV17 0SG,SHEPD,LV,1,TV7316,19,2026-08-19T18:12:57Z,2026-08-19T18:12:57Z,0.0
IV19 1PD,SHEPD,HV,1,TW0629,5,2026-08-20T16:49:36Z,2026-08-20T16:49:36Z,0.0
IV2 3TG,SHEPD,LV,1,TV9574,11,2026-08-20T10:12:56Z,2026-08-20T10:12:56Z,0.0
IV2 3YF,SHEPD,LV,1,TV9574,11,2026-08-20T10:12:56Z,2026-08-20T10:12:56Z,0.0
IV36 0SH,SHEPD,HV,1,TV9348,85,2026-08-20T04:45:14Z,2026-08-20T04:45:14Z,0.0
IV36 1FJ,SHEPD,HV,1,TV9348,85,2026-08-20T04:45:14Z,2026-08-20T04:45:14Z,0.0
IV36 1FP,SHEPD,HV,1,TV9348,85,2026-08-20T04:45:14Z,2026-08-20T04:45:14Z,0.0
IV36 1FR,SHEPD,HV,1,TV9348,85,2026-08-20T04:45:14Z,2026-08-20T04:45:14Z,0.0
IV36 1FS,SHEPD,HV,1,TV9348,85,2026-08-20T04:45:14Z,2026-08-20T04:45:14Z,0.0
IV36 1FT,SHEPD,HV,1,TV9348,85,2026-08-20T04:45:14Z,2026-08-20T04:45:14Z,0.0
IV36 1FX,SHEPD,HV,1,TV9348,85,2026-08-20T04:45:14Z,2026-08-20T04:45:14Z,0.0
IV36 1FY,SHEPD,HV,1,TV9348,85,2026-08-20T04:45:14Z,2026-08-20T04:45:14Z,0.0
IV36 1FZ,SHEPD,HV,1,TV9348,85,2026-08-20T04:45:14Z,2026-08-20T04:45:14Z,0.0
IV36 1GA,SHEPD,HV,1,TV9348,85,2026-08-20T04:45:14Z,2026-08-20T04:45:14Z,0.0
IV36 1GB,SHEPD,HV,1,TV9348,85,2026-08-20T04:45:14Z,2026-08-20T04:45:14Z,0.0
IV36 1GS,SHEPD,HV,1,TV9348,85,2026-08-20T04:45:14Z,2026-08-20T04:45:14Z,0.0
IV36 1HA,SHEPD,HV,1,TV9348,85,2026-08-20T04:45:14Z,2026-08-20T04:45:14Z,0.0
IV36 1JA,SHEPD,HV,1,TV9348,85,2026-08-20T04:45:14Z,2026-08-20T04:45:14Z,0.0
IV36 1NH,SHEPD,HV,1,TV9348,85,2026-08-20T04:45:14Z,2026-08-20T04:45:14Z,0.0
IV36 1NJ,SHEPD,HV,1,TV9348,85,2026-08-20T04:45:14Z,2026-08-20T04:45:14Z,0.0
IV36 2AF,SHEPD,HV,1,TV9348,85,2026-08-20T04:45:14Z,2026-08-20T04:45:14Z,0.0
IV36 2AG,SHEPD,HV,1,TV9348,85,2026-08-20T04:45:14Z,2026-08-20T04:45:14Z,0.0
IV36 2AH,SHEPD,HV,1,TV9348,85,2026-08-20T04:45:14Z,2026-08-20T04:45:14Z,0.0
IV36 2AJ,SHEPD,HV,1,TV9348,85,2026-08-20T04:45:14Z,2026-08-20T04:45:14Z,0.0
IV36 2AL,SHEPD,HV,1,TV9348,85,2026-08-20T04:45:14Z,2026-08-20T04:45:14Z,0.0
IV36 2AN,SHEPD,HV,1,TV9348,85,2026-08-20T04:45:14Z,2026-08-20T04:45:14Z,0.0
IV36 2GJ,SHEPD,HV,1,TV9348,85,2026-08-20T04:45:14Z,2026-08-20T04:45:14Z,0.0
IV36 2GR,SHEPD,HV,1,TV9348,85,2026-08-20T04:45:14Z,2026-08-20T04:45:14Z,0.0
IV36 2GY,SHEPD,HV,1,TV9348,85,2026-08-20T04:45:14Z,2026-08-20T04:45:14Z,0.0
IV36 2HE,SHEPD,HV,1,TV9348,85,2026-08-20T04:45:14Z,2026-08-20T04:45:14Z,0.0
IV36 2HF,SHEPD,HV,1,TV9348,85,2026-08-20T04:45:14Z,2026-08-20T04:45:14Z,0.0
IV36 2HG,SHEPD,HV,1,TV9348,85,2026-08-20T04:45:14Z,2026-08-20T04:45:14Z,0.0
IV36 2HW,SHEPD,HV,1,TV9348,85,2026-08-20T04:45:14Z,2026-08-20T04:45:14Z,0.0
IV36 2PA,SHEPD,HV,1,TV9348,85,2026-08-20T04:45:14Z,2026-08-20T04:45:14Z,0.0
IV36 2PB,SHEPD,HV,1,TV9348,85,2026-08-20T04:45:14Z,2026-08-20T04:45:14Z,0.0
IV36 2PD,SHEPD,HV,1,TV9348,85,2026-08-20T04:45:14Z,2026-08-20T04:45:14Z,0.0
IV36 2PE,SHEPD,HV,1,TV9348,85,2026-08-20T04:45:14Z,2026-08-20T04:45:14Z,0.0
IV36 2PF,SHEPD,HV,1,TV9348,85,2026-08-20T04:45:14Z,2026-08-20T04:45:14Z,0.0
IV36 2PG,SHEPD,HV,1,TV9348,85,2026-08-20T04:45:14Z,2026-08-20T04:45:14Z,0.0
IV36 2PH,SHEPD,HV,1,TV9348,85,2026-08-20T04:45:14Z,2026-08-20T04:45:14Z,0.0
IV36 2PJ,SHEPD,HV,1,TV9348,85,2026-08-20T04:45:14Z,2026-08-20T04:45:14Z,0.0
IV36 2PL,SHEPD,HV,1,TV9348,85,2026-08-20T04:45:14Z,2026-08-20T04:45:14Z,0.0
IV36 2PN,SHEPD,HV,1,TV9348,85,2026-08-20T04:45:14Z,2026-08-20T04:45:14Z,0.0
IV36 2PP,SHEPD,HV,1,TV9348,85,2026-08-20T04:45:14Z,2026-08-20T04:45:14Z,0.0
IV36 2QA,SHEPD,HV,1,TV9348,85,2026-08-20T04:45:14Z,2026-08-20T04:45:14Z,0.0
IV36 2QB,SHEPD,HV,1,TV9348,85,2026-08-20T04:45:14Z,2026-08-20T04:45:14Z,0.0
IV36 2QD,SHEPD,HV,1,TV9348,85,2026-08-20T04:45:14Z,2026-08-20T04:45:14Z,0.0
IV36 2QE,SHEPD,HV,1,TV9348,85,2026-08-20T04:45:14Z,2026-08-20T04:45:14Z,0.0
IV36 2QG,SHEPD,HV,1,TV9348,85,2026-08-20T04:45:14Z,2026-08-20T04:45:14Z,0.0
IV36 2RR,SHEPD,HV,1,TV9348,85,2026-08-20T04:45:14Z,2026-08-20T04:45:14Z,0.0
IV36 2SE,SHEPD,HV,1,TV9348,85,2026-08-20T04:45:14Z,2026-08-20T04:45:14Z,0.0
IV36 2SF,SHEPD,HV,1,TV9348,85,2026-08-20T04:45:14Z,2026-08-20T04:45:14Z,0.0
IV36 2SJ,SHEPD,HV,1,TV9348,85,2026-08-20T04:45:14Z,2026-08-20T04:45:14Z,0.0
IV36 2SQ,SHEPD,HV,1,TV9348,85,2026-08-20T04:45:14Z,2026-08-20T04:45:14Z,0.0
IV36 2TN,SHEPD,HV,1,TV9348,85,2026-08-20T04:45:14Z,2026-08-20T04:45:14Z,0.0
IV36 2TP,SHEPD,HV,1,TV9348,85,2026-08-20T04:45:14Z,2026-08-20T04:45:14Z,0.0
IV36 2TS,SHEPD,HV,1,TV9348,85,2026-08-20T04:45:14Z,2026-08-20T04:45:14Z,0.0
IV36 2TT,SHEPD,HV,1,TV9348,85,2026-08-20T04:45:14Z,2026-08-20T04:45:14Z,0.0
IV36 2TX,SHEPD,HV,1,TV9348,85,2026-08-20T04:45:14Z,2026-08-20T04:45:14Z,0.0
IV36 2TY,SHEPD,HV,1,TV9348,85,2026-08-20T04:45:14Z,2026-08-20T04:45:14Z,0.0
IV36 2TZ,SHEPD,HV,1,TV9348,85,2026-08-20T04:45:14Z,2026-08-20T04:45:14Z,0.0
IV36 2UF,SHEPD,HV,1,TV9348,85,2026-08-20T04:45:14Z,2026-08-20T04:45:14Z,0.0
IV36 2UG,SHEPD,HV,1,TV9348,85,2026-08-20T04:45:14Z,2026-08-20T04:45:14Z,0.0
IV36 2US,SHEPD,HV,1,TV9348,85,2026-08-20T04:45:14Z,2026-08-20T04:45:14Z,0.0
IV36 2WJ,SHEPD,HV,1,TV9348,85,2026-08-20T04:45:14Z,2026-08-20T04:45:14Z,0.0
IV36 2XH,SHEPD,HV,1,TV9348,85,2026-08-20T04:45:14Z,2026-08-20T04:45:14Z,0.0
IV40 8AB,SHEPD,LV,1,TW0944,14,2026-08-21T19:43:22Z,2026-08-21T19:43:22Z,0.0
IV40 8AE,SHEPD,LV,1,TW0944,14,2026-08-21T19:43:22Z,2026-08-21T19:43:22Z,0.0
IV40 8AF,SHEPD,LV,1,TW0944,14,2026-08-21T19:43:22Z,2026-08-21T19:43:22Z,0.0
IV40 8BL,SHEPD,LV,1,TW0944,14,2026-08-21T19:43:22Z,2026-08-21T19:43:22Z,0.0
IV40 8BW,SHEPD,LV,1,TW0944,14,2026-08-21T19:43:22Z,2026-08-21T19:43:22Z,0.0
KA27 8SD,SHEPD,LV,1,TV6319,20,2026-08-18T10:37:14Z,2026-08-18T10:37:14Z,0.0
KW14 7QW,SHEPD,HV,1,TV4710,13,2026-08-17T08:23:42Z,2026-08-17T08:23:42Z,0.0
OX12 0BJ,SEPD,LV,1,TV6575,30,2026-08-18T11:01:30Z,2026-08-18T11:01:30Z,0.0
OX12 0BL,SEPD,LV,1,TV6575,30,2026-08-18T11:01:30Z,2026-08-18T11:01:30Z,0.0
OX12 0BX,SEPD,LV,1,TV6575,30,2026-08-18T11:01:30Z,2026-08-18T11:01:30Z,0.0
OX12 0BY,SEPD,LV,1,TV6575,30,2026-08-18T11:01:30Z,2026-08-18T11:01:30Z,0.0
OX12 0NF,SEPD,LV,1,TV6575,30,2026-08-18T11:01:30Z,2026-08-18T11:01:30Z,0.0
OX12 0NL,SEPD,LV,1,TV6575,30,2026-08-18T11:01:30Z,2026-08-18T11:01:30Z,0.0
OX12 0NQ,SEPD,LV,1,TV6575,30,2026-08-18T11:01:30Z,2026-08-18T11:01:30Z,0.0
OX20 1ET,SEPD,HV,1,TV5066,55,2026-08-17T12:59:19Z,2026-08-17T12:59:19Z,0.0
OX20 1QQ,SEPD,HV,1,TV5066,55,2026-08-17T12:59:19Z,2026-08-17T12:59:19Z,0.0
OX5 3ER,SEPD,HV,1,TV5066,55,2026-08-17T12:59:19Z,2026-08-17T12:59:19Z,0.0
PA47 7SR,SHEPD,LV,1,TV6319,20,2026-08-18T10:37:14Z,2026-08-18T10:37:14Z,0.0
PA47 7SS,SHEPD,LV,1,TV6319,20,2026-08-18T10:37:14Z,2026-08-18T10:37:14Z,0.0
PA47 7ST,SHEPD,LV,1,TV6319,20,2026-08-18T10:37:14Z,2026-08-18T10:37:14Z,0.0
PA47 7SU,SHEPD,LV,1,TV6319,20,2026-08-18T10:37:14Z,2026-08-18T10:37:14Z,0.0
PA47 7SW,SHEPD,LV,1,TV6319,20,2026-08-18T10:37:14Z,2026-08-18T10:37:14Z,0.0
PA47 7SX,SHEPD,LV,1,TV6319,20,2026-08-18T10:37:14Z,2026-08-18T10:37:14Z,0.0
PH13 9AE,SHEPD,LV,1,TW1722,12,2026-08-22T15:56:24Z,2026-08-22T15:56:24Z,0.0
PH13 9AF,SHEPD,LV,1,TW1722,12,2026-08-22T15:56:24Z,2026-08-22T15:56:24Z,0.0
PH13 9AL,SHEPD,LV,1,TW1722,12,2026-08-22T15:56:24Z,2026-08-22T15:56:24Z,0.0
PH13 9AN,SHEPD,LV,1,TW1722,12,2026-08-22T15:56:24Z,2026-08-22T15:56:24Z,0.0
PH13 9AQ,SHEPD,LV,1,TW1722,12,2026-08-22T15:56:24Z,2026-08-22T15:56:24Z,0.0
PH13 9AS,SHEPD,LV,1,TW1722,12,2026-08-22T15:56:24Z,2026-08-22T15:56:24Z,0.0
PH13 9AT,SHEPD,LV,1,TW1722,12,2026-08-22T15:56:24Z,2026-08-22T15:56:24Z,0.0
PH13 9AU,SHEPD,LV,1,TW1722,12,2026-08-22T15:56:24Z,2026-08-22T15:56:24Z,0.0
PO18 9DJ,SEPD,HV,1,TV7600,1952,2026-08-19T06:01:52Z,2026-08-19T06:01:52Z,0.0
PO19 1BA,SEPD,LV,1,TV9678,6,2026-08-20T08:55:24Z,2026-08-20T08:55:24Z,0.0
PO19 1BB,SEPD,LV,1,TV9678,6,2026-08-20T08:55:24Z,2026-08-20T08:55:24Z,0.0
PO19 1BY,SEPD,LV,1,TV9678,6,2026-08-20T08:55:24Z,2026-08-20T08:55:24Z,0.0
PO19 1NF,SEPD,LV,1,TV9678,6,2026-08-20T08:55:24Z,2026-08-20T08:55:24Z,0.0
PO20,SEPD,HV,1,TV7600,1952,2026-08-19T06:01:52Z,2026-08-19T06:01:52Z,0.0
PO20 0AD,SEPD,HV,1,TV7600,1952,2026-08-19T06:01:52Z,2026-08-19T06:01:52Z,0.0
PO20 0AG,SEPD,HV,1,TV7600,1952,2026-08-19T06:01:52Z,2026-08-19T06:01:52Z,0.0
PO20 0AL,SEPD,HV,1,TV7600,1952,2026-08-19T06:01:52Z,2026-08-19T06:01:52Z,0.0
PO20 0AN,SEPD,HV,1,TV7600,1952,2026-08-19T06:01:52Z,2026-08-19T06:01:52Z,0.0
PO20 0AP,SEPD,HV,1,TV7600,1952,2026-08-19T06:01:52Z,2026-08-19T06:01:52Z,0.0
PO20 0AQ,SEPD,HV,1,TV7600,1952,2026-08-19T06:01:52Z,2026-08-19T06:01:52Z,0.0
PO20 0AR,SEPD,HV,1,TV7600,1952,2026-08-19T06:01:52Z,2026-08-19T06:01:52Z,0.0
PO20 0AU,SEPD,HV,1,TV7600,1952,2026-08-19T06:01:52Z,2026-08-19T06:01:52Z,0.0
PO20 0AZ,SEPD,HV,1,TV7600,1952,2026-08-19T06:01:52Z,2026-08-19T06:01:52Z,0.0
PO20 0BA,SEPD,HV,1,TV7600,1952,2026-08-19T06:01:52Z,2026-08-19T06:01:52Z,0.0
PO20 0BB,SEPD,HV,1,TV7600,1952,2026-08-19T06:01:52Z,2026-08-19T06:01:52Z,0.0
PO20 0BD,SEPD,HV,1,TV7600,1952,2026-08-19T06:01:52Z,2026-08-19T06:01:52Z,0.0
PO20 0BG,SEPD,HV,1,TV7600,1952,2026-08-19T06:01:52Z,2026-08-19T06:01:52Z,0.0
PO20 0FP,SEPD,HV,1,TV7600,1952,2026-08-19T06:01:52Z,2026-08-19T06:01:52Z,0.0
PO20 0HP,SEPD,HV,1,TV7600,1952,2026-08-19T06:01:52Z,2026-08-19T06:01:52Z,0.0
PO20 0HR,SEPD,HV,1,TV7600,1952,2026-08-19T06:01:52Z,2026-08-19T06:01:52Z,0.0
PO20 0HS,SEPD,HV,1,TV7600,1952,2026-08-19T06:01:52Z,2026-08-19T06:01:52Z,0.0
PO20 0HT,SEPD,HV,1,TV7600,1952,2026-08-19T06:01:52Z,2026-08-19T06:01:52Z,0.0
PO20 0HU,SEPD,HV,1,TV7600,1952,2026-08-19T06:01:52Z,2026-08-19T06:01:52Z,0.0
PO20 0HW,SEPD,HV,1,TV7600,1952,2026-08-19T06:01:52Z,2026-08-19T06:01:52Z,0.0
PO20 0HX,SEPD,HV,1,TV7600,1952,2026-08-19T06:01:52Z,2026-08-19T06:01:52Z,0.0
PO20 0HY,SEPD,HV,1,TV7600,1952,2026-08-19T06:01:52Z,2026-08-19T06:01:52Z,0.0
PO20 0HZ,SEPD,HV,1,TV7600,1952,2026-08-19T06:01:52Z,2026-08-19T06:01:52Z,0.0
PO20 0JA,SEPD,HV,1,TV7600,1952,2026-08-19T06:01:52Z,2026-08-19T06:01:52Z,0.0
PO20 0JB,SEPD,HV,1,TV7600,1952,2026-08-19T06:01:52Z,2026-08-19T06:01:52Z,0.0
PO20 0JE,SEPD,HV,1,TV7600,1952,2026-08-19T06:01:52Z,2026-08-19T06:01:52Z,0.0
PO20 0JN,SEPD,HV,1,TV7600,1952,2026-08-19T06:01:52Z,2026-08-19T06:01:52Z,0.0
PO20 0JR,SEPD,HV,1,TV7600,1952,2026-08-19T06:01:52Z,2026-08-19T06:01:52Z,0.0
PO20 0JS,SEPD,HV,1,TV7600,1952,2026-08-19T06:01:52Z,2026-08-19T06:01:52Z,0.0
PO20 0LF,SEPD,HV,1,TV7600,1952,2026-08-19T06:01:52Z,2026-08-19T06:01:52Z,0.0
PO20 0LG,SEPD,HV,1,TV7600,1952,2026-08-19T06:01:52Z,2026-08-19T06:01:52Z,0.0
PO20 0LH,SEPD,HV,1,TV7600,1952,2026-08-19T06:01:52Z,2026-08-19T06:01:52Z,0.0
PO20 0LJ,SEPD,HV,1,TV7600,1952,2026-08-19T06:01:52Z,2026-08-19T06:01:52Z,0.0
PO20 0LQ,SEPD,HV,1,TV7600,1952,2026-08-19T06:01:52Z,2026-08-19T06:01:52Z,0.0
PO20 0QG,SEPD,HV,1,TV7600,1952,2026-08-19T06:01:52Z,2026-08-19T06:01:52Z,0.0
PO20 0QH,SEPD,HV,1,TV7600,1952,2026-08-19T06:01:52Z,2026-08-19T06:01:52Z,0.0
PO20 0QJ,SEPD,HV,1,TV7600,1952,2026-08-19T06:01:52Z,2026-08-19T06:01:52Z,0.0
PO20 0QL,SEPD,HV,1,TV7600,1952,2026-08-19T06:01:52Z,2026-08-19T06:01:52Z,0.0
PO20 0QP,SEPD,HV,1,TV7600,1952,2026-08-19T06:01:52Z,2026-08-19T06:01:52Z,0.0
PO20 0RB,SEPD,HV,1,TV7600,1952,2026-08-19T06:01:52Z,2026-08-19T06:01:52Z,0.0
PO20 0RD,SEPD,HV,1,TV7600,1952,2026-08-19T06:01:52Z,2026-08-19T06:01:52Z,0.0
PO20 0RE,SEPD,HV,1,TV7600,1952,2026-08-19T06:01:52Z,2026-08-19T06:01:52Z,0.0
PO20 0TT,SEPD,HV,1,TV7600,1952,2026-08-19T06:01:52Z,2026-08-19T06:01:52Z,0.0
PO20 0TU,SEPD,HV,1,TV7600,1952,2026-08-19T06:01:52Z,2026-08-19T06:01:52Z,0.0
PO20 0TX,SEPD,HV,1,TV7600,1952,2026-08-19T06:01:52Z,2026-08-19T06:01:52Z,0.0
PO20 0TY,SEPD,HV,1,TV7600,1952,2026-08-19T06:01:52Z,2026-08-19T06:01:52Z,0.0
PO20 0TZ,SEPD,HV,1,TV7600,1952,2026-08-19T06:01:52Z,2026-08-19T06:01:52Z,0.0
PO20 0UA,SEPD,HV,1,TV7600,1952,2026-08-19T06:01:52Z,2026-08-19T06:01:52Z,0.0
PO20 0UE,SEPD,HV,1,TV7600,1952,2026-08-19T06:01:52Z,2026-08-19T06:01:52Z,0.0
PO20 0UF,SEPD,HV,1,TV7600,1952,2026-08-19T06:01:52Z,2026-08-19T06:01:52Z,0.0
PO20 7JP,SEPD,HV,1,TV7600,1952,2026-08-19T06:01:52Z,2026-08-19T06:01:52Z,0.0
PO20 7JW,SEPD,HV,1,TV7600,1952,2026-08-19T06:01:52Z,2026-08-19T06:01:52Z,0.0
PO20 7NU,SEPD,HV,1,TV7600,1952,2026-08-19T06:01:52Z,2026-08-19T06:01:52Z,0.0
PO20 7NX,SEPD,HV,1,TV7600,1952,2026-08-19T06:01:52Z,2026-08-19T06:01:52Z,0.0
PO20 7NY,SEPD,HV,1,TV7600,1952,2026-08-19T06:01:52Z,2026-08-19T06:01:52Z,0.0
PO20 7PA,SEPD,HV,1,TV7600,1952,2026-08-19T06:01:52Z,2026-08-19T06:01:52Z,0.0
PO20 8AQ,SEPD,HV,1,TV7600,1952,2026-08-19T06:01:52Z,2026-08-19T06:01:52Z,0.0
PO20 8FB,SEPD,HV,1,TV7600,1952,2026-08-19T06:01:52Z,2026-08-19T06:01:52Z,0.0
PO20 8FD,SEPD,HV,1,TV7600,1952,2026-08-19T06:01:52Z,2026-08-19T06:01:52Z,0.0
PO20 8FE,SEPD,HV,1,TV7600,1952,2026-08-19T06:01:52Z,2026-08-19T06:01:52Z,0.0
PO20 8FF,SEPD,HV,1,TV7600,1952,2026-08-19T06:01:52Z,2026-08-19T06:01:52Z,0.0
PO20 8FH,SEPD,HV,1,TV7600,1952,2026-08-19T06:01:52Z,2026-08-19T06:01:52Z,0.0
PO20 8JP,SEPD,HV,1,TV7600,1952,2026-08-19T06:01:52Z,2026-08-19T06:01:52Z,0.0
PO20 8JR,SEPD,HV,1,TV7600,1952,2026-08-19T06:01:52Z,2026-08-19T06:01:52Z,0.0
PO20 8JT,SEPD,HV,1,TV7600,1952,2026-08-19T06:01:52Z,2026-08-19T06:01:52Z,0.0
PO20 8JW,SEPD,HV,1,TV7600,1952,2026-08-19T06:01:52Z,2026-08-19T06:01:52Z,0.0
PO20 8JY,SEPD,HV,1,TV7600,1952,2026-08-19T06:01:52Z,2026-08-19T06:01:52Z,0.0
PO20 8JZ,SEPD,HV,1,TV7600,1952,2026-08-19T06:01:52Z,2026-08-19T06:01:52Z,0.0
PO20 8QU,SEPD,HV,1,TV7600,1952,2026-08-19T06:01:52Z,2026-08-19T06:01:52Z,0.0
PO20 8QY,SEPD,HV,1,TV7600,1952,2026-08-19T06:01:52Z,2026-08-19T06:01:52Z,0.0
PO20 8RG,SEPD,HV,1,TV7600,1952,2026-08-19T06:01:52Z,2026-08-19T06:01:52Z,0.0
PO20 8RH,SEPD,HV,1,TV7600,1952,2026-08-19T06:01:52Z,2026-08-19T06:01:52Z,0.0
PO20 8RN,SEPD,HV,1,TV7600,1952,2026-08-19T06:01:52Z,2026-08-19T06:01:52Z,0.0
PO20 8RQ,SEPD,HV,1,TV7600,1952,2026-08-19T06:01:52Z,2026-08-19T06:01:52Z,0.0
PO20 8RW,SEPD,HV,1,TV7600,1952,2026-08-19T06:01:52Z,2026-08-19T06:01:52Z,0.0
PO20 8SB,SEPD,HV,1,TV7600,1952,2026-08-19T06:01:52Z,2026-08-19T06:01:52Z,0.0
PO20 9AA,SEPD,HV,1,TV7600,1952,2026-08-19T06:01:52Z,2026-08-19T06:01:52Z,0.0
PO20 9AB,SEPD,HV,1,TV7600,1952,2026-08-19T06:01:52Z,2026-08-19T06:01:52Z,0.0
PO20 9AD,SEPD,HV,1,TV7600,1952,2026-08-19T06:01:52Z,2026-08-19T06:01:52Z,0.0
PO20 9AE,SEPD,HV,1,TV7600,1952,2026-08-19T06:01:52Z,2026-08-19T06:01:52Z,0.0
PO20 9AF,SEPD,HV,1,TV7600,1952,2026-08-19T06:01:52Z,2026-08-19T06:01:52Z,0.0
PO20 9AG,SEPD,HV,1,TV7600,1952,2026-08-19T06:01:52Z,2026-08-19T06:01:52Z,0.0
PO20 9AH,SEPD,HV,1,TV7600,1952,2026-08-19T06:01:52Z,2026-08-19T06:01:52Z,0.0
PO20 9AL,SEPD,HV,1,TV7600,1952,2026-08-19T06:01:52Z,2026-08-19T06:01:52Z,0.0
PO20 9AP,SEPD,HV,1,TV7600,1952,2026-08-19T06:01:52Z,2026-08-19T06:01:52Z,0.0
PO20 9AQ,SEPD,HV,1,TV7600,1952,2026-08-19T06:01:52Z,2026-08-19T06:01:52Z,0.0
PO20 9AR,SEPD,HV,1,TV7600,1952,2026-08-19T06:01:52Z,2026-08-19T06:01:52Z,0.0
PO20 9AS,SEPD,HV,1,TV7600,1952,2026-08-19T06:01:52Z,2026-08-19T06:01:52Z,0.0
PO20 9AT,SEPD,HV,1,TV7600,1952,2026-08-19T06:01:52Z,2026-08-19T06:01:52Z,0.0
PO20 9AU,SEPD,HV,1,TV7600,1952,2026-08-19T06:01:52Z,2026-08-19T06:01:52Z,0.0
PO20 9AW,SEPD,HV,1,TV7600,1952,2026-08-19T06:01:52Z,2026-08-19T06:01:52Z,0.0
PO20 9AX,SEPD,HV,1,TV7600,1952,2026-08-19T06:01:52Z,2026-08-19T06:01:52Z,0.0
PO20 9AY,SEPD,HV,1,TV7600,1952,2026-08-19T06:01:52Z,2026-08-19T06:01:52Z,0.0
PO20 9BD,SEPD,HV,1,TV7600,1952,2026-08-19T06:01:52Z,2026-08-19T06:01:52Z,0.0
PO20 9BE,SEPD,HV,1,TV7600,1952,2026-08-19T06:01:52Z,2026-08-19T06:01:52Z,0.0
PO20 9BG,SEPD,HV,1,TV7600,1952,2026-08-19T06:01:52Z,2026-08-19T06:01:52Z,0.0
PO20 9BH,SEPD,HV,1,TV7600,1952,2026-08-19T06:01:52Z,2026-08-19T06:01:52Z,0.0
PO20 9BP,SEPD,HV,1,TV7600,1952,2026-08-19T06:01:52Z,2026-08-19T06:01:52Z,0.0
PO20 9BU,SEPD,HV,1,TV7600,1952,2026-08-19T06:01:52Z,2026-08-19T06:01:52Z,0.0
PO20 9BX,SEPD,HV,1,TV7600,1952,2026-08-19T06:01:52Z,2026-08-19T06:01:52Z,0.0
PO20 9DA,SEPD,HV,1,TV7600,1952,2026-08-19T06:01:52Z,2026-08-19T06:01:52Z,0.0
PO20 9DB,SEPD,HV,1,TV7600,1952,2026-08-19T06:01:52Z,2026-08-19T06:01:52Z,0.0
PO20 9DD,SEPD,HV,1,TV7600,1952,2026-08-19T06:01:52Z,2026-08-19T06:01:52Z,0.0
PO20 9DE,SEPD,HV,1,TV7600,1952,2026-08-19T06:01:52Z,2026-08-19T06:01:52Z,0.0
PO20 9DF,SEPD,HV,1,TV7600,1952,2026-08-19T06:01:52Z,2026-08-19T06:01:52Z,0.0
PO20 9DG,SEPD,HV,1,TV7600,1952,2026-08-19T06:01:52Z,2026-08-19T06:01:52Z,0.0
PO20 9DH,SEPD,HV,1,TV7600,1952,2026-08-19T06:01:52Z,2026-08-19T06:01:52Z,0.0
PO20 9DJ,SEPD,HV,1,TV7600,1952,2026-08-19T06:01:52Z,2026-08-19T06:01:52Z,0.0
PO20 9DP,SEPD,HV,1,TV7600,1952,2026-08-19T06:01:52Z,2026-08-19T06:01:52Z,0.0
PO20 9DQ,SEPD,HV,1,TV7600,1952,2026-08-19T06:01:52Z,2026-08-19T06:01:52Z,0.0
PO20 9DR,SEPD,HV,1,TV7600,1952,2026-08-19T06:01:52Z,2026-08-19T06:01:52Z,0.0
PO20 9DW,SEPD,HV,1,TV7600,1952,2026-08-19T06:01:52Z,2026-08-19T06:01:52Z,0.0
PO20 9EE,SEPD,HV,1,TV7600,1952,2026-08-19T06:01:52Z,2026-08-19T06:01:52Z,0.0
PO20 9EH,SEPD,HV,1,TV7600,1952,2026-08-19T06:01:52Z,2026-08-19T06:01:52Z,0.0
PO20 9EL,SEPD,HV,1,TV7600,1952,2026-08-19T06:01:52Z,2026-08-19T06:01:52Z,0.0
PO20 9EP,SEPD,HV,1,TV7600,1952,2026-08-19T06:01:52Z,2026-08-19T06:01:52Z,0.0
PO20 9ER,SEPD,HV,1,TV7600,1952,2026-08-19T06:01:52Z,2026-08-19T06:01:52Z,0.0
PO20 9ET,SEPD,HV,1,TV7600,1952,2026-08-19T06:01:52Z,2026-08-19T06:01:52Z,0.0
PO20 9EU,SEPD,HV,1,TV7600,1952,2026-08-19T06:01:52Z,2026-08-19T06:01:52Z,0.0
PO20 9EX,SEPD,HV,1,TV7600,1952,2026-08-19T06:01:52Z,2026-08-19T06:01:52Z,0.0
PO20 9EY,SEPD,HV,1,TV7600,1952,2026-08-19T06:01:52Z,2026-08-19T06:01:52Z,0.0
PO20 9EZ,SEPD,HV,1,TV7600,1952,2026-08-19T06:01:52Z,2026-08-19T06:01:52Z,0.0
PO20 9HA,SEPD,HV,1,TV7600,1952,2026-08-19T06:01:52Z,2026-08-19T06:01:52Z,0.0
PO20 9HD,SEPD,HV,1,TV7600,1952,2026-08-19T06:01:52Z,2026-08-19T06:01:52Z,0.0
PO20 9HJ,SEPD,HV,1,TV7600,1952,2026-08-19T06:01:52Z,2026-08-19T06:01:52Z,0.0
PO20 9HL,SEPD,HV,1,TV7600,1952,2026-08-19T06:01:52Z,2026-08-19T06:01:52Z,0.0
PO20 9HT,SEPD,HV,1,TV7600,1952,2026-08-19T06:01:52Z,2026-08-19T06:01:52Z,0.0
PO20 9JA,SEPD,HV,1,TV7600,1952,2026-08-19T06:01:52Z,2026-08-19T06:01:52Z,0.0
PO20 9JB,SEPD,HV,1,TV7600,1952,2026-08-19T06:01:52Z,2026-08-19T06:01:52Z,0.0
PO20 9JD,SEPD,HV,1,TV7600,1952,2026-08-19T06:01:52Z,2026-08-19T06:01:52Z,0.0
PO20 9JN,SEPD,HV,1,TV7600,1952,2026-08-19T06:01:52Z,2026-08-19T06:01:52Z,0.0
PO20 9JP,SEPD,HV,1,TV7600,1952,2026-08-19T06:01:52Z,2026-08-19T06:01:52Z,0.0
PO20 9JW,SEPD,HV,1,TV7600,1952,2026-08-19T06:01:52Z,2026-08-19T06:01:52Z,0.0
PO30,SEPD,HV,1,TV9446,5,2026-08-20T06:26:49Z,2026-08-20T06:26:49Z,0.0
PO30 2DP,SEPD,HV,1,TV9446,5,2026-08-20T06:26:49Z,2026-08-20T06:26:49Z,0.0
PO30 2LU,SEPD,HV,1,TV9446,5,2026-08-20T06:26:49Z,2026-08-20T06:26:49Z,0.0
PO30 2LX,SEPD,HV,1,TV9446,5,2026-08-20T06:26:49Z,2026-08-20T06:26:49Z,0.0
PO30 2NF,SEPD,HV,1,TV9446,5,2026-08-20T06:26:49Z,2026-08-20T06:26:49Z,0.0
PO30 2NG,SEPD,HV,1,TV9446,5,2026-08-20T06:26:49Z,2026-08-20T06:26:49Z,0.0
PO30 2NH,SEPD,HV,1,TV9446,5,2026-08-20T06:26:49Z,2026-08-20T06:26:49Z,0.0
PO30 2NJ,SEPD,HV,1,TV9446,5,2026-08-20T06:26:49Z,2026-08-20T06:26:49Z,0.0
PO30 2NL,SEPD,HV,1,TV9446,5,2026-08-20T06:26:49Z,2026-08-20T06:26:49Z,0.0
PO30 2NQ,SEPD,HV,1,TV9446,5,2026-08-20T06:26:49Z,2026-08-20T06:26:49Z,0.0
PO30 2NW,SEPD,HV,1,TV9446,5,2026-08-20T06:26:49Z,2026-08-20T06:26:49Z,0.0
PO30 2NX,SEPD,HV,1,TV9446,5,2026-08-20T06:26:49Z,2026-08-20T06:26:49Z,0.0
PO30 2PD,SEPD,HV,1,TV9446,5,2026-08-20T06:26:49Z,2026-08-20T06:26:49Z,0.0
PO9 1AL,SEPD,LV,1,TV8785,28,2026-08-19T17:45:47Z,2026-08-19T17:45:47Z,0.0
PO9 1FN,SEPD,LV,1,TV8785,28,2026-08-19T17:45:47Z,2026-08-19T17:45:47Z,0.0
PO9 1FP,SEPD,LV,1,TV8785,28,2026-08-19T17:45:47Z,2026-08-19T17:45:47Z,0.0
RG10 8LT,SEPD,HV,1,TW3001,47,2026-08-22T12:10:52Z,2026-08-22T12:10:52Z,0.0
RG10 8LU,SEPD,HV,1,TW3001,47,2026-08-22T12:10:52Z,2026-08-22T12:10:52Z,0.0
RG10 8PU,SEPD,HV,1,TW3001,47,2026-08-22T12:10:52Z,2026-08-22T12:10:52Z,0.0
RG10 8PZ,SEPD,HV,1,TW3001,47,2026-08-22T12:10:52Z,2026-08-22T12:10:52Z,0.0
RG10 8QJ,SEPD,HV,1,TW3001,47,2026-08-22T12:10:52Z,2026-08-22T12:10:52Z,0.0
RG12 1LS,SEPD,LV,1,TV4685,3,2026-08-17T09:57:52Z,2026-08-17T09:57:52Z,0.0
RG22 4LB,SEPD,LV,1,TV7144,30,2026-08-18T16:44:14Z,2026-08-18T16:44:14Z,0.0
RG22 4NJ,SEPD,LV,1,TV7144,30,2026-08-18T16:44:14Z,2026-08-18T16:44:14Z,0.0
RG22 4NL,SEPD,LV,1,TV7144,30,2026-08-18T16:44:14Z,2026-08-18T16:44:14Z,0.0
RG40 2AA,SEPD,LV,1,TV5762,18,2026-08-17T21:35:11Z,2026-08-17T21:35:11Z,0.0
RG40 2AR,SEPD,LV,1,TV5762,18,2026-08-17T21:35:11Z,2026-08-17T21:35:11Z,0.0
RG40 2PU,SEPD,LV,1,TV5762,18,2026-08-17T21:35:11Z,2026-08-17T21:35:11Z,0.0
RG41 4DF,SEPD,LV,1,TV6822,31,2026-08-18T13:01:53Z,2026-08-18T13:01:53Z,0.0
RG41 4SS,SEPD,LV,1,TV6822,31,2026-08-18T13:01:53Z,2026-08-18T13:01:53Z,0.0
RG41 4ST,SEPD,LV,1,TV6822,31,2026-08-18T13:01:53Z,2026-08-18T13:01:53Z,0.0
RG41 4SX,SEPD,LV,1,TV6822,31,2026-08-18T13:01:53Z,2026-08-18T13:01:53Z,0.0
RG41 4SY,SEPD,LV,1,TV6822,31,2026-08-18T13:01:53Z,2026-08-18T13:01:53Z,0.0
RG41 4TA,SEPD,LV,1,TV6822,31,2026-08-18T13:01:53Z,2026-08-18T13:01:53Z,0.0
RG5 4LP,SEPD,HV,1,TV4225,331,2026-08-16T19:10:23Z,2026-08-16T19:10:23Z,0.0
RG5 4LR,SEPD,HV,1,TV4225,331,2026-08-16T19:10:23Z,2026-08-16T19:10:23Z,0.0
RG5 4LS,SEPD,HV,1,TV4225,331,2026-08-16T19:10:23Z,2026-08-16T19:10:23Z,0.0
RG5 4PL,SEPD,HV,1,TV4225,331,2026-08-16T19:10:23Z,2026-08-16T19:10:23Z,0.0
RG5 4PN,SEPD,HV,1,TV4225,331,2026-08-16T19:10:23Z,2026-08-16T19:10:23Z,0.0
RG5 4PP,SEPD,HV,1,TV4225,331,2026-08-16T19:10:23Z,2026-08-16T19:10:23Z,0.0
RG5 4PR,SEPD,HV,1,TV4225,331,2026-08-16T19:10:23Z,2026-08-16T19:10:23Z,0.0
RG5 4PS,SEPD,HV,1,TV4225,331,2026-08-16T19:10:23Z,2026-08-16T19:10:23Z,0.0
RG5 4PT,SEPD,HV,1,TV4225,331,2026-08-16T19:10:23Z,2026-08-16T19:10:23Z,0.0
RG5 4PU,SEPD,HV,1,TV4225,331,2026-08-16T19:10:23Z,2026-08-16T19:10:23Z,0.0
RG5 4PX,SEPD,HV,1,TV4225,331,2026-08-16T19:10:23Z,2026-08-16T19:10:23Z,0.0
RG5 4PY,SEPD,HV,1,TV4225,331,2026-08-16T19:10:23Z,2026-08-16T19:10:23Z,0.0
RG5 4PZ,SEPD,HV,1,TV4225,331,2026-08-16T19:10:23Z,2026-08-16T19:10:23Z,0.0
RG5 4QA,SEPD,HV,1,TV4225,331,2026-08-16T19:10:23Z,2026-08-16T19:10:23Z,0.0
RG5 4QB,SEPD,HV,1,TV4225,331,2026-08-16T19:10:23Z,2026-08-16T19:10:23Z,0.0
RG5 4QD,SEPD,HV,1,TV4225,331,2026-08-16T19:10:23Z,2026-08-16T19:10:23Z,0.0
RG5 4QE,SEPD,HV,1,TV4225,331,2026-08-16T19:10:23Z,2026-08-16T19:10:23Z,0.0
RG5 4QF,SEPD,HV,1,TV4225,331,2026-08-16T19:10:23Z,2026-08-16T19:10:23Z,0.0
RG5 4QG,SEPD,HV,1,TV4225,331,2026-08-16T19:10:23Z,2026-08-16T19:10:23Z,0.0
RG5 4QJ,SEPD,HV,1,TV4225,331,2026-08-16T19:10:23Z,2026-08-16T19:10:23Z,0.0
RG5 4QL,SEPD,HV,1,TV4225,331,2026-08-16T19:10:23Z,2026-08-16T19:10:23Z,0.0
RG5 4QP,SEPD,HV,1,TV4225,331,2026-08-16T19:10:23Z,2026-08-16T19:10:23Z,0.0
RG5 4QU,SEPD,LV,1,TV6704,7,2026-08-18T11:34:51Z,2026-08-18T11:34:51Z,0.0
RG5 4QW,SEPD,HV,1,TV4225,331,2026-08-16T19:10:23Z,2026-08-16T19:10:23Z,0.0
RG5 4RL,SEPD,HV,1,TV4225,331,2026-08-16T19:10:23Z,2026-08-16T19:10:23Z,0.0
RG5 4RN,SEPD,HV,1,TV4225,331,2026-08-16T19:10:23Z,2026-08-16T19:10:23Z,0.0
RG5 4RS,SEPD,HV,1,TV4225,331,2026-08-16T19:10:23Z,2026-08-16T19:10:23Z,0.0
RG5 4RX,SEPD,HV,1,TV4225,331,2026-08-16T19:10:23Z,2026-08-16T19:10:23Z,0.0
RG5 4RY,SEPD,HV,1,TV4225,331,2026-08-16T19:10:23Z,2026-08-16T19:10:23Z,0.0
RG5 4SW,SEPD,PSI,1,253588,103,2026-08-20T21:14:36Z,2026-08-20T21:14:36Z,0.0
RG5 4TJ,SEPD,HV,1,TV4225,331,2026-08-16T19:10:23Z,2026-08-16T19:10:23Z,0.0
RG5 4UT,SEPD,PSI,1,253588,103,2026-08-20T21:14:36Z,2026-08-20T21:14:36Z,0.0
RG9 2AH,SEPD,LV,1,TV8802,22,2026-08-19T16:14:52Z,2026-08-19T16:14:52Z,0.0
RG9 2BA,SEPD,LV,1,TV8802,22,2026-08-19T16:14:52Z,2026-08-19T16:14:52Z,0.0
RG9 2BD,SEPD,LV,1,TV8802,22,2026-08-19T16:14:52Z,2026-08-19T16:14:52Z,0.0
RG9 2BF,SEPD,LV,1,TV8802,22,2026-08-19T16:14:52Z,2026-08-19T16:14:52Z,0.0
RG9 2BG,SEPD,LV,1,TV8802,22,2026-08-19T16:14:52Z,2026-08-19T16:14:52Z,0.0
RG9 2BL,SEPD,LV,1,TV8802,22,2026-08-19T16:14:52Z,2026-08-19T16:14:52Z,0.0
RG9 2BW,SEPD,LV,1,TV8802,22,2026-08-19T16:14:52Z,2026-08-19T16:14:52Z,0.0
RG9 2FH,SEPD,LV,1,TV8802,22,2026-08-19T16:14:52Z,2026-08-19T16:14:52Z,0.0
SL3 8AA,SEPD,LV,1,TW2968,9,2026-08-22T12:10:52Z,2026-08-22T12:10:52Z,0.0
SL3 8QL,SEPD,LV,1,TW2968,9,2026-08-22T12:10:52Z,2026-08-22T12:10:52Z,0.0
SL3 8QN,SEPD,LV,1,TW2968,9,2026-08-22T12:10:52Z,2026-08-22T12:10:52Z,0.0
SL3 8QR,SEPD,LV,1,TW2968,9,2026-08-22T12:10:52Z,2026-08-22T12:10:52Z,0.0
SL3 8XE,SEPD,LV,1,TW2968,9,2026-08-22T12:10:52Z,2026-08-22T12:10:52Z,0.0
SL5 0DG,SEPD,HV,1,TV6733,164,2026-08-18T11:34:51Z,2026-08-18T11:34:51Z,0.0
SL5 0LG,SEPD,HV,1,TV4640,198,2026-08-17T06:30:45Z,2026-08-17T06:30:45Z,0.0
SL5 0NF,SEPD,HV,1,TV6733,164,2026-08-18T11:34:51Z,2026-08-18T11:34:51Z,0.0
SL5 0NH,SEPD,HV,1,TV6733,164,2026-08-18T11:34:51Z,2026-08-18T11:34:51Z,0.0
SL5 0NJ,SEPD,HV,1,TV6733,164,2026-08-18T11:34:51Z,2026-08-18T11:34:51Z,0.0
SL5 0NL,SEPD,HV,1,TV6733,164,2026-08-18T11:34:51Z,2026-08-18T11:34:51Z,0.0
SL5 0NN,SEPD,HV,1,TV6733,164,2026-08-18T11:34:51Z,2026-08-18T11:34:51Z,0.0
SL5 0NP,SEPD,HV,1,TV6733,164,2026-08-18T11:34:51Z,2026-08-18T11:34:51Z,0.0
SL5 0NQ,SEPD,HV,1,TV6733,164,2026-08-18T11:34:51Z,2026-08-18T11:34:51Z,0.0
SL5 0NR,SEPD,HV,1,TV6733,164,2026-08-18T11:34:51Z,2026-08-18T11:34:51Z,0.0
SL5 0PD,SEPD,HV,1,TV6733,164,2026-08-18T11:34:51Z,2026-08-18T11:34:51Z,0.0
SL5 7SD,SEPD,HV,1,TV4640,198,2026-08-17T06:30:45Z,2026-08-17T06:30:45Z,0.0
SL6 1JG,SEPD,LV,1,TW1838,62,2026-08-21T11:40:19Z,2026-08-21T11:40:19Z,0.0
SL6 1RN,SEPD,LV,1,TW1838,62,2026-08-21T11:40:19Z,2026-08-21T11:40:19Z,0.0
SL6 1RT,SEPD,LV,1,TW1838,62,2026-08-21T11:40:19Z,2026-08-21T11:40:19Z,0.0
SL6 1RU,SEPD,LV,1,TW1838,62,2026-08-21T11:40:19Z,2026-08-21T11:40:19Z,0.0
SL6 1RX,SEPD,LV,1,TW1838,62,2026-08-21T11:40:19Z,2026-08-21T11:40:19Z,0.0
SL6 1RY,SEPD,LV,1,TW1838,62,2026-08-21T11:40:19Z,2026-08-21T11:40:19Z,0.0
SL6 1SB,SEPD,LV,1,TW1838,62,2026-08-21T11:40:19Z,2026-08-21T11:40:19Z,0.0
SL6 1SD,SEPD,LV,1,TW1838,62,2026-08-21T11:40:19Z,2026-08-21T11:40:19Z,0.0
SL6 1SH,SEPD,LV,1,TW1838,62,2026-08-21T11:40:19Z,2026-08-21T11:40:19Z,0.0
SL6 1SJ,SEPD,LV,1,TW1838,62,2026-08-21T11:40:19Z,2026-08-21T11:40:19Z,0.0
SL6 1SU,SEPD,LV,1,TW1838,62,2026-08-21T11:40:19Z,2026-08-21T11:40:19Z,0.0
SL6 1SX,SEPD,LV,1,TW1838,62,2026-08-21T11:40:19Z,2026-08-21T11:40:19Z,0.0
SL6 8JZ,SEPD,LV,1,TV9774,30,2026-08-20T12:16:55Z,2026-08-20T12:16:55Z,0.0
SL6 8LA,SEPD,LV,1,TV9774,30,2026-08-20T12:16:55Z,2026-08-20T12:16:55Z,0.0
SL6 8LD,SEPD,LV,1,TV9774,30,2026-08-20T12:16:55Z,2026-08-20T12:16:55Z,0.0
SL6 8LE,SEPD,LV,1,TV9774,30,2026-08-20T12:16:55Z,2026-08-20T12:16:55Z,0.0
SL6 8LF,SEPD,LV,1,TV9774,30,2026-08-20T12:16:55Z,2026-08-20T12:16:55Z,0.0
SL6 8LG,SEPD,LV,1,TV9774,30,2026-08-20T12:16:55Z,2026-08-20T12:16:55Z,0.0
SL6 8LH,SEPD,LV,1,TV9774,30,2026-08-20T12:16:55Z,2026-08-20T12:16:55Z,0.0
SL6 8LJ,SEPD,LV,1,TV9774,30,2026-08-20T12:16:55Z,2026-08-20T12:16:55Z,0.0
SL6 8LL,SEPD,LV,1,TV9774,30,2026-08-20T12:16:55Z,2026-08-20T12:16:55Z,0.0
SL6 8LQ,SEPD,LV,1,TV9774,30,2026-08-20T12:16:55Z,2026-08-20T12:16:55Z,0.0
SL6 8LX,SEPD,LV,1,TV9774,30,2026-08-20T12:16:55Z,2026-08-20T12:16:55Z,0.0
SN1 5BS,SEPD,LV,1,TV7296,18,2026-08-18T22:13:40Z,2026-08-18T22:13:40Z,0.0
SN10 2QH,SEPD,HV,1,TV4196,1614,2026-08-16T18:08:05Z,2026-08-16T18:08:05Z,0.0
SN10 4BZ,SEPD,LV,1,TV7290,5,2026-08-18T19:57:03Z,2026-08-18T19:57:03Z,0.0
SN10 4NT,SEPD,LV,1,TV7290,5,2026-08-18T19:57:03Z,2026-08-18T19:57:03Z,0.0
SN13,SEPD,HV,1,TV4196,1614,2026-08-16T18:08:05Z,2026-08-16T18:08:05Z,0.0
SN13 8NX,SEPD,HV,1,TV4196,1614,2026-08-16T18:08:05Z,2026-08-16T18:08:05Z,0.0
SN13 9AA,SEPD,HV,1,TV4196,1614,2026-08-16T18:08:05Z,2026-08-16T18:08:05Z,0.0
SN13 9AD,SEPD,HV,1,TV4196,1614,2026-08-16T18:08:05Z,2026-08-16T18:08:05Z,0.0
SN13 9AE,SEPD,HV,1,TV4196,1614,2026-08-16T18:08:05Z,2026-08-16T18:08:05Z,0.0
SN13 9AF,SEPD,HV,1,TV4196,1614,2026-08-16T18:08:05Z,2026-08-16T18:08:05Z,0.0
SN13 9AG,SEPD,HV,1,TV4196,1614,2026-08-16T18:08:05Z,2026-08-16T18:08:05Z,0.0
SN13 9AL,SEPD,HV,1,TV4196,1614,2026-08-16T18:08:05Z,2026-08-16T18:08:05Z,0.0
SN13 9AN,SEPD,HV,1,TV4196,1614,2026-08-16T18:08:05Z,2026-08-16T18:08:05Z,0.0
SN13 9AP,SEPD,HV,1,TV4196,1614,2026-08-16T18:08:05Z,2026-08-16T18:08:05Z,0.0
SN13 9AQ,SEPD,HV,1,TV4196,1614,2026-08-16T18:08:05Z,2026-08-16T18:08:05Z,0.0
SN13 9AR,SEPD,HV,1,TV4196,1614,2026-08-16T18:08:05Z,2026-08-16T18:08:05Z,0.0
SN13 9AS,SEPD,HV,1,TV4196,1614,2026-08-16T18:08:05Z,2026-08-16T18:08:05Z,0.0
SN13 9AT,SEPD,HV,1,TV4196,1614,2026-08-16T18:08:05Z,2026-08-16T18:08:05Z,0.0
SN13 9AU,SEPD,HV,1,TV4196,1614,2026-08-16T18:08:05Z,2026-08-16T18:08:05Z,0.0
SN13 9AW,SEPD,HV,1,TV4196,1614,2026-08-16T18:08:05Z,2026-08-16T18:08:05Z,0.0
SN13 9AX,SEPD,HV,1,TV4196,1614,2026-08-16T18:08:05Z,2026-08-16T18:08:05Z,0.0
SN13 9AY,SEPD,HV,1,TV4196,1614,2026-08-16T18:08:05Z,2026-08-16T18:08:05Z,0.0
SN13 9AZ,SEPD,HV,1,TV4196,1614,2026-08-16T18:08:05Z,2026-08-16T18:08:05Z,0.0
SN13 9FT,SEPD,HV,1,TV4196,1614,2026-08-16T18:08:05Z,2026-08-16T18:08:05Z,0.0
SN13 9HS,SEPD,HV,1,TV4196,1614,2026-08-16T18:08:05Z,2026-08-16T18:08:05Z,0.0
SN13 9HT,SEPD,HV,1,TV4196,1614,2026-08-16T18:08:05Z,2026-08-16T18:08:05Z,0.0
SN13 9HX,SEPD,HV,1,TV4196,1614,2026-08-16T18:08:05Z,2026-08-16T18:08:05Z,0.0
SN13 9HZ,SEPD,HV,1,TV4196,1614,2026-08-16T18:08:05Z,2026-08-16T18:08:05Z,0.0
SN13 9JA,SEPD,HV,1,TV4196,1614,2026-08-16T18:08:05Z,2026-08-16T18:08:05Z,0.0
SN13 9JB,SEPD,HV,1,TV4196,1614,2026-08-16T18:08:05Z,2026-08-16T18:08:05Z,0.0
SN13 9JD,SEPD,HV,1,TV4196,1614,2026-08-16T18:08:05Z,2026-08-16T18:08:05Z,0.0
SN13 9JE,SEPD,HV,1,TV4196,1614,2026-08-16T18:08:05Z,2026-08-16T18:08:05Z,0.0
SN13 9JF,SEPD,HV,1,TV4196,1614,2026-08-16T18:08:05Z,2026-08-16T18:08:05Z,0.0
SN13 9JG,SEPD,HV,1,TV4196,1614,2026-08-16T18:08:05Z,2026-08-16T18:08:05Z,0.0
SN13 9JH,SEPD,HV,1,TV4196,1614,2026-08-16T18:08:05Z,2026-08-16T18:08:05Z,0.0
SN13 9JL,SEPD,HV,1,TV4196,1614,2026-08-16T18:08:05Z,2026-08-16T18:08:05Z,0.0
SN13 9JN,SEPD,HV,1,TV4196,1614,2026-08-16T18:08:05Z,2026-08-16T18:08:05Z,0.0
SN13 9JP,SEPD,HV,1,TV4196,1614,2026-08-16T18:08:05Z,2026-08-16T18:08:05Z,0.0
SN13 9JQ,SEPD,HV,1,TV4196,1614,2026-08-16T18:08:05Z,2026-08-16T18:08:05Z,0.0
SN13 9JR,SEPD,HV,1,TV4196,1614,2026-08-16T18:08:05Z,2026-08-16T18:08:05Z,0.0
SN13 9JS,SEPD,HV,1,TV4196,1614,2026-08-16T18:08:05Z,2026-08-16T18:08:05Z,0.0
SN13 9JW,SEPD,HV,1,TV4196,1614,2026-08-16T18:08:05Z,2026-08-16T18:08:05Z,0.0
SN13 9PB,SEPD,HV,1,TV4196,1614,2026-08-16T18:08:05Z,2026-08-16T18:08:05Z,0.0
SN13 9PD,SEPD,HV,1,TV4196,1614,2026-08-16T18:08:05Z,2026-08-16T18:08:05Z,0.0
SN13 9PE,SEPD,HV,1,TV4196,1614,2026-08-16T18:08:05Z,2026-08-16T18:08:05Z,0.0
SN13 9PF,SEPD,HV,1,TV4196,1614,2026-08-16T18:08:05Z,2026-08-16T18:08:05Z,0.0
SN13 9PG,SEPD,HV,1,TV4196,1614,2026-08-16T18:08:05Z,2026-08-16T18:08:05Z,0.0
SN13 9PH,SEPD,HV,1,TV4196,1614,2026-08-16T18:08:05Z,2026-08-16T18:08:05Z,0.0
SN13 9PJ,SEPD,HV,1,TV4196,1614,2026-08-16T18:08:05Z,2026-08-16T18:08:05Z,0.0
SN13 9PL,SEPD,HV,1,TV4196,1614,2026-08-16T18:08:05Z,2026-08-16T18:08:05Z,0.0
SN13 9PN,SEPD,HV,1,TV4196,1614,2026-08-16T18:08:05Z,2026-08-16T18:08:05Z,0.0
SN13 9PR,SEPD,HV,1,TV4196,1614,2026-08-16T18:08:05Z,2026-08-16T18:08:05Z,0.0
SN13 9PT,SEPD,HV,1,TV4196,1614,2026-08-16T18:08:05Z,2026-08-16T18:08:05Z,0.0
SN13 9PW,SEPD,HV,1,TV4196,1614,2026-08-16T18:08:05Z,2026-08-16T18:08:05Z,0.0
SN13 9PY,SEPD,HV,1,TV4196,1614,2026-08-16T18:08:05Z,2026-08-16T18:08:05Z,0.0
SN13 9PZ,SEPD,HV,1,TV4196,1614,2026-08-16T18:08:05Z,2026-08-16T18:08:05Z,0.0
SN13 9QB,SEPD,HV,1,TV4196,1614,2026-08-16T18:08:05Z,2026-08-16T18:08:05Z,0.0
SN13 9QD,SEPD,HV,1,TV4196,1614,2026-08-16T18:08:05Z,2026-08-16T18:08:05Z,0.0
SN13 9QE,SEPD,HV,1,TV4196,1614,2026-08-16T18:08:05Z,2026-08-16T18:08:05Z,0.0
SN13 9QF,SEPD,HV,1,TV4196,1614,2026-08-16T18:08:05Z,2026-08-16T18:08:05Z,0.0
SN13 9QG,SEPD,HV,1,TV4196,1614,2026-08-16T18:08:05Z,2026-08-16T18:08:05Z,0.0
SN13 9QH,SEPD,HV,1,TV4196,1614,2026-08-16T18:08:05Z,2026-08-16T18:08:05Z,0.0
SN13 9QJ,SEPD,HV,1,TV4196,1614,2026-08-16T18:08:05Z,2026-08-16T18:08:05Z,0.0
SN13 9QL,SEPD,HV,1,TV4196,1614,2026-08-16T18:08:05Z,2026-08-16T18:08:05Z,0.0
SN13 9QN,SEPD,HV,1,TV4196,1614,2026-08-16T18:08:05Z,2026-08-16T18:08:05Z,0.0
SN13 9QP,SEPD,HV,1,TV4196,1614,2026-08-16T18:08:05Z,2026-08-16T18:08:05Z,0.0
SN13 9QQ,SEPD,HV,1,TV4196,1614,2026-08-16T18:08:05Z,2026-08-16T18:08:05Z,0.0
SN13 9QR,SEPD,HV,1,TV4196,1614,2026-08-16T18:08:05Z,2026-08-16T18:08:05Z,0.0
SN13 9QW,SEPD,HV,1,TV4196,1614,2026-08-16T18:08:05Z,2026-08-16T18:08:05Z,0.0
SN13 9US,SEPD,HV,1,TV4196,1614,2026-08-16T18:08:05Z,2026-08-16T18:08:05Z,0.0
SN13 9YW,SEPD,HV,1,TV4196,1614,2026-08-16T18:08:05Z,2026-08-16T18:08:05Z,0.0
SN15 2FA,SEPD,HV,1,TV4196,1614,2026-08-16T18:08:05Z,2026-08-16T18:08:05Z,0.0
SN15 2JU,SEPD,HV,1,TV4196,1614,2026-08-16T18:08:05Z,2026-08-16T18:08:05Z,0.0
SN15 2JX,SEPD,HV,1,TV4196,1614,2026-08-16T18:08:05Z,2026-08-16T18:08:05Z,0.0
SN15 2JY,SEPD,HV,1,TV4196,1614,2026-08-16T18:08:05Z,2026-08-16T18:08:05Z,0.0
SN15 2JZ,SEPD,HV,1,TV4196,1614,2026-08-16T18:08:05Z,2026-08-16T18:08:05Z,0.0
SN15 2LA,SEPD,HV,1,TV4196,1614,2026-08-16T18:08:05Z,2026-08-16T18:08:05Z,0.0
SN15 2LB,SEPD,HV,1,TV4196,1614,2026-08-16T18:08:05Z,2026-08-16T18:08:05Z,0.0
SN15 2LD,SEPD,HV,1,TV4196,1614,2026-08-16T18:08:05Z,2026-08-16T18:08:05Z,0.0
SN15 2LE,SEPD,HV,1,TV4196,1614,2026-08-16T18:08:05Z,2026-08-16T18:08:05Z,0.0
SN15 2LF,SEPD,HV,1,TV4196,1614,2026-08-16T18:08:05Z,2026-08-16T18:08:05Z,0.0
SN15 2LG,SEPD,HV,1,TV4196,1614,2026-08-16T18:08:05Z,2026-08-16T18:08:05Z,0.0
SN15 2LH,SEPD,HV,1,TV4196,1614,2026-08-16T18:08:05Z,2026-08-16T18:08:05Z,0.0
SN15 2LL,SEPD,HV,1,TV4196,1614,2026-08-16T18:08:05Z,2026-08-16T18:08:05Z,0.0
SN15 2LP,SEPD,HV,1,TV4196,1614,2026-08-16T18:08:05Z,2026-08-16T18:08:05Z,0.0
SN15 2LQ,SEPD,HV,1,TV4196,1614,2026-08-16T18:08:05Z,2026-08-16T18:08:05Z,0.0
SN15 2LR,SEPD,HV,1,TV4196,1614,2026-08-16T18:08:05Z,2026-08-16T18:08:05Z,0.0
SN15 2LS,SEPD,HV,1,TV4196,1614,2026-08-16T18:08:05Z,2026-08-16T18:08:05Z,0.0
SN15 2LT,SEPD,HV,1,TV4196,1614,2026-08-16T18:08:05Z,2026-08-16T18:08:05Z,0.0
SN15 2LW,SEPD,HV,1,TV4196,1614,2026-08-16T18:08:05Z,2026-08-16T18:08:05Z,0.0
SN15 2LY,SEPD,HV,1,TV4196,1614,2026-08-16T18:08:05Z,2026-08-16T18:08:05Z,0.0
SN15 2LZ,SEPD,HV,1,TV4196,1614,2026-08-16T18:08:05Z,2026-08-16T18:08:05Z,0.0
SN15 2NA,SEPD,HV,1,TV4196,1614,2026-08-16T18:08:05Z,2026-08-16T18:08:05Z,0.0
SN15 2NB,SEPD,HV,1,TV4196,1614,2026-08-16T18:08:05Z,2026-08-16T18:08:05Z,0.0
SN15 2ND,SEPD,HV,1,TV4196,1614,2026-08-16T18:08:05Z,2026-08-16T18:08:05Z,0.0
SN15 2NE,SEPD,HV,1,TV4196,1614,2026-08-16T18:08:05Z,2026-08-16T18:08:05Z,0.0
SN15 2NF,SEPD,HV,1,TV4196,1614,2026-08-16T18:08:05Z,2026-08-16T18:08:05Z,0.0
SN15 2NW,SEPD,HV,1,TV4196,1614,2026-08-16T18:08:05Z,2026-08-16T18:08:05Z,0.0
SN15 2NY,SEPD,HV,1,TV4196,1614,2026-08-16T18:08:05Z,2026-08-16T18:08:05Z,0.0
SN15 2NZ,SEPD,HV,1,TV4196,1614,2026-08-16T18:08:05Z,2026-08-16T18:08:05Z,0.0
SN15 2PB,SEPD,HV,1,TV4196,1614,2026-08-16T18:08:05Z,2026-08-16T18:08:05Z,0.0
SN15 2PD,SEPD,HV,1,TV4196,1614,2026-08-16T18:08:05Z,2026-08-16T18:08:05Z,0.0
SN15 2PE,SEPD,HV,1,TV4196,1614,2026-08-16T18:08:05Z,2026-08-16T18:08:05Z,0.0
SN15 2PF,SEPD,HV,1,TV4196,1614,2026-08-16T18:08:05Z,2026-08-16T18:08:05Z,0.0
SN15 2PG,SEPD,HV,1,TV4196,1614,2026-08-16T18:08:05Z,2026-08-16T18:08:05Z,0.0
SN15 2PH,SEPD,HV,1,TV4196,1614,2026-08-16T18:08:05Z,2026-08-16T18:08:05Z,0.0
SN15 2PJ,SEPD,HV,1,TV4196,1614,2026-08-16T18:08:05Z,2026-08-16T18:08:05Z,0.0
SN15 2PL,SEPD,HV,1,TV4196,1614,2026-08-16T18:08:05Z,2026-08-16T18:08:05Z,0.0
SN15 2PQ,SEPD,HV,1,TV4196,1614,2026-08-16T18:08:05Z,2026-08-16T18:08:05Z,0.0
SN15 2PW,SEPD,HV,1,TV4196,1614,2026-08-16T18:08:05Z,2026-08-16T18:08:05Z,0.0
SN15 2QH,SEPD,HV,1,TV4196,1614,2026-08-16T18:08:05Z,2026-08-16T18:08:05Z,0.0
SN15 2QJ,SEPD,HV,1,TV4196,1614,2026-08-16T18:08:05Z,2026-08-16T18:08:05Z,0.0
SN15 2QL,SEPD,HV,1,TV4196,1614,2026-08-16T18:08:05Z,2026-08-16T18:08:05Z,0.0
SN15 2RL,SEPD,HV,1,TV4196,1614,2026-08-16T18:08:05Z,2026-08-16T18:08:05Z,0.0
SN15 2RQ,SEPD,HV,1,TV4196,1614,2026-08-16T18:08:05Z,2026-08-16T18:08:05Z,0.0
SN15 2RW,SEPD,HV,1,TV4196,1614,2026-08-16T18:08:05Z,2026-08-16T18:08:05Z,0.0
SN25,SEPD,HV,1,TV4196,1614,2026-08-16T18:08:05Z,2026-08-16T18:08:05Z,0.0
SN9,SEPD,HV,1,TV5300,151,2026-08-17T12:59:19Z,2026-08-17T12:59:19Z,0.0
SN9 5PL,SEPD,HV,1,TV5300,151,2026-08-17T12:59:19Z,2026-08-17T12:59:19Z,0.0
SN9 6HF,SEPD,HV,1,TV5300,151,2026-08-17T12:59:19Z,2026-08-17T12:59:19Z,0.0
SN9 6HG,SEPD,HV,1,TV5300,151,2026-08-17T12:59:19Z,2026-08-17T12:59:19Z,0.0
SN9 6HN,SEPD,HV,1,TV5300,151,2026-08-17T12:59:19Z,2026-08-17T12:59:19Z,0.0
SN9 6HP,SEPD,HV,1,TV5300,151,2026-08-17T12:59:19Z,2026-08-17T12:59:19Z,0.0
SN9 6HQ,SEPD,HV,1,TV5300,151,2026-08-17T12:59:19Z,2026-08-17T12:59:19Z,0.0
SN9 6HW,SEPD,HV,1,TV5300,151,2026-08-17T12:59:19Z,2026-08-17T12:59:19Z,0.0
SN9 6LD,SEPD,HV,1,TV5300,151,2026-08-17T12:59:19Z,2026-08-17T12:59:19Z,0.0
SN9 6LE,SEPD,HV,1,TV5300,151,2026-08-17T12:59:19Z,2026-08-17T12:59:19Z,0.0
SN9 6LF,SEPD,HV,1,TV5300,151,2026-08-17T12:59:19Z,2026-08-17T12:59:19Z,0.0
SN9 6LG,SEPD,HV,1,TV5300,151,2026-08-17T12:59:19Z,2026-08-17T12:59:19Z,0.0
SN9 6LH,SEPD,HV,1,TV5300,151,2026-08-17T12:59:19Z,2026-08-17T12:59:19Z,0.0
SN9 6LJ,SEPD,HV,1,TV5300,151,2026-08-17T12:59:19Z,2026-08-17T12:59:19Z,0.0
SN9 6LL,SEPD,HV,1,TV5300,151,2026-08-17T12:59:19Z,2026-08-17T12:59:19Z,0.0
SN9 6LP,SEPD,HV,1,TV5300,151,2026-08-17T12:59:19Z,2026-08-17T12:59:19Z,0.0
SN9 6LQ,SEPD,HV,1,TV5300,151,2026-08-17T12:59:19Z,2026-08-17T12:59:19Z,0.0
SN9 6LR,SEPD,HV,1,TV5300,151,2026-08-17T12:59:19Z,2026-08-17T12:59:19Z,0.0
SN9 6LS,SEPD,HV,1,TV5300,151,2026-08-17T12:59:19Z,2026-08-17T12:59:19Z,0.0
SN9 6LT,SEPD,HV,1,TV5300,151,2026-08-17T12:59:19Z,2026-08-17T12:59:19Z,0.0
SN9 6LU,SEPD,HV,1,TV5300,151,2026-08-17T12:59:19Z,2026-08-17T12:59:19Z,0.0
SN9 6LW,SEPD,HV,1,TV5300,151,2026-08-17T12:59:19Z,2026-08-17T12:59:19Z,0.0
SO14 5BU,SEPD,HV,1,TW0412,209,2026-08-20T14:04:45Z,2026-08-20T14:04:45Z,0.0
SO14 5BW,SEPD,HV,1,TW0412,209,2026-08-20T14:04:45Z,2026-08-20T14:04:45Z,0.0
SO14 5BX,SEPD,HV,1,TW0412,209,2026-08-20T14:04:45Z,2026-08-20T14:04:45Z,0.0
SO14 5GZ,SEPD,HV,1,TW0412,209,2026-08-20T14:04:45Z,2026-08-20T14:04:45Z,0.0
SO16 8FF,SEPD,LV,1,TW1381,11,2026-08-21T06:20:28Z,2026-08-21T06:20:28Z,0.0
SO16 8HR,SEPD,LV,1,TW1381,11,2026-08-21T06:20:28Z,2026-08-21T06:20:28Z,0.0
SO16 8HS,SEPD,LV,1,TW1381,11,2026-08-21T06:20:28Z,2026-08-21T06:20:28Z,0.0
SO16 8HT,SEPD,LV,1,TW1381,11,2026-08-21T06:20:28Z,2026-08-21T06:20:28Z,0.0
SO18 1BE,SEPD,LV,1,TV9876,37,2026-08-20T09:42:52Z,2026-08-20T09:42:52Z,0.0
SO18 1BH,SEPD,LV,1,TV9876,37,2026-08-20T09:42:52Z,2026-08-20T09:42:52Z,0.0
SO18 1ES,SEPD,LV,1,TV9879,25,2026-08-20T09:42:52Z,2026-08-20T09:42:52Z,0.0
SO18 1FW,SEPD,LV,1,TV9886,36,2026-08-20T09:42:52Z,2026-08-20T09:42:52Z,0.0
SO18 1HA,SEPD,LV,1,TV9876,37,2026-08-20T09:42:52Z,2026-08-20T09:42:52Z,0.0
SO18 1HG,SEPD,LV,1,TV9879,25,2026-08-20T09:42:52Z,2026-08-20T09:42:52Z,0.0
SO18 1HL,SEPD,LV,1,TV9876,37,2026-08-20T09:42:52Z,2026-08-20T09:42:52Z,0.0
SO18 1HN,SEPD,LV,1,TV9879,25,2026-08-20T09:42:52Z,2026-08-20T09:42:52Z,0.0
SO18 1HP,SEPD,LV,1,TV9876,37,2026-08-20T09:42:52Z,2026-08-20T09:42:52Z,0.0
SO18 1RD,SEPD,LV,1,TV9886,36,2026-08-20T09:42:52Z,2026-08-20T09:42:52Z,0.0
SO18 1UR,SEPD,LV,1,TV9876,37,2026-08-20T09:42:52Z,2026-08-20T09:42:52Z,0.0
SO18 4DJ,SEPD,LV,1,TV9879,25,2026-08-20T09:42:52Z,2026-08-20T09:42:52Z,0.0
SO18 4FJ,SEPD,LV,1,TV9871,29,2026-08-20T09:42:52Z,2026-08-20T09:42:52Z,0.0
SO18 4FL,SEPD,LV,1,TV9871,29,2026-08-20T09:42:52Z,2026-08-20T09:42:52Z,0.0
SO18 4GP,SEPD,LV,1,TV9879,25,2026-08-20T09:42:52Z,2026-08-20T09:42:52Z,0.0
SO18 4HA,SEPD,LV,1,TV9871,29,2026-08-20T09:42:52Z,2026-08-20T09:42:52Z,0.0
SO18 4HB,SEPD,LV,1,TV9871,29,2026-08-20T09:42:52Z,2026-08-20T09:42:52Z,0.0
SO18 4HD,SEPD,LV,1,TV9879,25,2026-08-20T09:42:52Z,2026-08-20T09:42:52Z,0.0
SO18 4HE,SEPD,LV,1,TV9879,25,2026-08-20T09:42:52Z,2026-08-20T09:42:52Z,0.0
SO18 4HF,SEPD,LV,1,TV9879,25,2026-08-20T09:42:52Z,2026-08-20T09:42:52Z,0.0
SO18 4HH,SEPD,LV,1,TV9871,29,2026-08-20T09:42:52Z,2026-08-20T09:42:52Z,0.0
SO18 4HP,SEPD,LV,1,TV9879,25,2026-08-20T09:42:52Z,2026-08-20T09:42:52Z,0.0
SO18 4HQ,SEPD,LV,1,TV9879,25,2026-08-20T09:42:52Z,2026-08-20T09:42:52Z,0.0
SO18 4UF,SEPD,LV,1,TV9871,29,2026-08-20T09:42:52Z,2026-08-20T09:42:52Z,0.0
SO21 3JP,SEPD,LV,1,TV8787,22,2026-08-19T20:37:06Z,2026-08-19T20:37:06Z,0.0
SO22,SEPD,LV,1,TV8787,22,2026-08-19T20:37:06Z,2026-08-19T20:37:06Z,0.0
SO22 5GW,SEPD,LV,1,TV8787,22,2026-08-19T20:37:06Z,2026-08-19T20:37:06Z,0.0
SO22 5JF,SEPD,LV,1,TV8787,22,2026-08-19T20:37:06Z,2026-08-19T20:37:06Z,0.0
SO22 5JZ,SEPD,LV,1,TV8787,22,2026-08-19T20:37:06Z,2026-08-19T20:37:06Z,0.0
SO22 5LE,SEPD,LV,1,TV8787,22,2026-08-19T20:37:06Z,2026-08-19T20:37:06Z,0.0
SO22 5NB,SEPD,LV,1,TV8787,22,2026-08-19T20:37:06Z,2026-08-19T20:37:06Z,0.0
SO22 5PA,SEPD,LV,1,TV8787,22,2026-08-19T20:37:06Z,2026-08-19T20:37:06Z,0.0
SO22 5QY,SEPD,LV,1,TV8787,22,2026-08-19T20:37:06Z,2026-08-19T20:37:06Z,0.0
SO22 6AN,SEPD,LV,1,TV8787,22,2026-08-19T20:37:06Z,2026-08-19T20:37:06Z,0.0
SO22 6AQ,SEPD,LV,1,TV8787,22,2026-08-19T20:37:06Z,2026-08-19T20:37:06Z,0.0
SO22 6AR,SEPD,LV,1,TV8787,22,2026-08-19T20:37:06Z,2026-08-19T20:37:06Z,0.0
SO22 6BD,SEPD,LV,1,TV8787,22,2026-08-19T20:37:06Z,2026-08-19T20:37:06Z,0.0
SO22 6EN,SEPD,LV,1,TV8787,22,2026-08-19T20:37:06Z,2026-08-19T20:37:06Z,0.0
SO22 6RH,SEPD,LV,1,TV8787,22,2026-08-19T20:37:06Z,2026-08-19T20:37:06Z,0.0
SO22 6RJ,SEPD,LV,1,TV8787,22,2026-08-19T20:37:06Z,2026-08-19T20:37:06Z,0.0
SO22 6RP,SEPD,LV,1,TV8787,22,2026-08-19T20:37:06Z,2026-08-19T20:37:06Z,0.0
SO22 6RQ,SEPD,LV,1,TV8787,22,2026-08-19T20:37:06Z,2026-08-19T20:37:06Z,0.0
SO24 9AE,SEPD,HV,1,TW2657,1201,2026-08-22T06:54:47Z,2026-08-22T06:54:47Z,0.0
SO24 9EY,SEPD,HV,1,TW2657,1201,2026-08-22T06:54:47Z,2026-08-22T06:54:47Z,0.0
SO24 9FG,SEPD,HV,1,TW2657,1201,2026-08-22T06:54:47Z,2026-08-22T06:54:47Z,0.0
SO24 9FL,SEPD,HV,1,TW2657,1201,2026-08-22T06:54:47Z,2026-08-22T06:54:47Z,0.0
SO24 9HA,SEPD,HV,1,TW2657,1201,2026-08-22T06:54:47Z,2026-08-22T06:54:47Z,0.0
SO24 9HS,SEPD,HV,1,TW2657,1201,2026-08-22T06:54:47Z,2026-08-22T06:54:47Z,0.0
SO24 9JG,SEPD,HV,1,TW2657,1201,2026-08-22T06:54:47Z,2026-08-22T06:54:47Z,0.0
SO24 9JH,SEPD,HV,1,TW2657,1201,2026-08-22T06:54:47Z,2026-08-22T06:54:47Z,0.0
SO24 9JJ,SEPD,HV,1,TW2657,1201,2026-08-22T06:54:47Z,2026-08-22T06:54:47Z,0.0
SO24 9JL,SEPD,HV,1,TW2657,1201,2026-08-22T06:54:47Z,2026-08-22T06:54:47Z,0.0
SO24 9JN,SEPD,HV,1,TW2657,1201,2026-08-22T06:54:47Z,2026-08-22T06:54:47Z,0.0
SO24 9JP,SEPD,HV,1,TW2657,1201,2026-08-22T06:54:47Z,2026-08-22T06:54:47Z,0.0
SO24 9JQ,SEPD,HV,1,TW2657,1201,2026-08-22T06:54:47Z,2026-08-22T06:54:47Z,0.0
SO24 9JR,SEPD,HV,1,TW2657,1201,2026-08-22T06:54:47Z,2026-08-22T06:54:47Z,0.0
SO24 9JS,SEPD,HV,1,TW2657,1201,2026-08-22T06:54:47Z,2026-08-22T06:54:47Z,0.0
SO24 9LU,SEPD,HV,1,TW2657,1201,2026-08-22T06:54:47Z,2026-08-22T06:54:47Z,0.0
SO24 9LX,SEPD,HV,1,TW2657,1201,2026-08-22T06:54:47Z,2026-08-22T06:54:47Z,0.0
SO24 9LY,SEPD,HV,1,TW2657,1201,2026-08-22T06:54:47Z,2026-08-22T06:54:47Z,0.0
SO24 9LZ,SEPD,HV,1,TW2657,1201,2026-08-22T06:54:47Z,2026-08-22T06:54:47Z,0.0
SO24 9NA,SEPD,HV,1,TW2657,1201,2026-08-22T06:54:47Z,2026-08-22T06:54:47Z,0.0
SO24 9NZ,SEPD,HV,1,TW2657,1201,2026-08-22T06:54:47Z,2026-08-22T06:54:47Z,0.0
SO24 9UE,SEPD,HV,1,TW2657,1201,2026-08-22T06:54:47Z,2026-08-22T06:54:47Z,0.0
SO40 9PP,SEPD,HV,1,TW2657,1201,2026-08-22T06:54:47Z,2026-08-22T06:54:47Z,0.0
SO41 6AD,SEPD,HV,1,TV9408,586,2026-08-20T06:26:49Z,2026-08-20T06:26:49Z,0.0
SO41 6AE,SEPD,HV,1,TV9408,586,2026-08-20T06:26:49Z,2026-08-20T06:26:49Z,0.0
SO41 6AL,SEPD,HV,1,TV9408,586,2026-08-20T06:26:49Z,2026-08-20T06:26:49Z,0.0
SO41 6BA,SEPD,HV,1,TV9408,586,2026-08-20T06:26:49Z,2026-08-20T06:26:49Z,0.0
SO41 6BD,SEPD,HV,1,TV9408,586,2026-08-20T06:26:49Z,2026-08-20T06:26:49Z,0.0
SO41 6BE,SEPD,HV,1,TV9408,586,2026-08-20T06:26:49Z,2026-08-20T06:26:49Z,0.0
SO41 6BG,SEPD,HV,1,TV9408,586,2026-08-20T06:26:49Z,2026-08-20T06:26:49Z,0.0
SO41 6BH,SEPD,HV,1,TV9408,586,2026-08-20T06:26:49Z,2026-08-20T06:26:49Z,0.0
SO41 6BJ,SEPD,HV,1,TV9408,586,2026-08-20T06:26:49Z,2026-08-20T06:26:49Z,0.0
SO41 6BL,SEPD,HV,1,TV9408,586,2026-08-20T06:26:49Z,2026-08-20T06:26:49Z,0.0
SO41 6BN,SEPD,HV,1,TV9408,586,2026-08-20T06:26:49Z,2026-08-20T06:26:49Z,0.0
SO41 6BP,SEPD,HV,1,TV9408,586,2026-08-20T06:26:49Z,2026-08-20T06:26:49Z,0.0
SO41 6BQ,SEPD,HV,1,TV9408,586,2026-08-20T06:26:49Z,2026-08-20T06:26:49Z,0.0
SO41 6BR,SEPD,HV,1,TV9408,586,2026-08-20T06:26:49Z,2026-08-20T06:26:49Z,0.0
SO41 6BU,SEPD,HV,1,TV9408,586,2026-08-20T06:26:49Z,2026-08-20T06:26:49Z,0.0
SO41 6BW,SEPD,HV,1,TV9408,586,2026-08-20T06:26:49Z,2026-08-20T06:26:49Z,0.0
SO41 6BX,SEPD,HV,1,TV9408,586,2026-08-20T06:26:49Z,2026-08-20T06:26:49Z,0.0
SO41 6DA,SEPD,HV,1,TV9408,586,2026-08-20T06:26:49Z,2026-08-20T06:26:49Z,0.0
SO41 6DJ,SEPD,HV,1,TV9408,586,2026-08-20T06:26:49Z,2026-08-20T06:26:49Z,0.0
SO41 6DL,SEPD,HV,1,TV9408,586,2026-08-20T06:26:49Z,2026-08-20T06:26:49Z,0.0
SO41 6DN,SEPD,HV,1,TV9408,586,2026-08-20T06:26:49Z,2026-08-20T06:26:49Z,0.0
SO41 6DP,SEPD,HV,1,TV9408,586,2026-08-20T06:26:49Z,2026-08-20T06:26:49Z,0.0
SO41 6FA,SEPD,HV,1,TV9408,586,2026-08-20T06:26:49Z,2026-08-20T06:26:49Z,0.0
SO41 6HA,SEPD,HV,1,TV9408,586,2026-08-20T06:26:49Z,2026-08-20T06:26:49Z,0.0
SO41 6LL,SEPD,HV,1,TV9408,586,2026-08-20T06:26:49Z,2026-08-20T06:26:49Z,0.0
SO41 8JD,SEPD,HV,1,TV9408,586,2026-08-20T06:26:49Z,2026-08-20T06:26:49Z,0.0
SO41 8LH,SEPD,HV,1,TV9408,586,2026-08-20T06:26:49Z,2026-08-20T06:26:49Z,0.0
SO41 8LJ,SEPD,HV,1,TV9408,586,2026-08-20T06:26:49Z,2026-08-20T06:26:49Z,0.0
SO41 8LL,SEPD,HV,1,TV9408,586,2026-08-20T06:26:49Z,2026-08-20T06:26:49Z,0.0
SO41 8LN,SEPD,HV,1,TV9408,586,2026-08-20T06:26:49Z,2026-08-20T06:26:49Z,0.0
SO41 8LP,SEPD,HV,1,TV9408,586,2026-08-20T06:26:49Z,2026-08-20T06:26:49Z,0.0
SO41 8LQ,SEPD,HV,1,TV9408,586,2026-08-20T06:26:49Z,2026-08-20T06:26:49Z,0.0
SO41 8LR,SEPD,HV,1,TV9408,586,2026-08-20T06:26:49Z,2026-08-20T06:26:49Z,0.0
SO41 8LS,SEPD,HV,1,TV9408,586,2026-08-20T06:26:49Z,2026-08-20T06:26:49Z,0.0
SO41 8LT,SEPD,HV,1,TV9408,586,2026-08-20T06:26:49Z,2026-08-20T06:26:49Z,0.0
SO41 8NN,SEPD,HV,1,TV9408,586,2026-08-20T06:26:49Z,2026-08-20T06:26:49Z,0.0
SO41 9ZS,SEPD,HV,1,TV9408,586,2026-08-20T06:26:49Z,2026-08-20T06:26:49Z,0.0
SO42 7SG,SEPD,HV,1,TV9408,586,2026-08-20T06:26:49Z,2026-08-20T06:26:49Z,0.0
SO42 7TW,SEPD,HV,1,TV9408,586,2026-08-20T06:26:49Z,2026-08-20T06:26:49Z,0.0
SO50 6PQ,SEPD,LV,1,TV7734,5,2026-08-19T11:11:48Z,2026-08-19T11:11:48Z,0.0
SO50 6RR,SEPD,LV,1,TV7734,5,2026-08-19T11:11:48Z,2026-08-19T11:11:48Z,0.0
SP1 3JH,SEPD,HV,1,TV4636,548,2026-08-17T06:30:45Z,2026-08-17T06:30:45Z,0.0
SP11 9FW,SEPD,LV,1,TV9451,18,2026-08-20T14:53:45Z,2026-08-20T14:53:45Z,0.0
SP11 9NE,SEPD,LV,1,TV9451,18,2026-08-20T14:53:45Z,2026-08-20T14:53:45Z,0.0
SP11 9NQ,SEPD,LV,1,TV9451,18,2026-08-20T14:53:45Z,2026-08-20T14:53:45Z,0.0
SP11 9NX,SEPD,LV,1,TV9451,18,2026-08-20T14:53:45Z,2026-08-20T14:53:45Z,0.0
SP11 9NY,SEPD,LV,1,TV9451,18,2026-08-20T14:53:45Z,2026-08-20T14:53:45Z,0.0
SP11 9PD,SEPD,LV,1,TV9451,18,2026-08-20T14:53:45Z,2026-08-20T14:53:45Z,0.0
SP11 9PE,SEPD,LV,1,TV9451,18,2026-08-20T14:53:45Z,2026-08-20T14:53:45Z,0.0
SP11 9PG,SEPD,LV,1,TV9451,18,2026-08-20T14:53:45Z,2026-08-20T14:53:45Z,0.0
SP11 9TZ,SEPD,LV,1,TV9451,18,2026-08-20T14:53:45Z,2026-08-20T14:53:45Z,0.0
SP2 0NF,SEPD,HV,1,TV4636,548,2026-08-17T06:30:45Z,2026-08-17T06:30:45Z,0.0
SP2 8PN,SEPD,HV,1,TV4636,548,2026-08-17T06:30:45Z,2026-08-17T06:30:45Z,0.0
SP5 4AA,SEPD,HV,1,TV4636,548,2026-08-17T06:30:45Z,2026-08-17T06:30:45Z,0.0
SP5 4AB,SEPD,HV,1,TV4636,548,2026-08-17T06:30:45Z,2026-08-17T06:30:45Z,0.0
SP5 4AD,SEPD,HV,1,TV4636,548,2026-08-17T06:30:45Z,2026-08-17T06:30:45Z,0.0
SP5 4AE,SEPD,HV,1,TV4636,548,2026-08-17T06:30:45Z,2026-08-17T06:30:45Z,0.0
SP5 4AF,SEPD,HV,1,TV4636,548,2026-08-17T06:30:45Z,2026-08-17T06:30:45Z,0.0
SP5 4AG,SEPD,HV,1,TV4636,548,2026-08-17T06:30:45Z,2026-08-17T06:30:45Z,0.0
SP5 4AH,SEPD,HV,1,TV4636,548,2026-08-17T06:30:45Z,2026-08-17T06:30:45Z,0.0
SP5 4AJ,SEPD,HV,1,TV4636,548,2026-08-17T06:30:45Z,2026-08-17T06:30:45Z,0.0
SP5 4AL,SEPD,HV,1,TV4636,548,2026-08-17T06:30:45Z,2026-08-17T06:30:45Z,0.0
SP5 4AN,SEPD,HV,1,TV4636,548,2026-08-17T06:30:45Z,2026-08-17T06:30:45Z,0.0
SP5 4AP,SEPD,HV,1,TV4636,548,2026-08-17T06:30:45Z,2026-08-17T06:30:45Z,0.0
SP5 4AQ,SEPD,HV,1,TV4636,548,2026-08-17T06:30:45Z,2026-08-17T06:30:45Z,0.0
SP5 4AR,SEPD,HV,1,TV4636,548,2026-08-17T06:30:45Z,2026-08-17T06:30:45Z,0.0
SP5 4AS,SEPD,HV,1,TV4636,548,2026-08-17T06:30:45Z,2026-08-17T06:30:45Z,0.0
SP5 4AT,SEPD,HV,1,TV4636,548,2026-08-17T06:30:45Z,2026-08-17T06:30:45Z,0.0
SP5 4AU,SEPD,HV,1,TV4636,548,2026-08-17T06:30:45Z,2026-08-17T06:30:45Z,0.0
SP5 4AW,SEPD,HV,1,TV4636,548,2026-08-17T06:30:45Z,2026-08-17T06:30:45Z,0.0
SP5 4AX,SEPD,HV,1,TV4636,548,2026-08-17T06:30:45Z,2026-08-17T06:30:45Z,0.0
SP5 4AY,SEPD,HV,1,TV4636,548,2026-08-17T06:30:45Z,2026-08-17T06:30:45Z,0.0
SP5 4BA,SEPD,HV,1,TV4636,548,2026-08-17T06:30:45Z,2026-08-17T06:30:45Z,0.0
SP5 4BB,SEPD,HV,1,TV4636,548,2026-08-17T06:30:45Z,2026-08-17T06:30:45Z,0.0
SP5 4BD,SEPD,HV,1,TV4636,548,2026-08-17T06:30:45Z,2026-08-17T06:30:45Z,0.0
SP5 4BE,SEPD,HV,1,TV4636,548,2026-08-17T06:30:45Z,2026-08-17T06:30:45Z,0.0
SP5 4BG,SEPD,HV,1,TV4636,548,2026-08-17T06:30:45Z,2026-08-17T06:30:45Z,0.0
SP5 4BH,SEPD,HV,1,TV4636,548,2026-08-17T06:30:45Z,2026-08-17T06:30:45Z,0.0
SP5 4BQ,SEPD,HV,1,TV4636,548,2026-08-17T06:30:45Z,2026-08-17T06:30:45Z,0.0
SP5 4BU,SEPD,HV,1,TV4636,548,2026-08-17T06:30:45Z,2026-08-17T06:30:45Z,0.0
SP5 4BW,SEPD,HV,1,TV4636,548,2026-08-17T06:30:45Z,2026-08-17T06:30:45Z,0.0
SP5 4DB,SEPD,HV,1,TV4636,548,2026-08-17T06:30:45Z,2026-08-17T06:30:45Z,0.0
SP5 4DD,SEPD,HV,1,TV4636,548,2026-08-17T06:30:45Z,2026-08-17T06:30:45Z,0.0
SP5 4DE,SEPD,HV,1,TV4636,548,2026-08-17T06:30:45Z,2026-08-17T06:30:45Z,0.0
SP5 4DF,SEPD,HV,1,TV4636,548,2026-08-17T06:30:45Z,2026-08-17T06:30:45Z,0.0
SP5 4DG,SEPD,HV,1,TV4636,548,2026-08-17T06:30:45Z,2026-08-17T06:30:45Z,0.0
SP5 4DH,SEPD,HV,1,TV4636,548,2026-08-17T06:30:45Z,2026-08-17T06:30:45Z,0.0
SP5 4DQ,SEPD,HV,1,TV4636,548,2026-08-17T06:30:45Z,2026-08-17T06:30:45Z,0.0
SP5 4JT,SEPD,HV,1,TV4636,548,2026-08-17T06:30:45Z,2026-08-17T06:30:45Z,0.0
SP5 4JU,SEPD,HV,1,TV4636,548,2026-08-17T06:30:45Z,2026-08-17T06:30:45Z,0.0
SP5 4JX,SEPD,HV,1,TV4636,548,2026-08-17T06:30:45Z,2026-08-17T06:30:45Z,0.0
SP5 4JY,SEPD,HV,1,TV4636,548,2026-08-17T06:30:45Z,2026-08-17T06:30:45Z,0.0
SP5 4JZ,SEPD,HV,1,TV4636,548,2026-08-17T06:30:45Z,2026-08-17T06:30:45Z,0.0
SP5 4LA,SEPD,HV,1,TV4636,548,2026-08-17T06:30:45Z,2026-08-17T06:30:45Z,0.0
SP5 4LB,SEPD,HV,1,TV4636,548,2026-08-17T06:30:45Z,2026-08-17T06:30:45Z,0.0
SP5 4LD,SEPD,HV,1,TV4636,548,2026-08-17T06:30:45Z,2026-08-17T06:30:45Z,0.0
SP5 4LE,SEPD,HV,1,TV4636,548,2026-08-17T06:30:45Z,2026-08-17T06:30:45Z,0.0
SP5 4LF,SEPD,HV,1,TV4636,548,2026-08-17T06:30:45Z,2026-08-17T06:30:45Z,0.0
SP5 4LG,SEPD,HV,1,TV4636,548,2026-08-17T06:30:45Z,2026-08-17T06:30:45Z,0.0
SP5 4LH,SEPD,HV,1,TV4636,548,2026-08-17T06:30:45Z,2026-08-17T06:30:45Z,0.0
SP5 4LJ,SEPD,HV,1,TV4636,548,2026-08-17T06:30:45Z,2026-08-17T06:30:45Z,0.0
SP5 4LN,SEPD,HV,1,TV4636,548,2026-08-17T06:30:45Z,2026-08-17T06:30:45Z,0.0
SP5 4LQ,SEPD,HV,1,TV4636,548,2026-08-17T06:30:45Z,2026-08-17T06:30:45Z,0.0
SP5 4LR,SEPD,HV,1,TV4636,548,2026-08-17T06:30:45Z,2026-08-17T06:30:45Z,0.0
SP5 4LS,SEPD,HV,1,TV4636,548,2026-08-17T06:30:45Z,2026-08-17T06:30:45Z,0.0
SP5 4LT,SEPD,HV,1,TV4636,548,2026-08-17T06:30:45Z,2026-08-17T06:30:45Z,0.0
SP5 4LU,SEPD,HV,1,TV4636,548,2026-08-17T06:30:45Z,2026-08-17T06:30:45Z,0.0
SP5 4LX,SEPD,HV,1,TV4636,548,2026-08-17T06:30:45Z,2026-08-17T06:30:45Z,0.0
SP5 4LY,SEPD,HV,1,TV4636,548,2026-08-17T06:30:45Z,2026-08-17T06:30:45Z,0.0
SP5 4LZ,SEPD,HV,1,TV4636,548,2026-08-17T06:30:45Z,2026-08-17T06:30:45Z,0.0
SP5 4NA,SEPD,HV,1,TV4636,548,2026-08-17T06:30:45Z,2026-08-17T06:30:45Z,0.0
SP5 4ND,SEPD,HV,1,TV4636,548,2026-08-17T06:30:45Z,2026-08-17T06:30:45Z,0.0
SP5 4NE,SEPD,HV,1,TV4636,548,2026-08-17T06:30:45Z,2026-08-17T06:30:45Z,0.0
SP5 4NF,SEPD,HV,1,TV4636,548,2026-08-17T06:30:45Z,2026-08-17T06:30:45Z,0.0
SP5 4PA,SEPD,HV,1,TV4636,548,2026-08-17T06:30:45Z,2026-08-17T06:30:45Z,0.0
SP5 5DZ,SEPD,HV,1,TV4636,548,2026-08-17T06:30:45Z,2026-08-17T06:30:45Z,0.0
SP5 5HB,SEPD,HV,1,TV4636,548,2026-08-17T06:30:45Z,2026-08-17T06:30:45Z,0.0
SP5 5LU,SEPD,HV,1,TV4636,548,2026-08-17T06:30:45Z,2026-08-17T06:30:45Z,0.0
SP5 5LX,SEPD,HV,1,TV4636,548,2026-08-17T06:30:45Z,2026-08-17T06:30:45Z,0.0
SP5 5RD,SEPD,HV,1,TV4636,548,2026-08-17T06:30:45Z,2026-08-17T06:30:45Z,0.0
SP5 5RE,SEPD,HV,1,TV4636,548,2026-08-17T06:30:45Z,2026-08-17T06:30:45Z,0.0
SP5 5RF,SEPD,HV,1,TV4636,548,2026-08-17T06:30:45Z,2026-08-17T06:30:45Z,0.0
SP5 5RG,SEPD,HV,1,TV4636,548,2026-08-17T06:30:45Z,2026-08-17T06:30:45Z,0.0
SP5 5RL,SEPD,HV,1,TV4636,548,2026-08-17T06:30:45Z,2026-08-17T06:30:45Z,0.0
SP6 3ES,SEPD,HV,1,TV7840,10,2026-08-19T08:59:42Z,2026-08-19T08:59:42Z,0.0
SP6 3ET,SEPD,HV,1,TV7840,10,2026-08-19T08:59:42Z,2026-08-19T08:59:42Z,0.0
SP6 3EU,SEPD,HV,1,TV7840,10,2026-08-19T08:59:42Z,2026-08-19T08:59:42Z,0.0
SP6 3EX,SEPD,HV,1,TV7840,10,2026-08-19T08:59:42Z,2026-08-19T08:59:42Z,0.0
SP6 3EY,SEPD,HV,1,TV7840,10,2026-08-19T08:59:42Z,2026-08-19T08:59:42Z,0.0
SP6 3EZ,SEPD,HV,1,TV7840,10,2026-08-19T08:59:42Z,2026-08-19T08:59:42Z,0.0
SP6 3HB,SEPD,HV,1,TV7840,10,2026-08-19T08:59:42Z,2026-08-19T08:59:42Z,0.0
SP6 3HD,SEPD,HV,1,TV7840,10,2026-08-19T08:59:42Z,2026-08-19T08:59:42Z,0.0
SP6 3HE,SEPD,HV,1,TV7840,10,2026-08-19T08:59:42Z,2026-08-19T08:59:42Z,0.0
SP6 3HG,SEPD,HV,1,TV7840,10,2026-08-19T08:59:42Z,2026-08-19T08:59:42Z,0.0
SP6 3HH,SEPD,HV,1,TV7840,10,2026-08-19T08:59:42Z,2026-08-19T08:59:42Z,0.0
SP6 3HJ,SEPD,HV,1,TV7840,10,2026-08-19T08:59:42Z,2026-08-19T08:59:42Z,0.0
SP6 3HL,SEPD,HV,1,TV7840,10,2026-08-19T08:59:42Z,2026-08-19T08:59:42Z,0.0
SP6 3HQ,SEPD,HV,1,TV7840,10,2026-08-19T08:59:42Z,2026-08-19T08:59:42Z,0.0
SP6 3JB,SEPD,HV,1,TV7840,10,2026-08-19T08:59:42Z,2026-08-19T08:59:42Z,0.0
SP6 3JT,SEPD,HV,1,TV4636,548,2026-08-17T06:30:45Z,2026-08-17T06:30:45Z,0.0
TW16 7NJ,SEPD,LV,1,TW1506,6,2026-08-21T10:03:15Z,2026-08-21T10:03:15Z,0.0
TW16 7NL,SEPD,LV,1,TW1506,6,2026-08-21T10:03:15Z,2026-08-21T10:03:15Z,0.0
UB3 2JG,SEPD,LV,1,TW2370,49,2026-08-21T18:02:44Z,2026-08-21T18:02:44Z,0.0
UB3 2JP,SEPD,LV,1,TW2370,49,2026-08-21T18:02:44Z,2026-08-21T18:02:44Z,0.0
UB3 2JQ,SEPD,LV,1,TW2370,49,2026-08-21T18:02:44Z,2026-08-21T18:02:44Z,0.0
UB3 2JZ,SEPD,LV,1,TW2370,49,2026-08-21T18:02:44Z,2026-08-21T18:02:44Z,0.0
UB3 2LF,SEPD,LV,1,TW2370,49,2026-08-21T18:02:44Z,2026-08-21T18:02:44Z,0.0
UB3 2LG,SEPD,LV,1,TW2370,49,2026-08-21T18:02:44Z,2026-08-21T18:02:44Z,0.0
UB3 2LW,SEPD,LV,1,TW2370,49,2026-08-21T18:02:44Z,2026-08-21T18:02:44Z,0.0
UB3 2LY,SEPD,LV,1,TW2370,49,2026-08-21T18:02:44Z,2026-08-21T18:02:44Z,0.0
UB3 2NN,SEPD,LV,1,TW2370,49,2026-08-21T18:02:44Z,2026-08-21T18:02:44Z,0.0
UB3 2NW,SEPD,LV,1,TW2370,49,2026-08-21T18:02:44Z,2026-08-21T18:02:44Z,0.0
UB3 2UH,SEPD,LV,1,TW2370,49,2026-08-21T18:02:44Z,2026-08-21T18:02:44Z,0.0
UB5 4AB,SEPD,HV,1,TV3983,152,2026-08-16T16:42:14Z,2026-08-16T16:42:14Z,0.0
UB5 4AD,SEPD,HV,1,TV3983,152,2026-08-16T16:42:14Z,2026-08-16T16:42:14Z,0.0
UB5 4AE,SEPD,HV,1,TV3983,152,2026-08-16T16:42:14Z,2026-08-16T16:42:14Z,0.0
UB5 4AF,SEPD,HV,1,TV3983,152,2026-08-16T16:42:14Z,2026-08-16T16:42:14Z,0.0
UB5 4AG,SEPD,HV,1,TV3983,152,2026-08-16T16:42:14Z,2026-08-16T16:42:14Z,0.0
UB5 4AH,SEPD,HV,1,TV3983,152,2026-08-16T16:42:14Z,2026-08-16T16:42:14Z,0.0
UB5 4AJ,SEPD,HV,1,TV3983,152,2026-08-16T16:42:14Z,2026-08-16T16:42:14Z,0.0
UB5 4AL,SEPD,HV,1,TV3983,152,2026-08-16T16:42:14Z,2026-08-16T16:42:14Z,0.0
UB5 4AP,SEPD,HV,1,TV3983,152,2026-08-16T16:42:14Z,2026-08-16T16:42:14Z,0.0
UB5 4AQ,SEPD,HV,1,TV3983,152,2026-08-16T16:42:14Z,2026-08-16T16:42:14Z,0.0
UB5 4AR,SEPD,HV,1,TV3983,152,2026-08-16T16:42:14Z,2026-08-16T16:42:14Z,0.0
UB5 4AS,SEPD,HV,1,TV3983,152,2026-08-16T16:42:14Z,2026-08-16T16:42:14Z,0.0
UB5 4AT,SEPD,HV,1,TV3983,152,2026-08-16T16:42:14Z,2026-08-16T16:42:14Z,0.0
UB5 4AU,SEPD,HV,1,TV3983,152,2026-08-16T16:42:14Z,2026-08-16T16:42:14Z,0.0
UB5 4AW,SEPD,HV,1,TV3983,152,2026-08-16T16:42:14Z,2026-08-16T16:42:14Z,0.0
UB5 4AX,SEPD,HV,1,TV3983,152,2026-08-16T16:42:14Z,2026-08-16T16:42:14Z,0.0
UB5 4BJ,SEPD,HV,1,TV3983,152,2026-08-16T16:42:14Z,2026-08-16T16:42:14Z,0.0
UB5 4BY,SEPD,HV,1,TV3983,152,2026-08-16T16:42:14Z,2026-08-16T16:42:14Z,0.0
UB5 4BZ,SEPD,HV,1,TV3983,152,2026-08-16T16:42:14Z,2026-08-16T16:42:14Z,0.0
UB5 4DA,SEPD,HV,1,TV3983,152,2026-08-16T16:42:14Z,2026-08-16T16:42:14Z,0.0
UB5 4DB,SEPD,HV,1,TV3983,152,2026-08-16T16:42:14Z,2026-08-16T16:42:14Z,0.0
UB5 4DD,SEPD,HV,1,TV3983,152,2026-08-16T16:42:14Z,2026-08-16T16:42:14Z,0.0
UB5 4DE,SEPD,HV,1,TV3983,152,2026-08-16T16:42:14Z,2026-08-16T16:42:14Z,0.0
UB5 4DF,SEPD,HV,1,TV3983,152,2026-08-16T16:42:14Z,2026-08-16T16:42:14Z,0.0
UB5 4DG,SEPD,HV,1,TV3983,152,2026-08-16T16:42:14Z,2026-08-16T16:42:14Z,0.0
UB5 4DH,SEPD,HV,1,TV3983,152,2026-08-16T16:42:14Z,2026-08-16T16:42:14Z,0.0
UB5 4DJ,SEPD,HV,1,TV3983,152,2026-08-16T16:42:14Z,2026-08-16T16:42:14Z,0.0
UB5 4DL,SEPD,HV,1,TV3983,152,2026-08-16T16:42:14Z,2026-08-16T16:42:14Z,0.0
UB5 4DN,SEPD,HV,1,TV3983,152,2026-08-16T16:42:14Z,2026-08-16T16:42:14Z,0.0
UB5 4DP,SEPD,HV,1,TV3983,152,2026-08-16T16:42:14Z,2026-08-16T16:42:14Z,0.0
UB5 4DQ,SEPD,HV,1,TV3983,152,2026-08-16T16:42:14Z,2026-08-16T16:42:14Z,0.0
UB5 4DR,SEPD,HV,1,TV3983,152,2026-08-16T16:42:14Z,2026-08-16T16:42:14Z,0.0
UB5 4DS,SEPD,HV,1,TV3983,152,2026-08-16T16:42:14Z,2026-08-16T16:42:14Z,0.0
UB5 4DU,SEPD,HV,1,TV3983,152,2026-08-16T16:42:14Z,2026-08-16T16:42:14Z,0.0
UB5 4DW,SEPD,HV,1,TV3983,152,2026-08-16T16:42:14Z,2026-08-16T16:42:14Z,0.0
UB5 4DX,SEPD,HV,1,TV3983,152,2026-08-16T16:42:14Z,2026-08-16T16:42:14Z,0.0
UB5 4DY,SEPD,HV,1,TV3983,152,2026-08-16T16:42:14Z,2026-08-16T16:42:14Z,0.0
UB5 4DZ,SEPD,HV,1,TV3983,152,2026-08-16T16:42:14Z,2026-08-16T16:42:14Z,0.0
UB5 4EA,SEPD,HV,1,TV3983,152,2026-08-16T16:42:14Z,2026-08-16T16:42:14Z,0.0
UB5 4EB,SEPD,HV,1,TV3983,152,2026-08-16T16:42:14Z,2026-08-16T16:42:14Z,0.0
UB5 4ED,SEPD,HV,1,TV3983,152,2026-08-16T16:42:14Z,2026-08-16T16:42:14Z,0.0
UB5 4EE,SEPD,HV,1,TV3983,152,2026-08-16T16:42:14Z,2026-08-16T16:42:14Z,0.0
UB5 4EF,SEPD,HV,1,TV3983,152,2026-08-16T16:42:14Z,2026-08-16T16:42:14Z,0.0
UB5 4EG,SEPD,HV,1,TV3983,152,2026-08-16T16:42:14Z,2026-08-16T16:42:14Z,0.0
UB5 4EH,SEPD,HV,1,TV3983,152,2026-08-16T16:42:14Z,2026-08-16T16:42:14Z,0.0
UB5 4EJ,SEPD,HV,1,TV3983,152,2026-08-16T16:42:14Z,2026-08-16T16:42:14Z,0.0
UB5 4EL,SEPD,HV,1,TV3983,152,2026-08-16T16:42:14Z,2026-08-16T16:42:14Z,0.0
UB5 4EN,SEPD,HV,1,TV3983,152,2026-08-16T16:42:14Z,2026-08-16T16:42:14Z,0.0
UB5 4EP,SEPD,HV,1,TV3983,152,2026-08-16T16:42:14Z,2026-08-16T16:42:14Z,0.0
UB5 4EQ,SEPD,HV,1,TV3983,152,2026-08-16T16:42:14Z,2026-08-16T16:42:14Z,0.0
UB5 4ER,SEPD,HV,1,TV3983,152,2026-08-16T16:42:14Z,2026-08-16T16:42:14Z,0.0
UB5 4ES,SEPD,HV,1,TV3983,152,2026-08-16T16:42:14Z,2026-08-16T16:42:14Z,0.0
UB5 4ET,SEPD,HV,1,TV3983,152,2026-08-16T16:42:14Z,2026-08-16T16:42:14Z,0.0
UB5 4EU,SEPD,HV,1,TV3983,152,2026-08-16T16:42:14Z,2026-08-16T16:42:14Z,0.0
UB5 4EW,SEPD,HV,1,TV3983,152,2026-08-16T16:42:14Z,2026-08-16T16:42:14Z,0.0
UB5 4EX,SEPD,HV,1,TV3983,152,2026-08-16T16:42:14Z,2026-08-16T16:42:14Z,0.0
UB5 4EY,SEPD,HV,1,TV3983,152,2026-08-16T16:42:14Z,2026-08-16T16:42:14Z,0.0
UB5 4FH,SEPD,HV,1,TV3983,152,2026-08-16T16:42:14Z,2026-08-16T16:42:14Z,0.0
UB5 4FJ,SEPD,HV,1,TV3983,152,2026-08-16T16:42:14Z,2026-08-16T16:42:14Z,0.0
UB5 4FL,SEPD,HV,1,TV3983,152,2026-08-16T16:42:14Z,2026-08-16T16:42:14Z,0.0
UB5 4FN,SEPD,HV,1,TV3983,152,2026-08-16T16:42:14Z,2026-08-16T16:42:14Z,0.0
UB5 4FP,SEPD,HV,1,TV3983,152,2026-08-16T16:42:14Z,2026-08-16T16:42:14Z,0.0
UB5 4FQ,SEPD,HV,1,TV3983,152,2026-08-16T16:42:14Z,2026-08-16T16:42:14Z,0.0
UB5 4FR,SEPD,HV,1,TV3983,152,2026-08-16T16:42:14Z,2026-08-16T16:42:14Z,0.0
UB5 4GB,SEPD,HV,1,TV3983,152,2026-08-16T16:42:14Z,2026-08-16T16:42:14Z,0.0
UB5 4HA,SEPD,HV,1,TV3983,152,2026-08-16T16:42:14Z,2026-08-16T16:42:14Z,0.0
UB5 4HB,SEPD,HV,1,TV3983,152,2026-08-16T16:42:14Z,2026-08-16T16:42:14Z,0.0
UB5 4HE,SEPD,HV,1,TV3983,152,2026-08-16T16:42:14Z,2026-08-16T16:42:14Z,0.0
UB5 4HF,SEPD,HV,1,TV3983,152,2026-08-16T16:42:14Z,2026-08-16T16:42:14Z,0.0
UB5 4HG,SEPD,HV,1,TV3983,152,2026-08-16T16:42:14Z,2026-08-16T16:42:14Z,0.0
UB5 4HH,SEPD,HV,1,TV3983,152,2026-08-16T16:42:14Z,2026-08-16T16:42:14Z,0.0
UB5 4HN,SEPD,HV,1,TV3983,152,2026-08-16T16:42:14Z,2026-08-16T16:42:14Z,0.0
UB5 4HQ,SEPD,HV,1,TV3983,152,2026-08-16T16:42:14Z,2026-08-16T16:42:14Z,0.0
UB5 4NA,SEPD,HV,1,TV3983,152,2026-08-16T16:42:14Z,2026-08-16T16:42:14Z,0.0
UB5 4NH,SEPD,HV,1,TV3983,152,2026-08-16T16:42:14Z,2026-08-16T16:42:14Z,0.0
UB5 4PL,SEPD,HV,1,TV3983,152,2026-08-16T16:42:14Z,2026-08-16T16:42:14Z,0.0
UB5 4PN,SEPD,HV,1,TV3983,152,2026-08-16T16:42:14Z,2026-08-16T16:42:14Z,0.0
UB5 4PU,SEPD,HV,1,TV3983,152,2026-08-16T16:42:14Z,2026-08-16T16:42:14Z,0.0
UB5 4PW,SEPD,HV,1,TV3983,152,2026-08-16T16:42:14Z,2026-08-16T16:42:14Z,0.0
UB5 4PX,SEPD,HV,1,TV3983,152,2026-08-16T16:42:14Z,2026-08-16T16:42:14Z,0.0
UB5 4PY,SEPD,HV,1,TV3983,152,2026-08-16T16:42:14Z,2026-08-16T16:42:14Z,0.0
UB5 4PZ,SEPD,HV,1,TV3983,152,2026-08-16T16:42:14Z,2026-08-16T16:42:14Z,0.0
UB5 4QH,SEPD,HV,1,TV3983,152,2026-08-16T16:42:14Z,2026-08-16T16:42:14Z,0.0
UB5 4QS,SEPD,HV,1,TV3983,152,2026-08-16T16:42:14Z,2026-08-16T16:42:14Z,0.0
UB5 4QT,SEPD,HV,1,TV3983,152,2026-08-16T16:42:14Z,2026-08-16T16:42:14Z,0.0
UB5 4QU,SEPD,HV,1,TV3983,152,2026-08-16T16:42:14Z,2026-08-16T16:42:14Z,0.0
UB5 4QX,SEPD,HV,1,TV3983,152,2026-08-16T16:42:14Z,2026-08-16T16:42:14Z,0.0
UB5 4QY,SEPD,HV,1,TV3983,152,2026-08-16T16:42:14Z,2026-08-16T16:42:14Z,0.0
UB5 4QZ,SEPD,HV,1,TV3983,152,2026-08-16T16:42:14Z,2026-08-16T16:42:14Z,0.0
UB5 4RB,SEPD,HV,1,TV3983,152,2026-08-16T16:42:14Z,2026-08-16T16:42:14Z,0.0
UB5 4RE,SEPD,HV,1,TV3983,152,2026-08-16T16:42:14Z,2026-08-16T16:42:14Z,0.0
UB5 4RF,SEPD,HV,1,TV3983,152,2026-08-16T16:42:14Z,2026-08-16T16:42:14Z,0.0
UB5 4RG,SEPD,HV,1,TV3983,152,2026-08-16T16:42:14Z,2026-08-16T16:42:14Z,0.0
UB5 4RH,SEPD,HV,1,TV3983,152,2026-08-16T16:42:14Z,2026-08-16T16:42:14Z,0.0
UB5 4RJ,SEPD,HV,1,TV3983,152,2026-08-16T16:42:14Z,2026-08-16T16:42:14Z,0.0
UB5 4RL,SEPD,HV,1,TV3983,152,2026-08-16T16:42:14Z,2026-08-16T16:42:14Z,0.0
UB5 4RN,SEPD,HV,1,TV3983,152,2026-08-16T16:42:14Z,2026-08-16T16:42:14Z,0.0
UB5 4RP,SEPD,HV,1,TV3983,152,2026-08-16T16:42:14Z,2026-08-16T16:42:14Z,0.0
UB5 4RQ,SEPD,HV,1,TV3983,152,2026-08-16T16:42:14Z,2026-08-16T16:42:14Z,0.0
UB5 4SF,SEPD,HV,1,TV3983,152,2026-08-16T16:42:14Z,2026-08-16T16:42:14Z,0.0
UB6 0AL,SEPD,HV,1,TV3983,152,2026-08-16T16:42:14Z,2026-08-16T16:42:14Z,0.0
UB6 8LU,SEPD,HV,1,TV3983,152,2026-08-16T16:42:14Z,2026-08-16T16:42:14Z,0.0
UB6 8LX,SEPD,HV,1,TV3983,152,2026-08-16T16:42:14Z,2026-08-16T16:42:14Z,0.0
UB6 8LY,SEPD,HV,1,TV3983,152,2026-08-16T16:42:14Z,2026-08-16T16:42:14Z,0.0
UB6 8NS,SEPD,HV,1,TV3983,152,2026-08-16T16:42:14Z,2026-08-16T16:42:14Z,0.0
UB6 8NY,SEPD,HV,1,TV3983,152,2026-08-16T16:42:14Z,2026-08-16T16:42:14Z,0.0
UB6 8NZ,SEPD,HV,1,TV3983,152,2026-08-16T16:42:14Z,2026-08-16T16:42:14Z,0.0
UB6 8PB,SEPD,HV,1,TV3983,152,2026-08-16T16:42:14Z,2026-08-16T16:42:14Z,0.0
UB6 8PD,SEPD,HV,1,TV3983,152,2026-08-16T16:42:14Z,2026-08-16T16:42:14Z,0.0
UB6 8PE,SEPD,HV,1,TV3983,152,2026-08-16T16:42:14Z,2026-08-16T16:42:14Z,0.0
UB6 8PH,SEPD,HV,1,TV3983,152,2026-08-16T16:42:14Z,2026-08-16T16:42:14Z,0.0
UB9 5JF,SEPD,LV,1,TV5083,7,2026-08-17T11:02:27Z,2026-08-17T11:02:27Z,0.0
W5 2DJ,SEPD,LV,1,TV4558,14,2026-08-17T04:24:57Z,2026-08-17T04:24:57Z,0.0
W5 2DL,SEPD,LV,1,TV4558,14,2026-08-17T04:24:57Z,2026-08-17T04:24:57Z,0.0
W5 2UU,SEPD,LV,1,TV4558,14,2026-08-17T04:24:57Z,2026-08-17T04:24:57Z,0.0
ZE1 0DE,SHEPD,HV,1,TV6168,3678,2026-08-18T09:17:56Z,2026-08-18T09:17:56Z,0.0
ZE1 0NY,SHEPD,HV,1,TV6168,3678,2026-08-18T09:17:56Z,2026-08-18T09:17:56Z,0.0
ZE1 0TE,SHEPD,HV,1,TV6168,3678,2026-08-18T09:17:56Z,2026-08-18T09:17:56Z,0.0
ZE1 0TF,SHEPD,HV,1,TV6168,3678,2026-08-18T09:17:56Z,2026-08-18T09:17:56Z,0.0
ZE1 0TH,SHEPD,HV,1,TV6168,3678,2026-08-18T09:17:56Z,2026-08-18T09:17:56Z,0.0
ZE1 0TJ,SHEPD,HV,1,TV6168,3678,2026-08-18T09:17:56Z,2026-08-18T09:17:56Z,0.0
ZE1 0TL,SHEPD,HV,1,TV6168,3678,2026-08-18T09:17:56Z,2026-08-18T09:17:56Z,0.0
ZE1 0TN,SHEPD,HV,1,TV6168,3678,2026-08-18T09:17:56Z,2026-08-18T09:17:56Z,0.0
ZE1 0TP,SHEPD,HV,1,TV6168,3678,2026-08-18T09:17:56Z,2026-08-18T09:17:56Z,0.0
ZE1 0TQ,SHEPD,HV,1,TV6168,3678,2026-08-18T09:17:56Z,2026-08-18T09:17:56Z,0.0
ZE1 0TR,SHEPD,HV,1,TV6168,3678,2026-08-18T09:17:56Z,2026-08-18T09:17:56Z,0.0
ZE1 0TS,SHEPD,HV,1,TV6168,3678,2026-08-18T09:17:56Z,2026-08-18T09:17:56Z,0.0
ZE1 0TT,SHEPD,HV,1,TV6168,3678,2026-08-18T09:17:56Z,2026-08-18T09:17:56Z,0.0
ZE1 0TU,SHEPD,HV,1,TV6168,3678,2026-08-18T09:17:56Z,2026-08-18T09:17:56Z,0.0
ZE1 0TX,SHEPD,HV,1,TV6168,3678,2026-08-18T09:17:56Z,2026-08-18T09:17:56Z,0.0
ZE1 0TZ,SHEPD,HV,1,TV6168,3678,2026-08-18T09:17:56Z,2026-08-18T09:17:56Z,0.0
ZE1 0UA,SHEPD,HV,1,TV6168,3678,2026-08-18T09:17:56Z,2026-08-18T09:17:56Z,0.0
ZE1 0UB,SHEPD,HV,1,TV6168,3678,2026-08-18T09:17:56Z,2026-08-18T09:17:56Z,0.0
ZE1 0UD,SHEPD,HV,1,TV6168,3678,2026-08-18T09:17:56Z,2026-08-18T09:17:56Z,0.0
ZE1 0UE,SHEPD,HV,1,TV6168,3678,2026-08-18T09:17:56Z,2026-08-18T09:17:56Z,0.0
ZE1 0UG,SHEPD,HV,1,TV6168,3678,2026-08-18T09:17:56Z,2026-08-18T09:17:56Z,0.0
ZE1 0UH,SHEPD,HV,1,TV6168,3678,2026-08-18T09:17:56Z,2026-08-18T09:17:56Z,0.0
ZE1 0UJ,SHEPD,HV,1,TV6168,3678,2026-08-18T09:17:56Z,2026-08-18T09:17:56Z,0.0
ZE1 0UL,SHEPD,HV,1,TV6168,3678,2026-08-18T09:17:56Z,2026-08-18T09:17:56Z,0.0
ZE1 0UN,SHEPD,HV,1,TV6168,3678,2026-08-18T09:17:56Z,2026-08-18T09:17:56Z,0.0
ZE1 0UP,SHEPD,HV,1,TV6168,3678,2026-08-18T09:17:56Z,2026-08-18T09:17:56Z,0.0
ZE1 0UQ,SHEPD,HV,1,TV6168,3678,2026-08-18T09:17:56Z,2026-08-18T09:17:56Z,0.0
ZE1 0UR,SHEPD,HV,1,TV6168,3678,2026-08-18T09:17:56Z,2026-08-18T09:17:56Z,0.0
ZE1 0US,SHEPD,HV,1,TV6168,3678,2026-08-18T09:17:56Z,2026-08-18T09:17:56Z,0.0
ZE1 0UT,SHEPD,HV,1,TV6168,3678,2026-08-18T09:17:56Z,2026-08-18T09:17:56Z,0.0
ZE1 0UU,SHEPD,HV,1,TV6168,3678,2026-08-18T09:17:56Z,2026-08-18T09:17:56Z,0.0
ZE1 0UW,SHEPD,HV,1,TV6168,3678,2026-08-18T09:17:56Z,2026-08-18T09:17:56Z,0.0
ZE1 0UX,SHEPD,HV,1,TV6168,3678,2026-08-18T09:17:56Z,2026-08-18T09:17:56Z,0.0
ZE1 0UY,SHEPD,HV,1,TV6168,3678,2026-08-18T09:17:56Z,2026-08-18T09:17:56Z,0.0
ZE1 0UZ,SHEPD,HV,1,TV6168,3678,2026-08-18T09:17:56Z,2026-08-18T09:17:56Z,0.0
ZE1 0WA,SHEPD,HV,1,TV6168,3678,2026-08-18T09:17:56Z,2026-08-18T09:17:56Z,0.0
ZE1 0WS,SHEPD,HV,1,TV6168,3678,2026-08-18T09:17:56Z,2026-08-18T09:17:56Z,0.0
ZE1 0XA,SHEPD,HV,1,TV6168,3678,2026-08-18T09:17:56Z,2026-08-18T09:17:56Z,0.0
ZE1 0XB,SHEPD,HV,1,TV6168,3678,2026-08-18T09:17:56Z,2026-08-18T09:17:56Z,0.0
ZE1 0XD,SHEPD,HV,1,TV6168,3678,2026-08-18T09:17:56Z,2026-08-18T09:17:56Z,0.0
ZE1 0XG,SHEPD,HV,1,TV6168,3678,2026-08-18T09:17:56Z,2026-08-18T09:17:56Z,0.0
ZE1 0XH,SHEPD,HV,1,TV6168,3678,2026-08-18T09:17:56Z,2026-08-18T09:17:56Z,0.0
ZE1 0XJ,SHEPD,HV,1,TV6168,3678,2026-08-18T09:17:56Z,2026-08-18T09:17:56Z,0.0
ZE1 0XL,SHEPD,HV,1,TV6168,3678,2026-08-18T09:17:56Z,2026-08-18T09:17:56Z,0.0
ZE1 0XN,SHEPD,HV,1,TV6168,3678,2026-08-18T09:17:56Z,2026-08-18T09:17:56Z,0.0
ZE1 0XT,SHEPD,HV,1,TV6168,3678,2026-08-18T09:17:56Z,2026-08-18T09:17:56Z,0.0
ZE2 9BJ,SHEPD,HV,1,TV6168,3678,2026-08-18T09:17:56Z,2026-08-18T09:17:56Z,0.0
ZE2 9DW,SHEPD,HV,1,TV6168,3678,2026-08-18T09:17:56Z,2026-08-18T09:17:56Z,0.0
ZE2 9EG,SHEPD,HV,1,TV6168,3678,2026-08-18T09:17:56Z,2026-08-18T09:17:56Z,0.0
ZE2 9EL,SHEPD,HV,1,TV6168,3678,2026-08-18T09:17:56Z,2026-08-18T09:17:56Z,0.0
ZE2 9EX,SHEPD,HV,1,TV6168,3678,2026-08-18T09:17:56Z,2026-08-18T09:17:56Z,0.0
ZE2 9EY,SHEPD,HV,1,TV6168,3678,2026-08-18T09:17:56Z,2026-08-18T09:17:56Z,0.0
ZE2 9EZ,SHEPD,HV,1,TV6168,3678,2026-08-18T09:17:56Z,2026-08-18T09:17:56Z,0.0
ZE2 9FD,SHEPD,HV,1,TV6168,3678,2026-08-18T09:17:56Z,2026-08-18T09:17:56Z,0.0
ZE2 9FE,SHEPD,HV,1,TV6168,3678,2026-08-18T09:17:56Z,2026-08-18T09:17:56Z,0.0
ZE2 9FG,SHEPD,HV,1,TV6168,3678,2026-08-18T09:17:56Z,2026-08-18T09:17:56Z,0.0
ZE2 9FL,SHEPD,HV,1,TV6168,3678,2026-08-18T09:17:56Z,2026-08-18T09:17:56Z,0.0
ZE2 9FN,SHEPD,HV,1,TV6168,3678,2026-08-18T09:17:56Z,2026-08-18T09:17:56Z,0.0
ZE2 9FP,SHEPD,HV,1,TV6168,3678,2026-08-18T09:17:56Z,2026-08-18T09:17:56Z,0.0
ZE2 9FS,SHEPD,HV,1,TV6168,3678,2026-08-18T09:17:56Z,2026-08-18T09:17:56Z,0.0
ZE2 9FT,SHEPD,HV,1,TV6168,3678,2026-08-18T09:17:56Z,2026-08-18T09:17:56Z,0.0
ZE2 9FX,SHEPD,HV,1,TV6168,3678,2026-08-18T09:17:56Z,2026-08-18T09:17:56Z,0.0
ZE2 9FZ,SHEPD,HV,1,TV6168,3678,2026-08-18T09:17:56Z,2026-08-18T09:17:56Z,0.0
ZE2 9GA,SHEPD,HV,1,TV6168,3678,2026-08-18T09:17:56Z,2026-08-18T09:17:56Z,0.0
ZE2 9GB,SHEPD,HV,1,TV6168,3678,2026-08-18T09:17:56Z,2026-08-18T09:17:56Z,0.0
ZE2 9GD,SHEPD,HV,1,TV6168,3678,2026-08-18T09:17:56Z,2026-08-18T09:17:56Z,0.0
ZE2 9GE,SHEPD,HV,1,TV6168,3678,2026-08-18T09:17:56Z,2026-08-18T09:17:56Z,0.0
ZE2 9GF,SHEPD,HV,1,TV6168,3678,2026-08-18T09:17:56Z,2026-08-18T09:17:56Z,0.0
ZE2 9GG,SHEPD,HV,1,TV6168,3678,2026-08-18T09:17:56Z,2026-08-18T09:17:56Z,0.0
ZE2 9GY,SHEPD,HV,1,TV6168,3678,2026-08-18T09:17:56Z,2026-08-18T09:17:56Z,0.0
ZE2 9HA,SHEPD,HV,1,TV6168,3678,2026-08-18T09:17:56Z,2026-08-18T09:17:56Z,0.0
ZE2 9HB,SHEPD,HV,1,TV6168,3678,2026-08-18T09:17:56Z,2026-08-18T09:17:56Z,0.0
ZE2 9HD,SHEPD,HV,1,TV6168,3678,2026-08-18T09:17:56Z,2026-08-18T09:17:56Z,0.0
ZE2 9HE,SHEPD,HV,1,TV6168,3678,2026-08-18T09:17:56Z,2026-08-18T09:17:56Z,0.0
ZE2 9HF,SHEPD,HV,1,TV6168,3678,2026-08-18T09:17:56Z,2026-08-18T09:17:56Z,0.0
ZE2 9HG,SHEPD,HV,1,TV6168,3678,2026-08-18T09:17:56Z,2026-08-18T09:17:56Z,0.0
ZE2 9HH,SHEPD,HV,1,TV6168,3678,2026-08-18T09:17:56Z,2026-08-18T09:17:56Z,0.0
ZE2 9HJ,SHEPD,HV,1,TV6168,3678,2026-08-18T09:17:56Z,2026-08-18T09:17:56Z,0.0
ZE2 9HL,SHEPD,HV,1,TV6168,3678,2026-08-18T09:17:56Z,2026-08-18T09:17:56Z,0.0
ZE2 9HN,SHEPD,HV,1,TV6168,3678,2026-08-18T09:17:56Z,2026-08-18T09:17:56Z,0.0
ZE2 9HP,SHEPD,HV,1,TV6168,3678,2026-08-18T09:17:56Z,2026-08-18T09:17:56Z,0.0
ZE2 9HQ,SHEPD,HV,1,TV6168,3678,2026-08-18T09:17:56Z,2026-08-18T09:17:56Z,0.0
ZE2 9HR,SHEPD,HV,1,TV6168,3678,2026-08-18T09:17:56Z,2026-08-18T09:17:56Z,0.0
ZE2 9HS,SHEPD,HV,1,TV6168,3678,2026-08-18T09:17:56Z,2026-08-18T09:17:56Z,0.0
ZE2 9HT,SHEPD,HV,1,TV6168,3678,2026-08-18T09:17:56Z,2026-08-18T09:17:56Z,0.0
ZE2 9HU,SHEPD,HV,1,TV6168,3678,2026-08-18T09:17:56Z,2026-08-18T09:17:56Z,0.0
ZE2 9HW,SHEPD,HV,1,TV6168,3678,2026-08-18T09:17:56Z,2026-08-18T09:17:56Z,0.0
ZE2 9HX,SHEPD,HV,1,TV6168,3678,2026-08-18T09:17:56Z,2026-08-18T09:17:56Z,0.0
ZE2 9HY,SHEPD,HV,1,TV6168,3678,2026-08-18T09:17:56Z,2026-08-18T09:17:56Z,0.0
ZE2 9HZ,SHEPD,HV,1,TV6168,3678,2026-08-18T09:17:56Z,2026-08-18T09:17:56Z,0.0
ZE2 9JA,SHEPD,HV,1,TV6168,3678,2026-08-18T09:17:56Z,2026-08-18T09:17:56Z,0.0
ZE2 9JB,SHEPD,HV,1,TV6168,3678,2026-08-18T09:17:56Z,2026-08-18T09:17:56Z,0.0
ZE2 9JD,SHEPD,HV,1,TV6168,3678,2026-08-18T09:17:56Z,2026-08-18T09:17:56Z,0.0
ZE2 9JE,SHEPD,HV,1,TV6168,3678,2026-08-18T09:17:56Z,2026-08-18T09:17:56Z,0.0
ZE2 9JF,SHEPD,HV,1,TV6168,3678,2026-08-18T09:17:56Z,2026-08-18T09:17:56Z,0.0
ZE2 9JG,SHEPD,HV,1,TV6168,3678,2026-08-18T09:17:56Z,2026-08-18T09:17:56Z,0.0
ZE2 9JH,SHEPD,HV,1,TV6168,3678,2026-08-18T09:17:56Z,2026-08-18T09:17:56Z,0.0
ZE2 9JJ,SHEPD,HV,1,TV6168,3678,2026-08-18T09:17:56Z,2026-08-18T09:17:56Z,0.0
ZE2 9JL,SHEPD,HV,1,TV6168,3678,2026-08-18T09:17:56Z,2026-08-18T09:17:56Z,0.0
ZE2 9JN,SHEPD,HV,1,TV6168,3678,2026-08-18T09:17:56Z,2026-08-18T09:17:56Z,0.0
ZE2 9JP,SHEPD,HV,1,TV6168,3678,2026-08-18T09:17:56Z,2026-08-18T09:17:56Z,0.0
ZE2 9JQ,SHEPD,HV,1,TV6168,3678,2026-08-18T09:17:56Z,2026-08-18T09:17:56Z,0.0
ZE2 9JR,SHEPD,HV,1,TV6168,3678,2026-08-18T09:17:56Z,2026-08-18T09:17:56Z,0.0
ZE2 9JS,SHEPD,HV,1,TV6168,3678,2026-08-18T09:17:56Z,2026-08-18T09:17:56Z,0.0
ZE2 9JT,SHEPD,HV,1,TV6168,3678,2026-08-18T09:17:56Z,2026-08-18T09:17:56Z,0.0
ZE2 9JW,SHEPD,HV,1,TV6168,3678,2026-08-18T09:17:56Z,2026-08-18T09:17:56Z,0.0
ZE2 9JX,SHEPD,HV,1,TV6168,3678,2026-08-18T09:17:56Z,2026-08-18T09:17:56Z,0.0
ZE2 9JY,SHEPD,HV,1,TV6168,3678,2026-08-18T09:17:56Z,2026-08-18T09:17:56Z,0.0
ZE2 9JZ,SHEPD,HV,1,TV6168,3678,2026-08-18T09:17:56Z,2026-08-18T09:17:56Z,0.0
ZE2 9LA,SHEPD,HV,1,TV6168,3678,2026-08-18T09:17:56Z,2026-08-18T09:17:56Z,0.0
ZE2 9LB,SHEPD,HV,1,TV6168,3678,2026-08-18T09:17:56Z,2026-08-18T09:17:56Z,0.0
ZE2 9LD,SHEPD,HV,1,TV6168,3678,2026-08-18T09:17:56Z,2026-08-18T09:17:56Z,0.0
ZE2 9LE,SHEPD,HV,1,TV6168,3678,2026-08-18T09:17:56Z,2026-08-18T09:17:56Z,0.0
ZE2 9LF,SHEPD,HV,1,TV6168,3678,2026-08-18T09:17:56Z,2026-08-18T09:17:56Z,0.0
ZE2 9NP,SHEPD,HV,1,TV6168,3678,2026-08-18T09:17:56Z,2026-08-18T09:17:56Z,0.0
ZE2 9NU,SHEPD,HV,1,TV6168,3678,2026-08-18T09:17:56Z,2026-08-18T09:17:56Z,0.0
ZE2 9NZ,SHEPD,HV,1,TV6168,3678,2026-08-18T09:17:56Z,2026-08-18T09:17:56Z,0.0
ZE2 9PN,SHEPD,HV,1,TV6168,3678,2026-08-18T09:17:56Z,2026-08-18T09:17:56Z,0.0
ZE2 9QG,SHEPD,HV,1,TV6168,3678,2026-08-18T09:17:56Z,2026-08-18T09:17:56Z,0.0
ZE2 9SB,SHEPD,HV,1,TV6168,3678,2026-08-18T09:17:56Z,2026-08-18T09:17:56Z,0.0
ZE2 9SE,SHEPD,HV,1,TV6168,3678,2026-08-18T09:17:56Z,2026-08-18T09:17:56Z,0.0
ZE2 9SF,SHEPD,HV,1,TV6168,3678,2026-08-18T09:17:56Z,2026-08-18T09:17:56Z,0.0
ZE2 9TX,SHEPD,HV,1,TV6168,3678,2026-08-18T09:17:56Z,2026-08-18T09:17:56Z,0.0
ZE2 9UE,SHEPD,HV,1,TV6168,3678,2026-08-18T09:17:56Z,2026-08-18T09:17:56Z,0.0
ZE2 9UJ,SHEPD,HV,1,TV6168,3678,2026-08-18T09:17:56Z,2026-08-18T09:17:56Z,0.0
ZE2 9UW,SHEPD,HV,1,TV6168,3678,2026-08-18T09:17:56Z,2026-08-18T09:17:56Z,0.0
ZE2 9UY,SHEPD,HV,1,TV6168,3678,2026-08-18T09:17:56Z,2026-08-18T09:17:56Z,0.0
ZE2 9WJ,SHEPD,HV,1,TV6168,3678,2026-08-18T09:17:56Z,2026-08-18T09:17:56Z,0.0
ZE2 9XN,SHEPD,HV,1,TV6168,3678,2026-08-18T09:17:56Z,2026-08-18T09:17:56Z,0.0
ZE2 9XU,SHEPD,HV,1,TV6168,3678,2026-08-18T09:17:56Z,2026-08-18T09:17:56Z,0.0
ZE2 9XW,SHEPD,HV,1,TV6168,3678,2026-08-18T09:17:56Z,2026-08-18T09:17:56Z,0.0
ZE3 9JJ,SHEPD,HV,1,TV6168,3678,2026-08-18T09:17:56Z,2026-08-18T09:17:56Z,0.0
ZE3 9JL,SHEPD,HV,1,TV6168,3678,2026-08-18T09:17:56Z,2026-08-18T09:17:56Z,0.0
ZE3 9JN,SHEPD,HV,1,TV6168,3678,2026-08-18T09:17:56Z,2026-08-18T09:17:56Z,0.0
ZE3 9JP,SHEPD,HV,1,TV6168,3678,2026-08-18T09:17:56Z,2026-08-18T09:17:56Z,0.0
ZE3 9JR,SHEPD,HV,1,TV6168,3678,2026-08-18T09:17:56Z,2026-08-18T09:17:56Z,0.0
ZE3 9JS,SHEPD,HV,1,TV6168,3678,2026-08-18T09:17:56Z,2026-08-18T09:17:56Z,0.0
ZE3 9JT,SHEPD,HV,1,TV6168,3678,2026-08-18T09:17:56Z,2026-08-18T09:17:56Z,0.0
ZE3 9JU,SHEPD,HV,1,TV6168,3678,2026-08-18T09:17:56Z,2026-08-18T09:17:56Z,0.0
ZE3 9JW,SHEPD,HV,1,TV6168,3678,2026-08-18T09:17:56Z,2026-08-18T09:17:56Z,0.0
ZE3 9JX,SHEPD,HV,1,TV6168,3678,2026-08-18T09:17:56Z,2026-08-18T09:17:56Z,0.0
ZE3 9JY,SHEPD,HV,1,TV6168,3678,2026-08-18T09:17:56Z,2026-08-18T09:17:56Z,0.0
ZE3 9JZ,SHEPD,HV,1,TV6168,3678,2026-08-18T09:17:56Z,2026-08-18T09:17:56Z,0.0
ZE3 9LZ,SHEPD,HV,1,TV6168,3678,2026-08-18T09:17:56Z,2026-08-18T09:17:56Z,0.0
