postcode,network,outage_type,outage_count,outage_refs,total_customers_affected,first_seen,last_seen,time_off_supply_hours_total_approx
HP13 7EF,SEPD,LV,4,"TM2315,TM2316,TM4070,TM8524",81,2026-06-24T18:12:03Z,2026-06-27T11:17:03Z,56.72
UB9 5GA,SEPD,LV,4,"TK8575,TM2968,TM5936,TN1316",220,2026-06-22T23:14:55Z,2026-06-28T18:49:26Z,53.99
UB9 5GB,SEPD,LV,4,"TK8575,TM2968,TM5936,TN1316",220,2026-06-22T23:14:55Z,2026-06-28T18:49:26Z,53.99
UB9 5GD,SEPD,LV,4,"TK8575,TM2968,TM5936,TN1316",220,2026-06-22T23:14:55Z,2026-06-28T18:49:26Z,53.99
UB9 5GE,SEPD,LV,4,"TK8575,TM2968,TM5936,TN1316",220,2026-06-22T23:14:55Z,2026-06-28T18:49:26Z,53.99
UB9 5GF,SEPD,LV,4,"TK8575,TM2968,TM5936,TN1316",220,2026-06-22T23:14:55Z,2026-06-28T18:49:26Z,53.99
UB9 5GG,SEPD,LV,4,"TK8575,TM2968,TM5936,TN1316",220,2026-06-22T23:14:55Z,2026-06-28T18:49:26Z,53.99
UB9 5GH,SEPD,LV,4,"TK8575,TM2968,TM5936,TN1316",220,2026-06-22T23:14:55Z,2026-06-28T18:49:26Z,53.99
UB9 5LB,SEPD,LV,4,"TK8575,TM2968,TM5936,TN1316",220,2026-06-22T23:14:55Z,2026-06-28T18:49:26Z,53.99
UB9 5LD,SEPD,LV,4,"TK8575,TM2968,TM5936,TN1316",220,2026-06-22T23:14:55Z,2026-06-28T18:49:26Z,53.99
UB9 5LG,SEPD,LV,4,"TK8575,TM2968,TM5936,TN1316",220,2026-06-22T23:14:55Z,2026-06-28T18:49:26Z,53.99
UB9 5LH,SEPD,LV,4,"TK8575,TM2968,TM5936,TN1316",220,2026-06-22T23:14:55Z,2026-06-28T18:49:26Z,53.99
UB9 5LJ,SEPD,LV,4,"TK8575,TM2968,TM5936,TN1316",220,2026-06-22T23:14:55Z,2026-06-28T18:49:26Z,53.99
UB9 5LW,SEPD,LV,4,"TK8575,TM2968,TM5936,TN1316",220,2026-06-22T23:14:55Z,2026-06-28T18:49:26Z,53.99
HP13 7DZ,SEPD,LV,3,"TM2316,TM4070,TM8524",73,2026-06-24T18:12:03Z,2026-06-27T11:17:03Z,48.27
HP13 7EA,SEPD,LV,3,"TM2316,TM4070,TM8524",73,2026-06-24T18:12:03Z,2026-06-27T11:17:03Z,48.27
HP13 7EE,SEPD,LV,3,"TM2316,TM4070,TM8524",73,2026-06-24T18:12:03Z,2026-06-27T11:17:03Z,48.27
HP13 7EG,SEPD,LV,2,"TM2316,TM8524",48,2026-06-24T18:12:03Z,2026-06-27T11:17:03Z,48.27
RG30 4AY,SEPD,LV,2,"TM7831,TM8194",43,2026-06-26T14:46:38Z,2026-06-27T20:17:28Z,44.25
RG30 4AZ,SEPD,LV,2,"TM7831,TM8194",43,2026-06-26T14:46:38Z,2026-06-27T20:17:28Z,44.25
RG30 4BA,SEPD,LV,2,"TM7831,TM8194",43,2026-06-26T16:52:59Z,2026-06-27T20:17:28Z,37.28
PO14 2AD,SEPD,LV,1,TM9212,12,2026-06-27T04:30:11Z,2026-06-28T16:06:31Z,35.61
PO14 2AH,SEPD,LV,1,TM9212,12,2026-06-27T04:30:11Z,2026-06-28T16:06:31Z,35.61
PA78 6SY,SHEPD,HV,1,TM6364,25,2026-06-26T01:38:09Z,2026-06-27T12:47:44Z,35.16
PA78 6TB,SHEPD,HV,1,TM6364,25,2026-06-26T01:38:09Z,2026-06-27T12:47:44Z,35.16
SL5 9ND,SEPD,LV,1,TM7021,21,2026-06-26T12:04:15Z,2026-06-27T21:33:44Z,33.49
SL5 9PN,SEPD,LV,1,TM7021,21,2026-06-26T12:04:15Z,2026-06-27T21:33:44Z,33.49
SL5 9PT,SEPD,LV,1,TM7021,21,2026-06-26T12:04:15Z,2026-06-27T21:33:44Z,33.49
SL5 9PW,SEPD,LV,1,TM7021,21,2026-06-26T12:04:15Z,2026-06-27T21:33:44Z,33.49
SL5 9TT,SEPD,LV,1,TM7021,21,2026-06-26T12:04:15Z,2026-06-27T21:33:44Z,33.49
SP5 2BN,SEPD,LV,1,TJ0243,14,2026-06-27T09:50:09Z,2026-06-28T18:49:26Z,32.99
SP5 2BT,SEPD,LV,1,TJ0243,14,2026-06-27T09:50:09Z,2026-06-28T18:49:26Z,32.99
SP5 2BW,SEPD,LV,1,TJ0243,14,2026-06-27T09:50:09Z,2026-06-28T18:49:26Z,32.99
RG12 0TR,SEPD,"LV,HV",3,"TM3327,TM5778,TM9018",334,2026-06-25T08:03:23Z,2026-06-27T04:30:11Z,30.96
SO22 5AY,SEPD,LV,2,"TM1899,TM9636",69,2026-06-24T18:12:03Z,2026-06-27T21:33:44Z,29.26
RG7 1AE,SEPD,LV,3,"TK8668,TK8853,TK9487",150,2026-06-23T05:47:19Z,2026-06-24T13:52:53Z,29.04
RG7 1AJ,SEPD,LV,3,"TK8668,TK8853,TK9487",150,2026-06-23T05:47:19Z,2026-06-24T13:52:53Z,29.04
RG7 1AL,SEPD,LV,3,"TK8668,TK8853,TK9487",150,2026-06-23T05:47:19Z,2026-06-24T13:52:53Z,29.04
RG7 1AP,SEPD,LV,3,"TK8668,TK8853,TK9487",150,2026-06-23T05:47:19Z,2026-06-24T13:52:53Z,29.04
RG7 1AQ,SEPD,LV,3,"TK8668,TK8853,TK9487",150,2026-06-23T05:47:19Z,2026-06-24T13:52:53Z,29.04
RG7 1AZ,SEPD,LV,3,"TK8668,TK8853,TK9487",150,2026-06-23T05:47:19Z,2026-06-24T13:52:53Z,29.04
RG7 1DY,SEPD,LV,3,"TK8668,TK8853,TK9487",150,2026-06-23T05:47:19Z,2026-06-24T13:52:53Z,29.04
RG7 1HQ,SEPD,LV,3,"TK8668,TK8853,TK9487",150,2026-06-23T05:47:19Z,2026-06-24T13:52:53Z,29.04
RG7 1RR,SEPD,LV,3,"TK8668,TK8853,TK9487",150,2026-06-23T05:47:19Z,2026-06-24T13:52:53Z,29.04
RG7 1SR,SEPD,LV,3,"TK8668,TK8853,TK9487",150,2026-06-23T05:47:19Z,2026-06-24T13:52:53Z,29.04
RG7 1YD,SEPD,LV,3,"TK8668,TK8853,TK9487",150,2026-06-23T05:47:19Z,2026-06-24T13:52:53Z,29.04
RG30 4AD,SEPD,LV,1,TM8194,35,2026-06-26T16:52:59Z,2026-06-27T20:17:28Z,27.41
RG30 4AR,SEPD,LV,1,TM8194,35,2026-06-26T16:52:59Z,2026-06-27T20:17:28Z,27.41
RG30 4AS,SEPD,LV,1,TM8194,35,2026-06-26T16:52:59Z,2026-06-27T20:17:28Z,27.41
RG30 4AT,SEPD,LV,1,TM8194,35,2026-06-26T16:52:59Z,2026-06-27T20:17:28Z,27.41
RG30 4AU,SEPD,LV,1,TM8194,35,2026-06-26T16:52:59Z,2026-06-27T20:17:28Z,27.41
RG30 4BG,SEPD,LV,1,TM8194,35,2026-06-26T16:52:59Z,2026-06-27T20:17:28Z,27.41
RG30 4PQ,SEPD,LV,1,TM8194,35,2026-06-26T16:52:59Z,2026-06-27T20:17:28Z,27.41
RG12 0TY,SEPD,LV,2,"TM3327,TM5778",48,2026-06-25T08:03:23Z,2026-06-26T14:46:38Z,26.75
RG12 0TZ,SEPD,LV,2,"TM3327,TM5778",48,2026-06-25T08:03:23Z,2026-06-26T14:46:38Z,26.75
RG12 0TL,SEPD,LV,1,TK9264,34,2026-06-23T11:50:26Z,2026-06-24T13:52:53Z,26.04
RG12 0UD,SEPD,LV,1,TK9264,34,2026-06-23T11:50:26Z,2026-06-24T13:52:53Z,26.04
RG12 0UN,SEPD,LV,1,TK9264,34,2026-06-23T11:50:26Z,2026-06-24T13:52:53Z,26.04
RG12 0UP,SEPD,LV,1,TK9264,34,2026-06-23T11:50:26Z,2026-06-24T13:52:53Z,26.04
SL7 3LX,SEPD,"LV,HV",2,"TM2085,TN0210",134,2026-06-24T18:12:03Z,2026-06-27T22:43:12Z,24.92
SL7 3NR,SEPD,"LV,HV",2,"TM2085,TN0210",134,2026-06-24T18:12:03Z,2026-06-27T22:43:12Z,24.92
SL7 3NX,SEPD,"LV,HV",2,"TM2085,TN0210",134,2026-06-24T18:12:03Z,2026-06-27T22:43:12Z,24.92
SL7 3NY,SEPD,"LV,HV",2,"TM2085,TN0210",134,2026-06-24T18:12:03Z,2026-06-27T22:43:12Z,24.92
SL7 3NZ,SEPD,"LV,HV",2,"TM2085,TN0210",134,2026-06-24T18:12:03Z,2026-06-27T22:43:12Z,24.92
RG4 8LH,SEPD,LV,2,"TM3244,TM4863",24,2026-06-25T04:38:26Z,2026-06-26T12:04:15Z,24.33
RG4 8LW,SEPD,LV,2,"TM3244,TM4863",24,2026-06-25T04:38:26Z,2026-06-26T12:04:15Z,24.33
RG4 8QD,SEPD,LV,2,"TM3244,TM4863",24,2026-06-25T04:38:26Z,2026-06-26T12:04:15Z,24.33
UB5 5PX,SEPD,LV,1,TM9557,19,2026-06-27T11:17:03Z,2026-06-28T11:28:15Z,24.19
UB5 5QE,SEPD,LV,1,TM9557,19,2026-06-27T11:17:03Z,2026-06-28T11:28:15Z,24.19
UB5 5UA,SEPD,LV,1,TM9557,19,2026-06-27T11:17:03Z,2026-06-28T11:28:15Z,24.19
UB5 5UF,SEPD,LV,1,TM9557,19,2026-06-27T11:17:03Z,2026-06-28T11:28:15Z,24.19
SP3 5BS,SEPD,HV,2,"TK8622,TM1629",60,2026-06-23T01:26:30Z,2026-06-24T13:52:53Z,24.09
SP3 5SA,SEPD,HV,2,"TK8622,TM1629",60,2026-06-23T01:26:30Z,2026-06-24T13:52:53Z,24.09
SP3 5SB,SEPD,HV,2,"TK8622,TM1629",60,2026-06-23T01:26:30Z,2026-06-24T13:52:53Z,24.09
SP3 5SD,SEPD,HV,2,"TK8622,TM1629",60,2026-06-23T01:26:30Z,2026-06-24T13:52:53Z,24.09
SP3 6NG,SEPD,HV,2,"TK8622,TM1629",60,2026-06-23T01:26:30Z,2026-06-24T13:52:53Z,24.09
PA22 3AR,SHEPD,"LV,HV",3,"TM7964,TM8625,TM8631",150,2026-06-26T16:52:59Z,2026-06-27T15:43:15Z,24.03
BH12 3JN,SEPD,LV,1,TM2263,21,2026-06-24T18:12:03Z,2026-06-25T17:57:46Z,23.76
BH12 3LY,SEPD,LV,1,TM2263,21,2026-06-24T18:12:03Z,2026-06-25T17:57:46Z,23.76
BH12 4NG,SEPD,LV,1,TM2263,21,2026-06-24T18:12:03Z,2026-06-25T17:57:46Z,23.76
BH12 4QR,SEPD,LV,1,TM2263,21,2026-06-24T18:12:03Z,2026-06-25T17:57:46Z,23.76
BH12 4QZ,SEPD,LV,1,TM2263,21,2026-06-24T18:12:03Z,2026-06-25T17:57:46Z,23.76
UB3 5LD,SEPD,LV,1,TK9671,28,2026-06-23T14:14:17Z,2026-06-24T13:52:53Z,23.64
UB3 5LX,SEPD,LV,1,TK9671,28,2026-06-23T14:14:17Z,2026-06-24T13:52:53Z,23.64
UB3 5LY,SEPD,LV,1,TK9671,28,2026-06-23T14:14:17Z,2026-06-24T13:52:53Z,23.64
UB3 5NL,SEPD,LV,1,TK9671,28,2026-06-23T14:14:17Z,2026-06-24T13:52:53Z,23.64
SN14 7BS,SEPD,HV,1,TK8230,3,2026-06-22T19:46:47Z,2026-06-23T18:57:17Z,23.17
RG22 4JN,SEPD,LV,3,"TK9491,TM2999,TN0994",71,2026-06-23T14:14:17Z,2026-06-28T18:49:26Z,22.61
SL8 5RG,SEPD,"HV,LV",2,"TM1909,TM8780",15,2026-06-24T16:12:37Z,2026-06-26T22:56:10Z,22.16
RG10,SEPD,"PSI,HV",4,"251786,252289,TM1992,TM9849",211,2026-06-22T11:21:18Z,2026-06-27T15:43:15Z,21.38
PA78 6TA,SHEPD,HV,1,TM6364,25,2026-06-26T01:38:09Z,2026-06-26T22:56:10Z,21.3
PA78 6TE,SHEPD,HV,1,TM6364,25,2026-06-26T01:38:09Z,2026-06-26T22:56:10Z,21.3
UB3 5NE,SEPD,LV,1,TK9671,28,2026-06-23T16:44:49Z,2026-06-24T13:52:53Z,21.13
GU35 9EE,SEPD,LV,1,TM1714,14,2026-06-24T16:12:37Z,2026-06-25T13:10:43Z,20.97
GU35 9HD,SEPD,LV,1,TM1714,14,2026-06-24T16:12:37Z,2026-06-25T13:10:43Z,20.97
SL6 9QH,SEPD,HV,1,TM1909,12,2026-06-24T16:12:37Z,2026-06-25T13:10:43Z,20.97
SL6 9QJ,SEPD,HV,1,TM1909,12,2026-06-24T16:12:37Z,2026-06-25T13:10:43Z,20.97
SL6 9QL,SEPD,HV,1,TM1909,12,2026-06-24T16:12:37Z,2026-06-25T13:10:43Z,20.97
SL6 9QN,SEPD,HV,1,TM1909,12,2026-06-24T16:12:37Z,2026-06-25T13:10:43Z,20.97
SL6 9QQ,SEPD,HV,1,TM1909,12,2026-06-24T16:12:37Z,2026-06-25T13:10:43Z,20.97
SL6 9RX,SEPD,HV,1,TM1909,12,2026-06-24T16:12:37Z,2026-06-25T13:10:43Z,20.97
SL6 9SB,SEPD,HV,1,TM1909,12,2026-06-24T16:12:37Z,2026-06-25T13:10:43Z,20.97
SL6 9SD,SEPD,HV,1,TM1909,12,2026-06-24T16:12:37Z,2026-06-25T13:10:43Z,20.97
SL6 9SE,SEPD,HV,1,TM1909,12,2026-06-24T16:12:37Z,2026-06-25T13:10:43Z,20.97
SL6 9SF,SEPD,HV,1,TM1909,12,2026-06-24T16:12:37Z,2026-06-25T13:10:43Z,20.97
SL6 9SG,SEPD,HV,1,TM1909,12,2026-06-24T16:12:37Z,2026-06-25T13:10:43Z,20.97
SL6 9SJ,SEPD,HV,1,TM1909,12,2026-06-24T16:12:37Z,2026-06-25T13:10:43Z,20.97
SL6 9SL,SEPD,HV,1,TM1909,12,2026-06-24T16:12:37Z,2026-06-25T13:10:43Z,20.97
SL6 9TA,SEPD,HV,1,TM1909,12,2026-06-24T16:12:37Z,2026-06-25T13:10:43Z,20.97
RG10 0RS,SEPD,HV,2,"TM1992,TM9849",135,2026-06-24T18:12:03Z,2026-06-27T16:48:13Z,20.06
RG40 3BP,SEPD,HV,1,TM0281,37,2026-06-23T21:04:28Z,2026-06-24T16:12:37Z,19.14
RG40 3BQ,SEPD,HV,1,TM0281,37,2026-06-23T21:04:28Z,2026-06-24T16:12:37Z,19.14
RG40 3BS,SEPD,HV,1,TM0281,37,2026-06-23T21:04:28Z,2026-06-24T16:12:37Z,19.14
RG40 3BT,SEPD,HV,1,TM0281,37,2026-06-23T21:04:28Z,2026-06-24T16:12:37Z,19.14
RG40 3BU,SEPD,HV,1,TM0281,37,2026-06-23T21:04:28Z,2026-06-24T16:12:37Z,19.14
RG40 3BX,SEPD,HV,1,TM0281,37,2026-06-23T21:04:28Z,2026-06-24T16:12:37Z,19.14
RG40 3EH,SEPD,HV,1,TM0281,37,2026-06-23T21:04:28Z,2026-06-24T16:12:37Z,19.14
RG40 4HT,SEPD,HV,1,TM0281,37,2026-06-23T21:04:28Z,2026-06-24T16:12:37Z,19.14
PO12 2NE,SEPD,LV,1,TN0336,11,2026-06-27T23:44:01Z,2026-06-28T18:49:26Z,19.09
PO12 2NF,SEPD,LV,1,TN0336,11,2026-06-27T23:44:01Z,2026-06-28T18:49:26Z,19.09
PO12 2NG,SEPD,LV,1,TN0336,11,2026-06-27T23:44:01Z,2026-06-28T18:49:26Z,19.09
PO12 2NQ,SEPD,LV,1,TN0336,11,2026-06-27T23:44:01Z,2026-06-28T18:49:26Z,19.09
RG10 0DT,SEPD,HV,2,"TM1992,TM9849",135,2026-06-24T18:12:03Z,2026-06-27T15:43:15Z,18.98
RG10 0RB,SEPD,HV,2,"TM1992,TM9849",135,2026-06-24T18:12:03Z,2026-06-27T15:43:15Z,18.98
RG10 0RD,SEPD,HV,2,"TM1992,TM9849",135,2026-06-24T18:12:03Z,2026-06-27T15:43:15Z,18.98
RG10 0RE,SEPD,HV,2,"TM1992,TM9849",135,2026-06-24T18:12:03Z,2026-06-27T15:43:15Z,18.98
RG10 0RJ,SEPD,HV,2,"TM1992,TM9849",135,2026-06-24T18:12:03Z,2026-06-27T15:43:15Z,18.98
RG10 0RL,SEPD,HV,2,"TM1992,TM9849",135,2026-06-24T18:12:03Z,2026-06-27T15:43:15Z,18.98
RG10 0RN,SEPD,HV,2,"TM1992,TM9849",135,2026-06-24T18:12:03Z,2026-06-27T15:43:15Z,18.98
RG10 0RP,SEPD,HV,2,"TM1992,TM9849",135,2026-06-24T18:12:03Z,2026-06-27T15:43:15Z,18.98
RG10 0RQ,SEPD,HV,2,"TM1992,TM9849",135,2026-06-24T18:12:03Z,2026-06-27T15:43:15Z,18.98
RG10 0RR,SEPD,HV,2,"TM1992,TM9849",135,2026-06-24T18:12:03Z,2026-06-27T15:43:15Z,18.98
RG10 0RU,SEPD,HV,2,"TM1992,TM9849",135,2026-06-24T18:12:03Z,2026-06-27T15:43:15Z,18.98
RG10 0RW,SEPD,HV,2,"TM1992,TM9849",135,2026-06-24T18:12:03Z,2026-06-27T15:43:15Z,18.98
RG10 0RX,SEPD,HV,2,"TM1992,TM9849",135,2026-06-24T18:12:03Z,2026-06-27T15:43:15Z,18.98
RG10 0TD,SEPD,HV,2,"TM1992,TM9849",135,2026-06-24T18:12:03Z,2026-06-27T15:43:15Z,18.98
SO21 3JP,SEPD,LV,1,TM1899,49,2026-06-24T18:12:03Z,2026-06-25T13:10:43Z,18.98
SO22,SEPD,LV,1,TM1899,49,2026-06-24T18:12:03Z,2026-06-25T13:10:43Z,18.98
SO22 5GW,SEPD,LV,1,TM1899,49,2026-06-24T18:12:03Z,2026-06-25T13:10:43Z,18.98
SO22 5JF,SEPD,LV,1,TM1899,49,2026-06-24T18:12:03Z,2026-06-25T13:10:43Z,18.98
SO22 5JZ,SEPD,LV,1,TM1899,49,2026-06-24T18:12:03Z,2026-06-25T13:10:43Z,18.98
SO22 5LE,SEPD,LV,1,TM1899,49,2026-06-24T18:12:03Z,2026-06-25T13:10:43Z,18.98
SO22 5NB,SEPD,LV,1,TM1899,49,2026-06-24T18:12:03Z,2026-06-25T13:10:43Z,18.98
SO22 5PA,SEPD,LV,1,TM1899,49,2026-06-24T18:12:03Z,2026-06-25T13:10:43Z,18.98
SO22 5QY,SEPD,LV,1,TM1899,49,2026-06-24T18:12:03Z,2026-06-25T13:10:43Z,18.98
SO22 6AQ,SEPD,LV,1,TM1899,49,2026-06-24T18:12:03Z,2026-06-25T13:10:43Z,18.98
SO22 6AR,SEPD,LV,1,TM1899,49,2026-06-24T18:12:03Z,2026-06-25T13:10:43Z,18.98
SO22 6BD,SEPD,LV,1,TM1899,49,2026-06-24T18:12:03Z,2026-06-25T13:10:43Z,18.98
SO22 6EN,SEPD,LV,1,TM1899,49,2026-06-24T18:12:03Z,2026-06-25T13:10:43Z,18.98
SO22 6RH,SEPD,LV,1,TM1899,49,2026-06-24T18:12:03Z,2026-06-25T13:10:43Z,18.98
SO22 6RJ,SEPD,LV,1,TM1899,49,2026-06-24T18:12:03Z,2026-06-25T13:10:43Z,18.98
SO22 6RP,SEPD,LV,1,TM1899,49,2026-06-24T18:12:03Z,2026-06-25T13:10:43Z,18.98
SO22 6RQ,SEPD,LV,1,TM1899,49,2026-06-24T18:12:03Z,2026-06-25T13:10:43Z,18.98
GU11 3JD,SEPD,LV,1,TM0158,41,2026-06-23T18:57:17Z,2026-06-24T13:52:53Z,18.93
GU11 3NP,SEPD,LV,1,TM0158,41,2026-06-23T18:57:17Z,2026-06-24T13:52:53Z,18.93
SL3 6BL,SEPD,LV,1,TM0158,41,2026-06-23T18:57:17Z,2026-06-24T13:52:53Z,18.93
SL3 6DW,SEPD,LV,1,TM0158,41,2026-06-23T18:57:17Z,2026-06-24T13:52:53Z,18.93
SL3 6RA,SEPD,LV,1,TM0158,41,2026-06-23T18:57:17Z,2026-06-24T13:52:53Z,18.93
SL3 6RD,SEPD,LV,1,TM0158,41,2026-06-23T18:57:17Z,2026-06-24T13:52:53Z,18.93
SL3 6RE,SEPD,LV,1,TM0158,41,2026-06-23T18:57:17Z,2026-06-24T13:52:53Z,18.93
SL3 6RG,SEPD,LV,1,TM0158,41,2026-06-23T18:57:17Z,2026-06-24T13:52:53Z,18.93
SL3 6RL,SEPD,LV,1,TM0158,41,2026-06-23T18:57:17Z,2026-06-24T13:52:53Z,18.93
SL3 6RN,SEPD,LV,1,TM0158,41,2026-06-23T18:57:17Z,2026-06-24T13:52:53Z,18.93
SL3 6RQ,SEPD,LV,1,TM0158,41,2026-06-23T18:57:17Z,2026-06-24T13:52:53Z,18.93
UB7 0ED,SEPD,LV,2,"TK8770,TK9636",7,2026-06-23T08:50:42Z,2026-06-24T08:46:30Z,18.54
SP3 5RN,SEPD,"LV,HV",2,"TM4677,TM4930",22,2026-06-25T17:57:46Z,2026-06-26T14:46:38Z,18.49
SP3 5RW,SEPD,"LV,HV",2,"TM4677,TM4930",22,2026-06-25T17:57:46Z,2026-06-26T14:46:38Z,18.49
SL1 7HD,SEPD,LV,1,TM4879,23,2026-06-25T20:16:59Z,2026-06-26T14:46:38Z,18.49
SL1 7HE,SEPD,LV,1,TM4879,23,2026-06-25T20:16:59Z,2026-06-26T14:46:38Z,18.49
SL1 7LD,SEPD,LV,1,TM4879,23,2026-06-25T20:16:59Z,2026-06-26T14:46:38Z,18.49
SL1 8BZ,SEPD,LV,1,TM4879,23,2026-06-25T20:16:59Z,2026-06-26T14:46:38Z,18.49
SL1 8DD,SEPD,LV,1,TM4879,23,2026-06-25T20:16:59Z,2026-06-26T14:46:38Z,18.49
SP3 6ND,SEPD,HV,1,TM4930,19,2026-06-25T20:16:59Z,2026-06-26T14:46:38Z,18.49
GU34 2BG,SEPD,LV,2,"TM6511,TM8976",65,2026-06-26T01:38:09Z,2026-06-27T14:19:30Z,18.33
HP13 6DA,SEPD,LV,1,TM1559,18,2026-06-24T13:52:53Z,2026-06-25T08:03:23Z,18.18
HP13 6DR,SEPD,LV,1,TM1559,18,2026-06-24T13:52:53Z,2026-06-25T08:03:23Z,18.18
HP13 6DX,SEPD,LV,1,TM1559,18,2026-06-24T13:52:53Z,2026-06-25T08:03:23Z,18.18
HP13 6EB,SEPD,LV,1,TM1559,18,2026-06-24T13:52:53Z,2026-06-25T08:03:23Z,18.18
HP13 6EE,SEPD,LV,1,TM1559,18,2026-06-24T13:52:53Z,2026-06-25T08:03:23Z,18.18
SO30 0FD,SEPD,LV,1,TM3260,26,2026-06-25T08:03:23Z,2026-06-26T01:38:09Z,17.58
SO30 0FF,SEPD,LV,1,TM3260,26,2026-06-25T08:03:23Z,2026-06-26T01:38:09Z,17.58
SO30 0PD,SEPD,LV,1,TM3260,26,2026-06-25T08:03:23Z,2026-06-26T01:38:09Z,17.58
SO30 0PE,SEPD,LV,1,TM3260,26,2026-06-25T08:03:23Z,2026-06-26T01:38:09Z,17.58
SO30 0PF,SEPD,LV,1,TM3260,26,2026-06-25T08:03:23Z,2026-06-26T01:38:09Z,17.58
IV51 9JU,SHEPD,"HV,LV",2,"TM6776,TM9188",72,2026-06-26T09:45:43Z,2026-06-27T09:50:09Z,17.31
IV51 9JY,SHEPD,"HV,LV",2,"TM6776,TM9188",72,2026-06-26T09:45:43Z,2026-06-27T09:50:09Z,17.31
SO41 0BG,SEPD,HV,1,TM2529,74,2026-06-24T20:11:22Z,2026-06-25T13:10:43Z,16.99
SO41 0BQ,SEPD,HV,1,TM2529,74,2026-06-24T20:11:22Z,2026-06-25T13:10:43Z,16.99
SO41 0ED,SEPD,HV,1,TM2529,74,2026-06-24T20:11:22Z,2026-06-25T13:10:43Z,16.99
SO41 0JD,SEPD,HV,1,TM2529,74,2026-06-24T20:11:22Z,2026-06-25T13:10:43Z,16.99
SO41 0JE,SEPD,HV,1,TM2529,74,2026-06-24T20:11:22Z,2026-06-25T13:10:43Z,16.99
SO41 0JF,SEPD,HV,1,TM2529,74,2026-06-24T20:11:22Z,2026-06-25T13:10:43Z,16.99
SO41 0JH,SEPD,HV,1,TM2529,74,2026-06-24T20:11:22Z,2026-06-25T13:10:43Z,16.99
SO41 0JJ,SEPD,HV,1,TM2529,74,2026-06-24T20:11:22Z,2026-06-25T13:10:43Z,16.99
SO41 0LZ,SEPD,HV,1,TM2529,74,2026-06-24T20:11:22Z,2026-06-25T13:10:43Z,16.99
GU35 0AU,SEPD,LV,3,"TM2776,TM3636,TM4800",54,2026-06-24T21:47:02Z,2026-06-26T12:04:15Z,16.94
GU35 0AY,SEPD,LV,3,"TM2776,TM3636,TM4800",54,2026-06-24T21:47:02Z,2026-06-26T12:04:15Z,16.94
GU35 0BA,SEPD,LV,3,"TM2776,TM3636,TM4800",54,2026-06-24T21:47:02Z,2026-06-26T12:04:15Z,16.94
GU35 0TQ,SEPD,LV,3,"TM2776,TM3636,TM4800",54,2026-06-24T21:47:02Z,2026-06-26T12:04:15Z,16.94
SL2 5BE,SEPD,LV,1,TN0374,62,2026-06-28T01:58:06Z,2026-06-28T18:49:26Z,16.86
SP3 5LU,SEPD,HV,1,TM4930,19,2026-06-25T21:55:57Z,2026-06-26T14:46:38Z,16.84
SP3 5LX,SEPD,HV,1,TM4930,19,2026-06-25T21:55:57Z,2026-06-26T14:46:38Z,16.84
IV51 9JS,SHEPD,"HV,LV",3,"TM6776,TM9782,TN1157",75,2026-06-26T09:45:43Z,2026-06-28T14:53:17Z,16.7
IV51 9JT,SHEPD,"HV,LV",3,"TM6776,TM9782,TN1157",75,2026-06-26T09:45:43Z,2026-06-28T14:53:17Z,16.7
SL6 6BL,SEPD,LV,1,TK6436,20,2026-06-21T18:49:26Z,2026-06-22T11:21:18Z,16.53
SL6 6SA,SEPD,LV,1,TK6436,20,2026-06-21T18:49:26Z,2026-06-22T11:21:18Z,16.53
SL6 6SB,SEPD,LV,1,TK6436,20,2026-06-21T18:49:26Z,2026-06-22T11:21:18Z,16.53
SL6 6SL,SEPD,LV,1,TK6436,20,2026-06-21T18:49:26Z,2026-06-22T11:21:18Z,16.53
SL6 6SQ,SEPD,LV,1,TK6436,20,2026-06-21T18:49:26Z,2026-06-22T11:21:18Z,16.53
RG22 4HU,SEPD,LV,1,TM8733,34,2026-06-26T20:20:06Z,2026-06-27T12:47:44Z,16.46
RG22 4HX,SEPD,LV,1,TM8733,34,2026-06-26T20:20:06Z,2026-06-27T12:47:44Z,16.46
PA67 6DG,SHEPD,HV,2,"TM7678,TM8644",355,2026-06-26T12:04:15Z,2026-06-27T09:50:09Z,15.39
PA67 6DQ,SHEPD,HV,1,TM8644,11,2026-06-26T18:27:01Z,2026-06-27T09:50:09Z,15.39
PA67 6DW,SHEPD,HV,1,TM8644,11,2026-06-26T18:27:01Z,2026-06-27T09:50:09Z,15.39
RG22 4JF,SEPD,LV,2,"TK9491,TM2999",50,2026-06-23T14:14:17Z,2026-06-25T10:51:36Z,15.26
RG22 4JW,SEPD,LV,2,"TK9491,TM2999",50,2026-06-23T14:14:17Z,2026-06-25T10:51:36Z,15.26
GU14 9SE,SEPD,LV,1,TN0332,25,2026-06-27T23:44:01Z,2026-06-28T14:53:17Z,15.15
GU14 9SG,SEPD,LV,1,TN0332,25,2026-06-27T23:44:01Z,2026-06-28T14:53:17Z,15.15
GU14 9SQ,SEPD,LV,1,TN0332,25,2026-06-27T23:44:01Z,2026-06-28T14:53:17Z,15.15
GU14 9TD,SEPD,LV,1,TN0332,25,2026-06-27T23:44:01Z,2026-06-28T14:53:17Z,15.15
OX14 3TT,SEPD,LV,1,TK8595,15,2026-06-22T23:14:55Z,2026-06-23T14:14:17Z,14.99
OX14 3UT,SEPD,LV,1,TK8595,15,2026-06-22T23:14:55Z,2026-06-23T14:14:17Z,14.99
OX14 3UW,SEPD,LV,1,TK8595,15,2026-06-22T23:14:55Z,2026-06-23T14:14:17Z,14.99
OX14 3XG,SEPD,LV,1,TK8595,15,2026-06-22T23:14:55Z,2026-06-23T14:14:17Z,14.99
OX4 1JJ,SEPD,LV,3,"TK6520,TK6992,TK7814",45,2026-06-21T18:50:32Z,2026-06-23T01:26:30Z,14.79
OX4 1PZ,SEPD,LV,3,"TK6520,TK6992,TK7814",45,2026-06-21T18:50:32Z,2026-06-23T01:26:30Z,14.79
OX4 1QA,SEPD,LV,3,"TK6520,TK6992,TK7814",45,2026-06-21T18:50:32Z,2026-06-23T01:26:30Z,14.79
OX4 1QB,SEPD,LV,3,"TK6520,TK6992,TK7814",45,2026-06-21T18:50:32Z,2026-06-23T01:26:30Z,14.79
OX4 1QG,SEPD,LV,3,"TK6520,TK6992,TK7814",45,2026-06-21T18:50:32Z,2026-06-23T01:26:30Z,14.79
OX4 1UT,SEPD,LV,3,"TK6520,TK6992,TK7814",45,2026-06-21T18:50:32Z,2026-06-23T01:26:30Z,14.79
SL6 8DW,SEPD,LV,2,"TM3058,TM3326",28,2026-06-25T00:19:00Z,2026-06-26T01:38:09Z,14.78
SL6 8PR,SEPD,LV,2,"TM3058,TM3326",28,2026-06-25T00:19:00Z,2026-06-26T01:38:09Z,14.78
SL6 8PZ,SEPD,LV,2,"TM3058,TM3326",28,2026-06-25T00:19:00Z,2026-06-26T01:38:09Z,14.78
SL6 8QA,SEPD,LV,2,"TM3058,TM3326",28,2026-06-25T00:19:00Z,2026-06-26T01:38:09Z,14.78
SL6 8QD,SEPD,LV,2,"TM3058,TM3326",28,2026-06-25T00:19:00Z,2026-06-26T01:38:09Z,14.78
SL6 8QE,SEPD,LV,2,"TM3058,TM3326",28,2026-06-25T00:19:00Z,2026-06-26T01:38:09Z,14.78
SL6 8QP,SEPD,LV,2,"TM3058,TM3326",28,2026-06-25T00:19:00Z,2026-06-26T01:38:09Z,14.78
RH20 1DX,SEPD,LV,1,TN0002,14,2026-06-27T19:02:34Z,2026-06-28T09:47:12Z,14.74
RH20 1EH,SEPD,LV,1,TN0002,14,2026-06-27T19:02:34Z,2026-06-28T09:47:12Z,14.74
RH20 1EJ,SEPD,LV,1,TN0002,14,2026-06-27T19:02:34Z,2026-06-28T09:47:12Z,14.74
RH20 1EL,SEPD,LV,1,TN0002,14,2026-06-27T19:02:34Z,2026-06-28T09:47:12Z,14.74
RH20 1EN,SEPD,LV,1,TN0002,14,2026-06-27T19:02:34Z,2026-06-28T09:47:12Z,14.74
RH20 1EP,SEPD,LV,1,TN0002,14,2026-06-27T19:02:34Z,2026-06-28T09:47:12Z,14.74
RH20 1EW,SEPD,LV,1,TN0002,14,2026-06-27T19:02:34Z,2026-06-28T09:47:12Z,14.74
SO41 0TU,SEPD,HV,1,TM2529,74,2026-06-24T20:11:22Z,2026-06-25T10:51:36Z,14.67
SO41 0TW,SEPD,HV,1,TM2529,74,2026-06-24T20:11:22Z,2026-06-25T10:51:36Z,14.67
SO41 0TX,SEPD,HV,1,TM2529,74,2026-06-24T20:11:22Z,2026-06-25T10:51:36Z,14.67
RG7 4LB,SEPD,HV,1,TM6856,90,2026-06-26T05:55:31Z,2026-06-26T20:20:06Z,14.41
RG7 4LG,SEPD,HV,1,TM6856,90,2026-06-26T05:55:31Z,2026-06-26T20:20:06Z,14.41
RG7 4LH,SEPD,HV,1,TM6856,90,2026-06-26T05:55:31Z,2026-06-26T20:20:06Z,14.41
RG7 4LQ,SEPD,HV,1,TM6856,90,2026-06-26T05:55:31Z,2026-06-26T20:20:06Z,14.41
RG7 5FH,SEPD,HV,1,TM6856,90,2026-06-26T05:55:31Z,2026-06-26T20:20:06Z,14.41
RG7 5FL,SEPD,HV,1,TM6856,90,2026-06-26T05:55:31Z,2026-06-26T20:20:06Z,14.41
RG7 5QA,SEPD,HV,1,TM6856,90,2026-06-26T05:55:31Z,2026-06-26T20:20:06Z,14.41
RG7 5QB,SEPD,HV,1,TM6856,90,2026-06-26T05:55:31Z,2026-06-26T20:20:06Z,14.41
RG7 5QG,SEPD,HV,1,TM6856,90,2026-06-26T05:55:31Z,2026-06-26T20:20:06Z,14.41
RG7 5RH,SEPD,HV,1,TM6856,90,2026-06-26T05:55:31Z,2026-06-26T20:20:06Z,14.41
RG7 5RL,SEPD,HV,1,TM6856,90,2026-06-26T05:55:31Z,2026-06-26T20:20:06Z,14.41
RG7 5RP,SEPD,HV,1,TM6856,90,2026-06-26T05:55:31Z,2026-06-26T20:20:06Z,14.41
RG7 5RR,SEPD,HV,1,TM6856,90,2026-06-26T05:55:31Z,2026-06-26T20:20:06Z,14.41
RG7 5RT,SEPD,HV,1,TM6856,90,2026-06-26T05:55:31Z,2026-06-26T20:20:06Z,14.41
GU34 2BH,SEPD,LV,1,TM8976,33,2026-06-27T00:17:17Z,2026-06-27T14:19:30Z,14.04
GU34 2EW,SEPD,LV,1,TM8976,33,2026-06-27T00:17:17Z,2026-06-27T14:19:30Z,14.04
SN13 8AU,SEPD,"LV,HV",2,"TK8326,TK8535",42,2026-06-22T19:46:47Z,2026-06-23T11:50:26Z,13.96
SN13 8AX,SEPD,"LV,HV",2,"TK8326,TK8535",42,2026-06-22T19:46:47Z,2026-06-23T11:50:26Z,13.96
SN13 8AZ,SEPD,"LV,HV",2,"TK8326,TK8535",42,2026-06-22T19:46:47Z,2026-06-23T11:50:26Z,13.96
SN13 8AR,SEPD,HV,1,TK8535,36,2026-06-22T21:52:49Z,2026-06-23T11:50:26Z,13.96
SN13 8BA,SEPD,HV,1,TK8535,36,2026-06-22T21:52:49Z,2026-06-23T11:50:26Z,13.96
SN13 8BB,SEPD,HV,1,TK8535,36,2026-06-22T21:52:49Z,2026-06-23T11:50:26Z,13.96
SO41 0FG,SEPD,HV,1,TM0195,45,2026-06-23T18:57:17Z,2026-06-24T08:46:30Z,13.82
SO41 0FJ,SEPD,HV,1,TM0195,45,2026-06-23T18:57:17Z,2026-06-24T08:46:30Z,13.82
GU20 6EN,SEPD,LV,1,TK8808,13,2026-06-23T08:50:42Z,2026-06-23T22:37:40Z,13.78
GU20 6EP,SEPD,LV,1,TK8808,13,2026-06-23T08:50:42Z,2026-06-23T22:37:40Z,13.78
GU20 6EW,SEPD,LV,1,TK8808,13,2026-06-23T08:50:42Z,2026-06-23T22:37:40Z,13.78
GU20 6EX,SEPD,LV,1,TK8808,13,2026-06-23T08:50:42Z,2026-06-23T22:37:40Z,13.78
GU20 6HZ,SEPD,LV,1,TK8808,13,2026-06-23T08:50:42Z,2026-06-23T22:37:40Z,13.78
SN8 2PP,SEPD,"HV,LV",5,"TM8673,TM9005,TM9448,TM9452,TM9469",314,2026-06-26T20:20:06Z,2026-06-27T11:17:03Z,13.6
SN8 2PJ,SEPD,"HV,LV",3,"TM8673,TM9005,TM9469",306,2026-06-26T20:20:06Z,2026-06-27T11:17:03Z,13.6
SN8 2PL,SEPD,"HV,LV",3,"TM8673,TM9005,TM9469",306,2026-06-26T20:20:06Z,2026-06-27T11:17:03Z,13.6
SN8 2PN,SEPD,"HV,LV",3,"TM8673,TM9005,TM9469",306,2026-06-26T20:20:06Z,2026-06-27T11:17:03Z,13.6
SN8 2PR,SEPD,"HV,LV",3,"TM8673,TM9005,TM9469",306,2026-06-26T20:20:06Z,2026-06-27T11:17:03Z,13.6
SN8 2PW,SEPD,"HV,LV",3,"TM8673,TM9005,TM9460",294,2026-06-26T20:20:06Z,2026-06-27T11:17:03Z,13.6
SN8 2QD,SEPD,"HV,LV",3,"TM8673,TM9005,TM9452",296,2026-06-26T20:20:06Z,2026-06-27T11:17:03Z,13.6
SN8 2QE,SEPD,"HV,LV",3,"TM8673,TM9005,TM9448",294,2026-06-26T20:20:06Z,2026-06-27T11:17:03Z,13.6
SN8 2QF,SEPD,"HV,LV",3,"TM8673,TM9005,TM9469",306,2026-06-26T20:20:06Z,2026-06-27T11:17:03Z,13.6
SN8 2QB,SEPD,HV,2,"TM8673,TM9005",291,2026-06-26T20:20:06Z,2026-06-27T11:17:03Z,13.6
OX11 9JS,SEPD,HV,1,TN0037,127,2026-06-27T20:17:28Z,2026-06-28T09:47:12Z,13.5
OX11 9JU,SEPD,HV,1,TN0037,127,2026-06-27T20:17:28Z,2026-06-28T09:47:12Z,13.5
OX11 9JX,SEPD,HV,1,TN0037,127,2026-06-27T20:17:28Z,2026-06-28T09:47:12Z,13.5
OX11 9JY,SEPD,HV,1,TN0037,127,2026-06-27T20:17:28Z,2026-06-28T09:47:12Z,13.5
OX11 9JZ,SEPD,HV,1,TN0037,127,2026-06-27T20:17:28Z,2026-06-28T09:47:12Z,13.5
OX11 9TA,SEPD,HV,1,TN0037,127,2026-06-27T20:17:28Z,2026-06-28T09:47:12Z,13.5
UB5 4TF,SEPD,LV,1,TN0026,30,2026-06-27T20:17:28Z,2026-06-28T09:47:12Z,13.5
UB5 4TG,SEPD,LV,1,TN0026,30,2026-06-27T20:17:28Z,2026-06-28T09:47:12Z,13.5
UB5 4TJ,SEPD,LV,1,TN0026,30,2026-06-27T20:17:28Z,2026-06-28T09:47:12Z,13.5
UB5 4TL,SEPD,LV,1,TN0026,30,2026-06-27T20:17:28Z,2026-06-28T09:47:12Z,13.5
BH23 4TB,SEPD,LV,1,TM3229,42,2026-06-25T04:38:26Z,2026-06-25T17:57:46Z,13.32
BH23 4TF,SEPD,LV,1,TM3229,42,2026-06-25T04:38:26Z,2026-06-25T17:57:46Z,13.32
BH23 4TG,SEPD,LV,1,TM3229,42,2026-06-25T04:38:26Z,2026-06-25T17:57:46Z,13.32
BH23 4TH,SEPD,LV,1,TM3229,42,2026-06-25T04:38:26Z,2026-06-25T17:57:46Z,13.32
BH23 4TZ,SEPD,LV,1,TM3229,42,2026-06-25T04:38:26Z,2026-06-25T17:57:46Z,13.32
BH23 4UE,SEPD,LV,1,TM3229,42,2026-06-25T04:38:26Z,2026-06-25T17:57:46Z,13.32
BH23 4UF,SEPD,LV,1,TM3229,42,2026-06-25T04:38:26Z,2026-06-25T17:57:46Z,13.32
BH23 4UG,SEPD,LV,1,TM3229,42,2026-06-25T04:38:26Z,2026-06-25T17:57:46Z,13.32
HP9 1EN,SEPD,LV,1,TM7055,6,2026-06-26T09:45:43Z,2026-06-26T22:56:10Z,13.17
BH9 2JQ,SEPD,LV,2,"TK6600,TM4564",62,2026-06-21T18:50:32Z,2026-06-26T01:38:09Z,13.15
SN13 9TD,SEPD,LV,1,TK8170,2,2026-06-22T19:46:47Z,2026-06-23T08:50:42Z,13.07
SN13 9TE,SEPD,LV,1,TK8170,2,2026-06-22T19:46:47Z,2026-06-23T08:50:42Z,13.07
SL0 0NY,SEPD,LV,1,TM0407,2,2026-06-23T22:37:40Z,2026-06-24T11:34:27Z,12.95
TW19 5EH,SEPD,LV,1,TM4992,5,2026-06-25T23:24:57Z,2026-06-26T12:04:15Z,12.66
TW19 5JP,SEPD,LV,1,TM4992,5,2026-06-25T23:24:57Z,2026-06-26T12:04:15Z,12.66
PO7 8HJ,SEPD,LV,1,TK8589,11,2026-06-22T23:14:55Z,2026-06-23T11:50:26Z,12.59
PO7 8HP,SEPD,LV,1,TK8589,11,2026-06-22T23:14:55Z,2026-06-23T11:50:26Z,12.59
DT11 8LJ,SEPD,HV,2,"TM2431,TM3884",266,2026-06-24T20:11:22Z,2026-06-25T23:24:57Z,12.56
DT11 8LN,SEPD,HV,2,"TM2431,TM3884",266,2026-06-24T20:11:22Z,2026-06-25T23:24:57Z,12.56
DT11 8QN,SEPD,HV,2,"TM2431,TM3884",266,2026-06-24T20:11:22Z,2026-06-25T23:24:57Z,12.56
DT11 8QU,SEPD,HV,2,"TM2431,TM3884",266,2026-06-24T20:11:22Z,2026-06-25T23:24:57Z,12.56
SO31 1AJ,SEPD,LV,1,TM8958,17,2026-06-27T00:17:17Z,2026-06-27T12:47:44Z,12.51
SO31 1BE,SEPD,LV,1,TM8958,17,2026-06-27T00:17:17Z,2026-06-27T12:47:44Z,12.51
SO31 1EP,SEPD,LV,1,TM8958,17,2026-06-27T00:17:17Z,2026-06-27T12:47:44Z,12.51
SO31 1EY,SEPD,LV,1,TM8958,17,2026-06-27T00:17:17Z,2026-06-27T12:47:44Z,12.51
DT3 4ET,SEPD,LV,1,TM1896,14,2026-06-24T16:12:37Z,2026-06-25T04:38:26Z,12.43
DT3 4HD,SEPD,LV,1,TM1896,14,2026-06-24T16:12:37Z,2026-06-25T04:38:26Z,12.43
DT3 4LH,SEPD,LV,1,TM1896,14,2026-06-24T16:12:37Z,2026-06-25T04:38:26Z,12.43
DT3 4LQ,SEPD,LV,1,TM1896,14,2026-06-24T16:12:37Z,2026-06-25T04:38:26Z,12.43
SL2 5BD,SEPD,LV,1,TN0374,62,2026-06-28T06:33:58Z,2026-06-28T18:49:26Z,12.26
SP6 2PP,SEPD,LV,1,TM2436,3,2026-06-25T08:03:23Z,2026-06-25T20:16:59Z,12.23
SN3 4UL,SEPD,LV,3,"TK6970,TM9341,TM9444",51,2026-06-22T05:36:30Z,2026-06-27T19:02:34Z,12.0
SN3 4UN,SEPD,LV,3,"TK6970,TM9341,TM9444",51,2026-06-22T05:36:30Z,2026-06-27T19:02:34Z,12.0
SN3 4UW,SEPD,LV,3,"TK6970,TM9341,TM9444",51,2026-06-22T05:36:30Z,2026-06-27T19:02:34Z,12.0
IV51 9HY,SHEPD,HV,1,TM6776,69,2026-06-26T09:45:43Z,2026-06-26T21:44:39Z,11.98
IV51 9JF,SHEPD,HV,1,TM6776,69,2026-06-26T09:45:43Z,2026-06-26T21:44:39Z,11.98
IV51 9JX,SHEPD,HV,1,TM6776,69,2026-06-26T09:45:43Z,2026-06-26T21:44:39Z,11.98
IV51 9QE,SHEPD,HV,1,TM6776,69,2026-06-26T09:45:43Z,2026-06-26T21:44:39Z,11.98
TW5 0PY,SEPD,LV,2,"TK8716,TM0044",42,2026-06-23T05:47:19Z,2026-06-24T01:31:51Z,11.84
TW5 0PZ,SEPD,LV,2,"TK8716,TM0044",42,2026-06-23T05:47:19Z,2026-06-24T01:31:51Z,11.84
SN3 6JF,SEPD,LV,1,TM5610,22,2026-06-25T21:55:57Z,2026-06-26T09:45:43Z,11.83
SN3 6JN,SEPD,LV,1,TM5610,22,2026-06-25T21:55:57Z,2026-06-26T09:45:43Z,11.83
SN3 6JP,SEPD,LV,1,TM5610,22,2026-06-25T21:55:57Z,2026-06-26T09:45:43Z,11.83
SN3 6JQ,SEPD,LV,1,TM5610,22,2026-06-25T21:55:57Z,2026-06-26T09:45:43Z,11.83
SN3 6JR,SEPD,LV,1,TM5610,22,2026-06-25T21:55:57Z,2026-06-26T09:45:43Z,11.83
SN3 6JW,SEPD,LV,1,TM5610,22,2026-06-25T21:55:57Z,2026-06-26T09:45:43Z,11.83
SL5 7JT,SEPD,HV,1,TM0308,35,2026-06-23T21:04:28Z,2026-06-24T08:46:30Z,11.7
SL5 7LH,SEPD,HV,1,TM0308,35,2026-06-23T21:04:28Z,2026-06-24T08:46:30Z,11.7
SL5 7LQ,SEPD,HV,1,TM0308,35,2026-06-23T21:04:28Z,2026-06-24T08:46:30Z,11.7
SL5 7PB,SEPD,HV,1,TM0308,35,2026-06-23T21:04:28Z,2026-06-24T08:46:30Z,11.7
W13 0SU,SEPD,LV,2,"TM3464,TM7073",25,2026-06-25T10:51:36Z,2026-06-26T18:27:01Z,11.29
PH1 1NT,SHEPD,LV,1,TM8704,10,2026-06-26T20:20:06Z,2026-06-27T07:36:57Z,11.28
W13 9JX,SEPD,LV,1,TK6618,32,2026-06-21T18:50:32Z,2026-06-22T05:36:30Z,10.77
W13 9LR,SEPD,LV,1,TK6618,32,2026-06-21T18:50:32Z,2026-06-22T05:36:30Z,10.77
W13 9LS,SEPD,LV,1,TK6618,32,2026-06-21T18:50:32Z,2026-06-22T05:36:30Z,10.77
W13 9LT,SEPD,LV,1,TK6618,32,2026-06-21T18:50:32Z,2026-06-22T05:36:30Z,10.77
W13 9LU,SEPD,LV,1,TK6618,32,2026-06-21T18:50:32Z,2026-06-22T05:36:30Z,10.77
W13 9PR,SEPD,LV,1,TK6618,32,2026-06-21T18:50:32Z,2026-06-22T05:36:30Z,10.77
W13 9PS,SEPD,LV,1,TK6618,32,2026-06-21T18:50:32Z,2026-06-22T05:36:30Z,10.77
W13 9PT,SEPD,LV,1,TK6618,32,2026-06-21T18:50:32Z,2026-06-22T05:36:30Z,10.77
OX25 5LS,SEPD,HV,2,"TM1795,TM2921",12,2026-06-24T16:12:37Z,2026-06-25T00:19:00Z,10.64
SO20 6HS,SEPD,"LV,HV",2,"TM2886,TM4015",51,2026-06-25T00:19:00Z,2026-06-25T13:10:43Z,10.54
BA13 3UE,SEPD,LV,1,TM3064,10,2026-06-25T00:19:00Z,2026-06-25T10:51:36Z,10.54
BA13 3UF,SEPD,LV,1,TM3064,10,2026-06-25T00:19:00Z,2026-06-25T10:51:36Z,10.54
BA13 3UH,SEPD,LV,1,TM3064,10,2026-06-25T00:19:00Z,2026-06-25T10:51:36Z,10.54
UB2 4SD,SEPD,LV,1,TK7061,3,2026-06-22T11:21:18Z,2026-06-22T21:52:49Z,10.53
BH20 6AL,SEPD,HV,2,"TM1612,TM2508",258,2026-06-24T13:52:53Z,2026-06-25T00:19:00Z,10.44
BH20 6AN,SEPD,HV,2,"TM1612,TM2508",258,2026-06-24T13:52:53Z,2026-06-25T00:19:00Z,10.44
BH20 6AW,SEPD,HV,2,"TM1612,TM2508",258,2026-06-24T13:52:53Z,2026-06-25T00:19:00Z,10.44
BH20 6HJ,SEPD,HV,2,"TM1612,TM2508",258,2026-06-24T13:52:53Z,2026-06-25T00:19:00Z,10.44
BA2 7TH,SEPD,HV,1,TM1611,29,2026-06-24T13:52:53Z,2026-06-25T00:19:00Z,10.44
BA2 7TJ,SEPD,HV,1,TM1611,29,2026-06-24T13:52:53Z,2026-06-25T00:19:00Z,10.44
BA2 7TQ,SEPD,HV,1,TM1611,29,2026-06-24T13:52:53Z,2026-06-25T00:19:00Z,10.44
BA3 6AZ,SEPD,HV,1,TM1611,29,2026-06-24T13:52:53Z,2026-06-25T00:19:00Z,10.44
PO11 0BX,SEPD,HV,1,TM2349,84,2026-06-24T18:12:03Z,2026-06-25T04:38:26Z,10.44
PO11 0BZ,SEPD,HV,1,TM2349,84,2026-06-24T18:12:03Z,2026-06-25T04:38:26Z,10.44
PO11 0DA,SEPD,HV,1,TM2349,84,2026-06-24T18:12:03Z,2026-06-25T04:38:26Z,10.44
PO11 0DF,SEPD,HV,1,TM2349,84,2026-06-24T18:12:03Z,2026-06-25T04:38:26Z,10.44
PO11 0DG,SEPD,HV,1,TM2349,84,2026-06-24T18:12:03Z,2026-06-25T04:38:26Z,10.44
PO11 0DQ,SEPD,HV,1,TM2349,84,2026-06-24T18:12:03Z,2026-06-25T04:38:26Z,10.44
BH23 6AD,SEPD,LV,1,TM5828,3,2026-06-26T01:38:09Z,2026-06-26T12:04:15Z,10.43
PA77 6TZ,SHEPD,HV,1,TM6421,2,2026-06-26T01:38:09Z,2026-06-26T12:04:15Z,10.43
PA77 6UF,SHEPD,HV,1,TM6421,2,2026-06-26T01:38:09Z,2026-06-26T12:04:15Z,10.43
KW1 5SE,SHEPD,HV,1,TM5880,5,2026-06-25T23:24:57Z,2026-06-26T09:45:43Z,10.35
KW1 5TX,SHEPD,HV,1,TM5880,5,2026-06-25T23:24:57Z,2026-06-26T09:45:43Z,10.35
SO41 9LA,SEPD,LV,1,TM5774,12,2026-06-25T23:24:57Z,2026-06-26T09:45:43Z,10.35
SO41 9LD,SEPD,LV,1,TM5774,12,2026-06-25T23:24:57Z,2026-06-26T09:45:43Z,10.35
SO41 9LE,SEPD,LV,1,TM5774,12,2026-06-25T23:24:57Z,2026-06-26T09:45:43Z,10.35
SO41 9LF,SEPD,LV,1,TM5774,12,2026-06-25T23:24:57Z,2026-06-26T09:45:43Z,10.35
PA22 3AH,SHEPD,HV,2,"TM8625,TM8631",148,2026-06-26T18:27:01Z,2026-06-27T00:17:17Z,10.33
KW11 6UA,SHEPD,"LV,HV",2,"TM5668,TM7331",95,2026-06-25T21:55:57Z,2026-06-26T12:04:15Z,10.3
SO22 5HE,SEPD,LV,1,TM9636,20,2026-06-27T11:17:03Z,2026-06-27T21:33:44Z,10.28
SO22 5HJ,SEPD,LV,1,TM9636,20,2026-06-27T11:17:03Z,2026-06-27T21:33:44Z,10.28
SO22 5HN,SEPD,LV,1,TM9636,20,2026-06-27T11:17:03Z,2026-06-27T21:33:44Z,10.28
SO22 5HP,SEPD,LV,1,TM9636,20,2026-06-27T11:17:03Z,2026-06-27T21:33:44Z,10.28
SO22 5HQ,SEPD,LV,1,TM9636,20,2026-06-27T11:17:03Z,2026-06-27T21:33:44Z,10.28
SO22 5HR,SEPD,LV,1,TM9636,20,2026-06-27T11:17:03Z,2026-06-27T21:33:44Z,10.28
SO22 5HW,SEPD,LV,1,TM9636,20,2026-06-27T11:17:03Z,2026-06-27T21:33:44Z,10.28
SO22 6AN,SEPD,LV,1,TM9636,20,2026-06-27T11:17:03Z,2026-06-27T21:33:44Z,10.28
RG26 5HD,SEPD,LV,3,"TM2900,TM5747,TN1134",57,2026-06-24T21:47:02Z,2026-06-28T13:00:22Z,10.27
RG26 5HF,SEPD,LV,3,"TM2900,TM5747,TN1134",57,2026-06-24T21:47:02Z,2026-06-28T13:00:22Z,10.27
RG26 5HG,SEPD,LV,3,"TM2900,TM5747,TN1134",57,2026-06-24T21:47:02Z,2026-06-28T13:00:22Z,10.27
RG26 5HQ,SEPD,LV,3,"TM2900,TM5747,TN1134",57,2026-06-24T21:47:02Z,2026-06-28T13:00:22Z,10.27
RG26 5LU,SEPD,LV,3,"TM2900,TM5747,TN1134",57,2026-06-24T21:47:02Z,2026-06-28T13:00:22Z,10.27
SL5 8TG,SEPD,LV,1,TM4060,6,2026-06-25T13:10:43Z,2026-06-25T23:24:57Z,10.24
SL5 8TN,SEPD,LV,1,TM4060,6,2026-06-25T13:10:43Z,2026-06-25T23:24:57Z,10.24
FK8 3LU,SHEPD,PSI,2,"251858,252514",101,2026-06-25T08:03:23Z,2026-06-25T15:45:55Z,10.03
FK8 3RA,SHEPD,PSI,2,"251858,252514",101,2026-06-25T08:03:23Z,2026-06-25T15:45:55Z,10.03
FK8 3RB,SHEPD,PSI,2,"251858,252514",101,2026-06-25T08:03:23Z,2026-06-25T15:45:55Z,10.03
BH15 3HY,SEPD,"LV,HV",2,"TM3320,TM7632",155,2026-06-25T08:03:23Z,2026-06-26T16:52:59Z,9.93
BH15 3LQ,SEPD,"LV,HV",2,"TM3320,TM7632",155,2026-06-25T08:03:23Z,2026-06-26T16:52:59Z,9.93
PH11 8PF,SHEPD,HV,1,TM3373,269,2026-06-25T08:03:23Z,2026-06-25T17:57:46Z,9.91
PH12,SHEPD,HV,1,TM3373,269,2026-06-25T08:03:23Z,2026-06-25T17:57:46Z,9.91
PH12 8QW,SHEPD,HV,1,TM3373,269,2026-06-25T08:03:23Z,2026-06-25T17:57:46Z,9.91
PH12 8QX,SHEPD,HV,1,TM3373,269,2026-06-25T08:03:23Z,2026-06-25T17:57:46Z,9.91
PH12 8QY,SHEPD,HV,1,TM3373,269,2026-06-25T08:03:23Z,2026-06-25T17:57:46Z,9.91
PH12 8RN,SHEPD,HV,1,TM3373,269,2026-06-25T08:03:23Z,2026-06-25T17:57:46Z,9.91
PH12 8SG,SHEPD,HV,1,TM3373,269,2026-06-25T08:03:23Z,2026-06-25T17:57:46Z,9.91
PH12 8SH,SHEPD,HV,1,TM3373,269,2026-06-25T08:03:23Z,2026-06-25T17:57:46Z,9.91
PH12 8SP,SHEPD,HV,1,TM3373,269,2026-06-25T08:03:23Z,2026-06-25T17:57:46Z,9.91
PH12 8SQ,SHEPD,HV,1,TM3373,269,2026-06-25T08:03:23Z,2026-06-25T17:57:46Z,9.91
PH12 8SR,SHEPD,HV,1,TM3373,269,2026-06-25T08:03:23Z,2026-06-25T17:57:46Z,9.91
PH12 8SS,SHEPD,HV,1,TM3373,269,2026-06-25T08:03:23Z,2026-06-25T17:57:46Z,9.91
PH12 8ST,SHEPD,HV,1,TM3373,269,2026-06-25T08:03:23Z,2026-06-25T17:57:46Z,9.91
PH12 8SU,SHEPD,HV,1,TM3373,269,2026-06-25T08:03:23Z,2026-06-25T17:57:46Z,9.91
PH12 8SW,SHEPD,HV,1,TM3373,269,2026-06-25T08:03:23Z,2026-06-25T17:57:46Z,9.91
PH12 8SX,SHEPD,HV,1,TM3373,269,2026-06-25T08:03:23Z,2026-06-25T17:57:46Z,9.91
PH12 8SZ,SHEPD,HV,1,TM3373,269,2026-06-25T08:03:23Z,2026-06-25T17:57:46Z,9.91
PH12 8TA,SHEPD,HV,1,TM3373,269,2026-06-25T08:03:23Z,2026-06-25T17:57:46Z,9.91
PH12 8TH,SHEPD,HV,1,TM3373,269,2026-06-25T08:03:23Z,2026-06-25T17:57:46Z,9.91
PH12 8TJ,SHEPD,HV,1,TM3373,269,2026-06-25T08:03:23Z,2026-06-25T17:57:46Z,9.91
PH12 8TL,SHEPD,HV,1,TM3373,269,2026-06-25T08:03:23Z,2026-06-25T17:57:46Z,9.91
PH12 8TN,SHEPD,HV,1,TM3373,269,2026-06-25T08:03:23Z,2026-06-25T17:57:46Z,9.91
PH12 8TT,SHEPD,HV,1,TM3373,269,2026-06-25T08:03:23Z,2026-06-25T17:57:46Z,9.91
PH12 8TU,SHEPD,HV,1,TM3373,269,2026-06-25T08:03:23Z,2026-06-25T17:57:46Z,9.91
PH12 8TW,SHEPD,HV,1,TM3373,269,2026-06-25T08:03:23Z,2026-06-25T17:57:46Z,9.91
PH12 8UA,SHEPD,HV,1,TM3373,269,2026-06-25T08:03:23Z,2026-06-25T17:57:46Z,9.91
PH12 8UU,SHEPD,HV,1,TM3373,269,2026-06-25T08:03:23Z,2026-06-25T17:57:46Z,9.91
PH12 8UZ,SHEPD,HV,1,TM3373,269,2026-06-25T08:03:23Z,2026-06-25T17:57:46Z,9.91
PH13 9ER,SHEPD,HV,1,TM3373,269,2026-06-25T08:03:23Z,2026-06-25T17:57:46Z,9.91
PH13 9ES,SHEPD,HV,1,TM3373,269,2026-06-25T08:03:23Z,2026-06-25T17:57:46Z,9.91
PH13 9EU,SHEPD,HV,1,TM3373,269,2026-06-25T08:03:23Z,2026-06-25T17:57:46Z,9.91
PH13 9EY,SHEPD,HV,1,TM3373,269,2026-06-25T08:03:23Z,2026-06-25T17:57:46Z,9.91
PH13 9EZ,SHEPD,HV,1,TM3373,269,2026-06-25T08:03:23Z,2026-06-25T17:57:46Z,9.91
GU15 3BX,SEPD,LV,2,"TK7015,TM3297",4,2026-06-22T11:21:18Z,2026-06-25T13:10:43Z,9.9
GU15 3DT,SEPD,LV,2,"TK7015,TM3297",4,2026-06-22T11:21:18Z,2026-06-25T13:10:43Z,9.9
RG30 4AX,SEPD,LV,1,TM7831,8,2026-06-26T21:44:39Z,2026-06-27T07:36:57Z,9.87
SO30 2ER,SEPD,LV,1,TM4524,41,2026-06-25T15:45:55Z,2026-06-26T01:38:09Z,9.87
SO30 2EY,SEPD,LV,1,TM4524,41,2026-06-25T15:45:55Z,2026-06-26T01:38:09Z,9.87
SO30 2NW,SEPD,LV,1,TM4524,41,2026-06-25T15:45:55Z,2026-06-26T01:38:09Z,9.87
SO30 2NY,SEPD,LV,1,TM4524,41,2026-06-25T15:45:55Z,2026-06-26T01:38:09Z,9.87
SO30 2NZ,SEPD,LV,1,TM4524,41,2026-06-25T15:45:55Z,2026-06-26T01:38:09Z,9.87
SO30 2RG,SEPD,LV,1,TM4524,41,2026-06-25T15:45:55Z,2026-06-26T01:38:09Z,9.87
SO30 2RJ,SEPD,LV,1,TM4524,41,2026-06-25T15:45:55Z,2026-06-26T01:38:09Z,9.87
SO30 2SR,SEPD,LV,1,TM4524,41,2026-06-25T15:45:55Z,2026-06-26T01:38:09Z,9.87
SO30 2SS,SEPD,LV,1,TM4524,41,2026-06-25T15:45:55Z,2026-06-26T01:38:09Z,9.87
IV19 1LZ,SHEPD,HV,2,"TM5489,TM5955",237,2026-06-25T20:16:59Z,2026-06-26T05:55:31Z,9.64
IV20 1RS,SHEPD,HV,2,"TM5489,TM5955",237,2026-06-25T20:16:59Z,2026-06-26T05:55:31Z,9.64
IV27 4TG,SHEPD,PSI,3,"251800,251812,251813",148,2026-06-23T11:50:26Z,2026-06-25T15:45:55Z,9.62
RG40 2JE,SEPD,"PSI,HV",2,"251566,TM0281",64,2026-06-23T21:04:28Z,2026-06-24T13:52:53Z,9.57
RG40 3BY,SEPD,"PSI,HV",2,"251566,TM0281",64,2026-06-23T21:04:28Z,2026-06-24T13:52:53Z,9.57
RG40 3BZ,SEPD,"PSI,HV",2,"251566,TM0281",64,2026-06-23T21:04:28Z,2026-06-24T13:52:53Z,9.57
RG40 3DA,SEPD,"PSI,HV",2,"251566,TM0281",64,2026-06-23T21:04:28Z,2026-06-24T13:52:53Z,9.57
RG40 3DB,SEPD,"PSI,HV",2,"251566,TM0281",64,2026-06-23T21:04:28Z,2026-06-24T13:52:53Z,9.57
RG40 3DJ,SEPD,"PSI,HV",2,"251566,TM0281",64,2026-06-23T21:04:28Z,2026-06-24T13:52:53Z,9.57
RG40 3YZ,SEPD,"PSI,HV",2,"251566,TM0281",64,2026-06-23T21:04:28Z,2026-06-24T13:52:53Z,9.57
SP1 3UZ,SEPD,LV,1,TM7136,11,2026-06-26T14:46:38Z,2026-06-27T00:17:17Z,9.51
SP2 7JF,SEPD,LV,1,TM7136,11,2026-06-26T14:46:38Z,2026-06-27T00:17:17Z,9.51
SP2 7NP,SEPD,LV,1,TM7136,11,2026-06-26T14:46:38Z,2026-06-27T00:17:17Z,9.51
SP2 7NS,SEPD,LV,1,TM7136,11,2026-06-26T14:46:38Z,2026-06-27T00:17:17Z,9.51
SP2 7NU,SEPD,LV,1,TM7136,11,2026-06-26T14:46:38Z,2026-06-27T00:17:17Z,9.51
SP2 7PP,SEPD,LV,1,TM7136,11,2026-06-26T14:46:38Z,2026-06-27T00:17:17Z,9.51
SP2 7PW,SEPD,LV,1,TM7136,11,2026-06-26T14:46:38Z,2026-06-27T00:17:17Z,9.51
SL5 7QJ,SEPD,LV,1,TM0632,18,2026-06-24T08:46:30Z,2026-06-24T18:12:03Z,9.43
SL5 7QL,SEPD,LV,1,TM0632,18,2026-06-24T08:46:30Z,2026-06-24T18:12:03Z,9.43
SL5 7QP,SEPD,LV,1,TM0632,18,2026-06-24T08:46:30Z,2026-06-24T18:12:03Z,9.43
SL5 7QR,SEPD,LV,1,TM0632,18,2026-06-24T08:46:30Z,2026-06-24T18:12:03Z,9.43
AB54 4JP,SHEPD,HV,1,TK9536,25,2026-06-23T11:50:26Z,2026-06-23T21:04:28Z,9.23
AB54 4JR,SHEPD,HV,1,TK9536,25,2026-06-23T11:50:26Z,2026-06-23T21:04:28Z,9.23
AB54 4JT,SHEPD,HV,1,TK9536,25,2026-06-23T11:50:26Z,2026-06-23T21:04:28Z,9.23
PO1 2AH,SEPD,PSI,1,251428,5,2026-06-27T07:36:57Z,2026-06-27T16:48:13Z,9.19
PO1 2ED,SEPD,PSI,1,251428,5,2026-06-27T07:36:57Z,2026-06-27T16:48:13Z,9.19
PO1 2EG,SEPD,PSI,1,251428,5,2026-06-27T07:36:57Z,2026-06-27T16:48:13Z,9.19
PO1 2EL,SEPD,PSI,1,251428,5,2026-06-27T07:36:57Z,2026-06-27T16:48:13Z,9.19
PO1 2QF,SEPD,PSI,1,251428,5,2026-06-27T07:36:57Z,2026-06-27T16:48:13Z,9.19
BH24 3BZ,SEPD,PSI,2,"252078,252079",26,2026-06-25T08:03:23Z,2026-06-27T11:17:03Z,9.16
BH24 3DA,SEPD,PSI,2,"252078,252079",26,2026-06-25T08:03:23Z,2026-06-27T11:17:03Z,9.16
BH24 3DB,SEPD,PSI,2,"252078,252079",26,2026-06-25T08:03:23Z,2026-06-27T11:17:03Z,9.16
HP12 4AE,SEPD,LV,2,"TM0476,TM1059",45,2026-06-24T01:31:51Z,2026-06-24T22:56:08Z,9.05
HP12 4AN,SEPD,LV,1,TM1059,12,2026-06-24T13:52:53Z,2026-06-24T22:56:08Z,9.05
SN8 3SQ,SEPD,HV,1,TN0951,11,2026-06-28T09:47:12Z,2026-06-28T18:49:26Z,9.04
SP11 9EU,SEPD,HV,1,TN0951,11,2026-06-28T09:47:12Z,2026-06-28T18:49:26Z,9.04
SP11 9EX,SEPD,HV,1,TN0951,11,2026-06-28T09:47:12Z,2026-06-28T18:49:26Z,9.04
SP11 9EY,SEPD,HV,1,TN0951,11,2026-06-28T09:47:12Z,2026-06-28T18:49:26Z,9.04
PA32 8XN,SHEPD,HV,1,TM9649,16,2026-06-27T11:17:03Z,2026-06-27T20:17:28Z,9.01
PA32 8XT,SHEPD,HV,1,TM9649,16,2026-06-27T11:17:03Z,2026-06-27T20:17:28Z,9.01
SN7 7EY,SEPD,"PSI,LV",3,"252759,TK8339,TK8341",252,2026-06-22T19:46:47Z,2026-06-25T13:10:43Z,8.86
SN2 2TF,SEPD,LV,1,TK7981,10,2026-06-23T16:44:49Z,2026-06-24T01:31:51Z,8.78
SN2 2TG,SEPD,LV,1,TK7981,10,2026-06-23T16:44:49Z,2026-06-24T01:31:51Z,8.78
SN2 2TL,SEPD,LV,1,TK7981,10,2026-06-23T16:44:49Z,2026-06-24T01:31:51Z,8.78
RG26 3SZ,SEPD,LV,1,TM0696,18,2026-06-24T11:34:27Z,2026-06-24T20:11:22Z,8.62
RG26 3TP,SEPD,LV,1,TM0696,18,2026-06-24T11:34:27Z,2026-06-24T20:11:22Z,8.62
RG26 4JU,SEPD,LV,1,TM0696,18,2026-06-24T11:34:27Z,2026-06-24T20:11:22Z,8.62
RG26 4PR,SEPD,LV,1,TM0696,18,2026-06-24T11:34:27Z,2026-06-24T20:11:22Z,8.62
PO19 7AH,SEPD,HV,1,TM2409,230,2026-06-24T20:11:22Z,2026-06-25T04:38:26Z,8.45
PO19 7AP,SEPD,HV,1,TM2409,230,2026-06-24T20:11:22Z,2026-06-25T04:38:26Z,8.45
PO19 7BY,SEPD,HV,1,TM2409,230,2026-06-24T20:11:22Z,2026-06-25T04:38:26Z,8.45
PO19 7PA,SEPD,HV,1,TM2409,230,2026-06-24T20:11:22Z,2026-06-25T04:38:26Z,8.45
PO19 7PB,SEPD,HV,1,TM2409,230,2026-06-24T20:11:22Z,2026-06-25T04:38:26Z,8.45
PO19 7PP,SEPD,HV,1,TM2409,230,2026-06-24T20:11:22Z,2026-06-25T04:38:26Z,8.45
PO19 7PR,SEPD,HV,1,TM2409,230,2026-06-24T20:11:22Z,2026-06-25T04:38:26Z,8.45
PO19 7QT,SEPD,HV,1,TM2409,230,2026-06-24T20:11:22Z,2026-06-25T04:38:26Z,8.45
PO19 7UP,SEPD,HV,1,TM2409,230,2026-06-24T20:11:22Z,2026-06-25T04:38:26Z,8.45
PO19 7UX,SEPD,HV,1,TM2409,230,2026-06-24T20:11:22Z,2026-06-25T04:38:26Z,8.45
PO19 7UZ,SEPD,HV,1,TM2409,230,2026-06-24T20:11:22Z,2026-06-25T04:38:26Z,8.45
PO20 6DS,SEPD,HV,1,TM2409,230,2026-06-24T20:11:22Z,2026-06-25T04:38:26Z,8.45
RG21 3AN,SEPD,LV,1,TK8640,18,2026-06-23T05:47:19Z,2026-06-23T14:14:17Z,8.45
RG21 3AT,SEPD,LV,1,TK8640,18,2026-06-23T05:47:19Z,2026-06-23T14:14:17Z,8.45
RG21 3AU,SEPD,LV,1,TK8640,18,2026-06-23T05:47:19Z,2026-06-23T14:14:17Z,8.45
RG21 3AW,SEPD,LV,1,TK8640,18,2026-06-23T05:47:19Z,2026-06-23T14:14:17Z,8.45
RG21 3AX,SEPD,LV,1,TK8640,18,2026-06-23T05:47:19Z,2026-06-23T14:14:17Z,8.45
RG21 3AY,SEPD,LV,1,TK8640,18,2026-06-23T05:47:19Z,2026-06-23T14:14:17Z,8.45
RG21 3AZ,SEPD,LV,1,TK8640,18,2026-06-23T05:47:19Z,2026-06-23T14:14:17Z,8.45
RG21 3BS,SEPD,LV,1,TK8640,18,2026-06-23T05:47:19Z,2026-06-23T14:14:17Z,8.45
TW14 8DU,SEPD,LV,1,TK8785,27,2026-06-23T05:47:19Z,2026-06-23T14:14:17Z,8.45
TW14 8DX,SEPD,LV,1,TK8785,27,2026-06-23T05:47:19Z,2026-06-23T14:14:17Z,8.45
TW14 8DY,SEPD,LV,1,TK8785,27,2026-06-23T05:47:19Z,2026-06-23T14:14:17Z,8.45
TW14 8PG,SEPD,LV,1,TK8785,27,2026-06-23T05:47:19Z,2026-06-23T14:14:17Z,8.45
PO13 0WU,SEPD,LV,1,TM9163,38,2026-06-27T04:30:11Z,2026-06-27T12:47:44Z,8.29
PO13 0ZG,SEPD,LV,1,TM9163,38,2026-06-27T04:30:11Z,2026-06-27T12:47:44Z,8.29
PO13 0ZN,SEPD,LV,1,TM9163,38,2026-06-27T04:30:11Z,2026-06-27T12:47:44Z,8.29
PO13 0ZP,SEPD,LV,1,TM9163,38,2026-06-27T04:30:11Z,2026-06-27T12:47:44Z,8.29
PO13 0ZQ,SEPD,LV,1,TM9163,38,2026-06-27T04:30:11Z,2026-06-27T12:47:44Z,8.29
PO13 0ZS,SEPD,LV,1,TM9163,38,2026-06-27T04:30:11Z,2026-06-27T12:47:44Z,8.29
PO13 0ZW,SEPD,LV,1,TM9163,38,2026-06-27T04:30:11Z,2026-06-27T12:47:44Z,8.29
SO23 7DD,SEPD,LV,1,TM9193,39,2026-06-27T04:30:11Z,2026-06-27T12:47:44Z,8.29
SO23 7DE,SEPD,LV,1,TM9193,39,2026-06-27T04:30:11Z,2026-06-27T12:47:44Z,8.29
SO23 7DF,SEPD,LV,1,TM9193,39,2026-06-27T04:30:11Z,2026-06-27T12:47:44Z,8.29
SO23 7DJ,SEPD,LV,1,TM9193,39,2026-06-27T04:30:11Z,2026-06-27T12:47:44Z,8.29
SO23 7DQ,SEPD,LV,1,TM9193,39,2026-06-27T04:30:11Z,2026-06-27T12:47:44Z,8.29
SO23 7EJ,SEPD,LV,1,TM9193,39,2026-06-27T04:30:11Z,2026-06-27T12:47:44Z,8.29
SO23 7TR,SEPD,LV,1,TM9193,39,2026-06-27T04:30:11Z,2026-06-27T12:47:44Z,8.29
SO23 7TS,SEPD,LV,1,TM9193,39,2026-06-27T04:30:11Z,2026-06-27T12:47:44Z,8.29
SO21 3EB,SEPD,LV,1,TM7181,23,2026-06-26T12:04:15Z,2026-06-26T20:20:06Z,8.26
SO21 3EE,SEPD,LV,1,TM7181,23,2026-06-26T12:04:15Z,2026-06-26T20:20:06Z,8.26
SO21 3EF,SEPD,LV,1,TM7181,23,2026-06-26T12:04:15Z,2026-06-26T20:20:06Z,8.26
SO21 3EQ,SEPD,LV,1,TM7181,23,2026-06-26T12:04:15Z,2026-06-26T20:20:06Z,8.26
SO21 3HP,SEPD,LV,1,TM7181,23,2026-06-26T12:04:15Z,2026-06-26T20:20:06Z,8.26
GU28 0PG,SEPD,HV,2,"TM2320,TM3123",56,2026-06-24T18:12:03Z,2026-06-25T10:51:36Z,8.21
GU28 0PJ,SEPD,HV,2,"TM2320,TM3123",56,2026-06-24T18:12:03Z,2026-06-25T10:51:36Z,8.21
GU28 0PQ,SEPD,HV,2,"TM2320,TM3123",56,2026-06-24T18:12:03Z,2026-06-25T10:51:36Z,8.21
GU28 0RH,SEPD,HV,2,"TM2320,TM3123",56,2026-06-24T18:12:03Z,2026-06-25T10:51:36Z,8.21
GU28 9BJ,SEPD,HV,2,"TM2320,TM3123",56,2026-06-24T18:12:03Z,2026-06-25T10:51:36Z,8.21
PA77 6TS,SHEPD,HV,2,"TM6315,TN0684",34,2026-06-26T01:38:09Z,2026-06-28T09:47:12Z,8.13
PA77 6TR,SHEPD,HV,1,TM6315,24,2026-06-26T01:38:09Z,2026-06-26T09:45:43Z,8.13
HP10 0JN,SEPD,HV,1,TM1893,180,2026-06-24T16:12:37Z,2026-06-25T00:19:00Z,8.11
HP10 0JP,SEPD,HV,1,TM1893,180,2026-06-24T16:12:37Z,2026-06-25T00:19:00Z,8.11
HP10 0JR,SEPD,HV,1,TM1893,180,2026-06-24T16:12:37Z,2026-06-25T00:19:00Z,8.11
HP10 0JS,SEPD,HV,1,TM1893,180,2026-06-24T16:12:37Z,2026-06-25T00:19:00Z,8.11
HP10 0JT,SEPD,HV,1,TM1893,180,2026-06-24T16:12:37Z,2026-06-25T00:19:00Z,8.11
HP10 0JU,SEPD,HV,1,TM1893,180,2026-06-24T16:12:37Z,2026-06-25T00:19:00Z,8.11
HP10 0JW,SEPD,HV,1,TM1893,180,2026-06-24T16:12:37Z,2026-06-25T00:19:00Z,8.11
HP10 0JX,SEPD,HV,1,TM1893,180,2026-06-24T16:12:37Z,2026-06-25T00:19:00Z,8.11
HP10 0JY,SEPD,HV,1,TM1893,180,2026-06-24T16:12:37Z,2026-06-25T00:19:00Z,8.11
HP10 0LA,SEPD,HV,1,TM1893,180,2026-06-24T16:12:37Z,2026-06-25T00:19:00Z,8.11
HP10 0LB,SEPD,HV,1,TM1893,180,2026-06-24T16:12:37Z,2026-06-25T00:19:00Z,8.11
HP10 0LD,SEPD,HV,1,TM1893,180,2026-06-24T16:12:37Z,2026-06-25T00:19:00Z,8.11
HP10 0LG,SEPD,HV,1,TM1893,180,2026-06-24T16:12:37Z,2026-06-25T00:19:00Z,8.11
HP10 0LH,SEPD,HV,1,TM1893,180,2026-06-24T16:12:37Z,2026-06-25T00:19:00Z,8.11
HP10 0LJ,SEPD,HV,1,TM1893,180,2026-06-24T16:12:37Z,2026-06-25T00:19:00Z,8.11
HP10 0LL,SEPD,HV,1,TM1893,180,2026-06-24T16:12:37Z,2026-06-25T00:19:00Z,8.11
HP10 0LN,SEPD,HV,1,TM1893,180,2026-06-24T16:12:37Z,2026-06-25T00:19:00Z,8.11
HP10 0LP,SEPD,HV,1,TM1893,180,2026-06-24T16:12:37Z,2026-06-25T00:19:00Z,8.11
HP10 0LX,SEPD,HV,1,TM1893,180,2026-06-24T16:12:37Z,2026-06-25T00:19:00Z,8.11
OX14 2PB,SEPD,LV,1,TM1879,9,2026-06-24T16:12:37Z,2026-06-25T00:19:00Z,8.11
OX14 2PF,SEPD,LV,1,TM1879,9,2026-06-24T16:12:37Z,2026-06-25T00:19:00Z,8.11
OX14 2PG,SEPD,LV,1,TM1879,9,2026-06-24T16:12:37Z,2026-06-25T00:19:00Z,8.11
OX13 6JP,SEPD,PSI,1,251320,63,2026-06-23T08:50:42Z,2026-06-23T16:44:49Z,7.9
OX13 6RB,SEPD,PSI,1,251320,63,2026-06-23T08:50:42Z,2026-06-23T16:44:49Z,7.9
OX13 6RD,SEPD,PSI,1,251320,63,2026-06-23T08:50:42Z,2026-06-23T16:44:49Z,7.9
OX13 6RH,SEPD,PSI,1,251320,63,2026-06-23T08:50:42Z,2026-06-23T16:44:49Z,7.9
OX13 6RQ,SEPD,PSI,1,251320,63,2026-06-23T08:50:42Z,2026-06-23T16:44:49Z,7.9
OX14 2JB,SEPD,PSI,1,251320,63,2026-06-23T08:50:42Z,2026-06-23T16:44:49Z,7.9
OX14 2JD,SEPD,PSI,1,251320,63,2026-06-23T08:50:42Z,2026-06-23T16:44:49Z,7.9
PA32 8XG,SHEPD,HV,1,TM9649,16,2026-06-27T11:17:03Z,2026-06-27T19:02:34Z,7.76
PA32 8YX,SHEPD,HV,1,TM9649,16,2026-06-27T11:17:03Z,2026-06-27T19:02:34Z,7.76
RG1 2EG,SEPD,HV,1,TM3035,8,2026-06-25T00:19:00Z,2026-06-25T08:03:23Z,7.74
RG1 2HB,SEPD,HV,1,TM3035,8,2026-06-25T00:19:00Z,2026-06-25T08:03:23Z,7.74
PH13 9EJ,SHEPD,HV,1,TM3373,269,2026-06-25T08:03:23Z,2026-06-25T15:45:55Z,7.71
PH13 9HA,SHEPD,HV,1,TM3373,269,2026-06-25T08:03:23Z,2026-06-25T15:45:55Z,7.71
PH13 9HB,SHEPD,HV,1,TM3373,269,2026-06-25T08:03:23Z,2026-06-25T15:45:55Z,7.71
PH13 9JD,SHEPD,HV,1,TM3373,269,2026-06-25T08:03:23Z,2026-06-25T15:45:55Z,7.71
BH24 3BU,SEPD,PSI,3,"252070,252078,252089",43,2026-06-23T08:50:42Z,2026-06-28T13:00:22Z,7.67
BH3 7JD,SEPD,LV,1,TM4564,30,2026-06-25T17:57:46Z,2026-06-26T01:38:09Z,7.67
BH3 7JE,SEPD,LV,1,TM4564,30,2026-06-25T17:57:46Z,2026-06-26T01:38:09Z,7.67
BH9 2JB,SEPD,LV,1,TM4564,30,2026-06-25T17:57:46Z,2026-06-26T01:38:09Z,7.67
BH9 2JF,SEPD,LV,1,TM4564,30,2026-06-25T17:57:46Z,2026-06-26T01:38:09Z,7.67
BH9 2JH,SEPD,LV,1,TM4564,30,2026-06-25T17:57:46Z,2026-06-26T01:38:09Z,7.67
TW4 5EJ,SEPD,LV,1,TM3093,16,2026-06-25T17:57:46Z,2026-06-26T01:38:09Z,7.67
TW4 5EL,SEPD,LV,1,TM3093,16,2026-06-25T17:57:46Z,2026-06-26T01:38:09Z,7.67
TW4 5EN,SEPD,LV,1,TM3093,16,2026-06-25T17:57:46Z,2026-06-26T01:38:09Z,7.67
SO53 2GG,SEPD,LV,1,TM9391,15,2026-06-27T12:47:44Z,2026-06-27T20:17:28Z,7.5
SO53 2GL,SEPD,LV,1,TM9391,15,2026-06-27T12:47:44Z,2026-06-27T20:17:28Z,7.5
SO53 2LG,SEPD,LV,1,TM9391,15,2026-06-27T12:47:44Z,2026-06-27T20:17:28Z,7.5
SO53 2LH,SEPD,LV,1,TM9391,15,2026-06-27T12:47:44Z,2026-06-27T20:17:28Z,7.5
SO53 2LN,SEPD,LV,1,TM9391,15,2026-06-27T12:47:44Z,2026-06-27T20:17:28Z,7.5
SO53 2PJ,SEPD,LV,1,TM9391,15,2026-06-27T12:47:44Z,2026-06-27T20:17:28Z,7.5
SO53 2QD,SEPD,LV,1,TM9391,15,2026-06-27T12:47:44Z,2026-06-27T20:17:28Z,7.5
DT2 8AY,SEPD,PSI,1,251470,132,2026-06-24T08:46:30Z,2026-06-24T16:12:37Z,7.44
DT2 8AZ,SEPD,PSI,1,251470,132,2026-06-24T08:46:30Z,2026-06-24T16:12:37Z,7.44
DT2 8BA,SEPD,PSI,1,251470,132,2026-06-24T08:46:30Z,2026-06-24T16:12:37Z,7.44
DT2 8BB,SEPD,PSI,1,251470,132,2026-06-24T08:46:30Z,2026-06-24T16:12:37Z,7.44
DT2 8BD,SEPD,PSI,1,251470,132,2026-06-24T08:46:30Z,2026-06-24T16:12:37Z,7.44
DT2 8FN,SEPD,PSI,1,251470,132,2026-06-24T08:46:30Z,2026-06-24T16:12:37Z,7.44
DT2 8FP,SEPD,PSI,1,251470,132,2026-06-24T08:46:30Z,2026-06-24T16:12:37Z,7.44
DT2 8QY,SEPD,PSI,1,251470,132,2026-06-24T08:46:30Z,2026-06-24T16:12:37Z,7.44
DT2 8RA,SEPD,PSI,1,251470,132,2026-06-24T08:46:30Z,2026-06-24T16:12:37Z,7.44
DT2 8RB,SEPD,PSI,1,251470,132,2026-06-24T08:46:30Z,2026-06-24T16:12:37Z,7.44
DT2 8RD,SEPD,PSI,1,251470,132,2026-06-24T08:46:30Z,2026-06-24T16:12:37Z,7.44
DT2 8RE,SEPD,PSI,1,251470,132,2026-06-24T08:46:30Z,2026-06-24T16:12:37Z,7.44
DT2 8RF,SEPD,PSI,1,251470,132,2026-06-24T08:46:30Z,2026-06-24T16:12:37Z,7.44
DT2 8RR,SEPD,PSI,1,251470,132,2026-06-24T08:46:30Z,2026-06-24T16:12:37Z,7.44
DT2 8ZN,SEPD,PSI,1,251470,132,2026-06-24T08:46:30Z,2026-06-24T16:12:37Z,7.44
RG22 4JQ,SEPD,LV,1,TN0994,21,2026-06-28T11:28:15Z,2026-06-28T18:49:26Z,7.35
RG2 0AU,SEPD,LV,2,"TM0964,TM3519",10,2026-06-25T10:51:36Z,2026-06-25T20:16:59Z,7.1
BH17 8BT,SEPD,LV,1,TM3682,31,2026-06-25T10:51:36Z,2026-06-25T17:57:46Z,7.1
BH17 8BU,SEPD,LV,1,TM3682,31,2026-06-25T10:51:36Z,2026-06-25T17:57:46Z,7.1
RG24 7AT,SEPD,HV,1,TM3698,168,2026-06-25T10:51:36Z,2026-06-25T17:57:46Z,7.1
RG24 8AD,SEPD,HV,1,TM3698,168,2026-06-25T10:51:36Z,2026-06-25T17:57:46Z,7.1
RG24 8AE,SEPD,HV,1,TM3698,168,2026-06-25T10:51:36Z,2026-06-25T17:57:46Z,7.1
RG24 8AN,SEPD,HV,1,TM3698,168,2026-06-25T10:51:36Z,2026-06-25T17:57:46Z,7.1
RG24 8AR,SEPD,HV,1,TM3698,168,2026-06-25T10:51:36Z,2026-06-25T17:57:46Z,7.1
RG24 8AS,SEPD,HV,1,TM3698,168,2026-06-25T10:51:36Z,2026-06-25T17:57:46Z,7.1
RG24 8AW,SEPD,HV,1,TM3698,168,2026-06-25T10:51:36Z,2026-06-25T17:57:46Z,7.1
RG24 8AX,SEPD,HV,1,TM3698,168,2026-06-25T10:51:36Z,2026-06-25T17:57:46Z,7.1
RG24 8YQ,SEPD,HV,1,TM3698,168,2026-06-25T10:51:36Z,2026-06-25T17:57:46Z,7.1
RG24 8YW,SEPD,HV,1,TM3698,168,2026-06-25T10:51:36Z,2026-06-25T17:57:46Z,7.1
SP10 5JN,SEPD,LV,1,TM3877,10,2026-06-25T10:51:36Z,2026-06-25T17:57:46Z,7.1
PO17 6BA,SEPD,HV,1,TM2757,34,2026-06-24T21:47:02Z,2026-06-25T04:38:26Z,6.86
PO17 6BD,SEPD,HV,1,TM2757,34,2026-06-24T21:47:02Z,2026-06-25T04:38:26Z,6.86
PO17 6BE,SEPD,HV,1,TM2757,34,2026-06-24T21:47:02Z,2026-06-25T04:38:26Z,6.86
PO17 6BJ,SEPD,HV,1,TM2757,34,2026-06-24T21:47:02Z,2026-06-25T04:38:26Z,6.86
PO17 6DZ,SEPD,HV,1,TM2757,34,2026-06-24T21:47:02Z,2026-06-25T04:38:26Z,6.86
TW19 7RW,SEPD,LV,1,TK9587,69,2026-06-23T14:14:17Z,2026-06-23T21:04:28Z,6.84
TW19 7RX,SEPD,LV,1,TK9587,69,2026-06-23T14:14:17Z,2026-06-23T21:04:28Z,6.84
TW19 7RY,SEPD,LV,1,TK9587,69,2026-06-23T14:14:17Z,2026-06-23T21:04:28Z,6.84
TW19 7RZ,SEPD,LV,1,TK9587,69,2026-06-23T14:14:17Z,2026-06-23T21:04:28Z,6.84
TW19 7SA,SEPD,LV,1,TK9587,69,2026-06-23T14:14:17Z,2026-06-23T21:04:28Z,6.84
TW19 7SB,SEPD,LV,1,TK9587,69,2026-06-23T14:14:17Z,2026-06-23T21:04:28Z,6.84
TW19 7SD,SEPD,LV,1,TK9587,69,2026-06-23T14:14:17Z,2026-06-23T21:04:28Z,6.84
TW19 7SE,SEPD,LV,1,TK9587,69,2026-06-23T14:14:17Z,2026-06-23T21:04:28Z,6.84
SP5 1BU,SEPD,HV,1,TM8940,94,2026-06-27T04:30:11Z,2026-06-27T11:17:03Z,6.78
SP5 1BW,SEPD,HV,1,TM8940,94,2026-06-27T04:30:11Z,2026-06-27T11:17:03Z,6.78
SP5 1BX,SEPD,HV,1,TM8940,94,2026-06-27T04:30:11Z,2026-06-27T11:17:03Z,6.78
SP5 1BY,SEPD,HV,1,TM8940,94,2026-06-27T04:30:11Z,2026-06-27T11:17:03Z,6.78
DT2 7NG,SEPD,"LV,HV",2,"TM1748,TM3011",16,2026-06-24T16:12:37Z,2026-06-25T00:19:00Z,6.73
BA7 7LW,SEPD,HV,1,TM9276,5,2026-06-27T07:36:57Z,2026-06-27T14:19:30Z,6.71
BH25 5PX,SEPD,HV,1,TM0195,45,2026-06-23T18:57:17Z,2026-06-24T01:31:51Z,6.58
SO41 0FE,SEPD,HV,1,TM0195,45,2026-06-23T18:57:17Z,2026-06-24T01:31:51Z,6.58
SO41 0HA,SEPD,HV,1,TM0195,45,2026-06-23T18:57:17Z,2026-06-24T01:31:51Z,6.58
SO41 0HB,SEPD,HV,1,TM0195,45,2026-06-23T18:57:17Z,2026-06-24T01:31:51Z,6.58
SO41 0HF,SEPD,HV,1,TM0195,45,2026-06-23T18:57:17Z,2026-06-24T01:31:51Z,6.58
SO41 6DH,SEPD,HV,1,TM0195,45,2026-06-23T18:57:17Z,2026-06-24T01:31:51Z,6.58
SO41 8LA,SEPD,HV,1,TM0195,45,2026-06-23T18:57:17Z,2026-06-24T01:31:51Z,6.58
W5 4YA,SEPD,LV,1,TM9587,42,2026-06-27T11:17:03Z,2026-06-27T17:51:06Z,6.57
W5 4YB,SEPD,LV,1,TM9587,42,2026-06-27T11:17:03Z,2026-06-27T17:51:06Z,6.57
W5 4YD,SEPD,LV,1,TM9587,42,2026-06-27T11:17:03Z,2026-06-27T17:51:06Z,6.57
W5 4YE,SEPD,LV,1,TM9587,42,2026-06-27T11:17:03Z,2026-06-27T17:51:06Z,6.57
W5 4YF,SEPD,LV,1,TM9587,42,2026-06-27T11:17:03Z,2026-06-27T17:51:06Z,6.57
W5 4YG,SEPD,LV,1,TM9587,42,2026-06-27T11:17:03Z,2026-06-27T17:51:06Z,6.57
W5 4YQ,SEPD,LV,1,TM9587,42,2026-06-27T11:17:03Z,2026-06-27T17:51:06Z,6.57
SL2 5AG,SEPD,LV,2,"TM0468,TM1060",32,2026-06-23T23:40:36Z,2026-06-24T16:12:37Z,6.49
SL2 5AH,SEPD,LV,2,"TM0468,TM1060",32,2026-06-23T23:40:36Z,2026-06-24T16:12:37Z,6.49
GU15 1LA,SEPD,LV,1,TN0611,11,2026-06-28T06:33:58Z,2026-06-28T13:00:22Z,6.44
GU15 1LB,SEPD,LV,1,TN0611,11,2026-06-28T06:33:58Z,2026-06-28T13:00:22Z,6.44
GU15 1LD,SEPD,LV,1,TN0611,11,2026-06-28T06:33:58Z,2026-06-28T13:00:22Z,6.44
GU15 3UT,SEPD,LV,1,TN0611,11,2026-06-28T06:33:58Z,2026-06-28T13:00:22Z,6.44
BH31 6UA,SEPD,LV,1,TM7058,17,2026-06-26T12:04:15Z,2026-06-26T18:27:01Z,6.38
BH31 6XF,SEPD,LV,1,TM7058,17,2026-06-26T12:04:15Z,2026-06-26T18:27:01Z,6.38
BH31 6XG,SEPD,LV,1,TM7058,17,2026-06-26T12:04:15Z,2026-06-26T18:27:01Z,6.38
W13 0SQ,SEPD,LV,1,TM7073,13,2026-06-26T12:04:15Z,2026-06-26T18:27:01Z,6.38
W13 0SY,SEPD,LV,1,TM7073,13,2026-06-26T12:04:15Z,2026-06-26T18:27:01Z,6.38
W13 9BP,SEPD,LV,1,TM7073,13,2026-06-26T12:04:15Z,2026-06-26T18:27:01Z,6.38
SN14 0RE,SEPD,PSI,1,251955,56,2026-06-28T09:47:12Z,2026-06-28T16:06:31Z,6.32
SN14 0RF,SEPD,PSI,1,251955,56,2026-06-28T09:47:12Z,2026-06-28T16:06:31Z,6.32
SN14 0RG,SEPD,PSI,1,251955,56,2026-06-28T09:47:12Z,2026-06-28T16:06:31Z,6.32
SN14 0RH,SEPD,PSI,1,251955,56,2026-06-28T09:47:12Z,2026-06-28T16:06:31Z,6.32
SN14 0RQ,SEPD,PSI,1,251955,56,2026-06-28T09:47:12Z,2026-06-28T16:06:31Z,6.32
SN14 0SQ,SEPD,PSI,1,251955,56,2026-06-28T09:47:12Z,2026-06-28T16:06:31Z,6.32
SN14 6LY,SEPD,PSI,1,251955,56,2026-06-28T09:47:12Z,2026-06-28T16:06:31Z,6.32
SN14 6LZ,SEPD,PSI,1,251955,56,2026-06-28T09:47:12Z,2026-06-28T16:06:31Z,6.32
SN14 6NA,SEPD,PSI,1,251955,56,2026-06-28T09:47:12Z,2026-06-28T16:06:31Z,6.32
SN14 6NB,SEPD,PSI,1,251955,56,2026-06-28T09:47:12Z,2026-06-28T16:06:31Z,6.32
GU7 1AB,SEPD,LV,1,TM1426,18,2026-06-24T13:52:53Z,2026-06-24T20:11:22Z,6.31
GU7 1BZ,SEPD,LV,1,TM1426,18,2026-06-24T13:52:53Z,2026-06-24T20:11:22Z,6.31
GU7 1DB,SEPD,LV,1,TM1426,18,2026-06-24T13:52:53Z,2026-06-24T20:11:22Z,6.31
GU7 1DD,SEPD,LV,1,TM1426,18,2026-06-24T13:52:53Z,2026-06-24T20:11:22Z,6.31
GU7 1QS,SEPD,LV,1,TM1426,18,2026-06-24T13:52:53Z,2026-06-24T20:11:22Z,6.31
GU7 1QU,SEPD,LV,1,TM1426,18,2026-06-24T13:52:53Z,2026-06-24T20:11:22Z,6.31
GU7 1RU,SEPD,LV,1,TM1426,18,2026-06-24T13:52:53Z,2026-06-24T20:11:22Z,6.31
GU7 1TB,SEPD,LV,1,TM1426,18,2026-06-24T13:52:53Z,2026-06-24T20:11:22Z,6.31
GU8 4AR,SEPD,LV,1,TM1426,18,2026-06-24T13:52:53Z,2026-06-24T20:11:22Z,6.31
SO53 2DX,SEPD,LV,1,TM1286,11,2026-06-24T13:52:53Z,2026-06-24T20:11:22Z,6.31
SO53 5DP,SEPD,LV,1,TM1286,11,2026-06-24T13:52:53Z,2026-06-24T20:11:22Z,6.31
SO53 5DQ,SEPD,LV,1,TM1286,11,2026-06-24T13:52:53Z,2026-06-24T20:11:22Z,6.31
RG12 8DB,SEPD,LV,1,TM3107,16,2026-06-25T04:38:26Z,2026-06-25T10:51:36Z,6.22
RG12 8WU,SEPD,LV,1,TM3107,16,2026-06-25T04:38:26Z,2026-06-25T10:51:36Z,6.22
RG12 8XA,SEPD,LV,1,TM3107,16,2026-06-25T04:38:26Z,2026-06-25T10:51:36Z,6.22
RG12 8XX,SEPD,LV,1,TM3107,16,2026-06-25T04:38:26Z,2026-06-25T10:51:36Z,6.22
RG12 8YU,SEPD,LV,1,TM3107,16,2026-06-25T04:38:26Z,2026-06-25T10:51:36Z,6.22
PO22 6HS,SEPD,"LV,HV",2,"TM1752,TM2024",24,2026-06-24T16:12:37Z,2026-06-25T00:19:00Z,6.12
GU27 1RD,SEPD,LV,1,TM2360,19,2026-06-24T18:12:03Z,2026-06-25T00:19:00Z,6.12
GU27 1SA,SEPD,LV,1,TM2360,19,2026-06-24T18:12:03Z,2026-06-25T00:19:00Z,6.12
PO16 8HS,SEPD,LV,1,TM2102,11,2026-06-24T18:12:03Z,2026-06-25T00:19:00Z,6.12
BH8 8JT,SEPD,HV,1,TM8393,160,2026-06-26T16:52:59Z,2026-06-26T22:56:10Z,6.05
BH8 8LB,SEPD,HV,1,TM8393,160,2026-06-26T16:52:59Z,2026-06-26T22:56:10Z,6.05
BH8 8LJ,SEPD,HV,1,TM8393,160,2026-06-26T16:52:59Z,2026-06-26T22:56:10Z,6.05
BH8 8LL,SEPD,HV,1,TM8393,160,2026-06-26T16:52:59Z,2026-06-26T22:56:10Z,6.05
BH8 8LT,SEPD,HV,1,TM8393,160,2026-06-26T16:52:59Z,2026-06-26T22:56:10Z,6.05
BH8 8LY,SEPD,HV,1,TM8393,160,2026-06-26T16:52:59Z,2026-06-26T22:56:10Z,6.05
TW16 7JZ,SEPD,LV,1,TK8698,24,2026-06-23T05:47:19Z,2026-06-23T11:50:26Z,6.05
PO16 7DH,SEPD,LV,1,TM0491,13,2026-06-24T05:46:47Z,2026-06-24T11:34:27Z,5.79
PO16 7DN,SEPD,LV,1,TM0491,13,2026-06-24T05:46:47Z,2026-06-24T11:34:27Z,5.79
PO16 7DP,SEPD,LV,1,TM0491,13,2026-06-24T05:46:47Z,2026-06-24T11:34:27Z,5.79
PO16 7DQ,SEPD,LV,1,TM0491,13,2026-06-24T05:46:47Z,2026-06-24T11:34:27Z,5.79
PO16 7DS,SEPD,LV,1,TM0491,13,2026-06-24T05:46:47Z,2026-06-24T11:34:27Z,5.79
PO16 7DU,SEPD,LV,1,TM0491,13,2026-06-24T05:46:47Z,2026-06-24T11:34:27Z,5.79
PO16 7FA,SEPD,LV,1,TM0491,13,2026-06-24T05:46:47Z,2026-06-24T11:34:27Z,5.79
PO16 7XU,SEPD,LV,1,TM0491,13,2026-06-24T05:46:47Z,2026-06-24T11:34:27Z,5.79
SO45 1BZ,SEPD,LV,1,TK6950,25,2026-06-22T05:36:30Z,2026-06-22T11:21:18Z,5.75
SO45 1FL,SEPD,LV,1,TK6950,25,2026-06-22T05:36:30Z,2026-06-22T11:21:18Z,5.75
SO45 1FN,SEPD,LV,1,TK6950,25,2026-06-22T05:36:30Z,2026-06-22T11:21:18Z,5.75
SO45 1FP,SEPD,LV,1,TK6950,25,2026-06-22T05:36:30Z,2026-06-22T11:21:18Z,5.75
SO45 1FR,SEPD,LV,1,TK6950,25,2026-06-22T05:36:30Z,2026-06-22T11:21:18Z,5.75
SP6 3JS,SEPD,HV,1,TK7897,107,2026-06-22T16:07:52Z,2026-06-22T21:52:49Z,5.75
SP6 3LA,SEPD,HV,1,TK7897,107,2026-06-22T16:07:52Z,2026-06-22T21:52:49Z,5.75
SP6 3LJ,SEPD,HV,1,TK7897,107,2026-06-22T16:07:52Z,2026-06-22T21:52:49Z,5.75
SP6 3LN,SEPD,HV,1,TK7897,107,2026-06-22T16:07:52Z,2026-06-22T21:52:49Z,5.75
SP6 3LP,SEPD,HV,1,TK7897,107,2026-06-22T16:07:52Z,2026-06-22T21:52:49Z,5.75
SP6 3LR,SEPD,HV,1,TK7897,107,2026-06-22T16:07:52Z,2026-06-22T21:52:49Z,5.75
SP6 3LS,SEPD,HV,1,TK7897,107,2026-06-22T16:07:52Z,2026-06-22T21:52:49Z,5.75
SP6 3LT,SEPD,HV,1,TK7897,107,2026-06-22T16:07:52Z,2026-06-22T21:52:49Z,5.75
SP6 3LW,SEPD,HV,1,TK7897,107,2026-06-22T16:07:52Z,2026-06-22T21:52:49Z,5.75
OX11 8AX,SEPD,HV,1,TN0037,127,2026-06-27T20:17:28Z,2026-06-28T01:58:06Z,5.68
OX11 8EZ,SEPD,HV,1,TN0037,127,2026-06-27T20:17:28Z,2026-06-28T01:58:06Z,5.68
OX11 8SJ,SEPD,HV,1,TN0037,127,2026-06-27T20:17:28Z,2026-06-28T01:58:06Z,5.68
OX11 8SP,SEPD,HV,1,TN0037,127,2026-06-27T20:17:28Z,2026-06-28T01:58:06Z,5.68
OX11 8SX,SEPD,HV,1,TN0037,127,2026-06-27T20:17:28Z,2026-06-28T01:58:06Z,5.68
OX11 8SY,SEPD,HV,1,TN0037,127,2026-06-27T20:17:28Z,2026-06-28T01:58:06Z,5.68
OX11 8SZ,SEPD,HV,1,TN0037,127,2026-06-27T20:17:28Z,2026-06-28T01:58:06Z,5.68
OX11 8TA,SEPD,HV,1,TN0037,127,2026-06-27T20:17:28Z,2026-06-28T01:58:06Z,5.68
OX11 8TE,SEPD,HV,1,TN0037,127,2026-06-27T20:17:28Z,2026-06-28T01:58:06Z,5.68
OX11 8TF,SEPD,HV,1,TN0037,127,2026-06-27T20:17:28Z,2026-06-28T01:58:06Z,5.68
BH23 2RE,SEPD,LV,1,TK8093,11,2026-06-22T19:46:47Z,2026-06-23T01:26:30Z,5.66
SN14 7DD,SEPD,HV,1,TK8164,36,2026-06-22T19:46:47Z,2026-06-23T01:26:30Z,5.66
SN14 7EN,SEPD,HV,1,TK8164,36,2026-06-22T19:46:47Z,2026-06-23T01:26:30Z,5.66
SN14 7ER,SEPD,HV,1,TK8164,36,2026-06-22T19:46:47Z,2026-06-23T01:26:30Z,5.66
SN14 7ES,SEPD,HV,1,TK8164,36,2026-06-22T19:46:47Z,2026-06-23T01:26:30Z,5.66
SN14 7ET,SEPD,HV,1,TK8164,36,2026-06-22T19:46:47Z,2026-06-23T01:26:30Z,5.66
SN14 7EU,SEPD,HV,1,TK8164,36,2026-06-22T19:46:47Z,2026-06-23T01:26:30Z,5.66
SN14 7EW,SEPD,HV,1,TK8164,36,2026-06-22T19:46:47Z,2026-06-23T01:26:30Z,5.66
PO41 0SJ,SEPD,HV,1,TM1912,58,2026-06-24T16:12:37Z,2026-06-24T21:47:02Z,5.57
PO41 0SS,SEPD,HV,1,TM1912,58,2026-06-24T16:12:37Z,2026-06-24T21:47:02Z,5.57
PO41 0SU,SEPD,HV,1,TM1912,58,2026-06-24T16:12:37Z,2026-06-24T21:47:02Z,5.57
PO41 0SX,SEPD,HV,1,TM1912,58,2026-06-24T16:12:37Z,2026-06-24T21:47:02Z,5.57
PO41 0SY,SEPD,HV,1,TM1912,58,2026-06-24T16:12:37Z,2026-06-24T21:47:02Z,5.57
PO41 0SZ,SEPD,HV,1,TM1912,58,2026-06-24T16:12:37Z,2026-06-24T21:47:02Z,5.57
SL9 8TU,SEPD,HV,2,"TM3353,TM7887",107,2026-06-25T08:03:23Z,2026-06-26T20:20:06Z,5.56
HP8 4DX,SEPD,HV,1,TM7887,5,2026-06-26T14:46:38Z,2026-06-26T20:20:06Z,5.56
IV51 9XP,SHEPD,LV,1,TM7701,7,2026-06-26T14:46:38Z,2026-06-26T20:20:06Z,5.56
IV51 9XU,SHEPD,LV,1,TM7701,7,2026-06-26T14:46:38Z,2026-06-26T20:20:06Z,5.56
IV51 9XX,SHEPD,LV,1,TM7701,7,2026-06-26T14:46:38Z,2026-06-26T20:20:06Z,5.56
KW17 2AF,SHEPD,HV,1,TK6471,37,2026-06-21T18:49:26Z,2026-06-22T00:19:27Z,5.5
KW17 2AG,SHEPD,HV,1,TK6471,37,2026-06-21T18:49:26Z,2026-06-22T00:19:27Z,5.5
KW17 2AJ,SHEPD,HV,1,TK6471,37,2026-06-21T18:49:26Z,2026-06-22T00:19:27Z,5.5
OX2 0QU,SEPD,HV,1,TK6394,946,2026-06-21T18:49:26Z,2026-06-22T00:19:27Z,5.5
OX3 8BY,SEPD,HV,1,TK6394,946,2026-06-21T18:49:26Z,2026-06-22T00:19:27Z,5.5
OX3 8DP,SEPD,HV,1,TK6394,946,2026-06-21T18:49:26Z,2026-06-22T00:19:27Z,5.5
OX3 8DZ,SEPD,HV,1,TK6394,946,2026-06-21T18:49:26Z,2026-06-22T00:19:27Z,5.5
OX3 8EA,SEPD,HV,1,TK6394,946,2026-06-21T18:49:26Z,2026-06-22T00:19:27Z,5.5
OX3 8EB,SEPD,HV,1,TK6394,946,2026-06-21T18:49:26Z,2026-06-22T00:19:27Z,5.5
OX3 8ED,SEPD,HV,1,TK6394,946,2026-06-21T18:49:26Z,2026-06-22T00:19:27Z,5.5
OX3 8EE,SEPD,HV,1,TK6394,946,2026-06-21T18:49:26Z,2026-06-22T00:19:27Z,5.5
OX3 8EF,SEPD,HV,1,TK6394,946,2026-06-21T18:49:26Z,2026-06-22T00:19:27Z,5.5
OX3 8EQ,SEPD,HV,1,TK6394,946,2026-06-21T18:49:26Z,2026-06-22T00:19:27Z,5.5
OX3 8FP,SEPD,HV,1,TK6394,946,2026-06-21T18:49:26Z,2026-06-22T00:19:27Z,5.5
OX3 8GG,SEPD,HV,1,TK6394,946,2026-06-21T18:49:26Z,2026-06-22T00:19:27Z,5.5
OX3 8TA,SEPD,HV,1,TK6394,946,2026-06-21T18:49:26Z,2026-06-22T00:19:27Z,5.5
OX3 9RY,SEPD,HV,1,TK6394,946,2026-06-21T18:49:26Z,2026-06-22T00:19:27Z,5.5
OX3 9RZ,SEPD,HV,1,TK6394,946,2026-06-21T18:49:26Z,2026-06-22T00:19:27Z,5.5
OX3 9SA,SEPD,HV,1,TK6394,946,2026-06-21T18:49:26Z,2026-06-22T00:19:27Z,5.5
OX3 9SB,SEPD,HV,1,TK6394,946,2026-06-21T18:49:26Z,2026-06-22T00:19:27Z,5.5
OX3 9SL,SEPD,HV,1,TK6394,946,2026-06-21T18:49:26Z,2026-06-22T00:19:27Z,5.5
OX3 9SS,SEPD,HV,1,TK6394,946,2026-06-21T18:49:26Z,2026-06-22T00:19:27Z,5.5
OX3 9ST,SEPD,HV,1,TK6394,946,2026-06-21T18:49:26Z,2026-06-22T00:19:27Z,5.5
OX3 9SX,SEPD,HV,1,TK6394,946,2026-06-21T18:49:26Z,2026-06-22T00:19:27Z,5.5
OX3 9SY,SEPD,HV,1,TK6394,946,2026-06-21T18:49:26Z,2026-06-22T00:19:27Z,5.5
OX3 9SZ,SEPD,HV,1,TK6394,946,2026-06-21T18:49:26Z,2026-06-22T00:19:27Z,5.5
OX3 9TA,SEPD,HV,1,TK6394,946,2026-06-21T18:49:26Z,2026-06-22T00:19:27Z,5.5
OX3 9TH,SEPD,HV,1,TK6394,946,2026-06-21T18:49:26Z,2026-06-22T00:19:27Z,5.5
OX3 9TZ,SEPD,HV,1,TK6394,946,2026-06-21T18:49:26Z,2026-06-22T00:19:27Z,5.5
OX3 9UA,SEPD,HV,1,TK6394,946,2026-06-21T18:49:26Z,2026-06-22T00:19:27Z,5.5
OX3 9UB,SEPD,HV,1,TK6394,946,2026-06-21T18:49:26Z,2026-06-22T00:19:27Z,5.5
OX3 9UZ,SEPD,HV,1,TK6394,946,2026-06-21T18:49:26Z,2026-06-22T00:19:27Z,5.5
OX3 9XA,SEPD,HV,1,TK6394,946,2026-06-21T18:49:26Z,2026-06-22T00:19:27Z,5.5
OX33 1AD,SEPD,HV,1,TK6394,946,2026-06-21T18:49:26Z,2026-06-22T00:19:27Z,5.5
OX33 1AF,SEPD,HV,1,TK6394,946,2026-06-21T18:49:26Z,2026-06-22T00:19:27Z,5.5
OX33 1AG,SEPD,HV,1,TK6394,946,2026-06-21T18:49:26Z,2026-06-22T00:19:27Z,5.5
OX33 1AH,SEPD,HV,1,TK6394,946,2026-06-21T18:49:26Z,2026-06-22T00:19:27Z,5.5
OX33 1AJ,SEPD,HV,1,TK6394,946,2026-06-21T18:49:26Z,2026-06-22T00:19:27Z,5.5
OX33 1AL,SEPD,HV,1,TK6394,946,2026-06-21T18:49:26Z,2026-06-22T00:19:27Z,5.5
OX33 1AQ,SEPD,HV,1,TK6394,946,2026-06-21T18:49:26Z,2026-06-22T00:19:27Z,5.5
OX33 1BF,SEPD,HV,1,TK6394,946,2026-06-21T18:49:26Z,2026-06-22T00:19:27Z,5.5
OX33 1DN,SEPD,HV,1,TK6394,946,2026-06-21T18:49:26Z,2026-06-22T00:19:27Z,5.5
OX33 1DP,SEPD,HV,1,TK6394,946,2026-06-21T18:49:26Z,2026-06-22T00:19:27Z,5.5
OX33 1DT,SEPD,HV,1,TK6394,946,2026-06-21T18:49:26Z,2026-06-22T00:19:27Z,5.5
OX33 1DU,SEPD,HV,1,TK6394,946,2026-06-21T18:49:26Z,2026-06-22T00:19:27Z,5.5
OX33 1DW,SEPD,HV,1,TK6394,946,2026-06-21T18:49:26Z,2026-06-22T00:19:27Z,5.5
OX33 1DX,SEPD,HV,1,TK6394,946,2026-06-21T18:49:26Z,2026-06-22T00:19:27Z,5.5
OX33 1DY,SEPD,HV,1,TK6394,946,2026-06-21T18:49:26Z,2026-06-22T00:19:27Z,5.5
OX33 1DZ,SEPD,HV,1,TK6394,946,2026-06-21T18:49:26Z,2026-06-22T00:19:27Z,5.5
OX33 1EA,SEPD,HV,1,TK6394,946,2026-06-21T18:49:26Z,2026-06-22T00:19:27Z,5.5
OX33 1EB,SEPD,HV,1,TK6394,946,2026-06-21T18:49:26Z,2026-06-22T00:19:27Z,5.5
OX33 1EF,SEPD,HV,1,TK6394,946,2026-06-21T18:49:26Z,2026-06-22T00:19:27Z,5.5
OX33 1EG,SEPD,HV,1,TK6394,946,2026-06-21T18:49:26Z,2026-06-22T00:19:27Z,5.5
OX33 1EH,SEPD,HV,1,TK6394,946,2026-06-21T18:49:26Z,2026-06-22T00:19:27Z,5.5
OX33 1EJ,SEPD,HV,1,TK6394,946,2026-06-21T18:49:26Z,2026-06-22T00:19:27Z,5.5
OX33 1EL,SEPD,HV,1,TK6394,946,2026-06-21T18:49:26Z,2026-06-22T00:19:27Z,5.5
OX33 1EN,SEPD,HV,1,TK6394,946,2026-06-21T18:49:26Z,2026-06-22T00:19:27Z,5.5
OX33 1EP,SEPD,HV,1,TK6394,946,2026-06-21T18:49:26Z,2026-06-22T00:19:27Z,5.5
OX33 1EQ,SEPD,HV,1,TK6394,946,2026-06-21T18:49:26Z,2026-06-22T00:19:27Z,5.5
OX33 1ES,SEPD,HV,1,TK6394,946,2026-06-21T18:49:26Z,2026-06-22T00:19:27Z,5.5
OX33 1ET,SEPD,HV,1,TK6394,946,2026-06-21T18:49:26Z,2026-06-22T00:19:27Z,5.5
OX33 1EU,SEPD,HV,1,TK6394,946,2026-06-21T18:49:26Z,2026-06-22T00:19:27Z,5.5
OX33 1EW,SEPD,HV,1,TK6394,946,2026-06-21T18:49:26Z,2026-06-22T00:19:27Z,5.5
OX33 1EX,SEPD,HV,1,TK6394,946,2026-06-21T18:49:26Z,2026-06-22T00:19:27Z,5.5
OX33 1EY,SEPD,HV,1,TK6394,946,2026-06-21T18:49:26Z,2026-06-22T00:19:27Z,5.5
OX33 1EZ,SEPD,HV,1,TK6394,946,2026-06-21T18:49:26Z,2026-06-22T00:19:27Z,5.5
OX33 1FY,SEPD,HV,1,TK6394,946,2026-06-21T18:49:26Z,2026-06-22T00:19:27Z,5.5
OX33 1HA,SEPD,HV,1,TK6394,946,2026-06-21T18:49:26Z,2026-06-22T00:19:27Z,5.5
OX33 1HB,SEPD,HV,1,TK6394,946,2026-06-21T18:49:26Z,2026-06-22T00:19:27Z,5.5
OX33 1HD,SEPD,HV,1,TK6394,946,2026-06-21T18:49:26Z,2026-06-22T00:19:27Z,5.5
OX33 1HE,SEPD,HV,1,TK6394,946,2026-06-21T18:49:26Z,2026-06-22T00:19:27Z,5.5
OX33 1HF,SEPD,HV,1,TK6394,946,2026-06-21T18:49:26Z,2026-06-22T00:19:27Z,5.5
OX33 1HG,SEPD,HV,1,TK6394,946,2026-06-21T18:49:26Z,2026-06-22T00:19:27Z,5.5
OX33 1HH,SEPD,HV,1,TK6394,946,2026-06-21T18:49:26Z,2026-06-22T00:19:27Z,5.5
OX33 1HJ,SEPD,HV,1,TK6394,946,2026-06-21T18:49:26Z,2026-06-22T00:19:27Z,5.5
OX33 1HL,SEPD,HV,1,TK6394,946,2026-06-21T18:49:26Z,2026-06-22T00:19:27Z,5.5
OX33 1HN,SEPD,HV,1,TK6394,946,2026-06-21T18:49:26Z,2026-06-22T00:19:27Z,5.5
OX33 1HP,SEPD,HV,1,TK6394,946,2026-06-21T18:49:26Z,2026-06-22T00:19:27Z,5.5
OX33 1HQ,SEPD,HV,1,TK6394,946,2026-06-21T18:49:26Z,2026-06-22T00:19:27Z,5.5
OX33 1HR,SEPD,HV,1,TK6394,946,2026-06-21T18:49:26Z,2026-06-22T00:19:27Z,5.5
OX33 1HS,SEPD,HV,1,TK6394,946,2026-06-21T18:49:26Z,2026-06-22T00:19:27Z,5.5
OX33 1HU,SEPD,HV,1,TK6394,946,2026-06-21T18:49:26Z,2026-06-22T00:19:27Z,5.5
OX33 1HW,SEPD,HV,1,TK6394,946,2026-06-21T18:49:26Z,2026-06-22T00:19:27Z,5.5
OX33 1JH,SEPD,HV,1,TK6394,946,2026-06-21T18:49:26Z,2026-06-22T00:19:27Z,5.5
OX33 1NB,SEPD,HV,1,TK6394,946,2026-06-21T18:49:26Z,2026-06-22T00:19:27Z,5.5
OX33 1ND,SEPD,HV,1,TK6394,946,2026-06-21T18:49:26Z,2026-06-22T00:19:27Z,5.5
OX33 1NE,SEPD,HV,1,TK6394,946,2026-06-21T18:49:26Z,2026-06-22T00:19:27Z,5.5
OX33 1NG,SEPD,HV,1,TK6394,946,2026-06-21T18:49:26Z,2026-06-22T00:19:27Z,5.5
OX33 1NH,SEPD,HV,1,TK6394,946,2026-06-21T18:49:26Z,2026-06-22T00:19:27Z,5.5
OX33 1NY,SEPD,HV,1,TK6394,946,2026-06-21T18:49:26Z,2026-06-22T00:19:27Z,5.5
OX33 1PB,SEPD,HV,1,TK6394,946,2026-06-21T18:49:26Z,2026-06-22T00:19:27Z,5.5
OX33 1PR,SEPD,HV,1,TK6394,946,2026-06-21T18:49:26Z,2026-06-22T00:19:27Z,5.5
OX33 1PS,SEPD,HV,1,TK6394,946,2026-06-21T18:49:26Z,2026-06-22T00:19:27Z,5.5
OX33 1PT,SEPD,HV,1,TK6394,946,2026-06-21T18:49:26Z,2026-06-22T00:19:27Z,5.5
OX33 1PU,SEPD,HV,1,TK6394,946,2026-06-21T18:49:26Z,2026-06-22T00:19:27Z,5.5
OX33 1PW,SEPD,HV,1,TK6394,946,2026-06-21T18:49:26Z,2026-06-22T00:19:27Z,5.5
OX33 1PX,SEPD,HV,1,TK6394,946,2026-06-21T18:49:26Z,2026-06-22T00:19:27Z,5.5
OX33 1PY,SEPD,HV,1,TK6394,946,2026-06-21T18:49:26Z,2026-06-22T00:19:27Z,5.5
OX33 1PZ,SEPD,HV,1,TK6394,946,2026-06-21T18:49:26Z,2026-06-22T00:19:27Z,5.5
OX33 1QA,SEPD,HV,1,TK6394,946,2026-06-21T18:49:26Z,2026-06-22T00:19:27Z,5.5
OX33 1QB,SEPD,HV,1,TK6394,946,2026-06-21T18:49:26Z,2026-06-22T00:19:27Z,5.5
OX33 1QD,SEPD,HV,1,TK6394,946,2026-06-21T18:49:26Z,2026-06-22T00:19:27Z,5.5
OX33 1QF,SEPD,HV,1,TK6394,946,2026-06-21T18:49:26Z,2026-06-22T00:19:27Z,5.5
OX33 1QG,SEPD,HV,1,TK6394,946,2026-06-21T18:49:26Z,2026-06-22T00:19:27Z,5.5
OX33 1QH,SEPD,HV,1,TK6394,946,2026-06-21T18:49:26Z,2026-06-22T00:19:27Z,5.5
OX33 1QJ,SEPD,HV,1,TK6394,946,2026-06-21T18:49:26Z,2026-06-22T00:19:27Z,5.5
OX33 1QL,SEPD,HV,1,TK6394,946,2026-06-21T18:49:26Z,2026-06-22T00:19:27Z,5.5
OX33 1QQ,SEPD,HV,1,TK6394,946,2026-06-21T18:49:26Z,2026-06-22T00:19:27Z,5.5
OX33 1QU,SEPD,HV,1,TK6394,946,2026-06-21T18:49:26Z,2026-06-22T00:19:27Z,5.5
OX33 1QZ,SEPD,HV,1,TK6394,946,2026-06-21T18:49:26Z,2026-06-22T00:19:27Z,5.5
OX33 1YB,SEPD,HV,1,TK6394,946,2026-06-21T18:49:26Z,2026-06-22T00:19:27Z,5.5
OX33 1YJ,SEPD,HV,1,TK6394,946,2026-06-21T18:49:26Z,2026-06-22T00:19:27Z,5.5
OX33 1YW,SEPD,HV,1,TK6394,946,2026-06-21T18:49:26Z,2026-06-22T00:19:27Z,5.5
OX44 7TP,SEPD,HV,1,TK6394,946,2026-06-21T18:49:26Z,2026-06-22T00:19:27Z,5.5
OX9 3TT,SEPD,HV,1,TK6394,946,2026-06-21T18:49:26Z,2026-06-22T00:19:27Z,5.5
UB5,SEPD,LV,1,TK6397,50,2026-06-21T18:49:26Z,2026-06-22T00:19:27Z,5.5
UB5 4JH,SEPD,LV,1,TK6397,50,2026-06-21T18:49:26Z,2026-06-22T00:19:27Z,5.5
UB5 4JS,SEPD,LV,1,TK6397,50,2026-06-21T18:49:26Z,2026-06-22T00:19:27Z,5.5
UB5 4JW,SEPD,LV,1,TK6397,50,2026-06-21T18:49:26Z,2026-06-22T00:19:27Z,5.5
UB5 4LE,SEPD,LV,1,TK6397,50,2026-06-21T18:49:26Z,2026-06-22T00:19:27Z,5.5
UB5 4LG,SEPD,LV,1,TK6397,50,2026-06-21T18:49:26Z,2026-06-22T00:19:27Z,5.5
UB5 4TA,SEPD,LV,1,TK6397,50,2026-06-21T18:49:26Z,2026-06-22T00:19:27Z,5.5
UB5 4TB,SEPD,LV,1,TK6397,50,2026-06-21T18:49:26Z,2026-06-22T00:19:27Z,5.5
UB5 4TH,SEPD,LV,1,TK6397,50,2026-06-21T18:49:26Z,2026-06-22T00:19:27Z,5.5
UB5 4TQ,SEPD,LV,1,TK6397,50,2026-06-21T18:49:26Z,2026-06-22T00:19:27Z,5.5
UB9 6AA,SEPD,HV,1,TK6472,244,2026-06-21T18:49:26Z,2026-06-22T00:19:27Z,5.5
UB9 6AB,SEPD,HV,1,TK6472,244,2026-06-21T18:49:26Z,2026-06-22T00:19:27Z,5.5
UB9 6AD,SEPD,HV,1,TK6472,244,2026-06-21T18:49:26Z,2026-06-22T00:19:27Z,5.5
UB9 6AE,SEPD,HV,1,TK6472,244,2026-06-21T18:49:26Z,2026-06-22T00:19:27Z,5.5
UB9 6AF,SEPD,HV,1,TK6472,244,2026-06-21T18:49:26Z,2026-06-22T00:19:27Z,5.5
UB9 6AG,SEPD,HV,1,TK6472,244,2026-06-21T18:49:26Z,2026-06-22T00:19:27Z,5.5
UB9 6AH,SEPD,HV,1,TK6472,244,2026-06-21T18:49:26Z,2026-06-22T00:19:27Z,5.5
UB9 6AJ,SEPD,HV,1,TK6472,244,2026-06-21T18:49:26Z,2026-06-22T00:19:27Z,5.5
UB9 6AL,SEPD,HV,1,TK6472,244,2026-06-21T18:49:26Z,2026-06-22T00:19:27Z,5.5
UB9 6AP,SEPD,HV,1,TK6472,244,2026-06-21T18:49:26Z,2026-06-22T00:19:27Z,5.5
UB9 6AQ,SEPD,HV,1,TK6472,244,2026-06-21T18:49:26Z,2026-06-22T00:19:27Z,5.5
UB9 6AZ,SEPD,HV,1,TK6472,244,2026-06-21T18:49:26Z,2026-06-22T00:19:27Z,5.5
UB9 6BB,SEPD,HV,1,TK6472,244,2026-06-21T18:49:26Z,2026-06-22T00:19:27Z,5.5
UB9 6BJ,SEPD,HV,1,TK6472,244,2026-06-21T18:49:26Z,2026-06-22T00:19:27Z,5.5
UB9 6BL,SEPD,HV,1,TK6472,244,2026-06-21T18:49:26Z,2026-06-22T00:19:27Z,5.5
UB9 6BP,SEPD,HV,1,TK6472,244,2026-06-21T18:49:26Z,2026-06-22T00:19:27Z,5.5
UB9 6BS,SEPD,HV,1,TK6472,244,2026-06-21T18:49:26Z,2026-06-22T00:19:27Z,5.5
UB9 6BT,SEPD,HV,1,TK6472,244,2026-06-21T18:49:26Z,2026-06-22T00:19:27Z,5.5
UB9 6BU,SEPD,HV,1,TK6472,244,2026-06-21T18:49:26Z,2026-06-22T00:19:27Z,5.5
UB9 6BW,SEPD,HV,1,TK6472,244,2026-06-21T18:49:26Z,2026-06-22T00:19:27Z,5.5
UB9 6BX,SEPD,HV,1,TK6472,244,2026-06-21T18:49:26Z,2026-06-22T00:19:27Z,5.5
UB9 6BY,SEPD,HV,1,TK6472,244,2026-06-21T18:49:26Z,2026-06-22T00:19:27Z,5.5
UB9 6BZ,SEPD,HV,1,TK6472,244,2026-06-21T18:49:26Z,2026-06-22T00:19:27Z,5.5
UB9 6DA,SEPD,HV,1,TK6472,244,2026-06-21T18:49:26Z,2026-06-22T00:19:27Z,5.5
UB9 6DB,SEPD,HV,1,TK6472,244,2026-06-21T18:49:26Z,2026-06-22T00:19:27Z,5.5
UB9 6DD,SEPD,HV,1,TK6472,244,2026-06-21T18:49:26Z,2026-06-22T00:19:27Z,5.5
UB9 6DE,SEPD,HV,1,TK6472,244,2026-06-21T18:49:26Z,2026-06-22T00:19:27Z,5.5
UB9 6DG,SEPD,HV,1,TK6472,244,2026-06-21T18:49:26Z,2026-06-22T00:19:27Z,5.5
UB9 6DH,SEPD,HV,1,TK6472,244,2026-06-21T18:49:26Z,2026-06-22T00:19:27Z,5.5
UB9 6DJ,SEPD,HV,1,TK6472,244,2026-06-21T18:49:26Z,2026-06-22T00:19:27Z,5.5
UB9 6DL,SEPD,HV,1,TK6472,244,2026-06-21T18:49:26Z,2026-06-22T00:19:27Z,5.5
UB9 6DN,SEPD,HV,1,TK6472,244,2026-06-21T18:49:26Z,2026-06-22T00:19:27Z,5.5
UB9 6DP,SEPD,HV,1,TK6472,244,2026-06-21T18:49:26Z,2026-06-22T00:19:27Z,5.5
UB9 6DQ,SEPD,HV,1,TK6472,244,2026-06-21T18:49:26Z,2026-06-22T00:19:27Z,5.5
UB9 6DR,SEPD,HV,1,TK6472,244,2026-06-21T18:49:26Z,2026-06-22T00:19:27Z,5.5
UB9 6DS,SEPD,HV,1,TK6472,244,2026-06-21T18:49:26Z,2026-06-22T00:19:27Z,5.5
UB9 6DT,SEPD,HV,1,TK6472,244,2026-06-21T18:49:26Z,2026-06-22T00:19:27Z,5.5
UB9 6DU,SEPD,HV,1,TK6472,244,2026-06-21T18:49:26Z,2026-06-22T00:19:27Z,5.5
UB9 6DW,SEPD,HV,1,TK6472,244,2026-06-21T18:49:26Z,2026-06-22T00:19:27Z,5.5
UB9 6DX,SEPD,HV,1,TK6472,244,2026-06-21T18:49:26Z,2026-06-22T00:19:27Z,5.5
UB9 6DY,SEPD,HV,1,TK6472,244,2026-06-21T18:49:26Z,2026-06-22T00:19:27Z,5.5
UB9 6DZ,SEPD,HV,1,TK6472,244,2026-06-21T18:49:26Z,2026-06-22T00:19:27Z,5.5
UB9 6EB,SEPD,HV,1,TK6472,244,2026-06-21T18:49:26Z,2026-06-22T00:19:27Z,5.5
UB9 6ED,SEPD,HV,1,TK6472,244,2026-06-21T18:49:26Z,2026-06-22T00:19:27Z,5.5
UB9 6EE,SEPD,HV,1,TK6472,244,2026-06-21T18:49:26Z,2026-06-22T00:19:27Z,5.5
UB9 6EG,SEPD,HV,1,TK6472,244,2026-06-21T18:49:26Z,2026-06-22T00:19:27Z,5.5
UB9 6EH,SEPD,HV,1,TK6472,244,2026-06-21T18:49:26Z,2026-06-22T00:19:27Z,5.5
UB9 6EL,SEPD,HV,1,TK6472,244,2026-06-21T18:49:26Z,2026-06-22T00:19:27Z,5.5
UB9 6EN,SEPD,HV,1,TK6472,244,2026-06-21T18:49:26Z,2026-06-22T00:19:27Z,5.5
UB9 6EP,SEPD,HV,1,TK6472,244,2026-06-21T18:49:26Z,2026-06-22T00:19:27Z,5.5
UB9 6ER,SEPD,HV,1,TK6472,244,2026-06-21T18:49:26Z,2026-06-22T00:19:27Z,5.5
UB9 6ES,SEPD,HV,1,TK6472,244,2026-06-21T18:49:26Z,2026-06-22T00:19:27Z,5.5
UB9 6ET,SEPD,HV,1,TK6472,244,2026-06-21T18:49:26Z,2026-06-22T00:19:27Z,5.5
UB9 6EW,SEPD,HV,1,TK6472,244,2026-06-21T18:49:26Z,2026-06-22T00:19:27Z,5.5
UB9 6FG,SEPD,HV,1,TK6472,244,2026-06-21T18:49:26Z,2026-06-22T00:19:27Z,5.5
UB9 6FH,SEPD,HV,1,TK6472,244,2026-06-21T18:49:26Z,2026-06-22T00:19:27Z,5.5
UB9 6FJ,SEPD,HV,1,TK6472,244,2026-06-21T18:49:26Z,2026-06-22T00:19:27Z,5.5
UB9 6HE,SEPD,HV,1,TK6472,244,2026-06-21T18:49:26Z,2026-06-22T00:19:27Z,5.5
UB9 6HH,SEPD,HV,1,TK6472,244,2026-06-21T18:49:26Z,2026-06-22T00:19:27Z,5.5
UB9 6HJ,SEPD,HV,1,TK6472,244,2026-06-21T18:49:26Z,2026-06-22T00:19:27Z,5.5
UB9 6HL,SEPD,HV,1,TK6472,244,2026-06-21T18:49:26Z,2026-06-22T00:19:27Z,5.5
UB9 6HZ,SEPD,HV,1,TK6472,244,2026-06-21T18:49:26Z,2026-06-22T00:19:27Z,5.5
UB9 6JA,SEPD,HV,1,TK6472,244,2026-06-21T18:49:26Z,2026-06-22T00:19:27Z,5.5
UB9 6JB,SEPD,HV,1,TK6472,244,2026-06-21T18:49:26Z,2026-06-22T00:19:27Z,5.5
UB9 6JD,SEPD,HV,1,TK6472,244,2026-06-21T18:49:26Z,2026-06-22T00:19:27Z,5.5
UB9 6JH,SEPD,HV,1,TK6472,244,2026-06-21T18:49:26Z,2026-06-22T00:19:27Z,5.5
UB9 6JX,SEPD,HV,1,TK6472,244,2026-06-21T18:49:26Z,2026-06-22T00:19:27Z,5.5
UB9 6JY,SEPD,HV,1,TK6472,244,2026-06-21T18:49:26Z,2026-06-22T00:19:27Z,5.5
UB9 6JZ,SEPD,HV,1,TK6472,244,2026-06-21T18:49:26Z,2026-06-22T00:19:27Z,5.5
UB9 6LA,SEPD,HV,1,TK6472,244,2026-06-21T18:49:26Z,2026-06-22T00:19:27Z,5.5
UB9 6LP,SEPD,HV,1,TK6472,244,2026-06-21T18:49:26Z,2026-06-22T00:19:27Z,5.5
UB9 6LW,SEPD,HV,1,TK6472,244,2026-06-21T18:49:26Z,2026-06-22T00:19:27Z,5.5
UB9 6LY,SEPD,HV,1,TK6472,244,2026-06-21T18:49:26Z,2026-06-22T00:19:27Z,5.5
UB9 6LZ,SEPD,HV,1,TK6472,244,2026-06-21T18:49:26Z,2026-06-22T00:19:27Z,5.5
UB9 6NA,SEPD,HV,1,TK6472,244,2026-06-21T18:49:26Z,2026-06-22T00:19:27Z,5.5
UB9 6NB,SEPD,HV,1,TK6472,244,2026-06-21T18:49:26Z,2026-06-22T00:19:27Z,5.5
UB9 6NP,SEPD,HV,1,TK6472,244,2026-06-21T18:49:26Z,2026-06-22T00:19:27Z,5.5
UB9 6NU,SEPD,HV,1,TK6472,244,2026-06-21T18:49:26Z,2026-06-22T00:19:27Z,5.5
UB9 6PN,SEPD,HV,1,TK6472,244,2026-06-21T18:49:26Z,2026-06-22T00:19:27Z,5.5
UB9 6PS,SEPD,HV,1,TK6472,244,2026-06-21T18:49:26Z,2026-06-22T00:19:27Z,5.5
UB9 6PT,SEPD,HV,1,TK6472,244,2026-06-21T18:49:26Z,2026-06-22T00:19:27Z,5.5
UB9 6PU,SEPD,HV,1,TK6472,244,2026-06-21T18:49:26Z,2026-06-22T00:19:27Z,5.5
UB9 6PX,SEPD,HV,1,TK6472,244,2026-06-21T18:49:26Z,2026-06-22T00:19:27Z,5.5
UB9 6PY,SEPD,HV,1,TK6472,244,2026-06-21T18:49:26Z,2026-06-22T00:19:27Z,5.5
UB9 6PZ,SEPD,HV,1,TK6472,244,2026-06-21T18:49:26Z,2026-06-22T00:19:27Z,5.5
UB9 6QS,SEPD,HV,1,TK6472,244,2026-06-21T18:49:26Z,2026-06-22T00:19:27Z,5.5
UB9 6RA,SEPD,HV,1,TK6472,244,2026-06-21T18:49:26Z,2026-06-22T00:19:27Z,5.5
UB9 6RB,SEPD,HV,1,TK6472,244,2026-06-21T18:49:26Z,2026-06-22T00:19:27Z,5.5
UB9 6RD,SEPD,HV,1,TK6472,244,2026-06-21T18:49:26Z,2026-06-22T00:19:27Z,5.5
UB9 6RE,SEPD,HV,1,TK6472,244,2026-06-21T18:49:26Z,2026-06-22T00:19:27Z,5.5
UB9 6RF,SEPD,HV,1,TK6472,244,2026-06-21T18:49:26Z,2026-06-22T00:19:27Z,5.5
UB9 6RG,SEPD,HV,1,TK6472,244,2026-06-21T18:49:26Z,2026-06-22T00:19:27Z,5.5
UB9 6RQ,SEPD,HV,1,TK6472,244,2026-06-21T18:49:26Z,2026-06-22T00:19:27Z,5.5
UB9 6SA,SEPD,HV,1,TK6472,244,2026-06-21T18:49:26Z,2026-06-22T00:19:27Z,5.5
UB9 6TH,SEPD,HV,1,TK6472,244,2026-06-21T18:49:26Z,2026-06-22T00:19:27Z,5.5
WD3 1PX,SEPD,HV,1,TK6472,244,2026-06-21T18:49:26Z,2026-06-22T00:19:27Z,5.5
WD3 1PY,SEPD,HV,1,TK6472,244,2026-06-21T18:49:26Z,2026-06-22T00:19:27Z,5.5
BH9 1BJ,SEPD,LV,1,TK6600,32,2026-06-21T18:50:32Z,2026-06-22T00:19:27Z,5.48
BH9 2AD,SEPD,LV,1,TK6600,32,2026-06-21T18:50:32Z,2026-06-22T00:19:27Z,5.48
BH9 2FD,SEPD,LV,1,TK6600,32,2026-06-21T18:50:32Z,2026-06-22T00:19:27Z,5.48
BH9 2HE,SEPD,LV,1,TK6600,32,2026-06-21T18:50:32Z,2026-06-22T00:19:27Z,5.48
BH9 2JL,SEPD,LV,1,TK6600,32,2026-06-21T18:50:32Z,2026-06-22T00:19:27Z,5.48
BH9 2JW,SEPD,LV,1,TK6600,32,2026-06-21T18:50:32Z,2026-06-22T00:19:27Z,5.48
BH9 2NT,SEPD,LV,1,TK6600,32,2026-06-21T18:50:32Z,2026-06-22T00:19:27Z,5.48
BH9 2NU,SEPD,LV,1,TK6600,32,2026-06-21T18:50:32Z,2026-06-22T00:19:27Z,5.48
BH9 2NZ,SEPD,LV,1,TK6600,32,2026-06-21T18:50:32Z,2026-06-22T00:19:27Z,5.48
BH9 2PA,SEPD,LV,1,TK6600,32,2026-06-21T18:50:32Z,2026-06-22T00:19:27Z,5.48
BH9 2PL,SEPD,LV,1,TK6600,32,2026-06-21T18:50:32Z,2026-06-22T00:19:27Z,5.48
BH9 2PW,SEPD,LV,1,TK6600,32,2026-06-21T18:50:32Z,2026-06-22T00:19:27Z,5.48
PO4 9EZ,SEPD,LV,2,"TK8670,TM1321",44,2026-06-23T08:50:42Z,2026-06-24T13:52:53Z,5.39
PO4 9HS,SEPD,LV,2,"TK8670,TM1321",44,2026-06-23T08:50:42Z,2026-06-24T13:52:53Z,5.39
PO4 9HU,SEPD,LV,2,"TK8670,TM1321",44,2026-06-23T08:50:42Z,2026-06-24T13:52:53Z,5.39
PO4 9HX,SEPD,LV,2,"TK8670,TM1321",44,2026-06-23T08:50:42Z,2026-06-24T13:52:53Z,5.39
PO4 9LL,SEPD,LV,2,"TK8670,TM1321",44,2026-06-23T08:50:42Z,2026-06-24T13:52:53Z,5.39
PO4 9NH,SEPD,LV,2,"TK8670,TM1321",44,2026-06-23T08:50:42Z,2026-06-24T13:52:53Z,5.39
PO4 9PJ,SEPD,LV,2,"TK8670,TM1321",44,2026-06-23T08:50:42Z,2026-06-24T13:52:53Z,5.39
PO4 9PN,SEPD,LV,2,"TK8670,TM1321",44,2026-06-23T08:50:42Z,2026-06-24T13:52:53Z,5.39
PO4 9PU,SEPD,LV,2,"TK8670,TM1321",44,2026-06-23T08:50:42Z,2026-06-24T13:52:53Z,5.39
PO4 9SL,SEPD,LV,2,"TK8670,TM1321",44,2026-06-23T08:50:42Z,2026-06-24T13:52:53Z,5.39
PO4 9ST,SEPD,LV,2,"TK8670,TM1321",44,2026-06-23T08:50:42Z,2026-06-24T13:52:53Z,5.39
HS3 3EX,SHEPD,HV,1,TK8937,37,2026-06-23T08:50:42Z,2026-06-23T14:14:17Z,5.39
HS3 3EY,SHEPD,HV,1,TK8937,37,2026-06-23T08:50:42Z,2026-06-23T14:14:17Z,5.39
HS3 3HB,SHEPD,HV,1,TK8937,37,2026-06-23T08:50:42Z,2026-06-23T14:14:17Z,5.39
MK18 4AT,SEPD,PSI,1,251729,9,2026-06-23T08:50:42Z,2026-06-23T14:14:17Z,5.39
RG18 3EH,SEPD,PSI,1,252304,2,2026-06-23T08:50:42Z,2026-06-23T14:14:17Z,5.39
IV19 1NA,SHEPD,HV,1,TM5489,70,2026-06-25T20:16:59Z,2026-06-26T01:38:09Z,5.35
IV20 1RP,SHEPD,HV,1,TM5489,70,2026-06-25T20:16:59Z,2026-06-26T01:38:09Z,5.35
IV20 1RR,SHEPD,HV,1,TM5489,70,2026-06-25T20:16:59Z,2026-06-26T01:38:09Z,5.35
RG24 8SU,SEPD,LV,1,TM5030,18,2026-06-25T20:16:59Z,2026-06-26T01:38:09Z,5.35
RG24 8SY,SEPD,LV,1,TM5030,18,2026-06-25T20:16:59Z,2026-06-26T01:38:09Z,5.35
RG24 8SZ,SEPD,LV,1,TM5030,18,2026-06-25T20:16:59Z,2026-06-26T01:38:09Z,5.35
RG24 8XT,SEPD,LV,1,TM5030,18,2026-06-25T20:16:59Z,2026-06-26T01:38:09Z,5.35
UB2 5DP,SEPD,LV,2,"TK8794,TM4876",4,2026-06-23T08:50:42Z,2026-06-25T20:16:59Z,5.32
BA10 0PL,SEPD,HV,1,TM9276,5,2026-06-27T07:36:57Z,2026-06-27T12:47:44Z,5.18
BH15 3JE,SEPD,LV,1,TM3320,19,2026-06-25T08:03:23Z,2026-06-25T13:10:43Z,5.12
BH15 3JF,SEPD,LV,1,TM3320,19,2026-06-25T08:03:23Z,2026-06-25T13:10:43Z,5.12
RG42 6PA,SEPD,PSI,1,251732,91,2026-06-25T08:03:23Z,2026-06-25T13:10:43Z,5.12
RG42 7NT,SEPD,PSI,1,251732,91,2026-06-25T08:03:23Z,2026-06-25T13:10:43Z,5.12
RG42 7NU,SEPD,PSI,1,251732,91,2026-06-25T08:03:23Z,2026-06-25T13:10:43Z,5.12
RG42 7NW,SEPD,PSI,1,251732,91,2026-06-25T08:03:23Z,2026-06-25T13:10:43Z,5.12
RG42 7NZ,SEPD,PSI,1,251732,91,2026-06-25T08:03:23Z,2026-06-25T13:10:43Z,5.12
RG42 7PQ,SEPD,PSI,1,251732,91,2026-06-25T08:03:23Z,2026-06-25T13:10:43Z,5.12
GU31 5BL,SEPD,PSI,1,252376,11,2026-06-24T08:46:30Z,2026-06-24T13:52:53Z,5.11
GU31 5BP,SEPD,PSI,1,252376,11,2026-06-24T08:46:30Z,2026-06-24T13:52:53Z,5.11
SO50 7HD,SEPD,PSI,1,252376,11,2026-06-24T08:46:30Z,2026-06-24T13:52:53Z,5.11
KW1 5LE,SHEPD,LV,2,"TN0697,TN1208",20,2026-06-28T09:47:12Z,2026-06-28T16:06:31Z,5.1
KW1 5LN,SHEPD,LV,2,"TN0697,TN1208",20,2026-06-28T09:47:12Z,2026-06-28T16:06:31Z,5.1
KW1 5LH,SHEPD,LV,1,TN0697,14,2026-06-28T09:47:12Z,2026-06-28T14:53:17Z,5.1
KW1 5LJ,SHEPD,LV,1,TN0697,14,2026-06-28T09:47:12Z,2026-06-28T14:53:17Z,5.1
KW1 5LL,SHEPD,LV,1,TN0697,14,2026-06-28T09:47:12Z,2026-06-28T14:53:17Z,5.1
KW1 5LQ,SHEPD,LV,1,TN0697,14,2026-06-28T09:47:12Z,2026-06-28T14:53:17Z,5.1
KW1 5LS,SHEPD,LV,1,TN0697,14,2026-06-28T09:47:12Z,2026-06-28T14:53:17Z,5.1
KW1 5LT,SHEPD,LV,1,TN0697,14,2026-06-28T09:47:12Z,2026-06-28T14:53:17Z,5.1
PA34 4UU,SHEPD,PSI,1,251929,19,2026-06-28T09:47:12Z,2026-06-28T14:53:17Z,5.1
SO41 8AR,SEPD,LV,1,TN0492,30,2026-06-28T09:47:12Z,2026-06-28T14:53:17Z,5.1
SO41 8AW,SEPD,LV,1,TN0492,30,2026-06-28T09:47:12Z,2026-06-28T14:53:17Z,5.1
SO41 8AZ,SEPD,LV,1,TN0492,30,2026-06-28T09:47:12Z,2026-06-28T14:53:17Z,5.1
SO41 8BX,SEPD,LV,1,TN0492,30,2026-06-28T09:47:12Z,2026-06-28T14:53:17Z,5.1
SO41 8BY,SEPD,LV,1,TN0492,30,2026-06-28T09:47:12Z,2026-06-28T14:53:17Z,5.1
SO41 8DA,SEPD,LV,1,TN0492,30,2026-06-28T09:47:12Z,2026-06-28T14:53:17Z,5.1
SO41 8DB,SEPD,LV,1,TN0492,30,2026-06-28T09:47:12Z,2026-06-28T14:53:17Z,5.1
SO41 8EW,SEPD,LV,1,TN0492,30,2026-06-28T09:47:12Z,2026-06-28T14:53:17Z,5.1
BH23 8JL,SEPD,PSI,1,252189,18,2026-06-26T09:45:43Z,2026-06-26T14:46:38Z,5.02
BH23 8JY,SEPD,PSI,1,252189,18,2026-06-26T09:45:43Z,2026-06-26T14:46:38Z,5.02
BH23 8JZ,SEPD,PSI,1,252189,18,2026-06-26T09:45:43Z,2026-06-26T14:46:38Z,5.02
DD8 3TW,SHEPD,HV,1,TM7315,69,2026-06-26T09:45:43Z,2026-06-26T14:46:38Z,5.02
DD8 3TZ,SHEPD,HV,1,TM7315,69,2026-06-26T09:45:43Z,2026-06-26T14:46:38Z,5.02
DD8 4LA,SHEPD,HV,1,TM7315,69,2026-06-26T09:45:43Z,2026-06-26T14:46:38Z,5.02
DD8 4LT,SHEPD,HV,1,TM7315,69,2026-06-26T09:45:43Z,2026-06-26T14:46:38Z,5.02
DD8 4LU,SHEPD,HV,1,TM7315,69,2026-06-26T09:45:43Z,2026-06-26T14:46:38Z,5.02
DD8 4LW,SHEPD,HV,1,TM7315,69,2026-06-26T09:45:43Z,2026-06-26T14:46:38Z,5.02
DD8 4LX,SHEPD,HV,1,TM7315,69,2026-06-26T09:45:43Z,2026-06-26T14:46:38Z,5.02
DD8 4LY,SHEPD,HV,1,TM7315,69,2026-06-26T09:45:43Z,2026-06-26T14:46:38Z,5.02
DD8 4LZ,SHEPD,HV,1,TM7315,69,2026-06-26T09:45:43Z,2026-06-26T14:46:38Z,5.02
DD8 4NA,SHEPD,HV,1,TM7315,69,2026-06-26T09:45:43Z,2026-06-26T14:46:38Z,5.02
DD8 4QD,SHEPD,HV,1,TM7315,69,2026-06-26T09:45:43Z,2026-06-26T14:46:38Z,5.02
DD8 5QD,SHEPD,HV,1,TM7315,69,2026-06-26T09:45:43Z,2026-06-26T14:46:38Z,5.02
DD8 5QE,SHEPD,HV,1,TM7315,69,2026-06-26T09:45:43Z,2026-06-26T14:46:38Z,5.02
DD8 5QF,SHEPD,HV,1,TM7315,69,2026-06-26T09:45:43Z,2026-06-26T14:46:38Z,5.02
DD8 5QG,SHEPD,HV,1,TM7315,69,2026-06-26T09:45:43Z,2026-06-26T14:46:38Z,5.02
DD8 5QQ,SHEPD,HV,1,TM7315,69,2026-06-26T09:45:43Z,2026-06-26T14:46:38Z,5.02
RG28 7PN,SEPD,PSI,1,251715,16,2026-06-26T09:45:43Z,2026-06-26T14:46:38Z,5.02
RG28 7PW,SEPD,PSI,1,251715,16,2026-06-26T09:45:43Z,2026-06-26T14:46:38Z,5.02
RG28 7QB,SEPD,PSI,1,251715,16,2026-06-26T09:45:43Z,2026-06-26T14:46:38Z,5.02
SO15 2AD,SEPD,HV,1,TM6432,248,2026-06-26T09:45:43Z,2026-06-26T14:46:38Z,5.02
SO15 2AE,SEPD,HV,1,TM6432,248,2026-06-26T09:45:43Z,2026-06-26T14:46:38Z,5.02
SO15 2BX,SEPD,HV,1,TM6432,248,2026-06-26T09:45:43Z,2026-06-26T14:46:38Z,5.02
SO15 2BY,SEPD,HV,1,TM6432,248,2026-06-26T09:45:43Z,2026-06-26T14:46:38Z,5.02
SO15 2DB,SEPD,HV,1,TM6432,248,2026-06-26T09:45:43Z,2026-06-26T14:46:38Z,5.02
SO15 2DD,SEPD,HV,1,TM6432,248,2026-06-26T09:45:43Z,2026-06-26T14:46:38Z,5.02
SO15 2DE,SEPD,HV,1,TM6432,248,2026-06-26T09:45:43Z,2026-06-26T14:46:38Z,5.02
SO15 2DF,SEPD,HV,1,TM6432,248,2026-06-26T09:45:43Z,2026-06-26T14:46:38Z,5.02
SO15 2DG,SEPD,HV,1,TM6432,248,2026-06-26T09:45:43Z,2026-06-26T14:46:38Z,5.02
SO15 2DH,SEPD,HV,1,TM6432,248,2026-06-26T09:45:43Z,2026-06-26T14:46:38Z,5.02
SO15 2DJ,SEPD,HV,1,TM6432,248,2026-06-26T09:45:43Z,2026-06-26T14:46:38Z,5.02
SO15 2DL,SEPD,HV,1,TM6432,248,2026-06-26T09:45:43Z,2026-06-26T14:46:38Z,5.02
SO15 2DR,SEPD,HV,1,TM6432,248,2026-06-26T09:45:43Z,2026-06-26T14:46:38Z,5.02
SO15 2DS,SEPD,HV,1,TM6432,248,2026-06-26T09:45:43Z,2026-06-26T14:46:38Z,5.02
SO15 2DY,SEPD,HV,1,TM6432,248,2026-06-26T09:45:43Z,2026-06-26T14:46:38Z,5.02
SO15 2DZ,SEPD,HV,1,TM6432,248,2026-06-26T09:45:43Z,2026-06-26T14:46:38Z,5.02
SO15 2EF,SEPD,HV,1,TM6432,248,2026-06-26T09:45:43Z,2026-06-26T14:46:38Z,5.02
SO15 2GU,SEPD,HV,1,TM6432,248,2026-06-26T09:45:43Z,2026-06-26T14:46:38Z,5.02
SO15 2GW,SEPD,HV,1,TM6432,248,2026-06-26T09:45:43Z,2026-06-26T14:46:38Z,5.02
BA14 0SZ,SEPD,PSI,1,252167,2,2026-06-25T10:51:36Z,2026-06-25T15:45:55Z,4.91
IV27 4SS,SHEPD,PSI,1,251800,19,2026-06-25T10:51:36Z,2026-06-25T15:45:55Z,4.91
IV27 4ST,SHEPD,PSI,1,251800,19,2026-06-25T10:51:36Z,2026-06-25T15:45:55Z,4.91
IV27 4SU,SHEPD,PSI,1,251800,19,2026-06-25T10:51:36Z,2026-06-25T15:45:55Z,4.91
W13 0FT,SEPD,LV,1,TM3464,12,2026-06-25T10:51:36Z,2026-06-25T15:45:55Z,4.91
W13 0UF,SEPD,LV,1,TM3464,12,2026-06-25T10:51:36Z,2026-06-25T15:45:55Z,4.91
BH12 5EE,SEPD,LV,1,TM6999,13,2026-06-26T12:04:15Z,2026-06-26T16:52:59Z,4.81
BH12 5EF,SEPD,LV,1,TM6999,13,2026-06-26T12:04:15Z,2026-06-26T16:52:59Z,4.81
BH12 5EG,SEPD,LV,1,TM6999,13,2026-06-26T12:04:15Z,2026-06-26T16:52:59Z,4.81
BH12 5EQ,SEPD,LV,1,TM6999,13,2026-06-26T12:04:15Z,2026-06-26T16:52:59Z,4.81
BH15 3FE,SEPD,HV,1,TM7632,136,2026-06-26T12:04:15Z,2026-06-26T16:52:59Z,4.81
BH15 3ND,SEPD,HV,1,TM7632,136,2026-06-26T12:04:15Z,2026-06-26T16:52:59Z,4.81
BH15 3NE,SEPD,HV,1,TM7632,136,2026-06-26T12:04:15Z,2026-06-26T16:52:59Z,4.81
BH15 3NJ,SEPD,HV,1,TM7632,136,2026-06-26T12:04:15Z,2026-06-26T16:52:59Z,4.81
BH15 3NL,SEPD,HV,1,TM7632,136,2026-06-26T12:04:15Z,2026-06-26T16:52:59Z,4.81
BH15 3NN,SEPD,HV,1,TM7632,136,2026-06-26T12:04:15Z,2026-06-26T16:52:59Z,4.81
BH15 3NP,SEPD,HV,1,TM7632,136,2026-06-26T12:04:15Z,2026-06-26T16:52:59Z,4.81
PA29 6TR,SHEPD,"PSI,LV",2,"251899,TK9207",86,2026-06-23T11:50:26Z,2026-06-23T14:14:17Z,4.8
PA29 6TT,SHEPD,"PSI,LV",2,"251899,TK9207",86,2026-06-23T11:50:26Z,2026-06-23T14:14:17Z,4.8
SN14 8RS,SEPD,"PSI,HV",2,"251607,TK8230",22,2026-06-22T11:21:18Z,2026-06-22T21:52:49Z,4.78
GU14 9ES,SEPD,LV,1,TM4407,11,2026-06-25T13:10:43Z,2026-06-25T17:57:46Z,4.78
GU14 9LA,SEPD,LV,1,TM4407,11,2026-06-25T13:10:43Z,2026-06-25T17:57:46Z,4.78
GU28 0HG,SEPD,PSI,1,251586,70,2026-06-22T11:21:18Z,2026-06-22T16:07:52Z,4.78
GU28 0HJ,SEPD,PSI,1,251586,70,2026-06-22T11:21:18Z,2026-06-22T16:07:52Z,4.78
GU28 0HL,SEPD,PSI,1,251586,70,2026-06-22T11:21:18Z,2026-06-22T16:07:52Z,4.78
GU28 0HN,SEPD,PSI,1,251586,70,2026-06-22T11:21:18Z,2026-06-22T16:07:52Z,4.78
GU28 0HP,SEPD,PSI,1,251586,70,2026-06-22T11:21:18Z,2026-06-22T16:07:52Z,4.78
GU28 0HQ,SEPD,PSI,1,251586,70,2026-06-22T11:21:18Z,2026-06-22T16:07:52Z,4.78
GU28 0HR,SEPD,PSI,1,251586,70,2026-06-22T11:21:18Z,2026-06-22T16:07:52Z,4.78
GU28 0HW,SEPD,PSI,1,251586,70,2026-06-22T11:21:18Z,2026-06-22T16:07:52Z,4.78
GU28 0JJ,SEPD,PSI,1,251586,70,2026-06-22T11:21:18Z,2026-06-22T16:07:52Z,4.78
GU28 0JL,SEPD,PSI,1,251586,70,2026-06-22T11:21:18Z,2026-06-22T16:07:52Z,4.78
SN14 8RN,SEPD,PSI,1,251607,19,2026-06-22T11:21:18Z,2026-06-22T16:07:52Z,4.78
SN14 8RT,SEPD,PSI,1,251607,19,2026-06-22T11:21:18Z,2026-06-22T16:07:52Z,4.78
SN14 8RU,SEPD,PSI,1,251607,19,2026-06-22T11:21:18Z,2026-06-22T16:07:52Z,4.78
SN14 8RX,SEPD,PSI,1,251607,19,2026-06-22T11:21:18Z,2026-06-22T16:07:52Z,4.78
W3 7SR,SEPD,LV,1,TM4370,7,2026-06-25T13:10:43Z,2026-06-25T17:57:46Z,4.78
W3 7SZ,SEPD,LV,1,TM4370,7,2026-06-25T13:10:43Z,2026-06-25T17:57:46Z,4.78
SO22 6DR,SEPD,LV,1,TK9808,15,2026-06-23T14:14:17Z,2026-06-23T18:57:17Z,4.72
SO22 6EW,SEPD,LV,1,TK9808,15,2026-06-23T14:14:17Z,2026-06-23T18:57:17Z,4.72
SO22 6RD,SEPD,LV,1,TK9808,15,2026-06-23T14:14:17Z,2026-06-23T18:57:17Z,4.72
TW3 3SJ,SEPD,LV,1,TM8473,15,2026-06-27T14:19:30Z,2026-06-27T19:02:34Z,4.72
TW3 3SL,SEPD,LV,1,TM8473,15,2026-06-27T14:19:30Z,2026-06-27T19:02:34Z,4.72
TW4 5JU,SEPD,LV,1,TM8473,15,2026-06-27T14:19:30Z,2026-06-27T19:02:34Z,4.72
IV27 4TE,SHEPD,PSI,3,"251799,251812,251813",157,2026-06-22T11:21:18Z,2026-06-24T13:52:53Z,4.71
IV27 4TQ,SHEPD,PSI,3,"251799,251812,251813",157,2026-06-22T11:21:18Z,2026-06-24T13:52:53Z,4.71
IV27 4SX,SHEPD,PSI,2,"251812,251813",129,2026-06-23T11:50:26Z,2026-06-24T13:52:53Z,4.71
GL7 3DT,SEPD,"PSI,HV",2,"252083,TK8261",1448,2026-06-22T19:46:47Z,2026-06-24T16:12:37Z,4.64
GL7 3DU,SEPD,"PSI,HV",2,"252083,TK8261",1448,2026-06-22T19:46:47Z,2026-06-24T16:12:37Z,4.64
GL7 3DX,SEPD,"PSI,HV",2,"252083,TK8261",1448,2026-06-22T19:46:47Z,2026-06-24T16:12:37Z,4.64
IV40 8DJ,SHEPD,HV,2,"TM5401,TM9591",496,2026-06-25T20:16:59Z,2026-06-27T12:47:44Z,4.64
SN9 6DE,SEPD,"PSI,LV",4,"251325,251326,252273,TK7618",102,2026-06-22T11:21:18Z,2026-06-25T13:10:43Z,4.63
SN9 6DF,SEPD,PSI,3,"251325,251326,252273",98,2026-06-22T11:21:18Z,2026-06-25T13:10:43Z,4.63
SO42 7QH,SEPD,"LV,HV",2,"TM1467,TM2779",26,2026-06-24T18:12:03Z,2026-06-25T00:19:00Z,4.52
RG40 3AD,SEPD,HV,1,TM0281,37,2026-06-23T21:04:28Z,2026-06-24T01:31:51Z,4.46
RG40 3AE,SEPD,HV,1,TM0281,37,2026-06-23T21:04:28Z,2026-06-24T01:31:51Z,4.46
RG40 3AF,SEPD,HV,1,TM0281,37,2026-06-23T21:04:28Z,2026-06-24T01:31:51Z,4.46
RG40 3AG,SEPD,HV,1,TM0281,37,2026-06-23T21:04:28Z,2026-06-24T01:31:51Z,4.46
RG40 3AH,SEPD,HV,1,TM0281,37,2026-06-23T21:04:28Z,2026-06-24T01:31:51Z,4.46
RG40 3AJ,SEPD,HV,1,TM0281,37,2026-06-23T21:04:28Z,2026-06-24T01:31:51Z,4.46
RG40 3AP,SEPD,HV,1,TM0281,37,2026-06-23T21:04:28Z,2026-06-24T01:31:51Z,4.46
RG40 3AQ,SEPD,HV,1,TM0281,37,2026-06-23T21:04:28Z,2026-06-24T01:31:51Z,4.46
RG40 3AS,SEPD,HV,1,TM0281,37,2026-06-23T21:04:28Z,2026-06-24T01:31:51Z,4.46
RG40 3AW,SEPD,HV,1,TM0281,37,2026-06-23T21:04:28Z,2026-06-24T01:31:51Z,4.46
RG40 3BA,SEPD,HV,1,TM0281,37,2026-06-23T21:04:28Z,2026-06-24T01:31:51Z,4.46
RG40 3BB,SEPD,HV,1,TM0281,37,2026-06-23T21:04:28Z,2026-06-24T01:31:51Z,4.46
RG40 3BD,SEPD,HV,1,TM0281,37,2026-06-23T21:04:28Z,2026-06-24T01:31:51Z,4.46
RG40 3BE,SEPD,HV,1,TM0281,37,2026-06-23T21:04:28Z,2026-06-24T01:31:51Z,4.46
RG40 3BF,SEPD,HV,1,TM0281,37,2026-06-23T21:04:28Z,2026-06-24T01:31:51Z,4.46
RG40 3BG,SEPD,HV,1,TM0281,37,2026-06-23T21:04:28Z,2026-06-24T01:31:51Z,4.46
RG40 3BH,SEPD,HV,1,TM0281,37,2026-06-23T21:04:28Z,2026-06-24T01:31:51Z,4.46
RG40 3BJ,SEPD,HV,1,TM0281,37,2026-06-23T21:04:28Z,2026-06-24T01:31:51Z,4.46
RG40 3BL,SEPD,HV,1,TM0281,37,2026-06-23T21:04:28Z,2026-06-24T01:31:51Z,4.46
RG40 3BN,SEPD,HV,1,TM0281,37,2026-06-23T21:04:28Z,2026-06-24T01:31:51Z,4.46
RG40 3BW,SEPD,HV,1,TM0281,37,2026-06-23T21:04:28Z,2026-06-24T01:31:51Z,4.46
RG40 3DU,SEPD,HV,1,TM0281,37,2026-06-23T21:04:28Z,2026-06-24T01:31:51Z,4.46
RG40 3DX,SEPD,HV,1,TM0281,37,2026-06-23T21:04:28Z,2026-06-24T01:31:51Z,4.46
RG40 3DY,SEPD,HV,1,TM0281,37,2026-06-23T21:04:28Z,2026-06-24T01:31:51Z,4.46
RG40 3EF,SEPD,HV,1,TM0281,37,2026-06-23T21:04:28Z,2026-06-24T01:31:51Z,4.46
RG40 3EW,SEPD,HV,1,TM0281,37,2026-06-23T21:04:28Z,2026-06-24T01:31:51Z,4.46
RG40 3GF,SEPD,HV,1,TM0281,37,2026-06-23T21:04:28Z,2026-06-24T01:31:51Z,4.46
RG40 3LL,SEPD,HV,1,TM0281,37,2026-06-23T21:04:28Z,2026-06-24T01:31:51Z,4.46
SL5 7LN,SEPD,HV,1,TM0308,35,2026-06-23T21:04:28Z,2026-06-24T01:31:51Z,4.46
SL5 7LP,SEPD,HV,1,TM0308,35,2026-06-23T21:04:28Z,2026-06-24T01:31:51Z,4.46
SL5 7LW,SEPD,HV,1,TM0308,35,2026-06-23T21:04:28Z,2026-06-24T01:31:51Z,4.46
SL5 7UJ,SEPD,HV,1,TM0308,35,2026-06-23T21:04:28Z,2026-06-24T01:31:51Z,4.46
SL5 7UL,SEPD,HV,1,TM0308,35,2026-06-23T21:04:28Z,2026-06-24T01:31:51Z,4.46
W3 9LA,SEPD,LV,2,"TM4561,TM4569",67,2026-06-25T15:45:55Z,2026-06-25T17:57:46Z,4.4
W3 9NW,SEPD,LV,2,"TM4561,TM4569",67,2026-06-25T15:45:55Z,2026-06-25T17:57:46Z,4.4
HP10 0NR,SEPD,HV,1,TM0048,65,2026-06-23T16:44:49Z,2026-06-23T21:04:28Z,4.33
HP10 0NS,SEPD,HV,1,TM0048,65,2026-06-23T16:44:49Z,2026-06-23T21:04:28Z,4.33
HP10 0NT,SEPD,HV,1,TM0048,65,2026-06-23T16:44:49Z,2026-06-23T21:04:28Z,4.33
HP10 0NU,SEPD,HV,1,TM0048,65,2026-06-23T16:44:49Z,2026-06-23T21:04:28Z,4.33
HP9 1BT,SEPD,HV,1,TM0048,65,2026-06-23T16:44:49Z,2026-06-23T21:04:28Z,4.33
HP9 1GF,SEPD,HV,1,TM0048,65,2026-06-23T16:44:49Z,2026-06-23T21:04:28Z,4.33
IV19 1NB,SHEPD,HV,2,"TM5489,TM5955",237,2026-06-25T20:16:59Z,2026-06-26T05:55:31Z,4.29
IV19 1NG,SHEPD,HV,2,"TM5489,TM5955",237,2026-06-25T20:16:59Z,2026-06-26T05:55:31Z,4.29
GU34 2BE,SEPD,LV,1,TM6511,32,2026-06-26T01:38:09Z,2026-06-26T05:55:31Z,4.29
GU34 2BJ,SEPD,LV,1,TM6511,32,2026-06-26T01:38:09Z,2026-06-26T05:55:31Z,4.29
GU34 2BQ,SEPD,LV,1,TM6511,32,2026-06-26T01:38:09Z,2026-06-26T05:55:31Z,4.29
IV19 1FG,SHEPD,HV,1,TM5955,167,2026-06-26T01:38:09Z,2026-06-26T05:55:31Z,4.29
IV19 1GZ,SHEPD,HV,1,TM5955,167,2026-06-26T01:38:09Z,2026-06-26T05:55:31Z,4.29
IV19 1ND,SHEPD,HV,1,TM5955,167,2026-06-26T01:38:09Z,2026-06-26T05:55:31Z,4.29
IV19 1NE,SHEPD,HV,1,TM5955,167,2026-06-26T01:38:09Z,2026-06-26T05:55:31Z,4.29
IV19 1NF,SHEPD,HV,1,TM5955,167,2026-06-26T01:38:09Z,2026-06-26T05:55:31Z,4.29
IV19 1NH,SHEPD,HV,1,TM5955,167,2026-06-26T01:38:09Z,2026-06-26T05:55:31Z,4.29
IV19 1PD,SHEPD,HV,1,TM5955,167,2026-06-26T01:38:09Z,2026-06-26T05:55:31Z,4.29
IV19 1PE,SHEPD,HV,1,TM5955,167,2026-06-26T01:38:09Z,2026-06-26T05:55:31Z,4.29
IV19 1PU,SHEPD,HV,1,TM5955,167,2026-06-26T01:38:09Z,2026-06-26T05:55:31Z,4.29
IV19 1PZ,SHEPD,HV,1,TM5955,167,2026-06-26T01:38:09Z,2026-06-26T05:55:31Z,4.29
IV20 1RT,SHEPD,HV,1,TM5955,167,2026-06-26T01:38:09Z,2026-06-26T05:55:31Z,4.29
PA77 6TT,SHEPD,HV,1,TM6315,24,2026-06-26T01:38:09Z,2026-06-26T05:55:31Z,4.29
PH33 6XZ,SHEPD,LV,1,TM6394,12,2026-06-26T01:38:09Z,2026-06-26T05:55:31Z,4.29
PR8 5BW,SHEPD,LV,1,TM6459,24,2026-06-26T01:38:09Z,2026-06-26T05:55:31Z,4.29
PR8 5DT,SHEPD,LV,1,TM6459,24,2026-06-26T01:38:09Z,2026-06-26T05:55:31Z,4.29
PR8 5QB,SHEPD,LV,1,TM6459,24,2026-06-26T01:38:09Z,2026-06-26T05:55:31Z,4.29
RG12 7PB,SEPD,HV,1,TM9018,286,2026-06-27T00:17:17Z,2026-06-27T04:30:11Z,4.21
RG12 7ZD,SEPD,HV,1,TM9018,286,2026-06-27T00:17:17Z,2026-06-27T04:30:11Z,4.21
RG12 7ZE,SEPD,HV,1,TM9018,286,2026-06-27T00:17:17Z,2026-06-27T04:30:11Z,4.21
RG12 7ZF,SEPD,HV,1,TM9018,286,2026-06-27T00:17:17Z,2026-06-27T04:30:11Z,4.21
RG12 7ZG,SEPD,HV,1,TM9018,286,2026-06-27T00:17:17Z,2026-06-27T04:30:11Z,4.21
RG12 7ZR,SEPD,HV,1,TM9018,286,2026-06-27T00:17:17Z,2026-06-27T04:30:11Z,4.21
RG12 7ZS,SEPD,HV,1,TM9018,286,2026-06-27T00:17:17Z,2026-06-27T04:30:11Z,4.21
DT10 1FL,SEPD,HV,1,TM2437,527,2026-06-24T20:11:22Z,2026-06-25T00:19:00Z,4.13
DT10 1HH,SEPD,HV,1,TM2437,527,2026-06-24T20:11:22Z,2026-06-25T00:19:00Z,4.13
DT10 1HJ,SEPD,HV,1,TM2437,527,2026-06-24T20:11:22Z,2026-06-25T00:19:00Z,4.13
DT10 1HL,SEPD,HV,1,TM2437,527,2026-06-24T20:11:22Z,2026-06-25T00:19:00Z,4.13
DT10 1HN,SEPD,HV,1,TM2437,527,2026-06-24T20:11:22Z,2026-06-25T00:19:00Z,4.13
DT10 1HP,SEPD,HV,1,TM2437,527,2026-06-24T20:11:22Z,2026-06-25T00:19:00Z,4.13
DT10 1HR,SEPD,HV,1,TM2437,527,2026-06-24T20:11:22Z,2026-06-25T00:19:00Z,4.13
DT10 1HS,SEPD,HV,1,TM2437,527,2026-06-24T20:11:22Z,2026-06-25T00:19:00Z,4.13
DT10 1HT,SEPD,HV,1,TM2437,527,2026-06-24T20:11:22Z,2026-06-25T00:19:00Z,4.13
DT10 1HU,SEPD,HV,1,TM2437,527,2026-06-24T20:11:22Z,2026-06-25T00:19:00Z,4.13
DT10 1HW,SEPD,HV,1,TM2437,527,2026-06-24T20:11:22Z,2026-06-25T00:19:00Z,4.13
DT10 1HX,SEPD,HV,1,TM2437,527,2026-06-24T20:11:22Z,2026-06-25T00:19:00Z,4.13
DT10 1HY,SEPD,HV,1,TM2437,527,2026-06-24T20:11:22Z,2026-06-25T00:19:00Z,4.13
DT10 1HZ,SEPD,HV,1,TM2437,527,2026-06-24T20:11:22Z,2026-06-25T00:19:00Z,4.13
DT10 1JA,SEPD,HV,1,TM2437,527,2026-06-24T20:11:22Z,2026-06-25T00:19:00Z,4.13
DT10 1JB,SEPD,HV,1,TM2437,527,2026-06-24T20:11:22Z,2026-06-25T00:19:00Z,4.13
DT10 1JD,SEPD,HV,1,TM2437,527,2026-06-24T20:11:22Z,2026-06-25T00:19:00Z,4.13
DT10 1JH,SEPD,HV,1,TM2437,527,2026-06-24T20:11:22Z,2026-06-25T00:19:00Z,4.13
DT10 1JY,SEPD,HV,1,TM2437,527,2026-06-24T20:11:22Z,2026-06-25T00:19:00Z,4.13
DT10 1PB,SEPD,HV,1,TM2437,527,2026-06-24T20:11:22Z,2026-06-25T00:19:00Z,4.13
PO6 4NX,SEPD,LV,1,TM2102,11,2026-06-24T20:11:22Z,2026-06-25T00:19:00Z,4.13
PO6 4QH,SEPD,LV,1,TM2102,11,2026-06-24T20:11:22Z,2026-06-25T00:19:00Z,4.13
PO6 4QN,SEPD,LV,1,TM2102,11,2026-06-24T20:11:22Z,2026-06-25T00:19:00Z,4.13
SN8 2LB,SEPD,HV,1,TM2437,527,2026-06-24T20:11:22Z,2026-06-25T00:19:00Z,4.13
SP7 0AE,SEPD,HV,1,TM2437,527,2026-06-24T20:11:22Z,2026-06-25T00:19:00Z,4.13
SP7 0AY,SEPD,HV,1,TM2437,527,2026-06-24T20:11:22Z,2026-06-25T00:19:00Z,4.13
SP7 0AZ,SEPD,HV,1,TM2437,527,2026-06-24T20:11:22Z,2026-06-25T00:19:00Z,4.13
SP7 0QA,SEPD,HV,1,TM2437,527,2026-06-24T20:11:22Z,2026-06-25T00:19:00Z,4.13
SP7 0QB,SEPD,HV,1,TM2437,527,2026-06-24T20:11:22Z,2026-06-25T00:19:00Z,4.13
SP7 0QD,SEPD,HV,1,TM2437,527,2026-06-24T20:11:22Z,2026-06-25T00:19:00Z,4.13
SP7 0QE,SEPD,HV,1,TM2437,527,2026-06-24T20:11:22Z,2026-06-25T00:19:00Z,4.13
SP7 0QF,SEPD,HV,1,TM2437,527,2026-06-24T20:11:22Z,2026-06-25T00:19:00Z,4.13
SP7 0QG,SEPD,HV,1,TM2437,527,2026-06-24T20:11:22Z,2026-06-25T00:19:00Z,4.13
SP7 0QH,SEPD,HV,1,TM2437,527,2026-06-24T20:11:22Z,2026-06-25T00:19:00Z,4.13
SP7 0QJ,SEPD,HV,1,TM2437,527,2026-06-24T20:11:22Z,2026-06-25T00:19:00Z,4.13
SP7 0QL,SEPD,HV,1,TM2437,527,2026-06-24T20:11:22Z,2026-06-25T00:19:00Z,4.13
SP7 0QQ,SEPD,HV,1,TM2437,527,2026-06-24T20:11:22Z,2026-06-25T00:19:00Z,4.13
SP7 0QW,SEPD,HV,1,TM2437,527,2026-06-24T20:11:22Z,2026-06-25T00:19:00Z,4.13
SP8 5LT,SEPD,HV,1,TM2437,527,2026-06-24T20:11:22Z,2026-06-25T00:19:00Z,4.13
SP8 5LU,SEPD,HV,1,TM2437,527,2026-06-24T20:11:22Z,2026-06-25T00:19:00Z,4.13
SP8 5LX,SEPD,HV,1,TM2437,527,2026-06-24T20:11:22Z,2026-06-25T00:19:00Z,4.13
SP8 5LY,SEPD,HV,1,TM2437,527,2026-06-24T20:11:22Z,2026-06-25T00:19:00Z,4.13
SP8 5LZ,SEPD,HV,1,TM2437,527,2026-06-24T20:11:22Z,2026-06-25T00:19:00Z,4.13
SP8 5NA,SEPD,HV,1,TM2437,527,2026-06-24T20:11:22Z,2026-06-25T00:19:00Z,4.13
SP8 5RU,SEPD,HV,1,TM2437,527,2026-06-24T20:11:22Z,2026-06-25T00:19:00Z,4.13
SP8 5RX,SEPD,HV,1,TM2437,527,2026-06-24T20:11:22Z,2026-06-25T00:19:00Z,4.13
SP8 5RZ,SEPD,HV,1,TM2437,527,2026-06-24T20:11:22Z,2026-06-25T00:19:00Z,4.13
SP8 5SA,SEPD,HV,1,TM2437,527,2026-06-24T20:11:22Z,2026-06-25T00:19:00Z,4.13
SP8 5SB,SEPD,HV,1,TM2437,527,2026-06-24T20:11:22Z,2026-06-25T00:19:00Z,4.13
SP8 5SD,SEPD,HV,1,TM2437,527,2026-06-24T20:11:22Z,2026-06-25T00:19:00Z,4.13
SP8 5SN,SEPD,HV,1,TM2437,527,2026-06-24T20:11:22Z,2026-06-25T00:19:00Z,4.13
SP8 5SW,SEPD,HV,1,TM2437,527,2026-06-24T20:11:22Z,2026-06-25T00:19:00Z,4.13
HP10 0JA,SEPD,HV,1,TM1893,180,2026-06-24T16:12:37Z,2026-06-24T20:11:22Z,3.98
HP10 0JB,SEPD,HV,1,TM1893,180,2026-06-24T16:12:37Z,2026-06-24T20:11:22Z,3.98
HP10 0JG,SEPD,HV,1,TM1893,180,2026-06-24T16:12:37Z,2026-06-24T20:11:22Z,3.98
HP10 0JL,SEPD,HV,1,TM1893,180,2026-06-24T16:12:37Z,2026-06-24T20:11:22Z,3.98
SL1 8NY,SEPD,HV,1,TM1893,180,2026-06-24T16:12:37Z,2026-06-24T20:11:22Z,3.98
SL1 8NZ,SEPD,HV,1,TM1893,180,2026-06-24T16:12:37Z,2026-06-24T20:11:22Z,3.98
SL1 8PA,SEPD,HV,1,TM1893,180,2026-06-24T16:12:37Z,2026-06-24T20:11:22Z,3.98
SL1 8PE,SEPD,HV,1,TM1893,180,2026-06-24T16:12:37Z,2026-06-24T20:11:22Z,3.98
SL6 0FE,SEPD,HV,1,TM1893,180,2026-06-24T16:12:37Z,2026-06-24T20:11:22Z,3.98
PO11 9DS,SEPD,"HV,LV",2,"TM2349,TM4777",95,2026-06-24T18:12:03Z,2026-06-25T21:55:57Z,3.97
PO11 9DX,SEPD,"HV,LV",2,"TM2349,TM4777",95,2026-06-24T18:12:03Z,2026-06-25T21:55:57Z,3.97
SO16 6AX,SEPD,LV,1,TM8755,45,2026-06-26T20:20:06Z,2026-06-27T00:17:17Z,3.95
SO16 6AY,SEPD,LV,1,TM8755,45,2026-06-26T20:20:06Z,2026-06-27T00:17:17Z,3.95
SO16 6BD,SEPD,LV,1,TM8755,45,2026-06-26T20:20:06Z,2026-06-27T00:17:17Z,3.95
SO16 6BE,SEPD,LV,1,TM8755,45,2026-06-26T20:20:06Z,2026-06-27T00:17:17Z,3.95
SO16 6BG,SEPD,LV,1,TM8755,45,2026-06-26T20:20:06Z,2026-06-27T00:17:17Z,3.95
SO16 6BH,SEPD,LV,1,TM8755,45,2026-06-26T20:20:06Z,2026-06-27T00:17:17Z,3.95
SO16 6BJ,SEPD,LV,1,TM8755,45,2026-06-26T20:20:06Z,2026-06-27T00:17:17Z,3.95
SO16 6DA,SEPD,LV,1,TM8755,45,2026-06-26T20:20:06Z,2026-06-27T00:17:17Z,3.95
SO16 6TA,SEPD,LV,1,TM8755,45,2026-06-26T20:20:06Z,2026-06-27T00:17:17Z,3.95
SP11 0RX,SEPD,LV,1,TM8666,4,2026-06-26T20:20:06Z,2026-06-27T00:17:17Z,3.95
SP11 0RY,SEPD,LV,1,TM8666,4,2026-06-26T20:20:06Z,2026-06-27T00:17:17Z,3.95
SP11 0RZ,SEPD,LV,1,TM8666,4,2026-06-26T20:20:06Z,2026-06-27T00:17:17Z,3.95
SO43 7BB,SEPD,LV,2,"TN1182,TN1187",20,2026-06-28T14:53:17Z,2026-06-28T18:49:26Z,3.94
SO43 7NH,SEPD,LV,2,"TN1182,TN1187",20,2026-06-28T14:53:17Z,2026-06-28T18:49:26Z,3.94
SO43 7AA,SEPD,LV,1,TN1182,8,2026-06-28T14:53:17Z,2026-06-28T18:49:26Z,3.94
SO43 7AB,SEPD,LV,1,TN1182,8,2026-06-28T14:53:17Z,2026-06-28T18:49:26Z,3.94
SO43 7AD,SEPD,LV,1,TN1182,8,2026-06-28T14:53:17Z,2026-06-28T18:49:26Z,3.94
SO43 7AG,SEPD,LV,1,TN1182,8,2026-06-28T14:53:17Z,2026-06-28T18:49:26Z,3.94
SL1,SEPD,"HV,LV",2,"TN0017,TN1190",289,2026-06-27T19:02:34Z,2026-06-28T16:06:31Z,3.74
UB1 1EX,SEPD,LV,2,"TN0202,TN1183",32,2026-06-27T22:43:12Z,2026-06-28T18:49:26Z,3.73
UB1 1HA,SEPD,LV,2,"TN0202,TN1183",32,2026-06-27T22:43:12Z,2026-06-28T18:49:26Z,3.73
UB1 1LR,SEPD,LV,2,"TN0202,TN1183",32,2026-06-27T22:43:12Z,2026-06-28T18:49:26Z,3.73
UB1 1LX,SEPD,LV,2,"TN0202,TN1183",32,2026-06-27T22:43:12Z,2026-06-28T18:49:26Z,3.73
UB1 1LZ,SEPD,LV,2,"TN0202,TN1183",32,2026-06-27T22:43:12Z,2026-06-28T18:49:26Z,3.73
AB25 1SP,SHEPD,LV,1,TM8203,54,2026-06-26T14:46:38Z,2026-06-26T18:27:01Z,3.67
AB25 1SQ,SHEPD,LV,1,TM8203,54,2026-06-26T14:46:38Z,2026-06-26T18:27:01Z,3.67
AB25 1SR,SHEPD,LV,1,TM8203,54,2026-06-26T14:46:38Z,2026-06-26T18:27:01Z,3.67
AB25 1SS,SHEPD,LV,1,TM8203,54,2026-06-26T14:46:38Z,2026-06-26T18:27:01Z,3.67
AB25 1ST,SHEPD,LV,1,TM8203,54,2026-06-26T14:46:38Z,2026-06-26T18:27:01Z,3.67
AB25 1SX,SHEPD,LV,1,TM8203,54,2026-06-26T14:46:38Z,2026-06-26T18:27:01Z,3.67
AB34 5EY,SHEPD,HV,1,TM0227,21,2026-06-23T18:57:17Z,2026-06-23T22:37:40Z,3.67
AB41 8RQ,SHEPD,HV,1,TM0227,21,2026-06-23T18:57:17Z,2026-06-23T22:37:40Z,3.67
AB42 4NE,SHEPD,HV,1,TM0227,21,2026-06-23T18:57:17Z,2026-06-23T22:37:40Z,3.67
AB42 4PA,SHEPD,HV,1,TM0227,21,2026-06-23T18:57:17Z,2026-06-23T22:37:40Z,3.67
AB42 4PE,SHEPD,HV,1,TM0227,21,2026-06-23T18:57:17Z,2026-06-23T22:37:40Z,3.67
AB42 4PY,SHEPD,HV,1,TM0227,21,2026-06-23T18:57:17Z,2026-06-23T22:37:40Z,3.67
AB42 4PZ,SHEPD,HV,1,TM0227,21,2026-06-23T18:57:17Z,2026-06-23T22:37:40Z,3.67
AB42 4RN,SHEPD,HV,1,TM0227,21,2026-06-23T18:57:17Z,2026-06-23T22:37:40Z,3.67
AB42 5NR,SHEPD,HV,1,TM0227,21,2026-06-23T18:57:17Z,2026-06-23T22:37:40Z,3.67
AB42 5RQ,SHEPD,HV,1,TM0227,21,2026-06-23T18:57:17Z,2026-06-23T22:37:40Z,3.67
AB42 5SE,SHEPD,HV,1,TM0227,21,2026-06-23T18:57:17Z,2026-06-23T22:37:40Z,3.67
DD8 1NF,SHEPD,LV,1,TM9218,17,2026-06-27T07:36:57Z,2026-06-27T11:17:03Z,3.67
DD8 1NG,SHEPD,LV,1,TM9218,17,2026-06-27T07:36:57Z,2026-06-27T11:17:03Z,3.67
DD8 1NJ,SHEPD,LV,1,TM9218,17,2026-06-27T07:36:57Z,2026-06-27T11:17:03Z,3.67
SN8 3QZ,SEPD,LV,1,TM8128,3,2026-06-26T14:46:38Z,2026-06-26T18:27:01Z,3.67
SN8 3RA,SEPD,LV,1,TM8128,3,2026-06-26T14:46:38Z,2026-06-26T18:27:01Z,3.67
SP5 1BG,SEPD,HV,1,TM8940,94,2026-06-27T07:36:57Z,2026-06-27T11:17:03Z,3.67
SP5 1QF,SEPD,HV,1,TM8940,94,2026-06-27T07:36:57Z,2026-06-27T11:17:03Z,3.67
SO21 1EG,SEPD,"LV,HV",3,"TM1908,TM1950,TM3045",182,2026-06-24T16:12:37Z,2026-06-25T00:19:00Z,3.58
PO11 9DJ,SEPD,"HV,LV",2,"TM2349,TM2359",105,2026-06-24T18:12:03Z,2026-06-24T21:47:02Z,3.58
SO21 1EJ,SEPD,"LV,HV",2,"TM1908,TM3045",176,2026-06-24T18:12:03Z,2026-06-25T00:19:00Z,3.58
SO21 1EL,SEPD,"LV,HV",2,"TM1908,TM3045",176,2026-06-24T18:12:03Z,2026-06-25T00:19:00Z,3.58
SO21 1EN,SEPD,"LV,HV",2,"TM1908,TM3045",176,2026-06-24T18:12:03Z,2026-06-25T00:19:00Z,3.58
SO21 1EP,SEPD,"LV,HV",2,"TM1908,TM3045",176,2026-06-24T18:12:03Z,2026-06-25T00:19:00Z,3.58
SO21 1EW,SEPD,"LV,HV",2,"TM1908,TM3045",176,2026-06-24T18:12:03Z,2026-06-25T00:19:00Z,3.58
SO24 9TE,SEPD,HV,2,"TM1815,TM2262",33,2026-06-24T16:12:37Z,2026-06-24T21:47:02Z,3.58
PO11 9DN,SEPD,LV,1,TM2359,21,2026-06-24T18:12:03Z,2026-06-24T21:47:02Z,3.58
PO11 9DP,SEPD,LV,1,TM2359,21,2026-06-24T18:12:03Z,2026-06-24T21:47:02Z,3.58
PO11 9DW,SEPD,LV,1,TM2359,21,2026-06-24T18:12:03Z,2026-06-24T21:47:02Z,3.58
BH23 8AA,SEPD,LV,1,TK8505,32,2026-06-22T21:52:49Z,2026-06-23T01:26:30Z,3.56
BH23 8AB,SEPD,LV,1,TK8505,32,2026-06-22T21:52:49Z,2026-06-23T01:26:30Z,3.56
BH23 8AD,SEPD,LV,1,TK8505,32,2026-06-22T21:52:49Z,2026-06-23T01:26:30Z,3.56
BH23 8AE,SEPD,LV,1,TK8505,32,2026-06-22T21:52:49Z,2026-06-23T01:26:30Z,3.56
BH23 8AF,SEPD,LV,1,TK8505,32,2026-06-22T21:52:49Z,2026-06-23T01:26:30Z,3.56
BH23 8AL,SEPD,LV,1,TK8505,32,2026-06-22T21:52:49Z,2026-06-23T01:26:30Z,3.56
BH23 8NA,SEPD,LV,1,TK8505,32,2026-06-22T21:52:49Z,2026-06-23T01:26:30Z,3.56
BH23 8NG,SEPD,LV,1,TK8505,32,2026-06-22T21:52:49Z,2026-06-23T01:26:30Z,3.56
BH23 8NH,SEPD,LV,1,TK8505,32,2026-06-22T21:52:49Z,2026-06-23T01:26:30Z,3.56
BH23 8NJ,SEPD,LV,1,TK8505,32,2026-06-22T21:52:49Z,2026-06-23T01:26:30Z,3.56
BH23 8NQ,SEPD,LV,1,TK8505,32,2026-06-22T21:52:49Z,2026-06-23T01:26:30Z,3.56
BH23 8NR,SEPD,LV,1,TK8505,32,2026-06-22T21:52:49Z,2026-06-23T01:26:30Z,3.56
GU34 4AF,SEPD,LV,1,TK8357,12,2026-06-22T21:52:49Z,2026-06-23T01:26:30Z,3.56
GU34 4AG,SEPD,LV,1,TK8357,12,2026-06-22T21:52:49Z,2026-06-23T01:26:30Z,3.56
GU34 4AQ,SEPD,LV,1,TK8357,12,2026-06-22T21:52:49Z,2026-06-23T01:26:30Z,3.56
KW17 2BJ,SHEPD,HV,1,TK8470,36,2026-06-22T21:52:49Z,2026-06-23T01:26:30Z,3.56
KW17 2BL,SHEPD,HV,1,TK8470,36,2026-06-22T21:52:49Z,2026-06-23T01:26:30Z,3.56
KW17 2BP,SHEPD,HV,1,TK8470,36,2026-06-22T21:52:49Z,2026-06-23T01:26:30Z,3.56
KW17 2BW,SHEPD,HV,1,TK8470,36,2026-06-22T21:52:49Z,2026-06-23T01:26:30Z,3.56
BA13 3SF,SEPD,LV,1,TK8365,28,2026-06-22T19:46:47Z,2026-06-22T23:14:55Z,3.47
BA13 3SH,SEPD,LV,1,TK8365,28,2026-06-22T19:46:47Z,2026-06-22T23:14:55Z,3.47
BA13 3SJ,SEPD,LV,1,TK8365,28,2026-06-22T19:46:47Z,2026-06-22T23:14:55Z,3.47
BA13 3SQ,SEPD,LV,1,TK8365,28,2026-06-22T19:46:47Z,2026-06-22T23:14:55Z,3.47
BA13 3SS,SEPD,LV,1,TK8365,28,2026-06-22T19:46:47Z,2026-06-22T23:14:55Z,3.47
BA13 3SU,SEPD,LV,1,TK8365,28,2026-06-22T19:46:47Z,2026-06-22T23:14:55Z,3.47
SN14 6FE,SEPD,HV,1,TK8230,3,2026-06-22T19:46:47Z,2026-06-22T23:14:55Z,3.47
SN14 6JP,SEPD,HV,1,TK8230,3,2026-06-22T19:46:47Z,2026-06-22T23:14:55Z,3.47
SN14 6JR,SEPD,HV,1,TK8230,3,2026-06-22T19:46:47Z,2026-06-22T23:14:55Z,3.47
SN14 6JS,SEPD,HV,1,TK8230,3,2026-06-22T19:46:47Z,2026-06-22T23:14:55Z,3.47
SN14 6JT,SEPD,HV,1,TK8230,3,2026-06-22T19:46:47Z,2026-06-22T23:14:55Z,3.47
SN14 6JU,SEPD,HV,1,TK8230,3,2026-06-22T19:46:47Z,2026-06-22T23:14:55Z,3.47
SN14 6JX,SEPD,HV,1,TK8230,3,2026-06-22T19:46:47Z,2026-06-22T23:14:55Z,3.47
SN14 6LB,SEPD,HV,1,TK8230,3,2026-06-22T19:46:47Z,2026-06-22T23:14:55Z,3.47
SN14 6LP,SEPD,HV,1,TK8230,3,2026-06-22T19:46:47Z,2026-06-22T23:14:55Z,3.47
SN14 6LS,SEPD,HV,1,TK8230,3,2026-06-22T19:46:47Z,2026-06-22T23:14:55Z,3.47
BH1 1AA,SEPD,HV,1,TM8393,160,2026-06-26T16:52:59Z,2026-06-26T20:20:06Z,3.45
BH1 3RG,SEPD,HV,1,TM8393,160,2026-06-26T16:52:59Z,2026-06-26T20:20:06Z,3.45
BH1 3RJ,SEPD,HV,1,TM8393,160,2026-06-26T16:52:59Z,2026-06-26T20:20:06Z,3.45
BH1 3SH,SEPD,HV,1,TM8393,160,2026-06-26T16:52:59Z,2026-06-26T20:20:06Z,3.45
BH1 3SJ,SEPD,HV,1,TM8393,160,2026-06-26T16:52:59Z,2026-06-26T20:20:06Z,3.45
BH1 4SG,SEPD,HV,1,TM8393,160,2026-06-26T16:52:59Z,2026-06-26T20:20:06Z,3.45
BH25 5NN,SEPD,HV,1,TM8393,160,2026-06-26T16:52:59Z,2026-06-26T20:20:06Z,3.45
BH8 8AS,SEPD,HV,1,TM8393,160,2026-06-26T16:52:59Z,2026-06-26T20:20:06Z,3.45
BH8 8BQ,SEPD,HV,1,TM8393,160,2026-06-26T16:52:59Z,2026-06-26T20:20:06Z,3.45
BH8 8DH,SEPD,HV,1,TM8393,160,2026-06-26T16:52:59Z,2026-06-26T20:20:06Z,3.45
BH8 8DQ,SEPD,HV,1,TM8393,160,2026-06-26T16:52:59Z,2026-06-26T20:20:06Z,3.45
BH8 8FU,SEPD,HV,1,TM8393,160,2026-06-26T16:52:59Z,2026-06-26T20:20:06Z,3.45
BH8 8GH,SEPD,HV,1,TM8393,160,2026-06-26T16:52:59Z,2026-06-26T20:20:06Z,3.45
BH8 8GL,SEPD,HV,1,TM8393,160,2026-06-26T16:52:59Z,2026-06-26T20:20:06Z,3.45
BH8 8HX,SEPD,HV,1,TM8393,160,2026-06-26T16:52:59Z,2026-06-26T20:20:06Z,3.45
BH8 8JD,SEPD,HV,1,TM8393,160,2026-06-26T16:52:59Z,2026-06-26T20:20:06Z,3.45
BH8 8JE,SEPD,HV,1,TM8393,160,2026-06-26T16:52:59Z,2026-06-26T20:20:06Z,3.45
BH8 8JF,SEPD,HV,1,TM8393,160,2026-06-26T16:52:59Z,2026-06-26T20:20:06Z,3.45
BH8 8JH,SEPD,HV,1,TM8393,160,2026-06-26T16:52:59Z,2026-06-26T20:20:06Z,3.45
BH8 8JN,SEPD,HV,1,TM8393,160,2026-06-26T16:52:59Z,2026-06-26T20:20:06Z,3.45
BH8 8JQ,SEPD,HV,1,TM8393,160,2026-06-26T16:52:59Z,2026-06-26T20:20:06Z,3.45
BH8 8JS,SEPD,HV,1,TM8393,160,2026-06-26T16:52:59Z,2026-06-26T20:20:06Z,3.45
BH8 8JU,SEPD,HV,1,TM8393,160,2026-06-26T16:52:59Z,2026-06-26T20:20:06Z,3.45
BH8 8JY,SEPD,HV,1,TM8393,160,2026-06-26T16:52:59Z,2026-06-26T20:20:06Z,3.45
BH8 8JZ,SEPD,HV,1,TM8393,160,2026-06-26T16:52:59Z,2026-06-26T20:20:06Z,3.45
BH8 8LE,SEPD,HV,1,TM8393,160,2026-06-26T16:52:59Z,2026-06-26T20:20:06Z,3.45
BH8 8LQ,SEPD,HV,1,TM8393,160,2026-06-26T16:52:59Z,2026-06-26T20:20:06Z,3.45
BH8 8LX,SEPD,HV,1,TM8393,160,2026-06-26T16:52:59Z,2026-06-26T20:20:06Z,3.45
BH22 8AY,SEPD,HV,1,TM3243,337,2026-06-25T04:38:26Z,2026-06-25T08:03:23Z,3.42
BH22 9AL,SEPD,HV,1,TM3243,337,2026-06-25T04:38:26Z,2026-06-25T08:03:23Z,3.42
BH22 9AZ,SEPD,HV,1,TM3243,337,2026-06-25T04:38:26Z,2026-06-25T08:03:23Z,3.42
BH22 9BA,SEPD,HV,1,TM3243,337,2026-06-25T04:38:26Z,2026-06-25T08:03:23Z,3.42
BH22 9JT,SEPD,HV,1,TM3243,337,2026-06-25T04:38:26Z,2026-06-25T08:03:23Z,3.42
BH22 9LH,SEPD,HV,1,TM3243,337,2026-06-25T04:38:26Z,2026-06-25T08:03:23Z,3.42
BH22 9LJ,SEPD,HV,1,TM3243,337,2026-06-25T04:38:26Z,2026-06-25T08:03:23Z,3.42
BH22 9LP,SEPD,HV,1,TM3243,337,2026-06-25T04:38:26Z,2026-06-25T08:03:23Z,3.42
BH22 9LW,SEPD,HV,1,TM3243,337,2026-06-25T04:38:26Z,2026-06-25T08:03:23Z,3.42
BH22 9NJ,SEPD,HV,1,TM3243,337,2026-06-25T04:38:26Z,2026-06-25T08:03:23Z,3.42
BH22 9NL,SEPD,HV,1,TM3243,337,2026-06-25T04:38:26Z,2026-06-25T08:03:23Z,3.42
BH22 9NN,SEPD,HV,1,TM3243,337,2026-06-25T04:38:26Z,2026-06-25T08:03:23Z,3.42
BH22 9NS,SEPD,HV,1,TM3243,337,2026-06-25T04:38:26Z,2026-06-25T08:03:23Z,3.42
BH22 9NW,SEPD,HV,1,TM3243,337,2026-06-25T04:38:26Z,2026-06-25T08:03:23Z,3.42
BH22 9QF,SEPD,HV,1,TM3243,337,2026-06-25T04:38:26Z,2026-06-25T08:03:23Z,3.42
BH22 9SG,SEPD,HV,1,TM3243,337,2026-06-25T04:38:26Z,2026-06-25T08:03:23Z,3.42
BH22 9SH,SEPD,HV,1,TM3243,337,2026-06-25T04:38:26Z,2026-06-25T08:03:23Z,3.42
BH22 9SJ,SEPD,HV,1,TM3243,337,2026-06-25T04:38:26Z,2026-06-25T08:03:23Z,3.42
BH22 9SL,SEPD,HV,1,TM3243,337,2026-06-25T04:38:26Z,2026-06-25T08:03:23Z,3.42
BH22 9SN,SEPD,HV,1,TM3243,337,2026-06-25T04:38:26Z,2026-06-25T08:03:23Z,3.42
BH22 9SQ,SEPD,HV,1,TM3243,337,2026-06-25T04:38:26Z,2026-06-25T08:03:23Z,3.42
BH22 9UR,SEPD,HV,1,TM3243,337,2026-06-25T04:38:26Z,2026-06-25T08:03:23Z,3.42
BH22 9US,SEPD,HV,1,TM3243,337,2026-06-25T04:38:26Z,2026-06-25T08:03:23Z,3.42
BH22 9UT,SEPD,HV,1,TM3243,337,2026-06-25T04:38:26Z,2026-06-25T08:03:23Z,3.42
BH22 9UU,SEPD,HV,1,TM3243,337,2026-06-25T04:38:26Z,2026-06-25T08:03:23Z,3.42
BH22 9UX,SEPD,HV,1,TM3243,337,2026-06-25T04:38:26Z,2026-06-25T08:03:23Z,3.42
BH22 9UY,SEPD,HV,1,TM3243,337,2026-06-25T04:38:26Z,2026-06-25T08:03:23Z,3.42
BH22 9UZ,SEPD,HV,1,TM3243,337,2026-06-25T04:38:26Z,2026-06-25T08:03:23Z,3.42
DD11 1RL,SHEPD,LV,1,TN1018,13,2026-06-28T11:28:15Z,2026-06-28T14:53:17Z,3.42
DD11 1RQ,SHEPD,LV,1,TN1018,13,2026-06-28T11:28:15Z,2026-06-28T14:53:17Z,3.42
DD11 3AE,SHEPD,LV,1,TN1018,13,2026-06-28T11:28:15Z,2026-06-28T14:53:17Z,3.42
DD11 3AN,SHEPD,LV,1,TN1018,13,2026-06-28T11:28:15Z,2026-06-28T14:53:17Z,3.42
DD11 3AP,SHEPD,LV,1,TN1018,13,2026-06-28T11:28:15Z,2026-06-28T14:53:17Z,3.42
DD11 3AQ,SHEPD,LV,1,TN1018,13,2026-06-28T11:28:15Z,2026-06-28T14:53:17Z,3.42
ML5 4QE,SHEPD,LV,1,TM3106,29,2026-06-25T04:38:26Z,2026-06-25T08:03:23Z,3.42
ML5 4QF,SHEPD,LV,1,TM3106,29,2026-06-25T04:38:26Z,2026-06-25T08:03:23Z,3.42
ML5 4QG,SHEPD,LV,1,TM3106,29,2026-06-25T04:38:26Z,2026-06-25T08:03:23Z,3.42
ML5 4RS,SHEPD,LV,1,TM3106,29,2026-06-25T04:38:26Z,2026-06-25T08:03:23Z,3.42
ML5 4RT,SHEPD,LV,1,TM3106,29,2026-06-25T04:38:26Z,2026-06-25T08:03:23Z,3.42
ML5 4RU,SHEPD,LV,1,TM3106,29,2026-06-25T04:38:26Z,2026-06-25T08:03:23Z,3.42
AB52 6NW,SHEPD,PSI,1,251992,9,2026-06-27T22:43:12Z,2026-06-28T01:58:06Z,3.25
AB52 6XQ,SHEPD,PSI,1,251992,9,2026-06-27T22:43:12Z,2026-06-28T01:58:06Z,3.25
AB52 6YD,SHEPD,PSI,1,251992,9,2026-06-27T22:43:12Z,2026-06-28T01:58:06Z,3.25
NW7 1EP,SEPD,"LV,HV",2,"TN0507,TN0624",501,2026-06-28T06:33:58Z,2026-06-28T09:47:12Z,3.22
NW7 1FJ,SEPD,"LV,HV",2,"TN0507,TN0624",501,2026-06-28T06:33:58Z,2026-06-28T09:47:12Z,3.22
NW7 1FS,SEPD,"LV,HV",2,"TN0507,TN0624",501,2026-06-28T06:33:58Z,2026-06-28T09:47:12Z,3.22
NW7 1FX,SEPD,"LV,HV",2,"TN0507,TN0624",501,2026-06-28T06:33:58Z,2026-06-28T09:47:12Z,3.22
AB38 9QS,SHEPD,HV,1,TN0957,12,2026-06-28T09:47:12Z,2026-06-28T13:00:22Z,3.22
AB38 9RX,SHEPD,HV,1,TN0957,12,2026-06-28T09:47:12Z,2026-06-28T13:00:22Z,3.22
AB38 9SA,SHEPD,HV,1,TN0957,12,2026-06-28T09:47:12Z,2026-06-28T13:00:22Z,3.22
BH24 3BP,SEPD,PSI,1,252089,21,2026-06-28T09:47:12Z,2026-06-28T13:00:22Z,3.22
BH24 3BS,SEPD,PSI,1,252089,21,2026-06-28T09:47:12Z,2026-06-28T13:00:22Z,3.22
BH24 3BT,SEPD,PSI,1,252089,21,2026-06-28T09:47:12Z,2026-06-28T13:00:22Z,3.22
NW7 1BG,SEPD,HV,1,TN0624,490,2026-06-28T06:33:58Z,2026-06-28T09:47:12Z,3.22
NW7 1BZ,SEPD,HV,1,TN0624,490,2026-06-28T06:33:58Z,2026-06-28T09:47:12Z,3.22
NW7 1FA,SEPD,HV,1,TN0624,490,2026-06-28T06:33:58Z,2026-06-28T09:47:12Z,3.22
NW7 1FF,SEPD,HV,1,TN0624,490,2026-06-28T06:33:58Z,2026-06-28T09:47:12Z,3.22
NW7 1FH,SEPD,HV,1,TN0624,490,2026-06-28T06:33:58Z,2026-06-28T09:47:12Z,3.22
NW7 1FP,SEPD,HV,1,TN0624,490,2026-06-28T06:33:58Z,2026-06-28T09:47:12Z,3.22
NW7 1FQ,SEPD,HV,1,TN0624,490,2026-06-28T06:33:58Z,2026-06-28T09:47:12Z,3.22
NW7 1FT,SEPD,HV,1,TN0624,490,2026-06-28T06:33:58Z,2026-06-28T09:47:12Z,3.22
NW7 1FW,SEPD,HV,1,TN0624,490,2026-06-28T06:33:58Z,2026-06-28T09:47:12Z,3.22
NW7 1FZ,SEPD,HV,1,TN0624,490,2026-06-28T06:33:58Z,2026-06-28T09:47:12Z,3.22
NW7 1JW,SEPD,HV,1,TN0624,490,2026-06-28T06:33:58Z,2026-06-28T09:47:12Z,3.22
NW7 1NN,SEPD,HV,1,TN0624,490,2026-06-28T06:33:58Z,2026-06-28T09:47:12Z,3.22
NW7 1NP,SEPD,HV,1,TN0624,490,2026-06-28T06:33:58Z,2026-06-28T09:47:12Z,3.22
NW7 1NW,SEPD,HV,1,TN0624,490,2026-06-28T06:33:58Z,2026-06-28T09:47:12Z,3.22
NW7 1NZ,SEPD,HV,1,TN0624,490,2026-06-28T06:33:58Z,2026-06-28T09:47:12Z,3.22
NW7 1PF,SEPD,HV,1,TN0624,490,2026-06-28T06:33:58Z,2026-06-28T09:47:12Z,3.22
NW7 1PQ,SEPD,HV,1,TN0624,490,2026-06-28T06:33:58Z,2026-06-28T09:47:12Z,3.22
NW7 1PT,SEPD,HV,1,TN0624,490,2026-06-28T06:33:58Z,2026-06-28T09:47:12Z,3.22
NW7 1QB,SEPD,HV,1,TN0624,490,2026-06-28T06:33:58Z,2026-06-28T09:47:12Z,3.22
NW7 1QD,SEPD,HV,1,TN0624,490,2026-06-28T06:33:58Z,2026-06-28T09:47:12Z,3.22
NW7 1QQ,SEPD,HV,1,TN0624,490,2026-06-28T06:33:58Z,2026-06-28T09:47:12Z,3.22
NW7 1RA,SEPD,HV,1,TN0624,490,2026-06-28T06:33:58Z,2026-06-28T09:47:12Z,3.22
NW7 1RF,SEPD,HV,1,TN0624,490,2026-06-28T06:33:58Z,2026-06-28T09:47:12Z,3.22
NW7 1RR,SEPD,HV,1,TN0624,490,2026-06-28T06:33:58Z,2026-06-28T09:47:12Z,3.22
NW7 1RW,SEPD,HV,1,TN0624,490,2026-06-28T06:33:58Z,2026-06-28T09:47:12Z,3.22
NW7 1RX,SEPD,HV,1,TN0624,490,2026-06-28T06:33:58Z,2026-06-28T09:47:12Z,3.22
NW7 1TF,SEPD,HV,1,TN0624,490,2026-06-28T06:33:58Z,2026-06-28T09:47:12Z,3.22
PA77 6XF,SHEPD,HV,1,TN0684,10,2026-06-28T09:47:12Z,2026-06-28T13:00:22Z,3.22
PA77 6XL,SHEPD,HV,1,TN0684,10,2026-06-28T09:47:12Z,2026-06-28T13:00:22Z,3.22
PO6 3AN,SEPD,PSI,1,251923,2,2026-06-28T09:47:12Z,2026-06-28T13:00:22Z,3.22
SL5 8AD,SEPD,PSI,1,251681,25,2026-06-28T09:47:12Z,2026-06-28T13:00:22Z,3.22
SL5 8AE,SEPD,PSI,1,251681,25,2026-06-28T09:47:12Z,2026-06-28T13:00:22Z,3.22
SL5 8AJ,SEPD,PSI,1,251681,25,2026-06-28T09:47:12Z,2026-06-28T13:00:22Z,3.22
SL5 8AL,SEPD,PSI,1,251681,25,2026-06-28T09:47:12Z,2026-06-28T13:00:22Z,3.22
SL5 8AP,SEPD,PSI,1,251681,25,2026-06-28T09:47:12Z,2026-06-28T13:00:22Z,3.22
SL5 8AS,SEPD,PSI,1,251681,25,2026-06-28T09:47:12Z,2026-06-28T13:00:22Z,3.22
SL5 8AW,SEPD,PSI,1,251681,25,2026-06-28T09:47:12Z,2026-06-28T13:00:22Z,3.22
SL5 8AZ,SEPD,PSI,1,251681,25,2026-06-28T09:47:12Z,2026-06-28T13:00:22Z,3.22
SL5 8BP,SEPD,PSI,1,251681,25,2026-06-28T09:47:12Z,2026-06-28T13:00:22Z,3.22
BH25 5AJ,SEPD,LV,1,TM4888,25,2026-06-25T20:16:59Z,2026-06-25T23:24:57Z,3.13
BH25 5AL,SEPD,LV,1,TM4888,25,2026-06-25T20:16:59Z,2026-06-25T23:24:57Z,3.13
BH25 5AP,SEPD,LV,1,TM4888,25,2026-06-25T20:16:59Z,2026-06-25T23:24:57Z,3.13
BH25 5AR,SEPD,LV,1,TM4888,25,2026-06-25T20:16:59Z,2026-06-25T23:24:57Z,3.13
BH25 5AW,SEPD,LV,1,TM4888,25,2026-06-25T20:16:59Z,2026-06-25T23:24:57Z,3.13
BH25 5AZ,SEPD,LV,1,TM4888,25,2026-06-25T20:16:59Z,2026-06-25T23:24:57Z,3.13
BH25 5BA,SEPD,LV,1,TM4888,25,2026-06-25T20:16:59Z,2026-06-25T23:24:57Z,3.13
BH25 5XP,SEPD,LV,1,TM4888,25,2026-06-25T20:16:59Z,2026-06-25T23:24:57Z,3.13
IV40 8AG,SHEPD,HV,1,TM5401,492,2026-06-25T20:16:59Z,2026-06-25T23:24:57Z,3.13
IV40 8BN,SHEPD,HV,1,TM5401,492,2026-06-25T20:16:59Z,2026-06-25T23:24:57Z,3.13
IV40 8DA,SHEPD,HV,1,TM5401,492,2026-06-25T20:16:59Z,2026-06-25T23:24:57Z,3.13
IV40 8DR,SHEPD,HV,1,TM5401,492,2026-06-25T20:16:59Z,2026-06-25T23:24:57Z,3.13
IV40 8DS,SHEPD,HV,1,TM5401,492,2026-06-25T20:16:59Z,2026-06-25T23:24:57Z,3.13
IV40 8DT,SHEPD,HV,1,TM5401,492,2026-06-25T20:16:59Z,2026-06-25T23:24:57Z,3.13
IV40 8DU,SHEPD,HV,1,TM5401,492,2026-06-25T20:16:59Z,2026-06-25T23:24:57Z,3.13
IV40 8DX,SHEPD,HV,1,TM5401,492,2026-06-25T20:16:59Z,2026-06-25T23:24:57Z,3.13
IV40 8DY,SHEPD,HV,1,TM5401,492,2026-06-25T20:16:59Z,2026-06-25T23:24:57Z,3.13
IV40 8DZ,SHEPD,HV,1,TM5401,492,2026-06-25T20:16:59Z,2026-06-25T23:24:57Z,3.13
IV40 8EA,SHEPD,HV,1,TM5401,492,2026-06-25T20:16:59Z,2026-06-25T23:24:57Z,3.13
IV40 8EB,SHEPD,HV,1,TM5401,492,2026-06-25T20:16:59Z,2026-06-25T23:24:57Z,3.13
IV40 8EF,SHEPD,HV,1,TM5401,492,2026-06-25T20:16:59Z,2026-06-25T23:24:57Z,3.13
IV40 8EH,SHEPD,HV,1,TM5401,492,2026-06-25T20:16:59Z,2026-06-25T23:24:57Z,3.13
IV40 8EJ,SHEPD,HV,1,TM5401,492,2026-06-25T20:16:59Z,2026-06-25T23:24:57Z,3.13
IV40 8EL,SHEPD,HV,1,TM5401,492,2026-06-25T20:16:59Z,2026-06-25T23:24:57Z,3.13
IV40 8EN,SHEPD,HV,1,TM5401,492,2026-06-25T20:16:59Z,2026-06-25T23:24:57Z,3.13
IV40 8EP,SHEPD,HV,1,TM5401,492,2026-06-25T20:16:59Z,2026-06-25T23:24:57Z,3.13
IV40 8EQ,SHEPD,HV,1,TM5401,492,2026-06-25T20:16:59Z,2026-06-25T23:24:57Z,3.13
IV40 8ER,SHEPD,HV,1,TM5401,492,2026-06-25T20:16:59Z,2026-06-25T23:24:57Z,3.13
IV40 8ES,SHEPD,HV,1,TM5401,492,2026-06-25T20:16:59Z,2026-06-25T23:24:57Z,3.13
IV40 8ET,SHEPD,HV,1,TM5401,492,2026-06-25T20:16:59Z,2026-06-25T23:24:57Z,3.13
IV40 8EU,SHEPD,HV,1,TM5401,492,2026-06-25T20:16:59Z,2026-06-25T23:24:57Z,3.13
IV40 8EW,SHEPD,HV,1,TM5401,492,2026-06-25T20:16:59Z,2026-06-25T23:24:57Z,3.13
IV40 8EX,SHEPD,HV,1,TM5401,492,2026-06-25T20:16:59Z,2026-06-25T23:24:57Z,3.13
IV40 8EY,SHEPD,HV,1,TM5401,492,2026-06-25T20:16:59Z,2026-06-25T23:24:57Z,3.13
IV40 8EZ,SHEPD,HV,1,TM5401,492,2026-06-25T20:16:59Z,2026-06-25T23:24:57Z,3.13
IV40 8FB,SHEPD,HV,1,TM5401,492,2026-06-25T20:16:59Z,2026-06-25T23:24:57Z,3.13
IV40 8FD,SHEPD,HV,1,TM5401,492,2026-06-25T20:16:59Z,2026-06-25T23:24:57Z,3.13
IV40 8HA,SHEPD,HV,1,TM5401,492,2026-06-25T20:16:59Z,2026-06-25T23:24:57Z,3.13
IV40 8HB,SHEPD,HV,1,TM5401,492,2026-06-25T20:16:59Z,2026-06-25T23:24:57Z,3.13
IV40 8HD,SHEPD,HV,1,TM5401,492,2026-06-25T20:16:59Z,2026-06-25T23:24:57Z,3.13
IV40 8HE,SHEPD,HV,1,TM5401,492,2026-06-25T20:16:59Z,2026-06-25T23:24:57Z,3.13
IV40 8HF,SHEPD,HV,1,TM5401,492,2026-06-25T20:16:59Z,2026-06-25T23:24:57Z,3.13
IV40 8HG,SHEPD,HV,1,TM5401,492,2026-06-25T20:16:59Z,2026-06-25T23:24:57Z,3.13
IV40 8HW,SHEPD,HV,1,TM5401,492,2026-06-25T20:16:59Z,2026-06-25T23:24:57Z,3.13
PA34,SHEPD,HV,1,TM5401,492,2026-06-25T20:16:59Z,2026-06-25T23:24:57Z,3.13
RG14 7TH,SEPD,LV,1,TK8666,14,2026-06-23T05:47:19Z,2026-06-23T08:50:42Z,3.06
RG14 7TP,SEPD,LV,1,TK8666,14,2026-06-23T05:47:19Z,2026-06-23T08:50:42Z,3.06
RG14 7TU,SEPD,LV,1,TK8666,14,2026-06-23T05:47:19Z,2026-06-23T08:50:42Z,3.06
RG14 7TX,SEPD,LV,1,TK8666,14,2026-06-23T05:47:19Z,2026-06-23T08:50:42Z,3.06
RG26 4BS,SEPD,HV,1,TK8772,489,2026-06-23T05:47:19Z,2026-06-23T08:50:42Z,3.06
RG26 4BT,SEPD,HV,1,TK8772,489,2026-06-23T05:47:19Z,2026-06-23T08:50:42Z,3.06
RG26 4BU,SEPD,HV,1,TK8772,489,2026-06-23T05:47:19Z,2026-06-23T08:50:42Z,3.06
RG26 4BX,SEPD,HV,1,TK8772,489,2026-06-23T05:47:19Z,2026-06-23T08:50:42Z,3.06
RG26 4BY,SEPD,HV,1,TK8772,489,2026-06-23T05:47:19Z,2026-06-23T08:50:42Z,3.06
RG26 4BZ,SEPD,HV,1,TK8772,489,2026-06-23T05:47:19Z,2026-06-23T08:50:42Z,3.06
RG26 4DA,SEPD,HV,1,TK8772,489,2026-06-23T05:47:19Z,2026-06-23T08:50:42Z,3.06
RG26 4DB,SEPD,HV,1,TK8772,489,2026-06-23T05:47:19Z,2026-06-23T08:50:42Z,3.06
RG26 4DE,SEPD,HV,1,TK8772,489,2026-06-23T05:47:19Z,2026-06-23T08:50:42Z,3.06
RG26 4DF,SEPD,HV,1,TK8772,489,2026-06-23T05:47:19Z,2026-06-23T08:50:42Z,3.06
RG26 4DG,SEPD,HV,1,TK8772,489,2026-06-23T05:47:19Z,2026-06-23T08:50:42Z,3.06
RG26 4DQ,SEPD,HV,1,TK8772,489,2026-06-23T05:47:19Z,2026-06-23T08:50:42Z,3.06
RG26 4FA,SEPD,HV,1,TK8772,489,2026-06-23T05:47:19Z,2026-06-23T08:50:42Z,3.06
RG26 4HG,SEPD,HV,1,TK8772,489,2026-06-23T05:47:19Z,2026-06-23T08:50:42Z,3.06
RG26 4HH,SEPD,HV,1,TK8772,489,2026-06-23T05:47:19Z,2026-06-23T08:50:42Z,3.06
RG26 4HJ,SEPD,HV,1,TK8772,489,2026-06-23T05:47:19Z,2026-06-23T08:50:42Z,3.06
RG26 4HL,SEPD,HV,1,TK8772,489,2026-06-23T05:47:19Z,2026-06-23T08:50:42Z,3.06
RG26 4HN,SEPD,HV,1,TK8772,489,2026-06-23T05:47:19Z,2026-06-23T08:50:42Z,3.06
RG26 4HQ,SEPD,HV,1,TK8772,489,2026-06-23T05:47:19Z,2026-06-23T08:50:42Z,3.06
RG26 4HT,SEPD,HV,1,TK8772,489,2026-06-23T05:47:19Z,2026-06-23T08:50:42Z,3.06
RG26 4QS,SEPD,HV,1,TK8772,489,2026-06-23T05:47:19Z,2026-06-23T08:50:42Z,3.06
RG26 4QT,SEPD,HV,1,TK8772,489,2026-06-23T05:47:19Z,2026-06-23T08:50:42Z,3.06
RG26 4TR,SEPD,HV,1,TK8772,489,2026-06-23T05:47:19Z,2026-06-23T08:50:42Z,3.06
RG26 4XR,SEPD,HV,1,TK8772,489,2026-06-23T05:47:19Z,2026-06-23T08:50:42Z,3.06
RG26 5GE,SEPD,HV,1,TK8772,489,2026-06-23T05:47:19Z,2026-06-23T08:50:42Z,3.06
RG26 5GY,SEPD,HV,1,TK8772,489,2026-06-23T05:47:19Z,2026-06-23T08:50:42Z,3.06
RG26 5LQ,SEPD,HV,1,TK8772,489,2026-06-23T05:47:19Z,2026-06-23T08:50:42Z,3.06
RG26 5LS,SEPD,HV,1,TK8772,489,2026-06-23T05:47:19Z,2026-06-23T08:50:42Z,3.06
RG26 5NA,SEPD,HV,1,TK8772,489,2026-06-23T05:47:19Z,2026-06-23T08:50:42Z,3.06
RG26 5NB,SEPD,HV,1,TK8772,489,2026-06-23T05:47:19Z,2026-06-23T08:50:42Z,3.06
RG26 5ND,SEPD,HV,1,TK8772,489,2026-06-23T05:47:19Z,2026-06-23T08:50:42Z,3.06
RG26 5NG,SEPD,HV,1,TK8772,489,2026-06-23T05:47:19Z,2026-06-23T08:50:42Z,3.06
RG26 5NH,SEPD,HV,1,TK8772,489,2026-06-23T05:47:19Z,2026-06-23T08:50:42Z,3.06
TW16 7LD,SEPD,LV,1,TK8698,24,2026-06-23T05:47:19Z,2026-06-23T08:50:42Z,3.06
TW16 7LE,SEPD,LV,1,TK8698,24,2026-06-23T05:47:19Z,2026-06-23T08:50:42Z,3.06
TW16 7LG,SEPD,LV,1,TK8698,24,2026-06-23T05:47:19Z,2026-06-23T08:50:42Z,3.06
TW16 7LQ,SEPD,LV,1,TK8698,24,2026-06-23T05:47:19Z,2026-06-23T08:50:42Z,3.06
GU10 4AX,SEPD,LV,1,TK6341,3,2026-06-23T08:50:42Z,2026-06-23T11:50:26Z,3.0
GU28 0JH,SEPD,PSI,1,251576,4,2026-06-23T08:50:42Z,2026-06-23T11:50:26Z,3.0
SL2 5AF,SEPD,LV,1,TK8945,6,2026-06-23T08:50:42Z,2026-06-23T11:50:26Z,3.0
SL2 5AQ,SEPD,LV,1,TK8945,6,2026-06-23T08:50:42Z,2026-06-23T11:50:26Z,3.0
UB7 0DY,SEPD,LV,1,TK9636,4,2026-06-24T05:46:47Z,2026-06-24T08:46:30Z,3.0
UB7 0FB,SEPD,LV,1,TK9636,4,2026-06-24T05:46:47Z,2026-06-24T08:46:30Z,3.0
BH18,SEPD,HV,1,TK6380,417,2026-06-21T18:49:26Z,2026-06-21T21:48:03Z,2.98
BH18 8AA,SEPD,HV,1,TK6380,417,2026-06-21T18:49:26Z,2026-06-21T21:48:03Z,2.98
BH18 8AB,SEPD,HV,1,TK6380,417,2026-06-21T18:49:26Z,2026-06-21T21:48:03Z,2.98
BH18 8AG,SEPD,HV,1,TK6380,417,2026-06-21T18:49:26Z,2026-06-21T21:48:03Z,2.98
BH18 8AH,SEPD,HV,1,TK6380,417,2026-06-21T18:49:26Z,2026-06-21T21:48:03Z,2.98
BH18 8AQ,SEPD,HV,1,TK6380,417,2026-06-21T18:49:26Z,2026-06-21T21:48:03Z,2.98
BH18 8AR,SEPD,HV,1,TK6380,417,2026-06-21T18:49:26Z,2026-06-21T21:48:03Z,2.98
BH18 8AS,SEPD,HV,1,TK6380,417,2026-06-21T18:49:26Z,2026-06-21T21:48:03Z,2.98
BH18 8AW,SEPD,HV,1,TK6380,417,2026-06-21T18:49:26Z,2026-06-21T21:48:03Z,2.98
BH18 8AX,SEPD,HV,1,TK6380,417,2026-06-21T18:49:26Z,2026-06-21T21:48:03Z,2.98
BH18 8AZ,SEPD,HV,1,TK6380,417,2026-06-21T18:49:26Z,2026-06-21T21:48:03Z,2.98
BH18 8BB,SEPD,HV,1,TK6380,417,2026-06-21T18:49:26Z,2026-06-21T21:48:03Z,2.98
BH18 8DY,SEPD,HV,1,TK6380,417,2026-06-21T18:49:26Z,2026-06-21T21:48:03Z,2.98
BH18 8EA,SEPD,HV,1,TK6380,417,2026-06-21T18:49:26Z,2026-06-21T21:48:03Z,2.98
BH18 8EG,SEPD,HV,1,TK6380,417,2026-06-21T18:49:26Z,2026-06-21T21:48:03Z,2.98
BH18 8FD,SEPD,HV,1,TK6380,417,2026-06-21T18:49:26Z,2026-06-21T21:48:03Z,2.98
KW17 2AN,SHEPD,HV,1,TK6471,37,2026-06-21T18:49:26Z,2026-06-21T21:48:03Z,2.98
KW17 2AR,SHEPD,HV,1,TK6471,37,2026-06-21T18:49:26Z,2026-06-21T21:48:03Z,2.98
EH21 7BF,SHEPD,LV,1,TK6527,11,2026-06-21T18:50:32Z,2026-06-21T21:48:03Z,2.96
EH21 7BS,SHEPD,LV,1,TK6527,11,2026-06-21T18:50:32Z,2026-06-21T21:48:03Z,2.96
EH46 7JL,SHEPD,LV,1,TK6527,11,2026-06-21T18:50:32Z,2026-06-21T21:48:03Z,2.96
OX18 3HT,SEPD,LV,1,TM9652,15,2026-06-27T12:47:44Z,2026-06-27T15:43:15Z,2.93
OX18 3QN,SEPD,LV,1,TM9652,15,2026-06-27T12:47:44Z,2026-06-27T15:43:15Z,2.93
OX18 3RB,SEPD,LV,1,TM9652,15,2026-06-27T12:47:44Z,2026-06-27T15:43:15Z,2.93
OX18 3SP,SEPD,LV,1,TM9652,15,2026-06-27T12:47:44Z,2026-06-27T15:43:15Z,2.93
OX18 3SW,SEPD,LV,1,TM9652,15,2026-06-27T12:47:44Z,2026-06-27T15:43:15Z,2.93
SL6 2DQ,SEPD,LV,2,"TM0415,TM4673",21,2026-06-23T22:37:40Z,2026-06-25T17:57:46Z,2.9
SL6 2DT,SEPD,LV,2,"TM0415,TM4673",21,2026-06-23T22:37:40Z,2026-06-25T17:57:46Z,2.9
OX11 9AG,SEPD,LV,1,TM0359,3,2026-06-23T22:37:40Z,2026-06-24T01:31:51Z,2.9
OX11 9AQ,SEPD,LV,1,TM0359,3,2026-06-23T22:37:40Z,2026-06-24T01:31:51Z,2.9
SO40 4AY,SEPD,LV,1,TM0321,44,2026-06-23T22:37:40Z,2026-06-24T01:31:51Z,2.9
SO40 4SD,SEPD,LV,1,TM0321,44,2026-06-23T22:37:40Z,2026-06-24T01:31:51Z,2.9
SO40 4SW,SEPD,LV,1,TM0321,44,2026-06-23T22:37:40Z,2026-06-24T01:31:51Z,2.9
SO40 4UB,SEPD,LV,1,TM0321,44,2026-06-23T22:37:40Z,2026-06-24T01:31:51Z,2.9
SO40 4UU,SEPD,LV,1,TM0321,44,2026-06-23T22:37:40Z,2026-06-24T01:31:51Z,2.9
SO40 4UY,SEPD,LV,1,TM0321,44,2026-06-23T22:37:40Z,2026-06-24T01:31:51Z,2.9
SO40 4WH,SEPD,LV,1,TM0321,44,2026-06-23T22:37:40Z,2026-06-24T01:31:51Z,2.9
SO40 4YE,SEPD,LV,1,TM0321,44,2026-06-23T22:37:40Z,2026-06-24T01:31:51Z,2.9
SO40 4YF,SEPD,LV,1,TM0321,44,2026-06-23T22:37:40Z,2026-06-24T01:31:51Z,2.9
SO40 4YG,SEPD,LV,1,TM0321,44,2026-06-23T22:37:40Z,2026-06-24T01:31:51Z,2.9
SO40 4YH,SEPD,LV,1,TM0321,44,2026-06-23T22:37:40Z,2026-06-24T01:31:51Z,2.9
RG14 2AD,SEPD,LV,2,"TK8030,TM3435",6,2026-06-22T16:07:52Z,2026-06-25T10:51:36Z,2.8
RG14 2DW,SEPD,LV,2,"TK8030,TM3435",6,2026-06-22T16:07:52Z,2026-06-25T10:51:36Z,2.8
DD5 4TL,SHEPD,LV,1,TM0487,9,2026-06-24T08:46:30Z,2026-06-24T11:34:27Z,2.8
DD5 4TN,SHEPD,LV,1,TM0487,9,2026-06-24T08:46:30Z,2026-06-24T11:34:27Z,2.8
PH13 9ET,SHEPD,HV,1,TM3373,269,2026-06-25T08:03:23Z,2026-06-25T10:51:36Z,2.8
PH13 9EX,SHEPD,HV,1,TM3373,269,2026-06-25T08:03:23Z,2026-06-25T10:51:36Z,2.8
PH13 9JA,SHEPD,HV,1,TM3373,269,2026-06-25T08:03:23Z,2026-06-25T10:51:36Z,2.8
PH13 9JJ,SHEPD,HV,1,TM3373,269,2026-06-25T08:03:23Z,2026-06-25T10:51:36Z,2.8
PH13 9JL,SHEPD,HV,1,TM3373,269,2026-06-25T08:03:23Z,2026-06-25T10:51:36Z,2.8
PH13 9JN,SHEPD,HV,1,TM3373,269,2026-06-25T08:03:23Z,2026-06-25T10:51:36Z,2.8
PH13 9JP,SHEPD,HV,1,TM3373,269,2026-06-25T08:03:23Z,2026-06-25T10:51:36Z,2.8
PH13 9JR,SHEPD,HV,1,TM3373,269,2026-06-25T08:03:23Z,2026-06-25T10:51:36Z,2.8
PH13 9JS,SHEPD,HV,1,TM3373,269,2026-06-25T08:03:23Z,2026-06-25T10:51:36Z,2.8
PH13 9JW,SHEPD,HV,1,TM3373,269,2026-06-25T08:03:23Z,2026-06-25T10:51:36Z,2.8
PH13 9LR,SHEPD,HV,1,TM3373,269,2026-06-25T08:03:23Z,2026-06-25T10:51:36Z,2.8
PO36 9EJ,SEPD,HV,1,TM3418,4,2026-06-25T08:03:23Z,2026-06-25T10:51:36Z,2.8
PO36 9EL,SEPD,HV,1,TM3418,4,2026-06-25T08:03:23Z,2026-06-25T10:51:36Z,2.8
PO36 9EP,SEPD,HV,1,TM3418,4,2026-06-25T08:03:23Z,2026-06-25T10:51:36Z,2.8
RG17 8RB,SEPD,HV,1,TM1514,47,2026-06-24T20:11:22Z,2026-06-24T22:56:08Z,2.75
SN8 2FS,SEPD,HV,1,TM1514,47,2026-06-24T20:11:22Z,2026-06-24T22:56:08Z,2.75
SN8 2JS,SEPD,HV,1,TM1514,47,2026-06-24T20:11:22Z,2026-06-24T22:56:08Z,2.75
SN8 2JU,SEPD,HV,1,TM1514,47,2026-06-24T20:11:22Z,2026-06-24T22:56:08Z,2.75
SN8 2JX,SEPD,HV,1,TM1514,47,2026-06-24T20:11:22Z,2026-06-24T22:56:08Z,2.75
SN8 2JY,SEPD,HV,1,TM1514,47,2026-06-24T20:11:22Z,2026-06-24T22:56:08Z,2.75
SP7 8EG,SEPD,LV,1,TM2497,8,2026-06-24T20:11:22Z,2026-06-24T22:56:08Z,2.75
SP7 8EH,SEPD,LV,1,TM2497,8,2026-06-24T20:11:22Z,2026-06-24T22:56:08Z,2.75
SP7 8RF,SEPD,LV,1,TM2497,8,2026-06-24T20:11:22Z,2026-06-24T22:56:08Z,2.75
PO22 9HU,SEPD,LV,1,TN1238,15,2026-06-28T16:06:31Z,2026-06-28T18:49:26Z,2.72
PO22 9HX,SEPD,LV,1,TN1238,15,2026-06-28T16:06:31Z,2026-06-28T18:49:26Z,2.72
PO22 9JL,SEPD,LV,1,TN1238,15,2026-06-28T16:06:31Z,2026-06-28T18:49:26Z,2.72
GU18 5AB,SEPD,LV,1,TM7635,17,2026-06-26T12:04:15Z,2026-06-26T14:46:38Z,2.71
GU18 5AG,SEPD,LV,1,TM7635,17,2026-06-26T12:04:15Z,2026-06-26T14:46:38Z,2.71
GU18 5RY,SEPD,LV,1,TM7635,17,2026-06-26T12:04:15Z,2026-06-26T14:46:38Z,2.71
GU18 5SA,SEPD,LV,1,TM7635,17,2026-06-26T12:04:15Z,2026-06-26T14:46:38Z,2.71
GU18 5SB,SEPD,LV,1,TM7635,17,2026-06-26T12:04:15Z,2026-06-26T14:46:38Z,2.71
GU18 5SD,SEPD,LV,1,TM7635,17,2026-06-26T12:04:15Z,2026-06-26T14:46:38Z,2.71
GU18 5SS,SEPD,LV,1,TM7635,17,2026-06-26T12:04:15Z,2026-06-26T14:46:38Z,2.71
GU18 5UE,SEPD,LV,1,TM7635,17,2026-06-26T12:04:15Z,2026-06-26T14:46:38Z,2.71
PO6 4FD,SEPD,LV,1,TM0326,9,2026-06-23T21:04:28Z,2026-06-23T23:40:36Z,2.6
PO6 4LL,SEPD,LV,1,TM0326,9,2026-06-23T21:04:28Z,2026-06-23T23:40:36Z,2.6
PO6 4LN,SEPD,LV,1,TM0326,9,2026-06-23T21:04:28Z,2026-06-23T23:40:36Z,2.6
UB2 5HS,SEPD,LV,1,TH9407,11,2026-06-23T21:04:28Z,2026-06-23T23:40:36Z,2.6
UB2 5JF,SEPD,LV,1,TH9407,11,2026-06-23T21:04:28Z,2026-06-23T23:40:36Z,2.6
PA28 6RN,SHEPD,HV,1,TM4156,30,2026-06-25T13:10:43Z,2026-06-25T15:45:55Z,2.59
PA28 6RU,SHEPD,HV,1,TM4156,30,2026-06-25T13:10:43Z,2026-06-25T15:45:55Z,2.59
BA14 6AA,SEPD,HV,1,TK6790,65,2026-06-21T21:48:03Z,2026-06-22T00:19:27Z,2.52
BA14 6AB,SEPD,HV,1,TK6790,65,2026-06-21T21:48:03Z,2026-06-22T00:19:27Z,2.52
BA14 6AD,SEPD,HV,1,TK6790,65,2026-06-21T21:48:03Z,2026-06-22T00:19:27Z,2.52
BA14 6AE,SEPD,HV,1,TK6790,65,2026-06-21T21:48:03Z,2026-06-22T00:19:27Z,2.52
BA14 6AF,SEPD,HV,1,TK6790,65,2026-06-21T21:48:03Z,2026-06-22T00:19:27Z,2.52
BA14 6AQ,SEPD,HV,1,TK6790,65,2026-06-21T21:48:03Z,2026-06-22T00:19:27Z,2.52
BA14 6DQ,SEPD,HV,1,TK6790,65,2026-06-21T21:48:03Z,2026-06-22T00:19:27Z,2.52
SL1 2NL,SEPD,HV,1,TN0017,199,2026-06-27T19:02:34Z,2026-06-27T21:33:44Z,2.52
SL1 2NN,SEPD,HV,1,TN0017,199,2026-06-27T19:02:34Z,2026-06-27T21:33:44Z,2.52
SL1 2PD,SEPD,HV,1,TN0017,199,2026-06-27T19:02:34Z,2026-06-27T21:33:44Z,2.52
SL1 2PE,SEPD,HV,1,TN0017,199,2026-06-27T19:02:34Z,2026-06-27T21:33:44Z,2.52
SL1 2SJ,SEPD,HV,1,TN0017,199,2026-06-27T19:02:34Z,2026-06-27T21:33:44Z,2.52
SL1 3FY,SEPD,HV,1,TN0017,199,2026-06-27T19:02:34Z,2026-06-27T21:33:44Z,2.52
SL1 3TA,SEPD,HV,1,TN0017,199,2026-06-27T19:02:34Z,2026-06-27T21:33:44Z,2.52
SL1 3TH,SEPD,HV,1,TN0017,199,2026-06-27T19:02:34Z,2026-06-27T21:33:44Z,2.52
SL1 3TJ,SEPD,HV,1,TN0017,199,2026-06-27T19:02:34Z,2026-06-27T21:33:44Z,2.52
SL1 3TN,SEPD,HV,1,TN0017,199,2026-06-27T19:02:34Z,2026-06-27T21:33:44Z,2.52
SL1 3XG,SEPD,HV,1,TN0017,199,2026-06-27T19:02:34Z,2026-06-27T21:33:44Z,2.52
SL1 3XH,SEPD,HV,1,TN0017,199,2026-06-27T19:02:34Z,2026-06-27T21:33:44Z,2.52
SL1 3XL,SEPD,HV,1,TN0017,199,2026-06-27T19:02:34Z,2026-06-27T21:33:44Z,2.52
SL1 3XP,SEPD,HV,1,TN0017,199,2026-06-27T19:02:34Z,2026-06-27T21:33:44Z,2.52
SL1 3XQ,SEPD,HV,1,TN0017,199,2026-06-27T19:02:34Z,2026-06-27T21:33:44Z,2.52
SL1 3XW,SEPD,HV,1,TN0017,199,2026-06-27T19:02:34Z,2026-06-27T21:33:44Z,2.52
SL1 4UN,SEPD,HV,1,TN0017,199,2026-06-27T19:02:34Z,2026-06-27T21:33:44Z,2.52
SL3 9AS,SEPD,HV,1,TN0017,199,2026-06-27T19:02:34Z,2026-06-27T21:33:44Z,2.52
OX12 7HT,SEPD,LV,1,TK9727,8,2026-06-23T14:14:17Z,2026-06-23T16:44:49Z,2.51
OX12 7HX,SEPD,LV,1,TK9727,8,2026-06-23T14:14:17Z,2026-06-23T16:44:49Z,2.51
OX12 7HY,SEPD,LV,1,TK9727,8,2026-06-23T14:14:17Z,2026-06-23T16:44:49Z,2.51
OX12 7JE,SEPD,LV,1,TK9727,8,2026-06-23T14:14:17Z,2026-06-23T16:44:49Z,2.51
OX12 7JF,SEPD,LV,1,TK9727,8,2026-06-23T14:14:17Z,2026-06-23T16:44:49Z,2.51
BA21 5LR,SEPD,LV,2,"TM9404,TM9941",46,2026-06-27T16:48:13Z,2026-06-27T20:17:28Z,2.44
BA21 5LS,SEPD,LV,2,"TM9404,TM9941",46,2026-06-27T16:48:13Z,2026-06-27T20:17:28Z,2.44
BA21 5LX,SEPD,LV,2,"TM9404,TM9941",46,2026-06-27T16:48:13Z,2026-06-27T20:17:28Z,2.44
BA21 5LY,SEPD,LV,2,"TM9404,TM9941",46,2026-06-27T16:48:13Z,2026-06-27T20:17:28Z,2.44
BA8 0RJ,SEPD,"PSI,HV",2,"251883,TK9852",185,2026-06-23T11:50:26Z,2026-06-23T16:44:49Z,2.4
BA8 0RR,SEPD,"PSI,HV",2,"251883,TK9852",185,2026-06-23T11:50:26Z,2026-06-23T16:44:49Z,2.4
BA8 0SD,SEPD,"PSI,HV",2,"251883,TK9852",185,2026-06-23T11:50:26Z,2026-06-23T16:44:49Z,2.4
AB51 0HQ,SHEPD,PSI,1,251769,69,2026-06-23T11:50:26Z,2026-06-23T14:14:17Z,2.4
AB51 0HT,SHEPD,PSI,1,251769,69,2026-06-23T11:50:26Z,2026-06-23T14:14:17Z,2.4
AB51 0HU,SHEPD,PSI,1,251769,69,2026-06-23T11:50:26Z,2026-06-23T14:14:17Z,2.4
AB51 0HX,SHEPD,PSI,1,251769,69,2026-06-23T11:50:26Z,2026-06-23T14:14:17Z,2.4
AB51 0JN,SHEPD,PSI,1,251769,69,2026-06-23T11:50:26Z,2026-06-23T14:14:17Z,2.4
AB54 4JS,SHEPD,HV,1,TK9536,25,2026-06-23T11:50:26Z,2026-06-23T14:14:17Z,2.4
AB54 4JU,SHEPD,HV,1,TK9536,25,2026-06-23T11:50:26Z,2026-06-23T14:14:17Z,2.4
AB54 4JW,SHEPD,HV,1,TK9536,25,2026-06-23T11:50:26Z,2026-06-23T14:14:17Z,2.4
AB54 4JY,SHEPD,HV,1,TK9536,25,2026-06-23T11:50:26Z,2026-06-23T14:14:17Z,2.4
AB54 4LB,SHEPD,HV,1,TK9536,25,2026-06-23T11:50:26Z,2026-06-23T14:14:17Z,2.4
AB54 4LD,SHEPD,HV,1,TK9536,25,2026-06-23T11:50:26Z,2026-06-23T14:14:17Z,2.4
AB54 4LE,SHEPD,HV,1,TK9536,25,2026-06-23T11:50:26Z,2026-06-23T14:14:17Z,2.4
GU28 9BX,SEPD,PSI,1,251262,10,2026-06-23T11:50:26Z,2026-06-23T14:14:17Z,2.4
GU28 9BY,SEPD,PSI,1,251262,10,2026-06-23T11:50:26Z,2026-06-23T14:14:17Z,2.4
GU29 0AZ,SEPD,PSI,1,251262,10,2026-06-23T11:50:26Z,2026-06-23T14:14:17Z,2.4
IV27 4TF,SHEPD,PSI,1,251812,55,2026-06-23T11:50:26Z,2026-06-23T14:14:17Z,2.4
KW9 6LP,SHEPD,PSI,1,251812,55,2026-06-23T11:50:26Z,2026-06-23T14:14:17Z,2.4
PA29,SHEPD,PSI,1,251899,81,2026-06-23T11:50:26Z,2026-06-23T14:14:17Z,2.4
PA29 6TS,SHEPD,PSI,1,251899,81,2026-06-23T11:50:26Z,2026-06-23T14:14:17Z,2.4
PA29 6TU,SHEPD,PSI,1,251899,81,2026-06-23T11:50:26Z,2026-06-23T14:14:17Z,2.4
PA29 6TW,SHEPD,LV,1,TK9207,5,2026-06-23T11:50:26Z,2026-06-23T14:14:17Z,2.4
PA29 6YN,SHEPD,PSI,1,251899,81,2026-06-23T11:50:26Z,2026-06-23T14:14:17Z,2.4
RG10 8EW,SEPD,PSI,1,251786,65,2026-06-23T11:50:26Z,2026-06-23T14:14:17Z,2.4
RG10 8HD,SEPD,PSI,1,251661,65,2026-06-23T11:50:26Z,2026-06-23T14:14:17Z,2.4
RG10 8HH,SEPD,PSI,1,251661,65,2026-06-23T11:50:26Z,2026-06-23T14:14:17Z,2.4
RG10 8HJ,SEPD,PSI,1,251661,65,2026-06-23T11:50:26Z,2026-06-23T14:14:17Z,2.4
RG10 8HL,SEPD,PSI,1,251661,65,2026-06-23T11:50:26Z,2026-06-23T14:14:17Z,2.4
RG10 8HN,SEPD,PSI,1,251661,65,2026-06-23T11:50:26Z,2026-06-23T14:14:17Z,2.4
RG10 8NE,SEPD,PSI,1,251786,65,2026-06-23T11:50:26Z,2026-06-23T14:14:17Z,2.4
RG10 8NJ,SEPD,PSI,1,251786,65,2026-06-23T11:50:26Z,2026-06-23T14:14:17Z,2.4
RG10 8NL,SEPD,PSI,1,251786,65,2026-06-23T11:50:26Z,2026-06-23T14:14:17Z,2.4
RG10 8NT,SEPD,PSI,1,251786,65,2026-06-23T11:50:26Z,2026-06-23T14:14:17Z,2.4
RG10 8QE,SEPD,PSI,1,251786,65,2026-06-23T11:50:26Z,2026-06-23T14:14:17Z,2.4
RG10 8QL,SEPD,PSI,1,251786,65,2026-06-23T11:50:26Z,2026-06-23T14:14:17Z,2.4
RG10 8QN,SEPD,PSI,1,251786,65,2026-06-23T11:50:26Z,2026-06-23T14:14:17Z,2.4
RG10 8QP,SEPD,PSI,1,251786,65,2026-06-23T11:50:26Z,2026-06-23T14:14:17Z,2.4
RG10 8QS,SEPD,PSI,1,251786,65,2026-06-23T11:50:26Z,2026-06-23T14:14:17Z,2.4
RG10 8QY,SEPD,PSI,1,251786,65,2026-06-23T11:50:26Z,2026-06-23T14:14:17Z,2.4
RG10 9RY,SEPD,PSI,1,251661,65,2026-06-23T11:50:26Z,2026-06-23T14:14:17Z,2.4
RG10 9TN,SEPD,PSI,1,251661,65,2026-06-23T11:50:26Z,2026-06-23T14:14:17Z,2.4
RG10 9TP,SEPD,PSI,1,251661,65,2026-06-23T11:50:26Z,2026-06-23T14:14:17Z,2.4
RG10 9UR,SEPD,PSI,1,251786,65,2026-06-23T11:50:26Z,2026-06-23T14:14:17Z,2.4
RG10 9XT,SEPD,PSI,1,251786,65,2026-06-23T11:50:26Z,2026-06-23T14:14:17Z,2.4
RG10 9XY,SEPD,PSI,1,251786,65,2026-06-23T11:50:26Z,2026-06-23T14:14:17Z,2.4
RG10 9YN,SEPD,PSI,1,251786,65,2026-06-23T11:50:26Z,2026-06-23T14:14:17Z,2.4
RG10 9YP,SEPD,PSI,1,251786,65,2026-06-23T11:50:26Z,2026-06-23T14:14:17Z,2.4
RG10 9YR,SEPD,PSI,1,251786,65,2026-06-23T11:50:26Z,2026-06-23T14:14:17Z,2.4
RG10 9YS,SEPD,PSI,1,251786,65,2026-06-23T11:50:26Z,2026-06-23T14:14:17Z,2.4
RG26 3EL,SEPD,PSI,1,251197,85,2026-06-23T11:50:26Z,2026-06-23T14:14:17Z,2.4
RG26 3ES,SEPD,PSI,1,251197,85,2026-06-23T11:50:26Z,2026-06-23T14:14:17Z,2.4
RG27 8JU,SEPD,PSI,1,251925,54,2026-06-23T11:50:26Z,2026-06-23T14:14:17Z,2.4
RG27 8JX,SEPD,PSI,1,251925,54,2026-06-23T11:50:26Z,2026-06-23T14:14:17Z,2.4
RG27 9BA,SEPD,PSI,1,251925,54,2026-06-23T11:50:26Z,2026-06-23T14:14:17Z,2.4
RG27 9BY,SEPD,PSI,1,251925,54,2026-06-23T11:50:26Z,2026-06-23T14:14:17Z,2.4
RG27 9BZ,SEPD,PSI,1,251925,54,2026-06-23T11:50:26Z,2026-06-23T14:14:17Z,2.4
RG27 9DA,SEPD,PSI,1,251925,54,2026-06-23T11:50:26Z,2026-06-23T14:14:17Z,2.4
RG27 9DB,SEPD,PSI,1,251925,54,2026-06-23T11:50:26Z,2026-06-23T14:14:17Z,2.4
RG5 4JB,SEPD,PSI,1,251197,85,2026-06-23T11:50:26Z,2026-06-23T14:14:17Z,2.4
RG7 2PA,SEPD,PSI,1,251197,85,2026-06-23T11:50:26Z,2026-06-23T14:14:17Z,2.4
RG7 2PB,SEPD,PSI,1,251197,85,2026-06-23T11:50:26Z,2026-06-23T14:14:17Z,2.4
RG7 2PD,SEPD,PSI,1,251197,85,2026-06-23T11:50:26Z,2026-06-23T14:14:17Z,2.4
RG7 2PF,SEPD,PSI,1,251197,85,2026-06-23T11:50:26Z,2026-06-23T14:14:17Z,2.4
RG7 2PQ,SEPD,PSI,1,251197,85,2026-06-23T11:50:26Z,2026-06-23T14:14:17Z,2.4
RG7 4PA,SEPD,PSI,1,251197,85,2026-06-23T11:50:26Z,2026-06-23T14:14:17Z,2.4
RG7 4PQ,SEPD,PSI,1,251197,85,2026-06-23T11:50:26Z,2026-06-23T14:14:17Z,2.4
RG7 4QD,SEPD,PSI,1,251197,85,2026-06-23T11:50:26Z,2026-06-23T14:14:17Z,2.4
RG7 4QE,SEPD,PSI,1,251197,85,2026-06-23T11:50:26Z,2026-06-23T14:14:17Z,2.4
RG7 4QL,SEPD,PSI,1,251197,85,2026-06-23T11:50:26Z,2026-06-23T14:14:17Z,2.4
RG9 6RP,SEPD,PSI,1,252015,62,2026-06-23T11:50:26Z,2026-06-23T14:14:17Z,2.4
RG9 6RR,SEPD,PSI,1,252015,62,2026-06-23T11:50:26Z,2026-06-23T14:14:17Z,2.4
RG9 6RS,SEPD,PSI,1,252015,62,2026-06-23T11:50:26Z,2026-06-23T14:14:17Z,2.4
RG9 6RT,SEPD,PSI,1,252015,62,2026-06-23T11:50:26Z,2026-06-23T14:14:17Z,2.4
RG9 6RU,SEPD,PSI,1,252015,62,2026-06-23T11:50:26Z,2026-06-23T14:14:17Z,2.4
RG9 6RX,SEPD,PSI,1,252015,62,2026-06-23T11:50:26Z,2026-06-23T14:14:17Z,2.4
RG9 6RY,SEPD,PSI,1,252015,62,2026-06-23T11:50:26Z,2026-06-23T14:14:17Z,2.4
RG9 6SA,SEPD,PSI,1,252015,62,2026-06-23T11:50:26Z,2026-06-23T14:14:17Z,2.4
RG9 6SD,SEPD,PSI,1,252015,62,2026-06-23T11:50:26Z,2026-06-23T14:14:17Z,2.4
RG9 6SG,SEPD,PSI,1,252015,62,2026-06-23T11:50:26Z,2026-06-23T14:14:17Z,2.4
RG9 6SH,SEPD,PSI,1,252015,62,2026-06-23T11:50:26Z,2026-06-23T14:14:17Z,2.4
RG9 6SJ,SEPD,PSI,1,252015,62,2026-06-23T11:50:26Z,2026-06-23T14:14:17Z,2.4
RG9 6SP,SEPD,PSI,1,252015,62,2026-06-23T11:50:26Z,2026-06-23T14:14:17Z,2.4
SO41 6DT,SEPD,PSI,1,252149,2,2026-06-23T11:50:26Z,2026-06-23T14:14:17Z,2.4
SO41 6EA,SEPD,PSI,1,252149,2,2026-06-23T11:50:26Z,2026-06-23T14:14:17Z,2.4
SN7 7EX,SEPD,"PSI,LV",2,"252759,TK8341",37,2026-06-22T19:46:47Z,2026-06-25T13:10:43Z,2.32
SN9 6DQ,SEPD,PSI,2,"251325,251326",94,2026-06-22T11:21:18Z,2026-06-25T13:10:43Z,2.32
AB22 8DD,SHEPD,PSI,1,252112,222,2026-06-25T10:51:36Z,2026-06-25T13:10:43Z,2.32
AB22 8DE,SHEPD,PSI,1,252112,222,2026-06-25T10:51:36Z,2026-06-25T13:10:43Z,2.32
AB22 8DF,SHEPD,PSI,1,252112,222,2026-06-25T10:51:36Z,2026-06-25T13:10:43Z,2.32
AB22 8DG,SHEPD,PSI,1,252112,222,2026-06-25T10:51:36Z,2026-06-25T13:10:43Z,2.32
AB22 8DH,SHEPD,PSI,1,252112,222,2026-06-25T10:51:36Z,2026-06-25T13:10:43Z,2.32
AB22 8DJ,SHEPD,PSI,1,252112,222,2026-06-25T10:51:36Z,2026-06-25T13:10:43Z,2.32
AB22 8DL,SHEPD,PSI,1,252112,222,2026-06-25T10:51:36Z,2026-06-25T13:10:43Z,2.32
AB22 8DN,SHEPD,PSI,1,252112,222,2026-06-25T10:51:36Z,2026-06-25T13:10:43Z,2.32
DD7 6HG,SHEPD,LV,1,TM3495,4,2026-06-25T10:51:36Z,2026-06-25T13:10:43Z,2.32
FK8 2RW,SHEPD,PSI,1,251858,81,2026-06-25T10:51:36Z,2026-06-25T13:10:43Z,2.32
FK8 3LA,SHEPD,PSI,1,251858,81,2026-06-25T10:51:36Z,2026-06-25T13:10:43Z,2.32
FK8 3LB,SHEPD,PSI,1,251858,81,2026-06-25T10:51:36Z,2026-06-25T13:10:43Z,2.32
FK8 3RD,SHEPD,PSI,1,251858,81,2026-06-25T10:51:36Z,2026-06-25T13:10:43Z,2.32
FK8 3UY,SHEPD,PSI,1,251858,81,2026-06-25T10:51:36Z,2026-06-25T13:10:43Z,2.32
GU47 0QP,SEPD,LV,1,TM3740,34,2026-06-25T10:51:36Z,2026-06-25T13:10:43Z,2.32
GU47 0QR,SEPD,LV,1,TM3740,34,2026-06-25T10:51:36Z,2026-06-25T13:10:43Z,2.32
GU47 0YD,SEPD,LV,1,TM3740,34,2026-06-25T10:51:36Z,2026-06-25T13:10:43Z,2.32
GU47 0YR,SEPD,LV,1,TM3740,34,2026-06-25T10:51:36Z,2026-06-25T13:10:43Z,2.32
GU47 0YS,SEPD,LV,1,TM3740,34,2026-06-25T10:51:36Z,2026-06-25T13:10:43Z,2.32
GU47 0YW,SEPD,LV,1,TM3740,34,2026-06-25T10:51:36Z,2026-06-25T13:10:43Z,2.32
OX13 6NA,SEPD,PSI,1,251730,10,2026-06-25T10:51:36Z,2026-06-25T13:10:43Z,2.32
OX27 7SH,SEPD,PSI,1,251730,10,2026-06-25T10:51:36Z,2026-06-25T13:10:43Z,2.32
OX27 7SJ,SEPD,PSI,1,251730,10,2026-06-25T10:51:36Z,2026-06-25T13:10:43Z,2.32
OX27 7SP,SEPD,PSI,1,251730,10,2026-06-25T10:51:36Z,2026-06-25T13:10:43Z,2.32
OX5 2UN,SEPD,PSI,1,251940,4,2026-06-25T10:51:36Z,2026-06-25T13:10:43Z,2.32
OX5 2UW,SEPD,PSI,1,251940,4,2026-06-25T10:51:36Z,2026-06-25T13:10:43Z,2.32
PO8 0QA,SEPD,PSI,1,252001,15,2026-06-25T10:51:36Z,2026-06-25T13:10:43Z,2.32
PO8 0QB,SEPD,PSI,1,252001,15,2026-06-25T10:51:36Z,2026-06-25T13:10:43Z,2.32
PO8 0QE,SEPD,PSI,1,252001,15,2026-06-25T10:51:36Z,2026-06-25T13:10:43Z,2.32
RG29 1JH,SEPD,PSI,1,251664,2,2026-06-25T10:51:36Z,2026-06-25T13:10:43Z,2.32
SL2 1DF,SEPD,HV,1,TM3806,259,2026-06-25T10:51:36Z,2026-06-25T13:10:43Z,2.32
PA67 6DU,SHEPD,"LV,HV",2,"TM6427,TM7678",346,2026-06-26T09:45:43Z,2026-06-26T12:04:15Z,2.31
BH1 3QB,SEPD,LV,1,TM6855,7,2026-06-26T09:45:43Z,2026-06-26T12:04:15Z,2.31
BH1 3QR,SEPD,LV,1,TM6855,7,2026-06-26T09:45:43Z,2026-06-26T12:04:15Z,2.31
BH1 3TF,SEPD,LV,1,TM6855,7,2026-06-26T09:45:43Z,2026-06-26T12:04:15Z,2.31
BH23 7DU,SEPD,PSI,1,252299,9,2026-06-24T11:34:27Z,2026-06-24T13:52:53Z,2.31
BH23 8EB,SEPD,PSI,1,252299,9,2026-06-24T11:34:27Z,2026-06-24T13:52:53Z,2.31
BH23 8LA,SEPD,PSI,1,252299,9,2026-06-24T11:34:27Z,2026-06-24T13:52:53Z,2.31
BH31 6ED,SEPD,LV,1,TK9441,17,2026-06-24T11:34:27Z,2026-06-24T13:52:53Z,2.31
BH31 6HZ,SEPD,LV,1,TK9441,17,2026-06-24T11:34:27Z,2026-06-24T13:52:53Z,2.31
BH31 6JA,SEPD,LV,1,TK9441,17,2026-06-24T11:34:27Z,2026-06-24T13:52:53Z,2.31
BH31 6JE,SEPD,LV,1,TK9441,17,2026-06-24T11:34:27Z,2026-06-24T13:52:53Z,2.31
BH6 3JJ,SEPD,PSI,1,252789,12,2026-06-26T09:45:43Z,2026-06-26T12:04:15Z,2.31
BH6 3JP,SEPD,PSI,1,252789,12,2026-06-26T09:45:43Z,2026-06-26T12:04:15Z,2.31
GU26 6PN,SEPD,PSI,1,252593,27,2026-06-26T09:45:43Z,2026-06-26T12:04:15Z,2.31
GU26 6QY,SEPD,PSI,1,252593,27,2026-06-26T09:45:43Z,2026-06-26T12:04:15Z,2.31
GU26 6QZ,SEPD,PSI,1,252593,27,2026-06-26T09:45:43Z,2026-06-26T12:04:15Z,2.31
GU26 6RA,SEPD,PSI,1,252593,27,2026-06-26T09:45:43Z,2026-06-26T12:04:15Z,2.31
GU26 6RB,SEPD,PSI,1,252593,27,2026-06-26T09:45:43Z,2026-06-26T12:04:15Z,2.31
IV27 4EG,SHEPD,PSI,1,251813,74,2026-06-24T11:34:27Z,2026-06-24T13:52:53Z,2.31
IV27 4SR,SHEPD,PSI,1,251813,74,2026-06-24T11:34:27Z,2026-06-24T13:52:53Z,2.31
IV27 4TD,SHEPD,PSI,1,251813,74,2026-06-24T11:34:27Z,2026-06-24T13:52:53Z,2.31
IV27 4TW,SHEPD,PSI,1,251813,74,2026-06-24T11:34:27Z,2026-06-24T13:52:53Z,2.31
IV27 4UE,SHEPD,HV,1,TM7331,93,2026-06-26T09:45:43Z,2026-06-26T12:04:15Z,2.31
IV27 4UF,SHEPD,HV,1,TM7331,93,2026-06-26T09:45:43Z,2026-06-26T12:04:15Z,2.31
IV27 4UG,SHEPD,HV,1,TM7331,93,2026-06-26T09:45:43Z,2026-06-26T12:04:15Z,2.31
IV27 4UH,SHEPD,HV,1,TM7331,93,2026-06-26T09:45:43Z,2026-06-26T12:04:15Z,2.31
IV27 4UJ,SHEPD,HV,1,TM7331,93,2026-06-26T09:45:43Z,2026-06-26T12:04:15Z,2.31
IV27 4UN,SHEPD,HV,1,TM7331,93,2026-06-26T09:45:43Z,2026-06-26T12:04:15Z,2.31
IV27 4UQ,SHEPD,HV,1,TM7331,93,2026-06-26T09:45:43Z,2026-06-26T12:04:15Z,2.31
KW11 6UG,SHEPD,HV,1,TM7331,93,2026-06-26T09:45:43Z,2026-06-26T12:04:15Z,2.31
KW14 8HW,SHEPD,PSI,1,252165,15,2026-06-26T09:45:43Z,2026-06-26T12:04:15Z,2.31
OX13 6AA,SEPD,PSI,1,251939,70,2026-06-24T11:34:27Z,2026-06-24T13:52:53Z,2.31
OX13 6SJ,SEPD,PSI,1,251939,70,2026-06-24T11:34:27Z,2026-06-24T13:52:53Z,2.31
OX13 6SL,SEPD,PSI,1,251939,70,2026-06-24T11:34:27Z,2026-06-24T13:52:53Z,2.31
OX13 6SN,SEPD,PSI,1,251939,70,2026-06-24T11:34:27Z,2026-06-24T13:52:53Z,2.31
OX13 6SP,SEPD,PSI,1,251939,70,2026-06-24T11:34:27Z,2026-06-24T13:52:53Z,2.31
OX13 6SR,SEPD,PSI,1,251939,70,2026-06-24T11:34:27Z,2026-06-24T13:52:53Z,2.31
OX13 6SW,SEPD,PSI,1,251939,70,2026-06-24T11:34:27Z,2026-06-24T13:52:53Z,2.31
OX20 1HJ,SEPD,PSI,1,251950,29,2026-06-26T09:45:43Z,2026-06-26T12:04:15Z,2.31
OX20 1HL,SEPD,PSI,1,251950,29,2026-06-26T09:45:43Z,2026-06-26T12:04:15Z,2.31
OX20 1HN,SEPD,PSI,1,251950,29,2026-06-26T09:45:43Z,2026-06-26T12:04:15Z,2.31
OX20 1HP,SEPD,PSI,1,251950,29,2026-06-26T09:45:43Z,2026-06-26T12:04:15Z,2.31
OX20 1HS,SEPD,PSI,1,251950,29,2026-06-26T09:45:43Z,2026-06-26T12:04:15Z,2.31
OX20 1HW,SEPD,PSI,1,251950,29,2026-06-26T09:45:43Z,2026-06-26T12:04:15Z,2.31
PA34 4SE,SHEPD,PSI,1,252648,38,2026-06-26T09:45:43Z,2026-06-26T12:04:15Z,2.31
PA34 4SF,SHEPD,PSI,1,252648,38,2026-06-26T09:45:43Z,2026-06-26T12:04:15Z,2.31
PA38 4BP,SHEPD,PSI,1,250879,13,2026-06-24T11:34:27Z,2026-06-24T13:52:53Z,2.31
PA38 4BS,SHEPD,PSI,1,250879,13,2026-06-24T11:34:27Z,2026-06-24T13:52:53Z,2.31
PA38 4BW,SHEPD,PSI,1,250879,13,2026-06-24T11:34:27Z,2026-06-24T13:52:53Z,2.31
PH10 6JX,SHEPD,PSI,1,251447,3,2026-06-24T11:34:27Z,2026-06-24T13:52:53Z,2.31
PO22 9NN,SEPD,PSI,1,251918,6,2026-06-24T11:34:27Z,2026-06-24T13:52:53Z,2.31
PO22 9RP,SEPD,PSI,1,251918,6,2026-06-24T11:34:27Z,2026-06-24T13:52:53Z,2.31
PO22 9TR,SEPD,PSI,1,251918,6,2026-06-24T11:34:27Z,2026-06-24T13:52:53Z,2.31
PO37 6QH,SEPD,PSI,1,251974,8,2026-06-24T11:34:27Z,2026-06-24T13:52:53Z,2.31
PO37 6QJ,SEPD,PSI,1,251974,8,2026-06-24T11:34:27Z,2026-06-24T13:52:53Z,2.31
PO37 7PW,SEPD,PSI,1,251974,8,2026-06-24T11:34:27Z,2026-06-24T13:52:53Z,2.31
PO38 3AE,SEPD,PSI,1,251974,8,2026-06-24T11:34:27Z,2026-06-24T13:52:53Z,2.31
RG18 0UE,SEPD,PSI,1,252072,5,2026-06-24T11:34:27Z,2026-06-24T13:52:53Z,2.31
RG18 0UN,SEPD,PSI,1,252072,5,2026-06-24T11:34:27Z,2026-06-24T13:52:53Z,2.31
RG7 4RA,SEPD,PSI,1,251774,2,2026-06-26T09:45:43Z,2026-06-26T12:04:15Z,2.31
SP2 8DH,SEPD,PSI,1,252664,11,2026-06-24T11:34:27Z,2026-06-24T13:52:53Z,2.31
SP2 8JD,SEPD,PSI,1,252664,11,2026-06-24T11:34:27Z,2026-06-24T13:52:53Z,2.31
W4 1TD,SEPD,LV,1,TM5048,37,2026-06-26T09:45:43Z,2026-06-26T12:04:15Z,2.31
W4 1TF,SEPD,LV,1,TM5048,37,2026-06-26T09:45:43Z,2026-06-26T12:04:15Z,2.31
W4 1TG,SEPD,LV,1,TM5048,37,2026-06-26T09:45:43Z,2026-06-26T12:04:15Z,2.31
W4 1TQ,SEPD,LV,1,TM5048,37,2026-06-26T09:45:43Z,2026-06-26T12:04:15Z,2.31
HP13 5AU,SEPD,PSI,1,252605,47,2026-06-25T23:24:57Z,2026-06-26T01:38:09Z,2.22
HP14 4LA,SEPD,PSI,1,252605,47,2026-06-25T23:24:57Z,2026-06-26T01:38:09Z,2.22
HP14 4LB,SEPD,PSI,1,252605,47,2026-06-25T23:24:57Z,2026-06-26T01:38:09Z,2.22
HP14 4PP,SEPD,PSI,1,252605,47,2026-06-25T23:24:57Z,2026-06-26T01:38:09Z,2.22
HP15 6LD,SEPD,PSI,1,252605,47,2026-06-25T23:24:57Z,2026-06-26T01:38:09Z,2.22
HP15 6LG,SEPD,PSI,1,252605,47,2026-06-25T23:24:57Z,2026-06-26T01:38:09Z,2.22
HP15 6LH,SEPD,PSI,1,252605,47,2026-06-25T23:24:57Z,2026-06-26T01:38:09Z,2.22
HP15 6LQ,SEPD,PSI,1,252605,47,2026-06-25T23:24:57Z,2026-06-26T01:38:09Z,2.22
HP15 6ND,SEPD,PSI,1,252605,47,2026-06-25T23:24:57Z,2026-06-26T01:38:09Z,2.22
PO9 1JN,SEPD,PSI,1,251483,2,2026-06-25T23:24:57Z,2026-06-26T01:38:09Z,2.22
DD8 4BU,SHEPD,LV,3,"TM0079,TM0463,TM8390",86,2026-06-23T16:44:49Z,2026-06-26T16:52:59Z,2.21
DD8 4DP,SHEPD,LV,3,"TM0079,TM0463,TM8390",86,2026-06-23T16:44:49Z,2026-06-26T16:52:59Z,2.21
DD8 4EY,SHEPD,LV,3,"TM0079,TM0463,TM8390",86,2026-06-23T16:44:49Z,2026-06-26T16:52:59Z,2.21
DD8 4EZ,SHEPD,LV,3,"TM0079,TM0463,TM8390",86,2026-06-23T16:44:49Z,2026-06-26T16:52:59Z,2.21
DD8 4GP,SHEPD,LV,3,"TM0079,TM0463,TM8390",86,2026-06-23T16:44:49Z,2026-06-26T16:52:59Z,2.21
DD8 4GR,SHEPD,LV,3,"TM0079,TM0463,TM8390",86,2026-06-23T16:44:49Z,2026-06-26T16:52:59Z,2.21
DD8 4GS,SHEPD,LV,3,"TM0079,TM0463,TM8390",86,2026-06-23T16:44:49Z,2026-06-26T16:52:59Z,2.21
DD8 4GT,SHEPD,LV,3,"TM0079,TM0463,TM8390",86,2026-06-23T16:44:49Z,2026-06-26T16:52:59Z,2.21
DD8 4GU,SHEPD,LV,3,"TM0079,TM0463,TM8390",86,2026-06-23T16:44:49Z,2026-06-26T16:52:59Z,2.21
DD8 4GW,SHEPD,LV,3,"TM0079,TM0463,TM8390",86,2026-06-23T16:44:49Z,2026-06-26T16:52:59Z,2.21
DD8 4HB,SHEPD,LV,3,"TM0079,TM0463,TM8390",86,2026-06-23T16:44:49Z,2026-06-26T16:52:59Z,2.21
DD8 4HN,SHEPD,LV,3,"TM0079,TM0463,TM8390",86,2026-06-23T16:44:49Z,2026-06-26T16:52:59Z,2.21
DD8 4HP,SHEPD,LV,3,"TM0079,TM0463,TM8390",86,2026-06-23T16:44:49Z,2026-06-26T16:52:59Z,2.21
DD8 4JA,SHEPD,LV,3,"TM0079,TM0463,TM8390",86,2026-06-23T16:44:49Z,2026-06-26T16:52:59Z,2.21
DD8 5BY,SHEPD,LV,3,"TM0079,TM0463,TM8390",86,2026-06-23T16:44:49Z,2026-06-26T16:52:59Z,2.21
RG2 0SA,SEPD,LV,1,TM0073,14,2026-06-23T16:44:49Z,2026-06-23T18:57:17Z,2.21
RG2 0SU,SEPD,LV,1,TM0073,14,2026-06-23T16:44:49Z,2026-06-23T18:57:17Z,2.21
RG2 0SX,SEPD,LV,1,TM0073,14,2026-06-23T16:44:49Z,2026-06-23T18:57:17Z,2.21
OX14 4AH,SEPD,HV,1,TM4546,96,2026-06-25T15:45:55Z,2026-06-25T17:57:46Z,2.2
OX14 4AJ,SEPD,HV,1,TM4546,96,2026-06-25T15:45:55Z,2026-06-25T17:57:46Z,2.2
OX14 4AL,SEPD,HV,1,TM4546,96,2026-06-25T15:45:55Z,2026-06-25T17:57:46Z,2.2
OX14 4AN,SEPD,HV,1,TM4546,96,2026-06-25T15:45:55Z,2026-06-25T17:57:46Z,2.2
OX14 4AP,SEPD,HV,1,TM4546,96,2026-06-25T15:45:55Z,2026-06-25T17:57:46Z,2.2
OX14 4AW,SEPD,HV,1,TM4546,96,2026-06-25T15:45:55Z,2026-06-25T17:57:46Z,2.2
OX18 4AW,SEPD,HV,1,TM4546,96,2026-06-25T15:45:55Z,2026-06-25T17:57:46Z,2.2
SL2 5DS,SEPD,LV,1,TM4517,3,2026-06-25T15:45:55Z,2026-06-25T17:57:46Z,2.2
SL2 5HF,SEPD,LV,1,TM4517,3,2026-06-25T15:45:55Z,2026-06-25T17:57:46Z,2.2
SL3 0BH,SEPD,LV,1,TM4517,3,2026-06-25T15:45:55Z,2026-06-25T17:57:46Z,2.2
UB5 5HH,SEPD,LV,1,TM4457,6,2026-06-25T15:45:55Z,2026-06-25T17:57:46Z,2.2
UB5 6AG,SEPD,LV,1,TM4457,6,2026-06-25T15:45:55Z,2026-06-25T17:57:46Z,2.2
W3 6AH,SEPD,LV,1,TM4561,42,2026-06-25T15:45:55Z,2026-06-25T17:57:46Z,2.2
W3 6AJ,SEPD,LV,1,TM4561,42,2026-06-25T15:45:55Z,2026-06-25T17:57:46Z,2.2
W3 6AL,SEPD,LV,1,TM4561,42,2026-06-25T15:45:55Z,2026-06-25T17:57:46Z,2.2
W3 6BS,SEPD,LV,1,TM4561,42,2026-06-25T15:45:55Z,2026-06-25T17:57:46Z,2.2
W3 6NA,SEPD,LV,1,TM4561,42,2026-06-25T15:45:55Z,2026-06-25T17:57:46Z,2.2
W3 6QS,SEPD,LV,1,TM4561,42,2026-06-25T15:45:55Z,2026-06-25T17:57:46Z,2.2
W3 6QZ,SEPD,LV,1,TM4561,42,2026-06-25T15:45:55Z,2026-06-25T17:57:46Z,2.2
W3 6RF,SEPD,LV,1,TM4561,42,2026-06-25T15:45:55Z,2026-06-25T17:57:46Z,2.2
W3 9BJ,SEPD,LV,1,TM4569,25,2026-06-25T15:45:55Z,2026-06-25T17:57:46Z,2.2
W3 9BY,SEPD,LV,1,TM4569,25,2026-06-25T15:45:55Z,2026-06-25T17:57:46Z,2.2
W3 9NH,SEPD,LV,1,TM4561,42,2026-06-25T15:45:55Z,2026-06-25T17:57:46Z,2.2
W3 9NJ,SEPD,LV,1,TM4561,42,2026-06-25T15:45:55Z,2026-06-25T17:57:46Z,2.2
W3 9NN,SEPD,LV,1,TM4561,42,2026-06-25T15:45:55Z,2026-06-25T17:57:46Z,2.2
W3 9NX,SEPD,LV,1,TM4569,25,2026-06-25T15:45:55Z,2026-06-25T17:57:46Z,2.2
W3 9QN,SEPD,LV,1,TM4569,25,2026-06-25T15:45:55Z,2026-06-25T17:57:46Z,2.2
W3 9QP,SEPD,LV,1,TM4569,25,2026-06-25T15:45:55Z,2026-06-25T17:57:46Z,2.2
DT3 6NH,SEPD,LV,1,TK4834,16,2026-06-22T23:14:55Z,2026-06-23T01:26:30Z,2.19
DT3 6NL,SEPD,LV,1,TK4834,16,2026-06-22T23:14:55Z,2026-06-23T01:26:30Z,2.19
DT3 6NR,SEPD,LV,1,TK4834,16,2026-06-22T23:14:55Z,2026-06-23T01:26:30Z,2.19
SL7 3JT,SEPD,HV,1,TN0210,106,2026-06-27T21:33:44Z,2026-06-27T23:44:01Z,2.17
SL7 3LH,SEPD,HV,1,TN0210,106,2026-06-27T21:33:44Z,2026-06-27T23:44:01Z,2.17
SL7 3LJ,SEPD,HV,1,TN0210,106,2026-06-27T21:33:44Z,2026-06-27T23:44:01Z,2.17
SL7 3LL,SEPD,HV,1,TN0210,106,2026-06-27T21:33:44Z,2026-06-27T23:44:01Z,2.17
SL7 3LN,SEPD,HV,1,TN0210,106,2026-06-27T21:33:44Z,2026-06-27T23:44:01Z,2.17
SL7 3LQ,SEPD,HV,1,TN0210,106,2026-06-27T21:33:44Z,2026-06-27T23:44:01Z,2.17
PO37 6BG,SEPD,LV,2,"TM0184,TM1523",50,2026-06-23T18:57:17Z,2026-06-24T13:52:53Z,2.12
PO37 6BN,SEPD,LV,2,"TM0184,TM1523",50,2026-06-23T18:57:17Z,2026-06-24T13:52:53Z,2.12
PO37 6BS,SEPD,LV,2,"TM0184,TM1523",50,2026-06-23T18:57:17Z,2026-06-24T13:52:53Z,2.12
PO37 6BT,SEPD,LV,2,"TM0184,TM1523",50,2026-06-23T18:57:17Z,2026-06-24T13:52:53Z,2.12
PO37 6BW,SEPD,LV,2,"TM0184,TM1523",50,2026-06-23T18:57:17Z,2026-06-24T13:52:53Z,2.12
AB41 8RT,SHEPD,HV,1,TM0227,21,2026-06-23T18:57:17Z,2026-06-23T21:04:28Z,2.12
AB42 5RG,SHEPD,HV,1,TM0227,21,2026-06-23T18:57:17Z,2026-06-23T21:04:28Z,2.12
AB42 5RH,SHEPD,HV,1,TM0227,21,2026-06-23T18:57:17Z,2026-06-23T21:04:28Z,2.12
AB42 5RR,SHEPD,HV,1,TM0227,21,2026-06-23T18:57:17Z,2026-06-23T21:04:28Z,2.12
AB42 5RS,SHEPD,HV,1,TM0227,21,2026-06-23T18:57:17Z,2026-06-23T21:04:28Z,2.12
AB42 5RT,SHEPD,HV,1,TM0227,21,2026-06-23T18:57:17Z,2026-06-23T21:04:28Z,2.12
AB42 5SF,SHEPD,HV,1,TM0227,21,2026-06-23T18:57:17Z,2026-06-23T21:04:28Z,2.12
AB53 6SX,SHEPD,HV,1,TM0227,21,2026-06-23T18:57:17Z,2026-06-23T21:04:28Z,2.12
GU26 6SR,SEPD,LV,1,TM0118,6,2026-06-23T18:57:17Z,2026-06-23T21:04:28Z,2.12
RG31 7AL,SEPD,LV,1,TM0239,17,2026-06-23T18:57:17Z,2026-06-23T21:04:28Z,2.12
RG31 7AN,SEPD,LV,1,TM0239,17,2026-06-23T18:57:17Z,2026-06-23T21:04:28Z,2.12
RG31 7AU,SEPD,LV,1,TM0239,17,2026-06-23T18:57:17Z,2026-06-23T21:04:28Z,2.12
RG31 7AY,SEPD,LV,1,TM0239,17,2026-06-23T18:57:17Z,2026-06-23T21:04:28Z,2.12
SN10 1LP,SEPD,LV,1,TM0136,13,2026-06-23T18:57:17Z,2026-06-23T21:04:28Z,2.12
SN10 1LR,SEPD,LV,1,TM0136,13,2026-06-23T18:57:17Z,2026-06-23T21:04:28Z,2.12
SN10 1LW,SEPD,LV,1,TM0136,13,2026-06-23T18:57:17Z,2026-06-23T21:04:28Z,2.12
RG1 4RU,SEPD,"HV,LV",2,"TM3035,TM7907",14,2026-06-25T00:19:00Z,2026-06-26T16:52:59Z,2.11
PA28 6QR,SHEPD,HV,1,TM8106,5,2026-06-26T14:46:38Z,2026-06-26T16:52:59Z,2.11
PO4 8LW,SEPD,HV,1,TM7555,2,2026-06-26T14:46:38Z,2026-06-26T16:52:59Z,2.11
RG1 2AF,SEPD,LV,1,TM7907,6,2026-06-26T14:46:38Z,2026-06-26T16:52:59Z,2.11
RG1 2AG,SEPD,LV,1,TM7907,6,2026-06-26T14:46:38Z,2026-06-26T16:52:59Z,2.11
RG1 2AH,SEPD,LV,1,TM7907,6,2026-06-26T14:46:38Z,2026-06-26T16:52:59Z,2.11
RG1 2AP,SEPD,LV,1,TM7907,6,2026-06-26T14:46:38Z,2026-06-26T16:52:59Z,2.11
RG1 2AQ,SEPD,LV,1,TM7907,6,2026-06-26T14:46:38Z,2026-06-26T16:52:59Z,2.11
RG1 2HE,SEPD,LV,1,TM7907,6,2026-06-26T14:46:38Z,2026-06-26T16:52:59Z,2.11
RG1 2HG,SEPD,LV,1,TM7907,6,2026-06-26T14:46:38Z,2026-06-26T16:52:59Z,2.11
RG1 3AA,SEPD,LV,1,TM7907,6,2026-06-26T14:46:38Z,2026-06-26T16:52:59Z,2.11
RG8 7EU,SEPD,LV,1,TM7532,8,2026-06-26T14:46:38Z,2026-06-26T16:52:59Z,2.11
GL53 9NP,SEPD,HV,3,"TK8238,TK8241,TK8243",5336,2026-06-22T19:46:47Z,2026-06-22T21:52:49Z,2.1
GL54,SEPD,HV,3,"TK8238,TK8241,TK8243",5336,2026-06-22T19:46:47Z,2026-06-22T21:52:49Z,2.1
GL54 4ED,SEPD,HV,3,"TK8238,TK8241,TK8243",5336,2026-06-22T19:46:47Z,2026-06-22T21:52:49Z,2.1
GL54 4HD,SEPD,HV,3,"TK8238,TK8241,TK8243",5336,2026-06-22T19:46:47Z,2026-06-22T21:52:49Z,2.1
GL54 4NR,SEPD,HV,3,"TK8238,TK8241,TK8243",5336,2026-06-22T19:46:47Z,2026-06-22T21:52:49Z,2.1
GL7 7DF,SEPD,HV,3,"TK8238,TK8241,TK8243",5336,2026-06-22T19:46:47Z,2026-06-22T21:52:49Z,2.1
GL53 9FE,SEPD,HV,2,"TK8238,TK8243",2556,2026-06-22T19:46:47Z,2026-06-22T21:52:49Z,2.1
GL53 9NR,SEPD,HV,2,"TK8238,TK8243",2556,2026-06-22T19:46:47Z,2026-06-22T21:52:49Z,2.1
GL53 9NS,SEPD,HV,2,"TK8238,TK8243",2556,2026-06-22T19:46:47Z,2026-06-22T21:52:49Z,2.1
GL53 9RD,SEPD,HV,2,"TK8238,TK8243",2556,2026-06-22T19:46:47Z,2026-06-22T21:52:49Z,2.1
GL54 4AX,SEPD,HV,2,"TK8238,TK8243",2556,2026-06-22T19:46:47Z,2026-06-22T21:52:49Z,2.1
GL54 4AY,SEPD,HV,2,"TK8238,TK8243",2556,2026-06-22T19:46:47Z,2026-06-22T21:52:49Z,2.1
GL54 4AZ,SEPD,HV,2,"TK8238,TK8243",2556,2026-06-22T19:46:47Z,2026-06-22T21:52:49Z,2.1
GL54 4BH,SEPD,HV,2,"TK8238,TK8243",2556,2026-06-22T19:46:47Z,2026-06-22T21:52:49Z,2.1
GL54 4BJ,SEPD,HV,2,"TK8238,TK8243",2556,2026-06-22T19:46:47Z,2026-06-22T21:52:49Z,2.1
GL54 4BL,SEPD,HV,2,"TK8238,TK8243",2556,2026-06-22T19:46:47Z,2026-06-22T21:52:49Z,2.1
GL54 4EX,SEPD,HV,2,"TK8238,TK8243",2556,2026-06-22T19:46:47Z,2026-06-22T21:52:49Z,2.1
GL54 4EY,SEPD,HV,2,"TK8238,TK8243",2556,2026-06-22T19:46:47Z,2026-06-22T21:52:49Z,2.1
GL54 4GZ,SEPD,HV,2,"TK8238,TK8243",2556,2026-06-22T19:46:47Z,2026-06-22T21:52:49Z,2.1
GL54 4HA,SEPD,HV,2,"TK8238,TK8243",2556,2026-06-22T19:46:47Z,2026-06-22T21:52:49Z,2.1
GL54 4HB,SEPD,HV,2,"TK8238,TK8243",2556,2026-06-22T19:46:47Z,2026-06-22T21:52:49Z,2.1
GL54 4HE,SEPD,HV,2,"TK8238,TK8243",2556,2026-06-22T19:46:47Z,2026-06-22T21:52:49Z,2.1
GL54 4HF,SEPD,HV,2,"TK8238,TK8243",2556,2026-06-22T19:46:47Z,2026-06-22T21:52:49Z,2.1
GL54 4HJ,SEPD,HV,2,"TK8238,TK8243",2556,2026-06-22T19:46:47Z,2026-06-22T21:52:49Z,2.1
GL54 4HL,SEPD,HV,2,"TK8238,TK8243",2556,2026-06-22T19:46:47Z,2026-06-22T21:52:49Z,2.1
GL54 4HN,SEPD,HV,2,"TK8238,TK8243",2556,2026-06-22T19:46:47Z,2026-06-22T21:52:49Z,2.1
GL54 4HP,SEPD,HV,2,"TK8238,TK8243",2556,2026-06-22T19:46:47Z,2026-06-22T21:52:49Z,2.1
GL54 4HR,SEPD,HV,2,"TK8238,TK8243",2556,2026-06-22T19:46:47Z,2026-06-22T21:52:49Z,2.1
GL54 4HS,SEPD,HV,2,"TK8238,TK8243",2556,2026-06-22T19:46:47Z,2026-06-22T21:52:49Z,2.1
GL54 4HT,SEPD,HV,2,"TK8238,TK8243",2556,2026-06-22T19:46:47Z,2026-06-22T21:52:49Z,2.1
GL54 4HU,SEPD,HV,2,"TK8238,TK8243",2556,2026-06-22T19:46:47Z,2026-06-22T21:52:49Z,2.1
GL54 4HW,SEPD,HV,2,"TK8238,TK8243",2556,2026-06-22T19:46:47Z,2026-06-22T21:52:49Z,2.1
GL54 4HX,SEPD,HV,2,"TK8238,TK8243",2556,2026-06-22T19:46:47Z,2026-06-22T21:52:49Z,2.1
GL54 4HY,SEPD,HV,2,"TK8238,TK8243",2556,2026-06-22T19:46:47Z,2026-06-22T21:52:49Z,2.1
GL54 4HZ,SEPD,HV,2,"TK8238,TK8243",2556,2026-06-22T19:46:47Z,2026-06-22T21:52:49Z,2.1
GL54 4JA,SEPD,HV,2,"TK8238,TK8243",2556,2026-06-22T19:46:47Z,2026-06-22T21:52:49Z,2.1
GL54 4JB,SEPD,HV,2,"TK8238,TK8243",2556,2026-06-22T19:46:47Z,2026-06-22T21:52:49Z,2.1
GL54 4JD,SEPD,HV,2,"TK8238,TK8243",2556,2026-06-22T19:46:47Z,2026-06-22T21:52:49Z,2.1
GL54 4JE,SEPD,HV,2,"TK8238,TK8243",2556,2026-06-22T19:46:47Z,2026-06-22T21:52:49Z,2.1
GL54 4JF,SEPD,HV,2,"TK8238,TK8243",2556,2026-06-22T19:46:47Z,2026-06-22T21:52:49Z,2.1
GL54 4JG,SEPD,HV,2,"TK8238,TK8243",2556,2026-06-22T19:46:47Z,2026-06-22T21:52:49Z,2.1
GL54 4JH,SEPD,HV,2,"TK8238,TK8243",2556,2026-06-22T19:46:47Z,2026-06-22T21:52:49Z,2.1
GL54 4JJ,SEPD,HV,2,"TK8238,TK8243",2556,2026-06-22T19:46:47Z,2026-06-22T21:52:49Z,2.1
GL54 4JL,SEPD,HV,2,"TK8238,TK8243",2556,2026-06-22T19:46:47Z,2026-06-22T21:52:49Z,2.1
GL54 4JN,SEPD,HV,2,"TK8238,TK8243",2556,2026-06-22T19:46:47Z,2026-06-22T21:52:49Z,2.1
GL54 4JQ,SEPD,HV,2,"TK8238,TK8243",2556,2026-06-22T19:46:47Z,2026-06-22T21:52:49Z,2.1
GL54 4JR,SEPD,HV,2,"TK8238,TK8243",2556,2026-06-22T19:46:47Z,2026-06-22T21:52:49Z,2.1
GL54 4JT,SEPD,HV,2,"TK8238,TK8243",2556,2026-06-22T19:46:47Z,2026-06-22T21:52:49Z,2.1
GL54 4JW,SEPD,HV,2,"TK8238,TK8243",2556,2026-06-22T19:46:47Z,2026-06-22T21:52:49Z,2.1
GL54 4JX,SEPD,HV,2,"TK8238,TK8243",2556,2026-06-22T19:46:47Z,2026-06-22T21:52:49Z,2.1
GL54 4JY,SEPD,HV,2,"TK8238,TK8243",2556,2026-06-22T19:46:47Z,2026-06-22T21:52:49Z,2.1
GL54 4LA,SEPD,HV,2,"TK8238,TK8243",2556,2026-06-22T19:46:47Z,2026-06-22T21:52:49Z,2.1
GL54 4LB,SEPD,HV,2,"TK8238,TK8243",2556,2026-06-22T19:46:47Z,2026-06-22T21:52:49Z,2.1
GL54 4LD,SEPD,HV,2,"TK8238,TK8243",2556,2026-06-22T19:46:47Z,2026-06-22T21:52:49Z,2.1
GL54 4LE,SEPD,HV,2,"TK8238,TK8243",2556,2026-06-22T19:46:47Z,2026-06-22T21:52:49Z,2.1
GL54 4LF,SEPD,HV,2,"TK8238,TK8243",2556,2026-06-22T19:46:47Z,2026-06-22T21:52:49Z,2.1
GL54 4LG,SEPD,HV,2,"TK8238,TK8243",2556,2026-06-22T19:46:47Z,2026-06-22T21:52:49Z,2.1
GL54 4LH,SEPD,HV,2,"TK8238,TK8243",2556,2026-06-22T19:46:47Z,2026-06-22T21:52:49Z,2.1
GL54 4LJ,SEPD,HV,2,"TK8238,TK8243",2556,2026-06-22T19:46:47Z,2026-06-22T21:52:49Z,2.1
GL54 4LL,SEPD,HV,2,"TK8238,TK8243",2556,2026-06-22T19:46:47Z,2026-06-22T21:52:49Z,2.1
GL54 4LN,SEPD,HV,2,"TK8238,TK8243",2556,2026-06-22T19:46:47Z,2026-06-22T21:52:49Z,2.1
GL54 4LP,SEPD,HV,2,"TK8238,TK8243",2556,2026-06-22T19:46:47Z,2026-06-22T21:52:49Z,2.1
GL54 4LQ,SEPD,HV,2,"TK8238,TK8243",2556,2026-06-22T19:46:47Z,2026-06-22T21:52:49Z,2.1
GL54 4LR,SEPD,HV,2,"TK8238,TK8243",2556,2026-06-22T19:46:47Z,2026-06-22T21:52:49Z,2.1
GL54 4LS,SEPD,HV,2,"TK8238,TK8243",2556,2026-06-22T19:46:47Z,2026-06-22T21:52:49Z,2.1
GL54 4LT,SEPD,HV,2,"TK8238,TK8243",2556,2026-06-22T19:46:47Z,2026-06-22T21:52:49Z,2.1
GL54 4LU,SEPD,HV,2,"TK8238,TK8243",2556,2026-06-22T19:46:47Z,2026-06-22T21:52:49Z,2.1
GL54 4LW,SEPD,HV,2,"TK8238,TK8243",2556,2026-06-22T19:46:47Z,2026-06-22T21:52:49Z,2.1
GL54 4LX,SEPD,HV,2,"TK8238,TK8243",2556,2026-06-22T19:46:47Z,2026-06-22T21:52:49Z,2.1
GL54 4LY,SEPD,HV,2,"TK8238,TK8243",2556,2026-06-22T19:46:47Z,2026-06-22T21:52:49Z,2.1
GL54 4LZ,SEPD,HV,2,"TK8238,TK8243",2556,2026-06-22T19:46:47Z,2026-06-22T21:52:49Z,2.1
GL54 4NB,SEPD,HV,2,"TK8238,TK8243",2556,2026-06-22T19:46:47Z,2026-06-22T21:52:49Z,2.1
GL54 4NS,SEPD,HV,2,"TK8238,TK8243",2556,2026-06-22T19:46:47Z,2026-06-22T21:52:49Z,2.1
GL54 4NT,SEPD,HV,2,"TK8238,TK8243",2556,2026-06-22T19:46:47Z,2026-06-22T21:52:49Z,2.1
GL54 4NU,SEPD,HV,2,"TK8238,TK8243",2556,2026-06-22T19:46:47Z,2026-06-22T21:52:49Z,2.1
GL54 4NX,SEPD,HV,2,"TK8238,TK8243",2556,2026-06-22T19:46:47Z,2026-06-22T21:52:49Z,2.1
GL54 5RH,SEPD,HV,2,"TK8238,TK8243",2556,2026-06-22T19:46:47Z,2026-06-22T21:52:49Z,2.1
GL54 5RJ,SEPD,HV,2,"TK8238,TK8243",2556,2026-06-22T19:46:47Z,2026-06-22T21:52:49Z,2.1
GL54 5SD,SEPD,HV,2,"TK8238,TK8243",2556,2026-06-22T19:46:47Z,2026-06-22T21:52:49Z,2.1
GL54 5SH,SEPD,HV,2,"TK8238,TK8243",2556,2026-06-22T19:46:47Z,2026-06-22T21:52:49Z,2.1
GL54 5SJ,SEPD,HV,2,"TK8238,TK8243",2556,2026-06-22T19:46:47Z,2026-06-22T21:52:49Z,2.1
GL54 5SL,SEPD,HV,2,"TK8238,TK8243",2556,2026-06-22T19:46:47Z,2026-06-22T21:52:49Z,2.1
GL54 5SN,SEPD,HV,2,"TK8238,TK8243",2556,2026-06-22T19:46:47Z,2026-06-22T21:52:49Z,2.1
GL54 5SP,SEPD,HV,2,"TK8238,TK8243",2556,2026-06-22T19:46:47Z,2026-06-22T21:52:49Z,2.1
GL54 5SR,SEPD,HV,2,"TK8238,TK8243",2556,2026-06-22T19:46:47Z,2026-06-22T21:52:49Z,2.1
GL54 5SS,SEPD,HV,2,"TK8238,TK8243",2556,2026-06-22T19:46:47Z,2026-06-22T21:52:49Z,2.1
GL54 5ST,SEPD,HV,2,"TK8238,TK8243",2556,2026-06-22T19:46:47Z,2026-06-22T21:52:49Z,2.1
GL54 5SW,SEPD,HV,2,"TK8238,TK8243",2556,2026-06-22T19:46:47Z,2026-06-22T21:52:49Z,2.1
GL54 5TB,SEPD,HV,2,"TK8238,TK8243",2556,2026-06-22T19:46:47Z,2026-06-22T21:52:49Z,2.1
GL54 5TD,SEPD,HV,2,"TK8238,TK8243",2556,2026-06-22T19:46:47Z,2026-06-22T21:52:49Z,2.1
GL54 5TH,SEPD,HV,2,"TK8238,TK8243",2556,2026-06-22T19:46:47Z,2026-06-22T21:52:49Z,2.1
GL54 5TJ,SEPD,HV,2,"TK8238,TK8243",2556,2026-06-22T19:46:47Z,2026-06-22T21:52:49Z,2.1
GL54 5TL,SEPD,HV,2,"TK8238,TK8243",2556,2026-06-22T19:46:47Z,2026-06-22T21:52:49Z,2.1
GL54 5TN,SEPD,HV,2,"TK8238,TK8243",2556,2026-06-22T19:46:47Z,2026-06-22T21:52:49Z,2.1
GL54 5TP,SEPD,HV,2,"TK8238,TK8243",2556,2026-06-22T19:46:47Z,2026-06-22T21:52:49Z,2.1
GL54 5XG,SEPD,HV,2,"TK8238,TK8243",2556,2026-06-22T19:46:47Z,2026-06-22T21:52:49Z,2.1
GL54 5XH,SEPD,HV,2,"TK8238,TK8243",2556,2026-06-22T19:46:47Z,2026-06-22T21:52:49Z,2.1
GL54 5XJ,SEPD,HV,2,"TK8238,TK8243",2556,2026-06-22T19:46:47Z,2026-06-22T21:52:49Z,2.1
GL54 5XL,SEPD,HV,2,"TK8238,TK8243",2556,2026-06-22T19:46:47Z,2026-06-22T21:52:49Z,2.1
GL54 5XQ,SEPD,HV,2,"TK8238,TK8243",2556,2026-06-22T19:46:47Z,2026-06-22T21:52:49Z,2.1
GL7 7DG,SEPD,HV,2,"TK8238,TK8243",2556,2026-06-22T19:46:47Z,2026-06-22T21:52:49Z,2.1
GL7 7ER,SEPD,HV,2,"TK8238,TK8243",2556,2026-06-22T19:46:47Z,2026-06-22T21:52:49Z,2.1
GL7 7ES,SEPD,HV,2,"TK8238,TK8243",2556,2026-06-22T19:46:47Z,2026-06-22T21:52:49Z,2.1
GL7 7ET,SEPD,HV,2,"TK8238,TK8243",2556,2026-06-22T19:46:47Z,2026-06-22T21:52:49Z,2.1
GL7 7EU,SEPD,HV,2,"TK8238,TK8243",2556,2026-06-22T19:46:47Z,2026-06-22T21:52:49Z,2.1
GL7 7EX,SEPD,HV,2,"TK8238,TK8243",2556,2026-06-22T19:46:47Z,2026-06-22T21:52:49Z,2.1
GL7 7EZ,SEPD,HV,2,"TK8238,TK8243",2556,2026-06-22T19:46:47Z,2026-06-22T21:52:49Z,2.1
GL7 7HD,SEPD,HV,2,"TK8238,TK8243",2556,2026-06-22T19:46:47Z,2026-06-22T21:52:49Z,2.1
PO12 1JB,SEPD,LV,1,TH9389,31,2026-06-22T19:46:47Z,2026-06-22T21:52:49Z,2.1
PO12 1JN,SEPD,LV,1,TH9389,31,2026-06-22T19:46:47Z,2026-06-22T21:52:49Z,2.1
PO12 1JW,SEPD,LV,1,TH9389,31,2026-06-22T19:46:47Z,2026-06-22T21:52:49Z,2.1
PO12 1RP,SEPD,LV,1,TH9389,31,2026-06-22T19:46:47Z,2026-06-22T21:52:49Z,2.1
BH24 3EA,SEPD,HV,2,"TM1815,TM2262",33,2026-06-24T16:12:37Z,2026-06-24T20:11:22Z,1.99
DT2,SEPD,HV,2,"TM1815,TM2262",33,2026-06-24T16:12:37Z,2026-06-24T20:11:22Z,1.99
RG18 9AB,SEPD,"LV,HV",2,"TM1810,TM2290",26,2026-06-24T16:12:37Z,2026-06-24T20:11:22Z,1.99
RG18 9EF,SEPD,"LV,HV",2,"TM1810,TM2290",26,2026-06-24T16:12:37Z,2026-06-24T20:11:22Z,1.99
HS2 0NB,SHEPD,LV,1,TM2294,4,2026-06-24T18:12:03Z,2026-06-24T20:11:22Z,1.99
PH26 3EA,SHEPD,LV,1,TM1850,10,2026-06-24T16:12:37Z,2026-06-24T18:12:03Z,1.99
PH26 3EG,SHEPD,LV,1,TM1850,10,2026-06-24T16:12:37Z,2026-06-24T18:12:03Z,1.99
PH26 3EP,SHEPD,LV,1,TM1850,10,2026-06-24T16:12:37Z,2026-06-24T18:12:03Z,1.99
PH26 3LD,SHEPD,LV,1,TM1850,10,2026-06-24T16:12:37Z,2026-06-24T18:12:03Z,1.99
PO5 2EE,SEPD,LV,1,TM0737,17,2026-06-24T18:12:03Z,2026-06-24T20:11:22Z,1.99
PO5 2EG,SEPD,LV,1,TM0737,17,2026-06-24T18:12:03Z,2026-06-24T20:11:22Z,1.99
PO5 3AJ,SEPD,LV,1,TM0737,17,2026-06-24T18:12:03Z,2026-06-24T20:11:22Z,1.99
PO5 3LU,SEPD,LV,1,TM0737,17,2026-06-24T18:12:03Z,2026-06-24T20:11:22Z,1.99
PO5 3NA,SEPD,LV,1,TM0737,17,2026-06-24T18:12:03Z,2026-06-24T20:11:22Z,1.99
PO5 3QH,SEPD,LV,1,TM0737,17,2026-06-24T18:12:03Z,2026-06-24T20:11:22Z,1.99
PO5 3QJ,SEPD,LV,1,TM0737,17,2026-06-24T18:12:03Z,2026-06-24T20:11:22Z,1.99
PO5 3QQ,SEPD,LV,1,TM0737,17,2026-06-24T18:12:03Z,2026-06-24T20:11:22Z,1.99
SL6 0HX,SEPD,HV,1,TM1909,12,2026-06-24T16:12:37Z,2026-06-24T18:12:03Z,1.99
SL6 9DF,SEPD,HV,1,TM1909,12,2026-06-24T16:12:37Z,2026-06-24T18:12:03Z,1.99
SL6 9QT,SEPD,HV,1,TM1909,12,2026-06-24T16:12:37Z,2026-06-24T18:12:03Z,1.99
SL6 9QX,SEPD,HV,1,TM1909,12,2026-06-24T16:12:37Z,2026-06-24T18:12:03Z,1.99
SL6 9QZ,SEPD,HV,1,TM1909,12,2026-06-24T16:12:37Z,2026-06-24T18:12:03Z,1.99
SL6 9RA,SEPD,HV,1,TM1909,12,2026-06-24T16:12:37Z,2026-06-24T18:12:03Z,1.99
SL6 9RB,SEPD,HV,1,TM1909,12,2026-06-24T16:12:37Z,2026-06-24T18:12:03Z,1.99
SL6 9RD,SEPD,HV,1,TM1909,12,2026-06-24T16:12:37Z,2026-06-24T18:12:03Z,1.99
SL6 9SR,SEPD,HV,1,TM1909,12,2026-06-24T16:12:37Z,2026-06-24T18:12:03Z,1.99
SL8 5BD,SEPD,HV,1,TM1909,12,2026-06-24T16:12:37Z,2026-06-24T18:12:03Z,1.99
SL8 5EE,SEPD,HV,1,TM1909,12,2026-06-24T16:12:37Z,2026-06-24T18:12:03Z,1.99
SL8 5EJ,SEPD,HV,1,TM1909,12,2026-06-24T16:12:37Z,2026-06-24T18:12:03Z,1.99
SL8 5EN,SEPD,HV,1,TM1909,12,2026-06-24T16:12:37Z,2026-06-24T18:12:03Z,1.99
SL8 5EP,SEPD,HV,1,TM1909,12,2026-06-24T16:12:37Z,2026-06-24T18:12:03Z,1.99
SL8 5ER,SEPD,HV,1,TM1909,12,2026-06-24T16:12:37Z,2026-06-24T18:12:03Z,1.99
SL8 5ES,SEPD,HV,1,TM1909,12,2026-06-24T16:12:37Z,2026-06-24T18:12:03Z,1.99
SL8 5ET,SEPD,HV,1,TM1909,12,2026-06-24T16:12:37Z,2026-06-24T18:12:03Z,1.99
SL8 5EU,SEPD,HV,1,TM1909,12,2026-06-24T16:12:37Z,2026-06-24T18:12:03Z,1.99
SL8 5EW,SEPD,HV,1,TM1909,12,2026-06-24T16:12:37Z,2026-06-24T18:12:03Z,1.99
SL8 5EX,SEPD,HV,1,TM1909,12,2026-06-24T16:12:37Z,2026-06-24T18:12:03Z,1.99
SL8 5JL,SEPD,HV,1,TM1909,12,2026-06-24T16:12:37Z,2026-06-24T18:12:03Z,1.99
SL8 5JN,SEPD,HV,1,TM1909,12,2026-06-24T16:12:37Z,2026-06-24T18:12:03Z,1.99
SL8 5JW,SEPD,HV,1,TM1909,12,2026-06-24T16:12:37Z,2026-06-24T18:12:03Z,1.99
TW15 1AU,SEPD,LV,1,TM1922,3,2026-06-24T16:12:37Z,2026-06-24T18:12:03Z,1.99
PH10 7JG,SHEPD,PSI,1,252638,6,2026-06-28T13:00:22Z,2026-06-28T14:53:17Z,1.88
PH10 7JJ,SHEPD,PSI,1,252638,6,2026-06-28T13:00:22Z,2026-06-28T14:53:17Z,1.88
PO1 1LP,SEPD,LV,1,TM8651,13,2026-06-26T18:27:01Z,2026-06-26T20:20:06Z,1.88
PO1 1LR,SEPD,LV,1,TM8651,13,2026-06-26T18:27:01Z,2026-06-26T20:20:06Z,1.88
AB15 7TF,SHEPD,PSI,1,251881,46,2026-06-23T23:40:36Z,2026-06-24T01:31:51Z,1.85
AB15 7TG,SHEPD,PSI,1,251881,46,2026-06-23T23:40:36Z,2026-06-24T01:31:51Z,1.85
AB15 7TP,SHEPD,PSI,1,251881,46,2026-06-23T23:40:36Z,2026-06-24T01:31:51Z,1.85
AB15 9PN,SHEPD,PSI,1,251881,46,2026-06-23T23:40:36Z,2026-06-24T01:31:51Z,1.85
BH15 2PB,SEPD,LV,1,TN0974,5,2026-06-28T09:47:12Z,2026-06-28T11:28:15Z,1.68
KW17 2NA,SHEPD,HV,1,TN0954,65,2026-06-28T09:47:12Z,2026-06-28T11:28:15Z,1.68
KW17 2NB,SHEPD,HV,1,TN0954,65,2026-06-28T09:47:12Z,2026-06-28T11:28:15Z,1.68
KW17 2ND,SHEPD,HV,1,TN0954,65,2026-06-28T09:47:12Z,2026-06-28T11:28:15Z,1.68
HS2 9EW,SHEPD,HV,2,"TM5459,TM5469",634,2026-06-25T20:16:59Z,2026-06-25T21:55:57Z,1.65
HS2 9HS,SHEPD,HV,2,"TM5459,TM5469",634,2026-06-25T20:16:59Z,2026-06-25T21:55:57Z,1.65
HS3 3HJ,SHEPD,HV,2,"TK8937,TM5469",265,2026-06-23T08:50:42Z,2026-06-25T21:55:57Z,1.65
HS2 0DJ,SHEPD,HV,1,TM5469,228,2026-06-25T20:16:59Z,2026-06-25T21:55:57Z,1.65
HS2 0DL,SHEPD,HV,1,TM5469,228,2026-06-25T20:16:59Z,2026-06-25T21:55:57Z,1.65
HS2 0EE,SHEPD,HV,1,TM5469,228,2026-06-25T20:16:59Z,2026-06-25T21:55:57Z,1.65
HS2 0QX,SHEPD,HV,1,TM5469,228,2026-06-25T20:16:59Z,2026-06-25T21:55:57Z,1.65
HS2 0RA,SHEPD,HV,1,TM5469,228,2026-06-25T20:16:59Z,2026-06-25T21:55:57Z,1.65
HS2 0SD,SHEPD,HV,1,TM5469,228,2026-06-25T20:16:59Z,2026-06-25T21:55:57Z,1.65
HS2 9AB,SHEPD,HV,1,TM5469,228,2026-06-25T20:16:59Z,2026-06-25T21:55:57Z,1.65
HS2 9DS,SHEPD,HV,1,TM5469,228,2026-06-25T20:16:59Z,2026-06-25T21:55:57Z,1.65
HS2 9DT,SHEPD,HV,1,TM5469,228,2026-06-25T20:16:59Z,2026-06-25T21:55:57Z,1.65
HS2 9DU,SHEPD,HV,1,TM5469,228,2026-06-25T20:16:59Z,2026-06-25T21:55:57Z,1.65
HS2 9DY,SHEPD,HV,1,TM5469,228,2026-06-25T20:16:59Z,2026-06-25T21:55:57Z,1.65
HS2 9DZ,SHEPD,HV,1,TM5469,228,2026-06-25T20:16:59Z,2026-06-25T21:55:57Z,1.65
HS2 9EJ,SHEPD,HV,1,TM5469,228,2026-06-25T20:16:59Z,2026-06-25T21:55:57Z,1.65
HS2 9EN,SHEPD,HV,1,TM5469,228,2026-06-25T20:16:59Z,2026-06-25T21:55:57Z,1.65
HS2 9JH,SHEPD,HV,1,TM5469,228,2026-06-25T20:16:59Z,2026-06-25T21:55:57Z,1.65
HS2 9JL,SHEPD,HV,1,TM5469,228,2026-06-25T20:16:59Z,2026-06-25T21:55:57Z,1.65
HS2 9JN,SHEPD,HV,1,TM5469,228,2026-06-25T20:16:59Z,2026-06-25T21:55:57Z,1.65
HS2 9JW,SHEPD,HV,1,TM5469,228,2026-06-25T20:16:59Z,2026-06-25T21:55:57Z,1.65
HS2 9JY,SHEPD,HV,1,TM5469,228,2026-06-25T20:16:59Z,2026-06-25T21:55:57Z,1.65
HS2 9LE,SHEPD,HV,1,TM5469,228,2026-06-25T20:16:59Z,2026-06-25T21:55:57Z,1.65
HS2 9PE,SHEPD,HV,1,TM5469,228,2026-06-25T20:16:59Z,2026-06-25T21:55:57Z,1.65
HS3 3AA,SHEPD,HV,1,TM5469,228,2026-06-25T20:16:59Z,2026-06-25T21:55:57Z,1.65
HS3 3AB,SHEPD,HV,1,TM5469,228,2026-06-25T20:16:59Z,2026-06-25T21:55:57Z,1.65
HS3 3AD,SHEPD,HV,1,TM5469,228,2026-06-25T20:16:59Z,2026-06-25T21:55:57Z,1.65
HS3 3AG,SHEPD,HV,1,TM5469,228,2026-06-25T20:16:59Z,2026-06-25T21:55:57Z,1.65
IV15 9QH,SHEPD,HV,1,TM5401,492,2026-06-25T20:16:59Z,2026-06-25T21:55:57Z,1.65
IV40,SHEPD,HV,1,TM5401,492,2026-06-25T20:16:59Z,2026-06-25T21:55:57Z,1.65
IV40 8FG,SHEPD,HV,1,TM5401,492,2026-06-25T20:16:59Z,2026-06-25T21:55:57Z,1.65
IV40 8HL,SHEPD,HV,1,TM5401,492,2026-06-25T20:16:59Z,2026-06-25T21:55:57Z,1.65
IV40 8HN,SHEPD,HV,1,TM5401,492,2026-06-25T20:16:59Z,2026-06-25T21:55:57Z,1.65
IV40 8HP,SHEPD,HV,1,TM5401,492,2026-06-25T20:16:59Z,2026-06-25T21:55:57Z,1.65
IV40 8HQ,SHEPD,HV,1,TM5401,492,2026-06-25T20:16:59Z,2026-06-25T21:55:57Z,1.65
IV40 8HR,SHEPD,HV,1,TM5401,492,2026-06-25T20:16:59Z,2026-06-25T21:55:57Z,1.65
IV40 8HS,SHEPD,HV,1,TM5401,492,2026-06-25T20:16:59Z,2026-06-25T21:55:57Z,1.65
IV40 8HT,SHEPD,HV,1,TM5401,492,2026-06-25T20:16:59Z,2026-06-25T21:55:57Z,1.65
IV40 8HX,SHEPD,HV,1,TM5401,492,2026-06-25T20:16:59Z,2026-06-25T21:55:57Z,1.65
IV40 8JA,SHEPD,HV,1,TM5401,492,2026-06-25T20:16:59Z,2026-06-25T21:55:57Z,1.65
IV40 8JB,SHEPD,HV,1,TM5401,492,2026-06-25T20:16:59Z,2026-06-25T21:55:57Z,1.65
IV40 8JD,SHEPD,HV,1,TM5401,492,2026-06-25T20:16:59Z,2026-06-25T21:55:57Z,1.65
IV40 8JG,SHEPD,HV,1,TM5401,492,2026-06-25T20:16:59Z,2026-06-25T21:55:57Z,1.65
IV40 8JH,SHEPD,HV,1,TM5401,492,2026-06-25T20:16:59Z,2026-06-25T21:55:57Z,1.65
IV40 8JJ,SHEPD,HV,1,TM5401,492,2026-06-25T20:16:59Z,2026-06-25T21:55:57Z,1.65
IV40 8JL,SHEPD,HV,1,TM5401,492,2026-06-25T20:16:59Z,2026-06-25T21:55:57Z,1.65
IV40 8JR,SHEPD,HV,1,TM5401,492,2026-06-25T20:16:59Z,2026-06-25T21:55:57Z,1.65
IV40 8JS,SHEPD,HV,1,TM5401,492,2026-06-25T20:16:59Z,2026-06-25T21:55:57Z,1.65
IV40 8JT,SHEPD,HV,1,TM5401,492,2026-06-25T20:16:59Z,2026-06-25T21:55:57Z,1.65
IV40 8JU,SHEPD,HV,1,TM5401,492,2026-06-25T20:16:59Z,2026-06-25T21:55:57Z,1.65
IV40 8JX,SHEPD,HV,1,TM5401,492,2026-06-25T20:16:59Z,2026-06-25T21:55:57Z,1.65
IV40 8JY,SHEPD,HV,1,TM5401,492,2026-06-25T20:16:59Z,2026-06-25T21:55:57Z,1.65
IV40 8JZ,SHEPD,HV,1,TM5401,492,2026-06-25T20:16:59Z,2026-06-25T21:55:57Z,1.65
IV40 8LA,SHEPD,HV,1,TM5401,492,2026-06-25T20:16:59Z,2026-06-25T21:55:57Z,1.65
IV40 8LB,SHEPD,HV,1,TM5401,492,2026-06-25T20:16:59Z,2026-06-25T21:55:57Z,1.65
IV53 8LN,SHEPD,HV,1,TM5401,492,2026-06-25T20:16:59Z,2026-06-25T21:55:57Z,1.65
IV54 8AB,SHEPD,HV,1,TM5401,492,2026-06-25T20:16:59Z,2026-06-25T21:55:57Z,1.65
IV54 8LN,SHEPD,HV,1,TM5401,492,2026-06-25T20:16:59Z,2026-06-25T21:55:57Z,1.65
IV54 8LP,SHEPD,HV,1,TM5401,492,2026-06-25T20:16:59Z,2026-06-25T21:55:57Z,1.65
IV54 8LQ,SHEPD,HV,1,TM5401,492,2026-06-25T20:16:59Z,2026-06-25T21:55:57Z,1.65
IV54 8LR,SHEPD,HV,1,TM5401,492,2026-06-25T20:16:59Z,2026-06-25T21:55:57Z,1.65
IV54 8LS,SHEPD,HV,1,TM5401,492,2026-06-25T20:16:59Z,2026-06-25T21:55:57Z,1.65
IV54 8LT,SHEPD,HV,1,TM5401,492,2026-06-25T20:16:59Z,2026-06-25T21:55:57Z,1.65
IV54 8LU,SHEPD,HV,1,TM5401,492,2026-06-25T20:16:59Z,2026-06-25T21:55:57Z,1.65
IV54 8LX,SHEPD,HV,1,TM5401,492,2026-06-25T20:16:59Z,2026-06-25T21:55:57Z,1.65
IV54 8LY,SHEPD,HV,1,TM5401,492,2026-06-25T20:16:59Z,2026-06-25T21:55:57Z,1.65
IV54 8LZ,SHEPD,HV,1,TM5401,492,2026-06-25T20:16:59Z,2026-06-25T21:55:57Z,1.65
IV54 8ND,SHEPD,HV,1,TM5401,492,2026-06-25T20:16:59Z,2026-06-25T21:55:57Z,1.65
IV54 8NE,SHEPD,HV,1,TM5401,492,2026-06-25T20:16:59Z,2026-06-25T21:55:57Z,1.65
IV54 8UY,SHEPD,HV,1,TM5401,492,2026-06-25T20:16:59Z,2026-06-25T21:55:57Z,1.65
IV54 8XA,SHEPD,HV,1,TM5401,492,2026-06-25T20:16:59Z,2026-06-25T21:55:57Z,1.65
IV54 8XB,SHEPD,HV,1,TM5401,492,2026-06-25T20:16:59Z,2026-06-25T21:55:57Z,1.65
IV54 8XD,SHEPD,HV,1,TM5401,492,2026-06-25T20:16:59Z,2026-06-25T21:55:57Z,1.65
IV54 8XE,SHEPD,HV,1,TM5401,492,2026-06-25T20:16:59Z,2026-06-25T21:55:57Z,1.65
IV54 8XF,SHEPD,HV,1,TM5401,492,2026-06-25T20:16:59Z,2026-06-25T21:55:57Z,1.65
IV54 8XG,SHEPD,HV,1,TM5401,492,2026-06-25T20:16:59Z,2026-06-25T21:55:57Z,1.65
IV54 8XH,SHEPD,HV,1,TM5401,492,2026-06-25T20:16:59Z,2026-06-25T21:55:57Z,1.65
IV54 8XJ,SHEPD,HV,1,TM5401,492,2026-06-25T20:16:59Z,2026-06-25T21:55:57Z,1.65
IV54 8XL,SHEPD,HV,1,TM5401,492,2026-06-25T20:16:59Z,2026-06-25T21:55:57Z,1.65
IV54 8XN,SHEPD,HV,1,TM5401,492,2026-06-25T20:16:59Z,2026-06-25T21:55:57Z,1.65
IV54 8XR,SHEPD,HV,1,TM5401,492,2026-06-25T20:16:59Z,2026-06-25T21:55:57Z,1.65
IV54 8XS,SHEPD,HV,1,TM5401,492,2026-06-25T20:16:59Z,2026-06-25T21:55:57Z,1.65
IV54 8XU,SHEPD,HV,1,TM5401,492,2026-06-25T20:16:59Z,2026-06-25T21:55:57Z,1.65
IV54 8XW,SHEPD,HV,1,TM5401,492,2026-06-25T20:16:59Z,2026-06-25T21:55:57Z,1.65
IV54 8XX,SHEPD,HV,1,TM5401,492,2026-06-25T20:16:59Z,2026-06-25T21:55:57Z,1.65
IV54 8XY,SHEPD,HV,1,TM5401,492,2026-06-25T20:16:59Z,2026-06-25T21:55:57Z,1.65
IV54 8YX,SHEPD,HV,1,TM5401,492,2026-06-25T20:16:59Z,2026-06-25T21:55:57Z,1.65
RG22 4LP,SEPD,LV,1,TM8482,26,2026-06-26T16:52:59Z,2026-06-26T18:27:01Z,1.57
RG22 4NE,SEPD,LV,1,TM8482,26,2026-06-26T16:52:59Z,2026-06-26T18:27:01Z,1.57
RG22 4NF,SEPD,LV,1,TM8482,26,2026-06-26T16:52:59Z,2026-06-26T18:27:01Z,1.57
RG22 4NG,SEPD,LV,1,TM8482,26,2026-06-26T16:52:59Z,2026-06-26T18:27:01Z,1.57
HP13 7AH,SEPD,LV,2,"TM0128,TM9698",55,2026-06-23T18:57:17Z,2026-06-27T14:19:30Z,1.53
HP13 7AT,SEPD,LV,2,"TM0128,TM9698",55,2026-06-23T18:57:17Z,2026-06-27T14:19:30Z,1.53
HP13 7AG,SEPD,LV,1,TM9698,43,2026-06-27T12:47:44Z,2026-06-27T14:19:30Z,1.53
HP13 7AJ,SEPD,LV,1,TM9698,43,2026-06-27T12:47:44Z,2026-06-27T14:19:30Z,1.53
HP13 7AL,SEPD,LV,1,TM9698,43,2026-06-27T12:47:44Z,2026-06-27T14:19:30Z,1.53
HP13 7AU,SEPD,LV,1,TM9698,43,2026-06-27T12:47:44Z,2026-06-27T14:19:30Z,1.53
HP13 7BF,SEPD,LV,1,TM9698,43,2026-06-27T12:47:44Z,2026-06-27T14:19:30Z,1.53
HP13 7FN,SEPD,LV,1,TM9698,43,2026-06-27T12:47:44Z,2026-06-27T14:19:30Z,1.53
HP13 7FQ,SEPD,LV,1,TM9698,43,2026-06-27T12:47:44Z,2026-06-27T14:19:30Z,1.53
KW14 7SA,SHEPD,HV,1,TM9696,76,2026-06-27T12:47:44Z,2026-06-27T14:19:30Z,1.53
KW14 7SZ,SHEPD,HV,1,TM9696,76,2026-06-27T12:47:44Z,2026-06-27T14:19:30Z,1.53
KW14 7TA,SHEPD,HV,1,TM9696,76,2026-06-27T12:47:44Z,2026-06-27T14:19:30Z,1.53
KW14 7TB,SHEPD,HV,1,TM9696,76,2026-06-27T12:47:44Z,2026-06-27T14:19:30Z,1.53
IV40 8DP,SHEPD,HV,2,"TM5401,TM9591",496,2026-06-25T20:16:59Z,2026-06-27T12:47:44Z,1.51
SO23,SEPD,HV,1,TM9490,31,2026-06-27T11:17:03Z,2026-06-27T12:47:44Z,1.51
SO23 9BL,SEPD,HV,1,TM9490,31,2026-06-27T11:17:03Z,2026-06-27T12:47:44Z,1.51
SO23 9ES,SEPD,HV,1,TM9490,31,2026-06-27T11:17:03Z,2026-06-27T12:47:44Z,1.51
SO23 9EX,SEPD,HV,1,TM9490,31,2026-06-27T11:17:03Z,2026-06-27T12:47:44Z,1.51
SO23 9HB,SEPD,HV,1,TM9490,31,2026-06-27T11:17:03Z,2026-06-27T12:47:44Z,1.51
SO23 9LE,SEPD,HV,1,TM9490,31,2026-06-27T11:17:03Z,2026-06-27T12:47:44Z,1.51
SO23 9WE,SEPD,HV,1,TM9490,31,2026-06-27T11:17:03Z,2026-06-27T12:47:44Z,1.51
BH17 9BA,SEPD,LV,1,TK6309,35,2026-06-21T18:49:26Z,2026-06-21T20:19:33Z,1.5
BH17 9BB,SEPD,LV,1,TK6309,35,2026-06-21T18:49:26Z,2026-06-21T20:19:33Z,1.5
BH17 9BD,SEPD,LV,1,TK6309,35,2026-06-21T18:49:26Z,2026-06-21T20:19:33Z,1.5
BH17 9BE,SEPD,LV,1,TK6309,35,2026-06-21T18:49:26Z,2026-06-21T20:19:33Z,1.5
BA9 9PG,SEPD,HV,1,TK6380,417,2026-06-21T20:19:33Z,2026-06-21T21:48:03Z,1.48
BH18 8AP,SEPD,HV,1,TK6380,417,2026-06-21T20:19:33Z,2026-06-21T21:48:03Z,1.48
BH18 8AY,SEPD,HV,1,TK6380,417,2026-06-21T20:19:33Z,2026-06-21T21:48:03Z,1.48
BH18 8DH,SEPD,HV,1,TK6380,417,2026-06-21T20:19:33Z,2026-06-21T21:48:03Z,1.48
BH18 8DL,SEPD,HV,1,TK6380,417,2026-06-21T20:19:33Z,2026-06-21T21:48:03Z,1.48
BH18 8DN,SEPD,HV,1,TK6380,417,2026-06-21T20:19:33Z,2026-06-21T21:48:03Z,1.48
BH18 8DP,SEPD,HV,1,TK6380,417,2026-06-21T20:19:33Z,2026-06-21T21:48:03Z,1.48
BH18 8DR,SEPD,HV,1,TK6380,417,2026-06-21T20:19:33Z,2026-06-21T21:48:03Z,1.48
BH18 8DT,SEPD,HV,1,TK6380,417,2026-06-21T20:19:33Z,2026-06-21T21:48:03Z,1.48
BH18 8DW,SEPD,HV,1,TK6380,417,2026-06-21T20:19:33Z,2026-06-21T21:48:03Z,1.48
BH18 8DX,SEPD,HV,1,TK6380,417,2026-06-21T20:19:33Z,2026-06-21T21:48:03Z,1.48
BH18 8DZ,SEPD,HV,1,TK6380,417,2026-06-21T20:19:33Z,2026-06-21T21:48:03Z,1.48
BH18 8EB,SEPD,HV,1,TK6380,417,2026-06-21T20:19:33Z,2026-06-21T21:48:03Z,1.48
BH18 8ED,SEPD,HV,1,TK6380,417,2026-06-21T20:19:33Z,2026-06-21T21:48:03Z,1.48
BH18 8EE,SEPD,HV,1,TK6380,417,2026-06-21T20:19:33Z,2026-06-21T21:48:03Z,1.48
BH18 8EN,SEPD,HV,1,TK6380,417,2026-06-21T20:19:33Z,2026-06-21T21:48:03Z,1.48
BH18 8EQ,SEPD,HV,1,TK6380,417,2026-06-21T20:19:33Z,2026-06-21T21:48:03Z,1.48
BH18 8ET,SEPD,HV,1,TK6380,417,2026-06-21T20:19:33Z,2026-06-21T21:48:03Z,1.48
BH18 8EW,SEPD,HV,1,TK6380,417,2026-06-21T20:19:33Z,2026-06-21T21:48:03Z,1.48
BH18 8JY,SEPD,HV,1,TK6380,417,2026-06-21T20:19:33Z,2026-06-21T21:48:03Z,1.48
BH18 8JZ,SEPD,HV,1,TK6380,417,2026-06-21T20:19:33Z,2026-06-21T21:48:03Z,1.48
BH18 8LA,SEPD,HV,1,TK6380,417,2026-06-21T20:19:33Z,2026-06-21T21:48:03Z,1.48
BH18 8LB,SEPD,HV,1,TK6380,417,2026-06-21T20:19:33Z,2026-06-21T21:48:03Z,1.48
BH18 8LD,SEPD,HV,1,TK6380,417,2026-06-21T20:19:33Z,2026-06-21T21:48:03Z,1.48
BH18 8LE,SEPD,HV,1,TK6380,417,2026-06-21T20:19:33Z,2026-06-21T21:48:03Z,1.48
BH18 8NB,SEPD,HV,1,TK6380,417,2026-06-21T20:19:33Z,2026-06-21T21:48:03Z,1.48
BH18 8NE,SEPD,HV,1,TK6380,417,2026-06-21T20:19:33Z,2026-06-21T21:48:03Z,1.48
BH18 8NF,SEPD,HV,1,TK6380,417,2026-06-21T20:19:33Z,2026-06-21T21:48:03Z,1.48
BH18 8NG,SEPD,HV,1,TK6380,417,2026-06-21T20:19:33Z,2026-06-21T21:48:03Z,1.48
BH18 8NQ,SEPD,HV,1,TK6380,417,2026-06-21T20:19:33Z,2026-06-21T21:48:03Z,1.48
BH18 8NT,SEPD,HV,1,TK6380,417,2026-06-21T20:19:33Z,2026-06-21T21:48:03Z,1.48
BH18 8NU,SEPD,HV,1,TK6380,417,2026-06-21T20:19:33Z,2026-06-21T21:48:03Z,1.48
BH18 8NZ,SEPD,HV,1,TK6380,417,2026-06-21T20:19:33Z,2026-06-21T21:48:03Z,1.48
BH18 9AA,SEPD,HV,1,TK6380,417,2026-06-21T20:19:33Z,2026-06-21T21:48:03Z,1.48
BH18 9AF,SEPD,HV,1,TK6380,417,2026-06-21T20:19:33Z,2026-06-21T21:48:03Z,1.48
BH18 9AG,SEPD,HV,1,TK6380,417,2026-06-21T20:19:33Z,2026-06-21T21:48:03Z,1.48
BH18 9BH,SEPD,HV,1,TK6380,417,2026-06-21T20:19:33Z,2026-06-21T21:48:03Z,1.48
BH18 9BN,SEPD,HV,1,TK6380,417,2026-06-21T20:19:33Z,2026-06-21T21:48:03Z,1.48
BH18 9BP,SEPD,HV,1,TK6380,417,2026-06-21T20:19:33Z,2026-06-21T21:48:03Z,1.48
BH18 9BW,SEPD,HV,1,TK6380,417,2026-06-21T20:19:33Z,2026-06-21T21:48:03Z,1.48
BH18 9BX,SEPD,HV,1,TK6380,417,2026-06-21T20:19:33Z,2026-06-21T21:48:03Z,1.48
BH18 9BY,SEPD,HV,1,TK6380,417,2026-06-21T20:19:33Z,2026-06-21T21:48:03Z,1.48
BH18 9DE,SEPD,HV,1,TK6380,417,2026-06-21T20:19:33Z,2026-06-21T21:48:03Z,1.48
BH18 9DH,SEPD,HV,1,TK6380,417,2026-06-21T20:19:33Z,2026-06-21T21:48:03Z,1.48
BH18 9DN,SEPD,HV,1,TK6380,417,2026-06-21T20:19:33Z,2026-06-21T21:48:03Z,1.48
BH18 9DP,SEPD,HV,1,TK6380,417,2026-06-21T20:19:33Z,2026-06-21T21:48:03Z,1.48
BH18 9DQ,SEPD,HV,1,TK6380,417,2026-06-21T20:19:33Z,2026-06-21T21:48:03Z,1.48
BH18 9HR,SEPD,HV,1,TK6380,417,2026-06-21T20:19:33Z,2026-06-21T21:48:03Z,1.48
BH18 9HS,SEPD,HV,1,TK6380,417,2026-06-21T20:19:33Z,2026-06-21T21:48:03Z,1.48
BH18 9HT,SEPD,HV,1,TK6380,417,2026-06-21T20:19:33Z,2026-06-21T21:48:03Z,1.48
BH18 9HU,SEPD,HV,1,TK6380,417,2026-06-21T20:19:33Z,2026-06-21T21:48:03Z,1.48
BH18 9HX,SEPD,HV,1,TK6380,417,2026-06-21T20:19:33Z,2026-06-21T21:48:03Z,1.48
BH18 9HY,SEPD,HV,1,TK6380,417,2026-06-21T20:19:33Z,2026-06-21T21:48:03Z,1.48
BH18 9HZ,SEPD,HV,1,TK6380,417,2026-06-21T20:19:33Z,2026-06-21T21:48:03Z,1.48
BH18 9JA,SEPD,HV,1,TK6380,417,2026-06-21T20:19:33Z,2026-06-21T21:48:03Z,1.48
BH18 9JB,SEPD,HV,1,TK6380,417,2026-06-21T20:19:33Z,2026-06-21T21:48:03Z,1.48
BH18 9JD,SEPD,HV,1,TK6380,417,2026-06-21T20:19:33Z,2026-06-21T21:48:03Z,1.48
BH18 9JR,SEPD,HV,1,TK6380,417,2026-06-21T20:19:33Z,2026-06-21T21:48:03Z,1.48
BH18 9JU,SEPD,HV,1,TK6380,417,2026-06-21T20:19:33Z,2026-06-21T21:48:03Z,1.48
BH18 9JW,SEPD,HV,1,TK6380,417,2026-06-21T20:19:33Z,2026-06-21T21:48:03Z,1.48
BH18 9JX,SEPD,HV,1,TK6380,417,2026-06-21T20:19:33Z,2026-06-21T21:48:03Z,1.48
BH18 9LA,SEPD,HV,1,TK6380,417,2026-06-21T20:19:33Z,2026-06-21T21:48:03Z,1.48
BH18 9LB,SEPD,HV,1,TK6380,417,2026-06-21T20:19:33Z,2026-06-21T21:48:03Z,1.48
BH18 9LE,SEPD,HV,1,TK6380,417,2026-06-21T20:19:33Z,2026-06-21T21:48:03Z,1.48
BH18 9LF,SEPD,HV,1,TK6380,417,2026-06-21T20:19:33Z,2026-06-21T21:48:03Z,1.48
BH18 9LH,SEPD,HV,1,TK6380,417,2026-06-21T20:19:33Z,2026-06-21T21:48:03Z,1.48
BH18 9LJ,SEPD,HV,1,TK6380,417,2026-06-21T20:19:33Z,2026-06-21T21:48:03Z,1.48
BH18 9LL,SEPD,HV,1,TK6380,417,2026-06-21T20:19:33Z,2026-06-21T21:48:03Z,1.48
BH18 9LN,SEPD,HV,1,TK6380,417,2026-06-21T20:19:33Z,2026-06-21T21:48:03Z,1.48
BH18 9LP,SEPD,HV,1,TK6380,417,2026-06-21T20:19:33Z,2026-06-21T21:48:03Z,1.48
BH18 9LQ,SEPD,HV,1,TK6380,417,2026-06-21T20:19:33Z,2026-06-21T21:48:03Z,1.48
BH18 9LR,SEPD,HV,1,TK6380,417,2026-06-21T20:19:33Z,2026-06-21T21:48:03Z,1.48
BH18 9LS,SEPD,HV,1,TK6380,417,2026-06-21T20:19:33Z,2026-06-21T21:48:03Z,1.48
BH18 9LT,SEPD,HV,1,TK6380,417,2026-06-21T20:19:33Z,2026-06-21T21:48:03Z,1.48
BH18 9LU,SEPD,HV,1,TK6380,417,2026-06-21T20:19:33Z,2026-06-21T21:48:03Z,1.48
BH18 9LW,SEPD,HV,1,TK6380,417,2026-06-21T20:19:33Z,2026-06-21T21:48:03Z,1.48
BH18 9LX,SEPD,HV,1,TK6380,417,2026-06-21T20:19:33Z,2026-06-21T21:48:03Z,1.48
BH18 9LY,SEPD,HV,1,TK6380,417,2026-06-21T20:19:33Z,2026-06-21T21:48:03Z,1.48
BH18 9LZ,SEPD,HV,1,TK6380,417,2026-06-21T20:19:33Z,2026-06-21T21:48:03Z,1.48
BH18 9NA,SEPD,HV,1,TK6380,417,2026-06-21T20:19:33Z,2026-06-21T21:48:03Z,1.48
BH18 9NB,SEPD,HV,1,TK6380,417,2026-06-21T20:19:33Z,2026-06-21T21:48:03Z,1.48
BH18 9ND,SEPD,HV,1,TK6380,417,2026-06-21T20:19:33Z,2026-06-21T21:48:03Z,1.48
BH18 9NE,SEPD,HV,1,TK6380,417,2026-06-21T20:19:33Z,2026-06-21T21:48:03Z,1.48
BH18 9NL,SEPD,HV,1,TK6380,417,2026-06-21T20:19:33Z,2026-06-21T21:48:03Z,1.48
BH18 9NP,SEPD,HV,1,TK6380,417,2026-06-21T20:19:33Z,2026-06-21T21:48:03Z,1.48
BH18 9NQ,SEPD,HV,1,TK6380,417,2026-06-21T20:19:33Z,2026-06-21T21:48:03Z,1.48
BH18 9NR,SEPD,HV,1,TK6380,417,2026-06-21T20:19:33Z,2026-06-21T21:48:03Z,1.48
BH18 9NU,SEPD,HV,1,TK6380,417,2026-06-21T20:19:33Z,2026-06-21T21:48:03Z,1.48
BH18 9NW,SEPD,HV,1,TK6380,417,2026-06-21T20:19:33Z,2026-06-21T21:48:03Z,1.48
BH18 9NY,SEPD,HV,1,TK6380,417,2026-06-21T20:19:33Z,2026-06-21T21:48:03Z,1.48
BH18 9WA,SEPD,HV,1,TK6380,417,2026-06-21T20:19:33Z,2026-06-21T21:48:03Z,1.48
BH21 3BZ,SEPD,HV,1,TK6380,417,2026-06-21T20:19:33Z,2026-06-21T21:48:03Z,1.48
BH21 3JJ,SEPD,HV,1,TK6380,417,2026-06-21T20:19:33Z,2026-06-21T21:48:03Z,1.48
BH21 3JT,SEPD,HV,1,TK6380,417,2026-06-21T20:19:33Z,2026-06-21T21:48:03Z,1.48
BH21 3LA,SEPD,HV,1,TK6380,417,2026-06-21T20:19:33Z,2026-06-21T21:48:03Z,1.48
BH21 3LB,SEPD,HV,1,TK6380,417,2026-06-21T20:19:33Z,2026-06-21T21:48:03Z,1.48
BH21 3LN,SEPD,HV,1,TK6380,417,2026-06-21T20:19:33Z,2026-06-21T21:48:03Z,1.48
BH21 3LT,SEPD,HV,1,TK6380,417,2026-06-21T20:19:33Z,2026-06-21T21:48:03Z,1.48
BH21 3PA,SEPD,HV,1,TK6380,417,2026-06-21T20:19:33Z,2026-06-21T21:48:03Z,1.48
BH21 3PB,SEPD,HV,1,TK6380,417,2026-06-21T20:19:33Z,2026-06-21T21:48:03Z,1.48
BH21 3PE,SEPD,HV,1,TK6380,417,2026-06-21T20:19:33Z,2026-06-21T21:48:03Z,1.48
BH21 3PF,SEPD,HV,1,TK6380,417,2026-06-21T20:19:33Z,2026-06-21T21:48:03Z,1.48
BH21 3PH,SEPD,HV,1,TK6380,417,2026-06-21T20:19:33Z,2026-06-21T21:48:03Z,1.48
BH21 3PQ,SEPD,HV,1,TK6380,417,2026-06-21T20:19:33Z,2026-06-21T21:48:03Z,1.48
BH21 3QB,SEPD,HV,1,TK6380,417,2026-06-21T20:19:33Z,2026-06-21T21:48:03Z,1.48
BH21 3QD,SEPD,HV,1,TK6380,417,2026-06-21T20:19:33Z,2026-06-21T21:48:03Z,1.48
BH21 3QE,SEPD,HV,1,TK6380,417,2026-06-21T20:19:33Z,2026-06-21T21:48:03Z,1.48
BH21 3QF,SEPD,HV,1,TK6380,417,2026-06-21T20:19:33Z,2026-06-21T21:48:03Z,1.48
BH21 3QG,SEPD,HV,1,TK6380,417,2026-06-21T20:19:33Z,2026-06-21T21:48:03Z,1.48
BH21 3QH,SEPD,HV,1,TK6380,417,2026-06-21T20:19:33Z,2026-06-21T21:48:03Z,1.48
BH21 3QJ,SEPD,HV,1,TK6380,417,2026-06-21T20:19:33Z,2026-06-21T21:48:03Z,1.48
BH21 3QL,SEPD,HV,1,TK6380,417,2026-06-21T20:19:33Z,2026-06-21T21:48:03Z,1.48
BH21 3QN,SEPD,HV,1,TK6380,417,2026-06-21T20:19:33Z,2026-06-21T21:48:03Z,1.48
BH21 3QQ,SEPD,HV,1,TK6380,417,2026-06-21T20:19:33Z,2026-06-21T21:48:03Z,1.48
BH21 3QT,SEPD,HV,1,TK6380,417,2026-06-21T20:19:33Z,2026-06-21T21:48:03Z,1.48
BH21 3QW,SEPD,HV,1,TK6380,417,2026-06-21T20:19:33Z,2026-06-21T21:48:03Z,1.48
BH21 3SR,SEPD,HV,1,TK6380,417,2026-06-21T20:19:33Z,2026-06-21T21:48:03Z,1.48
BH21 3TX,SEPD,HV,1,TK6380,417,2026-06-21T20:19:33Z,2026-06-21T21:48:03Z,1.48
BH21 3TY,SEPD,HV,1,TK6380,417,2026-06-21T20:19:33Z,2026-06-21T21:48:03Z,1.48
BH21 4EH,SEPD,HV,1,TK6380,417,2026-06-21T20:19:33Z,2026-06-21T21:48:03Z,1.48
DT5 1FG,SEPD,HV,1,TK6380,417,2026-06-21T20:19:33Z,2026-06-21T21:48:03Z,1.48
DT5 1FH,SEPD,HV,1,TK6380,417,2026-06-21T20:19:33Z,2026-06-21T21:48:03Z,1.48
IV23 2RQ,SHEPD,LV,1,TM5615,3,2026-06-25T21:55:57Z,2026-06-25T23:24:57Z,1.48
IV3 8RH,SHEPD,LV,1,TM5801,2,2026-06-25T21:55:57Z,2026-06-25T23:24:57Z,1.48
OX12 9XS,SEPD,LV,1,TM5768,22,2026-06-25T21:55:57Z,2026-06-25T23:24:57Z,1.48
OX12 9XT,SEPD,LV,1,TM5768,22,2026-06-25T21:55:57Z,2026-06-25T23:24:57Z,1.48
IV30 5QP,SHEPD,HV,1,TN1201,14,2026-06-28T16:06:31Z,2026-06-28T17:34:47Z,1.47
IV30 5RH,SHEPD,HV,1,TN1201,14,2026-06-28T16:06:31Z,2026-06-28T17:34:47Z,1.47
IV30 5RN,SHEPD,HV,1,TN1201,14,2026-06-28T16:06:31Z,2026-06-28T17:34:47Z,1.47
BH24 3BX,SEPD,PSI,2,"252067,252078",24,2026-06-22T11:21:18Z,2026-06-27T11:17:03Z,1.45
AB53 5SB,SHEPD,HV,1,TM9441,17,2026-06-27T09:50:09Z,2026-06-27T11:17:03Z,1.45
AB53 5SD,SHEPD,HV,1,TM9441,17,2026-06-27T09:50:09Z,2026-06-27T11:17:03Z,1.45
FK8 3TD,SHEPD,PSI,1,252500,2,2026-06-27T09:50:09Z,2026-06-27T11:17:03Z,1.45
FK8 3TE,SHEPD,PSI,1,252500,2,2026-06-27T09:50:09Z,2026-06-27T11:17:03Z,1.45
RG8 9AF,SEPD,HV,1,TM9477,64,2026-06-27T09:50:09Z,2026-06-27T11:17:03Z,1.45
RG8 9QL,SEPD,HV,1,TM9477,64,2026-06-27T09:50:09Z,2026-06-27T11:17:03Z,1.45
RG8 9QP,SEPD,HV,1,TM9477,64,2026-06-27T09:50:09Z,2026-06-27T11:17:03Z,1.45
RG8 9QR,SEPD,HV,1,TM9477,64,2026-06-27T09:50:09Z,2026-06-27T11:17:03Z,1.45
RG8 9QS,SEPD,HV,1,TM9477,64,2026-06-27T09:50:09Z,2026-06-27T11:17:03Z,1.45
RG8 9QT,SEPD,HV,1,TM9477,64,2026-06-27T09:50:09Z,2026-06-27T11:17:03Z,1.45
RG8 9QU,SEPD,HV,1,TM9477,64,2026-06-27T09:50:09Z,2026-06-27T11:17:03Z,1.45
RG8 9QX,SEPD,HV,1,TM9477,64,2026-06-27T09:50:09Z,2026-06-27T11:17:03Z,1.45
RG8 9QY,SEPD,HV,1,TM9477,64,2026-06-27T09:50:09Z,2026-06-27T11:17:03Z,1.45
RG8 9QZ,SEPD,HV,1,TM9477,64,2026-06-27T09:50:09Z,2026-06-27T11:17:03Z,1.45
RG8 9RA,SEPD,HV,1,TM9477,64,2026-06-27T09:50:09Z,2026-06-27T11:17:03Z,1.45
RG8 9RB,SEPD,HV,1,TM9477,64,2026-06-27T09:50:09Z,2026-06-27T11:17:03Z,1.45
RG8 9RE,SEPD,HV,1,TM9477,64,2026-06-27T09:50:09Z,2026-06-27T11:17:03Z,1.45
SO23 7PY,SEPD,LV,1,TM9442,10,2026-06-27T09:50:09Z,2026-06-27T11:17:03Z,1.45
SO23 7PZ,SEPD,LV,1,TM9442,10,2026-06-27T09:50:09Z,2026-06-27T11:17:03Z,1.45
BH23 2DU,SEPD,LV,2,"TK6835,TM0492",24,2026-06-21T22:54:34Z,2026-06-24T01:31:51Z,1.41
BH23 2EZ,SEPD,LV,2,"TK6835,TM0492",24,2026-06-21T22:54:34Z,2026-06-24T01:31:51Z,1.41
BH23 2HE,SEPD,LV,2,"TK6835,TM0492",24,2026-06-21T22:54:34Z,2026-06-24T01:31:51Z,1.41
BH23 2HG,SEPD,LV,2,"TK6835,TM0492",24,2026-06-21T22:54:34Z,2026-06-24T01:31:51Z,1.41
PH8 0ER,SHEPD,PSI,1,251600,28,2026-06-21T22:54:34Z,2026-06-22T00:19:27Z,1.41
PH9 0NP,SHEPD,PSI,1,251600,28,2026-06-21T22:54:34Z,2026-06-22T00:19:27Z,1.41
PH9 0NR,SHEPD,PSI,1,251600,28,2026-06-21T22:54:34Z,2026-06-22T00:19:27Z,1.41
PH9 0NT,SHEPD,PSI,1,251600,28,2026-06-21T22:54:34Z,2026-06-22T00:19:27Z,1.41
GL7 1JH,SEPD,LV,1,TM9822,4,2026-06-27T14:19:30Z,2026-06-27T15:43:15Z,1.4
GL7 1QD,SEPD,LV,1,TM9822,4,2026-06-27T14:19:30Z,2026-06-27T15:43:15Z,1.4
GL7 2BL,SEPD,LV,1,TM9822,4,2026-06-27T14:19:30Z,2026-06-27T15:43:15Z,1.4
SO14 0AH,SEPD,LV,1,TM2949,61,2026-06-24T22:56:08Z,2026-06-25T00:19:00Z,1.38
SO14 0AN,SEPD,LV,1,TM2949,61,2026-06-24T22:56:08Z,2026-06-25T00:19:00Z,1.38
SO14 0AP,SEPD,LV,1,TM2949,61,2026-06-24T22:56:08Z,2026-06-25T00:19:00Z,1.38
SO14 0AQ,SEPD,LV,1,TM2949,61,2026-06-24T22:56:08Z,2026-06-25T00:19:00Z,1.38
SO14 0BH,SEPD,LV,1,TM2949,61,2026-06-24T22:56:08Z,2026-06-25T00:19:00Z,1.38
SO14 0BJ,SEPD,LV,1,TM2949,61,2026-06-24T22:56:08Z,2026-06-25T00:19:00Z,1.38
SO14 0BL,SEPD,LV,1,TM2949,61,2026-06-24T22:56:08Z,2026-06-25T00:19:00Z,1.38
SO14 0BN,SEPD,LV,1,TM2949,61,2026-06-24T22:56:08Z,2026-06-25T00:19:00Z,1.38
SO14 0BP,SEPD,LV,1,TM2949,61,2026-06-24T22:56:08Z,2026-06-25T00:19:00Z,1.38
OX13 6JX,SEPD,LV,1,TK8406,17,2026-06-22T21:52:49Z,2026-06-22T23:14:55Z,1.37
OX13 6JZ,SEPD,LV,1,TK8406,17,2026-06-22T21:52:49Z,2026-06-22T23:14:55Z,1.37
OX13 6LA,SEPD,LV,1,TK8406,17,2026-06-22T21:52:49Z,2026-06-22T23:14:55Z,1.37
OX13 6LB,SEPD,LV,1,TK8406,17,2026-06-22T21:52:49Z,2026-06-22T23:14:55Z,1.37
SO15 1YG,SEPD,HV,1,TN0147,308,2026-06-27T20:17:28Z,2026-06-27T21:33:44Z,1.27
SO16 9AL,SEPD,HV,1,TN0147,308,2026-06-27T20:17:28Z,2026-06-27T21:33:44Z,1.27
SO16 9AQ,SEPD,HV,1,TN0147,308,2026-06-27T20:17:28Z,2026-06-27T21:33:44Z,1.27
SO16 9AR,SEPD,HV,1,TN0147,308,2026-06-27T20:17:28Z,2026-06-27T21:33:44Z,1.27
SO16 9AY,SEPD,HV,1,TN0147,308,2026-06-27T20:17:28Z,2026-06-27T21:33:44Z,1.27
SO16 9AZ,SEPD,HV,1,TN0147,308,2026-06-27T20:17:28Z,2026-06-27T21:33:44Z,1.27
SO16 9BA,SEPD,HV,1,TN0147,308,2026-06-27T20:17:28Z,2026-06-27T21:33:44Z,1.27
SO16 9BB,SEPD,HV,1,TN0147,308,2026-06-27T20:17:28Z,2026-06-27T21:33:44Z,1.27
SO16 9BD,SEPD,HV,1,TN0147,308,2026-06-27T20:17:28Z,2026-06-27T21:33:44Z,1.27
SO16 9BE,SEPD,HV,1,TN0147,308,2026-06-27T20:17:28Z,2026-06-27T21:33:44Z,1.27
SO16 9BF,SEPD,HV,1,TN0147,308,2026-06-27T20:17:28Z,2026-06-27T21:33:44Z,1.27
SO16 9BG,SEPD,HV,1,TN0147,308,2026-06-27T20:17:28Z,2026-06-27T21:33:44Z,1.27
SO16 9GS,SEPD,HV,1,TN0147,308,2026-06-27T20:17:28Z,2026-06-27T21:33:44Z,1.27
SO16 9GT,SEPD,HV,1,TN0147,308,2026-06-27T20:17:28Z,2026-06-27T21:33:44Z,1.27
SO16 9GU,SEPD,HV,1,TN0147,308,2026-06-27T20:17:28Z,2026-06-27T21:33:44Z,1.27
SO16 9GW,SEPD,HV,1,TN0147,308,2026-06-27T20:17:28Z,2026-06-27T21:33:44Z,1.27
SO16 9GX,SEPD,HV,1,TN0147,308,2026-06-27T20:17:28Z,2026-06-27T21:33:44Z,1.27
SO16 9GY,SEPD,HV,1,TN0147,308,2026-06-27T20:17:28Z,2026-06-27T21:33:44Z,1.27
SO16 9GZ,SEPD,HV,1,TN0147,308,2026-06-27T20:17:28Z,2026-06-27T21:33:44Z,1.27
SO16 9HA,SEPD,HV,1,TN0147,308,2026-06-27T20:17:28Z,2026-06-27T21:33:44Z,1.27
SO16 9HB,SEPD,HV,1,TN0147,308,2026-06-27T20:17:28Z,2026-06-27T21:33:44Z,1.27
SO16 9HD,SEPD,HV,1,TN0147,308,2026-06-27T20:17:28Z,2026-06-27T21:33:44Z,1.27
SO16 9HE,SEPD,HV,1,TN0147,308,2026-06-27T20:17:28Z,2026-06-27T21:33:44Z,1.27
SO16 9HF,SEPD,HV,1,TN0147,308,2026-06-27T20:17:28Z,2026-06-27T21:33:44Z,1.27
SO16 9HG,SEPD,HV,1,TN0147,308,2026-06-27T20:17:28Z,2026-06-27T21:33:44Z,1.27
SO16 9HH,SEPD,HV,1,TN0147,308,2026-06-27T20:17:28Z,2026-06-27T21:33:44Z,1.27
SO16 9HJ,SEPD,HV,1,TN0147,308,2026-06-27T20:17:28Z,2026-06-27T21:33:44Z,1.27
SO16 9HL,SEPD,HV,1,TN0147,308,2026-06-27T20:17:28Z,2026-06-27T21:33:44Z,1.27
SO16 9HN,SEPD,HV,1,TN0147,308,2026-06-27T20:17:28Z,2026-06-27T21:33:44Z,1.27
SO16 9HP,SEPD,HV,1,TN0147,308,2026-06-27T20:17:28Z,2026-06-27T21:33:44Z,1.27
SO16 9HQ,SEPD,HV,1,TN0147,308,2026-06-27T20:17:28Z,2026-06-27T21:33:44Z,1.27
SO16 9HR,SEPD,HV,1,TN0147,308,2026-06-27T20:17:28Z,2026-06-27T21:33:44Z,1.27
SO16 9HS,SEPD,HV,1,TN0147,308,2026-06-27T20:17:28Z,2026-06-27T21:33:44Z,1.27
SO16 9HT,SEPD,HV,1,TN0147,308,2026-06-27T20:17:28Z,2026-06-27T21:33:44Z,1.27
SO16 9HU,SEPD,HV,1,TN0147,308,2026-06-27T20:17:28Z,2026-06-27T21:33:44Z,1.27
SO16 9HW,SEPD,HV,1,TN0147,308,2026-06-27T20:17:28Z,2026-06-27T21:33:44Z,1.27
SO16 9HX,SEPD,HV,1,TN0147,308,2026-06-27T20:17:28Z,2026-06-27T21:33:44Z,1.27
SO16 9HY,SEPD,HV,1,TN0147,308,2026-06-27T20:17:28Z,2026-06-27T21:33:44Z,1.27
SO16 9HZ,SEPD,HV,1,TN0147,308,2026-06-27T20:17:28Z,2026-06-27T21:33:44Z,1.27
SO16 9JA,SEPD,HV,1,TN0147,308,2026-06-27T20:17:28Z,2026-06-27T21:33:44Z,1.27
SO16 9JB,SEPD,HV,1,TN0147,308,2026-06-27T20:17:28Z,2026-06-27T21:33:44Z,1.27
SO16 9JD,SEPD,HV,1,TN0147,308,2026-06-27T20:17:28Z,2026-06-27T21:33:44Z,1.27
SO16 9JE,SEPD,HV,1,TN0147,308,2026-06-27T20:17:28Z,2026-06-27T21:33:44Z,1.27
SO16 9JF,SEPD,HV,1,TN0147,308,2026-06-27T20:17:28Z,2026-06-27T21:33:44Z,1.27
SO16 9JG,SEPD,HV,1,TN0147,308,2026-06-27T20:17:28Z,2026-06-27T21:33:44Z,1.27
SO16 9JH,SEPD,HV,1,TN0147,308,2026-06-27T20:17:28Z,2026-06-27T21:33:44Z,1.27
SO16 9JJ,SEPD,HV,1,TN0147,308,2026-06-27T20:17:28Z,2026-06-27T21:33:44Z,1.27
SO16 9JN,SEPD,HV,1,TN0147,308,2026-06-27T20:17:28Z,2026-06-27T21:33:44Z,1.27
SO16 9JY,SEPD,HV,1,TN0147,308,2026-06-27T20:17:28Z,2026-06-27T21:33:44Z,1.27
SO16 9LA,SEPD,HV,1,TN0147,308,2026-06-27T20:17:28Z,2026-06-27T21:33:44Z,1.27
SO16 9LB,SEPD,HV,1,TN0147,308,2026-06-27T20:17:28Z,2026-06-27T21:33:44Z,1.27
SO16 9LD,SEPD,HV,1,TN0147,308,2026-06-27T20:17:28Z,2026-06-27T21:33:44Z,1.27
SO16 9LE,SEPD,HV,1,TN0147,308,2026-06-27T20:17:28Z,2026-06-27T21:33:44Z,1.27
SO16 9LF,SEPD,HV,1,TN0147,308,2026-06-27T20:17:28Z,2026-06-27T21:33:44Z,1.27
SO16 9LG,SEPD,HV,1,TN0147,308,2026-06-27T20:17:28Z,2026-06-27T21:33:44Z,1.27
SO16 9LH,SEPD,HV,1,TN0147,308,2026-06-27T20:17:28Z,2026-06-27T21:33:44Z,1.27
SO16 9LJ,SEPD,HV,1,TN0147,308,2026-06-27T20:17:28Z,2026-06-27T21:33:44Z,1.27
SO16 9LL,SEPD,HV,1,TN0147,308,2026-06-27T20:17:28Z,2026-06-27T21:33:44Z,1.27
SO16 9LN,SEPD,HV,1,TN0147,308,2026-06-27T20:17:28Z,2026-06-27T21:33:44Z,1.27
SO16 9LP,SEPD,HV,1,TN0147,308,2026-06-27T20:17:28Z,2026-06-27T21:33:44Z,1.27
SO16 9LQ,SEPD,HV,1,TN0147,308,2026-06-27T20:17:28Z,2026-06-27T21:33:44Z,1.27
SO16 9LR,SEPD,HV,1,TN0147,308,2026-06-27T20:17:28Z,2026-06-27T21:33:44Z,1.27
SO16 9LS,SEPD,HV,1,TN0147,308,2026-06-27T20:17:28Z,2026-06-27T21:33:44Z,1.27
SO16 9LT,SEPD,HV,1,TN0147,308,2026-06-27T20:17:28Z,2026-06-27T21:33:44Z,1.27
SO16 9LU,SEPD,HV,1,TN0147,308,2026-06-27T20:17:28Z,2026-06-27T21:33:44Z,1.27
SO16 9LW,SEPD,HV,1,TN0147,308,2026-06-27T20:17:28Z,2026-06-27T21:33:44Z,1.27
SO16 9LX,SEPD,HV,1,TN0147,308,2026-06-27T20:17:28Z,2026-06-27T21:33:44Z,1.27
SO16 9LY,SEPD,HV,1,TN0147,308,2026-06-27T20:17:28Z,2026-06-27T21:33:44Z,1.27
SO16 9LZ,SEPD,HV,1,TN0147,308,2026-06-27T20:17:28Z,2026-06-27T21:33:44Z,1.27
SO16 9NA,SEPD,HV,1,TN0147,308,2026-06-27T20:17:28Z,2026-06-27T21:33:44Z,1.27
SO16 9NB,SEPD,HV,1,TN0147,308,2026-06-27T20:17:28Z,2026-06-27T21:33:44Z,1.27
SO16 9NE,SEPD,HV,1,TN0147,308,2026-06-27T20:17:28Z,2026-06-27T21:33:44Z,1.27
SO16 9NF,SEPD,HV,1,TN0147,308,2026-06-27T20:17:28Z,2026-06-27T21:33:44Z,1.27
SO16 9NG,SEPD,HV,1,TN0147,308,2026-06-27T20:17:28Z,2026-06-27T21:33:44Z,1.27
SO16 9NP,SEPD,HV,1,TN0147,308,2026-06-27T20:17:28Z,2026-06-27T21:33:44Z,1.27
SO16 9NQ,SEPD,HV,1,TN0147,308,2026-06-27T20:17:28Z,2026-06-27T21:33:44Z,1.27
SO16 9NR,SEPD,HV,1,TN0147,308,2026-06-27T20:17:28Z,2026-06-27T21:33:44Z,1.27
SO16 9NS,SEPD,HV,1,TN0147,308,2026-06-27T20:17:28Z,2026-06-27T21:33:44Z,1.27
SO16 9NT,SEPD,HV,1,TN0147,308,2026-06-27T20:17:28Z,2026-06-27T21:33:44Z,1.27
SO16 9NU,SEPD,HV,1,TN0147,308,2026-06-27T20:17:28Z,2026-06-27T21:33:44Z,1.27
SO16 9NY,SEPD,HV,1,TN0147,308,2026-06-27T20:17:28Z,2026-06-27T21:33:44Z,1.27
SO16 9NZ,SEPD,HV,1,TN0147,308,2026-06-27T20:17:28Z,2026-06-27T21:33:44Z,1.27
SO16 9PA,SEPD,HV,1,TN0147,308,2026-06-27T20:17:28Z,2026-06-27T21:33:44Z,1.27
SO16 9PB,SEPD,HV,1,TN0147,308,2026-06-27T20:17:28Z,2026-06-27T21:33:44Z,1.27
SO16 9PD,SEPD,HV,1,TN0147,308,2026-06-27T20:17:28Z,2026-06-27T21:33:44Z,1.27
SO16 9PE,SEPD,HV,1,TN0147,308,2026-06-27T20:17:28Z,2026-06-27T21:33:44Z,1.27
SO16 9PF,SEPD,HV,1,TN0147,308,2026-06-27T20:17:28Z,2026-06-27T21:33:44Z,1.27
SO16 9PG,SEPD,HV,1,TN0147,308,2026-06-27T20:17:28Z,2026-06-27T21:33:44Z,1.27
SO16 9PH,SEPD,HV,1,TN0147,308,2026-06-27T20:17:28Z,2026-06-27T21:33:44Z,1.27
SO16 9PJ,SEPD,HV,1,TN0147,308,2026-06-27T20:17:28Z,2026-06-27T21:33:44Z,1.27
SO16 9PL,SEPD,HV,1,TN0147,308,2026-06-27T20:17:28Z,2026-06-27T21:33:44Z,1.27
SO16 9PN,SEPD,HV,1,TN0147,308,2026-06-27T20:17:28Z,2026-06-27T21:33:44Z,1.27
SO16 9PR,SEPD,HV,1,TN0147,308,2026-06-27T20:17:28Z,2026-06-27T21:33:44Z,1.27
SO16 9PS,SEPD,HV,1,TN0147,308,2026-06-27T20:17:28Z,2026-06-27T21:33:44Z,1.27
SO16 9QP,SEPD,HV,1,TN0147,308,2026-06-27T20:17:28Z,2026-06-27T21:33:44Z,1.27
SO16 9RY,SEPD,HV,1,TN0147,308,2026-06-27T20:17:28Z,2026-06-27T21:33:44Z,1.27
SO32 2HN,SEPD,HV,1,TN0147,308,2026-06-27T20:17:28Z,2026-06-27T21:33:44Z,1.27
SL9 0NJ,SEPD,LV,1,TN0013,19,2026-06-27T19:02:34Z,2026-06-27T20:17:28Z,1.25
SL9 0NL,SEPD,LV,1,TN0013,19,2026-06-27T19:02:34Z,2026-06-27T20:17:28Z,1.25
SL9 8BR,SEPD,LV,1,TN0013,19,2026-06-27T19:02:34Z,2026-06-27T20:17:28Z,1.25
SL9 8BZ,SEPD,LV,1,TN0013,19,2026-06-27T19:02:34Z,2026-06-27T20:17:28Z,1.25
SL9 8DA,SEPD,LV,1,TN0013,19,2026-06-27T19:02:34Z,2026-06-27T20:17:28Z,1.25
SL9 8DB,SEPD,LV,1,TN0013,19,2026-06-27T19:02:34Z,2026-06-27T20:17:28Z,1.25
SL9 8DD,SEPD,LV,1,TN0013,19,2026-06-27T19:02:34Z,2026-06-27T20:17:28Z,1.25
SL9 8HA,SEPD,LV,1,TN0013,19,2026-06-27T19:02:34Z,2026-06-27T20:17:28Z,1.25
SL9 8HB,SEPD,LV,1,TN0013,19,2026-06-27T19:02:34Z,2026-06-27T20:17:28Z,1.25
SL9 8HD,SEPD,LV,1,TN0013,19,2026-06-27T19:02:34Z,2026-06-27T20:17:28Z,1.25
BH8 8EB,SEPD,PSI,1,252467,2,2026-06-28T17:34:47Z,2026-06-28T18:49:26Z,1.24
BH8 8EP,SEPD,PSI,1,252467,2,2026-06-28T17:34:47Z,2026-06-28T18:49:26Z,1.24
PH26 3NH,SHEPD,PSI,1,252473,4,2026-06-28T17:34:47Z,2026-06-28T18:49:26Z,1.24
PH26 3TA,SHEPD,PSI,1,252473,4,2026-06-28T17:34:47Z,2026-06-28T18:49:26Z,1.24
RG2 7PU,SEPD,LV,1,TN1280,28,2026-06-28T17:34:47Z,2026-06-28T18:49:26Z,1.24
RG2 7PX,SEPD,LV,1,TN1280,28,2026-06-28T17:34:47Z,2026-06-28T18:49:26Z,1.24
RG2 7SX,SEPD,LV,1,TN1280,28,2026-06-28T17:34:47Z,2026-06-28T18:49:26Z,1.24
RG2 7SY,SEPD,LV,1,TN1280,28,2026-06-28T17:34:47Z,2026-06-28T18:49:26Z,1.24
RG2 7TB,SEPD,LV,1,TN1280,28,2026-06-28T17:34:47Z,2026-06-28T18:49:26Z,1.24
RG4 8UR,SEPD,LV,1,TN1200,10,2026-06-28T17:34:47Z,2026-06-28T18:49:26Z,1.24
RG4 8UT,SEPD,LV,1,TN1200,10,2026-06-28T17:34:47Z,2026-06-28T18:49:26Z,1.24
RG4 8UU,SEPD,LV,1,TN1200,10,2026-06-28T17:34:47Z,2026-06-28T18:49:26Z,1.24
SL2 1BT,SEPD,"HV,LV",2,"TN0017,TN1190",289,2026-06-27T19:02:34Z,2026-06-28T16:06:31Z,1.22
SL1 3AA,SEPD,LV,1,TN1190,90,2026-06-28T14:53:17Z,2026-06-28T16:06:31Z,1.22
SL1 3AB,SEPD,LV,1,TN1190,90,2026-06-28T14:53:17Z,2026-06-28T16:06:31Z,1.22
SL1 3AD,SEPD,LV,1,TN1190,90,2026-06-28T14:53:17Z,2026-06-28T16:06:31Z,1.22
SL1 3AE,SEPD,LV,1,TN1190,90,2026-06-28T14:53:17Z,2026-06-28T16:06:31Z,1.22
SL1 3AF,SEPD,LV,1,TN1190,90,2026-06-28T14:53:17Z,2026-06-28T16:06:31Z,1.22
SL1 3AG,SEPD,LV,1,TN1190,90,2026-06-28T14:53:17Z,2026-06-28T16:06:31Z,1.22
SL1 3AL,SEPD,LV,1,TN1190,90,2026-06-28T14:53:17Z,2026-06-28T16:06:31Z,1.22
SL1 3AQ,SEPD,LV,1,TN1190,90,2026-06-28T14:53:17Z,2026-06-28T16:06:31Z,1.22
SL1 4UT,SEPD,LV,1,TN1190,90,2026-06-28T14:53:17Z,2026-06-28T16:06:31Z,1.22
SL1 4XL,SEPD,LV,1,TN1190,90,2026-06-28T14:53:17Z,2026-06-28T16:06:31Z,1.22
SL1 4XN,SEPD,LV,1,TN1190,90,2026-06-28T14:53:17Z,2026-06-28T16:06:31Z,1.22
SL2 1AA,SEPD,LV,1,TN1190,90,2026-06-28T14:53:17Z,2026-06-28T16:06:31Z,1.22
SL2 1AB,SEPD,LV,1,TN1190,90,2026-06-28T14:53:17Z,2026-06-28T16:06:31Z,1.22
SL2 1AD,SEPD,LV,1,TN1190,90,2026-06-28T14:53:17Z,2026-06-28T16:06:31Z,1.22
SL2 1EF,SEPD,LV,1,TN1190,90,2026-06-28T14:53:17Z,2026-06-28T16:06:31Z,1.22
PA22 3AP,SHEPD,HV,1,TM8631,146,2026-06-26T21:44:39Z,2026-06-26T22:56:10Z,1.19
PA22 3AS,SHEPD,HV,1,TM8631,146,2026-06-26T21:44:39Z,2026-06-26T22:56:10Z,1.19
PA22 3AT,SHEPD,HV,1,TM8631,146,2026-06-26T21:44:39Z,2026-06-26T22:56:10Z,1.19
PA22 3AU,SHEPD,HV,1,TM8631,146,2026-06-26T21:44:39Z,2026-06-26T22:56:10Z,1.19
PA22 3AX,SHEPD,HV,1,TM8631,146,2026-06-26T21:44:39Z,2026-06-26T22:56:10Z,1.19
SL7 3JA,SEPD,"HV,LV",2,"TN0210,TN0212",157,2026-06-27T21:33:44Z,2026-06-27T22:43:12Z,1.16
SL7 3JB,SEPD,"HV,LV",2,"TN0210,TN0212",157,2026-06-27T21:33:44Z,2026-06-27T22:43:12Z,1.16
SL6 2EG,SEPD,HV,1,TN0186,511,2026-06-27T21:33:44Z,2026-06-27T22:43:12Z,1.16
SL6 2FD,SEPD,HV,1,TN0186,511,2026-06-27T21:33:44Z,2026-06-27T22:43:12Z,1.16
SL6 2FG,SEPD,HV,1,TN0186,511,2026-06-27T21:33:44Z,2026-06-27T22:43:12Z,1.16
SL6 2FH,SEPD,HV,1,TN0186,511,2026-06-27T21:33:44Z,2026-06-27T22:43:12Z,1.16
SL6 2RH,SEPD,HV,1,TN0186,511,2026-06-27T21:33:44Z,2026-06-27T22:43:12Z,1.16
SL6 2RJ,SEPD,HV,1,TN0186,511,2026-06-27T21:33:44Z,2026-06-27T22:43:12Z,1.16
SL6 2RN,SEPD,HV,1,TN0186,511,2026-06-27T21:33:44Z,2026-06-27T22:43:12Z,1.16
SL6 2RP,SEPD,HV,1,TN0186,511,2026-06-27T21:33:44Z,2026-06-27T22:43:12Z,1.16
SL6 2RR,SEPD,HV,1,TN0186,511,2026-06-27T21:33:44Z,2026-06-27T22:43:12Z,1.16
SL6 2RS,SEPD,HV,1,TN0186,511,2026-06-27T21:33:44Z,2026-06-27T22:43:12Z,1.16
SL6 2RT,SEPD,HV,1,TN0186,511,2026-06-27T21:33:44Z,2026-06-27T22:43:12Z,1.16
SL6 2RW,SEPD,HV,1,TN0186,511,2026-06-27T21:33:44Z,2026-06-27T22:43:12Z,1.16
SL6 2RX,SEPD,HV,1,TN0186,511,2026-06-27T21:33:44Z,2026-06-27T22:43:12Z,1.16
SL6 2RY,SEPD,HV,1,TN0186,511,2026-06-27T21:33:44Z,2026-06-27T22:43:12Z,1.16
SL6 2SD,SEPD,HV,1,TN0186,511,2026-06-27T21:33:44Z,2026-06-27T22:43:12Z,1.16
SL6 2SF,SEPD,HV,1,TN0186,511,2026-06-27T21:33:44Z,2026-06-27T22:43:12Z,1.16
SL6 2SL,SEPD,HV,1,TN0186,511,2026-06-27T21:33:44Z,2026-06-27T22:43:12Z,1.16
SL6 2TS,SEPD,HV,1,TN0186,511,2026-06-27T21:33:44Z,2026-06-27T22:43:12Z,1.16
SL6 2TT,SEPD,HV,1,TN0186,511,2026-06-27T21:33:44Z,2026-06-27T22:43:12Z,1.16
SL6 2TU,SEPD,HV,1,TN0186,511,2026-06-27T21:33:44Z,2026-06-27T22:43:12Z,1.16
SL6 2TX,SEPD,HV,1,TN0186,511,2026-06-27T21:33:44Z,2026-06-27T22:43:12Z,1.16
SL6 2UN,SEPD,HV,1,TN0186,511,2026-06-27T21:33:44Z,2026-06-27T22:43:12Z,1.16
SL7 1JD,SEPD,HV,1,TN0210,106,2026-06-27T21:33:44Z,2026-06-27T22:43:12Z,1.16
SL7 1JE,SEPD,HV,1,TN0210,106,2026-06-27T21:33:44Z,2026-06-27T22:43:12Z,1.16
SL7 3BF,SEPD,HV,1,TN0210,106,2026-06-27T21:33:44Z,2026-06-27T22:43:12Z,1.16
SL7 3BH,SEPD,HV,1,TN0210,106,2026-06-27T21:33:44Z,2026-06-27T22:43:12Z,1.16
SL7 3BJ,SEPD,HV,1,TN0210,106,2026-06-27T21:33:44Z,2026-06-27T22:43:12Z,1.16
SL7 3BL,SEPD,HV,1,TN0210,106,2026-06-27T21:33:44Z,2026-06-27T22:43:12Z,1.16
SL7 3BN,SEPD,HV,1,TN0210,106,2026-06-27T21:33:44Z,2026-06-27T22:43:12Z,1.16
SL7 3BQ,SEPD,HV,1,TN0210,106,2026-06-27T21:33:44Z,2026-06-27T22:43:12Z,1.16
SL7 3BX,SEPD,HV,1,TN0210,106,2026-06-27T21:33:44Z,2026-06-27T22:43:12Z,1.16
SL7 3BY,SEPD,HV,1,TN0210,106,2026-06-27T21:33:44Z,2026-06-27T22:43:12Z,1.16
SL7 3BZ,SEPD,HV,1,TN0210,106,2026-06-27T21:33:44Z,2026-06-27T22:43:12Z,1.16
SL7 3DA,SEPD,HV,1,TN0210,106,2026-06-27T21:33:44Z,2026-06-27T22:43:12Z,1.16
SL7 3DB,SEPD,HV,1,TN0210,106,2026-06-27T21:33:44Z,2026-06-27T22:43:12Z,1.16
SL7 3DN,SEPD,HV,1,TN0210,106,2026-06-27T21:33:44Z,2026-06-27T22:43:12Z,1.16
SL7 3EP,SEPD,HV,1,TN0210,106,2026-06-27T21:33:44Z,2026-06-27T22:43:12Z,1.16
SL7 3ER,SEPD,HV,1,TN0210,106,2026-06-27T21:33:44Z,2026-06-27T22:43:12Z,1.16
SL7 3JD,SEPD,HV,1,TN0210,106,2026-06-27T21:33:44Z,2026-06-27T22:43:12Z,1.16
SL7 3JE,SEPD,HV,1,TN0210,106,2026-06-27T21:33:44Z,2026-06-27T22:43:12Z,1.16
SL7 3JR,SEPD,HV,1,TN0210,106,2026-06-27T21:33:44Z,2026-06-27T22:43:12Z,1.16
SL7 3LD,SEPD,HV,1,TN0210,106,2026-06-27T21:33:44Z,2026-06-27T22:43:12Z,1.16
SL7 3LE,SEPD,HV,1,TN0210,106,2026-06-27T21:33:44Z,2026-06-27T22:43:12Z,1.16
SL7 3LF,SEPD,HV,1,TN0210,106,2026-06-27T21:33:44Z,2026-06-27T22:43:12Z,1.16
SL7 3LG,SEPD,HV,1,TN0210,106,2026-06-27T21:33:44Z,2026-06-27T22:43:12Z,1.16
SL7 3LT,SEPD,HV,1,TN0210,106,2026-06-27T21:33:44Z,2026-06-27T22:43:12Z,1.16
SL7 3LU,SEPD,HV,1,TN0210,106,2026-06-27T21:33:44Z,2026-06-27T22:43:12Z,1.16
SL7 3LW,SEPD,HV,1,TN0210,106,2026-06-27T21:33:44Z,2026-06-27T22:43:12Z,1.16
SL7 3LY,SEPD,HV,1,TN0210,106,2026-06-27T21:33:44Z,2026-06-27T22:43:12Z,1.16
SL7 3LZ,SEPD,HV,1,TN0210,106,2026-06-27T21:33:44Z,2026-06-27T22:43:12Z,1.16
SL7 3NA,SEPD,HV,1,TN0210,106,2026-06-27T21:33:44Z,2026-06-27T22:43:12Z,1.16
SL7 3NB,SEPD,HV,1,TN0210,106,2026-06-27T21:33:44Z,2026-06-27T22:43:12Z,1.16
SL7 3ND,SEPD,HV,1,TN0210,106,2026-06-27T21:33:44Z,2026-06-27T22:43:12Z,1.16
SL7 3NE,SEPD,HV,1,TN0210,106,2026-06-27T21:33:44Z,2026-06-27T22:43:12Z,1.16
SL7 3NF,SEPD,HV,1,TN0210,106,2026-06-27T21:33:44Z,2026-06-27T22:43:12Z,1.16
SL7 3NG,SEPD,HV,1,TN0210,106,2026-06-27T21:33:44Z,2026-06-27T22:43:12Z,1.16
SL7 3NH,SEPD,HV,1,TN0210,106,2026-06-27T21:33:44Z,2026-06-27T22:43:12Z,1.16
SL7 3NJ,SEPD,HV,1,TN0210,106,2026-06-27T21:33:44Z,2026-06-27T22:43:12Z,1.16
SL7 3NL,SEPD,HV,1,TN0210,106,2026-06-27T21:33:44Z,2026-06-27T22:43:12Z,1.16
SL7 3NN,SEPD,HV,1,TN0210,106,2026-06-27T21:33:44Z,2026-06-27T22:43:12Z,1.16
SL7 3NQ,SEPD,HV,1,TN0210,106,2026-06-27T21:33:44Z,2026-06-27T22:43:12Z,1.16
SL7 3NS,SEPD,HV,1,TN0210,106,2026-06-27T21:33:44Z,2026-06-27T22:43:12Z,1.16
SL7 3NT,SEPD,HV,1,TN0210,106,2026-06-27T21:33:44Z,2026-06-27T22:43:12Z,1.16
SL7 3NU,SEPD,HV,1,TN0210,106,2026-06-27T21:33:44Z,2026-06-27T22:43:12Z,1.16
SL7 3NW,SEPD,HV,1,TN0210,106,2026-06-27T21:33:44Z,2026-06-27T22:43:12Z,1.16
SL7 3PA,SEPD,HV,1,TN0210,106,2026-06-27T21:33:44Z,2026-06-27T22:43:12Z,1.16
SL7 3PB,SEPD,HV,1,TN0210,106,2026-06-27T21:33:44Z,2026-06-27T22:43:12Z,1.16
SL7 3PD,SEPD,HV,1,TN0210,106,2026-06-27T21:33:44Z,2026-06-27T22:43:12Z,1.16
SL7 3PE,SEPD,HV,1,TN0210,106,2026-06-27T21:33:44Z,2026-06-27T22:43:12Z,1.16
SL7 3PF,SEPD,HV,1,TN0210,106,2026-06-27T21:33:44Z,2026-06-27T22:43:12Z,1.16
SL7 3PG,SEPD,HV,1,TN0210,106,2026-06-27T21:33:44Z,2026-06-27T22:43:12Z,1.16
SL7 3PH,SEPD,HV,1,TN0210,106,2026-06-27T21:33:44Z,2026-06-27T22:43:12Z,1.16
SL7 3PJ,SEPD,HV,1,TN0210,106,2026-06-27T21:33:44Z,2026-06-27T22:43:12Z,1.16
SL7 3PL,SEPD,HV,1,TN0210,106,2026-06-27T21:33:44Z,2026-06-27T22:43:12Z,1.16
SL7 3PN,SEPD,HV,1,TN0210,106,2026-06-27T21:33:44Z,2026-06-27T22:43:12Z,1.16
SL7 3PP,SEPD,HV,1,TN0210,106,2026-06-27T21:33:44Z,2026-06-27T22:43:12Z,1.16
SL7 3PQ,SEPD,HV,1,TN0210,106,2026-06-27T21:33:44Z,2026-06-27T22:43:12Z,1.16
SL7 3PR,SEPD,HV,1,TN0210,106,2026-06-27T21:33:44Z,2026-06-27T22:43:12Z,1.16
SL7 3PS,SEPD,HV,1,TN0210,106,2026-06-27T21:33:44Z,2026-06-27T22:43:12Z,1.16
SL7 3PT,SEPD,HV,1,TN0210,106,2026-06-27T21:33:44Z,2026-06-27T22:43:12Z,1.16
SL7 3PU,SEPD,HV,1,TN0210,106,2026-06-27T21:33:44Z,2026-06-27T22:43:12Z,1.16
SL7 3PW,SEPD,HV,1,TN0210,106,2026-06-27T21:33:44Z,2026-06-27T22:43:12Z,1.16
SL7 3PX,SEPD,HV,1,TN0210,106,2026-06-27T21:33:44Z,2026-06-27T22:43:12Z,1.16
SL7 3PY,SEPD,HV,1,TN0210,106,2026-06-27T21:33:44Z,2026-06-27T22:43:12Z,1.16
SL7 3PZ,SEPD,HV,1,TN0210,106,2026-06-27T21:33:44Z,2026-06-27T22:43:12Z,1.16
SL7 3QA,SEPD,HV,1,TN0210,106,2026-06-27T21:33:44Z,2026-06-27T22:43:12Z,1.16
SL7 3QB,SEPD,HV,1,TN0210,106,2026-06-27T21:33:44Z,2026-06-27T22:43:12Z,1.16
SL7 3QD,SEPD,HV,1,TN0210,106,2026-06-27T21:33:44Z,2026-06-27T22:43:12Z,1.16
SL7 3QE,SEPD,HV,1,TN0210,106,2026-06-27T21:33:44Z,2026-06-27T22:43:12Z,1.16
SL7 3QF,SEPD,HV,1,TN0210,106,2026-06-27T21:33:44Z,2026-06-27T22:43:12Z,1.16
SL7 3QG,SEPD,HV,1,TN0210,106,2026-06-27T21:33:44Z,2026-06-27T22:43:12Z,1.16
SL7 3QH,SEPD,HV,1,TN0210,106,2026-06-27T21:33:44Z,2026-06-27T22:43:12Z,1.16
SL7 3QJ,SEPD,HV,1,TN0210,106,2026-06-27T21:33:44Z,2026-06-27T22:43:12Z,1.16
SL7 3QL,SEPD,HV,1,TN0210,106,2026-06-27T21:33:44Z,2026-06-27T22:43:12Z,1.16
SL7 3QN,SEPD,HV,1,TN0210,106,2026-06-27T21:33:44Z,2026-06-27T22:43:12Z,1.16
SL7 3QP,SEPD,HV,1,TN0210,106,2026-06-27T21:33:44Z,2026-06-27T22:43:12Z,1.16
SL7 3QQ,SEPD,HV,1,TN0210,106,2026-06-27T21:33:44Z,2026-06-27T22:43:12Z,1.16
SL7 3QR,SEPD,HV,1,TN0210,106,2026-06-27T21:33:44Z,2026-06-27T22:43:12Z,1.16
SL7 3QT,SEPD,HV,1,TN0210,106,2026-06-27T21:33:44Z,2026-06-27T22:43:12Z,1.16
SL7 3QU,SEPD,HV,1,TN0210,106,2026-06-27T21:33:44Z,2026-06-27T22:43:12Z,1.16
SL7 3QW,SEPD,HV,1,TN0210,106,2026-06-27T21:33:44Z,2026-06-27T22:43:12Z,1.16
SL7 3QY,SEPD,HV,1,TN0210,106,2026-06-27T21:33:44Z,2026-06-27T22:43:12Z,1.16
SL7 3SY,SEPD,HV,1,TN0210,106,2026-06-27T21:33:44Z,2026-06-27T22:43:12Z,1.16
SL7 3TB,SEPD,HV,1,TN0210,106,2026-06-27T21:33:44Z,2026-06-27T22:43:12Z,1.16
SL7 3YA,SEPD,HV,1,TN0210,106,2026-06-27T21:33:44Z,2026-06-27T22:43:12Z,1.16
GU9 9JX,SEPD,HV,1,TM9857,1511,2026-06-27T15:43:15Z,2026-06-27T16:48:13Z,1.08
RG10 0RT,SEPD,HV,1,TM9849,51,2026-06-27T15:43:15Z,2026-06-27T16:48:13Z,1.08
RG10 0SY,SEPD,HV,1,TM9849,51,2026-06-27T15:43:15Z,2026-06-27T16:48:13Z,1.08
RG10 0TA,SEPD,HV,1,TM9849,51,2026-06-27T15:43:15Z,2026-06-27T16:48:13Z,1.08
RG10 0TB,SEPD,HV,1,TM9849,51,2026-06-27T15:43:15Z,2026-06-27T16:48:13Z,1.08
RG10 0TE,SEPD,HV,1,TM9849,51,2026-06-27T15:43:15Z,2026-06-27T16:48:13Z,1.08
RG10 0TF,SEPD,HV,1,TM9849,51,2026-06-27T15:43:15Z,2026-06-27T16:48:13Z,1.08
RG40 5QT,SEPD,HV,1,TM9849,51,2026-06-27T15:43:15Z,2026-06-27T16:48:13Z,1.08
RG40 5QU,SEPD,HV,1,TM9849,51,2026-06-27T15:43:15Z,2026-06-27T16:48:13Z,1.08
SN1 4EB,SEPD,LV,1,TM9245,15,2026-06-27T15:43:15Z,2026-06-27T16:48:13Z,1.08
TW1,SEPD,HV,1,TM9857,1511,2026-06-27T15:43:15Z,2026-06-27T16:48:13Z,1.08
TW16 6AA,SEPD,HV,1,TM9857,1511,2026-06-27T15:43:15Z,2026-06-27T16:48:13Z,1.08
TW16 6AB,SEPD,HV,1,TM9857,1511,2026-06-27T15:43:15Z,2026-06-27T16:48:13Z,1.08
TW16 6AG,SEPD,HV,1,TM9857,1511,2026-06-27T15:43:15Z,2026-06-27T16:48:13Z,1.08
TW16 6AH,SEPD,HV,1,TM9857,1511,2026-06-27T15:43:15Z,2026-06-27T16:48:13Z,1.08
TW16 6AJ,SEPD,HV,1,TM9857,1511,2026-06-27T15:43:15Z,2026-06-27T16:48:13Z,1.08
TW16 6AL,SEPD,HV,1,TM9857,1511,2026-06-27T15:43:15Z,2026-06-27T16:48:13Z,1.08
TW16 6AN,SEPD,HV,1,TM9857,1511,2026-06-27T15:43:15Z,2026-06-27T16:48:13Z,1.08
TW16 6AP,SEPD,HV,1,TM9857,1511,2026-06-27T15:43:15Z,2026-06-27T16:48:13Z,1.08
TW16 6AQ,SEPD,HV,1,TM9857,1511,2026-06-27T15:43:15Z,2026-06-27T16:48:13Z,1.08
TW16 6AR,SEPD,HV,1,TM9857,1511,2026-06-27T15:43:15Z,2026-06-27T16:48:13Z,1.08
TW16 6AS,SEPD,HV,1,TM9857,1511,2026-06-27T15:43:15Z,2026-06-27T16:48:13Z,1.08
TW16 6AT,SEPD,HV,1,TM9857,1511,2026-06-27T15:43:15Z,2026-06-27T16:48:13Z,1.08
TW16 6AU,SEPD,HV,1,TM9857,1511,2026-06-27T15:43:15Z,2026-06-27T16:48:13Z,1.08
TW16 6AW,SEPD,HV,1,TM9857,1511,2026-06-27T15:43:15Z,2026-06-27T16:48:13Z,1.08
TW16 6AX,SEPD,HV,1,TM9857,1511,2026-06-27T15:43:15Z,2026-06-27T16:48:13Z,1.08
TW16 6AZ,SEPD,HV,1,TM9857,1511,2026-06-27T15:43:15Z,2026-06-27T16:48:13Z,1.08
TW16 6BB,SEPD,HV,1,TM9857,1511,2026-06-27T15:43:15Z,2026-06-27T16:48:13Z,1.08
TW16 6BD,SEPD,HV,1,TM9857,1511,2026-06-27T15:43:15Z,2026-06-27T16:48:13Z,1.08
TW16 6BS,SEPD,HV,1,TM9857,1511,2026-06-27T15:43:15Z,2026-06-27T16:48:13Z,1.08
TW16 6BT,SEPD,HV,1,TM9857,1511,2026-06-27T15:43:15Z,2026-06-27T16:48:13Z,1.08
TW16 6BU,SEPD,HV,1,TM9857,1511,2026-06-27T15:43:15Z,2026-06-27T16:48:13Z,1.08
TW16 6BY,SEPD,HV,1,TM9857,1511,2026-06-27T15:43:15Z,2026-06-27T16:48:13Z,1.08
TW16 6DA,SEPD,HV,1,TM9857,1511,2026-06-27T15:43:15Z,2026-06-27T16:48:13Z,1.08
TW16 6DB,SEPD,HV,1,TM9857,1511,2026-06-27T15:43:15Z,2026-06-27T16:48:13Z,1.08
TW16 6DD,SEPD,HV,1,TM9857,1511,2026-06-27T15:43:15Z,2026-06-27T16:48:13Z,1.08
TW16 6DE,SEPD,HV,1,TM9857,1511,2026-06-27T15:43:15Z,2026-06-27T16:48:13Z,1.08
TW16 6DF,SEPD,HV,1,TM9857,1511,2026-06-27T15:43:15Z,2026-06-27T16:48:13Z,1.08
TW16 6DG,SEPD,HV,1,TM9857,1511,2026-06-27T15:43:15Z,2026-06-27T16:48:13Z,1.08
TW16 6DL,SEPD,HV,1,TM9857,1511,2026-06-27T15:43:15Z,2026-06-27T16:48:13Z,1.08
TW16 6DN,SEPD,HV,1,TM9857,1511,2026-06-27T15:43:15Z,2026-06-27T16:48:13Z,1.08
TW16 6DP,SEPD,HV,1,TM9857,1511,2026-06-27T15:43:15Z,2026-06-27T16:48:13Z,1.08
TW16 6DQ,SEPD,HV,1,TM9857,1511,2026-06-27T15:43:15Z,2026-06-27T16:48:13Z,1.08
TW16 6DR,SEPD,HV,1,TM9857,1511,2026-06-27T15:43:15Z,2026-06-27T16:48:13Z,1.08
TW16 6DW,SEPD,HV,1,TM9857,1511,2026-06-27T15:43:15Z,2026-06-27T16:48:13Z,1.08
TW16 6EH,SEPD,HV,1,TM9857,1511,2026-06-27T15:43:15Z,2026-06-27T16:48:13Z,1.08
TW16 6EJ,SEPD,HV,1,TM9857,1511,2026-06-27T15:43:15Z,2026-06-27T16:48:13Z,1.08
TW16 6EP,SEPD,HV,1,TM9857,1511,2026-06-27T15:43:15Z,2026-06-27T16:48:13Z,1.08
TW16 6EW,SEPD,HV,1,TM9857,1511,2026-06-27T15:43:15Z,2026-06-27T16:48:13Z,1.08
TW16 6NH,SEPD,HV,1,TM9857,1511,2026-06-27T15:43:15Z,2026-06-27T16:48:13Z,1.08
TW16 6NJ,SEPD,HV,1,TM9857,1511,2026-06-27T15:43:15Z,2026-06-27T16:48:13Z,1.08
TW16 6NL,SEPD,HV,1,TM9857,1511,2026-06-27T15:43:15Z,2026-06-27T16:48:13Z,1.08
TW16 6NN,SEPD,HV,1,TM9857,1511,2026-06-27T15:43:15Z,2026-06-27T16:48:13Z,1.08
TW16 6NQ,SEPD,HV,1,TM9857,1511,2026-06-27T15:43:15Z,2026-06-27T16:48:13Z,1.08
TW16 6NR,SEPD,HV,1,TM9857,1511,2026-06-27T15:43:15Z,2026-06-27T16:48:13Z,1.08
TW16 6NW,SEPD,HV,1,TM9857,1511,2026-06-27T15:43:15Z,2026-06-27T16:48:13Z,1.08
TW16 6RE,SEPD,HV,1,TM9857,1511,2026-06-27T15:43:15Z,2026-06-27T16:48:13Z,1.08
TW16 6RG,SEPD,HV,1,TM9857,1511,2026-06-27T15:43:15Z,2026-06-27T16:48:13Z,1.08
TW16 6RL,SEPD,HV,1,TM9857,1511,2026-06-27T15:43:15Z,2026-06-27T16:48:13Z,1.08
TW16 6RN,SEPD,HV,1,TM9857,1511,2026-06-27T15:43:15Z,2026-06-27T16:48:13Z,1.08
TW16 6RQ,SEPD,HV,1,TM9857,1511,2026-06-27T15:43:15Z,2026-06-27T16:48:13Z,1.08
TW16 6RW,SEPD,HV,1,TM9857,1511,2026-06-27T15:43:15Z,2026-06-27T16:48:13Z,1.08
TW16 7DT,SEPD,HV,1,TM9857,1511,2026-06-27T15:43:15Z,2026-06-27T16:48:13Z,1.08
TW17 8HB,SEPD,HV,1,TM9857,1511,2026-06-27T15:43:15Z,2026-06-27T16:48:13Z,1.08
TW17 8HD,SEPD,HV,1,TM9857,1511,2026-06-27T15:43:15Z,2026-06-27T16:48:13Z,1.08
TW17 8QD,SEPD,HV,1,TM9857,1511,2026-06-27T15:43:15Z,2026-06-27T16:48:13Z,1.08
TW17 8QE,SEPD,HV,1,TM9857,1511,2026-06-27T15:43:15Z,2026-06-27T16:48:13Z,1.08
TW17 8QF,SEPD,HV,1,TM9857,1511,2026-06-27T15:43:15Z,2026-06-27T16:48:13Z,1.08
TW17 8QG,SEPD,HV,1,TM9857,1511,2026-06-27T15:43:15Z,2026-06-27T16:48:13Z,1.08
TW17 8QH,SEPD,HV,1,TM9857,1511,2026-06-27T15:43:15Z,2026-06-27T16:48:13Z,1.08
TW17 8QN,SEPD,HV,1,TM9857,1511,2026-06-27T15:43:15Z,2026-06-27T16:48:13Z,1.08
TW17 8QP,SEPD,HV,1,TM9857,1511,2026-06-27T15:43:15Z,2026-06-27T16:48:13Z,1.08
TW17 8QQ,SEPD,HV,1,TM9857,1511,2026-06-27T15:43:15Z,2026-06-27T16:48:13Z,1.08
TW17 8QR,SEPD,HV,1,TM9857,1511,2026-06-27T15:43:15Z,2026-06-27T16:48:13Z,1.08
TW17 8QS,SEPD,HV,1,TM9857,1511,2026-06-27T15:43:15Z,2026-06-27T16:48:13Z,1.08
TW17 8QT,SEPD,HV,1,TM9857,1511,2026-06-27T15:43:15Z,2026-06-27T16:48:13Z,1.08
TW17 8QU,SEPD,HV,1,TM9857,1511,2026-06-27T15:43:15Z,2026-06-27T16:48:13Z,1.08
TW17 8QW,SEPD,HV,1,TM9857,1511,2026-06-27T15:43:15Z,2026-06-27T16:48:13Z,1.08
TW17 8QX,SEPD,HV,1,TM9857,1511,2026-06-27T15:43:15Z,2026-06-27T16:48:13Z,1.08
TW17 8QZ,SEPD,HV,1,TM9857,1511,2026-06-27T15:43:15Z,2026-06-27T16:48:13Z,1.08
TW17 8RH,SEPD,HV,1,TM9857,1511,2026-06-27T15:43:15Z,2026-06-27T16:48:13Z,1.08
TW17 8RJ,SEPD,HV,1,TM9857,1511,2026-06-27T15:43:15Z,2026-06-27T16:48:13Z,1.08
TW17 8RL,SEPD,HV,1,TM9857,1511,2026-06-27T15:43:15Z,2026-06-27T16:48:13Z,1.08
TW17 8RP,SEPD,HV,1,TM9857,1511,2026-06-27T15:43:15Z,2026-06-27T16:48:13Z,1.08
TW17 8RR,SEPD,HV,1,TM9857,1511,2026-06-27T15:43:15Z,2026-06-27T16:48:13Z,1.08
TW17 8RS,SEPD,HV,1,TM9857,1511,2026-06-27T15:43:15Z,2026-06-27T16:48:13Z,1.08
TW17 8RT,SEPD,HV,1,TM9857,1511,2026-06-27T15:43:15Z,2026-06-27T16:48:13Z,1.08
TW17 8RU,SEPD,HV,1,TM9857,1511,2026-06-27T15:43:15Z,2026-06-27T16:48:13Z,1.08
TW17 8RW,SEPD,HV,1,TM9857,1511,2026-06-27T15:43:15Z,2026-06-27T16:48:13Z,1.08
TW17 8RX,SEPD,HV,1,TM9857,1511,2026-06-27T15:43:15Z,2026-06-27T16:48:13Z,1.08
TW17 8RY,SEPD,HV,1,TM9857,1511,2026-06-27T15:43:15Z,2026-06-27T16:48:13Z,1.08
TW17 8RZ,SEPD,HV,1,TM9857,1511,2026-06-27T15:43:15Z,2026-06-27T16:48:13Z,1.08
TW17 8SA,SEPD,HV,1,TM9857,1511,2026-06-27T15:43:15Z,2026-06-27T16:48:13Z,1.08
TW17 8SB,SEPD,HV,1,TM9857,1511,2026-06-27T15:43:15Z,2026-06-27T16:48:13Z,1.08
TW17 8SD,SEPD,HV,1,TM9857,1511,2026-06-27T15:43:15Z,2026-06-27T16:48:13Z,1.08
TW17 8SE,SEPD,HV,1,TM9857,1511,2026-06-27T15:43:15Z,2026-06-27T16:48:13Z,1.08
TW17 8SF,SEPD,HV,1,TM9857,1511,2026-06-27T15:43:15Z,2026-06-27T16:48:13Z,1.08
TW17 8SG,SEPD,HV,1,TM9857,1511,2026-06-27T15:43:15Z,2026-06-27T16:48:13Z,1.08
TW17 8SH,SEPD,HV,1,TM9857,1511,2026-06-27T15:43:15Z,2026-06-27T16:48:13Z,1.08
TW17 8SJ,SEPD,HV,1,TM9857,1511,2026-06-27T15:43:15Z,2026-06-27T16:48:13Z,1.08
TW17 8SL,SEPD,HV,1,TM9857,1511,2026-06-27T15:43:15Z,2026-06-27T16:48:13Z,1.08
TW17 8SN,SEPD,HV,1,TM9857,1511,2026-06-27T15:43:15Z,2026-06-27T16:48:13Z,1.08
TW17 8SP,SEPD,HV,1,TM9857,1511,2026-06-27T15:43:15Z,2026-06-27T16:48:13Z,1.08
TW17 8SQ,SEPD,HV,1,TM9857,1511,2026-06-27T15:43:15Z,2026-06-27T16:48:13Z,1.08
TW17 8SR,SEPD,HV,1,TM9857,1511,2026-06-27T15:43:15Z,2026-06-27T16:48:13Z,1.08
TW17 8SS,SEPD,HV,1,TM9857,1511,2026-06-27T15:43:15Z,2026-06-27T16:48:13Z,1.08
TW17 8ST,SEPD,HV,1,TM9857,1511,2026-06-27T15:43:15Z,2026-06-27T16:48:13Z,1.08
TW17 8SU,SEPD,HV,1,TM9857,1511,2026-06-27T15:43:15Z,2026-06-27T16:48:13Z,1.08
TW17 8SW,SEPD,HV,1,TM9857,1511,2026-06-27T15:43:15Z,2026-06-27T16:48:13Z,1.08
TW17 8SX,SEPD,HV,1,TM9857,1511,2026-06-27T15:43:15Z,2026-06-27T16:48:13Z,1.08
TW17 8SY,SEPD,HV,1,TM9857,1511,2026-06-27T15:43:15Z,2026-06-27T16:48:13Z,1.08
GL7 4EQ,SEPD,LV,2,"TM0374,TM9888",24,2026-06-23T22:37:40Z,2026-06-27T16:48:13Z,1.05
GL7 4FD,SEPD,LV,2,"TM0374,TM9888",24,2026-06-23T22:37:40Z,2026-06-27T16:48:13Z,1.05
GL7 4HB,SEPD,LV,2,"TM0374,TM9888",24,2026-06-23T22:37:40Z,2026-06-27T16:48:13Z,1.05
GL7 4NS,SEPD,LV,2,"TM0374,TM9888",24,2026-06-23T22:37:40Z,2026-06-27T16:48:13Z,1.05
OX12 8PP,SEPD,LV,1,TN0276,22,2026-06-27T22:43:12Z,2026-06-27T23:44:01Z,1.01
OX12 9HB,SEPD,LV,1,TN0276,22,2026-06-27T22:43:12Z,2026-06-27T23:44:01Z,1.01
OX12 9HN,SEPD,LV,1,TN0276,22,2026-06-27T22:43:12Z,2026-06-27T23:44:01Z,1.01
OX12 9HT,SEPD,LV,1,TN0276,22,2026-06-27T22:43:12Z,2026-06-27T23:44:01Z,1.01
OX12 9HW,SEPD,LV,1,TN0276,22,2026-06-27T22:43:12Z,2026-06-27T23:44:01Z,1.01
BH20 7NH,SEPD,HV,3,"TM2061,TM3037,TM4466",46,2026-06-25T00:19:00Z,2026-06-25T15:45:55Z,0.0
RG9 2AH,SEPD,LV,3,"TM1885,TM4705,TM9906",84,2026-06-24T16:12:37Z,2026-06-27T16:48:13Z,0.0
RG9 2AN,SEPD,LV,3,"TM1885,TM4705,TM9906",84,2026-06-24T16:12:37Z,2026-06-27T16:48:13Z,0.0
RG9 2BA,SEPD,LV,3,"TM1885,TM4705,TM9906",84,2026-06-24T16:12:37Z,2026-06-27T16:48:13Z,0.0
RG9 2BD,SEPD,LV,3,"TM1885,TM4705,TM9906",84,2026-06-24T16:12:37Z,2026-06-27T16:48:13Z,0.0
RG9 2BF,SEPD,LV,3,"TM1885,TM4705,TM9906",84,2026-06-24T16:12:37Z,2026-06-27T16:48:13Z,0.0
RG9 2BG,SEPD,LV,3,"TM1885,TM4705,TM9906",84,2026-06-24T16:12:37Z,2026-06-27T16:48:13Z,0.0
RG9 2BL,SEPD,LV,3,"TM1885,TM4705,TM9906",84,2026-06-24T16:12:37Z,2026-06-27T16:48:13Z,0.0
RG9 2BW,SEPD,LV,3,"TM1885,TM4705,TM9906",84,2026-06-24T16:12:37Z,2026-06-27T16:48:13Z,0.0
RG9 2FH,SEPD,LV,3,"TM1885,TM4705,TM9906",84,2026-06-24T16:12:37Z,2026-06-27T16:48:13Z,0.0
AB54 8AL,SHEPD,LV,2,"TM0499,TM3571",76,2026-06-24T01:31:51Z,2026-06-25T10:51:36Z,0.0
AB54 8AN,SHEPD,LV,2,"TM0499,TM3571",76,2026-06-24T01:31:51Z,2026-06-25T10:51:36Z,0.0
AB54 8AP,SHEPD,LV,2,"TM0499,TM3571",76,2026-06-24T01:31:51Z,2026-06-25T10:51:36Z,0.0
AB54 8EQ,SHEPD,LV,2,"TM0499,TM3571",76,2026-06-24T01:31:51Z,2026-06-25T10:51:36Z,0.0
AB54 8ES,SHEPD,LV,2,"TM0499,TM3571",76,2026-06-24T01:31:51Z,2026-06-25T10:51:36Z,0.0
AB54 8FJ,SHEPD,LV,2,"TM0499,TM3571",76,2026-06-24T01:31:51Z,2026-06-25T10:51:36Z,0.0
AB54 8HA,SHEPD,LV,2,"TM0499,TM3571",76,2026-06-24T01:31:51Z,2026-06-25T10:51:36Z,0.0
AB54 8HB,SHEPD,LV,2,"TM0499,TM3571",76,2026-06-24T01:31:51Z,2026-06-25T10:51:36Z,0.0
AB54 8JU,SHEPD,LV,2,"TM0499,TM3571",76,2026-06-24T01:31:51Z,2026-06-25T10:51:36Z,0.0
AB54 8JW,SHEPD,LV,2,"TM0499,TM3571",76,2026-06-24T01:31:51Z,2026-06-25T10:51:36Z,0.0
AB56 5HD,SHEPD,PSI,2,"251724,251726",39,2026-06-24T11:34:27Z,2026-06-24T11:34:27Z,0.0
BA14 8QE,SEPD,LV,2,"TK8566,TK8700",16,2026-06-22T23:14:55Z,2026-06-23T05:47:19Z,0.0
BA14 8QJ,SEPD,LV,2,"TK8566,TK8700",16,2026-06-22T23:14:55Z,2026-06-23T05:47:19Z,0.0
BA8 0QG,SEPD,HV,2,"TK8523,TK9852",256,2026-06-22T21:52:49Z,2026-06-23T16:44:49Z,0.0
BA8 0TN,SEPD,HV,2,"TK8523,TK9852",256,2026-06-22T21:52:49Z,2026-06-23T16:44:49Z,0.0
BH15 4DS,SEPD,LV,2,"TM9816,TN0888",32,2026-06-27T15:43:15Z,2026-06-28T09:47:12Z,0.0
BH15 4LP,SEPD,LV,2,"TM9816,TN0888",32,2026-06-27T15:43:15Z,2026-06-28T09:47:12Z,0.0
BH15 4LS,SEPD,LV,2,"TM9816,TN0888",32,2026-06-27T15:43:15Z,2026-06-28T09:47:12Z,0.0
BH15 4LT,SEPD,LV,2,"TM9816,TN0888",32,2026-06-27T15:43:15Z,2026-06-28T09:47:12Z,0.0
BH15 4NA,SEPD,LV,2,"TM9816,TN0888",32,2026-06-27T15:43:15Z,2026-06-28T09:47:12Z,0.0
BN18 0AS,SEPD,HV,2,"TK9535,TK9700",275,2026-06-23T11:50:26Z,2026-06-23T14:14:17Z,0.0
BN18 0GD,SEPD,HV,2,"TK9535,TK9700",275,2026-06-23T11:50:26Z,2026-06-23T14:14:17Z,0.0
BN18 0NL,SEPD,PSI,2,"252230,252241",40,2026-06-27T07:36:57Z,2026-06-28T09:47:12Z,0.0
DD2 4UT,SHEPD,"PSI,LV",2,"252329,TN1178",8,2026-06-28T09:47:12Z,2026-06-28T14:53:17Z,0.0
DT11 8LL,SEPD,HV,2,"TM2431,TM3884",266,2026-06-24T20:11:22Z,2026-06-25T10:51:36Z,0.0
DT2 7AA,SEPD,HV,2,"TM5926,TM6346",247,2026-06-25T23:24:57Z,2026-06-26T01:38:09Z,0.0
DT2 7AB,SEPD,HV,2,"TM5926,TM6346",247,2026-06-25T23:24:57Z,2026-06-26T01:38:09Z,0.0
DT2 7AD,SEPD,HV,2,"TM5926,TM6346",247,2026-06-25T23:24:57Z,2026-06-26T01:38:09Z,0.0
DT2 7AE,SEPD,HV,2,"TM5926,TM6346",247,2026-06-25T23:24:57Z,2026-06-26T01:38:09Z,0.0
DT2 7AF,SEPD,HV,2,"TM5926,TM6346",247,2026-06-25T23:24:57Z,2026-06-26T01:38:09Z,0.0
DT2 7AG,SEPD,HV,2,"TM5926,TM6346",247,2026-06-25T23:24:57Z,2026-06-26T01:38:09Z,0.0
DT2 7AH,SEPD,HV,2,"TM5926,TM6346",247,2026-06-25T23:24:57Z,2026-06-26T01:38:09Z,0.0
DT2 7AQ,SEPD,HV,2,"TM5926,TM6346",247,2026-06-25T23:24:57Z,2026-06-26T01:38:09Z,0.0
DT2 9FR,SEPD,HV,2,"TM4504,TM4846",628,2026-06-25T15:45:55Z,2026-06-25T17:57:46Z,0.0
DT2 9FS,SEPD,HV,2,"TM4504,TM4846",628,2026-06-25T15:45:55Z,2026-06-25T17:57:46Z,0.0
DT2 9FU,SEPD,HV,2,"TM4504,TM4846",628,2026-06-25T15:45:55Z,2026-06-25T17:57:46Z,0.0
DT2 9FW,SEPD,HV,2,"TM4504,TM4846",628,2026-06-25T15:45:55Z,2026-06-25T17:57:46Z,0.0
DT2 9FX,SEPD,HV,2,"TM4504,TM4846",628,2026-06-25T15:45:55Z,2026-06-25T17:57:46Z,0.0
DT2 9NP,SEPD,HV,2,"TM5926,TM6346",247,2026-06-25T23:24:57Z,2026-06-26T01:38:09Z,0.0
DT2 9NR,SEPD,HV,2,"TM5926,TM6346",247,2026-06-25T23:24:57Z,2026-06-26T01:38:09Z,0.0
DT2 9NS,SEPD,HV,2,"TM5926,TM6346",247,2026-06-25T23:24:57Z,2026-06-26T01:38:09Z,0.0
DT2 9QP,SEPD,HV,2,"TM4504,TM4846",628,2026-06-25T15:45:55Z,2026-06-25T17:57:46Z,0.0
DT2 9QR,SEPD,HV,2,"TM4504,TM4846",628,2026-06-25T15:45:55Z,2026-06-25T17:57:46Z,0.0
DT2 9QS,SEPD,HV,2,"TM4504,TM4846",628,2026-06-25T15:45:55Z,2026-06-25T17:57:46Z,0.0
DT2 9QT,SEPD,HV,2,"TM4504,TM4846",628,2026-06-25T15:45:55Z,2026-06-25T17:57:46Z,0.0
DT2 9QU,SEPD,HV,2,"TM4504,TM4846",628,2026-06-25T15:45:55Z,2026-06-25T17:57:46Z,0.0
DT2 9QX,SEPD,HV,2,"TM4504,TM4846",628,2026-06-25T15:45:55Z,2026-06-25T17:57:46Z,0.0
DT2 9QY,SEPD,HV,2,"TM4504,TM4846",628,2026-06-25T15:45:55Z,2026-06-25T17:57:46Z,0.0
DT2 9QZ,SEPD,HV,2,"TM4504,TM4846",628,2026-06-25T15:45:55Z,2026-06-25T17:57:46Z,0.0
DT2 9RD,SEPD,HV,2,"TM4504,TM4846",628,2026-06-25T15:45:55Z,2026-06-25T17:57:46Z,0.0
DT2 9RE,SEPD,HV,2,"TM4504,TM4846",628,2026-06-25T15:45:55Z,2026-06-25T17:57:46Z,0.0
DT2 9RP,SEPD,HV,2,"TM4504,TM4846",628,2026-06-25T15:45:55Z,2026-06-25T17:57:46Z,0.0
DT2 9RR,SEPD,HV,2,"TM4504,TM4846",628,2026-06-25T15:45:55Z,2026-06-25T17:57:46Z,0.0
DT2 9SN,SEPD,HV,2,"TM4504,TM4846",628,2026-06-25T15:45:55Z,2026-06-25T17:57:46Z,0.0
DT2 9SZ,SEPD,HV,2,"TM4504,TM4846",628,2026-06-25T15:45:55Z,2026-06-25T17:57:46Z,0.0
DT2 9UQ,SEPD,HV,2,"TM4504,TM4846",628,2026-06-25T15:45:55Z,2026-06-25T17:57:46Z,0.0
DT2 9UW,SEPD,HV,2,"TM4504,TM4846",628,2026-06-25T15:45:55Z,2026-06-25T17:57:46Z,0.0
DT2 9UX,SEPD,HV,2,"TM4504,TM4846",628,2026-06-25T15:45:55Z,2026-06-25T17:57:46Z,0.0
DT2 9WG,SEPD,HV,2,"TM4504,TM4846",628,2026-06-25T15:45:55Z,2026-06-25T17:57:46Z,0.0
GL54 3RE,SEPD,HV,2,"TK8241,TK8250",3869,2026-06-22T19:46:47Z,2026-06-22T19:46:47Z,0.0
GL7 4BS,SEPD,HV,2,"TK8250,TK8261",2523,2026-06-22T19:46:47Z,2026-06-22T19:46:47Z,0.0
GL7 4LL,SEPD,HV,2,"TK8250,TK8261",2523,2026-06-22T19:46:47Z,2026-06-22T19:46:47Z,0.0
GL7 5AX,SEPD,HV,2,"TK8241,TK8250",3869,2026-06-22T19:46:47Z,2026-06-22T19:46:47Z,0.0
GL7 5NU,SEPD,HV,2,"TK8241,TK8250",3869,2026-06-22T19:46:47Z,2026-06-22T19:46:47Z,0.0
GL7 5PB,SEPD,HV,2,"TK8241,TK8250",3869,2026-06-22T19:46:47Z,2026-06-22T19:46:47Z,0.0
GU14 9DA,SEPD,HV,2,"TM2771,TM6289",903,2026-06-25T00:19:00Z,2026-06-26T09:45:43Z,0.0
GU14 9DB,SEPD,HV,2,"TM2771,TM6289",903,2026-06-25T00:19:00Z,2026-06-26T09:45:43Z,0.0
GU14 9DD,SEPD,HV,2,"TM2771,TM6289",903,2026-06-25T00:19:00Z,2026-06-26T09:45:43Z,0.0
GU14 9DE,SEPD,HV,2,"TM2771,TM6289",903,2026-06-25T00:19:00Z,2026-06-26T09:45:43Z,0.0
GU14 9DF,SEPD,HV,2,"TM2771,TM6289",903,2026-06-25T00:19:00Z,2026-06-26T09:45:43Z,0.0
GU14 9DG,SEPD,HV,2,"TM2771,TM6289",903,2026-06-25T00:19:00Z,2026-06-26T09:45:43Z,0.0
GU14 9EH,SEPD,HV,2,"TM2771,TM6289",903,2026-06-25T00:19:00Z,2026-06-26T09:45:43Z,0.0
GU14 9EN,SEPD,HV,2,"TM2771,TM6289",903,2026-06-25T00:19:00Z,2026-06-26T09:45:43Z,0.0
GU14 9EW,SEPD,HV,2,"TM2771,TM6289",903,2026-06-25T00:19:00Z,2026-06-26T09:45:43Z,0.0
GU14 9FH,SEPD,HV,2,"TM2771,TM6289",903,2026-06-25T00:19:00Z,2026-06-26T09:45:43Z,0.0
HP8 4LW,SEPD,HV,2,"TM3353,TM7887",107,2026-06-25T08:03:23Z,2026-06-26T14:46:38Z,0.0
IV20 1YN,SHEPD,"LV,HV",2,"TM5922,TM7647",21,2026-06-26T09:45:43Z,2026-06-26T12:04:15Z,0.0
IV27 4TH,SHEPD,"PSI,LV",2,"251799,TK8188",31,2026-06-22T11:21:18Z,2026-06-22T19:46:47Z,0.0
IV4 7AS,SHEPD,LV,2,"TM8614,TM8615",11,2026-06-26T18:27:01Z,2026-06-26T18:27:01Z,0.0
OX4 3NX,SEPD,LV,2,"TM9060,TM9072",26,2026-06-27T00:17:17Z,2026-06-27T00:17:17Z,0.0
OX4 3RZ,SEPD,"HV,LV",2,"TM9055,TM9069",691,2026-06-27T00:17:17Z,2026-06-27T00:17:17Z,0.0
OX4 3SA,SEPD,"HV,LV",2,"TM9055,TM9069",691,2026-06-27T00:17:17Z,2026-06-27T00:17:17Z,0.0
OX4 4HS,SEPD,"HV,LV",2,"TM9055,TM9072",694,2026-06-27T00:17:17Z,2026-06-27T00:17:17Z,0.0
OX4 4JP,SEPD,"HV,LV",2,"TM9055,TM9072",694,2026-06-27T00:17:17Z,2026-06-27T00:17:17Z,0.0
PA66 6BW,SHEPD,"HV,LV",2,"TM7678,TM7715",346,2026-06-26T12:04:15Z,2026-06-26T12:04:15Z,0.0
PO20 8LR,SEPD,LV,2,"TK7848,TK7852",14,2026-06-22T16:07:52Z,2026-06-23T05:47:19Z,0.0
PO21 2PZ,SEPD,HV,2,"TK9535,TK9700",275,2026-06-23T11:50:26Z,2026-06-23T14:14:17Z,0.0
PO22 0AD,SEPD,HV,2,"TK9535,TK9700",275,2026-06-23T11:50:26Z,2026-06-23T14:14:17Z,0.0
PO22 0AE,SEPD,HV,2,"TK9535,TK9700",275,2026-06-23T11:50:26Z,2026-06-23T14:14:17Z,0.0
PO22 0AF,SEPD,HV,2,"TK9535,TK9700",275,2026-06-23T11:50:26Z,2026-06-23T14:14:17Z,0.0
PO22 0AG,SEPD,HV,2,"TK9535,TK9700",275,2026-06-23T11:50:26Z,2026-06-23T14:14:17Z,0.0
PO22 0AJ,SEPD,HV,2,"TK9535,TK9700",275,2026-06-23T11:50:26Z,2026-06-23T14:14:17Z,0.0
PO22 0AL,SEPD,HV,2,"TK9535,TK9700",275,2026-06-23T11:50:26Z,2026-06-23T14:14:17Z,0.0
PO22 0AQ,SEPD,HV,2,"TK9535,TK9700",275,2026-06-23T11:50:26Z,2026-06-23T14:14:17Z,0.0
RG1 4SJ,SEPD,"HV,LV",2,"TM3035,TM3044",24,2026-06-25T00:19:00Z,2026-06-25T00:19:00Z,0.0
RG1 4SQ,SEPD,"HV,LV",2,"TM3035,TM3044",24,2026-06-25T00:19:00Z,2026-06-25T00:19:00Z,0.0
RG1 5BF,SEPD,HV,2,"TM4731,TM4736",1109,2026-06-25T15:45:55Z,2026-06-25T15:45:55Z,0.0
RG1 5BJ,SEPD,"HV,LV",2,"TM3035,TM3041",35,2026-06-25T00:19:00Z,2026-06-25T00:19:00Z,0.0
RG1 5BX,SEPD,HV,2,"TM4731,TM4736",1109,2026-06-25T15:45:55Z,2026-06-25T15:45:55Z,0.0
RG1 5ES,SEPD,HV,2,"TM4731,TM4736",1109,2026-06-25T15:45:55Z,2026-06-25T15:45:55Z,0.0
RG1 5HF,SEPD,HV,2,"TM4731,TM4736",1109,2026-06-25T15:45:55Z,2026-06-25T15:45:55Z,0.0
RG1 5HL,SEPD,HV,2,"TM4731,TM4736",1109,2026-06-25T15:45:55Z,2026-06-25T15:45:55Z,0.0
RG1 5HN,SEPD,HV,2,"TM4731,TM4736",1109,2026-06-25T15:45:55Z,2026-06-25T15:45:55Z,0.0
RG1 5HP,SEPD,HV,2,"TM4731,TM4736",1109,2026-06-25T15:45:55Z,2026-06-25T15:45:55Z,0.0
RG1 5HR,SEPD,HV,2,"TM4731,TM4736",1109,2026-06-25T15:45:55Z,2026-06-25T15:45:55Z,0.0
RG1 5HT,SEPD,HV,2,"TM4731,TM4736",1109,2026-06-25T15:45:55Z,2026-06-25T15:45:55Z,0.0
RG1 5HU,SEPD,HV,2,"TM4731,TM4736",1109,2026-06-25T15:45:55Z,2026-06-25T15:45:55Z,0.0
RG1 5HX,SEPD,HV,2,"TM4731,TM4736",1109,2026-06-25T15:45:55Z,2026-06-25T15:45:55Z,0.0
RG1 5HY,SEPD,HV,2,"TM4731,TM4736",1109,2026-06-25T15:45:55Z,2026-06-25T15:45:55Z,0.0
RG1 5HZ,SEPD,HV,2,"TM4731,TM4736",1109,2026-06-25T15:45:55Z,2026-06-25T15:45:55Z,0.0
RG1 5JA,SEPD,HV,2,"TM4731,TM4736",1109,2026-06-25T15:45:55Z,2026-06-25T15:45:55Z,0.0
RG1 5JB,SEPD,HV,2,"TM4731,TM4736",1109,2026-06-25T15:45:55Z,2026-06-25T15:45:55Z,0.0
RG1 5JD,SEPD,HV,2,"TM4731,TM4736",1109,2026-06-25T15:45:55Z,2026-06-25T15:45:55Z,0.0
RG1 5JE,SEPD,HV,2,"TM4731,TM4736",1109,2026-06-25T15:45:55Z,2026-06-25T15:45:55Z,0.0
RG1 5JH,SEPD,HV,2,"TM4731,TM4736",1109,2026-06-25T15:45:55Z,2026-06-25T15:45:55Z,0.0
RG2 7AL,SEPD,HV,2,"TM4731,TM4736",1109,2026-06-25T15:45:55Z,2026-06-25T15:45:55Z,0.0
RG2 7AN,SEPD,HV,2,"TM4731,TM4736",1109,2026-06-25T15:45:55Z,2026-06-25T15:45:55Z,0.0
RG2 7AP,SEPD,HV,2,"TM4731,TM4736",1109,2026-06-25T15:45:55Z,2026-06-25T15:45:55Z,0.0
RG2 7AS,SEPD,HV,2,"TM4731,TM4736",1109,2026-06-25T15:45:55Z,2026-06-25T15:45:55Z,0.0
RG2 7AT,SEPD,HV,2,"TM4731,TM4736",1109,2026-06-25T15:45:55Z,2026-06-25T15:45:55Z,0.0
RG2 7AY,SEPD,HV,2,"TM4731,TM4736",1109,2026-06-25T15:45:55Z,2026-06-25T15:45:55Z,0.0
RG2 7AZ,SEPD,HV,2,"TM4731,TM4736",1109,2026-06-25T15:45:55Z,2026-06-25T15:45:55Z,0.0
RG2 7BD,SEPD,HV,2,"TM4731,TM4736",1109,2026-06-25T15:45:55Z,2026-06-25T15:45:55Z,0.0
RG2 7BE,SEPD,HV,2,"TM4731,TM4736",1109,2026-06-25T15:45:55Z,2026-06-25T15:45:55Z,0.0
RG2 7BH,SEPD,HV,2,"TM4731,TM4736",1109,2026-06-25T15:45:55Z,2026-06-25T15:45:55Z,0.0
RG2 7BN,SEPD,HV,2,"TM4731,TM4736",1109,2026-06-25T15:45:55Z,2026-06-25T15:45:55Z,0.0
RG2 7BW,SEPD,HV,2,"TM4731,TM4736",1109,2026-06-25T15:45:55Z,2026-06-25T15:45:55Z,0.0
RG2 7HA,SEPD,HV,2,"TM4731,TM4736",1109,2026-06-25T15:45:55Z,2026-06-25T15:45:55Z,0.0
RG2 7HE,SEPD,HV,2,"TM4731,TM4736",1109,2026-06-25T15:45:55Z,2026-06-25T15:45:55Z,0.0
RG2 9BP,SEPD,HV,2,"TM4731,TM4736",1109,2026-06-25T15:45:55Z,2026-06-25T15:45:55Z,0.0
RG41 3PQ,SEPD,LV,2,"TK6577,TM9303",28,2026-06-21T18:50:32Z,2026-06-27T07:36:57Z,0.0
RG41 3UF,SEPD,LV,2,"TK6577,TM9303",28,2026-06-21T18:50:32Z,2026-06-27T07:36:57Z,0.0
RG41 3UH,SEPD,LV,2,"TK6577,TM9303",28,2026-06-21T18:50:32Z,2026-06-27T07:36:57Z,0.0
RG41 3UJ,SEPD,LV,2,"TK6577,TM9303",28,2026-06-21T18:50:32Z,2026-06-27T07:36:57Z,0.0
RG41 3UW,SEPD,LV,2,"TK6577,TM9303",28,2026-06-21T18:50:32Z,2026-06-27T07:36:57Z,0.0
SL2 1SL,SEPD,"HV,LV",2,"TM3806,TM3948",281,2026-06-25T10:51:36Z,2026-06-25T13:10:43Z,0.0
SL2 1SR,SEPD,"HV,LV",2,"TM3806,TM3948",281,2026-06-25T10:51:36Z,2026-06-25T13:10:43Z,0.0
SL2 1SS,SEPD,"HV,LV",2,"TM3806,TM3948",281,2026-06-25T10:51:36Z,2026-06-25T13:10:43Z,0.0
SL2 1ST,SEPD,"HV,LV",2,"TM3806,TM3948",281,2026-06-25T10:51:36Z,2026-06-25T13:10:43Z,0.0
SL2 1SU,SEPD,"HV,LV",2,"TM3806,TM3948",281,2026-06-25T10:51:36Z,2026-06-25T13:10:43Z,0.0
SL9 8TT,SEPD,HV,2,"TM3353,TM7887",107,2026-06-25T08:03:23Z,2026-06-26T14:46:38Z,0.0
SL9 9LF,SEPD,HV,2,"TM3353,TM7887",107,2026-06-25T08:03:23Z,2026-06-26T14:46:38Z,0.0
SL9 9LG,SEPD,HV,2,"TM3353,TM7887",107,2026-06-25T08:03:23Z,2026-06-26T14:46:38Z,0.0
SL9 9LH,SEPD,HV,2,"TM3353,TM7887",107,2026-06-25T08:03:23Z,2026-06-26T14:46:38Z,0.0
SN5 6HZ,SEPD,LV,2,"TK7713,TK8547",61,2026-06-22T21:52:49Z,2026-06-22T23:14:55Z,0.0
SO21,SEPD,HV,2,"TM3045,TM3238",352,2026-06-25T00:19:00Z,2026-06-25T04:38:26Z,0.0
SO21 1EE,SEPD,"LV,HV",2,"TM1950,TM3045",166,2026-06-24T16:12:37Z,2026-06-25T00:19:00Z,0.0
SO21 1EF,SEPD,"LV,HV",2,"TM1950,TM3045",166,2026-06-24T16:12:37Z,2026-06-25T00:19:00Z,0.0
SO22 6NP,SEPD,LV,2,"TM2702,TM3420",40,2026-06-24T20:11:22Z,2026-06-25T08:03:23Z,0.0
SO22 6NR,SEPD,LV,2,"TM2702,TM3420",40,2026-06-24T20:11:22Z,2026-06-25T08:03:23Z,0.0
SO22 6NS,SEPD,LV,2,"TM2702,TM3420",40,2026-06-24T20:11:22Z,2026-06-25T08:03:23Z,0.0
SO22 6NW,SEPD,LV,2,"TM2702,TM3420",40,2026-06-24T20:11:22Z,2026-06-25T08:03:23Z,0.0
SO22 6SL,SEPD,LV,2,"TM2702,TM3420",40,2026-06-24T20:11:22Z,2026-06-25T08:03:23Z,0.0
SO22 6SN,SEPD,LV,2,"TM2702,TM3420",40,2026-06-24T20:11:22Z,2026-06-25T08:03:23Z,0.0
SO41 0TP,SEPD,LV,2,"TM2567,TM2615",34,2026-06-24T20:11:22Z,2026-06-24T20:11:22Z,0.0
SO41 0TS,SEPD,"HV,LV",2,"TM2529,TM2567",95,2026-06-24T20:11:22Z,2026-06-24T20:11:22Z,0.0
TA11 7HG,SEPD,HV,2,"TM9969,TN0001",28,2026-06-27T17:51:06Z,2026-06-27T19:02:34Z,0.0
UB7 0EA,SEPD,LV,2,"TK8770,TK9636",7,2026-06-23T08:50:42Z,2026-06-23T14:14:17Z,0.0
UB7 0EB,SEPD,LV,2,"TK8770,TK9636",7,2026-06-23T08:50:42Z,2026-06-23T14:14:17Z,0.0
UB7 0EN,SEPD,LV,2,"TK8770,TK9636",7,2026-06-23T08:50:42Z,2026-06-23T14:14:17Z,0.0
AB24 2RR,SHEPD,LV,1,TK9922,8,2026-06-23T16:44:49Z,2026-06-23T16:44:49Z,0.0
AB24 2RS,SHEPD,LV,1,TK9922,8,2026-06-23T16:44:49Z,2026-06-23T16:44:49Z,0.0
AB31 5RD,SHEPD,PSI,1,251508,11,2026-06-23T11:50:26Z,2026-06-23T11:50:26Z,0.0
AB33 8PL,SHEPD,HV,1,TK9536,25,2026-06-23T11:50:26Z,2026-06-23T11:50:26Z,0.0
AB33 8RD,SHEPD,HV,1,TK9536,25,2026-06-23T11:50:26Z,2026-06-23T11:50:26Z,0.0
AB38 7AA,SHEPD,HV,1,TN0957,12,2026-06-28T09:47:12Z,2026-06-28T09:47:12Z,0.0
AB38 7AE,SHEPD,HV,1,TN0957,12,2026-06-28T09:47:12Z,2026-06-28T09:47:12Z,0.0
AB38 7AF,SHEPD,HV,1,TN0957,12,2026-06-28T09:47:12Z,2026-06-28T09:47:12Z,0.0
AB38 7AL,SHEPD,HV,1,TN0957,12,2026-06-28T09:47:12Z,2026-06-28T09:47:12Z,0.0
AB38 7AN,SHEPD,HV,1,TN0957,12,2026-06-28T09:47:12Z,2026-06-28T09:47:12Z,0.0
AB38 7AW,SHEPD,HV,1,TN0957,12,2026-06-28T09:47:12Z,2026-06-28T09:47:12Z,0.0
AB38 7QL,SHEPD,HV,1,TN0957,12,2026-06-28T09:47:12Z,2026-06-28T09:47:12Z,0.0
AB38 7QN,SHEPD,HV,1,TN0957,12,2026-06-28T09:47:12Z,2026-06-28T09:47:12Z,0.0
AB38 7QQ,SHEPD,HV,1,TN0957,12,2026-06-28T09:47:12Z,2026-06-28T09:47:12Z,0.0
AB38 7QR,SHEPD,HV,1,TN0957,12,2026-06-28T09:47:12Z,2026-06-28T09:47:12Z,0.0
AB38 7QU,SHEPD,HV,1,TN0957,12,2026-06-28T09:47:12Z,2026-06-28T09:47:12Z,0.0
AB38 7QX,SHEPD,HV,1,TN0957,12,2026-06-28T09:47:12Z,2026-06-28T09:47:12Z,0.0
AB38 7QY,SHEPD,HV,1,TN0957,12,2026-06-28T09:47:12Z,2026-06-28T09:47:12Z,0.0
AB38 7QZ,SHEPD,HV,1,TN0957,12,2026-06-28T09:47:12Z,2026-06-28T09:47:12Z,0.0
AB38 7RA,SHEPD,HV,1,TN0957,12,2026-06-28T09:47:12Z,2026-06-28T09:47:12Z,0.0
AB38 7RB,SHEPD,HV,1,TN0957,12,2026-06-28T09:47:12Z,2026-06-28T09:47:12Z,0.0
AB38 7RD,SHEPD,HV,1,TN0957,12,2026-06-28T09:47:12Z,2026-06-28T09:47:12Z,0.0
AB38 9LX,SHEPD,HV,1,TN0957,12,2026-06-28T09:47:12Z,2026-06-28T09:47:12Z,0.0
AB38 9PT,SHEPD,HV,1,TN0957,12,2026-06-28T09:47:12Z,2026-06-28T09:47:12Z,0.0
AB38 9QQ,SHEPD,HV,1,TN0957,12,2026-06-28T09:47:12Z,2026-06-28T09:47:12Z,0.0
AB38 9QT,SHEPD,HV,1,TN0957,12,2026-06-28T09:47:12Z,2026-06-28T09:47:12Z,0.0
AB38 9RQ,SHEPD,HV,1,TN0957,12,2026-06-28T09:47:12Z,2026-06-28T09:47:12Z,0.0
AB38 9RR,SHEPD,HV,1,TN0957,12,2026-06-28T09:47:12Z,2026-06-28T09:47:12Z,0.0
AB38 9RT,SHEPD,HV,1,TN0957,12,2026-06-28T09:47:12Z,2026-06-28T09:47:12Z,0.0
AB38 9SB,SHEPD,HV,1,TN0957,12,2026-06-28T09:47:12Z,2026-06-28T09:47:12Z,0.0
AB38 9SD,SHEPD,HV,1,TN0957,12,2026-06-28T09:47:12Z,2026-06-28T09:47:12Z,0.0
AB38 9SJ,SHEPD,HV,1,TN0957,12,2026-06-28T09:47:12Z,2026-06-28T09:47:12Z,0.0
AB38 9SL,SHEPD,HV,1,TN0957,12,2026-06-28T09:47:12Z,2026-06-28T09:47:12Z,0.0
AB38 9SP,SHEPD,HV,1,TN0957,12,2026-06-28T09:47:12Z,2026-06-28T09:47:12Z,0.0
AB38 9SQ,SHEPD,HV,1,TN0957,12,2026-06-28T09:47:12Z,2026-06-28T09:47:12Z,0.0
AB39 7QU,SHEPD,HV,1,TN0957,12,2026-06-28T09:47:12Z,2026-06-28T09:47:12Z,0.0
AB41 8DR,SHEPD,LV,1,TK9564,4,2026-06-23T11:50:26Z,2026-06-23T11:50:26Z,0.0
AB41 8DT,SHEPD,LV,1,TK9564,4,2026-06-23T11:50:26Z,2026-06-23T11:50:26Z,0.0
AB41 8DX,SHEPD,LV,1,TK9564,4,2026-06-23T11:50:26Z,2026-06-23T11:50:26Z,0.0
AB41 8EB,SHEPD,LV,1,TK9564,4,2026-06-23T11:50:26Z,2026-06-23T11:50:26Z,0.0
AB41 8RS,SHEPD,LV,1,TM7660,4,2026-06-26T12:04:15Z,2026-06-26T12:04:15Z,0.0
AB41 8RU,SHEPD,HV,1,TM0227,21,2026-06-23T18:57:17Z,2026-06-23T18:57:17Z,0.0
AB41 8XD,SHEPD,HV,1,TM0227,21,2026-06-23T18:57:17Z,2026-06-23T18:57:17Z,0.0
AB42 4NZ,SHEPD,HV,1,TM0227,21,2026-06-23T18:57:17Z,2026-06-23T18:57:17Z,0.0
AB42 5RW,SHEPD,HV,1,TM0227,21,2026-06-23T18:57:17Z,2026-06-23T18:57:17Z,0.0
AB42 5RY,SHEPD,HV,1,TM0227,21,2026-06-23T18:57:17Z,2026-06-23T18:57:17Z,0.0
AB42 5RZ,SHEPD,HV,1,TM0227,21,2026-06-23T18:57:17Z,2026-06-23T18:57:17Z,0.0
AB43,SHEPD,HV,1,TM9441,17,2026-06-27T09:50:09Z,2026-06-27T09:50:09Z,0.0
AB45 3AJ,SHEPD,HV,1,TM0155,13,2026-06-23T18:57:17Z,2026-06-23T18:57:17Z,0.0
AB45 3AL,SHEPD,HV,1,TM0155,13,2026-06-23T18:57:17Z,2026-06-23T18:57:17Z,0.0
AB45 3AN,SHEPD,HV,1,TM0155,13,2026-06-23T18:57:17Z,2026-06-23T18:57:17Z,0.0
AB45 3AQ,SHEPD,HV,1,TM0155,13,2026-06-23T18:57:17Z,2026-06-23T18:57:17Z,0.0
AB45 3AR,SHEPD,HV,1,TM0155,13,2026-06-23T18:57:17Z,2026-06-23T18:57:17Z,0.0
AB45 3AS,SHEPD,HV,1,TM0155,13,2026-06-23T18:57:17Z,2026-06-23T18:57:17Z,0.0
AB45 3AT,SHEPD,HV,1,TM0155,13,2026-06-23T18:57:17Z,2026-06-23T18:57:17Z,0.0
AB45 3PN,SHEPD,PSI,1,251924,56,2026-06-22T11:21:18Z,2026-06-22T11:21:18Z,0.0
AB45 3PR,SHEPD,PSI,1,251924,56,2026-06-22T11:21:18Z,2026-06-22T11:21:18Z,0.0
AB45 3PS,SHEPD,PSI,1,251924,56,2026-06-22T11:21:18Z,2026-06-22T11:21:18Z,0.0
AB45 3PT,SHEPD,PSI,1,251924,56,2026-06-22T11:21:18Z,2026-06-22T11:21:18Z,0.0
AB45 3PX,SHEPD,PSI,1,251924,56,2026-06-22T11:21:18Z,2026-06-22T11:21:18Z,0.0
AB51 4DE,SHEPD,LV,1,TM4675,7,2026-06-25T17:57:46Z,2026-06-25T17:57:46Z,0.0
AB51 4DF,SHEPD,LV,1,TM4675,7,2026-06-25T17:57:46Z,2026-06-25T17:57:46Z,0.0
AB51 4FS,SHEPD,LV,1,TM4675,7,2026-06-25T17:57:46Z,2026-06-25T17:57:46Z,0.0
AB53,SHEPD,HV,1,TM9441,17,2026-06-27T09:50:09Z,2026-06-27T09:50:09Z,0.0
AB53 5GU,SHEPD,HV,1,TM9441,17,2026-06-27T09:50:09Z,2026-06-27T09:50:09Z,0.0
AB53 5PT,SHEPD,PSI,1,251924,56,2026-06-22T11:21:18Z,2026-06-22T11:21:18Z,0.0
AB53 5QJ,SHEPD,HV,1,TM9441,17,2026-06-27T09:50:09Z,2026-06-27T09:50:09Z,0.0
AB53 5QL,SHEPD,HV,1,TM9441,17,2026-06-27T09:50:09Z,2026-06-27T09:50:09Z,0.0
AB53 5QN,SHEPD,HV,1,TM9441,17,2026-06-27T09:50:09Z,2026-06-27T09:50:09Z,0.0
AB53 5QP,SHEPD,HV,1,TM9441,17,2026-06-27T09:50:09Z,2026-06-27T09:50:09Z,0.0
AB53 5QQ,SHEPD,HV,1,TM9441,17,2026-06-27T09:50:09Z,2026-06-27T09:50:09Z,0.0
AB53 5QR,SHEPD,HV,1,TM9441,17,2026-06-27T09:50:09Z,2026-06-27T09:50:09Z,0.0
AB53 5RR,SHEPD,PSI,1,251924,56,2026-06-22T11:21:18Z,2026-06-22T11:21:18Z,0.0
AB53 5RS,SHEPD,PSI,1,251924,56,2026-06-22T11:21:18Z,2026-06-22T11:21:18Z,0.0
AB53 5RT,SHEPD,PSI,1,251924,56,2026-06-22T11:21:18Z,2026-06-22T11:21:18Z,0.0
AB53 5RW,SHEPD,PSI,1,251924,56,2026-06-22T11:21:18Z,2026-06-22T11:21:18Z,0.0
AB53 5RX,SHEPD,PSI,1,251924,56,2026-06-22T11:21:18Z,2026-06-22T11:21:18Z,0.0
AB53 5RY,SHEPD,PSI,1,251924,56,2026-06-22T11:21:18Z,2026-06-22T11:21:18Z,0.0
AB53 5SA,SHEPD,PSI,1,251924,56,2026-06-22T11:21:18Z,2026-06-22T11:21:18Z,0.0
AB53 5SE,SHEPD,HV,1,TM9441,17,2026-06-27T09:50:09Z,2026-06-27T09:50:09Z,0.0
AB53 5SH,SHEPD,HV,1,TM9441,17,2026-06-27T09:50:09Z,2026-06-27T09:50:09Z,0.0
AB53 5SJ,SHEPD,HV,1,TM9441,17,2026-06-27T09:50:09Z,2026-06-27T09:50:09Z,0.0
AB53 5SL,SHEPD,HV,1,TM9441,17,2026-06-27T09:50:09Z,2026-06-27T09:50:09Z,0.0
AB53 5SN,SHEPD,HV,1,TM9441,17,2026-06-27T09:50:09Z,2026-06-27T09:50:09Z,0.0
AB53 5SQ,SHEPD,HV,1,TM9441,17,2026-06-27T09:50:09Z,2026-06-27T09:50:09Z,0.0
AB53 6AA,SHEPD,HV,1,TM0227,21,2026-06-23T18:57:17Z,2026-06-23T18:57:17Z,0.0
AB53 6BA,SHEPD,HV,1,TM0227,21,2026-06-23T18:57:17Z,2026-06-23T18:57:17Z,0.0
AB53 6QB,SHEPD,HV,1,TM0227,21,2026-06-23T18:57:17Z,2026-06-23T18:57:17Z,0.0
AB53 6RU,SHEPD,HV,1,TM0227,21,2026-06-23T18:57:17Z,2026-06-23T18:57:17Z,0.0
AB53 6SB,SHEPD,HV,1,TM0227,21,2026-06-23T18:57:17Z,2026-06-23T18:57:17Z,0.0
AB53 6SD,SHEPD,HV,1,TM0227,21,2026-06-23T18:57:17Z,2026-06-23T18:57:17Z,0.0
AB53 6SE,SHEPD,HV,1,TM0227,21,2026-06-23T18:57:17Z,2026-06-23T18:57:17Z,0.0
AB53 6SL,SHEPD,HV,1,TM0227,21,2026-06-23T18:57:17Z,2026-06-23T18:57:17Z,0.0
AB53 6SS,SHEPD,HV,1,TM0227,21,2026-06-23T18:57:17Z,2026-06-23T18:57:17Z,0.0
AB53 6SU,SHEPD,HV,1,TM0227,21,2026-06-23T18:57:17Z,2026-06-23T18:57:17Z,0.0
AB53 6SW,SHEPD,HV,1,TM0227,21,2026-06-23T18:57:17Z,2026-06-23T18:57:17Z,0.0
AB53 6SY,SHEPD,HV,1,TM0227,21,2026-06-23T18:57:17Z,2026-06-23T18:57:17Z,0.0
AB53 6SZ,SHEPD,HV,1,TM0227,21,2026-06-23T18:57:17Z,2026-06-23T18:57:17Z,0.0
AB53 6TA,SHEPD,HV,1,TM0227,21,2026-06-23T18:57:17Z,2026-06-23T18:57:17Z,0.0
AB53 6TB,SHEPD,HV,1,TM0227,21,2026-06-23T18:57:17Z,2026-06-23T18:57:17Z,0.0
AB53 6TD,SHEPD,HV,1,TM0227,21,2026-06-23T18:57:17Z,2026-06-23T18:57:17Z,0.0
AB53 6TE,SHEPD,HV,1,TM0227,21,2026-06-23T18:57:17Z,2026-06-23T18:57:17Z,0.0
AB53 6TF,SHEPD,HV,1,TM0227,21,2026-06-23T18:57:17Z,2026-06-23T18:57:17Z,0.0
AB53 6TG,SHEPD,HV,1,TM0227,21,2026-06-23T18:57:17Z,2026-06-23T18:57:17Z,0.0
AB53 6TH,SHEPD,HV,1,TM0227,21,2026-06-23T18:57:17Z,2026-06-23T18:57:17Z,0.0
AB53 6TJ,SHEPD,HV,1,TM0227,21,2026-06-23T18:57:17Z,2026-06-23T18:57:17Z,0.0
AB53 6TL,SHEPD,HV,1,TM0227,21,2026-06-23T18:57:17Z,2026-06-23T18:57:17Z,0.0
AB53 6TW,SHEPD,HV,1,TM0227,21,2026-06-23T18:57:17Z,2026-06-23T18:57:17Z,0.0
AB53 6TZ,SHEPD,HV,1,TM0227,21,2026-06-23T18:57:17Z,2026-06-23T18:57:17Z,0.0
AB53 6UR,SHEPD,HV,1,TM0227,21,2026-06-23T18:57:17Z,2026-06-23T18:57:17Z,0.0
AB53 6WD,SHEPD,HV,1,TM0227,21,2026-06-23T18:57:17Z,2026-06-23T18:57:17Z,0.0
AB53 6WE,SHEPD,HV,1,TM0227,21,2026-06-23T18:57:17Z,2026-06-23T18:57:17Z,0.0
AB53 6WF,SHEPD,HV,1,TM0227,21,2026-06-23T18:57:17Z,2026-06-23T18:57:17Z,0.0
AB53 6WG,SHEPD,HV,1,TM0227,21,2026-06-23T18:57:17Z,2026-06-23T18:57:17Z,0.0
AB53 6XD,SHEPD,HV,1,TM0227,21,2026-06-23T18:57:17Z,2026-06-23T18:57:17Z,0.0
AB54 4AE,SHEPD,HV,1,TK9536,25,2026-06-23T11:50:26Z,2026-06-23T11:50:26Z,0.0
AB54 4GL,SHEPD,HV,1,TK9536,25,2026-06-23T11:50:26Z,2026-06-23T11:50:26Z,0.0
AB54 4GN,SHEPD,HV,1,TK9536,25,2026-06-23T11:50:26Z,2026-06-23T11:50:26Z,0.0
AB54 4GP,SHEPD,HV,1,TK9536,25,2026-06-23T11:50:26Z,2026-06-23T11:50:26Z,0.0
AB54 4GQ,SHEPD,HV,1,TK9536,25,2026-06-23T11:50:26Z,2026-06-23T11:50:26Z,0.0
AB54 4GR,SHEPD,HV,1,TK9536,25,2026-06-23T11:50:26Z,2026-06-23T11:50:26Z,0.0
AB54 4JB,SHEPD,HV,1,TK9536,25,2026-06-23T11:50:26Z,2026-06-23T11:50:26Z,0.0
AB54 4JD,SHEPD,HV,1,TK9536,25,2026-06-23T11:50:26Z,2026-06-23T11:50:26Z,0.0
AB54 4JE,SHEPD,HV,1,TK9536,25,2026-06-23T11:50:26Z,2026-06-23T11:50:26Z,0.0
AB54 4JF,SHEPD,HV,1,TK9536,25,2026-06-23T11:50:26Z,2026-06-23T11:50:26Z,0.0
AB54 4JH,SHEPD,HV,1,TK9536,25,2026-06-23T11:50:26Z,2026-06-23T11:50:26Z,0.0
AB54 4JJ,SHEPD,HV,1,TK9536,25,2026-06-23T11:50:26Z,2026-06-23T11:50:26Z,0.0
AB54 4JL,SHEPD,HV,1,TK9536,25,2026-06-23T11:50:26Z,2026-06-23T11:50:26Z,0.0
AB54 4JN,SHEPD,HV,1,TK9536,25,2026-06-23T11:50:26Z,2026-06-23T11:50:26Z,0.0
AB54 4JQ,SHEPD,HV,1,TK9536,25,2026-06-23T11:50:26Z,2026-06-23T11:50:26Z,0.0
AB54 4JX,SHEPD,HV,1,TK9536,25,2026-06-23T11:50:26Z,2026-06-23T11:50:26Z,0.0
AB54 4LA,SHEPD,HV,1,TK9536,25,2026-06-23T11:50:26Z,2026-06-23T11:50:26Z,0.0
AB54 4LN,SHEPD,HV,1,TK9536,25,2026-06-23T11:50:26Z,2026-06-23T11:50:26Z,0.0
AB54 4LP,SHEPD,HV,1,TK9536,25,2026-06-23T11:50:26Z,2026-06-23T11:50:26Z,0.0
AB54 4LQ,SHEPD,HV,1,TK9536,25,2026-06-23T11:50:26Z,2026-06-23T11:50:26Z,0.0
AB54 4LR,SHEPD,HV,1,TK9536,25,2026-06-23T11:50:26Z,2026-06-23T11:50:26Z,0.0
AB54 4UR,SHEPD,HV,1,TK9536,25,2026-06-23T11:50:26Z,2026-06-23T11:50:26Z,0.0
AB54 6EJ,SHEPD,HV,1,TM1593,7,2026-06-24T16:12:37Z,2026-06-24T16:12:37Z,0.0
AB54 6EP,SHEPD,HV,1,TM1593,7,2026-06-24T16:12:37Z,2026-06-24T16:12:37Z,0.0
AB55 6YA,SHEPD,PSI,1,251674,14,2026-06-24T11:34:27Z,2026-06-24T11:34:27Z,0.0
AB55 6YD,SHEPD,PSI,1,251674,14,2026-06-24T11:34:27Z,2026-06-24T11:34:27Z,0.0
AB55 6YQ,SHEPD,PSI,1,251674,14,2026-06-24T11:34:27Z,2026-06-24T11:34:27Z,0.0
AB56 5HN,SHEPD,PSI,1,251724,4,2026-06-24T11:34:27Z,2026-06-24T11:34:27Z,0.0
AB56 5HP,SHEPD,PSI,1,251726,35,2026-06-24T11:34:27Z,2026-06-24T11:34:27Z,0.0
AB56 5HQ,SHEPD,PSI,1,251726,35,2026-06-24T11:34:27Z,2026-06-24T11:34:27Z,0.0
AB56 5HR,SHEPD,PSI,1,251726,35,2026-06-24T11:34:27Z,2026-06-24T11:34:27Z,0.0
AB56 5TX,SHEPD,PSI,1,251669,52,2026-06-24T11:34:27Z,2026-06-24T11:34:27Z,0.0
AB56 5UA,SHEPD,PSI,1,251669,52,2026-06-24T11:34:27Z,2026-06-24T11:34:27Z,0.0
AB56 5UB,SHEPD,PSI,1,251669,52,2026-06-24T11:34:27Z,2026-06-24T11:34:27Z,0.0
AB56 5UD,SHEPD,PSI,1,251669,52,2026-06-24T11:34:27Z,2026-06-24T11:34:27Z,0.0
AB56 5UJ,SHEPD,PSI,1,251669,52,2026-06-24T11:34:27Z,2026-06-24T11:34:27Z,0.0
AB56 5UX,SHEPD,PSI,1,251669,52,2026-06-24T11:34:27Z,2026-06-24T11:34:27Z,0.0
AB56 5XU,SHEPD,PSI,1,251669,52,2026-06-24T11:34:27Z,2026-06-24T11:34:27Z,0.0
AB56 5XX,SHEPD,PSI,1,251669,52,2026-06-24T11:34:27Z,2026-06-24T11:34:27Z,0.0
AB56 5YB,SHEPD,PSI,1,251669,52,2026-06-24T11:34:27Z,2026-06-24T11:34:27Z,0.0
AB56 5YD,SHEPD,PSI,1,251669,52,2026-06-24T11:34:27Z,2026-06-24T11:34:27Z,0.0
AB56 5YJ,SHEPD,PSI,1,251669,52,2026-06-24T11:34:27Z,2026-06-24T11:34:27Z,0.0
AB56 5YL,SHEPD,PSI,1,251669,52,2026-06-24T11:34:27Z,2026-06-24T11:34:27Z,0.0
AB56 5YR,SHEPD,PSI,1,251669,52,2026-06-24T11:34:27Z,2026-06-24T11:34:27Z,0.0
AB56 5YS,SHEPD,PSI,1,251669,52,2026-06-24T11:34:27Z,2026-06-24T11:34:27Z,0.0
AB56 5YT,SHEPD,PSI,1,251669,52,2026-06-24T11:34:27Z,2026-06-24T11:34:27Z,0.0
AB56 5YU,SHEPD,PSI,1,251669,52,2026-06-24T11:34:27Z,2026-06-24T11:34:27Z,0.0
AB56 5YX,SHEPD,PSI,1,251669,52,2026-06-24T11:34:27Z,2026-06-24T11:34:27Z,0.0
BA10 0DB,SEPD,HV,1,TM9276,5,2026-06-27T07:36:57Z,2026-06-27T07:36:57Z,0.0
BA10 0PJ,SEPD,HV,1,TM9276,5,2026-06-27T07:36:57Z,2026-06-27T07:36:57Z,0.0
BA10 0PQ,SEPD,HV,1,TM9276,5,2026-06-27T07:36:57Z,2026-06-27T07:36:57Z,0.0
BA10 0PU,SEPD,HV,1,TM9276,5,2026-06-27T07:36:57Z,2026-06-27T07:36:57Z,0.0
BA11 2TJ,SEPD,LV,1,TK6562,7,2026-06-21T20:19:33Z,2026-06-21T20:19:33Z,0.0
BA11 2UA,SEPD,LV,1,TM2308,18,2026-06-24T18:12:03Z,2026-06-24T18:12:03Z,0.0
BA11 2UD,SEPD,LV,1,TM2308,18,2026-06-24T18:12:03Z,2026-06-24T18:12:03Z,0.0
BA11 2UG,SEPD,LV,1,TM2308,18,2026-06-24T18:12:03Z,2026-06-24T18:12:03Z,0.0
BA11 2UH,SEPD,LV,1,TM2308,18,2026-06-24T18:12:03Z,2026-06-24T18:12:03Z,0.0
BA11 2UJ,SEPD,LV,1,TM2308,18,2026-06-24T18:12:03Z,2026-06-24T18:12:03Z,0.0
BA11 3JA,SEPD,PSI,1,251698,28,2026-06-22T11:21:18Z,2026-06-22T11:21:18Z,0.0
BA11 3JH,SEPD,PSI,1,251698,28,2026-06-22T11:21:18Z,2026-06-22T11:21:18Z,0.0
BA11 3JJ,SEPD,PSI,1,251698,28,2026-06-22T11:21:18Z,2026-06-22T11:21:18Z,0.0
BA11 3JP,SEPD,PSI,1,251698,28,2026-06-22T11:21:18Z,2026-06-22T11:21:18Z,0.0
BA11 3JQ,SEPD,PSI,1,251698,28,2026-06-22T11:21:18Z,2026-06-22T11:21:18Z,0.0
BA11 3NW,SEPD,PSI,1,251698,28,2026-06-22T11:21:18Z,2026-06-22T11:21:18Z,0.0
BA11 3NY,SEPD,PSI,1,251698,28,2026-06-22T11:21:18Z,2026-06-22T11:21:18Z,0.0
BA13 4SD,SEPD,PSI,1,251943,6,2026-06-25T10:51:36Z,2026-06-25T10:51:36Z,0.0
BA14,SEPD,HV,1,TK6790,65,2026-06-21T21:48:03Z,2026-06-21T21:48:03Z,0.0
BA14 0SL,SEPD,HV,1,TK6790,65,2026-06-21T21:48:03Z,2026-06-21T21:48:03Z,0.0
BA14 0SN,SEPD,LV,1,TK6736,27,2026-06-21T20:19:33Z,2026-06-21T20:19:33Z,0.0
BA14 0SP,SEPD,LV,1,TK6736,27,2026-06-21T20:19:33Z,2026-06-21T20:19:33Z,0.0
BA14 0SQ,SEPD,LV,1,TK6736,27,2026-06-21T20:19:33Z,2026-06-21T20:19:33Z,0.0
BA14 0SU,SEPD,LV,1,TK6736,27,2026-06-21T20:19:33Z,2026-06-21T20:19:33Z,0.0
BA14 0SX,SEPD,HV,1,TK6790,65,2026-06-21T21:48:03Z,2026-06-21T21:48:03Z,0.0
BA14 0TF,SEPD,HV,1,TK6790,65,2026-06-21T21:48:03Z,2026-06-21T21:48:03Z,0.0
BA14 0TN,SEPD,HV,1,TK6790,65,2026-06-21T21:48:03Z,2026-06-21T21:48:03Z,0.0
BA14 0TW,SEPD,HV,1,TK6790,65,2026-06-21T21:48:03Z,2026-06-21T21:48:03Z,0.0
BA14 0TX,SEPD,HV,1,TK6790,65,2026-06-21T21:48:03Z,2026-06-21T21:48:03Z,0.0
BA14 0XG,SEPD,HV,1,TK6790,65,2026-06-21T21:48:03Z,2026-06-21T21:48:03Z,0.0
BA14 7PL,SEPD,LV,1,TK8617,33,2026-06-23T11:50:26Z,2026-06-23T11:50:26Z,0.0
BA14 7PP,SEPD,LV,1,TK8617,33,2026-06-23T11:50:26Z,2026-06-23T11:50:26Z,0.0
BA14 7PR,SEPD,LV,1,TK8617,33,2026-06-23T11:50:26Z,2026-06-23T11:50:26Z,0.0
BA14 7PT,SEPD,LV,1,TK8617,33,2026-06-23T11:50:26Z,2026-06-23T11:50:26Z,0.0
BA14 7UY,SEPD,LV,1,TK8617,33,2026-06-23T11:50:26Z,2026-06-23T11:50:26Z,0.0
BA15 1JS,SEPD,LV,1,TK8166,7,2026-06-22T19:46:47Z,2026-06-22T19:46:47Z,0.0
BA15 1JX,SEPD,LV,1,TK8166,7,2026-06-22T19:46:47Z,2026-06-22T19:46:47Z,0.0
BA15 1LN,SEPD,LV,1,TK8166,7,2026-06-22T19:46:47Z,2026-06-22T19:46:47Z,0.0
BA15 1NB,SEPD,LV,1,TK8166,7,2026-06-22T19:46:47Z,2026-06-22T19:46:47Z,0.0
BA2 7PN,SEPD,HV,1,TM1611,29,2026-06-24T13:52:53Z,2026-06-24T13:52:53Z,0.0
BA2 7SA,SEPD,HV,1,TM1611,29,2026-06-24T13:52:53Z,2026-06-24T13:52:53Z,0.0
BA2 7SB,SEPD,HV,1,TM1611,29,2026-06-24T13:52:53Z,2026-06-24T13:52:53Z,0.0
BA2 7SD,SEPD,HV,1,TM1611,29,2026-06-24T13:52:53Z,2026-06-24T13:52:53Z,0.0
BA2 7SE,SEPD,HV,1,TM1611,29,2026-06-24T13:52:53Z,2026-06-24T13:52:53Z,0.0
BA2 7SF,SEPD,HV,1,TM1611,29,2026-06-24T13:52:53Z,2026-06-24T13:52:53Z,0.0
BA2 7SH,SEPD,HV,1,TM1611,29,2026-06-24T13:52:53Z,2026-06-24T13:52:53Z,0.0
BA2 7SL,SEPD,HV,1,TM1611,29,2026-06-24T13:52:53Z,2026-06-24T13:52:53Z,0.0
BA2 7SN,SEPD,HV,1,TM1611,29,2026-06-24T13:52:53Z,2026-06-24T13:52:53Z,0.0
BA2 7SP,SEPD,HV,1,TM1611,29,2026-06-24T13:52:53Z,2026-06-24T13:52:53Z,0.0
BA2 7SR,SEPD,HV,1,TM1611,29,2026-06-24T13:52:53Z,2026-06-24T13:52:53Z,0.0
BA2 7SS,SEPD,HV,1,TM1611,29,2026-06-24T13:52:53Z,2026-06-24T13:52:53Z,0.0
BA2 7ST,SEPD,HV,1,TM1611,29,2026-06-24T13:52:53Z,2026-06-24T13:52:53Z,0.0
BA2 7SU,SEPD,HV,1,TM1611,29,2026-06-24T13:52:53Z,2026-06-24T13:52:53Z,0.0
BA2 7SW,SEPD,HV,1,TM1611,29,2026-06-24T13:52:53Z,2026-06-24T13:52:53Z,0.0
BA2 7SY,SEPD,HV,1,TM1611,29,2026-06-24T13:52:53Z,2026-06-24T13:52:53Z,0.0
BA2 7SZ,SEPD,HV,1,TM1611,29,2026-06-24T13:52:53Z,2026-06-24T13:52:53Z,0.0
BA2 7TA,SEPD,HV,1,TM1611,29,2026-06-24T13:52:53Z,2026-06-24T13:52:53Z,0.0
BA2 7TD,SEPD,HV,1,TM1611,29,2026-06-24T13:52:53Z,2026-06-24T13:52:53Z,0.0
BA2 7TE,SEPD,HV,1,TM1611,29,2026-06-24T13:52:53Z,2026-06-24T13:52:53Z,0.0
BA2 7TG,SEPD,HV,1,TM1611,29,2026-06-24T13:52:53Z,2026-06-24T13:52:53Z,0.0
BA2 7TL,SEPD,HV,1,TM1611,29,2026-06-24T13:52:53Z,2026-06-24T13:52:53Z,0.0
BA2 7UJ,SEPD,HV,1,TM1611,29,2026-06-24T13:52:53Z,2026-06-24T13:52:53Z,0.0
BA21 4PZ,SEPD,LV,1,TK9872,7,2026-06-23T16:44:49Z,2026-06-23T16:44:49Z,0.0
BA21 4QG,SEPD,LV,1,TK9872,7,2026-06-23T16:44:49Z,2026-06-23T16:44:49Z,0.0
BA22 9FD,SEPD,PSI,1,251689,45,2026-06-22T11:21:18Z,2026-06-22T11:21:18Z,0.0
BA22 9QU,SEPD,PSI,1,251689,45,2026-06-22T11:21:18Z,2026-06-22T11:21:18Z,0.0
BA22 9QX,SEPD,PSI,1,251689,45,2026-06-22T11:21:18Z,2026-06-22T11:21:18Z,0.0
BA22 9QY,SEPD,PSI,1,251689,45,2026-06-22T11:21:18Z,2026-06-22T11:21:18Z,0.0
BA22 9QZ,SEPD,PSI,1,251689,45,2026-06-22T11:21:18Z,2026-06-22T11:21:18Z,0.0
BA22 9SF,SEPD,PSI,1,251689,45,2026-06-22T11:21:18Z,2026-06-22T11:21:18Z,0.0
BA7 7JQ,SEPD,HV,1,TM9276,5,2026-06-27T07:36:57Z,2026-06-27T07:36:57Z,0.0
BA7 7LN,SEPD,HV,1,TM9276,5,2026-06-27T07:36:57Z,2026-06-27T07:36:57Z,0.0
BA7 7LP,SEPD,HV,1,TM9276,5,2026-06-27T07:36:57Z,2026-06-27T07:36:57Z,0.0
BA7 7LR,SEPD,HV,1,TM9276,5,2026-06-27T07:36:57Z,2026-06-27T07:36:57Z,0.0
BA7 7LX,SEPD,HV,1,TM9276,5,2026-06-27T07:36:57Z,2026-06-27T07:36:57Z,0.0
BA7 7LY,SEPD,HV,1,TM9276,5,2026-06-27T07:36:57Z,2026-06-27T07:36:57Z,0.0
BA7 7LZ,SEPD,HV,1,TM9276,5,2026-06-27T07:36:57Z,2026-06-27T07:36:57Z,0.0
BA7 7NA,SEPD,HV,1,TM9276,5,2026-06-27T07:36:57Z,2026-06-27T07:36:57Z,0.0
BA7 7NE,SEPD,HV,1,TM9276,5,2026-06-27T07:36:57Z,2026-06-27T07:36:57Z,0.0
BA7 7NG,SEPD,HV,1,TM9276,5,2026-06-27T07:36:57Z,2026-06-27T07:36:57Z,0.0
BA7 7NH,SEPD,HV,1,TM9276,5,2026-06-27T07:36:57Z,2026-06-27T07:36:57Z,0.0
BA7 7NJ,SEPD,HV,1,TM9276,5,2026-06-27T07:36:57Z,2026-06-27T07:36:57Z,0.0
BA7 7NQ,SEPD,HV,1,TM9276,5,2026-06-27T07:36:57Z,2026-06-27T07:36:57Z,0.0
BA7 7NX,SEPD,HV,1,TM9276,5,2026-06-27T07:36:57Z,2026-06-27T07:36:57Z,0.0
BA8,SEPD,HV,1,TK8523,79,2026-06-22T21:52:49Z,2026-06-22T21:52:49Z,0.0
BA8 0AT,SEPD,HV,1,TK9852,177,2026-06-23T16:44:49Z,2026-06-23T16:44:49Z,0.0
BA8 0PR,SEPD,HV,1,TK9852,177,2026-06-23T16:44:49Z,2026-06-23T16:44:49Z,0.0
BA8 0PS,SEPD,HV,1,TK9852,177,2026-06-23T16:44:49Z,2026-06-23T16:44:49Z,0.0
BA8 0PU,SEPD,HV,1,TK9852,177,2026-06-23T16:44:49Z,2026-06-23T16:44:49Z,0.0
BA8 0QB,SEPD,HV,1,TK9852,177,2026-06-23T16:44:49Z,2026-06-23T16:44:49Z,0.0
BA8 0QD,SEPD,HV,1,TK9852,177,2026-06-23T16:44:49Z,2026-06-23T16:44:49Z,0.0
BA8 0QE,SEPD,HV,1,TK9852,177,2026-06-23T16:44:49Z,2026-06-23T16:44:49Z,0.0
BA8 0QH,SEPD,HV,1,TK9852,177,2026-06-23T16:44:49Z,2026-06-23T16:44:49Z,0.0
BA8 0QZ,SEPD,HV,1,TK9852,177,2026-06-23T16:44:49Z,2026-06-23T16:44:49Z,0.0
BA8 0SE,SEPD,HV,1,TK9852,177,2026-06-23T16:44:49Z,2026-06-23T16:44:49Z,0.0
BA8 0SN,SEPD,HV,1,TK9852,177,2026-06-23T16:44:49Z,2026-06-23T16:44:49Z,0.0
BA8 0SP,SEPD,HV,1,TK9852,177,2026-06-23T16:44:49Z,2026-06-23T16:44:49Z,0.0
BA8 0SQ,SEPD,HV,1,TK9852,177,2026-06-23T16:44:49Z,2026-06-23T16:44:49Z,0.0
BA8 0SW,SEPD,HV,1,TK9852,177,2026-06-23T16:44:49Z,2026-06-23T16:44:49Z,0.0
BA8 0SY,SEPD,HV,1,TK9852,177,2026-06-23T16:44:49Z,2026-06-23T16:44:49Z,0.0
BA8 0SZ,SEPD,HV,1,TK9852,177,2026-06-23T16:44:49Z,2026-06-23T16:44:49Z,0.0
BA8 0TE,SEPD,HV,1,TK8523,79,2026-06-22T21:52:49Z,2026-06-22T21:52:49Z,0.0
BA8 0TF,SEPD,HV,1,TK8523,79,2026-06-22T21:52:49Z,2026-06-22T21:52:49Z,0.0
BA8 0TG,SEPD,HV,1,TK8523,79,2026-06-22T21:52:49Z,2026-06-22T21:52:49Z,0.0
BA9 8JA,SEPD,HV,1,TM9276,5,2026-06-27T07:36:57Z,2026-06-27T07:36:57Z,0.0
BA9 8JB,SEPD,HV,1,TM9276,5,2026-06-27T07:36:57Z,2026-06-27T07:36:57Z,0.0
BA9 8JD,SEPD,HV,1,TM9276,5,2026-06-27T07:36:57Z,2026-06-27T07:36:57Z,0.0
BA9 8JE,SEPD,HV,1,TM9276,5,2026-06-27T07:36:57Z,2026-06-27T07:36:57Z,0.0
BA9 8JF,SEPD,HV,1,TM9276,5,2026-06-27T07:36:57Z,2026-06-27T07:36:57Z,0.0
BA9 8JG,SEPD,HV,1,TM9276,5,2026-06-27T07:36:57Z,2026-06-27T07:36:57Z,0.0
BA9 8JH,SEPD,HV,1,TM9276,5,2026-06-27T07:36:57Z,2026-06-27T07:36:57Z,0.0
BA9 8JJ,SEPD,HV,1,TM9276,5,2026-06-27T07:36:57Z,2026-06-27T07:36:57Z,0.0
BA9 8JL,SEPD,HV,1,TM9276,5,2026-06-27T07:36:57Z,2026-06-27T07:36:57Z,0.0
BA9 8JN,SEPD,HV,1,TM9276,5,2026-06-27T07:36:57Z,2026-06-27T07:36:57Z,0.0
BA9 8JP,SEPD,HV,1,TM9276,5,2026-06-27T07:36:57Z,2026-06-27T07:36:57Z,0.0
BA9 8JQ,SEPD,HV,1,TM9276,5,2026-06-27T07:36:57Z,2026-06-27T07:36:57Z,0.0
BA9 8JS,SEPD,HV,1,TM9276,5,2026-06-27T07:36:57Z,2026-06-27T07:36:57Z,0.0
BA9 8JW,SEPD,HV,1,TM9276,5,2026-06-27T07:36:57Z,2026-06-27T07:36:57Z,0.0
BH12,SEPD,HV,1,TM7632,136,2026-06-26T12:04:15Z,2026-06-26T12:04:15Z,0.0
BH12 4AJ,SEPD,PSI,1,252663,7,2026-06-22T11:21:18Z,2026-06-22T11:21:18Z,0.0
BH12 4AS,SEPD,PSI,1,252663,7,2026-06-22T11:21:18Z,2026-06-22T11:21:18Z,0.0
BH12 4FG,SEPD,HV,1,TM7632,136,2026-06-26T12:04:15Z,2026-06-26T12:04:15Z,0.0
BH12 4FL,SEPD,HV,1,TM7632,136,2026-06-26T12:04:15Z,2026-06-26T12:04:15Z,0.0
BH12 4GF,SEPD,HV,1,TM7632,136,2026-06-26T12:04:15Z,2026-06-26T12:04:15Z,0.0
BH12 4NY,SEPD,HV,1,TM7632,136,2026-06-26T12:04:15Z,2026-06-26T12:04:15Z,0.0
BH12 4PF,SEPD,HV,1,TM7632,136,2026-06-26T12:04:15Z,2026-06-26T12:04:15Z,0.0
BH12 4QA,SEPD,HV,1,TM7632,136,2026-06-26T12:04:15Z,2026-06-26T12:04:15Z,0.0
BH12 4QD,SEPD,HV,1,TM7632,136,2026-06-26T12:04:15Z,2026-06-26T12:04:15Z,0.0
BH12 4QY,SEPD,HV,1,TM7632,136,2026-06-26T12:04:15Z,2026-06-26T12:04:15Z,0.0
BH12 4TS,SEPD,HV,1,TM7632,136,2026-06-26T12:04:15Z,2026-06-26T12:04:15Z,0.0
BH15 2QT,SEPD,LV,1,TN0977,4,2026-06-28T09:47:12Z,2026-06-28T09:47:12Z,0.0
BH15 2QX,SEPD,LV,1,TN0977,4,2026-06-28T09:47:12Z,2026-06-28T09:47:12Z,0.0
BH15 3NR,SEPD,HV,1,TM7632,136,2026-06-26T12:04:15Z,2026-06-26T12:04:15Z,0.0
BH15 3NS,SEPD,HV,1,TM7632,136,2026-06-26T12:04:15Z,2026-06-26T12:04:15Z,0.0
BH15 3NW,SEPD,HV,1,TM7632,136,2026-06-26T12:04:15Z,2026-06-26T12:04:15Z,0.0
BH15 4JH,SEPD,LV,1,TM8867,10,2026-06-26T21:44:39Z,2026-06-26T21:44:39Z,0.0
BH15 4JL,SEPD,LV,1,TM8867,10,2026-06-26T21:44:39Z,2026-06-26T21:44:39Z,0.0
BH16 5JG,SEPD,LV,1,TM9410,30,2026-06-27T09:50:09Z,2026-06-27T09:50:09Z,0.0
BH16 5JQ,SEPD,LV,1,TM9410,30,2026-06-27T09:50:09Z,2026-06-27T09:50:09Z,0.0
BH16 5RB,SEPD,LV,1,TM9410,30,2026-06-27T09:50:09Z,2026-06-27T09:50:09Z,0.0
BH16 5RE,SEPD,LV,1,TM9410,30,2026-06-27T09:50:09Z,2026-06-27T09:50:09Z,0.0
BH16 5RR,SEPD,LV,1,TM9410,30,2026-06-27T09:50:09Z,2026-06-27T09:50:09Z,0.0
BH16 5RS,SEPD,LV,1,TM9410,30,2026-06-27T09:50:09Z,2026-06-27T09:50:09Z,0.0
BH17 7XU,SEPD,LV,1,TN0346,25,2026-06-27T23:44:01Z,2026-06-27T23:44:01Z,0.0
BH17 7XX,SEPD,LV,1,TN0346,25,2026-06-27T23:44:01Z,2026-06-27T23:44:01Z,0.0
BH17 7XY,SEPD,LV,1,TN0346,25,2026-06-27T23:44:01Z,2026-06-27T23:44:01Z,0.0
BH17 8NT,SEPD,HV,1,TM7632,136,2026-06-26T12:04:15Z,2026-06-26T12:04:15Z,0.0
BH17 8PR,SEPD,HV,1,TM7632,136,2026-06-26T12:04:15Z,2026-06-26T12:04:15Z,0.0
BH17 8PY,SEPD,HV,1,TM7632,136,2026-06-26T12:04:15Z,2026-06-26T12:04:15Z,0.0
BH17 8PZ,SEPD,HV,1,TM7632,136,2026-06-26T12:04:15Z,2026-06-26T12:04:15Z,0.0
BH17 8QA,SEPD,HV,1,TM7632,136,2026-06-26T12:04:15Z,2026-06-26T12:04:15Z,0.0
BH17 8QB,SEPD,HV,1,TM7632,136,2026-06-26T12:04:15Z,2026-06-26T12:04:15Z,0.0
BH17 8QD,SEPD,HV,1,TM7632,136,2026-06-26T12:04:15Z,2026-06-26T12:04:15Z,0.0
BH17 8QE,SEPD,HV,1,TM7632,136,2026-06-26T12:04:15Z,2026-06-26T12:04:15Z,0.0
BH17 8QF,SEPD,HV,1,TM7632,136,2026-06-26T12:04:15Z,2026-06-26T12:04:15Z,0.0
BH17 8QG,SEPD,HV,1,TM7632,136,2026-06-26T12:04:15Z,2026-06-26T12:04:15Z,0.0
BH17 8QH,SEPD,HV,1,TM7632,136,2026-06-26T12:04:15Z,2026-06-26T12:04:15Z,0.0
BH17 8QJ,SEPD,HV,1,TM7632,136,2026-06-26T12:04:15Z,2026-06-26T12:04:15Z,0.0
BH17 8QL,SEPD,HV,1,TM7632,136,2026-06-26T12:04:15Z,2026-06-26T12:04:15Z,0.0
BH17 8QN,SEPD,HV,1,TM7632,136,2026-06-26T12:04:15Z,2026-06-26T12:04:15Z,0.0
BH17 8QQ,SEPD,HV,1,TM7632,136,2026-06-26T12:04:15Z,2026-06-26T12:04:15Z,0.0
BH17 8QR,SEPD,HV,1,TM7632,136,2026-06-26T12:04:15Z,2026-06-26T12:04:15Z,0.0
BH17 8QW,SEPD,HV,1,TM7632,136,2026-06-26T12:04:15Z,2026-06-26T12:04:15Z,0.0
BH17 8QX,SEPD,HV,1,TM7632,136,2026-06-26T12:04:15Z,2026-06-26T12:04:15Z,0.0
BH17 8UE,SEPD,HV,1,TM7632,136,2026-06-26T12:04:15Z,2026-06-26T12:04:15Z,0.0
BH17 8US,SEPD,HV,1,TM7632,136,2026-06-26T12:04:15Z,2026-06-26T12:04:15Z,0.0
BH19 1ER,SEPD,LV,1,TM8514,39,2026-06-26T18:27:01Z,2026-06-26T18:27:01Z,0.0
BH19 2LY,SEPD,LV,1,TM8514,39,2026-06-26T18:27:01Z,2026-06-26T18:27:01Z,0.0
BH19 2LZ,SEPD,LV,1,TM8514,39,2026-06-26T18:27:01Z,2026-06-26T18:27:01Z,0.0
BH19 2NU,SEPD,LV,1,TM8514,39,2026-06-26T18:27:01Z,2026-06-26T18:27:01Z,0.0
BH19 2NX,SEPD,LV,1,TM8514,39,2026-06-26T18:27:01Z,2026-06-26T18:27:01Z,0.0
BH19 2NY,SEPD,LV,1,TM8514,39,2026-06-26T18:27:01Z,2026-06-26T18:27:01Z,0.0
BH19 2NZ,SEPD,LV,1,TM8514,39,2026-06-26T18:27:01Z,2026-06-26T18:27:01Z,0.0
BH19 2PP,SEPD,LV,1,TM8514,39,2026-06-26T18:27:01Z,2026-06-26T18:27:01Z,0.0
BH19 3EB,SEPD,LV,1,TK9559,3,2026-06-23T21:04:28Z,2026-06-23T21:04:28Z,0.0
BH19 3EE,SEPD,LV,1,TK9559,3,2026-06-23T21:04:28Z,2026-06-23T21:04:28Z,0.0
BH2 6PE,SEPD,LV,1,TM8547,35,2026-06-26T18:27:01Z,2026-06-26T18:27:01Z,0.0
BH2 6PP,SEPD,LV,1,TM8547,35,2026-06-26T18:27:01Z,2026-06-26T18:27:01Z,0.0
BH2 6PW,SEPD,LV,1,TM8547,35,2026-06-26T18:27:01Z,2026-06-26T18:27:01Z,0.0
BH2 6PY,SEPD,LV,1,TM8547,35,2026-06-26T18:27:01Z,2026-06-26T18:27:01Z,0.0
BH2 6PZ,SEPD,LV,1,TM8547,35,2026-06-26T18:27:01Z,2026-06-26T18:27:01Z,0.0
BH20 4FR,SEPD,HV,1,TM2508,204,2026-06-24T20:11:22Z,2026-06-24T20:11:22Z,0.0
BH20 4PG,SEPD,HV,1,TM2508,204,2026-06-24T20:11:22Z,2026-06-24T20:11:22Z,0.0
BH20 4PH,SEPD,HV,1,TM2508,204,2026-06-24T20:11:22Z,2026-06-24T20:11:22Z,0.0
BH20 4PN,SEPD,HV,1,TM2508,204,2026-06-24T20:11:22Z,2026-06-24T20:11:22Z,0.0
BH20 4PX,SEPD,HV,1,TM2508,204,2026-06-24T20:11:22Z,2026-06-24T20:11:22Z,0.0
BH20 5DH,SEPD,HV,1,TM2508,204,2026-06-24T20:11:22Z,2026-06-24T20:11:22Z,0.0
BH20 6AA,SEPD,HV,1,TM2508,204,2026-06-24T20:11:22Z,2026-06-24T20:11:22Z,0.0
BH20 6AB,SEPD,HV,1,TM2508,204,2026-06-24T20:11:22Z,2026-06-24T20:11:22Z,0.0
BH20 6AD,SEPD,HV,1,TM2508,204,2026-06-24T20:11:22Z,2026-06-24T20:11:22Z,0.0
BH20 6AE,SEPD,HV,1,TM2508,204,2026-06-24T20:11:22Z,2026-06-24T20:11:22Z,0.0
BH20 6AF,SEPD,HV,1,TM2508,204,2026-06-24T20:11:22Z,2026-06-24T20:11:22Z,0.0
BH20 6AG,SEPD,HV,1,TM2508,204,2026-06-24T20:11:22Z,2026-06-24T20:11:22Z,0.0
BH20 6AH,SEPD,HV,1,TM2508,204,2026-06-24T20:11:22Z,2026-06-24T20:11:22Z,0.0
BH20 6AJ,SEPD,HV,1,TM2508,204,2026-06-24T20:11:22Z,2026-06-24T20:11:22Z,0.0
BH20 6AP,SEPD,HV,1,TM2508,204,2026-06-24T20:11:22Z,2026-06-24T20:11:22Z,0.0
BH20 6AQ,SEPD,HV,1,TM2508,204,2026-06-24T20:11:22Z,2026-06-24T20:11:22Z,0.0
BH20 6AR,SEPD,HV,1,TM2508,204,2026-06-24T20:11:22Z,2026-06-24T20:11:22Z,0.0
BH20 6AS,SEPD,HV,1,TM2508,204,2026-06-24T20:11:22Z,2026-06-24T20:11:22Z,0.0
BH20 6AT,SEPD,HV,1,TM2508,204,2026-06-24T20:11:22Z,2026-06-24T20:11:22Z,0.0
BH20 6AU,SEPD,HV,1,TM2508,204,2026-06-24T20:11:22Z,2026-06-24T20:11:22Z,0.0
BH20 6AX,SEPD,HV,1,TM2508,204,2026-06-24T20:11:22Z,2026-06-24T20:11:22Z,0.0
BH20 6BA,SEPD,HV,1,TM2508,204,2026-06-24T20:11:22Z,2026-06-24T20:11:22Z,0.0
BH20 6BB,SEPD,HV,1,TM2508,204,2026-06-24T20:11:22Z,2026-06-24T20:11:22Z,0.0
BH20 6YB,SEPD,HV,1,TM2508,204,2026-06-24T20:11:22Z,2026-06-24T20:11:22Z,0.0
BH20 7DJ,SEPD,HV,1,TM2508,204,2026-06-24T20:11:22Z,2026-06-24T20:11:22Z,0.0
BH20 7NQ,SEPD,HV,1,TM4466,35,2026-06-25T15:45:55Z,2026-06-25T15:45:55Z,0.0
BH20 7NT,SEPD,HV,1,TM2508,204,2026-06-24T20:11:22Z,2026-06-24T20:11:22Z,0.0
BH20 7NU,SEPD,HV,1,TM2508,204,2026-06-24T20:11:22Z,2026-06-24T20:11:22Z,0.0
BH20 7NX,SEPD,HV,1,TM2508,204,2026-06-24T20:11:22Z,2026-06-24T20:11:22Z,0.0
BH20 7NY,SEPD,HV,1,TM2508,204,2026-06-24T20:11:22Z,2026-06-24T20:11:22Z,0.0
BH20 7NZ,SEPD,HV,1,TM2508,204,2026-06-24T20:11:22Z,2026-06-24T20:11:22Z,0.0
BH20 7PA,SEPD,HV,1,TM2508,204,2026-06-24T20:11:22Z,2026-06-24T20:11:22Z,0.0
BH20 7PB,SEPD,HV,1,TM2508,204,2026-06-24T20:11:22Z,2026-06-24T20:11:22Z,0.0
BH20 7PD,SEPD,HV,1,TM2508,204,2026-06-24T20:11:22Z,2026-06-24T20:11:22Z,0.0
BH20 7PE,SEPD,HV,1,TM2508,204,2026-06-24T20:11:22Z,2026-06-24T20:11:22Z,0.0
BH20 7PF,SEPD,HV,1,TM2508,204,2026-06-24T20:11:22Z,2026-06-24T20:11:22Z,0.0
BH20 7PG,SEPD,HV,1,TM2508,204,2026-06-24T20:11:22Z,2026-06-24T20:11:22Z,0.0
BH20 7PN,SEPD,HV,1,TM2508,204,2026-06-24T20:11:22Z,2026-06-24T20:11:22Z,0.0
BH21 1PQ,SEPD,LV,1,TK8736,18,2026-06-23T05:47:19Z,2026-06-23T05:47:19Z,0.0
BH21 5AJ,SEPD,LV,1,TK8125,8,2026-06-22T19:46:47Z,2026-06-22T19:46:47Z,0.0
BH21 5AL,SEPD,LV,1,TK8125,8,2026-06-22T19:46:47Z,2026-06-22T19:46:47Z,0.0
BH22,SEPD,HV,1,TM3243,337,2026-06-25T04:38:26Z,2026-06-25T04:38:26Z,0.0
BH22 8AA,SEPD,HV,1,TM3243,337,2026-06-25T04:38:26Z,2026-06-25T04:38:26Z,0.0
BH22 8AB,SEPD,HV,1,TM3243,337,2026-06-25T04:38:26Z,2026-06-25T04:38:26Z,0.0
BH22 8AD,SEPD,HV,1,TM3243,337,2026-06-25T04:38:26Z,2026-06-25T04:38:26Z,0.0
BH22 8AE,SEPD,HV,1,TM3243,337,2026-06-25T04:38:26Z,2026-06-25T04:38:26Z,0.0
BH22 8AF,SEPD,HV,1,TM3243,337,2026-06-25T04:38:26Z,2026-06-25T04:38:26Z,0.0
BH22 8AG,SEPD,HV,1,TM3243,337,2026-06-25T04:38:26Z,2026-06-25T04:38:26Z,0.0
BH22 8AH,SEPD,HV,1,TM3243,337,2026-06-25T04:38:26Z,2026-06-25T04:38:26Z,0.0
BH22 8AJ,SEPD,HV,1,TM3243,337,2026-06-25T04:38:26Z,2026-06-25T04:38:26Z,0.0
BH22 8AL,SEPD,HV,1,TM3243,337,2026-06-25T04:38:26Z,2026-06-25T04:38:26Z,0.0
BH22 8AN,SEPD,HV,1,TM3243,337,2026-06-25T04:38:26Z,2026-06-25T04:38:26Z,0.0
BH22 8AP,SEPD,HV,1,TM3243,337,2026-06-25T04:38:26Z,2026-06-25T04:38:26Z,0.0
BH22 8AQ,SEPD,HV,1,TM3243,337,2026-06-25T04:38:26Z,2026-06-25T04:38:26Z,0.0
BH22 8AS,SEPD,HV,1,TM3243,337,2026-06-25T04:38:26Z,2026-06-25T04:38:26Z,0.0
BH22 8AX,SEPD,HV,1,TM3243,337,2026-06-25T04:38:26Z,2026-06-25T04:38:26Z,0.0
BH22 8AZ,SEPD,HV,1,TM3243,337,2026-06-25T04:38:26Z,2026-06-25T04:38:26Z,0.0
BH22 8BG,SEPD,HV,1,TM3243,337,2026-06-25T04:38:26Z,2026-06-25T04:38:26Z,0.0
BH22 8BH,SEPD,HV,1,TM3243,337,2026-06-25T04:38:26Z,2026-06-25T04:38:26Z,0.0
BH22 8BJ,SEPD,HV,1,TM3243,337,2026-06-25T04:38:26Z,2026-06-25T04:38:26Z,0.0
BH22 8BL,SEPD,HV,1,TM3243,337,2026-06-25T04:38:26Z,2026-06-25T04:38:26Z,0.0
BH22 8BN,SEPD,HV,1,TM3243,337,2026-06-25T04:38:26Z,2026-06-25T04:38:26Z,0.0
BH22 8BP,SEPD,HV,1,TM3243,337,2026-06-25T04:38:26Z,2026-06-25T04:38:26Z,0.0
BH22 8BQ,SEPD,HV,1,TM3243,337,2026-06-25T04:38:26Z,2026-06-25T04:38:26Z,0.0
BH22 8BS,SEPD,HV,1,TM3243,337,2026-06-25T04:38:26Z,2026-06-25T04:38:26Z,0.0
BH22 8BT,SEPD,HV,1,TM3243,337,2026-06-25T04:38:26Z,2026-06-25T04:38:26Z,0.0
BH22 8BU,SEPD,HV,1,TM3243,337,2026-06-25T04:38:26Z,2026-06-25T04:38:26Z,0.0
BH22 8BW,SEPD,HV,1,TM3243,337,2026-06-25T04:38:26Z,2026-06-25T04:38:26Z,0.0
BH22 8BX,SEPD,HV,1,TM3243,337,2026-06-25T04:38:26Z,2026-06-25T04:38:26Z,0.0
BH22 8BY,SEPD,HV,1,TM3243,337,2026-06-25T04:38:26Z,2026-06-25T04:38:26Z,0.0
BH22 8BZ,SEPD,HV,1,TM3243,337,2026-06-25T04:38:26Z,2026-06-25T04:38:26Z,0.0
BH22 8DA,SEPD,HV,1,TM3243,337,2026-06-25T04:38:26Z,2026-06-25T04:38:26Z,0.0
BH22 8DB,SEPD,HV,1,TM3243,337,2026-06-25T04:38:26Z,2026-06-25T04:38:26Z,0.0
BH22 8DD,SEPD,HV,1,TM3243,337,2026-06-25T04:38:26Z,2026-06-25T04:38:26Z,0.0
BH22 8DE,SEPD,HV,1,TM3243,337,2026-06-25T04:38:26Z,2026-06-25T04:38:26Z,0.0
BH22 8DH,SEPD,HV,1,TM3243,337,2026-06-25T04:38:26Z,2026-06-25T04:38:26Z,0.0
BH22 8DP,SEPD,HV,1,TM3243,337,2026-06-25T04:38:26Z,2026-06-25T04:38:26Z,0.0
BH22 8DR,SEPD,HV,1,TM3243,337,2026-06-25T04:38:26Z,2026-06-25T04:38:26Z,0.0
BH22 8EH,SEPD,HV,1,TM3243,337,2026-06-25T04:38:26Z,2026-06-25T04:38:26Z,0.0
BH22 8ES,SEPD,HV,1,TM3243,337,2026-06-25T04:38:26Z,2026-06-25T04:38:26Z,0.0
BH22 8EU,SEPD,HV,1,TM3243,337,2026-06-25T04:38:26Z,2026-06-25T04:38:26Z,0.0
BH22 8EX,SEPD,HV,1,TM3243,337,2026-06-25T04:38:26Z,2026-06-25T04:38:26Z,0.0
BH22 8FB,SEPD,HV,1,TM3243,337,2026-06-25T04:38:26Z,2026-06-25T04:38:26Z,0.0
BH22 8FP,SEPD,HV,1,TM3243,337,2026-06-25T04:38:26Z,2026-06-25T04:38:26Z,0.0
BH22 8FQ,SEPD,HV,1,TM3243,337,2026-06-25T04:38:26Z,2026-06-25T04:38:26Z,0.0
BH22 8FT,SEPD,HV,1,TM3243,337,2026-06-25T04:38:26Z,2026-06-25T04:38:26Z,0.0
BH22 8JD,SEPD,HV,1,TM3243,337,2026-06-25T04:38:26Z,2026-06-25T04:38:26Z,0.0
BH22 8JF,SEPD,HV,1,TM3243,337,2026-06-25T04:38:26Z,2026-06-25T04:38:26Z,0.0
BH22 8JG,SEPD,HV,1,TM3243,337,2026-06-25T04:38:26Z,2026-06-25T04:38:26Z,0.0
BH22 8LL,SEPD,HV,1,TM3243,337,2026-06-25T04:38:26Z,2026-06-25T04:38:26Z,0.0
BH22 8LP,SEPD,HV,1,TM3243,337,2026-06-25T04:38:26Z,2026-06-25T04:38:26Z,0.0
BH22 8LR,SEPD,HV,1,TM3243,337,2026-06-25T04:38:26Z,2026-06-25T04:38:26Z,0.0
BH22 8LS,SEPD,HV,1,TM3243,337,2026-06-25T04:38:26Z,2026-06-25T04:38:26Z,0.0
BH22 8LT,SEPD,HV,1,TM3243,337,2026-06-25T04:38:26Z,2026-06-25T04:38:26Z,0.0
BH22 8LU,SEPD,HV,1,TM3243,337,2026-06-25T04:38:26Z,2026-06-25T04:38:26Z,0.0
BH22 8LW,SEPD,HV,1,TM3243,337,2026-06-25T04:38:26Z,2026-06-25T04:38:26Z,0.0
BH22 8LX,SEPD,HV,1,TM3243,337,2026-06-25T04:38:26Z,2026-06-25T04:38:26Z,0.0
BH22 8NN,SEPD,HV,1,TM3243,337,2026-06-25T04:38:26Z,2026-06-25T04:38:26Z,0.0
BH22 8UR,SEPD,HV,1,TM3243,337,2026-06-25T04:38:26Z,2026-06-25T04:38:26Z,0.0
BH22 8US,SEPD,HV,1,TM3243,337,2026-06-25T04:38:26Z,2026-06-25T04:38:26Z,0.0
BH22 8UT,SEPD,HV,1,TM3243,337,2026-06-25T04:38:26Z,2026-06-25T04:38:26Z,0.0
BH22 8UU,SEPD,HV,1,TM3243,337,2026-06-25T04:38:26Z,2026-06-25T04:38:26Z,0.0
BH22 8UX,SEPD,HV,1,TM3243,337,2026-06-25T04:38:26Z,2026-06-25T04:38:26Z,0.0
BH22 8UY,SEPD,HV,1,TM3243,337,2026-06-25T04:38:26Z,2026-06-25T04:38:26Z,0.0
BH22 8UZ,SEPD,HV,1,TM3243,337,2026-06-25T04:38:26Z,2026-06-25T04:38:26Z,0.0
BH22 8XA,SEPD,HV,1,TM3243,337,2026-06-25T04:38:26Z,2026-06-25T04:38:26Z,0.0
BH22 8XB,SEPD,HV,1,TM3243,337,2026-06-25T04:38:26Z,2026-06-25T04:38:26Z,0.0
BH22 8XD,SEPD,HV,1,TM3243,337,2026-06-25T04:38:26Z,2026-06-25T04:38:26Z,0.0
BH22 8XE,SEPD,HV,1,TM3243,337,2026-06-25T04:38:26Z,2026-06-25T04:38:26Z,0.0
BH22 8XF,SEPD,HV,1,TM3243,337,2026-06-25T04:38:26Z,2026-06-25T04:38:26Z,0.0
BH22 8XG,SEPD,HV,1,TM3243,337,2026-06-25T04:38:26Z,2026-06-25T04:38:26Z,0.0
BH22 8XH,SEPD,HV,1,TM3243,337,2026-06-25T04:38:26Z,2026-06-25T04:38:26Z,0.0
BH22 8XN,SEPD,HV,1,TM3243,337,2026-06-25T04:38:26Z,2026-06-25T04:38:26Z,0.0
BH22 8XQ,SEPD,HV,1,TM3243,337,2026-06-25T04:38:26Z,2026-06-25T04:38:26Z,0.0
BH22 9AH,SEPD,HV,1,TM3243,337,2026-06-25T04:38:26Z,2026-06-25T04:38:26Z,0.0
BH22 9AJ,SEPD,HV,1,TM3243,337,2026-06-25T04:38:26Z,2026-06-25T04:38:26Z,0.0
BH22 9AY,SEPD,HV,1,TM3243,337,2026-06-25T04:38:26Z,2026-06-25T04:38:26Z,0.0
BH22 9BB,SEPD,HV,1,TM3243,337,2026-06-25T04:38:26Z,2026-06-25T04:38:26Z,0.0
BH22 9BD,SEPD,HV,1,TM3243,337,2026-06-25T04:38:26Z,2026-06-25T04:38:26Z,0.0
BH22 9BN,SEPD,HV,1,TM3243,337,2026-06-25T04:38:26Z,2026-06-25T04:38:26Z,0.0
BH22 9BS,SEPD,HV,1,TM3243,337,2026-06-25T04:38:26Z,2026-06-25T04:38:26Z,0.0
BH22 9DA,SEPD,HV,1,TM3243,337,2026-06-25T04:38:26Z,2026-06-25T04:38:26Z,0.0
BH22 9DB,SEPD,HV,1,TM3243,337,2026-06-25T04:38:26Z,2026-06-25T04:38:26Z,0.0
BH22 9DD,SEPD,HV,1,TM3243,337,2026-06-25T04:38:26Z,2026-06-25T04:38:26Z,0.0
BH22 9DS,SEPD,HV,1,TM3243,337,2026-06-25T04:38:26Z,2026-06-25T04:38:26Z,0.0
BH22 9FE,SEPD,HV,1,TM3243,337,2026-06-25T04:38:26Z,2026-06-25T04:38:26Z,0.0
BH22 9FF,SEPD,HV,1,TM3243,337,2026-06-25T04:38:26Z,2026-06-25T04:38:26Z,0.0
BH22 9FG,SEPD,HV,1,TM3243,337,2026-06-25T04:38:26Z,2026-06-25T04:38:26Z,0.0
BH22 9FH,SEPD,HV,1,TM3243,337,2026-06-25T04:38:26Z,2026-06-25T04:38:26Z,0.0
BH22 9FL,SEPD,HV,1,TM3243,337,2026-06-25T04:38:26Z,2026-06-25T04:38:26Z,0.0
BH22 9FN,SEPD,HV,1,TM3243,337,2026-06-25T04:38:26Z,2026-06-25T04:38:26Z,0.0
BH22 9HR,SEPD,HV,1,TM3243,337,2026-06-25T04:38:26Z,2026-06-25T04:38:26Z,0.0
BH22 9HS,SEPD,HV,1,TM3243,337,2026-06-25T04:38:26Z,2026-06-25T04:38:26Z,0.0
BH22 9HY,SEPD,HV,1,TM3243,337,2026-06-25T04:38:26Z,2026-06-25T04:38:26Z,0.0
BH22 9JE,SEPD,HV,1,TM3243,337,2026-06-25T04:38:26Z,2026-06-25T04:38:26Z,0.0
BH22 9JH,SEPD,HV,1,TM3243,337,2026-06-25T04:38:26Z,2026-06-25T04:38:26Z,0.0
BH22 9JJ,SEPD,HV,1,TM3243,337,2026-06-25T04:38:26Z,2026-06-25T04:38:26Z,0.0
BH22 9JL,SEPD,HV,1,TM3243,337,2026-06-25T04:38:26Z,2026-06-25T04:38:26Z,0.0
BH22 9JN,SEPD,HV,1,TM3243,337,2026-06-25T04:38:26Z,2026-06-25T04:38:26Z,0.0
BH22 9JQ,SEPD,HV,1,TM3243,337,2026-06-25T04:38:26Z,2026-06-25T04:38:26Z,0.0
BH22 9LA,SEPD,HV,1,TM3243,337,2026-06-25T04:38:26Z,2026-06-25T04:38:26Z,0.0
BH22 9LB,SEPD,HV,1,TM3243,337,2026-06-25T04:38:26Z,2026-06-25T04:38:26Z,0.0
BH22 9LD,SEPD,HV,1,TM3243,337,2026-06-25T04:38:26Z,2026-06-25T04:38:26Z,0.0
BH22 9LE,SEPD,HV,1,TM3243,337,2026-06-25T04:38:26Z,2026-06-25T04:38:26Z,0.0
BH22 9LF,SEPD,HV,1,TM3243,337,2026-06-25T04:38:26Z,2026-06-25T04:38:26Z,0.0
BH22 9LG,SEPD,HV,1,TM3243,337,2026-06-25T04:38:26Z,2026-06-25T04:38:26Z,0.0
BH22 9LL,SEPD,HV,1,TM3243,337,2026-06-25T04:38:26Z,2026-06-25T04:38:26Z,0.0
BH22 9LN,SEPD,HV,1,TM3243,337,2026-06-25T04:38:26Z,2026-06-25T04:38:26Z,0.0
BH22 9LQ,SEPD,HV,1,TM3243,337,2026-06-25T04:38:26Z,2026-06-25T04:38:26Z,0.0
BH22 9NF,SEPD,HV,1,TM3243,337,2026-06-25T04:38:26Z,2026-06-25T04:38:26Z,0.0
BH22 9NG,SEPD,HV,1,TM3243,337,2026-06-25T04:38:26Z,2026-06-25T04:38:26Z,0.0
BH22 9NH,SEPD,HV,1,TM3243,337,2026-06-25T04:38:26Z,2026-06-25T04:38:26Z,0.0
BH22 9NP,SEPD,HV,1,TM3243,337,2026-06-25T04:38:26Z,2026-06-25T04:38:26Z,0.0
BH22 9NQ,SEPD,HV,1,TM3243,337,2026-06-25T04:38:26Z,2026-06-25T04:38:26Z,0.0
BH22 9NU,SEPD,HV,1,TM3243,337,2026-06-25T04:38:26Z,2026-06-25T04:38:26Z,0.0
BH22 9PB,SEPD,HV,1,TM3243,337,2026-06-25T04:38:26Z,2026-06-25T04:38:26Z,0.0
BH22 9RS,SEPD,HV,1,TM3243,337,2026-06-25T04:38:26Z,2026-06-25T04:38:26Z,0.0
BH22 9RT,SEPD,HV,1,TM3243,337,2026-06-25T04:38:26Z,2026-06-25T04:38:26Z,0.0
BH22 9RU,SEPD,HV,1,TM3243,337,2026-06-25T04:38:26Z,2026-06-25T04:38:26Z,0.0
BH22 9RW,SEPD,HV,1,TM3243,337,2026-06-25T04:38:26Z,2026-06-25T04:38:26Z,0.0
BH22 9RX,SEPD,HV,1,TM3243,337,2026-06-25T04:38:26Z,2026-06-25T04:38:26Z,0.0
BH22 9SA,SEPD,HV,1,TM3243,337,2026-06-25T04:38:26Z,2026-06-25T04:38:26Z,0.0
BH22 9SB,SEPD,HV,1,TM3243,337,2026-06-25T04:38:26Z,2026-06-25T04:38:26Z,0.0
BH22 9SD,SEPD,HV,1,TM3243,337,2026-06-25T04:38:26Z,2026-06-25T04:38:26Z,0.0
BH22 9SE,SEPD,HV,1,TM3243,337,2026-06-25T04:38:26Z,2026-06-25T04:38:26Z,0.0
BH22 9SF,SEPD,HV,1,TM3243,337,2026-06-25T04:38:26Z,2026-06-25T04:38:26Z,0.0
BH22 9TD,SEPD,HV,1,TM3243,337,2026-06-25T04:38:26Z,2026-06-25T04:38:26Z,0.0
BH22 9TT,SEPD,HV,1,TM3243,337,2026-06-25T04:38:26Z,2026-06-25T04:38:26Z,0.0
BH23 5QP,SEPD,LV,1,TK7075,9,2026-06-22T16:07:52Z,2026-06-22T16:07:52Z,0.0
BH23 5QR,SEPD,LV,1,TK7075,9,2026-06-22T16:07:52Z,2026-06-22T16:07:52Z,0.0
BH24 1EY,SEPD,LV,1,TM8931,15,2026-06-27T00:17:17Z,2026-06-27T00:17:17Z,0.0
BH24 1HE,SEPD,LV,1,TM8931,15,2026-06-27T00:17:17Z,2026-06-27T00:17:17Z,0.0
BH24 1HY,SEPD,LV,1,TM8931,15,2026-06-27T00:17:17Z,2026-06-27T00:17:17Z,0.0
BH24 1JD,SEPD,LV,1,TM8931,15,2026-06-27T00:17:17Z,2026-06-27T00:17:17Z,0.0
BH24 1JZ,SEPD,LV,1,TM8931,15,2026-06-27T00:17:17Z,2026-06-27T00:17:17Z,0.0
BH5 1HJ,SEPD,PSI,1,252662,34,2026-06-22T11:21:18Z,2026-06-22T11:21:18Z,0.0
BH5 1HN,SEPD,PSI,1,252662,34,2026-06-22T11:21:18Z,2026-06-22T11:21:18Z,0.0
BH8 0DG,SEPD,PSI,1,252178,7,2026-06-24T13:52:53Z,2026-06-24T13:52:53Z,0.0
BH8 0DL,SEPD,PSI,1,252177,5,2026-06-24T11:34:27Z,2026-06-24T11:34:27Z,0.0
BH8 0DQ,SEPD,PSI,1,252177,5,2026-06-24T11:34:27Z,2026-06-24T11:34:27Z,0.0
BH8 0DW,SEPD,PSI,1,252177,5,2026-06-24T11:34:27Z,2026-06-24T11:34:27Z,0.0
BH8 0DZ,SEPD,PSI,1,252178,7,2026-06-24T13:52:53Z,2026-06-24T13:52:53Z,0.0
BH9 1PA,SEPD,LV,1,TN0341,18,2026-06-27T23:44:01Z,2026-06-27T23:44:01Z,0.0
BH9 1PB,SEPD,LV,1,TN0341,18,2026-06-27T23:44:01Z,2026-06-27T23:44:01Z,0.0
BH9 1PG,SEPD,LV,1,TN0341,18,2026-06-27T23:44:01Z,2026-06-27T23:44:01Z,0.0
BH9 1PJ,SEPD,LV,1,TN0341,18,2026-06-27T23:44:01Z,2026-06-27T23:44:01Z,0.0
BH9 2DZ,SEPD,LV,1,TN0341,18,2026-06-27T23:44:01Z,2026-06-27T23:44:01Z,0.0
BH9 2EG,SEPD,LV,1,TN0341,18,2026-06-27T23:44:01Z,2026-06-27T23:44:01Z,0.0
BH9 2PU,SEPD,LV,1,TN0341,18,2026-06-27T23:44:01Z,2026-06-27T23:44:01Z,0.0
BN18 0AA,SEPD,HV,1,TK9535,145,2026-06-23T11:50:26Z,2026-06-23T11:50:26Z,0.0
BN18 0AU,SEPD,HV,1,TK9535,145,2026-06-23T11:50:26Z,2026-06-23T11:50:26Z,0.0
BN18 0DF,SEPD,HV,1,TK9535,145,2026-06-23T11:50:26Z,2026-06-23T11:50:26Z,0.0
BN18 0DG,SEPD,HV,1,TK9535,145,2026-06-23T11:50:26Z,2026-06-23T11:50:26Z,0.0
BN18 0DH,SEPD,HV,1,TK9535,145,2026-06-23T11:50:26Z,2026-06-23T11:50:26Z,0.0
BN18 0DJ,SEPD,HV,1,TK9535,145,2026-06-23T11:50:26Z,2026-06-23T11:50:26Z,0.0
BN18 0DL,SEPD,HV,1,TK9535,145,2026-06-23T11:50:26Z,2026-06-23T11:50:26Z,0.0
BN18 0DN,SEPD,HV,1,TK9535,145,2026-06-23T11:50:26Z,2026-06-23T11:50:26Z,0.0
BN18 0DP,SEPD,HV,1,TK9535,145,2026-06-23T11:50:26Z,2026-06-23T11:50:26Z,0.0
BN18 0DQ,SEPD,HV,1,TK9535,145,2026-06-23T11:50:26Z,2026-06-23T11:50:26Z,0.0
BN18 0DR,SEPD,HV,1,TK9535,145,2026-06-23T11:50:26Z,2026-06-23T11:50:26Z,0.0
BN18 0DS,SEPD,HV,1,TK9535,145,2026-06-23T11:50:26Z,2026-06-23T11:50:26Z,0.0
BN18 0DT,SEPD,HV,1,TK9535,145,2026-06-23T11:50:26Z,2026-06-23T11:50:26Z,0.0
BN18 0DU,SEPD,HV,1,TK9535,145,2026-06-23T11:50:26Z,2026-06-23T11:50:26Z,0.0
BN18 0DW,SEPD,HV,1,TK9535,145,2026-06-23T11:50:26Z,2026-06-23T11:50:26Z,0.0
BN18 0DX,SEPD,HV,1,TK9535,145,2026-06-23T11:50:26Z,2026-06-23T11:50:26Z,0.0
BN18 0DY,SEPD,HV,1,TK9535,145,2026-06-23T11:50:26Z,2026-06-23T11:50:26Z,0.0
BN18 0DZ,SEPD,HV,1,TK9535,145,2026-06-23T11:50:26Z,2026-06-23T11:50:26Z,0.0
BN18 0EA,SEPD,HV,1,TK9535,145,2026-06-23T11:50:26Z,2026-06-23T11:50:26Z,0.0
BN18 0EB,SEPD,HV,1,TK9535,145,2026-06-23T11:50:26Z,2026-06-23T11:50:26Z,0.0
BN18 0ED,SEPD,HV,1,TK9535,145,2026-06-23T11:50:26Z,2026-06-23T11:50:26Z,0.0
BN18 0EE,SEPD,HV,1,TK9535,145,2026-06-23T11:50:26Z,2026-06-23T11:50:26Z,0.0
BN18 0EG,SEPD,HV,1,TK9535,145,2026-06-23T11:50:26Z,2026-06-23T11:50:26Z,0.0
BN18 0EH,SEPD,HV,1,TK9535,145,2026-06-23T11:50:26Z,2026-06-23T11:50:26Z,0.0
BN18 0EJ,SEPD,HV,1,TK9535,145,2026-06-23T11:50:26Z,2026-06-23T11:50:26Z,0.0
BN18 0EL,SEPD,HV,1,TK9535,145,2026-06-23T11:50:26Z,2026-06-23T11:50:26Z,0.0
BN18 0EN,SEPD,HV,1,TK9535,145,2026-06-23T11:50:26Z,2026-06-23T11:50:26Z,0.0
BN18 0EP,SEPD,HV,1,TK9535,145,2026-06-23T11:50:26Z,2026-06-23T11:50:26Z,0.0
BN18 0EQ,SEPD,HV,1,TK9535,145,2026-06-23T11:50:26Z,2026-06-23T11:50:26Z,0.0
BN18 0ER,SEPD,HV,1,TK9535,145,2026-06-23T11:50:26Z,2026-06-23T11:50:26Z,0.0
BN18 0ES,SEPD,HV,1,TK9535,145,2026-06-23T11:50:26Z,2026-06-23T11:50:26Z,0.0
BN18 0ET,SEPD,HV,1,TK9535,145,2026-06-23T11:50:26Z,2026-06-23T11:50:26Z,0.0
BN18 0EU,SEPD,HV,1,TK9535,145,2026-06-23T11:50:26Z,2026-06-23T11:50:26Z,0.0
BN18 0EW,SEPD,HV,1,TK9535,145,2026-06-23T11:50:26Z,2026-06-23T11:50:26Z,0.0
BN18 0EX,SEPD,HV,1,TK9535,145,2026-06-23T11:50:26Z,2026-06-23T11:50:26Z,0.0
BN18 0EY,SEPD,HV,1,TK9535,145,2026-06-23T11:50:26Z,2026-06-23T11:50:26Z,0.0
BN18 0EZ,SEPD,HV,1,TK9535,145,2026-06-23T11:50:26Z,2026-06-23T11:50:26Z,0.0
BN18 0FA,SEPD,HV,1,TK9535,145,2026-06-23T11:50:26Z,2026-06-23T11:50:26Z,0.0
BN18 0FE,SEPD,HV,1,TK9535,145,2026-06-23T11:50:26Z,2026-06-23T11:50:26Z,0.0
BN18 0FF,SEPD,HV,1,TK9535,145,2026-06-23T11:50:26Z,2026-06-23T11:50:26Z,0.0
BN18 0FG,SEPD,HV,1,TK9535,145,2026-06-23T11:50:26Z,2026-06-23T11:50:26Z,0.0
BN18 0FL,SEPD,HV,1,TK9535,145,2026-06-23T11:50:26Z,2026-06-23T11:50:26Z,0.0
BN18 0GA,SEPD,HV,1,TK9535,145,2026-06-23T11:50:26Z,2026-06-23T11:50:26Z,0.0
BN18 0HA,SEPD,HV,1,TK9535,145,2026-06-23T11:50:26Z,2026-06-23T11:50:26Z,0.0
BN18 0HB,SEPD,HV,1,TK9535,145,2026-06-23T11:50:26Z,2026-06-23T11:50:26Z,0.0
BN18 0HD,SEPD,HV,1,TK9535,145,2026-06-23T11:50:26Z,2026-06-23T11:50:26Z,0.0
BN18 0HE,SEPD,HV,1,TK9535,145,2026-06-23T11:50:26Z,2026-06-23T11:50:26Z,0.0
BN18 0HF,SEPD,HV,1,TK9535,145,2026-06-23T11:50:26Z,2026-06-23T11:50:26Z,0.0
BN18 0HG,SEPD,HV,1,TK9535,145,2026-06-23T11:50:26Z,2026-06-23T11:50:26Z,0.0
BN18 0HZ,SEPD,HV,1,TK9535,145,2026-06-23T11:50:26Z,2026-06-23T11:50:26Z,0.0
BN18 0NJ,SEPD,PSI,1,252230,35,2026-06-27T07:36:57Z,2026-06-27T07:36:57Z,0.0
BN18 0NN,SEPD,PSI,1,252230,35,2026-06-27T07:36:57Z,2026-06-27T07:36:57Z,0.0
BN18 0NP,SEPD,PSI,1,252230,35,2026-06-27T07:36:57Z,2026-06-27T07:36:57Z,0.0
BN18 0NU,SEPD,PSI,1,252230,35,2026-06-27T07:36:57Z,2026-06-27T07:36:57Z,0.0
BN18 0TN,SEPD,HV,1,TK9535,145,2026-06-23T11:50:26Z,2026-06-23T11:50:26Z,0.0
BN18 0UA,SEPD,HV,1,TK9535,145,2026-06-23T11:50:26Z,2026-06-23T11:50:26Z,0.0
BN18 0UZ,SEPD,HV,1,TK9535,145,2026-06-23T11:50:26Z,2026-06-23T11:50:26Z,0.0
BN18 0XH,SEPD,HV,1,TK9535,145,2026-06-23T11:50:26Z,2026-06-23T11:50:26Z,0.0
BN18 9FD,SEPD,PSI,1,252230,35,2026-06-27T07:36:57Z,2026-06-27T07:36:57Z,0.0
BN18 9LL,SEPD,PSI,1,252230,35,2026-06-27T07:36:57Z,2026-06-27T07:36:57Z,0.0
DD10 0RU,SHEPD,HV,1,TM2081,24,2026-06-24T18:12:03Z,2026-06-24T18:12:03Z,0.0
DD11 4QP,SHEPD,PSI,1,252154,10,2026-06-23T11:50:26Z,2026-06-23T11:50:26Z,0.0
DD11 4RP,SHEPD,PSI,1,252154,10,2026-06-23T11:50:26Z,2026-06-23T11:50:26Z,0.0
DD2 4UB,SHEPD,PSI,1,252329,6,2026-06-28T09:47:12Z,2026-06-28T09:47:12Z,0.0
DD4 0QE,SHEPD,HV,1,TM1100,86,2026-06-24T11:34:27Z,2026-06-24T11:34:27Z,0.0
DD4 0QF,SHEPD,HV,1,TM1100,86,2026-06-24T11:34:27Z,2026-06-24T11:34:27Z,0.0
DD4 0RG,SHEPD,PSI,1,251395,7,2026-06-26T01:38:09Z,2026-06-26T01:38:09Z,0.0
DD5 1AW,SHEPD,LV,1,TM9293,7,2026-06-27T07:36:57Z,2026-06-27T07:36:57Z,0.0
DD5 1AX,SHEPD,LV,1,TM9293,7,2026-06-27T07:36:57Z,2026-06-27T07:36:57Z,0.0
DD5 1BD,SHEPD,LV,1,TM9293,7,2026-06-27T07:36:57Z,2026-06-27T07:36:57Z,0.0
DD5 1BE,SHEPD,LV,1,TM9293,7,2026-06-27T07:36:57Z,2026-06-27T07:36:57Z,0.0
DD5 1HX,SHEPD,LV,1,TM9293,7,2026-06-27T07:36:57Z,2026-06-27T07:36:57Z,0.0
DD5 3QA,SHEPD,HV,1,TM3081,5,2026-06-25T04:38:26Z,2026-06-25T04:38:26Z,0.0
DD5 3QD,SHEPD,HV,1,TM3081,5,2026-06-25T04:38:26Z,2026-06-25T04:38:26Z,0.0
DD7 6HF,SHEPD,LV,1,TM3495,4,2026-06-25T13:10:43Z,2026-06-25T13:10:43Z,0.0
DD7 6LY,SHEPD,HV,1,TK9798,5,2026-06-23T14:14:17Z,2026-06-23T14:14:17Z,0.0
DD8,SHEPD,HV,1,TM7315,69,2026-06-26T09:45:43Z,2026-06-26T09:45:43Z,0.0
DD8 1TW,SHEPD,HV,1,TM1100,86,2026-06-24T11:34:27Z,2026-06-24T11:34:27Z,0.0
DD8 1TX,SHEPD,HV,1,TM1100,86,2026-06-24T11:34:27Z,2026-06-24T11:34:27Z,0.0
DD8 1XN,SHEPD,HV,1,TM1100,86,2026-06-24T11:34:27Z,2026-06-24T11:34:27Z,0.0
DD8 1XP,SHEPD,HV,1,TM1100,86,2026-06-24T11:34:27Z,2026-06-24T11:34:27Z,0.0
DD8 1XQ,SHEPD,HV,1,TM1100,86,2026-06-24T11:34:27Z,2026-06-24T11:34:27Z,0.0
DD8 1XR,SHEPD,HV,1,TM1100,86,2026-06-24T11:34:27Z,2026-06-24T11:34:27Z,0.0
DD8 2JN,SHEPD,HV,1,TM1100,86,2026-06-24T11:34:27Z,2026-06-24T11:34:27Z,0.0
DD8 2JP,SHEPD,HV,1,TM1100,86,2026-06-24T11:34:27Z,2026-06-24T11:34:27Z,0.0
DD8 2JS,SHEPD,HV,1,TM1100,86,2026-06-24T11:34:27Z,2026-06-24T11:34:27Z,0.0
DD8 2JT,SHEPD,HV,1,TM1100,86,2026-06-24T11:34:27Z,2026-06-24T11:34:27Z,0.0
DD8 2JU,SHEPD,HV,1,TM1100,86,2026-06-24T11:34:27Z,2026-06-24T11:34:27Z,0.0
DD8 2JW,SHEPD,HV,1,TM1100,86,2026-06-24T11:34:27Z,2026-06-24T11:34:27Z,0.0
DD8 3TP,SHEPD,HV,1,TM7315,69,2026-06-26T09:45:43Z,2026-06-26T09:45:43Z,0.0
DD8 3TR,SHEPD,HV,1,TM7315,69,2026-06-26T09:45:43Z,2026-06-26T09:45:43Z,0.0
DD8 3TS,SHEPD,HV,1,TM7315,69,2026-06-26T09:45:43Z,2026-06-26T09:45:43Z,0.0
DD8 4EE,SHEPD,HV,1,TM7315,69,2026-06-26T09:45:43Z,2026-06-26T09:45:43Z,0.0
DD8 4LG,SHEPD,HV,1,TM7315,69,2026-06-26T09:45:43Z,2026-06-26T09:45:43Z,0.0
DD8 4LH,SHEPD,HV,1,TM7315,69,2026-06-26T09:45:43Z,2026-06-26T09:45:43Z,0.0
DD8 4LJ,SHEPD,HV,1,TM7315,69,2026-06-26T09:45:43Z,2026-06-26T09:45:43Z,0.0
DD8 4LL,SHEPD,HV,1,TM7315,69,2026-06-26T09:45:43Z,2026-06-26T09:45:43Z,0.0
DD8 4LR,SHEPD,HV,1,TM7315,69,2026-06-26T09:45:43Z,2026-06-26T09:45:43Z,0.0
DD8 4LS,SHEPD,HV,1,TM7315,69,2026-06-26T09:45:43Z,2026-06-26T09:45:43Z,0.0
DD8 4NB,SHEPD,HV,1,TM7315,69,2026-06-26T09:45:43Z,2026-06-26T09:45:43Z,0.0
DD8 4ND,SHEPD,HV,1,TM7315,69,2026-06-26T09:45:43Z,2026-06-26T09:45:43Z,0.0
DD8 4NE,SHEPD,HV,1,TM7315,69,2026-06-26T09:45:43Z,2026-06-26T09:45:43Z,0.0
DD8 4NF,SHEPD,HV,1,TM7315,69,2026-06-26T09:45:43Z,2026-06-26T09:45:43Z,0.0
DD8 4PN,SHEPD,HV,1,TM7315,69,2026-06-26T09:45:43Z,2026-06-26T09:45:43Z,0.0
DD8 4PP,SHEPD,HV,1,TM7315,69,2026-06-26T09:45:43Z,2026-06-26T09:45:43Z,0.0
DD8 4PZ,SHEPD,HV,1,TM7315,69,2026-06-26T09:45:43Z,2026-06-26T09:45:43Z,0.0
DD8 4QA,SHEPD,HV,1,TM7315,69,2026-06-26T09:45:43Z,2026-06-26T09:45:43Z,0.0
DD8 4QB,SHEPD,HV,1,TM7315,69,2026-06-26T09:45:43Z,2026-06-26T09:45:43Z,0.0
DD8 4QE,SHEPD,HV,1,TM7315,69,2026-06-26T09:45:43Z,2026-06-26T09:45:43Z,0.0
DD8 4QF,SHEPD,HV,1,TM7315,69,2026-06-26T09:45:43Z,2026-06-26T09:45:43Z,0.0
DD8 4QG,SHEPD,HV,1,TM7315,69,2026-06-26T09:45:43Z,2026-06-26T09:45:43Z,0.0
DD8 4QH,SHEPD,HV,1,TM7315,69,2026-06-26T09:45:43Z,2026-06-26T09:45:43Z,0.0
DD8 4QJ,SHEPD,HV,1,TM7315,69,2026-06-26T09:45:43Z,2026-06-26T09:45:43Z,0.0
DD8 4QL,SHEPD,HV,1,TM7315,69,2026-06-26T09:45:43Z,2026-06-26T09:45:43Z,0.0
DD8 4QN,SHEPD,HV,1,TM7315,69,2026-06-26T09:45:43Z,2026-06-26T09:45:43Z,0.0
DD8 4QP,SHEPD,HV,1,TM7315,69,2026-06-26T09:45:43Z,2026-06-26T09:45:43Z,0.0
DD8 4QQ,SHEPD,HV,1,TM7315,69,2026-06-26T09:45:43Z,2026-06-26T09:45:43Z,0.0
DD8 4QR,SHEPD,HV,1,TM7315,69,2026-06-26T09:45:43Z,2026-06-26T09:45:43Z,0.0
DD8 4QS,SHEPD,HV,1,TM7315,69,2026-06-26T09:45:43Z,2026-06-26T09:45:43Z,0.0
DD8 4QT,SHEPD,HV,1,TM7315,69,2026-06-26T09:45:43Z,2026-06-26T09:45:43Z,0.0
DD8 4QU,SHEPD,HV,1,TM7315,69,2026-06-26T09:45:43Z,2026-06-26T09:45:43Z,0.0
DD8 4RA,SHEPD,HV,1,TM7315,69,2026-06-26T09:45:43Z,2026-06-26T09:45:43Z,0.0
DD8 4RB,SHEPD,HV,1,TM7315,69,2026-06-26T09:45:43Z,2026-06-26T09:45:43Z,0.0
DD8 4RD,SHEPD,HV,1,TM7315,69,2026-06-26T09:45:43Z,2026-06-26T09:45:43Z,0.0
DD8 4RP,SHEPD,HV,1,TM7315,69,2026-06-26T09:45:43Z,2026-06-26T09:45:43Z,0.0
DD8 4RQ,SHEPD,HV,1,TM7315,69,2026-06-26T09:45:43Z,2026-06-26T09:45:43Z,0.0
DD8 4RR,SHEPD,HV,1,TM7315,69,2026-06-26T09:45:43Z,2026-06-26T09:45:43Z,0.0
DD8 4RS,SHEPD,HV,1,TM7315,69,2026-06-26T09:45:43Z,2026-06-26T09:45:43Z,0.0
DD8 4SA,SHEPD,HV,1,TM7315,69,2026-06-26T09:45:43Z,2026-06-26T09:45:43Z,0.0
DD8 4SB,SHEPD,HV,1,TM7315,69,2026-06-26T09:45:43Z,2026-06-26T09:45:43Z,0.0
DD8 4SD,SHEPD,HV,1,TM7315,69,2026-06-26T09:45:43Z,2026-06-26T09:45:43Z,0.0
DD8 4SJ,SHEPD,HV,1,TM7315,69,2026-06-26T09:45:43Z,2026-06-26T09:45:43Z,0.0
DD8 4YF,SHEPD,HV,1,TM7315,69,2026-06-26T09:45:43Z,2026-06-26T09:45:43Z,0.0
DD8 5EX,SHEPD,HV,1,TM7315,69,2026-06-26T09:45:43Z,2026-06-26T09:45:43Z,0.0
DD8 5EY,SHEPD,HV,1,TM7315,69,2026-06-26T09:45:43Z,2026-06-26T09:45:43Z,0.0
DD8 5EZ,SHEPD,HV,1,TM9403,20,2026-06-27T09:50:09Z,2026-06-27T09:50:09Z,0.0
DD8 5HB,SHEPD,HV,1,TM9403,20,2026-06-27T09:50:09Z,2026-06-27T09:50:09Z,0.0
DD8 5HD,SHEPD,HV,1,TM9403,20,2026-06-27T09:50:09Z,2026-06-27T09:50:09Z,0.0
DD8 5HX,SHEPD,HV,1,TM9403,20,2026-06-27T09:50:09Z,2026-06-27T09:50:09Z,0.0
DD8 5HY,SHEPD,HV,1,TM9403,20,2026-06-27T09:50:09Z,2026-06-27T09:50:09Z,0.0
DD9 7QN,SHEPD,PSI,1,252416,15,2026-06-23T11:50:26Z,2026-06-23T11:50:26Z,0.0
DT10 2RY,SEPD,HV,1,TK8523,79,2026-06-22T21:52:49Z,2026-06-22T21:52:49Z,0.0
DT11,SEPD,HV,1,TM2431,262,2026-06-24T20:11:22Z,2026-06-24T20:11:22Z,0.0
DT11 7JZ,SEPD,LV,1,TM1966,10,2026-06-24T16:12:37Z,2026-06-24T16:12:37Z,0.0
DT11 7LA,SEPD,LV,1,TM1966,10,2026-06-24T16:12:37Z,2026-06-24T16:12:37Z,0.0
DT11 7SA,SEPD,LV,1,TM1966,10,2026-06-24T16:12:37Z,2026-06-24T16:12:37Z,0.0
DT11 7SE,SEPD,LV,1,TM1966,10,2026-06-24T16:12:37Z,2026-06-24T16:12:37Z,0.0
DT11 7UY,SEPD,LV,1,TM1966,10,2026-06-24T16:12:37Z,2026-06-24T16:12:37Z,0.0
DT11 8DH,SEPD,HV,1,TM2431,262,2026-06-24T20:11:22Z,2026-06-24T20:11:22Z,0.0
DT11 8DR,SEPD,HV,1,TM2431,262,2026-06-24T20:11:22Z,2026-06-24T20:11:22Z,0.0
DT11 8DW,SEPD,HV,1,TM2431,262,2026-06-24T20:11:22Z,2026-06-24T20:11:22Z,0.0
DT11 8FL,SEPD,HV,1,TM2431,262,2026-06-24T20:11:22Z,2026-06-24T20:11:22Z,0.0
DT11 8FP,SEPD,HV,1,TM2431,262,2026-06-24T20:11:22Z,2026-06-24T20:11:22Z,0.0
DT11 8FZ,SEPD,HV,1,TM2431,262,2026-06-24T20:11:22Z,2026-06-24T20:11:22Z,0.0
DT11 8JD,SEPD,HV,1,TM2431,262,2026-06-24T20:11:22Z,2026-06-24T20:11:22Z,0.0
DT11 8LB,SEPD,HV,1,TM2431,262,2026-06-24T20:11:22Z,2026-06-24T20:11:22Z,0.0
DT11 8LE,SEPD,HV,1,TM2431,262,2026-06-24T20:11:22Z,2026-06-24T20:11:22Z,0.0
DT11 8LF,SEPD,HV,1,TM2431,262,2026-06-24T20:11:22Z,2026-06-24T20:11:22Z,0.0
DT11 8LG,SEPD,HV,1,TM2431,262,2026-06-24T20:11:22Z,2026-06-24T20:11:22Z,0.0
DT11 8LH,SEPD,HV,1,TM2431,262,2026-06-24T20:11:22Z,2026-06-24T20:11:22Z,0.0
DT11 8LP,SEPD,HV,1,TM2431,262,2026-06-24T20:11:22Z,2026-06-24T20:11:22Z,0.0
DT11 8LQ,SEPD,HV,1,TM2431,262,2026-06-24T20:11:22Z,2026-06-24T20:11:22Z,0.0
DT11 8LR,SEPD,HV,1,TM2431,262,2026-06-24T20:11:22Z,2026-06-24T20:11:22Z,0.0
DT11 8LS,SEPD,HV,1,TM2431,262,2026-06-24T20:11:22Z,2026-06-24T20:11:22Z,0.0
DT11 8LT,SEPD,HV,1,TM2431,262,2026-06-24T20:11:22Z,2026-06-24T20:11:22Z,0.0
DT11 8LU,SEPD,HV,1,TM2431,262,2026-06-24T20:11:22Z,2026-06-24T20:11:22Z,0.0
DT11 8LW,SEPD,HV,1,TM2431,262,2026-06-24T20:11:22Z,2026-06-24T20:11:22Z,0.0
DT11 8LX,SEPD,HV,1,TM2431,262,2026-06-24T20:11:22Z,2026-06-24T20:11:22Z,0.0
DT11 8LY,SEPD,HV,1,TM2431,262,2026-06-24T20:11:22Z,2026-06-24T20:11:22Z,0.0
DT11 8LZ,SEPD,HV,1,TM2431,262,2026-06-24T20:11:22Z,2026-06-24T20:11:22Z,0.0
DT11 8NA,SEPD,HV,1,TM2431,262,2026-06-24T20:11:22Z,2026-06-24T20:11:22Z,0.0
DT11 8NB,SEPD,HV,1,TM2431,262,2026-06-24T20:11:22Z,2026-06-24T20:11:22Z,0.0
DT11 8ND,SEPD,HV,1,TM2431,262,2026-06-24T20:11:22Z,2026-06-24T20:11:22Z,0.0
DT11 8NE,SEPD,HV,1,TM2431,262,2026-06-24T20:11:22Z,2026-06-24T20:11:22Z,0.0
DT11 8NF,SEPD,HV,1,TM2431,262,2026-06-24T20:11:22Z,2026-06-24T20:11:22Z,0.0
DT11 8NG,SEPD,HV,1,TM2431,262,2026-06-24T20:11:22Z,2026-06-24T20:11:22Z,0.0
DT11 8NH,SEPD,HV,1,TM2431,262,2026-06-24T20:11:22Z,2026-06-24T20:11:22Z,0.0
DT11 8NJ,SEPD,HV,1,TM2431,262,2026-06-24T20:11:22Z,2026-06-24T20:11:22Z,0.0
DT11 8NL,SEPD,HV,1,TM2431,262,2026-06-24T20:11:22Z,2026-06-24T20:11:22Z,0.0
DT11 8NN,SEPD,HV,1,TM2431,262,2026-06-24T20:11:22Z,2026-06-24T20:11:22Z,0.0
DT11 8NP,SEPD,HV,1,TM2431,262,2026-06-24T20:11:22Z,2026-06-24T20:11:22Z,0.0
DT11 8NQ,SEPD,HV,1,TM2431,262,2026-06-24T20:11:22Z,2026-06-24T20:11:22Z,0.0
DT11 8NR,SEPD,HV,1,TM2431,262,2026-06-24T20:11:22Z,2026-06-24T20:11:22Z,0.0
DT11 8NS,SEPD,HV,1,TM2431,262,2026-06-24T20:11:22Z,2026-06-24T20:11:22Z,0.0
DT11 8NT,SEPD,HV,1,TM2431,262,2026-06-24T20:11:22Z,2026-06-24T20:11:22Z,0.0
DT11 8NU,SEPD,HV,1,TM2431,262,2026-06-24T20:11:22Z,2026-06-24T20:11:22Z,0.0
DT11 8NW,SEPD,HV,1,TM2431,262,2026-06-24T20:11:22Z,2026-06-24T20:11:22Z,0.0
DT11 8NX,SEPD,HV,1,TM2431,262,2026-06-24T20:11:22Z,2026-06-24T20:11:22Z,0.0
DT11 8NY,SEPD,HV,1,TM2431,262,2026-06-24T20:11:22Z,2026-06-24T20:11:22Z,0.0
DT11 8NZ,SEPD,HV,1,TM2431,262,2026-06-24T20:11:22Z,2026-06-24T20:11:22Z,0.0
DT11 8PA,SEPD,HV,1,TM2431,262,2026-06-24T20:11:22Z,2026-06-24T20:11:22Z,0.0
DT11 8PB,SEPD,HV,1,TM2431,262,2026-06-24T20:11:22Z,2026-06-24T20:11:22Z,0.0
DT11 8PD,SEPD,HV,1,TM2431,262,2026-06-24T20:11:22Z,2026-06-24T20:11:22Z,0.0
DT11 8PE,SEPD,HV,1,TM2431,262,2026-06-24T20:11:22Z,2026-06-24T20:11:22Z,0.0
DT11 8PF,SEPD,HV,1,TM2431,262,2026-06-24T20:11:22Z,2026-06-24T20:11:22Z,0.0
DT11 8PG,SEPD,HV,1,TM2431,262,2026-06-24T20:11:22Z,2026-06-24T20:11:22Z,0.0
DT11 8PJ,SEPD,HV,1,TM2431,262,2026-06-24T20:11:22Z,2026-06-24T20:11:22Z,0.0
DT11 8PP,SEPD,HV,1,TM2431,262,2026-06-24T20:11:22Z,2026-06-24T20:11:22Z,0.0
DT11 8PQ,SEPD,HV,1,TM2431,262,2026-06-24T20:11:22Z,2026-06-24T20:11:22Z,0.0
DT11 8PR,SEPD,HV,1,TM2431,262,2026-06-24T20:11:22Z,2026-06-24T20:11:22Z,0.0
DT11 8PS,SEPD,HV,1,TM2431,262,2026-06-24T20:11:22Z,2026-06-24T20:11:22Z,0.0
DT11 8PU,SEPD,HV,1,TM2431,262,2026-06-24T20:11:22Z,2026-06-24T20:11:22Z,0.0
DT11 8PX,SEPD,HV,1,TM2431,262,2026-06-24T20:11:22Z,2026-06-24T20:11:22Z,0.0
DT11 8PY,SEPD,HV,1,TM2431,262,2026-06-24T20:11:22Z,2026-06-24T20:11:22Z,0.0
DT11 8PZ,SEPD,HV,1,TM2431,262,2026-06-24T20:11:22Z,2026-06-24T20:11:22Z,0.0
DT11 8QA,SEPD,HV,1,TM2431,262,2026-06-24T20:11:22Z,2026-06-24T20:11:22Z,0.0
DT11 8QB,SEPD,HV,1,TM2431,262,2026-06-24T20:11:22Z,2026-06-24T20:11:22Z,0.0
DT11 8QD,SEPD,HV,1,TM2431,262,2026-06-24T20:11:22Z,2026-06-24T20:11:22Z,0.0
DT11 8QE,SEPD,HV,1,TM2431,262,2026-06-24T20:11:22Z,2026-06-24T20:11:22Z,0.0
DT11 8QF,SEPD,HV,1,TM2431,262,2026-06-24T20:11:22Z,2026-06-24T20:11:22Z,0.0
DT11 8QG,SEPD,HV,1,TM2431,262,2026-06-24T20:11:22Z,2026-06-24T20:11:22Z,0.0
DT11 8QH,SEPD,HV,1,TM2431,262,2026-06-24T20:11:22Z,2026-06-24T20:11:22Z,0.0
DT11 8QJ,SEPD,HV,1,TM2431,262,2026-06-24T20:11:22Z,2026-06-24T20:11:22Z,0.0
DT11 8QL,SEPD,HV,1,TM2431,262,2026-06-24T20:11:22Z,2026-06-24T20:11:22Z,0.0
DT11 8QQ,SEPD,HV,1,TM2431,262,2026-06-24T20:11:22Z,2026-06-24T20:11:22Z,0.0
DT11 8QR,SEPD,HV,1,TM2431,262,2026-06-24T20:11:22Z,2026-06-24T20:11:22Z,0.0
DT11 8QS,SEPD,HV,1,TM2431,262,2026-06-24T20:11:22Z,2026-06-24T20:11:22Z,0.0
DT11 8QT,SEPD,HV,1,TM2431,262,2026-06-24T20:11:22Z,2026-06-24T20:11:22Z,0.0
DT11 8QW,SEPD,HV,1,TM2431,262,2026-06-24T20:11:22Z,2026-06-24T20:11:22Z,0.0
DT11 8RA,SEPD,HV,1,TM2431,262,2026-06-24T20:11:22Z,2026-06-24T20:11:22Z,0.0
DT11 8RB,SEPD,HV,1,TM2431,262,2026-06-24T20:11:22Z,2026-06-24T20:11:22Z,0.0
DT11 8RD,SEPD,HV,1,TM2431,262,2026-06-24T20:11:22Z,2026-06-24T20:11:22Z,0.0
DT11 8RF,SEPD,HV,1,TM2431,262,2026-06-24T20:11:22Z,2026-06-24T20:11:22Z,0.0
DT11 8RQ,SEPD,HV,1,TM2431,262,2026-06-24T20:11:22Z,2026-06-24T20:11:22Z,0.0
DT11 8RX,SEPD,HV,1,TM2431,262,2026-06-24T20:11:22Z,2026-06-24T20:11:22Z,0.0
DT11 8TP,SEPD,HV,1,TM2431,262,2026-06-24T20:11:22Z,2026-06-24T20:11:22Z,0.0
DT11 8TW,SEPD,HV,1,TM2431,262,2026-06-24T20:11:22Z,2026-06-24T20:11:22Z,0.0
DT11 8WE,SEPD,HV,1,TM2431,262,2026-06-24T20:11:22Z,2026-06-24T20:11:22Z,0.0
DT2 7HZ,SEPD,HV,1,TM4466,35,2026-06-25T15:45:55Z,2026-06-25T15:45:55Z,0.0
DT2 7JA,SEPD,HV,1,TM4466,35,2026-06-25T15:45:55Z,2026-06-25T15:45:55Z,0.0
DT2 7JD,SEPD,HV,1,TM4466,35,2026-06-25T15:45:55Z,2026-06-25T15:45:55Z,0.0
DT2 7NF,SEPD,HV,1,TM3011,13,2026-06-25T00:19:00Z,2026-06-25T00:19:00Z,0.0
DT2 8GE,SEPD,HV,1,TM2431,262,2026-06-24T20:11:22Z,2026-06-24T20:11:22Z,0.0
DT2 8GF,SEPD,HV,1,TM2431,262,2026-06-24T20:11:22Z,2026-06-24T20:11:22Z,0.0
DT2 8NZ,SEPD,PSI,1,251047,6,2026-06-22T11:21:18Z,2026-06-22T11:21:18Z,0.0
DT2 8RP,SEPD,PSI,1,251047,6,2026-06-22T11:21:18Z,2026-06-22T11:21:18Z,0.0
DT2 9WE,SEPD,HV,1,TM5926,131,2026-06-25T23:24:57Z,2026-06-25T23:24:57Z,0.0
DT5 2DY,SEPD,LV,1,TM2264,13,2026-06-24T18:12:03Z,2026-06-24T18:12:03Z,0.0
DT5 2EB,SEPD,LV,1,TM2264,13,2026-06-24T18:12:03Z,2026-06-24T18:12:03Z,0.0
DT5 2ED,SEPD,LV,1,TM2264,13,2026-06-24T18:12:03Z,2026-06-24T18:12:03Z,0.0
DT5 2EE,SEPD,LV,1,TM2264,13,2026-06-24T18:12:03Z,2026-06-24T18:12:03Z,0.0
DT5 2EU,SEPD,LV,1,TM2264,13,2026-06-24T18:12:03Z,2026-06-24T18:12:03Z,0.0
DT9,SEPD,HV,1,TM2431,262,2026-06-24T20:11:22Z,2026-06-24T20:11:22Z,0.0
FK14 7LP,SHEPD,PSI,1,251745,64,2026-06-23T11:50:26Z,2026-06-23T11:50:26Z,0.0
FK14 7LQ,SHEPD,PSI,1,251745,64,2026-06-23T11:50:26Z,2026-06-23T11:50:26Z,0.0
FK14 7LW,SHEPD,PSI,1,251745,64,2026-06-23T11:50:26Z,2026-06-23T11:50:26Z,0.0
FK14 7NJ,SHEPD,PSI,1,251745,64,2026-06-23T11:50:26Z,2026-06-23T11:50:26Z,0.0
FK14 7NW,SHEPD,PSI,1,251745,64,2026-06-23T11:50:26Z,2026-06-23T11:50:26Z,0.0
FK14 7PW,SHEPD,PSI,1,251745,64,2026-06-23T11:50:26Z,2026-06-23T11:50:26Z,0.0
FK17 8HG,SHEPD,PSI,1,252414,7,2026-06-24T11:34:27Z,2026-06-24T11:34:27Z,0.0
FK17 8HQ,SHEPD,PSI,1,252414,7,2026-06-24T11:34:27Z,2026-06-24T11:34:27Z,0.0
G46 8JG,SEPD,HV,1,TN0632,804,2026-06-28T06:33:58Z,2026-06-28T06:33:58Z,0.0
G51 3PA,SHEPD,LV,1,TM1826,24,2026-06-24T16:12:37Z,2026-06-24T16:12:37Z,0.0
G51 3PB,SHEPD,LV,1,TM1826,24,2026-06-24T16:12:37Z,2026-06-24T16:12:37Z,0.0
G51 3PS,SHEPD,LV,1,TM1826,24,2026-06-24T16:12:37Z,2026-06-24T16:12:37Z,0.0
G51 4QP,SHEPD,LV,1,TM1826,24,2026-06-24T16:12:37Z,2026-06-24T16:12:37Z,0.0
G63 0DN,SHEPD,HV,1,TN0357,3,2026-06-28T01:58:06Z,2026-06-28T01:58:06Z,0.0
G63 0XH,SHEPD,HV,1,TN0357,3,2026-06-28T01:58:06Z,2026-06-28T01:58:06Z,0.0
GL5 3ND,SEPD,HV,1,TK8241,2780,2026-06-22T19:46:47Z,2026-06-22T19:46:47Z,0.0
GL5 4BQ,SEPD,HV,1,TK8241,2780,2026-06-22T19:46:47Z,2026-06-22T19:46:47Z,0.0
GL50 3EE,SEPD,HV,1,TK8241,2780,2026-06-22T19:46:47Z,2026-06-22T19:46:47Z,0.0
GL54 2LF,SEPD,HV,1,TK8241,2780,2026-06-22T19:46:47Z,2026-06-22T19:46:47Z,0.0
GL54 2LG,SEPD,HV,1,TK8241,2780,2026-06-22T19:46:47Z,2026-06-22T19:46:47Z,0.0
GL54 3AL,SEPD,HV,1,TK8241,2780,2026-06-22T19:46:47Z,2026-06-22T19:46:47Z,0.0
GL54 3AN,SEPD,HV,1,TK8241,2780,2026-06-22T19:46:47Z,2026-06-22T19:46:47Z,0.0
GL54 3AP,SEPD,HV,1,TK8241,2780,2026-06-22T19:46:47Z,2026-06-22T19:46:47Z,0.0
GL54 3AR,SEPD,HV,1,TK8241,2780,2026-06-22T19:46:47Z,2026-06-22T19:46:47Z,0.0
GL54 3BE,SEPD,HV,1,TK8241,2780,2026-06-22T19:46:47Z,2026-06-22T19:46:47Z,0.0
GL54 3BG,SEPD,HV,1,TK8241,2780,2026-06-22T19:46:47Z,2026-06-22T19:46:47Z,0.0
GL54 3BJ,SEPD,HV,1,TK8241,2780,2026-06-22T19:46:47Z,2026-06-22T19:46:47Z,0.0
GL54 3BL,SEPD,HV,1,TK8241,2780,2026-06-22T19:46:47Z,2026-06-22T19:46:47Z,0.0
GL54 3BN,SEPD,HV,1,TK8241,2780,2026-06-22T19:46:47Z,2026-06-22T19:46:47Z,0.0
GL54 3BP,SEPD,HV,1,TK8241,2780,2026-06-22T19:46:47Z,2026-06-22T19:46:47Z,0.0
GL54 3BQ,SEPD,HV,1,TK8241,2780,2026-06-22T19:46:47Z,2026-06-22T19:46:47Z,0.0
GL54 3BW,SEPD,HV,1,TK8241,2780,2026-06-22T19:46:47Z,2026-06-22T19:46:47Z,0.0
GL54 3BY,SEPD,HV,1,TK8241,2780,2026-06-22T19:46:47Z,2026-06-22T19:46:47Z,0.0
GL54 3DA,SEPD,HV,1,TK8241,2780,2026-06-22T19:46:47Z,2026-06-22T19:46:47Z,0.0
GL54 3DB,SEPD,HV,1,TK8241,2780,2026-06-22T19:46:47Z,2026-06-22T19:46:47Z,0.0
GL54 3DT,SEPD,HV,1,TK8241,2780,2026-06-22T19:46:47Z,2026-06-22T19:46:47Z,0.0
GL54 3ED,SEPD,HV,1,TK8241,2780,2026-06-22T19:46:47Z,2026-06-22T19:46:47Z,0.0
GL54 3EE,SEPD,HV,1,TK8241,2780,2026-06-22T19:46:47Z,2026-06-22T19:46:47Z,0.0
GL54 3EG,SEPD,HV,1,TK8241,2780,2026-06-22T19:46:47Z,2026-06-22T19:46:47Z,0.0
GL54 3EH,SEPD,HV,1,TK8241,2780,2026-06-22T19:46:47Z,2026-06-22T19:46:47Z,0.0
GL54 3EJ,SEPD,HV,1,TK8241,2780,2026-06-22T19:46:47Z,2026-06-22T19:46:47Z,0.0
GL54 3EL,SEPD,HV,1,TK8241,2780,2026-06-22T19:46:47Z,2026-06-22T19:46:47Z,0.0
GL54 3EN,SEPD,HV,1,TK8241,2780,2026-06-22T19:46:47Z,2026-06-22T19:46:47Z,0.0
GL54 3EP,SEPD,HV,1,TK8241,2780,2026-06-22T19:46:47Z,2026-06-22T19:46:47Z,0.0
GL54 3ER,SEPD,HV,1,TK8241,2780,2026-06-22T19:46:47Z,2026-06-22T19:46:47Z,0.0
GL54 3ES,SEPD,HV,1,TK8241,2780,2026-06-22T19:46:47Z,2026-06-22T19:46:47Z,0.0
GL54 3ET,SEPD,HV,1,TK8241,2780,2026-06-22T19:46:47Z,2026-06-22T19:46:47Z,0.0
GL54 3EU,SEPD,HV,1,TK8241,2780,2026-06-22T19:46:47Z,2026-06-22T19:46:47Z,0.0
GL54 3EW,SEPD,HV,1,TK8241,2780,2026-06-22T19:46:47Z,2026-06-22T19:46:47Z,0.0
GL54 3EX,SEPD,HV,1,TK8241,2780,2026-06-22T19:46:47Z,2026-06-22T19:46:47Z,0.0
GL54 3EY,SEPD,HV,1,TK8241,2780,2026-06-22T19:46:47Z,2026-06-22T19:46:47Z,0.0
GL54 3EZ,SEPD,HV,1,TK8241,2780,2026-06-22T19:46:47Z,2026-06-22T19:46:47Z,0.0
GL54 3FA,SEPD,HV,1,TK8241,2780,2026-06-22T19:46:47Z,2026-06-22T19:46:47Z,0.0
GL54 3FB,SEPD,HV,1,TK8241,2780,2026-06-22T19:46:47Z,2026-06-22T19:46:47Z,0.0
GL54 3FR,SEPD,HV,1,TK8241,2780,2026-06-22T19:46:47Z,2026-06-22T19:46:47Z,0.0
GL54 3HA,SEPD,HV,1,TK8241,2780,2026-06-22T19:46:47Z,2026-06-22T19:46:47Z,0.0
GL54 3HB,SEPD,HV,1,TK8241,2780,2026-06-22T19:46:47Z,2026-06-22T19:46:47Z,0.0
GL54 3HD,SEPD,HV,1,TK8241,2780,2026-06-22T19:46:47Z,2026-06-22T19:46:47Z,0.0
GL54 3HE,SEPD,HV,1,TK8241,2780,2026-06-22T19:46:47Z,2026-06-22T19:46:47Z,0.0
GL54 3HF,SEPD,HV,1,TK8241,2780,2026-06-22T19:46:47Z,2026-06-22T19:46:47Z,0.0
GL54 3HG,SEPD,HV,1,TK8241,2780,2026-06-22T19:46:47Z,2026-06-22T19:46:47Z,0.0
GL54 3HH,SEPD,HV,1,TK8241,2780,2026-06-22T19:46:47Z,2026-06-22T19:46:47Z,0.0
GL54 3HJ,SEPD,HV,1,TK8241,2780,2026-06-22T19:46:47Z,2026-06-22T19:46:47Z,0.0
GL54 3HL,SEPD,HV,1,TK8241,2780,2026-06-22T19:46:47Z,2026-06-22T19:46:47Z,0.0
GL54 3HN,SEPD,HV,1,TK8241,2780,2026-06-22T19:46:47Z,2026-06-22T19:46:47Z,0.0
GL54 3HP,SEPD,HV,1,TK8241,2780,2026-06-22T19:46:47Z,2026-06-22T19:46:47Z,0.0
GL54 3HQ,SEPD,HV,1,TK8241,2780,2026-06-22T19:46:47Z,2026-06-22T19:46:47Z,0.0
GL54 3HR,SEPD,HV,1,TK8241,2780,2026-06-22T19:46:47Z,2026-06-22T19:46:47Z,0.0
GL54 3HS,SEPD,HV,1,TK8241,2780,2026-06-22T19:46:47Z,2026-06-22T19:46:47Z,0.0
GL54 3HT,SEPD,HV,1,TK8241,2780,2026-06-22T19:46:47Z,2026-06-22T19:46:47Z,0.0
GL54 3HU,SEPD,HV,1,TK8241,2780,2026-06-22T19:46:47Z,2026-06-22T19:46:47Z,0.0
GL54 3HW,SEPD,HV,1,TK8241,2780,2026-06-22T19:46:47Z,2026-06-22T19:46:47Z,0.0
GL54 3HX,SEPD,HV,1,TK8241,2780,2026-06-22T19:46:47Z,2026-06-22T19:46:47Z,0.0
GL54 3HY,SEPD,HV,1,TK8241,2780,2026-06-22T19:46:47Z,2026-06-22T19:46:47Z,0.0
GL54 3HZ,SEPD,HV,1,TK8241,2780,2026-06-22T19:46:47Z,2026-06-22T19:46:47Z,0.0
GL54 3JA,SEPD,HV,1,TK8241,2780,2026-06-22T19:46:47Z,2026-06-22T19:46:47Z,0.0
GL54 3JB,SEPD,HV,1,TK8241,2780,2026-06-22T19:46:47Z,2026-06-22T19:46:47Z,0.0
GL54 3JD,SEPD,HV,1,TK8241,2780,2026-06-22T19:46:47Z,2026-06-22T19:46:47Z,0.0
GL54 3JE,SEPD,HV,1,TK8241,2780,2026-06-22T19:46:47Z,2026-06-22T19:46:47Z,0.0
GL54 3JF,SEPD,HV,1,TK8241,2780,2026-06-22T19:46:47Z,2026-06-22T19:46:47Z,0.0
GL54 3JG,SEPD,HV,1,TK8241,2780,2026-06-22T19:46:47Z,2026-06-22T19:46:47Z,0.0
GL54 3JH,SEPD,HV,1,TK8241,2780,2026-06-22T19:46:47Z,2026-06-22T19:46:47Z,0.0
GL54 3JJ,SEPD,HV,1,TK8241,2780,2026-06-22T19:46:47Z,2026-06-22T19:46:47Z,0.0
GL54 3JL,SEPD,HV,1,TK8241,2780,2026-06-22T19:46:47Z,2026-06-22T19:46:47Z,0.0
GL54 3JN,SEPD,HV,1,TK8241,2780,2026-06-22T19:46:47Z,2026-06-22T19:46:47Z,0.0
GL54 3JP,SEPD,HV,1,TK8241,2780,2026-06-22T19:46:47Z,2026-06-22T19:46:47Z,0.0
GL54 3JQ,SEPD,HV,1,TK8241,2780,2026-06-22T19:46:47Z,2026-06-22T19:46:47Z,0.0
GL54 3JR,SEPD,HV,1,TK8241,2780,2026-06-22T19:46:47Z,2026-06-22T19:46:47Z,0.0
GL54 3JS,SEPD,HV,1,TK8241,2780,2026-06-22T19:46:47Z,2026-06-22T19:46:47Z,0.0
GL54 3JT,SEPD,HV,1,TK8241,2780,2026-06-22T19:46:47Z,2026-06-22T19:46:47Z,0.0
GL54 3JU,SEPD,HV,1,TK8241,2780,2026-06-22T19:46:47Z,2026-06-22T19:46:47Z,0.0
GL54 3JW,SEPD,HV,1,TK8241,2780,2026-06-22T19:46:47Z,2026-06-22T19:46:47Z,0.0
GL54 3JX,SEPD,HV,1,TK8241,2780,2026-06-22T19:46:47Z,2026-06-22T19:46:47Z,0.0
GL54 3JY,SEPD,HV,1,TK8241,2780,2026-06-22T19:46:47Z,2026-06-22T19:46:47Z,0.0
GL54 3JZ,SEPD,HV,1,TK8241,2780,2026-06-22T19:46:47Z,2026-06-22T19:46:47Z,0.0
GL54 3LA,SEPD,HV,1,TK8241,2780,2026-06-22T19:46:47Z,2026-06-22T19:46:47Z,0.0
GL54 3LB,SEPD,HV,1,TK8241,2780,2026-06-22T19:46:47Z,2026-06-22T19:46:47Z,0.0
GL54 3LD,SEPD,HV,1,TK8241,2780,2026-06-22T19:46:47Z,2026-06-22T19:46:47Z,0.0
GL54 3LE,SEPD,HV,1,TK8241,2780,2026-06-22T19:46:47Z,2026-06-22T19:46:47Z,0.0
GL54 3LF,SEPD,HV,1,TK8241,2780,2026-06-22T19:46:47Z,2026-06-22T19:46:47Z,0.0
GL54 3LG,SEPD,HV,1,TK8241,2780,2026-06-22T19:46:47Z,2026-06-22T19:46:47Z,0.0
GL54 3LH,SEPD,HV,1,TK8241,2780,2026-06-22T19:46:47Z,2026-06-22T19:46:47Z,0.0
GL54 3LJ,SEPD,HV,1,TK8241,2780,2026-06-22T19:46:47Z,2026-06-22T19:46:47Z,0.0
GL54 3LL,SEPD,HV,1,TK8241,2780,2026-06-22T19:46:47Z,2026-06-22T19:46:47Z,0.0
GL54 3LQ,SEPD,HV,1,TK8241,2780,2026-06-22T19:46:47Z,2026-06-22T19:46:47Z,0.0
GL54 3LR,SEPD,HV,1,TK8241,2780,2026-06-22T19:46:47Z,2026-06-22T19:46:47Z,0.0
GL54 3LU,SEPD,HV,1,TK8241,2780,2026-06-22T19:46:47Z,2026-06-22T19:46:47Z,0.0
GL54 3LX,SEPD,HV,1,TK8241,2780,2026-06-22T19:46:47Z,2026-06-22T19:46:47Z,0.0
GL54 3LY,SEPD,HV,1,TK8241,2780,2026-06-22T19:46:47Z,2026-06-22T19:46:47Z,0.0
GL54 3NB,SEPD,HV,1,TK8241,2780,2026-06-22T19:46:47Z,2026-06-22T19:46:47Z,0.0
GL54 3ND,SEPD,HV,1,TK8241,2780,2026-06-22T19:46:47Z,2026-06-22T19:46:47Z,0.0
GL54 3NE,SEPD,HV,1,TK8241,2780,2026-06-22T19:46:47Z,2026-06-22T19:46:47Z,0.0
GL54 3NF,SEPD,HV,1,TK8241,2780,2026-06-22T19:46:47Z,2026-06-22T19:46:47Z,0.0
GL54 3NG,SEPD,HV,1,TK8241,2780,2026-06-22T19:46:47Z,2026-06-22T19:46:47Z,0.0
GL54 3NH,SEPD,HV,1,TK8241,2780,2026-06-22T19:46:47Z,2026-06-22T19:46:47Z,0.0
GL54 3NJ,SEPD,HV,1,TK8241,2780,2026-06-22T19:46:47Z,2026-06-22T19:46:47Z,0.0
GL54 3NL,SEPD,HV,1,TK8241,2780,2026-06-22T19:46:47Z,2026-06-22T19:46:47Z,0.0
GL54 3NN,SEPD,HV,1,TK8241,2780,2026-06-22T19:46:47Z,2026-06-22T19:46:47Z,0.0
GL54 3NP,SEPD,HV,1,TK8241,2780,2026-06-22T19:46:47Z,2026-06-22T19:46:47Z,0.0
GL54 3NQ,SEPD,HV,1,TK8241,2780,2026-06-22T19:46:47Z,2026-06-22T19:46:47Z,0.0
GL54 3NR,SEPD,HV,1,TK8241,2780,2026-06-22T19:46:47Z,2026-06-22T19:46:47Z,0.0
GL54 3NS,SEPD,HV,1,TK8241,2780,2026-06-22T19:46:47Z,2026-06-22T19:46:47Z,0.0
GL54 3NT,SEPD,HV,1,TK8241,2780,2026-06-22T19:46:47Z,2026-06-22T19:46:47Z,0.0
GL54 3NU,SEPD,HV,1,TK8241,2780,2026-06-22T19:46:47Z,2026-06-22T19:46:47Z,0.0
GL54 3NW,SEPD,HV,1,TK8241,2780,2026-06-22T19:46:47Z,2026-06-22T19:46:47Z,0.0
GL54 3NX,SEPD,HV,1,TK8241,2780,2026-06-22T19:46:47Z,2026-06-22T19:46:47Z,0.0
GL54 3NY,SEPD,HV,1,TK8241,2780,2026-06-22T19:46:47Z,2026-06-22T19:46:47Z,0.0
GL54 3NZ,SEPD,HV,1,TK8241,2780,2026-06-22T19:46:47Z,2026-06-22T19:46:47Z,0.0
GL54 3PA,SEPD,HV,1,TK8241,2780,2026-06-22T19:46:47Z,2026-06-22T19:46:47Z,0.0
GL54 3PB,SEPD,HV,1,TK8241,2780,2026-06-22T19:46:47Z,2026-06-22T19:46:47Z,0.0
GL54 3PD,SEPD,HV,1,TK8241,2780,2026-06-22T19:46:47Z,2026-06-22T19:46:47Z,0.0
GL54 3PE,SEPD,HV,1,TK8241,2780,2026-06-22T19:46:47Z,2026-06-22T19:46:47Z,0.0
GL54 3PF,SEPD,HV,1,TK8241,2780,2026-06-22T19:46:47Z,2026-06-22T19:46:47Z,0.0
GL54 3PG,SEPD,HV,1,TK8241,2780,2026-06-22T19:46:47Z,2026-06-22T19:46:47Z,0.0
GL54 3PH,SEPD,HV,1,TK8241,2780,2026-06-22T19:46:47Z,2026-06-22T19:46:47Z,0.0
GL54 3PJ,SEPD,HV,1,TK8241,2780,2026-06-22T19:46:47Z,2026-06-22T19:46:47Z,0.0
GL54 3PL,SEPD,HV,1,TK8241,2780,2026-06-22T19:46:47Z,2026-06-22T19:46:47Z,0.0
GL54 3PN,SEPD,HV,1,TK8241,2780,2026-06-22T19:46:47Z,2026-06-22T19:46:47Z,0.0
GL54 3PP,SEPD,HV,1,TK8241,2780,2026-06-22T19:46:47Z,2026-06-22T19:46:47Z,0.0
GL54 3PQ,SEPD,HV,1,TK8241,2780,2026-06-22T19:46:47Z,2026-06-22T19:46:47Z,0.0
GL54 3PR,SEPD,HV,1,TK8241,2780,2026-06-22T19:46:47Z,2026-06-22T19:46:47Z,0.0
GL54 3PS,SEPD,HV,1,TK8241,2780,2026-06-22T19:46:47Z,2026-06-22T19:46:47Z,0.0
GL54 3PT,SEPD,HV,1,TK8241,2780,2026-06-22T19:46:47Z,2026-06-22T19:46:47Z,0.0
GL54 3PU,SEPD,HV,1,TK8241,2780,2026-06-22T19:46:47Z,2026-06-22T19:46:47Z,0.0
GL54 3PW,SEPD,HV,1,TK8241,2780,2026-06-22T19:46:47Z,2026-06-22T19:46:47Z,0.0
GL54 3PX,SEPD,HV,1,TK8241,2780,2026-06-22T19:46:47Z,2026-06-22T19:46:47Z,0.0
GL54 3PY,SEPD,HV,1,TK8241,2780,2026-06-22T19:46:47Z,2026-06-22T19:46:47Z,0.0
GL54 3PZ,SEPD,HV,1,TK8241,2780,2026-06-22T19:46:47Z,2026-06-22T19:46:47Z,0.0
GL54 3QA,SEPD,HV,1,TK8241,2780,2026-06-22T19:46:47Z,2026-06-22T19:46:47Z,0.0
GL54 3QB,SEPD,HV,1,TK8241,2780,2026-06-22T19:46:47Z,2026-06-22T19:46:47Z,0.0
GL54 3QD,SEPD,HV,1,TK8241,2780,2026-06-22T19:46:47Z,2026-06-22T19:46:47Z,0.0
GL54 3QE,SEPD,HV,1,TK8241,2780,2026-06-22T19:46:47Z,2026-06-22T19:46:47Z,0.0
GL54 3QF,SEPD,HV,1,TK8241,2780,2026-06-22T19:46:47Z,2026-06-22T19:46:47Z,0.0
GL54 3QG,SEPD,HV,1,TK8241,2780,2026-06-22T19:46:47Z,2026-06-22T19:46:47Z,0.0
GL54 3QH,SEPD,HV,1,TK8241,2780,2026-06-22T19:46:47Z,2026-06-22T19:46:47Z,0.0
GL54 3QJ,SEPD,HV,1,TK8241,2780,2026-06-22T19:46:47Z,2026-06-22T19:46:47Z,0.0
GL54 3QP,SEPD,HV,1,TK8241,2780,2026-06-22T19:46:47Z,2026-06-22T19:46:47Z,0.0
GL54 3QQ,SEPD,HV,1,TK8241,2780,2026-06-22T19:46:47Z,2026-06-22T19:46:47Z,0.0
GL54 3QR,SEPD,HV,1,TK8241,2780,2026-06-22T19:46:47Z,2026-06-22T19:46:47Z,0.0
GL54 3QS,SEPD,HV,1,TK8241,2780,2026-06-22T19:46:47Z,2026-06-22T19:46:47Z,0.0
GL54 3QT,SEPD,HV,1,TK8241,2780,2026-06-22T19:46:47Z,2026-06-22T19:46:47Z,0.0
GL54 3QU,SEPD,HV,1,TK8241,2780,2026-06-22T19:46:47Z,2026-06-22T19:46:47Z,0.0
GL54 3QW,SEPD,HV,1,TK8241,2780,2026-06-22T19:46:47Z,2026-06-22T19:46:47Z,0.0
GL54 3QX,SEPD,HV,1,TK8241,2780,2026-06-22T19:46:47Z,2026-06-22T19:46:47Z,0.0
GL54 3QY,SEPD,HV,1,TK8241,2780,2026-06-22T19:46:47Z,2026-06-22T19:46:47Z,0.0
GL54 3QZ,SEPD,HV,1,TK8241,2780,2026-06-22T19:46:47Z,2026-06-22T19:46:47Z,0.0
GL54 3RA,SEPD,HV,1,TK8241,2780,2026-06-22T19:46:47Z,2026-06-22T19:46:47Z,0.0
GL54 3RB,SEPD,HV,1,TK8241,2780,2026-06-22T19:46:47Z,2026-06-22T19:46:47Z,0.0
GL54 3RD,SEPD,HV,1,TK8241,2780,2026-06-22T19:46:47Z,2026-06-22T19:46:47Z,0.0
GL54 3RL,SEPD,HV,1,TK8241,2780,2026-06-22T19:46:47Z,2026-06-22T19:46:47Z,0.0
GL54 3RN,SEPD,HV,1,TK8241,2780,2026-06-22T19:46:47Z,2026-06-22T19:46:47Z,0.0
GL54 4AA,SEPD,HV,1,TK8241,2780,2026-06-22T19:46:47Z,2026-06-22T19:46:47Z,0.0
GL54 4AB,SEPD,HV,1,TK8241,2780,2026-06-22T19:46:47Z,2026-06-22T19:46:47Z,0.0
GL54 4AD,SEPD,HV,1,TK8241,2780,2026-06-22T19:46:47Z,2026-06-22T19:46:47Z,0.0
GL54 4AE,SEPD,HV,1,TK8241,2780,2026-06-22T19:46:47Z,2026-06-22T19:46:47Z,0.0
GL54 4AF,SEPD,HV,1,TK8241,2780,2026-06-22T19:46:47Z,2026-06-22T19:46:47Z,0.0
GL54 4AG,SEPD,HV,1,TK8241,2780,2026-06-22T19:46:47Z,2026-06-22T19:46:47Z,0.0
GL54 4AH,SEPD,HV,1,TK8241,2780,2026-06-22T19:46:47Z,2026-06-22T19:46:47Z,0.0
GL54 4AJ,SEPD,HV,1,TK8241,2780,2026-06-22T19:46:47Z,2026-06-22T19:46:47Z,0.0
GL54 4AL,SEPD,HV,1,TK8241,2780,2026-06-22T19:46:47Z,2026-06-22T19:46:47Z,0.0
GL54 4AN,SEPD,HV,1,TK8241,2780,2026-06-22T19:46:47Z,2026-06-22T19:46:47Z,0.0
GL54 4AP,SEPD,HV,1,TK8241,2780,2026-06-22T19:46:47Z,2026-06-22T19:46:47Z,0.0
GL54 4AQ,SEPD,HV,1,TK8241,2780,2026-06-22T19:46:47Z,2026-06-22T19:46:47Z,0.0
GL54 4AR,SEPD,HV,1,TK8241,2780,2026-06-22T19:46:47Z,2026-06-22T19:46:47Z,0.0
GL54 4AS,SEPD,HV,1,TK8241,2780,2026-06-22T19:46:47Z,2026-06-22T19:46:47Z,0.0
GL54 4AT,SEPD,HV,1,TK8241,2780,2026-06-22T19:46:47Z,2026-06-22T19:46:47Z,0.0
GL54 4AU,SEPD,HV,1,TK8241,2780,2026-06-22T19:46:47Z,2026-06-22T19:46:47Z,0.0
GL54 4AW,SEPD,HV,1,TK8241,2780,2026-06-22T19:46:47Z,2026-06-22T19:46:47Z,0.0
GL54 4BA,SEPD,HV,1,TK8241,2780,2026-06-22T19:46:47Z,2026-06-22T19:46:47Z,0.0
GL54 4BB,SEPD,HV,1,TK8241,2780,2026-06-22T19:46:47Z,2026-06-22T19:46:47Z,0.0
GL54 4BD,SEPD,HV,1,TK8241,2780,2026-06-22T19:46:47Z,2026-06-22T19:46:47Z,0.0
GL54 4BE,SEPD,HV,1,TK8241,2780,2026-06-22T19:46:47Z,2026-06-22T19:46:47Z,0.0
GL54 4BG,SEPD,HV,1,TK8241,2780,2026-06-22T19:46:47Z,2026-06-22T19:46:47Z,0.0
GL54 4BN,SEPD,HV,1,TK8241,2780,2026-06-22T19:46:47Z,2026-06-22T19:46:47Z,0.0
GL54 4BP,SEPD,HV,1,TK8241,2780,2026-06-22T19:46:47Z,2026-06-22T19:46:47Z,0.0
GL54 4BQ,SEPD,HV,1,TK8241,2780,2026-06-22T19:46:47Z,2026-06-22T19:46:47Z,0.0
GL54 4BS,SEPD,HV,1,TK8241,2780,2026-06-22T19:46:47Z,2026-06-22T19:46:47Z,0.0
GL54 4BT,SEPD,HV,1,TK8241,2780,2026-06-22T19:46:47Z,2026-06-22T19:46:47Z,0.0
GL54 4BW,SEPD,HV,1,TK8241,2780,2026-06-22T19:46:47Z,2026-06-22T19:46:47Z,0.0
GL54 4BY,SEPD,HV,1,TK8241,2780,2026-06-22T19:46:47Z,2026-06-22T19:46:47Z,0.0
GL54 4DA,SEPD,HV,1,TK8241,2780,2026-06-22T19:46:47Z,2026-06-22T19:46:47Z,0.0
GL54 4DB,SEPD,HV,1,TK8241,2780,2026-06-22T19:46:47Z,2026-06-22T19:46:47Z,0.0
GL54 4DD,SEPD,HV,1,TK8241,2780,2026-06-22T19:46:47Z,2026-06-22T19:46:47Z,0.0
GL54 4DE,SEPD,HV,1,TK8241,2780,2026-06-22T19:46:47Z,2026-06-22T19:46:47Z,0.0
GL54 4DF,SEPD,HV,1,TK8241,2780,2026-06-22T19:46:47Z,2026-06-22T19:46:47Z,0.0
GL54 4DG,SEPD,HV,1,TK8241,2780,2026-06-22T19:46:47Z,2026-06-22T19:46:47Z,0.0
GL54 4DL,SEPD,HV,1,TK8241,2780,2026-06-22T19:46:47Z,2026-06-22T19:46:47Z,0.0
GL54 4DN,SEPD,HV,1,TK8241,2780,2026-06-22T19:46:47Z,2026-06-22T19:46:47Z,0.0
GL54 4DP,SEPD,HV,1,TK8241,2780,2026-06-22T19:46:47Z,2026-06-22T19:46:47Z,0.0
GL54 4DR,SEPD,HV,1,TK8241,2780,2026-06-22T19:46:47Z,2026-06-22T19:46:47Z,0.0
GL54 4DS,SEPD,HV,1,TK8241,2780,2026-06-22T19:46:47Z,2026-06-22T19:46:47Z,0.0
GL54 4DT,SEPD,HV,1,TK8241,2780,2026-06-22T19:46:47Z,2026-06-22T19:46:47Z,0.0
GL54 4DU,SEPD,HV,1,TK8241,2780,2026-06-22T19:46:47Z,2026-06-22T19:46:47Z,0.0
GL54 4DW,SEPD,HV,1,TK8241,2780,2026-06-22T19:46:47Z,2026-06-22T19:46:47Z,0.0
GL54 4DX,SEPD,HV,1,TK8241,2780,2026-06-22T19:46:47Z,2026-06-22T19:46:47Z,0.0
GL54 4DY,SEPD,HV,1,TK8241,2780,2026-06-22T19:46:47Z,2026-06-22T19:46:47Z,0.0
GL54 4DZ,SEPD,HV,1,TK8241,2780,2026-06-22T19:46:47Z,2026-06-22T19:46:47Z,0.0
GL54 4EA,SEPD,HV,1,TK8241,2780,2026-06-22T19:46:47Z,2026-06-22T19:46:47Z,0.0
GL54 4EB,SEPD,HV,1,TK8241,2780,2026-06-22T19:46:47Z,2026-06-22T19:46:47Z,0.0
GL54 4EE,SEPD,HV,1,TK8241,2780,2026-06-22T19:46:47Z,2026-06-22T19:46:47Z,0.0
GL54 4EF,SEPD,HV,1,TK8241,2780,2026-06-22T19:46:47Z,2026-06-22T19:46:47Z,0.0
GL54 4EG,SEPD,HV,1,TK8241,2780,2026-06-22T19:46:47Z,2026-06-22T19:46:47Z,0.0
GL54 4NE,SEPD,HV,1,TK8241,2780,2026-06-22T19:46:47Z,2026-06-22T19:46:47Z,0.0
GL54 4NF,SEPD,HV,1,TK8241,2780,2026-06-22T19:46:47Z,2026-06-22T19:46:47Z,0.0
GL54 4NG,SEPD,HV,1,TK8241,2780,2026-06-22T19:46:47Z,2026-06-22T19:46:47Z,0.0
GL54 4NH,SEPD,HV,1,TK8241,2780,2026-06-22T19:46:47Z,2026-06-22T19:46:47Z,0.0
GL54 4NJ,SEPD,HV,1,TK8241,2780,2026-06-22T19:46:47Z,2026-06-22T19:46:47Z,0.0
GL54 4NN,SEPD,HV,1,TK8241,2780,2026-06-22T19:46:47Z,2026-06-22T19:46:47Z,0.0
GL54 4NP,SEPD,HV,1,TK8241,2780,2026-06-22T19:46:47Z,2026-06-22T19:46:47Z,0.0
GL54 4NQ,SEPD,HV,1,TK8241,2780,2026-06-22T19:46:47Z,2026-06-22T19:46:47Z,0.0
GL54 4NW,SEPD,HV,1,TK8241,2780,2026-06-22T19:46:47Z,2026-06-22T19:46:47Z,0.0
GL54 4NY,SEPD,HV,1,TK8241,2780,2026-06-22T19:46:47Z,2026-06-22T19:46:47Z,0.0
GL7,SEPD,HV,1,TK8261,1434,2026-06-22T19:46:47Z,2026-06-22T19:46:47Z,0.0
GL7 3FG,SEPD,HV,1,TK8250,1089,2026-06-22T19:46:47Z,2026-06-22T19:46:47Z,0.0
GL7 3NA,SEPD,HV,1,TK8250,1089,2026-06-22T19:46:47Z,2026-06-22T19:46:47Z,0.0
GL7 3NB,SEPD,HV,1,TK8250,1089,2026-06-22T19:46:47Z,2026-06-22T19:46:47Z,0.0
GL7 3ND,SEPD,HV,1,TK8250,1089,2026-06-22T19:46:47Z,2026-06-22T19:46:47Z,0.0
GL7 3NE,SEPD,HV,1,TK8250,1089,2026-06-22T19:46:47Z,2026-06-22T19:46:47Z,0.0
GL7 3NF,SEPD,HV,1,TK8250,1089,2026-06-22T19:46:47Z,2026-06-22T19:46:47Z,0.0
GL7 3NG,SEPD,HV,1,TK8250,1089,2026-06-22T19:46:47Z,2026-06-22T19:46:47Z,0.0
GL7 3NH,SEPD,HV,1,TK8250,1089,2026-06-22T19:46:47Z,2026-06-22T19:46:47Z,0.0
GL7 3NQ,SEPD,HV,1,TK8250,1089,2026-06-22T19:46:47Z,2026-06-22T19:46:47Z,0.0
GL7 3NW,SEPD,HV,1,TK8250,1089,2026-06-22T19:46:47Z,2026-06-22T19:46:47Z,0.0
GL7 3PS,SEPD,HV,1,TK8250,1089,2026-06-22T19:46:47Z,2026-06-22T19:46:47Z,0.0
GL7 3PT,SEPD,HV,1,TK8250,1089,2026-06-22T19:46:47Z,2026-06-22T19:46:47Z,0.0
GL7 3PU,SEPD,HV,1,TK8241,2780,2026-06-22T19:46:47Z,2026-06-22T19:46:47Z,0.0
GL7 3PX,SEPD,HV,1,TK8241,2780,2026-06-22T19:46:47Z,2026-06-22T19:46:47Z,0.0
GL7 3QB,SEPD,HV,1,TK8250,1089,2026-06-22T19:46:47Z,2026-06-22T19:46:47Z,0.0
GL7 4AA,SEPD,HV,1,TK8261,1434,2026-06-22T19:46:47Z,2026-06-22T19:46:47Z,0.0
GL7 4AB,SEPD,HV,1,TK8261,1434,2026-06-22T19:46:47Z,2026-06-22T19:46:47Z,0.0
GL7 4AD,SEPD,HV,1,TK8261,1434,2026-06-22T19:46:47Z,2026-06-22T19:46:47Z,0.0
GL7 4AE,SEPD,HV,1,TK8261,1434,2026-06-22T19:46:47Z,2026-06-22T19:46:47Z,0.0
GL7 4AF,SEPD,HV,1,TK8261,1434,2026-06-22T19:46:47Z,2026-06-22T19:46:47Z,0.0
GL7 4AG,SEPD,HV,1,TK8261,1434,2026-06-22T19:46:47Z,2026-06-22T19:46:47Z,0.0
GL7 4AH,SEPD,HV,1,TK8261,1434,2026-06-22T19:46:47Z,2026-06-22T19:46:47Z,0.0
GL7 4AJ,SEPD,HV,1,TK8261,1434,2026-06-22T19:46:47Z,2026-06-22T19:46:47Z,0.0
GL7 4AL,SEPD,HV,1,TK8261,1434,2026-06-22T19:46:47Z,2026-06-22T19:46:47Z,0.0
GL7 4AN,SEPD,HV,1,TK8261,1434,2026-06-22T19:46:47Z,2026-06-22T19:46:47Z,0.0
GL7 4AP,SEPD,HV,1,TK8261,1434,2026-06-22T19:46:47Z,2026-06-22T19:46:47Z,0.0
GL7 4AQ,SEPD,HV,1,TK8261,1434,2026-06-22T19:46:47Z,2026-06-22T19:46:47Z,0.0
GL7 4AR,SEPD,HV,1,TK8261,1434,2026-06-22T19:46:47Z,2026-06-22T19:46:47Z,0.0
GL7 4AS,SEPD,HV,1,TK8261,1434,2026-06-22T19:46:47Z,2026-06-22T19:46:47Z,0.0
GL7 4AT,SEPD,HV,1,TK8261,1434,2026-06-22T19:46:47Z,2026-06-22T19:46:47Z,0.0
GL7 4AU,SEPD,HV,1,TK8261,1434,2026-06-22T19:46:47Z,2026-06-22T19:46:47Z,0.0
GL7 4AW,SEPD,HV,1,TK8261,1434,2026-06-22T19:46:47Z,2026-06-22T19:46:47Z,0.0
GL7 4AX,SEPD,HV,1,TK8261,1434,2026-06-22T19:46:47Z,2026-06-22T19:46:47Z,0.0
GL7 4AY,SEPD,HV,1,TK8261,1434,2026-06-22T19:46:47Z,2026-06-22T19:46:47Z,0.0
GL7 4AZ,SEPD,HV,1,TK8261,1434,2026-06-22T19:46:47Z,2026-06-22T19:46:47Z,0.0
GL7 4BA,SEPD,HV,1,TK8261,1434,2026-06-22T19:46:47Z,2026-06-22T19:46:47Z,0.0
GL7 4BB,SEPD,HV,1,TK8261,1434,2026-06-22T19:46:47Z,2026-06-22T19:46:47Z,0.0
GL7 4BD,SEPD,HV,1,TK8261,1434,2026-06-22T19:46:47Z,2026-06-22T19:46:47Z,0.0
GL7 4BE,SEPD,HV,1,TK8261,1434,2026-06-22T19:46:47Z,2026-06-22T19:46:47Z,0.0
GL7 4BG,SEPD,HV,1,TK8261,1434,2026-06-22T19:46:47Z,2026-06-22T19:46:47Z,0.0
GL7 4BH,SEPD,HV,1,TK8261,1434,2026-06-22T19:46:47Z,2026-06-22T19:46:47Z,0.0
GL7 4BJ,SEPD,HV,1,TK8261,1434,2026-06-22T19:46:47Z,2026-06-22T19:46:47Z,0.0
GL7 4BL,SEPD,HV,1,TK8261,1434,2026-06-22T19:46:47Z,2026-06-22T19:46:47Z,0.0
GL7 4BN,SEPD,HV,1,TK8261,1434,2026-06-22T19:46:47Z,2026-06-22T19:46:47Z,0.0
GL7 4BP,SEPD,HV,1,TK8261,1434,2026-06-22T19:46:47Z,2026-06-22T19:46:47Z,0.0
GL7 4BQ,SEPD,HV,1,TK8261,1434,2026-06-22T19:46:47Z,2026-06-22T19:46:47Z,0.0
GL7 4BW,SEPD,HV,1,TK8261,1434,2026-06-22T19:46:47Z,2026-06-22T19:46:47Z,0.0
GL7 4BX,SEPD,HV,1,TK8261,1434,2026-06-22T19:46:47Z,2026-06-22T19:46:47Z,0.0
GL7 4BY,SEPD,HV,1,TK8261,1434,2026-06-22T19:46:47Z,2026-06-22T19:46:47Z,0.0
GL7 4BZ,SEPD,HV,1,TK8261,1434,2026-06-22T19:46:47Z,2026-06-22T19:46:47Z,0.0
GL7 4DA,SEPD,HV,1,TK8261,1434,2026-06-22T19:46:47Z,2026-06-22T19:46:47Z,0.0
GL7 4DB,SEPD,HV,1,TK8261,1434,2026-06-22T19:46:47Z,2026-06-22T19:46:47Z,0.0
GL7 4DD,SEPD,HV,1,TK8261,1434,2026-06-22T19:46:47Z,2026-06-22T19:46:47Z,0.0
GL7 4DF,SEPD,HV,1,TK8261,1434,2026-06-22T19:46:47Z,2026-06-22T19:46:47Z,0.0
GL7 4DJ,SEPD,HV,1,TK8261,1434,2026-06-22T19:46:47Z,2026-06-22T19:46:47Z,0.0
GL7 4DN,SEPD,HV,1,TK8261,1434,2026-06-22T19:46:47Z,2026-06-22T19:46:47Z,0.0
GL7 4DS,SEPD,HV,1,TK8261,1434,2026-06-22T19:46:47Z,2026-06-22T19:46:47Z,0.0
GL7 4DT,SEPD,HV,1,TK8261,1434,2026-06-22T19:46:47Z,2026-06-22T19:46:47Z,0.0
GL7 4DY,SEPD,HV,1,TK8261,1434,2026-06-22T19:46:47Z,2026-06-22T19:46:47Z,0.0
GL7 4DZ,SEPD,HV,1,TK8261,1434,2026-06-22T19:46:47Z,2026-06-22T19:46:47Z,0.0
GL7 4EA,SEPD,HV,1,TK8261,1434,2026-06-22T19:46:47Z,2026-06-22T19:46:47Z,0.0
GL7 4EB,SEPD,HV,1,TK8261,1434,2026-06-22T19:46:47Z,2026-06-22T19:46:47Z,0.0
GL7 4ED,SEPD,HV,1,TK8261,1434,2026-06-22T19:46:47Z,2026-06-22T19:46:47Z,0.0
GL7 4FN,SEPD,HV,1,TK8261,1434,2026-06-22T19:46:47Z,2026-06-22T19:46:47Z,0.0
GL7 4GF,SEPD,HV,1,TK8261,1434,2026-06-22T19:46:47Z,2026-06-22T19:46:47Z,0.0
GL7 4GG,SEPD,HV,1,TK8261,1434,2026-06-22T19:46:47Z,2026-06-22T19:46:47Z,0.0
GL7 4GH,SEPD,HV,1,TK8261,1434,2026-06-22T19:46:47Z,2026-06-22T19:46:47Z,0.0
GL7 4GQ,SEPD,HV,1,TK8261,1434,2026-06-22T19:46:47Z,2026-06-22T19:46:47Z,0.0
GL7 4GR,SEPD,HV,1,TK8250,1089,2026-06-22T19:46:47Z,2026-06-22T19:46:47Z,0.0
GL7 4GT,SEPD,HV,1,TK8261,1434,2026-06-22T19:46:47Z,2026-06-22T19:46:47Z,0.0
GL7 4GZ,SEPD,HV,1,TK8250,1089,2026-06-22T19:46:47Z,2026-06-22T19:46:47Z,0.0
GL7 4HF,SEPD,HV,1,TK8261,1434,2026-06-22T19:46:47Z,2026-06-22T19:46:47Z,0.0
GL7 4HG,SEPD,HV,1,TK8261,1434,2026-06-22T19:46:47Z,2026-06-22T19:46:47Z,0.0
GL7 4HP,SEPD,HV,1,TK8250,1089,2026-06-22T19:46:47Z,2026-06-22T19:46:47Z,0.0
GL7 4HR,SEPD,HV,1,TK8250,1089,2026-06-22T19:46:47Z,2026-06-22T19:46:47Z,0.0
GL7 4HS,SEPD,HV,1,TK8250,1089,2026-06-22T19:46:47Z,2026-06-22T19:46:47Z,0.0
GL7 4HT,SEPD,HV,1,TK8250,1089,2026-06-22T19:46:47Z,2026-06-22T19:46:47Z,0.0
GL7 4HU,SEPD,HV,1,TK8250,1089,2026-06-22T19:46:47Z,2026-06-22T19:46:47Z,0.0
GL7 4HX,SEPD,HV,1,TK8250,1089,2026-06-22T19:46:47Z,2026-06-22T19:46:47Z,0.0
GL7 4HY,SEPD,HV,1,TK8250,1089,2026-06-22T19:46:47Z,2026-06-22T19:46:47Z,0.0
GL7 4HZ,SEPD,HV,1,TK8250,1089,2026-06-22T19:46:47Z,2026-06-22T19:46:47Z,0.0
GL7 4JA,SEPD,HV,1,TK8250,1089,2026-06-22T19:46:47Z,2026-06-22T19:46:47Z,0.0
GL7 4JB,SEPD,HV,1,TK8250,1089,2026-06-22T19:46:47Z,2026-06-22T19:46:47Z,0.0
GL7 4JD,SEPD,HV,1,TK8250,1089,2026-06-22T19:46:47Z,2026-06-22T19:46:47Z,0.0
GL7 4JE,SEPD,HV,1,TK8250,1089,2026-06-22T19:46:47Z,2026-06-22T19:46:47Z,0.0
GL7 4JF,SEPD,HV,1,TK8250,1089,2026-06-22T19:46:47Z,2026-06-22T19:46:47Z,0.0
GL7 4JG,SEPD,HV,1,TK8250,1089,2026-06-22T19:46:47Z,2026-06-22T19:46:47Z,0.0
GL7 4JH,SEPD,HV,1,TK8250,1089,2026-06-22T19:46:47Z,2026-06-22T19:46:47Z,0.0
GL7 4JJ,SEPD,HV,1,TK8261,1434,2026-06-22T19:46:47Z,2026-06-22T19:46:47Z,0.0
GL7 4JL,SEPD,HV,1,TK8261,1434,2026-06-22T19:46:47Z,2026-06-22T19:46:47Z,0.0
GL7 4JN,SEPD,HV,1,TK8261,1434,2026-06-22T19:46:47Z,2026-06-22T19:46:47Z,0.0
GL7 4JP,SEPD,HV,1,TK8261,1434,2026-06-22T19:46:47Z,2026-06-22T19:46:47Z,0.0
GL7 4JQ,SEPD,HV,1,TK8250,1089,2026-06-22T19:46:47Z,2026-06-22T19:46:47Z,0.0
GL7 4JR,SEPD,HV,1,TK8261,1434,2026-06-22T19:46:47Z,2026-06-22T19:46:47Z,0.0
GL7 4JS,SEPD,HV,1,TK8261,1434,2026-06-22T19:46:47Z,2026-06-22T19:46:47Z,0.0
GL7 4JT,SEPD,HV,1,TK8261,1434,2026-06-22T19:46:47Z,2026-06-22T19:46:47Z,0.0
GL7 4JU,SEPD,HV,1,TK8261,1434,2026-06-22T19:46:47Z,2026-06-22T19:46:47Z,0.0
GL7 4JW,SEPD,HV,1,TK8261,1434,2026-06-22T19:46:47Z,2026-06-22T19:46:47Z,0.0
GL7 4JX,SEPD,HV,1,TK8261,1434,2026-06-22T19:46:47Z,2026-06-22T19:46:47Z,0.0
GL7 4JY,SEPD,HV,1,TK8261,1434,2026-06-22T19:46:47Z,2026-06-22T19:46:47Z,0.0
GL7 4JZ,SEPD,HV,1,TK8261,1434,2026-06-22T19:46:47Z,2026-06-22T19:46:47Z,0.0
GL7 4LA,SEPD,HV,1,TK8261,1434,2026-06-22T19:46:47Z,2026-06-22T19:46:47Z,0.0
GL7 4LB,SEPD,HV,1,TK8261,1434,2026-06-22T19:46:47Z,2026-06-22T19:46:47Z,0.0
GL7 4LD,SEPD,HV,1,TK8261,1434,2026-06-22T19:46:47Z,2026-06-22T19:46:47Z,0.0
GL7 4LE,SEPD,HV,1,TK8261,1434,2026-06-22T19:46:47Z,2026-06-22T19:46:47Z,0.0
GL7 4LF,SEPD,HV,1,TK8261,1434,2026-06-22T19:46:47Z,2026-06-22T19:46:47Z,0.0
GL7 4LG,SEPD,HV,1,TK8250,1089,2026-06-22T19:46:47Z,2026-06-22T19:46:47Z,0.0
GL7 4LH,SEPD,HV,1,TK8261,1434,2026-06-22T19:46:47Z,2026-06-22T19:46:47Z,0.0
GL7 4LJ,SEPD,HV,1,TK8261,1434,2026-06-22T19:46:47Z,2026-06-22T19:46:47Z,0.0
GL7 4LN,SEPD,HV,1,TK8261,1434,2026-06-22T19:46:47Z,2026-06-22T19:46:47Z,0.0
GL7 4LP,SEPD,HV,1,TK8261,1434,2026-06-22T19:46:47Z,2026-06-22T19:46:47Z,0.0
GL7 4LQ,SEPD,HV,1,TK8261,1434,2026-06-22T19:46:47Z,2026-06-22T19:46:47Z,0.0
GL7 4LR,SEPD,HV,1,TK8261,1434,2026-06-22T19:46:47Z,2026-06-22T19:46:47Z,0.0
GL7 4LS,SEPD,HV,1,TK8261,1434,2026-06-22T19:46:47Z,2026-06-22T19:46:47Z,0.0
GL7 4LT,SEPD,HV,1,TK8261,1434,2026-06-22T19:46:47Z,2026-06-22T19:46:47Z,0.0
GL7 4LX,SEPD,HV,1,TK8261,1434,2026-06-22T19:46:47Z,2026-06-22T19:46:47Z,0.0
GL7 4LY,SEPD,HV,1,TK8250,1089,2026-06-22T19:46:47Z,2026-06-22T19:46:47Z,0.0
GL7 4ND,SEPD,HV,1,TK8261,1434,2026-06-22T19:46:47Z,2026-06-22T19:46:47Z,0.0
GL7 4NE,SEPD,HV,1,TK8261,1434,2026-06-22T19:46:47Z,2026-06-22T19:46:47Z,0.0
GL7 4NH,SEPD,HV,1,TK8261,1434,2026-06-22T19:46:47Z,2026-06-22T19:46:47Z,0.0
GL7 4NP,SEPD,HV,1,TK8261,1434,2026-06-22T19:46:47Z,2026-06-22T19:46:47Z,0.0
GL7 4NU,SEPD,HV,1,TK8250,1089,2026-06-22T19:46:47Z,2026-06-22T19:46:47Z,0.0
GL7 4PR,SEPD,HV,1,TK8261,1434,2026-06-22T19:46:47Z,2026-06-22T19:46:47Z,0.0
GL7 5AA,SEPD,HV,1,TK8250,1089,2026-06-22T19:46:47Z,2026-06-22T19:46:47Z,0.0
GL7 5AB,SEPD,HV,1,TK8250,1089,2026-06-22T19:46:47Z,2026-06-22T19:46:47Z,0.0
GL7 5AD,SEPD,HV,1,TK8250,1089,2026-06-22T19:46:47Z,2026-06-22T19:46:47Z,0.0
GL7 5AF,SEPD,HV,1,TK8250,1089,2026-06-22T19:46:47Z,2026-06-22T19:46:47Z,0.0
GL7 5AG,SEPD,HV,1,TK8250,1089,2026-06-22T19:46:47Z,2026-06-22T19:46:47Z,0.0
GL7 5AH,SEPD,HV,1,TK8250,1089,2026-06-22T19:46:47Z,2026-06-22T19:46:47Z,0.0
GL7 5AJ,SEPD,HV,1,TK8250,1089,2026-06-22T19:46:47Z,2026-06-22T19:46:47Z,0.0
GL7 5AL,SEPD,HV,1,TK8250,1089,2026-06-22T19:46:47Z,2026-06-22T19:46:47Z,0.0
GL7 5AN,SEPD,HV,1,TK8250,1089,2026-06-22T19:46:47Z,2026-06-22T19:46:47Z,0.0
GL7 5AP,SEPD,HV,1,TK8250,1089,2026-06-22T19:46:47Z,2026-06-22T19:46:47Z,0.0
GL7 5AQ,SEPD,HV,1,TK8250,1089,2026-06-22T19:46:47Z,2026-06-22T19:46:47Z,0.0
GL7 5AR,SEPD,HV,1,TK8250,1089,2026-06-22T19:46:47Z,2026-06-22T19:46:47Z,0.0
GL7 5AS,SEPD,HV,1,TK8250,1089,2026-06-22T19:46:47Z,2026-06-22T19:46:47Z,0.0
GL7 5AT,SEPD,HV,1,TK8250,1089,2026-06-22T19:46:47Z,2026-06-22T19:46:47Z,0.0
GL7 5AU,SEPD,HV,1,TK8250,1089,2026-06-22T19:46:47Z,2026-06-22T19:46:47Z,0.0
GL7 5AW,SEPD,HV,1,TK8250,1089,2026-06-22T19:46:47Z,2026-06-22T19:46:47Z,0.0
GL7 5AY,SEPD,HV,1,TK8250,1089,2026-06-22T19:46:47Z,2026-06-22T19:46:47Z,0.0
GL7 5AZ,SEPD,HV,1,TK8250,1089,2026-06-22T19:46:47Z,2026-06-22T19:46:47Z,0.0
GL7 5BA,SEPD,HV,1,TK8241,2780,2026-06-22T19:46:47Z,2026-06-22T19:46:47Z,0.0
GL7 5BB,SEPD,HV,1,TK8250,1089,2026-06-22T19:46:47Z,2026-06-22T19:46:47Z,0.0
GL7 5BE,SEPD,HV,1,TK8250,1089,2026-06-22T19:46:47Z,2026-06-22T19:46:47Z,0.0
GL7 5BG,SEPD,HV,1,TK8250,1089,2026-06-22T19:46:47Z,2026-06-22T19:46:47Z,0.0
GL7 5BH,SEPD,HV,1,TK8250,1089,2026-06-22T19:46:47Z,2026-06-22T19:46:47Z,0.0
GL7 5BJ,SEPD,HV,1,TK8250,1089,2026-06-22T19:46:47Z,2026-06-22T19:46:47Z,0.0
GL7 5BL,SEPD,HV,1,TK8250,1089,2026-06-22T19:46:47Z,2026-06-22T19:46:47Z,0.0
GL7 5BN,SEPD,HV,1,TK8250,1089,2026-06-22T19:46:47Z,2026-06-22T19:46:47Z,0.0
GL7 5BP,SEPD,HV,1,TK8250,1089,2026-06-22T19:46:47Z,2026-06-22T19:46:47Z,0.0
GL7 5BS,SEPD,HV,1,TK8250,1089,2026-06-22T19:46:47Z,2026-06-22T19:46:47Z,0.0
GL7 5BT,SEPD,HV,1,TK8250,1089,2026-06-22T19:46:47Z,2026-06-22T19:46:47Z,0.0
GL7 5BU,SEPD,HV,1,TK8250,1089,2026-06-22T19:46:47Z,2026-06-22T19:46:47Z,0.0
GL7 5BW,SEPD,HV,1,TK8250,1089,2026-06-22T19:46:47Z,2026-06-22T19:46:47Z,0.0
GL7 5BX,SEPD,HV,1,TK8250,1089,2026-06-22T19:46:47Z,2026-06-22T19:46:47Z,0.0
GL7 5BY,SEPD,HV,1,TK8250,1089,2026-06-22T19:46:47Z,2026-06-22T19:46:47Z,0.0
GL7 5BZ,SEPD,HV,1,TK8250,1089,2026-06-22T19:46:47Z,2026-06-22T19:46:47Z,0.0
GL7 5DA,SEPD,HV,1,TK8250,1089,2026-06-22T19:46:47Z,2026-06-22T19:46:47Z,0.0
GL7 5DB,SEPD,HV,1,TK8250,1089,2026-06-22T19:46:47Z,2026-06-22T19:46:47Z,0.0
GL7 5DD,SEPD,HV,1,TK8250,1089,2026-06-22T19:46:47Z,2026-06-22T19:46:47Z,0.0
GL7 5DE,SEPD,HV,1,TK8250,1089,2026-06-22T19:46:47Z,2026-06-22T19:46:47Z,0.0
GL7 5DF,SEPD,HV,1,TK8250,1089,2026-06-22T19:46:47Z,2026-06-22T19:46:47Z,0.0
GL7 5DG,SEPD,HV,1,TK8250,1089,2026-06-22T19:46:47Z,2026-06-22T19:46:47Z,0.0
GL7 5DH,SEPD,HV,1,TK8250,1089,2026-06-22T19:46:47Z,2026-06-22T19:46:47Z,0.0
GL7 5DJ,SEPD,HV,1,TK8250,1089,2026-06-22T19:46:47Z,2026-06-22T19:46:47Z,0.0
GL7 5DL,SEPD,HV,1,TK8250,1089,2026-06-22T19:46:47Z,2026-06-22T19:46:47Z,0.0
GL7 5DN,SEPD,HV,1,TK8241,2780,2026-06-22T19:46:47Z,2026-06-22T19:46:47Z,0.0
GL7 5DP,SEPD,HV,1,TK8250,1089,2026-06-22T19:46:47Z,2026-06-22T19:46:47Z,0.0
GL7 5DQ,SEPD,HV,1,TK8250,1089,2026-06-22T19:46:47Z,2026-06-22T19:46:47Z,0.0
GL7 5EL,SEPD,HV,1,TK8241,2780,2026-06-22T19:46:47Z,2026-06-22T19:46:47Z,0.0
GL7 5EN,SEPD,HV,1,TK8241,2780,2026-06-22T19:46:47Z,2026-06-22T19:46:47Z,0.0
GL7 5EP,SEPD,HV,1,TK8241,2780,2026-06-22T19:46:47Z,2026-06-22T19:46:47Z,0.0
GL7 5ER,SEPD,HV,1,TK8241,2780,2026-06-22T19:46:47Z,2026-06-22T19:46:47Z,0.0
GL7 5ES,SEPD,HV,1,TK8241,2780,2026-06-22T19:46:47Z,2026-06-22T19:46:47Z,0.0
GL7 5ET,SEPD,HV,1,TK8241,2780,2026-06-22T19:46:47Z,2026-06-22T19:46:47Z,0.0
GL7 5EU,SEPD,HV,1,TK8241,2780,2026-06-22T19:46:47Z,2026-06-22T19:46:47Z,0.0
GL7 5EW,SEPD,HV,1,TK8241,2780,2026-06-22T19:46:47Z,2026-06-22T19:46:47Z,0.0
GL7 5FA,SEPD,HV,1,TK8241,2780,2026-06-22T19:46:47Z,2026-06-22T19:46:47Z,0.0
GL7 5FE,SEPD,HV,1,TK8241,2780,2026-06-22T19:46:47Z,2026-06-22T19:46:47Z,0.0
GL7 5FZ,SEPD,HV,1,TK8250,1089,2026-06-22T19:46:47Z,2026-06-22T19:46:47Z,0.0
GL7 5LH,SEPD,HV,1,TK8261,1434,2026-06-22T19:46:47Z,2026-06-22T19:46:47Z,0.0
GL7 5LX,SEPD,HV,1,TK8250,1089,2026-06-22T19:46:47Z,2026-06-22T19:46:47Z,0.0
GL7 5LY,SEPD,HV,1,TK8250,1089,2026-06-22T19:46:47Z,2026-06-22T19:46:47Z,0.0
GL7 5LZ,SEPD,HV,1,TK8241,2780,2026-06-22T19:46:47Z,2026-06-22T19:46:47Z,0.0
GL7 5NA,SEPD,HV,1,TK8241,2780,2026-06-22T19:46:47Z,2026-06-22T19:46:47Z,0.0
GL7 5NB,SEPD,HV,1,TK8241,2780,2026-06-22T19:46:47Z,2026-06-22T19:46:47Z,0.0
GL7 5ND,SEPD,HV,1,TK8250,1089,2026-06-22T19:46:47Z,2026-06-22T19:46:47Z,0.0
GL7 5NE,SEPD,HV,1,TK8250,1089,2026-06-22T19:46:47Z,2026-06-22T19:46:47Z,0.0
GL7 5NF,SEPD,HV,1,TK8250,1089,2026-06-22T19:46:47Z,2026-06-22T19:46:47Z,0.0
GL7 5NG,SEPD,HV,1,TK8250,1089,2026-06-22T19:46:47Z,2026-06-22T19:46:47Z,0.0
GL7 5NH,SEPD,HV,1,TK8250,1089,2026-06-22T19:46:47Z,2026-06-22T19:46:47Z,0.0
GL7 5NJ,SEPD,HV,1,TK8250,1089,2026-06-22T19:46:47Z,2026-06-22T19:46:47Z,0.0
GL7 5NL,SEPD,HV,1,TK8250,1089,2026-06-22T19:46:47Z,2026-06-22T19:46:47Z,0.0
GL7 5NP,SEPD,HV,1,TK8250,1089,2026-06-22T19:46:47Z,2026-06-22T19:46:47Z,0.0
GL7 5NQ,SEPD,HV,1,TK8250,1089,2026-06-22T19:46:47Z,2026-06-22T19:46:47Z,0.0
GL7 5NR,SEPD,HV,1,TK8250,1089,2026-06-22T19:46:47Z,2026-06-22T19:46:47Z,0.0
GL7 5NS,SEPD,HV,1,TK8250,1089,2026-06-22T19:46:47Z,2026-06-22T19:46:47Z,0.0
GL7 5NT,SEPD,HV,1,TK8250,1089,2026-06-22T19:46:47Z,2026-06-22T19:46:47Z,0.0
GL7 5NW,SEPD,HV,1,TK8250,1089,2026-06-22T19:46:47Z,2026-06-22T19:46:47Z,0.0
GL7 5NX,SEPD,HV,1,TK8241,2780,2026-06-22T19:46:47Z,2026-06-22T19:46:47Z,0.0
GL7 5NY,SEPD,HV,1,TK8241,2780,2026-06-22T19:46:47Z,2026-06-22T19:46:47Z,0.0
GL7 5NZ,SEPD,HV,1,TK8241,2780,2026-06-22T19:46:47Z,2026-06-22T19:46:47Z,0.0
GL7 5PA,SEPD,HV,1,TK8250,1089,2026-06-22T19:46:47Z,2026-06-22T19:46:47Z,0.0
GL7 5PD,SEPD,HV,1,TK8250,1089,2026-06-22T19:46:47Z,2026-06-22T19:46:47Z,0.0
GL7 5PE,SEPD,HV,1,TK8250,1089,2026-06-22T19:46:47Z,2026-06-22T19:46:47Z,0.0
GL7 5TA,SEPD,HV,1,TK8250,1089,2026-06-22T19:46:47Z,2026-06-22T19:46:47Z,0.0
GL7 7DE,SEPD,HV,1,TK8241,2780,2026-06-22T19:46:47Z,2026-06-22T19:46:47Z,0.0
GU10 2LP,SEPD,PSI,1,252086,28,2026-06-22T11:21:18Z,2026-06-22T11:21:18Z,0.0
GU10 2LR,SEPD,PSI,1,252086,28,2026-06-22T11:21:18Z,2026-06-22T11:21:18Z,0.0
GU10 3JR,SEPD,LV,1,TK9325,6,2026-06-23T11:50:26Z,2026-06-23T11:50:26Z,0.0
GU10 3JS,SEPD,LV,1,TK9325,6,2026-06-23T11:50:26Z,2026-06-23T11:50:26Z,0.0
GU10 3JT,SEPD,LV,1,TK9325,6,2026-06-23T11:50:26Z,2026-06-23T11:50:26Z,0.0
GU10 5BU,SEPD,LV,1,TM0791,4,2026-06-24T11:34:27Z,2026-06-24T11:34:27Z,0.0
GU10 5BZ,SEPD,LV,1,TM0791,4,2026-06-24T11:34:27Z,2026-06-24T11:34:27Z,0.0
GU18 5QR,SEPD,LV,1,TM6858,29,2026-06-26T05:55:31Z,2026-06-26T05:55:31Z,0.0
GU18 5QS,SEPD,LV,1,TM6858,29,2026-06-26T05:55:31Z,2026-06-26T05:55:31Z,0.0
GU18 5QT,SEPD,LV,1,TM6858,29,2026-06-26T05:55:31Z,2026-06-26T05:55:31Z,0.0
GU18 5SJ,SEPD,LV,1,TM7637,33,2026-06-26T12:04:15Z,2026-06-26T12:04:15Z,0.0
GU18 5SL,SEPD,LV,1,TM7637,33,2026-06-26T12:04:15Z,2026-06-26T12:04:15Z,0.0
GU18 5SQ,SEPD,LV,1,TM7637,33,2026-06-26T12:04:15Z,2026-06-26T12:04:15Z,0.0
GU18 5UG,SEPD,LV,1,TM7637,33,2026-06-26T12:04:15Z,2026-06-26T12:04:15Z,0.0
GU18 5YN,SEPD,LV,1,TM6858,29,2026-06-26T05:55:31Z,2026-06-26T05:55:31Z,0.0
GU18 5YR,SEPD,LV,1,TM6858,29,2026-06-26T05:55:31Z,2026-06-26T05:55:31Z,0.0
GU18 5YS,SEPD,LV,1,TM6858,29,2026-06-26T05:55:31Z,2026-06-26T05:55:31Z,0.0
GU27 1BP,SEPD,LV,1,TM6444,2,2026-06-26T01:38:09Z,2026-06-26T01:38:09Z,0.0
GU27 1BS,SEPD,LV,1,TM6444,2,2026-06-26T01:38:09Z,2026-06-26T01:38:09Z,0.0
GU31 4DP,SEPD,LV,1,TM8715,4,2026-06-26T20:20:06Z,2026-06-26T20:20:06Z,0.0
GU31 4PR,SEPD,LV,1,TM8715,4,2026-06-26T20:20:06Z,2026-06-26T20:20:06Z,0.0
GU31 4PY,SEPD,LV,1,TM8715,4,2026-06-26T20:20:06Z,2026-06-26T20:20:06Z,0.0
GU34 3NJ,SEPD,PSI,1,252506,137,2026-06-25T13:10:43Z,2026-06-25T13:10:43Z,0.0
GU34 3NL,SEPD,PSI,1,252506,137,2026-06-25T13:10:43Z,2026-06-25T13:10:43Z,0.0
GU34 3NN,SEPD,PSI,1,252506,137,2026-06-25T13:10:43Z,2026-06-25T13:10:43Z,0.0
GU34 3NP,SEPD,PSI,1,252506,137,2026-06-25T13:10:43Z,2026-06-25T13:10:43Z,0.0
GU34 5PB,SEPD,LV,1,TK9593,20,2026-06-23T14:14:17Z,2026-06-23T14:14:17Z,0.0
GU34 5PD,SEPD,LV,1,TK9593,20,2026-06-23T14:14:17Z,2026-06-23T14:14:17Z,0.0
GU35 0NE,SEPD,PSI,1,252086,28,2026-06-22T11:21:18Z,2026-06-22T11:21:18Z,0.0
GU46 6BF,SEPD,HV,1,TK8473,1022,2026-06-22T21:52:49Z,2026-06-22T21:52:49Z,0.0
GU46 6EE,SEPD,HV,1,TK8473,1022,2026-06-22T21:52:49Z,2026-06-22T21:52:49Z,0.0
GU46 6EF,SEPD,HV,1,TK8473,1022,2026-06-22T21:52:49Z,2026-06-22T21:52:49Z,0.0
GU46 6EG,SEPD,HV,1,TK8473,1022,2026-06-22T21:52:49Z,2026-06-22T21:52:49Z,0.0
GU46 6EH,SEPD,HV,1,TK8473,1022,2026-06-22T21:52:49Z,2026-06-22T21:52:49Z,0.0
GU46 6EJ,SEPD,HV,1,TK8473,1022,2026-06-22T21:52:49Z,2026-06-22T21:52:49Z,0.0
GU46 6EL,SEPD,HV,1,TK8473,1022,2026-06-22T21:52:49Z,2026-06-22T21:52:49Z,0.0
GU46 6EN,SEPD,HV,1,TK8473,1022,2026-06-22T21:52:49Z,2026-06-22T21:52:49Z,0.0
GU46 6EQ,SEPD,HV,1,TK8473,1022,2026-06-22T21:52:49Z,2026-06-22T21:52:49Z,0.0
GU46 6EW,SEPD,HV,1,TK8473,1022,2026-06-22T21:52:49Z,2026-06-22T21:52:49Z,0.0
GU46 6FA,SEPD,HV,1,TK8473,1022,2026-06-22T21:52:49Z,2026-06-22T21:52:49Z,0.0
GU46 6FB,SEPD,HV,1,TK8473,1022,2026-06-22T21:52:49Z,2026-06-22T21:52:49Z,0.0
GU46 6FD,SEPD,HV,1,TK8473,1022,2026-06-22T21:52:49Z,2026-06-22T21:52:49Z,0.0
GU46 6FE,SEPD,HV,1,TK8473,1022,2026-06-22T21:52:49Z,2026-06-22T21:52:49Z,0.0
GU46 6FF,SEPD,HV,1,TK8473,1022,2026-06-22T21:52:49Z,2026-06-22T21:52:49Z,0.0
GU46 6FG,SEPD,HV,1,TK8473,1022,2026-06-22T21:52:49Z,2026-06-22T21:52:49Z,0.0
GU46 6FH,SEPD,HV,1,TK8473,1022,2026-06-22T21:52:49Z,2026-06-22T21:52:49Z,0.0
GU46 6FJ,SEPD,HV,1,TK8473,1022,2026-06-22T21:52:49Z,2026-06-22T21:52:49Z,0.0
GU46 6FL,SEPD,HV,1,TK8473,1022,2026-06-22T21:52:49Z,2026-06-22T21:52:49Z,0.0
GU46 6FN,SEPD,HV,1,TK8473,1022,2026-06-22T21:52:49Z,2026-06-22T21:52:49Z,0.0
GU46 6FQ,SEPD,HV,1,TK8473,1022,2026-06-22T21:52:49Z,2026-06-22T21:52:49Z,0.0
GU46 6FR,SEPD,HV,1,TK8473,1022,2026-06-22T21:52:49Z,2026-06-22T21:52:49Z,0.0
GU46 6HA,SEPD,HV,1,TK8473,1022,2026-06-22T21:52:49Z,2026-06-22T21:52:49Z,0.0
GU46 6HB,SEPD,HV,1,TK8473,1022,2026-06-22T21:52:49Z,2026-06-22T21:52:49Z,0.0
GU46 6HD,SEPD,HV,1,TK8473,1022,2026-06-22T21:52:49Z,2026-06-22T21:52:49Z,0.0
GU46 6LY,SEPD,HV,1,TK8473,1022,2026-06-22T21:52:49Z,2026-06-22T21:52:49Z,0.0
GU46 6LZ,SEPD,HV,1,TK8473,1022,2026-06-22T21:52:49Z,2026-06-22T21:52:49Z,0.0
GU46 6ND,SEPD,HV,1,TK8473,1022,2026-06-22T21:52:49Z,2026-06-22T21:52:49Z,0.0
GU46 6NE,SEPD,HV,1,TK8473,1022,2026-06-22T21:52:49Z,2026-06-22T21:52:49Z,0.0
GU46 6NF,SEPD,HV,1,TK8473,1022,2026-06-22T21:52:49Z,2026-06-22T21:52:49Z,0.0
GU46 6NL,SEPD,HV,1,TK8473,1022,2026-06-22T21:52:49Z,2026-06-22T21:52:49Z,0.0
GU46 6NN,SEPD,HV,1,TK8473,1022,2026-06-22T21:52:49Z,2026-06-22T21:52:49Z,0.0
GU46 6NP,SEPD,HV,1,TK8473,1022,2026-06-22T21:52:49Z,2026-06-22T21:52:49Z,0.0
GU46 6NR,SEPD,HV,1,TK8473,1022,2026-06-22T21:52:49Z,2026-06-22T21:52:49Z,0.0
GU46 6NW,SEPD,HV,1,TK8473,1022,2026-06-22T21:52:49Z,2026-06-22T21:52:49Z,0.0
GU46 6NX,SEPD,HV,1,TK8473,1022,2026-06-22T21:52:49Z,2026-06-22T21:52:49Z,0.0
GU46 6NY,SEPD,HV,1,TK8473,1022,2026-06-22T21:52:49Z,2026-06-22T21:52:49Z,0.0
GU46 6NZ,SEPD,HV,1,TK8473,1022,2026-06-22T21:52:49Z,2026-06-22T21:52:49Z,0.0
GU46 6PY,SEPD,HV,1,TK8473,1022,2026-06-22T21:52:49Z,2026-06-22T21:52:49Z,0.0
GU46 6QF,SEPD,HV,1,TK8473,1022,2026-06-22T21:52:49Z,2026-06-22T21:52:49Z,0.0
GU46 6QG,SEPD,HV,1,TK8473,1022,2026-06-22T21:52:49Z,2026-06-22T21:52:49Z,0.0
GU46 6QH,SEPD,HV,1,TK8473,1022,2026-06-22T21:52:49Z,2026-06-22T21:52:49Z,0.0
GU46 6QJ,SEPD,HV,1,TK8473,1022,2026-06-22T21:52:49Z,2026-06-22T21:52:49Z,0.0
GU46 6QL,SEPD,HV,1,TK8473,1022,2026-06-22T21:52:49Z,2026-06-22T21:52:49Z,0.0
GU46 6QQ,SEPD,HV,1,TK8473,1022,2026-06-22T21:52:49Z,2026-06-22T21:52:49Z,0.0
GU46 7TY,SEPD,HV,1,TK8473,1022,2026-06-22T21:52:49Z,2026-06-22T21:52:49Z,0.0
GU46 7TZ,SEPD,HV,1,TK8473,1022,2026-06-22T21:52:49Z,2026-06-22T21:52:49Z,0.0
GU47 0TJ,SEPD,LV,1,TN0999,17,2026-06-28T11:28:15Z,2026-06-28T11:28:15Z,0.0
GU47 0TL,SEPD,LV,1,TN0999,17,2026-06-28T11:28:15Z,2026-06-28T11:28:15Z,0.0
GU47 0TP,SEPD,LV,1,TN0999,17,2026-06-28T11:28:15Z,2026-06-28T11:28:15Z,0.0
GU51 1AB,SEPD,PSI,1,251577,7,2026-06-24T11:34:27Z,2026-06-24T11:34:27Z,0.0
GU51 1AE,SEPD,PSI,1,251577,7,2026-06-24T11:34:27Z,2026-06-24T11:34:27Z,0.0
GU51 1AF,SEPD,PSI,1,251577,7,2026-06-24T11:34:27Z,2026-06-24T11:34:27Z,0.0
GU7 1XY,SEPD,LV,1,TM4689,52,2026-06-25T15:45:55Z,2026-06-25T15:45:55Z,0.0
GU7 1YB,SEPD,LV,1,TM4689,52,2026-06-25T15:45:55Z,2026-06-25T15:45:55Z,0.0
GU7 1YE,SEPD,LV,1,TM4689,52,2026-06-25T15:45:55Z,2026-06-25T15:45:55Z,0.0
GU7 1YF,SEPD,LV,1,TM4689,52,2026-06-25T15:45:55Z,2026-06-25T15:45:55Z,0.0
GU7 1YG,SEPD,LV,1,TM4689,52,2026-06-25T15:45:55Z,2026-06-25T15:45:55Z,0.0
GU7 1YJ,SEPD,LV,1,TM4689,52,2026-06-25T15:45:55Z,2026-06-25T15:45:55Z,0.0
GU7 1YQ,SEPD,LV,1,TM4689,52,2026-06-25T15:45:55Z,2026-06-25T15:45:55Z,0.0
GU7 1YR,SEPD,LV,1,TM4689,52,2026-06-25T15:45:55Z,2026-06-25T15:45:55Z,0.0
GU8 6QR,SEPD,PSI,1,252086,28,2026-06-22T11:21:18Z,2026-06-22T11:21:18Z,0.0
HP10 0NN,SEPD,HV,1,TM0048,65,2026-06-23T21:04:28Z,2026-06-23T21:04:28Z,0.0
HP11 1LJ,SEPD,LV,1,TM0128,12,2026-06-23T18:57:17Z,2026-06-23T18:57:17Z,0.0
HP12 3AQ,SEPD,LV,1,TM0476,33,2026-06-24T01:31:51Z,2026-06-24T01:31:51Z,0.0
HP12 4AA,SEPD,LV,1,TM0476,33,2026-06-24T01:31:51Z,2026-06-24T01:31:51Z,0.0
HP12 4AB,SEPD,LV,1,TM0476,33,2026-06-24T01:31:51Z,2026-06-24T01:31:51Z,0.0
HP12 4AD,SEPD,LV,1,TM0476,33,2026-06-24T01:31:51Z,2026-06-24T01:31:51Z,0.0
HP12 4AF,SEPD,LV,1,TM0476,33,2026-06-24T01:31:51Z,2026-06-24T01:31:51Z,0.0
HP12 4AH,SEPD,LV,1,TM0476,33,2026-06-24T01:31:51Z,2026-06-24T01:31:51Z,0.0
HP12 4AQ,SEPD,LV,1,TM0476,33,2026-06-24T01:31:51Z,2026-06-24T01:31:51Z,0.0
HP12 4EL,SEPD,LV,1,TM0476,33,2026-06-24T01:31:51Z,2026-06-24T01:31:51Z,0.0
HP13 5NW,SEPD,LV,1,TM0448,20,2026-06-23T23:40:36Z,2026-06-23T23:40:36Z,0.0
HP13 5RY,SEPD,LV,1,TM0448,20,2026-06-23T23:40:36Z,2026-06-23T23:40:36Z,0.0
HP13 5RZ,SEPD,LV,1,TM0448,20,2026-06-23T23:40:36Z,2026-06-23T23:40:36Z,0.0
HP13 5TF,SEPD,LV,1,TM0448,20,2026-06-23T23:40:36Z,2026-06-23T23:40:36Z,0.0
HP13 6AR,SEPD,LV,1,TK7068,30,2026-06-22T11:21:18Z,2026-06-22T11:21:18Z,0.0
HP13 6AS,SEPD,LV,1,TK7068,30,2026-06-22T11:21:18Z,2026-06-22T11:21:18Z,0.0
HP13 6AT,SEPD,LV,1,TK7068,30,2026-06-22T11:21:18Z,2026-06-22T11:21:18Z,0.0
HP13 6AW,SEPD,LV,1,TK7068,30,2026-06-22T11:21:18Z,2026-06-22T11:21:18Z,0.0
HP13 6ER,SEPD,LV,1,TK7068,30,2026-06-22T11:21:18Z,2026-06-22T11:21:18Z,0.0
HP13 6EW,SEPD,LV,1,TK7068,30,2026-06-22T11:21:18Z,2026-06-22T11:21:18Z,0.0
HP13 6XJ,SEPD,LV,1,TK7068,30,2026-06-22T11:21:18Z,2026-06-22T11:21:18Z,0.0
HP13 7AB,SEPD,LV,1,TK7068,30,2026-06-22T11:21:18Z,2026-06-22T11:21:18Z,0.0
HP13 7BU,SEPD,LV,1,TM4070,25,2026-06-25T13:10:43Z,2026-06-25T13:10:43Z,0.0
HP13 7DD,SEPD,LV,1,TM4070,25,2026-06-25T13:10:43Z,2026-06-25T13:10:43Z,0.0
HP13 7DY,SEPD,LV,1,TM4070,25,2026-06-25T13:10:43Z,2026-06-25T13:10:43Z,0.0
HP13 7FU,SEPD,LV,1,TK7068,30,2026-06-22T11:21:18Z,2026-06-22T11:21:18Z,0.0
HP13 7JG,SEPD,LV,1,TK7068,30,2026-06-22T11:21:18Z,2026-06-22T11:21:18Z,0.0
HP13 7PL,SEPD,LV,1,TM4070,25,2026-06-25T13:10:43Z,2026-06-25T13:10:43Z,0.0
HP8 4DA,SEPD,HV,1,TM7887,5,2026-06-26T14:46:38Z,2026-06-26T14:46:38Z,0.0
HP8 4DB,SEPD,HV,1,TM7887,5,2026-06-26T14:46:38Z,2026-06-26T14:46:38Z,0.0
HP8 4DD,SEPD,HV,1,TM7887,5,2026-06-26T14:46:38Z,2026-06-26T14:46:38Z,0.0
HP8 4DE,SEPD,HV,1,TM7887,5,2026-06-26T14:46:38Z,2026-06-26T14:46:38Z,0.0
HP8 4DF,SEPD,HV,1,TM7887,5,2026-06-26T14:46:38Z,2026-06-26T14:46:38Z,0.0
HP8 4DG,SEPD,HV,1,TM7887,5,2026-06-26T14:46:38Z,2026-06-26T14:46:38Z,0.0
HP8 4DH,SEPD,HV,1,TM7887,5,2026-06-26T14:46:38Z,2026-06-26T14:46:38Z,0.0
HP8 4DJ,SEPD,HV,1,TM7887,5,2026-06-26T14:46:38Z,2026-06-26T14:46:38Z,0.0
HP8 4DL,SEPD,HV,1,TM7887,5,2026-06-26T14:46:38Z,2026-06-26T14:46:38Z,0.0
HP8 4DN,SEPD,HV,1,TM7887,5,2026-06-26T14:46:38Z,2026-06-26T14:46:38Z,0.0
HP8 4DP,SEPD,HV,1,TM7887,5,2026-06-26T14:46:38Z,2026-06-26T14:46:38Z,0.0
HP8 4DQ,SEPD,HV,1,TM7887,5,2026-06-26T14:46:38Z,2026-06-26T14:46:38Z,0.0
HP8 4DR,SEPD,HV,1,TM7887,5,2026-06-26T14:46:38Z,2026-06-26T14:46:38Z,0.0
HP8 4DS,SEPD,HV,1,TM7887,5,2026-06-26T14:46:38Z,2026-06-26T14:46:38Z,0.0
HP8 4DT,SEPD,HV,1,TM7887,5,2026-06-26T14:46:38Z,2026-06-26T14:46:38Z,0.0
HP8 4DU,SEPD,HV,1,TM7887,5,2026-06-26T14:46:38Z,2026-06-26T14:46:38Z,0.0
HP8 4DW,SEPD,HV,1,TM7887,5,2026-06-26T14:46:38Z,2026-06-26T14:46:38Z,0.0
HP8 4DZ,SEPD,HV,1,TM7887,5,2026-06-26T14:46:38Z,2026-06-26T14:46:38Z,0.0
HP8 4ED,SEPD,HV,1,TM7887,5,2026-06-26T14:46:38Z,2026-06-26T14:46:38Z,0.0
HP8 4EF,SEPD,HV,1,TM7887,5,2026-06-26T14:46:38Z,2026-06-26T14:46:38Z,0.0
HP8 4EH,SEPD,HV,1,TM7887,5,2026-06-26T14:46:38Z,2026-06-26T14:46:38Z,0.0
HP8 4EJ,SEPD,HV,1,TM7887,5,2026-06-26T14:46:38Z,2026-06-26T14:46:38Z,0.0
HP8 4FF,SEPD,HV,1,TM7887,5,2026-06-26T14:46:38Z,2026-06-26T14:46:38Z,0.0
HP8 4JS,SEPD,HV,1,TM7887,5,2026-06-26T14:46:38Z,2026-06-26T14:46:38Z,0.0
HP8 4JT,SEPD,HV,1,TM7887,5,2026-06-26T14:46:38Z,2026-06-26T14:46:38Z,0.0
HP8 4JX,SEPD,HV,1,TM7887,5,2026-06-26T14:46:38Z,2026-06-26T14:46:38Z,0.0
HP8 4JY,SEPD,HV,1,TM7887,5,2026-06-26T14:46:38Z,2026-06-26T14:46:38Z,0.0
HP8 4JZ,SEPD,HV,1,TM7887,5,2026-06-26T14:46:38Z,2026-06-26T14:46:38Z,0.0
HP8 4LA,SEPD,HV,1,TM7887,5,2026-06-26T14:46:38Z,2026-06-26T14:46:38Z,0.0
HP8 4LB,SEPD,HV,1,TM7887,5,2026-06-26T14:46:38Z,2026-06-26T14:46:38Z,0.0
HP8 4LD,SEPD,HV,1,TM7887,5,2026-06-26T14:46:38Z,2026-06-26T14:46:38Z,0.0
HP8 4LE,SEPD,HV,1,TM7887,5,2026-06-26T14:46:38Z,2026-06-26T14:46:38Z,0.0
HP8 4LF,SEPD,HV,1,TM7887,5,2026-06-26T14:46:38Z,2026-06-26T14:46:38Z,0.0
HP8 4LG,SEPD,HV,1,TM7887,5,2026-06-26T14:46:38Z,2026-06-26T14:46:38Z,0.0
HP8 4LH,SEPD,HV,1,TM7887,5,2026-06-26T14:46:38Z,2026-06-26T14:46:38Z,0.0
HP8 4LJ,SEPD,HV,1,TM7887,5,2026-06-26T14:46:38Z,2026-06-26T14:46:38Z,0.0
HP8 4LL,SEPD,HV,1,TM7887,5,2026-06-26T14:46:38Z,2026-06-26T14:46:38Z,0.0
HP8 4LN,SEPD,HV,1,TM7887,5,2026-06-26T14:46:38Z,2026-06-26T14:46:38Z,0.0
HP8 4LP,SEPD,HV,1,TM7887,5,2026-06-26T14:46:38Z,2026-06-26T14:46:38Z,0.0
HP8 4LQ,SEPD,HV,1,TM7887,5,2026-06-26T14:46:38Z,2026-06-26T14:46:38Z,0.0
HP8 4LR,SEPD,HV,1,TM7887,5,2026-06-26T14:46:38Z,2026-06-26T14:46:38Z,0.0
HP8 4LS,SEPD,HV,1,TM7887,5,2026-06-26T14:46:38Z,2026-06-26T14:46:38Z,0.0
HP8 4NX,SEPD,HV,1,TM7887,5,2026-06-26T14:46:38Z,2026-06-26T14:46:38Z,0.0
HP8 4NY,SEPD,HV,1,TM7887,5,2026-06-26T14:46:38Z,2026-06-26T14:46:38Z,0.0
HP8 4PB,SEPD,HV,1,TM7887,5,2026-06-26T14:46:38Z,2026-06-26T14:46:38Z,0.0
HP8 4PD,SEPD,HV,1,TM7887,5,2026-06-26T14:46:38Z,2026-06-26T14:46:38Z,0.0
HP8 4PE,SEPD,HV,1,TM7887,5,2026-06-26T14:46:38Z,2026-06-26T14:46:38Z,0.0
HP8 4PF,SEPD,HV,1,TM7887,5,2026-06-26T14:46:38Z,2026-06-26T14:46:38Z,0.0
HP8 4PH,SEPD,HV,1,TM7887,5,2026-06-26T14:46:38Z,2026-06-26T14:46:38Z,0.0
HP9 1XE,SEPD,HV,1,TM0048,65,2026-06-23T21:04:28Z,2026-06-23T21:04:28Z,0.0
HP9 1XF,SEPD,HV,1,TM0048,65,2026-06-23T21:04:28Z,2026-06-23T21:04:28Z,0.0
HP9 2DR,SEPD,HV,1,TM3353,102,2026-06-25T08:03:23Z,2026-06-25T08:03:23Z,0.0
HP9 2FJ,SEPD,HV,1,TM3353,102,2026-06-25T08:03:23Z,2026-06-25T08:03:23Z,0.0
HP9 2GN,SEPD,HV,1,TM3353,102,2026-06-25T08:03:23Z,2026-06-25T08:03:23Z,0.0
HP9 2QF,SEPD,HV,1,TM3353,102,2026-06-25T08:03:23Z,2026-06-25T08:03:23Z,0.0
HP9 2QG,SEPD,HV,1,TM3353,102,2026-06-25T08:03:23Z,2026-06-25T08:03:23Z,0.0
HP9 2QH,SEPD,HV,1,TM3353,102,2026-06-25T08:03:23Z,2026-06-25T08:03:23Z,0.0
HP9 2QJ,SEPD,HV,1,TM3353,102,2026-06-25T08:03:23Z,2026-06-25T08:03:23Z,0.0
HP9 2QL,SEPD,HV,1,TM3353,102,2026-06-25T08:03:23Z,2026-06-25T08:03:23Z,0.0
HP9 2QP,SEPD,HV,1,TM3353,102,2026-06-25T08:03:23Z,2026-06-25T08:03:23Z,0.0
HP9 2QQ,SEPD,HV,1,TM3353,102,2026-06-25T08:03:23Z,2026-06-25T08:03:23Z,0.0
HP9 2QR,SEPD,HV,1,TM3353,102,2026-06-25T08:03:23Z,2026-06-25T08:03:23Z,0.0
HP9 2QS,SEPD,HV,1,TM3353,102,2026-06-25T08:03:23Z,2026-06-25T08:03:23Z,0.0
HP9 2QT,SEPD,HV,1,TM3353,102,2026-06-25T08:03:23Z,2026-06-25T08:03:23Z,0.0
HP9 2QU,SEPD,HV,1,TM3353,102,2026-06-25T08:03:23Z,2026-06-25T08:03:23Z,0.0
HP9 2QX,SEPD,HV,1,TM3353,102,2026-06-25T08:03:23Z,2026-06-25T08:03:23Z,0.0
HP9 2QZ,SEPD,HV,1,TM3353,102,2026-06-25T08:03:23Z,2026-06-25T08:03:23Z,0.0
HP9 2RA,SEPD,HV,1,TM3353,102,2026-06-25T08:03:23Z,2026-06-25T08:03:23Z,0.0
HP9 2RE,SEPD,HV,1,TM3353,102,2026-06-25T08:03:23Z,2026-06-25T08:03:23Z,0.0
HP9 2RF,SEPD,HV,1,TM3353,102,2026-06-25T08:03:23Z,2026-06-25T08:03:23Z,0.0
HP9 2RG,SEPD,HV,1,TM3353,102,2026-06-25T08:03:23Z,2026-06-25T08:03:23Z,0.0
HP9 2RH,SEPD,HV,1,TM3353,102,2026-06-25T08:03:23Z,2026-06-25T08:03:23Z,0.0
HP9 2RQ,SEPD,HV,1,TM3353,102,2026-06-25T08:03:23Z,2026-06-25T08:03:23Z,0.0
HP9 2SH,SEPD,HV,1,TM3353,102,2026-06-25T08:03:23Z,2026-06-25T08:03:23Z,0.0
HP9 2SJ,SEPD,HV,1,TM3353,102,2026-06-25T08:03:23Z,2026-06-25T08:03:23Z,0.0
HP9 2SL,SEPD,HV,1,TM3353,102,2026-06-25T08:03:23Z,2026-06-25T08:03:23Z,0.0
HP9 2SN,SEPD,HV,1,TM3353,102,2026-06-25T08:03:23Z,2026-06-25T08:03:23Z,0.0
HP9 2SP,SEPD,HV,1,TM3353,102,2026-06-25T08:03:23Z,2026-06-25T08:03:23Z,0.0
HP9 2SS,SEPD,HV,1,TM3353,102,2026-06-25T08:03:23Z,2026-06-25T08:03:23Z,0.0
HP9 2ST,SEPD,HV,1,TM3353,102,2026-06-25T08:03:23Z,2026-06-25T08:03:23Z,0.0
HP9 2SU,SEPD,HV,1,TM3353,102,2026-06-25T08:03:23Z,2026-06-25T08:03:23Z,0.0
HP9 2SW,SEPD,HV,1,TM3353,102,2026-06-25T08:03:23Z,2026-06-25T08:03:23Z,0.0
HP9 2SX,SEPD,HV,1,TM3353,102,2026-06-25T08:03:23Z,2026-06-25T08:03:23Z,0.0
HP9 2SY,SEPD,HV,1,TM3353,102,2026-06-25T08:03:23Z,2026-06-25T08:03:23Z,0.0
HP9 2SZ,SEPD,HV,1,TM3353,102,2026-06-25T08:03:23Z,2026-06-25T08:03:23Z,0.0
HP9 2TA,SEPD,HV,1,TM3353,102,2026-06-25T08:03:23Z,2026-06-25T08:03:23Z,0.0
HP9 2TB,SEPD,HV,1,TM3353,102,2026-06-25T08:03:23Z,2026-06-25T08:03:23Z,0.0
HP9 2TD,SEPD,HV,1,TM3353,102,2026-06-25T08:03:23Z,2026-06-25T08:03:23Z,0.0
HP9 2TE,SEPD,HV,1,TM3353,102,2026-06-25T08:03:23Z,2026-06-25T08:03:23Z,0.0
HP9 2TF,SEPD,HV,1,TM3353,102,2026-06-25T08:03:23Z,2026-06-25T08:03:23Z,0.0
HP9 2TG,SEPD,HV,1,TM3353,102,2026-06-25T08:03:23Z,2026-06-25T08:03:23Z,0.0
HP9 2UB,SEPD,HV,1,TM3353,102,2026-06-25T08:03:23Z,2026-06-25T08:03:23Z,0.0
HP9 2UG,SEPD,HV,1,TM3353,102,2026-06-25T08:03:23Z,2026-06-25T08:03:23Z,0.0
HP9 2UH,SEPD,HV,1,TM3353,102,2026-06-25T08:03:23Z,2026-06-25T08:03:23Z,0.0
HP9 2UJ,SEPD,HV,1,TM3353,102,2026-06-25T08:03:23Z,2026-06-25T08:03:23Z,0.0
HP9 2UL,SEPD,HV,1,TM3353,102,2026-06-25T08:03:23Z,2026-06-25T08:03:23Z,0.0
HP9 2UN,SEPD,HV,1,TM3353,102,2026-06-25T08:03:23Z,2026-06-25T08:03:23Z,0.0
HP9 2UP,SEPD,HV,1,TM3353,102,2026-06-25T08:03:23Z,2026-06-25T08:03:23Z,0.0
HP9 2UR,SEPD,HV,1,TM3353,102,2026-06-25T08:03:23Z,2026-06-25T08:03:23Z,0.0
HP9 2UT,SEPD,HV,1,TM3353,102,2026-06-25T08:03:23Z,2026-06-25T08:03:23Z,0.0
HP9 2UU,SEPD,HV,1,TM3353,102,2026-06-25T08:03:23Z,2026-06-25T08:03:23Z,0.0
HP9 2UW,SEPD,HV,1,TM3353,102,2026-06-25T08:03:23Z,2026-06-25T08:03:23Z,0.0
HP9 2UX,SEPD,HV,1,TM3353,102,2026-06-25T08:03:23Z,2026-06-25T08:03:23Z,0.0
HP9 2UY,SEPD,HV,1,TM3353,102,2026-06-25T08:03:23Z,2026-06-25T08:03:23Z,0.0
HP9 2UZ,SEPD,HV,1,TM3353,102,2026-06-25T08:03:23Z,2026-06-25T08:03:23Z,0.0
HP9 2XA,SEPD,HV,1,TM3353,102,2026-06-25T08:03:23Z,2026-06-25T08:03:23Z,0.0
HP9 2XF,SEPD,HV,1,TM3353,102,2026-06-25T08:03:23Z,2026-06-25T08:03:23Z,0.0
HP9 2XG,SEPD,HV,1,TM3353,102,2026-06-25T08:03:23Z,2026-06-25T08:03:23Z,0.0
HP9 2XH,SEPD,HV,1,TM3353,102,2026-06-25T08:03:23Z,2026-06-25T08:03:23Z,0.0
HP9 2XJ,SEPD,HV,1,TM3353,102,2026-06-25T08:03:23Z,2026-06-25T08:03:23Z,0.0
HP9 2XL,SEPD,HV,1,TM3353,102,2026-06-25T08:03:23Z,2026-06-25T08:03:23Z,0.0
HP9 2XN,SEPD,HV,1,TM3353,102,2026-06-25T08:03:23Z,2026-06-25T08:03:23Z,0.0
HP9 2XP,SEPD,HV,1,TM3353,102,2026-06-25T08:03:23Z,2026-06-25T08:03:23Z,0.0
HP9 2XQ,SEPD,HV,1,TM3353,102,2026-06-25T08:03:23Z,2026-06-25T08:03:23Z,0.0
HP9 2XR,SEPD,HV,1,TM3353,102,2026-06-25T08:03:23Z,2026-06-25T08:03:23Z,0.0
HP9 2XS,SEPD,HV,1,TM3353,102,2026-06-25T08:03:23Z,2026-06-25T08:03:23Z,0.0
HP9 2XT,SEPD,HV,1,TM3353,102,2026-06-25T08:03:23Z,2026-06-25T08:03:23Z,0.0
HP9 2XU,SEPD,HV,1,TM3353,102,2026-06-25T08:03:23Z,2026-06-25T08:03:23Z,0.0
HP9 2XW,SEPD,HV,1,TM3353,102,2026-06-25T08:03:23Z,2026-06-25T08:03:23Z,0.0
HP9 2XX,SEPD,HV,1,TM3353,102,2026-06-25T08:03:23Z,2026-06-25T08:03:23Z,0.0
HP9 2XY,SEPD,HV,1,TM3353,102,2026-06-25T08:03:23Z,2026-06-25T08:03:23Z,0.0
HP9 2XZ,SEPD,HV,1,TM3353,102,2026-06-25T08:03:23Z,2026-06-25T08:03:23Z,0.0
HP9 2YA,SEPD,HV,1,TM3353,102,2026-06-25T08:03:23Z,2026-06-25T08:03:23Z,0.0
HP9 2YB,SEPD,HV,1,TM3353,102,2026-06-25T08:03:23Z,2026-06-25T08:03:23Z,0.0
HP9 2YD,SEPD,HV,1,TM3353,102,2026-06-25T08:03:23Z,2026-06-25T08:03:23Z,0.0
HP9 2YE,SEPD,HV,1,TM3353,102,2026-06-25T08:03:23Z,2026-06-25T08:03:23Z,0.0
HP9 2YG,SEPD,HV,1,TM3353,102,2026-06-25T08:03:23Z,2026-06-25T08:03:23Z,0.0
HP9 2YH,SEPD,HV,1,TM3353,102,2026-06-25T08:03:23Z,2026-06-25T08:03:23Z,0.0
HP9 2YJ,SEPD,HV,1,TM3353,102,2026-06-25T08:03:23Z,2026-06-25T08:03:23Z,0.0
HP9 2YL,SEPD,HV,1,TM3353,102,2026-06-25T08:03:23Z,2026-06-25T08:03:23Z,0.0
HP9 2YN,SEPD,HV,1,TM3353,102,2026-06-25T08:03:23Z,2026-06-25T08:03:23Z,0.0
HP9 2YP,SEPD,HV,1,TM3353,102,2026-06-25T08:03:23Z,2026-06-25T08:03:23Z,0.0
HP9 2YQ,SEPD,HV,1,TM3353,102,2026-06-25T08:03:23Z,2026-06-25T08:03:23Z,0.0
HP9 2YR,SEPD,HV,1,TM3353,102,2026-06-25T08:03:23Z,2026-06-25T08:03:23Z,0.0
HP9 2YS,SEPD,HV,1,TM3353,102,2026-06-25T08:03:23Z,2026-06-25T08:03:23Z,0.0
HP9 2YT,SEPD,HV,1,TM3353,102,2026-06-25T08:03:23Z,2026-06-25T08:03:23Z,0.0
HP9 2YU,SEPD,HV,1,TM3353,102,2026-06-25T08:03:23Z,2026-06-25T08:03:23Z,0.0
HP9 2YW,SEPD,HV,1,TM3353,102,2026-06-25T08:03:23Z,2026-06-25T08:03:23Z,0.0
HP9 2YX,SEPD,HV,1,TM3353,102,2026-06-25T08:03:23Z,2026-06-25T08:03:23Z,0.0
HP9 2YY,SEPD,HV,1,TM3353,102,2026-06-25T08:03:23Z,2026-06-25T08:03:23Z,0.0
HP9 2YZ,SEPD,HV,1,TM3353,102,2026-06-25T08:03:23Z,2026-06-25T08:03:23Z,0.0
HS2 0BJ,SHEPD,HV,1,TM3451,453,2026-06-25T08:03:23Z,2026-06-25T08:03:23Z,0.0
HS2 0EU,SHEPD,HV,1,TM5459,406,2026-06-25T20:16:59Z,2026-06-25T20:16:59Z,0.0
HS2 0SN,SHEPD,HV,1,TM3451,453,2026-06-25T08:03:23Z,2026-06-25T08:03:23Z,0.0
HS2 0SP,SHEPD,HV,1,TM3451,453,2026-06-25T08:03:23Z,2026-06-25T08:03:23Z,0.0
HS2 0SU,SHEPD,HV,1,TM3451,453,2026-06-25T08:03:23Z,2026-06-25T08:03:23Z,0.0
HS2 0SW,SHEPD,HV,1,TM3451,453,2026-06-25T08:03:23Z,2026-06-25T08:03:23Z,0.0
HS2 0SY,SHEPD,HV,1,TM3451,453,2026-06-25T08:03:23Z,2026-06-25T08:03:23Z,0.0
HS2 0SZ,SHEPD,HV,1,TM3451,453,2026-06-25T08:03:23Z,2026-06-25T08:03:23Z,0.0
HS2 0TA,SHEPD,HV,1,TM3451,453,2026-06-25T08:03:23Z,2026-06-25T08:03:23Z,0.0
HS2 0TB,SHEPD,HV,1,TM3451,453,2026-06-25T08:03:23Z,2026-06-25T08:03:23Z,0.0
HS2 0TD,SHEPD,HV,1,TM3451,453,2026-06-25T08:03:23Z,2026-06-25T08:03:23Z,0.0
HS2 0TG,SHEPD,HV,1,TM3451,453,2026-06-25T08:03:23Z,2026-06-25T08:03:23Z,0.0
HS2 0TN,SHEPD,HV,1,TM3451,453,2026-06-25T08:03:23Z,2026-06-25T08:03:23Z,0.0
HS2 0TQ,SHEPD,HV,1,TM3451,453,2026-06-25T08:03:23Z,2026-06-25T08:03:23Z,0.0
HS2 0XA,SHEPD,HV,1,TM3451,453,2026-06-25T08:03:23Z,2026-06-25T08:03:23Z,0.0
HS2 0XB,SHEPD,HV,1,TM3451,453,2026-06-25T08:03:23Z,2026-06-25T08:03:23Z,0.0
HS2 0XD,SHEPD,HV,1,TM3451,453,2026-06-25T08:03:23Z,2026-06-25T08:03:23Z,0.0
HS2 0XF,SHEPD,HV,1,TM3451,453,2026-06-25T08:03:23Z,2026-06-25T08:03:23Z,0.0
HS2 0XG,SHEPD,HV,1,TM3451,453,2026-06-25T08:03:23Z,2026-06-25T08:03:23Z,0.0
HS2 0XH,SHEPD,HV,1,TM3451,453,2026-06-25T08:03:23Z,2026-06-25T08:03:23Z,0.0
HS2 9BD,SHEPD,HV,1,TM6537,186,2026-06-26T05:55:31Z,2026-06-26T05:55:31Z,0.0
HS2 9BP,SHEPD,HV,1,TM6537,186,2026-06-26T05:55:31Z,2026-06-26T05:55:31Z,0.0
HS2 9BW,SHEPD,HV,1,TM6537,186,2026-06-26T05:55:31Z,2026-06-26T05:55:31Z,0.0
HS2 9DA,SHEPD,HV,1,TM6537,186,2026-06-26T05:55:31Z,2026-06-26T05:55:31Z,0.0
HS2 9DD,SHEPD,HV,1,TM6537,186,2026-06-26T05:55:31Z,2026-06-26T05:55:31Z,0.0
HS2 9DE,SHEPD,HV,1,TM6537,186,2026-06-26T05:55:31Z,2026-06-26T05:55:31Z,0.0
HS2 9DF,SHEPD,HV,1,TM6537,186,2026-06-26T05:55:31Z,2026-06-26T05:55:31Z,0.0
HS2 9DG,SHEPD,HV,1,TM6537,186,2026-06-26T05:55:31Z,2026-06-26T05:55:31Z,0.0
HS2 9DH,SHEPD,HV,1,TM6537,186,2026-06-26T05:55:31Z,2026-06-26T05:55:31Z,0.0
HS2 9DQ,SHEPD,HV,1,TM6537,186,2026-06-26T05:55:31Z,2026-06-26T05:55:31Z,0.0
HS2 9EP,SHEPD,HV,1,TM5459,406,2026-06-25T20:16:59Z,2026-06-25T20:16:59Z,0.0
HS2 9ER,SHEPD,HV,1,TM5459,406,2026-06-25T20:16:59Z,2026-06-25T20:16:59Z,0.0
HS2 9ET,SHEPD,HV,1,TM5459,406,2026-06-25T20:16:59Z,2026-06-25T20:16:59Z,0.0
HS2 9EU,SHEPD,HV,1,TM5459,406,2026-06-25T20:16:59Z,2026-06-25T20:16:59Z,0.0
HS2 9EX,SHEPD,HV,1,TM5459,406,2026-06-25T20:16:59Z,2026-06-25T20:16:59Z,0.0
HS2 9EY,SHEPD,HV,1,TM5459,406,2026-06-25T20:16:59Z,2026-06-25T20:16:59Z,0.0
HS2 9HA,SHEPD,HV,1,TM5459,406,2026-06-25T20:16:59Z,2026-06-25T20:16:59Z,0.0
HS2 9HB,SHEPD,HV,1,TM5459,406,2026-06-25T20:16:59Z,2026-06-25T20:16:59Z,0.0
HS2 9HE,SHEPD,HV,1,TM5459,406,2026-06-25T20:16:59Z,2026-06-25T20:16:59Z,0.0
HS2 9HH,SHEPD,HV,1,TM5459,406,2026-06-25T20:16:59Z,2026-06-25T20:16:59Z,0.0
HS2 9HJ,SHEPD,HV,1,TM5459,406,2026-06-25T20:16:59Z,2026-06-25T20:16:59Z,0.0
HS2 9HL,SHEPD,HV,1,TM5459,406,2026-06-25T20:16:59Z,2026-06-25T20:16:59Z,0.0
HS2 9HP,SHEPD,HV,1,TM5459,406,2026-06-25T20:16:59Z,2026-06-25T20:16:59Z,0.0
HS2 9HR,SHEPD,HV,1,TM5459,406,2026-06-25T20:16:59Z,2026-06-25T20:16:59Z,0.0
HS2 9HU,SHEPD,HV,1,TM5459,406,2026-06-25T20:16:59Z,2026-06-25T20:16:59Z,0.0
HS2 9HW,SHEPD,HV,1,TM5459,406,2026-06-25T20:16:59Z,2026-06-25T20:16:59Z,0.0
HS2 9HX,SHEPD,HV,1,TM5459,406,2026-06-25T20:16:59Z,2026-06-25T20:16:59Z,0.0
HS2 9JA,SHEPD,HV,1,TM5459,406,2026-06-25T20:16:59Z,2026-06-25T20:16:59Z,0.0
HS2 9JD,SHEPD,HV,1,TM5459,406,2026-06-25T20:16:59Z,2026-06-25T20:16:59Z,0.0
HS2 9JE,SHEPD,HV,1,TM5459,406,2026-06-25T20:16:59Z,2026-06-25T20:16:59Z,0.0
HS2 9JF,SHEPD,HV,1,TM5459,406,2026-06-25T20:16:59Z,2026-06-25T20:16:59Z,0.0
HS2 9JG,SHEPD,HV,1,TM5459,406,2026-06-25T20:16:59Z,2026-06-25T20:16:59Z,0.0
HS2 9JJ,SHEPD,HV,1,TM5459,406,2026-06-25T20:16:59Z,2026-06-25T20:16:59Z,0.0
HS2 9QB,SHEPD,HV,1,TM3451,453,2026-06-25T08:03:23Z,2026-06-25T08:03:23Z,0.0
HS3 3BA,SHEPD,HV,1,TK8937,37,2026-06-23T08:50:42Z,2026-06-23T08:50:42Z,0.0
HS3 3DB,SHEPD,HV,1,TK8937,37,2026-06-23T08:50:42Z,2026-06-23T08:50:42Z,0.0
HS3 3DD,SHEPD,HV,1,TK8937,37,2026-06-23T08:50:42Z,2026-06-23T08:50:42Z,0.0
HS3 3DJ,SHEPD,HV,1,TK8937,37,2026-06-23T08:50:42Z,2026-06-23T08:50:42Z,0.0
HS3 3DN,SHEPD,HV,1,TK8937,37,2026-06-23T08:50:42Z,2026-06-23T08:50:42Z,0.0
HS3 3DP,SHEPD,HV,1,TK8937,37,2026-06-23T08:50:42Z,2026-06-23T08:50:42Z,0.0
HS3 3DR,SHEPD,HV,1,TK8937,37,2026-06-23T08:50:42Z,2026-06-23T08:50:42Z,0.0
HS3 3DW,SHEPD,HV,1,TK8937,37,2026-06-23T08:50:42Z,2026-06-23T08:50:42Z,0.0
HS3 3DX,SHEPD,HV,1,TK8937,37,2026-06-23T08:50:42Z,2026-06-23T08:50:42Z,0.0
HS3 3DY,SHEPD,HV,1,TK8937,37,2026-06-23T08:50:42Z,2026-06-23T08:50:42Z,0.0
HS3 3DZ,SHEPD,HV,1,TK8937,37,2026-06-23T08:50:42Z,2026-06-23T08:50:42Z,0.0
HS3 3EB,SHEPD,HV,1,TK8937,37,2026-06-23T08:50:42Z,2026-06-23T08:50:42Z,0.0
HS3 3ED,SHEPD,HV,1,TK8937,37,2026-06-23T08:50:42Z,2026-06-23T08:50:42Z,0.0
HS3 3EF,SHEPD,HV,1,TK8937,37,2026-06-23T08:50:42Z,2026-06-23T08:50:42Z,0.0
HS3 3EH,SHEPD,HV,1,TK8937,37,2026-06-23T08:50:42Z,2026-06-23T08:50:42Z,0.0
HS3 3EJ,SHEPD,HV,1,TK8937,37,2026-06-23T08:50:42Z,2026-06-23T08:50:42Z,0.0
HS3 3EL,SHEPD,HV,1,TK8937,37,2026-06-23T08:50:42Z,2026-06-23T08:50:42Z,0.0
HS3 3EN,SHEPD,HV,1,TK8937,37,2026-06-23T08:50:42Z,2026-06-23T08:50:42Z,0.0
HS3 3EP,SHEPD,HV,1,TK8937,37,2026-06-23T08:50:42Z,2026-06-23T08:50:42Z,0.0
HS3 3ER,SHEPD,HV,1,TK8937,37,2026-06-23T08:50:42Z,2026-06-23T08:50:42Z,0.0
HS3 3EZ,SHEPD,HV,1,TK8937,37,2026-06-23T08:50:42Z,2026-06-23T08:50:42Z,0.0
HS3 3HA,SHEPD,HV,1,TK8937,37,2026-06-23T08:50:42Z,2026-06-23T08:50:42Z,0.0
HS3 3HG,SHEPD,HV,1,TK8937,37,2026-06-23T08:50:42Z,2026-06-23T08:50:42Z,0.0
HS3 3HQ,SHEPD,HV,1,TK8937,37,2026-06-23T08:50:42Z,2026-06-23T08:50:42Z,0.0
HS3 3JD,SHEPD,HV,1,TK8937,37,2026-06-23T08:50:42Z,2026-06-23T08:50:42Z,0.0
HS3 3JE,SHEPD,HV,1,TK8937,37,2026-06-23T08:50:42Z,2026-06-23T08:50:42Z,0.0
HS3 3JF,SHEPD,HV,1,TK8937,37,2026-06-23T08:50:42Z,2026-06-23T08:50:42Z,0.0
HS3 3JG,SHEPD,HV,1,TK8937,37,2026-06-23T08:50:42Z,2026-06-23T08:50:42Z,0.0
HS3 3JH,SHEPD,HV,1,TK8937,37,2026-06-23T08:50:42Z,2026-06-23T08:50:42Z,0.0
HS3 3JQ,SHEPD,HV,1,TK8937,37,2026-06-23T08:50:42Z,2026-06-23T08:50:42Z,0.0
HS5 3TW,SHEPD,HV,1,TK8937,37,2026-06-23T08:50:42Z,2026-06-23T08:50:42Z,0.0
HS9 5YA,SHEPD,PSI,1,252519,4,2026-06-25T10:51:36Z,2026-06-25T10:51:36Z,0.0
IG11 0UF,SEPD,LV,1,TM9570,14,2026-06-28T13:00:22Z,2026-06-28T13:00:22Z,0.0
IG11 0UW,SEPD,LV,1,TM9570,14,2026-06-28T13:00:22Z,2026-06-28T13:00:22Z,0.0
IV10 8SW,SHEPD,LV,1,TM6422,2,2026-06-26T01:38:09Z,2026-06-26T01:38:09Z,0.0
IV12 5QN,SHEPD,HV,1,TN1023,2,2026-06-28T11:28:15Z,2026-06-28T11:28:15Z,0.0
IV16 9UU,SHEPD,PSI,1,252419,3,2026-06-25T13:10:43Z,2026-06-25T13:10:43Z,0.0
IV16 9XY,SHEPD,PSI,1,252419,3,2026-06-25T13:10:43Z,2026-06-25T13:10:43Z,0.0
IV19 1QH,SHEPD,HV,1,TM5489,70,2026-06-25T20:16:59Z,2026-06-25T20:16:59Z,0.0
IV2 7PJ,SHEPD,HV,1,TM1882,9,2026-06-24T16:12:37Z,2026-06-24T16:12:37Z,0.0
IV20 1RG,SHEPD,HV,1,TM7647,18,2026-06-26T12:04:15Z,2026-06-26T12:04:15Z,0.0
IV21 2BD,SHEPD,PSI,1,252158,56,2026-06-24T11:34:27Z,2026-06-24T11:34:27Z,0.0
IV21 2BH,SHEPD,PSI,1,252158,56,2026-06-24T11:34:27Z,2026-06-24T11:34:27Z,0.0
IV21 2BN,SHEPD,PSI,1,252158,56,2026-06-24T11:34:27Z,2026-06-24T11:34:27Z,0.0
IV21 2BP,SHEPD,PSI,1,252158,56,2026-06-24T11:34:27Z,2026-06-24T11:34:27Z,0.0
IV21 2BS,SHEPD,PSI,1,252158,56,2026-06-24T11:34:27Z,2026-06-24T11:34:27Z,0.0
IV21 2DG,SHEPD,PSI,1,252158,56,2026-06-24T11:34:27Z,2026-06-24T11:34:27Z,0.0
IV21 2DN,SHEPD,PSI,1,252158,56,2026-06-24T11:34:27Z,2026-06-24T11:34:27Z,0.0
IV22 2EE,SHEPD,HV,1,TM5401,492,2026-06-25T20:16:59Z,2026-06-25T20:16:59Z,0.0
IV22 2EH,SHEPD,HV,1,TM5401,492,2026-06-25T20:16:59Z,2026-06-25T20:16:59Z,0.0
IV22 2EJ,SHEPD,HV,1,TM5401,492,2026-06-25T20:16:59Z,2026-06-25T20:16:59Z,0.0
IV22 2EN,SHEPD,HV,1,TM5401,492,2026-06-25T20:16:59Z,2026-06-25T20:16:59Z,0.0
IV22 2ES,SHEPD,HV,1,TM5401,492,2026-06-25T20:16:59Z,2026-06-25T20:16:59Z,0.0
IV24 3AA,SHEPD,PSI,1,251873,22,2026-06-23T11:50:26Z,2026-06-23T11:50:26Z,0.0
IV24 3AD,SHEPD,HV,1,TM6430,44,2026-06-26T01:38:09Z,2026-06-26T01:38:09Z,0.0
IV24 3AE,SHEPD,HV,1,TM6430,44,2026-06-26T01:38:09Z,2026-06-26T01:38:09Z,0.0
IV24 3AF,SHEPD,HV,1,TM6430,44,2026-06-26T01:38:09Z,2026-06-26T01:38:09Z,0.0
IV24 3AS,SHEPD,PSI,1,251873,22,2026-06-23T11:50:26Z,2026-06-23T11:50:26Z,0.0
IV24 3EF,SHEPD,PSI,1,251873,22,2026-06-23T11:50:26Z,2026-06-23T11:50:26Z,0.0
IV25 3JB,SHEPD,HV,1,TM6430,44,2026-06-26T01:38:09Z,2026-06-26T01:38:09Z,0.0
IV27,SHEPD,PSI,1,251799,28,2026-06-22T11:21:18Z,2026-06-22T11:21:18Z,0.0
IV27 4DG,SHEPD,HV,1,TM7244,2,2026-06-26T09:45:43Z,2026-06-26T09:45:43Z,0.0
IV27 4EU,SHEPD,PSI,1,251799,28,2026-06-22T11:21:18Z,2026-06-22T11:21:18Z,0.0
IV27 4PA,SHEPD,PSI,1,251801,3,2026-06-26T14:46:38Z,2026-06-26T14:46:38Z,0.0
IV3 5AF,SHEPD,LV,1,TM3193,21,2026-06-25T04:38:26Z,2026-06-25T04:38:26Z,0.0
IV3 5AL,SHEPD,LV,1,TM3193,21,2026-06-25T04:38:26Z,2026-06-25T04:38:26Z,0.0
IV3 5AN,SHEPD,LV,1,TM3193,21,2026-06-25T04:38:26Z,2026-06-25T04:38:26Z,0.0
IV3 5BE,SHEPD,LV,1,TM3193,21,2026-06-25T04:38:26Z,2026-06-25T04:38:26Z,0.0
IV3 5JR,SHEPD,LV,1,TM3193,21,2026-06-25T04:38:26Z,2026-06-25T04:38:26Z,0.0
IV4 7AR,SHEPD,LV,1,TM8614,5,2026-06-26T18:27:01Z,2026-06-26T18:27:01Z,0.0
IV40 8AE,SHEPD,HV,1,TM5401,492,2026-06-25T20:16:59Z,2026-06-25T20:16:59Z,0.0
IV40 8BB,SHEPD,HV,1,TM5401,492,2026-06-25T20:16:59Z,2026-06-25T20:16:59Z,0.0
IV40 8DH,SHEPD,HV,1,TM5401,492,2026-06-25T20:16:59Z,2026-06-25T20:16:59Z,0.0
IV40 8DL,SHEPD,HV,1,TM5401,492,2026-06-25T20:16:59Z,2026-06-25T20:16:59Z,0.0
IV40 8DN,SHEPD,HV,1,TM5401,492,2026-06-25T20:16:59Z,2026-06-25T20:16:59Z,0.0
IV40 8EE,SHEPD,HV,1,TM5401,492,2026-06-25T20:16:59Z,2026-06-25T20:16:59Z,0.0
IV40 8EG,SHEPD,HV,1,TM5401,492,2026-06-25T20:16:59Z,2026-06-25T20:16:59Z,0.0
IV40 8FA,SHEPD,HV,1,TM5401,492,2026-06-25T20:16:59Z,2026-06-25T20:16:59Z,0.0
IV40 8FE,SHEPD,HV,1,TM5401,492,2026-06-25T20:16:59Z,2026-06-25T20:16:59Z,0.0
IV51,SHEPD,HV,1,TM6776,69,2026-06-26T09:45:43Z,2026-06-26T09:45:43Z,0.0
IV51 9AA,SHEPD,HV,1,TM6776,69,2026-06-26T09:45:43Z,2026-06-26T09:45:43Z,0.0
IV51 9AJ,SHEPD,HV,1,TM6776,69,2026-06-26T09:45:43Z,2026-06-26T09:45:43Z,0.0
IV51 9GS,SHEPD,HV,1,TM6776,69,2026-06-26T09:45:43Z,2026-06-26T09:45:43Z,0.0
IV51 9HJ,SHEPD,HV,1,TM6776,69,2026-06-26T09:45:43Z,2026-06-26T09:45:43Z,0.0
IV51 9HN,SHEPD,HV,1,TM6776,69,2026-06-26T09:45:43Z,2026-06-26T09:45:43Z,0.0
IV51 9HP,SHEPD,HV,1,TM6776,69,2026-06-26T09:45:43Z,2026-06-26T09:45:43Z,0.0
IV51 9HR,SHEPD,HV,1,TM6776,69,2026-06-26T09:45:43Z,2026-06-26T09:45:43Z,0.0
IV51 9HS,SHEPD,HV,1,TM6776,69,2026-06-26T09:45:43Z,2026-06-26T09:45:43Z,0.0
IV51 9HT,SHEPD,HV,1,TM6776,69,2026-06-26T09:45:43Z,2026-06-26T09:45:43Z,0.0
IV51 9HU,SHEPD,HV,1,TM6776,69,2026-06-26T09:45:43Z,2026-06-26T09:45:43Z,0.0
IV51 9HX,SHEPD,HV,1,TM6776,69,2026-06-26T09:45:43Z,2026-06-26T09:45:43Z,0.0
IV51 9JD,SHEPD,HV,1,TM6776,69,2026-06-26T09:45:43Z,2026-06-26T09:45:43Z,0.0
IV51 9JE,SHEPD,HV,1,TM6776,69,2026-06-26T09:45:43Z,2026-06-26T09:45:43Z,0.0
IV51 9JG,SHEPD,HV,1,TM6776,69,2026-06-26T09:45:43Z,2026-06-26T09:45:43Z,0.0
IV51 9JH,SHEPD,HV,1,TM6776,69,2026-06-26T09:45:43Z,2026-06-26T09:45:43Z,0.0
IV51 9JJ,SHEPD,HV,1,TM6776,69,2026-06-26T09:45:43Z,2026-06-26T09:45:43Z,0.0
IV51 9JL,SHEPD,HV,1,TM6776,69,2026-06-26T09:45:43Z,2026-06-26T09:45:43Z,0.0
IV51 9JN,SHEPD,HV,1,TM6776,69,2026-06-26T09:45:43Z,2026-06-26T09:45:43Z,0.0
IV51 9JQ,SHEPD,HV,1,TM6776,69,2026-06-26T09:45:43Z,2026-06-26T09:45:43Z,0.0
IV51 9JW,SHEPD,HV,1,TM6776,69,2026-06-26T09:45:43Z,2026-06-26T09:45:43Z,0.0
IV51 9LB,SHEPD,HV,1,TM6776,69,2026-06-26T09:45:43Z,2026-06-26T09:45:43Z,0.0
IV51 9LU,SHEPD,HV,1,TM6776,69,2026-06-26T09:45:43Z,2026-06-26T09:45:43Z,0.0
IV51 9LZ,SHEPD,HV,1,TM6776,69,2026-06-26T09:45:43Z,2026-06-26T09:45:43Z,0.0
IV51 9NB,SHEPD,HV,1,TM6776,69,2026-06-26T09:45:43Z,2026-06-26T09:45:43Z,0.0
IV51 9NW,SHEPD,HV,1,TM6776,69,2026-06-26T09:45:43Z,2026-06-26T09:45:43Z,0.0
IV51 9QU,SHEPD,HV,1,TM6776,69,2026-06-26T09:45:43Z,2026-06-26T09:45:43Z,0.0
IV51 9TP,SHEPD,HV,1,TM6776,69,2026-06-26T09:45:43Z,2026-06-26T09:45:43Z,0.0
IV53 8UG,SHEPD,HV,1,TM5401,492,2026-06-25T20:16:59Z,2026-06-25T20:16:59Z,0.0
IV53 8UH,SHEPD,HV,1,TM5401,492,2026-06-25T20:16:59Z,2026-06-25T20:16:59Z,0.0
IV53 8UJ,SHEPD,HV,1,TM5401,492,2026-06-25T20:16:59Z,2026-06-25T20:16:59Z,0.0
IV53 8UN,SHEPD,HV,1,TM5401,492,2026-06-25T20:16:59Z,2026-06-25T20:16:59Z,0.0
IV53 8UP,SHEPD,HV,1,TM5401,492,2026-06-25T20:16:59Z,2026-06-25T20:16:59Z,0.0
IV53 8UR,SHEPD,HV,1,TM5401,492,2026-06-25T20:16:59Z,2026-06-25T20:16:59Z,0.0
IV53 8UT,SHEPD,HV,1,TM5401,492,2026-06-25T20:16:59Z,2026-06-25T20:16:59Z,0.0
IV53 8UU,SHEPD,HV,1,TM5401,492,2026-06-25T20:16:59Z,2026-06-25T20:16:59Z,0.0
IV53 8UW,SHEPD,HV,1,TM5401,492,2026-06-25T20:16:59Z,2026-06-25T20:16:59Z,0.0
IV53 8UX,SHEPD,HV,1,TM5401,492,2026-06-25T20:16:59Z,2026-06-25T20:16:59Z,0.0
IV54,SHEPD,HV,1,TM5401,492,2026-06-25T20:16:59Z,2026-06-25T20:16:59Z,0.0
IV54 8AA,SHEPD,HV,1,TM5401,492,2026-06-25T20:16:59Z,2026-06-25T20:16:59Z,0.0
IV54 8AG,SHEPD,HV,1,TM5401,492,2026-06-25T20:16:59Z,2026-06-25T20:16:59Z,0.0
IV54 8UD,SHEPD,HV,1,TM5401,492,2026-06-25T20:16:59Z,2026-06-25T20:16:59Z,0.0
IV54 8UE,SHEPD,HV,1,TM5401,492,2026-06-25T20:16:59Z,2026-06-25T20:16:59Z,0.0
IV54 8UF,SHEPD,HV,1,TM5401,492,2026-06-25T20:16:59Z,2026-06-25T20:16:59Z,0.0
IV54 8UG,SHEPD,HV,1,TM5401,492,2026-06-25T20:16:59Z,2026-06-25T20:16:59Z,0.0
IV54 8UQ,SHEPD,HV,1,TM5401,492,2026-06-25T20:16:59Z,2026-06-25T20:16:59Z,0.0
IV54 8XQ,SHEPD,HV,1,TM5401,492,2026-06-25T20:16:59Z,2026-06-25T20:16:59Z,0.0
IV54 8YA,SHEPD,HV,1,TM5401,492,2026-06-25T20:16:59Z,2026-06-25T20:16:59Z,0.0
IV54 8YB,SHEPD,HV,1,TM5401,492,2026-06-25T20:16:59Z,2026-06-25T20:16:59Z,0.0
IV54 8YD,SHEPD,HV,1,TM5401,492,2026-06-25T20:16:59Z,2026-06-25T20:16:59Z,0.0
IV54 8YE,SHEPD,HV,1,TM5401,492,2026-06-25T20:16:59Z,2026-06-25T20:16:59Z,0.0
IV54 8YF,SHEPD,HV,1,TM5401,492,2026-06-25T20:16:59Z,2026-06-25T20:16:59Z,0.0
IV54 8YG,SHEPD,HV,1,TM5401,492,2026-06-25T20:16:59Z,2026-06-25T20:16:59Z,0.0
IV54 8YH,SHEPD,HV,1,TM5401,492,2026-06-25T20:16:59Z,2026-06-25T20:16:59Z,0.0
IV54 8YJ,SHEPD,HV,1,TM5401,492,2026-06-25T20:16:59Z,2026-06-25T20:16:59Z,0.0
IV54 8YL,SHEPD,HV,1,TM5401,492,2026-06-25T20:16:59Z,2026-06-25T20:16:59Z,0.0
IV54 8YN,SHEPD,HV,1,TM5401,492,2026-06-25T20:16:59Z,2026-06-25T20:16:59Z,0.0
IV54 8YP,SHEPD,HV,1,TM5401,492,2026-06-25T20:16:59Z,2026-06-25T20:16:59Z,0.0
IV54 8YQ,SHEPD,HV,1,TM5401,492,2026-06-25T20:16:59Z,2026-06-25T20:16:59Z,0.0
IV54 8YR,SHEPD,HV,1,TM5401,492,2026-06-25T20:16:59Z,2026-06-25T20:16:59Z,0.0
IV54 8YS,SHEPD,HV,1,TM5401,492,2026-06-25T20:16:59Z,2026-06-25T20:16:59Z,0.0
IV54 8YT,SHEPD,HV,1,TM5401,492,2026-06-25T20:16:59Z,2026-06-25T20:16:59Z,0.0
IV54 8YU,SHEPD,HV,1,TM5401,492,2026-06-25T20:16:59Z,2026-06-25T20:16:59Z,0.0
IV54 8YW,SHEPD,HV,1,TM5401,492,2026-06-25T20:16:59Z,2026-06-25T20:16:59Z,0.0
IV63 7YN,SHEPD,HV,1,TM5401,492,2026-06-25T20:16:59Z,2026-06-25T20:16:59Z,0.0
KA27 8DT,SHEPD,PSI,1,252401,8,2026-06-24T11:34:27Z,2026-06-24T11:34:27Z,0.0
KA28 0HA,SHEPD,HV,1,TM8171,15,2026-06-26T14:46:38Z,2026-06-26T14:46:38Z,0.0
KW10 6TN,SHEPD,LV,1,TM5530,21,2026-06-25T20:16:59Z,2026-06-25T20:16:59Z,0.0
KW10 6TP,SHEPD,LV,1,TM5530,21,2026-06-25T20:16:59Z,2026-06-25T20:16:59Z,0.0
KW10 6TQ,SHEPD,LV,1,TM5530,21,2026-06-25T20:16:59Z,2026-06-25T20:16:59Z,0.0
KW10 6TS,SHEPD,LV,1,TM5530,21,2026-06-25T20:16:59Z,2026-06-25T20:16:59Z,0.0
KW10 6TW,SHEPD,LV,1,TM5530,21,2026-06-25T20:16:59Z,2026-06-25T20:16:59Z,0.0
KW14 7LL,SHEPD,LV,1,TM6772,5,2026-06-26T05:55:31Z,2026-06-26T05:55:31Z,0.0
KW14 7LS,SHEPD,LV,1,TM6772,5,2026-06-26T05:55:31Z,2026-06-26T05:55:31Z,0.0
KW14 7LW,SHEPD,LV,1,TM6772,5,2026-06-26T05:55:31Z,2026-06-26T05:55:31Z,0.0
KW17 2AE,SHEPD,HV,1,TK6471,37,2026-06-21T21:48:03Z,2026-06-21T21:48:03Z,0.0
KW17 2EB,SHEPD,HV,1,TM9445,5,2026-06-27T09:50:09Z,2026-06-27T09:50:09Z,0.0
KY13 0QG,SHEPD,PSI,1,251745,64,2026-06-23T11:50:26Z,2026-06-23T11:50:26Z,0.0
NW7 1ED,SEPD,LV,1,TN0507,11,2026-06-28T06:33:58Z,2026-06-28T06:33:58Z,0.0
OX1 1ER,SEPD,LV,1,TN1205,5,2026-06-28T16:06:31Z,2026-06-28T16:06:31Z,0.0
OX1 1ET,SEPD,LV,1,TN1205,5,2026-06-28T16:06:31Z,2026-06-28T16:06:31Z,0.0
OX1 2AQ,SEPD,LV,1,TN1110,3,2026-06-28T14:53:17Z,2026-06-28T14:53:17Z,0.0
OX1 2BN,SEPD,LV,1,TN1110,3,2026-06-28T14:53:17Z,2026-06-28T14:53:17Z,0.0
OX1 3JD,SEPD,LV,1,TN1205,5,2026-06-28T16:06:31Z,2026-06-28T16:06:31Z,0.0
OX1 3JE,SEPD,LV,1,TN1205,5,2026-06-28T16:06:31Z,2026-06-28T16:06:31Z,0.0
OX12 0HL,SEPD,PSI,1,252305,10,2026-06-24T18:12:03Z,2026-06-24T18:12:03Z,0.0
OX12 7LZ,SEPD,LV,1,TK8714,11,2026-06-23T05:47:19Z,2026-06-23T05:47:19Z,0.0
OX12 7NL,SEPD,LV,1,TK8714,11,2026-06-23T05:47:19Z,2026-06-23T05:47:19Z,0.0
OX12 7NN,SEPD,LV,1,TK8714,11,2026-06-23T05:47:19Z,2026-06-23T05:47:19Z,0.0
OX12 7NW,SEPD,LV,1,TK8714,11,2026-06-23T05:47:19Z,2026-06-23T05:47:19Z,0.0
OX13 5PA,SEPD,PSI,1,252305,10,2026-06-24T18:12:03Z,2026-06-24T18:12:03Z,0.0
OX13 5PD,SEPD,PSI,1,252305,10,2026-06-24T18:12:03Z,2026-06-24T18:12:03Z,0.0
OX14,SEPD,PSI,1,252305,10,2026-06-24T18:12:03Z,2026-06-24T18:12:03Z,0.0
OX14 2NZ,SEPD,LV,1,TM2515,44,2026-06-24T20:11:22Z,2026-06-24T20:11:22Z,0.0
OX14 2PX,SEPD,LV,1,TM2515,44,2026-06-24T20:11:22Z,2026-06-24T20:11:22Z,0.0
OX14 2PY,SEPD,LV,1,TM2515,44,2026-06-24T20:11:22Z,2026-06-24T20:11:22Z,0.0
OX14 2RP,SEPD,LV,1,TM2515,44,2026-06-24T20:11:22Z,2026-06-24T20:11:22Z,0.0
OX14 2RR,SEPD,LV,1,TM2515,44,2026-06-24T20:11:22Z,2026-06-24T20:11:22Z,0.0
OX14 2RT,SEPD,LV,1,TM2515,44,2026-06-24T20:11:22Z,2026-06-24T20:11:22Z,0.0
OX14 3BN,SEPD,PSI,1,251105,19,2026-06-24T11:34:27Z,2026-06-24T11:34:27Z,0.0
OX14 3HG,SEPD,LV,1,TK6426,23,2026-06-21T20:19:33Z,2026-06-21T20:19:33Z,0.0
OX14 4NA,SEPD,PSI,1,251105,19,2026-06-24T11:34:27Z,2026-06-24T11:34:27Z,0.0
OX14 4NP,SEPD,PSI,1,251105,19,2026-06-24T11:34:27Z,2026-06-24T11:34:27Z,0.0
OX14 5BF,SEPD,LV,1,TK6426,23,2026-06-21T20:19:33Z,2026-06-21T20:19:33Z,0.0
OX14 5BJ,SEPD,LV,1,TK6426,23,2026-06-21T20:19:33Z,2026-06-21T20:19:33Z,0.0
OX14 5BL,SEPD,LV,1,TK6426,23,2026-06-21T20:19:33Z,2026-06-21T20:19:33Z,0.0
OX14 5EA,SEPD,LV,1,TK6426,23,2026-06-21T20:19:33Z,2026-06-21T20:19:33Z,0.0
OX14 5EB,SEPD,LV,1,TK6426,23,2026-06-21T20:19:33Z,2026-06-21T20:19:33Z,0.0
OX14 5EG,SEPD,LV,1,TK6426,23,2026-06-21T20:19:33Z,2026-06-21T20:19:33Z,0.0
OX14 5EW,SEPD,LV,1,TK6426,23,2026-06-21T20:19:33Z,2026-06-21T20:19:33Z,0.0
OX14 5EY,SEPD,LV,1,TK6426,23,2026-06-21T20:19:33Z,2026-06-21T20:19:33Z,0.0
OX14 5FG,SEPD,LV,1,TK6426,23,2026-06-21T20:19:33Z,2026-06-21T20:19:33Z,0.0
OX18 2GG,SEPD,HV,1,TK8373,113,2026-06-22T19:46:47Z,2026-06-22T19:46:47Z,0.0
OX18 2RQ,SEPD,HV,1,TK8373,113,2026-06-22T19:46:47Z,2026-06-22T19:46:47Z,0.0
OX18 2RX,SEPD,HV,1,TK8373,113,2026-06-22T19:46:47Z,2026-06-22T19:46:47Z,0.0
OX18 2RY,SEPD,HV,1,TK8373,113,2026-06-22T19:46:47Z,2026-06-22T19:46:47Z,0.0
OX18 2RZ,SEPD,HV,1,TK8373,113,2026-06-22T19:46:47Z,2026-06-22T19:46:47Z,0.0
OX18 2SD,SEPD,HV,1,TK8373,113,2026-06-22T19:46:47Z,2026-06-22T19:46:47Z,0.0
OX18 2SH,SEPD,HV,1,TK8373,113,2026-06-22T19:46:47Z,2026-06-22T19:46:47Z,0.0
OX18 2SN,SEPD,HV,1,TK8373,113,2026-06-22T19:46:47Z,2026-06-22T19:46:47Z,0.0
OX18 2SP,SEPD,HV,1,TK8373,113,2026-06-22T19:46:47Z,2026-06-22T19:46:47Z,0.0
OX18 2SR,SEPD,HV,1,TK8373,113,2026-06-22T19:46:47Z,2026-06-22T19:46:47Z,0.0
OX18 2SS,SEPD,HV,1,TK8373,113,2026-06-22T19:46:47Z,2026-06-22T19:46:47Z,0.0
OX18 2ST,SEPD,HV,1,TK8373,113,2026-06-22T19:46:47Z,2026-06-22T19:46:47Z,0.0
OX18 2SU,SEPD,HV,1,TK8373,113,2026-06-22T19:46:47Z,2026-06-22T19:46:47Z,0.0
OX18 2SW,SEPD,HV,1,TK8373,113,2026-06-22T19:46:47Z,2026-06-22T19:46:47Z,0.0
OX18 2SX,SEPD,HV,1,TK8373,113,2026-06-22T19:46:47Z,2026-06-22T19:46:47Z,0.0
OX18 2TS,SEPD,HV,1,TK8373,113,2026-06-22T19:46:47Z,2026-06-22T19:46:47Z,0.0
OX2 0AJ,SEPD,LV,1,TK6810,32,2026-06-21T21:48:03Z,2026-06-21T21:48:03Z,0.0
OX2 0AL,SEPD,LV,1,TK6810,32,2026-06-21T21:48:03Z,2026-06-21T21:48:03Z,0.0
OX2 0AR,SEPD,LV,1,TK6810,32,2026-06-21T21:48:03Z,2026-06-21T21:48:03Z,0.0
OX2 0AS,SEPD,LV,1,TK6810,32,2026-06-21T21:48:03Z,2026-06-21T21:48:03Z,0.0
OX2 0AT,SEPD,LV,1,TK6810,32,2026-06-21T21:48:03Z,2026-06-21T21:48:03Z,0.0
OX2 0HJ,SEPD,LV,1,TK6810,32,2026-06-21T21:48:03Z,2026-06-21T21:48:03Z,0.0
OX2 8NU,SEPD,HV,1,TM0543,132,2026-06-24T05:46:47Z,2026-06-24T05:46:47Z,0.0
OX2 8NX,SEPD,HV,1,TM0543,132,2026-06-24T05:46:47Z,2026-06-24T05:46:47Z,0.0
OX2 8PS,SEPD,HV,1,TM0543,132,2026-06-24T05:46:47Z,2026-06-24T05:46:47Z,0.0
OX2 8PT,SEPD,HV,1,TM0543,132,2026-06-24T05:46:47Z,2026-06-24T05:46:47Z,0.0
OX2 9EG,SEPD,LV,1,TK7196,15,2026-06-22T11:21:18Z,2026-06-22T11:21:18Z,0.0
OX2 9EJ,SEPD,LV,1,TK7196,15,2026-06-22T11:21:18Z,2026-06-22T11:21:18Z,0.0
OX20 1HD,SEPD,HV,1,TM8548,15,2026-06-26T18:27:01Z,2026-06-26T18:27:01Z,0.0
OX25 6NH,SEPD,PSI,1,252169,10,2026-06-25T10:51:36Z,2026-06-25T10:51:36Z,0.0
OX25 6NP,SEPD,PSI,1,252169,10,2026-06-25T10:51:36Z,2026-06-25T10:51:36Z,0.0
OX29,SEPD,HV,1,TM7030,52,2026-06-26T09:45:43Z,2026-06-26T09:45:43Z,0.0
OX29 0AD,SEPD,HV,1,TM7030,52,2026-06-26T09:45:43Z,2026-06-26T09:45:43Z,0.0
OX29 0RU,SEPD,HV,1,TM7030,52,2026-06-26T09:45:43Z,2026-06-26T09:45:43Z,0.0
OX29 0RX,SEPD,HV,1,TM7030,52,2026-06-26T09:45:43Z,2026-06-26T09:45:43Z,0.0
OX29 8EL,SEPD,HV,1,TM8548,15,2026-06-26T18:27:01Z,2026-06-26T18:27:01Z,0.0
OX29 8EN,SEPD,HV,1,TM8548,15,2026-06-26T18:27:01Z,2026-06-26T18:27:01Z,0.0
OX29 8EW,SEPD,HV,1,TM8548,15,2026-06-26T18:27:01Z,2026-06-26T18:27:01Z,0.0
OX29 8FB,SEPD,HV,1,TM8548,15,2026-06-26T18:27:01Z,2026-06-26T18:27:01Z,0.0
OX3 8EY,SEPD,LV,1,TN0029,11,2026-06-27T20:17:28Z,2026-06-27T20:17:28Z,0.0
OX3 8HF,SEPD,LV,1,TN0029,11,2026-06-27T20:17:28Z,2026-06-27T20:17:28Z,0.0
OX4,SEPD,HV,1,TM9055,679,2026-06-27T00:17:17Z,2026-06-27T00:17:17Z,0.0
OX4 3EL,SEPD,HV,1,TM9055,679,2026-06-27T00:17:17Z,2026-06-27T00:17:17Z,0.0
OX4 3EN,SEPD,HV,1,TM9055,679,2026-06-27T00:17:17Z,2026-06-27T00:17:17Z,0.0
OX4 3EW,SEPD,HV,1,TM9055,679,2026-06-27T00:17:17Z,2026-06-27T00:17:17Z,0.0
OX4 3JP,SEPD,HV,1,TM9055,679,2026-06-27T00:17:17Z,2026-06-27T00:17:17Z,0.0
OX4 3JR,SEPD,LV,1,TM9072,15,2026-06-27T00:17:17Z,2026-06-27T00:17:17Z,0.0
OX4 3JS,SEPD,HV,1,TM9055,679,2026-06-27T00:17:17Z,2026-06-27T00:17:17Z,0.0
OX4 3JU,SEPD,HV,1,TM9055,679,2026-06-27T00:17:17Z,2026-06-27T00:17:17Z,0.0
OX4 3JW,SEPD,HV,1,TM9055,679,2026-06-27T00:17:17Z,2026-06-27T00:17:17Z,0.0
OX4 3JX,SEPD,HV,1,TM9055,679,2026-06-27T00:17:17Z,2026-06-27T00:17:17Z,0.0
OX4 3LA,SEPD,HV,1,TM9055,679,2026-06-27T00:17:17Z,2026-06-27T00:17:17Z,0.0
OX4 3LB,SEPD,HV,1,TM9055,679,2026-06-27T00:17:17Z,2026-06-27T00:17:17Z,0.0
OX4 3LE,SEPD,HV,1,TM9055,679,2026-06-27T00:17:17Z,2026-06-27T00:17:17Z,0.0
OX4 3NH,SEPD,LV,1,TM9060,11,2026-06-27T00:17:17Z,2026-06-27T00:17:17Z,0.0
OX4 3NN,SEPD,LV,1,TM9066,33,2026-06-27T00:17:17Z,2026-06-27T00:17:17Z,0.0
OX4 3NP,SEPD,LV,1,TM9066,33,2026-06-27T00:17:17Z,2026-06-27T00:17:17Z,0.0
OX4 3NT,SEPD,LV,1,TM9060,11,2026-06-27T00:17:17Z,2026-06-27T00:17:17Z,0.0
OX4 3NU,SEPD,LV,1,TM9060,11,2026-06-27T00:17:17Z,2026-06-27T00:17:17Z,0.0
OX4 3NW,SEPD,LV,1,TM9066,33,2026-06-27T00:17:17Z,2026-06-27T00:17:17Z,0.0
OX4 3NZ,SEPD,LV,1,TM9066,33,2026-06-27T00:17:17Z,2026-06-27T00:17:17Z,0.0
OX4 3PA,SEPD,LV,1,TM9066,33,2026-06-27T00:17:17Z,2026-06-27T00:17:17Z,0.0
OX4 3PB,SEPD,LV,1,TM9066,33,2026-06-27T00:17:17Z,2026-06-27T00:17:17Z,0.0
OX4 3PD,SEPD,LV,1,TM9066,33,2026-06-27T00:17:17Z,2026-06-27T00:17:17Z,0.0
OX4 3PE,SEPD,HV,1,TM9055,679,2026-06-27T00:17:17Z,2026-06-27T00:17:17Z,0.0
OX4 3PF,SEPD,HV,1,TM9055,679,2026-06-27T00:17:17Z,2026-06-27T00:17:17Z,0.0
OX4 3PG,SEPD,HV,1,TM9055,679,2026-06-27T00:17:17Z,2026-06-27T00:17:17Z,0.0
OX4 3PJ,SEPD,LV,1,TM9066,33,2026-06-27T00:17:17Z,2026-06-27T00:17:17Z,0.0
OX4 3PW,SEPD,LV,1,TM9066,33,2026-06-27T00:17:17Z,2026-06-27T00:17:17Z,0.0
OX4 3SE,SEPD,HV,1,TM9055,679,2026-06-27T00:17:17Z,2026-06-27T00:17:17Z,0.0
OX4 3SF,SEPD,HV,1,TM9055,679,2026-06-27T00:17:17Z,2026-06-27T00:17:17Z,0.0
OX4 3SG,SEPD,HV,1,TM9055,679,2026-06-27T00:17:17Z,2026-06-27T00:17:17Z,0.0
OX4 3SH,SEPD,HV,1,TM9055,679,2026-06-27T00:17:17Z,2026-06-27T00:17:17Z,0.0
OX4 3SJ,SEPD,HV,1,TM9055,679,2026-06-27T00:17:17Z,2026-06-27T00:17:17Z,0.0
OX4 3SL,SEPD,HV,1,TM9055,679,2026-06-27T00:17:17Z,2026-06-27T00:17:17Z,0.0
OX4 3SN,SEPD,HV,1,TM9055,679,2026-06-27T00:17:17Z,2026-06-27T00:17:17Z,0.0
OX4 3SP,SEPD,HV,1,TM9055,679,2026-06-27T00:17:17Z,2026-06-27T00:17:17Z,0.0
OX4 3SQ,SEPD,HV,1,TM9055,679,2026-06-27T00:17:17Z,2026-06-27T00:17:17Z,0.0
OX4 3SR,SEPD,HV,1,TM9055,679,2026-06-27T00:17:17Z,2026-06-27T00:17:17Z,0.0
OX4 3SU,SEPD,HV,1,TM9055,679,2026-06-27T00:17:17Z,2026-06-27T00:17:17Z,0.0
OX4 3SW,SEPD,HV,1,TM9055,679,2026-06-27T00:17:17Z,2026-06-27T00:17:17Z,0.0
OX4 3TA,SEPD,HV,1,TM9055,679,2026-06-27T00:17:17Z,2026-06-27T00:17:17Z,0.0
OX4 4DJ,SEPD,LV,1,TM9072,15,2026-06-27T00:17:17Z,2026-06-27T00:17:17Z,0.0
OX4 4HJ,SEPD,HV,1,TM9055,679,2026-06-27T00:17:17Z,2026-06-27T00:17:17Z,0.0
OX4 4HP,SEPD,HV,1,TM9055,679,2026-06-27T00:17:17Z,2026-06-27T00:17:17Z,0.0
OX4 4HR,SEPD,HV,1,TM9055,679,2026-06-27T00:17:17Z,2026-06-27T00:17:17Z,0.0
OX4 4HT,SEPD,HV,1,TM9055,679,2026-06-27T00:17:17Z,2026-06-27T00:17:17Z,0.0
OX4 4HY,SEPD,LV,1,TM9072,15,2026-06-27T00:17:17Z,2026-06-27T00:17:17Z,0.0
OX4 4JR,SEPD,HV,1,TM9055,679,2026-06-27T00:17:17Z,2026-06-27T00:17:17Z,0.0
OX4 4JS,SEPD,HV,1,TM9055,679,2026-06-27T00:17:17Z,2026-06-27T00:17:17Z,0.0
OX7 3PH,SEPD,LV,1,TM5692,33,2026-06-25T21:55:57Z,2026-06-25T21:55:57Z,0.0
OX7 3PJ,SEPD,LV,1,TM5692,33,2026-06-25T21:55:57Z,2026-06-25T21:55:57Z,0.0
OX7 3PL,SEPD,LV,1,TM5692,33,2026-06-25T21:55:57Z,2026-06-25T21:55:57Z,0.0
OX7 3PN,SEPD,LV,1,TM5692,33,2026-06-25T21:55:57Z,2026-06-25T21:55:57Z,0.0
OX7 3QD,SEPD,LV,1,TM5692,33,2026-06-25T21:55:57Z,2026-06-25T21:55:57Z,0.0
OX7 3RR,SEPD,LV,1,TM5692,33,2026-06-25T21:55:57Z,2026-06-25T21:55:57Z,0.0
OX7 3RS,SEPD,LV,1,TM5692,33,2026-06-25T21:55:57Z,2026-06-25T21:55:57Z,0.0
OX7 3RW,SEPD,LV,1,TK6426,23,2026-06-21T20:19:33Z,2026-06-21T20:19:33Z,0.0
PA21 2AA,SHEPD,HV,1,TM8595,661,2026-06-26T18:27:01Z,2026-06-26T18:27:01Z,0.0
PA21 2AB,SHEPD,HV,1,TM8595,661,2026-06-26T18:27:01Z,2026-06-26T18:27:01Z,0.0
PA21 2AD,SHEPD,HV,1,TM8595,661,2026-06-26T18:27:01Z,2026-06-26T18:27:01Z,0.0
PA21 2AE,SHEPD,HV,1,TM8595,661,2026-06-26T18:27:01Z,2026-06-26T18:27:01Z,0.0
PA21 2AF,SHEPD,HV,1,TM8595,661,2026-06-26T18:27:01Z,2026-06-26T18:27:01Z,0.0
PA21 2AG,SHEPD,HV,1,TM8595,661,2026-06-26T18:27:01Z,2026-06-26T18:27:01Z,0.0
PA21 2AH,SHEPD,HV,1,TM8595,661,2026-06-26T18:27:01Z,2026-06-26T18:27:01Z,0.0
PA21 2AJ,SHEPD,HV,1,TM8595,661,2026-06-26T18:27:01Z,2026-06-26T18:27:01Z,0.0
PA21 2AQ,SHEPD,HV,1,TM8595,661,2026-06-26T18:27:01Z,2026-06-26T18:27:01Z,0.0
PA21 2BA,SHEPD,HV,1,TM8595,661,2026-06-26T18:27:01Z,2026-06-26T18:27:01Z,0.0
PA21 2BB,SHEPD,HV,1,TM8595,661,2026-06-26T18:27:01Z,2026-06-26T18:27:01Z,0.0
PA21 2BD,SHEPD,HV,1,TM8595,661,2026-06-26T18:27:01Z,2026-06-26T18:27:01Z,0.0
PA21 2BE,SHEPD,HV,1,TM8595,661,2026-06-26T18:27:01Z,2026-06-26T18:27:01Z,0.0
PA21 2BF,SHEPD,HV,1,TM8595,661,2026-06-26T18:27:01Z,2026-06-26T18:27:01Z,0.0
PA21 2BG,SHEPD,HV,1,TM8595,661,2026-06-26T18:27:01Z,2026-06-26T18:27:01Z,0.0
PA21 2BH,SHEPD,HV,1,TM8595,661,2026-06-26T18:27:01Z,2026-06-26T18:27:01Z,0.0
PA21 2BJ,SHEPD,HV,1,TM8595,661,2026-06-26T18:27:01Z,2026-06-26T18:27:01Z,0.0
PA21 2BQ,SHEPD,HV,1,TM8595,661,2026-06-26T18:27:01Z,2026-06-26T18:27:01Z,0.0
PA21 2BY,SHEPD,HV,1,TM8595,661,2026-06-26T18:27:01Z,2026-06-26T18:27:01Z,0.0
PA21 2BZ,SHEPD,HV,1,TM8595,661,2026-06-26T18:27:01Z,2026-06-26T18:27:01Z,0.0
PA21 2DH,SHEPD,HV,1,TM8595,661,2026-06-26T18:27:01Z,2026-06-26T18:27:01Z,0.0
PA21 2DR,SHEPD,HV,1,TM8595,661,2026-06-26T18:27:01Z,2026-06-26T18:27:01Z,0.0
PA21 2DS,SHEPD,HV,1,TM8595,661,2026-06-26T18:27:01Z,2026-06-26T18:27:01Z,0.0
PA21 2DT,SHEPD,HV,1,TM8595,661,2026-06-26T18:27:01Z,2026-06-26T18:27:01Z,0.0
PA21 2DU,SHEPD,HV,1,TM8595,661,2026-06-26T18:27:01Z,2026-06-26T18:27:01Z,0.0
PA21 2DX,SHEPD,HV,1,TM8595,661,2026-06-26T18:27:01Z,2026-06-26T18:27:01Z,0.0
PA21 2DY,SHEPD,HV,1,TM8595,661,2026-06-26T18:27:01Z,2026-06-26T18:27:01Z,0.0
PA21 2EA,SHEPD,HV,1,TM8595,661,2026-06-26T18:27:01Z,2026-06-26T18:27:01Z,0.0
PA21 2EB,SHEPD,HV,1,TM8595,661,2026-06-26T18:27:01Z,2026-06-26T18:27:01Z,0.0
PA21 2ED,SHEPD,HV,1,TM8595,661,2026-06-26T18:27:01Z,2026-06-26T18:27:01Z,0.0
PA21 2EE,SHEPD,HV,1,TM8595,661,2026-06-26T18:27:01Z,2026-06-26T18:27:01Z,0.0
PA21 2EG,SHEPD,HV,1,TM8595,661,2026-06-26T18:27:01Z,2026-06-26T18:27:01Z,0.0
PA21 2EH,SHEPD,HV,1,TM8595,661,2026-06-26T18:27:01Z,2026-06-26T18:27:01Z,0.0
PA21 2EJ,SHEPD,HV,1,TM8595,661,2026-06-26T18:27:01Z,2026-06-26T18:27:01Z,0.0
PA24 8AE,SHEPD,LV,1,TN0716,5,2026-06-28T09:47:12Z,2026-06-28T09:47:12Z,0.0
PA24 8AR,SHEPD,LV,1,TN0716,5,2026-06-28T09:47:12Z,2026-06-28T09:47:12Z,0.0
PA25 8BA,SHEPD,PSI,1,251796,48,2026-06-24T11:34:27Z,2026-06-24T11:34:27Z,0.0
PA27 8BX,SHEPD,PSI,1,251796,48,2026-06-24T11:34:27Z,2026-06-24T11:34:27Z,0.0
PA27 8BY,SHEPD,PSI,1,251796,48,2026-06-24T11:34:27Z,2026-06-24T11:34:27Z,0.0
PA27 8DA,SHEPD,PSI,1,251796,48,2026-06-24T11:34:27Z,2026-06-24T11:34:27Z,0.0
PA27 8DE,SHEPD,PSI,1,251796,48,2026-06-24T11:34:27Z,2026-06-24T11:34:27Z,0.0
PA27 8DG,SHEPD,PSI,1,251796,48,2026-06-24T11:34:27Z,2026-06-24T11:34:27Z,0.0
PA28 6QG,SHEPD,PSI,1,251770,7,2026-06-24T11:34:27Z,2026-06-24T11:34:27Z,0.0
PA28 6QN,SHEPD,PSI,1,251770,7,2026-06-24T11:34:27Z,2026-06-24T11:34:27Z,0.0
PA28 6QU,SHEPD,PSI,1,251770,7,2026-06-24T11:34:27Z,2026-06-24T11:34:27Z,0.0
PA28 6QY,SHEPD,PSI,1,251770,7,2026-06-24T11:34:27Z,2026-06-24T11:34:27Z,0.0
PA34 5JN,SHEPD,PSI,1,252361,3,2026-06-23T11:50:26Z,2026-06-23T11:50:26Z,0.0
PA66 6BH,SHEPD,HV,1,TM7678,344,2026-06-26T12:04:15Z,2026-06-26T12:04:15Z,0.0
PA66 6BL,SHEPD,HV,1,TM7678,344,2026-06-26T12:04:15Z,2026-06-26T12:04:15Z,0.0
PA66 6BN,SHEPD,HV,1,TM7678,344,2026-06-26T12:04:15Z,2026-06-26T12:04:15Z,0.0
PA66 6BP,SHEPD,HV,1,TM7678,344,2026-06-26T12:04:15Z,2026-06-26T12:04:15Z,0.0
PA66 6BS,SHEPD,HV,1,TM7678,344,2026-06-26T12:04:15Z,2026-06-26T12:04:15Z,0.0
PA66 6BT,SHEPD,HV,1,TM7678,344,2026-06-26T12:04:15Z,2026-06-26T12:04:15Z,0.0
PA66 6BU,SHEPD,HV,1,TM7678,344,2026-06-26T12:04:15Z,2026-06-26T12:04:15Z,0.0
PA67 6DX,SHEPD,HV,1,TM7678,344,2026-06-26T12:04:15Z,2026-06-26T12:04:15Z,0.0
PA76,SHEPD,HV,1,TM7678,344,2026-06-26T12:04:15Z,2026-06-26T12:04:15Z,0.0
PA76 6SG,SHEPD,HV,1,TM7678,344,2026-06-26T12:04:15Z,2026-06-26T12:04:15Z,0.0
PA76 6SJ,SHEPD,HV,1,TM7678,344,2026-06-26T12:04:15Z,2026-06-26T12:04:15Z,0.0
PA76 6SL,SHEPD,HV,1,TM7678,344,2026-06-26T12:04:15Z,2026-06-26T12:04:15Z,0.0
PA76 6SN,SHEPD,HV,1,TM7678,344,2026-06-26T12:04:15Z,2026-06-26T12:04:15Z,0.0
PA76 6SP,SHEPD,HV,1,TM7678,344,2026-06-26T12:04:15Z,2026-06-26T12:04:15Z,0.0
PA76 6SQ,SHEPD,HV,1,TM7678,344,2026-06-26T12:04:15Z,2026-06-26T12:04:15Z,0.0
PA76 6SW,SHEPD,HV,1,TM7678,344,2026-06-26T12:04:15Z,2026-06-26T12:04:15Z,0.0
PA77 6TP,SHEPD,HV,1,TM6315,24,2026-06-26T01:38:09Z,2026-06-26T01:38:09Z,0.0
PA77 6TW,SHEPD,HV,1,TM6315,24,2026-06-26T01:38:09Z,2026-06-26T01:38:09Z,0.0
PA77 6XA,SHEPD,HV,1,TM6315,24,2026-06-26T01:38:09Z,2026-06-26T01:38:09Z,0.0
PA77 6XB,SHEPD,HV,1,TN0684,10,2026-06-28T09:47:12Z,2026-06-28T09:47:12Z,0.0
PA77 6XQ,SHEPD,HV,1,TM6315,24,2026-06-26T01:38:09Z,2026-06-26T01:38:09Z,0.0
PH1 3ER,SHEPD,LV,1,TM6454,2,2026-06-26T01:38:09Z,2026-06-26T01:38:09Z,0.0
PH10 6RA,SHEPD,LV,1,TM3562,4,2026-06-25T10:51:36Z,2026-06-25T10:51:36Z,0.0
PH10 6RD,SHEPD,LV,1,TM3562,4,2026-06-25T10:51:36Z,2026-06-25T10:51:36Z,0.0
PH10 7AN,SHEPD,LV,1,TN0387,4,2026-06-28T01:58:06Z,2026-06-28T01:58:06Z,0.0
PH13 9AW,SHEPD,HV,1,TM3373,269,2026-06-25T08:03:23Z,2026-06-25T08:03:23Z,0.0
PH13 9FT,SHEPD,HV,1,TM3373,269,2026-06-25T08:03:23Z,2026-06-25T08:03:23Z,0.0
PH13 9JT,SHEPD,HV,1,TM3373,269,2026-06-25T08:03:23Z,2026-06-25T08:03:23Z,0.0
PH13 9JU,SHEPD,HV,1,TM3373,269,2026-06-25T08:03:23Z,2026-06-25T08:03:23Z,0.0
PH2 6FE,SHEPD,LV,1,TN0740,12,2026-06-28T09:47:12Z,2026-06-28T09:47:12Z,0.0
PH2 6RA,SHEPD,LV,1,TN0740,12,2026-06-28T09:47:12Z,2026-06-28T09:47:12Z,0.0
PH2 6RH,SHEPD,LV,1,TN0740,12,2026-06-28T09:47:12Z,2026-06-28T09:47:12Z,0.0
PH2 6RJ,SHEPD,LV,1,TN0740,12,2026-06-28T09:47:12Z,2026-06-28T09:47:12Z,0.0
PH2 6SD,SHEPD,LV,1,TN0740,12,2026-06-28T09:47:12Z,2026-06-28T09:47:12Z,0.0
PH3 1DB,SHEPD,LV,1,TM1742,6,2026-06-24T16:12:37Z,2026-06-24T16:12:37Z,0.0
PH3 1RY,SHEPD,LV,1,TM1742,6,2026-06-24T16:12:37Z,2026-06-24T16:12:37Z,0.0
PH35 4HS,SHEPD,LV,1,TM6343,3,2026-06-26T01:38:09Z,2026-06-26T01:38:09Z,0.0
PH7 3DH,SHEPD,LV,1,TM8708,5,2026-06-26T20:20:06Z,2026-06-26T20:20:06Z,0.0
PH7 3DN,SHEPD,LV,1,TM8708,5,2026-06-26T20:20:06Z,2026-06-26T20:20:06Z,0.0
PH7 3LQ,SHEPD,LV,1,TM8708,5,2026-06-26T20:20:06Z,2026-06-26T20:20:06Z,0.0
PO11 0AA,SEPD,HV,1,TM2349,84,2026-06-24T18:12:03Z,2026-06-24T18:12:03Z,0.0
PO11 0AB,SEPD,HV,1,TM2349,84,2026-06-24T18:12:03Z,2026-06-24T18:12:03Z,0.0
PO11 0AD,SEPD,HV,1,TM2349,84,2026-06-24T18:12:03Z,2026-06-24T18:12:03Z,0.0
PO11 0AE,SEPD,HV,1,TM2349,84,2026-06-24T18:12:03Z,2026-06-24T18:12:03Z,0.0
PO11 0AG,SEPD,HV,1,TM2349,84,2026-06-24T18:12:03Z,2026-06-24T18:12:03Z,0.0
PO11 0AH,SEPD,HV,1,TM2349,84,2026-06-24T18:12:03Z,2026-06-24T18:12:03Z,0.0
PO11 0AJ,SEPD,HV,1,TM2349,84,2026-06-24T18:12:03Z,2026-06-24T18:12:03Z,0.0
PO11 0AL,SEPD,HV,1,TM2349,84,2026-06-24T18:12:03Z,2026-06-24T18:12:03Z,0.0
PO11 0AN,SEPD,HV,1,TM2349,84,2026-06-24T18:12:03Z,2026-06-24T18:12:03Z,0.0
PO11 0AP,SEPD,HV,1,TM2349,84,2026-06-24T18:12:03Z,2026-06-24T18:12:03Z,0.0
PO11 0AQ,SEPD,HV,1,TM2349,84,2026-06-24T18:12:03Z,2026-06-24T18:12:03Z,0.0
PO11 0AS,SEPD,HV,1,TM2349,84,2026-06-24T18:12:03Z,2026-06-24T18:12:03Z,0.0
PO11 0AT,SEPD,HV,1,TM2349,84,2026-06-24T18:12:03Z,2026-06-24T18:12:03Z,0.0
PO11 0AU,SEPD,HV,1,TM2349,84,2026-06-24T18:12:03Z,2026-06-24T18:12:03Z,0.0
PO11 0AW,SEPD,HV,1,TM2349,84,2026-06-24T18:12:03Z,2026-06-24T18:12:03Z,0.0
PO11 0AX,SEPD,HV,1,TM2349,84,2026-06-24T18:12:03Z,2026-06-24T18:12:03Z,0.0
PO11 0AY,SEPD,HV,1,TM2349,84,2026-06-24T18:12:03Z,2026-06-24T18:12:03Z,0.0
PO11 0AZ,SEPD,HV,1,TM2349,84,2026-06-24T18:12:03Z,2026-06-24T18:12:03Z,0.0
PO11 0BA,SEPD,HV,1,TM2349,84,2026-06-24T18:12:03Z,2026-06-24T18:12:03Z,0.0
PO11 0BB,SEPD,HV,1,TM2349,84,2026-06-24T18:12:03Z,2026-06-24T18:12:03Z,0.0
PO11 0BD,SEPD,HV,1,TM2349,84,2026-06-24T18:12:03Z,2026-06-24T18:12:03Z,0.0
PO11 0BE,SEPD,HV,1,TM2349,84,2026-06-24T18:12:03Z,2026-06-24T18:12:03Z,0.0
PO11 0BG,SEPD,HV,1,TM2349,84,2026-06-24T18:12:03Z,2026-06-24T18:12:03Z,0.0
PO11 0BH,SEPD,HV,1,TM2349,84,2026-06-24T18:12:03Z,2026-06-24T18:12:03Z,0.0
PO11 0BJ,SEPD,HV,1,TM2349,84,2026-06-24T18:12:03Z,2026-06-24T18:12:03Z,0.0
PO11 0BL,SEPD,HV,1,TM2349,84,2026-06-24T18:12:03Z,2026-06-24T18:12:03Z,0.0
PO11 0BN,SEPD,HV,1,TM2349,84,2026-06-24T18:12:03Z,2026-06-24T18:12:03Z,0.0
PO11 0BP,SEPD,HV,1,TM2349,84,2026-06-24T18:12:03Z,2026-06-24T18:12:03Z,0.0
PO11 0BQ,SEPD,HV,1,TM2349,84,2026-06-24T18:12:03Z,2026-06-24T18:12:03Z,0.0
PO11 0BS,SEPD,HV,1,TM2349,84,2026-06-24T18:12:03Z,2026-06-24T18:12:03Z,0.0
PO11 0BT,SEPD,HV,1,TM2349,84,2026-06-24T18:12:03Z,2026-06-24T18:12:03Z,0.0
PO11 0BU,SEPD,HV,1,TM2349,84,2026-06-24T18:12:03Z,2026-06-24T18:12:03Z,0.0
PO11 0BW,SEPD,HV,1,TM2349,84,2026-06-24T18:12:03Z,2026-06-24T18:12:03Z,0.0
PO11 0BY,SEPD,HV,1,TM2349,84,2026-06-24T18:12:03Z,2026-06-24T18:12:03Z,0.0
PO11 0DD,SEPD,HV,1,TM2349,84,2026-06-24T18:12:03Z,2026-06-24T18:12:03Z,0.0
PO11 0DE,SEPD,HV,1,TM2349,84,2026-06-24T18:12:03Z,2026-06-24T18:12:03Z,0.0
PO11 0DH,SEPD,HV,1,TM2349,84,2026-06-24T18:12:03Z,2026-06-24T18:12:03Z,0.0
PO11 0DN,SEPD,HV,1,TM2349,84,2026-06-24T18:12:03Z,2026-06-24T18:12:03Z,0.0
PO11 0DP,SEPD,HV,1,TM2349,84,2026-06-24T18:12:03Z,2026-06-24T18:12:03Z,0.0
PO11 0DR,SEPD,HV,1,TM2349,84,2026-06-24T18:12:03Z,2026-06-24T18:12:03Z,0.0
PO11 0DS,SEPD,HV,1,TM2349,84,2026-06-24T18:12:03Z,2026-06-24T18:12:03Z,0.0
PO11 0DT,SEPD,HV,1,TM2349,84,2026-06-24T18:12:03Z,2026-06-24T18:12:03Z,0.0
PO11 0DW,SEPD,HV,1,TM2349,84,2026-06-24T18:12:03Z,2026-06-24T18:12:03Z,0.0
PO11 0EN,SEPD,HV,1,TM2349,84,2026-06-24T18:12:03Z,2026-06-24T18:12:03Z,0.0
PO11 0ES,SEPD,HV,1,TM2349,84,2026-06-24T18:12:03Z,2026-06-24T18:12:03Z,0.0
PO11 0EW,SEPD,HV,1,TM2349,84,2026-06-24T18:12:03Z,2026-06-24T18:12:03Z,0.0
PO11 0FD,SEPD,HV,1,TM2349,84,2026-06-24T18:12:03Z,2026-06-24T18:12:03Z,0.0
PO11 0FL,SEPD,HV,1,TM2349,84,2026-06-24T18:12:03Z,2026-06-24T18:12:03Z,0.0
PO11 0HE,SEPD,HV,1,TM2349,84,2026-06-24T18:12:03Z,2026-06-24T18:12:03Z,0.0
PO11 0HF,SEPD,HV,1,TM2349,84,2026-06-24T18:12:03Z,2026-06-24T18:12:03Z,0.0
PO11 0HH,SEPD,HV,1,TM2349,84,2026-06-24T18:12:03Z,2026-06-24T18:12:03Z,0.0
PO11 0HJ,SEPD,HV,1,TM2349,84,2026-06-24T18:12:03Z,2026-06-24T18:12:03Z,0.0
PO11 0HP,SEPD,HV,1,TM2349,84,2026-06-24T18:12:03Z,2026-06-24T18:12:03Z,0.0
PO11 0HR,SEPD,HV,1,TM2349,84,2026-06-24T18:12:03Z,2026-06-24T18:12:03Z,0.0
PO11 0HS,SEPD,HV,1,TM2349,84,2026-06-24T18:12:03Z,2026-06-24T18:12:03Z,0.0
PO11 0HT,SEPD,HV,1,TM2349,84,2026-06-24T18:12:03Z,2026-06-24T18:12:03Z,0.0
PO11 0HU,SEPD,HV,1,TM2349,84,2026-06-24T18:12:03Z,2026-06-24T18:12:03Z,0.0
PO11 0JB,SEPD,HV,1,TM2349,84,2026-06-24T18:12:03Z,2026-06-24T18:12:03Z,0.0
PO11 0UA,SEPD,HV,1,TM2349,84,2026-06-24T18:12:03Z,2026-06-24T18:12:03Z,0.0
PO11 9AB,SEPD,HV,1,TM2349,84,2026-06-24T18:12:03Z,2026-06-24T18:12:03Z,0.0
PO11 9AF,SEPD,HV,1,TM2349,84,2026-06-24T18:12:03Z,2026-06-24T18:12:03Z,0.0
PO11 9AG,SEPD,HV,1,TM2349,84,2026-06-24T18:12:03Z,2026-06-24T18:12:03Z,0.0
PO11 9AH,SEPD,HV,1,TM2349,84,2026-06-24T18:12:03Z,2026-06-24T18:12:03Z,0.0
PO11 9AJ,SEPD,HV,1,TM2349,84,2026-06-24T18:12:03Z,2026-06-24T18:12:03Z,0.0
PO11 9AL,SEPD,HV,1,TM2349,84,2026-06-24T18:12:03Z,2026-06-24T18:12:03Z,0.0
PO11 9AN,SEPD,HV,1,TM2349,84,2026-06-24T18:12:03Z,2026-06-24T18:12:03Z,0.0
PO11 9AQ,SEPD,HV,1,TM2349,84,2026-06-24T18:12:03Z,2026-06-24T18:12:03Z,0.0
PO11 9AR,SEPD,HV,1,TM2349,84,2026-06-24T18:12:03Z,2026-06-24T18:12:03Z,0.0
PO11 9AT,SEPD,HV,1,TM2349,84,2026-06-24T18:12:03Z,2026-06-24T18:12:03Z,0.0
PO11 9AU,SEPD,HV,1,TM2349,84,2026-06-24T18:12:03Z,2026-06-24T18:12:03Z,0.0
PO11 9AX,SEPD,HV,1,TM2349,84,2026-06-24T18:12:03Z,2026-06-24T18:12:03Z,0.0
PO11 9AY,SEPD,HV,1,TM2349,84,2026-06-24T18:12:03Z,2026-06-24T18:12:03Z,0.0
PO11 9AZ,SEPD,HV,1,TM2349,84,2026-06-24T18:12:03Z,2026-06-24T18:12:03Z,0.0
PO11 9BA,SEPD,HV,1,TM2349,84,2026-06-24T18:12:03Z,2026-06-24T18:12:03Z,0.0
PO11 9BB,SEPD,HV,1,TM2349,84,2026-06-24T18:12:03Z,2026-06-24T18:12:03Z,0.0
PO11 9BE,SEPD,HV,1,TM2349,84,2026-06-24T18:12:03Z,2026-06-24T18:12:03Z,0.0
PO11 9DH,SEPD,HV,1,TM2349,84,2026-06-24T18:12:03Z,2026-06-24T18:12:03Z,0.0
PO11 9DL,SEPD,HV,1,TM2349,84,2026-06-24T18:12:03Z,2026-06-24T18:12:03Z,0.0
PO11 9DR,SEPD,HV,1,TM2349,84,2026-06-24T18:12:03Z,2026-06-24T18:12:03Z,0.0
PO11 9DU,SEPD,HV,1,TM2349,84,2026-06-24T18:12:03Z,2026-06-24T18:12:03Z,0.0
PO11 9DY,SEPD,HV,1,TM2349,84,2026-06-24T18:12:03Z,2026-06-24T18:12:03Z,0.0
PO11 9DZ,SEPD,HV,1,TM2349,84,2026-06-24T18:12:03Z,2026-06-24T18:12:03Z,0.0
PO11 9EA,SEPD,HV,1,TM2349,84,2026-06-24T18:12:03Z,2026-06-24T18:12:03Z,0.0
PO11 9EB,SEPD,HV,1,TM2349,84,2026-06-24T18:12:03Z,2026-06-24T18:12:03Z,0.0
PO11 9ED,SEPD,HV,1,TM2349,84,2026-06-24T18:12:03Z,2026-06-24T18:12:03Z,0.0
PO11 9EU,SEPD,HV,1,TM2349,84,2026-06-24T18:12:03Z,2026-06-24T18:12:03Z,0.0
PO11 9EX,SEPD,HV,1,TM2349,84,2026-06-24T18:12:03Z,2026-06-24T18:12:03Z,0.0
PO11 9EY,SEPD,HV,1,TM2349,84,2026-06-24T18:12:03Z,2026-06-24T18:12:03Z,0.0
PO11 9EZ,SEPD,HV,1,TM2349,84,2026-06-24T18:12:03Z,2026-06-24T18:12:03Z,0.0
PO11 9FJ,SEPD,HV,1,TM2349,84,2026-06-24T18:12:03Z,2026-06-24T18:12:03Z,0.0
PO11 9HA,SEPD,HV,1,TM2349,84,2026-06-24T18:12:03Z,2026-06-24T18:12:03Z,0.0
PO11 9HB,SEPD,HV,1,TM2349,84,2026-06-24T18:12:03Z,2026-06-24T18:12:03Z,0.0
PO11 9HH,SEPD,HV,1,TM2349,84,2026-06-24T18:12:03Z,2026-06-24T18:12:03Z,0.0
PO11 9HL,SEPD,HV,1,TM2349,84,2026-06-24T18:12:03Z,2026-06-24T18:12:03Z,0.0
PO11 9HP,SEPD,HV,1,TM2349,84,2026-06-24T18:12:03Z,2026-06-24T18:12:03Z,0.0
PO11 9HQ,SEPD,HV,1,TM2349,84,2026-06-24T18:12:03Z,2026-06-24T18:12:03Z,0.0
PO11 9HR,SEPD,HV,1,TM2349,84,2026-06-24T18:12:03Z,2026-06-24T18:12:03Z,0.0
PO11 9HT,SEPD,HV,1,TM2349,84,2026-06-24T18:12:03Z,2026-06-24T18:12:03Z,0.0
PO11 9HW,SEPD,HV,1,TM2349,84,2026-06-24T18:12:03Z,2026-06-24T18:12:03Z,0.0
PO13 0TA,SEPD,LV,1,TK7597,7,2026-06-22T16:07:52Z,2026-06-22T16:07:52Z,0.0
PO13 0TD,SEPD,LV,1,TK7597,7,2026-06-22T16:07:52Z,2026-06-22T16:07:52Z,0.0
PO13 0TN,SEPD,LV,1,TK7597,7,2026-06-22T16:07:52Z,2026-06-22T16:07:52Z,0.0
PO13 0TP,SEPD,LV,1,TK7597,7,2026-06-22T16:07:52Z,2026-06-22T16:07:52Z,0.0
PO14 2JX,SEPD,LV,1,TM0341,9,2026-06-23T21:04:28Z,2026-06-23T21:04:28Z,0.0
PO14 2LA,SEPD,LV,1,TM0341,9,2026-06-23T21:04:28Z,2026-06-23T21:04:28Z,0.0
PO16 8HR,SEPD,LV,1,TM2102,11,2026-06-24T18:12:03Z,2026-06-24T18:12:03Z,0.0
PO16 8HW,SEPD,LV,1,TM2102,11,2026-06-24T18:12:03Z,2026-06-24T18:12:03Z,0.0
PO16 8LJ,SEPD,LV,1,TM2102,11,2026-06-24T18:12:03Z,2026-06-24T18:12:03Z,0.0
PO16 8LS,SEPD,LV,1,TM2102,11,2026-06-24T18:12:03Z,2026-06-24T18:12:03Z,0.0
PO16 8UT,SEPD,HV,1,TM2757,34,2026-06-25T04:38:26Z,2026-06-25T04:38:26Z,0.0
PO17 6AH,SEPD,HV,1,TM2757,34,2026-06-25T04:38:26Z,2026-06-25T04:38:26Z,0.0
PO17 6AU,SEPD,HV,1,TM2757,34,2026-06-25T04:38:26Z,2026-06-25T04:38:26Z,0.0
PO17 6BB,SEPD,HV,1,TM2757,34,2026-06-25T04:38:26Z,2026-06-25T04:38:26Z,0.0
PO17 6DN,SEPD,HV,1,TM2757,34,2026-06-25T04:38:26Z,2026-06-25T04:38:26Z,0.0
PO17 6DU,SEPD,HV,1,TM2757,34,2026-06-25T04:38:26Z,2026-06-25T04:38:26Z,0.0
PO18 0EE,SEPD,LV,1,TK6803,2,2026-06-22T00:19:27Z,2026-06-22T00:19:27Z,0.0
PO18 0EJ,SEPD,LV,1,TK6803,2,2026-06-22T00:19:27Z,2026-06-22T00:19:27Z,0.0
PO2 7EN,SEPD,LV,1,TM8204,7,2026-06-26T16:52:59Z,2026-06-26T16:52:59Z,0.0
PO20 3RT,SEPD,HV,1,TK9535,145,2026-06-23T11:50:26Z,2026-06-23T11:50:26Z,0.0
PO20 8LS,SEPD,LV,1,TK7848,5,2026-06-23T05:47:19Z,2026-06-23T05:47:19Z,0.0
PO20 8LW,SEPD,LV,1,TK7852,9,2026-06-22T16:07:52Z,2026-06-22T16:07:52Z,0.0
PO22 0AB,SEPD,HV,1,TK9535,145,2026-06-23T11:50:26Z,2026-06-23T11:50:26Z,0.0
PO22 0AN,SEPD,HV,1,TK9535,145,2026-06-23T11:50:26Z,2026-06-23T11:50:26Z,0.0
PO22 0AR,SEPD,HV,1,TK9535,145,2026-06-23T11:50:26Z,2026-06-23T11:50:26Z,0.0
PO22 0AS,SEPD,HV,1,TK9535,145,2026-06-23T11:50:26Z,2026-06-23T11:50:26Z,0.0
PO22 0AU,SEPD,HV,1,TK9535,145,2026-06-23T11:50:26Z,2026-06-23T11:50:26Z,0.0
PO22 0AW,SEPD,HV,1,TK9535,145,2026-06-23T11:50:26Z,2026-06-23T11:50:26Z,0.0
PO22 0AX,SEPD,HV,1,TK9535,145,2026-06-23T11:50:26Z,2026-06-23T11:50:26Z,0.0
PO22 0AY,SEPD,HV,1,TK9535,145,2026-06-23T11:50:26Z,2026-06-23T11:50:26Z,0.0
PO22 0AZ,SEPD,HV,1,TK9535,145,2026-06-23T11:50:26Z,2026-06-23T11:50:26Z,0.0
PO22 0BA,SEPD,HV,1,TK9535,145,2026-06-23T11:50:26Z,2026-06-23T11:50:26Z,0.0
PO22 0BB,SEPD,HV,1,TK9535,145,2026-06-23T11:50:26Z,2026-06-23T11:50:26Z,0.0
PO22 0BD,SEPD,HV,1,TK9535,145,2026-06-23T11:50:26Z,2026-06-23T11:50:26Z,0.0
PO22 0BG,SEPD,HV,1,TK9535,145,2026-06-23T11:50:26Z,2026-06-23T11:50:26Z,0.0
PO22 0BJ,SEPD,HV,1,TK9535,145,2026-06-23T11:50:26Z,2026-06-23T11:50:26Z,0.0
PO22 0BL,SEPD,HV,1,TK9535,145,2026-06-23T11:50:26Z,2026-06-23T11:50:26Z,0.0
PO22 0BN,SEPD,HV,1,TK9535,145,2026-06-23T11:50:26Z,2026-06-23T11:50:26Z,0.0
PO22 0BP,SEPD,HV,1,TK9535,145,2026-06-23T11:50:26Z,2026-06-23T11:50:26Z,0.0
PO22 0BQ,SEPD,HV,1,TK9535,145,2026-06-23T11:50:26Z,2026-06-23T11:50:26Z,0.0
PO22 0BS,SEPD,HV,1,TK9535,145,2026-06-23T11:50:26Z,2026-06-23T11:50:26Z,0.0
PO22 0BT,SEPD,HV,1,TK9535,145,2026-06-23T11:50:26Z,2026-06-23T11:50:26Z,0.0
PO22 0BU,SEPD,HV,1,TK9535,145,2026-06-23T11:50:26Z,2026-06-23T11:50:26Z,0.0
PO22 0BW,SEPD,HV,1,TK9535,145,2026-06-23T11:50:26Z,2026-06-23T11:50:26Z,0.0
PO22 0BX,SEPD,HV,1,TK9535,145,2026-06-23T11:50:26Z,2026-06-23T11:50:26Z,0.0
PO22 0BY,SEPD,HV,1,TK9535,145,2026-06-23T11:50:26Z,2026-06-23T11:50:26Z,0.0
PO22 0BZ,SEPD,HV,1,TK9535,145,2026-06-23T11:50:26Z,2026-06-23T11:50:26Z,0.0
PO22 0DA,SEPD,HV,1,TK9535,145,2026-06-23T11:50:26Z,2026-06-23T11:50:26Z,0.0
PO22 0DB,SEPD,HV,1,TK9535,145,2026-06-23T11:50:26Z,2026-06-23T11:50:26Z,0.0
PO22 0DG,SEPD,HV,1,TK9535,145,2026-06-23T11:50:26Z,2026-06-23T11:50:26Z,0.0
PO22 0DQ,SEPD,HV,1,TK9535,145,2026-06-23T11:50:26Z,2026-06-23T11:50:26Z,0.0
PO22 0DZ,SEPD,HV,1,TK9535,145,2026-06-23T11:50:26Z,2026-06-23T11:50:26Z,0.0
PO22 0EA,SEPD,HV,1,TK9535,145,2026-06-23T11:50:26Z,2026-06-23T11:50:26Z,0.0
PO22 0EJ,SEPD,HV,1,TK9535,145,2026-06-23T11:50:26Z,2026-06-23T11:50:26Z,0.0
PO22 0EL,SEPD,HV,1,TK9535,145,2026-06-23T11:50:26Z,2026-06-23T11:50:26Z,0.0
PO22 0EN,SEPD,HV,1,TK9535,145,2026-06-23T11:50:26Z,2026-06-23T11:50:26Z,0.0
PO22 0EP,SEPD,HV,1,TK9535,145,2026-06-23T11:50:26Z,2026-06-23T11:50:26Z,0.0
PO22 0EQ,SEPD,HV,1,TK9535,145,2026-06-23T11:50:26Z,2026-06-23T11:50:26Z,0.0
PO22 0ER,SEPD,HV,1,TK9535,145,2026-06-23T11:50:26Z,2026-06-23T11:50:26Z,0.0
PO22 0ES,SEPD,HV,1,TK9535,145,2026-06-23T11:50:26Z,2026-06-23T11:50:26Z,0.0
PO22 0EU,SEPD,HV,1,TK9535,145,2026-06-23T11:50:26Z,2026-06-23T11:50:26Z,0.0
PO22 0EW,SEPD,HV,1,TK9535,145,2026-06-23T11:50:26Z,2026-06-23T11:50:26Z,0.0
PO22 0EX,SEPD,HV,1,TK9535,145,2026-06-23T11:50:26Z,2026-06-23T11:50:26Z,0.0
PO22 0FE,SEPD,HV,1,TK9535,145,2026-06-23T11:50:26Z,2026-06-23T11:50:26Z,0.0
PO22 0FG,SEPD,HV,1,TK9535,145,2026-06-23T11:50:26Z,2026-06-23T11:50:26Z,0.0
PO22 0FQ,SEPD,HV,1,TK9535,145,2026-06-23T11:50:26Z,2026-06-23T11:50:26Z,0.0
PO22 0FR,SEPD,HV,1,TK9535,145,2026-06-23T11:50:26Z,2026-06-23T11:50:26Z,0.0
PO22 0FS,SEPD,HV,1,TK9535,145,2026-06-23T11:50:26Z,2026-06-23T11:50:26Z,0.0
PO22 0GN,SEPD,HV,1,TK9535,145,2026-06-23T11:50:26Z,2026-06-23T11:50:26Z,0.0
PO22 0GW,SEPD,HV,1,TK9535,145,2026-06-23T11:50:26Z,2026-06-23T11:50:26Z,0.0
PO22 0HB,SEPD,HV,1,TK9535,145,2026-06-23T11:50:26Z,2026-06-23T11:50:26Z,0.0
PO22 0JA,SEPD,HV,1,TK9535,145,2026-06-23T11:50:26Z,2026-06-23T11:50:26Z,0.0
PO22 0JB,SEPD,HV,1,TK9535,145,2026-06-23T11:50:26Z,2026-06-23T11:50:26Z,0.0
PO22 0JD,SEPD,HV,1,TK9535,145,2026-06-23T11:50:26Z,2026-06-23T11:50:26Z,0.0
PO22 0JE,SEPD,HV,1,TK9535,145,2026-06-23T11:50:26Z,2026-06-23T11:50:26Z,0.0
PO22 0JF,SEPD,HV,1,TK9535,145,2026-06-23T11:50:26Z,2026-06-23T11:50:26Z,0.0
PO22 0JH,SEPD,HV,1,TK9535,145,2026-06-23T11:50:26Z,2026-06-23T11:50:26Z,0.0
PO22 0JL,SEPD,HV,1,TK9535,145,2026-06-23T11:50:26Z,2026-06-23T11:50:26Z,0.0
PO22 0JU,SEPD,HV,1,TK9535,145,2026-06-23T11:50:26Z,2026-06-23T11:50:26Z,0.0
PO22 0JX,SEPD,HV,1,TK9535,145,2026-06-23T11:50:26Z,2026-06-23T11:50:26Z,0.0
PO22 0LR,SEPD,HV,1,TK9535,145,2026-06-23T11:50:26Z,2026-06-23T11:50:26Z,0.0
PO22 9NP,SEPD,LV,1,TM7252,3,2026-06-26T09:45:43Z,2026-06-26T09:45:43Z,0.0
PO22 9TS,SEPD,LV,1,TM7252,3,2026-06-26T09:45:43Z,2026-06-26T09:45:43Z,0.0
PO6 2BH,SEPD,LV,1,TM2493,8,2026-06-24T20:11:22Z,2026-06-24T20:11:22Z,0.0
PO6 2BJ,SEPD,LV,1,TM2493,8,2026-06-24T20:11:22Z,2026-06-24T20:11:22Z,0.0
PO7 5SH,SEPD,PSI,1,252137,70,2026-06-23T11:50:26Z,2026-06-23T11:50:26Z,0.0
PO7 6TH,SEPD,PSI,1,252137,70,2026-06-23T11:50:26Z,2026-06-23T11:50:26Z,0.0
PO7 6TN,SEPD,PSI,1,252137,70,2026-06-23T11:50:26Z,2026-06-23T11:50:26Z,0.0
PO7 6TP,SEPD,PSI,1,252137,70,2026-06-23T11:50:26Z,2026-06-23T11:50:26Z,0.0
PO7 6TR,SEPD,PSI,1,252137,70,2026-06-23T11:50:26Z,2026-06-23T11:50:26Z,0.0
PO7 6TS,SEPD,PSI,1,252137,70,2026-06-23T11:50:26Z,2026-06-23T11:50:26Z,0.0
PO7 6TU,SEPD,PSI,1,252137,70,2026-06-23T11:50:26Z,2026-06-23T11:50:26Z,0.0
PO7 6TW,SEPD,PSI,1,252137,70,2026-06-23T11:50:26Z,2026-06-23T11:50:26Z,0.0
PO7 6TX,SEPD,PSI,1,252137,70,2026-06-23T11:50:26Z,2026-06-23T11:50:26Z,0.0
PO7 6TY,SEPD,PSI,1,252137,70,2026-06-23T11:50:26Z,2026-06-23T11:50:26Z,0.0
PO7 7PH,SEPD,LV,1,TM8750,8,2026-06-26T20:20:06Z,2026-06-26T20:20:06Z,0.0
PO8 0TG,SEPD,HV,1,TM2349,84,2026-06-24T18:12:03Z,2026-06-24T18:12:03Z,0.0
PO8 8AJ,SEPD,LV,1,TM7318,6,2026-06-26T12:04:15Z,2026-06-26T12:04:15Z,0.0
PO8 9GX,SEPD,LV,1,TM1527,17,2026-06-24T13:52:53Z,2026-06-24T13:52:53Z,0.0
PO8 9UL,SEPD,LV,1,TM1527,17,2026-06-24T13:52:53Z,2026-06-24T13:52:53Z,0.0
PO8 9UR,SEPD,LV,1,TM1527,17,2026-06-24T13:52:53Z,2026-06-24T13:52:53Z,0.0
PO8 9UT,SEPD,LV,1,TM1527,17,2026-06-24T13:52:53Z,2026-06-24T13:52:53Z,0.0
PO8 9XB,SEPD,LV,1,TK8867,7,2026-06-23T08:50:42Z,2026-06-23T08:50:42Z,0.0
PO8 9XN,SEPD,LV,1,TK8867,7,2026-06-23T08:50:42Z,2026-06-23T08:50:42Z,0.0
RG1 2AB,SEPD,HV,1,TM3035,8,2026-06-25T00:19:00Z,2026-06-25T00:19:00Z,0.0
RG1 2AR,SEPD,HV,1,TM3035,8,2026-06-25T00:19:00Z,2026-06-25T00:19:00Z,0.0
RG1 2HT,SEPD,HV,1,TM3035,8,2026-06-25T00:19:00Z,2026-06-25T00:19:00Z,0.0
RG1 2SA,SEPD,HV,1,TM3035,8,2026-06-25T00:19:00Z,2026-06-25T00:19:00Z,0.0
RG1 2SE,SEPD,HV,1,TM3035,8,2026-06-25T00:19:00Z,2026-06-25T00:19:00Z,0.0
RG1 4AR,SEPD,HV,1,TM3035,8,2026-06-25T00:19:00Z,2026-06-25T00:19:00Z,0.0
RG1 4AW,SEPD,LV,1,TM3044,16,2026-06-25T00:19:00Z,2026-06-25T00:19:00Z,0.0
RG1 4ET,SEPD,LV,1,TM3044,16,2026-06-25T00:19:00Z,2026-06-25T00:19:00Z,0.0
RG1 4FQ,SEPD,HV,1,TM3035,8,2026-06-25T00:19:00Z,2026-06-25T00:19:00Z,0.0
RG1 4HJ,SEPD,LV,1,TM4679,5,2026-06-25T15:45:55Z,2026-06-25T15:45:55Z,0.0
RG1 4HP,SEPD,LV,1,TM4679,5,2026-06-25T15:45:55Z,2026-06-25T15:45:55Z,0.0
RG1 4JB,SEPD,LV,1,TM3044,16,2026-06-25T00:19:00Z,2026-06-25T00:19:00Z,0.0
RG1 4JE,SEPD,HV,1,TM3035,8,2026-06-25T00:19:00Z,2026-06-25T00:19:00Z,0.0
RG1 4NY,SEPD,LV,1,TM4679,5,2026-06-25T15:45:55Z,2026-06-25T15:45:55Z,0.0
RG1 4NZ,SEPD,LV,1,TM4679,5,2026-06-25T15:45:55Z,2026-06-25T15:45:55Z,0.0
RG1 4PH,SEPD,HV,1,TM3035,8,2026-06-25T00:19:00Z,2026-06-25T00:19:00Z,0.0
RG1 4PN,SEPD,HV,1,TM3035,8,2026-06-25T00:19:00Z,2026-06-25T00:19:00Z,0.0
RG1 4PS,SEPD,HV,1,TM3035,8,2026-06-25T00:19:00Z,2026-06-25T00:19:00Z,0.0
RG1 4QA,SEPD,HV,1,TM3035,8,2026-06-25T00:19:00Z,2026-06-25T00:19:00Z,0.0
RG1 4QH,SEPD,HV,1,TM3035,8,2026-06-25T00:19:00Z,2026-06-25T00:19:00Z,0.0
RG1 4QL,SEPD,LV,1,TM3044,16,2026-06-25T00:19:00Z,2026-06-25T00:19:00Z,0.0
RG1 4QP,SEPD,HV,1,TM3035,8,2026-06-25T00:19:00Z,2026-06-25T00:19:00Z,0.0
RG1 4RY,SEPD,HV,1,TM3035,8,2026-06-25T00:19:00Z,2026-06-25T00:19:00Z,0.0
RG1 4SY,SEPD,HV,1,TM3035,8,2026-06-25T00:19:00Z,2026-06-25T00:19:00Z,0.0
RG1 5AL,SEPD,LV,1,TM3041,27,2026-06-25T00:19:00Z,2026-06-25T00:19:00Z,0.0
RG1 5BG,SEPD,LV,1,TM3041,27,2026-06-25T00:19:00Z,2026-06-25T00:19:00Z,0.0
RG1 5BL,SEPD,HV,1,TM3035,8,2026-06-25T00:19:00Z,2026-06-25T00:19:00Z,0.0
RG1 5BN,SEPD,HV,1,TM3035,8,2026-06-25T00:19:00Z,2026-06-25T00:19:00Z,0.0
RG1 5BW,SEPD,LV,1,TM3041,27,2026-06-25T00:19:00Z,2026-06-25T00:19:00Z,0.0
RG1 5DA,SEPD,HV,1,TM3035,8,2026-06-25T00:19:00Z,2026-06-25T00:19:00Z,0.0
RG1 5DG,SEPD,LV,1,TM3041,27,2026-06-25T00:19:00Z,2026-06-25T00:19:00Z,0.0
RG1 5EX,SEPD,HV,1,TM4736,646,2026-06-25T15:45:55Z,2026-06-25T15:45:55Z,0.0
RG1 5JT,SEPD,HV,1,TM4736,646,2026-06-25T15:45:55Z,2026-06-25T15:45:55Z,0.0
RG1 5LZ,SEPD,HV,1,TM4736,646,2026-06-25T15:45:55Z,2026-06-25T15:45:55Z,0.0
RG1 5PP,SEPD,HV,1,TM4736,646,2026-06-25T15:45:55Z,2026-06-25T15:45:55Z,0.0
RG1 5QE,SEPD,HV,1,TM4736,646,2026-06-25T15:45:55Z,2026-06-25T15:45:55Z,0.0
RG1 5QG,SEPD,HV,1,TM4736,646,2026-06-25T15:45:55Z,2026-06-25T15:45:55Z,0.0
RG1 5QH,SEPD,HV,1,TM4736,646,2026-06-25T15:45:55Z,2026-06-25T15:45:55Z,0.0
RG1 5QJ,SEPD,HV,1,TM4736,646,2026-06-25T15:45:55Z,2026-06-25T15:45:55Z,0.0
RG1 6DA,SEPD,LV,1,TM0657,39,2026-06-24T18:12:03Z,2026-06-24T18:12:03Z,0.0
RG1 6DB,SEPD,LV,1,TM0657,39,2026-06-24T18:12:03Z,2026-06-24T18:12:03Z,0.0
RG1 6DD,SEPD,LV,1,TM0657,39,2026-06-24T18:12:03Z,2026-06-24T18:12:03Z,0.0
RG1 6DJ,SEPD,LV,1,TM0657,39,2026-06-24T18:12:03Z,2026-06-24T18:12:03Z,0.0
RG1 6DN,SEPD,LV,1,TM0657,39,2026-06-24T18:12:03Z,2026-06-24T18:12:03Z,0.0
RG1 6DQ,SEPD,LV,1,TM0657,39,2026-06-24T18:12:03Z,2026-06-24T18:12:03Z,0.0
RG1 6DS,SEPD,LV,1,TM0657,39,2026-06-24T18:12:03Z,2026-06-24T18:12:03Z,0.0
RG1 6FB,SEPD,LV,1,TM0657,39,2026-06-24T18:12:03Z,2026-06-24T18:12:03Z,0.0
RG10 0SH,SEPD,HV,1,TM9849,51,2026-06-27T15:43:15Z,2026-06-27T15:43:15Z,0.0
RG10 0SJ,SEPD,HV,1,TM9849,51,2026-06-27T15:43:15Z,2026-06-27T15:43:15Z,0.0
RG10 0SL,SEPD,HV,1,TM9849,51,2026-06-27T15:43:15Z,2026-06-27T15:43:15Z,0.0
RG10 0SN,SEPD,HV,1,TM9849,51,2026-06-27T15:43:15Z,2026-06-27T15:43:15Z,0.0
RG10 0SP,SEPD,HV,1,TM9849,51,2026-06-27T15:43:15Z,2026-06-27T15:43:15Z,0.0
RG10 0SQ,SEPD,HV,1,TM9849,51,2026-06-27T15:43:15Z,2026-06-27T15:43:15Z,0.0
RG10 0SR,SEPD,HV,1,TM9849,51,2026-06-27T15:43:15Z,2026-06-27T15:43:15Z,0.0
RG10 0SS,SEPD,HV,1,TM9849,51,2026-06-27T15:43:15Z,2026-06-27T15:43:15Z,0.0
RG10 0ST,SEPD,HV,1,TM9849,51,2026-06-27T15:43:15Z,2026-06-27T15:43:15Z,0.0
RG10 0SU,SEPD,HV,1,TM9849,51,2026-06-27T15:43:15Z,2026-06-27T15:43:15Z,0.0
RG10 0SX,SEPD,HV,1,TM9849,51,2026-06-27T15:43:15Z,2026-06-27T15:43:15Z,0.0
RG10 0TG,SEPD,HV,1,TM9849,51,2026-06-27T15:43:15Z,2026-06-27T15:43:15Z,0.0
RG10 0TH,SEPD,HV,1,TM9849,51,2026-06-27T15:43:15Z,2026-06-27T15:43:15Z,0.0
RG10 0TJ,SEPD,HV,1,TM9849,51,2026-06-27T15:43:15Z,2026-06-27T15:43:15Z,0.0
RG10 0TN,SEPD,HV,1,TM9849,51,2026-06-27T15:43:15Z,2026-06-27T15:43:15Z,0.0
RG10 0TP,SEPD,HV,1,TM9849,51,2026-06-27T15:43:15Z,2026-06-27T15:43:15Z,0.0
RG10 0TR,SEPD,HV,1,TM9849,51,2026-06-27T15:43:15Z,2026-06-27T15:43:15Z,0.0
RG10 0TT,SEPD,HV,1,TM9849,51,2026-06-27T15:43:15Z,2026-06-27T15:43:15Z,0.0
RG10 0TY,SEPD,HV,1,TM9849,51,2026-06-27T15:43:15Z,2026-06-27T15:43:15Z,0.0
RG10 8NU,SEPD,PSI,1,252289,11,2026-06-22T11:21:18Z,2026-06-22T11:21:18Z,0.0
RG10 8NX,SEPD,PSI,1,252289,11,2026-06-22T11:21:18Z,2026-06-22T11:21:18Z,0.0
RG10 8PA,SEPD,PSI,1,252289,11,2026-06-22T11:21:18Z,2026-06-22T11:21:18Z,0.0
RG10 9EH,SEPD,HV,1,TM3035,8,2026-06-25T00:19:00Z,2026-06-25T00:19:00Z,0.0
RG12 7AR,SEPD,LV,1,TK9758,2,2026-06-23T14:14:17Z,2026-06-23T14:14:17Z,0.0
RG12 7HD,SEPD,HV,1,TM9018,286,2026-06-27T00:17:17Z,2026-06-27T00:17:17Z,0.0
RG12 7HE,SEPD,HV,1,TM9018,286,2026-06-27T00:17:17Z,2026-06-27T00:17:17Z,0.0
RG12 7HF,SEPD,HV,1,TM9018,286,2026-06-27T00:17:17Z,2026-06-27T00:17:17Z,0.0
RG12 7JQ,SEPD,HV,1,TM9018,286,2026-06-27T00:17:17Z,2026-06-27T00:17:17Z,0.0
RG12 7NF,SEPD,LV,1,TM3008,12,2026-06-25T00:19:00Z,2026-06-25T00:19:00Z,0.0
RG12 7PD,SEPD,HV,1,TM9018,286,2026-06-27T00:17:17Z,2026-06-27T00:17:17Z,0.0
RG12 7QG,SEPD,HV,1,TM9018,286,2026-06-27T00:17:17Z,2026-06-27T00:17:17Z,0.0
RG12 7QJ,SEPD,HV,1,TM9018,286,2026-06-27T00:17:17Z,2026-06-27T00:17:17Z,0.0
RG12 7QL,SEPD,HV,1,TM9018,286,2026-06-27T00:17:17Z,2026-06-27T00:17:17Z,0.0
RG12 7RA,SEPD,HV,1,TM9018,286,2026-06-27T00:17:17Z,2026-06-27T00:17:17Z,0.0
RG12 7RB,SEPD,HV,1,TM9018,286,2026-06-27T00:17:17Z,2026-06-27T00:17:17Z,0.0
RG12 7RD,SEPD,HV,1,TM9018,286,2026-06-27T00:17:17Z,2026-06-27T00:17:17Z,0.0
RG12 7RE,SEPD,HV,1,TM9018,286,2026-06-27T00:17:17Z,2026-06-27T00:17:17Z,0.0
RG12 7RF,SEPD,HV,1,TM9018,286,2026-06-27T00:17:17Z,2026-06-27T00:17:17Z,0.0
RG12 7RG,SEPD,HV,1,TM9018,286,2026-06-27T00:17:17Z,2026-06-27T00:17:17Z,0.0
RG12 7TF,SEPD,HV,1,TM9018,286,2026-06-27T00:17:17Z,2026-06-27T00:17:17Z,0.0
RG12 7WR,SEPD,HV,1,TM9018,286,2026-06-27T00:17:17Z,2026-06-27T00:17:17Z,0.0
RG12 7WS,SEPD,HV,1,TM9018,286,2026-06-27T00:17:17Z,2026-06-27T00:17:17Z,0.0
RG12 7WX,SEPD,HV,1,TM9018,286,2026-06-27T00:17:17Z,2026-06-27T00:17:17Z,0.0
RG12 7YH,SEPD,HV,1,TM9018,286,2026-06-27T00:17:17Z,2026-06-27T00:17:17Z,0.0
RG12 7YJ,SEPD,HV,1,TM9018,286,2026-06-27T00:17:17Z,2026-06-27T00:17:17Z,0.0
RG12 7YN,SEPD,HV,1,TM9018,286,2026-06-27T00:17:17Z,2026-06-27T00:17:17Z,0.0
RG12 7YW,SEPD,HV,1,TM9018,286,2026-06-27T00:17:17Z,2026-06-27T00:17:17Z,0.0
RG12 7YX,SEPD,HV,1,TM9018,286,2026-06-27T00:17:17Z,2026-06-27T00:17:17Z,0.0
RG12 7YY,SEPD,HV,1,TM9018,286,2026-06-27T00:17:17Z,2026-06-27T00:17:17Z,0.0
RG12 7YZ,SEPD,HV,1,TM9018,286,2026-06-27T00:17:17Z,2026-06-27T00:17:17Z,0.0
RG12 9RA,SEPD,LV,1,TK9758,2,2026-06-23T14:14:17Z,2026-06-23T14:14:17Z,0.0
RG14 1BD,SEPD,LV,1,TM2854,12,2026-06-24T21:47:02Z,2026-06-24T21:47:02Z,0.0
RG14 1GP,SEPD,PSI,1,251731,2,2026-06-26T09:45:43Z,2026-06-26T09:45:43Z,0.0
RG14 1HL,SEPD,LV,1,TM2854,12,2026-06-24T21:47:02Z,2026-06-24T21:47:02Z,0.0
RG14 1HN,SEPD,LV,1,TM2854,12,2026-06-24T21:47:02Z,2026-06-24T21:47:02Z,0.0
RG14 1JU,SEPD,PSI,1,251731,2,2026-06-26T09:45:43Z,2026-06-26T09:45:43Z,0.0
RG14 1PL,SEPD,LV,1,TM2854,12,2026-06-24T21:47:02Z,2026-06-24T21:47:02Z,0.0
RG21 7AT,SEPD,HV,1,TM3698,168,2026-06-25T10:51:36Z,2026-06-25T10:51:36Z,0.0
RG22 4DW,SEPD,LV,1,TK7887,9,2026-06-22T19:46:47Z,2026-06-22T19:46:47Z,0.0
RG22 4EH,SEPD,LV,1,TK7887,9,2026-06-22T19:46:47Z,2026-06-22T19:46:47Z,0.0
RG22 4LR,SEPD,LV,1,TK7887,9,2026-06-22T19:46:47Z,2026-06-22T19:46:47Z,0.0
RG22 5HZ,SEPD,LV,1,TM0373,7,2026-06-23T22:37:40Z,2026-06-23T22:37:40Z,0.0
RG23 7LR,SEPD,PSI,1,251877,83,2026-06-22T11:21:18Z,2026-06-22T11:21:18Z,0.0
RG24 9BG,SEPD,LV,1,TN1359,39,2026-06-28T17:34:47Z,2026-06-28T17:34:47Z,0.0
RG24 9BH,SEPD,LV,1,TN1359,39,2026-06-28T17:34:47Z,2026-06-28T17:34:47Z,0.0
RG24 9BQ,SEPD,LV,1,TN1359,39,2026-06-28T17:34:47Z,2026-06-28T17:34:47Z,0.0
RG24 9DU,SEPD,LV,1,TN1359,39,2026-06-28T17:34:47Z,2026-06-28T17:34:47Z,0.0
RG24 9LS,SEPD,PSI,1,252028,4,2026-06-22T16:07:52Z,2026-06-22T16:07:52Z,0.0
RG25 2LG,SEPD,PSI,1,251877,83,2026-06-22T11:21:18Z,2026-06-22T11:21:18Z,0.0
RG25 2LH,SEPD,PSI,1,251877,83,2026-06-22T11:21:18Z,2026-06-22T11:21:18Z,0.0
RG25 2LJ,SEPD,PSI,1,251877,83,2026-06-22T11:21:18Z,2026-06-22T11:21:18Z,0.0
RG25 2LQ,SEPD,PSI,1,251877,83,2026-06-22T11:21:18Z,2026-06-22T11:21:18Z,0.0
RG25 2LT,SEPD,PSI,1,251877,83,2026-06-22T11:21:18Z,2026-06-22T11:21:18Z,0.0
RG25 2LU,SEPD,PSI,1,251877,83,2026-06-22T11:21:18Z,2026-06-22T11:21:18Z,0.0
RG25 2NA,SEPD,PSI,1,251877,83,2026-06-22T11:21:18Z,2026-06-22T11:21:18Z,0.0
RG25 3AZ,SEPD,HV,1,TM1176,133,2026-06-24T13:52:53Z,2026-06-24T13:52:53Z,0.0
RG25 3BA,SEPD,HV,1,TM1176,133,2026-06-24T13:52:53Z,2026-06-24T13:52:53Z,0.0
RG25 3BB,SEPD,HV,1,TM1176,133,2026-06-24T13:52:53Z,2026-06-24T13:52:53Z,0.0
RG25 3BD,SEPD,HV,1,TM1176,133,2026-06-24T13:52:53Z,2026-06-24T13:52:53Z,0.0
RG25 3BG,SEPD,HV,1,TM1176,133,2026-06-24T13:52:53Z,2026-06-24T13:52:53Z,0.0
RG25 3BH,SEPD,HV,1,TM1176,133,2026-06-24T13:52:53Z,2026-06-24T13:52:53Z,0.0
RG25 3BJ,SEPD,HV,1,TM1176,133,2026-06-24T13:52:53Z,2026-06-24T13:52:53Z,0.0
RG25 3BQ,SEPD,HV,1,TM1176,133,2026-06-24T13:52:53Z,2026-06-24T13:52:53Z,0.0
RG27 8AX,SEPD,PSI,1,251577,7,2026-06-24T11:34:27Z,2026-06-24T11:34:27Z,0.0
RG27 8BH,SEPD,PSI,1,251618,5,2026-06-25T10:51:36Z,2026-06-25T10:51:36Z,0.0
RG27 8BP,SEPD,PSI,1,251618,5,2026-06-25T10:51:36Z,2026-06-25T10:51:36Z,0.0
RG27 9SA,SEPD,LV,1,TM3900,34,2026-06-25T13:10:43Z,2026-06-25T13:10:43Z,0.0
RG27 9SF,SEPD,LV,1,TM3900,34,2026-06-25T13:10:43Z,2026-06-25T13:10:43Z,0.0
RG27 9SG,SEPD,LV,1,TM3900,34,2026-06-25T13:10:43Z,2026-06-25T13:10:43Z,0.0
RG27 9SH,SEPD,LV,1,TM3900,34,2026-06-25T13:10:43Z,2026-06-25T13:10:43Z,0.0
RG27 9SJ,SEPD,LV,1,TM3900,34,2026-06-25T13:10:43Z,2026-06-25T13:10:43Z,0.0
RG27 9SL,SEPD,LV,1,TM3900,34,2026-06-25T13:10:43Z,2026-06-25T13:10:43Z,0.0
RG27 9SQ,SEPD,LV,1,TM3900,34,2026-06-25T13:10:43Z,2026-06-25T13:10:43Z,0.0
RG29 1HS,SEPD,PSI,1,251860,28,2026-06-24T11:34:27Z,2026-06-24T11:34:27Z,0.0
RG29 1HX,SEPD,PSI,1,251860,28,2026-06-24T11:34:27Z,2026-06-24T11:34:27Z,0.0
RG29 1HZ,SEPD,PSI,1,251860,28,2026-06-24T11:34:27Z,2026-06-24T11:34:27Z,0.0
RG29 1JA,SEPD,PSI,1,251860,28,2026-06-24T11:34:27Z,2026-06-24T11:34:27Z,0.0
RG29 1JB,SEPD,PSI,1,251860,28,2026-06-24T11:34:27Z,2026-06-24T11:34:27Z,0.0
RG29 1JD,SEPD,PSI,1,251860,28,2026-06-24T11:34:27Z,2026-06-24T11:34:27Z,0.0
RG30 2LY,SEPD,LV,1,TK6916,51,2026-06-22T00:19:27Z,2026-06-22T00:19:27Z,0.0
RG30 2NE,SEPD,LV,1,TK6916,51,2026-06-22T00:19:27Z,2026-06-22T00:19:27Z,0.0
RG30 2NN,SEPD,LV,1,TK8762,13,2026-06-23T05:47:19Z,2026-06-23T05:47:19Z,0.0
RG30 2PX,SEPD,LV,1,TK6916,51,2026-06-22T00:19:27Z,2026-06-22T00:19:27Z,0.0
RG30 2PY,SEPD,LV,1,TK6916,51,2026-06-22T00:19:27Z,2026-06-22T00:19:27Z,0.0
RG30 2QA,SEPD,LV,1,TK6916,51,2026-06-22T00:19:27Z,2026-06-22T00:19:27Z,0.0
RG30 2QB,SEPD,LV,1,TK6916,51,2026-06-22T00:19:27Z,2026-06-22T00:19:27Z,0.0
RG30 2RR,SEPD,LV,1,TK6916,51,2026-06-22T00:19:27Z,2026-06-22T00:19:27Z,0.0
RG30 2RW,SEPD,LV,1,TK6916,51,2026-06-22T00:19:27Z,2026-06-22T00:19:27Z,0.0
RG30 2RX,SEPD,LV,1,TK6916,51,2026-06-22T00:19:27Z,2026-06-22T00:19:27Z,0.0
RG30 2SJ,SEPD,LV,1,TK6916,51,2026-06-22T00:19:27Z,2026-06-22T00:19:27Z,0.0
RG30 4BH,SEPD,LV,1,TK8762,13,2026-06-23T05:47:19Z,2026-06-23T05:47:19Z,0.0
RG30 4BJ,SEPD,LV,1,TK8762,13,2026-06-23T05:47:19Z,2026-06-23T05:47:19Z,0.0
RG30 4BL,SEPD,LV,1,TK8762,13,2026-06-23T05:47:19Z,2026-06-23T05:47:19Z,0.0
RG30 4BN,SEPD,LV,1,TK8762,13,2026-06-23T05:47:19Z,2026-06-23T05:47:19Z,0.0
RG30 4BT,SEPD,LV,1,TK8762,13,2026-06-23T05:47:19Z,2026-06-23T05:47:19Z,0.0
RG30 4BU,SEPD,LV,1,TK8762,13,2026-06-23T05:47:19Z,2026-06-23T05:47:19Z,0.0
RG31 6RN,SEPD,LV,1,TM9089,13,2026-06-27T04:30:11Z,2026-06-27T04:30:11Z,0.0
RG31 6TE,SEPD,LV,1,TM9089,13,2026-06-27T04:30:11Z,2026-06-27T04:30:11Z,0.0
RG31 6TG,SEPD,LV,1,TM9089,13,2026-06-27T04:30:11Z,2026-06-27T04:30:11Z,0.0
RG31 6TL,SEPD,LV,1,TM9089,13,2026-06-27T04:30:11Z,2026-06-27T04:30:11Z,0.0
RG31 6TQ,SEPD,LV,1,TM9089,13,2026-06-27T04:30:11Z,2026-06-27T04:30:11Z,0.0
RG31 6UZ,SEPD,LV,1,TM9089,13,2026-06-27T04:30:11Z,2026-06-27T04:30:11Z,0.0
RG31 7AA,SEPD,LV,1,TK9908,22,2026-06-23T16:44:49Z,2026-06-23T16:44:49Z,0.0
RG31 7AE,SEPD,LV,1,TK9908,22,2026-06-23T16:44:49Z,2026-06-23T16:44:49Z,0.0
RG31 7BB,SEPD,LV,1,TK9908,22,2026-06-23T16:44:49Z,2026-06-23T16:44:49Z,0.0
RG31 7BG,SEPD,LV,1,TK9908,22,2026-06-23T16:44:49Z,2026-06-23T16:44:49Z,0.0
RG41 5HE,SEPD,HV,1,TM9849,51,2026-06-27T15:43:15Z,2026-06-27T15:43:15Z,0.0
RG5 3EA,SEPD,LV,1,TJ9527,10,2026-06-25T10:51:36Z,2026-06-25T10:51:36Z,0.0
RG5 4EA,SEPD,HV,1,TM9849,51,2026-06-27T15:43:15Z,2026-06-27T15:43:15Z,0.0
RG5 4TA,SEPD,HV,1,TM9849,51,2026-06-27T15:43:15Z,2026-06-27T15:43:15Z,0.0
RG5 4TB,SEPD,HV,1,TM9849,51,2026-06-27T15:43:15Z,2026-06-27T15:43:15Z,0.0
RG5 4TD,SEPD,HV,1,TM9849,51,2026-06-27T15:43:15Z,2026-06-27T15:43:15Z,0.0
RG6 3AN,SEPD,LV,1,TM6530,34,2026-06-26T01:38:09Z,2026-06-26T01:38:09Z,0.0
RG6 3AW,SEPD,LV,1,TM6530,34,2026-06-26T01:38:09Z,2026-06-26T01:38:09Z,0.0
RG7 4AF,SEPD,HV,1,TM6856,90,2026-06-26T05:55:31Z,2026-06-26T05:55:31Z,0.0
RG7 4GT,SEPD,HV,1,TM6856,90,2026-06-26T05:55:31Z,2026-06-26T05:55:31Z,0.0
RG7 4HS,SEPD,HV,1,TM6856,90,2026-06-26T05:55:31Z,2026-06-26T05:55:31Z,0.0
RG7 4HT,SEPD,HV,1,TM6856,90,2026-06-26T05:55:31Z,2026-06-26T05:55:31Z,0.0
RG7 4HY,SEPD,HV,1,TM6856,90,2026-06-26T05:55:31Z,2026-06-26T05:55:31Z,0.0
RG7 4JH,SEPD,HV,1,TM6856,90,2026-06-26T05:55:31Z,2026-06-26T05:55:31Z,0.0
RG7 4JJ,SEPD,HV,1,TM6856,90,2026-06-26T05:55:31Z,2026-06-26T05:55:31Z,0.0
RG7 4JN,SEPD,HV,1,TM6856,90,2026-06-26T05:55:31Z,2026-06-26T05:55:31Z,0.0
RG7 4JR,SEPD,HV,1,TM6856,90,2026-06-26T05:55:31Z,2026-06-26T05:55:31Z,0.0
RG7 4JS,SEPD,HV,1,TM6856,90,2026-06-26T05:55:31Z,2026-06-26T05:55:31Z,0.0
RG7 4JT,SEPD,HV,1,TM6856,90,2026-06-26T05:55:31Z,2026-06-26T05:55:31Z,0.0
RG7 4JU,SEPD,HV,1,TM6856,90,2026-06-26T05:55:31Z,2026-06-26T05:55:31Z,0.0
RG7 4JX,SEPD,HV,1,TM6856,90,2026-06-26T05:55:31Z,2026-06-26T05:55:31Z,0.0
RG7 4JY,SEPD,HV,1,TM6856,90,2026-06-26T05:55:31Z,2026-06-26T05:55:31Z,0.0
RG7 4LA,SEPD,HV,1,TM6856,90,2026-06-26T05:55:31Z,2026-06-26T05:55:31Z,0.0
RG7 4PT,SEPD,PSI,1,251844,66,2026-06-22T11:21:18Z,2026-06-22T11:21:18Z,0.0
RG7 4RH,SEPD,PSI,1,251844,66,2026-06-22T11:21:18Z,2026-06-22T11:21:18Z,0.0
RG7 4RJ,SEPD,PSI,1,251844,66,2026-06-22T11:21:18Z,2026-06-22T11:21:18Z,0.0
RG7 4SF,SEPD,HV,1,TM6856,90,2026-06-26T05:55:31Z,2026-06-26T05:55:31Z,0.0
RG7 4ST,SEPD,PSI,1,251844,66,2026-06-22T11:21:18Z,2026-06-22T11:21:18Z,0.0
RG7 4SX,SEPD,PSI,1,251844,66,2026-06-22T11:21:18Z,2026-06-22T11:21:18Z,0.0
RG7 4SY,SEPD,PSI,1,251844,66,2026-06-22T11:21:18Z,2026-06-22T11:21:18Z,0.0
RG7 4TA,SEPD,PSI,1,251844,66,2026-06-22T11:21:18Z,2026-06-22T11:21:18Z,0.0
RG7 4TD,SEPD,PSI,1,251844,66,2026-06-22T11:21:18Z,2026-06-22T11:21:18Z,0.0
RG7 4TE,SEPD,PSI,1,251844,66,2026-06-22T11:21:18Z,2026-06-22T11:21:18Z,0.0
RG7 4TH,SEPD,PSI,1,251844,66,2026-06-22T11:21:18Z,2026-06-22T11:21:18Z,0.0
RG7 4US,SEPD,HV,1,TM6856,90,2026-06-26T05:55:31Z,2026-06-26T05:55:31Z,0.0
RG7 4UT,SEPD,HV,1,TM6856,90,2026-06-26T05:55:31Z,2026-06-26T05:55:31Z,0.0
RG7 4UU,SEPD,HV,1,TM6856,90,2026-06-26T05:55:31Z,2026-06-26T05:55:31Z,0.0
RG7 4UX,SEPD,HV,1,TM6856,90,2026-06-26T05:55:31Z,2026-06-26T05:55:31Z,0.0
RG7 4UY,SEPD,HV,1,TM6856,90,2026-06-26T05:55:31Z,2026-06-26T05:55:31Z,0.0
RG7 4UZ,SEPD,HV,1,TM6856,90,2026-06-26T05:55:31Z,2026-06-26T05:55:31Z,0.0
RG9 3HP,SEPD,PSI,1,252289,11,2026-06-22T11:21:18Z,2026-06-22T11:21:18Z,0.0
RG9 5SL,SEPD,LV,1,TK7982,5,2026-06-22T21:52:49Z,2026-06-22T21:52:49Z,0.0
RG9 5SS,SEPD,LV,1,TK7982,5,2026-06-22T21:52:49Z,2026-06-22T21:52:49Z,0.0
RG9 5ST,SEPD,LV,1,TK7982,5,2026-06-22T21:52:49Z,2026-06-22T21:52:49Z,0.0
RG9 5SY,SEPD,LV,1,TK7982,5,2026-06-22T21:52:49Z,2026-06-22T21:52:49Z,0.0
RH1 4RA,SEPD,LV,1,TM3041,27,2026-06-25T00:19:00Z,2026-06-25T00:19:00Z,0.0
RH13 0RL,SEPD,LV,1,TM2097,9,2026-06-24T18:12:03Z,2026-06-24T18:12:03Z,0.0
SL1 2FY,SEPD,HV,1,TN0017,199,2026-06-27T19:02:34Z,2026-06-27T19:02:34Z,0.0
SL1 2NF,SEPD,HV,1,TN0017,199,2026-06-27T19:02:34Z,2026-06-27T19:02:34Z,0.0
SL1 2NJ,SEPD,HV,1,TN0017,199,2026-06-27T19:02:34Z,2026-06-27T19:02:34Z,0.0
SL1 2QB,SEPD,HV,1,TN0017,199,2026-06-27T19:02:34Z,2026-06-27T19:02:34Z,0.0
SL1 2QD,SEPD,HV,1,TN0017,199,2026-06-27T19:02:34Z,2026-06-27T19:02:34Z,0.0
SL1 2RU,SEPD,HV,1,TN0017,199,2026-06-27T19:02:34Z,2026-06-27T19:02:34Z,0.0
SL1 2SH,SEPD,HV,1,TN0017,199,2026-06-27T19:02:34Z,2026-06-27T19:02:34Z,0.0
SL1 2SQ,SEPD,HV,1,TN0017,199,2026-06-27T19:02:34Z,2026-06-27T19:02:34Z,0.0
SL1 2WN,SEPD,HV,1,TN0017,199,2026-06-27T19:02:34Z,2026-06-27T19:02:34Z,0.0
SL1 3AH,SEPD,HV,1,TN0017,199,2026-06-27T19:02:34Z,2026-06-27T19:02:34Z,0.0
SL1 3BJ,SEPD,HV,1,TN0017,199,2026-06-27T19:02:34Z,2026-06-27T19:02:34Z,0.0
SL1 3BU,SEPD,HV,1,TN0017,199,2026-06-27T19:02:34Z,2026-06-27T19:02:34Z,0.0
SL1 3BW,SEPD,HV,1,TN0017,199,2026-06-27T19:02:34Z,2026-06-27T19:02:34Z,0.0
SL1 3BX,SEPD,HV,1,TN0017,199,2026-06-27T19:02:34Z,2026-06-27T19:02:34Z,0.0
SL1 3BY,SEPD,HV,1,TN0017,199,2026-06-27T19:02:34Z,2026-06-27T19:02:34Z,0.0
SL1 3BZ,SEPD,HV,1,TN0017,199,2026-06-27T19:02:34Z,2026-06-27T19:02:34Z,0.0
SL1 3DF,SEPD,HV,1,TN0017,199,2026-06-27T19:02:34Z,2026-06-27T19:02:34Z,0.0
SL1 3DG,SEPD,HV,1,TN0017,199,2026-06-27T19:02:34Z,2026-06-27T19:02:34Z,0.0
SL1 3DJ,SEPD,HV,1,TN0017,199,2026-06-27T19:02:34Z,2026-06-27T19:02:34Z,0.0
SL1 3DL,SEPD,HV,1,TN0017,199,2026-06-27T19:02:34Z,2026-06-27T19:02:34Z,0.0
SL1 3DP,SEPD,HV,1,TN0017,199,2026-06-27T19:02:34Z,2026-06-27T19:02:34Z,0.0
SL1 3DQ,SEPD,HV,1,TN0017,199,2026-06-27T19:02:34Z,2026-06-27T19:02:34Z,0.0
SL1 3DW,SEPD,HV,1,TN0017,199,2026-06-27T19:02:34Z,2026-06-27T19:02:34Z,0.0
SL1 3FQ,SEPD,HV,1,TN0017,199,2026-06-27T19:02:34Z,2026-06-27T19:02:34Z,0.0
SL1 3FW,SEPD,HV,1,TN0017,199,2026-06-27T19:02:34Z,2026-06-27T19:02:34Z,0.0
SL1 3FZ,SEPD,HV,1,TN0017,199,2026-06-27T19:02:34Z,2026-06-27T19:02:34Z,0.0
SL1 3HQ,SEPD,HV,1,TN0017,199,2026-06-27T19:02:34Z,2026-06-27T19:02:34Z,0.0
SL1 3JA,SEPD,HV,1,TN0017,199,2026-06-27T19:02:34Z,2026-06-27T19:02:34Z,0.0
SL1 3JD,SEPD,HV,1,TN0017,199,2026-06-27T19:02:34Z,2026-06-27T19:02:34Z,0.0
SL1 3JE,SEPD,HV,1,TN0017,199,2026-06-27T19:02:34Z,2026-06-27T19:02:34Z,0.0
SL1 3JF,SEPD,HV,1,TN0017,199,2026-06-27T19:02:34Z,2026-06-27T19:02:34Z,0.0
SL1 3JH,SEPD,HV,1,TN0017,199,2026-06-27T19:02:34Z,2026-06-27T19:02:34Z,0.0
SL1 3JJ,SEPD,HV,1,TN0017,199,2026-06-27T19:02:34Z,2026-06-27T19:02:34Z,0.0
SL1 3JL,SEPD,HV,1,TN0017,199,2026-06-27T19:02:34Z,2026-06-27T19:02:34Z,0.0
SL1 3JN,SEPD,HV,1,TN0017,199,2026-06-27T19:02:34Z,2026-06-27T19:02:34Z,0.0
SL1 3JW,SEPD,HV,1,TN0017,199,2026-06-27T19:02:34Z,2026-06-27T19:02:34Z,0.0
SL1 3LH,SEPD,HV,1,TN0017,199,2026-06-27T19:02:34Z,2026-06-27T19:02:34Z,0.0
SL1 3LJ,SEPD,HV,1,TN0017,199,2026-06-27T19:02:34Z,2026-06-27T19:02:34Z,0.0
SL1 3LU,SEPD,HV,1,TN0017,199,2026-06-27T19:02:34Z,2026-06-27T19:02:34Z,0.0
SL1 3NA,SEPD,HV,1,TN0017,199,2026-06-27T19:02:34Z,2026-06-27T19:02:34Z,0.0
SL1 3NB,SEPD,HV,1,TN0017,199,2026-06-27T19:02:34Z,2026-06-27T19:02:34Z,0.0
SL1 3ND,SEPD,HV,1,TN0017,199,2026-06-27T19:02:34Z,2026-06-27T19:02:34Z,0.0
SL1 3NE,SEPD,HV,1,TN0017,199,2026-06-27T19:02:34Z,2026-06-27T19:02:34Z,0.0
SL1 3NF,SEPD,HV,1,TN0017,199,2026-06-27T19:02:34Z,2026-06-27T19:02:34Z,0.0
SL1 3NG,SEPD,HV,1,TN0017,199,2026-06-27T19:02:34Z,2026-06-27T19:02:34Z,0.0
SL1 3NH,SEPD,HV,1,TN0017,199,2026-06-27T19:02:34Z,2026-06-27T19:02:34Z,0.0
SL1 3NL,SEPD,HV,1,TN0017,199,2026-06-27T19:02:34Z,2026-06-27T19:02:34Z,0.0
SL1 3NQ,SEPD,HV,1,TN0017,199,2026-06-27T19:02:34Z,2026-06-27T19:02:34Z,0.0
SL1 3NY,SEPD,LV,1,TN0374,62,2026-06-28T01:58:06Z,2026-06-28T01:58:06Z,0.0
SL1 3NZ,SEPD,LV,1,TN0374,62,2026-06-28T01:58:06Z,2026-06-28T01:58:06Z,0.0
SL1 3PA,SEPD,HV,1,TN0017,199,2026-06-27T19:02:34Z,2026-06-27T19:02:34Z,0.0
SL1 3PB,SEPD,HV,1,TN0017,199,2026-06-27T19:02:34Z,2026-06-27T19:02:34Z,0.0
SL1 3PD,SEPD,HV,1,TN0017,199,2026-06-27T19:02:34Z,2026-06-27T19:02:34Z,0.0
SL1 3PE,SEPD,HV,1,TN0017,199,2026-06-27T19:02:34Z,2026-06-27T19:02:34Z,0.0
SL1 3PF,SEPD,HV,1,TN0017,199,2026-06-27T19:02:34Z,2026-06-27T19:02:34Z,0.0
SL1 3PH,SEPD,HV,1,TN0017,199,2026-06-27T19:02:34Z,2026-06-27T19:02:34Z,0.0
SL1 3PJ,SEPD,HV,1,TN0017,199,2026-06-27T19:02:34Z,2026-06-27T19:02:34Z,0.0
SL1 3PL,SEPD,HV,1,TN0017,199,2026-06-27T19:02:34Z,2026-06-27T19:02:34Z,0.0
SL1 3PP,SEPD,HV,1,TN0017,199,2026-06-27T19:02:34Z,2026-06-27T19:02:34Z,0.0
SL1 3PS,SEPD,HV,1,TN0017,199,2026-06-27T19:02:34Z,2026-06-27T19:02:34Z,0.0
SL1 3PT,SEPD,HV,1,TN0017,199,2026-06-27T19:02:34Z,2026-06-27T19:02:34Z,0.0
SL1 3PU,SEPD,HV,1,TN0017,199,2026-06-27T19:02:34Z,2026-06-27T19:02:34Z,0.0
SL1 3PX,SEPD,HV,1,TN0017,199,2026-06-27T19:02:34Z,2026-06-27T19:02:34Z,0.0
SL1 3PY,SEPD,HV,1,TN0017,199,2026-06-27T19:02:34Z,2026-06-27T19:02:34Z,0.0
SL1 3QT,SEPD,LV,1,TN0374,62,2026-06-28T01:58:06Z,2026-06-28T01:58:06Z,0.0
SL1 3RB,SEPD,LV,1,TN0374,62,2026-06-28T01:58:06Z,2026-06-28T01:58:06Z,0.0
SL1 3RD,SEPD,LV,1,TN0374,62,2026-06-28T01:58:06Z,2026-06-28T01:58:06Z,0.0
SL1 3RH,SEPD,LV,1,TN0374,62,2026-06-28T01:58:06Z,2026-06-28T01:58:06Z,0.0
SL1 3RL,SEPD,LV,1,TN0374,62,2026-06-28T01:58:06Z,2026-06-28T01:58:06Z,0.0
SL1 3RP,SEPD,LV,1,TN0374,62,2026-06-28T01:58:06Z,2026-06-28T01:58:06Z,0.0
SL1 3RR,SEPD,LV,1,TN0374,62,2026-06-28T01:58:06Z,2026-06-28T01:58:06Z,0.0
SL1 3RS,SEPD,LV,1,TN0374,62,2026-06-28T01:58:06Z,2026-06-28T01:58:06Z,0.0
SL1 3RW,SEPD,LV,1,TN0374,62,2026-06-28T01:58:06Z,2026-06-28T01:58:06Z,0.0
SL1 3UG,SEPD,HV,1,TN0017,199,2026-06-27T19:02:34Z,2026-06-27T19:02:34Z,0.0
SL1 3XU,SEPD,HV,1,TN0017,199,2026-06-27T19:02:34Z,2026-06-27T19:02:34Z,0.0
SL1 3XX,SEPD,HV,1,TN0017,199,2026-06-27T19:02:34Z,2026-06-27T19:02:34Z,0.0
SL1 3XY,SEPD,HV,1,TN0017,199,2026-06-27T19:02:34Z,2026-06-27T19:02:34Z,0.0
SL1 3XZ,SEPD,HV,1,TN0017,199,2026-06-27T19:02:34Z,2026-06-27T19:02:34Z,0.0
SL1 3YA,SEPD,HV,1,TN0017,199,2026-06-27T19:02:34Z,2026-06-27T19:02:34Z,0.0
SL1 4AG,SEPD,HV,1,TN0017,199,2026-06-27T19:02:34Z,2026-06-27T19:02:34Z,0.0
SL1 4ED,SEPD,HV,1,TN0017,199,2026-06-27T19:02:34Z,2026-06-27T19:02:34Z,0.0
SL1 4EH,SEPD,HV,1,TN0017,199,2026-06-27T19:02:34Z,2026-06-27T19:02:34Z,0.0
SL1 4EL,SEPD,HV,1,TN0017,199,2026-06-27T19:02:34Z,2026-06-27T19:02:34Z,0.0
SL1 4TN,SEPD,HV,1,TN0017,199,2026-06-27T19:02:34Z,2026-06-27T19:02:34Z,0.0
SL1 4UZ,SEPD,HV,1,TN0017,199,2026-06-27T19:02:34Z,2026-06-27T19:02:34Z,0.0
SL1 4WS,SEPD,HV,1,TN0017,199,2026-06-27T19:02:34Z,2026-06-27T19:02:34Z,0.0
SL1 4XP,SEPD,HV,1,TN0017,199,2026-06-27T19:02:34Z,2026-06-27T19:02:34Z,0.0
SL1 4XS,SEPD,HV,1,TN0017,199,2026-06-27T19:02:34Z,2026-06-27T19:02:34Z,0.0
SL1 4XT,SEPD,HV,1,TN0017,199,2026-06-27T19:02:34Z,2026-06-27T19:02:34Z,0.0
SL1 4XU,SEPD,HV,1,TN0017,199,2026-06-27T19:02:34Z,2026-06-27T19:02:34Z,0.0
SL1 4XY,SEPD,HV,1,TN0017,199,2026-06-27T19:02:34Z,2026-06-27T19:02:34Z,0.0
SL1 4XZ,SEPD,HV,1,TN0017,199,2026-06-27T19:02:34Z,2026-06-27T19:02:34Z,0.0
SL1 4YA,SEPD,HV,1,TN0017,199,2026-06-27T19:02:34Z,2026-06-27T19:02:34Z,0.0
SL1 4ZA,SEPD,HV,1,TN0017,199,2026-06-27T19:02:34Z,2026-06-27T19:02:34Z,0.0
SL2 1BG,SEPD,HV,1,TN0017,199,2026-06-27T19:02:34Z,2026-06-27T19:02:34Z,0.0
SL2 1DH,SEPD,HV,1,TM3806,259,2026-06-25T13:10:43Z,2026-06-25T13:10:43Z,0.0
SL2 1DL,SEPD,HV,1,TM3806,259,2026-06-25T13:10:43Z,2026-06-25T13:10:43Z,0.0
SL2 1DN,SEPD,HV,1,TM3806,259,2026-06-25T13:10:43Z,2026-06-25T13:10:43Z,0.0
SL2 1DW,SEPD,HV,1,TM3806,259,2026-06-25T13:10:43Z,2026-06-25T13:10:43Z,0.0
SL2 1ET,SEPD,HV,1,TM3806,259,2026-06-25T10:51:36Z,2026-06-25T10:51:36Z,0.0
SL2 1EU,SEPD,HV,1,TM3806,259,2026-06-25T10:51:36Z,2026-06-25T10:51:36Z,0.0
SL2 1EX,SEPD,HV,1,TM3806,259,2026-06-25T10:51:36Z,2026-06-25T10:51:36Z,0.0
SL2 1JS,SEPD,HV,1,TN0017,199,2026-06-27T19:02:34Z,2026-06-27T19:02:34Z,0.0
SL2 1LG,SEPD,HV,1,TN0017,199,2026-06-27T19:02:34Z,2026-06-27T19:02:34Z,0.0
SL2 1NA,SEPD,HV,1,TN0017,199,2026-06-27T19:02:34Z,2026-06-27T19:02:34Z,0.0
SL2 1ND,SEPD,HV,1,TN0017,199,2026-06-27T19:02:34Z,2026-06-27T19:02:34Z,0.0
SL2 1NE,SEPD,HV,1,TN0017,199,2026-06-27T19:02:34Z,2026-06-27T19:02:34Z,0.0
SL2 1NL,SEPD,HV,1,TN0017,199,2026-06-27T19:02:34Z,2026-06-27T19:02:34Z,0.0
SL2 1NQ,SEPD,HV,1,TN0017,199,2026-06-27T19:02:34Z,2026-06-27T19:02:34Z,0.0
SL2 1NS,SEPD,HV,1,TN0017,199,2026-06-27T19:02:34Z,2026-06-27T19:02:34Z,0.0
SL2 1NT,SEPD,HV,1,TN0017,199,2026-06-27T19:02:34Z,2026-06-27T19:02:34Z,0.0
SL2 1NU,SEPD,HV,1,TN0017,199,2026-06-27T19:02:34Z,2026-06-27T19:02:34Z,0.0
SL2 1NX,SEPD,HV,1,TN0017,199,2026-06-27T19:02:34Z,2026-06-27T19:02:34Z,0.0
SL2 1NY,SEPD,HV,1,TN0017,199,2026-06-27T19:02:34Z,2026-06-27T19:02:34Z,0.0
SL2 1RW,SEPD,HV,1,TM3806,259,2026-06-25T13:10:43Z,2026-06-25T13:10:43Z,0.0
SL2 3DW,SEPD,HV,1,TN0017,199,2026-06-27T19:02:34Z,2026-06-27T19:02:34Z,0.0
SL6 2ES,SEPD,LV,1,TM3094,14,2026-06-25T04:38:26Z,2026-06-25T04:38:26Z,0.0
SL6 2NG,SEPD,HV,1,TM9619,28,2026-06-27T11:17:03Z,2026-06-27T11:17:03Z,0.0
SL6 2PZ,SEPD,HV,1,TM9619,28,2026-06-27T11:17:03Z,2026-06-27T11:17:03Z,0.0
SL6 5LE,SEPD,HV,1,TM8955,225,2026-06-27T00:17:17Z,2026-06-27T00:17:17Z,0.0
SL6 5LN,SEPD,HV,1,TM8955,225,2026-06-27T00:17:17Z,2026-06-27T00:17:17Z,0.0
SL6 5LT,SEPD,HV,1,TM8955,225,2026-06-27T00:17:17Z,2026-06-27T00:17:17Z,0.0
SL6 5LU,SEPD,HV,1,TM8955,225,2026-06-27T00:17:17Z,2026-06-27T00:17:17Z,0.0
SL6 5LX,SEPD,HV,1,TM8955,225,2026-06-27T00:17:17Z,2026-06-27T00:17:17Z,0.0
SL6 5LY,SEPD,HV,1,TM8955,225,2026-06-27T00:17:17Z,2026-06-27T00:17:17Z,0.0
SL6 5LZ,SEPD,HV,1,TM8955,225,2026-06-27T00:17:17Z,2026-06-27T00:17:17Z,0.0
SL6 5NA,SEPD,HV,1,TM8955,225,2026-06-27T00:17:17Z,2026-06-27T00:17:17Z,0.0
SL6 5NB,SEPD,HV,1,TM8955,225,2026-06-27T00:17:17Z,2026-06-27T00:17:17Z,0.0
SL6 5ND,SEPD,HV,1,TM8955,225,2026-06-27T00:17:17Z,2026-06-27T00:17:17Z,0.0
SL6 5NF,SEPD,HV,1,TM8955,225,2026-06-27T00:17:17Z,2026-06-27T00:17:17Z,0.0
SL6 5NG,SEPD,HV,1,TM8955,225,2026-06-27T00:17:17Z,2026-06-27T00:17:17Z,0.0
SL6 9DA,SEPD,HV,1,TM1909,12,2026-06-24T16:12:37Z,2026-06-24T16:12:37Z,0.0
SL6 9DB,SEPD,HV,1,TM1909,12,2026-06-24T16:12:37Z,2026-06-24T16:12:37Z,0.0
SL6 9DZ,SEPD,HV,1,TM1909,12,2026-06-24T16:12:37Z,2026-06-24T16:12:37Z,0.0
SL6 9GX,SEPD,HV,1,TM1909,12,2026-06-24T16:12:37Z,2026-06-24T16:12:37Z,0.0
SL6 9QD,SEPD,HV,1,TM1909,12,2026-06-24T16:12:37Z,2026-06-24T16:12:37Z,0.0
SL6 9QE,SEPD,HV,1,TM1909,12,2026-06-24T16:12:37Z,2026-06-24T16:12:37Z,0.0
SL6 9QF,SEPD,HV,1,TM1909,12,2026-06-24T16:12:37Z,2026-06-24T16:12:37Z,0.0
SL6 9QG,SEPD,HV,1,TM1909,12,2026-06-24T16:12:37Z,2026-06-24T16:12:37Z,0.0
SL6 9QP,SEPD,HV,1,TM1909,12,2026-06-24T16:12:37Z,2026-06-24T16:12:37Z,0.0
SL6 9QR,SEPD,HV,1,TM1909,12,2026-06-24T16:12:37Z,2026-06-24T16:12:37Z,0.0
SL6 9QS,SEPD,HV,1,TM1909,12,2026-06-24T16:12:37Z,2026-06-24T16:12:37Z,0.0
SL6 9QU,SEPD,HV,1,TM1909,12,2026-06-24T16:12:37Z,2026-06-24T16:12:37Z,0.0
SL6 9QW,SEPD,HV,1,TM1909,12,2026-06-24T16:12:37Z,2026-06-24T16:12:37Z,0.0
SL6 9QY,SEPD,HV,1,TM1909,12,2026-06-24T16:12:37Z,2026-06-24T16:12:37Z,0.0
SL6 9RE,SEPD,HV,1,TM1909,12,2026-06-24T16:12:37Z,2026-06-24T16:12:37Z,0.0
SL6 9RH,SEPD,HV,1,TM1909,12,2026-06-24T16:12:37Z,2026-06-24T16:12:37Z,0.0
SL6 9RL,SEPD,HV,1,TM1909,12,2026-06-24T16:12:37Z,2026-06-24T16:12:37Z,0.0
SL6 9RN,SEPD,HV,1,TM1909,12,2026-06-24T16:12:37Z,2026-06-24T16:12:37Z,0.0
SL6 9RP,SEPD,HV,1,TM1909,12,2026-06-24T16:12:37Z,2026-06-24T16:12:37Z,0.0
SL6 9RR,SEPD,HV,1,TM1909,12,2026-06-24T16:12:37Z,2026-06-24T16:12:37Z,0.0
SL6 9RS,SEPD,HV,1,TM1909,12,2026-06-24T16:12:37Z,2026-06-24T16:12:37Z,0.0
SL6 9RT,SEPD,HV,1,TM1909,12,2026-06-24T16:12:37Z,2026-06-24T16:12:37Z,0.0
SL6 9RU,SEPD,HV,1,TM1909,12,2026-06-24T16:12:37Z,2026-06-24T16:12:37Z,0.0
SL6 9RW,SEPD,HV,1,TM1909,12,2026-06-24T16:12:37Z,2026-06-24T16:12:37Z,0.0
SL6 9RY,SEPD,HV,1,TM1909,12,2026-06-24T16:12:37Z,2026-06-24T16:12:37Z,0.0
SL6 9RZ,SEPD,HV,1,TM1909,12,2026-06-24T16:12:37Z,2026-06-24T16:12:37Z,0.0
SL6 9SA,SEPD,HV,1,TM1909,12,2026-06-24T16:12:37Z,2026-06-24T16:12:37Z,0.0
SL6 9SH,SEPD,HV,1,TM1909,12,2026-06-24T16:12:37Z,2026-06-24T16:12:37Z,0.0
SL6 9SN,SEPD,HV,1,TM1909,12,2026-06-24T16:12:37Z,2026-06-24T16:12:37Z,0.0
SL6 9SP,SEPD,HV,1,TM1909,12,2026-06-24T16:12:37Z,2026-06-24T16:12:37Z,0.0
SL6 9SQ,SEPD,HV,1,TM1909,12,2026-06-24T16:12:37Z,2026-06-24T16:12:37Z,0.0
SL6 9SS,SEPD,HV,1,TM1909,12,2026-06-24T16:12:37Z,2026-06-24T16:12:37Z,0.0
SL6 9SU,SEPD,HV,1,TM1909,12,2026-06-24T16:12:37Z,2026-06-24T16:12:37Z,0.0
SL6 9SW,SEPD,HV,1,TM1909,12,2026-06-24T16:12:37Z,2026-06-24T16:12:37Z,0.0
SL6 9SX,SEPD,HV,1,TM1909,12,2026-06-24T16:12:37Z,2026-06-24T16:12:37Z,0.0
SL6 9SY,SEPD,HV,1,TM1909,12,2026-06-24T16:12:37Z,2026-06-24T16:12:37Z,0.0
SL6 9TE,SEPD,HV,1,TM1909,12,2026-06-24T16:12:37Z,2026-06-24T16:12:37Z,0.0
SL6 9TF,SEPD,HV,1,TM1909,12,2026-06-24T16:12:37Z,2026-06-24T16:12:37Z,0.0
SL6 9TH,SEPD,HV,1,TM1909,12,2026-06-24T16:12:37Z,2026-06-24T16:12:37Z,0.0
SL6 9XH,SEPD,HV,1,TM1909,12,2026-06-24T16:12:37Z,2026-06-24T16:12:37Z,0.0
SL7 1DT,SEPD,LV,1,TN0212,51,2026-06-27T21:33:44Z,2026-06-27T21:33:44Z,0.0
SL7 1FQ,SEPD,LV,1,TN0212,51,2026-06-27T21:33:44Z,2026-06-27T21:33:44Z,0.0
SL7 1GL,SEPD,LV,1,TN0212,51,2026-06-27T21:33:44Z,2026-06-27T21:33:44Z,0.0
SL7 1GN,SEPD,LV,1,TN0212,51,2026-06-27T21:33:44Z,2026-06-27T21:33:44Z,0.0
SL7 1HA,SEPD,LV,1,TN0212,51,2026-06-27T21:33:44Z,2026-06-27T21:33:44Z,0.0
SL7 1HG,SEPD,LV,1,TN0212,51,2026-06-27T21:33:44Z,2026-06-27T21:33:44Z,0.0
SL7 1HH,SEPD,LV,1,TN0212,51,2026-06-27T21:33:44Z,2026-06-27T21:33:44Z,0.0
SL7 1HJ,SEPD,LV,1,TN0212,51,2026-06-27T21:33:44Z,2026-06-27T21:33:44Z,0.0
SL7 1HQ,SEPD,LV,1,TN0212,51,2026-06-27T21:33:44Z,2026-06-27T21:33:44Z,0.0
SL7 1RZ,SEPD,HV,1,TM8955,225,2026-06-27T00:17:17Z,2026-06-27T00:17:17Z,0.0
SL7 1SA,SEPD,HV,1,TM8955,225,2026-06-27T00:17:17Z,2026-06-27T00:17:17Z,0.0
SL7 1SB,SEPD,HV,1,TM8955,225,2026-06-27T00:17:17Z,2026-06-27T00:17:17Z,0.0
SL7 2FN,SEPD,HV,1,TN0210,106,2026-06-27T21:33:44Z,2026-06-27T21:33:44Z,0.0
SL7 2NL,SEPD,HV,1,TN0210,106,2026-06-27T21:33:44Z,2026-06-27T21:33:44Z,0.0
SL7 2NN,SEPD,HV,1,TN0210,106,2026-06-27T21:33:44Z,2026-06-27T21:33:44Z,0.0
SL7 2NP,SEPD,HV,1,TN0210,106,2026-06-27T21:33:44Z,2026-06-27T21:33:44Z,0.0
SL7 2NR,SEPD,HV,1,TN0210,106,2026-06-27T21:33:44Z,2026-06-27T21:33:44Z,0.0
SL7 2NS,SEPD,HV,1,TN0210,106,2026-06-27T21:33:44Z,2026-06-27T21:33:44Z,0.0
SL7 2NT,SEPD,HV,1,TN0210,106,2026-06-27T21:33:44Z,2026-06-27T21:33:44Z,0.0
SL7 2NU,SEPD,HV,1,TN0210,106,2026-06-27T21:33:44Z,2026-06-27T21:33:44Z,0.0
SL7 2PJ,SEPD,HV,1,TN0210,106,2026-06-27T21:33:44Z,2026-06-27T21:33:44Z,0.0
SL7 2PS,SEPD,HV,1,TN0210,106,2026-06-27T21:33:44Z,2026-06-27T21:33:44Z,0.0
SL7 2PT,SEPD,HV,1,TN0210,106,2026-06-27T21:33:44Z,2026-06-27T21:33:44Z,0.0
SL7 2PU,SEPD,HV,1,TN0210,106,2026-06-27T21:33:44Z,2026-06-27T21:33:44Z,0.0
SL7 2PX,SEPD,HV,1,TN0210,106,2026-06-27T21:33:44Z,2026-06-27T21:33:44Z,0.0
SL7 2PY,SEPD,HV,1,TN0210,106,2026-06-27T21:33:44Z,2026-06-27T21:33:44Z,0.0
SL7 2QA,SEPD,HV,1,TN0210,106,2026-06-27T21:33:44Z,2026-06-27T21:33:44Z,0.0
SL7 2QB,SEPD,HV,1,TN0210,106,2026-06-27T21:33:44Z,2026-06-27T21:33:44Z,0.0
SL7 2QL,SEPD,HV,1,TN0210,106,2026-06-27T21:33:44Z,2026-06-27T21:33:44Z,0.0
SL7 3AE,SEPD,HV,1,TN0210,106,2026-06-27T21:33:44Z,2026-06-27T21:33:44Z,0.0
SL7 3AQ,SEPD,HV,1,TN0210,106,2026-06-27T21:33:44Z,2026-06-27T21:33:44Z,0.0
SL7 3AR,SEPD,HV,1,TN0210,106,2026-06-27T21:33:44Z,2026-06-27T21:33:44Z,0.0
SL7 3AS,SEPD,HV,1,TN0210,106,2026-06-27T21:33:44Z,2026-06-27T21:33:44Z,0.0
SL7 3AT,SEPD,HV,1,TN0210,106,2026-06-27T21:33:44Z,2026-06-27T21:33:44Z,0.0
SL7 3AU,SEPD,HV,1,TN0210,106,2026-06-27T21:33:44Z,2026-06-27T21:33:44Z,0.0
SL7 3AX,SEPD,HV,1,TN0210,106,2026-06-27T21:33:44Z,2026-06-27T21:33:44Z,0.0
SL7 3AY,SEPD,HV,1,TN0210,106,2026-06-27T21:33:44Z,2026-06-27T21:33:44Z,0.0
SL7 3BE,SEPD,HV,1,TN0210,106,2026-06-27T21:33:44Z,2026-06-27T21:33:44Z,0.0
SL7 3BG,SEPD,HV,1,TN0210,106,2026-06-27T21:33:44Z,2026-06-27T21:33:44Z,0.0
SL7 3BT,SEPD,HV,1,TN0210,106,2026-06-27T21:33:44Z,2026-06-27T21:33:44Z,0.0
SL7 3DX,SEPD,HV,1,TN0210,106,2026-06-27T21:33:44Z,2026-06-27T21:33:44Z,0.0
SL7 3HX,SEPD,LV,1,TN0212,51,2026-06-27T21:33:44Z,2026-06-27T21:33:44Z,0.0
SL7 3HZ,SEPD,LV,1,TN0212,51,2026-06-27T21:33:44Z,2026-06-27T21:33:44Z,0.0
SL7 3JH,SEPD,LV,1,TN0212,51,2026-06-27T21:33:44Z,2026-06-27T21:33:44Z,0.0
SL7 3XA,SEPD,HV,1,TN0210,106,2026-06-27T21:33:44Z,2026-06-27T21:33:44Z,0.0
SL7 3XB,SEPD,HV,1,TN0210,106,2026-06-27T21:33:44Z,2026-06-27T21:33:44Z,0.0
SL9 8FF,SEPD,HV,1,TM7887,5,2026-06-26T14:46:38Z,2026-06-26T14:46:38Z,0.0
SL9 8QR,SEPD,HV,1,TM3353,102,2026-06-25T08:03:23Z,2026-06-25T08:03:23Z,0.0
SL9 8TH,SEPD,HV,1,TM7887,5,2026-06-26T14:46:38Z,2026-06-26T14:46:38Z,0.0
SL9 8TJ,SEPD,HV,1,TM7887,5,2026-06-26T14:46:38Z,2026-06-26T14:46:38Z,0.0
SL9 8TL,SEPD,HV,1,TM7887,5,2026-06-26T14:46:38Z,2026-06-26T14:46:38Z,0.0
SL9 8TN,SEPD,HV,1,TM7887,5,2026-06-26T14:46:38Z,2026-06-26T14:46:38Z,0.0
SL9 8TP,SEPD,HV,1,TM7887,5,2026-06-26T14:46:38Z,2026-06-26T14:46:38Z,0.0
SL9 8TR,SEPD,HV,1,TM7887,5,2026-06-26T14:46:38Z,2026-06-26T14:46:38Z,0.0
SL9 8TS,SEPD,HV,1,TM7887,5,2026-06-26T14:46:38Z,2026-06-26T14:46:38Z,0.0
SL9 8TW,SEPD,HV,1,TM7887,5,2026-06-26T14:46:38Z,2026-06-26T14:46:38Z,0.0
SL9 9EW,SEPD,HV,1,TM7887,5,2026-06-26T14:46:38Z,2026-06-26T14:46:38Z,0.0
SL9 9HP,SEPD,HV,1,TM7887,5,2026-06-26T14:46:38Z,2026-06-26T14:46:38Z,0.0
SL9 9HR,SEPD,HV,1,TM7887,5,2026-06-26T14:46:38Z,2026-06-26T14:46:38Z,0.0
SL9 9HT,SEPD,HV,1,TM7887,5,2026-06-26T14:46:38Z,2026-06-26T14:46:38Z,0.0
SL9 9HX,SEPD,HV,1,TM7887,5,2026-06-26T14:46:38Z,2026-06-26T14:46:38Z,0.0
SL9 9HY,SEPD,HV,1,TM7887,5,2026-06-26T14:46:38Z,2026-06-26T14:46:38Z,0.0
SL9 9HZ,SEPD,HV,1,TM7887,5,2026-06-26T14:46:38Z,2026-06-26T14:46:38Z,0.0
SL9 9JA,SEPD,HV,1,TM7887,5,2026-06-26T14:46:38Z,2026-06-26T14:46:38Z,0.0
SL9 9JU,SEPD,HV,1,TM7887,5,2026-06-26T14:46:38Z,2026-06-26T14:46:38Z,0.0
SL9 9JZ,SEPD,HV,1,TM7887,5,2026-06-26T14:46:38Z,2026-06-26T14:46:38Z,0.0
SL9 9LD,SEPD,HV,1,TM3353,102,2026-06-25T08:03:23Z,2026-06-25T08:03:23Z,0.0
SL9 9LE,SEPD,HV,1,TM3353,102,2026-06-25T08:03:23Z,2026-06-25T08:03:23Z,0.0
SL9 9LJ,SEPD,HV,1,TM7887,5,2026-06-26T14:46:38Z,2026-06-26T14:46:38Z,0.0
SL9 9LL,SEPD,HV,1,TM7887,5,2026-06-26T14:46:38Z,2026-06-26T14:46:38Z,0.0
SL9 9LN,SEPD,HV,1,TM7887,5,2026-06-26T14:46:38Z,2026-06-26T14:46:38Z,0.0
SL9 9LQ,SEPD,HV,1,TM3353,102,2026-06-25T08:03:23Z,2026-06-25T08:03:23Z,0.0
SL9 9LR,SEPD,HV,1,TM7887,5,2026-06-26T14:46:38Z,2026-06-26T14:46:38Z,0.0
SL9 9LS,SEPD,HV,1,TM7887,5,2026-06-26T14:46:38Z,2026-06-26T14:46:38Z,0.0
SL9 9LW,SEPD,HV,1,TM7887,5,2026-06-26T14:46:38Z,2026-06-26T14:46:38Z,0.0
SL9 9NX,SEPD,HV,1,TM7887,5,2026-06-26T14:46:38Z,2026-06-26T14:46:38Z,0.0
SL9 9PA,SEPD,HV,1,TM7887,5,2026-06-26T14:46:38Z,2026-06-26T14:46:38Z,0.0
SL9 9PB,SEPD,HV,1,TM7887,5,2026-06-26T14:46:38Z,2026-06-26T14:46:38Z,0.0
SL9 9PD,SEPD,HV,1,TM7887,5,2026-06-26T14:46:38Z,2026-06-26T14:46:38Z,0.0
SL9 9PE,SEPD,HV,1,TM7887,5,2026-06-26T14:46:38Z,2026-06-26T14:46:38Z,0.0
SL9 9PG,SEPD,HV,1,TM7887,5,2026-06-26T14:46:38Z,2026-06-26T14:46:38Z,0.0
SL9 9PH,SEPD,HV,1,TM7887,5,2026-06-26T14:46:38Z,2026-06-26T14:46:38Z,0.0
SL9 9PJ,SEPD,HV,1,TM7887,5,2026-06-26T14:46:38Z,2026-06-26T14:46:38Z,0.0
SL9 9PN,SEPD,HV,1,TM7887,5,2026-06-26T14:46:38Z,2026-06-26T14:46:38Z,0.0
SL9 9PQ,SEPD,HV,1,TM7887,5,2026-06-26T14:46:38Z,2026-06-26T14:46:38Z,0.0
SL9 9PR,SEPD,HV,1,TM7887,5,2026-06-26T14:46:38Z,2026-06-26T14:46:38Z,0.0
SL9 9QX,SEPD,HV,1,TM7887,5,2026-06-26T14:46:38Z,2026-06-26T14:46:38Z,0.0
SL9 9RU,SEPD,HV,1,TM7887,5,2026-06-26T14:46:38Z,2026-06-26T14:46:38Z,0.0
SL9 9RZ,SEPD,HV,1,TM7887,5,2026-06-26T14:46:38Z,2026-06-26T14:46:38Z,0.0
SL9 9SB,SEPD,HV,1,TM7887,5,2026-06-26T14:46:38Z,2026-06-26T14:46:38Z,0.0
SL9 9SD,SEPD,HV,1,TM7887,5,2026-06-26T14:46:38Z,2026-06-26T14:46:38Z,0.0
SL9 9SE,SEPD,HV,1,TM7887,5,2026-06-26T14:46:38Z,2026-06-26T14:46:38Z,0.0
SL9 9SF,SEPD,HV,1,TM7887,5,2026-06-26T14:46:38Z,2026-06-26T14:46:38Z,0.0
SL9 9SG,SEPD,HV,1,TM7887,5,2026-06-26T14:46:38Z,2026-06-26T14:46:38Z,0.0
SL9 9SH,SEPD,HV,1,TM7887,5,2026-06-26T14:46:38Z,2026-06-26T14:46:38Z,0.0
SL9 9SJ,SEPD,HV,1,TM7887,5,2026-06-26T14:46:38Z,2026-06-26T14:46:38Z,0.0
SL9 9SL,SEPD,HV,1,TM7887,5,2026-06-26T14:46:38Z,2026-06-26T14:46:38Z,0.0
SL9 9SN,SEPD,HV,1,TM7887,5,2026-06-26T14:46:38Z,2026-06-26T14:46:38Z,0.0
SL9 9SQ,SEPD,HV,1,TM7887,5,2026-06-26T14:46:38Z,2026-06-26T14:46:38Z,0.0
SL9 9SS,SEPD,HV,1,TM7887,5,2026-06-26T14:46:38Z,2026-06-26T14:46:38Z,0.0
SL9 9SY,SEPD,HV,1,TM7887,5,2026-06-26T14:46:38Z,2026-06-26T14:46:38Z,0.0
SL9 9SZ,SEPD,HV,1,TM7887,5,2026-06-26T14:46:38Z,2026-06-26T14:46:38Z,0.0
SN11 8RA,SEPD,LV,1,TK7526,3,2026-06-22T16:07:52Z,2026-06-22T16:07:52Z,0.0
SN11 8XT,SEPD,LV,1,TK7526,3,2026-06-22T16:07:52Z,2026-06-22T16:07:52Z,0.0
SN14 0RU,SEPD,LV,1,TM4248,5,2026-06-25T13:10:43Z,2026-06-25T13:10:43Z,0.0
SN14 0SB,SEPD,LV,1,TM4248,5,2026-06-25T13:10:43Z,2026-06-25T13:10:43Z,0.0
SN14 6BJ,SEPD,HV,1,TK8230,3,2026-06-22T21:52:49Z,2026-06-22T21:52:49Z,0.0
SN14 6DG,SEPD,HV,1,TK8230,3,2026-06-22T21:52:49Z,2026-06-22T21:52:49Z,0.0
SN14 6HE,SEPD,HV,1,TK8230,3,2026-06-22T21:52:49Z,2026-06-22T21:52:49Z,0.0
SN14 6JE,SEPD,HV,1,TK8230,3,2026-06-22T21:52:49Z,2026-06-22T21:52:49Z,0.0
SN14 6JF,SEPD,HV,1,TK8230,3,2026-06-22T21:52:49Z,2026-06-22T21:52:49Z,0.0
SN14 6JG,SEPD,HV,1,TK8230,3,2026-06-22T21:52:49Z,2026-06-22T21:52:49Z,0.0
SN14 6JH,SEPD,HV,1,TK8230,3,2026-06-22T21:52:49Z,2026-06-22T21:52:49Z,0.0
SN14 6JJ,SEPD,HV,1,TK8230,3,2026-06-22T21:52:49Z,2026-06-22T21:52:49Z,0.0
SN14 6JL,SEPD,HV,1,TK8230,3,2026-06-22T21:52:49Z,2026-06-22T21:52:49Z,0.0
SN14 6JN,SEPD,HV,1,TK8230,3,2026-06-22T21:52:49Z,2026-06-22T21:52:49Z,0.0
SN14 6JQ,SEPD,HV,1,TK8230,3,2026-06-22T21:52:49Z,2026-06-22T21:52:49Z,0.0
SN14 6JW,SEPD,HV,1,TK8230,3,2026-06-22T21:52:49Z,2026-06-22T21:52:49Z,0.0
SN14 6LD,SEPD,HV,1,TK8230,3,2026-06-22T21:52:49Z,2026-06-22T21:52:49Z,0.0
SN14 6LE,SEPD,HV,1,TK8230,3,2026-06-22T21:52:49Z,2026-06-22T21:52:49Z,0.0
SN14 6PU,SEPD,HV,1,TK8230,3,2026-06-22T21:52:49Z,2026-06-22T21:52:49Z,0.0
SN14 6QL,SEPD,HV,1,TK8230,3,2026-06-22T21:52:49Z,2026-06-22T21:52:49Z,0.0
SN14 6RF,SEPD,HV,1,TK8230,3,2026-06-22T21:52:49Z,2026-06-22T21:52:49Z,0.0
SN14 6RL,SEPD,HV,1,TK8230,3,2026-06-22T21:52:49Z,2026-06-22T21:52:49Z,0.0
SN14 7EX,SEPD,HV,1,TK8164,36,2026-06-22T19:46:47Z,2026-06-22T19:46:47Z,0.0
SN14 7HZ,SEPD,HV,1,TK8164,36,2026-06-22T19:46:47Z,2026-06-22T19:46:47Z,0.0
SN14 7JA,SEPD,HV,1,TK8164,36,2026-06-22T19:46:47Z,2026-06-22T19:46:47Z,0.0
SN14 7NA,SEPD,HV,1,TK8230,3,2026-06-22T21:52:49Z,2026-06-22T21:52:49Z,0.0
SN15 3TE,SEPD,LV,1,TM4704,24,2026-06-25T15:45:55Z,2026-06-25T15:45:55Z,0.0
SN15 3TG,SEPD,LV,1,TM4704,24,2026-06-25T15:45:55Z,2026-06-25T15:45:55Z,0.0
SN15 3TH,SEPD,LV,1,TM4704,24,2026-06-25T15:45:55Z,2026-06-25T15:45:55Z,0.0
SN26,SEPD,LV,1,TK8377,29,2026-06-22T21:52:49Z,2026-06-22T21:52:49Z,0.0
SN26 7AB,SEPD,LV,1,TK8377,29,2026-06-22T21:52:49Z,2026-06-22T21:52:49Z,0.0
SN26 7AG,SEPD,LV,1,TK8377,29,2026-06-22T21:52:49Z,2026-06-22T21:52:49Z,0.0
SN26 7AT,SEPD,LV,1,TK8377,29,2026-06-22T21:52:49Z,2026-06-22T21:52:49Z,0.0
SN26 7EA,SEPD,LV,1,TK8377,29,2026-06-22T21:52:49Z,2026-06-22T21:52:49Z,0.0
SN26 8AA,SEPD,LV,1,TK8377,29,2026-06-22T21:52:49Z,2026-06-22T21:52:49Z,0.0
SN26 8AB,SEPD,LV,1,TK8377,29,2026-06-22T21:52:49Z,2026-06-22T21:52:49Z,0.0
SN26 8DJ,SEPD,LV,1,TK8377,29,2026-06-22T21:52:49Z,2026-06-22T21:52:49Z,0.0
SN26 8DN,SEPD,LV,1,TK8377,29,2026-06-22T21:52:49Z,2026-06-22T21:52:49Z,0.0
SN3 1DW,SEPD,LV,1,TN1146,13,2026-06-28T14:53:17Z,2026-06-28T14:53:17Z,0.0
SN3 1ER,SEPD,LV,1,TN1146,13,2026-06-28T14:53:17Z,2026-06-28T14:53:17Z,0.0
SN3 6DL,SEPD,LV,1,TM9646,6,2026-06-27T12:47:44Z,2026-06-27T12:47:44Z,0.0
SN3 6DR,SEPD,LV,1,TM9646,6,2026-06-27T12:47:44Z,2026-06-27T12:47:44Z,0.0
SN4 7RB,SEPD,PSI,1,252536,181,2026-06-24T13:52:53Z,2026-06-24T13:52:53Z,0.0
SN4 7RD,SEPD,PSI,1,252536,181,2026-06-24T13:52:53Z,2026-06-24T13:52:53Z,0.0
SN4 7RE,SEPD,PSI,1,252536,181,2026-06-24T13:52:53Z,2026-06-24T13:52:53Z,0.0
SN4 7RG,SEPD,PSI,1,252536,181,2026-06-24T13:52:53Z,2026-06-24T13:52:53Z,0.0
SN4 7RH,SEPD,PSI,1,252536,181,2026-06-24T13:52:53Z,2026-06-24T13:52:53Z,0.0
SN4 7RL,SEPD,PSI,1,252536,181,2026-06-24T13:52:53Z,2026-06-24T13:52:53Z,0.0
SN4 7RN,SEPD,PSI,1,252536,181,2026-06-24T13:52:53Z,2026-06-24T13:52:53Z,0.0
SN4 7RP,SEPD,PSI,1,252536,181,2026-06-24T13:52:53Z,2026-06-24T13:52:53Z,0.0
SN4 7RQ,SEPD,PSI,1,252536,181,2026-06-24T13:52:53Z,2026-06-24T13:52:53Z,0.0
SN4 7RR,SEPD,PSI,1,252536,181,2026-06-24T13:52:53Z,2026-06-24T13:52:53Z,0.0
SN4 7RT,SEPD,PSI,1,252536,181,2026-06-24T13:52:53Z,2026-06-24T13:52:53Z,0.0
SN4 7RU,SEPD,PSI,1,252536,181,2026-06-24T13:52:53Z,2026-06-24T13:52:53Z,0.0
SN4 7RW,SEPD,PSI,1,252536,181,2026-06-24T13:52:53Z,2026-06-24T13:52:53Z,0.0
SN4 7RX,SEPD,PSI,1,252536,181,2026-06-24T13:52:53Z,2026-06-24T13:52:53Z,0.0
SN4 9QP,SEPD,HV,1,TK8241,2780,2026-06-22T19:46:47Z,2026-06-22T19:46:47Z,0.0
SN5 6EG,SEPD,LV,1,TK7713,35,2026-06-22T23:14:55Z,2026-06-22T23:14:55Z,0.0
SN5 6EH,SEPD,LV,1,TK7713,35,2026-06-22T23:14:55Z,2026-06-22T23:14:55Z,0.0
SN5 6EN,SEPD,LV,1,TK7713,35,2026-06-22T23:14:55Z,2026-06-22T23:14:55Z,0.0
SN5 6EP,SEPD,LV,1,TK7713,35,2026-06-22T23:14:55Z,2026-06-22T23:14:55Z,0.0
SN5 6ER,SEPD,LV,1,TK7713,35,2026-06-22T23:14:55Z,2026-06-22T23:14:55Z,0.0
SN5 6ES,SEPD,LV,1,TK7713,35,2026-06-22T23:14:55Z,2026-06-22T23:14:55Z,0.0
SN5 6EW,SEPD,LV,1,TK7713,35,2026-06-22T23:14:55Z,2026-06-22T23:14:55Z,0.0
SN5 6HD,SEPD,LV,1,TK8547,26,2026-06-22T21:52:49Z,2026-06-22T21:52:49Z,0.0
SN5 6HE,SEPD,LV,1,TK8547,26,2026-06-22T21:52:49Z,2026-06-22T21:52:49Z,0.0
SN5 6HJ,SEPD,LV,1,TK7713,35,2026-06-22T23:14:55Z,2026-06-22T23:14:55Z,0.0
SN5 6HL,SEPD,LV,1,TK7713,35,2026-06-22T23:14:55Z,2026-06-22T23:14:55Z,0.0
SN5 6JA,SEPD,LV,1,TK8547,26,2026-06-22T21:52:49Z,2026-06-22T21:52:49Z,0.0
SN5 6JB,SEPD,LV,1,TK8547,26,2026-06-22T21:52:49Z,2026-06-22T21:52:49Z,0.0
SN5 6JG,SEPD,LV,1,TK8547,26,2026-06-22T21:52:49Z,2026-06-22T21:52:49Z,0.0
SN5 6JH,SEPD,LV,1,TK8547,26,2026-06-22T21:52:49Z,2026-06-22T21:52:49Z,0.0
SN5 6JQ,SEPD,LV,1,TK8547,26,2026-06-22T21:52:49Z,2026-06-22T21:52:49Z,0.0
SN5 7EH,SEPD,LV,1,TK8452,27,2026-06-22T21:52:49Z,2026-06-22T21:52:49Z,0.0
SN5 7EJ,SEPD,LV,1,TK8452,27,2026-06-22T21:52:49Z,2026-06-22T21:52:49Z,0.0
SN5 7EL,SEPD,LV,1,TK8452,27,2026-06-22T21:52:49Z,2026-06-22T21:52:49Z,0.0
SN5 7EQ,SEPD,LV,1,TK8452,27,2026-06-22T21:52:49Z,2026-06-22T21:52:49Z,0.0
SN6 7TJ,SEPD,LV,1,TM2860,17,2026-06-24T21:47:02Z,2026-06-24T21:47:02Z,0.0
SN7 0NY,SEPD,HV,1,TM2431,262,2026-06-24T20:11:22Z,2026-06-24T20:11:22Z,0.0
SN8,SEPD,LV,1,TM7744,16,2026-06-26T16:52:59Z,2026-06-26T16:52:59Z,0.0
SN8 2GZ,SEPD,HV,1,TM9005,209,2026-06-27T00:17:17Z,2026-06-27T00:17:17Z,0.0
SN8 2HA,SEPD,HV,1,TM9005,209,2026-06-27T00:17:17Z,2026-06-27T00:17:17Z,0.0
SN8 2HB,SEPD,HV,1,TM9005,209,2026-06-27T00:17:17Z,2026-06-27T00:17:17Z,0.0
SN8 2HD,SEPD,HV,1,TM9005,209,2026-06-27T00:17:17Z,2026-06-27T00:17:17Z,0.0
SN8 2HL,SEPD,HV,1,TM9005,209,2026-06-27T00:17:17Z,2026-06-27T00:17:17Z,0.0
SN8 2HN,SEPD,HV,1,TM9005,209,2026-06-27T00:17:17Z,2026-06-27T00:17:17Z,0.0
SN8 2HW,SEPD,HV,1,TM9005,209,2026-06-27T00:17:17Z,2026-06-27T00:17:17Z,0.0
SN8 2PA,SEPD,HV,1,TM9005,209,2026-06-27T00:17:17Z,2026-06-27T00:17:17Z,0.0
SN8 2PB,SEPD,HV,1,TM9005,209,2026-06-27T00:17:17Z,2026-06-27T00:17:17Z,0.0
SN8 2PD,SEPD,HV,1,TM9005,209,2026-06-27T00:17:17Z,2026-06-27T00:17:17Z,0.0
SN8 2PE,SEPD,HV,1,TM9005,209,2026-06-27T00:17:17Z,2026-06-27T00:17:17Z,0.0
SN8 2PG,SEPD,HV,1,TM9005,209,2026-06-27T00:17:17Z,2026-06-27T00:17:17Z,0.0
SN8 2PH,SEPD,HV,1,TM9005,209,2026-06-27T00:17:17Z,2026-06-27T00:17:17Z,0.0
SN8 2PQ,SEPD,HV,1,TM9005,209,2026-06-27T00:17:17Z,2026-06-27T00:17:17Z,0.0
SN8 2PS,SEPD,HV,1,TM9005,209,2026-06-27T00:17:17Z,2026-06-27T00:17:17Z,0.0
SN8 2QG,SEPD,HV,1,TM9005,209,2026-06-27T00:17:17Z,2026-06-27T00:17:17Z,0.0
SN8 2QH,SEPD,HV,1,TM9005,209,2026-06-27T00:17:17Z,2026-06-27T00:17:17Z,0.0
SN8 2QJ,SEPD,HV,1,TM9005,209,2026-06-27T00:17:17Z,2026-06-27T00:17:17Z,0.0
SN8 2QL,SEPD,HV,1,TM9005,209,2026-06-27T00:17:17Z,2026-06-27T00:17:17Z,0.0
SN8 2QN,SEPD,HV,1,TM9005,209,2026-06-27T00:17:17Z,2026-06-27T00:17:17Z,0.0
SN8 2QP,SEPD,HV,1,TM9005,209,2026-06-27T00:17:17Z,2026-06-27T00:17:17Z,0.0
SN8 2QQ,SEPD,HV,1,TM9005,209,2026-06-27T00:17:17Z,2026-06-27T00:17:17Z,0.0
SN8 2QR,SEPD,HV,1,TM9005,209,2026-06-27T00:17:17Z,2026-06-27T00:17:17Z,0.0
SN8 2QS,SEPD,HV,1,TM9005,209,2026-06-27T00:17:17Z,2026-06-27T00:17:17Z,0.0
SN8 2QU,SEPD,HV,1,TM9005,209,2026-06-27T00:17:17Z,2026-06-27T00:17:17Z,0.0
SN8 2QW,SEPD,HV,1,TM9005,209,2026-06-27T00:17:17Z,2026-06-27T00:17:17Z,0.0
SN8 2QX,SEPD,HV,1,TM9005,209,2026-06-27T00:17:17Z,2026-06-27T00:17:17Z,0.0
SN8 2QY,SEPD,HV,1,TM9005,209,2026-06-27T00:17:17Z,2026-06-27T00:17:17Z,0.0
SN8 2QZ,SEPD,HV,1,TM9005,209,2026-06-27T00:17:17Z,2026-06-27T00:17:17Z,0.0
SN8 2RA,SEPD,HV,1,TM9005,209,2026-06-27T00:17:17Z,2026-06-27T00:17:17Z,0.0
SN8 2RB,SEPD,HV,1,TM9005,209,2026-06-27T00:17:17Z,2026-06-27T00:17:17Z,0.0
SN8 2RD,SEPD,HV,1,TM9005,209,2026-06-27T00:17:17Z,2026-06-27T00:17:17Z,0.0
SN8 2RE,SEPD,HV,1,TM9005,209,2026-06-27T00:17:17Z,2026-06-27T00:17:17Z,0.0
SN8 2RQ,SEPD,HV,1,TM9005,209,2026-06-27T00:17:17Z,2026-06-27T00:17:17Z,0.0
SN8 2RT,SEPD,HV,1,TM9005,209,2026-06-27T00:17:17Z,2026-06-27T00:17:17Z,0.0
SN8 2RW,SEPD,HV,1,TM9005,209,2026-06-27T00:17:17Z,2026-06-27T00:17:17Z,0.0
SN8 3DH,SEPD,HV,1,TM9005,209,2026-06-27T00:17:17Z,2026-06-27T00:17:17Z,0.0
SN8 3EG,SEPD,HV,1,TN0951,11,2026-06-28T09:47:12Z,2026-06-28T09:47:12Z,0.0
SN8 3FL,SEPD,HV,1,TN0951,11,2026-06-28T09:47:12Z,2026-06-28T09:47:12Z,0.0
SN8 3HP,SEPD,HV,1,TM9005,209,2026-06-27T00:17:17Z,2026-06-27T00:17:17Z,0.0
SN8 3HS,SEPD,HV,1,TM9005,209,2026-06-27T00:17:17Z,2026-06-27T00:17:17Z,0.0
SN8 3HT,SEPD,HV,1,TM9005,209,2026-06-27T00:17:17Z,2026-06-27T00:17:17Z,0.0
SN8 3HU,SEPD,HV,1,TM9005,209,2026-06-27T00:17:17Z,2026-06-27T00:17:17Z,0.0
SN8 3HX,SEPD,HV,1,TM9005,209,2026-06-27T00:17:17Z,2026-06-27T00:17:17Z,0.0
SN8 3HY,SEPD,HV,1,TM9005,209,2026-06-27T00:17:17Z,2026-06-27T00:17:17Z,0.0
SN8 3HZ,SEPD,HV,1,TM9005,209,2026-06-27T00:17:17Z,2026-06-27T00:17:17Z,0.0
SN8 3JA,SEPD,HV,1,TM9005,209,2026-06-27T00:17:17Z,2026-06-27T00:17:17Z,0.0
SN8 3JY,SEPD,HV,1,TM9005,209,2026-06-27T00:17:17Z,2026-06-27T00:17:17Z,0.0
SN8 3LH,SEPD,HV,1,TM9005,209,2026-06-27T00:17:17Z,2026-06-27T00:17:17Z,0.0
SN8 3LJ,SEPD,HV,1,TM9005,209,2026-06-27T00:17:17Z,2026-06-27T00:17:17Z,0.0
SN8 3LL,SEPD,HV,1,TM9005,209,2026-06-27T00:17:17Z,2026-06-27T00:17:17Z,0.0
SN8 3LN,SEPD,HV,1,TM9005,209,2026-06-27T00:17:17Z,2026-06-27T00:17:17Z,0.0
SN8 3PH,SEPD,HV,1,TM9005,209,2026-06-27T00:17:17Z,2026-06-27T00:17:17Z,0.0
SN8 3RQ,SEPD,HV,1,TM9005,209,2026-06-27T00:17:17Z,2026-06-27T00:17:17Z,0.0
SN8 4EY,SEPD,LV,1,TM7744,16,2026-06-26T16:52:59Z,2026-06-26T16:52:59Z,0.0
SN8 4EZ,SEPD,LV,1,TM7744,16,2026-06-26T16:52:59Z,2026-06-26T16:52:59Z,0.0
SN8 4HA,SEPD,LV,1,TM7744,16,2026-06-26T16:52:59Z,2026-06-26T16:52:59Z,0.0
SN8 4NE,SEPD,HV,1,TM9005,209,2026-06-27T00:17:17Z,2026-06-27T00:17:17Z,0.0
SN8 4NG,SEPD,HV,1,TM9005,209,2026-06-27T00:17:17Z,2026-06-27T00:17:17Z,0.0
SN8 4PH,SEPD,LV,1,TM7744,16,2026-06-26T16:52:59Z,2026-06-26T16:52:59Z,0.0
SO14 3GP,SEPD,LV,1,TK8897,22,2026-06-23T08:50:42Z,2026-06-23T08:50:42Z,0.0
SO14 3GQ,SEPD,LV,1,TK8897,22,2026-06-23T08:50:42Z,2026-06-23T08:50:42Z,0.0
SO14 3GR,SEPD,LV,1,TK8897,22,2026-06-23T08:50:42Z,2026-06-23T08:50:42Z,0.0
SO15 5PJ,SEPD,LV,1,TK6815,13,2026-06-21T21:48:03Z,2026-06-21T21:48:03Z,0.0
SO15 5PN,SEPD,LV,1,TK6815,13,2026-06-21T21:48:03Z,2026-06-21T21:48:03Z,0.0
SO16 8EB,SEPD,LV,1,TM1999,12,2026-06-24T18:12:03Z,2026-06-24T18:12:03Z,0.0
SO16 8FE,SEPD,LV,1,TN0120,27,2026-06-27T20:17:28Z,2026-06-27T20:17:28Z,0.0
SO16 8FF,SEPD,LV,1,TN0120,27,2026-06-27T20:17:28Z,2026-06-27T20:17:28Z,0.0
SO16 8FJ,SEPD,LV,1,TN0120,27,2026-06-27T20:17:28Z,2026-06-27T20:17:28Z,0.0
SO16 8FN,SEPD,LV,1,TN0120,27,2026-06-27T20:17:28Z,2026-06-27T20:17:28Z,0.0
SO16 8HQ,SEPD,LV,1,TN0120,27,2026-06-27T20:17:28Z,2026-06-27T20:17:28Z,0.0
SO16 8HU,SEPD,LV,1,TN0120,27,2026-06-27T20:17:28Z,2026-06-27T20:17:28Z,0.0
SO18 3HY,SEPD,LV,1,TM9068,28,2026-06-27T00:17:17Z,2026-06-27T00:17:17Z,0.0
SO18 3LH,SEPD,LV,1,TM9068,28,2026-06-27T00:17:17Z,2026-06-27T00:17:17Z,0.0
SO18 3LJ,SEPD,LV,1,TM9068,28,2026-06-27T00:17:17Z,2026-06-27T00:17:17Z,0.0
SO18 3LL,SEPD,LV,1,TM9068,28,2026-06-27T00:17:17Z,2026-06-27T00:17:17Z,0.0
SO18 3LN,SEPD,LV,1,TM9068,28,2026-06-27T00:17:17Z,2026-06-27T00:17:17Z,0.0
SO18 3LP,SEPD,LV,1,TM9068,28,2026-06-27T00:17:17Z,2026-06-27T00:17:17Z,0.0
SO18 3NF,SEPD,LV,1,TM9068,28,2026-06-27T00:17:17Z,2026-06-27T00:17:17Z,0.0
SO19 4ED,SEPD,LV,1,TK6830,8,2026-06-21T22:54:34Z,2026-06-21T22:54:34Z,0.0
SO20 6HA,SEPD,HV,1,TM4015,49,2026-06-25T13:10:43Z,2026-06-25T13:10:43Z,0.0
SO21 1DB,SEPD,HV,1,TM3045,160,2026-06-25T00:19:00Z,2026-06-25T00:19:00Z,0.0
SO21 1DF,SEPD,HV,1,TM3045,160,2026-06-25T00:19:00Z,2026-06-25T00:19:00Z,0.0
SO21 1ED,SEPD,HV,1,TM3045,160,2026-06-25T00:19:00Z,2026-06-25T00:19:00Z,0.0
SO21 1EH,SEPD,HV,1,TM3045,160,2026-06-25T00:19:00Z,2026-06-25T00:19:00Z,0.0
SO21 1EQ,SEPD,HV,1,TM3045,160,2026-06-25T00:19:00Z,2026-06-25T00:19:00Z,0.0
SO21 1ER,SEPD,HV,1,TM3045,160,2026-06-25T00:19:00Z,2026-06-25T00:19:00Z,0.0
SO21 1ES,SEPD,HV,1,TM3045,160,2026-06-25T00:19:00Z,2026-06-25T00:19:00Z,0.0
SO21 1EU,SEPD,HV,1,TM3045,160,2026-06-25T00:19:00Z,2026-06-25T00:19:00Z,0.0
SO21 2EE,SEPD,HV,1,TM3238,192,2026-06-25T04:38:26Z,2026-06-25T04:38:26Z,0.0
SO21 2EF,SEPD,HV,1,TM3238,192,2026-06-25T04:38:26Z,2026-06-25T04:38:26Z,0.0
SO21 2EG,SEPD,HV,1,TM3238,192,2026-06-25T04:38:26Z,2026-06-25T04:38:26Z,0.0
SO21 2EH,SEPD,HV,1,TM3238,192,2026-06-25T04:38:26Z,2026-06-25T04:38:26Z,0.0
SO21 2EJ,SEPD,HV,1,TM3238,192,2026-06-25T04:38:26Z,2026-06-25T04:38:26Z,0.0
SO21 2EP,SEPD,HV,1,TM3238,192,2026-06-25T04:38:26Z,2026-06-25T04:38:26Z,0.0
SO21 2EQ,SEPD,HV,1,TM3238,192,2026-06-25T04:38:26Z,2026-06-25T04:38:26Z,0.0
SO21 2ER,SEPD,HV,1,TM3238,192,2026-06-25T04:38:26Z,2026-06-25T04:38:26Z,0.0
SO21 2ES,SEPD,HV,1,TM3238,192,2026-06-25T04:38:26Z,2026-06-25T04:38:26Z,0.0
SO21 2ET,SEPD,HV,1,TM3238,192,2026-06-25T04:38:26Z,2026-06-25T04:38:26Z,0.0
SO21 2EU,SEPD,HV,1,TM3238,192,2026-06-25T04:38:26Z,2026-06-25T04:38:26Z,0.0
SO21 2FA,SEPD,HV,1,TM3238,192,2026-06-25T04:38:26Z,2026-06-25T04:38:26Z,0.0
SO22 4JF,SEPD,LV,1,TM5012,11,2026-06-25T20:16:59Z,2026-06-25T20:16:59Z,0.0
SO23 8FF,SEPD,LV,1,TM3031,45,2026-06-25T00:19:00Z,2026-06-25T00:19:00Z,0.0
SO23 8SJ,SEPD,LV,1,TM3031,45,2026-06-25T00:19:00Z,2026-06-25T00:19:00Z,0.0
SO23 8SP,SEPD,LV,1,TM3031,45,2026-06-25T00:19:00Z,2026-06-25T00:19:00Z,0.0
SO23 8SR,SEPD,LV,1,TM3031,45,2026-06-25T00:19:00Z,2026-06-25T00:19:00Z,0.0
SO23 8SX,SEPD,LV,1,TM3031,45,2026-06-25T00:19:00Z,2026-06-25T00:19:00Z,0.0
SO23 8SZ,SEPD,LV,1,TM3031,45,2026-06-25T00:19:00Z,2026-06-25T00:19:00Z,0.0
SO23 8TA,SEPD,LV,1,TM3031,45,2026-06-25T00:19:00Z,2026-06-25T00:19:00Z,0.0
SO23 9EJ,SEPD,LV,1,TM3031,45,2026-06-25T00:19:00Z,2026-06-25T00:19:00Z,0.0
SO23 9LS,SEPD,HV,1,TM9490,31,2026-06-27T11:17:03Z,2026-06-27T11:17:03Z,0.0
SO23 9PA,SEPD,HV,1,TM9490,31,2026-06-27T11:17:03Z,2026-06-27T11:17:03Z,0.0
SO24,SEPD,PSI,1,252506,137,2026-06-25T13:10:43Z,2026-06-25T13:10:43Z,0.0
SO24 0EQ,SEPD,PSI,1,252506,137,2026-06-25T13:10:43Z,2026-06-25T13:10:43Z,0.0
SO24 0FA,SEPD,PSI,1,252506,137,2026-06-25T13:10:43Z,2026-06-25T13:10:43Z,0.0
SO24 0HA,SEPD,PSI,1,252506,137,2026-06-25T13:10:43Z,2026-06-25T13:10:43Z,0.0
SO24 0HB,SEPD,PSI,1,252506,137,2026-06-25T13:10:43Z,2026-06-25T13:10:43Z,0.0
SO24 0HD,SEPD,PSI,1,252506,137,2026-06-25T13:10:43Z,2026-06-25T13:10:43Z,0.0
SO24 0HE,SEPD,PSI,1,252506,137,2026-06-25T13:10:43Z,2026-06-25T13:10:43Z,0.0
SO24 0HG,SEPD,PSI,1,252506,137,2026-06-25T13:10:43Z,2026-06-25T13:10:43Z,0.0
SO24 0HH,SEPD,PSI,1,252506,137,2026-06-25T13:10:43Z,2026-06-25T13:10:43Z,0.0
SO24 0HJ,SEPD,PSI,1,252506,137,2026-06-25T13:10:43Z,2026-06-25T13:10:43Z,0.0
SO24 0HQ,SEPD,PSI,1,252506,137,2026-06-25T13:10:43Z,2026-06-25T13:10:43Z,0.0
SO24 9TD,SEPD,HV,1,TM1815,17,2026-06-24T16:12:37Z,2026-06-24T16:12:37Z,0.0
SO30 2AU,SEPD,LV,1,TM3251,9,2026-06-25T08:03:23Z,2026-06-25T08:03:23Z,0.0
SO30 2HE,SEPD,LV,1,TM3251,9,2026-06-25T08:03:23Z,2026-06-25T08:03:23Z,0.0
SO30 2RA,SEPD,LV,1,TM3251,9,2026-06-25T08:03:23Z,2026-06-25T08:03:23Z,0.0
SO32 1HL,SEPD,PSI,1,251044,18,2026-06-26T12:04:15Z,2026-06-26T12:04:15Z,0.0
SO32 1HN,SEPD,PSI,1,251044,18,2026-06-26T12:04:15Z,2026-06-26T12:04:15Z,0.0
SO32 1HQ,SEPD,PSI,1,251044,18,2026-06-26T12:04:15Z,2026-06-26T12:04:15Z,0.0
SO40 3BY,SEPD,LV,1,TK9286,18,2026-06-23T11:50:26Z,2026-06-23T11:50:26Z,0.0
SO40 3DE,SEPD,LV,1,TK9286,18,2026-06-23T11:50:26Z,2026-06-23T11:50:26Z,0.0
SO40 3DP,SEPD,LV,1,TK9286,18,2026-06-23T11:50:26Z,2026-06-23T11:50:26Z,0.0
SO40 7AZ,SEPD,HV,1,TK6546,118,2026-06-21T18:50:32Z,2026-06-21T18:50:32Z,0.0
SO40 7BD,SEPD,HV,1,TK6546,118,2026-06-21T18:50:32Z,2026-06-21T18:50:32Z,0.0
SO40 7BN,SEPD,HV,1,TK6546,118,2026-06-21T18:50:32Z,2026-06-21T18:50:32Z,0.0
SO40 7BP,SEPD,HV,1,TK6546,118,2026-06-21T18:50:32Z,2026-06-21T18:50:32Z,0.0
SO40 7BQ,SEPD,HV,1,TK6546,118,2026-06-21T18:50:32Z,2026-06-21T18:50:32Z,0.0
SO40 7BR,SEPD,HV,1,TK6546,118,2026-06-21T18:50:32Z,2026-06-21T18:50:32Z,0.0
SO40 7BS,SEPD,HV,1,TK6546,118,2026-06-21T18:50:32Z,2026-06-21T18:50:32Z,0.0
SO40 7BT,SEPD,HV,1,TK6546,118,2026-06-21T18:50:32Z,2026-06-21T18:50:32Z,0.0
SO40 7BW,SEPD,HV,1,TK6546,118,2026-06-21T18:50:32Z,2026-06-21T18:50:32Z,0.0
SO40 7FD,SEPD,HV,1,TK6546,118,2026-06-21T18:50:32Z,2026-06-21T18:50:32Z,0.0
SO40 7FE,SEPD,HV,1,TK6546,118,2026-06-21T18:50:32Z,2026-06-21T18:50:32Z,0.0
SO40 8BZ,SEPD,LV,1,TK9286,18,2026-06-23T11:50:26Z,2026-06-23T11:50:26Z,0.0
SO40 8DD,SEPD,LV,1,TK9286,18,2026-06-23T11:50:26Z,2026-06-23T11:50:26Z,0.0
SO40 8DQ,SEPD,LV,1,TK9286,18,2026-06-23T11:50:26Z,2026-06-23T11:50:26Z,0.0
SO40 8DS,SEPD,LV,1,TK9286,18,2026-06-23T11:50:26Z,2026-06-23T11:50:26Z,0.0
SO40 8DX,SEPD,LV,1,TK9286,18,2026-06-23T11:50:26Z,2026-06-23T11:50:26Z,0.0
SO41 0AB,SEPD,LV,1,TM9057,33,2026-06-27T00:17:17Z,2026-06-27T00:17:17Z,0.0
SO41 0AD,SEPD,LV,1,TM9057,33,2026-06-27T00:17:17Z,2026-06-27T00:17:17Z,0.0
SO41 0AH,SEPD,LV,1,TM9057,33,2026-06-27T00:17:17Z,2026-06-27T00:17:17Z,0.0
SO41 0AW,SEPD,HV,1,TM0195,45,2026-06-23T18:57:17Z,2026-06-23T18:57:17Z,0.0
SO41 0AX,SEPD,LV,1,TM9057,33,2026-06-27T00:17:17Z,2026-06-27T00:17:17Z,0.0
SO41 0FB,SEPD,HV,1,TM0195,45,2026-06-23T18:57:17Z,2026-06-23T18:57:17Z,0.0
SO41 0FD,SEPD,HV,1,TM0195,45,2026-06-23T18:57:17Z,2026-06-23T18:57:17Z,0.0
SO41 0FH,SEPD,HV,1,TM0195,45,2026-06-23T18:57:17Z,2026-06-23T18:57:17Z,0.0
SO41 0FT,SEPD,HV,1,TM0195,45,2026-06-23T18:57:17Z,2026-06-23T18:57:17Z,0.0
SO41 0FY,SEPD,HV,1,TM0195,45,2026-06-23T18:57:17Z,2026-06-23T18:57:17Z,0.0
SO41 0GZ,SEPD,HV,1,TM0195,45,2026-06-23T18:57:17Z,2026-06-23T18:57:17Z,0.0
SO41 0HD,SEPD,HV,1,TM0195,45,2026-06-23T18:57:17Z,2026-06-23T18:57:17Z,0.0
SO41 0HE,SEPD,HV,1,TM0195,45,2026-06-23T18:57:17Z,2026-06-23T18:57:17Z,0.0
SO41 0HG,SEPD,HV,1,TM0195,45,2026-06-23T18:57:17Z,2026-06-23T18:57:17Z,0.0
SO41 0HH,SEPD,HV,1,TM0195,45,2026-06-23T18:57:17Z,2026-06-23T18:57:17Z,0.0
SO41 0HJ,SEPD,HV,1,TM0195,45,2026-06-23T18:57:17Z,2026-06-23T18:57:17Z,0.0
SO41 0HL,SEPD,HV,1,TM0195,45,2026-06-23T18:57:17Z,2026-06-23T18:57:17Z,0.0
SO41 0HN,SEPD,HV,1,TM0195,45,2026-06-23T18:57:17Z,2026-06-23T18:57:17Z,0.0
SO41 0HP,SEPD,HV,1,TM0195,45,2026-06-23T18:57:17Z,2026-06-23T18:57:17Z,0.0
SO41 0HQ,SEPD,HV,1,TM0195,45,2026-06-23T18:57:17Z,2026-06-23T18:57:17Z,0.0
SO41 0HR,SEPD,HV,1,TM0195,45,2026-06-23T18:57:17Z,2026-06-23T18:57:17Z,0.0
SO41 0HS,SEPD,HV,1,TM0195,45,2026-06-23T18:57:17Z,2026-06-23T18:57:17Z,0.0
SO41 0HT,SEPD,HV,1,TM0195,45,2026-06-23T18:57:17Z,2026-06-23T18:57:17Z,0.0
SO41 0HX,SEPD,HV,1,TM0195,45,2026-06-23T18:57:17Z,2026-06-23T18:57:17Z,0.0
SO41 0QD,SEPD,LV,1,TM9057,33,2026-06-27T00:17:17Z,2026-06-27T00:17:17Z,0.0
SO41 0QE,SEPD,LV,1,TM9057,33,2026-06-27T00:17:17Z,2026-06-27T00:17:17Z,0.0
SO41 0QG,SEPD,LV,1,TM9057,33,2026-06-27T00:17:17Z,2026-06-27T00:17:17Z,0.0
SO41 0QL,SEPD,HV,1,TM2529,74,2026-06-24T20:11:22Z,2026-06-24T20:11:22Z,0.0
SO41 0QN,SEPD,HV,1,TM2529,74,2026-06-24T20:11:22Z,2026-06-24T20:11:22Z,0.0
SO41 0QU,SEPD,LV,1,TM9057,33,2026-06-27T00:17:17Z,2026-06-27T00:17:17Z,0.0
SO41 0QW,SEPD,LV,1,TM9057,33,2026-06-27T00:17:17Z,2026-06-27T00:17:17Z,0.0
SO41 0QY,SEPD,LV,1,TM9057,33,2026-06-27T00:17:17Z,2026-06-27T00:17:17Z,0.0
SO41 0RF,SEPD,HV,1,TM2529,74,2026-06-24T20:11:22Z,2026-06-24T20:11:22Z,0.0
SO41 0RG,SEPD,HV,1,TM2529,74,2026-06-24T20:11:22Z,2026-06-24T20:11:22Z,0.0
SO41 0RH,SEPD,HV,1,TM2529,74,2026-06-24T20:11:22Z,2026-06-24T20:11:22Z,0.0
SO41 0SU,SEPD,HV,1,TM2529,74,2026-06-24T20:11:22Z,2026-06-24T20:11:22Z,0.0
SO41 0TH,SEPD,LV,1,TM2567,21,2026-06-24T20:11:22Z,2026-06-24T20:11:22Z,0.0
SO41 0TJ,SEPD,LV,1,TM2567,21,2026-06-24T20:11:22Z,2026-06-24T20:11:22Z,0.0
SO41 0TL,SEPD,LV,1,TM2567,21,2026-06-24T20:11:22Z,2026-06-24T20:11:22Z,0.0
SO41 0TN,SEPD,LV,1,TM2567,21,2026-06-24T20:11:22Z,2026-06-24T20:11:22Z,0.0
SO41 0TQ,SEPD,LV,1,TM2615,13,2026-06-24T20:11:22Z,2026-06-24T20:11:22Z,0.0
SO41 0TR,SEPD,LV,1,TM2615,13,2026-06-24T20:11:22Z,2026-06-24T20:11:22Z,0.0
SO41 0TT,SEPD,HV,1,TM2529,74,2026-06-24T20:11:22Z,2026-06-24T20:11:22Z,0.0
SO41 0UN,SEPD,LV,1,TM2615,13,2026-06-24T20:11:22Z,2026-06-24T20:11:22Z,0.0
SO41 0XJ,SEPD,HV,1,TM0195,45,2026-06-23T18:57:17Z,2026-06-23T18:57:17Z,0.0
SO41 6EL,SEPD,PSI,1,252150,5,2026-06-23T11:50:26Z,2026-06-23T11:50:26Z,0.0
SO42 7XG,SEPD,HV,1,TM4365,34,2026-06-25T13:10:43Z,2026-06-25T13:10:43Z,0.0
SO42 7XH,SEPD,HV,1,TM4365,34,2026-06-25T13:10:43Z,2026-06-25T13:10:43Z,0.0
SO42 7XJ,SEPD,HV,1,TM4365,34,2026-06-25T13:10:43Z,2026-06-25T13:10:43Z,0.0
SO42 7YL,SEPD,PSI,1,252254,3,2026-06-22T11:21:18Z,2026-06-22T11:21:18Z,0.0
SO43 7BD,SEPD,LV,1,TN1187,12,2026-06-28T14:53:17Z,2026-06-28T14:53:17Z,0.0
SO43 7BE,SEPD,LV,1,TN1187,12,2026-06-28T14:53:17Z,2026-06-28T14:53:17Z,0.0
SO43 7NX,SEPD,LV,1,TN1187,12,2026-06-28T14:53:17Z,2026-06-28T14:53:17Z,0.0
SO50 4PB,SEPD,LV,1,TM0929,13,2026-06-24T11:34:27Z,2026-06-24T11:34:27Z,0.0
SO50 4PD,SEPD,LV,1,TM0929,13,2026-06-24T11:34:27Z,2026-06-24T11:34:27Z,0.0
SO50 4QA,SEPD,LV,1,TM0929,13,2026-06-24T11:34:27Z,2026-06-24T11:34:27Z,0.0
SO50 4QQ,SEPD,LV,1,TM0929,13,2026-06-24T11:34:27Z,2026-06-24T11:34:27Z,0.0
SO50 4RE,SEPD,LV,1,TM0929,13,2026-06-24T11:34:27Z,2026-06-24T11:34:27Z,0.0
SO50 4RW,SEPD,LV,1,TM0929,13,2026-06-24T11:34:27Z,2026-06-24T11:34:27Z,0.0
SO51 9DE,SEPD,LV,1,TM1663,16,2026-06-24T16:12:37Z,2026-06-24T16:12:37Z,0.0
SO53 1HQ,SEPD,LV,1,TM7025,49,2026-06-26T12:04:15Z,2026-06-26T12:04:15Z,0.0
SO53 1HR,SEPD,LV,1,TM7025,49,2026-06-26T12:04:15Z,2026-06-26T12:04:15Z,0.0
SO53 1HS,SEPD,LV,1,TM7025,49,2026-06-26T12:04:15Z,2026-06-26T12:04:15Z,0.0
SO53 1HT,SEPD,LV,1,TM7025,49,2026-06-26T12:04:15Z,2026-06-26T12:04:15Z,0.0
SO53 1LD,SEPD,LV,1,TM7025,49,2026-06-26T12:04:15Z,2026-06-26T12:04:15Z,0.0
SO53 1LE,SEPD,LV,1,TM7025,49,2026-06-26T12:04:15Z,2026-06-26T12:04:15Z,0.0
SO53 1LF,SEPD,LV,1,TM7025,49,2026-06-26T12:04:15Z,2026-06-26T12:04:15Z,0.0
SO53 1LG,SEPD,LV,1,TM7025,49,2026-06-26T12:04:15Z,2026-06-26T12:04:15Z,0.0
SO53 1LH,SEPD,LV,1,TM7025,49,2026-06-26T12:04:15Z,2026-06-26T12:04:15Z,0.0
SO53 1LJ,SEPD,LV,1,TM7025,49,2026-06-26T12:04:15Z,2026-06-26T12:04:15Z,0.0
SO53 1LL,SEPD,LV,1,TM7025,49,2026-06-26T12:04:15Z,2026-06-26T12:04:15Z,0.0
SO53 1LN,SEPD,LV,1,TM7025,49,2026-06-26T12:04:15Z,2026-06-26T12:04:15Z,0.0
SO53 1LP,SEPD,LV,1,TM7025,49,2026-06-26T12:04:15Z,2026-06-26T12:04:15Z,0.0
SO53 1LQ,SEPD,LV,1,TM7025,49,2026-06-26T12:04:15Z,2026-06-26T12:04:15Z,0.0
SO53 1LR,SEPD,LV,1,TM7025,49,2026-06-26T12:04:15Z,2026-06-26T12:04:15Z,0.0
SO53 1LT,SEPD,LV,1,TM7025,49,2026-06-26T12:04:15Z,2026-06-26T12:04:15Z,0.0
SO53 1NA,SEPD,LV,1,TM7025,49,2026-06-26T12:04:15Z,2026-06-26T12:04:15Z,0.0
SO53 1NE,SEPD,LV,1,TM7025,49,2026-06-26T12:04:15Z,2026-06-26T12:04:15Z,0.0
SO53 5NG,SEPD,LV,1,TM1663,16,2026-06-24T16:12:37Z,2026-06-24T16:12:37Z,0.0
SO53 5NQ,SEPD,LV,1,TM7025,49,2026-06-26T12:04:15Z,2026-06-26T12:04:15Z,0.0
SO53 5PA,SEPD,LV,1,TM1663,16,2026-06-24T16:12:37Z,2026-06-24T16:12:37Z,0.0
SO53 5PB,SEPD,LV,1,TM1663,16,2026-06-24T16:12:37Z,2026-06-24T16:12:37Z,0.0
SO53 5PE,SEPD,LV,1,TM1663,16,2026-06-24T16:12:37Z,2026-06-24T16:12:37Z,0.0
SO53 5PN,SEPD,LV,1,TM1663,16,2026-06-24T16:12:37Z,2026-06-24T16:12:37Z,0.0
SP11 0LL,SEPD,HV,1,TN0951,11,2026-06-28T09:47:12Z,2026-06-28T09:47:12Z,0.0
SP11 9AL,SEPD,HV,1,TN0951,11,2026-06-28T09:47:12Z,2026-06-28T09:47:12Z,0.0
SP11 9AN,SEPD,HV,1,TN0951,11,2026-06-28T09:47:12Z,2026-06-28T09:47:12Z,0.0
SP11 9AP,SEPD,HV,1,TN0951,11,2026-06-28T09:47:12Z,2026-06-28T09:47:12Z,0.0
SP11 9AR,SEPD,HV,1,TN0951,11,2026-06-28T09:47:12Z,2026-06-28T09:47:12Z,0.0
SP11 9AS,SEPD,HV,1,TN0951,11,2026-06-28T09:47:12Z,2026-06-28T09:47:12Z,0.0
SP11 9AT,SEPD,HV,1,TN0951,11,2026-06-28T09:47:12Z,2026-06-28T09:47:12Z,0.0
SP11 9AU,SEPD,HV,1,TN0951,11,2026-06-28T09:47:12Z,2026-06-28T09:47:12Z,0.0
SP11 9AW,SEPD,HV,1,TN0951,11,2026-06-28T09:47:12Z,2026-06-28T09:47:12Z,0.0
SP11 9AX,SEPD,HV,1,TN0951,11,2026-06-28T09:47:12Z,2026-06-28T09:47:12Z,0.0
SP11 9AY,SEPD,HV,1,TN0951,11,2026-06-28T09:47:12Z,2026-06-28T09:47:12Z,0.0
SP11 9AZ,SEPD,HV,1,TN0951,11,2026-06-28T09:47:12Z,2026-06-28T09:47:12Z,0.0
SP11 9BA,SEPD,HV,1,TN0951,11,2026-06-28T09:47:12Z,2026-06-28T09:47:12Z,0.0
SP11 9BH,SEPD,HV,1,TN0951,11,2026-06-28T09:47:12Z,2026-06-28T09:47:12Z,0.0
SP11 9DE,SEPD,HV,1,TN0951,11,2026-06-28T09:47:12Z,2026-06-28T09:47:12Z,0.0
SP11 9DF,SEPD,HV,1,TN0951,11,2026-06-28T09:47:12Z,2026-06-28T09:47:12Z,0.0
SP11 9DG,SEPD,HV,1,TN0951,11,2026-06-28T09:47:12Z,2026-06-28T09:47:12Z,0.0
SP11 9DJ,SEPD,HV,1,TN0951,11,2026-06-28T09:47:12Z,2026-06-28T09:47:12Z,0.0
SP11 9DL,SEPD,HV,1,TN0951,11,2026-06-28T09:47:12Z,2026-06-28T09:47:12Z,0.0
SP11 9DN,SEPD,HV,1,TN0951,11,2026-06-28T09:47:12Z,2026-06-28T09:47:12Z,0.0
SP11 9DP,SEPD,HV,1,TN0951,11,2026-06-28T09:47:12Z,2026-06-28T09:47:12Z,0.0
SP11 9DQ,SEPD,HV,1,TN0951,11,2026-06-28T09:47:12Z,2026-06-28T09:47:12Z,0.0
SP11 9DR,SEPD,HV,1,TN0951,11,2026-06-28T09:47:12Z,2026-06-28T09:47:12Z,0.0
SP11 9DS,SEPD,HV,1,TN0951,11,2026-06-28T09:47:12Z,2026-06-28T09:47:12Z,0.0
SP11 9DT,SEPD,HV,1,TN0951,11,2026-06-28T09:47:12Z,2026-06-28T09:47:12Z,0.0
SP11 9DU,SEPD,HV,1,TN0951,11,2026-06-28T09:47:12Z,2026-06-28T09:47:12Z,0.0
SP11 9DW,SEPD,HV,1,TN0951,11,2026-06-28T09:47:12Z,2026-06-28T09:47:12Z,0.0
SP11 9DX,SEPD,HV,1,TN0951,11,2026-06-28T09:47:12Z,2026-06-28T09:47:12Z,0.0
SP11 9DY,SEPD,HV,1,TN0951,11,2026-06-28T09:47:12Z,2026-06-28T09:47:12Z,0.0
SP11 9DZ,SEPD,HV,1,TN0951,11,2026-06-28T09:47:12Z,2026-06-28T09:47:12Z,0.0
SP11 9EA,SEPD,HV,1,TN0951,11,2026-06-28T09:47:12Z,2026-06-28T09:47:12Z,0.0
SP11 9EB,SEPD,HV,1,TN0951,11,2026-06-28T09:47:12Z,2026-06-28T09:47:12Z,0.0
SP11 9ED,SEPD,HV,1,TN0951,11,2026-06-28T09:47:12Z,2026-06-28T09:47:12Z,0.0
SP11 9EE,SEPD,HV,1,TN0951,11,2026-06-28T09:47:12Z,2026-06-28T09:47:12Z,0.0
SP11 9EF,SEPD,HV,1,TN0951,11,2026-06-28T09:47:12Z,2026-06-28T09:47:12Z,0.0
SP11 9EG,SEPD,HV,1,TN0951,11,2026-06-28T09:47:12Z,2026-06-28T09:47:12Z,0.0
SP11 9EH,SEPD,HV,1,TN0951,11,2026-06-28T09:47:12Z,2026-06-28T09:47:12Z,0.0
SP11 9EJ,SEPD,HV,1,TN0951,11,2026-06-28T09:47:12Z,2026-06-28T09:47:12Z,0.0
SP11 9EL,SEPD,HV,1,TN0951,11,2026-06-28T09:47:12Z,2026-06-28T09:47:12Z,0.0
SP11 9EN,SEPD,HV,1,TN0951,11,2026-06-28T09:47:12Z,2026-06-28T09:47:12Z,0.0
SP11 9EP,SEPD,HV,1,TN0951,11,2026-06-28T09:47:12Z,2026-06-28T09:47:12Z,0.0
SP11 9EQ,SEPD,HV,1,TN0951,11,2026-06-28T09:47:12Z,2026-06-28T09:47:12Z,0.0
SP11 9ER,SEPD,HV,1,TN0951,11,2026-06-28T09:47:12Z,2026-06-28T09:47:12Z,0.0
SP11 9ES,SEPD,HV,1,TN0951,11,2026-06-28T09:47:12Z,2026-06-28T09:47:12Z,0.0
SP11 9ET,SEPD,HV,1,TN0951,11,2026-06-28T09:47:12Z,2026-06-28T09:47:12Z,0.0
SP11 9EW,SEPD,HV,1,TN0951,11,2026-06-28T09:47:12Z,2026-06-28T09:47:12Z,0.0
SP11 9EZ,SEPD,HV,1,TN0951,11,2026-06-28T09:47:12Z,2026-06-28T09:47:12Z,0.0
SP11 9HG,SEPD,HV,1,TN0951,11,2026-06-28T09:47:12Z,2026-06-28T09:47:12Z,0.0
SP11 9QE,SEPD,HV,1,TN0951,11,2026-06-28T09:47:12Z,2026-06-28T09:47:12Z,0.0
SP2 7LR,SEPD,LV,1,TK7451,13,2026-06-22T19:46:47Z,2026-06-22T19:46:47Z,0.0
SP3 4AT,SEPD,HV,1,TM3275,729,2026-06-25T08:03:23Z,2026-06-25T08:03:23Z,0.0
SP3 6QT,SEPD,PSI,1,252504,5,2026-06-25T10:51:36Z,2026-06-25T10:51:36Z,0.0
SP4 9BY,SEPD,LV,1,TM1450,5,2026-06-24T16:12:37Z,2026-06-24T16:12:37Z,0.0
SP5 4BP,SEPD,HV,1,TM3275,729,2026-06-25T08:03:23Z,2026-06-25T08:03:23Z,0.0
SP5 4BS,SEPD,HV,1,TM3275,729,2026-06-25T08:03:23Z,2026-06-25T08:03:23Z,0.0
SP5 4BT,SEPD,HV,1,TM3275,729,2026-06-25T08:03:23Z,2026-06-25T08:03:23Z,0.0
SP5 4BU,SEPD,HV,1,TM3275,729,2026-06-25T08:03:23Z,2026-06-25T08:03:23Z,0.0
SP5 4BW,SEPD,HV,1,TM3275,729,2026-06-25T08:03:23Z,2026-06-25T08:03:23Z,0.0
SP5 4BY,SEPD,HV,1,TM3275,729,2026-06-25T08:03:23Z,2026-06-25T08:03:23Z,0.0
SP5 4BZ,SEPD,HV,1,TM3275,729,2026-06-25T08:03:23Z,2026-06-25T08:03:23Z,0.0
SP5 4DA,SEPD,HV,1,TM3275,729,2026-06-25T08:03:23Z,2026-06-25T08:03:23Z,0.0
SP5 4DB,SEPD,HV,1,TM3275,729,2026-06-25T08:03:23Z,2026-06-25T08:03:23Z,0.0
SP5 4DN,SEPD,HV,1,TM3275,729,2026-06-25T08:03:23Z,2026-06-25T08:03:23Z,0.0
SP5 5AA,SEPD,HV,1,TM2431,262,2026-06-24T20:11:22Z,2026-06-24T20:11:22Z,0.0
SP5 5AB,SEPD,HV,1,TM2431,262,2026-06-24T20:11:22Z,2026-06-24T20:11:22Z,0.0
SP5 5AD,SEPD,HV,1,TM2431,262,2026-06-24T20:11:22Z,2026-06-24T20:11:22Z,0.0
SP5 5AE,SEPD,HV,1,TM2431,262,2026-06-24T20:11:22Z,2026-06-24T20:11:22Z,0.0
SP5 5AF,SEPD,HV,1,TM2431,262,2026-06-24T20:11:22Z,2026-06-24T20:11:22Z,0.0
SP5 5AG,SEPD,HV,1,TM2431,262,2026-06-24T20:11:22Z,2026-06-24T20:11:22Z,0.0
SP5 5AH,SEPD,HV,1,TM2431,262,2026-06-24T20:11:22Z,2026-06-24T20:11:22Z,0.0
SP5 5AJ,SEPD,HV,1,TM2431,262,2026-06-24T20:11:22Z,2026-06-24T20:11:22Z,0.0
SP5 5AL,SEPD,HV,1,TM2431,262,2026-06-24T20:11:22Z,2026-06-24T20:11:22Z,0.0
SP5 5AP,SEPD,HV,1,TM2431,262,2026-06-24T20:11:22Z,2026-06-24T20:11:22Z,0.0
SP5 5AQ,SEPD,HV,1,TM2431,262,2026-06-24T20:11:22Z,2026-06-24T20:11:22Z,0.0
SP5 5AR,SEPD,HV,1,TM2431,262,2026-06-24T20:11:22Z,2026-06-24T20:11:22Z,0.0
SP5 5AW,SEPD,HV,1,TM2431,262,2026-06-24T20:11:22Z,2026-06-24T20:11:22Z,0.0
SP5 5AX,SEPD,HV,1,TM2431,262,2026-06-24T20:11:22Z,2026-06-24T20:11:22Z,0.0
SP5 5AY,SEPD,HV,1,TM3275,729,2026-06-25T08:03:23Z,2026-06-25T08:03:23Z,0.0
SP5 5AZ,SEPD,HV,1,TM3275,729,2026-06-25T08:03:23Z,2026-06-25T08:03:23Z,0.0
SP5 5BA,SEPD,HV,1,TM3275,729,2026-06-25T08:03:23Z,2026-06-25T08:03:23Z,0.0
SP5 5BB,SEPD,HV,1,TM3275,729,2026-06-25T08:03:23Z,2026-06-25T08:03:23Z,0.0
SP5 5BD,SEPD,HV,1,TM3275,729,2026-06-25T08:03:23Z,2026-06-25T08:03:23Z,0.0
SP5 5BE,SEPD,HV,1,TM3275,729,2026-06-25T08:03:23Z,2026-06-25T08:03:23Z,0.0
SP5 5BG,SEPD,HV,1,TM3275,729,2026-06-25T08:03:23Z,2026-06-25T08:03:23Z,0.0
SP5 5BH,SEPD,HV,1,TM3275,729,2026-06-25T08:03:23Z,2026-06-25T08:03:23Z,0.0
SP5 5BJ,SEPD,HV,1,TM3275,729,2026-06-25T08:03:23Z,2026-06-25T08:03:23Z,0.0
SP5 5BL,SEPD,HV,1,TM3275,729,2026-06-25T08:03:23Z,2026-06-25T08:03:23Z,0.0
SP5 5BN,SEPD,HV,1,TM3275,729,2026-06-25T08:03:23Z,2026-06-25T08:03:23Z,0.0
SP5 5BP,SEPD,HV,1,TM3275,729,2026-06-25T08:03:23Z,2026-06-25T08:03:23Z,0.0
SP5 5BS,SEPD,HV,1,TM3275,729,2026-06-25T08:03:23Z,2026-06-25T08:03:23Z,0.0
SP5 5BT,SEPD,HV,1,TM3275,729,2026-06-25T08:03:23Z,2026-06-25T08:03:23Z,0.0
SP5 5BU,SEPD,HV,1,TM3275,729,2026-06-25T08:03:23Z,2026-06-25T08:03:23Z,0.0
SP5 5BW,SEPD,HV,1,TM3275,729,2026-06-25T08:03:23Z,2026-06-25T08:03:23Z,0.0
SP5 5BY,SEPD,HV,1,TM3275,729,2026-06-25T08:03:23Z,2026-06-25T08:03:23Z,0.0
SP5 5BZ,SEPD,HV,1,TM3275,729,2026-06-25T08:03:23Z,2026-06-25T08:03:23Z,0.0
SP5 5DA,SEPD,HV,1,TM3275,729,2026-06-25T08:03:23Z,2026-06-25T08:03:23Z,0.0
SP5 5DB,SEPD,HV,1,TM3275,729,2026-06-25T08:03:23Z,2026-06-25T08:03:23Z,0.0
SP5 5DD,SEPD,HV,1,TM3275,729,2026-06-25T08:03:23Z,2026-06-25T08:03:23Z,0.0
SP5 5DE,SEPD,HV,1,TM3275,729,2026-06-25T08:03:23Z,2026-06-25T08:03:23Z,0.0
SP5 5DH,SEPD,HV,1,TM3275,729,2026-06-25T08:03:23Z,2026-06-25T08:03:23Z,0.0
SP5 5DJ,SEPD,HV,1,TM3275,729,2026-06-25T08:03:23Z,2026-06-25T08:03:23Z,0.0
SP5 5DN,SEPD,HV,1,TM3275,729,2026-06-25T08:03:23Z,2026-06-25T08:03:23Z,0.0
SP5 5DP,SEPD,HV,1,TM3275,729,2026-06-25T08:03:23Z,2026-06-25T08:03:23Z,0.0
SP5 5DQ,SEPD,HV,1,TM3275,729,2026-06-25T08:03:23Z,2026-06-25T08:03:23Z,0.0
SP5 5DR,SEPD,HV,1,TM3275,729,2026-06-25T08:03:23Z,2026-06-25T08:03:23Z,0.0
SP5 5DS,SEPD,HV,1,TM3275,729,2026-06-25T08:03:23Z,2026-06-25T08:03:23Z,0.0
SP5 5DT,SEPD,HV,1,TM3275,729,2026-06-25T08:03:23Z,2026-06-25T08:03:23Z,0.0
SP5 5DU,SEPD,HV,1,TM3275,729,2026-06-25T08:03:23Z,2026-06-25T08:03:23Z,0.0
SP5 5DW,SEPD,HV,1,TM3275,729,2026-06-25T08:03:23Z,2026-06-25T08:03:23Z,0.0
SP5 5DX,SEPD,HV,1,TM3275,729,2026-06-25T08:03:23Z,2026-06-25T08:03:23Z,0.0
SP5 5DY,SEPD,HV,1,TM3275,729,2026-06-25T08:03:23Z,2026-06-25T08:03:23Z,0.0
SP5 5EA,SEPD,HV,1,TM3275,729,2026-06-25T08:03:23Z,2026-06-25T08:03:23Z,0.0
SP5 5EB,SEPD,HV,1,TM3275,729,2026-06-25T08:03:23Z,2026-06-25T08:03:23Z,0.0
SP5 5ED,SEPD,HV,1,TM3275,729,2026-06-25T08:03:23Z,2026-06-25T08:03:23Z,0.0
SP5 5EE,SEPD,HV,1,TM3275,729,2026-06-25T08:03:23Z,2026-06-25T08:03:23Z,0.0
SP5 5EF,SEPD,HV,1,TM3275,729,2026-06-25T08:03:23Z,2026-06-25T08:03:23Z,0.0
SP5 5EH,SEPD,HV,1,TM3275,729,2026-06-25T08:03:23Z,2026-06-25T08:03:23Z,0.0
SP5 5EJ,SEPD,HV,1,TM3275,729,2026-06-25T08:03:23Z,2026-06-25T08:03:23Z,0.0
SP5 5EL,SEPD,HV,1,TM3275,729,2026-06-25T08:03:23Z,2026-06-25T08:03:23Z,0.0
SP5 5EN,SEPD,HV,1,TM3275,729,2026-06-25T08:03:23Z,2026-06-25T08:03:23Z,0.0
SP5 5EP,SEPD,HV,1,TM3275,729,2026-06-25T08:03:23Z,2026-06-25T08:03:23Z,0.0
SP5 5EQ,SEPD,HV,1,TM3275,729,2026-06-25T08:03:23Z,2026-06-25T08:03:23Z,0.0
SP5 5ES,SEPD,HV,1,TM3275,729,2026-06-25T08:03:23Z,2026-06-25T08:03:23Z,0.0
SP5 5ET,SEPD,HV,1,TM3275,729,2026-06-25T08:03:23Z,2026-06-25T08:03:23Z,0.0
SP5 5EX,SEPD,HV,1,TM3275,729,2026-06-25T08:03:23Z,2026-06-25T08:03:23Z,0.0
SP5 5EY,SEPD,HV,1,TM3275,729,2026-06-25T08:03:23Z,2026-06-25T08:03:23Z,0.0
SP5 5EZ,SEPD,HV,1,TM3275,729,2026-06-25T08:03:23Z,2026-06-25T08:03:23Z,0.0
SP5 5HA,SEPD,HV,1,TM3275,729,2026-06-25T08:03:23Z,2026-06-25T08:03:23Z,0.0
SP5 5HH,SEPD,HV,1,TM3275,729,2026-06-25T08:03:23Z,2026-06-25T08:03:23Z,0.0
SP5 5HJ,SEPD,HV,1,TM3275,729,2026-06-25T08:03:23Z,2026-06-25T08:03:23Z,0.0
SP5 5HL,SEPD,HV,1,TM3275,729,2026-06-25T08:03:23Z,2026-06-25T08:03:23Z,0.0
SP5 5HN,SEPD,HV,1,TM3275,729,2026-06-25T08:03:23Z,2026-06-25T08:03:23Z,0.0
SP5 5HP,SEPD,HV,1,TM3275,729,2026-06-25T08:03:23Z,2026-06-25T08:03:23Z,0.0
SP5 5HQ,SEPD,HV,1,TM3275,729,2026-06-25T08:03:23Z,2026-06-25T08:03:23Z,0.0
SP5 5HR,SEPD,HV,1,TM3275,729,2026-06-25T08:03:23Z,2026-06-25T08:03:23Z,0.0
SP5 5HS,SEPD,HV,1,TM3275,729,2026-06-25T08:03:23Z,2026-06-25T08:03:23Z,0.0
SP5 5HT,SEPD,HV,1,TM3275,729,2026-06-25T08:03:23Z,2026-06-25T08:03:23Z,0.0
SP5 5HU,SEPD,HV,1,TM3275,729,2026-06-25T08:03:23Z,2026-06-25T08:03:23Z,0.0
SP5 5HW,SEPD,HV,1,TM3275,729,2026-06-25T08:03:23Z,2026-06-25T08:03:23Z,0.0
SP5 5HX,SEPD,HV,1,TM3275,729,2026-06-25T08:03:23Z,2026-06-25T08:03:23Z,0.0
SP5 5JB,SEPD,HV,1,TM3275,729,2026-06-25T08:03:23Z,2026-06-25T08:03:23Z,0.0
SP5 5JD,SEPD,HV,1,TM3275,729,2026-06-25T08:03:23Z,2026-06-25T08:03:23Z,0.0
SP5 5JE,SEPD,HV,1,TM3275,729,2026-06-25T08:03:23Z,2026-06-25T08:03:23Z,0.0
SP5 5JF,SEPD,HV,1,TM3275,729,2026-06-25T08:03:23Z,2026-06-25T08:03:23Z,0.0
SP5 5JG,SEPD,HV,1,TM3275,729,2026-06-25T08:03:23Z,2026-06-25T08:03:23Z,0.0
SP5 5JH,SEPD,HV,1,TM3275,729,2026-06-25T08:03:23Z,2026-06-25T08:03:23Z,0.0
SP5 5JJ,SEPD,HV,1,TM3275,729,2026-06-25T08:03:23Z,2026-06-25T08:03:23Z,0.0
SP5 5JL,SEPD,HV,1,TM3275,729,2026-06-25T08:03:23Z,2026-06-25T08:03:23Z,0.0
SP5 5JN,SEPD,HV,1,TM3275,729,2026-06-25T08:03:23Z,2026-06-25T08:03:23Z,0.0
SP5 5JP,SEPD,HV,1,TM3275,729,2026-06-25T08:03:23Z,2026-06-25T08:03:23Z,0.0
SP5 5JQ,SEPD,HV,1,TM3275,729,2026-06-25T08:03:23Z,2026-06-25T08:03:23Z,0.0
SP5 5JR,SEPD,HV,1,TM3275,729,2026-06-25T08:03:23Z,2026-06-25T08:03:23Z,0.0
SP5 5JS,SEPD,HV,1,TM3275,729,2026-06-25T08:03:23Z,2026-06-25T08:03:23Z,0.0
SP5 5JT,SEPD,HV,1,TM3275,729,2026-06-25T08:03:23Z,2026-06-25T08:03:23Z,0.0
SP5 5JU,SEPD,HV,1,TM3275,729,2026-06-25T08:03:23Z,2026-06-25T08:03:23Z,0.0
SP5 5JW,SEPD,HV,1,TM3275,729,2026-06-25T08:03:23Z,2026-06-25T08:03:23Z,0.0
SP5 5LW,SEPD,HV,1,TM3275,729,2026-06-25T08:03:23Z,2026-06-25T08:03:23Z,0.0
SP5 5ND,SEPD,HV,1,TM2431,262,2026-06-24T20:11:22Z,2026-06-24T20:11:22Z,0.0
SP5 5PU,SEPD,HV,1,TM2431,262,2026-06-24T20:11:22Z,2026-06-24T20:11:22Z,0.0
SP5 5PX,SEPD,HV,1,TM2431,262,2026-06-24T20:11:22Z,2026-06-24T20:11:22Z,0.0
SP5 5QH,SEPD,HV,1,TM3275,729,2026-06-25T08:03:23Z,2026-06-25T08:03:23Z,0.0
SP5 5QW,SEPD,HV,1,TM2431,262,2026-06-24T20:11:22Z,2026-06-24T20:11:22Z,0.0
SP7 0AF,SEPD,HV,1,TM2431,262,2026-06-24T20:11:22Z,2026-06-24T20:11:22Z,0.0
SP7 0AH,SEPD,HV,1,TM2431,262,2026-06-24T20:11:22Z,2026-06-24T20:11:22Z,0.0
SP7 0AJ,SEPD,HV,1,TM2431,262,2026-06-24T20:11:22Z,2026-06-24T20:11:22Z,0.0
SP7 0AN,SEPD,HV,1,TM2431,262,2026-06-24T20:11:22Z,2026-06-24T20:11:22Z,0.0
SP7 0AP,SEPD,HV,1,TM2431,262,2026-06-24T20:11:22Z,2026-06-24T20:11:22Z,0.0
SP7 0AR,SEPD,HV,1,TM2431,262,2026-06-24T20:11:22Z,2026-06-24T20:11:22Z,0.0
SP7 0AS,SEPD,HV,1,TM2431,262,2026-06-24T20:11:22Z,2026-06-24T20:11:22Z,0.0
SP7 0AT,SEPD,HV,1,TM2431,262,2026-06-24T20:11:22Z,2026-06-24T20:11:22Z,0.0
SP7 0AU,SEPD,HV,1,TM2431,262,2026-06-24T20:11:22Z,2026-06-24T20:11:22Z,0.0
SP7 0AX,SEPD,HV,1,TM2431,262,2026-06-24T20:11:22Z,2026-06-24T20:11:22Z,0.0
SP7 0BA,SEPD,HV,1,TM2431,262,2026-06-24T20:11:22Z,2026-06-24T20:11:22Z,0.0
SP7 0BE,SEPD,HV,1,TM2431,262,2026-06-24T20:11:22Z,2026-06-24T20:11:22Z,0.0
SP7 0BF,SEPD,HV,1,TM2431,262,2026-06-24T20:11:22Z,2026-06-24T20:11:22Z,0.0
SP7 0BJ,SEPD,HV,1,TM2431,262,2026-06-24T20:11:22Z,2026-06-24T20:11:22Z,0.0
SP7 0BL,SEPD,HV,1,TM2431,262,2026-06-24T20:11:22Z,2026-06-24T20:11:22Z,0.0
SP7 0BP,SEPD,HV,1,TM2431,262,2026-06-24T20:11:22Z,2026-06-24T20:11:22Z,0.0
SP7 0BS,SEPD,HV,1,TM2431,262,2026-06-24T20:11:22Z,2026-06-24T20:11:22Z,0.0
SP7 0BT,SEPD,HV,1,TM2431,262,2026-06-24T20:11:22Z,2026-06-24T20:11:22Z,0.0
SP7 0BU,SEPD,HV,1,TM2431,262,2026-06-24T20:11:22Z,2026-06-24T20:11:22Z,0.0
SP7 0BW,SEPD,HV,1,TM2431,262,2026-06-24T20:11:22Z,2026-06-24T20:11:22Z,0.0
SP7 0BX,SEPD,HV,1,TM2431,262,2026-06-24T20:11:22Z,2026-06-24T20:11:22Z,0.0
SP7 0BY,SEPD,HV,1,TM2431,262,2026-06-24T20:11:22Z,2026-06-24T20:11:22Z,0.0
SP7 0BZ,SEPD,HV,1,TM2431,262,2026-06-24T20:11:22Z,2026-06-24T20:11:22Z,0.0
SP7 0DA,SEPD,HV,1,TM2431,262,2026-06-24T20:11:22Z,2026-06-24T20:11:22Z,0.0
SP7 0DB,SEPD,HV,1,TM2431,262,2026-06-24T20:11:22Z,2026-06-24T20:11:22Z,0.0
SP7 0DE,SEPD,HV,1,TM2431,262,2026-06-24T20:11:22Z,2026-06-24T20:11:22Z,0.0
SP7 0DF,SEPD,HV,1,TM2431,262,2026-06-24T20:11:22Z,2026-06-24T20:11:22Z,0.0
SP7 0DG,SEPD,HV,1,TM2431,262,2026-06-24T20:11:22Z,2026-06-24T20:11:22Z,0.0
SP7 0DH,SEPD,HV,1,TM2431,262,2026-06-24T20:11:22Z,2026-06-24T20:11:22Z,0.0
SP7 0DJ,SEPD,HV,1,TM2431,262,2026-06-24T20:11:22Z,2026-06-24T20:11:22Z,0.0
SP7 0DL,SEPD,HV,1,TM2431,262,2026-06-24T20:11:22Z,2026-06-24T20:11:22Z,0.0
SP7 0DN,SEPD,HV,1,TM2431,262,2026-06-24T20:11:22Z,2026-06-24T20:11:22Z,0.0
SP7 0DP,SEPD,HV,1,TM2431,262,2026-06-24T20:11:22Z,2026-06-24T20:11:22Z,0.0
SP7 0DQ,SEPD,HV,1,TM2431,262,2026-06-24T20:11:22Z,2026-06-24T20:11:22Z,0.0
SP7 0DR,SEPD,HV,1,TM2431,262,2026-06-24T20:11:22Z,2026-06-24T20:11:22Z,0.0
SP7 0DS,SEPD,HV,1,TM2431,262,2026-06-24T20:11:22Z,2026-06-24T20:11:22Z,0.0
SP7 0DT,SEPD,HV,1,TM2431,262,2026-06-24T20:11:22Z,2026-06-24T20:11:22Z,0.0
SP7 0DU,SEPD,HV,1,TM2431,262,2026-06-24T20:11:22Z,2026-06-24T20:11:22Z,0.0
SP7 0DW,SEPD,HV,1,TM2431,262,2026-06-24T20:11:22Z,2026-06-24T20:11:22Z,0.0
SP7 0DX,SEPD,HV,1,TM2431,262,2026-06-24T20:11:22Z,2026-06-24T20:11:22Z,0.0
SP7 0DZ,SEPD,HV,1,TM2431,262,2026-06-24T20:11:22Z,2026-06-24T20:11:22Z,0.0
SP7 0EA,SEPD,HV,1,TM2431,262,2026-06-24T20:11:22Z,2026-06-24T20:11:22Z,0.0
SP7 0EB,SEPD,HV,1,TM2431,262,2026-06-24T20:11:22Z,2026-06-24T20:11:22Z,0.0
SP7 0ED,SEPD,HV,1,TM2431,262,2026-06-24T20:11:22Z,2026-06-24T20:11:22Z,0.0
SP7 0EE,SEPD,HV,1,TM2431,262,2026-06-24T20:11:22Z,2026-06-24T20:11:22Z,0.0
SP7 0EF,SEPD,HV,1,TM2431,262,2026-06-24T20:11:22Z,2026-06-24T20:11:22Z,0.0
SP7 0EG,SEPD,HV,1,TM2431,262,2026-06-24T20:11:22Z,2026-06-24T20:11:22Z,0.0
SP7 0EH,SEPD,HV,1,TM2431,262,2026-06-24T20:11:22Z,2026-06-24T20:11:22Z,0.0
SP7 0JA,SEPD,HV,1,TM2431,262,2026-06-24T20:11:22Z,2026-06-24T20:11:22Z,0.0
SP7 0JB,SEPD,HV,1,TM2431,262,2026-06-24T20:11:22Z,2026-06-24T20:11:22Z,0.0
SP7 0JD,SEPD,HV,1,TM2431,262,2026-06-24T20:11:22Z,2026-06-24T20:11:22Z,0.0
SP7 0JE,SEPD,HV,1,TM2431,262,2026-06-24T20:11:22Z,2026-06-24T20:11:22Z,0.0
SP7 0JF,SEPD,HV,1,TM2431,262,2026-06-24T20:11:22Z,2026-06-24T20:11:22Z,0.0
SP7 0JG,SEPD,HV,1,TM2431,262,2026-06-24T20:11:22Z,2026-06-24T20:11:22Z,0.0
SP7 0JH,SEPD,HV,1,TM2431,262,2026-06-24T20:11:22Z,2026-06-24T20:11:22Z,0.0
SP7 0JJ,SEPD,HV,1,TM2431,262,2026-06-24T20:11:22Z,2026-06-24T20:11:22Z,0.0
SP7 0JL,SEPD,HV,1,TM2431,262,2026-06-24T20:11:22Z,2026-06-24T20:11:22Z,0.0
SP7 0JN,SEPD,HV,1,TM2431,262,2026-06-24T20:11:22Z,2026-06-24T20:11:22Z,0.0
SP7 0JP,SEPD,HV,1,TM2431,262,2026-06-24T20:11:22Z,2026-06-24T20:11:22Z,0.0
SP7 0JQ,SEPD,HV,1,TM2431,262,2026-06-24T20:11:22Z,2026-06-24T20:11:22Z,0.0
SP7 0JR,SEPD,HV,1,TM2431,262,2026-06-24T20:11:22Z,2026-06-24T20:11:22Z,0.0
SP7 0JS,SEPD,HV,1,TM2431,262,2026-06-24T20:11:22Z,2026-06-24T20:11:22Z,0.0
SP7 0JT,SEPD,HV,1,TM2431,262,2026-06-24T20:11:22Z,2026-06-24T20:11:22Z,0.0
SP7 0JU,SEPD,HV,1,TM2431,262,2026-06-24T20:11:22Z,2026-06-24T20:11:22Z,0.0
SP7 0JW,SEPD,HV,1,TM2431,262,2026-06-24T20:11:22Z,2026-06-24T20:11:22Z,0.0
SP7 0JX,SEPD,HV,1,TM2431,262,2026-06-24T20:11:22Z,2026-06-24T20:11:22Z,0.0
SP7 0JY,SEPD,HV,1,TM2431,262,2026-06-24T20:11:22Z,2026-06-24T20:11:22Z,0.0
SP7 0LA,SEPD,HV,1,TM2431,262,2026-06-24T20:11:22Z,2026-06-24T20:11:22Z,0.0
SP7 0LB,SEPD,HV,1,TM2431,262,2026-06-24T20:11:22Z,2026-06-24T20:11:22Z,0.0
SP7 0LE,SEPD,HV,1,TM2431,262,2026-06-24T20:11:22Z,2026-06-24T20:11:22Z,0.0
SP7 0LF,SEPD,HV,1,TM2431,262,2026-06-24T20:11:22Z,2026-06-24T20:11:22Z,0.0
SP7 0LG,SEPD,HV,1,TM2431,262,2026-06-24T20:11:22Z,2026-06-24T20:11:22Z,0.0
SP7 0LH,SEPD,HV,1,TM2431,262,2026-06-24T20:11:22Z,2026-06-24T20:11:22Z,0.0
SP7 0LP,SEPD,HV,1,TM2431,262,2026-06-24T20:11:22Z,2026-06-24T20:11:22Z,0.0
SP7 0LQ,SEPD,HV,1,TM2431,262,2026-06-24T20:11:22Z,2026-06-24T20:11:22Z,0.0
SP7 0LU,SEPD,HV,1,TM2431,262,2026-06-24T20:11:22Z,2026-06-24T20:11:22Z,0.0
SP7 0LX,SEPD,HV,1,TM2431,262,2026-06-24T20:11:22Z,2026-06-24T20:11:22Z,0.0
SP7 0LY,SEPD,HV,1,TM2431,262,2026-06-24T20:11:22Z,2026-06-24T20:11:22Z,0.0
SP7 0LZ,SEPD,HV,1,TM2431,262,2026-06-24T20:11:22Z,2026-06-24T20:11:22Z,0.0
SP7 0NB,SEPD,HV,1,TM2431,262,2026-06-24T20:11:22Z,2026-06-24T20:11:22Z,0.0
SP7 0ND,SEPD,HV,1,TM2431,262,2026-06-24T20:11:22Z,2026-06-24T20:11:22Z,0.0
SP7 0NF,SEPD,HV,1,TM2431,262,2026-06-24T20:11:22Z,2026-06-24T20:11:22Z,0.0
SP7 0NG,SEPD,HV,1,TM2431,262,2026-06-24T20:11:22Z,2026-06-24T20:11:22Z,0.0
SP7 0NH,SEPD,HV,1,TM2431,262,2026-06-24T20:11:22Z,2026-06-24T20:11:22Z,0.0
SP7 0NJ,SEPD,HV,1,TM2431,262,2026-06-24T20:11:22Z,2026-06-24T20:11:22Z,0.0
SP7 0NL,SEPD,HV,1,TM2431,262,2026-06-24T20:11:22Z,2026-06-24T20:11:22Z,0.0
SP7 0NN,SEPD,HV,1,TM2431,262,2026-06-24T20:11:22Z,2026-06-24T20:11:22Z,0.0
SP7 0NP,SEPD,HV,1,TM2431,262,2026-06-24T20:11:22Z,2026-06-24T20:11:22Z,0.0
SP7 0NQ,SEPD,HV,1,TM2431,262,2026-06-24T20:11:22Z,2026-06-24T20:11:22Z,0.0
SP7 0NR,SEPD,HV,1,TM2431,262,2026-06-24T20:11:22Z,2026-06-24T20:11:22Z,0.0
SP7 0NS,SEPD,HV,1,TM2431,262,2026-06-24T20:11:22Z,2026-06-24T20:11:22Z,0.0
SP7 0NT,SEPD,HV,1,TM2431,262,2026-06-24T20:11:22Z,2026-06-24T20:11:22Z,0.0
SP7 0NU,SEPD,HV,1,TM2431,262,2026-06-24T20:11:22Z,2026-06-24T20:11:22Z,0.0
SP7 0NW,SEPD,HV,1,TM2431,262,2026-06-24T20:11:22Z,2026-06-24T20:11:22Z,0.0
SP7 0NX,SEPD,HV,1,TM2431,262,2026-06-24T20:11:22Z,2026-06-24T20:11:22Z,0.0
SP7 0NY,SEPD,HV,1,TM2431,262,2026-06-24T20:11:22Z,2026-06-24T20:11:22Z,0.0
SP7 0PA,SEPD,HV,1,TM2431,262,2026-06-24T20:11:22Z,2026-06-24T20:11:22Z,0.0
SP7 0PB,SEPD,HV,1,TM2431,262,2026-06-24T20:11:22Z,2026-06-24T20:11:22Z,0.0
SP7 0PD,SEPD,HV,1,TM2431,262,2026-06-24T20:11:22Z,2026-06-24T20:11:22Z,0.0
SP7 0PE,SEPD,HV,1,TM2431,262,2026-06-24T20:11:22Z,2026-06-24T20:11:22Z,0.0
SP7 0PF,SEPD,HV,1,TM2431,262,2026-06-24T20:11:22Z,2026-06-24T20:11:22Z,0.0
SP7 0PG,SEPD,HV,1,TM2431,262,2026-06-24T20:11:22Z,2026-06-24T20:11:22Z,0.0
SP7 0PH,SEPD,HV,1,TM2431,262,2026-06-24T20:11:22Z,2026-06-24T20:11:22Z,0.0
SP7 0PJ,SEPD,HV,1,TM2431,262,2026-06-24T20:11:22Z,2026-06-24T20:11:22Z,0.0
SP7 0PQ,SEPD,HV,1,TM2431,262,2026-06-24T20:11:22Z,2026-06-24T20:11:22Z,0.0
SP7 0PS,SEPD,HV,1,TM2431,262,2026-06-24T20:11:22Z,2026-06-24T20:11:22Z,0.0
SP7 0QY,SEPD,HV,1,TM2431,262,2026-06-24T20:11:22Z,2026-06-24T20:11:22Z,0.0
SP7 0QZ,SEPD,HV,1,TM2431,262,2026-06-24T20:11:22Z,2026-06-24T20:11:22Z,0.0
SP7 8DA,SEPD,HV,1,TM2431,262,2026-06-24T20:11:22Z,2026-06-24T20:11:22Z,0.0
SP8 4EP,SEPD,PSI,1,252010,14,2026-06-22T11:21:18Z,2026-06-22T11:21:18Z,0.0
SP8 4FA,SEPD,LV,1,TM6340,16,2026-06-26T05:55:31Z,2026-06-26T05:55:31Z,0.0
SP8 4FB,SEPD,LV,1,TM6340,16,2026-06-26T05:55:31Z,2026-06-26T05:55:31Z,0.0
SP8 4FD,SEPD,LV,1,TM6340,16,2026-06-26T05:55:31Z,2026-06-26T05:55:31Z,0.0
SP8 4HX,SEPD,PSI,1,252010,14,2026-06-22T11:21:18Z,2026-06-22T11:21:18Z,0.0
SP8 4NY,SEPD,LV,1,TM1255,28,2026-06-24T16:12:37Z,2026-06-24T16:12:37Z,0.0
SP8 4PE,SEPD,LV,1,TM1255,28,2026-06-24T16:12:37Z,2026-06-24T16:12:37Z,0.0
SP8 4PF,SEPD,LV,1,TM1255,28,2026-06-24T16:12:37Z,2026-06-24T16:12:37Z,0.0
SP8 4RP,SEPD,LV,1,TM1255,28,2026-06-24T16:12:37Z,2026-06-24T16:12:37Z,0.0
SP8 5FP,SEPD,PSI,1,252010,14,2026-06-22T11:21:18Z,2026-06-22T11:21:18Z,0.0
SP8 5QR,SEPD,PSI,1,252010,14,2026-06-22T11:21:18Z,2026-06-22T11:21:18Z,0.0
SP8 5QS,SEPD,PSI,1,252010,14,2026-06-22T11:21:18Z,2026-06-22T11:21:18Z,0.0
TW13 4EX,SEPD,LV,1,TK8734,6,2026-06-23T08:50:42Z,2026-06-23T08:50:42Z,0.0
TW13 4JG,SEPD,LV,1,TK8734,6,2026-06-23T08:50:42Z,2026-06-23T08:50:42Z,0.0
TW13 7AA,SEPD,LV,1,TK8734,6,2026-06-23T08:50:42Z,2026-06-23T08:50:42Z,0.0
TW13 7AN,SEPD,LV,1,TK8734,6,2026-06-23T08:50:42Z,2026-06-23T08:50:42Z,0.0
TW16,SEPD,HV,1,TM9857,1511,2026-06-27T15:43:15Z,2026-06-27T15:43:15Z,0.0
TW16 5NJ,SEPD,HV,1,TM9857,1511,2026-06-27T15:43:15Z,2026-06-27T15:43:15Z,0.0
TW16 7AZ,SEPD,HV,1,TM9857,1511,2026-06-27T15:43:15Z,2026-06-27T15:43:15Z,0.0
TW16 7BB,SEPD,HV,1,TM9857,1511,2026-06-27T15:43:15Z,2026-06-27T15:43:15Z,0.0
TW16 7BF,SEPD,HV,1,TM9857,1511,2026-06-27T15:43:15Z,2026-06-27T15:43:15Z,0.0
TW16 7BG,SEPD,HV,1,TM9857,1511,2026-06-27T15:43:15Z,2026-06-27T15:43:15Z,0.0
TW16 7DX,SEPD,HV,1,TM9857,1511,2026-06-27T15:43:15Z,2026-06-27T15:43:15Z,0.0
TW16 7DY,SEPD,HV,1,TM9857,1511,2026-06-27T15:43:15Z,2026-06-27T15:43:15Z,0.0
TW16 7EB,SEPD,HV,1,TM9857,1511,2026-06-27T15:43:15Z,2026-06-27T15:43:15Z,0.0
TW16 7EF,SEPD,HV,1,TM9857,1511,2026-06-27T15:43:15Z,2026-06-27T15:43:15Z,0.0
TW16 7EH,SEPD,HV,1,TM9857,1511,2026-06-27T15:43:15Z,2026-06-27T15:43:15Z,0.0
TW16 7EL,SEPD,HV,1,TM9857,1511,2026-06-27T15:43:15Z,2026-06-27T15:43:15Z,0.0
TW16 7EW,SEPD,HV,1,TM9857,1511,2026-06-27T15:43:15Z,2026-06-27T15:43:15Z,0.0
TW16 7FB,SEPD,HV,1,TM9857,1511,2026-06-27T15:43:15Z,2026-06-27T15:43:15Z,0.0
TW16 7FF,SEPD,HV,1,TM9857,1511,2026-06-27T15:43:15Z,2026-06-27T15:43:15Z,0.0
TW16 7FH,SEPD,HV,1,TM9857,1511,2026-06-27T15:43:15Z,2026-06-27T15:43:15Z,0.0
TW16 7FS,SEPD,HV,1,TM9857,1511,2026-06-27T15:43:15Z,2026-06-27T15:43:15Z,0.0
TW16 7HB,SEPD,HV,1,TM9857,1511,2026-06-27T15:43:15Z,2026-06-27T15:43:15Z,0.0
TW16 7HD,SEPD,HV,1,TM9857,1511,2026-06-27T15:43:15Z,2026-06-27T15:43:15Z,0.0
TW16 7HE,SEPD,HV,1,TM9857,1511,2026-06-27T15:43:15Z,2026-06-27T15:43:15Z,0.0
TW16 7HJ,SEPD,HV,1,TM9857,1511,2026-06-27T15:43:15Z,2026-06-27T15:43:15Z,0.0
TW16 7HL,SEPD,HV,1,TM9857,1511,2026-06-27T15:43:15Z,2026-06-27T15:43:15Z,0.0
TW16 7HP,SEPD,HV,1,TM9857,1511,2026-06-27T15:43:15Z,2026-06-27T15:43:15Z,0.0
TW16 7HQ,SEPD,HV,1,TM9857,1511,2026-06-27T15:43:15Z,2026-06-27T15:43:15Z,0.0
TW16 7HR,SEPD,HV,1,TM9857,1511,2026-06-27T15:43:15Z,2026-06-27T15:43:15Z,0.0
TW16 7HS,SEPD,HV,1,TM9857,1511,2026-06-27T15:43:15Z,2026-06-27T15:43:15Z,0.0
TW16 7HT,SEPD,HV,1,TM9857,1511,2026-06-27T15:43:15Z,2026-06-27T15:43:15Z,0.0
TW16 7HW,SEPD,HV,1,TM9857,1511,2026-06-27T15:43:15Z,2026-06-27T15:43:15Z,0.0
TW16 7LB,SEPD,LV,1,TK8698,24,2026-06-23T11:50:26Z,2026-06-23T11:50:26Z,0.0
TW16 7QD,SEPD,LV,1,TK8698,24,2026-06-23T11:50:26Z,2026-06-23T11:50:26Z,0.0
TW16 7QE,SEPD,LV,1,TK8698,24,2026-06-23T11:50:26Z,2026-06-23T11:50:26Z,0.0
TW16 7QF,SEPD,LV,1,TK8698,24,2026-06-23T11:50:26Z,2026-06-23T11:50:26Z,0.0
TW16 7QG,SEPD,LV,1,TK8698,24,2026-06-23T11:50:26Z,2026-06-23T11:50:26Z,0.0
TW16 7QQ,SEPD,LV,1,TK8698,24,2026-06-23T11:50:26Z,2026-06-23T11:50:26Z,0.0
TW20 8AE,SEPD,LV,1,TK6923,32,2026-06-22T00:19:27Z,2026-06-22T00:19:27Z,0.0
TW20 8AG,SEPD,LV,1,TK6923,32,2026-06-22T00:19:27Z,2026-06-22T00:19:27Z,0.0
TW20 8AQ,SEPD,LV,1,TK6923,32,2026-06-22T00:19:27Z,2026-06-22T00:19:27Z,0.0
TW20 8AX,SEPD,LV,1,TK6923,32,2026-06-22T00:19:27Z,2026-06-22T00:19:27Z,0.0
TW20 8AY,SEPD,LV,1,TK6923,32,2026-06-22T00:19:27Z,2026-06-22T00:19:27Z,0.0
TW20 8ES,SEPD,LV,1,TK6923,32,2026-06-22T00:19:27Z,2026-06-22T00:19:27Z,0.0
TW20 8ET,SEPD,LV,1,TK6923,32,2026-06-22T00:19:27Z,2026-06-22T00:19:27Z,0.0
TW20 8EU,SEPD,LV,1,TK6923,32,2026-06-22T00:19:27Z,2026-06-22T00:19:27Z,0.0
TW3 1HA,SEPD,HV,1,TN0728,79,2026-06-28T09:47:12Z,2026-06-28T09:47:12Z,0.0
TW3 1HB,SEPD,HV,1,TN0728,79,2026-06-28T09:47:12Z,2026-06-28T09:47:12Z,0.0
TW3 1HU,SEPD,HV,1,TN0728,79,2026-06-28T09:47:12Z,2026-06-28T09:47:12Z,0.0
TW3 1HY,SEPD,HV,1,TN0728,79,2026-06-28T09:47:12Z,2026-06-28T09:47:12Z,0.0
TW3 1JA,SEPD,HV,1,TN0728,79,2026-06-28T09:47:12Z,2026-06-28T09:47:12Z,0.0
TW3 1JG,SEPD,HV,1,TN0728,79,2026-06-28T09:47:12Z,2026-06-28T09:47:12Z,0.0
TW3 1JH,SEPD,HV,1,TN0728,79,2026-06-28T09:47:12Z,2026-06-28T09:47:12Z,0.0
TW3 1JJ,SEPD,HV,1,TN0728,79,2026-06-28T09:47:12Z,2026-06-28T09:47:12Z,0.0
TW3 1JL,SEPD,HV,1,TN0728,79,2026-06-28T09:47:12Z,2026-06-28T09:47:12Z,0.0
TW3 1JN,SEPD,HV,1,TN0728,79,2026-06-28T09:47:12Z,2026-06-28T09:47:12Z,0.0
TW3 1JQ,SEPD,HV,1,TN0728,79,2026-06-28T09:47:12Z,2026-06-28T09:47:12Z,0.0
TW3 1JR,SEPD,HV,1,TN0728,79,2026-06-28T09:47:12Z,2026-06-28T09:47:12Z,0.0
TW3 1LD,SEPD,HV,1,TN0728,79,2026-06-28T09:47:12Z,2026-06-28T09:47:12Z,0.0
TW3 1LG,SEPD,HV,1,TN0728,79,2026-06-28T09:47:12Z,2026-06-28T09:47:12Z,0.0
TW3 1LH,SEPD,HV,1,TN0728,79,2026-06-28T09:47:12Z,2026-06-28T09:47:12Z,0.0
TW3 1LY,SEPD,HV,1,TN0728,79,2026-06-28T09:47:12Z,2026-06-28T09:47:12Z,0.0
TW3 3AA,SEPD,HV,1,TN0728,79,2026-06-28T09:47:12Z,2026-06-28T09:47:12Z,0.0
TW3 3AB,SEPD,HV,1,TN0728,79,2026-06-28T09:47:12Z,2026-06-28T09:47:12Z,0.0
TW3 3AD,SEPD,HV,1,TN0728,79,2026-06-28T09:47:12Z,2026-06-28T09:47:12Z,0.0
TW3 3AE,SEPD,HV,1,TN0728,79,2026-06-28T09:47:12Z,2026-06-28T09:47:12Z,0.0
TW3 3AF,SEPD,HV,1,TN0728,79,2026-06-28T09:47:12Z,2026-06-28T09:47:12Z,0.0
TW3 3AG,SEPD,HV,1,TN0728,79,2026-06-28T09:47:12Z,2026-06-28T09:47:12Z,0.0
TW3 3AH,SEPD,HV,1,TN0728,79,2026-06-28T09:47:12Z,2026-06-28T09:47:12Z,0.0
TW3 3AJ,SEPD,HV,1,TN0728,79,2026-06-28T09:47:12Z,2026-06-28T09:47:12Z,0.0
TW3 3AL,SEPD,HV,1,TN0728,79,2026-06-28T09:47:12Z,2026-06-28T09:47:12Z,0.0
TW3 3AN,SEPD,HV,1,TN0728,79,2026-06-28T09:47:12Z,2026-06-28T09:47:12Z,0.0
TW3 3AP,SEPD,HV,1,TN0728,79,2026-06-28T09:47:12Z,2026-06-28T09:47:12Z,0.0
TW3 3AQ,SEPD,HV,1,TN0728,79,2026-06-28T09:47:12Z,2026-06-28T09:47:12Z,0.0
TW3 3AR,SEPD,HV,1,TN0728,79,2026-06-28T09:47:12Z,2026-06-28T09:47:12Z,0.0
TW3 3AS,SEPD,HV,1,TN0728,79,2026-06-28T09:47:12Z,2026-06-28T09:47:12Z,0.0
TW3 3AT,SEPD,HV,1,TN0728,79,2026-06-28T09:47:12Z,2026-06-28T09:47:12Z,0.0
TW3 3AW,SEPD,HV,1,TN0728,79,2026-06-28T09:47:12Z,2026-06-28T09:47:12Z,0.0
TW3 3BN,SEPD,HV,1,TN0728,79,2026-06-28T09:47:12Z,2026-06-28T09:47:12Z,0.0
TW3 3BP,SEPD,HV,1,TN0728,79,2026-06-28T09:47:12Z,2026-06-28T09:47:12Z,0.0
TW3 3BS,SEPD,HV,1,TN0728,79,2026-06-28T09:47:12Z,2026-06-28T09:47:12Z,0.0
TW3 3BT,SEPD,HV,1,TN0728,79,2026-06-28T09:47:12Z,2026-06-28T09:47:12Z,0.0
TW3 3BU,SEPD,HV,1,TN0728,79,2026-06-28T09:47:12Z,2026-06-28T09:47:12Z,0.0
TW3 3BW,SEPD,HV,1,TN0728,79,2026-06-28T09:47:12Z,2026-06-28T09:47:12Z,0.0
TW3 3DZ,SEPD,HV,1,TN0728,79,2026-06-28T09:47:12Z,2026-06-28T09:47:12Z,0.0
TW3 3EB,SEPD,HV,1,TN0728,79,2026-06-28T09:47:12Z,2026-06-28T09:47:12Z,0.0
TW3 3ED,SEPD,HV,1,TN0728,79,2026-06-28T09:47:12Z,2026-06-28T09:47:12Z,0.0
TW3 3EF,SEPD,HV,1,TN0728,79,2026-06-28T09:47:12Z,2026-06-28T09:47:12Z,0.0
TW3 3EH,SEPD,HV,1,TN0728,79,2026-06-28T09:47:12Z,2026-06-28T09:47:12Z,0.0
TW3 3EJ,SEPD,HV,1,TN0728,79,2026-06-28T09:47:12Z,2026-06-28T09:47:12Z,0.0
TW3 3EL,SEPD,HV,1,TN0728,79,2026-06-28T09:47:12Z,2026-06-28T09:47:12Z,0.0
TW3 3EN,SEPD,HV,1,TN0728,79,2026-06-28T09:47:12Z,2026-06-28T09:47:12Z,0.0
TW3 3EP,SEPD,HV,1,TN0728,79,2026-06-28T09:47:12Z,2026-06-28T09:47:12Z,0.0
TW3 3EQ,SEPD,HV,1,TN0728,79,2026-06-28T09:47:12Z,2026-06-28T09:47:12Z,0.0
TW3 3ER,SEPD,HV,1,TN0728,79,2026-06-28T09:47:12Z,2026-06-28T09:47:12Z,0.0
TW3 3ES,SEPD,HV,1,TN0728,79,2026-06-28T09:47:12Z,2026-06-28T09:47:12Z,0.0
TW3 3ET,SEPD,HV,1,TN0728,79,2026-06-28T09:47:12Z,2026-06-28T09:47:12Z,0.0
TW3 3EW,SEPD,HV,1,TN0728,79,2026-06-28T09:47:12Z,2026-06-28T09:47:12Z,0.0
TW3 3EX,SEPD,HV,1,TN0728,79,2026-06-28T09:47:12Z,2026-06-28T09:47:12Z,0.0
TW3 3EY,SEPD,HV,1,TN0728,79,2026-06-28T09:47:12Z,2026-06-28T09:47:12Z,0.0
TW3 3FF,SEPD,HV,1,TN0728,79,2026-06-28T09:47:12Z,2026-06-28T09:47:12Z,0.0
TW3 3HA,SEPD,HV,1,TN0728,79,2026-06-28T09:47:12Z,2026-06-28T09:47:12Z,0.0
TW3 3HJ,SEPD,HV,1,TN0728,79,2026-06-28T09:47:12Z,2026-06-28T09:47:12Z,0.0
TW3 3HY,SEPD,LV,1,TM4835,3,2026-06-25T17:57:46Z,2026-06-25T17:57:46Z,0.0
TW3 4DE,SEPD,HV,1,TN0728,79,2026-06-28T09:47:12Z,2026-06-28T09:47:12Z,0.0
TW3 4DG,SEPD,HV,1,TN0728,79,2026-06-28T09:47:12Z,2026-06-28T09:47:12Z,0.0
TW3 4DH,SEPD,HV,1,TN0728,79,2026-06-28T09:47:12Z,2026-06-28T09:47:12Z,0.0
TW3 4DJ,SEPD,HV,1,TN0728,79,2026-06-28T09:47:12Z,2026-06-28T09:47:12Z,0.0
TW3 4DN,SEPD,HV,1,TN0728,79,2026-06-28T09:47:12Z,2026-06-28T09:47:12Z,0.0
TW3 4DW,SEPD,HV,1,TN0728,79,2026-06-28T09:47:12Z,2026-06-28T09:47:12Z,0.0
TW3 4FB,SEPD,HV,1,TN0728,79,2026-06-28T09:47:12Z,2026-06-28T09:47:12Z,0.0
TW3 4FD,SEPD,HV,1,TN0728,79,2026-06-28T09:47:12Z,2026-06-28T09:47:12Z,0.0
TW3 4FE,SEPD,HV,1,TN0728,79,2026-06-28T09:47:12Z,2026-06-28T09:47:12Z,0.0
TW3 4FF,SEPD,HV,1,TN0728,79,2026-06-28T09:47:12Z,2026-06-28T09:47:12Z,0.0
TW3 8HL,SEPD,HV,1,TN0728,79,2026-06-28T09:47:12Z,2026-06-28T09:47:12Z,0.0
TW4 7AE,SEPD,HV,1,TN0728,79,2026-06-28T09:47:12Z,2026-06-28T09:47:12Z,0.0
TW4 7AF,SEPD,HV,1,TN0728,79,2026-06-28T09:47:12Z,2026-06-28T09:47:12Z,0.0
TW4 7AL,SEPD,HV,1,TN0728,79,2026-06-28T09:47:12Z,2026-06-28T09:47:12Z,0.0
TW4 7AN,SEPD,HV,1,TN0728,79,2026-06-28T09:47:12Z,2026-06-28T09:47:12Z,0.0
TW4 7AR,SEPD,HV,1,TN0728,79,2026-06-28T09:47:12Z,2026-06-28T09:47:12Z,0.0
TW4 7AS,SEPD,HV,1,TN0728,79,2026-06-28T09:47:12Z,2026-06-28T09:47:12Z,0.0
TW4 7AT,SEPD,HV,1,TN0728,79,2026-06-28T09:47:12Z,2026-06-28T09:47:12Z,0.0
TW4 7AU,SEPD,HV,1,TN0728,79,2026-06-28T09:47:12Z,2026-06-28T09:47:12Z,0.0
TW4 7AX,SEPD,HV,1,TN0728,79,2026-06-28T09:47:12Z,2026-06-28T09:47:12Z,0.0
TW4 7AY,SEPD,HV,1,TN0728,79,2026-06-28T09:47:12Z,2026-06-28T09:47:12Z,0.0
TW4 7BP,SEPD,HV,1,TN0728,79,2026-06-28T09:47:12Z,2026-06-28T09:47:12Z,0.0
TW4 7BX,SEPD,HV,1,TN0728,79,2026-06-28T09:47:12Z,2026-06-28T09:47:12Z,0.0
TW4 7BY,SEPD,HV,1,TN0728,79,2026-06-28T09:47:12Z,2026-06-28T09:47:12Z,0.0
TW4 7DA,SEPD,HV,1,TN0728,79,2026-06-28T09:47:12Z,2026-06-28T09:47:12Z,0.0
TW4 7DD,SEPD,HV,1,TN0728,79,2026-06-28T09:47:12Z,2026-06-28T09:47:12Z,0.0
TW4 7DE,SEPD,HV,1,TN0728,79,2026-06-28T09:47:12Z,2026-06-28T09:47:12Z,0.0
TW4 7DF,SEPD,HV,1,TN0728,79,2026-06-28T09:47:12Z,2026-06-28T09:47:12Z,0.0
TW4 7DJ,SEPD,HV,1,TN0728,79,2026-06-28T09:47:12Z,2026-06-28T09:47:12Z,0.0
TW4 7DL,SEPD,HV,1,TN0728,79,2026-06-28T09:47:12Z,2026-06-28T09:47:12Z,0.0
TW4 7DN,SEPD,HV,1,TN0728,79,2026-06-28T09:47:12Z,2026-06-28T09:47:12Z,0.0
TW4 7EA,SEPD,HV,1,TN0728,79,2026-06-28T09:47:12Z,2026-06-28T09:47:12Z,0.0
TW4 7ES,SEPD,HV,1,TN0728,79,2026-06-28T09:47:12Z,2026-06-28T09:47:12Z,0.0
TW4 7HB,SEPD,HV,1,TN0728,79,2026-06-28T09:47:12Z,2026-06-28T09:47:12Z,0.0
TW4 7HD,SEPD,HV,1,TN0728,79,2026-06-28T09:47:12Z,2026-06-28T09:47:12Z,0.0
TW4 7HJ,SEPD,HV,1,TN0728,79,2026-06-28T09:47:12Z,2026-06-28T09:47:12Z,0.0
UB1 1DA,SEPD,HV,1,TN0632,804,2026-06-28T06:33:58Z,2026-06-28T06:33:58Z,0.0
UB2,SEPD,HV,1,TN0632,804,2026-06-28T06:33:58Z,2026-06-28T06:33:58Z,0.0
UB2 4BD,SEPD,HV,1,TN0632,804,2026-06-28T06:33:58Z,2026-06-28T06:33:58Z,0.0
UB2 4EF,SEPD,HV,1,TN0632,804,2026-06-28T06:33:58Z,2026-06-28T06:33:58Z,0.0
UB2 5,SEPD,HV,1,TN0632,804,2026-06-28T06:33:58Z,2026-06-28T06:33:58Z,0.0
UB2 5AY,SEPD,HV,1,TN0632,804,2026-06-28T06:33:58Z,2026-06-28T06:33:58Z,0.0
UB2 5BD,SEPD,HV,1,TN0632,804,2026-06-28T06:33:58Z,2026-06-28T06:33:58Z,0.0
UB2 5BE,SEPD,HV,1,TN0632,804,2026-06-28T06:33:58Z,2026-06-28T06:33:58Z,0.0
UB2 5BP,SEPD,LV,1,TN0636,18,2026-06-28T06:33:58Z,2026-06-28T06:33:58Z,0.0
UB2 5BS,SEPD,HV,1,TN0632,804,2026-06-28T06:33:58Z,2026-06-28T06:33:58Z,0.0
UB2 5BU,SEPD,LV,1,TN0636,18,2026-06-28T06:33:58Z,2026-06-28T06:33:58Z,0.0
UB2 5BX,SEPD,HV,1,TN0632,804,2026-06-28T06:33:58Z,2026-06-28T06:33:58Z,0.0
UB2 5BY,SEPD,HV,1,TN0632,804,2026-06-28T06:33:58Z,2026-06-28T06:33:58Z,0.0
UB2 5BZ,SEPD,HV,1,TN0632,804,2026-06-28T06:33:58Z,2026-06-28T06:33:58Z,0.0
UB2 5DE,SEPD,HV,1,TN0632,804,2026-06-28T06:33:58Z,2026-06-28T06:33:58Z,0.0
UB2 5DF,SEPD,HV,1,TN0632,804,2026-06-28T06:33:58Z,2026-06-28T06:33:58Z,0.0
UB2 5DG,SEPD,HV,1,TN0632,804,2026-06-28T06:33:58Z,2026-06-28T06:33:58Z,0.0
UB2 5DL,SEPD,HV,1,TN0632,804,2026-06-28T06:33:58Z,2026-06-28T06:33:58Z,0.0
UB2 5DN,SEPD,HV,1,TN0632,804,2026-06-28T06:33:58Z,2026-06-28T06:33:58Z,0.0
UB2 5DQ,SEPD,HV,1,TN0632,804,2026-06-28T06:33:58Z,2026-06-28T06:33:58Z,0.0
UB2 5DT,SEPD,HV,1,TN0632,804,2026-06-28T06:33:58Z,2026-06-28T06:33:58Z,0.0
UB2 5DW,SEPD,HV,1,TN0632,804,2026-06-28T06:33:58Z,2026-06-28T06:33:58Z,0.0
UB2 5EG,SEPD,LV,1,TN0636,18,2026-06-28T06:33:58Z,2026-06-28T06:33:58Z,0.0
UB2 5EL,SEPD,HV,1,TN0632,804,2026-06-28T06:33:58Z,2026-06-28T06:33:58Z,0.0
UB2 5EN,SEPD,HV,1,TN0632,804,2026-06-28T06:33:58Z,2026-06-28T06:33:58Z,0.0
UB2 5EP,SEPD,HV,1,TN0632,804,2026-06-28T06:33:58Z,2026-06-28T06:33:58Z,0.0
UB2 5ER,SEPD,HV,1,TN0632,804,2026-06-28T06:33:58Z,2026-06-28T06:33:58Z,0.0
UB2 5EW,SEPD,HV,1,TN0632,804,2026-06-28T06:33:58Z,2026-06-28T06:33:58Z,0.0
UB2 5FB,SEPD,HV,1,TN0632,804,2026-06-28T06:33:58Z,2026-06-28T06:33:58Z,0.0
UB2 5FD,SEPD,HV,1,TN0632,804,2026-06-28T06:33:58Z,2026-06-28T06:33:58Z,0.0
UB2 5JU,SEPD,LV,1,TM0332,11,2026-06-23T21:04:28Z,2026-06-23T21:04:28Z,0.0
UB2 5JX,SEPD,HV,1,TN0632,804,2026-06-28T06:33:58Z,2026-06-28T06:33:58Z,0.0
UB2 5JY,SEPD,HV,1,TN0632,804,2026-06-28T06:33:58Z,2026-06-28T06:33:58Z,0.0
UB2 5LA,SEPD,HV,1,TN0632,804,2026-06-28T06:33:58Z,2026-06-28T06:33:58Z,0.0
UB2 5LD,SEPD,HV,1,TN0632,804,2026-06-28T06:33:58Z,2026-06-28T06:33:58Z,0.0
UB2 5LE,SEPD,HV,1,TN0632,804,2026-06-28T06:33:58Z,2026-06-28T06:33:58Z,0.0
UB2 5LH,SEPD,HV,1,TN0632,804,2026-06-28T06:33:58Z,2026-06-28T06:33:58Z,0.0
UB2 5LJ,SEPD,HV,1,TN0632,804,2026-06-28T06:33:58Z,2026-06-28T06:33:58Z,0.0
UB2 5LL,SEPD,HV,1,TN0632,804,2026-06-28T06:33:58Z,2026-06-28T06:33:58Z,0.0
UB2 5LP,SEPD,HV,1,TN0632,804,2026-06-28T06:33:58Z,2026-06-28T06:33:58Z,0.0
UB2 5LR,SEPD,HV,1,TN0632,804,2026-06-28T06:33:58Z,2026-06-28T06:33:58Z,0.0
UB2 5LS,SEPD,HV,1,TN0632,804,2026-06-28T06:33:58Z,2026-06-28T06:33:58Z,0.0
UB2 5LU,SEPD,LV,1,TM0332,11,2026-06-23T21:04:28Z,2026-06-23T21:04:28Z,0.0
UB2 5LW,SEPD,HV,1,TN0632,804,2026-06-28T06:33:58Z,2026-06-28T06:33:58Z,0.0
UB2 5NS,SEPD,LV,1,TM0332,11,2026-06-23T21:04:28Z,2026-06-23T21:04:28Z,0.0
UB2 5XJ,SEPD,HV,1,TN0632,804,2026-06-28T06:33:58Z,2026-06-28T06:33:58Z,0.0
UB2 5XX,SEPD,HV,1,TN0632,804,2026-06-28T06:33:58Z,2026-06-28T06:33:58Z,0.0
UB3 3NR,SEPD,LV,1,TM5890,24,2026-06-25T23:24:57Z,2026-06-25T23:24:57Z,0.0
UB3 3PY,SEPD,LV,1,TM5890,24,2026-06-25T23:24:57Z,2026-06-25T23:24:57Z,0.0
UB3 4QR,SEPD,HV,1,TN0632,804,2026-06-28T06:33:58Z,2026-06-28T06:33:58Z,0.0
UB4 8BX,SEPD,LV,1,TM9317,30,2026-06-27T09:50:09Z,2026-06-27T09:50:09Z,0.0
UB4 8BY,SEPD,LV,1,TM9317,30,2026-06-27T09:50:09Z,2026-06-27T09:50:09Z,0.0
UB4 8BZ,SEPD,LV,1,TM9317,30,2026-06-27T09:50:09Z,2026-06-27T09:50:09Z,0.0
UB4 9NS,SEPD,LV,1,TK8732,26,2026-06-23T05:47:19Z,2026-06-23T05:47:19Z,0.0
UB4 9PB,SEPD,LV,1,TK8732,26,2026-06-23T05:47:19Z,2026-06-23T05:47:19Z,0.0
UB4 9PD,SEPD,LV,1,TK8732,26,2026-06-23T05:47:19Z,2026-06-23T05:47:19Z,0.0
UB4 9PE,SEPD,LV,1,TK8732,26,2026-06-23T05:47:19Z,2026-06-23T05:47:19Z,0.0
UB4 9PF,SEPD,LV,1,TK8732,26,2026-06-23T05:47:19Z,2026-06-23T05:47:19Z,0.0
UB4 9PG,SEPD,LV,1,TK8732,26,2026-06-23T05:47:19Z,2026-06-23T05:47:19Z,0.0
UB4 9PJ,SEPD,LV,1,TK8732,26,2026-06-23T05:47:19Z,2026-06-23T05:47:19Z,0.0
UB4 9PL,SEPD,LV,1,TK8732,26,2026-06-23T05:47:19Z,2026-06-23T05:47:19Z,0.0
UB4 9PN,SEPD,LV,1,TK8732,26,2026-06-23T05:47:19Z,2026-06-23T05:47:19Z,0.0
UB4 9QB,SEPD,LV,1,TK8732,26,2026-06-23T05:47:19Z,2026-06-23T05:47:19Z,0.0
UB6 9EH,SEPD,HV,1,TM7567,688,2026-06-26T12:04:15Z,2026-06-26T12:04:15Z,0.0
UB6 9EJ,SEPD,HV,1,TM7567,688,2026-06-26T12:04:15Z,2026-06-26T12:04:15Z,0.0
UB6 9EL,SEPD,HV,1,TM7567,688,2026-06-26T12:04:15Z,2026-06-26T12:04:15Z,0.0
UB6 9EN,SEPD,HV,1,TM7567,688,2026-06-26T12:04:15Z,2026-06-26T12:04:15Z,0.0
UB6 9EP,SEPD,HV,1,TM7567,688,2026-06-26T12:04:15Z,2026-06-26T12:04:15Z,0.0
UB6 9ES,SEPD,HV,1,TM7567,688,2026-06-26T12:04:15Z,2026-06-26T12:04:15Z,0.0
UB6 9ET,SEPD,HV,1,TM7567,688,2026-06-26T12:04:15Z,2026-06-26T12:04:15Z,0.0
UB6 9EU,SEPD,HV,1,TM7567,688,2026-06-26T12:04:15Z,2026-06-26T12:04:15Z,0.0
UB6 9EW,SEPD,HV,1,TM7567,688,2026-06-26T12:04:15Z,2026-06-26T12:04:15Z,0.0
UB6 9EX,SEPD,HV,1,TM7567,688,2026-06-26T12:04:15Z,2026-06-26T12:04:15Z,0.0
UB6 9EY,SEPD,HV,1,TM7567,688,2026-06-26T12:04:15Z,2026-06-26T12:04:15Z,0.0
UB6 9HA,SEPD,HV,1,TM7567,688,2026-06-26T12:04:15Z,2026-06-26T12:04:15Z,0.0
UB6 9HB,SEPD,HV,1,TM7567,688,2026-06-26T12:04:15Z,2026-06-26T12:04:15Z,0.0
UB6 9HE,SEPD,HV,1,TM7567,688,2026-06-26T12:04:15Z,2026-06-26T12:04:15Z,0.0
UB6 9HF,SEPD,HV,1,TM7567,688,2026-06-26T12:04:15Z,2026-06-26T12:04:15Z,0.0
UB6 9HH,SEPD,HV,1,TM7567,688,2026-06-26T12:04:15Z,2026-06-26T12:04:15Z,0.0
UB6 9HJ,SEPD,HV,1,TM7567,688,2026-06-26T12:04:15Z,2026-06-26T12:04:15Z,0.0
UB6 9HL,SEPD,HV,1,TM7567,688,2026-06-26T12:04:15Z,2026-06-26T12:04:15Z,0.0
UB6 9HN,SEPD,HV,1,TM7567,688,2026-06-26T12:04:15Z,2026-06-26T12:04:15Z,0.0
UB6 9HP,SEPD,HV,1,TM7567,688,2026-06-26T12:04:15Z,2026-06-26T12:04:15Z,0.0
UB6 9HQ,SEPD,HV,1,TM7567,688,2026-06-26T12:04:15Z,2026-06-26T12:04:15Z,0.0
UB6 9HR,SEPD,HV,1,TM7567,688,2026-06-26T12:04:15Z,2026-06-26T12:04:15Z,0.0
UB6 9HS,SEPD,HV,1,TM7567,688,2026-06-26T12:04:15Z,2026-06-26T12:04:15Z,0.0
UB6 9HT,SEPD,HV,1,TM7567,688,2026-06-26T12:04:15Z,2026-06-26T12:04:15Z,0.0
UB6 9HU,SEPD,HV,1,TM7567,688,2026-06-26T12:04:15Z,2026-06-26T12:04:15Z,0.0
UB6 9HW,SEPD,HV,1,TM7567,688,2026-06-26T12:04:15Z,2026-06-26T12:04:15Z,0.0
UB6 9HX,SEPD,HV,1,TM7567,688,2026-06-26T12:04:15Z,2026-06-26T12:04:15Z,0.0
UB6 9HY,SEPD,HV,1,TM7567,688,2026-06-26T12:04:15Z,2026-06-26T12:04:15Z,0.0
UB6 9HZ,SEPD,HV,1,TM7567,688,2026-06-26T12:04:15Z,2026-06-26T12:04:15Z,0.0
UB6 9JA,SEPD,HV,1,TM7567,688,2026-06-26T12:04:15Z,2026-06-26T12:04:15Z,0.0
UB6 9QD,SEPD,HV,1,TM7567,688,2026-06-26T12:04:15Z,2026-06-26T12:04:15Z,0.0
UB7 7GH,SEPD,LV,1,TK7683,37,2026-06-22T19:46:47Z,2026-06-22T19:46:47Z,0.0
UB7 7RN,SEPD,LV,1,TK7683,37,2026-06-22T19:46:47Z,2026-06-22T19:46:47Z,0.0
UB7 7RS,SEPD,LV,1,TK7683,37,2026-06-22T19:46:47Z,2026-06-22T19:46:47Z,0.0
UB7 7RU,SEPD,LV,1,TK7683,37,2026-06-22T19:46:47Z,2026-06-22T19:46:47Z,0.0
UB7 7RW,SEPD,LV,1,TK7683,37,2026-06-22T19:46:47Z,2026-06-22T19:46:47Z,0.0
UB7 7TG,SEPD,LV,1,TK7683,37,2026-06-22T19:46:47Z,2026-06-22T19:46:47Z,0.0
UB7 7TR,SEPD,LV,1,TK7683,37,2026-06-22T19:46:47Z,2026-06-22T19:46:47Z,0.0
UB7 7TS,SEPD,LV,1,TK7683,37,2026-06-22T19:46:47Z,2026-06-22T19:46:47Z,0.0
UB7 7TT,SEPD,LV,1,TK7683,37,2026-06-22T19:46:47Z,2026-06-22T19:46:47Z,0.0
UB7 8DA,SEPD,PSI,1,252713,3,2026-06-28T09:47:12Z,2026-06-28T09:47:12Z,0.0
UB8 2LT,SEPD,LV,1,TK9261,4,2026-06-23T11:50:26Z,2026-06-23T11:50:26Z,0.0
UB8 2XW,SEPD,LV,1,TK9261,4,2026-06-23T11:50:26Z,2026-06-23T11:50:26Z,0.0
UB8 3GA,SEPD,PSI,1,252713,3,2026-06-28T09:47:12Z,2026-06-28T09:47:12Z,0.0
W13 8QY,SEPD,LV,1,TM9028,27,2026-06-27T00:17:17Z,2026-06-27T00:17:17Z,0.0
W13 8RA,SEPD,LV,1,TM9028,27,2026-06-27T00:17:17Z,2026-06-27T00:17:17Z,0.0
W13 8RG,SEPD,LV,1,TM9028,27,2026-06-27T00:17:17Z,2026-06-27T00:17:17Z,0.0
W13 8RJ,SEPD,LV,1,TM9028,27,2026-06-27T00:17:17Z,2026-06-27T00:17:17Z,0.0
W13 8RP,SEPD,LV,1,TM9028,27,2026-06-27T00:17:17Z,2026-06-27T00:17:17Z,0.0
W13 8RQ,SEPD,LV,1,TM9028,27,2026-06-27T00:17:17Z,2026-06-27T00:17:17Z,0.0
W13 9JZ,SEPD,LV,1,TK6618,32,2026-06-22T11:21:18Z,2026-06-22T11:21:18Z,0.0
W13 9LE,SEPD,LV,1,TK6618,32,2026-06-22T11:21:18Z,2026-06-22T11:21:18Z,0.0
W4 1SZ,SEPD,LV,1,TM5048,37,2026-06-26T09:45:43Z,2026-06-26T09:45:43Z,0.0
W4 1TE,SEPD,LV,1,TM5048,37,2026-06-26T09:45:43Z,2026-06-26T09:45:43Z,0.0
W4 1TH,SEPD,LV,1,TM5048,37,2026-06-26T09:45:43Z,2026-06-26T09:45:43Z,0.0
W4 1TN,SEPD,LV,1,TM5048,37,2026-06-26T09:45:43Z,2026-06-26T09:45:43Z,0.0
W4 1TP,SEPD,LV,1,TM5048,37,2026-06-26T09:45:43Z,2026-06-26T09:45:43Z,0.0
W4 1TS,SEPD,LV,1,TM5048,37,2026-06-26T09:45:43Z,2026-06-26T09:45:43Z,0.0
W4 1TW,SEPD,LV,1,TM5048,37,2026-06-26T09:45:43Z,2026-06-26T09:45:43Z,0.0
W4 2ND,SEPD,LV,1,TM5048,37,2026-06-26T09:45:43Z,2026-06-26T09:45:43Z,0.0
W5 2UA,SEPD,LV,1,TM9028,27,2026-06-27T00:17:17Z,2026-06-27T00:17:17Z,0.0
W5 4SH,SEPD,LV,1,TM4378,27,2026-06-25T13:10:43Z,2026-06-25T13:10:43Z,0.0
W5 4SJ,SEPD,LV,1,TM4378,27,2026-06-25T13:10:43Z,2026-06-25T13:10:43Z,0.0
W5 4SL,SEPD,LV,1,TM4378,27,2026-06-25T13:10:43Z,2026-06-25T13:10:43Z,0.0
