postcode,network,outage_type,outage_count,outage_refs,total_customers_affected,first_seen,last_seen,time_off_supply_hours_total_approx
BH24 1JQ,SEPD,"PSI,LV",3,"252242,252245,TJ9224",484,2026-06-14T11:50:56Z,2026-06-16T12:32:38Z,33.9
BH24 3EN,SEPD,"PSI,LV",3,"252242,252245,TJ9224",484,2026-06-14T11:50:56Z,2026-06-16T12:32:38Z,33.9
BH24 3HR,SEPD,"PSI,LV",3,"252242,252245,TJ9224",484,2026-06-14T11:50:56Z,2026-06-16T12:32:38Z,33.9
RG6 3AP,SEPD,LV,3,"TJ8157,TJ8158,TK4850",64,2026-06-14T22:38:46Z,2026-06-20T13:46:19Z,30.03
RG6 3AR,SEPD,LV,3,"TJ8157,TJ8158,TK4850",64,2026-06-14T22:38:46Z,2026-06-20T13:46:19Z,30.03
RG6 3AS,SEPD,LV,3,"TJ8157,TJ8158,TK4850",64,2026-06-14T22:38:46Z,2026-06-20T13:46:19Z,30.03
RG6 3AX,SEPD,LV,3,"TJ8157,TJ8158,TK4850",64,2026-06-14T22:38:46Z,2026-06-20T13:46:19Z,30.03
RG6 3AY,SEPD,LV,3,"TJ8157,TJ8158,TK4850",64,2026-06-14T22:38:46Z,2026-06-20T13:46:19Z,30.03
BH24 3BX,SEPD,PSI,4,"252077,252098,252247,252248",83,2026-06-17T10:02:27Z,2026-06-21T11:50:55Z,23.72
SN2 2LU,SEPD,LV,2,"TK4952,TK5384",34,2026-06-20T01:56:34Z,2026-06-21T09:02:32Z,23.16
SN2 2LY,SEPD,LV,2,"TK4952,TK5384",34,2026-06-20T01:56:34Z,2026-06-21T09:02:32Z,23.16
SN2 2LZ,SEPD,LV,2,"TK4952,TK5384",34,2026-06-20T01:56:34Z,2026-06-21T09:02:32Z,23.16
BH24 3EB,SEPD,PSI,4,"252093,252095,252247,252248",85,2026-06-17T10:02:27Z,2026-06-19T13:47:21Z,22.42
BH24 3EA,SEPD,PSI,4,"252093,252247,252248,252250",135,2026-06-17T10:02:27Z,2026-06-18T14:16:29Z,22.02
BH24 3DY,SEPD,PSI,4,"252235,252238,252242,252245",554,2026-06-14T11:50:56Z,2026-06-16T12:32:38Z,21.65
BH24 1QR,SEPD,PSI,3,"252235,252242,252245",531,2026-06-14T11:50:56Z,2026-06-15T13:39:15Z,21.65
BH24 1QU,SEPD,PSI,3,"252235,252242,252245",531,2026-06-14T11:50:56Z,2026-06-15T13:39:15Z,21.65
BH24 3DR,SEPD,PSI,3,"252235,252242,252245",531,2026-06-14T11:50:56Z,2026-06-15T13:39:15Z,21.65
BH24 3DU,SEPD,PSI,3,"252235,252242,252245",531,2026-06-14T11:50:56Z,2026-06-15T13:39:15Z,21.65
BH24 3EL,SEPD,PSI,3,"252235,252242,252245",531,2026-06-14T11:50:56Z,2026-06-15T13:39:15Z,21.65
BH24 3HE,SEPD,PSI,4,"252238,252239,252242,252245",520,2026-06-14T11:50:56Z,2026-06-17T13:54:46Z,19.5
BH24 3HF,SEPD,PSI,4,"252238,252239,252242,252245",520,2026-06-14T11:50:56Z,2026-06-17T13:54:46Z,19.5
BH24 1RE,SEPD,PSI,3,"252095,252247,252248",67,2026-06-17T10:02:27Z,2026-06-19T13:47:21Z,19.09
BH24 3DH,SEPD,PSI,3,"252093,252247,252248",80,2026-06-17T10:02:27Z,2026-06-18T14:16:29Z,18.69
BH24 3ED,SEPD,PSI,3,"252093,252247,252248",80,2026-06-17T10:02:27Z,2026-06-18T14:16:29Z,18.69
BH24 3EY,SEPD,PSI,3,"252093,252247,252248",80,2026-06-17T10:02:27Z,2026-06-18T14:16:29Z,18.69
RG14 7SB,SEPD,LV,1,TJ9186,13,2026-06-15T18:16:33Z,2026-06-16T12:32:38Z,18.27
RG14 7SD,SEPD,LV,1,TJ9186,13,2026-06-15T18:16:33Z,2026-06-16T12:32:38Z,18.27
HP13 5AB,SEPD,LV,1,TK5677,31,2026-06-20T15:25:55Z,2026-06-21T09:02:32Z,17.61
HP13 5AD,SEPD,LV,1,TK5677,31,2026-06-20T15:25:55Z,2026-06-21T09:02:32Z,17.61
HP13 5AE,SEPD,LV,1,TK5677,31,2026-06-20T15:25:55Z,2026-06-21T09:02:32Z,17.61
HP13 5AF,SEPD,LV,1,TK5677,31,2026-06-20T15:25:55Z,2026-06-21T09:02:32Z,17.61
HP13 5PS,SEPD,LV,1,TK5677,31,2026-06-20T15:25:55Z,2026-06-21T09:02:32Z,17.61
HP13 6BG,SEPD,LV,1,TK5677,31,2026-06-20T15:25:55Z,2026-06-21T09:02:32Z,17.61
HP13 6BN,SEPD,LV,1,TK5677,31,2026-06-20T15:25:55Z,2026-06-21T09:02:32Z,17.61
HP13 6BP,SEPD,LV,1,TK5677,31,2026-06-20T15:25:55Z,2026-06-21T09:02:32Z,17.61
TW8 8LE,SEPD,HV,1,TK0680,3,2026-06-16T20:31:54Z,2026-06-17T13:54:46Z,17.38
TW8 8LH,SEPD,HV,1,TK0680,3,2026-06-16T20:31:54Z,2026-06-17T13:54:46Z,17.38
TW8 8LN,SEPD,HV,1,TK0680,3,2026-06-16T20:31:54Z,2026-06-17T13:54:46Z,17.38
PA21 2AB,SHEPD,HV,3,"TK5681,TK5786,TK5824",212,2026-06-20T15:25:55Z,2026-06-21T11:50:55Z,15.86
PA21 2AH,SHEPD,HV,3,"TK5681,TK5786,TK5824",212,2026-06-20T15:25:55Z,2026-06-21T11:50:55Z,15.86
SN11 8PE,SEPD,LV,1,TJ8244,14,2026-06-15T07:38:15Z,2026-06-15T23:20:13Z,15.7
SN11 8PF,SEPD,LV,1,TJ8244,14,2026-06-15T07:38:15Z,2026-06-15T23:20:13Z,15.7
SN11 8PL,SEPD,LV,1,TJ8244,14,2026-06-15T07:38:15Z,2026-06-15T23:20:13Z,15.7
SN11 8PP,SEPD,LV,1,TJ8244,14,2026-06-15T07:38:15Z,2026-06-15T23:20:13Z,15.7
SN11 8PW,SEPD,LV,1,TJ8244,14,2026-06-15T07:38:15Z,2026-06-15T23:20:13Z,15.7
BH24 3HA,SEPD,PSI,3,"252238,252242,252245",501,2026-06-14T11:50:56Z,2026-06-16T12:32:38Z,15.63
BH24 3HB,SEPD,PSI,3,"252238,252242,252245",501,2026-06-14T11:50:56Z,2026-06-16T12:32:38Z,15.63
BH24 3HD,SEPD,PSI,3,"252238,252242,252245",501,2026-06-14T11:50:56Z,2026-06-16T12:32:38Z,15.63
BH24 1EU,SEPD,PSI,2,"252242,252245",478,2026-06-14T11:50:56Z,2026-06-15T02:09:17Z,15.63
BH24 1QY,SEPD,PSI,2,"252242,252245",478,2026-06-14T11:50:56Z,2026-06-15T02:09:17Z,15.63
BH24 1XX,SEPD,PSI,2,"252242,252245",478,2026-06-14T11:50:56Z,2026-06-15T02:09:17Z,15.63
BH24 1XY,SEPD,PSI,2,"252242,252245",478,2026-06-14T11:50:56Z,2026-06-15T02:09:17Z,15.63
BH24 1XZ,SEPD,PSI,2,"252242,252245",478,2026-06-14T11:50:56Z,2026-06-15T02:09:17Z,15.63
BH24 3EU,SEPD,PSI,2,"252242,252245",478,2026-06-14T11:50:56Z,2026-06-15T02:09:17Z,15.63
BH24 3HG,SEPD,PSI,2,"252242,252245",478,2026-06-14T11:50:56Z,2026-06-15T02:09:17Z,15.63
OX7 5DD,SEPD,LV,1,TK1828,3,2026-06-17T23:05:25Z,2026-06-18T14:16:29Z,15.18
OX7 5LH,SEPD,LV,1,TK1828,3,2026-06-17T23:05:25Z,2026-06-18T14:16:29Z,15.18
SL5 8EN,SEPD,LV,1,TJ8145,28,2026-06-14T22:38:46Z,2026-06-15T13:39:15Z,15.01
SL5 8TA,SEPD,LV,1,TJ8145,28,2026-06-14T22:38:46Z,2026-06-15T13:39:15Z,15.01
SL5 8TB,SEPD,LV,1,TJ8145,28,2026-06-14T22:38:46Z,2026-06-15T13:39:15Z,15.01
SL5 8TL,SEPD,LV,1,TJ8145,28,2026-06-14T22:38:46Z,2026-06-15T13:39:15Z,15.01
SL5 8TN,SEPD,LV,1,TJ8145,28,2026-06-14T22:38:46Z,2026-06-15T13:39:15Z,15.01
SL5 8TW,SEPD,LV,1,TJ8145,28,2026-06-14T22:38:46Z,2026-06-15T13:39:15Z,15.01
SP10 3AZ,SEPD,LV,1,TK3632,23,2026-06-19T05:23:39Z,2026-06-19T20:09:07Z,14.76
SP10 3BA,SEPD,LV,1,TK3632,23,2026-06-19T05:23:39Z,2026-06-19T20:09:07Z,14.76
SP10 3BD,SEPD,LV,1,TK3632,23,2026-06-19T05:23:39Z,2026-06-19T20:09:07Z,14.76
SP10 3EF,SEPD,LV,1,TK3632,23,2026-06-19T05:23:39Z,2026-06-19T20:09:07Z,14.76
SP10 3GA,SEPD,LV,1,TK3632,23,2026-06-19T05:23:39Z,2026-06-19T20:09:07Z,14.76
GU15 4DY,SEPD,LV,1,TJ9363,24,2026-06-15T23:20:13Z,2026-06-16T12:32:38Z,13.21
GU15 4EG,SEPD,LV,1,TJ9363,24,2026-06-15T23:20:13Z,2026-06-16T12:32:38Z,13.21
GU15 4EL,SEPD,LV,1,TJ9363,24,2026-06-15T23:20:13Z,2026-06-16T12:32:38Z,13.21
GU15 4EP,SEPD,LV,1,TJ9363,24,2026-06-15T23:20:13Z,2026-06-16T12:32:38Z,13.21
GU15 4HD,SEPD,LV,1,TJ9363,24,2026-06-15T23:20:13Z,2026-06-16T12:32:38Z,13.21
GU15 4HG,SEPD,LV,1,TJ9363,24,2026-06-15T23:20:13Z,2026-06-16T12:32:38Z,13.21
HP11 1QL,SEPD,LV,1,TK2630,7,2026-06-18T10:56:41Z,2026-06-19T00:07:41Z,13.18
HP11 2UT,SEPD,LV,1,TK2630,7,2026-06-18T10:56:41Z,2026-06-19T00:07:41Z,13.18
HP11 2XA,SEPD,LV,1,TK2630,7,2026-06-18T10:56:41Z,2026-06-19T00:07:41Z,13.18
KA27 8EY,SHEPD,HV,3,"TK5681,TK5786,TK5824",212,2026-06-20T15:25:55Z,2026-06-21T09:02:32Z,13.05
BH21 2NN,SEPD,LV,1,TJ9470,6,2026-06-16T07:42:17Z,2026-06-16T20:31:54Z,12.83
RG29 1QJ,SEPD,LV,2,"TK2124,TK4093",34,2026-06-18T01:40:26Z,2026-06-19T10:03:19Z,12.6
RG29 1QL,SEPD,LV,2,"TK2124,TK4093",34,2026-06-18T01:40:26Z,2026-06-19T10:03:19Z,12.6
RG29 1QN,SEPD,LV,2,"TK2124,TK4093",34,2026-06-18T01:40:26Z,2026-06-19T10:03:19Z,12.6
RG29 1QP,SEPD,LV,2,"TK2124,TK4093",34,2026-06-18T01:40:26Z,2026-06-19T10:03:19Z,12.6
PO8 0EH,SEPD,LV,1,TJ8200,30,2026-06-15T13:39:15Z,2026-06-16T02:03:34Z,12.41
PO8 0EL,SEPD,LV,1,TJ8200,30,2026-06-15T13:39:15Z,2026-06-16T02:03:34Z,12.41
PO8 0EN,SEPD,LV,1,TJ8200,30,2026-06-15T13:39:15Z,2026-06-16T02:03:34Z,12.41
PO8 0EP,SEPD,LV,1,TJ8200,30,2026-06-15T13:39:15Z,2026-06-16T02:03:34Z,12.41
PO8 0ER,SEPD,LV,1,TJ8200,30,2026-06-15T13:39:15Z,2026-06-16T02:03:34Z,12.41
PO8 0EW,SEPD,LV,1,TJ8200,30,2026-06-15T13:39:15Z,2026-06-16T02:03:34Z,12.41
PO8 0EY,SEPD,LV,1,TJ8200,30,2026-06-15T13:39:15Z,2026-06-16T02:03:34Z,12.41
PO8 0HB,SEPD,LV,1,TJ8200,30,2026-06-15T13:39:15Z,2026-06-16T02:03:34Z,12.41
PO8 0HE,SEPD,LV,1,TJ8200,30,2026-06-15T13:39:15Z,2026-06-16T02:03:34Z,12.41
GU12 4DD,SEPD,LV,1,TK4711,12,2026-06-19T18:19:18Z,2026-06-20T06:38:18Z,12.32
GU12 4HA,SEPD,LV,1,TK4711,12,2026-06-19T18:19:18Z,2026-06-20T06:38:18Z,12.32
GU12 4QE,SEPD,LV,1,TK4711,12,2026-06-19T18:19:18Z,2026-06-20T06:38:18Z,12.32
GU12 4WD,SEPD,LV,1,TK4711,12,2026-06-19T18:19:18Z,2026-06-20T06:38:18Z,12.32
BH21 6SD,SEPD,HV,2,"TK1550,TK5640",29,2026-06-17T13:54:46Z,2026-06-20T20:08:15Z,12.22
BH21 7JP,SEPD,HV,2,"TK1550,TK5640",29,2026-06-17T13:54:46Z,2026-06-20T20:08:15Z,12.22
BH21 7JS,SEPD,HV,2,"TK1550,TK5640",29,2026-06-17T13:54:46Z,2026-06-20T20:08:15Z,12.22
OX2 6AP,SEPD,LV,1,TK4934,38,2026-06-19T23:47:34Z,2026-06-20T11:52:35Z,12.08
OX2 6AT,SEPD,LV,1,TK4934,38,2026-06-19T23:47:34Z,2026-06-20T11:52:35Z,12.08
OX2 6AU,SEPD,LV,1,TK4934,38,2026-06-19T23:47:34Z,2026-06-20T11:52:35Z,12.08
OX2 6AY,SEPD,LV,1,TK4934,38,2026-06-19T23:47:34Z,2026-06-20T11:52:35Z,12.08
OX2 6AZ,SEPD,LV,1,TK4934,38,2026-06-19T23:47:34Z,2026-06-20T11:52:35Z,12.08
OX2 6BB,SEPD,LV,1,TK4934,38,2026-06-19T23:47:34Z,2026-06-20T11:52:35Z,12.08
OX2 6BN,SEPD,LV,1,TK4934,38,2026-06-19T23:47:34Z,2026-06-20T11:52:35Z,12.08
OX2 6BP,SEPD,LV,1,TK4934,38,2026-06-19T23:47:34Z,2026-06-20T11:52:35Z,12.08
SL4 6JN,SEPD,LV,1,TK2106,23,2026-06-17T23:05:25Z,2026-06-18T10:56:41Z,11.85
SL4 6LT,SEPD,LV,1,TK2106,23,2026-06-17T23:05:25Z,2026-06-18T10:56:41Z,11.85
SL4 6LU,SEPD,LV,1,TK2106,23,2026-06-17T23:05:25Z,2026-06-18T10:56:41Z,11.85
SL4 6LZ,SEPD,LV,1,TK2106,23,2026-06-17T23:05:25Z,2026-06-18T10:56:41Z,11.85
RG19 3FE,SEPD,LV,1,TJ8099,32,2026-06-14T19:57:06Z,2026-06-15T07:38:15Z,11.69
RG19 3XP,SEPD,LV,1,TJ8099,32,2026-06-14T19:57:06Z,2026-06-15T07:38:15Z,11.69
SP10 3HF,SEPD,LV,1,TK3573,14,2026-06-18T22:22:12Z,2026-06-19T10:03:19Z,11.69
SP10 3JA,SEPD,LV,1,TK3573,14,2026-06-18T22:22:12Z,2026-06-19T10:03:19Z,11.69
SP10 3RS,SEPD,LV,1,TK3573,14,2026-06-18T22:22:12Z,2026-06-19T10:03:19Z,11.69
SP10 3UY,SEPD,LV,1,TK3573,14,2026-06-18T22:22:12Z,2026-06-19T10:03:19Z,11.69
SL6 7PP,SEPD,LV,1,TK0904,33,2026-06-17T10:02:27Z,2026-06-17T21:31:48Z,11.49
SL6 7PR,SEPD,LV,1,TK0904,33,2026-06-17T10:02:27Z,2026-06-17T21:31:48Z,11.49
SL6 7PT,SEPD,LV,1,TK0904,33,2026-06-17T10:02:27Z,2026-06-17T21:31:48Z,11.49
SL6 7SX,SEPD,LV,1,TK0904,33,2026-06-17T10:02:27Z,2026-06-17T21:31:48Z,11.49
SL6 7UE,SEPD,LV,1,TK0904,33,2026-06-17T10:02:27Z,2026-06-17T21:31:48Z,11.49
SL6 7UF,SEPD,LV,1,TK0904,33,2026-06-17T10:02:27Z,2026-06-17T21:31:48Z,11.49
SL6 7UG,SEPD,LV,1,TK0904,33,2026-06-17T10:02:27Z,2026-06-17T21:31:48Z,11.49
SL6 7UQ,SEPD,LV,1,TK0904,33,2026-06-17T10:02:27Z,2026-06-17T21:31:48Z,11.49
IV27 4TL,SHEPD,"PSI,HV",4,"251802,251810,251811,TK2097",84,2026-06-17T10:02:27Z,2026-06-20T15:25:55Z,10.98
GU32 1BN,SEPD,HV,1,TK0136,16,2026-06-16T12:32:38Z,2026-06-16T22:33:13Z,10.01
GU32 1BW,SEPD,HV,1,TK0136,16,2026-06-16T12:32:38Z,2026-06-16T22:33:13Z,10.01
GU32 1BZ,SEPD,HV,1,TK0136,16,2026-06-16T12:32:38Z,2026-06-16T22:33:13Z,10.01
GU32 1DA,SEPD,HV,1,TK0136,16,2026-06-16T12:32:38Z,2026-06-16T22:33:13Z,10.01
GU32 1EQ,SEPD,HV,1,TK0136,16,2026-06-16T12:32:38Z,2026-06-16T22:33:13Z,10.01
GU34 3PY,SEPD,HV,1,TK0136,16,2026-06-16T12:32:38Z,2026-06-16T22:33:13Z,10.01
PO15 6FL,SEPD,LV,1,TJ7905,11,2026-06-14T13:10:01Z,2026-06-14T22:38:46Z,9.48
PO15 6JE,SEPD,LV,1,TJ7905,11,2026-06-14T13:10:01Z,2026-06-14T22:38:46Z,9.48
PO15 6LA,SEPD,LV,1,TJ7905,11,2026-06-14T13:10:01Z,2026-06-14T22:38:46Z,9.48
PO15 6PZ,SEPD,LV,1,TJ7905,11,2026-06-14T13:10:01Z,2026-06-14T22:38:46Z,9.48
W4 5BW,SEPD,LV,1,TK2307,32,2026-06-18T01:40:26Z,2026-06-18T10:56:41Z,9.27
W4 5HE,SEPD,LV,1,TK2307,32,2026-06-18T01:40:26Z,2026-06-18T10:56:41Z,9.27
W4 5HH,SEPD,LV,1,TK2307,32,2026-06-18T01:40:26Z,2026-06-18T10:56:41Z,9.27
W4 5HL,SEPD,LV,1,TK2307,32,2026-06-18T01:40:26Z,2026-06-18T10:56:41Z,9.27
W4 5HY,SEPD,LV,1,TK2307,32,2026-06-18T01:40:26Z,2026-06-18T10:56:41Z,9.27
W4 5JN,SEPD,LV,1,TK2307,32,2026-06-18T01:40:26Z,2026-06-18T10:56:41Z,9.27
W4 5JW,SEPD,LV,1,TK2307,32,2026-06-18T01:40:26Z,2026-06-18T10:56:41Z,9.27
W4 5ST,SEPD,LV,1,TK2307,32,2026-06-18T01:40:26Z,2026-06-18T10:56:41Z,9.27
W4 5SU,SEPD,LV,1,TK2307,32,2026-06-18T01:40:26Z,2026-06-18T10:56:41Z,9.27
W4 5SX,SEPD,LV,1,TK2307,32,2026-06-18T01:40:26Z,2026-06-18T10:56:41Z,9.27
W4 5SZ,SEPD,LV,1,TK2307,32,2026-06-18T01:40:26Z,2026-06-18T10:56:41Z,9.27
BH21 6SE,SEPD,HV,1,TK1550,21,2026-06-17T13:54:46Z,2026-06-17T23:05:25Z,9.18
DD4 8QT,SHEPD,LV,1,TK1758,17,2026-06-17T13:54:46Z,2026-06-17T23:05:25Z,9.18
DD4 8RF,SHEPD,LV,1,TK1758,17,2026-06-17T13:54:46Z,2026-06-17T23:05:25Z,9.18
DD4 8RG,SHEPD,LV,1,TK1758,17,2026-06-17T13:54:46Z,2026-06-17T23:05:25Z,9.18
PA21 2BB,SHEPD,HV,3,"TK5681,TK5786,TK5824",212,2026-06-20T15:25:55Z,2026-06-21T05:09:41Z,9.17
PA21 2BN,SHEPD,HV,3,"TK5681,TK5786,TK5824",212,2026-06-20T15:25:55Z,2026-06-21T05:09:41Z,9.17
PA21 2BP,SHEPD,HV,3,"TK5681,TK5786,TK5824",212,2026-06-20T15:25:55Z,2026-06-21T05:09:41Z,9.17
PA21 2BS,SHEPD,HV,3,"TK5681,TK5786,TK5824",212,2026-06-20T15:25:55Z,2026-06-21T05:09:41Z,9.17
PA21 2BW,SHEPD,HV,3,"TK5681,TK5786,TK5824",212,2026-06-20T15:25:55Z,2026-06-21T05:09:41Z,9.17
PA21 2BX,SHEPD,HV,3,"TK5681,TK5786,TK5824",212,2026-06-20T15:25:55Z,2026-06-21T05:09:41Z,9.17
PA21 2BY,SHEPD,HV,3,"TK5681,TK5786,TK5824",212,2026-06-20T15:25:55Z,2026-06-21T05:09:41Z,9.17
PA21 2DA,SHEPD,HV,3,"TK5681,TK5786,TK5824",212,2026-06-20T15:25:55Z,2026-06-21T05:09:41Z,9.17
PA23,SHEPD,HV,3,"TK5681,TK5786,TK5824",212,2026-06-20T15:25:55Z,2026-06-21T05:09:41Z,9.17
PO33 3AG,SEPD,LV,1,TK5866,8,2026-06-20T23:55:00Z,2026-06-21T09:02:32Z,9.13
PO33 3AJ,SEPD,LV,1,TK5866,8,2026-06-20T23:55:00Z,2026-06-21T09:02:32Z,9.13
BH16 5AA,SEPD,LV,1,TK5037,25,2026-06-20T09:52:43Z,2026-06-20T18:44:54Z,8.87
BH16 5AY,SEPD,LV,1,TK5037,25,2026-06-20T09:52:43Z,2026-06-20T18:44:54Z,8.87
BH16 5DB,SEPD,LV,1,TK5037,25,2026-06-20T09:52:43Z,2026-06-20T18:44:54Z,8.87
BH16 5DH,SEPD,LV,1,TK5037,25,2026-06-20T09:52:43Z,2026-06-20T18:44:54Z,8.87
BH16 5DJ,SEPD,LV,1,TK5037,25,2026-06-20T09:52:43Z,2026-06-20T18:44:54Z,8.87
GU20 6DP,SEPD,LV,1,TK5356,29,2026-06-20T09:52:43Z,2026-06-20T18:44:54Z,8.87
GU20 6DU,SEPD,LV,1,TK5356,29,2026-06-20T09:52:43Z,2026-06-20T18:44:54Z,8.87
GU20 6EA,SEPD,LV,1,TK5356,29,2026-06-20T09:52:43Z,2026-06-20T18:44:54Z,8.87
GU20 6EB,SEPD,LV,1,TK5356,29,2026-06-20T09:52:43Z,2026-06-20T18:44:54Z,8.87
GU20 6ED,SEPD,LV,1,TK5356,29,2026-06-20T09:52:43Z,2026-06-20T18:44:54Z,8.87
GU20 6EE,SEPD,LV,1,TK5356,29,2026-06-20T09:52:43Z,2026-06-20T18:44:54Z,8.87
GU20 6HB,SEPD,LV,1,TK5356,29,2026-06-20T09:52:43Z,2026-06-20T18:44:54Z,8.87
GU29 9TA,SEPD,LV,1,TK5015,44,2026-06-20T06:38:18Z,2026-06-20T15:25:55Z,8.79
GU29 9TD,SEPD,LV,1,TK5015,44,2026-06-20T06:38:18Z,2026-06-20T15:25:55Z,8.79
GU29 9TG,SEPD,LV,1,TK5015,44,2026-06-20T06:38:18Z,2026-06-20T15:25:55Z,8.79
GU29 9TQ,SEPD,LV,1,TK5015,44,2026-06-20T06:38:18Z,2026-06-20T15:25:55Z,8.79
SO21 2AS,SEPD,LV,1,TK5497,26,2026-06-20T11:52:35Z,2026-06-20T20:08:15Z,8.26
SO21 2AT,SEPD,LV,1,TK5497,26,2026-06-20T11:52:35Z,2026-06-20T20:08:15Z,8.26
SO21 2AU,SEPD,LV,1,TK5497,26,2026-06-20T11:52:35Z,2026-06-20T20:08:15Z,8.26
SO21 2AX,SEPD,LV,1,TK5497,26,2026-06-20T11:52:35Z,2026-06-20T20:08:15Z,8.26
SO21 2AY,SEPD,LV,1,TK5497,26,2026-06-20T11:52:35Z,2026-06-20T20:08:15Z,8.26
SO21 2AZ,SEPD,LV,1,TK5497,26,2026-06-20T11:52:35Z,2026-06-20T20:08:15Z,8.26
SO21 2FF,SEPD,LV,1,TK5497,26,2026-06-20T11:52:35Z,2026-06-20T20:08:15Z,8.26
SL4 1RU,SEPD,LV,2,"TK3559,TK3837",82,2026-06-18T22:22:12Z,2026-06-19T16:25:07Z,8.12
SL4 1RZ,SEPD,LV,2,"TK3559,TK3837",82,2026-06-18T22:22:12Z,2026-06-19T16:25:07Z,8.12
SL4 1SA,SEPD,LV,2,"TK3559,TK3837",82,2026-06-18T22:22:12Z,2026-06-19T16:25:07Z,8.12
SL4 1SE,SEPD,LV,2,"TK3559,TK3837",82,2026-06-18T22:22:12Z,2026-06-19T16:25:07Z,8.12
SL4 1SH,SEPD,LV,2,"TK3559,TK3837",82,2026-06-18T22:22:12Z,2026-06-19T16:25:07Z,8.12
SL4 1SJ,SEPD,LV,2,"TK3559,TK3837",82,2026-06-18T22:22:12Z,2026-06-19T16:25:07Z,8.12
SL4 1SP,SEPD,LV,2,"TK3559,TK3837",82,2026-06-18T22:22:12Z,2026-06-19T16:25:07Z,8.12
SO43 7AA,SEPD,LV,1,TJ9204,17,2026-06-15T18:16:33Z,2026-06-16T02:03:34Z,7.78
SO43 7AE,SEPD,LV,1,TJ9204,17,2026-06-15T18:16:33Z,2026-06-16T02:03:34Z,7.78
SO43 7AH,SEPD,LV,1,TJ9204,17,2026-06-15T18:16:33Z,2026-06-16T02:03:34Z,7.78
SO43 7AJ,SEPD,LV,1,TJ9204,17,2026-06-15T18:16:33Z,2026-06-16T02:03:34Z,7.78
SO43 7AL,SEPD,LV,1,TJ9204,17,2026-06-15T18:16:33Z,2026-06-16T02:03:34Z,7.78
SO43 7AP,SEPD,LV,1,TJ9204,17,2026-06-15T18:16:33Z,2026-06-16T02:03:34Z,7.78
SO43 7AR,SEPD,LV,1,TJ9204,17,2026-06-15T18:16:33Z,2026-06-16T02:03:34Z,7.78
RG17 0PN,SEPD,PSI,3,"251612,251613,251615",101,2026-06-17T10:02:27Z,2026-06-19T10:03:19Z,7.2
IV53 8UJ,SHEPD,PSI,2,"252380,252381",21,2026-06-18T10:56:41Z,2026-06-19T13:47:21Z,7.06
IV53 8UP,SHEPD,PSI,2,"252380,252381",21,2026-06-18T10:56:41Z,2026-06-19T13:47:21Z,7.06
IV53 8UX,SHEPD,PSI,2,"252380,252381",21,2026-06-18T10:56:41Z,2026-06-19T13:47:21Z,7.06
GU35 9FT,SEPD,HV,1,TK4930,39,2026-06-19T23:47:34Z,2026-06-20T06:38:18Z,6.85
GU35 9LR,SEPD,HV,1,TK4930,39,2026-06-19T23:47:34Z,2026-06-20T06:38:18Z,6.85
GU35 9NF,SEPD,HV,1,TK4930,39,2026-06-19T23:47:34Z,2026-06-20T06:38:18Z,6.85
GU35 9NG,SEPD,HV,1,TK4930,39,2026-06-19T23:47:34Z,2026-06-20T06:38:18Z,6.85
GU35 9NH,SEPD,HV,1,TK4930,39,2026-06-19T23:47:34Z,2026-06-20T06:38:18Z,6.85
GU35 9NL,SEPD,HV,1,TK4930,39,2026-06-19T23:47:34Z,2026-06-20T06:38:18Z,6.85
GU35 9NZ,SEPD,HV,1,TK4930,39,2026-06-19T23:47:34Z,2026-06-20T06:38:18Z,6.85
PO20 8AZ,SEPD,HV,1,TK2620,127,2026-06-18T10:56:41Z,2026-06-18T17:36:33Z,6.66
PO20 8PX,SEPD,HV,1,TK2620,127,2026-06-18T10:56:41Z,2026-06-18T17:36:33Z,6.66
PO20 8PY,SEPD,HV,1,TK2620,127,2026-06-18T10:56:41Z,2026-06-18T17:36:33Z,6.66
PO20 8PZ,SEPD,HV,1,TK2620,127,2026-06-18T10:56:41Z,2026-06-18T17:36:33Z,6.66
PO20 8QA,SEPD,HV,1,TK2620,127,2026-06-18T10:56:41Z,2026-06-18T17:36:33Z,6.66
PO20 8QG,SEPD,HV,1,TK2620,127,2026-06-18T10:56:41Z,2026-06-18T17:36:33Z,6.66
PO20 8QQ,SEPD,HV,1,TK2620,127,2026-06-18T10:56:41Z,2026-06-18T17:36:33Z,6.66
RG31 4QU,SEPD,LV,1,TK0302,9,2026-06-16T17:35:54Z,2026-06-17T00:01:43Z,6.43
RG31 4QX,SEPD,LV,1,TK0302,9,2026-06-16T17:35:54Z,2026-06-17T00:01:43Z,6.43
RG31 4QY,SEPD,LV,1,TK0302,9,2026-06-16T17:35:54Z,2026-06-17T00:01:43Z,6.43
RG31 7QJ,SEPD,LV,1,TK0302,9,2026-06-16T17:35:54Z,2026-06-17T00:01:43Z,6.43
HP13 7BT,SEPD,LV,2,"TJ8185,TK1679",56,2026-06-15T07:38:15Z,2026-06-17T13:54:46Z,6.02
HP13 7BU,SEPD,LV,2,"TJ8185,TK1679",56,2026-06-15T07:38:15Z,2026-06-17T13:54:46Z,6.02
HP13 7DD,SEPD,LV,2,"TJ8185,TK1679",56,2026-06-15T07:38:15Z,2026-06-17T13:54:46Z,6.02
HP13 7DY,SEPD,LV,2,"TJ8185,TK1679",56,2026-06-15T07:38:15Z,2026-06-17T13:54:46Z,6.02
HP13 7DZ,SEPD,LV,2,"TJ8185,TK1679",56,2026-06-15T07:38:15Z,2026-06-17T13:54:46Z,6.02
HP13 7EA,SEPD,LV,2,"TJ8185,TK1679",56,2026-06-15T07:38:15Z,2026-06-17T13:54:46Z,6.02
HP13 7EE,SEPD,LV,2,"TJ8185,TK1679",56,2026-06-15T07:38:15Z,2026-06-17T13:54:46Z,6.02
HP13 7EF,SEPD,LV,2,"TJ8185,TK1679",56,2026-06-15T07:38:15Z,2026-06-17T13:54:46Z,6.02
HP13 7PL,SEPD,LV,2,"TJ8185,TK1679",56,2026-06-15T07:38:15Z,2026-06-17T13:54:46Z,6.02
GU10 1AA,SEPD,LV,1,TK4824,35,2026-06-19T20:09:07Z,2026-06-20T01:56:34Z,5.79
GU10 1AF,SEPD,LV,1,TK4824,35,2026-06-19T20:09:07Z,2026-06-20T01:56:34Z,5.79
GU10 1AG,SEPD,LV,1,TK4824,35,2026-06-19T20:09:07Z,2026-06-20T01:56:34Z,5.79
GU10 1AJ,SEPD,LV,1,TK4824,35,2026-06-19T20:09:07Z,2026-06-20T01:56:34Z,5.79
GU10 1AR,SEPD,LV,1,TK4824,35,2026-06-19T20:09:07Z,2026-06-20T01:56:34Z,5.79
GU10 1AW,SEPD,LV,1,TK4824,35,2026-06-19T20:09:07Z,2026-06-20T01:56:34Z,5.79
GU10 1BJ,SEPD,LV,1,TK4824,35,2026-06-19T20:09:07Z,2026-06-20T01:56:34Z,5.79
GU10 1BL,SEPD,LV,1,TK4824,35,2026-06-19T20:09:07Z,2026-06-20T01:56:34Z,5.79
GU10 1BQ,SEPD,LV,1,TK4824,35,2026-06-19T20:09:07Z,2026-06-20T01:56:34Z,5.79
GU10 1DA,SEPD,LV,1,TK4824,35,2026-06-19T20:09:07Z,2026-06-20T01:56:34Z,5.79
RG40 1PE,SEPD,LV,1,TK2925,10,2026-06-18T14:16:29Z,2026-06-18T19:55:48Z,5.66
RG40 1RD,SEPD,LV,1,TK2925,10,2026-06-18T14:16:29Z,2026-06-18T19:55:48Z,5.66
RG40 1RE,SEPD,LV,1,TK2925,10,2026-06-18T14:16:29Z,2026-06-18T19:55:48Z,5.66
IV27 4TH,SHEPD,PSI,2,"251810,251811",9,2026-06-19T10:03:19Z,2026-06-20T15:25:55Z,5.55
PO33 3TY,SEPD,LV,1,TK5334,26,2026-06-20T09:52:43Z,2026-06-20T15:25:55Z,5.55
PO33 3TZ,SEPD,LV,1,TK5334,26,2026-06-20T09:52:43Z,2026-06-20T15:25:55Z,5.55
PO33 3UH,SEPD,LV,1,TK5334,26,2026-06-20T09:52:43Z,2026-06-20T15:25:55Z,5.55
PO33 3UJ,SEPD,LV,1,TK5334,26,2026-06-20T09:52:43Z,2026-06-20T15:25:55Z,5.55
PO33 3UL,SEPD,LV,1,TK5334,26,2026-06-20T09:52:43Z,2026-06-20T15:25:55Z,5.55
IV27 4HW,SHEPD,"PSI,HV",3,"251802,251806,TK2097",96,2026-06-16T12:32:38Z,2026-06-17T23:05:25Z,5.43
BH6 3RA,SEPD,PSI,1,252608,41,2026-06-19T00:07:41Z,2026-06-19T05:23:39Z,5.27
BH6 3RB,SEPD,PSI,1,252608,41,2026-06-19T00:07:41Z,2026-06-19T05:23:39Z,5.27
BH6 5AB,SEPD,PSI,1,252608,41,2026-06-19T00:07:41Z,2026-06-19T05:23:39Z,5.27
BA11 1RE,SEPD,LV,2,"TK1217,TK5871",16,2026-06-17T10:02:27Z,2026-06-21T05:09:41Z,5.24
BA11 5JU,SEPD,LV,2,"TK1217,TK5871",16,2026-06-17T10:02:27Z,2026-06-21T05:09:41Z,5.24
OX10 7PX,SEPD,LV,2,"TK0437,TK4939",17,2026-06-16T17:35:54Z,2026-06-20T11:52:35Z,5.24
OX10 7QE,SEPD,LV,2,"TK0437,TK4939",17,2026-06-16T17:35:54Z,2026-06-20T11:52:35Z,5.24
BA15 2AE,SEPD,LV,1,TK5438,8,2026-06-20T11:52:35Z,2026-06-20T17:05:56Z,5.22
BA15 2AF,SEPD,LV,1,TK5438,8,2026-06-20T11:52:35Z,2026-06-20T17:05:56Z,5.22
BA15 2AG,SEPD,LV,1,TK5438,8,2026-06-20T11:52:35Z,2026-06-20T17:05:56Z,5.22
BA15 2AL,SEPD,LV,1,TK5438,8,2026-06-20T11:52:35Z,2026-06-20T17:05:56Z,5.22
BH15 4JJ,SEPD,LV,1,TJ8992,24,2026-06-15T18:16:33Z,2026-06-15T23:20:13Z,5.06
BH15 4JN,SEPD,LV,1,TJ8992,24,2026-06-15T18:16:33Z,2026-06-15T23:20:13Z,5.06
BH15 4PR,SEPD,LV,1,TJ8992,24,2026-06-15T18:16:33Z,2026-06-15T23:20:13Z,5.06
BH15 4PT,SEPD,LV,1,TJ8992,24,2026-06-15T18:16:33Z,2026-06-15T23:20:13Z,5.06
BH4 9AH,SEPD,LV,1,TJ9576,27,2026-06-16T12:32:38Z,2026-06-16T17:35:54Z,5.05
BH4 9FW,SEPD,LV,1,TJ9576,27,2026-06-16T12:32:38Z,2026-06-16T17:35:54Z,5.05
BH4 9HR,SEPD,LV,1,TJ9576,27,2026-06-16T12:32:38Z,2026-06-16T17:35:54Z,5.05
BH4 9HU,SEPD,LV,1,TJ9576,27,2026-06-16T12:32:38Z,2026-06-16T17:35:54Z,5.05
BH4 9JH,SEPD,LV,1,TJ9576,27,2026-06-16T12:32:38Z,2026-06-16T17:35:54Z,5.05
GU32,SEPD,HV,1,TK0136,16,2026-06-16T12:32:38Z,2026-06-16T17:35:54Z,5.05
GU32 1BX,SEPD,HV,1,TK0136,16,2026-06-16T12:32:38Z,2026-06-16T17:35:54Z,5.05
SN12 7DT,SEPD,LV,1,TJ9533,5,2026-06-16T12:32:38Z,2026-06-16T17:35:54Z,5.05
SO51 5AG,SEPD,LV,1,TJ9874,12,2026-06-16T12:32:38Z,2026-06-16T17:35:54Z,5.05
SO51 5PH,SEPD,LV,1,TJ9874,12,2026-06-16T12:32:38Z,2026-06-16T17:35:54Z,5.05
SO51 5RE,SEPD,LV,1,TJ9874,12,2026-06-16T12:32:38Z,2026-06-16T17:35:54Z,5.05
SO51 5RG,SEPD,LV,1,TJ9874,12,2026-06-16T12:32:38Z,2026-06-16T17:35:54Z,5.05
DT1 3EY,SEPD,HV,2,"TK0527,TK0880",900,2026-06-16T17:35:54Z,2026-06-17T10:02:27Z,4.93
DT2 7SH,SEPD,HV,2,"TK0527,TK0880",900,2026-06-16T17:35:54Z,2026-06-17T10:02:27Z,4.93
DT2 7SZ,SEPD,HV,2,"TK0527,TK0880",900,2026-06-16T17:35:54Z,2026-06-17T10:02:27Z,4.93
DT2 7TG,SEPD,HV,2,"TK0527,TK0880",900,2026-06-16T17:35:54Z,2026-06-17T10:02:27Z,4.93
DT2 7TZ,SEPD,HV,2,"TK0527,TK0880",900,2026-06-16T17:35:54Z,2026-06-17T10:02:27Z,4.93
DT2 9SP,SEPD,HV,2,"TK0527,TK0880",900,2026-06-16T17:35:54Z,2026-06-17T10:02:27Z,4.93
RG17 0QU,SEPD,HV,2,"TK0527,TK0880",900,2026-06-16T17:35:54Z,2026-06-17T10:02:27Z,4.93
BA12 6JX,SEPD,LV,1,TJ9474,8,2026-06-16T07:42:17Z,2026-06-16T12:32:38Z,4.84
RG40 2AD,SEPD,LV,1,TJ9437,30,2026-06-16T07:42:17Z,2026-06-16T12:32:38Z,4.84
RG41 2AE,SEPD,LV,1,TJ9437,30,2026-06-16T07:42:17Z,2026-06-16T12:32:38Z,4.84
RG41 2AF,SEPD,LV,1,TJ9437,30,2026-06-16T07:42:17Z,2026-06-16T12:32:38Z,4.84
RG41 2AG,SEPD,LV,1,TJ9437,30,2026-06-16T07:42:17Z,2026-06-16T12:32:38Z,4.84
RG41 2AQ,SEPD,LV,1,TJ9437,30,2026-06-16T07:42:17Z,2026-06-16T12:32:38Z,4.84
RG41 2BD,SEPD,LV,1,TJ9437,30,2026-06-16T07:42:17Z,2026-06-16T12:32:38Z,4.84
RG7 5ED,SEPD,HV,1,TJ9427,12,2026-06-16T07:42:17Z,2026-06-16T12:32:38Z,4.84
RG7 5EE,SEPD,HV,1,TJ9427,12,2026-06-16T07:42:17Z,2026-06-16T12:32:38Z,4.84
TW20 8QR,SEPD,HV,1,TJ9427,12,2026-06-16T07:42:17Z,2026-06-16T12:32:38Z,4.84
UB10 8AY,SEPD,PSI,1,252295,7,2026-06-18T17:36:33Z,2026-06-18T22:22:12Z,4.76
UB9 6JN,SEPD,PSI,1,252295,7,2026-06-18T17:36:33Z,2026-06-18T22:22:12Z,4.76
UB9 6JW,SEPD,PSI,1,252295,7,2026-06-18T17:36:33Z,2026-06-18T22:22:12Z,4.76
UB9 6LX,SEPD,PSI,1,252295,7,2026-06-18T17:36:33Z,2026-06-18T22:22:12Z,4.76
TW13 5LN,SEPD,LV,1,TJ7636,62,2026-06-15T13:39:15Z,2026-06-15T18:16:33Z,4.62
TW13 5LR,SEPD,LV,1,TJ7636,62,2026-06-15T13:39:15Z,2026-06-15T18:16:33Z,4.62
TW13 5LS,SEPD,LV,1,TJ7636,62,2026-06-15T13:39:15Z,2026-06-15T18:16:33Z,4.62
TW13 5LT,SEPD,LV,1,TJ7636,62,2026-06-15T13:39:15Z,2026-06-15T18:16:33Z,4.62
TW13 5LZ,SEPD,LV,1,TJ7636,62,2026-06-15T13:39:15Z,2026-06-15T18:16:33Z,4.62
TW13 5NA,SEPD,LV,1,TJ7636,62,2026-06-15T13:39:15Z,2026-06-15T18:16:33Z,4.62
TW13 5NB,SEPD,LV,1,TJ7636,62,2026-06-15T13:39:15Z,2026-06-15T18:16:33Z,4.62
TW13 5PL,SEPD,LV,1,TJ7636,62,2026-06-15T13:39:15Z,2026-06-15T18:16:33Z,4.62
TW13 5QR,SEPD,LV,1,TJ7636,62,2026-06-15T13:39:15Z,2026-06-15T18:16:33Z,4.62
TW13 5QS,SEPD,LV,1,TJ7636,62,2026-06-15T13:39:15Z,2026-06-15T18:16:33Z,4.62
TW13 5QT,SEPD,LV,1,TJ7636,62,2026-06-15T13:39:15Z,2026-06-15T18:16:33Z,4.62
AB53 4AA,SHEPD,LV,1,TJ9308,31,2026-06-15T21:28:13Z,2026-06-16T02:03:34Z,4.59
AB53 4AB,SHEPD,LV,1,TJ9308,31,2026-06-15T21:28:13Z,2026-06-16T02:03:34Z,4.59
AB53 4AD,SHEPD,LV,1,TJ9308,31,2026-06-15T21:28:13Z,2026-06-16T02:03:34Z,4.59
AB53 4DL,SHEPD,LV,1,TJ9308,31,2026-06-15T21:28:13Z,2026-06-16T02:03:34Z,4.59
AB53 4EG,SHEPD,LV,1,TJ9308,31,2026-06-15T21:28:13Z,2026-06-16T02:03:34Z,4.59
AB53 4EW,SHEPD,LV,1,TJ9308,31,2026-06-15T21:28:13Z,2026-06-16T02:03:34Z,4.59
AB53 4FL,SHEPD,LV,1,TJ9308,31,2026-06-15T21:28:13Z,2026-06-16T02:03:34Z,4.59
AB53 4FQ,SHEPD,LV,1,TJ9308,31,2026-06-15T21:28:13Z,2026-06-16T02:03:34Z,4.59
AB53 4FR,SHEPD,LV,1,TJ9308,31,2026-06-15T21:28:13Z,2026-06-16T02:03:34Z,4.59
AB53 4QT,SHEPD,LV,1,TJ9308,31,2026-06-15T21:28:13Z,2026-06-16T02:03:34Z,4.59
AB53 4QU,SHEPD,LV,1,TJ9308,31,2026-06-15T21:28:13Z,2026-06-16T02:03:34Z,4.59
AB53 4SN,SHEPD,LV,1,TJ9308,31,2026-06-15T21:28:13Z,2026-06-16T02:03:34Z,4.59
OX18 1TF,SEPD,LV,1,TJ8085,28,2026-06-14T18:06:23Z,2026-06-14T22:38:46Z,4.54
OX18 1TH,SEPD,LV,1,TJ8085,28,2026-06-14T18:06:23Z,2026-06-14T22:38:46Z,4.54
OX18 1UA,SEPD,LV,1,TJ8085,28,2026-06-14T18:06:23Z,2026-06-14T22:38:46Z,4.54
OX18 1UD,SEPD,LV,1,TJ8085,28,2026-06-14T18:06:23Z,2026-06-14T22:38:46Z,4.54
SN5 7TS,SEPD,LV,1,TK4037,3,2026-06-19T13:47:21Z,2026-06-19T18:19:18Z,4.53
SN5 7YT,SEPD,LV,1,TK4037,3,2026-06-19T13:47:21Z,2026-06-19T18:19:18Z,4.53
GU15 2AB,SEPD,LV,1,TK2417,12,2026-06-18T06:28:43Z,2026-06-18T10:56:41Z,4.47
GU15 2DU,SEPD,LV,1,TK2417,12,2026-06-18T06:28:43Z,2026-06-18T10:56:41Z,4.47
BH15 4HP,SEPD,LV,1,TK4641,17,2026-06-19T18:19:18Z,2026-06-19T22:36:42Z,4.29
BH15 4HR,SEPD,LV,1,TK4641,17,2026-06-19T18:19:18Z,2026-06-19T22:36:42Z,4.29
BH15 4HS,SEPD,LV,1,TK4641,17,2026-06-19T18:19:18Z,2026-06-19T22:36:42Z,4.29
BH15 4QT,SEPD,LV,1,TK4641,17,2026-06-19T18:19:18Z,2026-06-19T22:36:42Z,4.29
DT11 8DH,SEPD,HV,1,TK3486,119,2026-06-18T19:55:48Z,2026-06-19T00:07:41Z,4.2
DT11 8DR,SEPD,HV,1,TK3486,119,2026-06-18T19:55:48Z,2026-06-19T00:07:41Z,4.2
DT11 8DW,SEPD,HV,1,TK3486,119,2026-06-18T19:55:48Z,2026-06-19T00:07:41Z,4.2
DT11 8FP,SEPD,HV,1,TK3486,119,2026-06-18T19:55:48Z,2026-06-19T00:07:41Z,4.2
DT11 8LW,SEPD,HV,1,TK3486,119,2026-06-18T19:55:48Z,2026-06-19T00:07:41Z,4.2
DT11 8QN,SEPD,HV,1,TK3486,119,2026-06-18T19:55:48Z,2026-06-19T00:07:41Z,4.2
DT11 8QS,SEPD,HV,1,TK3486,119,2026-06-18T19:55:48Z,2026-06-19T00:07:41Z,4.2
DT11 8QT,SEPD,HV,1,TK3486,119,2026-06-18T19:55:48Z,2026-06-19T00:07:41Z,4.2
DT2 8GE,SEPD,HV,1,TK3486,119,2026-06-18T19:55:48Z,2026-06-19T00:07:41Z,4.2
DT2 8GF,SEPD,HV,1,TK3486,119,2026-06-18T19:55:48Z,2026-06-19T00:07:41Z,4.2
RG12 0PE,SEPD,LV,1,TK3431,39,2026-06-18T19:55:48Z,2026-06-19T00:07:41Z,4.2
RG12 0UJ,SEPD,LV,1,TK3431,39,2026-06-18T19:55:48Z,2026-06-19T00:07:41Z,4.2
RG12 0UL,SEPD,LV,1,TK3431,39,2026-06-18T19:55:48Z,2026-06-19T00:07:41Z,4.2
SN4 8DA,SEPD,LV,1,TK5032,13,2026-06-20T09:52:43Z,2026-06-20T13:46:19Z,3.89
SN4 8DE,SEPD,LV,1,TK5032,13,2026-06-20T09:52:43Z,2026-06-20T13:46:19Z,3.89
SN4 8DF,SEPD,LV,1,TK5032,13,2026-06-20T09:52:43Z,2026-06-20T13:46:19Z,3.89
SN4 8DQ,SEPD,LV,1,TK5032,13,2026-06-20T09:52:43Z,2026-06-20T13:46:19Z,3.89
SP10 5PB,SEPD,LV,1,TK4953,21,2026-06-20T09:52:43Z,2026-06-20T13:46:19Z,3.89
SP10 5PH,SEPD,LV,1,TK4953,21,2026-06-20T09:52:43Z,2026-06-20T13:46:19Z,3.89
SP10 5PJ,SEPD,LV,1,TK4953,21,2026-06-20T09:52:43Z,2026-06-20T13:46:19Z,3.89
SP10 5PN,SEPD,LV,1,TK4953,21,2026-06-20T09:52:43Z,2026-06-20T13:46:19Z,3.89
OX12 7QG,SEPD,PSI,2,"251497,251705",64,2026-06-17T10:02:27Z,2026-06-18T10:56:41Z,3.87
AB23 8AR,SHEPD,PSI,1,251536,16,2026-06-17T10:02:27Z,2026-06-17T13:54:46Z,3.87
AB23 8BE,SHEPD,PSI,1,251536,16,2026-06-17T10:02:27Z,2026-06-17T13:54:46Z,3.87
AB23 8BT,SHEPD,PSI,1,251536,16,2026-06-17T10:02:27Z,2026-06-17T13:54:46Z,3.87
AB54 4LT,SHEPD,PSI,1,251781,51,2026-06-17T10:02:27Z,2026-06-17T13:54:46Z,3.87
AB54 4SL,SHEPD,PSI,1,251781,51,2026-06-17T10:02:27Z,2026-06-17T13:54:46Z,3.87
AB54 4SN,SHEPD,PSI,1,251781,51,2026-06-17T10:02:27Z,2026-06-17T13:54:46Z,3.87
AB54 4SP,SHEPD,PSI,1,251781,51,2026-06-17T10:02:27Z,2026-06-17T13:54:46Z,3.87
AB54 4SQ,SHEPD,PSI,1,251781,51,2026-06-17T10:02:27Z,2026-06-17T13:54:46Z,3.87
AB54 7JQ,SHEPD,PSI,1,251781,51,2026-06-17T10:02:27Z,2026-06-17T13:54:46Z,3.87
AB54 7NA,SHEPD,PSI,1,251781,51,2026-06-17T10:02:27Z,2026-06-17T13:54:46Z,3.87
AB54 7NW,SHEPD,PSI,1,251781,51,2026-06-17T10:02:27Z,2026-06-17T13:54:46Z,3.87
AB54 7YY,SHEPD,PSI,1,251781,51,2026-06-17T10:02:27Z,2026-06-17T13:54:46Z,3.87
BA14 8RA,SEPD,PSI,1,251104,13,2026-06-17T10:02:27Z,2026-06-17T13:54:46Z,3.87
GL54 2AR,SEPD,PSI,1,252437,104,2026-06-17T10:02:27Z,2026-06-17T13:54:46Z,3.87
GL54 2AT,SEPD,PSI,1,252437,104,2026-06-17T10:02:27Z,2026-06-17T13:54:46Z,3.87
GL54 2BJ,SEPD,PSI,1,252437,104,2026-06-17T10:02:27Z,2026-06-17T13:54:46Z,3.87
GL54 2DD,SEPD,PSI,1,252437,104,2026-06-17T10:02:27Z,2026-06-17T13:54:46Z,3.87
GL54 2EE,SEPD,PSI,1,252437,104,2026-06-17T10:02:27Z,2026-06-17T13:54:46Z,3.87
GL54 2LE,SEPD,PSI,1,252437,104,2026-06-17T10:02:27Z,2026-06-17T13:54:46Z,3.87
GL54 2LF,SEPD,PSI,1,252437,104,2026-06-17T10:02:27Z,2026-06-17T13:54:46Z,3.87
GL54 2LS,SEPD,PSI,1,252437,104,2026-06-17T10:02:27Z,2026-06-17T13:54:46Z,3.87
GL54 2PR,SEPD,PSI,1,252437,104,2026-06-17T10:02:27Z,2026-06-17T13:54:46Z,3.87
GL54 3BH,SEPD,PSI,1,252437,104,2026-06-17T10:02:27Z,2026-06-17T13:54:46Z,3.87
GU10 1JB,SEPD,PSI,1,251671,21,2026-06-17T10:02:27Z,2026-06-17T13:54:46Z,3.87
GU10 1JE,SEPD,PSI,1,251671,21,2026-06-17T10:02:27Z,2026-06-17T13:54:46Z,3.87
GU10 1JF,SEPD,PSI,1,251671,21,2026-06-17T10:02:27Z,2026-06-17T13:54:46Z,3.87
GU10 1JH,SEPD,PSI,1,251671,21,2026-06-17T10:02:27Z,2026-06-17T13:54:46Z,3.87
GU10 1JJ,SEPD,PSI,1,251671,21,2026-06-17T10:02:27Z,2026-06-17T13:54:46Z,3.87
GU8 6DA,SEPD,PSI,1,251671,21,2026-06-17T10:02:27Z,2026-06-17T13:54:46Z,3.87
GU8 6EA,SEPD,PSI,1,252023,30,2026-06-17T10:02:27Z,2026-06-17T13:54:46Z,3.87
GU8 6ED,SEPD,PSI,1,252023,30,2026-06-17T10:02:27Z,2026-06-17T13:54:46Z,3.87
GU8 6EE,SEPD,PSI,1,252023,30,2026-06-17T10:02:27Z,2026-06-17T13:54:46Z,3.87
GU8 6LG,SEPD,PSI,1,251671,21,2026-06-17T10:02:27Z,2026-06-17T13:54:46Z,3.87
GU8 6LN,SEPD,PSI,1,252023,30,2026-06-17T10:02:27Z,2026-06-17T13:54:46Z,3.87
GU8 6LW,SEPD,PSI,1,252023,30,2026-06-17T10:02:27Z,2026-06-17T13:54:46Z,3.87
IV9 8RD,SHEPD,PSI,1,251559,17,2026-06-17T10:02:27Z,2026-06-17T13:54:46Z,3.87
IV9 8RF,SHEPD,PSI,1,251559,17,2026-06-17T10:02:27Z,2026-06-17T13:54:46Z,3.87
OX12 0AN,SEPD,PSI,1,251497,45,2026-06-17T10:02:27Z,2026-06-17T13:54:46Z,3.87
OX12 0DG,SEPD,PSI,1,251497,45,2026-06-17T10:02:27Z,2026-06-17T13:54:46Z,3.87
OX12 0DH,SEPD,PSI,1,251497,45,2026-06-17T10:02:27Z,2026-06-17T13:54:46Z,3.87
OX12 0HR,SEPD,PSI,1,251497,45,2026-06-17T10:02:27Z,2026-06-17T13:54:46Z,3.87
OX12 7PH,SEPD,PSI,1,251497,45,2026-06-17T10:02:27Z,2026-06-17T13:54:46Z,3.87
OX12 7QQ,SEPD,PSI,1,251497,45,2026-06-17T10:02:27Z,2026-06-17T13:54:46Z,3.87
OX12 8GT,SEPD,PSI,1,251497,45,2026-06-17T10:02:27Z,2026-06-17T13:54:46Z,3.87
OX12 8SG,SEPD,PSI,1,251497,45,2026-06-17T10:02:27Z,2026-06-17T13:54:46Z,3.87
OX12 9JY,SEPD,PSI,1,251716,74,2026-06-17T10:02:27Z,2026-06-17T13:54:46Z,3.87
OX12 9RG,SEPD,PSI,1,251716,74,2026-06-17T10:02:27Z,2026-06-17T13:54:46Z,3.87
OX12 9SQ,SEPD,PSI,1,251716,74,2026-06-17T10:02:27Z,2026-06-17T13:54:46Z,3.87
RG30 3RA,SEPD,PSI,1,251429,9,2026-06-17T10:02:27Z,2026-06-17T13:54:46Z,3.87
SL5 0HE,SEPD,LV,1,TK1052,8,2026-06-17T10:02:27Z,2026-06-17T13:54:46Z,3.87
SL5 0HU,SEPD,LV,1,TK1052,8,2026-06-17T10:02:27Z,2026-06-17T13:54:46Z,3.87
SL5 0HX,SEPD,LV,1,TK1052,8,2026-06-17T10:02:27Z,2026-06-17T13:54:46Z,3.87
SL5 9LQ,SEPD,LV,1,TK1052,8,2026-06-17T10:02:27Z,2026-06-17T13:54:46Z,3.87
SL5 9RQ,SEPD,LV,1,TK1052,8,2026-06-17T10:02:27Z,2026-06-17T13:54:46Z,3.87
SO16 8AL,SEPD,PSI,1,251308,25,2026-06-17T10:02:27Z,2026-06-17T13:54:46Z,3.87
SO51 9LL,SEPD,PSI,1,251308,25,2026-06-17T10:02:27Z,2026-06-17T13:54:46Z,3.87
SO51 9LN,SEPD,PSI,1,251308,25,2026-06-17T10:02:27Z,2026-06-17T13:54:46Z,3.87
AB43 7TU,SHEPD,PSI,1,251948,3,2026-06-19T10:03:19Z,2026-06-19T13:47:21Z,3.73
BH20 6AB,SEPD,PSI,1,252431,19,2026-06-19T10:03:19Z,2026-06-19T13:47:21Z,3.73
BH20 6AD,SEPD,PSI,1,252431,19,2026-06-19T10:03:19Z,2026-06-19T13:47:21Z,3.73
BH20 6AE,SEPD,PSI,1,252431,19,2026-06-19T10:03:19Z,2026-06-19T13:47:21Z,3.73
BH20 6AS,SEPD,PSI,1,252435,4,2026-06-19T10:03:19Z,2026-06-19T13:47:21Z,3.73
BH24 4HY,SEPD,PSI,1,252073,5,2026-06-19T10:03:19Z,2026-06-19T13:47:21Z,3.73
DT11 8DT,SEPD,PSI,1,250982,69,2026-06-19T10:03:19Z,2026-06-19T13:47:21Z,3.73
DT11 8ED,SEPD,PSI,1,250982,69,2026-06-19T10:03:19Z,2026-06-19T13:47:21Z,3.73
DT11 8EE,SEPD,PSI,1,250982,69,2026-06-19T10:03:19Z,2026-06-19T13:47:21Z,3.73
DT11 8EF,SEPD,PSI,1,250982,69,2026-06-19T10:03:19Z,2026-06-19T13:47:21Z,3.73
DT11 8EG,SEPD,PSI,1,250982,69,2026-06-19T10:03:19Z,2026-06-19T13:47:21Z,3.73
DT11 8EQ,SEPD,PSI,1,250982,69,2026-06-19T10:03:19Z,2026-06-19T13:47:21Z,3.73
DT11 8EX,SEPD,PSI,1,250982,69,2026-06-19T10:03:19Z,2026-06-19T13:47:21Z,3.73
DT11 8HB,SEPD,PSI,1,250982,69,2026-06-19T10:03:19Z,2026-06-19T13:47:21Z,3.73
DT11 8QP,SEPD,PSI,1,250982,69,2026-06-19T10:03:19Z,2026-06-19T13:47:21Z,3.73
DT11 8QR,SEPD,PSI,1,250982,69,2026-06-19T10:03:19Z,2026-06-19T13:47:21Z,3.73
DT11 8QX,SEPD,PSI,1,250982,69,2026-06-19T10:03:19Z,2026-06-19T13:47:21Z,3.73
DT11 8QY,SEPD,PSI,1,250982,69,2026-06-19T10:03:19Z,2026-06-19T13:47:21Z,3.73
GU8 4UX,SEPD,PSI,1,251737,17,2026-06-19T10:03:19Z,2026-06-19T13:47:21Z,3.73
GU8 5SZ,SEPD,PSI,1,251737,17,2026-06-19T10:03:19Z,2026-06-19T13:47:21Z,3.73
GU8 5TT,SEPD,PSI,1,251737,17,2026-06-19T10:03:19Z,2026-06-19T13:47:21Z,3.73
GU8 5TU,SEPD,PSI,1,251737,17,2026-06-19T10:03:19Z,2026-06-19T13:47:21Z,3.73
KW16 3EX,SHEPD,PSI,1,252198,6,2026-06-19T10:03:19Z,2026-06-19T13:47:21Z,3.73
PH25 3DG,SHEPD,PSI,1,252489,25,2026-06-19T10:03:19Z,2026-06-19T13:47:21Z,3.73
PH25 3DH,SHEPD,PSI,1,252489,25,2026-06-19T10:03:19Z,2026-06-19T13:47:21Z,3.73
PO9 5AX,SEPD,PSI,1,251432,2,2026-06-19T10:03:19Z,2026-06-19T13:47:21Z,3.73
PO9 5BQ,SEPD,PSI,1,251432,2,2026-06-19T10:03:19Z,2026-06-19T13:47:21Z,3.73
SN10 5AX,SEPD,LV,1,TK0663,24,2026-06-16T20:31:54Z,2026-06-17T00:01:43Z,3.5
SN10 5BL,SEPD,LV,1,TK0663,24,2026-06-16T20:31:54Z,2026-06-17T00:01:43Z,3.5
SN10 5BP,SEPD,LV,1,TK0663,24,2026-06-16T20:31:54Z,2026-06-17T00:01:43Z,3.5
SN10 5BS,SEPD,LV,1,TK0663,24,2026-06-16T20:31:54Z,2026-06-17T00:01:43Z,3.5
SN10 5BT,SEPD,LV,1,TK0663,24,2026-06-16T20:31:54Z,2026-06-17T00:01:43Z,3.5
SN10 5BX,SEPD,LV,1,TK0663,24,2026-06-16T20:31:54Z,2026-06-17T00:01:43Z,3.5
SP10 3DG,SEPD,LV,1,TK0615,23,2026-06-16T20:31:54Z,2026-06-17T00:01:43Z,3.5
SP10 3DL,SEPD,LV,1,TK0615,23,2026-06-16T20:31:54Z,2026-06-17T00:01:43Z,3.5
SP10 3EE,SEPD,LV,1,TK0615,23,2026-06-16T20:31:54Z,2026-06-17T00:01:43Z,3.5
SP10 3NF,SEPD,LV,1,TK0615,23,2026-06-16T20:31:54Z,2026-06-17T00:01:43Z,3.5
SP10 3TA,SEPD,LV,1,TK0615,23,2026-06-16T20:31:54Z,2026-06-17T00:01:43Z,3.5
SO20 6ET,SEPD,LV,1,TJ7752,24,2026-06-14T11:50:56Z,2026-06-14T15:17:57Z,3.45
SO20 6JH,SEPD,LV,1,TJ7752,24,2026-06-14T11:50:56Z,2026-06-14T15:17:57Z,3.45
RG17 0PP,SEPD,PSI,2,"251613,251615",96,2026-06-18T10:56:41Z,2026-06-19T10:03:19Z,3.33
RG17 0PR,SEPD,PSI,2,"251613,251615",96,2026-06-18T10:56:41Z,2026-06-19T10:03:19Z,3.33
RG17 0PT,SEPD,PSI,2,"251613,251615",96,2026-06-18T10:56:41Z,2026-06-19T10:03:19Z,3.33
RG17 0PX,SEPD,PSI,2,"251613,251615",96,2026-06-18T10:56:41Z,2026-06-19T10:03:19Z,3.33
AB43 7LU,SHEPD,PSI,1,252236,3,2026-06-18T10:56:41Z,2026-06-18T14:16:29Z,3.33
BH24 1EA,SEPD,PSI,1,252250,55,2026-06-18T10:56:41Z,2026-06-18T14:16:29Z,3.33
BH24 1PD,SEPD,PSI,1,252250,55,2026-06-18T10:56:41Z,2026-06-18T14:16:29Z,3.33
BH24 1PN,SEPD,PSI,1,252250,55,2026-06-18T10:56:41Z,2026-06-18T14:16:29Z,3.33
BH24 3DZ,SEPD,PSI,1,252250,55,2026-06-18T10:56:41Z,2026-06-18T14:16:29Z,3.33
BH24 3EE,SEPD,PSI,1,252250,55,2026-06-18T10:56:41Z,2026-06-18T14:16:29Z,3.33
BH24 3EF,SEPD,PSI,1,252250,55,2026-06-18T10:56:41Z,2026-06-18T14:16:29Z,3.33
DT2 0ER,SEPD,PSI,1,252313,14,2026-06-18T10:56:41Z,2026-06-18T14:16:29Z,3.33
DT2 0ES,SEPD,PSI,1,252313,14,2026-06-18T10:56:41Z,2026-06-18T14:16:29Z,3.33
DT2 0ET,SEPD,PSI,1,252313,14,2026-06-18T10:56:41Z,2026-06-18T14:16:29Z,3.33
OX27 7NE,SEPD,PSI,1,251820,5,2026-06-18T10:56:41Z,2026-06-18T14:16:29Z,3.33
OX27 7NF,SEPD,PSI,1,251820,5,2026-06-18T10:56:41Z,2026-06-18T14:16:29Z,3.33
OX3 8JF,SEPD,PSI,1,252543,20,2026-06-18T10:56:41Z,2026-06-18T14:16:29Z,3.33
OX3 8JJ,SEPD,PSI,1,252543,20,2026-06-18T10:56:41Z,2026-06-18T14:16:29Z,3.33
OX7 4AR,SEPD,PSI,1,251317,18,2026-06-18T10:56:41Z,2026-06-18T14:16:29Z,3.33
OX7 4AS,SEPD,PSI,1,251317,18,2026-06-18T10:56:41Z,2026-06-18T14:16:29Z,3.33
OX7 4JJ,SEPD,PSI,1,251317,18,2026-06-18T10:56:41Z,2026-06-18T14:16:29Z,3.33
OX7 4JL,SEPD,PSI,1,251317,18,2026-06-18T10:56:41Z,2026-06-18T14:16:29Z,3.33
OX7 4JN,SEPD,PSI,1,251317,18,2026-06-18T10:56:41Z,2026-06-18T14:16:29Z,3.33
PH3 1HL,SHEPD,PSI,1,252276,6,2026-06-18T10:56:41Z,2026-06-18T14:16:29Z,3.33
PH3 1HN,SHEPD,PSI,1,252276,6,2026-06-18T10:56:41Z,2026-06-18T14:16:29Z,3.33
PH3 1HZ,SHEPD,PSI,1,252276,6,2026-06-18T10:56:41Z,2026-06-18T14:16:29Z,3.33
RG30 3TA,SEPD,PSI,1,251302,5,2026-06-18T10:56:41Z,2026-06-18T14:16:29Z,3.33
RH13,SEPD,PSI,1,251059,13,2026-06-18T10:56:41Z,2026-06-18T14:16:29Z,3.33
RH13 0RB,SEPD,PSI,1,251059,13,2026-06-18T10:56:41Z,2026-06-18T14:16:29Z,3.33
SO16 8FY,SEPD,PSI,1,252532,3,2026-06-18T10:56:41Z,2026-06-18T14:16:29Z,3.33
SO24 0HN,SEPD,PSI,1,251440,38,2026-06-18T10:56:41Z,2026-06-18T14:16:29Z,3.33
SO24 0HP,SEPD,PSI,1,251440,38,2026-06-18T10:56:41Z,2026-06-18T14:16:29Z,3.33
SO24 0HW,SEPD,PSI,1,251440,38,2026-06-18T10:56:41Z,2026-06-18T14:16:29Z,3.33
W3 8BD,SEPD,LV,1,TK4881,45,2026-06-19T22:36:42Z,2026-06-20T01:56:34Z,3.33
W3 8QA,SEPD,LV,1,TK4881,45,2026-06-19T22:36:42Z,2026-06-20T01:56:34Z,3.33
W3 8RS,SEPD,LV,1,TK4881,45,2026-06-19T22:36:42Z,2026-06-20T01:56:34Z,3.33
W3 8RZ,SEPD,LV,1,TK4881,45,2026-06-19T22:36:42Z,2026-06-20T01:56:34Z,3.33
ZE2 9BB,SHEPD,PSI,1,251396,124,2026-06-18T10:56:41Z,2026-06-18T14:16:29Z,3.33
ZE2 9BZ,SHEPD,PSI,1,251396,124,2026-06-18T10:56:41Z,2026-06-18T14:16:29Z,3.33
ZE2 9DD,SHEPD,PSI,1,251396,124,2026-06-18T10:56:41Z,2026-06-18T14:16:29Z,3.33
ZE2 9DE,SHEPD,PSI,1,251396,124,2026-06-18T10:56:41Z,2026-06-18T14:16:29Z,3.33
IV30 8SH,SHEPD,"LV,HV",3,"TK1599,TK1771,TK4430",52,2026-06-17T13:54:46Z,2026-06-19T13:47:21Z,3.32
HP11 1AJ,SEPD,LV,1,TK1534,34,2026-06-17T13:54:46Z,2026-06-17T17:14:07Z,3.32
HP11 1AL,SEPD,LV,1,TK1534,34,2026-06-17T13:54:46Z,2026-06-17T17:14:07Z,3.32
HP11 1AW,SEPD,LV,1,TK1534,34,2026-06-17T13:54:46Z,2026-06-17T17:14:07Z,3.32
HP11 1GS,SEPD,LV,1,TK1534,34,2026-06-17T13:54:46Z,2026-06-17T17:14:07Z,3.32
HP11 1HS,SEPD,LV,1,TK1534,34,2026-06-17T13:54:46Z,2026-06-17T17:14:07Z,3.32
HP11 1JB,SEPD,LV,1,TK1534,34,2026-06-17T13:54:46Z,2026-06-17T17:14:07Z,3.32
SN8 3TQ,SEPD,"PSI,LV",2,"251938,TJ8966",57,2026-06-15T18:16:33Z,2026-06-16T12:32:38Z,3.19
BH25 5BX,SEPD,LV,1,TJ8788,19,2026-06-15T18:16:33Z,2026-06-15T21:28:13Z,3.19
BH25 6BS,SEPD,LV,1,TJ8788,19,2026-06-15T18:16:33Z,2026-06-15T21:28:13Z,3.19
BH25 6BW,SEPD,LV,1,TJ8788,19,2026-06-15T18:16:33Z,2026-06-15T21:28:13Z,3.19
SN8 3AG,SEPD,LV,1,TJ8966,12,2026-06-15T18:16:33Z,2026-06-15T21:28:13Z,3.19
SN8 3AH,SEPD,LV,1,TJ8966,12,2026-06-15T18:16:33Z,2026-06-15T21:28:13Z,3.19
SN8 3AQ,SEPD,LV,1,TJ8966,12,2026-06-15T18:16:33Z,2026-06-15T21:28:13Z,3.19
SN8 3AT,SEPD,LV,1,TJ8966,12,2026-06-15T18:16:33Z,2026-06-15T21:28:13Z,3.19
SN8 3TN,SEPD,LV,1,TJ8966,12,2026-06-15T18:16:33Z,2026-06-15T21:28:13Z,3.19
PA34 4NS,SHEPD,HV,1,TJ8056,134,2026-06-14T16:50:30Z,2026-06-14T19:57:06Z,3.11
PA37 1AH,SHEPD,HV,1,TJ8056,134,2026-06-14T16:50:30Z,2026-06-14T19:57:06Z,3.11
PA37 1AY,SHEPD,HV,1,TJ8056,134,2026-06-14T16:50:30Z,2026-06-14T19:57:06Z,3.11
PA37 1SD,SHEPD,HV,1,TJ8056,134,2026-06-14T16:50:30Z,2026-06-14T19:57:06Z,3.11
PA37 1SE,SHEPD,HV,1,TJ8056,134,2026-06-14T16:50:30Z,2026-06-14T19:57:06Z,3.11
PA37 1SF,SHEPD,HV,1,TJ8056,134,2026-06-14T16:50:30Z,2026-06-14T19:57:06Z,3.11
PA37 1SG,SHEPD,HV,1,TJ8056,134,2026-06-14T16:50:30Z,2026-06-14T19:57:06Z,3.11
PA37 1SL,SHEPD,HV,1,TJ8056,134,2026-06-14T16:50:30Z,2026-06-14T19:57:06Z,3.11
PA37 1SQ,SHEPD,HV,1,TJ8056,134,2026-06-14T16:50:30Z,2026-06-14T19:57:06Z,3.11
BH24 3BU,SEPD,PSI,1,252077,19,2026-06-21T09:02:32Z,2026-06-21T11:50:55Z,2.81
BH24 3BZ,SEPD,PSI,1,252077,19,2026-06-21T09:02:32Z,2026-06-21T11:50:55Z,2.81
BH24 3DA,SEPD,PSI,1,252077,19,2026-06-21T09:02:32Z,2026-06-21T11:50:55Z,2.81
BH24 3DB,SEPD,PSI,1,252077,19,2026-06-21T09:02:32Z,2026-06-21T11:50:55Z,2.81
GU8 4DY,SEPD,PSI,1,252255,44,2026-06-21T09:02:32Z,2026-06-21T11:50:55Z,2.81
GU8 4DZ,SEPD,PSI,1,252255,44,2026-06-21T09:02:32Z,2026-06-21T11:50:55Z,2.81
GU8 4EA,SEPD,PSI,1,252255,44,2026-06-21T09:02:32Z,2026-06-21T11:50:55Z,2.81
GU8 4EB,SEPD,PSI,1,252255,44,2026-06-21T09:02:32Z,2026-06-21T11:50:55Z,2.81
GU8 4EE,SEPD,PSI,1,252255,44,2026-06-21T09:02:32Z,2026-06-21T11:50:55Z,2.81
GU8 4EF,SEPD,PSI,1,252255,44,2026-06-21T09:02:32Z,2026-06-21T11:50:55Z,2.81
RG12 7NF,SEPD,LV,1,TK5894,15,2026-06-21T09:02:32Z,2026-06-21T11:50:55Z,2.81
RG12 7NQ,SEPD,LV,1,TK5894,15,2026-06-21T09:02:32Z,2026-06-21T11:50:55Z,2.81
RG25 2FA,SEPD,HV,1,TK5950,43,2026-06-21T09:02:32Z,2026-06-21T11:50:55Z,2.81
RG25 2HH,SEPD,HV,1,TK5950,43,2026-06-21T09:02:32Z,2026-06-21T11:50:55Z,2.81
RG25 2HP,SEPD,HV,1,TK5950,43,2026-06-21T09:02:32Z,2026-06-21T11:50:55Z,2.81
RG25 2HR,SEPD,HV,1,TK5950,43,2026-06-21T09:02:32Z,2026-06-21T11:50:55Z,2.81
RG25 2HS,SEPD,HV,1,TK5950,43,2026-06-21T09:02:32Z,2026-06-21T11:50:55Z,2.81
RG25 2HT,SEPD,HV,1,TK5950,43,2026-06-21T09:02:32Z,2026-06-21T11:50:55Z,2.81
RG25 2HU,SEPD,HV,1,TK5950,43,2026-06-21T09:02:32Z,2026-06-21T11:50:55Z,2.81
RG25 2HX,SEPD,HV,1,TK5950,43,2026-06-21T09:02:32Z,2026-06-21T11:50:55Z,2.81
RG25 2HY,SEPD,HV,1,TK5950,43,2026-06-21T09:02:32Z,2026-06-21T11:50:55Z,2.81
RG25 2JA,SEPD,HV,1,TK5950,43,2026-06-21T09:02:32Z,2026-06-21T11:50:55Z,2.81
SL6 4AY,SEPD,PSI,1,250047,3,2026-06-21T09:02:32Z,2026-06-21T11:50:55Z,2.81
UB9 6NP,SEPD,PSI,1,252306,74,2026-06-21T09:02:32Z,2026-06-21T11:50:55Z,2.81
UB9 6PN,SEPD,PSI,1,252306,74,2026-06-21T09:02:32Z,2026-06-21T11:50:55Z,2.81
UB9 6PT,SEPD,PSI,1,252306,74,2026-06-21T09:02:32Z,2026-06-21T11:50:55Z,2.81
UB9 6PU,SEPD,PSI,1,252306,74,2026-06-21T09:02:32Z,2026-06-21T11:50:55Z,2.81
UB9 6PX,SEPD,PSI,1,252306,74,2026-06-21T09:02:32Z,2026-06-21T11:50:55Z,2.81
UB9 6PY,SEPD,PSI,1,252306,74,2026-06-21T09:02:32Z,2026-06-21T11:50:55Z,2.81
UB9 6PZ,SEPD,PSI,1,252306,74,2026-06-21T09:02:32Z,2026-06-21T11:50:55Z,2.81
WD3 1PX,SEPD,PSI,1,252306,74,2026-06-21T09:02:32Z,2026-06-21T11:50:55Z,2.81
WD3 1PY,SEPD,PSI,1,252306,74,2026-06-21T09:02:32Z,2026-06-21T11:50:55Z,2.81
SO31 8GE,SEPD,LV,1,TK2267,17,2026-06-17T23:05:25Z,2026-06-18T01:40:26Z,2.58
SO31 8GF,SEPD,LV,1,TK2267,17,2026-06-17T23:05:25Z,2026-06-18T01:40:26Z,2.58
BA15 1JS,SEPD,LV,1,TK3515,7,2026-06-18T19:55:48Z,2026-06-18T22:22:12Z,2.44
BA15 1JX,SEPD,LV,1,TK3515,7,2026-06-18T19:55:48Z,2026-06-18T22:22:12Z,2.44
BA15 1LN,SEPD,LV,1,TK3515,7,2026-06-18T19:55:48Z,2026-06-18T22:22:12Z,2.44
BA15 1NB,SEPD,LV,1,TK3515,7,2026-06-18T19:55:48Z,2026-06-18T22:22:12Z,2.44
SN13 0LF,SEPD,LV,1,TK3540,7,2026-06-18T19:55:48Z,2026-06-18T22:22:12Z,2.44
SN13 0LR,SEPD,LV,1,TK3540,7,2026-06-18T19:55:48Z,2026-06-18T22:22:12Z,2.44
SN2 1JG,SEPD,LV,1,TK3542,30,2026-06-18T19:55:48Z,2026-06-18T22:22:12Z,2.44
SN2 1JH,SEPD,LV,1,TK3542,30,2026-06-18T19:55:48Z,2026-06-18T22:22:12Z,2.44
SN2 2DN,SEPD,LV,1,TK3542,30,2026-06-18T19:55:48Z,2026-06-18T22:22:12Z,2.44
SN2 2LL,SEPD,LV,1,TK3542,30,2026-06-18T19:55:48Z,2026-06-18T22:22:12Z,2.44
SN2 2ND,SEPD,LV,1,TK3542,30,2026-06-18T19:55:48Z,2026-06-18T22:22:12Z,2.44
SN2 2NX,SEPD,LV,1,TK3542,30,2026-06-18T19:55:48Z,2026-06-18T22:22:12Z,2.44
SN2 2NY,SEPD,LV,1,TK3542,30,2026-06-18T19:55:48Z,2026-06-18T22:22:12Z,2.44
SN2 2NZ,SEPD,LV,1,TK3542,30,2026-06-18T19:55:48Z,2026-06-18T22:22:12Z,2.44
SN2 2PD,SEPD,LV,1,TK3542,30,2026-06-18T19:55:48Z,2026-06-18T22:22:12Z,2.44
SN2 2PF,SEPD,LV,1,TK3542,30,2026-06-18T19:55:48Z,2026-06-18T22:22:12Z,2.44
SO19 7HS,SEPD,LV,1,TK3308,20,2026-06-18T17:36:33Z,2026-06-18T19:55:48Z,2.32
SO19 9AA,SEPD,LV,1,TK3308,20,2026-06-18T17:36:33Z,2026-06-18T19:55:48Z,2.32
SO19 9AB,SEPD,LV,1,TK3308,20,2026-06-18T17:36:33Z,2026-06-18T19:55:48Z,2.32
SO19 9DT,SEPD,LV,1,TK3308,20,2026-06-18T17:36:33Z,2026-06-18T19:55:48Z,2.32
SO19 9DW,SEPD,LV,1,TK3308,20,2026-06-18T17:36:33Z,2026-06-18T19:55:48Z,2.32
SO19 9DX,SEPD,LV,1,TK3308,20,2026-06-18T17:36:33Z,2026-06-18T19:55:48Z,2.32
SO19 9PG,SEPD,LV,1,TK3308,20,2026-06-18T17:36:33Z,2026-06-18T19:55:48Z,2.32
SL4 1AT,SEPD,LV,1,TK4923,3,2026-06-19T23:47:34Z,2026-06-20T01:56:34Z,2.15
SL4 1EL,SEPD,LV,1,TK4923,3,2026-06-19T23:47:34Z,2026-06-20T01:56:34Z,2.15
SL4 1EN,SEPD,LV,1,TK4923,3,2026-06-19T23:47:34Z,2026-06-20T01:56:34Z,2.15
PO12 2TN,SEPD,LV,1,TJ7967,14,2026-06-14T13:10:01Z,2026-06-14T15:17:57Z,2.13
DD3 0QL,SHEPD,HV,1,TK5365,73,2026-06-20T09:52:43Z,2026-06-20T11:52:35Z,2.0
DD3 0QR,SHEPD,HV,1,TK5365,73,2026-06-20T09:52:43Z,2026-06-20T11:52:35Z,2.0
DD3 0QX,SHEPD,HV,1,TK5365,73,2026-06-20T09:52:43Z,2026-06-20T11:52:35Z,2.0
DD3 0QY,SHEPD,HV,1,TK5365,73,2026-06-20T09:52:43Z,2026-06-20T11:52:35Z,2.0
DD3 0QZ,SHEPD,HV,1,TK5365,73,2026-06-20T09:52:43Z,2026-06-20T11:52:35Z,2.0
DD3 0RA,SHEPD,HV,1,TK5365,73,2026-06-20T09:52:43Z,2026-06-20T11:52:35Z,2.0
PO9 6AP,SEPD,HV,1,TJ9275,202,2026-06-15T21:28:13Z,2026-06-15T23:20:13Z,1.87
PO9 6AR,SEPD,HV,1,TJ9275,202,2026-06-15T21:28:13Z,2026-06-15T23:20:13Z,1.87
PO9 6AS,SEPD,HV,1,TJ9275,202,2026-06-15T21:28:13Z,2026-06-15T23:20:13Z,1.87
PO9 6AU,SEPD,HV,1,TJ9275,202,2026-06-15T21:28:13Z,2026-06-15T23:20:13Z,1.87
PO9 6AY,SEPD,HV,1,TJ9275,202,2026-06-15T21:28:13Z,2026-06-15T23:20:13Z,1.87
PO9 6AZ,SEPD,HV,1,TJ9275,202,2026-06-15T21:28:13Z,2026-06-15T23:20:13Z,1.87
PO9 6BA,SEPD,HV,1,TJ9275,202,2026-06-15T21:28:13Z,2026-06-15T23:20:13Z,1.87
PO9 6BL,SEPD,HV,1,TJ9275,202,2026-06-15T21:28:13Z,2026-06-15T23:20:13Z,1.87
PO9 6ER,SEPD,HV,1,TJ9275,202,2026-06-15T21:28:13Z,2026-06-15T23:20:13Z,1.87
PO9 6EU,SEPD,HV,1,TJ9275,202,2026-06-15T21:28:13Z,2026-06-15T23:20:13Z,1.87
PO9 6HD,SEPD,HV,1,TJ9275,202,2026-06-15T21:28:13Z,2026-06-15T23:20:13Z,1.87
PO9 6HE,SEPD,HV,1,TJ9275,202,2026-06-15T21:28:13Z,2026-06-15T23:20:13Z,1.87
PO9 6HF,SEPD,HV,1,TJ9275,202,2026-06-15T21:28:13Z,2026-06-15T23:20:13Z,1.87
PO9 6HG,SEPD,HV,1,TJ9275,202,2026-06-15T21:28:13Z,2026-06-15T23:20:13Z,1.87
PO9 6HW,SEPD,HV,1,TJ9275,202,2026-06-15T21:28:13Z,2026-06-15T23:20:13Z,1.87
IV11 8UY,SHEPD,LV,1,TK3546,17,2026-06-18T22:22:12Z,2026-06-19T00:07:41Z,1.76
IV11 8UZ,SHEPD,LV,1,TK3546,17,2026-06-18T22:22:12Z,2026-06-19T00:07:41Z,1.76
IV11 8XA,SHEPD,LV,1,TK3546,17,2026-06-18T22:22:12Z,2026-06-19T00:07:41Z,1.76
IV11 8XL,SHEPD,LV,1,TK3546,17,2026-06-18T22:22:12Z,2026-06-19T00:07:41Z,1.76
IV11 8XR,SHEPD,LV,1,TK3546,17,2026-06-18T22:22:12Z,2026-06-19T00:07:41Z,1.76
IV11 8YE,SHEPD,LV,1,TK3546,17,2026-06-18T22:22:12Z,2026-06-19T00:07:41Z,1.76
IV11 8YG,SHEPD,LV,1,TK3546,17,2026-06-18T22:22:12Z,2026-06-19T00:07:41Z,1.76
IV11 8YL,SHEPD,LV,1,TK3546,17,2026-06-18T22:22:12Z,2026-06-19T00:07:41Z,1.76
IV11 8YR,SHEPD,LV,1,TK3546,17,2026-06-18T22:22:12Z,2026-06-19T00:07:41Z,1.76
PA24 8AE,SHEPD,HV,1,TK2763,21,2026-06-18T22:22:12Z,2026-06-19T00:07:41Z,1.76
PA24 8AR,SHEPD,HV,1,TK2763,21,2026-06-18T22:22:12Z,2026-06-19T00:07:41Z,1.76
BA14 9FG,SEPD,LV,1,TJ7975,17,2026-06-14T15:17:57Z,2026-06-14T16:50:30Z,1.54
BA14 9GB,SEPD,LV,1,TJ7975,17,2026-06-14T15:17:57Z,2026-06-14T16:50:30Z,1.54
BA14 9JL,SEPD,LV,1,TJ7975,17,2026-06-14T15:17:57Z,2026-06-14T16:50:30Z,1.54
BA14 9JN,SEPD,LV,1,TJ7975,17,2026-06-14T15:17:57Z,2026-06-14T16:50:30Z,1.54
DD9 7SZ,SHEPD,LV,3,"TK3523,TK5796,TK5941",51,2026-06-18T19:55:48Z,2026-06-21T11:50:55Z,1.52
DD9 7TF,SHEPD,LV,3,"TK3523,TK5796,TK5941",51,2026-06-18T19:55:48Z,2026-06-21T11:50:55Z,1.52
DD9 7TJ,SHEPD,LV,3,"TK3523,TK5796,TK5941",51,2026-06-18T19:55:48Z,2026-06-21T11:50:55Z,1.52
DD9 7TL,SHEPD,LV,3,"TK3523,TK5796,TK5941",51,2026-06-18T19:55:48Z,2026-06-21T11:50:55Z,1.52
DD9 7UA,SHEPD,LV,3,"TK3523,TK5796,TK5941",51,2026-06-18T19:55:48Z,2026-06-21T11:50:55Z,1.52
DD9 7UB,SHEPD,LV,3,"TK3523,TK5796,TK5941",51,2026-06-18T19:55:48Z,2026-06-21T11:50:55Z,1.52
UB3 5LY,SEPD,LV,2,"TK5818,TK5819",48,2026-06-20T20:08:15Z,2026-06-20T21:39:37Z,1.52
UB3 5LD,SEPD,LV,1,TK5819,28,2026-06-20T20:08:15Z,2026-06-20T21:39:37Z,1.52
UB3 5LX,SEPD,LV,1,TK5819,28,2026-06-20T20:08:15Z,2026-06-20T21:39:37Z,1.52
UB3 5NL,SEPD,LV,1,TK5819,28,2026-06-20T20:08:15Z,2026-06-20T21:39:37Z,1.52
GU31 4BS,SEPD,LV,1,TK0117,3,2026-06-16T22:33:13Z,2026-06-17T00:01:43Z,1.48
GU31 4BY,SEPD,LV,1,TK0117,3,2026-06-16T22:33:13Z,2026-06-17T00:01:43Z,1.48
SO14 7EN,SEPD,HV,1,TK4804,4,2026-06-19T20:09:07Z,2026-06-19T21:33:41Z,1.41
SO15 1QD,SEPD,HV,1,TK4804,4,2026-06-19T20:09:07Z,2026-06-19T21:33:41Z,1.41
SO15 1QE,SEPD,HV,1,TK4804,4,2026-06-19T20:09:07Z,2026-06-19T21:33:41Z,1.41
SO15 1QF,SEPD,HV,1,TK4804,4,2026-06-19T20:09:07Z,2026-06-19T21:33:41Z,1.41
GU31 4JX,SEPD,LV,1,TK5782,8,2026-06-20T18:44:54Z,2026-06-20T20:08:15Z,1.39
GU31 4JY,SEPD,LV,1,TK5782,8,2026-06-20T18:44:54Z,2026-06-20T20:08:15Z,1.39
OX14 3TH,SEPD,LV,1,TJ7649,13,2026-06-14T11:50:56Z,2026-06-14T13:10:01Z,1.32
OX14 3TQ,SEPD,LV,1,TJ7649,13,2026-06-14T11:50:56Z,2026-06-14T13:10:01Z,1.32
DT2 8TP,SEPD,LV,1,TK4898,21,2026-06-19T22:36:42Z,2026-06-19T23:47:34Z,1.18
DT2 8TT,SEPD,LV,1,TK4898,21,2026-06-19T22:36:42Z,2026-06-19T23:47:34Z,1.18
DT2 8TU,SEPD,LV,1,TK4898,21,2026-06-19T22:36:42Z,2026-06-19T23:47:34Z,1.18
DT2 8TW,SEPD,LV,1,TK4898,21,2026-06-19T22:36:42Z,2026-06-19T23:47:34Z,1.18
FK15 0AG,SHEPD,LV,1,TK5733,4,2026-06-20T21:39:37Z,2026-06-20T22:49:17Z,1.16
FK15 0AQ,SHEPD,LV,1,TK5733,4,2026-06-20T21:39:37Z,2026-06-20T22:49:17Z,1.16
FK15 0EH,SHEPD,LV,1,TK5733,4,2026-06-20T21:39:37Z,2026-06-20T22:49:17Z,1.16
FK15 0EJ,SHEPD,LV,1,TK5733,4,2026-06-20T21:39:37Z,2026-06-20T22:49:17Z,1.16
FK15 0EL,SHEPD,LV,1,TK5733,4,2026-06-20T21:39:37Z,2026-06-20T22:49:17Z,1.16
BH18 8HL,SEPD,LV,1,TK4868,15,2026-06-19T21:33:41Z,2026-06-19T22:36:42Z,1.05
BH18 8HN,SEPD,LV,1,TK4868,15,2026-06-19T21:33:41Z,2026-06-19T22:36:42Z,1.05
BH18 8HW,SEPD,LV,1,TK4868,15,2026-06-19T21:33:41Z,2026-06-19T22:36:42Z,1.05
IV30 8SA,SHEPD,"LV,HV",3,"TK1599,TK1771,TK4430",52,2026-06-17T13:54:46Z,2026-06-19T13:47:21Z,0.0
IV30 8SE,SHEPD,"LV,HV",3,"TK1599,TK1771,TK4430",52,2026-06-17T13:54:46Z,2026-06-19T13:47:21Z,0.0
IV30 8SG,SHEPD,"LV,HV",3,"TK1599,TK1771,TK4430",52,2026-06-17T13:54:46Z,2026-06-19T13:47:21Z,0.0
IV30 8SN,SHEPD,"LV,HV",3,"TK1599,TK1771,TK4430",52,2026-06-17T13:54:46Z,2026-06-19T13:47:21Z,0.0
IV30 8SQ,SHEPD,"LV,HV",3,"TK1599,TK1771,TK4430",52,2026-06-17T13:54:46Z,2026-06-19T13:47:21Z,0.0
PO6 1DQ,SEPD,"HV,LV",3,"TK0540,TK0544,TK0548",3576,2026-06-16T17:35:54Z,2026-06-16T17:35:54Z,0.0
PO6 1JJ,SEPD,HV,3,"TK0540,TK0547,TK0548",4017,2026-06-16T17:35:54Z,2026-06-16T17:35:54Z,0.0
PO6 1JZ,SEPD,HV,3,"TK0540,TK0547,TK0548",4017,2026-06-16T17:35:54Z,2026-06-16T17:35:54Z,0.0
PO6 1LA,SEPD,HV,3,"TK0540,TK0547,TK0548",4017,2026-06-16T17:35:54Z,2026-06-16T17:35:54Z,0.0
PO6 1NE,SEPD,"HV,LV",3,"TK0540,TK0544,TK0548",3576,2026-06-16T17:35:54Z,2026-06-16T17:35:54Z,0.0
PO6 1NF,SEPD,"HV,LV",3,"TK0540,TK0544,TK0548",3576,2026-06-16T17:35:54Z,2026-06-16T17:35:54Z,0.0
PO6 1TT,SEPD,HV,3,"TK0540,TK0547,TK0548",4017,2026-06-16T17:35:54Z,2026-06-16T17:35:54Z,0.0
TW16 7AZ,SEPD,LV,3,"TK2032,TK2112,TK3216",84,2026-06-17T19:33:14Z,2026-06-18T14:16:29Z,0.0
TW16 7BD,SEPD,LV,3,"TK2032,TK2112,TK3216",84,2026-06-17T19:33:14Z,2026-06-18T14:16:29Z,0.0
AB30 1WR,SHEPD,PSI,2,"250390,250565",265,2026-06-15T13:39:15Z,2026-06-15T13:39:15Z,0.0
AB30 1WT,SHEPD,PSI,2,"250390,250565",265,2026-06-15T13:39:15Z,2026-06-15T13:39:15Z,0.0
AB30 1XP,SHEPD,PSI,2,"250390,250565",265,2026-06-15T13:39:15Z,2026-06-15T13:39:15Z,0.0
AB30 1XR,SHEPD,PSI,2,"250390,250565",265,2026-06-15T13:39:15Z,2026-06-15T13:39:15Z,0.0
AB30 1XS,SHEPD,PSI,2,"250390,250565",265,2026-06-15T13:39:15Z,2026-06-15T13:39:15Z,0.0
AB43,SHEPD,"LV,HV",2,"TJ8166,TJ9175",1741,2026-06-15T02:09:17Z,2026-06-16T12:32:38Z,0.0
AB43 7FF,SHEPD,"LV,HV",2,"TJ8166,TJ9175",1741,2026-06-15T02:09:17Z,2026-06-16T12:32:38Z,0.0
AB43 7FG,SHEPD,"LV,HV",2,"TJ8166,TJ9175",1741,2026-06-15T02:09:17Z,2026-06-16T12:32:38Z,0.0
AB43 7FJ,SHEPD,"LV,HV",2,"TJ8166,TJ9175",1741,2026-06-15T02:09:17Z,2026-06-16T12:32:38Z,0.0
AB43 9TB,SHEPD,"PSI,HV",2,"252351,TJ9175",1727,2026-06-16T12:32:38Z,2026-06-21T09:02:32Z,0.0
BH24 4HS,SEPD,PSI,2,"252050,252057",7,2026-06-17T10:02:27Z,2026-06-18T10:56:41Z,0.0
BH7 7AB,SEPD,"PSI,LV",2,"251414,TK1128",58,2026-06-17T10:02:27Z,2026-06-17T10:02:27Z,0.0
BH7 7BT,SEPD,"PSI,LV",2,"251414,TK1128",58,2026-06-17T10:02:27Z,2026-06-17T10:02:27Z,0.0
DT2,SEPD,HV,2,"TK0527,TK0880",900,2026-06-16T17:35:54Z,2026-06-17T05:06:41Z,0.0
DT2 9FB,SEPD,HV,2,"TK0527,TK0880",900,2026-06-16T17:35:54Z,2026-06-17T05:06:41Z,0.0
DT2 9FD,SEPD,HV,2,"TK0527,TK0880",900,2026-06-16T17:35:54Z,2026-06-17T05:06:41Z,0.0
DT2 9FE,SEPD,HV,2,"TK0527,TK0880",900,2026-06-16T17:35:54Z,2026-06-17T05:06:41Z,0.0
DT2 9FF,SEPD,HV,2,"TK0527,TK0880",900,2026-06-16T17:35:54Z,2026-06-17T05:06:41Z,0.0
DT2 9FG,SEPD,HV,2,"TK0527,TK0880",900,2026-06-16T17:35:54Z,2026-06-17T05:06:41Z,0.0
DT2 9FH,SEPD,HV,2,"TK0527,TK0880",900,2026-06-16T17:35:54Z,2026-06-17T05:06:41Z,0.0
DT2 9FJ,SEPD,HV,2,"TK0527,TK0880",900,2026-06-16T17:35:54Z,2026-06-17T05:06:41Z,0.0
DT2 9FL,SEPD,HV,2,"TK0527,TK0880",900,2026-06-16T17:35:54Z,2026-06-17T05:06:41Z,0.0
DT2 9FN,SEPD,HV,2,"TK0527,TK0880",900,2026-06-16T17:35:54Z,2026-06-17T05:06:41Z,0.0
DT2 9FP,SEPD,HV,2,"TK0527,TK0880",900,2026-06-16T17:35:54Z,2026-06-17T05:06:41Z,0.0
DT2 9FQ,SEPD,HV,2,"TK0527,TK0880",900,2026-06-16T17:35:54Z,2026-06-17T05:06:41Z,0.0
DT2 9LQ,SEPD,HV,2,"TK0527,TK0880",900,2026-06-16T17:35:54Z,2026-06-17T05:06:41Z,0.0
DT2 9QP,SEPD,HV,2,"TK0527,TK0880",900,2026-06-16T17:35:54Z,2026-06-17T05:06:41Z,0.0
DT2 9RB,SEPD,HV,2,"TK0527,TK0880",900,2026-06-16T17:35:54Z,2026-06-17T05:06:41Z,0.0
DT2 9RJ,SEPD,HV,2,"TK0527,TK0880",900,2026-06-16T17:35:54Z,2026-06-17T05:06:41Z,0.0
DT2 9RL,SEPD,HV,2,"TK0527,TK0880",900,2026-06-16T17:35:54Z,2026-06-17T05:06:41Z,0.0
DT2 9RN,SEPD,HV,2,"TK0527,TK0880",900,2026-06-16T17:35:54Z,2026-06-17T05:06:41Z,0.0
DT2 9RP,SEPD,HV,2,"TK0527,TK0880",900,2026-06-16T17:35:54Z,2026-06-17T05:06:41Z,0.0
DT2 9TB,SEPD,HV,2,"TK0527,TK0880",900,2026-06-16T17:35:54Z,2026-06-17T05:06:41Z,0.0
DT2 9UA,SEPD,HV,2,"TK0527,TK0880",900,2026-06-16T17:35:54Z,2026-06-17T05:06:41Z,0.0
DT2 9UB,SEPD,HV,2,"TK0527,TK0880",900,2026-06-16T17:35:54Z,2026-06-17T05:06:41Z,0.0
DT2 9UD,SEPD,HV,2,"TK0527,TK0880",900,2026-06-16T17:35:54Z,2026-06-17T05:06:41Z,0.0
DT2 9UE,SEPD,HV,2,"TK0527,TK0880",900,2026-06-16T17:35:54Z,2026-06-17T05:06:41Z,0.0
DT2 9UF,SEPD,HV,2,"TK0527,TK0880",900,2026-06-16T17:35:54Z,2026-06-17T05:06:41Z,0.0
DT2 9UG,SEPD,HV,2,"TK0527,TK0880",900,2026-06-16T17:35:54Z,2026-06-17T05:06:41Z,0.0
DT2 9UH,SEPD,HV,2,"TK0527,TK0880",900,2026-06-16T17:35:54Z,2026-06-17T05:06:41Z,0.0
DT2 9UJ,SEPD,HV,2,"TK0527,TK0880",900,2026-06-16T17:35:54Z,2026-06-17T05:06:41Z,0.0
DT2 9UL,SEPD,HV,2,"TK0527,TK0880",900,2026-06-16T17:35:54Z,2026-06-17T05:06:41Z,0.0
DT2 9UN,SEPD,HV,2,"TK0527,TK0880",900,2026-06-16T17:35:54Z,2026-06-17T05:06:41Z,0.0
DT2 9UP,SEPD,HV,2,"TK0527,TK0880",900,2026-06-16T17:35:54Z,2026-06-17T05:06:41Z,0.0
DT2 9UR,SEPD,HV,2,"TK0527,TK0880",900,2026-06-16T17:35:54Z,2026-06-17T05:06:41Z,0.0
DT2 9US,SEPD,HV,2,"TK0527,TK0880",900,2026-06-16T17:35:54Z,2026-06-17T05:06:41Z,0.0
DT2 9UT,SEPD,HV,2,"TK0527,TK0880",900,2026-06-16T17:35:54Z,2026-06-17T05:06:41Z,0.0
DT2 9UU,SEPD,HV,2,"TK0527,TK0880",900,2026-06-16T17:35:54Z,2026-06-17T05:06:41Z,0.0
DT2 9UY,SEPD,HV,2,"TK0527,TK0880",900,2026-06-16T17:35:54Z,2026-06-17T05:06:41Z,0.0
DT2 9UZ,SEPD,HV,2,"TK0527,TK0880",900,2026-06-16T17:35:54Z,2026-06-17T05:06:41Z,0.0
DT2 9XA,SEPD,HV,2,"TK0527,TK0880",900,2026-06-16T17:35:54Z,2026-06-17T05:06:41Z,0.0
DT2 9XE,SEPD,HV,2,"TK0527,TK0880",900,2026-06-16T17:35:54Z,2026-06-17T05:06:41Z,0.0
DT2 9XT,SEPD,HV,2,"TK0527,TK0880",900,2026-06-16T17:35:54Z,2026-06-17T05:06:41Z,0.0
DT2 9XU,SEPD,HV,2,"TK0527,TK0880",900,2026-06-16T17:35:54Z,2026-06-17T05:06:41Z,0.0
DT2 9XX,SEPD,HV,2,"TK0527,TK0880",900,2026-06-16T17:35:54Z,2026-06-17T05:06:41Z,0.0
DT2 9XY,SEPD,HV,2,"TK0527,TK0880",900,2026-06-16T17:35:54Z,2026-06-17T05:06:41Z,0.0
DT2 9XZ,SEPD,HV,2,"TK0527,TK0880",900,2026-06-16T17:35:54Z,2026-06-17T05:06:41Z,0.0
GL7 4DU,SEPD,LV,2,"TJ8729,TK5947",26,2026-06-15T13:39:15Z,2026-06-21T09:02:32Z,0.0
GL7 4EE,SEPD,LV,2,"TJ8729,TK5947",26,2026-06-15T13:39:15Z,2026-06-21T09:02:32Z,0.0
GL7 4EF,SEPD,LV,2,"TJ8729,TK5947",26,2026-06-15T13:39:15Z,2026-06-21T09:02:32Z,0.0
GL7 4EG,SEPD,LV,2,"TJ8729,TK5947",26,2026-06-15T13:39:15Z,2026-06-21T09:02:32Z,0.0
GL7 4NS,SEPD,LV,2,"TJ8729,TK5947",26,2026-06-15T13:39:15Z,2026-06-21T09:02:32Z,0.0
GL7 4NT,SEPD,LV,2,"TJ8729,TK5947",26,2026-06-15T13:39:15Z,2026-06-21T09:02:32Z,0.0
GU28 0QE,SEPD,"PSI,LV",2,"250983,TK0491",235,2026-06-16T12:32:38Z,2026-06-16T17:35:54Z,0.0
GU28 0QF,SEPD,"PSI,LV",2,"250983,TK0491",235,2026-06-16T12:32:38Z,2026-06-16T17:35:54Z,0.0
IV48 8TD,SHEPD,"LV,HV",2,"TJ8126,TJ8152",10,2026-06-14T21:22:52Z,2026-06-14T22:38:46Z,0.0
KW17 2BU,SHEPD,HV,2,"TK5509,TK5651",30,2026-06-20T11:52:35Z,2026-06-20T15:25:55Z,0.0
PA21,SHEPD,HV,2,"TK5681,TK5824",107,2026-06-20T15:25:55Z,2026-06-20T21:39:37Z,0.0
PA21 2BT,SHEPD,HV,2,"TK5681,TK5824",107,2026-06-20T15:25:55Z,2026-06-20T21:39:37Z,0.0
PA21 2BU,SHEPD,HV,2,"TK5681,TK5824",107,2026-06-20T15:25:55Z,2026-06-20T21:39:37Z,0.0
PA21 2DU,SHEPD,HV,2,"TK5681,TK5824",107,2026-06-20T15:25:55Z,2026-06-20T21:39:37Z,0.0
PA21 2DX,SHEPD,HV,2,"TK5681,TK5824",107,2026-06-20T15:25:55Z,2026-06-20T21:39:37Z,0.0
PA21 2ER,SHEPD,HV,2,"TK5681,TK5824",107,2026-06-20T15:25:55Z,2026-06-20T21:39:37Z,0.0
PA21 2ES,SHEPD,HV,2,"TK5681,TK5824",107,2026-06-20T15:25:55Z,2026-06-20T21:39:37Z,0.0
PH1 2PB,SHEPD,"HV,LV",2,"TK5631,TK5636",774,2026-06-20T13:46:19Z,2026-06-20T13:46:19Z,0.0
PH1 2RP,SHEPD,"HV,LV",2,"TK5631,TK5637",761,2026-06-20T13:46:19Z,2026-06-20T13:46:19Z,0.0
PH10 6SJ,SHEPD,HV,2,"TK3644,TK4736",37,2026-06-19T10:03:19Z,2026-06-19T20:09:07Z,0.0
PH10 6SN,SHEPD,HV,2,"TK3644,TK4736",37,2026-06-19T10:03:19Z,2026-06-19T20:09:07Z,0.0
PO6 1AD,SEPD,HV,2,"TK0540,TK0548",3550,2026-06-16T17:35:54Z,2026-06-16T17:35:54Z,0.0
PO6 1AE,SEPD,HV,2,"TK0540,TK0548",3550,2026-06-16T17:35:54Z,2026-06-16T17:35:54Z,0.0
PO6 1AH,SEPD,HV,2,"TK0540,TK0548",3550,2026-06-16T17:35:54Z,2026-06-16T17:35:54Z,0.0
PO6 1AJ,SEPD,HV,2,"TK0540,TK0548",3550,2026-06-16T17:35:54Z,2026-06-16T17:35:54Z,0.0
PO6 1AN,SEPD,HV,2,"TK0540,TK0548",3550,2026-06-16T17:35:54Z,2026-06-16T17:35:54Z,0.0
PO6 1AP,SEPD,HV,2,"TK0540,TK0548",3550,2026-06-16T17:35:54Z,2026-06-16T17:35:54Z,0.0
PO6 1AR,SEPD,HV,2,"TK0540,TK0548",3550,2026-06-16T17:35:54Z,2026-06-16T17:35:54Z,0.0
PO6 1AT,SEPD,HV,2,"TK0540,TK0548",3550,2026-06-16T17:35:54Z,2026-06-16T17:35:54Z,0.0
PO6 1AU,SEPD,HV,2,"TK0540,TK0548",3550,2026-06-16T17:35:54Z,2026-06-16T17:35:54Z,0.0
PO6 1AW,SEPD,HV,2,"TK0540,TK0548",3550,2026-06-16T17:35:54Z,2026-06-16T17:35:54Z,0.0
PO6 1AX,SEPD,HV,2,"TK0540,TK0548",3550,2026-06-16T17:35:54Z,2026-06-16T17:35:54Z,0.0
PO6 1AY,SEPD,HV,2,"TK0540,TK0548",3550,2026-06-16T17:35:54Z,2026-06-16T17:35:54Z,0.0
PO6 1AZ,SEPD,HV,2,"TK0540,TK0548",3550,2026-06-16T17:35:54Z,2026-06-16T17:35:54Z,0.0
PO6 1BJ,SEPD,HV,2,"TK0540,TK0548",3550,2026-06-16T17:35:54Z,2026-06-16T17:35:54Z,0.0
PO6 1BL,SEPD,HV,2,"TK0540,TK0548",3550,2026-06-16T17:35:54Z,2026-06-16T17:35:54Z,0.0
PO6 1BS,SEPD,HV,2,"TK0540,TK0548",3550,2026-06-16T17:35:54Z,2026-06-16T17:35:54Z,0.0
PO6 1DD,SEPD,HV,2,"TK0540,TK0548",3550,2026-06-16T17:35:54Z,2026-06-16T17:35:54Z,0.0
PO6 1DH,SEPD,HV,2,"TK0540,TK0548",3550,2026-06-16T17:35:54Z,2026-06-16T17:35:54Z,0.0
PO6 1DJ,SEPD,HV,2,"TK0540,TK0548",3550,2026-06-16T17:35:54Z,2026-06-16T17:35:54Z,0.0
PO6 1DN,SEPD,HV,2,"TK0540,TK0548",3550,2026-06-16T17:35:54Z,2026-06-16T17:35:54Z,0.0
PO6 1DR,SEPD,HV,2,"TK0540,TK0548",3550,2026-06-16T17:35:54Z,2026-06-16T17:35:54Z,0.0
PO6 1DT,SEPD,HV,2,"TK0540,TK0548",3550,2026-06-16T17:35:54Z,2026-06-16T17:35:54Z,0.0
PO6 1DU,SEPD,HV,2,"TK0540,TK0548",3550,2026-06-16T17:35:54Z,2026-06-16T17:35:54Z,0.0
PO6 1DX,SEPD,HV,2,"TK0540,TK0548",3550,2026-06-16T17:35:54Z,2026-06-16T17:35:54Z,0.0
PO6 1EP,SEPD,HV,2,"TK0540,TK0548",3550,2026-06-16T17:35:54Z,2026-06-16T17:35:54Z,0.0
PO6 1ER,SEPD,HV,2,"TK0540,TK0548",3550,2026-06-16T17:35:54Z,2026-06-16T17:35:54Z,0.0
PO6 1ES,SEPD,HV,2,"TK0540,TK0548",3550,2026-06-16T17:35:54Z,2026-06-16T17:35:54Z,0.0
PO6 1ET,SEPD,HV,2,"TK0540,TK0548",3550,2026-06-16T17:35:54Z,2026-06-16T17:35:54Z,0.0
PO6 1EU,SEPD,HV,2,"TK0540,TK0548",3550,2026-06-16T17:35:54Z,2026-06-16T17:35:54Z,0.0
PO6 1EW,SEPD,HV,2,"TK0540,TK0548",3550,2026-06-16T17:35:54Z,2026-06-16T17:35:54Z,0.0
PO6 1EX,SEPD,HV,2,"TK0540,TK0548",3550,2026-06-16T17:35:54Z,2026-06-16T17:35:54Z,0.0
PO6 1EY,SEPD,HV,2,"TK0540,TK0548",3550,2026-06-16T17:35:54Z,2026-06-16T17:35:54Z,0.0
PO6 1HG,SEPD,"HV,LV",2,"TK0548,TK0555",2130,2026-06-16T17:35:54Z,2026-06-16T17:35:54Z,0.0
PO6 1JG,SEPD,HV,2,"TK0540,TK0548",3550,2026-06-16T17:35:54Z,2026-06-16T17:35:54Z,0.0
PO6 1JH,SEPD,HV,2,"TK0540,TK0548",3550,2026-06-16T17:35:54Z,2026-06-16T17:35:54Z,0.0
PO6 1JL,SEPD,HV,2,"TK0540,TK0548",3550,2026-06-16T17:35:54Z,2026-06-16T17:35:54Z,0.0
PO6 1JN,SEPD,HV,2,"TK0540,TK0548",3550,2026-06-16T17:35:54Z,2026-06-16T17:35:54Z,0.0
PO6 1JP,SEPD,HV,2,"TK0540,TK0548",3550,2026-06-16T17:35:54Z,2026-06-16T17:35:54Z,0.0
PO6 1JQ,SEPD,HV,2,"TK0540,TK0548",3550,2026-06-16T17:35:54Z,2026-06-16T17:35:54Z,0.0
PO6 1JR,SEPD,HV,2,"TK0540,TK0548",3550,2026-06-16T17:35:54Z,2026-06-16T17:35:54Z,0.0
PO6 1JS,SEPD,HV,2,"TK0540,TK0548",3550,2026-06-16T17:35:54Z,2026-06-16T17:35:54Z,0.0
PO6 1JT,SEPD,HV,2,"TK0540,TK0548",3550,2026-06-16T17:35:54Z,2026-06-16T17:35:54Z,0.0
PO6 1JU,SEPD,HV,2,"TK0540,TK0548",3550,2026-06-16T17:35:54Z,2026-06-16T17:35:54Z,0.0
PO6 1JW,SEPD,HV,2,"TK0540,TK0548",3550,2026-06-16T17:35:54Z,2026-06-16T17:35:54Z,0.0
PO6 1JY,SEPD,HV,2,"TK0540,TK0548",3550,2026-06-16T17:35:54Z,2026-06-16T17:35:54Z,0.0
PO6 1LB,SEPD,HV,2,"TK0547,TK0548",2576,2026-06-16T17:35:54Z,2026-06-16T17:35:54Z,0.0
PO6 1LD,SEPD,HV,2,"TK0547,TK0548",2576,2026-06-16T17:35:54Z,2026-06-16T17:35:54Z,0.0
PO6 1LE,SEPD,HV,2,"TK0547,TK0548",2576,2026-06-16T17:35:54Z,2026-06-16T17:35:54Z,0.0
PO6 1LF,SEPD,HV,2,"TK0547,TK0548",2576,2026-06-16T17:35:54Z,2026-06-16T17:35:54Z,0.0
PO6 1LG,SEPD,HV,2,"TK0547,TK0548",2576,2026-06-16T17:35:54Z,2026-06-16T17:35:54Z,0.0
PO6 1LH,SEPD,HV,2,"TK0547,TK0548",2576,2026-06-16T17:35:54Z,2026-06-16T17:35:54Z,0.0
PO6 1LJ,SEPD,HV,2,"TK0547,TK0548",2576,2026-06-16T17:35:54Z,2026-06-16T17:35:54Z,0.0
PO6 1LL,SEPD,HV,2,"TK0547,TK0548",2576,2026-06-16T17:35:54Z,2026-06-16T17:35:54Z,0.0
PO6 1LN,SEPD,HV,2,"TK0547,TK0548",2576,2026-06-16T17:35:54Z,2026-06-16T17:35:54Z,0.0
PO6 1LP,SEPD,HV,2,"TK0547,TK0548",2576,2026-06-16T17:35:54Z,2026-06-16T17:35:54Z,0.0
PO6 1LW,SEPD,HV,2,"TK0547,TK0548",2576,2026-06-16T17:35:54Z,2026-06-16T17:35:54Z,0.0
PO6 1NH,SEPD,HV,2,"TK0547,TK0548",2576,2026-06-16T17:35:54Z,2026-06-16T17:35:54Z,0.0
PO6 1NW,SEPD,HV,2,"TK0547,TK0548",2576,2026-06-16T17:35:54Z,2026-06-16T17:35:54Z,0.0
PO6 1QN,SEPD,HV,2,"TK0547,TK0548",2576,2026-06-16T17:35:54Z,2026-06-16T17:35:54Z,0.0
PO6 1QW,SEPD,HV,2,"TK0547,TK0548",2576,2026-06-16T17:35:54Z,2026-06-16T17:35:54Z,0.0
PO6 1RG,SEPD,HV,2,"TK0547,TK0548",2576,2026-06-16T17:35:54Z,2026-06-16T17:35:54Z,0.0
PO6 1RN,SEPD,HV,2,"TK0547,TK0548",2576,2026-06-16T17:35:54Z,2026-06-16T17:35:54Z,0.0
PO6 1RS,SEPD,HV,2,"TK0547,TK0548",2576,2026-06-16T17:35:54Z,2026-06-16T17:35:54Z,0.0
PO6 1RT,SEPD,HV,2,"TK0547,TK0548",2576,2026-06-16T17:35:54Z,2026-06-16T17:35:54Z,0.0
PO6 1RU,SEPD,HV,2,"TK0547,TK0548",2576,2026-06-16T17:35:54Z,2026-06-16T17:35:54Z,0.0
PO6 1RW,SEPD,HV,2,"TK0547,TK0548",2576,2026-06-16T17:35:54Z,2026-06-16T17:35:54Z,0.0
PO6 1RY,SEPD,HV,2,"TK0547,TK0548",2576,2026-06-16T17:35:54Z,2026-06-16T17:35:54Z,0.0
PO6 1SB,SEPD,HV,2,"TK0547,TK0548",2576,2026-06-16T17:35:54Z,2026-06-16T17:35:54Z,0.0
PO6 1SD,SEPD,HV,2,"TK0547,TK0548",2576,2026-06-16T17:35:54Z,2026-06-16T17:35:54Z,0.0
PO6 1SE,SEPD,HV,2,"TK0547,TK0548",2576,2026-06-16T17:35:54Z,2026-06-16T17:35:54Z,0.0
PO6 1SH,SEPD,HV,2,"TK0547,TK0548",2576,2026-06-16T17:35:54Z,2026-06-16T17:35:54Z,0.0
PO6 1SQ,SEPD,HV,2,"TK0547,TK0548",2576,2026-06-16T17:35:54Z,2026-06-16T17:35:54Z,0.0
PO6 1SS,SEPD,HV,2,"TK0547,TK0548",2576,2026-06-16T17:35:54Z,2026-06-16T17:35:54Z,0.0
PO6 1ST,SEPD,HV,2,"TK0547,TK0548",2576,2026-06-16T17:35:54Z,2026-06-16T17:35:54Z,0.0
PO6 1SU,SEPD,HV,2,"TK0547,TK0548",2576,2026-06-16T17:35:54Z,2026-06-16T17:35:54Z,0.0
PO6 1TL,SEPD,HV,2,"TK0547,TK0548",2576,2026-06-16T17:35:54Z,2026-06-16T17:35:54Z,0.0
PO6 1TX,SEPD,HV,2,"TK0547,TK0548",2576,2026-06-16T17:35:54Z,2026-06-16T17:35:54Z,0.0
PO6 1UH,SEPD,HV,2,"TK0547,TK0548",2576,2026-06-16T17:35:54Z,2026-06-16T17:35:54Z,0.0
PO6 1UP,SEPD,HV,2,"TK0547,TK0548",2576,2026-06-16T17:35:54Z,2026-06-16T17:35:54Z,0.0
PO6 1UR,SEPD,HV,2,"TK0547,TK0548",2576,2026-06-16T17:35:54Z,2026-06-16T17:35:54Z,0.0
PO6 1US,SEPD,HV,2,"TK0547,TK0548",2576,2026-06-16T17:35:54Z,2026-06-16T17:35:54Z,0.0
PO6 2AA,SEPD,HV,2,"TK0540,TK0548",3550,2026-06-16T17:35:54Z,2026-06-16T17:35:54Z,0.0
PO6 2AG,SEPD,HV,2,"TK0540,TK0548",3550,2026-06-16T17:35:54Z,2026-06-16T17:35:54Z,0.0
PO6 2AH,SEPD,HV,2,"TK0540,TK0548",3550,2026-06-16T17:35:54Z,2026-06-16T17:35:54Z,0.0
PO6 2AJ,SEPD,HV,2,"TK0540,TK0548",3550,2026-06-16T17:35:54Z,2026-06-16T17:35:54Z,0.0
PO6 2AL,SEPD,HV,2,"TK0540,TK0548",3550,2026-06-16T17:35:54Z,2026-06-16T17:35:54Z,0.0
PO6 2AN,SEPD,HV,2,"TK0540,TK0548",3550,2026-06-16T17:35:54Z,2026-06-16T17:35:54Z,0.0
PO6 2AP,SEPD,HV,2,"TK0540,TK0548",3550,2026-06-16T17:35:54Z,2026-06-16T17:35:54Z,0.0
PO6 2AQ,SEPD,HV,2,"TK0540,TK0548",3550,2026-06-16T17:35:54Z,2026-06-16T17:35:54Z,0.0
PO6 2AR,SEPD,HV,2,"TK0540,TK0548",3550,2026-06-16T17:35:54Z,2026-06-16T17:35:54Z,0.0
PO6 2AS,SEPD,HV,2,"TK0540,TK0548",3550,2026-06-16T17:35:54Z,2026-06-16T17:35:54Z,0.0
PO6 2AT,SEPD,HV,2,"TK0540,TK0548",3550,2026-06-16T17:35:54Z,2026-06-16T17:35:54Z,0.0
PO6 2AU,SEPD,HV,2,"TK0540,TK0548",3550,2026-06-16T17:35:54Z,2026-06-16T17:35:54Z,0.0
PO6 2AW,SEPD,HV,2,"TK0540,TK0548",3550,2026-06-16T17:35:54Z,2026-06-16T17:35:54Z,0.0
PO6 2AX,SEPD,HV,2,"TK0540,TK0548",3550,2026-06-16T17:35:54Z,2026-06-16T17:35:54Z,0.0
PO6 2BP,SEPD,HV,2,"TK0540,TK0548",3550,2026-06-16T17:35:54Z,2026-06-16T17:35:54Z,0.0
PO6 2BX,SEPD,HV,2,"TK0540,TK0548",3550,2026-06-16T17:35:54Z,2026-06-16T17:35:54Z,0.0
PO6 2EH,SEPD,HV,2,"TK0540,TK0548",3550,2026-06-16T17:35:54Z,2026-06-16T17:35:54Z,0.0
PO6 2HZ,SEPD,HV,2,"TK0540,TK0548",3550,2026-06-16T17:35:54Z,2026-06-16T17:35:54Z,0.0
PO6 2JA,SEPD,HV,2,"TK0540,TK0548",3550,2026-06-16T17:35:54Z,2026-06-16T17:35:54Z,0.0
PO6 2JD,SEPD,HV,2,"TK0540,TK0548",3550,2026-06-16T17:35:54Z,2026-06-16T17:35:54Z,0.0
PO6 2JE,SEPD,HV,2,"TK0540,TK0548",3550,2026-06-16T17:35:54Z,2026-06-16T17:35:54Z,0.0
PO6 2JG,SEPD,HV,2,"TK0540,TK0548",3550,2026-06-16T17:35:54Z,2026-06-16T17:35:54Z,0.0
PO6 2JQ,SEPD,HV,2,"TK0540,TK0548",3550,2026-06-16T17:35:54Z,2026-06-16T17:35:54Z,0.0
PO6 2JT,SEPD,HV,2,"TK0540,TK0548",3550,2026-06-16T17:35:54Z,2026-06-16T17:35:54Z,0.0
PO6 2JU,SEPD,HV,2,"TK0540,TK0548",3550,2026-06-16T17:35:54Z,2026-06-16T17:35:54Z,0.0
PO6 2JX,SEPD,HV,2,"TK0540,TK0548",3550,2026-06-16T17:35:54Z,2026-06-16T17:35:54Z,0.0
PO6 2LG,SEPD,HV,2,"TK0540,TK0548",3550,2026-06-16T17:35:54Z,2026-06-16T17:35:54Z,0.0
PO6 2LT,SEPD,HV,2,"TK0540,TK0548",3550,2026-06-16T17:35:54Z,2026-06-16T17:35:54Z,0.0
PO6 2NX,SEPD,HV,2,"TK0540,TK0548",3550,2026-06-16T17:35:54Z,2026-06-16T17:35:54Z,0.0
RG20 7LP,SEPD,LV,2,"TJ9708,TK1762",38,2026-06-17T13:54:46Z,2026-06-17T13:54:46Z,0.0
RG30 3UN,SEPD,PSI,2,"251306,251312",147,2026-06-15T13:39:15Z,2026-06-16T12:32:38Z,0.0
RG30 3UW,SEPD,PSI,2,"251306,251312",147,2026-06-15T13:39:15Z,2026-06-16T12:32:38Z,0.0
RG30 3XD,SEPD,PSI,2,"251306,251312",147,2026-06-15T13:39:15Z,2026-06-16T12:32:38Z,0.0
RG30 4BA,SEPD,LV,2,"TK4300,TK4540",29,2026-06-19T16:25:07Z,2026-06-19T16:25:07Z,0.0
RG9 2AH,SEPD,LV,2,"TK0493,TK5674",56,2026-06-16T17:35:54Z,2026-06-20T15:25:55Z,0.0
RG9 2AN,SEPD,LV,2,"TK0493,TK5674",56,2026-06-16T17:35:54Z,2026-06-20T15:25:55Z,0.0
RG9 2BA,SEPD,LV,2,"TK0493,TK5674",56,2026-06-16T17:35:54Z,2026-06-20T15:25:55Z,0.0
RG9 2BD,SEPD,LV,2,"TK0493,TK5674",56,2026-06-16T17:35:54Z,2026-06-20T15:25:55Z,0.0
RG9 2BF,SEPD,LV,2,"TK0493,TK5674",56,2026-06-16T17:35:54Z,2026-06-20T15:25:55Z,0.0
RG9 2BG,SEPD,LV,2,"TK0493,TK5674",56,2026-06-16T17:35:54Z,2026-06-20T15:25:55Z,0.0
RG9 2BL,SEPD,LV,2,"TK0493,TK5674",56,2026-06-16T17:35:54Z,2026-06-20T15:25:55Z,0.0
RG9 2BW,SEPD,LV,2,"TK0493,TK5674",56,2026-06-16T17:35:54Z,2026-06-20T15:25:55Z,0.0
RG9 2FH,SEPD,LV,2,"TK0493,TK5674",56,2026-06-16T17:35:54Z,2026-06-20T15:25:55Z,0.0
SN11 8JZ,SEPD,"PSI,LV",2,"252587,TK4044",108,2026-06-19T10:03:19Z,2026-06-19T10:03:19Z,0.0
AB30 1WS,SHEPD,PSI,1,250390,199,2026-06-15T13:39:15Z,2026-06-15T13:39:15Z,0.0
AB30 1WU,SHEPD,PSI,1,250390,199,2026-06-15T13:39:15Z,2026-06-15T13:39:15Z,0.0
AB30 1WX,SHEPD,PSI,1,250390,199,2026-06-15T13:39:15Z,2026-06-15T13:39:15Z,0.0
AB30 1XG,SHEPD,PSI,1,250390,199,2026-06-15T13:39:15Z,2026-06-15T13:39:15Z,0.0
AB30 1XH,SHEPD,PSI,1,250390,199,2026-06-15T13:39:15Z,2026-06-15T13:39:15Z,0.0
AB30 1XQ,SHEPD,PSI,1,250390,199,2026-06-15T13:39:15Z,2026-06-15T13:39:15Z,0.0
AB30 1XT,SHEPD,PSI,1,250390,199,2026-06-15T13:39:15Z,2026-06-15T13:39:15Z,0.0
AB30 1XU,SHEPD,PSI,1,250390,199,2026-06-15T13:39:15Z,2026-06-15T13:39:15Z,0.0
AB30 1ZG,SHEPD,PSI,1,250390,199,2026-06-15T13:39:15Z,2026-06-15T13:39:15Z,0.0
AB31 4PN,SHEPD,PSI,1,251498,6,2026-06-15T13:39:15Z,2026-06-15T13:39:15Z,0.0
AB31 6LN,SHEPD,PSI,1,251872,47,2026-06-19T10:03:19Z,2026-06-19T10:03:19Z,0.0
AB31 6LP,SHEPD,PSI,1,251872,47,2026-06-19T10:03:19Z,2026-06-19T10:03:19Z,0.0
AB31 6LQ,SHEPD,PSI,1,251872,47,2026-06-19T10:03:19Z,2026-06-19T10:03:19Z,0.0
AB31 6NN,SHEPD,PSI,1,251872,47,2026-06-19T10:03:19Z,2026-06-19T10:03:19Z,0.0
AB31 6NP,SHEPD,PSI,1,251872,47,2026-06-19T10:03:19Z,2026-06-19T10:03:19Z,0.0
AB31 6NQ,SHEPD,PSI,1,251872,47,2026-06-19T10:03:19Z,2026-06-19T10:03:19Z,0.0
AB42 3AP,SHEPD,PSI,1,252351,3,2026-06-21T09:02:32Z,2026-06-21T09:02:32Z,0.0
AB42 3JF,SHEPD,PSI,1,252351,3,2026-06-21T09:02:32Z,2026-06-21T09:02:32Z,0.0
AB43 7AA,SHEPD,HV,1,TJ9175,1724,2026-06-16T12:32:38Z,2026-06-16T12:32:38Z,0.0
AB43 7AB,SHEPD,HV,1,TJ9175,1724,2026-06-16T12:32:38Z,2026-06-16T12:32:38Z,0.0
AB43 7AD,SHEPD,HV,1,TJ9175,1724,2026-06-16T12:32:38Z,2026-06-16T12:32:38Z,0.0
AB43 7AE,SHEPD,HV,1,TJ9175,1724,2026-06-16T12:32:38Z,2026-06-16T12:32:38Z,0.0
AB43 7AF,SHEPD,HV,1,TJ9175,1724,2026-06-16T12:32:38Z,2026-06-16T12:32:38Z,0.0
AB43 7AG,SHEPD,HV,1,TJ9175,1724,2026-06-16T12:32:38Z,2026-06-16T12:32:38Z,0.0
AB43 7AH,SHEPD,HV,1,TJ9175,1724,2026-06-16T12:32:38Z,2026-06-16T12:32:38Z,0.0
AB43 7AJ,SHEPD,HV,1,TJ9175,1724,2026-06-16T12:32:38Z,2026-06-16T12:32:38Z,0.0
AB43 7AL,SHEPD,HV,1,TJ9175,1724,2026-06-16T12:32:38Z,2026-06-16T12:32:38Z,0.0
AB43 7AN,SHEPD,HV,1,TJ9175,1724,2026-06-16T12:32:38Z,2026-06-16T12:32:38Z,0.0
AB43 7AP,SHEPD,HV,1,TJ9175,1724,2026-06-16T12:32:38Z,2026-06-16T12:32:38Z,0.0
AB43 7AQ,SHEPD,HV,1,TJ9175,1724,2026-06-16T12:32:38Z,2026-06-16T12:32:38Z,0.0
AB43 7AR,SHEPD,HV,1,TJ9175,1724,2026-06-16T12:32:38Z,2026-06-16T12:32:38Z,0.0
AB43 7AW,SHEPD,HV,1,TJ9175,1724,2026-06-16T12:32:38Z,2026-06-16T12:32:38Z,0.0
AB43 7BE,SHEPD,HV,1,TJ9175,1724,2026-06-16T12:32:38Z,2026-06-16T12:32:38Z,0.0
AB43 7BF,SHEPD,HV,1,TJ9175,1724,2026-06-16T12:32:38Z,2026-06-16T12:32:38Z,0.0
AB43 7BG,SHEPD,HV,1,TJ9175,1724,2026-06-16T12:32:38Z,2026-06-16T12:32:38Z,0.0
AB43 7BH,SHEPD,HV,1,TJ9175,1724,2026-06-16T12:32:38Z,2026-06-16T12:32:38Z,0.0
AB43 7BJ,SHEPD,HV,1,TJ9175,1724,2026-06-16T12:32:38Z,2026-06-16T12:32:38Z,0.0
AB43 7BL,SHEPD,HV,1,TJ9175,1724,2026-06-16T12:32:38Z,2026-06-16T12:32:38Z,0.0
AB43 7BN,SHEPD,HV,1,TJ9175,1724,2026-06-16T12:32:38Z,2026-06-16T12:32:38Z,0.0
AB43 7BP,SHEPD,HV,1,TJ9175,1724,2026-06-16T12:32:38Z,2026-06-16T12:32:38Z,0.0
AB43 7BQ,SHEPD,HV,1,TJ9175,1724,2026-06-16T12:32:38Z,2026-06-16T12:32:38Z,0.0
AB43 7BR,SHEPD,HV,1,TJ9175,1724,2026-06-16T12:32:38Z,2026-06-16T12:32:38Z,0.0
AB43 7BS,SHEPD,HV,1,TJ9175,1724,2026-06-16T12:32:38Z,2026-06-16T12:32:38Z,0.0
AB43 7BT,SHEPD,HV,1,TJ9175,1724,2026-06-16T12:32:38Z,2026-06-16T12:32:38Z,0.0
AB43 7BX,SHEPD,HV,1,TJ9175,1724,2026-06-16T12:32:38Z,2026-06-16T12:32:38Z,0.0
AB43 7BY,SHEPD,HV,1,TJ9175,1724,2026-06-16T12:32:38Z,2026-06-16T12:32:38Z,0.0
AB43 7BZ,SHEPD,HV,1,TJ9175,1724,2026-06-16T12:32:38Z,2026-06-16T12:32:38Z,0.0
AB43 7DA,SHEPD,HV,1,TJ9175,1724,2026-06-16T12:32:38Z,2026-06-16T12:32:38Z,0.0
AB43 7DB,SHEPD,HV,1,TJ9175,1724,2026-06-16T12:32:38Z,2026-06-16T12:32:38Z,0.0
AB43 7DD,SHEPD,HV,1,TJ9175,1724,2026-06-16T12:32:38Z,2026-06-16T12:32:38Z,0.0
AB43 7DE,SHEPD,HV,1,TJ9175,1724,2026-06-16T12:32:38Z,2026-06-16T12:32:38Z,0.0
AB43 7DL,SHEPD,HV,1,TJ9175,1724,2026-06-16T12:32:38Z,2026-06-16T12:32:38Z,0.0
AB43 7DN,SHEPD,HV,1,TJ9175,1724,2026-06-16T12:32:38Z,2026-06-16T12:32:38Z,0.0
AB43 7EH,SHEPD,HV,1,TJ9175,1724,2026-06-16T12:32:38Z,2026-06-16T12:32:38Z,0.0
AB43 7EJ,SHEPD,HV,1,TJ9175,1724,2026-06-16T12:32:38Z,2026-06-16T12:32:38Z,0.0
AB43 7FA,SHEPD,HV,1,TJ9175,1724,2026-06-16T12:32:38Z,2026-06-16T12:32:38Z,0.0
AB43 7FB,SHEPD,HV,1,TJ9175,1724,2026-06-16T12:32:38Z,2026-06-16T12:32:38Z,0.0
AB43 7FE,SHEPD,HV,1,TJ9175,1724,2026-06-16T12:32:38Z,2026-06-16T12:32:38Z,0.0
AB43 7FH,SHEPD,HV,1,TJ9175,1724,2026-06-16T12:32:38Z,2026-06-16T12:32:38Z,0.0
AB43 7FL,SHEPD,HV,1,TJ9175,1724,2026-06-16T12:32:38Z,2026-06-16T12:32:38Z,0.0
AB43 7GA,SHEPD,HV,1,TJ9175,1724,2026-06-16T12:32:38Z,2026-06-16T12:32:38Z,0.0
AB43 7GB,SHEPD,HV,1,TJ9175,1724,2026-06-16T12:32:38Z,2026-06-16T12:32:38Z,0.0
AB43 7GD,SHEPD,HV,1,TJ9175,1724,2026-06-16T12:32:38Z,2026-06-16T12:32:38Z,0.0
AB43 7GE,SHEPD,HV,1,TJ9175,1724,2026-06-16T12:32:38Z,2026-06-16T12:32:38Z,0.0
AB43 7HG,SHEPD,HV,1,TJ9175,1724,2026-06-16T12:32:38Z,2026-06-16T12:32:38Z,0.0
AB43 7HU,SHEPD,HV,1,TJ9175,1724,2026-06-16T12:32:38Z,2026-06-16T12:32:38Z,0.0
AB43 7HW,SHEPD,HV,1,TJ9175,1724,2026-06-16T12:32:38Z,2026-06-16T12:32:38Z,0.0
AB43 7HX,SHEPD,HV,1,TJ9175,1724,2026-06-16T12:32:38Z,2026-06-16T12:32:38Z,0.0
AB43 7HY,SHEPD,HV,1,TJ9175,1724,2026-06-16T12:32:38Z,2026-06-16T12:32:38Z,0.0
AB43 7UD,SHEPD,HV,1,TJ9175,1724,2026-06-16T12:32:38Z,2026-06-16T12:32:38Z,0.0
AB43 8AE,SHEPD,HV,1,TJ9175,1724,2026-06-16T12:32:38Z,2026-06-16T12:32:38Z,0.0
AB43 8RJ,SHEPD,HV,1,TJ9175,1724,2026-06-16T12:32:38Z,2026-06-16T12:32:38Z,0.0
AB43 8RL,SHEPD,HV,1,TJ9175,1724,2026-06-16T12:32:38Z,2026-06-16T12:32:38Z,0.0
AB43 8RN,SHEPD,HV,1,TJ9175,1724,2026-06-16T12:32:38Z,2026-06-16T12:32:38Z,0.0
AB43 8SA,SHEPD,HV,1,TJ9175,1724,2026-06-16T12:32:38Z,2026-06-16T12:32:38Z,0.0
AB43 8SB,SHEPD,HV,1,TJ9175,1724,2026-06-16T12:32:38Z,2026-06-16T12:32:38Z,0.0
AB43 8SD,SHEPD,HV,1,TJ9175,1724,2026-06-16T12:32:38Z,2026-06-16T12:32:38Z,0.0
AB43 8SN,SHEPD,HV,1,TJ9175,1724,2026-06-16T12:32:38Z,2026-06-16T12:32:38Z,0.0
AB43 8SP,SHEPD,HV,1,TJ9175,1724,2026-06-16T12:32:38Z,2026-06-16T12:32:38Z,0.0
AB43 8SR,SHEPD,HV,1,TJ9175,1724,2026-06-16T12:32:38Z,2026-06-16T12:32:38Z,0.0
AB43 8SS,SHEPD,HV,1,TJ9175,1724,2026-06-16T12:32:38Z,2026-06-16T12:32:38Z,0.0
AB43 8ST,SHEPD,HV,1,TJ9175,1724,2026-06-16T12:32:38Z,2026-06-16T12:32:38Z,0.0
AB43 8TF,SHEPD,HV,1,TJ9175,1724,2026-06-16T12:32:38Z,2026-06-16T12:32:38Z,0.0
AB43 8TG,SHEPD,HV,1,TJ9175,1724,2026-06-16T12:32:38Z,2026-06-16T12:32:38Z,0.0
AB43 8TJ,SHEPD,HV,1,TJ9175,1724,2026-06-16T12:32:38Z,2026-06-16T12:32:38Z,0.0
AB43 8TL,SHEPD,HV,1,TJ9175,1724,2026-06-16T12:32:38Z,2026-06-16T12:32:38Z,0.0
AB43 8TS,SHEPD,HV,1,TJ9175,1724,2026-06-16T12:32:38Z,2026-06-16T12:32:38Z,0.0
AB43 8TT,SHEPD,HV,1,TJ9175,1724,2026-06-16T12:32:38Z,2026-06-16T12:32:38Z,0.0
AB43 8TU,SHEPD,HV,1,TJ9175,1724,2026-06-16T12:32:38Z,2026-06-16T12:32:38Z,0.0
AB43 8TX,SHEPD,HV,1,TJ9175,1724,2026-06-16T12:32:38Z,2026-06-16T12:32:38Z,0.0
AB43 8UA,SHEPD,HV,1,TJ9175,1724,2026-06-16T12:32:38Z,2026-06-16T12:32:38Z,0.0
AB43 8UB,SHEPD,HV,1,TJ9175,1724,2026-06-16T12:32:38Z,2026-06-16T12:32:38Z,0.0
AB43 8UD,SHEPD,HV,1,TJ9175,1724,2026-06-16T12:32:38Z,2026-06-16T12:32:38Z,0.0
AB43 8UL,SHEPD,HV,1,TJ9175,1724,2026-06-16T12:32:38Z,2026-06-16T12:32:38Z,0.0
AB43 8UN,SHEPD,HV,1,TJ9175,1724,2026-06-16T12:32:38Z,2026-06-16T12:32:38Z,0.0
AB43 8UP,SHEPD,HV,1,TJ9175,1724,2026-06-16T12:32:38Z,2026-06-16T12:32:38Z,0.0
AB43 8UQ,SHEPD,HV,1,TJ9175,1724,2026-06-16T12:32:38Z,2026-06-16T12:32:38Z,0.0
AB43 8UR,SHEPD,HV,1,TJ9175,1724,2026-06-16T12:32:38Z,2026-06-16T12:32:38Z,0.0
AB43 8UU,SHEPD,HV,1,TJ9175,1724,2026-06-16T12:32:38Z,2026-06-16T12:32:38Z,0.0
AB43 8UW,SHEPD,HV,1,TJ9175,1724,2026-06-16T12:32:38Z,2026-06-16T12:32:38Z,0.0
AB43 8WX,SHEPD,HV,1,TJ9175,1724,2026-06-16T12:32:38Z,2026-06-16T12:32:38Z,0.0
AB43 8XS,SHEPD,HV,1,TJ9175,1724,2026-06-16T12:32:38Z,2026-06-16T12:32:38Z,0.0
AB43 9AY,SHEPD,HV,1,TJ9175,1724,2026-06-16T12:32:38Z,2026-06-16T12:32:38Z,0.0
AB43 9FH,SHEPD,HV,1,TJ9175,1724,2026-06-16T12:32:38Z,2026-06-16T12:32:38Z,0.0
AB43 9FJ,SHEPD,HV,1,TJ9175,1724,2026-06-16T12:32:38Z,2026-06-16T12:32:38Z,0.0
AB43 9HU,SHEPD,HV,1,TJ9175,1724,2026-06-16T12:32:38Z,2026-06-16T12:32:38Z,0.0
AB43 9NW,SHEPD,HV,1,TJ9175,1724,2026-06-16T12:32:38Z,2026-06-16T12:32:38Z,0.0
AB43 9NZ,SHEPD,HV,1,TJ9175,1724,2026-06-16T12:32:38Z,2026-06-16T12:32:38Z,0.0
AB43 9PF,SHEPD,HV,1,TJ9175,1724,2026-06-16T12:32:38Z,2026-06-16T12:32:38Z,0.0
AB43 9PG,SHEPD,HV,1,TJ9175,1724,2026-06-16T12:32:38Z,2026-06-16T12:32:38Z,0.0
AB43 9PU,SHEPD,HV,1,TJ9175,1724,2026-06-16T12:32:38Z,2026-06-16T12:32:38Z,0.0
AB43 9PW,SHEPD,HV,1,TJ9175,1724,2026-06-16T12:32:38Z,2026-06-16T12:32:38Z,0.0
AB43 9PZ,SHEPD,HV,1,TJ9175,1724,2026-06-16T12:32:38Z,2026-06-16T12:32:38Z,0.0
AB43 9RF,SHEPD,HV,1,TJ9175,1724,2026-06-16T12:32:38Z,2026-06-16T12:32:38Z,0.0
AB43 9RG,SHEPD,HV,1,TJ9175,1724,2026-06-16T12:32:38Z,2026-06-16T12:32:38Z,0.0
AB43 9RW,SHEPD,HV,1,TJ9175,1724,2026-06-16T12:32:38Z,2026-06-16T12:32:38Z,0.0
AB43 9SJ,SHEPD,HV,1,TJ9175,1724,2026-06-16T12:32:38Z,2026-06-16T12:32:38Z,0.0
AB43 9SL,SHEPD,HV,1,TJ9175,1724,2026-06-16T12:32:38Z,2026-06-16T12:32:38Z,0.0
AB43 9SP,SHEPD,HV,1,TJ9175,1724,2026-06-16T12:32:38Z,2026-06-16T12:32:38Z,0.0
AB43 9SS,SHEPD,HV,1,TJ9175,1724,2026-06-16T12:32:38Z,2026-06-16T12:32:38Z,0.0
AB43 9ST,SHEPD,HV,1,TJ9175,1724,2026-06-16T12:32:38Z,2026-06-16T12:32:38Z,0.0
AB43 9SW,SHEPD,HV,1,TJ9175,1724,2026-06-16T12:32:38Z,2026-06-16T12:32:38Z,0.0
AB43 9SZ,SHEPD,HV,1,TJ9175,1724,2026-06-16T12:32:38Z,2026-06-16T12:32:38Z,0.0
AB43 9TA,SHEPD,HV,1,TJ9175,1724,2026-06-16T12:32:38Z,2026-06-16T12:32:38Z,0.0
AB43 9TS,SHEPD,HV,1,TJ9175,1724,2026-06-16T12:32:38Z,2026-06-16T12:32:38Z,0.0
AB43 9TT,SHEPD,HV,1,TJ9175,1724,2026-06-16T12:32:38Z,2026-06-16T12:32:38Z,0.0
AB43 9TU,SHEPD,HV,1,TJ9175,1724,2026-06-16T12:32:38Z,2026-06-16T12:32:38Z,0.0
AB43 9TW,SHEPD,HV,1,TJ9175,1724,2026-06-16T12:32:38Z,2026-06-16T12:32:38Z,0.0
AB43 9TX,SHEPD,HV,1,TJ9175,1724,2026-06-16T12:32:38Z,2026-06-16T12:32:38Z,0.0
AB43 9UJ,SHEPD,HV,1,TJ9175,1724,2026-06-16T12:32:38Z,2026-06-16T12:32:38Z,0.0
AB43 9UW,SHEPD,HV,1,TJ9175,1724,2026-06-16T12:32:38Z,2026-06-16T12:32:38Z,0.0
AB43 9WE,SHEPD,HV,1,TJ9175,1724,2026-06-16T12:32:38Z,2026-06-16T12:32:38Z,0.0
AB43 9WF,SHEPD,HV,1,TJ9175,1724,2026-06-16T12:32:38Z,2026-06-16T12:32:38Z,0.0
AB43 9WG,SHEPD,HV,1,TJ9175,1724,2026-06-16T12:32:38Z,2026-06-16T12:32:38Z,0.0
AB43 9WH,SHEPD,HV,1,TJ9175,1724,2026-06-16T12:32:38Z,2026-06-16T12:32:38Z,0.0
AB43 9WL,SHEPD,HV,1,TJ9175,1724,2026-06-16T12:32:38Z,2026-06-16T12:32:38Z,0.0
AB43 9WU,SHEPD,HV,1,TJ9175,1724,2026-06-16T12:32:38Z,2026-06-16T12:32:38Z,0.0
AB43 9XE,SHEPD,HV,1,TJ9175,1724,2026-06-16T12:32:38Z,2026-06-16T12:32:38Z,0.0
AB45 2BQ,SHEPD,HV,1,TK2239,4,2026-06-17T23:05:25Z,2026-06-17T23:05:25Z,0.0
AB51 5NT,SHEPD,HV,1,TK0377,82,2026-06-16T17:35:54Z,2026-06-16T17:35:54Z,0.0
AB51 5NU,SHEPD,HV,1,TK0377,82,2026-06-16T17:35:54Z,2026-06-16T17:35:54Z,0.0
AB51 5NX,SHEPD,HV,1,TK0377,82,2026-06-16T17:35:54Z,2026-06-16T17:35:54Z,0.0
AB51 5NY,SHEPD,HV,1,TK0377,82,2026-06-16T17:35:54Z,2026-06-16T17:35:54Z,0.0
AB51 5PA,SHEPD,HV,1,TK0377,82,2026-06-16T17:35:54Z,2026-06-16T17:35:54Z,0.0
AB51 5PD,SHEPD,HV,1,TK0377,82,2026-06-16T17:35:54Z,2026-06-16T17:35:54Z,0.0
AB51 5PR,SHEPD,HV,1,TK0377,82,2026-06-16T17:35:54Z,2026-06-16T17:35:54Z,0.0
AB51 5PS,SHEPD,HV,1,TK0377,82,2026-06-16T17:35:54Z,2026-06-16T17:35:54Z,0.0
AB51 7NR,SHEPD,PSI,1,251498,6,2026-06-15T13:39:15Z,2026-06-15T13:39:15Z,0.0
AB52 6PL,SHEPD,PSI,1,251779,195,2026-06-16T12:32:38Z,2026-06-16T12:32:38Z,0.0
AB52 6PR,SHEPD,PSI,1,251779,195,2026-06-16T12:32:38Z,2026-06-16T12:32:38Z,0.0
AB52 6PS,SHEPD,PSI,1,251779,195,2026-06-16T12:32:38Z,2026-06-16T12:32:38Z,0.0
AB52 6PT,SHEPD,PSI,1,251779,195,2026-06-16T12:32:38Z,2026-06-16T12:32:38Z,0.0
AB52 6PU,SHEPD,PSI,1,251779,195,2026-06-16T12:32:38Z,2026-06-16T12:32:38Z,0.0
AB52 6PW,SHEPD,PSI,1,251779,195,2026-06-16T12:32:38Z,2026-06-16T12:32:38Z,0.0
AB52 6PX,SHEPD,PSI,1,251779,195,2026-06-16T12:32:38Z,2026-06-16T12:32:38Z,0.0
AB52 6PY,SHEPD,PSI,1,251779,195,2026-06-16T12:32:38Z,2026-06-16T12:32:38Z,0.0
AB52 6PZ,SHEPD,PSI,1,251779,195,2026-06-16T12:32:38Z,2026-06-16T12:32:38Z,0.0
AB52 6QA,SHEPD,PSI,1,251779,195,2026-06-16T12:32:38Z,2026-06-16T12:32:38Z,0.0
AB52 6QB,SHEPD,PSI,1,251779,195,2026-06-16T12:32:38Z,2026-06-16T12:32:38Z,0.0
AB52 6QD,SHEPD,PSI,1,251779,195,2026-06-16T12:32:38Z,2026-06-16T12:32:38Z,0.0
AB52 6QE,SHEPD,PSI,1,251779,195,2026-06-16T12:32:38Z,2026-06-16T12:32:38Z,0.0
AB52 6QF,SHEPD,PSI,1,251779,195,2026-06-16T12:32:38Z,2026-06-16T12:32:38Z,0.0
AB52 6QG,SHEPD,PSI,1,251779,195,2026-06-16T12:32:38Z,2026-06-16T12:32:38Z,0.0
AB52 6QH,SHEPD,PSI,1,251779,195,2026-06-16T12:32:38Z,2026-06-16T12:32:38Z,0.0
AB52 6QJ,SHEPD,PSI,1,251779,195,2026-06-16T12:32:38Z,2026-06-16T12:32:38Z,0.0
AB52 6QL,SHEPD,PSI,1,251779,195,2026-06-16T12:32:38Z,2026-06-16T12:32:38Z,0.0
AB52 6QN,SHEPD,PSI,1,251779,195,2026-06-16T12:32:38Z,2026-06-16T12:32:38Z,0.0
AB52 6QZ,SHEPD,PSI,1,251779,195,2026-06-16T12:32:38Z,2026-06-16T12:32:38Z,0.0
AB54 4QA,SHEPD,PSI,1,251569,30,2026-06-15T13:39:15Z,2026-06-15T13:39:15Z,0.0
AB54 4QF,SHEPD,PSI,1,251569,30,2026-06-15T13:39:15Z,2026-06-15T13:39:15Z,0.0
AB55 6ND,SHEPD,HV,1,TK2239,4,2026-06-17T23:05:25Z,2026-06-17T23:05:25Z,0.0
AB55 6NJ,SHEPD,HV,1,TK2239,4,2026-06-17T23:05:25Z,2026-06-17T23:05:25Z,0.0
AB55 6NL,SHEPD,HV,1,TK2239,4,2026-06-17T23:05:25Z,2026-06-17T23:05:25Z,0.0
BA10 0AA,SEPD,PSI,1,252428,14,2026-06-18T10:56:41Z,2026-06-18T10:56:41Z,0.0
BA10 0AB,SEPD,PSI,1,252428,14,2026-06-18T10:56:41Z,2026-06-18T10:56:41Z,0.0
BA10 0AT,SEPD,PSI,1,252428,14,2026-06-18T10:56:41Z,2026-06-18T10:56:41Z,0.0
BA10 0EA,SEPD,PSI,1,252428,14,2026-06-18T10:56:41Z,2026-06-18T10:56:41Z,0.0
BA11 2NU,SEPD,PSI,1,252081,3,2026-06-18T10:56:41Z,2026-06-18T10:56:41Z,0.0
BA11 2NY,SEPD,PSI,1,252081,3,2026-06-18T10:56:41Z,2026-06-18T10:56:41Z,0.0
BA14 8NN,SEPD,LV,1,TK3418,12,2026-06-18T17:36:33Z,2026-06-18T17:36:33Z,0.0
BA14 8NP,SEPD,LV,1,TK3418,12,2026-06-18T17:36:33Z,2026-06-18T17:36:33Z,0.0
BA14 8NQ,SEPD,LV,1,TK3418,12,2026-06-18T17:36:33Z,2026-06-18T17:36:33Z,0.0
BA20 2EN,SEPD,PSI,1,251182,41,2026-06-16T12:32:38Z,2026-06-16T12:32:38Z,0.0
BA21 3PJ,SEPD,PSI,1,251182,41,2026-06-16T12:32:38Z,2026-06-16T12:32:38Z,0.0
BA21 3PR,SEPD,HV,1,TK2921,120,2026-06-18T14:16:29Z,2026-06-18T14:16:29Z,0.0
BA21 3PS,SEPD,HV,1,TK2921,120,2026-06-18T14:16:29Z,2026-06-18T14:16:29Z,0.0
BA21 3PT,SEPD,HV,1,TK2921,120,2026-06-18T14:16:29Z,2026-06-18T14:16:29Z,0.0
BA21 3PX,SEPD,HV,1,TK2921,120,2026-06-18T14:16:29Z,2026-06-18T14:16:29Z,0.0
BA21 3PY,SEPD,HV,1,TK2921,120,2026-06-18T14:16:29Z,2026-06-18T14:16:29Z,0.0
BA22 7JB,SEPD,PSI,1,251200,27,2026-06-18T10:56:41Z,2026-06-18T10:56:41Z,0.0
BA22 7JE,SEPD,PSI,1,251200,27,2026-06-18T10:56:41Z,2026-06-18T10:56:41Z,0.0
BA22 7JF,SEPD,PSI,1,251200,27,2026-06-18T10:56:41Z,2026-06-18T10:56:41Z,0.0
BA22 8QX,SEPD,HV,1,TK2921,120,2026-06-18T14:16:29Z,2026-06-18T14:16:29Z,0.0
BA22 8RA,SEPD,HV,1,TK2921,120,2026-06-18T14:16:29Z,2026-06-18T14:16:29Z,0.0
BA22 8RB,SEPD,HV,1,TK2921,120,2026-06-18T14:16:29Z,2026-06-18T14:16:29Z,0.0
BA22 8RD,SEPD,HV,1,TK2921,120,2026-06-18T14:16:29Z,2026-06-18T14:16:29Z,0.0
BH1 4NN,SEPD,LV,1,TK1128,18,2026-06-17T10:02:27Z,2026-06-17T10:02:27Z,0.0
BH10 4AE,SEPD,LV,1,TK3579,23,2026-06-18T22:22:12Z,2026-06-18T22:22:12Z,0.0
BH10 4AF,SEPD,LV,1,TK3579,23,2026-06-18T22:22:12Z,2026-06-18T22:22:12Z,0.0
BH10 4AS,SEPD,LV,1,TK3579,23,2026-06-18T22:22:12Z,2026-06-18T22:22:12Z,0.0
BH10 4AW,SEPD,LV,1,TK3579,23,2026-06-18T22:22:12Z,2026-06-18T22:22:12Z,0.0
BH10 4DA,SEPD,LV,1,TK3579,23,2026-06-18T22:22:12Z,2026-06-18T22:22:12Z,0.0
BH10 4DB,SEPD,LV,1,TK3579,23,2026-06-18T22:22:12Z,2026-06-18T22:22:12Z,0.0
BH10 4DD,SEPD,LV,1,TK3579,23,2026-06-18T22:22:12Z,2026-06-18T22:22:12Z,0.0
BH10 4DE,SEPD,LV,1,TK3579,23,2026-06-18T22:22:12Z,2026-06-18T22:22:12Z,0.0
BH10 4DF,SEPD,LV,1,TK3579,23,2026-06-18T22:22:12Z,2026-06-18T22:22:12Z,0.0
BH15 3HY,SEPD,LV,1,TJ9741,19,2026-06-16T12:32:38Z,2026-06-16T12:32:38Z,0.0
BH15 3JE,SEPD,LV,1,TJ9741,19,2026-06-16T12:32:38Z,2026-06-16T12:32:38Z,0.0
BH15 3JF,SEPD,LV,1,TJ9741,19,2026-06-16T12:32:38Z,2026-06-16T12:32:38Z,0.0
BH15 3LQ,SEPD,LV,1,TJ9741,19,2026-06-16T12:32:38Z,2026-06-16T12:32:38Z,0.0
BH17 7AN,SEPD,LV,1,TK0646,20,2026-06-17T10:02:27Z,2026-06-17T10:02:27Z,0.0
BH17 7AW,SEPD,LV,1,TK0646,20,2026-06-17T10:02:27Z,2026-06-17T10:02:27Z,0.0
BH17 9BA,SEPD,LV,1,TK6309,35,2026-06-21T11:50:55Z,2026-06-21T11:50:55Z,0.0
BH17 9BB,SEPD,LV,1,TK6309,35,2026-06-21T11:50:55Z,2026-06-21T11:50:55Z,0.0
BH17 9BD,SEPD,LV,1,TK6309,35,2026-06-21T11:50:55Z,2026-06-21T11:50:55Z,0.0
BH17 9BE,SEPD,LV,1,TK6309,35,2026-06-21T11:50:55Z,2026-06-21T11:50:55Z,0.0
BH21 2ED,SEPD,LV,1,TK4997,13,2026-06-20T06:38:18Z,2026-06-20T06:38:18Z,0.0
BH21 6SB,SEPD,HV,1,TK1550,21,2026-06-17T13:54:46Z,2026-06-17T13:54:46Z,0.0
BH21 7BT,SEPD,HV,1,TK1550,21,2026-06-17T13:54:46Z,2026-06-17T13:54:46Z,0.0
BH21 7DA,SEPD,HV,1,TK1550,21,2026-06-17T13:54:46Z,2026-06-17T13:54:46Z,0.0
BH21 7DB,SEPD,HV,1,TK1550,21,2026-06-17T13:54:46Z,2026-06-17T13:54:46Z,0.0
BH21 7DJ,SEPD,HV,1,TK1550,21,2026-06-17T13:54:46Z,2026-06-17T13:54:46Z,0.0
BH21 7DL,SEPD,HV,1,TK1550,21,2026-06-17T13:54:46Z,2026-06-17T13:54:46Z,0.0
BH21 7DN,SEPD,HV,1,TK1550,21,2026-06-17T13:54:46Z,2026-06-17T13:54:46Z,0.0
BH21 7DP,SEPD,HV,1,TK1550,21,2026-06-17T13:54:46Z,2026-06-17T13:54:46Z,0.0
BH21 7DW,SEPD,HV,1,TK1550,21,2026-06-17T13:54:46Z,2026-06-17T13:54:46Z,0.0
BH21 7DZ,SEPD,HV,1,TK1550,21,2026-06-17T13:54:46Z,2026-06-17T13:54:46Z,0.0
BH21 7EA,SEPD,HV,1,TK1550,21,2026-06-17T13:54:46Z,2026-06-17T13:54:46Z,0.0
BH21 7EB,SEPD,HV,1,TK1550,21,2026-06-17T13:54:46Z,2026-06-17T13:54:46Z,0.0
BH21 7JH,SEPD,HV,1,TK1550,21,2026-06-17T13:54:46Z,2026-06-17T13:54:46Z,0.0
BH21 7JJ,SEPD,HV,1,TK1550,21,2026-06-17T13:54:46Z,2026-06-17T13:54:46Z,0.0
BH21 7JL,SEPD,HV,1,TK1550,21,2026-06-17T13:54:46Z,2026-06-17T13:54:46Z,0.0
BH21 7JN,SEPD,HV,1,TK1550,21,2026-06-17T13:54:46Z,2026-06-17T13:54:46Z,0.0
BH21 7JR,SEPD,HV,1,TK1550,21,2026-06-17T13:54:46Z,2026-06-17T13:54:46Z,0.0
BH21 7JT,SEPD,HV,1,TK1550,21,2026-06-17T13:54:46Z,2026-06-17T13:54:46Z,0.0
BH21 7JU,SEPD,HV,1,TK1550,21,2026-06-17T13:54:46Z,2026-06-17T13:54:46Z,0.0
BH21 7JW,SEPD,HV,1,TK1550,21,2026-06-17T13:54:46Z,2026-06-17T13:54:46Z,0.0
BH21 7JX,SEPD,HV,1,TK1550,21,2026-06-17T13:54:46Z,2026-06-17T13:54:46Z,0.0
BH21 7JY,SEPD,HV,1,TK1550,21,2026-06-17T13:54:46Z,2026-06-17T13:54:46Z,0.0
BH21 7JZ,SEPD,HV,1,TK1550,21,2026-06-17T13:54:46Z,2026-06-17T13:54:46Z,0.0
BH21 7LA,SEPD,HV,1,TK1550,21,2026-06-17T13:54:46Z,2026-06-17T13:54:46Z,0.0
BH21 7LB,SEPD,HV,1,TK1550,21,2026-06-17T13:54:46Z,2026-06-17T13:54:46Z,0.0
BH22 8US,SEPD,LV,1,TK3647,9,2026-06-19T05:23:39Z,2026-06-19T05:23:39Z,0.0
BH22 8UY,SEPD,LV,1,TK3647,9,2026-06-19T05:23:39Z,2026-06-19T05:23:39Z,0.0
BH23 7AN,SEPD,HV,1,TJ9859,158,2026-06-16T12:32:38Z,2026-06-16T12:32:38Z,0.0
BH23 7AP,SEPD,HV,1,TJ9859,158,2026-06-16T12:32:38Z,2026-06-16T12:32:38Z,0.0
BH23 7AQ,SEPD,HV,1,TJ9859,158,2026-06-16T12:32:38Z,2026-06-16T12:32:38Z,0.0
BH23 7AR,SEPD,HV,1,TJ9859,158,2026-06-16T12:32:38Z,2026-06-16T12:32:38Z,0.0
BH23 7AS,SEPD,HV,1,TJ9859,158,2026-06-16T12:32:38Z,2026-06-16T12:32:38Z,0.0
BH23 7AT,SEPD,HV,1,TJ9859,158,2026-06-16T12:32:38Z,2026-06-16T12:32:38Z,0.0
BH23 7AW,SEPD,HV,1,TJ9859,158,2026-06-16T12:32:38Z,2026-06-16T12:32:38Z,0.0
BH23 7AY,SEPD,HV,1,TJ9859,158,2026-06-16T12:32:38Z,2026-06-16T12:32:38Z,0.0
BH23 7AZ,SEPD,HV,1,TJ9859,158,2026-06-16T12:32:38Z,2026-06-16T12:32:38Z,0.0
BH23 7BA,SEPD,HV,1,TJ9859,158,2026-06-16T12:32:38Z,2026-06-16T12:32:38Z,0.0
BH23 7BE,SEPD,HV,1,TJ9859,158,2026-06-16T12:32:38Z,2026-06-16T12:32:38Z,0.0
BH23 7BP,SEPD,HV,1,TJ9859,158,2026-06-16T12:32:38Z,2026-06-16T12:32:38Z,0.0
BH23 7BT,SEPD,HV,1,TJ9859,158,2026-06-16T12:32:38Z,2026-06-16T12:32:38Z,0.0
BH23 7JZ,SEPD,HV,1,TJ9859,158,2026-06-16T12:32:38Z,2026-06-16T12:32:38Z,0.0
BH23 7LA,SEPD,HV,1,TJ9859,158,2026-06-16T12:32:38Z,2026-06-16T12:32:38Z,0.0
BH23 7LB,SEPD,HV,1,TJ9859,158,2026-06-16T12:32:38Z,2026-06-16T12:32:38Z,0.0
BH24 3BL,SEPD,LV,1,TJ9592,29,2026-06-16T12:32:38Z,2026-06-16T12:32:38Z,0.0
BH24 3BN,SEPD,LV,1,TJ9592,29,2026-06-16T12:32:38Z,2026-06-16T12:32:38Z,0.0
BH24 4AP,SEPD,PSI,1,251853,34,2026-06-16T12:32:38Z,2026-06-16T12:32:38Z,0.0
BH24 4AR,SEPD,PSI,1,251853,34,2026-06-16T12:32:38Z,2026-06-16T12:32:38Z,0.0
BH24 4AS,SEPD,PSI,1,251853,34,2026-06-16T12:32:38Z,2026-06-16T12:32:38Z,0.0
BH24 4BB,SEPD,PSI,1,251853,34,2026-06-16T12:32:38Z,2026-06-16T12:32:38Z,0.0
BH24 4BD,SEPD,PSI,1,251853,34,2026-06-16T12:32:38Z,2026-06-16T12:32:38Z,0.0
BH24 4DJ,SEPD,PSI,1,252143,12,2026-06-19T10:03:19Z,2026-06-19T10:03:19Z,0.0
BH24 4DL,SEPD,PSI,1,252143,12,2026-06-19T10:03:19Z,2026-06-19T10:03:19Z,0.0
BH24 4HF,SEPD,PSI,1,251838,8,2026-06-15T13:39:15Z,2026-06-15T13:39:15Z,0.0
BH24 4HG,SEPD,PSI,1,251838,8,2026-06-15T13:39:15Z,2026-06-15T13:39:15Z,0.0
BH5 2AB,SEPD,PSI,1,252209,34,2026-06-19T10:03:19Z,2026-06-19T10:03:19Z,0.0
BH5 2AD,SEPD,PSI,1,252209,34,2026-06-19T10:03:19Z,2026-06-19T10:03:19Z,0.0
BH5 2AE,SEPD,PSI,1,252209,34,2026-06-19T10:03:19Z,2026-06-19T10:03:19Z,0.0
BH5 2AF,SEPD,PSI,1,252209,34,2026-06-19T10:03:19Z,2026-06-19T10:03:19Z,0.0
BH5 2AG,SEPD,PSI,1,252209,34,2026-06-19T10:03:19Z,2026-06-19T10:03:19Z,0.0
BH5 2JG,SEPD,PSI,1,252209,34,2026-06-19T10:03:19Z,2026-06-19T10:03:19Z,0.0
BH7 7AG,SEPD,LV,1,TK1128,18,2026-06-17T10:02:27Z,2026-06-17T10:02:27Z,0.0
BN18 0SL,SEPD,PSI,1,252003,29,2026-06-19T10:03:19Z,2026-06-19T10:03:19Z,0.0
BN18 0SP,SEPD,PSI,1,252003,29,2026-06-19T10:03:19Z,2026-06-19T10:03:19Z,0.0
BN18 0TA,SEPD,PSI,1,252003,29,2026-06-19T10:03:19Z,2026-06-19T10:03:19Z,0.0
DD2 5BF,SHEPD,LV,1,TK3969,5,2026-06-19T13:47:21Z,2026-06-19T13:47:21Z,0.0
DD2 5EY,SHEPD,LV,1,TK3969,5,2026-06-19T13:47:21Z,2026-06-19T13:47:21Z,0.0
DD2 5FE,SHEPD,LV,1,TK3969,5,2026-06-19T13:47:21Z,2026-06-19T13:47:21Z,0.0
DD2 5NW,SHEPD,PSI,1,251510,2,2026-06-17T10:02:27Z,2026-06-17T10:02:27Z,0.0
DD4 0RD,SHEPD,PSI,1,251436,11,2026-06-18T10:56:41Z,2026-06-18T10:56:41Z,0.0
DD4 0RG,SHEPD,PSI,1,251394,5,2026-06-19T00:07:41Z,2026-06-19T00:07:41Z,0.0
DD8 1JP,SHEPD,LV,1,TK0170,15,2026-06-16T12:32:38Z,2026-06-16T12:32:38Z,0.0
DD8 1JQ,SHEPD,LV,1,TK0170,15,2026-06-16T12:32:38Z,2026-06-16T12:32:38Z,0.0
DD8 1JR,SHEPD,LV,1,TK0170,15,2026-06-16T12:32:38Z,2026-06-16T12:32:38Z,0.0
DD8 1JS,SHEPD,LV,1,TK0170,15,2026-06-16T12:32:38Z,2026-06-16T12:32:38Z,0.0
DD8 1JT,SHEPD,LV,1,TK0170,15,2026-06-16T12:32:38Z,2026-06-16T12:32:38Z,0.0
DD8 4QB,SHEPD,HV,1,TK2579,66,2026-06-18T10:56:41Z,2026-06-18T10:56:41Z,0.0
DD8 4QP,SHEPD,HV,1,TK2579,66,2026-06-18T10:56:41Z,2026-06-18T10:56:41Z,0.0
DD8 4QQ,SHEPD,HV,1,TK2579,66,2026-06-18T10:56:41Z,2026-06-18T10:56:41Z,0.0
DD8 4QR,SHEPD,HV,1,TK2579,66,2026-06-18T10:56:41Z,2026-06-18T10:56:41Z,0.0
DD8 4QS,SHEPD,HV,1,TK2579,66,2026-06-18T10:56:41Z,2026-06-18T10:56:41Z,0.0
DD8 4QT,SHEPD,HV,1,TK2579,66,2026-06-18T10:56:41Z,2026-06-18T10:56:41Z,0.0
DD8 4QU,SHEPD,HV,1,TK2579,66,2026-06-18T10:56:41Z,2026-06-18T10:56:41Z,0.0
DD8 4RA,SHEPD,HV,1,TK2579,66,2026-06-18T10:56:41Z,2026-06-18T10:56:41Z,0.0
DD8 4RB,SHEPD,HV,1,TK2579,66,2026-06-18T10:56:41Z,2026-06-18T10:56:41Z,0.0
DD8 4RD,SHEPD,HV,1,TK2579,66,2026-06-18T10:56:41Z,2026-06-18T10:56:41Z,0.0
DD8 4RR,SHEPD,HV,1,TK2579,66,2026-06-18T10:56:41Z,2026-06-18T10:56:41Z,0.0
DD9 6SF,SHEPD,PSI,1,251870,12,2026-06-16T12:32:38Z,2026-06-16T12:32:38Z,0.0
DT10 1EW,SEPD,PSI,1,251919,9,2026-06-15T13:39:15Z,2026-06-15T13:39:15Z,0.0
DT10 1FY,SEPD,PSI,1,251460,46,2026-06-19T10:03:19Z,2026-06-19T10:03:19Z,0.0
DT10 1LZ,SEPD,PSI,1,251919,9,2026-06-15T13:39:15Z,2026-06-15T13:39:15Z,0.0
DT10 2JE,SEPD,PSI,1,251460,46,2026-06-19T10:03:19Z,2026-06-19T10:03:19Z,0.0
DT10 2JF,SEPD,PSI,1,251460,46,2026-06-19T10:03:19Z,2026-06-19T10:03:19Z,0.0
DT10 2JN,SEPD,PSI,1,251460,46,2026-06-19T10:03:19Z,2026-06-19T10:03:19Z,0.0
DT10 2JQ,SEPD,PSI,1,251919,9,2026-06-15T13:39:15Z,2026-06-15T13:39:15Z,0.0
DT10 2SF,SEPD,PSI,1,251460,46,2026-06-19T10:03:19Z,2026-06-19T10:03:19Z,0.0
DT10 2SG,SEPD,PSI,1,251460,46,2026-06-19T10:03:19Z,2026-06-19T10:03:19Z,0.0
DT10 2SJ,SEPD,PSI,1,251460,46,2026-06-19T10:03:19Z,2026-06-19T10:03:19Z,0.0
DT10 2SQ,SEPD,PSI,1,251460,46,2026-06-19T10:03:19Z,2026-06-19T10:03:19Z,0.0
DT11 0DZ,SEPD,PSI,1,251479,55,2026-06-18T10:56:41Z,2026-06-18T10:56:41Z,0.0
DT11 0EA,SEPD,PSI,1,251479,55,2026-06-18T10:56:41Z,2026-06-18T10:56:41Z,0.0
DT11 0EB,SEPD,PSI,1,251479,55,2026-06-18T10:56:41Z,2026-06-18T10:56:41Z,0.0
DT11 0EE,SEPD,PSI,1,251479,55,2026-06-18T10:56:41Z,2026-06-18T10:56:41Z,0.0
DT11 0LZ,SEPD,PSI,1,251479,55,2026-06-18T10:56:41Z,2026-06-18T10:56:41Z,0.0
DT11 0NA,SEPD,PSI,1,251479,55,2026-06-18T10:56:41Z,2026-06-18T10:56:41Z,0.0
DT2 7AA,SEPD,HV,1,TK0527,871,2026-06-16T17:35:54Z,2026-06-16T17:35:54Z,0.0
DT2 7AB,SEPD,HV,1,TK0527,871,2026-06-16T17:35:54Z,2026-06-16T17:35:54Z,0.0
DT2 7AD,SEPD,HV,1,TK0527,871,2026-06-16T17:35:54Z,2026-06-16T17:35:54Z,0.0
DT2 7AE,SEPD,HV,1,TK0527,871,2026-06-16T17:35:54Z,2026-06-16T17:35:54Z,0.0
DT2 7AF,SEPD,HV,1,TK0527,871,2026-06-16T17:35:54Z,2026-06-16T17:35:54Z,0.0
DT2 7AG,SEPD,HV,1,TK0527,871,2026-06-16T17:35:54Z,2026-06-16T17:35:54Z,0.0
DT2 7AH,SEPD,HV,1,TK0527,871,2026-06-16T17:35:54Z,2026-06-16T17:35:54Z,0.0
DT2 7AQ,SEPD,HV,1,TK0527,871,2026-06-16T17:35:54Z,2026-06-16T17:35:54Z,0.0
DT2 8NF,SEPD,PSI,1,251489,16,2026-06-16T12:32:38Z,2026-06-16T12:32:38Z,0.0
DT2 9NP,SEPD,HV,1,TK0527,871,2026-06-16T17:35:54Z,2026-06-16T17:35:54Z,0.0
DT2 9NR,SEPD,HV,1,TK0527,871,2026-06-16T17:35:54Z,2026-06-16T17:35:54Z,0.0
DT2 9NS,SEPD,HV,1,TK0527,871,2026-06-16T17:35:54Z,2026-06-16T17:35:54Z,0.0
DT2 9WE,SEPD,HV,1,TK0527,871,2026-06-16T17:35:54Z,2026-06-16T17:35:54Z,0.0
DT3 6HA,SEPD,PSI,1,251489,16,2026-06-16T12:32:38Z,2026-06-16T12:32:38Z,0.0
DT3 6HJ,SEPD,PSI,1,251489,16,2026-06-16T12:32:38Z,2026-06-16T12:32:38Z,0.0
DT3 6HL,SEPD,PSI,1,251489,16,2026-06-16T12:32:38Z,2026-06-16T12:32:38Z,0.0
FK15 9LF,SHEPD,HV,1,TK0131,16,2026-06-16T12:32:38Z,2026-06-16T12:32:38Z,0.0
FK15 9LH,SHEPD,HV,1,TK0131,16,2026-06-16T12:32:38Z,2026-06-16T12:32:38Z,0.0
FK8 3TS,SHEPD,PSI,1,252275,10,2026-06-16T12:32:38Z,2026-06-16T12:32:38Z,0.0
FK8 3TT,SHEPD,PSI,1,252275,10,2026-06-16T12:32:38Z,2026-06-16T12:32:38Z,0.0
G63 0JY,SHEPD,PSI,1,252126,18,2026-06-16T12:32:38Z,2026-06-16T12:32:38Z,0.0
GL7 6DJ,SEPD,HV,1,TK1362,15,2026-06-17T10:02:27Z,2026-06-17T10:02:27Z,0.0
GL7 6DL,SEPD,HV,1,TK1362,15,2026-06-17T10:02:27Z,2026-06-17T10:02:27Z,0.0
GL7 6ED,SEPD,HV,1,TK1362,15,2026-06-17T10:02:27Z,2026-06-17T10:02:27Z,0.0
GL7 6LD,SEPD,HV,1,TK1362,15,2026-06-17T10:02:27Z,2026-06-17T10:02:27Z,0.0
GL8 8AE,SEPD,HV,1,TK0574,66,2026-06-16T20:31:54Z,2026-06-16T20:31:54Z,0.0
GL8 8RU,SEPD,HV,1,TK0574,66,2026-06-16T20:31:54Z,2026-06-16T20:31:54Z,0.0
GL8 8RX,SEPD,HV,1,TK0574,66,2026-06-16T20:31:54Z,2026-06-16T20:31:54Z,0.0
GL8 8RY,SEPD,HV,1,TK0574,66,2026-06-16T20:31:54Z,2026-06-16T20:31:54Z,0.0
GL8 8RZ,SEPD,HV,1,TK0574,66,2026-06-16T20:31:54Z,2026-06-16T20:31:54Z,0.0
GL8 8SE,SEPD,HV,1,TK0574,66,2026-06-16T20:31:54Z,2026-06-16T20:31:54Z,0.0
GL8 8SY,SEPD,HV,1,TK0574,66,2026-06-16T20:31:54Z,2026-06-16T20:31:54Z,0.0
GU14 0AH,SEPD,LV,1,TJ2646,21,2026-06-15T13:39:15Z,2026-06-15T13:39:15Z,0.0
GU14 0AJ,SEPD,LV,1,TJ2646,21,2026-06-15T13:39:15Z,2026-06-15T13:39:15Z,0.0
GU14 0AY,SEPD,LV,1,TJ2646,21,2026-06-15T13:39:15Z,2026-06-15T13:39:15Z,0.0
GU14 0AZ,SEPD,LV,1,TJ2646,21,2026-06-15T13:39:15Z,2026-06-15T13:39:15Z,0.0
GU14 0NH,SEPD,LV,1,TJ2646,21,2026-06-15T13:39:15Z,2026-06-15T13:39:15Z,0.0
GU14 7RZ,SEPD,LV,1,TK0508,2,2026-06-16T17:35:54Z,2026-06-16T17:35:54Z,0.0
GU14 7SA,SEPD,LV,1,TK0508,2,2026-06-16T17:35:54Z,2026-06-16T17:35:54Z,0.0
GU14 7SJ,SEPD,LV,1,TK0508,2,2026-06-16T17:35:54Z,2026-06-16T17:35:54Z,0.0
GU14 7SL,SEPD,LV,1,TK0508,2,2026-06-16T17:35:54Z,2026-06-16T17:35:54Z,0.0
GU14 9XA,SEPD,LV,1,TK3527,14,2026-06-18T19:55:48Z,2026-06-18T19:55:48Z,0.0
GU14 9XB,SEPD,LV,1,TK3527,14,2026-06-18T19:55:48Z,2026-06-18T19:55:48Z,0.0
GU14 9XD,SEPD,LV,1,TK3527,14,2026-06-18T19:55:48Z,2026-06-18T19:55:48Z,0.0
GU17 9ES,SEPD,LV,1,TK4988,11,2026-06-20T06:38:18Z,2026-06-20T06:38:18Z,0.0
GU17 9HH,SEPD,LV,1,TK4988,11,2026-06-20T06:38:18Z,2026-06-20T06:38:18Z,0.0
GU17 9HQ,SEPD,LV,1,TK4988,11,2026-06-20T06:38:18Z,2026-06-20T06:38:18Z,0.0
GU27 3AQ,SEPD,PSI,1,251144,9,2026-06-16T12:32:38Z,2026-06-16T12:32:38Z,0.0
GU27 3AX,SEPD,PSI,1,251144,9,2026-06-16T12:32:38Z,2026-06-16T12:32:38Z,0.0
GU27 3BE,SEPD,PSI,1,251144,9,2026-06-16T12:32:38Z,2026-06-16T12:32:38Z,0.0
GU27 3BG,SEPD,PSI,1,251144,9,2026-06-16T12:32:38Z,2026-06-16T12:32:38Z,0.0
GU27 3BQ,SEPD,PSI,1,251144,9,2026-06-16T12:32:38Z,2026-06-16T12:32:38Z,0.0
GU28 0NP,SEPD,PSI,1,250983,231,2026-06-16T12:32:38Z,2026-06-16T12:32:38Z,0.0
GU28 0NR,SEPD,PSI,1,250983,231,2026-06-16T12:32:38Z,2026-06-16T12:32:38Z,0.0
GU28 0NS,SEPD,PSI,1,250983,231,2026-06-16T12:32:38Z,2026-06-16T12:32:38Z,0.0
GU28 0NT,SEPD,PSI,1,250983,231,2026-06-16T12:32:38Z,2026-06-16T12:32:38Z,0.0
GU28 0NY,SEPD,PSI,1,250983,231,2026-06-16T12:32:38Z,2026-06-16T12:32:38Z,0.0
GU28 0NZ,SEPD,PSI,1,250983,231,2026-06-16T12:32:38Z,2026-06-16T12:32:38Z,0.0
GU28 0PA,SEPD,PSI,1,250983,231,2026-06-16T12:32:38Z,2026-06-16T12:32:38Z,0.0
GU28 0PT,SEPD,PSI,1,250983,231,2026-06-16T12:32:38Z,2026-06-16T12:32:38Z,0.0
GU28 0PU,SEPD,PSI,1,250983,231,2026-06-16T12:32:38Z,2026-06-16T12:32:38Z,0.0
GU28 0PX,SEPD,PSI,1,250983,231,2026-06-16T12:32:38Z,2026-06-16T12:32:38Z,0.0
GU28 0PY,SEPD,PSI,1,250983,231,2026-06-16T12:32:38Z,2026-06-16T12:32:38Z,0.0
GU28 0PZ,SEPD,PSI,1,250983,231,2026-06-16T12:32:38Z,2026-06-16T12:32:38Z,0.0
GU28 0QA,SEPD,PSI,1,250983,231,2026-06-16T12:32:38Z,2026-06-16T12:32:38Z,0.0
GU28 0QB,SEPD,PSI,1,250983,231,2026-06-16T12:32:38Z,2026-06-16T12:32:38Z,0.0
GU28 0QD,SEPD,PSI,1,250983,231,2026-06-16T12:32:38Z,2026-06-16T12:32:38Z,0.0
GU28 0QG,SEPD,PSI,1,250983,231,2026-06-16T12:32:38Z,2026-06-16T12:32:38Z,0.0
GU28 0QN,SEPD,PSI,1,250983,231,2026-06-16T12:32:38Z,2026-06-16T12:32:38Z,0.0
GU28 0QQ,SEPD,PSI,1,250983,231,2026-06-16T12:32:38Z,2026-06-16T12:32:38Z,0.0
GU28 0QW,SEPD,PSI,1,250983,231,2026-06-16T12:32:38Z,2026-06-16T12:32:38Z,0.0
GU29 9BT,SEPD,LV,1,TJ8764,11,2026-06-15T13:39:15Z,2026-06-15T13:39:15Z,0.0
GU29 9EH,SEPD,LV,1,TJ8764,11,2026-06-15T13:39:15Z,2026-06-15T13:39:15Z,0.0
GU29 9HP,SEPD,LV,1,TJ8764,11,2026-06-15T13:39:15Z,2026-06-15T13:39:15Z,0.0
GU29 9HR,SEPD,LV,1,TJ8764,11,2026-06-15T13:39:15Z,2026-06-15T13:39:15Z,0.0
GU32 1DB,SEPD,HV,1,TK0136,16,2026-06-16T12:32:38Z,2026-06-16T12:32:38Z,0.0
GU32 1DD,SEPD,HV,1,TK0136,16,2026-06-16T12:32:38Z,2026-06-16T12:32:38Z,0.0
GU32 1DE,SEPD,HV,1,TK0136,16,2026-06-16T12:32:38Z,2026-06-16T12:32:38Z,0.0
GU32 1ED,SEPD,HV,1,TK0136,16,2026-06-16T12:32:38Z,2026-06-16T12:32:38Z,0.0
GU32 1EE,SEPD,HV,1,TK0136,16,2026-06-16T12:32:38Z,2026-06-16T12:32:38Z,0.0
GU32 1HH,SEPD,PSI,1,250960,11,2026-06-15T13:39:15Z,2026-06-15T13:39:15Z,0.0
GU32 1HQ,SEPD,PSI,1,250960,11,2026-06-15T13:39:15Z,2026-06-15T13:39:15Z,0.0
GU32 1PB,SEPD,PSI,1,250960,11,2026-06-15T13:39:15Z,2026-06-15T13:39:15Z,0.0
GU32 1PP,SEPD,PSI,1,250960,11,2026-06-15T13:39:15Z,2026-06-15T13:39:15Z,0.0
GU51 3DS,SEPD,HV,1,TK4198,103,2026-06-19T13:47:21Z,2026-06-19T13:47:21Z,0.0
GU51 3DT,SEPD,HV,1,TK4198,103,2026-06-19T13:47:21Z,2026-06-19T13:47:21Z,0.0
GU51 3EJ,SEPD,HV,1,TK4198,103,2026-06-19T13:47:21Z,2026-06-19T13:47:21Z,0.0
GU51 3GY,SEPD,HV,1,TK4198,103,2026-06-19T13:47:21Z,2026-06-19T13:47:21Z,0.0
GU51 3GZ,SEPD,HV,1,TK4198,103,2026-06-19T13:47:21Z,2026-06-19T13:47:21Z,0.0
GU51 3HU,SEPD,HV,1,TK4198,103,2026-06-19T13:47:21Z,2026-06-19T13:47:21Z,0.0
GU51 3XT,SEPD,HV,1,TK4198,103,2026-06-19T13:47:21Z,2026-06-19T13:47:21Z,0.0
GU8 5LF,SEPD,PSI,1,251630,20,2026-06-15T13:39:15Z,2026-06-15T13:39:15Z,0.0
GU8 6NR,SEPD,PSI,1,251630,20,2026-06-15T13:39:15Z,2026-06-15T13:39:15Z,0.0
GU8 6NW,SEPD,PSI,1,251630,20,2026-06-15T13:39:15Z,2026-06-15T13:39:15Z,0.0
HS2 0BW,SHEPD,LV,1,TK2966,13,2026-06-18T14:16:29Z,2026-06-18T14:16:29Z,0.0
HS2 0PA,SHEPD,LV,1,TK2966,13,2026-06-18T14:16:29Z,2026-06-18T14:16:29Z,0.0
HS2 0PB,SHEPD,LV,1,TK2966,13,2026-06-18T14:16:29Z,2026-06-18T14:16:29Z,0.0
HS2 0QZ,SHEPD,LV,1,TJ9877,5,2026-06-16T12:32:38Z,2026-06-16T12:32:38Z,0.0
HS8 5RR,SHEPD,HV,1,TK5592,45,2026-06-20T13:46:19Z,2026-06-20T13:46:19Z,0.0
HS8 5RS,SHEPD,HV,1,TK5592,45,2026-06-20T13:46:19Z,2026-06-20T13:46:19Z,0.0
HS8 5RT,SHEPD,HV,1,TK5592,45,2026-06-20T13:46:19Z,2026-06-20T13:46:19Z,0.0
HS8 5TD,SHEPD,LV,1,TK5968,2,2026-06-21T09:02:32Z,2026-06-21T09:02:32Z,0.0
IV17 0SG,SHEPD,LV,1,TK0740,12,2026-06-16T20:31:54Z,2026-06-16T20:31:54Z,0.0
IV17 0SY,SHEPD,LV,1,TK0740,12,2026-06-16T20:31:54Z,2026-06-16T20:31:54Z,0.0
IV17 0XX,SHEPD,LV,1,TK0740,12,2026-06-16T20:31:54Z,2026-06-16T20:31:54Z,0.0
IV2 5EA,SHEPD,PSI,1,251329,26,2026-06-18T10:56:41Z,2026-06-18T10:56:41Z,0.0
IV2 5EF,SHEPD,PSI,1,251329,26,2026-06-18T10:56:41Z,2026-06-18T10:56:41Z,0.0
IV2 5EQ,SHEPD,PSI,1,251329,26,2026-06-18T10:56:41Z,2026-06-18T10:56:41Z,0.0
IV27 4DJ,SHEPD,HV,1,TK3437,3,2026-06-18T19:55:48Z,2026-06-18T19:55:48Z,0.0
IV27 4TJ,SHEPD,PSI,1,251810,4,2026-06-19T10:03:19Z,2026-06-19T10:03:19Z,0.0
IV3 5HJ,SHEPD,LV,1,TK2344,23,2026-06-18T01:40:26Z,2026-06-18T01:40:26Z,0.0
IV3 5HP,SHEPD,LV,1,TK2344,23,2026-06-18T01:40:26Z,2026-06-18T01:40:26Z,0.0
IV3 5HS,SHEPD,LV,1,TK2344,23,2026-06-18T01:40:26Z,2026-06-18T01:40:26Z,0.0
IV3 5HT,SHEPD,LV,1,TK2344,23,2026-06-18T01:40:26Z,2026-06-18T01:40:26Z,0.0
IV3 5HU,SHEPD,LV,1,TK2344,23,2026-06-18T01:40:26Z,2026-06-18T01:40:26Z,0.0
IV3 5HX,SHEPD,LV,1,TK2344,23,2026-06-18T01:40:26Z,2026-06-18T01:40:26Z,0.0
IV3 5HY,SHEPD,LV,1,TK2344,23,2026-06-18T01:40:26Z,2026-06-18T01:40:26Z,0.0
IV3 5HZ,SHEPD,LV,1,TK2344,23,2026-06-18T01:40:26Z,2026-06-18T01:40:26Z,0.0
IV3 5JA,SHEPD,LV,1,TK2344,23,2026-06-18T01:40:26Z,2026-06-18T01:40:26Z,0.0
IV3 5PX,SHEPD,LV,1,TK2344,23,2026-06-18T01:40:26Z,2026-06-18T01:40:26Z,0.0
IV3 5PY,SHEPD,LV,1,TK2344,23,2026-06-18T01:40:26Z,2026-06-18T01:40:26Z,0.0
IV49 9AN,SHEPD,HV,1,TJ8152,8,2026-06-14T22:38:46Z,2026-06-14T22:38:46Z,0.0
IV6 7TW,SHEPD,PSI,1,251552,2,2026-06-18T10:56:41Z,2026-06-18T10:56:41Z,0.0
KW1 4UD,SHEPD,PSI,1,251758,93,2026-06-19T10:03:19Z,2026-06-19T10:03:19Z,0.0
KW14 7DR,SHEPD,LV,1,TK0823,16,2026-06-17T05:06:41Z,2026-06-17T05:06:41Z,0.0
KW14 7DS,SHEPD,LV,1,TK0823,16,2026-06-17T05:06:41Z,2026-06-17T05:06:41Z,0.0
KW14 7DT,SHEPD,LV,1,TK0823,16,2026-06-17T05:06:41Z,2026-06-17T05:06:41Z,0.0
KW14 7DW,SHEPD,LV,1,TK0823,16,2026-06-17T05:06:41Z,2026-06-17T05:06:41Z,0.0
KW14 8SY,SHEPD,PSI,1,251758,93,2026-06-19T10:03:19Z,2026-06-19T10:03:19Z,0.0
KW14 8SZ,SHEPD,PSI,1,251758,93,2026-06-19T10:03:19Z,2026-06-19T10:03:19Z,0.0
KW14 8TA,SHEPD,PSI,1,251758,93,2026-06-19T10:03:19Z,2026-06-19T10:03:19Z,0.0
KW14 8XQ,SHEPD,PSI,1,251758,93,2026-06-19T10:03:19Z,2026-06-19T10:03:19Z,0.0
KW14 8XW,SHEPD,PSI,1,251758,93,2026-06-19T10:03:19Z,2026-06-19T10:03:19Z,0.0
OX12 0DD,SEPD,LV,1,TK4340,15,2026-06-19T18:19:18Z,2026-06-19T18:19:18Z,0.0
OX12 0DF,SEPD,LV,1,TK4340,15,2026-06-19T18:19:18Z,2026-06-19T18:19:18Z,0.0
OX12 8PU,SEPD,PSI,1,251705,19,2026-06-18T10:56:41Z,2026-06-18T10:56:41Z,0.0
OX12 8PW,SEPD,PSI,1,251705,19,2026-06-18T10:56:41Z,2026-06-18T10:56:41Z,0.0
OX12 8PX,SEPD,PSI,1,251705,19,2026-06-18T10:56:41Z,2026-06-18T10:56:41Z,0.0
OX12 8RH,SEPD,PSI,1,251705,19,2026-06-18T10:56:41Z,2026-06-18T10:56:41Z,0.0
OX12 8SQ,SEPD,PSI,1,251705,19,2026-06-18T10:56:41Z,2026-06-18T10:56:41Z,0.0
OX14 5EZ,SEPD,LV,1,TK4591,37,2026-06-19T16:25:07Z,2026-06-19T16:25:07Z,0.0
OX14 5FN,SEPD,LV,1,TK4591,37,2026-06-19T16:25:07Z,2026-06-19T16:25:07Z,0.0
OX14 5FU,SEPD,LV,1,TK4591,37,2026-06-19T16:25:07Z,2026-06-19T16:25:07Z,0.0
OX14 5HA,SEPD,LV,1,TK4591,37,2026-06-19T16:25:07Z,2026-06-19T16:25:07Z,0.0
OX14 5HU,SEPD,LV,1,TK4591,37,2026-06-19T16:25:07Z,2026-06-19T16:25:07Z,0.0
OX14 5RR,SEPD,LV,1,TK4591,37,2026-06-19T16:25:07Z,2026-06-19T16:25:07Z,0.0
OX20 1HD,SEPD,PSI,1,251703,15,2026-06-15T13:39:15Z,2026-06-15T13:39:15Z,0.0
OX25,SEPD,PSI,1,251554,8,2026-06-17T23:05:25Z,2026-06-17T23:05:25Z,0.0
OX26 6BZ,SEPD,PSI,1,251554,8,2026-06-17T23:05:25Z,2026-06-17T23:05:25Z,0.0
OX26 6HU,SEPD,PSI,1,251554,8,2026-06-17T23:05:25Z,2026-06-17T23:05:25Z,0.0
OX26 6WD,SEPD,PSI,1,251554,8,2026-06-17T23:05:25Z,2026-06-17T23:05:25Z,0.0
OX28 4YA,SEPD,PSI,1,251622,3,2026-06-18T22:22:12Z,2026-06-18T22:22:12Z,0.0
OX28 6FE,SEPD,PSI,1,251622,3,2026-06-18T22:22:12Z,2026-06-18T22:22:12Z,0.0
OX29 8EL,SEPD,PSI,1,251703,15,2026-06-15T13:39:15Z,2026-06-15T13:39:15Z,0.0
OX29 8EN,SEPD,PSI,1,251703,15,2026-06-15T13:39:15Z,2026-06-15T13:39:15Z,0.0
OX29 8EW,SEPD,PSI,1,251703,15,2026-06-15T13:39:15Z,2026-06-15T13:39:15Z,0.0
OX29 8FB,SEPD,PSI,1,251703,15,2026-06-15T13:39:15Z,2026-06-15T13:39:15Z,0.0
OX33 1PJ,SEPD,LV,1,TJ9487,14,2026-06-16T12:32:38Z,2026-06-16T12:32:38Z,0.0
OX33 1YT,SEPD,LV,1,TJ9487,14,2026-06-16T12:32:38Z,2026-06-16T12:32:38Z,0.0
OX33 1YW,SEPD,LV,1,TJ9487,14,2026-06-16T12:32:38Z,2026-06-16T12:32:38Z,0.0
OX33 1YX,SEPD,LV,1,TJ9487,14,2026-06-16T12:32:38Z,2026-06-16T12:32:38Z,0.0
OX4 4ER,SEPD,LV,1,TK2386,10,2026-06-18T06:28:43Z,2026-06-18T06:28:43Z,0.0
OX4 4EY,SEPD,LV,1,TK2386,10,2026-06-18T06:28:43Z,2026-06-18T06:28:43Z,0.0
OX4 6DD,SEPD,LV,1,TJ8821,10,2026-06-15T13:39:15Z,2026-06-15T13:39:15Z,0.0
OX4 6DG,SEPD,LV,1,TJ8821,10,2026-06-15T13:39:15Z,2026-06-15T13:39:15Z,0.0
OX4 6DN,SEPD,LV,1,TJ8821,10,2026-06-15T13:39:15Z,2026-06-15T13:39:15Z,0.0
OX4 6DQ,SEPD,LV,1,TJ8821,10,2026-06-15T13:39:15Z,2026-06-15T13:39:15Z,0.0
OX4 6EE,SEPD,LV,1,TJ8821,10,2026-06-15T13:39:15Z,2026-06-15T13:39:15Z,0.0
OX44 7FJ,SEPD,LV,1,TK5825,13,2026-06-20T21:39:37Z,2026-06-20T21:39:37Z,0.0
OX44 7PP,SEPD,LV,1,TK5825,13,2026-06-20T21:39:37Z,2026-06-20T21:39:37Z,0.0
OX44 7QE,SEPD,LV,1,TK5825,13,2026-06-20T21:39:37Z,2026-06-20T21:39:37Z,0.0
OX44 7QF,SEPD,LV,1,TK5825,13,2026-06-20T21:39:37Z,2026-06-20T21:39:37Z,0.0
OX44 7QH,SEPD,LV,1,TK5825,13,2026-06-20T21:39:37Z,2026-06-20T21:39:37Z,0.0
OX5 2AE,SEPD,PSI,1,251904,5,2026-06-19T10:03:19Z,2026-06-19T10:03:19Z,0.0
OX7 6QE,SEPD,LV,1,TJ8819,2,2026-06-15T18:16:33Z,2026-06-15T18:16:33Z,0.0
OX7 6QF,SEPD,LV,1,TJ8819,2,2026-06-15T18:16:33Z,2026-06-15T18:16:33Z,0.0
PA21 2DH,SHEPD,HV,1,TK5824,3,2026-06-20T21:39:37Z,2026-06-20T21:39:37Z,0.0
PA21 2EP,SHEPD,HV,1,TK5824,3,2026-06-20T21:39:37Z,2026-06-20T21:39:37Z,0.0
PA28 6PN,SHEPD,LV,1,TK1914,2,2026-06-17T17:14:07Z,2026-06-17T17:14:07Z,0.0
PA28 6PS,SHEPD,LV,1,TK1914,2,2026-06-17T17:14:07Z,2026-06-17T17:14:07Z,0.0
PA28 6PW,SHEPD,LV,1,TK1914,2,2026-06-17T17:14:07Z,2026-06-17T17:14:07Z,0.0
PA34 4NP,SHEPD,PSI,1,250915,60,2026-06-18T10:56:41Z,2026-06-18T10:56:41Z,0.0
PA34 4TX,SHEPD,LV,1,TK1733,3,2026-06-17T17:14:07Z,2026-06-17T17:14:07Z,0.0
PA34 4YL,SHEPD,PSI,1,250915,60,2026-06-18T10:56:41Z,2026-06-18T10:56:41Z,0.0
PA37 1AW,SHEPD,HV,1,TJ8056,134,2026-06-14T16:50:30Z,2026-06-14T16:50:30Z,0.0
PA37 1PX,SHEPD,HV,1,TJ8056,134,2026-06-14T16:50:30Z,2026-06-14T16:50:30Z,0.0
PA37 1QP,SHEPD,HV,1,TJ8056,134,2026-06-14T16:50:30Z,2026-06-14T16:50:30Z,0.0
PA37 1QS,SHEPD,HV,1,TJ8056,134,2026-06-14T16:50:30Z,2026-06-14T16:50:30Z,0.0
PA37 1QT,SHEPD,HV,1,TJ8056,134,2026-06-14T16:50:30Z,2026-06-14T16:50:30Z,0.0
PA37 1QU,SHEPD,HV,1,TJ8056,134,2026-06-14T16:50:30Z,2026-06-14T16:50:30Z,0.0
PA37 1RT,SHEPD,HV,1,TJ8056,134,2026-06-14T16:50:30Z,2026-06-14T16:50:30Z,0.0
PA37 1RU,SHEPD,HV,1,TJ8056,134,2026-06-14T16:50:30Z,2026-06-14T16:50:30Z,0.0
PA37 1RY,SHEPD,HV,1,TJ8056,134,2026-06-14T16:50:30Z,2026-06-14T16:50:30Z,0.0
PA37 1RZ,SHEPD,HV,1,TJ8056,134,2026-06-14T16:50:30Z,2026-06-14T16:50:30Z,0.0
PA37 1SA,SHEPD,HV,1,TJ8056,134,2026-06-14T16:50:30Z,2026-06-14T16:50:30Z,0.0
PA37 1SB,SHEPD,HV,1,TJ8056,134,2026-06-14T16:50:30Z,2026-06-14T16:50:30Z,0.0
PA37 1SY,SHEPD,HV,1,TJ8056,134,2026-06-14T16:50:30Z,2026-06-14T16:50:30Z,0.0
PH1 2AY,SHEPD,LV,1,TK5636,18,2026-06-20T13:46:19Z,2026-06-20T13:46:19Z,0.0
PH1 2NT,SHEPD,HV,1,TK5631,756,2026-06-20T13:46:19Z,2026-06-20T13:46:19Z,0.0
PH1 2NX,SHEPD,HV,1,TK5631,756,2026-06-20T13:46:19Z,2026-06-20T13:46:19Z,0.0
PH1 2NY,SHEPD,LV,1,TK5636,18,2026-06-20T13:46:19Z,2026-06-20T13:46:19Z,0.0
PH1 2NZ,SHEPD,HV,1,TK5631,756,2026-06-20T13:46:19Z,2026-06-20T13:46:19Z,0.0
PH1 2PA,SHEPD,HV,1,TK5631,756,2026-06-20T13:46:19Z,2026-06-20T13:46:19Z,0.0
PH1 2PD,SHEPD,LV,1,TK5636,18,2026-06-20T13:46:19Z,2026-06-20T13:46:19Z,0.0
PH1 2PN,SHEPD,HV,1,TK5631,756,2026-06-20T13:46:19Z,2026-06-20T13:46:19Z,0.0
PH1 2PP,SHEPD,HV,1,TK5631,756,2026-06-20T13:46:19Z,2026-06-20T13:46:19Z,0.0
PH1 2PR,SHEPD,HV,1,TK5631,756,2026-06-20T13:46:19Z,2026-06-20T13:46:19Z,0.0
PH1 2PU,SHEPD,HV,1,TK5631,756,2026-06-20T13:46:19Z,2026-06-20T13:46:19Z,0.0
PH1 2PW,SHEPD,HV,1,TK5631,756,2026-06-20T13:46:19Z,2026-06-20T13:46:19Z,0.0
PH1 2PX,SHEPD,HV,1,TK5631,756,2026-06-20T13:46:19Z,2026-06-20T13:46:19Z,0.0
PH1 2PZ,SHEPD,HV,1,TK5631,756,2026-06-20T13:46:19Z,2026-06-20T13:46:19Z,0.0
PH1 2QA,SHEPD,HV,1,TK5631,756,2026-06-20T13:46:19Z,2026-06-20T13:46:19Z,0.0
PH1 2QB,SHEPD,HV,1,TK5631,756,2026-06-20T13:46:19Z,2026-06-20T13:46:19Z,0.0
PH1 2QH,SHEPD,HV,1,TK5631,756,2026-06-20T13:46:19Z,2026-06-20T13:46:19Z,0.0
PH1 2QJ,SHEPD,HV,1,TK5631,756,2026-06-20T13:46:19Z,2026-06-20T13:46:19Z,0.0
PH1 2QL,SHEPD,HV,1,TK5631,756,2026-06-20T13:46:19Z,2026-06-20T13:46:19Z,0.0
PH1 2QN,SHEPD,HV,1,TK5631,756,2026-06-20T13:46:19Z,2026-06-20T13:46:19Z,0.0
PH1 2QP,SHEPD,HV,1,TK5631,756,2026-06-20T13:46:19Z,2026-06-20T13:46:19Z,0.0
PH1 2QQ,SHEPD,HV,1,TK5631,756,2026-06-20T13:46:19Z,2026-06-20T13:46:19Z,0.0
PH1 2QR,SHEPD,HV,1,TK5631,756,2026-06-20T13:46:19Z,2026-06-20T13:46:19Z,0.0
PH1 2QS,SHEPD,HV,1,TK5631,756,2026-06-20T13:46:19Z,2026-06-20T13:46:19Z,0.0
PH1 2QT,SHEPD,HV,1,TK5631,756,2026-06-20T13:46:19Z,2026-06-20T13:46:19Z,0.0
PH1 2QU,SHEPD,HV,1,TK5631,756,2026-06-20T13:46:19Z,2026-06-20T13:46:19Z,0.0
PH1 2QW,SHEPD,HV,1,TK5631,756,2026-06-20T13:46:19Z,2026-06-20T13:46:19Z,0.0
PH1 2QX,SHEPD,HV,1,TK5631,756,2026-06-20T13:46:19Z,2026-06-20T13:46:19Z,0.0
PH1 2QY,SHEPD,HV,1,TK5631,756,2026-06-20T13:46:19Z,2026-06-20T13:46:19Z,0.0
PH1 2QZ,SHEPD,HV,1,TK5631,756,2026-06-20T13:46:19Z,2026-06-20T13:46:19Z,0.0
PH1 2RA,SHEPD,HV,1,TK5631,756,2026-06-20T13:46:19Z,2026-06-20T13:46:19Z,0.0
PH1 2RF,SHEPD,HV,1,TK5631,756,2026-06-20T13:46:19Z,2026-06-20T13:46:19Z,0.0
PH1 2RG,SHEPD,HV,1,TK5631,756,2026-06-20T13:46:19Z,2026-06-20T13:46:19Z,0.0
PH1 2RH,SHEPD,LV,1,TK5637,5,2026-06-20T13:46:19Z,2026-06-20T13:46:19Z,0.0
PH1 2SN,SHEPD,HV,1,TK5631,756,2026-06-20T13:46:19Z,2026-06-20T13:46:19Z,0.0
PH1 2XA,SHEPD,HV,1,TK5631,756,2026-06-20T13:46:19Z,2026-06-20T13:46:19Z,0.0
PH10 6RJ,SHEPD,HV,1,TK3644,22,2026-06-19T10:03:19Z,2026-06-19T10:03:19Z,0.0
PH10 6RQ,SHEPD,HV,1,TK3644,22,2026-06-19T10:03:19Z,2026-06-19T10:03:19Z,0.0
PH10 6SH,SHEPD,HV,1,TK3644,22,2026-06-19T10:03:19Z,2026-06-19T10:03:19Z,0.0
PH10 6SL,SHEPD,HV,1,TK4736,15,2026-06-19T20:09:07Z,2026-06-19T20:09:07Z,0.0
PH10 6SW,SHEPD,HV,1,TK4736,15,2026-06-19T20:09:07Z,2026-06-19T20:09:07Z,0.0
PH10 7NB,SHEPD,HV,1,TK3644,22,2026-06-19T10:03:19Z,2026-06-19T10:03:19Z,0.0
PH15 2EL,SHEPD,PSI,1,251078,20,2026-06-15T13:39:15Z,2026-06-15T13:39:15Z,0.0
PH15 2EN,SHEPD,PSI,1,251078,20,2026-06-15T13:39:15Z,2026-06-15T13:39:15Z,0.0
PH17 2QE,SHEPD,LV,1,TK5583,3,2026-06-20T21:39:37Z,2026-06-20T21:39:37Z,0.0
PH17 2QF,SHEPD,LV,1,TK5583,3,2026-06-20T21:39:37Z,2026-06-20T21:39:37Z,0.0
PH26 3NZ,SHEPD,PSI,1,251562,21,2026-06-16T12:32:38Z,2026-06-16T12:32:38Z,0.0
PH26 3PA,SHEPD,PSI,1,251562,21,2026-06-16T12:32:38Z,2026-06-16T12:32:38Z,0.0
PH32 4BN,SHEPD,PSI,1,252075,7,2026-06-14T19:57:06Z,2026-06-14T19:57:06Z,0.0
PH33 6TP,SHEPD,HV,1,TJ8096,124,2026-06-14T21:22:52Z,2026-06-14T21:22:52Z,0.0
PH33 6TR,SHEPD,HV,1,TJ8096,124,2026-06-14T21:22:52Z,2026-06-14T21:22:52Z,0.0
PH33 6TT,SHEPD,HV,1,TJ8096,124,2026-06-14T21:22:52Z,2026-06-14T21:22:52Z,0.0
PH33 6TU,SHEPD,HV,1,TJ8096,124,2026-06-14T21:22:52Z,2026-06-14T21:22:52Z,0.0
PH33 6TW,SHEPD,HV,1,TJ8096,124,2026-06-14T21:22:52Z,2026-06-14T21:22:52Z,0.0
PH33 6TX,SHEPD,HV,1,TJ8096,124,2026-06-14T21:22:52Z,2026-06-14T21:22:52Z,0.0
PH33 6TY,SHEPD,HV,1,TJ8096,124,2026-06-14T21:22:52Z,2026-06-14T21:22:52Z,0.0
PH4 1RG,SHEPD,HV,1,TK0131,16,2026-06-16T12:32:38Z,2026-06-16T12:32:38Z,0.0
PH9 0NW,SHEPD,PSI,1,252420,6,2026-06-18T10:56:41Z,2026-06-18T10:56:41Z,0.0
PH9 0NY,SHEPD,PSI,1,252420,6,2026-06-18T10:56:41Z,2026-06-18T10:56:41Z,0.0
PO1 1LP,SEPD,LV,1,TK0781,12,2026-06-17T00:01:43Z,2026-06-17T00:01:43Z,0.0
PO1 1LR,SEPD,LV,1,TK0781,12,2026-06-17T00:01:43Z,2026-06-17T00:01:43Z,0.0
PO14 1NE,SEPD,LV,1,TK5905,20,2026-06-21T11:50:55Z,2026-06-21T11:50:55Z,0.0
PO14 1NF,SEPD,LV,1,TK5905,20,2026-06-21T11:50:55Z,2026-06-21T11:50:55Z,0.0
PO14 3QY,SEPD,LV,1,TK4475,22,2026-06-19T16:25:07Z,2026-06-19T16:25:07Z,0.0
PO14 3QZ,SEPD,LV,1,TK4475,22,2026-06-19T16:25:07Z,2026-06-19T16:25:07Z,0.0
PO14 3RS,SEPD,LV,1,TK4475,22,2026-06-19T16:25:07Z,2026-06-19T16:25:07Z,0.0
PO14 3RZ,SEPD,LV,1,TK4475,22,2026-06-19T16:25:07Z,2026-06-19T16:25:07Z,0.0
PO14 3TB,SEPD,LV,1,TK4475,22,2026-06-19T16:25:07Z,2026-06-19T16:25:07Z,0.0
PO14 3TH,SEPD,LV,1,TK4475,22,2026-06-19T16:25:07Z,2026-06-19T16:25:07Z,0.0
PO14 3TJ,SEPD,LV,1,TK4475,22,2026-06-19T16:25:07Z,2026-06-19T16:25:07Z,0.0
PO14 3TL,SEPD,LV,1,TK4475,22,2026-06-19T16:25:07Z,2026-06-19T16:25:07Z,0.0
PO14 3UB,SEPD,LV,1,TK4475,22,2026-06-19T16:25:07Z,2026-06-19T16:25:07Z,0.0
PO21 2LN,SEPD,LV,1,TJ7695,38,2026-06-14T15:17:57Z,2026-06-14T15:17:57Z,0.0
PO21 2NA,SEPD,LV,1,TJ7695,38,2026-06-14T15:17:57Z,2026-06-14T15:17:57Z,0.0
PO21 2NB,SEPD,LV,1,TJ7695,38,2026-06-14T15:17:57Z,2026-06-14T15:17:57Z,0.0
PO21 2ND,SEPD,LV,1,TJ7695,38,2026-06-14T15:17:57Z,2026-06-14T15:17:57Z,0.0
PO21 2NH,SEPD,LV,1,TJ7695,38,2026-06-14T15:17:57Z,2026-06-14T15:17:57Z,0.0
PO21 2PX,SEPD,LV,1,TJ7695,38,2026-06-14T15:17:57Z,2026-06-14T15:17:57Z,0.0
PO21 2PY,SEPD,LV,1,TJ7695,38,2026-06-14T15:17:57Z,2026-06-14T15:17:57Z,0.0
PO21 2QF,SEPD,LV,1,TJ7695,38,2026-06-14T15:17:57Z,2026-06-14T15:17:57Z,0.0
PO21 3JH,SEPD,LV,1,TK2710,8,2026-06-18T10:56:41Z,2026-06-18T10:56:41Z,0.0
PO21 3JQ,SEPD,LV,1,TK2710,8,2026-06-18T10:56:41Z,2026-06-18T10:56:41Z,0.0
PO21 3JS,SEPD,LV,1,TK2710,8,2026-06-18T10:56:41Z,2026-06-18T10:56:41Z,0.0
PO21 3JT,SEPD,LV,1,TK2710,8,2026-06-18T10:56:41Z,2026-06-18T10:56:41Z,0.0
PO21 3JU,SEPD,LV,1,TK2710,8,2026-06-18T10:56:41Z,2026-06-18T10:56:41Z,0.0
PO3 5TF,SEPD,LV,1,TK5960,26,2026-06-21T09:02:32Z,2026-06-21T09:02:32Z,0.0
PO3 5TP,SEPD,LV,1,TK5960,26,2026-06-21T09:02:32Z,2026-06-21T09:02:32Z,0.0
PO3 5TR,SEPD,LV,1,TK5960,26,2026-06-21T09:02:32Z,2026-06-21T09:02:32Z,0.0
PO3 5UE,SEPD,LV,1,TK5960,26,2026-06-21T09:02:32Z,2026-06-21T09:02:32Z,0.0
PO3 5UF,SEPD,LV,1,TK5960,26,2026-06-21T09:02:32Z,2026-06-21T09:02:32Z,0.0
PO3 5UG,SEPD,LV,1,TK5960,26,2026-06-21T09:02:32Z,2026-06-21T09:02:32Z,0.0
PO3 5UQ,SEPD,LV,1,TK5960,26,2026-06-21T09:02:32Z,2026-06-21T09:02:32Z,0.0
PO3 5XA,SEPD,LV,1,TK5960,26,2026-06-21T09:02:32Z,2026-06-21T09:02:32Z,0.0
PO3 5XD,SEPD,LV,1,TK5960,26,2026-06-21T09:02:32Z,2026-06-21T09:02:32Z,0.0
PO4 8LH,SEPD,LV,1,TJ8256,12,2026-06-15T07:38:15Z,2026-06-15T07:38:15Z,0.0
PO4 8LS,SEPD,LV,1,TJ8256,12,2026-06-15T07:38:15Z,2026-06-15T07:38:15Z,0.0
PO4 8LT,SEPD,LV,1,TJ8256,12,2026-06-15T07:38:15Z,2026-06-15T07:38:15Z,0.0
PO6 1DB,SEPD,LV,1,TK0544,26,2026-06-16T17:35:54Z,2026-06-16T17:35:54Z,0.0
PO6 1DG,SEPD,LV,1,TK0544,26,2026-06-16T17:35:54Z,2026-06-16T17:35:54Z,0.0
PO6 1DL,SEPD,LV,1,TK0544,26,2026-06-16T17:35:54Z,2026-06-16T17:35:54Z,0.0
PO6 1DP,SEPD,LV,1,TK0544,26,2026-06-16T17:35:54Z,2026-06-16T17:35:54Z,0.0
PO6 1DS,SEPD,LV,1,TK0544,26,2026-06-16T17:35:54Z,2026-06-16T17:35:54Z,0.0
PO6 1EJ,SEPD,HV,1,TK0548,2109,2026-06-16T17:35:54Z,2026-06-16T17:35:54Z,0.0
PO6 1EL,SEPD,HV,1,TK0548,2109,2026-06-16T17:35:54Z,2026-06-16T17:35:54Z,0.0
PO6 1EN,SEPD,HV,1,TK0548,2109,2026-06-16T17:35:54Z,2026-06-16T17:35:54Z,0.0
PO6 1EZ,SEPD,HV,1,TK0548,2109,2026-06-16T17:35:54Z,2026-06-16T17:35:54Z,0.0
PO6 1HE,SEPD,LV,1,TK0555,21,2026-06-16T17:35:54Z,2026-06-16T17:35:54Z,0.0
PO6 1HH,SEPD,LV,1,TK0555,21,2026-06-16T17:35:54Z,2026-06-16T17:35:54Z,0.0
PO6 1HT,SEPD,HV,1,TK0548,2109,2026-06-16T17:35:54Z,2026-06-16T17:35:54Z,0.0
PO6 1HU,SEPD,HV,1,TK0548,2109,2026-06-16T17:35:54Z,2026-06-16T17:35:54Z,0.0
PO6 1HX,SEPD,HV,1,TK0548,2109,2026-06-16T17:35:54Z,2026-06-16T17:35:54Z,0.0
PO6 1HY,SEPD,LV,1,TK0555,21,2026-06-16T17:35:54Z,2026-06-16T17:35:54Z,0.0
PO6 1HZ,SEPD,LV,1,TK0555,21,2026-06-16T17:35:54Z,2026-06-16T17:35:54Z,0.0
PO6 1LY,SEPD,LV,1,TK0545,15,2026-06-16T17:35:54Z,2026-06-16T17:35:54Z,0.0
PO6 1LZ,SEPD,LV,1,TK0545,15,2026-06-16T17:35:54Z,2026-06-16T17:35:54Z,0.0
PO6 1NB,SEPD,LV,1,TK0545,15,2026-06-16T17:35:54Z,2026-06-16T17:35:54Z,0.0
PO6 1ND,SEPD,LV,1,TK0545,15,2026-06-16T17:35:54Z,2026-06-16T17:35:54Z,0.0
PO6 1NQ,SEPD,LV,1,TK0544,26,2026-06-16T17:35:54Z,2026-06-16T17:35:54Z,0.0
PO6 1PF,SEPD,LV,1,TK0545,15,2026-06-16T17:35:54Z,2026-06-16T17:35:54Z,0.0
PO6 1PG,SEPD,LV,1,TK0544,26,2026-06-16T17:35:54Z,2026-06-16T17:35:54Z,0.0
PO6 1QE,SEPD,LV,1,TK0545,15,2026-06-16T17:35:54Z,2026-06-16T17:35:54Z,0.0
PO7 6DR,SEPD,LV,1,TK3761,9,2026-06-20T11:52:35Z,2026-06-20T11:52:35Z,0.0
PO9 6AE,SEPD,HV,1,TJ9275,202,2026-06-15T21:28:13Z,2026-06-15T21:28:13Z,0.0
PO9 6AF,SEPD,HV,1,TJ9275,202,2026-06-15T21:28:13Z,2026-06-15T21:28:13Z,0.0
PO9 6AG,SEPD,HV,1,TJ9275,202,2026-06-15T21:28:13Z,2026-06-15T21:28:13Z,0.0
PO9 6AH,SEPD,HV,1,TJ9275,202,2026-06-15T21:28:13Z,2026-06-15T21:28:13Z,0.0
PO9 6BH,SEPD,HV,1,TJ9275,202,2026-06-15T21:28:13Z,2026-06-15T21:28:13Z,0.0
PO9 6BP,SEPD,HV,1,TJ9275,202,2026-06-15T21:28:13Z,2026-06-15T21:28:13Z,0.0
PO9 6BS,SEPD,HV,1,TJ9275,202,2026-06-15T21:28:13Z,2026-06-15T21:28:13Z,0.0
PO9 6DA,SEPD,HV,1,TJ9275,202,2026-06-15T21:28:13Z,2026-06-15T21:28:13Z,0.0
PO9 6DB,SEPD,HV,1,TJ9275,202,2026-06-15T21:28:13Z,2026-06-15T21:28:13Z,0.0
PO9 6DD,SEPD,HV,1,TJ9275,202,2026-06-15T21:28:13Z,2026-06-15T21:28:13Z,0.0
PO9 6DP,SEPD,HV,1,TJ9275,202,2026-06-15T21:28:13Z,2026-06-15T21:28:13Z,0.0
PO9 6EJ,SEPD,HV,1,TJ9275,202,2026-06-15T21:28:13Z,2026-06-15T21:28:13Z,0.0
PO9 6EN,SEPD,HV,1,TJ9275,202,2026-06-15T21:28:13Z,2026-06-15T21:28:13Z,0.0
PO9 6EP,SEPD,HV,1,TJ9275,202,2026-06-15T21:28:13Z,2026-06-15T21:28:13Z,0.0
PO9 6FE,SEPD,HV,1,TJ9275,202,2026-06-15T21:28:13Z,2026-06-15T21:28:13Z,0.0
RG1 6AE,SEPD,LV,1,TK5714,54,2026-06-20T15:25:55Z,2026-06-20T15:25:55Z,0.0
RG1 6AG,SEPD,LV,1,TK5714,54,2026-06-20T15:25:55Z,2026-06-20T15:25:55Z,0.0
RG1 6AQ,SEPD,LV,1,TK5714,54,2026-06-20T15:25:55Z,2026-06-20T15:25:55Z,0.0
RG1 6FN,SEPD,LV,1,TK5714,54,2026-06-20T15:25:55Z,2026-06-20T15:25:55Z,0.0
RG1 6LZ,SEPD,LV,1,TK5714,54,2026-06-20T15:25:55Z,2026-06-20T15:25:55Z,0.0
RG1 7AG,SEPD,LV,1,TK5714,54,2026-06-20T15:25:55Z,2026-06-20T15:25:55Z,0.0
RG1 7SZ,SEPD,LV,1,TK5714,54,2026-06-20T15:25:55Z,2026-06-20T15:25:55Z,0.0
RG10 9UR,SEPD,LV,1,TK3334,12,2026-06-18T17:36:33Z,2026-06-18T17:36:33Z,0.0
RG10 9UU,SEPD,LV,1,TK3334,12,2026-06-18T17:36:33Z,2026-06-18T17:36:33Z,0.0
RG10 9XT,SEPD,LV,1,TK3334,12,2026-06-18T17:36:33Z,2026-06-18T17:36:33Z,0.0
RG10 9XU,SEPD,LV,1,TK3334,12,2026-06-18T17:36:33Z,2026-06-18T17:36:33Z,0.0
RG10 9XX,SEPD,LV,1,TK3334,12,2026-06-18T17:36:33Z,2026-06-18T17:36:33Z,0.0
RG10 9YD,SEPD,HV,1,TK5861,43,2026-06-20T22:49:17Z,2026-06-20T22:49:17Z,0.0
RG10 9YE,SEPD,HV,1,TK5861,43,2026-06-20T22:49:17Z,2026-06-20T22:49:17Z,0.0
RG10 9YG,SEPD,HV,1,TK5861,43,2026-06-20T22:49:17Z,2026-06-20T22:49:17Z,0.0
RG10 9YH,SEPD,HV,1,TK5861,43,2026-06-20T22:49:17Z,2026-06-20T22:49:17Z,0.0
RG10 9YL,SEPD,HV,1,TK5861,43,2026-06-20T22:49:17Z,2026-06-20T22:49:17Z,0.0
RG12 1BX,SEPD,LV,1,TK5516,3,2026-06-20T11:52:35Z,2026-06-20T11:52:35Z,0.0
RG12 1FB,SEPD,LV,1,TK5516,3,2026-06-20T11:52:35Z,2026-06-20T11:52:35Z,0.0
RG12 1JS,SEPD,LV,1,TK5516,3,2026-06-20T11:52:35Z,2026-06-20T11:52:35Z,0.0
RG12 1NS,SEPD,LV,1,TK5516,3,2026-06-20T11:52:35Z,2026-06-20T11:52:35Z,0.0
RG12 1NU,SEPD,LV,1,TK5516,3,2026-06-20T11:52:35Z,2026-06-20T11:52:35Z,0.0
RG12 1QN,SEPD,LV,1,TK5516,3,2026-06-20T11:52:35Z,2026-06-20T11:52:35Z,0.0
RG12 1RL,SEPD,LV,1,TK5719,3,2026-06-20T17:05:56Z,2026-06-20T17:05:56Z,0.0
RG12 1YQ,SEPD,LV,1,TK5516,3,2026-06-20T11:52:35Z,2026-06-20T11:52:35Z,0.0
RG14 5DP,SEPD,LV,1,TK2936,14,2026-06-18T14:16:29Z,2026-06-18T14:16:29Z,0.0
RG14 5DT,SEPD,LV,1,TK2936,14,2026-06-18T14:16:29Z,2026-06-18T14:16:29Z,0.0
RG14 5DY,SEPD,LV,1,TK2936,14,2026-06-18T14:16:29Z,2026-06-18T14:16:29Z,0.0
RG14 5EE,SEPD,LV,1,TK2936,14,2026-06-18T14:16:29Z,2026-06-18T14:16:29Z,0.0
RG14 5HE,SEPD,LV,1,TK2936,14,2026-06-18T14:16:29Z,2026-06-18T14:16:29Z,0.0
RG14 5LL,SEPD,LV,1,TK2936,14,2026-06-18T14:16:29Z,2026-06-18T14:16:29Z,0.0
RG17 0PL,SEPD,PSI,1,251615,60,2026-06-19T10:03:19Z,2026-06-19T10:03:19Z,0.0
RG17 0PZ,SEPD,PSI,1,251615,60,2026-06-19T10:03:19Z,2026-06-19T10:03:19Z,0.0
RG17 0QD,SEPD,PSI,1,251615,60,2026-06-19T10:03:19Z,2026-06-19T10:03:19Z,0.0
RG17 0RD,SEPD,HV,1,TK2664,376,2026-06-18T10:56:41Z,2026-06-18T10:56:41Z,0.0
RG17 0RN,SEPD,HV,1,TK2664,376,2026-06-18T10:56:41Z,2026-06-18T10:56:41Z,0.0
RG17 0RP,SEPD,HV,1,TK2664,376,2026-06-18T10:56:41Z,2026-06-18T10:56:41Z,0.0
RG17 0RW,SEPD,HV,1,TK2664,376,2026-06-18T10:56:41Z,2026-06-18T10:56:41Z,0.0
RG17 0TA,SEPD,PSI,1,251615,60,2026-06-19T10:03:19Z,2026-06-19T10:03:19Z,0.0
RG17 9DU,SEPD,HV,1,TK2664,376,2026-06-18T10:56:41Z,2026-06-18T10:56:41Z,0.0
RG17 9QR,SEPD,PSI,1,251976,34,2026-06-18T10:56:41Z,2026-06-18T10:56:41Z,0.0
RG2 8TU,SEPD,LV,1,TK1720,22,2026-06-17T21:31:48Z,2026-06-17T21:31:48Z,0.0
RG2 8TX,SEPD,LV,1,TK1720,22,2026-06-17T21:31:48Z,2026-06-17T21:31:48Z,0.0
RG20 0AQ,SEPD,PSI,1,251976,34,2026-06-18T10:56:41Z,2026-06-18T10:56:41Z,0.0
RG20 0AY,SEPD,PSI,1,251831,17,2026-06-16T12:32:38Z,2026-06-16T12:32:38Z,0.0
RG20 0BH,SEPD,PSI,1,251831,17,2026-06-16T12:32:38Z,2026-06-16T12:32:38Z,0.0
RG20 0BJ,SEPD,PSI,1,251831,17,2026-06-16T12:32:38Z,2026-06-16T12:32:38Z,0.0
RG20 0BN,SEPD,PSI,1,251831,17,2026-06-16T12:32:38Z,2026-06-16T12:32:38Z,0.0
RG20 0BP,SEPD,PSI,1,251976,34,2026-06-18T10:56:41Z,2026-06-18T10:56:41Z,0.0
RG20 0BS,SEPD,PSI,1,251976,34,2026-06-18T10:56:41Z,2026-06-18T10:56:41Z,0.0
RG20 0BU,SEPD,PSI,1,251831,17,2026-06-16T12:32:38Z,2026-06-16T12:32:38Z,0.0
RG20 0BW,SEPD,PSI,1,251976,34,2026-06-18T10:56:41Z,2026-06-18T10:56:41Z,0.0
RG20 7HZ,SEPD,LV,1,TK1762,20,2026-06-17T13:54:46Z,2026-06-17T13:54:46Z,0.0
RG20 7LA,SEPD,LV,1,TK1762,20,2026-06-17T13:54:46Z,2026-06-17T13:54:46Z,0.0
RG20 7LE,SEPD,LV,1,TK1762,20,2026-06-17T13:54:46Z,2026-06-17T13:54:46Z,0.0
RG20 7LF,SEPD,LV,1,TJ9708,18,2026-06-17T13:54:46Z,2026-06-17T13:54:46Z,0.0
RG20 7LG,SEPD,LV,1,TJ9708,18,2026-06-17T13:54:46Z,2026-06-17T13:54:46Z,0.0
RG20 7LH,SEPD,LV,1,TJ9708,18,2026-06-17T13:54:46Z,2026-06-17T13:54:46Z,0.0
RG20 7LJ,SEPD,LV,1,TJ9708,18,2026-06-17T13:54:46Z,2026-06-17T13:54:46Z,0.0
RG20 7LL,SEPD,LV,1,TJ9708,18,2026-06-17T13:54:46Z,2026-06-17T13:54:46Z,0.0
RG20 7LN,SEPD,LV,1,TJ9708,18,2026-06-17T13:54:46Z,2026-06-17T13:54:46Z,0.0
RG20 7LQ,SEPD,LV,1,TJ9708,18,2026-06-17T13:54:46Z,2026-06-17T13:54:46Z,0.0
RG20 7LR,SEPD,LV,1,TK1762,20,2026-06-17T13:54:46Z,2026-06-17T13:54:46Z,0.0
RG20 7LU,SEPD,LV,1,TK1762,20,2026-06-17T13:54:46Z,2026-06-17T13:54:46Z,0.0
RG20 7LW,SEPD,LV,1,TK1762,20,2026-06-17T13:54:46Z,2026-06-17T13:54:46Z,0.0
RG22 5JF,SEPD,LV,1,TJ9653,15,2026-06-16T12:32:38Z,2026-06-16T12:32:38Z,0.0
RG22 5LB,SEPD,LV,1,TJ9653,15,2026-06-16T12:32:38Z,2026-06-16T12:32:38Z,0.0
RG22 5LF,SEPD,LV,1,TJ9653,15,2026-06-16T12:32:38Z,2026-06-16T12:32:38Z,0.0
RG22 5LR,SEPD,LV,1,TJ9653,15,2026-06-16T12:32:38Z,2026-06-16T12:32:38Z,0.0
RG22 5NA,SEPD,LV,1,TJ9653,15,2026-06-16T12:32:38Z,2026-06-16T12:32:38Z,0.0
RG24 8RW,SEPD,LV,1,TK3706,17,2026-06-19T10:03:19Z,2026-06-19T10:03:19Z,0.0
RG26 5ST,SEPD,PSI,1,251828,23,2026-06-18T10:56:41Z,2026-06-18T10:56:41Z,0.0
RG26 5SU,SEPD,PSI,1,251828,23,2026-06-18T10:56:41Z,2026-06-18T10:56:41Z,0.0
RG26 5SX,SEPD,PSI,1,251828,23,2026-06-18T10:56:41Z,2026-06-18T10:56:41Z,0.0
RG27 8HX,SEPD,PSI,1,251787,12,2026-06-18T10:56:41Z,2026-06-18T10:56:41Z,0.0
RG27 8HZ,SEPD,PSI,1,251787,12,2026-06-18T10:56:41Z,2026-06-18T10:56:41Z,0.0
RG27 9DF,SEPD,LV,1,TJ8060,11,2026-06-15T02:09:17Z,2026-06-15T02:09:17Z,0.0
RG27 9GR,SEPD,PSI,1,251787,12,2026-06-18T10:56:41Z,2026-06-18T10:56:41Z,0.0
RG27 9HG,SEPD,LV,1,TJ8060,11,2026-06-15T02:09:17Z,2026-06-15T02:09:17Z,0.0
RG27 9HQ,SEPD,LV,1,TJ8060,11,2026-06-15T02:09:17Z,2026-06-15T02:09:17Z,0.0
RG27 9QE,SEPD,LV,1,TJ8060,11,2026-06-15T02:09:17Z,2026-06-15T02:09:17Z,0.0
RG30,SEPD,PSI,1,251312,33,2026-06-15T13:39:15Z,2026-06-15T13:39:15Z,0.0
RG30 2HJ,SEPD,LV,1,TJ6743,25,2026-06-18T10:56:41Z,2026-06-18T10:56:41Z,0.0
RG30 2HL,SEPD,LV,1,TJ6743,25,2026-06-18T10:56:41Z,2026-06-18T10:56:41Z,0.0
RG30 2HN,SEPD,LV,1,TJ6743,25,2026-06-18T10:56:41Z,2026-06-18T10:56:41Z,0.0
RG30 3ED,SEPD,PSI,1,251306,114,2026-06-16T12:32:38Z,2026-06-16T12:32:38Z,0.0
RG30 3JH,SEPD,PSI,1,251306,114,2026-06-16T12:32:38Z,2026-06-16T12:32:38Z,0.0
RG30 3RB,SEPD,PSI,1,251306,114,2026-06-16T12:32:38Z,2026-06-16T12:32:38Z,0.0
RG30 3RD,SEPD,PSI,1,251306,114,2026-06-16T12:32:38Z,2026-06-16T12:32:38Z,0.0
RG30 3RE,SEPD,PSI,1,251306,114,2026-06-16T12:32:38Z,2026-06-16T12:32:38Z,0.0
RG30 3SS,SEPD,PSI,1,251306,114,2026-06-16T12:32:38Z,2026-06-16T12:32:38Z,0.0
RG30 3ST,SEPD,PSI,1,251306,114,2026-06-16T12:32:38Z,2026-06-16T12:32:38Z,0.0
RG30 3SU,SEPD,PSI,1,251306,114,2026-06-16T12:32:38Z,2026-06-16T12:32:38Z,0.0
RG30 3UG,SEPD,PSI,1,251312,33,2026-06-15T13:39:15Z,2026-06-15T13:39:15Z,0.0
RG30 3UH,SEPD,PSI,1,251312,33,2026-06-15T13:39:15Z,2026-06-15T13:39:15Z,0.0
RG30 3UJ,SEPD,PSI,1,251312,33,2026-06-15T13:39:15Z,2026-06-15T13:39:15Z,0.0
RG30 3UL,SEPD,PSI,1,251312,33,2026-06-15T13:39:15Z,2026-06-15T13:39:15Z,0.0
RG30 3XA,SEPD,PSI,1,251312,33,2026-06-15T13:39:15Z,2026-06-15T13:39:15Z,0.0
RG30 3XB,SEPD,PSI,1,251312,33,2026-06-15T13:39:15Z,2026-06-15T13:39:15Z,0.0
RG30 3XH,SEPD,PSI,1,251306,114,2026-06-16T12:32:38Z,2026-06-16T12:32:38Z,0.0
RG30 3XJ,SEPD,PSI,1,251306,114,2026-06-16T12:32:38Z,2026-06-16T12:32:38Z,0.0
RG30 3XL,SEPD,PSI,1,251306,114,2026-06-16T12:32:38Z,2026-06-16T12:32:38Z,0.0
RG30 3XN,SEPD,PSI,1,251306,114,2026-06-16T12:32:38Z,2026-06-16T12:32:38Z,0.0
RG30 3XP,SEPD,PSI,1,251306,114,2026-06-16T12:32:38Z,2026-06-16T12:32:38Z,0.0
RG30 3XT,SEPD,PSI,1,251306,114,2026-06-16T12:32:38Z,2026-06-16T12:32:38Z,0.0
RG30 4AD,SEPD,LV,1,TK4300,24,2026-06-19T16:25:07Z,2026-06-19T16:25:07Z,0.0
RG30 4AR,SEPD,LV,1,TK4300,24,2026-06-19T16:25:07Z,2026-06-19T16:25:07Z,0.0
RG30 4AS,SEPD,LV,1,TK4300,24,2026-06-19T16:25:07Z,2026-06-19T16:25:07Z,0.0
RG30 4AU,SEPD,LV,1,TK4300,24,2026-06-19T16:25:07Z,2026-06-19T16:25:07Z,0.0
RG30 4EF,SEPD,LV,1,TK4300,24,2026-06-19T16:25:07Z,2026-06-19T16:25:07Z,0.0
RG30 4EU,SEPD,LV,1,TJ6743,25,2026-06-18T10:56:41Z,2026-06-18T10:56:41Z,0.0
RG30 4JE,SEPD,LV,1,TJ6743,25,2026-06-18T10:56:41Z,2026-06-18T10:56:41Z,0.0
RG30 4JF,SEPD,LV,1,TJ6743,25,2026-06-18T10:56:41Z,2026-06-18T10:56:41Z,0.0
RG30 4JG,SEPD,LV,1,TJ6743,25,2026-06-18T10:56:41Z,2026-06-18T10:56:41Z,0.0
RG30 4JH,SEPD,LV,1,TJ6743,25,2026-06-18T10:56:41Z,2026-06-18T10:56:41Z,0.0
RG30 4JJ,SEPD,LV,1,TJ6743,25,2026-06-18T10:56:41Z,2026-06-18T10:56:41Z,0.0
RG30 4JP,SEPD,LV,1,TJ6743,25,2026-06-18T10:56:41Z,2026-06-18T10:56:41Z,0.0
RG30 4JR,SEPD,LV,1,TJ6743,25,2026-06-18T10:56:41Z,2026-06-18T10:56:41Z,0.0
RG30 4PQ,SEPD,LV,1,TK4300,24,2026-06-19T16:25:07Z,2026-06-19T16:25:07Z,0.0
RG30 4QR,SEPD,LV,1,TJ6743,25,2026-06-18T10:56:41Z,2026-06-18T10:56:41Z,0.0
RG30 4QW,SEPD,LV,1,TJ6743,25,2026-06-18T10:56:41Z,2026-06-18T10:56:41Z,0.0
RG31 5LP,SEPD,LV,1,TJ9323,6,2026-06-15T23:20:13Z,2026-06-15T23:20:13Z,0.0
RG31 5LS,SEPD,LV,1,TJ9323,6,2026-06-15T23:20:13Z,2026-06-15T23:20:13Z,0.0
RG31 5LT,SEPD,LV,1,TJ9323,6,2026-06-15T23:20:13Z,2026-06-15T23:20:13Z,0.0
RG31 7RN,SEPD,LV,1,TJ6743,25,2026-06-18T10:56:41Z,2026-06-18T10:56:41Z,0.0
RG31 7RY,SEPD,LV,1,TJ6743,25,2026-06-18T10:56:41Z,2026-06-18T10:56:41Z,0.0
RG4 6PB,SEPD,LV,1,TK3550,10,2026-06-19T00:07:41Z,2026-06-19T00:07:41Z,0.0
RG4 6QD,SEPD,LV,1,TK3550,10,2026-06-19T00:07:41Z,2026-06-19T00:07:41Z,0.0
RG4 6QG,SEPD,LV,1,TK3550,10,2026-06-19T00:07:41Z,2026-06-19T00:07:41Z,0.0
RG4 6QH,SEPD,LV,1,TK3550,10,2026-06-19T00:07:41Z,2026-06-19T00:07:41Z,0.0
RG4 6QJ,SEPD,LV,1,TK3550,10,2026-06-19T00:07:41Z,2026-06-19T00:07:41Z,0.0
RG5 3AP,SEPD,LV,1,TK4839,43,2026-06-19T21:33:41Z,2026-06-19T21:33:41Z,0.0
RG5 3BA,SEPD,LV,1,TK4839,43,2026-06-19T21:33:41Z,2026-06-19T21:33:41Z,0.0
RG5 3BH,SEPD,LV,1,TK4839,43,2026-06-19T21:33:41Z,2026-06-19T21:33:41Z,0.0
RG5 3BJ,SEPD,LV,1,TK4839,43,2026-06-19T21:33:41Z,2026-06-19T21:33:41Z,0.0
RG5 3BL,SEPD,LV,1,TK4839,43,2026-06-19T21:33:41Z,2026-06-19T21:33:41Z,0.0
RG5 3BP,SEPD,LV,1,TK4839,43,2026-06-19T21:33:41Z,2026-06-19T21:33:41Z,0.0
RG5 3BQ,SEPD,LV,1,TK4839,43,2026-06-19T21:33:41Z,2026-06-19T21:33:41Z,0.0
RG5 3BU,SEPD,LV,1,TK4839,43,2026-06-19T21:33:41Z,2026-06-19T21:33:41Z,0.0
RG7,SEPD,PSI,1,251312,33,2026-06-15T13:39:15Z,2026-06-15T13:39:15Z,0.0
RG7 5UA,SEPD,PSI,1,252204,96,2026-06-17T10:02:27Z,2026-06-17T10:02:27Z,0.0
RG7 5UG,SEPD,PSI,1,252204,96,2026-06-17T10:02:27Z,2026-06-17T10:02:27Z,0.0
RG7 5UH,SEPD,PSI,1,252204,96,2026-06-17T10:02:27Z,2026-06-17T10:02:27Z,0.0
RG7 5UJ,SEPD,PSI,1,252204,96,2026-06-17T10:02:27Z,2026-06-17T10:02:27Z,0.0
RG7 5UL,SEPD,PSI,1,252204,96,2026-06-17T10:02:27Z,2026-06-17T10:02:27Z,0.0
RG7 5UN,SEPD,PSI,1,252204,96,2026-06-17T10:02:27Z,2026-06-17T10:02:27Z,0.0
RG7 5UP,SEPD,PSI,1,252204,96,2026-06-17T10:02:27Z,2026-06-17T10:02:27Z,0.0
RG7 5UQ,SEPD,PSI,1,252204,96,2026-06-17T10:02:27Z,2026-06-17T10:02:27Z,0.0
RG7 5UR,SEPD,PSI,1,252204,96,2026-06-17T10:02:27Z,2026-06-17T10:02:27Z,0.0
RG7 5UW,SEPD,PSI,1,252204,96,2026-06-17T10:02:27Z,2026-06-17T10:02:27Z,0.0
RG7 5UX,SEPD,PSI,1,252204,96,2026-06-17T10:02:27Z,2026-06-17T10:02:27Z,0.0
RG7 5XB,SEPD,PSI,1,252204,96,2026-06-17T10:02:27Z,2026-06-17T10:02:27Z,0.0
RG7 6AB,SEPD,PSI,1,252013,39,2026-06-15T13:39:15Z,2026-06-15T13:39:15Z,0.0
RG7 6AF,SEPD,PSI,1,252013,39,2026-06-15T13:39:15Z,2026-06-15T13:39:15Z,0.0
RG7 6AG,SEPD,PSI,1,252013,39,2026-06-15T13:39:15Z,2026-06-15T13:39:15Z,0.0
RG7 6AT,SEPD,PSI,1,252013,39,2026-06-15T13:39:15Z,2026-06-15T13:39:15Z,0.0
RG7 6AU,SEPD,PSI,1,252013,39,2026-06-15T13:39:15Z,2026-06-15T13:39:15Z,0.0
RG7 6AY,SEPD,PSI,1,252013,39,2026-06-15T13:39:15Z,2026-06-15T13:39:15Z,0.0
RG7 6BA,SEPD,PSI,1,252013,39,2026-06-15T13:39:15Z,2026-06-15T13:39:15Z,0.0
RG7 6JA,SEPD,PSI,1,252013,39,2026-06-15T13:39:15Z,2026-06-15T13:39:15Z,0.0
RG7 6JB,SEPD,PSI,1,252013,39,2026-06-15T13:39:15Z,2026-06-15T13:39:15Z,0.0
RG8 7JQ,SEPD,LV,1,TK2056,10,2026-06-17T19:33:14Z,2026-06-17T19:33:14Z,0.0
RG8 7LP,SEPD,LV,1,TK2056,10,2026-06-17T19:33:14Z,2026-06-17T19:33:14Z,0.0
RG8 7LY,SEPD,LV,1,TK2056,10,2026-06-17T19:33:14Z,2026-06-17T19:33:14Z,0.0
RG8 7QD,SEPD,PSI,1,251824,3,2026-06-16T12:32:38Z,2026-06-16T12:32:38Z,0.0
RH20 1ER,SEPD,PSI,1,250961,15,2026-06-16T12:32:38Z,2026-06-16T12:32:38Z,0.0
RH20 1EW,SEPD,PSI,1,250961,15,2026-06-16T12:32:38Z,2026-06-16T12:32:38Z,0.0
SL0 0LS,SEPD,PSI,1,251740,10,2026-06-15T13:39:15Z,2026-06-15T13:39:15Z,0.0
SL0 0LT,SEPD,PSI,1,251740,10,2026-06-15T13:39:15Z,2026-06-15T13:39:15Z,0.0
SL0 9HF,SEPD,LV,1,TJ9169,7,2026-06-15T18:16:33Z,2026-06-15T18:16:33Z,0.0
SL0 9JY,SEPD,LV,1,TJ9169,7,2026-06-15T18:16:33Z,2026-06-15T18:16:33Z,0.0
SL0 9LA,SEPD,LV,1,TJ9169,7,2026-06-15T18:16:33Z,2026-06-15T18:16:33Z,0.0
SL0 9LE,SEPD,LV,1,TJ9169,7,2026-06-15T18:16:33Z,2026-06-15T18:16:33Z,0.0
SL0 9LL,SEPD,HV,1,TK3721,26,2026-06-19T10:03:19Z,2026-06-19T10:03:19Z,0.0
SL0 9ND,SEPD,LV,1,TJ9169,7,2026-06-15T18:16:33Z,2026-06-15T18:16:33Z,0.0
SL0 9NG,SEPD,LV,1,TJ9169,7,2026-06-15T18:16:33Z,2026-06-15T18:16:33Z,0.0
SL1 2BA,SEPD,LV,1,TK4512,6,2026-06-19T16:25:07Z,2026-06-19T16:25:07Z,0.0
SL1 2TY,SEPD,LV,1,TK5830,18,2026-06-20T21:39:37Z,2026-06-20T21:39:37Z,0.0
SL1 2TZ,SEPD,LV,1,TK5830,18,2026-06-20T21:39:37Z,2026-06-20T21:39:37Z,0.0
SL1 2UA,SEPD,LV,1,TK5830,18,2026-06-20T21:39:37Z,2026-06-20T21:39:37Z,0.0
SL1 2YA,SEPD,LV,1,TK5830,18,2026-06-20T21:39:37Z,2026-06-20T21:39:37Z,0.0
SL1 2YG,SEPD,LV,1,TK2305,9,2026-06-18T01:40:26Z,2026-06-18T01:40:26Z,0.0
SL3 0LL,SEPD,HV,1,TK4755,288,2026-06-20T11:52:35Z,2026-06-20T11:52:35Z,0.0
SL3 0LN,SEPD,HV,1,TK4755,288,2026-06-20T11:52:35Z,2026-06-20T11:52:35Z,0.0
SL3 0LP,SEPD,HV,1,TK4755,288,2026-06-20T11:52:35Z,2026-06-20T11:52:35Z,0.0
SL3 0LQ,SEPD,HV,1,TK4755,288,2026-06-20T11:52:35Z,2026-06-20T11:52:35Z,0.0
SL3 0LR,SEPD,HV,1,TK4755,288,2026-06-20T11:52:35Z,2026-06-20T11:52:35Z,0.0
SL3 0LW,SEPD,HV,1,TK4755,288,2026-06-20T11:52:35Z,2026-06-20T11:52:35Z,0.0
SL3 0NL,SEPD,HV,1,TK4755,288,2026-06-20T11:52:35Z,2026-06-20T11:52:35Z,0.0
SL3 9NT,SEPD,HV,1,TK4755,288,2026-06-20T11:52:35Z,2026-06-20T11:52:35Z,0.0
SL5 9TB,SEPD,LV,1,TK2136,12,2026-06-17T21:31:48Z,2026-06-17T21:31:48Z,0.0
SL5 9TD,SEPD,LV,1,TK2136,12,2026-06-17T21:31:48Z,2026-06-17T21:31:48Z,0.0
SL8 5DH,SEPD,LV,1,TK4167,17,2026-06-19T13:47:21Z,2026-06-19T13:47:21Z,0.0
SL8 5DJ,SEPD,LV,1,TK4167,17,2026-06-19T13:47:21Z,2026-06-19T13:47:21Z,0.0
SL8 5DL,SEPD,LV,1,TK4167,17,2026-06-19T13:47:21Z,2026-06-19T13:47:21Z,0.0
SL8 5QA,SEPD,LV,1,TK4167,17,2026-06-19T13:47:21Z,2026-06-19T13:47:21Z,0.0
SL8 5QF,SEPD,LV,1,TK4167,17,2026-06-19T13:47:21Z,2026-06-19T13:47:21Z,0.0
SL8 5QG,SEPD,LV,1,TK4167,17,2026-06-19T13:47:21Z,2026-06-19T13:47:21Z,0.0
SL8 5RW,SEPD,LV,1,TK4167,17,2026-06-19T13:47:21Z,2026-06-19T13:47:21Z,0.0
SN1 3BH,SEPD,LV,1,TK3125,29,2026-06-18T14:16:29Z,2026-06-18T14:16:29Z,0.0
SN1 3BU,SEPD,LV,1,TK3125,29,2026-06-18T14:16:29Z,2026-06-18T14:16:29Z,0.0
SN1 3DB,SEPD,LV,1,TK3125,29,2026-06-18T14:16:29Z,2026-06-18T14:16:29Z,0.0
SN1 3ET,SEPD,LV,1,TK3125,29,2026-06-18T14:16:29Z,2026-06-18T14:16:29Z,0.0
SN1 3LE,SEPD,LV,1,TK3125,29,2026-06-18T14:16:29Z,2026-06-18T14:16:29Z,0.0
SN1 3LH,SEPD,LV,1,TK3125,29,2026-06-18T14:16:29Z,2026-06-18T14:16:29Z,0.0
SN1 3LJ,SEPD,LV,1,TK3125,29,2026-06-18T14:16:29Z,2026-06-18T14:16:29Z,0.0
SN10 1RT,SEPD,PSI,1,251778,81,2026-06-18T10:56:41Z,2026-06-18T10:56:41Z,0.0
SN10 1RU,SEPD,PSI,1,251778,81,2026-06-18T10:56:41Z,2026-06-18T10:56:41Z,0.0
SN10 1RX,SEPD,PSI,1,251778,81,2026-06-18T10:56:41Z,2026-06-18T10:56:41Z,0.0
SN10 1RY,SEPD,PSI,1,251778,81,2026-06-18T10:56:41Z,2026-06-18T10:56:41Z,0.0
SN10 1RZ,SEPD,PSI,1,251778,81,2026-06-18T10:56:41Z,2026-06-18T10:56:41Z,0.0
SN10 1SA,SEPD,PSI,1,251778,81,2026-06-18T10:56:41Z,2026-06-18T10:56:41Z,0.0
SN10 1SB,SEPD,PSI,1,251778,81,2026-06-18T10:56:41Z,2026-06-18T10:56:41Z,0.0
SN10 1SD,SEPD,PSI,1,251778,81,2026-06-18T10:56:41Z,2026-06-18T10:56:41Z,0.0
SN10 3LU,SEPD,PSI,1,251495,3,2026-06-15T13:39:15Z,2026-06-15T13:39:15Z,0.0
SN10 3LW,SEPD,PSI,1,251495,3,2026-06-15T13:39:15Z,2026-06-15T13:39:15Z,0.0
SN11 0AT,SEPD,LV,1,TK4044,41,2026-06-19T10:03:19Z,2026-06-19T10:03:19Z,0.0
SN11 0LF,SEPD,LV,1,TK4044,41,2026-06-19T10:03:19Z,2026-06-19T10:03:19Z,0.0
SN11 0QX,SEPD,LV,1,TK4044,41,2026-06-19T10:03:19Z,2026-06-19T10:03:19Z,0.0
SN11 8DA,SEPD,LV,1,TK4044,41,2026-06-19T10:03:19Z,2026-06-19T10:03:19Z,0.0
SN11 8JA,SEPD,PSI,1,252587,67,2026-06-19T10:03:19Z,2026-06-19T10:03:19Z,0.0
SN11 8JL,SEPD,LV,1,TK4044,41,2026-06-19T10:03:19Z,2026-06-19T10:03:19Z,0.0
SN11 8JP,SEPD,LV,1,TK4044,41,2026-06-19T10:03:19Z,2026-06-19T10:03:19Z,0.0
SN11 8JR,SEPD,LV,1,TK4044,41,2026-06-19T10:03:19Z,2026-06-19T10:03:19Z,0.0
SN11 8JS,SEPD,LV,1,TK4044,41,2026-06-19T10:03:19Z,2026-06-19T10:03:19Z,0.0
SN11 8JT,SEPD,LV,1,TK4044,41,2026-06-19T10:03:19Z,2026-06-19T10:03:19Z,0.0
SN11 8JU,SEPD,LV,1,TK4044,41,2026-06-19T10:03:19Z,2026-06-19T10:03:19Z,0.0
SN11 8JX,SEPD,LV,1,TK4044,41,2026-06-19T10:03:19Z,2026-06-19T10:03:19Z,0.0
SN11 8JY,SEPD,LV,1,TK4044,41,2026-06-19T10:03:19Z,2026-06-19T10:03:19Z,0.0
SN11 8PR,SEPD,PSI,1,252587,67,2026-06-19T10:03:19Z,2026-06-19T10:03:19Z,0.0
SN11 8TX,SEPD,LV,1,TK4044,41,2026-06-19T10:03:19Z,2026-06-19T10:03:19Z,0.0
SN11 8UA,SEPD,LV,1,TK4044,41,2026-06-19T10:03:19Z,2026-06-19T10:03:19Z,0.0
SN11 8UQ,SEPD,PSI,1,252587,67,2026-06-19T10:03:19Z,2026-06-19T10:03:19Z,0.0
SN12 7NP,SEPD,LV,1,TK5419,22,2026-06-20T09:52:43Z,2026-06-20T09:52:43Z,0.0
SN12 7NS,SEPD,LV,1,TK5419,22,2026-06-20T09:52:43Z,2026-06-20T09:52:43Z,0.0
SN12 7PE,SEPD,LV,1,TK5419,22,2026-06-20T09:52:43Z,2026-06-20T09:52:43Z,0.0
SN12 7PH,SEPD,LV,1,TK5419,22,2026-06-20T09:52:43Z,2026-06-20T09:52:43Z,0.0
SN12 7PW,SEPD,LV,1,TK5419,22,2026-06-20T09:52:43Z,2026-06-20T09:52:43Z,0.0
SN16 9DR,SEPD,HV,1,TK2284,71,2026-06-17T23:05:25Z,2026-06-17T23:05:25Z,0.0
SN16 9DW,SEPD,HV,1,TK2284,71,2026-06-17T23:05:25Z,2026-06-17T23:05:25Z,0.0
SN16 9DY,SEPD,HV,1,TK2284,71,2026-06-17T23:05:25Z,2026-06-17T23:05:25Z,0.0
SN16 9DZ,SEPD,HV,1,TK2284,71,2026-06-17T23:05:25Z,2026-06-17T23:05:25Z,0.0
SN16 9LH,SEPD,HV,1,TK2284,71,2026-06-17T23:05:25Z,2026-06-17T23:05:25Z,0.0
SN16 9LQ,SEPD,HV,1,TK2284,71,2026-06-17T23:05:25Z,2026-06-17T23:05:25Z,0.0
SN16 9NJ,SEPD,HV,1,TK2284,71,2026-06-17T23:05:25Z,2026-06-17T23:05:25Z,0.0
SN16 9NW,SEPD,HV,1,TK2284,71,2026-06-17T23:05:25Z,2026-06-17T23:05:25Z,0.0
SN25 3AE,SEPD,LV,1,TJ7936,14,2026-06-14T13:10:01Z,2026-06-14T13:10:01Z,0.0
SN25 3BJ,SEPD,LV,1,TJ7936,14,2026-06-14T13:10:01Z,2026-06-14T13:10:01Z,0.0
SN25 3BL,SEPD,LV,1,TJ7936,14,2026-06-14T13:10:01Z,2026-06-14T13:10:01Z,0.0
SN25 3ZE,SEPD,LV,1,TJ7936,14,2026-06-14T13:10:01Z,2026-06-14T13:10:01Z,0.0
SN26 7BJ,SEPD,PSI,1,252482,16,2026-06-17T10:02:27Z,2026-06-17T10:02:27Z,0.0
SN26 8DF,SEPD,PSI,1,252482,16,2026-06-17T10:02:27Z,2026-06-17T10:02:27Z,0.0
SN3 4JZ,SEPD,LV,1,TJ9464,43,2026-06-16T12:32:38Z,2026-06-16T12:32:38Z,0.0
SN3 4LT,SEPD,LV,1,TJ9464,43,2026-06-16T12:32:38Z,2026-06-16T12:32:38Z,0.0
SN3 4LU,SEPD,LV,1,TJ9464,43,2026-06-16T12:32:38Z,2026-06-16T12:32:38Z,0.0
SN3 4LW,SEPD,LV,1,TJ9464,43,2026-06-16T12:32:38Z,2026-06-16T12:32:38Z,0.0
SN3 4LX,SEPD,LV,1,TJ9464,43,2026-06-16T12:32:38Z,2026-06-16T12:32:38Z,0.0
SN3 4LY,SEPD,LV,1,TJ9464,43,2026-06-16T12:32:38Z,2026-06-16T12:32:38Z,0.0
SN3 4LZ,SEPD,LV,1,TJ9464,43,2026-06-16T12:32:38Z,2026-06-16T12:32:38Z,0.0
SN3 4NP,SEPD,LV,1,TJ9464,43,2026-06-16T12:32:38Z,2026-06-16T12:32:38Z,0.0
SN3 5DP,SEPD,LV,1,TK4946,27,2026-06-20T01:56:34Z,2026-06-20T01:56:34Z,0.0
SN3 5DU,SEPD,LV,1,TK4946,27,2026-06-20T01:56:34Z,2026-06-20T01:56:34Z,0.0
SN3 5DX,SEPD,LV,1,TK4946,27,2026-06-20T01:56:34Z,2026-06-20T01:56:34Z,0.0
SN3 5DZ,SEPD,LV,1,TK4946,27,2026-06-20T01:56:34Z,2026-06-20T01:56:34Z,0.0
SN3 5EA,SEPD,LV,1,TK4946,27,2026-06-20T01:56:34Z,2026-06-20T01:56:34Z,0.0
SN3 5EU,SEPD,LV,1,TK4946,27,2026-06-20T01:56:34Z,2026-06-20T01:56:34Z,0.0
SN4 0AN,SEPD,LV,1,TK3609,15,2026-06-19T00:07:41Z,2026-06-19T00:07:41Z,0.0
SN4 0AW,SEPD,LV,1,TK3609,15,2026-06-19T00:07:41Z,2026-06-19T00:07:41Z,0.0
SN4 0AZ,SEPD,LV,1,TK3609,15,2026-06-19T00:07:41Z,2026-06-19T00:07:41Z,0.0
SN4 0BH,SEPD,LV,1,TK3609,15,2026-06-19T00:07:41Z,2026-06-19T00:07:41Z,0.0
SN4 0BJ,SEPD,LV,1,TK3609,15,2026-06-19T00:07:41Z,2026-06-19T00:07:41Z,0.0
SN4 0BL,SEPD,LV,1,TK3609,15,2026-06-19T00:07:41Z,2026-06-19T00:07:41Z,0.0
SN4 0BN,SEPD,LV,1,TK3609,15,2026-06-19T00:07:41Z,2026-06-19T00:07:41Z,0.0
SN4 0BW,SEPD,LV,1,TK3609,15,2026-06-19T00:07:41Z,2026-06-19T00:07:41Z,0.0
SN7 8PN,SEPD,HV,1,TJ8779,6,2026-06-15T13:39:15Z,2026-06-15T13:39:15Z,0.0
SN8 3FF,SEPD,HV,1,TK2664,376,2026-06-18T10:56:41Z,2026-06-18T10:56:41Z,0.0
SN8 3FY,SEPD,HV,1,TK2664,376,2026-06-18T10:56:41Z,2026-06-18T10:56:41Z,0.0
SN8 3JA,SEPD,HV,1,TK2664,376,2026-06-18T10:56:41Z,2026-06-18T10:56:41Z,0.0
SN8 3PS,SEPD,HV,1,TK2664,376,2026-06-18T10:56:41Z,2026-06-18T10:56:41Z,0.0
SN8 3PT,SEPD,HV,1,TK2664,376,2026-06-18T10:56:41Z,2026-06-18T10:56:41Z,0.0
SN8 3PU,SEPD,HV,1,TK2664,376,2026-06-18T10:56:41Z,2026-06-18T10:56:41Z,0.0
SN8 3PX,SEPD,HV,1,TK2664,376,2026-06-18T10:56:41Z,2026-06-18T10:56:41Z,0.0
SN8 3PY,SEPD,HV,1,TK2664,376,2026-06-18T10:56:41Z,2026-06-18T10:56:41Z,0.0
SN8 3PZ,SEPD,HV,1,TK2664,376,2026-06-18T10:56:41Z,2026-06-18T10:56:41Z,0.0
SN8 3QA,SEPD,HV,1,TK2664,376,2026-06-18T10:56:41Z,2026-06-18T10:56:41Z,0.0
SN8 3QB,SEPD,HV,1,TK2664,376,2026-06-18T10:56:41Z,2026-06-18T10:56:41Z,0.0
SN8 3QD,SEPD,HV,1,TK2664,376,2026-06-18T10:56:41Z,2026-06-18T10:56:41Z,0.0
SN8 3QE,SEPD,HV,1,TK2664,376,2026-06-18T10:56:41Z,2026-06-18T10:56:41Z,0.0
SN8 3QF,SEPD,HV,1,TK2664,376,2026-06-18T10:56:41Z,2026-06-18T10:56:41Z,0.0
SN8 3QG,SEPD,HV,1,TK2664,376,2026-06-18T10:56:41Z,2026-06-18T10:56:41Z,0.0
SN8 3QH,SEPD,HV,1,TK2664,376,2026-06-18T10:56:41Z,2026-06-18T10:56:41Z,0.0
SN8 3QJ,SEPD,HV,1,TK2664,376,2026-06-18T10:56:41Z,2026-06-18T10:56:41Z,0.0
SN8 3QL,SEPD,HV,1,TK2664,376,2026-06-18T10:56:41Z,2026-06-18T10:56:41Z,0.0
SN8 3QN,SEPD,HV,1,TK2664,376,2026-06-18T10:56:41Z,2026-06-18T10:56:41Z,0.0
SN8 3QP,SEPD,HV,1,TK2664,376,2026-06-18T10:56:41Z,2026-06-18T10:56:41Z,0.0
SN8 3QQ,SEPD,HV,1,TK2664,376,2026-06-18T10:56:41Z,2026-06-18T10:56:41Z,0.0
SN8 3QR,SEPD,HV,1,TK2664,376,2026-06-18T10:56:41Z,2026-06-18T10:56:41Z,0.0
SN8 3QS,SEPD,HV,1,TK2664,376,2026-06-18T10:56:41Z,2026-06-18T10:56:41Z,0.0
SN8 3QT,SEPD,HV,1,TK2664,376,2026-06-18T10:56:41Z,2026-06-18T10:56:41Z,0.0
SN8 3QU,SEPD,HV,1,TK2664,376,2026-06-18T10:56:41Z,2026-06-18T10:56:41Z,0.0
SN8 3QW,SEPD,HV,1,TK2664,376,2026-06-18T10:56:41Z,2026-06-18T10:56:41Z,0.0
SN8 3QX,SEPD,HV,1,TK2664,376,2026-06-18T10:56:41Z,2026-06-18T10:56:41Z,0.0
SN8 3QY,SEPD,HV,1,TK2664,376,2026-06-18T10:56:41Z,2026-06-18T10:56:41Z,0.0
SN8 3QZ,SEPD,HV,1,TK2664,376,2026-06-18T10:56:41Z,2026-06-18T10:56:41Z,0.0
SN8 3RA,SEPD,HV,1,TK2664,376,2026-06-18T10:56:41Z,2026-06-18T10:56:41Z,0.0
SN8 3RB,SEPD,HV,1,TK2664,376,2026-06-18T10:56:41Z,2026-06-18T10:56:41Z,0.0
SN8 3RD,SEPD,HV,1,TK2664,376,2026-06-18T10:56:41Z,2026-06-18T10:56:41Z,0.0
SN8 3RE,SEPD,HV,1,TK2664,376,2026-06-18T10:56:41Z,2026-06-18T10:56:41Z,0.0
SN8 3RF,SEPD,HV,1,TK2664,376,2026-06-18T10:56:41Z,2026-06-18T10:56:41Z,0.0
SN8 3RG,SEPD,HV,1,TK2664,376,2026-06-18T10:56:41Z,2026-06-18T10:56:41Z,0.0
SN8 3RH,SEPD,HV,1,TK2664,376,2026-06-18T10:56:41Z,2026-06-18T10:56:41Z,0.0
SN8 3RJ,SEPD,HV,1,TK2664,376,2026-06-18T10:56:41Z,2026-06-18T10:56:41Z,0.0
SN8 3RL,SEPD,HV,1,TK2664,376,2026-06-18T10:56:41Z,2026-06-18T10:56:41Z,0.0
SN8 3RN,SEPD,HV,1,TK2664,376,2026-06-18T10:56:41Z,2026-06-18T10:56:41Z,0.0
SN8 3RQ,SEPD,HV,1,TK2664,376,2026-06-18T10:56:41Z,2026-06-18T10:56:41Z,0.0
SN8 3RR,SEPD,HV,1,TK2664,376,2026-06-18T10:56:41Z,2026-06-18T10:56:41Z,0.0
SN8 3TH,SEPD,PSI,1,251938,45,2026-06-16T12:32:38Z,2026-06-16T12:32:38Z,0.0
SN8 3TJ,SEPD,PSI,1,251938,45,2026-06-16T12:32:38Z,2026-06-16T12:32:38Z,0.0
SN8 3TL,SEPD,PSI,1,251938,45,2026-06-16T12:32:38Z,2026-06-16T12:32:38Z,0.0
SN8 3XA,SEPD,HV,1,TK2664,376,2026-06-18T10:56:41Z,2026-06-18T10:56:41Z,0.0
SO14 0AH,SEPD,LV,1,TK0810,60,2026-06-17T00:01:43Z,2026-06-17T00:01:43Z,0.0
SO14 0AP,SEPD,LV,1,TK0810,60,2026-06-17T00:01:43Z,2026-06-17T00:01:43Z,0.0
SO14 0AQ,SEPD,LV,1,TK0810,60,2026-06-17T00:01:43Z,2026-06-17T00:01:43Z,0.0
SO14 0BH,SEPD,LV,1,TK0810,60,2026-06-17T00:01:43Z,2026-06-17T00:01:43Z,0.0
SO14 0BJ,SEPD,LV,1,TK0810,60,2026-06-17T00:01:43Z,2026-06-17T00:01:43Z,0.0
SO14 0BL,SEPD,LV,1,TK0810,60,2026-06-17T00:01:43Z,2026-06-17T00:01:43Z,0.0
SO14 0BN,SEPD,LV,1,TK0810,60,2026-06-17T00:01:43Z,2026-06-17T00:01:43Z,0.0
SO14 0BP,SEPD,LV,1,TK0810,60,2026-06-17T00:01:43Z,2026-06-17T00:01:43Z,0.0
SO15 2HL,SEPD,LV,1,TK1759,23,2026-06-17T13:54:46Z,2026-06-17T13:54:46Z,0.0
SO15 2HN,SEPD,LV,1,TK1759,23,2026-06-17T13:54:46Z,2026-06-17T13:54:46Z,0.0
SO15 2HQ,SEPD,LV,1,TK1759,23,2026-06-17T13:54:46Z,2026-06-17T13:54:46Z,0.0
SO15 2HR,SEPD,LV,1,TK1759,23,2026-06-17T13:54:46Z,2026-06-17T13:54:46Z,0.0
SO15 2HS,SEPD,LV,1,TK1759,23,2026-06-17T13:54:46Z,2026-06-17T13:54:46Z,0.0
SO19 7DE,SEPD,LV,1,TK5023,20,2026-06-20T09:52:43Z,2026-06-20T09:52:43Z,0.0
SO19 7DF,SEPD,LV,1,TK5023,20,2026-06-20T09:52:43Z,2026-06-20T09:52:43Z,0.0
SO19 7GA,SEPD,LV,1,TK5023,20,2026-06-20T09:52:43Z,2026-06-20T09:52:43Z,0.0
SO19 7RF,SEPD,LV,1,TK5023,20,2026-06-20T09:52:43Z,2026-06-20T09:52:43Z,0.0
SO22 6RY,SEPD,PSI,1,252552,21,2026-06-19T10:03:19Z,2026-06-19T10:03:19Z,0.0
SO22 6SB,SEPD,PSI,1,252552,21,2026-06-19T10:03:19Z,2026-06-19T10:03:19Z,0.0
SO23 0AD,SEPD,LV,1,TK2410,83,2026-06-18T06:28:43Z,2026-06-18T06:28:43Z,0.0
SO23 0AL,SEPD,LV,1,TK2410,83,2026-06-18T06:28:43Z,2026-06-18T06:28:43Z,0.0
SO23 0EJ,SEPD,LV,1,TK2410,83,2026-06-18T06:28:43Z,2026-06-18T06:28:43Z,0.0
SO23 0EL,SEPD,LV,1,TK2410,83,2026-06-18T06:28:43Z,2026-06-18T06:28:43Z,0.0
SO23 0EP,SEPD,LV,1,TK2410,83,2026-06-18T06:28:43Z,2026-06-18T06:28:43Z,0.0
SO23 0ER,SEPD,LV,1,TK2410,83,2026-06-18T06:28:43Z,2026-06-18T06:28:43Z,0.0
SO23 0EW,SEPD,LV,1,TK2410,83,2026-06-18T06:28:43Z,2026-06-18T06:28:43Z,0.0
SO23 0HF,SEPD,LV,1,TK2410,83,2026-06-18T06:28:43Z,2026-06-18T06:28:43Z,0.0
SO23 0HJ,SEPD,LV,1,TK2410,83,2026-06-18T06:28:43Z,2026-06-18T06:28:43Z,0.0
SO23 0HL,SEPD,LV,1,TK2410,83,2026-06-18T06:28:43Z,2026-06-18T06:28:43Z,0.0
SO23 0HN,SEPD,LV,1,TK2410,83,2026-06-18T06:28:43Z,2026-06-18T06:28:43Z,0.0
SO23 0HU,SEPD,LV,1,TK2410,83,2026-06-18T06:28:43Z,2026-06-18T06:28:43Z,0.0
SO23 0PL,SEPD,LV,1,TK2410,83,2026-06-18T06:28:43Z,2026-06-18T06:28:43Z,0.0
SO23 9AY,SEPD,LV,1,TK2410,83,2026-06-18T06:28:43Z,2026-06-18T06:28:43Z,0.0
SO23 9BG,SEPD,LV,1,TK2410,83,2026-06-18T06:28:43Z,2026-06-18T06:28:43Z,0.0
SO23 9BH,SEPD,LV,1,TK2410,83,2026-06-18T06:28:43Z,2026-06-18T06:28:43Z,0.0
SO23 9JX,SEPD,LV,1,TK2410,83,2026-06-18T06:28:43Z,2026-06-18T06:28:43Z,0.0
SO23 9LB,SEPD,LV,1,TK2410,83,2026-06-18T06:28:43Z,2026-06-18T06:28:43Z,0.0
SO23 9LG,SEPD,LV,1,TK2410,83,2026-06-18T06:28:43Z,2026-06-18T06:28:43Z,0.0
SO23 9LH,SEPD,LV,1,TK2410,83,2026-06-18T06:28:43Z,2026-06-18T06:28:43Z,0.0
SO23 9LN,SEPD,LV,1,TK2410,83,2026-06-18T06:28:43Z,2026-06-18T06:28:43Z,0.0
SO23 9LP,SEPD,LV,1,TK2410,83,2026-06-18T06:28:43Z,2026-06-18T06:28:43Z,0.0
SO23 9LR,SEPD,LV,1,TK2410,83,2026-06-18T06:28:43Z,2026-06-18T06:28:43Z,0.0
SO23 9NX,SEPD,LV,1,TK2410,83,2026-06-18T06:28:43Z,2026-06-18T06:28:43Z,0.0
SO40 4BD,SEPD,PSI,1,251702,2,2026-06-16T17:35:54Z,2026-06-16T17:35:54Z,0.0
SO41 9FF,SEPD,LV,1,TK2721,28,2026-06-18T10:56:41Z,2026-06-18T10:56:41Z,0.0
SO41 9FG,SEPD,LV,1,TK2721,28,2026-06-18T10:56:41Z,2026-06-18T10:56:41Z,0.0
SO41 9FH,SEPD,LV,1,TK2721,28,2026-06-18T10:56:41Z,2026-06-18T10:56:41Z,0.0
SO41 9FJ,SEPD,LV,1,TK2721,28,2026-06-18T10:56:41Z,2026-06-18T10:56:41Z,0.0
SO42 7QL,SEPD,PSI,1,251544,7,2026-06-19T10:03:19Z,2026-06-19T10:03:19Z,0.0
SO42 7UE,SEPD,PSI,1,252176,19,2026-06-17T10:02:27Z,2026-06-17T10:02:27Z,0.0
SO42 7UL,SEPD,PSI,1,252176,19,2026-06-17T10:02:27Z,2026-06-17T10:02:27Z,0.0
SO42 7UN,SEPD,PSI,1,252176,19,2026-06-17T10:02:27Z,2026-06-17T10:02:27Z,0.0
SO45 1WQ,SEPD,PSI,1,251728,11,2026-06-15T13:39:15Z,2026-06-15T13:39:15Z,0.0
SO45 1YB,SEPD,PSI,1,251734,20,2026-06-16T12:32:38Z,2026-06-16T12:32:38Z,0.0
SO45 1YD,SEPD,PSI,1,251734,20,2026-06-16T12:32:38Z,2026-06-16T12:32:38Z,0.0
SO50 6AA,SEPD,HV,1,TK3131,6,2026-06-18T14:16:29Z,2026-06-18T14:16:29Z,0.0
SO50 6AB,SEPD,HV,1,TK3131,6,2026-06-18T14:16:29Z,2026-06-18T14:16:29Z,0.0
SO50 6FJ,SEPD,HV,1,TK3131,6,2026-06-18T14:16:29Z,2026-06-18T14:16:29Z,0.0
SO52 9DX,SEPD,LV,1,TK2792,7,2026-06-18T14:16:29Z,2026-06-18T14:16:29Z,0.0
SO52 9DZ,SEPD,LV,1,TK2792,7,2026-06-18T14:16:29Z,2026-06-18T14:16:29Z,0.0
SO52 9FG,SEPD,LV,1,TK2792,7,2026-06-18T14:16:29Z,2026-06-18T14:16:29Z,0.0
SP11,SEPD,LV,1,TK5539,6,2026-06-20T13:46:19Z,2026-06-20T13:46:19Z,0.0
SP11 0LL,SEPD,HV,1,TK2664,376,2026-06-18T10:56:41Z,2026-06-18T10:56:41Z,0.0
SP11 0RT,SEPD,PSI,1,251555,76,2026-06-18T10:56:41Z,2026-06-18T10:56:41Z,0.0
SP11 0RU,SEPD,PSI,1,251555,76,2026-06-18T10:56:41Z,2026-06-18T10:56:41Z,0.0
SP11 0RX,SEPD,PSI,1,251555,76,2026-06-18T10:56:41Z,2026-06-18T10:56:41Z,0.0
SP11 0RY,SEPD,PSI,1,251555,76,2026-06-18T10:56:41Z,2026-06-18T10:56:41Z,0.0
SP11 0RZ,SEPD,PSI,1,251555,76,2026-06-18T10:56:41Z,2026-06-18T10:56:41Z,0.0
SP11 0SD,SEPD,PSI,1,251555,76,2026-06-18T10:56:41Z,2026-06-18T10:56:41Z,0.0
SP11 0SE,SEPD,PSI,1,251555,76,2026-06-18T10:56:41Z,2026-06-18T10:56:41Z,0.0
SP11 0SG,SEPD,PSI,1,251555,76,2026-06-18T10:56:41Z,2026-06-18T10:56:41Z,0.0
SP11 0SH,SEPD,PSI,1,251555,76,2026-06-18T10:56:41Z,2026-06-18T10:56:41Z,0.0
SP11 0SQ,SEPD,PSI,1,251555,76,2026-06-18T10:56:41Z,2026-06-18T10:56:41Z,0.0
SP11 8NF,SEPD,LV,1,TJ9371,9,2026-06-15T23:20:13Z,2026-06-15T23:20:13Z,0.0
SP11 8NG,SEPD,LV,1,TJ9371,9,2026-06-15T23:20:13Z,2026-06-15T23:20:13Z,0.0
SP11 8NH,SEPD,LV,1,TJ9371,9,2026-06-15T23:20:13Z,2026-06-15T23:20:13Z,0.0
SP11 8NQ,SEPD,LV,1,TJ9371,9,2026-06-15T23:20:13Z,2026-06-15T23:20:13Z,0.0
SP11 9PQ,SEPD,LV,1,TK5539,6,2026-06-20T13:46:19Z,2026-06-20T13:46:19Z,0.0
SP3 4SQ,SEPD,PSI,1,250753,28,2026-06-17T10:02:27Z,2026-06-17T10:02:27Z,0.0
SP3 5EN,SEPD,PSI,1,250753,28,2026-06-17T10:02:27Z,2026-06-17T10:02:27Z,0.0
SP3 5EQ,SEPD,PSI,1,250753,28,2026-06-17T10:02:27Z,2026-06-17T10:02:27Z,0.0
SP3 5HE,SEPD,PSI,1,250753,28,2026-06-17T10:02:27Z,2026-06-17T10:02:27Z,0.0
SP5 1AX,SEPD,HV,1,TJ9091,30,2026-06-15T18:16:33Z,2026-06-15T18:16:33Z,0.0
SP5 1DH,SEPD,LV,1,TK0759,11,2026-06-16T22:33:13Z,2026-06-16T22:33:13Z,0.0
SP5 1DL,SEPD,LV,1,TK0759,11,2026-06-16T22:33:13Z,2026-06-16T22:33:13Z,0.0
SP5 1DP,SEPD,LV,1,TK0759,11,2026-06-16T22:33:13Z,2026-06-16T22:33:13Z,0.0
SP5 1DQ,SEPD,LV,1,TK0759,11,2026-06-16T22:33:13Z,2026-06-16T22:33:13Z,0.0
SP5 1DR,SEPD,LV,1,TK0759,11,2026-06-16T22:33:13Z,2026-06-16T22:33:13Z,0.0
SP5 1ER,SEPD,LV,1,TK0759,11,2026-06-16T22:33:13Z,2026-06-16T22:33:13Z,0.0
SP5 1EU,SEPD,LV,1,TK0759,11,2026-06-16T22:33:13Z,2026-06-16T22:33:13Z,0.0
SP5 3RL,SEPD,HV,1,TJ9091,30,2026-06-15T18:16:33Z,2026-06-15T18:16:33Z,0.0
SP5 3RN,SEPD,HV,1,TJ9091,30,2026-06-15T18:16:33Z,2026-06-15T18:16:33Z,0.0
SP5 3RP,SEPD,HV,1,TJ9091,30,2026-06-15T18:16:33Z,2026-06-15T18:16:33Z,0.0
SP5 3RR,SEPD,HV,1,TJ9091,30,2026-06-15T18:16:33Z,2026-06-15T18:16:33Z,0.0
SP5 3RW,SEPD,HV,1,TJ9091,30,2026-06-15T18:16:33Z,2026-06-15T18:16:33Z,0.0
SP8 5QN,SEPD,PSI,1,251261,23,2026-06-15T13:39:15Z,2026-06-15T13:39:15Z,0.0
SP8 5QP,SEPD,PSI,1,251261,23,2026-06-15T13:39:15Z,2026-06-15T13:39:15Z,0.0
SP8 5QR,SEPD,PSI,1,251261,23,2026-06-15T13:39:15Z,2026-06-15T13:39:15Z,0.0
TW18 4PG,SEPD,LV,1,TK5983,2,2026-06-21T11:50:55Z,2026-06-21T11:50:55Z,0.0
TW18 4QB,SEPD,LV,1,TK5983,2,2026-06-21T11:50:55Z,2026-06-21T11:50:55Z,0.0
TW20 8BL,SEPD,LV,1,TJ8242,17,2026-06-15T07:38:15Z,2026-06-15T07:38:15Z,0.0
TW20 8BN,SEPD,LV,1,TJ8242,17,2026-06-15T07:38:15Z,2026-06-15T07:38:15Z,0.0
TW20 8BT,SEPD,LV,1,TJ8242,17,2026-06-15T07:38:15Z,2026-06-15T07:38:15Z,0.0
TW20 8BU,SEPD,LV,1,TJ8242,17,2026-06-15T07:38:15Z,2026-06-15T07:38:15Z,0.0
TW20 8DE,SEPD,LV,1,TJ8242,17,2026-06-15T07:38:15Z,2026-06-15T07:38:15Z,0.0
TW4 5EJ,SEPD,LV,1,TK1867,16,2026-06-17T17:14:07Z,2026-06-17T17:14:07Z,0.0
TW4 5EL,SEPD,LV,1,TK1867,16,2026-06-17T17:14:07Z,2026-06-17T17:14:07Z,0.0
TW4 5EN,SEPD,LV,1,TK1867,16,2026-06-17T17:14:07Z,2026-06-17T17:14:07Z,0.0
TW8 9AA,SEPD,LV,1,TK6314,16,2026-06-21T11:50:55Z,2026-06-21T11:50:55Z,0.0
TW8 9AD,SEPD,LV,1,TK6314,16,2026-06-21T11:50:55Z,2026-06-21T11:50:55Z,0.0
TW8 9AT,SEPD,LV,1,TK6314,16,2026-06-21T11:50:55Z,2026-06-21T11:50:55Z,0.0
TW8 9BS,SEPD,LV,1,TK6314,16,2026-06-21T11:50:55Z,2026-06-21T11:50:55Z,0.0
UB3 5BD,SEPD,LV,1,TK5818,20,2026-06-20T20:08:15Z,2026-06-20T20:08:15Z,0.0
UB3 5BW,SEPD,LV,1,TK5818,20,2026-06-20T20:08:15Z,2026-06-20T20:08:15Z,0.0
UB3 5NE,SEPD,LV,1,TK5818,20,2026-06-20T20:08:15Z,2026-06-20T20:08:15Z,0.0
UB4 0QL,SEPD,LV,1,TJ9354,10,2026-06-15T23:20:13Z,2026-06-15T23:20:13Z,0.0
UB4 0QN,SEPD,LV,1,TJ9354,10,2026-06-15T23:20:13Z,2026-06-15T23:20:13Z,0.0
UB4 0QU,SEPD,LV,1,TJ9354,10,2026-06-15T23:20:13Z,2026-06-15T23:20:13Z,0.0
UB5,SEPD,LV,1,TK4970,50,2026-06-20T06:38:18Z,2026-06-20T06:38:18Z,0.0
UB5 4JH,SEPD,LV,1,TK4970,50,2026-06-20T06:38:18Z,2026-06-20T06:38:18Z,0.0
UB5 4JS,SEPD,LV,1,TK4970,50,2026-06-20T06:38:18Z,2026-06-20T06:38:18Z,0.0
UB5 4JW,SEPD,LV,1,TK4970,50,2026-06-20T06:38:18Z,2026-06-20T06:38:18Z,0.0
UB5 4LE,SEPD,LV,1,TK4970,50,2026-06-20T06:38:18Z,2026-06-20T06:38:18Z,0.0
UB5 4LG,SEPD,LV,1,TK4970,50,2026-06-20T06:38:18Z,2026-06-20T06:38:18Z,0.0
UB5 4TA,SEPD,LV,1,TK4970,50,2026-06-20T06:38:18Z,2026-06-20T06:38:18Z,0.0
UB5 4TB,SEPD,LV,1,TK4970,50,2026-06-20T06:38:18Z,2026-06-20T06:38:18Z,0.0
UB5 4TH,SEPD,LV,1,TK4970,50,2026-06-20T06:38:18Z,2026-06-20T06:38:18Z,0.0
UB5 4TQ,SEPD,LV,1,TK4970,50,2026-06-20T06:38:18Z,2026-06-20T06:38:18Z,0.0
UB7 7BD,SEPD,LV,1,TK4511,7,2026-06-19T16:25:07Z,2026-06-19T16:25:07Z,0.0
UB7 7BE,SEPD,LV,1,TK4511,7,2026-06-19T16:25:07Z,2026-06-19T16:25:07Z,0.0
UB7 7BG,SEPD,LV,1,TK4511,7,2026-06-19T16:25:07Z,2026-06-19T16:25:07Z,0.0
UB7 8ER,SEPD,LV,1,TK4131,33,2026-06-19T10:03:19Z,2026-06-19T10:03:19Z,0.0
UB7 8ET,SEPD,LV,1,TK4131,33,2026-06-19T10:03:19Z,2026-06-19T10:03:19Z,0.0
UB7 8EU,SEPD,LV,1,TK4131,33,2026-06-19T10:03:19Z,2026-06-19T10:03:19Z,0.0
UB7 8HG,SEPD,LV,1,TK4131,33,2026-06-19T10:03:19Z,2026-06-19T10:03:19Z,0.0
UB7 8HQ,SEPD,LV,1,TK4131,33,2026-06-19T10:03:19Z,2026-06-19T10:03:19Z,0.0
UB7 8HS,SEPD,LV,1,TK4131,33,2026-06-19T10:03:19Z,2026-06-19T10:03:19Z,0.0
UB8 2JH,SEPD,HV,1,TK3721,26,2026-06-19T10:03:19Z,2026-06-19T10:03:19Z,0.0
UB8 2JR,SEPD,HV,1,TK3721,26,2026-06-19T10:03:19Z,2026-06-19T10:03:19Z,0.0
UB8 2JS,SEPD,HV,1,TK3721,26,2026-06-19T10:03:19Z,2026-06-19T10:03:19Z,0.0
W3 6YE,SEPD,LV,1,TK0959,12,2026-06-17T13:54:46Z,2026-06-17T13:54:46Z,0.0
W3 6YF,SEPD,LV,1,TK0959,12,2026-06-17T13:54:46Z,2026-06-17T13:54:46Z,0.0
W7 3AA,SEPD,LV,1,TK0692,21,2026-06-16T20:31:54Z,2026-06-16T20:31:54Z,0.0
W7 3QT,SEPD,LV,1,TK0692,21,2026-06-16T20:31:54Z,2026-06-16T20:31:54Z,0.0
ZE1 0DE,SHEPD,HV,1,TK0853,100,2026-06-17T05:06:41Z,2026-06-17T05:06:41Z,0.0
ZE1 0EY,SHEPD,LV,1,TK4566,14,2026-06-19T16:25:07Z,2026-06-19T16:25:07Z,0.0
ZE1 0RQ,SHEPD,LV,1,TK4566,14,2026-06-19T16:25:07Z,2026-06-19T16:25:07Z,0.0
ZE1 0SE,SHEPD,LV,1,TK4566,14,2026-06-19T16:25:07Z,2026-06-19T16:25:07Z,0.0
ZE1 0SF,SHEPD,LV,1,TK4566,14,2026-06-19T16:25:07Z,2026-06-19T16:25:07Z,0.0
ZE1 0SG,SHEPD,LV,1,TK4566,14,2026-06-19T16:25:07Z,2026-06-19T16:25:07Z,0.0
ZE1 0SU,SHEPD,LV,1,TK4566,14,2026-06-19T16:25:07Z,2026-06-19T16:25:07Z,0.0
ZE1 0TZ,SHEPD,HV,1,TK0853,100,2026-06-17T05:06:41Z,2026-06-17T05:06:41Z,0.0
ZE1 0UH,SHEPD,HV,1,TK0853,100,2026-06-17T05:06:41Z,2026-06-17T05:06:41Z,0.0
ZE1 0UJ,SHEPD,HV,1,TK0853,100,2026-06-17T05:06:41Z,2026-06-17T05:06:41Z,0.0
ZE1 0UL,SHEPD,HV,1,TK0853,100,2026-06-17T05:06:41Z,2026-06-17T05:06:41Z,0.0
ZE1 0UQ,SHEPD,HV,1,TK0853,100,2026-06-17T05:06:41Z,2026-06-17T05:06:41Z,0.0
ZE1 0UR,SHEPD,HV,1,TK0853,100,2026-06-17T05:06:41Z,2026-06-17T05:06:41Z,0.0
ZE1 0WA,SHEPD,HV,1,TK0853,100,2026-06-17T05:06:41Z,2026-06-17T05:06:41Z,0.0
ZE1 0XN,SHEPD,HV,1,TK0853,100,2026-06-17T05:06:41Z,2026-06-17T05:06:41Z,0.0
ZE2 9ND,SHEPD,PSI,1,251267,32,2026-06-16T12:32:38Z,2026-06-16T12:32:38Z,0.0
ZE2 9NQ,SHEPD,PSI,1,251267,32,2026-06-16T12:32:38Z,2026-06-16T12:32:38Z,0.0
ZE2 9RW,SHEPD,LV,1,TK5802,5,2026-06-20T21:39:37Z,2026-06-20T21:39:37Z,0.0
ZE2 9SB,SHEPD,HV,1,TK0853,100,2026-06-17T05:06:41Z,2026-06-17T05:06:41Z,0.0
ZE2 9SE,SHEPD,HV,1,TK0853,100,2026-06-17T05:06:41Z,2026-06-17T05:06:41Z,0.0
ZE2 9SF,SHEPD,HV,1,TK0853,100,2026-06-17T05:06:41Z,2026-06-17T05:06:41Z,0.0
