postcode,network,outage_type,outage_count,outage_refs,total_customers_affected,first_seen,last_seen,time_off_supply_hours_total_approx
BH24 3BX,SEPD,PSI,5,"252067,252077,252098,252247,252248",88,2026-06-17T10:02:27Z,2026-06-22T11:21:18Z,23.72
SN2 2LU,SEPD,LV,2,"TK4952,TK5384",34,2026-06-20T01:56:34Z,2026-06-21T09:02:32Z,23.16
SN2 2LY,SEPD,LV,2,"TK4952,TK5384",34,2026-06-20T01:56:34Z,2026-06-21T09:02:32Z,23.16
SN2 2LZ,SEPD,LV,2,"TK4952,TK5384",34,2026-06-20T01:56:34Z,2026-06-21T09:02:32Z,23.16
BH24 3EB,SEPD,PSI,4,"252093,252095,252247,252248",85,2026-06-17T10:02:27Z,2026-06-19T13:47:21Z,22.42
HP13 5AB,SEPD,LV,1,TK5677,13,2026-06-20T15:25:55Z,2026-06-21T13:45:15Z,22.32
HP13 5AD,SEPD,LV,1,TK5677,13,2026-06-20T15:25:55Z,2026-06-21T13:45:15Z,22.32
HP13 5AE,SEPD,LV,1,TK5677,13,2026-06-20T15:25:55Z,2026-06-21T13:45:15Z,22.32
HP13 5AF,SEPD,LV,1,TK5677,13,2026-06-20T15:25:55Z,2026-06-21T13:45:15Z,22.32
HP13 5PS,SEPD,LV,1,TK5677,13,2026-06-20T15:25:55Z,2026-06-21T13:45:15Z,22.32
HP13 6BG,SEPD,LV,1,TK5677,13,2026-06-20T15:25:55Z,2026-06-21T13:45:15Z,22.32
HP13 6BN,SEPD,LV,1,TK5677,13,2026-06-20T15:25:55Z,2026-06-21T13:45:15Z,22.32
HP13 6BP,SEPD,LV,1,TK5677,13,2026-06-20T15:25:55Z,2026-06-21T13:45:15Z,22.32
BH24 3EA,SEPD,PSI,4,"252093,252247,252248,252250",135,2026-06-17T10:02:27Z,2026-06-18T14:16:29Z,22.02
SL6 6BL,SEPD,LV,1,TK6436,20,2026-06-21T15:31:23Z,2026-06-22T11:21:18Z,19.83
SL6 6SA,SEPD,LV,1,TK6436,20,2026-06-21T15:31:23Z,2026-06-22T11:21:18Z,19.83
SL6 6SB,SEPD,LV,1,TK6436,20,2026-06-21T15:31:23Z,2026-06-22T11:21:18Z,19.83
SL6 6SL,SEPD,LV,1,TK6436,20,2026-06-21T15:31:23Z,2026-06-22T11:21:18Z,19.83
SL6 6SQ,SEPD,LV,1,TK6436,20,2026-06-21T15:31:23Z,2026-06-22T11:21:18Z,19.83
BH24 1RE,SEPD,PSI,3,"252095,252247,252248",67,2026-06-17T10:02:27Z,2026-06-19T13:47:21Z,19.09
BH24 3DH,SEPD,PSI,3,"252093,252247,252248",80,2026-06-17T10:02:27Z,2026-06-18T14:16:29Z,18.69
BH24 3ED,SEPD,PSI,3,"252093,252247,252248",80,2026-06-17T10:02:27Z,2026-06-18T14:16:29Z,18.69
BH24 3EY,SEPD,PSI,3,"252093,252247,252248",80,2026-06-17T10:02:27Z,2026-06-18T14:16:29Z,18.69
TW8 8LE,SEPD,HV,1,TK0680,3,2026-06-16T20:31:54Z,2026-06-17T13:54:46Z,17.38
TW8 8LH,SEPD,HV,1,TK0680,3,2026-06-16T20:31:54Z,2026-06-17T13:54:46Z,17.38
TW8 8LN,SEPD,HV,1,TK0680,3,2026-06-16T20:31:54Z,2026-06-17T13:54:46Z,17.38
RG6 3AP,SEPD,LV,1,TK4850,22,2026-06-19T21:33:41Z,2026-06-20T13:46:19Z,16.21
RG6 3AR,SEPD,LV,1,TK4850,22,2026-06-19T21:33:41Z,2026-06-20T13:46:19Z,16.21
RG6 3AS,SEPD,LV,1,TK4850,22,2026-06-19T21:33:41Z,2026-06-20T13:46:19Z,16.21
RG6 3AX,SEPD,LV,1,TK4850,22,2026-06-19T21:33:41Z,2026-06-20T13:46:19Z,16.21
RG6 3AY,SEPD,LV,1,TK4850,22,2026-06-19T21:33:41Z,2026-06-20T13:46:19Z,16.21
PA21 2AB,SHEPD,HV,3,"TK5681,TK5786,TK5824",212,2026-06-20T15:25:55Z,2026-06-21T11:50:55Z,15.86
PA21 2AH,SHEPD,HV,3,"TK5681,TK5786,TK5824",212,2026-06-20T15:25:55Z,2026-06-21T11:50:55Z,15.86
OX7 5DD,SEPD,LV,1,TK1828,3,2026-06-17T23:05:25Z,2026-06-18T14:16:29Z,15.18
OX7 5LH,SEPD,LV,1,TK1828,3,2026-06-17T23:05:25Z,2026-06-18T14:16:29Z,15.18
OX4 1JJ,SEPD,LV,3,"TK6520,TK6992,TK7814",45,2026-06-21T18:50:32Z,2026-06-23T01:26:30Z,14.79
OX4 1PZ,SEPD,LV,3,"TK6520,TK6992,TK7814",45,2026-06-21T18:50:32Z,2026-06-23T01:26:30Z,14.79
OX4 1QA,SEPD,LV,3,"TK6520,TK6992,TK7814",45,2026-06-21T18:50:32Z,2026-06-23T01:26:30Z,14.79
OX4 1QB,SEPD,LV,3,"TK6520,TK6992,TK7814",45,2026-06-21T18:50:32Z,2026-06-23T01:26:30Z,14.79
OX4 1QG,SEPD,LV,3,"TK6520,TK6992,TK7814",45,2026-06-21T18:50:32Z,2026-06-23T01:26:30Z,14.79
OX4 1UT,SEPD,LV,3,"TK6520,TK6992,TK7814",45,2026-06-21T18:50:32Z,2026-06-23T01:26:30Z,14.79
SP10 3AZ,SEPD,LV,1,TK3632,23,2026-06-19T05:23:39Z,2026-06-19T20:09:07Z,14.76
SP10 3BA,SEPD,LV,1,TK3632,23,2026-06-19T05:23:39Z,2026-06-19T20:09:07Z,14.76
SP10 3BD,SEPD,LV,1,TK3632,23,2026-06-19T05:23:39Z,2026-06-19T20:09:07Z,14.76
SP10 3EF,SEPD,LV,1,TK3632,23,2026-06-19T05:23:39Z,2026-06-19T20:09:07Z,14.76
SP10 3GA,SEPD,LV,1,TK3632,23,2026-06-19T05:23:39Z,2026-06-19T20:09:07Z,14.76
UB9 6NP,SEPD,"PSI,HV",2,"252306,TK6472",318,2026-06-21T09:02:32Z,2026-06-22T00:19:27Z,13.65
UB9 6PN,SEPD,"PSI,HV",2,"252306,TK6472",318,2026-06-21T09:02:32Z,2026-06-22T00:19:27Z,13.65
UB9 6PT,SEPD,"PSI,HV",2,"252306,TK6472",318,2026-06-21T09:02:32Z,2026-06-22T00:19:27Z,13.65
UB9 6PU,SEPD,"PSI,HV",2,"252306,TK6472",318,2026-06-21T09:02:32Z,2026-06-22T00:19:27Z,13.65
UB9 6PX,SEPD,"PSI,HV",2,"252306,TK6472",318,2026-06-21T09:02:32Z,2026-06-22T00:19:27Z,13.65
UB9 6PY,SEPD,"PSI,HV",2,"252306,TK6472",318,2026-06-21T09:02:32Z,2026-06-22T00:19:27Z,13.65
UB9 6PZ,SEPD,"PSI,HV",2,"252306,TK6472",318,2026-06-21T09:02:32Z,2026-06-22T00:19:27Z,13.65
WD3 1PX,SEPD,"PSI,HV",2,"252306,TK6472",318,2026-06-21T09:02:32Z,2026-06-22T00:19:27Z,13.65
WD3 1PY,SEPD,"PSI,HV",2,"252306,TK6472",318,2026-06-21T09:02:32Z,2026-06-22T00:19:27Z,13.65
HP11 1QL,SEPD,LV,1,TK2630,7,2026-06-18T10:56:41Z,2026-06-19T00:07:41Z,13.18
HP11 2UT,SEPD,LV,1,TK2630,7,2026-06-18T10:56:41Z,2026-06-19T00:07:41Z,13.18
HP11 2XA,SEPD,LV,1,TK2630,7,2026-06-18T10:56:41Z,2026-06-19T00:07:41Z,13.18
KA27 8EY,SHEPD,HV,3,"TK5681,TK5786,TK5824",212,2026-06-20T15:25:55Z,2026-06-21T09:02:32Z,13.05
BH21 2NN,SEPD,LV,1,TJ9470,6,2026-06-16T07:42:17Z,2026-06-16T20:31:54Z,12.83
RG29 1QJ,SEPD,LV,2,"TK2124,TK4093",34,2026-06-18T01:40:26Z,2026-06-19T10:03:19Z,12.6
RG29 1QL,SEPD,LV,2,"TK2124,TK4093",34,2026-06-18T01:40:26Z,2026-06-19T10:03:19Z,12.6
RG29 1QN,SEPD,LV,2,"TK2124,TK4093",34,2026-06-18T01:40:26Z,2026-06-19T10:03:19Z,12.6
RG29 1QP,SEPD,LV,2,"TK2124,TK4093",34,2026-06-18T01:40:26Z,2026-06-19T10:03:19Z,12.6
GU12 4DD,SEPD,LV,1,TK4711,12,2026-06-19T18:19:18Z,2026-06-20T06:38:18Z,12.32
GU12 4HA,SEPD,LV,1,TK4711,12,2026-06-19T18:19:18Z,2026-06-20T06:38:18Z,12.32
GU12 4QE,SEPD,LV,1,TK4711,12,2026-06-19T18:19:18Z,2026-06-20T06:38:18Z,12.32
GU12 4WD,SEPD,LV,1,TK4711,12,2026-06-19T18:19:18Z,2026-06-20T06:38:18Z,12.32
BH21 6SD,SEPD,HV,2,"TK1550,TK5640",29,2026-06-17T13:54:46Z,2026-06-20T20:08:15Z,12.22
BH21 7JP,SEPD,HV,2,"TK1550,TK5640",29,2026-06-17T13:54:46Z,2026-06-20T20:08:15Z,12.22
BH21 7JS,SEPD,HV,2,"TK1550,TK5640",29,2026-06-17T13:54:46Z,2026-06-20T20:08:15Z,12.22
OX2 6AP,SEPD,LV,1,TK4934,38,2026-06-19T23:47:34Z,2026-06-20T11:52:35Z,12.08
OX2 6AT,SEPD,LV,1,TK4934,38,2026-06-19T23:47:34Z,2026-06-20T11:52:35Z,12.08
OX2 6AU,SEPD,LV,1,TK4934,38,2026-06-19T23:47:34Z,2026-06-20T11:52:35Z,12.08
OX2 6AY,SEPD,LV,1,TK4934,38,2026-06-19T23:47:34Z,2026-06-20T11:52:35Z,12.08
OX2 6AZ,SEPD,LV,1,TK4934,38,2026-06-19T23:47:34Z,2026-06-20T11:52:35Z,12.08
OX2 6BB,SEPD,LV,1,TK4934,38,2026-06-19T23:47:34Z,2026-06-20T11:52:35Z,12.08
OX2 6BN,SEPD,LV,1,TK4934,38,2026-06-19T23:47:34Z,2026-06-20T11:52:35Z,12.08
OX2 6BP,SEPD,LV,1,TK4934,38,2026-06-19T23:47:34Z,2026-06-20T11:52:35Z,12.08
SL4 6JN,SEPD,LV,1,TK2106,23,2026-06-17T23:05:25Z,2026-06-18T10:56:41Z,11.85
SL4 6LT,SEPD,LV,1,TK2106,23,2026-06-17T23:05:25Z,2026-06-18T10:56:41Z,11.85
SL4 6LU,SEPD,LV,1,TK2106,23,2026-06-17T23:05:25Z,2026-06-18T10:56:41Z,11.85
SL4 6LZ,SEPD,LV,1,TK2106,23,2026-06-17T23:05:25Z,2026-06-18T10:56:41Z,11.85
SP10 3HF,SEPD,LV,1,TK3573,14,2026-06-18T22:22:12Z,2026-06-19T10:03:19Z,11.69
SP10 3JA,SEPD,LV,1,TK3573,14,2026-06-18T22:22:12Z,2026-06-19T10:03:19Z,11.69
SP10 3RS,SEPD,LV,1,TK3573,14,2026-06-18T22:22:12Z,2026-06-19T10:03:19Z,11.69
SP10 3UY,SEPD,LV,1,TK3573,14,2026-06-18T22:22:12Z,2026-06-19T10:03:19Z,11.69
SL6 7PP,SEPD,LV,1,TK0904,33,2026-06-17T10:02:27Z,2026-06-17T21:31:48Z,11.49
SL6 7PR,SEPD,LV,1,TK0904,33,2026-06-17T10:02:27Z,2026-06-17T21:31:48Z,11.49
SL6 7PT,SEPD,LV,1,TK0904,33,2026-06-17T10:02:27Z,2026-06-17T21:31:48Z,11.49
SL6 7SX,SEPD,LV,1,TK0904,33,2026-06-17T10:02:27Z,2026-06-17T21:31:48Z,11.49
SL6 7UE,SEPD,LV,1,TK0904,33,2026-06-17T10:02:27Z,2026-06-17T21:31:48Z,11.49
SL6 7UF,SEPD,LV,1,TK0904,33,2026-06-17T10:02:27Z,2026-06-17T21:31:48Z,11.49
SL6 7UG,SEPD,LV,1,TK0904,33,2026-06-17T10:02:27Z,2026-06-17T21:31:48Z,11.49
SL6 7UQ,SEPD,LV,1,TK0904,33,2026-06-17T10:02:27Z,2026-06-17T21:31:48Z,11.49
IV27 4TL,SHEPD,"PSI,HV",4,"251802,251810,251811,TK2097",84,2026-06-17T10:02:27Z,2026-06-20T15:25:55Z,10.98
W13 9JX,SEPD,LV,1,TK6618,32,2026-06-21T18:50:32Z,2026-06-22T05:36:30Z,10.77
W13 9LR,SEPD,LV,1,TK6618,32,2026-06-21T18:50:32Z,2026-06-22T05:36:30Z,10.77
W13 9LS,SEPD,LV,1,TK6618,32,2026-06-21T18:50:32Z,2026-06-22T05:36:30Z,10.77
W13 9LT,SEPD,LV,1,TK6618,32,2026-06-21T18:50:32Z,2026-06-22T05:36:30Z,10.77
W13 9LU,SEPD,LV,1,TK6618,32,2026-06-21T18:50:32Z,2026-06-22T05:36:30Z,10.77
W13 9PR,SEPD,LV,1,TK6618,32,2026-06-21T18:50:32Z,2026-06-22T05:36:30Z,10.77
W13 9PS,SEPD,LV,1,TK6618,32,2026-06-21T18:50:32Z,2026-06-22T05:36:30Z,10.77
W13 9PT,SEPD,LV,1,TK6618,32,2026-06-21T18:50:32Z,2026-06-22T05:36:30Z,10.77
UB2 4SD,SEPD,LV,1,TK7061,3,2026-06-22T11:21:18Z,2026-06-22T21:52:49Z,10.53
GU32 1BN,SEPD,HV,1,TK0136,16,2026-06-16T12:32:38Z,2026-06-16T22:33:13Z,10.01
GU32 1BW,SEPD,HV,1,TK0136,16,2026-06-16T12:32:38Z,2026-06-16T22:33:13Z,10.01
GU32 1BZ,SEPD,HV,1,TK0136,16,2026-06-16T12:32:38Z,2026-06-16T22:33:13Z,10.01
GU32 1DA,SEPD,HV,1,TK0136,16,2026-06-16T12:32:38Z,2026-06-16T22:33:13Z,10.01
GU32 1EQ,SEPD,HV,1,TK0136,16,2026-06-16T12:32:38Z,2026-06-16T22:33:13Z,10.01
GU34 3PY,SEPD,HV,1,TK0136,16,2026-06-16T12:32:38Z,2026-06-16T22:33:13Z,10.01
SN13 9TD,SEPD,LV,1,TK8170,2,2026-06-22T19:46:47Z,2026-06-23T05:47:19Z,10.01
SN13 9TE,SEPD,LV,1,TK8170,2,2026-06-22T19:46:47Z,2026-06-23T05:47:19Z,10.01
SN14 7BS,SEPD,HV,1,TK8230,3,2026-06-22T19:46:47Z,2026-06-23T05:47:19Z,10.01
W4 5BW,SEPD,LV,1,TK2307,32,2026-06-18T01:40:26Z,2026-06-18T10:56:41Z,9.27
W4 5HE,SEPD,LV,1,TK2307,32,2026-06-18T01:40:26Z,2026-06-18T10:56:41Z,9.27
W4 5HH,SEPD,LV,1,TK2307,32,2026-06-18T01:40:26Z,2026-06-18T10:56:41Z,9.27
W4 5HL,SEPD,LV,1,TK2307,32,2026-06-18T01:40:26Z,2026-06-18T10:56:41Z,9.27
W4 5HY,SEPD,LV,1,TK2307,32,2026-06-18T01:40:26Z,2026-06-18T10:56:41Z,9.27
W4 5JN,SEPD,LV,1,TK2307,32,2026-06-18T01:40:26Z,2026-06-18T10:56:41Z,9.27
W4 5JW,SEPD,LV,1,TK2307,32,2026-06-18T01:40:26Z,2026-06-18T10:56:41Z,9.27
W4 5ST,SEPD,LV,1,TK2307,32,2026-06-18T01:40:26Z,2026-06-18T10:56:41Z,9.27
W4 5SU,SEPD,LV,1,TK2307,32,2026-06-18T01:40:26Z,2026-06-18T10:56:41Z,9.27
W4 5SX,SEPD,LV,1,TK2307,32,2026-06-18T01:40:26Z,2026-06-18T10:56:41Z,9.27
W4 5SZ,SEPD,LV,1,TK2307,32,2026-06-18T01:40:26Z,2026-06-18T10:56:41Z,9.27
BH21 6SE,SEPD,HV,1,TK1550,21,2026-06-17T13:54:46Z,2026-06-17T23:05:25Z,9.18
DD4 8QT,SHEPD,LV,1,TK1758,17,2026-06-17T13:54:46Z,2026-06-17T23:05:25Z,9.18
DD4 8RF,SHEPD,LV,1,TK1758,17,2026-06-17T13:54:46Z,2026-06-17T23:05:25Z,9.18
DD4 8RG,SHEPD,LV,1,TK1758,17,2026-06-17T13:54:46Z,2026-06-17T23:05:25Z,9.18
PA21 2BB,SHEPD,HV,3,"TK5681,TK5786,TK5824",212,2026-06-20T15:25:55Z,2026-06-21T05:09:41Z,9.17
PA21 2BN,SHEPD,HV,3,"TK5681,TK5786,TK5824",212,2026-06-20T15:25:55Z,2026-06-21T05:09:41Z,9.17
PA21 2BP,SHEPD,HV,3,"TK5681,TK5786,TK5824",212,2026-06-20T15:25:55Z,2026-06-21T05:09:41Z,9.17
PA21 2BS,SHEPD,HV,3,"TK5681,TK5786,TK5824",212,2026-06-20T15:25:55Z,2026-06-21T05:09:41Z,9.17
PA21 2BW,SHEPD,HV,3,"TK5681,TK5786,TK5824",212,2026-06-20T15:25:55Z,2026-06-21T05:09:41Z,9.17
PA21 2BX,SHEPD,HV,3,"TK5681,TK5786,TK5824",212,2026-06-20T15:25:55Z,2026-06-21T05:09:41Z,9.17
PA21 2BY,SHEPD,HV,3,"TK5681,TK5786,TK5824",212,2026-06-20T15:25:55Z,2026-06-21T05:09:41Z,9.17
PA21 2DA,SHEPD,HV,3,"TK5681,TK5786,TK5824",212,2026-06-20T15:25:55Z,2026-06-21T05:09:41Z,9.17
PA23,SHEPD,HV,3,"TK5681,TK5786,TK5824",212,2026-06-20T15:25:55Z,2026-06-21T05:09:41Z,9.17
PO33 3AG,SEPD,LV,1,TK5866,8,2026-06-20T23:55:00Z,2026-06-21T09:02:32Z,9.13
PO33 3AJ,SEPD,LV,1,TK5866,8,2026-06-20T23:55:00Z,2026-06-21T09:02:32Z,9.13
BH16 5AA,SEPD,LV,1,TK5037,25,2026-06-20T09:52:43Z,2026-06-20T18:44:54Z,8.87
BH16 5AY,SEPD,LV,1,TK5037,25,2026-06-20T09:52:43Z,2026-06-20T18:44:54Z,8.87
BH16 5DB,SEPD,LV,1,TK5037,25,2026-06-20T09:52:43Z,2026-06-20T18:44:54Z,8.87
BH16 5DH,SEPD,LV,1,TK5037,25,2026-06-20T09:52:43Z,2026-06-20T18:44:54Z,8.87
BH16 5DJ,SEPD,LV,1,TK5037,25,2026-06-20T09:52:43Z,2026-06-20T18:44:54Z,8.87
GU20 6DP,SEPD,LV,1,TK5356,29,2026-06-20T09:52:43Z,2026-06-20T18:44:54Z,8.87
GU20 6DU,SEPD,LV,1,TK5356,29,2026-06-20T09:52:43Z,2026-06-20T18:44:54Z,8.87
GU20 6EA,SEPD,LV,1,TK5356,29,2026-06-20T09:52:43Z,2026-06-20T18:44:54Z,8.87
GU20 6EB,SEPD,LV,1,TK5356,29,2026-06-20T09:52:43Z,2026-06-20T18:44:54Z,8.87
GU20 6ED,SEPD,LV,1,TK5356,29,2026-06-20T09:52:43Z,2026-06-20T18:44:54Z,8.87
GU20 6EE,SEPD,LV,1,TK5356,29,2026-06-20T09:52:43Z,2026-06-20T18:44:54Z,8.87
GU20 6HB,SEPD,LV,1,TK5356,29,2026-06-20T09:52:43Z,2026-06-20T18:44:54Z,8.87
UB5,SEPD,LV,2,"TK4970,TK6397",100,2026-06-20T06:38:18Z,2026-06-22T00:19:27Z,8.8
UB5 4JH,SEPD,LV,2,"TK4970,TK6397",100,2026-06-20T06:38:18Z,2026-06-22T00:19:27Z,8.8
UB5 4JS,SEPD,LV,2,"TK4970,TK6397",100,2026-06-20T06:38:18Z,2026-06-22T00:19:27Z,8.8
UB5 4JW,SEPD,LV,2,"TK4970,TK6397",100,2026-06-20T06:38:18Z,2026-06-22T00:19:27Z,8.8
UB5 4LE,SEPD,LV,2,"TK4970,TK6397",100,2026-06-20T06:38:18Z,2026-06-22T00:19:27Z,8.8
UB5 4LG,SEPD,LV,2,"TK4970,TK6397",100,2026-06-20T06:38:18Z,2026-06-22T00:19:27Z,8.8
UB5 4TA,SEPD,LV,2,"TK4970,TK6397",100,2026-06-20T06:38:18Z,2026-06-22T00:19:27Z,8.8
UB5 4TB,SEPD,LV,2,"TK4970,TK6397",100,2026-06-20T06:38:18Z,2026-06-22T00:19:27Z,8.8
UB5 4TH,SEPD,LV,2,"TK4970,TK6397",100,2026-06-20T06:38:18Z,2026-06-22T00:19:27Z,8.8
UB5 4TQ,SEPD,LV,2,"TK4970,TK6397",100,2026-06-20T06:38:18Z,2026-06-22T00:19:27Z,8.8
GU29 9TA,SEPD,LV,1,TK5015,44,2026-06-20T06:38:18Z,2026-06-20T15:25:55Z,8.79
GU29 9TD,SEPD,LV,1,TK5015,44,2026-06-20T06:38:18Z,2026-06-20T15:25:55Z,8.79
GU29 9TG,SEPD,LV,1,TK5015,44,2026-06-20T06:38:18Z,2026-06-20T15:25:55Z,8.79
GU29 9TQ,SEPD,LV,1,TK5015,44,2026-06-20T06:38:18Z,2026-06-20T15:25:55Z,8.79
BH17 9BA,SEPD,LV,1,TK6309,35,2026-06-21T11:50:55Z,2026-06-21T20:19:33Z,8.48
BH17 9BB,SEPD,LV,1,TK6309,35,2026-06-21T11:50:55Z,2026-06-21T20:19:33Z,8.48
BH17 9BD,SEPD,LV,1,TK6309,35,2026-06-21T11:50:55Z,2026-06-21T20:19:33Z,8.48
BH17 9BE,SEPD,LV,1,TK6309,35,2026-06-21T11:50:55Z,2026-06-21T20:19:33Z,8.48
SO21 2AS,SEPD,LV,1,TK5497,26,2026-06-20T11:52:35Z,2026-06-20T20:08:15Z,8.26
SO21 2AT,SEPD,LV,1,TK5497,26,2026-06-20T11:52:35Z,2026-06-20T20:08:15Z,8.26
SO21 2AU,SEPD,LV,1,TK5497,26,2026-06-20T11:52:35Z,2026-06-20T20:08:15Z,8.26
SO21 2AX,SEPD,LV,1,TK5497,26,2026-06-20T11:52:35Z,2026-06-20T20:08:15Z,8.26
SO21 2AY,SEPD,LV,1,TK5497,26,2026-06-20T11:52:35Z,2026-06-20T20:08:15Z,8.26
SO21 2AZ,SEPD,LV,1,TK5497,26,2026-06-20T11:52:35Z,2026-06-20T20:08:15Z,8.26
SO21 2FF,SEPD,LV,1,TK5497,26,2026-06-20T11:52:35Z,2026-06-20T20:08:15Z,8.26
SL4 1RU,SEPD,LV,2,"TK3559,TK3837",82,2026-06-18T22:22:12Z,2026-06-19T16:25:07Z,8.12
SL4 1RZ,SEPD,LV,2,"TK3559,TK3837",82,2026-06-18T22:22:12Z,2026-06-19T16:25:07Z,8.12
SL4 1SA,SEPD,LV,2,"TK3559,TK3837",82,2026-06-18T22:22:12Z,2026-06-19T16:25:07Z,8.12
SL4 1SE,SEPD,LV,2,"TK3559,TK3837",82,2026-06-18T22:22:12Z,2026-06-19T16:25:07Z,8.12
SL4 1SH,SEPD,LV,2,"TK3559,TK3837",82,2026-06-18T22:22:12Z,2026-06-19T16:25:07Z,8.12
SL4 1SJ,SEPD,LV,2,"TK3559,TK3837",82,2026-06-18T22:22:12Z,2026-06-19T16:25:07Z,8.12
SL4 1SP,SEPD,LV,2,"TK3559,TK3837",82,2026-06-18T22:22:12Z,2026-06-19T16:25:07Z,8.12
SN13 8AU,SEPD,"LV,HV",2,"TK8326,TK8535",42,2026-06-22T19:46:47Z,2026-06-23T05:47:19Z,7.91
SN13 8AX,SEPD,"LV,HV",2,"TK8326,TK8535",42,2026-06-22T19:46:47Z,2026-06-23T05:47:19Z,7.91
SN13 8AZ,SEPD,"LV,HV",2,"TK8326,TK8535",42,2026-06-22T19:46:47Z,2026-06-23T05:47:19Z,7.91
SN13 8AR,SEPD,HV,1,TK8535,36,2026-06-22T21:52:49Z,2026-06-23T05:47:19Z,7.91
SN13 8BA,SEPD,HV,1,TK8535,36,2026-06-22T21:52:49Z,2026-06-23T05:47:19Z,7.91
SN13 8BB,SEPD,HV,1,TK8535,36,2026-06-22T21:52:49Z,2026-06-23T05:47:19Z,7.91
RG17 0PN,SEPD,PSI,3,"251612,251613,251615",101,2026-06-17T10:02:27Z,2026-06-19T10:03:19Z,7.2
OX33 1YW,SEPD,"LV,HV",2,"TJ9487,TK6394",960,2026-06-16T12:32:38Z,2026-06-22T00:19:27Z,7.17
KW17 2AF,SHEPD,HV,1,TK6471,37,2026-06-21T17:09:19Z,2026-06-22T00:19:27Z,7.17
KW17 2AG,SHEPD,HV,1,TK6471,37,2026-06-21T17:09:19Z,2026-06-22T00:19:27Z,7.17
KW17 2AJ,SHEPD,HV,1,TK6471,37,2026-06-21T17:09:19Z,2026-06-22T00:19:27Z,7.17
OX2 0QU,SEPD,HV,1,TK6394,946,2026-06-21T17:09:19Z,2026-06-22T00:19:27Z,7.17
OX3 8BY,SEPD,HV,1,TK6394,946,2026-06-21T17:09:19Z,2026-06-22T00:19:27Z,7.17
OX3 8DP,SEPD,HV,1,TK6394,946,2026-06-21T17:09:19Z,2026-06-22T00:19:27Z,7.17
OX3 8DZ,SEPD,HV,1,TK6394,946,2026-06-21T17:09:19Z,2026-06-22T00:19:27Z,7.17
OX3 8EA,SEPD,HV,1,TK6394,946,2026-06-21T17:09:19Z,2026-06-22T00:19:27Z,7.17
OX3 8EB,SEPD,HV,1,TK6394,946,2026-06-21T17:09:19Z,2026-06-22T00:19:27Z,7.17
OX3 8ED,SEPD,HV,1,TK6394,946,2026-06-21T17:09:19Z,2026-06-22T00:19:27Z,7.17
OX3 8EE,SEPD,HV,1,TK6394,946,2026-06-21T17:09:19Z,2026-06-22T00:19:27Z,7.17
OX3 8EF,SEPD,HV,1,TK6394,946,2026-06-21T17:09:19Z,2026-06-22T00:19:27Z,7.17
OX3 8EQ,SEPD,HV,1,TK6394,946,2026-06-21T17:09:19Z,2026-06-22T00:19:27Z,7.17
OX3 8FP,SEPD,HV,1,TK6394,946,2026-06-21T17:09:19Z,2026-06-22T00:19:27Z,7.17
OX3 8GG,SEPD,HV,1,TK6394,946,2026-06-21T17:09:19Z,2026-06-22T00:19:27Z,7.17
OX3 8TA,SEPD,HV,1,TK6394,946,2026-06-21T17:09:19Z,2026-06-22T00:19:27Z,7.17
OX3 9RY,SEPD,HV,1,TK6394,946,2026-06-21T17:09:19Z,2026-06-22T00:19:27Z,7.17
OX3 9RZ,SEPD,HV,1,TK6394,946,2026-06-21T17:09:19Z,2026-06-22T00:19:27Z,7.17
OX3 9SA,SEPD,HV,1,TK6394,946,2026-06-21T17:09:19Z,2026-06-22T00:19:27Z,7.17
OX3 9SB,SEPD,HV,1,TK6394,946,2026-06-21T17:09:19Z,2026-06-22T00:19:27Z,7.17
OX3 9SL,SEPD,HV,1,TK6394,946,2026-06-21T17:09:19Z,2026-06-22T00:19:27Z,7.17
OX3 9SS,SEPD,HV,1,TK6394,946,2026-06-21T17:09:19Z,2026-06-22T00:19:27Z,7.17
OX3 9ST,SEPD,HV,1,TK6394,946,2026-06-21T17:09:19Z,2026-06-22T00:19:27Z,7.17
OX3 9SX,SEPD,HV,1,TK6394,946,2026-06-21T17:09:19Z,2026-06-22T00:19:27Z,7.17
OX3 9SY,SEPD,HV,1,TK6394,946,2026-06-21T17:09:19Z,2026-06-22T00:19:27Z,7.17
OX3 9SZ,SEPD,HV,1,TK6394,946,2026-06-21T17:09:19Z,2026-06-22T00:19:27Z,7.17
OX3 9TA,SEPD,HV,1,TK6394,946,2026-06-21T17:09:19Z,2026-06-22T00:19:27Z,7.17
OX3 9TH,SEPD,HV,1,TK6394,946,2026-06-21T17:09:19Z,2026-06-22T00:19:27Z,7.17
OX3 9TZ,SEPD,HV,1,TK6394,946,2026-06-21T17:09:19Z,2026-06-22T00:19:27Z,7.17
OX3 9UA,SEPD,HV,1,TK6394,946,2026-06-21T17:09:19Z,2026-06-22T00:19:27Z,7.17
OX3 9UB,SEPD,HV,1,TK6394,946,2026-06-21T17:09:19Z,2026-06-22T00:19:27Z,7.17
OX3 9UZ,SEPD,HV,1,TK6394,946,2026-06-21T17:09:19Z,2026-06-22T00:19:27Z,7.17
OX3 9XA,SEPD,HV,1,TK6394,946,2026-06-21T17:09:19Z,2026-06-22T00:19:27Z,7.17
OX33 1AD,SEPD,HV,1,TK6394,946,2026-06-21T17:09:19Z,2026-06-22T00:19:27Z,7.17
OX33 1AF,SEPD,HV,1,TK6394,946,2026-06-21T17:09:19Z,2026-06-22T00:19:27Z,7.17
OX33 1AG,SEPD,HV,1,TK6394,946,2026-06-21T17:09:19Z,2026-06-22T00:19:27Z,7.17
OX33 1AH,SEPD,HV,1,TK6394,946,2026-06-21T17:09:19Z,2026-06-22T00:19:27Z,7.17
OX33 1AJ,SEPD,HV,1,TK6394,946,2026-06-21T17:09:19Z,2026-06-22T00:19:27Z,7.17
OX33 1AL,SEPD,HV,1,TK6394,946,2026-06-21T17:09:19Z,2026-06-22T00:19:27Z,7.17
OX33 1AQ,SEPD,HV,1,TK6394,946,2026-06-21T17:09:19Z,2026-06-22T00:19:27Z,7.17
OX33 1BF,SEPD,HV,1,TK6394,946,2026-06-21T17:09:19Z,2026-06-22T00:19:27Z,7.17
OX33 1DN,SEPD,HV,1,TK6394,946,2026-06-21T17:09:19Z,2026-06-22T00:19:27Z,7.17
OX33 1DP,SEPD,HV,1,TK6394,946,2026-06-21T17:09:19Z,2026-06-22T00:19:27Z,7.17
OX33 1DT,SEPD,HV,1,TK6394,946,2026-06-21T17:09:19Z,2026-06-22T00:19:27Z,7.17
OX33 1DU,SEPD,HV,1,TK6394,946,2026-06-21T17:09:19Z,2026-06-22T00:19:27Z,7.17
OX33 1DW,SEPD,HV,1,TK6394,946,2026-06-21T17:09:19Z,2026-06-22T00:19:27Z,7.17
OX33 1DX,SEPD,HV,1,TK6394,946,2026-06-21T17:09:19Z,2026-06-22T00:19:27Z,7.17
OX33 1DY,SEPD,HV,1,TK6394,946,2026-06-21T17:09:19Z,2026-06-22T00:19:27Z,7.17
OX33 1DZ,SEPD,HV,1,TK6394,946,2026-06-21T17:09:19Z,2026-06-22T00:19:27Z,7.17
OX33 1EA,SEPD,HV,1,TK6394,946,2026-06-21T17:09:19Z,2026-06-22T00:19:27Z,7.17
OX33 1EB,SEPD,HV,1,TK6394,946,2026-06-21T17:09:19Z,2026-06-22T00:19:27Z,7.17
OX33 1EF,SEPD,HV,1,TK6394,946,2026-06-21T17:09:19Z,2026-06-22T00:19:27Z,7.17
OX33 1EG,SEPD,HV,1,TK6394,946,2026-06-21T17:09:19Z,2026-06-22T00:19:27Z,7.17
OX33 1EH,SEPD,HV,1,TK6394,946,2026-06-21T17:09:19Z,2026-06-22T00:19:27Z,7.17
OX33 1EJ,SEPD,HV,1,TK6394,946,2026-06-21T17:09:19Z,2026-06-22T00:19:27Z,7.17
OX33 1EL,SEPD,HV,1,TK6394,946,2026-06-21T17:09:19Z,2026-06-22T00:19:27Z,7.17
OX33 1EN,SEPD,HV,1,TK6394,946,2026-06-21T17:09:19Z,2026-06-22T00:19:27Z,7.17
OX33 1EP,SEPD,HV,1,TK6394,946,2026-06-21T17:09:19Z,2026-06-22T00:19:27Z,7.17
OX33 1EQ,SEPD,HV,1,TK6394,946,2026-06-21T17:09:19Z,2026-06-22T00:19:27Z,7.17
OX33 1ES,SEPD,HV,1,TK6394,946,2026-06-21T17:09:19Z,2026-06-22T00:19:27Z,7.17
OX33 1ET,SEPD,HV,1,TK6394,946,2026-06-21T17:09:19Z,2026-06-22T00:19:27Z,7.17
OX33 1EU,SEPD,HV,1,TK6394,946,2026-06-21T17:09:19Z,2026-06-22T00:19:27Z,7.17
OX33 1EW,SEPD,HV,1,TK6394,946,2026-06-21T17:09:19Z,2026-06-22T00:19:27Z,7.17
OX33 1EX,SEPD,HV,1,TK6394,946,2026-06-21T17:09:19Z,2026-06-22T00:19:27Z,7.17
OX33 1EY,SEPD,HV,1,TK6394,946,2026-06-21T17:09:19Z,2026-06-22T00:19:27Z,7.17
OX33 1EZ,SEPD,HV,1,TK6394,946,2026-06-21T17:09:19Z,2026-06-22T00:19:27Z,7.17
OX33 1FY,SEPD,HV,1,TK6394,946,2026-06-21T17:09:19Z,2026-06-22T00:19:27Z,7.17
OX33 1HA,SEPD,HV,1,TK6394,946,2026-06-21T17:09:19Z,2026-06-22T00:19:27Z,7.17
OX33 1HB,SEPD,HV,1,TK6394,946,2026-06-21T17:09:19Z,2026-06-22T00:19:27Z,7.17
OX33 1HD,SEPD,HV,1,TK6394,946,2026-06-21T17:09:19Z,2026-06-22T00:19:27Z,7.17
OX33 1HE,SEPD,HV,1,TK6394,946,2026-06-21T17:09:19Z,2026-06-22T00:19:27Z,7.17
OX33 1HF,SEPD,HV,1,TK6394,946,2026-06-21T17:09:19Z,2026-06-22T00:19:27Z,7.17
OX33 1HG,SEPD,HV,1,TK6394,946,2026-06-21T17:09:19Z,2026-06-22T00:19:27Z,7.17
OX33 1HH,SEPD,HV,1,TK6394,946,2026-06-21T17:09:19Z,2026-06-22T00:19:27Z,7.17
OX33 1HJ,SEPD,HV,1,TK6394,946,2026-06-21T17:09:19Z,2026-06-22T00:19:27Z,7.17
OX33 1HL,SEPD,HV,1,TK6394,946,2026-06-21T17:09:19Z,2026-06-22T00:19:27Z,7.17
OX33 1HN,SEPD,HV,1,TK6394,946,2026-06-21T17:09:19Z,2026-06-22T00:19:27Z,7.17
OX33 1HP,SEPD,HV,1,TK6394,946,2026-06-21T17:09:19Z,2026-06-22T00:19:27Z,7.17
OX33 1HQ,SEPD,HV,1,TK6394,946,2026-06-21T17:09:19Z,2026-06-22T00:19:27Z,7.17
OX33 1HR,SEPD,HV,1,TK6394,946,2026-06-21T17:09:19Z,2026-06-22T00:19:27Z,7.17
OX33 1HS,SEPD,HV,1,TK6394,946,2026-06-21T17:09:19Z,2026-06-22T00:19:27Z,7.17
OX33 1HU,SEPD,HV,1,TK6394,946,2026-06-21T17:09:19Z,2026-06-22T00:19:27Z,7.17
OX33 1HW,SEPD,HV,1,TK6394,946,2026-06-21T17:09:19Z,2026-06-22T00:19:27Z,7.17
OX33 1JH,SEPD,HV,1,TK6394,946,2026-06-21T17:09:19Z,2026-06-22T00:19:27Z,7.17
OX33 1NB,SEPD,HV,1,TK6394,946,2026-06-21T17:09:19Z,2026-06-22T00:19:27Z,7.17
OX33 1ND,SEPD,HV,1,TK6394,946,2026-06-21T17:09:19Z,2026-06-22T00:19:27Z,7.17
OX33 1NE,SEPD,HV,1,TK6394,946,2026-06-21T17:09:19Z,2026-06-22T00:19:27Z,7.17
OX33 1NG,SEPD,HV,1,TK6394,946,2026-06-21T17:09:19Z,2026-06-22T00:19:27Z,7.17
OX33 1NH,SEPD,HV,1,TK6394,946,2026-06-21T17:09:19Z,2026-06-22T00:19:27Z,7.17
OX33 1NY,SEPD,HV,1,TK6394,946,2026-06-21T17:09:19Z,2026-06-22T00:19:27Z,7.17
OX33 1PB,SEPD,HV,1,TK6394,946,2026-06-21T17:09:19Z,2026-06-22T00:19:27Z,7.17
OX33 1PR,SEPD,HV,1,TK6394,946,2026-06-21T17:09:19Z,2026-06-22T00:19:27Z,7.17
OX33 1PS,SEPD,HV,1,TK6394,946,2026-06-21T17:09:19Z,2026-06-22T00:19:27Z,7.17
OX33 1PT,SEPD,HV,1,TK6394,946,2026-06-21T17:09:19Z,2026-06-22T00:19:27Z,7.17
OX33 1PU,SEPD,HV,1,TK6394,946,2026-06-21T17:09:19Z,2026-06-22T00:19:27Z,7.17
OX33 1PW,SEPD,HV,1,TK6394,946,2026-06-21T17:09:19Z,2026-06-22T00:19:27Z,7.17
OX33 1PX,SEPD,HV,1,TK6394,946,2026-06-21T17:09:19Z,2026-06-22T00:19:27Z,7.17
OX33 1PY,SEPD,HV,1,TK6394,946,2026-06-21T17:09:19Z,2026-06-22T00:19:27Z,7.17
OX33 1PZ,SEPD,HV,1,TK6394,946,2026-06-21T17:09:19Z,2026-06-22T00:19:27Z,7.17
OX33 1QA,SEPD,HV,1,TK6394,946,2026-06-21T17:09:19Z,2026-06-22T00:19:27Z,7.17
OX33 1QB,SEPD,HV,1,TK6394,946,2026-06-21T17:09:19Z,2026-06-22T00:19:27Z,7.17
OX33 1QD,SEPD,HV,1,TK6394,946,2026-06-21T17:09:19Z,2026-06-22T00:19:27Z,7.17
OX33 1QF,SEPD,HV,1,TK6394,946,2026-06-21T17:09:19Z,2026-06-22T00:19:27Z,7.17
OX33 1QG,SEPD,HV,1,TK6394,946,2026-06-21T17:09:19Z,2026-06-22T00:19:27Z,7.17
OX33 1QH,SEPD,HV,1,TK6394,946,2026-06-21T17:09:19Z,2026-06-22T00:19:27Z,7.17
OX33 1QJ,SEPD,HV,1,TK6394,946,2026-06-21T17:09:19Z,2026-06-22T00:19:27Z,7.17
OX33 1QL,SEPD,HV,1,TK6394,946,2026-06-21T17:09:19Z,2026-06-22T00:19:27Z,7.17
OX33 1QQ,SEPD,HV,1,TK6394,946,2026-06-21T17:09:19Z,2026-06-22T00:19:27Z,7.17
OX33 1QU,SEPD,HV,1,TK6394,946,2026-06-21T17:09:19Z,2026-06-22T00:19:27Z,7.17
OX33 1QZ,SEPD,HV,1,TK6394,946,2026-06-21T17:09:19Z,2026-06-22T00:19:27Z,7.17
OX33 1YB,SEPD,HV,1,TK6394,946,2026-06-21T17:09:19Z,2026-06-22T00:19:27Z,7.17
OX33 1YJ,SEPD,HV,1,TK6394,946,2026-06-21T17:09:19Z,2026-06-22T00:19:27Z,7.17
OX44 7TP,SEPD,HV,1,TK6394,946,2026-06-21T17:09:19Z,2026-06-22T00:19:27Z,7.17
OX9 3TT,SEPD,HV,1,TK6394,946,2026-06-21T17:09:19Z,2026-06-22T00:19:27Z,7.17
UB9 6AA,SEPD,HV,1,TK6472,244,2026-06-21T17:09:19Z,2026-06-22T00:19:27Z,7.17
UB9 6AB,SEPD,HV,1,TK6472,244,2026-06-21T17:09:19Z,2026-06-22T00:19:27Z,7.17
UB9 6AD,SEPD,HV,1,TK6472,244,2026-06-21T17:09:19Z,2026-06-22T00:19:27Z,7.17
UB9 6AE,SEPD,HV,1,TK6472,244,2026-06-21T17:09:19Z,2026-06-22T00:19:27Z,7.17
UB9 6AF,SEPD,HV,1,TK6472,244,2026-06-21T17:09:19Z,2026-06-22T00:19:27Z,7.17
UB9 6AG,SEPD,HV,1,TK6472,244,2026-06-21T17:09:19Z,2026-06-22T00:19:27Z,7.17
UB9 6AH,SEPD,HV,1,TK6472,244,2026-06-21T17:09:19Z,2026-06-22T00:19:27Z,7.17
UB9 6AJ,SEPD,HV,1,TK6472,244,2026-06-21T17:09:19Z,2026-06-22T00:19:27Z,7.17
UB9 6AL,SEPD,HV,1,TK6472,244,2026-06-21T17:09:19Z,2026-06-22T00:19:27Z,7.17
UB9 6AP,SEPD,HV,1,TK6472,244,2026-06-21T17:09:19Z,2026-06-22T00:19:27Z,7.17
UB9 6AQ,SEPD,HV,1,TK6472,244,2026-06-21T17:09:19Z,2026-06-22T00:19:27Z,7.17
UB9 6AZ,SEPD,HV,1,TK6472,244,2026-06-21T17:09:19Z,2026-06-22T00:19:27Z,7.17
UB9 6BB,SEPD,HV,1,TK6472,244,2026-06-21T17:09:19Z,2026-06-22T00:19:27Z,7.17
UB9 6BJ,SEPD,HV,1,TK6472,244,2026-06-21T17:09:19Z,2026-06-22T00:19:27Z,7.17
UB9 6BL,SEPD,HV,1,TK6472,244,2026-06-21T17:09:19Z,2026-06-22T00:19:27Z,7.17
UB9 6BP,SEPD,HV,1,TK6472,244,2026-06-21T17:09:19Z,2026-06-22T00:19:27Z,7.17
UB9 6BS,SEPD,HV,1,TK6472,244,2026-06-21T17:09:19Z,2026-06-22T00:19:27Z,7.17
UB9 6BT,SEPD,HV,1,TK6472,244,2026-06-21T17:09:19Z,2026-06-22T00:19:27Z,7.17
UB9 6BU,SEPD,HV,1,TK6472,244,2026-06-21T17:09:19Z,2026-06-22T00:19:27Z,7.17
UB9 6BW,SEPD,HV,1,TK6472,244,2026-06-21T17:09:19Z,2026-06-22T00:19:27Z,7.17
UB9 6BX,SEPD,HV,1,TK6472,244,2026-06-21T17:09:19Z,2026-06-22T00:19:27Z,7.17
UB9 6BY,SEPD,HV,1,TK6472,244,2026-06-21T17:09:19Z,2026-06-22T00:19:27Z,7.17
UB9 6BZ,SEPD,HV,1,TK6472,244,2026-06-21T17:09:19Z,2026-06-22T00:19:27Z,7.17
UB9 6DA,SEPD,HV,1,TK6472,244,2026-06-21T17:09:19Z,2026-06-22T00:19:27Z,7.17
UB9 6DB,SEPD,HV,1,TK6472,244,2026-06-21T17:09:19Z,2026-06-22T00:19:27Z,7.17
UB9 6DD,SEPD,HV,1,TK6472,244,2026-06-21T17:09:19Z,2026-06-22T00:19:27Z,7.17
UB9 6DE,SEPD,HV,1,TK6472,244,2026-06-21T17:09:19Z,2026-06-22T00:19:27Z,7.17
UB9 6DG,SEPD,HV,1,TK6472,244,2026-06-21T17:09:19Z,2026-06-22T00:19:27Z,7.17
UB9 6DH,SEPD,HV,1,TK6472,244,2026-06-21T17:09:19Z,2026-06-22T00:19:27Z,7.17
UB9 6DJ,SEPD,HV,1,TK6472,244,2026-06-21T17:09:19Z,2026-06-22T00:19:27Z,7.17
UB9 6DL,SEPD,HV,1,TK6472,244,2026-06-21T17:09:19Z,2026-06-22T00:19:27Z,7.17
UB9 6DN,SEPD,HV,1,TK6472,244,2026-06-21T17:09:19Z,2026-06-22T00:19:27Z,7.17
UB9 6DP,SEPD,HV,1,TK6472,244,2026-06-21T17:09:19Z,2026-06-22T00:19:27Z,7.17
UB9 6DQ,SEPD,HV,1,TK6472,244,2026-06-21T17:09:19Z,2026-06-22T00:19:27Z,7.17
UB9 6DR,SEPD,HV,1,TK6472,244,2026-06-21T17:09:19Z,2026-06-22T00:19:27Z,7.17
UB9 6DS,SEPD,HV,1,TK6472,244,2026-06-21T17:09:19Z,2026-06-22T00:19:27Z,7.17
UB9 6DT,SEPD,HV,1,TK6472,244,2026-06-21T17:09:19Z,2026-06-22T00:19:27Z,7.17
UB9 6DU,SEPD,HV,1,TK6472,244,2026-06-21T17:09:19Z,2026-06-22T00:19:27Z,7.17
UB9 6DW,SEPD,HV,1,TK6472,244,2026-06-21T17:09:19Z,2026-06-22T00:19:27Z,7.17
UB9 6DX,SEPD,HV,1,TK6472,244,2026-06-21T17:09:19Z,2026-06-22T00:19:27Z,7.17
UB9 6DY,SEPD,HV,1,TK6472,244,2026-06-21T17:09:19Z,2026-06-22T00:19:27Z,7.17
UB9 6DZ,SEPD,HV,1,TK6472,244,2026-06-21T17:09:19Z,2026-06-22T00:19:27Z,7.17
UB9 6EB,SEPD,HV,1,TK6472,244,2026-06-21T17:09:19Z,2026-06-22T00:19:27Z,7.17
UB9 6ED,SEPD,HV,1,TK6472,244,2026-06-21T17:09:19Z,2026-06-22T00:19:27Z,7.17
UB9 6EE,SEPD,HV,1,TK6472,244,2026-06-21T17:09:19Z,2026-06-22T00:19:27Z,7.17
UB9 6EG,SEPD,HV,1,TK6472,244,2026-06-21T17:09:19Z,2026-06-22T00:19:27Z,7.17
UB9 6EH,SEPD,HV,1,TK6472,244,2026-06-21T17:09:19Z,2026-06-22T00:19:27Z,7.17
UB9 6EL,SEPD,HV,1,TK6472,244,2026-06-21T17:09:19Z,2026-06-22T00:19:27Z,7.17
UB9 6EN,SEPD,HV,1,TK6472,244,2026-06-21T17:09:19Z,2026-06-22T00:19:27Z,7.17
UB9 6EP,SEPD,HV,1,TK6472,244,2026-06-21T17:09:19Z,2026-06-22T00:19:27Z,7.17
UB9 6ER,SEPD,HV,1,TK6472,244,2026-06-21T17:09:19Z,2026-06-22T00:19:27Z,7.17
UB9 6ES,SEPD,HV,1,TK6472,244,2026-06-21T17:09:19Z,2026-06-22T00:19:27Z,7.17
UB9 6ET,SEPD,HV,1,TK6472,244,2026-06-21T17:09:19Z,2026-06-22T00:19:27Z,7.17
UB9 6EW,SEPD,HV,1,TK6472,244,2026-06-21T17:09:19Z,2026-06-22T00:19:27Z,7.17
UB9 6FG,SEPD,HV,1,TK6472,244,2026-06-21T17:09:19Z,2026-06-22T00:19:27Z,7.17
UB9 6FH,SEPD,HV,1,TK6472,244,2026-06-21T17:09:19Z,2026-06-22T00:19:27Z,7.17
UB9 6FJ,SEPD,HV,1,TK6472,244,2026-06-21T17:09:19Z,2026-06-22T00:19:27Z,7.17
UB9 6HE,SEPD,HV,1,TK6472,244,2026-06-21T17:09:19Z,2026-06-22T00:19:27Z,7.17
UB9 6HH,SEPD,HV,1,TK6472,244,2026-06-21T17:09:19Z,2026-06-22T00:19:27Z,7.17
UB9 6HJ,SEPD,HV,1,TK6472,244,2026-06-21T17:09:19Z,2026-06-22T00:19:27Z,7.17
UB9 6HL,SEPD,HV,1,TK6472,244,2026-06-21T17:09:19Z,2026-06-22T00:19:27Z,7.17
UB9 6HZ,SEPD,HV,1,TK6472,244,2026-06-21T17:09:19Z,2026-06-22T00:19:27Z,7.17
UB9 6JA,SEPD,HV,1,TK6472,244,2026-06-21T17:09:19Z,2026-06-22T00:19:27Z,7.17
UB9 6JB,SEPD,HV,1,TK6472,244,2026-06-21T17:09:19Z,2026-06-22T00:19:27Z,7.17
UB9 6JD,SEPD,HV,1,TK6472,244,2026-06-21T17:09:19Z,2026-06-22T00:19:27Z,7.17
UB9 6JH,SEPD,HV,1,TK6472,244,2026-06-21T17:09:19Z,2026-06-22T00:19:27Z,7.17
UB9 6JX,SEPD,HV,1,TK6472,244,2026-06-21T17:09:19Z,2026-06-22T00:19:27Z,7.17
UB9 6JY,SEPD,HV,1,TK6472,244,2026-06-21T17:09:19Z,2026-06-22T00:19:27Z,7.17
UB9 6JZ,SEPD,HV,1,TK6472,244,2026-06-21T17:09:19Z,2026-06-22T00:19:27Z,7.17
UB9 6LA,SEPD,HV,1,TK6472,244,2026-06-21T17:09:19Z,2026-06-22T00:19:27Z,7.17
UB9 6LP,SEPD,HV,1,TK6472,244,2026-06-21T17:09:19Z,2026-06-22T00:19:27Z,7.17
UB9 6LW,SEPD,HV,1,TK6472,244,2026-06-21T17:09:19Z,2026-06-22T00:19:27Z,7.17
UB9 6LY,SEPD,HV,1,TK6472,244,2026-06-21T17:09:19Z,2026-06-22T00:19:27Z,7.17
UB9 6LZ,SEPD,HV,1,TK6472,244,2026-06-21T17:09:19Z,2026-06-22T00:19:27Z,7.17
UB9 6NA,SEPD,HV,1,TK6472,244,2026-06-21T17:09:19Z,2026-06-22T00:19:27Z,7.17
UB9 6NB,SEPD,HV,1,TK6472,244,2026-06-21T17:09:19Z,2026-06-22T00:19:27Z,7.17
UB9 6NU,SEPD,HV,1,TK6472,244,2026-06-21T17:09:19Z,2026-06-22T00:19:27Z,7.17
UB9 6PS,SEPD,HV,1,TK6472,244,2026-06-21T17:09:19Z,2026-06-22T00:19:27Z,7.17
UB9 6QS,SEPD,HV,1,TK6472,244,2026-06-21T17:09:19Z,2026-06-22T00:19:27Z,7.17
UB9 6RA,SEPD,HV,1,TK6472,244,2026-06-21T17:09:19Z,2026-06-22T00:19:27Z,7.17
UB9 6RB,SEPD,HV,1,TK6472,244,2026-06-21T17:09:19Z,2026-06-22T00:19:27Z,7.17
UB9 6RD,SEPD,HV,1,TK6472,244,2026-06-21T17:09:19Z,2026-06-22T00:19:27Z,7.17
UB9 6RE,SEPD,HV,1,TK6472,244,2026-06-21T17:09:19Z,2026-06-22T00:19:27Z,7.17
UB9 6RF,SEPD,HV,1,TK6472,244,2026-06-21T17:09:19Z,2026-06-22T00:19:27Z,7.17
UB9 6RG,SEPD,HV,1,TK6472,244,2026-06-21T17:09:19Z,2026-06-22T00:19:27Z,7.17
UB9 6RQ,SEPD,HV,1,TK6472,244,2026-06-21T17:09:19Z,2026-06-22T00:19:27Z,7.17
UB9 6SA,SEPD,HV,1,TK6472,244,2026-06-21T17:09:19Z,2026-06-22T00:19:27Z,7.17
UB9 6TH,SEPD,HV,1,TK6472,244,2026-06-21T17:09:19Z,2026-06-22T00:19:27Z,7.17
IV53 8UJ,SHEPD,PSI,2,"252380,252381",21,2026-06-18T10:56:41Z,2026-06-19T13:47:21Z,7.06
IV53 8UP,SHEPD,PSI,2,"252380,252381",21,2026-06-18T10:56:41Z,2026-06-19T13:47:21Z,7.06
IV53 8UX,SHEPD,PSI,2,"252380,252381",21,2026-06-18T10:56:41Z,2026-06-19T13:47:21Z,7.06
GU35 9FT,SEPD,HV,1,TK4930,39,2026-06-19T23:47:34Z,2026-06-20T06:38:18Z,6.85
GU35 9LR,SEPD,HV,1,TK4930,39,2026-06-19T23:47:34Z,2026-06-20T06:38:18Z,6.85
GU35 9NF,SEPD,HV,1,TK4930,39,2026-06-19T23:47:34Z,2026-06-20T06:38:18Z,6.85
GU35 9NG,SEPD,HV,1,TK4930,39,2026-06-19T23:47:34Z,2026-06-20T06:38:18Z,6.85
GU35 9NH,SEPD,HV,1,TK4930,39,2026-06-19T23:47:34Z,2026-06-20T06:38:18Z,6.85
GU35 9NL,SEPD,HV,1,TK4930,39,2026-06-19T23:47:34Z,2026-06-20T06:38:18Z,6.85
GU35 9NZ,SEPD,HV,1,TK4930,39,2026-06-19T23:47:34Z,2026-06-20T06:38:18Z,6.85
BH24 1JQ,SEPD,LV,1,TJ9224,6,2026-06-16T05:47:19Z,2026-06-16T12:32:38Z,6.76
BH24 3EN,SEPD,LV,1,TJ9224,6,2026-06-16T05:47:19Z,2026-06-16T12:32:38Z,6.76
BH24 3HR,SEPD,LV,1,TJ9224,6,2026-06-16T05:47:19Z,2026-06-16T12:32:38Z,6.76
GU15 4DY,SEPD,LV,1,TJ9363,24,2026-06-16T05:47:19Z,2026-06-16T12:32:38Z,6.76
GU15 4EG,SEPD,LV,1,TJ9363,24,2026-06-16T05:47:19Z,2026-06-16T12:32:38Z,6.76
GU15 4EL,SEPD,LV,1,TJ9363,24,2026-06-16T05:47:19Z,2026-06-16T12:32:38Z,6.76
GU15 4EP,SEPD,LV,1,TJ9363,24,2026-06-16T05:47:19Z,2026-06-16T12:32:38Z,6.76
GU15 4HD,SEPD,LV,1,TJ9363,24,2026-06-16T05:47:19Z,2026-06-16T12:32:38Z,6.76
GU15 4HG,SEPD,LV,1,TJ9363,24,2026-06-16T05:47:19Z,2026-06-16T12:32:38Z,6.76
RG14 7SB,SEPD,LV,1,TJ9186,13,2026-06-16T05:47:19Z,2026-06-16T12:32:38Z,6.76
RG14 7SD,SEPD,LV,1,TJ9186,13,2026-06-16T05:47:19Z,2026-06-16T12:32:38Z,6.76
PO20 8AZ,SEPD,HV,1,TK2620,127,2026-06-18T10:56:41Z,2026-06-18T17:36:33Z,6.66
PO20 8PX,SEPD,HV,1,TK2620,127,2026-06-18T10:56:41Z,2026-06-18T17:36:33Z,6.66
PO20 8PY,SEPD,HV,1,TK2620,127,2026-06-18T10:56:41Z,2026-06-18T17:36:33Z,6.66
PO20 8PZ,SEPD,HV,1,TK2620,127,2026-06-18T10:56:41Z,2026-06-18T17:36:33Z,6.66
PO20 8QA,SEPD,HV,1,TK2620,127,2026-06-18T10:56:41Z,2026-06-18T17:36:33Z,6.66
PO20 8QG,SEPD,HV,1,TK2620,127,2026-06-18T10:56:41Z,2026-06-18T17:36:33Z,6.66
PO20 8QQ,SEPD,HV,1,TK2620,127,2026-06-18T10:56:41Z,2026-06-18T17:36:33Z,6.66
SN7 7EY,SEPD,LV,2,"TK8339,TK8341",224,2026-06-22T19:46:47Z,2026-06-23T05:47:19Z,6.54
OX14 3TT,SEPD,LV,1,TK8595,15,2026-06-22T23:14:55Z,2026-06-23T05:47:19Z,6.54
OX14 3UT,SEPD,LV,1,TK8595,15,2026-06-22T23:14:55Z,2026-06-23T05:47:19Z,6.54
OX14 3UW,SEPD,LV,1,TK8595,15,2026-06-22T23:14:55Z,2026-06-23T05:47:19Z,6.54
OX14 3XG,SEPD,LV,1,TK8595,15,2026-06-22T23:14:55Z,2026-06-23T05:47:19Z,6.54
PO7 8HJ,SEPD,LV,1,TK8589,11,2026-06-22T23:14:55Z,2026-06-23T05:47:19Z,6.54
PO7 8HP,SEPD,LV,1,TK8589,11,2026-06-22T23:14:55Z,2026-06-23T05:47:19Z,6.54
RG12 7NF,SEPD,LV,1,TK5894,15,2026-06-21T09:02:32Z,2026-06-21T15:31:23Z,6.48
RG12 7NQ,SEPD,LV,1,TK5894,15,2026-06-21T09:02:32Z,2026-06-21T15:31:23Z,6.48
RG31 4QU,SEPD,LV,1,TK0302,9,2026-06-16T17:35:54Z,2026-06-17T00:01:43Z,6.43
RG31 4QX,SEPD,LV,1,TK0302,9,2026-06-16T17:35:54Z,2026-06-17T00:01:43Z,6.43
RG31 4QY,SEPD,LV,1,TK0302,9,2026-06-16T17:35:54Z,2026-06-17T00:01:43Z,6.43
RG31 7QJ,SEPD,LV,1,TK0302,9,2026-06-16T17:35:54Z,2026-06-17T00:01:43Z,6.43
BH18,SEPD,"HV,LV",2,"TK6380,TK6383",432,2026-06-21T13:45:15Z,2026-06-21T21:48:03Z,6.28
BH18 8AB,SEPD,"HV,LV",2,"TK6380,TK6383",432,2026-06-21T13:45:15Z,2026-06-21T21:48:03Z,6.28
BH18 8AG,SEPD,"HV,LV",2,"TK6380,TK6383",432,2026-06-21T13:45:15Z,2026-06-21T21:48:03Z,6.28
BH18 8AH,SEPD,"HV,LV",2,"TK6380,TK6383",432,2026-06-21T13:45:15Z,2026-06-21T21:48:03Z,6.28
BH18 8AQ,SEPD,"HV,LV",2,"TK6380,TK6383",432,2026-06-21T13:45:15Z,2026-06-21T21:48:03Z,6.28
BH18 8AR,SEPD,"HV,LV",2,"TK6380,TK6383",432,2026-06-21T13:45:15Z,2026-06-21T21:48:03Z,6.28
BH18 8AS,SEPD,"HV,LV",2,"TK6380,TK6383",432,2026-06-21T13:45:15Z,2026-06-21T21:48:03Z,6.28
BH18 8AW,SEPD,"HV,LV",2,"TK6380,TK6383",432,2026-06-21T13:45:15Z,2026-06-21T21:48:03Z,6.28
BH18 8DY,SEPD,"HV,LV",2,"TK6380,TK6383",432,2026-06-21T13:45:15Z,2026-06-21T21:48:03Z,6.28
BH18 8EA,SEPD,"HV,LV",2,"TK6380,TK6383",432,2026-06-21T13:45:15Z,2026-06-21T21:48:03Z,6.28
BH18 8AA,SEPD,HV,1,TK6380,417,2026-06-21T15:31:23Z,2026-06-21T21:48:03Z,6.28
BH18 8AX,SEPD,HV,1,TK6380,417,2026-06-21T15:31:23Z,2026-06-21T21:48:03Z,6.28
BH18 8AZ,SEPD,HV,1,TK6380,417,2026-06-21T15:31:23Z,2026-06-21T21:48:03Z,6.28
BH18 8BB,SEPD,HV,1,TK6380,417,2026-06-21T15:31:23Z,2026-06-21T21:48:03Z,6.28
BH18 8EG,SEPD,HV,1,TK6380,417,2026-06-21T15:31:23Z,2026-06-21T21:48:03Z,6.28
BH18 8FD,SEPD,HV,1,TK6380,417,2026-06-21T15:31:23Z,2026-06-21T21:48:03Z,6.28
GU10 1AA,SEPD,LV,1,TK4824,35,2026-06-19T20:09:07Z,2026-06-20T01:56:34Z,5.79
GU10 1AF,SEPD,LV,1,TK4824,35,2026-06-19T20:09:07Z,2026-06-20T01:56:34Z,5.79
GU10 1AG,SEPD,LV,1,TK4824,35,2026-06-19T20:09:07Z,2026-06-20T01:56:34Z,5.79
GU10 1AJ,SEPD,LV,1,TK4824,35,2026-06-19T20:09:07Z,2026-06-20T01:56:34Z,5.79
GU10 1AR,SEPD,LV,1,TK4824,35,2026-06-19T20:09:07Z,2026-06-20T01:56:34Z,5.79
GU10 1AW,SEPD,LV,1,TK4824,35,2026-06-19T20:09:07Z,2026-06-20T01:56:34Z,5.79
GU10 1BJ,SEPD,LV,1,TK4824,35,2026-06-19T20:09:07Z,2026-06-20T01:56:34Z,5.79
GU10 1BL,SEPD,LV,1,TK4824,35,2026-06-19T20:09:07Z,2026-06-20T01:56:34Z,5.79
GU10 1BQ,SEPD,LV,1,TK4824,35,2026-06-19T20:09:07Z,2026-06-20T01:56:34Z,5.79
GU10 1DA,SEPD,LV,1,TK4824,35,2026-06-19T20:09:07Z,2026-06-20T01:56:34Z,5.79
SN3 4UL,SEPD,LV,1,TK6970,17,2026-06-22T05:36:30Z,2026-06-22T11:21:18Z,5.75
SN3 4UN,SEPD,LV,1,TK6970,17,2026-06-22T05:36:30Z,2026-06-22T11:21:18Z,5.75
SN3 4UW,SEPD,LV,1,TK6970,17,2026-06-22T05:36:30Z,2026-06-22T11:21:18Z,5.75
SO45 1BZ,SEPD,LV,1,TK6950,25,2026-06-22T05:36:30Z,2026-06-22T11:21:18Z,5.75
SO45 1FL,SEPD,LV,1,TK6950,25,2026-06-22T05:36:30Z,2026-06-22T11:21:18Z,5.75
SO45 1FN,SEPD,LV,1,TK6950,25,2026-06-22T05:36:30Z,2026-06-22T11:21:18Z,5.75
SO45 1FP,SEPD,LV,1,TK6950,25,2026-06-22T05:36:30Z,2026-06-22T11:21:18Z,5.75
SO45 1FR,SEPD,LV,1,TK6950,25,2026-06-22T05:36:30Z,2026-06-22T11:21:18Z,5.75
SP6 3JS,SEPD,HV,1,TK7897,107,2026-06-22T16:07:52Z,2026-06-22T21:52:49Z,5.75
SP6 3LA,SEPD,HV,1,TK7897,107,2026-06-22T16:07:52Z,2026-06-22T21:52:49Z,5.75
SP6 3LJ,SEPD,HV,1,TK7897,107,2026-06-22T16:07:52Z,2026-06-22T21:52:49Z,5.75
SP6 3LN,SEPD,HV,1,TK7897,107,2026-06-22T16:07:52Z,2026-06-22T21:52:49Z,5.75
SP6 3LP,SEPD,HV,1,TK7897,107,2026-06-22T16:07:52Z,2026-06-22T21:52:49Z,5.75
SP6 3LR,SEPD,HV,1,TK7897,107,2026-06-22T16:07:52Z,2026-06-22T21:52:49Z,5.75
SP6 3LS,SEPD,HV,1,TK7897,107,2026-06-22T16:07:52Z,2026-06-22T21:52:49Z,5.75
SP6 3LT,SEPD,HV,1,TK7897,107,2026-06-22T16:07:52Z,2026-06-22T21:52:49Z,5.75
SP6 3LW,SEPD,HV,1,TK7897,107,2026-06-22T16:07:52Z,2026-06-22T21:52:49Z,5.75
BH23 2RE,SEPD,LV,1,TK8093,11,2026-06-22T19:46:47Z,2026-06-23T01:26:30Z,5.66
RG40 1PE,SEPD,LV,1,TK2925,10,2026-06-18T14:16:29Z,2026-06-18T19:55:48Z,5.66
RG40 1RD,SEPD,LV,1,TK2925,10,2026-06-18T14:16:29Z,2026-06-18T19:55:48Z,5.66
RG40 1RE,SEPD,LV,1,TK2925,10,2026-06-18T14:16:29Z,2026-06-18T19:55:48Z,5.66
SN14 7DD,SEPD,HV,1,TK8164,36,2026-06-22T19:46:47Z,2026-06-23T01:26:30Z,5.66
SN14 7EN,SEPD,HV,1,TK8164,36,2026-06-22T19:46:47Z,2026-06-23T01:26:30Z,5.66
SN14 7ER,SEPD,HV,1,TK8164,36,2026-06-22T19:46:47Z,2026-06-23T01:26:30Z,5.66
SN14 7ES,SEPD,HV,1,TK8164,36,2026-06-22T19:46:47Z,2026-06-23T01:26:30Z,5.66
SN14 7ET,SEPD,HV,1,TK8164,36,2026-06-22T19:46:47Z,2026-06-23T01:26:30Z,5.66
SN14 7EU,SEPD,HV,1,TK8164,36,2026-06-22T19:46:47Z,2026-06-23T01:26:30Z,5.66
SN14 7EW,SEPD,HV,1,TK8164,36,2026-06-22T19:46:47Z,2026-06-23T01:26:30Z,5.66
IV27 4TH,SHEPD,"PSI,LV",4,"251799,251810,251811,TK8188",40,2026-06-19T10:03:19Z,2026-06-22T19:46:47Z,5.55
PO33 3TY,SEPD,LV,1,TK5334,26,2026-06-20T09:52:43Z,2026-06-20T15:25:55Z,5.55
PO33 3TZ,SEPD,LV,1,TK5334,26,2026-06-20T09:52:43Z,2026-06-20T15:25:55Z,5.55
PO33 3UH,SEPD,LV,1,TK5334,26,2026-06-20T09:52:43Z,2026-06-20T15:25:55Z,5.55
PO33 3UJ,SEPD,LV,1,TK5334,26,2026-06-20T09:52:43Z,2026-06-20T15:25:55Z,5.55
PO33 3UL,SEPD,LV,1,TK5334,26,2026-06-20T09:52:43Z,2026-06-20T15:25:55Z,5.55
BH9 1BJ,SEPD,LV,1,TK6600,32,2026-06-21T18:50:32Z,2026-06-22T00:19:27Z,5.48
BH9 2AD,SEPD,LV,1,TK6600,32,2026-06-21T18:50:32Z,2026-06-22T00:19:27Z,5.48
BH9 2FD,SEPD,LV,1,TK6600,32,2026-06-21T18:50:32Z,2026-06-22T00:19:27Z,5.48
BH9 2HE,SEPD,LV,1,TK6600,32,2026-06-21T18:50:32Z,2026-06-22T00:19:27Z,5.48
BH9 2JL,SEPD,LV,1,TK6600,32,2026-06-21T18:50:32Z,2026-06-22T00:19:27Z,5.48
BH9 2JQ,SEPD,LV,1,TK6600,32,2026-06-21T18:50:32Z,2026-06-22T00:19:27Z,5.48
BH9 2JW,SEPD,LV,1,TK6600,32,2026-06-21T18:50:32Z,2026-06-22T00:19:27Z,5.48
BH9 2NT,SEPD,LV,1,TK6600,32,2026-06-21T18:50:32Z,2026-06-22T00:19:27Z,5.48
BH9 2NU,SEPD,LV,1,TK6600,32,2026-06-21T18:50:32Z,2026-06-22T00:19:27Z,5.48
BH9 2NZ,SEPD,LV,1,TK6600,32,2026-06-21T18:50:32Z,2026-06-22T00:19:27Z,5.48
BH9 2PA,SEPD,LV,1,TK6600,32,2026-06-21T18:50:32Z,2026-06-22T00:19:27Z,5.48
BH9 2PL,SEPD,LV,1,TK6600,32,2026-06-21T18:50:32Z,2026-06-22T00:19:27Z,5.48
BH9 2PW,SEPD,LV,1,TK6600,32,2026-06-21T18:50:32Z,2026-06-22T00:19:27Z,5.48
IV27 4HW,SHEPD,"PSI,HV",3,"251802,251806,TK2097",96,2026-06-16T12:32:38Z,2026-06-17T23:05:25Z,5.43
BH6 3RA,SEPD,PSI,1,252608,41,2026-06-19T00:07:41Z,2026-06-19T05:23:39Z,5.27
BH6 3RB,SEPD,PSI,1,252608,41,2026-06-19T00:07:41Z,2026-06-19T05:23:39Z,5.27
BH6 5AB,SEPD,PSI,1,252608,41,2026-06-19T00:07:41Z,2026-06-19T05:23:39Z,5.27
BA11 1RE,SEPD,LV,2,"TK1217,TK5871",16,2026-06-17T10:02:27Z,2026-06-21T05:09:41Z,5.24
BA11 5JU,SEPD,LV,2,"TK1217,TK5871",16,2026-06-17T10:02:27Z,2026-06-21T05:09:41Z,5.24
OX10 7PX,SEPD,LV,2,"TK0437,TK4939",17,2026-06-16T17:35:54Z,2026-06-20T11:52:35Z,5.24
OX10 7QE,SEPD,LV,2,"TK0437,TK4939",17,2026-06-16T17:35:54Z,2026-06-20T11:52:35Z,5.24
BA15 2AE,SEPD,LV,1,TK5438,8,2026-06-20T11:52:35Z,2026-06-20T17:05:56Z,5.22
BA15 2AF,SEPD,LV,1,TK5438,8,2026-06-20T11:52:35Z,2026-06-20T17:05:56Z,5.22
BA15 2AG,SEPD,LV,1,TK5438,8,2026-06-20T11:52:35Z,2026-06-20T17:05:56Z,5.22
BA15 2AL,SEPD,LV,1,TK5438,8,2026-06-20T11:52:35Z,2026-06-20T17:05:56Z,5.22
BH4 9AH,SEPD,LV,1,TJ9576,27,2026-06-16T12:32:38Z,2026-06-16T17:35:54Z,5.05
BH4 9FW,SEPD,LV,1,TJ9576,27,2026-06-16T12:32:38Z,2026-06-16T17:35:54Z,5.05
BH4 9HR,SEPD,LV,1,TJ9576,27,2026-06-16T12:32:38Z,2026-06-16T17:35:54Z,5.05
BH4 9HU,SEPD,LV,1,TJ9576,27,2026-06-16T12:32:38Z,2026-06-16T17:35:54Z,5.05
BH4 9JH,SEPD,LV,1,TJ9576,27,2026-06-16T12:32:38Z,2026-06-16T17:35:54Z,5.05
GU32,SEPD,HV,1,TK0136,16,2026-06-16T12:32:38Z,2026-06-16T17:35:54Z,5.05
GU32 1BX,SEPD,HV,1,TK0136,16,2026-06-16T12:32:38Z,2026-06-16T17:35:54Z,5.05
SN12 7DT,SEPD,LV,1,TJ9533,5,2026-06-16T12:32:38Z,2026-06-16T17:35:54Z,5.05
SO51 5AG,SEPD,LV,1,TJ9874,12,2026-06-16T12:32:38Z,2026-06-16T17:35:54Z,5.05
SO51 5PH,SEPD,LV,1,TJ9874,12,2026-06-16T12:32:38Z,2026-06-16T17:35:54Z,5.05
SO51 5RE,SEPD,LV,1,TJ9874,12,2026-06-16T12:32:38Z,2026-06-16T17:35:54Z,5.05
SO51 5RG,SEPD,LV,1,TJ9874,12,2026-06-16T12:32:38Z,2026-06-16T17:35:54Z,5.05
DT1 3EY,SEPD,HV,2,"TK0527,TK0880",900,2026-06-16T17:35:54Z,2026-06-17T10:02:27Z,4.93
DT2 7SH,SEPD,HV,2,"TK0527,TK0880",900,2026-06-16T17:35:54Z,2026-06-17T10:02:27Z,4.93
DT2 7SZ,SEPD,HV,2,"TK0527,TK0880",900,2026-06-16T17:35:54Z,2026-06-17T10:02:27Z,4.93
DT2 7TG,SEPD,HV,2,"TK0527,TK0880",900,2026-06-16T17:35:54Z,2026-06-17T10:02:27Z,4.93
DT2 7TZ,SEPD,HV,2,"TK0527,TK0880",900,2026-06-16T17:35:54Z,2026-06-17T10:02:27Z,4.93
DT2 9SP,SEPD,HV,2,"TK0527,TK0880",900,2026-06-16T17:35:54Z,2026-06-17T10:02:27Z,4.93
RG17 0QU,SEPD,HV,2,"TK0527,TK0880",900,2026-06-16T17:35:54Z,2026-06-17T10:02:27Z,4.93
BA12 6JX,SEPD,LV,1,TJ9474,8,2026-06-16T07:42:17Z,2026-06-16T12:32:38Z,4.84
RG40 2AD,SEPD,LV,1,TJ9437,30,2026-06-16T07:42:17Z,2026-06-16T12:32:38Z,4.84
RG41 2AE,SEPD,LV,1,TJ9437,30,2026-06-16T07:42:17Z,2026-06-16T12:32:38Z,4.84
RG41 2AF,SEPD,LV,1,TJ9437,30,2026-06-16T07:42:17Z,2026-06-16T12:32:38Z,4.84
RG41 2AG,SEPD,LV,1,TJ9437,30,2026-06-16T07:42:17Z,2026-06-16T12:32:38Z,4.84
RG41 2AQ,SEPD,LV,1,TJ9437,30,2026-06-16T07:42:17Z,2026-06-16T12:32:38Z,4.84
RG41 2BD,SEPD,LV,1,TJ9437,30,2026-06-16T07:42:17Z,2026-06-16T12:32:38Z,4.84
RG7 5ED,SEPD,HV,1,TJ9427,12,2026-06-16T07:42:17Z,2026-06-16T12:32:38Z,4.84
RG7 5EE,SEPD,HV,1,TJ9427,12,2026-06-16T07:42:17Z,2026-06-16T12:32:38Z,4.84
TW20 8QR,SEPD,HV,1,TJ9427,12,2026-06-16T07:42:17Z,2026-06-16T12:32:38Z,4.84
SN14 8RS,SEPD,"PSI,HV",2,"251607,TK8230",22,2026-06-22T11:21:18Z,2026-06-22T21:52:49Z,4.78
GU15 3BX,SEPD,LV,1,TK7015,2,2026-06-22T11:21:18Z,2026-06-22T16:07:52Z,4.78
GU15 3DT,SEPD,LV,1,TK7015,2,2026-06-22T11:21:18Z,2026-06-22T16:07:52Z,4.78
GU28 0HG,SEPD,PSI,1,251586,70,2026-06-22T11:21:18Z,2026-06-22T16:07:52Z,4.78
GU28 0HJ,SEPD,PSI,1,251586,70,2026-06-22T11:21:18Z,2026-06-22T16:07:52Z,4.78
GU28 0HL,SEPD,PSI,1,251586,70,2026-06-22T11:21:18Z,2026-06-22T16:07:52Z,4.78
GU28 0HN,SEPD,PSI,1,251586,70,2026-06-22T11:21:18Z,2026-06-22T16:07:52Z,4.78
GU28 0HP,SEPD,PSI,1,251586,70,2026-06-22T11:21:18Z,2026-06-22T16:07:52Z,4.78
GU28 0HQ,SEPD,PSI,1,251586,70,2026-06-22T11:21:18Z,2026-06-22T16:07:52Z,4.78
GU28 0HR,SEPD,PSI,1,251586,70,2026-06-22T11:21:18Z,2026-06-22T16:07:52Z,4.78
GU28 0HW,SEPD,PSI,1,251586,70,2026-06-22T11:21:18Z,2026-06-22T16:07:52Z,4.78
GU28 0JJ,SEPD,PSI,1,251586,70,2026-06-22T11:21:18Z,2026-06-22T16:07:52Z,4.78
GU28 0JL,SEPD,PSI,1,251586,70,2026-06-22T11:21:18Z,2026-06-22T16:07:52Z,4.78
SN14 8RN,SEPD,PSI,1,251607,19,2026-06-22T11:21:18Z,2026-06-22T16:07:52Z,4.78
SN14 8RT,SEPD,PSI,1,251607,19,2026-06-22T11:21:18Z,2026-06-22T16:07:52Z,4.78
SN14 8RU,SEPD,PSI,1,251607,19,2026-06-22T11:21:18Z,2026-06-22T16:07:52Z,4.78
SN14 8RX,SEPD,PSI,1,251607,19,2026-06-22T11:21:18Z,2026-06-22T16:07:52Z,4.78
UB10 8AY,SEPD,PSI,1,252295,7,2026-06-18T17:36:33Z,2026-06-18T22:22:12Z,4.76
UB9 6JN,SEPD,PSI,1,252295,7,2026-06-18T17:36:33Z,2026-06-18T22:22:12Z,4.76
UB9 6JW,SEPD,PSI,1,252295,7,2026-06-18T17:36:33Z,2026-06-18T22:22:12Z,4.76
UB9 6LX,SEPD,PSI,1,252295,7,2026-06-18T17:36:33Z,2026-06-18T22:22:12Z,4.76
GU8 4DY,SEPD,PSI,1,252255,44,2026-06-21T09:02:32Z,2026-06-21T13:45:15Z,4.71
GU8 4DZ,SEPD,PSI,1,252255,44,2026-06-21T09:02:32Z,2026-06-21T13:45:15Z,4.71
GU8 4EA,SEPD,PSI,1,252255,44,2026-06-21T09:02:32Z,2026-06-21T13:45:15Z,4.71
GU8 4EB,SEPD,PSI,1,252255,44,2026-06-21T09:02:32Z,2026-06-21T13:45:15Z,4.71
GU8 4EE,SEPD,PSI,1,252255,44,2026-06-21T09:02:32Z,2026-06-21T13:45:15Z,4.71
GU8 4EF,SEPD,PSI,1,252255,44,2026-06-21T09:02:32Z,2026-06-21T13:45:15Z,4.71
RG25 2FA,SEPD,HV,1,TK5950,43,2026-06-21T09:02:32Z,2026-06-21T13:45:15Z,4.71
RG25 2HH,SEPD,HV,1,TK5950,43,2026-06-21T09:02:32Z,2026-06-21T13:45:15Z,4.71
RG25 2HP,SEPD,HV,1,TK5950,43,2026-06-21T09:02:32Z,2026-06-21T13:45:15Z,4.71
RG25 2HR,SEPD,HV,1,TK5950,43,2026-06-21T09:02:32Z,2026-06-21T13:45:15Z,4.71
RG25 2HS,SEPD,HV,1,TK5950,43,2026-06-21T09:02:32Z,2026-06-21T13:45:15Z,4.71
RG25 2HT,SEPD,HV,1,TK5950,43,2026-06-21T09:02:32Z,2026-06-21T13:45:15Z,4.71
RG25 2HU,SEPD,HV,1,TK5950,43,2026-06-21T09:02:32Z,2026-06-21T13:45:15Z,4.71
RG25 2HX,SEPD,HV,1,TK5950,43,2026-06-21T09:02:32Z,2026-06-21T13:45:15Z,4.71
RG25 2HY,SEPD,HV,1,TK5950,43,2026-06-21T09:02:32Z,2026-06-21T13:45:15Z,4.71
RG25 2JA,SEPD,HV,1,TK5950,43,2026-06-21T09:02:32Z,2026-06-21T13:45:15Z,4.71
KW17 2AN,SHEPD,HV,1,TK6471,37,2026-06-21T17:09:19Z,2026-06-21T21:48:03Z,4.65
KW17 2AR,SHEPD,HV,1,TK6471,37,2026-06-21T17:09:19Z,2026-06-21T21:48:03Z,4.65
SN5 7TS,SEPD,LV,1,TK4037,3,2026-06-19T13:47:21Z,2026-06-19T18:19:18Z,4.53
SN5 7YT,SEPD,LV,1,TK4037,3,2026-06-19T13:47:21Z,2026-06-19T18:19:18Z,4.53
GU15 2AB,SEPD,LV,1,TK2417,12,2026-06-18T06:28:43Z,2026-06-18T10:56:41Z,4.47
GU15 2DU,SEPD,LV,1,TK2417,12,2026-06-18T06:28:43Z,2026-06-18T10:56:41Z,4.47
SP3 5BS,SEPD,HV,1,TK8622,28,2026-06-23T01:26:30Z,2026-06-23T05:47:19Z,4.35
SP3 5SA,SEPD,HV,1,TK8622,28,2026-06-23T01:26:30Z,2026-06-23T05:47:19Z,4.35
SP3 5SB,SEPD,HV,1,TK8622,28,2026-06-23T01:26:30Z,2026-06-23T05:47:19Z,4.35
SP3 5SD,SEPD,HV,1,TK8622,28,2026-06-23T01:26:30Z,2026-06-23T05:47:19Z,4.35
SP3 6NG,SEPD,HV,1,TK8622,28,2026-06-23T01:26:30Z,2026-06-23T05:47:19Z,4.35
BH15 4HP,SEPD,LV,1,TK4641,17,2026-06-19T18:19:18Z,2026-06-19T22:36:42Z,4.29
BH15 4HR,SEPD,LV,1,TK4641,17,2026-06-19T18:19:18Z,2026-06-19T22:36:42Z,4.29
BH15 4HS,SEPD,LV,1,TK4641,17,2026-06-19T18:19:18Z,2026-06-19T22:36:42Z,4.29
BH15 4QT,SEPD,LV,1,TK4641,17,2026-06-19T18:19:18Z,2026-06-19T22:36:42Z,4.29
DT11 8DH,SEPD,HV,1,TK3486,119,2026-06-18T19:55:48Z,2026-06-19T00:07:41Z,4.2
DT11 8DR,SEPD,HV,1,TK3486,119,2026-06-18T19:55:48Z,2026-06-19T00:07:41Z,4.2
DT11 8DW,SEPD,HV,1,TK3486,119,2026-06-18T19:55:48Z,2026-06-19T00:07:41Z,4.2
DT11 8FP,SEPD,HV,1,TK3486,119,2026-06-18T19:55:48Z,2026-06-19T00:07:41Z,4.2
DT11 8LW,SEPD,HV,1,TK3486,119,2026-06-18T19:55:48Z,2026-06-19T00:07:41Z,4.2
DT11 8QN,SEPD,HV,1,TK3486,119,2026-06-18T19:55:48Z,2026-06-19T00:07:41Z,4.2
DT11 8QS,SEPD,HV,1,TK3486,119,2026-06-18T19:55:48Z,2026-06-19T00:07:41Z,4.2
DT11 8QT,SEPD,HV,1,TK3486,119,2026-06-18T19:55:48Z,2026-06-19T00:07:41Z,4.2
DT2 8GE,SEPD,HV,1,TK3486,119,2026-06-18T19:55:48Z,2026-06-19T00:07:41Z,4.2
DT2 8GF,SEPD,HV,1,TK3486,119,2026-06-18T19:55:48Z,2026-06-19T00:07:41Z,4.2
RG12 0PE,SEPD,LV,1,TK3431,39,2026-06-18T19:55:48Z,2026-06-19T00:07:41Z,4.2
RG12 0UJ,SEPD,LV,1,TK3431,39,2026-06-18T19:55:48Z,2026-06-19T00:07:41Z,4.2
RG12 0UL,SEPD,LV,1,TK3431,39,2026-06-18T19:55:48Z,2026-06-19T00:07:41Z,4.2
SN4 8DA,SEPD,LV,1,TK5032,13,2026-06-20T09:52:43Z,2026-06-20T13:46:19Z,3.89
SN4 8DE,SEPD,LV,1,TK5032,13,2026-06-20T09:52:43Z,2026-06-20T13:46:19Z,3.89
SN4 8DF,SEPD,LV,1,TK5032,13,2026-06-20T09:52:43Z,2026-06-20T13:46:19Z,3.89
SN4 8DQ,SEPD,LV,1,TK5032,13,2026-06-20T09:52:43Z,2026-06-20T13:46:19Z,3.89
SP10 5PB,SEPD,LV,1,TK4953,21,2026-06-20T09:52:43Z,2026-06-20T13:46:19Z,3.89
SP10 5PH,SEPD,LV,1,TK4953,21,2026-06-20T09:52:43Z,2026-06-20T13:46:19Z,3.89
SP10 5PJ,SEPD,LV,1,TK4953,21,2026-06-20T09:52:43Z,2026-06-20T13:46:19Z,3.89
SP10 5PN,SEPD,LV,1,TK4953,21,2026-06-20T09:52:43Z,2026-06-20T13:46:19Z,3.89
BH24 3HE,SEPD,PSI,2,"252238,252239",42,2026-06-16T12:32:38Z,2026-06-17T13:54:46Z,3.87
BH24 3HF,SEPD,PSI,2,"252238,252239",42,2026-06-16T12:32:38Z,2026-06-17T13:54:46Z,3.87
GL54 2LF,SEPD,"PSI,HV",2,"252437,TK8241",2884,2026-06-17T10:02:27Z,2026-06-22T19:46:47Z,3.87
OX12 7QG,SEPD,PSI,2,"251497,251705",64,2026-06-17T10:02:27Z,2026-06-18T10:56:41Z,3.87
AB23 8AR,SHEPD,PSI,1,251536,16,2026-06-17T10:02:27Z,2026-06-17T13:54:46Z,3.87
AB23 8BE,SHEPD,PSI,1,251536,16,2026-06-17T10:02:27Z,2026-06-17T13:54:46Z,3.87
AB23 8BT,SHEPD,PSI,1,251536,16,2026-06-17T10:02:27Z,2026-06-17T13:54:46Z,3.87
AB54 4LT,SHEPD,PSI,1,251781,51,2026-06-17T10:02:27Z,2026-06-17T13:54:46Z,3.87
AB54 4SL,SHEPD,PSI,1,251781,51,2026-06-17T10:02:27Z,2026-06-17T13:54:46Z,3.87
AB54 4SN,SHEPD,PSI,1,251781,51,2026-06-17T10:02:27Z,2026-06-17T13:54:46Z,3.87
AB54 4SP,SHEPD,PSI,1,251781,51,2026-06-17T10:02:27Z,2026-06-17T13:54:46Z,3.87
AB54 4SQ,SHEPD,PSI,1,251781,51,2026-06-17T10:02:27Z,2026-06-17T13:54:46Z,3.87
AB54 7JQ,SHEPD,PSI,1,251781,51,2026-06-17T10:02:27Z,2026-06-17T13:54:46Z,3.87
AB54 7NA,SHEPD,PSI,1,251781,51,2026-06-17T10:02:27Z,2026-06-17T13:54:46Z,3.87
AB54 7NW,SHEPD,PSI,1,251781,51,2026-06-17T10:02:27Z,2026-06-17T13:54:46Z,3.87
AB54 7YY,SHEPD,PSI,1,251781,51,2026-06-17T10:02:27Z,2026-06-17T13:54:46Z,3.87
BA14 8RA,SEPD,PSI,1,251104,13,2026-06-17T10:02:27Z,2026-06-17T13:54:46Z,3.87
GL54 2AR,SEPD,PSI,1,252437,104,2026-06-17T10:02:27Z,2026-06-17T13:54:46Z,3.87
GL54 2AT,SEPD,PSI,1,252437,104,2026-06-17T10:02:27Z,2026-06-17T13:54:46Z,3.87
GL54 2BJ,SEPD,PSI,1,252437,104,2026-06-17T10:02:27Z,2026-06-17T13:54:46Z,3.87
GL54 2DD,SEPD,PSI,1,252437,104,2026-06-17T10:02:27Z,2026-06-17T13:54:46Z,3.87
GL54 2EE,SEPD,PSI,1,252437,104,2026-06-17T10:02:27Z,2026-06-17T13:54:46Z,3.87
GL54 2LE,SEPD,PSI,1,252437,104,2026-06-17T10:02:27Z,2026-06-17T13:54:46Z,3.87
GL54 2LS,SEPD,PSI,1,252437,104,2026-06-17T10:02:27Z,2026-06-17T13:54:46Z,3.87
GL54 2PR,SEPD,PSI,1,252437,104,2026-06-17T10:02:27Z,2026-06-17T13:54:46Z,3.87
GL54 3BH,SEPD,PSI,1,252437,104,2026-06-17T10:02:27Z,2026-06-17T13:54:46Z,3.87
GU10 1JB,SEPD,PSI,1,251671,21,2026-06-17T10:02:27Z,2026-06-17T13:54:46Z,3.87
GU10 1JE,SEPD,PSI,1,251671,21,2026-06-17T10:02:27Z,2026-06-17T13:54:46Z,3.87
GU10 1JF,SEPD,PSI,1,251671,21,2026-06-17T10:02:27Z,2026-06-17T13:54:46Z,3.87
GU10 1JH,SEPD,PSI,1,251671,21,2026-06-17T10:02:27Z,2026-06-17T13:54:46Z,3.87
GU10 1JJ,SEPD,PSI,1,251671,21,2026-06-17T10:02:27Z,2026-06-17T13:54:46Z,3.87
GU8 6DA,SEPD,PSI,1,251671,21,2026-06-17T10:02:27Z,2026-06-17T13:54:46Z,3.87
GU8 6EA,SEPD,PSI,1,252023,30,2026-06-17T10:02:27Z,2026-06-17T13:54:46Z,3.87
GU8 6ED,SEPD,PSI,1,252023,30,2026-06-17T10:02:27Z,2026-06-17T13:54:46Z,3.87
GU8 6EE,SEPD,PSI,1,252023,30,2026-06-17T10:02:27Z,2026-06-17T13:54:46Z,3.87
GU8 6LG,SEPD,PSI,1,251671,21,2026-06-17T10:02:27Z,2026-06-17T13:54:46Z,3.87
GU8 6LN,SEPD,PSI,1,252023,30,2026-06-17T10:02:27Z,2026-06-17T13:54:46Z,3.87
GU8 6LW,SEPD,PSI,1,252023,30,2026-06-17T10:02:27Z,2026-06-17T13:54:46Z,3.87
IV9 8RD,SHEPD,PSI,1,251559,17,2026-06-17T10:02:27Z,2026-06-17T13:54:46Z,3.87
IV9 8RF,SHEPD,PSI,1,251559,17,2026-06-17T10:02:27Z,2026-06-17T13:54:46Z,3.87
OX12 0AN,SEPD,PSI,1,251497,45,2026-06-17T10:02:27Z,2026-06-17T13:54:46Z,3.87
OX12 0DG,SEPD,PSI,1,251497,45,2026-06-17T10:02:27Z,2026-06-17T13:54:46Z,3.87
OX12 0DH,SEPD,PSI,1,251497,45,2026-06-17T10:02:27Z,2026-06-17T13:54:46Z,3.87
OX12 0HR,SEPD,PSI,1,251497,45,2026-06-17T10:02:27Z,2026-06-17T13:54:46Z,3.87
OX12 7PH,SEPD,PSI,1,251497,45,2026-06-17T10:02:27Z,2026-06-17T13:54:46Z,3.87
OX12 7QQ,SEPD,PSI,1,251497,45,2026-06-17T10:02:27Z,2026-06-17T13:54:46Z,3.87
OX12 8GT,SEPD,PSI,1,251497,45,2026-06-17T10:02:27Z,2026-06-17T13:54:46Z,3.87
OX12 8SG,SEPD,PSI,1,251497,45,2026-06-17T10:02:27Z,2026-06-17T13:54:46Z,3.87
OX12 9JY,SEPD,PSI,1,251716,74,2026-06-17T10:02:27Z,2026-06-17T13:54:46Z,3.87
OX12 9RG,SEPD,PSI,1,251716,74,2026-06-17T10:02:27Z,2026-06-17T13:54:46Z,3.87
OX12 9SQ,SEPD,PSI,1,251716,74,2026-06-17T10:02:27Z,2026-06-17T13:54:46Z,3.87
RG30 3RA,SEPD,PSI,1,251429,9,2026-06-17T10:02:27Z,2026-06-17T13:54:46Z,3.87
SL5 0HE,SEPD,LV,1,TK1052,8,2026-06-17T10:02:27Z,2026-06-17T13:54:46Z,3.87
SL5 0HU,SEPD,LV,1,TK1052,8,2026-06-17T10:02:27Z,2026-06-17T13:54:46Z,3.87
SL5 0HX,SEPD,LV,1,TK1052,8,2026-06-17T10:02:27Z,2026-06-17T13:54:46Z,3.87
SL5 9LQ,SEPD,LV,1,TK1052,8,2026-06-17T10:02:27Z,2026-06-17T13:54:46Z,3.87
SL5 9RQ,SEPD,LV,1,TK1052,8,2026-06-17T10:02:27Z,2026-06-17T13:54:46Z,3.87
SO16 8AL,SEPD,PSI,1,251308,25,2026-06-17T10:02:27Z,2026-06-17T13:54:46Z,3.87
SO51 9LL,SEPD,PSI,1,251308,25,2026-06-17T10:02:27Z,2026-06-17T13:54:46Z,3.87
SO51 9LN,SEPD,PSI,1,251308,25,2026-06-17T10:02:27Z,2026-06-17T13:54:46Z,3.87
AB43 7TU,SHEPD,PSI,1,251948,3,2026-06-19T10:03:19Z,2026-06-19T13:47:21Z,3.73
BH20 6AB,SEPD,PSI,1,252431,19,2026-06-19T10:03:19Z,2026-06-19T13:47:21Z,3.73
BH20 6AD,SEPD,PSI,1,252431,19,2026-06-19T10:03:19Z,2026-06-19T13:47:21Z,3.73
BH20 6AE,SEPD,PSI,1,252431,19,2026-06-19T10:03:19Z,2026-06-19T13:47:21Z,3.73
BH20 6AS,SEPD,PSI,1,252435,4,2026-06-19T10:03:19Z,2026-06-19T13:47:21Z,3.73
BH24 4HY,SEPD,PSI,1,252073,5,2026-06-19T10:03:19Z,2026-06-19T13:47:21Z,3.73
DT11 8DT,SEPD,PSI,1,250982,69,2026-06-19T10:03:19Z,2026-06-19T13:47:21Z,3.73
DT11 8ED,SEPD,PSI,1,250982,69,2026-06-19T10:03:19Z,2026-06-19T13:47:21Z,3.73
DT11 8EE,SEPD,PSI,1,250982,69,2026-06-19T10:03:19Z,2026-06-19T13:47:21Z,3.73
DT11 8EF,SEPD,PSI,1,250982,69,2026-06-19T10:03:19Z,2026-06-19T13:47:21Z,3.73
DT11 8EG,SEPD,PSI,1,250982,69,2026-06-19T10:03:19Z,2026-06-19T13:47:21Z,3.73
DT11 8EQ,SEPD,PSI,1,250982,69,2026-06-19T10:03:19Z,2026-06-19T13:47:21Z,3.73
DT11 8EX,SEPD,PSI,1,250982,69,2026-06-19T10:03:19Z,2026-06-19T13:47:21Z,3.73
DT11 8HB,SEPD,PSI,1,250982,69,2026-06-19T10:03:19Z,2026-06-19T13:47:21Z,3.73
DT11 8QP,SEPD,PSI,1,250982,69,2026-06-19T10:03:19Z,2026-06-19T13:47:21Z,3.73
DT11 8QR,SEPD,PSI,1,250982,69,2026-06-19T10:03:19Z,2026-06-19T13:47:21Z,3.73
DT11 8QX,SEPD,PSI,1,250982,69,2026-06-19T10:03:19Z,2026-06-19T13:47:21Z,3.73
DT11 8QY,SEPD,PSI,1,250982,69,2026-06-19T10:03:19Z,2026-06-19T13:47:21Z,3.73
GU8 4UX,SEPD,PSI,1,251737,17,2026-06-19T10:03:19Z,2026-06-19T13:47:21Z,3.73
GU8 5SZ,SEPD,PSI,1,251737,17,2026-06-19T10:03:19Z,2026-06-19T13:47:21Z,3.73
GU8 5TT,SEPD,PSI,1,251737,17,2026-06-19T10:03:19Z,2026-06-19T13:47:21Z,3.73
GU8 5TU,SEPD,PSI,1,251737,17,2026-06-19T10:03:19Z,2026-06-19T13:47:21Z,3.73
KW16 3EX,SHEPD,PSI,1,252198,6,2026-06-19T10:03:19Z,2026-06-19T13:47:21Z,3.73
PH25 3DG,SHEPD,PSI,1,252489,25,2026-06-19T10:03:19Z,2026-06-19T13:47:21Z,3.73
PH25 3DH,SHEPD,PSI,1,252489,25,2026-06-19T10:03:19Z,2026-06-19T13:47:21Z,3.73
PO9 5AX,SEPD,PSI,1,251432,2,2026-06-19T10:03:19Z,2026-06-19T13:47:21Z,3.73
PO9 5BQ,SEPD,PSI,1,251432,2,2026-06-19T10:03:19Z,2026-06-19T13:47:21Z,3.73
BH23 8AA,SEPD,LV,1,TK8505,32,2026-06-22T21:52:49Z,2026-06-23T01:26:30Z,3.56
BH23 8AB,SEPD,LV,1,TK8505,32,2026-06-22T21:52:49Z,2026-06-23T01:26:30Z,3.56
BH23 8AD,SEPD,LV,1,TK8505,32,2026-06-22T21:52:49Z,2026-06-23T01:26:30Z,3.56
BH23 8AE,SEPD,LV,1,TK8505,32,2026-06-22T21:52:49Z,2026-06-23T01:26:30Z,3.56
BH23 8AF,SEPD,LV,1,TK8505,32,2026-06-22T21:52:49Z,2026-06-23T01:26:30Z,3.56
BH23 8AL,SEPD,LV,1,TK8505,32,2026-06-22T21:52:49Z,2026-06-23T01:26:30Z,3.56
BH23 8NA,SEPD,LV,1,TK8505,32,2026-06-22T21:52:49Z,2026-06-23T01:26:30Z,3.56
BH23 8NG,SEPD,LV,1,TK8505,32,2026-06-22T21:52:49Z,2026-06-23T01:26:30Z,3.56
BH23 8NH,SEPD,LV,1,TK8505,32,2026-06-22T21:52:49Z,2026-06-23T01:26:30Z,3.56
BH23 8NJ,SEPD,LV,1,TK8505,32,2026-06-22T21:52:49Z,2026-06-23T01:26:30Z,3.56
BH23 8NQ,SEPD,LV,1,TK8505,32,2026-06-22T21:52:49Z,2026-06-23T01:26:30Z,3.56
BH23 8NR,SEPD,LV,1,TK8505,32,2026-06-22T21:52:49Z,2026-06-23T01:26:30Z,3.56
GU34 4AF,SEPD,LV,1,TK8357,12,2026-06-22T21:52:49Z,2026-06-23T01:26:30Z,3.56
GU34 4AG,SEPD,LV,1,TK8357,12,2026-06-22T21:52:49Z,2026-06-23T01:26:30Z,3.56
GU34 4AQ,SEPD,LV,1,TK8357,12,2026-06-22T21:52:49Z,2026-06-23T01:26:30Z,3.56
KW17 2BJ,SHEPD,HV,1,TK8470,36,2026-06-22T21:52:49Z,2026-06-23T01:26:30Z,3.56
KW17 2BL,SHEPD,HV,1,TK8470,36,2026-06-22T21:52:49Z,2026-06-23T01:26:30Z,3.56
KW17 2BP,SHEPD,HV,1,TK8470,36,2026-06-22T21:52:49Z,2026-06-23T01:26:30Z,3.56
KW17 2BW,SHEPD,HV,1,TK8470,36,2026-06-22T21:52:49Z,2026-06-23T01:26:30Z,3.56
SN10 5AX,SEPD,LV,1,TK0663,24,2026-06-16T20:31:54Z,2026-06-17T00:01:43Z,3.5
SN10 5BL,SEPD,LV,1,TK0663,24,2026-06-16T20:31:54Z,2026-06-17T00:01:43Z,3.5
SN10 5BP,SEPD,LV,1,TK0663,24,2026-06-16T20:31:54Z,2026-06-17T00:01:43Z,3.5
SN10 5BS,SEPD,LV,1,TK0663,24,2026-06-16T20:31:54Z,2026-06-17T00:01:43Z,3.5
SN10 5BT,SEPD,LV,1,TK0663,24,2026-06-16T20:31:54Z,2026-06-17T00:01:43Z,3.5
SN10 5BX,SEPD,LV,1,TK0663,24,2026-06-16T20:31:54Z,2026-06-17T00:01:43Z,3.5
SP10 3DG,SEPD,LV,1,TK0615,23,2026-06-16T20:31:54Z,2026-06-17T00:01:43Z,3.5
SP10 3DL,SEPD,LV,1,TK0615,23,2026-06-16T20:31:54Z,2026-06-17T00:01:43Z,3.5
SP10 3EE,SEPD,LV,1,TK0615,23,2026-06-16T20:31:54Z,2026-06-17T00:01:43Z,3.5
SP10 3NF,SEPD,LV,1,TK0615,23,2026-06-16T20:31:54Z,2026-06-17T00:01:43Z,3.5
SP10 3TA,SEPD,LV,1,TK0615,23,2026-06-16T20:31:54Z,2026-06-17T00:01:43Z,3.5
BA13 3SF,SEPD,LV,1,TK8365,28,2026-06-22T19:46:47Z,2026-06-22T23:14:55Z,3.47
BA13 3SH,SEPD,LV,1,TK8365,28,2026-06-22T19:46:47Z,2026-06-22T23:14:55Z,3.47
BA13 3SJ,SEPD,LV,1,TK8365,28,2026-06-22T19:46:47Z,2026-06-22T23:14:55Z,3.47
BA13 3SQ,SEPD,LV,1,TK8365,28,2026-06-22T19:46:47Z,2026-06-22T23:14:55Z,3.47
BA13 3SS,SEPD,LV,1,TK8365,28,2026-06-22T19:46:47Z,2026-06-22T23:14:55Z,3.47
BA13 3SU,SEPD,LV,1,TK8365,28,2026-06-22T19:46:47Z,2026-06-22T23:14:55Z,3.47
SN14 6FE,SEPD,HV,1,TK8230,3,2026-06-22T19:46:47Z,2026-06-22T23:14:55Z,3.47
SN14 6JP,SEPD,HV,1,TK8230,3,2026-06-22T19:46:47Z,2026-06-22T23:14:55Z,3.47
SN14 6JR,SEPD,HV,1,TK8230,3,2026-06-22T19:46:47Z,2026-06-22T23:14:55Z,3.47
SN14 6JS,SEPD,HV,1,TK8230,3,2026-06-22T19:46:47Z,2026-06-22T23:14:55Z,3.47
SN14 6JT,SEPD,HV,1,TK8230,3,2026-06-22T19:46:47Z,2026-06-22T23:14:55Z,3.47
SN14 6JU,SEPD,HV,1,TK8230,3,2026-06-22T19:46:47Z,2026-06-22T23:14:55Z,3.47
SN14 6JX,SEPD,HV,1,TK8230,3,2026-06-22T19:46:47Z,2026-06-22T23:14:55Z,3.47
SN14 6LB,SEPD,HV,1,TK8230,3,2026-06-22T19:46:47Z,2026-06-22T23:14:55Z,3.47
SN14 6LP,SEPD,HV,1,TK8230,3,2026-06-22T19:46:47Z,2026-06-22T23:14:55Z,3.47
SN14 6LS,SEPD,HV,1,TK8230,3,2026-06-22T19:46:47Z,2026-06-22T23:14:55Z,3.47
RG17 0PP,SEPD,PSI,2,"251613,251615",96,2026-06-18T10:56:41Z,2026-06-19T10:03:19Z,3.33
RG17 0PR,SEPD,PSI,2,"251613,251615",96,2026-06-18T10:56:41Z,2026-06-19T10:03:19Z,3.33
RG17 0PT,SEPD,PSI,2,"251613,251615",96,2026-06-18T10:56:41Z,2026-06-19T10:03:19Z,3.33
RG17 0PX,SEPD,PSI,2,"251613,251615",96,2026-06-18T10:56:41Z,2026-06-19T10:03:19Z,3.33
AB43 7LU,SHEPD,PSI,1,252236,3,2026-06-18T10:56:41Z,2026-06-18T14:16:29Z,3.33
BH24 1EA,SEPD,PSI,1,252250,55,2026-06-18T10:56:41Z,2026-06-18T14:16:29Z,3.33
BH24 1PD,SEPD,PSI,1,252250,55,2026-06-18T10:56:41Z,2026-06-18T14:16:29Z,3.33
BH24 1PN,SEPD,PSI,1,252250,55,2026-06-18T10:56:41Z,2026-06-18T14:16:29Z,3.33
BH24 3DZ,SEPD,PSI,1,252250,55,2026-06-18T10:56:41Z,2026-06-18T14:16:29Z,3.33
BH24 3EE,SEPD,PSI,1,252250,55,2026-06-18T10:56:41Z,2026-06-18T14:16:29Z,3.33
BH24 3EF,SEPD,PSI,1,252250,55,2026-06-18T10:56:41Z,2026-06-18T14:16:29Z,3.33
DT2 0ER,SEPD,PSI,1,252313,14,2026-06-18T10:56:41Z,2026-06-18T14:16:29Z,3.33
DT2 0ES,SEPD,PSI,1,252313,14,2026-06-18T10:56:41Z,2026-06-18T14:16:29Z,3.33
DT2 0ET,SEPD,PSI,1,252313,14,2026-06-18T10:56:41Z,2026-06-18T14:16:29Z,3.33
OX27 7NE,SEPD,PSI,1,251820,5,2026-06-18T10:56:41Z,2026-06-18T14:16:29Z,3.33
OX27 7NF,SEPD,PSI,1,251820,5,2026-06-18T10:56:41Z,2026-06-18T14:16:29Z,3.33
OX3 8JF,SEPD,PSI,1,252543,20,2026-06-18T10:56:41Z,2026-06-18T14:16:29Z,3.33
OX3 8JJ,SEPD,PSI,1,252543,20,2026-06-18T10:56:41Z,2026-06-18T14:16:29Z,3.33
OX7 4AR,SEPD,PSI,1,251317,18,2026-06-18T10:56:41Z,2026-06-18T14:16:29Z,3.33
OX7 4AS,SEPD,PSI,1,251317,18,2026-06-18T10:56:41Z,2026-06-18T14:16:29Z,3.33
OX7 4JJ,SEPD,PSI,1,251317,18,2026-06-18T10:56:41Z,2026-06-18T14:16:29Z,3.33
OX7 4JL,SEPD,PSI,1,251317,18,2026-06-18T10:56:41Z,2026-06-18T14:16:29Z,3.33
OX7 4JN,SEPD,PSI,1,251317,18,2026-06-18T10:56:41Z,2026-06-18T14:16:29Z,3.33
PH3 1HL,SHEPD,PSI,1,252276,6,2026-06-18T10:56:41Z,2026-06-18T14:16:29Z,3.33
PH3 1HN,SHEPD,PSI,1,252276,6,2026-06-18T10:56:41Z,2026-06-18T14:16:29Z,3.33
PH3 1HZ,SHEPD,PSI,1,252276,6,2026-06-18T10:56:41Z,2026-06-18T14:16:29Z,3.33
RG30 3TA,SEPD,PSI,1,251302,5,2026-06-18T10:56:41Z,2026-06-18T14:16:29Z,3.33
RH13,SEPD,PSI,1,251059,13,2026-06-18T10:56:41Z,2026-06-18T14:16:29Z,3.33
RH13 0RB,SEPD,PSI,1,251059,13,2026-06-18T10:56:41Z,2026-06-18T14:16:29Z,3.33
SO16 8FY,SEPD,PSI,1,252532,3,2026-06-18T10:56:41Z,2026-06-18T14:16:29Z,3.33
SO24 0HN,SEPD,PSI,1,251440,38,2026-06-18T10:56:41Z,2026-06-18T14:16:29Z,3.33
SO24 0HP,SEPD,PSI,1,251440,38,2026-06-18T10:56:41Z,2026-06-18T14:16:29Z,3.33
SO24 0HW,SEPD,PSI,1,251440,38,2026-06-18T10:56:41Z,2026-06-18T14:16:29Z,3.33
W3 8BD,SEPD,LV,1,TK4881,45,2026-06-19T22:36:42Z,2026-06-20T01:56:34Z,3.33
W3 8QA,SEPD,LV,1,TK4881,45,2026-06-19T22:36:42Z,2026-06-20T01:56:34Z,3.33
W3 8RS,SEPD,LV,1,TK4881,45,2026-06-19T22:36:42Z,2026-06-20T01:56:34Z,3.33
W3 8RZ,SEPD,LV,1,TK4881,45,2026-06-19T22:36:42Z,2026-06-20T01:56:34Z,3.33
ZE2 9BB,SHEPD,PSI,1,251396,124,2026-06-18T10:56:41Z,2026-06-18T14:16:29Z,3.33
ZE2 9BZ,SHEPD,PSI,1,251396,124,2026-06-18T10:56:41Z,2026-06-18T14:16:29Z,3.33
ZE2 9DD,SHEPD,PSI,1,251396,124,2026-06-18T10:56:41Z,2026-06-18T14:16:29Z,3.33
ZE2 9DE,SHEPD,PSI,1,251396,124,2026-06-18T10:56:41Z,2026-06-18T14:16:29Z,3.33
IV30 8SH,SHEPD,"LV,HV",3,"TK1599,TK1771,TK4430",52,2026-06-17T13:54:46Z,2026-06-19T13:47:21Z,3.32
HP11 1AJ,SEPD,LV,1,TK1534,34,2026-06-17T13:54:46Z,2026-06-17T17:14:07Z,3.32
HP11 1AL,SEPD,LV,1,TK1534,34,2026-06-17T13:54:46Z,2026-06-17T17:14:07Z,3.32
HP11 1AW,SEPD,LV,1,TK1534,34,2026-06-17T13:54:46Z,2026-06-17T17:14:07Z,3.32
HP11 1GS,SEPD,LV,1,TK1534,34,2026-06-17T13:54:46Z,2026-06-17T17:14:07Z,3.32
HP11 1HS,SEPD,LV,1,TK1534,34,2026-06-17T13:54:46Z,2026-06-17T17:14:07Z,3.32
HP11 1JB,SEPD,LV,1,TK1534,34,2026-06-17T13:54:46Z,2026-06-17T17:14:07Z,3.32
EH21 7BF,SHEPD,LV,1,TK6527,11,2026-06-21T18:50:32Z,2026-06-21T21:48:03Z,2.96
EH21 7BS,SHEPD,LV,1,TK6527,11,2026-06-21T18:50:32Z,2026-06-21T21:48:03Z,2.96
EH46 7JL,SHEPD,LV,1,TK6527,11,2026-06-21T18:50:32Z,2026-06-21T21:48:03Z,2.96
BH24 3BU,SEPD,PSI,1,252077,19,2026-06-21T09:02:32Z,2026-06-21T11:50:55Z,2.81
BH24 3BZ,SEPD,PSI,1,252077,19,2026-06-21T09:02:32Z,2026-06-21T11:50:55Z,2.81
BH24 3DA,SEPD,PSI,1,252077,19,2026-06-21T09:02:32Z,2026-06-21T11:50:55Z,2.81
BH24 3DB,SEPD,PSI,1,252077,19,2026-06-21T09:02:32Z,2026-06-21T11:50:55Z,2.81
SL6 4AY,SEPD,PSI,1,250047,3,2026-06-21T09:02:32Z,2026-06-21T11:50:55Z,2.81
SO31 8GE,SEPD,LV,1,TK2267,17,2026-06-17T23:05:25Z,2026-06-18T01:40:26Z,2.58
SO31 8GF,SEPD,LV,1,TK2267,17,2026-06-17T23:05:25Z,2026-06-18T01:40:26Z,2.58
BA14 6AA,SEPD,HV,1,TK6790,65,2026-06-21T21:48:03Z,2026-06-22T00:19:27Z,2.52
BA14 6AB,SEPD,HV,1,TK6790,65,2026-06-21T21:48:03Z,2026-06-22T00:19:27Z,2.52
BA14 6AD,SEPD,HV,1,TK6790,65,2026-06-21T21:48:03Z,2026-06-22T00:19:27Z,2.52
BA14 6AE,SEPD,HV,1,TK6790,65,2026-06-21T21:48:03Z,2026-06-22T00:19:27Z,2.52
BA14 6AF,SEPD,HV,1,TK6790,65,2026-06-21T21:48:03Z,2026-06-22T00:19:27Z,2.52
BA14 6AQ,SEPD,HV,1,TK6790,65,2026-06-21T21:48:03Z,2026-06-22T00:19:27Z,2.52
BA14 6DQ,SEPD,HV,1,TK6790,65,2026-06-21T21:48:03Z,2026-06-22T00:19:27Z,2.52
BA15 1JS,SEPD,LV,2,"TK3515,TK8166",14,2026-06-18T19:55:48Z,2026-06-22T19:46:47Z,2.44
BA15 1JX,SEPD,LV,2,"TK3515,TK8166",14,2026-06-18T19:55:48Z,2026-06-22T19:46:47Z,2.44
BA15 1LN,SEPD,LV,2,"TK3515,TK8166",14,2026-06-18T19:55:48Z,2026-06-22T19:46:47Z,2.44
BA15 1NB,SEPD,LV,2,"TK3515,TK8166",14,2026-06-18T19:55:48Z,2026-06-22T19:46:47Z,2.44
SN13 0LF,SEPD,LV,1,TK3540,7,2026-06-18T19:55:48Z,2026-06-18T22:22:12Z,2.44
SN13 0LR,SEPD,LV,1,TK3540,7,2026-06-18T19:55:48Z,2026-06-18T22:22:12Z,2.44
SN2 1JG,SEPD,LV,1,TK3542,30,2026-06-18T19:55:48Z,2026-06-18T22:22:12Z,2.44
SN2 1JH,SEPD,LV,1,TK3542,30,2026-06-18T19:55:48Z,2026-06-18T22:22:12Z,2.44
SN2 2DN,SEPD,LV,1,TK3542,30,2026-06-18T19:55:48Z,2026-06-18T22:22:12Z,2.44
SN2 2LL,SEPD,LV,1,TK3542,30,2026-06-18T19:55:48Z,2026-06-18T22:22:12Z,2.44
SN2 2ND,SEPD,LV,1,TK3542,30,2026-06-18T19:55:48Z,2026-06-18T22:22:12Z,2.44
SN2 2NX,SEPD,LV,1,TK3542,30,2026-06-18T19:55:48Z,2026-06-18T22:22:12Z,2.44
SN2 2NY,SEPD,LV,1,TK3542,30,2026-06-18T19:55:48Z,2026-06-18T22:22:12Z,2.44
SN2 2NZ,SEPD,LV,1,TK3542,30,2026-06-18T19:55:48Z,2026-06-18T22:22:12Z,2.44
SN2 2PD,SEPD,LV,1,TK3542,30,2026-06-18T19:55:48Z,2026-06-18T22:22:12Z,2.44
SN2 2PF,SEPD,LV,1,TK3542,30,2026-06-18T19:55:48Z,2026-06-18T22:22:12Z,2.44
SO19 7HS,SEPD,LV,1,TK3308,20,2026-06-18T17:36:33Z,2026-06-18T19:55:48Z,2.32
SO19 9AA,SEPD,LV,1,TK3308,20,2026-06-18T17:36:33Z,2026-06-18T19:55:48Z,2.32
SO19 9AB,SEPD,LV,1,TK3308,20,2026-06-18T17:36:33Z,2026-06-18T19:55:48Z,2.32
SO19 9DT,SEPD,LV,1,TK3308,20,2026-06-18T17:36:33Z,2026-06-18T19:55:48Z,2.32
SO19 9DW,SEPD,LV,1,TK3308,20,2026-06-18T17:36:33Z,2026-06-18T19:55:48Z,2.32
SO19 9DX,SEPD,LV,1,TK3308,20,2026-06-18T17:36:33Z,2026-06-18T19:55:48Z,2.32
SO19 9PG,SEPD,LV,1,TK3308,20,2026-06-18T17:36:33Z,2026-06-18T19:55:48Z,2.32
DT3 6NH,SEPD,LV,1,TK4834,16,2026-06-22T23:14:55Z,2026-06-23T01:26:30Z,2.19
DT3 6NL,SEPD,LV,1,TK4834,16,2026-06-22T23:14:55Z,2026-06-23T01:26:30Z,2.19
DT3 6NR,SEPD,LV,1,TK4834,16,2026-06-22T23:14:55Z,2026-06-23T01:26:30Z,2.19
SL4 1AT,SEPD,LV,1,TK4923,3,2026-06-19T23:47:34Z,2026-06-20T01:56:34Z,2.15
SL4 1EL,SEPD,LV,1,TK4923,3,2026-06-19T23:47:34Z,2026-06-20T01:56:34Z,2.15
SL4 1EN,SEPD,LV,1,TK4923,3,2026-06-19T23:47:34Z,2026-06-20T01:56:34Z,2.15
GL53 9NP,SEPD,HV,3,"TK8238,TK8241,TK8243",5336,2026-06-22T19:46:47Z,2026-06-22T21:52:49Z,2.1
GL54,SEPD,HV,3,"TK8238,TK8241,TK8243",5336,2026-06-22T19:46:47Z,2026-06-22T21:52:49Z,2.1
GL54 4ED,SEPD,HV,3,"TK8238,TK8241,TK8243",5336,2026-06-22T19:46:47Z,2026-06-22T21:52:49Z,2.1
GL54 4HD,SEPD,HV,3,"TK8238,TK8241,TK8243",5336,2026-06-22T19:46:47Z,2026-06-22T21:52:49Z,2.1
GL54 4NR,SEPD,HV,3,"TK8238,TK8241,TK8243",5336,2026-06-22T19:46:47Z,2026-06-22T21:52:49Z,2.1
GL7 7DF,SEPD,HV,3,"TK8238,TK8241,TK8243",5336,2026-06-22T19:46:47Z,2026-06-22T21:52:49Z,2.1
GL53 9FE,SEPD,HV,2,"TK8238,TK8243",2556,2026-06-22T19:46:47Z,2026-06-22T21:52:49Z,2.1
GL53 9NR,SEPD,HV,2,"TK8238,TK8243",2556,2026-06-22T19:46:47Z,2026-06-22T21:52:49Z,2.1
GL53 9NS,SEPD,HV,2,"TK8238,TK8243",2556,2026-06-22T19:46:47Z,2026-06-22T21:52:49Z,2.1
GL53 9RD,SEPD,HV,2,"TK8238,TK8243",2556,2026-06-22T19:46:47Z,2026-06-22T21:52:49Z,2.1
GL54 4AX,SEPD,HV,2,"TK8238,TK8243",2556,2026-06-22T19:46:47Z,2026-06-22T21:52:49Z,2.1
GL54 4AY,SEPD,HV,2,"TK8238,TK8243",2556,2026-06-22T19:46:47Z,2026-06-22T21:52:49Z,2.1
GL54 4AZ,SEPD,HV,2,"TK8238,TK8243",2556,2026-06-22T19:46:47Z,2026-06-22T21:52:49Z,2.1
GL54 4BH,SEPD,HV,2,"TK8238,TK8243",2556,2026-06-22T19:46:47Z,2026-06-22T21:52:49Z,2.1
GL54 4BJ,SEPD,HV,2,"TK8238,TK8243",2556,2026-06-22T19:46:47Z,2026-06-22T21:52:49Z,2.1
GL54 4BL,SEPD,HV,2,"TK8238,TK8243",2556,2026-06-22T19:46:47Z,2026-06-22T21:52:49Z,2.1
GL54 4EX,SEPD,HV,2,"TK8238,TK8243",2556,2026-06-22T19:46:47Z,2026-06-22T21:52:49Z,2.1
GL54 4EY,SEPD,HV,2,"TK8238,TK8243",2556,2026-06-22T19:46:47Z,2026-06-22T21:52:49Z,2.1
GL54 4GZ,SEPD,HV,2,"TK8238,TK8243",2556,2026-06-22T19:46:47Z,2026-06-22T21:52:49Z,2.1
GL54 4HA,SEPD,HV,2,"TK8238,TK8243",2556,2026-06-22T19:46:47Z,2026-06-22T21:52:49Z,2.1
GL54 4HB,SEPD,HV,2,"TK8238,TK8243",2556,2026-06-22T19:46:47Z,2026-06-22T21:52:49Z,2.1
GL54 4HE,SEPD,HV,2,"TK8238,TK8243",2556,2026-06-22T19:46:47Z,2026-06-22T21:52:49Z,2.1
GL54 4HF,SEPD,HV,2,"TK8238,TK8243",2556,2026-06-22T19:46:47Z,2026-06-22T21:52:49Z,2.1
GL54 4HJ,SEPD,HV,2,"TK8238,TK8243",2556,2026-06-22T19:46:47Z,2026-06-22T21:52:49Z,2.1
GL54 4HL,SEPD,HV,2,"TK8238,TK8243",2556,2026-06-22T19:46:47Z,2026-06-22T21:52:49Z,2.1
GL54 4HN,SEPD,HV,2,"TK8238,TK8243",2556,2026-06-22T19:46:47Z,2026-06-22T21:52:49Z,2.1
GL54 4HP,SEPD,HV,2,"TK8238,TK8243",2556,2026-06-22T19:46:47Z,2026-06-22T21:52:49Z,2.1
GL54 4HR,SEPD,HV,2,"TK8238,TK8243",2556,2026-06-22T19:46:47Z,2026-06-22T21:52:49Z,2.1
GL54 4HS,SEPD,HV,2,"TK8238,TK8243",2556,2026-06-22T19:46:47Z,2026-06-22T21:52:49Z,2.1
GL54 4HT,SEPD,HV,2,"TK8238,TK8243",2556,2026-06-22T19:46:47Z,2026-06-22T21:52:49Z,2.1
GL54 4HU,SEPD,HV,2,"TK8238,TK8243",2556,2026-06-22T19:46:47Z,2026-06-22T21:52:49Z,2.1
GL54 4HW,SEPD,HV,2,"TK8238,TK8243",2556,2026-06-22T19:46:47Z,2026-06-22T21:52:49Z,2.1
GL54 4HX,SEPD,HV,2,"TK8238,TK8243",2556,2026-06-22T19:46:47Z,2026-06-22T21:52:49Z,2.1
GL54 4HY,SEPD,HV,2,"TK8238,TK8243",2556,2026-06-22T19:46:47Z,2026-06-22T21:52:49Z,2.1
GL54 4HZ,SEPD,HV,2,"TK8238,TK8243",2556,2026-06-22T19:46:47Z,2026-06-22T21:52:49Z,2.1
GL54 4JA,SEPD,HV,2,"TK8238,TK8243",2556,2026-06-22T19:46:47Z,2026-06-22T21:52:49Z,2.1
GL54 4JB,SEPD,HV,2,"TK8238,TK8243",2556,2026-06-22T19:46:47Z,2026-06-22T21:52:49Z,2.1
GL54 4JD,SEPD,HV,2,"TK8238,TK8243",2556,2026-06-22T19:46:47Z,2026-06-22T21:52:49Z,2.1
GL54 4JE,SEPD,HV,2,"TK8238,TK8243",2556,2026-06-22T19:46:47Z,2026-06-22T21:52:49Z,2.1
GL54 4JF,SEPD,HV,2,"TK8238,TK8243",2556,2026-06-22T19:46:47Z,2026-06-22T21:52:49Z,2.1
GL54 4JG,SEPD,HV,2,"TK8238,TK8243",2556,2026-06-22T19:46:47Z,2026-06-22T21:52:49Z,2.1
GL54 4JH,SEPD,HV,2,"TK8238,TK8243",2556,2026-06-22T19:46:47Z,2026-06-22T21:52:49Z,2.1
GL54 4JJ,SEPD,HV,2,"TK8238,TK8243",2556,2026-06-22T19:46:47Z,2026-06-22T21:52:49Z,2.1
GL54 4JL,SEPD,HV,2,"TK8238,TK8243",2556,2026-06-22T19:46:47Z,2026-06-22T21:52:49Z,2.1
GL54 4JN,SEPD,HV,2,"TK8238,TK8243",2556,2026-06-22T19:46:47Z,2026-06-22T21:52:49Z,2.1
GL54 4JQ,SEPD,HV,2,"TK8238,TK8243",2556,2026-06-22T19:46:47Z,2026-06-22T21:52:49Z,2.1
GL54 4JR,SEPD,HV,2,"TK8238,TK8243",2556,2026-06-22T19:46:47Z,2026-06-22T21:52:49Z,2.1
GL54 4JT,SEPD,HV,2,"TK8238,TK8243",2556,2026-06-22T19:46:47Z,2026-06-22T21:52:49Z,2.1
GL54 4JW,SEPD,HV,2,"TK8238,TK8243",2556,2026-06-22T19:46:47Z,2026-06-22T21:52:49Z,2.1
GL54 4JX,SEPD,HV,2,"TK8238,TK8243",2556,2026-06-22T19:46:47Z,2026-06-22T21:52:49Z,2.1
GL54 4JY,SEPD,HV,2,"TK8238,TK8243",2556,2026-06-22T19:46:47Z,2026-06-22T21:52:49Z,2.1
GL54 4LA,SEPD,HV,2,"TK8238,TK8243",2556,2026-06-22T19:46:47Z,2026-06-22T21:52:49Z,2.1
GL54 4LB,SEPD,HV,2,"TK8238,TK8243",2556,2026-06-22T19:46:47Z,2026-06-22T21:52:49Z,2.1
GL54 4LD,SEPD,HV,2,"TK8238,TK8243",2556,2026-06-22T19:46:47Z,2026-06-22T21:52:49Z,2.1
GL54 4LE,SEPD,HV,2,"TK8238,TK8243",2556,2026-06-22T19:46:47Z,2026-06-22T21:52:49Z,2.1
GL54 4LF,SEPD,HV,2,"TK8238,TK8243",2556,2026-06-22T19:46:47Z,2026-06-22T21:52:49Z,2.1
GL54 4LG,SEPD,HV,2,"TK8238,TK8243",2556,2026-06-22T19:46:47Z,2026-06-22T21:52:49Z,2.1
GL54 4LH,SEPD,HV,2,"TK8238,TK8243",2556,2026-06-22T19:46:47Z,2026-06-22T21:52:49Z,2.1
GL54 4LJ,SEPD,HV,2,"TK8238,TK8243",2556,2026-06-22T19:46:47Z,2026-06-22T21:52:49Z,2.1
GL54 4LL,SEPD,HV,2,"TK8238,TK8243",2556,2026-06-22T19:46:47Z,2026-06-22T21:52:49Z,2.1
GL54 4LN,SEPD,HV,2,"TK8238,TK8243",2556,2026-06-22T19:46:47Z,2026-06-22T21:52:49Z,2.1
GL54 4LP,SEPD,HV,2,"TK8238,TK8243",2556,2026-06-22T19:46:47Z,2026-06-22T21:52:49Z,2.1
GL54 4LQ,SEPD,HV,2,"TK8238,TK8243",2556,2026-06-22T19:46:47Z,2026-06-22T21:52:49Z,2.1
GL54 4LR,SEPD,HV,2,"TK8238,TK8243",2556,2026-06-22T19:46:47Z,2026-06-22T21:52:49Z,2.1
GL54 4LS,SEPD,HV,2,"TK8238,TK8243",2556,2026-06-22T19:46:47Z,2026-06-22T21:52:49Z,2.1
GL54 4LT,SEPD,HV,2,"TK8238,TK8243",2556,2026-06-22T19:46:47Z,2026-06-22T21:52:49Z,2.1
GL54 4LU,SEPD,HV,2,"TK8238,TK8243",2556,2026-06-22T19:46:47Z,2026-06-22T21:52:49Z,2.1
GL54 4LW,SEPD,HV,2,"TK8238,TK8243",2556,2026-06-22T19:46:47Z,2026-06-22T21:52:49Z,2.1
GL54 4LX,SEPD,HV,2,"TK8238,TK8243",2556,2026-06-22T19:46:47Z,2026-06-22T21:52:49Z,2.1
GL54 4LY,SEPD,HV,2,"TK8238,TK8243",2556,2026-06-22T19:46:47Z,2026-06-22T21:52:49Z,2.1
GL54 4LZ,SEPD,HV,2,"TK8238,TK8243",2556,2026-06-22T19:46:47Z,2026-06-22T21:52:49Z,2.1
GL54 4NB,SEPD,HV,2,"TK8238,TK8243",2556,2026-06-22T19:46:47Z,2026-06-22T21:52:49Z,2.1
GL54 4NS,SEPD,HV,2,"TK8238,TK8243",2556,2026-06-22T19:46:47Z,2026-06-22T21:52:49Z,2.1
GL54 4NT,SEPD,HV,2,"TK8238,TK8243",2556,2026-06-22T19:46:47Z,2026-06-22T21:52:49Z,2.1
GL54 4NU,SEPD,HV,2,"TK8238,TK8243",2556,2026-06-22T19:46:47Z,2026-06-22T21:52:49Z,2.1
GL54 4NX,SEPD,HV,2,"TK8238,TK8243",2556,2026-06-22T19:46:47Z,2026-06-22T21:52:49Z,2.1
GL54 5RH,SEPD,HV,2,"TK8238,TK8243",2556,2026-06-22T19:46:47Z,2026-06-22T21:52:49Z,2.1
GL54 5RJ,SEPD,HV,2,"TK8238,TK8243",2556,2026-06-22T19:46:47Z,2026-06-22T21:52:49Z,2.1
GL54 5SD,SEPD,HV,2,"TK8238,TK8243",2556,2026-06-22T19:46:47Z,2026-06-22T21:52:49Z,2.1
GL54 5SH,SEPD,HV,2,"TK8238,TK8243",2556,2026-06-22T19:46:47Z,2026-06-22T21:52:49Z,2.1
GL54 5SJ,SEPD,HV,2,"TK8238,TK8243",2556,2026-06-22T19:46:47Z,2026-06-22T21:52:49Z,2.1
GL54 5SL,SEPD,HV,2,"TK8238,TK8243",2556,2026-06-22T19:46:47Z,2026-06-22T21:52:49Z,2.1
GL54 5SN,SEPD,HV,2,"TK8238,TK8243",2556,2026-06-22T19:46:47Z,2026-06-22T21:52:49Z,2.1
GL54 5SP,SEPD,HV,2,"TK8238,TK8243",2556,2026-06-22T19:46:47Z,2026-06-22T21:52:49Z,2.1
GL54 5SR,SEPD,HV,2,"TK8238,TK8243",2556,2026-06-22T19:46:47Z,2026-06-22T21:52:49Z,2.1
GL54 5SS,SEPD,HV,2,"TK8238,TK8243",2556,2026-06-22T19:46:47Z,2026-06-22T21:52:49Z,2.1
GL54 5ST,SEPD,HV,2,"TK8238,TK8243",2556,2026-06-22T19:46:47Z,2026-06-22T21:52:49Z,2.1
GL54 5SW,SEPD,HV,2,"TK8238,TK8243",2556,2026-06-22T19:46:47Z,2026-06-22T21:52:49Z,2.1
GL54 5TB,SEPD,HV,2,"TK8238,TK8243",2556,2026-06-22T19:46:47Z,2026-06-22T21:52:49Z,2.1
GL54 5TD,SEPD,HV,2,"TK8238,TK8243",2556,2026-06-22T19:46:47Z,2026-06-22T21:52:49Z,2.1
GL54 5TH,SEPD,HV,2,"TK8238,TK8243",2556,2026-06-22T19:46:47Z,2026-06-22T21:52:49Z,2.1
GL54 5TJ,SEPD,HV,2,"TK8238,TK8243",2556,2026-06-22T19:46:47Z,2026-06-22T21:52:49Z,2.1
GL54 5TL,SEPD,HV,2,"TK8238,TK8243",2556,2026-06-22T19:46:47Z,2026-06-22T21:52:49Z,2.1
GL54 5TN,SEPD,HV,2,"TK8238,TK8243",2556,2026-06-22T19:46:47Z,2026-06-22T21:52:49Z,2.1
GL54 5TP,SEPD,HV,2,"TK8238,TK8243",2556,2026-06-22T19:46:47Z,2026-06-22T21:52:49Z,2.1
GL54 5XG,SEPD,HV,2,"TK8238,TK8243",2556,2026-06-22T19:46:47Z,2026-06-22T21:52:49Z,2.1
GL54 5XH,SEPD,HV,2,"TK8238,TK8243",2556,2026-06-22T19:46:47Z,2026-06-22T21:52:49Z,2.1
GL54 5XJ,SEPD,HV,2,"TK8238,TK8243",2556,2026-06-22T19:46:47Z,2026-06-22T21:52:49Z,2.1
GL54 5XL,SEPD,HV,2,"TK8238,TK8243",2556,2026-06-22T19:46:47Z,2026-06-22T21:52:49Z,2.1
GL54 5XQ,SEPD,HV,2,"TK8238,TK8243",2556,2026-06-22T19:46:47Z,2026-06-22T21:52:49Z,2.1
GL7 7DG,SEPD,HV,2,"TK8238,TK8243",2556,2026-06-22T19:46:47Z,2026-06-22T21:52:49Z,2.1
GL7 7ER,SEPD,HV,2,"TK8238,TK8243",2556,2026-06-22T19:46:47Z,2026-06-22T21:52:49Z,2.1
GL7 7ES,SEPD,HV,2,"TK8238,TK8243",2556,2026-06-22T19:46:47Z,2026-06-22T21:52:49Z,2.1
GL7 7ET,SEPD,HV,2,"TK8238,TK8243",2556,2026-06-22T19:46:47Z,2026-06-22T21:52:49Z,2.1
GL7 7EU,SEPD,HV,2,"TK8238,TK8243",2556,2026-06-22T19:46:47Z,2026-06-22T21:52:49Z,2.1
GL7 7EX,SEPD,HV,2,"TK8238,TK8243",2556,2026-06-22T19:46:47Z,2026-06-22T21:52:49Z,2.1
GL7 7EZ,SEPD,HV,2,"TK8238,TK8243",2556,2026-06-22T19:46:47Z,2026-06-22T21:52:49Z,2.1
GL7 7HD,SEPD,HV,2,"TK8238,TK8243",2556,2026-06-22T19:46:47Z,2026-06-22T21:52:49Z,2.1
PO12 1JB,SEPD,LV,1,TH9389,31,2026-06-22T19:46:47Z,2026-06-22T21:52:49Z,2.1
PO12 1JN,SEPD,LV,1,TH9389,31,2026-06-22T19:46:47Z,2026-06-22T21:52:49Z,2.1
PO12 1JW,SEPD,LV,1,TH9389,31,2026-06-22T19:46:47Z,2026-06-22T21:52:49Z,2.1
PO12 1RP,SEPD,LV,1,TH9389,31,2026-06-22T19:46:47Z,2026-06-22T21:52:49Z,2.1
DD3 0QL,SHEPD,HV,1,TK5365,73,2026-06-20T09:52:43Z,2026-06-20T11:52:35Z,2.0
DD3 0QR,SHEPD,HV,1,TK5365,73,2026-06-20T09:52:43Z,2026-06-20T11:52:35Z,2.0
DD3 0QX,SHEPD,HV,1,TK5365,73,2026-06-20T09:52:43Z,2026-06-20T11:52:35Z,2.0
DD3 0QY,SHEPD,HV,1,TK5365,73,2026-06-20T09:52:43Z,2026-06-20T11:52:35Z,2.0
DD3 0QZ,SHEPD,HV,1,TK5365,73,2026-06-20T09:52:43Z,2026-06-20T11:52:35Z,2.0
DD3 0RA,SHEPD,HV,1,TK5365,73,2026-06-20T09:52:43Z,2026-06-20T11:52:35Z,2.0
PO14 1NE,SEPD,LV,1,TK5905,20,2026-06-21T11:50:55Z,2026-06-21T13:45:15Z,1.91
PO14 1NF,SEPD,LV,1,TK5905,20,2026-06-21T11:50:55Z,2026-06-21T13:45:15Z,1.91
TW8 9AA,SEPD,LV,1,TK6314,16,2026-06-21T11:50:55Z,2026-06-21T13:45:15Z,1.91
TW8 9AD,SEPD,LV,1,TK6314,16,2026-06-21T11:50:55Z,2026-06-21T13:45:15Z,1.91
TW8 9AT,SEPD,LV,1,TK6314,16,2026-06-21T11:50:55Z,2026-06-21T13:45:15Z,1.91
TW8 9BS,SEPD,LV,1,TK6314,16,2026-06-21T11:50:55Z,2026-06-21T13:45:15Z,1.91
IV11 8UY,SHEPD,LV,1,TK3546,17,2026-06-18T22:22:12Z,2026-06-19T00:07:41Z,1.76
IV11 8UZ,SHEPD,LV,1,TK3546,17,2026-06-18T22:22:12Z,2026-06-19T00:07:41Z,1.76
IV11 8XA,SHEPD,LV,1,TK3546,17,2026-06-18T22:22:12Z,2026-06-19T00:07:41Z,1.76
IV11 8XL,SHEPD,LV,1,TK3546,17,2026-06-18T22:22:12Z,2026-06-19T00:07:41Z,1.76
IV11 8XR,SHEPD,LV,1,TK3546,17,2026-06-18T22:22:12Z,2026-06-19T00:07:41Z,1.76
IV11 8YE,SHEPD,LV,1,TK3546,17,2026-06-18T22:22:12Z,2026-06-19T00:07:41Z,1.76
IV11 8YG,SHEPD,LV,1,TK3546,17,2026-06-18T22:22:12Z,2026-06-19T00:07:41Z,1.76
IV11 8YL,SHEPD,LV,1,TK3546,17,2026-06-18T22:22:12Z,2026-06-19T00:07:41Z,1.76
IV11 8YR,SHEPD,LV,1,TK3546,17,2026-06-18T22:22:12Z,2026-06-19T00:07:41Z,1.76
PA24 8AE,SHEPD,HV,1,TK2763,21,2026-06-18T22:22:12Z,2026-06-19T00:07:41Z,1.76
PA24 8AR,SHEPD,HV,1,TK2763,21,2026-06-18T22:22:12Z,2026-06-19T00:07:41Z,1.76
BA22 9UB,SEPD,HV,1,TK6418,151,2026-06-21T15:31:23Z,2026-06-21T17:09:19Z,1.63
BA22 9UD,SEPD,HV,1,TK6418,151,2026-06-21T15:31:23Z,2026-06-21T17:09:19Z,1.63
BA22 9UE,SEPD,HV,1,TK6418,151,2026-06-21T15:31:23Z,2026-06-21T17:09:19Z,1.63
BA22 9UF,SEPD,HV,1,TK6418,151,2026-06-21T15:31:23Z,2026-06-21T17:09:19Z,1.63
BA22 9UG,SEPD,HV,1,TK6418,151,2026-06-21T15:31:23Z,2026-06-21T17:09:19Z,1.63
BA22 9UJ,SEPD,HV,1,TK6418,151,2026-06-21T15:31:23Z,2026-06-21T17:09:19Z,1.63
BA22 9UN,SEPD,HV,1,TK6418,151,2026-06-21T15:31:23Z,2026-06-21T17:09:19Z,1.63
BA22 9UQ,SEPD,HV,1,TK6418,151,2026-06-21T15:31:23Z,2026-06-21T17:09:19Z,1.63
BA22 9UW,SEPD,HV,1,TK6418,151,2026-06-21T15:31:23Z,2026-06-21T17:09:19Z,1.63
BA22 9UY,SEPD,HV,1,TK6418,151,2026-06-21T15:31:23Z,2026-06-21T17:09:19Z,1.63
BA22 9UZ,SEPD,HV,1,TK6418,151,2026-06-21T15:31:23Z,2026-06-21T17:09:19Z,1.63
DD9 7SZ,SHEPD,LV,3,"TK3523,TK5796,TK5941",51,2026-06-18T19:55:48Z,2026-06-21T11:50:55Z,1.52
DD9 7TF,SHEPD,LV,3,"TK3523,TK5796,TK5941",51,2026-06-18T19:55:48Z,2026-06-21T11:50:55Z,1.52
DD9 7TJ,SHEPD,LV,3,"TK3523,TK5796,TK5941",51,2026-06-18T19:55:48Z,2026-06-21T11:50:55Z,1.52
DD9 7TL,SHEPD,LV,3,"TK3523,TK5796,TK5941",51,2026-06-18T19:55:48Z,2026-06-21T11:50:55Z,1.52
DD9 7UA,SHEPD,LV,3,"TK3523,TK5796,TK5941",51,2026-06-18T19:55:48Z,2026-06-21T11:50:55Z,1.52
DD9 7UB,SHEPD,LV,3,"TK3523,TK5796,TK5941",51,2026-06-18T19:55:48Z,2026-06-21T11:50:55Z,1.52
UB3 5LY,SEPD,LV,2,"TK5818,TK5819",48,2026-06-20T20:08:15Z,2026-06-20T21:39:37Z,1.52
UB3 5LD,SEPD,LV,1,TK5819,28,2026-06-20T20:08:15Z,2026-06-20T21:39:37Z,1.52
UB3 5LX,SEPD,LV,1,TK5819,28,2026-06-20T20:08:15Z,2026-06-20T21:39:37Z,1.52
UB3 5NL,SEPD,LV,1,TK5819,28,2026-06-20T20:08:15Z,2026-06-20T21:39:37Z,1.52
BA9 9PG,SEPD,HV,1,TK6380,417,2026-06-21T20:19:33Z,2026-06-21T21:48:03Z,1.48
BH18 8AP,SEPD,HV,1,TK6380,417,2026-06-21T20:19:33Z,2026-06-21T21:48:03Z,1.48
BH18 8AY,SEPD,HV,1,TK6380,417,2026-06-21T20:19:33Z,2026-06-21T21:48:03Z,1.48
BH18 8DH,SEPD,HV,1,TK6380,417,2026-06-21T20:19:33Z,2026-06-21T21:48:03Z,1.48
BH18 8DL,SEPD,HV,1,TK6380,417,2026-06-21T20:19:33Z,2026-06-21T21:48:03Z,1.48
BH18 8DN,SEPD,HV,1,TK6380,417,2026-06-21T20:19:33Z,2026-06-21T21:48:03Z,1.48
BH18 8DP,SEPD,HV,1,TK6380,417,2026-06-21T20:19:33Z,2026-06-21T21:48:03Z,1.48
BH18 8DR,SEPD,HV,1,TK6380,417,2026-06-21T20:19:33Z,2026-06-21T21:48:03Z,1.48
BH18 8DT,SEPD,HV,1,TK6380,417,2026-06-21T20:19:33Z,2026-06-21T21:48:03Z,1.48
BH18 8DW,SEPD,HV,1,TK6380,417,2026-06-21T20:19:33Z,2026-06-21T21:48:03Z,1.48
BH18 8DX,SEPD,HV,1,TK6380,417,2026-06-21T20:19:33Z,2026-06-21T21:48:03Z,1.48
BH18 8DZ,SEPD,HV,1,TK6380,417,2026-06-21T20:19:33Z,2026-06-21T21:48:03Z,1.48
BH18 8EB,SEPD,HV,1,TK6380,417,2026-06-21T20:19:33Z,2026-06-21T21:48:03Z,1.48
BH18 8ED,SEPD,HV,1,TK6380,417,2026-06-21T20:19:33Z,2026-06-21T21:48:03Z,1.48
BH18 8EE,SEPD,HV,1,TK6380,417,2026-06-21T20:19:33Z,2026-06-21T21:48:03Z,1.48
BH18 8EN,SEPD,HV,1,TK6380,417,2026-06-21T20:19:33Z,2026-06-21T21:48:03Z,1.48
BH18 8EQ,SEPD,HV,1,TK6380,417,2026-06-21T20:19:33Z,2026-06-21T21:48:03Z,1.48
BH18 8ET,SEPD,HV,1,TK6380,417,2026-06-21T20:19:33Z,2026-06-21T21:48:03Z,1.48
BH18 8EW,SEPD,HV,1,TK6380,417,2026-06-21T20:19:33Z,2026-06-21T21:48:03Z,1.48
BH18 8JY,SEPD,HV,1,TK6380,417,2026-06-21T20:19:33Z,2026-06-21T21:48:03Z,1.48
BH18 8JZ,SEPD,HV,1,TK6380,417,2026-06-21T20:19:33Z,2026-06-21T21:48:03Z,1.48
BH18 8LA,SEPD,HV,1,TK6380,417,2026-06-21T20:19:33Z,2026-06-21T21:48:03Z,1.48
BH18 8LB,SEPD,HV,1,TK6380,417,2026-06-21T20:19:33Z,2026-06-21T21:48:03Z,1.48
BH18 8LD,SEPD,HV,1,TK6380,417,2026-06-21T20:19:33Z,2026-06-21T21:48:03Z,1.48
BH18 8LE,SEPD,HV,1,TK6380,417,2026-06-21T20:19:33Z,2026-06-21T21:48:03Z,1.48
BH18 8NB,SEPD,HV,1,TK6380,417,2026-06-21T20:19:33Z,2026-06-21T21:48:03Z,1.48
BH18 8NE,SEPD,HV,1,TK6380,417,2026-06-21T20:19:33Z,2026-06-21T21:48:03Z,1.48
BH18 8NF,SEPD,HV,1,TK6380,417,2026-06-21T20:19:33Z,2026-06-21T21:48:03Z,1.48
BH18 8NG,SEPD,HV,1,TK6380,417,2026-06-21T20:19:33Z,2026-06-21T21:48:03Z,1.48
BH18 8NQ,SEPD,HV,1,TK6380,417,2026-06-21T20:19:33Z,2026-06-21T21:48:03Z,1.48
BH18 8NT,SEPD,HV,1,TK6380,417,2026-06-21T20:19:33Z,2026-06-21T21:48:03Z,1.48
BH18 8NU,SEPD,HV,1,TK6380,417,2026-06-21T20:19:33Z,2026-06-21T21:48:03Z,1.48
BH18 8NZ,SEPD,HV,1,TK6380,417,2026-06-21T20:19:33Z,2026-06-21T21:48:03Z,1.48
BH18 9AA,SEPD,HV,1,TK6380,417,2026-06-21T20:19:33Z,2026-06-21T21:48:03Z,1.48
BH18 9AF,SEPD,HV,1,TK6380,417,2026-06-21T20:19:33Z,2026-06-21T21:48:03Z,1.48
BH18 9AG,SEPD,HV,1,TK6380,417,2026-06-21T20:19:33Z,2026-06-21T21:48:03Z,1.48
BH18 9BH,SEPD,HV,1,TK6380,417,2026-06-21T20:19:33Z,2026-06-21T21:48:03Z,1.48
BH18 9BN,SEPD,HV,1,TK6380,417,2026-06-21T20:19:33Z,2026-06-21T21:48:03Z,1.48
BH18 9BP,SEPD,HV,1,TK6380,417,2026-06-21T20:19:33Z,2026-06-21T21:48:03Z,1.48
BH18 9BW,SEPD,HV,1,TK6380,417,2026-06-21T20:19:33Z,2026-06-21T21:48:03Z,1.48
BH18 9BX,SEPD,HV,1,TK6380,417,2026-06-21T20:19:33Z,2026-06-21T21:48:03Z,1.48
BH18 9BY,SEPD,HV,1,TK6380,417,2026-06-21T20:19:33Z,2026-06-21T21:48:03Z,1.48
BH18 9DE,SEPD,HV,1,TK6380,417,2026-06-21T20:19:33Z,2026-06-21T21:48:03Z,1.48
BH18 9DH,SEPD,HV,1,TK6380,417,2026-06-21T20:19:33Z,2026-06-21T21:48:03Z,1.48
BH18 9DN,SEPD,HV,1,TK6380,417,2026-06-21T20:19:33Z,2026-06-21T21:48:03Z,1.48
BH18 9DP,SEPD,HV,1,TK6380,417,2026-06-21T20:19:33Z,2026-06-21T21:48:03Z,1.48
BH18 9DQ,SEPD,HV,1,TK6380,417,2026-06-21T20:19:33Z,2026-06-21T21:48:03Z,1.48
BH18 9HR,SEPD,HV,1,TK6380,417,2026-06-21T20:19:33Z,2026-06-21T21:48:03Z,1.48
BH18 9HS,SEPD,HV,1,TK6380,417,2026-06-21T20:19:33Z,2026-06-21T21:48:03Z,1.48
BH18 9HT,SEPD,HV,1,TK6380,417,2026-06-21T20:19:33Z,2026-06-21T21:48:03Z,1.48
BH18 9HU,SEPD,HV,1,TK6380,417,2026-06-21T20:19:33Z,2026-06-21T21:48:03Z,1.48
BH18 9HX,SEPD,HV,1,TK6380,417,2026-06-21T20:19:33Z,2026-06-21T21:48:03Z,1.48
BH18 9HY,SEPD,HV,1,TK6380,417,2026-06-21T20:19:33Z,2026-06-21T21:48:03Z,1.48
BH18 9HZ,SEPD,HV,1,TK6380,417,2026-06-21T20:19:33Z,2026-06-21T21:48:03Z,1.48
BH18 9JA,SEPD,HV,1,TK6380,417,2026-06-21T20:19:33Z,2026-06-21T21:48:03Z,1.48
BH18 9JB,SEPD,HV,1,TK6380,417,2026-06-21T20:19:33Z,2026-06-21T21:48:03Z,1.48
BH18 9JD,SEPD,HV,1,TK6380,417,2026-06-21T20:19:33Z,2026-06-21T21:48:03Z,1.48
BH18 9JR,SEPD,HV,1,TK6380,417,2026-06-21T20:19:33Z,2026-06-21T21:48:03Z,1.48
BH18 9JU,SEPD,HV,1,TK6380,417,2026-06-21T20:19:33Z,2026-06-21T21:48:03Z,1.48
BH18 9JW,SEPD,HV,1,TK6380,417,2026-06-21T20:19:33Z,2026-06-21T21:48:03Z,1.48
BH18 9JX,SEPD,HV,1,TK6380,417,2026-06-21T20:19:33Z,2026-06-21T21:48:03Z,1.48
BH18 9LA,SEPD,HV,1,TK6380,417,2026-06-21T20:19:33Z,2026-06-21T21:48:03Z,1.48
BH18 9LB,SEPD,HV,1,TK6380,417,2026-06-21T20:19:33Z,2026-06-21T21:48:03Z,1.48
BH18 9LE,SEPD,HV,1,TK6380,417,2026-06-21T20:19:33Z,2026-06-21T21:48:03Z,1.48
BH18 9LF,SEPD,HV,1,TK6380,417,2026-06-21T20:19:33Z,2026-06-21T21:48:03Z,1.48
BH18 9LH,SEPD,HV,1,TK6380,417,2026-06-21T20:19:33Z,2026-06-21T21:48:03Z,1.48
BH18 9LJ,SEPD,HV,1,TK6380,417,2026-06-21T20:19:33Z,2026-06-21T21:48:03Z,1.48
BH18 9LL,SEPD,HV,1,TK6380,417,2026-06-21T20:19:33Z,2026-06-21T21:48:03Z,1.48
BH18 9LN,SEPD,HV,1,TK6380,417,2026-06-21T20:19:33Z,2026-06-21T21:48:03Z,1.48
BH18 9LP,SEPD,HV,1,TK6380,417,2026-06-21T20:19:33Z,2026-06-21T21:48:03Z,1.48
BH18 9LQ,SEPD,HV,1,TK6380,417,2026-06-21T20:19:33Z,2026-06-21T21:48:03Z,1.48
BH18 9LR,SEPD,HV,1,TK6380,417,2026-06-21T20:19:33Z,2026-06-21T21:48:03Z,1.48
BH18 9LS,SEPD,HV,1,TK6380,417,2026-06-21T20:19:33Z,2026-06-21T21:48:03Z,1.48
BH18 9LT,SEPD,HV,1,TK6380,417,2026-06-21T20:19:33Z,2026-06-21T21:48:03Z,1.48
BH18 9LU,SEPD,HV,1,TK6380,417,2026-06-21T20:19:33Z,2026-06-21T21:48:03Z,1.48
BH18 9LW,SEPD,HV,1,TK6380,417,2026-06-21T20:19:33Z,2026-06-21T21:48:03Z,1.48
BH18 9LX,SEPD,HV,1,TK6380,417,2026-06-21T20:19:33Z,2026-06-21T21:48:03Z,1.48
BH18 9LY,SEPD,HV,1,TK6380,417,2026-06-21T20:19:33Z,2026-06-21T21:48:03Z,1.48
BH18 9LZ,SEPD,HV,1,TK6380,417,2026-06-21T20:19:33Z,2026-06-21T21:48:03Z,1.48
BH18 9NA,SEPD,HV,1,TK6380,417,2026-06-21T20:19:33Z,2026-06-21T21:48:03Z,1.48
BH18 9NB,SEPD,HV,1,TK6380,417,2026-06-21T20:19:33Z,2026-06-21T21:48:03Z,1.48
BH18 9ND,SEPD,HV,1,TK6380,417,2026-06-21T20:19:33Z,2026-06-21T21:48:03Z,1.48
BH18 9NE,SEPD,HV,1,TK6380,417,2026-06-21T20:19:33Z,2026-06-21T21:48:03Z,1.48
BH18 9NL,SEPD,HV,1,TK6380,417,2026-06-21T20:19:33Z,2026-06-21T21:48:03Z,1.48
BH18 9NP,SEPD,HV,1,TK6380,417,2026-06-21T20:19:33Z,2026-06-21T21:48:03Z,1.48
BH18 9NQ,SEPD,HV,1,TK6380,417,2026-06-21T20:19:33Z,2026-06-21T21:48:03Z,1.48
BH18 9NR,SEPD,HV,1,TK6380,417,2026-06-21T20:19:33Z,2026-06-21T21:48:03Z,1.48
BH18 9NU,SEPD,HV,1,TK6380,417,2026-06-21T20:19:33Z,2026-06-21T21:48:03Z,1.48
BH18 9NW,SEPD,HV,1,TK6380,417,2026-06-21T20:19:33Z,2026-06-21T21:48:03Z,1.48
BH18 9NY,SEPD,HV,1,TK6380,417,2026-06-21T20:19:33Z,2026-06-21T21:48:03Z,1.48
BH18 9WA,SEPD,HV,1,TK6380,417,2026-06-21T20:19:33Z,2026-06-21T21:48:03Z,1.48
BH21 3BZ,SEPD,HV,1,TK6380,417,2026-06-21T20:19:33Z,2026-06-21T21:48:03Z,1.48
BH21 3JJ,SEPD,HV,1,TK6380,417,2026-06-21T20:19:33Z,2026-06-21T21:48:03Z,1.48
BH21 3JT,SEPD,HV,1,TK6380,417,2026-06-21T20:19:33Z,2026-06-21T21:48:03Z,1.48
BH21 3LA,SEPD,HV,1,TK6380,417,2026-06-21T20:19:33Z,2026-06-21T21:48:03Z,1.48
BH21 3LB,SEPD,HV,1,TK6380,417,2026-06-21T20:19:33Z,2026-06-21T21:48:03Z,1.48
BH21 3LN,SEPD,HV,1,TK6380,417,2026-06-21T20:19:33Z,2026-06-21T21:48:03Z,1.48
BH21 3LT,SEPD,HV,1,TK6380,417,2026-06-21T20:19:33Z,2026-06-21T21:48:03Z,1.48
BH21 3PA,SEPD,HV,1,TK6380,417,2026-06-21T20:19:33Z,2026-06-21T21:48:03Z,1.48
BH21 3PB,SEPD,HV,1,TK6380,417,2026-06-21T20:19:33Z,2026-06-21T21:48:03Z,1.48
BH21 3PE,SEPD,HV,1,TK6380,417,2026-06-21T20:19:33Z,2026-06-21T21:48:03Z,1.48
BH21 3PF,SEPD,HV,1,TK6380,417,2026-06-21T20:19:33Z,2026-06-21T21:48:03Z,1.48
BH21 3PH,SEPD,HV,1,TK6380,417,2026-06-21T20:19:33Z,2026-06-21T21:48:03Z,1.48
BH21 3PQ,SEPD,HV,1,TK6380,417,2026-06-21T20:19:33Z,2026-06-21T21:48:03Z,1.48
BH21 3QB,SEPD,HV,1,TK6380,417,2026-06-21T20:19:33Z,2026-06-21T21:48:03Z,1.48
BH21 3QD,SEPD,HV,1,TK6380,417,2026-06-21T20:19:33Z,2026-06-21T21:48:03Z,1.48
BH21 3QE,SEPD,HV,1,TK6380,417,2026-06-21T20:19:33Z,2026-06-21T21:48:03Z,1.48
BH21 3QF,SEPD,HV,1,TK6380,417,2026-06-21T20:19:33Z,2026-06-21T21:48:03Z,1.48
BH21 3QG,SEPD,HV,1,TK6380,417,2026-06-21T20:19:33Z,2026-06-21T21:48:03Z,1.48
BH21 3QH,SEPD,HV,1,TK6380,417,2026-06-21T20:19:33Z,2026-06-21T21:48:03Z,1.48
BH21 3QJ,SEPD,HV,1,TK6380,417,2026-06-21T20:19:33Z,2026-06-21T21:48:03Z,1.48
BH21 3QL,SEPD,HV,1,TK6380,417,2026-06-21T20:19:33Z,2026-06-21T21:48:03Z,1.48
BH21 3QN,SEPD,HV,1,TK6380,417,2026-06-21T20:19:33Z,2026-06-21T21:48:03Z,1.48
BH21 3QQ,SEPD,HV,1,TK6380,417,2026-06-21T20:19:33Z,2026-06-21T21:48:03Z,1.48
BH21 3QT,SEPD,HV,1,TK6380,417,2026-06-21T20:19:33Z,2026-06-21T21:48:03Z,1.48
BH21 3QW,SEPD,HV,1,TK6380,417,2026-06-21T20:19:33Z,2026-06-21T21:48:03Z,1.48
BH21 3SR,SEPD,HV,1,TK6380,417,2026-06-21T20:19:33Z,2026-06-21T21:48:03Z,1.48
BH21 3TX,SEPD,HV,1,TK6380,417,2026-06-21T20:19:33Z,2026-06-21T21:48:03Z,1.48
BH21 3TY,SEPD,HV,1,TK6380,417,2026-06-21T20:19:33Z,2026-06-21T21:48:03Z,1.48
BH21 4EH,SEPD,HV,1,TK6380,417,2026-06-21T20:19:33Z,2026-06-21T21:48:03Z,1.48
DT5 1FG,SEPD,HV,1,TK6380,417,2026-06-21T20:19:33Z,2026-06-21T21:48:03Z,1.48
DT5 1FH,SEPD,HV,1,TK6380,417,2026-06-21T20:19:33Z,2026-06-21T21:48:03Z,1.48
GU31 4BS,SEPD,LV,1,TK0117,3,2026-06-16T22:33:13Z,2026-06-17T00:01:43Z,1.48
GU31 4BY,SEPD,LV,1,TK0117,3,2026-06-16T22:33:13Z,2026-06-17T00:01:43Z,1.48
BH23 2DU,SEPD,LV,1,TK6835,12,2026-06-21T22:54:34Z,2026-06-22T00:19:27Z,1.41
BH23 2EZ,SEPD,LV,1,TK6835,12,2026-06-21T22:54:34Z,2026-06-22T00:19:27Z,1.41
BH23 2HE,SEPD,LV,1,TK6835,12,2026-06-21T22:54:34Z,2026-06-22T00:19:27Z,1.41
BH23 2HG,SEPD,LV,1,TK6835,12,2026-06-21T22:54:34Z,2026-06-22T00:19:27Z,1.41
PH8 0ER,SHEPD,PSI,1,251600,28,2026-06-21T22:54:34Z,2026-06-22T00:19:27Z,1.41
PH9 0NP,SHEPD,PSI,1,251600,28,2026-06-21T22:54:34Z,2026-06-22T00:19:27Z,1.41
PH9 0NR,SHEPD,PSI,1,251600,28,2026-06-21T22:54:34Z,2026-06-22T00:19:27Z,1.41
PH9 0NT,SHEPD,PSI,1,251600,28,2026-06-21T22:54:34Z,2026-06-22T00:19:27Z,1.41
SO14 7EN,SEPD,HV,1,TK4804,4,2026-06-19T20:09:07Z,2026-06-19T21:33:41Z,1.41
SO15 1QD,SEPD,HV,1,TK4804,4,2026-06-19T20:09:07Z,2026-06-19T21:33:41Z,1.41
SO15 1QE,SEPD,HV,1,TK4804,4,2026-06-19T20:09:07Z,2026-06-19T21:33:41Z,1.41
SO15 1QF,SEPD,HV,1,TK4804,4,2026-06-19T20:09:07Z,2026-06-19T21:33:41Z,1.41
GU31 4JX,SEPD,LV,1,TK5782,8,2026-06-20T18:44:54Z,2026-06-20T20:08:15Z,1.39
GU31 4JY,SEPD,LV,1,TK5782,8,2026-06-20T18:44:54Z,2026-06-20T20:08:15Z,1.39
OX13 6JX,SEPD,LV,1,TK8406,17,2026-06-22T21:52:49Z,2026-06-22T23:14:55Z,1.37
OX13 6JZ,SEPD,LV,1,TK8406,17,2026-06-22T21:52:49Z,2026-06-22T23:14:55Z,1.37
OX13 6LA,SEPD,LV,1,TK8406,17,2026-06-22T21:52:49Z,2026-06-22T23:14:55Z,1.37
OX13 6LB,SEPD,LV,1,TK8406,17,2026-06-22T21:52:49Z,2026-06-22T23:14:55Z,1.37
DT2 8TP,SEPD,LV,1,TK4898,21,2026-06-19T22:36:42Z,2026-06-19T23:47:34Z,1.18
DT2 8TT,SEPD,LV,1,TK4898,21,2026-06-19T22:36:42Z,2026-06-19T23:47:34Z,1.18
DT2 8TU,SEPD,LV,1,TK4898,21,2026-06-19T22:36:42Z,2026-06-19T23:47:34Z,1.18
DT2 8TW,SEPD,LV,1,TK4898,21,2026-06-19T22:36:42Z,2026-06-19T23:47:34Z,1.18
FK15 0AG,SHEPD,LV,1,TK5733,4,2026-06-20T21:39:37Z,2026-06-20T22:49:17Z,1.16
FK15 0AQ,SHEPD,LV,1,TK5733,4,2026-06-20T21:39:37Z,2026-06-20T22:49:17Z,1.16
FK15 0EH,SHEPD,LV,1,TK5733,4,2026-06-20T21:39:37Z,2026-06-20T22:49:17Z,1.16
FK15 0EJ,SHEPD,LV,1,TK5733,4,2026-06-20T21:39:37Z,2026-06-20T22:49:17Z,1.16
FK15 0EL,SHEPD,LV,1,TK5733,4,2026-06-20T21:39:37Z,2026-06-20T22:49:17Z,1.16
BH18 8HL,SEPD,LV,1,TK4868,15,2026-06-19T21:33:41Z,2026-06-19T22:36:42Z,1.05
BH18 8HN,SEPD,LV,1,TK4868,15,2026-06-19T21:33:41Z,2026-06-19T22:36:42Z,1.05
BH18 8HW,SEPD,LV,1,TK4868,15,2026-06-19T21:33:41Z,2026-06-19T22:36:42Z,1.05
IV30 8SA,SHEPD,"LV,HV",3,"TK1599,TK1771,TK4430",52,2026-06-17T13:54:46Z,2026-06-19T13:47:21Z,0.0
IV30 8SE,SHEPD,"LV,HV",3,"TK1599,TK1771,TK4430",52,2026-06-17T13:54:46Z,2026-06-19T13:47:21Z,0.0
IV30 8SG,SHEPD,"LV,HV",3,"TK1599,TK1771,TK4430",52,2026-06-17T13:54:46Z,2026-06-19T13:47:21Z,0.0
IV30 8SN,SHEPD,"LV,HV",3,"TK1599,TK1771,TK4430",52,2026-06-17T13:54:46Z,2026-06-19T13:47:21Z,0.0
IV30 8SQ,SHEPD,"LV,HV",3,"TK1599,TK1771,TK4430",52,2026-06-17T13:54:46Z,2026-06-19T13:47:21Z,0.0
PO6 1DQ,SEPD,"HV,LV",3,"TK0540,TK0544,TK0548",3576,2026-06-16T17:35:54Z,2026-06-16T17:35:54Z,0.0
PO6 1JJ,SEPD,HV,3,"TK0540,TK0547,TK0548",4017,2026-06-16T17:35:54Z,2026-06-16T17:35:54Z,0.0
PO6 1JZ,SEPD,HV,3,"TK0540,TK0547,TK0548",4017,2026-06-16T17:35:54Z,2026-06-16T17:35:54Z,0.0
PO6 1LA,SEPD,HV,3,"TK0540,TK0547,TK0548",4017,2026-06-16T17:35:54Z,2026-06-16T17:35:54Z,0.0
PO6 1NE,SEPD,"HV,LV",3,"TK0540,TK0544,TK0548",3576,2026-06-16T17:35:54Z,2026-06-16T17:35:54Z,0.0
PO6 1NF,SEPD,"HV,LV",3,"TK0540,TK0544,TK0548",3576,2026-06-16T17:35:54Z,2026-06-16T17:35:54Z,0.0
PO6 1TT,SEPD,HV,3,"TK0540,TK0547,TK0548",4017,2026-06-16T17:35:54Z,2026-06-16T17:35:54Z,0.0
RG9 2AH,SEPD,LV,3,"TK0493,TK5674,TK6372",84,2026-06-16T17:35:54Z,2026-06-21T13:45:15Z,0.0
RG9 2AN,SEPD,LV,3,"TK0493,TK5674,TK6372",84,2026-06-16T17:35:54Z,2026-06-21T13:45:15Z,0.0
RG9 2BA,SEPD,LV,3,"TK0493,TK5674,TK6372",84,2026-06-16T17:35:54Z,2026-06-21T13:45:15Z,0.0
RG9 2BD,SEPD,LV,3,"TK0493,TK5674,TK6372",84,2026-06-16T17:35:54Z,2026-06-21T13:45:15Z,0.0
RG9 2BF,SEPD,LV,3,"TK0493,TK5674,TK6372",84,2026-06-16T17:35:54Z,2026-06-21T13:45:15Z,0.0
RG9 2BG,SEPD,LV,3,"TK0493,TK5674,TK6372",84,2026-06-16T17:35:54Z,2026-06-21T13:45:15Z,0.0
RG9 2BL,SEPD,LV,3,"TK0493,TK5674,TK6372",84,2026-06-16T17:35:54Z,2026-06-21T13:45:15Z,0.0
RG9 2BW,SEPD,LV,3,"TK0493,TK5674,TK6372",84,2026-06-16T17:35:54Z,2026-06-21T13:45:15Z,0.0
RG9 2FH,SEPD,LV,3,"TK0493,TK5674,TK6372",84,2026-06-16T17:35:54Z,2026-06-21T13:45:15Z,0.0
TW16 7AZ,SEPD,LV,3,"TK2032,TK2112,TK3216",84,2026-06-17T19:33:14Z,2026-06-18T14:16:29Z,0.0
TW16 7BD,SEPD,LV,3,"TK2032,TK2112,TK3216",84,2026-06-17T19:33:14Z,2026-06-18T14:16:29Z,0.0
AB43 9TB,SHEPD,"PSI,HV",2,"252351,TJ9175",1727,2026-06-16T12:32:38Z,2026-06-21T09:02:32Z,0.0
BH24 4HS,SEPD,PSI,2,"252050,252057",7,2026-06-17T10:02:27Z,2026-06-18T10:56:41Z,0.0
BH7 7AB,SEPD,"PSI,LV",2,"251414,TK1128",58,2026-06-17T10:02:27Z,2026-06-17T10:02:27Z,0.0
BH7 7BT,SEPD,"PSI,LV",2,"251414,TK1128",58,2026-06-17T10:02:27Z,2026-06-17T10:02:27Z,0.0
DT2,SEPD,HV,2,"TK0527,TK0880",900,2026-06-16T17:35:54Z,2026-06-17T05:06:41Z,0.0
DT2 9FB,SEPD,HV,2,"TK0527,TK0880",900,2026-06-16T17:35:54Z,2026-06-17T05:06:41Z,0.0
DT2 9FD,SEPD,HV,2,"TK0527,TK0880",900,2026-06-16T17:35:54Z,2026-06-17T05:06:41Z,0.0
DT2 9FE,SEPD,HV,2,"TK0527,TK0880",900,2026-06-16T17:35:54Z,2026-06-17T05:06:41Z,0.0
DT2 9FF,SEPD,HV,2,"TK0527,TK0880",900,2026-06-16T17:35:54Z,2026-06-17T05:06:41Z,0.0
DT2 9FG,SEPD,HV,2,"TK0527,TK0880",900,2026-06-16T17:35:54Z,2026-06-17T05:06:41Z,0.0
DT2 9FH,SEPD,HV,2,"TK0527,TK0880",900,2026-06-16T17:35:54Z,2026-06-17T05:06:41Z,0.0
DT2 9FJ,SEPD,HV,2,"TK0527,TK0880",900,2026-06-16T17:35:54Z,2026-06-17T05:06:41Z,0.0
DT2 9FL,SEPD,HV,2,"TK0527,TK0880",900,2026-06-16T17:35:54Z,2026-06-17T05:06:41Z,0.0
DT2 9FN,SEPD,HV,2,"TK0527,TK0880",900,2026-06-16T17:35:54Z,2026-06-17T05:06:41Z,0.0
DT2 9FP,SEPD,HV,2,"TK0527,TK0880",900,2026-06-16T17:35:54Z,2026-06-17T05:06:41Z,0.0
DT2 9FQ,SEPD,HV,2,"TK0527,TK0880",900,2026-06-16T17:35:54Z,2026-06-17T05:06:41Z,0.0
DT2 9LQ,SEPD,HV,2,"TK0527,TK0880",900,2026-06-16T17:35:54Z,2026-06-17T05:06:41Z,0.0
DT2 9QP,SEPD,HV,2,"TK0527,TK0880",900,2026-06-16T17:35:54Z,2026-06-17T05:06:41Z,0.0
DT2 9RB,SEPD,HV,2,"TK0527,TK0880",900,2026-06-16T17:35:54Z,2026-06-17T05:06:41Z,0.0
DT2 9RJ,SEPD,HV,2,"TK0527,TK0880",900,2026-06-16T17:35:54Z,2026-06-17T05:06:41Z,0.0
DT2 9RL,SEPD,HV,2,"TK0527,TK0880",900,2026-06-16T17:35:54Z,2026-06-17T05:06:41Z,0.0
DT2 9RN,SEPD,HV,2,"TK0527,TK0880",900,2026-06-16T17:35:54Z,2026-06-17T05:06:41Z,0.0
DT2 9RP,SEPD,HV,2,"TK0527,TK0880",900,2026-06-16T17:35:54Z,2026-06-17T05:06:41Z,0.0
DT2 9TB,SEPD,HV,2,"TK0527,TK0880",900,2026-06-16T17:35:54Z,2026-06-17T05:06:41Z,0.0
DT2 9UA,SEPD,HV,2,"TK0527,TK0880",900,2026-06-16T17:35:54Z,2026-06-17T05:06:41Z,0.0
DT2 9UB,SEPD,HV,2,"TK0527,TK0880",900,2026-06-16T17:35:54Z,2026-06-17T05:06:41Z,0.0
DT2 9UD,SEPD,HV,2,"TK0527,TK0880",900,2026-06-16T17:35:54Z,2026-06-17T05:06:41Z,0.0
DT2 9UE,SEPD,HV,2,"TK0527,TK0880",900,2026-06-16T17:35:54Z,2026-06-17T05:06:41Z,0.0
DT2 9UF,SEPD,HV,2,"TK0527,TK0880",900,2026-06-16T17:35:54Z,2026-06-17T05:06:41Z,0.0
DT2 9UG,SEPD,HV,2,"TK0527,TK0880",900,2026-06-16T17:35:54Z,2026-06-17T05:06:41Z,0.0
DT2 9UH,SEPD,HV,2,"TK0527,TK0880",900,2026-06-16T17:35:54Z,2026-06-17T05:06:41Z,0.0
DT2 9UJ,SEPD,HV,2,"TK0527,TK0880",900,2026-06-16T17:35:54Z,2026-06-17T05:06:41Z,0.0
DT2 9UL,SEPD,HV,2,"TK0527,TK0880",900,2026-06-16T17:35:54Z,2026-06-17T05:06:41Z,0.0
DT2 9UN,SEPD,HV,2,"TK0527,TK0880",900,2026-06-16T17:35:54Z,2026-06-17T05:06:41Z,0.0
DT2 9UP,SEPD,HV,2,"TK0527,TK0880",900,2026-06-16T17:35:54Z,2026-06-17T05:06:41Z,0.0
DT2 9UR,SEPD,HV,2,"TK0527,TK0880",900,2026-06-16T17:35:54Z,2026-06-17T05:06:41Z,0.0
DT2 9US,SEPD,HV,2,"TK0527,TK0880",900,2026-06-16T17:35:54Z,2026-06-17T05:06:41Z,0.0
DT2 9UT,SEPD,HV,2,"TK0527,TK0880",900,2026-06-16T17:35:54Z,2026-06-17T05:06:41Z,0.0
DT2 9UU,SEPD,HV,2,"TK0527,TK0880",900,2026-06-16T17:35:54Z,2026-06-17T05:06:41Z,0.0
DT2 9UY,SEPD,HV,2,"TK0527,TK0880",900,2026-06-16T17:35:54Z,2026-06-17T05:06:41Z,0.0
DT2 9UZ,SEPD,HV,2,"TK0527,TK0880",900,2026-06-16T17:35:54Z,2026-06-17T05:06:41Z,0.0
DT2 9XA,SEPD,HV,2,"TK0527,TK0880",900,2026-06-16T17:35:54Z,2026-06-17T05:06:41Z,0.0
DT2 9XE,SEPD,HV,2,"TK0527,TK0880",900,2026-06-16T17:35:54Z,2026-06-17T05:06:41Z,0.0
DT2 9XT,SEPD,HV,2,"TK0527,TK0880",900,2026-06-16T17:35:54Z,2026-06-17T05:06:41Z,0.0
DT2 9XU,SEPD,HV,2,"TK0527,TK0880",900,2026-06-16T17:35:54Z,2026-06-17T05:06:41Z,0.0
DT2 9XX,SEPD,HV,2,"TK0527,TK0880",900,2026-06-16T17:35:54Z,2026-06-17T05:06:41Z,0.0
DT2 9XY,SEPD,HV,2,"TK0527,TK0880",900,2026-06-16T17:35:54Z,2026-06-17T05:06:41Z,0.0
DT2 9XZ,SEPD,HV,2,"TK0527,TK0880",900,2026-06-16T17:35:54Z,2026-06-17T05:06:41Z,0.0
GL54 3RE,SEPD,HV,2,"TK8241,TK8250",3869,2026-06-22T19:46:47Z,2026-06-22T19:46:47Z,0.0
GL7 4BS,SEPD,HV,2,"TK8250,TK8261",2523,2026-06-22T19:46:47Z,2026-06-22T19:46:47Z,0.0
GL7 4LL,SEPD,HV,2,"TK8250,TK8261",2523,2026-06-22T19:46:47Z,2026-06-22T19:46:47Z,0.0
GL7 5AX,SEPD,HV,2,"TK8241,TK8250",3869,2026-06-22T19:46:47Z,2026-06-22T19:46:47Z,0.0
GL7 5NU,SEPD,HV,2,"TK8241,TK8250",3869,2026-06-22T19:46:47Z,2026-06-22T19:46:47Z,0.0
GL7 5PB,SEPD,HV,2,"TK8241,TK8250",3869,2026-06-22T19:46:47Z,2026-06-22T19:46:47Z,0.0
GU28 0QE,SEPD,"PSI,LV",2,"250983,TK0491",235,2026-06-16T12:32:38Z,2026-06-16T17:35:54Z,0.0
GU28 0QF,SEPD,"PSI,LV",2,"250983,TK0491",235,2026-06-16T12:32:38Z,2026-06-16T17:35:54Z,0.0
KW17 2BU,SHEPD,HV,2,"TK5509,TK5651",30,2026-06-20T11:52:35Z,2026-06-20T15:25:55Z,0.0
PA21,SHEPD,HV,2,"TK5681,TK5824",107,2026-06-20T15:25:55Z,2026-06-20T21:39:37Z,0.0
PA21 2BT,SHEPD,HV,2,"TK5681,TK5824",107,2026-06-20T15:25:55Z,2026-06-20T21:39:37Z,0.0
PA21 2BU,SHEPD,HV,2,"TK5681,TK5824",107,2026-06-20T15:25:55Z,2026-06-20T21:39:37Z,0.0
PA21 2DU,SHEPD,HV,2,"TK5681,TK5824",107,2026-06-20T15:25:55Z,2026-06-20T21:39:37Z,0.0
PA21 2DX,SHEPD,HV,2,"TK5681,TK5824",107,2026-06-20T15:25:55Z,2026-06-20T21:39:37Z,0.0
PA21 2ER,SHEPD,HV,2,"TK5681,TK5824",107,2026-06-20T15:25:55Z,2026-06-20T21:39:37Z,0.0
PA21 2ES,SHEPD,HV,2,"TK5681,TK5824",107,2026-06-20T15:25:55Z,2026-06-20T21:39:37Z,0.0
PH1 2PB,SHEPD,"HV,LV",2,"TK5631,TK5636",774,2026-06-20T13:46:19Z,2026-06-20T13:46:19Z,0.0
PH1 2RP,SHEPD,"HV,LV",2,"TK5631,TK5637",761,2026-06-20T13:46:19Z,2026-06-20T13:46:19Z,0.0
PH10 6SJ,SHEPD,HV,2,"TK3644,TK4736",37,2026-06-19T10:03:19Z,2026-06-19T20:09:07Z,0.0
PH10 6SN,SHEPD,HV,2,"TK3644,TK4736",37,2026-06-19T10:03:19Z,2026-06-19T20:09:07Z,0.0
PO6 1AD,SEPD,HV,2,"TK0540,TK0548",3550,2026-06-16T17:35:54Z,2026-06-16T17:35:54Z,0.0
PO6 1AE,SEPD,HV,2,"TK0540,TK0548",3550,2026-06-16T17:35:54Z,2026-06-16T17:35:54Z,0.0
PO6 1AH,SEPD,HV,2,"TK0540,TK0548",3550,2026-06-16T17:35:54Z,2026-06-16T17:35:54Z,0.0
PO6 1AJ,SEPD,HV,2,"TK0540,TK0548",3550,2026-06-16T17:35:54Z,2026-06-16T17:35:54Z,0.0
PO6 1AN,SEPD,HV,2,"TK0540,TK0548",3550,2026-06-16T17:35:54Z,2026-06-16T17:35:54Z,0.0
PO6 1AP,SEPD,HV,2,"TK0540,TK0548",3550,2026-06-16T17:35:54Z,2026-06-16T17:35:54Z,0.0
PO6 1AR,SEPD,HV,2,"TK0540,TK0548",3550,2026-06-16T17:35:54Z,2026-06-16T17:35:54Z,0.0
PO6 1AT,SEPD,HV,2,"TK0540,TK0548",3550,2026-06-16T17:35:54Z,2026-06-16T17:35:54Z,0.0
PO6 1AU,SEPD,HV,2,"TK0540,TK0548",3550,2026-06-16T17:35:54Z,2026-06-16T17:35:54Z,0.0
PO6 1AW,SEPD,HV,2,"TK0540,TK0548",3550,2026-06-16T17:35:54Z,2026-06-16T17:35:54Z,0.0
PO6 1AX,SEPD,HV,2,"TK0540,TK0548",3550,2026-06-16T17:35:54Z,2026-06-16T17:35:54Z,0.0
PO6 1AY,SEPD,HV,2,"TK0540,TK0548",3550,2026-06-16T17:35:54Z,2026-06-16T17:35:54Z,0.0
PO6 1AZ,SEPD,HV,2,"TK0540,TK0548",3550,2026-06-16T17:35:54Z,2026-06-16T17:35:54Z,0.0
PO6 1BJ,SEPD,HV,2,"TK0540,TK0548",3550,2026-06-16T17:35:54Z,2026-06-16T17:35:54Z,0.0
PO6 1BL,SEPD,HV,2,"TK0540,TK0548",3550,2026-06-16T17:35:54Z,2026-06-16T17:35:54Z,0.0
PO6 1BS,SEPD,HV,2,"TK0540,TK0548",3550,2026-06-16T17:35:54Z,2026-06-16T17:35:54Z,0.0
PO6 1DD,SEPD,HV,2,"TK0540,TK0548",3550,2026-06-16T17:35:54Z,2026-06-16T17:35:54Z,0.0
PO6 1DH,SEPD,HV,2,"TK0540,TK0548",3550,2026-06-16T17:35:54Z,2026-06-16T17:35:54Z,0.0
PO6 1DJ,SEPD,HV,2,"TK0540,TK0548",3550,2026-06-16T17:35:54Z,2026-06-16T17:35:54Z,0.0
PO6 1DN,SEPD,HV,2,"TK0540,TK0548",3550,2026-06-16T17:35:54Z,2026-06-16T17:35:54Z,0.0
PO6 1DR,SEPD,HV,2,"TK0540,TK0548",3550,2026-06-16T17:35:54Z,2026-06-16T17:35:54Z,0.0
PO6 1DT,SEPD,HV,2,"TK0540,TK0548",3550,2026-06-16T17:35:54Z,2026-06-16T17:35:54Z,0.0
PO6 1DU,SEPD,HV,2,"TK0540,TK0548",3550,2026-06-16T17:35:54Z,2026-06-16T17:35:54Z,0.0
PO6 1DX,SEPD,HV,2,"TK0540,TK0548",3550,2026-06-16T17:35:54Z,2026-06-16T17:35:54Z,0.0
PO6 1EP,SEPD,HV,2,"TK0540,TK0548",3550,2026-06-16T17:35:54Z,2026-06-16T17:35:54Z,0.0
PO6 1ER,SEPD,HV,2,"TK0540,TK0548",3550,2026-06-16T17:35:54Z,2026-06-16T17:35:54Z,0.0
PO6 1ES,SEPD,HV,2,"TK0540,TK0548",3550,2026-06-16T17:35:54Z,2026-06-16T17:35:54Z,0.0
PO6 1ET,SEPD,HV,2,"TK0540,TK0548",3550,2026-06-16T17:35:54Z,2026-06-16T17:35:54Z,0.0
PO6 1EU,SEPD,HV,2,"TK0540,TK0548",3550,2026-06-16T17:35:54Z,2026-06-16T17:35:54Z,0.0
PO6 1EW,SEPD,HV,2,"TK0540,TK0548",3550,2026-06-16T17:35:54Z,2026-06-16T17:35:54Z,0.0
PO6 1EX,SEPD,HV,2,"TK0540,TK0548",3550,2026-06-16T17:35:54Z,2026-06-16T17:35:54Z,0.0
PO6 1EY,SEPD,HV,2,"TK0540,TK0548",3550,2026-06-16T17:35:54Z,2026-06-16T17:35:54Z,0.0
PO6 1HG,SEPD,"HV,LV",2,"TK0548,TK0555",2130,2026-06-16T17:35:54Z,2026-06-16T17:35:54Z,0.0
PO6 1JG,SEPD,HV,2,"TK0540,TK0548",3550,2026-06-16T17:35:54Z,2026-06-16T17:35:54Z,0.0
PO6 1JH,SEPD,HV,2,"TK0540,TK0548",3550,2026-06-16T17:35:54Z,2026-06-16T17:35:54Z,0.0
PO6 1JL,SEPD,HV,2,"TK0540,TK0548",3550,2026-06-16T17:35:54Z,2026-06-16T17:35:54Z,0.0
PO6 1JN,SEPD,HV,2,"TK0540,TK0548",3550,2026-06-16T17:35:54Z,2026-06-16T17:35:54Z,0.0
PO6 1JP,SEPD,HV,2,"TK0540,TK0548",3550,2026-06-16T17:35:54Z,2026-06-16T17:35:54Z,0.0
PO6 1JQ,SEPD,HV,2,"TK0540,TK0548",3550,2026-06-16T17:35:54Z,2026-06-16T17:35:54Z,0.0
PO6 1JR,SEPD,HV,2,"TK0540,TK0548",3550,2026-06-16T17:35:54Z,2026-06-16T17:35:54Z,0.0
PO6 1JS,SEPD,HV,2,"TK0540,TK0548",3550,2026-06-16T17:35:54Z,2026-06-16T17:35:54Z,0.0
PO6 1JT,SEPD,HV,2,"TK0540,TK0548",3550,2026-06-16T17:35:54Z,2026-06-16T17:35:54Z,0.0
PO6 1JU,SEPD,HV,2,"TK0540,TK0548",3550,2026-06-16T17:35:54Z,2026-06-16T17:35:54Z,0.0
PO6 1JW,SEPD,HV,2,"TK0540,TK0548",3550,2026-06-16T17:35:54Z,2026-06-16T17:35:54Z,0.0
PO6 1JY,SEPD,HV,2,"TK0540,TK0548",3550,2026-06-16T17:35:54Z,2026-06-16T17:35:54Z,0.0
PO6 1LB,SEPD,HV,2,"TK0547,TK0548",2576,2026-06-16T17:35:54Z,2026-06-16T17:35:54Z,0.0
PO6 1LD,SEPD,HV,2,"TK0547,TK0548",2576,2026-06-16T17:35:54Z,2026-06-16T17:35:54Z,0.0
PO6 1LE,SEPD,HV,2,"TK0547,TK0548",2576,2026-06-16T17:35:54Z,2026-06-16T17:35:54Z,0.0
PO6 1LF,SEPD,HV,2,"TK0547,TK0548",2576,2026-06-16T17:35:54Z,2026-06-16T17:35:54Z,0.0
PO6 1LG,SEPD,HV,2,"TK0547,TK0548",2576,2026-06-16T17:35:54Z,2026-06-16T17:35:54Z,0.0
PO6 1LH,SEPD,HV,2,"TK0547,TK0548",2576,2026-06-16T17:35:54Z,2026-06-16T17:35:54Z,0.0
PO6 1LJ,SEPD,HV,2,"TK0547,TK0548",2576,2026-06-16T17:35:54Z,2026-06-16T17:35:54Z,0.0
PO6 1LL,SEPD,HV,2,"TK0547,TK0548",2576,2026-06-16T17:35:54Z,2026-06-16T17:35:54Z,0.0
PO6 1LN,SEPD,HV,2,"TK0547,TK0548",2576,2026-06-16T17:35:54Z,2026-06-16T17:35:54Z,0.0
PO6 1LP,SEPD,HV,2,"TK0547,TK0548",2576,2026-06-16T17:35:54Z,2026-06-16T17:35:54Z,0.0
PO6 1LW,SEPD,HV,2,"TK0547,TK0548",2576,2026-06-16T17:35:54Z,2026-06-16T17:35:54Z,0.0
PO6 1NH,SEPD,HV,2,"TK0547,TK0548",2576,2026-06-16T17:35:54Z,2026-06-16T17:35:54Z,0.0
PO6 1NW,SEPD,HV,2,"TK0547,TK0548",2576,2026-06-16T17:35:54Z,2026-06-16T17:35:54Z,0.0
PO6 1QN,SEPD,HV,2,"TK0547,TK0548",2576,2026-06-16T17:35:54Z,2026-06-16T17:35:54Z,0.0
PO6 1QW,SEPD,HV,2,"TK0547,TK0548",2576,2026-06-16T17:35:54Z,2026-06-16T17:35:54Z,0.0
PO6 1RG,SEPD,HV,2,"TK0547,TK0548",2576,2026-06-16T17:35:54Z,2026-06-16T17:35:54Z,0.0
PO6 1RN,SEPD,HV,2,"TK0547,TK0548",2576,2026-06-16T17:35:54Z,2026-06-16T17:35:54Z,0.0
PO6 1RS,SEPD,HV,2,"TK0547,TK0548",2576,2026-06-16T17:35:54Z,2026-06-16T17:35:54Z,0.0
PO6 1RT,SEPD,HV,2,"TK0547,TK0548",2576,2026-06-16T17:35:54Z,2026-06-16T17:35:54Z,0.0
PO6 1RU,SEPD,HV,2,"TK0547,TK0548",2576,2026-06-16T17:35:54Z,2026-06-16T17:35:54Z,0.0
PO6 1RW,SEPD,HV,2,"TK0547,TK0548",2576,2026-06-16T17:35:54Z,2026-06-16T17:35:54Z,0.0
PO6 1RY,SEPD,HV,2,"TK0547,TK0548",2576,2026-06-16T17:35:54Z,2026-06-16T17:35:54Z,0.0
PO6 1SB,SEPD,HV,2,"TK0547,TK0548",2576,2026-06-16T17:35:54Z,2026-06-16T17:35:54Z,0.0
PO6 1SD,SEPD,HV,2,"TK0547,TK0548",2576,2026-06-16T17:35:54Z,2026-06-16T17:35:54Z,0.0
PO6 1SE,SEPD,HV,2,"TK0547,TK0548",2576,2026-06-16T17:35:54Z,2026-06-16T17:35:54Z,0.0
PO6 1SH,SEPD,HV,2,"TK0547,TK0548",2576,2026-06-16T17:35:54Z,2026-06-16T17:35:54Z,0.0
PO6 1SQ,SEPD,HV,2,"TK0547,TK0548",2576,2026-06-16T17:35:54Z,2026-06-16T17:35:54Z,0.0
PO6 1SS,SEPD,HV,2,"TK0547,TK0548",2576,2026-06-16T17:35:54Z,2026-06-16T17:35:54Z,0.0
PO6 1ST,SEPD,HV,2,"TK0547,TK0548",2576,2026-06-16T17:35:54Z,2026-06-16T17:35:54Z,0.0
PO6 1SU,SEPD,HV,2,"TK0547,TK0548",2576,2026-06-16T17:35:54Z,2026-06-16T17:35:54Z,0.0
PO6 1TL,SEPD,HV,2,"TK0547,TK0548",2576,2026-06-16T17:35:54Z,2026-06-16T17:35:54Z,0.0
PO6 1TX,SEPD,HV,2,"TK0547,TK0548",2576,2026-06-16T17:35:54Z,2026-06-16T17:35:54Z,0.0
PO6 1UH,SEPD,HV,2,"TK0547,TK0548",2576,2026-06-16T17:35:54Z,2026-06-16T17:35:54Z,0.0
PO6 1UP,SEPD,HV,2,"TK0547,TK0548",2576,2026-06-16T17:35:54Z,2026-06-16T17:35:54Z,0.0
PO6 1UR,SEPD,HV,2,"TK0547,TK0548",2576,2026-06-16T17:35:54Z,2026-06-16T17:35:54Z,0.0
PO6 1US,SEPD,HV,2,"TK0547,TK0548",2576,2026-06-16T17:35:54Z,2026-06-16T17:35:54Z,0.0
PO6 2AA,SEPD,HV,2,"TK0540,TK0548",3550,2026-06-16T17:35:54Z,2026-06-16T17:35:54Z,0.0
PO6 2AG,SEPD,HV,2,"TK0540,TK0548",3550,2026-06-16T17:35:54Z,2026-06-16T17:35:54Z,0.0
PO6 2AH,SEPD,HV,2,"TK0540,TK0548",3550,2026-06-16T17:35:54Z,2026-06-16T17:35:54Z,0.0
PO6 2AJ,SEPD,HV,2,"TK0540,TK0548",3550,2026-06-16T17:35:54Z,2026-06-16T17:35:54Z,0.0
PO6 2AL,SEPD,HV,2,"TK0540,TK0548",3550,2026-06-16T17:35:54Z,2026-06-16T17:35:54Z,0.0
PO6 2AN,SEPD,HV,2,"TK0540,TK0548",3550,2026-06-16T17:35:54Z,2026-06-16T17:35:54Z,0.0
PO6 2AP,SEPD,HV,2,"TK0540,TK0548",3550,2026-06-16T17:35:54Z,2026-06-16T17:35:54Z,0.0
PO6 2AQ,SEPD,HV,2,"TK0540,TK0548",3550,2026-06-16T17:35:54Z,2026-06-16T17:35:54Z,0.0
PO6 2AR,SEPD,HV,2,"TK0540,TK0548",3550,2026-06-16T17:35:54Z,2026-06-16T17:35:54Z,0.0
PO6 2AS,SEPD,HV,2,"TK0540,TK0548",3550,2026-06-16T17:35:54Z,2026-06-16T17:35:54Z,0.0
PO6 2AT,SEPD,HV,2,"TK0540,TK0548",3550,2026-06-16T17:35:54Z,2026-06-16T17:35:54Z,0.0
PO6 2AU,SEPD,HV,2,"TK0540,TK0548",3550,2026-06-16T17:35:54Z,2026-06-16T17:35:54Z,0.0
PO6 2AW,SEPD,HV,2,"TK0540,TK0548",3550,2026-06-16T17:35:54Z,2026-06-16T17:35:54Z,0.0
PO6 2AX,SEPD,HV,2,"TK0540,TK0548",3550,2026-06-16T17:35:54Z,2026-06-16T17:35:54Z,0.0
PO6 2BP,SEPD,HV,2,"TK0540,TK0548",3550,2026-06-16T17:35:54Z,2026-06-16T17:35:54Z,0.0
PO6 2BX,SEPD,HV,2,"TK0540,TK0548",3550,2026-06-16T17:35:54Z,2026-06-16T17:35:54Z,0.0
PO6 2EH,SEPD,HV,2,"TK0540,TK0548",3550,2026-06-16T17:35:54Z,2026-06-16T17:35:54Z,0.0
PO6 2HZ,SEPD,HV,2,"TK0540,TK0548",3550,2026-06-16T17:35:54Z,2026-06-16T17:35:54Z,0.0
PO6 2JA,SEPD,HV,2,"TK0540,TK0548",3550,2026-06-16T17:35:54Z,2026-06-16T17:35:54Z,0.0
PO6 2JD,SEPD,HV,2,"TK0540,TK0548",3550,2026-06-16T17:35:54Z,2026-06-16T17:35:54Z,0.0
PO6 2JE,SEPD,HV,2,"TK0540,TK0548",3550,2026-06-16T17:35:54Z,2026-06-16T17:35:54Z,0.0
PO6 2JG,SEPD,HV,2,"TK0540,TK0548",3550,2026-06-16T17:35:54Z,2026-06-16T17:35:54Z,0.0
PO6 2JQ,SEPD,HV,2,"TK0540,TK0548",3550,2026-06-16T17:35:54Z,2026-06-16T17:35:54Z,0.0
PO6 2JT,SEPD,HV,2,"TK0540,TK0548",3550,2026-06-16T17:35:54Z,2026-06-16T17:35:54Z,0.0
PO6 2JU,SEPD,HV,2,"TK0540,TK0548",3550,2026-06-16T17:35:54Z,2026-06-16T17:35:54Z,0.0
PO6 2JX,SEPD,HV,2,"TK0540,TK0548",3550,2026-06-16T17:35:54Z,2026-06-16T17:35:54Z,0.0
PO6 2LG,SEPD,HV,2,"TK0540,TK0548",3550,2026-06-16T17:35:54Z,2026-06-16T17:35:54Z,0.0
PO6 2LT,SEPD,HV,2,"TK0540,TK0548",3550,2026-06-16T17:35:54Z,2026-06-16T17:35:54Z,0.0
PO6 2NX,SEPD,HV,2,"TK0540,TK0548",3550,2026-06-16T17:35:54Z,2026-06-16T17:35:54Z,0.0
RG20 7LP,SEPD,LV,2,"TJ9708,TK1762",38,2026-06-17T13:54:46Z,2026-06-17T13:54:46Z,0.0
RG30 4BA,SEPD,LV,2,"TK4300,TK4540",29,2026-06-19T16:25:07Z,2026-06-19T16:25:07Z,0.0
SN11 8JZ,SEPD,"PSI,LV",2,"252587,TK4044",108,2026-06-19T10:03:19Z,2026-06-19T10:03:19Z,0.0
SN5 6HZ,SEPD,LV,2,"TK7713,TK8547",61,2026-06-22T21:52:49Z,2026-06-22T23:14:55Z,0.0
SN9 6DE,SEPD,"PSI,LV",2,"251325,TK7618",51,2026-06-22T11:21:18Z,2026-06-22T16:07:52Z,0.0
AB31 6LN,SHEPD,PSI,1,251872,47,2026-06-19T10:03:19Z,2026-06-19T10:03:19Z,0.0
AB31 6LP,SHEPD,PSI,1,251872,47,2026-06-19T10:03:19Z,2026-06-19T10:03:19Z,0.0
AB31 6LQ,SHEPD,PSI,1,251872,47,2026-06-19T10:03:19Z,2026-06-19T10:03:19Z,0.0
AB31 6NN,SHEPD,PSI,1,251872,47,2026-06-19T10:03:19Z,2026-06-19T10:03:19Z,0.0
AB31 6NP,SHEPD,PSI,1,251872,47,2026-06-19T10:03:19Z,2026-06-19T10:03:19Z,0.0
AB31 6NQ,SHEPD,PSI,1,251872,47,2026-06-19T10:03:19Z,2026-06-19T10:03:19Z,0.0
AB42 3AP,SHEPD,PSI,1,252351,3,2026-06-21T09:02:32Z,2026-06-21T09:02:32Z,0.0
AB42 3JF,SHEPD,PSI,1,252351,3,2026-06-21T09:02:32Z,2026-06-21T09:02:32Z,0.0
AB43,SHEPD,HV,1,TJ9175,1724,2026-06-16T12:32:38Z,2026-06-16T12:32:38Z,0.0
AB43 7AA,SHEPD,HV,1,TJ9175,1724,2026-06-16T12:32:38Z,2026-06-16T12:32:38Z,0.0
AB43 7AB,SHEPD,HV,1,TJ9175,1724,2026-06-16T12:32:38Z,2026-06-16T12:32:38Z,0.0
AB43 7AD,SHEPD,HV,1,TJ9175,1724,2026-06-16T12:32:38Z,2026-06-16T12:32:38Z,0.0
AB43 7AE,SHEPD,HV,1,TJ9175,1724,2026-06-16T12:32:38Z,2026-06-16T12:32:38Z,0.0
AB43 7AF,SHEPD,HV,1,TJ9175,1724,2026-06-16T12:32:38Z,2026-06-16T12:32:38Z,0.0
AB43 7AG,SHEPD,HV,1,TJ9175,1724,2026-06-16T12:32:38Z,2026-06-16T12:32:38Z,0.0
AB43 7AH,SHEPD,HV,1,TJ9175,1724,2026-06-16T12:32:38Z,2026-06-16T12:32:38Z,0.0
AB43 7AJ,SHEPD,HV,1,TJ9175,1724,2026-06-16T12:32:38Z,2026-06-16T12:32:38Z,0.0
AB43 7AL,SHEPD,HV,1,TJ9175,1724,2026-06-16T12:32:38Z,2026-06-16T12:32:38Z,0.0
AB43 7AN,SHEPD,HV,1,TJ9175,1724,2026-06-16T12:32:38Z,2026-06-16T12:32:38Z,0.0
AB43 7AP,SHEPD,HV,1,TJ9175,1724,2026-06-16T12:32:38Z,2026-06-16T12:32:38Z,0.0
AB43 7AQ,SHEPD,HV,1,TJ9175,1724,2026-06-16T12:32:38Z,2026-06-16T12:32:38Z,0.0
AB43 7AR,SHEPD,HV,1,TJ9175,1724,2026-06-16T12:32:38Z,2026-06-16T12:32:38Z,0.0
AB43 7AW,SHEPD,HV,1,TJ9175,1724,2026-06-16T12:32:38Z,2026-06-16T12:32:38Z,0.0
AB43 7BE,SHEPD,HV,1,TJ9175,1724,2026-06-16T12:32:38Z,2026-06-16T12:32:38Z,0.0
AB43 7BF,SHEPD,HV,1,TJ9175,1724,2026-06-16T12:32:38Z,2026-06-16T12:32:38Z,0.0
AB43 7BG,SHEPD,HV,1,TJ9175,1724,2026-06-16T12:32:38Z,2026-06-16T12:32:38Z,0.0
AB43 7BH,SHEPD,HV,1,TJ9175,1724,2026-06-16T12:32:38Z,2026-06-16T12:32:38Z,0.0
AB43 7BJ,SHEPD,HV,1,TJ9175,1724,2026-06-16T12:32:38Z,2026-06-16T12:32:38Z,0.0
AB43 7BL,SHEPD,HV,1,TJ9175,1724,2026-06-16T12:32:38Z,2026-06-16T12:32:38Z,0.0
AB43 7BN,SHEPD,HV,1,TJ9175,1724,2026-06-16T12:32:38Z,2026-06-16T12:32:38Z,0.0
AB43 7BP,SHEPD,HV,1,TJ9175,1724,2026-06-16T12:32:38Z,2026-06-16T12:32:38Z,0.0
AB43 7BQ,SHEPD,HV,1,TJ9175,1724,2026-06-16T12:32:38Z,2026-06-16T12:32:38Z,0.0
AB43 7BR,SHEPD,HV,1,TJ9175,1724,2026-06-16T12:32:38Z,2026-06-16T12:32:38Z,0.0
AB43 7BS,SHEPD,HV,1,TJ9175,1724,2026-06-16T12:32:38Z,2026-06-16T12:32:38Z,0.0
AB43 7BT,SHEPD,HV,1,TJ9175,1724,2026-06-16T12:32:38Z,2026-06-16T12:32:38Z,0.0
AB43 7BX,SHEPD,HV,1,TJ9175,1724,2026-06-16T12:32:38Z,2026-06-16T12:32:38Z,0.0
AB43 7BY,SHEPD,HV,1,TJ9175,1724,2026-06-16T12:32:38Z,2026-06-16T12:32:38Z,0.0
AB43 7BZ,SHEPD,HV,1,TJ9175,1724,2026-06-16T12:32:38Z,2026-06-16T12:32:38Z,0.0
AB43 7DA,SHEPD,HV,1,TJ9175,1724,2026-06-16T12:32:38Z,2026-06-16T12:32:38Z,0.0
AB43 7DB,SHEPD,HV,1,TJ9175,1724,2026-06-16T12:32:38Z,2026-06-16T12:32:38Z,0.0
AB43 7DD,SHEPD,HV,1,TJ9175,1724,2026-06-16T12:32:38Z,2026-06-16T12:32:38Z,0.0
AB43 7DE,SHEPD,HV,1,TJ9175,1724,2026-06-16T12:32:38Z,2026-06-16T12:32:38Z,0.0
AB43 7DL,SHEPD,HV,1,TJ9175,1724,2026-06-16T12:32:38Z,2026-06-16T12:32:38Z,0.0
AB43 7DN,SHEPD,HV,1,TJ9175,1724,2026-06-16T12:32:38Z,2026-06-16T12:32:38Z,0.0
AB43 7EH,SHEPD,HV,1,TJ9175,1724,2026-06-16T12:32:38Z,2026-06-16T12:32:38Z,0.0
AB43 7EJ,SHEPD,HV,1,TJ9175,1724,2026-06-16T12:32:38Z,2026-06-16T12:32:38Z,0.0
AB43 7FA,SHEPD,HV,1,TJ9175,1724,2026-06-16T12:32:38Z,2026-06-16T12:32:38Z,0.0
AB43 7FB,SHEPD,HV,1,TJ9175,1724,2026-06-16T12:32:38Z,2026-06-16T12:32:38Z,0.0
AB43 7FE,SHEPD,HV,1,TJ9175,1724,2026-06-16T12:32:38Z,2026-06-16T12:32:38Z,0.0
AB43 7FF,SHEPD,HV,1,TJ9175,1724,2026-06-16T12:32:38Z,2026-06-16T12:32:38Z,0.0
AB43 7FG,SHEPD,HV,1,TJ9175,1724,2026-06-16T12:32:38Z,2026-06-16T12:32:38Z,0.0
AB43 7FH,SHEPD,HV,1,TJ9175,1724,2026-06-16T12:32:38Z,2026-06-16T12:32:38Z,0.0
AB43 7FJ,SHEPD,HV,1,TJ9175,1724,2026-06-16T12:32:38Z,2026-06-16T12:32:38Z,0.0
AB43 7FL,SHEPD,HV,1,TJ9175,1724,2026-06-16T12:32:38Z,2026-06-16T12:32:38Z,0.0
AB43 7GA,SHEPD,HV,1,TJ9175,1724,2026-06-16T12:32:38Z,2026-06-16T12:32:38Z,0.0
AB43 7GB,SHEPD,HV,1,TJ9175,1724,2026-06-16T12:32:38Z,2026-06-16T12:32:38Z,0.0
AB43 7GD,SHEPD,HV,1,TJ9175,1724,2026-06-16T12:32:38Z,2026-06-16T12:32:38Z,0.0
AB43 7GE,SHEPD,HV,1,TJ9175,1724,2026-06-16T12:32:38Z,2026-06-16T12:32:38Z,0.0
AB43 7HG,SHEPD,HV,1,TJ9175,1724,2026-06-16T12:32:38Z,2026-06-16T12:32:38Z,0.0
AB43 7HU,SHEPD,HV,1,TJ9175,1724,2026-06-16T12:32:38Z,2026-06-16T12:32:38Z,0.0
AB43 7HW,SHEPD,HV,1,TJ9175,1724,2026-06-16T12:32:38Z,2026-06-16T12:32:38Z,0.0
AB43 7HX,SHEPD,HV,1,TJ9175,1724,2026-06-16T12:32:38Z,2026-06-16T12:32:38Z,0.0
AB43 7HY,SHEPD,HV,1,TJ9175,1724,2026-06-16T12:32:38Z,2026-06-16T12:32:38Z,0.0
AB43 7UD,SHEPD,HV,1,TJ9175,1724,2026-06-16T12:32:38Z,2026-06-16T12:32:38Z,0.0
AB43 8AE,SHEPD,HV,1,TJ9175,1724,2026-06-16T12:32:38Z,2026-06-16T12:32:38Z,0.0
AB43 8RJ,SHEPD,HV,1,TJ9175,1724,2026-06-16T12:32:38Z,2026-06-16T12:32:38Z,0.0
AB43 8RL,SHEPD,HV,1,TJ9175,1724,2026-06-16T12:32:38Z,2026-06-16T12:32:38Z,0.0
AB43 8RN,SHEPD,HV,1,TJ9175,1724,2026-06-16T12:32:38Z,2026-06-16T12:32:38Z,0.0
AB43 8SA,SHEPD,HV,1,TJ9175,1724,2026-06-16T12:32:38Z,2026-06-16T12:32:38Z,0.0
AB43 8SB,SHEPD,HV,1,TJ9175,1724,2026-06-16T12:32:38Z,2026-06-16T12:32:38Z,0.0
AB43 8SD,SHEPD,HV,1,TJ9175,1724,2026-06-16T12:32:38Z,2026-06-16T12:32:38Z,0.0
AB43 8SN,SHEPD,HV,1,TJ9175,1724,2026-06-16T12:32:38Z,2026-06-16T12:32:38Z,0.0
AB43 8SP,SHEPD,HV,1,TJ9175,1724,2026-06-16T12:32:38Z,2026-06-16T12:32:38Z,0.0
AB43 8SR,SHEPD,HV,1,TJ9175,1724,2026-06-16T12:32:38Z,2026-06-16T12:32:38Z,0.0
AB43 8SS,SHEPD,HV,1,TJ9175,1724,2026-06-16T12:32:38Z,2026-06-16T12:32:38Z,0.0
AB43 8ST,SHEPD,HV,1,TJ9175,1724,2026-06-16T12:32:38Z,2026-06-16T12:32:38Z,0.0
AB43 8TF,SHEPD,HV,1,TJ9175,1724,2026-06-16T12:32:38Z,2026-06-16T12:32:38Z,0.0
AB43 8TG,SHEPD,HV,1,TJ9175,1724,2026-06-16T12:32:38Z,2026-06-16T12:32:38Z,0.0
AB43 8TJ,SHEPD,HV,1,TJ9175,1724,2026-06-16T12:32:38Z,2026-06-16T12:32:38Z,0.0
AB43 8TL,SHEPD,HV,1,TJ9175,1724,2026-06-16T12:32:38Z,2026-06-16T12:32:38Z,0.0
AB43 8TS,SHEPD,HV,1,TJ9175,1724,2026-06-16T12:32:38Z,2026-06-16T12:32:38Z,0.0
AB43 8TT,SHEPD,HV,1,TJ9175,1724,2026-06-16T12:32:38Z,2026-06-16T12:32:38Z,0.0
AB43 8TU,SHEPD,HV,1,TJ9175,1724,2026-06-16T12:32:38Z,2026-06-16T12:32:38Z,0.0
AB43 8TX,SHEPD,HV,1,TJ9175,1724,2026-06-16T12:32:38Z,2026-06-16T12:32:38Z,0.0
AB43 8UA,SHEPD,HV,1,TJ9175,1724,2026-06-16T12:32:38Z,2026-06-16T12:32:38Z,0.0
AB43 8UB,SHEPD,HV,1,TJ9175,1724,2026-06-16T12:32:38Z,2026-06-16T12:32:38Z,0.0
AB43 8UD,SHEPD,HV,1,TJ9175,1724,2026-06-16T12:32:38Z,2026-06-16T12:32:38Z,0.0
AB43 8UL,SHEPD,HV,1,TJ9175,1724,2026-06-16T12:32:38Z,2026-06-16T12:32:38Z,0.0
AB43 8UN,SHEPD,HV,1,TJ9175,1724,2026-06-16T12:32:38Z,2026-06-16T12:32:38Z,0.0
AB43 8UP,SHEPD,HV,1,TJ9175,1724,2026-06-16T12:32:38Z,2026-06-16T12:32:38Z,0.0
AB43 8UQ,SHEPD,HV,1,TJ9175,1724,2026-06-16T12:32:38Z,2026-06-16T12:32:38Z,0.0
AB43 8UR,SHEPD,HV,1,TJ9175,1724,2026-06-16T12:32:38Z,2026-06-16T12:32:38Z,0.0
AB43 8UU,SHEPD,HV,1,TJ9175,1724,2026-06-16T12:32:38Z,2026-06-16T12:32:38Z,0.0
AB43 8UW,SHEPD,HV,1,TJ9175,1724,2026-06-16T12:32:38Z,2026-06-16T12:32:38Z,0.0
AB43 8WX,SHEPD,HV,1,TJ9175,1724,2026-06-16T12:32:38Z,2026-06-16T12:32:38Z,0.0
AB43 8XS,SHEPD,HV,1,TJ9175,1724,2026-06-16T12:32:38Z,2026-06-16T12:32:38Z,0.0
AB43 9AY,SHEPD,HV,1,TJ9175,1724,2026-06-16T12:32:38Z,2026-06-16T12:32:38Z,0.0
AB43 9FH,SHEPD,HV,1,TJ9175,1724,2026-06-16T12:32:38Z,2026-06-16T12:32:38Z,0.0
AB43 9FJ,SHEPD,HV,1,TJ9175,1724,2026-06-16T12:32:38Z,2026-06-16T12:32:38Z,0.0
AB43 9HU,SHEPD,HV,1,TJ9175,1724,2026-06-16T12:32:38Z,2026-06-16T12:32:38Z,0.0
AB43 9NW,SHEPD,HV,1,TJ9175,1724,2026-06-16T12:32:38Z,2026-06-16T12:32:38Z,0.0
AB43 9NZ,SHEPD,HV,1,TJ9175,1724,2026-06-16T12:32:38Z,2026-06-16T12:32:38Z,0.0
AB43 9PF,SHEPD,HV,1,TJ9175,1724,2026-06-16T12:32:38Z,2026-06-16T12:32:38Z,0.0
AB43 9PG,SHEPD,HV,1,TJ9175,1724,2026-06-16T12:32:38Z,2026-06-16T12:32:38Z,0.0
AB43 9PU,SHEPD,HV,1,TJ9175,1724,2026-06-16T12:32:38Z,2026-06-16T12:32:38Z,0.0
AB43 9PW,SHEPD,HV,1,TJ9175,1724,2026-06-16T12:32:38Z,2026-06-16T12:32:38Z,0.0
AB43 9PZ,SHEPD,HV,1,TJ9175,1724,2026-06-16T12:32:38Z,2026-06-16T12:32:38Z,0.0
AB43 9RF,SHEPD,HV,1,TJ9175,1724,2026-06-16T12:32:38Z,2026-06-16T12:32:38Z,0.0
AB43 9RG,SHEPD,HV,1,TJ9175,1724,2026-06-16T12:32:38Z,2026-06-16T12:32:38Z,0.0
AB43 9RW,SHEPD,HV,1,TJ9175,1724,2026-06-16T12:32:38Z,2026-06-16T12:32:38Z,0.0
AB43 9SJ,SHEPD,HV,1,TJ9175,1724,2026-06-16T12:32:38Z,2026-06-16T12:32:38Z,0.0
AB43 9SL,SHEPD,HV,1,TJ9175,1724,2026-06-16T12:32:38Z,2026-06-16T12:32:38Z,0.0
AB43 9SP,SHEPD,HV,1,TJ9175,1724,2026-06-16T12:32:38Z,2026-06-16T12:32:38Z,0.0
AB43 9SS,SHEPD,HV,1,TJ9175,1724,2026-06-16T12:32:38Z,2026-06-16T12:32:38Z,0.0
AB43 9ST,SHEPD,HV,1,TJ9175,1724,2026-06-16T12:32:38Z,2026-06-16T12:32:38Z,0.0
AB43 9SW,SHEPD,HV,1,TJ9175,1724,2026-06-16T12:32:38Z,2026-06-16T12:32:38Z,0.0
AB43 9SZ,SHEPD,HV,1,TJ9175,1724,2026-06-16T12:32:38Z,2026-06-16T12:32:38Z,0.0
AB43 9TA,SHEPD,HV,1,TJ9175,1724,2026-06-16T12:32:38Z,2026-06-16T12:32:38Z,0.0
AB43 9TS,SHEPD,HV,1,TJ9175,1724,2026-06-16T12:32:38Z,2026-06-16T12:32:38Z,0.0
AB43 9TT,SHEPD,HV,1,TJ9175,1724,2026-06-16T12:32:38Z,2026-06-16T12:32:38Z,0.0
AB43 9TU,SHEPD,HV,1,TJ9175,1724,2026-06-16T12:32:38Z,2026-06-16T12:32:38Z,0.0
AB43 9TW,SHEPD,HV,1,TJ9175,1724,2026-06-16T12:32:38Z,2026-06-16T12:32:38Z,0.0
AB43 9TX,SHEPD,HV,1,TJ9175,1724,2026-06-16T12:32:38Z,2026-06-16T12:32:38Z,0.0
AB43 9UJ,SHEPD,HV,1,TJ9175,1724,2026-06-16T12:32:38Z,2026-06-16T12:32:38Z,0.0
AB43 9UW,SHEPD,HV,1,TJ9175,1724,2026-06-16T12:32:38Z,2026-06-16T12:32:38Z,0.0
AB43 9WE,SHEPD,HV,1,TJ9175,1724,2026-06-16T12:32:38Z,2026-06-16T12:32:38Z,0.0
AB43 9WF,SHEPD,HV,1,TJ9175,1724,2026-06-16T12:32:38Z,2026-06-16T12:32:38Z,0.0
AB43 9WG,SHEPD,HV,1,TJ9175,1724,2026-06-16T12:32:38Z,2026-06-16T12:32:38Z,0.0
AB43 9WH,SHEPD,HV,1,TJ9175,1724,2026-06-16T12:32:38Z,2026-06-16T12:32:38Z,0.0
AB43 9WL,SHEPD,HV,1,TJ9175,1724,2026-06-16T12:32:38Z,2026-06-16T12:32:38Z,0.0
AB43 9WU,SHEPD,HV,1,TJ9175,1724,2026-06-16T12:32:38Z,2026-06-16T12:32:38Z,0.0
AB43 9XE,SHEPD,HV,1,TJ9175,1724,2026-06-16T12:32:38Z,2026-06-16T12:32:38Z,0.0
AB45 2BQ,SHEPD,HV,1,TK2239,4,2026-06-17T23:05:25Z,2026-06-17T23:05:25Z,0.0
AB45 3PN,SHEPD,PSI,1,251924,56,2026-06-22T11:21:18Z,2026-06-22T11:21:18Z,0.0
AB45 3PR,SHEPD,PSI,1,251924,56,2026-06-22T11:21:18Z,2026-06-22T11:21:18Z,0.0
AB45 3PS,SHEPD,PSI,1,251924,56,2026-06-22T11:21:18Z,2026-06-22T11:21:18Z,0.0
AB45 3PT,SHEPD,PSI,1,251924,56,2026-06-22T11:21:18Z,2026-06-22T11:21:18Z,0.0
AB45 3PX,SHEPD,PSI,1,251924,56,2026-06-22T11:21:18Z,2026-06-22T11:21:18Z,0.0
AB51 5NT,SHEPD,HV,1,TK0377,82,2026-06-16T17:35:54Z,2026-06-16T17:35:54Z,0.0
AB51 5NU,SHEPD,HV,1,TK0377,82,2026-06-16T17:35:54Z,2026-06-16T17:35:54Z,0.0
AB51 5NX,SHEPD,HV,1,TK0377,82,2026-06-16T17:35:54Z,2026-06-16T17:35:54Z,0.0
AB51 5NY,SHEPD,HV,1,TK0377,82,2026-06-16T17:35:54Z,2026-06-16T17:35:54Z,0.0
AB51 5PA,SHEPD,HV,1,TK0377,82,2026-06-16T17:35:54Z,2026-06-16T17:35:54Z,0.0
AB51 5PD,SHEPD,HV,1,TK0377,82,2026-06-16T17:35:54Z,2026-06-16T17:35:54Z,0.0
AB51 5PR,SHEPD,HV,1,TK0377,82,2026-06-16T17:35:54Z,2026-06-16T17:35:54Z,0.0
AB51 5PS,SHEPD,HV,1,TK0377,82,2026-06-16T17:35:54Z,2026-06-16T17:35:54Z,0.0
AB52 6PL,SHEPD,PSI,1,251779,195,2026-06-16T12:32:38Z,2026-06-16T12:32:38Z,0.0
AB52 6PR,SHEPD,PSI,1,251779,195,2026-06-16T12:32:38Z,2026-06-16T12:32:38Z,0.0
AB52 6PS,SHEPD,PSI,1,251779,195,2026-06-16T12:32:38Z,2026-06-16T12:32:38Z,0.0
AB52 6PT,SHEPD,PSI,1,251779,195,2026-06-16T12:32:38Z,2026-06-16T12:32:38Z,0.0
AB52 6PU,SHEPD,PSI,1,251779,195,2026-06-16T12:32:38Z,2026-06-16T12:32:38Z,0.0
AB52 6PW,SHEPD,PSI,1,251779,195,2026-06-16T12:32:38Z,2026-06-16T12:32:38Z,0.0
AB52 6PX,SHEPD,PSI,1,251779,195,2026-06-16T12:32:38Z,2026-06-16T12:32:38Z,0.0
AB52 6PY,SHEPD,PSI,1,251779,195,2026-06-16T12:32:38Z,2026-06-16T12:32:38Z,0.0
AB52 6PZ,SHEPD,PSI,1,251779,195,2026-06-16T12:32:38Z,2026-06-16T12:32:38Z,0.0
AB52 6QA,SHEPD,PSI,1,251779,195,2026-06-16T12:32:38Z,2026-06-16T12:32:38Z,0.0
AB52 6QB,SHEPD,PSI,1,251779,195,2026-06-16T12:32:38Z,2026-06-16T12:32:38Z,0.0
AB52 6QD,SHEPD,PSI,1,251779,195,2026-06-16T12:32:38Z,2026-06-16T12:32:38Z,0.0
AB52 6QE,SHEPD,PSI,1,251779,195,2026-06-16T12:32:38Z,2026-06-16T12:32:38Z,0.0
AB52 6QF,SHEPD,PSI,1,251779,195,2026-06-16T12:32:38Z,2026-06-16T12:32:38Z,0.0
AB52 6QG,SHEPD,PSI,1,251779,195,2026-06-16T12:32:38Z,2026-06-16T12:32:38Z,0.0
AB52 6QH,SHEPD,PSI,1,251779,195,2026-06-16T12:32:38Z,2026-06-16T12:32:38Z,0.0
AB52 6QJ,SHEPD,PSI,1,251779,195,2026-06-16T12:32:38Z,2026-06-16T12:32:38Z,0.0
AB52 6QL,SHEPD,PSI,1,251779,195,2026-06-16T12:32:38Z,2026-06-16T12:32:38Z,0.0
AB52 6QN,SHEPD,PSI,1,251779,195,2026-06-16T12:32:38Z,2026-06-16T12:32:38Z,0.0
AB52 6QZ,SHEPD,PSI,1,251779,195,2026-06-16T12:32:38Z,2026-06-16T12:32:38Z,0.0
AB53 5PT,SHEPD,PSI,1,251924,56,2026-06-22T11:21:18Z,2026-06-22T11:21:18Z,0.0
AB53 5RR,SHEPD,PSI,1,251924,56,2026-06-22T11:21:18Z,2026-06-22T11:21:18Z,0.0
AB53 5RS,SHEPD,PSI,1,251924,56,2026-06-22T11:21:18Z,2026-06-22T11:21:18Z,0.0
AB53 5RT,SHEPD,PSI,1,251924,56,2026-06-22T11:21:18Z,2026-06-22T11:21:18Z,0.0
AB53 5RW,SHEPD,PSI,1,251924,56,2026-06-22T11:21:18Z,2026-06-22T11:21:18Z,0.0
AB53 5RX,SHEPD,PSI,1,251924,56,2026-06-22T11:21:18Z,2026-06-22T11:21:18Z,0.0
AB53 5RY,SHEPD,PSI,1,251924,56,2026-06-22T11:21:18Z,2026-06-22T11:21:18Z,0.0
AB53 5SA,SHEPD,PSI,1,251924,56,2026-06-22T11:21:18Z,2026-06-22T11:21:18Z,0.0
AB55 6ND,SHEPD,HV,1,TK2239,4,2026-06-17T23:05:25Z,2026-06-17T23:05:25Z,0.0
AB55 6NJ,SHEPD,HV,1,TK2239,4,2026-06-17T23:05:25Z,2026-06-17T23:05:25Z,0.0
AB55 6NL,SHEPD,HV,1,TK2239,4,2026-06-17T23:05:25Z,2026-06-17T23:05:25Z,0.0
BA10 0AA,SEPD,PSI,1,252428,14,2026-06-18T10:56:41Z,2026-06-18T10:56:41Z,0.0
BA10 0AB,SEPD,PSI,1,252428,14,2026-06-18T10:56:41Z,2026-06-18T10:56:41Z,0.0
BA10 0AT,SEPD,PSI,1,252428,14,2026-06-18T10:56:41Z,2026-06-18T10:56:41Z,0.0
BA10 0EA,SEPD,PSI,1,252428,14,2026-06-18T10:56:41Z,2026-06-18T10:56:41Z,0.0
BA11 2NU,SEPD,PSI,1,252081,3,2026-06-18T10:56:41Z,2026-06-18T10:56:41Z,0.0
BA11 2NY,SEPD,PSI,1,252081,3,2026-06-18T10:56:41Z,2026-06-18T10:56:41Z,0.0
BA11 2TJ,SEPD,LV,1,TK6562,7,2026-06-21T20:19:33Z,2026-06-21T20:19:33Z,0.0
BA11 3JA,SEPD,PSI,1,251698,28,2026-06-22T11:21:18Z,2026-06-22T11:21:18Z,0.0
BA11 3JH,SEPD,PSI,1,251698,28,2026-06-22T11:21:18Z,2026-06-22T11:21:18Z,0.0
BA11 3JJ,SEPD,PSI,1,251698,28,2026-06-22T11:21:18Z,2026-06-22T11:21:18Z,0.0
BA11 3JP,SEPD,PSI,1,251698,28,2026-06-22T11:21:18Z,2026-06-22T11:21:18Z,0.0
BA11 3JQ,SEPD,PSI,1,251698,28,2026-06-22T11:21:18Z,2026-06-22T11:21:18Z,0.0
BA11 3NW,SEPD,PSI,1,251698,28,2026-06-22T11:21:18Z,2026-06-22T11:21:18Z,0.0
BA11 3NY,SEPD,PSI,1,251698,28,2026-06-22T11:21:18Z,2026-06-22T11:21:18Z,0.0
BA11 4JS,SEPD,LV,1,TK6428,11,2026-06-21T15:31:23Z,2026-06-21T15:31:23Z,0.0
BA11 4JT,SEPD,LV,1,TK6428,11,2026-06-21T15:31:23Z,2026-06-21T15:31:23Z,0.0
BA14,SEPD,HV,1,TK6790,65,2026-06-21T21:48:03Z,2026-06-21T21:48:03Z,0.0
BA14 0SL,SEPD,HV,1,TK6790,65,2026-06-21T21:48:03Z,2026-06-21T21:48:03Z,0.0
BA14 0SN,SEPD,LV,1,TK6736,27,2026-06-21T20:19:33Z,2026-06-21T20:19:33Z,0.0
BA14 0SP,SEPD,LV,1,TK6736,27,2026-06-21T20:19:33Z,2026-06-21T20:19:33Z,0.0
BA14 0SQ,SEPD,LV,1,TK6736,27,2026-06-21T20:19:33Z,2026-06-21T20:19:33Z,0.0
BA14 0SU,SEPD,LV,1,TK6736,27,2026-06-21T20:19:33Z,2026-06-21T20:19:33Z,0.0
BA14 0SX,SEPD,HV,1,TK6790,65,2026-06-21T21:48:03Z,2026-06-21T21:48:03Z,0.0
BA14 0TF,SEPD,HV,1,TK6790,65,2026-06-21T21:48:03Z,2026-06-21T21:48:03Z,0.0
BA14 0TN,SEPD,HV,1,TK6790,65,2026-06-21T21:48:03Z,2026-06-21T21:48:03Z,0.0
BA14 0TW,SEPD,HV,1,TK6790,65,2026-06-21T21:48:03Z,2026-06-21T21:48:03Z,0.0
BA14 0TX,SEPD,HV,1,TK6790,65,2026-06-21T21:48:03Z,2026-06-21T21:48:03Z,0.0
BA14 0XG,SEPD,HV,1,TK6790,65,2026-06-21T21:48:03Z,2026-06-21T21:48:03Z,0.0
BA14 8NN,SEPD,LV,1,TK3418,12,2026-06-18T17:36:33Z,2026-06-18T17:36:33Z,0.0
BA14 8NP,SEPD,LV,1,TK3418,12,2026-06-18T17:36:33Z,2026-06-18T17:36:33Z,0.0
BA14 8NQ,SEPD,LV,1,TK3418,12,2026-06-18T17:36:33Z,2026-06-18T17:36:33Z,0.0
BA14 8QE,SEPD,LV,1,TK8566,8,2026-06-22T23:14:55Z,2026-06-22T23:14:55Z,0.0
BA14 8QJ,SEPD,LV,1,TK8566,8,2026-06-22T23:14:55Z,2026-06-22T23:14:55Z,0.0
BA20 2EN,SEPD,PSI,1,251182,41,2026-06-16T12:32:38Z,2026-06-16T12:32:38Z,0.0
BA21 3PJ,SEPD,PSI,1,251182,41,2026-06-16T12:32:38Z,2026-06-16T12:32:38Z,0.0
BA21 3PR,SEPD,HV,1,TK2921,120,2026-06-18T14:16:29Z,2026-06-18T14:16:29Z,0.0
BA21 3PS,SEPD,HV,1,TK2921,120,2026-06-18T14:16:29Z,2026-06-18T14:16:29Z,0.0
BA21 3PT,SEPD,HV,1,TK2921,120,2026-06-18T14:16:29Z,2026-06-18T14:16:29Z,0.0
BA21 3PX,SEPD,HV,1,TK2921,120,2026-06-18T14:16:29Z,2026-06-18T14:16:29Z,0.0
BA21 3PY,SEPD,HV,1,TK2921,120,2026-06-18T14:16:29Z,2026-06-18T14:16:29Z,0.0
BA22 7JB,SEPD,PSI,1,251200,27,2026-06-18T10:56:41Z,2026-06-18T10:56:41Z,0.0
BA22 7JE,SEPD,PSI,1,251200,27,2026-06-18T10:56:41Z,2026-06-18T10:56:41Z,0.0
BA22 7JF,SEPD,PSI,1,251200,27,2026-06-18T10:56:41Z,2026-06-18T10:56:41Z,0.0
BA22 8QX,SEPD,HV,1,TK2921,120,2026-06-18T14:16:29Z,2026-06-18T14:16:29Z,0.0
BA22 8RA,SEPD,HV,1,TK2921,120,2026-06-18T14:16:29Z,2026-06-18T14:16:29Z,0.0
BA22 8RB,SEPD,HV,1,TK2921,120,2026-06-18T14:16:29Z,2026-06-18T14:16:29Z,0.0
BA22 8RD,SEPD,HV,1,TK2921,120,2026-06-18T14:16:29Z,2026-06-18T14:16:29Z,0.0
BA22 9FD,SEPD,PSI,1,251689,45,2026-06-22T11:21:18Z,2026-06-22T11:21:18Z,0.0
BA22 9QU,SEPD,PSI,1,251689,45,2026-06-22T11:21:18Z,2026-06-22T11:21:18Z,0.0
BA22 9QX,SEPD,PSI,1,251689,45,2026-06-22T11:21:18Z,2026-06-22T11:21:18Z,0.0
BA22 9QY,SEPD,PSI,1,251689,45,2026-06-22T11:21:18Z,2026-06-22T11:21:18Z,0.0
BA22 9QZ,SEPD,PSI,1,251689,45,2026-06-22T11:21:18Z,2026-06-22T11:21:18Z,0.0
BA22 9SF,SEPD,PSI,1,251689,45,2026-06-22T11:21:18Z,2026-06-22T11:21:18Z,0.0
BA8,SEPD,HV,1,TK8523,79,2026-06-22T21:52:49Z,2026-06-22T21:52:49Z,0.0
BA8 0QG,SEPD,HV,1,TK8523,79,2026-06-22T21:52:49Z,2026-06-22T21:52:49Z,0.0
BA8 0TE,SEPD,HV,1,TK8523,79,2026-06-22T21:52:49Z,2026-06-22T21:52:49Z,0.0
BA8 0TF,SEPD,HV,1,TK8523,79,2026-06-22T21:52:49Z,2026-06-22T21:52:49Z,0.0
BA8 0TG,SEPD,HV,1,TK8523,79,2026-06-22T21:52:49Z,2026-06-22T21:52:49Z,0.0
BA8 0TN,SEPD,HV,1,TK8523,79,2026-06-22T21:52:49Z,2026-06-22T21:52:49Z,0.0
BH1 4NN,SEPD,LV,1,TK1128,18,2026-06-17T10:02:27Z,2026-06-17T10:02:27Z,0.0
BH10 4AE,SEPD,LV,1,TK3579,23,2026-06-18T22:22:12Z,2026-06-18T22:22:12Z,0.0
BH10 4AF,SEPD,LV,1,TK3579,23,2026-06-18T22:22:12Z,2026-06-18T22:22:12Z,0.0
BH10 4AS,SEPD,LV,1,TK3579,23,2026-06-18T22:22:12Z,2026-06-18T22:22:12Z,0.0
BH10 4AW,SEPD,LV,1,TK3579,23,2026-06-18T22:22:12Z,2026-06-18T22:22:12Z,0.0
BH10 4DA,SEPD,LV,1,TK3579,23,2026-06-18T22:22:12Z,2026-06-18T22:22:12Z,0.0
BH10 4DB,SEPD,LV,1,TK3579,23,2026-06-18T22:22:12Z,2026-06-18T22:22:12Z,0.0
BH10 4DD,SEPD,LV,1,TK3579,23,2026-06-18T22:22:12Z,2026-06-18T22:22:12Z,0.0
BH10 4DE,SEPD,LV,1,TK3579,23,2026-06-18T22:22:12Z,2026-06-18T22:22:12Z,0.0
BH10 4DF,SEPD,LV,1,TK3579,23,2026-06-18T22:22:12Z,2026-06-18T22:22:12Z,0.0
BH12 4AJ,SEPD,PSI,1,252663,7,2026-06-22T11:21:18Z,2026-06-22T11:21:18Z,0.0
BH12 4AS,SEPD,PSI,1,252663,7,2026-06-22T11:21:18Z,2026-06-22T11:21:18Z,0.0
BH15 3HY,SEPD,LV,1,TJ9741,19,2026-06-16T12:32:38Z,2026-06-16T12:32:38Z,0.0
BH15 3JE,SEPD,LV,1,TJ9741,19,2026-06-16T12:32:38Z,2026-06-16T12:32:38Z,0.0
BH15 3JF,SEPD,LV,1,TJ9741,19,2026-06-16T12:32:38Z,2026-06-16T12:32:38Z,0.0
BH15 3LQ,SEPD,LV,1,TJ9741,19,2026-06-16T12:32:38Z,2026-06-16T12:32:38Z,0.0
BH17 7AN,SEPD,LV,1,TK0646,20,2026-06-17T10:02:27Z,2026-06-17T10:02:27Z,0.0
BH17 7AW,SEPD,LV,1,TK0646,20,2026-06-17T10:02:27Z,2026-06-17T10:02:27Z,0.0
BH21 2ED,SEPD,LV,1,TK4997,13,2026-06-20T06:38:18Z,2026-06-20T06:38:18Z,0.0
BH21 5AJ,SEPD,LV,1,TK8125,8,2026-06-22T19:46:47Z,2026-06-22T19:46:47Z,0.0
BH21 5AL,SEPD,LV,1,TK8125,8,2026-06-22T19:46:47Z,2026-06-22T19:46:47Z,0.0
BH21 6SB,SEPD,HV,1,TK1550,21,2026-06-17T13:54:46Z,2026-06-17T13:54:46Z,0.0
BH21 7BT,SEPD,HV,1,TK1550,21,2026-06-17T13:54:46Z,2026-06-17T13:54:46Z,0.0
BH21 7DA,SEPD,HV,1,TK1550,21,2026-06-17T13:54:46Z,2026-06-17T13:54:46Z,0.0
BH21 7DB,SEPD,HV,1,TK1550,21,2026-06-17T13:54:46Z,2026-06-17T13:54:46Z,0.0
BH21 7DJ,SEPD,HV,1,TK1550,21,2026-06-17T13:54:46Z,2026-06-17T13:54:46Z,0.0
BH21 7DL,SEPD,HV,1,TK1550,21,2026-06-17T13:54:46Z,2026-06-17T13:54:46Z,0.0
BH21 7DN,SEPD,HV,1,TK1550,21,2026-06-17T13:54:46Z,2026-06-17T13:54:46Z,0.0
BH21 7DP,SEPD,HV,1,TK1550,21,2026-06-17T13:54:46Z,2026-06-17T13:54:46Z,0.0
BH21 7DW,SEPD,HV,1,TK1550,21,2026-06-17T13:54:46Z,2026-06-17T13:54:46Z,0.0
BH21 7DZ,SEPD,HV,1,TK1550,21,2026-06-17T13:54:46Z,2026-06-17T13:54:46Z,0.0
BH21 7EA,SEPD,HV,1,TK1550,21,2026-06-17T13:54:46Z,2026-06-17T13:54:46Z,0.0
BH21 7EB,SEPD,HV,1,TK1550,21,2026-06-17T13:54:46Z,2026-06-17T13:54:46Z,0.0
BH21 7JH,SEPD,HV,1,TK1550,21,2026-06-17T13:54:46Z,2026-06-17T13:54:46Z,0.0
BH21 7JJ,SEPD,HV,1,TK1550,21,2026-06-17T13:54:46Z,2026-06-17T13:54:46Z,0.0
BH21 7JL,SEPD,HV,1,TK1550,21,2026-06-17T13:54:46Z,2026-06-17T13:54:46Z,0.0
BH21 7JN,SEPD,HV,1,TK1550,21,2026-06-17T13:54:46Z,2026-06-17T13:54:46Z,0.0
BH21 7JR,SEPD,HV,1,TK1550,21,2026-06-17T13:54:46Z,2026-06-17T13:54:46Z,0.0
BH21 7JT,SEPD,HV,1,TK1550,21,2026-06-17T13:54:46Z,2026-06-17T13:54:46Z,0.0
BH21 7JU,SEPD,HV,1,TK1550,21,2026-06-17T13:54:46Z,2026-06-17T13:54:46Z,0.0
BH21 7JW,SEPD,HV,1,TK1550,21,2026-06-17T13:54:46Z,2026-06-17T13:54:46Z,0.0
BH21 7JX,SEPD,HV,1,TK1550,21,2026-06-17T13:54:46Z,2026-06-17T13:54:46Z,0.0
BH21 7JY,SEPD,HV,1,TK1550,21,2026-06-17T13:54:46Z,2026-06-17T13:54:46Z,0.0
BH21 7JZ,SEPD,HV,1,TK1550,21,2026-06-17T13:54:46Z,2026-06-17T13:54:46Z,0.0
BH21 7LA,SEPD,HV,1,TK1550,21,2026-06-17T13:54:46Z,2026-06-17T13:54:46Z,0.0
BH21 7LB,SEPD,HV,1,TK1550,21,2026-06-17T13:54:46Z,2026-06-17T13:54:46Z,0.0
BH22 8US,SEPD,LV,1,TK3647,9,2026-06-19T05:23:39Z,2026-06-19T05:23:39Z,0.0
BH22 8UY,SEPD,LV,1,TK3647,9,2026-06-19T05:23:39Z,2026-06-19T05:23:39Z,0.0
BH23 5QP,SEPD,LV,1,TK7075,9,2026-06-22T16:07:52Z,2026-06-22T16:07:52Z,0.0
BH23 5QR,SEPD,LV,1,TK7075,9,2026-06-22T16:07:52Z,2026-06-22T16:07:52Z,0.0
BH23 7AN,SEPD,HV,1,TJ9859,158,2026-06-16T12:32:38Z,2026-06-16T12:32:38Z,0.0
BH23 7AP,SEPD,HV,1,TJ9859,158,2026-06-16T12:32:38Z,2026-06-16T12:32:38Z,0.0
BH23 7AQ,SEPD,HV,1,TJ9859,158,2026-06-16T12:32:38Z,2026-06-16T12:32:38Z,0.0
BH23 7AR,SEPD,HV,1,TJ9859,158,2026-06-16T12:32:38Z,2026-06-16T12:32:38Z,0.0
BH23 7AS,SEPD,HV,1,TJ9859,158,2026-06-16T12:32:38Z,2026-06-16T12:32:38Z,0.0
BH23 7AT,SEPD,HV,1,TJ9859,158,2026-06-16T12:32:38Z,2026-06-16T12:32:38Z,0.0
BH23 7AW,SEPD,HV,1,TJ9859,158,2026-06-16T12:32:38Z,2026-06-16T12:32:38Z,0.0
BH23 7AY,SEPD,HV,1,TJ9859,158,2026-06-16T12:32:38Z,2026-06-16T12:32:38Z,0.0
BH23 7AZ,SEPD,HV,1,TJ9859,158,2026-06-16T12:32:38Z,2026-06-16T12:32:38Z,0.0
BH23 7BA,SEPD,HV,1,TJ9859,158,2026-06-16T12:32:38Z,2026-06-16T12:32:38Z,0.0
BH23 7BE,SEPD,HV,1,TJ9859,158,2026-06-16T12:32:38Z,2026-06-16T12:32:38Z,0.0
BH23 7BP,SEPD,HV,1,TJ9859,158,2026-06-16T12:32:38Z,2026-06-16T12:32:38Z,0.0
BH23 7BT,SEPD,HV,1,TJ9859,158,2026-06-16T12:32:38Z,2026-06-16T12:32:38Z,0.0
BH23 7JZ,SEPD,HV,1,TJ9859,158,2026-06-16T12:32:38Z,2026-06-16T12:32:38Z,0.0
BH23 7LA,SEPD,HV,1,TJ9859,158,2026-06-16T12:32:38Z,2026-06-16T12:32:38Z,0.0
BH23 7LB,SEPD,HV,1,TJ9859,158,2026-06-16T12:32:38Z,2026-06-16T12:32:38Z,0.0
BH24 3BL,SEPD,LV,1,TJ9592,29,2026-06-16T12:32:38Z,2026-06-16T12:32:38Z,0.0
BH24 3BN,SEPD,LV,1,TJ9592,29,2026-06-16T12:32:38Z,2026-06-16T12:32:38Z,0.0
BH24 3DY,SEPD,PSI,1,252238,23,2026-06-16T12:32:38Z,2026-06-16T12:32:38Z,0.0
BH24 3HA,SEPD,PSI,1,252238,23,2026-06-16T12:32:38Z,2026-06-16T12:32:38Z,0.0
BH24 3HB,SEPD,PSI,1,252238,23,2026-06-16T12:32:38Z,2026-06-16T12:32:38Z,0.0
BH24 3HD,SEPD,PSI,1,252238,23,2026-06-16T12:32:38Z,2026-06-16T12:32:38Z,0.0
BH24 4AP,SEPD,PSI,1,251853,34,2026-06-16T12:32:38Z,2026-06-16T12:32:38Z,0.0
BH24 4AR,SEPD,PSI,1,251853,34,2026-06-16T12:32:38Z,2026-06-16T12:32:38Z,0.0
BH24 4AS,SEPD,PSI,1,251853,34,2026-06-16T12:32:38Z,2026-06-16T12:32:38Z,0.0
BH24 4BB,SEPD,PSI,1,251853,34,2026-06-16T12:32:38Z,2026-06-16T12:32:38Z,0.0
BH24 4BD,SEPD,PSI,1,251853,34,2026-06-16T12:32:38Z,2026-06-16T12:32:38Z,0.0
BH24 4DJ,SEPD,PSI,1,252143,12,2026-06-19T10:03:19Z,2026-06-19T10:03:19Z,0.0
BH24 4DL,SEPD,PSI,1,252143,12,2026-06-19T10:03:19Z,2026-06-19T10:03:19Z,0.0
BH5 1HJ,SEPD,PSI,1,252662,34,2026-06-22T11:21:18Z,2026-06-22T11:21:18Z,0.0
BH5 1HN,SEPD,PSI,1,252662,34,2026-06-22T11:21:18Z,2026-06-22T11:21:18Z,0.0
BH5 2AB,SEPD,PSI,1,252209,34,2026-06-19T10:03:19Z,2026-06-19T10:03:19Z,0.0
BH5 2AD,SEPD,PSI,1,252209,34,2026-06-19T10:03:19Z,2026-06-19T10:03:19Z,0.0
BH5 2AE,SEPD,PSI,1,252209,34,2026-06-19T10:03:19Z,2026-06-19T10:03:19Z,0.0
BH5 2AF,SEPD,PSI,1,252209,34,2026-06-19T10:03:19Z,2026-06-19T10:03:19Z,0.0
BH5 2AG,SEPD,PSI,1,252209,34,2026-06-19T10:03:19Z,2026-06-19T10:03:19Z,0.0
BH5 2JG,SEPD,PSI,1,252209,34,2026-06-19T10:03:19Z,2026-06-19T10:03:19Z,0.0
BH7 7AG,SEPD,LV,1,TK1128,18,2026-06-17T10:02:27Z,2026-06-17T10:02:27Z,0.0
BN18 0SL,SEPD,PSI,1,252003,29,2026-06-19T10:03:19Z,2026-06-19T10:03:19Z,0.0
BN18 0SP,SEPD,PSI,1,252003,29,2026-06-19T10:03:19Z,2026-06-19T10:03:19Z,0.0
BN18 0TA,SEPD,PSI,1,252003,29,2026-06-19T10:03:19Z,2026-06-19T10:03:19Z,0.0
DD2 5BF,SHEPD,LV,1,TK3969,5,2026-06-19T13:47:21Z,2026-06-19T13:47:21Z,0.0
DD2 5EY,SHEPD,LV,1,TK3969,5,2026-06-19T13:47:21Z,2026-06-19T13:47:21Z,0.0
DD2 5FE,SHEPD,LV,1,TK3969,5,2026-06-19T13:47:21Z,2026-06-19T13:47:21Z,0.0
DD2 5NW,SHEPD,PSI,1,251510,2,2026-06-17T10:02:27Z,2026-06-17T10:02:27Z,0.0
DD4 0RD,SHEPD,PSI,1,251436,11,2026-06-18T10:56:41Z,2026-06-18T10:56:41Z,0.0
DD4 0RG,SHEPD,PSI,1,251394,5,2026-06-19T00:07:41Z,2026-06-19T00:07:41Z,0.0
DD8 1JP,SHEPD,LV,1,TK0170,15,2026-06-16T12:32:38Z,2026-06-16T12:32:38Z,0.0
DD8 1JQ,SHEPD,LV,1,TK0170,15,2026-06-16T12:32:38Z,2026-06-16T12:32:38Z,0.0
DD8 1JR,SHEPD,LV,1,TK0170,15,2026-06-16T12:32:38Z,2026-06-16T12:32:38Z,0.0
DD8 1JS,SHEPD,LV,1,TK0170,15,2026-06-16T12:32:38Z,2026-06-16T12:32:38Z,0.0
DD8 1JT,SHEPD,LV,1,TK0170,15,2026-06-16T12:32:38Z,2026-06-16T12:32:38Z,0.0
DD8 4QB,SHEPD,HV,1,TK2579,66,2026-06-18T10:56:41Z,2026-06-18T10:56:41Z,0.0
DD8 4QP,SHEPD,HV,1,TK2579,66,2026-06-18T10:56:41Z,2026-06-18T10:56:41Z,0.0
DD8 4QQ,SHEPD,HV,1,TK2579,66,2026-06-18T10:56:41Z,2026-06-18T10:56:41Z,0.0
DD8 4QR,SHEPD,HV,1,TK2579,66,2026-06-18T10:56:41Z,2026-06-18T10:56:41Z,0.0
DD8 4QS,SHEPD,HV,1,TK2579,66,2026-06-18T10:56:41Z,2026-06-18T10:56:41Z,0.0
DD8 4QT,SHEPD,HV,1,TK2579,66,2026-06-18T10:56:41Z,2026-06-18T10:56:41Z,0.0
DD8 4QU,SHEPD,HV,1,TK2579,66,2026-06-18T10:56:41Z,2026-06-18T10:56:41Z,0.0
DD8 4RA,SHEPD,HV,1,TK2579,66,2026-06-18T10:56:41Z,2026-06-18T10:56:41Z,0.0
DD8 4RB,SHEPD,HV,1,TK2579,66,2026-06-18T10:56:41Z,2026-06-18T10:56:41Z,0.0
DD8 4RD,SHEPD,HV,1,TK2579,66,2026-06-18T10:56:41Z,2026-06-18T10:56:41Z,0.0
DD8 4RR,SHEPD,HV,1,TK2579,66,2026-06-18T10:56:41Z,2026-06-18T10:56:41Z,0.0
DD9 6SF,SHEPD,PSI,1,251870,12,2026-06-16T12:32:38Z,2026-06-16T12:32:38Z,0.0
DT10 1FY,SEPD,PSI,1,251460,46,2026-06-19T10:03:19Z,2026-06-19T10:03:19Z,0.0
DT10 2JE,SEPD,PSI,1,251460,46,2026-06-19T10:03:19Z,2026-06-19T10:03:19Z,0.0
DT10 2JF,SEPD,PSI,1,251460,46,2026-06-19T10:03:19Z,2026-06-19T10:03:19Z,0.0
DT10 2JN,SEPD,PSI,1,251460,46,2026-06-19T10:03:19Z,2026-06-19T10:03:19Z,0.0
DT10 2RY,SEPD,HV,1,TK8523,79,2026-06-22T21:52:49Z,2026-06-22T21:52:49Z,0.0
DT10 2SF,SEPD,PSI,1,251460,46,2026-06-19T10:03:19Z,2026-06-19T10:03:19Z,0.0
DT10 2SG,SEPD,PSI,1,251460,46,2026-06-19T10:03:19Z,2026-06-19T10:03:19Z,0.0
DT10 2SJ,SEPD,PSI,1,251460,46,2026-06-19T10:03:19Z,2026-06-19T10:03:19Z,0.0
DT10 2SQ,SEPD,PSI,1,251460,46,2026-06-19T10:03:19Z,2026-06-19T10:03:19Z,0.0
DT11 0DZ,SEPD,PSI,1,251479,55,2026-06-18T10:56:41Z,2026-06-18T10:56:41Z,0.0
DT11 0EA,SEPD,PSI,1,251479,55,2026-06-18T10:56:41Z,2026-06-18T10:56:41Z,0.0
DT11 0EB,SEPD,PSI,1,251479,55,2026-06-18T10:56:41Z,2026-06-18T10:56:41Z,0.0
DT11 0EE,SEPD,PSI,1,251479,55,2026-06-18T10:56:41Z,2026-06-18T10:56:41Z,0.0
DT11 0LZ,SEPD,PSI,1,251479,55,2026-06-18T10:56:41Z,2026-06-18T10:56:41Z,0.0
DT11 0NA,SEPD,PSI,1,251479,55,2026-06-18T10:56:41Z,2026-06-18T10:56:41Z,0.0
DT2 7AA,SEPD,HV,1,TK0527,871,2026-06-16T17:35:54Z,2026-06-16T17:35:54Z,0.0
DT2 7AB,SEPD,HV,1,TK0527,871,2026-06-16T17:35:54Z,2026-06-16T17:35:54Z,0.0
DT2 7AD,SEPD,HV,1,TK0527,871,2026-06-16T17:35:54Z,2026-06-16T17:35:54Z,0.0
DT2 7AE,SEPD,HV,1,TK0527,871,2026-06-16T17:35:54Z,2026-06-16T17:35:54Z,0.0
DT2 7AF,SEPD,HV,1,TK0527,871,2026-06-16T17:35:54Z,2026-06-16T17:35:54Z,0.0
DT2 7AG,SEPD,HV,1,TK0527,871,2026-06-16T17:35:54Z,2026-06-16T17:35:54Z,0.0
DT2 7AH,SEPD,HV,1,TK0527,871,2026-06-16T17:35:54Z,2026-06-16T17:35:54Z,0.0
DT2 7AQ,SEPD,HV,1,TK0527,871,2026-06-16T17:35:54Z,2026-06-16T17:35:54Z,0.0
DT2 8NF,SEPD,PSI,1,251489,16,2026-06-16T12:32:38Z,2026-06-16T12:32:38Z,0.0
DT2 8NZ,SEPD,PSI,1,251047,6,2026-06-22T11:21:18Z,2026-06-22T11:21:18Z,0.0
DT2 8RP,SEPD,PSI,1,251047,6,2026-06-22T11:21:18Z,2026-06-22T11:21:18Z,0.0
DT2 9NP,SEPD,HV,1,TK0527,871,2026-06-16T17:35:54Z,2026-06-16T17:35:54Z,0.0
DT2 9NR,SEPD,HV,1,TK0527,871,2026-06-16T17:35:54Z,2026-06-16T17:35:54Z,0.0
DT2 9NS,SEPD,HV,1,TK0527,871,2026-06-16T17:35:54Z,2026-06-16T17:35:54Z,0.0
DT2 9WE,SEPD,HV,1,TK0527,871,2026-06-16T17:35:54Z,2026-06-16T17:35:54Z,0.0
DT3 6HA,SEPD,PSI,1,251489,16,2026-06-16T12:32:38Z,2026-06-16T12:32:38Z,0.0
DT3 6HJ,SEPD,PSI,1,251489,16,2026-06-16T12:32:38Z,2026-06-16T12:32:38Z,0.0
DT3 6HL,SEPD,PSI,1,251489,16,2026-06-16T12:32:38Z,2026-06-16T12:32:38Z,0.0
DT9 6RL,SEPD,LV,1,TK6422,14,2026-06-21T15:31:23Z,2026-06-21T15:31:23Z,0.0
DT9 6RR,SEPD,LV,1,TK6422,14,2026-06-21T15:31:23Z,2026-06-21T15:31:23Z,0.0
DT9 6RS,SEPD,LV,1,TK6422,14,2026-06-21T15:31:23Z,2026-06-21T15:31:23Z,0.0
DT9 6RW,SEPD,LV,1,TK6422,14,2026-06-21T15:31:23Z,2026-06-21T15:31:23Z,0.0
FK15 9LF,SHEPD,HV,1,TK0131,16,2026-06-16T12:32:38Z,2026-06-16T12:32:38Z,0.0
FK15 9LH,SHEPD,HV,1,TK0131,16,2026-06-16T12:32:38Z,2026-06-16T12:32:38Z,0.0
FK8 3TS,SHEPD,PSI,1,252275,10,2026-06-16T12:32:38Z,2026-06-16T12:32:38Z,0.0
FK8 3TT,SHEPD,PSI,1,252275,10,2026-06-16T12:32:38Z,2026-06-16T12:32:38Z,0.0
G63 0JY,SHEPD,PSI,1,252126,18,2026-06-16T12:32:38Z,2026-06-16T12:32:38Z,0.0
GL5 3ND,SEPD,HV,1,TK8241,2780,2026-06-22T19:46:47Z,2026-06-22T19:46:47Z,0.0
GL5 4BQ,SEPD,HV,1,TK8241,2780,2026-06-22T19:46:47Z,2026-06-22T19:46:47Z,0.0
GL50 3EE,SEPD,HV,1,TK8241,2780,2026-06-22T19:46:47Z,2026-06-22T19:46:47Z,0.0
GL54 2LG,SEPD,HV,1,TK8241,2780,2026-06-22T19:46:47Z,2026-06-22T19:46:47Z,0.0
GL54 3AL,SEPD,HV,1,TK8241,2780,2026-06-22T19:46:47Z,2026-06-22T19:46:47Z,0.0
GL54 3AN,SEPD,HV,1,TK8241,2780,2026-06-22T19:46:47Z,2026-06-22T19:46:47Z,0.0
GL54 3AP,SEPD,HV,1,TK8241,2780,2026-06-22T19:46:47Z,2026-06-22T19:46:47Z,0.0
GL54 3AR,SEPD,HV,1,TK8241,2780,2026-06-22T19:46:47Z,2026-06-22T19:46:47Z,0.0
GL54 3BE,SEPD,HV,1,TK8241,2780,2026-06-22T19:46:47Z,2026-06-22T19:46:47Z,0.0
GL54 3BG,SEPD,HV,1,TK8241,2780,2026-06-22T19:46:47Z,2026-06-22T19:46:47Z,0.0
GL54 3BJ,SEPD,HV,1,TK8241,2780,2026-06-22T19:46:47Z,2026-06-22T19:46:47Z,0.0
GL54 3BL,SEPD,HV,1,TK8241,2780,2026-06-22T19:46:47Z,2026-06-22T19:46:47Z,0.0
GL54 3BN,SEPD,HV,1,TK8241,2780,2026-06-22T19:46:47Z,2026-06-22T19:46:47Z,0.0
GL54 3BP,SEPD,HV,1,TK8241,2780,2026-06-22T19:46:47Z,2026-06-22T19:46:47Z,0.0
GL54 3BQ,SEPD,HV,1,TK8241,2780,2026-06-22T19:46:47Z,2026-06-22T19:46:47Z,0.0
GL54 3BW,SEPD,HV,1,TK8241,2780,2026-06-22T19:46:47Z,2026-06-22T19:46:47Z,0.0
GL54 3BY,SEPD,HV,1,TK8241,2780,2026-06-22T19:46:47Z,2026-06-22T19:46:47Z,0.0
GL54 3DA,SEPD,HV,1,TK8241,2780,2026-06-22T19:46:47Z,2026-06-22T19:46:47Z,0.0
GL54 3DB,SEPD,HV,1,TK8241,2780,2026-06-22T19:46:47Z,2026-06-22T19:46:47Z,0.0
GL54 3DT,SEPD,HV,1,TK8241,2780,2026-06-22T19:46:47Z,2026-06-22T19:46:47Z,0.0
GL54 3ED,SEPD,HV,1,TK8241,2780,2026-06-22T19:46:47Z,2026-06-22T19:46:47Z,0.0
GL54 3EE,SEPD,HV,1,TK8241,2780,2026-06-22T19:46:47Z,2026-06-22T19:46:47Z,0.0
GL54 3EG,SEPD,HV,1,TK8241,2780,2026-06-22T19:46:47Z,2026-06-22T19:46:47Z,0.0
GL54 3EH,SEPD,HV,1,TK8241,2780,2026-06-22T19:46:47Z,2026-06-22T19:46:47Z,0.0
GL54 3EJ,SEPD,HV,1,TK8241,2780,2026-06-22T19:46:47Z,2026-06-22T19:46:47Z,0.0
GL54 3EL,SEPD,HV,1,TK8241,2780,2026-06-22T19:46:47Z,2026-06-22T19:46:47Z,0.0
GL54 3EN,SEPD,HV,1,TK8241,2780,2026-06-22T19:46:47Z,2026-06-22T19:46:47Z,0.0
GL54 3EP,SEPD,HV,1,TK8241,2780,2026-06-22T19:46:47Z,2026-06-22T19:46:47Z,0.0
GL54 3ER,SEPD,HV,1,TK8241,2780,2026-06-22T19:46:47Z,2026-06-22T19:46:47Z,0.0
GL54 3ES,SEPD,HV,1,TK8241,2780,2026-06-22T19:46:47Z,2026-06-22T19:46:47Z,0.0
GL54 3ET,SEPD,HV,1,TK8241,2780,2026-06-22T19:46:47Z,2026-06-22T19:46:47Z,0.0
GL54 3EU,SEPD,HV,1,TK8241,2780,2026-06-22T19:46:47Z,2026-06-22T19:46:47Z,0.0
GL54 3EW,SEPD,HV,1,TK8241,2780,2026-06-22T19:46:47Z,2026-06-22T19:46:47Z,0.0
GL54 3EX,SEPD,HV,1,TK8241,2780,2026-06-22T19:46:47Z,2026-06-22T19:46:47Z,0.0
GL54 3EY,SEPD,HV,1,TK8241,2780,2026-06-22T19:46:47Z,2026-06-22T19:46:47Z,0.0
GL54 3EZ,SEPD,HV,1,TK8241,2780,2026-06-22T19:46:47Z,2026-06-22T19:46:47Z,0.0
GL54 3FA,SEPD,HV,1,TK8241,2780,2026-06-22T19:46:47Z,2026-06-22T19:46:47Z,0.0
GL54 3FB,SEPD,HV,1,TK8241,2780,2026-06-22T19:46:47Z,2026-06-22T19:46:47Z,0.0
GL54 3FR,SEPD,HV,1,TK8241,2780,2026-06-22T19:46:47Z,2026-06-22T19:46:47Z,0.0
GL54 3HA,SEPD,HV,1,TK8241,2780,2026-06-22T19:46:47Z,2026-06-22T19:46:47Z,0.0
GL54 3HB,SEPD,HV,1,TK8241,2780,2026-06-22T19:46:47Z,2026-06-22T19:46:47Z,0.0
GL54 3HD,SEPD,HV,1,TK8241,2780,2026-06-22T19:46:47Z,2026-06-22T19:46:47Z,0.0
GL54 3HE,SEPD,HV,1,TK8241,2780,2026-06-22T19:46:47Z,2026-06-22T19:46:47Z,0.0
GL54 3HF,SEPD,HV,1,TK8241,2780,2026-06-22T19:46:47Z,2026-06-22T19:46:47Z,0.0
GL54 3HG,SEPD,HV,1,TK8241,2780,2026-06-22T19:46:47Z,2026-06-22T19:46:47Z,0.0
GL54 3HH,SEPD,HV,1,TK8241,2780,2026-06-22T19:46:47Z,2026-06-22T19:46:47Z,0.0
GL54 3HJ,SEPD,HV,1,TK8241,2780,2026-06-22T19:46:47Z,2026-06-22T19:46:47Z,0.0
GL54 3HL,SEPD,HV,1,TK8241,2780,2026-06-22T19:46:47Z,2026-06-22T19:46:47Z,0.0
GL54 3HN,SEPD,HV,1,TK8241,2780,2026-06-22T19:46:47Z,2026-06-22T19:46:47Z,0.0
GL54 3HP,SEPD,HV,1,TK8241,2780,2026-06-22T19:46:47Z,2026-06-22T19:46:47Z,0.0
GL54 3HQ,SEPD,HV,1,TK8241,2780,2026-06-22T19:46:47Z,2026-06-22T19:46:47Z,0.0
GL54 3HR,SEPD,HV,1,TK8241,2780,2026-06-22T19:46:47Z,2026-06-22T19:46:47Z,0.0
GL54 3HS,SEPD,HV,1,TK8241,2780,2026-06-22T19:46:47Z,2026-06-22T19:46:47Z,0.0
GL54 3HT,SEPD,HV,1,TK8241,2780,2026-06-22T19:46:47Z,2026-06-22T19:46:47Z,0.0
GL54 3HU,SEPD,HV,1,TK8241,2780,2026-06-22T19:46:47Z,2026-06-22T19:46:47Z,0.0
GL54 3HW,SEPD,HV,1,TK8241,2780,2026-06-22T19:46:47Z,2026-06-22T19:46:47Z,0.0
GL54 3HX,SEPD,HV,1,TK8241,2780,2026-06-22T19:46:47Z,2026-06-22T19:46:47Z,0.0
GL54 3HY,SEPD,HV,1,TK8241,2780,2026-06-22T19:46:47Z,2026-06-22T19:46:47Z,0.0
GL54 3HZ,SEPD,HV,1,TK8241,2780,2026-06-22T19:46:47Z,2026-06-22T19:46:47Z,0.0
GL54 3JA,SEPD,HV,1,TK8241,2780,2026-06-22T19:46:47Z,2026-06-22T19:46:47Z,0.0
GL54 3JB,SEPD,HV,1,TK8241,2780,2026-06-22T19:46:47Z,2026-06-22T19:46:47Z,0.0
GL54 3JD,SEPD,HV,1,TK8241,2780,2026-06-22T19:46:47Z,2026-06-22T19:46:47Z,0.0
GL54 3JE,SEPD,HV,1,TK8241,2780,2026-06-22T19:46:47Z,2026-06-22T19:46:47Z,0.0
GL54 3JF,SEPD,HV,1,TK8241,2780,2026-06-22T19:46:47Z,2026-06-22T19:46:47Z,0.0
GL54 3JG,SEPD,HV,1,TK8241,2780,2026-06-22T19:46:47Z,2026-06-22T19:46:47Z,0.0
GL54 3JH,SEPD,HV,1,TK8241,2780,2026-06-22T19:46:47Z,2026-06-22T19:46:47Z,0.0
GL54 3JJ,SEPD,HV,1,TK8241,2780,2026-06-22T19:46:47Z,2026-06-22T19:46:47Z,0.0
GL54 3JL,SEPD,HV,1,TK8241,2780,2026-06-22T19:46:47Z,2026-06-22T19:46:47Z,0.0
GL54 3JN,SEPD,HV,1,TK8241,2780,2026-06-22T19:46:47Z,2026-06-22T19:46:47Z,0.0
GL54 3JP,SEPD,HV,1,TK8241,2780,2026-06-22T19:46:47Z,2026-06-22T19:46:47Z,0.0
GL54 3JQ,SEPD,HV,1,TK8241,2780,2026-06-22T19:46:47Z,2026-06-22T19:46:47Z,0.0
GL54 3JR,SEPD,HV,1,TK8241,2780,2026-06-22T19:46:47Z,2026-06-22T19:46:47Z,0.0
GL54 3JS,SEPD,HV,1,TK8241,2780,2026-06-22T19:46:47Z,2026-06-22T19:46:47Z,0.0
GL54 3JT,SEPD,HV,1,TK8241,2780,2026-06-22T19:46:47Z,2026-06-22T19:46:47Z,0.0
GL54 3JU,SEPD,HV,1,TK8241,2780,2026-06-22T19:46:47Z,2026-06-22T19:46:47Z,0.0
GL54 3JW,SEPD,HV,1,TK8241,2780,2026-06-22T19:46:47Z,2026-06-22T19:46:47Z,0.0
GL54 3JX,SEPD,HV,1,TK8241,2780,2026-06-22T19:46:47Z,2026-06-22T19:46:47Z,0.0
GL54 3JY,SEPD,HV,1,TK8241,2780,2026-06-22T19:46:47Z,2026-06-22T19:46:47Z,0.0
GL54 3JZ,SEPD,HV,1,TK8241,2780,2026-06-22T19:46:47Z,2026-06-22T19:46:47Z,0.0
GL54 3LA,SEPD,HV,1,TK8241,2780,2026-06-22T19:46:47Z,2026-06-22T19:46:47Z,0.0
GL54 3LB,SEPD,HV,1,TK8241,2780,2026-06-22T19:46:47Z,2026-06-22T19:46:47Z,0.0
GL54 3LD,SEPD,HV,1,TK8241,2780,2026-06-22T19:46:47Z,2026-06-22T19:46:47Z,0.0
GL54 3LE,SEPD,HV,1,TK8241,2780,2026-06-22T19:46:47Z,2026-06-22T19:46:47Z,0.0
GL54 3LF,SEPD,HV,1,TK8241,2780,2026-06-22T19:46:47Z,2026-06-22T19:46:47Z,0.0
GL54 3LG,SEPD,HV,1,TK8241,2780,2026-06-22T19:46:47Z,2026-06-22T19:46:47Z,0.0
GL54 3LH,SEPD,HV,1,TK8241,2780,2026-06-22T19:46:47Z,2026-06-22T19:46:47Z,0.0
GL54 3LJ,SEPD,HV,1,TK8241,2780,2026-06-22T19:46:47Z,2026-06-22T19:46:47Z,0.0
GL54 3LL,SEPD,HV,1,TK8241,2780,2026-06-22T19:46:47Z,2026-06-22T19:46:47Z,0.0
GL54 3LQ,SEPD,HV,1,TK8241,2780,2026-06-22T19:46:47Z,2026-06-22T19:46:47Z,0.0
GL54 3LR,SEPD,HV,1,TK8241,2780,2026-06-22T19:46:47Z,2026-06-22T19:46:47Z,0.0
GL54 3LU,SEPD,HV,1,TK8241,2780,2026-06-22T19:46:47Z,2026-06-22T19:46:47Z,0.0
GL54 3LX,SEPD,HV,1,TK8241,2780,2026-06-22T19:46:47Z,2026-06-22T19:46:47Z,0.0
GL54 3LY,SEPD,HV,1,TK8241,2780,2026-06-22T19:46:47Z,2026-06-22T19:46:47Z,0.0
GL54 3NB,SEPD,HV,1,TK8241,2780,2026-06-22T19:46:47Z,2026-06-22T19:46:47Z,0.0
GL54 3ND,SEPD,HV,1,TK8241,2780,2026-06-22T19:46:47Z,2026-06-22T19:46:47Z,0.0
GL54 3NE,SEPD,HV,1,TK8241,2780,2026-06-22T19:46:47Z,2026-06-22T19:46:47Z,0.0
GL54 3NF,SEPD,HV,1,TK8241,2780,2026-06-22T19:46:47Z,2026-06-22T19:46:47Z,0.0
GL54 3NG,SEPD,HV,1,TK8241,2780,2026-06-22T19:46:47Z,2026-06-22T19:46:47Z,0.0
GL54 3NH,SEPD,HV,1,TK8241,2780,2026-06-22T19:46:47Z,2026-06-22T19:46:47Z,0.0
GL54 3NJ,SEPD,HV,1,TK8241,2780,2026-06-22T19:46:47Z,2026-06-22T19:46:47Z,0.0
GL54 3NL,SEPD,HV,1,TK8241,2780,2026-06-22T19:46:47Z,2026-06-22T19:46:47Z,0.0
GL54 3NN,SEPD,HV,1,TK8241,2780,2026-06-22T19:46:47Z,2026-06-22T19:46:47Z,0.0
GL54 3NP,SEPD,HV,1,TK8241,2780,2026-06-22T19:46:47Z,2026-06-22T19:46:47Z,0.0
GL54 3NQ,SEPD,HV,1,TK8241,2780,2026-06-22T19:46:47Z,2026-06-22T19:46:47Z,0.0
GL54 3NR,SEPD,HV,1,TK8241,2780,2026-06-22T19:46:47Z,2026-06-22T19:46:47Z,0.0
GL54 3NS,SEPD,HV,1,TK8241,2780,2026-06-22T19:46:47Z,2026-06-22T19:46:47Z,0.0
GL54 3NT,SEPD,HV,1,TK8241,2780,2026-06-22T19:46:47Z,2026-06-22T19:46:47Z,0.0
GL54 3NU,SEPD,HV,1,TK8241,2780,2026-06-22T19:46:47Z,2026-06-22T19:46:47Z,0.0
GL54 3NW,SEPD,HV,1,TK8241,2780,2026-06-22T19:46:47Z,2026-06-22T19:46:47Z,0.0
GL54 3NX,SEPD,HV,1,TK8241,2780,2026-06-22T19:46:47Z,2026-06-22T19:46:47Z,0.0
GL54 3NY,SEPD,HV,1,TK8241,2780,2026-06-22T19:46:47Z,2026-06-22T19:46:47Z,0.0
GL54 3NZ,SEPD,HV,1,TK8241,2780,2026-06-22T19:46:47Z,2026-06-22T19:46:47Z,0.0
GL54 3PA,SEPD,HV,1,TK8241,2780,2026-06-22T19:46:47Z,2026-06-22T19:46:47Z,0.0
GL54 3PB,SEPD,HV,1,TK8241,2780,2026-06-22T19:46:47Z,2026-06-22T19:46:47Z,0.0
GL54 3PD,SEPD,HV,1,TK8241,2780,2026-06-22T19:46:47Z,2026-06-22T19:46:47Z,0.0
GL54 3PE,SEPD,HV,1,TK8241,2780,2026-06-22T19:46:47Z,2026-06-22T19:46:47Z,0.0
GL54 3PF,SEPD,HV,1,TK8241,2780,2026-06-22T19:46:47Z,2026-06-22T19:46:47Z,0.0
GL54 3PG,SEPD,HV,1,TK8241,2780,2026-06-22T19:46:47Z,2026-06-22T19:46:47Z,0.0
GL54 3PH,SEPD,HV,1,TK8241,2780,2026-06-22T19:46:47Z,2026-06-22T19:46:47Z,0.0
GL54 3PJ,SEPD,HV,1,TK8241,2780,2026-06-22T19:46:47Z,2026-06-22T19:46:47Z,0.0
GL54 3PL,SEPD,HV,1,TK8241,2780,2026-06-22T19:46:47Z,2026-06-22T19:46:47Z,0.0
GL54 3PN,SEPD,HV,1,TK8241,2780,2026-06-22T19:46:47Z,2026-06-22T19:46:47Z,0.0
GL54 3PP,SEPD,HV,1,TK8241,2780,2026-06-22T19:46:47Z,2026-06-22T19:46:47Z,0.0
GL54 3PQ,SEPD,HV,1,TK8241,2780,2026-06-22T19:46:47Z,2026-06-22T19:46:47Z,0.0
GL54 3PR,SEPD,HV,1,TK8241,2780,2026-06-22T19:46:47Z,2026-06-22T19:46:47Z,0.0
GL54 3PS,SEPD,HV,1,TK8241,2780,2026-06-22T19:46:47Z,2026-06-22T19:46:47Z,0.0
GL54 3PT,SEPD,HV,1,TK8241,2780,2026-06-22T19:46:47Z,2026-06-22T19:46:47Z,0.0
GL54 3PU,SEPD,HV,1,TK8241,2780,2026-06-22T19:46:47Z,2026-06-22T19:46:47Z,0.0
GL54 3PW,SEPD,HV,1,TK8241,2780,2026-06-22T19:46:47Z,2026-06-22T19:46:47Z,0.0
GL54 3PX,SEPD,HV,1,TK8241,2780,2026-06-22T19:46:47Z,2026-06-22T19:46:47Z,0.0
GL54 3PY,SEPD,HV,1,TK8241,2780,2026-06-22T19:46:47Z,2026-06-22T19:46:47Z,0.0
GL54 3PZ,SEPD,HV,1,TK8241,2780,2026-06-22T19:46:47Z,2026-06-22T19:46:47Z,0.0
GL54 3QA,SEPD,HV,1,TK8241,2780,2026-06-22T19:46:47Z,2026-06-22T19:46:47Z,0.0
GL54 3QB,SEPD,HV,1,TK8241,2780,2026-06-22T19:46:47Z,2026-06-22T19:46:47Z,0.0
GL54 3QD,SEPD,HV,1,TK8241,2780,2026-06-22T19:46:47Z,2026-06-22T19:46:47Z,0.0
GL54 3QE,SEPD,HV,1,TK8241,2780,2026-06-22T19:46:47Z,2026-06-22T19:46:47Z,0.0
GL54 3QF,SEPD,HV,1,TK8241,2780,2026-06-22T19:46:47Z,2026-06-22T19:46:47Z,0.0
GL54 3QG,SEPD,HV,1,TK8241,2780,2026-06-22T19:46:47Z,2026-06-22T19:46:47Z,0.0
GL54 3QH,SEPD,HV,1,TK8241,2780,2026-06-22T19:46:47Z,2026-06-22T19:46:47Z,0.0
GL54 3QJ,SEPD,HV,1,TK8241,2780,2026-06-22T19:46:47Z,2026-06-22T19:46:47Z,0.0
GL54 3QP,SEPD,HV,1,TK8241,2780,2026-06-22T19:46:47Z,2026-06-22T19:46:47Z,0.0
GL54 3QQ,SEPD,HV,1,TK8241,2780,2026-06-22T19:46:47Z,2026-06-22T19:46:47Z,0.0
GL54 3QR,SEPD,HV,1,TK8241,2780,2026-06-22T19:46:47Z,2026-06-22T19:46:47Z,0.0
GL54 3QS,SEPD,HV,1,TK8241,2780,2026-06-22T19:46:47Z,2026-06-22T19:46:47Z,0.0
GL54 3QT,SEPD,HV,1,TK8241,2780,2026-06-22T19:46:47Z,2026-06-22T19:46:47Z,0.0
GL54 3QU,SEPD,HV,1,TK8241,2780,2026-06-22T19:46:47Z,2026-06-22T19:46:47Z,0.0
GL54 3QW,SEPD,HV,1,TK8241,2780,2026-06-22T19:46:47Z,2026-06-22T19:46:47Z,0.0
GL54 3QX,SEPD,HV,1,TK8241,2780,2026-06-22T19:46:47Z,2026-06-22T19:46:47Z,0.0
GL54 3QY,SEPD,HV,1,TK8241,2780,2026-06-22T19:46:47Z,2026-06-22T19:46:47Z,0.0
GL54 3QZ,SEPD,HV,1,TK8241,2780,2026-06-22T19:46:47Z,2026-06-22T19:46:47Z,0.0
GL54 3RA,SEPD,HV,1,TK8241,2780,2026-06-22T19:46:47Z,2026-06-22T19:46:47Z,0.0
GL54 3RB,SEPD,HV,1,TK8241,2780,2026-06-22T19:46:47Z,2026-06-22T19:46:47Z,0.0
GL54 3RD,SEPD,HV,1,TK8241,2780,2026-06-22T19:46:47Z,2026-06-22T19:46:47Z,0.0
GL54 3RL,SEPD,HV,1,TK8241,2780,2026-06-22T19:46:47Z,2026-06-22T19:46:47Z,0.0
GL54 3RN,SEPD,HV,1,TK8241,2780,2026-06-22T19:46:47Z,2026-06-22T19:46:47Z,0.0
GL54 4AA,SEPD,HV,1,TK8241,2780,2026-06-22T19:46:47Z,2026-06-22T19:46:47Z,0.0
GL54 4AB,SEPD,HV,1,TK8241,2780,2026-06-22T19:46:47Z,2026-06-22T19:46:47Z,0.0
GL54 4AD,SEPD,HV,1,TK8241,2780,2026-06-22T19:46:47Z,2026-06-22T19:46:47Z,0.0
GL54 4AE,SEPD,HV,1,TK8241,2780,2026-06-22T19:46:47Z,2026-06-22T19:46:47Z,0.0
GL54 4AF,SEPD,HV,1,TK8241,2780,2026-06-22T19:46:47Z,2026-06-22T19:46:47Z,0.0
GL54 4AG,SEPD,HV,1,TK8241,2780,2026-06-22T19:46:47Z,2026-06-22T19:46:47Z,0.0
GL54 4AH,SEPD,HV,1,TK8241,2780,2026-06-22T19:46:47Z,2026-06-22T19:46:47Z,0.0
GL54 4AJ,SEPD,HV,1,TK8241,2780,2026-06-22T19:46:47Z,2026-06-22T19:46:47Z,0.0
GL54 4AL,SEPD,HV,1,TK8241,2780,2026-06-22T19:46:47Z,2026-06-22T19:46:47Z,0.0
GL54 4AN,SEPD,HV,1,TK8241,2780,2026-06-22T19:46:47Z,2026-06-22T19:46:47Z,0.0
GL54 4AP,SEPD,HV,1,TK8241,2780,2026-06-22T19:46:47Z,2026-06-22T19:46:47Z,0.0
GL54 4AQ,SEPD,HV,1,TK8241,2780,2026-06-22T19:46:47Z,2026-06-22T19:46:47Z,0.0
GL54 4AR,SEPD,HV,1,TK8241,2780,2026-06-22T19:46:47Z,2026-06-22T19:46:47Z,0.0
GL54 4AS,SEPD,HV,1,TK8241,2780,2026-06-22T19:46:47Z,2026-06-22T19:46:47Z,0.0
GL54 4AT,SEPD,HV,1,TK8241,2780,2026-06-22T19:46:47Z,2026-06-22T19:46:47Z,0.0
GL54 4AU,SEPD,HV,1,TK8241,2780,2026-06-22T19:46:47Z,2026-06-22T19:46:47Z,0.0
GL54 4AW,SEPD,HV,1,TK8241,2780,2026-06-22T19:46:47Z,2026-06-22T19:46:47Z,0.0
GL54 4BA,SEPD,HV,1,TK8241,2780,2026-06-22T19:46:47Z,2026-06-22T19:46:47Z,0.0
GL54 4BB,SEPD,HV,1,TK8241,2780,2026-06-22T19:46:47Z,2026-06-22T19:46:47Z,0.0
GL54 4BD,SEPD,HV,1,TK8241,2780,2026-06-22T19:46:47Z,2026-06-22T19:46:47Z,0.0
GL54 4BE,SEPD,HV,1,TK8241,2780,2026-06-22T19:46:47Z,2026-06-22T19:46:47Z,0.0
GL54 4BG,SEPD,HV,1,TK8241,2780,2026-06-22T19:46:47Z,2026-06-22T19:46:47Z,0.0
GL54 4BN,SEPD,HV,1,TK8241,2780,2026-06-22T19:46:47Z,2026-06-22T19:46:47Z,0.0
GL54 4BP,SEPD,HV,1,TK8241,2780,2026-06-22T19:46:47Z,2026-06-22T19:46:47Z,0.0
GL54 4BQ,SEPD,HV,1,TK8241,2780,2026-06-22T19:46:47Z,2026-06-22T19:46:47Z,0.0
GL54 4BS,SEPD,HV,1,TK8241,2780,2026-06-22T19:46:47Z,2026-06-22T19:46:47Z,0.0
GL54 4BT,SEPD,HV,1,TK8241,2780,2026-06-22T19:46:47Z,2026-06-22T19:46:47Z,0.0
GL54 4BW,SEPD,HV,1,TK8241,2780,2026-06-22T19:46:47Z,2026-06-22T19:46:47Z,0.0
GL54 4BY,SEPD,HV,1,TK8241,2780,2026-06-22T19:46:47Z,2026-06-22T19:46:47Z,0.0
GL54 4DA,SEPD,HV,1,TK8241,2780,2026-06-22T19:46:47Z,2026-06-22T19:46:47Z,0.0
GL54 4DB,SEPD,HV,1,TK8241,2780,2026-06-22T19:46:47Z,2026-06-22T19:46:47Z,0.0
GL54 4DD,SEPD,HV,1,TK8241,2780,2026-06-22T19:46:47Z,2026-06-22T19:46:47Z,0.0
GL54 4DE,SEPD,HV,1,TK8241,2780,2026-06-22T19:46:47Z,2026-06-22T19:46:47Z,0.0
GL54 4DF,SEPD,HV,1,TK8241,2780,2026-06-22T19:46:47Z,2026-06-22T19:46:47Z,0.0
GL54 4DG,SEPD,HV,1,TK8241,2780,2026-06-22T19:46:47Z,2026-06-22T19:46:47Z,0.0
GL54 4DL,SEPD,HV,1,TK8241,2780,2026-06-22T19:46:47Z,2026-06-22T19:46:47Z,0.0
GL54 4DN,SEPD,HV,1,TK8241,2780,2026-06-22T19:46:47Z,2026-06-22T19:46:47Z,0.0
GL54 4DP,SEPD,HV,1,TK8241,2780,2026-06-22T19:46:47Z,2026-06-22T19:46:47Z,0.0
GL54 4DR,SEPD,HV,1,TK8241,2780,2026-06-22T19:46:47Z,2026-06-22T19:46:47Z,0.0
GL54 4DS,SEPD,HV,1,TK8241,2780,2026-06-22T19:46:47Z,2026-06-22T19:46:47Z,0.0
GL54 4DT,SEPD,HV,1,TK8241,2780,2026-06-22T19:46:47Z,2026-06-22T19:46:47Z,0.0
GL54 4DU,SEPD,HV,1,TK8241,2780,2026-06-22T19:46:47Z,2026-06-22T19:46:47Z,0.0
GL54 4DW,SEPD,HV,1,TK8241,2780,2026-06-22T19:46:47Z,2026-06-22T19:46:47Z,0.0
GL54 4DX,SEPD,HV,1,TK8241,2780,2026-06-22T19:46:47Z,2026-06-22T19:46:47Z,0.0
GL54 4DY,SEPD,HV,1,TK8241,2780,2026-06-22T19:46:47Z,2026-06-22T19:46:47Z,0.0
GL54 4DZ,SEPD,HV,1,TK8241,2780,2026-06-22T19:46:47Z,2026-06-22T19:46:47Z,0.0
GL54 4EA,SEPD,HV,1,TK8241,2780,2026-06-22T19:46:47Z,2026-06-22T19:46:47Z,0.0
GL54 4EB,SEPD,HV,1,TK8241,2780,2026-06-22T19:46:47Z,2026-06-22T19:46:47Z,0.0
GL54 4EE,SEPD,HV,1,TK8241,2780,2026-06-22T19:46:47Z,2026-06-22T19:46:47Z,0.0
GL54 4EF,SEPD,HV,1,TK8241,2780,2026-06-22T19:46:47Z,2026-06-22T19:46:47Z,0.0
GL54 4EG,SEPD,HV,1,TK8241,2780,2026-06-22T19:46:47Z,2026-06-22T19:46:47Z,0.0
GL54 4NE,SEPD,HV,1,TK8241,2780,2026-06-22T19:46:47Z,2026-06-22T19:46:47Z,0.0
GL54 4NF,SEPD,HV,1,TK8241,2780,2026-06-22T19:46:47Z,2026-06-22T19:46:47Z,0.0
GL54 4NG,SEPD,HV,1,TK8241,2780,2026-06-22T19:46:47Z,2026-06-22T19:46:47Z,0.0
GL54 4NH,SEPD,HV,1,TK8241,2780,2026-06-22T19:46:47Z,2026-06-22T19:46:47Z,0.0
GL54 4NJ,SEPD,HV,1,TK8241,2780,2026-06-22T19:46:47Z,2026-06-22T19:46:47Z,0.0
GL54 4NN,SEPD,HV,1,TK8241,2780,2026-06-22T19:46:47Z,2026-06-22T19:46:47Z,0.0
GL54 4NP,SEPD,HV,1,TK8241,2780,2026-06-22T19:46:47Z,2026-06-22T19:46:47Z,0.0
GL54 4NQ,SEPD,HV,1,TK8241,2780,2026-06-22T19:46:47Z,2026-06-22T19:46:47Z,0.0
GL54 4NW,SEPD,HV,1,TK8241,2780,2026-06-22T19:46:47Z,2026-06-22T19:46:47Z,0.0
GL54 4NY,SEPD,HV,1,TK8241,2780,2026-06-22T19:46:47Z,2026-06-22T19:46:47Z,0.0
GL7,SEPD,HV,1,TK8261,1434,2026-06-22T19:46:47Z,2026-06-22T19:46:47Z,0.0
GL7 3DT,SEPD,HV,1,TK8261,1434,2026-06-22T19:46:47Z,2026-06-22T19:46:47Z,0.0
GL7 3DU,SEPD,HV,1,TK8261,1434,2026-06-22T19:46:47Z,2026-06-22T19:46:47Z,0.0
GL7 3DX,SEPD,HV,1,TK8261,1434,2026-06-22T19:46:47Z,2026-06-22T19:46:47Z,0.0
GL7 3FG,SEPD,HV,1,TK8250,1089,2026-06-22T19:46:47Z,2026-06-22T19:46:47Z,0.0
GL7 3NA,SEPD,HV,1,TK8250,1089,2026-06-22T19:46:47Z,2026-06-22T19:46:47Z,0.0
GL7 3NB,SEPD,HV,1,TK8250,1089,2026-06-22T19:46:47Z,2026-06-22T19:46:47Z,0.0
GL7 3ND,SEPD,HV,1,TK8250,1089,2026-06-22T19:46:47Z,2026-06-22T19:46:47Z,0.0
GL7 3NE,SEPD,HV,1,TK8250,1089,2026-06-22T19:46:47Z,2026-06-22T19:46:47Z,0.0
GL7 3NF,SEPD,HV,1,TK8250,1089,2026-06-22T19:46:47Z,2026-06-22T19:46:47Z,0.0
GL7 3NG,SEPD,HV,1,TK8250,1089,2026-06-22T19:46:47Z,2026-06-22T19:46:47Z,0.0
GL7 3NH,SEPD,HV,1,TK8250,1089,2026-06-22T19:46:47Z,2026-06-22T19:46:47Z,0.0
GL7 3NQ,SEPD,HV,1,TK8250,1089,2026-06-22T19:46:47Z,2026-06-22T19:46:47Z,0.0
GL7 3NW,SEPD,HV,1,TK8250,1089,2026-06-22T19:46:47Z,2026-06-22T19:46:47Z,0.0
GL7 3PS,SEPD,HV,1,TK8250,1089,2026-06-22T19:46:47Z,2026-06-22T19:46:47Z,0.0
GL7 3PT,SEPD,HV,1,TK8250,1089,2026-06-22T19:46:47Z,2026-06-22T19:46:47Z,0.0
GL7 3PU,SEPD,HV,1,TK8241,2780,2026-06-22T19:46:47Z,2026-06-22T19:46:47Z,0.0
GL7 3PX,SEPD,HV,1,TK8241,2780,2026-06-22T19:46:47Z,2026-06-22T19:46:47Z,0.0
GL7 3QB,SEPD,HV,1,TK8250,1089,2026-06-22T19:46:47Z,2026-06-22T19:46:47Z,0.0
GL7 4AA,SEPD,HV,1,TK8261,1434,2026-06-22T19:46:47Z,2026-06-22T19:46:47Z,0.0
GL7 4AB,SEPD,HV,1,TK8261,1434,2026-06-22T19:46:47Z,2026-06-22T19:46:47Z,0.0
GL7 4AD,SEPD,HV,1,TK8261,1434,2026-06-22T19:46:47Z,2026-06-22T19:46:47Z,0.0
GL7 4AE,SEPD,HV,1,TK8261,1434,2026-06-22T19:46:47Z,2026-06-22T19:46:47Z,0.0
GL7 4AF,SEPD,HV,1,TK8261,1434,2026-06-22T19:46:47Z,2026-06-22T19:46:47Z,0.0
GL7 4AG,SEPD,HV,1,TK8261,1434,2026-06-22T19:46:47Z,2026-06-22T19:46:47Z,0.0
GL7 4AH,SEPD,HV,1,TK8261,1434,2026-06-22T19:46:47Z,2026-06-22T19:46:47Z,0.0
GL7 4AJ,SEPD,HV,1,TK8261,1434,2026-06-22T19:46:47Z,2026-06-22T19:46:47Z,0.0
GL7 4AL,SEPD,HV,1,TK8261,1434,2026-06-22T19:46:47Z,2026-06-22T19:46:47Z,0.0
GL7 4AN,SEPD,HV,1,TK8261,1434,2026-06-22T19:46:47Z,2026-06-22T19:46:47Z,0.0
GL7 4AP,SEPD,HV,1,TK8261,1434,2026-06-22T19:46:47Z,2026-06-22T19:46:47Z,0.0
GL7 4AQ,SEPD,HV,1,TK8261,1434,2026-06-22T19:46:47Z,2026-06-22T19:46:47Z,0.0
GL7 4AR,SEPD,HV,1,TK8261,1434,2026-06-22T19:46:47Z,2026-06-22T19:46:47Z,0.0
GL7 4AS,SEPD,HV,1,TK8261,1434,2026-06-22T19:46:47Z,2026-06-22T19:46:47Z,0.0
GL7 4AT,SEPD,HV,1,TK8261,1434,2026-06-22T19:46:47Z,2026-06-22T19:46:47Z,0.0
GL7 4AU,SEPD,HV,1,TK8261,1434,2026-06-22T19:46:47Z,2026-06-22T19:46:47Z,0.0
GL7 4AW,SEPD,HV,1,TK8261,1434,2026-06-22T19:46:47Z,2026-06-22T19:46:47Z,0.0
GL7 4AX,SEPD,HV,1,TK8261,1434,2026-06-22T19:46:47Z,2026-06-22T19:46:47Z,0.0
GL7 4AY,SEPD,HV,1,TK8261,1434,2026-06-22T19:46:47Z,2026-06-22T19:46:47Z,0.0
GL7 4AZ,SEPD,HV,1,TK8261,1434,2026-06-22T19:46:47Z,2026-06-22T19:46:47Z,0.0
GL7 4BA,SEPD,HV,1,TK8261,1434,2026-06-22T19:46:47Z,2026-06-22T19:46:47Z,0.0
GL7 4BB,SEPD,HV,1,TK8261,1434,2026-06-22T19:46:47Z,2026-06-22T19:46:47Z,0.0
GL7 4BD,SEPD,HV,1,TK8261,1434,2026-06-22T19:46:47Z,2026-06-22T19:46:47Z,0.0
GL7 4BE,SEPD,HV,1,TK8261,1434,2026-06-22T19:46:47Z,2026-06-22T19:46:47Z,0.0
GL7 4BG,SEPD,HV,1,TK8261,1434,2026-06-22T19:46:47Z,2026-06-22T19:46:47Z,0.0
GL7 4BH,SEPD,HV,1,TK8261,1434,2026-06-22T19:46:47Z,2026-06-22T19:46:47Z,0.0
GL7 4BJ,SEPD,HV,1,TK8261,1434,2026-06-22T19:46:47Z,2026-06-22T19:46:47Z,0.0
GL7 4BL,SEPD,HV,1,TK8261,1434,2026-06-22T19:46:47Z,2026-06-22T19:46:47Z,0.0
GL7 4BN,SEPD,HV,1,TK8261,1434,2026-06-22T19:46:47Z,2026-06-22T19:46:47Z,0.0
GL7 4BP,SEPD,HV,1,TK8261,1434,2026-06-22T19:46:47Z,2026-06-22T19:46:47Z,0.0
GL7 4BQ,SEPD,HV,1,TK8261,1434,2026-06-22T19:46:47Z,2026-06-22T19:46:47Z,0.0
GL7 4BW,SEPD,HV,1,TK8261,1434,2026-06-22T19:46:47Z,2026-06-22T19:46:47Z,0.0
GL7 4BX,SEPD,HV,1,TK8261,1434,2026-06-22T19:46:47Z,2026-06-22T19:46:47Z,0.0
GL7 4BY,SEPD,HV,1,TK8261,1434,2026-06-22T19:46:47Z,2026-06-22T19:46:47Z,0.0
GL7 4BZ,SEPD,HV,1,TK8261,1434,2026-06-22T19:46:47Z,2026-06-22T19:46:47Z,0.0
GL7 4DA,SEPD,HV,1,TK8261,1434,2026-06-22T19:46:47Z,2026-06-22T19:46:47Z,0.0
GL7 4DB,SEPD,HV,1,TK8261,1434,2026-06-22T19:46:47Z,2026-06-22T19:46:47Z,0.0
GL7 4DD,SEPD,HV,1,TK8261,1434,2026-06-22T19:46:47Z,2026-06-22T19:46:47Z,0.0
GL7 4DF,SEPD,HV,1,TK8261,1434,2026-06-22T19:46:47Z,2026-06-22T19:46:47Z,0.0
GL7 4DJ,SEPD,HV,1,TK8261,1434,2026-06-22T19:46:47Z,2026-06-22T19:46:47Z,0.0
GL7 4DN,SEPD,HV,1,TK8261,1434,2026-06-22T19:46:47Z,2026-06-22T19:46:47Z,0.0
GL7 4DS,SEPD,HV,1,TK8261,1434,2026-06-22T19:46:47Z,2026-06-22T19:46:47Z,0.0
GL7 4DT,SEPD,HV,1,TK8261,1434,2026-06-22T19:46:47Z,2026-06-22T19:46:47Z,0.0
GL7 4DU,SEPD,LV,1,TK5947,13,2026-06-21T09:02:32Z,2026-06-21T09:02:32Z,0.0
GL7 4DY,SEPD,HV,1,TK8261,1434,2026-06-22T19:46:47Z,2026-06-22T19:46:47Z,0.0
GL7 4DZ,SEPD,HV,1,TK8261,1434,2026-06-22T19:46:47Z,2026-06-22T19:46:47Z,0.0
GL7 4EA,SEPD,HV,1,TK8261,1434,2026-06-22T19:46:47Z,2026-06-22T19:46:47Z,0.0
GL7 4EB,SEPD,HV,1,TK8261,1434,2026-06-22T19:46:47Z,2026-06-22T19:46:47Z,0.0
GL7 4ED,SEPD,HV,1,TK8261,1434,2026-06-22T19:46:47Z,2026-06-22T19:46:47Z,0.0
GL7 4EE,SEPD,LV,1,TK5947,13,2026-06-21T09:02:32Z,2026-06-21T09:02:32Z,0.0
GL7 4EF,SEPD,LV,1,TK5947,13,2026-06-21T09:02:32Z,2026-06-21T09:02:32Z,0.0
GL7 4EG,SEPD,LV,1,TK5947,13,2026-06-21T09:02:32Z,2026-06-21T09:02:32Z,0.0
GL7 4FN,SEPD,HV,1,TK8261,1434,2026-06-22T19:46:47Z,2026-06-22T19:46:47Z,0.0
GL7 4GF,SEPD,HV,1,TK8261,1434,2026-06-22T19:46:47Z,2026-06-22T19:46:47Z,0.0
GL7 4GG,SEPD,HV,1,TK8261,1434,2026-06-22T19:46:47Z,2026-06-22T19:46:47Z,0.0
GL7 4GH,SEPD,HV,1,TK8261,1434,2026-06-22T19:46:47Z,2026-06-22T19:46:47Z,0.0
GL7 4GQ,SEPD,HV,1,TK8261,1434,2026-06-22T19:46:47Z,2026-06-22T19:46:47Z,0.0
GL7 4GR,SEPD,HV,1,TK8250,1089,2026-06-22T19:46:47Z,2026-06-22T19:46:47Z,0.0
GL7 4GT,SEPD,HV,1,TK8261,1434,2026-06-22T19:46:47Z,2026-06-22T19:46:47Z,0.0
GL7 4GZ,SEPD,HV,1,TK8250,1089,2026-06-22T19:46:47Z,2026-06-22T19:46:47Z,0.0
GL7 4HF,SEPD,HV,1,TK8261,1434,2026-06-22T19:46:47Z,2026-06-22T19:46:47Z,0.0
GL7 4HG,SEPD,HV,1,TK8261,1434,2026-06-22T19:46:47Z,2026-06-22T19:46:47Z,0.0
GL7 4HP,SEPD,HV,1,TK8250,1089,2026-06-22T19:46:47Z,2026-06-22T19:46:47Z,0.0
GL7 4HR,SEPD,HV,1,TK8250,1089,2026-06-22T19:46:47Z,2026-06-22T19:46:47Z,0.0
GL7 4HS,SEPD,HV,1,TK8250,1089,2026-06-22T19:46:47Z,2026-06-22T19:46:47Z,0.0
GL7 4HT,SEPD,HV,1,TK8250,1089,2026-06-22T19:46:47Z,2026-06-22T19:46:47Z,0.0
GL7 4HU,SEPD,HV,1,TK8250,1089,2026-06-22T19:46:47Z,2026-06-22T19:46:47Z,0.0
GL7 4HX,SEPD,HV,1,TK8250,1089,2026-06-22T19:46:47Z,2026-06-22T19:46:47Z,0.0
GL7 4HY,SEPD,HV,1,TK8250,1089,2026-06-22T19:46:47Z,2026-06-22T19:46:47Z,0.0
GL7 4HZ,SEPD,HV,1,TK8250,1089,2026-06-22T19:46:47Z,2026-06-22T19:46:47Z,0.0
GL7 4JA,SEPD,HV,1,TK8250,1089,2026-06-22T19:46:47Z,2026-06-22T19:46:47Z,0.0
GL7 4JB,SEPD,HV,1,TK8250,1089,2026-06-22T19:46:47Z,2026-06-22T19:46:47Z,0.0
GL7 4JD,SEPD,HV,1,TK8250,1089,2026-06-22T19:46:47Z,2026-06-22T19:46:47Z,0.0
GL7 4JE,SEPD,HV,1,TK8250,1089,2026-06-22T19:46:47Z,2026-06-22T19:46:47Z,0.0
GL7 4JF,SEPD,HV,1,TK8250,1089,2026-06-22T19:46:47Z,2026-06-22T19:46:47Z,0.0
GL7 4JG,SEPD,HV,1,TK8250,1089,2026-06-22T19:46:47Z,2026-06-22T19:46:47Z,0.0
GL7 4JH,SEPD,HV,1,TK8250,1089,2026-06-22T19:46:47Z,2026-06-22T19:46:47Z,0.0
GL7 4JJ,SEPD,HV,1,TK8261,1434,2026-06-22T19:46:47Z,2026-06-22T19:46:47Z,0.0
GL7 4JL,SEPD,HV,1,TK8261,1434,2026-06-22T19:46:47Z,2026-06-22T19:46:47Z,0.0
GL7 4JN,SEPD,HV,1,TK8261,1434,2026-06-22T19:46:47Z,2026-06-22T19:46:47Z,0.0
GL7 4JP,SEPD,HV,1,TK8261,1434,2026-06-22T19:46:47Z,2026-06-22T19:46:47Z,0.0
GL7 4JQ,SEPD,HV,1,TK8250,1089,2026-06-22T19:46:47Z,2026-06-22T19:46:47Z,0.0
GL7 4JR,SEPD,HV,1,TK8261,1434,2026-06-22T19:46:47Z,2026-06-22T19:46:47Z,0.0
GL7 4JS,SEPD,HV,1,TK8261,1434,2026-06-22T19:46:47Z,2026-06-22T19:46:47Z,0.0
GL7 4JT,SEPD,HV,1,TK8261,1434,2026-06-22T19:46:47Z,2026-06-22T19:46:47Z,0.0
GL7 4JU,SEPD,HV,1,TK8261,1434,2026-06-22T19:46:47Z,2026-06-22T19:46:47Z,0.0
GL7 4JW,SEPD,HV,1,TK8261,1434,2026-06-22T19:46:47Z,2026-06-22T19:46:47Z,0.0
GL7 4JX,SEPD,HV,1,TK8261,1434,2026-06-22T19:46:47Z,2026-06-22T19:46:47Z,0.0
GL7 4JY,SEPD,HV,1,TK8261,1434,2026-06-22T19:46:47Z,2026-06-22T19:46:47Z,0.0
GL7 4JZ,SEPD,HV,1,TK8261,1434,2026-06-22T19:46:47Z,2026-06-22T19:46:47Z,0.0
GL7 4LA,SEPD,HV,1,TK8261,1434,2026-06-22T19:46:47Z,2026-06-22T19:46:47Z,0.0
GL7 4LB,SEPD,HV,1,TK8261,1434,2026-06-22T19:46:47Z,2026-06-22T19:46:47Z,0.0
GL7 4LD,SEPD,HV,1,TK8261,1434,2026-06-22T19:46:47Z,2026-06-22T19:46:47Z,0.0
GL7 4LE,SEPD,HV,1,TK8261,1434,2026-06-22T19:46:47Z,2026-06-22T19:46:47Z,0.0
GL7 4LF,SEPD,HV,1,TK8261,1434,2026-06-22T19:46:47Z,2026-06-22T19:46:47Z,0.0
GL7 4LG,SEPD,HV,1,TK8250,1089,2026-06-22T19:46:47Z,2026-06-22T19:46:47Z,0.0
GL7 4LH,SEPD,HV,1,TK8261,1434,2026-06-22T19:46:47Z,2026-06-22T19:46:47Z,0.0
GL7 4LJ,SEPD,HV,1,TK8261,1434,2026-06-22T19:46:47Z,2026-06-22T19:46:47Z,0.0
GL7 4LN,SEPD,HV,1,TK8261,1434,2026-06-22T19:46:47Z,2026-06-22T19:46:47Z,0.0
GL7 4LP,SEPD,HV,1,TK8261,1434,2026-06-22T19:46:47Z,2026-06-22T19:46:47Z,0.0
GL7 4LQ,SEPD,HV,1,TK8261,1434,2026-06-22T19:46:47Z,2026-06-22T19:46:47Z,0.0
GL7 4LR,SEPD,HV,1,TK8261,1434,2026-06-22T19:46:47Z,2026-06-22T19:46:47Z,0.0
GL7 4LS,SEPD,HV,1,TK8261,1434,2026-06-22T19:46:47Z,2026-06-22T19:46:47Z,0.0
GL7 4LT,SEPD,HV,1,TK8261,1434,2026-06-22T19:46:47Z,2026-06-22T19:46:47Z,0.0
GL7 4LX,SEPD,HV,1,TK8261,1434,2026-06-22T19:46:47Z,2026-06-22T19:46:47Z,0.0
GL7 4LY,SEPD,HV,1,TK8250,1089,2026-06-22T19:46:47Z,2026-06-22T19:46:47Z,0.0
GL7 4ND,SEPD,HV,1,TK8261,1434,2026-06-22T19:46:47Z,2026-06-22T19:46:47Z,0.0
GL7 4NE,SEPD,HV,1,TK8261,1434,2026-06-22T19:46:47Z,2026-06-22T19:46:47Z,0.0
GL7 4NH,SEPD,HV,1,TK8261,1434,2026-06-22T19:46:47Z,2026-06-22T19:46:47Z,0.0
GL7 4NP,SEPD,HV,1,TK8261,1434,2026-06-22T19:46:47Z,2026-06-22T19:46:47Z,0.0
GL7 4NS,SEPD,LV,1,TK5947,13,2026-06-21T09:02:32Z,2026-06-21T09:02:32Z,0.0
GL7 4NT,SEPD,LV,1,TK5947,13,2026-06-21T09:02:32Z,2026-06-21T09:02:32Z,0.0
GL7 4NU,SEPD,HV,1,TK8250,1089,2026-06-22T19:46:47Z,2026-06-22T19:46:47Z,0.0
GL7 4PR,SEPD,HV,1,TK8261,1434,2026-06-22T19:46:47Z,2026-06-22T19:46:47Z,0.0
GL7 5AA,SEPD,HV,1,TK8250,1089,2026-06-22T19:46:47Z,2026-06-22T19:46:47Z,0.0
GL7 5AB,SEPD,HV,1,TK8250,1089,2026-06-22T19:46:47Z,2026-06-22T19:46:47Z,0.0
GL7 5AD,SEPD,HV,1,TK8250,1089,2026-06-22T19:46:47Z,2026-06-22T19:46:47Z,0.0
GL7 5AF,SEPD,HV,1,TK8250,1089,2026-06-22T19:46:47Z,2026-06-22T19:46:47Z,0.0
GL7 5AG,SEPD,HV,1,TK8250,1089,2026-06-22T19:46:47Z,2026-06-22T19:46:47Z,0.0
GL7 5AH,SEPD,HV,1,TK8250,1089,2026-06-22T19:46:47Z,2026-06-22T19:46:47Z,0.0
GL7 5AJ,SEPD,HV,1,TK8250,1089,2026-06-22T19:46:47Z,2026-06-22T19:46:47Z,0.0
GL7 5AL,SEPD,HV,1,TK8250,1089,2026-06-22T19:46:47Z,2026-06-22T19:46:47Z,0.0
GL7 5AN,SEPD,HV,1,TK8250,1089,2026-06-22T19:46:47Z,2026-06-22T19:46:47Z,0.0
GL7 5AP,SEPD,HV,1,TK8250,1089,2026-06-22T19:46:47Z,2026-06-22T19:46:47Z,0.0
GL7 5AQ,SEPD,HV,1,TK8250,1089,2026-06-22T19:46:47Z,2026-06-22T19:46:47Z,0.0
GL7 5AR,SEPD,HV,1,TK8250,1089,2026-06-22T19:46:47Z,2026-06-22T19:46:47Z,0.0
GL7 5AS,SEPD,HV,1,TK8250,1089,2026-06-22T19:46:47Z,2026-06-22T19:46:47Z,0.0
GL7 5AT,SEPD,HV,1,TK8250,1089,2026-06-22T19:46:47Z,2026-06-22T19:46:47Z,0.0
GL7 5AU,SEPD,HV,1,TK8250,1089,2026-06-22T19:46:47Z,2026-06-22T19:46:47Z,0.0
GL7 5AW,SEPD,HV,1,TK8250,1089,2026-06-22T19:46:47Z,2026-06-22T19:46:47Z,0.0
GL7 5AY,SEPD,HV,1,TK8250,1089,2026-06-22T19:46:47Z,2026-06-22T19:46:47Z,0.0
GL7 5AZ,SEPD,HV,1,TK8250,1089,2026-06-22T19:46:47Z,2026-06-22T19:46:47Z,0.0
GL7 5BA,SEPD,HV,1,TK8241,2780,2026-06-22T19:46:47Z,2026-06-22T19:46:47Z,0.0
GL7 5BB,SEPD,HV,1,TK8250,1089,2026-06-22T19:46:47Z,2026-06-22T19:46:47Z,0.0
GL7 5BE,SEPD,HV,1,TK8250,1089,2026-06-22T19:46:47Z,2026-06-22T19:46:47Z,0.0
GL7 5BG,SEPD,HV,1,TK8250,1089,2026-06-22T19:46:47Z,2026-06-22T19:46:47Z,0.0
GL7 5BH,SEPD,HV,1,TK8250,1089,2026-06-22T19:46:47Z,2026-06-22T19:46:47Z,0.0
GL7 5BJ,SEPD,HV,1,TK8250,1089,2026-06-22T19:46:47Z,2026-06-22T19:46:47Z,0.0
GL7 5BL,SEPD,HV,1,TK8250,1089,2026-06-22T19:46:47Z,2026-06-22T19:46:47Z,0.0
GL7 5BN,SEPD,HV,1,TK8250,1089,2026-06-22T19:46:47Z,2026-06-22T19:46:47Z,0.0
GL7 5BP,SEPD,HV,1,TK8250,1089,2026-06-22T19:46:47Z,2026-06-22T19:46:47Z,0.0
GL7 5BS,SEPD,HV,1,TK8250,1089,2026-06-22T19:46:47Z,2026-06-22T19:46:47Z,0.0
GL7 5BT,SEPD,HV,1,TK8250,1089,2026-06-22T19:46:47Z,2026-06-22T19:46:47Z,0.0
GL7 5BU,SEPD,HV,1,TK8250,1089,2026-06-22T19:46:47Z,2026-06-22T19:46:47Z,0.0
GL7 5BW,SEPD,HV,1,TK8250,1089,2026-06-22T19:46:47Z,2026-06-22T19:46:47Z,0.0
GL7 5BX,SEPD,HV,1,TK8250,1089,2026-06-22T19:46:47Z,2026-06-22T19:46:47Z,0.0
GL7 5BY,SEPD,HV,1,TK8250,1089,2026-06-22T19:46:47Z,2026-06-22T19:46:47Z,0.0
GL7 5BZ,SEPD,HV,1,TK8250,1089,2026-06-22T19:46:47Z,2026-06-22T19:46:47Z,0.0
GL7 5DA,SEPD,HV,1,TK8250,1089,2026-06-22T19:46:47Z,2026-06-22T19:46:47Z,0.0
GL7 5DB,SEPD,HV,1,TK8250,1089,2026-06-22T19:46:47Z,2026-06-22T19:46:47Z,0.0
GL7 5DD,SEPD,HV,1,TK8250,1089,2026-06-22T19:46:47Z,2026-06-22T19:46:47Z,0.0
GL7 5DE,SEPD,HV,1,TK8250,1089,2026-06-22T19:46:47Z,2026-06-22T19:46:47Z,0.0
GL7 5DF,SEPD,HV,1,TK8250,1089,2026-06-22T19:46:47Z,2026-06-22T19:46:47Z,0.0
GL7 5DG,SEPD,HV,1,TK8250,1089,2026-06-22T19:46:47Z,2026-06-22T19:46:47Z,0.0
GL7 5DH,SEPD,HV,1,TK8250,1089,2026-06-22T19:46:47Z,2026-06-22T19:46:47Z,0.0
GL7 5DJ,SEPD,HV,1,TK8250,1089,2026-06-22T19:46:47Z,2026-06-22T19:46:47Z,0.0
GL7 5DL,SEPD,HV,1,TK8250,1089,2026-06-22T19:46:47Z,2026-06-22T19:46:47Z,0.0
GL7 5DN,SEPD,HV,1,TK8241,2780,2026-06-22T19:46:47Z,2026-06-22T19:46:47Z,0.0
GL7 5DP,SEPD,HV,1,TK8250,1089,2026-06-22T19:46:47Z,2026-06-22T19:46:47Z,0.0
GL7 5DQ,SEPD,HV,1,TK8250,1089,2026-06-22T19:46:47Z,2026-06-22T19:46:47Z,0.0
GL7 5EL,SEPD,HV,1,TK8241,2780,2026-06-22T19:46:47Z,2026-06-22T19:46:47Z,0.0
GL7 5EN,SEPD,HV,1,TK8241,2780,2026-06-22T19:46:47Z,2026-06-22T19:46:47Z,0.0
GL7 5EP,SEPD,HV,1,TK8241,2780,2026-06-22T19:46:47Z,2026-06-22T19:46:47Z,0.0
GL7 5ER,SEPD,HV,1,TK8241,2780,2026-06-22T19:46:47Z,2026-06-22T19:46:47Z,0.0
GL7 5ES,SEPD,HV,1,TK8241,2780,2026-06-22T19:46:47Z,2026-06-22T19:46:47Z,0.0
GL7 5ET,SEPD,HV,1,TK8241,2780,2026-06-22T19:46:47Z,2026-06-22T19:46:47Z,0.0
GL7 5EU,SEPD,HV,1,TK8241,2780,2026-06-22T19:46:47Z,2026-06-22T19:46:47Z,0.0
GL7 5EW,SEPD,HV,1,TK8241,2780,2026-06-22T19:46:47Z,2026-06-22T19:46:47Z,0.0
GL7 5FA,SEPD,HV,1,TK8241,2780,2026-06-22T19:46:47Z,2026-06-22T19:46:47Z,0.0
GL7 5FE,SEPD,HV,1,TK8241,2780,2026-06-22T19:46:47Z,2026-06-22T19:46:47Z,0.0
GL7 5FZ,SEPD,HV,1,TK8250,1089,2026-06-22T19:46:47Z,2026-06-22T19:46:47Z,0.0
GL7 5LH,SEPD,HV,1,TK8261,1434,2026-06-22T19:46:47Z,2026-06-22T19:46:47Z,0.0
GL7 5LX,SEPD,HV,1,TK8250,1089,2026-06-22T19:46:47Z,2026-06-22T19:46:47Z,0.0
GL7 5LY,SEPD,HV,1,TK8250,1089,2026-06-22T19:46:47Z,2026-06-22T19:46:47Z,0.0
GL7 5LZ,SEPD,HV,1,TK8241,2780,2026-06-22T19:46:47Z,2026-06-22T19:46:47Z,0.0
GL7 5NA,SEPD,HV,1,TK8241,2780,2026-06-22T19:46:47Z,2026-06-22T19:46:47Z,0.0
GL7 5NB,SEPD,HV,1,TK8241,2780,2026-06-22T19:46:47Z,2026-06-22T19:46:47Z,0.0
GL7 5ND,SEPD,HV,1,TK8250,1089,2026-06-22T19:46:47Z,2026-06-22T19:46:47Z,0.0
GL7 5NE,SEPD,HV,1,TK8250,1089,2026-06-22T19:46:47Z,2026-06-22T19:46:47Z,0.0
GL7 5NF,SEPD,HV,1,TK8250,1089,2026-06-22T19:46:47Z,2026-06-22T19:46:47Z,0.0
GL7 5NG,SEPD,HV,1,TK8250,1089,2026-06-22T19:46:47Z,2026-06-22T19:46:47Z,0.0
GL7 5NH,SEPD,HV,1,TK8250,1089,2026-06-22T19:46:47Z,2026-06-22T19:46:47Z,0.0
GL7 5NJ,SEPD,HV,1,TK8250,1089,2026-06-22T19:46:47Z,2026-06-22T19:46:47Z,0.0
GL7 5NL,SEPD,HV,1,TK8250,1089,2026-06-22T19:46:47Z,2026-06-22T19:46:47Z,0.0
GL7 5NP,SEPD,HV,1,TK8250,1089,2026-06-22T19:46:47Z,2026-06-22T19:46:47Z,0.0
GL7 5NQ,SEPD,HV,1,TK8250,1089,2026-06-22T19:46:47Z,2026-06-22T19:46:47Z,0.0
GL7 5NR,SEPD,HV,1,TK8250,1089,2026-06-22T19:46:47Z,2026-06-22T19:46:47Z,0.0
GL7 5NS,SEPD,HV,1,TK8250,1089,2026-06-22T19:46:47Z,2026-06-22T19:46:47Z,0.0
GL7 5NT,SEPD,HV,1,TK8250,1089,2026-06-22T19:46:47Z,2026-06-22T19:46:47Z,0.0
GL7 5NW,SEPD,HV,1,TK8250,1089,2026-06-22T19:46:47Z,2026-06-22T19:46:47Z,0.0
GL7 5NX,SEPD,HV,1,TK8241,2780,2026-06-22T19:46:47Z,2026-06-22T19:46:47Z,0.0
GL7 5NY,SEPD,HV,1,TK8241,2780,2026-06-22T19:46:47Z,2026-06-22T19:46:47Z,0.0
GL7 5NZ,SEPD,HV,1,TK8241,2780,2026-06-22T19:46:47Z,2026-06-22T19:46:47Z,0.0
GL7 5PA,SEPD,HV,1,TK8250,1089,2026-06-22T19:46:47Z,2026-06-22T19:46:47Z,0.0
GL7 5PD,SEPD,HV,1,TK8250,1089,2026-06-22T19:46:47Z,2026-06-22T19:46:47Z,0.0
GL7 5PE,SEPD,HV,1,TK8250,1089,2026-06-22T19:46:47Z,2026-06-22T19:46:47Z,0.0
GL7 5TA,SEPD,HV,1,TK8250,1089,2026-06-22T19:46:47Z,2026-06-22T19:46:47Z,0.0
GL7 6DJ,SEPD,HV,1,TK1362,15,2026-06-17T10:02:27Z,2026-06-17T10:02:27Z,0.0
GL7 6DL,SEPD,HV,1,TK1362,15,2026-06-17T10:02:27Z,2026-06-17T10:02:27Z,0.0
GL7 6ED,SEPD,HV,1,TK1362,15,2026-06-17T10:02:27Z,2026-06-17T10:02:27Z,0.0
GL7 6LD,SEPD,HV,1,TK1362,15,2026-06-17T10:02:27Z,2026-06-17T10:02:27Z,0.0
GL7 7DE,SEPD,HV,1,TK8241,2780,2026-06-22T19:46:47Z,2026-06-22T19:46:47Z,0.0
GL8 8AE,SEPD,HV,1,TK0574,66,2026-06-16T20:31:54Z,2026-06-16T20:31:54Z,0.0
GL8 8RU,SEPD,HV,1,TK0574,66,2026-06-16T20:31:54Z,2026-06-16T20:31:54Z,0.0
GL8 8RX,SEPD,HV,1,TK0574,66,2026-06-16T20:31:54Z,2026-06-16T20:31:54Z,0.0
GL8 8RY,SEPD,HV,1,TK0574,66,2026-06-16T20:31:54Z,2026-06-16T20:31:54Z,0.0
GL8 8RZ,SEPD,HV,1,TK0574,66,2026-06-16T20:31:54Z,2026-06-16T20:31:54Z,0.0
GL8 8SE,SEPD,HV,1,TK0574,66,2026-06-16T20:31:54Z,2026-06-16T20:31:54Z,0.0
GL8 8SY,SEPD,HV,1,TK0574,66,2026-06-16T20:31:54Z,2026-06-16T20:31:54Z,0.0
GU10 2LP,SEPD,PSI,1,252086,28,2026-06-22T11:21:18Z,2026-06-22T11:21:18Z,0.0
GU10 2LR,SEPD,PSI,1,252086,28,2026-06-22T11:21:18Z,2026-06-22T11:21:18Z,0.0
GU14 7RZ,SEPD,LV,1,TK0508,2,2026-06-16T17:35:54Z,2026-06-16T17:35:54Z,0.0
GU14 7SA,SEPD,LV,1,TK0508,2,2026-06-16T17:35:54Z,2026-06-16T17:35:54Z,0.0
GU14 7SJ,SEPD,LV,1,TK0508,2,2026-06-16T17:35:54Z,2026-06-16T17:35:54Z,0.0
GU14 7SL,SEPD,LV,1,TK0508,2,2026-06-16T17:35:54Z,2026-06-16T17:35:54Z,0.0
GU14 9XA,SEPD,LV,1,TK3527,14,2026-06-18T19:55:48Z,2026-06-18T19:55:48Z,0.0
GU14 9XB,SEPD,LV,1,TK3527,14,2026-06-18T19:55:48Z,2026-06-18T19:55:48Z,0.0
GU14 9XD,SEPD,LV,1,TK3527,14,2026-06-18T19:55:48Z,2026-06-18T19:55:48Z,0.0
GU17 9ES,SEPD,LV,1,TK4988,11,2026-06-20T06:38:18Z,2026-06-20T06:38:18Z,0.0
GU17 9HH,SEPD,LV,1,TK4988,11,2026-06-20T06:38:18Z,2026-06-20T06:38:18Z,0.0
GU17 9HQ,SEPD,LV,1,TK4988,11,2026-06-20T06:38:18Z,2026-06-20T06:38:18Z,0.0
GU27 3AQ,SEPD,PSI,1,251144,9,2026-06-16T12:32:38Z,2026-06-16T12:32:38Z,0.0
GU27 3AX,SEPD,PSI,1,251144,9,2026-06-16T12:32:38Z,2026-06-16T12:32:38Z,0.0
GU27 3BE,SEPD,PSI,1,251144,9,2026-06-16T12:32:38Z,2026-06-16T12:32:38Z,0.0
GU27 3BG,SEPD,PSI,1,251144,9,2026-06-16T12:32:38Z,2026-06-16T12:32:38Z,0.0
GU27 3BQ,SEPD,PSI,1,251144,9,2026-06-16T12:32:38Z,2026-06-16T12:32:38Z,0.0
GU28 0NP,SEPD,PSI,1,250983,231,2026-06-16T12:32:38Z,2026-06-16T12:32:38Z,0.0
GU28 0NR,SEPD,PSI,1,250983,231,2026-06-16T12:32:38Z,2026-06-16T12:32:38Z,0.0
GU28 0NS,SEPD,PSI,1,250983,231,2026-06-16T12:32:38Z,2026-06-16T12:32:38Z,0.0
GU28 0NT,SEPD,PSI,1,250983,231,2026-06-16T12:32:38Z,2026-06-16T12:32:38Z,0.0
GU28 0NY,SEPD,PSI,1,250983,231,2026-06-16T12:32:38Z,2026-06-16T12:32:38Z,0.0
GU28 0NZ,SEPD,PSI,1,250983,231,2026-06-16T12:32:38Z,2026-06-16T12:32:38Z,0.0
GU28 0PA,SEPD,PSI,1,250983,231,2026-06-16T12:32:38Z,2026-06-16T12:32:38Z,0.0
GU28 0PT,SEPD,PSI,1,250983,231,2026-06-16T12:32:38Z,2026-06-16T12:32:38Z,0.0
GU28 0PU,SEPD,PSI,1,250983,231,2026-06-16T12:32:38Z,2026-06-16T12:32:38Z,0.0
GU28 0PX,SEPD,PSI,1,250983,231,2026-06-16T12:32:38Z,2026-06-16T12:32:38Z,0.0
GU28 0PY,SEPD,PSI,1,250983,231,2026-06-16T12:32:38Z,2026-06-16T12:32:38Z,0.0
GU28 0PZ,SEPD,PSI,1,250983,231,2026-06-16T12:32:38Z,2026-06-16T12:32:38Z,0.0
GU28 0QA,SEPD,PSI,1,250983,231,2026-06-16T12:32:38Z,2026-06-16T12:32:38Z,0.0
GU28 0QB,SEPD,PSI,1,250983,231,2026-06-16T12:32:38Z,2026-06-16T12:32:38Z,0.0
GU28 0QD,SEPD,PSI,1,250983,231,2026-06-16T12:32:38Z,2026-06-16T12:32:38Z,0.0
GU28 0QG,SEPD,PSI,1,250983,231,2026-06-16T12:32:38Z,2026-06-16T12:32:38Z,0.0
GU28 0QN,SEPD,PSI,1,250983,231,2026-06-16T12:32:38Z,2026-06-16T12:32:38Z,0.0
GU28 0QQ,SEPD,PSI,1,250983,231,2026-06-16T12:32:38Z,2026-06-16T12:32:38Z,0.0
GU28 0QW,SEPD,PSI,1,250983,231,2026-06-16T12:32:38Z,2026-06-16T12:32:38Z,0.0
GU32 1DB,SEPD,HV,1,TK0136,16,2026-06-16T12:32:38Z,2026-06-16T12:32:38Z,0.0
GU32 1DD,SEPD,HV,1,TK0136,16,2026-06-16T12:32:38Z,2026-06-16T12:32:38Z,0.0
GU32 1DE,SEPD,HV,1,TK0136,16,2026-06-16T12:32:38Z,2026-06-16T12:32:38Z,0.0
GU32 1ED,SEPD,HV,1,TK0136,16,2026-06-16T12:32:38Z,2026-06-16T12:32:38Z,0.0
GU32 1EE,SEPD,HV,1,TK0136,16,2026-06-16T12:32:38Z,2026-06-16T12:32:38Z,0.0
GU35 0NE,SEPD,PSI,1,252086,28,2026-06-22T11:21:18Z,2026-06-22T11:21:18Z,0.0
GU46 6BF,SEPD,HV,1,TK8473,1022,2026-06-22T21:52:49Z,2026-06-22T21:52:49Z,0.0
GU46 6EE,SEPD,HV,1,TK8473,1022,2026-06-22T21:52:49Z,2026-06-22T21:52:49Z,0.0
GU46 6EF,SEPD,HV,1,TK8473,1022,2026-06-22T21:52:49Z,2026-06-22T21:52:49Z,0.0
GU46 6EG,SEPD,HV,1,TK8473,1022,2026-06-22T21:52:49Z,2026-06-22T21:52:49Z,0.0
GU46 6EH,SEPD,HV,1,TK8473,1022,2026-06-22T21:52:49Z,2026-06-22T21:52:49Z,0.0
GU46 6EJ,SEPD,HV,1,TK8473,1022,2026-06-22T21:52:49Z,2026-06-22T21:52:49Z,0.0
GU46 6EL,SEPD,HV,1,TK8473,1022,2026-06-22T21:52:49Z,2026-06-22T21:52:49Z,0.0
GU46 6EN,SEPD,HV,1,TK8473,1022,2026-06-22T21:52:49Z,2026-06-22T21:52:49Z,0.0
GU46 6EQ,SEPD,HV,1,TK8473,1022,2026-06-22T21:52:49Z,2026-06-22T21:52:49Z,0.0
GU46 6EW,SEPD,HV,1,TK8473,1022,2026-06-22T21:52:49Z,2026-06-22T21:52:49Z,0.0
GU46 6FA,SEPD,HV,1,TK8473,1022,2026-06-22T21:52:49Z,2026-06-22T21:52:49Z,0.0
GU46 6FB,SEPD,HV,1,TK8473,1022,2026-06-22T21:52:49Z,2026-06-22T21:52:49Z,0.0
GU46 6FD,SEPD,HV,1,TK8473,1022,2026-06-22T21:52:49Z,2026-06-22T21:52:49Z,0.0
GU46 6FE,SEPD,HV,1,TK8473,1022,2026-06-22T21:52:49Z,2026-06-22T21:52:49Z,0.0
GU46 6FF,SEPD,HV,1,TK8473,1022,2026-06-22T21:52:49Z,2026-06-22T21:52:49Z,0.0
GU46 6FG,SEPD,HV,1,TK8473,1022,2026-06-22T21:52:49Z,2026-06-22T21:52:49Z,0.0
GU46 6FH,SEPD,HV,1,TK8473,1022,2026-06-22T21:52:49Z,2026-06-22T21:52:49Z,0.0
GU46 6FJ,SEPD,HV,1,TK8473,1022,2026-06-22T21:52:49Z,2026-06-22T21:52:49Z,0.0
GU46 6FL,SEPD,HV,1,TK8473,1022,2026-06-22T21:52:49Z,2026-06-22T21:52:49Z,0.0
GU46 6FN,SEPD,HV,1,TK8473,1022,2026-06-22T21:52:49Z,2026-06-22T21:52:49Z,0.0
GU46 6FQ,SEPD,HV,1,TK8473,1022,2026-06-22T21:52:49Z,2026-06-22T21:52:49Z,0.0
GU46 6FR,SEPD,HV,1,TK8473,1022,2026-06-22T21:52:49Z,2026-06-22T21:52:49Z,0.0
GU46 6HA,SEPD,HV,1,TK8473,1022,2026-06-22T21:52:49Z,2026-06-22T21:52:49Z,0.0
GU46 6HB,SEPD,HV,1,TK8473,1022,2026-06-22T21:52:49Z,2026-06-22T21:52:49Z,0.0
GU46 6HD,SEPD,HV,1,TK8473,1022,2026-06-22T21:52:49Z,2026-06-22T21:52:49Z,0.0
GU46 6LY,SEPD,HV,1,TK8473,1022,2026-06-22T21:52:49Z,2026-06-22T21:52:49Z,0.0
GU46 6LZ,SEPD,HV,1,TK8473,1022,2026-06-22T21:52:49Z,2026-06-22T21:52:49Z,0.0
GU46 6ND,SEPD,HV,1,TK8473,1022,2026-06-22T21:52:49Z,2026-06-22T21:52:49Z,0.0
GU46 6NE,SEPD,HV,1,TK8473,1022,2026-06-22T21:52:49Z,2026-06-22T21:52:49Z,0.0
GU46 6NF,SEPD,HV,1,TK8473,1022,2026-06-22T21:52:49Z,2026-06-22T21:52:49Z,0.0
GU46 6NL,SEPD,HV,1,TK8473,1022,2026-06-22T21:52:49Z,2026-06-22T21:52:49Z,0.0
GU46 6NN,SEPD,HV,1,TK8473,1022,2026-06-22T21:52:49Z,2026-06-22T21:52:49Z,0.0
GU46 6NP,SEPD,HV,1,TK8473,1022,2026-06-22T21:52:49Z,2026-06-22T21:52:49Z,0.0
GU46 6NR,SEPD,HV,1,TK8473,1022,2026-06-22T21:52:49Z,2026-06-22T21:52:49Z,0.0
GU46 6NW,SEPD,HV,1,TK8473,1022,2026-06-22T21:52:49Z,2026-06-22T21:52:49Z,0.0
GU46 6NX,SEPD,HV,1,TK8473,1022,2026-06-22T21:52:49Z,2026-06-22T21:52:49Z,0.0
GU46 6NY,SEPD,HV,1,TK8473,1022,2026-06-22T21:52:49Z,2026-06-22T21:52:49Z,0.0
GU46 6NZ,SEPD,HV,1,TK8473,1022,2026-06-22T21:52:49Z,2026-06-22T21:52:49Z,0.0
GU46 6PY,SEPD,HV,1,TK8473,1022,2026-06-22T21:52:49Z,2026-06-22T21:52:49Z,0.0
GU46 6QF,SEPD,HV,1,TK8473,1022,2026-06-22T21:52:49Z,2026-06-22T21:52:49Z,0.0
GU46 6QG,SEPD,HV,1,TK8473,1022,2026-06-22T21:52:49Z,2026-06-22T21:52:49Z,0.0
GU46 6QH,SEPD,HV,1,TK8473,1022,2026-06-22T21:52:49Z,2026-06-22T21:52:49Z,0.0
GU46 6QJ,SEPD,HV,1,TK8473,1022,2026-06-22T21:52:49Z,2026-06-22T21:52:49Z,0.0
GU46 6QL,SEPD,HV,1,TK8473,1022,2026-06-22T21:52:49Z,2026-06-22T21:52:49Z,0.0
GU46 6QQ,SEPD,HV,1,TK8473,1022,2026-06-22T21:52:49Z,2026-06-22T21:52:49Z,0.0
GU46 7TY,SEPD,HV,1,TK8473,1022,2026-06-22T21:52:49Z,2026-06-22T21:52:49Z,0.0
GU46 7TZ,SEPD,HV,1,TK8473,1022,2026-06-22T21:52:49Z,2026-06-22T21:52:49Z,0.0
GU51 3DS,SEPD,HV,1,TK4198,103,2026-06-19T13:47:21Z,2026-06-19T13:47:21Z,0.0
GU51 3DT,SEPD,HV,1,TK4198,103,2026-06-19T13:47:21Z,2026-06-19T13:47:21Z,0.0
GU51 3EJ,SEPD,HV,1,TK4198,103,2026-06-19T13:47:21Z,2026-06-19T13:47:21Z,0.0
GU51 3GY,SEPD,HV,1,TK4198,103,2026-06-19T13:47:21Z,2026-06-19T13:47:21Z,0.0
GU51 3GZ,SEPD,HV,1,TK4198,103,2026-06-19T13:47:21Z,2026-06-19T13:47:21Z,0.0
GU51 3HU,SEPD,HV,1,TK4198,103,2026-06-19T13:47:21Z,2026-06-19T13:47:21Z,0.0
GU51 3XT,SEPD,HV,1,TK4198,103,2026-06-19T13:47:21Z,2026-06-19T13:47:21Z,0.0
GU8 6QR,SEPD,PSI,1,252086,28,2026-06-22T11:21:18Z,2026-06-22T11:21:18Z,0.0
HP13 5AA,SEPD,LV,1,TK5677,13,2026-06-21T13:45:15Z,2026-06-21T13:45:15Z,0.0
HP13 6AR,SEPD,LV,1,TK7068,30,2026-06-22T11:21:18Z,2026-06-22T11:21:18Z,0.0
HP13 6AS,SEPD,LV,1,TK7068,30,2026-06-22T11:21:18Z,2026-06-22T11:21:18Z,0.0
HP13 6AT,SEPD,LV,1,TK7068,30,2026-06-22T11:21:18Z,2026-06-22T11:21:18Z,0.0
HP13 6AW,SEPD,LV,1,TK7068,30,2026-06-22T11:21:18Z,2026-06-22T11:21:18Z,0.0
HP13 6BH,SEPD,LV,1,TK5677,13,2026-06-21T13:45:15Z,2026-06-21T13:45:15Z,0.0
HP13 6ER,SEPD,LV,1,TK7068,30,2026-06-22T11:21:18Z,2026-06-22T11:21:18Z,0.0
HP13 6EW,SEPD,LV,1,TK7068,30,2026-06-22T11:21:18Z,2026-06-22T11:21:18Z,0.0
HP13 6XJ,SEPD,LV,1,TK7068,30,2026-06-22T11:21:18Z,2026-06-22T11:21:18Z,0.0
HP13 7AB,SEPD,LV,1,TK7068,30,2026-06-22T11:21:18Z,2026-06-22T11:21:18Z,0.0
HP13 7BT,SEPD,LV,1,TK1679,28,2026-06-17T13:54:46Z,2026-06-17T13:54:46Z,0.0
HP13 7BU,SEPD,LV,1,TK1679,28,2026-06-17T13:54:46Z,2026-06-17T13:54:46Z,0.0
HP13 7DD,SEPD,LV,1,TK1679,28,2026-06-17T13:54:46Z,2026-06-17T13:54:46Z,0.0
HP13 7DY,SEPD,LV,1,TK1679,28,2026-06-17T13:54:46Z,2026-06-17T13:54:46Z,0.0
HP13 7DZ,SEPD,LV,1,TK1679,28,2026-06-17T13:54:46Z,2026-06-17T13:54:46Z,0.0
HP13 7EA,SEPD,LV,1,TK1679,28,2026-06-17T13:54:46Z,2026-06-17T13:54:46Z,0.0
HP13 7EE,SEPD,LV,1,TK1679,28,2026-06-17T13:54:46Z,2026-06-17T13:54:46Z,0.0
HP13 7EF,SEPD,LV,1,TK1679,28,2026-06-17T13:54:46Z,2026-06-17T13:54:46Z,0.0
HP13 7FU,SEPD,LV,1,TK7068,30,2026-06-22T11:21:18Z,2026-06-22T11:21:18Z,0.0
HP13 7JG,SEPD,LV,1,TK7068,30,2026-06-22T11:21:18Z,2026-06-22T11:21:18Z,0.0
HP13 7PL,SEPD,LV,1,TK1679,28,2026-06-17T13:54:46Z,2026-06-17T13:54:46Z,0.0
HS2 0BW,SHEPD,LV,1,TK2966,13,2026-06-18T14:16:29Z,2026-06-18T14:16:29Z,0.0
HS2 0PA,SHEPD,LV,1,TK2966,13,2026-06-18T14:16:29Z,2026-06-18T14:16:29Z,0.0
HS2 0PB,SHEPD,LV,1,TK2966,13,2026-06-18T14:16:29Z,2026-06-18T14:16:29Z,0.0
HS2 0QZ,SHEPD,LV,1,TJ9877,5,2026-06-16T12:32:38Z,2026-06-16T12:32:38Z,0.0
HS8 5RR,SHEPD,HV,1,TK5592,45,2026-06-20T13:46:19Z,2026-06-20T13:46:19Z,0.0
HS8 5RS,SHEPD,HV,1,TK5592,45,2026-06-20T13:46:19Z,2026-06-20T13:46:19Z,0.0
HS8 5RT,SHEPD,HV,1,TK5592,45,2026-06-20T13:46:19Z,2026-06-20T13:46:19Z,0.0
HS8 5TD,SHEPD,LV,1,TK5968,2,2026-06-21T09:02:32Z,2026-06-21T09:02:32Z,0.0
IV17 0SG,SHEPD,LV,1,TK0740,12,2026-06-16T20:31:54Z,2026-06-16T20:31:54Z,0.0
IV17 0SY,SHEPD,LV,1,TK0740,12,2026-06-16T20:31:54Z,2026-06-16T20:31:54Z,0.0
IV17 0XX,SHEPD,LV,1,TK0740,12,2026-06-16T20:31:54Z,2026-06-16T20:31:54Z,0.0
IV2 5EA,SHEPD,PSI,1,251329,26,2026-06-18T10:56:41Z,2026-06-18T10:56:41Z,0.0
IV2 5EF,SHEPD,PSI,1,251329,26,2026-06-18T10:56:41Z,2026-06-18T10:56:41Z,0.0
IV2 5EQ,SHEPD,PSI,1,251329,26,2026-06-18T10:56:41Z,2026-06-18T10:56:41Z,0.0
IV27,SHEPD,PSI,1,251799,28,2026-06-22T11:21:18Z,2026-06-22T11:21:18Z,0.0
IV27 4DJ,SHEPD,HV,1,TK3437,3,2026-06-18T19:55:48Z,2026-06-18T19:55:48Z,0.0
IV27 4EU,SHEPD,PSI,1,251799,28,2026-06-22T11:21:18Z,2026-06-22T11:21:18Z,0.0
IV27 4TE,SHEPD,PSI,1,251799,28,2026-06-22T11:21:18Z,2026-06-22T11:21:18Z,0.0
IV27 4TJ,SHEPD,PSI,1,251810,4,2026-06-19T10:03:19Z,2026-06-19T10:03:19Z,0.0
IV27 4TQ,SHEPD,PSI,1,251799,28,2026-06-22T11:21:18Z,2026-06-22T11:21:18Z,0.0
IV3 5HJ,SHEPD,LV,1,TK2344,23,2026-06-18T01:40:26Z,2026-06-18T01:40:26Z,0.0
IV3 5HP,SHEPD,LV,1,TK2344,23,2026-06-18T01:40:26Z,2026-06-18T01:40:26Z,0.0
IV3 5HS,SHEPD,LV,1,TK2344,23,2026-06-18T01:40:26Z,2026-06-18T01:40:26Z,0.0
IV3 5HT,SHEPD,LV,1,TK2344,23,2026-06-18T01:40:26Z,2026-06-18T01:40:26Z,0.0
IV3 5HU,SHEPD,LV,1,TK2344,23,2026-06-18T01:40:26Z,2026-06-18T01:40:26Z,0.0
IV3 5HX,SHEPD,LV,1,TK2344,23,2026-06-18T01:40:26Z,2026-06-18T01:40:26Z,0.0
IV3 5HY,SHEPD,LV,1,TK2344,23,2026-06-18T01:40:26Z,2026-06-18T01:40:26Z,0.0
IV3 5HZ,SHEPD,LV,1,TK2344,23,2026-06-18T01:40:26Z,2026-06-18T01:40:26Z,0.0
IV3 5JA,SHEPD,LV,1,TK2344,23,2026-06-18T01:40:26Z,2026-06-18T01:40:26Z,0.0
IV3 5PX,SHEPD,LV,1,TK2344,23,2026-06-18T01:40:26Z,2026-06-18T01:40:26Z,0.0
IV3 5PY,SHEPD,LV,1,TK2344,23,2026-06-18T01:40:26Z,2026-06-18T01:40:26Z,0.0
IV6 7TW,SHEPD,PSI,1,251552,2,2026-06-18T10:56:41Z,2026-06-18T10:56:41Z,0.0
KW1 4UD,SHEPD,PSI,1,251758,93,2026-06-19T10:03:19Z,2026-06-19T10:03:19Z,0.0
KW14 7DR,SHEPD,LV,1,TK0823,16,2026-06-17T05:06:41Z,2026-06-17T05:06:41Z,0.0
KW14 7DS,SHEPD,LV,1,TK0823,16,2026-06-17T05:06:41Z,2026-06-17T05:06:41Z,0.0
KW14 7DT,SHEPD,LV,1,TK0823,16,2026-06-17T05:06:41Z,2026-06-17T05:06:41Z,0.0
KW14 7DW,SHEPD,LV,1,TK0823,16,2026-06-17T05:06:41Z,2026-06-17T05:06:41Z,0.0
KW14 8SY,SHEPD,PSI,1,251758,93,2026-06-19T10:03:19Z,2026-06-19T10:03:19Z,0.0
KW14 8SZ,SHEPD,PSI,1,251758,93,2026-06-19T10:03:19Z,2026-06-19T10:03:19Z,0.0
KW14 8TA,SHEPD,PSI,1,251758,93,2026-06-19T10:03:19Z,2026-06-19T10:03:19Z,0.0
KW14 8XQ,SHEPD,PSI,1,251758,93,2026-06-19T10:03:19Z,2026-06-19T10:03:19Z,0.0
KW14 8XW,SHEPD,PSI,1,251758,93,2026-06-19T10:03:19Z,2026-06-19T10:03:19Z,0.0
KW17 2AE,SHEPD,HV,1,TK6471,37,2026-06-21T21:48:03Z,2026-06-21T21:48:03Z,0.0
OX12 0DD,SEPD,LV,1,TK4340,15,2026-06-19T18:19:18Z,2026-06-19T18:19:18Z,0.0
OX12 0DF,SEPD,LV,1,TK4340,15,2026-06-19T18:19:18Z,2026-06-19T18:19:18Z,0.0
OX12 8PU,SEPD,PSI,1,251705,19,2026-06-18T10:56:41Z,2026-06-18T10:56:41Z,0.0
OX12 8PW,SEPD,PSI,1,251705,19,2026-06-18T10:56:41Z,2026-06-18T10:56:41Z,0.0
OX12 8PX,SEPD,PSI,1,251705,19,2026-06-18T10:56:41Z,2026-06-18T10:56:41Z,0.0
OX12 8RH,SEPD,PSI,1,251705,19,2026-06-18T10:56:41Z,2026-06-18T10:56:41Z,0.0
OX12 8SQ,SEPD,PSI,1,251705,19,2026-06-18T10:56:41Z,2026-06-18T10:56:41Z,0.0
OX14 3HG,SEPD,LV,1,TK6426,23,2026-06-21T20:19:33Z,2026-06-21T20:19:33Z,0.0
OX14 5BF,SEPD,LV,1,TK6426,23,2026-06-21T20:19:33Z,2026-06-21T20:19:33Z,0.0
OX14 5BJ,SEPD,LV,1,TK6426,23,2026-06-21T20:19:33Z,2026-06-21T20:19:33Z,0.0
OX14 5BL,SEPD,LV,1,TK6426,23,2026-06-21T20:19:33Z,2026-06-21T20:19:33Z,0.0
OX14 5EA,SEPD,LV,1,TK6426,23,2026-06-21T20:19:33Z,2026-06-21T20:19:33Z,0.0
OX14 5EB,SEPD,LV,1,TK6426,23,2026-06-21T20:19:33Z,2026-06-21T20:19:33Z,0.0
OX14 5EG,SEPD,LV,1,TK6426,23,2026-06-21T20:19:33Z,2026-06-21T20:19:33Z,0.0
OX14 5EW,SEPD,LV,1,TK6426,23,2026-06-21T20:19:33Z,2026-06-21T20:19:33Z,0.0
OX14 5EY,SEPD,LV,1,TK6426,23,2026-06-21T20:19:33Z,2026-06-21T20:19:33Z,0.0
OX14 5EZ,SEPD,LV,1,TK4591,37,2026-06-19T16:25:07Z,2026-06-19T16:25:07Z,0.0
OX14 5FG,SEPD,LV,1,TK6426,23,2026-06-21T20:19:33Z,2026-06-21T20:19:33Z,0.0
OX14 5FN,SEPD,LV,1,TK4591,37,2026-06-19T16:25:07Z,2026-06-19T16:25:07Z,0.0
OX14 5FU,SEPD,LV,1,TK4591,37,2026-06-19T16:25:07Z,2026-06-19T16:25:07Z,0.0
OX14 5HA,SEPD,LV,1,TK4591,37,2026-06-19T16:25:07Z,2026-06-19T16:25:07Z,0.0
OX14 5HU,SEPD,LV,1,TK4591,37,2026-06-19T16:25:07Z,2026-06-19T16:25:07Z,0.0
OX14 5RR,SEPD,LV,1,TK4591,37,2026-06-19T16:25:07Z,2026-06-19T16:25:07Z,0.0
OX18 2GG,SEPD,HV,1,TK8373,113,2026-06-22T19:46:47Z,2026-06-22T19:46:47Z,0.0
OX18 2RQ,SEPD,HV,1,TK8373,113,2026-06-22T19:46:47Z,2026-06-22T19:46:47Z,0.0
OX18 2RX,SEPD,HV,1,TK8373,113,2026-06-22T19:46:47Z,2026-06-22T19:46:47Z,0.0
OX18 2RY,SEPD,HV,1,TK8373,113,2026-06-22T19:46:47Z,2026-06-22T19:46:47Z,0.0
OX18 2RZ,SEPD,HV,1,TK8373,113,2026-06-22T19:46:47Z,2026-06-22T19:46:47Z,0.0
OX18 2SD,SEPD,HV,1,TK8373,113,2026-06-22T19:46:47Z,2026-06-22T19:46:47Z,0.0
OX18 2SH,SEPD,HV,1,TK8373,113,2026-06-22T19:46:47Z,2026-06-22T19:46:47Z,0.0
OX18 2SN,SEPD,HV,1,TK8373,113,2026-06-22T19:46:47Z,2026-06-22T19:46:47Z,0.0
OX18 2SP,SEPD,HV,1,TK8373,113,2026-06-22T19:46:47Z,2026-06-22T19:46:47Z,0.0
OX18 2SR,SEPD,HV,1,TK8373,113,2026-06-22T19:46:47Z,2026-06-22T19:46:47Z,0.0
OX18 2SS,SEPD,HV,1,TK8373,113,2026-06-22T19:46:47Z,2026-06-22T19:46:47Z,0.0
OX18 2ST,SEPD,HV,1,TK8373,113,2026-06-22T19:46:47Z,2026-06-22T19:46:47Z,0.0
OX18 2SU,SEPD,HV,1,TK8373,113,2026-06-22T19:46:47Z,2026-06-22T19:46:47Z,0.0
OX18 2SW,SEPD,HV,1,TK8373,113,2026-06-22T19:46:47Z,2026-06-22T19:46:47Z,0.0
OX18 2SX,SEPD,HV,1,TK8373,113,2026-06-22T19:46:47Z,2026-06-22T19:46:47Z,0.0
OX18 2TS,SEPD,HV,1,TK8373,113,2026-06-22T19:46:47Z,2026-06-22T19:46:47Z,0.0
OX2 0AJ,SEPD,LV,1,TK6810,32,2026-06-21T21:48:03Z,2026-06-21T21:48:03Z,0.0
OX2 0AL,SEPD,LV,1,TK6810,32,2026-06-21T21:48:03Z,2026-06-21T21:48:03Z,0.0
OX2 0AR,SEPD,LV,1,TK6810,32,2026-06-21T21:48:03Z,2026-06-21T21:48:03Z,0.0
OX2 0AS,SEPD,LV,1,TK6810,32,2026-06-21T21:48:03Z,2026-06-21T21:48:03Z,0.0
OX2 0AT,SEPD,LV,1,TK6810,32,2026-06-21T21:48:03Z,2026-06-21T21:48:03Z,0.0
OX2 0HJ,SEPD,LV,1,TK6810,32,2026-06-21T21:48:03Z,2026-06-21T21:48:03Z,0.0
OX2 9EG,SEPD,LV,1,TK7196,15,2026-06-22T11:21:18Z,2026-06-22T11:21:18Z,0.0
OX2 9EJ,SEPD,LV,1,TK7196,15,2026-06-22T11:21:18Z,2026-06-22T11:21:18Z,0.0
OX25,SEPD,PSI,1,251554,8,2026-06-17T23:05:25Z,2026-06-17T23:05:25Z,0.0
OX26 2GL,SEPD,HV,1,TK6312,188,2026-06-21T17:09:19Z,2026-06-21T17:09:19Z,0.0
OX26 2GR,SEPD,HV,1,TK6312,188,2026-06-21T17:09:19Z,2026-06-21T17:09:19Z,0.0
OX26 2GS,SEPD,HV,1,TK6312,188,2026-06-21T17:09:19Z,2026-06-21T17:09:19Z,0.0
OX26 2GT,SEPD,HV,1,TK6312,188,2026-06-21T17:09:19Z,2026-06-21T17:09:19Z,0.0
OX26 6BZ,SEPD,PSI,1,251554,8,2026-06-17T23:05:25Z,2026-06-17T23:05:25Z,0.0
OX26 6HU,SEPD,PSI,1,251554,8,2026-06-17T23:05:25Z,2026-06-17T23:05:25Z,0.0
OX26 6WD,SEPD,PSI,1,251554,8,2026-06-17T23:05:25Z,2026-06-17T23:05:25Z,0.0
OX28 4YA,SEPD,PSI,1,251622,3,2026-06-18T22:22:12Z,2026-06-18T22:22:12Z,0.0
OX28 6FE,SEPD,PSI,1,251622,3,2026-06-18T22:22:12Z,2026-06-18T22:22:12Z,0.0
OX33 1PJ,SEPD,LV,1,TJ9487,14,2026-06-16T12:32:38Z,2026-06-16T12:32:38Z,0.0
OX33 1YT,SEPD,LV,1,TJ9487,14,2026-06-16T12:32:38Z,2026-06-16T12:32:38Z,0.0
OX33 1YX,SEPD,LV,1,TJ9487,14,2026-06-16T12:32:38Z,2026-06-16T12:32:38Z,0.0
OX4 4ER,SEPD,LV,1,TK2386,10,2026-06-18T06:28:43Z,2026-06-18T06:28:43Z,0.0
OX4 4EY,SEPD,LV,1,TK2386,10,2026-06-18T06:28:43Z,2026-06-18T06:28:43Z,0.0
OX44 7FJ,SEPD,LV,1,TK5825,13,2026-06-20T21:39:37Z,2026-06-20T21:39:37Z,0.0
OX44 7PP,SEPD,LV,1,TK5825,13,2026-06-20T21:39:37Z,2026-06-20T21:39:37Z,0.0
OX44 7QE,SEPD,LV,1,TK5825,13,2026-06-20T21:39:37Z,2026-06-20T21:39:37Z,0.0
OX44 7QF,SEPD,LV,1,TK5825,13,2026-06-20T21:39:37Z,2026-06-20T21:39:37Z,0.0
OX44 7QH,SEPD,LV,1,TK5825,13,2026-06-20T21:39:37Z,2026-06-20T21:39:37Z,0.0
OX5 2AE,SEPD,PSI,1,251904,5,2026-06-19T10:03:19Z,2026-06-19T10:03:19Z,0.0
OX7 3RW,SEPD,LV,1,TK6426,23,2026-06-21T20:19:33Z,2026-06-21T20:19:33Z,0.0
PA21 2DH,SHEPD,HV,1,TK5824,3,2026-06-20T21:39:37Z,2026-06-20T21:39:37Z,0.0
PA21 2EP,SHEPD,HV,1,TK5824,3,2026-06-20T21:39:37Z,2026-06-20T21:39:37Z,0.0
PA28 6PN,SHEPD,LV,1,TK1914,2,2026-06-17T17:14:07Z,2026-06-17T17:14:07Z,0.0
PA28 6PS,SHEPD,LV,1,TK1914,2,2026-06-17T17:14:07Z,2026-06-17T17:14:07Z,0.0
PA28 6PW,SHEPD,LV,1,TK1914,2,2026-06-17T17:14:07Z,2026-06-17T17:14:07Z,0.0
PA34 4NP,SHEPD,PSI,1,250915,60,2026-06-18T10:56:41Z,2026-06-18T10:56:41Z,0.0
PA34 4TX,SHEPD,LV,1,TK1733,3,2026-06-17T17:14:07Z,2026-06-17T17:14:07Z,0.0
PA34 4YL,SHEPD,PSI,1,250915,60,2026-06-18T10:56:41Z,2026-06-18T10:56:41Z,0.0
PH1 2AY,SHEPD,LV,1,TK5636,18,2026-06-20T13:46:19Z,2026-06-20T13:46:19Z,0.0
PH1 2NT,SHEPD,HV,1,TK5631,756,2026-06-20T13:46:19Z,2026-06-20T13:46:19Z,0.0
PH1 2NX,SHEPD,HV,1,TK5631,756,2026-06-20T13:46:19Z,2026-06-20T13:46:19Z,0.0
PH1 2NY,SHEPD,LV,1,TK5636,18,2026-06-20T13:46:19Z,2026-06-20T13:46:19Z,0.0
PH1 2NZ,SHEPD,HV,1,TK5631,756,2026-06-20T13:46:19Z,2026-06-20T13:46:19Z,0.0
PH1 2PA,SHEPD,HV,1,TK5631,756,2026-06-20T13:46:19Z,2026-06-20T13:46:19Z,0.0
PH1 2PD,SHEPD,LV,1,TK5636,18,2026-06-20T13:46:19Z,2026-06-20T13:46:19Z,0.0
PH1 2PN,SHEPD,HV,1,TK5631,756,2026-06-20T13:46:19Z,2026-06-20T13:46:19Z,0.0
PH1 2PP,SHEPD,HV,1,TK5631,756,2026-06-20T13:46:19Z,2026-06-20T13:46:19Z,0.0
PH1 2PR,SHEPD,HV,1,TK5631,756,2026-06-20T13:46:19Z,2026-06-20T13:46:19Z,0.0
PH1 2PU,SHEPD,HV,1,TK5631,756,2026-06-20T13:46:19Z,2026-06-20T13:46:19Z,0.0
PH1 2PW,SHEPD,HV,1,TK5631,756,2026-06-20T13:46:19Z,2026-06-20T13:46:19Z,0.0
PH1 2PX,SHEPD,HV,1,TK5631,756,2026-06-20T13:46:19Z,2026-06-20T13:46:19Z,0.0
PH1 2PZ,SHEPD,HV,1,TK5631,756,2026-06-20T13:46:19Z,2026-06-20T13:46:19Z,0.0
PH1 2QA,SHEPD,HV,1,TK5631,756,2026-06-20T13:46:19Z,2026-06-20T13:46:19Z,0.0
PH1 2QB,SHEPD,HV,1,TK5631,756,2026-06-20T13:46:19Z,2026-06-20T13:46:19Z,0.0
PH1 2QH,SHEPD,HV,1,TK5631,756,2026-06-20T13:46:19Z,2026-06-20T13:46:19Z,0.0
PH1 2QJ,SHEPD,HV,1,TK5631,756,2026-06-20T13:46:19Z,2026-06-20T13:46:19Z,0.0
PH1 2QL,SHEPD,HV,1,TK5631,756,2026-06-20T13:46:19Z,2026-06-20T13:46:19Z,0.0
PH1 2QN,SHEPD,HV,1,TK5631,756,2026-06-20T13:46:19Z,2026-06-20T13:46:19Z,0.0
PH1 2QP,SHEPD,HV,1,TK5631,756,2026-06-20T13:46:19Z,2026-06-20T13:46:19Z,0.0
PH1 2QQ,SHEPD,HV,1,TK5631,756,2026-06-20T13:46:19Z,2026-06-20T13:46:19Z,0.0
PH1 2QR,SHEPD,HV,1,TK5631,756,2026-06-20T13:46:19Z,2026-06-20T13:46:19Z,0.0
PH1 2QS,SHEPD,HV,1,TK5631,756,2026-06-20T13:46:19Z,2026-06-20T13:46:19Z,0.0
PH1 2QT,SHEPD,HV,1,TK5631,756,2026-06-20T13:46:19Z,2026-06-20T13:46:19Z,0.0
PH1 2QU,SHEPD,HV,1,TK5631,756,2026-06-20T13:46:19Z,2026-06-20T13:46:19Z,0.0
PH1 2QW,SHEPD,HV,1,TK5631,756,2026-06-20T13:46:19Z,2026-06-20T13:46:19Z,0.0
PH1 2QX,SHEPD,HV,1,TK5631,756,2026-06-20T13:46:19Z,2026-06-20T13:46:19Z,0.0
PH1 2QY,SHEPD,HV,1,TK5631,756,2026-06-20T13:46:19Z,2026-06-20T13:46:19Z,0.0
PH1 2QZ,SHEPD,HV,1,TK5631,756,2026-06-20T13:46:19Z,2026-06-20T13:46:19Z,0.0
PH1 2RA,SHEPD,HV,1,TK5631,756,2026-06-20T13:46:19Z,2026-06-20T13:46:19Z,0.0
PH1 2RF,SHEPD,HV,1,TK5631,756,2026-06-20T13:46:19Z,2026-06-20T13:46:19Z,0.0
PH1 2RG,SHEPD,HV,1,TK5631,756,2026-06-20T13:46:19Z,2026-06-20T13:46:19Z,0.0
PH1 2RH,SHEPD,LV,1,TK5637,5,2026-06-20T13:46:19Z,2026-06-20T13:46:19Z,0.0
PH1 2SN,SHEPD,HV,1,TK5631,756,2026-06-20T13:46:19Z,2026-06-20T13:46:19Z,0.0
PH1 2XA,SHEPD,HV,1,TK5631,756,2026-06-20T13:46:19Z,2026-06-20T13:46:19Z,0.0
PH10 6RJ,SHEPD,HV,1,TK3644,22,2026-06-19T10:03:19Z,2026-06-19T10:03:19Z,0.0
PH10 6RQ,SHEPD,HV,1,TK3644,22,2026-06-19T10:03:19Z,2026-06-19T10:03:19Z,0.0
PH10 6SH,SHEPD,HV,1,TK3644,22,2026-06-19T10:03:19Z,2026-06-19T10:03:19Z,0.0
PH10 6SL,SHEPD,HV,1,TK4736,15,2026-06-19T20:09:07Z,2026-06-19T20:09:07Z,0.0
PH10 6SW,SHEPD,HV,1,TK4736,15,2026-06-19T20:09:07Z,2026-06-19T20:09:07Z,0.0
PH10 7NB,SHEPD,HV,1,TK3644,22,2026-06-19T10:03:19Z,2026-06-19T10:03:19Z,0.0
PH17 2QE,SHEPD,LV,1,TK5583,3,2026-06-20T21:39:37Z,2026-06-20T21:39:37Z,0.0
PH17 2QF,SHEPD,LV,1,TK5583,3,2026-06-20T21:39:37Z,2026-06-20T21:39:37Z,0.0
PH26 3NZ,SHEPD,PSI,1,251562,21,2026-06-16T12:32:38Z,2026-06-16T12:32:38Z,0.0
PH26 3PA,SHEPD,PSI,1,251562,21,2026-06-16T12:32:38Z,2026-06-16T12:32:38Z,0.0
PH4 1RG,SHEPD,HV,1,TK0131,16,2026-06-16T12:32:38Z,2026-06-16T12:32:38Z,0.0
PH9 0NW,SHEPD,PSI,1,252420,6,2026-06-18T10:56:41Z,2026-06-18T10:56:41Z,0.0
PH9 0NY,SHEPD,PSI,1,252420,6,2026-06-18T10:56:41Z,2026-06-18T10:56:41Z,0.0
PO1 1LP,SEPD,LV,1,TK0781,12,2026-06-17T00:01:43Z,2026-06-17T00:01:43Z,0.0
PO1 1LR,SEPD,LV,1,TK0781,12,2026-06-17T00:01:43Z,2026-06-17T00:01:43Z,0.0
PO13 0TA,SEPD,LV,1,TK7597,7,2026-06-22T16:07:52Z,2026-06-22T16:07:52Z,0.0
PO13 0TD,SEPD,LV,1,TK7597,7,2026-06-22T16:07:52Z,2026-06-22T16:07:52Z,0.0
PO13 0TN,SEPD,LV,1,TK7597,7,2026-06-22T16:07:52Z,2026-06-22T16:07:52Z,0.0
PO13 0TP,SEPD,LV,1,TK7597,7,2026-06-22T16:07:52Z,2026-06-22T16:07:52Z,0.0
PO14 3QY,SEPD,LV,1,TK4475,22,2026-06-19T16:25:07Z,2026-06-19T16:25:07Z,0.0
PO14 3QZ,SEPD,LV,1,TK4475,22,2026-06-19T16:25:07Z,2026-06-19T16:25:07Z,0.0
PO14 3RS,SEPD,LV,1,TK4475,22,2026-06-19T16:25:07Z,2026-06-19T16:25:07Z,0.0
PO14 3RZ,SEPD,LV,1,TK4475,22,2026-06-19T16:25:07Z,2026-06-19T16:25:07Z,0.0
PO14 3TB,SEPD,LV,1,TK4475,22,2026-06-19T16:25:07Z,2026-06-19T16:25:07Z,0.0
PO14 3TH,SEPD,LV,1,TK4475,22,2026-06-19T16:25:07Z,2026-06-19T16:25:07Z,0.0
PO14 3TJ,SEPD,LV,1,TK4475,22,2026-06-19T16:25:07Z,2026-06-19T16:25:07Z,0.0
PO14 3TL,SEPD,LV,1,TK4475,22,2026-06-19T16:25:07Z,2026-06-19T16:25:07Z,0.0
PO14 3UB,SEPD,LV,1,TK4475,22,2026-06-19T16:25:07Z,2026-06-19T16:25:07Z,0.0
PO18 0EE,SEPD,LV,1,TK6803,2,2026-06-22T00:19:27Z,2026-06-22T00:19:27Z,0.0
PO18 0EJ,SEPD,LV,1,TK6803,2,2026-06-22T00:19:27Z,2026-06-22T00:19:27Z,0.0
PO20 8LR,SEPD,LV,1,TK7852,9,2026-06-22T16:07:52Z,2026-06-22T16:07:52Z,0.0
PO20 8LW,SEPD,LV,1,TK7852,9,2026-06-22T16:07:52Z,2026-06-22T16:07:52Z,0.0
PO21 3JH,SEPD,LV,1,TK2710,8,2026-06-18T10:56:41Z,2026-06-18T10:56:41Z,0.0
PO21 3JQ,SEPD,LV,1,TK2710,8,2026-06-18T10:56:41Z,2026-06-18T10:56:41Z,0.0
PO21 3JS,SEPD,LV,1,TK2710,8,2026-06-18T10:56:41Z,2026-06-18T10:56:41Z,0.0
PO21 3JT,SEPD,LV,1,TK2710,8,2026-06-18T10:56:41Z,2026-06-18T10:56:41Z,0.0
PO21 3JU,SEPD,LV,1,TK2710,8,2026-06-18T10:56:41Z,2026-06-18T10:56:41Z,0.0
PO3 5TF,SEPD,LV,1,TK5960,26,2026-06-21T09:02:32Z,2026-06-21T09:02:32Z,0.0
PO3 5TP,SEPD,LV,1,TK5960,26,2026-06-21T09:02:32Z,2026-06-21T09:02:32Z,0.0
PO3 5TR,SEPD,LV,1,TK5960,26,2026-06-21T09:02:32Z,2026-06-21T09:02:32Z,0.0
PO3 5UE,SEPD,LV,1,TK5960,26,2026-06-21T09:02:32Z,2026-06-21T09:02:32Z,0.0
PO3 5UF,SEPD,LV,1,TK5960,26,2026-06-21T09:02:32Z,2026-06-21T09:02:32Z,0.0
PO3 5UG,SEPD,LV,1,TK5960,26,2026-06-21T09:02:32Z,2026-06-21T09:02:32Z,0.0
PO3 5UQ,SEPD,LV,1,TK5960,26,2026-06-21T09:02:32Z,2026-06-21T09:02:32Z,0.0
PO3 5XA,SEPD,LV,1,TK5960,26,2026-06-21T09:02:32Z,2026-06-21T09:02:32Z,0.0
PO3 5XD,SEPD,LV,1,TK5960,26,2026-06-21T09:02:32Z,2026-06-21T09:02:32Z,0.0
PO6 1DB,SEPD,LV,1,TK0544,26,2026-06-16T17:35:54Z,2026-06-16T17:35:54Z,0.0
PO6 1DG,SEPD,LV,1,TK0544,26,2026-06-16T17:35:54Z,2026-06-16T17:35:54Z,0.0
PO6 1DL,SEPD,LV,1,TK0544,26,2026-06-16T17:35:54Z,2026-06-16T17:35:54Z,0.0
PO6 1DP,SEPD,LV,1,TK0544,26,2026-06-16T17:35:54Z,2026-06-16T17:35:54Z,0.0
PO6 1DS,SEPD,LV,1,TK0544,26,2026-06-16T17:35:54Z,2026-06-16T17:35:54Z,0.0
PO6 1EJ,SEPD,HV,1,TK0548,2109,2026-06-16T17:35:54Z,2026-06-16T17:35:54Z,0.0
PO6 1EL,SEPD,HV,1,TK0548,2109,2026-06-16T17:35:54Z,2026-06-16T17:35:54Z,0.0
PO6 1EN,SEPD,HV,1,TK0548,2109,2026-06-16T17:35:54Z,2026-06-16T17:35:54Z,0.0
PO6 1EZ,SEPD,HV,1,TK0548,2109,2026-06-16T17:35:54Z,2026-06-16T17:35:54Z,0.0
PO6 1HE,SEPD,LV,1,TK0555,21,2026-06-16T17:35:54Z,2026-06-16T17:35:54Z,0.0
PO6 1HH,SEPD,LV,1,TK0555,21,2026-06-16T17:35:54Z,2026-06-16T17:35:54Z,0.0
PO6 1HT,SEPD,HV,1,TK0548,2109,2026-06-16T17:35:54Z,2026-06-16T17:35:54Z,0.0
PO6 1HU,SEPD,HV,1,TK0548,2109,2026-06-16T17:35:54Z,2026-06-16T17:35:54Z,0.0
PO6 1HX,SEPD,HV,1,TK0548,2109,2026-06-16T17:35:54Z,2026-06-16T17:35:54Z,0.0
PO6 1HY,SEPD,LV,1,TK0555,21,2026-06-16T17:35:54Z,2026-06-16T17:35:54Z,0.0
PO6 1HZ,SEPD,LV,1,TK0555,21,2026-06-16T17:35:54Z,2026-06-16T17:35:54Z,0.0
PO6 1LY,SEPD,LV,1,TK0545,15,2026-06-16T17:35:54Z,2026-06-16T17:35:54Z,0.0
PO6 1LZ,SEPD,LV,1,TK0545,15,2026-06-16T17:35:54Z,2026-06-16T17:35:54Z,0.0
PO6 1NB,SEPD,LV,1,TK0545,15,2026-06-16T17:35:54Z,2026-06-16T17:35:54Z,0.0
PO6 1ND,SEPD,LV,1,TK0545,15,2026-06-16T17:35:54Z,2026-06-16T17:35:54Z,0.0
PO6 1NQ,SEPD,LV,1,TK0544,26,2026-06-16T17:35:54Z,2026-06-16T17:35:54Z,0.0
PO6 1PF,SEPD,LV,1,TK0545,15,2026-06-16T17:35:54Z,2026-06-16T17:35:54Z,0.0
PO6 1PG,SEPD,LV,1,TK0544,26,2026-06-16T17:35:54Z,2026-06-16T17:35:54Z,0.0
PO6 1QE,SEPD,LV,1,TK0545,15,2026-06-16T17:35:54Z,2026-06-16T17:35:54Z,0.0
PO7 6DR,SEPD,LV,1,TK3761,9,2026-06-20T11:52:35Z,2026-06-20T11:52:35Z,0.0
RG1 6AE,SEPD,LV,1,TK5714,54,2026-06-20T15:25:55Z,2026-06-20T15:25:55Z,0.0
RG1 6AG,SEPD,LV,1,TK5714,54,2026-06-20T15:25:55Z,2026-06-20T15:25:55Z,0.0
RG1 6AQ,SEPD,LV,1,TK5714,54,2026-06-20T15:25:55Z,2026-06-20T15:25:55Z,0.0
RG1 6FN,SEPD,LV,1,TK5714,54,2026-06-20T15:25:55Z,2026-06-20T15:25:55Z,0.0
RG1 6LZ,SEPD,LV,1,TK5714,54,2026-06-20T15:25:55Z,2026-06-20T15:25:55Z,0.0
RG1 7AG,SEPD,LV,1,TK5714,54,2026-06-20T15:25:55Z,2026-06-20T15:25:55Z,0.0
RG1 7SZ,SEPD,LV,1,TK5714,54,2026-06-20T15:25:55Z,2026-06-20T15:25:55Z,0.0
RG10,SEPD,PSI,1,252289,11,2026-06-22T11:21:18Z,2026-06-22T11:21:18Z,0.0
RG10 8NU,SEPD,PSI,1,252289,11,2026-06-22T11:21:18Z,2026-06-22T11:21:18Z,0.0
RG10 8NX,SEPD,PSI,1,252289,11,2026-06-22T11:21:18Z,2026-06-22T11:21:18Z,0.0
RG10 8PA,SEPD,PSI,1,252289,11,2026-06-22T11:21:18Z,2026-06-22T11:21:18Z,0.0
RG10 9UR,SEPD,LV,1,TK3334,12,2026-06-18T17:36:33Z,2026-06-18T17:36:33Z,0.0
RG10 9UU,SEPD,LV,1,TK3334,12,2026-06-18T17:36:33Z,2026-06-18T17:36:33Z,0.0
RG10 9XT,SEPD,LV,1,TK3334,12,2026-06-18T17:36:33Z,2026-06-18T17:36:33Z,0.0
RG10 9XU,SEPD,LV,1,TK3334,12,2026-06-18T17:36:33Z,2026-06-18T17:36:33Z,0.0
RG10 9XX,SEPD,LV,1,TK3334,12,2026-06-18T17:36:33Z,2026-06-18T17:36:33Z,0.0
RG10 9YD,SEPD,HV,1,TK5861,43,2026-06-20T22:49:17Z,2026-06-20T22:49:17Z,0.0
RG10 9YE,SEPD,HV,1,TK5861,43,2026-06-20T22:49:17Z,2026-06-20T22:49:17Z,0.0
RG10 9YG,SEPD,HV,1,TK5861,43,2026-06-20T22:49:17Z,2026-06-20T22:49:17Z,0.0
RG10 9YH,SEPD,HV,1,TK5861,43,2026-06-20T22:49:17Z,2026-06-20T22:49:17Z,0.0
RG10 9YL,SEPD,HV,1,TK5861,43,2026-06-20T22:49:17Z,2026-06-20T22:49:17Z,0.0
RG12 1BX,SEPD,LV,1,TK5516,3,2026-06-20T11:52:35Z,2026-06-20T11:52:35Z,0.0
RG12 1FB,SEPD,LV,1,TK5516,3,2026-06-20T11:52:35Z,2026-06-20T11:52:35Z,0.0
RG12 1JS,SEPD,LV,1,TK5516,3,2026-06-20T11:52:35Z,2026-06-20T11:52:35Z,0.0
RG12 1NS,SEPD,LV,1,TK5516,3,2026-06-20T11:52:35Z,2026-06-20T11:52:35Z,0.0
RG12 1NU,SEPD,LV,1,TK5516,3,2026-06-20T11:52:35Z,2026-06-20T11:52:35Z,0.0
RG12 1QN,SEPD,LV,1,TK5516,3,2026-06-20T11:52:35Z,2026-06-20T11:52:35Z,0.0
RG12 1RL,SEPD,LV,1,TK5719,3,2026-06-20T17:05:56Z,2026-06-20T17:05:56Z,0.0
RG12 1YQ,SEPD,LV,1,TK5516,3,2026-06-20T11:52:35Z,2026-06-20T11:52:35Z,0.0
RG14 2AD,SEPD,LV,1,TK8030,4,2026-06-22T16:07:52Z,2026-06-22T16:07:52Z,0.0
RG14 2DW,SEPD,LV,1,TK8030,4,2026-06-22T16:07:52Z,2026-06-22T16:07:52Z,0.0
RG14 5DP,SEPD,LV,1,TK2936,14,2026-06-18T14:16:29Z,2026-06-18T14:16:29Z,0.0
RG14 5DT,SEPD,LV,1,TK2936,14,2026-06-18T14:16:29Z,2026-06-18T14:16:29Z,0.0
RG14 5DY,SEPD,LV,1,TK2936,14,2026-06-18T14:16:29Z,2026-06-18T14:16:29Z,0.0
RG14 5EE,SEPD,LV,1,TK2936,14,2026-06-18T14:16:29Z,2026-06-18T14:16:29Z,0.0
RG14 5HE,SEPD,LV,1,TK2936,14,2026-06-18T14:16:29Z,2026-06-18T14:16:29Z,0.0
RG14 5LL,SEPD,LV,1,TK2936,14,2026-06-18T14:16:29Z,2026-06-18T14:16:29Z,0.0
RG17 0PL,SEPD,PSI,1,251615,60,2026-06-19T10:03:19Z,2026-06-19T10:03:19Z,0.0
RG17 0PZ,SEPD,PSI,1,251615,60,2026-06-19T10:03:19Z,2026-06-19T10:03:19Z,0.0
RG17 0QD,SEPD,PSI,1,251615,60,2026-06-19T10:03:19Z,2026-06-19T10:03:19Z,0.0
RG17 0RD,SEPD,HV,1,TK2664,376,2026-06-18T10:56:41Z,2026-06-18T10:56:41Z,0.0
RG17 0RN,SEPD,HV,1,TK2664,376,2026-06-18T10:56:41Z,2026-06-18T10:56:41Z,0.0
RG17 0RP,SEPD,HV,1,TK2664,376,2026-06-18T10:56:41Z,2026-06-18T10:56:41Z,0.0
RG17 0RW,SEPD,HV,1,TK2664,376,2026-06-18T10:56:41Z,2026-06-18T10:56:41Z,0.0
RG17 0TA,SEPD,PSI,1,251615,60,2026-06-19T10:03:19Z,2026-06-19T10:03:19Z,0.0
RG17 9DU,SEPD,HV,1,TK2664,376,2026-06-18T10:56:41Z,2026-06-18T10:56:41Z,0.0
RG17 9QR,SEPD,PSI,1,251976,34,2026-06-18T10:56:41Z,2026-06-18T10:56:41Z,0.0
RG2 8TU,SEPD,LV,1,TK1720,22,2026-06-17T21:31:48Z,2026-06-17T21:31:48Z,0.0
RG2 8TX,SEPD,LV,1,TK1720,22,2026-06-17T21:31:48Z,2026-06-17T21:31:48Z,0.0
RG20 0AQ,SEPD,PSI,1,251976,34,2026-06-18T10:56:41Z,2026-06-18T10:56:41Z,0.0
RG20 0AY,SEPD,PSI,1,251831,17,2026-06-16T12:32:38Z,2026-06-16T12:32:38Z,0.0
RG20 0BH,SEPD,PSI,1,251831,17,2026-06-16T12:32:38Z,2026-06-16T12:32:38Z,0.0
RG20 0BJ,SEPD,PSI,1,251831,17,2026-06-16T12:32:38Z,2026-06-16T12:32:38Z,0.0
RG20 0BN,SEPD,PSI,1,251831,17,2026-06-16T12:32:38Z,2026-06-16T12:32:38Z,0.0
RG20 0BP,SEPD,PSI,1,251976,34,2026-06-18T10:56:41Z,2026-06-18T10:56:41Z,0.0
RG20 0BS,SEPD,PSI,1,251976,34,2026-06-18T10:56:41Z,2026-06-18T10:56:41Z,0.0
RG20 0BU,SEPD,PSI,1,251831,17,2026-06-16T12:32:38Z,2026-06-16T12:32:38Z,0.0
RG20 0BW,SEPD,PSI,1,251976,34,2026-06-18T10:56:41Z,2026-06-18T10:56:41Z,0.0
RG20 7HZ,SEPD,LV,1,TK1762,20,2026-06-17T13:54:46Z,2026-06-17T13:54:46Z,0.0
RG20 7LA,SEPD,LV,1,TK1762,20,2026-06-17T13:54:46Z,2026-06-17T13:54:46Z,0.0
RG20 7LE,SEPD,LV,1,TK1762,20,2026-06-17T13:54:46Z,2026-06-17T13:54:46Z,0.0
RG20 7LF,SEPD,LV,1,TJ9708,18,2026-06-17T13:54:46Z,2026-06-17T13:54:46Z,0.0
RG20 7LG,SEPD,LV,1,TJ9708,18,2026-06-17T13:54:46Z,2026-06-17T13:54:46Z,0.0
RG20 7LH,SEPD,LV,1,TJ9708,18,2026-06-17T13:54:46Z,2026-06-17T13:54:46Z,0.0
RG20 7LJ,SEPD,LV,1,TJ9708,18,2026-06-17T13:54:46Z,2026-06-17T13:54:46Z,0.0
RG20 7LL,SEPD,LV,1,TJ9708,18,2026-06-17T13:54:46Z,2026-06-17T13:54:46Z,0.0
RG20 7LN,SEPD,LV,1,TJ9708,18,2026-06-17T13:54:46Z,2026-06-17T13:54:46Z,0.0
RG20 7LQ,SEPD,LV,1,TJ9708,18,2026-06-17T13:54:46Z,2026-06-17T13:54:46Z,0.0
RG20 7LR,SEPD,LV,1,TK1762,20,2026-06-17T13:54:46Z,2026-06-17T13:54:46Z,0.0
RG20 7LU,SEPD,LV,1,TK1762,20,2026-06-17T13:54:46Z,2026-06-17T13:54:46Z,0.0
RG20 7LW,SEPD,LV,1,TK1762,20,2026-06-17T13:54:46Z,2026-06-17T13:54:46Z,0.0
RG22 4DW,SEPD,LV,1,TK7887,9,2026-06-22T19:46:47Z,2026-06-22T19:46:47Z,0.0
RG22 4EH,SEPD,LV,1,TK7887,9,2026-06-22T19:46:47Z,2026-06-22T19:46:47Z,0.0
RG22 4LR,SEPD,LV,1,TK7887,9,2026-06-22T19:46:47Z,2026-06-22T19:46:47Z,0.0
RG22 5JF,SEPD,LV,1,TJ9653,15,2026-06-16T12:32:38Z,2026-06-16T12:32:38Z,0.0
RG22 5LB,SEPD,LV,1,TJ9653,15,2026-06-16T12:32:38Z,2026-06-16T12:32:38Z,0.0
RG22 5LF,SEPD,LV,1,TJ9653,15,2026-06-16T12:32:38Z,2026-06-16T12:32:38Z,0.0
RG22 5LR,SEPD,LV,1,TJ9653,15,2026-06-16T12:32:38Z,2026-06-16T12:32:38Z,0.0
RG22 5NA,SEPD,LV,1,TJ9653,15,2026-06-16T12:32:38Z,2026-06-16T12:32:38Z,0.0
RG23 7LR,SEPD,PSI,1,251877,83,2026-06-22T11:21:18Z,2026-06-22T11:21:18Z,0.0
RG24 8RW,SEPD,LV,1,TK3706,17,2026-06-19T10:03:19Z,2026-06-19T10:03:19Z,0.0
RG24 9LS,SEPD,PSI,1,252028,4,2026-06-22T16:07:52Z,2026-06-22T16:07:52Z,0.0
RG25 2LG,SEPD,PSI,1,251877,83,2026-06-22T11:21:18Z,2026-06-22T11:21:18Z,0.0
RG25 2LH,SEPD,PSI,1,251877,83,2026-06-22T11:21:18Z,2026-06-22T11:21:18Z,0.0
RG25 2LJ,SEPD,PSI,1,251877,83,2026-06-22T11:21:18Z,2026-06-22T11:21:18Z,0.0
RG25 2LQ,SEPD,PSI,1,251877,83,2026-06-22T11:21:18Z,2026-06-22T11:21:18Z,0.0
RG25 2LT,SEPD,PSI,1,251877,83,2026-06-22T11:21:18Z,2026-06-22T11:21:18Z,0.0
RG25 2LU,SEPD,PSI,1,251877,83,2026-06-22T11:21:18Z,2026-06-22T11:21:18Z,0.0
RG25 2NA,SEPD,PSI,1,251877,83,2026-06-22T11:21:18Z,2026-06-22T11:21:18Z,0.0
RG26 5ST,SEPD,PSI,1,251828,23,2026-06-18T10:56:41Z,2026-06-18T10:56:41Z,0.0
RG26 5SU,SEPD,PSI,1,251828,23,2026-06-18T10:56:41Z,2026-06-18T10:56:41Z,0.0
RG26 5SX,SEPD,PSI,1,251828,23,2026-06-18T10:56:41Z,2026-06-18T10:56:41Z,0.0
RG27 8HX,SEPD,PSI,1,251787,12,2026-06-18T10:56:41Z,2026-06-18T10:56:41Z,0.0
RG27 8HZ,SEPD,PSI,1,251787,12,2026-06-18T10:56:41Z,2026-06-18T10:56:41Z,0.0
RG27 9GR,SEPD,PSI,1,251787,12,2026-06-18T10:56:41Z,2026-06-18T10:56:41Z,0.0
RG30 2HJ,SEPD,LV,1,TJ6743,25,2026-06-18T10:56:41Z,2026-06-18T10:56:41Z,0.0
RG30 2HL,SEPD,LV,1,TJ6743,25,2026-06-18T10:56:41Z,2026-06-18T10:56:41Z,0.0
RG30 2HN,SEPD,LV,1,TJ6743,25,2026-06-18T10:56:41Z,2026-06-18T10:56:41Z,0.0
RG30 2LY,SEPD,LV,1,TK6916,51,2026-06-22T00:19:27Z,2026-06-22T00:19:27Z,0.0
RG30 2NE,SEPD,LV,1,TK6916,51,2026-06-22T00:19:27Z,2026-06-22T00:19:27Z,0.0
RG30 2PX,SEPD,LV,1,TK6916,51,2026-06-22T00:19:27Z,2026-06-22T00:19:27Z,0.0
RG30 2PY,SEPD,LV,1,TK6916,51,2026-06-22T00:19:27Z,2026-06-22T00:19:27Z,0.0
RG30 2QA,SEPD,LV,1,TK6916,51,2026-06-22T00:19:27Z,2026-06-22T00:19:27Z,0.0
RG30 2QB,SEPD,LV,1,TK6916,51,2026-06-22T00:19:27Z,2026-06-22T00:19:27Z,0.0
RG30 2RR,SEPD,LV,1,TK6916,51,2026-06-22T00:19:27Z,2026-06-22T00:19:27Z,0.0
RG30 2RW,SEPD,LV,1,TK6916,51,2026-06-22T00:19:27Z,2026-06-22T00:19:27Z,0.0
RG30 2RX,SEPD,LV,1,TK6916,51,2026-06-22T00:19:27Z,2026-06-22T00:19:27Z,0.0
RG30 2SJ,SEPD,LV,1,TK6916,51,2026-06-22T00:19:27Z,2026-06-22T00:19:27Z,0.0
RG30 3ED,SEPD,PSI,1,251306,114,2026-06-16T12:32:38Z,2026-06-16T12:32:38Z,0.0
RG30 3JH,SEPD,PSI,1,251306,114,2026-06-16T12:32:38Z,2026-06-16T12:32:38Z,0.0
RG30 3RB,SEPD,PSI,1,251306,114,2026-06-16T12:32:38Z,2026-06-16T12:32:38Z,0.0
RG30 3RD,SEPD,PSI,1,251306,114,2026-06-16T12:32:38Z,2026-06-16T12:32:38Z,0.0
RG30 3RE,SEPD,PSI,1,251306,114,2026-06-16T12:32:38Z,2026-06-16T12:32:38Z,0.0
RG30 3SS,SEPD,PSI,1,251306,114,2026-06-16T12:32:38Z,2026-06-16T12:32:38Z,0.0
RG30 3ST,SEPD,PSI,1,251306,114,2026-06-16T12:32:38Z,2026-06-16T12:32:38Z,0.0
RG30 3SU,SEPD,PSI,1,251306,114,2026-06-16T12:32:38Z,2026-06-16T12:32:38Z,0.0
RG30 3UN,SEPD,PSI,1,251306,114,2026-06-16T12:32:38Z,2026-06-16T12:32:38Z,0.0
RG30 3UW,SEPD,PSI,1,251306,114,2026-06-16T12:32:38Z,2026-06-16T12:32:38Z,0.0
RG30 3XD,SEPD,PSI,1,251306,114,2026-06-16T12:32:38Z,2026-06-16T12:32:38Z,0.0
RG30 3XH,SEPD,PSI,1,251306,114,2026-06-16T12:32:38Z,2026-06-16T12:32:38Z,0.0
RG30 3XJ,SEPD,PSI,1,251306,114,2026-06-16T12:32:38Z,2026-06-16T12:32:38Z,0.0
RG30 3XL,SEPD,PSI,1,251306,114,2026-06-16T12:32:38Z,2026-06-16T12:32:38Z,0.0
RG30 3XN,SEPD,PSI,1,251306,114,2026-06-16T12:32:38Z,2026-06-16T12:32:38Z,0.0
RG30 3XP,SEPD,PSI,1,251306,114,2026-06-16T12:32:38Z,2026-06-16T12:32:38Z,0.0
RG30 3XT,SEPD,PSI,1,251306,114,2026-06-16T12:32:38Z,2026-06-16T12:32:38Z,0.0
RG30 4AD,SEPD,LV,1,TK4300,24,2026-06-19T16:25:07Z,2026-06-19T16:25:07Z,0.0
RG30 4AR,SEPD,LV,1,TK4300,24,2026-06-19T16:25:07Z,2026-06-19T16:25:07Z,0.0
RG30 4AS,SEPD,LV,1,TK4300,24,2026-06-19T16:25:07Z,2026-06-19T16:25:07Z,0.0
RG30 4AU,SEPD,LV,1,TK4300,24,2026-06-19T16:25:07Z,2026-06-19T16:25:07Z,0.0
RG30 4EF,SEPD,LV,1,TK4300,24,2026-06-19T16:25:07Z,2026-06-19T16:25:07Z,0.0
RG30 4EU,SEPD,LV,1,TJ6743,25,2026-06-18T10:56:41Z,2026-06-18T10:56:41Z,0.0
RG30 4JE,SEPD,LV,1,TJ6743,25,2026-06-18T10:56:41Z,2026-06-18T10:56:41Z,0.0
RG30 4JF,SEPD,LV,1,TJ6743,25,2026-06-18T10:56:41Z,2026-06-18T10:56:41Z,0.0
RG30 4JG,SEPD,LV,1,TJ6743,25,2026-06-18T10:56:41Z,2026-06-18T10:56:41Z,0.0
RG30 4JH,SEPD,LV,1,TJ6743,25,2026-06-18T10:56:41Z,2026-06-18T10:56:41Z,0.0
RG30 4JJ,SEPD,LV,1,TJ6743,25,2026-06-18T10:56:41Z,2026-06-18T10:56:41Z,0.0
RG30 4JP,SEPD,LV,1,TJ6743,25,2026-06-18T10:56:41Z,2026-06-18T10:56:41Z,0.0
RG30 4JR,SEPD,LV,1,TJ6743,25,2026-06-18T10:56:41Z,2026-06-18T10:56:41Z,0.0
RG30 4PQ,SEPD,LV,1,TK4300,24,2026-06-19T16:25:07Z,2026-06-19T16:25:07Z,0.0
RG30 4QR,SEPD,LV,1,TJ6743,25,2026-06-18T10:56:41Z,2026-06-18T10:56:41Z,0.0
RG30 4QW,SEPD,LV,1,TJ6743,25,2026-06-18T10:56:41Z,2026-06-18T10:56:41Z,0.0
RG31 7RN,SEPD,LV,1,TJ6743,25,2026-06-18T10:56:41Z,2026-06-18T10:56:41Z,0.0
RG31 7RY,SEPD,LV,1,TJ6743,25,2026-06-18T10:56:41Z,2026-06-18T10:56:41Z,0.0
RG4 6PB,SEPD,LV,1,TK3550,10,2026-06-19T00:07:41Z,2026-06-19T00:07:41Z,0.0
RG4 6QD,SEPD,LV,1,TK3550,10,2026-06-19T00:07:41Z,2026-06-19T00:07:41Z,0.0
RG4 6QG,SEPD,LV,1,TK3550,10,2026-06-19T00:07:41Z,2026-06-19T00:07:41Z,0.0
RG4 6QH,SEPD,LV,1,TK3550,10,2026-06-19T00:07:41Z,2026-06-19T00:07:41Z,0.0
RG4 6QJ,SEPD,LV,1,TK3550,10,2026-06-19T00:07:41Z,2026-06-19T00:07:41Z,0.0
RG41 3PQ,SEPD,LV,1,TK6577,14,2026-06-21T18:50:32Z,2026-06-21T18:50:32Z,0.0
RG41 3UF,SEPD,LV,1,TK6577,14,2026-06-21T18:50:32Z,2026-06-21T18:50:32Z,0.0
RG41 3UH,SEPD,LV,1,TK6577,14,2026-06-21T18:50:32Z,2026-06-21T18:50:32Z,0.0
RG41 3UJ,SEPD,LV,1,TK6577,14,2026-06-21T18:50:32Z,2026-06-21T18:50:32Z,0.0
RG41 3UW,SEPD,LV,1,TK6577,14,2026-06-21T18:50:32Z,2026-06-21T18:50:32Z,0.0
RG5 3AP,SEPD,LV,1,TK4839,43,2026-06-19T21:33:41Z,2026-06-19T21:33:41Z,0.0
RG5 3BA,SEPD,LV,1,TK4839,43,2026-06-19T21:33:41Z,2026-06-19T21:33:41Z,0.0
RG5 3BH,SEPD,LV,1,TK4839,43,2026-06-19T21:33:41Z,2026-06-19T21:33:41Z,0.0
RG5 3BJ,SEPD,LV,1,TK4839,43,2026-06-19T21:33:41Z,2026-06-19T21:33:41Z,0.0
RG5 3BL,SEPD,LV,1,TK4839,43,2026-06-19T21:33:41Z,2026-06-19T21:33:41Z,0.0
RG5 3BP,SEPD,LV,1,TK4839,43,2026-06-19T21:33:41Z,2026-06-19T21:33:41Z,0.0
RG5 3BQ,SEPD,LV,1,TK4839,43,2026-06-19T21:33:41Z,2026-06-19T21:33:41Z,0.0
RG5 3BU,SEPD,LV,1,TK4839,43,2026-06-19T21:33:41Z,2026-06-19T21:33:41Z,0.0
RG7 4PT,SEPD,PSI,1,251844,66,2026-06-22T11:21:18Z,2026-06-22T11:21:18Z,0.0
RG7 4RH,SEPD,PSI,1,251844,66,2026-06-22T11:21:18Z,2026-06-22T11:21:18Z,0.0
RG7 4RJ,SEPD,PSI,1,251844,66,2026-06-22T11:21:18Z,2026-06-22T11:21:18Z,0.0
RG7 4ST,SEPD,PSI,1,251844,66,2026-06-22T11:21:18Z,2026-06-22T11:21:18Z,0.0
RG7 4SX,SEPD,PSI,1,251844,66,2026-06-22T11:21:18Z,2026-06-22T11:21:18Z,0.0
RG7 4SY,SEPD,PSI,1,251844,66,2026-06-22T11:21:18Z,2026-06-22T11:21:18Z,0.0
RG7 4TA,SEPD,PSI,1,251844,66,2026-06-22T11:21:18Z,2026-06-22T11:21:18Z,0.0
RG7 4TD,SEPD,PSI,1,251844,66,2026-06-22T11:21:18Z,2026-06-22T11:21:18Z,0.0
RG7 4TE,SEPD,PSI,1,251844,66,2026-06-22T11:21:18Z,2026-06-22T11:21:18Z,0.0
RG7 4TH,SEPD,PSI,1,251844,66,2026-06-22T11:21:18Z,2026-06-22T11:21:18Z,0.0
RG7 5UA,SEPD,PSI,1,252204,96,2026-06-17T10:02:27Z,2026-06-17T10:02:27Z,0.0
RG7 5UG,SEPD,PSI,1,252204,96,2026-06-17T10:02:27Z,2026-06-17T10:02:27Z,0.0
RG7 5UH,SEPD,PSI,1,252204,96,2026-06-17T10:02:27Z,2026-06-17T10:02:27Z,0.0
RG7 5UJ,SEPD,PSI,1,252204,96,2026-06-17T10:02:27Z,2026-06-17T10:02:27Z,0.0
RG7 5UL,SEPD,PSI,1,252204,96,2026-06-17T10:02:27Z,2026-06-17T10:02:27Z,0.0
RG7 5UN,SEPD,PSI,1,252204,96,2026-06-17T10:02:27Z,2026-06-17T10:02:27Z,0.0
RG7 5UP,SEPD,PSI,1,252204,96,2026-06-17T10:02:27Z,2026-06-17T10:02:27Z,0.0
RG7 5UQ,SEPD,PSI,1,252204,96,2026-06-17T10:02:27Z,2026-06-17T10:02:27Z,0.0
RG7 5UR,SEPD,PSI,1,252204,96,2026-06-17T10:02:27Z,2026-06-17T10:02:27Z,0.0
RG7 5UW,SEPD,PSI,1,252204,96,2026-06-17T10:02:27Z,2026-06-17T10:02:27Z,0.0
RG7 5UX,SEPD,PSI,1,252204,96,2026-06-17T10:02:27Z,2026-06-17T10:02:27Z,0.0
RG7 5XB,SEPD,PSI,1,252204,96,2026-06-17T10:02:27Z,2026-06-17T10:02:27Z,0.0
RG8 7JQ,SEPD,LV,1,TK2056,10,2026-06-17T19:33:14Z,2026-06-17T19:33:14Z,0.0
RG8 7LP,SEPD,LV,1,TK2056,10,2026-06-17T19:33:14Z,2026-06-17T19:33:14Z,0.0
RG8 7LY,SEPD,LV,1,TK2056,10,2026-06-17T19:33:14Z,2026-06-17T19:33:14Z,0.0
RG8 7QD,SEPD,PSI,1,251824,3,2026-06-16T12:32:38Z,2026-06-16T12:32:38Z,0.0
RG9 3HP,SEPD,PSI,1,252289,11,2026-06-22T11:21:18Z,2026-06-22T11:21:18Z,0.0
RG9 5SL,SEPD,LV,1,TK7982,5,2026-06-22T21:52:49Z,2026-06-22T21:52:49Z,0.0
RG9 5SS,SEPD,LV,1,TK7982,5,2026-06-22T21:52:49Z,2026-06-22T21:52:49Z,0.0
RG9 5ST,SEPD,LV,1,TK7982,5,2026-06-22T21:52:49Z,2026-06-22T21:52:49Z,0.0
RG9 5SY,SEPD,LV,1,TK7982,5,2026-06-22T21:52:49Z,2026-06-22T21:52:49Z,0.0
RH20 1ER,SEPD,PSI,1,250961,15,2026-06-16T12:32:38Z,2026-06-16T12:32:38Z,0.0
RH20 1EW,SEPD,PSI,1,250961,15,2026-06-16T12:32:38Z,2026-06-16T12:32:38Z,0.0
SL0 9LL,SEPD,HV,1,TK3721,26,2026-06-19T10:03:19Z,2026-06-19T10:03:19Z,0.0
SL1 2BA,SEPD,LV,1,TK4512,6,2026-06-19T16:25:07Z,2026-06-19T16:25:07Z,0.0
SL1 2TY,SEPD,LV,1,TK5830,18,2026-06-20T21:39:37Z,2026-06-20T21:39:37Z,0.0
SL1 2TZ,SEPD,LV,1,TK5830,18,2026-06-20T21:39:37Z,2026-06-20T21:39:37Z,0.0
SL1 2UA,SEPD,LV,1,TK5830,18,2026-06-20T21:39:37Z,2026-06-20T21:39:37Z,0.0
SL1 2YA,SEPD,LV,1,TK5830,18,2026-06-20T21:39:37Z,2026-06-20T21:39:37Z,0.0
SL1 2YG,SEPD,LV,1,TK2305,9,2026-06-18T01:40:26Z,2026-06-18T01:40:26Z,0.0
SL3 0LL,SEPD,HV,1,TK4755,288,2026-06-20T11:52:35Z,2026-06-20T11:52:35Z,0.0
SL3 0LN,SEPD,HV,1,TK4755,288,2026-06-20T11:52:35Z,2026-06-20T11:52:35Z,0.0
SL3 0LP,SEPD,HV,1,TK4755,288,2026-06-20T11:52:35Z,2026-06-20T11:52:35Z,0.0
SL3 0LQ,SEPD,HV,1,TK4755,288,2026-06-20T11:52:35Z,2026-06-20T11:52:35Z,0.0
SL3 0LR,SEPD,HV,1,TK4755,288,2026-06-20T11:52:35Z,2026-06-20T11:52:35Z,0.0
SL3 0LW,SEPD,HV,1,TK4755,288,2026-06-20T11:52:35Z,2026-06-20T11:52:35Z,0.0
SL3 0NL,SEPD,HV,1,TK4755,288,2026-06-20T11:52:35Z,2026-06-20T11:52:35Z,0.0
SL3 9NT,SEPD,HV,1,TK4755,288,2026-06-20T11:52:35Z,2026-06-20T11:52:35Z,0.0
SL5 9TB,SEPD,LV,1,TK2136,12,2026-06-17T21:31:48Z,2026-06-17T21:31:48Z,0.0
SL5 9TD,SEPD,LV,1,TK2136,12,2026-06-17T21:31:48Z,2026-06-17T21:31:48Z,0.0
SL8 5DH,SEPD,LV,1,TK4167,17,2026-06-19T13:47:21Z,2026-06-19T13:47:21Z,0.0
SL8 5DJ,SEPD,LV,1,TK4167,17,2026-06-19T13:47:21Z,2026-06-19T13:47:21Z,0.0
SL8 5DL,SEPD,LV,1,TK4167,17,2026-06-19T13:47:21Z,2026-06-19T13:47:21Z,0.0
SL8 5QA,SEPD,LV,1,TK4167,17,2026-06-19T13:47:21Z,2026-06-19T13:47:21Z,0.0
SL8 5QF,SEPD,LV,1,TK4167,17,2026-06-19T13:47:21Z,2026-06-19T13:47:21Z,0.0
SL8 5QG,SEPD,LV,1,TK4167,17,2026-06-19T13:47:21Z,2026-06-19T13:47:21Z,0.0
SL8 5RW,SEPD,LV,1,TK4167,17,2026-06-19T13:47:21Z,2026-06-19T13:47:21Z,0.0
SN1 3BH,SEPD,LV,1,TK3125,29,2026-06-18T14:16:29Z,2026-06-18T14:16:29Z,0.0
SN1 3BU,SEPD,LV,1,TK3125,29,2026-06-18T14:16:29Z,2026-06-18T14:16:29Z,0.0
SN1 3DB,SEPD,LV,1,TK3125,29,2026-06-18T14:16:29Z,2026-06-18T14:16:29Z,0.0
SN1 3ET,SEPD,LV,1,TK3125,29,2026-06-18T14:16:29Z,2026-06-18T14:16:29Z,0.0
SN1 3LE,SEPD,LV,1,TK3125,29,2026-06-18T14:16:29Z,2026-06-18T14:16:29Z,0.0
SN1 3LH,SEPD,LV,1,TK3125,29,2026-06-18T14:16:29Z,2026-06-18T14:16:29Z,0.0
SN1 3LJ,SEPD,LV,1,TK3125,29,2026-06-18T14:16:29Z,2026-06-18T14:16:29Z,0.0
SN10 1RT,SEPD,PSI,1,251778,81,2026-06-18T10:56:41Z,2026-06-18T10:56:41Z,0.0
SN10 1RU,SEPD,PSI,1,251778,81,2026-06-18T10:56:41Z,2026-06-18T10:56:41Z,0.0
SN10 1RX,SEPD,PSI,1,251778,81,2026-06-18T10:56:41Z,2026-06-18T10:56:41Z,0.0
SN10 1RY,SEPD,PSI,1,251778,81,2026-06-18T10:56:41Z,2026-06-18T10:56:41Z,0.0
SN10 1RZ,SEPD,PSI,1,251778,81,2026-06-18T10:56:41Z,2026-06-18T10:56:41Z,0.0
SN10 1SA,SEPD,PSI,1,251778,81,2026-06-18T10:56:41Z,2026-06-18T10:56:41Z,0.0
SN10 1SB,SEPD,PSI,1,251778,81,2026-06-18T10:56:41Z,2026-06-18T10:56:41Z,0.0
SN10 1SD,SEPD,PSI,1,251778,81,2026-06-18T10:56:41Z,2026-06-18T10:56:41Z,0.0
SN11 0AT,SEPD,LV,1,TK4044,41,2026-06-19T10:03:19Z,2026-06-19T10:03:19Z,0.0
SN11 0LF,SEPD,LV,1,TK4044,41,2026-06-19T10:03:19Z,2026-06-19T10:03:19Z,0.0
SN11 0QX,SEPD,LV,1,TK4044,41,2026-06-19T10:03:19Z,2026-06-19T10:03:19Z,0.0
SN11 8DA,SEPD,LV,1,TK4044,41,2026-06-19T10:03:19Z,2026-06-19T10:03:19Z,0.0
SN11 8JA,SEPD,PSI,1,252587,67,2026-06-19T10:03:19Z,2026-06-19T10:03:19Z,0.0
SN11 8JL,SEPD,LV,1,TK4044,41,2026-06-19T10:03:19Z,2026-06-19T10:03:19Z,0.0
SN11 8JP,SEPD,LV,1,TK4044,41,2026-06-19T10:03:19Z,2026-06-19T10:03:19Z,0.0
SN11 8JR,SEPD,LV,1,TK4044,41,2026-06-19T10:03:19Z,2026-06-19T10:03:19Z,0.0
SN11 8JS,SEPD,LV,1,TK4044,41,2026-06-19T10:03:19Z,2026-06-19T10:03:19Z,0.0
SN11 8JT,SEPD,LV,1,TK4044,41,2026-06-19T10:03:19Z,2026-06-19T10:03:19Z,0.0
SN11 8JU,SEPD,LV,1,TK4044,41,2026-06-19T10:03:19Z,2026-06-19T10:03:19Z,0.0
SN11 8JX,SEPD,LV,1,TK4044,41,2026-06-19T10:03:19Z,2026-06-19T10:03:19Z,0.0
SN11 8JY,SEPD,LV,1,TK4044,41,2026-06-19T10:03:19Z,2026-06-19T10:03:19Z,0.0
SN11 8PR,SEPD,PSI,1,252587,67,2026-06-19T10:03:19Z,2026-06-19T10:03:19Z,0.0
SN11 8RA,SEPD,LV,1,TK7526,3,2026-06-22T16:07:52Z,2026-06-22T16:07:52Z,0.0
SN11 8TX,SEPD,LV,1,TK4044,41,2026-06-19T10:03:19Z,2026-06-19T10:03:19Z,0.0
SN11 8UA,SEPD,LV,1,TK4044,41,2026-06-19T10:03:19Z,2026-06-19T10:03:19Z,0.0
SN11 8UQ,SEPD,PSI,1,252587,67,2026-06-19T10:03:19Z,2026-06-19T10:03:19Z,0.0
SN11 8XT,SEPD,LV,1,TK7526,3,2026-06-22T16:07:52Z,2026-06-22T16:07:52Z,0.0
SN12 7NP,SEPD,LV,1,TK5419,22,2026-06-20T09:52:43Z,2026-06-20T09:52:43Z,0.0
SN12 7NS,SEPD,LV,1,TK5419,22,2026-06-20T09:52:43Z,2026-06-20T09:52:43Z,0.0
SN12 7PE,SEPD,LV,1,TK5419,22,2026-06-20T09:52:43Z,2026-06-20T09:52:43Z,0.0
SN12 7PH,SEPD,LV,1,TK5419,22,2026-06-20T09:52:43Z,2026-06-20T09:52:43Z,0.0
SN12 7PW,SEPD,LV,1,TK5419,22,2026-06-20T09:52:43Z,2026-06-20T09:52:43Z,0.0
SN14 6BJ,SEPD,HV,1,TK8230,3,2026-06-22T21:52:49Z,2026-06-22T21:52:49Z,0.0
SN14 6DG,SEPD,HV,1,TK8230,3,2026-06-22T21:52:49Z,2026-06-22T21:52:49Z,0.0
SN14 6HE,SEPD,HV,1,TK8230,3,2026-06-22T21:52:49Z,2026-06-22T21:52:49Z,0.0
SN14 6JE,SEPD,HV,1,TK8230,3,2026-06-22T21:52:49Z,2026-06-22T21:52:49Z,0.0
SN14 6JF,SEPD,HV,1,TK8230,3,2026-06-22T21:52:49Z,2026-06-22T21:52:49Z,0.0
SN14 6JG,SEPD,HV,1,TK8230,3,2026-06-22T21:52:49Z,2026-06-22T21:52:49Z,0.0
SN14 6JH,SEPD,HV,1,TK8230,3,2026-06-22T21:52:49Z,2026-06-22T21:52:49Z,0.0
SN14 6JJ,SEPD,HV,1,TK8230,3,2026-06-22T21:52:49Z,2026-06-22T21:52:49Z,0.0
SN14 6JL,SEPD,HV,1,TK8230,3,2026-06-22T21:52:49Z,2026-06-22T21:52:49Z,0.0
SN14 6JN,SEPD,HV,1,TK8230,3,2026-06-22T21:52:49Z,2026-06-22T21:52:49Z,0.0
SN14 6JQ,SEPD,HV,1,TK8230,3,2026-06-22T21:52:49Z,2026-06-22T21:52:49Z,0.0
SN14 6JW,SEPD,HV,1,TK8230,3,2026-06-22T21:52:49Z,2026-06-22T21:52:49Z,0.0
SN14 6LD,SEPD,HV,1,TK8230,3,2026-06-22T21:52:49Z,2026-06-22T21:52:49Z,0.0
SN14 6LE,SEPD,HV,1,TK8230,3,2026-06-22T21:52:49Z,2026-06-22T21:52:49Z,0.0
SN14 6PU,SEPD,HV,1,TK8230,3,2026-06-22T21:52:49Z,2026-06-22T21:52:49Z,0.0
SN14 6QL,SEPD,HV,1,TK8230,3,2026-06-22T21:52:49Z,2026-06-22T21:52:49Z,0.0
SN14 6RF,SEPD,HV,1,TK8230,3,2026-06-22T21:52:49Z,2026-06-22T21:52:49Z,0.0
SN14 6RL,SEPD,HV,1,TK8230,3,2026-06-22T21:52:49Z,2026-06-22T21:52:49Z,0.0
SN14 7EX,SEPD,HV,1,TK8164,36,2026-06-22T19:46:47Z,2026-06-22T19:46:47Z,0.0
SN14 7HZ,SEPD,HV,1,TK8164,36,2026-06-22T19:46:47Z,2026-06-22T19:46:47Z,0.0
SN14 7JA,SEPD,HV,1,TK8164,36,2026-06-22T19:46:47Z,2026-06-22T19:46:47Z,0.0
SN14 7NA,SEPD,HV,1,TK8230,3,2026-06-22T21:52:49Z,2026-06-22T21:52:49Z,0.0
SN16 9DR,SEPD,HV,1,TK2284,71,2026-06-17T23:05:25Z,2026-06-17T23:05:25Z,0.0
SN16 9DW,SEPD,HV,1,TK2284,71,2026-06-17T23:05:25Z,2026-06-17T23:05:25Z,0.0
SN16 9DY,SEPD,HV,1,TK2284,71,2026-06-17T23:05:25Z,2026-06-17T23:05:25Z,0.0
SN16 9DZ,SEPD,HV,1,TK2284,71,2026-06-17T23:05:25Z,2026-06-17T23:05:25Z,0.0
SN16 9LH,SEPD,HV,1,TK2284,71,2026-06-17T23:05:25Z,2026-06-17T23:05:25Z,0.0
SN16 9LQ,SEPD,HV,1,TK2284,71,2026-06-17T23:05:25Z,2026-06-17T23:05:25Z,0.0
SN16 9NJ,SEPD,HV,1,TK2284,71,2026-06-17T23:05:25Z,2026-06-17T23:05:25Z,0.0
SN16 9NW,SEPD,HV,1,TK2284,71,2026-06-17T23:05:25Z,2026-06-17T23:05:25Z,0.0
SN26,SEPD,LV,1,TK8377,29,2026-06-22T21:52:49Z,2026-06-22T21:52:49Z,0.0
SN26 7AB,SEPD,LV,1,TK8377,29,2026-06-22T21:52:49Z,2026-06-22T21:52:49Z,0.0
SN26 7AG,SEPD,LV,1,TK8377,29,2026-06-22T21:52:49Z,2026-06-22T21:52:49Z,0.0
SN26 7AT,SEPD,LV,1,TK8377,29,2026-06-22T21:52:49Z,2026-06-22T21:52:49Z,0.0
SN26 7BJ,SEPD,PSI,1,252482,16,2026-06-17T10:02:27Z,2026-06-17T10:02:27Z,0.0
SN26 7EA,SEPD,LV,1,TK8377,29,2026-06-22T21:52:49Z,2026-06-22T21:52:49Z,0.0
SN26 8AA,SEPD,LV,1,TK8377,29,2026-06-22T21:52:49Z,2026-06-22T21:52:49Z,0.0
SN26 8AB,SEPD,LV,1,TK8377,29,2026-06-22T21:52:49Z,2026-06-22T21:52:49Z,0.0
SN26 8DF,SEPD,PSI,1,252482,16,2026-06-17T10:02:27Z,2026-06-17T10:02:27Z,0.0
SN26 8DJ,SEPD,LV,1,TK8377,29,2026-06-22T21:52:49Z,2026-06-22T21:52:49Z,0.0
SN26 8DN,SEPD,LV,1,TK8377,29,2026-06-22T21:52:49Z,2026-06-22T21:52:49Z,0.0
SN3 4JZ,SEPD,LV,1,TJ9464,43,2026-06-16T12:32:38Z,2026-06-16T12:32:38Z,0.0
SN3 4LT,SEPD,LV,1,TJ9464,43,2026-06-16T12:32:38Z,2026-06-16T12:32:38Z,0.0
SN3 4LU,SEPD,LV,1,TJ9464,43,2026-06-16T12:32:38Z,2026-06-16T12:32:38Z,0.0
SN3 4LW,SEPD,LV,1,TJ9464,43,2026-06-16T12:32:38Z,2026-06-16T12:32:38Z,0.0
SN3 4LX,SEPD,LV,1,TJ9464,43,2026-06-16T12:32:38Z,2026-06-16T12:32:38Z,0.0
SN3 4LY,SEPD,LV,1,TJ9464,43,2026-06-16T12:32:38Z,2026-06-16T12:32:38Z,0.0
SN3 4LZ,SEPD,LV,1,TJ9464,43,2026-06-16T12:32:38Z,2026-06-16T12:32:38Z,0.0
SN3 4NP,SEPD,LV,1,TJ9464,43,2026-06-16T12:32:38Z,2026-06-16T12:32:38Z,0.0
SN3 5DP,SEPD,LV,1,TK4946,27,2026-06-20T01:56:34Z,2026-06-20T01:56:34Z,0.0
SN3 5DU,SEPD,LV,1,TK4946,27,2026-06-20T01:56:34Z,2026-06-20T01:56:34Z,0.0
SN3 5DX,SEPD,LV,1,TK4946,27,2026-06-20T01:56:34Z,2026-06-20T01:56:34Z,0.0
SN3 5DZ,SEPD,LV,1,TK4946,27,2026-06-20T01:56:34Z,2026-06-20T01:56:34Z,0.0
SN3 5EA,SEPD,LV,1,TK4946,27,2026-06-20T01:56:34Z,2026-06-20T01:56:34Z,0.0
SN3 5EU,SEPD,LV,1,TK4946,27,2026-06-20T01:56:34Z,2026-06-20T01:56:34Z,0.0
SN4 0AN,SEPD,LV,1,TK3609,15,2026-06-19T00:07:41Z,2026-06-19T00:07:41Z,0.0
SN4 0AW,SEPD,LV,1,TK3609,15,2026-06-19T00:07:41Z,2026-06-19T00:07:41Z,0.0
SN4 0AZ,SEPD,LV,1,TK3609,15,2026-06-19T00:07:41Z,2026-06-19T00:07:41Z,0.0
SN4 0BH,SEPD,LV,1,TK3609,15,2026-06-19T00:07:41Z,2026-06-19T00:07:41Z,0.0
SN4 0BJ,SEPD,LV,1,TK3609,15,2026-06-19T00:07:41Z,2026-06-19T00:07:41Z,0.0
SN4 0BL,SEPD,LV,1,TK3609,15,2026-06-19T00:07:41Z,2026-06-19T00:07:41Z,0.0
SN4 0BN,SEPD,LV,1,TK3609,15,2026-06-19T00:07:41Z,2026-06-19T00:07:41Z,0.0
SN4 0BW,SEPD,LV,1,TK3609,15,2026-06-19T00:07:41Z,2026-06-19T00:07:41Z,0.0
SN4 9QP,SEPD,HV,1,TK8241,2780,2026-06-22T19:46:47Z,2026-06-22T19:46:47Z,0.0
SN5 6EG,SEPD,LV,1,TK7713,35,2026-06-22T23:14:55Z,2026-06-22T23:14:55Z,0.0
SN5 6EH,SEPD,LV,1,TK7713,35,2026-06-22T23:14:55Z,2026-06-22T23:14:55Z,0.0
SN5 6EN,SEPD,LV,1,TK7713,35,2026-06-22T23:14:55Z,2026-06-22T23:14:55Z,0.0
SN5 6EP,SEPD,LV,1,TK7713,35,2026-06-22T23:14:55Z,2026-06-22T23:14:55Z,0.0
SN5 6ER,SEPD,LV,1,TK7713,35,2026-06-22T23:14:55Z,2026-06-22T23:14:55Z,0.0
SN5 6ES,SEPD,LV,1,TK7713,35,2026-06-22T23:14:55Z,2026-06-22T23:14:55Z,0.0
SN5 6EW,SEPD,LV,1,TK7713,35,2026-06-22T23:14:55Z,2026-06-22T23:14:55Z,0.0
SN5 6HD,SEPD,LV,1,TK8547,26,2026-06-22T21:52:49Z,2026-06-22T21:52:49Z,0.0
SN5 6HE,SEPD,LV,1,TK8547,26,2026-06-22T21:52:49Z,2026-06-22T21:52:49Z,0.0
SN5 6HJ,SEPD,LV,1,TK7713,35,2026-06-22T23:14:55Z,2026-06-22T23:14:55Z,0.0
SN5 6HL,SEPD,LV,1,TK7713,35,2026-06-22T23:14:55Z,2026-06-22T23:14:55Z,0.0
SN5 6JA,SEPD,LV,1,TK8547,26,2026-06-22T21:52:49Z,2026-06-22T21:52:49Z,0.0
SN5 6JB,SEPD,LV,1,TK8547,26,2026-06-22T21:52:49Z,2026-06-22T21:52:49Z,0.0
SN5 6JG,SEPD,LV,1,TK8547,26,2026-06-22T21:52:49Z,2026-06-22T21:52:49Z,0.0
SN5 6JH,SEPD,LV,1,TK8547,26,2026-06-22T21:52:49Z,2026-06-22T21:52:49Z,0.0
SN5 6JQ,SEPD,LV,1,TK8547,26,2026-06-22T21:52:49Z,2026-06-22T21:52:49Z,0.0
SN5 7EH,SEPD,LV,1,TK8452,27,2026-06-22T21:52:49Z,2026-06-22T21:52:49Z,0.0
SN5 7EJ,SEPD,LV,1,TK8452,27,2026-06-22T21:52:49Z,2026-06-22T21:52:49Z,0.0
SN5 7EL,SEPD,LV,1,TK8452,27,2026-06-22T21:52:49Z,2026-06-22T21:52:49Z,0.0
SN5 7EQ,SEPD,LV,1,TK8452,27,2026-06-22T21:52:49Z,2026-06-22T21:52:49Z,0.0
SN7 7EX,SEPD,LV,1,TK8341,9,2026-06-22T19:46:47Z,2026-06-22T19:46:47Z,0.0
SN8 3FF,SEPD,HV,1,TK2664,376,2026-06-18T10:56:41Z,2026-06-18T10:56:41Z,0.0
SN8 3FY,SEPD,HV,1,TK2664,376,2026-06-18T10:56:41Z,2026-06-18T10:56:41Z,0.0
SN8 3JA,SEPD,HV,1,TK2664,376,2026-06-18T10:56:41Z,2026-06-18T10:56:41Z,0.0
SN8 3PS,SEPD,HV,1,TK2664,376,2026-06-18T10:56:41Z,2026-06-18T10:56:41Z,0.0
SN8 3PT,SEPD,HV,1,TK2664,376,2026-06-18T10:56:41Z,2026-06-18T10:56:41Z,0.0
SN8 3PU,SEPD,HV,1,TK2664,376,2026-06-18T10:56:41Z,2026-06-18T10:56:41Z,0.0
SN8 3PX,SEPD,HV,1,TK2664,376,2026-06-18T10:56:41Z,2026-06-18T10:56:41Z,0.0
SN8 3PY,SEPD,HV,1,TK2664,376,2026-06-18T10:56:41Z,2026-06-18T10:56:41Z,0.0
SN8 3PZ,SEPD,HV,1,TK2664,376,2026-06-18T10:56:41Z,2026-06-18T10:56:41Z,0.0
SN8 3QA,SEPD,HV,1,TK2664,376,2026-06-18T10:56:41Z,2026-06-18T10:56:41Z,0.0
SN8 3QB,SEPD,HV,1,TK2664,376,2026-06-18T10:56:41Z,2026-06-18T10:56:41Z,0.0
SN8 3QD,SEPD,HV,1,TK2664,376,2026-06-18T10:56:41Z,2026-06-18T10:56:41Z,0.0
SN8 3QE,SEPD,HV,1,TK2664,376,2026-06-18T10:56:41Z,2026-06-18T10:56:41Z,0.0
SN8 3QF,SEPD,HV,1,TK2664,376,2026-06-18T10:56:41Z,2026-06-18T10:56:41Z,0.0
SN8 3QG,SEPD,HV,1,TK2664,376,2026-06-18T10:56:41Z,2026-06-18T10:56:41Z,0.0
SN8 3QH,SEPD,HV,1,TK2664,376,2026-06-18T10:56:41Z,2026-06-18T10:56:41Z,0.0
SN8 3QJ,SEPD,HV,1,TK2664,376,2026-06-18T10:56:41Z,2026-06-18T10:56:41Z,0.0
SN8 3QL,SEPD,HV,1,TK2664,376,2026-06-18T10:56:41Z,2026-06-18T10:56:41Z,0.0
SN8 3QN,SEPD,HV,1,TK2664,376,2026-06-18T10:56:41Z,2026-06-18T10:56:41Z,0.0
SN8 3QP,SEPD,HV,1,TK2664,376,2026-06-18T10:56:41Z,2026-06-18T10:56:41Z,0.0
SN8 3QQ,SEPD,HV,1,TK2664,376,2026-06-18T10:56:41Z,2026-06-18T10:56:41Z,0.0
SN8 3QR,SEPD,HV,1,TK2664,376,2026-06-18T10:56:41Z,2026-06-18T10:56:41Z,0.0
SN8 3QS,SEPD,HV,1,TK2664,376,2026-06-18T10:56:41Z,2026-06-18T10:56:41Z,0.0
SN8 3QT,SEPD,HV,1,TK2664,376,2026-06-18T10:56:41Z,2026-06-18T10:56:41Z,0.0
SN8 3QU,SEPD,HV,1,TK2664,376,2026-06-18T10:56:41Z,2026-06-18T10:56:41Z,0.0
SN8 3QW,SEPD,HV,1,TK2664,376,2026-06-18T10:56:41Z,2026-06-18T10:56:41Z,0.0
SN8 3QX,SEPD,HV,1,TK2664,376,2026-06-18T10:56:41Z,2026-06-18T10:56:41Z,0.0
SN8 3QY,SEPD,HV,1,TK2664,376,2026-06-18T10:56:41Z,2026-06-18T10:56:41Z,0.0
SN8 3QZ,SEPD,HV,1,TK2664,376,2026-06-18T10:56:41Z,2026-06-18T10:56:41Z,0.0
SN8 3RA,SEPD,HV,1,TK2664,376,2026-06-18T10:56:41Z,2026-06-18T10:56:41Z,0.0
SN8 3RB,SEPD,HV,1,TK2664,376,2026-06-18T10:56:41Z,2026-06-18T10:56:41Z,0.0
SN8 3RD,SEPD,HV,1,TK2664,376,2026-06-18T10:56:41Z,2026-06-18T10:56:41Z,0.0
SN8 3RE,SEPD,HV,1,TK2664,376,2026-06-18T10:56:41Z,2026-06-18T10:56:41Z,0.0
SN8 3RF,SEPD,HV,1,TK2664,376,2026-06-18T10:56:41Z,2026-06-18T10:56:41Z,0.0
SN8 3RG,SEPD,HV,1,TK2664,376,2026-06-18T10:56:41Z,2026-06-18T10:56:41Z,0.0
SN8 3RH,SEPD,HV,1,TK2664,376,2026-06-18T10:56:41Z,2026-06-18T10:56:41Z,0.0
SN8 3RJ,SEPD,HV,1,TK2664,376,2026-06-18T10:56:41Z,2026-06-18T10:56:41Z,0.0
SN8 3RL,SEPD,HV,1,TK2664,376,2026-06-18T10:56:41Z,2026-06-18T10:56:41Z,0.0
SN8 3RN,SEPD,HV,1,TK2664,376,2026-06-18T10:56:41Z,2026-06-18T10:56:41Z,0.0
SN8 3RQ,SEPD,HV,1,TK2664,376,2026-06-18T10:56:41Z,2026-06-18T10:56:41Z,0.0
SN8 3RR,SEPD,HV,1,TK2664,376,2026-06-18T10:56:41Z,2026-06-18T10:56:41Z,0.0
SN8 3TH,SEPD,PSI,1,251938,45,2026-06-16T12:32:38Z,2026-06-16T12:32:38Z,0.0
SN8 3TJ,SEPD,PSI,1,251938,45,2026-06-16T12:32:38Z,2026-06-16T12:32:38Z,0.0
SN8 3TL,SEPD,PSI,1,251938,45,2026-06-16T12:32:38Z,2026-06-16T12:32:38Z,0.0
SN8 3TQ,SEPD,PSI,1,251938,45,2026-06-16T12:32:38Z,2026-06-16T12:32:38Z,0.0
SN8 3XA,SEPD,HV,1,TK2664,376,2026-06-18T10:56:41Z,2026-06-18T10:56:41Z,0.0
SN9 6DF,SEPD,PSI,1,251325,47,2026-06-22T11:21:18Z,2026-06-22T11:21:18Z,0.0
SN9 6DQ,SEPD,PSI,1,251325,47,2026-06-22T11:21:18Z,2026-06-22T11:21:18Z,0.0
SO14 0AH,SEPD,LV,1,TK0810,60,2026-06-17T00:01:43Z,2026-06-17T00:01:43Z,0.0
SO14 0AP,SEPD,LV,1,TK0810,60,2026-06-17T00:01:43Z,2026-06-17T00:01:43Z,0.0
SO14 0AQ,SEPD,LV,1,TK0810,60,2026-06-17T00:01:43Z,2026-06-17T00:01:43Z,0.0
SO14 0BH,SEPD,LV,1,TK0810,60,2026-06-17T00:01:43Z,2026-06-17T00:01:43Z,0.0
SO14 0BJ,SEPD,LV,1,TK0810,60,2026-06-17T00:01:43Z,2026-06-17T00:01:43Z,0.0
SO14 0BL,SEPD,LV,1,TK0810,60,2026-06-17T00:01:43Z,2026-06-17T00:01:43Z,0.0
SO14 0BN,SEPD,LV,1,TK0810,60,2026-06-17T00:01:43Z,2026-06-17T00:01:43Z,0.0
SO14 0BP,SEPD,LV,1,TK0810,60,2026-06-17T00:01:43Z,2026-06-17T00:01:43Z,0.0
SO15 2HL,SEPD,LV,1,TK1759,23,2026-06-17T13:54:46Z,2026-06-17T13:54:46Z,0.0
SO15 2HN,SEPD,LV,1,TK1759,23,2026-06-17T13:54:46Z,2026-06-17T13:54:46Z,0.0
SO15 2HQ,SEPD,LV,1,TK1759,23,2026-06-17T13:54:46Z,2026-06-17T13:54:46Z,0.0
SO15 2HR,SEPD,LV,1,TK1759,23,2026-06-17T13:54:46Z,2026-06-17T13:54:46Z,0.0
SO15 2HS,SEPD,LV,1,TK1759,23,2026-06-17T13:54:46Z,2026-06-17T13:54:46Z,0.0
SO15 5PJ,SEPD,LV,1,TK6815,13,2026-06-21T21:48:03Z,2026-06-21T21:48:03Z,0.0
SO15 5PN,SEPD,LV,1,TK6815,13,2026-06-21T21:48:03Z,2026-06-21T21:48:03Z,0.0
SO19 4ED,SEPD,LV,1,TK6830,8,2026-06-21T22:54:34Z,2026-06-21T22:54:34Z,0.0
SO19 7DE,SEPD,LV,1,TK5023,20,2026-06-20T09:52:43Z,2026-06-20T09:52:43Z,0.0
SO19 7DF,SEPD,LV,1,TK5023,20,2026-06-20T09:52:43Z,2026-06-20T09:52:43Z,0.0
SO19 7GA,SEPD,LV,1,TK5023,20,2026-06-20T09:52:43Z,2026-06-20T09:52:43Z,0.0
SO19 7RF,SEPD,LV,1,TK5023,20,2026-06-20T09:52:43Z,2026-06-20T09:52:43Z,0.0
SO22 6RY,SEPD,PSI,1,252552,21,2026-06-19T10:03:19Z,2026-06-19T10:03:19Z,0.0
SO22 6SB,SEPD,PSI,1,252552,21,2026-06-19T10:03:19Z,2026-06-19T10:03:19Z,0.0
SO23 0AD,SEPD,LV,1,TK2410,83,2026-06-18T06:28:43Z,2026-06-18T06:28:43Z,0.0
SO23 0AL,SEPD,LV,1,TK2410,83,2026-06-18T06:28:43Z,2026-06-18T06:28:43Z,0.0
SO23 0EJ,SEPD,LV,1,TK2410,83,2026-06-18T06:28:43Z,2026-06-18T06:28:43Z,0.0
SO23 0EL,SEPD,LV,1,TK2410,83,2026-06-18T06:28:43Z,2026-06-18T06:28:43Z,0.0
SO23 0EP,SEPD,LV,1,TK2410,83,2026-06-18T06:28:43Z,2026-06-18T06:28:43Z,0.0
SO23 0ER,SEPD,LV,1,TK2410,83,2026-06-18T06:28:43Z,2026-06-18T06:28:43Z,0.0
SO23 0EW,SEPD,LV,1,TK2410,83,2026-06-18T06:28:43Z,2026-06-18T06:28:43Z,0.0
SO23 0HF,SEPD,LV,1,TK2410,83,2026-06-18T06:28:43Z,2026-06-18T06:28:43Z,0.0
SO23 0HJ,SEPD,LV,1,TK2410,83,2026-06-18T06:28:43Z,2026-06-18T06:28:43Z,0.0
SO23 0HL,SEPD,LV,1,TK2410,83,2026-06-18T06:28:43Z,2026-06-18T06:28:43Z,0.0
SO23 0HN,SEPD,LV,1,TK2410,83,2026-06-18T06:28:43Z,2026-06-18T06:28:43Z,0.0
SO23 0HU,SEPD,LV,1,TK2410,83,2026-06-18T06:28:43Z,2026-06-18T06:28:43Z,0.0
SO23 0PL,SEPD,LV,1,TK2410,83,2026-06-18T06:28:43Z,2026-06-18T06:28:43Z,0.0
SO23 9AY,SEPD,LV,1,TK2410,83,2026-06-18T06:28:43Z,2026-06-18T06:28:43Z,0.0
SO23 9BG,SEPD,LV,1,TK2410,83,2026-06-18T06:28:43Z,2026-06-18T06:28:43Z,0.0
SO23 9BH,SEPD,LV,1,TK2410,83,2026-06-18T06:28:43Z,2026-06-18T06:28:43Z,0.0
SO23 9JX,SEPD,LV,1,TK2410,83,2026-06-18T06:28:43Z,2026-06-18T06:28:43Z,0.0
SO23 9LB,SEPD,LV,1,TK2410,83,2026-06-18T06:28:43Z,2026-06-18T06:28:43Z,0.0
SO23 9LG,SEPD,LV,1,TK2410,83,2026-06-18T06:28:43Z,2026-06-18T06:28:43Z,0.0
SO23 9LH,SEPD,LV,1,TK2410,83,2026-06-18T06:28:43Z,2026-06-18T06:28:43Z,0.0
SO23 9LN,SEPD,LV,1,TK2410,83,2026-06-18T06:28:43Z,2026-06-18T06:28:43Z,0.0
SO23 9LP,SEPD,LV,1,TK2410,83,2026-06-18T06:28:43Z,2026-06-18T06:28:43Z,0.0
SO23 9LR,SEPD,LV,1,TK2410,83,2026-06-18T06:28:43Z,2026-06-18T06:28:43Z,0.0
SO23 9NX,SEPD,LV,1,TK2410,83,2026-06-18T06:28:43Z,2026-06-18T06:28:43Z,0.0
SO40 4BD,SEPD,PSI,1,251702,2,2026-06-16T17:35:54Z,2026-06-16T17:35:54Z,0.0
SO40 7AZ,SEPD,HV,1,TK6546,118,2026-06-21T18:50:32Z,2026-06-21T18:50:32Z,0.0
SO40 7BD,SEPD,HV,1,TK6546,118,2026-06-21T18:50:32Z,2026-06-21T18:50:32Z,0.0
SO40 7BN,SEPD,HV,1,TK6546,118,2026-06-21T18:50:32Z,2026-06-21T18:50:32Z,0.0
SO40 7BP,SEPD,HV,1,TK6546,118,2026-06-21T18:50:32Z,2026-06-21T18:50:32Z,0.0
SO40 7BQ,SEPD,HV,1,TK6546,118,2026-06-21T18:50:32Z,2026-06-21T18:50:32Z,0.0
SO40 7BR,SEPD,HV,1,TK6546,118,2026-06-21T18:50:32Z,2026-06-21T18:50:32Z,0.0
SO40 7BS,SEPD,HV,1,TK6546,118,2026-06-21T18:50:32Z,2026-06-21T18:50:32Z,0.0
SO40 7BT,SEPD,HV,1,TK6546,118,2026-06-21T18:50:32Z,2026-06-21T18:50:32Z,0.0
SO40 7BW,SEPD,HV,1,TK6546,118,2026-06-21T18:50:32Z,2026-06-21T18:50:32Z,0.0
SO40 7FD,SEPD,HV,1,TK6546,118,2026-06-21T18:50:32Z,2026-06-21T18:50:32Z,0.0
SO40 7FE,SEPD,HV,1,TK6546,118,2026-06-21T18:50:32Z,2026-06-21T18:50:32Z,0.0
SO41 9FF,SEPD,LV,1,TK2721,28,2026-06-18T10:56:41Z,2026-06-18T10:56:41Z,0.0
SO41 9FG,SEPD,LV,1,TK2721,28,2026-06-18T10:56:41Z,2026-06-18T10:56:41Z,0.0
SO41 9FH,SEPD,LV,1,TK2721,28,2026-06-18T10:56:41Z,2026-06-18T10:56:41Z,0.0
SO41 9FJ,SEPD,LV,1,TK2721,28,2026-06-18T10:56:41Z,2026-06-18T10:56:41Z,0.0
SO42 7QL,SEPD,PSI,1,251544,7,2026-06-19T10:03:19Z,2026-06-19T10:03:19Z,0.0
SO42 7UE,SEPD,PSI,1,252176,19,2026-06-17T10:02:27Z,2026-06-17T10:02:27Z,0.0
SO42 7UL,SEPD,PSI,1,252176,19,2026-06-17T10:02:27Z,2026-06-17T10:02:27Z,0.0
SO42 7UN,SEPD,PSI,1,252176,19,2026-06-17T10:02:27Z,2026-06-17T10:02:27Z,0.0
SO42 7YL,SEPD,PSI,1,252254,3,2026-06-22T11:21:18Z,2026-06-22T11:21:18Z,0.0
SO45 1YB,SEPD,PSI,1,251734,20,2026-06-16T12:32:38Z,2026-06-16T12:32:38Z,0.0
SO45 1YD,SEPD,PSI,1,251734,20,2026-06-16T12:32:38Z,2026-06-16T12:32:38Z,0.0
SO50 6AA,SEPD,HV,1,TK3131,6,2026-06-18T14:16:29Z,2026-06-18T14:16:29Z,0.0
SO50 6AB,SEPD,HV,1,TK3131,6,2026-06-18T14:16:29Z,2026-06-18T14:16:29Z,0.0
SO50 6FJ,SEPD,HV,1,TK3131,6,2026-06-18T14:16:29Z,2026-06-18T14:16:29Z,0.0
SO52 9DX,SEPD,LV,1,TK2792,7,2026-06-18T14:16:29Z,2026-06-18T14:16:29Z,0.0
SO52 9DZ,SEPD,LV,1,TK2792,7,2026-06-18T14:16:29Z,2026-06-18T14:16:29Z,0.0
SO52 9FG,SEPD,LV,1,TK2792,7,2026-06-18T14:16:29Z,2026-06-18T14:16:29Z,0.0
SP11,SEPD,LV,1,TK5539,6,2026-06-20T13:46:19Z,2026-06-20T13:46:19Z,0.0
SP11 0LL,SEPD,HV,1,TK2664,376,2026-06-18T10:56:41Z,2026-06-18T10:56:41Z,0.0
SP11 0RT,SEPD,PSI,1,251555,76,2026-06-18T10:56:41Z,2026-06-18T10:56:41Z,0.0
SP11 0RU,SEPD,PSI,1,251555,76,2026-06-18T10:56:41Z,2026-06-18T10:56:41Z,0.0
SP11 0RX,SEPD,PSI,1,251555,76,2026-06-18T10:56:41Z,2026-06-18T10:56:41Z,0.0
SP11 0RY,SEPD,PSI,1,251555,76,2026-06-18T10:56:41Z,2026-06-18T10:56:41Z,0.0
SP11 0RZ,SEPD,PSI,1,251555,76,2026-06-18T10:56:41Z,2026-06-18T10:56:41Z,0.0
SP11 0SD,SEPD,PSI,1,251555,76,2026-06-18T10:56:41Z,2026-06-18T10:56:41Z,0.0
SP11 0SE,SEPD,PSI,1,251555,76,2026-06-18T10:56:41Z,2026-06-18T10:56:41Z,0.0
SP11 0SG,SEPD,PSI,1,251555,76,2026-06-18T10:56:41Z,2026-06-18T10:56:41Z,0.0
SP11 0SH,SEPD,PSI,1,251555,76,2026-06-18T10:56:41Z,2026-06-18T10:56:41Z,0.0
SP11 0SQ,SEPD,PSI,1,251555,76,2026-06-18T10:56:41Z,2026-06-18T10:56:41Z,0.0
SP11 9PQ,SEPD,LV,1,TK5539,6,2026-06-20T13:46:19Z,2026-06-20T13:46:19Z,0.0
SP2 7LR,SEPD,LV,1,TK7451,13,2026-06-22T19:46:47Z,2026-06-22T19:46:47Z,0.0
SP3 4SQ,SEPD,PSI,1,250753,28,2026-06-17T10:02:27Z,2026-06-17T10:02:27Z,0.0
SP3 5EN,SEPD,PSI,1,250753,28,2026-06-17T10:02:27Z,2026-06-17T10:02:27Z,0.0
SP3 5EQ,SEPD,PSI,1,250753,28,2026-06-17T10:02:27Z,2026-06-17T10:02:27Z,0.0
SP3 5HE,SEPD,PSI,1,250753,28,2026-06-17T10:02:27Z,2026-06-17T10:02:27Z,0.0
SP5 1DH,SEPD,LV,1,TK0759,11,2026-06-16T22:33:13Z,2026-06-16T22:33:13Z,0.0
SP5 1DL,SEPD,LV,1,TK0759,11,2026-06-16T22:33:13Z,2026-06-16T22:33:13Z,0.0
SP5 1DP,SEPD,LV,1,TK0759,11,2026-06-16T22:33:13Z,2026-06-16T22:33:13Z,0.0
SP5 1DQ,SEPD,LV,1,TK0759,11,2026-06-16T22:33:13Z,2026-06-16T22:33:13Z,0.0
SP5 1DR,SEPD,LV,1,TK0759,11,2026-06-16T22:33:13Z,2026-06-16T22:33:13Z,0.0
SP5 1ER,SEPD,LV,1,TK0759,11,2026-06-16T22:33:13Z,2026-06-16T22:33:13Z,0.0
SP5 1EU,SEPD,LV,1,TK0759,11,2026-06-16T22:33:13Z,2026-06-16T22:33:13Z,0.0
SP8 4EP,SEPD,PSI,1,252010,14,2026-06-22T11:21:18Z,2026-06-22T11:21:18Z,0.0
SP8 4HX,SEPD,PSI,1,252010,14,2026-06-22T11:21:18Z,2026-06-22T11:21:18Z,0.0
SP8 5FP,SEPD,PSI,1,252010,14,2026-06-22T11:21:18Z,2026-06-22T11:21:18Z,0.0
SP8 5QR,SEPD,PSI,1,252010,14,2026-06-22T11:21:18Z,2026-06-22T11:21:18Z,0.0
SP8 5QS,SEPD,PSI,1,252010,14,2026-06-22T11:21:18Z,2026-06-22T11:21:18Z,0.0
TW18 4PG,SEPD,LV,1,TK5983,2,2026-06-21T11:50:55Z,2026-06-21T11:50:55Z,0.0
TW18 4QB,SEPD,LV,1,TK5983,2,2026-06-21T11:50:55Z,2026-06-21T11:50:55Z,0.0
TW20 8AE,SEPD,LV,1,TK6923,32,2026-06-22T00:19:27Z,2026-06-22T00:19:27Z,0.0
TW20 8AG,SEPD,LV,1,TK6923,32,2026-06-22T00:19:27Z,2026-06-22T00:19:27Z,0.0
TW20 8AQ,SEPD,LV,1,TK6923,32,2026-06-22T00:19:27Z,2026-06-22T00:19:27Z,0.0
TW20 8AX,SEPD,LV,1,TK6923,32,2026-06-22T00:19:27Z,2026-06-22T00:19:27Z,0.0
TW20 8AY,SEPD,LV,1,TK6923,32,2026-06-22T00:19:27Z,2026-06-22T00:19:27Z,0.0
TW20 8ES,SEPD,LV,1,TK6923,32,2026-06-22T00:19:27Z,2026-06-22T00:19:27Z,0.0
TW20 8ET,SEPD,LV,1,TK6923,32,2026-06-22T00:19:27Z,2026-06-22T00:19:27Z,0.0
TW20 8EU,SEPD,LV,1,TK6923,32,2026-06-22T00:19:27Z,2026-06-22T00:19:27Z,0.0
TW4 5EJ,SEPD,LV,1,TK1867,16,2026-06-17T17:14:07Z,2026-06-17T17:14:07Z,0.0
TW4 5EL,SEPD,LV,1,TK1867,16,2026-06-17T17:14:07Z,2026-06-17T17:14:07Z,0.0
TW4 5EN,SEPD,LV,1,TK1867,16,2026-06-17T17:14:07Z,2026-06-17T17:14:07Z,0.0
UB3 5BD,SEPD,LV,1,TK5818,20,2026-06-20T20:08:15Z,2026-06-20T20:08:15Z,0.0
UB3 5BW,SEPD,LV,1,TK5818,20,2026-06-20T20:08:15Z,2026-06-20T20:08:15Z,0.0
UB3 5NE,SEPD,LV,1,TK5818,20,2026-06-20T20:08:15Z,2026-06-20T20:08:15Z,0.0
UB7 7BD,SEPD,LV,1,TK4511,7,2026-06-19T16:25:07Z,2026-06-19T16:25:07Z,0.0
UB7 7BE,SEPD,LV,1,TK4511,7,2026-06-19T16:25:07Z,2026-06-19T16:25:07Z,0.0
UB7 7BG,SEPD,LV,1,TK4511,7,2026-06-19T16:25:07Z,2026-06-19T16:25:07Z,0.0
UB7 7GH,SEPD,LV,1,TK7683,37,2026-06-22T19:46:47Z,2026-06-22T19:46:47Z,0.0
UB7 7RN,SEPD,LV,1,TK7683,37,2026-06-22T19:46:47Z,2026-06-22T19:46:47Z,0.0
UB7 7RS,SEPD,LV,1,TK7683,37,2026-06-22T19:46:47Z,2026-06-22T19:46:47Z,0.0
UB7 7RU,SEPD,LV,1,TK7683,37,2026-06-22T19:46:47Z,2026-06-22T19:46:47Z,0.0
UB7 7RW,SEPD,LV,1,TK7683,37,2026-06-22T19:46:47Z,2026-06-22T19:46:47Z,0.0
UB7 7TG,SEPD,LV,1,TK7683,37,2026-06-22T19:46:47Z,2026-06-22T19:46:47Z,0.0
UB7 7TR,SEPD,LV,1,TK7683,37,2026-06-22T19:46:47Z,2026-06-22T19:46:47Z,0.0
UB7 7TS,SEPD,LV,1,TK7683,37,2026-06-22T19:46:47Z,2026-06-22T19:46:47Z,0.0
UB7 7TT,SEPD,LV,1,TK7683,37,2026-06-22T19:46:47Z,2026-06-22T19:46:47Z,0.0
UB7 8ER,SEPD,LV,1,TK4131,33,2026-06-19T10:03:19Z,2026-06-19T10:03:19Z,0.0
UB7 8ET,SEPD,LV,1,TK4131,33,2026-06-19T10:03:19Z,2026-06-19T10:03:19Z,0.0
UB7 8EU,SEPD,LV,1,TK4131,33,2026-06-19T10:03:19Z,2026-06-19T10:03:19Z,0.0
UB7 8HG,SEPD,LV,1,TK4131,33,2026-06-19T10:03:19Z,2026-06-19T10:03:19Z,0.0
UB7 8HQ,SEPD,LV,1,TK4131,33,2026-06-19T10:03:19Z,2026-06-19T10:03:19Z,0.0
UB7 8HS,SEPD,LV,1,TK4131,33,2026-06-19T10:03:19Z,2026-06-19T10:03:19Z,0.0
UB8 2JH,SEPD,HV,1,TK3721,26,2026-06-19T10:03:19Z,2026-06-19T10:03:19Z,0.0
UB8 2JR,SEPD,HV,1,TK3721,26,2026-06-19T10:03:19Z,2026-06-19T10:03:19Z,0.0
UB8 2JS,SEPD,HV,1,TK3721,26,2026-06-19T10:03:19Z,2026-06-19T10:03:19Z,0.0
UB9 5GA,SEPD,LV,1,TK8575,55,2026-06-22T23:14:55Z,2026-06-22T23:14:55Z,0.0
UB9 5GB,SEPD,LV,1,TK8575,55,2026-06-22T23:14:55Z,2026-06-22T23:14:55Z,0.0
UB9 5GD,SEPD,LV,1,TK8575,55,2026-06-22T23:14:55Z,2026-06-22T23:14:55Z,0.0
UB9 5GE,SEPD,LV,1,TK8575,55,2026-06-22T23:14:55Z,2026-06-22T23:14:55Z,0.0
UB9 5GF,SEPD,LV,1,TK8575,55,2026-06-22T23:14:55Z,2026-06-22T23:14:55Z,0.0
UB9 5GG,SEPD,LV,1,TK8575,55,2026-06-22T23:14:55Z,2026-06-22T23:14:55Z,0.0
UB9 5GH,SEPD,LV,1,TK8575,55,2026-06-22T23:14:55Z,2026-06-22T23:14:55Z,0.0
UB9 5LB,SEPD,LV,1,TK8575,55,2026-06-22T23:14:55Z,2026-06-22T23:14:55Z,0.0
UB9 5LD,SEPD,LV,1,TK8575,55,2026-06-22T23:14:55Z,2026-06-22T23:14:55Z,0.0
UB9 5LG,SEPD,LV,1,TK8575,55,2026-06-22T23:14:55Z,2026-06-22T23:14:55Z,0.0
UB9 5LH,SEPD,LV,1,TK8575,55,2026-06-22T23:14:55Z,2026-06-22T23:14:55Z,0.0
UB9 5LJ,SEPD,LV,1,TK8575,55,2026-06-22T23:14:55Z,2026-06-22T23:14:55Z,0.0
UB9 5LW,SEPD,LV,1,TK8575,55,2026-06-22T23:14:55Z,2026-06-22T23:14:55Z,0.0
W13 9JZ,SEPD,LV,1,TK6618,32,2026-06-22T11:21:18Z,2026-06-22T11:21:18Z,0.0
W13 9LE,SEPD,LV,1,TK6618,32,2026-06-22T11:21:18Z,2026-06-22T11:21:18Z,0.0
W3 6YE,SEPD,LV,1,TK0959,12,2026-06-17T13:54:46Z,2026-06-17T13:54:46Z,0.0
W3 6YF,SEPD,LV,1,TK0959,12,2026-06-17T13:54:46Z,2026-06-17T13:54:46Z,0.0
W7 3AA,SEPD,LV,1,TK0692,21,2026-06-16T20:31:54Z,2026-06-16T20:31:54Z,0.0
W7 3QT,SEPD,LV,1,TK0692,21,2026-06-16T20:31:54Z,2026-06-16T20:31:54Z,0.0
ZE1 0DE,SHEPD,HV,1,TK0853,100,2026-06-17T05:06:41Z,2026-06-17T05:06:41Z,0.0
ZE1 0EY,SHEPD,LV,1,TK4566,14,2026-06-19T16:25:07Z,2026-06-19T16:25:07Z,0.0
ZE1 0RQ,SHEPD,LV,1,TK4566,14,2026-06-19T16:25:07Z,2026-06-19T16:25:07Z,0.0
ZE1 0SE,SHEPD,LV,1,TK4566,14,2026-06-19T16:25:07Z,2026-06-19T16:25:07Z,0.0
ZE1 0SF,SHEPD,LV,1,TK4566,14,2026-06-19T16:25:07Z,2026-06-19T16:25:07Z,0.0
ZE1 0SG,SHEPD,LV,1,TK4566,14,2026-06-19T16:25:07Z,2026-06-19T16:25:07Z,0.0
ZE1 0SU,SHEPD,LV,1,TK4566,14,2026-06-19T16:25:07Z,2026-06-19T16:25:07Z,0.0
ZE1 0TZ,SHEPD,HV,1,TK0853,100,2026-06-17T05:06:41Z,2026-06-17T05:06:41Z,0.0
ZE1 0UH,SHEPD,HV,1,TK0853,100,2026-06-17T05:06:41Z,2026-06-17T05:06:41Z,0.0
ZE1 0UJ,SHEPD,HV,1,TK0853,100,2026-06-17T05:06:41Z,2026-06-17T05:06:41Z,0.0
ZE1 0UL,SHEPD,HV,1,TK0853,100,2026-06-17T05:06:41Z,2026-06-17T05:06:41Z,0.0
ZE1 0UQ,SHEPD,HV,1,TK0853,100,2026-06-17T05:06:41Z,2026-06-17T05:06:41Z,0.0
ZE1 0UR,SHEPD,HV,1,TK0853,100,2026-06-17T05:06:41Z,2026-06-17T05:06:41Z,0.0
ZE1 0WA,SHEPD,HV,1,TK0853,100,2026-06-17T05:06:41Z,2026-06-17T05:06:41Z,0.0
ZE1 0XN,SHEPD,HV,1,TK0853,100,2026-06-17T05:06:41Z,2026-06-17T05:06:41Z,0.0
ZE2 9ND,SHEPD,PSI,1,251267,32,2026-06-16T12:32:38Z,2026-06-16T12:32:38Z,0.0
ZE2 9NQ,SHEPD,PSI,1,251267,32,2026-06-16T12:32:38Z,2026-06-16T12:32:38Z,0.0
ZE2 9RW,SHEPD,LV,1,TK5802,5,2026-06-20T21:39:37Z,2026-06-20T21:39:37Z,0.0
ZE2 9SB,SHEPD,HV,1,TK0853,100,2026-06-17T05:06:41Z,2026-06-17T05:06:41Z,0.0
ZE2 9SE,SHEPD,HV,1,TK0853,100,2026-06-17T05:06:41Z,2026-06-17T05:06:41Z,0.0
ZE2 9SF,SHEPD,HV,1,TK0853,100,2026-06-17T05:06:41Z,2026-06-17T05:06:41Z,0.0
