postcode,network,outage_type,outage_count,outage_refs,total_customers_affected,first_seen,last_seen,time_off_supply_hours_total_approx
GU8 4DY,SEPD,PSI,1,252255,44,2026-07-17T00:10:01Z,2026-07-21T11:39:11Z,107.49
GU8 4DZ,SEPD,PSI,1,252255,44,2026-07-17T00:10:01Z,2026-07-21T11:39:11Z,107.49
GU8 4EA,SEPD,PSI,1,252255,44,2026-07-17T00:10:01Z,2026-07-21T11:39:11Z,107.49
GU8 4EB,SEPD,PSI,1,252255,44,2026-07-17T00:10:01Z,2026-07-21T11:39:11Z,107.49
GU8 4EE,SEPD,PSI,1,252255,44,2026-07-17T00:10:01Z,2026-07-21T11:39:11Z,107.49
GU8 4EF,SEPD,PSI,1,252255,44,2026-07-17T00:10:01Z,2026-07-21T11:39:11Z,107.49
OX2 6SP,SEPD,LV,1,TR7103,13,2026-07-21T11:39:11Z,2026-07-23T01:12:43Z,37.56
OX2 6SR,SEPD,LV,1,TR7103,13,2026-07-21T11:39:11Z,2026-07-23T01:12:43Z,37.56
OX2 6SW,SEPD,LV,1,TR7103,13,2026-07-21T11:39:11Z,2026-07-23T01:12:43Z,37.56
OX2 6UP,SEPD,LV,1,TR7103,13,2026-07-21T11:39:11Z,2026-07-23T01:12:43Z,37.56
SN16 9RP,SEPD,PSI,1,253180,2,2026-07-20T08:13:24Z,2026-07-21T13:04:34Z,28.85
RG30 2LY,SEPD,LV,2,"TR6088,TR6834",102,2026-07-20T20:37:56Z,2026-07-22T00:07:19Z,27.49
RG30 2NE,SEPD,LV,2,"TR6088,TR6834",102,2026-07-20T20:37:56Z,2026-07-22T00:07:19Z,27.49
RG30 2PX,SEPD,LV,2,"TR6088,TR6834",102,2026-07-20T20:37:56Z,2026-07-22T00:07:19Z,27.49
RG30 2PY,SEPD,LV,2,"TR6088,TR6834",102,2026-07-20T20:37:56Z,2026-07-22T00:07:19Z,27.49
RG30 2QA,SEPD,LV,2,"TR6088,TR6834",102,2026-07-20T20:37:56Z,2026-07-22T00:07:19Z,27.49
RG30 2QB,SEPD,LV,2,"TR6088,TR6834",102,2026-07-20T20:37:56Z,2026-07-22T00:07:19Z,27.49
RG30 2RR,SEPD,LV,2,"TR6088,TR6834",102,2026-07-20T20:37:56Z,2026-07-22T00:07:19Z,27.49
RG30 2RW,SEPD,LV,2,"TR6088,TR6834",102,2026-07-20T20:37:56Z,2026-07-22T00:07:19Z,27.49
RG30 2RX,SEPD,LV,2,"TR6088,TR6834",102,2026-07-20T20:37:56Z,2026-07-22T00:07:19Z,27.49
RG30 2SJ,SEPD,LV,2,"TR6088,TR6834",102,2026-07-20T20:37:56Z,2026-07-22T00:07:19Z,27.49
SL9 0HH,SEPD,LV,2,"TR1043,TR1277",38,2026-07-17T01:04:58Z,2026-07-18T14:08:11Z,27.23
SL9 0HJ,SEPD,LV,2,"TR1043,TR1277",38,2026-07-17T01:04:58Z,2026-07-18T14:08:11Z,27.23
SL9 0HN,SEPD,LV,2,"TR1043,TR1277",38,2026-07-17T01:04:58Z,2026-07-18T14:08:11Z,27.23
RG20 8TE,SEPD,LV,2,"TR3052,TR3849",14,2026-07-18T15:13:53Z,2026-07-19T17:28:41Z,27.16
HP10 9AA,SEPD,LV,1,TR2260,17,2026-07-17T17:52:29Z,2026-07-18T19:45:31Z,25.88
HP10 9BN,SEPD,LV,1,TR2260,17,2026-07-17T17:52:29Z,2026-07-18T19:45:31Z,25.88
HP10 9LS,SEPD,LV,1,TR2260,17,2026-07-17T17:52:29Z,2026-07-18T19:45:31Z,25.88
HP10 9NB,SEPD,LV,1,TR2260,17,2026-07-17T17:52:29Z,2026-07-18T19:45:31Z,25.88
HP10 9NN,SEPD,LV,1,TR2260,17,2026-07-17T17:52:29Z,2026-07-18T19:45:31Z,25.88
HP10 9NS,SEPD,LV,1,TR2260,17,2026-07-17T17:52:29Z,2026-07-18T19:45:31Z,25.88
HP10 9NW,SEPD,LV,1,TR2260,17,2026-07-17T17:52:29Z,2026-07-18T19:45:31Z,25.88
SO45 3FZ,SEPD,LV,1,TR1557,13,2026-07-17T10:54:25Z,2026-07-18T12:38:01Z,25.73
SO45 3GJ,SEPD,LV,1,TR1557,13,2026-07-17T10:54:25Z,2026-07-18T12:38:01Z,25.73
RG12 0TL,SEPD,LV,1,TR3074,34,2026-07-18T14:08:11Z,2026-07-19T15:17:07Z,25.15
RG12 0UH,SEPD,LV,1,TR3074,34,2026-07-18T14:08:11Z,2026-07-19T15:17:07Z,25.15
RG12 0UQ,SEPD,LV,1,TR3074,34,2026-07-18T14:08:11Z,2026-07-19T15:17:07Z,25.15
SL6 6SA,SEPD,LV,1,TR2066,19,2026-07-17T15:38:03Z,2026-07-18T14:08:11Z,22.5
SL6 6SB,SEPD,LV,1,TR2066,19,2026-07-17T15:38:03Z,2026-07-18T14:08:11Z,22.5
SL6 6SL,SEPD,LV,1,TR2066,19,2026-07-17T15:38:03Z,2026-07-18T14:08:11Z,22.5
SL6 6SQ,SEPD,LV,1,TR2066,19,2026-07-17T15:38:03Z,2026-07-18T14:08:11Z,22.5
SO16 6AT,SEPD,LV,1,TR1023,14,2026-07-17T15:38:03Z,2026-07-18T14:08:11Z,22.5
SO16 7BD,SEPD,LV,1,TR1023,14,2026-07-17T15:38:03Z,2026-07-18T14:08:11Z,22.5
SO16 7BF,SEPD,LV,1,TR1023,14,2026-07-17T15:38:03Z,2026-07-18T14:08:11Z,22.5
SO16 7BH,SEPD,LV,1,TR1023,14,2026-07-17T15:38:03Z,2026-07-18T14:08:11Z,22.5
SO16 7DD,SEPD,LV,1,TR1023,14,2026-07-17T15:38:03Z,2026-07-18T14:08:11Z,22.5
SO16 7DE,SEPD,LV,1,TR1023,14,2026-07-17T15:38:03Z,2026-07-18T14:08:11Z,22.5
SO16 7DG,SEPD,LV,1,TR1023,14,2026-07-17T15:38:03Z,2026-07-18T14:08:11Z,22.5
SO16 7DH,SEPD,LV,1,TR1023,14,2026-07-17T15:38:03Z,2026-07-18T14:08:11Z,22.5
RG20 8UU,SEPD,LV,1,TR3052,5,2026-07-18T15:13:53Z,2026-07-19T12:41:51Z,21.47
RG20 8UX,SEPD,LV,1,TR3052,5,2026-07-18T15:13:53Z,2026-07-19T12:41:51Z,21.47
RG41 3AF,SEPD,LV,2,"TR3277,TR4645",14,2026-07-19T10:50:39Z,2026-07-20T23:41:25Z,20.13
RG41 3AL,SEPD,LV,2,"TR3277,TR4645",14,2026-07-19T10:50:39Z,2026-07-20T23:41:25Z,20.13
RG41 3AN,SEPD,LV,2,"TR3277,TR4645",14,2026-07-19T10:50:39Z,2026-07-20T23:41:25Z,20.13
RG41 3AW,SEPD,LV,2,"TR3277,TR4645",14,2026-07-19T10:50:39Z,2026-07-20T23:41:25Z,20.13
BH16 6BZ,SEPD,PSI,4,"253088,253108,253134,253135",122,2026-07-19T09:22:26Z,2026-07-23T15:26:04Z,19.9
SO40 8UA,SEPD,LV,1,TR3218,25,2026-07-18T18:30:34Z,2026-07-19T14:13:24Z,19.71
SO40 8UB,SEPD,LV,1,TR3218,25,2026-07-18T18:30:34Z,2026-07-19T14:13:24Z,19.71
RG7 3ES,SEPD,LV,1,TR9811,12,2026-07-22T21:32:50Z,2026-07-23T17:00:57Z,19.47
RG7 3ET,SEPD,LV,1,TR9811,12,2026-07-22T21:32:50Z,2026-07-23T17:00:57Z,19.47
RG7 3EU,SEPD,LV,1,TR9811,12,2026-07-22T21:32:50Z,2026-07-23T17:00:57Z,19.47
RG7 3EW,SEPD,LV,1,TR9811,12,2026-07-22T21:32:50Z,2026-07-23T17:00:57Z,19.47
RG7 3EX,SEPD,LV,1,TR9811,12,2026-07-22T21:32:50Z,2026-07-23T17:00:57Z,19.47
RG7 3EY,SEPD,LV,1,TR9811,12,2026-07-22T21:32:50Z,2026-07-23T17:00:57Z,19.47
RG7 3JL,SEPD,LV,1,TR9811,12,2026-07-22T21:32:50Z,2026-07-23T17:00:57Z,19.47
RG7 3NB,SEPD,LV,1,TR9811,12,2026-07-22T21:32:50Z,2026-07-23T17:00:57Z,19.47
RG7 3ND,SEPD,LV,1,TR9811,12,2026-07-22T21:32:50Z,2026-07-23T17:00:57Z,19.47
PO5 2ET,SEPD,LV,1,TR6228,51,2026-07-20T23:41:25Z,2026-07-21T16:50:04Z,17.14
PO5 2EX,SEPD,LV,1,TR6228,51,2026-07-20T23:41:25Z,2026-07-21T16:50:04Z,17.14
PO5 2EY,SEPD,LV,1,TR6228,51,2026-07-20T23:41:25Z,2026-07-21T16:50:04Z,17.14
PO5 2HA,SEPD,LV,1,TR6228,51,2026-07-20T23:41:25Z,2026-07-21T16:50:04Z,17.14
PO5 2HE,SEPD,LV,1,TR6228,51,2026-07-20T23:41:25Z,2026-07-21T16:50:04Z,17.14
PO5 2HL,SEPD,LV,1,TR6228,51,2026-07-20T23:41:25Z,2026-07-21T16:50:04Z,17.14
PO5 3PR,SEPD,LV,1,TR6228,51,2026-07-20T23:41:25Z,2026-07-21T16:50:04Z,17.14
PO5 3PS,SEPD,LV,1,TR6228,51,2026-07-20T23:41:25Z,2026-07-21T16:50:04Z,17.14
PO5 3PU,SEPD,LV,1,TR6228,51,2026-07-20T23:41:25Z,2026-07-21T16:50:04Z,17.14
PO5 3RH,SEPD,LV,1,TR6228,51,2026-07-20T23:41:25Z,2026-07-21T16:50:04Z,17.14
SO16 7BA,SEPD,LV,1,TR1023,14,2026-07-17T21:08:18Z,2026-07-18T14:08:11Z,17.0
SO16 7LU,SEPD,LV,1,TR1023,14,2026-07-17T21:08:18Z,2026-07-18T14:08:11Z,17.0
SO19 9GN,SEPD,LV,1,TR1023,14,2026-07-17T21:08:18Z,2026-07-18T14:08:11Z,17.0
DT4 7HJ,SEPD,LV,1,TR9759,58,2026-07-22T20:18:47Z,2026-07-23T13:12:33Z,16.9
RG30 3NF,SEPD,LV,1,TR4551,8,2026-07-19T20:33:52Z,2026-07-20T13:20:54Z,16.78
RG30 3PA,SEPD,LV,1,TR4551,8,2026-07-19T20:33:52Z,2026-07-20T13:20:54Z,16.78
BH16 6AG,SEPD,PSI,5,"253102,253131,253134,253135,253144",93,2026-07-19T09:22:26Z,2026-07-22T14:56:49Z,16.72
RG40 1AP,SEPD,LV,1,TR1257,8,2026-07-17T10:54:25Z,2026-07-18T03:29:41Z,16.59
RG40 1AS,SEPD,LV,1,TR1257,8,2026-07-17T10:54:25Z,2026-07-18T03:29:41Z,16.59
RG40 2BB,SEPD,LV,1,TR1257,8,2026-07-17T10:54:25Z,2026-07-18T03:29:41Z,16.59
RG40 2HB,SEPD,LV,1,TR1257,8,2026-07-17T10:54:25Z,2026-07-18T03:29:41Z,16.59
RG40 2YF,SEPD,LV,1,TR1257,8,2026-07-17T10:54:25Z,2026-07-18T03:29:41Z,16.59
HP14 3AT,SEPD,HV,1,TR2348,8,2026-07-17T20:11:48Z,2026-07-18T12:38:01Z,16.44
BH9 3QH,SEPD,LV,2,"TR3367,TR4507",60,2026-07-19T01:04:52Z,2026-07-19T18:31:56Z,16.4
BH9 3QQ,SEPD,LV,2,"TR3367,TR4507",60,2026-07-19T01:04:52Z,2026-07-19T18:31:56Z,16.4
BH9 3QT,SEPD,LV,2,"TR3367,TR4507",60,2026-07-19T01:04:52Z,2026-07-19T18:31:56Z,16.4
BH9 3QX,SEPD,LV,2,"TR3367,TR4507",60,2026-07-19T01:04:52Z,2026-07-19T18:31:56Z,16.4
BH9 3RA,SEPD,LV,2,"TR3367,TR4507",60,2026-07-19T01:04:52Z,2026-07-19T18:31:56Z,16.4
BH9 3RB,SEPD,LV,2,"TR3367,TR4507",60,2026-07-19T01:04:52Z,2026-07-19T18:31:56Z,16.4
BH9 3RD,SEPD,LV,2,"TR3367,TR4507",60,2026-07-19T01:04:52Z,2026-07-19T18:31:56Z,16.4
BH23 2AA,SEPD,LV,1,TR8062,24,2026-07-21T23:10:35Z,2026-07-22T14:56:49Z,15.77
BH23 2AB,SEPD,LV,1,TR8062,24,2026-07-21T23:10:35Z,2026-07-22T14:56:49Z,15.77
BH23 2AE,SEPD,LV,1,TR8062,24,2026-07-21T23:10:35Z,2026-07-22T14:56:49Z,15.77
BH23 2FF,SEPD,LV,1,TR8062,24,2026-07-21T23:10:35Z,2026-07-22T14:56:49Z,15.77
BH23 2FJ,SEPD,LV,1,TR8062,24,2026-07-21T23:10:35Z,2026-07-22T14:56:49Z,15.77
BA12 6NQ,SEPD,LV,1,TR4921,4,2026-07-20T08:13:24Z,2026-07-20T23:41:25Z,15.47
BA12 6PJ,SEPD,LV,1,TR4921,4,2026-07-20T08:13:24Z,2026-07-20T23:41:25Z,15.47
BA12 6PL,SEPD,LV,1,TR4921,4,2026-07-20T08:13:24Z,2026-07-20T23:41:25Z,15.47
RG14 6RT,SEPD,LV,1,TR6133,7,2026-07-20T21:48:01Z,2026-07-21T13:04:34Z,15.28
RG14 6RW,SEPD,LV,1,TR6133,7,2026-07-20T21:48:01Z,2026-07-21T13:04:34Z,15.28
RG14 6RY,SEPD,LV,1,TR6133,7,2026-07-20T21:48:01Z,2026-07-21T13:04:34Z,15.28
DD3 9LP,SHEPD,LV,1,TR9876,16,2026-07-22T22:38:03Z,2026-07-23T13:12:33Z,14.58
DD3 9NJ,SHEPD,LV,1,TR9876,16,2026-07-22T22:38:03Z,2026-07-23T13:12:33Z,14.58
DD3 9NL,SHEPD,LV,1,TR9876,16,2026-07-22T22:38:03Z,2026-07-23T13:12:33Z,14.58
DD3 9NN,SHEPD,LV,1,TR9876,16,2026-07-22T22:38:03Z,2026-07-23T13:12:33Z,14.58
DD3 9NQ,SHEPD,LV,1,TR9876,16,2026-07-22T22:38:03Z,2026-07-23T13:12:33Z,14.58
DD3 9NW,SHEPD,LV,1,TR9876,16,2026-07-22T22:38:03Z,2026-07-23T13:12:33Z,14.58
RG20 5TL,SEPD,LV,2,"TS0396,TS1487",14,2026-07-23T09:42:08Z,2026-07-24T00:10:01Z,14.46
PO6 2DS,SEPD,LV,1,TS0239,28,2026-07-23T09:42:08Z,2026-07-24T00:10:01Z,14.46
PO6 2DT,SEPD,LV,1,TS0239,28,2026-07-23T09:42:08Z,2026-07-24T00:10:01Z,14.46
PO6 2DX,SEPD,LV,1,TS0239,28,2026-07-23T09:42:08Z,2026-07-24T00:10:01Z,14.46
PO6 2DY,SEPD,LV,1,TS0239,28,2026-07-23T09:42:08Z,2026-07-24T00:10:01Z,14.46
PO6 2DZ,SEPD,LV,1,TS0239,28,2026-07-23T09:42:08Z,2026-07-24T00:10:01Z,14.46
PO6 3ET,SEPD,LV,1,TS0239,28,2026-07-23T09:42:08Z,2026-07-24T00:10:01Z,14.46
PO6 3LZ,SEPD,LV,1,TS0239,28,2026-07-23T09:42:08Z,2026-07-24T00:10:01Z,14.46
RG20 5TP,SEPD,LV,1,TS0396,11,2026-07-23T09:42:08Z,2026-07-24T00:10:01Z,14.46
SN12 6NH,SEPD,LV,1,TR8012,18,2026-07-21T20:55:55Z,2026-07-22T11:18:56Z,14.38
SN12 6PX,SEPD,LV,1,TR8012,18,2026-07-21T20:55:55Z,2026-07-22T11:18:56Z,14.38
SN12 6PY,SEPD,LV,1,TR8012,18,2026-07-21T20:55:55Z,2026-07-22T11:18:56Z,14.38
SN12 6PZ,SEPD,LV,1,TR8012,18,2026-07-21T20:55:55Z,2026-07-22T11:18:56Z,14.38
SN12 6QA,SEPD,LV,1,TR8012,18,2026-07-21T20:55:55Z,2026-07-22T11:18:56Z,14.38
SN12 6QB,SEPD,LV,1,TR8012,18,2026-07-21T20:55:55Z,2026-07-22T11:18:56Z,14.38
AB10 7GX,SHEPD,"PSI,LV",5,"253459,253470,253471,253472,TS0883",31,2026-07-20T11:15:14Z,2026-07-23T20:51:41Z,14.25
SP5 5QT,SEPD,"LV,HV",2,"TR9742,TR9833",56,2026-07-22T20:18:47Z,2026-07-23T11:33:52Z,14.02
SP5 5QY,SEPD,"LV,HV",2,"TR9742,TR9833",56,2026-07-22T20:18:47Z,2026-07-23T11:33:52Z,14.02
SP5 5QZ,SEPD,"LV,HV",2,"TR9742,TR9833",56,2026-07-22T20:18:47Z,2026-07-23T11:33:52Z,14.02
SP5 5RH,SEPD,"LV,HV",2,"TR9742,TR9833",56,2026-07-22T20:18:47Z,2026-07-23T11:33:52Z,14.02
DT1 1HF,SEPD,LV,1,TR9786,46,2026-07-22T21:32:50Z,2026-07-23T11:33:52Z,14.02
DT1 1HY,SEPD,LV,1,TR9786,46,2026-07-22T21:32:50Z,2026-07-23T11:33:52Z,14.02
DT1 1JF,SEPD,LV,1,TR9786,46,2026-07-22T21:32:50Z,2026-07-23T11:33:52Z,14.02
DT1 1TZ,SEPD,LV,1,TR9786,46,2026-07-22T21:32:50Z,2026-07-23T11:33:52Z,14.02
DT1 1XB,SEPD,LV,1,TR9786,46,2026-07-22T21:32:50Z,2026-07-23T11:33:52Z,14.02
DT1 1XE,SEPD,LV,1,TR9786,46,2026-07-22T21:32:50Z,2026-07-23T11:33:52Z,14.02
DT1 1XF,SEPD,LV,1,TR9786,46,2026-07-22T21:32:50Z,2026-07-23T11:33:52Z,14.02
DT1 1XH,SEPD,LV,1,TR9786,46,2026-07-22T21:32:50Z,2026-07-23T11:33:52Z,14.02
DT1 1XJ,SEPD,LV,1,TR9786,46,2026-07-22T21:32:50Z,2026-07-23T11:33:52Z,14.02
DT1 1XS,SEPD,LV,1,TR9786,46,2026-07-22T21:32:50Z,2026-07-23T11:33:52Z,14.02
DT1 1YB,SEPD,LV,1,TR9786,46,2026-07-22T21:32:50Z,2026-07-23T11:33:52Z,14.02
DT11,SEPD,LV,1,TR9786,46,2026-07-22T21:32:50Z,2026-07-23T11:33:52Z,14.02
SL6 7PW,SEPD,LV,1,TR4630,20,2026-07-19T23:39:04Z,2026-07-20T13:20:54Z,13.7
SL6 7TZ,SEPD,LV,1,TR4630,20,2026-07-19T23:39:04Z,2026-07-20T13:20:54Z,13.7
SL6 7UH,SEPD,LV,1,TR4630,20,2026-07-19T23:39:04Z,2026-07-20T13:20:54Z,13.7
SL6 7UQ,SEPD,LV,1,TR4630,20,2026-07-19T23:39:04Z,2026-07-20T13:20:54Z,13.7
DT4 7HD,SEPD,LV,1,TR9759,58,2026-07-22T23:40:04Z,2026-07-23T13:12:33Z,13.54
DT4 7HE,SEPD,LV,1,TR9759,58,2026-07-22T23:40:04Z,2026-07-23T13:12:33Z,13.54
DT4 7HH,SEPD,LV,1,TR9759,58,2026-07-22T23:40:04Z,2026-07-23T13:12:33Z,13.54
DT4 7HT,SEPD,LV,1,TR9759,58,2026-07-22T23:40:04Z,2026-07-23T13:12:33Z,13.54
DT4 7JQ,SEPD,LV,1,TR9759,58,2026-07-22T23:40:04Z,2026-07-23T13:12:33Z,13.54
GU10 2NU,SEPD,LV,1,TR3765,26,2026-07-19T09:22:26Z,2026-07-19T22:33:41Z,13.19
GU10 2NW,SEPD,LV,1,TR3765,26,2026-07-19T09:22:26Z,2026-07-19T22:33:41Z,13.19
GU10 2PG,SEPD,LV,1,TR3765,26,2026-07-19T09:22:26Z,2026-07-19T22:33:41Z,13.19
GU10 2PQ,SEPD,LV,1,TR3765,26,2026-07-19T09:22:26Z,2026-07-19T22:33:41Z,13.19
SL6 6ER,SEPD,LV,1,TR1242,7,2026-07-17T08:56:05Z,2026-07-17T22:05:48Z,13.16
BH16 6AF,SEPD,PSI,3,"253104,253134,253135",110,2026-07-19T09:22:26Z,2026-07-22T12:51:44Z,12.8
BH16 6AL,SEPD,PSI,3,"253104,253134,253135",110,2026-07-19T09:22:26Z,2026-07-22T12:51:44Z,12.8
BH20 7DL,SEPD,PSI,3,"253104,253134,253135",110,2026-07-19T09:22:26Z,2026-07-22T12:51:44Z,12.8
SN1 5BN,SEPD,LV,1,TR1221,28,2026-07-17T06:36:22Z,2026-07-17T18:57:02Z,12.34
SN1 5ED,SEPD,LV,1,TR1221,28,2026-07-17T06:36:22Z,2026-07-17T18:57:02Z,12.34
SN1 5EF,SEPD,LV,1,TR1221,28,2026-07-17T06:36:22Z,2026-07-17T18:57:02Z,12.34
SN1 5EG,SEPD,LV,1,TR1221,28,2026-07-17T06:36:22Z,2026-07-17T18:57:02Z,12.34
SN1 5EQ,SEPD,LV,1,TR1221,28,2026-07-17T06:36:22Z,2026-07-17T18:57:02Z,12.34
OX18 3DN,SEPD,LV,1,TR0779,23,2026-07-17T00:10:01Z,2026-07-17T12:16:58Z,12.12
OX18 3HG,SEPD,LV,1,TR0779,23,2026-07-17T00:10:01Z,2026-07-17T12:16:58Z,12.12
OX18 3HH,SEPD,LV,1,TR0779,23,2026-07-17T00:10:01Z,2026-07-17T12:16:58Z,12.12
OX18 3HN,SEPD,LV,1,TR0779,23,2026-07-17T00:10:01Z,2026-07-17T12:16:58Z,12.12
OX18 3HW,SEPD,LV,1,TR0779,23,2026-07-17T00:10:01Z,2026-07-17T12:16:58Z,12.12
OX18 3HZ,SEPD,LV,1,TR0779,23,2026-07-17T00:10:01Z,2026-07-17T12:16:58Z,12.12
OX18 3JA,SEPD,LV,1,TR0779,23,2026-07-17T00:10:01Z,2026-07-17T12:16:58Z,12.12
OX18 3JF,SEPD,LV,1,TR0779,23,2026-07-17T00:10:01Z,2026-07-17T12:16:58Z,12.12
RG22 5JY,SEPD,LV,1,TR0731,19,2026-07-17T00:10:01Z,2026-07-17T12:16:58Z,12.12
RG22 5LT,SEPD,LV,1,TR0731,19,2026-07-17T00:10:01Z,2026-07-17T12:16:58Z,12.12
RG22 5LZ,SEPD,LV,1,TR0731,19,2026-07-17T00:10:01Z,2026-07-17T12:16:58Z,12.12
RG22 5NB,SEPD,LV,1,TR0731,19,2026-07-17T00:10:01Z,2026-07-17T12:16:58Z,12.12
OX7 5TA,SEPD,PSI,2,"252360,253188",53,2026-07-22T09:04:22Z,2026-07-23T15:26:04Z,11.6
BH15 4PA,SEPD,LV,1,TR1054,51,2026-07-17T01:04:58Z,2026-07-17T12:16:58Z,11.2
BH15 4PB,SEPD,LV,1,TR1054,51,2026-07-17T01:04:58Z,2026-07-17T12:16:58Z,11.2
BH15 4PD,SEPD,LV,1,TR1054,51,2026-07-17T01:04:58Z,2026-07-17T12:16:58Z,11.2
BH15 4PE,SEPD,LV,1,TR1054,51,2026-07-17T01:04:58Z,2026-07-17T12:16:58Z,11.2
BH15 4PP,SEPD,LV,1,TR1054,51,2026-07-17T01:04:58Z,2026-07-17T12:16:58Z,11.2
BH15 4PS,SEPD,LV,1,TR1054,51,2026-07-17T01:04:58Z,2026-07-17T12:16:58Z,11.2
BH15 4QE,SEPD,LV,1,TR1054,51,2026-07-17T01:04:58Z,2026-07-17T12:16:58Z,11.2
BH15 4QG,SEPD,LV,1,TR1054,51,2026-07-17T01:04:58Z,2026-07-17T12:16:58Z,11.2
BH15 4QQ,SEPD,LV,1,TR1054,51,2026-07-17T01:04:58Z,2026-07-17T12:16:58Z,11.2
SN15 2QR,SEPD,LV,1,TR3968,24,2026-07-19T14:13:24Z,2026-07-20T01:13:37Z,11.0
SN15 2QU,SEPD,LV,1,TR3968,24,2026-07-19T14:13:24Z,2026-07-20T01:13:37Z,11.0
SN15 2QX,SEPD,LV,1,TR3968,24,2026-07-19T14:13:24Z,2026-07-20T01:13:37Z,11.0
SN15 2QY,SEPD,LV,1,TR3968,24,2026-07-19T14:13:24Z,2026-07-20T01:13:37Z,11.0
SN15 2RN,SEPD,LV,1,TR3968,24,2026-07-19T14:13:24Z,2026-07-20T01:13:37Z,11.0
OX49 5AN,SEPD,HV,1,TR9095,211,2026-07-22T12:51:44Z,2026-07-22T23:40:04Z,10.81
OX49 5BT,SEPD,HV,1,TR9095,211,2026-07-22T12:51:44Z,2026-07-22T23:40:04Z,10.81
OX49 5BU,SEPD,HV,1,TR9095,211,2026-07-22T12:51:44Z,2026-07-22T23:40:04Z,10.81
OX49 5BZ,SEPD,HV,1,TR9095,211,2026-07-22T12:51:44Z,2026-07-22T23:40:04Z,10.81
OX49 5DA,SEPD,HV,1,TR9095,211,2026-07-22T12:51:44Z,2026-07-22T23:40:04Z,10.81
OX49 5DE,SEPD,HV,1,TR9095,211,2026-07-22T12:51:44Z,2026-07-22T23:40:04Z,10.81
OX49 5DF,SEPD,HV,1,TR9095,211,2026-07-22T12:51:44Z,2026-07-22T23:40:04Z,10.81
OX49 5DH,SEPD,HV,1,TR9095,211,2026-07-22T12:51:44Z,2026-07-22T23:40:04Z,10.81
OX49 5DJ,SEPD,HV,1,TR9095,211,2026-07-22T12:51:44Z,2026-07-22T23:40:04Z,10.81
OX49 5DL,SEPD,HV,1,TR9095,211,2026-07-22T12:51:44Z,2026-07-22T23:40:04Z,10.81
OX49 5DN,SEPD,HV,1,TR9095,211,2026-07-22T12:51:44Z,2026-07-22T23:40:04Z,10.81
OX49 5DQ,SEPD,HV,1,TR9095,211,2026-07-22T12:51:44Z,2026-07-22T23:40:04Z,10.81
OX49 5DR,SEPD,HV,1,TR9095,211,2026-07-22T12:51:44Z,2026-07-22T23:40:04Z,10.81
OX49 5DS,SEPD,HV,1,TR9095,211,2026-07-22T12:51:44Z,2026-07-22T23:40:04Z,10.81
OX49 5DT,SEPD,HV,1,TR9095,211,2026-07-22T12:51:44Z,2026-07-22T23:40:04Z,10.81
OX49 5DU,SEPD,HV,1,TR9095,211,2026-07-22T12:51:44Z,2026-07-22T23:40:04Z,10.81
OX49 5DW,SEPD,HV,1,TR9095,211,2026-07-22T12:51:44Z,2026-07-22T23:40:04Z,10.81
OX49 5DX,SEPD,HV,1,TR9095,211,2026-07-22T12:51:44Z,2026-07-22T23:40:04Z,10.81
OX49 5EE,SEPD,HV,1,TR9095,211,2026-07-22T12:51:44Z,2026-07-22T23:40:04Z,10.81
OX49 5FH,SEPD,HV,1,TR9095,211,2026-07-22T12:51:44Z,2026-07-22T23:40:04Z,10.81
OX49 5HS,SEPD,HV,1,TR9095,211,2026-07-22T12:51:44Z,2026-07-22T23:40:04Z,10.81
OX49 5QZ,SEPD,HV,1,TR9095,211,2026-07-22T12:51:44Z,2026-07-22T23:40:04Z,10.81
OX49 5RA,SEPD,HV,1,TR9095,211,2026-07-22T12:51:44Z,2026-07-22T23:40:04Z,10.81
OX49 5RD,SEPD,HV,1,TR9095,211,2026-07-22T12:51:44Z,2026-07-22T23:40:04Z,10.81
OX49 5RP,SEPD,HV,1,TR9095,211,2026-07-22T12:51:44Z,2026-07-22T23:40:04Z,10.81
OX49 5RR,SEPD,HV,1,TR9095,211,2026-07-22T12:51:44Z,2026-07-22T23:40:04Z,10.81
OX49 5RT,SEPD,HV,1,TR9095,211,2026-07-22T12:51:44Z,2026-07-22T23:40:04Z,10.81
OX49 5RX,SEPD,HV,1,TR9095,211,2026-07-22T12:51:44Z,2026-07-22T23:40:04Z,10.81
OX49 5TS,SEPD,HV,1,TR9095,211,2026-07-22T12:51:44Z,2026-07-22T23:40:04Z,10.81
PH22 1RH,SHEPD,HV,2,"TR0920,TR9433",94,2026-07-17T00:10:01Z,2026-07-22T14:56:49Z,10.74
PA65 6AY,SHEPD,HV,1,TR1019,6,2026-07-17T00:10:01Z,2026-07-17T10:54:25Z,10.74
PH22 1QT,SHEPD,HV,1,TR0920,11,2026-07-17T00:10:01Z,2026-07-17T10:54:25Z,10.74
PH22 1QU,SHEPD,HV,1,TR0920,11,2026-07-17T00:10:01Z,2026-07-17T10:54:25Z,10.74
PH22 1RB,SHEPD,HV,1,TR0920,11,2026-07-17T00:10:01Z,2026-07-17T10:54:25Z,10.74
PH22 1RP,SHEPD,HV,1,TR0920,11,2026-07-17T00:10:01Z,2026-07-17T10:54:25Z,10.74
RG45 6AD,SEPD,LV,1,TR0531,15,2026-07-17T00:10:01Z,2026-07-17T10:54:25Z,10.74
RG45 6AQ,SEPD,LV,1,TR0531,15,2026-07-17T00:10:01Z,2026-07-17T10:54:25Z,10.74
RG45 6NZ,SEPD,LV,1,TR0531,15,2026-07-17T00:10:01Z,2026-07-17T10:54:25Z,10.74
W5 1JZ,SEPD,LV,3,"TR1905,TR2233,TR3707",40,2026-07-17T14:08:22Z,2026-07-23T19:51:44Z,10.59
W5 1PN,SEPD,LV,3,"TR1905,TR2233,TR3707",40,2026-07-17T14:08:22Z,2026-07-23T19:51:44Z,10.59
W5 1QE,SEPD,LV,3,"TR1905,TR2233,TR3707",40,2026-07-17T14:08:22Z,2026-07-23T19:51:44Z,10.59
W5 2QL,SEPD,LV,3,"TR1905,TR2233,TR3707",40,2026-07-17T14:08:22Z,2026-07-23T19:51:44Z,10.59
W5 2QT,SEPD,LV,3,"TR1905,TR2233,TR3707",40,2026-07-17T14:08:22Z,2026-07-23T19:51:44Z,10.59
W5 2QU,SEPD,LV,3,"TR1905,TR2233,TR3707",40,2026-07-17T14:08:22Z,2026-07-23T19:51:44Z,10.59
PH36 4JX,SHEPD,HV,1,TR3881,178,2026-07-19T12:41:51Z,2026-07-19T22:33:41Z,9.86
PH49 4HJ,SHEPD,HV,1,TR3881,178,2026-07-19T12:41:51Z,2026-07-19T22:33:41Z,9.86
PH49 4HN,SHEPD,HV,1,TR3881,178,2026-07-19T12:41:51Z,2026-07-19T22:33:41Z,9.86
PH49 4HP,SHEPD,HV,1,TR3881,178,2026-07-19T12:41:51Z,2026-07-19T22:33:41Z,9.86
PH49 4HQ,SHEPD,HV,1,TR3881,178,2026-07-19T12:41:51Z,2026-07-19T22:33:41Z,9.86
PH49 4HR,SHEPD,HV,1,TR3881,178,2026-07-19T12:41:51Z,2026-07-19T22:33:41Z,9.86
PH49 4HS,SHEPD,HV,1,TR3881,178,2026-07-19T12:41:51Z,2026-07-19T22:33:41Z,9.86
PH49 4HT,SHEPD,HV,1,TR3881,178,2026-07-19T12:41:51Z,2026-07-19T22:33:41Z,9.86
PH49 4HU,SHEPD,HV,1,TR3881,178,2026-07-19T12:41:51Z,2026-07-19T22:33:41Z,9.86
PH49 4HW,SHEPD,HV,1,TR3881,178,2026-07-19T12:41:51Z,2026-07-19T22:33:41Z,9.86
PH49 4HZ,SHEPD,HV,1,TR3881,178,2026-07-19T12:41:51Z,2026-07-19T22:33:41Z,9.86
IV3 5AJ,SHEPD,LV,4,"TR2424,TR3619,TR3857,TR3966",192,2026-07-17T22:05:48Z,2026-07-19T20:33:52Z,9.8
IV3 5EN,SHEPD,LV,4,"TR2424,TR3619,TR3857,TR3966",192,2026-07-17T22:05:48Z,2026-07-19T20:33:52Z,9.8
IV3 5ES,SHEPD,LV,4,"TR2424,TR3619,TR3857,TR3966",192,2026-07-17T22:05:48Z,2026-07-19T20:33:52Z,9.8
IV3 5ET,SHEPD,LV,4,"TR2424,TR3619,TR3857,TR3966",192,2026-07-17T22:05:48Z,2026-07-19T20:33:52Z,9.8
IV3 5EW,SHEPD,LV,4,"TR2424,TR3619,TR3857,TR3966",192,2026-07-17T22:05:48Z,2026-07-19T20:33:52Z,9.8
IV3 5EX,SHEPD,LV,4,"TR2424,TR3619,TR3857,TR3966",192,2026-07-17T22:05:48Z,2026-07-19T20:33:52Z,9.8
IV3 5EY,SHEPD,LV,4,"TR2424,TR3619,TR3857,TR3966",192,2026-07-17T22:05:48Z,2026-07-19T20:33:52Z,9.8
IV3 5EZ,SHEPD,LV,4,"TR2424,TR3619,TR3857,TR3966",192,2026-07-17T22:05:48Z,2026-07-19T20:33:52Z,9.8
IV3 5HH,SHEPD,LV,4,"TR2424,TR3619,TR3857,TR3966",192,2026-07-17T22:05:48Z,2026-07-19T20:33:52Z,9.8
RG45 6DH,SEPD,LV,1,TR9055,16,2026-07-22T12:51:44Z,2026-07-22T22:38:03Z,9.77
RG45 6DQ,SEPD,LV,1,TR9055,16,2026-07-22T12:51:44Z,2026-07-22T22:38:03Z,9.77
RG45 6DU,SEPD,LV,1,TR9055,16,2026-07-22T12:51:44Z,2026-07-22T22:38:03Z,9.77
RG45 6DX,SEPD,LV,1,TR9055,16,2026-07-22T12:51:44Z,2026-07-22T22:38:03Z,9.77
SP4 7DY,SEPD,LV,1,TR5897,20,2026-07-20T15:24:46Z,2026-07-21T01:10:47Z,9.77
SP4 7EP,SEPD,LV,1,TR5897,20,2026-07-20T15:24:46Z,2026-07-21T01:10:47Z,9.77
SP4 7ER,SEPD,LV,1,TR5897,20,2026-07-20T15:24:46Z,2026-07-21T01:10:47Z,9.77
SP4 7JX,SEPD,LV,1,TR5897,20,2026-07-20T15:24:46Z,2026-07-21T01:10:47Z,9.77
SP5 1RY,SEPD,LV,1,TR5897,20,2026-07-20T15:24:46Z,2026-07-21T01:10:47Z,9.77
SL4 2HD,SEPD,HV,1,TR3622,26,2026-07-19T04:33:40Z,2026-07-19T14:13:24Z,9.66
SL4 2HX,SEPD,HV,1,TR3622,26,2026-07-19T04:33:40Z,2026-07-19T14:13:24Z,9.66
SL4 2HY,SEPD,HV,1,TR3622,26,2026-07-19T04:33:40Z,2026-07-19T14:13:24Z,9.66
BH10 4AR,SEPD,HV,1,TR2629,242,2026-07-18T09:07:02Z,2026-07-18T18:30:34Z,9.39
BH10 4AU,SEPD,HV,1,TR2629,242,2026-07-18T09:07:02Z,2026-07-18T18:30:34Z,9.39
BH10 4AY,SEPD,HV,1,TR2629,242,2026-07-18T09:07:02Z,2026-07-18T18:30:34Z,9.39
BH10 4DL,SEPD,HV,1,TR2629,242,2026-07-18T09:07:02Z,2026-07-18T18:30:34Z,9.39
BH10 4EQ,SEPD,HV,1,TR2629,242,2026-07-18T09:07:02Z,2026-07-18T18:30:34Z,9.39
BH10 5HW,SEPD,HV,1,TR2629,242,2026-07-18T09:07:02Z,2026-07-18T18:30:34Z,9.39
DT2 8AD,SEPD,LV,2,"TR2436,TR2627",20,2026-07-17T23:06:57Z,2026-07-18T17:26:12Z,9.34
DT2 8AG,SEPD,LV,2,"TR2436,TR2627",20,2026-07-17T23:06:57Z,2026-07-18T17:26:12Z,9.34
DT2 8AQ,SEPD,LV,2,"TR2436,TR2627",20,2026-07-17T23:06:57Z,2026-07-18T17:26:12Z,9.34
RG41 5BY,SEPD,LV,1,TS0570,12,2026-07-23T11:33:52Z,2026-07-23T20:51:41Z,9.3
RG41 5DD,SEPD,LV,1,TS0570,12,2026-07-23T11:33:52Z,2026-07-23T20:51:41Z,9.3
RG41 5DF,SEPD,LV,1,TS0570,12,2026-07-23T11:33:52Z,2026-07-23T20:51:41Z,9.3
RG41 5DG,SEPD,LV,1,TS0570,12,2026-07-23T11:33:52Z,2026-07-23T20:51:41Z,9.3
RG41 5DY,SEPD,LV,1,TS0570,12,2026-07-23T11:33:52Z,2026-07-23T20:51:41Z,9.3
RG41 5GJ,SEPD,LV,1,TS0570,12,2026-07-23T11:33:52Z,2026-07-23T20:51:41Z,9.3
OX5 1AH,SEPD,LV,1,TR2765,36,2026-07-18T10:39:50Z,2026-07-18T19:45:31Z,9.09
OX5 1AQ,SEPD,LV,1,TR2765,36,2026-07-18T10:39:50Z,2026-07-18T19:45:31Z,9.09
OX5 2AT,SEPD,LV,1,TR2765,36,2026-07-18T10:39:50Z,2026-07-18T19:45:31Z,9.09
OX5 2BT,SEPD,LV,1,TR2765,36,2026-07-18T10:39:50Z,2026-07-18T19:45:31Z,9.09
OX5 2BU,SEPD,LV,1,TR2765,36,2026-07-18T10:39:50Z,2026-07-18T19:45:31Z,9.09
OX5 2BZ,SEPD,LV,1,TR2765,36,2026-07-18T10:39:50Z,2026-07-18T19:45:31Z,9.09
OX5 2DA,SEPD,LV,1,TR2765,36,2026-07-18T10:39:50Z,2026-07-18T19:45:31Z,9.09
OX5 2DB,SEPD,LV,1,TR2765,36,2026-07-18T10:39:50Z,2026-07-18T19:45:31Z,9.09
OX5 2DH,SEPD,LV,1,TR2765,36,2026-07-18T10:39:50Z,2026-07-18T19:45:31Z,9.09
SL6 1JT,SEPD,LV,1,TR7481,11,2026-07-21T13:04:34Z,2026-07-21T22:08:47Z,9.07
SL6 1YT,SEPD,LV,1,TR7481,11,2026-07-21T13:04:34Z,2026-07-21T22:08:47Z,9.07
DT4 9PA,SEPD,LV,1,TR1380,21,2026-07-17T08:56:05Z,2026-07-17T17:52:29Z,8.94
DT4 9PN,SEPD,LV,1,TR1380,21,2026-07-17T08:56:05Z,2026-07-17T17:52:29Z,8.94
DT4 9PW,SEPD,LV,1,TR1380,21,2026-07-17T08:56:05Z,2026-07-17T17:52:29Z,8.94
DT4 9PX,SEPD,LV,1,TR1380,21,2026-07-17T08:56:05Z,2026-07-17T17:52:29Z,8.94
RG6 5QZ,SEPD,LV,1,TR1684,19,2026-07-17T12:16:58Z,2026-07-17T21:08:18Z,8.86
RG6 5UP,SEPD,LV,1,TR1684,19,2026-07-17T12:16:58Z,2026-07-17T21:08:18Z,8.86
GL54 3DH,SEPD,HV,2,"TR9422,TR9435",72,2026-07-22T14:56:49Z,2026-07-22T23:40:04Z,8.72
GL54 3DW,SEPD,HV,2,"TR9422,TR9435",72,2026-07-22T14:56:49Z,2026-07-22T23:40:04Z,8.72
GL54 3DX,SEPD,HV,2,"TR9422,TR9435",72,2026-07-22T14:56:49Z,2026-07-22T23:40:04Z,8.72
GL54 3LY,SEPD,HV,2,"TR9422,TR9435",72,2026-07-22T14:56:49Z,2026-07-22T23:40:04Z,8.72
GL54 3LZ,SEPD,HV,2,"TR9422,TR9435",72,2026-07-22T14:56:49Z,2026-07-22T23:40:04Z,8.72
GL54 3NA,SEPD,HV,2,"TR9422,TR9435",72,2026-07-22T14:56:49Z,2026-07-22T23:40:04Z,8.72
TW19 7AA,SEPD,LV,1,TR9314,31,2026-07-22T14:56:49Z,2026-07-22T23:40:04Z,8.72
TW19 7AB,SEPD,LV,1,TR9314,31,2026-07-22T14:56:49Z,2026-07-22T23:40:04Z,8.72
TW19 7AD,SEPD,LV,1,TR9314,31,2026-07-22T14:56:49Z,2026-07-22T23:40:04Z,8.72
TW19 7BA,SEPD,LV,1,TR9314,31,2026-07-22T14:56:49Z,2026-07-22T23:40:04Z,8.72
TW19 7TT,SEPD,LV,1,TR9314,31,2026-07-22T14:56:49Z,2026-07-22T23:40:04Z,8.72
BH16 6DA,SEPD,PSI,2,"253134,253135",80,2026-07-19T09:22:26Z,2026-07-22T12:51:44Z,8.64
SN3 1JL,SEPD,LV,1,TR9991,15,2026-07-23T04:36:19Z,2026-07-23T13:12:33Z,8.6
SN3 1LG,SEPD,LV,1,TR9991,15,2026-07-23T04:36:19Z,2026-07-23T13:12:33Z,8.6
SN3 1LJ,SEPD,LV,1,TR9991,15,2026-07-23T04:36:19Z,2026-07-23T13:12:33Z,8.6
SN3 1LQ,SEPD,LV,1,TR9991,15,2026-07-23T04:36:19Z,2026-07-23T13:12:33Z,8.6
UB9 6LS,SEPD,HV,1,TR9957,10,2026-07-23T01:12:43Z,2026-07-23T09:42:08Z,8.49
UB9 6LT,SEPD,HV,1,TR9957,10,2026-07-23T01:12:43Z,2026-07-23T09:42:08Z,8.49
PO20 3RP,SEPD,LV,1,TR4913,8,2026-07-20T04:56:34Z,2026-07-20T13:20:54Z,8.41
PO20 3RR,SEPD,LV,1,TR4913,8,2026-07-20T04:56:34Z,2026-07-20T13:20:54Z,8.41
W4 1LH,SEPD,LV,1,TR9264,49,2026-07-23T11:33:52Z,2026-07-23T19:51:44Z,8.3
W6 0UQ,SEPD,LV,1,TR9264,49,2026-07-23T11:33:52Z,2026-07-23T19:51:44Z,8.3
W6 0XT,SEPD,LV,1,TR9264,49,2026-07-23T11:33:52Z,2026-07-23T19:51:44Z,8.3
W6 0XX,SEPD,LV,1,TR9264,49,2026-07-23T11:33:52Z,2026-07-23T19:51:44Z,8.3
W6 0XY,SEPD,LV,1,TR9264,49,2026-07-23T11:33:52Z,2026-07-23T19:51:44Z,8.3
W6 0YA,SEPD,LV,1,TR9264,49,2026-07-23T11:33:52Z,2026-07-23T19:51:44Z,8.3
W6 0YD,SEPD,LV,1,TR9264,49,2026-07-23T11:33:52Z,2026-07-23T19:51:44Z,8.3
W6 0YE,SEPD,LV,1,TR9264,49,2026-07-23T11:33:52Z,2026-07-23T19:51:44Z,8.3
W6 0YF,SEPD,LV,1,TR9264,49,2026-07-23T11:33:52Z,2026-07-23T19:51:44Z,8.3
BA22 8LJ,SEPD,LV,1,TR2456,22,2026-07-18T03:29:41Z,2026-07-18T11:37:11Z,8.12
BA22 8LL,SEPD,LV,1,TR2456,22,2026-07-18T03:29:41Z,2026-07-18T11:37:11Z,8.12
BA22 8LP,SEPD,LV,1,TR2456,22,2026-07-18T03:29:41Z,2026-07-18T11:37:11Z,8.12
BA22 8LQ,SEPD,LV,1,TR2456,22,2026-07-18T03:29:41Z,2026-07-18T11:37:11Z,8.12
BA22 8LR,SEPD,LV,1,TR2456,22,2026-07-18T03:29:41Z,2026-07-18T11:37:11Z,8.12
BA22 8LX,SEPD,LV,1,TR2456,22,2026-07-18T03:29:41Z,2026-07-18T11:37:11Z,8.12
BA22 8NJ,SEPD,LV,1,TR2456,22,2026-07-18T03:29:41Z,2026-07-18T11:37:11Z,8.12
PO36 8PG,SEPD,LV,1,TR3716,17,2026-07-19T09:22:26Z,2026-07-19T17:28:41Z,8.1
PO36 9FP,SEPD,LV,1,TR3716,17,2026-07-19T09:22:26Z,2026-07-19T17:28:41Z,8.1
PO36 9JS,SEPD,LV,1,TR3716,17,2026-07-19T09:22:26Z,2026-07-19T17:28:41Z,8.1
PO36 9JT,SEPD,LV,1,TR3716,17,2026-07-19T09:22:26Z,2026-07-19T17:28:41Z,8.1
PO36 9LF,SEPD,LV,1,TR3716,17,2026-07-19T09:22:26Z,2026-07-19T17:28:41Z,8.1
PO36 9LJ,SEPD,LV,1,TR3716,17,2026-07-19T09:22:26Z,2026-07-19T17:28:41Z,8.1
PO36 9LL,SEPD,LV,1,TR3716,17,2026-07-19T09:22:26Z,2026-07-19T17:28:41Z,8.1
RG19 4GL,SEPD,LV,1,TR3733,12,2026-07-19T09:22:26Z,2026-07-19T17:28:41Z,8.1
RG19 4GQ,SEPD,LV,1,TR3733,12,2026-07-19T09:22:26Z,2026-07-19T17:28:41Z,8.1
SN12 6UG,SEPD,LV,1,TR3657,29,2026-07-19T07:14:43Z,2026-07-19T15:17:07Z,8.04
SN12 6UH,SEPD,LV,1,TR3657,29,2026-07-19T07:14:43Z,2026-07-19T15:17:07Z,8.04
SN12 6UJ,SEPD,LV,1,TR3657,29,2026-07-19T07:14:43Z,2026-07-19T15:17:07Z,8.04
SN12 6UQ,SEPD,LV,1,TR3657,29,2026-07-19T07:14:43Z,2026-07-19T15:17:07Z,8.04
GU34 4PQ,SEPD,"PSI,LV",3,"252806,252808,TR6438",42,2026-07-20T11:15:14Z,2026-07-22T14:56:49Z,7.96
GU34 4QH,SEPD,PSI,2,"252806,252808",39,2026-07-20T11:15:14Z,2026-07-22T14:56:49Z,7.96
RG27 8BS,SEPD,"PSI,HV",2,"253254,TS0855",273,2026-07-23T09:42:08Z,2026-07-23T15:26:04Z,7.96
RG27 8FG,SEPD,"PSI,HV",2,"253254,TS0855",273,2026-07-23T09:42:08Z,2026-07-23T15:26:04Z,7.96
RG27 8FL,SEPD,"PSI,HV",2,"253254,TS0855",273,2026-07-23T09:42:08Z,2026-07-23T15:26:04Z,7.96
RG27 8HY,SEPD,"PSI,HV",2,"253254,TS0855",273,2026-07-23T09:42:08Z,2026-07-23T15:26:04Z,7.96
RG27 8JB,SEPD,"PSI,HV",2,"253254,TS0855",273,2026-07-23T09:42:08Z,2026-07-23T15:26:04Z,7.96
RG27 8JD,SEPD,"PSI,HV",2,"253254,TS0855",273,2026-07-23T09:42:08Z,2026-07-23T15:26:04Z,7.96
RG27 8JE,SEPD,"PSI,HV",2,"253254,TS0855",273,2026-07-23T09:42:08Z,2026-07-23T15:26:04Z,7.96
RG27 8JF,SEPD,"PSI,HV",2,"253254,TS0855",273,2026-07-23T09:42:08Z,2026-07-23T15:26:04Z,7.96
RG27 8JG,SEPD,"PSI,HV",2,"253254,TS0855",273,2026-07-23T09:42:08Z,2026-07-23T15:26:04Z,7.96
RG27 8WP,SEPD,"PSI,HV",2,"253254,TS0855",273,2026-07-23T09:42:08Z,2026-07-23T15:26:04Z,7.96
BH23 5JH,SEPD,LV,1,TR1082,43,2026-07-17T04:23:26Z,2026-07-17T12:16:58Z,7.89
BH23 5JJ,SEPD,LV,1,TR1082,43,2026-07-17T04:23:26Z,2026-07-17T12:16:58Z,7.89
BH23 5JL,SEPD,LV,1,TR1082,43,2026-07-17T04:23:26Z,2026-07-17T12:16:58Z,7.89
BH23 5JQ,SEPD,LV,1,TR1082,43,2026-07-17T04:23:26Z,2026-07-17T12:16:58Z,7.89
BH23 5JT,SEPD,LV,1,TR1082,43,2026-07-17T04:23:26Z,2026-07-17T12:16:58Z,7.89
BH23 5JU,SEPD,LV,1,TR1082,43,2026-07-17T04:23:26Z,2026-07-17T12:16:58Z,7.89
BH23 5JX,SEPD,LV,1,TR1082,43,2026-07-17T04:23:26Z,2026-07-17T12:16:58Z,7.89
BH23 5LE,SEPD,LV,1,TR1082,43,2026-07-17T04:23:26Z,2026-07-17T12:16:58Z,7.89
BH23 5LF,SEPD,LV,1,TR1082,43,2026-07-17T04:23:26Z,2026-07-17T12:16:58Z,7.89
PO17 5BB,SEPD,HV,1,TR7682,77,2026-07-21T15:17:11Z,2026-07-21T23:10:35Z,7.89
PO17 6AY,SEPD,HV,1,TR7682,77,2026-07-21T15:17:11Z,2026-07-21T23:10:35Z,7.89
PO17 6JD,SEPD,HV,1,TR7682,77,2026-07-21T15:17:11Z,2026-07-21T23:10:35Z,7.89
PO17 6JY,SEPD,HV,1,TR7682,77,2026-07-21T15:17:11Z,2026-07-21T23:10:35Z,7.89
PO17 6JZ,SEPD,HV,1,TR7682,77,2026-07-21T15:17:11Z,2026-07-21T23:10:35Z,7.89
PO17 6LA,SEPD,HV,1,TR7682,77,2026-07-21T15:17:11Z,2026-07-21T23:10:35Z,7.89
PO17 6LB,SEPD,HV,1,TR7682,77,2026-07-21T15:17:11Z,2026-07-21T23:10:35Z,7.89
SO30 3PJ,SEPD,HV,1,TR7682,77,2026-07-21T15:17:11Z,2026-07-21T23:10:35Z,7.89
SO32,SEPD,HV,1,TR7682,77,2026-07-21T15:17:11Z,2026-07-21T23:10:35Z,7.89
SO32 1AF,SEPD,PSI,1,253388,35,2026-07-21T19:50:28Z,2026-07-22T03:44:05Z,7.89
SO32 1AG,SEPD,PSI,1,253388,35,2026-07-21T19:50:28Z,2026-07-22T03:44:05Z,7.89
SO32 1AJ,SEPD,PSI,1,253388,35,2026-07-21T19:50:28Z,2026-07-22T03:44:05Z,7.89
SO32 1AR,SEPD,PSI,1,253388,35,2026-07-21T19:50:28Z,2026-07-22T03:44:05Z,7.89
SO32 1PA,SEPD,PSI,1,253388,35,2026-07-21T19:50:28Z,2026-07-22T03:44:05Z,7.89
SO32 2NX,SEPD,HV,1,TR7682,77,2026-07-21T15:17:11Z,2026-07-21T23:10:35Z,7.89
SO32 2QF,SEPD,HV,1,TR7682,77,2026-07-21T15:17:11Z,2026-07-21T23:10:35Z,7.89
SO32 3QH,SEPD,HV,1,TR7682,77,2026-07-21T15:17:11Z,2026-07-21T23:10:35Z,7.89
SO31 6UP,SEPD,LV,1,TR2632,18,2026-07-18T07:21:10Z,2026-07-18T15:13:53Z,7.88
DT2 8NF,SEPD,HV,1,TR2784,11,2026-07-18T10:39:50Z,2026-07-18T18:30:34Z,7.85
DT2 8NQ,SEPD,HV,1,TR2784,11,2026-07-18T10:39:50Z,2026-07-18T18:30:34Z,7.85
AB12 5DA,SHEPD,LV,1,TR5453,12,2026-07-20T11:15:14Z,2026-07-20T19:03:28Z,7.8
AB12 5DB,SHEPD,LV,1,TR5453,12,2026-07-20T11:15:14Z,2026-07-20T19:03:28Z,7.8
OX4 3LL,SEPD,LV,1,TR5267,27,2026-07-20T11:15:14Z,2026-07-20T19:03:28Z,7.8
OX4 3LN,SEPD,LV,1,TR5267,27,2026-07-20T11:15:14Z,2026-07-20T19:03:28Z,7.8
OX4 3LW,SEPD,LV,1,TR5267,27,2026-07-20T11:15:14Z,2026-07-20T19:03:28Z,7.8
OX4 3XH,SEPD,LV,1,TR5267,27,2026-07-20T11:15:14Z,2026-07-20T19:03:28Z,7.8
OX4 3XR,SEPD,LV,1,TR5267,27,2026-07-20T11:15:14Z,2026-07-20T19:03:28Z,7.8
OX4 3XY,SEPD,LV,1,TR5267,27,2026-07-20T11:15:14Z,2026-07-20T19:03:28Z,7.8
OX4 3YA,SEPD,LV,1,TR5267,27,2026-07-20T11:15:14Z,2026-07-20T19:03:28Z,7.8
OX4 3YB,SEPD,LV,1,TR5267,27,2026-07-20T11:15:14Z,2026-07-20T19:03:28Z,7.8
OX4 3YF,SEPD,LV,1,TR5267,27,2026-07-20T11:15:14Z,2026-07-20T19:03:28Z,7.8
SO30 2DY,SEPD,LV,1,TR5072,3,2026-07-20T11:15:14Z,2026-07-20T19:03:28Z,7.8
RG41 2NY,SEPD,LV,1,TR4425,22,2026-07-19T17:28:41Z,2026-07-20T01:13:37Z,7.75
RG41 2NZ,SEPD,LV,1,TR4425,22,2026-07-19T17:28:41Z,2026-07-20T01:13:37Z,7.75
RG41 2PA,SEPD,LV,1,TR4425,22,2026-07-19T17:28:41Z,2026-07-20T01:13:37Z,7.75
RG41 2PB,SEPD,LV,1,TR4425,22,2026-07-19T17:28:41Z,2026-07-20T01:13:37Z,7.75
RG41 2PD,SEPD,LV,1,TR4425,22,2026-07-19T17:28:41Z,2026-07-20T01:13:37Z,7.75
SO30 2EQ,SEPD,"PSI,LV",2,"251914,TS1128",71,2026-07-23T07:17:34Z,2026-07-23T17:00:57Z,7.5
BH16 5AJ,SEPD,LV,1,TR3979,20,2026-07-19T15:17:07Z,2026-07-19T22:33:41Z,7.28
BH16 5AL,SEPD,LV,1,TR3979,20,2026-07-19T15:17:07Z,2026-07-19T22:33:41Z,7.28
BH16 5AN,SEPD,LV,1,TR3979,20,2026-07-19T15:17:07Z,2026-07-19T22:33:41Z,7.28
BH16 5AR,SEPD,LV,1,TR3979,20,2026-07-19T15:17:07Z,2026-07-19T22:33:41Z,7.28
BH16 5AX,SEPD,LV,1,TR3979,20,2026-07-19T15:17:07Z,2026-07-19T22:33:41Z,7.28
BH16 5BZ,SEPD,LV,1,TR3979,20,2026-07-19T15:17:07Z,2026-07-19T22:33:41Z,7.28
BH16 5DR,SEPD,LV,1,TR3979,20,2026-07-19T15:17:07Z,2026-07-19T22:33:41Z,7.28
PA34 4HP,SHEPD,HV,1,TR3881,178,2026-07-19T12:41:51Z,2026-07-19T19:46:39Z,7.08
PA38 4BF,SHEPD,HV,1,TR3881,178,2026-07-19T12:41:51Z,2026-07-19T19:46:39Z,7.08
PA38 4BU,SHEPD,HV,1,TR3881,178,2026-07-19T12:41:51Z,2026-07-19T19:46:39Z,7.08
PA38 4BY,SHEPD,HV,1,TR3881,178,2026-07-19T12:41:51Z,2026-07-19T19:46:39Z,7.08
PA38 4BZ,SHEPD,HV,1,TR3881,178,2026-07-19T12:41:51Z,2026-07-19T19:46:39Z,7.08
PH48 4AA,SHEPD,HV,1,TR3881,178,2026-07-19T12:41:51Z,2026-07-19T19:46:39Z,7.08
PH49 4AA,SHEPD,HV,1,TR3881,178,2026-07-19T12:41:51Z,2026-07-19T19:46:39Z,7.08
PH49 4JB,SHEPD,HV,1,TR3881,178,2026-07-19T12:41:51Z,2026-07-19T19:46:39Z,7.08
PH49 4JD,SHEPD,HV,1,TR3881,178,2026-07-19T12:41:51Z,2026-07-19T19:46:39Z,7.08
PH49 4JE,SHEPD,HV,1,TR3881,178,2026-07-19T12:41:51Z,2026-07-19T19:46:39Z,7.08
PH49 4JF,SHEPD,HV,1,TR3881,178,2026-07-19T12:41:51Z,2026-07-19T19:46:39Z,7.08
PH49 4JG,SHEPD,HV,1,TR3881,178,2026-07-19T12:41:51Z,2026-07-19T19:46:39Z,7.08
PH49 4JH,SHEPD,HV,1,TR3881,178,2026-07-19T12:41:51Z,2026-07-19T19:46:39Z,7.08
PH49 4JJ,SHEPD,HV,1,TR3881,178,2026-07-19T12:41:51Z,2026-07-19T19:46:39Z,7.08
PH49 4JL,SHEPD,HV,1,TR3881,178,2026-07-19T12:41:51Z,2026-07-19T19:46:39Z,7.08
PH49 4JN,SHEPD,HV,1,TR3881,178,2026-07-19T12:41:51Z,2026-07-19T19:46:39Z,7.08
PH49 4JP,SHEPD,HV,1,TR3881,178,2026-07-19T12:41:51Z,2026-07-19T19:46:39Z,7.08
PH49 4JQ,SHEPD,HV,1,TR3881,178,2026-07-19T12:41:51Z,2026-07-19T19:46:39Z,7.08
PH49 4JR,SHEPD,HV,1,TR3881,178,2026-07-19T12:41:51Z,2026-07-19T19:46:39Z,7.08
PH49 4JS,SHEPD,HV,1,TR3881,178,2026-07-19T12:41:51Z,2026-07-19T19:46:39Z,7.08
PH49 4JT,SHEPD,HV,1,TR3881,178,2026-07-19T12:41:51Z,2026-07-19T19:46:39Z,7.08
PH49 4JW,SHEPD,HV,1,TR3881,178,2026-07-19T12:41:51Z,2026-07-19T19:46:39Z,7.08
PH49 4JX,SHEPD,HV,1,TR3881,178,2026-07-19T12:41:51Z,2026-07-19T19:46:39Z,7.08
PH49 4JY,SHEPD,HV,1,TR3881,178,2026-07-19T12:41:51Z,2026-07-19T19:46:39Z,7.08
PH49 4JZ,SHEPD,HV,1,TR3881,178,2026-07-19T12:41:51Z,2026-07-19T19:46:39Z,7.08
PH49 4LB,SHEPD,HV,1,TR3881,178,2026-07-19T12:41:51Z,2026-07-19T19:46:39Z,7.08
PH49 4LG,SHEPD,HV,1,TR3881,178,2026-07-19T12:41:51Z,2026-07-19T19:46:39Z,7.08
PH49 4LH,SHEPD,HV,1,TR3881,178,2026-07-19T12:41:51Z,2026-07-19T19:46:39Z,7.08
PH49 4LQ,SHEPD,HV,1,TR3881,178,2026-07-19T12:41:51Z,2026-07-19T19:46:39Z,7.08
PH49 4LR,SHEPD,HV,1,TR3881,178,2026-07-19T12:41:51Z,2026-07-19T19:46:39Z,7.08
GU8 5UQ,SEPD,PSI,2,"252461,252462",11,2026-07-17T08:56:05Z,2026-07-23T11:33:52Z,7.06
PH15 2HP,SHEPD,PSI,2,"253090,253116",147,2026-07-23T09:42:08Z,2026-07-23T13:12:33Z,7.02
PH15 2HR,SHEPD,PSI,2,"253090,253116",147,2026-07-23T09:42:08Z,2026-07-23T13:12:33Z,7.02
PH15 2HU,SHEPD,PSI,2,"253090,253116",147,2026-07-23T09:42:08Z,2026-07-23T13:12:33Z,7.02
SN5 8DD,SEPD,LV,1,TR1773,29,2026-07-17T14:08:22Z,2026-07-17T21:08:18Z,7.0
SN5 8DE,SEPD,LV,1,TR1773,29,2026-07-17T14:08:22Z,2026-07-17T21:08:18Z,7.0
SN5 8DF,SEPD,LV,1,TR1773,29,2026-07-17T14:08:22Z,2026-07-17T21:08:18Z,7.0
SN5 8DG,SEPD,LV,1,TR1773,29,2026-07-17T14:08:22Z,2026-07-17T21:08:18Z,7.0
SN5 8SX,SEPD,LV,1,TR1773,29,2026-07-17T14:08:22Z,2026-07-17T21:08:18Z,7.0
SO40 4PA,SEPD,LV,1,TR1340,14,2026-07-17T14:08:22Z,2026-07-17T21:08:18Z,7.0
SO40 4PB,SEPD,LV,1,TR1340,14,2026-07-17T14:08:22Z,2026-07-17T21:08:18Z,7.0
SO40 4XX,SEPD,LV,1,TR1340,14,2026-07-17T14:08:22Z,2026-07-17T21:08:18Z,7.0
PO20 2DA,SEPD,HV,2,"TR3670,TR3715",254,2026-07-19T07:14:43Z,2026-07-19T16:15:34Z,6.89
PO20 2DD,SEPD,HV,2,"TR3670,TR3715",254,2026-07-19T07:14:43Z,2026-07-19T16:15:34Z,6.89
PO20 2DL,SEPD,HV,2,"TR3670,TR3715",254,2026-07-19T07:14:43Z,2026-07-19T16:15:34Z,6.89
PO20 2DP,SEPD,HV,2,"TR3670,TR3715",254,2026-07-19T07:14:43Z,2026-07-19T16:15:34Z,6.89
PO20 2FH,SEPD,HV,2,"TR3670,TR3715",254,2026-07-19T07:14:43Z,2026-07-19T16:15:34Z,6.89
PO20 2NN,SEPD,HV,2,"TR3670,TR3715",254,2026-07-19T07:14:43Z,2026-07-19T16:15:34Z,6.89
DT9 5AG,SEPD,LV,1,TR3705,26,2026-07-19T09:22:26Z,2026-07-19T16:15:34Z,6.89
DT9 5AQ,SEPD,LV,1,TR3705,26,2026-07-19T09:22:26Z,2026-07-19T16:15:34Z,6.89
DT9 5DF,SEPD,LV,1,TR3705,26,2026-07-19T09:22:26Z,2026-07-19T16:15:34Z,6.89
DT9 5DG,SEPD,LV,1,TR3705,26,2026-07-19T09:22:26Z,2026-07-19T16:15:34Z,6.89
DT9 5DH,SEPD,LV,1,TR3705,26,2026-07-19T09:22:26Z,2026-07-19T16:15:34Z,6.89
DT9 5DQ,SEPD,LV,1,TR3705,26,2026-07-19T09:22:26Z,2026-07-19T16:15:34Z,6.89
DT9 5EP,SEPD,LV,1,TR3705,26,2026-07-19T09:22:26Z,2026-07-19T16:15:34Z,6.89
DT9 5ER,SEPD,LV,1,TR3705,26,2026-07-19T09:22:26Z,2026-07-19T16:15:34Z,6.89
DT9 5ES,SEPD,LV,1,TR3705,26,2026-07-19T09:22:26Z,2026-07-19T16:15:34Z,6.89
DT9 5ET,SEPD,LV,1,TR3705,26,2026-07-19T09:22:26Z,2026-07-19T16:15:34Z,6.89
DT9 5EW,SEPD,LV,1,TR3705,26,2026-07-19T09:22:26Z,2026-07-19T16:15:34Z,6.89
DT9 5FB,SEPD,LV,1,TR3705,26,2026-07-19T09:22:26Z,2026-07-19T16:15:34Z,6.89
OX29 5AY,SEPD,HV,1,TR7294,28,2026-07-21T15:17:11Z,2026-07-21T22:08:47Z,6.86
OX29 9EF,SEPD,HV,1,TR7294,28,2026-07-21T15:17:11Z,2026-07-21T22:08:47Z,6.86
OX29 9NT,SEPD,HV,1,TR7294,28,2026-07-21T15:17:11Z,2026-07-21T22:08:47Z,6.86
OX29 9NY,SEPD,HV,1,TR7294,28,2026-07-21T15:17:11Z,2026-07-21T22:08:47Z,6.86
OX29 9NZ,SEPD,HV,1,TR7294,28,2026-07-21T15:17:11Z,2026-07-21T22:08:47Z,6.86
OX29 9PF,SEPD,HV,1,TR7294,28,2026-07-21T15:17:11Z,2026-07-21T22:08:47Z,6.86
OX7 6AR,SEPD,HV,1,TR7294,28,2026-07-21T15:17:11Z,2026-07-21T22:08:47Z,6.86
OX7 6AS,SEPD,HV,1,TR7294,28,2026-07-21T15:17:11Z,2026-07-21T22:08:47Z,6.86
RG7 5EE,SEPD,PSI,2,"253463,253464",14,2026-07-20T08:13:24Z,2026-07-23T13:12:33Z,6.76
TW16 7AZ,SEPD,LV,1,TR1300,28,2026-07-17T08:56:05Z,2026-07-17T15:38:03Z,6.7
TW16 7BD,SEPD,LV,1,TR1300,28,2026-07-17T08:56:05Z,2026-07-17T15:38:03Z,6.7
SO53 4NR,SEPD,LV,2,"TR4506,TR5010",52,2026-07-19T18:31:56Z,2026-07-20T08:13:24Z,6.69
SO53 4NS,SEPD,LV,2,"TR4506,TR5010",52,2026-07-19T18:31:56Z,2026-07-20T08:13:24Z,6.69
SO53 4NX,SEPD,LV,2,"TR4506,TR5010",52,2026-07-19T18:31:56Z,2026-07-20T08:13:24Z,6.69
RG31 5WD,SEPD,LV,1,TR3949,27,2026-07-19T18:31:56Z,2026-07-20T01:13:37Z,6.69
RG31 5WE,SEPD,LV,1,TR3949,27,2026-07-19T18:31:56Z,2026-07-20T01:13:37Z,6.69
RG31 5WF,SEPD,LV,1,TR3949,27,2026-07-19T18:31:56Z,2026-07-20T01:13:37Z,6.69
W5 2RB,SEPD,LV,1,TR3707,14,2026-07-23T13:12:33Z,2026-07-23T19:51:44Z,6.65
OX29 0SL,SEPD,LV,1,TR3791,9,2026-07-19T10:50:39Z,2026-07-19T17:28:41Z,6.63
SN8 2FU,SEPD,HV,1,TR1105,16,2026-07-17T04:23:26Z,2026-07-17T10:54:25Z,6.52
SN8 2HE,SEPD,HV,1,TR1105,16,2026-07-17T04:23:26Z,2026-07-17T10:54:25Z,6.52
SN8 2HG,SEPD,HV,1,TR1105,16,2026-07-17T04:23:26Z,2026-07-17T10:54:25Z,6.52
PH2 6AN,SHEPD,HV,1,TR3054,38,2026-07-18T14:08:11Z,2026-07-18T20:33:56Z,6.43
PH2 6AU,SHEPD,HV,1,TR3054,38,2026-07-18T14:08:11Z,2026-07-18T20:33:56Z,6.43
PH2 6DA,SHEPD,HV,1,TR3054,38,2026-07-18T14:08:11Z,2026-07-18T20:33:56Z,6.43
PH2 6DB,SHEPD,HV,1,TR3054,38,2026-07-18T14:08:11Z,2026-07-18T20:33:56Z,6.43
PH2 6HP,SHEPD,HV,1,TR3054,38,2026-07-18T14:08:11Z,2026-07-18T20:33:56Z,6.43
PH2 6HR,SHEPD,HV,1,TR3054,38,2026-07-18T14:08:11Z,2026-07-18T20:33:56Z,6.43
PH2 6HT,SHEPD,HV,1,TR3054,38,2026-07-18T14:08:11Z,2026-07-18T20:33:56Z,6.43
PH2 6TS,SHEPD,HV,1,TR3054,38,2026-07-18T14:08:11Z,2026-07-18T20:33:56Z,6.43
PH2 7JJ,SHEPD,HV,1,TR3054,38,2026-07-18T14:08:11Z,2026-07-18T20:33:56Z,6.43
PH2 9LN,SHEPD,HV,1,TR7399,3,2026-07-21T16:50:04Z,2026-07-21T23:10:35Z,6.34
BA14 6NU,SEPD,LV,1,TR4922,11,2026-07-20T04:56:34Z,2026-07-20T11:15:14Z,6.31
BA14 6NX,SEPD,LV,1,TR4922,11,2026-07-20T04:56:34Z,2026-07-20T11:15:14Z,6.31
BA14 6NZ,SEPD,LV,1,TR4922,11,2026-07-20T04:56:34Z,2026-07-20T11:15:14Z,6.31
BA14 6PA,SEPD,LV,1,TR4922,11,2026-07-20T04:56:34Z,2026-07-20T11:15:14Z,6.31
PA44 7PL,SHEPD,HV,1,TR4926,23,2026-07-20T04:56:34Z,2026-07-20T11:15:14Z,6.31
PA44 7PN,SHEPD,HV,1,TR4926,23,2026-07-20T04:56:34Z,2026-07-20T11:15:14Z,6.31
PA44 7PX,SHEPD,HV,1,TR4926,23,2026-07-20T04:56:34Z,2026-07-20T11:15:14Z,6.31
DT4 0AB,SEPD,LV,2,"TR3629,TR3922",99,2026-07-19T04:33:40Z,2026-07-19T14:13:24Z,6.28
SN1 5BS,SEPD,LV,1,TR3042,28,2026-07-18T16:15:04Z,2026-07-18T22:28:46Z,6.23
SO22 6DP,SEPD,LV,1,TR2659,22,2026-07-18T09:07:02Z,2026-07-18T15:13:53Z,6.11
SO22 6DR,SEPD,LV,1,TR2659,22,2026-07-18T09:07:02Z,2026-07-18T15:13:53Z,6.11
SO22 6DS,SEPD,LV,1,TR2659,22,2026-07-18T09:07:02Z,2026-07-18T15:13:53Z,6.11
SO22 6EH,SEPD,LV,1,TR2659,22,2026-07-18T09:07:02Z,2026-07-18T15:13:53Z,6.11
SO22 6EP,SEPD,LV,1,TR2659,22,2026-07-18T09:07:02Z,2026-07-18T15:13:53Z,6.11
SO22 6FL,SEPD,LV,1,TR2659,22,2026-07-18T09:07:02Z,2026-07-18T15:13:53Z,6.11
BA22 9RL,SEPD,"LV,HV",2,"TR3099,TR3314",207,2026-07-18T17:26:12Z,2026-07-18T22:28:46Z,5.96
BA22 9RR,SEPD,"LV,HV",2,"TR3099,TR3314",207,2026-07-18T17:26:12Z,2026-07-18T22:28:46Z,5.96
BH24 2BP,SEPD,PSI,1,251157,2,2026-07-23T07:17:34Z,2026-07-23T13:12:33Z,5.92
GU19 5EZ,SEPD,PSI,1,252527,6,2026-07-23T07:17:34Z,2026-07-23T13:12:33Z,5.92
GU19 5HZ,SEPD,PSI,1,252527,6,2026-07-23T07:17:34Z,2026-07-23T13:12:33Z,5.92
GU20 6PQ,SEPD,PSI,1,252527,6,2026-07-23T07:17:34Z,2026-07-23T13:12:33Z,5.92
PO8 0RN,SEPD,PSI,1,251914,40,2026-07-23T07:17:34Z,2026-07-23T13:12:33Z,5.92
RG14 7TD,SEPD,PSI,1,251791,4,2026-07-23T07:17:34Z,2026-07-23T13:12:33Z,5.92
RG20 9BS,SEPD,PSI,1,251791,4,2026-07-23T07:17:34Z,2026-07-23T13:12:33Z,5.92
SO30 2ER,SEPD,PSI,1,251914,40,2026-07-23T07:17:34Z,2026-07-23T13:12:33Z,5.92
W4 2SH,SEPD,PSI,1,252527,6,2026-07-23T07:17:34Z,2026-07-23T13:12:33Z,5.92
PO20 2AB,SEPD,HV,2,"TR3670,TR3715",254,2026-07-19T07:14:43Z,2026-07-19T15:17:07Z,5.91
PO20 2BP,SEPD,HV,2,"TR3670,TR3715",254,2026-07-19T07:14:43Z,2026-07-19T15:17:07Z,5.91
PO20 2BT,SEPD,HV,2,"TR3670,TR3715",254,2026-07-19T07:14:43Z,2026-07-19T15:17:07Z,5.91
PO20 2BU,SEPD,HV,2,"TR3670,TR3715",254,2026-07-19T07:14:43Z,2026-07-19T15:17:07Z,5.91
PO20 2BX,SEPD,HV,2,"TR3670,TR3715",254,2026-07-19T07:14:43Z,2026-07-19T15:17:07Z,5.91
PO20 2BY,SEPD,HV,2,"TR3670,TR3715",254,2026-07-19T07:14:43Z,2026-07-19T15:17:07Z,5.91
PO20 2DE,SEPD,HV,2,"TR3670,TR3715",254,2026-07-19T07:14:43Z,2026-07-19T15:17:07Z,5.91
PO20 2DG,SEPD,HV,2,"TR3670,TR3715",254,2026-07-19T07:14:43Z,2026-07-19T15:17:07Z,5.91
PO20 2DH,SEPD,HV,2,"TR3670,TR3715",254,2026-07-19T07:14:43Z,2026-07-19T15:17:07Z,5.91
PO20 2DJ,SEPD,HV,2,"TR3670,TR3715",254,2026-07-19T07:14:43Z,2026-07-19T15:17:07Z,5.91
PO20 2DN,SEPD,HV,2,"TR3670,TR3715",254,2026-07-19T07:14:43Z,2026-07-19T15:17:07Z,5.91
PO20 2DQ,SEPD,HV,2,"TR3670,TR3715",254,2026-07-19T07:14:43Z,2026-07-19T15:17:07Z,5.91
PO20 2DW,SEPD,HV,2,"TR3670,TR3715",254,2026-07-19T07:14:43Z,2026-07-19T15:17:07Z,5.91
BA11 4NB,SEPD,"PSI,LV",2,"253521,TR8552",21,2026-07-22T09:04:22Z,2026-07-22T14:56:49Z,5.87
AB12 3ZT,SHEPD,PSI,1,252288,16,2026-07-22T09:04:22Z,2026-07-22T14:56:49Z,5.87
AB12 5XT,SHEPD,PSI,1,252288,16,2026-07-22T09:04:22Z,2026-07-22T14:56:49Z,5.87
AB12 5YN,SHEPD,PSI,1,252288,16,2026-07-22T09:04:22Z,2026-07-22T14:56:49Z,5.87
BH24 2SG,SEPD,PSI,1,252451,27,2026-07-22T09:04:22Z,2026-07-22T14:56:49Z,5.87
BH24 2SJ,SEPD,PSI,1,252451,27,2026-07-22T09:04:22Z,2026-07-22T14:56:49Z,5.87
BH24 2SL,SEPD,PSI,1,252451,27,2026-07-22T09:04:22Z,2026-07-22T14:56:49Z,5.87
OX11 9AA,SEPD,PSI,1,253126,62,2026-07-22T09:04:22Z,2026-07-22T14:56:49Z,5.87
OX11 9BN,SEPD,PSI,1,253126,62,2026-07-22T09:04:22Z,2026-07-22T14:56:49Z,5.87
OX11 9LB,SEPD,PSI,1,253126,62,2026-07-22T09:04:22Z,2026-07-22T14:56:49Z,5.87
OX11 9LE,SEPD,PSI,1,253126,62,2026-07-22T09:04:22Z,2026-07-22T14:56:49Z,5.87
OX11 9LF,SEPD,PSI,1,253126,62,2026-07-22T09:04:22Z,2026-07-22T14:56:49Z,5.87
OX7 4FL,SEPD,PSI,1,253085,62,2026-07-22T09:04:22Z,2026-07-22T14:56:49Z,5.87
OX7 4HH,SEPD,PSI,1,253085,62,2026-07-22T09:04:22Z,2026-07-22T14:56:49Z,5.87
OX7 4LD,SEPD,PSI,1,253085,62,2026-07-22T09:04:22Z,2026-07-22T14:56:49Z,5.87
OX7 4LE,SEPD,PSI,1,253085,62,2026-07-22T09:04:22Z,2026-07-22T14:56:49Z,5.87
OX7 4LF,SEPD,PSI,1,253085,62,2026-07-22T09:04:22Z,2026-07-22T14:56:49Z,5.87
OX7 4LG,SEPD,PSI,1,253085,62,2026-07-22T09:04:22Z,2026-07-22T14:56:49Z,5.87
OX7 4LP,SEPD,PSI,1,253085,62,2026-07-22T09:04:22Z,2026-07-22T14:56:49Z,5.87
OX7 4LT,SEPD,PSI,1,253085,62,2026-07-22T09:04:22Z,2026-07-22T14:56:49Z,5.87
OX7 5SX,SEPD,PSI,1,253188,31,2026-07-22T09:04:22Z,2026-07-22T14:56:49Z,5.87
OX7 5SY,SEPD,PSI,1,253188,31,2026-07-22T09:04:22Z,2026-07-22T14:56:49Z,5.87
OX7 5SZ,SEPD,PSI,1,253188,31,2026-07-22T09:04:22Z,2026-07-22T14:56:49Z,5.87
OX7 5TB,SEPD,PSI,1,253188,31,2026-07-22T09:04:22Z,2026-07-22T14:56:49Z,5.87
OX7 5TD,SEPD,PSI,1,253188,31,2026-07-22T09:04:22Z,2026-07-22T14:56:49Z,5.87
OX7 5TE,SEPD,PSI,1,253188,31,2026-07-22T09:04:22Z,2026-07-22T14:56:49Z,5.87
OX7 6PS,SEPD,PSI,1,252130,7,2026-07-22T09:04:22Z,2026-07-22T14:56:49Z,5.87
RG2 9BY,SEPD,PSI,1,252781,2,2026-07-22T09:04:22Z,2026-07-22T14:56:49Z,5.87
RG2 9DB,SEPD,PSI,1,252781,2,2026-07-22T09:04:22Z,2026-07-22T14:56:49Z,5.87
SO43 7FL,SEPD,PSI,1,252445,12,2026-07-22T09:04:22Z,2026-07-22T14:56:49Z,5.87
SO43 7FN,SEPD,PSI,1,252445,12,2026-07-22T09:04:22Z,2026-07-22T14:56:49Z,5.87
GL7 1UA,SEPD,LV,1,TR1512,12,2026-07-17T10:54:25Z,2026-07-17T16:45:38Z,5.85
GL7 1UJ,SEPD,LV,1,TR1512,12,2026-07-17T10:54:25Z,2026-07-17T16:45:38Z,5.85
GL7 1UL,SEPD,LV,1,TR1512,12,2026-07-17T10:54:25Z,2026-07-17T16:45:38Z,5.85
GL7 1WA,SEPD,LV,1,TR1512,12,2026-07-17T10:54:25Z,2026-07-17T16:45:38Z,5.85
UB1 2DR,SEPD,LV,1,TR6178,36,2026-07-20T22:41:36Z,2026-07-21T04:32:46Z,5.85
UB1 2DS,SEPD,LV,1,TR6178,36,2026-07-20T22:41:36Z,2026-07-21T04:32:46Z,5.85
UB1 2FH,SEPD,LV,1,TR6178,36,2026-07-20T22:41:36Z,2026-07-21T04:32:46Z,5.85
UB1 2JB,SEPD,LV,1,TR6178,36,2026-07-20T22:41:36Z,2026-07-21T04:32:46Z,5.85
UB1 2JE,SEPD,LV,1,TR6178,36,2026-07-20T22:41:36Z,2026-07-21T04:32:46Z,5.85
UB1 2JF,SEPD,LV,1,TR6178,36,2026-07-20T22:41:36Z,2026-07-21T04:32:46Z,5.85
UB1 2JG,SEPD,LV,1,TR6178,36,2026-07-20T22:41:36Z,2026-07-21T04:32:46Z,5.85
UB1 2JH,SEPD,LV,1,TR6178,36,2026-07-20T22:41:36Z,2026-07-21T04:32:46Z,5.85
UB1 2JJ,SEPD,LV,1,TR6178,36,2026-07-20T22:41:36Z,2026-07-21T04:32:46Z,5.85
UB1 2JL,SEPD,LV,1,TR6178,36,2026-07-20T22:41:36Z,2026-07-21T04:32:46Z,5.85
UB1 2JN,SEPD,LV,1,TR6178,36,2026-07-20T22:41:36Z,2026-07-21T04:32:46Z,5.85
UB1 2LX,SEPD,LV,1,TR6178,36,2026-07-20T22:41:36Z,2026-07-21T04:32:46Z,5.85
SO30 2DN,SEPD,LV,1,TR5072,3,2026-07-20T11:15:14Z,2026-07-20T17:02:15Z,5.78
PA66 6BH,SHEPD,HV,2,"TR8903,TR9831",1050,2026-07-22T11:18:56Z,2026-07-22T23:40:04Z,5.75
PA66 6BL,SHEPD,HV,2,"TR8903,TR9831",1050,2026-07-22T11:18:56Z,2026-07-22T23:40:04Z,5.75
PA66 6BN,SHEPD,HV,2,"TR8903,TR9831",1050,2026-07-22T11:18:56Z,2026-07-22T23:40:04Z,5.75
PA66 6BP,SHEPD,HV,2,"TR8903,TR9831",1050,2026-07-22T11:18:56Z,2026-07-22T23:40:04Z,5.75
PA66 6BS,SHEPD,HV,2,"TR8903,TR9831",1050,2026-07-22T11:18:56Z,2026-07-22T23:40:04Z,5.75
PA66 6BT,SHEPD,HV,2,"TR8903,TR9831",1050,2026-07-22T11:18:56Z,2026-07-22T23:40:04Z,5.75
PA66 6BU,SHEPD,HV,2,"TR8903,TR9831",1050,2026-07-22T11:18:56Z,2026-07-22T23:40:04Z,5.75
PA66 6BW,SHEPD,HV,2,"TR8903,TR9831",1050,2026-07-22T11:18:56Z,2026-07-22T23:40:04Z,5.75
PA67 6DA,SHEPD,HV,2,"TR8903,TR9831",1050,2026-07-22T11:18:56Z,2026-07-22T23:40:04Z,5.75
PA67 6DB,SHEPD,HV,2,"TR8903,TR9831",1050,2026-07-22T11:18:56Z,2026-07-22T23:40:04Z,5.75
PA67 6DG,SHEPD,HV,2,"TR8903,TR9831",1050,2026-07-22T11:18:56Z,2026-07-22T23:40:04Z,5.75
PA67 6DH,SHEPD,HV,2,"TR8903,TR9831",1050,2026-07-22T11:18:56Z,2026-07-22T23:40:04Z,5.75
PA67 6DP,SHEPD,HV,2,"TR8903,TR9831",1050,2026-07-22T11:18:56Z,2026-07-22T23:40:04Z,5.75
PA67 6DQ,SHEPD,HV,2,"TR8903,TR9831",1050,2026-07-22T11:18:56Z,2026-07-22T23:40:04Z,5.75
PA67 6DR,SHEPD,HV,2,"TR8903,TR9831",1050,2026-07-22T11:18:56Z,2026-07-22T23:40:04Z,5.75
PA67 6DS,SHEPD,HV,2,"TR8903,TR9831",1050,2026-07-22T11:18:56Z,2026-07-22T23:40:04Z,5.75
PA67 6DT,SHEPD,HV,2,"TR8903,TR9831",1050,2026-07-22T11:18:56Z,2026-07-22T23:40:04Z,5.75
PA67 6DU,SHEPD,HV,2,"TR8903,TR9831",1050,2026-07-22T11:18:56Z,2026-07-22T23:40:04Z,5.75
PA67 6DW,SHEPD,HV,2,"TR8903,TR9831",1050,2026-07-22T11:18:56Z,2026-07-22T23:40:04Z,5.75
PA67 6DX,SHEPD,HV,2,"TR8903,TR9831",1050,2026-07-22T11:18:56Z,2026-07-22T23:40:04Z,5.75
PA76,SHEPD,HV,2,"TR8903,TR9831",1050,2026-07-22T11:18:56Z,2026-07-22T23:40:04Z,5.75
PA76 6SG,SHEPD,HV,2,"TR8903,TR9831",1050,2026-07-22T11:18:56Z,2026-07-22T23:40:04Z,5.75
PA76 6SJ,SHEPD,HV,2,"TR8903,TR9831",1050,2026-07-22T11:18:56Z,2026-07-22T23:40:04Z,5.75
PA76 6SL,SHEPD,HV,2,"TR8903,TR9831",1050,2026-07-22T11:18:56Z,2026-07-22T23:40:04Z,5.75
PA76 6SN,SHEPD,HV,2,"TR8903,TR9831",1050,2026-07-22T11:18:56Z,2026-07-22T23:40:04Z,5.75
PA76 6SP,SHEPD,HV,2,"TR8903,TR9831",1050,2026-07-22T11:18:56Z,2026-07-22T23:40:04Z,5.75
PA76 6SQ,SHEPD,HV,2,"TR8903,TR9831",1050,2026-07-22T11:18:56Z,2026-07-22T23:40:04Z,5.75
PA76 6SW,SHEPD,HV,2,"TR8903,TR9831",1050,2026-07-22T11:18:56Z,2026-07-22T23:40:04Z,5.75
BH16 6BU,SEPD,PSI,1,253108,22,2026-07-23T09:42:08Z,2026-07-23T15:26:04Z,5.73
BH16 6DB,SEPD,PSI,1,253108,22,2026-07-23T09:42:08Z,2026-07-23T15:26:04Z,5.73
BH21 3RR,SEPD,PSI,1,253108,22,2026-07-23T09:42:08Z,2026-07-23T15:26:04Z,5.73
GU34 4PA,SEPD,PSI,1,252803,8,2026-07-23T09:42:08Z,2026-07-23T15:26:04Z,5.73
GU34 4PE,SEPD,PSI,1,252803,8,2026-07-23T09:42:08Z,2026-07-23T15:26:04Z,5.73
OX7 5QH,SEPD,PSI,1,252360,22,2026-07-23T09:42:08Z,2026-07-23T15:26:04Z,5.73
OX7 5QQ,SEPD,PSI,1,252360,22,2026-07-23T09:42:08Z,2026-07-23T15:26:04Z,5.73
OX7 6PY,SEPD,PSI,1,252360,22,2026-07-23T09:42:08Z,2026-07-23T15:26:04Z,5.73
OX7 6QA,SEPD,PSI,1,252360,22,2026-07-23T09:42:08Z,2026-07-23T15:26:04Z,5.73
SL6 0BG,SEPD,PSI,1,252633,15,2026-07-23T09:42:08Z,2026-07-23T15:26:04Z,5.73
RG20 8UP,SEPD,LV,1,TR3849,9,2026-07-19T11:47:16Z,2026-07-19T17:28:41Z,5.69
BH20 6AH,SEPD,PSI,2,"253027,253437",146,2026-07-20T11:15:14Z,2026-07-23T13:12:33Z,5.6
PO33 3EP,SEPD,LV,1,TR1660,28,2026-07-17T12:16:58Z,2026-07-17T17:52:29Z,5.59
PO33 3EY,SEPD,LV,1,TR1660,28,2026-07-17T12:16:58Z,2026-07-17T17:52:29Z,5.59
PO33 3EZ,SEPD,LV,1,TR1660,28,2026-07-17T12:16:58Z,2026-07-17T17:52:29Z,5.59
PO33 3HS,SEPD,LV,1,TR1660,28,2026-07-17T12:16:58Z,2026-07-17T17:52:29Z,5.59
PO33 3HW,SEPD,LV,1,TR1660,28,2026-07-17T12:16:58Z,2026-07-17T17:52:29Z,5.59
KY13 0PU,SHEPD,HV,1,TR3943,12,2026-07-19T14:13:24Z,2026-07-19T19:46:39Z,5.55
BH16 6BX,SEPD,PSI,1,253088,20,2026-07-21T09:45:34Z,2026-07-21T15:17:11Z,5.53
BH16 6HQ,SEPD,PSI,1,253088,20,2026-07-21T09:45:34Z,2026-07-21T15:17:11Z,5.53
BH16 6AE,SEPD,PSI,2,"252836,252906",78,2026-07-17T08:56:05Z,2026-07-18T12:38:01Z,5.49
TW17 8RJ,SEPD,HV,1,TS0629,26,2026-07-23T11:33:52Z,2026-07-23T17:00:57Z,5.45
TW17 8SN,SEPD,HV,1,TS0629,26,2026-07-23T11:33:52Z,2026-07-23T17:00:57Z,5.45
SO23 7FB,SEPD,HV,1,TR2406,174,2026-07-17T22:05:48Z,2026-07-18T03:29:41Z,5.4
SO23 7FG,SEPD,HV,1,TR2406,174,2026-07-17T22:05:48Z,2026-07-18T03:29:41Z,5.4
SO23 7FP,SEPD,HV,1,TR2406,174,2026-07-17T22:05:48Z,2026-07-18T03:29:41Z,5.4
SO23 7JG,SEPD,HV,1,TR2406,174,2026-07-17T22:05:48Z,2026-07-18T03:29:41Z,5.4
SO23 7LF,SEPD,HV,1,TR2406,174,2026-07-17T22:05:48Z,2026-07-18T03:29:41Z,5.4
SO23 7LG,SEPD,HV,1,TR2406,174,2026-07-17T22:05:48Z,2026-07-18T03:29:41Z,5.4
SO23 7QA,SEPD,HV,1,TR2406,174,2026-07-17T22:05:48Z,2026-07-18T03:29:41Z,5.4
SO23 7QS,SEPD,HV,1,TR2406,174,2026-07-17T22:05:48Z,2026-07-18T03:29:41Z,5.4
SO23 7QT,SEPD,HV,1,TR2406,174,2026-07-17T22:05:48Z,2026-07-18T03:29:41Z,5.4
SO23 7QU,SEPD,HV,1,TR2406,174,2026-07-17T22:05:48Z,2026-07-18T03:29:41Z,5.4
SO23 7SZ,SEPD,HV,1,TR2406,174,2026-07-17T22:05:48Z,2026-07-18T03:29:41Z,5.4
SO23 7XR,SEPD,HV,1,TR2406,174,2026-07-17T22:05:48Z,2026-07-18T03:29:41Z,5.4
DT2 0NT,SEPD,PSI,1,251849,39,2026-07-17T08:56:05Z,2026-07-17T14:08:22Z,5.2
DT2 0PY,SEPD,PSI,1,251849,39,2026-07-17T08:56:05Z,2026-07-17T14:08:22Z,5.2
DT2 0PZ,SEPD,PSI,1,251849,39,2026-07-17T08:56:05Z,2026-07-17T14:08:22Z,5.2
IV63 6XD,SHEPD,PSI,1,253252,49,2026-07-17T08:56:05Z,2026-07-17T14:08:22Z,5.2
IV63 6XG,SHEPD,PSI,1,253252,49,2026-07-17T08:56:05Z,2026-07-17T14:08:22Z,5.2
IV63 6XH,SHEPD,PSI,1,253252,49,2026-07-17T08:56:05Z,2026-07-17T14:08:22Z,5.2
IV63 6XQ,SHEPD,PSI,1,253252,49,2026-07-17T08:56:05Z,2026-07-17T14:08:22Z,5.2
IV63 7YA,SHEPD,PSI,1,252484,12,2026-07-17T08:56:05Z,2026-07-17T14:08:22Z,5.2
IV63 7YD,SHEPD,PSI,1,253252,49,2026-07-17T08:56:05Z,2026-07-17T14:08:22Z,5.2
SP10 1BX,SEPD,PSI,1,253296,14,2026-07-17T08:56:05Z,2026-07-17T14:08:22Z,5.2
BH20 6NH,SEPD,LV,1,TR4930,12,2026-07-20T08:13:24Z,2026-07-20T13:20:54Z,5.12
BH20 6NY,SEPD,LV,1,TR4930,12,2026-07-20T08:13:24Z,2026-07-20T13:20:54Z,5.12
PO18 0JT,SEPD,"PSI,LV",2,"251692,TR7599",27,2026-07-21T09:45:34Z,2026-07-21T19:50:28Z,5.09
AB15 9BN,SHEPD,PSI,1,252972,202,2026-07-22T23:40:04Z,2026-07-23T04:36:19Z,4.94
AB15 9LE,SHEPD,PSI,1,252972,202,2026-07-22T23:40:04Z,2026-07-23T04:36:19Z,4.94
AB15 9LF,SHEPD,PSI,1,252972,202,2026-07-22T23:40:04Z,2026-07-23T04:36:19Z,4.94
AB15 9LG,SHEPD,PSI,1,252972,202,2026-07-22T23:40:04Z,2026-07-23T04:36:19Z,4.94
AB15 9NG,SHEPD,PSI,1,252972,202,2026-07-22T23:40:04Z,2026-07-23T04:36:19Z,4.94
AB15 9NH,SHEPD,PSI,1,252972,202,2026-07-22T23:40:04Z,2026-07-23T04:36:19Z,4.94
AB15 9NU,SHEPD,PSI,1,252972,202,2026-07-22T23:40:04Z,2026-07-23T04:36:19Z,4.94
AB15 9NW,SHEPD,PSI,1,252972,202,2026-07-22T23:40:04Z,2026-07-23T04:36:19Z,4.94
AB15 9NY,SHEPD,PSI,1,252972,202,2026-07-22T23:40:04Z,2026-07-23T04:36:19Z,4.94
AB15 9NZ,SHEPD,PSI,1,252972,202,2026-07-22T23:40:04Z,2026-07-23T04:36:19Z,4.94
AB15 9TY,SHEPD,PSI,1,252972,202,2026-07-22T23:40:04Z,2026-07-23T04:36:19Z,4.94
PO16 0AT,SEPD,LV,1,TR9459,3,2026-07-22T16:37:45Z,2026-07-22T21:32:50Z,4.92
PO16 0BA,SEPD,LV,1,TR9459,3,2026-07-22T16:37:45Z,2026-07-22T21:32:50Z,4.92
AB43 7DH,SHEPD,PSI,1,252857,20,2026-07-19T09:22:26Z,2026-07-19T14:13:24Z,4.85
AB43 7EJ,SHEPD,PSI,1,252857,20,2026-07-19T09:22:26Z,2026-07-19T14:13:24Z,4.85
AB43 7EY,SHEPD,PSI,1,252857,20,2026-07-19T09:22:26Z,2026-07-19T14:13:24Z,4.85
AB43 7GG,SHEPD,PSI,1,252857,20,2026-07-19T09:22:26Z,2026-07-19T14:13:24Z,4.85
AB43 7HB,SHEPD,PSI,1,252857,20,2026-07-19T09:22:26Z,2026-07-19T14:13:24Z,4.85
SL7 1AU,SEPD,LV,1,TR7547,13,2026-07-21T23:10:35Z,2026-07-22T03:44:05Z,4.56
SL7 1AX,SEPD,LV,1,TR7547,13,2026-07-21T23:10:35Z,2026-07-22T03:44:05Z,4.56
SL7 1AY,SEPD,LV,1,TR7547,13,2026-07-21T23:10:35Z,2026-07-22T03:44:05Z,4.56
SL7 1DA,SEPD,LV,1,TR7547,13,2026-07-21T23:10:35Z,2026-07-22T03:44:05Z,4.56
SL7 1ER,SEPD,LV,1,TR7547,13,2026-07-21T23:10:35Z,2026-07-22T03:44:05Z,4.56
RG45 7NE,SEPD,LV,2,"TR5027,TR7229",35,2026-07-20T08:13:24Z,2026-07-21T19:50:28Z,4.55
RG45 7AS,SEPD,LV,1,TR7229,19,2026-07-21T15:17:11Z,2026-07-21T19:50:28Z,4.55
RG45 7QU,SEPD,LV,1,TR7229,19,2026-07-21T15:17:11Z,2026-07-21T19:50:28Z,4.55
RG7 3AD,SEPD,LV,1,TR1073,4,2026-07-17T04:23:26Z,2026-07-17T08:56:05Z,4.54
RG7 3AE,SEPD,LV,1,TR1073,4,2026-07-17T04:23:26Z,2026-07-17T08:56:05Z,4.54
RG7 3AP,SEPD,LV,1,TR1073,4,2026-07-17T04:23:26Z,2026-07-17T08:56:05Z,4.54
SP7 9EA,SEPD,"HV,LV",2,"TR1309,TR2277",112,2026-07-17T10:54:25Z,2026-07-17T20:11:48Z,4.48
BA9 9BL,SEPD,LV,1,TR1109,14,2026-07-17T06:36:22Z,2026-07-17T10:54:25Z,4.3
BA9 9DD,SEPD,LV,1,TR1109,14,2026-07-17T06:36:22Z,2026-07-17T10:54:25Z,4.3
OX11 0QU,SEPD,"LV,HV",2,"TR2618,TR2897",219,2026-07-18T07:21:10Z,2026-07-18T11:37:11Z,4.27
OX11 0RR,SEPD,"LV,HV",2,"TR2618,TR2897",219,2026-07-18T07:21:10Z,2026-07-18T11:37:11Z,4.27
OX11 0RS,SEPD,"LV,HV",2,"TR2618,TR2897",219,2026-07-18T07:21:10Z,2026-07-18T11:37:11Z,4.27
OX11 0RZ,SEPD,"LV,HV",2,"TR2618,TR2897",219,2026-07-18T07:21:10Z,2026-07-18T11:37:11Z,4.27
AB54 6DY,SHEPD,HV,1,TS0176,39,2026-07-23T07:17:34Z,2026-07-23T11:33:52Z,4.27
AB54 6XS,SHEPD,HV,1,TS0176,39,2026-07-23T07:17:34Z,2026-07-23T11:33:52Z,4.27
AB54 6YN,SHEPD,HV,1,TS0176,39,2026-07-23T07:17:34Z,2026-07-23T11:33:52Z,4.27
AB54 6YP,SHEPD,HV,1,TS0176,39,2026-07-23T07:17:34Z,2026-07-23T11:33:52Z,4.27
AB54 6YQ,SHEPD,HV,1,TS0176,39,2026-07-23T07:17:34Z,2026-07-23T11:33:52Z,4.27
AB54 7XT,SHEPD,HV,1,TS0176,39,2026-07-23T07:17:34Z,2026-07-23T11:33:52Z,4.27
AB54 7XY,SHEPD,HV,1,TS0176,39,2026-07-23T07:17:34Z,2026-07-23T11:33:52Z,4.27
AB54 7YL,SHEPD,HV,1,TS0176,39,2026-07-23T07:17:34Z,2026-07-23T11:33:52Z,4.27
BH25 6TZ,SEPD,LV,1,TS0063,11,2026-07-23T07:17:34Z,2026-07-23T11:33:52Z,4.27
ML1 4WJ,SHEPD,PSI,1,252744,8,2026-07-17T00:10:01Z,2026-07-17T04:23:26Z,4.22
ML1 4WQ,SHEPD,PSI,1,252744,8,2026-07-17T00:10:01Z,2026-07-17T04:23:26Z,4.22
SN8 1SB,SEPD,LV,1,TQ8950,7,2026-07-17T00:10:01Z,2026-07-17T04:23:26Z,4.22
SN8 1SD,SEPD,LV,1,TQ8950,7,2026-07-17T00:10:01Z,2026-07-17T04:23:26Z,4.22
SN8 1SE,SEPD,LV,1,TQ8950,7,2026-07-17T00:10:01Z,2026-07-17T04:23:26Z,4.22
SN8 1SF,SEPD,LV,1,TQ8950,7,2026-07-17T00:10:01Z,2026-07-17T04:23:26Z,4.22
SN8 4JN,SEPD,HV,1,TR3179,165,2026-07-18T17:26:12Z,2026-07-18T21:33:17Z,4.12
SN8 4JP,SEPD,HV,1,TR3179,165,2026-07-18T17:26:12Z,2026-07-18T21:33:17Z,4.12
SN8 4JR,SEPD,HV,1,TR3179,165,2026-07-18T17:26:12Z,2026-07-18T21:33:17Z,4.12
SN8 4JS,SEPD,HV,1,TR3179,165,2026-07-18T17:26:12Z,2026-07-18T21:33:17Z,4.12
SN8 4JT,SEPD,HV,1,TR3179,165,2026-07-18T17:26:12Z,2026-07-18T21:33:17Z,4.12
SN8 4JU,SEPD,HV,1,TR3179,165,2026-07-18T17:26:12Z,2026-07-18T21:33:17Z,4.12
SN8 4JW,SEPD,HV,1,TR3179,165,2026-07-18T17:26:12Z,2026-07-18T21:33:17Z,4.12
SN9 5NN,SEPD,HV,1,TR3179,165,2026-07-18T17:26:12Z,2026-07-18T21:33:17Z,4.12
SN9 5NP,SEPD,HV,1,TR3179,165,2026-07-18T17:26:12Z,2026-07-18T21:33:17Z,4.12
SN9 5NR,SEPD,HV,1,TR3179,165,2026-07-18T17:26:12Z,2026-07-18T21:33:17Z,4.12
SN9 5NS,SEPD,HV,1,TR3179,165,2026-07-18T17:26:12Z,2026-07-18T21:33:17Z,4.12
SN9 5NW,SEPD,HV,1,TR3179,165,2026-07-18T17:26:12Z,2026-07-18T21:33:17Z,4.12
SN9 5PJ,SEPD,HV,1,TR3179,165,2026-07-18T17:26:12Z,2026-07-18T21:33:17Z,4.12
BA21 3AN,SEPD,HV,1,TR4422,174,2026-07-19T17:28:41Z,2026-07-19T21:33:53Z,4.09
BA21 3AQ,SEPD,HV,1,TR4422,174,2026-07-19T17:28:41Z,2026-07-19T21:33:53Z,4.09
BA21 3AU,SEPD,HV,1,TR4422,174,2026-07-19T17:28:41Z,2026-07-19T21:33:53Z,4.09
BA21 3AW,SEPD,HV,1,TR4422,174,2026-07-19T17:28:41Z,2026-07-19T21:33:53Z,4.09
BA21 3AX,SEPD,HV,1,TR4422,174,2026-07-19T17:28:41Z,2026-07-19T21:33:53Z,4.09
BA21 3AY,SEPD,HV,1,TR4422,174,2026-07-19T17:28:41Z,2026-07-19T21:33:53Z,4.09
BA21 3AZ,SEPD,HV,1,TR4422,174,2026-07-19T17:28:41Z,2026-07-19T21:33:53Z,4.09
BA21 3DJ,SEPD,HV,1,TR4422,174,2026-07-19T17:28:41Z,2026-07-19T21:33:53Z,4.09
BA21 3DL,SEPD,HV,1,TR4422,174,2026-07-19T17:28:41Z,2026-07-19T21:33:53Z,4.09
BA21 3DN,SEPD,HV,1,TR4422,174,2026-07-19T17:28:41Z,2026-07-19T21:33:53Z,4.09
PA34 4JN,SHEPD,PSI,2,"251045,251048",90,2026-07-17T08:56:05Z,2026-07-22T14:56:49Z,4.05
PA34 4JY,SHEPD,PSI,2,"251045,251048",90,2026-07-17T08:56:05Z,2026-07-22T14:56:49Z,4.05
PA34 4JZ,SHEPD,PSI,2,"251045,251048",90,2026-07-17T08:56:05Z,2026-07-22T14:56:49Z,4.05
RG27 8SN,SEPD,LV,1,TR2922,13,2026-07-18T18:30:34Z,2026-07-18T22:28:46Z,3.97
RG27 8SP,SEPD,LV,1,TR2922,13,2026-07-18T18:30:34Z,2026-07-18T22:28:46Z,3.97
RG27 8SW,SEPD,LV,1,TR2922,13,2026-07-18T18:30:34Z,2026-07-18T22:28:46Z,3.97
HP14 3LB,SEPD,"HV,LV",2,"TR2348,TR2352",46,2026-07-17T20:11:48Z,2026-07-18T00:08:22Z,3.94
W5 1PT,SEPD,LV,2,"TR1905,TR2233",26,2026-07-17T14:08:22Z,2026-07-18T00:08:22Z,3.94
W5 2RA,SEPD,LV,2,"TR1905,TR2233",26,2026-07-17T14:08:22Z,2026-07-18T00:08:22Z,3.94
HP14 3AY,SEPD,HV,1,TR2348,8,2026-07-17T20:11:48Z,2026-07-18T00:08:22Z,3.94
HP14 3AZ,SEPD,HV,1,TR2348,8,2026-07-17T20:11:48Z,2026-07-18T00:08:22Z,3.94
HP14 3BB,SEPD,HV,1,TR2348,8,2026-07-17T20:11:48Z,2026-07-18T00:08:22Z,3.94
HP14 3BD,SEPD,HV,1,TR2348,8,2026-07-17T20:11:48Z,2026-07-18T00:08:22Z,3.94
HP14 3BE,SEPD,HV,1,TR2348,8,2026-07-17T20:11:48Z,2026-07-18T00:08:22Z,3.94
HP14 3BH,SEPD,HV,1,TR2348,8,2026-07-17T20:11:48Z,2026-07-18T00:08:22Z,3.94
HP14 3BJ,SEPD,HV,1,TR2348,8,2026-07-17T20:11:48Z,2026-07-18T00:08:22Z,3.94
HP14 3BL,SEPD,HV,1,TR2348,8,2026-07-17T20:11:48Z,2026-07-18T00:08:22Z,3.94
HP14 3BN,SEPD,HV,1,TR2348,8,2026-07-17T20:11:48Z,2026-07-18T00:08:22Z,3.94
HP14 3BP,SEPD,HV,1,TR2348,8,2026-07-17T20:11:48Z,2026-07-18T00:08:22Z,3.94
HP14 3BS,SEPD,HV,1,TR2348,8,2026-07-17T20:11:48Z,2026-07-18T00:08:22Z,3.94
HP14 3BT,SEPD,HV,1,TR2348,8,2026-07-17T20:11:48Z,2026-07-18T00:08:22Z,3.94
HP14 3BU,SEPD,HV,1,TR2348,8,2026-07-17T20:11:48Z,2026-07-18T00:08:22Z,3.94
HP14 3BW,SEPD,HV,1,TR2348,8,2026-07-17T20:11:48Z,2026-07-18T00:08:22Z,3.94
HP14 3BZ,SEPD,HV,1,TR2348,8,2026-07-17T20:11:48Z,2026-07-18T00:08:22Z,3.94
HP14 3NG,SEPD,HV,1,TR2348,8,2026-07-17T20:11:48Z,2026-07-18T00:08:22Z,3.94
HP14 3NH,SEPD,HV,1,TR2348,8,2026-07-17T20:11:48Z,2026-07-18T00:08:22Z,3.94
HP14 3NL,SEPD,HV,1,TR2348,8,2026-07-17T20:11:48Z,2026-07-18T00:08:22Z,3.94
HP14 3NP,SEPD,HV,1,TR2348,8,2026-07-17T20:11:48Z,2026-07-18T00:08:22Z,3.94
HP14 3NQ,SEPD,HV,1,TR2348,8,2026-07-17T20:11:48Z,2026-07-18T00:08:22Z,3.94
HP14 3NR,SEPD,HV,1,TR2348,8,2026-07-17T20:11:48Z,2026-07-18T00:08:22Z,3.94
HP14 3NU,SEPD,HV,1,TR2348,8,2026-07-17T20:11:48Z,2026-07-18T00:08:22Z,3.94
HP14 3NW,SEPD,HV,1,TR2348,8,2026-07-17T20:11:48Z,2026-07-18T00:08:22Z,3.94
PO7 5XL,SEPD,LV,1,TR2336,15,2026-07-17T20:11:48Z,2026-07-18T00:08:22Z,3.94
PO7 8BB,SEPD,LV,1,TR2336,15,2026-07-17T20:11:48Z,2026-07-18T00:08:22Z,3.94
PO7 8BD,SEPD,LV,1,TR2336,15,2026-07-17T20:11:48Z,2026-07-18T00:08:22Z,3.94
BH20 6AS,SEPD,PSI,1,253039,4,2026-07-22T09:04:22Z,2026-07-22T12:51:44Z,3.79
BH21 3RP,SEPD,PSI,1,253131,8,2026-07-22T09:04:22Z,2026-07-22T12:51:44Z,3.79
GU30 7JZ,SEPD,PSI,1,253287,55,2026-07-22T09:04:22Z,2026-07-22T12:51:44Z,3.79
GU31 4DN,SEPD,PSI,1,253287,55,2026-07-22T09:04:22Z,2026-07-22T12:51:44Z,3.79
GU31 5BZ,SEPD,PSI,1,253287,55,2026-07-22T09:04:22Z,2026-07-22T12:51:44Z,3.79
GU31 5DA,SEPD,PSI,1,253287,55,2026-07-22T09:04:22Z,2026-07-22T12:51:44Z,3.79
GU31 5DB,SEPD,PSI,1,253287,55,2026-07-22T09:04:22Z,2026-07-22T12:51:44Z,3.79
GU31 5EJ,SEPD,PSI,1,253287,55,2026-07-22T09:04:22Z,2026-07-22T12:51:44Z,3.79
GU31 5EL,SEPD,PSI,1,253287,55,2026-07-22T09:04:22Z,2026-07-22T12:51:44Z,3.79
GU31 5EQ,SEPD,PSI,1,253287,55,2026-07-22T09:04:22Z,2026-07-22T12:51:44Z,3.79
GU31 5EY,SEPD,PSI,1,253287,55,2026-07-22T09:04:22Z,2026-07-22T12:51:44Z,3.79
GU31 5EZ,SEPD,PSI,1,253287,55,2026-07-22T09:04:22Z,2026-07-22T12:51:44Z,3.79
GU31 5QB,SEPD,PSI,1,253287,55,2026-07-22T09:04:22Z,2026-07-22T12:51:44Z,3.79
GU9 9PT,SEPD,PSI,1,251665,59,2026-07-22T09:04:22Z,2026-07-22T12:51:44Z,3.79
GU9 9QD,SEPD,PSI,1,251665,59,2026-07-22T09:04:22Z,2026-07-22T12:51:44Z,3.79
GU9 9QE,SEPD,PSI,1,251665,59,2026-07-22T09:04:22Z,2026-07-22T12:51:44Z,3.79
KW14 7RA,SHEPD,PSI,1,253205,236,2026-07-22T09:04:22Z,2026-07-22T12:51:44Z,3.79
KW14 7RE,SHEPD,PSI,1,253205,236,2026-07-22T09:04:22Z,2026-07-22T12:51:44Z,3.79
KW14 7RF,SHEPD,PSI,1,253205,236,2026-07-22T09:04:22Z,2026-07-22T12:51:44Z,3.79
KW14 7RG,SHEPD,PSI,1,253205,236,2026-07-22T09:04:22Z,2026-07-22T12:51:44Z,3.79
KW14 7RH,SHEPD,PSI,1,253205,236,2026-07-22T09:04:22Z,2026-07-22T12:51:44Z,3.79
KW14 7RJ,SHEPD,PSI,1,253205,236,2026-07-22T09:04:22Z,2026-07-22T12:51:44Z,3.79
KW14 7RL,SHEPD,PSI,1,253205,236,2026-07-22T09:04:22Z,2026-07-22T12:51:44Z,3.79
KW14 7RN,SHEPD,PSI,1,253205,236,2026-07-22T09:04:22Z,2026-07-22T12:51:44Z,3.79
KW14 7RQ,SHEPD,PSI,1,253205,236,2026-07-22T09:04:22Z,2026-07-22T12:51:44Z,3.79
KW14 7RR,SHEPD,PSI,1,253205,236,2026-07-22T09:04:22Z,2026-07-22T12:51:44Z,3.79
KW14 7RW,SHEPD,PSI,1,253205,236,2026-07-22T09:04:22Z,2026-07-22T12:51:44Z,3.79
KW14 7SD,SHEPD,PSI,1,253205,236,2026-07-22T09:04:22Z,2026-07-22T12:51:44Z,3.79
KW14 7UT,SHEPD,PSI,1,253205,236,2026-07-22T09:04:22Z,2026-07-22T12:51:44Z,3.79
KW14 8EG,SHEPD,PSI,1,253205,236,2026-07-22T09:04:22Z,2026-07-22T12:51:44Z,3.79
PH2 6TG,SHEPD,PSI,1,252215,14,2026-07-22T09:04:22Z,2026-07-22T12:51:44Z,3.79
PH2 7PA,SHEPD,PSI,1,252215,14,2026-07-22T09:04:22Z,2026-07-22T12:51:44Z,3.79
PH2 7PB,SHEPD,PSI,1,252215,14,2026-07-22T09:04:22Z,2026-07-22T12:51:44Z,3.79
PH2 7PE,SHEPD,PSI,1,252215,14,2026-07-22T09:04:22Z,2026-07-22T12:51:44Z,3.79
PH2 7PF,SHEPD,PSI,1,252215,14,2026-07-22T09:04:22Z,2026-07-22T12:51:44Z,3.79
RG20 8AX,SEPD,PSI,1,253282,141,2026-07-22T09:04:22Z,2026-07-22T12:51:44Z,3.79
RG20 8AY,SEPD,PSI,1,253282,141,2026-07-22T09:04:22Z,2026-07-22T12:51:44Z,3.79
RG20 8DH,SEPD,PSI,1,253282,141,2026-07-22T09:04:22Z,2026-07-22T12:51:44Z,3.79
RG20 8DJ,SEPD,PSI,1,253282,141,2026-07-22T09:04:22Z,2026-07-22T12:51:44Z,3.79
RG20 8DL,SEPD,PSI,1,253282,141,2026-07-22T09:04:22Z,2026-07-22T12:51:44Z,3.79
RG20 8DN,SEPD,PSI,1,253282,141,2026-07-22T09:04:22Z,2026-07-22T12:51:44Z,3.79
RG20 8DP,SEPD,PSI,1,253282,141,2026-07-22T09:04:22Z,2026-07-22T12:51:44Z,3.79
RG20 8DR,SEPD,PSI,1,253282,141,2026-07-22T09:04:22Z,2026-07-22T12:51:44Z,3.79
RG20 8DS,SEPD,PSI,1,253282,141,2026-07-22T09:04:22Z,2026-07-22T12:51:44Z,3.79
RG20 8DT,SEPD,PSI,1,253282,141,2026-07-22T09:04:22Z,2026-07-22T12:51:44Z,3.79
RG20 8DU,SEPD,PSI,1,253282,141,2026-07-22T09:04:22Z,2026-07-22T12:51:44Z,3.79
RG20 8DX,SEPD,PSI,1,253282,141,2026-07-22T09:04:22Z,2026-07-22T12:51:44Z,3.79
RG20 8DY,SEPD,PSI,1,253282,141,2026-07-22T09:04:22Z,2026-07-22T12:51:44Z,3.79
RG20 8EE,SEPD,PSI,1,253282,141,2026-07-22T09:04:22Z,2026-07-22T12:51:44Z,3.79
RG29 1SJ,SEPD,PSI,1,252297,30,2026-07-22T09:04:22Z,2026-07-22T12:51:44Z,3.79
RG29 1SL,SEPD,PSI,1,252297,30,2026-07-22T09:04:22Z,2026-07-22T12:51:44Z,3.79
RG29 1SN,SEPD,PSI,1,252297,30,2026-07-22T09:04:22Z,2026-07-22T12:51:44Z,3.79
RG29 1SP,SEPD,PSI,1,252297,30,2026-07-22T09:04:22Z,2026-07-22T12:51:44Z,3.79
RG29 1TB,SEPD,PSI,1,252297,30,2026-07-22T09:04:22Z,2026-07-22T12:51:44Z,3.79
RG29 1UG,SEPD,PSI,1,252297,30,2026-07-22T09:04:22Z,2026-07-22T12:51:44Z,3.79
SP6 1JR,SEPD,PSI,1,252443,3,2026-07-22T09:04:22Z,2026-07-22T12:51:44Z,3.79
SP6 1NH,SEPD,PSI,1,252443,3,2026-07-22T09:04:22Z,2026-07-22T12:51:44Z,3.79
AB21 0RS,SHEPD,HV,1,TR7349,45,2026-07-21T13:04:34Z,2026-07-21T16:50:04Z,3.76
AB41 6RX,SHEPD,HV,1,TR7349,45,2026-07-21T13:04:34Z,2026-07-21T16:50:04Z,3.76
AB41 6RY,SHEPD,HV,1,TR7349,45,2026-07-21T13:04:34Z,2026-07-21T16:50:04Z,3.76
AB41 6SA,SHEPD,HV,1,TR7349,45,2026-07-21T13:04:34Z,2026-07-21T16:50:04Z,3.76
AB41 6SL,SHEPD,HV,1,TR7349,45,2026-07-21T13:04:34Z,2026-07-21T16:50:04Z,3.76
AB41 6SN,SHEPD,HV,1,TR7349,45,2026-07-21T13:04:34Z,2026-07-21T16:50:04Z,3.76
AB41 6SP,SHEPD,HV,1,TR7349,45,2026-07-21T13:04:34Z,2026-07-21T16:50:04Z,3.76
PO16 0AY,SEPD,LV,1,TR9459,3,2026-07-22T16:37:45Z,2026-07-22T20:18:47Z,3.68
PO16 0BG,SEPD,LV,1,TR9459,3,2026-07-22T16:37:45Z,2026-07-22T20:18:47Z,3.68
PO16 0LD,SEPD,LV,1,TR9459,3,2026-07-22T16:37:45Z,2026-07-22T20:18:47Z,3.68
PO16 0PD,SEPD,LV,1,TR9459,3,2026-07-22T16:37:45Z,2026-07-22T20:18:47Z,3.68
PO16 0PW,SEPD,LV,1,TR9459,3,2026-07-22T16:37:45Z,2026-07-22T20:18:47Z,3.68
RH14 9HD,SEPD,LV,1,TR1358,10,2026-07-22T16:37:45Z,2026-07-22T20:18:47Z,3.68
RH14 9HE,SEPD,LV,1,TR1358,10,2026-07-22T16:37:45Z,2026-07-22T20:18:47Z,3.68
RH14 9HG,SEPD,LV,1,TR1358,10,2026-07-22T16:37:45Z,2026-07-22T20:18:47Z,3.68
ZE2 9LD,SHEPD,HV,1,TR9573,64,2026-07-22T16:37:45Z,2026-07-22T20:18:47Z,3.68
ZE2 9LE,SHEPD,HV,1,TR9573,64,2026-07-22T16:37:45Z,2026-07-22T20:18:47Z,3.68
SN6 6AH,SEPD,LV,1,TR8019,25,2026-07-22T21:32:50Z,2026-07-23T01:12:43Z,3.66
SN6 6AQ,SEPD,LV,1,TR8019,25,2026-07-22T21:32:50Z,2026-07-23T01:12:43Z,3.66
SP5 5RQ,SEPD,HV,1,TR9833,42,2026-07-22T21:32:50Z,2026-07-23T01:12:43Z,3.66
GU14 9EF,SEPD,LV,1,TR8689,27,2026-07-22T11:18:56Z,2026-07-22T14:56:49Z,3.63
GU14 9EJ,SEPD,LV,1,TR8689,27,2026-07-22T11:18:56Z,2026-07-22T14:56:49Z,3.63
GU14 9EL,SEPD,LV,1,TR8689,27,2026-07-22T11:18:56Z,2026-07-22T14:56:49Z,3.63
GU14 9EN,SEPD,LV,1,TR8689,27,2026-07-22T11:18:56Z,2026-07-22T14:56:49Z,3.63
GU17 9HP,SEPD,LV,1,TR8689,27,2026-07-22T11:18:56Z,2026-07-22T14:56:49Z,3.63
GU17 9HT,SEPD,LV,1,TR8689,27,2026-07-22T11:18:56Z,2026-07-22T14:56:49Z,3.63
GU17 9HU,SEPD,LV,1,TR8689,27,2026-07-22T11:18:56Z,2026-07-22T14:56:49Z,3.63
GU17 9HX,SEPD,LV,1,TR8689,27,2026-07-22T11:18:56Z,2026-07-22T14:56:49Z,3.63
GU17 9HZ,SEPD,LV,1,TR8689,27,2026-07-22T11:18:56Z,2026-07-22T14:56:49Z,3.63
NW7 1BG,SEPD,HV,1,TR8260,490,2026-07-22T00:07:19Z,2026-07-22T03:44:05Z,3.61
NW7 1BZ,SEPD,HV,1,TR8260,490,2026-07-22T00:07:19Z,2026-07-22T03:44:05Z,3.61
NW7 1EP,SEPD,HV,1,TR8260,490,2026-07-22T00:07:19Z,2026-07-22T03:44:05Z,3.61
NW7 1FA,SEPD,HV,1,TR8260,490,2026-07-22T00:07:19Z,2026-07-22T03:44:05Z,3.61
NW7 1FF,SEPD,HV,1,TR8260,490,2026-07-22T00:07:19Z,2026-07-22T03:44:05Z,3.61
NW7 1FH,SEPD,HV,1,TR8260,490,2026-07-22T00:07:19Z,2026-07-22T03:44:05Z,3.61
NW7 1FJ,SEPD,HV,1,TR8260,490,2026-07-22T00:07:19Z,2026-07-22T03:44:05Z,3.61
NW7 1FP,SEPD,HV,1,TR8260,490,2026-07-22T00:07:19Z,2026-07-22T03:44:05Z,3.61
NW7 1FQ,SEPD,HV,1,TR8260,490,2026-07-22T00:07:19Z,2026-07-22T03:44:05Z,3.61
NW7 1FS,SEPD,HV,1,TR8260,490,2026-07-22T00:07:19Z,2026-07-22T03:44:05Z,3.61
NW7 1FT,SEPD,HV,1,TR8260,490,2026-07-22T00:07:19Z,2026-07-22T03:44:05Z,3.61
NW7 1FW,SEPD,HV,1,TR8260,490,2026-07-22T00:07:19Z,2026-07-22T03:44:05Z,3.61
NW7 1FX,SEPD,HV,1,TR8260,490,2026-07-22T00:07:19Z,2026-07-22T03:44:05Z,3.61
NW7 1FZ,SEPD,HV,1,TR8260,490,2026-07-22T00:07:19Z,2026-07-22T03:44:05Z,3.61
NW7 1JW,SEPD,HV,1,TR8260,490,2026-07-22T00:07:19Z,2026-07-22T03:44:05Z,3.61
NW7 1NN,SEPD,HV,1,TR8260,490,2026-07-22T00:07:19Z,2026-07-22T03:44:05Z,3.61
NW7 1NP,SEPD,HV,1,TR8260,490,2026-07-22T00:07:19Z,2026-07-22T03:44:05Z,3.61
NW7 1NW,SEPD,HV,1,TR8260,490,2026-07-22T00:07:19Z,2026-07-22T03:44:05Z,3.61
NW7 1NZ,SEPD,HV,1,TR8260,490,2026-07-22T00:07:19Z,2026-07-22T03:44:05Z,3.61
NW7 1PF,SEPD,HV,1,TR8260,490,2026-07-22T00:07:19Z,2026-07-22T03:44:05Z,3.61
NW7 1PQ,SEPD,HV,1,TR8260,490,2026-07-22T00:07:19Z,2026-07-22T03:44:05Z,3.61
NW7 1PT,SEPD,HV,1,TR8260,490,2026-07-22T00:07:19Z,2026-07-22T03:44:05Z,3.61
NW7 1QB,SEPD,HV,1,TR8260,490,2026-07-22T00:07:19Z,2026-07-22T03:44:05Z,3.61
NW7 1QD,SEPD,HV,1,TR8260,490,2026-07-22T00:07:19Z,2026-07-22T03:44:05Z,3.61
NW7 1QQ,SEPD,HV,1,TR8260,490,2026-07-22T00:07:19Z,2026-07-22T03:44:05Z,3.61
NW7 1RA,SEPD,HV,1,TR8260,490,2026-07-22T00:07:19Z,2026-07-22T03:44:05Z,3.61
NW7 1RF,SEPD,HV,1,TR8260,490,2026-07-22T00:07:19Z,2026-07-22T03:44:05Z,3.61
NW7 1RR,SEPD,HV,1,TR8260,490,2026-07-22T00:07:19Z,2026-07-22T03:44:05Z,3.61
NW7 1RW,SEPD,HV,1,TR8260,490,2026-07-22T00:07:19Z,2026-07-22T03:44:05Z,3.61
NW7 1RX,SEPD,HV,1,TR8260,490,2026-07-22T00:07:19Z,2026-07-22T03:44:05Z,3.61
NW7 1TF,SEPD,HV,1,TR8260,490,2026-07-22T00:07:19Z,2026-07-22T03:44:05Z,3.61
RG30 2AN,SEPD,LV,1,TR3875,27,2026-07-19T12:41:51Z,2026-07-19T16:15:34Z,3.56
RG30 2UD,SEPD,LV,1,TR3875,27,2026-07-19T12:41:51Z,2026-07-19T16:15:34Z,3.56
RG30 2UP,SEPD,LV,1,TR3875,27,2026-07-19T12:41:51Z,2026-07-19T16:15:34Z,3.56
BH16 5LS,SEPD,PSI,1,252906,73,2026-07-18T09:07:02Z,2026-07-18T12:38:01Z,3.52
BH16 6AB,SEPD,PSI,1,252906,73,2026-07-18T09:07:02Z,2026-07-18T12:38:01Z,3.52
BH16 6AD,SEPD,PSI,1,252906,73,2026-07-18T09:07:02Z,2026-07-18T12:38:01Z,3.52
BH16 6AH,SEPD,PSI,1,252906,73,2026-07-18T09:07:02Z,2026-07-18T12:38:01Z,3.52
BH16 6AQ,SEPD,PSI,1,252906,73,2026-07-18T09:07:02Z,2026-07-18T12:38:01Z,3.52
BH16 6AX,SEPD,PSI,1,252906,73,2026-07-18T09:07:02Z,2026-07-18T12:38:01Z,3.52
BH21 3RZ,SEPD,PSI,1,252906,73,2026-07-18T09:07:02Z,2026-07-18T12:38:01Z,3.52
BH25 5HJ,SEPD,"PSI,LV",2,"253006,TS0441",34,2026-07-23T09:42:08Z,2026-07-23T13:12:33Z,3.51
BH25 5HL,SEPD,"PSI,LV",2,"253006,TS0441",34,2026-07-23T09:42:08Z,2026-07-23T13:12:33Z,3.51
PO20,SEPD,"PSI,HV",2,"252794,TR3670",245,2026-07-19T07:14:43Z,2026-07-23T13:12:33Z,3.51
PO20 7AJ,SEPD,"PSI,LV",2,"252794,TR5657",71,2026-07-20T15:24:46Z,2026-07-23T13:12:33Z,3.51
SO45 5AL,SEPD,"PSI,LV",2,"252477,TS0444",93,2026-07-23T09:42:08Z,2026-07-23T15:26:04Z,3.51
SO45 5AQ,SEPD,"PSI,LV",2,"252477,TS0444",93,2026-07-23T09:42:08Z,2026-07-23T15:26:04Z,3.51
BH20 5DH,SEPD,PSI,1,253437,102,2026-07-23T09:42:08Z,2026-07-23T13:12:33Z,3.51
BH20 6AB,SEPD,PSI,1,253437,102,2026-07-23T09:42:08Z,2026-07-23T13:12:33Z,3.51
BH20 6AD,SEPD,PSI,1,253437,102,2026-07-23T09:42:08Z,2026-07-23T13:12:33Z,3.51
BH20 6AE,SEPD,PSI,1,253437,102,2026-07-23T09:42:08Z,2026-07-23T13:12:33Z,3.51
BH20 6AF,SEPD,PSI,1,253437,102,2026-07-23T09:42:08Z,2026-07-23T13:12:33Z,3.51
BH20 6AG,SEPD,PSI,1,253437,102,2026-07-23T09:42:08Z,2026-07-23T13:12:33Z,3.51
BH20 6AQ,SEPD,PSI,1,253437,102,2026-07-23T09:42:08Z,2026-07-23T13:12:33Z,3.51
BH20 7NU,SEPD,PSI,1,253437,102,2026-07-23T09:42:08Z,2026-07-23T13:12:33Z,3.51
G63 9AJ,SHEPD,PSI,1,252581,10,2026-07-23T09:42:08Z,2026-07-23T13:12:33Z,3.51
G63 9LB,SHEPD,PSI,1,252581,10,2026-07-23T09:42:08Z,2026-07-23T13:12:33Z,3.51
GU34 4DH,SEPD,PSI,1,252628,49,2026-07-23T09:42:08Z,2026-07-23T13:12:33Z,3.51
GU34 4DL,SEPD,PSI,1,252628,49,2026-07-23T09:42:08Z,2026-07-23T13:12:33Z,3.51
GU34 4DP,SEPD,PSI,1,252628,49,2026-07-23T09:42:08Z,2026-07-23T13:12:33Z,3.51
HS3 3BP,SHEPD,PSI,1,252795,4,2026-07-23T09:42:08Z,2026-07-23T13:12:33Z,3.51
KW17 2SR,SHEPD,PSI,1,252891,20,2026-07-23T09:42:08Z,2026-07-23T13:12:33Z,3.51
KW17 2TH,SHEPD,PSI,1,252891,20,2026-07-23T09:42:08Z,2026-07-23T13:12:33Z,3.51
KW17 2TL,SHEPD,PSI,1,252891,20,2026-07-23T09:42:08Z,2026-07-23T13:12:33Z,3.51
KW17 2TN,SHEPD,PSI,1,252891,20,2026-07-23T09:42:08Z,2026-07-23T13:12:33Z,3.51
KW17 2TW,SHEPD,PSI,1,252891,20,2026-07-23T09:42:08Z,2026-07-23T13:12:33Z,3.51
PH15 2HE,SHEPD,PSI,1,253090,77,2026-07-23T09:42:08Z,2026-07-23T13:12:33Z,3.51
PH15 2HN,SHEPD,PSI,1,253116,70,2026-07-23T09:42:08Z,2026-07-23T13:12:33Z,3.51
PH15 2HS,SHEPD,PSI,1,253116,70,2026-07-23T09:42:08Z,2026-07-23T13:12:33Z,3.51
PH15 2HT,SHEPD,PSI,1,253116,70,2026-07-23T09:42:08Z,2026-07-23T13:12:33Z,3.51
PH15 2HW,SHEPD,PSI,1,253090,77,2026-07-23T09:42:08Z,2026-07-23T13:12:33Z,3.51
PO19 8TB,SEPD,PSI,1,252794,50,2026-07-23T09:42:08Z,2026-07-23T13:12:33Z,3.51
PO19 8TD,SEPD,PSI,1,252794,50,2026-07-23T09:42:08Z,2026-07-23T13:12:33Z,3.51
PO20 7DU,SEPD,PSI,1,252794,50,2026-07-23T09:42:08Z,2026-07-23T13:12:33Z,3.51
PO20 7DY,SEPD,PSI,1,252794,50,2026-07-23T09:42:08Z,2026-07-23T13:12:33Z,3.51
PO20 7FE,SEPD,PSI,1,252794,50,2026-07-23T09:42:08Z,2026-07-23T13:12:33Z,3.51
PO20 7FL,SEPD,PSI,1,252794,50,2026-07-23T09:42:08Z,2026-07-23T13:12:33Z,3.51
RG29 1SA,SEPD,PSI,1,252628,49,2026-07-23T09:42:08Z,2026-07-23T13:12:33Z,3.51
RG29 1SB,SEPD,PSI,1,252628,49,2026-07-23T09:42:08Z,2026-07-23T13:12:33Z,3.51
RH20 1DY,SEPD,PSI,1,252820,68,2026-07-23T09:42:08Z,2026-07-23T13:12:33Z,3.51
RH20 1EA,SEPD,PSI,1,252820,68,2026-07-23T09:42:08Z,2026-07-23T13:12:33Z,3.51
RH20 1EB,SEPD,PSI,1,252820,68,2026-07-23T09:42:08Z,2026-07-23T13:12:33Z,3.51
RH20 1ED,SEPD,PSI,1,252820,68,2026-07-23T09:42:08Z,2026-07-23T13:12:33Z,3.51
RH20 1EE,SEPD,PSI,1,252820,68,2026-07-23T09:42:08Z,2026-07-23T13:12:33Z,3.51
RH20 1EF,SEPD,PSI,1,252820,68,2026-07-23T09:42:08Z,2026-07-23T13:12:33Z,3.51
RH20 1EG,SEPD,PSI,1,252820,68,2026-07-23T09:42:08Z,2026-07-23T13:12:33Z,3.51
RH20 1EQ,SEPD,PSI,1,252820,68,2026-07-23T09:42:08Z,2026-07-23T13:12:33Z,3.51
RH20 1HN,SEPD,PSI,1,252820,68,2026-07-23T09:42:08Z,2026-07-23T13:12:33Z,3.51
RH20 1HU,SEPD,PSI,1,252820,68,2026-07-23T09:42:08Z,2026-07-23T13:12:33Z,3.51
SN11 9DB,SEPD,PSI,1,252530,5,2026-07-23T09:42:08Z,2026-07-23T13:12:33Z,3.51
SN11 9HA,SEPD,PSI,1,252530,5,2026-07-23T09:42:08Z,2026-07-23T13:12:33Z,3.51
SN11 9TD,SEPD,PSI,1,252530,5,2026-07-23T09:42:08Z,2026-07-23T13:12:33Z,3.51
SN2 7SU,SEPD,PSI,1,253556,27,2026-07-23T09:42:08Z,2026-07-23T13:12:33Z,3.51
SO45 5TA,SEPD,PSI,1,252477,83,2026-07-23T09:42:08Z,2026-07-23T13:12:33Z,3.51
SO45 5TB,SEPD,PSI,1,252477,83,2026-07-23T09:42:08Z,2026-07-23T13:12:33Z,3.51
SO45 5TN,SEPD,PSI,1,252477,83,2026-07-23T09:42:08Z,2026-07-23T13:12:33Z,3.51
SP1 3PL,SEPD,PSI,1,252194,22,2026-07-23T09:42:08Z,2026-07-23T13:12:33Z,3.51
SP1 3PN,SEPD,PSI,1,252194,22,2026-07-23T09:42:08Z,2026-07-23T13:12:33Z,3.51
SP1 3PW,SEPD,PSI,1,252194,22,2026-07-23T09:42:08Z,2026-07-23T13:12:33Z,3.51
SP1 3RP,SEPD,PSI,1,252194,22,2026-07-23T09:42:08Z,2026-07-23T13:12:33Z,3.51
SP5 1BF,SEPD,PSI,1,251916,150,2026-07-23T09:42:08Z,2026-07-23T13:12:33Z,3.51
SP5 1QH,SEPD,PSI,1,251916,150,2026-07-23T09:42:08Z,2026-07-23T13:12:33Z,3.51
SP5 1QL,SEPD,PSI,1,251916,150,2026-07-23T09:42:08Z,2026-07-23T13:12:33Z,3.51
SP5 1QR,SEPD,PSI,1,251916,150,2026-07-23T09:42:08Z,2026-07-23T13:12:33Z,3.51
SP5 1QS,SEPD,PSI,1,251916,150,2026-07-23T09:42:08Z,2026-07-23T13:12:33Z,3.51
SP5 1QT,SEPD,PSI,1,251916,150,2026-07-23T09:42:08Z,2026-07-23T13:12:33Z,3.51
SP5 1QU,SEPD,PSI,1,251916,150,2026-07-23T09:42:08Z,2026-07-23T13:12:33Z,3.51
SP5 1QX,SEPD,PSI,1,251916,150,2026-07-23T09:42:08Z,2026-07-23T13:12:33Z,3.51
SP5 1QY,SEPD,PSI,1,251916,150,2026-07-23T09:42:08Z,2026-07-23T13:12:33Z,3.51
SP5 1QZ,SEPD,PSI,1,251916,150,2026-07-23T09:42:08Z,2026-07-23T13:12:33Z,3.51
SP5 1RB,SEPD,PSI,1,251916,150,2026-07-23T09:42:08Z,2026-07-23T13:12:33Z,3.51
SP5 1RD,SEPD,PSI,1,251916,150,2026-07-23T09:42:08Z,2026-07-23T13:12:33Z,3.51
SP5 1RP,SEPD,PSI,1,251916,150,2026-07-23T09:42:08Z,2026-07-23T13:12:33Z,3.51
SP5 1RR,SEPD,PSI,1,251916,150,2026-07-23T09:42:08Z,2026-07-23T13:12:33Z,3.51
SP5 1RT,SEPD,PSI,1,251916,150,2026-07-23T09:42:08Z,2026-07-23T13:12:33Z,3.51
GU8 5UP,SEPD,PSI,2,"252462,252468",23,2026-07-23T09:42:08Z,2026-07-23T13:12:33Z,3.5
OX14 2NP,SEPD,LV,1,TR6095,10,2026-07-20T21:48:01Z,2026-07-21T01:10:47Z,3.38
OX14 2NR,SEPD,LV,1,TR6095,10,2026-07-20T21:48:01Z,2026-07-21T01:10:47Z,3.38
OX14 2NS,SEPD,LV,1,TR6095,10,2026-07-20T21:48:01Z,2026-07-21T01:10:47Z,3.38
OX14 2NT,SEPD,LV,1,TR6095,10,2026-07-20T21:48:01Z,2026-07-21T01:10:47Z,3.38
OX14 2QT,SEPD,LV,1,TR6095,10,2026-07-20T21:48:01Z,2026-07-21T01:10:47Z,3.38
OX14 2QW,SEPD,LV,1,TR6095,10,2026-07-20T21:48:01Z,2026-07-21T01:10:47Z,3.38
OX14 2QY,SEPD,LV,1,TR6095,10,2026-07-20T21:48:01Z,2026-07-21T01:10:47Z,3.38
OX14 2QZ,SEPD,LV,1,TR6095,10,2026-07-20T21:48:01Z,2026-07-21T01:10:47Z,3.38
OX14 2RU,SEPD,LV,1,TR6095,10,2026-07-20T21:48:01Z,2026-07-21T01:10:47Z,3.38
PO16 9AR,SEPD,HV,1,TR6138,941,2026-07-20T21:48:01Z,2026-07-21T01:10:47Z,3.38
PO16 9BE,SEPD,HV,1,TR6138,941,2026-07-20T21:48:01Z,2026-07-21T01:10:47Z,3.38
PO16 9DN,SEPD,HV,1,TR6138,941,2026-07-20T21:48:01Z,2026-07-21T01:10:47Z,3.38
PO16 9DR,SEPD,HV,1,TR6138,941,2026-07-20T21:48:01Z,2026-07-21T01:10:47Z,3.38
PO16 9DU,SEPD,HV,1,TR6138,941,2026-07-20T21:48:01Z,2026-07-21T01:10:47Z,3.38
PO16 9DW,SEPD,HV,1,TR6138,941,2026-07-20T21:48:01Z,2026-07-21T01:10:47Z,3.38
PO16 9DX,SEPD,HV,1,TR6138,941,2026-07-20T21:48:01Z,2026-07-21T01:10:47Z,3.38
PO16 9DY,SEPD,HV,1,TR6138,941,2026-07-20T21:48:01Z,2026-07-21T01:10:47Z,3.38
PO16 9EA,SEPD,HV,1,TR6138,941,2026-07-20T21:48:01Z,2026-07-21T01:10:47Z,3.38
PO16 9ED,SEPD,HV,1,TR6138,941,2026-07-20T21:48:01Z,2026-07-21T01:10:47Z,3.38
PO16 9EE,SEPD,HV,1,TR6138,941,2026-07-20T21:48:01Z,2026-07-21T01:10:47Z,3.38
PO16 9EF,SEPD,HV,1,TR6138,941,2026-07-20T21:48:01Z,2026-07-21T01:10:47Z,3.38
PO16 9EG,SEPD,HV,1,TR6138,941,2026-07-20T21:48:01Z,2026-07-21T01:10:47Z,3.38
PO16 9EH,SEPD,HV,1,TR6138,941,2026-07-20T21:48:01Z,2026-07-21T01:10:47Z,3.38
PO16 9EJ,SEPD,HV,1,TR6138,941,2026-07-20T21:48:01Z,2026-07-21T01:10:47Z,3.38
PO16 9EL,SEPD,HV,1,TR6138,941,2026-07-20T21:48:01Z,2026-07-21T01:10:47Z,3.38
PO16 9EN,SEPD,HV,1,TR6138,941,2026-07-20T21:48:01Z,2026-07-21T01:10:47Z,3.38
PO16 9EP,SEPD,HV,1,TR6138,941,2026-07-20T21:48:01Z,2026-07-21T01:10:47Z,3.38
PO16 9EQ,SEPD,HV,1,TR6138,941,2026-07-20T21:48:01Z,2026-07-21T01:10:47Z,3.38
PO16 9ER,SEPD,HV,1,TR6138,941,2026-07-20T21:48:01Z,2026-07-21T01:10:47Z,3.38
PO16 9EU,SEPD,HV,1,TR6138,941,2026-07-20T21:48:01Z,2026-07-21T01:10:47Z,3.38
PO16 9EW,SEPD,HV,1,TR6138,941,2026-07-20T21:48:01Z,2026-07-21T01:10:47Z,3.38
PO16 9EX,SEPD,HV,1,TR6138,941,2026-07-20T21:48:01Z,2026-07-21T01:10:47Z,3.38
PO16 9EY,SEPD,HV,1,TR6138,941,2026-07-20T21:48:01Z,2026-07-21T01:10:47Z,3.38
PO16 9EZ,SEPD,HV,1,TR6138,941,2026-07-20T21:48:01Z,2026-07-21T01:10:47Z,3.38
PO16 9FF,SEPD,HV,1,TR6138,941,2026-07-20T21:48:01Z,2026-07-21T01:10:47Z,3.38
PO16 9HA,SEPD,HV,1,TR6138,941,2026-07-20T21:48:01Z,2026-07-21T01:10:47Z,3.38
PO16 9HB,SEPD,HV,1,TR6138,941,2026-07-20T21:48:01Z,2026-07-21T01:10:47Z,3.38
PO16 9HD,SEPD,HV,1,TR6138,941,2026-07-20T21:48:01Z,2026-07-21T01:10:47Z,3.38
PO16 9HE,SEPD,HV,1,TR6138,941,2026-07-20T21:48:01Z,2026-07-21T01:10:47Z,3.38
PO16 9HF,SEPD,HV,1,TR6138,941,2026-07-20T21:48:01Z,2026-07-21T01:10:47Z,3.38
PO16 9HG,SEPD,HV,1,TR6138,941,2026-07-20T21:48:01Z,2026-07-21T01:10:47Z,3.38
PO16 9HH,SEPD,HV,1,TR6138,941,2026-07-20T21:48:01Z,2026-07-21T01:10:47Z,3.38
PO16 9HJ,SEPD,HV,1,TR6138,941,2026-07-20T21:48:01Z,2026-07-21T01:10:47Z,3.38
PO16 9HL,SEPD,HV,1,TR6138,941,2026-07-20T21:48:01Z,2026-07-21T01:10:47Z,3.38
PO16 9HN,SEPD,HV,1,TR6138,941,2026-07-20T21:48:01Z,2026-07-21T01:10:47Z,3.38
PO16 9HP,SEPD,HV,1,TR6138,941,2026-07-20T21:48:01Z,2026-07-21T01:10:47Z,3.38
PO16 9HQ,SEPD,HV,1,TR6138,941,2026-07-20T21:48:01Z,2026-07-21T01:10:47Z,3.38
PO16 9HT,SEPD,HV,1,TR6138,941,2026-07-20T21:48:01Z,2026-07-21T01:10:47Z,3.38
PO16 9HU,SEPD,HV,1,TR6138,941,2026-07-20T21:48:01Z,2026-07-21T01:10:47Z,3.38
PO16 9HW,SEPD,HV,1,TR6138,941,2026-07-20T21:48:01Z,2026-07-21T01:10:47Z,3.38
PO16 9HX,SEPD,HV,1,TR6138,941,2026-07-20T21:48:01Z,2026-07-21T01:10:47Z,3.38
PO16 9HY,SEPD,HV,1,TR6138,941,2026-07-20T21:48:01Z,2026-07-21T01:10:47Z,3.38
PO16 9HZ,SEPD,HV,1,TR6138,941,2026-07-20T21:48:01Z,2026-07-21T01:10:47Z,3.38
PO16 9JA,SEPD,HV,1,TR6138,941,2026-07-20T21:48:01Z,2026-07-21T01:10:47Z,3.38
PO16 9JD,SEPD,HV,1,TR6138,941,2026-07-20T21:48:01Z,2026-07-21T01:10:47Z,3.38
PO16 9JE,SEPD,HV,1,TR6138,941,2026-07-20T21:48:01Z,2026-07-21T01:10:47Z,3.38
PO16 9JF,SEPD,HV,1,TR6138,941,2026-07-20T21:48:01Z,2026-07-21T01:10:47Z,3.38
PO16 9JG,SEPD,HV,1,TR6138,941,2026-07-20T21:48:01Z,2026-07-21T01:10:47Z,3.38
PO16 9JQ,SEPD,HV,1,TR6138,941,2026-07-20T21:48:01Z,2026-07-21T01:10:47Z,3.38
PO16 9LN,SEPD,HV,1,TR6138,941,2026-07-20T21:48:01Z,2026-07-21T01:10:47Z,3.38
PO16 9NE,SEPD,HV,1,TR6138,941,2026-07-20T21:48:01Z,2026-07-21T01:10:47Z,3.38
PO16 9NF,SEPD,HV,1,TR6138,941,2026-07-20T21:48:01Z,2026-07-21T01:10:47Z,3.38
PO16 9NG,SEPD,HV,1,TR6138,941,2026-07-20T21:48:01Z,2026-07-21T01:10:47Z,3.38
PO16 9NH,SEPD,HV,1,TR6138,941,2026-07-20T21:48:01Z,2026-07-21T01:10:47Z,3.38
PO16 9NJ,SEPD,HV,1,TR6138,941,2026-07-20T21:48:01Z,2026-07-21T01:10:47Z,3.38
PO16 9NL,SEPD,HV,1,TR6138,941,2026-07-20T21:48:01Z,2026-07-21T01:10:47Z,3.38
PO16 9NQ,SEPD,HV,1,TR6138,941,2026-07-20T21:48:01Z,2026-07-21T01:10:47Z,3.38
PO16 9PT,SEPD,HV,1,TR6138,941,2026-07-20T21:48:01Z,2026-07-21T01:10:47Z,3.38
PO16 9YA,SEPD,HV,1,TR6138,941,2026-07-20T21:48:01Z,2026-07-21T01:10:47Z,3.38
PO16 9YB,SEPD,HV,1,TR6138,941,2026-07-20T21:48:01Z,2026-07-21T01:10:47Z,3.38
PO16 9YD,SEPD,HV,1,TR6138,941,2026-07-20T21:48:01Z,2026-07-21T01:10:47Z,3.38
DT11 0LU,SEPD,PSI,1,252111,11,2026-07-17T08:56:05Z,2026-07-17T12:16:58Z,3.35
DT11 0LX,SEPD,PSI,1,252111,11,2026-07-17T08:56:05Z,2026-07-17T12:16:58Z,3.35
DT11 0NB,SEPD,PSI,1,252111,11,2026-07-17T08:56:05Z,2026-07-17T12:16:58Z,3.35
DT11 0NS,SEPD,PSI,1,252111,11,2026-07-17T08:56:05Z,2026-07-17T12:16:58Z,3.35
PO20 0EU,SEPD,PSI,1,251645,51,2026-07-17T08:56:05Z,2026-07-17T12:16:58Z,3.35
PO20 0FR,SEPD,PSI,1,251645,51,2026-07-17T08:56:05Z,2026-07-17T12:16:58Z,3.35
PO20 0HD,SEPD,PSI,1,251645,51,2026-07-17T08:56:05Z,2026-07-17T12:16:58Z,3.35
PO20 0HF,SEPD,PSI,1,251645,51,2026-07-17T08:56:05Z,2026-07-17T12:16:58Z,3.35
PO20 9BS,SEPD,PSI,1,251645,51,2026-07-17T08:56:05Z,2026-07-17T12:16:58Z,3.35
PO20 9BT,SEPD,PSI,1,251645,51,2026-07-17T08:56:05Z,2026-07-17T12:16:58Z,3.35
SO21 2NT,SEPD,PSI,1,252228,44,2026-07-17T08:56:05Z,2026-07-17T12:16:58Z,3.35
SO21 2NU,SEPD,PSI,1,252228,44,2026-07-17T08:56:05Z,2026-07-17T12:16:58Z,3.35
SO21 2QH,SEPD,PSI,1,252228,44,2026-07-17T08:56:05Z,2026-07-17T12:16:58Z,3.35
ZE1 0UJ,SHEPD,PSI,1,252246,9,2026-07-17T08:56:05Z,2026-07-17T12:16:58Z,3.35
ZE1 0UL,SHEPD,PSI,1,252246,9,2026-07-17T08:56:05Z,2026-07-17T12:16:58Z,3.35
ZE1 0UQ,SHEPD,PSI,1,252246,9,2026-07-17T08:56:05Z,2026-07-17T12:16:58Z,3.35
ZE1 0UR,SHEPD,PSI,1,252246,9,2026-07-17T08:56:05Z,2026-07-17T12:16:58Z,3.35
KA27 8HN,SHEPD,PSI,2,"252715,252814",8,2026-07-21T09:45:34Z,2026-07-22T11:18:56Z,3.32
AB51 7NJ,SHEPD,PSI,1,252604,16,2026-07-21T09:45:34Z,2026-07-21T13:04:34Z,3.32
AB51 7PN,SHEPD,PSI,1,252604,16,2026-07-21T09:45:34Z,2026-07-21T13:04:34Z,3.32
AB51 7PP,SHEPD,PSI,1,252604,16,2026-07-21T09:45:34Z,2026-07-21T13:04:34Z,3.32
AB51 7QP,SHEPD,PSI,1,252604,16,2026-07-21T09:45:34Z,2026-07-21T13:04:34Z,3.32
BH16 6JT,SEPD,PSI,1,253037,11,2026-07-21T09:45:34Z,2026-07-21T13:04:34Z,3.32
BH20 7NT,SEPD,PSI,1,253035,6,2026-07-21T09:45:34Z,2026-07-21T13:04:34Z,3.32
BH22 9ND,SEPD,PSI,1,253113,26,2026-07-21T09:45:34Z,2026-07-21T13:04:34Z,3.32
BH22 9PE,SEPD,PSI,1,253113,26,2026-07-21T09:45:34Z,2026-07-21T13:04:34Z,3.32
BH22 9PG,SEPD,PSI,1,253113,26,2026-07-21T09:45:34Z,2026-07-21T13:04:34Z,3.32
BH22 9PQ,SEPD,PSI,1,253113,26,2026-07-21T09:45:34Z,2026-07-21T13:04:34Z,3.32
GU13,SEPD,PSI,1,252410,28,2026-07-21T09:45:34Z,2026-07-21T13:04:34Z,3.32
GU34,SEPD,PSI,1,251627,30,2026-07-21T09:45:34Z,2026-07-21T13:04:34Z,3.32
GU34 4JE,SEPD,PSI,1,251627,30,2026-07-21T09:45:34Z,2026-07-21T13:04:34Z,3.32
GU34 4JF,SEPD,PSI,1,251627,30,2026-07-21T09:45:34Z,2026-07-21T13:04:34Z,3.32
GU34 4NS,SEPD,PSI,1,251627,30,2026-07-21T09:45:34Z,2026-07-21T13:04:34Z,3.32
GU34 4NT,SEPD,PSI,1,251627,30,2026-07-21T09:45:34Z,2026-07-21T13:04:34Z,3.32
GU34 4NU,SEPD,PSI,1,251627,30,2026-07-21T09:45:34Z,2026-07-21T13:04:34Z,3.32
GU35 0FE,SEPD,PSI,1,252384,3,2026-07-21T09:45:34Z,2026-07-21T13:04:34Z,3.32
GU35 0RP,SEPD,PSI,1,252384,3,2026-07-21T09:45:34Z,2026-07-21T13:04:34Z,3.32
GU35 0ST,SEPD,PSI,1,252384,3,2026-07-21T09:45:34Z,2026-07-21T13:04:34Z,3.32
GU51 4HL,SEPD,PSI,1,252410,28,2026-07-21T09:45:34Z,2026-07-21T13:04:34Z,3.32
GU51 4HN,SEPD,PSI,1,252410,28,2026-07-21T09:45:34Z,2026-07-21T13:04:34Z,3.32
GU51 4LP,SEPD,PSI,1,252410,28,2026-07-21T09:45:34Z,2026-07-21T13:04:34Z,3.32
GU51 4LW,SEPD,PSI,1,252410,28,2026-07-21T09:45:34Z,2026-07-21T13:04:34Z,3.32
GU51 4QE,SEPD,PSI,1,252410,28,2026-07-21T09:45:34Z,2026-07-21T13:04:34Z,3.32
HS8 5AB,SHEPD,PSI,1,252217,3,2026-07-21T09:45:34Z,2026-07-21T13:04:34Z,3.32
HS8 5RX,SHEPD,PSI,1,252217,3,2026-07-21T09:45:34Z,2026-07-21T13:04:34Z,3.32
HS8 5SX,SHEPD,PSI,1,252217,3,2026-07-21T09:45:34Z,2026-07-21T13:04:34Z,3.32
IV2 5EA,SHEPD,PSI,1,251751,38,2026-07-21T09:45:34Z,2026-07-21T13:04:34Z,3.32
IV2 5JQ,SHEPD,PSI,1,251751,38,2026-07-21T09:45:34Z,2026-07-21T13:04:34Z,3.32
OX44 7NS,SEPD,PSI,1,252523,65,2026-07-21T09:45:34Z,2026-07-21T13:04:34Z,3.32
OX44 7NU,SEPD,PSI,1,252523,65,2026-07-21T09:45:34Z,2026-07-21T13:04:34Z,3.32
OX44 7NW,SEPD,PSI,1,252523,65,2026-07-21T09:45:34Z,2026-07-21T13:04:34Z,3.32
OX44 7PA,SEPD,PSI,1,252523,65,2026-07-21T09:45:34Z,2026-07-21T13:04:34Z,3.32
OX44 7PB,SEPD,PSI,1,252523,65,2026-07-21T09:45:34Z,2026-07-21T13:04:34Z,3.32
OX44 7PD,SEPD,PSI,1,252523,65,2026-07-21T09:45:34Z,2026-07-21T13:04:34Z,3.32
OX44 7PE,SEPD,PSI,1,252523,65,2026-07-21T09:45:34Z,2026-07-21T13:04:34Z,3.32
OX44 7PN,SEPD,PSI,1,252523,65,2026-07-21T09:45:34Z,2026-07-21T13:04:34Z,3.32
OX44 9HQ,SEPD,PSI,1,252523,65,2026-07-21T09:45:34Z,2026-07-21T13:04:34Z,3.32
PH10 7AA,SHEPD,PSI,1,253522,2,2026-07-21T09:45:34Z,2026-07-21T13:04:34Z,3.32
PH15 2JF,SHEPD,PSI,1,252483,20,2026-07-21T09:45:34Z,2026-07-21T13:04:34Z,3.32
PH15 2JH,SHEPD,PSI,1,252483,20,2026-07-21T09:45:34Z,2026-07-21T13:04:34Z,3.32
PH15 2JJ,SHEPD,PSI,1,252483,20,2026-07-21T09:45:34Z,2026-07-21T13:04:34Z,3.32
PH15 2JQ,SHEPD,PSI,1,252483,20,2026-07-21T09:45:34Z,2026-07-21T13:04:34Z,3.32
PH15 2NB,SHEPD,PSI,1,252483,20,2026-07-21T09:45:34Z,2026-07-21T13:04:34Z,3.32
PH2 6PY,SHEPD,PSI,1,252218,2,2026-07-21T09:45:34Z,2026-07-21T13:04:34Z,3.32
PO14 2EA,SEPD,PSI,1,251643,86,2026-07-21T09:45:34Z,2026-07-21T13:04:34Z,3.32
PO14 2ED,SEPD,PSI,1,251643,86,2026-07-21T09:45:34Z,2026-07-21T13:04:34Z,3.32
PO14 2EH,SEPD,PSI,1,251643,86,2026-07-21T09:45:34Z,2026-07-21T13:04:34Z,3.32
PO14 2HR,SEPD,PSI,1,251643,86,2026-07-21T09:45:34Z,2026-07-21T13:04:34Z,3.32
PO14 2HS,SEPD,PSI,1,251643,86,2026-07-21T09:45:34Z,2026-07-21T13:04:34Z,3.32
PO14 2HT,SEPD,PSI,1,251643,86,2026-07-21T09:45:34Z,2026-07-21T13:04:34Z,3.32
PO14 2TG,SEPD,PSI,1,251643,86,2026-07-21T09:45:34Z,2026-07-21T13:04:34Z,3.32
PO14 2TQ,SEPD,PSI,1,251643,86,2026-07-21T09:45:34Z,2026-07-21T13:04:34Z,3.32
PO14 3EW,SEPD,PSI,1,251643,86,2026-07-21T09:45:34Z,2026-07-21T13:04:34Z,3.32
PO14 3EZ,SEPD,PSI,1,251643,86,2026-07-21T09:45:34Z,2026-07-21T13:04:34Z,3.32
PO18 0JS,SEPD,PSI,1,251692,25,2026-07-21T09:45:34Z,2026-07-21T13:04:34Z,3.32
PO33 1YG,SEPD,PSI,1,253042,45,2026-07-21T09:45:34Z,2026-07-21T13:04:34Z,3.32
PO33 1YL,SEPD,PSI,1,253042,45,2026-07-21T09:45:34Z,2026-07-21T13:04:34Z,3.32
PO33 1YN,SEPD,PSI,1,253042,45,2026-07-21T09:45:34Z,2026-07-21T13:04:34Z,3.32
PO33 1YQ,SEPD,PSI,1,253042,45,2026-07-21T09:45:34Z,2026-07-21T13:04:34Z,3.32
PO33 1YW,SEPD,PSI,1,253042,45,2026-07-21T09:45:34Z,2026-07-21T13:04:34Z,3.32
PO36 0BB,SEPD,PSI,1,253042,45,2026-07-21T09:45:34Z,2026-07-21T13:04:34Z,3.32
RG19 8LR,SEPD,PSI,1,252775,5,2026-07-21T09:45:34Z,2026-07-21T13:04:34Z,3.32
RG5 4TA,SEPD,PSI,1,252779,11,2026-07-21T09:45:34Z,2026-07-21T13:04:34Z,3.32
RG5 4TB,SEPD,PSI,1,252779,11,2026-07-21T09:45:34Z,2026-07-21T13:04:34Z,3.32
RG5 4TD,SEPD,PSI,1,252779,11,2026-07-21T09:45:34Z,2026-07-21T13:04:34Z,3.32
SO43 7AX,SEPD,PSI,1,252190,15,2026-07-21T09:45:34Z,2026-07-21T13:04:34Z,3.32
SP5 3HG,SEPD,PSI,1,252259,62,2026-07-21T09:45:34Z,2026-07-21T13:04:34Z,3.32
SP5 3JG,SEPD,PSI,1,252259,62,2026-07-21T09:45:34Z,2026-07-21T13:04:34Z,3.32
SP5 3JQ,SEPD,PSI,1,252259,62,2026-07-21T09:45:34Z,2026-07-21T13:04:34Z,3.32
SP5 3LX,SEPD,PSI,1,252259,62,2026-07-21T09:45:34Z,2026-07-21T13:04:34Z,3.32
SP5 3LZ,SEPD,PSI,1,252259,62,2026-07-21T09:45:34Z,2026-07-21T13:04:34Z,3.32
SP5 3NB,SEPD,PSI,1,252259,62,2026-07-21T09:45:34Z,2026-07-21T13:04:34Z,3.32
ZE2 9RY,SHEPD,PSI,1,252642,72,2026-07-21T09:45:34Z,2026-07-21T13:04:34Z,3.32
ZE2 9XG,SHEPD,PSI,1,252642,72,2026-07-21T09:45:34Z,2026-07-21T13:04:34Z,3.32
AB55 6QT,SHEPD,HV,1,TR2496,24,2026-07-18T05:48:56Z,2026-07-18T09:07:02Z,3.3
AB55 6QX,SHEPD,HV,1,TR2496,24,2026-07-18T05:48:56Z,2026-07-18T09:07:02Z,3.3
AB55 6QY,SHEPD,HV,1,TR2496,24,2026-07-18T05:48:56Z,2026-07-18T09:07:02Z,3.3
AB55 6RN,SHEPD,HV,1,TR2496,24,2026-07-18T05:48:56Z,2026-07-18T09:07:02Z,3.3
AB55 6RP,SHEPD,HV,1,TR2496,24,2026-07-18T05:48:56Z,2026-07-18T09:07:02Z,3.3
RH14 9ES,SEPD,LV,1,TR2520,10,2026-07-18T05:48:56Z,2026-07-18T09:07:02Z,3.3
RH14 9HW,SEPD,LV,1,TR2520,10,2026-07-18T05:48:56Z,2026-07-18T09:07:02Z,3.3
RH14 9LG,SEPD,LV,1,TR2520,10,2026-07-18T05:48:56Z,2026-07-18T09:07:02Z,3.3
RH14 9LH,SEPD,LV,1,TR2520,10,2026-07-18T05:48:56Z,2026-07-18T09:07:02Z,3.3
RH14 9LQ,SEPD,LV,1,TR2520,10,2026-07-18T05:48:56Z,2026-07-18T09:07:02Z,3.3
RH14 9NP,SEPD,LV,1,TR2520,10,2026-07-18T05:48:56Z,2026-07-18T09:07:02Z,3.3
RH14 9PF,SEPD,LV,1,TR2520,10,2026-07-18T05:48:56Z,2026-07-18T09:07:02Z,3.3
RH14 9QS,SEPD,LV,1,TR2520,10,2026-07-18T05:48:56Z,2026-07-18T09:07:02Z,3.3
SO14 3BH,SEPD,LV,3,"TR4638,TR4894,TS0305",35,2026-07-20T01:13:37Z,2026-07-23T11:33:52Z,3.28
SO14 3HG,SEPD,LV,2,"TR4638,TR4894",24,2026-07-20T01:13:37Z,2026-07-20T08:13:24Z,3.28
SO14 3HH,SEPD,LV,2,"TR4638,TR4894",24,2026-07-20T01:13:37Z,2026-07-20T08:13:24Z,3.28
AB56 1JA,SHEPD,LV,1,TR4902,22,2026-07-20T04:56:34Z,2026-07-20T08:13:24Z,3.28
AB56 1JB,SHEPD,LV,1,TR4902,22,2026-07-20T04:56:34Z,2026-07-20T08:13:24Z,3.28
AB56 1JL,SHEPD,LV,1,TR4902,22,2026-07-20T04:56:34Z,2026-07-20T08:13:24Z,3.28
AB56 1JN,SHEPD,LV,1,TR4902,22,2026-07-20T04:56:34Z,2026-07-20T08:13:24Z,3.28
AB56 1JP,SHEPD,LV,1,TR4902,22,2026-07-20T04:56:34Z,2026-07-20T08:13:24Z,3.28
AB56 1JS,SHEPD,LV,1,TR4902,22,2026-07-20T04:56:34Z,2026-07-20T08:13:24Z,3.28
PA42 7DD,SHEPD,HV,1,TR4926,23,2026-07-20T04:56:34Z,2026-07-20T08:13:24Z,3.28
PA44 7HL,SHEPD,HV,1,TR4926,23,2026-07-20T04:56:34Z,2026-07-20T08:13:24Z,3.28
PA44 7NZ,SHEPD,HV,1,TR4926,23,2026-07-20T04:56:34Z,2026-07-20T08:13:24Z,3.28
PA44 7PA,SHEPD,HV,1,TR4926,23,2026-07-20T04:56:34Z,2026-07-20T08:13:24Z,3.28
PA44 7PG,SHEPD,HV,1,TR4926,23,2026-07-20T04:56:34Z,2026-07-20T08:13:24Z,3.28
PA44 7PP,SHEPD,HV,1,TR4926,23,2026-07-20T04:56:34Z,2026-07-20T08:13:24Z,3.28
PA44 7PQ,SHEPD,HV,1,TR4926,23,2026-07-20T04:56:34Z,2026-07-20T08:13:24Z,3.28
PA44 7PR,SHEPD,HV,1,TR4926,23,2026-07-20T04:56:34Z,2026-07-20T08:13:24Z,3.28
PA44 7PS,SHEPD,HV,1,TR4926,23,2026-07-20T04:56:34Z,2026-07-20T08:13:24Z,3.28
PA44 7PW,SHEPD,HV,1,TR4926,23,2026-07-20T04:56:34Z,2026-07-20T08:13:24Z,3.28
PA48 7UE,SHEPD,HV,1,TR4926,23,2026-07-20T04:56:34Z,2026-07-20T08:13:24Z,3.28
PA49 7UU,SHEPD,HV,1,TR4926,23,2026-07-20T04:56:34Z,2026-07-20T08:13:24Z,3.28
PO20 7NT,SEPD,HV,1,TR4996,11,2026-07-20T04:56:34Z,2026-07-20T08:13:24Z,3.28
PO20 7NX,SEPD,HV,1,TR4996,11,2026-07-20T04:56:34Z,2026-07-20T08:13:24Z,3.28
PO20 7NY,SEPD,HV,1,TR4996,11,2026-07-20T04:56:34Z,2026-07-20T08:13:24Z,3.28
SP7 9DL,SEPD,HV,1,TR1309,98,2026-07-17T10:54:25Z,2026-07-17T14:08:22Z,3.23
SP7 9DN,SEPD,HV,1,TR1309,98,2026-07-17T10:54:25Z,2026-07-17T14:08:22Z,3.23
SP7 9DY,SEPD,HV,1,TR1309,98,2026-07-17T10:54:25Z,2026-07-17T14:08:22Z,3.23
SP7 9DZ,SEPD,HV,1,TR1309,98,2026-07-17T10:54:25Z,2026-07-17T14:08:22Z,3.23
SP7 9EB,SEPD,HV,1,TR1309,98,2026-07-17T10:54:25Z,2026-07-17T14:08:22Z,3.23
SP7 9LG,SEPD,HV,1,TR1309,98,2026-07-17T10:54:25Z,2026-07-17T14:08:22Z,3.23
SP7 9LH,SEPD,HV,1,TR1309,98,2026-07-17T10:54:25Z,2026-07-17T14:08:22Z,3.23
SP7 9LQ,SEPD,HV,1,TR1309,98,2026-07-17T10:54:25Z,2026-07-17T14:08:22Z,3.23
PO30 4HH,SEPD,LV,2,"TR2010,TR8665",24,2026-07-17T14:08:22Z,2026-07-22T12:51:44Z,3.04
SN14 7LT,SEPD,LV,1,TR5058,11,2026-07-20T08:13:24Z,2026-07-20T11:15:14Z,3.03
SN14 7LU,SEPD,LV,1,TR5058,11,2026-07-20T08:13:24Z,2026-07-20T11:15:14Z,3.03
SN14 7LX,SEPD,LV,1,TR5058,11,2026-07-20T08:13:24Z,2026-07-20T11:15:14Z,3.03
SN14 7LY,SEPD,LV,1,TR5058,11,2026-07-20T08:13:24Z,2026-07-20T11:15:14Z,3.03
SN14 7NS,SEPD,LV,1,TR5058,11,2026-07-20T08:13:24Z,2026-07-20T11:15:14Z,3.03
SN14 7PD,SEPD,LV,1,TR5058,11,2026-07-20T08:13:24Z,2026-07-20T11:15:14Z,3.03
SN12 7HS,SEPD,LV,1,TR7497,43,2026-07-21T16:50:04Z,2026-07-21T19:50:28Z,3.01
SN12 7HT,SEPD,LV,1,TR7497,43,2026-07-21T16:50:04Z,2026-07-21T19:50:28Z,3.01
SN12 7JG,SEPD,LV,1,TR7497,43,2026-07-21T16:50:04Z,2026-07-21T19:50:28Z,3.01
SN12 7RP,SEPD,LV,1,TR7497,43,2026-07-21T16:50:04Z,2026-07-21T19:50:28Z,3.01
SN12 7RR,SEPD,LV,1,TR7497,43,2026-07-21T16:50:04Z,2026-07-21T19:50:28Z,3.01
SN12 7RS,SEPD,LV,1,TR7497,43,2026-07-21T16:50:04Z,2026-07-21T19:50:28Z,3.01
SN12 7RW,SEPD,LV,1,TR7497,43,2026-07-21T16:50:04Z,2026-07-21T19:50:28Z,3.01
GU9 9BN,SEPD,HV,1,TS0995,22,2026-07-23T15:26:04Z,2026-07-23T18:19:49Z,2.9
PA34 4QB,SHEPD,LV,1,TS1086,4,2026-07-23T15:26:04Z,2026-07-23T18:19:49Z,2.9
IV36 2QU,SHEPD,HV,1,TR8326,12,2026-07-22T06:17:58Z,2026-07-22T09:04:22Z,2.77
IV36 2RA,SHEPD,HV,1,TR8326,12,2026-07-22T06:17:58Z,2026-07-22T09:04:22Z,2.77
IV36 2RB,SHEPD,HV,1,TR8326,12,2026-07-22T06:17:58Z,2026-07-22T09:04:22Z,2.77
PH1 1QA,SHEPD,"HV,LV",3,"TR6226,TR7601,TR7880",233,2026-07-20T23:41:25Z,2026-07-21T18:04:16Z,2.73
PH1 1QJ,SHEPD,"HV,LV",3,"TR6226,TR7601,TR7880",233,2026-07-20T23:41:25Z,2026-07-21T18:04:16Z,2.73
DT9 4EP,SEPD,"LV,HV",2,"TR8535,TR9887",312,2026-07-23T01:12:43Z,2026-07-23T07:17:34Z,2.69
DT9 3AL,SEPD,LV,1,TR8535,8,2026-07-23T04:36:19Z,2026-07-23T07:17:34Z,2.69
DT9 4ET,SEPD,LV,1,TR8535,8,2026-07-23T04:36:19Z,2026-07-23T07:17:34Z,2.69
HP13 5DR,SEPD,LV,1,TR3549,4,2026-07-19T04:33:40Z,2026-07-19T07:14:43Z,2.68
HP13 5DS,SEPD,LV,1,TR3549,4,2026-07-19T04:33:40Z,2026-07-19T07:14:43Z,2.68
RG19 3SL,SEPD,LV,1,TR3508,5,2026-07-19T04:33:40Z,2026-07-19T07:14:43Z,2.68
RG19 3SN,SEPD,LV,1,TR3508,5,2026-07-19T04:33:40Z,2026-07-19T07:14:43Z,2.68
OX1 1DP,SEPD,LV,1,TR4611,17,2026-07-19T22:33:41Z,2026-07-20T01:13:37Z,2.67
OX1 3PS,SEPD,LV,1,TR4611,17,2026-07-19T22:33:41Z,2026-07-20T01:13:37Z,2.67
OX1 3SE,SEPD,LV,1,TR4611,17,2026-07-19T22:33:41Z,2026-07-20T01:13:37Z,2.67
OX1 3SX,SEPD,LV,1,TR4611,17,2026-07-19T22:33:41Z,2026-07-20T01:13:37Z,2.67
OX1 3TJ,SEPD,LV,1,TR4611,17,2026-07-19T22:33:41Z,2026-07-20T01:13:37Z,2.67
OX1 3TN,SEPD,LV,1,TR4611,17,2026-07-19T22:33:41Z,2026-07-20T01:13:37Z,2.67
OX1 3TP,SEPD,LV,1,TR4611,17,2026-07-19T22:33:41Z,2026-07-20T01:13:37Z,2.67
OX1 3TS,SEPD,LV,1,TR4611,17,2026-07-19T22:33:41Z,2026-07-20T01:13:37Z,2.67
OX1 3TU,SEPD,LV,1,TR4611,17,2026-07-19T22:33:41Z,2026-07-20T01:13:37Z,2.67
OX1 3TX,SEPD,LV,1,TR4611,17,2026-07-19T22:33:41Z,2026-07-20T01:13:37Z,2.67
OX1 3UH,SEPD,LV,1,TR4611,17,2026-07-19T22:33:41Z,2026-07-20T01:13:37Z,2.67
OX1 3UN,SEPD,LV,1,TR4611,17,2026-07-19T22:33:41Z,2026-07-20T01:13:37Z,2.67
OX1 3UP,SEPD,LV,1,TR4611,17,2026-07-19T22:33:41Z,2026-07-20T01:13:37Z,2.67
OX1 3UQ,SEPD,LV,1,TR4611,17,2026-07-19T22:33:41Z,2026-07-20T01:13:37Z,2.67
OX1 3UR,SEPD,LV,1,TR4611,17,2026-07-19T22:33:41Z,2026-07-20T01:13:37Z,2.67
OX1 3UW,SEPD,LV,1,TR4611,17,2026-07-19T22:33:41Z,2026-07-20T01:13:37Z,2.67
SL1 9DA,SEPD,LV,1,TQ5629,8,2026-07-18T12:38:01Z,2026-07-18T15:13:53Z,2.6
SL6 1LB,SEPD,LV,1,TQ5629,8,2026-07-18T12:38:01Z,2026-07-18T15:13:53Z,2.6
BA13 4LZ,SEPD,HV,1,TR6634,178,2026-07-21T07:15:44Z,2026-07-21T09:45:34Z,2.5
BA13 4NX,SEPD,HV,1,TR6634,178,2026-07-21T07:15:44Z,2026-07-21T09:45:34Z,2.5
BA13 4NY,SEPD,HV,1,TR6634,178,2026-07-21T07:15:44Z,2026-07-21T09:45:34Z,2.5
BA13 4PD,SEPD,HV,1,TR6634,178,2026-07-21T07:15:44Z,2026-07-21T09:45:34Z,2.5
SL6 0EE,SEPD,LV,1,TR3710,2,2026-07-21T07:15:44Z,2026-07-21T09:45:34Z,2.5
SN10 5TH,SEPD,HV,1,TR6634,178,2026-07-21T07:15:44Z,2026-07-21T09:45:34Z,2.5
SN10 5UE,SEPD,HV,1,TR6634,178,2026-07-21T07:15:44Z,2026-07-21T09:45:34Z,2.5
SN10 5UT,SEPD,HV,1,TR6634,178,2026-07-21T07:15:44Z,2026-07-21T09:45:34Z,2.5
SN10 5XL,SEPD,HV,1,TR6634,178,2026-07-21T07:15:44Z,2026-07-21T09:45:34Z,2.5
SN10 5XN,SEPD,HV,1,TR6634,178,2026-07-21T07:15:44Z,2026-07-21T09:45:34Z,2.5
SN10 5XR,SEPD,HV,1,TR6634,178,2026-07-21T07:15:44Z,2026-07-21T09:45:34Z,2.5
SN10 5XS,SEPD,HV,1,TR6634,178,2026-07-21T07:15:44Z,2026-07-21T09:45:34Z,2.5
SN10 5XT,SEPD,HV,1,TR6634,178,2026-07-21T07:15:44Z,2026-07-21T09:45:34Z,2.5
SN10 5XU,SEPD,HV,1,TR6634,178,2026-07-21T07:15:44Z,2026-07-21T09:45:34Z,2.5
SN10 5XW,SEPD,HV,1,TR6634,178,2026-07-21T07:15:44Z,2026-07-21T09:45:34Z,2.5
SN10 5XX,SEPD,HV,1,TR6634,178,2026-07-21T07:15:44Z,2026-07-21T09:45:34Z,2.5
SN10 5XY,SEPD,HV,1,TR6634,178,2026-07-21T07:15:44Z,2026-07-21T09:45:34Z,2.5
SN10 5XZ,SEPD,HV,1,TR6634,178,2026-07-21T07:15:44Z,2026-07-21T09:45:34Z,2.5
SN10 5YA,SEPD,HV,1,TR6634,178,2026-07-21T07:15:44Z,2026-07-21T09:45:34Z,2.5
SO15 0LD,SEPD,LV,1,TR8749,24,2026-07-22T16:37:45Z,2026-07-22T19:03:19Z,2.43
SO18 5BS,SEPD,LV,1,TR8749,24,2026-07-22T16:37:45Z,2026-07-22T19:03:19Z,2.43
SO18 5TE,SEPD,LV,1,TR8749,24,2026-07-22T16:37:45Z,2026-07-22T19:03:19Z,2.43
SO18 5TG,SEPD,LV,1,TR8749,24,2026-07-22T16:37:45Z,2026-07-22T19:03:19Z,2.43
SO18 5TH,SEPD,LV,1,TR8749,24,2026-07-22T16:37:45Z,2026-07-22T19:03:19Z,2.43
SO18 5TJ,SEPD,LV,1,TR8749,24,2026-07-22T16:37:45Z,2026-07-22T19:03:19Z,2.43
SO18 5TN,SEPD,LV,1,TR8749,24,2026-07-22T16:37:45Z,2026-07-22T19:03:19Z,2.43
SO18 5TU,SEPD,LV,1,TR8749,24,2026-07-22T16:37:45Z,2026-07-22T19:03:19Z,2.43
OX2 9EB,SEPD,PSI,1,253196,38,2026-07-23T07:17:34Z,2026-07-23T09:42:08Z,2.41
OX2 9HL,SEPD,PSI,1,253196,38,2026-07-23T07:17:34Z,2026-07-23T09:42:08Z,2.41
PA34 5LQ,SHEPD,PSI,1,252144,8,2026-07-19T09:22:26Z,2026-07-19T11:47:16Z,2.41
PA34 5UZ,SHEPD,PSI,1,252144,8,2026-07-19T09:22:26Z,2026-07-19T11:47:16Z,2.41
PA80 5UZ,SHEPD,PSI,1,252144,8,2026-07-19T09:22:26Z,2026-07-19T11:47:16Z,2.41
PA80 5XT,SHEPD,PSI,1,252144,8,2026-07-19T09:22:26Z,2026-07-19T11:47:16Z,2.41
SO14 3EW,SEPD,LV,1,TS0154,5,2026-07-23T07:17:34Z,2026-07-23T09:42:08Z,2.41
SO30 3AT,SEPD,LV,2,"TR1110,TR1125",26,2026-07-17T04:23:26Z,2026-07-17T08:56:05Z,2.33
SO30 3AB,SEPD,LV,1,TR1125,13,2026-07-17T06:36:22Z,2026-07-17T08:56:05Z,2.33
SO30 3AD,SEPD,LV,1,TR1125,13,2026-07-17T06:36:22Z,2026-07-17T08:56:05Z,2.33
SO30 3AU,SEPD,LV,1,TR1125,13,2026-07-17T06:36:22Z,2026-07-17T08:56:05Z,2.33
SO30 3LJ,SEPD,LV,1,TR1125,13,2026-07-17T06:36:22Z,2026-07-17T08:56:05Z,2.33
DT3 4JZ,SEPD,LV,1,TR9759,58,2026-07-22T20:18:47Z,2026-07-22T22:38:03Z,2.32
DT4 7JH,SEPD,LV,1,TR9759,58,2026-07-22T20:18:47Z,2026-07-22T22:38:03Z,2.32
DT4 7JJ,SEPD,LV,1,TR9759,58,2026-07-22T20:18:47Z,2026-07-22T22:38:03Z,2.32
DT4 7JP,SEPD,LV,1,TR9759,58,2026-07-22T20:18:47Z,2026-07-22T22:38:03Z,2.32
DT4 7JT,SEPD,LV,1,TR9759,58,2026-07-22T20:18:47Z,2026-07-22T22:38:03Z,2.32
DT4 7JU,SEPD,LV,1,TR9759,58,2026-07-22T20:18:47Z,2026-07-22T22:38:03Z,2.32
DT4 7JW,SEPD,LV,1,TR9759,58,2026-07-22T20:18:47Z,2026-07-22T22:38:03Z,2.32
DT4 7JX,SEPD,LV,1,TR9759,58,2026-07-22T20:18:47Z,2026-07-22T22:38:03Z,2.32
DT4 7LJ,SEPD,LV,1,TR9759,58,2026-07-22T20:18:47Z,2026-07-22T22:38:03Z,2.32
DT4 7LQ,SEPD,LV,1,TR9759,58,2026-07-22T20:18:47Z,2026-07-22T22:38:03Z,2.32
DT4 7PQ,SEPD,LV,1,TR9759,58,2026-07-22T20:18:47Z,2026-07-22T22:38:03Z,2.32
DT4 7PS,SEPD,LV,1,TR9759,58,2026-07-22T20:18:47Z,2026-07-22T22:38:03Z,2.32
DT4 7PT,SEPD,LV,1,TR9759,58,2026-07-22T20:18:47Z,2026-07-22T22:38:03Z,2.32
DT4 7SS,SEPD,LV,1,TR9759,58,2026-07-22T20:18:47Z,2026-07-22T22:38:03Z,2.32
DT4 7SW,SEPD,LV,1,TR9759,58,2026-07-22T20:18:47Z,2026-07-22T22:38:03Z,2.32
DT4 7TB,SEPD,LV,1,TR9759,58,2026-07-22T20:18:47Z,2026-07-22T22:38:03Z,2.32
DT4 7TH,SEPD,LV,1,TR9759,58,2026-07-22T20:18:47Z,2026-07-22T22:38:03Z,2.32
DT4 7UP,SEPD,LV,1,TR9759,58,2026-07-22T20:18:47Z,2026-07-22T22:38:03Z,2.32
DT4 7UR,SEPD,LV,1,TR9759,58,2026-07-22T20:18:47Z,2026-07-22T22:38:03Z,2.32
DT4 7US,SEPD,LV,1,TR9759,58,2026-07-22T20:18:47Z,2026-07-22T22:38:03Z,2.32
DT4 7UT,SEPD,LV,1,TR9759,58,2026-07-22T20:18:47Z,2026-07-22T22:38:03Z,2.32
DT4 7UW,SEPD,LV,1,TR9759,58,2026-07-22T20:18:47Z,2026-07-22T22:38:03Z,2.32
SO16 8EY,SEPD,LV,1,TR3775,11,2026-07-19T17:28:41Z,2026-07-19T19:46:39Z,2.3
SO16 8EZ,SEPD,LV,1,TR3775,11,2026-07-19T17:28:41Z,2026-07-19T19:46:39Z,2.3
SO16 8FB,SEPD,LV,1,TR3775,11,2026-07-19T17:28:41Z,2026-07-19T19:46:39Z,2.3
AB53 8HR,SHEPD,PSI,1,252786,7,2026-07-22T09:04:22Z,2026-07-22T11:18:56Z,2.24
GU19 5EP,SEPD,PSI,1,252976,59,2026-07-22T09:04:22Z,2026-07-22T11:18:56Z,2.24
GU19 5ES,SEPD,PSI,1,252976,59,2026-07-22T09:04:22Z,2026-07-22T11:18:56Z,2.24
GU19 5ET,SEPD,PSI,1,252976,59,2026-07-22T09:04:22Z,2026-07-22T11:18:56Z,2.24
GU19 5EU,SEPD,PSI,1,252976,59,2026-07-22T09:04:22Z,2026-07-22T11:18:56Z,2.24
GU19 5EW,SEPD,PSI,1,252976,59,2026-07-22T09:04:22Z,2026-07-22T11:18:56Z,2.24
HS2 9EN,SHEPD,PSI,1,253248,10,2026-07-22T09:04:22Z,2026-07-22T11:18:56Z,2.24
HS2 9EW,SHEPD,PSI,1,253248,10,2026-07-22T09:04:22Z,2026-07-22T11:18:56Z,2.24
HS2 9HS,SHEPD,PSI,1,253248,10,2026-07-22T09:04:22Z,2026-07-22T11:18:56Z,2.24
HS2 9JH,SHEPD,PSI,1,253248,10,2026-07-22T09:04:22Z,2026-07-22T11:18:56Z,2.24
PO19 3DB,SEPD,LV,1,TN9614,23,2026-07-17T15:38:03Z,2026-07-17T17:52:29Z,2.24
PO19 3DD,SEPD,LV,1,TN9614,23,2026-07-17T15:38:03Z,2026-07-17T17:52:29Z,2.24
PO19 3DJ,SEPD,LV,1,TN9614,23,2026-07-17T15:38:03Z,2026-07-17T17:52:29Z,2.24
PO19 3EB,SEPD,LV,1,TN9614,23,2026-07-17T15:38:03Z,2026-07-17T17:52:29Z,2.24
PO19 3ED,SEPD,LV,1,TN9614,23,2026-07-17T15:38:03Z,2026-07-17T17:52:29Z,2.24
PO19 3EE,SEPD,LV,1,TN9614,23,2026-07-17T15:38:03Z,2026-07-17T17:52:29Z,2.24
PO19 3EF,SEPD,LV,1,TN9614,23,2026-07-17T15:38:03Z,2026-07-17T17:52:29Z,2.24
RH14 9BH,SEPD,PSI,1,251789,30,2026-07-22T09:04:22Z,2026-07-22T11:18:56Z,2.24
RH14 9BJ,SEPD,PSI,1,251789,30,2026-07-22T09:04:22Z,2026-07-22T11:18:56Z,2.24
RH14 9BL,SEPD,PSI,1,251789,30,2026-07-22T09:04:22Z,2026-07-22T11:18:56Z,2.24
RH14 9BN,SEPD,PSI,1,251789,30,2026-07-22T09:04:22Z,2026-07-22T11:18:56Z,2.24
RH14 9BW,SEPD,PSI,1,251789,30,2026-07-22T09:04:22Z,2026-07-22T11:18:56Z,2.24
RG24,SEPD,LV,1,TS0771,17,2026-07-23T13:12:33Z,2026-07-23T15:26:04Z,2.23
RG24 8SL,SEPD,LV,1,TS0771,17,2026-07-23T13:12:33Z,2026-07-23T15:26:04Z,2.23
RG24 8SW,SEPD,LV,1,TS0771,17,2026-07-23T13:12:33Z,2026-07-23T15:26:04Z,2.23
RG24 8TF,SEPD,LV,1,TS0771,17,2026-07-23T13:12:33Z,2026-07-23T15:26:04Z,2.23
RG27 8JA,SEPD,HV,1,TS0855,165,2026-07-23T13:12:33Z,2026-07-23T15:26:04Z,2.23
RG27 8JL,SEPD,HV,1,TS0855,165,2026-07-23T13:12:33Z,2026-07-23T15:26:04Z,2.23
RG27 8JN,SEPD,HV,1,TS0855,165,2026-07-23T13:12:33Z,2026-07-23T15:26:04Z,2.23
RG27 8JP,SEPD,HV,1,TS0855,165,2026-07-23T13:12:33Z,2026-07-23T15:26:04Z,2.23
RG27 8JR,SEPD,HV,1,TS0855,165,2026-07-23T13:12:33Z,2026-07-23T15:26:04Z,2.23
RG27 8JS,SEPD,HV,1,TS0855,165,2026-07-23T13:12:33Z,2026-07-23T15:26:04Z,2.23
RG27 8JW,SEPD,HV,1,TS0855,165,2026-07-23T13:12:33Z,2026-07-23T15:26:04Z,2.23
RG27 8LU,SEPD,HV,1,TS0855,165,2026-07-23T13:12:33Z,2026-07-23T15:26:04Z,2.23
OX1 4RA,SEPD,LV,2,"TS1224,TS1368",86,2026-07-23T17:00:57Z,2026-07-24T00:10:01Z,2.22
OX1 4RH,SEPD,LV,2,"TS1224,TS1368",86,2026-07-23T17:00:57Z,2026-07-24T00:10:01Z,2.22
OX1 4RJ,SEPD,LV,2,"TS1224,TS1368",86,2026-07-23T17:00:57Z,2026-07-24T00:10:01Z,2.22
OX1 4RP,SEPD,LV,2,"TS1224,TS1368",86,2026-07-23T17:00:57Z,2026-07-24T00:10:01Z,2.22
OX1 4RR,SEPD,LV,2,"TS1224,TS1368",86,2026-07-23T17:00:57Z,2026-07-24T00:10:01Z,2.22
OX1 1SW,SEPD,LV,1,TS1368,34,2026-07-23T21:56:43Z,2026-07-24T00:10:01Z,2.22
OX1 4JU,SEPD,LV,1,TS1368,34,2026-07-23T21:56:43Z,2026-07-24T00:10:01Z,2.22
OX1 4LB,SEPD,LV,1,TS1368,34,2026-07-23T21:56:43Z,2026-07-24T00:10:01Z,2.22
OX1 4LE,SEPD,LV,1,TS1368,34,2026-07-23T21:56:43Z,2026-07-24T00:10:01Z,2.22
OX1 4LF,SEPD,LV,1,TS1368,34,2026-07-23T21:56:43Z,2026-07-24T00:10:01Z,2.22
OX1 4PT,SEPD,LV,1,TS1368,34,2026-07-23T21:56:43Z,2026-07-24T00:10:01Z,2.22
OX1 4PX,SEPD,LV,1,TS1368,34,2026-07-23T21:56:43Z,2026-07-24T00:10:01Z,2.22
OX1 4RB,SEPD,LV,1,TS1368,34,2026-07-23T21:56:43Z,2026-07-24T00:10:01Z,2.22
OX1 4XF,SEPD,LV,1,TS1368,34,2026-07-23T21:56:43Z,2026-07-24T00:10:01Z,2.22
OX1 4XL,SEPD,LV,1,TS1368,34,2026-07-23T21:56:43Z,2026-07-24T00:10:01Z,2.22
OX1 4XR,SEPD,LV,1,TS1368,34,2026-07-23T21:56:43Z,2026-07-24T00:10:01Z,2.22
OX1 4XU,SEPD,LV,1,TS1368,34,2026-07-23T21:56:43Z,2026-07-24T00:10:01Z,2.22
RG12 0XB,SEPD,LV,1,TS1459,23,2026-07-23T21:56:43Z,2026-07-24T00:10:01Z,2.22
AB51 5PE,SHEPD,HV,1,TR7392,11,2026-07-21T13:04:34Z,2026-07-21T15:17:11Z,2.21
AB51 5PH,SHEPD,HV,1,TR7392,11,2026-07-21T13:04:34Z,2026-07-21T15:17:11Z,2.21
AB51 5PJ,SHEPD,HV,1,TR7392,11,2026-07-21T13:04:34Z,2026-07-21T15:17:11Z,2.21
GU34 4PF,SEPD,"PSI,LV",2,"252806,TR6438",27,2026-07-20T11:15:14Z,2026-07-21T07:15:44Z,2.09
GU34 4PG,SEPD,"PSI,LV",2,"252806,TR6438",27,2026-07-20T11:15:14Z,2026-07-21T07:15:44Z,2.09
BH20 6AJ,SEPD,PSI,1,253027,44,2026-07-20T11:15:14Z,2026-07-20T13:20:54Z,2.09
BH20 6AL,SEPD,PSI,1,253027,44,2026-07-20T11:15:14Z,2026-07-20T13:20:54Z,2.09
BH20 6AT,SEPD,PSI,1,253027,44,2026-07-20T11:15:14Z,2026-07-20T13:20:54Z,2.09
BH20 6BA,SEPD,PSI,1,253027,44,2026-07-20T11:15:14Z,2026-07-20T13:20:54Z,2.09
DT11 8SB,SEPD,PSI,1,252225,10,2026-07-20T11:15:14Z,2026-07-20T13:20:54Z,2.09
DT11 8SD,SEPD,PSI,1,252386,30,2026-07-20T11:15:14Z,2026-07-20T13:20:54Z,2.09
DT11 8SG,SEPD,PSI,1,252386,30,2026-07-20T11:15:14Z,2026-07-20T13:20:54Z,2.09
DT11 8SH,SEPD,PSI,1,252386,30,2026-07-20T11:15:14Z,2026-07-20T13:20:54Z,2.09
DT11 8SQ,SEPD,PSI,1,252386,30,2026-07-20T11:15:14Z,2026-07-20T13:20:54Z,2.09
DT2 0NS,SEPD,PSI,1,252105,159,2026-07-20T11:15:14Z,2026-07-20T13:20:54Z,2.09
DT2 0NU,SEPD,PSI,1,252105,159,2026-07-20T11:15:14Z,2026-07-20T13:20:54Z,2.09
DT2 0NX,SEPD,PSI,1,252105,159,2026-07-20T11:15:14Z,2026-07-20T13:20:54Z,2.09
DT2 0NY,SEPD,PSI,1,252105,159,2026-07-20T11:15:14Z,2026-07-20T13:20:54Z,2.09
DT2 0NZ,SEPD,PSI,1,252105,159,2026-07-20T11:15:14Z,2026-07-20T13:20:54Z,2.09
DT2 0PA,SEPD,PSI,1,252105,159,2026-07-20T11:15:14Z,2026-07-20T13:20:54Z,2.09
DT2 0PB,SEPD,PSI,1,252105,159,2026-07-20T11:15:14Z,2026-07-20T13:20:54Z,2.09
DT2 0PF,SEPD,PSI,1,252105,159,2026-07-20T11:15:14Z,2026-07-20T13:20:54Z,2.09
DT2 0QG,SEPD,PSI,1,252105,159,2026-07-20T11:15:14Z,2026-07-20T13:20:54Z,2.09
DT2 0QH,SEPD,PSI,1,252105,159,2026-07-20T11:15:14Z,2026-07-20T13:20:54Z,2.09
DT2 0QP,SEPD,PSI,1,252105,159,2026-07-20T11:15:14Z,2026-07-20T13:20:54Z,2.09
DT2 0QQ,SEPD,PSI,1,252105,159,2026-07-20T11:15:14Z,2026-07-20T13:20:54Z,2.09
GU19 5FB,SEPD,PSI,1,252971,47,2026-07-20T11:15:14Z,2026-07-20T13:20:54Z,2.09
GU19 5FH,SEPD,PSI,1,252971,47,2026-07-20T11:15:14Z,2026-07-20T13:20:54Z,2.09
GU19 5NJ,SEPD,PSI,1,252971,47,2026-07-20T11:15:14Z,2026-07-20T13:20:54Z,2.09
GU19 5NN,SEPD,PSI,1,252971,47,2026-07-20T11:15:14Z,2026-07-20T13:20:54Z,2.09
GU19 5NS,SEPD,PSI,1,252971,47,2026-07-20T11:15:14Z,2026-07-20T13:20:54Z,2.09
GU26 6DU,SEPD,PSI,1,252153,3,2026-07-20T11:15:14Z,2026-07-20T13:20:54Z,2.09
GU29 0HP,SEPD,PSI,1,252585,11,2026-07-20T11:15:14Z,2026-07-20T13:20:54Z,2.09
GU29 0HT,SEPD,PSI,1,252585,11,2026-07-20T11:15:14Z,2026-07-20T13:20:54Z,2.09
GU29 0HU,SEPD,PSI,1,252585,11,2026-07-20T11:15:14Z,2026-07-20T13:20:54Z,2.09
GU34 4QD,SEPD,PSI,1,252806,24,2026-07-20T11:15:14Z,2026-07-20T13:20:54Z,2.09
KA28 0EU,SHEPD,PSI,1,253304,38,2026-07-20T11:15:14Z,2026-07-20T13:20:54Z,2.09
KA28 0EZ,SHEPD,PSI,1,253304,38,2026-07-20T11:15:14Z,2026-07-20T13:20:54Z,2.09
KA28 0HA,SHEPD,PSI,1,253304,38,2026-07-20T11:15:14Z,2026-07-20T13:20:54Z,2.09
PO7 8AA,SEPD,PSI,1,252229,2,2026-07-20T11:15:14Z,2026-07-20T13:20:54Z,2.09
RG20 4PB,SEPD,PSI,1,252784,24,2026-07-20T11:15:14Z,2026-07-20T13:20:54Z,2.09
RG20 4SS,SEPD,PSI,1,252784,24,2026-07-20T11:15:14Z,2026-07-20T13:20:54Z,2.09
RG20 5NZ,SEPD,PSI,1,252784,24,2026-07-20T11:15:14Z,2026-07-20T13:20:54Z,2.09
RG20 5SH,SEPD,PSI,1,252784,24,2026-07-20T11:15:14Z,2026-07-20T13:20:54Z,2.09
RG7 4HR,SEPD,PSI,1,252553,59,2026-07-20T11:15:14Z,2026-07-20T13:20:54Z,2.09
RG7 4HZ,SEPD,PSI,1,252553,59,2026-07-20T11:15:14Z,2026-07-20T13:20:54Z,2.09
RG7 4LD,SEPD,PSI,1,252553,59,2026-07-20T11:15:14Z,2026-07-20T13:20:54Z,2.09
RG7 4LJ,SEPD,PSI,1,252553,59,2026-07-20T11:15:14Z,2026-07-20T13:20:54Z,2.09
RG7 4LL,SEPD,PSI,1,252553,59,2026-07-20T11:15:14Z,2026-07-20T13:20:54Z,2.09
RG7 4LR,SEPD,PSI,1,252553,59,2026-07-20T11:15:14Z,2026-07-20T13:20:54Z,2.09
RG7 4LT,SEPD,PSI,1,252553,59,2026-07-20T11:15:14Z,2026-07-20T13:20:54Z,2.09
RG7 4LY,SEPD,PSI,1,252553,59,2026-07-20T11:15:14Z,2026-07-20T13:20:54Z,2.09
RG7 4LZ,SEPD,PSI,1,252553,59,2026-07-20T11:15:14Z,2026-07-20T13:20:54Z,2.09
RG7 4NG,SEPD,PSI,1,252553,59,2026-07-20T11:15:14Z,2026-07-20T13:20:54Z,2.09
SN11 0LZ,SEPD,PSI,1,253124,40,2026-07-20T11:15:14Z,2026-07-20T13:20:54Z,2.09
SN11 9FS,SEPD,PSI,1,253124,40,2026-07-20T11:15:14Z,2026-07-20T13:20:54Z,2.09
SN11 9LX,SEPD,PSI,1,253124,40,2026-07-20T11:15:14Z,2026-07-20T13:20:54Z,2.09
SN11 9LY,SEPD,PSI,1,253124,40,2026-07-20T11:15:14Z,2026-07-20T13:20:54Z,2.09
SN11 9NB,SEPD,PSI,1,253124,40,2026-07-20T11:15:14Z,2026-07-20T13:20:54Z,2.09
SN11 9ND,SEPD,PSI,1,253124,40,2026-07-20T11:15:14Z,2026-07-20T13:20:54Z,2.09
SN11 9NE,SEPD,PSI,1,253124,40,2026-07-20T11:15:14Z,2026-07-20T13:20:54Z,2.09
SN11 9NF,SEPD,PSI,1,253124,40,2026-07-20T11:15:14Z,2026-07-20T13:20:54Z,2.09
SN5 4JJ,SEPD,HV,1,TR4041,14,2026-07-19T21:33:53Z,2026-07-19T23:39:04Z,2.09
SN5 4JL,SEPD,HV,1,TR4041,14,2026-07-19T21:33:53Z,2026-07-19T23:39:04Z,2.09
SO21 3AL,SEPD,PSI,1,252798,85,2026-07-20T11:15:14Z,2026-07-20T13:20:54Z,2.09
SO21 3AN,SEPD,PSI,1,252798,85,2026-07-20T11:15:14Z,2026-07-20T13:20:54Z,2.09
SO21 3AP,SEPD,PSI,1,252798,85,2026-07-20T11:15:14Z,2026-07-20T13:20:54Z,2.09
SO21 3AW,SEPD,PSI,1,252798,85,2026-07-20T11:15:14Z,2026-07-20T13:20:54Z,2.09
SO21 3BG,SEPD,PSI,1,252798,85,2026-07-20T11:15:14Z,2026-07-20T13:20:54Z,2.09
SO21 3BZ,SEPD,PSI,1,252798,85,2026-07-20T11:15:14Z,2026-07-20T13:20:54Z,2.09
SO21 3FB,SEPD,PSI,1,252798,85,2026-07-20T11:15:14Z,2026-07-20T13:20:54Z,2.09
SO21 3FD,SEPD,PSI,1,252798,85,2026-07-20T11:15:14Z,2026-07-20T13:20:54Z,2.09
SO21 3FP,SEPD,PSI,1,252798,85,2026-07-20T11:15:14Z,2026-07-20T13:20:54Z,2.09
OX49 5BL,SEPD,HV,1,TR9095,211,2026-07-22T12:51:44Z,2026-07-22T14:56:49Z,2.08
OX49 5PR,SEPD,HV,1,TR9095,211,2026-07-22T12:51:44Z,2026-07-22T14:56:49Z,2.08
OX49 5RU,SEPD,HV,1,TR9095,211,2026-07-22T12:51:44Z,2026-07-22T14:56:49Z,2.08
OX49 5TB,SEPD,HV,1,TR9095,211,2026-07-22T12:51:44Z,2026-07-22T14:56:49Z,2.08
OX49 5TH,SEPD,HV,1,TR9095,211,2026-07-22T12:51:44Z,2026-07-22T14:56:49Z,2.08
OX49 5TL,SEPD,HV,1,TR9095,211,2026-07-22T12:51:44Z,2026-07-22T14:56:49Z,2.08
OX49 5TN,SEPD,HV,1,TR9095,211,2026-07-22T12:51:44Z,2026-07-22T14:56:49Z,2.08
OX49 5TP,SEPD,HV,1,TR9095,211,2026-07-22T12:51:44Z,2026-07-22T14:56:49Z,2.08
OX49 5TT,SEPD,HV,1,TR9095,211,2026-07-22T12:51:44Z,2026-07-22T14:56:49Z,2.08
OX49 5TU,SEPD,HV,1,TR9095,211,2026-07-22T12:51:44Z,2026-07-22T14:56:49Z,2.08
OX49 5TW,SEPD,HV,1,TR9095,211,2026-07-22T12:51:44Z,2026-07-22T14:56:49Z,2.08
OX49 5TX,SEPD,HV,1,TR9095,211,2026-07-22T12:51:44Z,2026-07-22T14:56:49Z,2.08
OX49 5TY,SEPD,HV,1,TR9095,211,2026-07-22T12:51:44Z,2026-07-22T14:56:49Z,2.08
OX49 5TZ,SEPD,HV,1,TR9095,211,2026-07-22T12:51:44Z,2026-07-22T14:56:49Z,2.08
OX49 5UA,SEPD,HV,1,TR9095,211,2026-07-22T12:51:44Z,2026-07-22T14:56:49Z,2.08
OX49 5UJ,SEPD,HV,1,TR9095,211,2026-07-22T12:51:44Z,2026-07-22T14:56:49Z,2.08
OX9 7DL,SEPD,HV,1,TR9095,211,2026-07-22T12:51:44Z,2026-07-22T14:56:49Z,2.08
OX9 7DN,SEPD,HV,1,TR9095,211,2026-07-22T12:51:44Z,2026-07-22T14:56:49Z,2.08
OX9 7DP,SEPD,HV,1,TR9095,211,2026-07-22T12:51:44Z,2026-07-22T14:56:49Z,2.08
OX9 7DR,SEPD,HV,1,TR9095,211,2026-07-22T12:51:44Z,2026-07-22T14:56:49Z,2.08
OX9 7DS,SEPD,HV,1,TR9095,211,2026-07-22T12:51:44Z,2026-07-22T14:56:49Z,2.08
OX9 7DT,SEPD,HV,1,TR9095,211,2026-07-22T12:51:44Z,2026-07-22T14:56:49Z,2.08
OX9 7DU,SEPD,HV,1,TR9095,211,2026-07-22T12:51:44Z,2026-07-22T14:56:49Z,2.08
OX9 7DX,SEPD,HV,1,TR9095,211,2026-07-22T12:51:44Z,2026-07-22T14:56:49Z,2.08
OX9 7DY,SEPD,HV,1,TR9095,211,2026-07-22T12:51:44Z,2026-07-22T14:56:49Z,2.08
OX9 7EA,SEPD,HV,1,TR9095,211,2026-07-22T12:51:44Z,2026-07-22T14:56:49Z,2.08
OX9 7EB,SEPD,HV,1,TR9095,211,2026-07-22T12:51:44Z,2026-07-22T14:56:49Z,2.08
OX9 7ED,SEPD,HV,1,TR9095,211,2026-07-22T12:51:44Z,2026-07-22T14:56:49Z,2.08
OX9 7EE,SEPD,HV,1,TR9095,211,2026-07-22T12:51:44Z,2026-07-22T14:56:49Z,2.08
OX9 7EG,SEPD,HV,1,TR9095,211,2026-07-22T12:51:44Z,2026-07-22T14:56:49Z,2.08
SO51 7NB,SEPD,LV,1,TR5926,38,2026-07-20T17:02:15Z,2026-07-20T19:03:28Z,2.02
SO51 7NL,SEPD,LV,1,TR5926,38,2026-07-20T17:02:15Z,2026-07-20T19:03:28Z,2.02
SO51 7NU,SEPD,LV,1,TR5926,38,2026-07-20T17:02:15Z,2026-07-20T19:03:28Z,2.02
SO51 7RA,SEPD,LV,1,TR5926,38,2026-07-20T17:02:15Z,2026-07-20T19:03:28Z,2.02
SO51 7RB,SEPD,LV,1,TR5926,38,2026-07-20T17:02:15Z,2026-07-20T19:03:28Z,2.02
SO51 7RD,SEPD,LV,1,TR5926,38,2026-07-20T17:02:15Z,2026-07-20T19:03:28Z,2.02
SO51 7RE,SEPD,LV,1,TR5926,38,2026-07-20T17:02:15Z,2026-07-20T19:03:28Z,2.02
SO51 7RF,SEPD,LV,1,TR5926,38,2026-07-20T17:02:15Z,2026-07-20T19:03:28Z,2.02
SO51 7RG,SEPD,LV,1,TR5926,38,2026-07-20T17:02:15Z,2026-07-20T19:03:28Z,2.02
BH12 1HA,SEPD,PSI,1,252686,95,2026-07-17T08:56:05Z,2026-07-17T10:54:25Z,1.97
BH12 1ND,SEPD,PSI,1,252686,95,2026-07-17T08:56:05Z,2026-07-17T10:54:25Z,1.97
BH12 1NJ,SEPD,PSI,1,252686,95,2026-07-17T08:56:05Z,2026-07-17T10:54:25Z,1.97
BH12 1NN,SEPD,PSI,1,252686,95,2026-07-17T08:56:05Z,2026-07-17T10:54:25Z,1.97
BH12 1NP,SEPD,PSI,1,252686,95,2026-07-17T08:56:05Z,2026-07-17T10:54:25Z,1.97
BH12 1NW,SEPD,PSI,1,252686,95,2026-07-17T08:56:05Z,2026-07-17T10:54:25Z,1.97
DT2 8HL,SEPD,HV,1,TR2784,11,2026-07-18T10:39:50Z,2026-07-18T12:38:01Z,1.97
DT2 8NG,SEPD,HV,1,TR2784,11,2026-07-18T10:39:50Z,2026-07-18T12:38:01Z,1.97
DT2 8NH,SEPD,HV,1,TR2784,11,2026-07-18T10:39:50Z,2026-07-18T12:38:01Z,1.97
DT2 8NJ,SEPD,HV,1,TR2784,11,2026-07-18T10:39:50Z,2026-07-18T12:38:01Z,1.97
PO41 0NU,SEPD,HV,2,"TR3262,TR3312",428,2026-07-18T20:33:56Z,2026-07-18T23:30:00Z,1.95
PO41 0PA,SEPD,HV,2,"TR3262,TR3312",428,2026-07-18T20:33:56Z,2026-07-18T23:30:00Z,1.95
PO41 0PL,SEPD,HV,2,"TR3262,TR3312",428,2026-07-18T20:33:56Z,2026-07-18T23:30:00Z,1.95
PO41 0PN,SEPD,HV,2,"TR3262,TR3312",428,2026-07-18T20:33:56Z,2026-07-18T23:30:00Z,1.95
PO41 0PP,SEPD,HV,2,"TR3262,TR3312",428,2026-07-18T20:33:56Z,2026-07-18T23:30:00Z,1.95
PO41 0PR,SEPD,HV,2,"TR3262,TR3312",428,2026-07-18T20:33:56Z,2026-07-18T23:30:00Z,1.95
PO41 0PS,SEPD,HV,2,"TR3262,TR3312",428,2026-07-18T20:33:56Z,2026-07-18T23:30:00Z,1.95
PO41 0PT,SEPD,HV,2,"TR3262,TR3312",428,2026-07-18T20:33:56Z,2026-07-18T23:30:00Z,1.95
PO41 0PU,SEPD,HV,2,"TR3262,TR3312",428,2026-07-18T20:33:56Z,2026-07-18T23:30:00Z,1.95
PO41 0PW,SEPD,HV,2,"TR3262,TR3312",428,2026-07-18T20:33:56Z,2026-07-18T23:30:00Z,1.95
PO41 0PX,SEPD,HV,2,"TR3262,TR3312",428,2026-07-18T20:33:56Z,2026-07-18T23:30:00Z,1.95
PO41 0PY,SEPD,HV,2,"TR3262,TR3312",428,2026-07-18T20:33:56Z,2026-07-18T23:30:00Z,1.95
PO41 0PZ,SEPD,HV,2,"TR3262,TR3312",428,2026-07-18T20:33:56Z,2026-07-18T23:30:00Z,1.95
PO41 0QA,SEPD,HV,2,"TR3262,TR3312",428,2026-07-18T20:33:56Z,2026-07-18T23:30:00Z,1.95
PO41 0QB,SEPD,HV,2,"TR3262,TR3312",428,2026-07-18T20:33:56Z,2026-07-18T23:30:00Z,1.95
PO41 0QD,SEPD,HV,2,"TR3262,TR3312",428,2026-07-18T20:33:56Z,2026-07-18T23:30:00Z,1.95
PO41 0QE,SEPD,HV,2,"TR3262,TR3312",428,2026-07-18T20:33:56Z,2026-07-18T23:30:00Z,1.95
PO41 0QF,SEPD,HV,2,"TR3262,TR3312",428,2026-07-18T20:33:56Z,2026-07-18T23:30:00Z,1.95
PO41 0QG,SEPD,HV,2,"TR3262,TR3312",428,2026-07-18T20:33:56Z,2026-07-18T23:30:00Z,1.95
PO41 0QH,SEPD,HV,2,"TR3262,TR3312",428,2026-07-18T20:33:56Z,2026-07-18T23:30:00Z,1.95
PO41 0QJ,SEPD,HV,2,"TR3262,TR3312",428,2026-07-18T20:33:56Z,2026-07-18T23:30:00Z,1.95
PO41 0QL,SEPD,HV,2,"TR3262,TR3312",428,2026-07-18T20:33:56Z,2026-07-18T23:30:00Z,1.95
PO41 0QN,SEPD,HV,2,"TR3262,TR3312",428,2026-07-18T20:33:56Z,2026-07-18T23:30:00Z,1.95
PO41 0QQ,SEPD,HV,2,"TR3262,TR3312",428,2026-07-18T20:33:56Z,2026-07-18T23:30:00Z,1.95
PO41 0QW,SEPD,HV,2,"TR3262,TR3312",428,2026-07-18T20:33:56Z,2026-07-18T23:30:00Z,1.95
PO41 0RA,SEPD,HV,2,"TR3262,TR3312",428,2026-07-18T20:33:56Z,2026-07-18T23:30:00Z,1.95
PO41 0RD,SEPD,HV,2,"TR3262,TR3312",428,2026-07-18T20:33:56Z,2026-07-18T23:30:00Z,1.95
SN16 9SF,SEPD,LV,1,TR3246,12,2026-07-18T20:33:56Z,2026-07-18T22:28:46Z,1.91
SN16 9SS,SEPD,LV,1,TR3246,12,2026-07-18T20:33:56Z,2026-07-18T22:28:46Z,1.91
HP14 3AJ,SEPD,HV,1,TR2348,8,2026-07-17T20:11:48Z,2026-07-17T22:05:48Z,1.9
HP14 3AL,SEPD,HV,1,TR2348,8,2026-07-17T20:11:48Z,2026-07-17T22:05:48Z,1.9
AB55 6LR,SHEPD,PSI,1,251259,8,2026-07-21T09:45:34Z,2026-07-21T11:39:11Z,1.89
AB55 6LX,SHEPD,PSI,1,251259,8,2026-07-21T09:45:34Z,2026-07-21T11:39:11Z,1.89
BH13 7AJ,SEPD,PSI,1,253140,16,2026-07-21T09:45:34Z,2026-07-21T11:39:11Z,1.89
BH13 7AT,SEPD,PSI,1,253140,16,2026-07-21T09:45:34Z,2026-07-21T11:39:11Z,1.89
BH13 7AW,SEPD,PSI,1,253140,16,2026-07-21T09:45:34Z,2026-07-21T11:39:11Z,1.89
DT11 7TR,SEPD,LV,1,TR6432,12,2026-07-21T09:45:34Z,2026-07-21T11:39:11Z,1.89
DT11 7TT,SEPD,LV,1,TR6432,12,2026-07-21T09:45:34Z,2026-07-21T11:39:11Z,1.89
DT2 8HT,SEPD,PSI,1,251687,2,2026-07-21T09:45:34Z,2026-07-21T11:39:11Z,1.89
DT2 8RL,SEPD,PSI,1,251687,2,2026-07-21T09:45:34Z,2026-07-21T11:39:11Z,1.89
IV32 7LQ,SHEPD,PSI,1,252498,8,2026-07-21T09:45:34Z,2026-07-21T11:39:11Z,1.89
OX44 9JD,SEPD,LV,1,TR6160,12,2026-07-20T21:48:01Z,2026-07-20T23:41:25Z,1.89
OX44 9JE,SEPD,LV,1,TR6160,12,2026-07-20T21:48:01Z,2026-07-20T23:41:25Z,1.89
OX44 9JF,SEPD,LV,1,TR6160,12,2026-07-20T21:48:01Z,2026-07-20T23:41:25Z,1.89
OX44 9JG,SEPD,LV,1,TR6160,12,2026-07-20T21:48:01Z,2026-07-20T23:41:25Z,1.89
OX44 9JH,SEPD,LV,1,TR6160,12,2026-07-20T21:48:01Z,2026-07-20T23:41:25Z,1.89
OX44 9JN,SEPD,LV,1,TR6160,12,2026-07-20T21:48:01Z,2026-07-20T23:41:25Z,1.89
OX44 9JQ,SEPD,LV,1,TR6160,12,2026-07-20T21:48:01Z,2026-07-20T23:41:25Z,1.89
DT2 8BL,SEPD,PSI,1,252344,18,2026-07-23T09:42:08Z,2026-07-23T11:33:52Z,1.86
DT2 8BT,SEPD,PSI,1,252344,18,2026-07-23T09:42:08Z,2026-07-23T11:33:52Z,1.86
DT2 8FR,SEPD,PSI,1,252344,18,2026-07-23T09:42:08Z,2026-07-23T11:33:52Z,1.86
DT2 8WR,SEPD,PSI,1,252344,18,2026-07-23T09:42:08Z,2026-07-23T11:33:52Z,1.86
G63 0QZ,SHEPD,PSI,1,253073,9,2026-07-23T09:42:08Z,2026-07-23T11:33:52Z,1.86
HP7 9PY,SEPD,LV,1,TR1815,10,2026-07-17T12:16:58Z,2026-07-17T14:08:22Z,1.86
HP7 9QS,SEPD,LV,1,TR1815,10,2026-07-17T12:16:58Z,2026-07-17T14:08:22Z,1.86
HP8 4BN,SEPD,LV,1,TR1815,10,2026-07-17T12:16:58Z,2026-07-17T14:08:22Z,1.86
HP8 4BS,SEPD,LV,1,TR1815,10,2026-07-17T12:16:58Z,2026-07-17T14:08:22Z,1.86
HP8 4BW,SEPD,LV,1,TR1815,10,2026-07-17T12:16:58Z,2026-07-17T14:08:22Z,1.86
IV2 6XA,SHEPD,PSI,1,253396,7,2026-07-23T09:42:08Z,2026-07-23T11:33:52Z,1.86
IV2 7JL,SHEPD,PSI,1,253396,7,2026-07-23T09:42:08Z,2026-07-23T11:33:52Z,1.86
OX3 8BY,SEPD,PSI,1,253310,17,2026-07-23T09:42:08Z,2026-07-23T11:33:52Z,1.86
OX3 8FP,SEPD,PSI,1,253310,17,2026-07-23T09:42:08Z,2026-07-23T11:33:52Z,1.86
OX3 8GG,SEPD,PSI,1,253310,17,2026-07-23T09:42:08Z,2026-07-23T11:33:52Z,1.86
OX3 9SB,SEPD,PSI,1,253310,17,2026-07-23T09:42:08Z,2026-07-23T11:33:52Z,1.86
OX44 7TP,SEPD,PSI,1,253310,17,2026-07-23T09:42:08Z,2026-07-23T11:33:52Z,1.86
PO16 9LS,SEPD,LV,1,TR1876,11,2026-07-17T12:16:58Z,2026-07-17T14:08:22Z,1.86
PO16 9LX,SEPD,LV,1,TR1876,11,2026-07-17T12:16:58Z,2026-07-17T14:08:22Z,1.86
RG6 5UG,SEPD,LV,1,TR1461,22,2026-07-17T12:16:58Z,2026-07-17T14:08:22Z,1.86
RG6 5YR,SEPD,LV,1,TR1461,22,2026-07-17T12:16:58Z,2026-07-17T14:08:22Z,1.86
RG6 5YS,SEPD,LV,1,TR1461,22,2026-07-17T12:16:58Z,2026-07-17T14:08:22Z,1.86
RG6 5YT,SEPD,LV,1,TR1461,22,2026-07-17T12:16:58Z,2026-07-17T14:08:22Z,1.86
RG6 5YU,SEPD,LV,1,TR1461,22,2026-07-17T12:16:58Z,2026-07-17T14:08:22Z,1.86
RG6 5YX,SEPD,LV,1,TR1461,22,2026-07-17T12:16:58Z,2026-07-17T14:08:22Z,1.86
RG6 5YY,SEPD,LV,1,TR1461,22,2026-07-17T12:16:58Z,2026-07-17T14:08:22Z,1.86
SL2 5EJ,SEPD,LV,1,TR1761,9,2026-07-17T12:16:58Z,2026-07-17T14:08:22Z,1.86
SL2 5ER,SEPD,LV,1,TR1761,9,2026-07-17T12:16:58Z,2026-07-17T14:08:22Z,1.86
SO40 3NX,SEPD,LV,1,TR3249,8,2026-07-19T10:50:39Z,2026-07-19T12:41:51Z,1.85
AB15,SHEPD,PSI,1,252545,70,2026-07-18T07:21:10Z,2026-07-18T09:07:02Z,1.76
AB15 4DE,SHEPD,PSI,1,252825,11,2026-07-18T07:21:10Z,2026-07-18T09:07:02Z,1.76
AB15 4DF,SHEPD,PSI,1,252825,11,2026-07-18T07:21:10Z,2026-07-18T09:07:02Z,1.76
AB15 4DX,SHEPD,PSI,1,252545,70,2026-07-18T07:21:10Z,2026-07-18T09:07:02Z,1.76
AB15 4DY,SHEPD,PSI,1,252545,70,2026-07-18T07:21:10Z,2026-07-18T09:07:02Z,1.76
AB15 4YD,SHEPD,PSI,1,252545,70,2026-07-18T07:21:10Z,2026-07-18T09:07:02Z,1.76
AB15 4ZT,SHEPD,PSI,1,252545,70,2026-07-18T07:21:10Z,2026-07-18T09:07:02Z,1.76
RG31 7AH,SEPD,LV,1,TR2617,20,2026-07-18T07:21:10Z,2026-07-18T09:07:02Z,1.76
RG31 7AJ,SEPD,LV,1,TR2617,20,2026-07-18T07:21:10Z,2026-07-18T09:07:02Z,1.76
RG31 7AS,SEPD,LV,1,TR2617,20,2026-07-18T07:21:10Z,2026-07-18T09:07:02Z,1.76
RG31 7AT,SEPD,LV,1,TR2617,20,2026-07-18T07:21:10Z,2026-07-18T09:07:02Z,1.76
RG31 7AW,SEPD,LV,1,TR2617,20,2026-07-18T07:21:10Z,2026-07-18T09:07:02Z,1.76
PH21 1NE,SHEPD,HV,1,TR9433,83,2026-07-22T14:56:49Z,2026-07-22T16:37:45Z,1.68
PH22 1QB,SHEPD,HV,1,TR9433,83,2026-07-22T14:56:49Z,2026-07-22T16:37:45Z,1.68
GU8 5UR,SEPD,PSI,1,252468,15,2026-07-23T11:33:52Z,2026-07-23T13:12:33Z,1.64
GU8 5UT,SEPD,PSI,1,252468,15,2026-07-23T11:33:52Z,2026-07-23T13:12:33Z,1.64
PO32,SEPD,LV,1,TR9815,16,2026-07-23T11:33:52Z,2026-07-23T13:12:33Z,1.64
PO32 6FL,SEPD,LV,1,TR9815,16,2026-07-23T11:33:52Z,2026-07-23T13:12:33Z,1.64
PO32 6FN,SEPD,LV,1,TR9815,16,2026-07-23T11:33:52Z,2026-07-23T13:12:33Z,1.64
PO32 6FP,SEPD,LV,1,TR9815,16,2026-07-23T11:33:52Z,2026-07-23T13:12:33Z,1.64
RG14 7HT,SEPD,LV,1,TR9409,24,2026-07-23T11:33:52Z,2026-07-23T13:12:33Z,1.64
RG19 8XL,SEPD,LV,1,TR9409,24,2026-07-23T11:33:52Z,2026-07-23T13:12:33Z,1.64
RG19 8XS,SEPD,LV,1,TR9409,24,2026-07-23T11:33:52Z,2026-07-23T13:12:33Z,1.64
RG19 8XT,SEPD,LV,1,TR9409,24,2026-07-23T11:33:52Z,2026-07-23T13:12:33Z,1.64
RG19 8XU,SEPD,LV,1,TR9409,24,2026-07-23T11:33:52Z,2026-07-23T13:12:33Z,1.64
RG20 9AG,SEPD,LV,1,TR9409,24,2026-07-23T11:33:52Z,2026-07-23T13:12:33Z,1.64
RG20 9AY,SEPD,LV,1,TR9409,24,2026-07-23T11:33:52Z,2026-07-23T13:12:33Z,1.64
RG20 9BB,SEPD,LV,1,TR9409,24,2026-07-23T11:33:52Z,2026-07-23T13:12:33Z,1.64
RG20 9BD,SEPD,LV,1,TR9409,24,2026-07-23T11:33:52Z,2026-07-23T13:12:33Z,1.64
RG7 5ED,SEPD,PSI,1,253464,12,2026-07-23T11:33:52Z,2026-07-23T13:12:33Z,1.64
IV42 8PY,SHEPD,LV,1,TR5882,3,2026-07-20T15:24:46Z,2026-07-20T17:02:15Z,1.62
SN10 3NR,SEPD,LV,1,TR5840,22,2026-07-20T15:24:46Z,2026-07-20T17:02:15Z,1.62
SN10 3NS,SEPD,LV,1,TR5840,22,2026-07-20T15:24:46Z,2026-07-20T17:02:15Z,1.62
SN10 3NT,SEPD,LV,1,TR5840,22,2026-07-20T15:24:46Z,2026-07-20T17:02:15Z,1.62
SN10 3NU,SEPD,LV,1,TR5840,22,2026-07-20T15:24:46Z,2026-07-20T17:02:15Z,1.62
SN10 3NX,SEPD,LV,1,TR5840,22,2026-07-20T15:24:46Z,2026-07-20T17:02:15Z,1.62
SN10 3NY,SEPD,LV,1,TR5840,22,2026-07-20T15:24:46Z,2026-07-20T17:02:15Z,1.62
SN10 3PA,SEPD,LV,1,TR5840,22,2026-07-20T15:24:46Z,2026-07-20T17:02:15Z,1.62
GU30 7BA,SEPD,LV,1,TR4626,16,2026-07-19T23:39:04Z,2026-07-20T01:13:37Z,1.58
GU30 7BE,SEPD,LV,1,TR4626,16,2026-07-19T23:39:04Z,2026-07-20T01:13:37Z,1.58
GU30 7BN,SEPD,LV,1,TR4626,16,2026-07-19T23:39:04Z,2026-07-20T01:13:37Z,1.58
GU30 7BP,SEPD,LV,1,TR4626,16,2026-07-19T23:39:04Z,2026-07-20T01:13:37Z,1.58
GU30 7BW,SEPD,LV,1,TR4626,16,2026-07-19T23:39:04Z,2026-07-20T01:13:37Z,1.58
SN5 8PN,SEPD,LV,1,TS0927,29,2026-07-23T15:26:04Z,2026-07-23T17:00:57Z,1.58
SN5 8PW,SEPD,LV,1,TS0927,29,2026-07-23T15:26:04Z,2026-07-23T17:00:57Z,1.58
SN5 8QU,SEPD,LV,1,TS0927,29,2026-07-23T15:26:04Z,2026-07-23T17:00:57Z,1.58
SN5 8QX,SEPD,LV,1,TS0927,29,2026-07-23T15:26:04Z,2026-07-23T17:00:57Z,1.58
SO30 2EA,SEPD,LV,1,TS1128,31,2026-07-23T15:26:04Z,2026-07-23T17:00:57Z,1.58
SO30 2EJ,SEPD,LV,1,TS1128,31,2026-07-23T15:26:04Z,2026-07-23T17:00:57Z,1.58
SO30 2EL,SEPD,LV,1,TS1128,31,2026-07-23T15:26:04Z,2026-07-23T17:00:57Z,1.58
SO30 2EN,SEPD,LV,1,TS1128,31,2026-07-23T15:26:04Z,2026-07-23T17:00:57Z,1.58
SO30 2GX,SEPD,LV,1,TS1128,31,2026-07-23T15:26:04Z,2026-07-23T17:00:57Z,1.58
SO30 2GY,SEPD,LV,1,TS1128,31,2026-07-23T15:26:04Z,2026-07-23T17:00:57Z,1.58
SO30 2LH,SEPD,LV,1,TS1128,31,2026-07-23T15:26:04Z,2026-07-23T17:00:57Z,1.58
SO30 2UG,SEPD,LV,1,TS1128,31,2026-07-23T15:26:04Z,2026-07-23T17:00:57Z,1.58
SO51 6BG,SEPD,LV,1,TR6042,24,2026-07-20T19:03:28Z,2026-07-20T20:37:56Z,1.57
SO51 6EA,SEPD,LV,1,TR6042,24,2026-07-20T19:03:28Z,2026-07-20T20:37:56Z,1.57
SO51 6EB,SEPD,LV,1,TR6042,24,2026-07-20T19:03:28Z,2026-07-20T20:37:56Z,1.57
SO51 6ET,SEPD,LV,1,TR6042,24,2026-07-20T19:03:28Z,2026-07-20T20:37:56Z,1.57
SO51 6GJ,SEPD,LV,1,TR6042,24,2026-07-20T19:03:28Z,2026-07-20T20:37:56Z,1.57
TW18 3AQ,SEPD,LV,1,TR6038,39,2026-07-20T19:03:28Z,2026-07-20T20:37:56Z,1.57
TW18 3AS,SEPD,LV,1,TR6038,39,2026-07-20T19:03:28Z,2026-07-20T20:37:56Z,1.57
TW18 3AT,SEPD,LV,1,TR6038,39,2026-07-20T19:03:28Z,2026-07-20T20:37:56Z,1.57
TW18 3AU,SEPD,LV,1,TR6038,39,2026-07-20T19:03:28Z,2026-07-20T20:37:56Z,1.57
TW18 3AX,SEPD,LV,1,TR6038,39,2026-07-20T19:03:28Z,2026-07-20T20:37:56Z,1.57
SN11 0DX,SEPD,"PSI,LV",2,"252720,TR8650",59,2026-07-22T09:04:22Z,2026-07-22T12:51:44Z,1.55
SN11 0EF,SEPD,"PSI,LV",2,"252720,TR8650",59,2026-07-22T09:04:22Z,2026-07-22T12:51:44Z,1.55
BH25 7JY,SEPD,LV,1,TR8740,18,2026-07-22T11:18:56Z,2026-07-22T12:51:44Z,1.55
BH25 7LA,SEPD,LV,1,TR8740,18,2026-07-22T11:18:56Z,2026-07-22T12:51:44Z,1.55
BH25 7LB,SEPD,LV,1,TR8740,18,2026-07-22T11:18:56Z,2026-07-22T12:51:44Z,1.55
BH25 7LE,SEPD,LV,1,TR8740,18,2026-07-22T11:18:56Z,2026-07-22T12:51:44Z,1.55
BH25 7LG,SEPD,LV,1,TR8740,18,2026-07-22T11:18:56Z,2026-07-22T12:51:44Z,1.55
IV43 8QS,SHEPD,PSI,1,252948,12,2026-07-22T11:18:56Z,2026-07-22T12:51:44Z,1.55
PO30 4BG,SEPD,LV,1,TR8665,15,2026-07-22T11:18:56Z,2026-07-22T12:51:44Z,1.55
PO30 4BL,SEPD,LV,1,TR8665,15,2026-07-22T11:18:56Z,2026-07-22T12:51:44Z,1.55
RG6 3AA,SEPD,LV,1,TR3703,31,2026-07-22T11:18:56Z,2026-07-22T12:51:44Z,1.55
RG6 3AB,SEPD,LV,1,TR3703,31,2026-07-22T11:18:56Z,2026-07-22T12:51:44Z,1.55
RG6 3AD,SEPD,LV,1,TR3703,31,2026-07-22T11:18:56Z,2026-07-22T12:51:44Z,1.55
RG6 3AP,SEPD,LV,1,TR3703,31,2026-07-22T11:18:56Z,2026-07-22T12:51:44Z,1.55
RG6 3AW,SEPD,LV,1,TR3703,31,2026-07-22T11:18:56Z,2026-07-22T12:51:44Z,1.55
RG6 3AZ,SEPD,LV,1,TR3703,31,2026-07-22T11:18:56Z,2026-07-22T12:51:44Z,1.55
RG6 3BA,SEPD,LV,1,TR3703,31,2026-07-22T11:18:56Z,2026-07-22T12:51:44Z,1.55
RG6 3BE,SEPD,LV,1,TR3703,31,2026-07-22T11:18:56Z,2026-07-22T12:51:44Z,1.55
RG6 7YA,SEPD,LV,1,TR3703,31,2026-07-22T11:18:56Z,2026-07-22T12:51:44Z,1.55
SN11 0BU,SEPD,LV,1,TR8650,25,2026-07-22T11:18:56Z,2026-07-22T12:51:44Z,1.55
SN11 0DH,SEPD,LV,1,TR8650,25,2026-07-22T11:18:56Z,2026-07-22T12:51:44Z,1.55
SN11 0DU,SEPD,LV,1,TR8650,25,2026-07-22T11:18:56Z,2026-07-22T12:51:44Z,1.55
SN11 0DY,SEPD,LV,1,TR8650,25,2026-07-22T11:18:56Z,2026-07-22T12:51:44Z,1.55
SN11 0DZ,SEPD,LV,1,TR8650,25,2026-07-22T11:18:56Z,2026-07-22T12:51:44Z,1.55
SN11 0EA,SEPD,LV,1,TR8650,25,2026-07-22T11:18:56Z,2026-07-22T12:51:44Z,1.55
SN11 0EB,SEPD,LV,1,TR8650,25,2026-07-22T11:18:56Z,2026-07-22T12:51:44Z,1.55
SN11 0ED,SEPD,LV,1,TR8650,25,2026-07-22T11:18:56Z,2026-07-22T12:51:44Z,1.55
SN11 0EG,SEPD,LV,1,TR8650,25,2026-07-22T11:18:56Z,2026-07-22T12:51:44Z,1.55
TW3 4BG,SEPD,LV,1,TR7766,18,2026-07-21T15:17:11Z,2026-07-21T16:50:04Z,1.55
TW5 0BS,SEPD,LV,1,TR7766,18,2026-07-21T15:17:11Z,2026-07-21T16:50:04Z,1.55
TW5 0BT,SEPD,LV,1,TR7766,18,2026-07-21T15:17:11Z,2026-07-21T16:50:04Z,1.55
AB31 5AN,SHEPD,PSI,1,252681,17,2026-07-22T23:40:04Z,2026-07-23T01:12:43Z,1.54
AB31 5AZ,SHEPD,PSI,1,252681,17,2026-07-22T23:40:04Z,2026-07-23T01:12:43Z,1.54
AB31 5ES,SHEPD,PSI,1,252681,17,2026-07-22T23:40:04Z,2026-07-23T01:12:43Z,1.54
AB35 5GL,SHEPD,HV,1,TR2549,38,2026-07-18T05:48:56Z,2026-07-18T07:21:10Z,1.54
AB35 5SB,SHEPD,HV,1,TR2549,38,2026-07-18T05:48:56Z,2026-07-18T07:21:10Z,1.54
AB35 5SD,SHEPD,HV,1,TR2549,38,2026-07-18T05:48:56Z,2026-07-18T07:21:10Z,1.54
AB35 5SH,SHEPD,HV,1,TR2549,38,2026-07-18T05:48:56Z,2026-07-18T07:21:10Z,1.54
AB35 5SJ,SHEPD,HV,1,TR2549,38,2026-07-18T05:48:56Z,2026-07-18T07:21:10Z,1.54
AB35 5YJ,SHEPD,HV,1,TR2549,38,2026-07-18T05:48:56Z,2026-07-18T07:21:10Z,1.54
KY13 0LD,SHEPD,HV,1,TS1303,2,2026-07-23T18:19:49Z,2026-07-23T19:51:44Z,1.53
PH1 1AD,SHEPD,HV,2,"TR6226,TR7880",231,2026-07-20T23:41:25Z,2026-07-21T18:04:16Z,1.49
PH1 1QG,SHEPD,HV,2,"TR6226,TR7880",231,2026-07-20T23:41:25Z,2026-07-21T18:04:16Z,1.49
PH1 1QH,SHEPD,HV,2,"TR6226,TR7880",231,2026-07-20T23:41:25Z,2026-07-21T18:04:16Z,1.49
PH1 1QL,SHEPD,HV,2,"TR6226,TR7880",231,2026-07-20T23:41:25Z,2026-07-21T18:04:16Z,1.49
GL8 8LP,SEPD,LV,1,TR6211,9,2026-07-20T23:41:25Z,2026-07-21T01:10:47Z,1.49
PH1 1PZ,SHEPD,HV,1,TR6226,169,2026-07-20T23:41:25Z,2026-07-21T01:10:47Z,1.49
PH1 1QN,SHEPD,HV,1,TR6226,169,2026-07-20T23:41:25Z,2026-07-21T01:10:47Z,1.49
PH1 3NE,SHEPD,HV,1,TR6226,169,2026-07-20T23:41:25Z,2026-07-21T01:10:47Z,1.49
PH1 3NF,SHEPD,HV,1,TR6226,169,2026-07-20T23:41:25Z,2026-07-21T01:10:47Z,1.49
PH1 3PA,SHEPD,HV,1,TR6226,169,2026-07-20T23:41:25Z,2026-07-21T01:10:47Z,1.49
PH1 3PU,SHEPD,HV,1,TR6226,169,2026-07-20T23:41:25Z,2026-07-21T01:10:47Z,1.49
PH1 3QE,SHEPD,HV,1,TR6226,169,2026-07-20T23:41:25Z,2026-07-21T01:10:47Z,1.49
PH1 3QF,SHEPD,HV,1,TR6226,169,2026-07-20T23:41:25Z,2026-07-21T01:10:47Z,1.49
PH1 3QL,SHEPD,HV,1,TR6226,169,2026-07-20T23:41:25Z,2026-07-21T01:10:47Z,1.49
PH1 3RH,SHEPD,HV,1,TR6226,169,2026-07-20T23:41:25Z,2026-07-21T01:10:47Z,1.49
PH1 3SS,SHEPD,HV,1,TR6226,169,2026-07-20T23:41:25Z,2026-07-21T01:10:47Z,1.49
PH1 3SU,SHEPD,HV,1,TR6226,169,2026-07-20T23:41:25Z,2026-07-21T01:10:47Z,1.49
PH1 3SX,SHEPD,HV,1,TR6226,169,2026-07-20T23:41:25Z,2026-07-21T01:10:47Z,1.49
PH1 3SY,SHEPD,HV,1,TR6226,169,2026-07-20T23:41:25Z,2026-07-21T01:10:47Z,1.49
PO30 4DJ,SEPD,LV,1,TR2010,9,2026-07-17T14:08:22Z,2026-07-17T15:38:03Z,1.49
PO9 3BE,SEPD,PSI,1,251185,8,2026-07-19T09:22:26Z,2026-07-19T10:50:39Z,1.47
PO9 3QL,SEPD,PSI,1,251185,8,2026-07-19T09:22:26Z,2026-07-19T10:50:39Z,1.47
AB13 0HQ,SHEPD,HV,1,TR7228,21,2026-07-21T11:39:11Z,2026-07-21T13:04:34Z,1.42
AB13 0HS,SHEPD,HV,1,TR7228,21,2026-07-21T11:39:11Z,2026-07-21T13:04:34Z,1.42
AB13 0HX,SHEPD,HV,1,TR7228,21,2026-07-21T11:39:11Z,2026-07-21T13:04:34Z,1.42
AB15 9EL,SHEPD,HV,1,TR7228,21,2026-07-21T11:39:11Z,2026-07-21T13:04:34Z,1.42
DD3 7NX,SHEPD,LV,1,TR7236,8,2026-07-21T11:39:11Z,2026-07-21T13:04:34Z,1.42
GU32,SEPD,PSI,1,253381,23,2026-07-17T10:54:25Z,2026-07-17T12:16:58Z,1.38
GU32 1HG,SEPD,PSI,1,253381,23,2026-07-17T10:54:25Z,2026-07-17T12:16:58Z,1.38
GU32 1HJ,SEPD,PSI,1,253381,23,2026-07-17T10:54:25Z,2026-07-17T12:16:58Z,1.38
GU32 1HN,SEPD,PSI,1,253381,23,2026-07-17T10:54:25Z,2026-07-17T12:16:58Z,1.38
GU32 1HW,SEPD,PSI,1,253381,23,2026-07-17T10:54:25Z,2026-07-17T12:16:58Z,1.38
GU32 1NY,SEPD,PSI,1,253381,23,2026-07-17T10:54:25Z,2026-07-17T12:16:58Z,1.38
GU32 1PB,SEPD,PSI,1,253381,23,2026-07-17T10:54:25Z,2026-07-17T12:16:58Z,1.38
PO3 5ER,SEPD,LV,1,TS1208,27,2026-07-23T17:00:57Z,2026-07-23T18:19:49Z,1.31
PO3 5ES,SEPD,LV,1,TS1208,27,2026-07-23T17:00:57Z,2026-07-23T18:19:49Z,1.31
PO3 5ET,SEPD,LV,1,TS1208,27,2026-07-23T17:00:57Z,2026-07-23T18:19:49Z,1.31
PH23 3AL,SHEPD,HV,1,TR9722,18,2026-07-22T19:03:19Z,2026-07-22T20:18:47Z,1.26
PH24 3BT,SHEPD,HV,1,TR9722,18,2026-07-22T19:03:19Z,2026-07-22T20:18:47Z,1.26
BA20 2AU,SEPD,LV,1,TR2305,4,2026-07-17T18:57:02Z,2026-07-17T20:11:48Z,1.25
BA20 2NB,SEPD,LV,1,TR2305,4,2026-07-17T18:57:02Z,2026-07-17T20:11:48Z,1.25
BA20 2NW,SEPD,LV,1,TR2305,4,2026-07-17T18:57:02Z,2026-07-17T20:11:48Z,1.25
IV2 4XH,SHEPD,LV,1,TR4528,13,2026-07-19T18:31:56Z,2026-07-19T19:46:39Z,1.25
IV2 4XJ,SHEPD,LV,1,TR4528,13,2026-07-19T18:31:56Z,2026-07-19T19:46:39Z,1.25
IV2 4XQ,SHEPD,LV,1,TR4528,13,2026-07-19T18:31:56Z,2026-07-19T19:46:39Z,1.25
SP7 9EE,SEPD,LV,1,TR2277,14,2026-07-17T18:57:02Z,2026-07-17T20:11:48Z,1.25
SP7 9EF,SEPD,LV,1,TR2277,14,2026-07-17T18:57:02Z,2026-07-17T20:11:48Z,1.25
SP7 9EG,SEPD,LV,1,TR2277,14,2026-07-17T18:57:02Z,2026-07-17T20:11:48Z,1.25
SP7 9EL,SEPD,LV,1,TR2277,14,2026-07-17T18:57:02Z,2026-07-17T20:11:48Z,1.25
SP7 9EQ,SEPD,LV,1,TR2277,14,2026-07-17T18:57:02Z,2026-07-17T20:11:48Z,1.25
SP7 9EX,SEPD,LV,1,TR2277,14,2026-07-17T18:57:02Z,2026-07-17T20:11:48Z,1.25
PA23 8AG,SHEPD,LV,1,TR4037,7,2026-07-19T16:15:34Z,2026-07-19T17:28:41Z,1.22
PA23 8AQ,SHEPD,LV,1,TR4037,7,2026-07-19T16:15:34Z,2026-07-19T17:28:41Z,1.22
PA23 8AT,SHEPD,LV,1,TR4037,7,2026-07-19T16:15:34Z,2026-07-19T17:28:41Z,1.22
PO20 1AF,SEPD,LV,1,TR4030,24,2026-07-19T16:15:34Z,2026-07-19T17:28:41Z,1.22
PO20 1NR,SEPD,LV,1,TR4030,24,2026-07-19T16:15:34Z,2026-07-19T17:28:41Z,1.22
PO20 1PA,SEPD,LV,1,TR4030,24,2026-07-19T16:15:34Z,2026-07-19T17:28:41Z,1.22
PO20 1PE,SEPD,LV,1,TR4030,24,2026-07-19T16:15:34Z,2026-07-19T17:28:41Z,1.22
PO20 1PF,SEPD,LV,1,TR4030,24,2026-07-19T16:15:34Z,2026-07-19T17:28:41Z,1.22
PO20 1PQ,SEPD,LV,1,TR4030,24,2026-07-19T16:15:34Z,2026-07-19T17:28:41Z,1.22
UB5 4TF,SEPD,LV,2,"TR3154,TR7987",60,2026-07-18T16:15:04Z,2026-07-21T20:55:55Z,1.19
UB5 4TG,SEPD,LV,2,"TR3154,TR7987",60,2026-07-18T16:15:04Z,2026-07-21T20:55:55Z,1.19
UB5 4TJ,SEPD,LV,2,"TR3154,TR7987",60,2026-07-18T16:15:04Z,2026-07-21T20:55:55Z,1.19
UB5 4TL,SEPD,LV,2,"TR3154,TR7987",60,2026-07-18T16:15:04Z,2026-07-21T20:55:55Z,1.19
SL0 0AA,SEPD,LV,1,TS1470,14,2026-07-23T21:56:43Z,2026-07-23T23:05:23Z,1.14
SL0 0AD,SEPD,LV,1,TS1470,14,2026-07-23T21:56:43Z,2026-07-23T23:05:23Z,1.14
SL0 0AE,SEPD,LV,1,TS1470,14,2026-07-23T21:56:43Z,2026-07-23T23:05:23Z,1.14
SL0 0AG,SEPD,LV,1,TS1470,14,2026-07-23T21:56:43Z,2026-07-23T23:05:23Z,1.14
SL0 0AT,SEPD,LV,1,TS1470,14,2026-07-23T21:56:43Z,2026-07-23T23:05:23Z,1.14
SL0 0AW,SEPD,LV,1,TS1470,14,2026-07-23T21:56:43Z,2026-07-23T23:05:23Z,1.14
SL0 0AX,SEPD,LV,1,TS1470,14,2026-07-23T21:56:43Z,2026-07-23T23:05:23Z,1.14
SL0 0BB,SEPD,LV,1,TS1470,14,2026-07-23T21:56:43Z,2026-07-23T23:05:23Z,1.14
SL0 0BD,SEPD,LV,1,TS1470,14,2026-07-23T21:56:43Z,2026-07-23T23:05:23Z,1.14
SL0 9ND,SEPD,LV,1,TS1470,14,2026-07-23T21:56:43Z,2026-07-23T23:05:23Z,1.14
SO41 0FP,SEPD,LV,1,TS1396,17,2026-07-23T21:56:43Z,2026-07-23T23:05:23Z,1.14
SO41 6FR,SEPD,LV,1,TS1396,17,2026-07-23T21:56:43Z,2026-07-23T23:05:23Z,1.14
SO41 6FS,SEPD,LV,1,TS1396,17,2026-07-23T21:56:43Z,2026-07-23T23:05:23Z,1.14
SO41 6FT,SEPD,LV,1,TS1396,17,2026-07-23T21:56:43Z,2026-07-23T23:05:23Z,1.14
SP10 1HB,SEPD,LV,1,TS0691,16,2026-07-23T21:56:43Z,2026-07-23T23:05:23Z,1.14
SP10 1NF,SEPD,LV,1,TS0691,16,2026-07-23T21:56:43Z,2026-07-23T23:05:23Z,1.14
SP10 1PA,SEPD,LV,1,TS0691,16,2026-07-23T21:56:43Z,2026-07-23T23:05:23Z,1.14
AB32 6YB,SHEPD,HV,1,TR2097,7,2026-07-17T15:38:03Z,2026-07-17T16:45:38Z,1.13
AB32 6YD,SHEPD,HV,1,TR2097,7,2026-07-17T15:38:03Z,2026-07-17T16:45:38Z,1.13
PO8 9LD,SEPD,LV,1,TR2123,14,2026-07-17T15:38:03Z,2026-07-17T16:45:38Z,1.13
PO8 9LG,SEPD,LV,1,TR2123,14,2026-07-17T15:38:03Z,2026-07-17T16:45:38Z,1.13
PO8 9LQ,SEPD,LV,1,TR2123,14,2026-07-17T15:38:03Z,2026-07-17T16:45:38Z,1.13
PO8 9WG,SEPD,LV,1,TR2123,14,2026-07-17T15:38:03Z,2026-07-17T16:45:38Z,1.13
PO8 9WH,SEPD,LV,1,TR2123,14,2026-07-17T15:38:03Z,2026-07-17T16:45:38Z,1.13
PO8 8ND,SEPD,LV,1,TR2204,23,2026-07-17T16:45:38Z,2026-07-17T17:52:29Z,1.11
PO8 9UW,SEPD,LV,1,TR2204,23,2026-07-17T16:45:38Z,2026-07-17T17:52:29Z,1.11
AB15 9AY,SHEPD,PSI,1,252959,185,2026-07-22T21:32:50Z,2026-07-22T22:38:03Z,1.09
AB15 9AZ,SHEPD,PSI,1,252959,185,2026-07-22T21:32:50Z,2026-07-22T22:38:03Z,1.09
AB15 9BG,SHEPD,PSI,1,252959,185,2026-07-22T21:32:50Z,2026-07-22T22:38:03Z,1.09
AB15 9BH,SHEPD,PSI,1,252959,185,2026-07-22T21:32:50Z,2026-07-22T22:38:03Z,1.09
AB15 9BQ,SHEPD,PSI,1,252959,185,2026-07-22T21:32:50Z,2026-07-22T22:38:03Z,1.09
AB15 9BU,SHEPD,PSI,1,252959,185,2026-07-22T21:32:50Z,2026-07-22T22:38:03Z,1.09
AB15 9FA,SHEPD,PSI,1,252959,185,2026-07-22T21:32:50Z,2026-07-22T22:38:03Z,1.09
AB15 9FB,SHEPD,PSI,1,252959,185,2026-07-22T21:32:50Z,2026-07-22T22:38:03Z,1.09
AB15 9FD,SHEPD,PSI,1,252959,185,2026-07-22T21:32:50Z,2026-07-22T22:38:03Z,1.09
AB15 9FE,SHEPD,PSI,1,252959,185,2026-07-22T21:32:50Z,2026-07-22T22:38:03Z,1.09
AB15 9FG,SHEPD,PSI,1,252959,185,2026-07-22T21:32:50Z,2026-07-22T22:38:03Z,1.09
AB15 9FH,SHEPD,PSI,1,252959,185,2026-07-22T21:32:50Z,2026-07-22T22:38:03Z,1.09
AB15 9FJ,SHEPD,PSI,1,252959,185,2026-07-22T21:32:50Z,2026-07-22T22:38:03Z,1.09
AB15 9FL,SHEPD,PSI,1,252959,185,2026-07-22T21:32:50Z,2026-07-22T22:38:03Z,1.09
AB15 9FN,SHEPD,PSI,1,252959,185,2026-07-22T21:32:50Z,2026-07-22T22:38:03Z,1.09
BH21 5RY,SEPD,HV,1,TR9833,42,2026-07-22T21:32:50Z,2026-07-22T22:38:03Z,1.09
BH21 5RZ,SEPD,HV,1,TR9833,42,2026-07-22T21:32:50Z,2026-07-22T22:38:03Z,1.09
PH13 9PS,SHEPD,HV,1,TR3054,38,2026-07-18T14:08:11Z,2026-07-18T15:13:53Z,1.09
PH13 9PT,SHEPD,HV,1,TR3054,38,2026-07-18T14:08:11Z,2026-07-18T15:13:53Z,1.09
PH13 9PX,SHEPD,HV,1,TR3054,38,2026-07-18T14:08:11Z,2026-07-18T15:13:53Z,1.09
PO33 3AD,SEPD,LV,1,TR3014,20,2026-07-18T14:08:11Z,2026-07-18T15:13:53Z,1.09
PO33 3AE,SEPD,LV,1,TR3014,20,2026-07-18T14:08:11Z,2026-07-18T15:13:53Z,1.09
PO33 3AF,SEPD,LV,1,TR3014,20,2026-07-18T14:08:11Z,2026-07-18T15:13:53Z,1.09
PO33 3AG,SEPD,LV,1,TR3014,20,2026-07-18T14:08:11Z,2026-07-18T15:13:53Z,1.09
PO33 3BJ,SEPD,LV,1,TR3014,20,2026-07-18T14:08:11Z,2026-07-18T15:13:53Z,1.09
SN1 5BP,SEPD,LV,1,TR3042,28,2026-07-18T14:08:11Z,2026-07-18T15:13:53Z,1.09
SN1 5BU,SEPD,LV,1,TR3042,28,2026-07-18T14:08:11Z,2026-07-18T15:13:53Z,1.09
SN1 5DA,SEPD,LV,1,TR3042,28,2026-07-18T14:08:11Z,2026-07-18T15:13:53Z,1.09
SN1 5DE,SEPD,LV,1,TR3042,28,2026-07-18T14:08:11Z,2026-07-18T15:13:53Z,1.09
SN1 5DG,SEPD,LV,1,TR3042,28,2026-07-18T14:08:11Z,2026-07-18T15:13:53Z,1.09
SN3 5DP,SEPD,LV,1,TR4615,27,2026-07-19T22:33:41Z,2026-07-19T23:39:04Z,1.09
SN3 5DU,SEPD,LV,1,TR4615,27,2026-07-19T22:33:41Z,2026-07-19T23:39:04Z,1.09
SN3 5DX,SEPD,LV,1,TR4615,27,2026-07-19T22:33:41Z,2026-07-19T23:39:04Z,1.09
SN3 5DZ,SEPD,LV,1,TR4615,27,2026-07-19T22:33:41Z,2026-07-19T23:39:04Z,1.09
SN3 5EA,SEPD,LV,1,TR4615,27,2026-07-19T22:33:41Z,2026-07-19T23:39:04Z,1.09
SN3 5EU,SEPD,LV,1,TR4615,27,2026-07-19T22:33:41Z,2026-07-19T23:39:04Z,1.09
SP5 5AY,SEPD,HV,1,TR9833,42,2026-07-22T21:32:50Z,2026-07-22T22:38:03Z,1.09
SP5 5BU,SEPD,HV,1,TR9833,42,2026-07-22T21:32:50Z,2026-07-22T22:38:03Z,1.09
SP5 5LP,SEPD,HV,1,TR9833,42,2026-07-22T21:32:50Z,2026-07-22T22:38:03Z,1.09
SP5 5LR,SEPD,HV,1,TR9833,42,2026-07-22T21:32:50Z,2026-07-22T22:38:03Z,1.09
SP5 5LS,SEPD,HV,1,TR9833,42,2026-07-22T21:32:50Z,2026-07-22T22:38:03Z,1.09
SP5 5LT,SEPD,HV,1,TR9833,42,2026-07-22T21:32:50Z,2026-07-22T22:38:03Z,1.09
SP5 5PB,SEPD,HV,1,TR9833,42,2026-07-22T21:32:50Z,2026-07-22T22:38:03Z,1.09
SP5 5PD,SEPD,HV,1,TR9833,42,2026-07-22T21:32:50Z,2026-07-22T22:38:03Z,1.09
SP5 5PE,SEPD,HV,1,TR9833,42,2026-07-22T21:32:50Z,2026-07-22T22:38:03Z,1.09
SP5 5PF,SEPD,HV,1,TR9833,42,2026-07-22T21:32:50Z,2026-07-22T22:38:03Z,1.09
SP5 5PG,SEPD,HV,1,TR9833,42,2026-07-22T21:32:50Z,2026-07-22T22:38:03Z,1.09
SP5 5PQ,SEPD,HV,1,TR9833,42,2026-07-22T21:32:50Z,2026-07-22T22:38:03Z,1.09
SP5 5QP,SEPD,HV,1,TR9833,42,2026-07-22T21:32:50Z,2026-07-22T22:38:03Z,1.09
SP5 5QR,SEPD,HV,1,TR9833,42,2026-07-22T21:32:50Z,2026-07-22T22:38:03Z,1.09
SP5 5QS,SEPD,HV,1,TR9833,42,2026-07-22T21:32:50Z,2026-07-22T22:38:03Z,1.09
SP5 5QU,SEPD,HV,1,TR9833,42,2026-07-22T21:32:50Z,2026-07-22T22:38:03Z,1.09
SP5 5QX,SEPD,HV,1,TR9833,42,2026-07-22T21:32:50Z,2026-07-22T22:38:03Z,1.09
SP5 5RA,SEPD,HV,1,TR9833,42,2026-07-22T21:32:50Z,2026-07-22T22:38:03Z,1.09
SP5 5RB,SEPD,HV,1,TR9833,42,2026-07-22T21:32:50Z,2026-07-22T22:38:03Z,1.09
BH23 2RE,SEPD,LV,1,TS1490,11,2026-07-23T23:05:23Z,2026-07-24T00:10:01Z,1.08
UB1 1LA,SEPD,LV,1,TS1398,9,2026-07-23T20:51:41Z,2026-07-23T21:56:43Z,1.08
UB1 1LD,SEPD,LV,1,TS1398,9,2026-07-23T20:51:41Z,2026-07-23T21:56:43Z,1.08
UB1 1LE,SEPD,LV,1,TS1398,9,2026-07-23T20:51:41Z,2026-07-23T21:56:43Z,1.08
UB10,SEPD,HV,1,TR9902,457,2026-07-22T22:38:03Z,2026-07-22T23:40:04Z,1.03
UB10 8FD,SEPD,HV,1,TR9902,457,2026-07-22T22:38:03Z,2026-07-22T23:40:04Z,1.03
UB10 8FE,SEPD,HV,1,TR9902,457,2026-07-22T22:38:03Z,2026-07-22T23:40:04Z,1.03
UB10 8FG,SEPD,HV,1,TR9902,457,2026-07-22T22:38:03Z,2026-07-22T23:40:04Z,1.03
UB10 8FH,SEPD,HV,1,TR9902,457,2026-07-22T22:38:03Z,2026-07-22T23:40:04Z,1.03
UB10 8FJ,SEPD,HV,1,TR9902,457,2026-07-22T22:38:03Z,2026-07-22T23:40:04Z,1.03
UB10 8FL,SEPD,HV,1,TR9902,457,2026-07-22T22:38:03Z,2026-07-22T23:40:04Z,1.03
UB10 8FN,SEPD,HV,1,TR9902,457,2026-07-22T22:38:03Z,2026-07-22T23:40:04Z,1.03
UB10 8FP,SEPD,HV,1,TR9902,457,2026-07-22T22:38:03Z,2026-07-22T23:40:04Z,1.03
UB10 8FR,SEPD,HV,1,TR9902,457,2026-07-22T22:38:03Z,2026-07-22T23:40:04Z,1.03
UB10 8FT,SEPD,HV,1,TR9902,457,2026-07-22T22:38:03Z,2026-07-22T23:40:04Z,1.03
UB10 8FW,SEPD,HV,1,TR9902,457,2026-07-22T22:38:03Z,2026-07-22T23:40:04Z,1.03
UB10 8FX,SEPD,HV,1,TR9902,457,2026-07-22T22:38:03Z,2026-07-22T23:40:04Z,1.03
UB10 8FY,SEPD,HV,1,TR9902,457,2026-07-22T22:38:03Z,2026-07-22T23:40:04Z,1.03
UB10 8TL,SEPD,HV,1,TR9902,457,2026-07-22T22:38:03Z,2026-07-22T23:40:04Z,1.03
UB10 8TP,SEPD,HV,1,TR9902,457,2026-07-22T22:38:03Z,2026-07-22T23:40:04Z,1.03
UB10 8TQ,SEPD,HV,1,TR9902,457,2026-07-22T22:38:03Z,2026-07-22T23:40:04Z,1.03
UB10 8TR,SEPD,HV,1,TR9902,457,2026-07-22T22:38:03Z,2026-07-22T23:40:04Z,1.03
UB10 8TS,SEPD,HV,1,TR9902,457,2026-07-22T22:38:03Z,2026-07-22T23:40:04Z,1.03
UB10 8TT,SEPD,HV,1,TR9902,457,2026-07-22T22:38:03Z,2026-07-22T23:40:04Z,1.03
UB10 8TU,SEPD,HV,1,TR9902,457,2026-07-22T22:38:03Z,2026-07-22T23:40:04Z,1.03
UB10 8TW,SEPD,HV,1,TR9902,457,2026-07-22T22:38:03Z,2026-07-22T23:40:04Z,1.03
UB10 8TX,SEPD,HV,1,TR9902,457,2026-07-22T22:38:03Z,2026-07-22T23:40:04Z,1.03
UB10 8UN,SEPD,HV,1,TR9902,457,2026-07-22T22:38:03Z,2026-07-22T23:40:04Z,1.03
UB10 8XA,SEPD,HV,1,TR9902,457,2026-07-22T22:38:03Z,2026-07-22T23:40:04Z,1.03
PO21 3JZ,SEPD,LV,1,TR2428,15,2026-07-17T22:05:48Z,2026-07-17T23:06:57Z,1.02
PO21 3LA,SEPD,LV,1,TR2428,15,2026-07-17T22:05:48Z,2026-07-17T23:06:57Z,1.02
PO21 3NY,SEPD,LV,1,TR2428,15,2026-07-17T22:05:48Z,2026-07-17T23:06:57Z,1.02
RG1 2NL,SEPD,LV,1,TR2433,62,2026-07-17T22:05:48Z,2026-07-17T23:06:57Z,1.02
RG1 2NN,SEPD,LV,1,TR2433,62,2026-07-17T22:05:48Z,2026-07-17T23:06:57Z,1.02
RG1 2NP,SEPD,LV,1,TR2433,62,2026-07-17T22:05:48Z,2026-07-17T23:06:57Z,1.02
RG1 2NW,SEPD,LV,1,TR2433,62,2026-07-17T22:05:48Z,2026-07-17T23:06:57Z,1.02
RG1 2NX,SEPD,LV,1,TR2433,62,2026-07-17T22:05:48Z,2026-07-17T23:06:57Z,1.02
RG1 2NY,SEPD,LV,1,TR2433,62,2026-07-17T22:05:48Z,2026-07-17T23:06:57Z,1.02
RG1 2QL,SEPD,LV,1,TR2433,62,2026-07-17T22:05:48Z,2026-07-17T23:06:57Z,1.02
RG1 2QR,SEPD,LV,1,TR2433,62,2026-07-17T22:05:48Z,2026-07-17T23:06:57Z,1.02
RG1 2QS,SEPD,LV,1,TR2433,62,2026-07-17T22:05:48Z,2026-07-17T23:06:57Z,1.02
RG1 2QT,SEPD,LV,1,TR2433,62,2026-07-17T22:05:48Z,2026-07-17T23:06:57Z,1.02
SN15 1EE,SEPD,LV,1,TR3113,22,2026-07-18T15:13:53Z,2026-07-18T16:15:04Z,1.02
SN15 1EJ,SEPD,LV,1,TR3113,22,2026-07-18T15:13:53Z,2026-07-18T16:15:04Z,1.02
SN15 1EL,SEPD,LV,1,TR3113,22,2026-07-18T15:13:53Z,2026-07-18T16:15:04Z,1.02
SN15 1EP,SEPD,LV,1,TR3113,22,2026-07-18T15:13:53Z,2026-07-18T16:15:04Z,1.02
SN15 1ES,SEPD,LV,1,TR3113,22,2026-07-18T15:13:53Z,2026-07-18T16:15:04Z,1.02
SN15 1EU,SEPD,LV,1,TR3113,22,2026-07-18T15:13:53Z,2026-07-18T16:15:04Z,1.02
BH31 6HP,SEPD,LV,2,"TR4550,TS1475",20,2026-07-19T20:33:52Z,2026-07-23T23:05:23Z,1.0
BH31 6JG,SEPD,LV,2,"TR4550,TS1475",20,2026-07-19T20:33:52Z,2026-07-23T23:05:23Z,1.0
BH31 6JW,SEPD,LV,2,"TR4550,TS1475",20,2026-07-19T20:33:52Z,2026-07-23T23:05:23Z,1.0
BH9 1AE,SEPD,LV,1,TS1330,27,2026-07-23T19:51:44Z,2026-07-23T20:51:41Z,1.0
BH9 1AG,SEPD,LV,1,TS1330,27,2026-07-23T19:51:44Z,2026-07-23T20:51:41Z,1.0
BH9 1AJ,SEPD,LV,1,TS1330,27,2026-07-23T19:51:44Z,2026-07-23T20:51:41Z,1.0
BH9 1BX,SEPD,LV,1,TS1330,27,2026-07-23T19:51:44Z,2026-07-23T20:51:41Z,1.0
BH9 1BY,SEPD,LV,1,TS1330,27,2026-07-23T19:51:44Z,2026-07-23T20:51:41Z,1.0
BH9 1BZ,SEPD,LV,1,TS1330,27,2026-07-23T19:51:44Z,2026-07-23T20:51:41Z,1.0
BH9 1DE,SEPD,LV,1,TS1330,27,2026-07-23T19:51:44Z,2026-07-23T20:51:41Z,1.0
HS6 5BX,SHEPD,HV,1,TR4583,23,2026-07-19T21:33:53Z,2026-07-19T22:33:41Z,1.0
HS6 5BY,SHEPD,HV,1,TR4583,23,2026-07-19T21:33:53Z,2026-07-19T22:33:41Z,1.0
GL7 5UN,SEPD,LV,1,TR2833,11,2026-07-18T10:39:50Z,2026-07-18T11:37:11Z,0.96
GL7 5UW,SEPD,LV,1,TR2833,11,2026-07-18T10:39:50Z,2026-07-18T11:37:11Z,0.96
GL7 5WJ,SEPD,LV,1,TR2833,11,2026-07-18T10:39:50Z,2026-07-18T11:37:11Z,0.96
PH50 4RT,SHEPD,PSI,1,252450,6,2026-07-18T10:39:50Z,2026-07-18T11:37:11Z,0.96
PH50 4SF,SHEPD,PSI,1,252450,6,2026-07-18T10:39:50Z,2026-07-18T11:37:11Z,0.96
AB30,SHEPD,HV,1,TR8059,344,2026-07-21T23:10:35Z,2026-07-22T00:07:19Z,0.95
AB30 1DB,SHEPD,HV,1,TR8059,344,2026-07-21T23:10:35Z,2026-07-22T00:07:19Z,0.95
AB30 1DH,SHEPD,HV,1,TR8059,344,2026-07-21T23:10:35Z,2026-07-22T00:07:19Z,0.95
AB30 1DJ,SHEPD,HV,1,TR8059,344,2026-07-21T23:10:35Z,2026-07-22T00:07:19Z,0.95
AB30 1DL,SHEPD,HV,1,TR8059,344,2026-07-21T23:10:35Z,2026-07-22T00:07:19Z,0.95
AB30 1DN,SHEPD,HV,1,TR8059,344,2026-07-21T23:10:35Z,2026-07-22T00:07:19Z,0.95
AB30 1DP,SHEPD,HV,1,TR8059,344,2026-07-21T23:10:35Z,2026-07-22T00:07:19Z,0.95
AB30 1DQ,SHEPD,HV,1,TR8059,344,2026-07-21T23:10:35Z,2026-07-22T00:07:19Z,0.95
AB30 1DR,SHEPD,HV,1,TR8059,344,2026-07-21T23:10:35Z,2026-07-22T00:07:19Z,0.95
AB30 1DS,SHEPD,HV,1,TR8059,344,2026-07-21T23:10:35Z,2026-07-22T00:07:19Z,0.95
AB30 1DT,SHEPD,HV,1,TR8059,344,2026-07-21T23:10:35Z,2026-07-22T00:07:19Z,0.95
AB30 1DU,SHEPD,HV,1,TR8059,344,2026-07-21T23:10:35Z,2026-07-22T00:07:19Z,0.95
AB30 1EZ,SHEPD,HV,1,TR8059,344,2026-07-21T23:10:35Z,2026-07-22T00:07:19Z,0.95
AB30 1FR,SHEPD,HV,1,TR8059,344,2026-07-21T23:10:35Z,2026-07-22T00:07:19Z,0.95
AB30 1TH,SHEPD,HV,1,TR8059,344,2026-07-21T23:10:35Z,2026-07-22T00:07:19Z,0.95
AB30 1UE,SHEPD,HV,1,TR8059,344,2026-07-21T23:10:35Z,2026-07-22T00:07:19Z,0.95
AB30 1XW,SHEPD,HV,1,TR8059,344,2026-07-21T23:10:35Z,2026-07-22T00:07:19Z,0.95
AB30 1XX,SHEPD,HV,1,TR8059,344,2026-07-21T23:10:35Z,2026-07-22T00:07:19Z,0.95
AB30 1XY,SHEPD,HV,1,TR8059,344,2026-07-21T23:10:35Z,2026-07-22T00:07:19Z,0.95
AB30 1XZ,SHEPD,HV,1,TR8059,344,2026-07-21T23:10:35Z,2026-07-22T00:07:19Z,0.95
AB30 1YA,SHEPD,HV,1,TR8059,344,2026-07-21T23:10:35Z,2026-07-22T00:07:19Z,0.95
AB30 1YB,SHEPD,HV,1,TR8059,344,2026-07-21T23:10:35Z,2026-07-22T00:07:19Z,0.95
AB30 1YD,SHEPD,HV,1,TR8059,344,2026-07-21T23:10:35Z,2026-07-22T00:07:19Z,0.95
AB30 1YF,SHEPD,HV,1,TR8059,344,2026-07-21T23:10:35Z,2026-07-22T00:07:19Z,0.95
AB30 1YG,SHEPD,HV,1,TR8059,344,2026-07-21T23:10:35Z,2026-07-22T00:07:19Z,0.95
AB30 1YJ,SHEPD,HV,1,TR8059,344,2026-07-21T23:10:35Z,2026-07-22T00:07:19Z,0.95
AB30 1YL,SHEPD,HV,1,TR8059,344,2026-07-21T23:10:35Z,2026-07-22T00:07:19Z,0.95
AB30 1YS,SHEPD,HV,1,TR8059,344,2026-07-21T23:10:35Z,2026-07-22T00:07:19Z,0.95
AB30 1YU,SHEPD,HV,1,TR8059,344,2026-07-21T23:10:35Z,2026-07-22T00:07:19Z,0.95
AB30 1YW,SHEPD,HV,1,TR8059,344,2026-07-21T23:10:35Z,2026-07-22T00:07:19Z,0.95
AB30 1YY,SHEPD,HV,1,TR8059,344,2026-07-21T23:10:35Z,2026-07-22T00:07:19Z,0.95
DD4 6DG,SHEPD,HV,1,TR8059,344,2026-07-21T23:10:35Z,2026-07-22T00:07:19Z,0.95
DD9 7BR,SHEPD,HV,1,TR8059,344,2026-07-21T23:10:35Z,2026-07-22T00:07:19Z,0.95
DD9 7EL,SHEPD,HV,1,TR8059,344,2026-07-21T23:10:35Z,2026-07-22T00:07:19Z,0.95
DD9 7UX,SHEPD,HV,1,TR8059,344,2026-07-21T23:10:35Z,2026-07-22T00:07:19Z,0.95
DD9 7UY,SHEPD,HV,1,TR8059,344,2026-07-21T23:10:35Z,2026-07-22T00:07:19Z,0.95
DD9 7UZ,SHEPD,HV,1,TR8059,344,2026-07-21T23:10:35Z,2026-07-22T00:07:19Z,0.95
DD9 7XT,SHEPD,HV,1,TR8059,344,2026-07-21T23:10:35Z,2026-07-22T00:07:19Z,0.95
DD9 7XU,SHEPD,HV,1,TR8059,344,2026-07-21T23:10:35Z,2026-07-22T00:07:19Z,0.95
DD9 7YP,SHEPD,HV,1,TR8059,344,2026-07-21T23:10:35Z,2026-07-22T00:07:19Z,0.95
HP14 3DE,SEPD,"HV,LV",2,"TR2348,TR2352",46,2026-07-17T20:11:48Z,2026-07-17T21:08:18Z,0.94
HP14 3ED,SEPD,"HV,LV",2,"TR2348,TR2352",46,2026-07-17T20:11:48Z,2026-07-17T21:08:18Z,0.94
HP12 4AQ,SEPD,HV,1,TR2348,8,2026-07-17T20:11:48Z,2026-07-17T21:08:18Z,0.94
HP14 3DN,SEPD,HV,1,TR2348,8,2026-07-17T20:11:48Z,2026-07-17T21:08:18Z,0.94
HP14 3DU,SEPD,HV,1,TR2348,8,2026-07-17T20:11:48Z,2026-07-17T21:08:18Z,0.94
HP14 3DX,SEPD,HV,1,TR2348,8,2026-07-17T20:11:48Z,2026-07-17T21:08:18Z,0.94
HP14 3EB,SEPD,HV,1,TR2348,8,2026-07-17T20:11:48Z,2026-07-17T21:08:18Z,0.94
HP14 3EE,SEPD,HV,1,TR2348,8,2026-07-17T20:11:48Z,2026-07-17T21:08:18Z,0.94
HP14 3EG,SEPD,HV,1,TR2348,8,2026-07-17T20:11:48Z,2026-07-17T21:08:18Z,0.94
HP14 3GD,SEPD,HV,1,TR2348,8,2026-07-17T20:11:48Z,2026-07-17T21:08:18Z,0.94
HP14 3JQ,SEPD,HV,1,TR2348,8,2026-07-17T20:11:48Z,2026-07-17T21:08:18Z,0.94
HP14 3LD,SEPD,HV,1,TR2348,8,2026-07-17T20:11:48Z,2026-07-17T21:08:18Z,0.94
HP14 3LE,SEPD,HV,1,TR2348,8,2026-07-17T20:11:48Z,2026-07-17T21:08:18Z,0.94
HP14 3LF,SEPD,HV,1,TR2348,8,2026-07-17T20:11:48Z,2026-07-17T21:08:18Z,0.94
HP14 3LG,SEPD,HV,1,TR2348,8,2026-07-17T20:11:48Z,2026-07-17T21:08:18Z,0.94
HP14 3LJ,SEPD,HV,1,TR2348,8,2026-07-17T20:11:48Z,2026-07-17T21:08:18Z,0.94
HP14 3LN,SEPD,HV,1,TR2348,8,2026-07-17T20:11:48Z,2026-07-17T21:08:18Z,0.94
HP14 3LQ,SEPD,HV,1,TR2348,8,2026-07-17T20:11:48Z,2026-07-17T21:08:18Z,0.94
HP14 3NN,SEPD,HV,1,TR2348,8,2026-07-17T20:11:48Z,2026-07-17T21:08:18Z,0.94
HP14 3NS,SEPD,HV,1,TR2348,8,2026-07-17T20:11:48Z,2026-07-17T21:08:18Z,0.94
UB2 5JX,SEPD,LV,1,TR2344,29,2026-07-17T20:11:48Z,2026-07-17T21:08:18Z,0.94
UB2 5LA,SEPD,LV,1,TR2344,29,2026-07-17T20:11:48Z,2026-07-17T21:08:18Z,0.94
UB2 5LH,SEPD,LV,1,TR2344,29,2026-07-17T20:11:48Z,2026-07-17T21:08:18Z,0.94
UB2 5LP,SEPD,LV,1,TR2344,29,2026-07-17T20:11:48Z,2026-07-17T21:08:18Z,0.94
UB2 5LW,SEPD,LV,1,TR2344,29,2026-07-17T20:11:48Z,2026-07-17T21:08:18Z,0.94
BA22 9RJ,SEPD,HV,1,TR3314,201,2026-07-18T21:33:17Z,2026-07-18T22:28:46Z,0.92
BA22 9RS,SEPD,HV,1,TR3314,201,2026-07-18T21:33:17Z,2026-07-18T22:28:46Z,0.92
BA22 9RT,SEPD,HV,1,TR3314,201,2026-07-18T21:33:17Z,2026-07-18T22:28:46Z,0.92
BA22 9RU,SEPD,HV,1,TR3314,201,2026-07-18T21:33:17Z,2026-07-18T22:28:46Z,0.92
BA22 9RX,SEPD,HV,1,TR3314,201,2026-07-18T21:33:17Z,2026-07-18T22:28:46Z,0.92
BA22 9RY,SEPD,HV,1,TR3314,201,2026-07-18T21:33:17Z,2026-07-18T22:28:46Z,0.92
BA22 9RZ,SEPD,HV,1,TR3314,201,2026-07-18T21:33:17Z,2026-07-18T22:28:46Z,0.92
BA22 9SA,SEPD,HV,1,TR3314,201,2026-07-18T21:33:17Z,2026-07-18T22:28:46Z,0.92
BA22 9SB,SEPD,HV,1,TR3314,201,2026-07-18T21:33:17Z,2026-07-18T22:28:46Z,0.92
BA22 9SD,SEPD,HV,1,TR3314,201,2026-07-18T21:33:17Z,2026-07-18T22:28:46Z,0.92
BA22 9SE,SEPD,HV,1,TR3314,201,2026-07-18T21:33:17Z,2026-07-18T22:28:46Z,0.92
BA22 9SF,SEPD,HV,1,TR3314,201,2026-07-18T21:33:17Z,2026-07-18T22:28:46Z,0.92
BA22 9SG,SEPD,HV,1,TR3314,201,2026-07-18T21:33:17Z,2026-07-18T22:28:46Z,0.92
BA22 9SH,SEPD,HV,1,TR3314,201,2026-07-18T21:33:17Z,2026-07-18T22:28:46Z,0.92
BA22 9SJ,SEPD,HV,1,TR3314,201,2026-07-18T21:33:17Z,2026-07-18T22:28:46Z,0.92
BA22 9SL,SEPD,HV,1,TR3314,201,2026-07-18T21:33:17Z,2026-07-18T22:28:46Z,0.92
BA22 9SN,SEPD,HV,1,TR3314,201,2026-07-18T21:33:17Z,2026-07-18T22:28:46Z,0.92
BA22 9SQ,SEPD,HV,1,TR3314,201,2026-07-18T21:33:17Z,2026-07-18T22:28:46Z,0.92
BA22 9SR,SEPD,HV,1,TR3314,201,2026-07-18T21:33:17Z,2026-07-18T22:28:46Z,0.92
PH2 8JW,SHEPD,LV,1,TR0740,20,2026-07-17T00:10:01Z,2026-07-17T01:04:58Z,0.92
PH2 8PA,SHEPD,LV,1,TR0740,20,2026-07-17T00:10:01Z,2026-07-17T01:04:58Z,0.92
PH2 8PN,SHEPD,LV,1,TR0740,20,2026-07-17T00:10:01Z,2026-07-17T01:04:58Z,0.92
PO19 7PX,SEPD,LV,1,TQ9726,28,2026-07-17T00:10:01Z,2026-07-17T01:04:58Z,0.92
PO19 7QU,SEPD,LV,1,TQ9726,28,2026-07-17T00:10:01Z,2026-07-17T01:04:58Z,0.92
PO19 7SW,SEPD,LV,1,TQ9726,28,2026-07-17T00:10:01Z,2026-07-17T01:04:58Z,0.92
PO19 7TB,SEPD,LV,1,TQ9726,28,2026-07-17T00:10:01Z,2026-07-17T01:04:58Z,0.92
PO19 7TD,SEPD,LV,1,TQ9726,28,2026-07-17T00:10:01Z,2026-07-17T01:04:58Z,0.92
PO19 7TE,SEPD,LV,1,TQ9726,28,2026-07-17T00:10:01Z,2026-07-17T01:04:58Z,0.92
PO19 7XE,SEPD,LV,1,TQ9726,28,2026-07-17T00:10:01Z,2026-07-17T01:04:58Z,0.92
PO19 7XF,SEPD,LV,1,TQ9726,28,2026-07-17T00:10:01Z,2026-07-17T01:04:58Z,0.92
SN10 2PF,SEPD,LV,1,TR0984,9,2026-07-17T00:10:01Z,2026-07-17T01:04:58Z,0.92
SN10 2PT,SEPD,LV,1,TR0984,9,2026-07-17T00:10:01Z,2026-07-17T01:04:58Z,0.92
SN10 2QL,SEPD,LV,1,TR0984,9,2026-07-17T00:10:01Z,2026-07-17T01:04:58Z,0.92
SN10 2QW,SEPD,LV,1,TR0984,9,2026-07-17T00:10:01Z,2026-07-17T01:04:58Z,0.92
SO16 8AD,SEPD,LV,1,TR3287,17,2026-07-18T21:33:17Z,2026-07-18T22:28:46Z,0.92
SO16 8AY,SEPD,LV,1,TR3287,17,2026-07-18T21:33:17Z,2026-07-18T22:28:46Z,0.92
SO16 8DJ,SEPD,LV,1,TR3287,17,2026-07-18T21:33:17Z,2026-07-18T22:28:46Z,0.92
SO16 8DL,SEPD,LV,1,TR3287,17,2026-07-18T21:33:17Z,2026-07-18T22:28:46Z,0.92
SO30 2AU,SEPD,PSI,1,253377,28,2026-07-17T00:10:01Z,2026-07-17T01:04:58Z,0.92
SO30 2HE,SEPD,PSI,1,253377,28,2026-07-17T00:10:01Z,2026-07-17T01:04:58Z,0.92
SO30 2RA,SEPD,PSI,1,253377,28,2026-07-17T00:10:01Z,2026-07-17T01:04:58Z,0.92
W7 2AU,SEPD,LV,1,TQ8082,30,2026-07-17T00:10:01Z,2026-07-17T01:04:58Z,0.92
W7 2BL,SEPD,LV,1,TQ8082,30,2026-07-17T00:10:01Z,2026-07-17T01:04:58Z,0.92
W7 2BT,SEPD,LV,1,TQ8082,30,2026-07-17T00:10:01Z,2026-07-17T01:04:58Z,0.92
W7 2BU,SEPD,LV,1,TQ8082,30,2026-07-17T00:10:01Z,2026-07-17T01:04:58Z,0.92
W7 2BW,SEPD,LV,1,TQ8082,30,2026-07-17T00:10:01Z,2026-07-17T01:04:58Z,0.92
W7 2BX,SEPD,LV,1,TQ8082,30,2026-07-17T00:10:01Z,2026-07-17T01:04:58Z,0.92
BH8 8JS,SEPD,"HV,LV",3,"TR6293,TR6337,TR9896",299,2026-07-21T01:10:47Z,2026-07-22T22:38:03Z,0.0
DT9 3PT,SEPD,"HV,LV",3,"TR9887,TR9982,TR9983",327,2026-07-23T01:12:43Z,2026-07-23T01:12:43Z,0.0
DT9 3PX,SEPD,"HV,LV",3,"TR9887,TR9982,TR9983",327,2026-07-23T01:12:43Z,2026-07-23T01:12:43Z,0.0
BA20 2BJ,SEPD,"LV,HV",2,"TR4223,TR4422",201,2026-07-19T17:28:41Z,2026-07-19T17:28:41Z,0.0
BA20 2BL,SEPD,"LV,HV",2,"TR4223,TR4422",201,2026-07-19T17:28:41Z,2026-07-19T17:28:41Z,0.0
BA20 2DD,SEPD,"LV,HV",2,"TR4223,TR4422",201,2026-07-19T17:28:41Z,2026-07-19T17:28:41Z,0.0
BA20 2DG,SEPD,"LV,HV",2,"TR4223,TR4422",201,2026-07-19T17:28:41Z,2026-07-19T17:28:41Z,0.0
BA20 2DQ,SEPD,"LV,HV",2,"TR4223,TR4422",201,2026-07-19T17:28:41Z,2026-07-19T17:28:41Z,0.0
BH1 1AA,SEPD,"HV,LV",2,"TR6293,TR6337",264,2026-07-21T01:10:47Z,2026-07-21T01:10:47Z,0.0
BH8 8AS,SEPD,"HV,LV",2,"TR6293,TR6337",264,2026-07-21T01:10:47Z,2026-07-21T01:10:47Z,0.0
BH8 8DQ,SEPD,"HV,LV",2,"TR6293,TR6337",264,2026-07-21T01:10:47Z,2026-07-21T01:10:47Z,0.0
BH8 8GL,SEPD,"HV,LV",2,"TR6293,TR6337",264,2026-07-21T01:10:47Z,2026-07-21T01:10:47Z,0.0
BH8 8JD,SEPD,"HV,LV",2,"TR6293,TR6337",264,2026-07-21T01:10:47Z,2026-07-21T01:10:47Z,0.0
BH8 8JF,SEPD,"HV,LV",2,"TR6293,TR6337",264,2026-07-21T01:10:47Z,2026-07-21T01:10:47Z,0.0
BH8 8JN,SEPD,"HV,LV",2,"TR6293,TR6337",264,2026-07-21T01:10:47Z,2026-07-21T01:10:47Z,0.0
BH8 8JT,SEPD,LV,2,"TR6327,TR9896",77,2026-07-21T01:10:47Z,2026-07-22T22:38:03Z,0.0
BH8 8JY,SEPD,LV,2,"TR6327,TR9896",77,2026-07-21T01:10:47Z,2026-07-22T22:38:03Z,0.0
BH9 2NN,SEPD,LV,2,"TR9776,TR9778",68,2026-07-22T20:18:47Z,2026-07-22T20:18:47Z,0.0
BH9 2NS,SEPD,LV,2,"TR9776,TR9778",68,2026-07-22T20:18:47Z,2026-07-22T20:18:47Z,0.0
DT4 0AD,SEPD,LV,2,"TR3629,TR3920",158,2026-07-19T07:14:43Z,2026-07-19T14:13:24Z,0.0
DT4 0AE,SEPD,LV,2,"TR3629,TR3920",158,2026-07-19T07:14:43Z,2026-07-19T14:13:24Z,0.0
DT4 0AL,SEPD,LV,2,"TR3629,TR3920",158,2026-07-19T07:14:43Z,2026-07-19T14:13:24Z,0.0
DT4 0AP,SEPD,LV,2,"TR3629,TR3920",158,2026-07-19T07:14:43Z,2026-07-19T14:13:24Z,0.0
DT4 0AR,SEPD,LV,2,"TR3629,TR3920",158,2026-07-19T07:14:43Z,2026-07-19T14:13:24Z,0.0
DT4 0AW,SEPD,LV,2,"TR3629,TR3920",158,2026-07-19T07:14:43Z,2026-07-19T14:13:24Z,0.0
DT4 0BJ,SEPD,LV,2,"TR3629,TR3920",158,2026-07-19T07:14:43Z,2026-07-19T14:13:24Z,0.0
DT4 0DU,SEPD,LV,2,"TR3629,TR3920",158,2026-07-19T07:14:43Z,2026-07-19T14:13:24Z,0.0
DT9 3HY,SEPD,LV,2,"TR9982,TR9983",23,2026-07-23T01:12:43Z,2026-07-23T01:12:43Z,0.0
DT9 3JD,SEPD,LV,2,"TR9982,TR9983",23,2026-07-23T01:12:43Z,2026-07-23T01:12:43Z,0.0
DT9 3JF,SEPD,"HV,LV",2,"TR9887,TR9983",320,2026-07-23T01:12:43Z,2026-07-23T01:12:43Z,0.0
DT9 3JG,SEPD,"HV,LV",2,"TR9887,TR9983",320,2026-07-23T01:12:43Z,2026-07-23T01:12:43Z,0.0
DT9 3JY,SEPD,LV,2,"TR9982,TR9983",23,2026-07-23T01:12:43Z,2026-07-23T01:12:43Z,0.0
DT9 4QB,SEPD,LV,2,"TR9982,TR9983",23,2026-07-23T01:12:43Z,2026-07-23T01:12:43Z,0.0
GU51 3PD,SEPD,LV,2,"TR4600,TR4606",34,2026-07-19T21:33:53Z,2026-07-19T22:33:41Z,0.0
GU51 3PQ,SEPD,LV,2,"TR4600,TR4606",34,2026-07-19T21:33:53Z,2026-07-19T22:33:41Z,0.0
GU51 3RH,SEPD,LV,2,"TR4600,TR4606",34,2026-07-19T21:33:53Z,2026-07-19T22:33:41Z,0.0
GU51 4AP,SEPD,LV,2,"TR4600,TR4606",34,2026-07-19T21:33:53Z,2026-07-19T22:33:41Z,0.0
GU51 4LA,SEPD,LV,2,"TR4600,TR4606",34,2026-07-19T21:33:53Z,2026-07-19T22:33:41Z,0.0
GU51 4NB,SEPD,LV,2,"TR4600,TR4606",34,2026-07-19T21:33:53Z,2026-07-19T22:33:41Z,0.0
GU51 4PA,SEPD,LV,2,"TR4600,TR4606",34,2026-07-19T21:33:53Z,2026-07-19T22:33:41Z,0.0
KA28 0BE,SHEPD,LV,2,"TR3023,TS0890",32,2026-07-18T14:08:11Z,2026-07-23T13:12:33Z,0.0
KA28 0BQ,SHEPD,LV,2,"TR3023,TS0890",32,2026-07-18T14:08:11Z,2026-07-23T13:12:33Z,0.0
KA28 0DG,SHEPD,LV,2,"TR3023,TS0890",32,2026-07-18T14:08:11Z,2026-07-23T13:12:33Z,0.0
PO8 8BW,SEPD,LV,2,"TR3253,TR3738",30,2026-07-18T20:33:56Z,2026-07-19T09:22:26Z,0.0
PO8 8ER,SEPD,LV,2,"TR3253,TR3738",30,2026-07-18T20:33:56Z,2026-07-19T09:22:26Z,0.0
PO8 8ET,SEPD,LV,2,"TR3253,TR3738",30,2026-07-18T20:33:56Z,2026-07-19T09:22:26Z,0.0
PO8 8EU,SEPD,LV,2,"TR3253,TR3738",30,2026-07-18T20:33:56Z,2026-07-19T09:22:26Z,0.0
PO8 8EY,SEPD,LV,2,"TR3253,TR3738",30,2026-07-18T20:33:56Z,2026-07-19T09:22:26Z,0.0
PO8 8EZ,SEPD,LV,2,"TR3253,TR3738",30,2026-07-18T20:33:56Z,2026-07-19T09:22:26Z,0.0
PO8 8HA,SEPD,LV,2,"TR3253,TR3738",30,2026-07-18T20:33:56Z,2026-07-19T09:22:26Z,0.0
PO8 8HB,SEPD,LV,2,"TR3253,TR3738",30,2026-07-18T20:33:56Z,2026-07-19T09:22:26Z,0.0
RG40 1RY,SEPD,LV,2,"TR3393,TR3678",12,2026-07-19T01:04:52Z,2026-07-19T09:22:26Z,0.0
RG40 1SE,SEPD,LV,2,"TR3393,TR3678",12,2026-07-19T01:04:52Z,2026-07-19T09:22:26Z,0.0
SL5 8ER,SEPD,LV,2,"TR6313,TR6400",20,2026-07-21T01:10:47Z,2026-07-21T04:32:46Z,0.0
SL5 8TF,SEPD,LV,2,"TR6313,TR6400",20,2026-07-21T01:10:47Z,2026-07-21T04:32:46Z,0.0
SL5 8TJ,SEPD,LV,2,"TR6313,TR6400",20,2026-07-21T01:10:47Z,2026-07-21T04:32:46Z,0.0
SL5 8TN,SEPD,LV,2,"TR6313,TR6400",20,2026-07-21T01:10:47Z,2026-07-21T04:32:46Z,0.0
SL5 8TQ,SEPD,LV,2,"TR6313,TR6400",20,2026-07-21T01:10:47Z,2026-07-21T04:32:46Z,0.0
SL5 8TW,SEPD,LV,2,"TR6313,TR6400",20,2026-07-21T01:10:47Z,2026-07-21T04:32:46Z,0.0
SN11 8QJ,SEPD,LV,2,"TR8565,TR8728",58,2026-07-22T09:04:22Z,2026-07-22T11:18:56Z,0.0
SN11 8QL,SEPD,LV,2,"TR8565,TR8728",58,2026-07-22T09:04:22Z,2026-07-22T11:18:56Z,0.0
SN11 8QN,SEPD,LV,2,"TR8565,TR8728",58,2026-07-22T09:04:22Z,2026-07-22T11:18:56Z,0.0
SN8 1NH,SEPD,LV,2,"TR3695,TR3826",22,2026-07-19T09:22:26Z,2026-07-19T10:50:39Z,0.0
SO23 8SP,SEPD,LV,2,"TR4647,TR7916",60,2026-07-20T01:13:37Z,2026-07-21T18:04:16Z,0.0
SO23 8SZ,SEPD,LV,2,"TR4647,TR7916",60,2026-07-20T01:13:37Z,2026-07-21T18:04:16Z,0.0
SO23 8TA,SEPD,LV,2,"TR4647,TR7916",60,2026-07-20T01:13:37Z,2026-07-21T18:04:16Z,0.0
SP1 2ET,SEPD,HV,2,"TR2502,TR2727",1513,2026-07-18T05:48:56Z,2026-07-18T09:07:02Z,0.0
SP1 2FA,SEPD,HV,2,"TR2502,TR2727",1513,2026-07-18T05:48:56Z,2026-07-18T09:07:02Z,0.0
SP1 2HZ,SEPD,HV,2,"TR2502,TR2727",1513,2026-07-18T05:48:56Z,2026-07-18T09:07:02Z,0.0
SP1 2JB,SEPD,HV,2,"TR2502,TR2727",1513,2026-07-18T05:48:56Z,2026-07-18T09:07:02Z,0.0
SP1 2JD,SEPD,HV,2,"TR2502,TR2727",1513,2026-07-18T05:48:56Z,2026-07-18T09:07:02Z,0.0
SP1 2JE,SEPD,HV,2,"TR2502,TR2727",1513,2026-07-18T05:48:56Z,2026-07-18T09:07:02Z,0.0
SP1 2JF,SEPD,HV,2,"TR2502,TR2727",1513,2026-07-18T05:48:56Z,2026-07-18T09:07:02Z,0.0
SP1 2JG,SEPD,HV,2,"TR2502,TR2727",1513,2026-07-18T05:48:56Z,2026-07-18T09:07:02Z,0.0
SP1 2JH,SEPD,HV,2,"TR2502,TR2727",1513,2026-07-18T05:48:56Z,2026-07-18T09:07:02Z,0.0
SP1 2JJ,SEPD,HV,2,"TR2502,TR2727",1513,2026-07-18T05:48:56Z,2026-07-18T09:07:02Z,0.0
SP1 2JL,SEPD,HV,2,"TR2502,TR2727",1513,2026-07-18T05:48:56Z,2026-07-18T09:07:02Z,0.0
SP1 2JN,SEPD,HV,2,"TR2502,TR2727",1513,2026-07-18T05:48:56Z,2026-07-18T09:07:02Z,0.0
SP1 2JP,SEPD,HV,2,"TR2502,TR2727",1513,2026-07-18T05:48:56Z,2026-07-18T09:07:02Z,0.0
SP1 2JR,SEPD,HV,2,"TR2502,TR2727",1513,2026-07-18T05:48:56Z,2026-07-18T09:07:02Z,0.0
SP1 2JS,SEPD,HV,2,"TR2502,TR2727",1513,2026-07-18T05:48:56Z,2026-07-18T09:07:02Z,0.0
SP1 2JU,SEPD,HV,2,"TR2502,TR2727",1513,2026-07-18T05:48:56Z,2026-07-18T09:07:02Z,0.0
SP1 2JW,SEPD,HV,2,"TR2502,TR2727",1513,2026-07-18T05:48:56Z,2026-07-18T09:07:02Z,0.0
SP1 2JX,SEPD,HV,2,"TR2502,TR2727",1513,2026-07-18T05:48:56Z,2026-07-18T09:07:02Z,0.0
SP1 2JZ,SEPD,HV,2,"TR2502,TR2727",1513,2026-07-18T05:48:56Z,2026-07-18T09:07:02Z,0.0
SP1 2LP,SEPD,HV,2,"TR2502,TR2727",1513,2026-07-18T05:48:56Z,2026-07-18T09:07:02Z,0.0
SP1 2QH,SEPD,HV,2,"TR2502,TR2727",1513,2026-07-18T05:48:56Z,2026-07-18T09:07:02Z,0.0
SP1 2QL,SEPD,HV,2,"TR2502,TR2727",1513,2026-07-18T05:48:56Z,2026-07-18T09:07:02Z,0.0
SP1 2QP,SEPD,HV,2,"TR2502,TR2727",1513,2026-07-18T05:48:56Z,2026-07-18T09:07:02Z,0.0
SP1 2QS,SEPD,HV,2,"TR2502,TR2727",1513,2026-07-18T05:48:56Z,2026-07-18T09:07:02Z,0.0
SP1 2QT,SEPD,HV,2,"TR2502,TR2727",1513,2026-07-18T05:48:56Z,2026-07-18T09:07:02Z,0.0
SP1 2QU,SEPD,HV,2,"TR2502,TR2727",1513,2026-07-18T05:48:56Z,2026-07-18T09:07:02Z,0.0
SP1 2QX,SEPD,HV,2,"TR2502,TR2727",1513,2026-07-18T05:48:56Z,2026-07-18T09:07:02Z,0.0
SP1 2QZ,SEPD,HV,2,"TR2502,TR2727",1513,2026-07-18T05:48:56Z,2026-07-18T09:07:02Z,0.0
SP1 2RE,SEPD,HV,2,"TR2502,TR2727",1513,2026-07-18T05:48:56Z,2026-07-18T09:07:02Z,0.0
SP1 2RF,SEPD,HV,2,"TR2502,TR2727",1513,2026-07-18T05:48:56Z,2026-07-18T09:07:02Z,0.0
AB14 0PR,SHEPD,PSI,1,253391,11,2026-07-23T13:12:33Z,2026-07-23T13:12:33Z,0.0
AB21 0QT,SHEPD,HV,1,TR7349,45,2026-07-21T13:04:34Z,2026-07-21T13:04:34Z,0.0
AB21 0QX,SHEPD,HV,1,TR7349,45,2026-07-21T13:04:34Z,2026-07-21T13:04:34Z,0.0
AB30 1AA,SHEPD,LV,1,TR9373,29,2026-07-22T14:56:49Z,2026-07-22T14:56:49Z,0.0
AB30 1AB,SHEPD,LV,1,TR9373,29,2026-07-22T14:56:49Z,2026-07-22T14:56:49Z,0.0
AB30 1AN,SHEPD,LV,1,TR9373,29,2026-07-22T14:56:49Z,2026-07-22T14:56:49Z,0.0
AB30 1BE,SHEPD,LV,1,TR9373,29,2026-07-22T14:56:49Z,2026-07-22T14:56:49Z,0.0
AB30 1BH,SHEPD,LV,1,TR9373,29,2026-07-22T14:56:49Z,2026-07-22T14:56:49Z,0.0
AB30 1BJ,SHEPD,LV,1,TR9373,29,2026-07-22T14:56:49Z,2026-07-22T14:56:49Z,0.0
AB30 1FG,SHEPD,LV,1,TR9373,29,2026-07-22T14:56:49Z,2026-07-22T14:56:49Z,0.0
AB30 1FH,SHEPD,LV,1,TR9373,29,2026-07-22T14:56:49Z,2026-07-22T14:56:49Z,0.0
AB30 1GJ,SHEPD,LV,1,TR9373,29,2026-07-22T14:56:49Z,2026-07-22T14:56:49Z,0.0
AB31 5EP,SHEPD,HV,1,TR9971,86,2026-07-23T01:12:43Z,2026-07-23T01:12:43Z,0.0
AB31 5EX,SHEPD,HV,1,TR9971,86,2026-07-23T01:12:43Z,2026-07-23T01:12:43Z,0.0
AB31 5HL,SHEPD,HV,1,TR9971,86,2026-07-23T01:12:43Z,2026-07-23T01:12:43Z,0.0
AB31 5HN,SHEPD,HV,1,TR9971,86,2026-07-23T01:12:43Z,2026-07-23T01:12:43Z,0.0
AB31 5HP,SHEPD,HV,1,TR9971,86,2026-07-23T01:12:43Z,2026-07-23T01:12:43Z,0.0
AB31 5HQ,SHEPD,HV,1,TR9971,86,2026-07-23T01:12:43Z,2026-07-23T01:12:43Z,0.0
AB31 5HR,SHEPD,HV,1,TR9971,86,2026-07-23T01:12:43Z,2026-07-23T01:12:43Z,0.0
AB31 5QT,SHEPD,HV,1,TR9971,86,2026-07-23T01:12:43Z,2026-07-23T01:12:43Z,0.0
AB32 6ST,SHEPD,PSI,1,253391,11,2026-07-23T13:12:33Z,2026-07-23T13:12:33Z,0.0
AB32 6XA,SHEPD,HV,1,TR9971,86,2026-07-23T01:12:43Z,2026-07-23T01:12:43Z,0.0
AB32 6XB,SHEPD,HV,1,TR9971,86,2026-07-23T01:12:43Z,2026-07-23T01:12:43Z,0.0
AB32 6XL,SHEPD,HV,1,TR9971,86,2026-07-23T01:12:43Z,2026-07-23T01:12:43Z,0.0
AB32 6XN,SHEPD,HV,1,TR9971,86,2026-07-23T01:12:43Z,2026-07-23T01:12:43Z,0.0
AB32 6XP,SHEPD,HV,1,TR9971,86,2026-07-23T01:12:43Z,2026-07-23T01:12:43Z,0.0
AB33 8BY,SHEPD,HV,1,TR2258,27,2026-07-17T17:52:29Z,2026-07-17T17:52:29Z,0.0
AB33 8DD,SHEPD,HV,1,TR2258,27,2026-07-17T17:52:29Z,2026-07-17T17:52:29Z,0.0
AB34 5LN,SHEPD,HV,1,TR2549,38,2026-07-18T05:48:56Z,2026-07-18T05:48:56Z,0.0
AB34 5LP,SHEPD,HV,1,TR2549,38,2026-07-18T05:48:56Z,2026-07-18T05:48:56Z,0.0
AB34 5NB,SHEPD,HV,1,TR2549,38,2026-07-18T05:48:56Z,2026-07-18T05:48:56Z,0.0
AB34 5ND,SHEPD,HV,1,TR2549,38,2026-07-18T05:48:56Z,2026-07-18T05:48:56Z,0.0
AB35 5SE,SHEPD,HV,1,TR2549,38,2026-07-18T05:48:56Z,2026-07-18T05:48:56Z,0.0
AB41 6QB,SHEPD,HV,1,TR7349,45,2026-07-21T13:04:34Z,2026-07-21T13:04:34Z,0.0
AB41 6RT,SHEPD,HV,1,TR7349,45,2026-07-21T13:04:34Z,2026-07-21T13:04:34Z,0.0
AB41 6RU,SHEPD,HV,1,TR7349,45,2026-07-21T13:04:34Z,2026-07-21T13:04:34Z,0.0
AB41 6SS,SHEPD,HV,1,TR7349,45,2026-07-21T13:04:34Z,2026-07-21T13:04:34Z,0.0
AB41 6ST,SHEPD,HV,1,TR7349,45,2026-07-21T13:04:34Z,2026-07-21T13:04:34Z,0.0
AB41 6TA,SHEPD,HV,1,TR7349,45,2026-07-21T13:04:34Z,2026-07-21T13:04:34Z,0.0
AB41 6TB,SHEPD,HV,1,TR7349,45,2026-07-21T13:04:34Z,2026-07-21T13:04:34Z,0.0
AB41 7PQ,SHEPD,HV,1,TR7349,45,2026-07-21T13:04:34Z,2026-07-21T13:04:34Z,0.0
AB41 7PW,SHEPD,HV,1,TR7349,45,2026-07-21T13:04:34Z,2026-07-21T13:04:34Z,0.0
AB41 7RA,SHEPD,HV,1,TR7349,45,2026-07-21T13:04:34Z,2026-07-21T13:04:34Z,0.0
AB41 7RQ,SHEPD,HV,1,TR7349,45,2026-07-21T13:04:34Z,2026-07-21T13:04:34Z,0.0
AB41 7RR,SHEPD,HV,1,TR7349,45,2026-07-21T13:04:34Z,2026-07-21T13:04:34Z,0.0
AB41 7RS,SHEPD,HV,1,TR7349,45,2026-07-21T13:04:34Z,2026-07-21T13:04:34Z,0.0
AB41 7RT,SHEPD,HV,1,TR7349,45,2026-07-21T13:04:34Z,2026-07-21T13:04:34Z,0.0
AB41 7RU,SHEPD,HV,1,TR7349,45,2026-07-21T13:04:34Z,2026-07-21T13:04:34Z,0.0
AB41 7RW,SHEPD,HV,1,TR7349,45,2026-07-21T13:04:34Z,2026-07-21T13:04:34Z,0.0
AB41 7RZ,SHEPD,HV,1,TR7349,45,2026-07-21T13:04:34Z,2026-07-21T13:04:34Z,0.0
AB45 2AS,SHEPD,HV,1,TS0176,39,2026-07-23T07:17:34Z,2026-07-23T07:17:34Z,0.0
AB51 3XB,SHEPD,LV,1,TR6851,15,2026-07-21T09:45:34Z,2026-07-21T09:45:34Z,0.0
AB51 3XE,SHEPD,LV,1,TR6851,15,2026-07-21T09:45:34Z,2026-07-21T09:45:34Z,0.0
AB51 3XL,SHEPD,LV,1,TR6851,15,2026-07-21T09:45:34Z,2026-07-21T09:45:34Z,0.0
AB51 4QY,SHEPD,HV,1,TS0176,39,2026-07-23T07:17:34Z,2026-07-23T07:17:34Z,0.0
AB51 5LH,SHEPD,HV,1,TR7392,11,2026-07-21T13:04:34Z,2026-07-21T13:04:34Z,0.0
AB51 5NF,SHEPD,HV,1,TR7392,11,2026-07-21T13:04:34Z,2026-07-21T13:04:34Z,0.0
AB51 5NW,SHEPD,HV,1,TR7392,11,2026-07-21T13:04:34Z,2026-07-21T13:04:34Z,0.0
AB51 5PL,SHEPD,HV,1,TR7392,11,2026-07-21T13:04:34Z,2026-07-21T13:04:34Z,0.0
AB51 5PN,SHEPD,HV,1,TR7392,11,2026-07-21T13:04:34Z,2026-07-21T13:04:34Z,0.0
AB51 5PP,SHEPD,HV,1,TR7392,11,2026-07-21T13:04:34Z,2026-07-21T13:04:34Z,0.0
AB51 5QN,SHEPD,HV,1,TR7392,11,2026-07-21T13:04:34Z,2026-07-21T13:04:34Z,0.0
AB51 5RJ,SHEPD,HV,1,TR7392,11,2026-07-21T13:04:34Z,2026-07-21T13:04:34Z,0.0
AB51 5RL,SHEPD,HV,1,TR7392,11,2026-07-21T13:04:34Z,2026-07-21T13:04:34Z,0.0
AB51 5RR,SHEPD,HV,1,TR7392,11,2026-07-21T13:04:34Z,2026-07-21T13:04:34Z,0.0
AB51 5TL,SHEPD,HV,1,TR7392,11,2026-07-21T13:04:34Z,2026-07-21T13:04:34Z,0.0
AB51 8XU,SHEPD,HV,1,TS0176,39,2026-07-23T07:17:34Z,2026-07-23T07:17:34Z,0.0
AB51 8XX,SHEPD,HV,1,TS0176,39,2026-07-23T07:17:34Z,2026-07-23T07:17:34Z,0.0
AB53 4JR,SHEPD,PSI,1,252174,6,2026-07-20T11:15:14Z,2026-07-20T11:15:14Z,0.0
AB53 4NH,SHEPD,PSI,1,252174,6,2026-07-20T11:15:14Z,2026-07-20T11:15:14Z,0.0
AB54 4AA,SHEPD,HV,1,TS0176,39,2026-07-23T07:17:34Z,2026-07-23T07:17:34Z,0.0
AB54 4AD,SHEPD,HV,1,TS0176,39,2026-07-23T07:17:34Z,2026-07-23T07:17:34Z,0.0
AB54 4QY,SHEPD,HV,1,TS0176,39,2026-07-23T07:17:34Z,2026-07-23T07:17:34Z,0.0
AB54 4RB,SHEPD,HV,1,TS0176,39,2026-07-23T07:17:34Z,2026-07-23T07:17:34Z,0.0
AB54 4RD,SHEPD,HV,1,TS0176,39,2026-07-23T07:17:34Z,2026-07-23T07:17:34Z,0.0
AB54 4RL,SHEPD,HV,1,TS0176,39,2026-07-23T07:17:34Z,2026-07-23T07:17:34Z,0.0
AB54 6AD,SHEPD,HV,1,TS0176,39,2026-07-23T07:17:34Z,2026-07-23T07:17:34Z,0.0
AB54 6AE,SHEPD,HV,1,TS0176,39,2026-07-23T07:17:34Z,2026-07-23T07:17:34Z,0.0
AB54 6AG,SHEPD,HV,1,TS0176,39,2026-07-23T07:17:34Z,2026-07-23T07:17:34Z,0.0
AB54 6AH,SHEPD,HV,1,TS0176,39,2026-07-23T07:17:34Z,2026-07-23T07:17:34Z,0.0
AB54 6AJ,SHEPD,HV,1,TS0176,39,2026-07-23T07:17:34Z,2026-07-23T07:17:34Z,0.0
AB54 6AL,SHEPD,HV,1,TS0176,39,2026-07-23T07:17:34Z,2026-07-23T07:17:34Z,0.0
AB54 6AN,SHEPD,HV,1,TS0176,39,2026-07-23T07:17:34Z,2026-07-23T07:17:34Z,0.0
AB54 6BH,SHEPD,HV,1,TS0176,39,2026-07-23T07:17:34Z,2026-07-23T07:17:34Z,0.0
AB54 6BJ,SHEPD,HV,1,TS0176,39,2026-07-23T07:17:34Z,2026-07-23T07:17:34Z,0.0
AB54 6BL,SHEPD,HV,1,TS0176,39,2026-07-23T07:17:34Z,2026-07-23T07:17:34Z,0.0
AB54 6BN,SHEPD,HV,1,TS0176,39,2026-07-23T07:17:34Z,2026-07-23T07:17:34Z,0.0
AB54 6DR,SHEPD,HV,1,TS0176,39,2026-07-23T07:17:34Z,2026-07-23T07:17:34Z,0.0
AB54 6DS,SHEPD,HV,1,TS0176,39,2026-07-23T07:17:34Z,2026-07-23T07:17:34Z,0.0
AB54 6DT,SHEPD,HV,1,TS0176,39,2026-07-23T07:17:34Z,2026-07-23T07:17:34Z,0.0
AB54 6DZ,SHEPD,HV,1,TS0176,39,2026-07-23T07:17:34Z,2026-07-23T07:17:34Z,0.0
AB54 6EA,SHEPD,HV,1,TS0176,39,2026-07-23T07:17:34Z,2026-07-23T07:17:34Z,0.0
AB54 6EB,SHEPD,HV,1,TS0176,39,2026-07-23T07:17:34Z,2026-07-23T07:17:34Z,0.0
AB54 6ED,SHEPD,HV,1,TS0176,39,2026-07-23T07:17:34Z,2026-07-23T07:17:34Z,0.0
AB54 6EH,SHEPD,HV,1,TS0176,39,2026-07-23T07:17:34Z,2026-07-23T07:17:34Z,0.0
AB54 6EJ,SHEPD,HV,1,TS0176,39,2026-07-23T07:17:34Z,2026-07-23T07:17:34Z,0.0
AB54 6EN,SHEPD,HV,1,TS0176,39,2026-07-23T07:17:34Z,2026-07-23T07:17:34Z,0.0
AB54 6EP,SHEPD,HV,1,TS0176,39,2026-07-23T07:17:34Z,2026-07-23T07:17:34Z,0.0
AB54 6EQ,SHEPD,HV,1,TS0176,39,2026-07-23T07:17:34Z,2026-07-23T07:17:34Z,0.0
AB54 6ER,SHEPD,HV,1,TS0176,39,2026-07-23T07:17:34Z,2026-07-23T07:17:34Z,0.0
AB54 6ES,SHEPD,HV,1,TS0176,39,2026-07-23T07:17:34Z,2026-07-23T07:17:34Z,0.0
AB54 6ET,SHEPD,HV,1,TS0176,39,2026-07-23T07:17:34Z,2026-07-23T07:17:34Z,0.0
AB54 6EU,SHEPD,HV,1,TS0176,39,2026-07-23T07:17:34Z,2026-07-23T07:17:34Z,0.0
AB54 6EW,SHEPD,HV,1,TS0176,39,2026-07-23T07:17:34Z,2026-07-23T07:17:34Z,0.0
AB54 6EY,SHEPD,HV,1,TS0176,39,2026-07-23T07:17:34Z,2026-07-23T07:17:34Z,0.0
AB54 6EZ,SHEPD,HV,1,TS0176,39,2026-07-23T07:17:34Z,2026-07-23T07:17:34Z,0.0
AB54 6HA,SHEPD,HV,1,TS0176,39,2026-07-23T07:17:34Z,2026-07-23T07:17:34Z,0.0
AB54 6HD,SHEPD,HV,1,TS0176,39,2026-07-23T07:17:34Z,2026-07-23T07:17:34Z,0.0
AB54 6HE,SHEPD,HV,1,TS0176,39,2026-07-23T07:17:34Z,2026-07-23T07:17:34Z,0.0
AB54 6HJ,SHEPD,HV,1,TS0176,39,2026-07-23T07:17:34Z,2026-07-23T07:17:34Z,0.0
AB54 6HN,SHEPD,HV,1,TS0176,39,2026-07-23T07:17:34Z,2026-07-23T07:17:34Z,0.0
AB54 6HP,SHEPD,HV,1,TS0176,39,2026-07-23T07:17:34Z,2026-07-23T07:17:34Z,0.0
AB54 6HQ,SHEPD,HV,1,TS0176,39,2026-07-23T07:17:34Z,2026-07-23T07:17:34Z,0.0
AB54 6HS,SHEPD,HV,1,TS0176,39,2026-07-23T07:17:34Z,2026-07-23T07:17:34Z,0.0
AB54 6HT,SHEPD,HV,1,TS0176,39,2026-07-23T07:17:34Z,2026-07-23T07:17:34Z,0.0
AB54 6HU,SHEPD,HV,1,TS0176,39,2026-07-23T07:17:34Z,2026-07-23T07:17:34Z,0.0
AB54 6HW,SHEPD,HV,1,TS0176,39,2026-07-23T07:17:34Z,2026-07-23T07:17:34Z,0.0
AB54 6HX,SHEPD,HV,1,TS0176,39,2026-07-23T07:17:34Z,2026-07-23T07:17:34Z,0.0
AB54 6HZ,SHEPD,HV,1,TS0176,39,2026-07-23T07:17:34Z,2026-07-23T07:17:34Z,0.0
AB54 6JA,SHEPD,HV,1,TS0176,39,2026-07-23T07:17:34Z,2026-07-23T07:17:34Z,0.0
AB54 6JB,SHEPD,HV,1,TS0176,39,2026-07-23T07:17:34Z,2026-07-23T07:17:34Z,0.0
AB54 6JD,SHEPD,HV,1,TS0176,39,2026-07-23T07:17:34Z,2026-07-23T07:17:34Z,0.0
AB54 6JN,SHEPD,HV,1,TS0176,39,2026-07-23T07:17:34Z,2026-07-23T07:17:34Z,0.0
AB54 6JQ,SHEPD,HV,1,TS0176,39,2026-07-23T07:17:34Z,2026-07-23T07:17:34Z,0.0
AB54 6XL,SHEPD,HV,1,TS0176,39,2026-07-23T07:17:34Z,2026-07-23T07:17:34Z,0.0
AB54 6XN,SHEPD,HV,1,TS0176,39,2026-07-23T07:17:34Z,2026-07-23T07:17:34Z,0.0
AB54 6XP,SHEPD,HV,1,TS0176,39,2026-07-23T07:17:34Z,2026-07-23T07:17:34Z,0.0
AB54 6XQ,SHEPD,HV,1,TS0176,39,2026-07-23T07:17:34Z,2026-07-23T07:17:34Z,0.0
AB54 6XR,SHEPD,HV,1,TS0176,39,2026-07-23T07:17:34Z,2026-07-23T07:17:34Z,0.0
AB54 6YR,SHEPD,HV,1,TS0176,39,2026-07-23T07:17:34Z,2026-07-23T07:17:34Z,0.0
AB54 7YH,SHEPD,HV,1,TS0176,39,2026-07-23T07:17:34Z,2026-07-23T07:17:34Z,0.0
AB54 7YJ,SHEPD,HV,1,TS0176,39,2026-07-23T07:17:34Z,2026-07-23T07:17:34Z,0.0
BA11 4LZ,SEPD,LV,1,TR8552,18,2026-07-22T09:04:22Z,2026-07-22T09:04:22Z,0.0
BA11 4NA,SEPD,LV,1,TR8552,18,2026-07-22T09:04:22Z,2026-07-22T09:04:22Z,0.0
BA11 4NR,SEPD,LV,1,TR8552,18,2026-07-22T09:04:22Z,2026-07-22T09:04:22Z,0.0
BA11 4NS,SEPD,LV,1,TR8552,18,2026-07-22T09:04:22Z,2026-07-22T09:04:22Z,0.0
BA11 5LB,SEPD,PSI,1,252526,15,2026-07-17T12:16:58Z,2026-07-17T12:16:58Z,0.0
BA20 1AY,SEPD,HV,1,TR4422,174,2026-07-19T17:28:41Z,2026-07-19T17:28:41Z,0.0
BA20 1BS,SEPD,HV,1,TR4422,174,2026-07-19T17:28:41Z,2026-07-19T17:28:41Z,0.0
BA20 1BT,SEPD,HV,1,TR4422,174,2026-07-19T17:28:41Z,2026-07-19T17:28:41Z,0.0
BA20 1BU,SEPD,HV,1,TR4422,174,2026-07-19T17:28:41Z,2026-07-19T17:28:41Z,0.0
BA20 1BX,SEPD,HV,1,TR4422,174,2026-07-19T17:28:41Z,2026-07-19T17:28:41Z,0.0
BA20 1BY,SEPD,HV,1,TR4422,174,2026-07-19T17:28:41Z,2026-07-19T17:28:41Z,0.0
BA20 1BZ,SEPD,HV,1,TR4422,174,2026-07-19T17:28:41Z,2026-07-19T17:28:41Z,0.0
BA20 1DE,SEPD,HV,1,TR4422,174,2026-07-19T17:28:41Z,2026-07-19T17:28:41Z,0.0
BA20 1DF,SEPD,HV,1,TR4422,174,2026-07-19T17:28:41Z,2026-07-19T17:28:41Z,0.0
BA20 1DG,SEPD,HV,1,TR4422,174,2026-07-19T17:28:41Z,2026-07-19T17:28:41Z,0.0
BA20 2BB,SEPD,HV,1,TR4422,174,2026-07-19T17:28:41Z,2026-07-19T17:28:41Z,0.0
BA20 2BD,SEPD,HV,1,TR4422,174,2026-07-19T17:28:41Z,2026-07-19T17:28:41Z,0.0
BA20 2BE,SEPD,HV,1,TR4422,174,2026-07-19T17:28:41Z,2026-07-19T17:28:41Z,0.0
BA20 2BH,SEPD,HV,1,TR4422,174,2026-07-19T17:28:41Z,2026-07-19T17:28:41Z,0.0
BA20 2BN,SEPD,HV,1,TR4422,174,2026-07-19T17:28:41Z,2026-07-19T17:28:41Z,0.0
BA20 2BP,SEPD,HV,1,TR4422,174,2026-07-19T17:28:41Z,2026-07-19T17:28:41Z,0.0
BA20 2BS,SEPD,HV,1,TR4422,174,2026-07-19T17:28:41Z,2026-07-19T17:28:41Z,0.0
BA20 2BW,SEPD,HV,1,TR4422,174,2026-07-19T17:28:41Z,2026-07-19T17:28:41Z,0.0
BA20 2BX,SEPD,HV,1,TR4422,174,2026-07-19T17:28:41Z,2026-07-19T17:28:41Z,0.0
BA20 2BY,SEPD,HV,1,TR4422,174,2026-07-19T17:28:41Z,2026-07-19T17:28:41Z,0.0
BA20 2BZ,SEPD,HV,1,TR4422,174,2026-07-19T17:28:41Z,2026-07-19T17:28:41Z,0.0
BA20 2DA,SEPD,HV,1,TR4422,174,2026-07-19T17:28:41Z,2026-07-19T17:28:41Z,0.0
BA20 2DB,SEPD,HV,1,TR4422,174,2026-07-19T17:28:41Z,2026-07-19T17:28:41Z,0.0
BA20 2DE,SEPD,HV,1,TR4422,174,2026-07-19T17:28:41Z,2026-07-19T17:28:41Z,0.0
BA20 2DF,SEPD,HV,1,TR4422,174,2026-07-19T17:28:41Z,2026-07-19T17:28:41Z,0.0
BA20 2DL,SEPD,HV,1,TR4422,174,2026-07-19T17:28:41Z,2026-07-19T17:28:41Z,0.0
BA20 2DN,SEPD,HV,1,TR4422,174,2026-07-19T17:28:41Z,2026-07-19T17:28:41Z,0.0
BA20 2DR,SEPD,HV,1,TR4422,174,2026-07-19T17:28:41Z,2026-07-19T17:28:41Z,0.0
BA20 2DU,SEPD,HV,1,TR4422,174,2026-07-19T17:28:41Z,2026-07-19T17:28:41Z,0.0
BA20 2DW,SEPD,HV,1,TR4422,174,2026-07-19T17:28:41Z,2026-07-19T17:28:41Z,0.0
BA20 2DX,SEPD,HV,1,TR4422,174,2026-07-19T17:28:41Z,2026-07-19T17:28:41Z,0.0
BA20 2DY,SEPD,HV,1,TR4422,174,2026-07-19T17:28:41Z,2026-07-19T17:28:41Z,0.0
BA20 2DZ,SEPD,HV,1,TR4422,174,2026-07-19T17:28:41Z,2026-07-19T17:28:41Z,0.0
BA20 2EA,SEPD,HV,1,TR4422,174,2026-07-19T17:28:41Z,2026-07-19T17:28:41Z,0.0
BA20 2EE,SEPD,HV,1,TR4422,174,2026-07-19T17:28:41Z,2026-07-19T17:28:41Z,0.0
BA20 2EF,SEPD,HV,1,TR4422,174,2026-07-19T17:28:41Z,2026-07-19T17:28:41Z,0.0
BA20 2EH,SEPD,HV,1,TR4422,174,2026-07-19T17:28:41Z,2026-07-19T17:28:41Z,0.0
BA20 2FU,SEPD,HV,1,TR4422,174,2026-07-19T17:28:41Z,2026-07-19T17:28:41Z,0.0
BA20 2JP,SEPD,LV,1,TR9457,31,2026-07-22T16:37:45Z,2026-07-22T16:37:45Z,0.0
BA20 2NF,SEPD,LV,1,TR9457,31,2026-07-22T16:37:45Z,2026-07-22T16:37:45Z,0.0
BA20 2NP,SEPD,LV,1,TR9457,31,2026-07-22T16:37:45Z,2026-07-22T16:37:45Z,0.0
BA20 2NT,SEPD,LV,1,TR9457,31,2026-07-22T16:37:45Z,2026-07-22T16:37:45Z,0.0
BA20 2NU,SEPD,LV,1,TR9457,31,2026-07-22T16:37:45Z,2026-07-22T16:37:45Z,0.0
BA21 3AE,SEPD,HV,1,TR4422,174,2026-07-19T17:28:41Z,2026-07-19T17:28:41Z,0.0
BA21 3AL,SEPD,HV,1,TR4422,174,2026-07-19T17:28:41Z,2026-07-19T17:28:41Z,0.0
BA21 3AP,SEPD,HV,1,TR4422,174,2026-07-19T17:28:41Z,2026-07-19T17:28:41Z,0.0
BA21 3DA,SEPD,HV,1,TR4422,174,2026-07-19T17:28:41Z,2026-07-19T17:28:41Z,0.0
BA21 3HD,SEPD,HV,1,TR4422,174,2026-07-19T17:28:41Z,2026-07-19T17:28:41Z,0.0
BA21 3HE,SEPD,HV,1,TR4422,174,2026-07-19T17:28:41Z,2026-07-19T17:28:41Z,0.0
BA21 3HF,SEPD,HV,1,TR4422,174,2026-07-19T17:28:41Z,2026-07-19T17:28:41Z,0.0
BA21 3HQ,SEPD,HV,1,TR4422,174,2026-07-19T17:28:41Z,2026-07-19T17:28:41Z,0.0
BA21 3HU,SEPD,HV,1,TR4422,174,2026-07-19T17:28:41Z,2026-07-19T17:28:41Z,0.0
BA21 3JL,SEPD,HV,1,TR4422,174,2026-07-19T17:28:41Z,2026-07-19T17:28:41Z,0.0
BA21 3JN,SEPD,HV,1,TR4422,174,2026-07-19T17:28:41Z,2026-07-19T17:28:41Z,0.0
BA21 3JR,SEPD,HV,1,TR4422,174,2026-07-19T17:28:41Z,2026-07-19T17:28:41Z,0.0
BA21 3JS,SEPD,HV,1,TR4422,174,2026-07-19T17:28:41Z,2026-07-19T17:28:41Z,0.0
BA21 3JT,SEPD,HV,1,TR4422,174,2026-07-19T17:28:41Z,2026-07-19T17:28:41Z,0.0
BA21 3JU,SEPD,HV,1,TR4422,174,2026-07-19T17:28:41Z,2026-07-19T17:28:41Z,0.0
BA21 3JW,SEPD,HV,1,TR4422,174,2026-07-19T17:28:41Z,2026-07-19T17:28:41Z,0.0
BH1 3SS,SEPD,LV,1,TR9630,34,2026-07-22T16:37:45Z,2026-07-22T16:37:45Z,0.0
BH1 3SX,SEPD,LV,1,TR9630,34,2026-07-22T16:37:45Z,2026-07-22T16:37:45Z,0.0
BH1 3TF,SEPD,LV,1,TR9630,34,2026-07-22T16:37:45Z,2026-07-22T16:37:45Z,0.0
BH1 3TG,SEPD,LV,1,TR9630,34,2026-07-22T16:37:45Z,2026-07-22T16:37:45Z,0.0
BH1 4QB,SEPD,LV,1,TR3362,12,2026-07-18T23:30:00Z,2026-07-18T23:30:00Z,0.0
BH1 4QD,SEPD,LV,1,TR3362,12,2026-07-18T23:30:00Z,2026-07-18T23:30:00Z,0.0
BH1 4QF,SEPD,LV,1,TR3362,12,2026-07-18T23:30:00Z,2026-07-18T23:30:00Z,0.0
BH10 4AX,SEPD,HV,1,TR2629,242,2026-07-18T18:30:34Z,2026-07-18T18:30:34Z,0.0
BH10 4DR,SEPD,HV,1,TR2629,242,2026-07-18T18:30:34Z,2026-07-18T18:30:34Z,0.0
BH10 4DS,SEPD,HV,1,TR2629,242,2026-07-18T18:30:34Z,2026-07-18T18:30:34Z,0.0
BH10 4EG,SEPD,HV,1,TR2629,242,2026-07-18T18:30:34Z,2026-07-18T18:30:34Z,0.0
BH10 4FD,SEPD,HV,1,TR2629,242,2026-07-18T18:30:34Z,2026-07-18T18:30:34Z,0.0
BH10 4FH,SEPD,HV,1,TR2629,242,2026-07-18T18:30:34Z,2026-07-18T18:30:34Z,0.0
BH10 4FL,SEPD,HV,1,TR2629,242,2026-07-18T18:30:34Z,2026-07-18T18:30:34Z,0.0
BH10 4GE,SEPD,HV,1,TR2629,242,2026-07-18T18:30:34Z,2026-07-18T18:30:34Z,0.0
BH10 4JB,SEPD,HV,1,TR2629,242,2026-07-18T18:30:34Z,2026-07-18T18:30:34Z,0.0
BH11 8LL,SEPD,LV,1,TR5024,2,2026-07-20T08:13:24Z,2026-07-20T08:13:24Z,0.0
BH11 8NH,SEPD,LV,1,TR5024,2,2026-07-20T08:13:24Z,2026-07-20T08:13:24Z,0.0
BH12 4QN,SEPD,LV,1,TR6119,11,2026-07-20T20:37:56Z,2026-07-20T20:37:56Z,0.0
BH12 4QR,SEPD,LV,1,TR6119,11,2026-07-20T20:37:56Z,2026-07-20T20:37:56Z,0.0
BH12 4QZ,SEPD,LV,1,TR6119,11,2026-07-20T20:37:56Z,2026-07-20T20:37:56Z,0.0
BH14 8AZ,SEPD,LV,1,TS1136,7,2026-07-23T15:26:04Z,2026-07-23T15:26:04Z,0.0
BH14 8BB,SEPD,LV,1,TS1136,7,2026-07-23T15:26:04Z,2026-07-23T15:26:04Z,0.0
BH15 1AH,SEPD,LV,1,TR6942,26,2026-07-21T09:45:34Z,2026-07-21T09:45:34Z,0.0
BH15 1AL,SEPD,LV,1,TR6942,26,2026-07-21T09:45:34Z,2026-07-21T09:45:34Z,0.0
BH15 1AN,SEPD,LV,1,TR6942,26,2026-07-21T09:45:34Z,2026-07-21T09:45:34Z,0.0
BH15 1AS,SEPD,LV,1,TR6942,26,2026-07-21T09:45:34Z,2026-07-21T09:45:34Z,0.0
BH15 1AW,SEPD,LV,1,TR6942,26,2026-07-21T09:45:34Z,2026-07-21T09:45:34Z,0.0
BH15 1BD,SEPD,LV,1,TR6942,26,2026-07-21T09:45:34Z,2026-07-21T09:45:34Z,0.0
BH15 1DB,SEPD,LV,1,TR6942,26,2026-07-21T09:45:34Z,2026-07-21T09:45:34Z,0.0
BH15 1DF,SEPD,LV,1,TR6942,26,2026-07-21T09:45:34Z,2026-07-21T09:45:34Z,0.0
BH15 1NU,SEPD,LV,1,TR6942,26,2026-07-21T09:45:34Z,2026-07-21T09:45:34Z,0.0
BH15 1QG,SEPD,LV,1,TR6942,26,2026-07-21T09:45:34Z,2026-07-21T09:45:34Z,0.0
BH15 3LT,SEPD,LV,1,TR6119,11,2026-07-20T20:37:56Z,2026-07-20T20:37:56Z,0.0
BH15 3NP,SEPD,LV,1,TR6119,11,2026-07-20T20:37:56Z,2026-07-20T20:37:56Z,0.0
BH16 5JD,SEPD,HV,1,TS0789,110,2026-07-23T13:12:33Z,2026-07-23T13:12:33Z,0.0
BH16 5LW,SEPD,HV,1,TS0789,110,2026-07-23T13:12:33Z,2026-07-23T13:12:33Z,0.0
BH16 5SR,SEPD,HV,1,TS0789,110,2026-07-23T13:12:33Z,2026-07-23T13:12:33Z,0.0
BH16 5SS,SEPD,HV,1,TS0789,110,2026-07-23T13:12:33Z,2026-07-23T13:12:33Z,0.0
BH16 5ST,SEPD,HV,1,TS0789,110,2026-07-23T13:12:33Z,2026-07-23T13:12:33Z,0.0
BH16 5SU,SEPD,HV,1,TS0789,110,2026-07-23T13:12:33Z,2026-07-23T13:12:33Z,0.0
BH17 7BJ,SEPD,HV,1,TS0789,110,2026-07-23T13:12:33Z,2026-07-23T13:12:33Z,0.0
BH20 5PU,SEPD,HV,1,TR2784,11,2026-07-18T10:39:50Z,2026-07-18T10:39:50Z,0.0
BH22 8BU,SEPD,PSI,1,253084,8,2026-07-20T15:24:46Z,2026-07-20T15:24:46Z,0.0
BH22 8BZ,SEPD,PSI,1,253084,8,2026-07-20T15:24:46Z,2026-07-20T15:24:46Z,0.0
BH22 8EH,SEPD,PSI,1,253086,15,2026-07-20T11:15:14Z,2026-07-20T11:15:14Z,0.0
BH22 8EU,SEPD,PSI,1,253086,15,2026-07-20T11:15:14Z,2026-07-20T11:15:14Z,0.0
BH22 8LX,SEPD,PSI,1,253087,2,2026-07-20T13:20:54Z,2026-07-20T13:20:54Z,0.0
BH25 5AN,SEPD,LV,1,TR9992,34,2026-07-23T04:36:19Z,2026-07-23T04:36:19Z,0.0
BH25 5AR,SEPD,LV,1,TR9992,34,2026-07-23T04:36:19Z,2026-07-23T04:36:19Z,0.0
BH25 5BN,SEPD,LV,1,TR9992,34,2026-07-23T04:36:19Z,2026-07-23T04:36:19Z,0.0
BH25 5DR,SEPD,LV,1,TR9992,34,2026-07-23T04:36:19Z,2026-07-23T04:36:19Z,0.0
BH25 5DS,SEPD,LV,1,TR9992,34,2026-07-23T04:36:19Z,2026-07-23T04:36:19Z,0.0
BH25 5DW,SEPD,LV,1,TR9992,34,2026-07-23T04:36:19Z,2026-07-23T04:36:19Z,0.0
BH25 5EB,SEPD,LV,1,TR9992,34,2026-07-23T04:36:19Z,2026-07-23T04:36:19Z,0.0
BH25 5GQ,SEPD,LV,1,TS0441,22,2026-07-23T09:42:08Z,2026-07-23T09:42:08Z,0.0
BH25 5HP,SEPD,LV,1,TS0441,22,2026-07-23T09:42:08Z,2026-07-23T09:42:08Z,0.0
BH25 5NN,SEPD,HV,1,TR6293,224,2026-07-21T01:10:47Z,2026-07-21T01:10:47Z,0.0
BH25 7JE,SEPD,LV,1,TR8740,18,2026-07-22T12:51:44Z,2026-07-22T12:51:44Z,0.0
BH25 7JZ,SEPD,LV,1,TR8740,18,2026-07-22T12:51:44Z,2026-07-22T12:51:44Z,0.0
BH25 7LH,SEPD,LV,1,TR8740,18,2026-07-22T11:18:56Z,2026-07-22T11:18:56Z,0.0
BH25 7LQ,SEPD,LV,1,TR8740,18,2026-07-22T11:18:56Z,2026-07-22T11:18:56Z,0.0
BH25 7LR,SEPD,LV,1,TR8740,18,2026-07-22T11:18:56Z,2026-07-22T11:18:56Z,0.0
BH6 5NZ,SEPD,LV,1,TR1147,27,2026-07-17T06:36:22Z,2026-07-17T06:36:22Z,0.0
BH6 5PE,SEPD,LV,1,TR1147,27,2026-07-17T06:36:22Z,2026-07-17T06:36:22Z,0.0
BH6 5PY,SEPD,LV,1,TR1147,27,2026-07-17T06:36:22Z,2026-07-17T06:36:22Z,0.0
BH6 5QE,SEPD,LV,1,TR1147,27,2026-07-17T06:36:22Z,2026-07-17T06:36:22Z,0.0
BH8 8BE,SEPD,LV,1,TR3362,12,2026-07-18T23:30:00Z,2026-07-18T23:30:00Z,0.0
BH8 8DG,SEPD,LV,1,TR9896,35,2026-07-22T22:38:03Z,2026-07-22T22:38:03Z,0.0
BH8 8JE,SEPD,LV,1,TR9896,35,2026-07-22T22:38:03Z,2026-07-22T22:38:03Z,0.0
BH8 8JQ,SEPD,HV,1,TR6293,224,2026-07-21T01:10:47Z,2026-07-21T01:10:47Z,0.0
BH8 8JU,SEPD,LV,1,TR6327,42,2026-07-21T01:10:47Z,2026-07-21T01:10:47Z,0.0
BH8 8JZ,SEPD,LV,1,TR6327,42,2026-07-21T01:10:47Z,2026-07-21T01:10:47Z,0.0
BH8 8LE,SEPD,LV,1,TR6327,42,2026-07-21T01:10:47Z,2026-07-21T01:10:47Z,0.0
BH8 8LQ,SEPD,HV,1,TR6293,224,2026-07-21T01:10:47Z,2026-07-21T01:10:47Z,0.0
BH8 8LX,SEPD,LV,1,TR9896,35,2026-07-22T22:38:03Z,2026-07-22T22:38:03Z,0.0
BH9 2ET,SEPD,LV,1,TR9776,24,2026-07-22T20:18:47Z,2026-07-22T20:18:47Z,0.0
BH9 2NL,SEPD,LV,1,TR9778,44,2026-07-22T20:18:47Z,2026-07-22T20:18:47Z,0.0
BH9 2NQ,SEPD,LV,1,TR9776,24,2026-07-22T20:18:47Z,2026-07-22T20:18:47Z,0.0
BH9 2NR,SEPD,LV,1,TR9778,44,2026-07-22T20:18:47Z,2026-07-22T20:18:47Z,0.0
BH9 2PL,SEPD,LV,1,TR9778,44,2026-07-22T20:18:47Z,2026-07-22T20:18:47Z,0.0
BH9 2PN,SEPD,LV,1,TR9776,24,2026-07-22T20:18:47Z,2026-07-22T20:18:47Z,0.0
BH9 2PP,SEPD,LV,1,TR9778,44,2026-07-22T20:18:47Z,2026-07-22T20:18:47Z,0.0
DD2 4BD,SHEPD,LV,1,TR9099,8,2026-07-22T14:56:49Z,2026-07-22T14:56:49Z,0.0
DD2 4DD,SHEPD,LV,1,TR9099,8,2026-07-22T14:56:49Z,2026-07-22T14:56:49Z,0.0
DD2 4DE,SHEPD,LV,1,TR9099,8,2026-07-22T14:56:49Z,2026-07-22T14:56:49Z,0.0
DD4 0BQ,SHEPD,LV,1,TR6164,11,2026-07-20T21:48:01Z,2026-07-20T21:48:01Z,0.0
DD4 0XU,SHEPD,LV,1,TR6164,11,2026-07-20T21:48:01Z,2026-07-20T21:48:01Z,0.0
DT11 0PG,SEPD,LV,1,TR6709,4,2026-07-21T09:45:34Z,2026-07-21T09:45:34Z,0.0
DT2 8DN,SEPD,HV,1,TR2784,11,2026-07-18T10:39:50Z,2026-07-18T10:39:50Z,0.0
DT2 8DP,SEPD,HV,1,TR2784,11,2026-07-18T10:39:50Z,2026-07-18T10:39:50Z,0.0
DT2 8DW,SEPD,HV,1,TR2784,11,2026-07-18T10:39:50Z,2026-07-18T10:39:50Z,0.0
DT2 9DD,SEPD,LV,1,TR3914,12,2026-07-20T13:20:54Z,2026-07-20T13:20:54Z,0.0
DT2 9DG,SEPD,LV,1,TR3914,12,2026-07-20T13:20:54Z,2026-07-20T13:20:54Z,0.0
DT9 3AA,SEPD,HV,1,TR9887,304,2026-07-23T01:12:43Z,2026-07-23T01:12:43Z,0.0
DT9 3AB,SEPD,HV,1,TR9887,304,2026-07-23T01:12:43Z,2026-07-23T01:12:43Z,0.0
DT9 3AD,SEPD,HV,1,TR9887,304,2026-07-23T01:12:43Z,2026-07-23T01:12:43Z,0.0
DT9 3AE,SEPD,HV,1,TR9887,304,2026-07-23T01:12:43Z,2026-07-23T01:12:43Z,0.0
DT9 3AP,SEPD,HV,1,TR9887,304,2026-07-23T01:12:43Z,2026-07-23T01:12:43Z,0.0
DT9 3AT,SEPD,HV,1,TR9887,304,2026-07-23T01:12:43Z,2026-07-23T01:12:43Z,0.0
DT9 3AU,SEPD,HV,1,TR9887,304,2026-07-23T01:12:43Z,2026-07-23T01:12:43Z,0.0
DT9 3AX,SEPD,HV,1,TR9887,304,2026-07-23T01:12:43Z,2026-07-23T01:12:43Z,0.0
DT9 3AZ,SEPD,HV,1,TR9887,304,2026-07-23T01:12:43Z,2026-07-23T01:12:43Z,0.0
DT9 3BA,SEPD,HV,1,TR9887,304,2026-07-23T01:12:43Z,2026-07-23T01:12:43Z,0.0
DT9 3BB,SEPD,HV,1,TR9887,304,2026-07-23T01:12:43Z,2026-07-23T01:12:43Z,0.0
DT9 3BD,SEPD,HV,1,TR9887,304,2026-07-23T01:12:43Z,2026-07-23T01:12:43Z,0.0
DT9 3BG,SEPD,HV,1,TR9887,304,2026-07-23T01:12:43Z,2026-07-23T01:12:43Z,0.0
DT9 3BH,SEPD,HV,1,TR9887,304,2026-07-23T01:12:43Z,2026-07-23T01:12:43Z,0.0
DT9 3BJ,SEPD,HV,1,TR9887,304,2026-07-23T01:12:43Z,2026-07-23T01:12:43Z,0.0
DT9 3BL,SEPD,HV,1,TR9887,304,2026-07-23T01:12:43Z,2026-07-23T01:12:43Z,0.0
DT9 3BP,SEPD,HV,1,TR9887,304,2026-07-23T01:12:43Z,2026-07-23T01:12:43Z,0.0
DT9 3BS,SEPD,HV,1,TR9887,304,2026-07-23T01:12:43Z,2026-07-23T01:12:43Z,0.0
DT9 3BU,SEPD,HV,1,TR9887,304,2026-07-23T01:12:43Z,2026-07-23T01:12:43Z,0.0
DT9 3BY,SEPD,HV,1,TR9887,304,2026-07-23T01:12:43Z,2026-07-23T01:12:43Z,0.0
DT9 3DN,SEPD,HV,1,TR9887,304,2026-07-23T01:12:43Z,2026-07-23T01:12:43Z,0.0
DT9 3DR,SEPD,HV,1,TR9887,304,2026-07-23T01:12:43Z,2026-07-23T01:12:43Z,0.0
DT9 3DW,SEPD,HV,1,TR9887,304,2026-07-23T01:12:43Z,2026-07-23T01:12:43Z,0.0
DT9 3EG,SEPD,HV,1,TR9887,304,2026-07-23T01:12:43Z,2026-07-23T01:12:43Z,0.0
DT9 3EH,SEPD,HV,1,TR9887,304,2026-07-23T01:12:43Z,2026-07-23T01:12:43Z,0.0
DT9 3EJ,SEPD,HV,1,TR9887,304,2026-07-23T01:12:43Z,2026-07-23T01:12:43Z,0.0
DT9 3EL,SEPD,HV,1,TR9887,304,2026-07-23T01:12:43Z,2026-07-23T01:12:43Z,0.0
DT9 3EN,SEPD,HV,1,TR9887,304,2026-07-23T01:12:43Z,2026-07-23T01:12:43Z,0.0
DT9 3EP,SEPD,HV,1,TR9887,304,2026-07-23T01:12:43Z,2026-07-23T01:12:43Z,0.0
DT9 3EQ,SEPD,HV,1,TR9887,304,2026-07-23T01:12:43Z,2026-07-23T01:12:43Z,0.0
DT9 3ER,SEPD,HV,1,TR9887,304,2026-07-23T01:12:43Z,2026-07-23T01:12:43Z,0.0
DT9 3ES,SEPD,HV,1,TR9887,304,2026-07-23T01:12:43Z,2026-07-23T01:12:43Z,0.0
DT9 3ET,SEPD,HV,1,TR9887,304,2026-07-23T01:12:43Z,2026-07-23T01:12:43Z,0.0
DT9 3EU,SEPD,HV,1,TR9887,304,2026-07-23T01:12:43Z,2026-07-23T01:12:43Z,0.0
DT9 3EX,SEPD,HV,1,TR9887,304,2026-07-23T01:12:43Z,2026-07-23T01:12:43Z,0.0
DT9 3EY,SEPD,HV,1,TR9887,304,2026-07-23T01:12:43Z,2026-07-23T01:12:43Z,0.0
DT9 3FB,SEPD,HV,1,TR9887,304,2026-07-23T01:12:43Z,2026-07-23T01:12:43Z,0.0
DT9 3FF,SEPD,HV,1,TR9887,304,2026-07-23T01:12:43Z,2026-07-23T01:12:43Z,0.0
DT9 3HF,SEPD,HV,1,TR9887,304,2026-07-23T01:12:43Z,2026-07-23T01:12:43Z,0.0
DT9 3HR,SEPD,HV,1,TR9887,304,2026-07-23T01:12:43Z,2026-07-23T01:12:43Z,0.0
DT9 3HS,SEPD,HV,1,TR9887,304,2026-07-23T01:12:43Z,2026-07-23T01:12:43Z,0.0
DT9 3HX,SEPD,LV,1,TR9983,16,2026-07-23T01:12:43Z,2026-07-23T01:12:43Z,0.0
DT9 3JJ,SEPD,HV,1,TR9887,304,2026-07-23T01:12:43Z,2026-07-23T01:12:43Z,0.0
DT9 3JL,SEPD,HV,1,TR9887,304,2026-07-23T01:12:43Z,2026-07-23T01:12:43Z,0.0
DT9 3JQ,SEPD,HV,1,TR9887,304,2026-07-23T01:12:43Z,2026-07-23T01:12:43Z,0.0
DT9 3JX,SEPD,HV,1,TR9887,304,2026-07-23T01:12:43Z,2026-07-23T01:12:43Z,0.0
DT9 3LB,SEPD,HV,1,TR9887,304,2026-07-23T01:12:43Z,2026-07-23T01:12:43Z,0.0
DT9 3LD,SEPD,HV,1,TR9887,304,2026-07-23T01:12:43Z,2026-07-23T01:12:43Z,0.0
DT9 3LE,SEPD,HV,1,TR9887,304,2026-07-23T01:12:43Z,2026-07-23T01:12:43Z,0.0
DT9 3LF,SEPD,HV,1,TR9887,304,2026-07-23T01:12:43Z,2026-07-23T01:12:43Z,0.0
DT9 3LG,SEPD,HV,1,TR9887,304,2026-07-23T01:12:43Z,2026-07-23T01:12:43Z,0.0
DT9 3LJ,SEPD,HV,1,TR9887,304,2026-07-23T01:12:43Z,2026-07-23T01:12:43Z,0.0
DT9 3LL,SEPD,HV,1,TR9887,304,2026-07-23T01:12:43Z,2026-07-23T01:12:43Z,0.0
DT9 3LN,SEPD,HV,1,TR9887,304,2026-07-23T01:12:43Z,2026-07-23T01:12:43Z,0.0
DT9 3LP,SEPD,HV,1,TR9887,304,2026-07-23T01:12:43Z,2026-07-23T01:12:43Z,0.0
DT9 3LQ,SEPD,HV,1,TR9887,304,2026-07-23T01:12:43Z,2026-07-23T01:12:43Z,0.0
DT9 3LS,SEPD,HV,1,TR9887,304,2026-07-23T01:12:43Z,2026-07-23T01:12:43Z,0.0
DT9 3LT,SEPD,HV,1,TR9887,304,2026-07-23T01:12:43Z,2026-07-23T01:12:43Z,0.0
DT9 3LU,SEPD,HV,1,TR9887,304,2026-07-23T01:12:43Z,2026-07-23T01:12:43Z,0.0
DT9 3LW,SEPD,HV,1,TR9887,304,2026-07-23T01:12:43Z,2026-07-23T01:12:43Z,0.0
DT9 3LX,SEPD,HV,1,TR9887,304,2026-07-23T01:12:43Z,2026-07-23T01:12:43Z,0.0
DT9 3LY,SEPD,HV,1,TR9887,304,2026-07-23T01:12:43Z,2026-07-23T01:12:43Z,0.0
DT9 3NE,SEPD,HV,1,TR9887,304,2026-07-23T01:12:43Z,2026-07-23T01:12:43Z,0.0
DT9 3NG,SEPD,HV,1,TR9887,304,2026-07-23T01:12:43Z,2026-07-23T01:12:43Z,0.0
DT9 3NH,SEPD,HV,1,TR9887,304,2026-07-23T01:12:43Z,2026-07-23T01:12:43Z,0.0
DT9 3NL,SEPD,HV,1,TR9887,304,2026-07-23T01:12:43Z,2026-07-23T01:12:43Z,0.0
DT9 3NP,SEPD,HV,1,TR9887,304,2026-07-23T01:12:43Z,2026-07-23T01:12:43Z,0.0
DT9 3NR,SEPD,HV,1,TR9887,304,2026-07-23T01:12:43Z,2026-07-23T01:12:43Z,0.0
DT9 3NS,SEPD,HV,1,TR9887,304,2026-07-23T01:12:43Z,2026-07-23T01:12:43Z,0.0
DT9 3NT,SEPD,HV,1,TR9887,304,2026-07-23T01:12:43Z,2026-07-23T01:12:43Z,0.0
DT9 3NU,SEPD,HV,1,TR9887,304,2026-07-23T01:12:43Z,2026-07-23T01:12:43Z,0.0
DT9 3NW,SEPD,HV,1,TR9887,304,2026-07-23T01:12:43Z,2026-07-23T01:12:43Z,0.0
DT9 3PB,SEPD,HV,1,TR9887,304,2026-07-23T01:12:43Z,2026-07-23T01:12:43Z,0.0
DT9 3PD,SEPD,HV,1,TR9887,304,2026-07-23T01:12:43Z,2026-07-23T01:12:43Z,0.0
DT9 3PE,SEPD,HV,1,TR9887,304,2026-07-23T01:12:43Z,2026-07-23T01:12:43Z,0.0
DT9 3PP,SEPD,HV,1,TR9887,304,2026-07-23T01:12:43Z,2026-07-23T01:12:43Z,0.0
DT9 3PS,SEPD,HV,1,TR9887,304,2026-07-23T01:12:43Z,2026-07-23T01:12:43Z,0.0
DT9 3PU,SEPD,HV,1,TR9887,304,2026-07-23T01:12:43Z,2026-07-23T01:12:43Z,0.0
DT9 3QE,SEPD,HV,1,TR9887,304,2026-07-23T01:12:43Z,2026-07-23T01:12:43Z,0.0
DT9 3QF,SEPD,HV,1,TR9887,304,2026-07-23T01:12:43Z,2026-07-23T01:12:43Z,0.0
DT9 3QG,SEPD,HV,1,TR9887,304,2026-07-23T01:12:43Z,2026-07-23T01:12:43Z,0.0
DT9 3RA,SEPD,HV,1,TR9887,304,2026-07-23T01:12:43Z,2026-07-23T01:12:43Z,0.0
DT9 3RB,SEPD,HV,1,TR9887,304,2026-07-23T01:12:43Z,2026-07-23T01:12:43Z,0.0
DT9 3RD,SEPD,HV,1,TR9887,304,2026-07-23T01:12:43Z,2026-07-23T01:12:43Z,0.0
DT9 3RE,SEPD,HV,1,TR9887,304,2026-07-23T01:12:43Z,2026-07-23T01:12:43Z,0.0
DT9 3RF,SEPD,HV,1,TR9887,304,2026-07-23T01:12:43Z,2026-07-23T01:12:43Z,0.0
DT9 3RG,SEPD,HV,1,TR9887,304,2026-07-23T01:12:43Z,2026-07-23T01:12:43Z,0.0
DT9 3TD,SEPD,HV,1,TR9887,304,2026-07-23T01:12:43Z,2026-07-23T01:12:43Z,0.0
DT9 4AH,SEPD,HV,1,TR9887,304,2026-07-23T01:12:43Z,2026-07-23T01:12:43Z,0.0
DT9 4AW,SEPD,HV,1,TR9887,304,2026-07-23T01:12:43Z,2026-07-23T01:12:43Z,0.0
DT9 4DH,SEPD,HV,1,TR9887,304,2026-07-23T01:12:43Z,2026-07-23T01:12:43Z,0.0
DT9 4DL,SEPD,HV,1,TR9887,304,2026-07-23T01:12:43Z,2026-07-23T01:12:43Z,0.0
DT9 4DP,SEPD,HV,1,TR9887,304,2026-07-23T01:12:43Z,2026-07-23T01:12:43Z,0.0
DT9 4DQ,SEPD,HV,1,TR9887,304,2026-07-23T01:12:43Z,2026-07-23T01:12:43Z,0.0
DT9 4DW,SEPD,HV,1,TR9887,304,2026-07-23T01:12:43Z,2026-07-23T01:12:43Z,0.0
DT9 4ED,SEPD,HV,1,TR9887,304,2026-07-23T01:12:43Z,2026-07-23T01:12:43Z,0.0
DT9 4EE,SEPD,HV,1,TR9887,304,2026-07-23T01:12:43Z,2026-07-23T01:12:43Z,0.0
DT9 4EF,SEPD,HV,1,TR9887,304,2026-07-23T01:12:43Z,2026-07-23T01:12:43Z,0.0
DT9 4EG,SEPD,HV,1,TR9887,304,2026-07-23T01:12:43Z,2026-07-23T01:12:43Z,0.0
DT9 4EH,SEPD,HV,1,TR9887,304,2026-07-23T01:12:43Z,2026-07-23T01:12:43Z,0.0
DT9 4EJ,SEPD,HV,1,TR9887,304,2026-07-23T01:12:43Z,2026-07-23T01:12:43Z,0.0
DT9 4EW,SEPD,LV,1,TR9982,7,2026-07-23T01:12:43Z,2026-07-23T01:12:43Z,0.0
DT9 4EX,SEPD,HV,1,TR9887,304,2026-07-23T01:12:43Z,2026-07-23T01:12:43Z,0.0
DT9 4EY,SEPD,HV,1,TR9887,304,2026-07-23T01:12:43Z,2026-07-23T01:12:43Z,0.0
DT9 4FJ,SEPD,HV,1,TR9887,304,2026-07-23T01:12:43Z,2026-07-23T01:12:43Z,0.0
DT9 4FL,SEPD,HV,1,TR9887,304,2026-07-23T01:12:43Z,2026-07-23T01:12:43Z,0.0
DT9 4FN,SEPD,HV,1,TR9887,304,2026-07-23T01:12:43Z,2026-07-23T01:12:43Z,0.0
DT9 4FZ,SEPD,HV,1,TR9887,304,2026-07-23T01:12:43Z,2026-07-23T01:12:43Z,0.0
DT9 4HA,SEPD,HV,1,TR9887,304,2026-07-23T01:12:43Z,2026-07-23T01:12:43Z,0.0
DT9 4HB,SEPD,HV,1,TR9887,304,2026-07-23T01:12:43Z,2026-07-23T01:12:43Z,0.0
DT9 4HD,SEPD,HV,1,TR9887,304,2026-07-23T01:12:43Z,2026-07-23T01:12:43Z,0.0
DT9 4HE,SEPD,HV,1,TR9887,304,2026-07-23T01:12:43Z,2026-07-23T01:12:43Z,0.0
DT9 4HF,SEPD,HV,1,TR9887,304,2026-07-23T01:12:43Z,2026-07-23T01:12:43Z,0.0
DT9 4HG,SEPD,HV,1,TR9887,304,2026-07-23T01:12:43Z,2026-07-23T01:12:43Z,0.0
DT9 4HH,SEPD,HV,1,TR9887,304,2026-07-23T01:12:43Z,2026-07-23T01:12:43Z,0.0
DT9 4HJ,SEPD,HV,1,TR9887,304,2026-07-23T01:12:43Z,2026-07-23T01:12:43Z,0.0
DT9 4HL,SEPD,HV,1,TR9887,304,2026-07-23T01:12:43Z,2026-07-23T01:12:43Z,0.0
DT9 4HP,SEPD,HV,1,TR9887,304,2026-07-23T01:12:43Z,2026-07-23T01:12:43Z,0.0
DT9 4HR,SEPD,HV,1,TR9887,304,2026-07-23T01:12:43Z,2026-07-23T01:12:43Z,0.0
DT9 4HS,SEPD,HV,1,TR9887,304,2026-07-23T01:12:43Z,2026-07-23T01:12:43Z,0.0
DT9 4HT,SEPD,HV,1,TR9887,304,2026-07-23T01:12:43Z,2026-07-23T01:12:43Z,0.0
DT9 4HU,SEPD,HV,1,TR9887,304,2026-07-23T01:12:43Z,2026-07-23T01:12:43Z,0.0
DT9 4HW,SEPD,HV,1,TR9887,304,2026-07-23T01:12:43Z,2026-07-23T01:12:43Z,0.0
DT9 4HX,SEPD,HV,1,TR9887,304,2026-07-23T01:12:43Z,2026-07-23T01:12:43Z,0.0
DT9 4HY,SEPD,HV,1,TR9887,304,2026-07-23T01:12:43Z,2026-07-23T01:12:43Z,0.0
DT9 4HZ,SEPD,HV,1,TR9887,304,2026-07-23T01:12:43Z,2026-07-23T01:12:43Z,0.0
DT9 4JB,SEPD,HV,1,TR9887,304,2026-07-23T01:12:43Z,2026-07-23T01:12:43Z,0.0
DT9 4JD,SEPD,HV,1,TR9887,304,2026-07-23T01:12:43Z,2026-07-23T01:12:43Z,0.0
DT9 4JZ,SEPD,HV,1,TR9887,304,2026-07-23T01:12:43Z,2026-07-23T01:12:43Z,0.0
DT9 4QE,SEPD,HV,1,TR9887,304,2026-07-23T01:12:43Z,2026-07-23T01:12:43Z,0.0
DT9 4SU,SEPD,HV,1,TR9887,304,2026-07-23T01:12:43Z,2026-07-23T01:12:43Z,0.0
DT9 5BB,SEPD,LV,1,TR2285,13,2026-07-17T18:57:02Z,2026-07-17T18:57:02Z,0.0
DT9 5BX,SEPD,LV,1,TR2285,13,2026-07-17T18:57:02Z,2026-07-17T18:57:02Z,0.0
DT9 5FH,SEPD,LV,1,TR2285,13,2026-07-17T18:57:02Z,2026-07-17T18:57:02Z,0.0
EH53 0GP,SHEPD,LV,1,TR2366,20,2026-07-17T20:11:48Z,2026-07-17T20:11:48Z,0.0
EH53 0GU,SHEPD,LV,1,TR2366,20,2026-07-17T20:11:48Z,2026-07-17T20:11:48Z,0.0
EH53 0GX,SHEPD,LV,1,TR2366,20,2026-07-17T20:11:48Z,2026-07-17T20:11:48Z,0.0
EH53 0GY,SHEPD,LV,1,TR2366,20,2026-07-17T20:11:48Z,2026-07-17T20:11:48Z,0.0
EH53 0HJ,SHEPD,LV,1,TR2366,20,2026-07-17T20:11:48Z,2026-07-17T20:11:48Z,0.0
EH53 0PU,SHEPD,LV,1,TR2366,20,2026-07-17T20:11:48Z,2026-07-17T20:11:48Z,0.0
EH53 0PY,SHEPD,LV,1,TR2366,20,2026-07-17T20:11:48Z,2026-07-17T20:11:48Z,0.0
EH53 0WQ,SHEPD,LV,1,TR2366,20,2026-07-17T20:11:48Z,2026-07-17T20:11:48Z,0.0
FK21 8RA,SHEPD,HV,1,TR3651,34,2026-07-19T07:14:43Z,2026-07-19T07:14:43Z,0.0
FK21 8SL,SHEPD,HV,1,TR3651,34,2026-07-19T07:14:43Z,2026-07-19T07:14:43Z,0.0
FK21 8SN,SHEPD,HV,1,TR3651,34,2026-07-19T07:14:43Z,2026-07-19T07:14:43Z,0.0
FK21 8SR,SHEPD,HV,1,TR3651,34,2026-07-19T07:14:43Z,2026-07-19T07:14:43Z,0.0
FK21 8SS,SHEPD,HV,1,TR3651,34,2026-07-19T07:14:43Z,2026-07-19T07:14:43Z,0.0
FK21 8ST,SHEPD,HV,1,TR3651,34,2026-07-19T07:14:43Z,2026-07-19T07:14:43Z,0.0
FK21 8SU,SHEPD,HV,1,TR3651,34,2026-07-19T07:14:43Z,2026-07-19T07:14:43Z,0.0
FK21 8SW,SHEPD,HV,1,TR3651,34,2026-07-19T07:14:43Z,2026-07-19T07:14:43Z,0.0
FK21 8XE,SHEPD,HV,1,TR3651,34,2026-07-19T07:14:43Z,2026-07-19T07:14:43Z,0.0
GU15 2RN,SEPD,LV,1,TS0096,5,2026-07-23T07:17:34Z,2026-07-23T07:17:34Z,0.0
GU15 2RR,SEPD,LV,1,TS0096,5,2026-07-23T07:17:34Z,2026-07-23T07:17:34Z,0.0
GU15 2SJ,SEPD,LV,1,TS0096,5,2026-07-23T07:17:34Z,2026-07-23T07:17:34Z,0.0
GU16 6HY,SEPD,HV,1,TR1091,2,2026-07-17T04:23:26Z,2026-07-17T04:23:26Z,0.0
GU51 3FU,SEPD,LV,1,TR1258,20,2026-07-17T06:36:22Z,2026-07-17T06:36:22Z,0.0
GU51 3RJ,SEPD,LV,1,TR1258,20,2026-07-17T06:36:22Z,2026-07-17T06:36:22Z,0.0
GU51 3RL,SEPD,LV,1,TR1258,20,2026-07-17T06:36:22Z,2026-07-17T06:36:22Z,0.0
GU51 3RW,SEPD,LV,1,TR1258,20,2026-07-17T06:36:22Z,2026-07-17T06:36:22Z,0.0
GU51 3XY,SEPD,LV,1,TR1258,20,2026-07-17T06:36:22Z,2026-07-17T06:36:22Z,0.0
HP12 4AE,SEPD,LV,1,TR5900,15,2026-07-20T15:24:46Z,2026-07-20T15:24:46Z,0.0
HP12 4AN,SEPD,LV,1,TR5900,15,2026-07-20T15:24:46Z,2026-07-20T15:24:46Z,0.0
HP12 4HX,SEPD,LV,1,TR8025,2,2026-07-21T22:08:47Z,2026-07-21T22:08:47Z,0.0
HP12 4JF,SEPD,LV,1,TR8025,2,2026-07-21T22:08:47Z,2026-07-21T22:08:47Z,0.0
HP14 3DD,SEPD,LV,1,TR2352,38,2026-07-17T20:11:48Z,2026-07-17T20:11:48Z,0.0
HP14 3JR,SEPD,LV,1,TR2352,38,2026-07-17T20:11:48Z,2026-07-17T20:11:48Z,0.0
HP14 3JS,SEPD,LV,1,TR2352,38,2026-07-17T20:11:48Z,2026-07-17T20:11:48Z,0.0
HP14 3JU,SEPD,LV,1,TR2352,38,2026-07-17T20:11:48Z,2026-07-17T20:11:48Z,0.0
HP14 3JZ,SEPD,LV,1,TR2352,38,2026-07-17T20:11:48Z,2026-07-17T20:11:48Z,0.0
HP14 3LA,SEPD,LV,1,TR2352,38,2026-07-17T20:11:48Z,2026-07-17T20:11:48Z,0.0
HP14 3LH,SEPD,LV,1,TR2352,38,2026-07-17T20:11:48Z,2026-07-17T20:11:48Z,0.0
HP14 3LY,SEPD,LV,1,TR2352,38,2026-07-17T20:11:48Z,2026-07-17T20:11:48Z,0.0
IV1 1DY,SHEPD,LV,1,TS0118,3,2026-07-23T07:17:34Z,2026-07-23T07:17:34Z,0.0
IV1 1ET,SHEPD,LV,1,TS0118,3,2026-07-23T07:17:34Z,2026-07-23T07:17:34Z,0.0
IV1 1QW,SHEPD,LV,1,TS0118,3,2026-07-23T07:17:34Z,2026-07-23T07:17:34Z,0.0
IV26 2YG,SHEPD,HV,1,TR2324,66,2026-07-17T18:57:02Z,2026-07-17T18:57:02Z,0.0
IV26 2YR,SHEPD,HV,1,TR2324,66,2026-07-17T18:57:02Z,2026-07-17T18:57:02Z,0.0
IV26 2YS,SHEPD,HV,1,TR2324,66,2026-07-17T18:57:02Z,2026-07-17T18:57:02Z,0.0
IV3 8BA,SHEPD,LV,1,TR3278,7,2026-07-18T21:33:17Z,2026-07-18T21:33:17Z,0.0
IV3 8BB,SHEPD,LV,1,TR3278,7,2026-07-18T21:33:17Z,2026-07-18T21:33:17Z,0.0
IV36 1FJ,SHEPD,LV,1,TR1513,14,2026-07-17T10:54:25Z,2026-07-17T10:54:25Z,0.0
IV36 1FX,SHEPD,LV,1,TR1513,14,2026-07-17T10:54:25Z,2026-07-17T10:54:25Z,0.0
IV36 1GA,SHEPD,LV,1,TR1513,14,2026-07-17T10:54:25Z,2026-07-17T10:54:25Z,0.0
IV43 8QZ,SHEPD,LV,1,TR7977,2,2026-07-21T22:08:47Z,2026-07-21T22:08:47Z,0.0
IV47 8SL,SHEPD,PSI,1,252053,6,2026-07-23T09:42:08Z,2026-07-23T09:42:08Z,0.0
IV47 8SN,SHEPD,PSI,1,252053,6,2026-07-23T09:42:08Z,2026-07-23T09:42:08Z,0.0
KA27 8HP,SHEPD,PSI,1,252814,6,2026-07-22T11:18:56Z,2026-07-22T11:18:56Z,0.0
KW1 5XU,SHEPD,PSI,1,253219,4,2026-07-21T09:45:34Z,2026-07-21T09:45:34Z,0.0
KW12 6UP,SHEPD,PSI,1,253219,4,2026-07-21T09:45:34Z,2026-07-21T09:45:34Z,0.0
KW16 3NJ,SHEPD,HV,1,TR7364,40,2026-07-21T13:04:34Z,2026-07-21T13:04:34Z,0.0
NW10 6EX,SEPD,LV,1,TR6715,2,2026-07-21T09:45:34Z,2026-07-21T09:45:34Z,0.0
NW10 6LA,SEPD,LV,1,TR6715,2,2026-07-21T09:45:34Z,2026-07-21T09:45:34Z,0.0
NW10 6PU,SEPD,LV,1,TR6715,2,2026-07-21T09:45:34Z,2026-07-21T09:45:34Z,0.0
NW10 6QN,SEPD,LV,1,TR6715,2,2026-07-21T09:45:34Z,2026-07-21T09:45:34Z,0.0
NW10 6ST,SEPD,LV,1,TR6715,2,2026-07-21T09:45:34Z,2026-07-21T09:45:34Z,0.0
OX1 1HH,SEPD,LV,1,TR8434,11,2026-07-22T06:17:58Z,2026-07-22T06:17:58Z,0.0
OX1 1HP,SEPD,LV,1,TR8434,11,2026-07-22T06:17:58Z,2026-07-22T06:17:58Z,0.0
OX1 1HR,SEPD,LV,1,TR8434,11,2026-07-22T06:17:58Z,2026-07-22T06:17:58Z,0.0
OX1 1HU,SEPD,LV,1,TR8434,11,2026-07-22T06:17:58Z,2026-07-22T06:17:58Z,0.0
OX1 1PP,SEPD,LV,1,TR8434,11,2026-07-22T06:17:58Z,2026-07-22T06:17:58Z,0.0
OX1 2AR,SEPD,LV,1,TR3239,5,2026-07-18T19:45:31Z,2026-07-18T19:45:31Z,0.0
OX1 2AS,SEPD,LV,1,TR3239,5,2026-07-18T19:45:31Z,2026-07-18T19:45:31Z,0.0
OX1 3AD,SEPD,LV,1,TR3239,5,2026-07-18T19:45:31Z,2026-07-18T19:45:31Z,0.0
OX1 3EX,SEPD,LV,1,TR3239,5,2026-07-18T19:45:31Z,2026-07-18T19:45:31Z,0.0
OX1 3EZ,SEPD,LV,1,TR3239,5,2026-07-18T19:45:31Z,2026-07-18T19:45:31Z,0.0
OX1 3HA,SEPD,LV,1,TR3239,5,2026-07-18T19:45:31Z,2026-07-18T19:45:31Z,0.0
OX1 3HB,SEPD,LV,1,TR3239,5,2026-07-18T19:45:31Z,2026-07-18T19:45:31Z,0.0
OX1 3HL,SEPD,LV,1,TR3239,5,2026-07-18T19:45:31Z,2026-07-18T19:45:31Z,0.0
OX1 3HT,SEPD,LV,1,TR3239,5,2026-07-18T19:45:31Z,2026-07-18T19:45:31Z,0.0
OX1 3HZ,SEPD,LV,1,TR3239,5,2026-07-18T19:45:31Z,2026-07-18T19:45:31Z,0.0
OX1 4RN,SEPD,LV,1,TS1224,52,2026-07-23T17:00:57Z,2026-07-23T17:00:57Z,0.0
OX1 4RU,SEPD,LV,1,TS1224,52,2026-07-23T17:00:57Z,2026-07-23T17:00:57Z,0.0
OX1 4RW,SEPD,LV,1,TS1224,52,2026-07-23T17:00:57Z,2026-07-23T17:00:57Z,0.0
OX11 0QP,SEPD,HV,1,TR2897,202,2026-07-18T11:37:11Z,2026-07-18T11:37:11Z,0.0
OX11 0RA,SEPD,HV,1,TR2897,202,2026-07-18T11:37:11Z,2026-07-18T11:37:11Z,0.0
OX11 0RT,SEPD,HV,1,TR2897,202,2026-07-18T11:37:11Z,2026-07-18T11:37:11Z,0.0
OX11 0RU,SEPD,HV,1,TR2897,202,2026-07-18T11:37:11Z,2026-07-18T11:37:11Z,0.0
OX11 0RX,SEPD,HV,1,TR2897,202,2026-07-18T11:37:11Z,2026-07-18T11:37:11Z,0.0
OX11 0RY,SEPD,HV,1,TR2897,202,2026-07-18T11:37:11Z,2026-07-18T11:37:11Z,0.0
OX11 0SB,SEPD,HV,1,TR2897,202,2026-07-18T11:37:11Z,2026-07-18T11:37:11Z,0.0
OX11 0SX,SEPD,HV,1,TR2897,202,2026-07-18T11:37:11Z,2026-07-18T11:37:11Z,0.0
OX14 2NU,SEPD,LV,1,TR6095,10,2026-07-21T01:10:47Z,2026-07-21T01:10:47Z,0.0
OX14 2NX,SEPD,LV,1,TR6095,10,2026-07-21T01:10:47Z,2026-07-21T01:10:47Z,0.0
OX2 8JD,SEPD,HV,1,TS0620,6,2026-07-23T11:33:52Z,2026-07-23T11:33:52Z,0.0
OX2 8JR,SEPD,HV,1,TS0620,6,2026-07-23T11:33:52Z,2026-07-23T11:33:52Z,0.0
OX2 8JT,SEPD,HV,1,TS0620,6,2026-07-23T11:33:52Z,2026-07-23T11:33:52Z,0.0
OX26 6AB,SEPD,HV,1,TR9387,77,2026-07-22T14:56:49Z,2026-07-22T14:56:49Z,0.0
OX26 6AU,SEPD,HV,1,TR9387,77,2026-07-22T14:56:49Z,2026-07-22T14:56:49Z,0.0
OX26 6BD,SEPD,HV,1,TR9387,77,2026-07-22T14:56:49Z,2026-07-22T14:56:49Z,0.0
OX26 6BG,SEPD,HV,1,TR9387,77,2026-07-22T14:56:49Z,2026-07-22T14:56:49Z,0.0
OX26 6BH,SEPD,HV,1,TR9387,77,2026-07-22T14:56:49Z,2026-07-22T14:56:49Z,0.0
OX26 6BL,SEPD,HV,1,TR9387,77,2026-07-22T14:56:49Z,2026-07-22T14:56:49Z,0.0
OX26 6ET,SEPD,HV,1,TR9387,77,2026-07-22T14:56:49Z,2026-07-22T14:56:49Z,0.0
OX26 6GW,SEPD,HV,1,TR9387,77,2026-07-22T14:56:49Z,2026-07-22T14:56:49Z,0.0
OX4,SEPD,HV,1,TS1256,944,2026-07-23T18:19:49Z,2026-07-23T18:19:49Z,0.0
OX4 1AA,SEPD,HV,1,TS1256,944,2026-07-23T18:19:49Z,2026-07-23T18:19:49Z,0.0
OX4 1AB,SEPD,HV,1,TS1256,944,2026-07-23T18:19:49Z,2026-07-23T18:19:49Z,0.0
OX4 1AD,SEPD,HV,1,TS1256,944,2026-07-23T18:19:49Z,2026-07-23T18:19:49Z,0.0
OX4 1AE,SEPD,HV,1,TS1256,944,2026-07-23T18:19:49Z,2026-07-23T18:19:49Z,0.0
OX4 1AF,SEPD,HV,1,TS1256,944,2026-07-23T18:19:49Z,2026-07-23T18:19:49Z,0.0
OX4 1AG,SEPD,HV,1,TS1256,944,2026-07-23T18:19:49Z,2026-07-23T18:19:49Z,0.0
OX4 1AH,SEPD,HV,1,TS1256,944,2026-07-23T18:19:49Z,2026-07-23T18:19:49Z,0.0
OX4 1AJ,SEPD,HV,1,TS1256,944,2026-07-23T18:19:49Z,2026-07-23T18:19:49Z,0.0
OX4 1AL,SEPD,HV,1,TS1256,944,2026-07-23T18:19:49Z,2026-07-23T18:19:49Z,0.0
OX4 1AP,SEPD,HV,1,TS1256,944,2026-07-23T18:19:49Z,2026-07-23T18:19:49Z,0.0
OX4 1AQ,SEPD,HV,1,TS1256,944,2026-07-23T18:19:49Z,2026-07-23T18:19:49Z,0.0
OX4 1AR,SEPD,HV,1,TS1256,944,2026-07-23T18:19:49Z,2026-07-23T18:19:49Z,0.0
OX4 1AS,SEPD,HV,1,TS1256,944,2026-07-23T18:19:49Z,2026-07-23T18:19:49Z,0.0
OX4 1AT,SEPD,HV,1,TS1256,944,2026-07-23T18:19:49Z,2026-07-23T18:19:49Z,0.0
OX4 1AU,SEPD,HV,1,TS1256,944,2026-07-23T18:19:49Z,2026-07-23T18:19:49Z,0.0
OX4 1AW,SEPD,HV,1,TS1256,944,2026-07-23T18:19:49Z,2026-07-23T18:19:49Z,0.0
OX4 1AX,SEPD,HV,1,TS1256,944,2026-07-23T18:19:49Z,2026-07-23T18:19:49Z,0.0
OX4 1AY,SEPD,HV,1,TS1256,944,2026-07-23T18:19:49Z,2026-07-23T18:19:49Z,0.0
OX4 1AZ,SEPD,HV,1,TS1256,944,2026-07-23T18:19:49Z,2026-07-23T18:19:49Z,0.0
OX4 1BA,SEPD,HV,1,TS1256,944,2026-07-23T18:19:49Z,2026-07-23T18:19:49Z,0.0
OX4 1BD,SEPD,HV,1,TS1256,944,2026-07-23T18:19:49Z,2026-07-23T18:19:49Z,0.0
OX4 1BE,SEPD,HV,1,TS1256,944,2026-07-23T18:19:49Z,2026-07-23T18:19:49Z,0.0
OX4 1BG,SEPD,HV,1,TS1256,944,2026-07-23T18:19:49Z,2026-07-23T18:19:49Z,0.0
OX4 1BH,SEPD,HV,1,TS1256,944,2026-07-23T18:19:49Z,2026-07-23T18:19:49Z,0.0
OX4 1BJ,SEPD,HV,1,TS1256,944,2026-07-23T18:19:49Z,2026-07-23T18:19:49Z,0.0
OX4 1BL,SEPD,HV,1,TS1256,944,2026-07-23T18:19:49Z,2026-07-23T18:19:49Z,0.0
OX4 1BN,SEPD,HV,1,TS1256,944,2026-07-23T18:19:49Z,2026-07-23T18:19:49Z,0.0
OX4 1BQ,SEPD,HV,1,TS1256,944,2026-07-23T18:19:49Z,2026-07-23T18:19:49Z,0.0
OX4 1BW,SEPD,HV,1,TS1256,944,2026-07-23T18:19:49Z,2026-07-23T18:19:49Z,0.0
OX4 1BX,SEPD,HV,1,TS1256,944,2026-07-23T18:19:49Z,2026-07-23T18:19:49Z,0.0
OX4 1DL,SEPD,HV,1,TS1256,944,2026-07-23T18:19:49Z,2026-07-23T18:19:49Z,0.0
OX4 1DQ,SEPD,HV,1,TS1256,944,2026-07-23T18:19:49Z,2026-07-23T18:19:49Z,0.0
OX4 1DT,SEPD,HV,1,TS1256,944,2026-07-23T18:19:49Z,2026-07-23T18:19:49Z,0.0
OX4 1DW,SEPD,HV,1,TS1256,944,2026-07-23T18:19:49Z,2026-07-23T18:19:49Z,0.0
OX4 1FN,SEPD,HV,1,TS1256,944,2026-07-23T18:19:49Z,2026-07-23T18:19:49Z,0.0
OX4 1GF,SEPD,HV,1,TS1256,944,2026-07-23T18:19:49Z,2026-07-23T18:19:49Z,0.0
OX4 1GG,SEPD,HV,1,TS1256,944,2026-07-23T18:19:49Z,2026-07-23T18:19:49Z,0.0
OX4 1GJ,SEPD,HV,1,TS1256,944,2026-07-23T18:19:49Z,2026-07-23T18:19:49Z,0.0
OX4 1GQ,SEPD,HV,1,TS1256,944,2026-07-23T18:19:49Z,2026-07-23T18:19:49Z,0.0
OX4 1HP,SEPD,HV,1,TS1256,944,2026-07-23T18:19:49Z,2026-07-23T18:19:49Z,0.0
OX4 1HR,SEPD,HV,1,TS1256,944,2026-07-23T18:19:49Z,2026-07-23T18:19:49Z,0.0
OX4 1JB,SEPD,HV,1,TS1256,944,2026-07-23T18:19:49Z,2026-07-23T18:19:49Z,0.0
OX4 1JE,SEPD,HV,1,TS1256,944,2026-07-23T18:19:49Z,2026-07-23T18:19:49Z,0.0
OX4 1JL,SEPD,HV,1,TS1256,944,2026-07-23T18:19:49Z,2026-07-23T18:19:49Z,0.0
OX4 1JS,SEPD,HV,1,TS1256,944,2026-07-23T18:19:49Z,2026-07-23T18:19:49Z,0.0
OX4 1JW,SEPD,HV,1,TS1256,944,2026-07-23T18:19:49Z,2026-07-23T18:19:49Z,0.0
OX4 1LE,SEPD,HV,1,TS1256,944,2026-07-23T18:19:49Z,2026-07-23T18:19:49Z,0.0
OX4 1NE,SEPD,HV,1,TS1256,944,2026-07-23T18:19:49Z,2026-07-23T18:19:49Z,0.0
OX4 1UA,SEPD,HV,1,TS1256,944,2026-07-23T18:19:49Z,2026-07-23T18:19:49Z,0.0
OX4 1YL,SEPD,HV,1,TS1256,944,2026-07-23T18:19:49Z,2026-07-23T18:19:49Z,0.0
OX4 1YS,SEPD,HV,1,TS1256,944,2026-07-23T18:19:49Z,2026-07-23T18:19:49Z,0.0
OX4 2DN,SEPD,HV,1,TS1256,944,2026-07-23T18:19:49Z,2026-07-23T18:19:49Z,0.0
OX4 2HD,SEPD,LV,1,TR4539,17,2026-07-19T19:46:39Z,2026-07-19T19:46:39Z,0.0
OX4 2HH,SEPD,LV,1,TR4539,17,2026-07-19T19:46:39Z,2026-07-19T19:46:39Z,0.0
OX4 2NZ,SEPD,LV,1,TR4539,17,2026-07-19T19:46:39Z,2026-07-19T19:46:39Z,0.0
OX4 2PB,SEPD,LV,1,TR4539,17,2026-07-19T19:46:39Z,2026-07-19T19:46:39Z,0.0
OX4 2SG,SEPD,LV,1,TR4539,17,2026-07-19T19:46:39Z,2026-07-19T19:46:39Z,0.0
OX5 1JS,SEPD,HV,1,TR1253,262,2026-07-17T06:36:22Z,2026-07-17T06:36:22Z,0.0
OX5 2FU,SEPD,HV,1,TR1253,262,2026-07-17T06:36:22Z,2026-07-17T06:36:22Z,0.0
OX5 2GE,SEPD,HV,1,TR1253,262,2026-07-17T06:36:22Z,2026-07-17T06:36:22Z,0.0
OX5 2RB,SEPD,HV,1,TR1253,262,2026-07-17T06:36:22Z,2026-07-17T06:36:22Z,0.0
OX5 2RD,SEPD,HV,1,TR1253,262,2026-07-17T06:36:22Z,2026-07-17T06:36:22Z,0.0
OX5 2TA,SEPD,HV,1,TR1253,262,2026-07-17T06:36:22Z,2026-07-17T06:36:22Z,0.0
OX5 2TZ,SEPD,HV,1,TR1253,262,2026-07-17T06:36:22Z,2026-07-17T06:36:22Z,0.0
OX5 2UA,SEPD,HV,1,TR1253,262,2026-07-17T06:36:22Z,2026-07-17T06:36:22Z,0.0
OX5 2UB,SEPD,HV,1,TR1253,262,2026-07-17T06:36:22Z,2026-07-17T06:36:22Z,0.0
OX5 2UD,SEPD,HV,1,TR1253,262,2026-07-17T06:36:22Z,2026-07-17T06:36:22Z,0.0
OX5 2UE,SEPD,HV,1,TR1253,262,2026-07-17T06:36:22Z,2026-07-17T06:36:22Z,0.0
OX5 2UF,SEPD,HV,1,TR1253,262,2026-07-17T06:36:22Z,2026-07-17T06:36:22Z,0.0
OX5 2UG,SEPD,HV,1,TR1253,262,2026-07-17T06:36:22Z,2026-07-17T06:36:22Z,0.0
OX5 2UH,SEPD,HV,1,TR1253,262,2026-07-17T06:36:22Z,2026-07-17T06:36:22Z,0.0
OX5 2UJ,SEPD,HV,1,TR1253,262,2026-07-17T06:36:22Z,2026-07-17T06:36:22Z,0.0
OX5 2UL,SEPD,HV,1,TR1253,262,2026-07-17T06:36:22Z,2026-07-17T06:36:22Z,0.0
OX5 2UP,SEPD,HV,1,TR1253,262,2026-07-17T06:36:22Z,2026-07-17T06:36:22Z,0.0
OX5 2UQ,SEPD,HV,1,TR1253,262,2026-07-17T06:36:22Z,2026-07-17T06:36:22Z,0.0
OX5 2UR,SEPD,HV,1,TR1253,262,2026-07-17T06:36:22Z,2026-07-17T06:36:22Z,0.0
OX5 2US,SEPD,HV,1,TR1253,262,2026-07-17T06:36:22Z,2026-07-17T06:36:22Z,0.0
OX5 2UT,SEPD,HV,1,TR1253,262,2026-07-17T06:36:22Z,2026-07-17T06:36:22Z,0.0
OX7 6DA,SEPD,HV,1,TR7294,28,2026-07-21T13:04:34Z,2026-07-21T13:04:34Z,0.0
OX7 6DB,SEPD,HV,1,TR7294,28,2026-07-21T13:04:34Z,2026-07-21T13:04:34Z,0.0
OX7 6DG,SEPD,HV,1,TR7294,28,2026-07-21T13:04:34Z,2026-07-21T13:04:34Z,0.0
OX7 6DH,SEPD,HV,1,TR7294,28,2026-07-21T13:04:34Z,2026-07-21T13:04:34Z,0.0
OX7 6DJ,SEPD,HV,1,TR7294,28,2026-07-21T13:04:34Z,2026-07-21T13:04:34Z,0.0
OX7 6DN,SEPD,HV,1,TR7294,28,2026-07-21T13:04:34Z,2026-07-21T13:04:34Z,0.0
OX7 6DP,SEPD,HV,1,TR7294,28,2026-07-21T13:04:34Z,2026-07-21T13:04:34Z,0.0
OX7 6DQ,SEPD,HV,1,TR7294,28,2026-07-21T13:04:34Z,2026-07-21T13:04:34Z,0.0
OX7 6DR,SEPD,HV,1,TR7294,28,2026-07-21T13:04:34Z,2026-07-21T13:04:34Z,0.0
OX7 6DS,SEPD,HV,1,TR7294,28,2026-07-21T13:04:34Z,2026-07-21T13:04:34Z,0.0
OX7 6DT,SEPD,HV,1,TR7294,28,2026-07-21T13:04:34Z,2026-07-21T13:04:34Z,0.0
OX7 6DU,SEPD,HV,1,TR7294,28,2026-07-21T13:04:34Z,2026-07-21T13:04:34Z,0.0
OX7 6DW,SEPD,HV,1,TR7294,28,2026-07-21T13:04:34Z,2026-07-21T13:04:34Z,0.0
OX7 6DX,SEPD,HV,1,TR7294,28,2026-07-21T13:04:34Z,2026-07-21T13:04:34Z,0.0
OX7 6DY,SEPD,HV,1,TR7294,28,2026-07-21T13:04:34Z,2026-07-21T13:04:34Z,0.0
OX7 6DZ,SEPD,HV,1,TR7294,28,2026-07-21T13:04:34Z,2026-07-21T13:04:34Z,0.0
OX7 6EA,SEPD,HV,1,TR7294,28,2026-07-21T13:04:34Z,2026-07-21T13:04:34Z,0.0
OX7 6EH,SEPD,HV,1,TR7294,28,2026-07-21T13:04:34Z,2026-07-21T13:04:34Z,0.0
OX7 6EJ,SEPD,HV,1,TR7294,28,2026-07-21T13:04:34Z,2026-07-21T13:04:34Z,0.0
OX7 6FN,SEPD,HV,1,TR7294,28,2026-07-21T13:04:34Z,2026-07-21T13:04:34Z,0.0
OX7 6GG,SEPD,HV,1,TR7294,28,2026-07-21T13:04:34Z,2026-07-21T13:04:34Z,0.0
PA28,SHEPD,LV,1,TR9166,7,2026-07-22T12:51:44Z,2026-07-22T12:51:44Z,0.0
PA28 6QP,SHEPD,LV,1,TR9166,7,2026-07-22T12:51:44Z,2026-07-22T12:51:44Z,0.0
PA28 6QR,SHEPD,LV,1,TR2325,2,2026-07-17T21:08:18Z,2026-07-17T21:08:18Z,0.0
PA34 4UU,SHEPD,PSI,1,252025,12,2026-07-17T10:54:25Z,2026-07-17T10:54:25Z,0.0
PA72 6JP,SHEPD,LV,1,TR6091,2,2026-07-20T20:37:56Z,2026-07-20T20:37:56Z,0.0
PH15 2PB,SHEPD,LV,1,TR8002,3,2026-07-21T20:55:55Z,2026-07-21T20:55:55Z,0.0
PH2 7RE,SHEPD,HV,1,TR5862,2,2026-07-20T17:02:15Z,2026-07-20T17:02:15Z,0.0
PH21 1AD,SHEPD,HV,1,TR9433,83,2026-07-22T14:56:49Z,2026-07-22T14:56:49Z,0.0
PH21 1AG,SHEPD,HV,1,TR9433,83,2026-07-22T14:56:49Z,2026-07-22T14:56:49Z,0.0
PH21 1AH,SHEPD,HV,1,TR9433,83,2026-07-22T14:56:49Z,2026-07-22T14:56:49Z,0.0
PH21 1AJ,SHEPD,HV,1,TR9433,83,2026-07-22T14:56:49Z,2026-07-22T14:56:49Z,0.0
PH21 1LZ,SHEPD,HV,1,TR9433,83,2026-07-22T14:56:49Z,2026-07-22T14:56:49Z,0.0
PH21 1NA,SHEPD,HV,1,TR9433,83,2026-07-22T14:56:49Z,2026-07-22T14:56:49Z,0.0
PH21 1ND,SHEPD,HV,1,TR9433,83,2026-07-22T14:56:49Z,2026-07-22T14:56:49Z,0.0
PH21 1NT,SHEPD,HV,1,TR9433,83,2026-07-22T14:56:49Z,2026-07-22T14:56:49Z,0.0
PH22 1AL,SHEPD,HV,1,TR9433,83,2026-07-22T14:56:49Z,2026-07-22T14:56:49Z,0.0
PH22 1PF,SHEPD,HV,1,TR9433,83,2026-07-22T14:56:49Z,2026-07-22T14:56:49Z,0.0
PH22 1PZ,SHEPD,HV,1,TR9433,83,2026-07-22T14:56:49Z,2026-07-22T14:56:49Z,0.0
PH22 1QA,SHEPD,HV,1,TR9433,83,2026-07-22T14:56:49Z,2026-07-22T14:56:49Z,0.0
PH22 1QH,SHEPD,HV,1,TR9433,83,2026-07-22T14:56:49Z,2026-07-22T14:56:49Z,0.0
PH22 1QP,SHEPD,HV,1,TR9433,83,2026-07-22T14:56:49Z,2026-07-22T14:56:49Z,0.0
PH24 3BU,SHEPD,HV,1,TR9722,18,2026-07-22T20:18:47Z,2026-07-22T20:18:47Z,0.0
PH33 6AD,SHEPD,LV,1,TS1140,10,2026-07-23T15:26:04Z,2026-07-23T15:26:04Z,0.0
PH33 6BD,SHEPD,LV,1,TS1140,10,2026-07-23T15:26:04Z,2026-07-23T15:26:04Z,0.0
PH33 6BE,SHEPD,LV,1,TS1140,10,2026-07-23T15:26:04Z,2026-07-23T15:26:04Z,0.0
PH33 6DG,SHEPD,LV,1,TS1140,10,2026-07-23T15:26:04Z,2026-07-23T15:26:04Z,0.0
PH33 6DX,SHEPD,LV,1,TS1140,10,2026-07-23T15:26:04Z,2026-07-23T15:26:04Z,0.0
PH33 6EQ,SHEPD,LV,1,TS1140,10,2026-07-23T15:26:04Z,2026-07-23T15:26:04Z,0.0
PH33 6QX,SHEPD,LV,1,TS1140,10,2026-07-23T15:26:04Z,2026-07-23T15:26:04Z,0.0
PH33 6XG,SHEPD,LV,1,TS1140,10,2026-07-23T15:26:04Z,2026-07-23T15:26:04Z,0.0
PH33 7HL,SHEPD,LV,1,TR7324,8,2026-07-21T13:04:34Z,2026-07-21T13:04:34Z,0.0
PH33 7JB,SHEPD,LV,1,TR7324,8,2026-07-21T13:04:34Z,2026-07-21T13:04:34Z,0.0
PH33 7JF,SHEPD,LV,1,TR7324,8,2026-07-21T13:04:34Z,2026-07-21T13:04:34Z,0.0
PH33 7PQ,SHEPD,LV,1,TR7324,8,2026-07-21T13:04:34Z,2026-07-21T13:04:34Z,0.0
PH49 4HX,SHEPD,HV,1,TR3881,178,2026-07-19T12:41:51Z,2026-07-19T12:41:51Z,0.0
PH49 4LA,SHEPD,HV,1,TR3881,178,2026-07-19T12:41:51Z,2026-07-19T12:41:51Z,0.0
PO14 4SJ,SEPD,LV,1,TR8481,12,2026-07-22T09:04:22Z,2026-07-22T09:04:22Z,0.0
PO16 0BE,SEPD,LV,1,TR9459,3,2026-07-22T21:32:50Z,2026-07-22T21:32:50Z,0.0
PO16 7BQ,SEPD,HV,1,TR7682,77,2026-07-21T15:17:11Z,2026-07-21T15:17:11Z,0.0
PO16 8QP,SEPD,LV,1,TR9376,37,2026-07-22T14:56:49Z,2026-07-22T14:56:49Z,0.0
PO16 8QR,SEPD,LV,1,TR9376,37,2026-07-22T14:56:49Z,2026-07-22T14:56:49Z,0.0
PO16 8QS,SEPD,LV,1,TR9376,37,2026-07-22T14:56:49Z,2026-07-22T14:56:49Z,0.0
PO16 8TG,SEPD,LV,1,TR9376,37,2026-07-22T14:56:49Z,2026-07-22T14:56:49Z,0.0
PO16 8TQ,SEPD,LV,1,TR9376,37,2026-07-22T14:56:49Z,2026-07-22T14:56:49Z,0.0
PO16 8UE,SEPD,LV,1,TR3380,6,2026-07-19T01:04:52Z,2026-07-19T01:04:52Z,0.0
PO16 8UF,SEPD,LV,1,TR3380,6,2026-07-19T01:04:52Z,2026-07-19T01:04:52Z,0.0
PO17 6LD,SEPD,HV,1,TR7682,77,2026-07-21T15:17:11Z,2026-07-21T15:17:11Z,0.0
PO17 6LE,SEPD,HV,1,TR7682,77,2026-07-21T15:17:11Z,2026-07-21T15:17:11Z,0.0
PO17 6LF,SEPD,HV,1,TR7682,77,2026-07-21T15:17:11Z,2026-07-21T15:17:11Z,0.0
PO17 6LG,SEPD,HV,1,TR7682,77,2026-07-21T15:17:11Z,2026-07-21T15:17:11Z,0.0
PO17 6LH,SEPD,HV,1,TR7682,77,2026-07-21T15:17:11Z,2026-07-21T15:17:11Z,0.0
PO17 6LJ,SEPD,HV,1,TR7682,77,2026-07-21T15:17:11Z,2026-07-21T15:17:11Z,0.0
PO17 6LL,SEPD,HV,1,TR7682,77,2026-07-21T15:17:11Z,2026-07-21T15:17:11Z,0.0
PO17 6LQ,SEPD,HV,1,TR7682,77,2026-07-21T15:17:11Z,2026-07-21T15:17:11Z,0.0
PO18 0HH,SEPD,PSI,1,252777,7,2026-07-21T09:45:34Z,2026-07-21T09:45:34Z,0.0
PO19 1PL,SEPD,HV,1,TR3670,195,2026-07-19T07:14:43Z,2026-07-19T07:14:43Z,0.0
PO19 7AS,SEPD,LV,1,TR8762,20,2026-07-22T11:18:56Z,2026-07-22T11:18:56Z,0.0
PO19 7DB,SEPD,LV,1,TR8762,20,2026-07-22T11:18:56Z,2026-07-22T11:18:56Z,0.0
PO19 7EW,SEPD,LV,1,TR8762,20,2026-07-22T11:18:56Z,2026-07-22T11:18:56Z,0.0
PO19 7GJ,SEPD,LV,1,TR8762,20,2026-07-22T11:18:56Z,2026-07-22T11:18:56Z,0.0
PO19 7HS,SEPD,LV,1,TR8762,20,2026-07-22T11:18:56Z,2026-07-22T11:18:56Z,0.0
PO19 7HU,SEPD,LV,1,TR8762,20,2026-07-22T11:18:56Z,2026-07-22T11:18:56Z,0.0
PO19 7HY,SEPD,LV,1,TR8762,20,2026-07-22T11:18:56Z,2026-07-22T11:18:56Z,0.0
PO19 7HZ,SEPD,LV,1,TR8762,20,2026-07-22T11:18:56Z,2026-07-22T11:18:56Z,0.0
PO19 7YH,SEPD,HV,1,TR3670,195,2026-07-19T07:14:43Z,2026-07-19T07:14:43Z,0.0
PO20 1BE,SEPD,HV,1,TR3670,195,2026-07-19T07:14:43Z,2026-07-19T07:14:43Z,0.0
PO20 1DY,SEPD,HV,1,TR3670,195,2026-07-19T07:14:43Z,2026-07-19T07:14:43Z,0.0
PO20 1DZ,SEPD,HV,1,TR3670,195,2026-07-19T07:14:43Z,2026-07-19T07:14:43Z,0.0
PO20 1EA,SEPD,HV,1,TR3670,195,2026-07-19T07:14:43Z,2026-07-19T07:14:43Z,0.0
PO20 1EB,SEPD,HV,1,TR3670,195,2026-07-19T07:14:43Z,2026-07-19T07:14:43Z,0.0
PO20 1ED,SEPD,HV,1,TR3670,195,2026-07-19T07:14:43Z,2026-07-19T07:14:43Z,0.0
PO20 1EE,SEPD,HV,1,TR3670,195,2026-07-19T07:14:43Z,2026-07-19T07:14:43Z,0.0
PO20 1EF,SEPD,HV,1,TR3670,195,2026-07-19T07:14:43Z,2026-07-19T07:14:43Z,0.0
PO20 1EG,SEPD,HV,1,TR3670,195,2026-07-19T07:14:43Z,2026-07-19T07:14:43Z,0.0
PO20 1EH,SEPD,HV,1,TR3670,195,2026-07-19T07:14:43Z,2026-07-19T07:14:43Z,0.0
PO20 1EL,SEPD,HV,1,TR3670,195,2026-07-19T07:14:43Z,2026-07-19T07:14:43Z,0.0
PO20 1EQ,SEPD,HV,1,TR3670,195,2026-07-19T07:14:43Z,2026-07-19T07:14:43Z,0.0
PO20 1NW,SEPD,HV,1,TR3670,195,2026-07-19T07:14:43Z,2026-07-19T07:14:43Z,0.0
PO20 2AA,SEPD,HV,1,TR3670,195,2026-07-19T07:14:43Z,2026-07-19T07:14:43Z,0.0
PO20 2AD,SEPD,HV,1,TR3670,195,2026-07-19T07:14:43Z,2026-07-19T07:14:43Z,0.0
PO20 2AE,SEPD,HV,1,TR3670,195,2026-07-19T07:14:43Z,2026-07-19T07:14:43Z,0.0
PO20 2AF,SEPD,HV,1,TR3670,195,2026-07-19T07:14:43Z,2026-07-19T07:14:43Z,0.0
PO20 2AJ,SEPD,HV,1,TR3670,195,2026-07-19T07:14:43Z,2026-07-19T07:14:43Z,0.0
PO20 2AW,SEPD,HV,1,TR3670,195,2026-07-19T07:14:43Z,2026-07-19T07:14:43Z,0.0
PO20 2AY,SEPD,HV,1,TR3670,195,2026-07-19T07:14:43Z,2026-07-19T07:14:43Z,0.0
PO20 2AZ,SEPD,HV,1,TR3670,195,2026-07-19T07:14:43Z,2026-07-19T07:14:43Z,0.0
PO20 2BA,SEPD,HV,1,TR3670,195,2026-07-19T07:14:43Z,2026-07-19T07:14:43Z,0.0
PO20 2BG,SEPD,HV,1,TR3670,195,2026-07-19T07:14:43Z,2026-07-19T07:14:43Z,0.0
PO20 2BH,SEPD,HV,1,TR3670,195,2026-07-19T07:14:43Z,2026-07-19T07:14:43Z,0.0
PO20 2BL,SEPD,HV,1,TR3670,195,2026-07-19T07:14:43Z,2026-07-19T07:14:43Z,0.0
PO20 2BN,SEPD,HV,1,TR3670,195,2026-07-19T07:14:43Z,2026-07-19T07:14:43Z,0.0
PO20 2BQ,SEPD,HV,1,TR3670,195,2026-07-19T07:14:43Z,2026-07-19T07:14:43Z,0.0
PO20 2BS,SEPD,HV,1,TR3670,195,2026-07-19T07:14:43Z,2026-07-19T07:14:43Z,0.0
PO20 2EJ,SEPD,HV,1,TR3670,195,2026-07-19T07:14:43Z,2026-07-19T07:14:43Z,0.0
PO20 2EL,SEPD,HV,1,TR3670,195,2026-07-19T07:14:43Z,2026-07-19T07:14:43Z,0.0
PO20 2EN,SEPD,HV,1,TR3670,195,2026-07-19T07:14:43Z,2026-07-19T07:14:43Z,0.0
PO20 2EP,SEPD,HV,1,TR3670,195,2026-07-19T07:14:43Z,2026-07-19T07:14:43Z,0.0
PO20 2EQ,SEPD,HV,1,TR3670,195,2026-07-19T07:14:43Z,2026-07-19T07:14:43Z,0.0
PO20 2EU,SEPD,HV,1,TR3670,195,2026-07-19T07:14:43Z,2026-07-19T07:14:43Z,0.0
PO20 2EW,SEPD,HV,1,TR3670,195,2026-07-19T07:14:43Z,2026-07-19T07:14:43Z,0.0
PO20 2GD,SEPD,HV,1,TR3670,195,2026-07-19T07:14:43Z,2026-07-19T07:14:43Z,0.0
PO20 2GE,SEPD,HV,1,TR3670,195,2026-07-19T07:14:43Z,2026-07-19T07:14:43Z,0.0
PO20 2GF,SEPD,HV,1,TR3670,195,2026-07-19T07:14:43Z,2026-07-19T07:14:43Z,0.0
PO20 2GJ,SEPD,HV,1,TR3670,195,2026-07-19T07:14:43Z,2026-07-19T07:14:43Z,0.0
PO20 2GL,SEPD,HV,1,TR3670,195,2026-07-19T07:14:43Z,2026-07-19T07:14:43Z,0.0
PO20 2GN,SEPD,HV,1,TR3670,195,2026-07-19T07:14:43Z,2026-07-19T07:14:43Z,0.0
PO20 2GU,SEPD,HV,1,TR3670,195,2026-07-19T07:14:43Z,2026-07-19T07:14:43Z,0.0
PO20 2GX,SEPD,HV,1,TR3670,195,2026-07-19T07:14:43Z,2026-07-19T07:14:43Z,0.0
PO20 2JG,SEPD,HV,1,TR3670,195,2026-07-19T07:14:43Z,2026-07-19T07:14:43Z,0.0
PO20 2JJ,SEPD,HV,1,TR3670,195,2026-07-19T07:14:43Z,2026-07-19T07:14:43Z,0.0
PO20 2JL,SEPD,HV,1,TR3670,195,2026-07-19T07:14:43Z,2026-07-19T07:14:43Z,0.0
PO20 2JN,SEPD,HV,1,TR3670,195,2026-07-19T07:14:43Z,2026-07-19T07:14:43Z,0.0
PO20 2JP,SEPD,HV,1,TR3670,195,2026-07-19T07:14:43Z,2026-07-19T07:14:43Z,0.0
PO20 2JQ,SEPD,HV,1,TR3670,195,2026-07-19T07:14:43Z,2026-07-19T07:14:43Z,0.0
PO20 2JR,SEPD,HV,1,TR3670,195,2026-07-19T07:14:43Z,2026-07-19T07:14:43Z,0.0
PO20 2JS,SEPD,HV,1,TR3670,195,2026-07-19T07:14:43Z,2026-07-19T07:14:43Z,0.0
PO20 2JT,SEPD,HV,1,TR3670,195,2026-07-19T07:14:43Z,2026-07-19T07:14:43Z,0.0
PO20 2JU,SEPD,HV,1,TR3670,195,2026-07-19T07:14:43Z,2026-07-19T07:14:43Z,0.0
PO20 2JW,SEPD,HV,1,TR3670,195,2026-07-19T07:14:43Z,2026-07-19T07:14:43Z,0.0
PO20 2JX,SEPD,HV,1,TR3670,195,2026-07-19T07:14:43Z,2026-07-19T07:14:43Z,0.0
PO20 2JY,SEPD,HV,1,TR3670,195,2026-07-19T07:14:43Z,2026-07-19T07:14:43Z,0.0
PO20 2JZ,SEPD,HV,1,TR3670,195,2026-07-19T07:14:43Z,2026-07-19T07:14:43Z,0.0
PO20 2LD,SEPD,HV,1,TR3670,195,2026-07-19T07:14:43Z,2026-07-19T07:14:43Z,0.0
PO20 2LE,SEPD,HV,1,TR3670,195,2026-07-19T07:14:43Z,2026-07-19T07:14:43Z,0.0
PO20 2LF,SEPD,HV,1,TR3670,195,2026-07-19T07:14:43Z,2026-07-19T07:14:43Z,0.0
PO20 2LH,SEPD,HV,1,TR3670,195,2026-07-19T07:14:43Z,2026-07-19T07:14:43Z,0.0
PO20 2LJ,SEPD,HV,1,TR3670,195,2026-07-19T07:14:43Z,2026-07-19T07:14:43Z,0.0
PO20 2NZ,SEPD,HV,1,TR3670,195,2026-07-19T07:14:43Z,2026-07-19T07:14:43Z,0.0
PO20 2PB,SEPD,HV,1,TR3670,195,2026-07-19T07:14:43Z,2026-07-19T07:14:43Z,0.0
PO20 7AE,SEPD,LV,1,TR5657,21,2026-07-20T15:24:46Z,2026-07-20T15:24:46Z,0.0
PO20 7AG,SEPD,LV,1,TR5657,21,2026-07-20T15:24:46Z,2026-07-20T15:24:46Z,0.0
PO20 7AH,SEPD,LV,1,TR5657,21,2026-07-20T15:24:46Z,2026-07-20T15:24:46Z,0.0
PO20 7AL,SEPD,LV,1,TR5657,21,2026-07-20T15:24:46Z,2026-07-20T15:24:46Z,0.0
PO20 7AN,SEPD,LV,1,TR5657,21,2026-07-20T15:24:46Z,2026-07-20T15:24:46Z,0.0
PO20 7AQ,SEPD,LV,1,TR5657,21,2026-07-20T15:24:46Z,2026-07-20T15:24:46Z,0.0
PO20 7AW,SEPD,LV,1,TR5657,21,2026-07-20T15:24:46Z,2026-07-20T15:24:46Z,0.0
PO20 7BD,SEPD,LV,1,TR5657,21,2026-07-20T15:24:46Z,2026-07-20T15:24:46Z,0.0
PO20 7DD,SEPD,LV,1,TR5657,21,2026-07-20T15:24:46Z,2026-07-20T15:24:46Z,0.0
PO21 5RD,SEPD,LV,1,TR8517,19,2026-07-22T09:04:22Z,2026-07-22T09:04:22Z,0.0
PO21 5SR,SEPD,LV,1,TR8517,19,2026-07-22T09:04:22Z,2026-07-22T09:04:22Z,0.0
PO22 0EF,SEPD,LV,1,TR7622,6,2026-07-21T15:17:11Z,2026-07-21T15:17:11Z,0.0
PO22 0HL,SEPD,LV,1,TR7622,6,2026-07-21T15:17:11Z,2026-07-21T15:17:11Z,0.0
PO33 3TY,SEPD,LV,1,TR3782,26,2026-07-19T10:50:39Z,2026-07-19T10:50:39Z,0.0
PO33 3TZ,SEPD,LV,1,TR3782,26,2026-07-19T10:50:39Z,2026-07-19T10:50:39Z,0.0
PO33 3UH,SEPD,LV,1,TR3782,26,2026-07-19T10:50:39Z,2026-07-19T10:50:39Z,0.0
PO33 3UJ,SEPD,LV,1,TR3782,26,2026-07-19T10:50:39Z,2026-07-19T10:50:39Z,0.0
PO33 3UL,SEPD,LV,1,TR3782,26,2026-07-19T10:50:39Z,2026-07-19T10:50:39Z,0.0
PO40 9BH,SEPD,HV,1,TR3262,214,2026-07-18T20:33:56Z,2026-07-18T20:33:56Z,0.0
PO40 9BJ,SEPD,HV,1,TR3262,214,2026-07-18T20:33:56Z,2026-07-18T20:33:56Z,0.0
PO40 9BL,SEPD,HV,1,TR3262,214,2026-07-18T20:33:56Z,2026-07-18T20:33:56Z,0.0
PO40 9BN,SEPD,HV,1,TR3262,214,2026-07-18T20:33:56Z,2026-07-18T20:33:56Z,0.0
PO40 9BP,SEPD,HV,1,TR3262,214,2026-07-18T20:33:56Z,2026-07-18T20:33:56Z,0.0
PO40 9BS,SEPD,HV,1,TR3262,214,2026-07-18T20:33:56Z,2026-07-18T20:33:56Z,0.0
PO40 9BT,SEPD,HV,1,TR3262,214,2026-07-18T20:33:56Z,2026-07-18T20:33:56Z,0.0
PO40 9BU,SEPD,HV,1,TR3262,214,2026-07-18T20:33:56Z,2026-07-18T20:33:56Z,0.0
PO40 9BW,SEPD,HV,1,TR3262,214,2026-07-18T20:33:56Z,2026-07-18T20:33:56Z,0.0
PO40 9BX,SEPD,HV,1,TR3262,214,2026-07-18T20:33:56Z,2026-07-18T20:33:56Z,0.0
PO40 9BY,SEPD,HV,1,TR3262,214,2026-07-18T20:33:56Z,2026-07-18T20:33:56Z,0.0
PO40 9BZ,SEPD,HV,1,TR3262,214,2026-07-18T20:33:56Z,2026-07-18T20:33:56Z,0.0
PO40 9DA,SEPD,HV,1,TR3262,214,2026-07-18T20:33:56Z,2026-07-18T20:33:56Z,0.0
PO40 9DB,SEPD,HV,1,TR3262,214,2026-07-18T20:33:56Z,2026-07-18T20:33:56Z,0.0
PO40 9DD,SEPD,HV,1,TR3262,214,2026-07-18T20:33:56Z,2026-07-18T20:33:56Z,0.0
PO40 9DE,SEPD,HV,1,TR3262,214,2026-07-18T20:33:56Z,2026-07-18T20:33:56Z,0.0
PO40 9DF,SEPD,HV,1,TR3262,214,2026-07-18T20:33:56Z,2026-07-18T20:33:56Z,0.0
PO40 9DG,SEPD,HV,1,TR3262,214,2026-07-18T20:33:56Z,2026-07-18T20:33:56Z,0.0
PO40 9DH,SEPD,HV,1,TR3262,214,2026-07-18T20:33:56Z,2026-07-18T20:33:56Z,0.0
PO40 9DJ,SEPD,HV,1,TR3262,214,2026-07-18T20:33:56Z,2026-07-18T20:33:56Z,0.0
PO40 9DL,SEPD,HV,1,TR3262,214,2026-07-18T20:33:56Z,2026-07-18T20:33:56Z,0.0
PO40 9DN,SEPD,HV,1,TR3262,214,2026-07-18T20:33:56Z,2026-07-18T20:33:56Z,0.0
PO40 9DQ,SEPD,HV,1,TR3262,214,2026-07-18T20:33:56Z,2026-07-18T20:33:56Z,0.0
PO40 9FG,SEPD,HV,1,TR3262,214,2026-07-18T20:33:56Z,2026-07-18T20:33:56Z,0.0
PO40 9GA,SEPD,HV,1,TR3262,214,2026-07-18T20:33:56Z,2026-07-18T20:33:56Z,0.0
PO40 9GB,SEPD,HV,1,TR3262,214,2026-07-18T20:33:56Z,2026-07-18T20:33:56Z,0.0
PO40 9TA,SEPD,HV,1,TR3262,214,2026-07-18T20:33:56Z,2026-07-18T20:33:56Z,0.0
PO40 9TH,SEPD,HV,1,TR3262,214,2026-07-18T20:33:56Z,2026-07-18T20:33:56Z,0.0
PO40 9TJ,SEPD,HV,1,TR3262,214,2026-07-18T20:33:56Z,2026-07-18T20:33:56Z,0.0
PO40 9TL,SEPD,HV,1,TR3262,214,2026-07-18T20:33:56Z,2026-07-18T20:33:56Z,0.0
PO40 9TN,SEPD,HV,1,TR3262,214,2026-07-18T20:33:56Z,2026-07-18T20:33:56Z,0.0
PO40 9TP,SEPD,HV,1,TR3262,214,2026-07-18T20:33:56Z,2026-07-18T20:33:56Z,0.0
PO40 9TQ,SEPD,HV,1,TR3262,214,2026-07-18T20:33:56Z,2026-07-18T20:33:56Z,0.0
PO40 9TW,SEPD,HV,1,TR3262,214,2026-07-18T20:33:56Z,2026-07-18T20:33:56Z,0.0
PO40 9UD,SEPD,HV,1,TR3262,214,2026-07-18T20:33:56Z,2026-07-18T20:33:56Z,0.0
PO40 9UE,SEPD,HV,1,TR3262,214,2026-07-18T20:33:56Z,2026-07-18T20:33:56Z,0.0
PO40 9UF,SEPD,HV,1,TR3262,214,2026-07-18T20:33:56Z,2026-07-18T20:33:56Z,0.0
PO40 9UG,SEPD,HV,1,TR3262,214,2026-07-18T20:33:56Z,2026-07-18T20:33:56Z,0.0
PO40 9UQ,SEPD,HV,1,TR3262,214,2026-07-18T20:33:56Z,2026-07-18T20:33:56Z,0.0
PO40 9UX,SEPD,HV,1,TR3262,214,2026-07-18T20:33:56Z,2026-07-18T20:33:56Z,0.0
PO41 0LB,SEPD,HV,1,TR3262,214,2026-07-18T20:33:56Z,2026-07-18T20:33:56Z,0.0
PO41 0NA,SEPD,HV,1,TR3262,214,2026-07-18T20:33:56Z,2026-07-18T20:33:56Z,0.0
PO41 0NB,SEPD,HV,1,TR3262,214,2026-07-18T20:33:56Z,2026-07-18T20:33:56Z,0.0
PO41 0QP,SEPD,HV,1,TR3262,214,2026-07-18T20:33:56Z,2026-07-18T20:33:56Z,0.0
PO41 0QR,SEPD,HV,1,TR3262,214,2026-07-18T20:33:56Z,2026-07-18T20:33:56Z,0.0
PO41 0QS,SEPD,HV,1,TR3262,214,2026-07-18T20:33:56Z,2026-07-18T20:33:56Z,0.0
PO41 0QT,SEPD,HV,1,TR3262,214,2026-07-18T20:33:56Z,2026-07-18T20:33:56Z,0.0
PO41 0QU,SEPD,HV,1,TR3262,214,2026-07-18T20:33:56Z,2026-07-18T20:33:56Z,0.0
PO41 0QX,SEPD,HV,1,TR3262,214,2026-07-18T20:33:56Z,2026-07-18T20:33:56Z,0.0
PO41 0QY,SEPD,HV,1,TR3262,214,2026-07-18T20:33:56Z,2026-07-18T20:33:56Z,0.0
PO41 0QZ,SEPD,HV,1,TR3262,214,2026-07-18T20:33:56Z,2026-07-18T20:33:56Z,0.0
PO41 0RE,SEPD,HV,1,TR3262,214,2026-07-18T20:33:56Z,2026-07-18T20:33:56Z,0.0
PO41 0RH,SEPD,HV,1,TR3262,214,2026-07-18T20:33:56Z,2026-07-18T20:33:56Z,0.0
PO41 0RJ,SEPD,HV,1,TR3262,214,2026-07-18T20:33:56Z,2026-07-18T20:33:56Z,0.0
PO41 0RR,SEPD,HV,1,TR3262,214,2026-07-18T20:33:56Z,2026-07-18T20:33:56Z,0.0
PO41 0SA,SEPD,HV,1,TR3262,214,2026-07-18T20:33:56Z,2026-07-18T20:33:56Z,0.0
PO41 0SJ,SEPD,HV,1,TR3262,214,2026-07-18T20:33:56Z,2026-07-18T20:33:56Z,0.0
PO41 0SL,SEPD,HV,1,TR3262,214,2026-07-18T20:33:56Z,2026-07-18T20:33:56Z,0.0
PO41 0UH,SEPD,HV,1,TR3262,214,2026-07-18T20:33:56Z,2026-07-18T20:33:56Z,0.0
PO41 0YJ,SEPD,HV,1,TR3262,214,2026-07-18T20:33:56Z,2026-07-18T20:33:56Z,0.0
PO6 3JR,SEPD,LV,1,TS1306,6,2026-07-23T20:51:41Z,2026-07-23T20:51:41Z,0.0
PO6 3JS,SEPD,LV,1,TS1306,6,2026-07-23T20:51:41Z,2026-07-23T20:51:41Z,0.0
PO6 3JU,SEPD,LV,1,TS1306,6,2026-07-23T20:51:41Z,2026-07-23T20:51:41Z,0.0
PO6 3JY,SEPD,LV,1,TS1306,6,2026-07-23T20:51:41Z,2026-07-23T20:51:41Z,0.0
PO6 3QT,SEPD,LV,1,TS1306,6,2026-07-23T20:51:41Z,2026-07-23T20:51:41Z,0.0
PO6 3QX,SEPD,LV,1,TS1306,6,2026-07-23T20:51:41Z,2026-07-23T20:51:41Z,0.0
PO6 3QY,SEPD,LV,1,TS1306,6,2026-07-23T20:51:41Z,2026-07-23T20:51:41Z,0.0
PO6 3QZ,SEPD,LV,1,TS1306,6,2026-07-23T20:51:41Z,2026-07-23T20:51:41Z,0.0
PO6 3RE,SEPD,LV,1,TS1306,6,2026-07-23T20:51:41Z,2026-07-23T20:51:41Z,0.0
PO6 3RQ,SEPD,LV,1,TS1306,6,2026-07-23T20:51:41Z,2026-07-23T20:51:41Z,0.0
PO6 3RT,SEPD,LV,1,TS1306,6,2026-07-23T20:51:41Z,2026-07-23T20:51:41Z,0.0
PO6 3YB,SEPD,LV,1,TS1306,6,2026-07-23T20:51:41Z,2026-07-23T20:51:41Z,0.0
PO7 4AB,SEPD,LV,1,TR9063,7,2026-07-22T14:56:49Z,2026-07-22T14:56:49Z,0.0
PO7 4RB,SEPD,HV,1,TR7682,77,2026-07-21T15:17:11Z,2026-07-21T15:17:11Z,0.0
PO7 4RD,SEPD,HV,1,TR7682,77,2026-07-21T15:17:11Z,2026-07-21T15:17:11Z,0.0
PO7 4RE,SEPD,HV,1,TR7682,77,2026-07-21T15:17:11Z,2026-07-21T15:17:11Z,0.0
PO7 4RF,SEPD,HV,1,TR7682,77,2026-07-21T15:17:11Z,2026-07-21T15:17:11Z,0.0
PO7 4RG,SEPD,HV,1,TR7682,77,2026-07-21T15:17:11Z,2026-07-21T15:17:11Z,0.0
PO7 4RQ,SEPD,HV,1,TR7682,77,2026-07-21T15:17:11Z,2026-07-21T15:17:11Z,0.0
PO7 4RY,SEPD,LV,1,TR9063,7,2026-07-22T14:56:49Z,2026-07-22T14:56:49Z,0.0
PO7 4RZ,SEPD,LV,1,TR9063,7,2026-07-22T14:56:49Z,2026-07-22T14:56:49Z,0.0
PO7 4SA,SEPD,LV,1,TR9063,7,2026-07-22T14:56:49Z,2026-07-22T14:56:49Z,0.0
PO7 4SR,SEPD,HV,1,TR7682,77,2026-07-21T15:17:11Z,2026-07-21T15:17:11Z,0.0
PO7 5TD,SEPD,LV,1,TS0999,10,2026-07-23T18:19:49Z,2026-07-23T18:19:49Z,0.0
PO7 6JN,SEPD,LV,1,TR9063,7,2026-07-22T14:56:49Z,2026-07-22T14:56:49Z,0.0
RG1 5LH,SEPD,LV,1,TR1829,83,2026-07-17T12:16:58Z,2026-07-17T12:16:58Z,0.0
RG1 5LU,SEPD,LV,1,TR1829,83,2026-07-17T12:16:58Z,2026-07-17T12:16:58Z,0.0
RG1 5NB,SEPD,LV,1,TR1829,83,2026-07-17T12:16:58Z,2026-07-17T12:16:58Z,0.0
RG1 5ND,SEPD,LV,1,TR1829,83,2026-07-17T12:16:58Z,2026-07-17T12:16:58Z,0.0
RG1 5NE,SEPD,LV,1,TR1829,83,2026-07-17T12:16:58Z,2026-07-17T12:16:58Z,0.0
RG1 5NG,SEPD,LV,1,TR1829,83,2026-07-17T12:16:58Z,2026-07-17T12:16:58Z,0.0
RG1 5NL,SEPD,LV,1,TR1829,83,2026-07-17T12:16:58Z,2026-07-17T12:16:58Z,0.0
RG1 5NN,SEPD,LV,1,TR1829,83,2026-07-17T12:16:58Z,2026-07-17T12:16:58Z,0.0
RG1 5NP,SEPD,LV,1,TR1829,83,2026-07-17T12:16:58Z,2026-07-17T12:16:58Z,0.0
RG1 5NQ,SEPD,LV,1,TR1829,83,2026-07-17T12:16:58Z,2026-07-17T12:16:58Z,0.0
RG1 5NR,SEPD,LV,1,TR1829,83,2026-07-17T12:16:58Z,2026-07-17T12:16:58Z,0.0
RG1 5QY,SEPD,LV,1,TR1829,83,2026-07-17T12:16:58Z,2026-07-17T12:16:58Z,0.0
RG1 5SA,SEPD,LV,1,TR1829,83,2026-07-17T12:16:58Z,2026-07-17T12:16:58Z,0.0
RG1 5SB,SEPD,LV,1,TR1829,83,2026-07-17T12:16:58Z,2026-07-17T12:16:58Z,0.0
RG1 5SD,SEPD,LV,1,TR1829,83,2026-07-17T12:16:58Z,2026-07-17T12:16:58Z,0.0
RG12 7WF,SEPD,LV,1,TR5788,20,2026-07-20T15:24:46Z,2026-07-20T15:24:46Z,0.0
RG12 7WL,SEPD,LV,1,TR5788,20,2026-07-20T15:24:46Z,2026-07-20T15:24:46Z,0.0
RG14 6AD,SEPD,LV,1,TR5786,13,2026-07-20T15:24:46Z,2026-07-20T15:24:46Z,0.0
RG14 6AG,SEPD,LV,1,TR5786,13,2026-07-20T15:24:46Z,2026-07-20T15:24:46Z,0.0
RG14 6AH,SEPD,LV,1,TR5786,13,2026-07-20T15:24:46Z,2026-07-20T15:24:46Z,0.0
RG14 6BH,SEPD,LV,1,TR5786,13,2026-07-20T15:24:46Z,2026-07-20T15:24:46Z,0.0
RG14 6BJ,SEPD,LV,1,TR5786,13,2026-07-20T15:24:46Z,2026-07-20T15:24:46Z,0.0
RG17 7TJ,SEPD,HV,1,TR1105,16,2026-07-17T04:23:26Z,2026-07-17T04:23:26Z,0.0
RG17 7TR,SEPD,HV,1,TR1105,16,2026-07-17T04:23:26Z,2026-07-17T04:23:26Z,0.0
RG19 3TG,SEPD,LV,1,TR3830,20,2026-07-19T11:47:16Z,2026-07-19T11:47:16Z,0.0
RG19 3TQ,SEPD,LV,1,TR3830,20,2026-07-19T11:47:16Z,2026-07-19T11:47:16Z,0.0
RG19 3TT,SEPD,LV,1,TR3830,20,2026-07-19T11:47:16Z,2026-07-19T11:47:16Z,0.0
RG19 3TU,SEPD,LV,1,TR3830,20,2026-07-19T11:47:16Z,2026-07-19T11:47:16Z,0.0
RG19 3TY,SEPD,LV,1,TR3830,20,2026-07-19T11:47:16Z,2026-07-19T11:47:16Z,0.0
RG19 3UR,SEPD,LV,1,TR3830,20,2026-07-19T11:47:16Z,2026-07-19T11:47:16Z,0.0
RG19 3UT,SEPD,LV,1,TR3830,20,2026-07-19T11:47:16Z,2026-07-19T11:47:16Z,0.0
RG19 3UW,SEPD,LV,1,TR3830,20,2026-07-19T11:47:16Z,2026-07-19T11:47:16Z,0.0
RG21 4FL,SEPD,HV,1,TR9881,582,2026-07-22T22:38:03Z,2026-07-22T22:38:03Z,0.0
RG21 4FR,SEPD,HV,1,TR9881,582,2026-07-22T22:38:03Z,2026-07-22T22:38:03Z,0.0
RG21 4HE,SEPD,HV,1,TR9881,582,2026-07-22T22:38:03Z,2026-07-22T22:38:03Z,0.0
RG21 4HU,SEPD,HV,1,TR9881,582,2026-07-22T22:38:03Z,2026-07-22T22:38:03Z,0.0
RG21 4HX,SEPD,HV,1,TR9881,582,2026-07-22T22:38:03Z,2026-07-22T22:38:03Z,0.0
RG21 4HY,SEPD,HV,1,TR9881,582,2026-07-22T22:38:03Z,2026-07-22T22:38:03Z,0.0
RG21 4JB,SEPD,HV,1,TR9881,582,2026-07-22T22:38:03Z,2026-07-22T22:38:03Z,0.0
RG21 4JF,SEPD,HV,1,TR9881,582,2026-07-22T22:38:03Z,2026-07-22T22:38:03Z,0.0
RG21 4JH,SEPD,HV,1,TR9881,582,2026-07-22T22:38:03Z,2026-07-22T22:38:03Z,0.0
RG21 4JN,SEPD,HV,1,TR9881,582,2026-07-22T22:38:03Z,2026-07-22T22:38:03Z,0.0
RG21 4RN,SEPD,HV,1,TR9881,582,2026-07-22T22:38:03Z,2026-07-22T22:38:03Z,0.0
RG21 4RW,SEPD,HV,1,TR9881,582,2026-07-22T22:38:03Z,2026-07-22T22:38:03Z,0.0
RG21 5JR,SEPD,HV,1,TR9881,582,2026-07-22T22:38:03Z,2026-07-22T22:38:03Z,0.0
RG21 5JS,SEPD,HV,1,TR9881,582,2026-07-22T22:38:03Z,2026-07-22T22:38:03Z,0.0
RG21 5JY,SEPD,HV,1,TR9881,582,2026-07-22T22:38:03Z,2026-07-22T22:38:03Z,0.0
RG21 5LF,SEPD,HV,1,TR9881,582,2026-07-22T22:38:03Z,2026-07-22T22:38:03Z,0.0
RG21 5LT,SEPD,HV,1,TR9881,582,2026-07-22T22:38:03Z,2026-07-22T22:38:03Z,0.0
RG21 5LU,SEPD,HV,1,TR9881,582,2026-07-22T22:38:03Z,2026-07-22T22:38:03Z,0.0
RG21 5RP,SEPD,LV,1,TR8552,18,2026-07-22T09:04:22Z,2026-07-22T09:04:22Z,0.0
RG21 8WE,SEPD,LV,1,TQ4056,48,2026-07-21T01:10:47Z,2026-07-21T01:10:47Z,0.0
RG21 8XR,SEPD,LV,1,TQ4056,48,2026-07-21T01:10:47Z,2026-07-21T01:10:47Z,0.0
RG21 8YE,SEPD,LV,1,TQ4056,48,2026-07-21T01:10:47Z,2026-07-21T01:10:47Z,0.0
RG21 8YF,SEPD,LV,1,TQ4056,48,2026-07-21T01:10:47Z,2026-07-21T01:10:47Z,0.0
RG21 8YG,SEPD,LV,1,TQ4056,48,2026-07-21T01:10:47Z,2026-07-21T01:10:47Z,0.0
RG21 8YH,SEPD,LV,1,TQ4056,48,2026-07-21T01:10:47Z,2026-07-21T01:10:47Z,0.0
RG21 8YJ,SEPD,LV,1,TQ4056,48,2026-07-21T01:10:47Z,2026-07-21T01:10:47Z,0.0
RG21 8YL,SEPD,LV,1,TQ4056,48,2026-07-21T01:10:47Z,2026-07-21T01:10:47Z,0.0
RG21 8YN,SEPD,LV,1,TQ4056,48,2026-07-21T01:10:47Z,2026-07-21T01:10:47Z,0.0
RG21 8YP,SEPD,LV,1,TQ4056,48,2026-07-21T01:10:47Z,2026-07-21T01:10:47Z,0.0
RG21 8YQ,SEPD,LV,1,TQ4056,48,2026-07-21T01:10:47Z,2026-07-21T01:10:47Z,0.0
RG21 8YR,SEPD,LV,1,TQ4056,48,2026-07-21T01:10:47Z,2026-07-21T01:10:47Z,0.0
RG21 8YS,SEPD,LV,1,TQ4056,48,2026-07-21T01:10:47Z,2026-07-21T01:10:47Z,0.0
RG21 8YT,SEPD,LV,1,TQ4056,48,2026-07-21T01:10:47Z,2026-07-21T01:10:47Z,0.0
RG21 8YW,SEPD,LV,1,TQ4056,48,2026-07-21T01:10:47Z,2026-07-21T01:10:47Z,0.0
RG22 4LX,SEPD,LV,1,TR3149,36,2026-07-18T16:15:04Z,2026-07-18T16:15:04Z,0.0
RG22 4LY,SEPD,LV,1,TR3149,36,2026-07-18T16:15:04Z,2026-07-18T16:15:04Z,0.0
RG22 4NB,SEPD,LV,1,TR3149,36,2026-07-18T16:15:04Z,2026-07-18T16:15:04Z,0.0
RG22 4NP,SEPD,LV,1,TR3149,36,2026-07-18T16:15:04Z,2026-07-18T16:15:04Z,0.0
RG22 6HY,SEPD,HV,1,TR9881,582,2026-07-22T22:38:03Z,2026-07-22T22:38:03Z,0.0
RG23 8AB,SEPD,LV,1,TR2647,17,2026-07-18T07:21:10Z,2026-07-18T07:21:10Z,0.0
RG23 8AD,SEPD,LV,1,TR2647,17,2026-07-18T07:21:10Z,2026-07-18T07:21:10Z,0.0
RG23 8AL,SEPD,LV,1,TR2647,17,2026-07-18T07:21:10Z,2026-07-18T07:21:10Z,0.0
RG23 8LH,SEPD,LV,1,TR2647,17,2026-07-18T07:21:10Z,2026-07-18T07:21:10Z,0.0
RG23 8LN,SEPD,LV,1,TR2647,17,2026-07-18T07:21:10Z,2026-07-18T07:21:10Z,0.0
RG23 8NH,SEPD,LV,1,TR2647,17,2026-07-18T07:21:10Z,2026-07-18T07:21:10Z,0.0
RG23 8NJ,SEPD,LV,1,TR2647,17,2026-07-18T07:21:10Z,2026-07-18T07:21:10Z,0.0
RG24 8PD,SEPD,HV,1,TR9881,582,2026-07-22T22:38:03Z,2026-07-22T22:38:03Z,0.0
RG24 8PF,SEPD,HV,1,TR9881,582,2026-07-22T22:38:03Z,2026-07-22T22:38:03Z,0.0
RG24 8PH,SEPD,HV,1,TR9881,582,2026-07-22T22:38:03Z,2026-07-22T22:38:03Z,0.0
RG24 8PP,SEPD,HV,1,TR9881,582,2026-07-22T22:38:03Z,2026-07-22T22:38:03Z,0.0
RG24 8QB,SEPD,HV,1,TR9881,582,2026-07-22T22:38:03Z,2026-07-22T22:38:03Z,0.0
RG24 8QQ,SEPD,HV,1,TR9881,582,2026-07-22T22:38:03Z,2026-07-22T22:38:03Z,0.0
RG25 2FA,SEPD,HV,1,TS1394,44,2026-07-23T20:51:41Z,2026-07-23T20:51:41Z,0.0
RG25 2HH,SEPD,HV,1,TS1394,44,2026-07-23T20:51:41Z,2026-07-23T20:51:41Z,0.0
RG25 2HP,SEPD,HV,1,TS1394,44,2026-07-23T20:51:41Z,2026-07-23T20:51:41Z,0.0
RG25 2HR,SEPD,HV,1,TS1394,44,2026-07-23T20:51:41Z,2026-07-23T20:51:41Z,0.0
RG25 2HS,SEPD,HV,1,TS1394,44,2026-07-23T20:51:41Z,2026-07-23T20:51:41Z,0.0
RG25 2HT,SEPD,HV,1,TS1394,44,2026-07-23T20:51:41Z,2026-07-23T20:51:41Z,0.0
RG25 2HU,SEPD,HV,1,TS1394,44,2026-07-23T20:51:41Z,2026-07-23T20:51:41Z,0.0
RG25 2HX,SEPD,HV,1,TS1394,44,2026-07-23T20:51:41Z,2026-07-23T20:51:41Z,0.0
RG25 2HY,SEPD,HV,1,TS1394,44,2026-07-23T20:51:41Z,2026-07-23T20:51:41Z,0.0
RG25 2JA,SEPD,HV,1,TS1394,44,2026-07-23T20:51:41Z,2026-07-23T20:51:41Z,0.0
RG27 8AA,SEPD,HV,1,TR4593,2,2026-07-19T21:33:53Z,2026-07-19T21:33:53Z,0.0
RG30 3TR,SEPD,LV,1,TR2885,5,2026-07-19T11:47:16Z,2026-07-19T11:47:16Z,0.0
RG30 3TS,SEPD,LV,1,TR2885,5,2026-07-19T11:47:16Z,2026-07-19T11:47:16Z,0.0
RG40 4PZ,SEPD,LV,1,TR5645,3,2026-07-20T13:20:54Z,2026-07-20T13:20:54Z,0.0
RG40 4QQ,SEPD,LV,1,TR5645,3,2026-07-20T13:20:54Z,2026-07-20T13:20:54Z,0.0
RG41 4SJ,SEPD,PSI,1,253456,25,2026-07-21T04:32:46Z,2026-07-21T04:32:46Z,0.0
RG41 5BG,SEPD,PSI,1,253456,25,2026-07-21T04:32:46Z,2026-07-21T04:32:46Z,0.0
RG41 5BH,SEPD,PSI,1,253456,25,2026-07-21T04:32:46Z,2026-07-21T04:32:46Z,0.0
RG41 5BJ,SEPD,PSI,1,253456,25,2026-07-21T04:32:46Z,2026-07-21T04:32:46Z,0.0
RG41 5BL,SEPD,PSI,1,253456,25,2026-07-21T04:32:46Z,2026-07-21T04:32:46Z,0.0
RG41 5BW,SEPD,PSI,1,253456,25,2026-07-21T04:32:46Z,2026-07-21T04:32:46Z,0.0
RG45 7LP,SEPD,LV,1,TR5027,16,2026-07-20T08:13:24Z,2026-07-20T08:13:24Z,0.0
RG45 7LR,SEPD,LV,1,TR5027,16,2026-07-20T08:13:24Z,2026-07-20T08:13:24Z,0.0
RG5 4JQ,SEPD,LV,1,TR3656,17,2026-07-19T07:14:43Z,2026-07-19T07:14:43Z,0.0
RG5 4NH,SEPD,LV,1,TR3656,17,2026-07-19T07:14:43Z,2026-07-19T07:14:43Z,0.0
RG5 4NJ,SEPD,LV,1,TR3656,17,2026-07-19T07:14:43Z,2026-07-19T07:14:43Z,0.0
RG5 4PN,SEPD,LV,1,TR3656,17,2026-07-19T07:14:43Z,2026-07-19T07:14:43Z,0.0
RG5 4RB,SEPD,LV,1,TR3656,17,2026-07-19T07:14:43Z,2026-07-19T07:14:43Z,0.0
RG6 5YZ,SEPD,LV,1,TR1829,83,2026-07-17T12:16:58Z,2026-07-17T12:16:58Z,0.0
SN10 5TS,SEPD,HV,1,TR6634,178,2026-07-21T07:15:44Z,2026-07-21T07:15:44Z,0.0
SN10 5TT,SEPD,HV,1,TR6634,178,2026-07-21T07:15:44Z,2026-07-21T07:15:44Z,0.0
SN10 5TU,SEPD,HV,1,TR6634,178,2026-07-21T07:15:44Z,2026-07-21T07:15:44Z,0.0
SN10 5TX,SEPD,HV,1,TR6634,178,2026-07-21T07:15:44Z,2026-07-21T07:15:44Z,0.0
SN10 5TY,SEPD,HV,1,TR6634,178,2026-07-21T07:15:44Z,2026-07-21T07:15:44Z,0.0
SN10 5TZ,SEPD,HV,1,TR6634,178,2026-07-21T07:15:44Z,2026-07-21T07:15:44Z,0.0
SN10 5UA,SEPD,HV,1,TR6634,178,2026-07-21T07:15:44Z,2026-07-21T07:15:44Z,0.0
SN10 5UD,SEPD,HV,1,TR6634,178,2026-07-21T07:15:44Z,2026-07-21T07:15:44Z,0.0
SN10 5UH,SEPD,HV,1,TR6634,178,2026-07-21T07:15:44Z,2026-07-21T07:15:44Z,0.0
SN10 5UQ,SEPD,HV,1,TR6634,178,2026-07-21T07:15:44Z,2026-07-21T07:15:44Z,0.0
SN11 0EH,SEPD,PSI,1,252720,34,2026-07-22T09:04:22Z,2026-07-22T09:04:22Z,0.0
SN12 7QY,SEPD,HV,1,TR9683,9,2026-07-22T17:52:52Z,2026-07-22T17:52:52Z,0.0
SN12 7QZ,SEPD,HV,1,TR9683,9,2026-07-22T17:52:52Z,2026-07-22T17:52:52Z,0.0
SN13 8AR,SEPD,LV,1,TR1285,6,2026-07-17T08:56:05Z,2026-07-17T08:56:05Z,0.0
SN13 8BA,SEPD,LV,1,TR1285,6,2026-07-17T08:56:05Z,2026-07-17T08:56:05Z,0.0
SN13 8BB,SEPD,LV,1,TR1285,6,2026-07-17T08:56:05Z,2026-07-17T08:56:05Z,0.0
SN14 6HT,SEPD,HV,1,TR4469,104,2026-07-19T17:28:41Z,2026-07-19T17:28:41Z,0.0
SN15 4LH,SEPD,HV,1,TR4469,104,2026-07-19T17:28:41Z,2026-07-19T17:28:41Z,0.0
SN15 5LY,SEPD,HV,1,TR4469,104,2026-07-19T17:28:41Z,2026-07-19T17:28:41Z,0.0
SN15 5PP,SEPD,HV,1,TR4469,104,2026-07-19T17:28:41Z,2026-07-19T17:28:41Z,0.0
SN15 5PR,SEPD,HV,1,TR4469,104,2026-07-19T17:28:41Z,2026-07-19T17:28:41Z,0.0
SN15 5PS,SEPD,HV,1,TR4469,104,2026-07-19T17:28:41Z,2026-07-19T17:28:41Z,0.0
SN15 5PU,SEPD,HV,1,TR4469,104,2026-07-19T17:28:41Z,2026-07-19T17:28:41Z,0.0
SN15 5PW,SEPD,HV,1,TR4469,104,2026-07-19T17:28:41Z,2026-07-19T17:28:41Z,0.0
SN15 5PY,SEPD,HV,1,TR4469,104,2026-07-19T17:28:41Z,2026-07-19T17:28:41Z,0.0
SN15 5PZ,SEPD,HV,1,TR4469,104,2026-07-19T17:28:41Z,2026-07-19T17:28:41Z,0.0
SN15 5QA,SEPD,HV,1,TR4469,104,2026-07-19T17:28:41Z,2026-07-19T17:28:41Z,0.0
SN15 5QH,SEPD,HV,1,TR4469,104,2026-07-19T17:28:41Z,2026-07-19T17:28:41Z,0.0
SN5 7AE,SEPD,HV,1,TR2530,67,2026-07-18T05:48:56Z,2026-07-18T05:48:56Z,0.0
SN5 7AF,SEPD,HV,1,TR2530,67,2026-07-18T05:48:56Z,2026-07-18T05:48:56Z,0.0
SN5 7AQ,SEPD,HV,1,TR2530,67,2026-07-18T05:48:56Z,2026-07-18T05:48:56Z,0.0
SN5 7XF,SEPD,HV,1,TR2530,67,2026-07-18T05:48:56Z,2026-07-18T05:48:56Z,0.0
SN5 7XJ,SEPD,HV,1,TR2530,67,2026-07-18T05:48:56Z,2026-07-18T05:48:56Z,0.0
SN5 7XP,SEPD,HV,1,TR2530,67,2026-07-18T05:48:56Z,2026-07-18T05:48:56Z,0.0
SN5 8QT,SEPD,LV,1,TR1283,36,2026-07-17T08:56:05Z,2026-07-17T08:56:05Z,0.0
SN5 8RA,SEPD,LV,1,TR1283,36,2026-07-17T08:56:05Z,2026-07-17T08:56:05Z,0.0
SN5 8RE,SEPD,LV,1,TR1283,36,2026-07-17T08:56:05Z,2026-07-17T08:56:05Z,0.0
SN5 8RR,SEPD,LV,1,TR1283,36,2026-07-17T08:56:05Z,2026-07-17T08:56:05Z,0.0
SN8 2HH,SEPD,HV,1,TR1105,16,2026-07-17T04:23:26Z,2026-07-17T04:23:26Z,0.0
SN8 2QA,SEPD,HV,1,TR1105,16,2026-07-17T04:23:26Z,2026-07-17T04:23:26Z,0.0
SO14 2AA,SEPD,LV,1,TS0305,11,2026-07-23T11:33:52Z,2026-07-23T11:33:52Z,0.0
SO14 2BR,SEPD,LV,1,TS0305,11,2026-07-23T11:33:52Z,2026-07-23T11:33:52Z,0.0
SO14 2BS,SEPD,LV,1,TS0305,11,2026-07-23T11:33:52Z,2026-07-23T11:33:52Z,0.0
SO15 3BD,SEPD,LV,1,TR7150,36,2026-07-21T11:39:11Z,2026-07-21T11:39:11Z,0.0
SO15 3BE,SEPD,LV,1,TR7150,36,2026-07-21T11:39:11Z,2026-07-21T11:39:11Z,0.0
SO15 3BH,SEPD,LV,1,TR7150,36,2026-07-21T11:39:11Z,2026-07-21T11:39:11Z,0.0
SO15 3BR,SEPD,LV,1,TR7150,36,2026-07-21T11:39:11Z,2026-07-21T11:39:11Z,0.0
SO15 3DA,SEPD,LV,1,TR7150,36,2026-07-21T11:39:11Z,2026-07-21T11:39:11Z,0.0
SO15 3GT,SEPD,LV,1,TR7150,36,2026-07-21T11:39:11Z,2026-07-21T11:39:11Z,0.0
SO19 4ED,SEPD,LV,1,TR3866,8,2026-07-19T12:41:51Z,2026-07-19T12:41:51Z,0.0
SO19 8FY,SEPD,LV,1,TR7812,16,2026-07-21T18:04:16Z,2026-07-21T18:04:16Z,0.0
SO19 8GB,SEPD,LV,1,TR7812,16,2026-07-21T18:04:16Z,2026-07-21T18:04:16Z,0.0
SO19 8SL,SEPD,LV,1,TR7812,16,2026-07-21T18:04:16Z,2026-07-21T18:04:16Z,0.0
SO21 1FF,SEPD,HV,1,TS1400,182,2026-07-23T20:51:41Z,2026-07-23T20:51:41Z,0.0
SO21 1FR,SEPD,HV,1,TS1400,182,2026-07-23T20:51:41Z,2026-07-23T20:51:41Z,0.0
SO21 1NP,SEPD,HV,1,TS1400,182,2026-07-23T20:51:41Z,2026-07-23T20:51:41Z,0.0
SO21 1NR,SEPD,HV,1,TS1400,182,2026-07-23T20:51:41Z,2026-07-23T20:51:41Z,0.0
SO21 1NS,SEPD,HV,1,TS1400,182,2026-07-23T20:51:41Z,2026-07-23T20:51:41Z,0.0
SO21 1NT,SEPD,HV,1,TS1400,182,2026-07-23T20:51:41Z,2026-07-23T20:51:41Z,0.0
SO21 1NU,SEPD,HV,1,TS1400,182,2026-07-23T20:51:41Z,2026-07-23T20:51:41Z,0.0
SO21 1NW,SEPD,HV,1,TS1400,182,2026-07-23T20:51:41Z,2026-07-23T20:51:41Z,0.0
SO21 1NX,SEPD,HV,1,TS1400,182,2026-07-23T20:51:41Z,2026-07-23T20:51:41Z,0.0
SO21 1NY,SEPD,HV,1,TS1400,182,2026-07-23T20:51:41Z,2026-07-23T20:51:41Z,0.0
SO21 1NZ,SEPD,HV,1,TS1400,182,2026-07-23T20:51:41Z,2026-07-23T20:51:41Z,0.0
SO21 1PA,SEPD,HV,1,TS1400,182,2026-07-23T20:51:41Z,2026-07-23T20:51:41Z,0.0
SO21 1PB,SEPD,HV,1,TS1400,182,2026-07-23T20:51:41Z,2026-07-23T20:51:41Z,0.0
SO21 1PD,SEPD,HV,1,TS1400,182,2026-07-23T20:51:41Z,2026-07-23T20:51:41Z,0.0
SO21 1PE,SEPD,HV,1,TS1400,182,2026-07-23T20:51:41Z,2026-07-23T20:51:41Z,0.0
SO21 1PF,SEPD,HV,1,TS1400,182,2026-07-23T20:51:41Z,2026-07-23T20:51:41Z,0.0
SO21 1PG,SEPD,HV,1,TS1400,182,2026-07-23T20:51:41Z,2026-07-23T20:51:41Z,0.0
SO21 1PH,SEPD,HV,1,TS1400,182,2026-07-23T20:51:41Z,2026-07-23T20:51:41Z,0.0
SO21 1PJ,SEPD,HV,1,TS1400,182,2026-07-23T20:51:41Z,2026-07-23T20:51:41Z,0.0
SO21 1PQ,SEPD,HV,1,TS1400,182,2026-07-23T20:51:41Z,2026-07-23T20:51:41Z,0.0
SO21 1RF,SEPD,HV,1,TS1400,182,2026-07-23T20:51:41Z,2026-07-23T20:51:41Z,0.0
SO21 1RG,SEPD,HV,1,TS1400,182,2026-07-23T20:51:41Z,2026-07-23T20:51:41Z,0.0
SO22 4JE,SEPD,LV,1,TR3377,15,2026-07-19T01:04:52Z,2026-07-19T01:04:52Z,0.0
SO22 4JF,SEPD,LV,1,TR3377,15,2026-07-19T01:04:52Z,2026-07-19T01:04:52Z,0.0
SO22 5QD,SEPD,HV,1,TR9585,30,2026-07-22T20:18:47Z,2026-07-22T20:18:47Z,0.0
SO22 5QE,SEPD,HV,1,TR9585,30,2026-07-22T20:18:47Z,2026-07-22T20:18:47Z,0.0
SO22 5QT,SEPD,HV,1,TR9585,30,2026-07-22T20:18:47Z,2026-07-22T20:18:47Z,0.0
SO23 7GW,SEPD,HV,1,TR2406,174,2026-07-17T22:05:48Z,2026-07-17T22:05:48Z,0.0
SO23 7LE,SEPD,HV,1,TR2406,174,2026-07-17T22:05:48Z,2026-07-17T22:05:48Z,0.0
SO23 7LH,SEPD,HV,1,TR2406,174,2026-07-17T22:05:48Z,2026-07-17T22:05:48Z,0.0
SO23 7LJ,SEPD,HV,1,TR2406,174,2026-07-17T22:05:48Z,2026-07-17T22:05:48Z,0.0
SO23 7LQ,SEPD,HV,1,TR2406,174,2026-07-17T22:05:48Z,2026-07-17T22:05:48Z,0.0
SO23 7PX,SEPD,HV,1,TR2406,174,2026-07-17T22:05:48Z,2026-07-17T22:05:48Z,0.0
SO23 7PY,SEPD,HV,1,TR2406,174,2026-07-17T22:05:48Z,2026-07-17T22:05:48Z,0.0
SO23 7PZ,SEPD,HV,1,TR2406,174,2026-07-17T22:05:48Z,2026-07-17T22:05:48Z,0.0
SO23 7QB,SEPD,HV,1,TR2406,174,2026-07-17T22:05:48Z,2026-07-17T22:05:48Z,0.0
SO23 7QP,SEPD,HV,1,TR2406,174,2026-07-17T22:05:48Z,2026-07-17T22:05:48Z,0.0
SO23 7QX,SEPD,HV,1,TR2406,174,2026-07-17T22:05:48Z,2026-07-17T22:05:48Z,0.0
SO23 7QY,SEPD,HV,1,TR2406,174,2026-07-17T22:05:48Z,2026-07-17T22:05:48Z,0.0
SO23 7QZ,SEPD,HV,1,TR2406,174,2026-07-17T22:05:48Z,2026-07-17T22:05:48Z,0.0
SO23 7RA,SEPD,HV,1,TR2406,174,2026-07-17T22:05:48Z,2026-07-17T22:05:48Z,0.0
SO23 7SY,SEPD,HV,1,TR2406,174,2026-07-17T22:05:48Z,2026-07-17T22:05:48Z,0.0
SO23 7TG,SEPD,HV,1,TR2406,174,2026-07-17T22:05:48Z,2026-07-17T22:05:48Z,0.0
SO23 7XL,SEPD,HV,1,TR2406,174,2026-07-17T22:05:48Z,2026-07-17T22:05:48Z,0.0
SO23 7XN,SEPD,HV,1,TR2406,174,2026-07-17T22:05:48Z,2026-07-17T22:05:48Z,0.0
SO23 8EJ,SEPD,LV,1,TR7916,30,2026-07-21T18:04:16Z,2026-07-21T18:04:16Z,0.0
SO23 8EL,SEPD,LV,1,TR7916,30,2026-07-21T18:04:16Z,2026-07-21T18:04:16Z,0.0
SO23 8FF,SEPD,LV,1,TR4647,30,2026-07-20T01:13:37Z,2026-07-20T01:13:37Z,0.0
SO23 8SJ,SEPD,LV,1,TR4647,30,2026-07-20T01:13:37Z,2026-07-20T01:13:37Z,0.0
SO23 8SR,SEPD,LV,1,TR4647,30,2026-07-20T01:13:37Z,2026-07-20T01:13:37Z,0.0
SO23 8SX,SEPD,LV,1,TR4647,30,2026-07-20T01:13:37Z,2026-07-20T01:13:37Z,0.0
SO23 8TH,SEPD,LV,1,TR7916,30,2026-07-21T18:04:16Z,2026-07-21T18:04:16Z,0.0
SO23 9EJ,SEPD,LV,1,TR4647,30,2026-07-20T01:13:37Z,2026-07-20T01:13:37Z,0.0
SO24 9DL,SEPD,PSI,1,253043,35,2026-07-18T09:07:02Z,2026-07-18T09:07:02Z,0.0
SO24 9DN,SEPD,PSI,1,253043,35,2026-07-18T09:07:02Z,2026-07-18T09:07:02Z,0.0
SO24 9DR,SEPD,PSI,1,253043,35,2026-07-18T09:07:02Z,2026-07-18T09:07:02Z,0.0
SO24 9DS,SEPD,PSI,1,253043,35,2026-07-18T09:07:02Z,2026-07-18T09:07:02Z,0.0
SO24 9DW,SEPD,PSI,1,253043,35,2026-07-18T09:07:02Z,2026-07-18T09:07:02Z,0.0
SO24 9UR,SEPD,PSI,1,253043,35,2026-07-18T09:07:02Z,2026-07-18T09:07:02Z,0.0
SO30 2GE,SEPD,LV,1,TR5072,3,2026-07-20T19:03:28Z,2026-07-20T19:03:28Z,0.0
SO30 3AW,SEPD,LV,1,TR1110,13,2026-07-17T04:23:26Z,2026-07-17T04:23:26Z,0.0
SO30 3EU,SEPD,LV,1,TR1110,13,2026-07-17T04:23:26Z,2026-07-17T04:23:26Z,0.0
SO30 3EW,SEPD,LV,1,TR1110,13,2026-07-17T04:23:26Z,2026-07-17T04:23:26Z,0.0
SO30 3JT,SEPD,LV,1,TR1110,13,2026-07-17T04:23:26Z,2026-07-17T04:23:26Z,0.0
SO30 3LA,SEPD,LV,1,TR1110,13,2026-07-17T04:23:26Z,2026-07-17T04:23:26Z,0.0
SO31 5PH,SEPD,LV,1,TR5006,21,2026-07-20T08:13:24Z,2026-07-20T08:13:24Z,0.0
SO31 5PU,SEPD,LV,1,TR5006,21,2026-07-20T08:13:24Z,2026-07-20T08:13:24Z,0.0
SO31 6QW,SEPD,LV,1,TR8481,12,2026-07-22T09:04:22Z,2026-07-22T09:04:22Z,0.0
SO32 3AF,SEPD,HV,1,TR7682,77,2026-07-21T15:17:11Z,2026-07-21T15:17:11Z,0.0
SO32 3AL,SEPD,HV,1,TR7682,77,2026-07-21T15:17:11Z,2026-07-21T15:17:11Z,0.0
SO32 3AS,SEPD,HV,1,TR7682,77,2026-07-21T15:17:11Z,2026-07-21T15:17:11Z,0.0
SO32 3LS,SEPD,HV,1,TR7682,77,2026-07-21T15:17:11Z,2026-07-21T15:17:11Z,0.0
SO32 3PH,SEPD,HV,1,TR7682,77,2026-07-21T15:17:11Z,2026-07-21T15:17:11Z,0.0
SO32 3PJ,SEPD,HV,1,TR7682,77,2026-07-21T15:17:11Z,2026-07-21T15:17:11Z,0.0
SO32 3PN,SEPD,HV,1,TR7682,77,2026-07-21T15:17:11Z,2026-07-21T15:17:11Z,0.0
SO32 3PP,SEPD,HV,1,TR7682,77,2026-07-21T15:17:11Z,2026-07-21T15:17:11Z,0.0
SO32 3PQ,SEPD,HV,1,TR7682,77,2026-07-21T15:17:11Z,2026-07-21T15:17:11Z,0.0
SO32 3PR,SEPD,HV,1,TR7682,77,2026-07-21T15:17:11Z,2026-07-21T15:17:11Z,0.0
SO32 3PW,SEPD,HV,1,TR7682,77,2026-07-21T15:17:11Z,2026-07-21T15:17:11Z,0.0
SO32 3PX,SEPD,HV,1,TR7682,77,2026-07-21T15:17:11Z,2026-07-21T15:17:11Z,0.0
SO32 3PY,SEPD,HV,1,TR7682,77,2026-07-21T15:17:11Z,2026-07-21T15:17:11Z,0.0
SO32 3PZ,SEPD,HV,1,TR7682,77,2026-07-21T15:17:11Z,2026-07-21T15:17:11Z,0.0
SO32 3QA,SEPD,HV,1,TR7682,77,2026-07-21T15:17:11Z,2026-07-21T15:17:11Z,0.0
SO32 3QB,SEPD,HV,1,TR7682,77,2026-07-21T15:17:11Z,2026-07-21T15:17:11Z,0.0
SO32 3QD,SEPD,HV,1,TR7682,77,2026-07-21T15:17:11Z,2026-07-21T15:17:11Z,0.0
SO32 3QE,SEPD,HV,1,TR7682,77,2026-07-21T15:17:11Z,2026-07-21T15:17:11Z,0.0
SO32 3QF,SEPD,HV,1,TR7682,77,2026-07-21T15:17:11Z,2026-07-21T15:17:11Z,0.0
SO32 3QG,SEPD,HV,1,TR7682,77,2026-07-21T15:17:11Z,2026-07-21T15:17:11Z,0.0
SO32 3RE,SEPD,HV,1,TR7682,77,2026-07-21T15:17:11Z,2026-07-21T15:17:11Z,0.0
SO32 3RJ,SEPD,HV,1,TR7682,77,2026-07-21T15:17:11Z,2026-07-21T15:17:11Z,0.0
SO32 3SN,SEPD,HV,1,TR7682,77,2026-07-21T15:17:11Z,2026-07-21T15:17:11Z,0.0
SO40 3BW,SEPD,LV,1,TS1045,28,2026-07-23T15:26:04Z,2026-07-23T15:26:04Z,0.0
SO40 3SZ,SEPD,PSI,1,252967,4,2026-07-19T09:22:26Z,2026-07-19T09:22:26Z,0.0
SO40 3WX,SEPD,PSI,1,252967,4,2026-07-19T09:22:26Z,2026-07-19T09:22:26Z,0.0
SO40 8SY,SEPD,PSI,1,253473,40,2026-07-20T11:15:14Z,2026-07-20T11:15:14Z,0.0
SO40 9DP,SEPD,LV,1,TS1045,28,2026-07-23T15:26:04Z,2026-07-23T15:26:04Z,0.0
SO40 9DQ,SEPD,LV,1,TS1045,28,2026-07-23T15:26:04Z,2026-07-23T15:26:04Z,0.0
SO40 9HG,SEPD,LV,1,TS1045,28,2026-07-23T15:26:04Z,2026-07-23T15:26:04Z,0.0
SO40 9HH,SEPD,LV,1,TS1045,28,2026-07-23T15:26:04Z,2026-07-23T15:26:04Z,0.0
SO40 9HJ,SEPD,LV,1,TS1045,28,2026-07-23T15:26:04Z,2026-07-23T15:26:04Z,0.0
SO40 9PL,SEPD,LV,1,TS1045,28,2026-07-23T15:26:04Z,2026-07-23T15:26:04Z,0.0
SO50 6DQ,SEPD,HV,1,TS1400,182,2026-07-23T20:51:41Z,2026-07-23T20:51:41Z,0.0
SP1 1HU,SEPD,HV,1,TR2727,1102,2026-07-18T09:07:02Z,2026-07-18T09:07:02Z,0.0
SP1 1HX,SEPD,HV,1,TR2727,1102,2026-07-18T09:07:02Z,2026-07-18T09:07:02Z,0.0
SP1 1HY,SEPD,HV,1,TR2727,1102,2026-07-18T09:07:02Z,2026-07-18T09:07:02Z,0.0
SP1 1HZ,SEPD,HV,1,TR2727,1102,2026-07-18T09:07:02Z,2026-07-18T09:07:02Z,0.0
SP1 1JA,SEPD,HV,1,TR2727,1102,2026-07-18T09:07:02Z,2026-07-18T09:07:02Z,0.0
SP1 1JB,SEPD,HV,1,TR2727,1102,2026-07-18T09:07:02Z,2026-07-18T09:07:02Z,0.0
SP1 1JN,SEPD,HV,1,TR2727,1102,2026-07-18T09:07:02Z,2026-07-18T09:07:02Z,0.0
SP1 1JP,SEPD,HV,1,TR2727,1102,2026-07-18T09:07:02Z,2026-07-18T09:07:02Z,0.0
SP1 1JR,SEPD,HV,1,TR2727,1102,2026-07-18T09:07:02Z,2026-07-18T09:07:02Z,0.0
SP1 1JS,SEPD,HV,1,TR2727,1102,2026-07-18T09:07:02Z,2026-07-18T09:07:02Z,0.0
SP1 1JT,SEPD,HV,1,TR2727,1102,2026-07-18T09:07:02Z,2026-07-18T09:07:02Z,0.0
SP1 1JW,SEPD,HV,1,TR2727,1102,2026-07-18T09:07:02Z,2026-07-18T09:07:02Z,0.0
SP1 1JZ,SEPD,HV,1,TR2727,1102,2026-07-18T09:07:02Z,2026-07-18T09:07:02Z,0.0
SP1 1LB,SEPD,HV,1,TR2727,1102,2026-07-18T09:07:02Z,2026-07-18T09:07:02Z,0.0
SP1 1LG,SEPD,HV,1,TR2727,1102,2026-07-18T09:07:02Z,2026-07-18T09:07:02Z,0.0
SP1 1LY,SEPD,HV,1,TR2727,1102,2026-07-18T09:07:02Z,2026-07-18T09:07:02Z,0.0
SP1 1NA,SEPD,HV,1,TR2727,1102,2026-07-18T09:07:02Z,2026-07-18T09:07:02Z,0.0
SP1 1NB,SEPD,HV,1,TR2727,1102,2026-07-18T09:07:02Z,2026-07-18T09:07:02Z,0.0
SP1 1ND,SEPD,HV,1,TR2727,1102,2026-07-18T09:07:02Z,2026-07-18T09:07:02Z,0.0
SP1 1NE,SEPD,HV,1,TR2727,1102,2026-07-18T09:07:02Z,2026-07-18T09:07:02Z,0.0
SP1 1NF,SEPD,HV,1,TR2727,1102,2026-07-18T09:07:02Z,2026-07-18T09:07:02Z,0.0
SP1 1NG,SEPD,HV,1,TR2727,1102,2026-07-18T09:07:02Z,2026-07-18T09:07:02Z,0.0
SP1 1NH,SEPD,HV,1,TR2727,1102,2026-07-18T09:07:02Z,2026-07-18T09:07:02Z,0.0
SP1 1NQ,SEPD,HV,1,TR2727,1102,2026-07-18T09:07:02Z,2026-07-18T09:07:02Z,0.0
SP1 2BL,SEPD,HV,1,TR2727,1102,2026-07-18T09:07:02Z,2026-07-18T09:07:02Z,0.0
SP1 2BN,SEPD,HV,1,TR2727,1102,2026-07-18T09:07:02Z,2026-07-18T09:07:02Z,0.0
SP1 2BS,SEPD,HV,1,TR2727,1102,2026-07-18T09:07:02Z,2026-07-18T09:07:02Z,0.0
SP1 2DX,SEPD,HV,1,TR2727,1102,2026-07-18T09:07:02Z,2026-07-18T09:07:02Z,0.0
SP1 2EA,SEPD,HV,1,TR2727,1102,2026-07-18T09:07:02Z,2026-07-18T09:07:02Z,0.0
SP1 2FH,SEPD,HV,1,TR2727,1102,2026-07-18T09:07:02Z,2026-07-18T09:07:02Z,0.0
SP1 2FJ,SEPD,HV,1,TR2727,1102,2026-07-18T09:07:02Z,2026-07-18T09:07:02Z,0.0
SP1 2HX,SEPD,HV,1,TR2727,1102,2026-07-18T09:07:02Z,2026-07-18T09:07:02Z,0.0
SP1 2HY,SEPD,HV,1,TR2727,1102,2026-07-18T09:07:02Z,2026-07-18T09:07:02Z,0.0
SP1 2JA,SEPD,HV,1,TR2727,1102,2026-07-18T09:07:02Z,2026-07-18T09:07:02Z,0.0
SP1 2LU,SEPD,HV,1,TR2727,1102,2026-07-18T09:07:02Z,2026-07-18T09:07:02Z,0.0
SP1 2NY,SEPD,HV,1,TR2727,1102,2026-07-18T09:07:02Z,2026-07-18T09:07:02Z,0.0
SP1 2QW,SEPD,HV,1,TR2727,1102,2026-07-18T09:07:02Z,2026-07-18T09:07:02Z,0.0
SP1 2RA,SEPD,HV,1,TR2727,1102,2026-07-18T09:07:02Z,2026-07-18T09:07:02Z,0.0
SP1 2RP,SEPD,HV,1,TR2727,1102,2026-07-18T09:07:02Z,2026-07-18T09:07:02Z,0.0
SP1 2RY,SEPD,HV,1,TR2727,1102,2026-07-18T09:07:02Z,2026-07-18T09:07:02Z,0.0
SP1 2SP,SEPD,HV,1,TR2727,1102,2026-07-18T09:07:02Z,2026-07-18T09:07:02Z,0.0
SP1 2TJ,SEPD,HV,1,TR2727,1102,2026-07-18T09:07:02Z,2026-07-18T09:07:02Z,0.0
SP1 3AS,SEPD,HV,1,TR2727,1102,2026-07-18T09:07:02Z,2026-07-18T09:07:02Z,0.0
SP1 3AT,SEPD,HV,1,TR2727,1102,2026-07-18T09:07:02Z,2026-07-18T09:07:02Z,0.0
SP1 3AU,SEPD,HV,1,TR2727,1102,2026-07-18T09:07:02Z,2026-07-18T09:07:02Z,0.0
SP1 3AX,SEPD,HV,1,TR2727,1102,2026-07-18T09:07:02Z,2026-07-18T09:07:02Z,0.0
SP3 6QQ,SEPD,LV,1,TR9947,5,2026-07-23T01:12:43Z,2026-07-23T01:12:43Z,0.0
SP3 6QT,SEPD,LV,1,TR9947,5,2026-07-23T01:12:43Z,2026-07-23T01:12:43Z,0.0
SP4 6HA,SEPD,PSI,1,251640,106,2026-07-23T09:42:08Z,2026-07-23T09:42:08Z,0.0
SP4 6HD,SEPD,PSI,1,251640,106,2026-07-23T09:42:08Z,2026-07-23T09:42:08Z,0.0
SP4 6HH,SEPD,PSI,1,251640,106,2026-07-23T09:42:08Z,2026-07-23T09:42:08Z,0.0
SP4 6HJ,SEPD,PSI,1,251640,106,2026-07-23T09:42:08Z,2026-07-23T09:42:08Z,0.0
SP4 6HL,SEPD,PSI,1,251640,106,2026-07-23T09:42:08Z,2026-07-23T09:42:08Z,0.0
SP4 6HN,SEPD,PSI,1,251640,106,2026-07-23T09:42:08Z,2026-07-23T09:42:08Z,0.0
SP4 6HQ,SEPD,PSI,1,251640,106,2026-07-23T09:42:08Z,2026-07-23T09:42:08Z,0.0
SP4 6HR,SEPD,PSI,1,251640,106,2026-07-23T09:42:08Z,2026-07-23T09:42:08Z,0.0
SP4 6HS,SEPD,PSI,1,251640,106,2026-07-23T09:42:08Z,2026-07-23T09:42:08Z,0.0
SP4 6HW,SEPD,PSI,1,251640,106,2026-07-23T09:42:08Z,2026-07-23T09:42:08Z,0.0
SP4 6PP,SEPD,PSI,1,251640,106,2026-07-23T09:42:08Z,2026-07-23T09:42:08Z,0.0
SP5 1BE,SEPD,PSI,1,252895,88,2026-07-19T09:22:26Z,2026-07-19T09:22:26Z,0.0
SP5 1HP,SEPD,PSI,1,252895,88,2026-07-19T09:22:26Z,2026-07-19T09:22:26Z,0.0
SP5 1HR,SEPD,PSI,1,252895,88,2026-07-19T09:22:26Z,2026-07-19T09:22:26Z,0.0
SP5 1HT,SEPD,PSI,1,252895,88,2026-07-19T09:22:26Z,2026-07-19T09:22:26Z,0.0
SP5 1JA,SEPD,PSI,1,252895,88,2026-07-19T09:22:26Z,2026-07-19T09:22:26Z,0.0
SP5 1JB,SEPD,PSI,1,252895,88,2026-07-19T09:22:26Z,2026-07-19T09:22:26Z,0.0
SP5 1JD,SEPD,PSI,1,252895,88,2026-07-19T09:22:26Z,2026-07-19T09:22:26Z,0.0
SP5 1JE,SEPD,PSI,1,252895,88,2026-07-19T09:22:26Z,2026-07-19T09:22:26Z,0.0
SP5 1JF,SEPD,PSI,1,252895,88,2026-07-19T09:22:26Z,2026-07-19T09:22:26Z,0.0
SP5 1JG,SEPD,PSI,1,252895,88,2026-07-19T09:22:26Z,2026-07-19T09:22:26Z,0.0
SP5 1JH,SEPD,PSI,1,252895,88,2026-07-19T09:22:26Z,2026-07-19T09:22:26Z,0.0
SP5 1JJ,SEPD,PSI,1,252895,88,2026-07-19T09:22:26Z,2026-07-19T09:22:26Z,0.0
SP5 1JL,SEPD,PSI,1,252895,88,2026-07-19T09:22:26Z,2026-07-19T09:22:26Z,0.0
SP5 1JN,SEPD,PSI,1,252695,92,2026-07-21T09:45:34Z,2026-07-21T09:45:34Z,0.0
SP5 1JP,SEPD,PSI,1,252695,92,2026-07-21T09:45:34Z,2026-07-21T09:45:34Z,0.0
SP5 1JQ,SEPD,PSI,1,252895,88,2026-07-19T09:22:26Z,2026-07-19T09:22:26Z,0.0
SP5 1JW,SEPD,PSI,1,252695,92,2026-07-21T09:45:34Z,2026-07-21T09:45:34Z,0.0
SP5 1JY,SEPD,PSI,1,252695,92,2026-07-21T09:45:34Z,2026-07-21T09:45:34Z,0.0
SP5 1LA,SEPD,PSI,1,252695,92,2026-07-21T09:45:34Z,2026-07-21T09:45:34Z,0.0
SP5 1LB,SEPD,PSI,1,252695,92,2026-07-21T09:45:34Z,2026-07-21T09:45:34Z,0.0
SP5 1NR,SEPD,PSI,1,252695,92,2026-07-21T09:45:34Z,2026-07-21T09:45:34Z,0.0
SP5 1NS,SEPD,PSI,1,252695,92,2026-07-21T09:45:34Z,2026-07-21T09:45:34Z,0.0
SP5 1NT,SEPD,PSI,1,252695,92,2026-07-21T09:45:34Z,2026-07-21T09:45:34Z,0.0
SP5 1NU,SEPD,PSI,1,252695,92,2026-07-21T09:45:34Z,2026-07-21T09:45:34Z,0.0
SP5 1NX,SEPD,PSI,1,252695,92,2026-07-21T09:45:34Z,2026-07-21T09:45:34Z,0.0
SP5 1NY,SEPD,PSI,1,252695,92,2026-07-21T09:45:34Z,2026-07-21T09:45:34Z,0.0
SP5 1PA,SEPD,PSI,1,252695,92,2026-07-21T09:45:34Z,2026-07-21T09:45:34Z,0.0
SP5 1PB,SEPD,PSI,1,252695,92,2026-07-21T09:45:34Z,2026-07-21T09:45:34Z,0.0
TW17 8QD,SEPD,HV,1,TS0629,26,2026-07-23T15:26:04Z,2026-07-23T15:26:04Z,0.0
TW17 8QE,SEPD,HV,1,TS0629,26,2026-07-23T15:26:04Z,2026-07-23T15:26:04Z,0.0
TW17 8QF,SEPD,HV,1,TS0629,26,2026-07-23T15:26:04Z,2026-07-23T15:26:04Z,0.0
TW17 8QG,SEPD,HV,1,TS0629,26,2026-07-23T15:26:04Z,2026-07-23T15:26:04Z,0.0
TW17 8QH,SEPD,HV,1,TS0629,26,2026-07-23T15:26:04Z,2026-07-23T15:26:04Z,0.0
TW17 8QQ,SEPD,HV,1,TS0629,26,2026-07-23T15:26:04Z,2026-07-23T15:26:04Z,0.0
TW17 8QX,SEPD,HV,1,TS0629,26,2026-07-23T15:26:04Z,2026-07-23T15:26:04Z,0.0
TW17 8RR,SEPD,HV,1,TS0629,26,2026-07-23T15:26:04Z,2026-07-23T15:26:04Z,0.0
TW17 8SH,SEPD,HV,1,TS0629,26,2026-07-23T15:26:04Z,2026-07-23T15:26:04Z,0.0
TW17 8SJ,SEPD,HV,1,TS0629,26,2026-07-23T15:26:04Z,2026-07-23T15:26:04Z,0.0
TW17 8SL,SEPD,HV,1,TS0629,26,2026-07-23T15:26:04Z,2026-07-23T15:26:04Z,0.0
TW17 8SQ,SEPD,HV,1,TS0629,26,2026-07-23T15:26:04Z,2026-07-23T15:26:04Z,0.0
TW18 4HF,SEPD,LV,1,TR3104,24,2026-07-18T15:13:53Z,2026-07-18T15:13:53Z,0.0
TW3 1AE,SEPD,LV,1,TR7246,61,2026-07-21T11:39:11Z,2026-07-21T11:39:11Z,0.0
TW3 1UF,SEPD,LV,1,TR7246,61,2026-07-21T11:39:11Z,2026-07-21T11:39:11Z,0.0
TW3 1UG,SEPD,LV,1,TR7246,61,2026-07-21T11:39:11Z,2026-07-21T11:39:11Z,0.0
TW3 1UL,SEPD,LV,1,TR7246,61,2026-07-21T11:39:11Z,2026-07-21T11:39:11Z,0.0
TW3 1UN,SEPD,LV,1,TR7246,61,2026-07-21T11:39:11Z,2026-07-21T11:39:11Z,0.0
TW3 1UP,SEPD,LV,1,TR7246,61,2026-07-21T11:39:11Z,2026-07-21T11:39:11Z,0.0
TW3 1UQ,SEPD,LV,1,TR7246,61,2026-07-21T11:39:11Z,2026-07-21T11:39:11Z,0.0
TW3 1UW,SEPD,LV,1,TR7246,61,2026-07-21T11:39:11Z,2026-07-21T11:39:11Z,0.0
TW3 1XT,SEPD,LV,1,TR7246,61,2026-07-21T11:39:11Z,2026-07-21T11:39:11Z,0.0
TW3 1XU,SEPD,LV,1,TR7246,61,2026-07-21T11:39:11Z,2026-07-21T11:39:11Z,0.0
TW3 1YH,SEPD,LV,1,TR7246,61,2026-07-21T11:39:11Z,2026-07-21T11:39:11Z,0.0
TW3 1YJ,SEPD,LV,1,TR7246,61,2026-07-21T11:39:11Z,2026-07-21T11:39:11Z,0.0
TW3 2DA,SEPD,LV,1,TR7246,61,2026-07-21T11:39:11Z,2026-07-21T11:39:11Z,0.0
UB2 4BQ,SEPD,LV,1,TR1062,14,2026-07-17T01:04:58Z,2026-07-17T01:04:58Z,0.0
UB2 4DA,SEPD,LV,1,TR1062,14,2026-07-17T01:04:58Z,2026-07-17T01:04:58Z,0.0
UB2 4DD,SEPD,LV,1,TR6280,40,2026-07-21T01:10:47Z,2026-07-21T01:10:47Z,0.0
UB2 4JS,SEPD,LV,1,TR6280,40,2026-07-21T01:10:47Z,2026-07-21T01:10:47Z,0.0
UB2 5AA,SEPD,LV,1,TS1017,25,2026-07-23T15:26:04Z,2026-07-23T15:26:04Z,0.0
UB2 5AB,SEPD,LV,1,TS1017,25,2026-07-23T15:26:04Z,2026-07-23T15:26:04Z,0.0
UB2 5AH,SEPD,LV,1,TS1017,25,2026-07-23T15:26:04Z,2026-07-23T15:26:04Z,0.0
UB2 5AL,SEPD,LV,1,TS1017,25,2026-07-23T15:26:04Z,2026-07-23T15:26:04Z,0.0
UB2 5AQ,SEPD,LV,1,TS1017,25,2026-07-23T15:26:04Z,2026-07-23T15:26:04Z,0.0
UB2 5DP,SEPD,LV,1,TS1017,25,2026-07-23T15:26:04Z,2026-07-23T15:26:04Z,0.0
UB2 5PX,SEPD,LV,1,TR6280,40,2026-07-21T01:10:47Z,2026-07-21T01:10:47Z,0.0
UB2 5QJ,SEPD,LV,1,TR6280,40,2026-07-21T01:10:47Z,2026-07-21T01:10:47Z,0.0
UB2 5QL,SEPD,LV,1,TR6280,40,2026-07-21T01:10:47Z,2026-07-21T01:10:47Z,0.0
UB2 5QN,SEPD,LV,1,TR6280,40,2026-07-21T01:10:47Z,2026-07-21T01:10:47Z,0.0
UB2 5QP,SEPD,LV,1,TR6280,40,2026-07-21T01:10:47Z,2026-07-21T01:10:47Z,0.0
UB2 5QR,SEPD,LV,1,TR6280,40,2026-07-21T01:10:47Z,2026-07-21T01:10:47Z,0.0
UB2 5QS,SEPD,LV,1,TR6280,40,2026-07-21T01:10:47Z,2026-07-21T01:10:47Z,0.0
UB2 5QW,SEPD,LV,1,TR6280,40,2026-07-21T01:10:47Z,2026-07-21T01:10:47Z,0.0
W4 2QE,SEPD,LV,1,TR3053,12,2026-07-18T14:08:11Z,2026-07-18T14:08:11Z,0.0
W4 2RH,SEPD,LV,1,TR3053,12,2026-07-18T14:08:11Z,2026-07-18T14:08:11Z,0.0
ZE2 9DT,SHEPD,HV,1,TR1890,3,2026-07-17T14:08:22Z,2026-07-17T14:08:22Z,0.0
ZE2 9EF,SHEPD,HV,1,TR1890,3,2026-07-17T14:08:22Z,2026-07-17T14:08:22Z,0.0
