postcode,network,outage_type,outage_count,outage_refs,total_customers_affected,first_seen,last_seen,time_off_supply_hours_total_approx
RG4 9PP,SEPD,LV,1,UB7558,11,2026-10-09T15:42:01Z,2026-10-10T16:23:39Z,24.69
RG4 9PR,SEPD,LV,1,UB7558,11,2026-10-09T15:42:01Z,2026-10-10T16:23:39Z,24.69
RG4 9QD,SEPD,LV,1,UB7558,11,2026-10-09T15:42:01Z,2026-10-10T16:23:39Z,24.69
RG4 9QE,SEPD,LV,1,UB7558,11,2026-10-09T15:42:01Z,2026-10-10T16:23:39Z,24.69
RG4 9QG,SEPD,LV,1,UB7558,11,2026-10-09T15:42:01Z,2026-10-10T16:23:39Z,24.69
RG4 9QH,SEPD,LV,1,UB7558,11,2026-10-09T15:42:01Z,2026-10-10T16:23:39Z,24.69
RG4 9QJ,SEPD,LV,1,UB7558,11,2026-10-09T15:42:01Z,2026-10-10T16:23:39Z,24.69
RG4 9QL,SEPD,LV,1,UB7558,11,2026-10-09T15:42:01Z,2026-10-10T16:23:39Z,24.69
RG12 0PE,SEPD,LV,2,"UB1178,UB4651",78,2026-10-04T21:41:17Z,2026-10-08T17:01:24Z,24.57
RG12 0UJ,SEPD,LV,2,"UB1178,UB4651",78,2026-10-04T21:41:17Z,2026-10-08T17:01:24Z,24.57
RG12 0UL,SEPD,LV,2,"UB1178,UB4651",78,2026-10-04T21:41:17Z,2026-10-08T17:01:24Z,24.57
PO7 7EQ,SEPD,LV,1,UB8101,5,2026-10-09T20:22:19Z,2026-10-10T16:23:39Z,20.02
PO8 0BP,SEPD,LV,1,UB8101,5,2026-10-09T20:22:19Z,2026-10-10T16:23:39Z,20.02
PO8 0BU,SEPD,LV,1,UB8101,5,2026-10-09T20:22:19Z,2026-10-10T16:23:39Z,20.02
PO8 0BW,SEPD,LV,1,UB8101,5,2026-10-09T20:22:19Z,2026-10-10T16:23:39Z,20.02
PO8 0BX,SEPD,LV,1,UB8101,5,2026-10-09T20:22:19Z,2026-10-10T16:23:39Z,20.02
PO8 0WR,SEPD,LV,1,UB8101,5,2026-10-09T20:22:19Z,2026-10-10T16:23:39Z,20.02
SN25 2GZ,SEPD,HV,2,"UB1971,UB2886",438,2026-10-06T01:34:10Z,2026-10-07T05:43:39Z,19.45
SN5 3LD,SEPD,HV,2,"UB1971,UB2886",438,2026-10-06T01:34:10Z,2026-10-07T05:43:39Z,19.45
SN5 3LH,SEPD,HV,2,"UB1971,UB2886",438,2026-10-06T01:34:10Z,2026-10-07T05:43:39Z,19.45
SN5 3LP,SEPD,HV,2,"UB1971,UB2886",438,2026-10-06T01:34:10Z,2026-10-07T05:43:39Z,19.45
SN5 3LR,SEPD,HV,2,"UB1971,UB2886",438,2026-10-06T01:34:10Z,2026-10-07T05:43:39Z,19.45
SN5 3LS,SEPD,HV,2,"UB1971,UB2886",438,2026-10-06T01:34:10Z,2026-10-07T05:43:39Z,19.45
SN5 3LU,SEPD,HV,2,"UB1971,UB2886",438,2026-10-06T01:34:10Z,2026-10-07T05:43:39Z,19.45
SN5 3LW,SEPD,HV,2,"UB1971,UB2886",438,2026-10-06T01:34:10Z,2026-10-07T05:43:39Z,19.45
SN5 3LX,SEPD,HV,2,"UB1971,UB2886",438,2026-10-06T01:34:10Z,2026-10-07T05:43:39Z,19.45
SN5 3LY,SEPD,HV,2,"UB1971,UB2886",438,2026-10-06T01:34:10Z,2026-10-07T05:43:39Z,19.45
SN5 3LZ,SEPD,HV,2,"UB1971,UB2886",438,2026-10-06T01:34:10Z,2026-10-07T05:43:39Z,19.45
SN5 3NA,SEPD,HV,2,"UB1971,UB2886",438,2026-10-06T01:34:10Z,2026-10-07T05:43:39Z,19.45
SN5 3NB,SEPD,HV,2,"UB1971,UB2886",438,2026-10-06T01:34:10Z,2026-10-07T05:43:39Z,19.45
SN5 3NE,SEPD,HV,2,"UB1971,UB2886",438,2026-10-06T01:34:10Z,2026-10-07T05:43:39Z,19.45
SN5 3NG,SEPD,HV,2,"UB1971,UB2886",438,2026-10-06T01:34:10Z,2026-10-07T05:43:39Z,19.45
SN5 3NH,SEPD,HV,2,"UB1971,UB2886",438,2026-10-06T01:34:10Z,2026-10-07T05:43:39Z,19.45
SN5 3NQ,SEPD,HV,2,"UB1971,UB2886",438,2026-10-06T01:34:10Z,2026-10-07T05:43:39Z,19.45
SN5 3NR,SEPD,HV,2,"UB1971,UB2886",438,2026-10-06T01:34:10Z,2026-10-07T05:43:39Z,19.45
SN5 3NT,SEPD,HV,2,"UB1971,UB2886",438,2026-10-06T01:34:10Z,2026-10-07T05:43:39Z,19.45
SN5 3WS,SEPD,HV,2,"UB1971,UB2886",438,2026-10-06T01:34:10Z,2026-10-07T05:43:39Z,19.45
SN5 4BG,SEPD,HV,2,"UB1971,UB2886",438,2026-10-06T01:34:10Z,2026-10-07T05:43:39Z,19.45
PO19 6PA,SEPD,LV,1,UB6509,24,2026-10-08T22:01:24Z,2026-10-09T15:42:01Z,17.68
PO19 6PB,SEPD,LV,1,UB6509,24,2026-10-08T22:01:24Z,2026-10-09T15:42:01Z,17.68
PO19 6RN,SEPD,LV,1,UB6509,24,2026-10-08T22:01:24Z,2026-10-09T15:42:01Z,17.68
BA11,SEPD,LV,1,UB2308,4,2026-10-06T20:21:48Z,2026-10-07T12:03:52Z,15.7
BA11 4BG,SEPD,LV,1,UB2308,4,2026-10-06T20:21:48Z,2026-10-07T12:03:52Z,15.7
UB2 4BT,SEPD,LV,2,"UB8288,UB8389",34,2026-10-10T11:26:25Z,2026-10-11T02:13:40Z,14.79
UB2 4NS,SEPD,LV,2,"UB8288,UB8389",34,2026-10-10T11:26:25Z,2026-10-11T02:13:40Z,14.79
RG31 6LY,SEPD,LV,1,UB4260,19,2026-10-07T18:58:09Z,2026-10-08T09:45:35Z,14.79
RG31 6LZ,SEPD,LV,1,UB4260,19,2026-10-07T18:58:09Z,2026-10-08T09:45:35Z,14.79
UB2 4BU,SEPD,LV,1,UB8288,10,2026-10-10T11:26:25Z,2026-10-11T02:13:40Z,14.79
UB2 4QE,SEPD,LV,1,UB8288,10,2026-10-10T11:26:25Z,2026-10-11T02:13:40Z,14.79
UB2 4RP,SEPD,LV,1,UB8288,10,2026-10-10T11:26:25Z,2026-10-11T02:13:40Z,14.79
PH1 3AF,SHEPD,PSI,5,"254726,254761,255119,255390,255512",236,2026-10-05T00:12:33Z,2026-10-10T11:26:25Z,12.77
SN5 3LE,SEPD,HV,2,"UB1971,UB2886",438,2026-10-06T01:34:10Z,2026-10-07T05:43:39Z,12.34
SN5 3NF,SEPD,HV,2,"UB1971,UB2886",438,2026-10-06T01:34:10Z,2026-10-07T05:43:39Z,12.34
SN5 3NJ,SEPD,HV,2,"UB1971,UB2886",438,2026-10-06T01:34:10Z,2026-10-07T05:43:39Z,12.34
SN16 0HU,SEPD,"HV,LV",2,"UB5197,UB8241",33,2026-10-08T09:45:35Z,2026-10-10T11:26:25Z,12.26
SN16 0HX,SEPD,"HV,LV",2,"UB5197,UB8241",33,2026-10-08T09:45:35Z,2026-10-10T11:26:25Z,12.26
GL8 8RH,SEPD,HV,1,UB5197,31,2026-10-08T09:45:35Z,2026-10-08T22:01:24Z,12.26
GL8 8RP,SEPD,HV,1,UB5197,31,2026-10-08T09:45:35Z,2026-10-08T22:01:24Z,12.26
SN16 0HY,SEPD,HV,1,UB5197,31,2026-10-08T09:45:35Z,2026-10-08T22:01:24Z,12.26
SN16 9SP,SEPD,HV,1,UB5197,31,2026-10-08T09:45:35Z,2026-10-08T22:01:24Z,12.26
SN16 9SR,SEPD,HV,1,UB5197,31,2026-10-08T09:45:35Z,2026-10-08T22:01:24Z,12.26
GL54 2EB,SEPD,LV,1,UB2965,22,2026-10-06T23:56:15Z,2026-10-07T12:03:52Z,12.13
GL54 2EH,SEPD,LV,1,UB2965,22,2026-10-06T23:56:15Z,2026-10-07T12:03:52Z,12.13
GL54 2EL,SEPD,LV,1,UB2965,22,2026-10-06T23:56:15Z,2026-10-07T12:03:52Z,12.13
GL54 2FH,SEPD,LV,1,UB2965,22,2026-10-06T23:56:15Z,2026-10-07T12:03:52Z,12.13
RG21 5TS,SEPD,LV,3,"UB0980,UB2467,UB3055",15,2026-10-04T08:45:17Z,2026-10-07T23:26:23Z,11.38
RG21 5TU,SEPD,LV,3,"UB0980,UB2467,UB3055",15,2026-10-04T08:45:17Z,2026-10-07T23:26:23Z,11.38
OX49 5SH,SEPD,LV,1,UB3324,3,2026-10-07T12:03:52Z,2026-10-07T23:26:23Z,11.38
OX49 5SJ,SEPD,LV,1,UB3324,3,2026-10-07T12:03:52Z,2026-10-07T23:26:23Z,11.38
OX49 5SL,SEPD,LV,1,UB3324,3,2026-10-07T12:03:52Z,2026-10-07T23:26:23Z,11.38
OX49 5SN,SEPD,LV,1,UB3324,3,2026-10-07T12:03:52Z,2026-10-07T23:26:23Z,11.38
GU11 1HT,SEPD,LV,1,UB8065,30,2026-10-10T00:08:31Z,2026-10-10T11:26:25Z,11.3
GU11 1JE,SEPD,LV,1,UB8065,30,2026-10-10T00:08:31Z,2026-10-10T11:26:25Z,11.3
GU11 1JX,SEPD,LV,1,UB8065,30,2026-10-10T00:08:31Z,2026-10-10T11:26:25Z,11.3
GU11 1LZ,SEPD,LV,1,UB8065,30,2026-10-10T00:08:31Z,2026-10-10T11:26:25Z,11.3
TW16 7PJ,SEPD,LV,1,UB8196,62,2026-10-10T00:08:31Z,2026-10-10T11:26:25Z,11.3
TW16 7PL,SEPD,LV,1,UB8196,62,2026-10-10T00:08:31Z,2026-10-10T11:26:25Z,11.3
TW16 7PT,SEPD,LV,1,UB8196,62,2026-10-10T00:08:31Z,2026-10-10T11:26:25Z,11.3
TW16 7PU,SEPD,LV,1,UB8196,62,2026-10-10T00:08:31Z,2026-10-10T11:26:25Z,11.3
TW16 7PZ,SEPD,LV,1,UB8196,62,2026-10-10T00:08:31Z,2026-10-10T11:26:25Z,11.3
TW16 7QD,SEPD,LV,1,UB8196,62,2026-10-10T00:08:31Z,2026-10-10T11:26:25Z,11.3
TW16 7RE,SEPD,LV,1,UB8196,62,2026-10-10T00:08:31Z,2026-10-10T11:26:25Z,11.3
TW16 7RG,SEPD,LV,1,UB8196,62,2026-10-10T00:08:31Z,2026-10-10T11:26:25Z,11.3
TW16 7RQ,SEPD,LV,1,UB8196,62,2026-10-10T00:08:31Z,2026-10-10T11:26:25Z,11.3
TW16 7SH,SEPD,LV,1,UB8196,62,2026-10-10T00:08:31Z,2026-10-10T11:26:25Z,11.3
GL7 7DF,SEPD,HV,2,"UB3036,UB7283",202,2026-10-07T05:43:39Z,2026-10-09T20:22:19Z,11.01
HP14 3FP,SEPD,LV,1,UB7224,6,2026-10-09T20:22:19Z,2026-10-10T05:52:14Z,9.5
HP14 3FY,SEPD,LV,1,UB7224,6,2026-10-09T20:22:19Z,2026-10-10T05:52:14Z,9.5
HP14 3HW,SEPD,LV,1,UB7224,6,2026-10-09T20:22:19Z,2026-10-10T05:52:14Z,9.5
HP14 3RG,SEPD,LV,1,UB7224,6,2026-10-09T20:22:19Z,2026-10-10T05:52:14Z,9.5
HP14 3RH,SEPD,LV,1,UB7224,6,2026-10-09T20:22:19Z,2026-10-10T05:52:14Z,9.5
HP14 3RJ,SEPD,LV,1,UB7224,6,2026-10-09T20:22:19Z,2026-10-10T05:52:14Z,9.5
HP14 3RN,SEPD,LV,1,UB7224,6,2026-10-09T20:22:19Z,2026-10-10T05:52:14Z,9.5
HP14 3RP,SEPD,LV,1,UB7224,6,2026-10-09T20:22:19Z,2026-10-10T05:52:14Z,9.5
HP14 3RQ,SEPD,LV,1,UB7224,6,2026-10-09T20:22:19Z,2026-10-10T05:52:14Z,9.5
HP14 3SU,SEPD,LV,1,UB7224,6,2026-10-09T20:22:19Z,2026-10-10T05:52:14Z,9.5
PO22 0JX,SEPD,LV,1,UB8048,12,2026-10-09T20:22:19Z,2026-10-10T05:52:14Z,9.5
PO22 0LR,SEPD,LV,1,UB8048,12,2026-10-09T20:22:19Z,2026-10-10T05:52:14Z,9.5
HP14 3BB,SEPD,LV,1,UB4627,28,2026-10-07T18:58:09Z,2026-10-08T02:53:07Z,7.92
HP14 3BD,SEPD,LV,1,UB4627,28,2026-10-07T18:58:09Z,2026-10-08T02:53:07Z,7.92
HP14 3BE,SEPD,LV,1,UB4627,28,2026-10-07T18:58:09Z,2026-10-08T02:53:07Z,7.92
HP14 3BP,SEPD,LV,1,UB4627,28,2026-10-07T18:58:09Z,2026-10-08T02:53:07Z,7.92
HP14 3BS,SEPD,LV,1,UB4627,28,2026-10-07T18:58:09Z,2026-10-08T02:53:07Z,7.92
HP14 3BT,SEPD,LV,1,UB4627,28,2026-10-07T18:58:09Z,2026-10-08T02:53:07Z,7.92
IV10 8SJ,SHEPD,PSI,3,"254724,254725,254726",55,2026-10-06T15:13:47Z,2026-10-08T17:01:24Z,7.26
IV10 8SN,SHEPD,PSI,3,"254724,254726,254733",44,2026-10-07T12:03:52Z,2026-10-08T17:01:24Z,7.26
IV41 8PH,SHEPD,PSI,2,"255235,255452",561,2026-10-08T09:45:35Z,2026-10-08T17:01:24Z,7.26
IV41 8PJ,SHEPD,PSI,2,"255235,255452",561,2026-10-08T09:45:35Z,2026-10-08T17:01:24Z,7.26
IV41 8PS,SHEPD,PSI,2,"255235,255452",561,2026-10-08T09:45:35Z,2026-10-08T17:01:24Z,7.26
IV41 8PT,SHEPD,PSI,2,"255235,255452",561,2026-10-08T09:45:35Z,2026-10-08T17:01:24Z,7.26
IV41 8PW,SHEPD,PSI,2,"255235,255452",561,2026-10-08T09:45:35Z,2026-10-08T17:01:24Z,7.26
PO21 3PZ,SEPD,PSI,1,255451,4,2026-10-08T09:45:35Z,2026-10-08T17:01:24Z,7.26
PO21 3TD,SEPD,PSI,1,255451,4,2026-10-08T09:45:35Z,2026-10-08T17:01:24Z,7.26
PO21 4NG,SEPD,PSI,1,255451,4,2026-10-08T09:45:35Z,2026-10-08T17:01:24Z,7.26
BH1 3BE,SEPD,LV,1,UB3317,51,2026-10-07T12:03:52Z,2026-10-07T18:58:09Z,6.9
BH1 3NS,SEPD,LV,1,UB3317,51,2026-10-07T12:03:52Z,2026-10-07T18:58:09Z,6.9
BH1 3NX,SEPD,LV,1,UB3317,51,2026-10-07T12:03:52Z,2026-10-07T18:58:09Z,6.9
BH1 3PA,SEPD,LV,1,UB3317,51,2026-10-07T12:03:52Z,2026-10-07T18:58:09Z,6.9
BH1 3PE,SEPD,LV,1,UB3317,51,2026-10-07T12:03:52Z,2026-10-07T18:58:09Z,6.9
BH1 3PH,SEPD,LV,1,UB3317,51,2026-10-07T12:03:52Z,2026-10-07T18:58:09Z,6.9
BH1 3PZ,SEPD,LV,1,UB3317,51,2026-10-07T12:03:52Z,2026-10-07T18:58:09Z,6.9
BH1 3QD,SEPD,LV,1,UB3317,51,2026-10-07T12:03:52Z,2026-10-07T18:58:09Z,6.9
RG2 9AA,SEPD,LV,1,UB5178,8,2026-10-08T02:53:07Z,2026-10-08T09:45:35Z,6.87
RG2 9AF,SEPD,LV,1,UB5178,8,2026-10-08T02:53:07Z,2026-10-08T09:45:35Z,6.87
RG2 9AG,SEPD,LV,1,UB5178,8,2026-10-08T02:53:07Z,2026-10-08T09:45:35Z,6.87
RG2 9AJ,SEPD,LV,1,UB5178,8,2026-10-08T02:53:07Z,2026-10-08T09:45:35Z,6.87
RG2 9AL,SEPD,LV,1,UB5178,8,2026-10-08T02:53:07Z,2026-10-08T09:45:35Z,6.87
RG2 9LB,SEPD,LV,1,UB5178,8,2026-10-08T02:53:07Z,2026-10-08T09:45:35Z,6.87
PH33 6LS,SHEPD,LV,1,UB6813,9,2026-10-09T08:53:53Z,2026-10-09T15:42:01Z,6.8
PH33 6LY,SHEPD,LV,1,UB6813,9,2026-10-09T08:53:53Z,2026-10-09T15:42:01Z,6.8
PH33 6NB,SHEPD,LV,1,UB6813,9,2026-10-09T08:53:53Z,2026-10-09T15:42:01Z,6.8
PH33 6PP,SHEPD,LV,1,UB6813,9,2026-10-09T08:53:53Z,2026-10-09T15:42:01Z,6.8
PH33 6TQ,SHEPD,LV,1,UB6813,9,2026-10-09T08:53:53Z,2026-10-09T15:42:01Z,6.8
AB42 2BG,SHEPD,LV,1,UB0862,11,2026-10-04T02:13:41Z,2026-10-04T08:45:17Z,6.53
SO31 9EW,SEPD,LV,1,UB0952,24,2026-10-04T02:13:41Z,2026-10-04T08:45:17Z,6.53
SO31 9GD,SEPD,LV,1,UB0952,24,2026-10-04T02:13:41Z,2026-10-04T08:45:17Z,6.53
SO31 9RW,SEPD,LV,1,UB0952,24,2026-10-04T02:13:41Z,2026-10-04T08:45:17Z,6.53
SO31 9RX,SEPD,LV,1,UB0952,24,2026-10-04T02:13:41Z,2026-10-04T08:45:17Z,6.53
SO31 9RY,SEPD,LV,1,UB0952,24,2026-10-04T02:13:41Z,2026-10-04T08:45:17Z,6.53
SO31 9RZ,SEPD,LV,1,UB0952,24,2026-10-04T02:13:41Z,2026-10-04T08:45:17Z,6.53
IV2 6TY,SHEPD,HV,1,UB8798,102,2026-10-10T20:13:36Z,2026-10-11T02:13:40Z,6.0
IV2 6TZ,SHEPD,HV,1,UB8798,102,2026-10-10T20:13:36Z,2026-10-11T02:13:40Z,6.0
IV2 6UB,SHEPD,HV,1,UB8798,102,2026-10-10T20:13:36Z,2026-10-11T02:13:40Z,6.0
IV2 6UD,SHEPD,HV,1,UB8798,102,2026-10-10T20:13:36Z,2026-10-11T02:13:40Z,6.0
IV2 6UE,SHEPD,HV,1,UB8798,102,2026-10-10T20:13:36Z,2026-10-11T02:13:40Z,6.0
IV2 6UG,SHEPD,HV,1,UB8798,102,2026-10-10T20:13:36Z,2026-10-11T02:13:40Z,6.0
IV2 6UH,SHEPD,HV,1,UB8798,102,2026-10-10T20:13:36Z,2026-10-11T02:13:40Z,6.0
IV2 6UJ,SHEPD,HV,1,UB8798,102,2026-10-10T20:13:36Z,2026-10-11T02:13:40Z,6.0
IV2 6XJ,SHEPD,HV,1,UB8798,102,2026-10-10T20:13:36Z,2026-10-11T02:13:40Z,6.0
SN4 8DY,SEPD,HV,2,"UB1971,UB2886",438,2026-10-06T01:34:10Z,2026-10-07T05:43:39Z,5.79
SN4 8DZ,SEPD,HV,2,"UB1971,UB2886",438,2026-10-06T01:34:10Z,2026-10-07T05:43:39Z,5.79
SN4 8EA,SEPD,HV,2,"UB1971,UB2886",438,2026-10-06T01:34:10Z,2026-10-07T05:43:39Z,5.79
SN4 8EF,SEPD,HV,2,"UB1971,UB2886",438,2026-10-06T01:34:10Z,2026-10-07T05:43:39Z,5.79
SN4 8EG,SEPD,HV,2,"UB1971,UB2886",438,2026-10-06T01:34:10Z,2026-10-07T05:43:39Z,5.79
SN4 8EQ,SEPD,HV,2,"UB1971,UB2886",438,2026-10-06T01:34:10Z,2026-10-07T05:43:39Z,5.79
SN5 3LT,SEPD,HV,2,"UB1971,UB2886",438,2026-10-06T01:34:10Z,2026-10-07T05:43:39Z,5.79
SN5 4EG,SEPD,HV,2,"UB1971,UB2886",438,2026-10-06T01:34:10Z,2026-10-07T05:43:39Z,5.79
SN5 4LW,SEPD,HV,2,"UB1971,UB2886",438,2026-10-06T01:34:10Z,2026-10-07T05:43:39Z,5.79
SN5 4LX,SEPD,HV,2,"UB1971,UB2886",438,2026-10-06T01:34:10Z,2026-10-07T05:43:39Z,5.79
SN4,SEPD,HV,1,UB2886,153,2026-10-06T23:56:15Z,2026-10-07T05:43:39Z,5.79
SN4 7GZ,SEPD,HV,1,UB2886,153,2026-10-06T23:56:15Z,2026-10-07T05:43:39Z,5.79
SN4 7HB,SEPD,HV,1,UB2886,153,2026-10-06T23:56:15Z,2026-10-07T05:43:39Z,5.79
SN4 7HT,SEPD,HV,1,UB2886,153,2026-10-06T23:56:15Z,2026-10-07T05:43:39Z,5.79
SN4 7JA,SEPD,HV,1,UB2886,153,2026-10-06T23:56:15Z,2026-10-07T05:43:39Z,5.79
SN4 7JB,SEPD,HV,1,UB2886,153,2026-10-06T23:56:15Z,2026-10-07T05:43:39Z,5.79
SN4 7JD,SEPD,HV,1,UB2886,153,2026-10-06T23:56:15Z,2026-10-07T05:43:39Z,5.79
SN4 7SA,SEPD,HV,1,UB2886,153,2026-10-06T23:56:15Z,2026-10-07T05:43:39Z,5.79
SN4 8DP,SEPD,HV,1,UB2886,153,2026-10-06T23:56:15Z,2026-10-07T05:43:39Z,5.79
SN4 8DR,SEPD,HV,1,UB2886,153,2026-10-06T23:56:15Z,2026-10-07T05:43:39Z,5.79
SN4 8DS,SEPD,HV,1,UB2886,153,2026-10-06T23:56:15Z,2026-10-07T05:43:39Z,5.79
SN4 8DT,SEPD,HV,1,UB2886,153,2026-10-06T23:56:15Z,2026-10-07T05:43:39Z,5.79
SN4 8EB,SEPD,HV,1,UB2886,153,2026-10-06T23:56:15Z,2026-10-07T05:43:39Z,5.79
SN4 8ED,SEPD,HV,1,UB2886,153,2026-10-06T23:56:15Z,2026-10-07T05:43:39Z,5.79
SN4 8EE,SEPD,HV,1,UB2886,153,2026-10-06T23:56:15Z,2026-10-07T05:43:39Z,5.79
SN4 8EJ,SEPD,HV,1,UB2886,153,2026-10-06T23:56:15Z,2026-10-07T05:43:39Z,5.79
SN4 8EL,SEPD,HV,1,UB2886,153,2026-10-06T23:56:15Z,2026-10-07T05:43:39Z,5.79
SN4 8EP,SEPD,HV,1,UB2886,153,2026-10-06T23:56:15Z,2026-10-07T05:43:39Z,5.79
SN4 8ER,SEPD,HV,1,UB2886,153,2026-10-06T23:56:15Z,2026-10-07T05:43:39Z,5.79
SN4 8ES,SEPD,HV,1,UB2886,153,2026-10-06T23:56:15Z,2026-10-07T05:43:39Z,5.79
SN4 8ET,SEPD,HV,1,UB2886,153,2026-10-06T23:56:15Z,2026-10-07T05:43:39Z,5.79
SN4 8EU,SEPD,HV,1,UB2886,153,2026-10-06T23:56:15Z,2026-10-07T05:43:39Z,5.79
SN4 8FB,SEPD,HV,1,UB2886,153,2026-10-06T23:56:15Z,2026-10-07T05:43:39Z,5.79
SN4 8FD,SEPD,HV,1,UB2886,153,2026-10-06T23:56:15Z,2026-10-07T05:43:39Z,5.79
SN4 8FE,SEPD,HV,1,UB2886,153,2026-10-06T23:56:15Z,2026-10-07T05:43:39Z,5.79
SN4 8FF,SEPD,HV,1,UB2886,153,2026-10-06T23:56:15Z,2026-10-07T05:43:39Z,5.79
SN4 8FG,SEPD,HV,1,UB2886,153,2026-10-06T23:56:15Z,2026-10-07T05:43:39Z,5.79
SN4 8FH,SEPD,HV,1,UB2886,153,2026-10-06T23:56:15Z,2026-10-07T05:43:39Z,5.79
SN4 8FJ,SEPD,HV,1,UB2886,153,2026-10-06T23:56:15Z,2026-10-07T05:43:39Z,5.79
SN4 8FL,SEPD,HV,1,UB2886,153,2026-10-06T23:56:15Z,2026-10-07T05:43:39Z,5.79
SN4 8FN,SEPD,HV,1,UB2886,153,2026-10-06T23:56:15Z,2026-10-07T05:43:39Z,5.79
SN4 8FP,SEPD,HV,1,UB2886,153,2026-10-06T23:56:15Z,2026-10-07T05:43:39Z,5.79
SN4 8FQ,SEPD,HV,1,UB2886,153,2026-10-06T23:56:15Z,2026-10-07T05:43:39Z,5.79
SN4 8FY,SEPD,HV,1,UB2886,153,2026-10-06T23:56:15Z,2026-10-07T05:43:39Z,5.79
SN4 8GA,SEPD,HV,1,UB2886,153,2026-10-06T23:56:15Z,2026-10-07T05:43:39Z,5.79
SN4 8JA,SEPD,HV,1,UB2886,153,2026-10-06T23:56:15Z,2026-10-07T05:43:39Z,5.79
SN4 8LG,SEPD,HV,1,UB2886,153,2026-10-06T23:56:15Z,2026-10-07T05:43:39Z,5.79
SN4 8LH,SEPD,HV,1,UB2886,153,2026-10-06T23:56:15Z,2026-10-07T05:43:39Z,5.79
SN4 8LJ,SEPD,HV,1,UB2886,153,2026-10-06T23:56:15Z,2026-10-07T05:43:39Z,5.79
SN4 8LL,SEPD,HV,1,UB2886,153,2026-10-06T23:56:15Z,2026-10-07T05:43:39Z,5.79
SN4 8LP,SEPD,HV,1,UB2886,153,2026-10-06T23:56:15Z,2026-10-07T05:43:39Z,5.79
SN4 8LQ,SEPD,HV,1,UB2886,153,2026-10-06T23:56:15Z,2026-10-07T05:43:39Z,5.79
SN4 8LR,SEPD,HV,1,UB2886,153,2026-10-06T23:56:15Z,2026-10-07T05:43:39Z,5.79
SN4 8LS,SEPD,HV,1,UB2886,153,2026-10-06T23:56:15Z,2026-10-07T05:43:39Z,5.79
SN4 8LT,SEPD,HV,1,UB2886,153,2026-10-06T23:56:15Z,2026-10-07T05:43:39Z,5.79
SN4 8LU,SEPD,HV,1,UB2886,153,2026-10-06T23:56:15Z,2026-10-07T05:43:39Z,5.79
SN4 8LW,SEPD,HV,1,UB2886,153,2026-10-06T23:56:15Z,2026-10-07T05:43:39Z,5.79
SN4 8LX,SEPD,HV,1,UB2886,153,2026-10-06T23:56:15Z,2026-10-07T05:43:39Z,5.79
SN4 8LY,SEPD,HV,1,UB2886,153,2026-10-06T23:56:15Z,2026-10-07T05:43:39Z,5.79
SN4 8LZ,SEPD,HV,1,UB2886,153,2026-10-06T23:56:15Z,2026-10-07T05:43:39Z,5.79
SN4 8NA,SEPD,HV,1,UB2886,153,2026-10-06T23:56:15Z,2026-10-07T05:43:39Z,5.79
SN4 8NB,SEPD,HV,1,UB2886,153,2026-10-06T23:56:15Z,2026-10-07T05:43:39Z,5.79
SN4 8ND,SEPD,HV,1,UB2886,153,2026-10-06T23:56:15Z,2026-10-07T05:43:39Z,5.79
SN4 8NE,SEPD,HV,1,UB2886,153,2026-10-06T23:56:15Z,2026-10-07T05:43:39Z,5.79
SN4 8NF,SEPD,HV,1,UB2886,153,2026-10-06T23:56:15Z,2026-10-07T05:43:39Z,5.79
SN4 8NG,SEPD,HV,1,UB2886,153,2026-10-06T23:56:15Z,2026-10-07T05:43:39Z,5.79
SN4 8NH,SEPD,HV,1,UB2886,153,2026-10-06T23:56:15Z,2026-10-07T05:43:39Z,5.79
SN4 8NJ,SEPD,HV,1,UB2886,153,2026-10-06T23:56:15Z,2026-10-07T05:43:39Z,5.79
SN4 8NL,SEPD,HV,1,UB2886,153,2026-10-06T23:56:15Z,2026-10-07T05:43:39Z,5.79
SN4 8NQ,SEPD,HV,1,UB2886,153,2026-10-06T23:56:15Z,2026-10-07T05:43:39Z,5.79
SN4 8NT,SEPD,HV,1,UB2886,153,2026-10-06T23:56:15Z,2026-10-07T05:43:39Z,5.79
SN4 8NU,SEPD,HV,1,UB2886,153,2026-10-06T23:56:15Z,2026-10-07T05:43:39Z,5.79
SN4 8PA,SEPD,HV,1,UB2886,153,2026-10-06T23:56:15Z,2026-10-07T05:43:39Z,5.79
SN4 8QA,SEPD,HV,1,UB2886,153,2026-10-06T23:56:15Z,2026-10-07T05:43:39Z,5.79
SN4 8QE,SEPD,HV,1,UB2886,153,2026-10-06T23:56:15Z,2026-10-07T05:43:39Z,5.79
SN4 8QP,SEPD,HV,1,UB2886,153,2026-10-06T23:56:15Z,2026-10-07T05:43:39Z,5.79
SN4 8QR,SEPD,HV,1,UB2886,153,2026-10-06T23:56:15Z,2026-10-07T05:43:39Z,5.79
SN4 8QS,SEPD,HV,1,UB2886,153,2026-10-06T23:56:15Z,2026-10-07T05:43:39Z,5.79
SN4 8QU,SEPD,HV,1,UB2886,153,2026-10-06T23:56:15Z,2026-10-07T05:43:39Z,5.79
SN4 8QX,SEPD,HV,1,UB2886,153,2026-10-06T23:56:15Z,2026-10-07T05:43:39Z,5.79
SN4 8RB,SEPD,HV,1,UB2886,153,2026-10-06T23:56:15Z,2026-10-07T05:43:39Z,5.79
SN4 9QT,SEPD,HV,1,UB2886,153,2026-10-06T23:56:15Z,2026-10-07T05:43:39Z,5.79
SN5 3NY,SEPD,HV,1,UB2886,153,2026-10-06T23:56:15Z,2026-10-07T05:43:39Z,5.79
GU8 5UB,SEPD,LV,1,UB0971,8,2026-10-04T08:45:17Z,2026-10-04T14:28:42Z,5.72
GU8 5UG,SEPD,LV,1,UB0971,8,2026-10-04T08:45:17Z,2026-10-04T14:28:42Z,5.72
GU8 5UQ,SEPD,LV,1,UB0971,8,2026-10-04T08:45:17Z,2026-10-04T14:28:42Z,5.72
GU8 5UU,SEPD,LV,1,UB0971,8,2026-10-04T08:45:17Z,2026-10-04T14:28:42Z,5.72
SL9 0DZ,SEPD,PSI,1,255086,3,2026-10-04T08:45:17Z,2026-10-04T14:28:42Z,5.72
SL9 9DW,SEPD,PSI,1,255086,3,2026-10-04T08:45:17Z,2026-10-04T14:28:42Z,5.72
TW16 7HE,SEPD,PSI,1,255280,9,2026-10-04T08:45:17Z,2026-10-04T14:28:42Z,5.72
IV24 3DP,SHEPD,PSI,1,254761,60,2026-10-05T00:12:33Z,2026-10-05T05:43:27Z,5.51
IV24 3DW,SHEPD,PSI,1,254761,60,2026-10-05T00:12:33Z,2026-10-05T05:43:27Z,5.51
IV27 4BD,SHEPD,PSI,1,254761,60,2026-10-05T00:12:33Z,2026-10-05T05:43:27Z,5.51
IV27 4BE,SHEPD,PSI,1,254761,60,2026-10-05T00:12:33Z,2026-10-05T05:43:27Z,5.51
IV27 4BH,SHEPD,PSI,1,254761,60,2026-10-05T00:12:33Z,2026-10-05T05:43:27Z,5.51
IV27 4BQ,SHEPD,PSI,1,254761,60,2026-10-05T00:12:33Z,2026-10-05T05:43:27Z,5.51
IV27 4HE,SHEPD,PSI,1,254761,60,2026-10-05T00:12:33Z,2026-10-05T05:43:27Z,5.51
BA8 0AB,SEPD,HV,1,UB2394,129,2026-10-06T15:13:47Z,2026-10-06T20:21:48Z,5.13
BA8 0AD,SEPD,HV,1,UB2394,129,2026-10-06T15:13:47Z,2026-10-06T20:21:48Z,5.13
BA8 0AE,SEPD,HV,1,UB2394,129,2026-10-06T15:13:47Z,2026-10-06T20:21:48Z,5.13
BA8 0AG,SEPD,HV,1,UB2394,129,2026-10-06T15:13:47Z,2026-10-06T20:21:48Z,5.13
BA8 0AH,SEPD,HV,1,UB2394,129,2026-10-06T15:13:47Z,2026-10-06T20:21:48Z,5.13
BA8 0AJ,SEPD,HV,1,UB2394,129,2026-10-06T15:13:47Z,2026-10-06T20:21:48Z,5.13
BA8 0AL,SEPD,HV,1,UB2394,129,2026-10-06T15:13:47Z,2026-10-06T20:21:48Z,5.13
BA8 0AN,SEPD,HV,1,UB2394,129,2026-10-06T15:13:47Z,2026-10-06T20:21:48Z,5.13
BA8 0AP,SEPD,HV,1,UB2394,129,2026-10-06T15:13:47Z,2026-10-06T20:21:48Z,5.13
BA8 0AQ,SEPD,HV,1,UB2394,129,2026-10-06T15:13:47Z,2026-10-06T20:21:48Z,5.13
BA8 0AR,SEPD,HV,1,UB2394,129,2026-10-06T15:13:47Z,2026-10-06T20:21:48Z,5.13
BA8 0HR,SEPD,HV,1,UB2394,129,2026-10-06T15:13:47Z,2026-10-06T20:21:48Z,5.13
RG22 5FJ,SEPD,LV,1,UB2223,9,2026-10-06T15:13:47Z,2026-10-06T20:21:48Z,5.13
RG22 5LL,SEPD,LV,1,UB2223,9,2026-10-06T15:13:47Z,2026-10-06T20:21:48Z,5.13
RG22 5NY,SEPD,LV,1,UB2223,9,2026-10-06T15:13:47Z,2026-10-06T20:21:48Z,5.13
RG30 1LL,SEPD,LV,1,UB5419,20,2026-10-08T17:01:24Z,2026-10-08T22:01:24Z,5.0
RG30 1LN,SEPD,LV,1,UB5419,20,2026-10-08T17:01:24Z,2026-10-08T22:01:24Z,5.0
RG30 1LP,SEPD,LV,1,UB5419,20,2026-10-08T17:01:24Z,2026-10-08T22:01:24Z,5.0
PO33 4SA,SEPD,PSI,2,"255002,255013",20,2026-10-06T15:13:47Z,2026-10-10T16:23:39Z,4.95
W5 2NG,SEPD,LV,1,UB8251,25,2026-10-10T11:26:25Z,2026-10-10T16:23:39Z,4.95
W5 2NQ,SEPD,LV,1,UB8251,25,2026-10-10T11:26:25Z,2026-10-10T16:23:39Z,4.95
W5 2NZ,SEPD,LV,1,UB8251,25,2026-10-10T11:26:25Z,2026-10-10T16:23:39Z,4.95
W5 2PD,SEPD,LV,1,UB8251,25,2026-10-10T11:26:25Z,2026-10-10T16:23:39Z,4.95
W5 2RX,SEPD,LV,1,UB8251,25,2026-10-10T11:26:25Z,2026-10-10T16:23:39Z,4.95
W5 2UP,SEPD,LV,1,UB8251,25,2026-10-10T11:26:25Z,2026-10-10T16:23:39Z,4.95
BA14 7EB,SEPD,LV,1,UB0991,11,2026-10-09T15:42:01Z,2026-10-09T20:22:19Z,4.67
BA14 7EU,SEPD,LV,1,UB0991,11,2026-10-09T15:42:01Z,2026-10-09T20:22:19Z,4.67
BA14 7HB,SEPD,LV,1,UB0991,11,2026-10-09T15:42:01Z,2026-10-09T20:22:19Z,4.67
BA14 7JD,SEPD,LV,1,UB0991,11,2026-10-09T15:42:01Z,2026-10-09T20:22:19Z,4.67
BH1 4QJ,SEPD,LV,1,UB7219,13,2026-10-09T15:42:01Z,2026-10-09T20:22:19Z,4.67
GL53 9NP,SEPD,HV,1,UB7283,187,2026-10-09T15:42:01Z,2026-10-09T20:22:19Z,4.67
GL53 9NR,SEPD,HV,1,UB7283,187,2026-10-09T15:42:01Z,2026-10-09T20:22:19Z,4.67
GL53 9NS,SEPD,HV,1,UB7283,187,2026-10-09T15:42:01Z,2026-10-09T20:22:19Z,4.67
GL54 4BH,SEPD,HV,1,UB7283,187,2026-10-09T15:42:01Z,2026-10-09T20:22:19Z,4.67
GL54 4NR,SEPD,HV,1,UB7283,187,2026-10-09T15:42:01Z,2026-10-09T20:22:19Z,4.67
GL54 4NS,SEPD,HV,1,UB7283,187,2026-10-09T15:42:01Z,2026-10-09T20:22:19Z,4.67
GL54 4NT,SEPD,HV,1,UB7283,187,2026-10-09T15:42:01Z,2026-10-09T20:22:19Z,4.67
GL54 4NU,SEPD,HV,1,UB7283,187,2026-10-09T15:42:01Z,2026-10-09T20:22:19Z,4.67
GL54 4NX,SEPD,HV,1,UB7283,187,2026-10-09T15:42:01Z,2026-10-09T20:22:19Z,4.67
GL7 7DG,SEPD,HV,1,UB7283,187,2026-10-09T15:42:01Z,2026-10-09T20:22:19Z,4.67
GL7 7ER,SEPD,HV,1,UB7283,187,2026-10-09T15:42:01Z,2026-10-09T20:22:19Z,4.67
GL7 7ES,SEPD,HV,1,UB7283,187,2026-10-09T15:42:01Z,2026-10-09T20:22:19Z,4.67
GL7 7ET,SEPD,HV,1,UB7283,187,2026-10-09T15:42:01Z,2026-10-09T20:22:19Z,4.67
GL7 7EU,SEPD,HV,1,UB7283,187,2026-10-09T15:42:01Z,2026-10-09T20:22:19Z,4.67
GL7 7EX,SEPD,HV,1,UB7283,187,2026-10-09T15:42:01Z,2026-10-09T20:22:19Z,4.67
GL7 7EZ,SEPD,HV,1,UB7283,187,2026-10-09T15:42:01Z,2026-10-09T20:22:19Z,4.67
GL7 7HD,SEPD,HV,1,UB7283,187,2026-10-09T15:42:01Z,2026-10-09T20:22:19Z,4.67
BA15 2JH,SEPD,LV,1,UB1874,6,2026-10-05T21:00:21Z,2026-10-06T01:34:10Z,4.56
BA15 2NN,SEPD,LV,1,UB1874,6,2026-10-05T21:00:21Z,2026-10-06T01:34:10Z,4.56
BA15 2NW,SEPD,LV,1,UB1874,6,2026-10-05T21:00:21Z,2026-10-06T01:34:10Z,4.56
PO8 9DS,SEPD,LV,1,UB1725,33,2026-10-05T21:00:21Z,2026-10-06T01:34:10Z,4.56
PO8 9GU,SEPD,LV,1,UB1725,33,2026-10-05T21:00:21Z,2026-10-06T01:34:10Z,4.56
PO8 9PB,SEPD,LV,1,UB1725,33,2026-10-05T21:00:21Z,2026-10-06T01:34:10Z,4.56
PO8 9PD,SEPD,LV,1,UB1725,33,2026-10-05T21:00:21Z,2026-10-06T01:34:10Z,4.56
PO8 9PE,SEPD,LV,1,UB1725,33,2026-10-05T21:00:21Z,2026-10-06T01:34:10Z,4.56
PO8 9PF,SEPD,LV,1,UB1725,33,2026-10-05T21:00:21Z,2026-10-06T01:34:10Z,4.56
PO8 9PG,SEPD,LV,1,UB1725,33,2026-10-05T21:00:21Z,2026-10-06T01:34:10Z,4.56
PO8 9PP,SEPD,LV,1,UB1725,33,2026-10-05T21:00:21Z,2026-10-06T01:34:10Z,4.56
PO8 9PR,SEPD,LV,1,UB1725,33,2026-10-05T21:00:21Z,2026-10-06T01:34:10Z,4.56
EH23,SHEPD,LV,1,UB4124,19,2026-10-07T18:58:09Z,2026-10-07T23:26:23Z,4.47
EH23 4BB,SHEPD,LV,1,UB4124,19,2026-10-07T18:58:09Z,2026-10-07T23:26:23Z,4.47
EH23 4FF,SHEPD,LV,1,UB4124,19,2026-10-07T18:58:09Z,2026-10-07T23:26:23Z,4.47
EH23 4FG,SHEPD,LV,1,UB4124,19,2026-10-07T18:58:09Z,2026-10-07T23:26:23Z,4.47
EH23 4FJ,SHEPD,LV,1,UB4124,19,2026-10-07T18:58:09Z,2026-10-07T23:26:23Z,4.47
SL0 0PG,SEPD,HV,1,UB4078,16,2026-10-07T18:58:09Z,2026-10-07T23:26:23Z,4.47
SO23 7RX,SEPD,LV,1,UB3808,2,2026-10-07T18:58:09Z,2026-10-07T23:26:23Z,4.47
UB9 4HE,SEPD,HV,1,UB4078,16,2026-10-07T18:58:09Z,2026-10-07T23:26:23Z,4.47
RG41 5HE,SEPD,PSI,1,254011,11,2026-10-08T22:01:24Z,2026-10-09T02:00:34Z,3.99
RG41 5HH,SEPD,PSI,1,254011,11,2026-10-08T22:01:24Z,2026-10-09T02:00:34Z,3.99
RG41 5QS,SEPD,PSI,1,254011,11,2026-10-08T22:01:24Z,2026-10-09T02:00:34Z,3.99
SO40 2UW,SEPD,LV,1,UB6433,15,2026-10-08T22:01:24Z,2026-10-09T02:00:34Z,3.99
SO40 2UX,SEPD,LV,1,UB6433,15,2026-10-08T22:01:24Z,2026-10-09T02:00:34Z,3.99
IV3 5HP,SHEPD,LV,1,UB8641,22,2026-10-10T16:23:39Z,2026-10-10T20:13:36Z,3.83
IV3 5HS,SHEPD,LV,1,UB8641,22,2026-10-10T16:23:39Z,2026-10-10T20:13:36Z,3.83
IV3 5HT,SHEPD,LV,1,UB8641,22,2026-10-10T16:23:39Z,2026-10-10T20:13:36Z,3.83
IV3 5HU,SHEPD,LV,1,UB8641,22,2026-10-10T16:23:39Z,2026-10-10T20:13:36Z,3.83
IV3 5HX,SHEPD,LV,1,UB8641,22,2026-10-10T16:23:39Z,2026-10-10T20:13:36Z,3.83
IV3 5HY,SHEPD,LV,1,UB8641,22,2026-10-10T16:23:39Z,2026-10-10T20:13:36Z,3.83
IV3 5HZ,SHEPD,LV,1,UB8641,22,2026-10-10T16:23:39Z,2026-10-10T20:13:36Z,3.83
IV3 5JA,SHEPD,LV,1,UB8641,22,2026-10-10T16:23:39Z,2026-10-10T20:13:36Z,3.83
IV3 5PR,SHEPD,LV,1,UB8641,22,2026-10-10T16:23:39Z,2026-10-10T20:13:36Z,3.83
IV3 5PX,SHEPD,LV,1,UB8641,22,2026-10-10T16:23:39Z,2026-10-10T20:13:36Z,3.83
IV3 5PY,SHEPD,LV,1,UB8641,22,2026-10-10T16:23:39Z,2026-10-10T20:13:36Z,3.83
BH21 6SB,SEPD,LV,1,UB8011,4,2026-10-09T20:22:19Z,2026-10-10T00:08:31Z,3.77
BH21 7JS,SEPD,LV,1,UB8011,4,2026-10-09T20:22:19Z,2026-10-10T00:08:31Z,3.77
BH21 7JT,SEPD,LV,1,UB8011,4,2026-10-09T20:22:19Z,2026-10-10T00:08:31Z,3.77
BH21 7JX,SEPD,LV,1,UB8011,4,2026-10-09T20:22:19Z,2026-10-10T00:08:31Z,3.77
DT11 8SD,SEPD,HV,1,UB7977,30,2026-10-09T20:22:19Z,2026-10-10T00:08:31Z,3.77
DT11 8SG,SEPD,HV,1,UB7977,30,2026-10-09T20:22:19Z,2026-10-10T00:08:31Z,3.77
DT11 8SH,SEPD,HV,1,UB7977,30,2026-10-09T20:22:19Z,2026-10-10T00:08:31Z,3.77
DT11 8SQ,SEPD,HV,1,UB7977,30,2026-10-09T20:22:19Z,2026-10-10T00:08:31Z,3.77
BA22 8AP,SEPD,"LV,HV",2,"UB2725,UB3041",51,2026-10-06T20:21:48Z,2026-10-07T05:43:39Z,3.57
DT9 4SF,SEPD,"LV,HV",2,"UB2725,UB3041",51,2026-10-06T20:21:48Z,2026-10-07T05:43:39Z,3.57
GU8 4TA,SEPD,HV,1,UB2683,11,2026-10-06T20:21:48Z,2026-10-06T23:56:15Z,3.57
GU8 4TB,SEPD,HV,1,UB2683,11,2026-10-06T20:21:48Z,2026-10-06T23:56:15Z,3.57
SL5 9RL,SEPD,LV,1,UB3938,14,2026-10-07T23:26:23Z,2026-10-08T02:53:07Z,3.45
SL5 9RS,SEPD,LV,1,UB3938,14,2026-10-07T23:26:23Z,2026-10-08T02:53:07Z,3.45
SL5 9RT,SEPD,LV,1,UB3938,14,2026-10-07T23:26:23Z,2026-10-08T02:53:07Z,3.45
SL5 9RU,SEPD,LV,1,UB3938,14,2026-10-07T23:26:23Z,2026-10-08T02:53:07Z,3.45
SL5 9RW,SEPD,LV,1,UB3938,14,2026-10-07T23:26:23Z,2026-10-08T02:53:07Z,3.45
BA21 4DN,SEPD,LV,1,UB8796,28,2026-10-10T20:13:36Z,2026-10-10T23:35:56Z,3.37
BA21 4DP,SEPD,LV,1,UB8796,28,2026-10-10T20:13:36Z,2026-10-10T23:35:56Z,3.37
BA21 4DW,SEPD,LV,1,UB8796,28,2026-10-10T20:13:36Z,2026-10-10T23:35:56Z,3.37
BA21 4FA,SEPD,LV,1,UB8796,28,2026-10-10T20:13:36Z,2026-10-10T23:35:56Z,3.37
BA21 4RR,SEPD,LV,1,UB8796,28,2026-10-10T20:13:36Z,2026-10-10T23:35:56Z,3.37
BA21 4RS,SEPD,LV,1,UB8796,28,2026-10-10T20:13:36Z,2026-10-10T23:35:56Z,3.37
BA21 4RT,SEPD,LV,1,UB8796,28,2026-10-10T20:13:36Z,2026-10-10T23:35:56Z,3.37
BH8 0FG,SEPD,LV,1,UB8765,15,2026-10-10T20:13:36Z,2026-10-10T23:35:56Z,3.37
BH8 0JU,SEPD,LV,1,UB8765,15,2026-10-10T20:13:36Z,2026-10-10T23:35:56Z,3.37
BH8 0JY,SEPD,LV,1,UB8765,15,2026-10-10T20:13:36Z,2026-10-10T23:35:56Z,3.37
BH19 3LE,SEPD,HV,1,UB1162,14,2026-10-04T18:21:17Z,2026-10-04T21:41:17Z,3.33
BH19 3LF,SEPD,HV,1,UB1162,14,2026-10-04T18:21:17Z,2026-10-04T21:41:17Z,3.33
BH19 3LL,SEPD,HV,1,UB1162,14,2026-10-04T18:21:17Z,2026-10-04T21:41:17Z,3.33
BH20 5LR,SEPD,HV,1,UB1162,14,2026-10-04T18:21:17Z,2026-10-04T21:41:17Z,3.33
BH20 5PD,SEPD,HV,1,UB1162,14,2026-10-04T18:21:17Z,2026-10-04T21:41:17Z,3.33
BA11 6TN,SEPD,PSI,1,255092,16,2026-10-04T02:13:41Z,2026-10-04T02:33:48Z,0.34
BA13 4NE,SEPD,PSI,1,255092,16,2026-10-04T02:13:41Z,2026-10-04T02:33:48Z,0.34
IV10 8SL,SHEPD,PSI,3,"254710,254725,254733",72,2026-10-05T12:42:36Z,2026-10-08T17:01:24Z,0.0
OX13 6AW,SEPD,PSI,3,"254917,254922,254924",105,2026-10-05T12:42:36Z,2026-10-07T12:03:52Z,0.0
PH12 8TL,SHEPD,PSI,3,"254689,254695,254696",36,2026-10-06T15:13:47Z,2026-10-07T12:03:52Z,0.0
PO33 4DT,SEPD,PSI,3,"255002,255009,255011",26,2026-10-06T15:13:47Z,2026-10-09T15:42:01Z,0.0
SO20 6LT,SEPD,"PSI,LV",3,"255309,255324,UB3535",74,2026-10-06T15:13:47Z,2026-10-07T12:03:52Z,0.0
SO21 1AG,SEPD,PSI,3,"254557,254558,254559",43,2026-10-05T12:42:36Z,2026-10-10T11:26:25Z,0.0
HS2 0RA,SHEPD,PSI,2,"255261,255408",1437,2026-10-06T01:34:10Z,2026-10-06T01:34:10Z,0.0
IV14 9EB,SHEPD,PSI,2,"255119,255228",138,2026-10-09T15:42:01Z,2026-10-09T15:42:01Z,0.0
KW15 1AN,SHEPD,PSI,2,"254468,254514",33,2026-10-06T15:13:47Z,2026-10-06T15:13:47Z,0.0
OX13 6AP,SEPD,PSI,2,"254917,254922",101,2026-10-05T12:42:36Z,2026-10-06T15:13:47Z,0.0
OX13 6AS,SEPD,"PSI,LV",2,"254917,UB1861",129,2026-10-05T12:42:36Z,2026-10-05T21:00:21Z,0.0
PA38 4DE,SHEPD,PSI,2,"254322,254325",25,2026-10-06T15:13:47Z,2026-10-07T12:03:52Z,0.0
PH12 8SH,SHEPD,PSI,2,"254695,254696",26,2026-10-06T15:13:47Z,2026-10-07T12:03:52Z,0.0
PH12 8TN,SHEPD,PSI,2,"254695,254696",26,2026-10-06T15:13:47Z,2026-10-07T12:03:52Z,0.0
PH12 8TW,SHEPD,PSI,2,"254695,254696",26,2026-10-06T15:13:47Z,2026-10-07T12:03:52Z,0.0
RG20 0AX,SEPD,PSI,2,"255308,255311",92,2026-10-05T12:42:36Z,2026-10-07T12:03:52Z,0.0
RG20 0AY,SEPD,PSI,2,"255308,255311",92,2026-10-05T12:42:36Z,2026-10-07T12:03:52Z,0.0
RG20 0BA,SEPD,PSI,2,"255308,255311",92,2026-10-05T12:42:36Z,2026-10-07T12:03:52Z,0.0
RG20 0BE,SEPD,PSI,2,"255308,255311",92,2026-10-05T12:42:36Z,2026-10-07T12:03:52Z,0.0
RG20 0BG,SEPD,PSI,2,"255308,255311",92,2026-10-05T12:42:36Z,2026-10-07T12:03:52Z,0.0
RG20 9XJ,SEPD,PSI,2,"255308,255311",92,2026-10-05T12:42:36Z,2026-10-07T12:03:52Z,0.0
SO20 6LP,SEPD,"PSI,LV",2,"255324,UB3535",42,2026-10-07T12:03:52Z,2026-10-07T12:03:52Z,0.0
SO20 6LR,SEPD,"PSI,LV",2,"255324,UB3535",42,2026-10-07T12:03:52Z,2026-10-07T12:03:52Z,0.0
SO20 6LS,SEPD,"PSI,LV",2,"255324,UB3535",42,2026-10-07T12:03:52Z,2026-10-07T12:03:52Z,0.0
SO20 6LU,SEPD,"PSI,LV",2,"255324,UB3535",42,2026-10-07T12:03:52Z,2026-10-07T12:03:52Z,0.0
SO20 6LY,SEPD,"PSI,LV",2,"255309,UB3535",51,2026-10-06T15:13:47Z,2026-10-07T12:03:52Z,0.0
SO21,SEPD,PSI,2,"254557,254559",38,2026-10-05T12:42:36Z,2026-10-10T11:26:25Z,0.0
SO21 1AS,SEPD,PSI,2,"254557,254559",38,2026-10-05T12:42:36Z,2026-10-10T11:26:25Z,0.0
SO23 7PE,SEPD,PSI,2,"254557,254559",38,2026-10-05T12:42:36Z,2026-10-10T11:26:25Z,0.0
SP8 4JL,SEPD,LV,2,"UB4157,UB7773",16,2026-10-07T23:26:23Z,2026-10-09T20:22:19Z,0.0
SP8 4LT,SEPD,LV,2,"UB4157,UB7773",16,2026-10-07T23:26:23Z,2026-10-09T20:22:19Z,0.0
SP8 4PX,SEPD,LV,2,"UB4157,UB7773",16,2026-10-07T23:26:23Z,2026-10-09T20:22:19Z,0.0
AB16 5EB,SHEPD,LV,1,UB6745,14,2026-10-09T08:53:53Z,2026-10-09T08:53:53Z,0.0
AB16 5ED,SHEPD,LV,1,UB6745,14,2026-10-09T08:53:53Z,2026-10-09T08:53:53Z,0.0
AB16 5EJ,SHEPD,LV,1,UB6745,14,2026-10-09T08:53:53Z,2026-10-09T08:53:53Z,0.0
AB16 7PH,SHEPD,LV,1,UB6745,14,2026-10-09T08:53:53Z,2026-10-09T08:53:53Z,0.0
AB21 0SE,SHEPD,LV,1,UB4362,5,2026-10-07T18:58:09Z,2026-10-07T18:58:09Z,0.0
AB21 0SH,SHEPD,LV,1,UB4362,5,2026-10-07T18:58:09Z,2026-10-07T18:58:09Z,0.0
AB21 9BG,SHEPD,PSI,1,254555,16,2026-10-06T20:21:48Z,2026-10-06T20:21:48Z,0.0
AB21 9HE,SHEPD,PSI,1,254555,16,2026-10-06T20:21:48Z,2026-10-06T20:21:48Z,0.0
AB21 9NP,SHEPD,PSI,1,254555,16,2026-10-06T20:21:48Z,2026-10-06T20:21:48Z,0.0
AB21 9NY,SHEPD,PSI,1,254555,16,2026-10-06T20:21:48Z,2026-10-06T20:21:48Z,0.0
AB22 8ZP,SHEPD,PSI,1,254555,16,2026-10-06T20:21:48Z,2026-10-06T20:21:48Z,0.0
AB30 1GW,SHEPD,LV,1,UB0973,15,2026-10-04T08:45:17Z,2026-10-04T08:45:17Z,0.0
AB30 1SE,SHEPD,LV,1,UB0973,15,2026-10-04T08:45:17Z,2026-10-04T08:45:17Z,0.0
AB30 1SR,SHEPD,LV,1,UB0973,15,2026-10-04T08:45:17Z,2026-10-04T08:45:17Z,0.0
AB30 1SU,SHEPD,LV,1,UB0973,15,2026-10-04T08:45:17Z,2026-10-04T08:45:17Z,0.0
AB31 4HB,SHEPD,HV,1,UB3284,18,2026-10-07T12:03:52Z,2026-10-07T12:03:52Z,0.0
AB31 4HD,SHEPD,HV,1,UB3284,18,2026-10-07T12:03:52Z,2026-10-07T12:03:52Z,0.0
AB31 5QQ,SHEPD,HV,1,UB3284,18,2026-10-07T12:03:52Z,2026-10-07T12:03:52Z,0.0
AB37 9EJ,SHEPD,PSI,1,255429,13,2026-10-07T12:03:52Z,2026-10-07T12:03:52Z,0.0
AB37 9JJ,SHEPD,PSI,1,255429,13,2026-10-07T12:03:52Z,2026-10-07T12:03:52Z,0.0
AB37 9JQ,SHEPD,PSI,1,255429,13,2026-10-07T12:03:52Z,2026-10-07T12:03:52Z,0.0
AB37 9JR,SHEPD,PSI,1,255429,13,2026-10-07T12:03:52Z,2026-10-07T12:03:52Z,0.0
AB37 9JS,SHEPD,PSI,1,255429,13,2026-10-07T12:03:52Z,2026-10-07T12:03:52Z,0.0
AB37 9JT,SHEPD,PSI,1,255429,13,2026-10-07T12:03:52Z,2026-10-07T12:03:52Z,0.0
AB41,SHEPD,HV,1,UB1661,24,2026-10-05T21:00:21Z,2026-10-05T21:00:21Z,0.0
AB41 7EX,SHEPD,HV,1,UB1661,24,2026-10-05T21:00:21Z,2026-10-05T21:00:21Z,0.0
AB41 7NB,SHEPD,HV,1,UB1661,24,2026-10-05T21:00:21Z,2026-10-05T21:00:21Z,0.0
AB41 7NE,SHEPD,HV,1,UB1661,24,2026-10-05T21:00:21Z,2026-10-05T21:00:21Z,0.0
AB43 7AE,SHEPD,PSI,1,255457,2,2026-10-05T12:42:36Z,2026-10-05T12:42:36Z,0.0
AB43 8TP,SHEPD,PSI,1,255481,5,2026-10-06T15:13:47Z,2026-10-06T15:13:47Z,0.0
AB43 8TR,SHEPD,PSI,1,255424,2,2026-10-05T12:42:36Z,2026-10-05T12:42:36Z,0.0
AB43 8TT,SHEPD,PSI,1,255481,5,2026-10-06T15:13:47Z,2026-10-06T15:13:47Z,0.0
AB43 8YQ,SHEPD,PSI,1,255424,2,2026-10-05T12:42:36Z,2026-10-05T12:42:36Z,0.0
AB44 1GD,SHEPD,PSI,1,255374,8,2026-10-04T14:28:42Z,2026-10-04T14:28:42Z,0.0
AB44 1RU,SHEPD,PSI,1,255374,8,2026-10-04T14:28:42Z,2026-10-04T14:28:42Z,0.0
AB44 1TA,SHEPD,PSI,1,255374,8,2026-10-04T14:28:42Z,2026-10-04T14:28:42Z,0.0
AB45 3AJ,SHEPD,PSI,1,254468,28,2026-10-06T15:13:47Z,2026-10-06T15:13:47Z,0.0
AB45 3AL,SHEPD,PSI,1,254468,28,2026-10-06T15:13:47Z,2026-10-06T15:13:47Z,0.0
AB45 3TJ,SHEPD,PSI,1,254468,28,2026-10-06T15:13:47Z,2026-10-06T15:13:47Z,0.0
AB45 3TQ,SHEPD,PSI,1,254468,28,2026-10-06T15:13:47Z,2026-10-06T15:13:47Z,0.0
AB45 3TR,SHEPD,PSI,1,254468,28,2026-10-06T15:13:47Z,2026-10-06T15:13:47Z,0.0
AB45 3TS,SHEPD,PSI,1,254468,28,2026-10-06T15:13:47Z,2026-10-06T15:13:47Z,0.0
AB45 3TT,SHEPD,PSI,1,254468,28,2026-10-06T15:13:47Z,2026-10-06T15:13:47Z,0.0
AB45 3UA,SHEPD,PSI,1,255107,2,2026-10-05T12:42:36Z,2026-10-05T12:42:36Z,0.0
AB45 3UB,SHEPD,PSI,1,255107,2,2026-10-05T12:42:36Z,2026-10-05T12:42:36Z,0.0
AB51 0AT,SHEPD,HV,1,UB1790,8,2026-10-05T21:00:21Z,2026-10-05T21:00:21Z,0.0
AB51 0BY,SHEPD,HV,1,UB1790,8,2026-10-05T21:00:21Z,2026-10-05T21:00:21Z,0.0
AB51 5AE,SHEPD,PSI,1,255004,35,2026-10-05T12:42:36Z,2026-10-05T12:42:36Z,0.0
AB51 5AQ,SHEPD,PSI,1,255004,35,2026-10-05T12:42:36Z,2026-10-05T12:42:36Z,0.0
AB51 5BR,SHEPD,PSI,1,255004,35,2026-10-05T12:42:36Z,2026-10-05T12:42:36Z,0.0
AB51 5BS,SHEPD,PSI,1,255004,35,2026-10-05T12:42:36Z,2026-10-05T12:42:36Z,0.0
AB51 5DE,SHEPD,PSI,1,255004,35,2026-10-05T12:42:36Z,2026-10-05T12:42:36Z,0.0
AB51 5DH,SHEPD,PSI,1,255004,35,2026-10-05T12:42:36Z,2026-10-05T12:42:36Z,0.0
AB51 7AB,SHEPD,PSI,1,255177,42,2026-10-09T02:00:34Z,2026-10-09T02:00:34Z,0.0
AB51 7LJ,SHEPD,PSI,1,255177,42,2026-10-09T02:00:34Z,2026-10-09T02:00:34Z,0.0
AB51 7LL,SHEPD,PSI,1,255177,42,2026-10-09T02:00:34Z,2026-10-09T02:00:34Z,0.0
AB51 7LP,SHEPD,PSI,1,255177,42,2026-10-09T02:00:34Z,2026-10-09T02:00:34Z,0.0
AB51 7LQ,SHEPD,PSI,1,255177,42,2026-10-09T02:00:34Z,2026-10-09T02:00:34Z,0.0
AB51 7PD,SHEPD,PSI,1,255177,42,2026-10-09T02:00:34Z,2026-10-09T02:00:34Z,0.0
AB51 7PJ,SHEPD,PSI,1,255177,42,2026-10-09T02:00:34Z,2026-10-09T02:00:34Z,0.0
AB51 7PL,SHEPD,PSI,1,255177,42,2026-10-09T02:00:34Z,2026-10-09T02:00:34Z,0.0
AB51 7PN,SHEPD,PSI,1,255177,42,2026-10-09T02:00:34Z,2026-10-09T02:00:34Z,0.0
AB51 7PP,SHEPD,PSI,1,255177,42,2026-10-09T02:00:34Z,2026-10-09T02:00:34Z,0.0
AB51 7QR,SHEPD,PSI,1,255177,42,2026-10-09T02:00:34Z,2026-10-09T02:00:34Z,0.0
AB52 6LH,SHEPD,PSI,1,254978,30,2026-10-08T17:01:24Z,2026-10-08T17:01:24Z,0.0
AB52 6LL,SHEPD,PSI,1,254978,30,2026-10-08T17:01:24Z,2026-10-08T17:01:24Z,0.0
AB52 6RA,SHEPD,PSI,1,254969,59,2026-10-07T12:03:52Z,2026-10-07T12:03:52Z,0.0
AB52 6RF,SHEPD,PSI,1,254969,59,2026-10-07T12:03:52Z,2026-10-07T12:03:52Z,0.0
AB52 6RY,SHEPD,PSI,1,254969,59,2026-10-07T12:03:52Z,2026-10-07T12:03:52Z,0.0
AB52 6SA,SHEPD,PSI,1,254969,59,2026-10-07T12:03:52Z,2026-10-07T12:03:52Z,0.0
AB52 6SD,SHEPD,PSI,1,254969,59,2026-10-07T12:03:52Z,2026-10-07T12:03:52Z,0.0
AB52 6SE,SHEPD,PSI,1,254969,59,2026-10-07T12:03:52Z,2026-10-07T12:03:52Z,0.0
AB52 6SJ,SHEPD,PSI,1,254969,59,2026-10-07T12:03:52Z,2026-10-07T12:03:52Z,0.0
AB52 6SL,SHEPD,PSI,1,254969,59,2026-10-07T12:03:52Z,2026-10-07T12:03:52Z,0.0
AB52 6SN,SHEPD,PSI,1,254978,30,2026-10-08T17:01:24Z,2026-10-08T17:01:24Z,0.0
AB52 6SY,SHEPD,PSI,1,254969,59,2026-10-07T12:03:52Z,2026-10-07T12:03:52Z,0.0
AB52 6TE,SHEPD,PSI,1,254978,30,2026-10-08T17:01:24Z,2026-10-08T17:01:24Z,0.0
AB52 6TF,SHEPD,PSI,1,254978,30,2026-10-08T17:01:24Z,2026-10-08T17:01:24Z,0.0
AB52 6TL,SHEPD,PSI,1,254978,30,2026-10-08T17:01:24Z,2026-10-08T17:01:24Z,0.0
AB52 6TS,SHEPD,PSI,1,254975,29,2026-10-06T15:13:47Z,2026-10-06T15:13:47Z,0.0
AB52 6TT,SHEPD,PSI,1,254975,29,2026-10-06T15:13:47Z,2026-10-06T15:13:47Z,0.0
AB52 6TU,SHEPD,PSI,1,254975,29,2026-10-06T15:13:47Z,2026-10-06T15:13:47Z,0.0
AB52 6TX,SHEPD,PSI,1,254975,29,2026-10-06T15:13:47Z,2026-10-06T15:13:47Z,0.0
AB52 6TY,SHEPD,PSI,1,254978,30,2026-10-08T17:01:24Z,2026-10-08T17:01:24Z,0.0
AB52 6UA,SHEPD,PSI,1,254978,30,2026-10-08T17:01:24Z,2026-10-08T17:01:24Z,0.0
AB52 6UB,SHEPD,PSI,1,254975,29,2026-10-06T15:13:47Z,2026-10-06T15:13:47Z,0.0
AB52 6US,SHEPD,PSI,1,255004,35,2026-10-05T12:42:36Z,2026-10-05T12:42:36Z,0.0
AB53 6TD,SHEPD,PSI,1,255018,25,2026-10-07T12:03:52Z,2026-10-07T12:03:52Z,0.0
AB53 6TE,SHEPD,PSI,1,255018,25,2026-10-07T12:03:52Z,2026-10-07T12:03:52Z,0.0
AB53 6TF,SHEPD,PSI,1,255018,25,2026-10-07T12:03:52Z,2026-10-07T12:03:52Z,0.0
AB53 6WD,SHEPD,PSI,1,255018,25,2026-10-07T12:03:52Z,2026-10-07T12:03:52Z,0.0
AB53 6WE,SHEPD,PSI,1,255018,25,2026-10-07T12:03:52Z,2026-10-07T12:03:52Z,0.0
AB54 8FE,SHEPD,LV,1,UB1229,27,2026-10-04T21:41:17Z,2026-10-04T21:41:17Z,0.0
AB54 8FS,SHEPD,LV,1,UB1229,27,2026-10-04T21:41:17Z,2026-10-04T21:41:17Z,0.0
AB54 8HP,SHEPD,LV,1,UB1229,27,2026-10-04T21:41:17Z,2026-10-04T21:41:17Z,0.0
AB54 8HQ,SHEPD,LV,1,UB1229,27,2026-10-04T21:41:17Z,2026-10-04T21:41:17Z,0.0
AB54 8LG,SHEPD,LV,1,UB1229,27,2026-10-04T21:41:17Z,2026-10-04T21:41:17Z,0.0
AB54 8LH,SHEPD,LV,1,UB1229,27,2026-10-04T21:41:17Z,2026-10-04T21:41:17Z,0.0
BA11 4BN,SEPD,LV,1,UB2308,4,2026-10-07T12:03:52Z,2026-10-07T12:03:52Z,0.0
BA11 6TE,SEPD,PSI,1,254600,4,2026-10-05T12:42:36Z,2026-10-05T12:42:36Z,0.0
BA12,SEPD,PSI,1,254284,26,2026-10-05T12:42:36Z,2026-10-05T12:42:36Z,0.0
BA22 8AR,SEPD,HV,1,UB3041,48,2026-10-07T05:43:39Z,2026-10-07T05:43:39Z,0.0
BA9 8AE,SEPD,HV,1,UB2394,129,2026-10-06T20:21:48Z,2026-10-06T20:21:48Z,0.0
BA9 8AL,SEPD,HV,1,UB2394,129,2026-10-06T20:21:48Z,2026-10-06T20:21:48Z,0.0
BA9 8AN,SEPD,HV,1,UB2394,129,2026-10-06T20:21:48Z,2026-10-06T20:21:48Z,0.0
BA9 8AR,SEPD,HV,1,UB2394,129,2026-10-06T20:21:48Z,2026-10-06T20:21:48Z,0.0
BA9 8AS,SEPD,HV,1,UB2394,129,2026-10-06T20:21:48Z,2026-10-06T20:21:48Z,0.0
BA9 8AT,SEPD,HV,1,UB2394,129,2026-10-06T20:21:48Z,2026-10-06T20:21:48Z,0.0
BA9 8AX,SEPD,HV,1,UB2394,129,2026-10-06T20:21:48Z,2026-10-06T20:21:48Z,0.0
BA9 8AY,SEPD,HV,1,UB2394,129,2026-10-06T20:21:48Z,2026-10-06T20:21:48Z,0.0
BA9 8AZ,SEPD,HV,1,UB2394,129,2026-10-06T20:21:48Z,2026-10-06T20:21:48Z,0.0
BA9 8NQ,SEPD,HV,1,UB2394,129,2026-10-06T20:21:48Z,2026-10-06T20:21:48Z,0.0
BH15 1AH,SEPD,LV,1,UB3512,11,2026-10-07T18:58:09Z,2026-10-07T18:58:09Z,0.0
BH15 1AS,SEPD,LV,1,UB3512,11,2026-10-07T18:58:09Z,2026-10-07T18:58:09Z,0.0
BH15 1DF,SEPD,LV,1,UB3512,11,2026-10-07T18:58:09Z,2026-10-07T18:58:09Z,0.0
BH15 1DH,SEPD,LV,1,UB3512,11,2026-10-07T18:58:09Z,2026-10-07T18:58:09Z,0.0
BH15 1NR,SEPD,LV,1,UB3512,11,2026-10-07T18:58:09Z,2026-10-07T18:58:09Z,0.0
BH15 1NU,SEPD,LV,1,UB3512,11,2026-10-07T18:58:09Z,2026-10-07T18:58:09Z,0.0
BH15 1QA,SEPD,LV,1,UB1602,12,2026-10-05T21:00:21Z,2026-10-05T21:00:21Z,0.0
BH15 1TD,SEPD,LV,1,UB1383,6,2026-10-05T12:42:36Z,2026-10-05T12:42:36Z,0.0
BH15 1TH,SEPD,LV,1,UB1383,6,2026-10-05T12:42:36Z,2026-10-05T12:42:36Z,0.0
BH15 1TU,SEPD,LV,1,UB1383,6,2026-10-05T12:42:36Z,2026-10-05T12:42:36Z,0.0
BH16 5AB,SEPD,LV,1,UB6548,9,2026-10-08T22:01:24Z,2026-10-08T22:01:24Z,0.0
BH16 5DD,SEPD,LV,1,UB6548,9,2026-10-08T22:01:24Z,2026-10-08T22:01:24Z,0.0
BH20 6EY,SEPD,HV,1,UB6454,61,2026-10-09T02:00:34Z,2026-10-09T02:00:34Z,0.0
BH20 6HB,SEPD,HV,1,UB6454,61,2026-10-09T02:00:34Z,2026-10-09T02:00:34Z,0.0
BH20 6HE,SEPD,HV,1,UB6454,61,2026-10-09T02:00:34Z,2026-10-09T02:00:34Z,0.0
BH20 6HF,SEPD,HV,1,UB6454,61,2026-10-09T02:00:34Z,2026-10-09T02:00:34Z,0.0
BH20 6HL,SEPD,HV,1,UB6454,61,2026-10-09T02:00:34Z,2026-10-09T02:00:34Z,0.0
BH21 1RP,SEPD,LV,1,UB5882,36,2026-10-08T17:01:24Z,2026-10-08T17:01:24Z,0.0
BH21 1RU,SEPD,LV,1,UB5882,36,2026-10-08T17:01:24Z,2026-10-08T17:01:24Z,0.0
BH21 1RW,SEPD,LV,1,UB5882,36,2026-10-08T17:01:24Z,2026-10-08T17:01:24Z,0.0
BH21 1RX,SEPD,LV,1,UB5882,36,2026-10-08T17:01:24Z,2026-10-08T17:01:24Z,0.0
BH21 1RY,SEPD,LV,1,UB5882,36,2026-10-08T17:01:24Z,2026-10-08T17:01:24Z,0.0
BH21 1SA,SEPD,LV,1,UB5882,36,2026-10-08T17:01:24Z,2026-10-08T17:01:24Z,0.0
BH22 0EN,SEPD,PSI,1,255446,30,2026-10-08T17:01:24Z,2026-10-08T17:01:24Z,0.0
BH22 0EU,SEPD,PSI,1,255446,30,2026-10-08T17:01:24Z,2026-10-08T17:01:24Z,0.0
BH22 0EW,SEPD,PSI,1,255446,30,2026-10-08T17:01:24Z,2026-10-08T17:01:24Z,0.0
BH23 7AE,SEPD,PSI,1,254120,38,2026-10-05T12:42:36Z,2026-10-05T12:42:36Z,0.0
BH23 7AF,SEPD,PSI,1,254120,38,2026-10-05T12:42:36Z,2026-10-05T12:42:36Z,0.0
BH23 7AJ,SEPD,PSI,1,254120,38,2026-10-05T12:42:36Z,2026-10-05T12:42:36Z,0.0
BH23 7AL,SEPD,PSI,1,254120,38,2026-10-05T12:42:36Z,2026-10-05T12:42:36Z,0.0
BH23 7AN,SEPD,PSI,1,254120,38,2026-10-05T12:42:36Z,2026-10-05T12:42:36Z,0.0
BH23 8AA,SEPD,LV,1,UB1242,17,2026-10-05T00:12:33Z,2026-10-05T00:12:33Z,0.0
BH23 8AB,SEPD,LV,1,UB1242,17,2026-10-05T00:12:33Z,2026-10-05T00:12:33Z,0.0
BH23 8AD,SEPD,LV,1,UB1242,17,2026-10-05T00:12:33Z,2026-10-05T00:12:33Z,0.0
BH23 8AH,SEPD,LV,1,UB1242,17,2026-10-05T00:12:33Z,2026-10-05T00:12:33Z,0.0
BH23 8AQ,SEPD,LV,1,UB1242,17,2026-10-05T00:12:33Z,2026-10-05T00:12:33Z,0.0
BH23 8HH,SEPD,LV,1,UB1242,17,2026-10-05T00:12:33Z,2026-10-05T00:12:33Z,0.0
BH24 3NA,SEPD,LV,1,UB4411,3,2026-10-07T18:58:09Z,2026-10-07T18:58:09Z,0.0
BH24 3NB,SEPD,LV,1,UB4411,3,2026-10-07T18:58:09Z,2026-10-07T18:58:09Z,0.0
BH24 3ND,SEPD,LV,1,UB4411,3,2026-10-07T18:58:09Z,2026-10-07T18:58:09Z,0.0
BH8 0FD,SEPD,LV,1,UB8765,15,2026-10-11T02:13:40Z,2026-10-11T02:13:40Z,0.0
BH8 0JP,SEPD,LV,1,UB8765,15,2026-10-11T02:13:40Z,2026-10-11T02:13:40Z,0.0
BH8 0JS,SEPD,LV,1,UB8765,15,2026-10-11T02:13:40Z,2026-10-11T02:13:40Z,0.0
BH8 0JX,SEPD,LV,1,UB8765,15,2026-10-11T02:13:40Z,2026-10-11T02:13:40Z,0.0
BH8 9JG,SEPD,LV,1,UB1881,14,2026-10-05T21:00:21Z,2026-10-05T21:00:21Z,0.0
BH8 9JQ,SEPD,LV,1,UB1881,14,2026-10-05T21:00:21Z,2026-10-05T21:00:21Z,0.0
BH8 9LU,SEPD,LV,1,UB1881,14,2026-10-05T21:00:21Z,2026-10-05T21:00:21Z,0.0
BH8 9LW,SEPD,LV,1,UB1881,14,2026-10-05T21:00:21Z,2026-10-05T21:00:21Z,0.0
DD2 2RD,SHEPD,PSI,1,255846,3,2026-10-07T12:03:52Z,2026-10-07T12:03:52Z,0.0
DD2 3DY,SHEPD,PSI,1,255846,3,2026-10-07T12:03:52Z,2026-10-07T12:03:52Z,0.0
DD2 3DZ,SHEPD,PSI,1,255846,3,2026-10-07T12:03:52Z,2026-10-07T12:03:52Z,0.0
DD2 5PB,SHEPD,PSI,1,253561,19,2026-10-08T17:01:24Z,2026-10-08T17:01:24Z,0.0
DD3 0QP,SHEPD,PSI,1,253314,151,2026-10-10T11:26:25Z,2026-10-10T11:26:25Z,0.0
DD3 0QQ,SHEPD,PSI,1,253314,151,2026-10-10T11:26:25Z,2026-10-10T11:26:25Z,0.0
DD3 0QR,SHEPD,PSI,1,253314,151,2026-10-10T11:26:25Z,2026-10-10T11:26:25Z,0.0
DD3 0QS,SHEPD,PSI,1,253314,151,2026-10-10T11:26:25Z,2026-10-10T11:26:25Z,0.0
DD3 0QT,SHEPD,PSI,1,253314,151,2026-10-10T11:26:25Z,2026-10-10T11:26:25Z,0.0
DD3 0QU,SHEPD,PSI,1,253314,151,2026-10-10T11:26:25Z,2026-10-10T11:26:25Z,0.0
DD3 0QX,SHEPD,PSI,1,253314,151,2026-10-10T11:26:25Z,2026-10-10T11:26:25Z,0.0
DD3 0RD,SHEPD,PSI,1,253314,151,2026-10-10T11:26:25Z,2026-10-10T11:26:25Z,0.0
DD3 0RE,SHEPD,PSI,1,253314,151,2026-10-10T11:26:25Z,2026-10-10T11:26:25Z,0.0
DD3 0RF,SHEPD,PSI,1,253314,151,2026-10-10T11:26:25Z,2026-10-10T11:26:25Z,0.0
DD3 0RG,SHEPD,PSI,1,253314,151,2026-10-10T11:26:25Z,2026-10-10T11:26:25Z,0.0
DD8 5HS,SHEPD,PSI,1,255202,24,2026-10-06T15:13:47Z,2026-10-06T15:13:47Z,0.0
DD8 5JZ,SHEPD,PSI,1,255202,24,2026-10-06T15:13:47Z,2026-10-06T15:13:47Z,0.0
DD8 5LG,SHEPD,PSI,1,255202,24,2026-10-06T15:13:47Z,2026-10-06T15:13:47Z,0.0
DD8 5LH,SHEPD,PSI,1,255202,24,2026-10-06T15:13:47Z,2026-10-06T15:13:47Z,0.0
DD8 5NL,SHEPD,PSI,1,255202,24,2026-10-06T15:13:47Z,2026-10-06T15:13:47Z,0.0
DT1,SEPD,PSI,1,255005,43,2026-10-05T12:42:36Z,2026-10-05T12:42:36Z,0.0
DT2 0PB,SEPD,PSI,1,254974,14,2026-10-07T12:03:52Z,2026-10-07T12:03:52Z,0.0
DT2 0QF,SEPD,PSI,1,254974,14,2026-10-07T12:03:52Z,2026-10-07T12:03:52Z,0.0
DT2 7LN,SEPD,PSI,1,255005,43,2026-10-05T12:42:36Z,2026-10-05T12:42:36Z,0.0
DT2 7SP,SEPD,PSI,1,255005,43,2026-10-05T12:42:36Z,2026-10-05T12:42:36Z,0.0
DT2 7SR,SEPD,PSI,1,255005,43,2026-10-05T12:42:36Z,2026-10-05T12:42:36Z,0.0
DT2 7SS,SEPD,PSI,1,255005,43,2026-10-05T12:42:36Z,2026-10-05T12:42:36Z,0.0
DT2 7ST,SEPD,PSI,1,255005,43,2026-10-05T12:42:36Z,2026-10-05T12:42:36Z,0.0
DT2 7SU,SEPD,PSI,1,255005,43,2026-10-05T12:42:36Z,2026-10-05T12:42:36Z,0.0
DT2 7UH,SEPD,PSI,1,255005,43,2026-10-05T12:42:36Z,2026-10-05T12:42:36Z,0.0
DT2 8DZ,SEPD,HV,1,UB6454,61,2026-10-09T02:00:34Z,2026-10-09T02:00:34Z,0.0
DT2 8RL,SEPD,HV,1,UB6454,61,2026-10-09T02:00:34Z,2026-10-09T02:00:34Z,0.0
DT3 6EJ,SEPD,PSI,1,255307,50,2026-10-05T12:42:36Z,2026-10-05T12:42:36Z,0.0
DT3 6EL,SEPD,PSI,1,255307,50,2026-10-05T12:42:36Z,2026-10-05T12:42:36Z,0.0
DT3 6EP,SEPD,PSI,1,255307,50,2026-10-05T12:42:36Z,2026-10-05T12:42:36Z,0.0
DT3 6ER,SEPD,PSI,1,255307,50,2026-10-05T12:42:36Z,2026-10-05T12:42:36Z,0.0
DT3 6ES,SEPD,PSI,1,255307,50,2026-10-05T12:42:36Z,2026-10-05T12:42:36Z,0.0
DT3 6ET,SEPD,PSI,1,255307,50,2026-10-05T12:42:36Z,2026-10-05T12:42:36Z,0.0
DT3 6EW,SEPD,PSI,1,255307,50,2026-10-05T12:42:36Z,2026-10-05T12:42:36Z,0.0
DT4 0AX,SEPD,LV,1,UB1102,27,2026-10-04T21:41:17Z,2026-10-04T21:41:17Z,0.0
DT4 0BH,SEPD,LV,1,UB1102,27,2026-10-04T21:41:17Z,2026-10-04T21:41:17Z,0.0
DT4 0BQ,SEPD,LV,1,UB1102,27,2026-10-04T21:41:17Z,2026-10-04T21:41:17Z,0.0
DT4 7AW,SEPD,LV,1,UB8323,20,2026-10-10T11:26:25Z,2026-10-10T11:26:25Z,0.0
DT4 7DT,SEPD,LV,1,UB8323,20,2026-10-10T11:26:25Z,2026-10-10T11:26:25Z,0.0
DT4 7DW,SEPD,LV,1,UB8323,20,2026-10-10T11:26:25Z,2026-10-10T11:26:25Z,0.0
DT4 7DY,SEPD,LV,1,UB8323,20,2026-10-10T11:26:25Z,2026-10-10T11:26:25Z,0.0
DT4 7TY,SEPD,LV,1,UB8323,20,2026-10-10T11:26:25Z,2026-10-10T11:26:25Z,0.0
DT4 7TZ,SEPD,LV,1,UB8323,20,2026-10-10T11:26:25Z,2026-10-10T11:26:25Z,0.0
DT4 8NS,SEPD,LV,1,UB8323,20,2026-10-10T11:26:25Z,2026-10-10T11:26:25Z,0.0
DT8 3HX,SEPD,PSI,1,254974,14,2026-10-07T12:03:52Z,2026-10-07T12:03:52Z,0.0
DT9 4SG,SEPD,HV,1,UB3041,48,2026-10-07T05:43:39Z,2026-10-07T05:43:39Z,0.0
DT9 4SH,SEPD,HV,1,UB3041,48,2026-10-07T05:43:39Z,2026-10-07T05:43:39Z,0.0
DT9 6HJ,SEPD,LV,1,UB3309,25,2026-10-07T12:03:52Z,2026-10-07T12:03:52Z,0.0
DT9 6HP,SEPD,LV,1,UB3309,25,2026-10-07T12:03:52Z,2026-10-07T12:03:52Z,0.0
DT9 6JD,SEPD,LV,1,UB3309,25,2026-10-07T12:03:52Z,2026-10-07T12:03:52Z,0.0
DT9 6JE,SEPD,LV,1,UB3309,25,2026-10-07T12:03:52Z,2026-10-07T12:03:52Z,0.0
DT9 6JF,SEPD,LV,1,UB3309,25,2026-10-07T12:03:52Z,2026-10-07T12:03:52Z,0.0
DT9 6JG,SEPD,LV,1,UB3309,25,2026-10-07T12:03:52Z,2026-10-07T12:03:52Z,0.0
FK9 4AF,SHEPD,PSI,1,255669,30,2026-10-07T12:03:52Z,2026-10-07T12:03:52Z,0.0
FK9 4AG,SHEPD,PSI,1,255669,30,2026-10-07T12:03:52Z,2026-10-07T12:03:52Z,0.0
FK9 4UJ,SHEPD,PSI,1,255669,30,2026-10-07T12:03:52Z,2026-10-07T12:03:52Z,0.0
FK9 4UY,SHEPD,PSI,1,255669,30,2026-10-07T12:03:52Z,2026-10-07T12:03:52Z,0.0
GL54 3DB,SEPD,HV,1,UB3670,70,2026-10-07T18:58:09Z,2026-10-07T18:58:09Z,0.0
GL54 3NF,SEPD,HV,1,UB3670,70,2026-10-07T18:58:09Z,2026-10-07T18:58:09Z,0.0
GL54 3NJ,SEPD,HV,1,UB3670,70,2026-10-07T18:58:09Z,2026-10-07T18:58:09Z,0.0
GL54 3NP,SEPD,HV,1,UB3670,70,2026-10-07T18:58:09Z,2026-10-07T18:58:09Z,0.0
GL54 3NR,SEPD,HV,1,UB3670,70,2026-10-07T18:58:09Z,2026-10-07T18:58:09Z,0.0
GL54 3NS,SEPD,HV,1,UB3670,70,2026-10-07T18:58:09Z,2026-10-07T18:58:09Z,0.0
GL54 3NT,SEPD,HV,1,UB3670,70,2026-10-07T18:58:09Z,2026-10-07T18:58:09Z,0.0
GL54 3NU,SEPD,HV,1,UB3670,70,2026-10-07T18:58:09Z,2026-10-07T18:58:09Z,0.0
GL54 3NX,SEPD,HV,1,UB3670,70,2026-10-07T18:58:09Z,2026-10-07T18:58:09Z,0.0
GL54 3NY,SEPD,HV,1,UB3670,70,2026-10-07T18:58:09Z,2026-10-07T18:58:09Z,0.0
GL54 3NZ,SEPD,HV,1,UB3670,70,2026-10-07T18:58:09Z,2026-10-07T18:58:09Z,0.0
GL54 4DY,SEPD,HV,1,UB3670,70,2026-10-07T18:58:09Z,2026-10-07T18:58:09Z,0.0
GL7 5UH,SEPD,PSI,1,254601,25,2026-10-06T15:13:47Z,2026-10-06T15:13:47Z,0.0
GL7 5UQ,SEPD,PSI,1,254640,2,2026-10-07T12:03:52Z,2026-10-07T12:03:52Z,0.0
GL7 6DZ,SEPD,PSI,1,254640,2,2026-10-07T12:03:52Z,2026-10-07T12:03:52Z,0.0
GU10 2AL,SEPD,PSI,1,254160,40,2026-10-08T17:01:24Z,2026-10-08T17:01:24Z,0.0
GU10 2AP,SEPD,PSI,1,254160,40,2026-10-08T17:01:24Z,2026-10-08T17:01:24Z,0.0
GU10 2AR,SEPD,PSI,1,254160,40,2026-10-08T17:01:24Z,2026-10-08T17:01:24Z,0.0
GU10 2AS,SEPD,PSI,1,254160,40,2026-10-08T17:01:24Z,2026-10-08T17:01:24Z,0.0
GU10 2AT,SEPD,PSI,1,254160,40,2026-10-08T17:01:24Z,2026-10-08T17:01:24Z,0.0
GU10 2AU,SEPD,PSI,1,254160,40,2026-10-08T17:01:24Z,2026-10-08T17:01:24Z,0.0
GU10 2AX,SEPD,PSI,1,254160,40,2026-10-08T17:01:24Z,2026-10-08T17:01:24Z,0.0
GU10 2BS,SEPD,PSI,1,254160,40,2026-10-08T17:01:24Z,2026-10-08T17:01:24Z,0.0
GU10 2BT,SEPD,PSI,1,254160,40,2026-10-08T17:01:24Z,2026-10-08T17:01:24Z,0.0
GU12 4LX,SEPD,LV,1,UB3565,35,2026-10-07T12:03:52Z,2026-10-07T12:03:52Z,0.0
GU12 4NU,SEPD,LV,1,UB3565,35,2026-10-07T12:03:52Z,2026-10-07T12:03:52Z,0.0
GU12 4PB,SEPD,LV,1,UB3565,35,2026-10-07T12:03:52Z,2026-10-07T12:03:52Z,0.0
GU12 4PD,SEPD,LV,1,UB3565,35,2026-10-07T12:03:52Z,2026-10-07T12:03:52Z,0.0
GU12 4PG,SEPD,LV,1,UB3565,35,2026-10-07T12:03:52Z,2026-10-07T12:03:52Z,0.0
GU12 4PH,SEPD,LV,1,UB3565,35,2026-10-07T12:03:52Z,2026-10-07T12:03:52Z,0.0
GU12 4PX,SEPD,LV,1,UB3565,35,2026-10-07T12:03:52Z,2026-10-07T12:03:52Z,0.0
GU12 6NA,SEPD,PSI,1,255676,12,2026-10-07T12:03:52Z,2026-10-07T12:03:52Z,0.0
GU15 1HB,SEPD,LV,1,UB1671,23,2026-10-05T21:00:21Z,2026-10-05T21:00:21Z,0.0
GU15 1HD,SEPD,LV,1,UB1671,23,2026-10-05T21:00:21Z,2026-10-05T21:00:21Z,0.0
GU15 1HG,SEPD,LV,1,UB1671,23,2026-10-05T21:00:21Z,2026-10-05T21:00:21Z,0.0
GU15 1HL,SEPD,LV,1,UB1671,23,2026-10-05T21:00:21Z,2026-10-05T21:00:21Z,0.0
GU15 2TG,SEPD,LV,1,UB8189,5,2026-10-10T00:08:31Z,2026-10-10T00:08:31Z,0.0
GU15 3RS,SEPD,LV,1,UB8301,4,2026-10-10T11:26:25Z,2026-10-10T11:26:25Z,0.0
GU15 3SL,SEPD,LV,1,UB8301,4,2026-10-10T11:26:25Z,2026-10-10T11:26:25Z,0.0
GU15 3SN,SEPD,LV,1,UB8301,4,2026-10-10T11:26:25Z,2026-10-10T11:26:25Z,0.0
GU17 9HH,SEPD,LV,1,UB1258,11,2026-10-05T05:43:27Z,2026-10-05T05:43:27Z,0.0
GU17 9HQ,SEPD,LV,1,UB1258,11,2026-10-05T05:43:27Z,2026-10-05T05:43:27Z,0.0
GU24 8BH,SEPD,LV,1,UB4255,6,2026-10-07T18:58:09Z,2026-10-07T18:58:09Z,0.0
GU24 8HG,SEPD,LV,1,UB4255,6,2026-10-07T18:58:09Z,2026-10-07T18:58:09Z,0.0
GU24 8PL,SEPD,LV,1,UB4255,6,2026-10-07T18:58:09Z,2026-10-07T18:58:09Z,0.0
GU26 6SD,SEPD,LV,1,UB3631,11,2026-10-10T11:26:25Z,2026-10-10T11:26:25Z,0.0
GU26 6TL,SEPD,LV,1,UB3631,11,2026-10-10T11:26:25Z,2026-10-10T11:26:25Z,0.0
GU26 6TN,SEPD,LV,1,UB3631,11,2026-10-10T11:26:25Z,2026-10-10T11:26:25Z,0.0
GU26 6TP,SEPD,LV,1,UB3631,11,2026-10-10T11:26:25Z,2026-10-10T11:26:25Z,0.0
GU27 3EA,SEPD,LV,1,UB6044,27,2026-10-08T17:01:24Z,2026-10-08T17:01:24Z,0.0
GU27 3EE,SEPD,LV,1,UB6044,27,2026-10-08T17:01:24Z,2026-10-08T17:01:24Z,0.0
GU27 3HJ,SEPD,LV,1,UB6044,27,2026-10-08T17:01:24Z,2026-10-08T17:01:24Z,0.0
GU27 3JL,SEPD,LV,1,UB6044,27,2026-10-08T17:01:24Z,2026-10-08T17:01:24Z,0.0
GU27 3JX,SEPD,LV,1,UB6044,27,2026-10-08T17:01:24Z,2026-10-08T17:01:24Z,0.0
GU27 3JY,SEPD,LV,1,UB6044,27,2026-10-08T17:01:24Z,2026-10-08T17:01:24Z,0.0
GU27 3JZ,SEPD,LV,1,UB6044,27,2026-10-08T17:01:24Z,2026-10-08T17:01:24Z,0.0
GU31 4AD,SEPD,HV,1,UB7648,217,2026-10-09T15:42:01Z,2026-10-09T15:42:01Z,0.0
GU31 4AF,SEPD,HV,1,UB7648,217,2026-10-09T15:42:01Z,2026-10-09T15:42:01Z,0.0
GU31 4AH,SEPD,HV,1,UB7648,217,2026-10-09T15:42:01Z,2026-10-09T15:42:01Z,0.0
GU31 4AR,SEPD,HV,1,UB7648,217,2026-10-09T15:42:01Z,2026-10-09T15:42:01Z,0.0
GU31 4AT,SEPD,HV,1,UB7648,217,2026-10-09T15:42:01Z,2026-10-09T15:42:01Z,0.0
GU31 4AZ,SEPD,HV,1,UB7648,217,2026-10-09T15:42:01Z,2026-10-09T15:42:01Z,0.0
GU31 4BA,SEPD,HV,1,UB7648,217,2026-10-09T15:42:01Z,2026-10-09T15:42:01Z,0.0
GU31 4BB,SEPD,HV,1,UB7648,217,2026-10-09T15:42:01Z,2026-10-09T15:42:01Z,0.0
GU31 4BD,SEPD,HV,1,UB7648,217,2026-10-09T15:42:01Z,2026-10-09T15:42:01Z,0.0
GU31 4BE,SEPD,HV,1,UB7648,217,2026-10-09T15:42:01Z,2026-10-09T15:42:01Z,0.0
GU31 4BG,SEPD,HV,1,UB7648,217,2026-10-09T15:42:01Z,2026-10-09T15:42:01Z,0.0
GU31 4BL,SEPD,HV,1,UB7648,217,2026-10-09T15:42:01Z,2026-10-09T15:42:01Z,0.0
GU31 4BP,SEPD,HV,1,UB7648,217,2026-10-09T15:42:01Z,2026-10-09T15:42:01Z,0.0
GU31 4BQ,SEPD,HV,1,UB7648,217,2026-10-09T15:42:01Z,2026-10-09T15:42:01Z,0.0
GU31 4BZ,SEPD,HV,1,UB7648,217,2026-10-09T15:42:01Z,2026-10-09T15:42:01Z,0.0
GU31 4DA,SEPD,HV,1,UB7648,217,2026-10-09T15:42:01Z,2026-10-09T15:42:01Z,0.0
GU31 4DB,SEPD,HV,1,UB7648,217,2026-10-09T15:42:01Z,2026-10-09T15:42:01Z,0.0
GU31 4DP,SEPD,HV,1,UB7648,217,2026-10-09T15:42:01Z,2026-10-09T15:42:01Z,0.0
GU31 4EB,SEPD,HV,1,UB7648,217,2026-10-09T15:42:01Z,2026-10-09T15:42:01Z,0.0
GU31 4EF,SEPD,HV,1,UB7648,217,2026-10-09T15:42:01Z,2026-10-09T15:42:01Z,0.0
GU31 4FF,SEPD,HV,1,UB7648,217,2026-10-09T15:42:01Z,2026-10-09T15:42:01Z,0.0
GU31 4NX,SEPD,HV,1,UB7648,217,2026-10-09T15:42:01Z,2026-10-09T15:42:01Z,0.0
GU31 4PA,SEPD,HV,1,UB7648,217,2026-10-09T15:42:01Z,2026-10-09T15:42:01Z,0.0
GU31 4PB,SEPD,HV,1,UB7648,217,2026-10-09T15:42:01Z,2026-10-09T15:42:01Z,0.0
GU31 4PD,SEPD,HV,1,UB7648,217,2026-10-09T15:42:01Z,2026-10-09T15:42:01Z,0.0
GU31 4PF,SEPD,HV,1,UB7648,217,2026-10-09T15:42:01Z,2026-10-09T15:42:01Z,0.0
GU31 4PG,SEPD,HV,1,UB7648,217,2026-10-09T15:42:01Z,2026-10-09T15:42:01Z,0.0
GU31 4PH,SEPD,HV,1,UB7648,217,2026-10-09T15:42:01Z,2026-10-09T15:42:01Z,0.0
GU31 4PJ,SEPD,HV,1,UB7648,217,2026-10-09T15:42:01Z,2026-10-09T15:42:01Z,0.0
GU31 4PN,SEPD,HV,1,UB7648,217,2026-10-09T15:42:01Z,2026-10-09T15:42:01Z,0.0
GU31 4PP,SEPD,HV,1,UB7648,217,2026-10-09T15:42:01Z,2026-10-09T15:42:01Z,0.0
GU31 4PQ,SEPD,HV,1,UB7648,217,2026-10-09T15:42:01Z,2026-10-09T15:42:01Z,0.0
GU31 4PR,SEPD,HV,1,UB7648,217,2026-10-09T15:42:01Z,2026-10-09T15:42:01Z,0.0
GU31 4PS,SEPD,HV,1,UB7648,217,2026-10-09T15:42:01Z,2026-10-09T15:42:01Z,0.0
GU31 4PU,SEPD,HV,1,UB7648,217,2026-10-09T15:42:01Z,2026-10-09T15:42:01Z,0.0
GU31 4PW,SEPD,HV,1,UB7648,217,2026-10-09T15:42:01Z,2026-10-09T15:42:01Z,0.0
GU31 4PY,SEPD,HV,1,UB7648,217,2026-10-09T15:42:01Z,2026-10-09T15:42:01Z,0.0
GU31 4PZ,SEPD,HV,1,UB7648,217,2026-10-09T15:42:01Z,2026-10-09T15:42:01Z,0.0
GU31 4QA,SEPD,HV,1,UB7648,217,2026-10-09T15:42:01Z,2026-10-09T15:42:01Z,0.0
GU31 4QE,SEPD,HV,1,UB7648,217,2026-10-09T15:42:01Z,2026-10-09T15:42:01Z,0.0
GU31 4QF,SEPD,HV,1,UB7648,217,2026-10-09T15:42:01Z,2026-10-09T15:42:01Z,0.0
GU31 4QN,SEPD,HV,1,UB7648,217,2026-10-09T15:42:01Z,2026-10-09T15:42:01Z,0.0
GU31 5AA,SEPD,HV,1,UB7648,217,2026-10-09T15:42:01Z,2026-10-09T15:42:01Z,0.0
GU31 5AB,SEPD,HV,1,UB7648,217,2026-10-09T15:42:01Z,2026-10-09T15:42:01Z,0.0
GU31 5AD,SEPD,HV,1,UB7648,217,2026-10-09T15:42:01Z,2026-10-09T15:42:01Z,0.0
GU31 5AE,SEPD,HV,1,UB7648,217,2026-10-09T15:42:01Z,2026-10-09T15:42:01Z,0.0
GU31 5AG,SEPD,HV,1,UB7648,217,2026-10-09T15:42:01Z,2026-10-09T15:42:01Z,0.0
GU31 5AH,SEPD,HV,1,UB7648,217,2026-10-09T15:42:01Z,2026-10-09T15:42:01Z,0.0
GU31 5AJ,SEPD,HV,1,UB7648,217,2026-10-09T15:42:01Z,2026-10-09T15:42:01Z,0.0
GU31 5AL,SEPD,HV,1,UB7648,217,2026-10-09T15:42:01Z,2026-10-09T15:42:01Z,0.0
GU31 5AN,SEPD,HV,1,UB7648,217,2026-10-09T15:42:01Z,2026-10-09T15:42:01Z,0.0
GU31 5AP,SEPD,HV,1,UB7648,217,2026-10-09T15:42:01Z,2026-10-09T15:42:01Z,0.0
GU31 5AQ,SEPD,HV,1,UB7648,217,2026-10-09T15:42:01Z,2026-10-09T15:42:01Z,0.0
GU31 5AR,SEPD,HV,1,UB7648,217,2026-10-09T15:42:01Z,2026-10-09T15:42:01Z,0.0
GU31 5AS,SEPD,HV,1,UB7648,217,2026-10-09T15:42:01Z,2026-10-09T15:42:01Z,0.0
GU31 5AT,SEPD,HV,1,UB7648,217,2026-10-09T15:42:01Z,2026-10-09T15:42:01Z,0.0
GU31 5AW,SEPD,HV,1,UB7648,217,2026-10-09T15:42:01Z,2026-10-09T15:42:01Z,0.0
GU31 5DZ,SEPD,HV,1,UB7648,217,2026-10-09T15:42:01Z,2026-10-09T15:42:01Z,0.0
GU31 5NR,SEPD,HV,1,UB7648,217,2026-10-09T15:42:01Z,2026-10-09T15:42:01Z,0.0
GU31 5RN,SEPD,HV,1,UB7648,217,2026-10-09T15:42:01Z,2026-10-09T15:42:01Z,0.0
GU32,SEPD,HV,1,UB7648,217,2026-10-09T15:42:01Z,2026-10-09T15:42:01Z,0.0
GU32 2AA,SEPD,HV,1,UB7648,217,2026-10-09T15:42:01Z,2026-10-09T15:42:01Z,0.0
GU32 2AB,SEPD,HV,1,UB7648,217,2026-10-09T15:42:01Z,2026-10-09T15:42:01Z,0.0
GU32 2AD,SEPD,HV,1,UB7648,217,2026-10-09T15:42:01Z,2026-10-09T15:42:01Z,0.0
GU32 2AE,SEPD,HV,1,UB7648,217,2026-10-09T15:42:01Z,2026-10-09T15:42:01Z,0.0
GU32 2AF,SEPD,HV,1,UB7648,217,2026-10-09T15:42:01Z,2026-10-09T15:42:01Z,0.0
GU32 2AJ,SEPD,HV,1,UB7648,217,2026-10-09T15:42:01Z,2026-10-09T15:42:01Z,0.0
GU32 2AN,SEPD,HV,1,UB7648,217,2026-10-09T15:42:01Z,2026-10-09T15:42:01Z,0.0
GU32 2AU,SEPD,HV,1,UB7648,217,2026-10-09T15:42:01Z,2026-10-09T15:42:01Z,0.0
GU32 2AX,SEPD,HV,1,UB7648,217,2026-10-09T15:42:01Z,2026-10-09T15:42:01Z,0.0
GU32 2HD,SEPD,HV,1,UB7648,217,2026-10-09T15:42:01Z,2026-10-09T15:42:01Z,0.0
GU32 2HE,SEPD,HV,1,UB7648,217,2026-10-09T15:42:01Z,2026-10-09T15:42:01Z,0.0
GU32 2HF,SEPD,HV,1,UB7648,217,2026-10-09T15:42:01Z,2026-10-09T15:42:01Z,0.0
GU32 2HG,SEPD,HV,1,UB7648,217,2026-10-09T15:42:01Z,2026-10-09T15:42:01Z,0.0
GU32 2HH,SEPD,HV,1,UB7648,217,2026-10-09T15:42:01Z,2026-10-09T15:42:01Z,0.0
GU32 2HJ,SEPD,HV,1,UB7648,217,2026-10-09T15:42:01Z,2026-10-09T15:42:01Z,0.0
GU32 2HQ,SEPD,HV,1,UB7648,217,2026-10-09T15:42:01Z,2026-10-09T15:42:01Z,0.0
GU32 3AB,SEPD,HV,1,UB7648,217,2026-10-09T15:42:01Z,2026-10-09T15:42:01Z,0.0
GU32 3AD,SEPD,HV,1,UB7648,217,2026-10-09T15:42:01Z,2026-10-09T15:42:01Z,0.0
GU32 3AJ,SEPD,HV,1,UB7648,217,2026-10-09T15:42:01Z,2026-10-09T15:42:01Z,0.0
GU32 3AN,SEPD,HV,1,UB7648,217,2026-10-09T15:42:01Z,2026-10-09T15:42:01Z,0.0
GU32 3AQ,SEPD,HV,1,UB7648,217,2026-10-09T15:42:01Z,2026-10-09T15:42:01Z,0.0
GU32 3AU,SEPD,HV,1,UB7648,217,2026-10-09T15:42:01Z,2026-10-09T15:42:01Z,0.0
GU32 3BF,SEPD,HV,1,UB7648,217,2026-10-09T15:42:01Z,2026-10-09T15:42:01Z,0.0
GU32 3DG,SEPD,HV,1,UB7648,217,2026-10-09T15:42:01Z,2026-10-09T15:42:01Z,0.0
GU32 3DL,SEPD,HV,1,UB7648,217,2026-10-09T15:42:01Z,2026-10-09T15:42:01Z,0.0
GU32 3DP,SEPD,HV,1,UB7648,217,2026-10-09T15:42:01Z,2026-10-09T15:42:01Z,0.0
GU32 3DR,SEPD,HV,1,UB7648,217,2026-10-09T15:42:01Z,2026-10-09T15:42:01Z,0.0
GU32 3DS,SEPD,HV,1,UB7648,217,2026-10-09T15:42:01Z,2026-10-09T15:42:01Z,0.0
GU32 3DX,SEPD,HV,1,UB7648,217,2026-10-09T15:42:01Z,2026-10-09T15:42:01Z,0.0
GU32 3DY,SEPD,HV,1,UB7648,217,2026-10-09T15:42:01Z,2026-10-09T15:42:01Z,0.0
GU32 3DZ,SEPD,HV,1,UB7648,217,2026-10-09T15:42:01Z,2026-10-09T15:42:01Z,0.0
GU32 3EA,SEPD,HV,1,UB7648,217,2026-10-09T15:42:01Z,2026-10-09T15:42:01Z,0.0
GU32 3EB,SEPD,HV,1,UB7648,217,2026-10-09T15:42:01Z,2026-10-09T15:42:01Z,0.0
GU32 3ED,SEPD,HV,1,UB7648,217,2026-10-09T15:42:01Z,2026-10-09T15:42:01Z,0.0
GU32 3EE,SEPD,HV,1,UB7648,217,2026-10-09T15:42:01Z,2026-10-09T15:42:01Z,0.0
GU32 3EF,SEPD,HV,1,UB7648,217,2026-10-09T15:42:01Z,2026-10-09T15:42:01Z,0.0
GU32 3EH,SEPD,HV,1,UB7648,217,2026-10-09T15:42:01Z,2026-10-09T15:42:01Z,0.0
GU32 3EJ,SEPD,HV,1,UB7648,217,2026-10-09T15:42:01Z,2026-10-09T15:42:01Z,0.0
GU32 3EL,SEPD,HV,1,UB7648,217,2026-10-09T15:42:01Z,2026-10-09T15:42:01Z,0.0
GU32 3EN,SEPD,HV,1,UB7648,217,2026-10-09T15:42:01Z,2026-10-09T15:42:01Z,0.0
GU32 3EP,SEPD,HV,1,UB7648,217,2026-10-09T15:42:01Z,2026-10-09T15:42:01Z,0.0
GU32 3EQ,SEPD,HV,1,UB7648,217,2026-10-09T15:42:01Z,2026-10-09T15:42:01Z,0.0
GU32 3ER,SEPD,HV,1,UB7648,217,2026-10-09T15:42:01Z,2026-10-09T15:42:01Z,0.0
GU32 3ES,SEPD,HV,1,UB7648,217,2026-10-09T15:42:01Z,2026-10-09T15:42:01Z,0.0
GU32 3ET,SEPD,HV,1,UB7648,217,2026-10-09T15:42:01Z,2026-10-09T15:42:01Z,0.0
GU32 3EU,SEPD,HV,1,UB7648,217,2026-10-09T15:42:01Z,2026-10-09T15:42:01Z,0.0
GU32 3EW,SEPD,HV,1,UB7648,217,2026-10-09T15:42:01Z,2026-10-09T15:42:01Z,0.0
GU32 3EX,SEPD,HV,1,UB7648,217,2026-10-09T15:42:01Z,2026-10-09T15:42:01Z,0.0
GU32 3EY,SEPD,HV,1,UB7648,217,2026-10-09T15:42:01Z,2026-10-09T15:42:01Z,0.0
GU32 3EZ,SEPD,HV,1,UB7648,217,2026-10-09T15:42:01Z,2026-10-09T15:42:01Z,0.0
GU32 3FB,SEPD,HV,1,UB7648,217,2026-10-09T15:42:01Z,2026-10-09T15:42:01Z,0.0
GU32 3FD,SEPD,HV,1,UB7648,217,2026-10-09T15:42:01Z,2026-10-09T15:42:01Z,0.0
GU32 3FE,SEPD,HV,1,UB7648,217,2026-10-09T15:42:01Z,2026-10-09T15:42:01Z,0.0
GU32 3FQ,SEPD,HV,1,UB7648,217,2026-10-09T15:42:01Z,2026-10-09T15:42:01Z,0.0
GU32 3FR,SEPD,HV,1,UB7648,217,2026-10-09T15:42:01Z,2026-10-09T15:42:01Z,0.0
GU32 3FT,SEPD,HV,1,UB7648,217,2026-10-09T15:42:01Z,2026-10-09T15:42:01Z,0.0
GU32 3GA,SEPD,HV,1,UB7648,217,2026-10-09T15:42:01Z,2026-10-09T15:42:01Z,0.0
GU32 3HA,SEPD,HV,1,UB7648,217,2026-10-09T15:42:01Z,2026-10-09T15:42:01Z,0.0
GU32 3HB,SEPD,HV,1,UB7648,217,2026-10-09T15:42:01Z,2026-10-09T15:42:01Z,0.0
GU32 3HD,SEPD,HV,1,UB7648,217,2026-10-09T15:42:01Z,2026-10-09T15:42:01Z,0.0
GU32 3HE,SEPD,HV,1,UB7648,217,2026-10-09T15:42:01Z,2026-10-09T15:42:01Z,0.0
GU32 3HF,SEPD,HV,1,UB7648,217,2026-10-09T15:42:01Z,2026-10-09T15:42:01Z,0.0
GU32 3HJ,SEPD,HV,1,UB7648,217,2026-10-09T15:42:01Z,2026-10-09T15:42:01Z,0.0
GU32 3HW,SEPD,HV,1,UB7648,217,2026-10-09T15:42:01Z,2026-10-09T15:42:01Z,0.0
GU32 3HZ,SEPD,HV,1,UB7648,217,2026-10-09T15:42:01Z,2026-10-09T15:42:01Z,0.0
GU32 3JA,SEPD,HV,1,UB7648,217,2026-10-09T15:42:01Z,2026-10-09T15:42:01Z,0.0
GU32 3JE,SEPD,HV,1,UB7648,217,2026-10-09T15:42:01Z,2026-10-09T15:42:01Z,0.0
GU32 3JG,SEPD,HV,1,UB7648,217,2026-10-09T15:42:01Z,2026-10-09T15:42:01Z,0.0
GU32 3JT,SEPD,HV,1,UB7648,217,2026-10-09T15:42:01Z,2026-10-09T15:42:01Z,0.0
GU32 3JZ,SEPD,HV,1,UB7648,217,2026-10-09T15:42:01Z,2026-10-09T15:42:01Z,0.0
GU32 3LA,SEPD,HV,1,UB7648,217,2026-10-09T15:42:01Z,2026-10-09T15:42:01Z,0.0
GU32 3LD,SEPD,HV,1,UB7648,217,2026-10-09T15:42:01Z,2026-10-09T15:42:01Z,0.0
GU32 3LE,SEPD,HV,1,UB7648,217,2026-10-09T15:42:01Z,2026-10-09T15:42:01Z,0.0
GU32 3LF,SEPD,HV,1,UB7648,217,2026-10-09T15:42:01Z,2026-10-09T15:42:01Z,0.0
GU32 3LH,SEPD,HV,1,UB7648,217,2026-10-09T15:42:01Z,2026-10-09T15:42:01Z,0.0
GU32 3LQ,SEPD,HV,1,UB7648,217,2026-10-09T15:42:01Z,2026-10-09T15:42:01Z,0.0
GU32 3LR,SEPD,HV,1,UB7648,217,2026-10-09T15:42:01Z,2026-10-09T15:42:01Z,0.0
GU32 3NU,SEPD,HV,1,UB7648,217,2026-10-09T15:42:01Z,2026-10-09T15:42:01Z,0.0
GU32 3NX,SEPD,HV,1,UB7648,217,2026-10-09T15:42:01Z,2026-10-09T15:42:01Z,0.0
GU33 7QF,SEPD,HV,1,UB7648,217,2026-10-09T15:42:01Z,2026-10-09T15:42:01Z,0.0
GU33 7QG,SEPD,HV,1,UB7648,217,2026-10-09T15:42:01Z,2026-10-09T15:42:01Z,0.0
GU33 7QH,SEPD,HV,1,UB7648,217,2026-10-09T15:42:01Z,2026-10-09T15:42:01Z,0.0
GU33 7QQ,SEPD,HV,1,UB7648,217,2026-10-09T15:42:01Z,2026-10-09T15:42:01Z,0.0
GU33 7QR,SEPD,HV,1,UB7648,217,2026-10-09T15:42:01Z,2026-10-09T15:42:01Z,0.0
GU33 7QS,SEPD,HV,1,UB7648,217,2026-10-09T15:42:01Z,2026-10-09T15:42:01Z,0.0
GU33 7QT,SEPD,HV,1,UB7648,217,2026-10-09T15:42:01Z,2026-10-09T15:42:01Z,0.0
GU33 7QU,SEPD,HV,1,UB7648,217,2026-10-09T15:42:01Z,2026-10-09T15:42:01Z,0.0
GU34,SEPD,HV,1,UB4469,683,2026-10-07T18:58:09Z,2026-10-07T18:58:09Z,0.0
GU34 2PH,SEPD,HV,1,UB4469,683,2026-10-07T18:58:09Z,2026-10-07T18:58:09Z,0.0
GU34 2PJ,SEPD,HV,1,UB4469,683,2026-10-07T18:58:09Z,2026-10-07T18:58:09Z,0.0
GU34 2PR,SEPD,HV,1,UB4469,683,2026-10-07T18:58:09Z,2026-10-07T18:58:09Z,0.0
GU34 2PY,SEPD,HV,1,UB4469,683,2026-10-07T18:58:09Z,2026-10-07T18:58:09Z,0.0
GU34 2QG,SEPD,HV,1,UB4469,683,2026-10-07T18:58:09Z,2026-10-07T18:58:09Z,0.0
GU34 2QH,SEPD,HV,1,UB4469,683,2026-10-07T18:58:09Z,2026-10-07T18:58:09Z,0.0
GU34 2QJ,SEPD,HV,1,UB4469,683,2026-10-07T18:58:09Z,2026-10-07T18:58:09Z,0.0
GU34 2QL,SEPD,HV,1,UB4469,683,2026-10-07T18:58:09Z,2026-10-07T18:58:09Z,0.0
GU34 2QR,SEPD,HV,1,UB4469,683,2026-10-07T18:58:09Z,2026-10-07T18:58:09Z,0.0
GU34 2QU,SEPD,HV,1,UB4469,683,2026-10-07T18:58:09Z,2026-10-07T18:58:09Z,0.0
GU34 2QW,SEPD,HV,1,UB4469,683,2026-10-07T18:58:09Z,2026-10-07T18:58:09Z,0.0
GU34 2SN,SEPD,HV,1,UB4483,184,2026-10-07T18:58:09Z,2026-10-07T18:58:09Z,0.0
GU34 2SP,SEPD,HV,1,UB4483,184,2026-10-07T18:58:09Z,2026-10-07T18:58:09Z,0.0
GU34 2SW,SEPD,HV,1,UB4483,184,2026-10-07T18:58:09Z,2026-10-07T18:58:09Z,0.0
GU34 2UP,SEPD,HV,1,UB4469,683,2026-10-07T18:58:09Z,2026-10-07T18:58:09Z,0.0
GU34 2UR,SEPD,HV,1,UB4469,683,2026-10-07T18:58:09Z,2026-10-07T18:58:09Z,0.0
GU34 2YY,SEPD,HV,1,UB4469,683,2026-10-07T18:58:09Z,2026-10-07T18:58:09Z,0.0
GU34 3AA,SEPD,HV,1,UB4483,184,2026-10-07T18:58:09Z,2026-10-07T18:58:09Z,0.0
GU34 3AH,SEPD,HV,1,UB4469,683,2026-10-07T18:58:09Z,2026-10-07T18:58:09Z,0.0
GU34 3AJ,SEPD,HV,1,UB4469,683,2026-10-07T18:58:09Z,2026-10-07T18:58:09Z,0.0
GU34 3AL,SEPD,HV,1,UB4469,683,2026-10-07T18:58:09Z,2026-10-07T18:58:09Z,0.0
GU34 3AP,SEPD,HV,1,UB4469,683,2026-10-07T18:58:09Z,2026-10-07T18:58:09Z,0.0
GU34 3DH,SEPD,HV,1,UB4483,184,2026-10-07T18:58:09Z,2026-10-07T18:58:09Z,0.0
GU34 3DJ,SEPD,HV,1,UB4483,184,2026-10-07T18:58:09Z,2026-10-07T18:58:09Z,0.0
GU34 3DL,SEPD,HV,1,UB4483,184,2026-10-07T18:58:09Z,2026-10-07T18:58:09Z,0.0
GU34 3DN,SEPD,HV,1,UB4483,184,2026-10-07T18:58:09Z,2026-10-07T18:58:09Z,0.0
GU34 3DS,SEPD,HV,1,UB4483,184,2026-10-07T18:58:09Z,2026-10-07T18:58:09Z,0.0
GU34 3DT,SEPD,HV,1,UB4483,184,2026-10-07T18:58:09Z,2026-10-07T18:58:09Z,0.0
GU34 3ED,SEPD,HV,1,UB4483,184,2026-10-07T18:58:09Z,2026-10-07T18:58:09Z,0.0
GU34 3EG,SEPD,HV,1,UB4483,184,2026-10-07T18:58:09Z,2026-10-07T18:58:09Z,0.0
GU34 3EH,SEPD,HV,1,UB4483,184,2026-10-07T18:58:09Z,2026-10-07T18:58:09Z,0.0
GU34 3EJ,SEPD,HV,1,UB4483,184,2026-10-07T18:58:09Z,2026-10-07T18:58:09Z,0.0
GU34 3EQ,SEPD,HV,1,UB4483,184,2026-10-07T18:58:09Z,2026-10-07T18:58:09Z,0.0
GU34 3HF,SEPD,HV,1,UB4483,184,2026-10-07T18:58:09Z,2026-10-07T18:58:09Z,0.0
GU34 3HJ,SEPD,HV,1,UB4483,184,2026-10-07T18:58:09Z,2026-10-07T18:58:09Z,0.0
GU34 3HL,SEPD,HV,1,UB4483,184,2026-10-07T18:58:09Z,2026-10-07T18:58:09Z,0.0
GU34 3HN,SEPD,HV,1,UB4483,184,2026-10-07T18:58:09Z,2026-10-07T18:58:09Z,0.0
GU34 3HW,SEPD,HV,1,UB4483,184,2026-10-07T18:58:09Z,2026-10-07T18:58:09Z,0.0
GU34 4BE,SEPD,HV,1,UB4469,683,2026-10-07T18:58:09Z,2026-10-07T18:58:09Z,0.0
GU34 4DQ,SEPD,HV,1,UB4469,683,2026-10-07T18:58:09Z,2026-10-07T18:58:09Z,0.0
GU34 4EE,SEPD,HV,1,UB4469,683,2026-10-07T18:58:09Z,2026-10-07T18:58:09Z,0.0
GU34 4EG,SEPD,HV,1,UB4469,683,2026-10-07T18:58:09Z,2026-10-07T18:58:09Z,0.0
GU34 4ER,SEPD,HV,1,UB4469,683,2026-10-07T18:58:09Z,2026-10-07T18:58:09Z,0.0
GU34 4ET,SEPD,HV,1,UB4469,683,2026-10-07T18:58:09Z,2026-10-07T18:58:09Z,0.0
GU34 4EU,SEPD,HV,1,UB4469,683,2026-10-07T18:58:09Z,2026-10-07T18:58:09Z,0.0
GU34 4EY,SEPD,HV,1,UB4469,683,2026-10-07T18:58:09Z,2026-10-07T18:58:09Z,0.0
GU34 4HL,SEPD,HV,1,UB4469,683,2026-10-07T18:58:09Z,2026-10-07T18:58:09Z,0.0
GU34 4HT,SEPD,HV,1,UB4469,683,2026-10-07T18:58:09Z,2026-10-07T18:58:09Z,0.0
GU34 4HU,SEPD,HV,1,UB4469,683,2026-10-07T18:58:09Z,2026-10-07T18:58:09Z,0.0
GU34 4HY,SEPD,HV,1,UB4469,683,2026-10-07T18:58:09Z,2026-10-07T18:58:09Z,0.0
GU34 4JA,SEPD,HV,1,UB4469,683,2026-10-07T18:58:09Z,2026-10-07T18:58:09Z,0.0
GU34 4JB,SEPD,HV,1,UB4469,683,2026-10-07T18:58:09Z,2026-10-07T18:58:09Z,0.0
GU34 4JD,SEPD,HV,1,UB4469,683,2026-10-07T18:58:09Z,2026-10-07T18:58:09Z,0.0
GU34 4JE,SEPD,HV,1,UB4469,683,2026-10-07T18:58:09Z,2026-10-07T18:58:09Z,0.0
GU34 4JF,SEPD,HV,1,UB4469,683,2026-10-07T18:58:09Z,2026-10-07T18:58:09Z,0.0
GU34 4JJ,SEPD,HV,1,UB4469,683,2026-10-07T18:58:09Z,2026-10-07T18:58:09Z,0.0
GU34 4NP,SEPD,HV,1,UB4469,683,2026-10-07T18:58:09Z,2026-10-07T18:58:09Z,0.0
GU34 4NR,SEPD,HV,1,UB4469,683,2026-10-07T18:58:09Z,2026-10-07T18:58:09Z,0.0
GU34 4NS,SEPD,HV,1,UB4469,683,2026-10-07T18:58:09Z,2026-10-07T18:58:09Z,0.0
GU34 4NT,SEPD,HV,1,UB4469,683,2026-10-07T18:58:09Z,2026-10-07T18:58:09Z,0.0
GU34 4NU,SEPD,HV,1,UB4469,683,2026-10-07T18:58:09Z,2026-10-07T18:58:09Z,0.0
GU34 4NX,SEPD,HV,1,UB4469,683,2026-10-07T18:58:09Z,2026-10-07T18:58:09Z,0.0
GU34 4NY,SEPD,HV,1,UB4469,683,2026-10-07T18:58:09Z,2026-10-07T18:58:09Z,0.0
GU34 4NZ,SEPD,HV,1,UB4469,683,2026-10-07T18:58:09Z,2026-10-07T18:58:09Z,0.0
GU34 4PA,SEPD,HV,1,UB4469,683,2026-10-07T18:58:09Z,2026-10-07T18:58:09Z,0.0
GU34 4PB,SEPD,HV,1,UB4469,683,2026-10-07T18:58:09Z,2026-10-07T18:58:09Z,0.0
GU34 4PD,SEPD,HV,1,UB4469,683,2026-10-07T18:58:09Z,2026-10-07T18:58:09Z,0.0
GU34 4PE,SEPD,HV,1,UB4469,683,2026-10-07T18:58:09Z,2026-10-07T18:58:09Z,0.0
GU34 4PF,SEPD,HV,1,UB4469,683,2026-10-07T18:58:09Z,2026-10-07T18:58:09Z,0.0
GU34 4PG,SEPD,HV,1,UB4469,683,2026-10-07T18:58:09Z,2026-10-07T18:58:09Z,0.0
GU34 4PH,SEPD,HV,1,UB4469,683,2026-10-07T18:58:09Z,2026-10-07T18:58:09Z,0.0
GU34 4PJ,SEPD,HV,1,UB4469,683,2026-10-07T18:58:09Z,2026-10-07T18:58:09Z,0.0
GU34 4PL,SEPD,HV,1,UB4469,683,2026-10-07T18:58:09Z,2026-10-07T18:58:09Z,0.0
GU34 4PN,SEPD,HV,1,UB4469,683,2026-10-07T18:58:09Z,2026-10-07T18:58:09Z,0.0
GU34 4PP,SEPD,HV,1,UB4469,683,2026-10-07T18:58:09Z,2026-10-07T18:58:09Z,0.0
GU34 4PQ,SEPD,HV,1,UB4469,683,2026-10-07T18:58:09Z,2026-10-07T18:58:09Z,0.0
GU34 4PW,SEPD,HV,1,UB4469,683,2026-10-07T18:58:09Z,2026-10-07T18:58:09Z,0.0
GU34 4QD,SEPD,HV,1,UB4469,683,2026-10-07T18:58:09Z,2026-10-07T18:58:09Z,0.0
GU34 4QH,SEPD,HV,1,UB4469,683,2026-10-07T18:58:09Z,2026-10-07T18:58:09Z,0.0
GU35 9NR,SEPD,HV,1,UB4469,683,2026-10-07T18:58:09Z,2026-10-07T18:58:09Z,0.0
GU35 9NS,SEPD,HV,1,UB4469,683,2026-10-07T18:58:09Z,2026-10-07T18:58:09Z,0.0
GU35 9NT,SEPD,HV,1,UB4469,683,2026-10-07T18:58:09Z,2026-10-07T18:58:09Z,0.0
GU35 9NU,SEPD,HV,1,UB4469,683,2026-10-07T18:58:09Z,2026-10-07T18:58:09Z,0.0
GU35 9NX,SEPD,HV,1,UB4469,683,2026-10-07T18:58:09Z,2026-10-07T18:58:09Z,0.0
GU35 9NY,SEPD,HV,1,UB4469,683,2026-10-07T18:58:09Z,2026-10-07T18:58:09Z,0.0
GU35 9PA,SEPD,HV,1,UB4469,683,2026-10-07T18:58:09Z,2026-10-07T18:58:09Z,0.0
GU35 9PB,SEPD,HV,1,UB4469,683,2026-10-07T18:58:09Z,2026-10-07T18:58:09Z,0.0
HP13 5XG,SEPD,LV,1,UB6824,24,2026-10-09T08:53:53Z,2026-10-09T08:53:53Z,0.0
HP13 5XH,SEPD,LV,1,UB6824,24,2026-10-09T08:53:53Z,2026-10-09T08:53:53Z,0.0
HP13 5XJ,SEPD,LV,1,UB6824,24,2026-10-09T08:53:53Z,2026-10-09T08:53:53Z,0.0
HP13 5XQ,SEPD,LV,1,UB6824,24,2026-10-09T08:53:53Z,2026-10-09T08:53:53Z,0.0
HP13 5YA,SEPD,LV,1,UB6824,24,2026-10-09T08:53:53Z,2026-10-09T08:53:53Z,0.0
HP13 6AB,SEPD,LV,1,UB3006,23,2026-10-06T23:56:15Z,2026-10-06T23:56:15Z,0.0
HP13 6AD,SEPD,LV,1,UB3006,23,2026-10-06T23:56:15Z,2026-10-06T23:56:15Z,0.0
HP13 6AE,SEPD,LV,1,UB3006,23,2026-10-06T23:56:15Z,2026-10-06T23:56:15Z,0.0
HP13 6AF,SEPD,LV,1,UB3006,23,2026-10-06T23:56:15Z,2026-10-06T23:56:15Z,0.0
HP13 6AG,SEPD,LV,1,UB3006,23,2026-10-06T23:56:15Z,2026-10-06T23:56:15Z,0.0
HP13 6GG,SEPD,LV,1,UB3006,23,2026-10-06T23:56:15Z,2026-10-06T23:56:15Z,0.0
HP14 3JN,SEPD,LV,1,UB2012,18,2026-10-06T08:07:01Z,2026-10-06T08:07:01Z,0.0
HP14 3JQ,SEPD,LV,1,UB2012,18,2026-10-06T08:07:01Z,2026-10-06T08:07:01Z,0.0
HP14 3JX,SEPD,LV,1,UB2012,18,2026-10-06T08:07:01Z,2026-10-06T08:07:01Z,0.0
HS2 0BH,SHEPD,PSI,1,255408,1434,2026-10-06T01:34:10Z,2026-10-06T01:34:10Z,0.0
HS2 0BJ,SHEPD,PSI,1,255408,1434,2026-10-06T01:34:10Z,2026-10-06T01:34:10Z,0.0
HS2 0BY,SHEPD,PSI,1,255408,1434,2026-10-06T01:34:10Z,2026-10-06T01:34:10Z,0.0
HS2 0EX,SHEPD,PSI,1,255408,1434,2026-10-06T01:34:10Z,2026-10-06T01:34:10Z,0.0
HS2 0QN,SHEPD,PSI,1,255408,1434,2026-10-06T01:34:10Z,2026-10-06T01:34:10Z,0.0
HS2 0QR,SHEPD,PSI,1,255408,1434,2026-10-06T01:34:10Z,2026-10-06T01:34:10Z,0.0
HS2 0QS,SHEPD,PSI,1,255408,1434,2026-10-06T01:34:10Z,2026-10-06T01:34:10Z,0.0
HS2 0QX,SHEPD,PSI,1,255408,1434,2026-10-06T01:34:10Z,2026-10-06T01:34:10Z,0.0
HS2 0QY,SHEPD,PSI,1,255408,1434,2026-10-06T01:34:10Z,2026-10-06T01:34:10Z,0.0
HS2 0QZ,SHEPD,PSI,1,255408,1434,2026-10-06T01:34:10Z,2026-10-06T01:34:10Z,0.0
HS2 0RB,SHEPD,PSI,1,255408,1434,2026-10-06T01:34:10Z,2026-10-06T01:34:10Z,0.0
HS2 0RG,SHEPD,PSI,1,255408,1434,2026-10-06T01:34:10Z,2026-10-06T01:34:10Z,0.0
HS2 0RH,SHEPD,PSI,1,255408,1434,2026-10-06T01:34:10Z,2026-10-06T01:34:10Z,0.0
HS2 0RJ,SHEPD,PSI,1,255408,1434,2026-10-06T01:34:10Z,2026-10-06T01:34:10Z,0.0
HS2 0RL,SHEPD,PSI,1,255408,1434,2026-10-06T01:34:10Z,2026-10-06T01:34:10Z,0.0
HS2 0RQ,SHEPD,PSI,1,255408,1434,2026-10-06T01:34:10Z,2026-10-06T01:34:10Z,0.0
HS2 0RR,SHEPD,PSI,1,255408,1434,2026-10-06T01:34:10Z,2026-10-06T01:34:10Z,0.0
HS2 0RS,SHEPD,PSI,1,255408,1434,2026-10-06T01:34:10Z,2026-10-06T01:34:10Z,0.0
HS2 0RT,SHEPD,PSI,1,255408,1434,2026-10-06T01:34:10Z,2026-10-06T01:34:10Z,0.0
HS2 0RU,SHEPD,PSI,1,255408,1434,2026-10-06T01:34:10Z,2026-10-06T01:34:10Z,0.0
HS2 0RX,SHEPD,PSI,1,255408,1434,2026-10-06T01:34:10Z,2026-10-06T01:34:10Z,0.0
HS2 0RY,SHEPD,PSI,1,255408,1434,2026-10-06T01:34:10Z,2026-10-06T01:34:10Z,0.0
HS2 0RZ,SHEPD,PSI,1,255408,1434,2026-10-06T01:34:10Z,2026-10-06T01:34:10Z,0.0
HS2 0SD,SHEPD,PSI,1,255408,1434,2026-10-06T01:34:10Z,2026-10-06T01:34:10Z,0.0
HS2 0SG,SHEPD,PSI,1,255408,1434,2026-10-06T01:34:10Z,2026-10-06T01:34:10Z,0.0
HS2 0SH,SHEPD,PSI,1,255408,1434,2026-10-06T01:34:10Z,2026-10-06T01:34:10Z,0.0
HS2 0SJ,SHEPD,PSI,1,255408,1434,2026-10-06T01:34:10Z,2026-10-06T01:34:10Z,0.0
HS2 0SN,SHEPD,PSI,1,255408,1434,2026-10-06T01:34:10Z,2026-10-06T01:34:10Z,0.0
HS2 0SP,SHEPD,PSI,1,255408,1434,2026-10-06T01:34:10Z,2026-10-06T01:34:10Z,0.0
HS2 0SR,SHEPD,PSI,1,255408,1434,2026-10-06T01:34:10Z,2026-10-06T01:34:10Z,0.0
HS2 0ST,SHEPD,PSI,1,255408,1434,2026-10-06T01:34:10Z,2026-10-06T01:34:10Z,0.0
HS2 0SU,SHEPD,PSI,1,255408,1434,2026-10-06T01:34:10Z,2026-10-06T01:34:10Z,0.0
HS2 0SW,SHEPD,PSI,1,255408,1434,2026-10-06T01:34:10Z,2026-10-06T01:34:10Z,0.0
HS2 0SY,SHEPD,PSI,1,255408,1434,2026-10-06T01:34:10Z,2026-10-06T01:34:10Z,0.0
HS2 0SZ,SHEPD,PSI,1,255408,1434,2026-10-06T01:34:10Z,2026-10-06T01:34:10Z,0.0
HS2 0TA,SHEPD,PSI,1,255408,1434,2026-10-06T01:34:10Z,2026-10-06T01:34:10Z,0.0
HS2 0TB,SHEPD,PSI,1,255408,1434,2026-10-06T01:34:10Z,2026-10-06T01:34:10Z,0.0
HS2 0TD,SHEPD,PSI,1,255408,1434,2026-10-06T01:34:10Z,2026-10-06T01:34:10Z,0.0
HS2 0TG,SHEPD,PSI,1,255408,1434,2026-10-06T01:34:10Z,2026-10-06T01:34:10Z,0.0
HS2 0TH,SHEPD,PSI,1,255408,1434,2026-10-06T01:34:10Z,2026-10-06T01:34:10Z,0.0
HS2 0TJ,SHEPD,PSI,1,255408,1434,2026-10-06T01:34:10Z,2026-10-06T01:34:10Z,0.0
HS2 0TL,SHEPD,PSI,1,255408,1434,2026-10-06T01:34:10Z,2026-10-06T01:34:10Z,0.0
HS2 0TN,SHEPD,PSI,1,255408,1434,2026-10-06T01:34:10Z,2026-10-06T01:34:10Z,0.0
HS2 0TQ,SHEPD,PSI,1,255408,1434,2026-10-06T01:34:10Z,2026-10-06T01:34:10Z,0.0
HS2 0TR,SHEPD,PSI,1,255408,1434,2026-10-06T01:34:10Z,2026-10-06T01:34:10Z,0.0
HS2 0TS,SHEPD,PSI,1,255408,1434,2026-10-06T01:34:10Z,2026-10-06T01:34:10Z,0.0
HS2 0TW,SHEPD,PSI,1,255408,1434,2026-10-06T01:34:10Z,2026-10-06T01:34:10Z,0.0
HS2 0TX,SHEPD,PSI,1,255408,1434,2026-10-06T01:34:10Z,2026-10-06T01:34:10Z,0.0
HS2 0XA,SHEPD,PSI,1,255408,1434,2026-10-06T01:34:10Z,2026-10-06T01:34:10Z,0.0
HS2 0XB,SHEPD,PSI,1,255408,1434,2026-10-06T01:34:10Z,2026-10-06T01:34:10Z,0.0
HS2 0XD,SHEPD,PSI,1,255408,1434,2026-10-06T01:34:10Z,2026-10-06T01:34:10Z,0.0
HS2 0XF,SHEPD,PSI,1,255408,1434,2026-10-06T01:34:10Z,2026-10-06T01:34:10Z,0.0
HS2 0XG,SHEPD,PSI,1,255408,1434,2026-10-06T01:34:10Z,2026-10-06T01:34:10Z,0.0
HS2 0XH,SHEPD,PSI,1,255408,1434,2026-10-06T01:34:10Z,2026-10-06T01:34:10Z,0.0
HS2 0XJ,SHEPD,PSI,1,255408,1434,2026-10-06T01:34:10Z,2026-10-06T01:34:10Z,0.0
HS2 9DD,SHEPD,HV,1,UB8254,35,2026-10-10T05:52:14Z,2026-10-10T05:52:14Z,0.0
HS2 9DH,SHEPD,HV,1,UB8254,35,2026-10-10T05:52:14Z,2026-10-10T05:52:14Z,0.0
HS2 9NH,SHEPD,PSI,1,254818,46,2026-10-07T12:03:52Z,2026-10-07T12:03:52Z,0.0
HS2 9NJ,SHEPD,PSI,1,254818,46,2026-10-07T12:03:52Z,2026-10-07T12:03:52Z,0.0
HS2 9QB,SHEPD,PSI,1,255408,1434,2026-10-06T01:34:10Z,2026-10-06T01:34:10Z,0.0
HS8 5QX,SHEPD,HV,1,UB1310,70,2026-10-05T12:42:36Z,2026-10-05T12:42:36Z,0.0
HS8 5RA,SHEPD,HV,1,UB1310,70,2026-10-05T12:42:36Z,2026-10-05T12:42:36Z,0.0
HS8 5RL,SHEPD,HV,1,UB1310,70,2026-10-05T12:42:36Z,2026-10-05T12:42:36Z,0.0
HS8 5RQ,SHEPD,HV,1,UB1310,70,2026-10-05T12:42:36Z,2026-10-05T12:42:36Z,0.0
HS8 5RU,SHEPD,HV,1,UB1310,70,2026-10-05T12:42:36Z,2026-10-05T12:42:36Z,0.0
HS9 5YD,SHEPD,PSI,1,254887,51,2026-10-06T15:13:47Z,2026-10-06T15:13:47Z,0.0
HS9 5YE,SHEPD,PSI,1,254887,51,2026-10-06T15:13:47Z,2026-10-06T15:13:47Z,0.0
IV1 2UB,SHEPD,HV,1,UB8798,102,2026-10-10T20:13:36Z,2026-10-10T20:13:36Z,0.0
IV10 8SW,SHEPD,PSI,1,254733,29,2026-10-08T17:01:24Z,2026-10-08T17:01:24Z,0.0
IV10 8UE,SHEPD,PSI,1,254733,29,2026-10-08T17:01:24Z,2026-10-08T17:01:24Z,0.0
IV10 8UL,SHEPD,PSI,1,254725,40,2026-10-06T15:13:47Z,2026-10-06T15:13:47Z,0.0
IV10 8UU,SHEPD,PSI,1,254710,3,2026-10-05T12:42:36Z,2026-10-05T12:42:36Z,0.0
IV11 8XX,SHEPD,PSI,1,254710,3,2026-10-05T12:42:36Z,2026-10-05T12:42:36Z,0.0
IV11 8XY,SHEPD,PSI,1,254722,6,2026-10-05T12:42:36Z,2026-10-05T12:42:36Z,0.0
IV12 5NA,SHEPD,PSI,1,254836,10,2026-10-07T12:03:52Z,2026-10-07T12:03:52Z,0.0
IV12 5NF,SHEPD,PSI,1,254836,10,2026-10-07T12:03:52Z,2026-10-07T12:03:52Z,0.0
IV13 7YE,SHEPD,PSI,1,255098,40,2026-10-08T17:01:24Z,2026-10-08T17:01:24Z,0.0
IV13 7YF,SHEPD,PSI,1,255098,40,2026-10-08T17:01:24Z,2026-10-08T17:01:24Z,0.0
IV13 7YG,SHEPD,PSI,1,255098,40,2026-10-08T17:01:24Z,2026-10-08T17:01:24Z,0.0
IV13 7YP,SHEPD,PSI,1,255098,40,2026-10-08T17:01:24Z,2026-10-08T17:01:24Z,0.0
IV13 7YQ,SHEPD,PSI,1,255098,40,2026-10-08T17:01:24Z,2026-10-08T17:01:24Z,0.0
IV14 9EW,SHEPD,PSI,1,255119,136,2026-10-09T15:42:01Z,2026-10-09T15:42:01Z,0.0
IV16 9UB,SHEPD,LV,1,UB6268,19,2026-10-08T17:01:24Z,2026-10-08T17:01:24Z,0.0
IV16 9UD,SHEPD,LV,1,UB6268,19,2026-10-08T17:01:24Z,2026-10-08T17:01:24Z,0.0
IV16 9UJ,SHEPD,LV,1,UB6268,19,2026-10-08T17:01:24Z,2026-10-08T17:01:24Z,0.0
IV16 9UN,SHEPD,LV,1,UB6268,19,2026-10-08T17:01:24Z,2026-10-08T17:01:24Z,0.0
IV16 9UP,SHEPD,LV,1,UB6268,19,2026-10-08T17:01:24Z,2026-10-08T17:01:24Z,0.0
IV16 9UR,SHEPD,LV,1,UB6268,19,2026-10-08T17:01:24Z,2026-10-08T17:01:24Z,0.0
IV16 9UT,SHEPD,LV,1,UB6268,19,2026-10-08T17:01:24Z,2026-10-08T17:01:24Z,0.0
IV16 9UU,SHEPD,LV,1,UB6268,19,2026-10-08T17:01:24Z,2026-10-08T17:01:24Z,0.0
IV16 9UW,SHEPD,LV,1,UB6268,19,2026-10-08T17:01:24Z,2026-10-08T17:01:24Z,0.0
IV27 4HW,SHEPD,HV,1,UB2710,72,2026-10-06T23:56:15Z,2026-10-06T23:56:15Z,0.0
IV27 4TH,SHEPD,HV,1,UB2710,72,2026-10-06T23:56:15Z,2026-10-06T23:56:15Z,0.0
IV27 4TJ,SHEPD,HV,1,UB2710,72,2026-10-06T23:56:15Z,2026-10-06T23:56:15Z,0.0
IV27 4TL,SHEPD,HV,1,UB2710,72,2026-10-06T23:56:15Z,2026-10-06T23:56:15Z,0.0
IV40 8BE,SHEPD,LV,1,UB0979,2,2026-10-04T08:45:17Z,2026-10-04T08:45:17Z,0.0
IV41 8AB,SHEPD,PSI,1,255235,525,2026-10-08T17:01:24Z,2026-10-08T17:01:24Z,0.0
IV41 8PF,SHEPD,PSI,1,255235,525,2026-10-08T17:01:24Z,2026-10-08T17:01:24Z,0.0
IV41 8PL,SHEPD,PSI,1,255235,525,2026-10-08T17:01:24Z,2026-10-08T17:01:24Z,0.0
IV41 8PN,SHEPD,PSI,1,255235,525,2026-10-08T17:01:24Z,2026-10-08T17:01:24Z,0.0
IV41 8PP,SHEPD,PSI,1,255235,525,2026-10-08T17:01:24Z,2026-10-08T17:01:24Z,0.0
IV41 8PQ,SHEPD,PSI,1,255235,525,2026-10-08T17:01:24Z,2026-10-08T17:01:24Z,0.0
IV41 8PR,SHEPD,PSI,1,255235,525,2026-10-08T17:01:24Z,2026-10-08T17:01:24Z,0.0
IV42 8NH,SHEPD,PSI,1,255235,525,2026-10-08T17:01:24Z,2026-10-08T17:01:24Z,0.0
IV42 8PY,SHEPD,PSI,1,255235,525,2026-10-08T17:01:24Z,2026-10-08T17:01:24Z,0.0
IV42 8PZ,SHEPD,PSI,1,255235,525,2026-10-08T17:01:24Z,2026-10-08T17:01:24Z,0.0
IV42 8QA,SHEPD,PSI,1,255235,525,2026-10-08T17:01:24Z,2026-10-08T17:01:24Z,0.0
IV42 8QB,SHEPD,PSI,1,255235,525,2026-10-08T17:01:24Z,2026-10-08T17:01:24Z,0.0
IV42 8QD,SHEPD,PSI,1,255235,525,2026-10-08T17:01:24Z,2026-10-08T17:01:24Z,0.0
IV42 8QE,SHEPD,PSI,1,255235,525,2026-10-08T17:01:24Z,2026-10-08T17:01:24Z,0.0
IV47 8SW,SHEPD,PSI,1,255235,525,2026-10-08T17:01:24Z,2026-10-08T17:01:24Z,0.0
IV6 7QG,SHEPD,PSI,1,255119,136,2026-10-09T15:42:01Z,2026-10-09T15:42:01Z,0.0
IV6 7QQ,SHEPD,PSI,1,255119,136,2026-10-09T15:42:01Z,2026-10-09T15:42:01Z,0.0
IV6 7RG,SHEPD,PSI,1,255466,16,2026-10-07T12:03:52Z,2026-10-07T12:03:52Z,0.0
IV6 7XW,SHEPD,PSI,1,255119,136,2026-10-09T15:42:01Z,2026-10-09T15:42:01Z,0.0
KA27 8PB,SHEPD,HV,1,UB6202,31,2026-10-08T17:01:24Z,2026-10-08T17:01:24Z,0.0
KA27 8PG,SHEPD,HV,1,UB6202,31,2026-10-08T17:01:24Z,2026-10-08T17:01:24Z,0.0
KA27 8PH,SHEPD,HV,1,UB6202,31,2026-10-08T17:01:24Z,2026-10-08T17:01:24Z,0.0
KA27 8PQ,SHEPD,HV,1,UB6202,31,2026-10-08T17:01:24Z,2026-10-08T17:01:24Z,0.0
KW1 5SB,SHEPD,HV,1,UB1101,222,2026-10-04T14:28:42Z,2026-10-04T14:28:42Z,0.0
KW1 5SE,SHEPD,HV,1,UB1101,222,2026-10-04T14:28:42Z,2026-10-04T14:28:42Z,0.0
KW1 5TE,SHEPD,HV,1,UB1101,222,2026-10-04T14:28:42Z,2026-10-04T14:28:42Z,0.0
KW1 5TP,SHEPD,HV,1,UB1101,222,2026-10-04T14:28:42Z,2026-10-04T14:28:42Z,0.0
KW1 5TQ,SHEPD,HV,1,UB1101,222,2026-10-04T14:28:42Z,2026-10-04T14:28:42Z,0.0
KW1 5TR,SHEPD,HV,1,UB1101,222,2026-10-04T14:28:42Z,2026-10-04T14:28:42Z,0.0
KW1 5TS,SHEPD,HV,1,UB1101,222,2026-10-04T14:28:42Z,2026-10-04T14:28:42Z,0.0
KW1 5TT,SHEPD,HV,1,UB1101,222,2026-10-04T14:28:42Z,2026-10-04T14:28:42Z,0.0
KW1 5TU,SHEPD,HV,1,UB1101,222,2026-10-04T14:28:42Z,2026-10-04T14:28:42Z,0.0
KW1 5TX,SHEPD,HV,1,UB1101,222,2026-10-04T14:28:42Z,2026-10-04T14:28:42Z,0.0
KW1 5TZ,SHEPD,HV,1,UB1101,222,2026-10-04T14:28:42Z,2026-10-04T14:28:42Z,0.0
KW1 5XR,SHEPD,PSI,1,255001,77,2026-10-07T12:03:52Z,2026-10-07T12:03:52Z,0.0
KW1 5XS,SHEPD,PSI,1,255001,77,2026-10-07T12:03:52Z,2026-10-07T12:03:52Z,0.0
KW1 5XU,SHEPD,PSI,1,255001,77,2026-10-07T12:03:52Z,2026-10-07T12:03:52Z,0.0
KW1 5XW,SHEPD,PSI,1,255001,77,2026-10-07T12:03:52Z,2026-10-07T12:03:52Z,0.0
KW12 6XA,SHEPD,PSI,1,255001,77,2026-10-07T12:03:52Z,2026-10-07T12:03:52Z,0.0
KW15 1EU,SHEPD,PSI,1,255533,2,2026-10-08T17:01:24Z,2026-10-08T17:01:24Z,0.0
KW17 2AE,SHEPD,HV,1,UB1740,76,2026-10-05T21:00:21Z,2026-10-05T21:00:21Z,0.0
KW17 2AN,SHEPD,HV,1,UB1740,76,2026-10-05T21:00:21Z,2026-10-05T21:00:21Z,0.0
KW17 2AR,SHEPD,HV,1,UB1740,76,2026-10-05T21:00:21Z,2026-10-05T21:00:21Z,0.0
KW17 2AS,SHEPD,HV,1,UB1740,76,2026-10-05T21:00:21Z,2026-10-05T21:00:21Z,0.0
KW17 2RA,SHEPD,PSI,1,255273,78,2026-10-07T12:03:52Z,2026-10-07T12:03:52Z,0.0
KW17 2RB,SHEPD,PSI,1,255273,78,2026-10-07T12:03:52Z,2026-10-07T12:03:52Z,0.0
KW17 2RD,SHEPD,PSI,1,255273,78,2026-10-07T12:03:52Z,2026-10-07T12:03:52Z,0.0
KW17 2RF,SHEPD,PSI,1,255273,78,2026-10-07T12:03:52Z,2026-10-07T12:03:52Z,0.0
KW17 2RP,SHEPD,PSI,1,255273,78,2026-10-07T12:03:52Z,2026-10-07T12:03:52Z,0.0
KW2 6AA,SHEPD,HV,1,UB1101,222,2026-10-04T14:28:42Z,2026-10-04T14:28:42Z,0.0
KW3 6AQ,SHEPD,HV,1,UB7585,72,2026-10-09T15:42:01Z,2026-10-09T15:42:01Z,0.0
KW3 6AS,SHEPD,HV,1,UB7585,72,2026-10-09T15:42:01Z,2026-10-09T15:42:01Z,0.0
KW3 6AT,SHEPD,HV,1,UB7585,72,2026-10-09T15:42:01Z,2026-10-09T15:42:01Z,0.0
KW3 6AU,SHEPD,HV,1,UB7585,72,2026-10-09T15:42:01Z,2026-10-09T15:42:01Z,0.0
KW3 6AY,SHEPD,HV,1,UB7585,72,2026-10-09T15:42:01Z,2026-10-09T15:42:01Z,0.0
KW3 6BB,SHEPD,HV,1,UB7585,72,2026-10-09T15:42:01Z,2026-10-09T15:42:01Z,0.0
KW3 6BD,SHEPD,HV,1,UB7585,72,2026-10-09T15:42:01Z,2026-10-09T15:42:01Z,0.0
KW9 6LX,SHEPD,HV,1,UB8354,125,2026-10-10T11:26:25Z,2026-10-10T11:26:25Z,0.0
KW9 6NB,SHEPD,HV,1,UB8354,125,2026-10-10T11:26:25Z,2026-10-10T11:26:25Z,0.0
KW9 6ND,SHEPD,HV,1,UB8354,125,2026-10-10T11:26:25Z,2026-10-10T11:26:25Z,0.0
KW9 6NJ,SHEPD,HV,1,UB8354,125,2026-10-10T11:26:25Z,2026-10-10T11:26:25Z,0.0
KW9 6NL,SHEPD,HV,1,UB8354,125,2026-10-10T11:26:25Z,2026-10-10T11:26:25Z,0.0
KW9 6NN,SHEPD,HV,1,UB8354,125,2026-10-10T11:26:25Z,2026-10-10T11:26:25Z,0.0
KW9 6NP,SHEPD,HV,1,UB8354,125,2026-10-10T11:26:25Z,2026-10-10T11:26:25Z,0.0
OX10 6RU,SEPD,LV,1,UB8715,7,2026-10-10T20:13:36Z,2026-10-10T20:13:36Z,0.0
OX10 6SW,SEPD,LV,1,UB8715,7,2026-10-10T20:13:36Z,2026-10-10T20:13:36Z,0.0
OX10 7LN,SEPD,LV,1,UB6658,10,2026-10-09T02:00:34Z,2026-10-09T02:00:34Z,0.0
OX10 7NG,SEPD,LV,1,UB6658,10,2026-10-09T02:00:34Z,2026-10-09T02:00:34Z,0.0
OX10 7PB,SEPD,LV,1,UB6658,10,2026-10-09T02:00:34Z,2026-10-09T02:00:34Z,0.0
OX10 7PD,SEPD,LV,1,UB6658,10,2026-10-09T02:00:34Z,2026-10-09T02:00:34Z,0.0
OX11 8DG,SEPD,PSI,1,255665,6,2026-10-07T12:03:52Z,2026-10-07T12:03:52Z,0.0
OX12 8LG,SEPD,PSI,1,255060,20,2026-10-07T12:03:52Z,2026-10-07T12:03:52Z,0.0
OX12 8LH,SEPD,PSI,1,255060,20,2026-10-07T12:03:52Z,2026-10-07T12:03:52Z,0.0
OX12 8LJ,SEPD,PSI,1,255060,20,2026-10-07T12:03:52Z,2026-10-07T12:03:52Z,0.0
OX12 8LW,SEPD,PSI,1,255060,20,2026-10-07T12:03:52Z,2026-10-07T12:03:52Z,0.0
OX12 8QU,SEPD,PSI,1,255060,20,2026-10-07T12:03:52Z,2026-10-07T12:03:52Z,0.0
OX12 8RD,SEPD,PSI,1,255059,44,2026-10-06T15:13:47Z,2026-10-06T15:13:47Z,0.0
OX12 8RL,SEPD,PSI,1,255059,44,2026-10-06T15:13:47Z,2026-10-06T15:13:47Z,0.0
OX12 8RN,SEPD,PSI,1,255059,44,2026-10-06T15:13:47Z,2026-10-06T15:13:47Z,0.0
OX12 8RP,SEPD,PSI,1,255059,44,2026-10-06T15:13:47Z,2026-10-06T15:13:47Z,0.0
OX12 8RW,SEPD,PSI,1,255059,44,2026-10-06T15:13:47Z,2026-10-06T15:13:47Z,0.0
OX12 8RX,SEPD,PSI,1,255059,44,2026-10-06T15:13:47Z,2026-10-06T15:13:47Z,0.0
OX13 6AH,SEPD,LV,1,UB1861,40,2026-10-05T21:00:21Z,2026-10-05T21:00:21Z,0.0
OX13 6AL,SEPD,LV,1,UB1861,40,2026-10-05T21:00:21Z,2026-10-05T21:00:21Z,0.0
OX13 6AN,SEPD,LV,1,UB1861,40,2026-10-05T21:00:21Z,2026-10-05T21:00:21Z,0.0
OX13 6AQ,SEPD,LV,1,UB1861,40,2026-10-05T21:00:21Z,2026-10-05T21:00:21Z,0.0
OX13 6AT,SEPD,PSI,1,254917,89,2026-10-05T12:42:36Z,2026-10-05T12:42:36Z,0.0
OX13 6AU,SEPD,PSI,1,254917,89,2026-10-05T12:42:36Z,2026-10-05T12:42:36Z,0.0
OX13 6AX,SEPD,PSI,1,254917,89,2026-10-05T12:42:36Z,2026-10-05T12:42:36Z,0.0
OX13 6EX,SEPD,LV,1,UB1861,40,2026-10-05T21:00:21Z,2026-10-05T21:00:21Z,0.0
OX13 6FF,SEPD,LV,1,UB1861,40,2026-10-05T21:00:21Z,2026-10-05T21:00:21Z,0.0
OX13 6GD,SEPD,LV,1,UB1861,40,2026-10-05T21:00:21Z,2026-10-05T21:00:21Z,0.0
OX13 6GE,SEPD,LV,1,UB1861,40,2026-10-05T21:00:21Z,2026-10-05T21:00:21Z,0.0
OX13 6GF,SEPD,LV,1,UB1861,40,2026-10-05T21:00:21Z,2026-10-05T21:00:21Z,0.0
OX14 1XY,SEPD,LV,1,UB6158,19,2026-10-08T17:01:24Z,2026-10-08T17:01:24Z,0.0
OX14 1XZ,SEPD,LV,1,UB6158,19,2026-10-08T17:01:24Z,2026-10-08T17:01:24Z,0.0
OX18 2EG,SEPD,PSI,1,255239,3,2026-10-05T12:42:36Z,2026-10-05T12:42:36Z,0.0
OX2 6GQ,SEPD,LV,1,UB2863,10,2026-10-06T20:21:48Z,2026-10-06T20:21:48Z,0.0
OX2 6SU,SEPD,LV,1,UB2863,10,2026-10-06T20:21:48Z,2026-10-06T20:21:48Z,0.0
OX2 6SX,SEPD,LV,1,UB2863,10,2026-10-06T20:21:48Z,2026-10-06T20:21:48Z,0.0
OX2 6UT,SEPD,LV,1,UB2863,10,2026-10-06T20:21:48Z,2026-10-06T20:21:48Z,0.0
OX2 6UW,SEPD,LV,1,UB2863,10,2026-10-06T20:21:48Z,2026-10-06T20:21:48Z,0.0
OX20 1ET,SEPD,HV,1,UB7274,55,2026-10-09T15:42:01Z,2026-10-09T15:42:01Z,0.0
OX20 1QQ,SEPD,HV,1,UB7274,55,2026-10-09T15:42:01Z,2026-10-09T15:42:01Z,0.0
OX26 4LD,SEPD,LV,1,UB1329,3,2026-10-05T12:42:36Z,2026-10-05T12:42:36Z,0.0
OX26 4LE,SEPD,LV,1,UB1329,3,2026-10-05T12:42:36Z,2026-10-05T12:42:36Z,0.0
OX3 7EE,SEPD,LV,1,UB8116,50,2026-10-09T20:22:19Z,2026-10-09T20:22:19Z,0.0
OX3 7EF,SEPD,LV,1,UB8116,50,2026-10-09T20:22:19Z,2026-10-09T20:22:19Z,0.0
OX3 7HU,SEPD,LV,1,UB8116,50,2026-10-09T20:22:19Z,2026-10-09T20:22:19Z,0.0
OX3 7JD,SEPD,LV,1,UB8116,50,2026-10-09T20:22:19Z,2026-10-09T20:22:19Z,0.0
OX3 7JF,SEPD,LV,1,UB8116,50,2026-10-09T20:22:19Z,2026-10-09T20:22:19Z,0.0
OX3 7JP,SEPD,LV,1,UB8116,50,2026-10-09T20:22:19Z,2026-10-09T20:22:19Z,0.0
OX3 7JS,SEPD,LV,1,UB8116,50,2026-10-09T20:22:19Z,2026-10-09T20:22:19Z,0.0
OX33 1QN,SEPD,HV,1,UB2426,15,2026-10-06T15:13:47Z,2026-10-06T15:13:47Z,0.0
OX33 1QP,SEPD,HV,1,UB2426,15,2026-10-06T15:13:47Z,2026-10-06T15:13:47Z,0.0
OX33 1QR,SEPD,HV,1,UB2426,15,2026-10-06T15:13:47Z,2026-10-06T15:13:47Z,0.0
OX33 1QS,SEPD,HV,1,UB2426,15,2026-10-06T15:13:47Z,2026-10-06T15:13:47Z,0.0
OX33 1QT,SEPD,HV,1,UB2426,15,2026-10-06T15:13:47Z,2026-10-06T15:13:47Z,0.0
OX33 1QW,SEPD,HV,1,UB2426,15,2026-10-06T15:13:47Z,2026-10-06T15:13:47Z,0.0
OX49 5AN,SEPD,LV,1,UB1005,2,2026-10-04T08:45:17Z,2026-10-04T08:45:17Z,0.0
OX49 5AW,SEPD,LV,1,UB1005,2,2026-10-04T08:45:17Z,2026-10-04T08:45:17Z,0.0
OX5 1JS,SEPD,HV,1,UB7274,55,2026-10-09T15:42:01Z,2026-10-09T15:42:01Z,0.0
OX5 3BA,SEPD,HV,1,UB7274,55,2026-10-09T15:42:01Z,2026-10-09T15:42:01Z,0.0
OX5 3ER,SEPD,HV,1,UB7274,55,2026-10-09T15:42:01Z,2026-10-09T15:42:01Z,0.0
OX5 3ET,SEPD,HV,1,UB7274,55,2026-10-09T15:42:01Z,2026-10-09T15:42:01Z,0.0
OX5 3FT,SEPD,HV,1,UB7274,55,2026-10-09T15:42:01Z,2026-10-09T15:42:01Z,0.0
PA21 2DX,SHEPD,LV,1,UB6743,2,2026-10-09T08:53:53Z,2026-10-09T08:53:53Z,0.0
PA21 2ER,SHEPD,LV,1,UB6743,2,2026-10-09T08:53:53Z,2026-10-09T08:53:53Z,0.0
PA23 8RE,SHEPD,HV,1,UB1132,8,2026-10-04T18:21:17Z,2026-10-04T18:21:17Z,0.0
PA23 8RG,SHEPD,HV,1,UB1132,8,2026-10-04T18:21:17Z,2026-10-04T18:21:17Z,0.0
PA23 8TB,SHEPD,PSI,1,255409,264,2026-10-08T09:45:35Z,2026-10-08T09:45:35Z,0.0
PA28 6QG,SHEPD,PSI,1,255409,264,2026-10-08T09:45:35Z,2026-10-08T09:45:35Z,0.0
PA28 6QN,SHEPD,PSI,1,255409,264,2026-10-08T09:45:35Z,2026-10-08T09:45:35Z,0.0
PA28 6QQ,SHEPD,PSI,1,255409,264,2026-10-08T09:45:35Z,2026-10-08T09:45:35Z,0.0
PA28 6QU,SHEPD,PSI,1,255409,264,2026-10-08T09:45:35Z,2026-10-08T09:45:35Z,0.0
PA28 6QW,SHEPD,PSI,1,255409,264,2026-10-08T09:45:35Z,2026-10-08T09:45:35Z,0.0
PA28 6RY,SHEPD,PSI,1,255409,264,2026-10-08T09:45:35Z,2026-10-08T09:45:35Z,0.0
PA28 6RZ,SHEPD,PSI,1,255409,264,2026-10-08T09:45:35Z,2026-10-08T09:45:35Z,0.0
PA28 6SA,SHEPD,PSI,1,255409,264,2026-10-08T09:45:35Z,2026-10-08T09:45:35Z,0.0
PA28 6SB,SHEPD,PSI,1,255409,264,2026-10-08T09:45:35Z,2026-10-08T09:45:35Z,0.0
PA28 6SD,SHEPD,PSI,1,255409,264,2026-10-08T09:45:35Z,2026-10-08T09:45:35Z,0.0
PA28 6SE,SHEPD,PSI,1,255409,264,2026-10-08T09:45:35Z,2026-10-08T09:45:35Z,0.0
PA28 6SF,SHEPD,PSI,1,255409,264,2026-10-08T09:45:35Z,2026-10-08T09:45:35Z,0.0
PA28 6SG,SHEPD,PSI,1,255409,264,2026-10-08T09:45:35Z,2026-10-08T09:45:35Z,0.0
PA28 6SH,SHEPD,PSI,1,255409,264,2026-10-08T09:45:35Z,2026-10-08T09:45:35Z,0.0
PA28 6SQ,SHEPD,PSI,1,255409,264,2026-10-08T09:45:35Z,2026-10-08T09:45:35Z,0.0
PA34 4QL,SHEPD,PSI,1,254514,5,2026-10-06T15:13:47Z,2026-10-06T15:13:47Z,0.0
PA37,SHEPD,PSI,1,255512,22,2026-10-10T11:26:25Z,2026-10-10T11:26:25Z,0.0
PA37 1AF,SHEPD,PSI,1,255412,27,2026-10-07T12:03:52Z,2026-10-07T12:03:52Z,0.0
PA37 1NY,SHEPD,PSI,1,255512,22,2026-10-10T11:26:25Z,2026-10-10T11:26:25Z,0.0
PA37 1QX,SHEPD,PSI,1,255541,15,2026-10-05T12:42:36Z,2026-10-05T12:42:36Z,0.0
PA37 1RD,SHEPD,PSI,1,255412,27,2026-10-07T12:03:52Z,2026-10-07T12:03:52Z,0.0
PA37 1RT,SHEPD,PSI,1,255512,22,2026-10-10T11:26:25Z,2026-10-10T11:26:25Z,0.0
PA37 1RW,SHEPD,PSI,1,255512,22,2026-10-10T11:26:25Z,2026-10-10T11:26:25Z,0.0
PA37 1RX,SHEPD,PSI,1,255412,27,2026-10-07T12:03:52Z,2026-10-07T12:03:52Z,0.0
PA37 1SW,SHEPD,PSI,1,255512,22,2026-10-10T11:26:25Z,2026-10-10T11:26:25Z,0.0
PA37 1SX,SHEPD,PSI,1,255512,22,2026-10-10T11:26:25Z,2026-10-10T11:26:25Z,0.0
PA38 4BU,SHEPD,PSI,1,255390,10,2026-10-05T12:42:36Z,2026-10-05T12:42:36Z,0.0
PA38 4BY,SHEPD,PSI,1,255390,10,2026-10-05T12:42:36Z,2026-10-05T12:42:36Z,0.0
PA38 4DD,SHEPD,PSI,1,254322,6,2026-10-06T15:13:47Z,2026-10-06T15:13:47Z,0.0
PA38 4DG,SHEPD,PSI,1,254325,19,2026-10-07T12:03:52Z,2026-10-07T12:03:52Z,0.0
PA38 4DQ,SHEPD,PSI,1,254325,19,2026-10-07T12:03:52Z,2026-10-07T12:03:52Z,0.0
PA75 6NU,SHEPD,LV,1,UB8249,13,2026-10-10T05:52:14Z,2026-10-10T05:52:14Z,0.0
PA75 6NX,SHEPD,LV,1,UB8249,13,2026-10-10T05:52:14Z,2026-10-10T05:52:14Z,0.0
PH12 8QX,SHEPD,PSI,1,254700,12,2026-10-08T17:01:24Z,2026-10-08T17:01:24Z,0.0
PH12 8SW,SHEPD,PSI,1,254689,10,2026-10-06T15:13:47Z,2026-10-06T15:13:47Z,0.0
PH12 8TJ,SHEPD,PSI,1,254681,6,2026-10-05T12:42:36Z,2026-10-05T12:42:36Z,0.0
PH12 8UT,SHEPD,PSI,1,253561,19,2026-10-08T17:01:24Z,2026-10-08T17:01:24Z,0.0
PH13 9AE,SHEPD,PSI,1,254809,37,2026-10-09T15:42:01Z,2026-10-09T15:42:01Z,0.0
PH13 9AH,SHEPD,PSI,1,254809,37,2026-10-09T15:42:01Z,2026-10-09T15:42:01Z,0.0
PH13 9BG,SHEPD,PSI,1,254809,37,2026-10-09T15:42:01Z,2026-10-09T15:42:01Z,0.0
PH13 9BH,SHEPD,PSI,1,254809,37,2026-10-09T15:42:01Z,2026-10-09T15:42:01Z,0.0
PH13 9BJ,SHEPD,PSI,1,254809,37,2026-10-09T15:42:01Z,2026-10-09T15:42:01Z,0.0
PH2 6AE,SHEPD,PSI,1,254541,4,2026-10-07T12:03:52Z,2026-10-07T12:03:52Z,0.0
PH2 9DH,SHEPD,PSI,1,254594,88,2026-10-07T12:03:52Z,2026-10-07T12:03:52Z,0.0
PH2 9DN,SHEPD,PSI,1,254594,88,2026-10-07T12:03:52Z,2026-10-07T12:03:52Z,0.0
PH2 9DP,SHEPD,PSI,1,254594,88,2026-10-07T12:03:52Z,2026-10-07T12:03:52Z,0.0
PH2 9DR,SHEPD,PSI,1,254594,88,2026-10-07T12:03:52Z,2026-10-07T12:03:52Z,0.0
PH2 9DS,SHEPD,PSI,1,254594,88,2026-10-07T12:03:52Z,2026-10-07T12:03:52Z,0.0
PH2 9DW,SHEPD,PSI,1,254594,88,2026-10-07T12:03:52Z,2026-10-07T12:03:52Z,0.0
PH2 9QJ,SHEPD,PSI,1,254594,88,2026-10-07T12:03:52Z,2026-10-07T12:03:52Z,0.0
PH2 9QL,SHEPD,PSI,1,254594,88,2026-10-07T12:03:52Z,2026-10-07T12:03:52Z,0.0
PH2 9QW,SHEPD,PSI,1,254594,88,2026-10-07T12:03:52Z,2026-10-07T12:03:52Z,0.0
PO11 0FR,SEPD,PSI,1,253323,36,2026-10-04T14:28:42Z,2026-10-04T14:28:42Z,0.0
PO11 0ND,SEPD,PSI,1,253323,36,2026-10-04T14:28:42Z,2026-10-04T14:28:42Z,0.0
PO11 0NG,SEPD,PSI,1,253323,36,2026-10-04T14:28:42Z,2026-10-04T14:28:42Z,0.0
PO11 0NH,SEPD,PSI,1,253323,36,2026-10-04T14:28:42Z,2026-10-04T14:28:42Z,0.0
PO11 0NQ,SEPD,PSI,1,253323,36,2026-10-04T14:28:42Z,2026-10-04T14:28:42Z,0.0
PO12 1AT,SEPD,LV,1,UB8282,57,2026-10-10T11:26:25Z,2026-10-10T11:26:25Z,0.0
PO12 1JD,SEPD,LV,1,UB8282,57,2026-10-10T11:26:25Z,2026-10-10T11:26:25Z,0.0
PO12 1JZ,SEPD,LV,1,UB8282,57,2026-10-10T11:26:25Z,2026-10-10T11:26:25Z,0.0
PO12 1LB,SEPD,LV,1,UB8282,57,2026-10-10T11:26:25Z,2026-10-10T11:26:25Z,0.0
PO12 1LF,SEPD,LV,1,UB8282,57,2026-10-10T11:26:25Z,2026-10-10T11:26:25Z,0.0
PO12 1LH,SEPD,LV,1,UB8282,57,2026-10-10T11:26:25Z,2026-10-10T11:26:25Z,0.0
PO12 1LL,SEPD,LV,1,UB8282,57,2026-10-10T11:26:25Z,2026-10-10T11:26:25Z,0.0
PO12 1LQ,SEPD,LV,1,UB8282,57,2026-10-10T11:26:25Z,2026-10-10T11:26:25Z,0.0
PO12 1PB,SEPD,LV,1,UB8282,57,2026-10-10T11:26:25Z,2026-10-10T11:26:25Z,0.0
PO12 1PH,SEPD,LV,1,UB8282,57,2026-10-10T11:26:25Z,2026-10-10T11:26:25Z,0.0
PO12 1QF,SEPD,LV,1,UB8282,57,2026-10-10T11:26:25Z,2026-10-10T11:26:25Z,0.0
PO12 4TY,SEPD,LV,1,UB8282,57,2026-10-10T11:26:25Z,2026-10-10T11:26:25Z,0.0
PO15 6AB,SEPD,LV,1,UB4174,16,2026-10-07T18:58:09Z,2026-10-07T18:58:09Z,0.0
PO15 6AD,SEPD,LV,1,UB4174,16,2026-10-07T18:58:09Z,2026-10-07T18:58:09Z,0.0
PO15 6AE,SEPD,LV,1,UB4174,16,2026-10-07T18:58:09Z,2026-10-07T18:58:09Z,0.0
PO15 6AU,SEPD,LV,1,UB4174,16,2026-10-07T18:58:09Z,2026-10-07T18:58:09Z,0.0
PO15 6BT,SEPD,LV,1,UB4174,16,2026-10-07T18:58:09Z,2026-10-07T18:58:09Z,0.0
PO15 6DH,SEPD,LV,1,UB4174,16,2026-10-07T18:58:09Z,2026-10-07T18:58:09Z,0.0
PO15 6DU,SEPD,LV,1,UB4174,16,2026-10-07T18:58:09Z,2026-10-07T18:58:09Z,0.0
PO15 6DZ,SEPD,HV,1,UB6504,100,2026-10-08T22:01:24Z,2026-10-08T22:01:24Z,0.0
PO15 6EA,SEPD,HV,1,UB6504,100,2026-10-08T22:01:24Z,2026-10-08T22:01:24Z,0.0
PO15 6QR,SEPD,HV,1,UB6504,100,2026-10-08T22:01:24Z,2026-10-08T22:01:24Z,0.0
PO15 6QS,SEPD,HV,1,UB6504,100,2026-10-08T22:01:24Z,2026-10-08T22:01:24Z,0.0
PO15 6QT,SEPD,HV,1,UB6504,100,2026-10-08T22:01:24Z,2026-10-08T22:01:24Z,0.0
PO15 6QX,SEPD,HV,1,UB6504,100,2026-10-08T22:01:24Z,2026-10-08T22:01:24Z,0.0
PO15 6RP,SEPD,HV,1,UB6504,100,2026-10-08T22:01:24Z,2026-10-08T22:01:24Z,0.0
PO15 6RR,SEPD,HV,1,UB6504,100,2026-10-08T22:01:24Z,2026-10-08T22:01:24Z,0.0
PO15 6RS,SEPD,HV,1,UB6504,100,2026-10-08T22:01:24Z,2026-10-08T22:01:24Z,0.0
PO15 6RT,SEPD,HV,1,UB6504,100,2026-10-08T22:01:24Z,2026-10-08T22:01:24Z,0.0
PO15 6RU,SEPD,HV,1,UB6504,100,2026-10-08T22:01:24Z,2026-10-08T22:01:24Z,0.0
PO15 6RX,SEPD,HV,1,UB6504,100,2026-10-08T22:01:24Z,2026-10-08T22:01:24Z,0.0
PO15 6SD,SEPD,HV,1,UB6504,100,2026-10-08T22:01:24Z,2026-10-08T22:01:24Z,0.0
PO19 1AJ,SEPD,LV,1,UB6646,15,2026-10-09T02:00:34Z,2026-10-09T02:00:34Z,0.0
PO19 1AN,SEPD,LV,1,UB6646,15,2026-10-09T02:00:34Z,2026-10-09T02:00:34Z,0.0
PO19 1AW,SEPD,LV,1,UB6646,15,2026-10-09T02:00:34Z,2026-10-09T02:00:34Z,0.0
PO20 1AX,SEPD,PSI,1,254713,35,2026-10-06T15:13:47Z,2026-10-06T15:13:47Z,0.0
PO20 1LW,SEPD,LV,1,UB4278,22,2026-10-07T18:58:09Z,2026-10-07T18:58:09Z,0.0
PO20 1ND,SEPD,PSI,1,254713,35,2026-10-06T15:13:47Z,2026-10-06T15:13:47Z,0.0
PO20 1YU,SEPD,PSI,1,254713,35,2026-10-06T15:13:47Z,2026-10-06T15:13:47Z,0.0
PO20 7PY,SEPD,PSI,1,254713,35,2026-10-06T15:13:47Z,2026-10-06T15:13:47Z,0.0
PO20 7PZ,SEPD,PSI,1,254713,35,2026-10-06T15:13:47Z,2026-10-06T15:13:47Z,0.0
PO20 7RN,SEPD,PSI,1,254713,35,2026-10-06T15:13:47Z,2026-10-06T15:13:47Z,0.0
PO21 3DJ,SEPD,LV,1,UB4278,22,2026-10-07T18:58:09Z,2026-10-07T18:58:09Z,0.0
PO21 3DL,SEPD,LV,1,UB4278,22,2026-10-07T18:58:09Z,2026-10-07T18:58:09Z,0.0
PO21 3DU,SEPD,LV,1,UB4278,22,2026-10-07T18:58:09Z,2026-10-07T18:58:09Z,0.0
PO21 3DX,SEPD,LV,1,UB4278,22,2026-10-07T18:58:09Z,2026-10-07T18:58:09Z,0.0
PO22 6AE,SEPD,LV,1,UB5180,28,2026-10-08T02:53:07Z,2026-10-08T02:53:07Z,0.0
PO22 7EX,SEPD,LV,1,UB5180,28,2026-10-08T02:53:07Z,2026-10-08T02:53:07Z,0.0
PO22 7EY,SEPD,LV,1,UB5180,28,2026-10-08T02:53:07Z,2026-10-08T02:53:07Z,0.0
PO22 7EZ,SEPD,LV,1,UB5180,28,2026-10-08T02:53:07Z,2026-10-08T02:53:07Z,0.0
PO22 7HA,SEPD,LV,1,UB5180,28,2026-10-08T02:53:07Z,2026-10-08T02:53:07Z,0.0
PO22 7HB,SEPD,LV,1,UB5180,28,2026-10-08T02:53:07Z,2026-10-08T02:53:07Z,0.0
PO22 7LA,SEPD,LV,1,UB5180,28,2026-10-08T02:53:07Z,2026-10-08T02:53:07Z,0.0
PO22 8PT,SEPD,LV,1,UB5180,28,2026-10-08T02:53:07Z,2026-10-08T02:53:07Z,0.0
PO22 8QT,SEPD,LV,1,UB5180,28,2026-10-08T02:53:07Z,2026-10-08T02:53:07Z,0.0
PO30 5TJ,SEPD,PSI,1,255436,144,2026-10-06T15:13:47Z,2026-10-06T15:13:47Z,0.0
PO30 5TL,SEPD,PSI,1,255436,144,2026-10-06T15:13:47Z,2026-10-06T15:13:47Z,0.0
PO30 5TY,SEPD,PSI,1,255436,144,2026-10-06T15:13:47Z,2026-10-06T15:13:47Z,0.0
PO30 5UE,SEPD,PSI,1,255436,144,2026-10-06T15:13:47Z,2026-10-06T15:13:47Z,0.0
PO30 5UF,SEPD,PSI,1,255436,144,2026-10-06T15:13:47Z,2026-10-06T15:13:47Z,0.0
PO33 4DS,SEPD,PSI,1,255002,18,2026-10-06T15:13:47Z,2026-10-06T15:13:47Z,0.0
PO36 9EH,SEPD,PSI,1,255002,18,2026-10-06T15:13:47Z,2026-10-06T15:13:47Z,0.0
PO4 0PT,SEPD,LV,1,UB1959,92,2026-10-06T01:34:10Z,2026-10-06T01:34:10Z,0.0
PO4 8BA,SEPD,LV,1,UB6532,64,2026-10-09T08:53:53Z,2026-10-09T08:53:53Z,0.0
PO4 8BE,SEPD,LV,1,UB6532,64,2026-10-09T08:53:53Z,2026-10-09T08:53:53Z,0.0
PO4 9AB,SEPD,LV,1,UB6532,64,2026-10-09T08:53:53Z,2026-10-09T08:53:53Z,0.0
PO4 9AE,SEPD,LV,1,UB6532,64,2026-10-09T08:53:53Z,2026-10-09T08:53:53Z,0.0
PO4 9BB,SEPD,LV,1,UB6532,64,2026-10-09T08:53:53Z,2026-10-09T08:53:53Z,0.0
PO4 9BE,SEPD,LV,1,UB6532,64,2026-10-09T08:53:53Z,2026-10-09T08:53:53Z,0.0
PO4 9EA,SEPD,LV,1,UB6532,64,2026-10-09T08:53:53Z,2026-10-09T08:53:53Z,0.0
PO4 9EB,SEPD,LV,1,UB6532,64,2026-10-09T08:53:53Z,2026-10-09T08:53:53Z,0.0
PO4 9EF,SEPD,LV,1,UB6532,64,2026-10-09T08:53:53Z,2026-10-09T08:53:53Z,0.0
PO5 2JR,SEPD,LV,1,UB1959,92,2026-10-06T01:34:10Z,2026-10-06T01:34:10Z,0.0
PO5 2JS,SEPD,LV,1,UB1959,92,2026-10-06T01:34:10Z,2026-10-06T01:34:10Z,0.0
PO5 2JX,SEPD,LV,1,UB1959,92,2026-10-06T01:34:10Z,2026-10-06T01:34:10Z,0.0
PO5 2JZ,SEPD,LV,1,UB1959,92,2026-10-06T01:34:10Z,2026-10-06T01:34:10Z,0.0
PO5 2ND,SEPD,LV,1,UB1959,92,2026-10-06T01:34:10Z,2026-10-06T01:34:10Z,0.0
PO5 2NE,SEPD,LV,1,UB1959,92,2026-10-06T01:34:10Z,2026-10-06T01:34:10Z,0.0
PO5 2NF,SEPD,LV,1,UB1959,92,2026-10-06T01:34:10Z,2026-10-06T01:34:10Z,0.0
PO5 2NG,SEPD,LV,1,UB1959,92,2026-10-06T01:34:10Z,2026-10-06T01:34:10Z,0.0
PO5 2NH,SEPD,LV,1,UB1959,92,2026-10-06T01:34:10Z,2026-10-06T01:34:10Z,0.0
PO5 2NX,SEPD,LV,1,UB1959,92,2026-10-06T01:34:10Z,2026-10-06T01:34:10Z,0.0
PO5 2PA,SEPD,LV,1,UB1959,92,2026-10-06T01:34:10Z,2026-10-06T01:34:10Z,0.0
PO5 2PD,SEPD,LV,1,UB1959,92,2026-10-06T01:34:10Z,2026-10-06T01:34:10Z,0.0
PO5 2PE,SEPD,LV,1,UB1959,92,2026-10-06T01:34:10Z,2026-10-06T01:34:10Z,0.0
PO5 2PG,SEPD,LV,1,UB1959,92,2026-10-06T01:34:10Z,2026-10-06T01:34:10Z,0.0
PO5 2PQ,SEPD,LV,1,UB1959,92,2026-10-06T01:34:10Z,2026-10-06T01:34:10Z,0.0
PO5 2PW,SEPD,LV,1,UB1959,92,2026-10-06T01:34:10Z,2026-10-06T01:34:10Z,0.0
PO5 2PX,SEPD,LV,1,UB1959,92,2026-10-06T01:34:10Z,2026-10-06T01:34:10Z,0.0
PO5 2QE,SEPD,LV,1,UB1959,92,2026-10-06T01:34:10Z,2026-10-06T01:34:10Z,0.0
PO9 2AQ,SEPD,PSI,1,255035,3,2026-10-09T02:00:34Z,2026-10-09T02:00:34Z,0.0
PO9 2AY,SEPD,PSI,1,255035,3,2026-10-09T02:00:34Z,2026-10-09T02:00:34Z,0.0
PO9 2HU,SEPD,PSI,1,255035,3,2026-10-09T02:00:34Z,2026-10-09T02:00:34Z,0.0
RG12 9FN,SEPD,LV,1,UB8839,3,2026-10-10T23:35:56Z,2026-10-10T23:35:56Z,0.0
RG12 9FR,SEPD,LV,1,UB8839,3,2026-10-10T23:35:56Z,2026-10-10T23:35:56Z,0.0
RG12 9RQ,SEPD,LV,1,UB8839,3,2026-10-10T23:35:56Z,2026-10-10T23:35:56Z,0.0
RG14 6NA,SEPD,LV,1,UA9178,8,2026-10-08T17:01:24Z,2026-10-08T17:01:24Z,0.0
RG14 6ND,SEPD,LV,1,UA9178,8,2026-10-08T17:01:24Z,2026-10-08T17:01:24Z,0.0
RG14 6NE,SEPD,LV,1,UA9178,8,2026-10-08T17:01:24Z,2026-10-08T17:01:24Z,0.0
RG14 6NR,SEPD,LV,1,UA9178,8,2026-10-08T17:01:24Z,2026-10-08T17:01:24Z,0.0
RG14 6NW,SEPD,LV,1,UA9178,8,2026-10-08T17:01:24Z,2026-10-08T17:01:24Z,0.0
RG14 7RL,SEPD,LV,1,UA9178,8,2026-10-08T17:01:24Z,2026-10-08T17:01:24Z,0.0
RG19 8BR,SEPD,PSI,1,255078,41,2026-10-05T12:42:36Z,2026-10-05T12:42:36Z,0.0
RG19 8BS,SEPD,PSI,1,255078,41,2026-10-05T12:42:36Z,2026-10-05T12:42:36Z,0.0
RG19 8DH,SEPD,PSI,1,255078,41,2026-10-05T12:42:36Z,2026-10-05T12:42:36Z,0.0
RG19 8EA,SEPD,PSI,1,255078,41,2026-10-05T12:42:36Z,2026-10-05T12:42:36Z,0.0
RG19 8EB,SEPD,PSI,1,255078,41,2026-10-05T12:42:36Z,2026-10-05T12:42:36Z,0.0
RG19 8ED,SEPD,PSI,1,255078,41,2026-10-05T12:42:36Z,2026-10-05T12:42:36Z,0.0
RG19 8EE,SEPD,PSI,1,255078,41,2026-10-05T12:42:36Z,2026-10-05T12:42:36Z,0.0
RG19 8EF,SEPD,PSI,1,255078,41,2026-10-05T12:42:36Z,2026-10-05T12:42:36Z,0.0
RG19 8EG,SEPD,PSI,1,255078,41,2026-10-05T12:42:36Z,2026-10-05T12:42:36Z,0.0
RG19 8EQ,SEPD,PSI,1,255078,41,2026-10-05T12:42:36Z,2026-10-05T12:42:36Z,0.0
RG19 8QN,SEPD,PSI,1,255078,41,2026-10-05T12:42:36Z,2026-10-05T12:42:36Z,0.0
RG20 0NU,SEPD,PSI,1,255308,55,2026-10-05T12:42:36Z,2026-10-05T12:42:36Z,0.0
RG20 0PG,SEPD,PSI,1,255308,55,2026-10-05T12:42:36Z,2026-10-05T12:42:36Z,0.0
RG22 6HY,SEPD,PSI,1,254026,22,2026-10-04T14:28:42Z,2026-10-04T14:28:42Z,0.0
RG24 8PD,SEPD,PSI,1,254026,22,2026-10-04T14:28:42Z,2026-10-04T14:28:42Z,0.0
RG24 8PF,SEPD,PSI,1,254026,22,2026-10-04T14:28:42Z,2026-10-04T14:28:42Z,0.0
RG24 8PH,SEPD,PSI,1,254026,22,2026-10-04T14:28:42Z,2026-10-04T14:28:42Z,0.0
RG24 8SN,SEPD,PSI,1,255787,53,2026-10-05T12:42:36Z,2026-10-05T12:42:36Z,0.0
RG24 8SS,SEPD,PSI,1,255787,53,2026-10-05T12:42:36Z,2026-10-05T12:42:36Z,0.0
RG26 3NJ,SEPD,LV,1,UB3402,23,2026-10-07T12:03:52Z,2026-10-07T12:03:52Z,0.0
RG26 3PB,SEPD,LV,1,UB3402,23,2026-10-07T12:03:52Z,2026-10-07T12:03:52Z,0.0
RG26 3PD,SEPD,LV,1,UB3402,23,2026-10-07T12:03:52Z,2026-10-07T12:03:52Z,0.0
RG26 3PH,SEPD,LV,1,UB3402,23,2026-10-07T12:03:52Z,2026-10-07T12:03:52Z,0.0
RG26 3PL,SEPD,LV,1,UB3402,23,2026-10-07T12:03:52Z,2026-10-07T12:03:52Z,0.0
RG26 3SJ,SEPD,LV,1,UB3402,23,2026-10-07T12:03:52Z,2026-10-07T12:03:52Z,0.0
RG26 3XS,SEPD,LV,1,UB3402,23,2026-10-07T12:03:52Z,2026-10-07T12:03:52Z,0.0
RG26 4BZ,SEPD,LV,1,UB8315,5,2026-10-10T11:26:25Z,2026-10-10T11:26:25Z,0.0
RG28 7SE,SEPD,PSI,1,255150,2,2026-10-06T15:13:47Z,2026-10-06T15:13:47Z,0.0
RG30 1BD,SEPD,HV,1,UB1172,42,2026-10-04T18:21:17Z,2026-10-04T18:21:17Z,0.0
RG30 1DY,SEPD,HV,1,UB1172,42,2026-10-04T18:21:17Z,2026-10-04T18:21:17Z,0.0
RG30 1EA,SEPD,HV,1,UB1172,42,2026-10-04T18:21:17Z,2026-10-04T18:21:17Z,0.0
RG30 1JG,SEPD,HV,1,UB1172,42,2026-10-04T18:21:17Z,2026-10-04T18:21:17Z,0.0
RG30 1RA,SEPD,HV,1,UB1172,42,2026-10-04T18:21:17Z,2026-10-04T18:21:17Z,0.0
RG30 6DU,SEPD,LV,1,UB8763,12,2026-10-10T20:13:36Z,2026-10-10T20:13:36Z,0.0
RG30 6DX,SEPD,LV,1,UB8763,12,2026-10-10T20:13:36Z,2026-10-10T20:13:36Z,0.0
RG31 6DL,SEPD,LV,1,UB8763,12,2026-10-10T20:13:36Z,2026-10-10T20:13:36Z,0.0
RG6 4AT,SEPD,LV,1,UB1091,21,2026-10-04T14:28:42Z,2026-10-04T14:28:42Z,0.0
RG6 4AU,SEPD,LV,1,UB1091,21,2026-10-04T14:28:42Z,2026-10-04T14:28:42Z,0.0
RG6 4AX,SEPD,LV,1,UB1091,21,2026-10-04T14:28:42Z,2026-10-04T14:28:42Z,0.0
RG6 4AZ,SEPD,LV,1,UB1091,21,2026-10-04T14:28:42Z,2026-10-04T14:28:42Z,0.0
RG6 4BP,SEPD,LV,1,UB1091,21,2026-10-04T14:28:42Z,2026-10-04T14:28:42Z,0.0
RG7 4PT,SEPD,PSI,1,255078,41,2026-10-05T12:42:36Z,2026-10-05T12:42:36Z,0.0
RG8 0LJ,SEPD,PSI,1,254979,51,2026-10-07T12:03:52Z,2026-10-07T12:03:52Z,0.0
RG8 0LR,SEPD,PSI,1,254979,51,2026-10-07T12:03:52Z,2026-10-07T12:03:52Z,0.0
RG8 0LS,SEPD,PSI,1,254979,51,2026-10-07T12:03:52Z,2026-10-07T12:03:52Z,0.0
RG8 0PX,SEPD,PSI,1,254979,51,2026-10-07T12:03:52Z,2026-10-07T12:03:52Z,0.0
RG8 0PY,SEPD,PSI,1,254979,51,2026-10-07T12:03:52Z,2026-10-07T12:03:52Z,0.0
RG8 0QB,SEPD,PSI,1,254979,51,2026-10-07T12:03:52Z,2026-10-07T12:03:52Z,0.0
RG9,SEPD,LV,1,UB1041,9,2026-10-04T14:28:42Z,2026-10-04T14:28:42Z,0.0
RG9 2AH,SEPD,LV,1,UB1041,9,2026-10-04T14:28:42Z,2026-10-04T14:28:42Z,0.0
RG9 2AJ,SEPD,LV,1,UB1041,9,2026-10-04T14:28:42Z,2026-10-04T14:28:42Z,0.0
RG9 2AP,SEPD,LV,1,UB1041,9,2026-10-04T14:28:42Z,2026-10-04T14:28:42Z,0.0
RG9 2DG,SEPD,LV,1,UB1041,9,2026-10-04T14:28:42Z,2026-10-04T14:28:42Z,0.0
RG9 2FD,SEPD,LV,1,UB1041,9,2026-10-04T14:28:42Z,2026-10-04T14:28:42Z,0.0
RG9 3LY,SEPD,PSI,1,255087,29,2026-10-05T12:42:36Z,2026-10-05T12:42:36Z,0.0
RG9 3LZ,SEPD,PSI,1,255087,29,2026-10-05T12:42:36Z,2026-10-05T12:42:36Z,0.0
RG9 3NA,SEPD,PSI,1,255087,29,2026-10-05T12:42:36Z,2026-10-05T12:42:36Z,0.0
RG9 3NB,SEPD,PSI,1,255087,29,2026-10-05T12:42:36Z,2026-10-05T12:42:36Z,0.0
RG9 3ND,SEPD,PSI,1,255087,29,2026-10-05T12:42:36Z,2026-10-05T12:42:36Z,0.0
RH12 3BU,SEPD,PSI,1,254707,16,2026-10-07T12:03:52Z,2026-10-07T12:03:52Z,0.0
RH12 3BX,SEPD,PSI,1,254707,16,2026-10-07T12:03:52Z,2026-10-07T12:03:52Z,0.0
RH13 0PZ,SEPD,LV,1,UB8134,3,2026-10-10T00:08:31Z,2026-10-10T00:08:31Z,0.0
RH13 0RA,SEPD,PSI,1,254707,16,2026-10-07T12:03:52Z,2026-10-07T12:03:52Z,0.0
RH13 0SU,SEPD,LV,1,UB8134,3,2026-10-10T00:08:31Z,2026-10-10T00:08:31Z,0.0
RH14 9AA,SEPD,PSI,1,255026,5,2026-10-08T17:01:24Z,2026-10-08T17:01:24Z,0.0
RH14 9HP,SEPD,PSI,1,255026,5,2026-10-08T17:01:24Z,2026-10-08T17:01:24Z,0.0
SL1 9JB,SEPD,LV,1,UB3582,16,2026-10-07T12:03:52Z,2026-10-07T12:03:52Z,0.0
SL4 2DA,SEPD,PSI,1,255067,34,2026-10-07T12:03:52Z,2026-10-07T12:03:52Z,0.0
SL4 2DB,SEPD,PSI,1,255067,34,2026-10-07T12:03:52Z,2026-10-07T12:03:52Z,0.0
SL4 2DE,SEPD,PSI,1,255067,34,2026-10-07T12:03:52Z,2026-10-07T12:03:52Z,0.0
SL4 2DG,SEPD,PSI,1,255067,34,2026-10-07T12:03:52Z,2026-10-07T12:03:52Z,0.0
SL4 2DH,SEPD,PSI,1,255067,34,2026-10-07T12:03:52Z,2026-10-07T12:03:52Z,0.0
SL4 2DJ,SEPD,PSI,1,255067,34,2026-10-07T12:03:52Z,2026-10-07T12:03:52Z,0.0
SL4 2DL,SEPD,PSI,1,255067,34,2026-10-07T12:03:52Z,2026-10-07T12:03:52Z,0.0
SL4 2DN,SEPD,PSI,1,255067,34,2026-10-07T12:03:52Z,2026-10-07T12:03:52Z,0.0
SL4 2DP,SEPD,PSI,1,255067,34,2026-10-07T12:03:52Z,2026-10-07T12:03:52Z,0.0
SL4 2DQ,SEPD,PSI,1,255067,34,2026-10-07T12:03:52Z,2026-10-07T12:03:52Z,0.0
SL4 2DW,SEPD,PSI,1,255067,34,2026-10-07T12:03:52Z,2026-10-07T12:03:52Z,0.0
SL4 2DY,SEPD,PSI,1,255067,34,2026-10-07T12:03:52Z,2026-10-07T12:03:52Z,0.0
SL4 4SD,SEPD,LV,1,UB7312,17,2026-10-09T15:42:01Z,2026-10-09T15:42:01Z,0.0
SL4 4SE,SEPD,LV,1,UB7312,17,2026-10-09T15:42:01Z,2026-10-09T15:42:01Z,0.0
SL4 4SF,SEPD,LV,1,UB7312,17,2026-10-09T15:42:01Z,2026-10-09T15:42:01Z,0.0
SL4 4SG,SEPD,LV,1,UB7312,17,2026-10-09T15:42:01Z,2026-10-09T15:42:01Z,0.0
SL4 4SH,SEPD,LV,1,UB7312,17,2026-10-09T15:42:01Z,2026-10-09T15:42:01Z,0.0
SL4 4SQ,SEPD,LV,1,UB7312,17,2026-10-09T15:42:01Z,2026-10-09T15:42:01Z,0.0
SL7 1AU,SEPD,LV,1,UB1265,14,2026-10-05T12:42:36Z,2026-10-05T12:42:36Z,0.0
SL7 1AX,SEPD,LV,1,UB1265,14,2026-10-05T12:42:36Z,2026-10-05T12:42:36Z,0.0
SL7 1AY,SEPD,LV,1,UB1265,14,2026-10-05T12:42:36Z,2026-10-05T12:42:36Z,0.0
SL7 1DA,SEPD,LV,1,UB1265,14,2026-10-05T12:42:36Z,2026-10-05T12:42:36Z,0.0
SL7 1ER,SEPD,LV,1,UB1265,14,2026-10-05T12:42:36Z,2026-10-05T12:42:36Z,0.0
SN1 2NR,SEPD,LV,1,UB1295,5,2026-10-05T12:42:36Z,2026-10-05T12:42:36Z,0.0
SN10 3LU,SEPD,PSI,1,255039,3,2026-10-08T17:01:24Z,2026-10-08T17:01:24Z,0.0
SN10 3LW,SEPD,PSI,1,255039,3,2026-10-08T17:01:24Z,2026-10-08T17:01:24Z,0.0
SN12 6SP,SEPD,LV,1,UB1295,5,2026-10-05T12:42:36Z,2026-10-05T12:42:36Z,0.0
SN13 0PB,SEPD,LV,1,UB7742,2,2026-10-09T15:42:01Z,2026-10-09T15:42:01Z,0.0
SN13 0PG,SEPD,LV,1,UB7742,2,2026-10-09T15:42:01Z,2026-10-09T15:42:01Z,0.0
SN14 6FH,SEPD,LV,1,UB1120,4,2026-10-04T18:21:17Z,2026-10-04T18:21:17Z,0.0
SN14 6LH,SEPD,LV,1,UB1120,4,2026-10-04T18:21:17Z,2026-10-04T18:21:17Z,0.0
SN14 6LT,SEPD,PSI,1,255715,42,2026-10-05T12:42:36Z,2026-10-05T12:42:36Z,0.0
SN14 6LU,SEPD,PSI,1,255715,42,2026-10-05T12:42:36Z,2026-10-05T12:42:36Z,0.0
SN14 6LW,SEPD,PSI,1,255715,42,2026-10-05T12:42:36Z,2026-10-05T12:42:36Z,0.0
SN14 6NG,SEPD,LV,1,UB1120,4,2026-10-04T18:21:17Z,2026-10-04T18:21:17Z,0.0
SN14 6QE,SEPD,PSI,1,255715,42,2026-10-05T12:42:36Z,2026-10-05T12:42:36Z,0.0
SN15 4JF,SEPD,HV,1,UB1000,365,2026-10-04T08:45:17Z,2026-10-04T08:45:17Z,0.0
SN15 4RE,SEPD,HV,1,UB1000,365,2026-10-04T08:45:17Z,2026-10-04T08:45:17Z,0.0
SN15 5EH,SEPD,HV,1,UB1000,365,2026-10-04T08:45:17Z,2026-10-04T08:45:17Z,0.0
SN15 5EJ,SEPD,HV,1,UB1000,365,2026-10-04T08:45:17Z,2026-10-04T08:45:17Z,0.0
SN15 5EL,SEPD,HV,1,UB1000,365,2026-10-04T08:45:17Z,2026-10-04T08:45:17Z,0.0
SN15 5EN,SEPD,HV,1,UB1000,365,2026-10-04T08:45:17Z,2026-10-04T08:45:17Z,0.0
SN15 5EQ,SEPD,HV,1,UB1000,365,2026-10-04T08:45:17Z,2026-10-04T08:45:17Z,0.0
SN15 5FE,SEPD,HV,1,UB1000,365,2026-10-04T08:45:17Z,2026-10-04T08:45:17Z,0.0
SN15 5HG,SEPD,HV,1,UB1000,365,2026-10-04T08:45:17Z,2026-10-04T08:45:17Z,0.0
SN15 5HH,SEPD,HV,1,UB1000,365,2026-10-04T08:45:17Z,2026-10-04T08:45:17Z,0.0
SN15 5HP,SEPD,HV,1,UB1000,365,2026-10-04T08:45:17Z,2026-10-04T08:45:17Z,0.0
SN15 5HQ,SEPD,HV,1,UB1000,365,2026-10-04T08:45:17Z,2026-10-04T08:45:17Z,0.0
SN15 5HR,SEPD,HV,1,UB1000,365,2026-10-04T08:45:17Z,2026-10-04T08:45:17Z,0.0
SN15 5HS,SEPD,HV,1,UB1000,365,2026-10-04T08:45:17Z,2026-10-04T08:45:17Z,0.0
SN15 5HT,SEPD,HV,1,UB1000,365,2026-10-04T08:45:17Z,2026-10-04T08:45:17Z,0.0
SN15 5HU,SEPD,HV,1,UB1000,365,2026-10-04T08:45:17Z,2026-10-04T08:45:17Z,0.0
SN15 5HX,SEPD,HV,1,UB1000,365,2026-10-04T08:45:17Z,2026-10-04T08:45:17Z,0.0
SN15 5HY,SEPD,HV,1,UB1000,365,2026-10-04T08:45:17Z,2026-10-04T08:45:17Z,0.0
SN15 5HZ,SEPD,HV,1,UB1000,365,2026-10-04T08:45:17Z,2026-10-04T08:45:17Z,0.0
SN15 5JA,SEPD,HV,1,UB1000,365,2026-10-04T08:45:17Z,2026-10-04T08:45:17Z,0.0
SN15 5JB,SEPD,HV,1,UB1000,365,2026-10-04T08:45:17Z,2026-10-04T08:45:17Z,0.0
SN15 5JD,SEPD,HV,1,UB1000,365,2026-10-04T08:45:17Z,2026-10-04T08:45:17Z,0.0
SN15 5JE,SEPD,HV,1,UB1000,365,2026-10-04T08:45:17Z,2026-10-04T08:45:17Z,0.0
SN15 5JF,SEPD,HV,1,UB1000,365,2026-10-04T08:45:17Z,2026-10-04T08:45:17Z,0.0
SN15 5JG,SEPD,HV,1,UB1000,365,2026-10-04T08:45:17Z,2026-10-04T08:45:17Z,0.0
SN15 5JQ,SEPD,HV,1,UB1000,365,2026-10-04T08:45:17Z,2026-10-04T08:45:17Z,0.0
SN15 5JY,SEPD,HV,1,UB1000,365,2026-10-04T08:45:17Z,2026-10-04T08:45:17Z,0.0
SN16 0EY,SEPD,HV,1,UB1000,365,2026-10-04T08:45:17Z,2026-10-04T08:45:17Z,0.0
SN16 0EZ,SEPD,HV,1,UB1000,365,2026-10-04T08:45:17Z,2026-10-04T08:45:17Z,0.0
SN26 7EA,SEPD,PSI,1,254896,40,2026-10-06T15:13:47Z,2026-10-06T15:13:47Z,0.0
SN3 1EX,SEPD,LV,1,UB4620,19,2026-10-07T18:58:09Z,2026-10-07T18:58:09Z,0.0
SN3 1EY,SEPD,LV,1,UB4620,19,2026-10-07T18:58:09Z,2026-10-07T18:58:09Z,0.0
SN3 1HA,SEPD,LV,1,UB4620,19,2026-10-07T18:58:09Z,2026-10-07T18:58:09Z,0.0
SN3 1HE,SEPD,LV,1,UB4620,19,2026-10-07T18:58:09Z,2026-10-07T18:58:09Z,0.0
SN3 1HF,SEPD,LV,1,UB4620,19,2026-10-07T18:58:09Z,2026-10-07T18:58:09Z,0.0
SN3 1LW,SEPD,LV,1,UB4620,19,2026-10-07T18:58:09Z,2026-10-07T18:58:09Z,0.0
SN3 5BZ,SEPD,PSI,1,255463,2,2026-10-04T14:28:42Z,2026-10-04T14:28:42Z,0.0
SN4 0ND,SEPD,LV,1,UB3210,9,2026-10-07T12:03:52Z,2026-10-07T12:03:52Z,0.0
SN6 6QS,SEPD,PSI,1,254601,25,2026-10-06T15:13:47Z,2026-10-06T15:13:47Z,0.0
SN6 6QT,SEPD,PSI,1,254601,25,2026-10-06T15:13:47Z,2026-10-06T15:13:47Z,0.0
SN6 6QX,SEPD,PSI,1,254601,25,2026-10-06T15:13:47Z,2026-10-06T15:13:47Z,0.0
SN6 7PR,SEPD,HV,1,UB3087,68,2026-10-07T12:03:52Z,2026-10-07T12:03:52Z,0.0
SN6 7PT,SEPD,HV,1,UB3087,68,2026-10-07T12:03:52Z,2026-10-07T12:03:52Z,0.0
SN6 7PX,SEPD,HV,1,UB3087,68,2026-10-07T12:03:52Z,2026-10-07T12:03:52Z,0.0
SN6 7PY,SEPD,HV,1,UB3087,68,2026-10-07T12:03:52Z,2026-10-07T12:03:52Z,0.0
SN6 7PZ,SEPD,HV,1,UB3087,68,2026-10-07T12:03:52Z,2026-10-07T12:03:52Z,0.0
SN6 8TH,SEPD,HV,1,UB3087,68,2026-10-07T12:03:52Z,2026-10-07T12:03:52Z,0.0
SN8 3EJ,SEPD,HV,1,UB3259,137,2026-10-07T12:03:52Z,2026-10-07T12:03:52Z,0.0
SN8 3EL,SEPD,HV,1,UB3259,137,2026-10-07T12:03:52Z,2026-10-07T12:03:52Z,0.0
SN8 3EN,SEPD,HV,1,UB3259,137,2026-10-07T12:03:52Z,2026-10-07T12:03:52Z,0.0
SN8 3EP,SEPD,HV,1,UB3259,137,2026-10-07T12:03:52Z,2026-10-07T12:03:52Z,0.0
SN8 3ER,SEPD,HV,1,UB3259,137,2026-10-07T12:03:52Z,2026-10-07T12:03:52Z,0.0
SN8 3ES,SEPD,HV,1,UB3259,137,2026-10-07T12:03:52Z,2026-10-07T12:03:52Z,0.0
SN8 3EW,SEPD,HV,1,UB3259,137,2026-10-07T12:03:52Z,2026-10-07T12:03:52Z,0.0
SN8 3FE,SEPD,HV,1,UB3259,137,2026-10-07T12:03:52Z,2026-10-07T12:03:52Z,0.0
SN8 3FJ,SEPD,HV,1,UB3259,137,2026-10-07T12:03:52Z,2026-10-07T12:03:52Z,0.0
SN8 3FN,SEPD,HV,1,UB3259,137,2026-10-07T12:03:52Z,2026-10-07T12:03:52Z,0.0
SN8 3HJ,SEPD,HV,1,UB3259,137,2026-10-07T12:03:52Z,2026-10-07T12:03:52Z,0.0
SN8 3JA,SEPD,PSI,1,254896,40,2026-10-06T15:13:47Z,2026-10-06T15:13:47Z,0.0
SN8 3JB,SEPD,PSI,1,254896,40,2026-10-06T15:13:47Z,2026-10-06T15:13:47Z,0.0
SN8 3JD,SEPD,PSI,1,254896,40,2026-10-06T15:13:47Z,2026-10-06T15:13:47Z,0.0
SN8 3JE,SEPD,PSI,1,254896,40,2026-10-06T15:13:47Z,2026-10-06T15:13:47Z,0.0
SO14 0FD,SEPD,LV,1,UB2209,9,2026-10-06T15:13:47Z,2026-10-06T15:13:47Z,0.0
SO14 0PB,SEPD,LV,1,UB2209,9,2026-10-06T15:13:47Z,2026-10-06T15:13:47Z,0.0
SO14 2DF,SEPD,LV,1,UB3564,15,2026-10-07T12:03:52Z,2026-10-07T12:03:52Z,0.0
SO14 2DG,SEPD,LV,1,UB3564,15,2026-10-07T12:03:52Z,2026-10-07T12:03:52Z,0.0
SO14 2EP,SEPD,LV,1,UB3564,15,2026-10-07T12:03:52Z,2026-10-07T12:03:52Z,0.0
SO14 2NA,SEPD,LV,1,UB3564,15,2026-10-07T12:03:52Z,2026-10-07T12:03:52Z,0.0
SO14 2PH,SEPD,LV,1,UB3564,15,2026-10-07T12:03:52Z,2026-10-07T12:03:52Z,0.0
SO15 1HN,SEPD,PSI,1,254868,70,2026-10-05T12:42:36Z,2026-10-05T12:42:36Z,0.0
SO15 1HY,SEPD,PSI,1,254868,70,2026-10-05T12:42:36Z,2026-10-05T12:42:36Z,0.0
SO15 1HZ,SEPD,PSI,1,254868,70,2026-10-05T12:42:36Z,2026-10-05T12:42:36Z,0.0
SO15 1JA,SEPD,PSI,1,254868,70,2026-10-05T12:42:36Z,2026-10-05T12:42:36Z,0.0
SO16 4QF,SEPD,LV,1,UB6343,33,2026-10-08T22:01:24Z,2026-10-08T22:01:24Z,0.0
SO16 9BX,SEPD,LV,1,UB6343,33,2026-10-08T22:01:24Z,2026-10-08T22:01:24Z,0.0
SO16 9BY,SEPD,LV,1,UB6343,33,2026-10-08T22:01:24Z,2026-10-08T22:01:24Z,0.0
SO16 9BZ,SEPD,LV,1,UB6343,33,2026-10-08T22:01:24Z,2026-10-08T22:01:24Z,0.0
SO16 9DA,SEPD,LV,1,UB6343,33,2026-10-08T22:01:24Z,2026-10-08T22:01:24Z,0.0
SO16 9DE,SEPD,LV,1,UB6343,33,2026-10-08T22:01:24Z,2026-10-08T22:01:24Z,0.0
SO16 9JS,SEPD,LV,1,UB6343,33,2026-10-08T22:01:24Z,2026-10-08T22:01:24Z,0.0
SO16 9JT,SEPD,LV,1,UB6343,33,2026-10-08T22:01:24Z,2026-10-08T22:01:24Z,0.0
SO16 9ND,SEPD,LV,1,UB6343,33,2026-10-08T22:01:24Z,2026-10-08T22:01:24Z,0.0
SO18 5TQ,SEPD,LV,1,UB1092,21,2026-10-04T14:28:42Z,2026-10-04T14:28:42Z,0.0
SO18 5TS,SEPD,LV,1,UB1092,21,2026-10-04T14:28:42Z,2026-10-04T14:28:42Z,0.0
SO18 5TT,SEPD,LV,1,UB1092,21,2026-10-04T14:28:42Z,2026-10-04T14:28:42Z,0.0
SO18 5TW,SEPD,LV,1,UB1092,21,2026-10-04T14:28:42Z,2026-10-04T14:28:42Z,0.0
SO19 6PR,SEPD,LV,1,UB1092,21,2026-10-04T14:28:42Z,2026-10-04T14:28:42Z,0.0
SO19 6PS,SEPD,LV,1,UB1092,21,2026-10-04T14:28:42Z,2026-10-04T14:28:42Z,0.0
SO19 6PT,SEPD,LV,1,UB1092,21,2026-10-04T14:28:42Z,2026-10-04T14:28:42Z,0.0
SO19 6QR,SEPD,LV,1,UB1092,21,2026-10-04T14:28:42Z,2026-10-04T14:28:42Z,0.0
SO19 6QS,SEPD,LV,1,UB1092,21,2026-10-04T14:28:42Z,2026-10-04T14:28:42Z,0.0
SO19 6QW,SEPD,LV,1,UB1092,21,2026-10-04T14:28:42Z,2026-10-04T14:28:42Z,0.0
SO20 6FB,SEPD,LV,1,UB3535,19,2026-10-07T12:03:52Z,2026-10-07T12:03:52Z,0.0
SO20 6FY,SEPD,LV,1,UB3535,19,2026-10-07T12:03:52Z,2026-10-07T12:03:52Z,0.0
SO20 6LE,SEPD,LV,1,UB3535,19,2026-10-07T12:03:52Z,2026-10-07T12:03:52Z,0.0
SO20 6LZ,SEPD,PSI,1,255309,32,2026-10-06T15:13:47Z,2026-10-06T15:13:47Z,0.0
SO23 7DT,SEPD,LV,1,UB8323,20,2026-10-10T11:26:25Z,2026-10-10T11:26:25Z,0.0
SO24 0HE,SEPD,PSI,1,255042,48,2026-10-07T12:03:52Z,2026-10-07T12:03:52Z,0.0
SO24 0HF,SEPD,PSI,1,255042,48,2026-10-07T12:03:52Z,2026-10-07T12:03:52Z,0.0
SO24 0HJ,SEPD,PSI,1,255042,48,2026-10-07T12:03:52Z,2026-10-07T12:03:52Z,0.0
SO24 0HL,SEPD,PSI,1,255042,48,2026-10-07T12:03:52Z,2026-10-07T12:03:52Z,0.0
SO24 9ND,SEPD,LV,1,UB1270,19,2026-10-05T12:42:36Z,2026-10-05T12:42:36Z,0.0
SO24 9NE,SEPD,LV,1,UB1270,19,2026-10-05T12:42:36Z,2026-10-05T12:42:36Z,0.0
SO24 9NH,SEPD,LV,1,UB1270,19,2026-10-05T12:42:36Z,2026-10-05T12:42:36Z,0.0
SO24 9NJ,SEPD,LV,1,UB1270,19,2026-10-05T12:42:36Z,2026-10-05T12:42:36Z,0.0
SO24 9NL,SEPD,LV,1,UB1270,19,2026-10-05T12:42:36Z,2026-10-05T12:42:36Z,0.0
SO24 9NP,SEPD,LV,1,UB1270,19,2026-10-05T12:42:36Z,2026-10-05T12:42:36Z,0.0
SO24 9NR,SEPD,LV,1,UB1270,19,2026-10-05T12:42:36Z,2026-10-05T12:42:36Z,0.0
SO24 9SF,SEPD,PSI,1,254448,43,2026-10-08T17:01:24Z,2026-10-08T17:01:24Z,0.0
SO24 9SG,SEPD,PSI,1,254448,43,2026-10-08T17:01:24Z,2026-10-08T17:01:24Z,0.0
SO24 9SQ,SEPD,PSI,1,254448,43,2026-10-08T17:01:24Z,2026-10-08T17:01:24Z,0.0
SO40 9HE,SEPD,PSI,1,255693,16,2026-10-05T12:42:36Z,2026-10-05T12:42:36Z,0.0
SO40 9HF,SEPD,PSI,1,255693,16,2026-10-05T12:42:36Z,2026-10-05T12:42:36Z,0.0
SO40 9JQ,SEPD,PSI,1,255693,16,2026-10-05T12:42:36Z,2026-10-05T12:42:36Z,0.0
SO40 9SF,SEPD,PSI,1,254448,43,2026-10-08T17:01:24Z,2026-10-08T17:01:24Z,0.0
SO41 8LL,SEPD,LV,1,UB3237,4,2026-10-07T12:03:52Z,2026-10-07T12:03:52Z,0.0
SO42 7SG,SEPD,PSI,1,255294,30,2026-10-05T12:42:36Z,2026-10-05T12:42:36Z,0.0
SO42 7TB,SEPD,PSI,1,255294,30,2026-10-05T12:42:36Z,2026-10-05T12:42:36Z,0.0
SO42 7UQ,SEPD,PSI,1,255294,30,2026-10-05T12:42:36Z,2026-10-05T12:42:36Z,0.0
SO43 7BE,SEPD,LV,1,UB6146,5,2026-10-08T17:01:24Z,2026-10-08T17:01:24Z,0.0
SO50 5AF,SEPD,LV,1,UB0356,53,2026-10-06T01:34:10Z,2026-10-06T01:34:10Z,0.0
SO50 5LR,SEPD,LV,1,UB0356,53,2026-10-06T01:34:10Z,2026-10-06T01:34:10Z,0.0
SO50 5LW,SEPD,LV,1,UB0356,53,2026-10-06T01:34:10Z,2026-10-06T01:34:10Z,0.0
SO50 5LX,SEPD,LV,1,UB0356,53,2026-10-06T01:34:10Z,2026-10-06T01:34:10Z,0.0
SO50 5LY,SEPD,LV,1,UB0356,53,2026-10-06T01:34:10Z,2026-10-06T01:34:10Z,0.0
SO50 5PX,SEPD,LV,1,UB0356,53,2026-10-06T01:34:10Z,2026-10-06T01:34:10Z,0.0
SO50 5PY,SEPD,LV,1,UB0356,53,2026-10-06T01:34:10Z,2026-10-06T01:34:10Z,0.0
SO50 5PZ,SEPD,LV,1,UB0356,53,2026-10-06T01:34:10Z,2026-10-06T01:34:10Z,0.0
SO50 5QA,SEPD,LV,1,UB0356,53,2026-10-06T01:34:10Z,2026-10-06T01:34:10Z,0.0
SO50 5QB,SEPD,LV,1,UB0356,53,2026-10-06T01:34:10Z,2026-10-06T01:34:10Z,0.0
SO51 8AE,SEPD,PSI,1,254787,7,2026-10-04T14:28:42Z,2026-10-04T14:28:42Z,0.0
SO51 8GJ,SEPD,PSI,1,254787,7,2026-10-04T14:28:42Z,2026-10-04T14:28:42Z,0.0
SO53 1SG,SEPD,LV,1,UB1014,20,2026-10-04T14:28:42Z,2026-10-04T14:28:42Z,0.0
SO53 1SH,SEPD,LV,1,UB1014,20,2026-10-04T14:28:42Z,2026-10-04T14:28:42Z,0.0
SO53 1TE,SEPD,LV,1,UB1014,20,2026-10-04T14:28:42Z,2026-10-04T14:28:42Z,0.0
SO53 1TX,SEPD,LV,1,UB1014,20,2026-10-04T14:28:42Z,2026-10-04T14:28:42Z,0.0
SO53 1TY,SEPD,LV,1,UB1014,20,2026-10-04T14:28:42Z,2026-10-04T14:28:42Z,0.0
SP1 3LH,SEPD,LV,1,UB6531,4,2026-10-08T22:01:24Z,2026-10-08T22:01:24Z,0.0
SP1 3LJ,SEPD,LV,1,UB6531,4,2026-10-08T22:01:24Z,2026-10-08T22:01:24Z,0.0
SP1 3LP,SEPD,LV,1,UB6531,4,2026-10-08T22:01:24Z,2026-10-08T22:01:24Z,0.0
SP11 0QZ,SEPD,PSI,1,255237,14,2026-10-05T12:42:36Z,2026-10-05T12:42:36Z,0.0
SP11 0RD,SEPD,PSI,1,254602,35,2026-10-06T15:13:47Z,2026-10-06T15:13:47Z,0.0
SP11 9AJ,SEPD,PSI,1,254602,35,2026-10-06T15:13:47Z,2026-10-06T15:13:47Z,0.0
SP11 9AL,SEPD,PSI,1,254602,35,2026-10-06T15:13:47Z,2026-10-06T15:13:47Z,0.0
SP11 9AQ,SEPD,PSI,1,254602,35,2026-10-06T15:13:47Z,2026-10-06T15:13:47Z,0.0
SP11 9LR,SEPD,PSI,1,254602,35,2026-10-06T15:13:47Z,2026-10-06T15:13:47Z,0.0
SP11 9PE,SEPD,PSI,1,254602,35,2026-10-06T15:13:47Z,2026-10-06T15:13:47Z,0.0
SP11 9PF,SEPD,PSI,1,254602,35,2026-10-06T15:13:47Z,2026-10-06T15:13:47Z,0.0
SP3 6EF,SEPD,PSI,1,254284,26,2026-10-05T12:42:36Z,2026-10-05T12:42:36Z,0.0
SP3 6FF,SEPD,PSI,1,254284,26,2026-10-05T12:42:36Z,2026-10-05T12:42:36Z,0.0
SP3 6TA,SEPD,PSI,1,254284,26,2026-10-05T12:42:36Z,2026-10-05T12:42:36Z,0.0
SP5 4LH,SEPD,PSI,1,254189,27,2026-10-07T12:03:52Z,2026-10-07T12:03:52Z,0.0
SP5 5DZ,SEPD,PSI,1,254189,27,2026-10-07T12:03:52Z,2026-10-07T12:03:52Z,0.0
SP5 5HB,SEPD,PSI,1,254189,27,2026-10-07T12:03:52Z,2026-10-07T12:03:52Z,0.0
SP5 5RD,SEPD,PSI,1,254189,27,2026-10-07T12:03:52Z,2026-10-07T12:03:52Z,0.0
SP5 5RF,SEPD,PSI,1,254189,27,2026-10-07T12:03:52Z,2026-10-07T12:03:52Z,0.0
SP5 5RL,SEPD,PSI,1,254189,27,2026-10-07T12:03:52Z,2026-10-07T12:03:52Z,0.0
SP8 5HD,SEPD,PSI,1,255496,38,2026-10-07T12:03:52Z,2026-10-07T12:03:52Z,0.0
SP8 5HE,SEPD,PSI,1,255496,38,2026-10-07T12:03:52Z,2026-10-07T12:03:52Z,0.0
SP8 5HF,SEPD,PSI,1,255496,38,2026-10-07T12:03:52Z,2026-10-07T12:03:52Z,0.0
SP8 5HN,SEPD,PSI,1,255496,38,2026-10-07T12:03:52Z,2026-10-07T12:03:52Z,0.0
SP8 5HP,SEPD,PSI,1,255496,38,2026-10-07T12:03:52Z,2026-10-07T12:03:52Z,0.0
SP8 5HR,SEPD,PSI,1,255496,38,2026-10-07T12:03:52Z,2026-10-07T12:03:52Z,0.0
SP8 5HW,SEPD,PSI,1,255496,38,2026-10-07T12:03:52Z,2026-10-07T12:03:52Z,0.0
SP8 5JF,SEPD,PSI,1,255496,38,2026-10-07T12:03:52Z,2026-10-07T12:03:52Z,0.0
TA1 1AP,SEPD,LV,1,UB1964,17,2026-10-06T01:34:10Z,2026-10-06T01:34:10Z,0.0
TA1 1AS,SEPD,LV,1,UB1964,17,2026-10-06T01:34:10Z,2026-10-06T01:34:10Z,0.0
TA18 7TD,SEPD,PSI,1,254974,14,2026-10-07T12:03:52Z,2026-10-07T12:03:52Z,0.0
TW14 0BG,SEPD,PSI,1,255973,42,2026-10-09T15:42:01Z,2026-10-09T15:42:01Z,0.0
TW14 0BP,SEPD,PSI,1,255973,42,2026-10-09T15:42:01Z,2026-10-09T15:42:01Z,0.0
TW14 8HF,SEPD,LV,1,UB1504,43,2026-10-06T15:13:47Z,2026-10-06T15:13:47Z,0.0
TW14 8HN,SEPD,LV,1,UB1504,43,2026-10-06T15:13:47Z,2026-10-06T15:13:47Z,0.0
TW14 8HR,SEPD,LV,1,UB1504,43,2026-10-06T15:13:47Z,2026-10-06T15:13:47Z,0.0
TW14 8HS,SEPD,LV,1,UB1504,43,2026-10-06T15:13:47Z,2026-10-06T15:13:47Z,0.0
TW14 8HT,SEPD,LV,1,UB1504,43,2026-10-06T15:13:47Z,2026-10-06T15:13:47Z,0.0
TW14 8HU,SEPD,LV,1,UB1504,43,2026-10-06T15:13:47Z,2026-10-06T15:13:47Z,0.0
TW14 8HW,SEPD,LV,1,UB1504,43,2026-10-06T15:13:47Z,2026-10-06T15:13:47Z,0.0
TW14 8HX,SEPD,LV,1,UB1504,43,2026-10-06T15:13:47Z,2026-10-06T15:13:47Z,0.0
TW8 0DT,SEPD,LV,1,UB1735,6,2026-10-05T21:00:21Z,2026-10-05T21:00:21Z,0.0
TW8 0HF,SEPD,LV,1,UB1735,6,2026-10-05T21:00:21Z,2026-10-05T21:00:21Z,0.0
TW8 8EP,SEPD,LV,1,UB1735,6,2026-10-05T21:00:21Z,2026-10-05T21:00:21Z,0.0
UB2 4AY,SEPD,LV,1,UB8389,24,2026-10-10T11:26:25Z,2026-10-10T11:26:25Z,0.0
UB2 4NT,SEPD,LV,1,UB8389,24,2026-10-10T11:26:25Z,2026-10-10T11:26:25Z,0.0
UB6 9LD,SEPD,LV,1,UB7870,14,2026-10-09T20:22:19Z,2026-10-09T20:22:19Z,0.0
UB6 9LG,SEPD,LV,1,UB7870,14,2026-10-09T20:22:19Z,2026-10-09T20:22:19Z,0.0
UB6 9LH,SEPD,LV,1,UB7870,14,2026-10-09T20:22:19Z,2026-10-09T20:22:19Z,0.0
UB6 9PY,SEPD,LV,1,UB7870,14,2026-10-09T20:22:19Z,2026-10-09T20:22:19Z,0.0
UB6 9QA,SEPD,LV,1,UB7870,14,2026-10-09T20:22:19Z,2026-10-09T20:22:19Z,0.0
W4 3NG,SEPD,LV,1,UB1735,6,2026-10-05T21:00:21Z,2026-10-05T21:00:21Z,0.0
ZE2 9AA,SHEPD,HV,1,UB3588,276,2026-10-07T12:03:52Z,2026-10-07T12:03:52Z,0.0
ZE2 9AB,SHEPD,HV,1,UB3588,276,2026-10-07T12:03:52Z,2026-10-07T12:03:52Z,0.0
ZE2 9AD,SHEPD,HV,1,UB3588,276,2026-10-07T12:03:52Z,2026-10-07T12:03:52Z,0.0
ZE2 9AE,SHEPD,HV,1,UB3588,276,2026-10-07T12:03:52Z,2026-10-07T12:03:52Z,0.0
ZE2 9AF,SHEPD,HV,1,UB3588,276,2026-10-07T12:03:52Z,2026-10-07T12:03:52Z,0.0
ZE2 9AG,SHEPD,HV,1,UB3588,276,2026-10-07T12:03:52Z,2026-10-07T12:03:52Z,0.0
ZE2 9AH,SHEPD,HV,1,UB3588,276,2026-10-07T12:03:52Z,2026-10-07T12:03:52Z,0.0
ZE2 9AJ,SHEPD,HV,1,UB3588,276,2026-10-07T12:03:52Z,2026-10-07T12:03:52Z,0.0
ZE2 9AQ,SHEPD,HV,1,UB3588,276,2026-10-07T12:03:52Z,2026-10-07T12:03:52Z,0.0
ZE2 9BQ,SHEPD,HV,1,UB3588,276,2026-10-07T12:03:52Z,2026-10-07T12:03:52Z,0.0
ZE2 9DL,SHEPD,HV,1,UB7689,26,2026-10-09T15:42:01Z,2026-10-09T15:42:01Z,0.0
ZE2 9DW,SHEPD,HV,1,UB7689,26,2026-10-09T15:42:01Z,2026-10-09T15:42:01Z,0.0
ZE2 9HQ,SHEPD,HV,1,UB3588,276,2026-10-07T12:03:52Z,2026-10-07T12:03:52Z,0.0
ZE2 9TS,SHEPD,HV,1,UB3588,276,2026-10-07T12:03:52Z,2026-10-07T12:03:52Z,0.0
