postcode,network,outage_type,outage_count,outage_refs,total_customers_affected,first_seen,last_seen,time_off_supply_hours_total_approx
UB7 0EF,SEPD,LV,1,TP5787,8,2026-07-08T21:43:50Z,2026-07-15T21:43:50Z,168.0
UB7 0EG,SEPD,LV,1,TP5787,8,2026-07-08T21:43:50Z,2026-07-15T21:43:50Z,168.0
UB7 0LL,SEPD,LV,1,TP5787,8,2026-07-08T21:43:50Z,2026-07-15T21:43:50Z,168.0
OX13 5LJ,SEPD,"HV,LV",3,"TQ2565,TQ3867,TQ4032",1651,2026-07-12T22:26:26Z,2026-07-14T01:03:22Z,39.25
SL9 0NW,SEPD,LV,2,"TQ1398,TQ2292",20,2026-07-12T04:37:31Z,2026-07-13T21:40:02Z,34.91
SL9 0NX,SEPD,LV,2,"TQ1398,TQ2292",20,2026-07-12T04:37:31Z,2026-07-13T21:40:02Z,34.91
SL9 0RX,SEPD,LV,2,"TQ1398,TQ2292",20,2026-07-12T04:37:31Z,2026-07-13T21:40:02Z,34.91
BN18 0HY,SEPD,LV,2,"TQ4730,TQ5587",4,2026-07-13T18:05:33Z,2026-07-14T18:11:22Z,31.71
SN4 7SE,SEPD,LV,1,TQ3377,16,2026-07-13T11:23:21Z,2026-07-14T16:56:57Z,29.56
SN4 7SR,SEPD,LV,1,TQ3377,16,2026-07-13T11:23:21Z,2026-07-14T16:56:57Z,29.56
RG19 4GL,SEPD,LV,1,TQ1099,12,2026-07-11T18:36:18Z,2026-07-12T22:26:26Z,27.84
RG19 4GQ,SEPD,LV,1,TQ1099,12,2026-07-11T18:36:18Z,2026-07-12T22:26:26Z,27.84
RG19 4WD,SEPD,LV,1,TQ1099,12,2026-07-11T18:36:18Z,2026-07-12T22:26:26Z,27.84
TW16 7AZ,SEPD,LV,4,"TP8120,TQ2691,TQ5289,TQ5459",112,2026-07-09T22:16:17Z,2026-07-14T08:37:53Z,26.66
TW16 7BD,SEPD,LV,4,"TP8120,TQ2691,TQ5289,TQ5459",112,2026-07-09T22:16:17Z,2026-07-14T08:37:53Z,26.66
BH17 8PT,SEPD,LV,1,TQ2243,5,2026-07-12T15:29:48Z,2026-07-13T18:05:33Z,26.6
BH17 8SL,SEPD,LV,1,TQ2243,5,2026-07-12T15:29:48Z,2026-07-13T18:05:33Z,26.6
SN6 7RX,SEPD,LV,1,TQ2701,5,2026-07-12T20:32:05Z,2026-07-13T22:38:32Z,26.11
OX7 4EZ,SEPD,"HV,LV",2,"TQ1373,TQ2416",706,2026-07-12T01:08:41Z,2026-07-13T07:58:35Z,25.15
IV12 5HZ,SHEPD,HV,1,TQ0287,17,2026-07-10T23:14:08Z,2026-07-11T23:31:24Z,24.29
IV12 5JU,SHEPD,HV,1,TQ0287,17,2026-07-10T23:14:08Z,2026-07-11T23:31:24Z,24.29
IV12 5JZ,SHEPD,HV,1,TQ0287,17,2026-07-10T23:14:08Z,2026-07-11T23:31:24Z,24.29
IV12 5LE,SHEPD,HV,1,TQ0287,17,2026-07-10T23:14:08Z,2026-07-11T23:31:24Z,24.29
IV12 5QF,SHEPD,HV,1,TQ0287,17,2026-07-10T23:14:08Z,2026-07-11T23:31:24Z,24.29
IV36 2TD,SHEPD,HV,1,TQ0287,17,2026-07-10T23:14:08Z,2026-07-11T23:31:24Z,24.29
GU34 2QR,SEPD,LV,3,"TQ0218,TQ2128,TQ2707",12,2026-07-10T23:14:08Z,2026-07-13T04:45:35Z,23.69
SL6 0AH,SEPD,LV,1,TP7502,24,2026-07-09T16:57:51Z,2026-07-10T16:06:03Z,23.14
SL6 0AR,SEPD,LV,1,TP7502,24,2026-07-09T16:57:51Z,2026-07-10T16:06:03Z,23.14
SL6 0AS,SEPD,LV,1,TP7502,24,2026-07-09T16:57:51Z,2026-07-10T16:06:03Z,23.14
SL6 0AX,SEPD,LV,1,TP7502,24,2026-07-09T16:57:51Z,2026-07-10T16:06:03Z,23.14
SL6 0AY,SEPD,LV,1,TP7502,24,2026-07-09T16:57:51Z,2026-07-10T16:06:03Z,23.14
SL6 0BA,SEPD,LV,1,TP7502,24,2026-07-09T16:57:51Z,2026-07-10T16:06:03Z,23.14
RG21 8WE,SEPD,LV,1,TQ1353,48,2026-07-11T23:31:24Z,2026-07-12T22:26:26Z,22.92
RG21 8XR,SEPD,LV,1,TQ1353,48,2026-07-11T23:31:24Z,2026-07-12T22:26:26Z,22.92
RG21 8YE,SEPD,LV,1,TQ1353,48,2026-07-11T23:31:24Z,2026-07-12T22:26:26Z,22.92
RG21 8YF,SEPD,LV,1,TQ1353,48,2026-07-11T23:31:24Z,2026-07-12T22:26:26Z,22.92
RG21 8YG,SEPD,LV,1,TQ1353,48,2026-07-11T23:31:24Z,2026-07-12T22:26:26Z,22.92
RG21 8YH,SEPD,LV,1,TQ1353,48,2026-07-11T23:31:24Z,2026-07-12T22:26:26Z,22.92
RG21 8YJ,SEPD,LV,1,TQ1353,48,2026-07-11T23:31:24Z,2026-07-12T22:26:26Z,22.92
RG21 8YL,SEPD,LV,1,TQ1353,48,2026-07-11T23:31:24Z,2026-07-12T22:26:26Z,22.92
RG21 8YN,SEPD,LV,1,TQ1353,48,2026-07-11T23:31:24Z,2026-07-12T22:26:26Z,22.92
RG21 8YP,SEPD,LV,1,TQ1353,48,2026-07-11T23:31:24Z,2026-07-12T22:26:26Z,22.92
RG21 8YQ,SEPD,LV,1,TQ1353,48,2026-07-11T23:31:24Z,2026-07-12T22:26:26Z,22.92
RG21 8YR,SEPD,LV,1,TQ1353,48,2026-07-11T23:31:24Z,2026-07-12T22:26:26Z,22.92
RG21 8YS,SEPD,LV,1,TQ1353,48,2026-07-11T23:31:24Z,2026-07-12T22:26:26Z,22.92
RG21 8YT,SEPD,LV,1,TQ1353,48,2026-07-11T23:31:24Z,2026-07-12T22:26:26Z,22.92
RG21 8YW,SEPD,LV,1,TQ1353,48,2026-07-11T23:31:24Z,2026-07-12T22:26:26Z,22.92
RG7 3AD,SEPD,"HV,LV",3,"TQ0344,TQ0970,TQ1246",30,2026-07-11T03:48:31Z,2026-07-12T11:48:38Z,22.46
RG7 3AE,SEPD,"HV,LV",3,"TQ0344,TQ0970,TQ1246",30,2026-07-11T03:48:31Z,2026-07-12T11:48:38Z,22.46
RG7 3AP,SEPD,"HV,LV",3,"TQ0344,TQ0970,TQ1246",30,2026-07-11T03:48:31Z,2026-07-12T11:48:38Z,22.46
DT4 7SL,SEPD,"HV,LV",2,"TQ2314,TQ5301",146,2026-07-12T15:29:48Z,2026-07-13T22:38:32Z,21.79
TW7 6GW,SEPD,LV,3,"TP9148,TP9987,TQ3294",81,2026-07-10T13:35:06Z,2026-07-14T01:03:22Z,21.56
TW7 6NL,SEPD,LV,3,"TP9148,TP9987,TQ3294",81,2026-07-10T13:35:06Z,2026-07-14T01:03:22Z,21.56
TW7 6NW,SEPD,LV,3,"TP9148,TP9987,TQ3294",81,2026-07-10T13:35:06Z,2026-07-14T01:03:22Z,21.56
TW7 6NY,SEPD,LV,3,"TP9148,TP9987,TQ3294",81,2026-07-10T13:35:06Z,2026-07-14T01:03:22Z,21.56
TW7 6PT,SEPD,LV,3,"TP9148,TP9987,TQ3294",81,2026-07-10T13:35:06Z,2026-07-14T01:03:22Z,21.56
TW7 6RU,SEPD,LV,3,"TP9148,TP9987,TQ3294",81,2026-07-10T13:35:06Z,2026-07-14T01:03:22Z,21.56
GU33 7EX,SEPD,LV,1,TQ6243,16,2026-07-14T14:04:33Z,2026-07-15T10:57:49Z,20.89
GU33 7PA,SEPD,LV,1,TQ6243,16,2026-07-14T14:04:33Z,2026-07-15T10:57:49Z,20.89
GU33 7PB,SEPD,LV,1,TQ6243,16,2026-07-14T14:04:33Z,2026-07-15T10:57:49Z,20.89
GU33 7PT,SEPD,LV,1,TQ6243,16,2026-07-14T14:04:33Z,2026-07-15T10:57:49Z,20.89
GU33 7PU,SEPD,LV,1,TQ6243,16,2026-07-14T14:04:33Z,2026-07-15T10:57:49Z,20.89
GU33 7PY,SEPD,LV,1,TQ6243,16,2026-07-14T14:04:33Z,2026-07-15T10:57:49Z,20.89
GU33 7PZ,SEPD,LV,1,TQ6243,16,2026-07-14T14:04:33Z,2026-07-15T10:57:49Z,20.89
GU33 7QB,SEPD,LV,1,TQ6243,16,2026-07-14T14:04:33Z,2026-07-15T10:57:49Z,20.89
UB10 9LE,SEPD,LV,2,"TP9608,TQ5985",40,2026-07-10T16:06:03Z,2026-07-15T00:59:59Z,20.7
UB10 9LF,SEPD,LV,2,"TP9608,TQ5985",40,2026-07-10T16:06:03Z,2026-07-15T00:59:59Z,20.7
UB10 9LG,SEPD,LV,2,"TP9608,TQ5985",40,2026-07-10T16:06:03Z,2026-07-15T00:59:59Z,20.7
UB10 9LN,SEPD,LV,2,"TP9608,TQ5985",40,2026-07-10T16:06:03Z,2026-07-15T00:59:59Z,20.7
UB10 9NU,SEPD,LV,2,"TP9608,TQ5985",40,2026-07-10T16:06:03Z,2026-07-15T00:59:59Z,20.7
UB10 9NY,SEPD,LV,2,"TP9608,TQ5985",40,2026-07-10T16:06:03Z,2026-07-15T00:59:59Z,20.7
UB10 9NZ,SEPD,LV,2,"TP9608,TQ5985",40,2026-07-10T16:06:03Z,2026-07-15T00:59:59Z,20.7
OX12 0DZ,SEPD,HV,2,"TQ2974,TQ4074",1948,2026-07-12T21:28:07Z,2026-07-13T18:05:33Z,20.62
OX12 0EB,SEPD,HV,2,"TQ2974,TQ4074",1948,2026-07-12T21:28:07Z,2026-07-13T18:05:33Z,20.62
OX12 0ED,SEPD,HV,2,"TQ2974,TQ4074",1948,2026-07-12T21:28:07Z,2026-07-13T18:05:33Z,20.62
OX12 9PA,SEPD,HV,2,"TQ2974,TQ4074",1948,2026-07-12T21:28:07Z,2026-07-13T18:05:33Z,20.62
OX12 9PB,SEPD,HV,2,"TQ2974,TQ4074",1948,2026-07-12T21:28:07Z,2026-07-13T18:05:33Z,20.62
OX12 9PD,SEPD,HV,2,"TQ2974,TQ4074",1948,2026-07-12T21:28:07Z,2026-07-13T18:05:33Z,20.62
OX12 9SZ,SEPD,HV,2,"TQ2974,TQ4074",1948,2026-07-12T21:28:07Z,2026-07-13T18:05:33Z,20.62
OX12 9TA,SEPD,HV,2,"TQ2974,TQ4074",1948,2026-07-12T21:28:07Z,2026-07-13T18:05:33Z,20.62
OX12 9TE,SEPD,HV,2,"TQ2974,TQ4074",1948,2026-07-12T21:28:07Z,2026-07-13T18:05:33Z,20.62
OX12 9TF,SEPD,HV,2,"TQ2974,TQ4074",1948,2026-07-12T21:28:07Z,2026-07-13T18:05:33Z,20.62
OX12 9TH,SEPD,HV,2,"TQ2974,TQ4074",1948,2026-07-12T21:28:07Z,2026-07-13T18:05:33Z,20.62
OX12 9WQ,SEPD,HV,2,"TQ2974,TQ4074",1948,2026-07-12T21:28:07Z,2026-07-13T18:05:33Z,20.62
SO50 9JA,SEPD,"HV,LV",3,"TQ1442,TQ1515,TQ4320",1489,2026-07-12T04:37:31Z,2026-07-14T01:03:22Z,20.35
RG19 4JR,SEPD,LV,1,TQ1069,13,2026-07-11T16:34:27Z,2026-07-12T12:43:23Z,20.15
RG19 4LR,SEPD,LV,1,TQ1069,13,2026-07-11T16:34:27Z,2026-07-12T12:43:23Z,20.15
RG19 4LS,SEPD,LV,1,TQ1069,13,2026-07-11T16:34:27Z,2026-07-12T12:43:23Z,20.15
DT4 7AL,SEPD,HV,1,TQ2314,53,2026-07-12T15:29:48Z,2026-07-13T11:23:21Z,19.89
DT4 7SX,SEPD,HV,1,TQ2314,53,2026-07-12T15:29:48Z,2026-07-13T11:23:21Z,19.89
HP14 4NF,SEPD,HV,1,TQ1137,123,2026-07-11T18:36:18Z,2026-07-12T14:17:10Z,19.68
HP14 4NL,SEPD,HV,1,TQ1137,123,2026-07-11T18:36:18Z,2026-07-12T14:17:10Z,19.68
HP14 4NN,SEPD,HV,1,TQ1137,123,2026-07-11T18:36:18Z,2026-07-12T14:17:10Z,19.68
HP14 4NQ,SEPD,HV,1,TQ1137,123,2026-07-11T18:36:18Z,2026-07-12T14:17:10Z,19.68
HP15 6NU,SEPD,HV,1,TQ1137,123,2026-07-11T18:36:18Z,2026-07-12T14:17:10Z,19.68
HP16 0HY,SEPD,HV,1,TQ1137,123,2026-07-11T18:36:18Z,2026-07-12T14:17:10Z,19.68
HP16 0HZ,SEPD,HV,1,TQ1137,123,2026-07-11T18:36:18Z,2026-07-12T14:17:10Z,19.68
HP16 0JS,SEPD,HV,1,TQ1137,123,2026-07-11T18:36:18Z,2026-07-12T14:17:10Z,19.68
HP16 0JT,SEPD,HV,1,TQ1137,123,2026-07-11T18:36:18Z,2026-07-12T14:17:10Z,19.68
HP16 0JU,SEPD,HV,1,TQ1137,123,2026-07-11T18:36:18Z,2026-07-12T14:17:10Z,19.68
HP16 9RN,SEPD,HV,1,TQ1137,123,2026-07-11T18:36:18Z,2026-07-12T14:17:10Z,19.68
HP27 0ST,SEPD,HV,1,TQ1137,123,2026-07-11T18:36:18Z,2026-07-12T14:17:10Z,19.68
HP27 0SU,SEPD,HV,1,TQ1137,123,2026-07-11T18:36:18Z,2026-07-12T14:17:10Z,19.68
RG18 9HS,SEPD,HV,1,TQ5550,3,2026-07-14T04:13:30Z,2026-07-14T22:40:58Z,18.46
SO31 8HE,SEPD,LV,1,TQ1229,22,2026-07-11T19:51:07Z,2026-07-12T14:17:10Z,18.43
SO31 8HF,SEPD,LV,1,TQ1229,22,2026-07-11T19:51:07Z,2026-07-12T14:17:10Z,18.43
SO31 8HL,SEPD,LV,1,TQ1229,22,2026-07-11T19:51:07Z,2026-07-12T14:17:10Z,18.43
BH16 6AD,SEPD,PSI,3,"252833,252834,252904",87,2026-07-13T07:58:35Z,2026-07-15T14:16:47Z,18.01
BH21 3RZ,SEPD,PSI,3,"252834,252839,252904",109,2026-07-13T07:58:35Z,2026-07-15T14:16:47Z,18.01
SO50 9JD,SEPD,LV,2,"TQ1515,TQ4320",42,2026-07-12T04:37:31Z,2026-07-14T01:03:22Z,17.72
SO50 9JE,SEPD,LV,2,"TQ1515,TQ4320",42,2026-07-12T04:37:31Z,2026-07-14T01:03:22Z,17.72
SO50 9JH,SEPD,LV,2,"TQ1515,TQ4320",42,2026-07-12T04:37:31Z,2026-07-14T01:03:22Z,17.72
SO50 9JL,SEPD,LV,2,"TQ1515,TQ4320",42,2026-07-12T04:37:31Z,2026-07-14T01:03:22Z,17.72
SO50 9JN,SEPD,LV,2,"TQ1515,TQ4320",42,2026-07-12T04:37:31Z,2026-07-14T01:03:22Z,17.72
HP13 5EB,SEPD,LV,1,TQ7333,7,2026-07-15T04:12:12Z,2026-07-15T21:43:50Z,17.53
HP13 5SN,SEPD,LV,1,TQ7333,7,2026-07-15T04:12:12Z,2026-07-15T21:43:50Z,17.53
SN6 7NF,SEPD,LV,1,TQ1330,14,2026-07-11T23:31:24Z,2026-07-12T16:31:04Z,16.99
SN6 7NQ,SEPD,LV,1,TQ1330,14,2026-07-11T23:31:24Z,2026-07-12T16:31:04Z,16.99
SL6 6SA,SEPD,LV,1,TQ0474,19,2026-07-11T08:13:51Z,2026-07-12T01:08:41Z,16.91
SL6 6SB,SEPD,LV,1,TQ0474,19,2026-07-11T08:13:51Z,2026-07-12T01:08:41Z,16.91
SL6 6SL,SEPD,LV,1,TQ0474,19,2026-07-11T08:13:51Z,2026-07-12T01:08:41Z,16.91
SL6 6SQ,SEPD,LV,1,TQ0474,19,2026-07-11T08:13:51Z,2026-07-12T01:08:41Z,16.91
HP13 5XP,SEPD,LV,2,"TP6786,TQ6623",41,2026-07-09T08:52:42Z,2026-07-15T00:59:59Z,16.32
SN10 1LP,SEPD,LV,1,TQ5519,13,2026-07-14T06:27:37Z,2026-07-14T22:40:58Z,16.22
SN10 1LR,SEPD,LV,1,TQ5519,13,2026-07-14T06:27:37Z,2026-07-14T22:40:58Z,16.22
SN10 1LW,SEPD,LV,1,TQ5519,13,2026-07-14T06:27:37Z,2026-07-14T22:40:58Z,16.22
SP11 0DA,SEPD,LV,1,TQ7510,7,2026-07-14T22:40:58Z,2026-07-15T14:16:47Z,15.6
GU34 2PJ,SEPD,LV,1,TQ0218,5,2026-07-10T23:14:08Z,2026-07-11T14:41:47Z,15.46
GU34 2QL,SEPD,LV,1,TQ0218,5,2026-07-10T23:14:08Z,2026-07-11T14:41:47Z,15.46
GU34 2QW,SEPD,LV,1,TQ0218,5,2026-07-10T23:14:08Z,2026-07-11T14:41:47Z,15.46
GU34 2UP,SEPD,LV,1,TQ0218,5,2026-07-10T23:14:08Z,2026-07-11T14:41:47Z,15.46
OX14 1XA,SEPD,LV,1,TQ5372,9,2026-07-13T22:38:32Z,2026-07-14T14:04:33Z,15.43
SN4 8JP,SEPD,LV,1,TQ1290,25,2026-07-11T21:32:15Z,2026-07-12T12:43:23Z,15.19
SN4 8JR,SEPD,LV,1,TQ1290,25,2026-07-11T21:32:15Z,2026-07-12T12:43:23Z,15.19
SN4 8JS,SEPD,LV,1,TQ1290,25,2026-07-11T21:32:15Z,2026-07-12T12:43:23Z,15.19
SN4 8JT,SEPD,LV,1,TQ1290,25,2026-07-11T21:32:15Z,2026-07-12T12:43:23Z,15.19
SN4 8JW,SEPD,LV,1,TQ1290,25,2026-07-11T21:32:15Z,2026-07-12T12:43:23Z,15.19
SN4 8LG,SEPD,LV,1,TQ1290,25,2026-07-11T21:32:15Z,2026-07-12T12:43:23Z,15.19
PH10 7NX,SHEPD,"PSI,LV",4,"252606,252639,252649,TP7799",129,2026-07-09T08:52:42Z,2026-07-10T13:35:06Z,15.14
SO30 0FE,SEPD,LV,1,TQ1700,17,2026-07-12T09:21:50Z,2026-07-12T23:30:32Z,14.14
SO30 0GZ,SEPD,LV,1,TQ1700,17,2026-07-12T09:21:50Z,2026-07-12T23:30:32Z,14.14
SO30 0JR,SEPD,LV,1,TQ1700,17,2026-07-12T09:21:50Z,2026-07-12T23:30:32Z,14.14
SO30 0JS,SEPD,LV,1,TQ1700,17,2026-07-12T09:21:50Z,2026-07-12T23:30:32Z,14.14
SO30 0JT,SEPD,LV,1,TQ1700,17,2026-07-12T09:21:50Z,2026-07-12T23:30:32Z,14.14
SO30 0JX,SEPD,LV,1,TQ1700,17,2026-07-12T09:21:50Z,2026-07-12T23:30:32Z,14.14
SO23 7PY,SEPD,LV,1,TQ5540,10,2026-07-14T04:13:30Z,2026-07-14T18:11:22Z,13.96
SO23 7PZ,SEPD,LV,1,TQ5540,10,2026-07-14T04:13:30Z,2026-07-14T18:11:22Z,13.96
SO30 4EF,SEPD,LV,1,TQ1306,40,2026-07-11T22:27:58Z,2026-07-12T11:48:38Z,13.34
SO30 4ER,SEPD,LV,1,TQ1306,40,2026-07-11T22:27:58Z,2026-07-12T11:48:38Z,13.34
SO30 4EW,SEPD,LV,1,TQ1306,40,2026-07-11T22:27:58Z,2026-07-12T11:48:38Z,13.34
SO30 4EX,SEPD,LV,1,TQ1306,40,2026-07-11T22:27:58Z,2026-07-12T11:48:38Z,13.34
SO30 4EY,SEPD,LV,1,TQ1306,40,2026-07-11T22:27:58Z,2026-07-12T11:48:38Z,13.34
SO30 4EZ,SEPD,LV,1,TQ1306,40,2026-07-11T22:27:58Z,2026-07-12T11:48:38Z,13.34
SO30 4HA,SEPD,LV,1,TQ1306,40,2026-07-11T22:27:58Z,2026-07-12T11:48:38Z,13.34
SO30 4HB,SEPD,LV,1,TQ1306,40,2026-07-11T22:27:58Z,2026-07-12T11:48:38Z,13.34
SO30 4HD,SEPD,LV,1,TQ1306,40,2026-07-11T22:27:58Z,2026-07-12T11:48:38Z,13.34
SP2 0BJ,SEPD,LV,1,TQ2017,8,2026-07-12T11:48:38Z,2026-07-13T01:08:34Z,13.33
SP2 0BL,SEPD,LV,1,TQ2017,8,2026-07-12T11:48:38Z,2026-07-13T01:08:34Z,13.33
SP2 0BN,SEPD,LV,1,TQ2017,8,2026-07-12T11:48:38Z,2026-07-13T01:08:34Z,13.33
SP2 0BW,SEPD,LV,1,TQ2017,8,2026-07-12T11:48:38Z,2026-07-13T01:08:34Z,13.33
GU51 5TT,SEPD,LV,1,TP8186,8,2026-07-09T22:16:17Z,2026-07-10T11:35:22Z,13.32
GU51 5TU,SEPD,LV,1,TP8186,8,2026-07-09T22:16:17Z,2026-07-10T11:35:22Z,13.32
RG31 7DY,SEPD,LV,1,TQ5416,26,2026-07-14T10:24:12Z,2026-07-14T23:34:57Z,13.18
RG31 7EB,SEPD,LV,1,TQ5416,26,2026-07-14T10:24:12Z,2026-07-14T23:34:57Z,13.18
RG31 7ED,SEPD,LV,1,TQ5416,26,2026-07-14T10:24:12Z,2026-07-14T23:34:57Z,13.18
RG31 7EL,SEPD,LV,1,TQ5416,26,2026-07-14T10:24:12Z,2026-07-14T23:34:57Z,13.18
RG31 7EZ,SEPD,LV,1,TQ5416,26,2026-07-14T10:24:12Z,2026-07-14T23:34:57Z,13.18
PH26 3HR,SHEPD,PSI,2,"252625,252627",68,2026-07-12T07:15:24Z,2026-07-12T15:29:48Z,13.16
HP14,SEPD,HV,1,TQ1137,123,2026-07-11T18:36:18Z,2026-07-12T07:15:24Z,12.65
OX13 5BH,SEPD,HV,3,"TQ2329,TQ2565,TQ3867",1654,2026-07-12T16:31:04Z,2026-07-13T23:35:03Z,12.63
OX13 5BJ,SEPD,HV,3,"TQ2329,TQ2565,TQ3867",1654,2026-07-12T16:31:04Z,2026-07-13T23:35:03Z,12.63
OX13 5HJ,SEPD,HV,3,"TQ2329,TQ2565,TQ3867",1654,2026-07-12T16:31:04Z,2026-07-13T23:35:03Z,12.63
OX13 5HT,SEPD,HV,3,"TQ2329,TQ2565,TQ3867",1654,2026-07-12T16:31:04Z,2026-07-13T23:35:03Z,12.63
OX13 5HX,SEPD,HV,3,"TQ2329,TQ2565,TQ3867",1654,2026-07-12T16:31:04Z,2026-07-13T23:35:03Z,12.63
OX13 5AA,SEPD,HV,2,"TQ2565,TQ3867",1648,2026-07-13T13:32:50Z,2026-07-13T23:35:03Z,12.63
OX13 5AB,SEPD,HV,2,"TQ2565,TQ3867",1648,2026-07-13T13:32:50Z,2026-07-13T23:35:03Z,12.63
OX13 5AD,SEPD,HV,2,"TQ2565,TQ3867",1648,2026-07-13T13:32:50Z,2026-07-13T23:35:03Z,12.63
OX13 5AE,SEPD,HV,2,"TQ2565,TQ3867",1648,2026-07-13T13:32:50Z,2026-07-13T23:35:03Z,12.63
OX13 5AF,SEPD,HV,2,"TQ2565,TQ3867",1648,2026-07-13T13:32:50Z,2026-07-13T23:35:03Z,12.63
OX13 5AG,SEPD,HV,2,"TQ2565,TQ3867",1648,2026-07-13T13:32:50Z,2026-07-13T23:35:03Z,12.63
OX13 5AH,SEPD,HV,2,"TQ2565,TQ3867",1648,2026-07-13T13:32:50Z,2026-07-13T23:35:03Z,12.63
OX13 5AJ,SEPD,HV,2,"TQ2565,TQ3867",1648,2026-07-13T13:32:50Z,2026-07-13T23:35:03Z,12.63
OX13 5AL,SEPD,HV,2,"TQ2565,TQ3867",1648,2026-07-13T13:32:50Z,2026-07-13T23:35:03Z,12.63
OX13 5AN,SEPD,HV,2,"TQ2565,TQ3867",1648,2026-07-13T13:32:50Z,2026-07-13T23:35:03Z,12.63
OX13 5AP,SEPD,HV,2,"TQ2565,TQ3867",1648,2026-07-13T13:32:50Z,2026-07-13T23:35:03Z,12.63
OX13 5AQ,SEPD,HV,2,"TQ2565,TQ3867",1648,2026-07-13T13:32:50Z,2026-07-13T23:35:03Z,12.63
OX13 5AR,SEPD,HV,2,"TQ2565,TQ3867",1648,2026-07-13T13:32:50Z,2026-07-13T23:35:03Z,12.63
OX13 5AS,SEPD,HV,2,"TQ2565,TQ3867",1648,2026-07-13T13:32:50Z,2026-07-13T23:35:03Z,12.63
OX13 5AT,SEPD,HV,2,"TQ2565,TQ3867",1648,2026-07-13T13:32:50Z,2026-07-13T23:35:03Z,12.63
OX13 5AU,SEPD,HV,2,"TQ2565,TQ3867",1648,2026-07-13T13:32:50Z,2026-07-13T23:35:03Z,12.63
OX13 5AW,SEPD,HV,2,"TQ2565,TQ3867",1648,2026-07-13T13:32:50Z,2026-07-13T23:35:03Z,12.63
OX13 5AX,SEPD,HV,2,"TQ2565,TQ3867",1648,2026-07-13T13:32:50Z,2026-07-13T23:35:03Z,12.63
OX13 5AY,SEPD,HV,2,"TQ2565,TQ3867",1648,2026-07-13T13:32:50Z,2026-07-13T23:35:03Z,12.63
OX13 5AZ,SEPD,HV,2,"TQ2565,TQ3867",1648,2026-07-13T13:32:50Z,2026-07-13T23:35:03Z,12.63
OX13 5BA,SEPD,HV,2,"TQ2565,TQ3867",1648,2026-07-13T13:32:50Z,2026-07-13T23:35:03Z,12.63
OX13 5BB,SEPD,HV,2,"TQ2565,TQ3867",1648,2026-07-13T13:32:50Z,2026-07-13T23:35:03Z,12.63
OX13 5BD,SEPD,HV,2,"TQ2565,TQ3867",1648,2026-07-13T13:32:50Z,2026-07-13T23:35:03Z,12.63
OX13 5BE,SEPD,HV,2,"TQ2565,TQ3867",1648,2026-07-13T13:32:50Z,2026-07-13T23:35:03Z,12.63
OX13 5BG,SEPD,HV,2,"TQ2565,TQ3867",1648,2026-07-13T13:32:50Z,2026-07-13T23:35:03Z,12.63
OX13 5BL,SEPD,HV,2,"TQ2565,TQ3867",1648,2026-07-13T13:32:50Z,2026-07-13T23:35:03Z,12.63
OX13 5BN,SEPD,HV,2,"TQ2565,TQ3867",1648,2026-07-13T13:32:50Z,2026-07-13T23:35:03Z,12.63
OX13 5BP,SEPD,HV,2,"TQ2565,TQ3867",1648,2026-07-13T13:32:50Z,2026-07-13T23:35:03Z,12.63
OX13 5BQ,SEPD,HV,2,"TQ2565,TQ3867",1648,2026-07-13T13:32:50Z,2026-07-13T23:35:03Z,12.63
OX13 5BU,SEPD,HV,2,"TQ2565,TQ3867",1648,2026-07-13T13:32:50Z,2026-07-13T23:35:03Z,12.63
OX13 5BW,SEPD,HV,2,"TQ2565,TQ3867",1648,2026-07-13T13:32:50Z,2026-07-13T23:35:03Z,12.63
OX13 5BX,SEPD,HV,2,"TQ2565,TQ3867",1648,2026-07-13T13:32:50Z,2026-07-13T23:35:03Z,12.63
OX13 5BY,SEPD,HV,2,"TQ2565,TQ3867",1648,2026-07-13T13:32:50Z,2026-07-13T23:35:03Z,12.63
OX13 5BZ,SEPD,HV,2,"TQ2565,TQ3867",1648,2026-07-13T13:32:50Z,2026-07-13T23:35:03Z,12.63
OX13 5DA,SEPD,HV,2,"TQ2565,TQ3867",1648,2026-07-13T13:32:50Z,2026-07-13T23:35:03Z,12.63
OX13 5DB,SEPD,HV,2,"TQ2565,TQ3867",1648,2026-07-13T13:32:50Z,2026-07-13T23:35:03Z,12.63
OX13 5DD,SEPD,HV,2,"TQ2565,TQ3867",1648,2026-07-13T13:32:50Z,2026-07-13T23:35:03Z,12.63
OX13 5DE,SEPD,HV,2,"TQ2565,TQ3867",1648,2026-07-13T13:32:50Z,2026-07-13T23:35:03Z,12.63
OX13 5DF,SEPD,HV,2,"TQ2565,TQ3867",1648,2026-07-13T13:32:50Z,2026-07-13T23:35:03Z,12.63
OX13 5DG,SEPD,HV,2,"TQ2565,TQ3867",1648,2026-07-13T13:32:50Z,2026-07-13T23:35:03Z,12.63
OX13 5DH,SEPD,HV,2,"TQ2565,TQ3867",1648,2026-07-13T13:32:50Z,2026-07-13T23:35:03Z,12.63
OX13 5DJ,SEPD,HV,2,"TQ2565,TQ3867",1648,2026-07-13T13:32:50Z,2026-07-13T23:35:03Z,12.63
OX13 5DL,SEPD,HV,2,"TQ2565,TQ3867",1648,2026-07-13T13:32:50Z,2026-07-13T23:35:03Z,12.63
OX13 5DN,SEPD,HV,2,"TQ2565,TQ3867",1648,2026-07-13T13:32:50Z,2026-07-13T23:35:03Z,12.63
OX13 5DQ,SEPD,HV,2,"TQ2565,TQ3867",1648,2026-07-13T13:32:50Z,2026-07-13T23:35:03Z,12.63
OX13 5DS,SEPD,HV,2,"TQ2565,TQ3867",1648,2026-07-13T13:32:50Z,2026-07-13T23:35:03Z,12.63
OX13 5DT,SEPD,HV,2,"TQ2565,TQ3867",1648,2026-07-13T13:32:50Z,2026-07-13T23:35:03Z,12.63
OX13 5EX,SEPD,HV,2,"TQ2565,TQ3867",1648,2026-07-13T13:32:50Z,2026-07-13T23:35:03Z,12.63
OX13 5EY,SEPD,HV,2,"TQ2565,TQ3867",1648,2026-07-13T13:32:50Z,2026-07-13T23:35:03Z,12.63
OX13 5EZ,SEPD,HV,2,"TQ2565,TQ3867",1648,2026-07-13T13:32:50Z,2026-07-13T23:35:03Z,12.63
OX13 5FB,SEPD,HV,2,"TQ2565,TQ3867",1648,2026-07-13T13:32:50Z,2026-07-13T23:35:03Z,12.63
OX13 5FE,SEPD,HV,2,"TQ2565,TQ3867",1648,2026-07-13T13:32:50Z,2026-07-13T23:35:03Z,12.63
OX13 5FG,SEPD,HV,2,"TQ2565,TQ3867",1648,2026-07-13T13:32:50Z,2026-07-13T23:35:03Z,12.63
OX13 5FH,SEPD,HV,2,"TQ2565,TQ3867",1648,2026-07-13T13:32:50Z,2026-07-13T23:35:03Z,12.63
OX13 5FJ,SEPD,HV,2,"TQ2565,TQ3867",1648,2026-07-13T13:32:50Z,2026-07-13T23:35:03Z,12.63
OX13 5FL,SEPD,HV,2,"TQ2565,TQ3867",1648,2026-07-13T13:32:50Z,2026-07-13T23:35:03Z,12.63
OX13 5FR,SEPD,HV,2,"TQ2565,TQ3867",1648,2026-07-13T13:32:50Z,2026-07-13T23:35:03Z,12.63
OX13 5FS,SEPD,HV,2,"TQ2565,TQ3867",1648,2026-07-13T13:32:50Z,2026-07-13T23:35:03Z,12.63
OX13 5FT,SEPD,HV,2,"TQ2565,TQ3867",1648,2026-07-13T13:32:50Z,2026-07-13T23:35:03Z,12.63
OX13 5FW,SEPD,HV,2,"TQ2565,TQ3867",1648,2026-07-13T13:32:50Z,2026-07-13T23:35:03Z,12.63
OX13 5FX,SEPD,HV,2,"TQ2565,TQ3867",1648,2026-07-13T13:32:50Z,2026-07-13T23:35:03Z,12.63
OX13 5FY,SEPD,HV,2,"TQ2565,TQ3867",1648,2026-07-13T13:32:50Z,2026-07-13T23:35:03Z,12.63
OX13 5FZ,SEPD,HV,2,"TQ2565,TQ3867",1648,2026-07-13T13:32:50Z,2026-07-13T23:35:03Z,12.63
OX13 5GA,SEPD,HV,2,"TQ2565,TQ3867",1648,2026-07-13T13:32:50Z,2026-07-13T23:35:03Z,12.63
OX13 5GB,SEPD,HV,2,"TQ2565,TQ3867",1648,2026-07-13T13:32:50Z,2026-07-13T23:35:03Z,12.63
OX13 5GD,SEPD,HV,2,"TQ2565,TQ3867",1648,2026-07-13T13:32:50Z,2026-07-13T23:35:03Z,12.63
OX13 5GE,SEPD,HV,2,"TQ2565,TQ3867",1648,2026-07-13T13:32:50Z,2026-07-13T23:35:03Z,12.63
OX13 5GF,SEPD,HV,2,"TQ2565,TQ3867",1648,2026-07-13T13:32:50Z,2026-07-13T23:35:03Z,12.63
OX13 5GG,SEPD,HV,2,"TQ2565,TQ3867",1648,2026-07-13T13:32:50Z,2026-07-13T23:35:03Z,12.63
OX13 5GJ,SEPD,HV,2,"TQ2565,TQ3867",1648,2026-07-13T13:32:50Z,2026-07-13T23:35:03Z,12.63
OX13 5HB,SEPD,HV,2,"TQ2565,TQ3867",1648,2026-07-13T13:32:50Z,2026-07-13T23:35:03Z,12.63
OX13 5HE,SEPD,HV,2,"TQ2565,TQ3867",1648,2026-07-13T13:32:50Z,2026-07-13T23:35:03Z,12.63
OX13 5HU,SEPD,HV,2,"TQ2565,TQ3867",1648,2026-07-13T13:32:50Z,2026-07-13T23:35:03Z,12.63
OX13 5LN,SEPD,HV,2,"TQ2565,TQ3867",1648,2026-07-13T13:32:50Z,2026-07-13T23:35:03Z,12.63
OX13 5LR,SEPD,HV,2,"TQ2565,TQ3867",1648,2026-07-13T13:32:50Z,2026-07-13T23:35:03Z,12.63
OX13 5LS,SEPD,HV,2,"TQ2565,TQ3867",1648,2026-07-13T13:32:50Z,2026-07-13T23:35:03Z,12.63
OX13 5LU,SEPD,HV,2,"TQ2565,TQ3867",1648,2026-07-13T13:32:50Z,2026-07-13T23:35:03Z,12.63
OX13 5LW,SEPD,HV,2,"TQ2565,TQ3867",1648,2026-07-13T13:32:50Z,2026-07-13T23:35:03Z,12.63
OX13 5LX,SEPD,HV,2,"TQ2565,TQ3867",1648,2026-07-13T13:32:50Z,2026-07-13T23:35:03Z,12.63
OX13 5LY,SEPD,HV,2,"TQ2565,TQ3867",1648,2026-07-13T13:32:50Z,2026-07-13T23:35:03Z,12.63
OX13 5LZ,SEPD,HV,2,"TQ2565,TQ3867",1648,2026-07-13T13:32:50Z,2026-07-13T23:35:03Z,12.63
OX13 5NA,SEPD,HV,2,"TQ2565,TQ3867",1648,2026-07-13T13:32:50Z,2026-07-13T23:35:03Z,12.63
OX13 5NB,SEPD,HV,2,"TQ2565,TQ3867",1648,2026-07-13T13:32:50Z,2026-07-13T23:35:03Z,12.63
OX13 5NE,SEPD,HV,2,"TQ2565,TQ3867",1648,2026-07-13T13:32:50Z,2026-07-13T23:35:03Z,12.63
OX13 5NG,SEPD,HV,2,"TQ2565,TQ3867",1648,2026-07-13T13:32:50Z,2026-07-13T23:35:03Z,12.63
OX13 5NQ,SEPD,HV,2,"TQ2565,TQ3867",1648,2026-07-13T13:32:50Z,2026-07-13T23:35:03Z,12.63
OX13 5NU,SEPD,HV,2,"TQ2565,TQ3867",1648,2026-07-13T13:32:50Z,2026-07-13T23:35:03Z,12.63
OX13 5NZ,SEPD,HV,2,"TQ2565,TQ3867",1648,2026-07-13T13:32:50Z,2026-07-13T23:35:03Z,12.63
OX13 5PQ,SEPD,HV,2,"TQ2565,TQ3867",1648,2026-07-13T13:32:50Z,2026-07-13T23:35:03Z,12.63
OX13 5PW,SEPD,HV,2,"TQ2565,TQ3867",1648,2026-07-13T13:32:50Z,2026-07-13T23:35:03Z,12.63
OX13 5QY,SEPD,HV,2,"TQ2565,TQ3867",1648,2026-07-13T13:32:50Z,2026-07-13T23:35:03Z,12.63
SO21 1LZ,SEPD,LV,2,"TQ1612,TQ2663",4,2026-07-12T07:15:24Z,2026-07-12T19:49:39Z,12.57
GU11 3JD,SEPD,LV,1,TQ3102,41,2026-07-13T01:08:34Z,2026-07-13T13:32:50Z,12.4
GU11 3NP,SEPD,LV,1,TQ3102,41,2026-07-13T01:08:34Z,2026-07-13T13:32:50Z,12.4
SL3 6BL,SEPD,LV,1,TQ3102,41,2026-07-13T01:08:34Z,2026-07-13T13:32:50Z,12.4
SL3 6DW,SEPD,LV,1,TQ3102,41,2026-07-13T01:08:34Z,2026-07-13T13:32:50Z,12.4
SL3 6RA,SEPD,LV,1,TQ3102,41,2026-07-13T01:08:34Z,2026-07-13T13:32:50Z,12.4
SL3 6RD,SEPD,LV,1,TQ3102,41,2026-07-13T01:08:34Z,2026-07-13T13:32:50Z,12.4
SL3 6RE,SEPD,LV,1,TQ3102,41,2026-07-13T01:08:34Z,2026-07-13T13:32:50Z,12.4
SL3 6RG,SEPD,LV,1,TQ3102,41,2026-07-13T01:08:34Z,2026-07-13T13:32:50Z,12.4
SL3 6RL,SEPD,LV,1,TQ3102,41,2026-07-13T01:08:34Z,2026-07-13T13:32:50Z,12.4
SL3 6RN,SEPD,LV,1,TQ3102,41,2026-07-13T01:08:34Z,2026-07-13T13:32:50Z,12.4
SL3 6RQ,SEPD,LV,1,TQ3102,41,2026-07-13T01:08:34Z,2026-07-13T13:32:50Z,12.4
UB10 8DY,SEPD,LV,1,TP8229,22,2026-07-10T01:15:56Z,2026-07-10T13:35:06Z,12.32
UB10 8SF,SEPD,LV,1,TP8229,22,2026-07-10T01:15:56Z,2026-07-10T13:35:06Z,12.32
UB10 8SJ,SEPD,LV,1,TP8229,22,2026-07-10T01:15:56Z,2026-07-10T13:35:06Z,12.32
UB10 8SL,SEPD,LV,1,TP8229,22,2026-07-10T01:15:56Z,2026-07-10T13:35:06Z,12.32
UB10 8SQ,SEPD,LV,1,TP8229,22,2026-07-10T01:15:56Z,2026-07-10T13:35:06Z,12.32
RG4 9AF,SEPD,LV,1,TP8623,26,2026-07-10T08:42:42Z,2026-07-10T20:56:26Z,12.23
RG9 5HT,SEPD,LV,1,TP8623,26,2026-07-10T08:42:42Z,2026-07-10T20:56:26Z,12.23
RG9 5HU,SEPD,LV,1,TP8623,26,2026-07-10T08:42:42Z,2026-07-10T20:56:26Z,12.23
RG9 5HX,SEPD,LV,1,TP8623,26,2026-07-10T08:42:42Z,2026-07-10T20:56:26Z,12.23
RG9 5JD,SEPD,LV,1,TP8623,26,2026-07-10T08:42:42Z,2026-07-10T20:56:26Z,12.23
RG9 5JE,SEPD,LV,1,TP8623,26,2026-07-10T08:42:42Z,2026-07-10T20:56:26Z,12.23
RG9 5LP,SEPD,LV,1,TP8623,26,2026-07-10T08:42:42Z,2026-07-10T20:56:26Z,12.23
RG9 5LR,SEPD,LV,1,TP8623,26,2026-07-10T08:42:42Z,2026-07-10T20:56:26Z,12.23
RG9 5LS,SEPD,LV,1,TP8623,26,2026-07-10T08:42:42Z,2026-07-10T20:56:26Z,12.23
BH21 3RT,SEPD,PSI,2,"252822,252839",86,2026-07-10T08:42:42Z,2026-07-14T15:44:08Z,11.97
HP10 9LN,SEPD,HV,1,TP7871,90,2026-07-09T20:52:44Z,2026-07-10T08:42:42Z,11.83
HP10 9LS,SEPD,HV,1,TP7871,90,2026-07-09T20:52:44Z,2026-07-10T08:42:42Z,11.83
HP10 9NB,SEPD,HV,1,TP7871,90,2026-07-09T20:52:44Z,2026-07-10T08:42:42Z,11.83
HP10 9NR,SEPD,HV,1,TP7871,90,2026-07-09T20:52:44Z,2026-07-10T08:42:42Z,11.83
RG40 1SA,SEPD,LV,1,TQ1271,16,2026-07-11T21:32:15Z,2026-07-12T09:21:50Z,11.83
RG40 1SB,SEPD,LV,1,TQ1271,16,2026-07-11T21:32:15Z,2026-07-12T09:21:50Z,11.83
RG24 9BG,SEPD,LV,1,TQ3209,39,2026-07-13T07:58:35Z,2026-07-13T19:47:48Z,11.82
RG24 9BH,SEPD,LV,1,TQ3209,39,2026-07-13T07:58:35Z,2026-07-13T19:47:48Z,11.82
RG24 9BQ,SEPD,LV,1,TQ3209,39,2026-07-13T07:58:35Z,2026-07-13T19:47:48Z,11.82
RG24 9DU,SEPD,LV,1,TQ3209,39,2026-07-13T07:58:35Z,2026-07-13T19:47:48Z,11.82
SN4 7DL,SEPD,LV,1,TQ3218,13,2026-07-13T07:58:35Z,2026-07-13T19:47:48Z,11.82
SN4 7DN,SEPD,LV,1,TQ3218,13,2026-07-13T07:58:35Z,2026-07-13T19:47:48Z,11.82
UB2 5DP,SEPD,HV,2,"TQ8496,TQ9085",827,2026-07-15T14:16:47Z,2026-07-15T21:43:50Z,11.75
UB2 5AY,SEPD,"LV,HV",3,"TQ6626,TQ8496,TQ9085",855,2026-07-14T14:04:33Z,2026-07-15T21:43:50Z,11.47
UB2 5AZ,SEPD,"LV,HV",3,"TQ6626,TQ8496,TQ9085",855,2026-07-14T14:04:33Z,2026-07-15T21:43:50Z,11.47
UB2 5BA,SEPD,"LV,HV",3,"TQ6626,TQ8496,TQ9085",855,2026-07-14T14:04:33Z,2026-07-15T21:43:50Z,11.47
UB2 5BB,SEPD,"LV,HV",3,"TQ6626,TQ8496,TQ9085",855,2026-07-14T14:04:33Z,2026-07-15T21:43:50Z,11.47
RG6 7YA,SEPD,"HV,LV",3,"TQ5705,TQ6759,TQ9078",1583,2026-07-14T08:37:53Z,2026-07-15T21:43:50Z,11.25
SL6 3AQ,SEPD,LV,1,TQ1658,30,2026-07-12T09:21:50Z,2026-07-12T20:32:05Z,11.17
SL6 3NJ,SEPD,LV,1,TQ1658,30,2026-07-12T09:21:50Z,2026-07-12T20:32:05Z,11.17
SL6 3RU,SEPD,LV,1,TQ1658,30,2026-07-12T09:21:50Z,2026-07-12T20:32:05Z,11.17
SL6 3SD,SEPD,LV,1,TQ1658,30,2026-07-12T09:21:50Z,2026-07-12T20:32:05Z,11.17
SL6 3SG,SEPD,LV,1,TQ1658,30,2026-07-12T09:21:50Z,2026-07-12T20:32:05Z,11.17
SL6 3SH,SEPD,LV,1,TQ1658,30,2026-07-12T09:21:50Z,2026-07-12T20:32:05Z,11.17
SL6 3SJ,SEPD,LV,1,TQ1658,30,2026-07-12T09:21:50Z,2026-07-12T20:32:05Z,11.17
SL6 3SL,SEPD,LV,1,TQ1658,30,2026-07-12T09:21:50Z,2026-07-12T20:32:05Z,11.17
SL6 3SN,SEPD,LV,1,TQ1658,30,2026-07-12T09:21:50Z,2026-07-12T20:32:05Z,11.17
SL6 3SQ,SEPD,LV,1,TQ1658,30,2026-07-12T09:21:50Z,2026-07-12T20:32:05Z,11.17
BA11 4JH,SEPD,LV,1,TP5100,15,2026-07-08T21:43:50Z,2026-07-09T08:52:42Z,11.15
BA11 4LE,SEPD,LV,1,TP5100,15,2026-07-08T21:43:50Z,2026-07-09T08:52:42Z,11.15
BA11 4LF,SEPD,LV,1,TP5100,15,2026-07-08T21:43:50Z,2026-07-09T08:52:42Z,11.15
BA11 4LS,SEPD,LV,1,TP5100,15,2026-07-08T21:43:50Z,2026-07-09T08:52:42Z,11.15
HP13 5FA,SEPD,LV,1,TQ6623,19,2026-07-14T14:04:33Z,2026-07-15T00:59:59Z,10.92
HP13 5LT,SEPD,LV,1,TQ6623,19,2026-07-14T14:04:33Z,2026-07-15T00:59:59Z,10.92
HP13 5UY,SEPD,LV,1,TQ6623,19,2026-07-14T14:04:33Z,2026-07-15T00:59:59Z,10.92
HP13 5XB,SEPD,LV,1,TQ6623,19,2026-07-14T14:04:33Z,2026-07-15T00:59:59Z,10.92
HP13 5XD,SEPD,LV,1,TQ6623,19,2026-07-14T14:04:33Z,2026-07-15T00:59:59Z,10.92
HP13 5XF,SEPD,LV,1,TQ6623,19,2026-07-14T14:04:33Z,2026-07-15T00:59:59Z,10.92
BH16 6AB,SEPD,PSI,2,"252834,252904",84,2026-07-13T07:58:35Z,2026-07-15T14:16:47Z,10.91
BH16 6AQ,SEPD,PSI,2,"252834,252904",84,2026-07-13T07:58:35Z,2026-07-15T14:16:47Z,10.91
PH10 7JL,SHEPD,PSI,2,"252653,252655",14,2026-07-14T08:37:53Z,2026-07-14T14:04:33Z,10.88
SN1 2NT,SEPD,LV,3,"TP6352,TP6561,TQ1507",45,2026-07-08T22:28:27Z,2026-07-12T15:29:48Z,10.87
SN1 2PY,SEPD,LV,3,"TP6352,TP6561,TQ1507",45,2026-07-08T22:28:27Z,2026-07-12T15:29:48Z,10.87
SN1 2PZ,SEPD,LV,3,"TP6352,TP6561,TQ1507",45,2026-07-08T22:28:27Z,2026-07-12T15:29:48Z,10.87
IV4 7JR,SHEPD,PSI,3,"252334,252340,252342",109,2026-07-09T08:52:42Z,2026-07-10T13:35:06Z,10.8
PH10 7NZ,SHEPD,"PSI,LV",3,"252565,252639,TP7799",123,2026-07-09T08:52:42Z,2026-07-09T16:57:51Z,10.8
IV4 7AD,SHEPD,PSI,2,"252334,252340",102,2026-07-09T08:52:42Z,2026-07-09T14:16:37Z,10.8
TW8 8DB,SEPD,LV,1,TQ8128,7,2026-07-15T10:57:49Z,2026-07-15T21:43:50Z,10.77
TW8 8DZ,SEPD,LV,1,TQ8128,7,2026-07-15T10:57:49Z,2026-07-15T21:43:50Z,10.77
TW8 8EA,SEPD,LV,1,TQ8128,7,2026-07-15T10:57:49Z,2026-07-15T21:43:50Z,10.77
TW8 9LQ,SEPD,LV,1,TQ8128,7,2026-07-15T10:57:49Z,2026-07-15T21:43:50Z,10.77
W7 2AU,SEPD,LV,1,TQ8082,30,2026-07-15T10:57:49Z,2026-07-15T21:43:50Z,10.77
W7 2BL,SEPD,LV,1,TQ8082,30,2026-07-15T10:57:49Z,2026-07-15T21:43:50Z,10.77
W7 2BT,SEPD,LV,1,TQ8082,30,2026-07-15T10:57:49Z,2026-07-15T21:43:50Z,10.77
W7 2BU,SEPD,LV,1,TQ8082,30,2026-07-15T10:57:49Z,2026-07-15T21:43:50Z,10.77
W7 2BW,SEPD,LV,1,TQ8082,30,2026-07-15T10:57:49Z,2026-07-15T21:43:50Z,10.77
W7 2BX,SEPD,LV,1,TQ8082,30,2026-07-15T10:57:49Z,2026-07-15T21:43:50Z,10.77
IV4 7JJ,SHEPD,PSI,3,"252338,252340,252343",100,2026-07-09T08:52:42Z,2026-07-10T13:35:06Z,10.27
PH10 7LY,SHEPD,"PSI,LV",3,"252639,252649,TP7799",104,2026-07-09T08:52:42Z,2026-07-10T13:35:06Z,10.27
PH10 7NS,SHEPD,"PSI,LV",3,"252606,252639,TP7799",77,2026-07-09T08:52:42Z,2026-07-10T13:35:06Z,10.27
PH10 7NA,SHEPD,PSI,2,"252565,252649",123,2026-07-09T08:52:42Z,2026-07-10T13:35:06Z,10.27
OX14,SEPD,"PSI,HV",3,"252719,TQ2565,TQ3867",1680,2026-07-13T11:23:21Z,2026-07-13T16:08:10Z,9.93
OX7 3AE,SEPD,HV,1,TQ1373,704,2026-07-12T01:08:41Z,2026-07-12T10:50:00Z,9.69
OX7 3BF,SEPD,HV,1,TQ1373,704,2026-07-12T01:08:41Z,2026-07-12T10:50:00Z,9.69
OX7 3DS,SEPD,HV,1,TQ1373,704,2026-07-12T01:08:41Z,2026-07-12T10:50:00Z,9.69
OX7 3EQ,SEPD,HV,1,TQ1373,704,2026-07-12T01:08:41Z,2026-07-12T10:50:00Z,9.69
OX7 3EU,SEPD,HV,1,TQ1373,704,2026-07-12T01:08:41Z,2026-07-12T10:50:00Z,9.69
OX7 3EX,SEPD,HV,1,TQ1373,704,2026-07-12T01:08:41Z,2026-07-12T10:50:00Z,9.69
OX7 3JH,SEPD,HV,1,TQ1373,704,2026-07-12T01:08:41Z,2026-07-12T10:50:00Z,9.69
OX7 3LP,SEPD,HV,1,TQ1373,704,2026-07-12T01:08:41Z,2026-07-12T10:50:00Z,9.69
OX7 3PH,SEPD,HV,1,TQ1373,704,2026-07-12T01:08:41Z,2026-07-12T10:50:00Z,9.69
OX7 3PJ,SEPD,HV,1,TQ1373,704,2026-07-12T01:08:41Z,2026-07-12T10:50:00Z,9.69
OX7 3PL,SEPD,HV,1,TQ1373,704,2026-07-12T01:08:41Z,2026-07-12T10:50:00Z,9.69
OX7 3PN,SEPD,HV,1,TQ1373,704,2026-07-12T01:08:41Z,2026-07-12T10:50:00Z,9.69
OX7 3PP,SEPD,HV,1,TQ1373,704,2026-07-12T01:08:41Z,2026-07-12T10:50:00Z,9.69
OX7 3PQ,SEPD,HV,1,TQ1373,704,2026-07-12T01:08:41Z,2026-07-12T10:50:00Z,9.69
OX7 3PR,SEPD,HV,1,TQ1373,704,2026-07-12T01:08:41Z,2026-07-12T10:50:00Z,9.69
OX7 3PZ,SEPD,HV,1,TQ1373,704,2026-07-12T01:08:41Z,2026-07-12T10:50:00Z,9.69
OX7 3QA,SEPD,HV,1,TQ1373,704,2026-07-12T01:08:41Z,2026-07-12T10:50:00Z,9.69
OX7 3QB,SEPD,HV,1,TQ1373,704,2026-07-12T01:08:41Z,2026-07-12T10:50:00Z,9.69
OX7 3QD,SEPD,HV,1,TQ1373,704,2026-07-12T01:08:41Z,2026-07-12T10:50:00Z,9.69
OX7 3QE,SEPD,HV,1,TQ1373,704,2026-07-12T01:08:41Z,2026-07-12T10:50:00Z,9.69
OX7 3QG,SEPD,HV,1,TQ1373,704,2026-07-12T01:08:41Z,2026-07-12T10:50:00Z,9.69
OX7 3QH,SEPD,HV,1,TQ1373,704,2026-07-12T01:08:41Z,2026-07-12T10:50:00Z,9.69
OX7 3QJ,SEPD,HV,1,TQ1373,704,2026-07-12T01:08:41Z,2026-07-12T10:50:00Z,9.69
OX7 3QL,SEPD,HV,1,TQ1373,704,2026-07-12T01:08:41Z,2026-07-12T10:50:00Z,9.69
OX7 3QN,SEPD,HV,1,TQ1373,704,2026-07-12T01:08:41Z,2026-07-12T10:50:00Z,9.69
OX7 3QP,SEPD,HV,1,TQ1373,704,2026-07-12T01:08:41Z,2026-07-12T10:50:00Z,9.69
OX7 3QQ,SEPD,HV,1,TQ1373,704,2026-07-12T01:08:41Z,2026-07-12T10:50:00Z,9.69
OX7 3QR,SEPD,HV,1,TQ1373,704,2026-07-12T01:08:41Z,2026-07-12T10:50:00Z,9.69
OX7 3QS,SEPD,HV,1,TQ1373,704,2026-07-12T01:08:41Z,2026-07-12T10:50:00Z,9.69
OX7 3QT,SEPD,HV,1,TQ1373,704,2026-07-12T01:08:41Z,2026-07-12T10:50:00Z,9.69
OX7 3QU,SEPD,HV,1,TQ1373,704,2026-07-12T01:08:41Z,2026-07-12T10:50:00Z,9.69
OX7 3QW,SEPD,HV,1,TQ1373,704,2026-07-12T01:08:41Z,2026-07-12T10:50:00Z,9.69
OX7 3QX,SEPD,HV,1,TQ1373,704,2026-07-12T01:08:41Z,2026-07-12T10:50:00Z,9.69
OX7 3QY,SEPD,HV,1,TQ1373,704,2026-07-12T01:08:41Z,2026-07-12T10:50:00Z,9.69
OX7 3QZ,SEPD,HV,1,TQ1373,704,2026-07-12T01:08:41Z,2026-07-12T10:50:00Z,9.69
OX7 3RB,SEPD,HV,1,TQ1373,704,2026-07-12T01:08:41Z,2026-07-12T10:50:00Z,9.69
OX7 3RD,SEPD,HV,1,TQ1373,704,2026-07-12T01:08:41Z,2026-07-12T10:50:00Z,9.69
OX7 3RE,SEPD,HV,1,TQ1373,704,2026-07-12T01:08:41Z,2026-07-12T10:50:00Z,9.69
OX7 3RF,SEPD,HV,1,TQ1373,704,2026-07-12T01:08:41Z,2026-07-12T10:50:00Z,9.69
OX7 3RG,SEPD,HV,1,TQ1373,704,2026-07-12T01:08:41Z,2026-07-12T10:50:00Z,9.69
OX7 3RH,SEPD,HV,1,TQ1373,704,2026-07-12T01:08:41Z,2026-07-12T10:50:00Z,9.69
OX7 3RJ,SEPD,HV,1,TQ1373,704,2026-07-12T01:08:41Z,2026-07-12T10:50:00Z,9.69
OX7 3RL,SEPD,HV,1,TQ1373,704,2026-07-12T01:08:41Z,2026-07-12T10:50:00Z,9.69
OX7 3RN,SEPD,HV,1,TQ1373,704,2026-07-12T01:08:41Z,2026-07-12T10:50:00Z,9.69
OX7 3RQ,SEPD,HV,1,TQ1373,704,2026-07-12T01:08:41Z,2026-07-12T10:50:00Z,9.69
OX7 3RR,SEPD,HV,1,TQ1373,704,2026-07-12T01:08:41Z,2026-07-12T10:50:00Z,9.69
OX7 3RS,SEPD,HV,1,TQ1373,704,2026-07-12T01:08:41Z,2026-07-12T10:50:00Z,9.69
OX7 3RT,SEPD,HV,1,TQ1373,704,2026-07-12T01:08:41Z,2026-07-12T10:50:00Z,9.69
OX7 3RU,SEPD,HV,1,TQ1373,704,2026-07-12T01:08:41Z,2026-07-12T10:50:00Z,9.69
OX7 3RW,SEPD,HV,1,TQ1373,704,2026-07-12T01:08:41Z,2026-07-12T10:50:00Z,9.69
OX7 3RX,SEPD,HV,1,TQ1373,704,2026-07-12T01:08:41Z,2026-07-12T10:50:00Z,9.69
OX7 3RY,SEPD,HV,1,TQ1373,704,2026-07-12T01:08:41Z,2026-07-12T10:50:00Z,9.69
OX7 3RZ,SEPD,HV,1,TQ1373,704,2026-07-12T01:08:41Z,2026-07-12T10:50:00Z,9.69
OX7 3SA,SEPD,HV,1,TQ1373,704,2026-07-12T01:08:41Z,2026-07-12T10:50:00Z,9.69
OX7 3SB,SEPD,HV,1,TQ1373,704,2026-07-12T01:08:41Z,2026-07-12T10:50:00Z,9.69
OX7 3SD,SEPD,HV,1,TQ1373,704,2026-07-12T01:08:41Z,2026-07-12T10:50:00Z,9.69
OX7 3SJ,SEPD,HV,1,TQ1373,704,2026-07-12T01:08:41Z,2026-07-12T10:50:00Z,9.69
OX7 3SN,SEPD,HV,1,TQ1373,704,2026-07-12T01:08:41Z,2026-07-12T10:50:00Z,9.69
OX7 3SS,SEPD,HV,1,TQ1373,704,2026-07-12T01:08:41Z,2026-07-12T10:50:00Z,9.69
OX7 3TE,SEPD,HV,1,TQ1373,704,2026-07-12T01:08:41Z,2026-07-12T10:50:00Z,9.69
OX7 3TF,SEPD,HV,1,TQ1373,704,2026-07-12T01:08:41Z,2026-07-12T10:50:00Z,9.69
OX7 3TX,SEPD,HV,1,TQ1373,704,2026-07-12T01:08:41Z,2026-07-12T10:50:00Z,9.69
OX7 4EY,SEPD,HV,1,TQ1373,704,2026-07-12T01:08:41Z,2026-07-12T10:50:00Z,9.69
OX7 4HA,SEPD,HV,1,TQ1373,704,2026-07-12T01:08:41Z,2026-07-12T10:50:00Z,9.69
RG31 7AD,SEPD,LV,1,TQ2061,26,2026-07-12T11:48:38Z,2026-07-12T21:28:07Z,9.66
RG31 7AW,SEPD,LV,1,TQ2061,26,2026-07-12T11:48:38Z,2026-07-12T21:28:07Z,9.66
RG31 7AZ,SEPD,LV,1,TQ2061,26,2026-07-12T11:48:38Z,2026-07-12T21:28:07Z,9.66
SO45 5WA,SEPD,HV,1,TQ1422,308,2026-07-12T04:37:31Z,2026-07-12T14:17:10Z,9.66
SO45 5WB,SEPD,HV,1,TQ1422,308,2026-07-12T04:37:31Z,2026-07-12T14:17:10Z,9.66
SO45 5WD,SEPD,HV,1,TQ1422,308,2026-07-12T04:37:31Z,2026-07-12T14:17:10Z,9.66
SO45 5WE,SEPD,HV,1,TQ1422,308,2026-07-12T04:37:31Z,2026-07-12T14:17:10Z,9.66
SO45 5WF,SEPD,HV,1,TQ1422,308,2026-07-12T04:37:31Z,2026-07-12T14:17:10Z,9.66
SO45 5WG,SEPD,HV,1,TQ1422,308,2026-07-12T04:37:31Z,2026-07-12T14:17:10Z,9.66
SO45 5WH,SEPD,HV,1,TQ1422,308,2026-07-12T04:37:31Z,2026-07-12T14:17:10Z,9.66
SO45 5WJ,SEPD,HV,1,TQ1422,308,2026-07-12T04:37:31Z,2026-07-12T14:17:10Z,9.66
SO45 5WL,SEPD,HV,1,TQ1422,308,2026-07-12T04:37:31Z,2026-07-12T14:17:10Z,9.66
SO45 5WN,SEPD,HV,1,TQ1422,308,2026-07-12T04:37:31Z,2026-07-12T14:17:10Z,9.66
SO45 5WP,SEPD,HV,1,TQ1422,308,2026-07-12T04:37:31Z,2026-07-12T14:17:10Z,9.66
PO8 0RN,SEPD,HV,1,TQ2996,40,2026-07-12T22:26:26Z,2026-07-13T07:58:35Z,9.54
SO30 2EQ,SEPD,HV,1,TQ2996,40,2026-07-12T22:26:26Z,2026-07-13T07:58:35Z,9.54
SO30 2ER,SEPD,HV,1,TQ2996,40,2026-07-12T22:26:26Z,2026-07-13T07:58:35Z,9.54
BH22 0DP,SEPD,LV,1,TQ8320,24,2026-07-15T12:20:28Z,2026-07-15T21:43:50Z,9.39
BH22 0DR,SEPD,LV,1,TQ8320,24,2026-07-15T12:20:28Z,2026-07-15T21:43:50Z,9.39
BH22 0DT,SEPD,LV,1,TQ8320,24,2026-07-15T12:20:28Z,2026-07-15T21:43:50Z,9.39
BH22 0DX,SEPD,LV,1,TQ8320,24,2026-07-15T12:20:28Z,2026-07-15T21:43:50Z,9.39
BH22 0JS,SEPD,LV,1,TQ8320,24,2026-07-15T12:20:28Z,2026-07-15T21:43:50Z,9.39
SN6 8AS,SEPD,LV,1,TQ8306,26,2026-07-15T12:20:28Z,2026-07-15T21:43:50Z,9.39
SN6 8EE,SEPD,LV,1,TQ8306,26,2026-07-15T12:20:28Z,2026-07-15T21:43:50Z,9.39
SN6 8EG,SEPD,LV,1,TQ8306,26,2026-07-15T12:20:28Z,2026-07-15T21:43:50Z,9.39
SN6 8EH,SEPD,LV,1,TQ8306,26,2026-07-15T12:20:28Z,2026-07-15T21:43:50Z,9.39
SN6 8EL,SEPD,LV,1,TQ8306,26,2026-07-15T12:20:28Z,2026-07-15T21:43:50Z,9.39
SN6 8EN,SEPD,LV,1,TQ8306,26,2026-07-15T12:20:28Z,2026-07-15T21:43:50Z,9.39
SN6 8EP,SEPD,LV,1,TQ8306,26,2026-07-15T12:20:28Z,2026-07-15T21:43:50Z,9.39
SN6 8EQ,SEPD,LV,1,TQ8306,26,2026-07-15T12:20:28Z,2026-07-15T21:43:50Z,9.39
TW16 6JP,SEPD,LV,1,TP8504,20,2026-07-10T08:42:42Z,2026-07-10T18:00:46Z,9.3
TW16 6JQ,SEPD,LV,1,TP8504,20,2026-07-10T08:42:42Z,2026-07-10T18:00:46Z,9.3
TW16 6LR,SEPD,LV,1,TP8504,20,2026-07-10T08:42:42Z,2026-07-10T18:00:46Z,9.3
TW16 6LU,SEPD,LV,1,TP8504,20,2026-07-10T08:42:42Z,2026-07-10T18:00:46Z,9.3
TW16 6LX,SEPD,LV,1,TP8504,20,2026-07-10T08:42:42Z,2026-07-10T18:00:46Z,9.3
TW16 6LY,SEPD,LV,1,TP8504,20,2026-07-10T08:42:42Z,2026-07-10T18:00:46Z,9.3
SO32 2NZ,SEPD,HV,2,"TQ1547,TQ1876",1887,2026-07-12T07:15:24Z,2026-07-12T16:31:04Z,9.26
SO32 2PX,SEPD,HV,2,"TQ1547,TQ1876",1887,2026-07-12T07:15:24Z,2026-07-12T16:31:04Z,9.26
SO32 2PY,SEPD,HV,2,"TQ1547,TQ1876",1887,2026-07-12T07:15:24Z,2026-07-12T16:31:04Z,9.26
SO32 2PZ,SEPD,HV,2,"TQ1547,TQ1876",1887,2026-07-12T07:15:24Z,2026-07-12T16:31:04Z,9.26
GU15 2NT,SEPD,LV,1,TQ1698,18,2026-07-12T09:21:50Z,2026-07-12T18:36:49Z,9.25
GU15 2NU,SEPD,LV,1,TQ1698,18,2026-07-12T09:21:50Z,2026-07-12T18:36:49Z,9.25
GU15 2NX,SEPD,LV,1,TQ1698,18,2026-07-12T09:21:50Z,2026-07-12T18:36:49Z,9.25
GU15 2NY,SEPD,LV,1,TQ1698,18,2026-07-12T09:21:50Z,2026-07-12T18:36:49Z,9.25
GU15 2NZ,SEPD,LV,1,TQ1698,18,2026-07-12T09:21:50Z,2026-07-12T18:36:49Z,9.25
GL7 5UF,SEPD,LV,2,"TQ1946,TQ2192",24,2026-07-12T10:50:00Z,2026-07-12T23:30:32Z,9.22
GL7 5XN,SEPD,LV,2,"TQ1946,TQ2192",24,2026-07-12T10:50:00Z,2026-07-12T23:30:32Z,9.22
SL6 0EE,SEPD,PSI,2,"252576,252632",45,2026-07-13T07:58:35Z,2026-07-14T11:57:59Z,8.91
OX13 5HP,SEPD,HV,1,TQ2329,6,2026-07-12T16:31:04Z,2026-07-13T01:08:34Z,8.63
UB2 5AD,SEPD,HV,2,"TQ8496,TQ9085",827,2026-07-15T17:25:45Z,2026-07-15T21:43:50Z,8.6
UB2 5AU,SEPD,HV,2,"TQ8496,TQ9085",827,2026-07-15T17:25:45Z,2026-07-15T21:43:50Z,8.6
UB2 5AX,SEPD,HV,2,"TQ8496,TQ9085",827,2026-07-15T17:25:45Z,2026-07-15T21:43:50Z,8.6
TW15 3DU,SEPD,LV,1,TP7275,34,2026-07-09T12:23:59Z,2026-07-09T20:52:44Z,8.48
TW15 3ES,SEPD,LV,1,TP7275,34,2026-07-09T12:23:59Z,2026-07-09T20:52:44Z,8.48
TW15 3ET,SEPD,LV,1,TP7275,34,2026-07-09T12:23:59Z,2026-07-09T20:52:44Z,8.48
TW15 3EU,SEPD,LV,1,TP7275,34,2026-07-09T12:23:59Z,2026-07-09T20:52:44Z,8.48
TW15 3EZ,SEPD,LV,1,TP7275,34,2026-07-09T12:23:59Z,2026-07-09T20:52:44Z,8.48
SL9 0PD,SEPD,LV,1,TQ0371,3,2026-07-11T08:13:51Z,2026-07-11T16:34:27Z,8.34
SL9 0PF,SEPD,LV,1,TQ0371,3,2026-07-11T08:13:51Z,2026-07-11T16:34:27Z,8.34
SL9 0PG,SEPD,LV,1,TQ0371,3,2026-07-11T08:13:51Z,2026-07-11T16:34:27Z,8.34
SL9 0PH,SEPD,LV,1,TQ0371,3,2026-07-11T08:13:51Z,2026-07-11T16:34:27Z,8.34
SL9 0SA,SEPD,LV,1,TQ0371,3,2026-07-11T08:13:51Z,2026-07-11T16:34:27Z,8.34
AB42 5ES,SHEPD,LV,3,"TQ2969,TQ5139,TQ5753",33,2026-07-12T21:28:07Z,2026-07-14T14:04:33Z,8.29
AB42 5HE,SHEPD,LV,3,"TQ2969,TQ5139,TQ5753",33,2026-07-12T21:28:07Z,2026-07-14T14:04:33Z,8.29
AB42 5HS,SHEPD,LV,3,"TQ2969,TQ5139,TQ5753",33,2026-07-12T21:28:07Z,2026-07-14T14:04:33Z,8.29
PH26 3JG,SHEPD,PSI,1,252625,3,2026-07-12T07:15:24Z,2026-07-12T15:29:48Z,8.24
RG7 1JH,SEPD,HV,1,TQ0344,22,2026-07-11T03:48:31Z,2026-07-11T11:59:39Z,8.19
RG7 1JN,SEPD,HV,1,TQ0344,22,2026-07-11T03:48:31Z,2026-07-11T11:59:39Z,8.19
RG7 1JU,SEPD,HV,1,TQ0344,22,2026-07-11T03:48:31Z,2026-07-11T11:59:39Z,8.19
RG7 1JW,SEPD,HV,1,TQ0344,22,2026-07-11T03:48:31Z,2026-07-11T11:59:39Z,8.19
RG7 1YN,SEPD,HV,1,TQ0344,22,2026-07-11T03:48:31Z,2026-07-11T11:59:39Z,8.19
RG7 2AT,SEPD,HV,1,TQ0344,22,2026-07-11T03:48:31Z,2026-07-11T11:59:39Z,8.19
RG7 3AB,SEPD,HV,1,TQ0344,22,2026-07-11T03:48:31Z,2026-07-11T11:59:39Z,8.19
TW8 0JA,SEPD,LV,1,TQ3983,17,2026-07-13T13:32:50Z,2026-07-13T21:40:02Z,8.12
TW8 9QZ,SEPD,LV,1,TQ3983,17,2026-07-13T13:32:50Z,2026-07-13T21:40:02Z,8.12
HS2 9BD,SHEPD,HV,1,TP9901,28,2026-07-10T19:46:43Z,2026-07-11T03:48:31Z,8.03
HS2 9BP,SHEPD,HV,1,TP9901,28,2026-07-10T19:46:43Z,2026-07-11T03:48:31Z,8.03
HS2 9BW,SHEPD,HV,1,TP9901,28,2026-07-10T19:46:43Z,2026-07-11T03:48:31Z,8.03
IV1 2EP,SHEPD,HV,1,TQ0267,89,2026-07-10T22:12:11Z,2026-07-11T06:03:46Z,7.86
IV1 2XQ,SHEPD,HV,1,TQ0267,89,2026-07-10T22:12:11Z,2026-07-11T06:03:46Z,7.86
IV1 5XQ,SHEPD,HV,1,TQ0267,89,2026-07-10T22:12:11Z,2026-07-11T06:03:46Z,7.86
IV2 5BP,SHEPD,HV,1,TQ0267,89,2026-07-10T22:12:11Z,2026-07-11T06:03:46Z,7.86
IV2 5BT,SHEPD,HV,1,TQ0267,89,2026-07-10T22:12:11Z,2026-07-11T06:03:46Z,7.86
IV2 5EP,SHEPD,HV,1,TQ0267,89,2026-07-10T22:12:11Z,2026-07-11T06:03:46Z,7.86
IV2 5ER,SHEPD,HV,1,TQ0267,89,2026-07-10T22:12:11Z,2026-07-11T06:03:46Z,7.86
IV2 5XQ,SHEPD,HV,1,TQ0267,89,2026-07-10T22:12:11Z,2026-07-11T06:03:46Z,7.86
SP10 3AN,SEPD,LV,1,TQ7010,7,2026-07-14T15:44:08Z,2026-07-14T23:34:57Z,7.85
SP10 3EU,SEPD,LV,1,TQ7010,7,2026-07-14T15:44:08Z,2026-07-14T23:34:57Z,7.85
SP10 3LZ,SEPD,LV,1,TQ7010,7,2026-07-14T15:44:08Z,2026-07-14T23:34:57Z,7.85
SP10 3TW,SEPD,LV,1,TQ7010,7,2026-07-14T15:44:08Z,2026-07-14T23:34:57Z,7.85
IV3 5AH,SHEPD,LV,1,TQ5362,27,2026-07-13T22:38:32Z,2026-07-14T06:27:37Z,7.82
IV3 5HG,SHEPD,LV,1,TQ5362,27,2026-07-13T22:38:32Z,2026-07-14T06:27:37Z,7.82
IV3 5HQ,SHEPD,LV,1,TQ5362,27,2026-07-13T22:38:32Z,2026-07-14T06:27:37Z,7.82
BH17 7SB,SEPD,LV,1,TQ5831,63,2026-07-14T10:24:12Z,2026-07-14T18:11:22Z,7.79
BH17 7SY,SEPD,LV,1,TQ5831,63,2026-07-14T10:24:12Z,2026-07-14T18:11:22Z,7.79
BH17 7YU,SEPD,LV,1,TQ5831,63,2026-07-14T10:24:12Z,2026-07-14T18:11:22Z,7.79
BH17 7YX,SEPD,LV,1,TQ5831,63,2026-07-14T10:24:12Z,2026-07-14T18:11:22Z,7.79
BH17 7YY,SEPD,LV,1,TQ5831,63,2026-07-14T10:24:12Z,2026-07-14T18:11:22Z,7.79
BH17 7YZ,SEPD,LV,1,TQ5831,63,2026-07-14T10:24:12Z,2026-07-14T18:11:22Z,7.79
PO11 9SX,SEPD,LV,2,"TQ1394,TQ1866",20,2026-07-12T01:08:41Z,2026-07-12T18:36:49Z,7.78
PO11 9SN,SEPD,LV,1,TQ1866,13,2026-07-12T10:50:00Z,2026-07-12T18:36:49Z,7.78
PO11 9ST,SEPD,LV,1,TQ1866,13,2026-07-12T10:50:00Z,2026-07-12T18:36:49Z,7.78
PO11 9SU,SEPD,LV,1,TQ1866,13,2026-07-12T10:50:00Z,2026-07-12T18:36:49Z,7.78
GU10 5EL,SEPD,HV,1,TQ0381,103,2026-07-11T06:03:46Z,2026-07-11T13:45:42Z,7.7
GU10 5ER,SEPD,HV,1,TQ0381,103,2026-07-11T06:03:46Z,2026-07-11T13:45:42Z,7.7
GU10 5ES,SEPD,HV,1,TQ0381,103,2026-07-11T06:03:46Z,2026-07-11T13:45:42Z,7.7
GU10 5ET,SEPD,HV,1,TQ0381,103,2026-07-11T06:03:46Z,2026-07-11T13:45:42Z,7.7
AB42 5PQ,SHEPD,PSI,2,"251975,252030",53,2026-07-13T11:23:21Z,2026-07-15T14:16:47Z,7.5
PO19 8NY,SEPD,LV,1,TP0945,4,2026-07-13T20:44:43Z,2026-07-14T04:13:30Z,7.48
PO19 8PE,SEPD,LV,1,TP0945,4,2026-07-13T20:44:43Z,2026-07-14T04:13:30Z,7.48
IV30 1AD,SHEPD,LV,1,TQ1109,9,2026-07-11T17:40:35Z,2026-07-12T01:08:41Z,7.47
IV30 1JA,SHEPD,LV,1,TQ1109,9,2026-07-11T17:40:35Z,2026-07-12T01:08:41Z,7.47
IV30 1JB,SHEPD,LV,1,TQ1109,9,2026-07-11T17:40:35Z,2026-07-12T01:08:41Z,7.47
IV30 1JD,SHEPD,LV,1,TQ1109,9,2026-07-11T17:40:35Z,2026-07-12T01:08:41Z,7.47
IV30 1JE,SHEPD,LV,1,TQ1109,9,2026-07-11T17:40:35Z,2026-07-12T01:08:41Z,7.47
IV30 1NE,SHEPD,LV,1,TQ1109,9,2026-07-11T17:40:35Z,2026-07-12T01:08:41Z,7.47
OX3 8AU,SEPD,LV,1,TQ8558,30,2026-07-15T14:16:47Z,2026-07-15T21:43:50Z,7.45
OX3 8AZ,SEPD,LV,1,TQ8558,30,2026-07-15T14:16:47Z,2026-07-15T21:43:50Z,7.45
OX3 8BB,SEPD,LV,1,TQ8558,30,2026-07-15T14:16:47Z,2026-07-15T21:43:50Z,7.45
OX3 8BD,SEPD,LV,1,TQ8558,30,2026-07-15T14:16:47Z,2026-07-15T21:43:50Z,7.45
OX3 8BE,SEPD,LV,1,TQ8558,30,2026-07-15T14:16:47Z,2026-07-15T21:43:50Z,7.45
OX3 8LJ,SEPD,LV,1,TQ8558,30,2026-07-15T14:16:47Z,2026-07-15T21:43:50Z,7.45
OX3 8LS,SEPD,LV,1,TQ8558,30,2026-07-15T14:16:47Z,2026-07-15T21:43:50Z,7.45
OX3 8TP,SEPD,LV,1,TQ8558,30,2026-07-15T14:16:47Z,2026-07-15T21:43:50Z,7.45
AB31 4JX,SHEPD,PSI,1,252166,6,2026-07-10T08:42:42Z,2026-07-10T16:06:03Z,7.39
AB31 4JY,SHEPD,PSI,1,252166,6,2026-07-10T08:42:42Z,2026-07-10T16:06:03Z,7.39
GU10 2NY,SEPD,PSI,1,252087,70,2026-07-10T08:42:42Z,2026-07-10T16:06:03Z,7.39
GU10 2NZ,SEPD,PSI,1,252087,70,2026-07-10T08:42:42Z,2026-07-10T16:06:03Z,7.39
GU26 6HZ,SEPD,PSI,1,252087,70,2026-07-10T08:42:42Z,2026-07-10T16:06:03Z,7.39
GU26 6JA,SEPD,PSI,1,252087,70,2026-07-10T08:42:42Z,2026-07-10T16:06:03Z,7.39
GU26 6JB,SEPD,PSI,1,252087,70,2026-07-10T08:42:42Z,2026-07-10T16:06:03Z,7.39
GU28 0LU,SEPD,"LV,HV",2,"TQ1815,TQ2104",35,2026-07-12T09:21:50Z,2026-07-12T17:37:39Z,7.35
GU29 9LD,SEPD,"PSI,LV",2,"252580,TQ8220",71,2026-07-15T08:56:31Z,2026-07-15T14:16:47Z,7.28
SO32 2FL,SEPD,HV,2,"TQ1547,TQ1876",1887,2026-07-12T09:21:50Z,2026-07-12T16:31:04Z,7.15
SO32 2QG,SEPD,HV,2,"TQ1547,TQ1876",1887,2026-07-12T09:21:50Z,2026-07-12T16:31:04Z,7.15
SO32 2QW,SEPD,HV,2,"TQ1547,TQ1876",1887,2026-07-12T09:21:50Z,2026-07-12T16:31:04Z,7.15
SO32 2QX,SEPD,HV,2,"TQ1547,TQ1876",1887,2026-07-12T09:21:50Z,2026-07-12T16:31:04Z,7.15
SO32 3PT,SEPD,HV,2,"TQ1547,TQ1876",1887,2026-07-12T09:21:50Z,2026-07-12T16:31:04Z,7.15
BH21,SEPD,PSI,1,252839,25,2026-07-14T08:37:53Z,2026-07-14T15:44:08Z,7.1
BH21 3RU,SEPD,PSI,1,252839,25,2026-07-14T08:37:53Z,2026-07-14T15:44:08Z,7.1
BH21 3RX,SEPD,PSI,1,252839,25,2026-07-14T08:37:53Z,2026-07-14T15:44:08Z,7.1
BH21 3SP,SEPD,PSI,1,252839,25,2026-07-14T08:37:53Z,2026-07-14T15:44:08Z,7.1
SL0 9LL,SEPD,PSI,1,253007,26,2026-07-14T08:37:53Z,2026-07-14T15:44:08Z,7.1
UB8 2JH,SEPD,PSI,1,253007,26,2026-07-14T08:37:53Z,2026-07-14T15:44:08Z,7.1
UB8 2JR,SEPD,PSI,1,253007,26,2026-07-14T08:37:53Z,2026-07-14T15:44:08Z,7.1
UB8 2JS,SEPD,PSI,1,253007,26,2026-07-14T08:37:53Z,2026-07-14T15:44:08Z,7.1
GU31 5HB,SEPD,HV,2,"TQ6128,TQ7389",130,2026-07-14T16:56:57Z,2026-07-15T00:59:59Z,7.03
GU31 5JJ,SEPD,HV,2,"TQ6128,TQ7389",130,2026-07-14T16:56:57Z,2026-07-15T00:59:59Z,7.03
GU31 5NS,SEPD,HV,2,"TQ6128,TQ7389",130,2026-07-14T16:56:57Z,2026-07-15T00:59:59Z,7.03
GU31 5NT,SEPD,HV,2,"TQ6128,TQ7389",130,2026-07-14T16:56:57Z,2026-07-15T00:59:59Z,7.03
GU31 5NU,SEPD,HV,2,"TQ6128,TQ7389",130,2026-07-14T16:56:57Z,2026-07-15T00:59:59Z,7.03
GU31 5NX,SEPD,HV,2,"TQ6128,TQ7389",130,2026-07-14T16:56:57Z,2026-07-15T00:59:59Z,7.03
GU31 5NY,SEPD,HV,2,"TQ6128,TQ7389",130,2026-07-14T16:56:57Z,2026-07-15T00:59:59Z,7.03
GU31 5NZ,SEPD,HV,2,"TQ6128,TQ7389",130,2026-07-14T16:56:57Z,2026-07-15T00:59:59Z,7.03
GU31 5PA,SEPD,HV,2,"TQ6128,TQ7389",130,2026-07-14T16:56:57Z,2026-07-15T00:59:59Z,7.03
GU31 5PB,SEPD,HV,2,"TQ6128,TQ7389",130,2026-07-14T16:56:57Z,2026-07-15T00:59:59Z,7.03
GU31 5PD,SEPD,HV,2,"TQ6128,TQ7389",130,2026-07-14T16:56:57Z,2026-07-15T00:59:59Z,7.03
GU31 5PG,SEPD,HV,2,"TQ6128,TQ7389",130,2026-07-14T16:56:57Z,2026-07-15T00:59:59Z,7.03
PH10 7LX,SHEPD,PSI,2,"252559,252606",30,2026-07-10T08:42:42Z,2026-07-13T13:32:50Z,7.03
PH10 7NP,SHEPD,PSI,2,"252559,252606",30,2026-07-10T08:42:42Z,2026-07-13T13:32:50Z,7.03
SL6 5ND,SEPD,PSI,1,253279,11,2026-07-15T08:56:31Z,2026-07-15T15:56:23Z,7.0
SL7 1RZ,SEPD,PSI,1,253279,11,2026-07-15T08:56:31Z,2026-07-15T15:56:23Z,7.0
SL7 1SA,SEPD,PSI,1,253279,11,2026-07-15T08:56:31Z,2026-07-15T15:56:23Z,7.0
SL7 1SB,SEPD,PSI,1,253279,11,2026-07-15T08:56:31Z,2026-07-15T15:56:23Z,7.0
OX2 9QX,SEPD,LV,1,TQ4475,2,2026-07-13T18:05:33Z,2026-07-14T01:03:22Z,6.96
OX2 9QY,SEPD,LV,1,TQ4475,2,2026-07-13T18:05:33Z,2026-07-14T01:03:22Z,6.96
RG41 5EP,SEPD,HV,2,"TQ5705,TQ6759",1552,2026-07-14T08:37:53Z,2026-07-14T22:40:58Z,6.95
RG41 5GU,SEPD,HV,2,"TQ5705,TQ6759",1552,2026-07-14T08:37:53Z,2026-07-14T22:40:58Z,6.95
RG41 5HG,SEPD,HV,2,"TQ5705,TQ6759",1552,2026-07-14T08:37:53Z,2026-07-14T22:40:58Z,6.95
RG5 4AS,SEPD,HV,2,"TQ5705,TQ6759",1552,2026-07-14T08:37:53Z,2026-07-14T22:40:58Z,6.95
RG5 4AT,SEPD,HV,2,"TQ5705,TQ6759",1552,2026-07-14T08:37:53Z,2026-07-14T22:40:58Z,6.95
RG5 4AU,SEPD,HV,2,"TQ5705,TQ6759",1552,2026-07-14T08:37:53Z,2026-07-14T22:40:58Z,6.95
RG5 4AX,SEPD,HV,2,"TQ5705,TQ6759",1552,2026-07-14T08:37:53Z,2026-07-14T22:40:58Z,6.95
RG6 7EL,SEPD,HV,2,"TQ5705,TQ6759",1552,2026-07-14T08:37:53Z,2026-07-14T22:40:58Z,6.95
RG6 7EW,SEPD,HV,2,"TQ5705,TQ6759",1552,2026-07-14T08:37:53Z,2026-07-14T22:40:58Z,6.95
RG6 7HL,SEPD,HV,2,"TQ5705,TQ6759",1552,2026-07-14T08:37:53Z,2026-07-14T22:40:58Z,6.95
RG6 7HN,SEPD,HV,2,"TQ5705,TQ6759",1552,2026-07-14T08:37:53Z,2026-07-14T22:40:58Z,6.95
RG6 7YB,SEPD,HV,2,"TQ5705,TQ6759",1552,2026-07-14T08:37:53Z,2026-07-14T22:40:58Z,6.95
SN5 0AD,SEPD,HV,1,TQ7089,7,2026-07-14T15:44:08Z,2026-07-14T22:40:58Z,6.95
DT1 2HG,SEPD,LV,1,TQ0946,16,2026-07-11T13:45:42Z,2026-07-11T20:37:23Z,6.86
DT1 2RR,SEPD,LV,1,TQ0946,16,2026-07-11T13:45:42Z,2026-07-11T20:37:23Z,6.86
DT1 2TD,SEPD,LV,1,TQ0946,16,2026-07-11T13:45:42Z,2026-07-11T20:37:23Z,6.86
RG17 0RR,SEPD,"PSI,LV",3,"252977,252978,TQ5667",43,2026-07-13T07:58:35Z,2026-07-15T12:20:28Z,6.81
RG17 0RS,SEPD,"PSI,LV",3,"252977,252978,TQ5667",43,2026-07-13T07:58:35Z,2026-07-15T12:20:28Z,6.81
RG17 0RA,SEPD,PSI,2,"252977,252978",40,2026-07-13T07:58:35Z,2026-07-15T12:20:28Z,6.81
RG17 0RY,SEPD,PSI,2,"252977,252978",40,2026-07-13T07:58:35Z,2026-07-15T12:20:28Z,6.81
SO22 6JT,SEPD,LV,1,TQ2069,6,2026-07-12T11:48:38Z,2026-07-12T18:36:49Z,6.8
SO22 6JU,SEPD,LV,1,TQ2069,6,2026-07-12T11:48:38Z,2026-07-12T18:36:49Z,6.8
BH24 1HU,SEPD,LV,1,TQ1932,32,2026-07-12T10:50:00Z,2026-07-12T17:37:39Z,6.79
BH24 1JH,SEPD,LV,1,TQ1932,32,2026-07-12T10:50:00Z,2026-07-12T17:37:39Z,6.79
BH24 1JQ,SEPD,LV,1,TQ1932,32,2026-07-12T10:50:00Z,2026-07-12T17:37:39Z,6.79
BH24 1XD,SEPD,LV,1,TQ1932,32,2026-07-12T10:50:00Z,2026-07-12T17:37:39Z,6.79
BH24 1YB,SEPD,LV,1,TQ1932,32,2026-07-12T10:50:00Z,2026-07-12T17:37:39Z,6.79
BH24 3EU,SEPD,LV,1,TQ1932,32,2026-07-12T10:50:00Z,2026-07-12T17:37:39Z,6.79
SO41 5RQ,SEPD,LV,2,"TQ6618,TQ7283",22,2026-07-14T14:04:33Z,2026-07-14T23:34:57Z,6.73
SO41 5RS,SEPD,LV,2,"TQ6618,TQ7283",22,2026-07-14T14:04:33Z,2026-07-14T23:34:57Z,6.73
SO41 5RT,SEPD,LV,2,"TQ6618,TQ7283",22,2026-07-14T14:04:33Z,2026-07-14T23:34:57Z,6.73
SO41 5RU,SEPD,LV,2,"TQ6618,TQ7283",22,2026-07-14T14:04:33Z,2026-07-14T23:34:57Z,6.73
SO41 5RW,SEPD,LV,2,"TQ6618,TQ7283",22,2026-07-14T14:04:33Z,2026-07-14T23:34:57Z,6.73
RH12 3BU,SEPD,HV,1,TQ3663,16,2026-07-13T11:23:21Z,2026-07-13T18:05:33Z,6.7
RH12 3BX,SEPD,HV,1,TQ3663,16,2026-07-13T11:23:21Z,2026-07-13T18:05:33Z,6.7
RH13 0RA,SEPD,HV,1,TQ3663,16,2026-07-13T11:23:21Z,2026-07-13T18:05:33Z,6.7
SO41 8HL,SEPD,LV,1,TQ3585,17,2026-07-13T11:23:21Z,2026-07-13T18:05:33Z,6.7
SO41 8HN,SEPD,LV,1,TQ3585,17,2026-07-13T11:23:21Z,2026-07-13T18:05:33Z,6.7
SO41 8JB,SEPD,LV,1,TQ3585,17,2026-07-13T11:23:21Z,2026-07-13T18:05:33Z,6.7
OX14 2HD,SEPD,LV,1,TP6875,40,2026-07-09T12:23:59Z,2026-07-09T18:54:38Z,6.51
OX14 2HG,SEPD,LV,1,TP6875,40,2026-07-09T12:23:59Z,2026-07-09T18:54:38Z,6.51
OX14 3PN,SEPD,LV,1,TP6875,40,2026-07-09T12:23:59Z,2026-07-09T18:54:38Z,6.51
OX14 3PP,SEPD,LV,1,TP6875,40,2026-07-09T12:23:59Z,2026-07-09T18:54:38Z,6.51
OX14 3PR,SEPD,LV,1,TP6875,40,2026-07-09T12:23:59Z,2026-07-09T18:54:38Z,6.51
OX14 3RR,SEPD,LV,1,TP6875,40,2026-07-09T12:23:59Z,2026-07-09T18:54:38Z,6.51
OX14 3XB,SEPD,LV,1,TP6875,40,2026-07-09T12:23:59Z,2026-07-09T18:54:38Z,6.51
OX14 3XD,SEPD,LV,1,TP6875,40,2026-07-09T12:23:59Z,2026-07-09T18:54:38Z,6.51
W5 5ES,SEPD,LV,2,"TQ7688,TQ7730",83,2026-07-15T06:29:11Z,2026-07-15T10:57:49Z,6.5
W5 5RA,SEPD,LV,2,"TQ7688,TQ7730",83,2026-07-15T06:29:11Z,2026-07-15T10:57:49Z,6.5
OX7 7ER,SEPD,PSI,2,"251930,251933",63,2026-07-09T08:52:42Z,2026-07-10T11:35:22Z,6.4
SN3 6AH,SEPD,LV,1,TP7728,8,2026-07-09T18:54:38Z,2026-07-10T01:15:56Z,6.35
SN3 6AJ,SEPD,LV,1,TP7728,8,2026-07-09T18:54:38Z,2026-07-10T01:15:56Z,6.35
RG25 2AD,SEPD,HV,2,"TQ1915,TQ1918",694,2026-07-12T09:21:50Z,2026-07-12T15:29:48Z,6.13
RG25 2AG,SEPD,HV,2,"TQ1915,TQ1918",694,2026-07-12T09:21:50Z,2026-07-12T15:29:48Z,6.13
RG25 2AH,SEPD,HV,2,"TQ1915,TQ1918",694,2026-07-12T09:21:50Z,2026-07-12T15:29:48Z,6.13
RG25 2AJ,SEPD,HV,2,"TQ1915,TQ1918",694,2026-07-12T09:21:50Z,2026-07-12T15:29:48Z,6.13
RG25 2AL,SEPD,HV,2,"TQ1915,TQ1918",694,2026-07-12T09:21:50Z,2026-07-12T15:29:48Z,6.13
RG25 2AN,SEPD,HV,2,"TQ1915,TQ1918",694,2026-07-12T09:21:50Z,2026-07-12T15:29:48Z,6.13
RG25 2AQ,SEPD,HV,2,"TQ1915,TQ1918",694,2026-07-12T09:21:50Z,2026-07-12T15:29:48Z,6.13
RG25 2AS,SEPD,HV,2,"TQ1915,TQ1918",694,2026-07-12T09:21:50Z,2026-07-12T15:29:48Z,6.13
RG25 2AT,SEPD,HV,2,"TQ1915,TQ1918",694,2026-07-12T09:21:50Z,2026-07-12T15:29:48Z,6.13
RG25 2AU,SEPD,HV,2,"TQ1915,TQ1918",694,2026-07-12T09:21:50Z,2026-07-12T15:29:48Z,6.13
RG25 2AW,SEPD,HV,2,"TQ1915,TQ1918",694,2026-07-12T09:21:50Z,2026-07-12T15:29:48Z,6.13
RG25 2AX,SEPD,HV,2,"TQ1915,TQ1918",694,2026-07-12T09:21:50Z,2026-07-12T15:29:48Z,6.13
RG25 2AY,SEPD,HV,2,"TQ1915,TQ1918",694,2026-07-12T09:21:50Z,2026-07-12T15:29:48Z,6.13
RG25 2AZ,SEPD,HV,2,"TQ1915,TQ1918",694,2026-07-12T09:21:50Z,2026-07-12T15:29:48Z,6.13
RG25 2DX,SEPD,HV,2,"TQ1915,TQ1918",694,2026-07-12T09:21:50Z,2026-07-12T15:29:48Z,6.13
RG25 2DY,SEPD,HV,2,"TQ1915,TQ1918",694,2026-07-12T09:21:50Z,2026-07-12T15:29:48Z,6.13
RG25 2DZ,SEPD,HV,2,"TQ1915,TQ1918",694,2026-07-12T09:21:50Z,2026-07-12T15:29:48Z,6.13
RG25 2EA,SEPD,HV,2,"TQ1915,TQ1918",694,2026-07-12T09:21:50Z,2026-07-12T15:29:48Z,6.13
RG25 2EB,SEPD,HV,2,"TQ1915,TQ1918",694,2026-07-12T09:21:50Z,2026-07-12T15:29:48Z,6.13
RG25 2ED,SEPD,HV,2,"TQ1915,TQ1918",694,2026-07-12T09:21:50Z,2026-07-12T15:29:48Z,6.13
RG25 2EU,SEPD,HV,2,"TQ1915,TQ1918",694,2026-07-12T09:21:50Z,2026-07-12T15:29:48Z,6.13
RG25 2HJ,SEPD,HV,2,"TQ1915,TQ1918",694,2026-07-12T09:21:50Z,2026-07-12T15:29:48Z,6.13
RG25 2HL,SEPD,HV,2,"TQ1915,TQ1918",694,2026-07-12T09:21:50Z,2026-07-12T15:29:48Z,6.13
RG25 2HN,SEPD,HV,2,"TQ1915,TQ1918",694,2026-07-12T09:21:50Z,2026-07-12T15:29:48Z,6.13
RG25 2HT,SEPD,HV,2,"TQ1915,TQ1918",694,2026-07-12T09:21:50Z,2026-07-12T15:29:48Z,6.13
SO31 5JB,SEPD,HV,2,"TQ1915,TQ1918",694,2026-07-12T09:21:50Z,2026-07-12T15:29:48Z,6.13
OX5 3BX,SEPD,"LV,HV",2,"TQ2218,TQ2398",1356,2026-07-12T14:17:10Z,2026-07-12T22:26:26Z,5.92
OX5 3DF,SEPD,"LV,HV",2,"TQ2218,TQ2398",1356,2026-07-12T14:17:10Z,2026-07-12T22:26:26Z,5.92
OX5 3DG,SEPD,"LV,HV",2,"TQ2218,TQ2398",1356,2026-07-12T14:17:10Z,2026-07-12T22:26:26Z,5.92
OX20 1AA,SEPD,HV,1,TQ2398,1340,2026-07-12T16:31:04Z,2026-07-12T22:26:26Z,5.92
OX20 1AB,SEPD,HV,1,TQ2398,1340,2026-07-12T16:31:04Z,2026-07-12T22:26:26Z,5.92
OX20 1EP,SEPD,HV,1,TQ2398,1340,2026-07-12T16:31:04Z,2026-07-12T22:26:26Z,5.92
OX20 1ER,SEPD,HV,1,TQ2398,1340,2026-07-12T16:31:04Z,2026-07-12T22:26:26Z,5.92
OX20 1FY,SEPD,HV,1,TQ2398,1340,2026-07-12T16:31:04Z,2026-07-12T22:26:26Z,5.92
OX20 1HU,SEPD,HV,1,TQ2398,1340,2026-07-12T16:31:04Z,2026-07-12T22:26:26Z,5.92
OX20 1PZ,SEPD,HV,1,TQ2398,1340,2026-07-12T16:31:04Z,2026-07-12T22:26:26Z,5.92
OX20 1TL,SEPD,HV,1,TQ2398,1340,2026-07-12T16:31:04Z,2026-07-12T22:26:26Z,5.92
OX20 1XJ,SEPD,HV,1,TQ2398,1340,2026-07-12T16:31:04Z,2026-07-12T22:26:26Z,5.92
OX20 1XL,SEPD,HV,1,TQ2398,1340,2026-07-12T16:31:04Z,2026-07-12T22:26:26Z,5.92
OX20 1XN,SEPD,HV,1,TQ2398,1340,2026-07-12T16:31:04Z,2026-07-12T22:26:26Z,5.92
OX20 1XP,SEPD,HV,1,TQ2398,1340,2026-07-12T16:31:04Z,2026-07-12T22:26:26Z,5.92
OX20 1XQ,SEPD,HV,1,TQ2398,1340,2026-07-12T16:31:04Z,2026-07-12T22:26:26Z,5.92
OX20 1XR,SEPD,HV,1,TQ2398,1340,2026-07-12T16:31:04Z,2026-07-12T22:26:26Z,5.92
OX20 1XS,SEPD,HV,1,TQ2398,1340,2026-07-12T16:31:04Z,2026-07-12T22:26:26Z,5.92
OX20 1XW,SEPD,HV,1,TQ2398,1340,2026-07-12T16:31:04Z,2026-07-12T22:26:26Z,5.92
OX20 1YA,SEPD,HV,1,TQ2398,1340,2026-07-12T16:31:04Z,2026-07-12T22:26:26Z,5.92
OX20 1YB,SEPD,HV,1,TQ2398,1340,2026-07-12T16:31:04Z,2026-07-12T22:26:26Z,5.92
OX20 1YD,SEPD,HV,1,TQ2398,1340,2026-07-12T16:31:04Z,2026-07-12T22:26:26Z,5.92
OX20 1YE,SEPD,HV,1,TQ2398,1340,2026-07-12T16:31:04Z,2026-07-12T22:26:26Z,5.92
OX20 1YF,SEPD,HV,1,TQ2398,1340,2026-07-12T16:31:04Z,2026-07-12T22:26:26Z,5.92
OX20 1YG,SEPD,HV,1,TQ2398,1340,2026-07-12T16:31:04Z,2026-07-12T22:26:26Z,5.92
OX20 1YH,SEPD,HV,1,TQ2398,1340,2026-07-12T16:31:04Z,2026-07-12T22:26:26Z,5.92
OX20 1YJ,SEPD,HV,1,TQ2398,1340,2026-07-12T16:31:04Z,2026-07-12T22:26:26Z,5.92
OX20 1YL,SEPD,HV,1,TQ2398,1340,2026-07-12T16:31:04Z,2026-07-12T22:26:26Z,5.92
OX20 1YQ,SEPD,HV,1,TQ2398,1340,2026-07-12T16:31:04Z,2026-07-12T22:26:26Z,5.92
OX4 3HG,SEPD,HV,1,TQ2398,1340,2026-07-12T16:31:04Z,2026-07-12T22:26:26Z,5.92
OX5 3AA,SEPD,HV,1,TQ2398,1340,2026-07-12T16:31:04Z,2026-07-12T22:26:26Z,5.92
OX5 3AB,SEPD,HV,1,TQ2398,1340,2026-07-12T16:31:04Z,2026-07-12T22:26:26Z,5.92
OX5 3AE,SEPD,HV,1,TQ2398,1340,2026-07-12T16:31:04Z,2026-07-12T22:26:26Z,5.92
OX5 3AF,SEPD,HV,1,TQ2398,1340,2026-07-12T16:31:04Z,2026-07-12T22:26:26Z,5.92
OX5 3AG,SEPD,HV,1,TQ2398,1340,2026-07-12T16:31:04Z,2026-07-12T22:26:26Z,5.92
OX5 3AH,SEPD,HV,1,TQ2398,1340,2026-07-12T16:31:04Z,2026-07-12T22:26:26Z,5.92
OX5 3AJ,SEPD,HV,1,TQ2398,1340,2026-07-12T16:31:04Z,2026-07-12T22:26:26Z,5.92
OX5 3AL,SEPD,HV,1,TQ2398,1340,2026-07-12T16:31:04Z,2026-07-12T22:26:26Z,5.92
OX5 3AP,SEPD,HV,1,TQ2398,1340,2026-07-12T16:31:04Z,2026-07-12T22:26:26Z,5.92
OX5 3AQ,SEPD,HV,1,TQ2398,1340,2026-07-12T16:31:04Z,2026-07-12T22:26:26Z,5.92
OX5 3AR,SEPD,HV,1,TQ2398,1340,2026-07-12T16:31:04Z,2026-07-12T22:26:26Z,5.92
OX5 3AS,SEPD,HV,1,TQ2398,1340,2026-07-12T16:31:04Z,2026-07-12T22:26:26Z,5.92
OX5 3AT,SEPD,HV,1,TQ2398,1340,2026-07-12T16:31:04Z,2026-07-12T22:26:26Z,5.92
OX5 3AU,SEPD,HV,1,TQ2398,1340,2026-07-12T16:31:04Z,2026-07-12T22:26:26Z,5.92
OX5 3AW,SEPD,HV,1,TQ2398,1340,2026-07-12T16:31:04Z,2026-07-12T22:26:26Z,5.92
OX5 3BB,SEPD,HV,1,TQ2398,1340,2026-07-12T16:31:04Z,2026-07-12T22:26:26Z,5.92
OX5 3BD,SEPD,HV,1,TQ2398,1340,2026-07-12T16:31:04Z,2026-07-12T22:26:26Z,5.92
OX5 3BE,SEPD,HV,1,TQ2398,1340,2026-07-12T16:31:04Z,2026-07-12T22:26:26Z,5.92
OX5 3BG,SEPD,HV,1,TQ2398,1340,2026-07-12T16:31:04Z,2026-07-12T22:26:26Z,5.92
OX5 3BH,SEPD,HV,1,TQ2398,1340,2026-07-12T16:31:04Z,2026-07-12T22:26:26Z,5.92
OX5 3BJ,SEPD,HV,1,TQ2398,1340,2026-07-12T16:31:04Z,2026-07-12T22:26:26Z,5.92
OX5 3BL,SEPD,HV,1,TQ2398,1340,2026-07-12T16:31:04Z,2026-07-12T22:26:26Z,5.92
OX5 3BN,SEPD,HV,1,TQ2398,1340,2026-07-12T16:31:04Z,2026-07-12T22:26:26Z,5.92
OX5 3BW,SEPD,HV,1,TQ2398,1340,2026-07-12T16:31:04Z,2026-07-12T22:26:26Z,5.92
OX5 3DA,SEPD,HV,1,TQ2398,1340,2026-07-12T16:31:04Z,2026-07-12T22:26:26Z,5.92
OX5 3DB,SEPD,HV,1,TQ2398,1340,2026-07-12T16:31:04Z,2026-07-12T22:26:26Z,5.92
OX5 3DD,SEPD,HV,1,TQ2398,1340,2026-07-12T16:31:04Z,2026-07-12T22:26:26Z,5.92
OX5 3DE,SEPD,HV,1,TQ2398,1340,2026-07-12T16:31:04Z,2026-07-12T22:26:26Z,5.92
OX5 3DH,SEPD,HV,1,TQ2398,1340,2026-07-12T16:31:04Z,2026-07-12T22:26:26Z,5.92
OX5 3DJ,SEPD,HV,1,TQ2398,1340,2026-07-12T16:31:04Z,2026-07-12T22:26:26Z,5.92
OX5 3DL,SEPD,HV,1,TQ2398,1340,2026-07-12T16:31:04Z,2026-07-12T22:26:26Z,5.92
OX5 3DN,SEPD,HV,1,TQ2398,1340,2026-07-12T16:31:04Z,2026-07-12T22:26:26Z,5.92
OX5 3DW,SEPD,HV,1,TQ2398,1340,2026-07-12T16:31:04Z,2026-07-12T22:26:26Z,5.92
OX5 3EN,SEPD,HV,1,TQ2398,1340,2026-07-12T16:31:04Z,2026-07-12T22:26:26Z,5.92
OX5 3EP,SEPD,HV,1,TQ2398,1340,2026-07-12T16:31:04Z,2026-07-12T22:26:26Z,5.92
OX5 3ER,SEPD,HV,1,TQ2398,1340,2026-07-12T16:31:04Z,2026-07-12T22:26:26Z,5.92
OX5 3ES,SEPD,HV,1,TQ2398,1340,2026-07-12T16:31:04Z,2026-07-12T22:26:26Z,5.92
OX5 3EU,SEPD,HV,1,TQ2398,1340,2026-07-12T16:31:04Z,2026-07-12T22:26:26Z,5.92
OX5 3EX,SEPD,HV,1,TQ2398,1340,2026-07-12T16:31:04Z,2026-07-12T22:26:26Z,5.92
OX5 3EZ,SEPD,HV,1,TQ2398,1340,2026-07-12T16:31:04Z,2026-07-12T22:26:26Z,5.92
OX5 3FS,SEPD,HV,1,TQ2398,1340,2026-07-12T16:31:04Z,2026-07-12T22:26:26Z,5.92
OX5 3HA,SEPD,HV,1,TQ2398,1340,2026-07-12T16:31:04Z,2026-07-12T22:26:26Z,5.92
OX5 3HB,SEPD,HV,1,TQ2398,1340,2026-07-12T16:31:04Z,2026-07-12T22:26:26Z,5.92
OX5 3HD,SEPD,HV,1,TQ2398,1340,2026-07-12T16:31:04Z,2026-07-12T22:26:26Z,5.92
OX5 3HE,SEPD,HV,1,TQ2398,1340,2026-07-12T16:31:04Z,2026-07-12T22:26:26Z,5.92
OX5 3HF,SEPD,HV,1,TQ2398,1340,2026-07-12T16:31:04Z,2026-07-12T22:26:26Z,5.92
OX5 3HG,SEPD,HV,1,TQ2398,1340,2026-07-12T16:31:04Z,2026-07-12T22:26:26Z,5.92
OX5 3HH,SEPD,HV,1,TQ2398,1340,2026-07-12T16:31:04Z,2026-07-12T22:26:26Z,5.92
OX5 3HJ,SEPD,HV,1,TQ2398,1340,2026-07-12T16:31:04Z,2026-07-12T22:26:26Z,5.92
OX5 3HL,SEPD,HV,1,TQ2398,1340,2026-07-12T16:31:04Z,2026-07-12T22:26:26Z,5.92
OX5 3HN,SEPD,HV,1,TQ2398,1340,2026-07-12T16:31:04Z,2026-07-12T22:26:26Z,5.92
OX5 3HP,SEPD,HV,1,TQ2398,1340,2026-07-12T16:31:04Z,2026-07-12T22:26:26Z,5.92
OX5 3HQ,SEPD,HV,1,TQ2398,1340,2026-07-12T16:31:04Z,2026-07-12T22:26:26Z,5.92
OX5 3HR,SEPD,HV,1,TQ2398,1340,2026-07-12T16:31:04Z,2026-07-12T22:26:26Z,5.92
OX5 3HS,SEPD,HV,1,TQ2398,1340,2026-07-12T16:31:04Z,2026-07-12T22:26:26Z,5.92
OX5 3HT,SEPD,HV,1,TQ2398,1340,2026-07-12T16:31:04Z,2026-07-12T22:26:26Z,5.92
OX5 3HU,SEPD,HV,1,TQ2398,1340,2026-07-12T16:31:04Z,2026-07-12T22:26:26Z,5.92
OX5 3HW,SEPD,HV,1,TQ2398,1340,2026-07-12T16:31:04Z,2026-07-12T22:26:26Z,5.92
OX5 3HX,SEPD,HV,1,TQ2398,1340,2026-07-12T16:31:04Z,2026-07-12T22:26:26Z,5.92
OX5 3JF,SEPD,HV,1,TQ2398,1340,2026-07-12T16:31:04Z,2026-07-12T22:26:26Z,5.92
OX5 3JG,SEPD,HV,1,TQ2398,1340,2026-07-12T16:31:04Z,2026-07-12T22:26:26Z,5.92
OX5 3JH,SEPD,HV,1,TQ2398,1340,2026-07-12T16:31:04Z,2026-07-12T22:26:26Z,5.92
OX5 3JJ,SEPD,HV,1,TQ2398,1340,2026-07-12T16:31:04Z,2026-07-12T22:26:26Z,5.92
OX5 3JL,SEPD,HV,1,TQ2398,1340,2026-07-12T16:31:04Z,2026-07-12T22:26:26Z,5.92
OX5 3JN,SEPD,HV,1,TQ2398,1340,2026-07-12T16:31:04Z,2026-07-12T22:26:26Z,5.92
OX5 3JQ,SEPD,HV,1,TQ2398,1340,2026-07-12T16:31:04Z,2026-07-12T22:26:26Z,5.92
OX5 3JR,SEPD,HV,1,TQ2398,1340,2026-07-12T16:31:04Z,2026-07-12T22:26:26Z,5.92
OX5 3JS,SEPD,HV,1,TQ2398,1340,2026-07-12T16:31:04Z,2026-07-12T22:26:26Z,5.92
OX5 3JT,SEPD,HV,1,TQ2398,1340,2026-07-12T16:31:04Z,2026-07-12T22:26:26Z,5.92
OX5 3JU,SEPD,HV,1,TQ2398,1340,2026-07-12T16:31:04Z,2026-07-12T22:26:26Z,5.92
OX5 3JW,SEPD,HV,1,TQ2398,1340,2026-07-12T16:31:04Z,2026-07-12T22:26:26Z,5.92
OX5 3JX,SEPD,HV,1,TQ2398,1340,2026-07-12T16:31:04Z,2026-07-12T22:26:26Z,5.92
OX5 3JY,SEPD,HV,1,TQ2398,1340,2026-07-12T16:31:04Z,2026-07-12T22:26:26Z,5.92
OX5 3JZ,SEPD,HV,1,TQ2398,1340,2026-07-12T16:31:04Z,2026-07-12T22:26:26Z,5.92
OX5 3NA,SEPD,HV,1,TQ2398,1340,2026-07-12T16:31:04Z,2026-07-12T22:26:26Z,5.92
OX5 3NH,SEPD,HV,1,TQ2398,1340,2026-07-12T16:31:04Z,2026-07-12T22:26:26Z,5.92
OX5 3UB,SEPD,HV,1,TQ2398,1340,2026-07-12T16:31:04Z,2026-07-12T22:26:26Z,5.92
ZE2 9PB,SHEPD,HV,1,TQ1040,25,2026-07-11T15:38:15Z,2026-07-11T21:32:15Z,5.9
ZE2 9PG,SHEPD,HV,1,TQ1040,25,2026-07-11T15:38:15Z,2026-07-11T21:32:15Z,5.9
GU14 9JR,SEPD,LV,1,TQ2106,26,2026-07-12T12:43:23Z,2026-07-12T18:36:49Z,5.89
GU14 9JU,SEPD,LV,1,TQ2106,26,2026-07-12T12:43:23Z,2026-07-12T18:36:49Z,5.89
GU14 9JZ,SEPD,LV,1,TQ2106,26,2026-07-12T12:43:23Z,2026-07-12T18:36:49Z,5.89
GU14 9YE,SEPD,LV,1,TQ2106,26,2026-07-12T12:43:23Z,2026-07-12T18:36:49Z,5.89
GU8 5AD,SEPD,LV,1,TQ2042,6,2026-07-12T11:48:38Z,2026-07-12T17:37:39Z,5.82
GU8 5HJ,SEPD,LV,1,TQ2042,6,2026-07-12T11:48:38Z,2026-07-12T17:37:39Z,5.82
GU8 5HP,SEPD,LV,1,TQ2042,6,2026-07-12T11:48:38Z,2026-07-12T17:37:39Z,5.82
GU8 5HR,SEPD,LV,1,TQ2042,6,2026-07-12T11:48:38Z,2026-07-12T17:37:39Z,5.82
GU8 5HX,SEPD,LV,1,TQ2042,6,2026-07-12T11:48:38Z,2026-07-12T17:37:39Z,5.82
OX26 2LX,SEPD,"PSI,LV",2,"253123,TQ6093",16,2026-07-14T10:24:12Z,2026-07-14T14:04:33Z,5.78
GU31 5PJ,SEPD,HV,1,TQ0824,128,2026-07-11T11:59:39Z,2026-07-11T17:40:35Z,5.68
GU31 5PL,SEPD,HV,1,TQ0824,128,2026-07-11T11:59:39Z,2026-07-11T17:40:35Z,5.68
GU31 5QR,SEPD,HV,1,TQ0824,128,2026-07-11T11:59:39Z,2026-07-11T17:40:35Z,5.68
GU31 5QS,SEPD,HV,1,TQ0824,128,2026-07-11T11:59:39Z,2026-07-11T17:40:35Z,5.68
PO18 9NR,SEPD,HV,1,TQ0824,128,2026-07-11T11:59:39Z,2026-07-11T17:40:35Z,5.68
PO18 9NS,SEPD,HV,1,TQ0824,128,2026-07-11T11:59:39Z,2026-07-11T17:40:35Z,5.68
PO18 9NT,SEPD,HV,1,TQ0824,128,2026-07-11T11:59:39Z,2026-07-11T17:40:35Z,5.68
PO18 9NW,SEPD,HV,1,TQ0824,128,2026-07-11T11:59:39Z,2026-07-11T17:40:35Z,5.68
BH16 5LS,SEPD,PSI,1,252904,73,2026-07-13T07:58:35Z,2026-07-13T13:32:50Z,5.57
BH16 6AE,SEPD,PSI,1,252904,73,2026-07-13T07:58:35Z,2026-07-13T13:32:50Z,5.57
BH16 6AH,SEPD,PSI,1,252904,73,2026-07-13T07:58:35Z,2026-07-13T13:32:50Z,5.57
BH16 6AX,SEPD,PSI,1,252904,73,2026-07-13T07:58:35Z,2026-07-13T13:32:50Z,5.57
PO21 3QH,SEPD,LV,1,TQ3194,13,2026-07-13T07:58:35Z,2026-07-13T13:32:50Z,5.57
PO21 3RN,SEPD,LV,1,TQ3194,13,2026-07-13T07:58:35Z,2026-07-13T13:32:50Z,5.57
PO21 3SN,SEPD,LV,1,TQ3194,13,2026-07-13T07:58:35Z,2026-07-13T13:32:50Z,5.57
PO21 3SW,SEPD,LV,1,TQ3194,13,2026-07-13T07:58:35Z,2026-07-13T13:32:50Z,5.57
PO21 3TA,SEPD,LV,1,TQ3194,13,2026-07-13T07:58:35Z,2026-07-13T13:32:50Z,5.57
PO21 3TB,SEPD,LV,1,TQ3194,13,2026-07-13T07:58:35Z,2026-07-13T13:32:50Z,5.57
SL6 0BG,SEPD,PSI,1,252576,43,2026-07-13T07:58:35Z,2026-07-13T13:32:50Z,5.57
SL6 0EB,SEPD,PSI,1,252576,43,2026-07-13T07:58:35Z,2026-07-13T13:32:50Z,5.57
KA27 8EY,SHEPD,HV,1,TQ0601,47,2026-07-11T08:13:51Z,2026-07-11T13:45:42Z,5.53
KA27 8PD,SHEPD,HV,1,TQ0601,47,2026-07-11T08:13:51Z,2026-07-11T13:45:42Z,5.53
SP11 6GG,SEPD,HV,1,TQ4463,67,2026-07-13T16:08:10Z,2026-07-13T21:40:02Z,5.53
SP11 6LE,SEPD,HV,1,TQ4463,67,2026-07-13T16:08:10Z,2026-07-13T21:40:02Z,5.53
SP11 6LF,SEPD,HV,1,TQ4463,67,2026-07-13T16:08:10Z,2026-07-13T21:40:02Z,5.53
SP11 6LG,SEPD,HV,1,TQ4463,67,2026-07-13T16:08:10Z,2026-07-13T21:40:02Z,5.53
SP11 6XA,SEPD,HV,1,TQ4463,67,2026-07-13T16:08:10Z,2026-07-13T21:40:02Z,5.53
SP11 7AE,SEPD,HV,1,TQ4463,67,2026-07-13T16:08:10Z,2026-07-13T21:40:02Z,5.53
SP11 7AF,SEPD,HV,1,TQ4463,67,2026-07-13T16:08:10Z,2026-07-13T21:40:02Z,5.53
SP11 7HS,SEPD,HV,1,TQ4463,67,2026-07-13T16:08:10Z,2026-07-13T21:40:02Z,5.53
SP11 9EU,SEPD,HV,1,TQ4463,67,2026-07-13T16:08:10Z,2026-07-13T21:40:02Z,5.53
AB30 1BJ,SHEPD,PSI,1,250825,16,2026-07-14T08:37:53Z,2026-07-14T14:04:33Z,5.44
AB30 1DT,SHEPD,PSI,1,250825,16,2026-07-14T08:37:53Z,2026-07-14T14:04:33Z,5.44
AB30 1TD,SHEPD,PSI,1,250825,16,2026-07-14T08:37:53Z,2026-07-14T14:04:33Z,5.44
AB30 1WQ,SHEPD,PSI,1,250825,16,2026-07-14T08:37:53Z,2026-07-14T14:04:33Z,5.44
AB30 1XQ,SHEPD,PSI,1,250825,16,2026-07-14T08:37:53Z,2026-07-14T14:04:33Z,5.44
AB30 1YA,SHEPD,PSI,1,250825,16,2026-07-14T08:37:53Z,2026-07-14T14:04:33Z,5.44
AB38 9RA,SHEPD,PSI,1,252614,13,2026-07-14T08:37:53Z,2026-07-14T14:04:33Z,5.44
AB38 9RP,SHEPD,PSI,1,252614,13,2026-07-14T08:37:53Z,2026-07-14T14:04:33Z,5.44
AB42,SHEPD,PSI,1,251986,47,2026-07-14T08:37:53Z,2026-07-14T14:04:33Z,5.44
AB42 5DE,SHEPD,PSI,1,251986,47,2026-07-14T08:37:53Z,2026-07-14T14:04:33Z,5.44
AB42 5DG,SHEPD,PSI,1,251986,47,2026-07-14T08:37:53Z,2026-07-14T14:04:33Z,5.44
AB42 5DH,SHEPD,PSI,1,251986,47,2026-07-14T08:37:53Z,2026-07-14T14:04:33Z,5.44
AB42 5DS,SHEPD,PSI,1,251986,47,2026-07-14T08:37:53Z,2026-07-14T14:04:33Z,5.44
AB42 5DT,SHEPD,PSI,1,251986,47,2026-07-14T08:37:53Z,2026-07-14T14:04:33Z,5.44
AB42 5DU,SHEPD,PSI,1,251986,47,2026-07-14T08:37:53Z,2026-07-14T14:04:33Z,5.44
AB42 5JZ,SHEPD,PSI,1,251986,47,2026-07-14T08:37:53Z,2026-07-14T14:04:33Z,5.44
AB42 5PP,SHEPD,PSI,1,251986,47,2026-07-14T08:37:53Z,2026-07-14T14:04:33Z,5.44
BA11 5EE,SEPD,PSI,1,251964,63,2026-07-14T08:37:53Z,2026-07-14T14:04:33Z,5.44
BA11 5EF,SEPD,PSI,1,251964,63,2026-07-14T08:37:53Z,2026-07-14T14:04:33Z,5.44
BA11 5EH,SEPD,PSI,1,251964,63,2026-07-14T08:37:53Z,2026-07-14T14:04:33Z,5.44
BA11 5EJ,SEPD,PSI,1,251964,63,2026-07-14T08:37:53Z,2026-07-14T14:04:33Z,5.44
BA11 5EL,SEPD,PSI,1,251964,63,2026-07-14T08:37:53Z,2026-07-14T14:04:33Z,5.44
BA11 5NA,SEPD,PSI,1,251964,63,2026-07-14T08:37:53Z,2026-07-14T14:04:33Z,5.44
BA11 5NB,SEPD,PSI,1,251964,63,2026-07-14T08:37:53Z,2026-07-14T14:04:33Z,5.44
BA11 5ND,SEPD,PSI,1,251964,63,2026-07-14T08:37:53Z,2026-07-14T14:04:33Z,5.44
GU27 3QY,SEPD,PSI,1,252454,13,2026-07-14T08:37:53Z,2026-07-14T14:04:33Z,5.44
GU27 3QZ,SEPD,PSI,1,252454,13,2026-07-14T08:37:53Z,2026-07-14T14:04:33Z,5.44
GU28 9EG,SEPD,PSI,1,251623,31,2026-07-14T08:37:53Z,2026-07-14T14:04:33Z,5.44
GU28 9EQ,SEPD,PSI,1,251623,31,2026-07-14T08:37:53Z,2026-07-14T14:04:33Z,5.44
GU28 9LH,SEPD,PSI,1,251623,31,2026-07-14T08:37:53Z,2026-07-14T14:04:33Z,5.44
GU28 9LJ,SEPD,PSI,1,251623,31,2026-07-14T08:37:53Z,2026-07-14T14:04:33Z,5.44
GU28 9NE,SEPD,PSI,1,251623,31,2026-07-14T08:37:53Z,2026-07-14T14:04:33Z,5.44
OX13 6BX,SEPD,PSI,1,250079,15,2026-07-14T08:37:53Z,2026-07-14T14:04:33Z,5.44
PH3 1JU,SHEPD,PSI,1,252346,8,2026-07-14T08:37:53Z,2026-07-14T14:04:33Z,5.44
PH3 1JX,SHEPD,PSI,1,252346,8,2026-07-14T08:37:53Z,2026-07-14T14:04:33Z,5.44
PH3 1JY,SHEPD,PSI,1,252346,8,2026-07-14T08:37:53Z,2026-07-14T14:04:33Z,5.44
RG19 8LJ,SEPD,PSI,1,252393,12,2026-07-14T08:37:53Z,2026-07-14T14:04:33Z,5.44
RG19 8LL,SEPD,PSI,1,252393,12,2026-07-14T08:37:53Z,2026-07-14T14:04:33Z,5.44
RG20 4ST,SEPD,PSI,1,252393,12,2026-07-14T08:37:53Z,2026-07-14T14:04:33Z,5.44
RG20 9LB,SEPD,PSI,1,252650,36,2026-07-14T08:37:53Z,2026-07-14T14:04:33Z,5.44
RG20 9LD,SEPD,PSI,1,252650,36,2026-07-14T08:37:53Z,2026-07-14T14:04:33Z,5.44
RG20 9LE,SEPD,PSI,1,252650,36,2026-07-14T08:37:53Z,2026-07-14T14:04:33Z,5.44
RG20 9LF,SEPD,PSI,1,252650,36,2026-07-14T08:37:53Z,2026-07-14T14:04:33Z,5.44
RG20 9LG,SEPD,PSI,1,252650,36,2026-07-14T08:37:53Z,2026-07-14T14:04:33Z,5.44
RG20 9LP,SEPD,PSI,1,252650,36,2026-07-14T08:37:53Z,2026-07-14T14:04:33Z,5.44
RG22 4HA,SEPD,PSI,1,253271,4,2026-07-14T08:37:53Z,2026-07-14T14:04:33Z,5.44
SN12 7PT,SEPD,PSI,1,252737,22,2026-07-14T08:37:53Z,2026-07-14T14:04:33Z,5.44
SN12 7PU,SEPD,PSI,1,252737,22,2026-07-14T08:37:53Z,2026-07-14T14:04:33Z,5.44
SN5 8WQ,SEPD,PSI,1,252268,94,2026-07-14T08:37:53Z,2026-07-14T14:04:33Z,5.44
SN5 8ZD,SEPD,PSI,1,252268,94,2026-07-14T08:37:53Z,2026-07-14T14:04:33Z,5.44
SN5 8ZE,SEPD,PSI,1,252268,94,2026-07-14T08:37:53Z,2026-07-14T14:04:33Z,5.44
SN5 8ZF,SEPD,PSI,1,252268,94,2026-07-14T08:37:53Z,2026-07-14T14:04:33Z,5.44
SN5 8ZG,SEPD,PSI,1,252268,94,2026-07-14T08:37:53Z,2026-07-14T14:04:33Z,5.44
SN5 8ZH,SEPD,PSI,1,252268,94,2026-07-14T08:37:53Z,2026-07-14T14:04:33Z,5.44
SN5 8ZJ,SEPD,PSI,1,252268,94,2026-07-14T08:37:53Z,2026-07-14T14:04:33Z,5.44
SN5 8ZL,SEPD,PSI,1,252268,94,2026-07-14T08:37:53Z,2026-07-14T14:04:33Z,5.44
SN5 8ZQ,SEPD,PSI,1,252268,94,2026-07-14T08:37:53Z,2026-07-14T14:04:33Z,5.44
DD11 1SP,SHEPD,LV,2,"TP6761,TP6763",32,2026-07-09T08:52:42Z,2026-07-09T14:16:37Z,5.4
IV4 7JN,SHEPD,PSI,2,"252338,252340",77,2026-07-09T08:52:42Z,2026-07-10T08:42:42Z,5.4
PH10 6SP,SHEPD,"PSI,LV",2,"252639,TP7799",52,2026-07-09T08:52:42Z,2026-07-09T16:57:51Z,5.4
PH10 7NT,SHEPD,"PSI,LV",2,"252639,TP7799",52,2026-07-09T08:52:42Z,2026-07-09T16:57:51Z,5.4
PH10 7NU,SHEPD,"PSI,LV",2,"252639,TP7799",52,2026-07-09T08:52:42Z,2026-07-09T16:57:51Z,5.4
RG40 4HT,SEPD,HV,2,"TP6808,TP6820",110,2026-07-09T08:52:42Z,2026-07-09T14:16:37Z,5.4
RG40 4HU,SEPD,HV,2,"TP6808,TP6820",110,2026-07-09T08:52:42Z,2026-07-09T14:16:37Z,5.4
RG40 4PP,SEPD,HV,2,"TP6808,TP6820",110,2026-07-09T08:52:42Z,2026-07-09T14:16:37Z,5.4
RG40 4PR,SEPD,HV,2,"TP6808,TP6820",110,2026-07-09T08:52:42Z,2026-07-09T14:16:37Z,5.4
RG40 4PS,SEPD,HV,2,"TP6808,TP6820",110,2026-07-09T08:52:42Z,2026-07-09T14:16:37Z,5.4
RG40 4PT,SEPD,HV,2,"TP6808,TP6820",110,2026-07-09T08:52:42Z,2026-07-09T14:16:37Z,5.4
AB53 4JE,SHEPD,PSI,1,251139,20,2026-07-09T08:52:42Z,2026-07-09T14:16:37Z,5.4
AB53 4JJ,SHEPD,PSI,1,251139,20,2026-07-09T08:52:42Z,2026-07-09T14:16:37Z,5.4
AB53 4JY,SHEPD,PSI,1,251139,20,2026-07-09T08:52:42Z,2026-07-09T14:16:37Z,5.4
AB53 4LA,SHEPD,PSI,1,251139,20,2026-07-09T08:52:42Z,2026-07-09T14:16:37Z,5.4
AB53 4LB,SHEPD,PSI,1,251139,20,2026-07-09T08:52:42Z,2026-07-09T14:16:37Z,5.4
BA4 6AL,SEPD,PSI,1,253071,3,2026-07-09T08:52:42Z,2026-07-09T14:16:37Z,5.4
BH16,SEPD,PSI,1,252817,47,2026-07-09T08:52:42Z,2026-07-09T14:16:37Z,5.4
BH16 6AA,SEPD,PSI,1,252817,47,2026-07-09T08:52:42Z,2026-07-09T14:16:37Z,5.4
BH16 6BB,SEPD,PSI,1,252817,47,2026-07-09T08:52:42Z,2026-07-09T14:16:37Z,5.4
BH16 6HQ,SEPD,PSI,1,252817,47,2026-07-09T08:52:42Z,2026-07-09T14:16:37Z,5.4
DD11 1JX,SHEPD,LV,1,TP6761,12,2026-07-09T08:52:42Z,2026-07-09T14:16:37Z,5.4
DD11 1LA,SHEPD,LV,1,TP6761,12,2026-07-09T08:52:42Z,2026-07-09T14:16:37Z,5.4
DD11 1LE,SHEPD,LV,1,TP6761,12,2026-07-09T08:52:42Z,2026-07-09T14:16:37Z,5.4
DD11 1SR,SHEPD,LV,1,TP6761,12,2026-07-09T08:52:42Z,2026-07-09T14:16:37Z,5.4
DD5 3FP,SHEPD,PSI,1,252134,44,2026-07-09T08:52:42Z,2026-07-09T14:16:37Z,5.4
DD5 3NN,SHEPD,PSI,1,252134,44,2026-07-09T08:52:42Z,2026-07-09T14:16:37Z,5.4
DD5 3NX,SHEPD,PSI,1,252134,44,2026-07-09T08:52:42Z,2026-07-09T14:16:37Z,5.4
DD5 3NY,SHEPD,PSI,1,252134,44,2026-07-09T08:52:42Z,2026-07-09T14:16:37Z,5.4
DD5 3RE,SHEPD,PSI,1,252134,44,2026-07-09T08:52:42Z,2026-07-09T14:16:37Z,5.4
HP13 5XG,SEPD,LV,1,TP6786,22,2026-07-09T08:52:42Z,2026-07-09T14:16:37Z,5.4
HP13 5XW,SEPD,LV,1,TP6786,22,2026-07-09T08:52:42Z,2026-07-09T14:16:37Z,5.4
HP13 5YA,SEPD,LV,1,TP6786,22,2026-07-09T08:52:42Z,2026-07-09T14:16:37Z,5.4
HP13 5YZ,SEPD,LV,1,TP6786,22,2026-07-09T08:52:42Z,2026-07-09T14:16:37Z,5.4
IV19 1LF,SHEPD,PSI,1,252611,22,2026-07-09T08:52:42Z,2026-07-09T14:16:37Z,5.4
IV19 1LQ,SHEPD,PSI,1,252611,22,2026-07-09T08:52:42Z,2026-07-09T14:16:37Z,5.4
IV4 7BA,SHEPD,PSI,1,252340,70,2026-07-09T08:52:42Z,2026-07-09T14:16:37Z,5.4
IV4 7HX,SHEPD,PSI,1,252340,70,2026-07-09T08:52:42Z,2026-07-09T14:16:37Z,5.4
IV4 7JL,SHEPD,PSI,1,252340,70,2026-07-09T08:52:42Z,2026-07-09T14:16:37Z,5.4
IV4 7JQ,SHEPD,PSI,1,252334,32,2026-07-09T08:52:42Z,2026-07-09T14:16:37Z,5.4
IV4 7JU,SHEPD,PSI,1,252334,32,2026-07-09T08:52:42Z,2026-07-09T14:16:37Z,5.4
IV42 8PY,SHEPD,PSI,1,252006,14,2026-07-09T08:52:42Z,2026-07-09T14:16:37Z,5.4
OX14 2HP,SEPD,PSI,1,252520,14,2026-07-09T08:52:42Z,2026-07-09T14:16:37Z,5.4
OX14 2HR,SEPD,PSI,1,252520,14,2026-07-09T08:52:42Z,2026-07-09T14:16:37Z,5.4
OX14 2HU,SEPD,PSI,1,252520,14,2026-07-09T08:52:42Z,2026-07-09T14:16:37Z,5.4
PA29 6XT,SHEPD,PSI,1,252197,3,2026-07-09T08:52:42Z,2026-07-09T14:16:37Z,5.4
PA29 6YA,SHEPD,PSI,1,252197,3,2026-07-09T08:52:42Z,2026-07-09T14:16:37Z,5.4
PA38 4BS,SHEPD,PSI,1,252117,4,2026-07-09T08:52:42Z,2026-07-09T14:16:37Z,5.4
PA38 4BW,SHEPD,PSI,1,252117,4,2026-07-09T08:52:42Z,2026-07-09T14:16:37Z,5.4
PH10 7NB,SHEPD,PSI,1,252565,71,2026-07-09T08:52:42Z,2026-07-09T14:16:37Z,5.4
PH10 7PA,SHEPD,PSI,1,252565,71,2026-07-09T08:52:42Z,2026-07-09T14:16:37Z,5.4
PH26 3LW,SHEPD,PSI,1,251815,21,2026-07-09T08:52:42Z,2026-07-09T14:16:37Z,5.4
PH26 3PH,SHEPD,PSI,1,251815,21,2026-07-09T08:52:42Z,2026-07-09T14:16:37Z,5.4
PH26 3PQ,SHEPD,PSI,1,251815,21,2026-07-09T08:52:42Z,2026-07-09T14:16:37Z,5.4
PH33 6SB,SHEPD,PSI,1,252223,59,2026-07-09T08:52:42Z,2026-07-09T14:16:37Z,5.4
PH33 6SD,SHEPD,PSI,1,252223,59,2026-07-09T08:52:42Z,2026-07-09T14:16:37Z,5.4
PH33 6SE,SHEPD,PSI,1,252223,59,2026-07-09T08:52:42Z,2026-07-09T14:16:37Z,5.4
PH33 6SP,SHEPD,PSI,1,252223,59,2026-07-09T08:52:42Z,2026-07-09T14:16:37Z,5.4
RG18 4AD,SEPD,HV,1,TP6803,80,2026-07-09T08:52:42Z,2026-07-09T14:16:37Z,5.4
RG40 4EL,SEPD,PSI,1,252879,40,2026-07-09T08:52:42Z,2026-07-09T14:16:37Z,5.4
RG40 4EN,SEPD,PSI,1,252879,40,2026-07-09T08:52:42Z,2026-07-09T14:16:37Z,5.4
RG40 4EP,SEPD,PSI,1,252879,40,2026-07-09T08:52:42Z,2026-07-09T14:16:37Z,5.4
RG7 6QJ,SEPD,HV,1,TP6803,80,2026-07-09T08:52:42Z,2026-07-09T14:16:37Z,5.4
RG7 6RA,SEPD,HV,1,TP6803,80,2026-07-09T08:52:42Z,2026-07-09T14:16:37Z,5.4
RG7 6RD,SEPD,HV,1,TP6803,80,2026-07-09T08:52:42Z,2026-07-09T14:16:37Z,5.4
RG7 6RE,SEPD,HV,1,TP6803,80,2026-07-09T08:52:42Z,2026-07-09T14:16:37Z,5.4
RG7 6RF,SEPD,HV,1,TP6803,80,2026-07-09T08:52:42Z,2026-07-09T14:16:37Z,5.4
RG7 6SH,SEPD,HV,1,TP6803,80,2026-07-09T08:52:42Z,2026-07-09T14:16:37Z,5.4
RG7 6SJ,SEPD,HV,1,TP6803,80,2026-07-09T08:52:42Z,2026-07-09T14:16:37Z,5.4
RG7 6SN,SEPD,HV,1,TP6803,80,2026-07-09T08:52:42Z,2026-07-09T14:16:37Z,5.4
RG7 6SQ,SEPD,HV,1,TP6803,80,2026-07-09T08:52:42Z,2026-07-09T14:16:37Z,5.4
RG7 6SS,SEPD,HV,1,TP6803,80,2026-07-09T08:52:42Z,2026-07-09T14:16:37Z,5.4
RG7 6ST,SEPD,HV,1,TP6803,80,2026-07-09T08:52:42Z,2026-07-09T14:16:37Z,5.4
RG7 6SU,SEPD,HV,1,TP6803,80,2026-07-09T08:52:42Z,2026-07-09T14:16:37Z,5.4
RG7 6SX,SEPD,HV,1,TP6803,80,2026-07-09T08:52:42Z,2026-07-09T14:16:37Z,5.4
AB41 8LE,SHEPD,PSI,1,252030,44,2026-07-15T08:56:31Z,2026-07-15T14:16:47Z,5.34
AB41 8LG,SHEPD,PSI,1,252030,44,2026-07-15T08:56:31Z,2026-07-15T14:16:47Z,5.34
AB42 4LE,SHEPD,PSI,1,252030,44,2026-07-15T08:56:31Z,2026-07-15T14:16:47Z,5.34
AB42 4LF,SHEPD,PSI,1,252030,44,2026-07-15T08:56:31Z,2026-07-15T14:16:47Z,5.34
AB42 4LG,SHEPD,PSI,1,252030,44,2026-07-15T08:56:31Z,2026-07-15T14:16:47Z,5.34
AB42 4LH,SHEPD,PSI,1,252030,44,2026-07-15T08:56:31Z,2026-07-15T14:16:47Z,5.34
AB42 4LP,SHEPD,PSI,1,252030,44,2026-07-15T08:56:31Z,2026-07-15T14:16:47Z,5.34
AB42 4LQ,SHEPD,PSI,1,252030,44,2026-07-15T08:56:31Z,2026-07-15T14:16:47Z,5.34
AB42 4LR,SHEPD,PSI,1,252030,44,2026-07-15T08:56:31Z,2026-07-15T14:16:47Z,5.34
AB42 4PL,SHEPD,PSI,1,252030,44,2026-07-15T08:56:31Z,2026-07-15T14:16:47Z,5.34
AB42 5PJ,SHEPD,PSI,1,252030,44,2026-07-15T08:56:31Z,2026-07-15T14:16:47Z,5.34
AB42 5PL,SHEPD,PSI,1,252030,44,2026-07-15T08:56:31Z,2026-07-15T14:16:47Z,5.34
AB42 5PN,SHEPD,PSI,1,252030,44,2026-07-15T08:56:31Z,2026-07-15T14:16:47Z,5.34
BH16 6AN,SEPD,PSI,1,252834,11,2026-07-15T08:56:31Z,2026-07-15T14:16:47Z,5.34
GU14 7EL,SEPD,PSI,1,253264,19,2026-07-15T08:56:31Z,2026-07-15T14:16:47Z,5.34
GU27 3AF,SEPD,PSI,1,252968,16,2026-07-15T08:56:31Z,2026-07-15T14:16:47Z,5.34
GU27 3BJ,SEPD,PSI,1,252968,16,2026-07-15T08:56:31Z,2026-07-15T14:16:47Z,5.34
GU27 3BN,SEPD,PSI,1,252968,16,2026-07-15T08:56:31Z,2026-07-15T14:16:47Z,5.34
GU29 0LX,SEPD,PSI,1,252580,59,2026-07-15T08:56:31Z,2026-07-15T14:16:47Z,5.34
GU29 9LE,SEPD,PSI,1,252580,59,2026-07-15T08:56:31Z,2026-07-15T14:16:47Z,5.34
GU29 9LF,SEPD,PSI,1,252580,59,2026-07-15T08:56:31Z,2026-07-15T14:16:47Z,5.34
GU29 9RB,SEPD,PSI,1,252580,59,2026-07-15T08:56:31Z,2026-07-15T14:16:47Z,5.34
GU29 9RE,SEPD,PSI,1,252580,59,2026-07-15T08:56:31Z,2026-07-15T14:16:47Z,5.34
GU29 9RN,SEPD,PSI,1,252580,59,2026-07-15T08:56:31Z,2026-07-15T14:16:47Z,5.34
KW12 6XJ,SHEPD,PSI,1,252425,13,2026-07-15T08:56:31Z,2026-07-15T14:16:47Z,5.34
OX9 2GE,SEPD,PSI,1,252522,52,2026-07-15T08:56:31Z,2026-07-15T14:16:47Z,5.34
OX9 2NP,SEPD,PSI,1,252522,52,2026-07-15T08:56:31Z,2026-07-15T14:16:47Z,5.34
OX9 2NX,SEPD,PSI,1,252522,52,2026-07-15T08:56:31Z,2026-07-15T14:16:47Z,5.34
OX9 2NY,SEPD,PSI,1,252522,52,2026-07-15T08:56:31Z,2026-07-15T14:16:47Z,5.34
OX9 2NZ,SEPD,PSI,1,252522,52,2026-07-15T08:56:31Z,2026-07-15T14:16:47Z,5.34
PH2 9HR,SHEPD,PSI,1,252350,2,2026-07-15T08:56:31Z,2026-07-15T14:16:47Z,5.34
PO18 0NL,SEPD,PSI,1,252183,3,2026-07-15T08:56:31Z,2026-07-15T14:16:47Z,5.34
PO18 0PH,SEPD,PSI,1,252183,3,2026-07-15T08:56:31Z,2026-07-15T14:16:47Z,5.34
RG25 3BL,SEPD,PSI,1,252444,26,2026-07-15T08:56:31Z,2026-07-15T14:16:47Z,5.34
RG25 3BN,SEPD,PSI,1,252444,26,2026-07-15T08:56:31Z,2026-07-15T14:16:47Z,5.34
RG25 3BP,SEPD,PSI,1,252444,26,2026-07-15T08:56:31Z,2026-07-15T14:16:47Z,5.34
RG25 3BW,SEPD,PSI,1,252444,26,2026-07-15T08:56:31Z,2026-07-15T14:16:47Z,5.34
RG25 3DR,SEPD,PSI,1,252444,26,2026-07-15T08:56:31Z,2026-07-15T14:16:47Z,5.34
SO32 2AA,SEPD,PSI,1,251570,61,2026-07-15T08:56:31Z,2026-07-15T14:16:47Z,5.34
SO32 2AB,SEPD,PSI,1,251570,61,2026-07-15T08:56:31Z,2026-07-15T14:16:47Z,5.34
SO32 2ER,SEPD,PSI,1,251570,61,2026-07-15T08:56:31Z,2026-07-15T14:16:47Z,5.34
SP11 8NU,SEPD,PSI,1,251965,3,2026-07-15T08:56:31Z,2026-07-15T14:16:47Z,5.34
PO14 1RQ,SEPD,LV,1,TQ5655,8,2026-07-14T10:24:12Z,2026-07-14T15:44:08Z,5.33
PO14 1RR,SEPD,LV,1,TQ5655,8,2026-07-14T10:24:12Z,2026-07-14T15:44:08Z,5.33
BH23 5QT,SEPD,LV,1,TP7303,32,2026-07-09T16:57:51Z,2026-07-09T22:16:17Z,5.31
OX12 0HL,SEPD,HV,2,"TQ2565,TQ3867",1648,2026-07-13T13:32:50Z,2026-07-13T16:08:10Z,5.18
OX13 5LP,SEPD,HV,2,"TQ2565,TQ3867",1648,2026-07-13T13:32:50Z,2026-07-13T16:08:10Z,5.18
OX13 5ND,SEPD,HV,2,"TQ2565,TQ3867",1648,2026-07-13T13:32:50Z,2026-07-13T16:08:10Z,5.18
OX13 5NX,SEPD,HV,2,"TQ2565,TQ3867",1648,2026-07-13T13:32:50Z,2026-07-13T16:08:10Z,5.18
OX13 5PA,SEPD,HV,2,"TQ2565,TQ3867",1648,2026-07-13T13:32:50Z,2026-07-13T16:08:10Z,5.18
OX13 5PB,SEPD,HV,2,"TQ2565,TQ3867",1648,2026-07-13T13:32:50Z,2026-07-13T16:08:10Z,5.18
OX13 5PD,SEPD,HV,2,"TQ2565,TQ3867",1648,2026-07-13T13:32:50Z,2026-07-13T16:08:10Z,5.18
OX13 5PE,SEPD,HV,2,"TQ2565,TQ3867",1648,2026-07-13T13:32:50Z,2026-07-13T16:08:10Z,5.18
OX13 5PF,SEPD,HV,2,"TQ2565,TQ3867",1648,2026-07-13T13:32:50Z,2026-07-13T16:08:10Z,5.18
OX13 5PH,SEPD,HV,2,"TQ2565,TQ3867",1648,2026-07-13T13:32:50Z,2026-07-13T16:08:10Z,5.18
OX13 5PJ,SEPD,HV,2,"TQ2565,TQ3867",1648,2026-07-13T13:32:50Z,2026-07-13T16:08:10Z,5.18
GL7 5PR,SEPD,HV,1,TQ2351,79,2026-07-12T16:31:04Z,2026-07-12T21:28:07Z,4.95
GU34 2QG,SEPD,PSI,1,252535,10,2026-07-12T09:21:50Z,2026-07-12T14:17:10Z,4.92
GU34 2QQ,SEPD,PSI,1,252535,10,2026-07-12T09:21:50Z,2026-07-12T14:17:10Z,4.92
HP14 4PP,SEPD,HV,1,TQ1137,123,2026-07-12T09:21:50Z,2026-07-12T14:17:10Z,4.92
PH26 3HG,SHEPD,PSI,1,252627,65,2026-07-12T09:21:50Z,2026-07-12T14:17:10Z,4.92
PH26 3HS,SHEPD,PSI,1,252627,65,2026-07-12T09:21:50Z,2026-07-12T14:17:10Z,4.92
PH26 3JQ,SHEPD,PSI,1,252627,65,2026-07-12T09:21:50Z,2026-07-12T14:17:10Z,4.92
PH26 3NG,SHEPD,PSI,1,252627,65,2026-07-12T09:21:50Z,2026-07-12T14:17:10Z,4.92
PH26 3NT,SHEPD,PSI,1,252627,65,2026-07-12T09:21:50Z,2026-07-12T14:17:10Z,4.92
PH26 3PR,SHEPD,PSI,1,252627,65,2026-07-12T09:21:50Z,2026-07-12T14:17:10Z,4.92
PH26 3PS,SHEPD,PSI,1,252627,65,2026-07-12T09:21:50Z,2026-07-12T14:17:10Z,4.92
PH26 3PT,SHEPD,PSI,1,252627,65,2026-07-12T09:21:50Z,2026-07-12T14:17:10Z,4.92
BN18,SEPD,HV,1,TQ2104,32,2026-07-12T12:43:23Z,2026-07-12T17:37:39Z,4.9
GU28 0LX,SEPD,HV,1,TQ2104,32,2026-07-12T12:43:23Z,2026-07-12T17:37:39Z,4.9
GU28 0LY,SEPD,HV,1,TQ2104,32,2026-07-12T12:43:23Z,2026-07-12T17:37:39Z,4.9
GU28 9JZ,SEPD,HV,1,TQ2104,32,2026-07-12T12:43:23Z,2026-07-12T17:37:39Z,4.9
PO18 0JJ,SEPD,HV,1,TQ2104,32,2026-07-12T12:43:23Z,2026-07-12T17:37:39Z,4.9
BA12 6LP,SEPD,PSI,1,251605,19,2026-07-10T08:42:42Z,2026-07-10T13:35:06Z,4.87
BA12 6LW,SEPD,PSI,1,251605,19,2026-07-10T08:42:42Z,2026-07-10T13:35:06Z,4.87
BA12 6NZ,SEPD,PSI,1,251605,19,2026-07-10T08:42:42Z,2026-07-10T13:35:06Z,4.87
BH16 6AF,SEPD,PSI,1,252822,61,2026-07-10T08:42:42Z,2026-07-10T13:35:06Z,4.87
BH16 6AJ,SEPD,PSI,1,252822,61,2026-07-10T08:42:42Z,2026-07-10T13:35:06Z,4.87
BH18 9LA,SEPD,PSI,1,253217,100,2026-07-10T08:42:42Z,2026-07-10T13:35:06Z,4.87
BH18 9LB,SEPD,PSI,1,253217,100,2026-07-10T08:42:42Z,2026-07-10T13:35:06Z,4.87
BH18 9LH,SEPD,PSI,1,253217,100,2026-07-10T08:42:42Z,2026-07-10T13:35:06Z,4.87
BH18 9NP,SEPD,PSI,1,253217,100,2026-07-10T08:42:42Z,2026-07-10T13:35:06Z,4.87
BH18 9NR,SEPD,PSI,1,253217,100,2026-07-10T08:42:42Z,2026-07-10T13:35:06Z,4.87
BH18 9NU,SEPD,PSI,1,253217,100,2026-07-10T08:42:42Z,2026-07-10T13:35:06Z,4.87
BH18 9NW,SEPD,PSI,1,253217,100,2026-07-10T08:42:42Z,2026-07-10T13:35:06Z,4.87
BH20 4HT,SEPD,PSI,1,252949,7,2026-07-10T08:42:42Z,2026-07-10T13:35:06Z,4.87
BH20 4HX,SEPD,PSI,1,252949,7,2026-07-10T08:42:42Z,2026-07-10T13:35:06Z,4.87
BH21 3RS,SEPD,PSI,1,252822,61,2026-07-10T08:42:42Z,2026-07-10T13:35:06Z,4.87
GU10 5EB,SEPD,LV,1,TP8493,5,2026-07-10T08:42:42Z,2026-07-10T13:35:06Z,4.87
GU10 5ED,SEPD,LV,1,TP8493,5,2026-07-10T08:42:42Z,2026-07-10T13:35:06Z,4.87
KW14 7YA,SHEPD,PSI,1,251851,2,2026-07-10T08:42:42Z,2026-07-10T13:35:06Z,4.87
PH10 7LZ,SHEPD,PSI,1,252649,52,2026-07-10T08:42:42Z,2026-07-10T13:35:06Z,4.87
PH10 7ND,SHEPD,PSI,1,252649,52,2026-07-10T08:42:42Z,2026-07-10T13:35:06Z,4.87
PH10 7NR,SHEPD,PSI,1,252606,25,2026-07-10T08:42:42Z,2026-07-10T13:35:06Z,4.87
PH10 7NY,SHEPD,PSI,1,252606,25,2026-07-10T08:42:42Z,2026-07-10T13:35:06Z,4.87
RG28 7NB,SEPD,PSI,1,253022,5,2026-07-10T08:42:42Z,2026-07-10T13:35:06Z,4.87
SP8 5AB,SEPD,PSI,1,251605,19,2026-07-10T08:42:42Z,2026-07-10T13:35:06Z,4.87
SP8 5AD,SEPD,PSI,1,251605,19,2026-07-10T08:42:42Z,2026-07-10T13:35:06Z,4.87
SP8 5AF,SEPD,PSI,1,251605,19,2026-07-10T08:42:42Z,2026-07-10T13:35:06Z,4.87
SN6 8NN,SEPD,"HV,LV",3,"TQ0643,TQ0647,TQ2960",918,2026-07-11T08:13:51Z,2026-07-12T22:26:26Z,4.85
SN6 8NP,SEPD,"HV,LV",3,"TQ0643,TQ0647,TQ2960",918,2026-07-11T08:13:51Z,2026-07-12T22:26:26Z,4.85
SN6 8NR,SEPD,"HV,LV",3,"TQ0643,TQ0647,TQ2960",918,2026-07-11T08:13:51Z,2026-07-12T22:26:26Z,4.85
SN6 8NW,SEPD,"HV,LV",3,"TQ0643,TQ0647,TQ2960",918,2026-07-11T08:13:51Z,2026-07-12T22:26:26Z,4.85
PO12 1HT,SEPD,LV,1,TQ0912,7,2026-07-11T13:45:42Z,2026-07-11T18:36:18Z,4.84
PO12 1NU,SEPD,LV,1,TQ0912,7,2026-07-11T13:45:42Z,2026-07-11T18:36:18Z,4.84
SP11 7LL,SEPD,LV,1,TQ0877,16,2026-07-11T13:45:42Z,2026-07-11T18:36:18Z,4.84
SP11 7LZ,SEPD,LV,1,TQ0877,16,2026-07-11T13:45:42Z,2026-07-11T18:36:18Z,4.84
SP11 7NA,SEPD,LV,1,TQ0877,16,2026-07-11T13:45:42Z,2026-07-11T18:36:18Z,4.84
SP11 7NB,SEPD,LV,1,TQ0877,16,2026-07-11T13:45:42Z,2026-07-11T18:36:18Z,4.84
OX14 4HH,SEPD,"PSI,LV",2,"252719,TQ4931",42,2026-07-13T11:23:21Z,2026-07-13T18:05:33Z,4.75
OX14 4HJ,SEPD,"PSI,LV",2,"252719,TQ4931",42,2026-07-13T11:23:21Z,2026-07-13T18:05:33Z,4.75
RH12 3JD,SEPD,"LV,HV",2,"TQ3177,TQ3663",19,2026-07-13T07:58:35Z,2026-07-13T16:08:10Z,4.75
GU30 7QZ,SEPD,PSI,1,252115,24,2026-07-13T11:23:21Z,2026-07-13T16:08:10Z,4.75
OX14 4SU,SEPD,PSI,1,252719,32,2026-07-13T11:23:21Z,2026-07-13T16:08:10Z,4.75
RH12 3AJ,SEPD,HV,1,TQ3663,16,2026-07-13T11:23:21Z,2026-07-13T16:08:10Z,4.75
RH12 3JB,SEPD,HV,1,TQ3663,16,2026-07-13T11:23:21Z,2026-07-13T16:08:10Z,4.75
UB10 8AY,SEPD,HV,1,TQ3439,14,2026-07-13T11:23:21Z,2026-07-13T16:08:10Z,4.75
UB9 6JN,SEPD,HV,1,TQ3439,14,2026-07-13T11:23:21Z,2026-07-13T16:08:10Z,4.75
UB9 6JW,SEPD,HV,1,TQ3439,14,2026-07-13T11:23:21Z,2026-07-13T16:08:10Z,4.75
UB9 6LX,SEPD,HV,1,TQ3439,14,2026-07-13T11:23:21Z,2026-07-13T16:08:10Z,4.75
PO18 9DZ,SEPD,HV,1,TQ0824,128,2026-07-11T11:59:39Z,2026-07-11T16:34:27Z,4.58
PO18 9EG,SEPD,HV,1,TQ0824,128,2026-07-11T11:59:39Z,2026-07-11T16:34:27Z,4.58
PO18 9EH,SEPD,HV,1,TQ0824,128,2026-07-11T11:59:39Z,2026-07-11T16:34:27Z,4.58
PO18 9EJ,SEPD,HV,1,TQ0824,128,2026-07-11T11:59:39Z,2026-07-11T16:34:27Z,4.58
PO18 9EQ,SEPD,HV,1,TQ0824,128,2026-07-11T11:59:39Z,2026-07-11T16:34:27Z,4.58
PO18 9EU,SEPD,HV,1,TQ0824,128,2026-07-11T11:59:39Z,2026-07-11T16:34:27Z,4.58
PO18 9EX,SEPD,HV,1,TQ0824,128,2026-07-11T11:59:39Z,2026-07-11T16:34:27Z,4.58
PO18 9EY,SEPD,HV,1,TQ0824,128,2026-07-11T11:59:39Z,2026-07-11T16:34:27Z,4.58
PO18 9EZ,SEPD,HV,1,TQ0824,128,2026-07-11T11:59:39Z,2026-07-11T16:34:27Z,4.58
PO18 9HA,SEPD,HV,1,TQ0824,128,2026-07-11T11:59:39Z,2026-07-11T16:34:27Z,4.58
PO18 9HB,SEPD,HV,1,TQ0824,128,2026-07-11T11:59:39Z,2026-07-11T16:34:27Z,4.58
PO18 9HD,SEPD,HV,1,TQ0824,128,2026-07-11T11:59:39Z,2026-07-11T16:34:27Z,4.58
PO18 9HE,SEPD,HV,1,TQ0824,128,2026-07-11T11:59:39Z,2026-07-11T16:34:27Z,4.58
PO18 9HF,SEPD,HV,1,TQ0824,128,2026-07-11T11:59:39Z,2026-07-11T16:34:27Z,4.58
PO18 9NN,SEPD,HV,1,TQ0824,128,2026-07-11T11:59:39Z,2026-07-11T16:34:27Z,4.58
PO18 9NP,SEPD,HV,1,TQ0824,128,2026-07-11T11:59:39Z,2026-07-11T16:34:27Z,4.58
AB52 6NL,SHEPD,HV,1,TP7110,37,2026-07-09T12:23:59Z,2026-07-09T16:57:51Z,4.56
AB52 6NU,SHEPD,HV,1,TP7110,37,2026-07-09T12:23:59Z,2026-07-09T16:57:51Z,4.56
AB52 6PS,SHEPD,HV,1,TP7110,37,2026-07-09T12:23:59Z,2026-07-09T16:57:51Z,4.56
AB52 6WP,SHEPD,HV,1,TP7110,37,2026-07-09T12:23:59Z,2026-07-09T16:57:51Z,4.56
AB52 6XP,SHEPD,HV,1,TP7110,37,2026-07-09T12:23:59Z,2026-07-09T16:57:51Z,4.56
TW5 0DP,SEPD,LV,1,TG1792,25,2026-07-09T12:23:59Z,2026-07-09T16:57:51Z,4.56
TW5 0DU,SEPD,LV,1,TG1792,25,2026-07-09T12:23:59Z,2026-07-09T16:57:51Z,4.56
TW5 0DX,SEPD,LV,1,TG1792,25,2026-07-09T12:23:59Z,2026-07-09T16:57:51Z,4.56
AB54 8AL,SHEPD,LV,1,TP8787,37,2026-07-10T11:35:22Z,2026-07-10T16:06:03Z,4.51
AB54 8AN,SHEPD,LV,1,TP8787,37,2026-07-10T11:35:22Z,2026-07-10T16:06:03Z,4.51
AB54 8AP,SHEPD,LV,1,TP8787,37,2026-07-10T11:35:22Z,2026-07-10T16:06:03Z,4.51
AB54 8EQ,SHEPD,LV,1,TP8787,37,2026-07-10T11:35:22Z,2026-07-10T16:06:03Z,4.51
AB54 8ES,SHEPD,LV,1,TP8787,37,2026-07-10T11:35:22Z,2026-07-10T16:06:03Z,4.51
AB54 8FJ,SHEPD,LV,1,TP8787,37,2026-07-10T11:35:22Z,2026-07-10T16:06:03Z,4.51
AB54 8HA,SHEPD,LV,1,TP8787,37,2026-07-10T11:35:22Z,2026-07-10T16:06:03Z,4.51
AB54 8HB,SHEPD,LV,1,TP8787,37,2026-07-10T11:35:22Z,2026-07-10T16:06:03Z,4.51
AB54 8JU,SHEPD,LV,1,TP8787,37,2026-07-10T11:35:22Z,2026-07-10T16:06:03Z,4.51
AB54 8JW,SHEPD,LV,1,TP8787,37,2026-07-10T11:35:22Z,2026-07-10T16:06:03Z,4.51
IV56 8FY,SHEPD,HV,1,TP9073,2,2026-07-10T11:35:22Z,2026-07-10T16:06:03Z,4.51
W5 5ER,SEPD,LV,1,TQ7688,50,2026-07-15T06:29:11Z,2026-07-15T10:57:49Z,4.48
W5 5HP,SEPD,LV,1,TQ7688,50,2026-07-15T06:29:11Z,2026-07-15T10:57:49Z,4.48
W5 5HS,SEPD,LV,1,TQ7688,50,2026-07-15T06:29:11Z,2026-07-15T10:57:49Z,4.48
W5 5NA,SEPD,LV,1,TQ7688,50,2026-07-15T06:29:11Z,2026-07-15T10:57:49Z,4.48
W5 5NB,SEPD,LV,1,TQ7688,50,2026-07-15T06:29:11Z,2026-07-15T10:57:49Z,4.48
W5 5ND,SEPD,LV,1,TQ7688,50,2026-07-15T06:29:11Z,2026-07-15T10:57:49Z,4.48
W5 5NH,SEPD,LV,1,TQ7688,50,2026-07-15T06:29:11Z,2026-07-15T10:57:49Z,4.48
W5 5QR,SEPD,LV,1,TQ7688,50,2026-07-15T06:29:11Z,2026-07-15T10:57:49Z,4.48
W5 5QU,SEPD,LV,1,TQ7688,50,2026-07-15T06:29:11Z,2026-07-15T10:57:49Z,4.48
NW10 7PL,SEPD,LV,1,TQ8130,4,2026-07-15T14:16:47Z,2026-07-15T18:40:30Z,4.4
NW10 7PQ,SEPD,LV,1,TQ8130,4,2026-07-15T14:16:47Z,2026-07-15T18:40:30Z,4.4
AB43 6NB,SHEPD,HV,1,TP8030,21,2026-07-09T20:52:44Z,2026-07-10T01:15:56Z,4.39
AB43 6NH,SHEPD,HV,1,TP8030,21,2026-07-09T20:52:44Z,2026-07-10T01:15:56Z,4.39
AB43 6NX,SHEPD,HV,1,TP8030,21,2026-07-09T20:52:44Z,2026-07-10T01:15:56Z,4.39
AB43 6NY,SHEPD,HV,1,TP8030,21,2026-07-09T20:52:44Z,2026-07-10T01:15:56Z,4.39
AB43 6QS,SHEPD,HV,1,TP8030,21,2026-07-09T20:52:44Z,2026-07-10T01:15:56Z,4.39
AB43 6QY,SHEPD,HV,1,TP8030,21,2026-07-09T20:52:44Z,2026-07-10T01:15:56Z,4.39
AB43 7RA,SHEPD,HV,1,TP8030,21,2026-07-09T20:52:44Z,2026-07-10T01:15:56Z,4.39
RH20,SEPD,HV,1,TP7976,144,2026-07-09T20:52:44Z,2026-07-10T01:15:56Z,4.39
RH20 1HF,SEPD,HV,1,TP7976,144,2026-07-09T20:52:44Z,2026-07-10T01:15:56Z,4.39
RH20 1HG,SEPD,HV,1,TP7976,144,2026-07-09T20:52:44Z,2026-07-10T01:15:56Z,4.39
RH20 1HQ,SEPD,HV,1,TP7976,144,2026-07-09T20:52:44Z,2026-07-10T01:15:56Z,4.39
RH20 1PG,SEPD,HV,1,TP7976,144,2026-07-09T20:52:44Z,2026-07-10T01:15:56Z,4.39
RH20 1PH,SEPD,HV,1,TP7976,144,2026-07-09T20:52:44Z,2026-07-10T01:15:56Z,4.39
RH20 1PJ,SEPD,HV,1,TP7976,144,2026-07-09T20:52:44Z,2026-07-10T01:15:56Z,4.39
RH20 1PL,SEPD,HV,1,TP7976,144,2026-07-09T20:52:44Z,2026-07-10T01:15:56Z,4.39
RH20 1PN,SEPD,HV,1,TP7976,144,2026-07-09T20:52:44Z,2026-07-10T01:15:56Z,4.39
RH20 1PP,SEPD,HV,1,TP7976,144,2026-07-09T20:52:44Z,2026-07-10T01:15:56Z,4.39
RH20 1PQ,SEPD,HV,1,TP7976,144,2026-07-09T20:52:44Z,2026-07-10T01:15:56Z,4.39
RH20 1PR,SEPD,HV,1,TP7976,144,2026-07-09T20:52:44Z,2026-07-10T01:15:56Z,4.39
RH20 1PS,SEPD,HV,1,TP7976,144,2026-07-09T20:52:44Z,2026-07-10T01:15:56Z,4.39
SO40 2SZ,SEPD,LV,1,TP7961,13,2026-07-09T20:52:44Z,2026-07-10T01:15:56Z,4.39
SO40 2TH,SEPD,LV,1,TP7961,13,2026-07-09T20:52:44Z,2026-07-10T01:15:56Z,4.39
BA12 9EE,SEPD,LV,1,TQ5315,22,2026-07-13T20:44:43Z,2026-07-14T01:03:22Z,4.31
BA12 9EF,SEPD,LV,1,TQ5315,22,2026-07-13T20:44:43Z,2026-07-14T01:03:22Z,4.31
BA12 9EP,SEPD,LV,1,TQ5315,22,2026-07-13T20:44:43Z,2026-07-14T01:03:22Z,4.31
BA12 9ER,SEPD,LV,1,TQ5315,22,2026-07-13T20:44:43Z,2026-07-14T01:03:22Z,4.31
BA12 9EU,SEPD,LV,1,TQ5315,22,2026-07-13T20:44:43Z,2026-07-14T01:03:22Z,4.31
RG45 6AD,SEPD,LV,1,TQ8670,15,2026-07-15T17:25:45Z,2026-07-15T21:43:50Z,4.3
RG45 6AQ,SEPD,LV,1,TQ8670,15,2026-07-15T17:25:45Z,2026-07-15T21:43:50Z,4.3
RG45 6NZ,SEPD,LV,1,TQ8670,15,2026-07-15T17:25:45Z,2026-07-15T21:43:50Z,4.3
RG6 3AA,SEPD,LV,1,TQ9078,31,2026-07-15T17:25:45Z,2026-07-15T21:43:50Z,4.3
RG6 3AB,SEPD,LV,1,TQ9078,31,2026-07-15T17:25:45Z,2026-07-15T21:43:50Z,4.3
RG6 3AD,SEPD,LV,1,TQ9078,31,2026-07-15T17:25:45Z,2026-07-15T21:43:50Z,4.3
RG6 3AP,SEPD,LV,1,TQ9078,31,2026-07-15T17:25:45Z,2026-07-15T21:43:50Z,4.3
RG6 3AW,SEPD,LV,1,TQ9078,31,2026-07-15T17:25:45Z,2026-07-15T21:43:50Z,4.3
RG6 3AZ,SEPD,LV,1,TQ9078,31,2026-07-15T17:25:45Z,2026-07-15T21:43:50Z,4.3
RG6 3BA,SEPD,LV,1,TQ9078,31,2026-07-15T17:25:45Z,2026-07-15T21:43:50Z,4.3
RG6 3BE,SEPD,LV,1,TQ9078,31,2026-07-15T17:25:45Z,2026-07-15T21:43:50Z,4.3
SN16 0BD,SEPD,LV,1,TQ8821,23,2026-07-15T17:25:45Z,2026-07-15T21:43:50Z,4.3
SN16 0BE,SEPD,LV,1,TQ8821,23,2026-07-15T17:25:45Z,2026-07-15T21:43:50Z,4.3
SN16 0DU,SEPD,LV,1,TQ8821,23,2026-07-15T17:25:45Z,2026-07-15T21:43:50Z,4.3
SN16 0FE,SEPD,LV,1,TQ8821,23,2026-07-15T17:25:45Z,2026-07-15T21:43:50Z,4.3
SN8 4DR,SEPD,HV,1,TP9682,48,2026-07-10T18:00:46Z,2026-07-10T22:12:11Z,4.19
SN8 4DS,SEPD,HV,1,TP9682,48,2026-07-10T18:00:46Z,2026-07-10T22:12:11Z,4.19
SN8 4DT,SEPD,HV,1,TP9682,48,2026-07-10T18:00:46Z,2026-07-10T22:12:11Z,4.19
SN8 4DU,SEPD,HV,1,TP9682,48,2026-07-10T18:00:46Z,2026-07-10T22:12:11Z,4.19
SN8 4DX,SEPD,HV,1,TP9682,48,2026-07-10T18:00:46Z,2026-07-10T22:12:11Z,4.19
SN8 4DY,SEPD,HV,1,TP9682,48,2026-07-10T18:00:46Z,2026-07-10T22:12:11Z,4.19
SN8 4DZ,SEPD,HV,1,TP9682,48,2026-07-10T18:00:46Z,2026-07-10T22:12:11Z,4.19
SN8 4NZ,SEPD,HV,1,TP9682,48,2026-07-10T18:00:46Z,2026-07-10T22:12:11Z,4.19
SN8 4PB,SEPD,HV,1,TP9682,48,2026-07-10T18:00:46Z,2026-07-10T22:12:11Z,4.19
SN9 5JZ,SEPD,HV,1,TP9682,48,2026-07-10T18:00:46Z,2026-07-10T22:12:11Z,4.19
OX1 3HA,SEPD,LV,3,"TQ2247,TQ2277,TQ7565",13,2026-07-12T15:29:48Z,2026-07-15T08:56:31Z,4.14
PH1 1GW,SHEPD,LV,1,TQ6605,19,2026-07-14T14:04:33Z,2026-07-14T18:11:22Z,4.11
PH1 1LP,SHEPD,LV,1,TQ6605,19,2026-07-14T14:04:33Z,2026-07-14T18:11:22Z,4.11
PH1 1LY,SHEPD,LV,1,TQ6605,19,2026-07-14T14:04:33Z,2026-07-14T18:11:22Z,4.11
PH1 2AP,SHEPD,LV,1,TQ6605,19,2026-07-14T14:04:33Z,2026-07-14T18:11:22Z,4.11
PH1 2DF,SHEPD,LV,1,TQ6605,19,2026-07-14T14:04:33Z,2026-07-14T18:11:22Z,4.11
PH1 2DG,SHEPD,LV,1,TQ6605,19,2026-07-14T14:04:33Z,2026-07-14T18:11:22Z,4.11
GL7 5DT,SEPD,HV,2,"TQ2351,TQ6782",88,2026-07-12T16:31:04Z,2026-07-14T19:43:22Z,3.99
ZE2 9PE,SHEPD,HV,2,"TQ1040,TQ5324",27,2026-07-11T15:38:15Z,2026-07-13T22:38:32Z,3.94
DD5 3ET,SHEPD,LV,1,TP8236,16,2026-07-10T01:15:56Z,2026-07-10T05:12:19Z,3.94
DD5 3EW,SHEPD,LV,1,TP8236,16,2026-07-10T01:15:56Z,2026-07-10T05:12:19Z,3.94
DD5 3HL,SHEPD,LV,1,TP8236,16,2026-07-10T01:15:56Z,2026-07-10T05:12:19Z,3.94
DD5 3HN,SHEPD,LV,1,TP8236,16,2026-07-10T01:15:56Z,2026-07-10T05:12:19Z,3.94
DD5 3HP,SHEPD,LV,1,TP8236,16,2026-07-10T01:15:56Z,2026-07-10T05:12:19Z,3.94
KA27,SHEPD,"HV,LV",2,"TQ0601,TQ3970",61,2026-07-11T09:53:08Z,2026-07-13T13:32:50Z,3.88
SN6 8DB,SEPD,HV,2,"TQ0643,TQ0647",912,2026-07-11T08:13:51Z,2026-07-11T13:45:42Z,3.88
SN6 8HH,SEPD,HV,2,"TQ0643,TQ0647",912,2026-07-11T08:13:51Z,2026-07-11T13:45:42Z,3.88
SN6 8JX,SEPD,HV,2,"TQ0643,TQ0647",912,2026-07-11T08:13:51Z,2026-07-11T13:45:42Z,3.88
SN6 8LF,SEPD,HV,2,"TQ0643,TQ0647",912,2026-07-11T08:13:51Z,2026-07-11T13:45:42Z,3.88
SN6 8LG,SEPD,HV,2,"TQ0643,TQ0647",912,2026-07-11T08:13:51Z,2026-07-11T13:45:42Z,3.88
SN6 8LH,SEPD,HV,2,"TQ0643,TQ0647",912,2026-07-11T08:13:51Z,2026-07-11T13:45:42Z,3.88
SN6 8LJ,SEPD,HV,2,"TQ0643,TQ0647",912,2026-07-11T08:13:51Z,2026-07-11T13:45:42Z,3.88
SN6 8LL,SEPD,HV,2,"TQ0643,TQ0647",912,2026-07-11T08:13:51Z,2026-07-11T13:45:42Z,3.88
SN6 8LN,SEPD,HV,2,"TQ0643,TQ0647",912,2026-07-11T08:13:51Z,2026-07-11T13:45:42Z,3.88
SN6 8LP,SEPD,HV,2,"TQ0643,TQ0647",912,2026-07-11T08:13:51Z,2026-07-11T13:45:42Z,3.88
SN6 8LQ,SEPD,HV,2,"TQ0643,TQ0647",912,2026-07-11T08:13:51Z,2026-07-11T13:45:42Z,3.88
SN6 8LR,SEPD,HV,2,"TQ0643,TQ0647",912,2026-07-11T08:13:51Z,2026-07-11T13:45:42Z,3.88
SN6 8LS,SEPD,HV,2,"TQ0643,TQ0647",912,2026-07-11T08:13:51Z,2026-07-11T13:45:42Z,3.88
SN6 8LT,SEPD,HV,2,"TQ0643,TQ0647",912,2026-07-11T08:13:51Z,2026-07-11T13:45:42Z,3.88
SN6 8LU,SEPD,HV,2,"TQ0643,TQ0647",912,2026-07-11T08:13:51Z,2026-07-11T13:45:42Z,3.88
SN6 8LW,SEPD,HV,2,"TQ0643,TQ0647",912,2026-07-11T08:13:51Z,2026-07-11T13:45:42Z,3.88
SN6 8LX,SEPD,HV,2,"TQ0643,TQ0647",912,2026-07-11T08:13:51Z,2026-07-11T13:45:42Z,3.88
SN6 8LY,SEPD,HV,2,"TQ0643,TQ0647",912,2026-07-11T08:13:51Z,2026-07-11T13:45:42Z,3.88
SN6 8LZ,SEPD,HV,2,"TQ0643,TQ0647",912,2026-07-11T08:13:51Z,2026-07-11T13:45:42Z,3.88
SN6 8NA,SEPD,HV,2,"TQ0643,TQ0647",912,2026-07-11T08:13:51Z,2026-07-11T13:45:42Z,3.88
SN6 8NB,SEPD,HV,2,"TQ0643,TQ0647",912,2026-07-11T08:13:51Z,2026-07-11T13:45:42Z,3.88
SN6 8NE,SEPD,HV,2,"TQ0643,TQ0647",912,2026-07-11T08:13:51Z,2026-07-11T13:45:42Z,3.88
SN6 8NF,SEPD,HV,2,"TQ0643,TQ0647",912,2026-07-11T08:13:51Z,2026-07-11T13:45:42Z,3.88
SN6 8NG,SEPD,HV,2,"TQ0643,TQ0647",912,2026-07-11T08:13:51Z,2026-07-11T13:45:42Z,3.88
SN6 8NH,SEPD,HV,2,"TQ0643,TQ0647",912,2026-07-11T08:13:51Z,2026-07-11T13:45:42Z,3.88
SN6 8NJ,SEPD,HV,2,"TQ0643,TQ0647",912,2026-07-11T08:13:51Z,2026-07-11T13:45:42Z,3.88
SN6 8NL,SEPD,HV,2,"TQ0643,TQ0647",912,2026-07-11T08:13:51Z,2026-07-11T13:45:42Z,3.88
SN6 8NQ,SEPD,HV,2,"TQ0643,TQ0647",912,2026-07-11T08:13:51Z,2026-07-11T13:45:42Z,3.88
SN6 8NS,SEPD,HV,2,"TQ0643,TQ0647",912,2026-07-11T08:13:51Z,2026-07-11T13:45:42Z,3.88
SN6 8NT,SEPD,HV,2,"TQ0643,TQ0647",912,2026-07-11T08:13:51Z,2026-07-11T13:45:42Z,3.88
SN6 8NX,SEPD,HV,2,"TQ0643,TQ0647",912,2026-07-11T08:13:51Z,2026-07-11T13:45:42Z,3.88
SN6 8NZ,SEPD,HV,2,"TQ0643,TQ0647",912,2026-07-11T08:13:51Z,2026-07-11T13:45:42Z,3.88
SN6 8PA,SEPD,HV,2,"TQ0643,TQ0647",912,2026-07-11T08:13:51Z,2026-07-11T13:45:42Z,3.88
SN6 8PB,SEPD,HV,2,"TQ0643,TQ0647",912,2026-07-11T08:13:51Z,2026-07-11T13:45:42Z,3.88
SN6 8PH,SEPD,HV,2,"TQ0643,TQ0647",912,2026-07-11T08:13:51Z,2026-07-11T13:45:42Z,3.88
SN6 8PN,SEPD,HV,2,"TQ0643,TQ0647",912,2026-07-11T08:13:51Z,2026-07-11T13:45:42Z,3.88
SN6 8PT,SEPD,HV,2,"TQ0643,TQ0647",912,2026-07-11T08:13:51Z,2026-07-11T13:45:42Z,3.88
SN6 8PW,SEPD,HV,2,"TQ0643,TQ0647",912,2026-07-11T08:13:51Z,2026-07-11T13:45:42Z,3.88
SN6 8QA,SEPD,HV,2,"TQ0643,TQ0647",912,2026-07-11T08:13:51Z,2026-07-11T13:45:42Z,3.88
SN7 7QH,SEPD,HV,2,"TQ0643,TQ0647",912,2026-07-11T08:13:51Z,2026-07-11T13:45:42Z,3.88
SN7 7QJ,SEPD,HV,2,"TQ0643,TQ0647",912,2026-07-11T08:13:51Z,2026-07-11T13:45:42Z,3.88
SN7 7QL,SEPD,HV,2,"TQ0643,TQ0647",912,2026-07-11T08:13:51Z,2026-07-11T13:45:42Z,3.88
SN7 7QN,SEPD,HV,2,"TQ0643,TQ0647",912,2026-07-11T08:13:51Z,2026-07-11T13:45:42Z,3.88
SN7 7QP,SEPD,HV,2,"TQ0643,TQ0647",912,2026-07-11T08:13:51Z,2026-07-11T13:45:42Z,3.88
SN7 7QR,SEPD,HV,2,"TQ0643,TQ0647",912,2026-07-11T08:13:51Z,2026-07-11T13:45:42Z,3.88
SN7 7QW,SEPD,HV,2,"TQ0643,TQ0647",912,2026-07-11T08:13:51Z,2026-07-11T13:45:42Z,3.88
KA27 8EU,SHEPD,HV,1,TQ0601,47,2026-07-11T09:53:08Z,2026-07-11T13:45:42Z,3.88
KA27 8EX,SHEPD,HV,1,TQ0601,47,2026-07-11T09:53:08Z,2026-07-11T13:45:42Z,3.88
RG28 7BL,SEPD,HV,1,TQ0512,113,2026-07-11T08:13:51Z,2026-07-11T11:59:39Z,3.76
SP11 7LP,SEPD,HV,1,TQ0512,113,2026-07-11T08:13:51Z,2026-07-11T11:59:39Z,3.76
SP11 7LR,SEPD,HV,1,TQ0512,113,2026-07-11T08:13:51Z,2026-07-11T11:59:39Z,3.76
SP11 7LS,SEPD,HV,1,TQ0512,113,2026-07-11T08:13:51Z,2026-07-11T11:59:39Z,3.76
SP11 7LT,SEPD,HV,1,TQ0512,113,2026-07-11T08:13:51Z,2026-07-11T11:59:39Z,3.76
SP11 7LU,SEPD,HV,1,TQ0512,113,2026-07-11T08:13:51Z,2026-07-11T11:59:39Z,3.76
SP11 7LW,SEPD,HV,1,TQ0512,113,2026-07-11T08:13:51Z,2026-07-11T11:59:39Z,3.76
SP11 7LX,SEPD,HV,1,TQ0512,113,2026-07-11T08:13:51Z,2026-07-11T11:59:39Z,3.76
SP11 7PP,SEPD,HV,1,TQ0512,113,2026-07-11T08:13:51Z,2026-07-11T11:59:39Z,3.76
SP11 7PS,SEPD,HV,1,TQ0512,113,2026-07-11T08:13:51Z,2026-07-11T11:59:39Z,3.76
SP11 7PT,SEPD,HV,1,TQ0512,113,2026-07-11T08:13:51Z,2026-07-11T11:59:39Z,3.76
SL8 5RG,SEPD,LV,1,TQ2697,3,2026-07-12T19:49:39Z,2026-07-12T23:30:32Z,3.68
SO32,SEPD,"PSI,HV",2,"252039,TQ1547",1925,2026-07-12T09:21:50Z,2026-07-14T14:04:33Z,3.67
KW17 2RE,SHEPD,PSI,1,252465,7,2026-07-14T10:24:12Z,2026-07-14T14:04:33Z,3.67
KW17 2RF,SHEPD,PSI,1,252465,7,2026-07-14T10:24:12Z,2026-07-14T14:04:33Z,3.67
SO32 3AG,SEPD,PSI,1,252039,98,2026-07-14T10:24:12Z,2026-07-14T14:04:33Z,3.67
SO32 3DA,SEPD,PSI,1,252039,98,2026-07-14T10:24:12Z,2026-07-14T14:04:33Z,3.67
SO32 3LL,SEPD,PSI,1,252039,98,2026-07-14T10:24:12Z,2026-07-14T14:04:33Z,3.67
SO32 3NA,SEPD,PSI,1,252039,98,2026-07-14T10:24:12Z,2026-07-14T14:04:33Z,3.67
SO32 3NB,SEPD,PSI,1,252039,98,2026-07-14T10:24:12Z,2026-07-14T14:04:33Z,3.67
SO32 3ND,SEPD,PSI,1,252039,98,2026-07-14T10:24:12Z,2026-07-14T14:04:33Z,3.67
SO32 3NE,SEPD,PSI,1,252039,98,2026-07-14T10:24:12Z,2026-07-14T14:04:33Z,3.67
SO32 3NG,SEPD,PSI,1,252039,98,2026-07-14T10:24:12Z,2026-07-14T14:04:33Z,3.67
RG30 4PT,SEPD,LV,1,TQ4531,35,2026-07-13T16:08:10Z,2026-07-13T19:47:48Z,3.66
RG30 4PU,SEPD,LV,1,TQ4531,35,2026-07-13T16:08:10Z,2026-07-13T19:47:48Z,3.66
RG31 4DR,SEPD,LV,1,TQ4531,35,2026-07-13T16:08:10Z,2026-07-13T19:47:48Z,3.66
RG31 4DU,SEPD,LV,1,TQ4531,35,2026-07-13T16:08:10Z,2026-07-13T19:47:48Z,3.66
RG31 4EE,SEPD,LV,1,TQ4531,35,2026-07-13T16:08:10Z,2026-07-13T19:47:48Z,3.66
RG31 4EF,SEPD,LV,1,TQ4531,35,2026-07-13T16:08:10Z,2026-07-13T19:47:48Z,3.66
RG31 4EH,SEPD,LV,1,TQ4531,35,2026-07-13T16:08:10Z,2026-07-13T19:47:48Z,3.66
RG31 4EJ,SEPD,LV,1,TQ4531,35,2026-07-13T16:08:10Z,2026-07-13T19:47:48Z,3.66
RG31 4QZ,SEPD,LV,1,TQ4531,35,2026-07-13T16:08:10Z,2026-07-13T19:47:48Z,3.66
RG31 4SQ,SEPD,LV,1,TQ4531,35,2026-07-13T16:08:10Z,2026-07-13T19:47:48Z,3.66
SN4 7DW,SEPD,LV,1,TQ3218,13,2026-07-13T16:08:10Z,2026-07-13T19:47:48Z,3.66
GU15 2JA,SEPD,HV,1,TP6525,351,2026-07-09T05:13:28Z,2026-07-09T08:52:42Z,3.65
GU15 2JB,SEPD,HV,1,TP6525,351,2026-07-09T05:13:28Z,2026-07-09T08:52:42Z,3.65
GU15 2JG,SEPD,HV,1,TP6525,351,2026-07-09T05:13:28Z,2026-07-09T08:52:42Z,3.65
GU15 2JN,SEPD,HV,1,TP6525,351,2026-07-09T05:13:28Z,2026-07-09T08:52:42Z,3.65
GU15 2JP,SEPD,HV,1,TP6525,351,2026-07-09T05:13:28Z,2026-07-09T08:52:42Z,3.65
GU15 2JR,SEPD,HV,1,TP6525,351,2026-07-09T05:13:28Z,2026-07-09T08:52:42Z,3.65
GU15 2JS,SEPD,HV,1,TP6525,351,2026-07-09T05:13:28Z,2026-07-09T08:52:42Z,3.65
GU15 2JT,SEPD,HV,1,TP6525,351,2026-07-09T05:13:28Z,2026-07-09T08:52:42Z,3.65
GU15 2JU,SEPD,HV,1,TP6525,351,2026-07-09T05:13:28Z,2026-07-09T08:52:42Z,3.65
GU15 2JW,SEPD,HV,1,TP6525,351,2026-07-09T05:13:28Z,2026-07-09T08:52:42Z,3.65
GU15 2LA,SEPD,HV,1,TP6525,351,2026-07-09T05:13:28Z,2026-07-09T08:52:42Z,3.65
GU15 2LB,SEPD,HV,1,TP6525,351,2026-07-09T05:13:28Z,2026-07-09T08:52:42Z,3.65
GU15 2LE,SEPD,HV,1,TP6525,351,2026-07-09T05:13:28Z,2026-07-09T08:52:42Z,3.65
GU15 2LF,SEPD,HV,1,TP6525,351,2026-07-09T05:13:28Z,2026-07-09T08:52:42Z,3.65
GU15 2LL,SEPD,HV,1,TP6525,351,2026-07-09T05:13:28Z,2026-07-09T08:52:42Z,3.65
GU15 2LN,SEPD,HV,1,TP6525,351,2026-07-09T05:13:28Z,2026-07-09T08:52:42Z,3.65
GU15 2LP,SEPD,HV,1,TP6525,351,2026-07-09T05:13:28Z,2026-07-09T08:52:42Z,3.65
GU15 2LR,SEPD,HV,1,TP6525,351,2026-07-09T05:13:28Z,2026-07-09T08:52:42Z,3.65
GU15 2LS,SEPD,HV,1,TP6525,351,2026-07-09T05:13:28Z,2026-07-09T08:52:42Z,3.65
GU15 2LT,SEPD,HV,1,TP6525,351,2026-07-09T05:13:28Z,2026-07-09T08:52:42Z,3.65
GU15 2LU,SEPD,HV,1,TP6525,351,2026-07-09T05:13:28Z,2026-07-09T08:52:42Z,3.65
GU15 2LW,SEPD,HV,1,TP6525,351,2026-07-09T05:13:28Z,2026-07-09T08:52:42Z,3.65
GU15 2LX,SEPD,HV,1,TP6525,351,2026-07-09T05:13:28Z,2026-07-09T08:52:42Z,3.65
GU15 2NE,SEPD,HV,1,TP6525,351,2026-07-09T05:13:28Z,2026-07-09T08:52:42Z,3.65
GU15 2NN,SEPD,HV,1,TP6525,351,2026-07-09T05:13:28Z,2026-07-09T08:52:42Z,3.65
GU15 2TY,SEPD,HV,1,TP6525,351,2026-07-09T05:13:28Z,2026-07-09T08:52:42Z,3.65
GU15 2UH,SEPD,HV,1,TP6525,351,2026-07-09T05:13:28Z,2026-07-09T08:52:42Z,3.65
AB53 4GA,SHEPD,LV,1,TQ3098,10,2026-07-13T01:08:34Z,2026-07-13T04:45:35Z,3.62
AB53 4GB,SHEPD,LV,1,TQ3098,10,2026-07-13T01:08:34Z,2026-07-13T04:45:35Z,3.62
AB53 4GD,SHEPD,LV,1,TQ3098,10,2026-07-13T01:08:34Z,2026-07-13T04:45:35Z,3.62
OX11 9AG,SEPD,LV,1,TQ1622,3,2026-07-12T07:15:24Z,2026-07-12T10:50:00Z,3.58
OX11 9AQ,SEPD,LV,1,TQ1622,3,2026-07-12T07:15:24Z,2026-07-12T10:50:00Z,3.58
SN8 3SN,SEPD,HV,1,TQ5003,13,2026-07-13T18:05:33Z,2026-07-13T21:40:02Z,3.57
SN8 3SP,SEPD,HV,1,TQ5003,13,2026-07-13T18:05:33Z,2026-07-13T21:40:02Z,3.57
SN8 3SW,SEPD,HV,1,TQ5003,13,2026-07-13T18:05:33Z,2026-07-13T21:40:02Z,3.57
OX29 6PN,SEPD,"HV,LV",2,"TP5330,TQ6977",37,2026-07-08T21:43:50Z,2026-07-14T15:44:08Z,3.53
OX29 6PP,SEPD,"HV,LV",2,"TP5330,TQ6977",37,2026-07-08T21:43:50Z,2026-07-14T15:44:08Z,3.53
OX29 6PR,SEPD,"HV,LV",2,"TP5330,TQ6977",37,2026-07-08T21:43:50Z,2026-07-14T15:44:08Z,3.53
SN15 2JU,SEPD,HV,2,"TP6212,TQ4670",181,2026-07-08T21:43:50Z,2026-07-13T16:08:10Z,3.53
SN15 2NF,SEPD,HV,2,"TP6212,TQ4670",181,2026-07-08T21:43:50Z,2026-07-13T16:08:10Z,3.53
BA11 2BT,SEPD,LV,1,TP5733,11,2026-07-08T21:43:50Z,2026-07-09T01:15:22Z,3.53
BA11 2EU,SEPD,LV,1,TP5733,11,2026-07-08T21:43:50Z,2026-07-09T01:15:22Z,3.53
BA11 2EY,SEPD,LV,1,TP5733,11,2026-07-08T21:43:50Z,2026-07-09T01:15:22Z,3.53
BH16 5NX,SEPD,LV,1,TP5926,48,2026-07-08T21:43:50Z,2026-07-09T01:15:22Z,3.53
BH16 5NZ,SEPD,LV,1,TP5926,48,2026-07-08T21:43:50Z,2026-07-09T01:15:22Z,3.53
BH16 5PA,SEPD,LV,1,TP5926,48,2026-07-08T21:43:50Z,2026-07-09T01:15:22Z,3.53
BH16 5PB,SEPD,LV,1,TP5926,48,2026-07-08T21:43:50Z,2026-07-09T01:15:22Z,3.53
BH16 5QD,SEPD,LV,1,TP5926,48,2026-07-08T21:43:50Z,2026-07-09T01:15:22Z,3.53
BH16 5QG,SEPD,LV,1,TP5926,48,2026-07-08T21:43:50Z,2026-07-09T01:15:22Z,3.53
BH16 5QH,SEPD,LV,1,TP5926,48,2026-07-08T21:43:50Z,2026-07-09T01:15:22Z,3.53
BH16 5QJ,SEPD,LV,1,TP5926,48,2026-07-08T21:43:50Z,2026-07-09T01:15:22Z,3.53
OX29 6AP,SEPD,HV,1,TP5330,34,2026-07-08T21:43:50Z,2026-07-09T01:15:22Z,3.53
OX29 6PL,SEPD,HV,1,TP5330,34,2026-07-08T21:43:50Z,2026-07-09T01:15:22Z,3.53
OX29 6PQ,SEPD,HV,1,TP5330,34,2026-07-08T21:43:50Z,2026-07-09T01:15:22Z,3.53
OX29 6PS,SEPD,HV,1,TP5330,34,2026-07-08T21:43:50Z,2026-07-09T01:15:22Z,3.53
OX29 6PW,SEPD,HV,1,TP5330,34,2026-07-08T21:43:50Z,2026-07-09T01:15:22Z,3.53
OX29 8HQ,SEPD,HV,1,TP5330,34,2026-07-08T21:43:50Z,2026-07-09T01:15:22Z,3.53
SN14 0RW,SEPD,HV,1,TP6212,93,2026-07-08T21:43:50Z,2026-07-09T01:15:22Z,3.53
SN15 2NG,SEPD,HV,1,TP6212,93,2026-07-08T21:43:50Z,2026-07-09T01:15:22Z,3.53
SN15 2NR,SEPD,HV,1,TP6212,93,2026-07-08T21:43:50Z,2026-07-09T01:15:22Z,3.53
SN15 2NU,SEPD,HV,1,TP6212,93,2026-07-08T21:43:50Z,2026-07-09T01:15:22Z,3.53
SN15 2NX,SEPD,HV,1,TP6212,93,2026-07-08T21:43:50Z,2026-07-09T01:15:22Z,3.53
OX7 4DF,SEPD,"PSI,HV",2,"251930,TQ7391",142,2026-07-09T08:52:42Z,2026-07-14T20:44:33Z,3.52
DD5 3NA,SHEPD,PSI,1,253117,80,2026-07-09T08:52:42Z,2026-07-09T12:23:59Z,3.52
DD5 3NL,SHEPD,PSI,1,252131,15,2026-07-09T08:52:42Z,2026-07-09T12:23:59Z,3.52
DD5 3NS,SHEPD,PSI,1,253117,80,2026-07-09T08:52:42Z,2026-07-09T12:23:59Z,3.52
G83 8RG,SHEPD,PSI,1,251375,14,2026-07-09T08:52:42Z,2026-07-09T12:23:59Z,3.52
G83 8RQ,SHEPD,PSI,1,251375,14,2026-07-09T08:52:42Z,2026-07-09T12:23:59Z,3.52
OX7 4DG,SEPD,PSI,1,251930,37,2026-07-09T08:52:42Z,2026-07-09T12:23:59Z,3.52
OX7 4DH,SEPD,PSI,1,251930,37,2026-07-09T08:52:42Z,2026-07-09T12:23:59Z,3.52
OX7 4DU,SEPD,PSI,1,251930,37,2026-07-09T08:52:42Z,2026-07-09T12:23:59Z,3.52
OX7 7AD,SEPD,PSI,1,251930,37,2026-07-09T08:52:42Z,2026-07-09T12:23:59Z,3.52
OX7 7AP,SEPD,PSI,1,251930,37,2026-07-09T08:52:42Z,2026-07-09T12:23:59Z,3.52
OX7 7AR,SEPD,PSI,1,251930,37,2026-07-09T08:52:42Z,2026-07-09T12:23:59Z,3.52
OX7 7AS,SEPD,PSI,1,251930,37,2026-07-09T08:52:42Z,2026-07-09T12:23:59Z,3.52
OX7 7AT,SEPD,PSI,1,251930,37,2026-07-09T08:52:42Z,2026-07-09T12:23:59Z,3.52
OX7 7AU,SEPD,PSI,1,251930,37,2026-07-09T08:52:42Z,2026-07-09T12:23:59Z,3.52
OX7 7AW,SEPD,PSI,1,251930,37,2026-07-09T08:52:42Z,2026-07-09T12:23:59Z,3.52
OX7 7ES,SEPD,PSI,1,251930,37,2026-07-09T08:52:42Z,2026-07-09T12:23:59Z,3.52
SO21 1PL,SEPD,HV,1,TP6594,128,2026-07-09T08:52:42Z,2026-07-09T12:23:59Z,3.52
SO21 2BD,SEPD,HV,1,TP6594,128,2026-07-09T08:52:42Z,2026-07-09T12:23:59Z,3.52
SO21 2DE,SEPD,HV,1,TP6594,128,2026-07-09T08:52:42Z,2026-07-09T12:23:59Z,3.52
SO23 9PS,SEPD,HV,1,TP6594,128,2026-07-09T08:52:42Z,2026-07-09T12:23:59Z,3.52
SO23 9RJ,SEPD,HV,1,TP6594,128,2026-07-09T08:52:42Z,2026-07-09T12:23:59Z,3.52
SO23 9RS,SEPD,HV,1,TP6594,128,2026-07-09T08:52:42Z,2026-07-09T12:23:59Z,3.52
SO23 9RT,SEPD,HV,1,TP6594,128,2026-07-09T08:52:42Z,2026-07-09T12:23:59Z,3.52
SO23 9RX,SEPD,HV,1,TP6594,128,2026-07-09T08:52:42Z,2026-07-09T12:23:59Z,3.52
TW13 6YA,SEPD,LV,1,TP8325,45,2026-07-10T05:12:19Z,2026-07-10T08:42:42Z,3.51
TW13 6YB,SEPD,LV,1,TP8325,45,2026-07-10T05:12:19Z,2026-07-10T08:42:42Z,3.51
TW13 6YN,SEPD,LV,1,TP8325,45,2026-07-10T05:12:19Z,2026-07-10T08:42:42Z,3.51
TW13 6YP,SEPD,LV,1,TP8325,45,2026-07-10T05:12:19Z,2026-07-10T08:42:42Z,3.51
TW13 6YQ,SEPD,LV,1,TP8325,45,2026-07-10T05:12:19Z,2026-07-10T08:42:42Z,3.51
TW13 6YW,SEPD,LV,1,TP8325,45,2026-07-10T05:12:19Z,2026-07-10T08:42:42Z,3.51
DD7 6YB,SHEPD,LV,1,TP9778,6,2026-07-10T19:46:43Z,2026-07-10T23:14:08Z,3.46
DD7 7AE,SHEPD,LV,1,TP9778,6,2026-07-10T19:46:43Z,2026-07-10T23:14:08Z,3.46
DD7 7EA,SHEPD,LV,1,TP9778,6,2026-07-10T19:46:43Z,2026-07-10T23:14:08Z,3.46
DD7 7PA,SHEPD,LV,1,TP9778,6,2026-07-10T19:46:43Z,2026-07-10T23:14:08Z,3.46
DD7 7PB,SHEPD,LV,1,TP9778,6,2026-07-10T19:46:43Z,2026-07-10T23:14:08Z,3.46
PA28 6SE,SHEPD,LV,1,TQ1119,2,2026-07-12T10:50:00Z,2026-07-12T14:17:10Z,3.45
OX10 7JP,SEPD,PSI,1,253161,16,2026-07-13T07:58:35Z,2026-07-13T11:23:21Z,3.41
OX10 7JR,SEPD,PSI,1,253161,16,2026-07-13T07:58:35Z,2026-07-13T11:23:21Z,3.41
SN1 4AS,SEPD,HV,1,TQ3369,273,2026-07-13T07:58:35Z,2026-07-13T11:23:21Z,3.41
SN1 4AU,SEPD,HV,1,TQ3369,273,2026-07-13T07:58:35Z,2026-07-13T11:23:21Z,3.41
SN1 4AX,SEPD,HV,1,TQ3369,273,2026-07-13T07:58:35Z,2026-07-13T11:23:21Z,3.41
SN1 4BY,SEPD,HV,1,TQ3369,273,2026-07-13T07:58:35Z,2026-07-13T11:23:21Z,3.41
SN1 4BZ,SEPD,HV,1,TQ3369,273,2026-07-13T07:58:35Z,2026-07-13T11:23:21Z,3.41
SN1 4DA,SEPD,HV,1,TQ3369,273,2026-07-13T07:58:35Z,2026-07-13T11:23:21Z,3.41
SN1 4DB,SEPD,HV,1,TQ3369,273,2026-07-13T07:58:35Z,2026-07-13T11:23:21Z,3.41
SN1 4DE,SEPD,HV,1,TQ3369,273,2026-07-13T07:58:35Z,2026-07-13T11:23:21Z,3.41
SN1 4EL,SEPD,HV,1,TQ3369,273,2026-07-13T07:58:35Z,2026-07-13T11:23:21Z,3.41
SN1 4EN,SEPD,HV,1,TQ3369,273,2026-07-13T07:58:35Z,2026-07-13T11:23:21Z,3.41
SN1 4EW,SEPD,HV,1,TQ3369,273,2026-07-13T07:58:35Z,2026-07-13T11:23:21Z,3.41
SN1 4FE,SEPD,HV,1,TQ3369,273,2026-07-13T07:58:35Z,2026-07-13T11:23:21Z,3.41
SN1 4FF,SEPD,HV,1,TQ3369,273,2026-07-13T07:58:35Z,2026-07-13T11:23:21Z,3.41
SN1 4FZ,SEPD,HV,1,TQ3369,273,2026-07-13T07:58:35Z,2026-07-13T11:23:21Z,3.41
BH16 5DD,SEPD,"PSI,LV",2,"253402,TP6621",28,2026-07-09T08:52:42Z,2026-07-15T12:20:28Z,3.4
GU27 1JH,SEPD,"PSI,LV",2,"252147,TQ7931",86,2026-07-15T08:56:31Z,2026-07-15T12:20:28Z,3.4
AB30 1JQ,SHEPD,PSI,1,250933,16,2026-07-15T08:56:31Z,2026-07-15T12:20:28Z,3.4
AB30 1JX,SHEPD,PSI,1,250933,16,2026-07-15T08:56:31Z,2026-07-15T12:20:28Z,3.4
AB30 1NR,SHEPD,PSI,1,250933,16,2026-07-15T08:56:31Z,2026-07-15T12:20:28Z,3.4
G83 9LX,SHEPD,PSI,1,252953,4,2026-07-15T08:56:31Z,2026-07-15T12:20:28Z,3.4
PA42 7AX,SHEPD,PSI,1,252481,5,2026-07-15T08:56:31Z,2026-07-15T12:20:28Z,3.4
PA42 7AZ,SHEPD,PSI,1,252481,5,2026-07-15T08:56:31Z,2026-07-15T12:20:28Z,3.4
PH15 2JX,SHEPD,PSI,1,252440,8,2026-07-15T08:56:31Z,2026-07-15T12:20:28Z,3.4
PH9 0LR,SHEPD,PSI,1,252440,8,2026-07-15T08:56:31Z,2026-07-15T12:20:28Z,3.4
RH14 9BN,SEPD,PSI,1,252610,4,2026-07-15T08:56:31Z,2026-07-15T12:20:28Z,3.4
RH14 9BT,SEPD,PSI,1,252610,4,2026-07-15T08:56:31Z,2026-07-15T12:20:28Z,3.4
RH14 9BW,SEPD,PSI,1,252610,4,2026-07-15T08:56:31Z,2026-07-15T12:20:28Z,3.4
SO21 3AN,SEPD,PSI,1,252631,30,2026-07-15T08:56:31Z,2026-07-15T12:20:28Z,3.4
SO21 3BA,SEPD,PSI,1,252631,30,2026-07-15T08:56:31Z,2026-07-15T12:20:28Z,3.4
SO21 3BD,SEPD,PSI,1,252631,30,2026-07-15T08:56:31Z,2026-07-15T12:20:28Z,3.4
SO21 3BE,SEPD,PSI,1,252631,30,2026-07-15T08:56:31Z,2026-07-15T12:20:28Z,3.4
SO21 3BG,SEPD,PSI,1,252631,30,2026-07-15T08:56:31Z,2026-07-15T12:20:28Z,3.4
SO21 3SP,SEPD,PSI,1,252631,30,2026-07-15T08:56:31Z,2026-07-15T12:20:28Z,3.4
RG22 4NS,SEPD,LV,1,TQ1774,11,2026-07-12T09:21:50Z,2026-07-12T12:43:23Z,3.36
UB7 0NA,SEPD,PSI,1,252944,3,2026-07-12T09:21:50Z,2026-07-12T12:43:23Z,3.36
W3 7AH,SEPD,LV,1,TQ0546,55,2026-07-12T09:21:50Z,2026-07-12T12:43:23Z,3.36
W3 7AL,SEPD,LV,1,TQ0546,55,2026-07-12T09:21:50Z,2026-07-12T12:43:23Z,3.36
W3 7DA,SEPD,LV,1,TQ0546,55,2026-07-12T09:21:50Z,2026-07-12T12:43:23Z,3.36
W3 7DD,SEPD,LV,1,TQ0546,55,2026-07-12T09:21:50Z,2026-07-12T12:43:23Z,3.36
W3 7DE,SEPD,LV,1,TQ0546,55,2026-07-12T09:21:50Z,2026-07-12T12:43:23Z,3.36
W3 7DF,SEPD,LV,1,TQ0546,55,2026-07-12T09:21:50Z,2026-07-12T12:43:23Z,3.36
W3 7FQ,SEPD,LV,1,TQ0546,55,2026-07-12T09:21:50Z,2026-07-12T12:43:23Z,3.36
W3 7NE,SEPD,LV,1,TQ0546,55,2026-07-12T09:21:50Z,2026-07-12T12:43:23Z,3.36
W3 7NF,SEPD,LV,1,TQ0546,55,2026-07-12T09:21:50Z,2026-07-12T12:43:23Z,3.36
W3 7NP,SEPD,LV,1,TQ0546,55,2026-07-12T09:21:50Z,2026-07-12T12:43:23Z,3.36
W3 7NR,SEPD,LV,1,TQ0546,55,2026-07-12T09:21:50Z,2026-07-12T12:43:23Z,3.36
W3 7NT,SEPD,LV,1,TQ0546,55,2026-07-12T09:21:50Z,2026-07-12T12:43:23Z,3.36
W3 7TY,SEPD,LV,1,TQ0546,55,2026-07-12T09:21:50Z,2026-07-12T12:43:23Z,3.36
W3 7TZ,SEPD,LV,1,TQ0546,55,2026-07-12T09:21:50Z,2026-07-12T12:43:23Z,3.36
KW12 6UP,SHEPD,PSI,2,"252352,252447",31,2026-07-13T11:23:21Z,2026-07-14T11:57:59Z,3.34
BH21 5QN,SEPD,PSI,1,252261,28,2026-07-14T08:37:53Z,2026-07-14T11:57:59Z,3.34
BH21 5QP,SEPD,PSI,1,252261,28,2026-07-14T08:37:53Z,2026-07-14T11:57:59Z,3.34
BH21 5QR,SEPD,PSI,1,252261,28,2026-07-14T08:37:53Z,2026-07-14T11:57:59Z,3.34
BH21 5QS,SEPD,PSI,1,252261,28,2026-07-14T08:37:53Z,2026-07-14T11:57:59Z,3.34
BH21 5QW,SEPD,PSI,1,252261,28,2026-07-14T08:37:53Z,2026-07-14T11:57:59Z,3.34
BH21 5RU,SEPD,PSI,1,252261,28,2026-07-14T08:37:53Z,2026-07-14T11:57:59Z,3.34
BH24 1FF,SEPD,LV,1,TQ1932,32,2026-07-12T14:17:10Z,2026-07-12T17:37:39Z,3.34
BH24 1JJ,SEPD,LV,1,TQ1932,32,2026-07-12T14:17:10Z,2026-07-12T17:37:39Z,3.34
BH24 1XE,SEPD,LV,1,TQ1932,32,2026-07-12T14:17:10Z,2026-07-12T17:37:39Z,3.34
BH24 1XS,SEPD,LV,1,TQ1932,32,2026-07-12T14:17:10Z,2026-07-12T17:37:39Z,3.34
BH24 3AS,SEPD,LV,1,TQ1932,32,2026-07-12T14:17:10Z,2026-07-12T17:37:39Z,3.34
DD10 0ST,SHEPD,PSI,1,251513,6,2026-07-14T08:37:53Z,2026-07-14T11:57:59Z,3.34
DD10 0SU,SHEPD,PSI,1,251513,6,2026-07-14T08:37:53Z,2026-07-14T11:57:59Z,3.34
G83 8SD,SHEPD,PSI,1,253274,7,2026-07-14T08:37:53Z,2026-07-14T11:57:59Z,3.34
IV10 8RA,SHEPD,PSI,1,252389,12,2026-07-14T08:37:53Z,2026-07-14T11:57:59Z,3.34
IV9 8RE,SHEPD,PSI,1,252389,12,2026-07-14T08:37:53Z,2026-07-14T11:57:59Z,3.34
IV9 8RF,SHEPD,PSI,1,252389,12,2026-07-14T08:37:53Z,2026-07-14T11:57:59Z,3.34
KW1 5XR,SHEPD,PSI,1,252447,27,2026-07-14T08:37:53Z,2026-07-14T11:57:59Z,3.34
KW12 6UW,SHEPD,PSI,1,252447,27,2026-07-14T08:37:53Z,2026-07-14T11:57:59Z,3.34
KW14 8HW,SHEPD,PSI,1,252873,15,2026-07-14T08:37:53Z,2026-07-14T11:57:59Z,3.34
HS9 5YD,SHEPD,PSI,1,252485,9,2026-07-15T10:57:49Z,2026-07-15T14:16:47Z,3.32
RG20 5PJ,SEPD,LV,1,TQ6783,24,2026-07-14T21:42:31Z,2026-07-15T00:59:59Z,3.29
RG20 5PL,SEPD,LV,1,TQ6783,24,2026-07-14T21:42:31Z,2026-07-15T00:59:59Z,3.29
RG20 5PR,SEPD,LV,1,TQ6783,24,2026-07-14T21:42:31Z,2026-07-15T00:59:59Z,3.29
RG20 5PS,SEPD,LV,1,TQ6783,24,2026-07-14T21:42:31Z,2026-07-15T00:59:59Z,3.29
RG20 5PT,SEPD,LV,1,TQ6783,24,2026-07-14T21:42:31Z,2026-07-15T00:59:59Z,3.29
RG20 5PU,SEPD,LV,1,TQ6783,24,2026-07-14T21:42:31Z,2026-07-15T00:59:59Z,3.29
RG20 5PW,SEPD,LV,1,TQ6783,24,2026-07-14T21:42:31Z,2026-07-15T00:59:59Z,3.29
RG20 5PX,SEPD,LV,1,TQ6783,24,2026-07-14T21:42:31Z,2026-07-15T00:59:59Z,3.29
RG20 5QA,SEPD,LV,1,TQ6783,24,2026-07-14T21:42:31Z,2026-07-15T00:59:59Z,3.29
RG20 5QB,SEPD,LV,1,TQ6783,24,2026-07-14T21:42:31Z,2026-07-15T00:59:59Z,3.29
RG20 5QD,SEPD,LV,1,TQ6783,24,2026-07-14T21:42:31Z,2026-07-15T00:59:59Z,3.29
RG20 5QE,SEPD,LV,1,TQ6783,24,2026-07-14T21:42:31Z,2026-07-15T00:59:59Z,3.29
RG40 1RY,SEPD,LV,1,TQ3153,26,2026-07-13T04:45:35Z,2026-07-13T07:58:35Z,3.22
RG40 1RZ,SEPD,LV,1,TQ3153,26,2026-07-13T04:45:35Z,2026-07-13T07:58:35Z,3.22
RG40 1YZ,SEPD,LV,1,TQ3153,26,2026-07-13T04:45:35Z,2026-07-13T07:58:35Z,3.22
RG40 5PE,SEPD,LV,1,TQ3153,26,2026-07-13T04:45:35Z,2026-07-13T07:58:35Z,3.22
RG40 5PG,SEPD,LV,1,TQ3153,26,2026-07-13T04:45:35Z,2026-07-13T07:58:35Z,3.22
RG40 5PQ,SEPD,LV,1,TQ3153,26,2026-07-13T04:45:35Z,2026-07-13T07:58:35Z,3.22
RG40 5PT,SEPD,LV,1,TQ3153,26,2026-07-13T04:45:35Z,2026-07-13T07:58:35Z,3.22
GU51 2TG,SEPD,LV,1,TQ5312,24,2026-07-14T01:03:22Z,2026-07-14T04:13:30Z,3.17
GU51 2TN,SEPD,LV,1,TQ5312,24,2026-07-14T01:03:22Z,2026-07-14T04:13:30Z,3.17
GU51 2TP,SEPD,LV,1,TQ5312,24,2026-07-14T01:03:22Z,2026-07-14T04:13:30Z,3.17
GU51 2TQ,SEPD,LV,1,TQ5312,24,2026-07-14T01:03:22Z,2026-07-14T04:13:30Z,3.17
GU51 2TR,SEPD,LV,1,TQ5312,24,2026-07-14T01:03:22Z,2026-07-14T04:13:30Z,3.17
GU51 2TS,SEPD,LV,1,TQ5312,24,2026-07-14T01:03:22Z,2026-07-14T04:13:30Z,3.17
GU51 2TW,SEPD,LV,1,TQ5312,24,2026-07-14T01:03:22Z,2026-07-14T04:13:30Z,3.17
SN15 4LP,SEPD,"LV,HV",2,"TQ2163,TQ2235",17,2026-07-12T14:17:10Z,2026-07-12T18:36:49Z,3.12
SN15 4LR,SEPD,"LV,HV",2,"TQ2163,TQ2235",17,2026-07-12T14:17:10Z,2026-07-12T18:36:49Z,3.12
SN15 4LS,SEPD,HV,1,TQ2235,15,2026-07-12T15:29:48Z,2026-07-12T18:36:49Z,3.12
SN15 4LW,SEPD,HV,1,TQ2235,15,2026-07-12T15:29:48Z,2026-07-12T18:36:49Z,3.12
OX1 5BD,SEPD,LV,3,"TQ2352,TQ3292,TQ4443",30,2026-07-12T16:31:04Z,2026-07-13T18:05:33Z,3.07
OX1 5BH,SEPD,LV,3,"TQ2352,TQ3292,TQ4443",30,2026-07-12T16:31:04Z,2026-07-13T18:05:33Z,3.07
OX1 5BJ,SEPD,LV,3,"TQ2352,TQ3292,TQ4443",30,2026-07-12T16:31:04Z,2026-07-13T18:05:33Z,3.07
OX1 5BW,SEPD,LV,3,"TQ2352,TQ3292,TQ4443",30,2026-07-12T16:31:04Z,2026-07-13T18:05:33Z,3.07
BH4 9JH,SEPD,LV,1,TQ9135,3,2026-07-15T18:40:30Z,2026-07-15T21:43:50Z,3.06
KA27 8PR,SHEPD,LV,1,TN7463,5,2026-07-10T08:42:42Z,2026-07-10T11:35:22Z,2.88
KA27 8PX,SHEPD,LV,1,TN7463,5,2026-07-10T08:42:42Z,2026-07-10T11:35:22Z,2.88
KA27 8RH,SHEPD,LV,1,TN7463,5,2026-07-10T08:42:42Z,2026-07-10T11:35:22Z,2.88
OX25 6JU,SEPD,PSI,1,251933,26,2026-07-10T08:42:42Z,2026-07-10T11:35:22Z,2.88
OX25 6JX,SEPD,PSI,1,251933,26,2026-07-10T08:42:42Z,2026-07-10T11:35:22Z,2.88
OX7 7EH,SEPD,PSI,1,251933,26,2026-07-10T08:42:42Z,2026-07-10T11:35:22Z,2.88
OX7 7EJ,SEPD,PSI,1,251933,26,2026-07-10T08:42:42Z,2026-07-10T11:35:22Z,2.88
OX7 7EN,SEPD,PSI,1,251933,26,2026-07-10T08:42:42Z,2026-07-10T11:35:22Z,2.88
OX7 7EP,SEPD,PSI,1,251933,26,2026-07-10T08:42:42Z,2026-07-10T11:35:22Z,2.88
OX7 7EW,SEPD,PSI,1,251933,26,2026-07-10T08:42:42Z,2026-07-10T11:35:22Z,2.88
PO38 2AG,SEPD,PSI,1,252726,99,2026-07-10T08:42:42Z,2026-07-10T11:35:22Z,2.88
PO38 2NS,SEPD,PSI,1,252726,99,2026-07-10T08:42:42Z,2026-07-10T11:35:22Z,2.88
PO38 2NT,SEPD,PSI,1,252726,99,2026-07-10T08:42:42Z,2026-07-10T11:35:22Z,2.88
PO38 2NU,SEPD,PSI,1,252726,99,2026-07-10T08:42:42Z,2026-07-10T11:35:22Z,2.88
PO38 2NX,SEPD,PSI,1,252726,99,2026-07-10T08:42:42Z,2026-07-10T11:35:22Z,2.88
PO38 2NY,SEPD,PSI,1,252726,99,2026-07-10T08:42:42Z,2026-07-10T11:35:22Z,2.88
PO38 2NZ,SEPD,PSI,1,252726,99,2026-07-10T08:42:42Z,2026-07-10T11:35:22Z,2.88
PO38 2QF,SEPD,PSI,1,252726,99,2026-07-10T08:42:42Z,2026-07-10T11:35:22Z,2.88
PO38 2QH,SEPD,PSI,1,252726,99,2026-07-10T08:42:42Z,2026-07-10T11:35:22Z,2.88
PO38 2QJ,SEPD,PSI,1,252726,99,2026-07-10T08:42:42Z,2026-07-10T11:35:22Z,2.88
PO38 2QL,SEPD,PSI,1,252726,99,2026-07-10T08:42:42Z,2026-07-10T11:35:22Z,2.88
PO38 2QN,SEPD,PSI,1,252726,99,2026-07-10T08:42:42Z,2026-07-10T11:35:22Z,2.88
PO38 2QP,SEPD,PSI,1,252726,99,2026-07-10T08:42:42Z,2026-07-10T11:35:22Z,2.88
PO38 2QR,SEPD,PSI,1,252726,99,2026-07-10T08:42:42Z,2026-07-10T11:35:22Z,2.88
PO38 2QW,SEPD,PSI,1,252726,99,2026-07-10T08:42:42Z,2026-07-10T11:35:22Z,2.88
RG29 1BY,SEPD,HV,1,TP6169,79,2026-07-08T22:28:27Z,2026-07-09T01:15:22Z,2.78
RG29 1LB,SEPD,HV,1,TP6169,79,2026-07-08T22:28:27Z,2026-07-09T01:15:22Z,2.78
RG29 1LY,SEPD,HV,1,TP6169,79,2026-07-08T22:28:27Z,2026-07-09T01:15:22Z,2.78
RG29 1LZ,SEPD,HV,1,TP6169,79,2026-07-08T22:28:27Z,2026-07-09T01:15:22Z,2.78
RG29 1NB,SEPD,HV,1,TP6169,79,2026-07-08T22:28:27Z,2026-07-09T01:15:22Z,2.78
RG29 1ND,SEPD,HV,1,TP6169,79,2026-07-08T22:28:27Z,2026-07-09T01:15:22Z,2.78
RG29 1NE,SEPD,HV,1,TP6169,79,2026-07-08T22:28:27Z,2026-07-09T01:15:22Z,2.78
RG29 1NF,SEPD,HV,1,TP6169,79,2026-07-08T22:28:27Z,2026-07-09T01:15:22Z,2.78
RG29 1NG,SEPD,HV,1,TP6169,79,2026-07-08T22:28:27Z,2026-07-09T01:15:22Z,2.78
RG29 1NH,SEPD,HV,1,TP6169,79,2026-07-08T22:28:27Z,2026-07-09T01:15:22Z,2.78
RG29 1NJ,SEPD,HV,1,TP6169,79,2026-07-08T22:28:27Z,2026-07-09T01:15:22Z,2.78
RG29 1NL,SEPD,HV,1,TP6169,79,2026-07-08T22:28:27Z,2026-07-09T01:15:22Z,2.78
RG29 1NQ,SEPD,HV,1,TP6169,79,2026-07-08T22:28:27Z,2026-07-09T01:15:22Z,2.78
BH4 8BQ,SEPD,LV,1,TQ0597,6,2026-07-11T08:13:51Z,2026-07-11T10:59:11Z,2.76
BH4 8BW,SEPD,LV,1,TQ0597,6,2026-07-11T08:13:51Z,2026-07-11T10:59:11Z,2.76
SN14 0RE,SEPD,PSI,1,251956,56,2026-07-11T08:13:51Z,2026-07-11T10:59:11Z,2.76
SN14 0RF,SEPD,PSI,1,251956,56,2026-07-11T08:13:51Z,2026-07-11T10:59:11Z,2.76
SN14 0RG,SEPD,PSI,1,251956,56,2026-07-11T08:13:51Z,2026-07-11T10:59:11Z,2.76
SN14 0RH,SEPD,PSI,1,251956,56,2026-07-11T08:13:51Z,2026-07-11T10:59:11Z,2.76
SN14 0RQ,SEPD,PSI,1,251956,56,2026-07-11T08:13:51Z,2026-07-11T10:59:11Z,2.76
SN14 0SQ,SEPD,PSI,1,251956,56,2026-07-11T08:13:51Z,2026-07-11T10:59:11Z,2.76
SN14 6LY,SEPD,PSI,1,251956,56,2026-07-11T08:13:51Z,2026-07-11T10:59:11Z,2.76
SN14 6LZ,SEPD,PSI,1,251956,56,2026-07-11T08:13:51Z,2026-07-11T10:59:11Z,2.76
SN14 6NA,SEPD,PSI,1,251956,56,2026-07-11T08:13:51Z,2026-07-11T10:59:11Z,2.76
SN14 6NB,SEPD,PSI,1,251956,56,2026-07-11T08:13:51Z,2026-07-11T10:59:11Z,2.76
SO30 2GE,SEPD,HV,2,"TQ1547,TQ2996",1867,2026-07-12T09:21:50Z,2026-07-13T01:08:34Z,2.7
SO30 2AA,SEPD,HV,1,TQ2996,40,2026-07-12T22:26:26Z,2026-07-13T01:08:34Z,2.7
SO30 2AB,SEPD,HV,1,TQ2996,40,2026-07-12T22:26:26Z,2026-07-13T01:08:34Z,2.7
SO30 2BA,SEPD,HV,1,TQ2996,40,2026-07-12T22:26:26Z,2026-07-13T01:08:34Z,2.7
SO30 2BF,SEPD,HV,1,TQ2996,40,2026-07-12T22:26:26Z,2026-07-13T01:08:34Z,2.7
SO30 2DN,SEPD,HV,1,TQ2996,40,2026-07-12T22:26:26Z,2026-07-13T01:08:34Z,2.7
SO30 2DY,SEPD,HV,1,TQ2996,40,2026-07-12T22:26:26Z,2026-07-13T01:08:34Z,2.7
SO30 2EB,SEPD,HV,1,TQ2996,40,2026-07-12T22:26:26Z,2026-07-13T01:08:34Z,2.7
SO30 2EH,SEPD,HV,1,TQ2996,40,2026-07-12T22:26:26Z,2026-07-13T01:08:34Z,2.7
SO30 2FS,SEPD,HV,1,TQ2996,40,2026-07-12T22:26:26Z,2026-07-13T01:08:34Z,2.7
SO30 2FT,SEPD,HV,1,TQ2996,40,2026-07-12T22:26:26Z,2026-07-13T01:08:34Z,2.7
SO30 2GH,SEPD,HV,1,TQ2996,40,2026-07-12T22:26:26Z,2026-07-13T01:08:34Z,2.7
SO30 2GS,SEPD,HV,1,TQ2996,40,2026-07-12T22:26:26Z,2026-07-13T01:08:34Z,2.7
SO30 2GW,SEPD,HV,1,TQ2996,40,2026-07-12T22:26:26Z,2026-07-13T01:08:34Z,2.7
SO30 2HA,SEPD,HV,1,TQ2996,40,2026-07-12T22:26:26Z,2026-07-13T01:08:34Z,2.7
SO30 2HB,SEPD,HV,1,TQ2996,40,2026-07-12T22:26:26Z,2026-07-13T01:08:34Z,2.7
SO30 2HD,SEPD,HV,1,TQ2996,40,2026-07-12T22:26:26Z,2026-07-13T01:08:34Z,2.7
SO30 2JL,SEPD,HV,1,TQ2996,40,2026-07-12T22:26:26Z,2026-07-13T01:08:34Z,2.7
SO30 2LA,SEPD,HV,1,TQ2996,40,2026-07-12T22:26:26Z,2026-07-13T01:08:34Z,2.7
SO30 2SH,SEPD,HV,1,TQ2996,40,2026-07-12T22:26:26Z,2026-07-13T01:08:34Z,2.7
SO30 2SL,SEPD,HV,1,TQ2996,40,2026-07-12T22:26:26Z,2026-07-13T01:08:34Z,2.7
SO30 2SN,SEPD,HV,1,TQ2996,40,2026-07-12T22:26:26Z,2026-07-13T01:08:34Z,2.7
SO30 2SP,SEPD,HV,1,TQ2996,40,2026-07-12T22:26:26Z,2026-07-13T01:08:34Z,2.7
SO30 2SQ,SEPD,HV,1,TQ2996,40,2026-07-12T22:26:26Z,2026-07-13T01:08:34Z,2.7
SO30 2UA,SEPD,HV,1,TQ2996,40,2026-07-12T22:26:26Z,2026-07-13T01:08:34Z,2.7
SO32 1AD,SEPD,HV,1,TQ2996,40,2026-07-12T22:26:26Z,2026-07-13T01:08:34Z,2.7
SO32 2BA,SEPD,HV,1,TQ2996,40,2026-07-12T22:26:26Z,2026-07-13T01:08:34Z,2.7
SO32 2BB,SEPD,HV,1,TQ2996,40,2026-07-12T22:26:26Z,2026-07-13T01:08:34Z,2.7
SO32 2BD,SEPD,HV,1,TQ2996,40,2026-07-12T22:26:26Z,2026-07-13T01:08:34Z,2.7
SO32 2BJ,SEPD,HV,1,TQ2996,40,2026-07-12T22:26:26Z,2026-07-13T01:08:34Z,2.7
SO32 2BL,SEPD,HV,1,TQ2996,40,2026-07-12T22:26:26Z,2026-07-13T01:08:34Z,2.7
SO32 2BN,SEPD,HV,1,TQ2996,40,2026-07-12T22:26:26Z,2026-07-13T01:08:34Z,2.7
SO32 2BP,SEPD,HV,1,TQ2996,40,2026-07-12T22:26:26Z,2026-07-13T01:08:34Z,2.7
SO32 2BQ,SEPD,HV,1,TQ2996,40,2026-07-12T22:26:26Z,2026-07-13T01:08:34Z,2.7
SO32 2DA,SEPD,HV,1,TQ2996,40,2026-07-12T22:26:26Z,2026-07-13T01:08:34Z,2.7
SO32 2DP,SEPD,HV,1,TQ2996,40,2026-07-12T22:26:26Z,2026-07-13T01:08:34Z,2.7
SO32 2DQ,SEPD,HV,1,TQ2996,40,2026-07-12T22:26:26Z,2026-07-13T01:08:34Z,2.7
SO32 2DR,SEPD,HV,1,TQ2996,40,2026-07-12T22:26:26Z,2026-07-13T01:08:34Z,2.7
SO32 2DS,SEPD,HV,1,TQ2996,40,2026-07-12T22:26:26Z,2026-07-13T01:08:34Z,2.7
SO32 2DT,SEPD,HV,1,TQ2996,40,2026-07-12T22:26:26Z,2026-07-13T01:08:34Z,2.7
SO32 2DU,SEPD,HV,1,TQ2996,40,2026-07-12T22:26:26Z,2026-07-13T01:08:34Z,2.7
SO32 2HE,SEPD,HV,1,TQ2996,40,2026-07-12T22:26:26Z,2026-07-13T01:08:34Z,2.7
SO32 2HF,SEPD,HV,1,TQ2996,40,2026-07-12T22:26:26Z,2026-07-13T01:08:34Z,2.7
SO32 2HG,SEPD,HV,1,TQ2996,40,2026-07-12T22:26:26Z,2026-07-13T01:08:34Z,2.7
SO32 2HJ,SEPD,HV,1,TQ2996,40,2026-07-12T22:26:26Z,2026-07-13T01:08:34Z,2.7
BH7 6PU,SEPD,LV,1,TP7021,15,2026-07-09T14:16:37Z,2026-07-09T16:57:51Z,2.69
BH7 6QA,SEPD,LV,1,TP7021,15,2026-07-09T14:16:37Z,2026-07-09T16:57:51Z,2.69
BH7 6QB,SEPD,LV,1,TP7021,15,2026-07-09T14:16:37Z,2026-07-09T16:57:51Z,2.69
BH7 6QD,SEPD,LV,1,TP7021,15,2026-07-09T14:16:37Z,2026-07-09T16:57:51Z,2.69
BH7 6QG,SEPD,LV,1,TP7021,15,2026-07-09T14:16:37Z,2026-07-09T16:57:51Z,2.69
BH7 6QL,SEPD,LV,1,TP7021,15,2026-07-09T14:16:37Z,2026-07-09T16:57:51Z,2.69
BH7 6QQ,SEPD,LV,1,TP7021,15,2026-07-09T14:16:37Z,2026-07-09T16:57:51Z,2.69
HP12 4NP,SEPD,LV,1,TP7524,32,2026-07-09T14:16:37Z,2026-07-09T16:57:51Z,2.69
HP12 4NR,SEPD,LV,1,TP7524,32,2026-07-09T14:16:37Z,2026-07-09T16:57:51Z,2.69
HP12 4NX,SEPD,LV,1,TP7524,32,2026-07-09T14:16:37Z,2026-07-09T16:57:51Z,2.69
HP12 4NY,SEPD,LV,1,TP7524,32,2026-07-09T14:16:37Z,2026-07-09T16:57:51Z,2.69
HP12 4NZ,SEPD,LV,1,TP7524,32,2026-07-09T14:16:37Z,2026-07-09T16:57:51Z,2.69
S053,SEPD,HV,1,TQ1442,1447,2026-07-12T04:37:31Z,2026-07-12T07:15:24Z,2.63
SO45 5HE,SEPD,HV,1,TQ1422,308,2026-07-12T04:37:31Z,2026-07-12T07:15:24Z,2.63
SO45 5HF,SEPD,HV,1,TQ1422,308,2026-07-12T04:37:31Z,2026-07-12T07:15:24Z,2.63
SO45 5TN,SEPD,HV,1,TQ1422,308,2026-07-12T04:37:31Z,2026-07-12T07:15:24Z,2.63
SO45 5UX,SEPD,HV,1,TQ1422,308,2026-07-12T04:37:31Z,2026-07-12T07:15:24Z,2.63
SO45 5UY,SEPD,HV,1,TQ1422,308,2026-07-12T04:37:31Z,2026-07-12T07:15:24Z,2.63
SO45 5UZ,SEPD,HV,1,TQ1422,308,2026-07-12T04:37:31Z,2026-07-12T07:15:24Z,2.63
SO50,SEPD,HV,1,TQ1442,1447,2026-07-12T04:37:31Z,2026-07-12T07:15:24Z,2.63
SO50 0SB,SEPD,HV,1,TQ1442,1447,2026-07-12T04:37:31Z,2026-07-12T07:15:24Z,2.63
SO50 9NJ,SEPD,HV,1,TQ1442,1447,2026-07-12T04:37:31Z,2026-07-12T07:15:24Z,2.63
SO50 9NL,SEPD,HV,1,TQ1442,1447,2026-07-12T04:37:31Z,2026-07-12T07:15:24Z,2.63
SO50 9PG,SEPD,HV,1,TQ1442,1447,2026-07-12T04:37:31Z,2026-07-12T07:15:24Z,2.63
SO50 9PT,SEPD,HV,1,TQ1442,1447,2026-07-12T04:37:31Z,2026-07-12T07:15:24Z,2.63
SO50 9QE,SEPD,HV,1,TQ1442,1447,2026-07-12T04:37:31Z,2026-07-12T07:15:24Z,2.63
SO50 9SJ,SEPD,HV,1,TQ1442,1447,2026-07-12T04:37:31Z,2026-07-12T07:15:24Z,2.63
SO50 9TS,SEPD,HV,1,TQ1442,1447,2026-07-12T04:37:31Z,2026-07-12T07:15:24Z,2.63
SO50 9YA,SEPD,HV,1,TQ1442,1447,2026-07-12T04:37:31Z,2026-07-12T07:15:24Z,2.63
SO50 9YE,SEPD,HV,1,TQ1442,1447,2026-07-12T04:37:31Z,2026-07-12T07:15:24Z,2.63
SO50 9YX,SEPD,HV,1,TQ1442,1447,2026-07-12T04:37:31Z,2026-07-12T07:15:24Z,2.63
SO53 3AA,SEPD,HV,1,TQ1442,1447,2026-07-12T04:37:31Z,2026-07-12T07:15:24Z,2.63
SO53 3AE,SEPD,HV,1,TQ1442,1447,2026-07-12T04:37:31Z,2026-07-12T07:15:24Z,2.63
SO53 3AF,SEPD,HV,1,TQ1442,1447,2026-07-12T04:37:31Z,2026-07-12T07:15:24Z,2.63
SO53 3AJ,SEPD,HV,1,TQ1442,1447,2026-07-12T04:37:31Z,2026-07-12T07:15:24Z,2.63
SO53 3AS,SEPD,HV,1,TQ1442,1447,2026-07-12T04:37:31Z,2026-07-12T07:15:24Z,2.63
SO53 3AT,SEPD,HV,1,TQ1442,1447,2026-07-12T04:37:31Z,2026-07-12T07:15:24Z,2.63
SO53 3AU,SEPD,HV,1,TQ1442,1447,2026-07-12T04:37:31Z,2026-07-12T07:15:24Z,2.63
SO53 3AW,SEPD,HV,1,TQ1442,1447,2026-07-12T04:37:31Z,2026-07-12T07:15:24Z,2.63
SO53 3AX,SEPD,HV,1,TQ1442,1447,2026-07-12T04:37:31Z,2026-07-12T07:15:24Z,2.63
SO53 3AY,SEPD,HV,1,TQ1442,1447,2026-07-12T04:37:31Z,2026-07-12T07:15:24Z,2.63
SO53 3BP,SEPD,HV,1,TQ1442,1447,2026-07-12T04:37:31Z,2026-07-12T07:15:24Z,2.63
SO53 3BQ,SEPD,HV,1,TQ1442,1447,2026-07-12T04:37:31Z,2026-07-12T07:15:24Z,2.63
SO53 3BR,SEPD,HV,1,TQ1442,1447,2026-07-12T04:37:31Z,2026-07-12T07:15:24Z,2.63
SO53 3BS,SEPD,HV,1,TQ1442,1447,2026-07-12T04:37:31Z,2026-07-12T07:15:24Z,2.63
SO53 3DT,SEPD,HV,1,TQ1442,1447,2026-07-12T04:37:31Z,2026-07-12T07:15:24Z,2.63
SO53 3EG,SEPD,HV,1,TQ1442,1447,2026-07-12T04:37:31Z,2026-07-12T07:15:24Z,2.63
SO53 3EH,SEPD,HV,1,TQ1442,1447,2026-07-12T04:37:31Z,2026-07-12T07:15:24Z,2.63
SO53 3EJ,SEPD,HV,1,TQ1442,1447,2026-07-12T04:37:31Z,2026-07-12T07:15:24Z,2.63
SO53 3EL,SEPD,HV,1,TQ1442,1447,2026-07-12T04:37:31Z,2026-07-12T07:15:24Z,2.63
SO53 3EP,SEPD,HV,1,TQ1442,1447,2026-07-12T04:37:31Z,2026-07-12T07:15:24Z,2.63
SO53 3ET,SEPD,HV,1,TQ1442,1447,2026-07-12T04:37:31Z,2026-07-12T07:15:24Z,2.63
SO53 3EU,SEPD,HV,1,TQ1442,1447,2026-07-12T04:37:31Z,2026-07-12T07:15:24Z,2.63
SO53 3EW,SEPD,HV,1,TQ1442,1447,2026-07-12T04:37:31Z,2026-07-12T07:15:24Z,2.63
SO53 3EX,SEPD,HV,1,TQ1442,1447,2026-07-12T04:37:31Z,2026-07-12T07:15:24Z,2.63
SO53 3EY,SEPD,HV,1,TQ1442,1447,2026-07-12T04:37:31Z,2026-07-12T07:15:24Z,2.63
SO53 3EZ,SEPD,HV,1,TQ1442,1447,2026-07-12T04:37:31Z,2026-07-12T07:15:24Z,2.63
SO53 3FB,SEPD,HV,1,TQ1442,1447,2026-07-12T04:37:31Z,2026-07-12T07:15:24Z,2.63
SO53 3FD,SEPD,HV,1,TQ1442,1447,2026-07-12T04:37:31Z,2026-07-12T07:15:24Z,2.63
SO53 3FE,SEPD,HV,1,TQ1442,1447,2026-07-12T04:37:31Z,2026-07-12T07:15:24Z,2.63
SO53 3FF,SEPD,HV,1,TQ1442,1447,2026-07-12T04:37:31Z,2026-07-12T07:15:24Z,2.63
SO53 3FG,SEPD,HV,1,TQ1442,1447,2026-07-12T04:37:31Z,2026-07-12T07:15:24Z,2.63
SO53 3FH,SEPD,HV,1,TQ1442,1447,2026-07-12T04:37:31Z,2026-07-12T07:15:24Z,2.63
SO53 3FJ,SEPD,HV,1,TQ1442,1447,2026-07-12T04:37:31Z,2026-07-12T07:15:24Z,2.63
SO53 3FL,SEPD,HV,1,TQ1442,1447,2026-07-12T04:37:31Z,2026-07-12T07:15:24Z,2.63
SO53 3FN,SEPD,HV,1,TQ1442,1447,2026-07-12T04:37:31Z,2026-07-12T07:15:24Z,2.63
SO53 3FP,SEPD,HV,1,TQ1442,1447,2026-07-12T04:37:31Z,2026-07-12T07:15:24Z,2.63
SO53 3FR,SEPD,HV,1,TQ1442,1447,2026-07-12T04:37:31Z,2026-07-12T07:15:24Z,2.63
SO53 3FS,SEPD,HV,1,TQ1442,1447,2026-07-12T04:37:31Z,2026-07-12T07:15:24Z,2.63
SO53 3FU,SEPD,HV,1,TQ1442,1447,2026-07-12T04:37:31Z,2026-07-12T07:15:24Z,2.63
SO53 3FW,SEPD,HV,1,TQ1442,1447,2026-07-12T04:37:31Z,2026-07-12T07:15:24Z,2.63
SO53 3FX,SEPD,HV,1,TQ1442,1447,2026-07-12T04:37:31Z,2026-07-12T07:15:24Z,2.63
SO53 3FY,SEPD,HV,1,TQ1442,1447,2026-07-12T04:37:31Z,2026-07-12T07:15:24Z,2.63
SO53 3FZ,SEPD,HV,1,TQ1442,1447,2026-07-12T04:37:31Z,2026-07-12T07:15:24Z,2.63
SO53 3GA,SEPD,HV,1,TQ1442,1447,2026-07-12T04:37:31Z,2026-07-12T07:15:24Z,2.63
SO53 3GB,SEPD,HV,1,TQ1442,1447,2026-07-12T04:37:31Z,2026-07-12T07:15:24Z,2.63
SO53 3GD,SEPD,HV,1,TQ1442,1447,2026-07-12T04:37:31Z,2026-07-12T07:15:24Z,2.63
SO53 3GE,SEPD,HV,1,TQ1442,1447,2026-07-12T04:37:31Z,2026-07-12T07:15:24Z,2.63
SO53 3GF,SEPD,HV,1,TQ1442,1447,2026-07-12T04:37:31Z,2026-07-12T07:15:24Z,2.63
SO53 3GG,SEPD,HV,1,TQ1442,1447,2026-07-12T04:37:31Z,2026-07-12T07:15:24Z,2.63
SO53 3GH,SEPD,HV,1,TQ1442,1447,2026-07-12T04:37:31Z,2026-07-12T07:15:24Z,2.63
SO53 3GJ,SEPD,HV,1,TQ1442,1447,2026-07-12T04:37:31Z,2026-07-12T07:15:24Z,2.63
SO53 3GL,SEPD,HV,1,TQ1442,1447,2026-07-12T04:37:31Z,2026-07-12T07:15:24Z,2.63
SO53 3GN,SEPD,HV,1,TQ1442,1447,2026-07-12T04:37:31Z,2026-07-12T07:15:24Z,2.63
SO53 3GP,SEPD,HV,1,TQ1442,1447,2026-07-12T04:37:31Z,2026-07-12T07:15:24Z,2.63
SO53 3GQ,SEPD,HV,1,TQ1442,1447,2026-07-12T04:37:31Z,2026-07-12T07:15:24Z,2.63
SO53 3GR,SEPD,HV,1,TQ1442,1447,2026-07-12T04:37:31Z,2026-07-12T07:15:24Z,2.63
SO53 3GS,SEPD,HV,1,TQ1442,1447,2026-07-12T04:37:31Z,2026-07-12T07:15:24Z,2.63
SO53 3GT,SEPD,HV,1,TQ1442,1447,2026-07-12T04:37:31Z,2026-07-12T07:15:24Z,2.63
SO53 3GU,SEPD,HV,1,TQ1442,1447,2026-07-12T04:37:31Z,2026-07-12T07:15:24Z,2.63
SO53 3GW,SEPD,HV,1,TQ1442,1447,2026-07-12T04:37:31Z,2026-07-12T07:15:24Z,2.63
SO53 3GX,SEPD,HV,1,TQ1442,1447,2026-07-12T04:37:31Z,2026-07-12T07:15:24Z,2.63
SO53 3GY,SEPD,HV,1,TQ1442,1447,2026-07-12T04:37:31Z,2026-07-12T07:15:24Z,2.63
SO53 3HA,SEPD,HV,1,TQ1442,1447,2026-07-12T04:37:31Z,2026-07-12T07:15:24Z,2.63
SO53 3HB,SEPD,HV,1,TQ1442,1447,2026-07-12T04:37:31Z,2026-07-12T07:15:24Z,2.63
SO53 3HD,SEPD,HV,1,TQ1442,1447,2026-07-12T04:37:31Z,2026-07-12T07:15:24Z,2.63
SO53 3HE,SEPD,HV,1,TQ1442,1447,2026-07-12T04:37:31Z,2026-07-12T07:15:24Z,2.63
SO53 3HY,SEPD,HV,1,TQ1442,1447,2026-07-12T04:37:31Z,2026-07-12T07:15:24Z,2.63
SO53 3LA,SEPD,HV,1,TQ1442,1447,2026-07-12T04:37:31Z,2026-07-12T07:15:24Z,2.63
SO53 3LQ,SEPD,HV,1,TQ1442,1447,2026-07-12T04:37:31Z,2026-07-12T07:15:24Z,2.63
SO53 3LS,SEPD,HV,1,TQ1442,1447,2026-07-12T04:37:31Z,2026-07-12T07:15:24Z,2.63
SO53 3NA,SEPD,HV,1,TQ1442,1447,2026-07-12T04:37:31Z,2026-07-12T07:15:24Z,2.63
SO53 3RX,SEPD,HV,1,TQ1442,1447,2026-07-12T04:37:31Z,2026-07-12T07:15:24Z,2.63
SO53 3YX,SEPD,HV,1,TQ1442,1447,2026-07-12T04:37:31Z,2026-07-12T07:15:24Z,2.63
SO53 4AG,SEPD,HV,1,TQ1442,1447,2026-07-12T04:37:31Z,2026-07-12T07:15:24Z,2.63
SO53 4AH,SEPD,HV,1,TQ1442,1447,2026-07-12T04:37:31Z,2026-07-12T07:15:24Z,2.63
SO53 4DN,SEPD,HV,1,TQ1442,1447,2026-07-12T04:37:31Z,2026-07-12T07:15:24Z,2.63
BA9 9BL,SEPD,LV,1,TQ1201,14,2026-07-11T19:51:07Z,2026-07-11T22:27:58Z,2.61
BA9 9DD,SEPD,LV,1,TQ1201,14,2026-07-11T19:51:07Z,2026-07-11T22:27:58Z,2.61
KY13 0PU,SHEPD,HV,1,TQ7227,12,2026-07-14T18:11:22Z,2026-07-14T20:44:33Z,2.55
DD4 6NG,SHEPD,LV,1,TP9181,37,2026-07-10T13:35:06Z,2026-07-10T16:06:03Z,2.52
DD4 6NH,SHEPD,LV,1,TP9181,37,2026-07-10T13:35:06Z,2026-07-10T16:06:03Z,2.52
DD4 6NJ,SHEPD,LV,1,TP9181,37,2026-07-10T13:35:06Z,2026-07-10T16:06:03Z,2.52
DD4 6NQ,SHEPD,LV,1,TP9181,37,2026-07-10T13:35:06Z,2026-07-10T16:06:03Z,2.52
DD4 7ET,SHEPD,LV,1,TP9181,37,2026-07-10T13:35:06Z,2026-07-10T16:06:03Z,2.52
DD4 7EU,SHEPD,LV,1,TP9181,37,2026-07-10T13:35:06Z,2026-07-10T16:06:03Z,2.52
UB1 1NN,SEPD,LV,1,TP9441,15,2026-07-10T13:35:06Z,2026-07-10T16:06:03Z,2.52
UB1 1NP,SEPD,LV,1,TP9441,15,2026-07-10T13:35:06Z,2026-07-10T16:06:03Z,2.52
UB1 1NT,SEPD,LV,1,TP9441,15,2026-07-10T13:35:06Z,2026-07-10T16:06:03Z,2.52
UB1 1NW,SEPD,LV,1,TP9441,15,2026-07-10T13:35:06Z,2026-07-10T16:06:03Z,2.52
RG41,SEPD,HV,3,"TQ0561,TQ5705,TQ6759",1571,2026-07-11T08:13:51Z,2026-07-14T18:11:22Z,2.45
RG41 4SA,SEPD,HV,2,"TQ5705,TQ6759",1552,2026-07-14T08:37:53Z,2026-07-14T18:11:22Z,2.45
RG41 4SG,SEPD,HV,2,"TQ5705,TQ6759",1552,2026-07-14T08:37:53Z,2026-07-14T18:11:22Z,2.45
RG41 4SH,SEPD,HV,2,"TQ5705,TQ6759",1552,2026-07-14T08:37:53Z,2026-07-14T18:11:22Z,2.45
RG41 4SJ,SEPD,HV,2,"TQ5705,TQ6759",1552,2026-07-14T08:37:53Z,2026-07-14T18:11:22Z,2.45
RG41 5AP,SEPD,HV,2,"TQ5705,TQ6759",1552,2026-07-14T08:37:53Z,2026-07-14T18:11:22Z,2.45
RG41 5AS,SEPD,HV,2,"TQ5705,TQ6759",1552,2026-07-14T08:37:53Z,2026-07-14T18:11:22Z,2.45
RG41 5AT,SEPD,HV,2,"TQ5705,TQ6759",1552,2026-07-14T08:37:53Z,2026-07-14T18:11:22Z,2.45
RG41 5AU,SEPD,HV,2,"TQ5705,TQ6759",1552,2026-07-14T08:37:53Z,2026-07-14T18:11:22Z,2.45
RG41 5AX,SEPD,HV,2,"TQ5705,TQ6759",1552,2026-07-14T08:37:53Z,2026-07-14T18:11:22Z,2.45
RG41 5AY,SEPD,HV,2,"TQ5705,TQ6759",1552,2026-07-14T08:37:53Z,2026-07-14T18:11:22Z,2.45
RG41 5AZ,SEPD,HV,2,"TQ5705,TQ6759",1552,2026-07-14T08:37:53Z,2026-07-14T18:11:22Z,2.45
RG41 5BA,SEPD,HV,2,"TQ5705,TQ6759",1552,2026-07-14T08:37:53Z,2026-07-14T18:11:22Z,2.45
RG41 5BB,SEPD,HV,2,"TQ5705,TQ6759",1552,2026-07-14T08:37:53Z,2026-07-14T18:11:22Z,2.45
RG41 5BN,SEPD,HV,2,"TQ5705,TQ6759",1552,2026-07-14T08:37:53Z,2026-07-14T18:11:22Z,2.45
RG41 5BU,SEPD,HV,2,"TQ5705,TQ6759",1552,2026-07-14T08:37:53Z,2026-07-14T18:11:22Z,2.45
RG41 5BX,SEPD,HV,2,"TQ5705,TQ6759",1552,2026-07-14T08:37:53Z,2026-07-14T18:11:22Z,2.45
RG41 5BY,SEPD,HV,2,"TQ5705,TQ6759",1552,2026-07-14T08:37:53Z,2026-07-14T18:11:22Z,2.45
RG41 5DA,SEPD,HV,2,"TQ5705,TQ6759",1552,2026-07-14T08:37:53Z,2026-07-14T18:11:22Z,2.45
RG41 5DD,SEPD,HV,2,"TQ5705,TQ6759",1552,2026-07-14T08:37:53Z,2026-07-14T18:11:22Z,2.45
RG41 5DU,SEPD,HV,2,"TQ5705,TQ6759",1552,2026-07-14T08:37:53Z,2026-07-14T18:11:22Z,2.45
RG41 5EB,SEPD,HV,2,"TQ5705,TQ6759",1552,2026-07-14T08:37:53Z,2026-07-14T18:11:22Z,2.45
RG41 5EE,SEPD,HV,2,"TQ5705,TQ6759",1552,2026-07-14T08:37:53Z,2026-07-14T18:11:22Z,2.45
RG41 5EF,SEPD,HV,2,"TQ5705,TQ6759",1552,2026-07-14T08:37:53Z,2026-07-14T18:11:22Z,2.45
RG41 5EL,SEPD,HV,2,"TQ5705,TQ6759",1552,2026-07-14T08:37:53Z,2026-07-14T18:11:22Z,2.45
RG41 5ES,SEPD,HV,2,"TQ5705,TQ6759",1552,2026-07-14T08:37:53Z,2026-07-14T18:11:22Z,2.45
RG41 5HP,SEPD,HV,2,"TQ5705,TQ6759",1552,2026-07-14T08:37:53Z,2026-07-14T18:11:22Z,2.45
RG41 5HR,SEPD,HV,2,"TQ5705,TQ6759",1552,2026-07-14T08:37:53Z,2026-07-14T18:11:22Z,2.45
RG41 5HS,SEPD,HV,2,"TQ5705,TQ6759",1552,2026-07-14T08:37:53Z,2026-07-14T18:11:22Z,2.45
RG41 5HT,SEPD,HV,2,"TQ5705,TQ6759",1552,2026-07-14T08:37:53Z,2026-07-14T18:11:22Z,2.45
RG41 5HW,SEPD,HV,2,"TQ5705,TQ6759",1552,2026-07-14T08:37:53Z,2026-07-14T18:11:22Z,2.45
RG41 5JF,SEPD,HV,2,"TQ5705,TQ6759",1552,2026-07-14T08:37:53Z,2026-07-14T18:11:22Z,2.45
RG41 5LL,SEPD,HV,2,"TQ5705,TQ6759",1552,2026-07-14T08:37:53Z,2026-07-14T18:11:22Z,2.45
RG41 5LU,SEPD,HV,2,"TQ5705,TQ6759",1552,2026-07-14T08:37:53Z,2026-07-14T18:11:22Z,2.45
RG41 5LX,SEPD,HV,2,"TQ5705,TQ6759",1552,2026-07-14T08:37:53Z,2026-07-14T18:11:22Z,2.45
RG41 5LY,SEPD,HV,2,"TQ5705,TQ6759",1552,2026-07-14T08:37:53Z,2026-07-14T18:11:22Z,2.45
RG41 5NA,SEPD,HV,2,"TQ5705,TQ6759",1552,2026-07-14T08:37:53Z,2026-07-14T18:11:22Z,2.45
RG41 5NE,SEPD,HV,2,"TQ5705,TQ6759",1552,2026-07-14T08:37:53Z,2026-07-14T18:11:22Z,2.45
RG41 5NU,SEPD,HV,2,"TQ5705,TQ6759",1552,2026-07-14T08:37:53Z,2026-07-14T18:11:22Z,2.45
RG41 5PG,SEPD,HV,2,"TQ5705,TQ6759",1552,2026-07-14T08:37:53Z,2026-07-14T18:11:22Z,2.45
RG41 5PN,SEPD,HV,2,"TQ5705,TQ6759",1552,2026-07-14T08:37:53Z,2026-07-14T18:11:22Z,2.45
RG41 5PQ,SEPD,HV,2,"TQ5705,TQ6759",1552,2026-07-14T08:37:53Z,2026-07-14T18:11:22Z,2.45
RG41 5PS,SEPD,HV,2,"TQ5705,TQ6759",1552,2026-07-14T08:37:53Z,2026-07-14T18:11:22Z,2.45
RG41 5PW,SEPD,HV,2,"TQ5705,TQ6759",1552,2026-07-14T08:37:53Z,2026-07-14T18:11:22Z,2.45
RG41 5RL,SEPD,HV,2,"TQ5705,TQ6759",1552,2026-07-14T08:37:53Z,2026-07-14T18:11:22Z,2.45
RG41 5SB,SEPD,HV,2,"TQ5705,TQ6759",1552,2026-07-14T08:37:53Z,2026-07-14T18:11:22Z,2.45
RG41 5SD,SEPD,HV,2,"TQ5705,TQ6759",1552,2026-07-14T08:37:53Z,2026-07-14T18:11:22Z,2.45
RG41 5SE,SEPD,HV,2,"TQ5705,TQ6759",1552,2026-07-14T08:37:53Z,2026-07-14T18:11:22Z,2.45
RG41 5SF,SEPD,HV,2,"TQ5705,TQ6759",1552,2026-07-14T08:37:53Z,2026-07-14T18:11:22Z,2.45
RG41 5SG,SEPD,HV,2,"TQ5705,TQ6759",1552,2026-07-14T08:37:53Z,2026-07-14T18:11:22Z,2.45
RG41 5SN,SEPD,HV,2,"TQ5705,TQ6759",1552,2026-07-14T08:37:53Z,2026-07-14T18:11:22Z,2.45
RG41 5SW,SEPD,HV,2,"TQ5705,TQ6759",1552,2026-07-14T08:37:53Z,2026-07-14T18:11:22Z,2.45
RG41 5XG,SEPD,HV,2,"TQ5705,TQ6759",1552,2026-07-14T08:37:53Z,2026-07-14T18:11:22Z,2.45
RG41 5XL,SEPD,HV,2,"TQ5705,TQ6759",1552,2026-07-14T08:37:53Z,2026-07-14T18:11:22Z,2.45
RG41 5XP,SEPD,HV,2,"TQ5705,TQ6759",1552,2026-07-14T08:37:53Z,2026-07-14T18:11:22Z,2.45
RG41 5XS,SEPD,HV,2,"TQ5705,TQ6759",1552,2026-07-14T08:37:53Z,2026-07-14T18:11:22Z,2.45
RG5 3PY,SEPD,HV,2,"TQ5705,TQ6759",1552,2026-07-14T08:37:53Z,2026-07-14T18:11:22Z,2.45
RG5 3QX,SEPD,HV,2,"TQ5705,TQ6759",1552,2026-07-14T08:37:53Z,2026-07-14T18:11:22Z,2.45
RG5 3QY,SEPD,HV,2,"TQ5705,TQ6759",1552,2026-07-14T08:37:53Z,2026-07-14T18:11:22Z,2.45
RG5 3RA,SEPD,HV,2,"TQ5705,TQ6759",1552,2026-07-14T08:37:53Z,2026-07-14T18:11:22Z,2.45
RG5 3RB,SEPD,HV,2,"TQ5705,TQ6759",1552,2026-07-14T08:37:53Z,2026-07-14T18:11:22Z,2.45
RG5 3RD,SEPD,HV,2,"TQ5705,TQ6759",1552,2026-07-14T08:37:53Z,2026-07-14T18:11:22Z,2.45
RG5 3RG,SEPD,HV,2,"TQ5705,TQ6759",1552,2026-07-14T08:37:53Z,2026-07-14T18:11:22Z,2.45
RG5 3RH,SEPD,HV,2,"TQ5705,TQ6759",1552,2026-07-14T08:37:53Z,2026-07-14T18:11:22Z,2.45
RG5 3RJ,SEPD,HV,2,"TQ5705,TQ6759",1552,2026-07-14T08:37:53Z,2026-07-14T18:11:22Z,2.45
RG5 3RL,SEPD,HV,2,"TQ5705,TQ6759",1552,2026-07-14T08:37:53Z,2026-07-14T18:11:22Z,2.45
RG5 3RN,SEPD,HV,2,"TQ5705,TQ6759",1552,2026-07-14T08:37:53Z,2026-07-14T18:11:22Z,2.45
RG5 3RP,SEPD,HV,2,"TQ5705,TQ6759",1552,2026-07-14T08:37:53Z,2026-07-14T18:11:22Z,2.45
RG5 3RR,SEPD,HV,2,"TQ5705,TQ6759",1552,2026-07-14T08:37:53Z,2026-07-14T18:11:22Z,2.45
RG5 3RS,SEPD,HV,2,"TQ5705,TQ6759",1552,2026-07-14T08:37:53Z,2026-07-14T18:11:22Z,2.45
RG5 3RT,SEPD,HV,2,"TQ5705,TQ6759",1552,2026-07-14T08:37:53Z,2026-07-14T18:11:22Z,2.45
RG5 4AP,SEPD,HV,2,"TQ5705,TQ6759",1552,2026-07-14T08:37:53Z,2026-07-14T18:11:22Z,2.45
RG5 4AR,SEPD,HV,2,"TQ5705,TQ6759",1552,2026-07-14T08:37:53Z,2026-07-14T18:11:22Z,2.45
RG5 4DL,SEPD,HV,2,"TQ5705,TQ6759",1552,2026-07-14T08:37:53Z,2026-07-14T18:11:22Z,2.45
OX4 3EH,SEPD,LV,1,TQ1838,13,2026-07-12T09:21:50Z,2026-07-12T11:48:38Z,2.45
SN6 6LP,SEPD,PSI,1,252717,9,2026-07-12T09:21:50Z,2026-07-12T11:48:38Z,2.45
SN6 6LW,SEPD,PSI,1,252717,9,2026-07-12T09:21:50Z,2026-07-12T11:48:38Z,2.45
SO51 6BA,SEPD,LV,1,TQ6939,13,2026-07-14T15:44:08Z,2026-07-14T18:11:22Z,2.45
SO51 8HG,SEPD,LV,1,TQ6939,13,2026-07-14T15:44:08Z,2026-07-14T18:11:22Z,2.45
SO51 8HH,SEPD,LV,1,TQ6939,13,2026-07-14T15:44:08Z,2026-07-14T18:11:22Z,2.45
SO51 8HN,SEPD,LV,1,TQ6939,13,2026-07-14T15:44:08Z,2026-07-14T18:11:22Z,2.45
HS2 9BS,SHEPD,HV,1,TP9901,28,2026-07-10T19:46:43Z,2026-07-10T22:12:11Z,2.42
HS2 9DA,SHEPD,HV,1,TP9901,28,2026-07-10T19:46:43Z,2026-07-10T22:12:11Z,2.42
HS2 9DD,SHEPD,HV,1,TP9901,28,2026-07-10T19:46:43Z,2026-07-10T22:12:11Z,2.42
HS2 9DE,SHEPD,HV,1,TP9901,28,2026-07-10T19:46:43Z,2026-07-10T22:12:11Z,2.42
HS2 9DF,SHEPD,HV,1,TP9901,28,2026-07-10T19:46:43Z,2026-07-10T22:12:11Z,2.42
HS2 9DG,SHEPD,HV,1,TP9901,28,2026-07-10T19:46:43Z,2026-07-10T22:12:11Z,2.42
HS2 9DH,SHEPD,HV,1,TP9901,28,2026-07-10T19:46:43Z,2026-07-10T22:12:11Z,2.42
HS2 9DQ,SHEPD,HV,1,TP9901,28,2026-07-10T19:46:43Z,2026-07-10T22:12:11Z,2.42
BH23 3AS,SEPD,LV,1,TQ7508,31,2026-07-14T22:40:58Z,2026-07-15T00:59:59Z,2.32
BH23 3DP,SEPD,LV,1,TQ7508,31,2026-07-14T22:40:58Z,2026-07-15T00:59:59Z,2.32
BH23 3DW,SEPD,LV,1,TQ7508,31,2026-07-14T22:40:58Z,2026-07-15T00:59:59Z,2.32
BH23 3DZ,SEPD,LV,1,TQ7508,31,2026-07-14T22:40:58Z,2026-07-15T00:59:59Z,2.32
BH23 3EB,SEPD,LV,1,TQ7508,31,2026-07-14T22:40:58Z,2026-07-15T00:59:59Z,2.32
BH23 3ED,SEPD,LV,1,TQ7508,31,2026-07-14T22:40:58Z,2026-07-15T00:59:59Z,2.32
BH23 3EF,SEPD,LV,1,TQ7508,31,2026-07-14T22:40:58Z,2026-07-15T00:59:59Z,2.32
BH23 3EH,SEPD,LV,1,TQ7508,31,2026-07-14T22:40:58Z,2026-07-15T00:59:59Z,2.32
BH23 3QE,SEPD,LV,1,TQ7508,31,2026-07-14T22:40:58Z,2026-07-15T00:59:59Z,2.32
GU10 4DL,SEPD,HV,1,TQ0381,103,2026-07-11T06:03:46Z,2026-07-11T08:13:51Z,2.17
GU10 5BF,SEPD,HV,1,TQ0381,103,2026-07-11T06:03:46Z,2026-07-11T08:13:51Z,2.17
GU10 5DF,SEPD,HV,1,TQ0381,103,2026-07-11T06:03:46Z,2026-07-11T08:13:51Z,2.17
GU10 5EW,SEPD,HV,1,TQ0381,103,2026-07-11T06:03:46Z,2026-07-11T08:13:51Z,2.17
GU10 5HE,SEPD,HV,1,TQ0381,103,2026-07-11T06:03:46Z,2026-07-11T08:13:51Z,2.17
GU10 5HF,SEPD,HV,1,TQ0381,103,2026-07-11T06:03:46Z,2026-07-11T08:13:51Z,2.17
GU10 5HG,SEPD,HV,1,TQ0381,103,2026-07-11T06:03:46Z,2026-07-11T08:13:51Z,2.17
GU10 5HH,SEPD,HV,1,TQ0381,103,2026-07-11T06:03:46Z,2026-07-11T08:13:51Z,2.17
GU10 5HQ,SEPD,HV,1,TQ0381,103,2026-07-11T06:03:46Z,2026-07-11T08:13:51Z,2.17
GU10 5HU,SEPD,HV,1,TQ0381,103,2026-07-11T06:03:46Z,2026-07-11T08:13:51Z,2.17
GU10 5HY,SEPD,HV,1,TQ0381,103,2026-07-11T06:03:46Z,2026-07-11T08:13:51Z,2.17
GU10 5JJ,SEPD,HV,1,TQ0381,103,2026-07-11T06:03:46Z,2026-07-11T08:13:51Z,2.17
GU10 5JL,SEPD,HV,1,TQ0381,103,2026-07-11T06:03:46Z,2026-07-11T08:13:51Z,2.17
GU10 5JN,SEPD,HV,1,TQ0381,103,2026-07-11T06:03:46Z,2026-07-11T08:13:51Z,2.17
GU10 5JP,SEPD,HV,1,TQ0381,103,2026-07-11T06:03:46Z,2026-07-11T08:13:51Z,2.17
GU10 5JT,SEPD,HV,1,TQ0381,103,2026-07-11T06:03:46Z,2026-07-11T08:13:51Z,2.17
GU10 5JW,SEPD,HV,1,TQ0381,103,2026-07-11T06:03:46Z,2026-07-11T08:13:51Z,2.17
GU10 5LD,SEPD,HV,1,TQ0381,103,2026-07-11T06:03:46Z,2026-07-11T08:13:51Z,2.17
GU10 5LE,SEPD,HV,1,TQ0381,103,2026-07-11T06:03:46Z,2026-07-11T08:13:51Z,2.17
GU10 5LH,SEPD,HV,1,TQ0381,103,2026-07-11T06:03:46Z,2026-07-11T08:13:51Z,2.17
GU10 5LL,SEPD,HV,1,TQ0381,103,2026-07-11T06:03:46Z,2026-07-11T08:13:51Z,2.17
GU10 5LN,SEPD,HV,1,TQ0381,103,2026-07-11T06:03:46Z,2026-07-11T08:13:51Z,2.17
GU10 5LP,SEPD,HV,1,TQ0381,103,2026-07-11T06:03:46Z,2026-07-11T08:13:51Z,2.17
GU10 5LQ,SEPD,HV,1,TQ0381,103,2026-07-11T06:03:46Z,2026-07-11T08:13:51Z,2.17
GU10 5LR,SEPD,HV,1,TQ0381,103,2026-07-11T06:03:46Z,2026-07-11T08:13:51Z,2.17
GU10 5LS,SEPD,HV,1,TQ0381,103,2026-07-11T06:03:46Z,2026-07-11T08:13:51Z,2.17
GU10 5LT,SEPD,HV,1,TQ0381,103,2026-07-11T06:03:46Z,2026-07-11T08:13:51Z,2.17
GU10 5LU,SEPD,HV,1,TQ0381,103,2026-07-11T06:03:46Z,2026-07-11T08:13:51Z,2.17
GU10 5LW,SEPD,HV,1,TQ0381,103,2026-07-11T06:03:46Z,2026-07-11T08:13:51Z,2.17
GU10 5LY,SEPD,HV,1,TQ0381,103,2026-07-11T06:03:46Z,2026-07-11T08:13:51Z,2.17
GU10 5LZ,SEPD,HV,1,TQ0381,103,2026-07-11T06:03:46Z,2026-07-11T08:13:51Z,2.17
GU10 5NA,SEPD,HV,1,TQ0381,103,2026-07-11T06:03:46Z,2026-07-11T08:13:51Z,2.17
GU10 5NB,SEPD,HV,1,TQ0381,103,2026-07-11T06:03:46Z,2026-07-11T08:13:51Z,2.17
GU10 5ND,SEPD,HV,1,TQ0381,103,2026-07-11T06:03:46Z,2026-07-11T08:13:51Z,2.17
GU10 5NE,SEPD,HV,1,TQ0381,103,2026-07-11T06:03:46Z,2026-07-11T08:13:51Z,2.17
GU10 5NF,SEPD,HV,1,TQ0381,103,2026-07-11T06:03:46Z,2026-07-11T08:13:51Z,2.17
GU10 5NG,SEPD,HV,1,TQ0381,103,2026-07-11T06:03:46Z,2026-07-11T08:13:51Z,2.17
GU10 5NH,SEPD,HV,1,TQ0381,103,2026-07-11T06:03:46Z,2026-07-11T08:13:51Z,2.17
GU10 5NJ,SEPD,HV,1,TQ0381,103,2026-07-11T06:03:46Z,2026-07-11T08:13:51Z,2.17
GU10 5NQ,SEPD,HV,1,TQ0381,103,2026-07-11T06:03:46Z,2026-07-11T08:13:51Z,2.17
GU34 4DB,SEPD,HV,1,TQ0381,103,2026-07-11T06:03:46Z,2026-07-11T08:13:51Z,2.17
GU34 4DD,SEPD,HV,1,TQ0381,103,2026-07-11T06:03:46Z,2026-07-11T08:13:51Z,2.17
GU34 4FF,SEPD,HV,1,TQ0381,103,2026-07-11T06:03:46Z,2026-07-11T08:13:51Z,2.17
GU34 4JA,SEPD,HV,1,TQ0381,103,2026-07-11T06:03:46Z,2026-07-11T08:13:51Z,2.17
GU34 4JG,SEPD,HV,1,TQ0381,103,2026-07-11T06:03:46Z,2026-07-11T08:13:51Z,2.17
GU34 4JH,SEPD,HV,1,TQ0381,103,2026-07-11T06:03:46Z,2026-07-11T08:13:51Z,2.17
GU34 4JL,SEPD,HV,1,TQ0381,103,2026-07-11T06:03:46Z,2026-07-11T08:13:51Z,2.17
GU34 4JP,SEPD,HV,1,TQ0381,103,2026-07-11T06:03:46Z,2026-07-11T08:13:51Z,2.17
GU34 4JQ,SEPD,HV,1,TQ0381,103,2026-07-11T06:03:46Z,2026-07-11T08:13:51Z,2.17
GU34 4JR,SEPD,HV,1,TQ0381,103,2026-07-11T06:03:46Z,2026-07-11T08:13:51Z,2.17
GU34 4JS,SEPD,HV,1,TQ0381,103,2026-07-11T06:03:46Z,2026-07-11T08:13:51Z,2.17
GU34 4JT,SEPD,HV,1,TQ0381,103,2026-07-11T06:03:46Z,2026-07-11T08:13:51Z,2.17
GU34 4JU,SEPD,HV,1,TQ0381,103,2026-07-11T06:03:46Z,2026-07-11T08:13:51Z,2.17
GU34 4JW,SEPD,HV,1,TQ0381,103,2026-07-11T06:03:46Z,2026-07-11T08:13:51Z,2.17
GU34 4JX,SEPD,HV,1,TQ0381,103,2026-07-11T06:03:46Z,2026-07-11T08:13:51Z,2.17
GU34 4JY,SEPD,HV,1,TQ0381,103,2026-07-11T06:03:46Z,2026-07-11T08:13:51Z,2.17
GU34 4JZ,SEPD,HV,1,TQ0381,103,2026-07-11T06:03:46Z,2026-07-11T08:13:51Z,2.17
GU34 4LA,SEPD,HV,1,TQ0381,103,2026-07-11T06:03:46Z,2026-07-11T08:13:51Z,2.17
GU34 4LB,SEPD,HV,1,TQ0381,103,2026-07-11T06:03:46Z,2026-07-11T08:13:51Z,2.17
GU34 4LD,SEPD,HV,1,TQ0381,103,2026-07-11T06:03:46Z,2026-07-11T08:13:51Z,2.17
GU34 4LE,SEPD,HV,1,TQ0381,103,2026-07-11T06:03:46Z,2026-07-11T08:13:51Z,2.17
GU34 4LF,SEPD,HV,1,TQ0381,103,2026-07-11T06:03:46Z,2026-07-11T08:13:51Z,2.17
GU34 4LG,SEPD,HV,1,TQ0381,103,2026-07-11T06:03:46Z,2026-07-11T08:13:51Z,2.17
GU34 4LH,SEPD,HV,1,TQ0381,103,2026-07-11T06:03:46Z,2026-07-11T08:13:51Z,2.17
GU34 4LJ,SEPD,HV,1,TQ0381,103,2026-07-11T06:03:46Z,2026-07-11T08:13:51Z,2.17
GU34 4LL,SEPD,HV,1,TQ0381,103,2026-07-11T06:03:46Z,2026-07-11T08:13:51Z,2.17
GU34 4LN,SEPD,HV,1,TQ0381,103,2026-07-11T06:03:46Z,2026-07-11T08:13:51Z,2.17
GU34 4LP,SEPD,HV,1,TQ0381,103,2026-07-11T06:03:46Z,2026-07-11T08:13:51Z,2.17
GU34 4LQ,SEPD,HV,1,TQ0381,103,2026-07-11T06:03:46Z,2026-07-11T08:13:51Z,2.17
GU34 4LR,SEPD,HV,1,TQ0381,103,2026-07-11T06:03:46Z,2026-07-11T08:13:51Z,2.17
GU34 4LS,SEPD,HV,1,TQ0381,103,2026-07-11T06:03:46Z,2026-07-11T08:13:51Z,2.17
GU34 4LT,SEPD,HV,1,TQ0381,103,2026-07-11T06:03:46Z,2026-07-11T08:13:51Z,2.17
GU34 4LU,SEPD,HV,1,TQ0381,103,2026-07-11T06:03:46Z,2026-07-11T08:13:51Z,2.17
GU34 4LW,SEPD,HV,1,TQ0381,103,2026-07-11T06:03:46Z,2026-07-11T08:13:51Z,2.17
GU34 4LX,SEPD,HV,1,TQ0381,103,2026-07-11T06:03:46Z,2026-07-11T08:13:51Z,2.17
GU34 4LY,SEPD,HV,1,TQ0381,103,2026-07-11T06:03:46Z,2026-07-11T08:13:51Z,2.17
GU34 4NA,SEPD,HV,1,TQ0381,103,2026-07-11T06:03:46Z,2026-07-11T08:13:51Z,2.17
GU34 4NB,SEPD,HV,1,TQ0381,103,2026-07-11T06:03:46Z,2026-07-11T08:13:51Z,2.17
GU34 4ND,SEPD,HV,1,TQ0381,103,2026-07-11T06:03:46Z,2026-07-11T08:13:51Z,2.17
GU34 4NF,SEPD,HV,1,TQ0381,103,2026-07-11T06:03:46Z,2026-07-11T08:13:51Z,2.17
GU34 4NH,SEPD,HV,1,TQ0381,103,2026-07-11T06:03:46Z,2026-07-11T08:13:51Z,2.17
SO30 2NS,SEPD,"HV,LV",2,"TQ2996,TQ3554",52,2026-07-12T22:26:26Z,2026-07-13T13:32:50Z,2.16
SO30 2NT,SEPD,"HV,LV",2,"TQ2996,TQ3554",52,2026-07-12T22:26:26Z,2026-07-13T13:32:50Z,2.16
SO30 2SU,SEPD,"HV,LV",2,"TQ2996,TQ3554",52,2026-07-12T22:26:26Z,2026-07-13T13:32:50Z,2.16
SO30 2SW,SEPD,"HV,LV",2,"TQ2996,TQ3554",52,2026-07-12T22:26:26Z,2026-07-13T13:32:50Z,2.16
SO30 2SY,SEPD,"HV,LV",2,"TQ2996,TQ3554",52,2026-07-12T22:26:26Z,2026-07-13T13:32:50Z,2.16
AB42 5NT,SHEPD,PSI,1,251975,9,2026-07-13T11:23:21Z,2026-07-13T13:32:50Z,2.16
AB42 5NU,SHEPD,PSI,1,251975,9,2026-07-13T11:23:21Z,2026-07-13T13:32:50Z,2.16
AB42 5NX,SHEPD,PSI,1,251975,9,2026-07-13T11:23:21Z,2026-07-13T13:32:50Z,2.16
AB42 5PA,SHEPD,PSI,1,251975,9,2026-07-13T11:23:21Z,2026-07-13T13:32:50Z,2.16
AB42 5PE,SHEPD,PSI,1,251975,9,2026-07-13T11:23:21Z,2026-07-13T13:32:50Z,2.16
AB42 5PF,SHEPD,PSI,1,251975,9,2026-07-13T11:23:21Z,2026-07-13T13:32:50Z,2.16
DT1,SEPD,PSI,1,251602,79,2026-07-13T11:23:21Z,2026-07-13T13:32:50Z,2.16
DT2,SEPD,PSI,1,251602,79,2026-07-13T11:23:21Z,2026-07-13T13:32:50Z,2.16
DT2 0NP,SEPD,PSI,1,251602,79,2026-07-13T11:23:21Z,2026-07-13T13:32:50Z,2.16
DT8 3HX,SEPD,PSI,1,251602,79,2026-07-13T11:23:21Z,2026-07-13T13:32:50Z,2.16
DT8 3HY,SEPD,PSI,1,251602,79,2026-07-13T11:23:21Z,2026-07-13T13:32:50Z,2.16
DT8 3JA,SEPD,PSI,1,251602,79,2026-07-13T11:23:21Z,2026-07-13T13:32:50Z,2.16
DT8 3NX,SEPD,PSI,1,251602,79,2026-07-13T11:23:21Z,2026-07-13T13:32:50Z,2.16
RG26 3AA,SEPD,PSI,1,252656,14,2026-07-13T11:23:21Z,2026-07-13T13:32:50Z,2.16
RG26 3AB,SEPD,PSI,1,252656,14,2026-07-13T11:23:21Z,2026-07-13T13:32:50Z,2.16
RG26 3AE,SEPD,PSI,1,252656,14,2026-07-13T11:23:21Z,2026-07-13T13:32:50Z,2.16
SO40 8SY,SEPD,PSI,1,253218,40,2026-07-13T11:23:21Z,2026-07-13T13:32:50Z,2.16
SP7 0NU,SEPD,PSI,1,252690,17,2026-07-13T11:23:21Z,2026-07-13T13:32:50Z,2.16
SP7 0PD,SEPD,PSI,1,252690,17,2026-07-13T11:23:21Z,2026-07-13T13:32:50Z,2.16
SP7 0PE,SEPD,PSI,1,252690,17,2026-07-13T11:23:21Z,2026-07-13T13:32:50Z,2.16
SP7 0PH,SEPD,PSI,1,252690,17,2026-07-13T11:23:21Z,2026-07-13T13:32:50Z,2.16
SN8 1SB,SEPD,LV,1,TQ8950,7,2026-07-15T18:40:30Z,2026-07-15T20:49:32Z,2.15
SN8 1SD,SEPD,LV,1,TQ8950,7,2026-07-15T18:40:30Z,2026-07-15T20:49:32Z,2.15
SN8 1SE,SEPD,LV,1,TQ8950,7,2026-07-15T18:40:30Z,2026-07-15T20:49:32Z,2.15
SN8 1SF,SEPD,LV,1,TQ8950,7,2026-07-15T18:40:30Z,2026-07-15T20:49:32Z,2.15
HS2 0RR,SHEPD,"LV,HV",2,"TQ6193,TQ6794",1094,2026-07-14T11:57:59Z,2026-07-14T15:44:08Z,2.11
HS2 0RS,SHEPD,"LV,HV",2,"TQ6193,TQ6794",1094,2026-07-14T11:57:59Z,2026-07-14T15:44:08Z,2.11
HP10 8EB,SEPD,LV,1,TQ6198,9,2026-07-14T11:57:59Z,2026-07-14T14:04:33Z,2.11
HP10 8EN,SEPD,LV,1,TQ6198,9,2026-07-14T11:57:59Z,2026-07-14T14:04:33Z,2.11
HP10 8EP,SEPD,LV,1,TQ6198,9,2026-07-14T11:57:59Z,2026-07-14T14:04:33Z,2.11
HP10 8ER,SEPD,LV,1,TQ6198,9,2026-07-14T11:57:59Z,2026-07-14T14:04:33Z,2.11
RG6 4UT,SEPD,LV,1,TQ6471,5,2026-07-14T11:57:59Z,2026-07-14T14:04:33Z,2.11
RG6 4UW,SEPD,LV,1,TQ6471,5,2026-07-14T11:57:59Z,2026-07-14T14:04:33Z,2.11
SO41 9FF,SEPD,LV,1,TQ5687,28,2026-07-14T11:57:59Z,2026-07-14T14:04:33Z,2.11
SO41 9FG,SEPD,LV,1,TQ5687,28,2026-07-14T11:57:59Z,2026-07-14T14:04:33Z,2.11
SO41 9FH,SEPD,LV,1,TQ5687,28,2026-07-14T11:57:59Z,2026-07-14T14:04:33Z,2.11
SO41 9FJ,SEPD,LV,1,TQ5687,28,2026-07-14T11:57:59Z,2026-07-14T14:04:33Z,2.11
ZE2 9PD,SHEPD,HV,1,TQ1040,25,2026-07-11T15:38:15Z,2026-07-11T17:40:35Z,2.04
ZE2 9PN,SHEPD,HV,1,TQ1040,25,2026-07-11T15:38:15Z,2026-07-11T17:40:35Z,2.04
SO50 7LQ,SEPD,LV,2,"TQ7685,TQ7725",44,2026-07-15T06:29:11Z,2026-07-15T10:57:49Z,2.02
SO50 7LR,SEPD,LV,2,"TQ7685,TQ7725",44,2026-07-15T06:29:11Z,2026-07-15T10:57:49Z,2.02
SO50 7LT,SEPD,LV,2,"TQ7685,TQ7725",44,2026-07-15T06:29:11Z,2026-07-15T10:57:49Z,2.02
SO50 7LX,SEPD,LV,2,"TQ7685,TQ7725",44,2026-07-15T06:29:11Z,2026-07-15T10:57:49Z,2.02
SO50 7NA,SEPD,LV,2,"TQ7685,TQ7725",44,2026-07-15T06:29:11Z,2026-07-15T10:57:49Z,2.02
DD7 6DL,SHEPD,HV,1,TQ7748,15,2026-07-15T08:56:31Z,2026-07-15T10:57:49Z,2.02
DD7 6LA,SHEPD,HV,1,TQ7748,15,2026-07-15T08:56:31Z,2026-07-15T10:57:49Z,2.02
DD7 6LB,SHEPD,HV,1,TQ7748,15,2026-07-15T08:56:31Z,2026-07-15T10:57:49Z,2.02
DD7 6LD,SHEPD,HV,1,TQ7748,15,2026-07-15T08:56:31Z,2026-07-15T10:57:49Z,2.02
DD7 6LE,SHEPD,HV,1,TQ7748,15,2026-07-15T08:56:31Z,2026-07-15T10:57:49Z,2.02
DD7 7SF,SHEPD,HV,1,TQ7748,15,2026-07-15T08:56:31Z,2026-07-15T10:57:49Z,2.02
GU27 1JN,SEPD,PSI,1,252147,59,2026-07-15T08:56:31Z,2026-07-15T10:57:49Z,2.02
GU27 1JR,SEPD,PSI,1,252147,59,2026-07-15T08:56:31Z,2026-07-15T10:57:49Z,2.02
GU27 1JS,SEPD,PSI,1,252147,59,2026-07-15T08:56:31Z,2026-07-15T10:57:49Z,2.02
GU27 1JT,SEPD,PSI,1,252147,59,2026-07-15T08:56:31Z,2026-07-15T10:57:49Z,2.02
GU27 1JU,SEPD,PSI,1,252147,59,2026-07-15T08:56:31Z,2026-07-15T10:57:49Z,2.02
GU27 1JW,SEPD,PSI,1,252147,59,2026-07-15T08:56:31Z,2026-07-15T10:57:49Z,2.02
GU27 1JX,SEPD,PSI,1,252147,59,2026-07-15T08:56:31Z,2026-07-15T10:57:49Z,2.02
IV2 7JA,SHEPD,PSI,1,253100,4,2026-07-15T08:56:31Z,2026-07-15T10:57:49Z,2.02
OX11 9BJ,SEPD,PSI,1,252331,10,2026-07-15T08:56:31Z,2026-07-15T10:57:49Z,2.02
SN6 6HZ,SEPD,PSI,1,251967,13,2026-07-15T08:56:31Z,2026-07-15T10:57:49Z,2.02
W5 5HT,SEPD,LV,1,TQ7730,33,2026-07-15T08:56:31Z,2026-07-15T10:57:49Z,2.02
W5 5HU,SEPD,LV,1,TQ7730,33,2026-07-15T08:56:31Z,2026-07-15T10:57:49Z,2.02
W5 5NE,SEPD,LV,1,TQ7730,33,2026-07-15T08:56:31Z,2026-07-15T10:57:49Z,2.02
W5 5NQ,SEPD,LV,1,TQ7730,33,2026-07-15T08:56:31Z,2026-07-15T10:57:49Z,2.02
W5 5RE,SEPD,LV,1,TQ7730,33,2026-07-15T08:56:31Z,2026-07-15T10:57:49Z,2.02
IV56 8FX,SHEPD,HV,1,TP9073,2,2026-07-10T11:35:22Z,2026-07-10T13:35:06Z,2.0
OX18 4HH,SEPD,LV,1,TK9478,11,2026-07-10T11:35:22Z,2026-07-10T13:35:06Z,2.0
OX18 4HN,SEPD,LV,1,TK9478,11,2026-07-10T11:35:22Z,2026-07-10T13:35:06Z,2.0
OX18 4HW,SEPD,LV,1,TK9478,11,2026-07-10T11:35:22Z,2026-07-10T13:35:06Z,2.0
PA31 8LG,SHEPD,LV,1,TP9119,10,2026-07-10T11:35:22Z,2026-07-10T13:35:06Z,2.0
PA31 8NN,SHEPD,LV,1,TP9119,10,2026-07-10T11:35:22Z,2026-07-10T13:35:06Z,2.0
PA31 8PY,SHEPD,LV,1,TP9119,10,2026-07-10T11:35:22Z,2026-07-10T13:35:06Z,2.0
PA31 8TR,SHEPD,LV,1,TP9119,10,2026-07-10T11:35:22Z,2026-07-10T13:35:06Z,2.0
SO14 3FL,SEPD,LV,1,TP8685,4,2026-07-10T11:35:22Z,2026-07-10T13:35:06Z,2.0
AB54 4PW,SHEPD,HV,1,TQ4733,14,2026-07-13T16:08:10Z,2026-07-13T18:05:33Z,1.96
AB54 4QS,SHEPD,HV,1,TQ4733,14,2026-07-13T16:08:10Z,2026-07-13T18:05:33Z,1.96
BH20 5AR,SEPD,LV,1,TQ3859,4,2026-07-13T16:08:10Z,2026-07-13T18:05:33Z,1.96
BH20 5AT,SEPD,LV,1,TQ3859,4,2026-07-13T16:08:10Z,2026-07-13T18:05:33Z,1.96
DT2 8QR,SEPD,HV,1,TQ4618,20,2026-07-13T16:08:10Z,2026-07-13T18:05:33Z,1.96
SN10 2QH,SEPD,HV,1,TQ4670,88,2026-07-13T16:08:10Z,2026-07-13T18:05:33Z,1.96
SN15 2NW,SEPD,HV,1,TQ4670,88,2026-07-13T16:08:10Z,2026-07-13T18:05:33Z,1.96
SN15 2PG,SEPD,HV,1,TQ4670,88,2026-07-13T16:08:10Z,2026-07-13T18:05:33Z,1.96
SN15 2PH,SEPD,HV,1,TQ4670,88,2026-07-13T16:08:10Z,2026-07-13T18:05:33Z,1.96
SN15 2PJ,SEPD,HV,1,TQ4670,88,2026-07-13T16:08:10Z,2026-07-13T18:05:33Z,1.96
SN15 2PL,SEPD,HV,1,TQ4670,88,2026-07-13T16:08:10Z,2026-07-13T18:05:33Z,1.96
SN15 2PQ,SEPD,HV,1,TQ4670,88,2026-07-13T16:08:10Z,2026-07-13T18:05:33Z,1.96
SN15 2PW,SEPD,HV,1,TQ4670,88,2026-07-13T16:08:10Z,2026-07-13T18:05:33Z,1.96
SN15 2QH,SEPD,HV,1,TQ4670,88,2026-07-13T16:08:10Z,2026-07-13T18:05:33Z,1.96
SN15 2QJ,SEPD,HV,1,TQ4670,88,2026-07-13T16:08:10Z,2026-07-13T18:05:33Z,1.96
SN15 2QL,SEPD,HV,1,TQ4670,88,2026-07-13T16:08:10Z,2026-07-13T18:05:33Z,1.96
SN15 2RL,SEPD,HV,1,TQ4670,88,2026-07-13T16:08:10Z,2026-07-13T18:05:33Z,1.96
SO22 6NT,SEPD,LV,1,TQ4433,13,2026-07-13T16:08:10Z,2026-07-13T18:05:33Z,1.96
SO22 6NU,SEPD,LV,1,TQ4433,13,2026-07-13T16:08:10Z,2026-07-13T18:05:33Z,1.96
SO22 6NX,SEPD,LV,1,TQ4433,13,2026-07-13T16:08:10Z,2026-07-13T18:05:33Z,1.96
SO22 6PA,SEPD,LV,1,TQ4433,13,2026-07-13T16:08:10Z,2026-07-13T18:05:33Z,1.96
SO22 6PT,SEPD,LV,1,TQ4433,13,2026-07-13T16:08:10Z,2026-07-13T18:05:33Z,1.96
SP1 2EL,SEPD,LV,1,TQ4698,33,2026-07-13T16:08:10Z,2026-07-13T18:05:33Z,1.96
SP1 2EN,SEPD,LV,1,TQ4698,33,2026-07-13T16:08:10Z,2026-07-13T18:05:33Z,1.96
SP1 2EQ,SEPD,LV,1,TQ4698,33,2026-07-13T16:08:10Z,2026-07-13T18:05:33Z,1.96
SP1 2EX,SEPD,LV,1,TQ4698,33,2026-07-13T16:08:10Z,2026-07-13T18:05:33Z,1.96
SP1 2EY,SEPD,LV,1,TQ4698,33,2026-07-13T16:08:10Z,2026-07-13T18:05:33Z,1.96
SP1 2EZ,SEPD,LV,1,TQ4698,33,2026-07-13T16:08:10Z,2026-07-13T18:05:33Z,1.96
PO1 1PJ,SEPD,LV,1,TP7382,23,2026-07-09T16:57:51Z,2026-07-09T18:54:38Z,1.95
PO1 1PL,SEPD,LV,1,TP7382,23,2026-07-09T16:57:51Z,2026-07-09T18:54:38Z,1.95
PO1 1PR,SEPD,LV,1,TP7382,23,2026-07-09T16:57:51Z,2026-07-09T18:54:38Z,1.95
PO1 1RE,SEPD,LV,1,TP7382,23,2026-07-09T16:57:51Z,2026-07-09T18:54:38Z,1.95
PO1 1RG,SEPD,LV,1,TP7382,23,2026-07-09T16:57:51Z,2026-07-09T18:54:38Z,1.95
PO1 2AS,SEPD,LV,1,TP7382,23,2026-07-09T16:57:51Z,2026-07-09T18:54:38Z,1.95
PO1 5ES,SEPD,LV,1,TP7382,23,2026-07-09T16:57:51Z,2026-07-09T18:54:38Z,1.95
SL1 3SA,SEPD,LV,1,TP7740,14,2026-07-09T16:57:51Z,2026-07-09T18:54:38Z,1.95
SL1 3SF,SEPD,LV,1,TP7740,14,2026-07-09T16:57:51Z,2026-07-09T18:54:38Z,1.95
SL1 3SG,SEPD,LV,1,TP7740,14,2026-07-09T16:57:51Z,2026-07-09T18:54:38Z,1.95
W7 3FE,SEPD,LV,1,TP7730,58,2026-07-09T16:57:51Z,2026-07-09T18:54:38Z,1.95
W7 3PP,SEPD,LV,1,TP7730,58,2026-07-09T16:57:51Z,2026-07-09T18:54:38Z,1.95
W7 3PY,SEPD,LV,1,TP7730,58,2026-07-09T16:57:51Z,2026-07-09T18:54:38Z,1.95
W7 3QA,SEPD,LV,1,TP7730,58,2026-07-09T16:57:51Z,2026-07-09T18:54:38Z,1.95
W7 3QF,SEPD,LV,1,TP7730,58,2026-07-09T16:57:51Z,2026-07-09T18:54:38Z,1.95
W7 3QG,SEPD,LV,1,TP7730,58,2026-07-09T16:57:51Z,2026-07-09T18:54:38Z,1.95
W7 3XA,SEPD,LV,1,TP7730,58,2026-07-09T16:57:51Z,2026-07-09T18:54:38Z,1.95
BH17 7BX,SEPD,LV,1,TQ8189,9,2026-07-15T12:20:28Z,2026-07-15T14:16:47Z,1.94
BH17 7BY,SEPD,LV,1,TQ8189,9,2026-07-15T12:20:28Z,2026-07-15T14:16:47Z,1.94
GU29 9GB,SEPD,LV,1,TQ8220,12,2026-07-15T12:20:28Z,2026-07-15T14:16:47Z,1.94
GU29 9HF,SEPD,LV,1,TQ8220,12,2026-07-15T12:20:28Z,2026-07-15T14:16:47Z,1.94
GU29 9HG,SEPD,LV,1,TQ8220,12,2026-07-15T12:20:28Z,2026-07-15T14:16:47Z,1.94
GU29 9JS,SEPD,LV,1,TQ8220,12,2026-07-15T12:20:28Z,2026-07-15T14:16:47Z,1.94
GU29 9JX,SEPD,LV,1,TQ8220,12,2026-07-15T12:20:28Z,2026-07-15T14:16:47Z,1.94
GU29 9QL,SEPD,LV,1,TQ8220,12,2026-07-15T12:20:28Z,2026-07-15T14:16:47Z,1.94
OX28 3SU,SEPD,LV,1,TQ8332,24,2026-07-15T12:20:28Z,2026-07-15T14:16:47Z,1.94
OX28 3SX,SEPD,LV,1,TQ8332,24,2026-07-15T12:20:28Z,2026-07-15T14:16:47Z,1.94
OX28 3SY,SEPD,LV,1,TQ8332,24,2026-07-15T12:20:28Z,2026-07-15T14:16:47Z,1.94
DT4 7TF,SEPD,"HV,LV",2,"TQ2314,TQ5301",146,2026-07-12T15:29:48Z,2026-07-13T22:38:32Z,1.9
DT3 6LN,SEPD,LV,1,TQ5301,93,2026-07-13T20:44:43Z,2026-07-13T22:38:32Z,1.9
DT4 7JS,SEPD,LV,1,TQ5301,93,2026-07-13T20:44:43Z,2026-07-13T22:38:32Z,1.9
DT4 7JU,SEPD,LV,1,TQ5301,93,2026-07-13T20:44:43Z,2026-07-13T22:38:32Z,1.9
DT4 7SG,SEPD,LV,1,TQ5301,93,2026-07-13T20:44:43Z,2026-07-13T22:38:32Z,1.9
DT4 7SN,SEPD,LV,1,TQ5301,93,2026-07-13T20:44:43Z,2026-07-13T22:38:32Z,1.9
DT4 7SS,SEPD,LV,1,TQ5301,93,2026-07-13T20:44:43Z,2026-07-13T22:38:32Z,1.9
DT4 7SW,SEPD,LV,1,TQ5301,93,2026-07-13T20:44:43Z,2026-07-13T22:38:32Z,1.9
DT4 7SZ,SEPD,LV,1,TQ5301,93,2026-07-13T20:44:43Z,2026-07-13T22:38:32Z,1.9
DT4 7TE,SEPD,LV,1,TQ5301,93,2026-07-13T20:44:43Z,2026-07-13T22:38:32Z,1.9
DT4 7TG,SEPD,LV,1,TQ5301,93,2026-07-13T20:44:43Z,2026-07-13T22:38:32Z,1.9
DT4 7TH,SEPD,LV,1,TQ5301,93,2026-07-13T20:44:43Z,2026-07-13T22:38:32Z,1.9
DT4 7UN,SEPD,LV,1,TQ5301,93,2026-07-13T20:44:43Z,2026-07-13T22:38:32Z,1.9
DT4 7UR,SEPD,LV,1,TQ5301,93,2026-07-13T20:44:43Z,2026-07-13T22:38:32Z,1.9
DT4 7UT,SEPD,LV,1,TQ5301,93,2026-07-13T20:44:43Z,2026-07-13T22:38:32Z,1.9
DT4 7UW,SEPD,LV,1,TQ5301,93,2026-07-13T20:44:43Z,2026-07-13T22:38:32Z,1.9
BH24 1TH,SEPD,LV,1,TQ1932,32,2026-07-12T10:50:00Z,2026-07-12T12:43:23Z,1.89
BH24 1TJ,SEPD,LV,1,TQ1932,32,2026-07-12T10:50:00Z,2026-07-12T12:43:23Z,1.89
BH24 1TN,SEPD,LV,1,TQ1932,32,2026-07-12T10:50:00Z,2026-07-12T12:43:23Z,1.89
BH24 1TP,SEPD,LV,1,TQ1932,32,2026-07-12T10:50:00Z,2026-07-12T12:43:23Z,1.89
BH24 1TS,SEPD,LV,1,TQ1932,32,2026-07-12T10:50:00Z,2026-07-12T12:43:23Z,1.89
BH24 1TT,SEPD,LV,1,TQ1932,32,2026-07-12T10:50:00Z,2026-07-12T12:43:23Z,1.89
BH24 1UL,SEPD,LV,1,TQ1932,32,2026-07-12T10:50:00Z,2026-07-12T12:43:23Z,1.89
BH24 1YA,SEPD,LV,1,TQ1932,32,2026-07-12T10:50:00Z,2026-07-12T12:43:23Z,1.89
BH24 3NA,SEPD,LV,1,TQ1932,32,2026-07-12T10:50:00Z,2026-07-12T12:43:23Z,1.89
KW14 8NN,SHEPD,LV,3,"TP7135,TP8245,TQ0271",27,2026-07-09T12:23:59Z,2026-07-10T23:14:08Z,1.88
BH23 5FE,SEPD,LV,1,TP7303,32,2026-07-09T12:23:59Z,2026-07-09T14:16:37Z,1.88
BH23 5PU,SEPD,LV,1,TP7303,32,2026-07-09T12:23:59Z,2026-07-09T14:16:37Z,1.88
BH23 5PX,SEPD,LV,1,TP7303,32,2026-07-09T12:23:59Z,2026-07-09T14:16:37Z,1.88
BH23 5PY,SEPD,LV,1,TP7303,32,2026-07-09T12:23:59Z,2026-07-09T14:16:37Z,1.88
BH23 5QP,SEPD,LV,1,TP7303,32,2026-07-09T12:23:59Z,2026-07-09T14:16:37Z,1.88
BH23 5QS,SEPD,LV,1,TP7303,32,2026-07-09T12:23:59Z,2026-07-09T14:16:37Z,1.88
KA27 8DU,SHEPD,PSI,1,252168,32,2026-07-09T12:23:59Z,2026-07-09T14:16:37Z,1.88
KA27 8DX,SHEPD,PSI,1,252168,32,2026-07-09T12:23:59Z,2026-07-09T14:16:37Z,1.88
KA27 8DY,SHEPD,PSI,1,252168,32,2026-07-09T12:23:59Z,2026-07-09T14:16:37Z,1.88
OX18 3AT,SEPD,LV,1,TP7259,15,2026-07-09T12:23:59Z,2026-07-09T14:16:37Z,1.88
OX18 3AU,SEPD,LV,1,TP7259,15,2026-07-09T12:23:59Z,2026-07-09T14:16:37Z,1.88
OX18 3BY,SEPD,LV,1,TP7259,15,2026-07-09T12:23:59Z,2026-07-09T14:16:37Z,1.88
OX18 3DA,SEPD,LV,1,TP7259,15,2026-07-09T12:23:59Z,2026-07-09T14:16:37Z,1.88
SO14 7BS,SEPD,LV,1,TN9749,5,2026-07-09T12:23:59Z,2026-07-09T14:16:37Z,1.88
SO14 7DT,SEPD,LV,1,TN9749,5,2026-07-09T12:23:59Z,2026-07-09T14:16:37Z,1.88
SO14 7DU,SEPD,LV,1,TN9749,5,2026-07-09T12:23:59Z,2026-07-09T14:16:37Z,1.88
SO14 7HG,SEPD,LV,1,TN9749,5,2026-07-09T12:23:59Z,2026-07-09T14:16:37Z,1.88
BH1 3JP,SEPD,LV,1,TQ4616,29,2026-07-13T19:47:48Z,2026-07-13T21:40:02Z,1.87
BH1 3JR,SEPD,LV,1,TQ4616,29,2026-07-13T19:47:48Z,2026-07-13T21:40:02Z,1.87
BH1 3JS,SEPD,LV,1,TQ4616,29,2026-07-13T19:47:48Z,2026-07-13T21:40:02Z,1.87
BH1 3JT,SEPD,LV,1,TQ4616,29,2026-07-13T19:47:48Z,2026-07-13T21:40:02Z,1.87
BH1 3JW,SEPD,LV,1,TQ4616,29,2026-07-13T19:47:48Z,2026-07-13T21:40:02Z,1.87
BH1 3JY,SEPD,LV,1,TQ4616,29,2026-07-13T19:47:48Z,2026-07-13T21:40:02Z,1.87
BH1 3LB,SEPD,LV,1,TQ4616,29,2026-07-13T19:47:48Z,2026-07-13T21:40:02Z,1.87
BH12 1EP,SEPD,LV,1,TQ9135,3,2026-07-15T19:51:30Z,2026-07-15T21:43:50Z,1.87
BH12 1EQ,SEPD,LV,1,TQ9135,3,2026-07-15T19:51:30Z,2026-07-15T21:43:50Z,1.87
HP8 4DX,SEPD,HV,1,TQ9215,5,2026-07-15T19:51:30Z,2026-07-15T21:43:50Z,1.87
RG5 4JD,SEPD,LV,1,TQ8549,17,2026-07-15T19:51:30Z,2026-07-15T21:43:50Z,1.87
RG5 4NS,SEPD,LV,1,TQ8549,17,2026-07-15T19:51:30Z,2026-07-15T21:43:50Z,1.87
RG5 4NT,SEPD,LV,1,TQ8549,17,2026-07-15T19:51:30Z,2026-07-15T21:43:50Z,1.87
RG5 4NU,SEPD,LV,1,TQ8549,17,2026-07-15T19:51:30Z,2026-07-15T21:43:50Z,1.87
RG5 4NX,SEPD,LV,1,TQ8549,17,2026-07-15T19:51:30Z,2026-07-15T21:43:50Z,1.87
RG5 4NY,SEPD,LV,1,TQ8549,17,2026-07-15T19:51:30Z,2026-07-15T21:43:50Z,1.87
RG5 4QR,SEPD,LV,1,TQ8549,17,2026-07-15T19:51:30Z,2026-07-15T21:43:50Z,1.87
SL9 8TU,SEPD,HV,1,TQ9215,5,2026-07-15T19:51:30Z,2026-07-15T21:43:50Z,1.87
TW7 6EG,SEPD,LV,1,TQ5067,26,2026-07-13T19:47:48Z,2026-07-13T21:40:02Z,1.87
TW7 6EH,SEPD,LV,1,TQ5067,26,2026-07-13T19:47:48Z,2026-07-13T21:40:02Z,1.87
TW7 6ES,SEPD,LV,1,TQ5067,26,2026-07-13T19:47:48Z,2026-07-13T21:40:02Z,1.87
TW7 6HH,SEPD,LV,1,TQ5067,26,2026-07-13T19:47:48Z,2026-07-13T21:40:02Z,1.87
TW7 6XG,SEPD,LV,1,TQ5067,26,2026-07-13T19:47:48Z,2026-07-13T21:40:02Z,1.87
DD8 3AA,SHEPD,LV,1,TQ0854,15,2026-07-11T11:59:39Z,2026-07-11T13:45:42Z,1.77
DD8 3AB,SHEPD,LV,1,TQ0854,15,2026-07-11T11:59:39Z,2026-07-11T13:45:42Z,1.77
DD8 3AJ,SHEPD,LV,1,TQ0854,15,2026-07-11T11:59:39Z,2026-07-11T13:45:42Z,1.77
DD8 3HR,SHEPD,LV,1,TQ0854,15,2026-07-11T11:59:39Z,2026-07-11T13:45:42Z,1.77
DD8 3HT,SHEPD,LV,1,TQ0854,15,2026-07-11T11:59:39Z,2026-07-11T13:45:42Z,1.77
RG27 0NG,SEPD,PSI,1,252747,5,2026-07-14T08:37:53Z,2026-07-14T10:24:12Z,1.77
RG27 0NN,SEPD,PSI,1,252747,5,2026-07-14T08:37:53Z,2026-07-14T10:24:12Z,1.77
RG27 0NS,SEPD,PSI,1,252747,5,2026-07-14T08:37:53Z,2026-07-14T10:24:12Z,1.77
RG27 0NW,SEPD,PSI,1,252747,5,2026-07-14T08:37:53Z,2026-07-14T10:24:12Z,1.77
RG30 1DZ,SEPD,PSI,1,252222,4,2026-07-14T08:37:53Z,2026-07-14T10:24:12Z,1.77
PH1 3LX,SHEPD,PSI,1,252995,3,2026-07-13T18:05:33Z,2026-07-13T19:47:48Z,1.7
RG25 2NH,SEPD,HV,1,TQ5015,7,2026-07-13T18:05:33Z,2026-07-13T19:47:48Z,1.7
RG25 2NQ,SEPD,HV,1,TQ5015,7,2026-07-13T18:05:33Z,2026-07-13T19:47:48Z,1.7
BA2 7TT,SEPD,HV,1,TQ1085,59,2026-07-11T19:51:07Z,2026-07-11T21:32:15Z,1.69
BA2 7TU,SEPD,HV,1,TQ1085,59,2026-07-11T19:51:07Z,2026-07-11T21:32:15Z,1.69
BA2 7TY,SEPD,HV,1,TQ1085,59,2026-07-11T19:51:07Z,2026-07-11T21:32:15Z,1.69
BA2 7WA,SEPD,HV,1,TQ1085,59,2026-07-11T19:51:07Z,2026-07-11T21:32:15Z,1.69
BA2 7WB,SEPD,HV,1,TQ1085,59,2026-07-11T19:51:07Z,2026-07-11T21:32:15Z,1.69
BA2 7WD,SEPD,HV,1,TQ1085,59,2026-07-11T19:51:07Z,2026-07-11T21:32:15Z,1.69
BA2 7WE,SEPD,HV,1,TQ1085,59,2026-07-11T19:51:07Z,2026-07-11T21:32:15Z,1.69
BA2 7WF,SEPD,HV,1,TQ1085,59,2026-07-11T19:51:07Z,2026-07-11T21:32:15Z,1.69
BA2 7WR,SEPD,HV,1,TQ1085,59,2026-07-11T19:51:07Z,2026-07-11T21:32:15Z,1.69
BH20 6JB,SEPD,LV,1,TQ2652,7,2026-07-12T19:49:39Z,2026-07-12T21:28:07Z,1.64
BH20 6JQ,SEPD,LV,1,TQ2652,7,2026-07-12T19:49:39Z,2026-07-12T21:28:07Z,1.64
BH20 6NY,SEPD,LV,1,TQ2652,7,2026-07-12T19:49:39Z,2026-07-12T21:28:07Z,1.64
DD5,SHEPD,PSI,1,252476,79,2026-07-09T23:40:46Z,2026-07-10T01:15:56Z,1.59
DD5 3NT,SHEPD,PSI,1,252476,79,2026-07-09T23:40:46Z,2026-07-10T01:15:56Z,1.59
DD5 3PD,SHEPD,PSI,1,252476,79,2026-07-09T23:40:46Z,2026-07-10T01:15:56Z,1.59
DD5 3PE,SHEPD,PSI,1,252476,79,2026-07-09T23:40:46Z,2026-07-10T01:15:56Z,1.59
DD5 3PN,SHEPD,PSI,1,252476,79,2026-07-09T23:40:46Z,2026-07-10T01:15:56Z,1.59
DD5 3PP,SHEPD,PSI,1,252476,79,2026-07-09T23:40:46Z,2026-07-10T01:15:56Z,1.59
DD5 3PQ,SHEPD,PSI,1,252476,79,2026-07-09T23:40:46Z,2026-07-10T01:15:56Z,1.59
DD5 3TP,SHEPD,PSI,1,252476,79,2026-07-09T23:40:46Z,2026-07-10T01:15:56Z,1.59
SO41 9DN,SEPD,LV,1,TP8215,16,2026-07-09T23:40:46Z,2026-07-10T01:15:56Z,1.59
SO41 9DQ,SEPD,LV,1,TP8215,16,2026-07-09T23:40:46Z,2026-07-10T01:15:56Z,1.59
SO41 9DR,SEPD,LV,1,TP8215,16,2026-07-09T23:40:46Z,2026-07-10T01:15:56Z,1.59
BH2 6PH,SEPD,LV,1,TQ5835,18,2026-07-14T10:24:12Z,2026-07-14T11:57:59Z,1.56
DT11 0LG,SEPD,PSI,1,251149,3,2026-07-14T10:24:12Z,2026-07-14T11:57:59Z,1.56
BN18 0HU,SEPD,LV,1,TQ8885,11,2026-07-15T15:56:23Z,2026-07-15T17:25:45Z,1.49
PO21 3SU,SEPD,LV,1,TQ8857,20,2026-07-15T15:56:23Z,2026-07-15T17:25:45Z,1.49
PO21 3TN,SEPD,LV,1,TQ8857,20,2026-07-15T15:56:23Z,2026-07-15T17:25:45Z,1.49
PO21 3TP,SEPD,LV,1,TQ8857,20,2026-07-15T15:56:23Z,2026-07-15T17:25:45Z,1.49
PO21 3TW,SEPD,LV,1,TQ8857,20,2026-07-15T15:56:23Z,2026-07-15T17:25:45Z,1.49
PO21 3TX,SEPD,LV,1,TQ8857,20,2026-07-15T15:56:23Z,2026-07-15T17:25:45Z,1.49
PO21 3TY,SEPD,LV,1,TQ8857,20,2026-07-15T15:56:23Z,2026-07-15T17:25:45Z,1.49
PO21 3TZ,SEPD,LV,1,TQ8857,20,2026-07-15T15:56:23Z,2026-07-15T17:25:45Z,1.49
AB12 3AG,SHEPD,HV,1,TQ1912,177,2026-07-12T09:21:50Z,2026-07-12T10:50:00Z,1.47
AB12 3BD,SHEPD,HV,1,TQ1912,177,2026-07-12T09:21:50Z,2026-07-12T10:50:00Z,1.47
AB12 3BE,SHEPD,HV,1,TQ1912,177,2026-07-12T09:21:50Z,2026-07-12T10:50:00Z,1.47
AB12 3BF,SHEPD,HV,1,TQ1912,177,2026-07-12T09:21:50Z,2026-07-12T10:50:00Z,1.47
AB12 3DA,SHEPD,HV,1,TQ1912,177,2026-07-12T09:21:50Z,2026-07-12T10:50:00Z,1.47
AB12 3DB,SHEPD,HV,1,TQ1912,177,2026-07-12T09:21:50Z,2026-07-12T10:50:00Z,1.47
AB12 3DF,SHEPD,HV,1,TQ1912,177,2026-07-12T09:21:50Z,2026-07-12T10:50:00Z,1.47
AB12 3DJ,SHEPD,HV,1,TQ1912,177,2026-07-12T09:21:50Z,2026-07-12T10:50:00Z,1.47
AB12 3JB,SHEPD,HV,1,TQ1912,177,2026-07-12T09:21:50Z,2026-07-12T10:50:00Z,1.47
AB12 5AX,SHEPD,HV,1,TQ1912,177,2026-07-12T09:21:50Z,2026-07-12T10:50:00Z,1.47
BH20 4FR,SEPD,HV,1,TQ5429,378,2026-07-13T23:35:03Z,2026-07-14T01:03:22Z,1.47
BH20 4PG,SEPD,HV,1,TQ5429,378,2026-07-13T23:35:03Z,2026-07-14T01:03:22Z,1.47
BH20 4PH,SEPD,HV,1,TQ5429,378,2026-07-13T23:35:03Z,2026-07-14T01:03:22Z,1.47
BH20 4PN,SEPD,HV,1,TQ5429,378,2026-07-13T23:35:03Z,2026-07-14T01:03:22Z,1.47
BH20 4PX,SEPD,HV,1,TQ5429,378,2026-07-13T23:35:03Z,2026-07-14T01:03:22Z,1.47
BH20 5DH,SEPD,HV,1,TQ5429,378,2026-07-13T23:35:03Z,2026-07-14T01:03:22Z,1.47
BH20 6AA,SEPD,HV,1,TQ5429,378,2026-07-13T23:35:03Z,2026-07-14T01:03:22Z,1.47
BH20 6AB,SEPD,HV,1,TQ5429,378,2026-07-13T23:35:03Z,2026-07-14T01:03:22Z,1.47
BH20 6AD,SEPD,HV,1,TQ5429,378,2026-07-13T23:35:03Z,2026-07-14T01:03:22Z,1.47
BH20 6AE,SEPD,HV,1,TQ5429,378,2026-07-13T23:35:03Z,2026-07-14T01:03:22Z,1.47
BH20 6AF,SEPD,HV,1,TQ5429,378,2026-07-13T23:35:03Z,2026-07-14T01:03:22Z,1.47
BH20 6AG,SEPD,HV,1,TQ5429,378,2026-07-13T23:35:03Z,2026-07-14T01:03:22Z,1.47
BH20 6AH,SEPD,HV,1,TQ5429,378,2026-07-13T23:35:03Z,2026-07-14T01:03:22Z,1.47
BH20 6AJ,SEPD,HV,1,TQ5429,378,2026-07-13T23:35:03Z,2026-07-14T01:03:22Z,1.47
BH20 6AL,SEPD,HV,1,TQ5429,378,2026-07-13T23:35:03Z,2026-07-14T01:03:22Z,1.47
BH20 6AN,SEPD,HV,1,TQ5429,378,2026-07-13T23:35:03Z,2026-07-14T01:03:22Z,1.47
BH20 6AP,SEPD,HV,1,TQ5429,378,2026-07-13T23:35:03Z,2026-07-14T01:03:22Z,1.47
BH20 6AQ,SEPD,HV,1,TQ5429,378,2026-07-13T23:35:03Z,2026-07-14T01:03:22Z,1.47
BH20 6AR,SEPD,HV,1,TQ5429,378,2026-07-13T23:35:03Z,2026-07-14T01:03:22Z,1.47
BH20 6AS,SEPD,HV,1,TQ5429,378,2026-07-13T23:35:03Z,2026-07-14T01:03:22Z,1.47
BH20 6AT,SEPD,HV,1,TQ5429,378,2026-07-13T23:35:03Z,2026-07-14T01:03:22Z,1.47
BH20 6AU,SEPD,HV,1,TQ5429,378,2026-07-13T23:35:03Z,2026-07-14T01:03:22Z,1.47
BH20 6AW,SEPD,HV,1,TQ5429,378,2026-07-13T23:35:03Z,2026-07-14T01:03:22Z,1.47
BH20 6BA,SEPD,HV,1,TQ5429,378,2026-07-13T23:35:03Z,2026-07-14T01:03:22Z,1.47
BH20 6BB,SEPD,HV,1,TQ5429,378,2026-07-13T23:35:03Z,2026-07-14T01:03:22Z,1.47
BH20 6HJ,SEPD,HV,1,TQ5429,378,2026-07-13T23:35:03Z,2026-07-14T01:03:22Z,1.47
BH20 7NU,SEPD,HV,1,TQ5429,378,2026-07-13T23:35:03Z,2026-07-14T01:03:22Z,1.47
BH20 7PG,SEPD,HV,1,TQ5429,378,2026-07-13T23:35:03Z,2026-07-14T01:03:22Z,1.47
IV31 6QT,SHEPD,LV,1,TQ1864,3,2026-07-12T09:21:50Z,2026-07-12T10:50:00Z,1.47
IV31 6QX,SHEPD,LV,1,TQ1864,3,2026-07-12T09:21:50Z,2026-07-12T10:50:00Z,1.47
IV31 6TU,SHEPD,LV,1,TQ1864,3,2026-07-12T09:21:50Z,2026-07-12T10:50:00Z,1.47
PH22 1PA,SHEPD,PSI,1,251720,77,2026-07-14T23:34:57Z,2026-07-15T00:59:59Z,1.42
PH22 1UP,SHEPD,PSI,1,251720,77,2026-07-14T23:34:57Z,2026-07-15T00:59:59Z,1.42
PH22 1UQ,SHEPD,PSI,1,251720,77,2026-07-14T23:34:57Z,2026-07-15T00:59:59Z,1.42
PH22 1UT,SHEPD,PSI,1,251720,77,2026-07-14T23:34:57Z,2026-07-15T00:59:59Z,1.42
UB2 5JU,SEPD,LV,1,TN3616,11,2026-07-09T22:16:17Z,2026-07-09T23:40:46Z,1.41
UB2 5LU,SEPD,LV,1,TN3616,11,2026-07-09T22:16:17Z,2026-07-09T23:40:46Z,1.41
UB2 5NS,SEPD,LV,1,TN3616,11,2026-07-09T22:16:17Z,2026-07-09T23:40:46Z,1.41
GU27 1JL,SEPD,LV,1,TQ7931,27,2026-07-15T10:57:49Z,2026-07-15T12:20:28Z,1.38
GU27 1JY,SEPD,LV,1,TQ7931,27,2026-07-15T10:57:49Z,2026-07-15T12:20:28Z,1.38
IV49 9BG,SHEPD,PSI,1,252191,2,2026-07-15T10:57:49Z,2026-07-15T12:20:28Z,1.38
RG26 5RH,SEPD,PSI,1,252805,13,2026-07-15T10:57:49Z,2026-07-15T12:20:28Z,1.38
RG26 5TD,SEPD,PSI,1,252805,13,2026-07-15T10:57:49Z,2026-07-15T12:20:28Z,1.38
RG26 5TH,SEPD,PSI,1,252805,13,2026-07-15T10:57:49Z,2026-07-15T12:20:28Z,1.38
ZE2 9JH,SHEPD,HV,1,TQ8035,9,2026-07-15T10:57:49Z,2026-07-15T12:20:28Z,1.38
IV1 2XU,SHEPD,HV,1,TQ8994,37,2026-07-15T17:25:45Z,2026-07-15T18:40:30Z,1.25
IV2 6XU,SHEPD,HV,1,TQ8994,37,2026-07-15T17:25:45Z,2026-07-15T18:40:30Z,1.25
IV2 6XW,SHEPD,HV,1,TQ8994,37,2026-07-15T17:25:45Z,2026-07-15T18:40:30Z,1.25
IV2 6YB,SHEPD,HV,1,TQ8994,37,2026-07-15T17:25:45Z,2026-07-15T18:40:30Z,1.25
IV2 6YF,SHEPD,HV,1,TQ8994,37,2026-07-15T17:25:45Z,2026-07-15T18:40:30Z,1.25
IV2 6YG,SHEPD,HV,1,TQ8994,37,2026-07-15T17:25:45Z,2026-07-15T18:40:30Z,1.25
IV2 6YH,SHEPD,HV,1,TQ8994,37,2026-07-15T17:25:45Z,2026-07-15T18:40:30Z,1.25
BH13 6HB,SEPD,HV,1,TQ7084,22,2026-07-14T15:44:08Z,2026-07-14T16:56:57Z,1.21
SN15 3TE,SEPD,LV,1,TQ2478,24,2026-07-12T18:36:49Z,2026-07-12T19:49:39Z,1.21
SN15 3TG,SEPD,LV,1,TQ2478,24,2026-07-12T18:36:49Z,2026-07-12T19:49:39Z,1.21
SN15 3TH,SEPD,LV,1,TQ2478,24,2026-07-12T18:36:49Z,2026-07-12T19:49:39Z,1.21
GL8 8ST,SEPD,"LV,HV",2,"TP9634,TP9774",38,2026-07-10T18:00:46Z,2026-07-10T20:56:26Z,1.16
GL8 8SU,SEPD,"LV,HV",2,"TP9634,TP9774",38,2026-07-10T18:00:46Z,2026-07-10T20:56:26Z,1.16
GL8 8SX,SEPD,"LV,HV",2,"TP9634,TP9774",38,2026-07-10T18:00:46Z,2026-07-10T20:56:26Z,1.16
SN16 9EZ,SEPD,HV,1,TP9774,29,2026-07-10T19:46:43Z,2026-07-10T20:56:26Z,1.16
GU51 3XT,SEPD,LV,1,TQ1062,9,2026-07-11T16:34:27Z,2026-07-11T17:40:35Z,1.1
IV4 7AS,SHEPD,LV,1,TQ1078,6,2026-07-11T16:34:27Z,2026-07-11T17:40:35Z,1.1
PO4 9FZ,SEPD,LV,1,TQ0710,23,2026-07-11T09:53:08Z,2026-07-11T10:59:11Z,1.1
PO4 9JD,SEPD,LV,1,TQ0710,23,2026-07-11T09:53:08Z,2026-07-11T10:59:11Z,1.1
PO4 9JF,SEPD,LV,1,TQ0710,23,2026-07-11T09:53:08Z,2026-07-11T10:59:11Z,1.1
PO4 9SA,SEPD,LV,1,TQ0710,23,2026-07-11T09:53:08Z,2026-07-11T10:59:11Z,1.1
RG19 3XX,SEPD,LV,1,TQ3018,27,2026-07-12T22:26:26Z,2026-07-12T23:30:32Z,1.07
RG19 3XY,SEPD,LV,1,TQ3018,27,2026-07-12T22:26:26Z,2026-07-12T23:30:32Z,1.07
RG19 3XZ,SEPD,LV,1,TQ3018,27,2026-07-12T22:26:26Z,2026-07-12T23:30:32Z,1.07
RG19 4QJ,SEPD,LV,1,TQ3018,27,2026-07-12T22:26:26Z,2026-07-12T23:30:32Z,1.07
RG19 4QX,SEPD,LV,1,TQ3018,27,2026-07-12T22:26:26Z,2026-07-12T23:30:32Z,1.07
SL6 6BG,SEPD,LV,2,"TQ1312,TQ3064",61,2026-07-11T22:27:58Z,2026-07-12T23:30:32Z,1.06
SL6 6BH,SEPD,LV,2,"TQ1312,TQ3064",61,2026-07-11T22:27:58Z,2026-07-12T23:30:32Z,1.06
SL6 6BL,SEPD,LV,2,"TQ1312,TQ3064",61,2026-07-11T22:27:58Z,2026-07-12T23:30:32Z,1.06
SL6 6BN,SEPD,LV,2,"TQ1312,TQ3064",61,2026-07-11T22:27:58Z,2026-07-12T23:30:32Z,1.06
SL6 6LJ,SEPD,LV,2,"TQ1312,TQ3064",61,2026-07-11T22:27:58Z,2026-07-12T23:30:32Z,1.06
OX1 2AR,SEPD,LV,2,"TQ2247,TQ7565",10,2026-07-12T15:29:48Z,2026-07-15T08:56:31Z,1.02
OX1 2AS,SEPD,LV,2,"TQ2247,TQ7565",10,2026-07-12T15:29:48Z,2026-07-15T08:56:31Z,1.02
OX1 3AD,SEPD,LV,2,"TQ2247,TQ7565",10,2026-07-12T15:29:48Z,2026-07-15T08:56:31Z,1.02
OX1 3EX,SEPD,LV,2,"TQ2247,TQ7565",10,2026-07-12T15:29:48Z,2026-07-15T08:56:31Z,1.02
OX1 3EZ,SEPD,LV,2,"TQ2247,TQ7565",10,2026-07-12T15:29:48Z,2026-07-15T08:56:31Z,1.02
OX1 3HB,SEPD,LV,2,"TQ2247,TQ7565",10,2026-07-12T15:29:48Z,2026-07-15T08:56:31Z,1.02
OX1 3HL,SEPD,LV,2,"TQ2247,TQ7565",10,2026-07-12T15:29:48Z,2026-07-15T08:56:31Z,1.02
OX1 3HT,SEPD,LV,2,"TQ2247,TQ7565",10,2026-07-12T15:29:48Z,2026-07-15T08:56:31Z,1.02
OX1 3HZ,SEPD,LV,2,"TQ2247,TQ7565",10,2026-07-12T15:29:48Z,2026-07-15T08:56:31Z,1.02
GL7 7BP,SEPD,LV,1,TQ2059,7,2026-07-12T15:29:48Z,2026-07-12T16:31:04Z,1.02
GL7 7BS,SEPD,LV,1,TQ2059,7,2026-07-12T15:29:48Z,2026-07-12T16:31:04Z,1.02
GL7 7BW,SEPD,LV,1,TQ2059,7,2026-07-12T15:29:48Z,2026-07-12T16:31:04Z,1.02
GL7 7DT,SEPD,LV,1,TQ2059,7,2026-07-12T15:29:48Z,2026-07-12T16:31:04Z,1.02
RH14 0DN,SEPD,LV,1,TQ0270,10,2026-07-10T23:14:08Z,2026-07-11T00:14:32Z,1.01
RH14 0SQ,SEPD,LV,1,TQ0270,10,2026-07-10T23:14:08Z,2026-07-11T00:14:32Z,1.01
RH14 0SS,SEPD,LV,1,TQ0270,10,2026-07-10T23:14:08Z,2026-07-11T00:14:32Z,1.01
RG21 4EY,SEPD,"LV,HV",2,"TQ1585,TQ1985",71,2026-07-12T09:21:50Z,2026-07-12T11:48:38Z,0.98
RG21 4JX,SEPD,"LV,HV",2,"TQ1585,TQ1985",71,2026-07-12T09:21:50Z,2026-07-12T11:48:38Z,0.98
RG21 4ER,SEPD,HV,1,TQ1985,58,2026-07-12T10:50:00Z,2026-07-12T11:48:38Z,0.98
RG21 4ET,SEPD,HV,1,TQ1985,58,2026-07-12T10:50:00Z,2026-07-12T11:48:38Z,0.98
RG21 4EZ,SEPD,HV,1,TQ1985,58,2026-07-12T10:50:00Z,2026-07-12T11:48:38Z,0.98
RG21 4HA,SEPD,HV,1,TQ1985,58,2026-07-12T10:50:00Z,2026-07-12T11:48:38Z,0.98
OX12 9TJ,SEPD,HV,2,"TQ2974,TQ4074",1948,2026-07-12T21:28:07Z,2026-07-13T13:32:50Z,0.97
OX12 9TL,SEPD,HV,2,"TQ2974,TQ4074",1948,2026-07-12T21:28:07Z,2026-07-13T13:32:50Z,0.97
OX12 9TN,SEPD,HV,2,"TQ2974,TQ4074",1948,2026-07-12T21:28:07Z,2026-07-13T13:32:50Z,0.97
OX12 9TW,SEPD,HV,2,"TQ2974,TQ4074",1948,2026-07-12T21:28:07Z,2026-07-13T13:32:50Z,0.97
OX12 9TX,SEPD,HV,2,"TQ2974,TQ4074",1948,2026-07-12T21:28:07Z,2026-07-13T13:32:50Z,0.97
SN7 8PF,SEPD,HV,2,"TQ2974,TQ4074",1948,2026-07-12T21:28:07Z,2026-07-13T13:32:50Z,0.97
BH15 1BQ,SEPD,LV,1,TQ7316,8,2026-07-14T20:44:33Z,2026-07-14T21:42:31Z,0.97
HP8 4DB,SEPD,HV,1,TQ9215,5,2026-07-15T19:51:30Z,2026-07-15T20:49:32Z,0.97
HP8 4DD,SEPD,HV,1,TQ9215,5,2026-07-15T19:51:30Z,2026-07-15T20:49:32Z,0.97
HP8 4DE,SEPD,HV,1,TQ9215,5,2026-07-15T19:51:30Z,2026-07-15T20:49:32Z,0.97
HP8 4DF,SEPD,HV,1,TQ9215,5,2026-07-15T19:51:30Z,2026-07-15T20:49:32Z,0.97
HP8 4DH,SEPD,HV,1,TQ9215,5,2026-07-15T19:51:30Z,2026-07-15T20:49:32Z,0.97
HP8 4DJ,SEPD,HV,1,TQ9215,5,2026-07-15T19:51:30Z,2026-07-15T20:49:32Z,0.97
HP8 4DL,SEPD,HV,1,TQ9215,5,2026-07-15T19:51:30Z,2026-07-15T20:49:32Z,0.97
HP8 4DN,SEPD,HV,1,TQ9215,5,2026-07-15T19:51:30Z,2026-07-15T20:49:32Z,0.97
HP8 4DP,SEPD,HV,1,TQ9215,5,2026-07-15T19:51:30Z,2026-07-15T20:49:32Z,0.97
HP8 4DQ,SEPD,HV,1,TQ9215,5,2026-07-15T19:51:30Z,2026-07-15T20:49:32Z,0.97
HP8 4DR,SEPD,HV,1,TQ9215,5,2026-07-15T19:51:30Z,2026-07-15T20:49:32Z,0.97
HP8 4DS,SEPD,HV,1,TQ9215,5,2026-07-15T19:51:30Z,2026-07-15T20:49:32Z,0.97
HP8 4DT,SEPD,HV,1,TQ9215,5,2026-07-15T19:51:30Z,2026-07-15T20:49:32Z,0.97
HP8 4DU,SEPD,HV,1,TQ9215,5,2026-07-15T19:51:30Z,2026-07-15T20:49:32Z,0.97
HP8 4DW,SEPD,HV,1,TQ9215,5,2026-07-15T19:51:30Z,2026-07-15T20:49:32Z,0.97
HP8 4DZ,SEPD,HV,1,TQ9215,5,2026-07-15T19:51:30Z,2026-07-15T20:49:32Z,0.97
HP8 4ED,SEPD,HV,1,TQ9215,5,2026-07-15T19:51:30Z,2026-07-15T20:49:32Z,0.97
HP8 4EF,SEPD,HV,1,TQ9215,5,2026-07-15T19:51:30Z,2026-07-15T20:49:32Z,0.97
OX7 6SX,SEPD,HV,1,TQ7496,3,2026-07-14T21:42:31Z,2026-07-14T22:40:58Z,0.97
OX7 6UP,SEPD,HV,1,TQ7496,3,2026-07-14T21:42:31Z,2026-07-14T22:40:58Z,0.97
RG14 1LL,SEPD,LV,1,TQ7353,22,2026-07-14T20:44:33Z,2026-07-14T21:42:31Z,0.97
RG14 1LR,SEPD,LV,1,TQ7353,22,2026-07-14T20:44:33Z,2026-07-14T21:42:31Z,0.97
RG14 1LT,SEPD,LV,1,TQ7353,22,2026-07-14T20:44:33Z,2026-07-14T21:42:31Z,0.97
RG14 1LU,SEPD,LV,1,TQ7353,22,2026-07-14T20:44:33Z,2026-07-14T21:42:31Z,0.97
RG14 1LX,SEPD,LV,1,TQ7353,22,2026-07-14T20:44:33Z,2026-07-14T21:42:31Z,0.97
RG14 1LY,SEPD,LV,1,TQ7353,22,2026-07-14T20:44:33Z,2026-07-14T21:42:31Z,0.97
RG21 3DX,SEPD,LV,1,TQ7497,9,2026-07-14T21:42:31Z,2026-07-14T22:40:58Z,0.97
RG21 3DZ,SEPD,LV,1,TQ7497,9,2026-07-14T21:42:31Z,2026-07-14T22:40:58Z,0.97
RG21 7PD,SEPD,LV,1,TQ7497,9,2026-07-14T21:42:31Z,2026-07-14T22:40:58Z,0.97
RG31 5EB,SEPD,LV,1,TQ7357,41,2026-07-14T20:44:33Z,2026-07-14T21:42:31Z,0.97
RG31 5ED,SEPD,LV,1,TQ7357,41,2026-07-14T20:44:33Z,2026-07-14T21:42:31Z,0.97
RG31 5EG,SEPD,LV,1,TQ7357,41,2026-07-14T20:44:33Z,2026-07-14T21:42:31Z,0.97
RG31 5HD,SEPD,LV,1,TQ7357,41,2026-07-14T20:44:33Z,2026-07-14T21:42:31Z,0.97
RG31 5HF,SEPD,LV,1,TQ7357,41,2026-07-14T20:44:33Z,2026-07-14T21:42:31Z,0.97
RG31 5PA,SEPD,LV,1,TQ7357,41,2026-07-14T20:44:33Z,2026-07-14T21:42:31Z,0.97
SL9 8TL,SEPD,HV,1,TQ9215,5,2026-07-15T19:51:30Z,2026-07-15T20:49:32Z,0.97
SL9 8TN,SEPD,HV,1,TQ9215,5,2026-07-15T19:51:30Z,2026-07-15T20:49:32Z,0.97
SL9 8TP,SEPD,HV,1,TQ9215,5,2026-07-15T19:51:30Z,2026-07-15T20:49:32Z,0.97
SL9 8TR,SEPD,HV,1,TQ9215,5,2026-07-15T19:51:30Z,2026-07-15T20:49:32Z,0.97
SL9 8TS,SEPD,HV,1,TQ9215,5,2026-07-15T19:51:30Z,2026-07-15T20:49:32Z,0.97
SL9 8TT,SEPD,HV,1,TQ9215,5,2026-07-15T19:51:30Z,2026-07-15T20:49:32Z,0.97
SL9 8TW,SEPD,HV,1,TQ9215,5,2026-07-15T19:51:30Z,2026-07-15T20:49:32Z,0.97
SL9 9NX,SEPD,HV,1,TQ9215,5,2026-07-15T19:51:30Z,2026-07-15T20:49:32Z,0.97
SL9 9PA,SEPD,HV,1,TQ9215,5,2026-07-15T19:51:30Z,2026-07-15T20:49:32Z,0.97
SL9 9PB,SEPD,HV,1,TQ9215,5,2026-07-15T19:51:30Z,2026-07-15T20:49:32Z,0.97
SL9 9PD,SEPD,HV,1,TQ9215,5,2026-07-15T19:51:30Z,2026-07-15T20:49:32Z,0.97
SL9 9PE,SEPD,HV,1,TQ9215,5,2026-07-15T19:51:30Z,2026-07-15T20:49:32Z,0.97
SL9 9PR,SEPD,HV,1,TQ9215,5,2026-07-15T19:51:30Z,2026-07-15T20:49:32Z,0.97
SP2 7HU,SEPD,LV,1,TQ7490,27,2026-07-14T21:42:31Z,2026-07-14T22:40:58Z,0.97
SP2 7HX,SEPD,LV,1,TQ7490,27,2026-07-14T21:42:31Z,2026-07-14T22:40:58Z,0.97
SP2 7HY,SEPD,LV,1,TQ7490,27,2026-07-14T21:42:31Z,2026-07-14T22:40:58Z,0.97
SP2 7HZ,SEPD,LV,1,TQ7490,27,2026-07-14T21:42:31Z,2026-07-14T22:40:58Z,0.97
SO52 9EQ,SEPD,LV,1,TQ5077,7,2026-07-13T19:47:48Z,2026-07-13T20:44:43Z,0.95
SO52 9PP,SEPD,LV,1,TQ5077,7,2026-07-13T19:47:48Z,2026-07-13T20:44:43Z,0.95
BH8 8GE,SEPD,HV,1,TQ5387,931,2026-07-13T22:38:32Z,2026-07-13T23:35:03Z,0.94
BH8 8NX,SEPD,HV,1,TQ5387,931,2026-07-13T22:38:32Z,2026-07-13T23:35:03Z,0.94
BH8 8NY,SEPD,HV,1,TQ5387,931,2026-07-13T22:38:32Z,2026-07-13T23:35:03Z,0.94
BH8 8PP,SEPD,HV,1,TQ5387,931,2026-07-13T22:38:32Z,2026-07-13T23:35:03Z,0.94
BH8 8PR,SEPD,HV,1,TQ5387,931,2026-07-13T22:38:32Z,2026-07-13T23:35:03Z,0.94
BH8 8PT,SEPD,HV,1,TQ5387,931,2026-07-13T22:38:32Z,2026-07-13T23:35:03Z,0.94
BH8 8PU,SEPD,HV,1,TQ5387,931,2026-07-13T22:38:32Z,2026-07-13T23:35:03Z,0.94
BH8 8PX,SEPD,HV,1,TQ5387,931,2026-07-13T22:38:32Z,2026-07-13T23:35:03Z,0.94
BH8 8PY,SEPD,HV,1,TQ5387,931,2026-07-13T22:38:32Z,2026-07-13T23:35:03Z,0.94
BH8 8PZ,SEPD,HV,1,TQ5387,931,2026-07-13T22:38:32Z,2026-07-13T23:35:03Z,0.94
BH8 8QA,SEPD,HV,1,TQ5387,931,2026-07-13T22:38:32Z,2026-07-13T23:35:03Z,0.94
BH8 8QB,SEPD,HV,1,TQ5387,931,2026-07-13T22:38:32Z,2026-07-13T23:35:03Z,0.94
BH8 8QH,SEPD,HV,1,TQ5387,931,2026-07-13T22:38:32Z,2026-07-13T23:35:03Z,0.94
BH8 8QJ,SEPD,HV,1,TQ5387,931,2026-07-13T22:38:32Z,2026-07-13T23:35:03Z,0.94
BH8 8QL,SEPD,HV,1,TQ5387,931,2026-07-13T22:38:32Z,2026-07-13T23:35:03Z,0.94
BH8 8QN,SEPD,HV,1,TQ5387,931,2026-07-13T22:38:32Z,2026-07-13T23:35:03Z,0.94
BH8 8QQ,SEPD,HV,1,TQ5387,931,2026-07-13T22:38:32Z,2026-07-13T23:35:03Z,0.94
BH8 8QW,SEPD,HV,1,TQ5387,931,2026-07-13T22:38:32Z,2026-07-13T23:35:03Z,0.94
BH8 8RA,SEPD,HV,1,TQ5387,931,2026-07-13T22:38:32Z,2026-07-13T23:35:03Z,0.94
BH8 8RB,SEPD,HV,1,TQ5387,931,2026-07-13T22:38:32Z,2026-07-13T23:35:03Z,0.94
BH8 8RD,SEPD,HV,1,TQ5387,931,2026-07-13T22:38:32Z,2026-07-13T23:35:03Z,0.94
BH8 8RE,SEPD,HV,1,TQ5387,931,2026-07-13T22:38:32Z,2026-07-13T23:35:03Z,0.94
BH8 8RH,SEPD,HV,1,TQ5387,931,2026-07-13T22:38:32Z,2026-07-13T23:35:03Z,0.94
BH8 8RJ,SEPD,HV,1,TQ5387,931,2026-07-13T22:38:32Z,2026-07-13T23:35:03Z,0.94
BH8 8RQ,SEPD,HV,1,TQ5387,931,2026-07-13T22:38:32Z,2026-07-13T23:35:03Z,0.94
BH8 8RS,SEPD,HV,1,TQ5387,931,2026-07-13T22:38:32Z,2026-07-13T23:35:03Z,0.94
BH8 8RT,SEPD,HV,1,TQ5387,931,2026-07-13T22:38:32Z,2026-07-13T23:35:03Z,0.94
BH8 8RX,SEPD,HV,1,TQ5387,931,2026-07-13T22:38:32Z,2026-07-13T23:35:03Z,0.94
BH8 8RZ,SEPD,HV,1,TQ5387,931,2026-07-13T22:38:32Z,2026-07-13T23:35:03Z,0.94
BH8 8SA,SEPD,HV,1,TQ5387,931,2026-07-13T22:38:32Z,2026-07-13T23:35:03Z,0.94
BH8 8SN,SEPD,HV,1,TQ5387,931,2026-07-13T22:38:32Z,2026-07-13T23:35:03Z,0.94
BH8 8TD,SEPD,HV,1,TQ5387,931,2026-07-13T22:38:32Z,2026-07-13T23:35:03Z,0.94
BH8 8TH,SEPD,HV,1,TQ5387,931,2026-07-13T22:38:32Z,2026-07-13T23:35:03Z,0.94
BH8 8TL,SEPD,HV,1,TQ5387,931,2026-07-13T22:38:32Z,2026-07-13T23:35:03Z,0.94
BH8 8TN,SEPD,HV,1,TQ5387,931,2026-07-13T22:38:32Z,2026-07-13T23:35:03Z,0.94
BH8 8TP,SEPD,HV,1,TQ5387,931,2026-07-13T22:38:32Z,2026-07-13T23:35:03Z,0.94
BH8 8TR,SEPD,HV,1,TQ5387,931,2026-07-13T22:38:32Z,2026-07-13T23:35:03Z,0.94
BH8 8TW,SEPD,HV,1,TQ5387,931,2026-07-13T22:38:32Z,2026-07-13T23:35:03Z,0.94
BH8 8UA,SEPD,HV,1,TQ5387,931,2026-07-13T22:38:32Z,2026-07-13T23:35:03Z,0.94
BH8 8UB,SEPD,HV,1,TQ5387,931,2026-07-13T22:38:32Z,2026-07-13T23:35:03Z,0.94
BH8 8UL,SEPD,HV,1,TQ5387,931,2026-07-13T22:38:32Z,2026-07-13T23:35:03Z,0.94
BH8 8UP,SEPD,HV,1,TQ5387,931,2026-07-13T22:38:32Z,2026-07-13T23:35:03Z,0.94
BH8 9DX,SEPD,HV,1,TQ5387,931,2026-07-13T22:38:32Z,2026-07-13T23:35:03Z,0.94
IV22 2NB,SHEPD,HV,1,TQ1010,122,2026-07-11T14:41:47Z,2026-07-11T15:38:15Z,0.94
IV22 2ND,SHEPD,HV,1,TQ1010,122,2026-07-11T14:41:47Z,2026-07-11T15:38:15Z,0.94
IV22 2NL,SHEPD,HV,1,TQ1010,122,2026-07-11T14:41:47Z,2026-07-11T15:38:15Z,0.94
IV22 2NP,SHEPD,HV,1,TQ1010,122,2026-07-11T14:41:47Z,2026-07-11T15:38:15Z,0.94
IV22 2NR,SHEPD,HV,1,TQ1010,122,2026-07-11T14:41:47Z,2026-07-11T15:38:15Z,0.94
IV22 2NS,SHEPD,HV,1,TQ1010,122,2026-07-11T14:41:47Z,2026-07-11T15:38:15Z,0.94
IV22 2NT,SHEPD,HV,1,TQ1010,122,2026-07-11T14:41:47Z,2026-07-11T15:38:15Z,0.94
IV22 2NU,SHEPD,HV,1,TQ1010,122,2026-07-11T14:41:47Z,2026-07-11T15:38:15Z,0.94
PO17 5AJ,SEPD,LV,1,TQ1027,25,2026-07-11T15:38:15Z,2026-07-11T16:34:27Z,0.94
PO17 5BQ,SEPD,LV,1,TQ1027,25,2026-07-11T15:38:15Z,2026-07-11T16:34:27Z,0.94
PO17 5DD,SEPD,LV,1,TQ1027,25,2026-07-11T15:38:15Z,2026-07-11T16:34:27Z,0.94
PO17 5DE,SEPD,LV,1,TQ1027,25,2026-07-11T15:38:15Z,2026-07-11T16:34:27Z,0.94
PO17 5DF,SEPD,LV,1,TQ1027,25,2026-07-11T15:38:15Z,2026-07-11T16:34:27Z,0.94
PO17 5DH,SEPD,LV,1,TQ1027,25,2026-07-11T15:38:15Z,2026-07-11T16:34:27Z,0.94
PO17 5DJ,SEPD,LV,1,TQ1027,25,2026-07-11T15:38:15Z,2026-07-11T16:34:27Z,0.94
PO17 5JQ,SEPD,LV,1,TQ1027,25,2026-07-11T15:38:15Z,2026-07-11T16:34:27Z,0.94
PO17 5NJ,SEPD,LV,1,TQ1027,25,2026-07-11T15:38:15Z,2026-07-11T16:34:27Z,0.94
PO17 5NL,SEPD,LV,1,TQ1027,25,2026-07-11T15:38:15Z,2026-07-11T16:34:27Z,0.94
PO17 5NN,SEPD,LV,1,TQ1027,25,2026-07-11T15:38:15Z,2026-07-11T16:34:27Z,0.94
PO17 5NP,SEPD,LV,1,TQ1027,25,2026-07-11T15:38:15Z,2026-07-11T16:34:27Z,0.94
PO17 5NW,SEPD,LV,1,TQ1027,25,2026-07-11T15:38:15Z,2026-07-11T16:34:27Z,0.94
SO41 0FP,SEPD,HV,1,TQ1001,2,2026-07-11T14:41:47Z,2026-07-11T15:38:15Z,0.94
ZE2 9NP,SHEPD,HV,1,TQ1040,25,2026-07-11T15:38:15Z,2026-07-11T16:34:27Z,0.94
ZE2 9PF,SHEPD,HV,1,TQ1040,25,2026-07-11T15:38:15Z,2026-07-11T16:34:27Z,0.94
ZE2 9PH,SHEPD,HV,1,TQ1040,25,2026-07-11T15:38:15Z,2026-07-11T16:34:27Z,0.94
ZE2 9PQ,SHEPD,HV,1,TQ1040,25,2026-07-11T15:38:15Z,2026-07-11T16:34:27Z,0.94
GU7 1XY,SEPD,LV,1,TQ1097,12,2026-07-11T17:40:35Z,2026-07-11T18:36:18Z,0.93
GU7 1YA,SEPD,LV,1,TQ1097,12,2026-07-11T17:40:35Z,2026-07-11T18:36:18Z,0.93
OX18 3HJ,SEPD,LV,1,TQ0942,38,2026-07-11T13:45:42Z,2026-07-11T14:41:47Z,0.93
OX18 3XF,SEPD,LV,1,TQ0942,38,2026-07-11T13:45:42Z,2026-07-11T14:41:47Z,0.93
OX18 3XG,SEPD,LV,1,TQ0942,38,2026-07-11T13:45:42Z,2026-07-11T14:41:47Z,0.93
OX18 3XH,SEPD,LV,1,TQ0942,38,2026-07-11T13:45:42Z,2026-07-11T14:41:47Z,0.93
OX18 3XN,SEPD,LV,1,TQ0942,38,2026-07-11T13:45:42Z,2026-07-11T14:41:47Z,0.93
OX18 3XW,SEPD,LV,1,TQ0942,38,2026-07-11T13:45:42Z,2026-07-11T14:41:47Z,0.93
OX18 3XY,SEPD,LV,1,TQ0942,38,2026-07-11T13:45:42Z,2026-07-11T14:41:47Z,0.93
OX18 3YF,SEPD,LV,1,TQ0942,38,2026-07-11T13:45:42Z,2026-07-11T14:41:47Z,0.93
OX18 3YQ,SEPD,LV,1,TQ0942,38,2026-07-11T13:45:42Z,2026-07-11T14:41:47Z,0.93
RG26 5RB,SEPD,HV,1,TQ3570,58,2026-07-13T20:44:43Z,2026-07-13T21:40:02Z,0.92
RG26 5RD,SEPD,HV,1,TQ3570,58,2026-07-13T20:44:43Z,2026-07-13T21:40:02Z,0.92
RG26 5RE,SEPD,HV,1,TQ3570,58,2026-07-13T20:44:43Z,2026-07-13T21:40:02Z,0.92
RH14 0JH,SEPD,HV,1,TQ5321,39,2026-07-13T20:44:43Z,2026-07-13T21:40:02Z,0.92
RH14 0LG,SEPD,HV,1,TQ5321,39,2026-07-13T20:44:43Z,2026-07-13T21:40:02Z,0.92
RH14 0LP,SEPD,HV,1,TQ5321,39,2026-07-13T20:44:43Z,2026-07-13T21:40:02Z,0.92
RH14 0LT,SEPD,HV,1,TQ5321,39,2026-07-13T20:44:43Z,2026-07-13T21:40:02Z,0.92
RH14 0LU,SEPD,HV,1,TQ5321,39,2026-07-13T20:44:43Z,2026-07-13T21:40:02Z,0.92
RH14 0LW,SEPD,HV,1,TQ5321,39,2026-07-13T20:44:43Z,2026-07-13T21:40:02Z,0.92
AB21 7LS,SHEPD,LV,1,TQ1222,10,2026-07-12T11:48:38Z,2026-07-12T12:43:23Z,0.91
BA20 2JP,SEPD,LV,1,TQ9269,31,2026-07-15T20:49:32Z,2026-07-15T21:43:50Z,0.91
BA20 2NF,SEPD,LV,1,TQ9269,31,2026-07-15T20:49:32Z,2026-07-15T21:43:50Z,0.91
BA20 2NP,SEPD,LV,1,TQ9269,31,2026-07-15T20:49:32Z,2026-07-15T21:43:50Z,0.91
BA20 2NT,SEPD,LV,1,TQ9269,31,2026-07-15T20:49:32Z,2026-07-15T21:43:50Z,0.91
BA20 2NU,SEPD,LV,1,TQ9269,31,2026-07-15T20:49:32Z,2026-07-15T21:43:50Z,0.91
BH1 3BE,SEPD,LV,1,TQ1249,51,2026-07-11T20:37:23Z,2026-07-11T21:32:15Z,0.91
BH1 3NS,SEPD,LV,1,TQ1249,51,2026-07-11T20:37:23Z,2026-07-11T21:32:15Z,0.91
BH1 3NX,SEPD,LV,1,TQ1249,51,2026-07-11T20:37:23Z,2026-07-11T21:32:15Z,0.91
BH1 3PA,SEPD,LV,1,TQ1249,51,2026-07-11T20:37:23Z,2026-07-11T21:32:15Z,0.91
BH1 3PE,SEPD,LV,1,TQ1249,51,2026-07-11T20:37:23Z,2026-07-11T21:32:15Z,0.91
BH1 3PH,SEPD,LV,1,TQ1249,51,2026-07-11T20:37:23Z,2026-07-11T21:32:15Z,0.91
BH1 3PZ,SEPD,LV,1,TQ1249,51,2026-07-11T20:37:23Z,2026-07-11T21:32:15Z,0.91
BH1 3QD,SEPD,LV,1,TQ1249,51,2026-07-11T20:37:23Z,2026-07-11T21:32:15Z,0.91
AB41 7JX,SHEPD,LV,1,TP5870,16,2026-07-08T21:43:50Z,2026-07-08T22:28:27Z,0.74
AB41 7LA,SHEPD,LV,1,TP5870,16,2026-07-08T21:43:50Z,2026-07-08T22:28:27Z,0.74
AB41 7NJ,SHEPD,LV,1,TP5870,16,2026-07-08T21:43:50Z,2026-07-08T22:28:27Z,0.74
AB41 7QF,SHEPD,LV,1,TP5870,16,2026-07-08T21:43:50Z,2026-07-08T22:28:27Z,0.74
AB41 7QG,SHEPD,LV,1,TP5870,16,2026-07-08T21:43:50Z,2026-07-08T22:28:27Z,0.74
GL7 1BH,SEPD,LV,1,TP5975,12,2026-07-08T21:43:50Z,2026-07-08T22:28:27Z,0.74
GL7 1BJ,SEPD,LV,1,TP5975,12,2026-07-08T21:43:50Z,2026-07-08T22:28:27Z,0.74
GL7 1BL,SEPD,LV,1,TP5975,12,2026-07-08T21:43:50Z,2026-07-08T22:28:27Z,0.74
IV51 9JS,SHEPD,LV,1,TP6312,3,2026-07-08T21:43:50Z,2026-07-08T22:28:27Z,0.74
IV51 9JT,SHEPD,LV,1,TP6312,3,2026-07-08T21:43:50Z,2026-07-08T22:28:27Z,0.74
OX4 1AF,SEPD,LV,1,TP4776,17,2026-07-08T21:43:50Z,2026-07-08T22:28:27Z,0.74
OX4 1AH,SEPD,LV,1,TP4776,17,2026-07-08T21:43:50Z,2026-07-08T22:28:27Z,0.74
OX4 1AY,SEPD,LV,1,TP4776,17,2026-07-08T21:43:50Z,2026-07-08T22:28:27Z,0.74
OX4 1AZ,SEPD,LV,1,TP4776,17,2026-07-08T21:43:50Z,2026-07-08T22:28:27Z,0.74
OX4 1BA,SEPD,LV,1,TP4776,17,2026-07-08T21:43:50Z,2026-07-08T22:28:27Z,0.74
OX4 1BE,SEPD,LV,1,TP4776,17,2026-07-08T21:43:50Z,2026-07-08T22:28:27Z,0.74
RG26 5TX,SEPD,LV,1,TP5258,25,2026-07-08T21:43:50Z,2026-07-08T22:28:27Z,0.74
RG26 5TY,SEPD,LV,1,TP5258,25,2026-07-08T21:43:50Z,2026-07-08T22:28:27Z,0.74
RG26 5TZ,SEPD,LV,1,TP5258,25,2026-07-08T21:43:50Z,2026-07-08T22:28:27Z,0.74
RG26 5UA,SEPD,LV,1,TP5258,25,2026-07-08T21:43:50Z,2026-07-08T22:28:27Z,0.74
RG26 5UB,SEPD,LV,1,TP5258,25,2026-07-08T21:43:50Z,2026-07-08T22:28:27Z,0.74
SN1 1JL,SEPD,HV,1,TQ2573,6,2026-07-12T19:49:39Z,2026-07-12T20:32:05Z,0.71
SN1 1JQ,SEPD,HV,1,TQ2573,6,2026-07-12T19:49:39Z,2026-07-12T20:32:05Z,0.71
OX12 9BQ,SEPD,"LV,HV",4,"TP6347,TP9584,TQ4074,TQ4119",1922,2026-07-08T22:28:27Z,2026-07-13T13:32:50Z,0.0
OX12 9HQ,SEPD,"LV,HV",4,"TP6347,TP9584,TQ4074,TQ4119",1922,2026-07-08T22:28:27Z,2026-07-13T13:32:50Z,0.0
RG31 6FJ,SEPD,LV,4,"TQ0795,TQ2543,TQ5801,TQ8510",100,2026-07-11T10:59:11Z,2026-07-15T14:16:47Z,0.0
RG31 6FL,SEPD,LV,4,"TQ0795,TQ2543,TQ5801,TQ8510",100,2026-07-11T10:59:11Z,2026-07-15T14:16:47Z,0.0
RG31 6FN,SEPD,LV,4,"TQ0795,TQ2543,TQ5801,TQ8510",100,2026-07-11T10:59:11Z,2026-07-15T14:16:47Z,0.0
RG31 6YY,SEPD,LV,4,"TQ0795,TQ2543,TQ5801,TQ8510",100,2026-07-11T10:59:11Z,2026-07-15T14:16:47Z,0.0
RG9 2AH,SEPD,LV,4,"TP9332,TQ4728,TQ7066,TQ8871",112,2026-07-10T13:35:06Z,2026-07-15T15:56:23Z,0.0
RG9 2AN,SEPD,LV,4,"TP9332,TQ4728,TQ7066,TQ8871",112,2026-07-10T13:35:06Z,2026-07-15T15:56:23Z,0.0
RG9 2BA,SEPD,LV,4,"TP9332,TQ4728,TQ7066,TQ8871",112,2026-07-10T13:35:06Z,2026-07-15T15:56:23Z,0.0
RG9 2BD,SEPD,LV,4,"TP9332,TQ4728,TQ7066,TQ8871",112,2026-07-10T13:35:06Z,2026-07-15T15:56:23Z,0.0
RG9 2BF,SEPD,LV,4,"TP9332,TQ4728,TQ7066,TQ8871",112,2026-07-10T13:35:06Z,2026-07-15T15:56:23Z,0.0
RG9 2BG,SEPD,LV,4,"TP9332,TQ4728,TQ7066,TQ8871",112,2026-07-10T13:35:06Z,2026-07-15T15:56:23Z,0.0
RG9 2BL,SEPD,LV,4,"TP9332,TQ4728,TQ7066,TQ8871",112,2026-07-10T13:35:06Z,2026-07-15T15:56:23Z,0.0
RG9 2BW,SEPD,LV,4,"TP9332,TQ4728,TQ7066,TQ8871",112,2026-07-10T13:35:06Z,2026-07-15T15:56:23Z,0.0
RG9 2FH,SEPD,LV,4,"TP9332,TQ4728,TQ7066,TQ8871",112,2026-07-10T13:35:06Z,2026-07-15T15:56:23Z,0.0
OX12 9BH,SEPD,"LV,HV",3,"TP6347,TP9584,TQ4074",1888,2026-07-08T22:28:27Z,2026-07-13T13:32:50Z,0.0
OX12 9EA,SEPD,LV,3,"TQ2859,TQ2862,TQ2895",59,2026-07-12T20:32:05Z,2026-07-12T20:32:05Z,0.0
OX12 9HL,SEPD,"LV,HV",3,"TP6347,TP9584,TQ4074",1888,2026-07-08T22:28:27Z,2026-07-13T13:32:50Z,0.0
OX7 4BB,SEPD,"LV,HV",3,"TQ7332,TQ7334,TQ7391",131,2026-07-14T19:43:22Z,2026-07-14T20:44:33Z,0.0
SO30 0FD,SEPD,"LV,HV",3,"TQ1086,TQ2996,TQ3275",62,2026-07-11T17:40:35Z,2026-07-13T07:58:35Z,0.0
SO30 0FF,SEPD,"LV,HV",3,"TQ1086,TQ2996,TQ3275",62,2026-07-11T17:40:35Z,2026-07-13T07:58:35Z,0.0
SO32 3HA,SEPD,HV,3,"TQ1547,TQ1871,TQ2991",2972,2026-07-12T09:21:50Z,2026-07-12T22:26:26Z,0.0
DD2 2PN,SHEPD,LV,2,"TQ0849,TQ1628",50,2026-07-11T11:59:39Z,2026-07-12T07:15:24Z,0.0
DD3 6DU,SHEPD,LV,2,"TQ0849,TQ1628",50,2026-07-11T11:59:39Z,2026-07-12T07:15:24Z,0.0
DD3 6DW,SHEPD,LV,2,"TQ0849,TQ1628",50,2026-07-11T11:59:39Z,2026-07-12T07:15:24Z,0.0
DD3 6DY,SHEPD,LV,2,"TQ0849,TQ1628",50,2026-07-11T11:59:39Z,2026-07-12T07:15:24Z,0.0
DD3 6DZ,SHEPD,LV,2,"TQ0849,TQ1628",50,2026-07-11T11:59:39Z,2026-07-12T07:15:24Z,0.0
DT3 6BG,SEPD,"LV,HV",2,"TQ0762,TQ2314",78,2026-07-11T15:38:15Z,2026-07-12T15:29:48Z,0.0
GL7 1RZ,SEPD,HV,2,"TQ2351,TQ6782",88,2026-07-12T16:31:04Z,2026-07-14T15:44:08Z,0.0
GL7 5DS,SEPD,HV,2,"TQ2351,TQ6782",88,2026-07-12T16:31:04Z,2026-07-14T15:44:08Z,0.0
GL7 5EZ,SEPD,HV,2,"TQ2351,TQ6782",88,2026-07-12T16:31:04Z,2026-07-14T15:44:08Z,0.0
GL7 5FB,SEPD,HV,2,"TQ2351,TQ6782",88,2026-07-12T16:31:04Z,2026-07-14T15:44:08Z,0.0
GL7 5HA,SEPD,HV,2,"TQ2351,TQ6782",88,2026-07-12T16:31:04Z,2026-07-14T15:44:08Z,0.0
GL7 5HB,SEPD,HV,2,"TQ2351,TQ6782",88,2026-07-12T16:31:04Z,2026-07-14T15:44:08Z,0.0
GL7 5HF,SEPD,HV,2,"TQ2351,TQ6782",88,2026-07-12T16:31:04Z,2026-07-14T15:44:08Z,0.0
GL7 5RH,SEPD,HV,2,"TQ2351,TQ6782",88,2026-07-12T16:31:04Z,2026-07-14T15:44:08Z,0.0
GL7 5RJ,SEPD,HV,2,"TQ2351,TQ6782",88,2026-07-12T16:31:04Z,2026-07-14T15:44:08Z,0.0
HP10 9RH,SEPD,"HV,LV",2,"TP9087,TP9100",764,2026-07-10T11:35:22Z,2026-07-10T11:35:22Z,0.0
HP10 9RR,SEPD,"HV,LV",2,"TP9087,TP9100",764,2026-07-10T11:35:22Z,2026-07-10T11:35:22Z,0.0
HP10 9TF,SEPD,"HV,LV",2,"TP9087,TP9100",764,2026-07-10T11:35:22Z,2026-07-10T11:35:22Z,0.0
HP10 9TQ,SEPD,"HV,LV",2,"TP9087,TP9100",764,2026-07-10T11:35:22Z,2026-07-10T11:35:22Z,0.0
HP10 9UB,SEPD,"HV,LV",2,"TP9087,TP9100",764,2026-07-10T11:35:22Z,2026-07-10T11:35:22Z,0.0
IV30 1NZ,SHEPD,LV,2,"TP5795,TP9083",34,2026-07-09T08:52:42Z,2026-07-10T11:35:22Z,0.0
IV30 1PA,SHEPD,LV,2,"TP5795,TP9083",34,2026-07-09T08:52:42Z,2026-07-10T11:35:22Z,0.0
IV30 1PB,SHEPD,LV,2,"TP5795,TP9083",34,2026-07-09T08:52:42Z,2026-07-10T11:35:22Z,0.0
IV30 1PD,SHEPD,LV,2,"TP5795,TP9083",34,2026-07-09T08:52:42Z,2026-07-10T11:35:22Z,0.0
IV30 1PE,SHEPD,LV,2,"TP5795,TP9083",34,2026-07-09T08:52:42Z,2026-07-10T11:35:22Z,0.0
IV30 1PF,SHEPD,LV,2,"TP5795,TP9083",34,2026-07-09T08:52:42Z,2026-07-10T11:35:22Z,0.0
IV30 1TF,SHEPD,LV,2,"TP5795,TP9083",34,2026-07-09T08:52:42Z,2026-07-10T11:35:22Z,0.0
KY13 9HJ,SHEPD,LV,2,"TP9490,TP9493",16,2026-07-10T13:35:06Z,2026-07-10T13:35:06Z,0.0
KY13 9HL,SHEPD,LV,2,"TP9490,TP9493",16,2026-07-10T13:35:06Z,2026-07-10T13:35:06Z,0.0
KY13 9HN,SHEPD,LV,2,"TP9490,TP9493",16,2026-07-10T13:35:06Z,2026-07-10T13:35:06Z,0.0
OX12 9AX,SEPD,"HV,LV",2,"TQ4074,TQ4119",1896,2026-07-13T13:32:50Z,2026-07-13T13:32:50Z,0.0
OX12 9BB,SEPD,"HV,LV",2,"TQ4074,TQ4119",1896,2026-07-13T13:32:50Z,2026-07-13T13:32:50Z,0.0
OX12 9JD,SEPD,"HV,LV",2,"TQ4074,TQ4089",1879,2026-07-13T13:32:50Z,2026-07-13T13:32:50Z,0.0
OX12 9LH,SEPD,"HV,LV",2,"TQ4074,TQ4089",1879,2026-07-13T13:32:50Z,2026-07-13T13:32:50Z,0.0
OX7 4AP,SEPD,"LV,HV",2,"TQ7342,TQ7391",107,2026-07-14T19:43:22Z,2026-07-14T20:44:33Z,0.0
OX7 4AT,SEPD,"LV,HV",2,"TQ7332,TQ7391",119,2026-07-14T19:43:22Z,2026-07-14T20:44:33Z,0.0
OX7 4AX,SEPD,"LV,HV",2,"TQ7332,TQ7391",119,2026-07-14T19:43:22Z,2026-07-14T20:44:33Z,0.0
OX7 4AY,SEPD,"LV,HV",2,"TQ7332,TQ7391",119,2026-07-14T19:43:22Z,2026-07-14T20:44:33Z,0.0
OX7 4BA,SEPD,"LV,HV",2,"TQ7332,TQ7391",119,2026-07-14T19:43:22Z,2026-07-14T20:44:33Z,0.0
OX7 4BD,SEPD,"LV,HV",2,"TQ7332,TQ7391",119,2026-07-14T19:43:22Z,2026-07-14T20:44:33Z,0.0
OX7 4BG,SEPD,"LV,HV",2,"TQ7334,TQ7391",117,2026-07-14T19:43:22Z,2026-07-14T20:44:33Z,0.0
OX7 4BH,SEPD,"LV,HV",2,"TQ7334,TQ7391",117,2026-07-14T19:43:22Z,2026-07-14T20:44:33Z,0.0
OX7 4BQ,SEPD,"LV,HV",2,"TQ7334,TQ7391",117,2026-07-14T19:43:22Z,2026-07-14T20:44:33Z,0.0
RG21 4YY,SEPD,HV,2,"TQ1915,TQ1918",694,2026-07-12T09:21:50Z,2026-07-12T09:21:50Z,0.0
RG23 7FX,SEPD,HV,2,"TQ1915,TQ1918",694,2026-07-12T09:21:50Z,2026-07-12T09:21:50Z,0.0
RG23 7LR,SEPD,HV,2,"TQ1915,TQ1918",694,2026-07-12T09:21:50Z,2026-07-12T09:21:50Z,0.0
RG23 7LS,SEPD,HV,2,"TQ1915,TQ1918",694,2026-07-12T09:21:50Z,2026-07-12T09:21:50Z,0.0
RG23 7LT,SEPD,HV,2,"TQ1915,TQ1918",694,2026-07-12T09:21:50Z,2026-07-12T09:21:50Z,0.0
RG23 7LU,SEPD,HV,2,"TQ1915,TQ1918",694,2026-07-12T09:21:50Z,2026-07-12T09:21:50Z,0.0
RG23 7LW,SEPD,HV,2,"TQ1915,TQ1918",694,2026-07-12T09:21:50Z,2026-07-12T09:21:50Z,0.0
RG25,SEPD,HV,2,"TQ1915,TQ1918",694,2026-07-12T09:21:50Z,2026-07-12T09:21:50Z,0.0
RG25 2AA,SEPD,HV,2,"TQ1915,TQ1918",694,2026-07-12T09:21:50Z,2026-07-12T09:21:50Z,0.0
RG25 2AB,SEPD,HV,2,"TQ1915,TQ1918",694,2026-07-12T09:21:50Z,2026-07-12T09:21:50Z,0.0
RG25 2AE,SEPD,HV,2,"TQ1915,TQ1918",694,2026-07-12T09:21:50Z,2026-07-12T09:21:50Z,0.0
RG25 2AF,SEPD,HV,2,"TQ1915,TQ1918",694,2026-07-12T09:21:50Z,2026-07-12T09:21:50Z,0.0
RG25 2DB,SEPD,HV,2,"TQ1915,TQ1918",694,2026-07-12T09:21:50Z,2026-07-12T09:21:50Z,0.0
RG25 2DL,SEPD,HV,2,"TQ1915,TQ1918",694,2026-07-12T09:21:50Z,2026-07-12T09:21:50Z,0.0
RG25 2SR,SEPD,HV,2,"TQ1915,TQ1918",694,2026-07-12T09:21:50Z,2026-07-12T09:21:50Z,0.0
RG27 9EL,SEPD,HV,2,"TQ7829,TQ7831",260,2026-07-15T08:56:31Z,2026-07-15T08:56:31Z,0.0
RG27 9ER,SEPD,HV,2,"TQ7829,TQ7831",260,2026-07-15T08:56:31Z,2026-07-15T08:56:31Z,0.0
RG27 9FF,SEPD,HV,2,"TQ7829,TQ7831",260,2026-07-15T08:56:31Z,2026-07-15T08:56:31Z,0.0
RG27 9FG,SEPD,HV,2,"TQ7829,TQ7831",260,2026-07-15T08:56:31Z,2026-07-15T08:56:31Z,0.0
RG27 9RW,SEPD,HV,2,"TQ7829,TQ7831",260,2026-07-15T08:56:31Z,2026-07-15T08:56:31Z,0.0
RG27 9UF,SEPD,HV,2,"TQ7829,TQ7831",260,2026-07-15T08:56:31Z,2026-07-15T08:56:31Z,0.0
RG27 9UY,SEPD,HV,2,"TQ7829,TQ7831",260,2026-07-15T08:56:31Z,2026-07-15T08:56:31Z,0.0
RG27 9XA,SEPD,HV,2,"TQ7829,TQ7831",260,2026-07-15T08:56:31Z,2026-07-15T08:56:31Z,0.0
RG30 2NP,SEPD,LV,2,"TQ5971,TQ6442",53,2026-07-14T11:57:59Z,2026-07-14T11:57:59Z,0.0
RG30 4GX,SEPD,LV,2,"TP6321,TP8489",24,2026-07-09T01:15:22Z,2026-07-11T09:53:08Z,0.0
SN1 2QT,SEPD,LV,2,"TP6352,TP6561",30,2026-07-08T22:28:27Z,2026-07-09T05:13:28Z,0.0
SN14 7NS,SEPD,HV,2,"TP8113,TP9793",91,2026-07-09T22:16:17Z,2026-07-10T19:46:43Z,0.0
SN4 8EH,SEPD,HV,2,"TP8138,TP8204",98,2026-07-09T22:16:17Z,2026-07-09T23:40:46Z,0.0
SN6 8PE,SEPD,HV,2,"TQ0643,TQ0647",912,2026-07-11T08:13:51Z,2026-07-11T09:53:08Z,0.0
SN6 8PL,SEPD,HV,2,"TQ0643,TQ0647",912,2026-07-11T08:13:51Z,2026-07-11T09:53:08Z,0.0
SN6 8PQ,SEPD,HV,2,"TQ0643,TQ0647",912,2026-07-11T08:13:51Z,2026-07-11T09:53:08Z,0.0
SO21 2LP,SEPD,LV,2,"TQ8475,TQ8483",8,2026-07-15T12:20:28Z,2026-07-15T15:56:23Z,0.0
SO21 2LR,SEPD,LV,2,"TQ8475,TQ8483",8,2026-07-15T12:20:28Z,2026-07-15T15:56:23Z,0.0
SO30 0PE,SEPD,"HV,LV",2,"TQ2996,TQ3005",66,2026-07-12T22:26:26Z,2026-07-12T22:26:26Z,0.0
SO32 1BU,SEPD,HV,2,"TQ1871,TQ2991",1145,2026-07-12T21:28:07Z,2026-07-12T22:26:26Z,0.0
SO32 1DR,SEPD,HV,2,"TQ1871,TQ2991",1145,2026-07-12T21:28:07Z,2026-07-12T22:26:26Z,0.0
SO32 1DS,SEPD,HV,2,"TQ1547,TQ1876",1887,2026-07-12T09:21:50Z,2026-07-12T09:21:50Z,0.0
SO32 1DU,SEPD,HV,2,"TQ1547,TQ1876",1887,2026-07-12T09:21:50Z,2026-07-12T09:21:50Z,0.0
SO32 1NU,SEPD,HV,2,"TQ1547,TQ1876",1887,2026-07-12T09:21:50Z,2026-07-12T09:21:50Z,0.0
SO32 2ET,SEPD,HV,2,"TQ1547,TQ1876",1887,2026-07-12T09:21:50Z,2026-07-12T09:21:50Z,0.0
SO32 2EU,SEPD,HV,2,"TQ1547,TQ1876",1887,2026-07-12T09:21:50Z,2026-07-12T09:21:50Z,0.0
SO32 2EW,SEPD,HV,2,"TQ1547,TQ1876",1887,2026-07-12T09:21:50Z,2026-07-12T09:21:50Z,0.0
SO32 2EZ,SEPD,HV,2,"TQ1547,TQ1876",1887,2026-07-12T09:21:50Z,2026-07-12T09:21:50Z,0.0
SO32 2FJ,SEPD,HV,2,"TQ1547,TQ1876",1887,2026-07-12T09:21:50Z,2026-07-12T09:21:50Z,0.0
SO32 2FR,SEPD,HV,2,"TQ1547,TQ1876",1887,2026-07-12T09:21:50Z,2026-07-12T09:21:50Z,0.0
SO32 2GH,SEPD,HV,2,"TQ1547,TQ1876",1887,2026-07-12T09:21:50Z,2026-07-12T09:21:50Z,0.0
SO32 2NT,SEPD,HV,2,"TQ1547,TQ1876",1887,2026-07-12T09:21:50Z,2026-07-12T09:21:50Z,0.0
SO32 2PA,SEPD,HV,2,"TQ1547,TQ1876",1887,2026-07-12T09:21:50Z,2026-07-12T09:21:50Z,0.0
SO32 2PB,SEPD,HV,2,"TQ1547,TQ1876",1887,2026-07-12T09:21:50Z,2026-07-12T09:21:50Z,0.0
SO32 2PE,SEPD,HV,2,"TQ1547,TQ1876",1887,2026-07-12T09:21:50Z,2026-07-12T09:21:50Z,0.0
SO32 2PT,SEPD,HV,2,"TQ1547,TQ1876",1887,2026-07-12T09:21:50Z,2026-07-12T09:21:50Z,0.0
SO32 2PU,SEPD,HV,2,"TQ1547,TQ1876",1887,2026-07-12T09:21:50Z,2026-07-12T09:21:50Z,0.0
SO32 2PW,SEPD,HV,2,"TQ1547,TQ1876",1887,2026-07-12T09:21:50Z,2026-07-12T09:21:50Z,0.0
SO32 2QA,SEPD,HV,2,"TQ1547,TQ1876",1887,2026-07-12T09:21:50Z,2026-07-12T09:21:50Z,0.0
SO32 2QB,SEPD,HV,2,"TQ1547,TQ1876",1887,2026-07-12T09:21:50Z,2026-07-12T09:21:50Z,0.0
SO32 2QH,SEPD,HV,2,"TQ1547,TQ1876",1887,2026-07-12T09:21:50Z,2026-07-12T09:21:50Z,0.0
SO32 2QJ,SEPD,HV,2,"TQ1547,TQ1876",1887,2026-07-12T09:21:50Z,2026-07-12T09:21:50Z,0.0
SO32 2QL,SEPD,HV,2,"TQ1547,TQ1876",1887,2026-07-12T09:21:50Z,2026-07-12T09:21:50Z,0.0
SO32 2QN,SEPD,HV,2,"TQ1547,TQ1876",1887,2026-07-12T09:21:50Z,2026-07-12T09:21:50Z,0.0
SO32 2QP,SEPD,HV,2,"TQ1547,TQ1876",1887,2026-07-12T09:21:50Z,2026-07-12T09:21:50Z,0.0
SO32 2QQ,SEPD,HV,2,"TQ1547,TQ1876",1887,2026-07-12T09:21:50Z,2026-07-12T09:21:50Z,0.0
SO32 2QS,SEPD,HV,2,"TQ1547,TQ1876",1887,2026-07-12T09:21:50Z,2026-07-12T09:21:50Z,0.0
SO32 2QT,SEPD,HV,2,"TQ1547,TQ1876",1887,2026-07-12T09:21:50Z,2026-07-12T09:21:50Z,0.0
SO32 2QU,SEPD,HV,2,"TQ1547,TQ1876",1887,2026-07-12T09:21:50Z,2026-07-12T09:21:50Z,0.0
SO32 2RD,SEPD,HV,2,"TQ1547,TQ1876",1887,2026-07-12T09:21:50Z,2026-07-12T09:21:50Z,0.0
SO32 2RG,SEPD,HV,2,"TQ1547,TQ1876",1887,2026-07-12T09:21:50Z,2026-07-12T09:21:50Z,0.0
SO32 2RJ,SEPD,HV,2,"TQ1547,TQ1876",1887,2026-07-12T09:21:50Z,2026-07-12T09:21:50Z,0.0
SO32 2RL,SEPD,HV,2,"TQ1547,TQ1876",1887,2026-07-12T09:21:50Z,2026-07-12T09:21:50Z,0.0
SO32 2TL,SEPD,HV,2,"TQ1547,TQ1876",1887,2026-07-12T09:21:50Z,2026-07-12T09:21:50Z,0.0
SO32 2TN,SEPD,HV,2,"TQ1547,TQ1876",1887,2026-07-12T09:21:50Z,2026-07-12T09:21:50Z,0.0
SO32 2UQ,SEPD,HV,2,"TQ1547,TQ1876",1887,2026-07-12T09:21:50Z,2026-07-12T09:21:50Z,0.0
SP11 7EL,SEPD,HV,2,"TQ5030,TQ5262",287,2026-07-13T18:05:33Z,2026-07-13T22:38:32Z,0.0
SP11 8LG,SEPD,HV,2,"TQ5030,TQ5262",287,2026-07-13T18:05:33Z,2026-07-13T22:38:32Z,0.0
SP11 8LH,SEPD,HV,2,"TQ5030,TQ5262",287,2026-07-13T18:05:33Z,2026-07-13T22:38:32Z,0.0
SP11 8LQ,SEPD,HV,2,"TQ5030,TQ5262",287,2026-07-13T18:05:33Z,2026-07-13T22:38:32Z,0.0
SP11 8SH,SEPD,HV,2,"TQ5030,TQ5262",287,2026-07-13T18:05:33Z,2026-07-13T22:38:32Z,0.0
AB12 3AL,SHEPD,HV,1,TQ1912,177,2026-07-12T09:21:50Z,2026-07-12T09:21:50Z,0.0
AB12 3AW,SHEPD,HV,1,TQ1912,177,2026-07-12T09:21:50Z,2026-07-12T09:21:50Z,0.0
AB22 8XR,SHEPD,LV,1,TP7789,6,2026-07-09T16:57:51Z,2026-07-09T16:57:51Z,0.0
AB22 8XT,SHEPD,LV,1,TP7789,6,2026-07-09T16:57:51Z,2026-07-09T16:57:51Z,0.0
AB31 6LY,SHEPD,PSI,1,252939,9,2026-07-09T08:52:42Z,2026-07-09T08:52:42Z,0.0
AB31 6NA,SHEPD,PSI,1,252939,9,2026-07-09T08:52:42Z,2026-07-09T08:52:42Z,0.0
AB31 6PD,SHEPD,PSI,1,252939,9,2026-07-09T08:52:42Z,2026-07-09T08:52:42Z,0.0
AB38 9NN,SHEPD,PSI,1,252732,24,2026-07-15T10:57:49Z,2026-07-15T10:57:49Z,0.0
AB38 9NP,SHEPD,PSI,1,252732,24,2026-07-15T10:57:49Z,2026-07-15T10:57:49Z,0.0
AB38 9NW,SHEPD,PSI,1,252732,24,2026-07-15T10:57:49Z,2026-07-15T10:57:49Z,0.0
AB41 9DA,SHEPD,LV,1,TP8982,15,2026-07-10T11:35:22Z,2026-07-10T11:35:22Z,0.0
AB41 9DB,SHEPD,LV,1,TP8982,15,2026-07-10T11:35:22Z,2026-07-10T11:35:22Z,0.0
AB41 9DD,SHEPD,LV,1,TP8982,15,2026-07-10T11:35:22Z,2026-07-10T11:35:22Z,0.0
AB43 6PD,SHEPD,HV,1,TP8030,21,2026-07-09T20:52:44Z,2026-07-09T20:52:44Z,0.0
AB43 6QR,SHEPD,HV,1,TP8030,21,2026-07-09T20:52:44Z,2026-07-09T20:52:44Z,0.0
AB43 7AU,SHEPD,PSI,1,252996,21,2026-07-09T08:52:42Z,2026-07-09T08:52:42Z,0.0
AB43 7TT,SHEPD,HV,1,TQ8474,5,2026-07-15T12:20:28Z,2026-07-15T12:20:28Z,0.0
AB43 7TU,SHEPD,HV,1,TQ8474,5,2026-07-15T12:20:28Z,2026-07-15T12:20:28Z,0.0
AB43 7UJ,SHEPD,PSI,1,252996,21,2026-07-09T08:52:42Z,2026-07-09T08:52:42Z,0.0
AB43 8RA,SHEPD,PSI,1,252996,21,2026-07-09T08:52:42Z,2026-07-09T08:52:42Z,0.0
AB43 8RB,SHEPD,PSI,1,252996,21,2026-07-09T08:52:42Z,2026-07-09T08:52:42Z,0.0
AB43 8SX,SHEPD,PSI,1,252996,21,2026-07-09T08:52:42Z,2026-07-09T08:52:42Z,0.0
AB43 8UG,SHEPD,PSI,1,252996,21,2026-07-09T08:52:42Z,2026-07-09T08:52:42Z,0.0
AB43 8UU,SHEPD,PSI,1,252996,21,2026-07-09T08:52:42Z,2026-07-09T08:52:42Z,0.0
AB43 8UY,SHEPD,PSI,1,252996,21,2026-07-09T08:52:42Z,2026-07-09T08:52:42Z,0.0
AB45 3DD,SHEPD,PSI,1,252279,28,2026-07-13T11:23:21Z,2026-07-13T11:23:21Z,0.0
AB45 3DJ,SHEPD,PSI,1,252279,28,2026-07-13T11:23:21Z,2026-07-13T11:23:21Z,0.0
AB45 3DN,SHEPD,PSI,1,252279,28,2026-07-13T11:23:21Z,2026-07-13T11:23:21Z,0.0
AB45 3DT,SHEPD,PSI,1,252279,28,2026-07-13T11:23:21Z,2026-07-13T11:23:21Z,0.0
AB45 3DX,SHEPD,PSI,1,252279,28,2026-07-13T11:23:21Z,2026-07-13T11:23:21Z,0.0
AB45 3EB,SHEPD,PSI,1,252279,28,2026-07-13T11:23:21Z,2026-07-13T11:23:21Z,0.0
AB45 3XT,SHEPD,PSI,1,252279,28,2026-07-13T11:23:21Z,2026-07-13T11:23:21Z,0.0
AB45 3XX,SHEPD,PSI,1,252279,28,2026-07-13T11:23:21Z,2026-07-13T11:23:21Z,0.0
AB45 3YA,SHEPD,PSI,1,252279,28,2026-07-13T11:23:21Z,2026-07-13T11:23:21Z,0.0
AB53 6UB,SHEPD,HV,1,TQ0569,16,2026-07-11T08:13:51Z,2026-07-11T08:13:51Z,0.0
AB53 6UD,SHEPD,HV,1,TQ0569,16,2026-07-11T08:13:51Z,2026-07-11T08:13:51Z,0.0
AB53 6UE,SHEPD,HV,1,TQ0569,16,2026-07-11T08:13:51Z,2026-07-11T08:13:51Z,0.0
AB53 6UF,SHEPD,HV,1,TQ0569,16,2026-07-11T08:13:51Z,2026-07-11T08:13:51Z,0.0
AB53 6XA,SHEPD,HV,1,TQ0569,16,2026-07-11T08:13:51Z,2026-07-11T08:13:51Z,0.0
AB54 7PX,SHEPD,PSI,1,252279,28,2026-07-13T11:23:21Z,2026-07-13T11:23:21Z,0.0
AB54 7PY,SHEPD,PSI,1,252279,28,2026-07-13T11:23:21Z,2026-07-13T11:23:21Z,0.0
BA11 2LN,SEPD,LV,1,TP6336,18,2026-07-08T22:28:27Z,2026-07-08T22:28:27Z,0.0
BA11 2LW,SEPD,LV,1,TP6336,18,2026-07-08T22:28:27Z,2026-07-08T22:28:27Z,0.0
BA11 2SL,SEPD,LV,1,TP6336,18,2026-07-08T22:28:27Z,2026-07-08T22:28:27Z,0.0
BA11 2SP,SEPD,LV,1,TP6336,18,2026-07-08T22:28:27Z,2026-07-08T22:28:27Z,0.0
BA11 2SX,SEPD,LV,1,TP6336,18,2026-07-08T22:28:27Z,2026-07-08T22:28:27Z,0.0
BA22 9UL,SEPD,LV,1,TQ8066,8,2026-07-15T10:57:49Z,2026-07-15T10:57:49Z,0.0
BA4 6AP,SEPD,PSI,1,251937,9,2026-07-10T08:42:42Z,2026-07-10T08:42:42Z,0.0
BA4 6AY,SEPD,PSI,1,251937,9,2026-07-10T08:42:42Z,2026-07-10T08:42:42Z,0.0
BA4 6BD,SEPD,PSI,1,251937,9,2026-07-10T08:42:42Z,2026-07-10T08:42:42Z,0.0
BA7 7AA,SEPD,LV,1,TP7023,39,2026-07-09T12:23:59Z,2026-07-09T12:23:59Z,0.0
BA7 7AD,SEPD,LV,1,TP7023,39,2026-07-09T12:23:59Z,2026-07-09T12:23:59Z,0.0
BA7 7AE,SEPD,LV,1,TP7023,39,2026-07-09T12:23:59Z,2026-07-09T12:23:59Z,0.0
BA7 7AG,SEPD,LV,1,TP7023,39,2026-07-09T12:23:59Z,2026-07-09T12:23:59Z,0.0
BA7 7AH,SEPD,LV,1,TP7023,39,2026-07-09T12:23:59Z,2026-07-09T12:23:59Z,0.0
BA7 7BH,SEPD,LV,1,TP7023,39,2026-07-09T12:23:59Z,2026-07-09T12:23:59Z,0.0
BA7 7BJ,SEPD,LV,1,TP7023,39,2026-07-09T12:23:59Z,2026-07-09T12:23:59Z,0.0
BA7 7BL,SEPD,LV,1,TP7023,39,2026-07-09T12:23:59Z,2026-07-09T12:23:59Z,0.0
BA7 7BN,SEPD,LV,1,TP7023,39,2026-07-09T12:23:59Z,2026-07-09T12:23:59Z,0.0
BA7 7BR,SEPD,LV,1,TP7023,39,2026-07-09T12:23:59Z,2026-07-09T12:23:59Z,0.0
BA7 7BU,SEPD,LV,1,TP7023,39,2026-07-09T12:23:59Z,2026-07-09T12:23:59Z,0.0
BA7 7BY,SEPD,LV,1,TP7023,39,2026-07-09T12:23:59Z,2026-07-09T12:23:59Z,0.0
BH13 7BB,SEPD,LV,1,TQ3766,23,2026-07-13T11:23:21Z,2026-07-13T11:23:21Z,0.0
BH13 7HS,SEPD,LV,1,TQ3766,23,2026-07-13T11:23:21Z,2026-07-13T11:23:21Z,0.0
BH13 7HX,SEPD,LV,1,TQ3766,23,2026-07-13T11:23:21Z,2026-07-13T11:23:21Z,0.0
BH13 7HZ,SEPD,LV,1,TQ3766,23,2026-07-13T11:23:21Z,2026-07-13T11:23:21Z,0.0
BH14 8SG,SEPD,LV,1,TQ0626,33,2026-07-11T08:13:51Z,2026-07-11T08:13:51Z,0.0
BH14 8SL,SEPD,LV,1,TQ0626,33,2026-07-11T08:13:51Z,2026-07-11T08:13:51Z,0.0
BH14 8SN,SEPD,LV,1,TQ0626,33,2026-07-11T08:13:51Z,2026-07-11T08:13:51Z,0.0
BH14 8SQ,SEPD,LV,1,TQ0626,33,2026-07-11T08:13:51Z,2026-07-11T08:13:51Z,0.0
BH14 8SZ,SEPD,LV,1,TQ0626,33,2026-07-11T08:13:51Z,2026-07-11T08:13:51Z,0.0
BH14 8TG,SEPD,LV,1,TQ0626,33,2026-07-11T08:13:51Z,2026-07-11T08:13:51Z,0.0
BH14 8TN,SEPD,LV,1,TQ0626,33,2026-07-11T08:13:51Z,2026-07-11T08:13:51Z,0.0
BH14 8UN,SEPD,LV,1,TQ0626,33,2026-07-11T08:13:51Z,2026-07-11T08:13:51Z,0.0
BH15 3TE,SEPD,LV,1,TQ8189,9,2026-07-15T12:20:28Z,2026-07-15T12:20:28Z,0.0
BH17 7BT,SEPD,LV,1,TQ8189,9,2026-07-15T12:20:28Z,2026-07-15T12:20:28Z,0.0
BH17 7DE,SEPD,LV,1,TQ8189,9,2026-07-15T14:16:47Z,2026-07-15T14:16:47Z,0.0
BH17 7DY,SEPD,LV,1,TQ8189,9,2026-07-15T12:20:28Z,2026-07-15T12:20:28Z,0.0
BH17 7ER,SEPD,LV,1,TQ8189,9,2026-07-15T12:20:28Z,2026-07-15T12:20:28Z,0.0
BH18 9LE,SEPD,LV,1,TP6824,19,2026-07-09T08:52:42Z,2026-07-09T08:52:42Z,0.0
BH18 9LF,SEPD,LV,1,TP6824,19,2026-07-09T08:52:42Z,2026-07-09T08:52:42Z,0.0
BH18 9LQ,SEPD,LV,1,TP6824,19,2026-07-09T08:52:42Z,2026-07-09T08:52:42Z,0.0
BH19 1EX,SEPD,LV,1,TP8310,36,2026-07-10T08:42:42Z,2026-07-10T08:42:42Z,0.0
BH19 2BG,SEPD,LV,1,TP8310,36,2026-07-10T08:42:42Z,2026-07-10T08:42:42Z,0.0
BH19 2BH,SEPD,LV,1,TP8310,36,2026-07-10T08:42:42Z,2026-07-10T08:42:42Z,0.0
BH19 2BJ,SEPD,LV,1,TP8310,36,2026-07-10T08:42:42Z,2026-07-10T08:42:42Z,0.0
BH19 2BL,SEPD,LV,1,TP8310,36,2026-07-10T08:42:42Z,2026-07-10T08:42:42Z,0.0
BH19 2BP,SEPD,LV,1,TP8310,36,2026-07-10T08:42:42Z,2026-07-10T08:42:42Z,0.0
BH19 2BQ,SEPD,LV,1,TP8310,36,2026-07-10T08:42:42Z,2026-07-10T08:42:42Z,0.0
BH19 2BS,SEPD,LV,1,TP8310,36,2026-07-10T08:42:42Z,2026-07-10T08:42:42Z,0.0
BH19 2BT,SEPD,LV,1,TP8310,36,2026-07-10T08:42:42Z,2026-07-10T08:42:42Z,0.0
BH19 2BU,SEPD,LV,1,TP8310,36,2026-07-10T08:42:42Z,2026-07-10T08:42:42Z,0.0
BH19 2BW,SEPD,LV,1,TP8310,36,2026-07-10T08:42:42Z,2026-07-10T08:42:42Z,0.0
BH19 2BZ,SEPD,LV,1,TP8310,36,2026-07-10T08:42:42Z,2026-07-10T08:42:42Z,0.0
BH19 2EQ,SEPD,LV,1,TQ1518,10,2026-07-12T04:37:31Z,2026-07-12T04:37:31Z,0.0
BH19 2LT,SEPD,LV,1,TP8310,36,2026-07-10T08:42:42Z,2026-07-10T08:42:42Z,0.0
BH19 2PS,SEPD,LV,1,TQ1518,10,2026-07-12T04:37:31Z,2026-07-12T04:37:31Z,0.0
BH20 7AA,SEPD,LV,1,TQ1582,22,2026-07-12T09:21:50Z,2026-07-12T09:21:50Z,0.0
BH20 7AB,SEPD,LV,1,TQ1582,22,2026-07-12T09:21:50Z,2026-07-12T09:21:50Z,0.0
BH20 7AD,SEPD,LV,1,TQ1582,22,2026-07-12T09:21:50Z,2026-07-12T09:21:50Z,0.0
BH20 7AE,SEPD,LV,1,TQ1582,22,2026-07-12T09:21:50Z,2026-07-12T09:21:50Z,0.0
BH20 7BS,SEPD,LV,1,TQ1582,22,2026-07-12T09:21:50Z,2026-07-12T09:21:50Z,0.0
BH20 7BU,SEPD,LV,1,TQ1582,22,2026-07-12T09:21:50Z,2026-07-12T09:21:50Z,0.0
BH20 7BX,SEPD,LV,1,TQ1582,22,2026-07-12T09:21:50Z,2026-07-12T09:21:50Z,0.0
BH20 7DD,SEPD,LV,1,TQ1582,22,2026-07-12T09:21:50Z,2026-07-12T09:21:50Z,0.0
BH25 5EX,SEPD,LV,1,TQ6474,15,2026-07-14T11:57:59Z,2026-07-14T11:57:59Z,0.0
BH25 5EY,SEPD,LV,1,TQ6474,15,2026-07-14T11:57:59Z,2026-07-14T11:57:59Z,0.0
BH25 5HS,SEPD,LV,1,TQ6474,15,2026-07-14T11:57:59Z,2026-07-14T11:57:59Z,0.0
BH4 9HB,SEPD,LV,1,TQ9135,3,2026-07-15T18:40:30Z,2026-07-15T18:40:30Z,0.0
BH4 9HD,SEPD,LV,1,TQ9135,3,2026-07-15T18:40:30Z,2026-07-15T18:40:30Z,0.0
BH4 9HF,SEPD,LV,1,TQ9135,3,2026-07-15T18:40:30Z,2026-07-15T18:40:30Z,0.0
BH4 9HL,SEPD,LV,1,TQ9135,3,2026-07-15T18:40:30Z,2026-07-15T18:40:30Z,0.0
BH4 9HR,SEPD,LV,1,TQ9135,3,2026-07-15T18:40:30Z,2026-07-15T18:40:30Z,0.0
BH4 9HT,SEPD,LV,1,TQ9135,3,2026-07-15T18:40:30Z,2026-07-15T18:40:30Z,0.0
BH4 9HU,SEPD,LV,1,TQ9135,3,2026-07-15T18:40:30Z,2026-07-15T18:40:30Z,0.0
BH4 9HW,SEPD,LV,1,TQ9135,3,2026-07-15T18:40:30Z,2026-07-15T18:40:30Z,0.0
BH6 3DA,SEPD,LV,1,TQ0589,22,2026-07-11T08:13:51Z,2026-07-11T08:13:51Z,0.0
BH6 3DG,SEPD,LV,1,TQ0589,22,2026-07-11T08:13:51Z,2026-07-11T08:13:51Z,0.0
BH6 3HP,SEPD,LV,1,TQ0589,22,2026-07-11T08:13:51Z,2026-07-11T08:13:51Z,0.0
BH6 3HW,SEPD,LV,1,TQ0589,22,2026-07-11T08:13:51Z,2026-07-11T08:13:51Z,0.0
BH6 3HY,SEPD,LV,1,TQ0589,22,2026-07-11T08:13:51Z,2026-07-11T08:13:51Z,0.0
BH6 3HZ,SEPD,LV,1,TQ0589,22,2026-07-11T08:13:51Z,2026-07-11T08:13:51Z,0.0
BH6 3QJ,SEPD,LV,1,TQ0589,22,2026-07-11T08:13:51Z,2026-07-11T08:13:51Z,0.0
BH6 3QW,SEPD,LV,1,TQ0589,22,2026-07-11T08:13:51Z,2026-07-11T08:13:51Z,0.0
BH9 1QA,SEPD,LV,1,TQ5443,15,2026-07-13T23:35:03Z,2026-07-13T23:35:03Z,0.0
BH9 1ST,SEPD,LV,1,TQ5443,15,2026-07-13T23:35:03Z,2026-07-13T23:35:03Z,0.0
BH9 1SU,SEPD,LV,1,TQ5443,15,2026-07-13T23:35:03Z,2026-07-13T23:35:03Z,0.0
BN18 0AS,SEPD,PSI,1,252466,34,2026-07-13T11:23:21Z,2026-07-13T11:23:21Z,0.0
BN18 0GD,SEPD,PSI,1,252466,34,2026-07-13T11:23:21Z,2026-07-13T11:23:21Z,0.0
DD1 5NY,SHEPD,LV,1,TQ1511,18,2026-07-12T04:37:31Z,2026-07-12T04:37:31Z,0.0
DD1 5PG,SHEPD,LV,1,TQ1511,18,2026-07-12T04:37:31Z,2026-07-12T04:37:31Z,0.0
DD11 1TE,SHEPD,LV,1,TP6763,20,2026-07-09T08:52:42Z,2026-07-09T08:52:42Z,0.0
DD11 1TF,SHEPD,LV,1,TP6763,20,2026-07-09T08:52:42Z,2026-07-09T08:52:42Z,0.0
DD11 4RR,SHEPD,HV,1,TQ1809,41,2026-07-12T09:21:50Z,2026-07-12T09:21:50Z,0.0
DD3 0PR,SHEPD,PSI,1,251408,14,2026-07-11T08:13:51Z,2026-07-11T08:13:51Z,0.0
DD3 0PS,SHEPD,PSI,1,251408,14,2026-07-11T08:13:51Z,2026-07-11T08:13:51Z,0.0
DD4 8AT,SHEPD,LV,1,TQ7299,10,2026-07-14T19:43:22Z,2026-07-14T19:43:22Z,0.0
DD4 8BP,SHEPD,LV,1,TQ7299,10,2026-07-14T19:43:22Z,2026-07-14T19:43:22Z,0.0
DD4 8BS,SHEPD,LV,1,TQ7299,10,2026-07-14T19:43:22Z,2026-07-14T19:43:22Z,0.0
DD4 8BW,SHEPD,LV,1,TQ7299,10,2026-07-14T19:43:22Z,2026-07-14T19:43:22Z,0.0
DD4 8EG,SHEPD,LV,1,TQ7299,10,2026-07-14T19:43:22Z,2026-07-14T19:43:22Z,0.0
DD7 7DF,SHEPD,HV,1,TQ7748,15,2026-07-15T08:56:31Z,2026-07-15T08:56:31Z,0.0
DD7 7RB,SHEPD,HV,1,TQ7748,15,2026-07-15T08:56:31Z,2026-07-15T08:56:31Z,0.0
DD7 7RF,SHEPD,HV,1,TQ7748,15,2026-07-15T08:56:31Z,2026-07-15T08:56:31Z,0.0
DD7 7RH,SHEPD,HV,1,TQ7748,15,2026-07-15T08:56:31Z,2026-07-15T08:56:31Z,0.0
DD7 7RJ,SHEPD,HV,1,TQ7748,15,2026-07-15T08:56:31Z,2026-07-15T08:56:31Z,0.0
DD7 7RL,SHEPD,HV,1,TQ7748,15,2026-07-15T08:56:31Z,2026-07-15T08:56:31Z,0.0
DD7 7RN,SHEPD,HV,1,TQ7748,15,2026-07-15T08:56:31Z,2026-07-15T08:56:31Z,0.0
DD7 7RP,SHEPD,HV,1,TQ7748,15,2026-07-15T08:56:31Z,2026-07-15T08:56:31Z,0.0
DD7 7RQ,SHEPD,HV,1,TQ7748,15,2026-07-15T08:56:31Z,2026-07-15T08:56:31Z,0.0
DD7 7RR,SHEPD,HV,1,TQ7748,15,2026-07-15T08:56:31Z,2026-07-15T08:56:31Z,0.0
DD7 7RS,SHEPD,HV,1,TQ7748,15,2026-07-15T08:56:31Z,2026-07-15T08:56:31Z,0.0
DD7 7RU,SHEPD,HV,1,TQ7748,15,2026-07-15T08:56:31Z,2026-07-15T08:56:31Z,0.0
DD7 7SB,SHEPD,HV,1,TQ7748,15,2026-07-15T08:56:31Z,2026-07-15T08:56:31Z,0.0
DD7 7SD,SHEPD,HV,1,TQ7748,15,2026-07-15T08:56:31Z,2026-07-15T08:56:31Z,0.0
DD7 7SJ,SHEPD,HV,1,TQ7748,15,2026-07-15T08:56:31Z,2026-07-15T08:56:31Z,0.0
DD7 7SQ,SHEPD,HV,1,TQ7748,15,2026-07-15T08:56:31Z,2026-07-15T08:56:31Z,0.0
DD8 2TF,SHEPD,HV,1,TP6381,55,2026-07-09T01:15:22Z,2026-07-09T01:15:22Z,0.0
DD8 2TG,SHEPD,HV,1,TP6381,55,2026-07-09T01:15:22Z,2026-07-09T01:15:22Z,0.0
DD8 2TH,SHEPD,HV,1,TP6381,55,2026-07-09T01:15:22Z,2026-07-09T01:15:22Z,0.0
DD8 2TU,SHEPD,HV,1,TP6381,55,2026-07-09T01:15:22Z,2026-07-09T01:15:22Z,0.0
DD8 2TW,SHEPD,HV,1,TP6381,55,2026-07-09T01:15:22Z,2026-07-09T01:15:22Z,0.0
DD8 2TX,SHEPD,HV,1,TP6381,55,2026-07-09T01:15:22Z,2026-07-09T01:15:22Z,0.0
DD8 2TY,SHEPD,HV,1,TP6381,55,2026-07-09T01:15:22Z,2026-07-09T01:15:22Z,0.0
DD8 2TZ,SHEPD,HV,1,TP6381,55,2026-07-09T01:15:22Z,2026-07-09T01:15:22Z,0.0
DD8 2UA,SHEPD,HV,1,TP6381,55,2026-07-09T01:15:22Z,2026-07-09T01:15:22Z,0.0
DD8 2UB,SHEPD,HV,1,TP6381,55,2026-07-09T01:15:22Z,2026-07-09T01:15:22Z,0.0
DD8 2UD,SHEPD,HV,1,TP6381,55,2026-07-09T01:15:22Z,2026-07-09T01:15:22Z,0.0
DD8 2UE,SHEPD,HV,1,TP6381,55,2026-07-09T01:15:22Z,2026-07-09T01:15:22Z,0.0
DD8 2UF,SHEPD,HV,1,TP6381,55,2026-07-09T01:15:22Z,2026-07-09T01:15:22Z,0.0
DD8 2UJ,SHEPD,HV,1,TP6381,55,2026-07-09T01:15:22Z,2026-07-09T01:15:22Z,0.0
DD8 2UZ,SHEPD,HV,1,TP6381,55,2026-07-09T01:15:22Z,2026-07-09T01:15:22Z,0.0
DD8 5HX,SHEPD,HV,1,TQ8149,4,2026-07-15T10:57:49Z,2026-07-15T10:57:49Z,0.0
DD9 7BQ,SHEPD,LV,1,TQ0177,15,2026-07-10T20:56:26Z,2026-07-10T20:56:26Z,0.0
DD9 7BY,SHEPD,LV,1,TQ0177,15,2026-07-10T20:56:26Z,2026-07-10T20:56:26Z,0.0
DD9 7BZ,SHEPD,LV,1,TQ0177,15,2026-07-10T20:56:26Z,2026-07-10T20:56:26Z,0.0
DD9 7DD,SHEPD,LV,1,TQ0177,15,2026-07-10T20:56:26Z,2026-07-10T20:56:26Z,0.0
DD9 7DG,SHEPD,LV,1,TQ0177,15,2026-07-10T20:56:26Z,2026-07-10T20:56:26Z,0.0
DD9 7DL,SHEPD,LV,1,TQ0177,15,2026-07-10T20:56:26Z,2026-07-10T20:56:26Z,0.0
DT1 1NX,SEPD,LV,1,TQ8216,4,2026-07-15T14:16:47Z,2026-07-15T14:16:47Z,0.0
DT1 1NY,SEPD,LV,1,TQ8216,4,2026-07-15T14:16:47Z,2026-07-15T14:16:47Z,0.0
DT1 1QB,SEPD,LV,1,TQ8216,4,2026-07-15T14:16:47Z,2026-07-15T14:16:47Z,0.0
DT1 2AB,SEPD,LV,1,TQ8216,4,2026-07-15T14:16:47Z,2026-07-15T14:16:47Z,0.0
DT11 9DY,SEPD,HV,1,TQ3111,67,2026-07-13T01:08:34Z,2026-07-13T01:08:34Z,0.0
DT11 9EH,SEPD,HV,1,TQ3111,67,2026-07-13T01:08:34Z,2026-07-13T01:08:34Z,0.0
DT11 9EJ,SEPD,HV,1,TQ3111,67,2026-07-13T01:08:34Z,2026-07-13T01:08:34Z,0.0
DT11 9EL,SEPD,HV,1,TQ3111,67,2026-07-13T01:08:34Z,2026-07-13T01:08:34Z,0.0
DT11 9EN,SEPD,HV,1,TQ3111,67,2026-07-13T01:08:34Z,2026-07-13T01:08:34Z,0.0
DT11 9EP,SEPD,HV,1,TQ3111,67,2026-07-13T01:08:34Z,2026-07-13T01:08:34Z,0.0
DT11 9ER,SEPD,HV,1,TQ3111,67,2026-07-13T01:08:34Z,2026-07-13T01:08:34Z,0.0
DT11 9ES,SEPD,HV,1,TQ3111,67,2026-07-13T01:08:34Z,2026-07-13T01:08:34Z,0.0
DT11 9EW,SEPD,HV,1,TQ3111,67,2026-07-13T01:08:34Z,2026-07-13T01:08:34Z,0.0
DT2 8ND,SEPD,HV,1,TQ2314,53,2026-07-12T15:29:48Z,2026-07-12T15:29:48Z,0.0
DT2 8NE,SEPD,HV,1,TQ2314,53,2026-07-12T15:29:48Z,2026-07-12T15:29:48Z,0.0
DT2 8NF,SEPD,HV,1,TQ2314,53,2026-07-12T15:29:48Z,2026-07-12T15:29:48Z,0.0
DT2 8SL,SEPD,LV,1,TQ2985,8,2026-07-12T22:26:26Z,2026-07-12T22:26:26Z,0.0
DT2 8TH,SEPD,LV,1,TQ2985,8,2026-07-12T22:26:26Z,2026-07-12T22:26:26Z,0.0
DT2 8TJ,SEPD,LV,1,TQ2985,8,2026-07-12T22:26:26Z,2026-07-12T22:26:26Z,0.0
DT2 9RE,SEPD,LV,1,TQ1127,12,2026-07-11T18:36:18Z,2026-07-11T18:36:18Z,0.0
DT3 4LB,SEPD,HV,1,TQ2314,53,2026-07-12T15:29:48Z,2026-07-12T15:29:48Z,0.0
DT3 6,SEPD,HV,1,TQ2314,53,2026-07-12T15:29:48Z,2026-07-12T15:29:48Z,0.0
DT3 6BE,SEPD,HV,1,TQ2314,53,2026-07-12T15:29:48Z,2026-07-12T15:29:48Z,0.0
DT3 6ED,SEPD,HV,1,TQ2314,53,2026-07-12T15:29:48Z,2026-07-12T15:29:48Z,0.0
DT3 6EE,SEPD,HV,1,TQ2314,53,2026-07-12T15:29:48Z,2026-07-12T15:29:48Z,0.0
DT3 6EF,SEPD,HV,1,TQ2314,53,2026-07-12T15:29:48Z,2026-07-12T15:29:48Z,0.0
DT3 6EG,SEPD,HV,1,TQ2314,53,2026-07-12T15:29:48Z,2026-07-12T15:29:48Z,0.0
DT3 6EH,SEPD,HV,1,TQ2314,53,2026-07-12T15:29:48Z,2026-07-12T15:29:48Z,0.0
DT3 6EJ,SEPD,HV,1,TQ2314,53,2026-07-12T15:29:48Z,2026-07-12T15:29:48Z,0.0
DT3 6EL,SEPD,HV,1,TQ2314,53,2026-07-12T15:29:48Z,2026-07-12T15:29:48Z,0.0
DT3 6EP,SEPD,HV,1,TQ2314,53,2026-07-12T15:29:48Z,2026-07-12T15:29:48Z,0.0
DT3 6ER,SEPD,HV,1,TQ2314,53,2026-07-12T15:29:48Z,2026-07-12T15:29:48Z,0.0
DT3 6ES,SEPD,HV,1,TQ2314,53,2026-07-12T15:29:48Z,2026-07-12T15:29:48Z,0.0
DT3 6ET,SEPD,HV,1,TQ2314,53,2026-07-12T15:29:48Z,2026-07-12T15:29:48Z,0.0
DT3 6EU,SEPD,HV,1,TQ2314,53,2026-07-12T15:29:48Z,2026-07-12T15:29:48Z,0.0
DT3 6EW,SEPD,HV,1,TQ2314,53,2026-07-12T15:29:48Z,2026-07-12T15:29:48Z,0.0
DT3 6EX,SEPD,HV,1,TQ2314,53,2026-07-12T15:29:48Z,2026-07-12T15:29:48Z,0.0
DT3 6EY,SEPD,HV,1,TQ2314,53,2026-07-12T15:29:48Z,2026-07-12T15:29:48Z,0.0
DT3 6EZ,SEPD,HV,1,TQ2314,53,2026-07-12T15:29:48Z,2026-07-12T15:29:48Z,0.0
DT3 6FT,SEPD,HV,1,TQ2314,53,2026-07-12T15:29:48Z,2026-07-12T15:29:48Z,0.0
DT3 6FW,SEPD,HV,1,TQ2314,53,2026-07-12T15:29:48Z,2026-07-12T15:29:48Z,0.0
DT3 6GF,SEPD,HV,1,TQ2314,53,2026-07-12T15:29:48Z,2026-07-12T15:29:48Z,0.0
DT3 6GH,SEPD,HV,1,TQ2314,53,2026-07-12T15:29:48Z,2026-07-12T15:29:48Z,0.0
DT3 6HA,SEPD,HV,1,TQ2314,53,2026-07-12T15:29:48Z,2026-07-12T15:29:48Z,0.0
DT3 6HB,SEPD,HV,1,TQ2314,53,2026-07-12T15:29:48Z,2026-07-12T15:29:48Z,0.0
DT3 6HD,SEPD,HV,1,TQ2314,53,2026-07-12T15:29:48Z,2026-07-12T15:29:48Z,0.0
DT3 6HE,SEPD,HV,1,TQ2314,53,2026-07-12T15:29:48Z,2026-07-12T15:29:48Z,0.0
DT3 6HF,SEPD,HV,1,TQ2314,53,2026-07-12T15:29:48Z,2026-07-12T15:29:48Z,0.0
DT3 6HG,SEPD,HV,1,TQ2314,53,2026-07-12T15:29:48Z,2026-07-12T15:29:48Z,0.0
DT3 6HH,SEPD,HV,1,TQ2314,53,2026-07-12T15:29:48Z,2026-07-12T15:29:48Z,0.0
DT3 6HJ,SEPD,HV,1,TQ2314,53,2026-07-12T15:29:48Z,2026-07-12T15:29:48Z,0.0
DT3 6HL,SEPD,HV,1,TQ2314,53,2026-07-12T15:29:48Z,2026-07-12T15:29:48Z,0.0
DT3 6HN,SEPD,HV,1,TQ2314,53,2026-07-12T15:29:48Z,2026-07-12T15:29:48Z,0.0
DT3 6HQ,SEPD,HV,1,TQ2314,53,2026-07-12T15:29:48Z,2026-07-12T15:29:48Z,0.0
DT3 6JF,SEPD,HV,1,TQ2314,53,2026-07-12T15:29:48Z,2026-07-12T15:29:48Z,0.0
DT3 6JG,SEPD,HV,1,TQ2314,53,2026-07-12T15:29:48Z,2026-07-12T15:29:48Z,0.0
DT3 6JN,SEPD,HV,1,TQ2314,53,2026-07-12T15:29:48Z,2026-07-12T15:29:48Z,0.0
DT3 6JS,SEPD,HV,1,TQ2314,53,2026-07-12T15:29:48Z,2026-07-12T15:29:48Z,0.0
DT3 6JW,SEPD,HV,1,TQ2314,53,2026-07-12T15:29:48Z,2026-07-12T15:29:48Z,0.0
DT3 6LA,SEPD,LV,1,TQ0762,25,2026-07-11T15:38:15Z,2026-07-11T15:38:15Z,0.0
DT3 6LB,SEPD,LV,1,TQ0762,25,2026-07-11T15:38:15Z,2026-07-11T15:38:15Z,0.0
DT3 6LL,SEPD,HV,1,TQ2314,53,2026-07-12T15:29:48Z,2026-07-12T15:29:48Z,0.0
DT3 6LQ,SEPD,HV,1,TQ2314,53,2026-07-12T15:29:48Z,2026-07-12T15:29:48Z,0.0
DT3 6LT,SEPD,HV,1,TQ2314,53,2026-07-12T15:29:48Z,2026-07-12T15:29:48Z,0.0
DT3 6LU,SEPD,HV,1,TQ2314,53,2026-07-12T15:29:48Z,2026-07-12T15:29:48Z,0.0
DT3 6LW,SEPD,HV,1,TQ2314,53,2026-07-12T15:29:48Z,2026-07-12T15:29:48Z,0.0
DT3 6LY,SEPD,HV,1,TQ2314,53,2026-07-12T15:29:48Z,2026-07-12T15:29:48Z,0.0
DT3 6NH,SEPD,LV,1,TQ0762,25,2026-07-11T15:38:15Z,2026-07-11T15:38:15Z,0.0
DT3 6NJ,SEPD,LV,1,TQ0762,25,2026-07-11T15:38:15Z,2026-07-11T15:38:15Z,0.0
DT3 6NP,SEPD,LV,1,TQ0762,25,2026-07-11T15:38:15Z,2026-07-11T15:38:15Z,0.0
DT3 6NR,SEPD,LV,1,TQ0762,25,2026-07-11T15:38:15Z,2026-07-11T15:38:15Z,0.0
DT3 6NW,SEPD,LV,1,TQ0762,25,2026-07-11T15:38:15Z,2026-07-11T15:38:15Z,0.0
DT3 6PH,SEPD,HV,1,TQ2314,53,2026-07-12T15:29:48Z,2026-07-12T15:29:48Z,0.0
DT3 6PJ,SEPD,HV,1,TQ2314,53,2026-07-12T15:29:48Z,2026-07-12T15:29:48Z,0.0
DT3 6PL,SEPD,HV,1,TQ2314,53,2026-07-12T15:29:48Z,2026-07-12T15:29:48Z,0.0
DT3 6PN,SEPD,HV,1,TQ2314,53,2026-07-12T15:29:48Z,2026-07-12T15:29:48Z,0.0
DT3 6PP,SEPD,HV,1,TQ2314,53,2026-07-12T15:29:48Z,2026-07-12T15:29:48Z,0.0
DT3 6PR,SEPD,HV,1,TQ2314,53,2026-07-12T15:29:48Z,2026-07-12T15:29:48Z,0.0
DT3 6PS,SEPD,HV,1,TQ2314,53,2026-07-12T15:29:48Z,2026-07-12T15:29:48Z,0.0
DT3 6PT,SEPD,HV,1,TQ2314,53,2026-07-12T15:29:48Z,2026-07-12T15:29:48Z,0.0
DT3 6PU,SEPD,HV,1,TQ2314,53,2026-07-12T15:29:48Z,2026-07-12T15:29:48Z,0.0
DT3 6PW,SEPD,HV,1,TQ2314,53,2026-07-12T15:29:48Z,2026-07-12T15:29:48Z,0.0
DT3 6PX,SEPD,HV,1,TQ2314,53,2026-07-12T15:29:48Z,2026-07-12T15:29:48Z,0.0
DT3 6PZ,SEPD,HV,1,TQ2314,53,2026-07-12T15:29:48Z,2026-07-12T15:29:48Z,0.0
DT3 6QE,SEPD,HV,1,TQ2314,53,2026-07-12T15:29:48Z,2026-07-12T15:29:48Z,0.0
DT3 6QT,SEPD,HV,1,TQ2314,53,2026-07-12T15:29:48Z,2026-07-12T15:29:48Z,0.0
DT3 6RY,SEPD,HV,1,TQ2314,53,2026-07-12T15:29:48Z,2026-07-12T15:29:48Z,0.0
DT3 6SQ,SEPD,LV,1,TQ0762,25,2026-07-11T15:38:15Z,2026-07-11T15:38:15Z,0.0
DT3 6SX,SEPD,HV,1,TQ2314,53,2026-07-12T15:29:48Z,2026-07-12T15:29:48Z,0.0
DT4 6RY,SEPD,HV,1,TQ2314,53,2026-07-12T15:29:48Z,2026-07-12T15:29:48Z,0.0
DT4 7AG,SEPD,HV,1,TQ2314,53,2026-07-12T15:29:48Z,2026-07-12T15:29:48Z,0.0
DT4 7DD,SEPD,HV,1,TQ2314,53,2026-07-12T15:29:48Z,2026-07-12T15:29:48Z,0.0
DT4 7DE,SEPD,HV,1,TQ2314,53,2026-07-12T15:29:48Z,2026-07-12T15:29:48Z,0.0
DT4 7DL,SEPD,HV,1,TQ2314,53,2026-07-12T15:29:48Z,2026-07-12T15:29:48Z,0.0
DT4 7EN,SEPD,HV,1,TQ2314,53,2026-07-12T15:29:48Z,2026-07-12T15:29:48Z,0.0
DT4 7FG,SEPD,HV,1,TQ2314,53,2026-07-12T15:29:48Z,2026-07-12T15:29:48Z,0.0
DT4 7LP,SEPD,HV,1,TQ2314,53,2026-07-12T15:29:48Z,2026-07-12T15:29:48Z,0.0
DT4 7LQ,SEPD,HV,1,TQ2314,53,2026-07-12T15:29:48Z,2026-07-12T15:29:48Z,0.0
DT4 7TL,SEPD,HV,1,TQ2314,53,2026-07-12T15:29:48Z,2026-07-12T15:29:48Z,0.0
DT4 7TN,SEPD,HV,1,TQ2314,53,2026-07-12T15:29:48Z,2026-07-12T15:29:48Z,0.0
DT4 7TP,SEPD,HV,1,TQ2314,53,2026-07-12T15:29:48Z,2026-07-12T15:29:48Z,0.0
DT4 7TR,SEPD,HV,1,TQ2314,53,2026-07-12T15:29:48Z,2026-07-12T15:29:48Z,0.0
DT4 7TS,SEPD,HV,1,TQ2314,53,2026-07-12T15:29:48Z,2026-07-12T15:29:48Z,0.0
DT4 7TU,SEPD,HV,1,TQ2314,53,2026-07-12T15:29:48Z,2026-07-12T15:29:48Z,0.0
DT4 7TW,SEPD,HV,1,TQ2314,53,2026-07-12T15:29:48Z,2026-07-12T15:29:48Z,0.0
DT5 1FX,SEPD,LV,1,TQ3115,14,2026-07-13T01:08:34Z,2026-07-13T01:08:34Z,0.0
DT5 1LJ,SEPD,LV,1,TQ3115,14,2026-07-13T01:08:34Z,2026-07-13T01:08:34Z,0.0
DT5 1LL,SEPD,LV,1,TQ3115,14,2026-07-13T01:08:34Z,2026-07-13T01:08:34Z,0.0
DT5 1LP,SEPD,LV,1,TQ3115,14,2026-07-13T01:08:34Z,2026-07-13T01:08:34Z,0.0
DT5 1NE,SEPD,LV,1,TQ3115,14,2026-07-13T01:08:34Z,2026-07-13T01:08:34Z,0.0
FK15 0AT,SHEPD,LV,1,TQ7715,5,2026-07-15T08:56:31Z,2026-07-15T08:56:31Z,0.0
FK15 0AU,SHEPD,LV,1,TQ7715,5,2026-07-15T08:56:31Z,2026-07-15T08:56:31Z,0.0
FK8 3LD,SHEPD,PSI,1,252575,33,2026-07-09T08:52:42Z,2026-07-09T08:52:42Z,0.0
FK8 3LF,SHEPD,PSI,1,252575,33,2026-07-09T08:52:42Z,2026-07-09T08:52:42Z,0.0
FK9 4AG,SHEPD,HV,1,TQ8469,4,2026-07-15T12:20:28Z,2026-07-15T12:20:28Z,0.0
GL7 5DX,SEPD,HV,1,TQ2351,79,2026-07-12T16:31:04Z,2026-07-12T16:31:04Z,0.0
GL7 5PG,SEPD,HV,1,TQ2351,79,2026-07-12T16:31:04Z,2026-07-12T16:31:04Z,0.0
GL7 5PN,SEPD,HV,1,TQ2351,79,2026-07-12T16:31:04Z,2026-07-12T16:31:04Z,0.0
GL7 5PP,SEPD,HV,1,TQ2351,79,2026-07-12T16:31:04Z,2026-07-12T16:31:04Z,0.0
GL7 5PS,SEPD,HV,1,TQ2351,79,2026-07-12T16:31:04Z,2026-07-12T16:31:04Z,0.0
GL7 5RN,SEPD,HV,1,TQ2351,79,2026-07-12T16:31:04Z,2026-07-12T16:31:04Z,0.0
GL7 5RP,SEPD,HV,1,TQ2351,79,2026-07-12T16:31:04Z,2026-07-12T16:31:04Z,0.0
GL7 5RR,SEPD,HV,1,TQ2351,79,2026-07-12T16:31:04Z,2026-07-12T16:31:04Z,0.0
GL7 5RW,SEPD,HV,1,TQ2351,79,2026-07-12T16:31:04Z,2026-07-12T16:31:04Z,0.0
GL7 5RX,SEPD,HV,1,TQ2351,79,2026-07-12T16:31:04Z,2026-07-12T16:31:04Z,0.0
GL7 5SG,SEPD,HV,1,TQ2351,79,2026-07-12T16:31:04Z,2026-07-12T16:31:04Z,0.0
GL7 5XA,SEPD,HV,1,TQ2351,79,2026-07-12T16:31:04Z,2026-07-12T16:31:04Z,0.0
GL7 6ET,SEPD,HV,1,TQ2351,79,2026-07-12T16:31:04Z,2026-07-12T16:31:04Z,0.0
GL7 6GE,SEPD,HV,1,TQ2351,79,2026-07-12T16:31:04Z,2026-07-12T16:31:04Z,0.0
GU10 5EF,SEPD,HV,1,TQ0381,103,2026-07-11T06:03:46Z,2026-07-11T06:03:46Z,0.0
GU10 5EU,SEPD,HV,1,TQ0381,103,2026-07-11T06:03:46Z,2026-07-11T06:03:46Z,0.0
GU10 5EY,SEPD,HV,1,TQ0381,103,2026-07-11T06:03:46Z,2026-07-11T06:03:46Z,0.0
GU10 5HA,SEPD,HV,1,TQ0381,103,2026-07-11T06:03:46Z,2026-07-11T06:03:46Z,0.0
GU10 5HB,SEPD,HV,1,TQ0381,103,2026-07-11T06:03:46Z,2026-07-11T06:03:46Z,0.0
GU10 5HD,SEPD,HV,1,TQ0381,103,2026-07-11T06:03:46Z,2026-07-11T06:03:46Z,0.0
GU10 5JD,SEPD,HV,1,TQ0381,103,2026-07-11T06:03:46Z,2026-07-11T06:03:46Z,0.0
GU10 5JE,SEPD,HV,1,TQ0381,103,2026-07-11T06:03:46Z,2026-07-11T06:03:46Z,0.0
GU10 5JF,SEPD,HV,1,TQ0381,103,2026-07-11T06:03:46Z,2026-07-11T06:03:46Z,0.0
GU10 5JG,SEPD,HV,1,TQ0381,103,2026-07-11T06:03:46Z,2026-07-11T06:03:46Z,0.0
GU10 5JH,SEPD,HV,1,TQ0381,103,2026-07-11T06:03:46Z,2026-07-11T06:03:46Z,0.0
GU10 5JQ,SEPD,HV,1,TQ0381,103,2026-07-11T06:03:46Z,2026-07-11T06:03:46Z,0.0
GU10 5JX,SEPD,HV,1,TQ0381,103,2026-07-11T06:03:46Z,2026-07-11T06:03:46Z,0.0
GU14 9XX,SEPD,HV,1,TQ0381,103,2026-07-11T06:03:46Z,2026-07-11T06:03:46Z,0.0
GU16 9BL,SEPD,LV,1,TQ8043,29,2026-07-15T10:57:49Z,2026-07-15T10:57:49Z,0.0
GU16 9BN,SEPD,LV,1,TQ8043,29,2026-07-15T10:57:49Z,2026-07-15T10:57:49Z,0.0
GU16 9BP,SEPD,LV,1,TQ8043,29,2026-07-15T10:57:49Z,2026-07-15T10:57:49Z,0.0
GU16 9NY,SEPD,LV,1,TQ8043,29,2026-07-15T10:57:49Z,2026-07-15T10:57:49Z,0.0
GU16 9NZ,SEPD,LV,1,TQ8043,29,2026-07-15T10:57:49Z,2026-07-15T10:57:49Z,0.0
GU18 5AB,SEPD,LV,1,TP7370,28,2026-07-09T14:16:37Z,2026-07-09T14:16:37Z,0.0
GU18 5AG,SEPD,LV,1,TP7370,28,2026-07-09T14:16:37Z,2026-07-09T14:16:37Z,0.0
GU18 5RY,SEPD,LV,1,TP7370,28,2026-07-09T14:16:37Z,2026-07-09T14:16:37Z,0.0
GU18 5RZ,SEPD,LV,1,TP7370,28,2026-07-09T14:16:37Z,2026-07-09T14:16:37Z,0.0
GU18 5SA,SEPD,LV,1,TP7370,28,2026-07-09T14:16:37Z,2026-07-09T14:16:37Z,0.0
GU18 5SB,SEPD,LV,1,TP7370,28,2026-07-09T14:16:37Z,2026-07-09T14:16:37Z,0.0
GU18 5SD,SEPD,LV,1,TP7370,28,2026-07-09T14:16:37Z,2026-07-09T14:16:37Z,0.0
GU18 5SJ,SEPD,LV,1,TP7390,33,2026-07-09T14:16:37Z,2026-07-09T14:16:37Z,0.0
GU18 5SL,SEPD,LV,1,TP7390,33,2026-07-09T14:16:37Z,2026-07-09T14:16:37Z,0.0
GU18 5SQ,SEPD,LV,1,TP7390,33,2026-07-09T14:16:37Z,2026-07-09T14:16:37Z,0.0
GU18 5SS,SEPD,LV,1,TP7370,28,2026-07-09T14:16:37Z,2026-07-09T14:16:37Z,0.0
GU18 5TA,SEPD,LV,1,TP7370,28,2026-07-09T14:16:37Z,2026-07-09T14:16:37Z,0.0
GU18 5UE,SEPD,LV,1,TP7370,28,2026-07-09T14:16:37Z,2026-07-09T14:16:37Z,0.0
GU18 5UG,SEPD,LV,1,TP7390,33,2026-07-09T14:16:37Z,2026-07-09T14:16:37Z,0.0
GU24 8HJ,SEPD,HV,1,TP9732,2,2026-07-10T18:00:46Z,2026-07-10T18:00:46Z,0.0
GU32 1HL,SEPD,HV,1,TQ8943,334,2026-07-15T15:56:23Z,2026-07-15T15:56:23Z,0.0
GU32 1HQ,SEPD,HV,1,TQ8943,334,2026-07-15T15:56:23Z,2026-07-15T15:56:23Z,0.0
GU32 1HU,SEPD,HV,1,TQ8943,334,2026-07-15T15:56:23Z,2026-07-15T15:56:23Z,0.0
GU32 1JT,SEPD,HV,1,TQ8943,334,2026-07-15T15:56:23Z,2026-07-15T15:56:23Z,0.0
GU32 1JU,SEPD,HV,1,TQ8943,334,2026-07-15T15:56:23Z,2026-07-15T15:56:23Z,0.0
GU32 1LA,SEPD,HV,1,TQ8943,334,2026-07-15T15:56:23Z,2026-07-15T15:56:23Z,0.0
GU32 1NG,SEPD,HV,1,TQ8943,334,2026-07-15T15:56:23Z,2026-07-15T15:56:23Z,0.0
GU32 1NH,SEPD,HV,1,TQ8943,334,2026-07-15T15:56:23Z,2026-07-15T15:56:23Z,0.0
GU32 1NN,SEPD,HV,1,TQ8943,334,2026-07-15T15:56:23Z,2026-07-15T15:56:23Z,0.0
GU32 1NP,SEPD,HV,1,TQ8943,334,2026-07-15T15:56:23Z,2026-07-15T15:56:23Z,0.0
GU32 1NQ,SEPD,HV,1,TQ8943,334,2026-07-15T15:56:23Z,2026-07-15T15:56:23Z,0.0
GU32 1NR,SEPD,HV,1,TQ8943,334,2026-07-15T15:56:23Z,2026-07-15T15:56:23Z,0.0
GU32 1NT,SEPD,HV,1,TQ8943,334,2026-07-15T15:56:23Z,2026-07-15T15:56:23Z,0.0
GU32 1NU,SEPD,HV,1,TQ8943,334,2026-07-15T15:56:23Z,2026-07-15T15:56:23Z,0.0
GU32 1NW,SEPD,HV,1,TQ8943,334,2026-07-15T15:56:23Z,2026-07-15T15:56:23Z,0.0
GU32 1NX,SEPD,HV,1,TQ8943,334,2026-07-15T15:56:23Z,2026-07-15T15:56:23Z,0.0
GU32 1NY,SEPD,HV,1,TQ8943,334,2026-07-15T15:56:23Z,2026-07-15T15:56:23Z,0.0
GU32 1NZ,SEPD,HV,1,TQ8943,334,2026-07-15T15:56:23Z,2026-07-15T15:56:23Z,0.0
GU32 1PA,SEPD,HV,1,TQ8943,334,2026-07-15T15:56:23Z,2026-07-15T15:56:23Z,0.0
GU32 1PB,SEPD,HV,1,TQ8943,334,2026-07-15T15:56:23Z,2026-07-15T15:56:23Z,0.0
GU32 1PD,SEPD,HV,1,TQ8943,334,2026-07-15T15:56:23Z,2026-07-15T15:56:23Z,0.0
GU32 1PE,SEPD,HV,1,TQ8943,334,2026-07-15T15:56:23Z,2026-07-15T15:56:23Z,0.0
GU32 1PF,SEPD,HV,1,TQ8943,334,2026-07-15T15:56:23Z,2026-07-15T15:56:23Z,0.0
GU32 1PH,SEPD,HV,1,TQ8943,334,2026-07-15T15:56:23Z,2026-07-15T15:56:23Z,0.0
GU32 1PJ,SEPD,HV,1,TQ8943,334,2026-07-15T15:56:23Z,2026-07-15T15:56:23Z,0.0
GU32 1PL,SEPD,HV,1,TQ8943,334,2026-07-15T15:56:23Z,2026-07-15T15:56:23Z,0.0
GU32 1PN,SEPD,HV,1,TQ8943,334,2026-07-15T15:56:23Z,2026-07-15T15:56:23Z,0.0
GU32 1PQ,SEPD,HV,1,TQ8943,334,2026-07-15T15:56:23Z,2026-07-15T15:56:23Z,0.0
GU32 1PR,SEPD,HV,1,TQ8943,334,2026-07-15T15:56:23Z,2026-07-15T15:56:23Z,0.0
GU32 1PS,SEPD,HV,1,TQ8943,334,2026-07-15T15:56:23Z,2026-07-15T15:56:23Z,0.0
GU32 1PT,SEPD,HV,1,TQ8943,334,2026-07-15T15:56:23Z,2026-07-15T15:56:23Z,0.0
GU32 1PU,SEPD,HV,1,TQ8943,334,2026-07-15T15:56:23Z,2026-07-15T15:56:23Z,0.0
GU32 1PW,SEPD,HV,1,TQ8943,334,2026-07-15T15:56:23Z,2026-07-15T15:56:23Z,0.0
GU32 1PX,SEPD,HV,1,TQ8943,334,2026-07-15T15:56:23Z,2026-07-15T15:56:23Z,0.0
GU32 1PY,SEPD,HV,1,TQ8943,334,2026-07-15T15:56:23Z,2026-07-15T15:56:23Z,0.0
GU32 1PZ,SEPD,HV,1,TQ8943,334,2026-07-15T15:56:23Z,2026-07-15T15:56:23Z,0.0
GU32 1QA,SEPD,HV,1,TQ8943,334,2026-07-15T15:56:23Z,2026-07-15T15:56:23Z,0.0
GU32 1QB,SEPD,HV,1,TQ8943,334,2026-07-15T15:56:23Z,2026-07-15T15:56:23Z,0.0
GU32 1QT,SEPD,HV,1,TQ8943,334,2026-07-15T15:56:23Z,2026-07-15T15:56:23Z,0.0
GU33,SEPD,HV,1,TQ7829,132,2026-07-15T08:56:31Z,2026-07-15T08:56:31Z,0.0
GU34 3PD,SEPD,HV,1,TQ8943,334,2026-07-15T15:56:23Z,2026-07-15T15:56:23Z,0.0
GU51 2RB,SEPD,LV,1,TQ1223,24,2026-07-11T19:51:07Z,2026-07-11T19:51:07Z,0.0
GU51 2UP,SEPD,LV,1,TQ1223,24,2026-07-11T19:51:07Z,2026-07-11T19:51:07Z,0.0
GU52 8UD,SEPD,LV,1,TP8110,9,2026-07-09T22:16:17Z,2026-07-09T22:16:17Z,0.0
HP10 0FN,SEPD,HV,1,TP9087,745,2026-07-10T11:35:22Z,2026-07-10T11:35:22Z,0.0
HP10 9FT,SEPD,HV,1,TP9087,745,2026-07-10T11:35:22Z,2026-07-10T11:35:22Z,0.0
HP10 9QA,SEPD,HV,1,TP9087,745,2026-07-10T11:35:22Z,2026-07-10T11:35:22Z,0.0
HP10 9QL,SEPD,HV,1,TP9087,745,2026-07-10T11:35:22Z,2026-07-10T11:35:22Z,0.0
HP10 9QN,SEPD,HV,1,TP9087,745,2026-07-10T11:35:22Z,2026-07-10T11:35:22Z,0.0
HP10 9QP,SEPD,HV,1,TP9087,745,2026-07-10T11:35:22Z,2026-07-10T11:35:22Z,0.0
HP10 9QS,SEPD,HV,1,TP9087,745,2026-07-10T11:35:22Z,2026-07-10T11:35:22Z,0.0
HP10 9QZ,SEPD,HV,1,TP9087,745,2026-07-10T11:35:22Z,2026-07-10T11:35:22Z,0.0
HP10 9RA,SEPD,HV,1,TP9087,745,2026-07-10T11:35:22Z,2026-07-10T11:35:22Z,0.0
HP10 9RB,SEPD,HV,1,TP9087,745,2026-07-10T11:35:22Z,2026-07-10T11:35:22Z,0.0
HP10 9RG,SEPD,HV,1,TP9087,745,2026-07-10T11:35:22Z,2026-07-10T11:35:22Z,0.0
HP10 9RJ,SEPD,HV,1,TP9087,745,2026-07-10T11:35:22Z,2026-07-10T11:35:22Z,0.0
HP10 9RL,SEPD,HV,1,TP9087,745,2026-07-10T11:35:22Z,2026-07-10T11:35:22Z,0.0
HP10 9RN,SEPD,HV,1,TP9087,745,2026-07-10T11:35:22Z,2026-07-10T11:35:22Z,0.0
HP10 9RP,SEPD,HV,1,TP9087,745,2026-07-10T11:35:22Z,2026-07-10T11:35:22Z,0.0
HP10 9RS,SEPD,HV,1,TP9087,745,2026-07-10T11:35:22Z,2026-07-10T11:35:22Z,0.0
HP10 9RW,SEPD,HV,1,TP9087,745,2026-07-10T11:35:22Z,2026-07-10T11:35:22Z,0.0
HP10 9RY,SEPD,LV,1,TP9100,19,2026-07-10T11:35:22Z,2026-07-10T11:35:22Z,0.0
HP10 9RZ,SEPD,LV,1,TP9100,19,2026-07-10T11:35:22Z,2026-07-10T11:35:22Z,0.0
HP10 9SX,SEPD,HV,1,TP9087,745,2026-07-10T11:35:22Z,2026-07-10T11:35:22Z,0.0
HP10 9SY,SEPD,HV,1,TP9087,745,2026-07-10T11:35:22Z,2026-07-10T11:35:22Z,0.0
HP10 9TB,SEPD,LV,1,TP9100,19,2026-07-10T11:35:22Z,2026-07-10T11:35:22Z,0.0
HP10 9TD,SEPD,LV,1,TP9100,19,2026-07-10T11:35:22Z,2026-07-10T11:35:22Z,0.0
HP10 9TH,SEPD,HV,1,TP9087,745,2026-07-10T11:35:22Z,2026-07-10T11:35:22Z,0.0
HP10 9TJ,SEPD,HV,1,TP9087,745,2026-07-10T11:35:22Z,2026-07-10T11:35:22Z,0.0
HP10 9TL,SEPD,HV,1,TP9087,745,2026-07-10T11:35:22Z,2026-07-10T11:35:22Z,0.0
HP10 9TN,SEPD,HV,1,TP9087,745,2026-07-10T11:35:22Z,2026-07-10T11:35:22Z,0.0
HP10 9TP,SEPD,HV,1,TP9087,745,2026-07-10T11:35:22Z,2026-07-10T11:35:22Z,0.0
HP10 9TR,SEPD,HV,1,TP9087,745,2026-07-10T11:35:22Z,2026-07-10T11:35:22Z,0.0
HP10 9TS,SEPD,HV,1,TP9087,745,2026-07-10T11:35:22Z,2026-07-10T11:35:22Z,0.0
HP10 9TT,SEPD,HV,1,TP9087,745,2026-07-10T11:35:22Z,2026-07-10T11:35:22Z,0.0
HP10 9TU,SEPD,HV,1,TP9087,745,2026-07-10T11:35:22Z,2026-07-10T11:35:22Z,0.0
HP10 9TW,SEPD,HV,1,TP9087,745,2026-07-10T11:35:22Z,2026-07-10T11:35:22Z,0.0
HP10 9TX,SEPD,HV,1,TP9087,745,2026-07-10T11:35:22Z,2026-07-10T11:35:22Z,0.0
HP10 9TY,SEPD,HV,1,TP9087,745,2026-07-10T11:35:22Z,2026-07-10T11:35:22Z,0.0
HP10 9TZ,SEPD,HV,1,TP9087,745,2026-07-10T11:35:22Z,2026-07-10T11:35:22Z,0.0
HP10 9UD,SEPD,HV,1,TP9087,745,2026-07-10T11:35:22Z,2026-07-10T11:35:22Z,0.0
HP10 9UJ,SEPD,HV,1,TP9087,745,2026-07-10T11:35:22Z,2026-07-10T11:35:22Z,0.0
HP10 9UL,SEPD,HV,1,TP9087,745,2026-07-10T11:35:22Z,2026-07-10T11:35:22Z,0.0
HP10 9UN,SEPD,HV,1,TP9087,745,2026-07-10T11:35:22Z,2026-07-10T11:35:22Z,0.0
HP10 9UP,SEPD,HV,1,TP9087,745,2026-07-10T11:35:22Z,2026-07-10T11:35:22Z,0.0
HP10 9UU,SEPD,HV,1,TP9087,745,2026-07-10T11:35:22Z,2026-07-10T11:35:22Z,0.0
HP10 9UW,SEPD,HV,1,TP9087,745,2026-07-10T11:35:22Z,2026-07-10T11:35:22Z,0.0
HP10 9UX,SEPD,HV,1,TP9087,745,2026-07-10T11:35:22Z,2026-07-10T11:35:22Z,0.0
HP10 9UY,SEPD,HV,1,TP9087,745,2026-07-10T11:35:22Z,2026-07-10T11:35:22Z,0.0
HP10 9XA,SEPD,HV,1,TP9087,745,2026-07-10T11:35:22Z,2026-07-10T11:35:22Z,0.0
HP10 9XD,SEPD,HV,1,TP9087,745,2026-07-10T11:35:22Z,2026-07-10T11:35:22Z,0.0
HP10 9XE,SEPD,HV,1,TP9087,745,2026-07-10T11:35:22Z,2026-07-10T11:35:22Z,0.0
HP10 9XF,SEPD,HV,1,TP9087,745,2026-07-10T11:35:22Z,2026-07-10T11:35:22Z,0.0
HP10 9YH,SEPD,HV,1,TP9087,745,2026-07-10T11:35:22Z,2026-07-10T11:35:22Z,0.0
HP11 1LJ,SEPD,LV,1,TP7704,12,2026-07-09T16:57:51Z,2026-07-09T16:57:51Z,0.0
HP11 2HL,SEPD,LV,1,TQ4065,4,2026-07-13T13:32:50Z,2026-07-13T13:32:50Z,0.0
HP13 5SH,SEPD,LV,1,TQ6149,2,2026-07-14T11:57:59Z,2026-07-14T11:57:59Z,0.0
HP13 5SL,SEPD,LV,1,TQ7333,7,2026-07-14T19:43:22Z,2026-07-14T19:43:22Z,0.0
HP13 7AH,SEPD,LV,1,TP7704,12,2026-07-09T16:57:51Z,2026-07-09T16:57:51Z,0.0
HP13 7AT,SEPD,LV,1,TP7704,12,2026-07-09T16:57:51Z,2026-07-09T16:57:51Z,0.0
HP13 7WX,SEPD,HV,1,TP9087,745,2026-07-10T11:35:22Z,2026-07-10T11:35:22Z,0.0
HP14 4NB,SEPD,HV,1,TQ1137,123,2026-07-11T18:36:18Z,2026-07-11T18:36:18Z,0.0
HP14 4NE,SEPD,HV,1,TQ1137,123,2026-07-11T18:36:18Z,2026-07-11T18:36:18Z,0.0
HP14 4NG,SEPD,HV,1,TQ1137,123,2026-07-11T18:36:18Z,2026-07-11T18:36:18Z,0.0
HP14 4NH,SEPD,HV,1,TQ1137,123,2026-07-11T18:36:18Z,2026-07-11T18:36:18Z,0.0
HP14 4NJ,SEPD,HV,1,TQ1137,123,2026-07-11T18:36:18Z,2026-07-11T18:36:18Z,0.0
HP14 4NW,SEPD,HV,1,TQ1137,123,2026-07-11T18:36:18Z,2026-07-11T18:36:18Z,0.0
HP14 4PF,SEPD,HV,1,TQ1137,123,2026-07-11T18:36:18Z,2026-07-11T18:36:18Z,0.0
HP14 4RE,SEPD,HV,1,TQ1137,123,2026-07-11T18:36:18Z,2026-07-11T18:36:18Z,0.0
HP16 0JA,SEPD,HV,1,TQ1137,123,2026-07-11T18:36:18Z,2026-07-11T18:36:18Z,0.0
HP16 0JJ,SEPD,HV,1,TQ1137,123,2026-07-11T18:36:18Z,2026-07-11T18:36:18Z,0.0
HP16 0PQ,SEPD,HV,1,TQ1137,123,2026-07-11T18:36:18Z,2026-07-11T18:36:18Z,0.0
HP9 2XG,SEPD,LV,1,TM4213,9,2026-07-09T12:23:59Z,2026-07-09T12:23:59Z,0.0
HP9 2YU,SEPD,LV,1,TM4213,9,2026-07-09T12:23:59Z,2026-07-09T12:23:59Z,0.0
HP9 2YY,SEPD,LV,1,TM4213,9,2026-07-09T12:23:59Z,2026-07-09T12:23:59Z,0.0
HS2 0BJ,SHEPD,HV,1,TQ6794,1091,2026-07-14T15:44:08Z,2026-07-14T15:44:08Z,0.0
HS2 0BY,SHEPD,HV,1,TQ6794,1091,2026-07-14T15:44:08Z,2026-07-14T15:44:08Z,0.0
HS2 0BZ,SHEPD,HV,1,TP9901,28,2026-07-10T19:46:43Z,2026-07-10T19:46:43Z,0.0
HS2 0EX,SHEPD,HV,1,TQ6794,1091,2026-07-14T15:44:08Z,2026-07-14T15:44:08Z,0.0
HS2 0QN,SHEPD,HV,1,TP9901,28,2026-07-10T19:46:43Z,2026-07-10T19:46:43Z,0.0
HS2 0QW,SHEPD,HV,1,TP9901,28,2026-07-10T19:46:43Z,2026-07-10T19:46:43Z,0.0
HS2 0QY,SHEPD,HV,1,TP9901,28,2026-07-10T19:46:43Z,2026-07-10T19:46:43Z,0.0
HS2 0RA,SHEPD,HV,1,TP9901,28,2026-07-10T19:46:43Z,2026-07-10T19:46:43Z,0.0
HS2 0RH,SHEPD,HV,1,TQ6794,1091,2026-07-14T15:44:08Z,2026-07-14T15:44:08Z,0.0
HS2 0RJ,SHEPD,HV,1,TQ6794,1091,2026-07-14T15:44:08Z,2026-07-14T15:44:08Z,0.0
HS2 0RL,SHEPD,HV,1,TQ6794,1091,2026-07-14T15:44:08Z,2026-07-14T15:44:08Z,0.0
HS2 0RQ,SHEPD,HV,1,TQ6794,1091,2026-07-14T15:44:08Z,2026-07-14T15:44:08Z,0.0
HS2 0RT,SHEPD,HV,1,TQ6794,1091,2026-07-14T15:44:08Z,2026-07-14T15:44:08Z,0.0
HS2 0RU,SHEPD,HV,1,TQ6794,1091,2026-07-14T15:44:08Z,2026-07-14T15:44:08Z,0.0
HS2 0RX,SHEPD,HV,1,TQ6794,1091,2026-07-14T15:44:08Z,2026-07-14T15:44:08Z,0.0
HS2 0RY,SHEPD,HV,1,TQ6794,1091,2026-07-14T15:44:08Z,2026-07-14T15:44:08Z,0.0
HS2 0RZ,SHEPD,HV,1,TQ6794,1091,2026-07-14T15:44:08Z,2026-07-14T15:44:08Z,0.0
HS2 0SG,SHEPD,HV,1,TQ6794,1091,2026-07-14T15:44:08Z,2026-07-14T15:44:08Z,0.0
HS2 0SH,SHEPD,HV,1,TQ6794,1091,2026-07-14T15:44:08Z,2026-07-14T15:44:08Z,0.0
HS2 0SJ,SHEPD,HV,1,TQ6794,1091,2026-07-14T15:44:08Z,2026-07-14T15:44:08Z,0.0
HS2 0SN,SHEPD,HV,1,TQ6794,1091,2026-07-14T15:44:08Z,2026-07-14T15:44:08Z,0.0
HS2 0SP,SHEPD,HV,1,TQ6794,1091,2026-07-14T15:44:08Z,2026-07-14T15:44:08Z,0.0
HS2 0SR,SHEPD,HV,1,TQ6794,1091,2026-07-14T15:44:08Z,2026-07-14T15:44:08Z,0.0
HS2 0ST,SHEPD,HV,1,TQ6794,1091,2026-07-14T15:44:08Z,2026-07-14T15:44:08Z,0.0
HS2 0SU,SHEPD,HV,1,TQ6794,1091,2026-07-14T15:44:08Z,2026-07-14T15:44:08Z,0.0
HS2 0SW,SHEPD,HV,1,TQ6794,1091,2026-07-14T15:44:08Z,2026-07-14T15:44:08Z,0.0
HS2 0SY,SHEPD,HV,1,TQ6794,1091,2026-07-14T15:44:08Z,2026-07-14T15:44:08Z,0.0
HS2 0SZ,SHEPD,HV,1,TQ6794,1091,2026-07-14T15:44:08Z,2026-07-14T15:44:08Z,0.0
HS2 0TA,SHEPD,HV,1,TQ6794,1091,2026-07-14T15:44:08Z,2026-07-14T15:44:08Z,0.0
HS2 0TB,SHEPD,HV,1,TQ6794,1091,2026-07-14T15:44:08Z,2026-07-14T15:44:08Z,0.0
HS2 0TD,SHEPD,HV,1,TQ6794,1091,2026-07-14T15:44:08Z,2026-07-14T15:44:08Z,0.0
HS2 0TG,SHEPD,HV,1,TQ6794,1091,2026-07-14T15:44:08Z,2026-07-14T15:44:08Z,0.0
HS2 0TH,SHEPD,HV,1,TQ6794,1091,2026-07-14T15:44:08Z,2026-07-14T15:44:08Z,0.0
HS2 0TJ,SHEPD,HV,1,TQ6794,1091,2026-07-14T15:44:08Z,2026-07-14T15:44:08Z,0.0
HS2 0TL,SHEPD,HV,1,TQ6794,1091,2026-07-14T15:44:08Z,2026-07-14T15:44:08Z,0.0
HS2 0TN,SHEPD,HV,1,TQ6794,1091,2026-07-14T15:44:08Z,2026-07-14T15:44:08Z,0.0
HS2 0TQ,SHEPD,HV,1,TQ6794,1091,2026-07-14T15:44:08Z,2026-07-14T15:44:08Z,0.0
HS2 0TR,SHEPD,HV,1,TQ6794,1091,2026-07-14T15:44:08Z,2026-07-14T15:44:08Z,0.0
HS2 0TS,SHEPD,HV,1,TQ6794,1091,2026-07-14T15:44:08Z,2026-07-14T15:44:08Z,0.0
HS2 0TW,SHEPD,HV,1,TQ6794,1091,2026-07-14T15:44:08Z,2026-07-14T15:44:08Z,0.0
HS2 0TX,SHEPD,HV,1,TQ6794,1091,2026-07-14T15:44:08Z,2026-07-14T15:44:08Z,0.0
HS2 0XA,SHEPD,HV,1,TQ6794,1091,2026-07-14T15:44:08Z,2026-07-14T15:44:08Z,0.0
HS2 0XB,SHEPD,HV,1,TQ6794,1091,2026-07-14T15:44:08Z,2026-07-14T15:44:08Z,0.0
HS2 0XD,SHEPD,HV,1,TQ6794,1091,2026-07-14T15:44:08Z,2026-07-14T15:44:08Z,0.0
HS2 0XF,SHEPD,HV,1,TQ6794,1091,2026-07-14T15:44:08Z,2026-07-14T15:44:08Z,0.0
HS2 0XG,SHEPD,HV,1,TQ6794,1091,2026-07-14T15:44:08Z,2026-07-14T15:44:08Z,0.0
HS2 0XH,SHEPD,HV,1,TQ6794,1091,2026-07-14T15:44:08Z,2026-07-14T15:44:08Z,0.0
HS2 0XJ,SHEPD,HV,1,TQ6794,1091,2026-07-14T15:44:08Z,2026-07-14T15:44:08Z,0.0
HS2 9DB,SHEPD,HV,1,TP9901,28,2026-07-10T19:46:43Z,2026-07-10T19:46:43Z,0.0
HS2 9DJ,SHEPD,HV,1,TP9901,28,2026-07-10T19:46:43Z,2026-07-10T19:46:43Z,0.0
HS2 9PB,SHEPD,HV,1,TP9901,28,2026-07-10T19:46:43Z,2026-07-10T19:46:43Z,0.0
HS2 9QB,SHEPD,HV,1,TQ6794,1091,2026-07-14T15:44:08Z,2026-07-14T15:44:08Z,0.0
HS3 3BW,SHEPD,PSI,1,253082,9,2026-07-13T11:23:21Z,2026-07-13T11:23:21Z,0.0
HS3 3DB,SHEPD,PSI,1,253082,9,2026-07-13T11:23:21Z,2026-07-13T11:23:21Z,0.0
HS3 3DJ,SHEPD,PSI,1,253082,9,2026-07-13T11:23:21Z,2026-07-13T11:23:21Z,0.0
HS3 3DS,SHEPD,PSI,1,253082,9,2026-07-13T11:23:21Z,2026-07-13T11:23:21Z,0.0
IV12 5PU,SHEPD,HV,1,TQ0253,5,2026-07-10T22:12:11Z,2026-07-10T22:12:11Z,0.0
IV12 5XU,SHEPD,HV,1,TQ0696,5,2026-07-11T09:53:08Z,2026-07-11T09:53:08Z,0.0
IV12 5XX,SHEPD,HV,1,TQ0696,5,2026-07-11T09:53:08Z,2026-07-11T09:53:08Z,0.0
IV2 6JR,SHEPD,HV,1,TQ8994,37,2026-07-15T17:25:45Z,2026-07-15T17:25:45Z,0.0
IV2 6XJ,SHEPD,HV,1,TQ0253,5,2026-07-10T22:12:11Z,2026-07-10T22:12:11Z,0.0
IV2 6XR,SHEPD,HV,1,TQ8994,37,2026-07-15T17:25:45Z,2026-07-15T17:25:45Z,0.0
IV2 6XS,SHEPD,HV,1,TQ8994,37,2026-07-15T17:25:45Z,2026-07-15T17:25:45Z,0.0
IV2 6XT,SHEPD,HV,1,TQ8994,37,2026-07-15T17:25:45Z,2026-07-15T17:25:45Z,0.0
IV2 6YE,SHEPD,HV,1,TQ8994,37,2026-07-15T17:25:45Z,2026-07-15T17:25:45Z,0.0
IV22 2HU,SHEPD,PSI,1,252319,31,2026-07-15T10:57:49Z,2026-07-15T10:57:49Z,0.0
IV22 2JA,SHEPD,PSI,1,252319,31,2026-07-15T10:57:49Z,2026-07-15T10:57:49Z,0.0
IV30 1YE,SHEPD,PSI,1,252739,59,2026-07-15T12:20:28Z,2026-07-15T12:20:28Z,0.0
IV30 4ET,SHEPD,LV,1,TQ0044,27,2026-07-10T19:46:43Z,2026-07-10T19:46:43Z,0.0
IV30 4EX,SHEPD,LV,1,TQ0044,27,2026-07-10T19:46:43Z,2026-07-10T19:46:43Z,0.0
IV30 4EY,SHEPD,LV,1,TQ0044,27,2026-07-10T19:46:43Z,2026-07-10T19:46:43Z,0.0
IV30 4EZ,SHEPD,LV,1,TQ0044,27,2026-07-10T19:46:43Z,2026-07-10T19:46:43Z,0.0
IV30 4HB,SHEPD,LV,1,TQ0044,27,2026-07-10T19:46:43Z,2026-07-10T19:46:43Z,0.0
IV30 4HD,SHEPD,LV,1,TQ0044,27,2026-07-10T19:46:43Z,2026-07-10T19:46:43Z,0.0
IV30 4HE,SHEPD,LV,1,TQ0044,27,2026-07-10T19:46:43Z,2026-07-10T19:46:43Z,0.0
IV30 4HF,SHEPD,LV,1,TQ0044,27,2026-07-10T19:46:43Z,2026-07-10T19:46:43Z,0.0
IV30 4HG,SHEPD,LV,1,TQ0044,27,2026-07-10T19:46:43Z,2026-07-10T19:46:43Z,0.0
IV30 6BG,SHEPD,LV,1,TQ0047,13,2026-07-10T19:46:43Z,2026-07-10T19:46:43Z,0.0
IV30 6BH,SHEPD,LV,1,TQ0047,13,2026-07-10T19:46:43Z,2026-07-10T19:46:43Z,0.0
IV30 6BL,SHEPD,LV,1,TQ0047,13,2026-07-10T19:46:43Z,2026-07-10T19:46:43Z,0.0
IV30 6BU,SHEPD,LV,1,TQ0047,13,2026-07-10T19:46:43Z,2026-07-10T19:46:43Z,0.0
IV30 8RP,SHEPD,PSI,1,252739,59,2026-07-15T12:20:28Z,2026-07-15T12:20:28Z,0.0
IV30 8RR,SHEPD,PSI,1,252739,59,2026-07-15T12:20:28Z,2026-07-15T12:20:28Z,0.0
IV30 8SN,SHEPD,PSI,1,252739,59,2026-07-15T12:20:28Z,2026-07-15T12:20:28Z,0.0
IV30 8SP,SHEPD,PSI,1,252739,59,2026-07-15T12:20:28Z,2026-07-15T12:20:28Z,0.0
IV30 8SW,SHEPD,PSI,1,252739,59,2026-07-15T12:20:28Z,2026-07-15T12:20:28Z,0.0
IV30 8TS,SHEPD,HV,1,TQ0310,4,2026-07-10T23:14:08Z,2026-07-10T23:14:08Z,0.0
IV4 7JP,SHEPD,PSI,1,252338,7,2026-07-10T08:42:42Z,2026-07-10T08:42:42Z,0.0
IV51 9HY,SHEPD,LV,1,TQ2992,4,2026-07-12T22:26:26Z,2026-07-12T22:26:26Z,0.0
IV51 9JX,SHEPD,LV,1,TQ2992,4,2026-07-12T22:26:26Z,2026-07-12T22:26:26Z,0.0
KA27 8EW,SHEPD,HV,1,TQ0601,47,2026-07-11T08:13:51Z,2026-07-11T08:13:51Z,0.0
KA27 8LR,SHEPD,LV,1,TQ3970,14,2026-07-13T13:32:50Z,2026-07-13T13:32:50Z,0.0
KA27 8LS,SHEPD,LV,1,TQ3970,14,2026-07-13T13:32:50Z,2026-07-13T13:32:50Z,0.0
KA27 8LT,SHEPD,LV,1,TQ3970,14,2026-07-13T13:32:50Z,2026-07-13T13:32:50Z,0.0
KA27 8LX,SHEPD,LV,1,TQ3970,14,2026-07-13T13:32:50Z,2026-07-13T13:32:50Z,0.0
KA27 8NB,SHEPD,LV,1,TQ3970,14,2026-07-13T13:32:50Z,2026-07-13T13:32:50Z,0.0
KA27 8NF,SHEPD,LV,1,TQ3970,14,2026-07-13T13:32:50Z,2026-07-13T13:32:50Z,0.0
KA27 8NN,SHEPD,LV,1,TQ3970,14,2026-07-13T13:32:50Z,2026-07-13T13:32:50Z,0.0
KA27 8PA,SHEPD,HV,1,TQ0601,47,2026-07-11T08:13:51Z,2026-07-11T08:13:51Z,0.0
KA27 8PB,SHEPD,HV,1,TQ0601,47,2026-07-11T08:13:51Z,2026-07-11T08:13:51Z,0.0
KA27 8PE,SHEPD,HV,1,TQ0601,47,2026-07-11T08:13:51Z,2026-07-11T08:13:51Z,0.0
KA27 8PF,SHEPD,HV,1,TQ0601,47,2026-07-11T08:13:51Z,2026-07-11T08:13:51Z,0.0
KA27 8QP,SHEPD,HV,1,TQ8451,19,2026-07-15T12:20:28Z,2026-07-15T12:20:28Z,0.0
KA27 8RG,SHEPD,LV,1,TQ3970,14,2026-07-13T13:32:50Z,2026-07-13T13:32:50Z,0.0
KA27 8RP,SHEPD,HV,1,TQ8451,19,2026-07-15T12:20:28Z,2026-07-15T12:20:28Z,0.0
KA27 8RR,SHEPD,HV,1,TQ8451,19,2026-07-15T12:20:28Z,2026-07-15T12:20:28Z,0.0
KA27 8SE,SHEPD,HV,1,TQ8451,19,2026-07-15T12:20:28Z,2026-07-15T12:20:28Z,0.0
KA27 8SF,SHEPD,HV,1,TQ8451,19,2026-07-15T12:20:28Z,2026-07-15T12:20:28Z,0.0
KW1 5XU,SHEPD,PSI,1,252352,4,2026-07-13T11:23:21Z,2026-07-13T11:23:21Z,0.0
KW17 2TH,SHEPD,PSI,1,253138,9,2026-07-10T11:35:22Z,2026-07-10T11:35:22Z,0.0
KW17 2TJ,SHEPD,PSI,1,253138,9,2026-07-10T11:35:22Z,2026-07-10T11:35:22Z,0.0
KW17 2TL,SHEPD,PSI,1,253138,9,2026-07-10T11:35:22Z,2026-07-10T11:35:22Z,0.0
KY12 9HL,SHEPD,LV,1,TP9493,7,2026-07-10T13:35:06Z,2026-07-10T13:35:06Z,0.0
KY13 0PS,SHEPD,HV,1,TQ7227,12,2026-07-14T18:11:22Z,2026-07-14T18:11:22Z,0.0
KY13 0PT,SHEPD,HV,1,TQ7227,12,2026-07-14T18:11:22Z,2026-07-14T18:11:22Z,0.0
KY13 0QP,SHEPD,HV,1,TQ7227,12,2026-07-14T18:11:22Z,2026-07-14T18:11:22Z,0.0
KY13 0QR,SHEPD,HV,1,TQ7227,12,2026-07-14T18:11:22Z,2026-07-14T18:11:22Z,0.0
KY13 9HQ,SHEPD,LV,1,TP9493,7,2026-07-10T13:35:06Z,2026-07-10T13:35:06Z,0.0
KY13 9JR,SHEPD,LV,1,TP9490,9,2026-07-10T13:35:06Z,2026-07-10T13:35:06Z,0.0
KY13 9JS,SHEPD,LV,1,TP9490,9,2026-07-10T13:35:06Z,2026-07-10T13:35:06Z,0.0
KY13 9LZ,SHEPD,LV,1,TP9490,9,2026-07-10T13:35:06Z,2026-07-10T13:35:06Z,0.0
OX10 9BF,SEPD,HV,1,TP8021,80,2026-07-09T20:52:44Z,2026-07-09T20:52:44Z,0.0
OX10 9NJ,SEPD,HV,1,TP8021,80,2026-07-09T20:52:44Z,2026-07-09T20:52:44Z,0.0
OX10 9NL,SEPD,HV,1,TP8021,80,2026-07-09T20:52:44Z,2026-07-09T20:52:44Z,0.0
OX10 9NN,SEPD,HV,1,TP8021,80,2026-07-09T20:52:44Z,2026-07-09T20:52:44Z,0.0
OX10 9NW,SEPD,HV,1,TP8021,80,2026-07-09T20:52:44Z,2026-07-09T20:52:44Z,0.0
OX12 0AN,SEPD,LV,1,TQ2862,17,2026-07-12T20:32:05Z,2026-07-12T20:32:05Z,0.0
OX12 8ED,SEPD,LV,1,TQ2881,12,2026-07-12T20:32:05Z,2026-07-12T20:32:05Z,0.0
OX12 8EE,SEPD,LV,1,TQ2881,12,2026-07-12T20:32:05Z,2026-07-12T20:32:05Z,0.0
OX12 8EF,SEPD,LV,1,TQ2881,12,2026-07-12T20:32:05Z,2026-07-12T20:32:05Z,0.0
OX12 9AH,SEPD,LV,1,TQ2859,25,2026-07-12T20:32:05Z,2026-07-12T20:32:05Z,0.0
OX12 9AL,SEPD,LV,1,TQ2859,25,2026-07-12T20:32:05Z,2026-07-12T20:32:05Z,0.0
OX12 9AU,SEPD,LV,1,TQ4119,34,2026-07-13T13:32:50Z,2026-07-13T13:32:50Z,0.0
OX12 9AY,SEPD,HV,1,TQ4074,1862,2026-07-13T13:32:50Z,2026-07-13T13:32:50Z,0.0
OX12 9AZ,SEPD,HV,1,TQ4074,1862,2026-07-13T13:32:50Z,2026-07-13T13:32:50Z,0.0
OX12 9BA,SEPD,HV,1,TQ4074,1862,2026-07-13T13:32:50Z,2026-07-13T13:32:50Z,0.0
OX12 9BD,SEPD,LV,1,TQ4119,34,2026-07-13T13:32:50Z,2026-07-13T13:32:50Z,0.0
OX12 9BE,SEPD,LV,1,TQ4119,34,2026-07-13T13:32:50Z,2026-07-13T13:32:50Z,0.0
OX12 9BG,SEPD,LV,1,TQ4119,34,2026-07-13T13:32:50Z,2026-07-13T13:32:50Z,0.0
OX12 9BJ,SEPD,LV,1,TQ4119,34,2026-07-13T13:32:50Z,2026-07-13T13:32:50Z,0.0
OX12 9BU,SEPD,LV,1,TQ2853,16,2026-07-12T20:32:05Z,2026-07-12T20:32:05Z,0.0
OX12 9BX,SEPD,LV,1,TQ2853,16,2026-07-12T20:32:05Z,2026-07-12T20:32:05Z,0.0
OX12 9BY,SEPD,LV,1,TQ2853,16,2026-07-12T20:32:05Z,2026-07-12T20:32:05Z,0.0
OX12 9BZ,SEPD,LV,1,TQ2853,16,2026-07-12T20:32:05Z,2026-07-12T20:32:05Z,0.0
OX12 9DA,SEPD,LV,1,TQ2853,16,2026-07-12T20:32:05Z,2026-07-12T20:32:05Z,0.0
OX12 9DB,SEPD,LV,1,TQ2853,16,2026-07-12T20:32:05Z,2026-07-12T20:32:05Z,0.0
OX12 9DH,SEPD,HV,1,TQ4074,1862,2026-07-13T13:32:50Z,2026-07-13T13:32:50Z,0.0
OX12 9DL,SEPD,LV,1,TQ2859,25,2026-07-12T20:32:05Z,2026-07-12T20:32:05Z,0.0
OX12 9DN,SEPD,LV,1,TQ2895,17,2026-07-12T20:32:05Z,2026-07-12T20:32:05Z,0.0
OX12 9DR,SEPD,LV,1,TQ2895,17,2026-07-12T20:32:05Z,2026-07-12T20:32:05Z,0.0
OX12 9DS,SEPD,LV,1,TQ2895,17,2026-07-12T20:32:05Z,2026-07-12T20:32:05Z,0.0
OX12 9DW,SEPD,LV,1,TQ2895,17,2026-07-12T20:32:05Z,2026-07-12T20:32:05Z,0.0
OX12 9DX,SEPD,LV,1,TQ2895,17,2026-07-12T20:32:05Z,2026-07-12T20:32:05Z,0.0
OX12 9DY,SEPD,LV,1,TQ2895,17,2026-07-12T20:32:05Z,2026-07-12T20:32:05Z,0.0
OX12 9DZ,SEPD,LV,1,TQ2862,17,2026-07-12T20:32:05Z,2026-07-12T20:32:05Z,0.0
OX12 9EB,SEPD,LV,1,TQ2859,25,2026-07-12T20:32:05Z,2026-07-12T20:32:05Z,0.0
OX12 9ED,SEPD,LV,1,TQ2859,25,2026-07-12T20:32:05Z,2026-07-12T20:32:05Z,0.0
OX12 9EE,SEPD,LV,1,TQ2859,25,2026-07-12T20:32:05Z,2026-07-12T20:32:05Z,0.0
OX12 9EH,SEPD,LV,1,TQ2853,16,2026-07-12T20:32:05Z,2026-07-12T20:32:05Z,0.0
OX12 9EJ,SEPD,HV,1,TQ4074,1862,2026-07-13T13:32:50Z,2026-07-13T13:32:50Z,0.0
OX12 9EP,SEPD,HV,1,TQ4074,1862,2026-07-13T13:32:50Z,2026-07-13T13:32:50Z,0.0
OX12 9EQ,SEPD,LV,1,TQ2862,17,2026-07-12T20:32:05Z,2026-07-12T20:32:05Z,0.0
OX12 9ER,SEPD,HV,1,TQ4074,1862,2026-07-13T13:32:50Z,2026-07-13T13:32:50Z,0.0
OX12 9ES,SEPD,HV,1,TQ4074,1862,2026-07-13T13:32:50Z,2026-07-13T13:32:50Z,0.0
OX12 9ET,SEPD,HV,1,TQ4074,1862,2026-07-13T13:32:50Z,2026-07-13T13:32:50Z,0.0
OX12 9EU,SEPD,HV,1,TQ4074,1862,2026-07-13T13:32:50Z,2026-07-13T13:32:50Z,0.0
OX12 9EW,SEPD,HV,1,TQ4074,1862,2026-07-13T13:32:50Z,2026-07-13T13:32:50Z,0.0
OX12 9EX,SEPD,HV,1,TQ4074,1862,2026-07-13T13:32:50Z,2026-07-13T13:32:50Z,0.0
OX12 9EY,SEPD,HV,1,TQ4074,1862,2026-07-13T13:32:50Z,2026-07-13T13:32:50Z,0.0
OX12 9EZ,SEPD,HV,1,TQ4074,1862,2026-07-13T13:32:50Z,2026-07-13T13:32:50Z,0.0
OX12 9GZ,SEPD,LV,1,TQ2858,15,2026-07-12T20:32:05Z,2026-07-12T20:32:05Z,0.0
OX12 9HA,SEPD,HV,1,TQ4074,1862,2026-07-13T13:32:50Z,2026-07-13T13:32:50Z,0.0
OX12 9HB,SEPD,HV,1,TQ4074,1862,2026-07-13T13:32:50Z,2026-07-13T13:32:50Z,0.0
OX12 9HD,SEPD,HV,1,TQ4074,1862,2026-07-13T13:32:50Z,2026-07-13T13:32:50Z,0.0
OX12 9HE,SEPD,HV,1,TQ4074,1862,2026-07-13T13:32:50Z,2026-07-13T13:32:50Z,0.0
OX12 9HF,SEPD,HV,1,TQ4074,1862,2026-07-13T13:32:50Z,2026-07-13T13:32:50Z,0.0
OX12 9HG,SEPD,LV,1,TQ4119,34,2026-07-13T13:32:50Z,2026-07-13T13:32:50Z,0.0
OX12 9HH,SEPD,HV,1,TQ4074,1862,2026-07-13T13:32:50Z,2026-07-13T13:32:50Z,0.0
OX12 9HJ,SEPD,HV,1,TQ4074,1862,2026-07-13T13:32:50Z,2026-07-13T13:32:50Z,0.0
OX12 9HP,SEPD,HV,1,TQ4074,1862,2026-07-13T13:32:50Z,2026-07-13T13:32:50Z,0.0
OX12 9HR,SEPD,HV,1,TQ4074,1862,2026-07-13T13:32:50Z,2026-07-13T13:32:50Z,0.0
OX12 9HU,SEPD,HV,1,TQ4074,1862,2026-07-13T13:32:50Z,2026-07-13T13:32:50Z,0.0
OX12 9HX,SEPD,HV,1,TQ4074,1862,2026-07-13T13:32:50Z,2026-07-13T13:32:50Z,0.0
OX12 9JA,SEPD,LV,1,TQ2853,16,2026-07-12T20:32:05Z,2026-07-12T20:32:05Z,0.0
OX12 9JB,SEPD,HV,1,TQ4074,1862,2026-07-13T13:32:50Z,2026-07-13T13:32:50Z,0.0
OX12 9JF,SEPD,LV,1,TQ4089,17,2026-07-13T13:32:50Z,2026-07-13T13:32:50Z,0.0
OX12 9JH,SEPD,LV,1,TQ4089,17,2026-07-13T13:32:50Z,2026-07-13T13:32:50Z,0.0
OX12 9JJ,SEPD,LV,1,TQ4089,17,2026-07-13T13:32:50Z,2026-07-13T13:32:50Z,0.0
OX12 9JL,SEPD,LV,1,TQ4089,17,2026-07-13T13:32:50Z,2026-07-13T13:32:50Z,0.0
OX12 9JN,SEPD,HV,1,TQ4074,1862,2026-07-13T13:32:50Z,2026-07-13T13:32:50Z,0.0
OX12 9JP,SEPD,HV,1,TQ4074,1862,2026-07-13T13:32:50Z,2026-07-13T13:32:50Z,0.0
OX12 9JQ,SEPD,LV,1,TQ4089,17,2026-07-13T13:32:50Z,2026-07-13T13:32:50Z,0.0
OX12 9JR,SEPD,HV,1,TQ4074,1862,2026-07-13T13:32:50Z,2026-07-13T13:32:50Z,0.0
OX12 9JS,SEPD,HV,1,TQ4074,1862,2026-07-13T13:32:50Z,2026-07-13T13:32:50Z,0.0
OX12 9JU,SEPD,HV,1,TQ4074,1862,2026-07-13T13:32:50Z,2026-07-13T13:32:50Z,0.0
OX12 9JW,SEPD,HV,1,TQ4074,1862,2026-07-13T13:32:50Z,2026-07-13T13:32:50Z,0.0
OX12 9JY,SEPD,HV,1,TQ4074,1862,2026-07-13T13:32:50Z,2026-07-13T13:32:50Z,0.0
OX12 9LJ,SEPD,HV,1,TQ4074,1862,2026-07-13T13:32:50Z,2026-07-13T13:32:50Z,0.0
OX12 9NT,SEPD,HV,1,TQ4074,1862,2026-07-13T13:32:50Z,2026-07-13T13:32:50Z,0.0
OX12 9NY,SEPD,LV,1,TQ2859,25,2026-07-12T20:32:05Z,2026-07-12T20:32:05Z,0.0
OX12 9PE,SEPD,HV,1,TQ4074,1862,2026-07-13T13:32:50Z,2026-07-13T13:32:50Z,0.0
OX12 9PF,SEPD,HV,1,TQ4074,1862,2026-07-13T13:32:50Z,2026-07-13T13:32:50Z,0.0
OX12 9PG,SEPD,HV,1,TQ4074,1862,2026-07-13T13:32:50Z,2026-07-13T13:32:50Z,0.0
OX12 9PH,SEPD,HV,1,TQ4074,1862,2026-07-13T13:32:50Z,2026-07-13T13:32:50Z,0.0
OX12 9PJ,SEPD,HV,1,TQ4074,1862,2026-07-13T13:32:50Z,2026-07-13T13:32:50Z,0.0
OX12 9PL,SEPD,HV,1,TQ4074,1862,2026-07-13T13:32:50Z,2026-07-13T13:32:50Z,0.0
OX12 9PN,SEPD,HV,1,TQ4074,1862,2026-07-13T13:32:50Z,2026-07-13T13:32:50Z,0.0
OX12 9PP,SEPD,HV,1,TQ4074,1862,2026-07-13T13:32:50Z,2026-07-13T13:32:50Z,0.0
OX12 9PQ,SEPD,HV,1,TQ4074,1862,2026-07-13T13:32:50Z,2026-07-13T13:32:50Z,0.0
OX12 9PR,SEPD,HV,1,TQ4074,1862,2026-07-13T13:32:50Z,2026-07-13T13:32:50Z,0.0
OX12 9PS,SEPD,HV,1,TQ4074,1862,2026-07-13T13:32:50Z,2026-07-13T13:32:50Z,0.0
OX12 9PT,SEPD,HV,1,TQ4074,1862,2026-07-13T13:32:50Z,2026-07-13T13:32:50Z,0.0
OX12 9PU,SEPD,HV,1,TQ4074,1862,2026-07-13T13:32:50Z,2026-07-13T13:32:50Z,0.0
OX12 9PW,SEPD,HV,1,TQ4074,1862,2026-07-13T13:32:50Z,2026-07-13T13:32:50Z,0.0
OX12 9PX,SEPD,HV,1,TQ4074,1862,2026-07-13T13:32:50Z,2026-07-13T13:32:50Z,0.0
OX12 9PY,SEPD,HV,1,TQ4074,1862,2026-07-13T13:32:50Z,2026-07-13T13:32:50Z,0.0
OX12 9PZ,SEPD,HV,1,TQ4074,1862,2026-07-13T13:32:50Z,2026-07-13T13:32:50Z,0.0
OX12 9QA,SEPD,HV,1,TQ4074,1862,2026-07-13T13:32:50Z,2026-07-13T13:32:50Z,0.0
OX12 9QB,SEPD,HV,1,TQ4074,1862,2026-07-13T13:32:50Z,2026-07-13T13:32:50Z,0.0
OX12 9QD,SEPD,HV,1,TQ4074,1862,2026-07-13T13:32:50Z,2026-07-13T13:32:50Z,0.0
OX12 9QE,SEPD,HV,1,TQ4074,1862,2026-07-13T13:32:50Z,2026-07-13T13:32:50Z,0.0
OX12 9QG,SEPD,HV,1,TQ4074,1862,2026-07-13T13:32:50Z,2026-07-13T13:32:50Z,0.0
OX12 9QH,SEPD,HV,1,TQ4074,1862,2026-07-13T13:32:50Z,2026-07-13T13:32:50Z,0.0
OX12 9QJ,SEPD,HV,1,TQ4074,1862,2026-07-13T13:32:50Z,2026-07-13T13:32:50Z,0.0
OX12 9QL,SEPD,HV,1,TQ4074,1862,2026-07-13T13:32:50Z,2026-07-13T13:32:50Z,0.0
OX12 9QN,SEPD,HV,1,TQ4074,1862,2026-07-13T13:32:50Z,2026-07-13T13:32:50Z,0.0
OX12 9QP,SEPD,HV,1,TQ4074,1862,2026-07-13T13:32:50Z,2026-07-13T13:32:50Z,0.0
OX12 9QQ,SEPD,HV,1,TQ4074,1862,2026-07-13T13:32:50Z,2026-07-13T13:32:50Z,0.0
OX12 9QR,SEPD,HV,1,TQ4074,1862,2026-07-13T13:32:50Z,2026-07-13T13:32:50Z,0.0
OX12 9QS,SEPD,HV,1,TQ4074,1862,2026-07-13T13:32:50Z,2026-07-13T13:32:50Z,0.0
OX12 9QT,SEPD,HV,1,TQ4074,1862,2026-07-13T13:32:50Z,2026-07-13T13:32:50Z,0.0
OX12 9QU,SEPD,HV,1,TQ4074,1862,2026-07-13T13:32:50Z,2026-07-13T13:32:50Z,0.0
OX12 9QW,SEPD,HV,1,TQ4074,1862,2026-07-13T13:32:50Z,2026-07-13T13:32:50Z,0.0
OX12 9QX,SEPD,HV,1,TQ4074,1862,2026-07-13T13:32:50Z,2026-07-13T13:32:50Z,0.0
OX12 9QY,SEPD,HV,1,TQ4074,1862,2026-07-13T13:32:50Z,2026-07-13T13:32:50Z,0.0
OX12 9QZ,SEPD,HV,1,TQ4074,1862,2026-07-13T13:32:50Z,2026-07-13T13:32:50Z,0.0
OX12 9RH,SEPD,HV,1,TQ4074,1862,2026-07-13T13:32:50Z,2026-07-13T13:32:50Z,0.0
OX12 9RJ,SEPD,HV,1,TQ4074,1862,2026-07-13T13:32:50Z,2026-07-13T13:32:50Z,0.0
OX12 9RL,SEPD,HV,1,TQ4074,1862,2026-07-13T13:32:50Z,2026-07-13T13:32:50Z,0.0
OX12 9RN,SEPD,HV,1,TQ4074,1862,2026-07-13T13:32:50Z,2026-07-13T13:32:50Z,0.0
OX12 9RP,SEPD,HV,1,TQ4074,1862,2026-07-13T13:32:50Z,2026-07-13T13:32:50Z,0.0
OX12 9RQ,SEPD,HV,1,TQ4074,1862,2026-07-13T13:32:50Z,2026-07-13T13:32:50Z,0.0
OX12 9RR,SEPD,HV,1,TQ4074,1862,2026-07-13T13:32:50Z,2026-07-13T13:32:50Z,0.0
OX12 9RS,SEPD,HV,1,TQ4074,1862,2026-07-13T13:32:50Z,2026-07-13T13:32:50Z,0.0
OX12 9RT,SEPD,HV,1,TQ4074,1862,2026-07-13T13:32:50Z,2026-07-13T13:32:50Z,0.0
OX12 9RU,SEPD,HV,1,TQ4074,1862,2026-07-13T13:32:50Z,2026-07-13T13:32:50Z,0.0
OX12 9RW,SEPD,HV,1,TQ4074,1862,2026-07-13T13:32:50Z,2026-07-13T13:32:50Z,0.0
OX12 9RX,SEPD,HV,1,TQ4074,1862,2026-07-13T13:32:50Z,2026-07-13T13:32:50Z,0.0
OX12 9RY,SEPD,HV,1,TQ4074,1862,2026-07-13T13:32:50Z,2026-07-13T13:32:50Z,0.0
OX12 9RZ,SEPD,HV,1,TQ4074,1862,2026-07-13T13:32:50Z,2026-07-13T13:32:50Z,0.0
OX12 9SA,SEPD,HV,1,TQ4074,1862,2026-07-13T13:32:50Z,2026-07-13T13:32:50Z,0.0
OX12 9SB,SEPD,HV,1,TQ4074,1862,2026-07-13T13:32:50Z,2026-07-13T13:32:50Z,0.0
OX12 9SD,SEPD,HV,1,TQ4074,1862,2026-07-13T13:32:50Z,2026-07-13T13:32:50Z,0.0
OX12 9SE,SEPD,HV,1,TQ4074,1862,2026-07-13T13:32:50Z,2026-07-13T13:32:50Z,0.0
OX12 9SF,SEPD,HV,1,TQ4074,1862,2026-07-13T13:32:50Z,2026-07-13T13:32:50Z,0.0
OX12 9SG,SEPD,HV,1,TQ4074,1862,2026-07-13T13:32:50Z,2026-07-13T13:32:50Z,0.0
OX12 9SH,SEPD,HV,1,TQ4074,1862,2026-07-13T13:32:50Z,2026-07-13T13:32:50Z,0.0
OX12 9SJ,SEPD,HV,1,TQ4074,1862,2026-07-13T13:32:50Z,2026-07-13T13:32:50Z,0.0
OX12 9SL,SEPD,HV,1,TQ4074,1862,2026-07-13T13:32:50Z,2026-07-13T13:32:50Z,0.0
OX12 9SN,SEPD,HV,1,TQ4074,1862,2026-07-13T13:32:50Z,2026-07-13T13:32:50Z,0.0
OX12 9SP,SEPD,HV,1,TQ4074,1862,2026-07-13T13:32:50Z,2026-07-13T13:32:50Z,0.0
OX12 9SR,SEPD,HV,1,TQ4074,1862,2026-07-13T13:32:50Z,2026-07-13T13:32:50Z,0.0
OX12 9SS,SEPD,HV,1,TQ4074,1862,2026-07-13T13:32:50Z,2026-07-13T13:32:50Z,0.0
OX12 9ST,SEPD,HV,1,TQ4074,1862,2026-07-13T13:32:50Z,2026-07-13T13:32:50Z,0.0
OX12 9SU,SEPD,HV,1,TQ4074,1862,2026-07-13T13:32:50Z,2026-07-13T13:32:50Z,0.0
OX12 9SW,SEPD,HV,1,TQ4074,1862,2026-07-13T13:32:50Z,2026-07-13T13:32:50Z,0.0
OX12 9SX,SEPD,HV,1,TQ4074,1862,2026-07-13T13:32:50Z,2026-07-13T13:32:50Z,0.0
OX12 9SY,SEPD,HV,1,TQ4074,1862,2026-07-13T13:32:50Z,2026-07-13T13:32:50Z,0.0
OX12 9TB,SEPD,HV,1,TQ4074,1862,2026-07-13T13:32:50Z,2026-07-13T13:32:50Z,0.0
OX12 9TD,SEPD,HV,1,TQ4074,1862,2026-07-13T13:32:50Z,2026-07-13T13:32:50Z,0.0
OX12 9TG,SEPD,HV,1,TQ4074,1862,2026-07-13T13:32:50Z,2026-07-13T13:32:50Z,0.0
OX12 9TQ,SEPD,LV,1,TQ2862,17,2026-07-12T20:32:05Z,2026-07-12T20:32:05Z,0.0
OX12 9TU,SEPD,HV,1,TQ4074,1862,2026-07-13T13:32:50Z,2026-07-13T13:32:50Z,0.0
OX12 9UA,SEPD,HV,1,TQ4074,1862,2026-07-13T13:32:50Z,2026-07-13T13:32:50Z,0.0
OX12 9UB,SEPD,HV,1,TQ4074,1862,2026-07-13T13:32:50Z,2026-07-13T13:32:50Z,0.0
OX12 9UD,SEPD,HV,1,TQ4074,1862,2026-07-13T13:32:50Z,2026-07-13T13:32:50Z,0.0
OX12 9UE,SEPD,HV,1,TQ4074,1862,2026-07-13T13:32:50Z,2026-07-13T13:32:50Z,0.0
OX12 9UF,SEPD,HV,1,TQ4074,1862,2026-07-13T13:32:50Z,2026-07-13T13:32:50Z,0.0
OX12 9UG,SEPD,HV,1,TQ4074,1862,2026-07-13T13:32:50Z,2026-07-13T13:32:50Z,0.0
OX12 9UH,SEPD,HV,1,TQ4074,1862,2026-07-13T13:32:50Z,2026-07-13T13:32:50Z,0.0
OX12 9UJ,SEPD,HV,1,TQ4074,1862,2026-07-13T13:32:50Z,2026-07-13T13:32:50Z,0.0
OX12 9UL,SEPD,HV,1,TQ4074,1862,2026-07-13T13:32:50Z,2026-07-13T13:32:50Z,0.0
OX12 9UN,SEPD,HV,1,TQ4074,1862,2026-07-13T13:32:50Z,2026-07-13T13:32:50Z,0.0
OX12 9UP,SEPD,HV,1,TQ4074,1862,2026-07-13T13:32:50Z,2026-07-13T13:32:50Z,0.0
OX12 9UQ,SEPD,HV,1,TQ4074,1862,2026-07-13T13:32:50Z,2026-07-13T13:32:50Z,0.0
OX12 9UR,SEPD,HV,1,TQ4074,1862,2026-07-13T13:32:50Z,2026-07-13T13:32:50Z,0.0
OX12 9US,SEPD,HV,1,TQ4074,1862,2026-07-13T13:32:50Z,2026-07-13T13:32:50Z,0.0
OX12 9UT,SEPD,HV,1,TQ4074,1862,2026-07-13T13:32:50Z,2026-07-13T13:32:50Z,0.0
OX12 9UU,SEPD,HV,1,TQ4074,1862,2026-07-13T13:32:50Z,2026-07-13T13:32:50Z,0.0
OX12 9UW,SEPD,HV,1,TQ4074,1862,2026-07-13T13:32:50Z,2026-07-13T13:32:50Z,0.0
OX12 9WF,SEPD,HV,1,TQ4074,1862,2026-07-13T13:32:50Z,2026-07-13T13:32:50Z,0.0
OX12 9WH,SEPD,LV,1,TQ4089,17,2026-07-13T13:32:50Z,2026-07-13T13:32:50Z,0.0
OX12 9WJ,SEPD,HV,1,TQ4074,1862,2026-07-13T13:32:50Z,2026-07-13T13:32:50Z,0.0
OX12 9WL,SEPD,HV,1,TQ4074,1862,2026-07-13T13:32:50Z,2026-07-13T13:32:50Z,0.0
OX12 9WN,SEPD,HV,1,TQ4074,1862,2026-07-13T13:32:50Z,2026-07-13T13:32:50Z,0.0
OX12 9WP,SEPD,HV,1,TQ4074,1862,2026-07-13T13:32:50Z,2026-07-13T13:32:50Z,0.0
OX12 9XN,SEPD,HV,1,TQ4074,1862,2026-07-13T13:32:50Z,2026-07-13T13:32:50Z,0.0
OX12 9XP,SEPD,HV,1,TQ4074,1862,2026-07-13T13:32:50Z,2026-07-13T13:32:50Z,0.0
OX12 9XQ,SEPD,HV,1,TQ4074,1862,2026-07-13T13:32:50Z,2026-07-13T13:32:50Z,0.0
OX12 9XR,SEPD,HV,1,TQ4074,1862,2026-07-13T13:32:50Z,2026-07-13T13:32:50Z,0.0
OX12 9XS,SEPD,LV,1,TQ2896,22,2026-07-12T20:32:05Z,2026-07-12T20:32:05Z,0.0
OX12 9XT,SEPD,LV,1,TQ2896,22,2026-07-12T20:32:05Z,2026-07-12T20:32:05Z,0.0
OX12 9XU,SEPD,HV,1,TQ4074,1862,2026-07-13T13:32:50Z,2026-07-13T13:32:50Z,0.0
OX12 9XW,SEPD,HV,1,TQ4074,1862,2026-07-13T13:32:50Z,2026-07-13T13:32:50Z,0.0
OX12 9XY,SEPD,LV,1,TQ2895,17,2026-07-12T20:32:05Z,2026-07-12T20:32:05Z,0.0
OX12 9YA,SEPD,HV,1,TQ4074,1862,2026-07-13T13:32:50Z,2026-07-13T13:32:50Z,0.0
OX12 9YB,SEPD,HV,1,TQ4074,1862,2026-07-13T13:32:50Z,2026-07-13T13:32:50Z,0.0
OX12 9YD,SEPD,HV,1,TQ4074,1862,2026-07-13T13:32:50Z,2026-07-13T13:32:50Z,0.0
OX12 9YE,SEPD,HV,1,TQ4074,1862,2026-07-13T13:32:50Z,2026-07-13T13:32:50Z,0.0
OX12 9YQ,SEPD,HV,1,TQ4074,1862,2026-07-13T13:32:50Z,2026-07-13T13:32:50Z,0.0
OX12 9YR,SEPD,HV,1,TQ4074,1862,2026-07-13T13:32:50Z,2026-07-13T13:32:50Z,0.0
OX12 9YX,SEPD,LV,1,TQ4089,17,2026-07-13T13:32:50Z,2026-07-13T13:32:50Z,0.0
OX12 9ZF,SEPD,LV,1,TQ2895,17,2026-07-12T20:32:05Z,2026-07-12T20:32:05Z,0.0
OX13 5EA,SEPD,HV,1,TQ2329,6,2026-07-12T16:31:04Z,2026-07-12T16:31:04Z,0.0
OX13 5GH,SEPD,HV,1,TQ2329,6,2026-07-12T16:31:04Z,2026-07-12T16:31:04Z,0.0
OX13 5HF,SEPD,HV,1,TQ2329,6,2026-07-12T16:31:04Z,2026-07-12T16:31:04Z,0.0
OX13 5HH,SEPD,HV,1,TQ2329,6,2026-07-12T16:31:04Z,2026-07-12T16:31:04Z,0.0
OX13 5HL,SEPD,HV,1,TQ2329,6,2026-07-12T16:31:04Z,2026-07-12T16:31:04Z,0.0
OX13 5HN,SEPD,HV,1,TQ2329,6,2026-07-12T16:31:04Z,2026-07-12T16:31:04Z,0.0
OX13 5HR,SEPD,HV,1,TQ2329,6,2026-07-12T16:31:04Z,2026-07-12T16:31:04Z,0.0
OX13 5HS,SEPD,HV,1,TQ2329,6,2026-07-12T16:31:04Z,2026-07-12T16:31:04Z,0.0
OX13 5HW,SEPD,HV,1,TQ2329,6,2026-07-12T16:31:04Z,2026-07-12T16:31:04Z,0.0
OX13 5PL,SEPD,HV,1,TQ2329,6,2026-07-12T16:31:04Z,2026-07-12T16:31:04Z,0.0
OX14 1YE,SEPD,LV,1,TP7011,14,2026-07-09T12:23:59Z,2026-07-09T12:23:59Z,0.0
OX14 1YG,SEPD,LV,1,TP7011,14,2026-07-09T12:23:59Z,2026-07-09T12:23:59Z,0.0
OX14 5AR,SEPD,LV,1,TQ1626,24,2026-07-12T07:15:24Z,2026-07-12T07:15:24Z,0.0
OX14 5AS,SEPD,LV,1,TQ1626,24,2026-07-12T07:15:24Z,2026-07-12T07:15:24Z,0.0
OX14 5BL,SEPD,LV,1,TQ1626,24,2026-07-12T07:15:24Z,2026-07-12T07:15:24Z,0.0
OX14 5FP,SEPD,LV,1,TQ1626,24,2026-07-12T07:15:24Z,2026-07-12T07:15:24Z,0.0
OX14 5FR,SEPD,LV,1,TQ1626,24,2026-07-12T07:15:24Z,2026-07-12T07:15:24Z,0.0
OX14 5SZ,SEPD,LV,1,TQ1626,24,2026-07-12T07:15:24Z,2026-07-12T07:15:24Z,0.0
OX2 0HA,SEPD,LV,1,TP9499,14,2026-07-10T18:00:46Z,2026-07-10T18:00:46Z,0.0
OX2 0HD,SEPD,LV,1,TP9499,14,2026-07-10T18:00:46Z,2026-07-10T18:00:46Z,0.0
OX2 0HG,SEPD,LV,1,TP9499,14,2026-07-10T18:00:46Z,2026-07-10T18:00:46Z,0.0
OX2 0HW,SEPD,LV,1,TP9499,14,2026-07-10T18:00:46Z,2026-07-10T18:00:46Z,0.0
OX2 0HY,SEPD,LV,1,TP9499,14,2026-07-10T18:00:46Z,2026-07-10T18:00:46Z,0.0
OX2 0QP,SEPD,LV,1,TP9499,14,2026-07-10T18:00:46Z,2026-07-10T18:00:46Z,0.0
OX2 0QR,SEPD,LV,1,TP9499,14,2026-07-10T18:00:46Z,2026-07-10T18:00:46Z,0.0
OX26 4UX,SEPD,LV,1,TQ1375,8,2026-07-12T01:08:41Z,2026-07-12T01:08:41Z,0.0
OX26 4UY,SEPD,LV,1,TQ1375,8,2026-07-12T01:08:41Z,2026-07-12T01:08:41Z,0.0
OX27 7NH,SEPD,HV,1,TP6316,84,2026-07-08T22:28:27Z,2026-07-08T22:28:27Z,0.0
OX27 8RB,SEPD,HV,1,TP6316,84,2026-07-08T22:28:27Z,2026-07-08T22:28:27Z,0.0
OX27 8RR,SEPD,HV,1,TP6316,84,2026-07-08T22:28:27Z,2026-07-08T22:28:27Z,0.0
OX27 8RS,SEPD,HV,1,TP6316,84,2026-07-08T22:28:27Z,2026-07-08T22:28:27Z,0.0
OX27 8RT,SEPD,HV,1,TP6316,84,2026-07-08T22:28:27Z,2026-07-08T22:28:27Z,0.0
OX27 8RU,SEPD,HV,1,TP6316,84,2026-07-08T22:28:27Z,2026-07-08T22:28:27Z,0.0
OX27 8RX,SEPD,HV,1,TP6316,84,2026-07-08T22:28:27Z,2026-07-08T22:28:27Z,0.0
OX27 8RY,SEPD,HV,1,TP6316,84,2026-07-08T22:28:27Z,2026-07-08T22:28:27Z,0.0
OX27 8RZ,SEPD,HV,1,TP6316,84,2026-07-08T22:28:27Z,2026-07-08T22:28:27Z,0.0
OX27 8SA,SEPD,HV,1,TP6316,84,2026-07-08T22:28:27Z,2026-07-08T22:28:27Z,0.0
OX27 8SB,SEPD,HV,1,TP6316,84,2026-07-08T22:28:27Z,2026-07-08T22:28:27Z,0.0
OX27 8SD,SEPD,HV,1,TP6316,84,2026-07-08T22:28:27Z,2026-07-08T22:28:27Z,0.0
OX27 8SE,SEPD,HV,1,TP6316,84,2026-07-08T22:28:27Z,2026-07-08T22:28:27Z,0.0
OX27 8SF,SEPD,HV,1,TP6316,84,2026-07-08T22:28:27Z,2026-07-08T22:28:27Z,0.0
OX3 7AJ,SEPD,LV,1,TQ0319,52,2026-07-11T00:14:32Z,2026-07-11T00:14:32Z,0.0
OX3 7AQ,SEPD,LV,1,TQ0319,52,2026-07-11T00:14:32Z,2026-07-11T00:14:32Z,0.0
OX3 7AY,SEPD,LV,1,TQ0319,52,2026-07-11T00:14:32Z,2026-07-11T00:14:32Z,0.0
OX3 7BA,SEPD,LV,1,TQ0319,52,2026-07-11T00:14:32Z,2026-07-11T00:14:32Z,0.0
OX3 9AA,SEPD,LV,1,TQ0319,52,2026-07-11T00:14:32Z,2026-07-11T00:14:32Z,0.0
OX3 9AB,SEPD,LV,1,TQ0319,52,2026-07-11T00:14:32Z,2026-07-11T00:14:32Z,0.0
OX3 9AE,SEPD,LV,1,TQ0319,52,2026-07-11T00:14:32Z,2026-07-11T00:14:32Z,0.0
OX3 9AJ,SEPD,LV,1,TQ0319,52,2026-07-11T00:14:32Z,2026-07-11T00:14:32Z,0.0
OX3 9AY,SEPD,LV,1,TQ0319,52,2026-07-11T00:14:32Z,2026-07-11T00:14:32Z,0.0
OX3 9BE,SEPD,LV,1,TQ0319,52,2026-07-11T00:14:32Z,2026-07-11T00:14:32Z,0.0
OX4 3HL,SEPD,LV,1,TP6253,44,2026-07-09T08:52:42Z,2026-07-09T08:52:42Z,0.0
OX4 3HN,SEPD,LV,1,TP6253,44,2026-07-09T08:52:42Z,2026-07-09T08:52:42Z,0.0
OX4 3HP,SEPD,LV,1,TP6253,44,2026-07-09T08:52:42Z,2026-07-09T08:52:42Z,0.0
OX4 3HS,SEPD,LV,1,TP6253,44,2026-07-09T08:52:42Z,2026-07-09T08:52:42Z,0.0
OX4 3HT,SEPD,LV,1,TP6253,44,2026-07-09T08:52:42Z,2026-07-09T08:52:42Z,0.0
OX4 3HW,SEPD,LV,1,TP6253,44,2026-07-09T08:52:42Z,2026-07-09T08:52:42Z,0.0
OX4 3HY,SEPD,LV,1,TP6253,44,2026-07-09T08:52:42Z,2026-07-09T08:52:42Z,0.0
OX4 3RF,SEPD,LV,1,TP6253,44,2026-07-09T08:52:42Z,2026-07-09T08:52:42Z,0.0
OX7 3EH,SEPD,HV,1,TQ1373,704,2026-07-12T10:50:00Z,2026-07-12T10:50:00Z,0.0
OX7 3EL,SEPD,HV,1,TQ1373,704,2026-07-12T10:50:00Z,2026-07-12T10:50:00Z,0.0
OX7 3HH,SEPD,HV,1,TQ1373,704,2026-07-12T10:50:00Z,2026-07-12T10:50:00Z,0.0
OX7 4BF,SEPD,HV,1,TQ7391,105,2026-07-14T20:44:33Z,2026-07-14T20:44:33Z,0.0
OX7 4BJ,SEPD,HV,1,TQ7391,105,2026-07-14T20:44:33Z,2026-07-14T20:44:33Z,0.0
OX7 4DL,SEPD,HV,1,TQ7391,105,2026-07-14T20:44:33Z,2026-07-14T20:44:33Z,0.0
OX7 4JW,SEPD,HV,1,TQ7391,105,2026-07-14T20:44:33Z,2026-07-14T20:44:33Z,0.0
OX7 6UD,SEPD,HV,1,TQ7391,105,2026-07-14T20:44:33Z,2026-07-14T20:44:33Z,0.0
PA23 7PA,SHEPD,HV,1,TQ3333,237,2026-07-13T07:58:35Z,2026-07-13T07:58:35Z,0.0
PA23 7PE,SHEPD,HV,1,TQ3333,237,2026-07-13T07:58:35Z,2026-07-13T07:58:35Z,0.0
PA23 7PN,SHEPD,HV,1,TQ3333,237,2026-07-13T07:58:35Z,2026-07-13T07:58:35Z,0.0
PA23 7PP,SHEPD,HV,1,TQ3333,237,2026-07-13T07:58:35Z,2026-07-13T07:58:35Z,0.0
PA23 7PR,SHEPD,HV,1,TQ3333,237,2026-07-13T07:58:35Z,2026-07-13T07:58:35Z,0.0
PA23 7PS,SHEPD,HV,1,TQ3333,237,2026-07-13T07:58:35Z,2026-07-13T07:58:35Z,0.0
PA23 7PT,SHEPD,HV,1,TQ3333,237,2026-07-13T07:58:35Z,2026-07-13T07:58:35Z,0.0
PA23 7PU,SHEPD,HV,1,TQ3333,237,2026-07-13T07:58:35Z,2026-07-13T07:58:35Z,0.0
PA23 7PW,SHEPD,HV,1,TQ3333,237,2026-07-13T07:58:35Z,2026-07-13T07:58:35Z,0.0
PA23 7PX,SHEPD,HV,1,TQ3333,237,2026-07-13T07:58:35Z,2026-07-13T07:58:35Z,0.0
PA23 7PY,SHEPD,HV,1,TQ3333,237,2026-07-13T07:58:35Z,2026-07-13T07:58:35Z,0.0
PA23 7RG,SHEPD,HV,1,TQ3333,237,2026-07-13T07:58:35Z,2026-07-13T07:58:35Z,0.0
PA34 4GB,SHEPD,LV,1,TP8752,27,2026-07-10T11:35:22Z,2026-07-10T11:35:22Z,0.0
PH1 4DZ,SHEPD,HV,1,TQ2683,6,2026-07-12T19:49:39Z,2026-07-12T19:49:39Z,0.0
PH10 7AB,SHEPD,LV,1,TQ0929,27,2026-07-11T13:45:42Z,2026-07-11T13:45:42Z,0.0
PH10 7AD,SHEPD,LV,1,TQ0929,27,2026-07-11T13:45:42Z,2026-07-11T13:45:42Z,0.0
PH10 7AE,SHEPD,LV,1,TQ0929,27,2026-07-11T13:45:42Z,2026-07-11T13:45:42Z,0.0
PH10 7BH,SHEPD,LV,1,TQ0929,27,2026-07-11T13:45:42Z,2026-07-11T13:45:42Z,0.0
PH10 7BT,SHEPD,LV,1,TQ0929,27,2026-07-11T13:45:42Z,2026-07-11T13:45:42Z,0.0
PH10 7BU,SHEPD,LV,1,TQ0929,27,2026-07-11T13:45:42Z,2026-07-11T13:45:42Z,0.0
PH10 7BW,SHEPD,LV,1,TQ0929,27,2026-07-11T13:45:42Z,2026-07-11T13:45:42Z,0.0
PH10 7BX,SHEPD,LV,1,TQ0929,27,2026-07-11T13:45:42Z,2026-07-11T13:45:42Z,0.0
PH10 7BY,SHEPD,LV,1,TQ0929,27,2026-07-11T13:45:42Z,2026-07-11T13:45:42Z,0.0
PH10 7DG,SHEPD,LV,1,TQ0929,27,2026-07-11T13:45:42Z,2026-07-11T13:45:42Z,0.0
PH10 7DL,SHEPD,LV,1,TQ0929,27,2026-07-11T13:45:42Z,2026-07-11T13:45:42Z,0.0
PH10 7EJ,SHEPD,LV,1,TQ0929,27,2026-07-11T13:45:42Z,2026-07-11T13:45:42Z,0.0
PH10 7QH,SHEPD,LV,1,TQ0929,27,2026-07-11T13:45:42Z,2026-07-11T13:45:42Z,0.0
PH2 0QJ,SHEPD,PSI,1,251875,30,2026-07-13T11:23:21Z,2026-07-13T11:23:21Z,0.0
PH2 0QL,SHEPD,PSI,1,251875,30,2026-07-13T11:23:21Z,2026-07-13T11:23:21Z,0.0
PH2 0QN,SHEPD,PSI,1,251875,30,2026-07-13T11:23:21Z,2026-07-13T11:23:21Z,0.0
PH2 0QQ,SHEPD,PSI,1,251875,30,2026-07-13T11:23:21Z,2026-07-13T11:23:21Z,0.0
PH2 0RH,SHEPD,PSI,1,251875,30,2026-07-13T11:23:21Z,2026-07-13T11:23:21Z,0.0
PH3 1EJ,SHEPD,PSI,1,251875,30,2026-07-13T11:23:21Z,2026-07-13T11:23:21Z,0.0
PH3 1HN,SHEPD,PSI,1,251875,30,2026-07-13T11:23:21Z,2026-07-13T11:23:21Z,0.0
PH33 6RY,SHEPD,PSI,1,252933,45,2026-07-14T10:24:12Z,2026-07-14T10:24:12Z,0.0
PH33 6SN,SHEPD,LV,1,TP9395,6,2026-07-10T13:35:06Z,2026-07-10T13:35:06Z,0.0
PH33 6SW,SHEPD,LV,1,TP9395,6,2026-07-10T13:35:06Z,2026-07-10T13:35:06Z,0.0
PH33 6TT,SHEPD,PSI,1,253118,49,2026-07-10T11:35:22Z,2026-07-10T11:35:22Z,0.0
PH33 6TU,SHEPD,PSI,1,253118,49,2026-07-10T11:35:22Z,2026-07-10T11:35:22Z,0.0
PH33 6TX,SHEPD,PSI,1,253118,49,2026-07-10T11:35:22Z,2026-07-10T11:35:22Z,0.0
PH33 7LU,SHEPD,PSI,1,252933,45,2026-07-14T10:24:12Z,2026-07-14T10:24:12Z,0.0
PH33 7LX,SHEPD,PSI,1,252933,45,2026-07-14T10:24:12Z,2026-07-14T10:24:12Z,0.0
PH33 7PZ,SHEPD,PSI,1,252933,45,2026-07-14T10:24:12Z,2026-07-14T10:24:12Z,0.0
PO1 3DT,SEPD,LV,1,TQ4541,61,2026-07-13T16:08:10Z,2026-07-13T16:08:10Z,0.0
PO1 3EU,SEPD,LV,1,TQ4541,61,2026-07-13T16:08:10Z,2026-07-13T16:08:10Z,0.0
PO1 3GY,SEPD,LV,1,TQ4541,61,2026-07-13T16:08:10Z,2026-07-13T16:08:10Z,0.0
PO1 3JR,SEPD,LV,1,TQ4541,61,2026-07-13T16:08:10Z,2026-07-13T16:08:10Z,0.0
PO1 3PA,SEPD,LV,1,TQ4541,61,2026-07-13T16:08:10Z,2026-07-13T16:08:10Z,0.0
PO12 4LG,SEPD,LV,1,TQ0225,9,2026-07-10T22:12:11Z,2026-07-10T22:12:11Z,0.0
PO14 3AB,SEPD,LV,1,TQ0183,14,2026-07-10T20:56:26Z,2026-07-10T20:56:26Z,0.0
PO14 3AF,SEPD,LV,1,TQ0183,14,2026-07-10T20:56:26Z,2026-07-10T20:56:26Z,0.0
PO16 7BQ,SEPD,HV,1,TQ1547,1827,2026-07-12T09:21:50Z,2026-07-12T09:21:50Z,0.0
PO16 9AR,SEPD,PSI,1,252277,13,2026-07-13T11:23:21Z,2026-07-13T11:23:21Z,0.0
PO16 9AW,SEPD,PSI,1,252277,13,2026-07-13T11:23:21Z,2026-07-13T11:23:21Z,0.0
PO17 5BB,SEPD,HV,1,TQ1547,1827,2026-07-12T09:21:50Z,2026-07-12T09:21:50Z,0.0
PO17 6AY,SEPD,HV,1,TQ1547,1827,2026-07-12T09:21:50Z,2026-07-12T09:21:50Z,0.0
PO17 6JD,SEPD,HV,1,TQ1547,1827,2026-07-12T09:21:50Z,2026-07-12T09:21:50Z,0.0
PO17 6JY,SEPD,HV,1,TQ1547,1827,2026-07-12T09:21:50Z,2026-07-12T09:21:50Z,0.0
PO17 6JZ,SEPD,HV,1,TQ1547,1827,2026-07-12T09:21:50Z,2026-07-12T09:21:50Z,0.0
PO17 6LA,SEPD,HV,1,TQ1547,1827,2026-07-12T09:21:50Z,2026-07-12T09:21:50Z,0.0
PO17 6LB,SEPD,HV,1,TQ1547,1827,2026-07-12T09:21:50Z,2026-07-12T09:21:50Z,0.0
PO17 6LD,SEPD,HV,1,TQ1547,1827,2026-07-12T09:21:50Z,2026-07-12T09:21:50Z,0.0
PO17 6LE,SEPD,HV,1,TQ1547,1827,2026-07-12T09:21:50Z,2026-07-12T09:21:50Z,0.0
PO17 6LF,SEPD,HV,1,TQ1547,1827,2026-07-12T09:21:50Z,2026-07-12T09:21:50Z,0.0
PO17 6LG,SEPD,HV,1,TQ1547,1827,2026-07-12T09:21:50Z,2026-07-12T09:21:50Z,0.0
PO17 6LH,SEPD,HV,1,TQ1547,1827,2026-07-12T09:21:50Z,2026-07-12T09:21:50Z,0.0
PO17 6LJ,SEPD,HV,1,TQ1547,1827,2026-07-12T09:21:50Z,2026-07-12T09:21:50Z,0.0
PO17 6LL,SEPD,HV,1,TQ1547,1827,2026-07-12T09:21:50Z,2026-07-12T09:21:50Z,0.0
PO17 6LQ,SEPD,HV,1,TQ1547,1827,2026-07-12T09:21:50Z,2026-07-12T09:21:50Z,0.0
PO19 7EP,SEPD,PSI,1,252595,123,2026-07-14T08:37:53Z,2026-07-14T08:37:53Z,0.0
PO19 7ER,SEPD,PSI,1,252595,123,2026-07-14T08:37:53Z,2026-07-14T08:37:53Z,0.0
PO19 7ET,SEPD,PSI,1,252595,123,2026-07-14T08:37:53Z,2026-07-14T08:37:53Z,0.0
PO19 7HL,SEPD,PSI,1,252595,123,2026-07-14T08:37:53Z,2026-07-14T08:37:53Z,0.0
PO19 7HN,SEPD,PSI,1,252595,123,2026-07-14T08:37:53Z,2026-07-14T08:37:53Z,0.0
PO19 7JN,SEPD,PSI,1,252595,123,2026-07-14T08:37:53Z,2026-07-14T08:37:53Z,0.0
PO19 7UN,SEPD,PSI,1,252595,123,2026-07-14T08:37:53Z,2026-07-14T08:37:53Z,0.0
PO20 2AA,SEPD,PSI,1,252595,123,2026-07-14T08:37:53Z,2026-07-14T08:37:53Z,0.0
PO20 2AG,SEPD,PSI,1,252595,123,2026-07-14T08:37:53Z,2026-07-14T08:37:53Z,0.0
PO22 0AJ,SEPD,PSI,1,252466,34,2026-07-13T11:23:21Z,2026-07-13T11:23:21Z,0.0
PO22 0BL,SEPD,PSI,1,252388,74,2026-07-10T08:42:42Z,2026-07-10T08:42:42Z,0.0
PO22 0BN,SEPD,PSI,1,252388,74,2026-07-10T08:42:42Z,2026-07-10T08:42:42Z,0.0
PO22 0BP,SEPD,PSI,1,252388,74,2026-07-10T08:42:42Z,2026-07-10T08:42:42Z,0.0
PO22 0BS,SEPD,PSI,1,252388,74,2026-07-10T08:42:42Z,2026-07-10T08:42:42Z,0.0
PO22 0BT,SEPD,PSI,1,252388,74,2026-07-10T08:42:42Z,2026-07-10T08:42:42Z,0.0
PO22 0BU,SEPD,PSI,1,252388,74,2026-07-10T08:42:42Z,2026-07-10T08:42:42Z,0.0
PO22 0BW,SEPD,PSI,1,252388,74,2026-07-10T08:42:42Z,2026-07-10T08:42:42Z,0.0
PO22 0BX,SEPD,PSI,1,252388,74,2026-07-10T08:42:42Z,2026-07-10T08:42:42Z,0.0
PO22 0DA,SEPD,PSI,1,252388,74,2026-07-10T08:42:42Z,2026-07-10T08:42:42Z,0.0
PO22 0DB,SEPD,PSI,1,252388,74,2026-07-10T08:42:42Z,2026-07-10T08:42:42Z,0.0
PO22 9SX,SEPD,LV,1,TQ0630,3,2026-07-11T09:53:08Z,2026-07-11T09:53:08Z,0.0
PO30,SEPD,LV,1,TQ3311,7,2026-07-15T10:57:49Z,2026-07-15T10:57:49Z,0.0
PO30 5BA,SEPD,LV,1,TQ3311,7,2026-07-15T10:57:49Z,2026-07-15T10:57:49Z,0.0
PO30 5BD,SEPD,LV,1,TQ3311,7,2026-07-15T10:57:49Z,2026-07-15T10:57:49Z,0.0
PO30 5BU,SEPD,LV,1,TQ3311,7,2026-07-15T10:57:49Z,2026-07-15T10:57:49Z,0.0
PO30 5BW,SEPD,LV,1,TQ3311,7,2026-07-15T10:57:49Z,2026-07-15T10:57:49Z,0.0
PO36 8AE,SEPD,LV,1,TP6230,5,2026-07-09T05:13:28Z,2026-07-09T05:13:28Z,0.0
PO36 8AH,SEPD,LV,1,TP6230,5,2026-07-09T05:13:28Z,2026-07-09T05:13:28Z,0.0
PO36 8AS,SEPD,LV,1,TP6230,5,2026-07-09T05:13:28Z,2026-07-09T05:13:28Z,0.0
PO4 8JP,SEPD,LV,1,TQ8480,29,2026-07-15T14:16:47Z,2026-07-15T14:16:47Z,0.0
PO4 8JY,SEPD,LV,1,TQ8480,29,2026-07-15T14:16:47Z,2026-07-15T14:16:47Z,0.0
PO7 4RB,SEPD,HV,1,TQ1547,1827,2026-07-12T09:21:50Z,2026-07-12T09:21:50Z,0.0
PO7 4RD,SEPD,HV,1,TQ1547,1827,2026-07-12T09:21:50Z,2026-07-12T09:21:50Z,0.0
PO7 4RE,SEPD,HV,1,TQ1547,1827,2026-07-12T09:21:50Z,2026-07-12T09:21:50Z,0.0
PO7 4RF,SEPD,HV,1,TQ1547,1827,2026-07-12T09:21:50Z,2026-07-12T09:21:50Z,0.0
PO7 4RG,SEPD,HV,1,TQ1547,1827,2026-07-12T09:21:50Z,2026-07-12T09:21:50Z,0.0
PO7 4RQ,SEPD,HV,1,TQ1547,1827,2026-07-12T09:21:50Z,2026-07-12T09:21:50Z,0.0
PO7 4SR,SEPD,HV,1,TQ1547,1827,2026-07-12T09:21:50Z,2026-07-12T09:21:50Z,0.0
PO7 5HL,SEPD,LV,1,TP6802,16,2026-07-09T12:23:59Z,2026-07-09T12:23:59Z,0.0
PO7 5HT,SEPD,LV,1,TP6802,16,2026-07-09T12:23:59Z,2026-07-09T12:23:59Z,0.0
PO7 5XB,SEPD,LV,1,TP6802,16,2026-07-09T12:23:59Z,2026-07-09T12:23:59Z,0.0
PO7 5XD,SEPD,LV,1,TP6802,16,2026-07-09T12:23:59Z,2026-07-09T12:23:59Z,0.0
PO7 6PA,SEPD,LV,1,TQ5455,27,2026-07-14T01:03:22Z,2026-07-14T01:03:22Z,0.0
PO7 6PB,SEPD,LV,1,TQ5455,27,2026-07-14T01:03:22Z,2026-07-14T01:03:22Z,0.0
PO7 6PE,SEPD,LV,1,TQ5455,27,2026-07-14T01:03:22Z,2026-07-14T01:03:22Z,0.0
PO7 6PL,SEPD,LV,1,TQ5455,27,2026-07-14T01:03:22Z,2026-07-14T01:03:22Z,0.0
PO7 6QE,SEPD,LV,1,TQ5455,27,2026-07-14T01:03:22Z,2026-07-14T01:03:22Z,0.0
PO8,SEPD,HV,1,TP8621,621,2026-07-10T08:42:42Z,2026-07-10T08:42:42Z,0.0
PO8 0BF,SEPD,HV,1,TP8621,621,2026-07-10T08:42:42Z,2026-07-10T08:42:42Z,0.0
PO8 0BQ,SEPD,HV,1,TP8621,621,2026-07-10T08:42:42Z,2026-07-10T08:42:42Z,0.0
PO8 0BS,SEPD,HV,1,TP8621,621,2026-07-10T08:42:42Z,2026-07-10T08:42:42Z,0.0
PO8 0DD,SEPD,HV,1,TP8621,621,2026-07-10T08:42:42Z,2026-07-10T08:42:42Z,0.0
PO8 0DH,SEPD,HV,1,TP8621,621,2026-07-10T08:42:42Z,2026-07-10T08:42:42Z,0.0
PO8 0DJ,SEPD,HV,1,TP8621,621,2026-07-10T08:42:42Z,2026-07-10T08:42:42Z,0.0
PO8 0DR,SEPD,HV,1,TP8621,621,2026-07-10T08:42:42Z,2026-07-10T08:42:42Z,0.0
PO8 0DU,SEPD,HV,1,TP8621,621,2026-07-10T08:42:42Z,2026-07-10T08:42:42Z,0.0
PO8 0DX,SEPD,HV,1,TP8621,621,2026-07-10T08:42:42Z,2026-07-10T08:42:42Z,0.0
PO8 0DY,SEPD,HV,1,TP8621,621,2026-07-10T08:42:42Z,2026-07-10T08:42:42Z,0.0
PO8 0DZ,SEPD,HV,1,TP8621,621,2026-07-10T08:42:42Z,2026-07-10T08:42:42Z,0.0
PO8 0EA,SEPD,HV,1,TP8621,621,2026-07-10T08:42:42Z,2026-07-10T08:42:42Z,0.0
PO8 0EB,SEPD,HV,1,TP8621,621,2026-07-10T08:42:42Z,2026-07-10T08:42:42Z,0.0
PO8 0ED,SEPD,HV,1,TP8621,621,2026-07-10T08:42:42Z,2026-07-10T08:42:42Z,0.0
PO8 0EE,SEPD,HV,1,TP8621,621,2026-07-10T08:42:42Z,2026-07-10T08:42:42Z,0.0
PO8 0EF,SEPD,HV,1,TP8621,621,2026-07-10T08:42:42Z,2026-07-10T08:42:42Z,0.0
PO8 0EG,SEPD,HV,1,TP8621,621,2026-07-10T08:42:42Z,2026-07-10T08:42:42Z,0.0
PO8 0EH,SEPD,HV,1,TP8621,621,2026-07-10T08:42:42Z,2026-07-10T08:42:42Z,0.0
PO8 0EJ,SEPD,HV,1,TP8621,621,2026-07-10T08:42:42Z,2026-07-10T08:42:42Z,0.0
PO8 0EL,SEPD,HV,1,TP8621,621,2026-07-10T08:42:42Z,2026-07-10T08:42:42Z,0.0
PO8 0EN,SEPD,HV,1,TP8621,621,2026-07-10T08:42:42Z,2026-07-10T08:42:42Z,0.0
PO8 0EP,SEPD,HV,1,TP8621,621,2026-07-10T08:42:42Z,2026-07-10T08:42:42Z,0.0
PO8 0EQ,SEPD,HV,1,TP8621,621,2026-07-10T08:42:42Z,2026-07-10T08:42:42Z,0.0
PO8 0ER,SEPD,HV,1,TP8621,621,2026-07-10T08:42:42Z,2026-07-10T08:42:42Z,0.0
PO8 0ES,SEPD,HV,1,TP8621,621,2026-07-10T08:42:42Z,2026-07-10T08:42:42Z,0.0
PO8 0ET,SEPD,HV,1,TP8621,621,2026-07-10T08:42:42Z,2026-07-10T08:42:42Z,0.0
PO8 0EU,SEPD,HV,1,TP8621,621,2026-07-10T08:42:42Z,2026-07-10T08:42:42Z,0.0
PO8 0EW,SEPD,HV,1,TP8621,621,2026-07-10T08:42:42Z,2026-07-10T08:42:42Z,0.0
PO8 0EX,SEPD,HV,1,TP8621,621,2026-07-10T08:42:42Z,2026-07-10T08:42:42Z,0.0
PO8 0EY,SEPD,HV,1,TP8621,621,2026-07-10T08:42:42Z,2026-07-10T08:42:42Z,0.0
PO8 0EZ,SEPD,HV,1,TP8621,621,2026-07-10T08:42:42Z,2026-07-10T08:42:42Z,0.0
PO8 0HB,SEPD,HV,1,TP8621,621,2026-07-10T08:42:42Z,2026-07-10T08:42:42Z,0.0
PO8 0HD,SEPD,HV,1,TP8621,621,2026-07-10T08:42:42Z,2026-07-10T08:42:42Z,0.0
PO8 0HE,SEPD,HV,1,TP8621,621,2026-07-10T08:42:42Z,2026-07-10T08:42:42Z,0.0
PO8 0HF,SEPD,HV,1,TP8621,621,2026-07-10T08:42:42Z,2026-07-10T08:42:42Z,0.0
PO8 0HH,SEPD,HV,1,TP8621,621,2026-07-10T08:42:42Z,2026-07-10T08:42:42Z,0.0
PO8 0HJ,SEPD,HV,1,TP8621,621,2026-07-10T08:42:42Z,2026-07-10T08:42:42Z,0.0
PO8 0HL,SEPD,HV,1,TP8621,621,2026-07-10T08:42:42Z,2026-07-10T08:42:42Z,0.0
PO8 0HN,SEPD,HV,1,TP8621,621,2026-07-10T08:42:42Z,2026-07-10T08:42:42Z,0.0
PO8 0HP,SEPD,HV,1,TP8621,621,2026-07-10T08:42:42Z,2026-07-10T08:42:42Z,0.0
PO8 0HR,SEPD,HV,1,TP8621,621,2026-07-10T08:42:42Z,2026-07-10T08:42:42Z,0.0
PO8 0HS,SEPD,HV,1,TP8621,621,2026-07-10T08:42:42Z,2026-07-10T08:42:42Z,0.0
PO8 0HT,SEPD,HV,1,TP8621,621,2026-07-10T08:42:42Z,2026-07-10T08:42:42Z,0.0
PO8 0HU,SEPD,HV,1,TP8621,621,2026-07-10T08:42:42Z,2026-07-10T08:42:42Z,0.0
PO8 0HW,SEPD,HV,1,TP8621,621,2026-07-10T08:42:42Z,2026-07-10T08:42:42Z,0.0
PO8 0HX,SEPD,HV,1,TP8621,621,2026-07-10T08:42:42Z,2026-07-10T08:42:42Z,0.0
PO8 0HY,SEPD,HV,1,TP8621,621,2026-07-10T08:42:42Z,2026-07-10T08:42:42Z,0.0
PO8 0HZ,SEPD,HV,1,TP8621,621,2026-07-10T08:42:42Z,2026-07-10T08:42:42Z,0.0
PO8 0JA,SEPD,HV,1,TP8621,621,2026-07-10T08:42:42Z,2026-07-10T08:42:42Z,0.0
PO8 0JB,SEPD,HV,1,TP8621,621,2026-07-10T08:42:42Z,2026-07-10T08:42:42Z,0.0
PO8 0JD,SEPD,HV,1,TP8621,621,2026-07-10T08:42:42Z,2026-07-10T08:42:42Z,0.0
PO8 0JF,SEPD,HV,1,TP8621,621,2026-07-10T08:42:42Z,2026-07-10T08:42:42Z,0.0
PO8 0JG,SEPD,HV,1,TP8621,621,2026-07-10T08:42:42Z,2026-07-10T08:42:42Z,0.0
PO8 0JH,SEPD,HV,1,TP8621,621,2026-07-10T08:42:42Z,2026-07-10T08:42:42Z,0.0
PO8 0JL,SEPD,HV,1,TP8621,621,2026-07-10T08:42:42Z,2026-07-10T08:42:42Z,0.0
PO8 0JQ,SEPD,HV,1,TP8621,621,2026-07-10T08:42:42Z,2026-07-10T08:42:42Z,0.0
PO8 0JR,SEPD,HV,1,TP8621,621,2026-07-10T08:42:42Z,2026-07-10T08:42:42Z,0.0
PO8 0JU,SEPD,HV,1,TP8621,621,2026-07-10T08:42:42Z,2026-07-10T08:42:42Z,0.0
PO8 0NB,SEPD,HV,1,TP8621,621,2026-07-10T08:42:42Z,2026-07-10T08:42:42Z,0.0
PO8 0ND,SEPD,HV,1,TP8621,621,2026-07-10T08:42:42Z,2026-07-10T08:42:42Z,0.0
PO8 0NE,SEPD,HV,1,TP8621,621,2026-07-10T08:42:42Z,2026-07-10T08:42:42Z,0.0
PO8 0NF,SEPD,HV,1,TP8621,621,2026-07-10T08:42:42Z,2026-07-10T08:42:42Z,0.0
PO8 0NH,SEPD,HV,1,TP8621,621,2026-07-10T08:42:42Z,2026-07-10T08:42:42Z,0.0
PO8 0QL,SEPD,HV,1,TP8621,621,2026-07-10T08:42:42Z,2026-07-10T08:42:42Z,0.0
PO8 0TA,SEPD,HV,1,TP8621,621,2026-07-10T08:42:42Z,2026-07-10T08:42:42Z,0.0
PO8 0TB,SEPD,HV,1,TP8621,621,2026-07-10T08:42:42Z,2026-07-10T08:42:42Z,0.0
PO8 0TD,SEPD,HV,1,TP8621,621,2026-07-10T08:42:42Z,2026-07-10T08:42:42Z,0.0
PO8 0TE,SEPD,HV,1,TP8621,621,2026-07-10T08:42:42Z,2026-07-10T08:42:42Z,0.0
PO8 0TG,SEPD,HV,1,TP8621,621,2026-07-10T08:42:42Z,2026-07-10T08:42:42Z,0.0
PO8 0TH,SEPD,HV,1,TP8621,621,2026-07-10T08:42:42Z,2026-07-10T08:42:42Z,0.0
PO8 0TJ,SEPD,HV,1,TP8621,621,2026-07-10T08:42:42Z,2026-07-10T08:42:42Z,0.0
PO8 0TL,SEPD,HV,1,TP8621,621,2026-07-10T08:42:42Z,2026-07-10T08:42:42Z,0.0
PO8 0TN,SEPD,HV,1,TP8621,621,2026-07-10T08:42:42Z,2026-07-10T08:42:42Z,0.0
PO8 0TP,SEPD,HV,1,TP8621,621,2026-07-10T08:42:42Z,2026-07-10T08:42:42Z,0.0
PO8 0TQ,SEPD,HV,1,TP8621,621,2026-07-10T08:42:42Z,2026-07-10T08:42:42Z,0.0
PO8 0TR,SEPD,HV,1,TP8621,621,2026-07-10T08:42:42Z,2026-07-10T08:42:42Z,0.0
PO8 0TS,SEPD,HV,1,TP8621,621,2026-07-10T08:42:42Z,2026-07-10T08:42:42Z,0.0
PO8 0TT,SEPD,HV,1,TP8621,621,2026-07-10T08:42:42Z,2026-07-10T08:42:42Z,0.0
PO8 0TU,SEPD,HV,1,TP8621,621,2026-07-10T08:42:42Z,2026-07-10T08:42:42Z,0.0
PO8 0TW,SEPD,HV,1,TP8621,621,2026-07-10T08:42:42Z,2026-07-10T08:42:42Z,0.0
PO8 0TX,SEPD,HV,1,TP8621,621,2026-07-10T08:42:42Z,2026-07-10T08:42:42Z,0.0
PO8 0UT,SEPD,HV,1,TP8621,621,2026-07-10T08:42:42Z,2026-07-10T08:42:42Z,0.0
PO8 0XD,SEPD,HV,1,TP8621,621,2026-07-10T08:42:42Z,2026-07-10T08:42:42Z,0.0
PO8 0XJ,SEPD,HV,1,TP8621,621,2026-07-10T08:42:42Z,2026-07-10T08:42:42Z,0.0
PO8 0XS,SEPD,HV,1,TP8621,621,2026-07-10T08:42:42Z,2026-07-10T08:42:42Z,0.0
PO8 0YA,SEPD,HV,1,TP8621,621,2026-07-10T08:42:42Z,2026-07-10T08:42:42Z,0.0
PO8 8HH,SEPD,LV,1,TP6667,14,2026-07-09T12:23:59Z,2026-07-09T12:23:59Z,0.0
PO8 8HJ,SEPD,LV,1,TP6667,14,2026-07-09T12:23:59Z,2026-07-09T12:23:59Z,0.0
PO8 8HR,SEPD,LV,1,TP6667,14,2026-07-09T12:23:59Z,2026-07-09T12:23:59Z,0.0
PO8 8JH,SEPD,HV,1,TP8621,621,2026-07-10T08:42:42Z,2026-07-10T08:42:42Z,0.0
PO8 9AF,SEPD,HV,1,TP8621,621,2026-07-10T08:42:42Z,2026-07-10T08:42:42Z,0.0
PO8 9FW,SEPD,HV,1,TP8621,621,2026-07-10T08:42:42Z,2026-07-10T08:42:42Z,0.0
PO8 9GY,SEPD,HV,1,TP8621,621,2026-07-10T08:42:42Z,2026-07-10T08:42:42Z,0.0
PO8 9HH,SEPD,HV,1,TP8621,621,2026-07-10T08:42:42Z,2026-07-10T08:42:42Z,0.0
PO8 9JU,SEPD,HV,1,TP8621,621,2026-07-10T08:42:42Z,2026-07-10T08:42:42Z,0.0
PO8 9LH,SEPD,HV,1,TP8621,621,2026-07-10T08:42:42Z,2026-07-10T08:42:42Z,0.0
PO8 9LL,SEPD,HV,1,TP8621,621,2026-07-10T08:42:42Z,2026-07-10T08:42:42Z,0.0
PO8 9LN,SEPD,HV,1,TP8621,621,2026-07-10T08:42:42Z,2026-07-10T08:42:42Z,0.0
PO8 9LP,SEPD,HV,1,TP8621,621,2026-07-10T08:42:42Z,2026-07-10T08:42:42Z,0.0
PO8 9LR,SEPD,HV,1,TP8621,621,2026-07-10T08:42:42Z,2026-07-10T08:42:42Z,0.0
PO8 9LS,SEPD,HV,1,TP8621,621,2026-07-10T08:42:42Z,2026-07-10T08:42:42Z,0.0
PO8 9NB,SEPD,HV,1,TP8621,621,2026-07-10T08:42:42Z,2026-07-10T08:42:42Z,0.0
PO8 9ND,SEPD,HV,1,TP8621,621,2026-07-10T08:42:42Z,2026-07-10T08:42:42Z,0.0
PO8 9NE,SEPD,HV,1,TP8621,621,2026-07-10T08:42:42Z,2026-07-10T08:42:42Z,0.0
PO8 9NH,SEPD,HV,1,TP8621,621,2026-07-10T08:42:42Z,2026-07-10T08:42:42Z,0.0
PO8 9NJ,SEPD,HV,1,TP8621,621,2026-07-10T08:42:42Z,2026-07-10T08:42:42Z,0.0
PO8 9NL,SEPD,HV,1,TP8621,621,2026-07-10T08:42:42Z,2026-07-10T08:42:42Z,0.0
PO8 9NN,SEPD,HV,1,TP8621,621,2026-07-10T08:42:42Z,2026-07-10T08:42:42Z,0.0
PO8 9NP,SEPD,HV,1,TP8621,621,2026-07-10T08:42:42Z,2026-07-10T08:42:42Z,0.0
PO8 9NR,SEPD,HV,1,TP8621,621,2026-07-10T08:42:42Z,2026-07-10T08:42:42Z,0.0
PO8 9NS,SEPD,HV,1,TP8621,621,2026-07-10T08:42:42Z,2026-07-10T08:42:42Z,0.0
PO8 9NT,SEPD,HV,1,TP8621,621,2026-07-10T08:42:42Z,2026-07-10T08:42:42Z,0.0
PO8 9NU,SEPD,HV,1,TP8621,621,2026-07-10T08:42:42Z,2026-07-10T08:42:42Z,0.0
PO8 9NW,SEPD,HV,1,TP8621,621,2026-07-10T08:42:42Z,2026-07-10T08:42:42Z,0.0
PO8 9NX,SEPD,HV,1,TP8621,621,2026-07-10T08:42:42Z,2026-07-10T08:42:42Z,0.0
PO8 9NY,SEPD,HV,1,TP8621,621,2026-07-10T08:42:42Z,2026-07-10T08:42:42Z,0.0
PO8 9NZ,SEPD,HV,1,TP8621,621,2026-07-10T08:42:42Z,2026-07-10T08:42:42Z,0.0
PO8 9PA,SEPD,HV,1,TP8621,621,2026-07-10T08:42:42Z,2026-07-10T08:42:42Z,0.0
PO8 9PT,SEPD,HV,1,TP8621,621,2026-07-10T08:42:42Z,2026-07-10T08:42:42Z,0.0
PO8 9PU,SEPD,HV,1,TP8621,621,2026-07-10T08:42:42Z,2026-07-10T08:42:42Z,0.0
RG10 0AR,SEPD,LV,1,TQ6994,7,2026-07-14T15:44:08Z,2026-07-14T15:44:08Z,0.0
RG12 7YX,SEPD,LV,1,TP6683,11,2026-07-09T14:16:37Z,2026-07-09T14:16:37Z,0.0
RG17 9EG,SEPD,PSI,1,252946,6,2026-07-10T08:42:42Z,2026-07-10T08:42:42Z,0.0
RG18 3ES,SEPD,HV,1,TP6803,80,2026-07-09T08:52:42Z,2026-07-09T08:52:42Z,0.0
RG18 4AA,SEPD,HV,1,TP6803,80,2026-07-09T08:52:42Z,2026-07-09T08:52:42Z,0.0
RG18 4AB,SEPD,HV,1,TP6803,80,2026-07-09T08:52:42Z,2026-07-09T08:52:42Z,0.0
RG18 4EB,SEPD,HV,1,TP6803,80,2026-07-09T08:52:42Z,2026-07-09T08:52:42Z,0.0
RG18 4ED,SEPD,HV,1,TP6803,80,2026-07-09T08:52:42Z,2026-07-09T08:52:42Z,0.0
RG18 4EE,SEPD,HV,1,TP6803,80,2026-07-09T08:52:42Z,2026-07-09T08:52:42Z,0.0
RG18 4EF,SEPD,HV,1,TP6803,80,2026-07-09T08:52:42Z,2026-07-09T08:52:42Z,0.0
RG18 4EG,SEPD,HV,1,TP6803,80,2026-07-09T08:52:42Z,2026-07-09T08:52:42Z,0.0
RG18 4EH,SEPD,HV,1,TP6803,80,2026-07-09T08:52:42Z,2026-07-09T08:52:42Z,0.0
RG18 4EJ,SEPD,HV,1,TP6803,80,2026-07-09T08:52:42Z,2026-07-09T08:52:42Z,0.0
RG18 4EL,SEPD,HV,1,TP6803,80,2026-07-09T08:52:42Z,2026-07-09T08:52:42Z,0.0
RG18 4ET,SEPD,HV,1,TP6803,80,2026-07-09T08:52:42Z,2026-07-09T08:52:42Z,0.0
RG18 4EU,SEPD,HV,1,TP6803,80,2026-07-09T08:52:42Z,2026-07-09T08:52:42Z,0.0
RG18 4EX,SEPD,HV,1,TP6803,80,2026-07-09T08:52:42Z,2026-07-09T08:52:42Z,0.0
RG18 4EY,SEPD,HV,1,TP6803,80,2026-07-09T08:52:42Z,2026-07-09T08:52:42Z,0.0
RG18 4EZ,SEPD,HV,1,TP6803,80,2026-07-09T08:52:42Z,2026-07-09T08:52:42Z,0.0
RG18 4NB,SEPD,HV,1,TP6803,80,2026-07-09T08:52:42Z,2026-07-09T08:52:42Z,0.0
RG18 4NU,SEPD,HV,1,TP6803,80,2026-07-09T08:52:42Z,2026-07-09T08:52:42Z,0.0
RG18 4NW,SEPD,HV,1,TP6803,80,2026-07-09T08:52:42Z,2026-07-09T08:52:42Z,0.0
RG18 4NX,SEPD,HV,1,TP6803,80,2026-07-09T08:52:42Z,2026-07-09T08:52:42Z,0.0
RG18 4NY,SEPD,HV,1,TP6803,80,2026-07-09T08:52:42Z,2026-07-09T08:52:42Z,0.0
RG18 4QH,SEPD,HV,1,TP6803,80,2026-07-09T08:52:42Z,2026-07-09T08:52:42Z,0.0
RG18 9HY,SEPD,HV,1,TP6803,80,2026-07-09T08:52:42Z,2026-07-09T08:52:42Z,0.0
RG2 7DX,SEPD,LV,1,TQ3117,16,2026-07-13T01:08:34Z,2026-07-13T01:08:34Z,0.0
RG2 8HX,SEPD,HV,1,TQ0344,22,2026-07-11T03:48:31Z,2026-07-11T03:48:31Z,0.0
RG2 8JP,SEPD,HV,1,TQ0344,22,2026-07-11T03:48:31Z,2026-07-11T03:48:31Z,0.0
RG2 8JR,SEPD,HV,1,TQ0344,22,2026-07-11T03:48:31Z,2026-07-11T03:48:31Z,0.0
RG2 8JS,SEPD,HV,1,TQ0344,22,2026-07-11T03:48:31Z,2026-07-11T03:48:31Z,0.0
RG2 8JT,SEPD,HV,1,TQ0344,22,2026-07-11T03:48:31Z,2026-07-11T03:48:31Z,0.0
RG2 8JU,SEPD,HV,1,TQ0344,22,2026-07-11T03:48:31Z,2026-07-11T03:48:31Z,0.0
RG2 8JY,SEPD,HV,1,TQ0344,22,2026-07-11T03:48:31Z,2026-07-11T03:48:31Z,0.0
RG2 8LA,SEPD,HV,1,TQ0344,22,2026-07-11T03:48:31Z,2026-07-11T03:48:31Z,0.0
RG2 8LB,SEPD,HV,1,TQ0344,22,2026-07-11T03:48:31Z,2026-07-11T03:48:31Z,0.0
RG2 8LD,SEPD,HV,1,TQ0344,22,2026-07-11T03:48:31Z,2026-07-11T03:48:31Z,0.0
RG2 8LQ,SEPD,HV,1,TQ0344,22,2026-07-11T03:48:31Z,2026-07-11T03:48:31Z,0.0
RG2 8NY,SEPD,HV,1,TQ0344,22,2026-07-11T03:48:31Z,2026-07-11T03:48:31Z,0.0
RG2 8NZ,SEPD,HV,1,TQ0344,22,2026-07-11T03:48:31Z,2026-07-11T03:48:31Z,0.0
RG2 8PR,SEPD,HV,1,TQ0344,22,2026-07-11T03:48:31Z,2026-07-11T03:48:31Z,0.0
RG2 8PS,SEPD,HV,1,TQ0344,22,2026-07-11T03:48:31Z,2026-07-11T03:48:31Z,0.0
RG2 8PT,SEPD,HV,1,TQ0344,22,2026-07-11T03:48:31Z,2026-07-11T03:48:31Z,0.0
RG2 8PX,SEPD,HV,1,TQ0344,22,2026-07-11T03:48:31Z,2026-07-11T03:48:31Z,0.0
RG2 8QA,SEPD,HV,1,TQ0344,22,2026-07-11T03:48:31Z,2026-07-11T03:48:31Z,0.0
RG2 8QB,SEPD,HV,1,TQ0344,22,2026-07-11T03:48:31Z,2026-07-11T03:48:31Z,0.0
RG2 8QJ,SEPD,HV,1,TQ0344,22,2026-07-11T03:48:31Z,2026-07-11T03:48:31Z,0.0
RG2 8QL,SEPD,HV,1,TQ0344,22,2026-07-11T03:48:31Z,2026-07-11T03:48:31Z,0.0
RG2 8QN,SEPD,HV,1,TQ0344,22,2026-07-11T03:48:31Z,2026-07-11T03:48:31Z,0.0
RG2 8QP,SEPD,HV,1,TQ0344,22,2026-07-11T03:48:31Z,2026-07-11T03:48:31Z,0.0
RG2 8QR,SEPD,HV,1,TQ0344,22,2026-07-11T03:48:31Z,2026-07-11T03:48:31Z,0.0
RG2 8QS,SEPD,HV,1,TQ0344,22,2026-07-11T03:48:31Z,2026-07-11T03:48:31Z,0.0
RG2 8QT,SEPD,HV,1,TQ0344,22,2026-07-11T03:48:31Z,2026-07-11T03:48:31Z,0.0
RG2 8SX,SEPD,HV,1,TQ0344,22,2026-07-11T03:48:31Z,2026-07-11T03:48:31Z,0.0
RG2 8SY,SEPD,HV,1,TQ0344,22,2026-07-11T03:48:31Z,2026-07-11T03:48:31Z,0.0
RG2 8TA,SEPD,HV,1,TQ0344,22,2026-07-11T03:48:31Z,2026-07-11T03:48:31Z,0.0
RG2 8TB,SEPD,HV,1,TQ0344,22,2026-07-11T03:48:31Z,2026-07-11T03:48:31Z,0.0
RG2 8TD,SEPD,HV,1,TQ0344,22,2026-07-11T03:48:31Z,2026-07-11T03:48:31Z,0.0
RG2 8TE,SEPD,HV,1,TQ0344,22,2026-07-11T03:48:31Z,2026-07-11T03:48:31Z,0.0
RG2 8TF,SEPD,HV,1,TQ0344,22,2026-07-11T03:48:31Z,2026-07-11T03:48:31Z,0.0
RG2 8TT,SEPD,HV,1,TQ0344,22,2026-07-11T03:48:31Z,2026-07-11T03:48:31Z,0.0
RG20 0BS,SEPD,PSI,1,252946,6,2026-07-10T08:42:42Z,2026-07-10T08:42:42Z,0.0
RG20 9NS,SEPD,HV,1,TQ5386,62,2026-07-13T22:38:32Z,2026-07-13T22:38:32Z,0.0
RG20 9QE,SEPD,HV,1,TQ5386,62,2026-07-13T22:38:32Z,2026-07-13T22:38:32Z,0.0
RG20 9QF,SEPD,HV,1,TQ5386,62,2026-07-13T22:38:32Z,2026-07-13T22:38:32Z,0.0
RG20 9QG,SEPD,HV,1,TQ5386,62,2026-07-13T22:38:32Z,2026-07-13T22:38:32Z,0.0
RG20 9QH,SEPD,HV,1,TQ5386,62,2026-07-13T22:38:32Z,2026-07-13T22:38:32Z,0.0
RG21 3AD,SEPD,HV,1,TQ5015,7,2026-07-13T18:05:33Z,2026-07-13T18:05:33Z,0.0
RG21 3EL,SEPD,HV,1,TQ5015,7,2026-07-13T18:05:33Z,2026-07-13T18:05:33Z,0.0
RG21 3EN,SEPD,HV,1,TQ5015,7,2026-07-13T18:05:33Z,2026-07-13T18:05:33Z,0.0
RG21 3EQ,SEPD,HV,1,TQ5015,7,2026-07-13T18:05:33Z,2026-07-13T18:05:33Z,0.0
RG22 4BS,SEPD,HV,1,TQ5015,7,2026-07-13T18:05:33Z,2026-07-13T18:05:33Z,0.0
RG22 4DE,SEPD,HV,1,TQ5015,7,2026-07-13T18:05:33Z,2026-07-13T18:05:33Z,0.0
RG22 5BW,SEPD,LV,1,TP8544,6,2026-07-10T08:42:42Z,2026-07-10T08:42:42Z,0.0
RG22 5DT,SEPD,LV,1,TP8544,6,2026-07-10T08:42:42Z,2026-07-10T08:42:42Z,0.0
RG23,SEPD,HV,1,TQ1915,503,2026-07-12T09:21:50Z,2026-07-12T09:21:50Z,0.0
RG24 8EU,SEPD,LV,1,TQ6561,38,2026-07-14T14:04:33Z,2026-07-14T14:04:33Z,0.0
RG24 8EX,SEPD,LV,1,TQ6561,38,2026-07-14T14:04:33Z,2026-07-14T14:04:33Z,0.0
RG24 8EZ,SEPD,LV,1,TQ6561,38,2026-07-14T14:04:33Z,2026-07-14T14:04:33Z,0.0
RG24 8RS,SEPD,LV,1,TQ6561,38,2026-07-14T14:04:33Z,2026-07-14T14:04:33Z,0.0
RG24 8SU,SEPD,LV,1,TQ6561,38,2026-07-14T14:04:33Z,2026-07-14T14:04:33Z,0.0
RG24 8SX,SEPD,LV,1,TQ6561,38,2026-07-14T14:04:33Z,2026-07-14T14:04:33Z,0.0
RG24 8TD,SEPD,LV,1,TQ6561,38,2026-07-14T14:04:33Z,2026-07-14T14:04:33Z,0.0
RG25 2AP,SEPD,HV,1,TQ1915,503,2026-07-12T09:21:50Z,2026-07-12T09:21:50Z,0.0
RG25 2AR,SEPD,HV,1,TQ1915,503,2026-07-12T09:21:50Z,2026-07-12T09:21:50Z,0.0
RG25 2BA,SEPD,HV,1,TQ1915,503,2026-07-12T09:21:50Z,2026-07-12T09:21:50Z,0.0
RG25 2BB,SEPD,HV,1,TQ1915,503,2026-07-12T09:21:50Z,2026-07-12T09:21:50Z,0.0
RG25 2BD,SEPD,HV,1,TQ1915,503,2026-07-12T09:21:50Z,2026-07-12T09:21:50Z,0.0
RG25 2BE,SEPD,HV,1,TQ1915,503,2026-07-12T09:21:50Z,2026-07-12T09:21:50Z,0.0
RG25 2BH,SEPD,HV,1,TQ1915,503,2026-07-12T09:21:50Z,2026-07-12T09:21:50Z,0.0
RG25 2BW,SEPD,HV,1,TQ1915,503,2026-07-12T09:21:50Z,2026-07-12T09:21:50Z,0.0
RG25 2BX,SEPD,HV,1,TQ1915,503,2026-07-12T09:21:50Z,2026-07-12T09:21:50Z,0.0
RG25 2BZ,SEPD,HV,1,TQ1915,503,2026-07-12T09:21:50Z,2026-07-12T09:21:50Z,0.0
RG25 2DD,SEPD,HV,1,TQ1915,503,2026-07-12T09:21:50Z,2026-07-12T09:21:50Z,0.0
RG25 2DE,SEPD,HV,1,TQ1915,503,2026-07-12T09:21:50Z,2026-07-12T09:21:50Z,0.0
RG25 2DH,SEPD,HV,1,TQ1915,503,2026-07-12T09:21:50Z,2026-07-12T09:21:50Z,0.0
RG25 2DJ,SEPD,HV,1,TQ1915,503,2026-07-12T09:21:50Z,2026-07-12T09:21:50Z,0.0
RG25 2DP,SEPD,HV,1,TQ1915,503,2026-07-12T09:21:50Z,2026-07-12T09:21:50Z,0.0
RG25 2FH,SEPD,HV,1,TQ1915,503,2026-07-12T09:21:50Z,2026-07-12T09:21:50Z,0.0
RG25 2FJ,SEPD,HV,1,TQ1915,503,2026-07-12T09:21:50Z,2026-07-12T09:21:50Z,0.0
RG25 2HA,SEPD,HV,1,TQ5015,7,2026-07-13T18:05:33Z,2026-07-13T18:05:33Z,0.0
RG25 2JY,SEPD,HV,1,TQ5015,7,2026-07-13T18:05:33Z,2026-07-13T18:05:33Z,0.0
RG25 2JZ,SEPD,HV,1,TQ5015,7,2026-07-13T18:05:33Z,2026-07-13T18:05:33Z,0.0
RG25 2ST,SEPD,HV,1,TQ1915,503,2026-07-12T09:21:50Z,2026-07-12T09:21:50Z,0.0
RG25 2SU,SEPD,HV,1,TQ1915,503,2026-07-12T09:21:50Z,2026-07-12T09:21:50Z,0.0
RG25 2SX,SEPD,HV,1,TQ1915,503,2026-07-12T09:21:50Z,2026-07-12T09:21:50Z,0.0
RG25 2SY,SEPD,HV,1,TQ1915,503,2026-07-12T09:21:50Z,2026-07-12T09:21:50Z,0.0
RG25 2SZ,SEPD,HV,1,TQ1915,503,2026-07-12T09:21:50Z,2026-07-12T09:21:50Z,0.0
RG25 3HT,SEPD,LV,1,TQ3325,48,2026-07-13T11:23:21Z,2026-07-13T11:23:21Z,0.0
RG25 3HU,SEPD,LV,1,TQ3325,48,2026-07-13T11:23:21Z,2026-07-13T11:23:21Z,0.0
RG25 3HX,SEPD,LV,1,TQ3325,48,2026-07-13T11:23:21Z,2026-07-13T11:23:21Z,0.0
RG25 3HY,SEPD,LV,1,TQ3325,48,2026-07-13T11:23:21Z,2026-07-13T11:23:21Z,0.0
RG25 3HZ,SEPD,LV,1,TQ3325,48,2026-07-13T11:23:21Z,2026-07-13T11:23:21Z,0.0
RG25 3LE,SEPD,LV,1,TQ3325,48,2026-07-13T11:23:21Z,2026-07-13T11:23:21Z,0.0
RG25 3LF,SEPD,LV,1,TQ3325,48,2026-07-13T11:23:21Z,2026-07-13T11:23:21Z,0.0
RG25 3NB,SEPD,LV,1,TQ3325,48,2026-07-13T11:23:21Z,2026-07-13T11:23:21Z,0.0
RG25 3ND,SEPD,LV,1,TQ3325,48,2026-07-13T11:23:21Z,2026-07-13T11:23:21Z,0.0
RG25 3NF,SEPD,LV,1,TQ3325,48,2026-07-13T11:23:21Z,2026-07-13T11:23:21Z,0.0
RG25 3NH,SEPD,LV,1,TQ3325,48,2026-07-13T11:23:21Z,2026-07-13T11:23:21Z,0.0
RG25 3NR,SEPD,LV,1,TQ3325,48,2026-07-13T11:23:21Z,2026-07-13T11:23:21Z,0.0
RG25 3NS,SEPD,LV,1,TQ3325,48,2026-07-13T11:23:21Z,2026-07-13T11:23:21Z,0.0
RG25 3PA,SEPD,LV,1,TQ3325,48,2026-07-13T11:23:21Z,2026-07-13T11:23:21Z,0.0
RG25 3PH,SEPD,LV,1,TQ3325,48,2026-07-13T11:23:21Z,2026-07-13T11:23:21Z,0.0
RG27,SEPD,HV,1,TQ7829,132,2026-07-15T08:56:31Z,2026-07-15T08:56:31Z,0.0
RG27 0JY,SEPD,HV,1,TQ7829,132,2026-07-15T08:56:31Z,2026-07-15T08:56:31Z,0.0
RG27 0JZ,SEPD,HV,1,TQ7829,132,2026-07-15T08:56:31Z,2026-07-15T08:56:31Z,0.0
RG27 8BS,SEPD,HV,1,TQ7829,132,2026-07-15T08:56:31Z,2026-07-15T08:56:31Z,0.0
RG27 8FG,SEPD,HV,1,TQ7829,132,2026-07-15T08:56:31Z,2026-07-15T08:56:31Z,0.0
RG27 8FL,SEPD,HV,1,TQ7829,132,2026-07-15T08:56:31Z,2026-07-15T08:56:31Z,0.0
RG27 8HH,SEPD,HV,1,TQ7829,132,2026-07-15T08:56:31Z,2026-07-15T08:56:31Z,0.0
RG27 8HX,SEPD,HV,1,TQ7829,132,2026-07-15T08:56:31Z,2026-07-15T08:56:31Z,0.0
RG27 8HY,SEPD,HV,1,TQ7829,132,2026-07-15T08:56:31Z,2026-07-15T08:56:31Z,0.0
RG27 8HZ,SEPD,HV,1,TQ7829,132,2026-07-15T08:56:31Z,2026-07-15T08:56:31Z,0.0
RG27 8JA,SEPD,HV,1,TQ7829,132,2026-07-15T08:56:31Z,2026-07-15T08:56:31Z,0.0
RG27 8JB,SEPD,HV,1,TQ7829,132,2026-07-15T08:56:31Z,2026-07-15T08:56:31Z,0.0
RG27 8JD,SEPD,HV,1,TQ7829,132,2026-07-15T08:56:31Z,2026-07-15T08:56:31Z,0.0
RG27 8JE,SEPD,HV,1,TQ7829,132,2026-07-15T08:56:31Z,2026-07-15T08:56:31Z,0.0
RG27 8JF,SEPD,HV,1,TQ7829,132,2026-07-15T08:56:31Z,2026-07-15T08:56:31Z,0.0
RG27 8JG,SEPD,HV,1,TQ7829,132,2026-07-15T08:56:31Z,2026-07-15T08:56:31Z,0.0
RG27 8JL,SEPD,HV,1,TQ7829,132,2026-07-15T08:56:31Z,2026-07-15T08:56:31Z,0.0
RG27 8JN,SEPD,HV,1,TQ7829,132,2026-07-15T08:56:31Z,2026-07-15T08:56:31Z,0.0
RG27 8JP,SEPD,HV,1,TQ7829,132,2026-07-15T08:56:31Z,2026-07-15T08:56:31Z,0.0
RG27 8JR,SEPD,HV,1,TQ7829,132,2026-07-15T08:56:31Z,2026-07-15T08:56:31Z,0.0
RG27 8JS,SEPD,HV,1,TQ7829,132,2026-07-15T08:56:31Z,2026-07-15T08:56:31Z,0.0
RG27 8JT,SEPD,HV,1,TQ7829,132,2026-07-15T08:56:31Z,2026-07-15T08:56:31Z,0.0
RG27 8JU,SEPD,HV,1,TQ7829,132,2026-07-15T08:56:31Z,2026-07-15T08:56:31Z,0.0
RG27 8JW,SEPD,HV,1,TQ7829,132,2026-07-15T08:56:31Z,2026-07-15T08:56:31Z,0.0
RG27 8LA,SEPD,HV,1,TQ7829,132,2026-07-15T08:56:31Z,2026-07-15T08:56:31Z,0.0
RG27 8LD,SEPD,HV,1,TQ7829,132,2026-07-15T08:56:31Z,2026-07-15T08:56:31Z,0.0
RG27 8LJ,SEPD,HV,1,TQ7829,132,2026-07-15T08:56:31Z,2026-07-15T08:56:31Z,0.0
RG27 8LP,SEPD,HV,1,TQ7829,132,2026-07-15T08:56:31Z,2026-07-15T08:56:31Z,0.0
RG27 8LR,SEPD,HV,1,TQ7829,132,2026-07-15T08:56:31Z,2026-07-15T08:56:31Z,0.0
RG27 8LT,SEPD,HV,1,TQ7829,132,2026-07-15T08:56:31Z,2026-07-15T08:56:31Z,0.0
RG27 8LU,SEPD,HV,1,TQ7829,132,2026-07-15T08:56:31Z,2026-07-15T08:56:31Z,0.0
RG27 8LX,SEPD,HV,1,TQ7829,132,2026-07-15T08:56:31Z,2026-07-15T08:56:31Z,0.0
RG27 8LY,SEPD,HV,1,TQ7829,132,2026-07-15T08:56:31Z,2026-07-15T08:56:31Z,0.0
RG27 8LZ,SEPD,HV,1,TQ7829,132,2026-07-15T08:56:31Z,2026-07-15T08:56:31Z,0.0
RG27 8NA,SEPD,HV,1,TQ7829,132,2026-07-15T08:56:31Z,2026-07-15T08:56:31Z,0.0
RG27 8NB,SEPD,HV,1,TQ7829,132,2026-07-15T08:56:31Z,2026-07-15T08:56:31Z,0.0
RG27 8ND,SEPD,HV,1,TQ7829,132,2026-07-15T08:56:31Z,2026-07-15T08:56:31Z,0.0
RG27 8WP,SEPD,HV,1,TQ7829,132,2026-07-15T08:56:31Z,2026-07-15T08:56:31Z,0.0
RG27 9EH,SEPD,HV,1,TQ7829,132,2026-07-15T08:56:31Z,2026-07-15T08:56:31Z,0.0
RG27 9EN,SEPD,HV,1,TQ7829,132,2026-07-15T08:56:31Z,2026-07-15T08:56:31Z,0.0
RG27 9EP,SEPD,HV,1,TQ7829,132,2026-07-15T08:56:31Z,2026-07-15T08:56:31Z,0.0
RG27 9EQ,SEPD,HV,1,TQ7829,132,2026-07-15T08:56:31Z,2026-07-15T08:56:31Z,0.0
RG27 9EW,SEPD,HV,1,TQ7829,132,2026-07-15T08:56:31Z,2026-07-15T08:56:31Z,0.0
RG27 9GR,SEPD,HV,1,TQ7829,132,2026-07-15T08:56:31Z,2026-07-15T08:56:31Z,0.0
RG27 9HS,SEPD,HV,1,TQ7829,132,2026-07-15T08:56:31Z,2026-07-15T08:56:31Z,0.0
RG27 9JW,SEPD,HV,1,TQ7829,132,2026-07-15T08:56:31Z,2026-07-15T08:56:31Z,0.0
RG27 9LG,SEPD,HV,1,TQ7829,132,2026-07-15T08:56:31Z,2026-07-15T08:56:31Z,0.0
RG27 9LQ,SEPD,HV,1,TQ7829,132,2026-07-15T08:56:31Z,2026-07-15T08:56:31Z,0.0
RG27 9PN,SEPD,HV,1,TQ7829,132,2026-07-15T08:56:31Z,2026-07-15T08:56:31Z,0.0
RG27 9PW,SEPD,HV,1,TQ7829,132,2026-07-15T08:56:31Z,2026-07-15T08:56:31Z,0.0
RG27 9RY,SEPD,HV,1,TQ7829,132,2026-07-15T08:56:31Z,2026-07-15T08:56:31Z,0.0
RG27 9RZ,SEPD,HV,1,TQ7829,132,2026-07-15T08:56:31Z,2026-07-15T08:56:31Z,0.0
RG27 9SD,SEPD,HV,1,TQ7829,132,2026-07-15T08:56:31Z,2026-07-15T08:56:31Z,0.0
RG27 9SE,SEPD,HV,1,TQ7829,132,2026-07-15T08:56:31Z,2026-07-15T08:56:31Z,0.0
RG27 9SF,SEPD,HV,1,TQ7829,132,2026-07-15T08:56:31Z,2026-07-15T08:56:31Z,0.0
RG27 9TF,SEPD,HV,1,TQ7829,132,2026-07-15T08:56:31Z,2026-07-15T08:56:31Z,0.0
RG27 9TG,SEPD,HV,1,TQ7829,132,2026-07-15T08:56:31Z,2026-07-15T08:56:31Z,0.0
RG27 9TH,SEPD,HV,1,TQ7829,132,2026-07-15T08:56:31Z,2026-07-15T08:56:31Z,0.0
RG27 9TR,SEPD,HV,1,TQ7829,132,2026-07-15T08:56:31Z,2026-07-15T08:56:31Z,0.0
RG27 9TW,SEPD,HV,1,TQ7829,132,2026-07-15T08:56:31Z,2026-07-15T08:56:31Z,0.0
RG27 9TX,SEPD,HV,1,TQ7829,132,2026-07-15T08:56:31Z,2026-07-15T08:56:31Z,0.0
RG27 9UA,SEPD,HV,1,TQ7829,132,2026-07-15T08:56:31Z,2026-07-15T08:56:31Z,0.0
RG27 9UB,SEPD,HV,1,TQ7829,132,2026-07-15T08:56:31Z,2026-07-15T08:56:31Z,0.0
RG27 9UD,SEPD,HV,1,TQ7829,132,2026-07-15T08:56:31Z,2026-07-15T08:56:31Z,0.0
RG27 9UE,SEPD,HV,1,TQ7829,132,2026-07-15T08:56:31Z,2026-07-15T08:56:31Z,0.0
RG27 9UG,SEPD,HV,1,TQ7829,132,2026-07-15T08:56:31Z,2026-07-15T08:56:31Z,0.0
RG27 9UH,SEPD,HV,1,TQ7829,132,2026-07-15T08:56:31Z,2026-07-15T08:56:31Z,0.0
RG27 9UJ,SEPD,HV,1,TQ7829,132,2026-07-15T08:56:31Z,2026-07-15T08:56:31Z,0.0
RG27 9UN,SEPD,HV,1,TQ7829,132,2026-07-15T08:56:31Z,2026-07-15T08:56:31Z,0.0
RG27 9UR,SEPD,HV,1,TQ7829,132,2026-07-15T08:56:31Z,2026-07-15T08:56:31Z,0.0
RG27 9US,SEPD,HV,1,TQ7829,132,2026-07-15T08:56:31Z,2026-07-15T08:56:31Z,0.0
RG27 9UW,SEPD,HV,1,TQ7829,132,2026-07-15T08:56:31Z,2026-07-15T08:56:31Z,0.0
RG27 9UX,SEPD,HV,1,TQ7829,132,2026-07-15T08:56:31Z,2026-07-15T08:56:31Z,0.0
RG28 7PY,SEPD,HV,1,TQ5386,62,2026-07-13T22:38:32Z,2026-07-13T22:38:32Z,0.0
RG28 7PZ,SEPD,HV,1,TQ5386,62,2026-07-13T22:38:32Z,2026-07-13T22:38:32Z,0.0
RG28 7QA,SEPD,HV,1,TQ5386,62,2026-07-13T22:38:32Z,2026-07-13T22:38:32Z,0.0
RG29 1LN,SEPD,HV,1,TQ7829,132,2026-07-15T08:56:31Z,2026-07-15T08:56:31Z,0.0
RG30 2NF,SEPD,LV,1,TQ6442,36,2026-07-14T11:57:59Z,2026-07-14T11:57:59Z,0.0
RG30 2NN,SEPD,LV,1,TQ5971,17,2026-07-14T11:57:59Z,2026-07-14T11:57:59Z,0.0
RG30 2NW,SEPD,LV,1,TQ6442,36,2026-07-14T11:57:59Z,2026-07-14T11:57:59Z,0.0
RG30 4BA,SEPD,LV,1,TP6321,3,2026-07-08T22:28:27Z,2026-07-08T22:28:27Z,0.0
RG30 4BP,SEPD,LV,1,TQ6442,36,2026-07-14T11:57:59Z,2026-07-14T11:57:59Z,0.0
RG30 4BS,SEPD,LV,1,TQ6442,36,2026-07-14T11:57:59Z,2026-07-14T11:57:59Z,0.0
RG30 4DG,SEPD,LV,1,TP8489,21,2026-07-11T09:53:08Z,2026-07-11T09:53:08Z,0.0
RG30 4DR,SEPD,LV,1,TP6321,3,2026-07-08T22:28:27Z,2026-07-08T22:28:27Z,0.0
RG30 4DT,SEPD,LV,1,TP8489,21,2026-07-11T09:53:08Z,2026-07-11T09:53:08Z,0.0
RG30 4DU,SEPD,LV,1,TP8489,21,2026-07-11T09:53:08Z,2026-07-11T09:53:08Z,0.0
RG30 4DX,SEPD,LV,1,TP8489,21,2026-07-11T09:53:08Z,2026-07-11T09:53:08Z,0.0
RG30 4DY,SEPD,LV,1,TP6321,3,2026-07-08T22:28:27Z,2026-07-08T22:28:27Z,0.0
RG30 4LT,SEPD,LV,1,TP6321,3,2026-07-08T22:28:27Z,2026-07-08T22:28:27Z,0.0
RG30 6TX,SEPD,LV,1,TP6299,18,2026-07-09T12:23:59Z,2026-07-09T12:23:59Z,0.0
RG30 6TY,SEPD,LV,1,TP6299,18,2026-07-09T12:23:59Z,2026-07-09T12:23:59Z,0.0
RG30 6UD,SEPD,LV,1,TP6299,18,2026-07-09T12:23:59Z,2026-07-09T12:23:59Z,0.0
RG30 6UN,SEPD,LV,1,TP6299,18,2026-07-09T12:23:59Z,2026-07-09T12:23:59Z,0.0
RG31 7AL,SEPD,LV,1,TP6389,17,2026-07-09T01:15:22Z,2026-07-09T01:15:22Z,0.0
RG31 7AN,SEPD,LV,1,TP6389,17,2026-07-09T01:15:22Z,2026-07-09T01:15:22Z,0.0
RG31 7AU,SEPD,LV,1,TP6389,17,2026-07-09T01:15:22Z,2026-07-09T01:15:22Z,0.0
RG31 7AY,SEPD,LV,1,TP6389,17,2026-07-09T01:15:22Z,2026-07-09T01:15:22Z,0.0
RG4 8QZ,SEPD,LV,1,TP6866,4,2026-07-09T12:23:59Z,2026-07-09T12:23:59Z,0.0
RG4 8RR,SEPD,LV,1,TP6866,4,2026-07-09T12:23:59Z,2026-07-09T12:23:59Z,0.0
RG40 3NE,SEPD,LV,1,TP6412,18,2026-07-09T01:15:22Z,2026-07-09T01:15:22Z,0.0
RG40 3NG,SEPD,LV,1,TP6412,18,2026-07-09T01:15:22Z,2026-07-09T01:15:22Z,0.0
RG40 3QS,SEPD,LV,1,TP6412,18,2026-07-09T01:15:22Z,2026-07-09T01:15:22Z,0.0
RG41 5RB,SEPD,HV,1,TQ0561,19,2026-07-11T08:13:51Z,2026-07-11T08:13:51Z,0.0
RG41 5RD,SEPD,HV,1,TQ0561,19,2026-07-11T08:13:51Z,2026-07-11T08:13:51Z,0.0
RG41 5TP,SEPD,HV,1,TQ0561,19,2026-07-11T08:13:51Z,2026-07-11T08:13:51Z,0.0
RG41 5TS,SEPD,HV,1,TQ0561,19,2026-07-11T08:13:51Z,2026-07-11T08:13:51Z,0.0
RG41 5TZ,SEPD,HV,1,TQ0561,19,2026-07-11T08:13:51Z,2026-07-11T08:13:51Z,0.0
RG41 5UT,SEPD,HV,1,TQ0561,19,2026-07-11T08:13:51Z,2026-07-11T08:13:51Z,0.0
RG41 5UX,SEPD,HV,1,TQ0561,19,2026-07-11T08:13:51Z,2026-07-11T08:13:51Z,0.0
RG45 6AL,SEPD,LV,1,TQ7698,21,2026-07-15T12:20:28Z,2026-07-15T12:20:28Z,0.0
RG45 6AP,SEPD,LV,1,TQ7698,21,2026-07-15T12:20:28Z,2026-07-15T12:20:28Z,0.0
RG45 6BX,SEPD,LV,1,TP6412,18,2026-07-09T01:15:22Z,2026-07-09T01:15:22Z,0.0
RG45 6BY,SEPD,LV,1,TP6412,18,2026-07-09T01:15:22Z,2026-07-09T01:15:22Z,0.0
RG45 6DB,SEPD,LV,1,TP6412,18,2026-07-09T01:15:22Z,2026-07-09T01:15:22Z,0.0
RG45 7LP,SEPD,LV,1,TQ8856,16,2026-07-15T15:56:23Z,2026-07-15T15:56:23Z,0.0
RG45 7LR,SEPD,LV,1,TQ8856,16,2026-07-15T15:56:23Z,2026-07-15T15:56:23Z,0.0
RG45 7NE,SEPD,LV,1,TQ8856,16,2026-07-15T15:56:23Z,2026-07-15T15:56:23Z,0.0
RG7 1AH,SEPD,HV,1,TQ0344,22,2026-07-11T03:48:31Z,2026-07-11T03:48:31Z,0.0
RG7 1BN,SEPD,HV,1,TQ0344,22,2026-07-11T03:48:31Z,2026-07-11T03:48:31Z,0.0
RG7 1HX,SEPD,HV,1,TQ0344,22,2026-07-11T03:48:31Z,2026-07-11T03:48:31Z,0.0
RG7 1HY,SEPD,HV,1,TQ0344,22,2026-07-11T03:48:31Z,2026-07-11T03:48:31Z,0.0
RG7 1JA,SEPD,HV,1,TQ0344,22,2026-07-11T03:48:31Z,2026-07-11T03:48:31Z,0.0
RG7 1JF,SEPD,HV,1,TQ0344,22,2026-07-11T03:48:31Z,2026-07-11T03:48:31Z,0.0
RG7 1JJ,SEPD,HV,1,TQ0344,22,2026-07-11T03:48:31Z,2026-07-11T03:48:31Z,0.0
RG7 1JP,SEPD,HV,1,TQ0344,22,2026-07-11T03:48:31Z,2026-07-11T03:48:31Z,0.0
RG7 1JQ,SEPD,HV,1,TQ0344,22,2026-07-11T03:48:31Z,2026-07-11T03:48:31Z,0.0
RG7 1JR,SEPD,HV,1,TQ0344,22,2026-07-11T03:48:31Z,2026-07-11T03:48:31Z,0.0
RG7 1JS,SEPD,HV,1,TQ0344,22,2026-07-11T03:48:31Z,2026-07-11T03:48:31Z,0.0
RG7 1JT,SEPD,HV,1,TQ0344,22,2026-07-11T03:48:31Z,2026-07-11T03:48:31Z,0.0
RG7 1JX,SEPD,HV,1,TQ0344,22,2026-07-11T03:48:31Z,2026-07-11T03:48:31Z,0.0
RG7 1JY,SEPD,HV,1,TQ0344,22,2026-07-11T03:48:31Z,2026-07-11T03:48:31Z,0.0
RG7 1JZ,SEPD,HV,1,TQ0344,22,2026-07-11T03:48:31Z,2026-07-11T03:48:31Z,0.0
RG7 1LA,SEPD,HV,1,TQ0344,22,2026-07-11T03:48:31Z,2026-07-11T03:48:31Z,0.0
RG7 1LB,SEPD,HV,1,TQ0344,22,2026-07-11T03:48:31Z,2026-07-11T03:48:31Z,0.0
RG7 1LD,SEPD,HV,1,TQ0344,22,2026-07-11T03:48:31Z,2026-07-11T03:48:31Z,0.0
RG7 1LE,SEPD,HV,1,TQ0344,22,2026-07-11T03:48:31Z,2026-07-11T03:48:31Z,0.0
RG7 1LG,SEPD,HV,1,TQ0344,22,2026-07-11T03:48:31Z,2026-07-11T03:48:31Z,0.0
RG7 1LH,SEPD,HV,1,TQ0344,22,2026-07-11T03:48:31Z,2026-07-11T03:48:31Z,0.0
RG7 1LJ,SEPD,HV,1,TQ0344,22,2026-07-11T03:48:31Z,2026-07-11T03:48:31Z,0.0
RG7 1LN,SEPD,HV,1,TQ0344,22,2026-07-11T03:48:31Z,2026-07-11T03:48:31Z,0.0
RG7 1LP,SEPD,HV,1,TQ0344,22,2026-07-11T03:48:31Z,2026-07-11T03:48:31Z,0.0
RG7 1LR,SEPD,HV,1,TQ0344,22,2026-07-11T03:48:31Z,2026-07-11T03:48:31Z,0.0
RG7 1LZ,SEPD,HV,1,TQ0344,22,2026-07-11T03:48:31Z,2026-07-11T03:48:31Z,0.0
RG7 1NG,SEPD,HV,1,TQ0344,22,2026-07-11T03:48:31Z,2026-07-11T03:48:31Z,0.0
RG7 1NT,SEPD,HV,1,TQ0344,22,2026-07-11T03:48:31Z,2026-07-11T03:48:31Z,0.0
RG7 6EL,SEPD,HV,1,TP6803,80,2026-07-09T08:52:42Z,2026-07-09T08:52:42Z,0.0
RG7 6QH,SEPD,HV,1,TP6803,80,2026-07-09T08:52:42Z,2026-07-09T08:52:42Z,0.0
RG7 6QL,SEPD,HV,1,TP6803,80,2026-07-09T08:52:42Z,2026-07-09T08:52:42Z,0.0
RG7 6QN,SEPD,HV,1,TP6803,80,2026-07-09T08:52:42Z,2026-07-09T08:52:42Z,0.0
RG7 6QP,SEPD,HV,1,TP6803,80,2026-07-09T08:52:42Z,2026-07-09T08:52:42Z,0.0
RG7 6QQ,SEPD,HV,1,TP6803,80,2026-07-09T08:52:42Z,2026-07-09T08:52:42Z,0.0
RG7 6QR,SEPD,HV,1,TP6803,80,2026-07-09T08:52:42Z,2026-07-09T08:52:42Z,0.0
RG7 6QS,SEPD,HV,1,TP6803,80,2026-07-09T08:52:42Z,2026-07-09T08:52:42Z,0.0
RG7 6QU,SEPD,HV,1,TP6803,80,2026-07-09T08:52:42Z,2026-07-09T08:52:42Z,0.0
RG7 6QX,SEPD,HV,1,TP6803,80,2026-07-09T08:52:42Z,2026-07-09T08:52:42Z,0.0
RG7 6RB,SEPD,HV,1,TP6803,80,2026-07-09T08:52:42Z,2026-07-09T08:52:42Z,0.0
RG7 6RQ,SEPD,HV,1,TP6803,80,2026-07-09T08:52:42Z,2026-07-09T08:52:42Z,0.0
RH12 3JF,SEPD,LV,1,TQ3951,17,2026-07-14T01:03:22Z,2026-07-14T01:03:22Z,0.0
RH12 3JJ,SEPD,LV,1,TQ3951,17,2026-07-14T01:03:22Z,2026-07-14T01:03:22Z,0.0
RH20 1EW,SEPD,LV,1,TQ4308,2,2026-07-14T15:44:08Z,2026-07-14T15:44:08Z,0.0
SL2 5HF,SEPD,LV,1,TQ3122,4,2026-07-13T04:45:35Z,2026-07-13T04:45:35Z,0.0
SL6 1LD,SEPD,PSI,1,253231,6,2026-07-12T09:21:50Z,2026-07-12T09:21:50Z,0.0
SL6 3GW,SEPD,LV,1,TQ5515,35,2026-07-14T04:13:30Z,2026-07-14T04:13:30Z,0.0
SL6 3HZ,SEPD,LV,1,TQ5515,35,2026-07-14T04:13:30Z,2026-07-14T04:13:30Z,0.0
SL6 3JA,SEPD,LV,1,TQ5515,35,2026-07-14T04:13:30Z,2026-07-14T04:13:30Z,0.0
SL6 3XY,SEPD,LV,1,TQ5515,35,2026-07-14T04:13:30Z,2026-07-14T04:13:30Z,0.0
SL6 3XZ,SEPD,LV,1,TQ5515,35,2026-07-14T04:13:30Z,2026-07-14T04:13:30Z,0.0
SL6 6BQ,SEPD,LV,1,TQ3064,31,2026-07-12T23:30:32Z,2026-07-12T23:30:32Z,0.0
SL6 6PP,SEPD,LV,1,TQ8797,19,2026-07-15T15:56:23Z,2026-07-15T15:56:23Z,0.0
SL6 7UT,SEPD,LV,1,TQ8797,19,2026-07-15T15:56:23Z,2026-07-15T15:56:23Z,0.0
SL6 7UU,SEPD,LV,1,TQ8797,19,2026-07-15T15:56:23Z,2026-07-15T15:56:23Z,0.0
SL6 8DB,SEPD,LV,1,TQ4428,31,2026-07-15T12:20:28Z,2026-07-15T12:20:28Z,0.0
SL6 8DH,SEPD,LV,1,TQ4428,31,2026-07-15T12:20:28Z,2026-07-15T12:20:28Z,0.0
SL6 8DP,SEPD,LV,1,TQ4428,31,2026-07-15T12:20:28Z,2026-07-15T12:20:28Z,0.0
SL6 8DU,SEPD,LV,1,TQ4428,31,2026-07-15T12:20:28Z,2026-07-15T12:20:28Z,0.0
SL6 8DX,SEPD,LV,1,TQ4428,31,2026-07-15T12:20:28Z,2026-07-15T12:20:28Z,0.0
SL6 8DY,SEPD,LV,1,TQ4428,31,2026-07-15T12:20:28Z,2026-07-15T12:20:28Z,0.0
SL6 8DZ,SEPD,LV,1,TQ4428,31,2026-07-15T12:20:28Z,2026-07-15T12:20:28Z,0.0
SL6 8ED,SEPD,LV,1,TQ4428,31,2026-07-15T12:20:28Z,2026-07-15T12:20:28Z,0.0
SL6 8EE,SEPD,LV,1,TQ4428,31,2026-07-15T12:20:28Z,2026-07-15T12:20:28Z,0.0
SL6 8EF,SEPD,LV,1,TQ4428,31,2026-07-15T12:20:28Z,2026-07-15T12:20:28Z,0.0
SL6 8EG,SEPD,LV,1,TQ4428,31,2026-07-15T12:20:28Z,2026-07-15T12:20:28Z,0.0
SL6 8EH,SEPD,LV,1,TQ4428,31,2026-07-15T12:20:28Z,2026-07-15T12:20:28Z,0.0
SL9 0NP,SEPD,LV,1,TQ3233,5,2026-07-13T07:58:35Z,2026-07-13T07:58:35Z,0.0
SL9 0NS,SEPD,LV,1,TQ3233,5,2026-07-13T07:58:35Z,2026-07-13T07:58:35Z,0.0
SL9 0NT,SEPD,LV,1,TQ3233,5,2026-07-13T07:58:35Z,2026-07-13T07:58:35Z,0.0
SL9 0NU,SEPD,LV,1,TQ3233,5,2026-07-13T07:58:35Z,2026-07-13T07:58:35Z,0.0
SN1 1HE,SEPD,HV,1,TQ2573,6,2026-07-12T19:49:39Z,2026-07-12T19:49:39Z,0.0
SN1 1HF,SEPD,HV,1,TQ2573,6,2026-07-12T19:49:39Z,2026-07-12T19:49:39Z,0.0
SN1 1LF,SEPD,HV,1,TQ2573,6,2026-07-12T19:49:39Z,2026-07-12T19:49:39Z,0.0
SN1 1PN,SEPD,LV,1,TQ2153,5,2026-07-12T15:29:48Z,2026-07-12T15:29:48Z,0.0
SN1 1PR,SEPD,LV,1,TQ2153,5,2026-07-12T15:29:48Z,2026-07-12T15:29:48Z,0.0
SN1 1PU,SEPD,LV,1,TQ2153,5,2026-07-12T15:29:48Z,2026-07-12T15:29:48Z,0.0
SN1 1QN,SEPD,LV,1,TQ2153,5,2026-07-12T15:29:48Z,2026-07-12T15:29:48Z,0.0
SN1 1QW,SEPD,LV,1,TQ2153,5,2026-07-12T15:29:48Z,2026-07-12T15:29:48Z,0.0
SN1 3PB,SEPD,LV,1,TQ3168,43,2026-07-13T04:45:35Z,2026-07-13T04:45:35Z,0.0
SN1 3PJ,SEPD,LV,1,TQ3168,43,2026-07-13T04:45:35Z,2026-07-13T04:45:35Z,0.0
SN1 3PL,SEPD,LV,1,TQ3168,43,2026-07-13T04:45:35Z,2026-07-13T04:45:35Z,0.0
SN12 8EL,SEPD,HV,1,TQ9131,987,2026-07-15T18:40:30Z,2026-07-15T18:40:30Z,0.0
SN12 8EP,SEPD,HV,1,TQ9131,987,2026-07-15T18:40:30Z,2026-07-15T18:40:30Z,0.0
SN12 8ER,SEPD,HV,1,TQ9131,987,2026-07-15T18:40:30Z,2026-07-15T18:40:30Z,0.0
SN12 8ES,SEPD,HV,1,TQ9131,987,2026-07-15T18:40:30Z,2026-07-15T18:40:30Z,0.0
SN12 8ET,SEPD,HV,1,TQ9131,987,2026-07-15T18:40:30Z,2026-07-15T18:40:30Z,0.0
SN12 8EU,SEPD,HV,1,TQ9131,987,2026-07-15T18:40:30Z,2026-07-15T18:40:30Z,0.0
SN12 8EW,SEPD,HV,1,TQ9131,987,2026-07-15T18:40:30Z,2026-07-15T18:40:30Z,0.0
SN12 8EX,SEPD,HV,1,TQ9131,987,2026-07-15T18:40:30Z,2026-07-15T18:40:30Z,0.0
SN12 8EY,SEPD,HV,1,TQ9131,987,2026-07-15T18:40:30Z,2026-07-15T18:40:30Z,0.0
SN12 8EZ,SEPD,HV,1,TQ9131,987,2026-07-15T18:40:30Z,2026-07-15T18:40:30Z,0.0
SN12 8HA,SEPD,HV,1,TQ9131,987,2026-07-15T18:40:30Z,2026-07-15T18:40:30Z,0.0
SN12 8HB,SEPD,HV,1,TQ9131,987,2026-07-15T18:40:30Z,2026-07-15T18:40:30Z,0.0
SN12 8HD,SEPD,HV,1,TQ9131,987,2026-07-15T18:40:30Z,2026-07-15T18:40:30Z,0.0
SN12 8HE,SEPD,HV,1,TQ9131,987,2026-07-15T18:40:30Z,2026-07-15T18:40:30Z,0.0
SN12 8HF,SEPD,HV,1,TQ9131,987,2026-07-15T18:40:30Z,2026-07-15T18:40:30Z,0.0
SN12 8HG,SEPD,HV,1,TQ9131,987,2026-07-15T18:40:30Z,2026-07-15T18:40:30Z,0.0
SN12 8HH,SEPD,HV,1,TQ9131,987,2026-07-15T18:40:30Z,2026-07-15T18:40:30Z,0.0
SN12 8HJ,SEPD,HV,1,TQ9131,987,2026-07-15T18:40:30Z,2026-07-15T18:40:30Z,0.0
SN12 8HL,SEPD,HV,1,TQ9131,987,2026-07-15T18:40:30Z,2026-07-15T18:40:30Z,0.0
SN12 8HN,SEPD,HV,1,TQ9131,987,2026-07-15T18:40:30Z,2026-07-15T18:40:30Z,0.0
SN12 8HQ,SEPD,HV,1,TQ9131,987,2026-07-15T18:40:30Z,2026-07-15T18:40:30Z,0.0
SN12 8HU,SEPD,HV,1,TQ9131,987,2026-07-15T18:40:30Z,2026-07-15T18:40:30Z,0.0
SN12 8HW,SEPD,HV,1,TQ9131,987,2026-07-15T18:40:30Z,2026-07-15T18:40:30Z,0.0
SN12 8HX,SEPD,HV,1,TQ9131,987,2026-07-15T18:40:30Z,2026-07-15T18:40:30Z,0.0
SN12 8HY,SEPD,HV,1,TQ9131,987,2026-07-15T18:40:30Z,2026-07-15T18:40:30Z,0.0
SN12 8HZ,SEPD,HV,1,TQ9131,987,2026-07-15T18:40:30Z,2026-07-15T18:40:30Z,0.0
SN12 8JA,SEPD,HV,1,TQ9131,987,2026-07-15T18:40:30Z,2026-07-15T18:40:30Z,0.0
SN12 8JB,SEPD,HV,1,TQ9131,987,2026-07-15T18:40:30Z,2026-07-15T18:40:30Z,0.0
SN12 8JD,SEPD,HV,1,TQ9131,987,2026-07-15T18:40:30Z,2026-07-15T18:40:30Z,0.0
SN12 8JH,SEPD,HV,1,TQ9131,987,2026-07-15T18:40:30Z,2026-07-15T18:40:30Z,0.0
SN12 8JJ,SEPD,HV,1,TQ9131,987,2026-07-15T18:40:30Z,2026-07-15T18:40:30Z,0.0
SN12 8JL,SEPD,HV,1,TQ9131,987,2026-07-15T18:40:30Z,2026-07-15T18:40:30Z,0.0
SN12 8JN,SEPD,HV,1,TQ9131,987,2026-07-15T18:40:30Z,2026-07-15T18:40:30Z,0.0
SN12 8JQ,SEPD,HV,1,TQ9131,987,2026-07-15T18:40:30Z,2026-07-15T18:40:30Z,0.0
SN12 8JR,SEPD,HV,1,TQ9131,987,2026-07-15T18:40:30Z,2026-07-15T18:40:30Z,0.0
SN12 8JS,SEPD,HV,1,TQ9131,987,2026-07-15T18:40:30Z,2026-07-15T18:40:30Z,0.0
SN12 8JT,SEPD,HV,1,TQ9131,987,2026-07-15T18:40:30Z,2026-07-15T18:40:30Z,0.0
SN12 8JU,SEPD,HV,1,TQ9131,987,2026-07-15T18:40:30Z,2026-07-15T18:40:30Z,0.0
SN12 8JW,SEPD,HV,1,TQ9131,987,2026-07-15T18:40:30Z,2026-07-15T18:40:30Z,0.0
SN12 8JX,SEPD,HV,1,TQ9131,987,2026-07-15T18:40:30Z,2026-07-15T18:40:30Z,0.0
SN12 8JY,SEPD,HV,1,TQ9131,987,2026-07-15T18:40:30Z,2026-07-15T18:40:30Z,0.0
SN12 8JZ,SEPD,HV,1,TQ9131,987,2026-07-15T18:40:30Z,2026-07-15T18:40:30Z,0.0
SN12 8LA,SEPD,HV,1,TQ9131,987,2026-07-15T18:40:30Z,2026-07-15T18:40:30Z,0.0
SN12 8LB,SEPD,HV,1,TQ9131,987,2026-07-15T18:40:30Z,2026-07-15T18:40:30Z,0.0
SN12 8LD,SEPD,HV,1,TQ9131,987,2026-07-15T18:40:30Z,2026-07-15T18:40:30Z,0.0
SN12 8LE,SEPD,HV,1,TQ9131,987,2026-07-15T18:40:30Z,2026-07-15T18:40:30Z,0.0
SN12 8LJ,SEPD,HV,1,TQ9131,987,2026-07-15T18:40:30Z,2026-07-15T18:40:30Z,0.0
SN12 8LT,SEPD,HV,1,TQ9131,987,2026-07-15T18:40:30Z,2026-07-15T18:40:30Z,0.0
SN12 8LU,SEPD,HV,1,TQ9131,987,2026-07-15T18:40:30Z,2026-07-15T18:40:30Z,0.0
SN12 8LZ,SEPD,HV,1,TQ9131,987,2026-07-15T18:40:30Z,2026-07-15T18:40:30Z,0.0
SN12 8ND,SEPD,HV,1,TQ9131,987,2026-07-15T18:40:30Z,2026-07-15T18:40:30Z,0.0
SN12 8NE,SEPD,HV,1,TQ9131,987,2026-07-15T18:40:30Z,2026-07-15T18:40:30Z,0.0
SN12 8NF,SEPD,HV,1,TQ9131,987,2026-07-15T18:40:30Z,2026-07-15T18:40:30Z,0.0
SN12 8NG,SEPD,HV,1,TQ9131,987,2026-07-15T18:40:30Z,2026-07-15T18:40:30Z,0.0
SN12 8NX,SEPD,HV,1,TQ9131,987,2026-07-15T18:40:30Z,2026-07-15T18:40:30Z,0.0
SN12 8QB,SEPD,HV,1,TQ9131,987,2026-07-15T18:40:30Z,2026-07-15T18:40:30Z,0.0
SN12 8QF,SEPD,HV,1,TQ9131,987,2026-07-15T18:40:30Z,2026-07-15T18:40:30Z,0.0
SN12 8QG,SEPD,HV,1,TQ9131,987,2026-07-15T18:40:30Z,2026-07-15T18:40:30Z,0.0
SN12 8QH,SEPD,HV,1,TQ9131,987,2026-07-15T18:40:30Z,2026-07-15T18:40:30Z,0.0
SN12 8QJ,SEPD,HV,1,TQ9131,987,2026-07-15T18:40:30Z,2026-07-15T18:40:30Z,0.0
SN12 8QL,SEPD,HV,1,TQ9131,987,2026-07-15T18:40:30Z,2026-07-15T18:40:30Z,0.0
SN12 8QN,SEPD,HV,1,TQ9131,987,2026-07-15T18:40:30Z,2026-07-15T18:40:30Z,0.0
SN12 8QP,SEPD,HV,1,TQ9131,987,2026-07-15T18:40:30Z,2026-07-15T18:40:30Z,0.0
SN12 8QQ,SEPD,HV,1,TQ9131,987,2026-07-15T18:40:30Z,2026-07-15T18:40:30Z,0.0
SN12 8QR,SEPD,HV,1,TQ9131,987,2026-07-15T18:40:30Z,2026-07-15T18:40:30Z,0.0
SN12 8QU,SEPD,HV,1,TQ9131,987,2026-07-15T18:40:30Z,2026-07-15T18:40:30Z,0.0
SN12 8QW,SEPD,HV,1,TQ9131,987,2026-07-15T18:40:30Z,2026-07-15T18:40:30Z,0.0
SN12 8QX,SEPD,HV,1,TQ9131,987,2026-07-15T18:40:30Z,2026-07-15T18:40:30Z,0.0
SN12 8QY,SEPD,HV,1,TQ9131,987,2026-07-15T18:40:30Z,2026-07-15T18:40:30Z,0.0
SN12 8QZ,SEPD,HV,1,TQ9131,987,2026-07-15T18:40:30Z,2026-07-15T18:40:30Z,0.0
SN12 8RA,SEPD,HV,1,TQ9131,987,2026-07-15T18:40:30Z,2026-07-15T18:40:30Z,0.0
SN12 8RB,SEPD,HV,1,TQ9131,987,2026-07-15T18:40:30Z,2026-07-15T18:40:30Z,0.0
SN12 8RD,SEPD,HV,1,TQ9131,987,2026-07-15T18:40:30Z,2026-07-15T18:40:30Z,0.0
SN12 8RE,SEPD,HV,1,TQ9131,987,2026-07-15T18:40:30Z,2026-07-15T18:40:30Z,0.0
SN12 8RF,SEPD,HV,1,TQ9131,987,2026-07-15T18:40:30Z,2026-07-15T18:40:30Z,0.0
SN12 8RG,SEPD,HV,1,TQ9131,987,2026-07-15T18:40:30Z,2026-07-15T18:40:30Z,0.0
SN12 8RH,SEPD,HV,1,TQ9131,987,2026-07-15T18:40:30Z,2026-07-15T18:40:30Z,0.0
SN12 8RJ,SEPD,HV,1,TQ9131,987,2026-07-15T18:40:30Z,2026-07-15T18:40:30Z,0.0
SN12 8RN,SEPD,HV,1,TQ9131,987,2026-07-15T18:40:30Z,2026-07-15T18:40:30Z,0.0
SN12 8RQ,SEPD,HV,1,TQ9131,987,2026-07-15T18:40:30Z,2026-07-15T18:40:30Z,0.0
SN12 8RR,SEPD,HV,1,TQ9131,987,2026-07-15T18:40:30Z,2026-07-15T18:40:30Z,0.0
SN12 8RS,SEPD,HV,1,TQ9131,987,2026-07-15T18:40:30Z,2026-07-15T18:40:30Z,0.0
SN12 8SB,SEPD,HV,1,TQ9131,987,2026-07-15T18:40:30Z,2026-07-15T18:40:30Z,0.0
SN13 0LB,SEPD,LV,1,TQ4189,5,2026-07-13T13:32:50Z,2026-07-13T13:32:50Z,0.0
SN14 7LN,SEPD,HV,1,TP9793,57,2026-07-10T19:46:43Z,2026-07-10T19:46:43Z,0.0
SN14 7LR,SEPD,HV,1,TP9793,57,2026-07-10T19:46:43Z,2026-07-10T19:46:43Z,0.0
SN14 7LT,SEPD,HV,1,TP8113,34,2026-07-09T22:16:17Z,2026-07-09T22:16:17Z,0.0
SN14 7LU,SEPD,HV,1,TP8113,34,2026-07-09T22:16:17Z,2026-07-09T22:16:17Z,0.0
SN14 7LX,SEPD,HV,1,TP8113,34,2026-07-09T22:16:17Z,2026-07-09T22:16:17Z,0.0
SN14 7LY,SEPD,HV,1,TP8113,34,2026-07-09T22:16:17Z,2026-07-09T22:16:17Z,0.0
SN14 7NP,SEPD,HV,1,TP9793,57,2026-07-10T19:46:43Z,2026-07-10T19:46:43Z,0.0
SN14 7NT,SEPD,HV,1,TP9793,57,2026-07-10T19:46:43Z,2026-07-10T19:46:43Z,0.0
SN14 7NU,SEPD,HV,1,TP9793,57,2026-07-10T19:46:43Z,2026-07-10T19:46:43Z,0.0
SN14 7NX,SEPD,HV,1,TP9793,57,2026-07-10T19:46:43Z,2026-07-10T19:46:43Z,0.0
SN14 7NY,SEPD,HV,1,TP9793,57,2026-07-10T19:46:43Z,2026-07-10T19:46:43Z,0.0
SN14 7NZ,SEPD,HV,1,TP9793,57,2026-07-10T19:46:43Z,2026-07-10T19:46:43Z,0.0
SN14 7PD,SEPD,HV,1,TP8113,34,2026-07-09T22:16:17Z,2026-07-09T22:16:17Z,0.0
SN15 2FA,SEPD,HV,1,TQ4670,88,2026-07-13T16:08:10Z,2026-07-13T16:08:10Z,0.0
SN15 2JX,SEPD,HV,1,TQ4670,88,2026-07-13T16:08:10Z,2026-07-13T16:08:10Z,0.0
SN15 2JY,SEPD,HV,1,TQ4670,88,2026-07-13T16:08:10Z,2026-07-13T16:08:10Z,0.0
SN15 2JZ,SEPD,HV,1,TQ4670,88,2026-07-13T16:08:10Z,2026-07-13T16:08:10Z,0.0
SN15 2LA,SEPD,HV,1,TQ4670,88,2026-07-13T16:08:10Z,2026-07-13T16:08:10Z,0.0
SN15 2LB,SEPD,HV,1,TQ4670,88,2026-07-13T16:08:10Z,2026-07-13T16:08:10Z,0.0
SN15 2LD,SEPD,HV,1,TQ4670,88,2026-07-13T16:08:10Z,2026-07-13T16:08:10Z,0.0
SN15 2LE,SEPD,HV,1,TQ4670,88,2026-07-13T16:08:10Z,2026-07-13T16:08:10Z,0.0
SN15 2LF,SEPD,HV,1,TQ4670,88,2026-07-13T16:08:10Z,2026-07-13T16:08:10Z,0.0
SN15 2LG,SEPD,HV,1,TQ4670,88,2026-07-13T16:08:10Z,2026-07-13T16:08:10Z,0.0
SN15 2LH,SEPD,HV,1,TQ4670,88,2026-07-13T16:08:10Z,2026-07-13T16:08:10Z,0.0
SN15 2LL,SEPD,HV,1,TQ4670,88,2026-07-13T16:08:10Z,2026-07-13T16:08:10Z,0.0
SN15 2LP,SEPD,HV,1,TQ4670,88,2026-07-13T16:08:10Z,2026-07-13T16:08:10Z,0.0
SN15 2LQ,SEPD,HV,1,TQ4670,88,2026-07-13T16:08:10Z,2026-07-13T16:08:10Z,0.0
SN15 2LR,SEPD,HV,1,TQ4670,88,2026-07-13T16:08:10Z,2026-07-13T16:08:10Z,0.0
SN15 2LS,SEPD,HV,1,TQ4670,88,2026-07-13T16:08:10Z,2026-07-13T16:08:10Z,0.0
SN15 2LT,SEPD,HV,1,TQ4670,88,2026-07-13T16:08:10Z,2026-07-13T16:08:10Z,0.0
SN15 2LW,SEPD,HV,1,TQ4670,88,2026-07-13T16:08:10Z,2026-07-13T16:08:10Z,0.0
SN15 2LY,SEPD,HV,1,TQ4670,88,2026-07-13T16:08:10Z,2026-07-13T16:08:10Z,0.0
SN15 2LZ,SEPD,HV,1,TQ4670,88,2026-07-13T16:08:10Z,2026-07-13T16:08:10Z,0.0
SN15 2NA,SEPD,HV,1,TQ4670,88,2026-07-13T16:08:10Z,2026-07-13T16:08:10Z,0.0
SN15 2NB,SEPD,HV,1,TQ4670,88,2026-07-13T16:08:10Z,2026-07-13T16:08:10Z,0.0
SN15 2NY,SEPD,HV,1,TQ4670,88,2026-07-13T16:08:10Z,2026-07-13T16:08:10Z,0.0
SN15 2NZ,SEPD,HV,1,TQ4670,88,2026-07-13T16:08:10Z,2026-07-13T16:08:10Z,0.0
SN15 2PB,SEPD,HV,1,TQ4670,88,2026-07-13T16:08:10Z,2026-07-13T16:08:10Z,0.0
SN15 2PD,SEPD,HV,1,TQ4670,88,2026-07-13T16:08:10Z,2026-07-13T16:08:10Z,0.0
SN15 2PE,SEPD,HV,1,TQ4670,88,2026-07-13T16:08:10Z,2026-07-13T16:08:10Z,0.0
SN15 2PF,SEPD,HV,1,TQ4670,88,2026-07-13T16:08:10Z,2026-07-13T16:08:10Z,0.0
SN15 2RQ,SEPD,HV,1,TQ4670,88,2026-07-13T16:08:10Z,2026-07-13T16:08:10Z,0.0
SN15 2RW,SEPD,HV,1,TQ4670,88,2026-07-13T16:08:10Z,2026-07-13T16:08:10Z,0.0
SN15 5EF,SEPD,PSI,1,252400,60,2026-07-13T11:23:21Z,2026-07-13T11:23:21Z,0.0
SN16 9LH,SEPD,HV,1,TQ8127,17,2026-07-15T10:57:49Z,2026-07-15T10:57:49Z,0.0
SN16 9LQ,SEPD,HV,1,TQ8127,17,2026-07-15T10:57:49Z,2026-07-15T10:57:49Z,0.0
SN16 9RJ,SEPD,PSI,1,252400,60,2026-07-13T11:23:21Z,2026-07-13T11:23:21Z,0.0
SN16 9RL,SEPD,PSI,1,252400,60,2026-07-13T11:23:21Z,2026-07-13T11:23:21Z,0.0
SN16 9RN,SEPD,PSI,1,252400,60,2026-07-13T11:23:21Z,2026-07-13T11:23:21Z,0.0
SN4 0DH,SEPD,HV,1,TQ0643,905,2026-07-11T08:13:51Z,2026-07-11T08:13:51Z,0.0
SN4 0DJ,SEPD,HV,1,TQ0643,905,2026-07-11T08:13:51Z,2026-07-11T08:13:51Z,0.0
SN4 0DL,SEPD,HV,1,TQ0643,905,2026-07-11T08:13:51Z,2026-07-11T08:13:51Z,0.0
SN4 0DN,SEPD,HV,1,TQ0643,905,2026-07-11T08:13:51Z,2026-07-11T08:13:51Z,0.0
SN4 0DP,SEPD,HV,1,TQ0643,905,2026-07-11T08:13:51Z,2026-07-11T08:13:51Z,0.0
SN4 0DR,SEPD,HV,1,TQ0643,905,2026-07-11T08:13:51Z,2026-07-11T08:13:51Z,0.0
SN4 0DS,SEPD,HV,1,TQ0643,905,2026-07-11T08:13:51Z,2026-07-11T08:13:51Z,0.0
SN4 0DT,SEPD,HV,1,TQ0643,905,2026-07-11T08:13:51Z,2026-07-11T08:13:51Z,0.0
SN4 0DU,SEPD,HV,1,TQ0643,905,2026-07-11T08:13:51Z,2026-07-11T08:13:51Z,0.0
SN4 0DW,SEPD,HV,1,TQ0643,905,2026-07-11T08:13:51Z,2026-07-11T08:13:51Z,0.0
SN4 0DX,SEPD,HV,1,TQ0643,905,2026-07-11T08:13:51Z,2026-07-11T08:13:51Z,0.0
SN4 0DY,SEPD,HV,1,TQ0643,905,2026-07-11T08:13:51Z,2026-07-11T08:13:51Z,0.0
SN4 0DZ,SEPD,HV,1,TQ0643,905,2026-07-11T08:13:51Z,2026-07-11T08:13:51Z,0.0
SN4 0EB,SEPD,HV,1,TQ0643,905,2026-07-11T08:13:51Z,2026-07-11T08:13:51Z,0.0
SN4 0FG,SEPD,HV,1,TQ0643,905,2026-07-11T08:13:51Z,2026-07-11T08:13:51Z,0.0
SN4 8QA,SEPD,LV,1,TP7910,17,2026-07-09T18:54:38Z,2026-07-09T18:54:38Z,0.0
SN4 8QU,SEPD,LV,1,TP7910,17,2026-07-09T18:54:38Z,2026-07-09T18:54:38Z,0.0
SN4 8RB,SEPD,LV,1,TP7910,17,2026-07-09T18:54:38Z,2026-07-09T18:54:38Z,0.0
SN5 0AG,SEPD,PSI,1,252400,60,2026-07-13T11:23:21Z,2026-07-13T11:23:21Z,0.0
SN5 0AH,SEPD,PSI,1,252400,60,2026-07-13T11:23:21Z,2026-07-13T11:23:21Z,0.0
SN5 0AJ,SEPD,PSI,1,252400,60,2026-07-13T11:23:21Z,2026-07-13T11:23:21Z,0.0
SN5 0AQ,SEPD,PSI,1,252400,60,2026-07-13T11:23:21Z,2026-07-13T11:23:21Z,0.0
SN6 6LT,SEPD,LV,1,TQ1115,14,2026-07-11T18:36:18Z,2026-07-11T18:36:18Z,0.0
SN6 6LU,SEPD,LV,1,TQ1115,14,2026-07-11T18:36:18Z,2026-07-11T18:36:18Z,0.0
SN6 6NB,SEPD,LV,1,TQ1115,14,2026-07-11T18:36:18Z,2026-07-11T18:36:18Z,0.0
SN6 6ND,SEPD,LV,1,TQ1115,14,2026-07-11T18:36:18Z,2026-07-11T18:36:18Z,0.0
SN6 8HS,SEPD,HV,1,TQ0643,905,2026-07-11T08:13:51Z,2026-07-11T08:13:51Z,0.0
SN6 8HT,SEPD,HV,1,TQ0643,905,2026-07-11T08:13:51Z,2026-07-11T08:13:51Z,0.0
SN6 8HU,SEPD,HV,1,TQ0643,905,2026-07-11T08:13:51Z,2026-07-11T08:13:51Z,0.0
SN6 8HX,SEPD,HV,1,TQ0643,905,2026-07-11T08:13:51Z,2026-07-11T08:13:51Z,0.0
SN6 8HY,SEPD,HV,1,TQ0643,905,2026-07-11T08:13:51Z,2026-07-11T08:13:51Z,0.0
SN6 8HZ,SEPD,HV,1,TQ0643,905,2026-07-11T08:13:51Z,2026-07-11T08:13:51Z,0.0
SN6 8JA,SEPD,HV,1,TQ0643,905,2026-07-11T08:13:51Z,2026-07-11T08:13:51Z,0.0
SN6 8JB,SEPD,HV,1,TQ0643,905,2026-07-11T08:13:51Z,2026-07-11T08:13:51Z,0.0
SN6 8JD,SEPD,HV,1,TQ0643,905,2026-07-11T08:13:51Z,2026-07-11T08:13:51Z,0.0
SN6 8JE,SEPD,HV,1,TQ0643,905,2026-07-11T08:13:51Z,2026-07-11T08:13:51Z,0.0
SN6 8JF,SEPD,HV,1,TQ0643,905,2026-07-11T08:13:51Z,2026-07-11T08:13:51Z,0.0
SN6 8JG,SEPD,HV,1,TQ0643,905,2026-07-11T08:13:51Z,2026-07-11T08:13:51Z,0.0
SN6 8JH,SEPD,HV,1,TQ0643,905,2026-07-11T08:13:51Z,2026-07-11T08:13:51Z,0.0
SN6 8JL,SEPD,HV,1,TQ0643,905,2026-07-11T08:13:51Z,2026-07-11T08:13:51Z,0.0
SN6 8JN,SEPD,HV,1,TQ0643,905,2026-07-11T08:13:51Z,2026-07-11T08:13:51Z,0.0
SN6 8JQ,SEPD,HV,1,TQ0643,905,2026-07-11T08:13:51Z,2026-07-11T08:13:51Z,0.0
SN6 8JR,SEPD,HV,1,TQ0643,905,2026-07-11T08:13:51Z,2026-07-11T08:13:51Z,0.0
SN6 8JW,SEPD,HV,1,TQ0643,905,2026-07-11T08:13:51Z,2026-07-11T08:13:51Z,0.0
SN6 8LB,SEPD,HV,1,TQ0643,905,2026-07-11T08:13:51Z,2026-07-11T08:13:51Z,0.0
SN6 8LD,SEPD,HV,1,TQ0643,905,2026-07-11T08:13:51Z,2026-07-11T08:13:51Z,0.0
SN6 8PF,SEPD,HV,1,TQ0643,905,2026-07-11T08:13:51Z,2026-07-11T08:13:51Z,0.0
SN6 8PJ,SEPD,HV,1,TQ0643,905,2026-07-11T08:13:51Z,2026-07-11T08:13:51Z,0.0
SN6 8PP,SEPD,HV,1,TQ0643,905,2026-07-11T08:13:51Z,2026-07-11T08:13:51Z,0.0
SN6 8PR,SEPD,HV,1,TQ0643,905,2026-07-11T08:13:51Z,2026-07-11T08:13:51Z,0.0
SN6 8PS,SEPD,HV,1,TQ0643,905,2026-07-11T08:13:51Z,2026-07-11T08:13:51Z,0.0
SN6 8PU,SEPD,HV,1,TQ0643,905,2026-07-11T08:13:51Z,2026-07-11T08:13:51Z,0.0
SN6 8PX,SEPD,HV,1,TQ0643,905,2026-07-11T08:13:51Z,2026-07-11T08:13:51Z,0.0
SN6 8PY,SEPD,HV,1,TQ0643,905,2026-07-11T08:13:51Z,2026-07-11T08:13:51Z,0.0
SN6 8PZ,SEPD,HV,1,TQ0643,905,2026-07-11T08:13:51Z,2026-07-11T08:13:51Z,0.0
SN6 8QB,SEPD,HV,1,TQ0643,905,2026-07-11T08:13:51Z,2026-07-11T08:13:51Z,0.0
SN6 8QE,SEPD,HV,1,TQ0643,905,2026-07-11T08:13:51Z,2026-07-11T08:13:51Z,0.0
SN7 8PZ,SEPD,HV,1,TQ2329,6,2026-07-12T16:31:04Z,2026-07-12T16:31:04Z,0.0
SN8 3BW,SEPD,HV,1,TP8058,27,2026-07-09T20:52:44Z,2026-07-09T20:52:44Z,0.0
SN9 5LU,SEPD,HV,1,TP8058,27,2026-07-09T20:52:44Z,2026-07-09T20:52:44Z,0.0
SO18 2RD,SEPD,HV,1,TQ0483,58,2026-07-11T08:13:51Z,2026-07-11T08:13:51Z,0.0
SO18 2RE,SEPD,HV,1,TQ0483,58,2026-07-11T08:13:51Z,2026-07-11T08:13:51Z,0.0
SO19 6AJ,SEPD,HV,1,TQ2996,40,2026-07-12T22:26:26Z,2026-07-12T22:26:26Z,0.0
SO19 6AL,SEPD,HV,1,TQ2996,40,2026-07-12T22:26:26Z,2026-07-12T22:26:26Z,0.0
SO19 6AN,SEPD,HV,1,TQ2996,40,2026-07-12T22:26:26Z,2026-07-12T22:26:26Z,0.0
SO19 6AP,SEPD,HV,1,TQ2996,40,2026-07-12T22:26:26Z,2026-07-12T22:26:26Z,0.0
SO19 6DX,SEPD,HV,1,TQ2996,40,2026-07-12T22:26:26Z,2026-07-12T22:26:26Z,0.0
SO19 6NW,SEPD,LV,1,TQ6784,4,2026-07-14T18:11:22Z,2026-07-14T18:11:22Z,0.0
SO19 6RA,SEPD,LV,1,TQ6784,4,2026-07-14T18:11:22Z,2026-07-14T18:11:22Z,0.0
SO21 3BH,SEPD,HV,1,TQ1915,503,2026-07-12T09:21:50Z,2026-07-12T09:21:50Z,0.0
SO21 3BJ,SEPD,HV,1,TQ1915,503,2026-07-12T09:21:50Z,2026-07-12T09:21:50Z,0.0
SO23 8FF,SEPD,LV,1,TP6970,45,2026-07-09T12:23:59Z,2026-07-09T12:23:59Z,0.0
SO23 8SJ,SEPD,LV,1,TP6970,45,2026-07-09T12:23:59Z,2026-07-09T12:23:59Z,0.0
SO23 8SP,SEPD,LV,1,TP6970,45,2026-07-09T12:23:59Z,2026-07-09T12:23:59Z,0.0
SO23 8SR,SEPD,LV,1,TP6970,45,2026-07-09T12:23:59Z,2026-07-09T12:23:59Z,0.0
SO23 8SX,SEPD,LV,1,TP6970,45,2026-07-09T12:23:59Z,2026-07-09T12:23:59Z,0.0
SO23 8SZ,SEPD,LV,1,TP6970,45,2026-07-09T12:23:59Z,2026-07-09T12:23:59Z,0.0
SO23 8TA,SEPD,LV,1,TP6970,45,2026-07-09T12:23:59Z,2026-07-09T12:23:59Z,0.0
SO23 9EJ,SEPD,LV,1,TP6970,45,2026-07-09T12:23:59Z,2026-07-09T12:23:59Z,0.0
SO30,SEPD,HV,1,TQ2996,40,2026-07-12T22:26:26Z,2026-07-12T22:26:26Z,0.0
SO30 0FB,SEPD,HV,1,TQ2996,40,2026-07-12T22:26:26Z,2026-07-12T22:26:26Z,0.0
SO30 0FW,SEPD,HV,1,TQ2996,40,2026-07-12T22:26:26Z,2026-07-12T22:26:26Z,0.0
SO30 0GQ,SEPD,HV,1,TQ2996,40,2026-07-12T22:26:26Z,2026-07-12T22:26:26Z,0.0
SO30 0HZ,SEPD,HV,1,TQ2996,40,2026-07-12T22:26:26Z,2026-07-12T22:26:26Z,0.0
SO30 0JA,SEPD,HV,1,TQ2996,40,2026-07-12T22:26:26Z,2026-07-12T22:26:26Z,0.0
SO30 0LE,SEPD,HV,1,TQ2996,40,2026-07-12T22:26:26Z,2026-07-12T22:26:26Z,0.0
SO30 0NA,SEPD,HV,1,TQ2996,40,2026-07-12T22:26:26Z,2026-07-12T22:26:26Z,0.0
SO30 0NG,SEPD,HV,1,TQ2996,40,2026-07-12T22:26:26Z,2026-07-12T22:26:26Z,0.0
SO30 0NX,SEPD,HV,1,TQ2996,40,2026-07-12T22:26:26Z,2026-07-12T22:26:26Z,0.0
SO30 0NY,SEPD,HV,1,TQ2996,40,2026-07-12T22:26:26Z,2026-07-12T22:26:26Z,0.0
SO30 0NZ,SEPD,HV,1,TQ2996,40,2026-07-12T22:26:26Z,2026-07-12T22:26:26Z,0.0
SO30 0PA,SEPD,HV,1,TQ2996,40,2026-07-12T22:26:26Z,2026-07-12T22:26:26Z,0.0
SO30 0PD,SEPD,LV,1,TQ3005,26,2026-07-12T22:26:26Z,2026-07-12T22:26:26Z,0.0
SO30 0PG,SEPD,HV,1,TQ2996,40,2026-07-12T22:26:26Z,2026-07-12T22:26:26Z,0.0
SO30 0PH,SEPD,HV,1,TQ2996,40,2026-07-12T22:26:26Z,2026-07-12T22:26:26Z,0.0
SO30 0PJ,SEPD,LV,1,TQ3005,26,2026-07-12T22:26:26Z,2026-07-12T22:26:26Z,0.0
SO30 0PL,SEPD,HV,1,TQ2996,40,2026-07-12T22:26:26Z,2026-07-12T22:26:26Z,0.0
SO30 0PN,SEPD,HV,1,TQ2996,40,2026-07-12T22:26:26Z,2026-07-12T22:26:26Z,0.0
SO30 0PP,SEPD,HV,1,TQ2996,40,2026-07-12T22:26:26Z,2026-07-12T22:26:26Z,0.0
SO30 0PQ,SEPD,HV,1,TQ2996,40,2026-07-12T22:26:26Z,2026-07-12T22:26:26Z,0.0
SO30 0PS,SEPD,HV,1,TQ2996,40,2026-07-12T22:26:26Z,2026-07-12T22:26:26Z,0.0
SO30 0PT,SEPD,LV,1,TQ3005,26,2026-07-12T22:26:26Z,2026-07-12T22:26:26Z,0.0
SO30 0UG,SEPD,HV,1,TQ2996,40,2026-07-12T22:26:26Z,2026-07-12T22:26:26Z,0.0
SO30 2AY,SEPD,HV,1,TQ2996,40,2026-07-12T22:26:26Z,2026-07-12T22:26:26Z,0.0
SO30 2BZ,SEPD,HV,1,TQ2996,40,2026-07-12T22:26:26Z,2026-07-12T22:26:26Z,0.0
SO30 2DL,SEPD,HV,1,TQ2996,40,2026-07-12T22:26:26Z,2026-07-12T22:26:26Z,0.0
SO30 2DX,SEPD,HV,1,TQ2996,40,2026-07-12T22:26:26Z,2026-07-12T22:26:26Z,0.0
SO30 2DZ,SEPD,HV,1,TQ2996,40,2026-07-12T22:26:26Z,2026-07-12T22:26:26Z,0.0
SO30 2EA,SEPD,HV,1,TQ2996,40,2026-07-12T22:26:26Z,2026-07-12T22:26:26Z,0.0
SO30 2ED,SEPD,HV,1,TQ2996,40,2026-07-12T22:26:26Z,2026-07-12T22:26:26Z,0.0
SO30 2EG,SEPD,HV,1,TQ2996,40,2026-07-12T22:26:26Z,2026-07-12T22:26:26Z,0.0
SO30 2EJ,SEPD,HV,1,TQ2996,40,2026-07-12T22:26:26Z,2026-07-12T22:26:26Z,0.0
SO30 2EL,SEPD,HV,1,TQ2996,40,2026-07-12T22:26:26Z,2026-07-12T22:26:26Z,0.0
SO30 2EN,SEPD,HV,1,TQ2996,40,2026-07-12T22:26:26Z,2026-07-12T22:26:26Z,0.0
SO30 2EP,SEPD,HV,1,TQ2996,40,2026-07-12T22:26:26Z,2026-07-12T22:26:26Z,0.0
SO30 2ES,SEPD,HV,1,TQ2996,40,2026-07-12T22:26:26Z,2026-07-12T22:26:26Z,0.0
SO30 2ET,SEPD,HV,1,TQ2996,40,2026-07-12T22:26:26Z,2026-07-12T22:26:26Z,0.0
SO30 2EU,SEPD,HV,1,TQ2996,40,2026-07-12T22:26:26Z,2026-07-12T22:26:26Z,0.0
SO30 2EW,SEPD,HV,1,TQ2996,40,2026-07-12T22:26:26Z,2026-07-12T22:26:26Z,0.0
SO30 2EX,SEPD,HV,1,TQ2996,40,2026-07-12T22:26:26Z,2026-07-12T22:26:26Z,0.0
SO30 2EY,SEPD,HV,1,TQ2996,40,2026-07-12T22:26:26Z,2026-07-12T22:26:26Z,0.0
SO30 2EZ,SEPD,HV,1,TQ2996,40,2026-07-12T22:26:26Z,2026-07-12T22:26:26Z,0.0
SO30 2FB,SEPD,HV,1,TQ2996,40,2026-07-12T22:26:26Z,2026-07-12T22:26:26Z,0.0
SO30 2FR,SEPD,HV,1,TQ2996,40,2026-07-12T22:26:26Z,2026-07-12T22:26:26Z,0.0
SO30 2FU,SEPD,HV,1,TQ2996,40,2026-07-12T22:26:26Z,2026-07-12T22:26:26Z,0.0
SO30 2FW,SEPD,HV,1,TQ2996,40,2026-07-12T22:26:26Z,2026-07-12T22:26:26Z,0.0
SO30 2GB,SEPD,HV,1,TQ2996,40,2026-07-12T22:26:26Z,2026-07-12T22:26:26Z,0.0
SO30 2GD,SEPD,HV,1,TQ2996,40,2026-07-12T22:26:26Z,2026-07-12T22:26:26Z,0.0
SO30 2GF,SEPD,HV,1,TQ2996,40,2026-07-12T22:26:26Z,2026-07-12T22:26:26Z,0.0
SO30 2GT,SEPD,HV,1,TQ2996,40,2026-07-12T22:26:26Z,2026-07-12T22:26:26Z,0.0
SO30 2GU,SEPD,HV,1,TQ2996,40,2026-07-12T22:26:26Z,2026-07-12T22:26:26Z,0.0
SO30 2GX,SEPD,HV,1,TQ2996,40,2026-07-12T22:26:26Z,2026-07-12T22:26:26Z,0.0
SO30 2GY,SEPD,HV,1,TQ2996,40,2026-07-12T22:26:26Z,2026-07-12T22:26:26Z,0.0
SO30 2JN,SEPD,HV,1,TQ2996,40,2026-07-12T22:26:26Z,2026-07-12T22:26:26Z,0.0
SO30 2JQ,SEPD,HV,1,TQ2996,40,2026-07-12T22:26:26Z,2026-07-12T22:26:26Z,0.0
SO30 2LH,SEPD,HV,1,TQ2996,40,2026-07-12T22:26:26Z,2026-07-12T22:26:26Z,0.0
SO30 2NU,SEPD,HV,1,TQ2996,40,2026-07-12T22:26:26Z,2026-07-12T22:26:26Z,0.0
SO30 2NW,SEPD,HV,1,TQ2996,40,2026-07-12T22:26:26Z,2026-07-12T22:26:26Z,0.0
SO30 2NX,SEPD,HV,1,TQ2996,40,2026-07-12T22:26:26Z,2026-07-12T22:26:26Z,0.0
SO30 2NY,SEPD,HV,1,TQ2996,40,2026-07-12T22:26:26Z,2026-07-12T22:26:26Z,0.0
SO30 2NZ,SEPD,HV,1,TQ2996,40,2026-07-12T22:26:26Z,2026-07-12T22:26:26Z,0.0
SO30 2RG,SEPD,HV,1,TQ2996,40,2026-07-12T22:26:26Z,2026-07-12T22:26:26Z,0.0
SO30 2RJ,SEPD,HV,1,TQ2996,40,2026-07-12T22:26:26Z,2026-07-12T22:26:26Z,0.0
SO30 2RQ,SEPD,HV,1,TQ2996,40,2026-07-12T22:26:26Z,2026-07-12T22:26:26Z,0.0
SO30 2RU,SEPD,LV,1,TQ0315,16,2026-07-11T00:14:32Z,2026-07-11T00:14:32Z,0.0
SO30 2RW,SEPD,LV,1,TQ0315,16,2026-07-11T00:14:32Z,2026-07-11T00:14:32Z,0.0
SO30 2SG,SEPD,HV,1,TQ2996,40,2026-07-12T22:26:26Z,2026-07-12T22:26:26Z,0.0
SO30 2SJ,SEPD,HV,1,TQ2996,40,2026-07-12T22:26:26Z,2026-07-12T22:26:26Z,0.0
SO30 2SR,SEPD,HV,1,TQ2996,40,2026-07-12T22:26:26Z,2026-07-12T22:26:26Z,0.0
SO30 2SS,SEPD,HV,1,TQ2996,40,2026-07-12T22:26:26Z,2026-07-12T22:26:26Z,0.0
SO30 2SX,SEPD,HV,1,TQ2996,40,2026-07-12T22:26:26Z,2026-07-12T22:26:26Z,0.0
SO30 2SZ,SEPD,HV,1,TQ2996,40,2026-07-12T22:26:26Z,2026-07-12T22:26:26Z,0.0
SO30 2TN,SEPD,HV,1,TQ2996,40,2026-07-12T22:26:26Z,2026-07-12T22:26:26Z,0.0
SO30 2TP,SEPD,HV,1,TQ2996,40,2026-07-12T22:26:26Z,2026-07-12T22:26:26Z,0.0
SO30 2TW,SEPD,HV,1,TQ2996,40,2026-07-12T22:26:26Z,2026-07-12T22:26:26Z,0.0
SO30 2TX,SEPD,HV,1,TQ2996,40,2026-07-12T22:26:26Z,2026-07-12T22:26:26Z,0.0
SO30 2UE,SEPD,HV,1,TQ2996,40,2026-07-12T22:26:26Z,2026-07-12T22:26:26Z,0.0
SO30 2UG,SEPD,HV,1,TQ2996,40,2026-07-12T22:26:26Z,2026-07-12T22:26:26Z,0.0
SO30 2UP,SEPD,HV,1,TQ2996,40,2026-07-12T22:26:26Z,2026-07-12T22:26:26Z,0.0
SO30 2UQ,SEPD,HV,1,TQ2996,40,2026-07-12T22:26:26Z,2026-07-12T22:26:26Z,0.0
SO30 2UU,SEPD,HV,1,TQ2996,40,2026-07-12T22:26:26Z,2026-07-12T22:26:26Z,0.0
SO30 3PJ,SEPD,HV,1,TQ1547,1827,2026-07-12T09:21:50Z,2026-07-12T09:21:50Z,0.0
SO30 4AY,SEPD,HV,1,TQ2996,40,2026-07-12T22:26:26Z,2026-07-12T22:26:26Z,0.0
SO30 4FS,SEPD,HV,1,TQ2996,40,2026-07-12T22:26:26Z,2026-07-12T22:26:26Z,0.0
SO30 4FT,SEPD,HV,1,TQ2996,40,2026-07-12T22:26:26Z,2026-07-12T22:26:26Z,0.0
SO30 8EY,SEPD,HV,1,TQ2996,40,2026-07-12T22:26:26Z,2026-07-12T22:26:26Z,0.0
SO31 1BH,SEPD,HV,1,TQ2996,40,2026-07-12T22:26:26Z,2026-07-12T22:26:26Z,0.0
SO31 4NN,SEPD,HV,1,TQ2996,40,2026-07-12T22:26:26Z,2026-07-12T22:26:26Z,0.0
SO31 8BN,SEPD,HV,1,TQ2996,40,2026-07-12T22:26:26Z,2026-07-12T22:26:26Z,0.0
SO31 9FY,SEPD,LV,1,TQ2239,17,2026-07-12T15:29:48Z,2026-07-12T15:29:48Z,0.0
SO31 9FZ,SEPD,LV,1,TQ2239,17,2026-07-12T15:29:48Z,2026-07-12T15:29:48Z,0.0
SO31 9GA,SEPD,LV,1,TQ2239,17,2026-07-12T15:29:48Z,2026-07-12T15:29:48Z,0.0
SO31 9GB,SEPD,LV,1,TQ2239,17,2026-07-12T15:29:48Z,2026-07-12T15:29:48Z,0.0
SO31 9JY,SEPD,LV,1,TQ2239,17,2026-07-12T15:29:48Z,2026-07-12T15:29:48Z,0.0
SO32 1AX,SEPD,LV,1,TQ7522,2,2026-07-14T23:34:57Z,2026-07-14T23:34:57Z,0.0
SO32 2NX,SEPD,HV,1,TQ1547,1827,2026-07-12T09:21:50Z,2026-07-12T09:21:50Z,0.0
SO32 2QF,SEPD,HV,1,TQ1547,1827,2026-07-12T09:21:50Z,2026-07-12T09:21:50Z,0.0
SO32 2UG,SEPD,HV,1,TQ2996,40,2026-07-12T22:26:26Z,2026-07-12T22:26:26Z,0.0
SO32 3AE,SEPD,HV,1,TQ1547,1827,2026-07-12T09:21:50Z,2026-07-12T09:21:50Z,0.0
SO32 3AF,SEPD,HV,1,TQ1547,1827,2026-07-12T09:21:50Z,2026-07-12T09:21:50Z,0.0
SO32 3AH,SEPD,HV,1,TQ1547,1827,2026-07-12T09:21:50Z,2026-07-12T09:21:50Z,0.0
SO32 3AL,SEPD,HV,1,TQ1547,1827,2026-07-12T09:21:50Z,2026-07-12T09:21:50Z,0.0
SO32 3AN,SEPD,HV,1,TQ1547,1827,2026-07-12T09:21:50Z,2026-07-12T09:21:50Z,0.0
SO32 3AP,SEPD,HV,1,TQ1547,1827,2026-07-12T09:21:50Z,2026-07-12T09:21:50Z,0.0
SO32 3AR,SEPD,HV,1,TQ1547,1827,2026-07-12T09:21:50Z,2026-07-12T09:21:50Z,0.0
SO32 3AS,SEPD,HV,1,TQ1547,1827,2026-07-12T09:21:50Z,2026-07-12T09:21:50Z,0.0
SO32 3DB,SEPD,HV,1,TQ1547,1827,2026-07-12T09:21:50Z,2026-07-12T09:21:50Z,0.0
SO32 3LS,SEPD,HV,1,TQ1547,1827,2026-07-12T09:21:50Z,2026-07-12T09:21:50Z,0.0
SO32 3NF,SEPD,HV,1,TQ1547,1827,2026-07-12T09:21:50Z,2026-07-12T09:21:50Z,0.0
SO32 3NH,SEPD,HV,1,TQ1547,1827,2026-07-12T09:21:50Z,2026-07-12T09:21:50Z,0.0
SO32 3NJ,SEPD,HV,1,TQ1547,1827,2026-07-12T09:21:50Z,2026-07-12T09:21:50Z,0.0
SO32 3NL,SEPD,HV,1,TQ1547,1827,2026-07-12T09:21:50Z,2026-07-12T09:21:50Z,0.0
SO32 3NN,SEPD,HV,1,TQ1547,1827,2026-07-12T09:21:50Z,2026-07-12T09:21:50Z,0.0
SO32 3NP,SEPD,HV,1,TQ1547,1827,2026-07-12T09:21:50Z,2026-07-12T09:21:50Z,0.0
SO32 3NQ,SEPD,HV,1,TQ1547,1827,2026-07-12T09:21:50Z,2026-07-12T09:21:50Z,0.0
SO32 3NR,SEPD,HV,1,TQ1547,1827,2026-07-12T09:21:50Z,2026-07-12T09:21:50Z,0.0
SO32 3NY,SEPD,HV,1,TQ1547,1827,2026-07-12T09:21:50Z,2026-07-12T09:21:50Z,0.0
SO32 3NZ,SEPD,HV,1,TQ1547,1827,2026-07-12T09:21:50Z,2026-07-12T09:21:50Z,0.0
SO32 3PA,SEPD,HV,1,TQ1547,1827,2026-07-12T09:21:50Z,2026-07-12T09:21:50Z,0.0
SO32 3PB,SEPD,HV,1,TQ1547,1827,2026-07-12T09:21:50Z,2026-07-12T09:21:50Z,0.0
SO32 3PD,SEPD,HV,1,TQ1547,1827,2026-07-12T09:21:50Z,2026-07-12T09:21:50Z,0.0
SO32 3PE,SEPD,HV,1,TQ1547,1827,2026-07-12T09:21:50Z,2026-07-12T09:21:50Z,0.0
SO32 3PF,SEPD,HV,1,TQ1547,1827,2026-07-12T09:21:50Z,2026-07-12T09:21:50Z,0.0
SO32 3PG,SEPD,HV,1,TQ1547,1827,2026-07-12T09:21:50Z,2026-07-12T09:21:50Z,0.0
SO32 3PH,SEPD,HV,1,TQ1547,1827,2026-07-12T09:21:50Z,2026-07-12T09:21:50Z,0.0
SO32 3PJ,SEPD,HV,1,TQ1547,1827,2026-07-12T09:21:50Z,2026-07-12T09:21:50Z,0.0
SO32 3PL,SEPD,HV,1,TQ1547,1827,2026-07-12T09:21:50Z,2026-07-12T09:21:50Z,0.0
SO32 3PN,SEPD,HV,1,TQ1547,1827,2026-07-12T09:21:50Z,2026-07-12T09:21:50Z,0.0
SO32 3PP,SEPD,HV,1,TQ1547,1827,2026-07-12T09:21:50Z,2026-07-12T09:21:50Z,0.0
SO32 3PQ,SEPD,HV,1,TQ1547,1827,2026-07-12T09:21:50Z,2026-07-12T09:21:50Z,0.0
SO32 3PR,SEPD,HV,1,TQ1547,1827,2026-07-12T09:21:50Z,2026-07-12T09:21:50Z,0.0
SO32 3PS,SEPD,HV,1,TQ1547,1827,2026-07-12T09:21:50Z,2026-07-12T09:21:50Z,0.0
SO32 3PU,SEPD,HV,1,TQ1547,1827,2026-07-12T09:21:50Z,2026-07-12T09:21:50Z,0.0
SO32 3PW,SEPD,HV,1,TQ1547,1827,2026-07-12T09:21:50Z,2026-07-12T09:21:50Z,0.0
SO32 3PX,SEPD,HV,1,TQ1547,1827,2026-07-12T09:21:50Z,2026-07-12T09:21:50Z,0.0
SO32 3PY,SEPD,HV,1,TQ1547,1827,2026-07-12T09:21:50Z,2026-07-12T09:21:50Z,0.0
SO32 3PZ,SEPD,HV,1,TQ1547,1827,2026-07-12T09:21:50Z,2026-07-12T09:21:50Z,0.0
SO32 3QA,SEPD,HV,1,TQ1547,1827,2026-07-12T09:21:50Z,2026-07-12T09:21:50Z,0.0
SO32 3QB,SEPD,HV,1,TQ1547,1827,2026-07-12T09:21:50Z,2026-07-12T09:21:50Z,0.0
SO32 3QD,SEPD,HV,1,TQ1547,1827,2026-07-12T09:21:50Z,2026-07-12T09:21:50Z,0.0
SO32 3QE,SEPD,HV,1,TQ1547,1827,2026-07-12T09:21:50Z,2026-07-12T09:21:50Z,0.0
SO32 3QF,SEPD,HV,1,TQ1547,1827,2026-07-12T09:21:50Z,2026-07-12T09:21:50Z,0.0
SO32 3QG,SEPD,HV,1,TQ1547,1827,2026-07-12T09:21:50Z,2026-07-12T09:21:50Z,0.0
SO32 3QH,SEPD,HV,1,TQ1547,1827,2026-07-12T09:21:50Z,2026-07-12T09:21:50Z,0.0
SO32 3QJ,SEPD,HV,1,TQ1547,1827,2026-07-12T09:21:50Z,2026-07-12T09:21:50Z,0.0
SO32 3QL,SEPD,HV,1,TQ1547,1827,2026-07-12T09:21:50Z,2026-07-12T09:21:50Z,0.0
SO32 3QN,SEPD,HV,1,TQ1547,1827,2026-07-12T09:21:50Z,2026-07-12T09:21:50Z,0.0
SO32 3QP,SEPD,HV,1,TQ1547,1827,2026-07-12T09:21:50Z,2026-07-12T09:21:50Z,0.0
SO32 3QQ,SEPD,HV,1,TQ1547,1827,2026-07-12T09:21:50Z,2026-07-12T09:21:50Z,0.0
SO32 3QR,SEPD,HV,1,TQ1547,1827,2026-07-12T09:21:50Z,2026-07-12T09:21:50Z,0.0
SO32 3QS,SEPD,HV,1,TQ1547,1827,2026-07-12T09:21:50Z,2026-07-12T09:21:50Z,0.0
SO32 3QT,SEPD,HV,1,TQ1547,1827,2026-07-12T09:21:50Z,2026-07-12T09:21:50Z,0.0
SO32 3QU,SEPD,HV,1,TQ1547,1827,2026-07-12T09:21:50Z,2026-07-12T09:21:50Z,0.0
SO32 3QW,SEPD,HV,1,TQ1547,1827,2026-07-12T09:21:50Z,2026-07-12T09:21:50Z,0.0
SO32 3QX,SEPD,HV,1,TQ1547,1827,2026-07-12T09:21:50Z,2026-07-12T09:21:50Z,0.0
SO32 3QY,SEPD,HV,1,TQ1547,1827,2026-07-12T09:21:50Z,2026-07-12T09:21:50Z,0.0
SO32 3QZ,SEPD,HV,1,TQ1547,1827,2026-07-12T09:21:50Z,2026-07-12T09:21:50Z,0.0
SO32 3RA,SEPD,HV,1,TQ1547,1827,2026-07-12T09:21:50Z,2026-07-12T09:21:50Z,0.0
SO32 3RB,SEPD,HV,1,TQ1547,1827,2026-07-12T09:21:50Z,2026-07-12T09:21:50Z,0.0
SO32 3RD,SEPD,HV,1,TQ1547,1827,2026-07-12T09:21:50Z,2026-07-12T09:21:50Z,0.0
SO32 3RE,SEPD,HV,1,TQ1547,1827,2026-07-12T09:21:50Z,2026-07-12T09:21:50Z,0.0
SO32 3RF,SEPD,HV,1,TQ1547,1827,2026-07-12T09:21:50Z,2026-07-12T09:21:50Z,0.0
SO32 3RJ,SEPD,HV,1,TQ1547,1827,2026-07-12T09:21:50Z,2026-07-12T09:21:50Z,0.0
SO32 3SN,SEPD,HV,1,TQ1547,1827,2026-07-12T09:21:50Z,2026-07-12T09:21:50Z,0.0
SO40 4DA,SEPD,HV,1,TQ1422,308,2026-07-12T04:37:31Z,2026-07-12T04:37:31Z,0.0
SO40 4UN,SEPD,HV,1,TQ1422,308,2026-07-12T04:37:31Z,2026-07-12T04:37:31Z,0.0
SO40 4UQ,SEPD,HV,1,TQ1422,308,2026-07-12T04:37:31Z,2026-07-12T04:37:31Z,0.0
SO40 4UR,SEPD,HV,1,TQ1422,308,2026-07-12T04:37:31Z,2026-07-12T04:37:31Z,0.0
SO40 4WU,SEPD,HV,1,TQ1422,308,2026-07-12T04:37:31Z,2026-07-12T04:37:31Z,0.0
SO40 4WW,SEPD,HV,1,TQ1422,308,2026-07-12T04:37:31Z,2026-07-12T04:37:31Z,0.0
SO40 4ZG,SEPD,HV,1,TQ1422,308,2026-07-12T04:37:31Z,2026-07-12T04:37:31Z,0.0
SO40 9EY,SEPD,LV,1,TQ8578,6,2026-07-15T14:16:47Z,2026-07-15T14:16:47Z,0.0
SO40 9EZ,SEPD,LV,1,TQ8578,6,2026-07-15T14:16:47Z,2026-07-15T14:16:47Z,0.0
SO43 7DA,SEPD,HV,1,TQ6879,14,2026-07-14T15:44:08Z,2026-07-14T15:44:08Z,0.0
SO43 7FZ,SEPD,HV,1,TQ6879,14,2026-07-14T15:44:08Z,2026-07-14T15:44:08Z,0.0
SO45 4BB,SEPD,HV,1,TQ1422,308,2026-07-12T04:37:31Z,2026-07-12T04:37:31Z,0.0
SO45 4PL,SEPD,HV,1,TQ1422,308,2026-07-12T04:37:31Z,2026-07-12T04:37:31Z,0.0
SO45 4PN,SEPD,HV,1,TQ1422,308,2026-07-12T04:37:31Z,2026-07-12T04:37:31Z,0.0
SO45 4PP,SEPD,HV,1,TQ1422,308,2026-07-12T04:37:31Z,2026-07-12T04:37:31Z,0.0
SO45 4PQ,SEPD,HV,1,TQ1422,308,2026-07-12T04:37:31Z,2026-07-12T04:37:31Z,0.0
SO45 4PR,SEPD,HV,1,TQ1422,308,2026-07-12T04:37:31Z,2026-07-12T04:37:31Z,0.0
SO45 4PS,SEPD,HV,1,TQ1422,308,2026-07-12T04:37:31Z,2026-07-12T04:37:31Z,0.0
SO45 4PW,SEPD,HV,1,TQ1422,308,2026-07-12T04:37:31Z,2026-07-12T04:37:31Z,0.0
SO45 4QA,SEPD,HV,1,TQ1422,308,2026-07-12T04:37:31Z,2026-07-12T04:37:31Z,0.0
SO45 4QB,SEPD,HV,1,TQ1422,308,2026-07-12T04:37:31Z,2026-07-12T04:37:31Z,0.0
SO45 4QD,SEPD,HV,1,TQ1422,308,2026-07-12T04:37:31Z,2026-07-12T04:37:31Z,0.0
SO45 4QF,SEPD,HV,1,TQ1422,308,2026-07-12T04:37:31Z,2026-07-12T04:37:31Z,0.0
SO45 4QG,SEPD,HV,1,TQ1422,308,2026-07-12T04:37:31Z,2026-07-12T04:37:31Z,0.0
SO45 4QJ,SEPD,HV,1,TQ1422,308,2026-07-12T04:37:31Z,2026-07-12T04:37:31Z,0.0
SO45 4QL,SEPD,HV,1,TQ1422,308,2026-07-12T04:37:31Z,2026-07-12T04:37:31Z,0.0
SO45 4QN,SEPD,HV,1,TQ1422,308,2026-07-12T04:37:31Z,2026-07-12T04:37:31Z,0.0
SO45 4QP,SEPD,HV,1,TQ1422,308,2026-07-12T04:37:31Z,2026-07-12T04:37:31Z,0.0
SO45 4RH,SEPD,HV,1,TQ1422,308,2026-07-12T04:37:31Z,2026-07-12T04:37:31Z,0.0
SO45 4RJ,SEPD,HV,1,TQ1422,308,2026-07-12T04:37:31Z,2026-07-12T04:37:31Z,0.0
SO45 4RQ,SEPD,HV,1,TQ1422,308,2026-07-12T04:37:31Z,2026-07-12T04:37:31Z,0.0
SO45 4RX,SEPD,HV,1,TQ1422,308,2026-07-12T04:37:31Z,2026-07-12T04:37:31Z,0.0
SO45 5AL,SEPD,HV,1,TQ1422,308,2026-07-12T04:37:31Z,2026-07-12T04:37:31Z,0.0
SO45 5AQ,SEPD,HV,1,TQ1422,308,2026-07-12T04:37:31Z,2026-07-12T04:37:31Z,0.0
SO45 5JA,SEPD,HV,1,TQ1422,308,2026-07-12T04:37:31Z,2026-07-12T04:37:31Z,0.0
SO45 5QW,SEPD,HV,1,TQ1422,308,2026-07-12T04:37:31Z,2026-07-12T04:37:31Z,0.0
SO45 5QX,SEPD,HV,1,TQ1422,308,2026-07-12T04:37:31Z,2026-07-12T04:37:31Z,0.0
SO45 5QY,SEPD,HV,1,TQ1422,308,2026-07-12T04:37:31Z,2026-07-12T04:37:31Z,0.0
SO45 5SF,SEPD,HV,1,TQ1422,308,2026-07-12T04:37:31Z,2026-07-12T04:37:31Z,0.0
SO45 5SG,SEPD,HV,1,TQ1422,308,2026-07-12T04:37:31Z,2026-07-12T04:37:31Z,0.0
SO45 5SH,SEPD,HV,1,TQ1422,308,2026-07-12T04:37:31Z,2026-07-12T04:37:31Z,0.0
SO45 5SZ,SEPD,HV,1,TQ1422,308,2026-07-12T04:37:31Z,2026-07-12T04:37:31Z,0.0
SO45 5TA,SEPD,HV,1,TQ1422,308,2026-07-12T04:37:31Z,2026-07-12T04:37:31Z,0.0
SO45 5TB,SEPD,HV,1,TQ1422,308,2026-07-12T04:37:31Z,2026-07-12T04:37:31Z,0.0
SO45 5TD,SEPD,HV,1,TQ1422,308,2026-07-12T04:37:31Z,2026-07-12T04:37:31Z,0.0
SO45 5TE,SEPD,HV,1,TQ1422,308,2026-07-12T04:37:31Z,2026-07-12T04:37:31Z,0.0
SO45 5TF,SEPD,HV,1,TQ1422,308,2026-07-12T04:37:31Z,2026-07-12T04:37:31Z,0.0
SO45 5TH,SEPD,HV,1,TQ1422,308,2026-07-12T04:37:31Z,2026-07-12T04:37:31Z,0.0
SO45 5TJ,SEPD,HV,1,TQ1422,308,2026-07-12T04:37:31Z,2026-07-12T04:37:31Z,0.0
SO45 5TL,SEPD,HV,1,TQ1422,308,2026-07-12T04:37:31Z,2026-07-12T04:37:31Z,0.0
SO45 5TS,SEPD,HV,1,TQ1422,308,2026-07-12T04:37:31Z,2026-07-12T04:37:31Z,0.0
SO45 5TU,SEPD,HV,1,TQ1422,308,2026-07-12T04:37:31Z,2026-07-12T04:37:31Z,0.0
SO45 5TW,SEPD,HV,1,TQ1422,308,2026-07-12T04:37:31Z,2026-07-12T04:37:31Z,0.0
SO45 5TX,SEPD,HV,1,TQ1422,308,2026-07-12T04:37:31Z,2026-07-12T04:37:31Z,0.0
SO45 5TY,SEPD,HV,1,TQ1422,308,2026-07-12T04:37:31Z,2026-07-12T04:37:31Z,0.0
SO45 5TZ,SEPD,HV,1,TQ1422,308,2026-07-12T04:37:31Z,2026-07-12T04:37:31Z,0.0
SO45 5UA,SEPD,HV,1,TQ1422,308,2026-07-12T04:37:31Z,2026-07-12T04:37:31Z,0.0
SO45 5UB,SEPD,HV,1,TQ1422,308,2026-07-12T04:37:31Z,2026-07-12T04:37:31Z,0.0
SO45 5UD,SEPD,HV,1,TQ1422,308,2026-07-12T04:37:31Z,2026-07-12T04:37:31Z,0.0
SO45 5UE,SEPD,HV,1,TQ1422,308,2026-07-12T04:37:31Z,2026-07-12T04:37:31Z,0.0
SO45 5UF,SEPD,HV,1,TQ1422,308,2026-07-12T04:37:31Z,2026-07-12T04:37:31Z,0.0
SO45 5UG,SEPD,HV,1,TQ1422,308,2026-07-12T04:37:31Z,2026-07-12T04:37:31Z,0.0
SO45 5UH,SEPD,HV,1,TQ1422,308,2026-07-12T04:37:31Z,2026-07-12T04:37:31Z,0.0
SO45 5UJ,SEPD,HV,1,TQ1422,308,2026-07-12T04:37:31Z,2026-07-12T04:37:31Z,0.0
SO45 5UL,SEPD,HV,1,TQ1422,308,2026-07-12T04:37:31Z,2026-07-12T04:37:31Z,0.0
SO45 5UN,SEPD,HV,1,TQ1422,308,2026-07-12T04:37:31Z,2026-07-12T04:37:31Z,0.0
SO45 5UP,SEPD,HV,1,TQ1422,308,2026-07-12T04:37:31Z,2026-07-12T04:37:31Z,0.0
SO45 5UR,SEPD,HV,1,TQ1422,308,2026-07-12T04:37:31Z,2026-07-12T04:37:31Z,0.0
SO45 5UU,SEPD,HV,1,TQ1422,308,2026-07-12T04:37:31Z,2026-07-12T04:37:31Z,0.0
SO45 5UW,SEPD,HV,1,TQ1422,308,2026-07-12T04:37:31Z,2026-07-12T04:37:31Z,0.0
SO45 6AA,SEPD,HV,1,TQ1422,308,2026-07-12T04:37:31Z,2026-07-12T04:37:31Z,0.0
SO45 6AS,SEPD,HV,1,TQ1422,308,2026-07-12T04:37:31Z,2026-07-12T04:37:31Z,0.0
SO45 6DL,SEPD,HV,1,TQ1422,308,2026-07-12T04:37:31Z,2026-07-12T04:37:31Z,0.0
SO45 6DN,SEPD,HV,1,TQ1422,308,2026-07-12T04:37:31Z,2026-07-12T04:37:31Z,0.0
SO45 6DP,SEPD,HV,1,TQ1422,308,2026-07-12T04:37:31Z,2026-07-12T04:37:31Z,0.0
SO50 4DH,SEPD,LV,1,TP9080,24,2026-07-10T18:00:46Z,2026-07-10T18:00:46Z,0.0
SO50 4LH,SEPD,LV,1,TP9080,24,2026-07-10T18:00:46Z,2026-07-10T18:00:46Z,0.0
SO50 4NS,SEPD,LV,1,TP7688,8,2026-07-09T16:57:51Z,2026-07-09T16:57:51Z,0.0
SO50 4QS,SEPD,LV,1,TP9080,24,2026-07-10T18:00:46Z,2026-07-10T18:00:46Z,0.0
SO50 4RP,SEPD,LV,1,TP9080,24,2026-07-10T18:00:46Z,2026-07-10T18:00:46Z,0.0
SP1 2LA,SEPD,HV,1,TQ1157,1661,2026-07-11T18:36:18Z,2026-07-11T18:36:18Z,0.0
SP1 2NY,SEPD,HV,1,TQ1157,1661,2026-07-11T18:36:18Z,2026-07-11T18:36:18Z,0.0
SP1 2NZ,SEPD,HV,1,TQ1157,1661,2026-07-11T18:36:18Z,2026-07-11T18:36:18Z,0.0
SP1 2QQ,SEPD,HV,1,TQ1157,1661,2026-07-11T18:36:18Z,2026-07-11T18:36:18Z,0.0
SP1 2TJ,SEPD,HV,1,TQ1157,1661,2026-07-11T18:36:18Z,2026-07-11T18:36:18Z,0.0
SP10 3DY,SEPD,LV,1,TQ5380,18,2026-07-14T01:03:22Z,2026-07-14T01:03:22Z,0.0
SP10 3ND,SEPD,LV,1,TQ5380,18,2026-07-14T01:03:22Z,2026-07-14T01:03:22Z,0.0
SP10 3NF,SEPD,LV,1,TQ5380,18,2026-07-14T01:03:22Z,2026-07-14T01:03:22Z,0.0
SP10 3NG,SEPD,LV,1,TQ5380,18,2026-07-14T01:03:22Z,2026-07-14T01:03:22Z,0.0
SP10 3NQ,SEPD,LV,1,TQ5380,18,2026-07-14T01:03:22Z,2026-07-14T01:03:22Z,0.0
SP10 3XJ,SEPD,LV,1,TQ5380,18,2026-07-14T01:03:22Z,2026-07-14T01:03:22Z,0.0
SP11 7DX,SEPD,HV,1,TQ5030,252,2026-07-13T18:05:33Z,2026-07-13T18:05:33Z,0.0
SP11 7DY,SEPD,HV,1,TQ5030,252,2026-07-13T18:05:33Z,2026-07-13T18:05:33Z,0.0
SP11 7EA,SEPD,HV,1,TQ5030,252,2026-07-13T18:05:33Z,2026-07-13T18:05:33Z,0.0
SP11 7EB,SEPD,HV,1,TQ5030,252,2026-07-13T18:05:33Z,2026-07-13T18:05:33Z,0.0
SP11 7ED,SEPD,HV,1,TQ5030,252,2026-07-13T18:05:33Z,2026-07-13T18:05:33Z,0.0
SP11 7EE,SEPD,HV,1,TQ5030,252,2026-07-13T18:05:33Z,2026-07-13T18:05:33Z,0.0
SP11 7EF,SEPD,HV,1,TQ5030,252,2026-07-13T18:05:33Z,2026-07-13T18:05:33Z,0.0
SP11 7EG,SEPD,HV,1,TQ5030,252,2026-07-13T18:05:33Z,2026-07-13T18:05:33Z,0.0
SP11 7EH,SEPD,HV,1,TQ5030,252,2026-07-13T18:05:33Z,2026-07-13T18:05:33Z,0.0
SP11 7EJ,SEPD,HV,1,TQ5030,252,2026-07-13T18:05:33Z,2026-07-13T18:05:33Z,0.0
SP11 7EN,SEPD,HV,1,TQ5030,252,2026-07-13T18:05:33Z,2026-07-13T18:05:33Z,0.0
SP11 7EQ,SEPD,HV,1,TQ5030,252,2026-07-13T18:05:33Z,2026-07-13T18:05:33Z,0.0
SP11 7EW,SEPD,HV,1,TQ5030,252,2026-07-13T18:05:33Z,2026-07-13T18:05:33Z,0.0
SP11 7EY,SEPD,HV,1,TQ5030,252,2026-07-13T18:05:33Z,2026-07-13T18:05:33Z,0.0
SP11 7FD,SEPD,HV,1,TQ5030,252,2026-07-13T18:05:33Z,2026-07-13T18:05:33Z,0.0
SP11 7FF,SEPD,HV,1,TQ5030,252,2026-07-13T18:05:33Z,2026-07-13T18:05:33Z,0.0
SP11 7HB,SEPD,LV,1,TQ0715,9,2026-07-11T11:59:39Z,2026-07-11T11:59:39Z,0.0
SP11 7QF,SEPD,LV,1,TQ0715,9,2026-07-11T11:59:39Z,2026-07-11T11:59:39Z,0.0
SP11 7QL,SEPD,LV,1,TQ0715,9,2026-07-11T11:59:39Z,2026-07-11T11:59:39Z,0.0
SP11 7QP,SEPD,LV,1,TQ0715,9,2026-07-11T11:59:39Z,2026-07-11T11:59:39Z,0.0
SP11 7QS,SEPD,LV,1,TQ0715,9,2026-07-11T11:59:39Z,2026-07-11T11:59:39Z,0.0
SP11 7QT,SEPD,LV,1,TQ0715,9,2026-07-11T11:59:39Z,2026-07-11T11:59:39Z,0.0
SP11 7QU,SEPD,LV,1,TQ0715,9,2026-07-11T11:59:39Z,2026-07-11T11:59:39Z,0.0
SP11 7QW,SEPD,LV,1,TQ0715,9,2026-07-11T11:59:39Z,2026-07-11T11:59:39Z,0.0
SP11 8JR,SEPD,HV,1,TQ5030,252,2026-07-13T18:05:33Z,2026-07-13T18:05:33Z,0.0
SP11 8LB,SEPD,HV,1,TQ5030,252,2026-07-13T18:05:33Z,2026-07-13T18:05:33Z,0.0
SP11 8LD,SEPD,HV,1,TQ5030,252,2026-07-13T18:05:33Z,2026-07-13T18:05:33Z,0.0
SP11 8LJ,SEPD,HV,1,TQ5030,252,2026-07-13T18:05:33Z,2026-07-13T18:05:33Z,0.0
SP11 8LP,SEPD,HV,1,TQ5030,252,2026-07-13T18:05:33Z,2026-07-13T18:05:33Z,0.0
SP11 8SG,SEPD,HV,1,TQ5030,252,2026-07-13T18:05:33Z,2026-07-13T18:05:33Z,0.0
SP3 3RE,SEPD,HV,1,TQ1157,1661,2026-07-11T18:36:18Z,2026-07-11T18:36:18Z,0.0
SP4 7FR,SEPD,LV,1,TQ3427,37,2026-07-13T11:23:21Z,2026-07-13T11:23:21Z,0.0
SP4 7XE,SEPD,LV,1,TQ3427,37,2026-07-13T11:23:21Z,2026-07-13T11:23:21Z,0.0
SP4 7XH,SEPD,LV,1,TQ3427,37,2026-07-13T11:23:21Z,2026-07-13T11:23:21Z,0.0
SP4 7XJ,SEPD,LV,1,TQ3427,37,2026-07-13T11:23:21Z,2026-07-13T11:23:21Z,0.0
SP4 7XN,SEPD,LV,1,TQ3427,37,2026-07-13T11:23:21Z,2026-07-13T11:23:21Z,0.0
SP4 7XT,SEPD,LV,1,TQ3427,37,2026-07-13T11:23:21Z,2026-07-13T11:23:21Z,0.0
SP5,SEPD,HV,1,TQ1157,1661,2026-07-11T18:36:18Z,2026-07-11T18:36:18Z,0.0
SP5 1AA,SEPD,HV,1,TQ1157,1661,2026-07-11T18:36:18Z,2026-07-11T18:36:18Z,0.0
SP5 1AB,SEPD,HV,1,TQ1157,1661,2026-07-11T18:36:18Z,2026-07-11T18:36:18Z,0.0
SP5 1AD,SEPD,HV,1,TQ1157,1661,2026-07-11T18:36:18Z,2026-07-11T18:36:18Z,0.0
SP5 1AE,SEPD,HV,1,TQ1157,1661,2026-07-11T18:36:18Z,2026-07-11T18:36:18Z,0.0
SP5 1AF,SEPD,HV,1,TQ1157,1661,2026-07-11T18:36:18Z,2026-07-11T18:36:18Z,0.0
SP5 1AG,SEPD,HV,1,TQ1157,1661,2026-07-11T18:36:18Z,2026-07-11T18:36:18Z,0.0
SP5 1AH,SEPD,HV,1,TQ1157,1661,2026-07-11T18:36:18Z,2026-07-11T18:36:18Z,0.0
SP5 1AL,SEPD,HV,1,TQ1157,1661,2026-07-11T18:36:18Z,2026-07-11T18:36:18Z,0.0
SP5 1AN,SEPD,HV,1,TQ1157,1661,2026-07-11T18:36:18Z,2026-07-11T18:36:18Z,0.0
SP5 1AP,SEPD,HV,1,TQ1157,1661,2026-07-11T18:36:18Z,2026-07-11T18:36:18Z,0.0
SP5 1AR,SEPD,HV,1,TQ1157,1661,2026-07-11T18:36:18Z,2026-07-11T18:36:18Z,0.0
SP5 1AT,SEPD,HV,1,TQ1157,1661,2026-07-11T18:36:18Z,2026-07-11T18:36:18Z,0.0
SP5 1AU,SEPD,HV,1,TQ1157,1661,2026-07-11T18:36:18Z,2026-07-11T18:36:18Z,0.0
SP5 1AW,SEPD,HV,1,TQ1157,1661,2026-07-11T18:36:18Z,2026-07-11T18:36:18Z,0.0
SP5 1AX,SEPD,HV,1,TQ1157,1661,2026-07-11T18:36:18Z,2026-07-11T18:36:18Z,0.0
SP5 1AY,SEPD,HV,1,TQ1157,1661,2026-07-11T18:36:18Z,2026-07-11T18:36:18Z,0.0
SP5 1AZ,SEPD,HV,1,TQ1157,1661,2026-07-11T18:36:18Z,2026-07-11T18:36:18Z,0.0
SP5 1DH,SEPD,HV,1,TQ1157,1661,2026-07-11T18:36:18Z,2026-07-11T18:36:18Z,0.0
SP5 1DJ,SEPD,HV,1,TQ1157,1661,2026-07-11T18:36:18Z,2026-07-11T18:36:18Z,0.0
SP5 1DL,SEPD,HV,1,TQ1157,1661,2026-07-11T18:36:18Z,2026-07-11T18:36:18Z,0.0
SP5 1DQ,SEPD,HV,1,TQ1157,1661,2026-07-11T18:36:18Z,2026-07-11T18:36:18Z,0.0
SP5 1DU,SEPD,HV,1,TQ1157,1661,2026-07-11T18:36:18Z,2026-07-11T18:36:18Z,0.0
SP5 1DY,SEPD,HV,1,TQ1157,1661,2026-07-11T18:36:18Z,2026-07-11T18:36:18Z,0.0
SP5 1DZ,SEPD,HV,1,TQ1157,1661,2026-07-11T18:36:18Z,2026-07-11T18:36:18Z,0.0
SP5 1EA,SEPD,HV,1,TQ1157,1661,2026-07-11T18:36:18Z,2026-07-11T18:36:18Z,0.0
SP5 1EG,SEPD,HV,1,TQ1157,1661,2026-07-11T18:36:18Z,2026-07-11T18:36:18Z,0.0
SP5 1JB,SEPD,HV,1,TQ1157,1661,2026-07-11T18:36:18Z,2026-07-11T18:36:18Z,0.0
SP5 3AA,SEPD,HV,1,TQ1157,1661,2026-07-11T18:36:18Z,2026-07-11T18:36:18Z,0.0
SP5 3AB,SEPD,HV,1,TQ1157,1661,2026-07-11T18:36:18Z,2026-07-11T18:36:18Z,0.0
SP5 3AD,SEPD,HV,1,TQ1157,1661,2026-07-11T18:36:18Z,2026-07-11T18:36:18Z,0.0
SP5 3AE,SEPD,HV,1,TQ1157,1661,2026-07-11T18:36:18Z,2026-07-11T18:36:18Z,0.0
SP5 3AF,SEPD,HV,1,TQ1157,1661,2026-07-11T18:36:18Z,2026-07-11T18:36:18Z,0.0
SP5 3AG,SEPD,HV,1,TQ1157,1661,2026-07-11T18:36:18Z,2026-07-11T18:36:18Z,0.0
SP5 3AH,SEPD,HV,1,TQ1157,1661,2026-07-11T18:36:18Z,2026-07-11T18:36:18Z,0.0
SP5 3AJ,SEPD,HV,1,TQ1157,1661,2026-07-11T18:36:18Z,2026-07-11T18:36:18Z,0.0
SP5 3AL,SEPD,HV,1,TQ1157,1661,2026-07-11T18:36:18Z,2026-07-11T18:36:18Z,0.0
SP5 3AR,SEPD,HV,1,TQ1157,1661,2026-07-11T18:36:18Z,2026-07-11T18:36:18Z,0.0
SP5 3AS,SEPD,HV,1,TQ1157,1661,2026-07-11T18:36:18Z,2026-07-11T18:36:18Z,0.0
SP5 3AT,SEPD,HV,1,TQ1157,1661,2026-07-11T18:36:18Z,2026-07-11T18:36:18Z,0.0
SP5 3AU,SEPD,HV,1,TQ1157,1661,2026-07-11T18:36:18Z,2026-07-11T18:36:18Z,0.0
SP5 3AX,SEPD,HV,1,TQ1157,1661,2026-07-11T18:36:18Z,2026-07-11T18:36:18Z,0.0
SP5 3AZ,SEPD,HV,1,TQ1157,1661,2026-07-11T18:36:18Z,2026-07-11T18:36:18Z,0.0
SP5 3BA,SEPD,HV,1,TQ1157,1661,2026-07-11T18:36:18Z,2026-07-11T18:36:18Z,0.0
SP5 3BB,SEPD,HV,1,TQ1157,1661,2026-07-11T18:36:18Z,2026-07-11T18:36:18Z,0.0
SP5 3BD,SEPD,HV,1,TQ1157,1661,2026-07-11T18:36:18Z,2026-07-11T18:36:18Z,0.0
SP5 3BE,SEPD,HV,1,TQ1157,1661,2026-07-11T18:36:18Z,2026-07-11T18:36:18Z,0.0
SP5 3BF,SEPD,HV,1,TQ1157,1661,2026-07-11T18:36:18Z,2026-07-11T18:36:18Z,0.0
SP5 3BG,SEPD,HV,1,TQ1157,1661,2026-07-11T18:36:18Z,2026-07-11T18:36:18Z,0.0
SP5 3BH,SEPD,HV,1,TQ1157,1661,2026-07-11T18:36:18Z,2026-07-11T18:36:18Z,0.0
SP5 3BJ,SEPD,HV,1,TQ1157,1661,2026-07-11T18:36:18Z,2026-07-11T18:36:18Z,0.0
SP5 3BL,SEPD,HV,1,TQ1157,1661,2026-07-11T18:36:18Z,2026-07-11T18:36:18Z,0.0
SP5 3BN,SEPD,HV,1,TQ1157,1661,2026-07-11T18:36:18Z,2026-07-11T18:36:18Z,0.0
SP5 3BQ,SEPD,HV,1,TQ1157,1661,2026-07-11T18:36:18Z,2026-07-11T18:36:18Z,0.0
SP5 3BW,SEPD,HV,1,TQ1157,1661,2026-07-11T18:36:18Z,2026-07-11T18:36:18Z,0.0
SP5 3BY,SEPD,HV,1,TQ1157,1661,2026-07-11T18:36:18Z,2026-07-11T18:36:18Z,0.0
SP5 3BZ,SEPD,HV,1,TQ1157,1661,2026-07-11T18:36:18Z,2026-07-11T18:36:18Z,0.0
SP5 3DA,SEPD,HV,1,TQ1157,1661,2026-07-11T18:36:18Z,2026-07-11T18:36:18Z,0.0
SP5 3DB,SEPD,HV,1,TQ1157,1661,2026-07-11T18:36:18Z,2026-07-11T18:36:18Z,0.0
SP5 3DD,SEPD,HV,1,TQ1157,1661,2026-07-11T18:36:18Z,2026-07-11T18:36:18Z,0.0
SP5 3DE,SEPD,HV,1,TQ1157,1661,2026-07-11T18:36:18Z,2026-07-11T18:36:18Z,0.0
SP5 3DF,SEPD,HV,1,TQ1157,1661,2026-07-11T18:36:18Z,2026-07-11T18:36:18Z,0.0
SP5 3DG,SEPD,HV,1,TQ1157,1661,2026-07-11T18:36:18Z,2026-07-11T18:36:18Z,0.0
SP5 3DJ,SEPD,HV,1,TQ1157,1661,2026-07-11T18:36:18Z,2026-07-11T18:36:18Z,0.0
SP5 3DL,SEPD,HV,1,TQ1157,1661,2026-07-11T18:36:18Z,2026-07-11T18:36:18Z,0.0
SP5 3DN,SEPD,HV,1,TQ1157,1661,2026-07-11T18:36:18Z,2026-07-11T18:36:18Z,0.0
SP5 3DP,SEPD,HV,1,TQ1157,1661,2026-07-11T18:36:18Z,2026-07-11T18:36:18Z,0.0
SP5 3DQ,SEPD,HV,1,TQ1157,1661,2026-07-11T18:36:18Z,2026-07-11T18:36:18Z,0.0
SP5 3DR,SEPD,HV,1,TQ1157,1661,2026-07-11T18:36:18Z,2026-07-11T18:36:18Z,0.0
SP5 3DS,SEPD,HV,1,TQ1157,1661,2026-07-11T18:36:18Z,2026-07-11T18:36:18Z,0.0
SP5 3DT,SEPD,HV,1,TQ1157,1661,2026-07-11T18:36:18Z,2026-07-11T18:36:18Z,0.0
SP5 3DU,SEPD,HV,1,TQ1157,1661,2026-07-11T18:36:18Z,2026-07-11T18:36:18Z,0.0
SP5 3DW,SEPD,HV,1,TQ1157,1661,2026-07-11T18:36:18Z,2026-07-11T18:36:18Z,0.0
SP5 3DX,SEPD,HV,1,TQ1157,1661,2026-07-11T18:36:18Z,2026-07-11T18:36:18Z,0.0
SP5 3DY,SEPD,HV,1,TQ1157,1661,2026-07-11T18:36:18Z,2026-07-11T18:36:18Z,0.0
SP5 3DZ,SEPD,HV,1,TQ1157,1661,2026-07-11T18:36:18Z,2026-07-11T18:36:18Z,0.0
SP5 3EA,SEPD,HV,1,TQ1157,1661,2026-07-11T18:36:18Z,2026-07-11T18:36:18Z,0.0
SP5 3EB,SEPD,HV,1,TQ1157,1661,2026-07-11T18:36:18Z,2026-07-11T18:36:18Z,0.0
SP5 3ED,SEPD,HV,1,TQ1157,1661,2026-07-11T18:36:18Z,2026-07-11T18:36:18Z,0.0
SP5 3EE,SEPD,HV,1,TQ1157,1661,2026-07-11T18:36:18Z,2026-07-11T18:36:18Z,0.0
SP5 3EF,SEPD,HV,1,TQ1157,1661,2026-07-11T18:36:18Z,2026-07-11T18:36:18Z,0.0
SP5 3EG,SEPD,HV,1,TQ1157,1661,2026-07-11T18:36:18Z,2026-07-11T18:36:18Z,0.0
SP5 3EH,SEPD,HV,1,TQ1157,1661,2026-07-11T18:36:18Z,2026-07-11T18:36:18Z,0.0
SP5 3EN,SEPD,HV,1,TQ1157,1661,2026-07-11T18:36:18Z,2026-07-11T18:36:18Z,0.0
SP5 3EP,SEPD,HV,1,TQ1157,1661,2026-07-11T18:36:18Z,2026-07-11T18:36:18Z,0.0
SP5 3EQ,SEPD,HV,1,TQ1157,1661,2026-07-11T18:36:18Z,2026-07-11T18:36:18Z,0.0
SP5 3EU,SEPD,HV,1,TQ1157,1661,2026-07-11T18:36:18Z,2026-07-11T18:36:18Z,0.0
SP5 3EW,SEPD,HV,1,TQ1157,1661,2026-07-11T18:36:18Z,2026-07-11T18:36:18Z,0.0
SP5 3EX,SEPD,HV,1,TQ1157,1661,2026-07-11T18:36:18Z,2026-07-11T18:36:18Z,0.0
SP5 3EY,SEPD,HV,1,TQ1157,1661,2026-07-11T18:36:18Z,2026-07-11T18:36:18Z,0.0
SP5 3EZ,SEPD,HV,1,TQ1157,1661,2026-07-11T18:36:18Z,2026-07-11T18:36:18Z,0.0
SP5 3FE,SEPD,HV,1,TQ1157,1661,2026-07-11T18:36:18Z,2026-07-11T18:36:18Z,0.0
SP5 3FJ,SEPD,HV,1,TQ1157,1661,2026-07-11T18:36:18Z,2026-07-11T18:36:18Z,0.0
SP5 3FT,SEPD,HV,1,TQ1157,1661,2026-07-11T18:36:18Z,2026-07-11T18:36:18Z,0.0
SP5 3FU,SEPD,HV,1,TQ1157,1661,2026-07-11T18:36:18Z,2026-07-11T18:36:18Z,0.0
SP5 3FW,SEPD,HV,1,TQ1157,1661,2026-07-11T18:36:18Z,2026-07-11T18:36:18Z,0.0
SP5 3FX,SEPD,HV,1,TQ1157,1661,2026-07-11T18:36:18Z,2026-07-11T18:36:18Z,0.0
SP5 3FY,SEPD,HV,1,TQ1157,1661,2026-07-11T18:36:18Z,2026-07-11T18:36:18Z,0.0
SP5 3HA,SEPD,HV,1,TQ1157,1661,2026-07-11T18:36:18Z,2026-07-11T18:36:18Z,0.0
SP5 3HB,SEPD,HV,1,TQ1157,1661,2026-07-11T18:36:18Z,2026-07-11T18:36:18Z,0.0
SP5 3HD,SEPD,HV,1,TQ1157,1661,2026-07-11T18:36:18Z,2026-07-11T18:36:18Z,0.0
SP5 3HE,SEPD,HV,1,TQ1157,1661,2026-07-11T18:36:18Z,2026-07-11T18:36:18Z,0.0
SP5 3HF,SEPD,HV,1,TQ1157,1661,2026-07-11T18:36:18Z,2026-07-11T18:36:18Z,0.0
SP5 3HT,SEPD,HV,1,TQ1157,1661,2026-07-11T18:36:18Z,2026-07-11T18:36:18Z,0.0
SP5 3NY,SEPD,HV,1,TQ1157,1661,2026-07-11T18:36:18Z,2026-07-11T18:36:18Z,0.0
SP5 3PA,SEPD,HV,1,TQ1157,1661,2026-07-11T18:36:18Z,2026-07-11T18:36:18Z,0.0
SP5 3QG,SEPD,HV,1,TQ1157,1661,2026-07-11T18:36:18Z,2026-07-11T18:36:18Z,0.0
SP5 3QJ,SEPD,HV,1,TQ1157,1661,2026-07-11T18:36:18Z,2026-07-11T18:36:18Z,0.0
SP5 3QR,SEPD,HV,1,TQ1157,1661,2026-07-11T18:36:18Z,2026-07-11T18:36:18Z,0.0
SP5 3QS,SEPD,HV,1,TQ1157,1661,2026-07-11T18:36:18Z,2026-07-11T18:36:18Z,0.0
SP5 3QT,SEPD,HV,1,TQ1157,1661,2026-07-11T18:36:18Z,2026-07-11T18:36:18Z,0.0
SP5 3QU,SEPD,HV,1,TQ1157,1661,2026-07-11T18:36:18Z,2026-07-11T18:36:18Z,0.0
SP5 3QX,SEPD,HV,1,TQ1157,1661,2026-07-11T18:36:18Z,2026-07-11T18:36:18Z,0.0
SP5 3QY,SEPD,HV,1,TQ1157,1661,2026-07-11T18:36:18Z,2026-07-11T18:36:18Z,0.0
SP5 3RE,SEPD,HV,1,TQ1157,1661,2026-07-11T18:36:18Z,2026-07-11T18:36:18Z,0.0
SP5 3RF,SEPD,HV,1,TQ1157,1661,2026-07-11T18:36:18Z,2026-07-11T18:36:18Z,0.0
SP5 3RG,SEPD,HV,1,TQ1157,1661,2026-07-11T18:36:18Z,2026-07-11T18:36:18Z,0.0
SP5 3RH,SEPD,HV,1,TQ1157,1661,2026-07-11T18:36:18Z,2026-07-11T18:36:18Z,0.0
SP5 3RJ,SEPD,HV,1,TQ1157,1661,2026-07-11T18:36:18Z,2026-07-11T18:36:18Z,0.0
SP5 3RL,SEPD,HV,1,TQ1157,1661,2026-07-11T18:36:18Z,2026-07-11T18:36:18Z,0.0
SP5 3RN,SEPD,HV,1,TQ1157,1661,2026-07-11T18:36:18Z,2026-07-11T18:36:18Z,0.0
SP5 3RP,SEPD,HV,1,TQ1157,1661,2026-07-11T18:36:18Z,2026-07-11T18:36:18Z,0.0
SP5 3RQ,SEPD,HV,1,TQ1157,1661,2026-07-11T18:36:18Z,2026-07-11T18:36:18Z,0.0
SP5 3RR,SEPD,HV,1,TQ1157,1661,2026-07-11T18:36:18Z,2026-07-11T18:36:18Z,0.0
SP5 3RS,SEPD,HV,1,TQ1157,1661,2026-07-11T18:36:18Z,2026-07-11T18:36:18Z,0.0
SP5 3RT,SEPD,HV,1,TQ1157,1661,2026-07-11T18:36:18Z,2026-07-11T18:36:18Z,0.0
SP5 3RU,SEPD,HV,1,TQ1157,1661,2026-07-11T18:36:18Z,2026-07-11T18:36:18Z,0.0
SP5 3RW,SEPD,HV,1,TQ1157,1661,2026-07-11T18:36:18Z,2026-07-11T18:36:18Z,0.0
SP5 3RX,SEPD,HV,1,TQ1157,1661,2026-07-11T18:36:18Z,2026-07-11T18:36:18Z,0.0
SP5 3RY,SEPD,HV,1,TQ1157,1661,2026-07-11T18:36:18Z,2026-07-11T18:36:18Z,0.0
SP5 3RZ,SEPD,HV,1,TQ1157,1661,2026-07-11T18:36:18Z,2026-07-11T18:36:18Z,0.0
SP5 3SA,SEPD,HV,1,TQ1157,1661,2026-07-11T18:36:18Z,2026-07-11T18:36:18Z,0.0
SP5 3SB,SEPD,HV,1,TQ1157,1661,2026-07-11T18:36:18Z,2026-07-11T18:36:18Z,0.0
SP5 3SD,SEPD,HV,1,TQ1157,1661,2026-07-11T18:36:18Z,2026-07-11T18:36:18Z,0.0
SP5 3SE,SEPD,HV,1,TQ1157,1661,2026-07-11T18:36:18Z,2026-07-11T18:36:18Z,0.0
SP5 3SF,SEPD,HV,1,TQ1157,1661,2026-07-11T18:36:18Z,2026-07-11T18:36:18Z,0.0
SP5 3SG,SEPD,HV,1,TQ1157,1661,2026-07-11T18:36:18Z,2026-07-11T18:36:18Z,0.0
SP5 3SH,SEPD,HV,1,TQ1157,1661,2026-07-11T18:36:18Z,2026-07-11T18:36:18Z,0.0
SP5 3SJ,SEPD,HV,1,TQ1157,1661,2026-07-11T18:36:18Z,2026-07-11T18:36:18Z,0.0
SP5 3SN,SEPD,HV,1,TQ1157,1661,2026-07-11T18:36:18Z,2026-07-11T18:36:18Z,0.0
SP5 3SP,SEPD,HV,1,TQ1157,1661,2026-07-11T18:36:18Z,2026-07-11T18:36:18Z,0.0
SP5 3SQ,SEPD,HV,1,TQ1157,1661,2026-07-11T18:36:18Z,2026-07-11T18:36:18Z,0.0
SP5 3TA,SEPD,HV,1,TQ1157,1661,2026-07-11T18:36:18Z,2026-07-11T18:36:18Z,0.0
SP5 3TB,SEPD,HV,1,TQ1157,1661,2026-07-11T18:36:18Z,2026-07-11T18:36:18Z,0.0
SP5 3TD,SEPD,HV,1,TQ1157,1661,2026-07-11T18:36:18Z,2026-07-11T18:36:18Z,0.0
SP5 3TE,SEPD,HV,1,TQ1157,1661,2026-07-11T18:36:18Z,2026-07-11T18:36:18Z,0.0
SP5 3TF,SEPD,HV,1,TQ1157,1661,2026-07-11T18:36:18Z,2026-07-11T18:36:18Z,0.0
SP5 3TG,SEPD,HV,1,TQ1157,1661,2026-07-11T18:36:18Z,2026-07-11T18:36:18Z,0.0
SP5 3TH,SEPD,HV,1,TQ1157,1661,2026-07-11T18:36:18Z,2026-07-11T18:36:18Z,0.0
SP5 3TL,SEPD,HV,1,TQ1157,1661,2026-07-11T18:36:18Z,2026-07-11T18:36:18Z,0.0
SP5 3TQ,SEPD,HV,1,TQ1157,1661,2026-07-11T18:36:18Z,2026-07-11T18:36:18Z,0.0
SP7 0AP,SEPD,LV,1,TP8520,2,2026-07-10T08:42:42Z,2026-07-10T08:42:42Z,0.0
SP7 0AS,SEPD,LV,1,TP8520,2,2026-07-10T08:42:42Z,2026-07-10T08:42:42Z,0.0
SP7 0JA,SEPD,PSI,1,253303,2,2026-07-12T15:29:48Z,2026-07-12T15:29:48Z,0.0
SP9,SEPD,HV,1,TQ1157,1661,2026-07-11T18:36:18Z,2026-07-11T18:36:18Z,0.0
TW13 5HG,SEPD,LV,1,TQ7729,4,2026-07-15T08:56:31Z,2026-07-15T08:56:31Z,0.0
TW14 8BN,SEPD,LV,1,TP7893,44,2026-07-09T18:54:38Z,2026-07-09T18:54:38Z,0.0
TW14 8BP,SEPD,LV,1,TP7893,44,2026-07-09T18:54:38Z,2026-07-09T18:54:38Z,0.0
TW14 8BS,SEPD,LV,1,TP7893,44,2026-07-09T18:54:38Z,2026-07-09T18:54:38Z,0.0
TW14 8DJ,SEPD,LV,1,TP7893,44,2026-07-09T18:54:38Z,2026-07-09T18:54:38Z,0.0
TW14 8DN,SEPD,LV,1,TP7893,44,2026-07-09T18:54:38Z,2026-07-09T18:54:38Z,0.0
TW14 8DR,SEPD,LV,1,TP7893,44,2026-07-09T18:54:38Z,2026-07-09T18:54:38Z,0.0
TW14 8DW,SEPD,LV,1,TP7893,44,2026-07-09T18:54:38Z,2026-07-09T18:54:38Z,0.0
TW14 8EN,SEPD,LV,1,TP7893,44,2026-07-09T18:54:38Z,2026-07-09T18:54:38Z,0.0
TW14 8FG,SEPD,LV,1,TP7893,44,2026-07-09T18:54:38Z,2026-07-09T18:54:38Z,0.0
TW14 8HR,SEPD,LV,1,TP7893,44,2026-07-09T18:54:38Z,2026-07-09T18:54:38Z,0.0
TW15 3JX,SEPD,LV,1,TP9128,15,2026-07-10T13:35:06Z,2026-07-10T13:35:06Z,0.0
TW15 3LH,SEPD,LV,1,TP9128,15,2026-07-10T13:35:06Z,2026-07-10T13:35:06Z,0.0
TW15 3LQ,SEPD,LV,1,TP9128,15,2026-07-10T13:35:06Z,2026-07-10T13:35:06Z,0.0
TW15 3NE,SEPD,LV,1,TQ8225,37,2026-07-15T12:20:28Z,2026-07-15T12:20:28Z,0.0
TW15 3NJ,SEPD,LV,1,TQ8225,37,2026-07-15T12:20:28Z,2026-07-15T12:20:28Z,0.0
TW15 3NL,SEPD,LV,1,TQ8225,37,2026-07-15T12:20:28Z,2026-07-15T12:20:28Z,0.0
TW15 3NN,SEPD,LV,1,TQ8225,37,2026-07-15T12:20:28Z,2026-07-15T12:20:28Z,0.0
TW15 3NP,SEPD,LV,1,TQ8225,37,2026-07-15T12:20:28Z,2026-07-15T12:20:28Z,0.0
TW15 3NR,SEPD,LV,1,TQ8225,37,2026-07-15T12:20:28Z,2026-07-15T12:20:28Z,0.0
TW15 3NW,SEPD,LV,1,TQ8225,37,2026-07-15T12:20:28Z,2026-07-15T12:20:28Z,0.0
TW7 6BJ,SEPD,LV,1,TP9262,29,2026-07-10T13:35:06Z,2026-07-10T13:35:06Z,0.0
TW7 6BT,SEPD,LV,1,TP9262,29,2026-07-10T13:35:06Z,2026-07-10T13:35:06Z,0.0
TW7 6RH,SEPD,LV,1,TP9262,29,2026-07-10T13:35:06Z,2026-07-10T13:35:06Z,0.0
TW7 6RQ,SEPD,LV,1,TP9262,29,2026-07-10T13:35:06Z,2026-07-10T13:35:06Z,0.0
UB1 1EX,SEPD,LV,1,TP7934,16,2026-07-09T18:54:38Z,2026-07-09T18:54:38Z,0.0
UB1 1HA,SEPD,LV,1,TP7934,16,2026-07-09T18:54:38Z,2026-07-09T18:54:38Z,0.0
UB1 1LR,SEPD,LV,1,TP7934,16,2026-07-09T18:54:38Z,2026-07-09T18:54:38Z,0.0
UB1 1LX,SEPD,LV,1,TP7934,16,2026-07-09T18:54:38Z,2026-07-09T18:54:38Z,0.0
UB1 1LZ,SEPD,LV,1,TP7934,16,2026-07-09T18:54:38Z,2026-07-09T18:54:38Z,0.0
UB10 0DB,SEPD,LV,1,TH9394,29,2026-07-15T10:57:49Z,2026-07-15T10:57:49Z,0.0
UB10 0DS,SEPD,LV,1,TH9394,29,2026-07-15T10:57:49Z,2026-07-15T10:57:49Z,0.0
UB10 0DU,SEPD,LV,1,TH9394,29,2026-07-15T10:57:49Z,2026-07-15T10:57:49Z,0.0
UB3 4ED,SEPD,LV,1,TP8506,6,2026-07-10T08:42:42Z,2026-07-10T08:42:42Z,0.0
UB3 4EZ,SEPD,LV,1,TP8506,6,2026-07-10T08:42:42Z,2026-07-10T08:42:42Z,0.0
UB3 4HD,SEPD,LV,1,TP8506,6,2026-07-10T08:42:42Z,2026-07-10T08:42:42Z,0.0
UB3 4HF,SEPD,LV,1,TP8506,6,2026-07-10T08:42:42Z,2026-07-10T08:42:42Z,0.0
UB5 5AD,SEPD,LV,1,TP8179,19,2026-07-09T22:16:17Z,2026-07-09T22:16:17Z,0.0
UB5 5AJ,SEPD,LV,1,TP8179,19,2026-07-09T22:16:17Z,2026-07-09T22:16:17Z,0.0
UB5 5EG,SEPD,LV,1,TP8179,19,2026-07-09T22:16:17Z,2026-07-09T22:16:17Z,0.0
ZE2 9PJ,SHEPD,HV,1,TQ1040,25,2026-07-11T15:38:15Z,2026-07-11T15:38:15Z,0.0
ZE2 9PL,SHEPD,HV,1,TQ1040,25,2026-07-11T15:38:15Z,2026-07-11T15:38:15Z,0.0
ZE2 9QX,SHEPD,HV,1,TQ1040,25,2026-07-11T15:38:15Z,2026-07-11T15:38:15Z,0.0
ZE2 9XB,SHEPD,HV,1,TQ1040,25,2026-07-11T15:38:15Z,2026-07-11T15:38:15Z,0.0
