postcode,network,outage_type,outage_count,outage_refs,total_customers_affected,first_seen,last_seen,time_off_supply_hours_total_approx
RG14 1LU,SEPD,LV,1,TT4028,17,2026-08-01T20:31:44Z,2026-08-03T04:52:38Z,32.35
RG14 2DZ,SEPD,LV,1,TT4028,17,2026-08-01T20:31:44Z,2026-08-03T04:52:38Z,32.35
RG14 2EP,SEPD,LV,1,TT4028,17,2026-08-01T20:31:44Z,2026-08-03T04:52:38Z,32.35
RG14 2JG,SEPD,LV,1,TT4028,17,2026-08-01T20:31:44Z,2026-08-03T04:52:38Z,32.35
RG14 2JH,SEPD,LV,1,TT4028,17,2026-08-01T20:31:44Z,2026-08-03T04:52:38Z,32.35
RG14 3AA,SEPD,LV,1,TT4028,17,2026-08-01T20:31:44Z,2026-08-03T04:52:38Z,32.35
SL6 0EE,SEPD,"PSI,HV",3,"252577,252589,TT2790",80,2026-07-28T09:59:59Z,2026-08-01T13:53:13Z,26.6
SL6 0EA,SEPD,"PSI,HV",2,"252589,TT2790",37,2026-07-28T09:59:59Z,2026-08-01T13:53:13Z,24.36
SL6 0EF,SEPD,"PSI,HV",2,"252589,TT2790",37,2026-07-28T09:59:59Z,2026-08-01T13:53:13Z,24.36
SL6 0EL,SEPD,"PSI,HV",2,"252589,TT2790",37,2026-07-28T09:59:59Z,2026-08-01T13:53:13Z,24.36
SL6 0PR,SEPD,"PSI,HV",2,"252589,TT2790",37,2026-07-28T09:59:59Z,2026-08-01T13:53:13Z,24.36
SO22 6DR,SEPD,LV,1,TM4589,15,2026-07-28T09:59:59Z,2026-07-29T10:05:32Z,24.09
SO22 6EW,SEPD,LV,1,TM4589,15,2026-07-28T09:59:59Z,2026-07-29T10:05:32Z,24.09
SO22 6RD,SEPD,LV,1,TM4589,15,2026-07-28T09:59:59Z,2026-07-29T10:05:32Z,24.09
IV1 3AD,SHEPD,HV,1,TT3885,21,2026-08-01T16:07:57Z,2026-08-02T16:12:13Z,24.07
IV1 3AE,SHEPD,HV,1,TT3885,21,2026-08-01T16:07:57Z,2026-08-02T16:12:13Z,24.07
IV1 3XB,SHEPD,HV,1,TT3885,21,2026-08-01T16:07:57Z,2026-08-02T16:12:13Z,24.07
IV1 3XP,SHEPD,HV,1,TT3885,21,2026-08-01T16:07:57Z,2026-08-02T16:12:13Z,24.07
IV1 3ZD,SHEPD,HV,1,TT3885,21,2026-08-01T16:07:57Z,2026-08-02T16:12:13Z,24.07
BA12 9AN,SEPD,LV,5,"TS8406,TS9354,TS9646,TT1343,TT3721",55,2026-07-29T10:05:32Z,2026-08-02T12:11:54Z,24.0
BA12 9NP,SEPD,LV,5,"TS8406,TS9354,TS9646,TT1343,TT3721",55,2026-07-29T10:05:32Z,2026-08-02T12:11:54Z,24.0
OX1 5NA,SEPD,HV,2,"TT1947,TT3686",274,2026-07-31T12:22:49Z,2026-08-01T13:53:13Z,23.76
OX1 5ND,SEPD,HV,2,"TT1947,TT3686",274,2026-07-31T12:22:49Z,2026-08-01T13:53:13Z,23.76
OX1 5NE,SEPD,HV,2,"TT1947,TT3686",274,2026-07-31T12:22:49Z,2026-08-01T13:53:13Z,23.76
OX13 6QS,SEPD,HV,2,"TT1947,TT3686",274,2026-07-31T12:22:49Z,2026-08-01T13:53:13Z,23.76
OX13 6QT,SEPD,HV,2,"TT1947,TT3686",274,2026-07-31T12:22:49Z,2026-08-01T13:53:13Z,23.76
OX13 6QU,SEPD,HV,2,"TT1947,TT3686",274,2026-07-31T12:22:49Z,2026-08-01T13:53:13Z,23.76
OX13 6QY,SEPD,HV,2,"TT1947,TT3686",274,2026-07-31T12:22:49Z,2026-08-01T13:53:13Z,23.76
OX13 6RA,SEPD,HV,2,"TT1947,TT3686",274,2026-07-31T12:22:49Z,2026-08-01T13:53:13Z,23.76
OX13 6RF,SEPD,HV,2,"TT1947,TT3686",274,2026-07-31T12:22:49Z,2026-08-01T13:53:13Z,23.76
OX13 6RG,SEPD,HV,2,"TT1947,TT3686",274,2026-07-31T12:22:49Z,2026-08-01T13:53:13Z,23.76
OX14 2HX,SEPD,HV,2,"TT1947,TT3686",274,2026-07-31T12:22:49Z,2026-08-01T13:53:13Z,23.76
OX14 2HY,SEPD,HV,2,"TT1947,TT3686",274,2026-07-31T12:22:49Z,2026-08-01T13:53:13Z,23.76
OX14 2HZ,SEPD,HV,2,"TT1947,TT3686",274,2026-07-31T12:22:49Z,2026-08-01T13:53:13Z,23.76
OX14 2JA,SEPD,HV,2,"TT1947,TT3686",274,2026-07-31T12:22:49Z,2026-08-01T13:53:13Z,23.76
RG40 1RP,SEPD,LV,3,"TS4912,TS6480,TS8111",66,2026-07-27T11:54:03Z,2026-07-29T14:35:46Z,23.3
RG40 1RS,SEPD,LV,3,"TS4912,TS6480,TS8111",66,2026-07-27T11:54:03Z,2026-07-29T14:35:46Z,23.3
RG40 1RU,SEPD,LV,3,"TS4912,TS6480,TS8111",66,2026-07-27T11:54:03Z,2026-07-29T14:35:46Z,23.3
RG4 5AL,SEPD,LV,1,TT3211,50,2026-08-01T11:01:52Z,2026-08-02T09:26:51Z,22.42
RG4 5AP,SEPD,LV,1,TT3211,50,2026-08-01T11:01:52Z,2026-08-02T09:26:51Z,22.42
RG4 5AS,SEPD,LV,1,TT3211,50,2026-08-01T11:01:52Z,2026-08-02T09:26:51Z,22.42
RG4 5AT,SEPD,LV,1,TT3211,50,2026-08-01T11:01:52Z,2026-08-02T09:26:51Z,22.42
RG4 5BA,SEPD,LV,1,TT3211,50,2026-08-01T11:01:52Z,2026-08-02T09:26:51Z,22.42
RG4 5BB,SEPD,LV,1,TT3211,50,2026-08-01T11:01:52Z,2026-08-02T09:26:51Z,22.42
RG4 5BE,SEPD,LV,1,TT3211,50,2026-08-01T11:01:52Z,2026-08-02T09:26:51Z,22.42
TW19 7AA,SEPD,LV,1,TS3404,31,2026-08-01T11:01:52Z,2026-08-02T09:26:51Z,22.42
TW19 7AB,SEPD,LV,1,TS3404,31,2026-08-01T11:01:52Z,2026-08-02T09:26:51Z,22.42
TW19 7AD,SEPD,LV,1,TS3404,31,2026-08-01T11:01:52Z,2026-08-02T09:26:51Z,22.42
TW19 7BA,SEPD,LV,1,TS3404,31,2026-08-01T11:01:52Z,2026-08-02T09:26:51Z,22.42
TW19 7TT,SEPD,LV,1,TS3404,31,2026-08-01T11:01:52Z,2026-08-02T09:26:51Z,22.42
SL6 0EB,SEPD,"PSI,HV",3,"252577,252634,TT2790",66,2026-07-27T11:54:03Z,2026-08-01T13:53:13Z,20.28
SL6 0BG,SEPD,"PSI,HV",2,"252577,TT2790",59,2026-07-29T10:05:32Z,2026-08-01T13:53:13Z,20.22
RG19 4NA,SEPD,LV,1,TT3507,2,2026-08-01T13:53:13Z,2026-08-02T09:26:51Z,19.56
W4 1PD,SEPD,LV,1,TT4413,8,2026-08-02T09:26:51Z,2026-08-03T04:52:38Z,19.43
W4 2DR,SEPD,LV,1,TT4413,8,2026-08-02T09:26:51Z,2026-08-03T04:52:38Z,19.43
W4 2DW,SEPD,LV,1,TT4413,8,2026-08-02T09:26:51Z,2026-08-03T04:52:38Z,19.43
W4 2EY,SEPD,LV,1,TT4413,8,2026-08-02T09:26:51Z,2026-08-03T04:52:38Z,19.43
SN16 9AA,SEPD,LV,1,TT0557,9,2026-07-30T12:59:00Z,2026-07-31T07:40:50Z,18.7
SN16 9AF,SEPD,LV,1,TT0557,9,2026-07-30T12:59:00Z,2026-07-31T07:40:50Z,18.7
SN16 9AU,SEPD,LV,1,TT0557,9,2026-07-30T12:59:00Z,2026-07-31T07:40:50Z,18.7
SN16 9HH,SEPD,LV,1,TT0557,9,2026-07-30T12:59:00Z,2026-07-31T07:40:50Z,18.7
BH24 2JH,SEPD,LV,1,TT4023,10,2026-08-01T19:36:36Z,2026-08-02T13:56:57Z,18.34
BH24 2JL,SEPD,LV,1,TT4023,10,2026-08-01T19:36:36Z,2026-08-02T13:56:57Z,18.34
BH24 2JN,SEPD,LV,1,TT4023,10,2026-08-01T19:36:36Z,2026-08-02T13:56:57Z,18.34
BH24 2JP,SEPD,LV,1,TT4023,10,2026-08-01T19:36:36Z,2026-08-02T13:56:57Z,18.34
RG14 1AS,SEPD,LV,1,TT1229,18,2026-07-30T22:34:20Z,2026-07-31T16:49:46Z,18.26
RG14 1JB,SEPD,LV,1,TT1229,18,2026-07-30T22:34:20Z,2026-07-31T16:49:46Z,18.26
RG14 1JG,SEPD,LV,1,TT1229,18,2026-07-30T22:34:20Z,2026-07-31T16:49:46Z,18.26
RG14 1JQ,SEPD,LV,1,TT1229,18,2026-07-30T22:34:20Z,2026-07-31T16:49:46Z,18.26
RG14 1QD,SEPD,LV,1,TT1229,18,2026-07-30T22:34:20Z,2026-07-31T16:49:46Z,18.26
RG14 1XJ,SEPD,LV,1,TT1229,18,2026-07-30T22:34:20Z,2026-07-31T16:49:46Z,18.26
SL6 0AG,SEPD,HV,1,TT2790,16,2026-07-31T19:54:37Z,2026-08-01T13:53:13Z,17.98
SL6 0AH,SEPD,HV,1,TT2790,16,2026-07-31T19:54:37Z,2026-08-01T13:53:13Z,17.98
SL6 0AJ,SEPD,HV,1,TT2790,16,2026-07-31T19:54:37Z,2026-08-01T13:53:13Z,17.98
SL6 0AL,SEPD,HV,1,TT2790,16,2026-07-31T19:54:37Z,2026-08-01T13:53:13Z,17.98
SL6 0AP,SEPD,HV,1,TT2790,16,2026-07-31T19:54:37Z,2026-08-01T13:53:13Z,17.98
SL6 0DA,SEPD,HV,1,TT2790,16,2026-07-31T19:54:37Z,2026-08-01T13:53:13Z,17.98
SL6 0DD,SEPD,HV,1,TT2790,16,2026-07-31T19:54:37Z,2026-08-01T13:53:13Z,17.98
SL6 0EH,SEPD,HV,1,TT2790,16,2026-07-31T19:54:37Z,2026-08-01T13:53:13Z,17.98
SL6 0EP,SEPD,HV,1,TT2790,16,2026-07-31T19:54:37Z,2026-08-01T13:53:13Z,17.98
SL6 0ES,SEPD,HV,1,TT2790,16,2026-07-31T19:54:37Z,2026-08-01T13:53:13Z,17.98
SL6 0ET,SEPD,HV,1,TT2790,16,2026-07-31T19:54:37Z,2026-08-01T13:53:13Z,17.98
SL6 0EU,SEPD,HV,1,TT2790,16,2026-07-31T19:54:37Z,2026-08-01T13:53:13Z,17.98
SL6 0EX,SEPD,HV,1,TT2790,16,2026-07-31T19:54:37Z,2026-08-01T13:53:13Z,17.98
SL6 0EY,SEPD,HV,1,TT2790,16,2026-07-31T19:54:37Z,2026-08-01T13:53:13Z,17.98
SL6 0EZ,SEPD,HV,1,TT2790,16,2026-07-31T19:54:37Z,2026-08-01T13:53:13Z,17.98
SL6 0HG,SEPD,HV,1,TT2790,16,2026-07-31T19:54:37Z,2026-08-01T13:53:13Z,17.98
SL6 0HH,SEPD,HV,1,TT2790,16,2026-07-31T19:54:37Z,2026-08-01T13:53:13Z,17.98
SL6 0HJ,SEPD,HV,1,TT2790,16,2026-07-31T19:54:37Z,2026-08-01T13:53:13Z,17.98
SL6 0HL,SEPD,HV,1,TT2790,16,2026-07-31T19:54:37Z,2026-08-01T13:53:13Z,17.98
SL6 0HQ,SEPD,HV,1,TT2790,16,2026-07-31T19:54:37Z,2026-08-01T13:53:13Z,17.98
SL6 0JD,SEPD,HV,1,TT2790,16,2026-07-31T19:54:37Z,2026-08-01T13:53:13Z,17.98
SL6 0NP,SEPD,HV,1,TT2790,16,2026-07-31T19:54:37Z,2026-08-01T13:53:13Z,17.98
SL6 0QA,SEPD,HV,1,TT2790,16,2026-07-31T19:54:37Z,2026-08-01T13:53:13Z,17.98
BA12 6BG,SEPD,LV,1,TT4088,53,2026-08-01T21:29:41Z,2026-08-02T13:56:57Z,16.45
BA12 6BH,SEPD,LV,1,TT4088,53,2026-08-01T21:29:41Z,2026-08-02T13:56:57Z,16.45
BA12 6BN,SEPD,LV,1,TT4088,53,2026-08-01T21:29:41Z,2026-08-02T13:56:57Z,16.45
BA12 6BX,SEPD,LV,1,TT4088,53,2026-08-01T21:29:41Z,2026-08-02T13:56:57Z,16.45
BA12 6BZ,SEPD,LV,1,TT4088,53,2026-08-01T21:29:41Z,2026-08-02T13:56:57Z,16.45
BA12 6DF,SEPD,LV,1,TT4088,53,2026-08-01T21:29:41Z,2026-08-02T13:56:57Z,16.45
BA12 6DX,SEPD,LV,1,TT4088,53,2026-08-01T21:29:41Z,2026-08-02T13:56:57Z,16.45
BA12 6FA,SEPD,LV,1,TT4088,53,2026-08-01T21:29:41Z,2026-08-02T13:56:57Z,16.45
BA12 6FG,SEPD,LV,1,TT4088,53,2026-08-01T21:29:41Z,2026-08-02T13:56:57Z,16.45
BA12 6FJ,SEPD,LV,1,TT4088,53,2026-08-01T21:29:41Z,2026-08-02T13:56:57Z,16.45
BA12 6FR,SEPD,LV,1,TT4088,53,2026-08-01T21:29:41Z,2026-08-02T13:56:57Z,16.45
BA12 6FS,SEPD,LV,1,TT4088,53,2026-08-01T21:29:41Z,2026-08-02T13:56:57Z,16.45
SN14 8QU,SEPD,HV,1,TS7023,104,2026-07-28T12:04:41Z,2026-07-29T04:30:51Z,16.44
SN14 8QX,SEPD,HV,1,TS7023,104,2026-07-28T12:04:41Z,2026-07-29T04:30:51Z,16.44
SN14 8SD,SEPD,HV,1,TS7023,104,2026-07-28T12:04:41Z,2026-07-29T04:30:51Z,16.44
SN14 8SE,SEPD,HV,1,TS7023,104,2026-07-28T12:04:41Z,2026-07-29T04:30:51Z,16.44
SN14 8SF,SEPD,HV,1,TS7023,104,2026-07-28T12:04:41Z,2026-07-29T04:30:51Z,16.44
SO23 8FF,SEPD,LV,1,TS9912,32,2026-07-30T09:03:39Z,2026-07-31T01:14:50Z,16.19
SO23 8SJ,SEPD,LV,1,TS9912,32,2026-07-30T09:03:39Z,2026-07-31T01:14:50Z,16.19
SO23 8SP,SEPD,LV,1,TS9912,32,2026-07-30T09:03:39Z,2026-07-31T01:14:50Z,16.19
SO23 8SR,SEPD,LV,1,TS9912,32,2026-07-30T09:03:39Z,2026-07-31T01:14:50Z,16.19
SO23 8SX,SEPD,LV,1,TS9912,32,2026-07-30T09:03:39Z,2026-07-31T01:14:50Z,16.19
SO23 8SZ,SEPD,LV,1,TS9912,32,2026-07-30T09:03:39Z,2026-07-31T01:14:50Z,16.19
SO23 8TA,SEPD,LV,1,TS9912,32,2026-07-30T09:03:39Z,2026-07-31T01:14:50Z,16.19
SO23 9AP,SEPD,LV,1,TS9912,32,2026-07-30T09:03:39Z,2026-07-31T01:14:50Z,16.19
SO23 9EJ,SEPD,LV,1,TS9912,32,2026-07-30T09:03:39Z,2026-07-31T01:14:50Z,16.19
GU15 4AJ,SEPD,LV,1,TT1399,10,2026-07-31T07:40:50Z,2026-07-31T23:33:21Z,15.88
GU15 4AQ,SEPD,LV,1,TT1399,10,2026-07-31T07:40:50Z,2026-07-31T23:33:21Z,15.88
SO15 5DJ,SEPD,"PSI,LV",3,"253814,TT0881,TT3069",159,2026-07-30T16:54:29Z,2026-08-01T07:14:11Z,15.64
SO15 5DL,SEPD,"PSI,LV",3,"253814,TT0881,TT3069",159,2026-07-30T16:54:29Z,2026-08-01T07:14:11Z,15.64
TW19 6EG,SEPD,LV,1,TT2761,4,2026-07-31T19:54:37Z,2026-08-01T11:01:52Z,15.12
TW19 6EQ,SEPD,LV,1,TT2761,4,2026-07-31T19:54:37Z,2026-08-01T11:01:52Z,15.12
SN1 3JD,SEPD,LV,1,TT1307,44,2026-07-31T04:48:16Z,2026-07-31T19:54:37Z,15.11
SN1 3JF,SEPD,LV,1,TT1307,44,2026-07-31T04:48:16Z,2026-07-31T19:54:37Z,15.11
SN1 3JG,SEPD,LV,1,TT1307,44,2026-07-31T04:48:16Z,2026-07-31T19:54:37Z,15.11
SN1 3JH,SEPD,LV,1,TT1307,44,2026-07-31T04:48:16Z,2026-07-31T19:54:37Z,15.11
SN1 3JJ,SEPD,LV,1,TT1307,44,2026-07-31T04:48:16Z,2026-07-31T19:54:37Z,15.11
SN1 3JL,SEPD,LV,1,TT1307,44,2026-07-31T04:48:16Z,2026-07-31T19:54:37Z,15.11
SN1 3JN,SEPD,LV,1,TT1307,44,2026-07-31T04:48:16Z,2026-07-31T19:54:37Z,15.11
SN1 3LX,SEPD,LV,1,TT1307,44,2026-07-31T04:48:16Z,2026-07-31T19:54:37Z,15.11
SN1 3LZ,SEPD,LV,1,TT1307,44,2026-07-31T04:48:16Z,2026-07-31T19:54:37Z,15.11
SN1 3PG,SEPD,LV,1,TT1307,44,2026-07-31T04:48:16Z,2026-07-31T19:54:37Z,15.11
SN1 3PH,SEPD,LV,1,TT1307,44,2026-07-31T04:48:16Z,2026-07-31T19:54:37Z,15.11
BH14 0RR,SEPD,LV,1,TS7582,22,2026-07-28T16:22:43Z,2026-07-29T07:23:36Z,15.01
BH15 3NA,SEPD,LV,1,TS7582,22,2026-07-28T16:22:43Z,2026-07-29T07:23:36Z,15.01
BH15 3NB,SEPD,LV,1,TS7582,22,2026-07-28T16:22:43Z,2026-07-29T07:23:36Z,15.01
BH15 3NG,SEPD,LV,1,TS7582,22,2026-07-28T16:22:43Z,2026-07-29T07:23:36Z,15.01
SN10 1DY,SEPD,LV,1,TT2897,9,2026-08-01T01:09:21Z,2026-08-01T16:07:57Z,14.98
SN10 1EA,SEPD,LV,1,TT2897,9,2026-08-01T01:09:21Z,2026-08-01T16:07:57Z,14.98
SN10 1FE,SEPD,LV,1,TT2897,9,2026-08-01T01:09:21Z,2026-08-01T16:07:57Z,14.98
SN8 1TH,SEPD,LV,1,TS9569,14,2026-07-29T22:12:04Z,2026-07-30T12:59:00Z,14.78
SN8 1TJ,SEPD,LV,1,TS9569,14,2026-07-29T22:12:04Z,2026-07-30T12:59:00Z,14.78
SN8 1TS,SEPD,LV,1,TS9569,14,2026-07-29T22:12:04Z,2026-07-30T12:59:00Z,14.78
SN8 1TT,SEPD,LV,1,TS9569,14,2026-07-29T22:12:04Z,2026-07-30T12:59:00Z,14.78
BA11 2EJ,SEPD,LV,1,TT0968,19,2026-07-30T20:04:16Z,2026-07-31T10:17:29Z,14.22
BA11 2EL,SEPD,LV,1,TT0968,19,2026-07-30T20:04:16Z,2026-07-31T10:17:29Z,14.22
BA11 2EN,SEPD,LV,1,TT0968,19,2026-07-30T20:04:16Z,2026-07-31T10:17:29Z,14.22
BA11 2EP,SEPD,LV,1,TT0968,19,2026-07-30T20:04:16Z,2026-07-31T10:17:29Z,14.22
BA11 2EQ,SEPD,LV,1,TT0968,19,2026-07-30T20:04:16Z,2026-07-31T10:17:29Z,14.22
BA11 2EW,SEPD,LV,1,TT0968,19,2026-07-30T20:04:16Z,2026-07-31T10:17:29Z,14.22
BA11 2TD,SEPD,LV,1,TT0968,19,2026-07-30T20:04:16Z,2026-07-31T10:17:29Z,14.22
BA11 2TE,SEPD,LV,1,TT0968,19,2026-07-30T20:04:16Z,2026-07-31T10:17:29Z,14.22
BA11 2TL,SEPD,LV,1,TT0968,19,2026-07-30T20:04:16Z,2026-07-31T10:17:29Z,14.22
BA11 4JF,SEPD,LV,1,TT0968,19,2026-07-30T20:04:16Z,2026-07-31T10:17:29Z,14.22
HP12 4BF,SEPD,LV,1,TS9722,20,2026-07-30T06:12:17Z,2026-07-30T20:04:16Z,13.87
HP12 4BQ,SEPD,LV,1,TS9722,20,2026-07-30T06:12:17Z,2026-07-30T20:04:16Z,13.87
HP12 4FN,SEPD,LV,1,TS9722,20,2026-07-30T06:12:17Z,2026-07-30T20:04:16Z,13.87
HP12 4PZ,SEPD,LV,1,TS9722,20,2026-07-30T06:12:17Z,2026-07-30T20:04:16Z,13.87
HP12 4RG,SEPD,LV,1,TS9722,20,2026-07-30T06:12:17Z,2026-07-30T20:04:16Z,13.87
HP12 4UA,SEPD,LV,1,TS9722,20,2026-07-30T06:12:17Z,2026-07-30T20:04:16Z,13.87
W13 0EA,SEPD,LV,1,TS7633,28,2026-07-28T20:22:02Z,2026-07-29T10:05:32Z,13.72
W13 0EB,SEPD,LV,1,TS7633,28,2026-07-28T20:22:02Z,2026-07-29T10:05:32Z,13.72
SN8 1RW,SEPD,HV,1,TT2771,8,2026-07-31T19:54:37Z,2026-08-01T09:27:45Z,13.55
SP8 4JS,SEPD,LV,1,TT3009,17,2026-08-01T01:09:21Z,2026-08-01T13:53:13Z,12.73
SP8 4SP,SEPD,LV,1,TT3009,17,2026-08-01T01:09:21Z,2026-08-01T13:53:13Z,12.73
SP8 4TZ,SEPD,LV,1,TT3009,17,2026-08-01T01:09:21Z,2026-08-01T13:53:13Z,12.73
SO18 2GF,SEPD,LV,1,TS6473,22,2026-07-28T09:59:59Z,2026-07-28T22:41:25Z,12.69
SO18 2HD,SEPD,LV,1,TS6473,22,2026-07-28T09:59:59Z,2026-07-28T22:41:25Z,12.69
SO18 2JA,SEPD,LV,1,TS6473,22,2026-07-28T09:59:59Z,2026-07-28T22:41:25Z,12.69
SO18 2RQ,SEPD,LV,1,TS6473,22,2026-07-28T09:59:59Z,2026-07-28T22:41:25Z,12.69
SO18 2RR,SEPD,LV,1,TS6473,22,2026-07-28T09:59:59Z,2026-07-28T22:41:25Z,12.69
PA33 1AT,SHEPD,PSI,2,"252411,252415",6,2026-07-29T10:05:32Z,2026-07-30T15:18:57Z,12.31
PA33 1AX,SHEPD,PSI,2,"252411,252415",6,2026-07-29T10:05:32Z,2026-07-30T15:18:57Z,12.31
SP3 6PU,SEPD,"PSI,LV",2,"252311,TT3111",52,2026-07-28T09:59:59Z,2026-08-01T21:29:41Z,12.03
SP3 6QE,SEPD,"PSI,LV",2,"252311,TT3111",52,2026-07-28T09:59:59Z,2026-08-01T21:29:41Z,12.03
SP3 6QF,SEPD,"PSI,LV",2,"252311,TT3111",52,2026-07-28T09:59:59Z,2026-08-01T21:29:41Z,12.03
SP3 6QG,SEPD,"PSI,LV",2,"252311,TT3111",52,2026-07-28T09:59:59Z,2026-08-01T21:29:41Z,12.03
SP3 6QQ,SEPD,"PSI,LV",2,"252311,TT3111",52,2026-07-28T09:59:59Z,2026-08-01T21:29:41Z,12.03
RG7 1HX,SEPD,HV,1,TS5357,17,2026-07-27T11:57:34Z,2026-07-27T23:44:09Z,11.78
RG7 1HY,SEPD,HV,1,TS5357,17,2026-07-27T11:57:34Z,2026-07-27T23:44:09Z,11.78
RG7 1JA,SEPD,HV,1,TS5357,17,2026-07-27T11:57:34Z,2026-07-27T23:44:09Z,11.78
RG7 1JH,SEPD,HV,1,TS5357,17,2026-07-27T11:57:34Z,2026-07-27T23:44:09Z,11.78
RG7 1JJ,SEPD,HV,1,TS5357,17,2026-07-27T11:57:34Z,2026-07-27T23:44:09Z,11.78
UB4 8NY,SEPD,LV,1,TS6991,35,2026-07-28T12:04:41Z,2026-07-28T23:41:55Z,11.62
UB4 8NZ,SEPD,LV,1,TS6991,35,2026-07-28T12:04:41Z,2026-07-28T23:41:55Z,11.62
UB4 8PR,SEPD,LV,1,TS6991,35,2026-07-28T12:04:41Z,2026-07-28T23:41:55Z,11.62
UB4 8PU,SEPD,LV,1,TS6991,35,2026-07-28T12:04:41Z,2026-07-28T23:41:55Z,11.62
UB4 8PX,SEPD,LV,1,TS6991,35,2026-07-28T12:04:41Z,2026-07-28T23:41:55Z,11.62
UB4 8PZ,SEPD,LV,1,TS6991,35,2026-07-28T12:04:41Z,2026-07-28T23:41:55Z,11.62
UB4 8QA,SEPD,LV,1,TS6991,35,2026-07-28T12:04:41Z,2026-07-28T23:41:55Z,11.62
UB4 8QB,SEPD,LV,1,TS6991,35,2026-07-28T12:04:41Z,2026-07-28T23:41:55Z,11.62
PO14 4SG,SEPD,LV,1,TT4519,17,2026-08-02T11:03:05Z,2026-08-02T22:38:31Z,11.59
PO14 4SQ,SEPD,LV,1,TT4519,17,2026-08-02T11:03:05Z,2026-08-02T22:38:31Z,11.59
SO31 6UP,SEPD,LV,2,"TT4260,TT4265",40,2026-08-01T23:32:17Z,2026-08-02T11:03:05Z,11.51
SO31 6SB,SEPD,LV,1,TT4260,22,2026-08-01T23:32:17Z,2026-08-02T11:03:05Z,11.51
SO31 6XN,SEPD,LV,1,TT4260,22,2026-08-01T23:32:17Z,2026-08-02T11:03:05Z,11.51
SO31 6XT,SEPD,LV,1,TT4260,22,2026-08-01T23:32:17Z,2026-08-02T11:03:05Z,11.51
SO31 6ZU,SEPD,LV,1,TT4260,22,2026-08-01T23:32:17Z,2026-08-02T11:03:05Z,11.51
SO15 5DN,SEPD,LV,2,"TT0881,TT3069",84,2026-07-30T16:54:29Z,2026-08-01T07:14:11Z,11.0
SO15 5DP,SEPD,LV,2,"TT0881,TT3069",84,2026-07-30T16:54:29Z,2026-08-01T07:14:11Z,11.0
SO15 5DQ,SEPD,LV,2,"TT0881,TT3069",84,2026-07-30T16:54:29Z,2026-08-01T07:14:11Z,11.0
SO15 5DR,SEPD,LV,2,"TT0881,TT3069",84,2026-07-30T16:54:29Z,2026-08-01T07:14:11Z,11.0
SO15 5RG,SEPD,LV,2,"TT0881,TT3069",84,2026-07-30T16:54:29Z,2026-08-01T07:14:11Z,11.0
SO15 5RQ,SEPD,LV,2,"TT0881,TT3069",84,2026-07-30T16:54:29Z,2026-08-01T07:14:11Z,11.0
SO15 5SA,SEPD,LV,2,"TT0881,TT3069",84,2026-07-30T16:54:29Z,2026-08-01T07:14:11Z,11.0
PO9 3JH,SEPD,PSI,1,252227,4,2026-08-02T18:15:47Z,2026-08-03T04:52:38Z,10.61
PO9 3NB,SEPD,PSI,1,252227,4,2026-08-02T18:15:47Z,2026-08-03T04:52:38Z,10.61
SN12 6EX,SEPD,LV,2,"TT3567,TT3684",40,2026-08-01T12:08:39Z,2026-08-02T01:10:04Z,10.24
SN12 6HL,SEPD,LV,2,"TT3567,TT3684",40,2026-08-01T12:08:39Z,2026-08-02T01:10:04Z,10.24
SN12 7NN,SEPD,LV,2,"TT3567,TT3684",40,2026-08-01T12:08:39Z,2026-08-02T01:10:04Z,10.24
SN12 7NP,SEPD,LV,2,"TT3567,TT3684",40,2026-08-01T12:08:39Z,2026-08-02T01:10:04Z,10.24
SN12 7NS,SEPD,LV,2,"TT3567,TT3684",40,2026-08-01T12:08:39Z,2026-08-02T01:10:04Z,10.24
SN12 7NW,SEPD,LV,2,"TT3567,TT3684",40,2026-08-01T12:08:39Z,2026-08-02T01:10:04Z,10.24
RG5 4QS,SEPD,LV,7,"TT0182,TT1300,TT1353,TT3034,TT3907,TT4463,TT4920",49,2026-07-30T11:20:22Z,2026-08-02T23:40:34Z,10.07
RG5 4QU,SEPD,LV,7,"TT0182,TT1300,TT1353,TT3034,TT3907,TT4463,TT4920",49,2026-07-30T11:20:22Z,2026-08-02T23:40:34Z,10.07
RG5 4SE,SEPD,LV,7,"TT0182,TT1300,TT1353,TT3034,TT3907,TT4463,TT4920",49,2026-07-30T11:20:22Z,2026-08-02T23:40:34Z,10.07
HP11 2QR,SEPD,LV,1,TS9060,17,2026-07-29T17:37:47Z,2026-07-30T03:38:05Z,10.01
HP11 2QU,SEPD,LV,1,TS9060,17,2026-07-29T17:37:47Z,2026-07-30T03:38:05Z,10.01
HP11 2QW,SEPD,LV,1,TS9060,17,2026-07-29T17:37:47Z,2026-07-30T03:38:05Z,10.01
HP11 2RS,SEPD,LV,1,TS9060,17,2026-07-29T17:37:47Z,2026-07-30T03:38:05Z,10.01
HP11 2SE,SEPD,LV,1,TS9060,17,2026-07-29T17:37:47Z,2026-07-30T03:38:05Z,10.01
HP11 2TE,SEPD,LV,1,TS9060,17,2026-07-29T17:37:47Z,2026-07-30T03:38:05Z,10.01
HP11 2TF,SEPD,LV,1,TS9060,17,2026-07-29T17:37:47Z,2026-07-30T03:38:05Z,10.01
BH23 5FE,SEPD,LV,1,TT0779,32,2026-07-30T15:18:57Z,2026-07-31T01:14:50Z,9.93
BH23 5PU,SEPD,LV,1,TT0779,32,2026-07-30T15:18:57Z,2026-07-31T01:14:50Z,9.93
BH23 5PX,SEPD,LV,1,TT0779,32,2026-07-30T15:18:57Z,2026-07-31T01:14:50Z,9.93
BH23 5PY,SEPD,LV,1,TT0779,32,2026-07-30T15:18:57Z,2026-07-31T01:14:50Z,9.93
BH23 5QP,SEPD,LV,1,TT0779,32,2026-07-30T15:18:57Z,2026-07-31T01:14:50Z,9.93
BH23 5QS,SEPD,LV,1,TT0779,32,2026-07-30T15:18:57Z,2026-07-31T01:14:50Z,9.93
SO19 9QY,SEPD,LV,1,TT0750,20,2026-07-30T15:18:57Z,2026-07-31T01:14:50Z,9.93
SO19 9QZ,SEPD,LV,1,TT0750,20,2026-07-30T15:18:57Z,2026-07-31T01:14:50Z,9.93
UB6 0EJ,SEPD,"PSI,LV",3,"253111,TT0641,TT5253",329,2026-07-30T12:59:00Z,2026-08-03T11:54:02Z,9.37
UB6 0HL,SEPD,"PSI,LV",3,"253111,TT0641,TT5253",329,2026-07-30T12:59:00Z,2026-08-03T11:54:02Z,9.37
UB6 0HR,SEPD,"PSI,LV",3,"253111,TT0641,TT5253",329,2026-07-30T12:59:00Z,2026-08-03T11:54:02Z,9.37
UB6 0HW,SEPD,"PSI,LV",3,"253111,TT0641,TT5253",329,2026-07-30T12:59:00Z,2026-08-03T11:54:02Z,9.37
UB6 0JJ,SEPD,"PSI,LV",3,"253111,TT0641,TT5253",329,2026-07-30T12:59:00Z,2026-08-03T11:54:02Z,9.37
UB6 0LQ,SEPD,"PSI,LV",3,"253111,TT0641,TT5253",329,2026-07-30T12:59:00Z,2026-08-03T11:54:02Z,9.37
SN3 4QR,SEPD,LV,1,TT4294,13,2026-08-02T04:37:49Z,2026-08-02T13:56:57Z,9.32
SN3 4QX,SEPD,LV,1,TT4294,13,2026-08-02T04:37:49Z,2026-08-02T13:56:57Z,9.32
SN3 4QY,SEPD,LV,1,TT4294,13,2026-08-02T04:37:49Z,2026-08-02T13:56:57Z,9.32
KW16 3JR,SHEPD,PSI,2,"253220,253222",107,2026-07-28T09:59:59Z,2026-07-28T14:35:16Z,9.18
SN10 5RU,SEPD,LV,1,TS7485,28,2026-07-28T14:35:16Z,2026-07-28T23:41:55Z,9.11
SN10 5RX,SEPD,LV,1,TS7485,28,2026-07-28T14:35:16Z,2026-07-28T23:41:55Z,9.11
SN10 5RZ,SEPD,LV,1,TS7485,28,2026-07-28T14:35:16Z,2026-07-28T23:41:55Z,9.11
SN10 5SA,SEPD,LV,1,TS7485,28,2026-07-28T14:35:16Z,2026-07-28T23:41:55Z,9.11
HS2 9NP,SHEPD,PSI,2,"253008,253045",117,2026-07-28T09:59:59Z,2026-07-29T14:35:46Z,9.09
OX12 0DE,SEPD,LV,4,"TS4731,TS9346,TS9490,TS9668",93,2026-07-28T22:41:25Z,2026-07-30T03:38:05Z,8.97
OX12 0NE,SEPD,LV,4,"TS4731,TS9346,TS9490,TS9668",93,2026-07-28T22:41:25Z,2026-07-30T03:38:05Z,8.97
OX12 0NY,SEPD,LV,4,"TS4731,TS9346,TS9490,TS9668",93,2026-07-28T22:41:25Z,2026-07-30T03:38:05Z,8.97
OX12 0PY,SEPD,LV,4,"TS4731,TS9346,TS9490,TS9668",93,2026-07-28T22:41:25Z,2026-07-30T03:38:05Z,8.97
OX12 0PZ,SEPD,LV,4,"TS4731,TS9346,TS9490,TS9668",93,2026-07-28T22:41:25Z,2026-07-30T03:38:05Z,8.97
OX12 0QJ,SEPD,LV,4,"TS4731,TS9346,TS9490,TS9668",93,2026-07-28T22:41:25Z,2026-07-30T03:38:05Z,8.97
SN14 6AL,SEPD,HV,1,TS8103,49,2026-07-29T07:23:36Z,2026-07-29T16:09:15Z,8.76
SN14 7FF,SEPD,HV,1,TS8103,49,2026-07-29T07:23:36Z,2026-07-29T16:09:15Z,8.76
SN14 7LH,SEPD,HV,1,TS8103,49,2026-07-29T07:23:36Z,2026-07-29T16:09:15Z,8.76
SN14 7LJ,SEPD,HV,1,TS8103,49,2026-07-29T07:23:36Z,2026-07-29T16:09:15Z,8.76
SN14 7LL,SEPD,HV,1,TS8103,49,2026-07-29T07:23:36Z,2026-07-29T16:09:15Z,8.76
SN14 7LN,SEPD,HV,1,TS8103,49,2026-07-29T07:23:36Z,2026-07-29T16:09:15Z,8.76
SN14 7LZ,SEPD,HV,1,TS8103,49,2026-07-29T07:23:36Z,2026-07-29T16:09:15Z,8.76
SN14 7NE,SEPD,HV,1,TS8103,49,2026-07-29T07:23:36Z,2026-07-29T16:09:15Z,8.76
SN14 7NF,SEPD,HV,1,TS8103,49,2026-07-29T07:23:36Z,2026-07-29T16:09:15Z,8.76
SN14 7NG,SEPD,HV,1,TS8103,49,2026-07-29T07:23:36Z,2026-07-29T16:09:15Z,8.76
SN14 7NH,SEPD,HV,1,TS8103,49,2026-07-29T07:23:36Z,2026-07-29T16:09:15Z,8.76
PO41 0NJ,SEPD,LV,1,TT2448,9,2026-07-31T14:55:42Z,2026-07-31T23:33:21Z,8.63
PO41 0NP,SEPD,LV,1,TT2448,9,2026-07-31T14:55:42Z,2026-07-31T23:33:21Z,8.63
PO41 0PB,SEPD,LV,1,TT2448,9,2026-07-31T14:55:42Z,2026-07-31T23:33:21Z,8.63
PO41 0PD,SEPD,LV,1,TT2448,9,2026-07-31T14:55:42Z,2026-07-31T23:33:21Z,8.63
PO41 0PE,SEPD,LV,1,TT2448,9,2026-07-31T14:55:42Z,2026-07-31T23:33:21Z,8.63
PO41 0PF,SEPD,LV,1,TT2448,9,2026-07-31T14:55:42Z,2026-07-31T23:33:21Z,8.63
SN14 8QF,SEPD,HV,1,TS7023,104,2026-07-28T12:04:41Z,2026-07-28T20:22:02Z,8.29
SN14 8QG,SEPD,HV,1,TS7023,104,2026-07-28T12:04:41Z,2026-07-28T20:22:02Z,8.29
SN14 8QH,SEPD,HV,1,TS7023,104,2026-07-28T12:04:41Z,2026-07-28T20:22:02Z,8.29
SN14 8QJ,SEPD,HV,1,TS7023,104,2026-07-28T12:04:41Z,2026-07-28T20:22:02Z,8.29
SN14 8QL,SEPD,HV,1,TS7023,104,2026-07-28T12:04:41Z,2026-07-28T20:22:02Z,8.29
SN14 8QN,SEPD,HV,1,TS7023,104,2026-07-28T12:04:41Z,2026-07-28T20:22:02Z,8.29
SN14 8QP,SEPD,HV,1,TS7023,104,2026-07-28T12:04:41Z,2026-07-28T20:22:02Z,8.29
SN14 8QQ,SEPD,HV,1,TS7023,104,2026-07-28T12:04:41Z,2026-07-28T20:22:02Z,8.29
SN14 8QW,SEPD,HV,1,TS7023,104,2026-07-28T12:04:41Z,2026-07-28T20:22:02Z,8.29
TW7 6RG,SEPD,LV,1,TS4602,11,2026-07-27T11:54:03Z,2026-07-27T20:11:16Z,8.29
TW7 6RJ,SEPD,LV,1,TS4602,11,2026-07-27T11:54:03Z,2026-07-27T20:11:16Z,8.29
TW7 6XA,SEPD,LV,1,TS4602,11,2026-07-27T11:54:03Z,2026-07-27T20:11:16Z,8.29
TW7 7BJ,SEPD,LV,1,TS4602,11,2026-07-27T11:54:03Z,2026-07-27T20:11:16Z,8.29
TW7 7FR,SEPD,LV,1,TS4602,11,2026-07-27T11:54:03Z,2026-07-27T20:11:16Z,8.29
SO40 9HL,SEPD,PSI,1,253650,26,2026-07-27T20:11:16Z,2026-07-28T04:28:16Z,8.28
SO40 9HN,SEPD,PSI,1,253650,26,2026-07-27T20:11:16Z,2026-07-28T04:28:16Z,8.28
GU8 6QJ,SEPD,PSI,2,"252469,252620",19,2026-07-28T09:59:59Z,2026-07-29T16:09:15Z,8.14
OX12 0HH,SEPD,LV,1,TT1718,2,2026-07-31T10:17:29Z,2026-07-31T18:13:10Z,7.93
OX12 0HQ,SEPD,LV,1,TT1718,2,2026-07-31T10:17:29Z,2026-07-31T18:13:10Z,7.93
RG28 7BQ,SEPD,LV,1,TT4067,13,2026-08-02T07:17:41Z,2026-08-02T15:09:42Z,7.87
RG28 7EU,SEPD,LV,1,TT4067,13,2026-08-02T07:17:41Z,2026-08-02T15:09:42Z,7.87
RG28 7EY,SEPD,LV,1,TT4067,13,2026-08-02T07:17:41Z,2026-08-02T15:09:42Z,7.87
RG28 7EZ,SEPD,LV,1,TT4067,13,2026-08-02T07:17:41Z,2026-08-02T15:09:42Z,7.87
RG28 7HA,SEPD,LV,1,TT4067,13,2026-08-02T07:17:41Z,2026-08-02T15:09:42Z,7.87
RG4 7TQ,SEPD,LV,1,TS8758,4,2026-07-29T12:19:44Z,2026-07-29T20:01:59Z,7.7
GU16 8XH,SEPD,LV,1,TS9083,27,2026-07-29T14:35:46Z,2026-07-29T22:12:04Z,7.61
GU16 8XJ,SEPD,LV,1,TS9083,27,2026-07-29T14:35:46Z,2026-07-29T22:12:04Z,7.61
GU16 8XL,SEPD,LV,1,TS9083,27,2026-07-29T14:35:46Z,2026-07-29T22:12:04Z,7.61
GU16 8XN,SEPD,LV,1,TS9083,27,2026-07-29T14:35:46Z,2026-07-29T22:12:04Z,7.61
SO41 8HQ,SEPD,LV,2,"TS7462,TS8042",50,2026-07-28T17:50:34Z,2026-07-29T04:30:51Z,7.33
SO41 9JF,SEPD,LV,2,"TS7462,TS8042",50,2026-07-28T17:50:34Z,2026-07-29T04:30:51Z,7.33
SO41 9JQ,SEPD,LV,2,"TS7462,TS8042",50,2026-07-28T17:50:34Z,2026-07-29T04:30:51Z,7.33
SO41 9JR,SEPD,LV,2,"TS7462,TS8042",50,2026-07-28T17:50:34Z,2026-07-29T04:30:51Z,7.33
SO41 9LB,SEPD,LV,2,"TS7462,TS8042",50,2026-07-28T17:50:34Z,2026-07-29T04:30:51Z,7.33
SO40 2SG,SEPD,LV,1,TS7600,18,2026-07-28T17:50:34Z,2026-07-29T01:10:17Z,7.33
SO40 2SY,SEPD,LV,1,TS7600,18,2026-07-28T17:50:34Z,2026-07-29T01:10:17Z,7.33
BH20 6DL,SEPD,LV,1,TS8062,25,2026-07-29T07:23:36Z,2026-07-29T14:35:46Z,7.2
BH20 6DW,SEPD,LV,1,TS8062,25,2026-07-29T07:23:36Z,2026-07-29T14:35:46Z,7.2
BH20 6DY,SEPD,LV,1,TS8062,25,2026-07-29T07:23:36Z,2026-07-29T14:35:46Z,7.2
BH20 6EE,SEPD,LV,1,TS8062,25,2026-07-29T07:23:36Z,2026-07-29T14:35:46Z,7.2
BH20 6EF,SEPD,LV,1,TS8062,25,2026-07-29T07:23:36Z,2026-07-29T14:35:46Z,7.2
BH20 6HD,SEPD,LV,1,TS8062,25,2026-07-29T07:23:36Z,2026-07-29T14:35:46Z,7.2
PO30 5UX,SEPD,LV,1,TT4998,5,2026-08-03T01:15:49Z,2026-08-03T08:22:41Z,7.11
SL2 3BU,SEPD,LV,1,TT0314,9,2026-07-30T11:20:22Z,2026-07-30T18:23:56Z,7.06
SL2 3BY,SEPD,LV,1,TT0314,9,2026-07-30T11:20:22Z,2026-07-30T18:23:56Z,7.06
SL2 3BZ,SEPD,LV,1,TT0314,9,2026-07-30T11:20:22Z,2026-07-30T18:23:56Z,7.06
SL2 3DA,SEPD,LV,1,TT0314,9,2026-07-30T11:20:22Z,2026-07-30T18:23:56Z,7.06
SL2 3LY,SEPD,LV,1,TT0314,9,2026-07-30T11:20:22Z,2026-07-30T18:23:56Z,7.06
E15 4JZ,SEPD,LV,1,TT5044,55,2026-08-03T04:52:38Z,2026-08-03T11:54:02Z,7.02
W5 3JJ,SEPD,LV,1,TT5044,55,2026-08-03T04:52:38Z,2026-08-03T11:54:02Z,7.02
W5 3JT,SEPD,LV,1,TT5044,55,2026-08-03T04:52:38Z,2026-08-03T11:54:02Z,7.02
W5 3PR,SEPD,LV,1,TT5044,55,2026-08-03T04:52:38Z,2026-08-03T11:54:02Z,7.02
W5 3XH,SEPD,LV,1,TT5044,55,2026-08-03T04:52:38Z,2026-08-03T11:54:02Z,7.02
W5 3XJ,SEPD,LV,1,TT5044,55,2026-08-03T04:52:38Z,2026-08-03T11:54:02Z,7.02
W5 3XL,SEPD,LV,1,TT5044,55,2026-08-03T04:52:38Z,2026-08-03T11:54:02Z,7.02
W5 5NS,SEPD,LV,1,TT5044,55,2026-08-03T04:52:38Z,2026-08-03T11:54:02Z,7.02
W5 5QB,SEPD,LV,1,TT5044,55,2026-08-03T04:52:38Z,2026-08-03T11:54:02Z,7.02
W5 5RJ,SEPD,LV,1,TT5044,55,2026-08-03T04:52:38Z,2026-08-03T11:54:02Z,7.02
W5 5RP,SEPD,LV,1,TT5044,55,2026-08-03T04:52:38Z,2026-08-03T11:54:02Z,7.02
BH17 9DL,SEPD,LV,1,TT2703,16,2026-07-31T18:13:10Z,2026-08-01T01:09:21Z,6.94
BH17 9EX,SEPD,LV,1,TT2703,16,2026-07-31T18:13:10Z,2026-08-01T01:09:21Z,6.94
BH17 9EY,SEPD,LV,1,TT2703,16,2026-07-31T18:13:10Z,2026-08-01T01:09:21Z,6.94
BH17 9EZ,SEPD,LV,1,TT2703,16,2026-07-31T18:13:10Z,2026-08-01T01:09:21Z,6.94
BH17 9HL,SEPD,LV,1,TT2703,16,2026-07-31T18:13:10Z,2026-08-01T01:09:21Z,6.94
DD3 0AA,SHEPD,LV,1,TS7908,9,2026-07-28T21:36:02Z,2026-07-29T04:30:51Z,6.91
GU34 1LB,SEPD,LV,1,TS7894,26,2026-07-28T21:36:02Z,2026-07-29T04:30:51Z,6.91
GU34 1PN,SEPD,LV,1,TS7894,26,2026-07-28T21:36:02Z,2026-07-29T04:30:51Z,6.91
GU34 1PP,SEPD,LV,1,TS7894,26,2026-07-28T21:36:02Z,2026-07-29T04:30:51Z,6.91
GU34 1PW,SEPD,LV,1,TS7894,26,2026-07-28T21:36:02Z,2026-07-29T04:30:51Z,6.91
GU34 1QX,SEPD,LV,1,TS7894,26,2026-07-28T21:36:02Z,2026-07-29T04:30:51Z,6.91
RG24 7BT,SEPD,LV,1,TS7860,6,2026-07-28T21:36:02Z,2026-07-29T04:30:51Z,6.91
RG24 7BW,SEPD,LV,1,TS7860,6,2026-07-28T21:36:02Z,2026-07-29T04:30:51Z,6.91
RG24 7BX,SEPD,LV,1,TS7860,6,2026-07-28T21:36:02Z,2026-07-29T04:30:51Z,6.91
RG24 7DJ,SEPD,LV,1,TS7860,6,2026-07-28T21:36:02Z,2026-07-29T04:30:51Z,6.91
RG12 8WT,SEPD,LV,1,TS9770,29,2026-07-30T06:12:17Z,2026-07-30T12:59:00Z,6.78
RG12 8XY,SEPD,LV,1,TS9770,29,2026-07-30T06:12:17Z,2026-07-30T12:59:00Z,6.78
RG12 8XZ,SEPD,LV,1,TS9770,29,2026-07-30T06:12:17Z,2026-07-30T12:59:00Z,6.78
OX2 7QE,SEPD,LV,1,TT2509,10,2026-07-31T16:49:46Z,2026-07-31T23:33:21Z,6.73
OX29 4JY,SEPD,LV,1,TT2509,10,2026-07-31T16:49:46Z,2026-07-31T23:33:21Z,6.73
OX29 4QR,SEPD,LV,1,TT2509,10,2026-07-31T16:49:46Z,2026-07-31T23:33:21Z,6.73
OX29 4QT,SEPD,LV,1,TT2509,10,2026-07-31T16:49:46Z,2026-07-31T23:33:21Z,6.73
OX29 4QY,SEPD,LV,1,TT2509,10,2026-07-31T16:49:46Z,2026-07-31T23:33:21Z,6.73
RG8 7RH,SEPD,HV,1,TS9015,18,2026-07-29T17:37:47Z,2026-07-30T00:15:31Z,6.63
RG8 7RJ,SEPD,HV,1,TS9015,18,2026-07-29T17:37:47Z,2026-07-30T00:15:31Z,6.63
RG8 7RL,SEPD,HV,1,TS9015,18,2026-07-29T17:37:47Z,2026-07-30T00:15:31Z,6.63
RG8 7RN,SEPD,HV,1,TS9015,18,2026-07-29T17:37:47Z,2026-07-30T00:15:31Z,6.63
RG8 7RW,SEPD,HV,1,TS9015,18,2026-07-29T17:37:47Z,2026-07-30T00:15:31Z,6.63
SO51 0GD,SEPD,HV,2,"TT1385,TT2253",65,2026-07-31T07:40:50Z,2026-07-31T16:49:46Z,6.6
SO51 0HF,SEPD,HV,2,"TT1385,TT2253",65,2026-07-31T07:40:50Z,2026-07-31T16:49:46Z,6.6
SO51 0HG,SEPD,HV,2,"TT1385,TT2253",65,2026-07-31T07:40:50Z,2026-07-31T16:49:46Z,6.6
SO51 0HN,SEPD,HV,2,"TT1385,TT2253",65,2026-07-31T07:40:50Z,2026-07-31T16:49:46Z,6.6
SO51 0HS,SEPD,HV,2,"TT1385,TT2253",65,2026-07-31T07:40:50Z,2026-07-31T16:49:46Z,6.6
BH21 3RR,SEPD,PSI,3,"253146,253171,253172",55,2026-07-28T09:59:59Z,2026-08-01T09:27:45Z,6.58
RG14 1AZ,SEPD,LV,1,TT1229,18,2026-07-31T10:17:29Z,2026-07-31T16:49:46Z,6.54
PO8 0LE,SEPD,LV,1,TS9497,8,2026-07-29T21:08:31Z,2026-07-30T03:38:05Z,6.49
PO8 0LR,SEPD,LV,1,TS9497,8,2026-07-29T21:08:31Z,2026-07-30T03:38:05Z,6.49
PO8 0NP,SEPD,LV,1,TS9497,8,2026-07-29T21:08:31Z,2026-07-30T03:38:05Z,6.49
PO8 0NR,SEPD,LV,1,TS9497,8,2026-07-29T21:08:31Z,2026-07-30T03:38:05Z,6.49
W3 6HG,SEPD,LV,1,TS9394,31,2026-07-29T21:08:31Z,2026-07-30T03:38:05Z,6.49
W3 6HH,SEPD,LV,1,TS9394,31,2026-07-29T21:08:31Z,2026-07-30T03:38:05Z,6.49
W3 6HW,SEPD,LV,1,TS9394,31,2026-07-29T21:08:31Z,2026-07-30T03:38:05Z,6.49
W3 6JZ,SEPD,LV,1,TS9394,31,2026-07-29T21:08:31Z,2026-07-30T03:38:05Z,6.49
W3 6PD,SEPD,LV,1,TS9394,31,2026-07-29T21:08:31Z,2026-07-30T03:38:05Z,6.49
W3 6PF,SEPD,LV,1,TS9394,31,2026-07-29T21:08:31Z,2026-07-30T03:38:05Z,6.49
W3 6SX,SEPD,LV,1,TS9394,31,2026-07-29T21:08:31Z,2026-07-30T03:38:05Z,6.49
HS7 5LT,SHEPD,HV,2,"TT1460,TT4733",3334,2026-07-31T07:40:50Z,2026-08-02T21:36:12Z,6.44
HS7 5LU,SHEPD,HV,2,"TT1460,TT4733",3334,2026-07-31T07:40:50Z,2026-08-02T21:36:12Z,6.44
HS7 5PN,SHEPD,HV,2,"TT1460,TT4733",3334,2026-07-31T07:40:50Z,2026-08-02T21:36:12Z,6.44
HS7 5PP,SHEPD,HV,2,"TT1460,TT4733",3334,2026-07-31T07:40:50Z,2026-08-02T21:36:12Z,6.44
HS7 5QA,SHEPD,HV,2,"TT1460,TT4733",3334,2026-07-31T07:40:50Z,2026-08-02T21:36:12Z,6.44
SO40 9FQ,SEPD,LV,1,TS6736,13,2026-07-28T09:59:59Z,2026-07-28T16:22:43Z,6.38
SO40 9FU,SEPD,LV,1,TS6736,13,2026-07-28T09:59:59Z,2026-07-28T16:22:43Z,6.38
SO40 9FW,SEPD,LV,1,TS6736,13,2026-07-28T09:59:59Z,2026-07-28T16:22:43Z,6.38
SO40 9HZ,SEPD,LV,1,TS6736,13,2026-07-28T09:59:59Z,2026-07-28T16:22:43Z,6.38
SO40 9UZ,SEPD,LV,1,TS6736,13,2026-07-28T09:59:59Z,2026-07-28T16:22:43Z,6.38
BH22 0AZ,SEPD,PSI,2,"253249,253318",46,2026-07-30T09:03:39Z,2026-08-03T11:54:02Z,6.25
BH22 0BB,SEPD,PSI,1,253249,41,2026-07-30T09:03:39Z,2026-07-30T15:18:57Z,6.25
BH22 0BH,SEPD,PSI,1,253249,41,2026-07-30T09:03:39Z,2026-07-30T15:18:57Z,6.25
BH22 0BJ,SEPD,PSI,1,253249,41,2026-07-30T09:03:39Z,2026-07-30T15:18:57Z,6.25
BH22 0BL,SEPD,PSI,1,253249,41,2026-07-30T09:03:39Z,2026-07-30T15:18:57Z,6.25
BH22 0FB,SEPD,PSI,1,253249,41,2026-07-30T09:03:39Z,2026-07-30T15:18:57Z,6.25
BH22 0GA,SEPD,PSI,1,253249,41,2026-07-30T09:03:39Z,2026-07-30T15:18:57Z,6.25
PH1 3EY,SHEPD,PSI,1,252830,26,2026-07-30T09:03:39Z,2026-07-30T15:18:57Z,6.25
PH1 3EZ,SHEPD,PSI,1,252830,26,2026-07-30T09:03:39Z,2026-07-30T15:18:57Z,6.25
SN3 1LJ,SEPD,PSI,1,253801,11,2026-07-30T09:03:39Z,2026-07-30T15:18:57Z,6.25
SO21 1FE,SEPD,PSI,1,252391,53,2026-07-30T09:03:39Z,2026-07-30T15:18:57Z,6.25
SO21 1FT,SEPD,PSI,1,252391,53,2026-07-30T09:03:39Z,2026-07-30T15:18:57Z,6.25
SO21 1JE,SEPD,PSI,1,252391,53,2026-07-30T09:03:39Z,2026-07-30T15:18:57Z,6.25
SO21 1JN,SEPD,PSI,1,252391,53,2026-07-30T09:03:39Z,2026-07-30T15:18:57Z,6.25
SO21 1LF,SEPD,PSI,1,252391,53,2026-07-30T09:03:39Z,2026-07-30T15:18:57Z,6.25
SO21 1LL,SEPD,PSI,1,252391,53,2026-07-30T09:03:39Z,2026-07-30T15:18:57Z,6.25
SO21 1LR,SEPD,PSI,1,252391,53,2026-07-30T09:03:39Z,2026-07-30T15:18:57Z,6.25
SO21 1LX,SEPD,PSI,1,252391,53,2026-07-30T09:03:39Z,2026-07-30T15:18:57Z,6.25
SO21 1LY,SEPD,PSI,1,252391,53,2026-07-30T09:03:39Z,2026-07-30T15:18:57Z,6.25
SO22 4DW,SEPD,LV,1,TS9896,28,2026-07-30T09:03:39Z,2026-07-30T15:18:57Z,6.25
SO22 4LS,SEPD,LV,1,TS9896,28,2026-07-30T09:03:39Z,2026-07-30T15:18:57Z,6.25
SO22 4LX,SEPD,LV,1,TS9896,28,2026-07-30T09:03:39Z,2026-07-30T15:18:57Z,6.25
SO22 4PX,SEPD,LV,1,TS9896,28,2026-07-30T09:03:39Z,2026-07-30T15:18:57Z,6.25
BH21 3RW,SEPD,PSI,3,"253171,253172,253331",107,2026-07-29T10:05:32Z,2026-08-02T11:03:05Z,6.1
BH22 8BP,SEPD,PSI,1,253241,46,2026-07-29T10:05:32Z,2026-07-29T16:09:15Z,6.06
BH22 8BS,SEPD,PSI,1,253241,46,2026-07-29T10:05:32Z,2026-07-29T16:09:15Z,6.06
BH22 8BW,SEPD,PSI,1,253241,46,2026-07-29T10:05:32Z,2026-07-29T16:09:15Z,6.06
PH21 1LS,SHEPD,PSI,1,252507,33,2026-07-29T10:05:32Z,2026-07-29T16:09:15Z,6.06
PH21 1LT,SHEPD,PSI,1,252507,33,2026-07-29T10:05:32Z,2026-07-29T16:09:15Z,6.06
PH21 1LU,SHEPD,PSI,1,252507,33,2026-07-29T10:05:32Z,2026-07-29T16:09:15Z,6.06
BH15 2BP,SEPD,PSI,2,"251856,252479",77,2026-07-28T09:59:59Z,2026-07-30T12:59:00Z,6.0
UB6 0DP,SEPD,LV,2,"TT0641,TT5253",132,2026-07-30T12:59:00Z,2026-08-03T11:54:02Z,5.85
UB6 0HH,SEPD,LV,2,"TT0641,TT5253",132,2026-07-30T12:59:00Z,2026-08-03T11:54:02Z,5.85
UB6 0HQ,SEPD,LV,2,"TT0641,TT5253",132,2026-07-30T12:59:00Z,2026-08-03T11:54:02Z,5.85
UB6 0PA,SEPD,LV,2,"TT0641,TT5253",132,2026-07-30T12:59:00Z,2026-08-03T11:54:02Z,5.85
RG26 4QG,SEPD,LV,1,TS6833,11,2026-07-28T12:04:41Z,2026-07-28T17:50:34Z,5.76
RG26 4QN,SEPD,LV,1,TS6833,11,2026-07-28T12:04:41Z,2026-07-28T17:50:34Z,5.76
RG26 4QX,SEPD,LV,1,TS6833,11,2026-07-28T12:04:41Z,2026-07-28T17:50:34Z,5.76
SN5 8NH,SEPD,LV,1,TS6867,23,2026-07-28T12:04:41Z,2026-07-28T17:50:34Z,5.76
SN5 8NL,SEPD,LV,1,TS6867,23,2026-07-28T12:04:41Z,2026-07-28T17:50:34Z,5.76
SN5 8NN,SEPD,LV,1,TS6867,23,2026-07-28T12:04:41Z,2026-07-28T17:50:34Z,5.76
OX26 2GL,SEPD,LV,1,TT3636,24,2026-08-01T13:53:13Z,2026-08-01T19:36:36Z,5.72
OX26 2GT,SEPD,LV,1,TT3636,24,2026-08-01T13:53:13Z,2026-08-01T19:36:36Z,5.72
AB43 9NH,SHEPD,LV,1,TT0287,29,2026-07-30T11:20:22Z,2026-07-30T16:54:29Z,5.57
AB43 9NJ,SHEPD,LV,1,TT0287,29,2026-07-30T11:20:22Z,2026-07-30T16:54:29Z,5.57
AB43 9NN,SHEPD,LV,1,TT0287,29,2026-07-30T11:20:22Z,2026-07-30T16:54:29Z,5.57
AB43 9NX,SHEPD,LV,1,TT0287,29,2026-07-30T11:20:22Z,2026-07-30T16:54:29Z,5.57
AB43 9NY,SHEPD,LV,1,TT0287,29,2026-07-30T11:20:22Z,2026-07-30T16:54:29Z,5.57
AB43 9PA,SHEPD,LV,1,TT0287,29,2026-07-30T11:20:22Z,2026-07-30T16:54:29Z,5.57
AB43 9PB,SHEPD,LV,1,TT0287,29,2026-07-30T11:20:22Z,2026-07-30T16:54:29Z,5.57
AB43 9PH,SHEPD,LV,1,TT0287,29,2026-07-30T11:20:22Z,2026-07-30T16:54:29Z,5.57
AB43 9PR,SHEPD,LV,1,TT0287,29,2026-07-30T11:20:22Z,2026-07-30T16:54:29Z,5.57
BA14 9JJ,SEPD,LV,1,TT0136,45,2026-07-30T11:20:22Z,2026-07-30T16:54:29Z,5.57
BA14 9JL,SEPD,LV,1,TT0136,45,2026-07-30T11:20:22Z,2026-07-30T16:54:29Z,5.57
BA14 9JP,SEPD,LV,1,TT0136,45,2026-07-30T11:20:22Z,2026-07-30T16:54:29Z,5.57
BA14 9JQ,SEPD,LV,1,TT0136,45,2026-07-30T11:20:22Z,2026-07-30T16:54:29Z,5.57
BA14 9JR,SEPD,LV,1,TT0136,45,2026-07-30T11:20:22Z,2026-07-30T16:54:29Z,5.57
BA14 9JW,SEPD,LV,1,TT0136,45,2026-07-30T11:20:22Z,2026-07-30T16:54:29Z,5.57
BA14 9JX,SEPD,LV,1,TT0136,45,2026-07-30T11:20:22Z,2026-07-30T16:54:29Z,5.57
BA14 9JY,SEPD,LV,1,TT0136,45,2026-07-30T11:20:22Z,2026-07-30T16:54:29Z,5.57
IV19 1JY,SHEPD,PSI,1,253519,11,2026-08-01T09:27:45Z,2026-08-01T14:55:29Z,5.46
PH33 7AU,SHEPD,LV,1,TT3344,17,2026-08-01T09:27:45Z,2026-08-01T14:55:29Z,5.46
PH33 7BD,SHEPD,LV,1,TT3344,17,2026-08-01T09:27:45Z,2026-08-01T14:55:29Z,5.46
PH33 7BE,SHEPD,LV,1,TT3344,17,2026-08-01T09:27:45Z,2026-08-01T14:55:29Z,5.46
PH33 7BG,SHEPD,LV,1,TT3344,17,2026-08-01T09:27:45Z,2026-08-01T14:55:29Z,5.46
PH33 7BN,SHEPD,LV,1,TT3344,17,2026-08-01T09:27:45Z,2026-08-01T14:55:29Z,5.46
PH33 7BP,SHEPD,LV,1,TT3344,17,2026-08-01T09:27:45Z,2026-08-01T14:55:29Z,5.46
PH33 7BW,SHEPD,LV,1,TT3344,17,2026-08-01T09:27:45Z,2026-08-01T14:55:29Z,5.46
KW14 8XH,SHEPD,HV,1,TS9677,14,2026-07-30T03:38:05Z,2026-07-30T09:03:39Z,5.43
KW14 8XL,SHEPD,HV,1,TS9677,14,2026-07-30T03:38:05Z,2026-07-30T09:03:39Z,5.43
IV17 0RY,SHEPD,LV,1,TT2743,9,2026-07-31T18:13:10Z,2026-07-31T23:33:21Z,5.34
PH10 7QD,SHEPD,"LV,HV",2,"TS5198,TS6106",38,2026-07-27T11:57:34Z,2026-07-27T18:46:10Z,5.12
PH10 6NU,SHEPD,LV,1,TS5198,8,2026-07-27T11:57:34Z,2026-07-27T17:04:43Z,5.12
PH10 6PA,SHEPD,LV,1,TS5198,8,2026-07-27T11:57:34Z,2026-07-27T17:04:43Z,5.12
SO14 7FB,SEPD,PSI,1,252793,60,2026-07-30T23:41:10Z,2026-07-31T04:48:16Z,5.12
PO8 9DU,SEPD,HV,1,TT3441,103,2026-08-01T11:01:52Z,2026-08-01T16:07:57Z,5.1
PO8 9RD,SEPD,HV,1,TT3441,103,2026-08-01T11:01:52Z,2026-08-01T16:07:57Z,5.1
PO8 9SU,SEPD,HV,1,TT3441,103,2026-08-01T11:01:52Z,2026-08-01T16:07:57Z,5.1
PO8 9YB,SEPD,HV,1,TT3441,103,2026-08-01T11:01:52Z,2026-08-01T16:07:57Z,5.1
PO8 9YE,SEPD,HV,1,TT3441,103,2026-08-01T11:01:52Z,2026-08-01T16:07:57Z,5.1
GU34 5LG,SEPD,HV,1,TT4262,54,2026-08-01T23:32:17Z,2026-08-02T04:37:49Z,5.09
GU34 5PJ,SEPD,HV,1,TT4262,54,2026-08-01T23:32:17Z,2026-08-02T04:37:49Z,5.09
GU34 5PL,SEPD,HV,1,TT4262,54,2026-08-01T23:32:17Z,2026-08-02T04:37:49Z,5.09
GU34 5PN,SEPD,HV,1,TT4262,54,2026-08-01T23:32:17Z,2026-08-02T04:37:49Z,5.09
GU34 5PP,SEPD,HV,1,TT4262,54,2026-08-01T23:32:17Z,2026-08-02T04:37:49Z,5.09
GU34 5PR,SEPD,HV,1,TT4262,54,2026-08-01T23:32:17Z,2026-08-02T04:37:49Z,5.09
GU34 5PW,SEPD,HV,1,TT4262,54,2026-08-01T23:32:17Z,2026-08-02T04:37:49Z,5.09
RG10 0QE,SEPD,HV,1,TT2316,17,2026-07-31T14:55:42Z,2026-07-31T19:54:37Z,4.98
RG10 0QH,SEPD,HV,1,TT2316,17,2026-07-31T14:55:42Z,2026-07-31T19:54:37Z,4.98
RG10 0QQ,SEPD,HV,1,TT2316,17,2026-07-31T14:55:42Z,2026-07-31T19:54:37Z,4.98
SL6 3SR,SEPD,HV,1,TT2316,17,2026-07-31T14:55:42Z,2026-07-31T19:54:37Z,4.98
SN11 9HP,SEPD,LV,1,TT2368,6,2026-07-31T14:55:42Z,2026-07-31T19:54:37Z,4.98
OX3 9TD,SEPD,HV,1,TS6109,7,2026-07-27T18:46:10Z,2026-07-27T23:44:09Z,4.97
SO21 2DL,SEPD,LV,1,TS8068,19,2026-07-29T07:23:36Z,2026-07-29T12:19:44Z,4.94
SO21 2DN,SEPD,LV,1,TS8068,19,2026-07-29T07:23:36Z,2026-07-29T12:19:44Z,4.94
SO21 2DP,SEPD,LV,1,TS8068,19,2026-07-29T07:23:36Z,2026-07-29T12:19:44Z,4.94
SO21 2DR,SEPD,LV,1,TS8068,19,2026-07-29T07:23:36Z,2026-07-29T12:19:44Z,4.94
SO21 2DT,SEPD,LV,1,TS8068,19,2026-07-29T07:23:36Z,2026-07-29T12:19:44Z,4.94
SP3 5BS,SEPD,HV,1,TS8096,222,2026-07-29T07:23:36Z,2026-07-29T12:19:44Z,4.94
GU15 3AQ,SEPD,PSI,1,253368,2,2026-08-02T07:17:41Z,2026-08-02T12:11:54Z,4.9
GU15 3YL,SEPD,PSI,1,253368,2,2026-08-02T07:17:41Z,2026-08-02T12:11:54Z,4.9
RG41 2GY,SEPD,PSI,1,253513,13,2026-08-02T07:17:41Z,2026-08-02T12:11:54Z,4.9
RG41 2TZ,SEPD,PSI,1,253513,13,2026-08-02T07:17:41Z,2026-08-02T12:11:54Z,4.9
SO15 0SD,SEPD,HV,1,TS7857,4,2026-07-28T20:22:02Z,2026-07-29T01:10:17Z,4.8
SP4 9QX,SEPD,LV,1,TS6327,6,2026-07-28T07:17:57Z,2026-07-28T12:04:41Z,4.78
RG12 7LF,SEPD,LV,1,TS6235,17,2026-07-27T23:44:09Z,2026-07-28T04:28:16Z,4.74
RG12 7LG,SEPD,LV,1,TS6235,17,2026-07-27T23:44:09Z,2026-07-28T04:28:16Z,4.74
GU7 1AU,SEPD,LV,1,TT1351,8,2026-07-31T07:40:50Z,2026-07-31T12:22:49Z,4.7
GU7 1DY,SEPD,LV,1,TT1351,8,2026-07-31T07:40:50Z,2026-07-31T12:22:49Z,4.7
GU7 1FG,SEPD,LV,1,TT1351,8,2026-07-31T07:40:50Z,2026-07-31T12:22:49Z,4.7
GU7 1TW,SEPD,LV,1,TT1351,8,2026-07-31T07:40:50Z,2026-07-31T12:22:49Z,4.7
DD8 1QZ,SHEPD,PSI,1,252988,6,2026-08-02T20:35:26Z,2026-08-03T01:15:49Z,4.67
DD8 1TE,SHEPD,PSI,1,252988,6,2026-08-02T20:35:26Z,2026-08-03T01:15:49Z,4.67
DD8 1TF,SHEPD,PSI,1,252988,6,2026-08-02T20:35:26Z,2026-08-03T01:15:49Z,4.67
BH22 0AY,SEPD,PSI,2,"253288,253318",60,2026-07-31T10:17:29Z,2026-08-03T11:54:02Z,4.64
BH22 0AL,SEPD,PSI,1,253288,55,2026-07-31T10:17:29Z,2026-07-31T14:55:42Z,4.64
BH22 0AS,SEPD,PSI,1,253288,55,2026-07-31T10:17:29Z,2026-07-31T14:55:42Z,4.64
BH22 0AU,SEPD,PSI,1,253288,55,2026-07-31T10:17:29Z,2026-07-31T14:55:42Z,4.64
BH22 0BN,SEPD,PSI,1,253288,55,2026-07-31T10:17:29Z,2026-07-31T14:55:42Z,4.64
DT11,SEPD,PSI,1,252157,33,2026-07-31T10:17:29Z,2026-07-31T14:55:42Z,4.64
DT11 8BT,SEPD,PSI,1,252157,33,2026-07-31T10:17:29Z,2026-07-31T14:55:42Z,4.64
DT11 8SJ,SEPD,PSI,1,252157,33,2026-07-31T10:17:29Z,2026-07-31T14:55:42Z,4.64
DT11 8SL,SEPD,PSI,1,252157,33,2026-07-31T10:17:29Z,2026-07-31T14:55:42Z,4.64
DT11 9HN,SEPD,PSI,1,252157,33,2026-07-31T10:17:29Z,2026-07-31T14:55:42Z,4.64
DT11 9HW,SEPD,PSI,1,252157,33,2026-07-31T10:17:29Z,2026-07-31T14:55:42Z,4.64
OX29 8DN,SEPD,PSI,1,252909,214,2026-07-31T10:17:29Z,2026-07-31T14:55:42Z,4.64
OX29 8DW,SEPD,PSI,1,252909,214,2026-07-31T10:17:29Z,2026-07-31T14:55:42Z,4.64
OX29 8EA,SEPD,PSI,1,252909,214,2026-07-31T10:17:29Z,2026-07-31T14:55:42Z,4.64
OX29 8EJ,SEPD,PSI,1,252909,214,2026-07-31T10:17:29Z,2026-07-31T14:55:42Z,4.64
OX29 8LA,SEPD,PSI,1,252909,214,2026-07-31T10:17:29Z,2026-07-31T14:55:42Z,4.64
OX29 8NE,SEPD,PSI,1,252909,214,2026-07-31T10:17:29Z,2026-07-31T14:55:42Z,4.64
OX29 8NS,SEPD,PSI,1,252909,214,2026-07-31T10:17:29Z,2026-07-31T14:55:42Z,4.64
OX29 8PA,SEPD,PSI,1,252909,214,2026-07-31T10:17:29Z,2026-07-31T14:55:42Z,4.64
OX29 8PH,SEPD,PSI,1,252909,214,2026-07-31T10:17:29Z,2026-07-31T14:55:42Z,4.64
OX29 8PL,SEPD,PSI,1,252909,214,2026-07-31T10:17:29Z,2026-07-31T14:55:42Z,4.64
OX29 8PN,SEPD,PSI,1,252909,214,2026-07-31T10:17:29Z,2026-07-31T14:55:42Z,4.64
OX29 8PP,SEPD,PSI,1,252909,214,2026-07-31T10:17:29Z,2026-07-31T14:55:42Z,4.64
OX29 8PR,SEPD,PSI,1,252909,214,2026-07-31T10:17:29Z,2026-07-31T14:55:42Z,4.64
OX29 8PS,SEPD,PSI,1,252909,214,2026-07-31T10:17:29Z,2026-07-31T14:55:42Z,4.64
OX29 8PU,SEPD,PSI,1,252909,214,2026-07-31T10:17:29Z,2026-07-31T14:55:42Z,4.64
OX29 8PW,SEPD,PSI,1,252909,214,2026-07-31T10:17:29Z,2026-07-31T14:55:42Z,4.64
OX29 8PX,SEPD,PSI,1,252909,214,2026-07-31T10:17:29Z,2026-07-31T14:55:42Z,4.64
OX29 8PY,SEPD,PSI,1,252909,214,2026-07-31T10:17:29Z,2026-07-31T14:55:42Z,4.64
OX29 8PZ,SEPD,PSI,1,252909,214,2026-07-31T10:17:29Z,2026-07-31T14:55:42Z,4.64
OX29 8QA,SEPD,PSI,1,252909,214,2026-07-31T10:17:29Z,2026-07-31T14:55:42Z,4.64
OX29 8QB,SEPD,PSI,1,252909,214,2026-07-31T10:17:29Z,2026-07-31T14:55:42Z,4.64
OX29 8QE,SEPD,PSI,1,252909,214,2026-07-31T10:17:29Z,2026-07-31T14:55:42Z,4.64
OX29 8QN,SEPD,PSI,1,252909,214,2026-07-31T10:17:29Z,2026-07-31T14:55:42Z,4.64
OX29 8QQ,SEPD,PSI,1,252909,214,2026-07-31T10:17:29Z,2026-07-31T14:55:42Z,4.64
OX29 8QT,SEPD,PSI,1,252909,214,2026-07-31T10:17:29Z,2026-07-31T14:55:42Z,4.64
OX29 8QW,SEPD,PSI,1,252909,214,2026-07-31T10:17:29Z,2026-07-31T14:55:42Z,4.64
OX29 8QX,SEPD,PSI,1,252909,214,2026-07-31T10:17:29Z,2026-07-31T14:55:42Z,4.64
OX29 8QY,SEPD,PSI,1,252909,214,2026-07-31T10:17:29Z,2026-07-31T14:55:42Z,4.64
OX29 8QZ,SEPD,PSI,1,252909,214,2026-07-31T10:17:29Z,2026-07-31T14:55:42Z,4.64
OX29 8ST,SEPD,PSI,1,252909,214,2026-07-31T10:17:29Z,2026-07-31T14:55:42Z,4.64
OX8,SEPD,PSI,1,252909,214,2026-07-31T10:17:29Z,2026-07-31T14:55:42Z,4.64
SO15 5BA,SEPD,PSI,1,253814,75,2026-07-31T10:17:29Z,2026-07-31T14:55:42Z,4.64
W4 3QX,SEPD,PSI,1,252157,33,2026-07-31T10:17:29Z,2026-07-31T14:55:42Z,4.64
AB15 8SA,SHEPD,PSI,1,253736,10,2026-07-28T09:59:59Z,2026-07-28T14:35:16Z,4.59
AB15 8SB,SHEPD,PSI,1,253736,10,2026-07-28T09:59:59Z,2026-07-28T14:35:16Z,4.59
AB21 0RD,SHEPD,PSI,1,252705,11,2026-07-28T09:59:59Z,2026-07-28T14:35:16Z,4.59
AB21 0RE,SHEPD,PSI,1,252705,11,2026-07-28T09:59:59Z,2026-07-28T14:35:16Z,4.59
AB21 0RH,SHEPD,PSI,1,252705,11,2026-07-28T09:59:59Z,2026-07-28T14:35:16Z,4.59
AB53 8LT,SHEPD,PSI,1,253062,9,2026-07-28T09:59:59Z,2026-07-28T14:35:16Z,4.59
AB53 8PL,SHEPD,PSI,1,253062,9,2026-07-28T09:59:59Z,2026-07-28T14:35:16Z,4.59
AB53 8PN,SHEPD,PSI,1,253062,9,2026-07-28T09:59:59Z,2026-07-28T14:35:16Z,4.59
GU30 7JG,SEPD,PSI,1,252755,16,2026-07-28T09:59:59Z,2026-07-28T14:35:16Z,4.59
GU30 7JH,SEPD,PSI,1,252755,16,2026-07-28T09:59:59Z,2026-07-28T14:35:16Z,4.59
HS2 9NG,SHEPD,PSI,1,253008,66,2026-07-28T09:59:59Z,2026-07-28T14:35:16Z,4.59
HS2 9NS,SHEPD,PSI,1,253008,66,2026-07-28T09:59:59Z,2026-07-28T14:35:16Z,4.59
HS2 9NT,SHEPD,PSI,1,253008,66,2026-07-28T09:59:59Z,2026-07-28T14:35:16Z,4.59
HS2 9NU,SHEPD,PSI,1,253008,66,2026-07-28T09:59:59Z,2026-07-28T14:35:16Z,4.59
HS2 9PA,SHEPD,PSI,1,253008,66,2026-07-28T09:59:59Z,2026-07-28T14:35:16Z,4.59
KW16 3AA,SHEPD,PSI,1,253220,24,2026-07-28T09:59:59Z,2026-07-28T14:35:16Z,4.59
KW16 3AW,SHEPD,PSI,1,253222,83,2026-07-28T09:59:59Z,2026-07-28T14:35:16Z,4.59
KW16 3EQ,SHEPD,PSI,1,253220,24,2026-07-28T09:59:59Z,2026-07-28T14:35:16Z,4.59
KW16 3JN,SHEPD,PSI,1,253222,83,2026-07-28T09:59:59Z,2026-07-28T14:35:16Z,4.59
KW16 3JP,SHEPD,PSI,1,253222,83,2026-07-28T09:59:59Z,2026-07-28T14:35:16Z,4.59
KW16 3JW,SHEPD,PSI,1,253222,83,2026-07-28T09:59:59Z,2026-07-28T14:35:16Z,4.59
KW16 3LN,SHEPD,PSI,1,253222,83,2026-07-28T09:59:59Z,2026-07-28T14:35:16Z,4.59
OX4 2AX,SEPD,PSI,1,252286,8,2026-07-28T09:59:59Z,2026-07-28T14:35:16Z,4.59
OX4 2FB,SEPD,PSI,1,252286,8,2026-07-28T09:59:59Z,2026-07-28T14:35:16Z,4.59
OX4 2FZ,SEPD,PSI,1,252286,8,2026-07-28T09:59:59Z,2026-07-28T14:35:16Z,4.59
RG20 4EY,SEPD,PSI,1,253490,105,2026-07-28T09:59:59Z,2026-07-28T14:35:16Z,4.59
RG20 9AP,SEPD,PSI,1,253490,105,2026-07-28T09:59:59Z,2026-07-28T14:35:16Z,4.59
RG20 9AQ,SEPD,PSI,1,253490,105,2026-07-28T09:59:59Z,2026-07-28T14:35:16Z,4.59
RG20 9AR,SEPD,PSI,1,253490,105,2026-07-28T09:59:59Z,2026-07-28T14:35:16Z,4.59
RG20 9AS,SEPD,PSI,1,253490,105,2026-07-28T09:59:59Z,2026-07-28T14:35:16Z,4.59
RG20 9AT,SEPD,PSI,1,253490,105,2026-07-28T09:59:59Z,2026-07-28T14:35:16Z,4.59
RG20 9AU,SEPD,PSI,1,253490,105,2026-07-28T09:59:59Z,2026-07-28T14:35:16Z,4.59
RG20 9AX,SEPD,PSI,1,253490,105,2026-07-28T09:59:59Z,2026-07-28T14:35:16Z,4.59
RG20 9AY,SEPD,PSI,1,253490,105,2026-07-28T09:59:59Z,2026-07-28T14:35:16Z,4.59
RG20 9BD,SEPD,PSI,1,253490,105,2026-07-28T09:59:59Z,2026-07-28T14:35:16Z,4.59
RG20 9BE,SEPD,PSI,1,253490,105,2026-07-28T09:59:59Z,2026-07-28T14:35:16Z,4.59
RG20 9BH,SEPD,PSI,1,253490,105,2026-07-28T09:59:59Z,2026-07-28T14:35:16Z,4.59
RG20 9DA,SEPD,PSI,1,253490,105,2026-07-28T09:59:59Z,2026-07-28T14:35:16Z,4.59
RG20 9DD,SEPD,PSI,1,253490,105,2026-07-28T09:59:59Z,2026-07-28T14:35:16Z,4.59
RG20 9DE,SEPD,PSI,1,253490,105,2026-07-28T09:59:59Z,2026-07-28T14:35:16Z,4.59
RG20 9DF,SEPD,PSI,1,253490,105,2026-07-28T09:59:59Z,2026-07-28T14:35:16Z,4.59
RG20 9DG,SEPD,PSI,1,253490,105,2026-07-28T09:59:59Z,2026-07-28T14:35:16Z,4.59
RG20 9DH,SEPD,PSI,1,253490,105,2026-07-28T09:59:59Z,2026-07-28T14:35:16Z,4.59
RG20 9DJ,SEPD,PSI,1,253490,105,2026-07-28T09:59:59Z,2026-07-28T14:35:16Z,4.59
RG20 9GA,SEPD,PSI,1,253490,105,2026-07-28T09:59:59Z,2026-07-28T14:35:16Z,4.59
RG27 9HS,SEPD,PSI,1,253070,181,2026-07-28T09:59:59Z,2026-07-28T14:35:16Z,4.59
RG27 9JF,SEPD,PSI,1,253070,181,2026-07-28T09:59:59Z,2026-07-28T14:35:16Z,4.59
RG27 9JG,SEPD,PSI,1,253070,181,2026-07-28T09:59:59Z,2026-07-28T14:35:16Z,4.59
RG27 9JH,SEPD,PSI,1,253070,181,2026-07-28T09:59:59Z,2026-07-28T14:35:16Z,4.59
RG27 9JN,SEPD,PSI,1,253070,181,2026-07-28T09:59:59Z,2026-07-28T14:35:16Z,4.59
RG27 9JQ,SEPD,PSI,1,253070,181,2026-07-28T09:59:59Z,2026-07-28T14:35:16Z,4.59
RG27 9LP,SEPD,PSI,1,253070,181,2026-07-28T09:59:59Z,2026-07-28T14:35:16Z,4.59
RG27 9NJ,SEPD,PSI,1,253070,181,2026-07-28T09:59:59Z,2026-07-28T14:35:16Z,4.59
RG27 9NS,SEPD,PSI,1,253070,181,2026-07-28T09:59:59Z,2026-07-28T14:35:16Z,4.59
RG27 9NT,SEPD,PSI,1,253070,181,2026-07-28T09:59:59Z,2026-07-28T14:35:16Z,4.59
SN15 2BE,SEPD,PSI,1,253625,51,2026-07-28T09:59:59Z,2026-07-28T14:35:16Z,4.59
SN15 2BG,SEPD,PSI,1,253625,51,2026-07-28T09:59:59Z,2026-07-28T14:35:16Z,4.59
SN15 2BQ,SEPD,PSI,1,253625,51,2026-07-28T09:59:59Z,2026-07-28T14:35:16Z,4.59
SN15 2BU,SEPD,PSI,1,253625,51,2026-07-28T09:59:59Z,2026-07-28T14:35:16Z,4.59
SN15 2RS,SEPD,PSI,1,253625,51,2026-07-28T09:59:59Z,2026-07-28T14:35:16Z,4.59
SO24 0QT,SEPD,PSI,1,252951,60,2026-07-28T09:59:59Z,2026-07-28T14:35:16Z,4.59
SO24 0QU,SEPD,PSI,1,252951,60,2026-07-28T09:59:59Z,2026-07-28T14:35:16Z,4.59
SO24 0QX,SEPD,PSI,1,252951,60,2026-07-28T09:59:59Z,2026-07-28T14:35:16Z,4.59
SO24 0QY,SEPD,PSI,1,252951,60,2026-07-28T09:59:59Z,2026-07-28T14:35:16Z,4.59
SO24 0QZ,SEPD,PSI,1,252951,60,2026-07-28T09:59:59Z,2026-07-28T14:35:16Z,4.59
SO24 9HR,SEPD,PSI,1,252951,60,2026-07-28T09:59:59Z,2026-07-28T14:35:16Z,4.59
SO24 9TF,SEPD,PSI,1,252951,60,2026-07-28T09:59:59Z,2026-07-28T14:35:16Z,4.59
SO40 9FX,SEPD,PSI,1,252591,8,2026-07-28T09:59:59Z,2026-07-28T14:35:16Z,4.59
SO30 0FD,SEPD,"PSI,LV",2,"253720,TS8343",61,2026-07-29T10:05:32Z,2026-07-29T14:35:46Z,4.51
SO30 0FF,SEPD,"PSI,LV",2,"253720,TS8343",61,2026-07-29T10:05:32Z,2026-07-29T14:35:46Z,4.51
BH21 3RP,SEPD,PSI,3,"253169,253171,253172",48,2026-07-29T10:05:32Z,2026-08-01T09:27:45Z,4.5
BH16 6AG,SEPD,PSI,2,"253171,253172",46,2026-07-29T10:05:32Z,2026-08-01T09:27:45Z,4.5
CF11 8AZ,SEPD,PSI,1,253211,2,2026-08-02T09:26:51Z,2026-08-02T13:56:57Z,4.5
HS2 9NN,SHEPD,PSI,1,253045,51,2026-07-29T10:05:32Z,2026-07-29T14:35:46Z,4.5
IV36 2QH,SHEPD,PSI,1,253600,19,2026-07-29T10:05:32Z,2026-07-29T14:35:46Z,4.5
IV55 8WN,SHEPD,HV,1,TT4495,54,2026-08-02T09:26:51Z,2026-08-02T13:56:57Z,4.5
IV55 8WP,SHEPD,HV,1,TT4495,54,2026-08-02T09:26:51Z,2026-08-02T13:56:57Z,4.5
IV55 8WW,SHEPD,HV,1,TT4495,54,2026-08-02T09:26:51Z,2026-08-02T13:56:57Z,4.5
PH26 3PU,SHEPD,PSI,1,253600,19,2026-07-29T10:05:32Z,2026-07-29T14:35:46Z,4.5
PH26 3PY,SHEPD,PSI,1,253600,19,2026-07-29T10:05:32Z,2026-07-29T14:35:46Z,4.5
PO7 7AJ,SEPD,PSI,1,252353,2,2026-07-29T10:05:32Z,2026-07-29T14:35:46Z,4.5
PO7 7AL,SEPD,PSI,1,252353,2,2026-07-29T10:05:32Z,2026-07-29T14:35:46Z,4.5
RG7 2AE,SEPD,PSI,1,253284,106,2026-07-29T10:05:32Z,2026-07-29T14:35:46Z,4.5
RG7 2AS,SEPD,PSI,1,253284,106,2026-07-29T10:05:32Z,2026-07-29T14:35:46Z,4.5
RG7 2AT,SEPD,PSI,1,253284,106,2026-07-29T10:05:32Z,2026-07-29T14:35:46Z,4.5
RG7 2AU,SEPD,PSI,1,253284,106,2026-07-29T10:05:32Z,2026-07-29T14:35:46Z,4.5
RG7 2AX,SEPD,PSI,1,253284,106,2026-07-29T10:05:32Z,2026-07-29T14:35:46Z,4.5
RG7 2AY,SEPD,PSI,1,253284,106,2026-07-29T10:05:32Z,2026-07-29T14:35:46Z,4.5
RG7 2AZ,SEPD,PSI,1,253284,106,2026-07-29T10:05:32Z,2026-07-29T14:35:46Z,4.5
RG7 2BA,SEPD,PSI,1,253284,106,2026-07-29T10:05:32Z,2026-07-29T14:35:46Z,4.5
RG7 2BB,SEPD,PSI,1,253284,106,2026-07-29T10:05:32Z,2026-07-29T14:35:46Z,4.5
RG7 2BD,SEPD,PSI,1,253284,106,2026-07-29T10:05:32Z,2026-07-29T14:35:46Z,4.5
RG7 2BE,SEPD,PSI,1,253284,106,2026-07-29T10:05:32Z,2026-07-29T14:35:46Z,4.5
RG7 2BG,SEPD,PSI,1,253284,106,2026-07-29T10:05:32Z,2026-07-29T14:35:46Z,4.5
RG7 2BH,SEPD,PSI,1,253284,106,2026-07-29T10:05:32Z,2026-07-29T14:35:46Z,4.5
SN8 3DP,SEPD,HV,1,TS7484,13,2026-07-28T14:35:16Z,2026-07-28T19:01:57Z,4.44
AB51 7LJ,SHEPD,HV,2,"TS6352,TT2878",320,2026-07-28T04:28:16Z,2026-08-01T01:09:21Z,4.43
BH21 4AD,SEPD,HV,1,TS5916,131,2026-07-27T17:04:43Z,2026-07-27T21:30:17Z,4.43
BH21 4AE,SEPD,HV,1,TS5916,131,2026-07-27T17:04:43Z,2026-07-27T21:30:17Z,4.43
BH21 4AF,SEPD,HV,1,TS5916,131,2026-07-27T17:04:43Z,2026-07-27T21:30:17Z,4.43
BH21 4AG,SEPD,HV,1,TS5916,131,2026-07-27T17:04:43Z,2026-07-27T21:30:17Z,4.43
BH21 4AP,SEPD,HV,1,TS5916,131,2026-07-27T17:04:43Z,2026-07-27T21:30:17Z,4.43
BH21 4AQ,SEPD,HV,1,TS5916,131,2026-07-27T17:04:43Z,2026-07-27T21:30:17Z,4.43
BH21 4AR,SEPD,HV,1,TS5916,131,2026-07-27T17:04:43Z,2026-07-27T21:30:17Z,4.43
BH21 4AW,SEPD,HV,1,TS5916,131,2026-07-27T17:04:43Z,2026-07-27T21:30:17Z,4.43
BH21 4BZ,SEPD,HV,1,TS5916,131,2026-07-27T17:04:43Z,2026-07-27T21:30:17Z,4.43
BH21 4DB,SEPD,HV,1,TS5916,131,2026-07-27T17:04:43Z,2026-07-27T21:30:17Z,4.43
BH21 4FT,SEPD,HV,1,TS5916,131,2026-07-27T17:04:43Z,2026-07-27T21:30:17Z,4.43
FK17 8AG,SHEPD,PSI,1,253486,2,2026-08-01T09:27:45Z,2026-08-01T13:53:13Z,4.42
TW8 9EX,SEPD,PSI,1,252928,7,2026-08-01T09:27:45Z,2026-08-01T13:53:13Z,4.42
TW8 9ZB,SEPD,PSI,1,252928,7,2026-08-01T09:27:45Z,2026-08-01T13:53:13Z,4.42
RG9 6HB,SEPD,HV,1,TT4819,77,2026-08-02T17:17:11Z,2026-08-02T21:36:12Z,4.32
RG9 6HD,SEPD,HV,1,TT4819,77,2026-08-02T17:17:11Z,2026-08-02T21:36:12Z,4.32
RG9 6HE,SEPD,HV,1,TT4819,77,2026-08-02T17:17:11Z,2026-08-02T21:36:12Z,4.32
RG9 6HF,SEPD,HV,1,TT4819,77,2026-08-02T17:17:11Z,2026-08-02T21:36:12Z,4.32
AB21 0GL,SHEPD,PSI,1,253527,3,2026-07-30T18:23:56Z,2026-07-30T22:34:20Z,4.17
AB21 0GQ,SHEPD,PSI,1,253527,3,2026-07-30T18:23:56Z,2026-07-30T22:34:20Z,4.17
SL3 9BN,SEPD,LV,2,"TT1896,TT3605",58,2026-07-31T10:17:29Z,2026-08-01T16:07:57Z,3.99
SL3 9BP,SEPD,LV,2,"TT1896,TT3605",58,2026-07-31T10:17:29Z,2026-08-01T16:07:57Z,3.99
SL3 9BR,SEPD,LV,2,"TT1896,TT3605",58,2026-07-31T10:17:29Z,2026-08-01T16:07:57Z,3.99
SL3 9BS,SEPD,LV,2,"TT1896,TT3605",58,2026-07-31T10:17:29Z,2026-08-01T16:07:57Z,3.99
SL3 9BT,SEPD,LV,2,"TT1896,TT3605",58,2026-07-31T10:17:29Z,2026-08-01T16:07:57Z,3.99
SL3 9BU,SEPD,LV,2,"TT1896,TT3605",58,2026-07-31T10:17:29Z,2026-08-01T16:07:57Z,3.99
SL3 9BX,SEPD,LV,2,"TT1896,TT3605",58,2026-07-31T10:17:29Z,2026-08-01T16:07:57Z,3.99
SL3 9DH,SEPD,LV,2,"TT1896,TT3605",58,2026-07-31T10:17:29Z,2026-08-01T16:07:57Z,3.99
SL3 9DQ,SEPD,LV,2,"TT1896,TT3605",58,2026-07-31T10:17:29Z,2026-08-01T16:07:57Z,3.99
SL3 9EQ,SEPD,LV,2,"TT1896,TT3605",58,2026-07-31T10:17:29Z,2026-08-01T16:07:57Z,3.99
SL4 2JQ,SEPD,LV,2,"TT1896,TT3605",58,2026-07-31T10:17:29Z,2026-08-01T16:07:57Z,3.99
BH15 2DF,SEPD,LV,1,TS9301,22,2026-07-30T11:20:22Z,2026-07-30T15:18:57Z,3.98
BH15 2DH,SEPD,LV,1,TS9301,22,2026-07-30T11:20:22Z,2026-07-30T15:18:57Z,3.98
BH15 2HL,SEPD,LV,1,TS9301,22,2026-07-30T11:20:22Z,2026-07-30T15:18:57Z,3.98
BH15 2HN,SEPD,LV,1,TS9301,22,2026-07-30T11:20:22Z,2026-07-30T15:18:57Z,3.98
BH15 2HW,SEPD,LV,1,TS9301,22,2026-07-30T11:20:22Z,2026-07-30T15:18:57Z,3.98
BH15 2HY,SEPD,LV,1,TS9301,22,2026-07-30T11:20:22Z,2026-07-30T15:18:57Z,3.98
BH15 2NL,SEPD,LV,1,TS9301,22,2026-07-30T11:20:22Z,2026-07-30T15:18:57Z,3.98
SP2 7HG,SEPD,LV,1,TS9214,61,2026-07-30T11:20:22Z,2026-07-30T15:18:57Z,3.98
SP2 7HQ,SEPD,LV,1,TS9214,61,2026-07-30T11:20:22Z,2026-07-30T15:18:57Z,3.98
SP2 7JJ,SEPD,LV,1,TS9214,61,2026-07-30T11:20:22Z,2026-07-30T15:18:57Z,3.98
SP2 7JL,SEPD,LV,1,TS9214,61,2026-07-30T11:20:22Z,2026-07-30T15:18:57Z,3.98
SP2 7JN,SEPD,LV,1,TS9214,61,2026-07-30T11:20:22Z,2026-07-30T15:18:57Z,3.98
SP2 7JP,SEPD,LV,1,TS9214,61,2026-07-30T11:20:22Z,2026-07-30T15:18:57Z,3.98
SP2 7JS,SEPD,LV,1,TS9214,61,2026-07-30T11:20:22Z,2026-07-30T15:18:57Z,3.98
SP2 7JT,SEPD,LV,1,TS9214,61,2026-07-30T11:20:22Z,2026-07-30T15:18:57Z,3.98
SP2 7JU,SEPD,LV,1,TS9214,61,2026-07-30T11:20:22Z,2026-07-30T15:18:57Z,3.98
SP2 7JW,SEPD,LV,1,TS9214,61,2026-07-30T11:20:22Z,2026-07-30T15:18:57Z,3.98
SP2 9BH,SEPD,LV,1,TS9214,61,2026-07-30T11:20:22Z,2026-07-30T15:18:57Z,3.98
SP2 9BJ,SEPD,LV,1,TS9214,61,2026-07-30T11:20:22Z,2026-07-30T15:18:57Z,3.98
SP2 9BL,SEPD,LV,1,TS9214,61,2026-07-30T11:20:22Z,2026-07-30T15:18:57Z,3.98
HS8 5QX,SHEPD,"PSI,HV",2,"252263,TT1460",3315,2026-07-30T09:03:39Z,2026-07-31T07:40:50Z,3.92
AB42 5RQ,SHEPD,PSI,1,252374,2,2026-07-30T09:03:39Z,2026-07-30T12:59:00Z,3.92
BH15 2BL,SEPD,PSI,1,252479,73,2026-07-30T09:03:39Z,2026-07-30T12:59:00Z,3.92
BH15 2BQ,SEPD,PSI,1,252479,73,2026-07-30T09:03:39Z,2026-07-30T12:59:00Z,3.92
BH15 2BT,SEPD,PSI,1,252479,73,2026-07-30T09:03:39Z,2026-07-30T12:59:00Z,3.92
BH15 2BU,SEPD,PSI,1,252479,73,2026-07-30T09:03:39Z,2026-07-30T12:59:00Z,3.92
BH15 2FL,SEPD,PSI,1,252479,73,2026-07-30T09:03:39Z,2026-07-30T12:59:00Z,3.92
DD3 0QT,SHEPD,PSI,1,253059,21,2026-07-30T09:03:39Z,2026-07-30T12:59:00Z,3.92
GU8 5AH,SEPD,PSI,1,252970,81,2026-07-30T09:03:39Z,2026-07-30T12:59:00Z,3.92
GU8 5LQ,SEPD,PSI,1,252970,81,2026-07-30T09:03:39Z,2026-07-30T12:59:00Z,3.92
GU8 5LW,SEPD,PSI,1,252970,81,2026-07-30T09:03:39Z,2026-07-30T12:59:00Z,3.92
GU8 5PH,SEPD,PSI,1,252970,81,2026-07-30T09:03:39Z,2026-07-30T12:59:00Z,3.92
GU8 5PL,SEPD,PSI,1,252970,81,2026-07-30T09:03:39Z,2026-07-30T12:59:00Z,3.92
GU8 5PN,SEPD,PSI,1,252970,81,2026-07-30T09:03:39Z,2026-07-30T12:59:00Z,3.92
GU8 5PP,SEPD,PSI,1,252970,81,2026-07-30T09:03:39Z,2026-07-30T12:59:00Z,3.92
GU8 5PR,SEPD,PSI,1,252970,81,2026-07-30T09:03:39Z,2026-07-30T12:59:00Z,3.92
GU8 5PW,SEPD,PSI,1,252970,81,2026-07-30T09:03:39Z,2026-07-30T12:59:00Z,3.92
IV36 2GG,SHEPD,PSI,1,252896,336,2026-07-30T09:03:39Z,2026-07-30T12:59:00Z,3.92
IV36 2HE,SHEPD,PSI,1,252896,336,2026-07-30T09:03:39Z,2026-07-30T12:59:00Z,3.92
IV36 2HF,SHEPD,PSI,1,252896,336,2026-07-30T09:03:39Z,2026-07-30T12:59:00Z,3.92
IV36 2HG,SHEPD,PSI,1,252896,336,2026-07-30T09:03:39Z,2026-07-30T12:59:00Z,3.92
IV36 2JR,SHEPD,PSI,1,252896,336,2026-07-30T09:03:39Z,2026-07-30T12:59:00Z,3.92
IV36 2SG,SHEPD,PSI,1,252896,336,2026-07-30T09:03:39Z,2026-07-30T12:59:00Z,3.92
IV36 2SH,SHEPD,PSI,1,252896,336,2026-07-30T09:03:39Z,2026-07-30T12:59:00Z,3.92
IV36 2SX,SHEPD,PSI,1,252896,336,2026-07-30T09:03:39Z,2026-07-30T12:59:00Z,3.92
IV36 2SY,SHEPD,PSI,1,252896,336,2026-07-30T09:03:39Z,2026-07-30T12:59:00Z,3.92
IV36 2TA,SHEPD,PSI,1,252896,336,2026-07-30T09:03:39Z,2026-07-30T12:59:00Z,3.92
IV36 2TB,SHEPD,PSI,1,252896,336,2026-07-30T09:03:39Z,2026-07-30T12:59:00Z,3.92
IV36 2TG,SHEPD,PSI,1,252896,336,2026-07-30T09:03:39Z,2026-07-30T12:59:00Z,3.92
IV36 2TP,SHEPD,PSI,1,252896,336,2026-07-30T09:03:39Z,2026-07-30T12:59:00Z,3.92
IV36 2TS,SHEPD,PSI,1,252896,336,2026-07-30T09:03:39Z,2026-07-30T12:59:00Z,3.92
KW17 2EZ,SHEPD,PSI,1,252991,21,2026-07-30T09:03:39Z,2026-07-30T12:59:00Z,3.92
KW17 2PB,SHEPD,PSI,1,252991,21,2026-07-30T09:03:39Z,2026-07-30T12:59:00Z,3.92
OX20 1EU,SEPD,PSI,1,253802,15,2026-07-30T09:03:39Z,2026-07-30T12:59:00Z,3.92
OX20 1WA,SEPD,PSI,1,253802,15,2026-07-30T09:03:39Z,2026-07-30T12:59:00Z,3.92
OX7 7AH,SEPD,PSI,1,252908,6,2026-07-30T09:03:39Z,2026-07-30T12:59:00Z,3.92
PH6 2JY,SHEPD,PSI,1,252997,35,2026-07-30T09:03:39Z,2026-07-30T12:59:00Z,3.92
PH6 2LY,SHEPD,PSI,1,252997,35,2026-07-30T09:03:39Z,2026-07-30T12:59:00Z,3.92
RH12 3PG,SEPD,PSI,1,249238,19,2026-07-30T09:03:39Z,2026-07-30T12:59:00Z,3.92
RH12 3PQ,SEPD,PSI,1,249238,19,2026-07-30T09:03:39Z,2026-07-30T12:59:00Z,3.92
RH13 0QT,SEPD,PSI,1,249238,19,2026-07-30T09:03:39Z,2026-07-30T12:59:00Z,3.92
SN15 2NA,SEPD,PSI,1,252905,50,2026-07-30T09:03:39Z,2026-07-30T12:59:00Z,3.92
SN15 2ND,SEPD,PSI,1,252905,50,2026-07-30T09:03:39Z,2026-07-30T12:59:00Z,3.92
SN15 2NE,SEPD,PSI,1,252905,50,2026-07-30T09:03:39Z,2026-07-30T12:59:00Z,3.92
SN15 3DE,SEPD,PSI,1,251972,9,2026-07-30T09:03:39Z,2026-07-30T12:59:00Z,3.92
SN15 3RS,SEPD,PSI,1,251972,9,2026-07-30T09:03:39Z,2026-07-30T12:59:00Z,3.92
SO51 0AS,SEPD,PSI,1,253020,34,2026-07-30T09:03:39Z,2026-07-30T12:59:00Z,3.92
SO51 0GN,SEPD,PSI,1,253020,34,2026-07-30T09:03:39Z,2026-07-30T12:59:00Z,3.92
SO51 0JE,SEPD,PSI,1,253020,34,2026-07-30T09:03:39Z,2026-07-30T12:59:00Z,3.92
SO51 0JS,SEPD,PSI,1,253020,34,2026-07-30T09:03:39Z,2026-07-30T12:59:00Z,3.92
SO51 0JU,SEPD,PSI,1,253020,34,2026-07-30T09:03:39Z,2026-07-30T12:59:00Z,3.92
SO51 0JW,SEPD,PSI,1,253020,34,2026-07-30T09:03:39Z,2026-07-30T12:59:00Z,3.92
SO51 6JT,SEPD,PSI,1,253020,34,2026-07-30T09:03:39Z,2026-07-30T12:59:00Z,3.92
SO51 6JU,SEPD,PSI,1,253020,34,2026-07-30T09:03:39Z,2026-07-30T12:59:00Z,3.92
SO51 6JW,SEPD,PSI,1,253020,34,2026-07-30T09:03:39Z,2026-07-30T12:59:00Z,3.92
SN11 8JS,SEPD,HV,1,TT2829,316,2026-07-31T21:15:07Z,2026-08-01T01:09:21Z,3.9
SN11 8PR,SEPD,HV,1,TT2829,316,2026-07-31T21:15:07Z,2026-08-01T01:09:21Z,3.9
SN11 8PY,SEPD,HV,1,TT2829,316,2026-07-31T21:15:07Z,2026-08-01T01:09:21Z,3.9
SN11 8PZ,SEPD,HV,1,TT2829,316,2026-07-31T21:15:07Z,2026-08-01T01:09:21Z,3.9
SN11 8QA,SEPD,HV,1,TT2829,316,2026-07-31T21:15:07Z,2026-08-01T01:09:21Z,3.9
SN11 8QB,SEPD,HV,1,TT2829,316,2026-07-31T21:15:07Z,2026-08-01T01:09:21Z,3.9
SN11 8QD,SEPD,HV,1,TT2829,316,2026-07-31T21:15:07Z,2026-08-01T01:09:21Z,3.9
SN11 8QE,SEPD,HV,1,TT2829,316,2026-07-31T21:15:07Z,2026-08-01T01:09:21Z,3.9
SN11 8QF,SEPD,HV,1,TT2829,316,2026-07-31T21:15:07Z,2026-08-01T01:09:21Z,3.9
SN11 8QG,SEPD,HV,1,TT2829,316,2026-07-31T21:15:07Z,2026-08-01T01:09:21Z,3.9
SN11 8QH,SEPD,HV,1,TT2829,316,2026-07-31T21:15:07Z,2026-08-01T01:09:21Z,3.9
SN11 8QJ,SEPD,HV,1,TT2829,316,2026-07-31T21:15:07Z,2026-08-01T01:09:21Z,3.9
SN11 8QL,SEPD,HV,1,TT2829,316,2026-07-31T21:15:07Z,2026-08-01T01:09:21Z,3.9
SN11 8QN,SEPD,HV,1,TT2829,316,2026-07-31T21:15:07Z,2026-08-01T01:09:21Z,3.9
SN11 8QP,SEPD,HV,1,TT2829,316,2026-07-31T21:15:07Z,2026-08-01T01:09:21Z,3.9
SN11 8QQ,SEPD,HV,1,TT2829,316,2026-07-31T21:15:07Z,2026-08-01T01:09:21Z,3.9
SN11 8QR,SEPD,HV,1,TT2829,316,2026-07-31T21:15:07Z,2026-08-01T01:09:21Z,3.9
SN11 8QS,SEPD,HV,1,TT2829,316,2026-07-31T21:15:07Z,2026-08-01T01:09:21Z,3.9
SN11 8QT,SEPD,HV,1,TT2829,316,2026-07-31T21:15:07Z,2026-08-01T01:09:21Z,3.9
SN11 8QU,SEPD,HV,1,TT2829,316,2026-07-31T21:15:07Z,2026-08-01T01:09:21Z,3.9
SN11 8QW,SEPD,HV,1,TT2829,316,2026-07-31T21:15:07Z,2026-08-01T01:09:21Z,3.9
SN11 8QX,SEPD,HV,1,TT2829,316,2026-07-31T21:15:07Z,2026-08-01T01:09:21Z,3.9
SN11 8QY,SEPD,HV,1,TT2829,316,2026-07-31T21:15:07Z,2026-08-01T01:09:21Z,3.9
SN11 8QZ,SEPD,HV,1,TT2829,316,2026-07-31T21:15:07Z,2026-08-01T01:09:21Z,3.9
SN11 8RA,SEPD,HV,1,TT2829,316,2026-07-31T21:15:07Z,2026-08-01T01:09:21Z,3.9
SN11 8UH,SEPD,HV,1,TT2829,316,2026-07-31T21:15:07Z,2026-08-01T01:09:21Z,3.9
SN11 8UJ,SEPD,HV,1,TT2829,316,2026-07-31T21:15:07Z,2026-08-01T01:09:21Z,3.9
SN11 8UL,SEPD,HV,1,TT2829,316,2026-07-31T21:15:07Z,2026-08-01T01:09:21Z,3.9
SN11 8UN,SEPD,HV,1,TT2829,316,2026-07-31T21:15:07Z,2026-08-01T01:09:21Z,3.9
SN11 8XT,SEPD,HV,1,TT2829,316,2026-07-31T21:15:07Z,2026-08-01T01:09:21Z,3.9
SN11 8XX,SEPD,HV,1,TT2829,316,2026-07-31T21:15:07Z,2026-08-01T01:09:21Z,3.9
SP11 8PY,SEPD,HV,1,TT2829,316,2026-07-31T21:15:07Z,2026-08-01T01:09:21Z,3.9
PA42 7AX,SHEPD,HV,1,TS5776,24,2026-07-27T14:54:49Z,2026-07-27T18:46:10Z,3.86
PA42 7AZ,SHEPD,HV,1,TS5776,24,2026-07-27T14:54:49Z,2026-07-27T18:46:10Z,3.86
IV15 9TS,SHEPD,HV,1,TS6103,7,2026-07-27T18:46:10Z,2026-07-27T22:36:18Z,3.84
IV15 9TT,SHEPD,HV,1,TS6103,7,2026-07-27T18:46:10Z,2026-07-27T22:36:18Z,3.84
RG24 8GF,SEPD,LV,1,TS5275,5,2026-07-27T18:46:10Z,2026-07-27T22:36:18Z,3.84
RG24 8NS,SEPD,LV,1,TS5275,5,2026-07-27T18:46:10Z,2026-07-27T22:36:18Z,3.84
RG24 8NT,SEPD,LV,1,TS5275,5,2026-07-27T18:46:10Z,2026-07-27T22:36:18Z,3.84
RG24 8NU,SEPD,LV,1,TS5275,5,2026-07-27T18:46:10Z,2026-07-27T22:36:18Z,3.84
RG24 8PA,SEPD,LV,1,TS5275,5,2026-07-27T18:46:10Z,2026-07-27T22:36:18Z,3.84
OX49 5BG,SEPD,PSI,1,253237,32,2026-08-02T07:17:41Z,2026-08-02T11:03:05Z,3.76
OX49 5JD,SEPD,PSI,1,253237,32,2026-08-02T07:17:41Z,2026-08-02T11:03:05Z,3.76
OX49 5JS,SEPD,PSI,1,253237,32,2026-08-02T07:17:41Z,2026-08-02T11:03:05Z,3.76
OX49 5JW,SEPD,PSI,1,253237,32,2026-08-02T07:17:41Z,2026-08-02T11:03:05Z,3.76
OX49 5LU,SEPD,PSI,1,253237,32,2026-08-02T07:17:41Z,2026-08-02T11:03:05Z,3.76
KW8 6HW,SHEPD,HV,1,TS6187,7,2026-07-27T21:30:17Z,2026-07-28T01:10:21Z,3.67
KW8 6JS,SHEPD,HV,1,TS6187,7,2026-07-27T21:30:17Z,2026-07-28T01:10:21Z,3.67
PO13 0WU,SEPD,LV,1,TP6659,38,2026-07-27T21:30:17Z,2026-07-28T01:10:21Z,3.67
PO13 0ZG,SEPD,LV,1,TP6659,38,2026-07-27T21:30:17Z,2026-07-28T01:10:21Z,3.67
PO13 0ZN,SEPD,LV,1,TP6659,38,2026-07-27T21:30:17Z,2026-07-28T01:10:21Z,3.67
PO13 0ZP,SEPD,LV,1,TP6659,38,2026-07-27T21:30:17Z,2026-07-28T01:10:21Z,3.67
PO13 0ZQ,SEPD,LV,1,TP6659,38,2026-07-27T21:30:17Z,2026-07-28T01:10:21Z,3.67
PO13 0ZS,SEPD,LV,1,TP6659,38,2026-07-27T21:30:17Z,2026-07-28T01:10:21Z,3.67
PO13 0ZW,SEPD,LV,1,TP6659,38,2026-07-27T21:30:17Z,2026-07-28T01:10:21Z,3.67
SP11 8EE,SEPD,PSI,1,253089,3,2026-08-01T21:29:41Z,2026-08-02T01:10:04Z,3.67
SP11 8LX,SEPD,PSI,1,253089,3,2026-08-01T21:29:41Z,2026-08-02T01:10:04Z,3.67
DT9 4DJ,SEPD,HV,1,TT4918,115,2026-08-02T21:36:12Z,2026-08-03T01:15:49Z,3.66
DT9 4FF,SEPD,HV,1,TT4918,115,2026-08-02T21:36:12Z,2026-08-03T01:15:49Z,3.66
DT9 4PS,SEPD,HV,1,TT4918,115,2026-08-02T21:36:12Z,2026-08-03T01:15:49Z,3.66
DT9 4QN,SEPD,HV,1,TT4918,115,2026-08-02T21:36:12Z,2026-08-03T01:15:49Z,3.66
DT9 4QP,SEPD,HV,1,TT4918,115,2026-08-02T21:36:12Z,2026-08-03T01:15:49Z,3.66
DT9 4QR,SEPD,HV,1,TT4918,115,2026-08-02T21:36:12Z,2026-08-03T01:15:49Z,3.66
DT9 4QS,SEPD,HV,1,TT4918,115,2026-08-02T21:36:12Z,2026-08-03T01:15:49Z,3.66
DT9 4QU,SEPD,HV,1,TT4918,115,2026-08-02T21:36:12Z,2026-08-03T01:15:49Z,3.66
DT9 4QW,SEPD,HV,1,TT4918,115,2026-08-02T21:36:12Z,2026-08-03T01:15:49Z,3.66
DT9 4QX,SEPD,HV,1,TT4918,115,2026-08-02T21:36:12Z,2026-08-03T01:15:49Z,3.66
DT9 4QY,SEPD,HV,1,TT4918,115,2026-08-02T21:36:12Z,2026-08-03T01:15:49Z,3.66
DT9 4QZ,SEPD,HV,1,TT4918,115,2026-08-02T21:36:12Z,2026-08-03T01:15:49Z,3.66
DT9 4RA,SEPD,HV,1,TT4918,115,2026-08-02T21:36:12Z,2026-08-03T01:15:49Z,3.66
DT9 4RB,SEPD,HV,1,TT4918,115,2026-08-02T21:36:12Z,2026-08-03T01:15:49Z,3.66
DT9 4RD,SEPD,HV,1,TT4918,115,2026-08-02T21:36:12Z,2026-08-03T01:15:49Z,3.66
DT9 4RF,SEPD,HV,1,TT4918,115,2026-08-02T21:36:12Z,2026-08-03T01:15:49Z,3.66
DT9 4RQ,SEPD,HV,1,TT4918,115,2026-08-02T21:36:12Z,2026-08-03T01:15:49Z,3.66
KW3 6AJ,SHEPD,LV,1,TS7795,8,2026-07-28T19:01:57Z,2026-07-28T22:41:25Z,3.66
KW3 6AN,SHEPD,LV,1,TS7795,8,2026-07-28T19:01:57Z,2026-07-28T22:41:25Z,3.66
GU34 3NP,SEPD,HV,1,TT1122,129,2026-07-30T20:04:16Z,2026-07-30T23:41:10Z,3.62
GU34 3NR,SEPD,HV,1,TT1122,129,2026-07-30T20:04:16Z,2026-07-30T23:41:10Z,3.62
GU34 3NS,SEPD,HV,1,TT1122,129,2026-07-30T20:04:16Z,2026-07-30T23:41:10Z,3.62
GU34 3NT,SEPD,HV,1,TT1122,129,2026-07-30T20:04:16Z,2026-07-30T23:41:10Z,3.62
GU34 3NU,SEPD,HV,1,TT1122,129,2026-07-30T20:04:16Z,2026-07-30T23:41:10Z,3.62
GU34 3NX,SEPD,HV,1,TT1122,129,2026-07-30T20:04:16Z,2026-07-30T23:41:10Z,3.62
GU34 3NY,SEPD,HV,1,TT1122,129,2026-07-30T20:04:16Z,2026-07-30T23:41:10Z,3.62
GU34 3NZ,SEPD,HV,1,TT1122,129,2026-07-30T20:04:16Z,2026-07-30T23:41:10Z,3.62
GU34 3PA,SEPD,HV,1,TT1122,129,2026-07-30T20:04:16Z,2026-07-30T23:41:10Z,3.62
GU34 3PB,SEPD,HV,1,TT1122,129,2026-07-30T20:04:16Z,2026-07-30T23:41:10Z,3.62
GU34 3PE,SEPD,HV,1,TT1122,129,2026-07-30T20:04:16Z,2026-07-30T23:41:10Z,3.62
GU34 3QA,SEPD,HV,1,TT1122,129,2026-07-30T20:04:16Z,2026-07-30T23:41:10Z,3.62
OX3 8BJ,SEPD,LV,1,TT0812,2,2026-07-31T01:14:50Z,2026-07-31T04:48:16Z,3.56
OX3 8EA,SEPD,LV,1,TT0812,2,2026-07-31T01:14:50Z,2026-07-31T04:48:16Z,3.56
OX3 8LY,SEPD,LV,1,TT0812,2,2026-07-31T01:14:50Z,2026-07-31T04:48:16Z,3.56
SO40 4UF,SEPD,LV,1,TT5024,37,2026-08-03T08:22:41Z,2026-08-03T11:54:02Z,3.52
SO40 4WA,SEPD,LV,1,TT5024,37,2026-08-03T08:22:41Z,2026-08-03T11:54:02Z,3.52
SO40 4WE,SEPD,LV,1,TT5024,37,2026-08-03T08:22:41Z,2026-08-03T11:54:02Z,3.52
SO40 4WF,SEPD,LV,1,TT5024,37,2026-08-03T08:22:41Z,2026-08-03T11:54:02Z,3.52
SO40 4WG,SEPD,LV,1,TT5024,37,2026-08-03T08:22:41Z,2026-08-03T11:54:02Z,3.52
SO41 0NS,SEPD,LV,1,TT5189,20,2026-08-03T08:22:41Z,2026-08-03T11:54:02Z,3.52
SO41 0PS,SEPD,LV,1,TT5189,20,2026-08-03T08:22:41Z,2026-08-03T11:54:02Z,3.52
SO41 0PT,SEPD,LV,1,TT5189,20,2026-08-03T08:22:41Z,2026-08-03T11:54:02Z,3.52
SO41 0WQ,SEPD,LV,1,TT5189,20,2026-08-03T08:22:41Z,2026-08-03T11:54:02Z,3.52
UB6 0AJ,SEPD,PSI,1,253111,197,2026-08-03T08:22:41Z,2026-08-03T11:54:02Z,3.52
UB6 0EP,SEPD,PSI,1,253111,197,2026-08-03T08:22:41Z,2026-08-03T11:54:02Z,3.52
UB6 0HE,SEPD,PSI,1,253111,197,2026-08-03T08:22:41Z,2026-08-03T11:54:02Z,3.52
UB6 0HY,SEPD,PSI,1,253111,197,2026-08-03T08:22:41Z,2026-08-03T11:54:02Z,3.52
RG9 6HG,SEPD,HV,1,TT4819,77,2026-08-02T18:15:47Z,2026-08-02T21:36:12Z,3.34
RG9 6HQ,SEPD,HV,1,TT4819,77,2026-08-02T18:15:47Z,2026-08-02T21:36:12Z,3.34
OX13 5LD,SEPD,"LV,HV",2,"TT4374,TT4604",13,2026-08-02T07:17:41Z,2026-08-02T12:11:54Z,3.3
OX44 9JD,SEPD,LV,1,TS7162,12,2026-07-28T14:35:16Z,2026-07-28T17:50:34Z,3.26
OX44 9JE,SEPD,LV,1,TS7162,12,2026-07-28T14:35:16Z,2026-07-28T17:50:34Z,3.26
OX44 9JF,SEPD,LV,1,TS7162,12,2026-07-28T14:35:16Z,2026-07-28T17:50:34Z,3.26
OX44 9JG,SEPD,LV,1,TS7162,12,2026-07-28T14:35:16Z,2026-07-28T17:50:34Z,3.26
OX44 9JH,SEPD,LV,1,TS7162,12,2026-07-28T14:35:16Z,2026-07-28T17:50:34Z,3.26
OX44 9JN,SEPD,LV,1,TS7162,12,2026-07-28T14:35:16Z,2026-07-28T17:50:34Z,3.26
OX44 9JQ,SEPD,LV,1,TS7162,12,2026-07-28T14:35:16Z,2026-07-28T17:50:34Z,3.26
HS7 5LY,SHEPD,"LV,HV",2,"TT1249,TT4084",6,2026-07-30T22:34:20Z,2026-08-01T23:32:17Z,3.15
BA4 6AH,SEPD,LV,1,TS9522,15,2026-07-29T21:08:31Z,2026-07-30T00:15:31Z,3.12
BA4 6AR,SEPD,LV,1,TS9522,15,2026-07-29T21:08:31Z,2026-07-30T00:15:31Z,3.12
BA4 6AS,SEPD,LV,1,TS9522,15,2026-07-29T21:08:31Z,2026-07-30T00:15:31Z,3.12
BA4 6AT,SEPD,LV,1,TS9522,15,2026-07-29T21:08:31Z,2026-07-30T00:15:31Z,3.12
BA4 6AU,SEPD,LV,1,TS9522,15,2026-07-29T21:08:31Z,2026-07-30T00:15:31Z,3.12
BA4 6BA,SEPD,LV,1,TS9522,15,2026-07-29T21:08:31Z,2026-07-30T00:15:31Z,3.12
BA4 6BD,SEPD,LV,1,TS9522,15,2026-07-29T21:08:31Z,2026-07-30T00:15:31Z,3.12
SN15 5DH,SEPD,LV,1,TT4641,9,2026-08-02T20:35:26Z,2026-08-02T23:40:34Z,3.09
SN15 5DJ,SEPD,LV,1,TT4641,9,2026-08-02T20:35:26Z,2026-08-02T23:40:34Z,3.09
SN15 5DL,SEPD,LV,1,TT4641,9,2026-08-02T20:35:26Z,2026-08-02T23:40:34Z,3.09
SN15 5DQ,SEPD,LV,1,TT4641,9,2026-08-02T20:35:26Z,2026-08-02T23:40:34Z,3.09
IV42 8QE,SHEPD,HV,1,TS9188,226,2026-07-29T14:35:46Z,2026-07-29T17:37:47Z,3.03
IV49 9AS,SHEPD,HV,1,TS9188,226,2026-07-29T14:35:46Z,2026-07-29T17:37:47Z,3.03
IV49 9AT,SHEPD,HV,1,TS9188,226,2026-07-29T14:35:46Z,2026-07-29T17:37:47Z,3.03
IV49 9AU,SHEPD,HV,1,TS9188,226,2026-07-29T14:35:46Z,2026-07-29T17:37:47Z,3.03
IV49 9AX,SHEPD,HV,1,TS9188,226,2026-07-29T14:35:46Z,2026-07-29T17:37:47Z,3.03
IV49 9BA,SHEPD,HV,1,TS9188,226,2026-07-29T14:35:46Z,2026-07-29T17:37:47Z,3.03
IV49 9BB,SHEPD,HV,1,TS9188,226,2026-07-29T14:35:46Z,2026-07-29T17:37:47Z,3.03
IV49 9BG,SHEPD,HV,1,TS9188,226,2026-07-29T14:35:46Z,2026-07-29T17:37:47Z,3.03
IV49 9BJ,SHEPD,HV,1,TS9188,226,2026-07-29T14:35:46Z,2026-07-29T17:37:47Z,3.03
IV49 9BL,SHEPD,HV,1,TS9188,226,2026-07-29T14:35:46Z,2026-07-29T17:37:47Z,3.03
IV49 9BQ,SHEPD,HV,1,TS9188,226,2026-07-29T14:35:46Z,2026-07-29T17:37:47Z,3.03
PA21 2AB,SHEPD,HV,1,TS8887,3,2026-07-29T14:35:46Z,2026-07-29T17:37:47Z,3.03
PA21 2AH,SHEPD,HV,1,TS8887,3,2026-07-29T14:35:46Z,2026-07-29T17:37:47Z,3.03
BH16 6BT,SEPD,PSI,2,"253155,253158",6,2026-07-27T11:54:03Z,2026-07-29T10:05:32Z,3.01
GU30 7JQ,SEPD,PSI,1,252753,19,2026-07-27T11:54:03Z,2026-07-27T14:54:49Z,3.01
GU30 7PE,SEPD,PSI,1,252753,19,2026-07-27T11:54:03Z,2026-07-27T14:54:49Z,3.01
GU30 7QJ,SEPD,PSI,1,252753,19,2026-07-27T11:54:03Z,2026-07-27T14:54:49Z,3.01
GU33 7JR,SEPD,PSI,1,252753,19,2026-07-27T11:54:03Z,2026-07-27T14:54:49Z,3.01
SO32 1QB,SEPD,HV,1,TS4964,96,2026-07-27T11:54:03Z,2026-07-27T14:54:49Z,3.01
SO32 1QE,SEPD,HV,1,TS4964,96,2026-07-27T11:54:03Z,2026-07-27T14:54:49Z,3.01
AB53 6XE,SHEPD,PSI,1,252364,6,2026-07-27T11:57:34Z,2026-07-27T14:54:49Z,2.95
AB53 6YD,SHEPD,PSI,1,252364,6,2026-07-27T11:57:34Z,2026-07-27T14:54:49Z,2.95
BA11 2EA,SEPD,PSI,1,252525,83,2026-07-27T11:57:34Z,2026-07-27T14:54:49Z,2.95
BA11 5FT,SEPD,PSI,1,252525,83,2026-07-27T11:57:34Z,2026-07-27T14:54:49Z,2.95
BA11 5JA,SEPD,PSI,1,252525,83,2026-07-27T11:57:34Z,2026-07-27T14:54:49Z,2.95
BA11 5JB,SEPD,PSI,1,252525,83,2026-07-27T11:57:34Z,2026-07-27T14:54:49Z,2.95
BA11 5JD,SEPD,PSI,1,252525,83,2026-07-27T11:57:34Z,2026-07-27T14:54:49Z,2.95
BA11 5JE,SEPD,PSI,1,252525,83,2026-07-27T11:57:34Z,2026-07-27T14:54:49Z,2.95
BA11 5JF,SEPD,PSI,1,252525,83,2026-07-27T11:57:34Z,2026-07-27T14:54:49Z,2.95
BA11 5JH,SEPD,PSI,1,252525,83,2026-07-27T11:57:34Z,2026-07-27T14:54:49Z,2.95
BA11 5JJ,SEPD,PSI,1,252525,83,2026-07-27T11:57:34Z,2026-07-27T14:54:49Z,2.95
BA11 5JL,SEPD,PSI,1,252525,83,2026-07-27T11:57:34Z,2026-07-27T14:54:49Z,2.95
BA11 6TQ,SEPD,PSI,1,252525,83,2026-07-27T11:57:34Z,2026-07-27T14:54:49Z,2.95
DT10 2LR,SEPD,PSI,1,252108,56,2026-07-27T11:57:34Z,2026-07-27T14:54:49Z,2.95
DT10 2LS,SEPD,PSI,1,252108,56,2026-07-27T11:57:34Z,2026-07-27T14:54:49Z,2.95
DT10 2LU,SEPD,PSI,1,252108,56,2026-07-27T11:57:34Z,2026-07-27T14:54:49Z,2.95
DT10 2RJ,SEPD,PSI,1,252108,56,2026-07-27T11:57:34Z,2026-07-27T14:54:49Z,2.95
DT10 2RR,SEPD,PSI,1,252108,56,2026-07-27T11:57:34Z,2026-07-27T14:54:49Z,2.95
DT10 2SS,SEPD,PSI,1,252108,56,2026-07-27T11:57:34Z,2026-07-27T14:54:49Z,2.95
GU26 6JB,SEPD,PSI,1,252460,129,2026-07-27T11:57:34Z,2026-07-27T14:54:49Z,2.95
GU26 6JD,SEPD,PSI,1,252460,129,2026-07-27T11:57:34Z,2026-07-27T14:54:49Z,2.95
GU26 6JE,SEPD,PSI,1,252460,129,2026-07-27T11:57:34Z,2026-07-27T14:54:49Z,2.95
GU26 6JF,SEPD,PSI,1,252460,129,2026-07-27T11:57:34Z,2026-07-27T14:54:49Z,2.95
GU26 6JG,SEPD,PSI,1,252460,129,2026-07-27T11:57:34Z,2026-07-27T14:54:49Z,2.95
GU26 6JH,SEPD,PSI,1,252460,129,2026-07-27T11:57:34Z,2026-07-27T14:54:49Z,2.95
GU26 6JJ,SEPD,PSI,1,252460,129,2026-07-27T11:57:34Z,2026-07-27T14:54:49Z,2.95
GU26 6JL,SEPD,PSI,1,252460,129,2026-07-27T11:57:34Z,2026-07-27T14:54:49Z,2.95
GU26 6JQ,SEPD,PSI,1,252460,129,2026-07-27T11:57:34Z,2026-07-27T14:54:49Z,2.95
GU35 8AW,SEPD,PSI,1,252460,129,2026-07-27T11:57:34Z,2026-07-27T14:54:49Z,2.95
GU35 8JL,SEPD,PSI,1,252460,129,2026-07-27T11:57:34Z,2026-07-27T14:54:49Z,2.95
GU35 8JN,SEPD,PSI,1,252460,129,2026-07-27T11:57:34Z,2026-07-27T14:54:49Z,2.95
GU35 8JX,SEPD,PSI,1,252460,129,2026-07-27T11:57:34Z,2026-07-27T14:54:49Z,2.95
GU35 8JZ,SEPD,PSI,1,252460,129,2026-07-27T11:57:34Z,2026-07-27T14:54:49Z,2.95
GU35 8LA,SEPD,PSI,1,252460,129,2026-07-27T11:57:34Z,2026-07-27T14:54:49Z,2.95
RG27 8SN,SEPD,PSI,1,253694,37,2026-07-27T11:57:34Z,2026-07-27T14:54:49Z,2.95
RG27 8SP,SEPD,PSI,1,253694,37,2026-07-27T11:57:34Z,2026-07-27T14:54:49Z,2.95
RG27 8SW,SEPD,PSI,1,253694,37,2026-07-27T11:57:34Z,2026-07-27T14:54:49Z,2.95
SN9 6AJ,SEPD,PSI,1,252901,171,2026-07-27T11:57:34Z,2026-07-27T14:54:49Z,2.95
SN9 6AL,SEPD,PSI,1,252901,171,2026-07-27T11:57:34Z,2026-07-27T14:54:49Z,2.95
SN9 6AN,SEPD,PSI,1,252901,171,2026-07-27T11:57:34Z,2026-07-27T14:54:49Z,2.95
SN9 6AP,SEPD,PSI,1,252901,171,2026-07-27T11:57:34Z,2026-07-27T14:54:49Z,2.95
SN9 6AR,SEPD,PSI,1,252901,171,2026-07-27T11:57:34Z,2026-07-27T14:54:49Z,2.95
SN9 6AS,SEPD,PSI,1,252901,171,2026-07-27T11:57:34Z,2026-07-27T14:54:49Z,2.95
SN9 6AT,SEPD,PSI,1,252901,171,2026-07-27T11:57:34Z,2026-07-27T14:54:49Z,2.95
SN9 6AU,SEPD,PSI,1,252901,171,2026-07-27T11:57:34Z,2026-07-27T14:54:49Z,2.95
SN9 6AW,SEPD,PSI,1,252901,171,2026-07-27T11:57:34Z,2026-07-27T14:54:49Z,2.95
SN9 6DB,SEPD,PSI,1,252901,171,2026-07-27T11:57:34Z,2026-07-27T14:54:49Z,2.95
SN9 6DD,SEPD,PSI,1,252901,171,2026-07-27T11:57:34Z,2026-07-27T14:54:49Z,2.95
SN9 6DH,SEPD,PSI,1,252901,171,2026-07-27T11:57:34Z,2026-07-27T14:54:49Z,2.95
SN9 6DJ,SEPD,PSI,1,252901,171,2026-07-27T11:57:34Z,2026-07-27T14:54:49Z,2.95
SN9 6DN,SEPD,PSI,1,252901,171,2026-07-27T11:57:34Z,2026-07-27T14:54:49Z,2.95
SN9 6DW,SEPD,PSI,1,252901,171,2026-07-27T11:57:34Z,2026-07-27T14:54:49Z,2.95
SN9 6DX,SEPD,PSI,1,252901,171,2026-07-27T11:57:34Z,2026-07-27T14:54:49Z,2.95
SO32 1AS,SEPD,HV,1,TS4964,96,2026-07-27T11:57:34Z,2026-07-27T14:54:49Z,2.95
SO32 1FD,SEPD,HV,1,TS4964,96,2026-07-27T11:57:34Z,2026-07-27T14:54:49Z,2.95
SO32 1FE,SEPD,HV,1,TS4964,96,2026-07-27T11:57:34Z,2026-07-27T14:54:49Z,2.95
SO32 1FG,SEPD,HV,1,TS4964,96,2026-07-27T11:57:34Z,2026-07-27T14:54:49Z,2.95
SO32 1FH,SEPD,HV,1,TS4964,96,2026-07-27T11:57:34Z,2026-07-27T14:54:49Z,2.95
SO32 1FJ,SEPD,HV,1,TS4964,96,2026-07-27T11:57:34Z,2026-07-27T14:54:49Z,2.95
SO32 1FQ,SEPD,HV,1,TS4964,96,2026-07-27T11:57:34Z,2026-07-27T14:54:49Z,2.95
SO32 1FR,SEPD,HV,1,TS4964,96,2026-07-27T11:57:34Z,2026-07-27T14:54:49Z,2.95
SO32 1FS,SEPD,HV,1,TS4964,96,2026-07-27T11:57:34Z,2026-07-27T14:54:49Z,2.95
SO32 1FT,SEPD,HV,1,TS4964,96,2026-07-27T11:57:34Z,2026-07-27T14:54:49Z,2.95
SO32 1FU,SEPD,HV,1,TS4964,96,2026-07-27T11:57:34Z,2026-07-27T14:54:49Z,2.95
PO21 5BA,SEPD,LV,1,TS7968,6,2026-07-29T04:30:51Z,2026-07-29T07:23:36Z,2.88
PO22 9BT,SEPD,LV,1,TS7968,6,2026-07-29T04:30:51Z,2026-07-29T07:23:36Z,2.88
PO9 3AG,SEPD,"HV,LV",2,"TT1067,TT1253",543,2026-07-30T20:04:16Z,2026-07-31T01:14:50Z,2.87
PO9 3HN,SEPD,"HV,LV",2,"TT1067,TT1253",543,2026-07-30T20:04:16Z,2026-07-31T01:14:50Z,2.87
PO9 3HQ,SEPD,"HV,LV",2,"TT1067,TT1253",543,2026-07-30T20:04:16Z,2026-07-31T01:14:50Z,2.87
PO9 3RX,SEPD,"HV,LV",2,"TT1067,TT1253",543,2026-07-30T20:04:16Z,2026-07-31T01:14:50Z,2.87
PO9 3SD,SEPD,"HV,LV",2,"TT1067,TT1253",543,2026-07-30T20:04:16Z,2026-07-31T01:14:50Z,2.87
PO9 3TP,SEPD,"HV,LV",2,"TT1067,TT1253",543,2026-07-30T20:04:16Z,2026-07-31T01:14:50Z,2.87
PO9 4AD,SEPD,"HV,LV",2,"TT1067,TT1253",543,2026-07-30T20:04:16Z,2026-07-31T01:14:50Z,2.87
AB32 7EP,SHEPD,"PSI,HV",2,"253422,TS6352",278,2026-07-28T04:28:16Z,2026-07-30T09:03:39Z,2.83
AB21 0SB,SHEPD,HV,1,TS6352,258,2026-07-28T04:28:16Z,2026-07-28T07:17:57Z,2.83
AB32 6SA,SHEPD,HV,1,TS6352,258,2026-07-28T04:28:16Z,2026-07-28T07:17:57Z,2.83
AB32 7AE,SHEPD,HV,1,TS6352,258,2026-07-28T04:28:16Z,2026-07-28T07:17:57Z,2.83
AB32 7AW,SHEPD,HV,1,TS6352,258,2026-07-28T04:28:16Z,2026-07-28T07:17:57Z,2.83
AB32 7AX,SHEPD,HV,1,TS6352,258,2026-07-28T04:28:16Z,2026-07-28T07:17:57Z,2.83
AB32 7BA,SHEPD,HV,1,TS6352,258,2026-07-28T04:28:16Z,2026-07-28T07:17:57Z,2.83
AB32 7BB,SHEPD,HV,1,TS6352,258,2026-07-28T04:28:16Z,2026-07-28T07:17:57Z,2.83
AB32 7BE,SHEPD,HV,1,TS6352,258,2026-07-28T04:28:16Z,2026-07-28T07:17:57Z,2.83
AB32 7BJ,SHEPD,HV,1,TS6352,258,2026-07-28T04:28:16Z,2026-07-28T07:17:57Z,2.83
AB32 7BQ,SHEPD,HV,1,TS6352,258,2026-07-28T04:28:16Z,2026-07-28T07:17:57Z,2.83
AB32 7BR,SHEPD,HV,1,TS6352,258,2026-07-28T04:28:16Z,2026-07-28T07:17:57Z,2.83
AB32 7BX,SHEPD,HV,1,TS6352,258,2026-07-28T04:28:16Z,2026-07-28T07:17:57Z,2.83
AB32 7DA,SHEPD,HV,1,TS6352,258,2026-07-28T04:28:16Z,2026-07-28T07:17:57Z,2.83
AB32 7DB,SHEPD,HV,1,TS6352,258,2026-07-28T04:28:16Z,2026-07-28T07:17:57Z,2.83
AB32 7DD,SHEPD,HV,1,TS6352,258,2026-07-28T04:28:16Z,2026-07-28T07:17:57Z,2.83
AB32 7DE,SHEPD,HV,1,TS6352,258,2026-07-28T04:28:16Z,2026-07-28T07:17:57Z,2.83
AB32 7DR,SHEPD,HV,1,TS6352,258,2026-07-28T04:28:16Z,2026-07-28T07:17:57Z,2.83
AB32 7ED,SHEPD,HV,1,TS6352,258,2026-07-28T04:28:16Z,2026-07-28T07:17:57Z,2.83
AB32 7EJ,SHEPD,HV,1,TS6352,258,2026-07-28T04:28:16Z,2026-07-28T07:17:57Z,2.83
AB32 7EL,SHEPD,HV,1,TS6352,258,2026-07-28T04:28:16Z,2026-07-28T07:17:57Z,2.83
AB32 7EN,SHEPD,HV,1,TS6352,258,2026-07-28T04:28:16Z,2026-07-28T07:17:57Z,2.83
AB32 7ER,SHEPD,HV,1,TS6352,258,2026-07-28T04:28:16Z,2026-07-28T07:17:57Z,2.83
AB32 7ES,SHEPD,HV,1,TS6352,258,2026-07-28T04:28:16Z,2026-07-28T07:17:57Z,2.83
AB32 7ET,SHEPD,HV,1,TS6352,258,2026-07-28T04:28:16Z,2026-07-28T07:17:57Z,2.83
AB51 0XH,SHEPD,HV,1,TS6352,258,2026-07-28T04:28:16Z,2026-07-28T07:17:57Z,2.83
AB51 0YB,SHEPD,HV,1,TS6352,258,2026-07-28T04:28:16Z,2026-07-28T07:17:57Z,2.83
AB51 0YD,SHEPD,HV,1,TS6352,258,2026-07-28T04:28:16Z,2026-07-28T07:17:57Z,2.83
AB51 0YE,SHEPD,HV,1,TS6352,258,2026-07-28T04:28:16Z,2026-07-28T07:17:57Z,2.83
AB51 0YJ,SHEPD,HV,1,TS6352,258,2026-07-28T04:28:16Z,2026-07-28T07:17:57Z,2.83
DT10 1JJ,SEPD,LV,1,TT3430,16,2026-08-01T12:08:39Z,2026-08-01T14:55:29Z,2.78
DT10 1JL,SEPD,LV,1,TT3430,16,2026-08-01T12:08:39Z,2026-08-01T14:55:29Z,2.78
DT10 1JN,SEPD,LV,1,TT3430,16,2026-08-01T12:08:39Z,2026-08-01T14:55:29Z,2.78
DT10 1NA,SEPD,LV,1,TT3430,16,2026-08-01T12:08:39Z,2026-08-01T14:55:29Z,2.78
DT10 1PH,SEPD,LV,1,TT3430,16,2026-08-01T12:08:39Z,2026-08-01T14:55:29Z,2.78
DT10 2AU,SEPD,LV,1,TT3430,16,2026-08-01T12:08:39Z,2026-08-01T14:55:29Z,2.78
SP5 5RQ,SEPD,PSI,2,"253784,253785",6,2026-07-29T07:23:36Z,2026-07-30T09:03:39Z,2.7
RG14 1DL,SEPD,LV,1,TT1229,18,2026-07-30T22:34:20Z,2026-07-31T01:14:50Z,2.67
RG14 1JH,SEPD,LV,1,TT1229,18,2026-07-30T22:34:20Z,2026-07-31T01:14:50Z,2.67
RG14 1NU,SEPD,LV,1,TT1229,18,2026-07-30T22:34:20Z,2026-07-31T01:14:50Z,2.67
RG14 1QL,SEPD,LV,1,TT1229,18,2026-07-30T22:34:20Z,2026-07-31T01:14:50Z,2.67
BH23 5LW,SEPD,LV,1,TT4817,8,2026-08-02T22:38:31Z,2026-08-03T01:15:49Z,2.62
SN3 5DD,SEPD,LV,1,TT4903,7,2026-08-02T22:38:31Z,2026-08-03T01:15:49Z,2.62
SN3 5DE,SEPD,LV,1,TT4903,7,2026-08-02T22:38:31Z,2026-08-03T01:15:49Z,2.62
BH25 7JY,SEPD,LV,1,TS9607,16,2026-07-30T03:38:05Z,2026-07-30T06:12:17Z,2.57
BH25 7LA,SEPD,LV,1,TS9607,16,2026-07-30T03:38:05Z,2026-07-30T06:12:17Z,2.57
BH25 7LB,SEPD,LV,1,TS9607,16,2026-07-30T03:38:05Z,2026-07-30T06:12:17Z,2.57
BH25 7LE,SEPD,LV,1,TS9607,16,2026-07-30T03:38:05Z,2026-07-30T06:12:17Z,2.57
BH25 7LG,SEPD,LV,1,TS9607,16,2026-07-30T03:38:05Z,2026-07-30T06:12:17Z,2.57
AB53 6SX,SHEPD,"PSI,HV",2,"253817,TS6676",33,2026-07-28T09:59:59Z,2026-07-31T14:55:42Z,2.55
AB53 6SU,SHEPD,PSI,1,253817,3,2026-07-31T12:22:49Z,2026-07-31T14:55:42Z,2.55
IV40,SHEPD,HV,1,TT2784,96,2026-07-31T19:54:37Z,2026-07-31T22:27:46Z,2.55
IV54,SHEPD,HV,1,TT2784,96,2026-07-31T19:54:37Z,2026-07-31T22:27:46Z,2.55
IV54 8XA,SHEPD,HV,1,TT2784,96,2026-07-31T19:54:37Z,2026-07-31T22:27:46Z,2.55
IV54 8XX,SHEPD,HV,1,TT2784,96,2026-07-31T19:54:37Z,2026-07-31T22:27:46Z,2.55
IV54 8YG,SHEPD,HV,1,TT2784,96,2026-07-31T19:54:37Z,2026-07-31T22:27:46Z,2.55
IV54 8YH,SHEPD,HV,1,TT2784,96,2026-07-31T19:54:37Z,2026-07-31T22:27:46Z,2.55
IV54 8YN,SHEPD,HV,1,TT2784,96,2026-07-31T19:54:37Z,2026-07-31T22:27:46Z,2.55
IV54 8YR,SHEPD,HV,1,TT2784,96,2026-07-31T19:54:37Z,2026-07-31T22:27:46Z,2.55
IV54 8YS,SHEPD,HV,1,TT2784,96,2026-07-31T19:54:37Z,2026-07-31T22:27:46Z,2.55
IV54 8YU,SHEPD,HV,1,TT2784,96,2026-07-31T19:54:37Z,2026-07-31T22:27:46Z,2.55
IV54 8YW,SHEPD,HV,1,TT2784,96,2026-07-31T19:54:37Z,2026-07-31T22:27:46Z,2.55
IV54 8YX,SHEPD,HV,1,TT2784,96,2026-07-31T19:54:37Z,2026-07-31T22:27:46Z,2.55
PO19 5HA,SEPD,LV,1,TT1204,18,2026-07-31T19:54:37Z,2026-07-31T22:27:46Z,2.55
PO19 5PH,SEPD,LV,1,TT1204,18,2026-07-31T19:54:37Z,2026-07-31T22:27:46Z,2.55
PO19 6PS,SEPD,LV,1,TT1204,18,2026-07-31T19:54:37Z,2026-07-31T22:27:46Z,2.55
RG31 7ZU,SEPD,LV,1,TS5747,25,2026-07-27T20:11:16Z,2026-07-27T22:36:18Z,2.42
SO21 1JU,SEPD,HV,1,TT3849,31,2026-08-01T17:13:10Z,2026-08-01T19:36:36Z,2.39
SO21 1JX,SEPD,HV,1,TT3849,31,2026-08-01T17:13:10Z,2026-08-01T19:36:36Z,2.39
SO21 1JZ,SEPD,HV,1,TT3849,31,2026-08-01T17:13:10Z,2026-08-01T19:36:36Z,2.39
SO21 1LA,SEPD,HV,1,TT3849,31,2026-08-01T17:13:10Z,2026-08-01T19:36:36Z,2.39
SO21 1LB,SEPD,HV,1,TT3849,31,2026-08-01T17:13:10Z,2026-08-01T19:36:36Z,2.39
SO21 1LD,SEPD,HV,1,TT3849,31,2026-08-01T17:13:10Z,2026-08-01T19:36:36Z,2.39
SO24,SEPD,HV,1,TT3849,31,2026-08-01T17:13:10Z,2026-08-01T19:36:36Z,2.39
BA8 0BB,SEPD,HV,1,TT0663,125,2026-07-30T12:59:00Z,2026-07-30T15:18:57Z,2.33
BA8 0BD,SEPD,HV,1,TT0663,125,2026-07-30T12:59:00Z,2026-07-30T15:18:57Z,2.33
BA8 0BE,SEPD,HV,1,TT0663,125,2026-07-30T12:59:00Z,2026-07-30T15:18:57Z,2.33
BA8 0BG,SEPD,HV,1,TT0663,125,2026-07-30T12:59:00Z,2026-07-30T15:18:57Z,2.33
BA8 0BH,SEPD,HV,1,TT0663,125,2026-07-30T12:59:00Z,2026-07-30T15:18:57Z,2.33
BA8 0BJ,SEPD,HV,1,TT0663,125,2026-07-30T12:59:00Z,2026-07-30T15:18:57Z,2.33
BA8 0BL,SEPD,HV,1,TT0663,125,2026-07-30T12:59:00Z,2026-07-30T15:18:57Z,2.33
BA8 0BN,SEPD,HV,1,TT0663,125,2026-07-30T12:59:00Z,2026-07-30T15:18:57Z,2.33
BA8 0BP,SEPD,HV,1,TT0663,125,2026-07-30T12:59:00Z,2026-07-30T15:18:57Z,2.33
BA8 0BR,SEPD,HV,1,TT0663,125,2026-07-30T12:59:00Z,2026-07-30T15:18:57Z,2.33
BA8 0BS,SEPD,HV,1,TT0663,125,2026-07-30T12:59:00Z,2026-07-30T15:18:57Z,2.33
BA8 0BW,SEPD,HV,1,TT0663,125,2026-07-30T12:59:00Z,2026-07-30T15:18:57Z,2.33
BA8 0BX,SEPD,HV,1,TT0663,125,2026-07-30T12:59:00Z,2026-07-30T15:18:57Z,2.33
BA8 0DA,SEPD,HV,1,TT0663,125,2026-07-30T12:59:00Z,2026-07-30T15:18:57Z,2.33
BA8 0DB,SEPD,HV,1,TT0663,125,2026-07-30T12:59:00Z,2026-07-30T15:18:57Z,2.33
BA8 0DN,SEPD,HV,1,TT0663,125,2026-07-30T12:59:00Z,2026-07-30T15:18:57Z,2.33
BA8 0DR,SEPD,HV,1,TT0663,125,2026-07-30T12:59:00Z,2026-07-30T15:18:57Z,2.33
BA8 0DW,SEPD,HV,1,TT0663,125,2026-07-30T12:59:00Z,2026-07-30T15:18:57Z,2.33
BA8 0ER,SEPD,HV,1,TT0663,125,2026-07-30T12:59:00Z,2026-07-30T15:18:57Z,2.33
BA9 8NG,SEPD,HV,1,TT0663,125,2026-07-30T12:59:00Z,2026-07-30T15:18:57Z,2.33
HP14 3AT,SEPD,PSI,1,253790,8,2026-07-30T12:59:00Z,2026-07-30T15:18:57Z,2.33
SL4 4QJ,SEPD,LV,1,TT0829,5,2026-07-30T21:22:37Z,2026-07-30T23:41:10Z,2.31
SL4 4QL,SEPD,LV,1,TT0829,5,2026-07-30T21:22:37Z,2026-07-30T23:41:10Z,2.31
SL4 4QN,SEPD,LV,1,TT0829,5,2026-07-30T21:22:37Z,2026-07-30T23:41:10Z,2.31
SL4 4QQ,SEPD,LV,1,TT0829,5,2026-07-30T21:22:37Z,2026-07-30T23:41:10Z,2.31
SL4 4QW,SEPD,LV,1,TT0829,5,2026-07-30T21:22:37Z,2026-07-30T23:41:10Z,2.31
AB45 1BX,SHEPD,HV,1,TT3857,24,2026-08-01T14:55:29Z,2026-08-01T17:13:10Z,2.29
AB45 2DR,SHEPD,HV,1,TT3857,24,2026-08-01T14:55:29Z,2026-08-01T17:13:10Z,2.29
AB45 3AA,SHEPD,HV,1,TT3857,24,2026-08-01T14:55:29Z,2026-08-01T17:13:10Z,2.29
AB45 3TJ,SHEPD,HV,1,TT3857,24,2026-08-01T14:55:29Z,2026-08-01T17:13:10Z,2.29
AB45 3TP,SHEPD,HV,1,TT3857,24,2026-08-01T14:55:29Z,2026-08-01T17:13:10Z,2.29
GU8 6LW,SEPD,PSI,1,252618,2,2026-07-30T09:03:39Z,2026-07-30T11:20:22Z,2.28
HS2 9QL,SHEPD,PSI,1,253532,16,2026-07-30T09:03:39Z,2026-07-30T11:20:22Z,2.28
HS2 9QU,SHEPD,PSI,1,253532,16,2026-07-30T09:03:39Z,2026-07-30T11:20:22Z,2.28
HS2 9QZ,SHEPD,PSI,1,253532,16,2026-07-30T09:03:39Z,2026-07-30T11:20:22Z,2.28
SN13 9PB,SEPD,PSI,1,252900,49,2026-07-30T09:03:39Z,2026-07-30T11:20:22Z,2.28
SN13 9PD,SEPD,PSI,1,252900,49,2026-07-30T09:03:39Z,2026-07-30T11:20:22Z,2.28
SN13 9PE,SEPD,PSI,1,252900,49,2026-07-30T09:03:39Z,2026-07-30T11:20:22Z,2.28
SN13 9PG,SEPD,PSI,1,252900,49,2026-07-30T09:03:39Z,2026-07-30T11:20:22Z,2.28
SN13 9PH,SEPD,PSI,1,252900,49,2026-07-30T09:03:39Z,2026-07-30T11:20:22Z,2.28
AB51 8XB,SHEPD,PSI,1,252371,9,2026-07-29T12:19:44Z,2026-07-29T14:35:46Z,2.27
AB53 5YU,SHEPD,PSI,1,252371,9,2026-07-29T12:19:44Z,2026-07-29T14:35:46Z,2.27
AB53 6UY,SHEPD,PSI,1,252371,9,2026-07-29T12:19:44Z,2026-07-29T14:35:46Z,2.27
AB53 6XB,SHEPD,PSI,1,252371,9,2026-07-29T12:19:44Z,2026-07-29T14:35:46Z,2.27
AB53 6XD,SHEPD,PSI,1,252371,9,2026-07-29T12:19:44Z,2026-07-29T14:35:46Z,2.27
PO8 9PA,SEPD,HV,1,TT3441,103,2026-08-01T13:53:13Z,2026-08-01T16:07:57Z,2.25
PO8 9PB,SEPD,HV,1,TT3441,103,2026-08-01T13:53:13Z,2026-08-01T16:07:57Z,2.25
PO8 9QE,SEPD,HV,1,TT3441,103,2026-08-01T13:53:13Z,2026-08-01T16:07:57Z,2.25
PO8 9QF,SEPD,HV,1,TT3441,103,2026-08-01T13:53:13Z,2026-08-01T16:07:57Z,2.25
PH1 3AF,SHEPD,PSI,4,"252927,252974,253481,253530",127,2026-07-29T10:05:32Z,2026-07-31T10:17:29Z,2.24
AB52 6TB,SHEPD,PSI,1,252151,5,2026-07-29T10:05:32Z,2026-07-29T12:19:44Z,2.24
AB53 5UG,SHEPD,PSI,1,252846,8,2026-07-29T10:05:32Z,2026-07-29T12:19:44Z,2.24
AB53 5UH,SHEPD,PSI,1,252846,8,2026-07-29T10:05:32Z,2026-07-29T12:19:44Z,2.24
BA11 3SA,SEPD,PSI,1,253709,50,2026-07-29T10:05:32Z,2026-07-29T12:19:44Z,2.24
BA11 3SB,SEPD,PSI,1,253709,50,2026-07-29T10:05:32Z,2026-07-29T12:19:44Z,2.24
BA11 3SD,SEPD,PSI,1,253709,50,2026-07-29T10:05:32Z,2026-07-29T12:19:44Z,2.24
DT2,SEPD,PSI,1,252253,135,2026-07-29T10:05:32Z,2026-07-29T12:19:44Z,2.24
DT2 9FN,SEPD,PSI,1,252253,135,2026-07-29T10:05:32Z,2026-07-29T12:19:44Z,2.24
DT2 9LQ,SEPD,PSI,1,252253,135,2026-07-29T10:05:32Z,2026-07-29T12:19:44Z,2.24
DT2 9RJ,SEPD,PSI,1,252253,135,2026-07-29T10:05:32Z,2026-07-29T12:19:44Z,2.24
DT2 9UY,SEPD,PSI,1,252253,135,2026-07-29T10:05:32Z,2026-07-29T12:19:44Z,2.24
DT2 9UZ,SEPD,PSI,1,252253,135,2026-07-29T10:05:32Z,2026-07-29T12:19:44Z,2.24
DT2 9XA,SEPD,PSI,1,252253,135,2026-07-29T10:05:32Z,2026-07-29T12:19:44Z,2.24
DT2 9XE,SEPD,PSI,1,252253,135,2026-07-29T10:05:32Z,2026-07-29T12:19:44Z,2.24
G63 0LL,SHEPD,PSI,1,253558,20,2026-07-29T10:05:32Z,2026-07-29T12:19:44Z,2.24
G63 0QB,SHEPD,PSI,1,253558,20,2026-07-29T10:05:32Z,2026-07-29T12:19:44Z,2.24
G63 0QD,SHEPD,PSI,1,253558,20,2026-07-29T10:05:32Z,2026-07-29T12:19:44Z,2.24
G63 0QE,SHEPD,PSI,1,253558,20,2026-07-29T10:05:32Z,2026-07-29T12:19:44Z,2.24
GU14 6BH,SEPD,PSI,1,252965,3,2026-07-29T10:05:32Z,2026-07-29T12:19:44Z,2.24
GU14 6BJ,SEPD,PSI,1,252965,3,2026-07-29T10:05:32Z,2026-07-29T12:19:44Z,2.24
HS8 5JH,SHEPD,LV,1,TS8255,4,2026-07-29T10:05:32Z,2026-07-29T12:19:44Z,2.24
HS8 5JT,SHEPD,LV,1,TS8255,4,2026-07-29T10:05:32Z,2026-07-29T12:19:44Z,2.24
IV51 9HU,SHEPD,PSI,1,252974,75,2026-07-29T10:05:32Z,2026-07-29T12:19:44Z,2.24
IV51 9HZ,SHEPD,PSI,1,252974,75,2026-07-29T10:05:32Z,2026-07-29T12:19:44Z,2.24
IV51 9UG,SHEPD,PSI,1,252974,75,2026-07-29T10:05:32Z,2026-07-29T12:19:44Z,2.24
IV51 9UJ,SHEPD,PSI,1,252974,75,2026-07-29T10:05:32Z,2026-07-29T12:19:44Z,2.24
IV51 9UL,SHEPD,PSI,1,252974,75,2026-07-29T10:05:32Z,2026-07-29T12:19:44Z,2.24
IV51 9UN,SHEPD,PSI,1,252974,75,2026-07-29T10:05:32Z,2026-07-29T12:19:44Z,2.24
IV51 9UP,SHEPD,PSI,1,252974,75,2026-07-29T10:05:32Z,2026-07-29T12:19:44Z,2.24
IV51 9UQ,SHEPD,PSI,1,252974,75,2026-07-29T10:05:32Z,2026-07-29T12:19:44Z,2.24
IV51 9YR,SHEPD,PSI,1,252974,75,2026-07-29T10:05:32Z,2026-07-29T12:19:44Z,2.24
OX14 3NG,SEPD,PSI,1,252515,2,2026-07-29T10:05:32Z,2026-07-29T12:19:44Z,2.24
OX14 3PJ,SEPD,PSI,1,252515,2,2026-07-29T10:05:32Z,2026-07-29T12:19:44Z,2.24
OX18 2PA,SEPD,PSI,1,252534,13,2026-07-29T10:05:32Z,2026-07-29T12:19:44Z,2.24
OX18 2SA,SEPD,PSI,1,252534,13,2026-07-29T10:05:32Z,2026-07-29T12:19:44Z,2.24
OX18 2SB,SEPD,PSI,1,252534,13,2026-07-29T10:05:32Z,2026-07-29T12:19:44Z,2.24
OX7 3ET,SEPD,PSI,1,252903,10,2026-07-29T10:05:32Z,2026-07-29T12:19:44Z,2.24
OX7 3EY,SEPD,PSI,1,252903,10,2026-07-29T10:05:32Z,2026-07-29T12:19:44Z,2.24
PA47,SHEPD,PSI,1,252854,5,2026-07-29T10:05:32Z,2026-07-29T12:19:44Z,2.24
PA48 7UD,SHEPD,PSI,1,252854,5,2026-07-29T10:05:32Z,2026-07-29T12:19:44Z,2.24
PA48 7UE,SHEPD,PSI,1,252854,5,2026-07-29T10:05:32Z,2026-07-29T12:19:44Z,2.24
PH2 9QL,SHEPD,PSI,1,253258,8,2026-07-29T10:05:32Z,2026-07-29T12:19:44Z,2.24
PH3 1LQ,SHEPD,PSI,1,253269,3,2026-07-29T10:05:32Z,2026-07-29T12:19:44Z,2.24
PO20 7BS,SEPD,PSI,1,252926,21,2026-07-29T10:05:32Z,2026-07-29T12:19:44Z,2.24
PO20 7BX,SEPD,PSI,1,252926,21,2026-07-29T10:05:32Z,2026-07-29T12:19:44Z,2.24
PO20 7ED,SEPD,PSI,1,252926,21,2026-07-29T10:05:32Z,2026-07-29T12:19:44Z,2.24
PO20 7EE,SEPD,PSI,1,252926,21,2026-07-29T10:05:32Z,2026-07-29T12:19:44Z,2.24
PO20 7HH,SEPD,PSI,1,252926,21,2026-07-29T10:05:32Z,2026-07-29T12:19:44Z,2.24
SO24 0HJ,SEPD,PSI,1,253425,5,2026-07-29T10:05:32Z,2026-07-29T12:19:44Z,2.24
SO30 0GQ,SEPD,LV,1,TS8343,27,2026-07-29T10:05:32Z,2026-07-29T12:19:44Z,2.24
SO30 0PD,SEPD,LV,1,TS8343,27,2026-07-29T10:05:32Z,2026-07-29T12:19:44Z,2.24
SO30 0PE,SEPD,LV,1,TS8343,27,2026-07-29T10:05:32Z,2026-07-29T12:19:44Z,2.24
SO30 0PF,SEPD,LV,1,TS8343,27,2026-07-29T10:05:32Z,2026-07-29T12:19:44Z,2.24
SO41 0FP,SEPD,PSI,1,253807,79,2026-07-29T10:05:32Z,2026-07-29T12:19:44Z,2.24
SO41 6DQ,SEPD,PSI,1,252524,66,2026-07-29T10:05:32Z,2026-07-29T12:19:44Z,2.24
SO41 6EJ,SEPD,PSI,1,252524,66,2026-07-29T10:05:32Z,2026-07-29T12:19:44Z,2.24
SO41 6EL,SEPD,PSI,1,252524,66,2026-07-29T10:05:32Z,2026-07-29T12:19:44Z,2.24
SO41 6EP,SEPD,PSI,1,252524,66,2026-07-29T10:05:32Z,2026-07-29T12:19:44Z,2.24
SO41 6EQ,SEPD,PSI,1,252524,66,2026-07-29T10:05:32Z,2026-07-29T12:19:44Z,2.24
SO41 6FB,SEPD,PSI,1,252524,66,2026-07-29T10:05:32Z,2026-07-29T12:19:44Z,2.24
SO41 6FQ,SEPD,PSI,1,253807,79,2026-07-29T10:05:32Z,2026-07-29T12:19:44Z,2.24
SO41 6FR,SEPD,PSI,1,253807,79,2026-07-29T10:05:32Z,2026-07-29T12:19:44Z,2.24
SO41 6FS,SEPD,PSI,1,253807,79,2026-07-29T10:05:32Z,2026-07-29T12:19:44Z,2.24
SO41 6FT,SEPD,PSI,1,253807,79,2026-07-29T10:05:32Z,2026-07-29T12:19:44Z,2.24
SO41 6FU,SEPD,PSI,1,252524,66,2026-07-29T10:05:32Z,2026-07-29T12:19:44Z,2.24
SO41 6FX,SEPD,PSI,1,252524,66,2026-07-29T10:05:32Z,2026-07-29T12:19:44Z,2.24
SO41 6JA,SEPD,PSI,1,252524,66,2026-07-29T10:05:32Z,2026-07-29T12:19:44Z,2.24
SP3 5DU,SEPD,HV,1,TT4435,99,2026-08-02T15:09:42Z,2026-08-02T17:17:11Z,2.12
SP3 5LU,SEPD,HV,1,TT4435,99,2026-08-02T15:09:42Z,2026-08-02T17:17:11Z,2.12
SP3 5LX,SEPD,HV,1,TT4435,99,2026-08-02T15:09:42Z,2026-08-02T17:17:11Z,2.12
SP3 5LZ,SEPD,HV,1,TT4435,99,2026-08-02T15:09:42Z,2026-08-02T17:17:11Z,2.12
SP3 5NG,SEPD,HV,1,TT4435,99,2026-08-02T15:09:42Z,2026-08-02T17:17:11Z,2.12
SP3 5NQ,SEPD,HV,1,TT4435,99,2026-08-02T15:09:42Z,2026-08-02T17:17:11Z,2.12
SP3 5RN,SEPD,HV,1,TT4435,99,2026-08-02T15:09:42Z,2026-08-02T17:17:11Z,2.12
SP3 5RW,SEPD,HV,1,TT4435,99,2026-08-02T15:09:42Z,2026-08-02T17:17:11Z,2.12
SP3 6LN,SEPD,HV,1,TT4435,99,2026-08-02T15:09:42Z,2026-08-02T17:17:11Z,2.12
SP3 6LX,SEPD,HV,1,TT4435,99,2026-08-02T15:09:42Z,2026-08-02T17:17:11Z,2.12
SP3 6LY,SEPD,HV,1,TT4435,99,2026-08-02T15:09:42Z,2026-08-02T17:17:11Z,2.12
SP3 6LZ,SEPD,HV,1,TT4435,99,2026-08-02T15:09:42Z,2026-08-02T17:17:11Z,2.12
SP3 6NA,SEPD,HV,1,TT4435,99,2026-08-02T15:09:42Z,2026-08-02T17:17:11Z,2.12
SP3 6NB,SEPD,HV,1,TT4435,99,2026-08-02T15:09:42Z,2026-08-02T17:17:11Z,2.12
SP3 6ND,SEPD,HV,1,TT4435,99,2026-08-02T15:09:42Z,2026-08-02T17:17:11Z,2.12
HP11 2LB,SEPD,LV,1,TS6296,4,2026-07-28T21:36:02Z,2026-07-28T23:41:55Z,2.1
HP11 2RN,SEPD,LV,1,TS6296,4,2026-07-28T21:36:02Z,2026-07-28T23:41:55Z,2.1
KW16 3LP,SHEPD,"PSI,HV",2,"252993,TT1481",78,2026-07-31T10:17:29Z,2026-07-31T12:22:49Z,2.09
AB51 3XB,SHEPD,LV,1,TT1900,15,2026-07-31T10:17:29Z,2026-07-31T12:22:49Z,2.09
AB51 3XE,SHEPD,LV,1,TT1900,15,2026-07-31T10:17:29Z,2026-07-31T12:22:49Z,2.09
AB51 3XL,SHEPD,LV,1,TT1900,15,2026-07-31T10:17:29Z,2026-07-31T12:22:49Z,2.09
BH22 8BT,SEPD,PSI,1,253285,60,2026-07-31T10:17:29Z,2026-07-31T12:22:49Z,2.09
BH22 8BY,SEPD,PSI,1,253285,60,2026-07-31T10:17:29Z,2026-07-31T12:22:49Z,2.09
BH22 8EZ,SEPD,PSI,1,253285,60,2026-07-31T10:17:29Z,2026-07-31T12:22:49Z,2.09
BH22 8FP,SEPD,PSI,1,253285,60,2026-07-31T10:17:29Z,2026-07-31T12:22:49Z,2.09
DD11 3RS,SHEPD,PSI,1,253484,8,2026-07-31T10:17:29Z,2026-07-31T12:22:49Z,2.09
DT9 4BL,SEPD,HV,1,TT1632,35,2026-07-31T10:17:29Z,2026-07-31T12:22:49Z,2.09
DT9 4RL,SEPD,HV,1,TT1632,35,2026-07-31T10:17:29Z,2026-07-31T12:22:49Z,2.09
DT9 4RN,SEPD,HV,1,TT1632,35,2026-07-31T10:17:29Z,2026-07-31T12:22:49Z,2.09
DT9 4RW,SEPD,HV,1,TT1632,35,2026-07-31T10:17:29Z,2026-07-31T12:22:49Z,2.09
DT9 4SX,SEPD,HV,1,TT1632,35,2026-07-31T10:17:29Z,2026-07-31T12:22:49Z,2.09
DT9 4SY,SEPD,HV,1,TT1632,35,2026-07-31T10:17:29Z,2026-07-31T12:22:49Z,2.09
DT9 4SZ,SEPD,HV,1,TT1632,35,2026-07-31T10:17:29Z,2026-07-31T12:22:49Z,2.09
DT9 4TB,SEPD,HV,1,TT1632,35,2026-07-31T10:17:29Z,2026-07-31T12:22:49Z,2.09
KW16 3JD,SHEPD,PSI,1,252993,21,2026-07-31T10:17:29Z,2026-07-31T12:22:49Z,2.09
KW16 3JE,SHEPD,PSI,1,252993,21,2026-07-31T10:17:29Z,2026-07-31T12:22:49Z,2.09
OX1 4QJ,SEPD,HV,1,TT1517,63,2026-07-31T10:17:29Z,2026-07-31T12:22:49Z,2.09
OX1 4SY,SEPD,HV,1,TT1517,63,2026-07-31T10:17:29Z,2026-07-31T12:22:49Z,2.09
OX1 5AQ,SEPD,HV,1,TT1517,63,2026-07-31T10:17:29Z,2026-07-31T12:22:49Z,2.09
OX1 5AS,SEPD,HV,1,TT1517,63,2026-07-31T10:17:29Z,2026-07-31T12:22:49Z,2.09
OX1 5AZ,SEPD,HV,1,TT1517,63,2026-07-31T10:17:29Z,2026-07-31T12:22:49Z,2.09
OX1 5BA,SEPD,HV,1,TT1517,63,2026-07-31T10:17:29Z,2026-07-31T12:22:49Z,2.09
OX1 5BB,SEPD,HV,1,TT1517,63,2026-07-31T10:17:29Z,2026-07-31T12:22:49Z,2.09
OX1 5BP,SEPD,HV,1,TT1517,63,2026-07-31T10:17:29Z,2026-07-31T12:22:49Z,2.09
OX9 2FE,SEPD,PSI,1,252733,266,2026-07-31T10:17:29Z,2026-07-31T12:22:49Z,2.09
OX9 2FG,SEPD,PSI,1,252733,266,2026-07-31T10:17:29Z,2026-07-31T12:22:49Z,2.09
OX9 2FJ,SEPD,PSI,1,252733,266,2026-07-31T10:17:29Z,2026-07-31T12:22:49Z,2.09
OX9 2GB,SEPD,PSI,1,252733,266,2026-07-31T10:17:29Z,2026-07-31T12:22:49Z,2.09
OX9 2LB,SEPD,PSI,1,252733,266,2026-07-31T10:17:29Z,2026-07-31T12:22:49Z,2.09
OX9 2LD,SEPD,PSI,1,252733,266,2026-07-31T10:17:29Z,2026-07-31T12:22:49Z,2.09
OX9 2LE,SEPD,PSI,1,252733,266,2026-07-31T10:17:29Z,2026-07-31T12:22:49Z,2.09
OX9 2LG,SEPD,PSI,1,252733,266,2026-07-31T10:17:29Z,2026-07-31T12:22:49Z,2.09
OX9 2LH,SEPD,PSI,1,252733,266,2026-07-31T10:17:29Z,2026-07-31T12:22:49Z,2.09
OX9 2LJ,SEPD,PSI,1,252733,266,2026-07-31T10:17:29Z,2026-07-31T12:22:49Z,2.09
OX9 2LL,SEPD,PSI,1,252733,266,2026-07-31T10:17:29Z,2026-07-31T12:22:49Z,2.09
OX9 2LN,SEPD,PSI,1,252733,266,2026-07-31T10:17:29Z,2026-07-31T12:22:49Z,2.09
OX9 2LP,SEPD,PSI,1,252733,266,2026-07-31T10:17:29Z,2026-07-31T12:22:49Z,2.09
OX9 2LQ,SEPD,PSI,1,252733,266,2026-07-31T10:17:29Z,2026-07-31T12:22:49Z,2.09
OX9 2LR,SEPD,PSI,1,252733,266,2026-07-31T10:17:29Z,2026-07-31T12:22:49Z,2.09
OX9 2LS,SEPD,PSI,1,252733,266,2026-07-31T10:17:29Z,2026-07-31T12:22:49Z,2.09
OX9 2LT,SEPD,PSI,1,252733,266,2026-07-31T10:17:29Z,2026-07-31T12:22:49Z,2.09
OX9 2LU,SEPD,PSI,1,252733,266,2026-07-31T10:17:29Z,2026-07-31T12:22:49Z,2.09
OX9 2LW,SEPD,PSI,1,252733,266,2026-07-31T10:17:29Z,2026-07-31T12:22:49Z,2.09
OX9 2LX,SEPD,PSI,1,252733,266,2026-07-31T10:17:29Z,2026-07-31T12:22:49Z,2.09
OX9 2LY,SEPD,PSI,1,252733,266,2026-07-31T10:17:29Z,2026-07-31T12:22:49Z,2.09
OX9 2NA,SEPD,PSI,1,252733,266,2026-07-31T10:17:29Z,2026-07-31T12:22:49Z,2.09
OX9 2NB,SEPD,PSI,1,252733,266,2026-07-31T10:17:29Z,2026-07-31T12:22:49Z,2.09
OX9 2ND,SEPD,PSI,1,252733,266,2026-07-31T10:17:29Z,2026-07-31T12:22:49Z,2.09
OX9 2NE,SEPD,PSI,1,252733,266,2026-07-31T10:17:29Z,2026-07-31T12:22:49Z,2.09
OX9 2PA,SEPD,PSI,1,252733,266,2026-07-31T10:17:29Z,2026-07-31T12:22:49Z,2.09
OX9 2PB,SEPD,PSI,1,252733,266,2026-07-31T10:17:29Z,2026-07-31T12:22:49Z,2.09
OX9 2PD,SEPD,PSI,1,252733,266,2026-07-31T10:17:29Z,2026-07-31T12:22:49Z,2.09
OX9 2PE,SEPD,PSI,1,252733,266,2026-07-31T10:17:29Z,2026-07-31T12:22:49Z,2.09
OX9 2PF,SEPD,PSI,1,252733,266,2026-07-31T10:17:29Z,2026-07-31T12:22:49Z,2.09
OX9 2PG,SEPD,PSI,1,252733,266,2026-07-31T10:17:29Z,2026-07-31T12:22:49Z,2.09
PO13 8HH,SEPD,PSI,1,253813,34,2026-07-31T10:17:29Z,2026-07-31T12:22:49Z,2.09
PO14 1DF,SEPD,LV,1,TT1823,5,2026-07-31T10:17:29Z,2026-07-31T12:22:49Z,2.09
PO18 0AA,SEPD,PSI,1,252287,169,2026-07-31T10:17:29Z,2026-07-31T12:22:49Z,2.09
PO18 0AB,SEPD,PSI,1,252287,169,2026-07-31T10:17:29Z,2026-07-31T12:22:49Z,2.09
PO18 0AD,SEPD,PSI,1,252287,169,2026-07-31T10:17:29Z,2026-07-31T12:22:49Z,2.09
PO18 0AG,SEPD,PSI,1,252287,169,2026-07-31T10:17:29Z,2026-07-31T12:22:49Z,2.09
PO18 0AH,SEPD,PSI,1,252287,169,2026-07-31T10:17:29Z,2026-07-31T12:22:49Z,2.09
PO18 0AJ,SEPD,PSI,1,252287,169,2026-07-31T10:17:29Z,2026-07-31T12:22:49Z,2.09
PO18 0AL,SEPD,PSI,1,252287,169,2026-07-31T10:17:29Z,2026-07-31T12:22:49Z,2.09
PO18 0AP,SEPD,PSI,1,252287,169,2026-07-31T10:17:29Z,2026-07-31T12:22:49Z,2.09
PO18 0AQ,SEPD,PSI,1,252287,169,2026-07-31T10:17:29Z,2026-07-31T12:22:49Z,2.09
PO18 0AR,SEPD,PSI,1,252287,169,2026-07-31T10:17:29Z,2026-07-31T12:22:49Z,2.09
PO18 0AS,SEPD,PSI,1,252287,169,2026-07-31T10:17:29Z,2026-07-31T12:22:49Z,2.09
PO18 0AT,SEPD,PSI,1,252287,169,2026-07-31T10:17:29Z,2026-07-31T12:22:49Z,2.09
PO18 0AU,SEPD,PSI,1,252287,169,2026-07-31T10:17:29Z,2026-07-31T12:22:49Z,2.09
PO18 0AW,SEPD,PSI,1,252287,169,2026-07-31T10:17:29Z,2026-07-31T12:22:49Z,2.09
PO18 0AX,SEPD,PSI,1,252287,169,2026-07-31T10:17:29Z,2026-07-31T12:22:49Z,2.09
PO18 0BA,SEPD,PSI,1,252287,169,2026-07-31T10:17:29Z,2026-07-31T12:22:49Z,2.09
PO18 0DT,SEPD,PSI,1,252287,169,2026-07-31T10:17:29Z,2026-07-31T12:22:49Z,2.09
PO18 0SA,SEPD,PSI,1,252287,169,2026-07-31T10:17:29Z,2026-07-31T12:22:49Z,2.09
PO18 9AA,SEPD,PSI,1,252287,169,2026-07-31T10:17:29Z,2026-07-31T12:22:49Z,2.09
PO18 9AB,SEPD,PSI,1,252287,169,2026-07-31T10:17:29Z,2026-07-31T12:22:49Z,2.09
PO18 9AD,SEPD,PSI,1,252287,169,2026-07-31T10:17:29Z,2026-07-31T12:22:49Z,2.09
PO18 9AH,SEPD,PSI,1,252287,169,2026-07-31T10:17:29Z,2026-07-31T12:22:49Z,2.09
PO18 9AY,SEPD,PSI,1,252287,169,2026-07-31T10:17:29Z,2026-07-31T12:22:49Z,2.09
PO19 3PL,SEPD,PSI,1,252287,169,2026-07-31T10:17:29Z,2026-07-31T12:22:49Z,2.09
PO19 5UD,SEPD,PSI,1,252287,169,2026-07-31T10:17:29Z,2026-07-31T12:22:49Z,2.09
RG10 0RS,SEPD,PSI,1,253667,104,2026-07-31T10:17:29Z,2026-07-31T12:22:49Z,2.09
RG10 0RT,SEPD,PSI,1,253667,104,2026-07-31T10:17:29Z,2026-07-31T12:22:49Z,2.09
RG10 0SP,SEPD,PSI,1,253667,104,2026-07-31T10:17:29Z,2026-07-31T12:22:49Z,2.09
RG10 0SR,SEPD,PSI,1,253667,104,2026-07-31T10:17:29Z,2026-07-31T12:22:49Z,2.09
RG10 0SY,SEPD,PSI,1,253667,104,2026-07-31T10:17:29Z,2026-07-31T12:22:49Z,2.09
RG10 0TA,SEPD,PSI,1,253667,104,2026-07-31T10:17:29Z,2026-07-31T12:22:49Z,2.09
RG10 0TB,SEPD,PSI,1,253667,104,2026-07-31T10:17:29Z,2026-07-31T12:22:49Z,2.09
RG10 0TE,SEPD,PSI,1,253667,104,2026-07-31T10:17:29Z,2026-07-31T12:22:49Z,2.09
RG10 0TF,SEPD,PSI,1,253667,104,2026-07-31T10:17:29Z,2026-07-31T12:22:49Z,2.09
RG10 0TG,SEPD,PSI,1,253667,104,2026-07-31T10:17:29Z,2026-07-31T12:22:49Z,2.09
RG10 0TH,SEPD,PSI,1,253667,104,2026-07-31T10:17:29Z,2026-07-31T12:22:49Z,2.09
RG10 0TP,SEPD,PSI,1,253667,104,2026-07-31T10:17:29Z,2026-07-31T12:22:49Z,2.09
RG26 5EU,SEPD,PSI,1,253675,2,2026-07-31T10:17:29Z,2026-07-31T12:22:49Z,2.09
RG26 5HA,SEPD,PSI,1,253675,2,2026-07-31T10:17:29Z,2026-07-31T12:22:49Z,2.09
RG40 5QT,SEPD,PSI,1,253667,104,2026-07-31T10:17:29Z,2026-07-31T12:22:49Z,2.09
RG40 5QU,SEPD,PSI,1,253667,104,2026-07-31T10:17:29Z,2026-07-31T12:22:49Z,2.09
SN13 8AR,SEPD,PSI,2,"252916,252917",164,2026-07-28T09:59:59Z,2026-07-31T12:22:49Z,2.08
SN13 8AU,SEPD,PSI,2,"252916,252917",164,2026-07-28T09:59:59Z,2026-07-31T12:22:49Z,2.08
SN13 8AX,SEPD,PSI,2,"252916,252917",164,2026-07-28T09:59:59Z,2026-07-31T12:22:49Z,2.08
SN13 8AZ,SEPD,PSI,2,"252916,252917",164,2026-07-28T09:59:59Z,2026-07-31T12:22:49Z,2.08
SN13 8BA,SEPD,PSI,2,"252916,252917",164,2026-07-28T09:59:59Z,2026-07-31T12:22:49Z,2.08
SN13 8BB,SEPD,PSI,2,"252916,252917",164,2026-07-28T09:59:59Z,2026-07-31T12:22:49Z,2.08
SN13 8BD,SEPD,PSI,2,"252916,252917",164,2026-07-28T09:59:59Z,2026-07-31T12:22:49Z,2.08
SN13 8BP,SEPD,PSI,2,"252916,252917",164,2026-07-28T09:59:59Z,2026-07-31T12:22:49Z,2.08
SN13 8BS,SEPD,PSI,2,"252916,252917",164,2026-07-28T09:59:59Z,2026-07-31T12:22:49Z,2.08
BA11 3JR,SEPD,PSI,1,252721,53,2026-07-28T09:59:59Z,2026-07-28T12:04:41Z,2.08
BA11 3JU,SEPD,PSI,1,252721,53,2026-07-28T09:59:59Z,2026-07-28T12:04:41Z,2.08
BA11 3JX,SEPD,PSI,1,252721,53,2026-07-28T09:59:59Z,2026-07-28T12:04:41Z,2.08
BA11 3LA,SEPD,PSI,1,252721,53,2026-07-28T09:59:59Z,2026-07-28T12:04:41Z,2.08
BA11 3LE,SEPD,PSI,1,252721,53,2026-07-28T09:59:59Z,2026-07-28T12:04:41Z,2.08
BA12 0JQ,SEPD,PSI,1,252683,179,2026-07-28T09:59:59Z,2026-07-28T12:04:41Z,2.08
BA12 0NB,SEPD,PSI,1,252683,179,2026-07-28T09:59:59Z,2026-07-28T12:04:41Z,2.08
BA12 0ND,SEPD,PSI,1,252683,179,2026-07-28T09:59:59Z,2026-07-28T12:04:41Z,2.08
BA12 0NE,SEPD,PSI,1,252683,179,2026-07-28T09:59:59Z,2026-07-28T12:04:41Z,2.08
BA12 0NF,SEPD,PSI,1,252683,179,2026-07-28T09:59:59Z,2026-07-28T12:04:41Z,2.08
BA12 0NG,SEPD,PSI,1,252683,179,2026-07-28T09:59:59Z,2026-07-28T12:04:41Z,2.08
BA12 0NQ,SEPD,PSI,1,252683,179,2026-07-28T09:59:59Z,2026-07-28T12:04:41Z,2.08
BA12 0NU,SEPD,PSI,1,252683,179,2026-07-28T09:59:59Z,2026-07-28T12:04:41Z,2.08
BA12 0NY,SEPD,PSI,1,252683,179,2026-07-28T09:59:59Z,2026-07-28T12:04:41Z,2.08
BA12 0PL,SEPD,PSI,1,252683,179,2026-07-28T09:59:59Z,2026-07-28T12:04:41Z,2.08
BA12 0PN,SEPD,PSI,1,252683,179,2026-07-28T09:59:59Z,2026-07-28T12:04:41Z,2.08
BA12 0PP,SEPD,PSI,1,252683,179,2026-07-28T09:59:59Z,2026-07-28T12:04:41Z,2.08
BA12 0PS,SEPD,PSI,1,252683,179,2026-07-28T09:59:59Z,2026-07-28T12:04:41Z,2.08
BA12 0PW,SEPD,PSI,1,252683,179,2026-07-28T09:59:59Z,2026-07-28T12:04:41Z,2.08
BH20 5AL,SEPD,PSI,1,252501,25,2026-07-28T09:59:59Z,2026-07-28T12:04:41Z,2.08
BH20 5AW,SEPD,PSI,1,252501,25,2026-07-28T09:59:59Z,2026-07-28T12:04:41Z,2.08
BH20 5DF,SEPD,PSI,1,252501,25,2026-07-28T09:59:59Z,2026-07-28T12:04:41Z,2.08
BH20 5DG,SEPD,PSI,1,252501,25,2026-07-28T09:59:59Z,2026-07-28T12:04:41Z,2.08
BH20 5DH,SEPD,PSI,1,252501,25,2026-07-28T09:59:59Z,2026-07-28T12:04:41Z,2.08
BH20 6AG,SEPD,PSI,1,252501,25,2026-07-28T09:59:59Z,2026-07-28T12:04:41Z,2.08
BH21,SEPD,PSI,1,248846,102,2026-07-28T09:59:59Z,2026-07-28T12:04:41Z,2.08
BH21 1HD,SEPD,PSI,1,248846,102,2026-07-28T09:59:59Z,2026-07-28T12:04:41Z,2.08
BH21 4AA,SEPD,PSI,1,253146,9,2026-07-28T09:59:59Z,2026-07-28T12:04:41Z,2.08
BH21 4AB,SEPD,PSI,1,253146,9,2026-07-28T09:59:59Z,2026-07-28T12:04:41Z,2.08
BH21 4DN,SEPD,PSI,1,248846,102,2026-07-28T09:59:59Z,2026-07-28T12:04:41Z,2.08
BH21 4DP,SEPD,PSI,1,248846,102,2026-07-28T09:59:59Z,2026-07-28T12:04:41Z,2.08
BH21 4DR,SEPD,PSI,1,248846,102,2026-07-28T09:59:59Z,2026-07-28T12:04:41Z,2.08
BH21 4DS,SEPD,PSI,1,248846,102,2026-07-28T09:59:59Z,2026-07-28T12:04:41Z,2.08
BH21 4DT,SEPD,PSI,1,248846,102,2026-07-28T09:59:59Z,2026-07-28T12:04:41Z,2.08
BH21 4ED,SEPD,PSI,1,248846,102,2026-07-28T09:59:59Z,2026-07-28T12:04:41Z,2.08
BH21 4EE,SEPD,PSI,1,248846,102,2026-07-28T09:59:59Z,2026-07-28T12:04:41Z,2.08
BH21 4EH,SEPD,PSI,1,248846,102,2026-07-28T09:59:59Z,2026-07-28T12:04:41Z,2.08
BH21 4EJ,SEPD,PSI,1,248846,102,2026-07-28T09:59:59Z,2026-07-28T12:04:41Z,2.08
BH21 4EL,SEPD,PSI,1,248846,102,2026-07-28T09:59:59Z,2026-07-28T12:04:41Z,2.08
DT3 6NT,SEPD,LV,1,TS6358,8,2026-07-28T09:59:59Z,2026-07-28T12:04:41Z,2.08
DT3 6NX,SEPD,LV,1,TS6358,8,2026-07-28T09:59:59Z,2026-07-28T12:04:41Z,2.08
GU46 6BP,SEPD,LV,1,TS6461,9,2026-07-28T09:59:59Z,2026-07-28T12:04:41Z,2.08
GU46 6HR,SEPD,LV,1,TS6461,9,2026-07-28T09:59:59Z,2026-07-28T12:04:41Z,2.08
GU46 6HS,SEPD,LV,1,TS6461,9,2026-07-28T09:59:59Z,2026-07-28T12:04:41Z,2.08
IV36 2GY,SHEPD,PSI,1,252885,130,2026-07-28T09:59:59Z,2026-07-28T12:04:41Z,2.08
IV36 2TN,SHEPD,PSI,1,252885,130,2026-07-28T09:59:59Z,2026-07-28T12:04:41Z,2.08
OX18 2BG,SEPD,PSI,1,252902,4,2026-07-28T09:59:59Z,2026-07-28T12:04:41Z,2.08
OX18 2BW,SEPD,PSI,1,252902,4,2026-07-28T09:59:59Z,2026-07-28T12:04:41Z,2.08
OX27 7SG,SEPD,PSI,1,251970,24,2026-07-28T09:59:59Z,2026-07-28T12:04:41Z,2.08
OX27 7SJ,SEPD,PSI,1,251970,24,2026-07-28T09:59:59Z,2026-07-28T12:04:41Z,2.08
OX27 7SQ,SEPD,PSI,1,251970,24,2026-07-28T09:59:59Z,2026-07-28T12:04:41Z,2.08
OX27 7SR,SEPD,PSI,1,251970,24,2026-07-28T09:59:59Z,2026-07-28T12:04:41Z,2.08
OX27 7SS,SEPD,PSI,1,251970,24,2026-07-28T09:59:59Z,2026-07-28T12:04:41Z,2.08
PH3 1AG,SHEPD,PSI,1,250871,44,2026-07-28T09:59:59Z,2026-07-28T12:04:41Z,2.08
PH3 1JP,SHEPD,PSI,1,250871,44,2026-07-28T09:59:59Z,2026-07-28T12:04:41Z,2.08
PH3 1JR,SHEPD,PSI,1,250871,44,2026-07-28T09:59:59Z,2026-07-28T12:04:41Z,2.08
PH3 1NH,SHEPD,PSI,1,250871,44,2026-07-28T09:59:59Z,2026-07-28T12:04:41Z,2.08
PO21 3PY,SEPD,PSI,1,252924,83,2026-07-28T09:59:59Z,2026-07-28T12:04:41Z,2.08
PO21 4NP,SEPD,PSI,1,252924,83,2026-07-28T09:59:59Z,2026-07-28T12:04:41Z,2.08
PO21 4NR,SEPD,PSI,1,252924,83,2026-07-28T09:59:59Z,2026-07-28T12:04:41Z,2.08
PO21 4NS,SEPD,PSI,1,252924,83,2026-07-28T09:59:59Z,2026-07-28T12:04:41Z,2.08
PO21 4NT,SEPD,PSI,1,252924,83,2026-07-28T09:59:59Z,2026-07-28T12:04:41Z,2.08
PO21 4NU,SEPD,PSI,1,252924,83,2026-07-28T09:59:59Z,2026-07-28T12:04:41Z,2.08
PO21 4NX,SEPD,PSI,1,252924,83,2026-07-28T09:59:59Z,2026-07-28T12:04:41Z,2.08
PO21 4NZ,SEPD,PSI,1,252924,83,2026-07-28T09:59:59Z,2026-07-28T12:04:41Z,2.08
PO21 4TX,SEPD,PSI,1,252924,83,2026-07-28T09:59:59Z,2026-07-28T12:04:41Z,2.08
PO21 4UD,SEPD,PSI,1,252924,83,2026-07-28T09:59:59Z,2026-07-28T12:04:41Z,2.08
PO21 4UN,SEPD,PSI,1,252924,83,2026-07-28T09:59:59Z,2026-07-28T12:04:41Z,2.08
RG8 7PT,SEPD,PSI,1,252964,128,2026-07-28T09:59:59Z,2026-07-28T12:04:41Z,2.08
RG9 1RY,SEPD,PSI,1,252964,128,2026-07-28T09:59:59Z,2026-07-28T12:04:41Z,2.08
RG9 4HY,SEPD,PSI,1,252964,128,2026-07-28T09:59:59Z,2026-07-28T12:04:41Z,2.08
RG9 4JB,SEPD,PSI,1,252964,128,2026-07-28T09:59:59Z,2026-07-28T12:04:41Z,2.08
RG9 4JE,SEPD,PSI,1,252964,128,2026-07-28T09:59:59Z,2026-07-28T12:04:41Z,2.08
RG9 4JF,SEPD,PSI,1,252964,128,2026-07-28T09:59:59Z,2026-07-28T12:04:41Z,2.08
RG9 4JG,SEPD,PSI,1,252964,128,2026-07-28T09:59:59Z,2026-07-28T12:04:41Z,2.08
RG9 4JQ,SEPD,PSI,1,252964,128,2026-07-28T09:59:59Z,2026-07-28T12:04:41Z,2.08
RG9 4PH,SEPD,PSI,1,252964,128,2026-07-28T09:59:59Z,2026-07-28T12:04:41Z,2.08
RG9 4PJ,SEPD,PSI,1,252964,128,2026-07-28T09:59:59Z,2026-07-28T12:04:41Z,2.08
RG9 4PL,SEPD,PSI,1,252964,128,2026-07-28T09:59:59Z,2026-07-28T12:04:41Z,2.08
RG9 4PN,SEPD,PSI,1,252964,128,2026-07-28T09:59:59Z,2026-07-28T12:04:41Z,2.08
RG9 4PZ,SEPD,PSI,1,252964,128,2026-07-28T09:59:59Z,2026-07-28T12:04:41Z,2.08
RG9 4QA,SEPD,PSI,1,252964,128,2026-07-28T09:59:59Z,2026-07-28T12:04:41Z,2.08
RG9 4QB,SEPD,PSI,1,252964,128,2026-07-28T09:59:59Z,2026-07-28T12:04:41Z,2.08
RG9 4QD,SEPD,PSI,1,252964,128,2026-07-28T09:59:59Z,2026-07-28T12:04:41Z,2.08
RG9 4QE,SEPD,PSI,1,252964,128,2026-07-28T09:59:59Z,2026-07-28T12:04:41Z,2.08
RG9 4QF,SEPD,PSI,1,252964,128,2026-07-28T09:59:59Z,2026-07-28T12:04:41Z,2.08
RG9 4QG,SEPD,PSI,1,252964,128,2026-07-28T09:59:59Z,2026-07-28T12:04:41Z,2.08
RG9 4QH,SEPD,PSI,1,252964,128,2026-07-28T09:59:59Z,2026-07-28T12:04:41Z,2.08
RG9 4QJ,SEPD,PSI,1,252964,128,2026-07-28T09:59:59Z,2026-07-28T12:04:41Z,2.08
RG9 4QQ,SEPD,PSI,1,252964,128,2026-07-28T09:59:59Z,2026-07-28T12:04:41Z,2.08
RH12,SEPD,PSI,1,249180,39,2026-07-28T09:59:59Z,2026-07-28T12:04:41Z,2.08
RH12 3BH,SEPD,PSI,1,249180,39,2026-07-28T09:59:59Z,2026-07-28T12:04:41Z,2.08
RH12 3PP,SEPD,PSI,1,249180,39,2026-07-28T09:59:59Z,2026-07-28T12:04:41Z,2.08
RH12 3PX,SEPD,PSI,1,249180,39,2026-07-28T09:59:59Z,2026-07-28T12:04:41Z,2.08
RH13 0QU,SEPD,PSI,1,249180,39,2026-07-28T09:59:59Z,2026-07-28T12:04:41Z,2.08
RH13 0QX,SEPD,PSI,1,249180,39,2026-07-28T09:59:59Z,2026-07-28T12:04:41Z,2.08
RH13 0QY,SEPD,PSI,1,249180,39,2026-07-28T09:59:59Z,2026-07-28T12:04:41Z,2.08
RH13 0QZ,SEPD,PSI,1,249180,39,2026-07-28T09:59:59Z,2026-07-28T12:04:41Z,2.08
RH13 0RA,SEPD,PSI,1,249180,39,2026-07-28T09:59:59Z,2026-07-28T12:04:41Z,2.08
RH13 0RX,SEPD,PSI,1,249180,39,2026-07-28T09:59:59Z,2026-07-28T12:04:41Z,2.08
SO42 7QD,SEPD,PSI,1,252842,2,2026-07-28T09:59:59Z,2026-07-28T12:04:41Z,2.08
ZE2 9BN,SHEPD,PSI,1,252792,46,2026-07-28T09:59:59Z,2026-07-28T12:04:41Z,2.08
ZE2 9BP,SHEPD,PSI,1,252792,46,2026-07-28T09:59:59Z,2026-07-28T12:04:41Z,2.08
ZE2 9BS,SHEPD,PSI,1,252792,46,2026-07-28T09:59:59Z,2026-07-28T12:04:41Z,2.08
ZE2 9BT,SHEPD,PSI,1,252792,46,2026-07-28T09:59:59Z,2026-07-28T12:04:41Z,2.08
ZE2 9BW,SHEPD,PSI,1,252792,46,2026-07-28T09:59:59Z,2026-07-28T12:04:41Z,2.08
OX12 7EJ,SEPD,LV,1,TT4892,9,2026-08-02T20:35:26Z,2026-08-02T22:38:31Z,2.05
OX12 7EL,SEPD,LV,1,TT4892,9,2026-08-02T20:35:26Z,2026-08-02T22:38:31Z,2.05
OX12 7EW,SEPD,LV,1,TT4892,9,2026-08-02T20:35:26Z,2026-08-02T22:38:31Z,2.05
HS8 5RX,SHEPD,HV,2,"TT1460,TT4084",3314,2026-07-31T07:40:50Z,2026-08-01T23:32:17Z,2.04
HS8 5SX,SHEPD,HV,2,"TT1460,TT4084",3314,2026-07-31T07:40:50Z,2026-08-01T23:32:17Z,2.04
HS8 5AB,SHEPD,HV,1,TT4084,4,2026-08-01T21:29:41Z,2026-08-01T23:32:17Z,2.04
SO51 0HE,SEPD,HV,2,"TT1385,TT2253",65,2026-07-31T07:40:50Z,2026-07-31T16:49:46Z,1.9
SO51 0ZS,SEPD,HV,2,"TT1385,TT2253",65,2026-07-31T07:40:50Z,2026-07-31T16:49:46Z,1.9
BA20 2EP,SEPD,LV,1,TT2228,45,2026-07-31T14:55:42Z,2026-07-31T16:49:46Z,1.9
BA20 2ER,SEPD,LV,1,TT2228,45,2026-07-31T14:55:42Z,2026-07-31T16:49:46Z,1.9
BA20 2ET,SEPD,LV,1,TT2228,45,2026-07-31T14:55:42Z,2026-07-31T16:49:46Z,1.9
BA20 2EU,SEPD,LV,1,TT2228,45,2026-07-31T14:55:42Z,2026-07-31T16:49:46Z,1.9
BA20 2EX,SEPD,LV,1,TT2228,45,2026-07-31T14:55:42Z,2026-07-31T16:49:46Z,1.9
BA20 2EZ,SEPD,LV,1,TT2228,45,2026-07-31T14:55:42Z,2026-07-31T16:49:46Z,1.9
BA21 3AS,SEPD,LV,1,TT2228,45,2026-07-31T14:55:42Z,2026-07-31T16:49:46Z,1.9
BA21 3RL,SEPD,LV,1,TT2228,45,2026-07-31T14:55:42Z,2026-07-31T16:49:46Z,1.9
BA21 3SA,SEPD,LV,1,TT2228,45,2026-07-31T14:55:42Z,2026-07-31T16:49:46Z,1.9
BA21 3SD,SEPD,LV,1,TT2228,45,2026-07-31T14:55:42Z,2026-07-31T16:49:46Z,1.9
BA21 3SE,SEPD,LV,1,TT2228,45,2026-07-31T14:55:42Z,2026-07-31T16:49:46Z,1.9
BA21 3SH,SEPD,LV,1,TT2228,45,2026-07-31T14:55:42Z,2026-07-31T16:49:46Z,1.9
BA21 3SJ,SEPD,LV,1,TT2228,45,2026-07-31T14:55:42Z,2026-07-31T16:49:46Z,1.9
TW5 9QF,SEPD,LV,1,TT2259,32,2026-07-31T14:55:42Z,2026-07-31T16:49:46Z,1.9
TW5 9QG,SEPD,LV,1,TT2259,32,2026-07-31T14:55:42Z,2026-07-31T16:49:46Z,1.9
TW5 9RA,SEPD,LV,1,TT2259,32,2026-07-31T14:55:42Z,2026-07-31T16:49:46Z,1.9
TW5 9RB,SEPD,LV,1,TT2259,32,2026-07-31T14:55:42Z,2026-07-31T16:49:46Z,1.9
TW5 9RD,SEPD,LV,1,TT2259,32,2026-07-31T14:55:42Z,2026-07-31T16:49:46Z,1.9
TW5 9RE,SEPD,LV,1,TT2259,32,2026-07-31T14:55:42Z,2026-07-31T16:49:46Z,1.9
RG7 4HZ,SEPD,LV,1,TS7357,13,2026-07-28T14:35:16Z,2026-07-28T16:22:43Z,1.79
RG7 4LL,SEPD,LV,1,TS7357,13,2026-07-28T14:35:16Z,2026-07-28T16:22:43Z,1.79
PH7 3LY,SHEPD,HV,1,TT3510,4,2026-08-01T12:08:39Z,2026-08-01T13:53:13Z,1.74
PH7 3QU,SHEPD,HV,1,TT3510,4,2026-08-01T12:08:39Z,2026-08-01T13:53:13Z,1.74
PO1 2HQ,SEPD,LV,1,TN5860,41,2026-07-30T11:20:22Z,2026-07-30T12:59:00Z,1.64
PO1 2HT,SEPD,LV,1,TN5860,41,2026-07-30T11:20:22Z,2026-07-30T12:59:00Z,1.64
PO1 2HZ,SEPD,LV,1,TN5860,41,2026-07-30T11:20:22Z,2026-07-30T12:59:00Z,1.64
PO1 2JA,SEPD,LV,1,TN5860,41,2026-07-30T11:20:22Z,2026-07-30T12:59:00Z,1.64
PO1 2JB,SEPD,LV,1,TN5860,41,2026-07-30T11:20:22Z,2026-07-30T12:59:00Z,1.64
PO1 2JS,SEPD,LV,1,TN5860,41,2026-07-30T11:20:22Z,2026-07-30T12:59:00Z,1.64
PO1 2JX,SEPD,LV,1,TN5860,41,2026-07-30T11:20:22Z,2026-07-30T12:59:00Z,1.64
PO1 2PL,SEPD,LV,1,TN5860,41,2026-07-30T11:20:22Z,2026-07-30T12:59:00Z,1.64
PO1 2RR,SEPD,LV,1,TN5860,41,2026-07-30T11:20:22Z,2026-07-30T12:59:00Z,1.64
PO1 2TX,SEPD,LV,1,TN5860,41,2026-07-30T11:20:22Z,2026-07-30T12:59:00Z,1.64
PO1 2TY,SEPD,LV,1,TN5860,41,2026-07-30T11:20:22Z,2026-07-30T12:59:00Z,1.64
PO20 2ET,SEPD,LV,1,TT0371,20,2026-07-30T11:20:22Z,2026-07-30T12:59:00Z,1.64
PO20 2EZ,SEPD,LV,1,TT0371,20,2026-07-30T11:20:22Z,2026-07-30T12:59:00Z,1.64
PO20 2GA,SEPD,LV,1,TT0371,20,2026-07-30T11:20:22Z,2026-07-30T12:59:00Z,1.64
PO20 2HA,SEPD,LV,1,TT0371,20,2026-07-30T11:20:22Z,2026-07-30T12:59:00Z,1.64
PO20 2HB,SEPD,LV,1,TT0371,20,2026-07-30T11:20:22Z,2026-07-30T12:59:00Z,1.64
PO20 2HQ,SEPD,LV,1,TT0371,20,2026-07-30T11:20:22Z,2026-07-30T12:59:00Z,1.64
PO33 1TA,SEPD,LV,1,TT0214,30,2026-07-30T11:20:22Z,2026-07-30T12:59:00Z,1.64
PO33 1TG,SEPD,LV,1,TT0214,30,2026-07-30T11:20:22Z,2026-07-30T12:59:00Z,1.64
PO33 1TN,SEPD,LV,1,TT0214,30,2026-07-30T11:20:22Z,2026-07-30T12:59:00Z,1.64
PO33 1TQ,SEPD,LV,1,TT0214,30,2026-07-30T11:20:22Z,2026-07-30T12:59:00Z,1.64
PO33 1UE,SEPD,LV,1,TT0214,30,2026-07-30T11:20:22Z,2026-07-30T12:59:00Z,1.64
PO33 1XJ,SEPD,LV,1,TT0214,30,2026-07-30T11:20:22Z,2026-07-30T12:59:00Z,1.64
PO33 1XL,SEPD,LV,1,TT0214,30,2026-07-30T11:20:22Z,2026-07-30T12:59:00Z,1.64
PO33 1YH,SEPD,LV,1,TT0214,30,2026-07-30T11:20:22Z,2026-07-30T12:59:00Z,1.64
PO33 1YR,SEPD,LV,1,TT0214,30,2026-07-30T11:20:22Z,2026-07-30T12:59:00Z,1.64
PO33 1YU,SEPD,LV,1,TT0214,30,2026-07-30T11:20:22Z,2026-07-30T12:59:00Z,1.64
GU34 5DZ,SEPD,HV,1,TT4262,54,2026-08-01T23:32:17Z,2026-08-02T01:10:04Z,1.63
GU34 5EE,SEPD,HV,1,TT4262,54,2026-08-01T23:32:17Z,2026-08-02T01:10:04Z,1.63
GU34 5EF,SEPD,HV,1,TT4262,54,2026-08-01T23:32:17Z,2026-08-02T01:10:04Z,1.63
GU34 5EH,SEPD,HV,1,TT4262,54,2026-08-01T23:32:17Z,2026-08-02T01:10:04Z,1.63
GU34 5EJ,SEPD,HV,1,TT4262,54,2026-08-01T23:32:17Z,2026-08-02T01:10:04Z,1.63
GU34 5EL,SEPD,HV,1,TT4262,54,2026-08-01T23:32:17Z,2026-08-02T01:10:04Z,1.63
GU34 5EP,SEPD,HV,1,TT4262,54,2026-08-01T23:32:17Z,2026-08-02T01:10:04Z,1.63
GU34 5EQ,SEPD,HV,1,TT4262,54,2026-08-01T23:32:17Z,2026-08-02T01:10:04Z,1.63
GU34 5ER,SEPD,HV,1,TT4262,54,2026-08-01T23:32:17Z,2026-08-02T01:10:04Z,1.63
GU34 5ES,SEPD,HV,1,TT4262,54,2026-08-01T23:32:17Z,2026-08-02T01:10:04Z,1.63
GU34 5GR,SEPD,HV,1,TT4262,54,2026-08-01T23:32:17Z,2026-08-02T01:10:04Z,1.63
GU34 5HG,SEPD,HV,1,TT4262,54,2026-08-01T23:32:17Z,2026-08-02T01:10:04Z,1.63
GU34 5JE,SEPD,HV,1,TT4262,54,2026-08-01T23:32:17Z,2026-08-02T01:10:04Z,1.63
GU34 5JF,SEPD,HV,1,TT4262,54,2026-08-01T23:32:17Z,2026-08-02T01:10:04Z,1.63
GU34 5LL,SEPD,HV,1,TT4262,54,2026-08-01T23:32:17Z,2026-08-02T01:10:04Z,1.63
GU34 5PA,SEPD,HV,1,TT4262,54,2026-08-01T23:32:17Z,2026-08-02T01:10:04Z,1.63
GU34 5PB,SEPD,HV,1,TT4262,54,2026-08-01T23:32:17Z,2026-08-02T01:10:04Z,1.63
GU34 5PD,SEPD,HV,1,TT4262,54,2026-08-01T23:32:17Z,2026-08-02T01:10:04Z,1.63
GU34 5PE,SEPD,HV,1,TT4262,54,2026-08-01T23:32:17Z,2026-08-02T01:10:04Z,1.63
GU34 5PF,SEPD,HV,1,TT4262,54,2026-08-01T23:32:17Z,2026-08-02T01:10:04Z,1.63
GU34 5PS,SEPD,HV,1,TT4262,54,2026-08-01T23:32:17Z,2026-08-02T01:10:04Z,1.63
GU34 5PT,SEPD,HV,1,TT4262,54,2026-08-01T23:32:17Z,2026-08-02T01:10:04Z,1.63
GU34 5PU,SEPD,HV,1,TT4262,54,2026-08-01T23:32:17Z,2026-08-02T01:10:04Z,1.63
GU34 5QB,SEPD,HV,1,TT4262,54,2026-08-01T23:32:17Z,2026-08-02T01:10:04Z,1.63
GU34 5QD,SEPD,HV,1,TT4262,54,2026-08-01T23:32:17Z,2026-08-02T01:10:04Z,1.63
GU34 5QE,SEPD,HV,1,TT4262,54,2026-08-01T23:32:17Z,2026-08-02T01:10:04Z,1.63
GU34 5QF,SEPD,HV,1,TT4262,54,2026-08-01T23:32:17Z,2026-08-02T01:10:04Z,1.63
GU34 5QG,SEPD,HV,1,TT4262,54,2026-08-01T23:32:17Z,2026-08-02T01:10:04Z,1.63
AB51 7AB,SHEPD,HV,1,TT2878,62,2026-07-31T23:33:21Z,2026-08-01T01:09:21Z,1.6
AB51 7JS,SHEPD,HV,1,TT2878,62,2026-07-31T23:33:21Z,2026-08-01T01:09:21Z,1.6
AB51 7LD,SHEPD,HV,1,TT2878,62,2026-07-31T23:33:21Z,2026-08-01T01:09:21Z,1.6
AB51 7LL,SHEPD,HV,1,TT2878,62,2026-07-31T23:33:21Z,2026-08-01T01:09:21Z,1.6
AB51 7LP,SHEPD,HV,1,TT2878,62,2026-07-31T23:33:21Z,2026-08-01T01:09:21Z,1.6
AB51 7LQ,SHEPD,HV,1,TT2878,62,2026-07-31T23:33:21Z,2026-08-01T01:09:21Z,1.6
AB51 7PD,SHEPD,HV,1,TT2878,62,2026-07-31T23:33:21Z,2026-08-01T01:09:21Z,1.6
AB51 7PJ,SHEPD,HV,1,TT2878,62,2026-07-31T23:33:21Z,2026-08-01T01:09:21Z,1.6
AB51 7PL,SHEPD,HV,1,TT2878,62,2026-07-31T23:33:21Z,2026-08-01T01:09:21Z,1.6
AB51 7PN,SHEPD,HV,1,TT2878,62,2026-07-31T23:33:21Z,2026-08-01T01:09:21Z,1.6
AB51 7PP,SHEPD,HV,1,TT2878,62,2026-07-31T23:33:21Z,2026-08-01T01:09:21Z,1.6
AB51 7QR,SHEPD,HV,1,TT2878,62,2026-07-31T23:33:21Z,2026-08-01T01:09:21Z,1.6
AB51 7RQ,SHEPD,HV,1,TT2878,62,2026-07-31T23:33:21Z,2026-08-01T01:09:21Z,1.6
BH21 3EU,SEPD,PSI,1,253331,61,2026-08-02T09:26:51Z,2026-08-02T11:03:05Z,1.6
BH21 3RN,SEPD,PSI,1,253331,61,2026-08-02T09:26:51Z,2026-08-02T11:03:05Z,1.6
BH21 3TZ,SEPD,PSI,1,253331,61,2026-08-02T09:26:51Z,2026-08-02T11:03:05Z,1.6
SO22 5AF,SEPD,HV,1,TT4954,284,2026-08-02T23:40:34Z,2026-08-03T01:15:49Z,1.59
SO22 5DJ,SEPD,HV,1,TT4954,284,2026-08-02T23:40:34Z,2026-08-03T01:15:49Z,1.59
SO22 5FJ,SEPD,HV,1,TT4954,284,2026-08-02T23:40:34Z,2026-08-03T01:15:49Z,1.59
SO22 5JP,SEPD,HV,1,TT4954,284,2026-08-02T23:40:34Z,2026-08-03T01:15:49Z,1.59
SO22 5JR,SEPD,HV,1,TT4954,284,2026-08-02T23:40:34Z,2026-08-03T01:15:49Z,1.59
SO22 5JS,SEPD,HV,1,TT4954,284,2026-08-02T23:40:34Z,2026-08-03T01:15:49Z,1.59
SO22 5JT,SEPD,HV,1,TT4954,284,2026-08-02T23:40:34Z,2026-08-03T01:15:49Z,1.59
SO22 5JU,SEPD,HV,1,TT4954,284,2026-08-02T23:40:34Z,2026-08-03T01:15:49Z,1.59
SO22 5JX,SEPD,HV,1,TT4954,284,2026-08-02T23:40:34Z,2026-08-03T01:15:49Z,1.59
SO22 5JY,SEPD,HV,1,TT4954,284,2026-08-02T23:40:34Z,2026-08-03T01:15:49Z,1.59
SO22 5LL,SEPD,HV,1,TT4954,284,2026-08-02T23:40:34Z,2026-08-03T01:15:49Z,1.59
SO22 5LP,SEPD,HV,1,TT4954,284,2026-08-02T23:40:34Z,2026-08-03T01:15:49Z,1.59
SO22 5LR,SEPD,HV,1,TT4954,284,2026-08-02T23:40:34Z,2026-08-03T01:15:49Z,1.59
SO22 5LS,SEPD,HV,1,TT4954,284,2026-08-02T23:40:34Z,2026-08-03T01:15:49Z,1.59
SO22 5LT,SEPD,HV,1,TT4954,284,2026-08-02T23:40:34Z,2026-08-03T01:15:49Z,1.59
SO22 5LU,SEPD,HV,1,TT4954,284,2026-08-02T23:40:34Z,2026-08-03T01:15:49Z,1.59
SO22 5NP,SEPD,HV,1,TT4954,284,2026-08-02T23:40:34Z,2026-08-03T01:15:49Z,1.59
SO22 5NR,SEPD,HV,1,TT4954,284,2026-08-02T23:40:34Z,2026-08-03T01:15:49Z,1.59
SO22 5NS,SEPD,HV,1,TT4954,284,2026-08-02T23:40:34Z,2026-08-03T01:15:49Z,1.59
SO22 5NY,SEPD,HV,1,TT4954,284,2026-08-02T23:40:34Z,2026-08-03T01:15:49Z,1.59
SO22 5RU,SEPD,HV,1,TT4954,284,2026-08-02T23:40:34Z,2026-08-03T01:15:49Z,1.59
BH24 4EN,SEPD,HV,1,TS9163,31,2026-07-29T14:35:46Z,2026-07-29T16:09:15Z,1.56
BH24 4EW,SEPD,HV,1,TS9163,31,2026-07-29T14:35:46Z,2026-07-29T16:09:15Z,1.56
BH24 4HF,SEPD,HV,1,TS9163,31,2026-07-29T14:35:46Z,2026-07-29T16:09:15Z,1.56
RG31 7DY,SEPD,LV,1,TT1271,26,2026-07-30T23:41:10Z,2026-07-31T01:14:50Z,1.56
RG31 7EB,SEPD,LV,1,TT1271,26,2026-07-30T23:41:10Z,2026-07-31T01:14:50Z,1.56
RG31 7ED,SEPD,LV,1,TT1271,26,2026-07-30T23:41:10Z,2026-07-31T01:14:50Z,1.56
RG31 7EL,SEPD,LV,1,TT1271,26,2026-07-30T23:41:10Z,2026-07-31T01:14:50Z,1.56
RG31 7EZ,SEPD,LV,1,TT1271,26,2026-07-30T23:41:10Z,2026-07-31T01:14:50Z,1.56
SO20 8AA,SEPD,LV,1,TT0916,10,2026-07-30T16:54:29Z,2026-07-30T18:23:56Z,1.49
SO20 8AX,SEPD,LV,1,TT0916,10,2026-07-30T16:54:29Z,2026-07-30T18:23:56Z,1.49
SO20 8AY,SEPD,LV,1,TT0916,10,2026-07-30T16:54:29Z,2026-07-30T18:23:56Z,1.49
SO20 8AZ,SEPD,LV,1,TT0916,10,2026-07-30T16:54:29Z,2026-07-30T18:23:56Z,1.49
SO20 8BG,SEPD,LV,1,TT0916,10,2026-07-30T16:54:29Z,2026-07-30T18:23:56Z,1.49
SO20 8FD,SEPD,LV,1,TT0916,10,2026-07-30T16:54:29Z,2026-07-30T18:23:56Z,1.49
SN3 2AB,SEPD,LV,1,TS9262,25,2026-07-29T16:09:15Z,2026-07-29T17:37:47Z,1.48
SN3 2AD,SEPD,LV,1,TS9262,25,2026-07-29T16:09:15Z,2026-07-29T17:37:47Z,1.48
SN3 2BH,SEPD,LV,1,TS9262,25,2026-07-29T16:09:15Z,2026-07-29T17:37:47Z,1.48
SN3 2QH,SEPD,LV,1,TS9262,25,2026-07-29T16:09:15Z,2026-07-29T17:37:47Z,1.48
SN3 2QJ,SEPD,LV,1,TS9262,25,2026-07-29T16:09:15Z,2026-07-29T17:37:47Z,1.48
SN3 2QL,SEPD,LV,1,TS9262,25,2026-07-29T16:09:15Z,2026-07-29T17:37:47Z,1.48
IV2 5EA,SHEPD,LV,1,TS7731,15,2026-07-28T19:01:57Z,2026-07-28T20:22:02Z,1.33
IV2 5JQ,SHEPD,LV,1,TS7731,15,2026-07-28T19:01:57Z,2026-07-28T20:22:02Z,1.33
RG31 7YS,SEPD,LV,1,TS5747,25,2026-07-27T20:11:16Z,2026-07-27T21:30:17Z,1.32
RG31 7ZT,SEPD,LV,1,TS5747,25,2026-07-27T20:11:16Z,2026-07-27T21:30:17Z,1.32
RG31 7ZZ,SEPD,LV,1,TS5747,25,2026-07-27T20:11:16Z,2026-07-27T21:30:17Z,1.32
PO9 3AA,SEPD,HV,1,TT1067,530,2026-07-30T20:04:16Z,2026-07-30T21:22:37Z,1.31
PO9 3AB,SEPD,HV,1,TT1067,530,2026-07-30T20:04:16Z,2026-07-30T21:22:37Z,1.31
PO9 3AP,SEPD,HV,1,TT1067,530,2026-07-30T20:04:16Z,2026-07-30T21:22:37Z,1.31
PO9 3AQ,SEPD,HV,1,TT1067,530,2026-07-30T20:04:16Z,2026-07-30T21:22:37Z,1.31
PO9 3AR,SEPD,HV,1,TT1067,530,2026-07-30T20:04:16Z,2026-07-30T21:22:37Z,1.31
PO9 3AS,SEPD,HV,1,TT1067,530,2026-07-30T20:04:16Z,2026-07-30T21:22:37Z,1.31
PO9 3AT,SEPD,HV,1,TT1067,530,2026-07-30T20:04:16Z,2026-07-30T21:22:37Z,1.31
PO9 3AU,SEPD,HV,1,TT1067,530,2026-07-30T20:04:16Z,2026-07-30T21:22:37Z,1.31
PO9 3FB,SEPD,HV,1,TT1067,530,2026-07-30T20:04:16Z,2026-07-30T21:22:37Z,1.31
PO9 3HY,SEPD,HV,1,TT1067,530,2026-07-30T20:04:16Z,2026-07-30T21:22:37Z,1.31
PO9 3RU,SEPD,HV,1,TT1067,530,2026-07-30T20:04:16Z,2026-07-30T21:22:37Z,1.31
PO9 3SA,SEPD,HV,1,TT1067,530,2026-07-30T20:04:16Z,2026-07-30T21:22:37Z,1.31
PO9 3SB,SEPD,HV,1,TT1067,530,2026-07-30T20:04:16Z,2026-07-30T21:22:37Z,1.31
PO9 3SU,SEPD,HV,1,TT1067,530,2026-07-30T20:04:16Z,2026-07-30T21:22:37Z,1.31
PO9 3TJ,SEPD,HV,1,TT1067,530,2026-07-30T20:04:16Z,2026-07-30T21:22:37Z,1.31
PO9 3TL,SEPD,HV,1,TT1067,530,2026-07-30T20:04:16Z,2026-07-30T21:22:37Z,1.31
PO9 3TR,SEPD,HV,1,TT1067,530,2026-07-30T20:04:16Z,2026-07-30T21:22:37Z,1.31
PO9 3TS,SEPD,HV,1,TT1067,530,2026-07-30T20:04:16Z,2026-07-30T21:22:37Z,1.31
PO9 3TU,SEPD,HV,1,TT1067,530,2026-07-30T20:04:16Z,2026-07-30T21:22:37Z,1.31
PO9 4AA,SEPD,HV,1,TT1067,530,2026-07-30T20:04:16Z,2026-07-30T21:22:37Z,1.31
PO9 4AB,SEPD,HV,1,TT1067,530,2026-07-30T20:04:16Z,2026-07-30T21:22:37Z,1.31
PO9 4BP,SEPD,HV,1,TT1067,530,2026-07-30T20:04:16Z,2026-07-30T21:22:37Z,1.31
SN6 7PR,SEPD,HV,1,TT4683,733,2026-08-02T13:56:57Z,2026-08-02T15:09:42Z,1.21
SN6 7PS,SEPD,HV,1,TT4683,733,2026-08-02T13:56:57Z,2026-08-02T15:09:42Z,1.21
SN6 7PT,SEPD,HV,1,TT4683,733,2026-08-02T13:56:57Z,2026-08-02T15:09:42Z,1.21
SN6 7PU,SEPD,HV,1,TT4683,733,2026-08-02T13:56:57Z,2026-08-02T15:09:42Z,1.21
SN6 8RD,SEPD,HV,1,TT4683,733,2026-08-02T13:56:57Z,2026-08-02T15:09:42Z,1.21
SN6 8RE,SEPD,HV,1,TT4683,733,2026-08-02T13:56:57Z,2026-08-02T15:09:42Z,1.21
SN6 8RG,SEPD,HV,1,TT4683,733,2026-08-02T13:56:57Z,2026-08-02T15:09:42Z,1.21
SN6 8RN,SEPD,HV,1,TT4683,733,2026-08-02T13:56:57Z,2026-08-02T15:09:42Z,1.21
SN6 8RQ,SEPD,HV,1,TT4683,733,2026-08-02T13:56:57Z,2026-08-02T15:09:42Z,1.21
SN6 8RW,SEPD,HV,1,TT4683,733,2026-08-02T13:56:57Z,2026-08-02T15:09:42Z,1.21
SN6 8SQ,SEPD,HV,1,TT4683,733,2026-08-02T13:56:57Z,2026-08-02T15:09:42Z,1.21
SN6 8SY,SEPD,HV,1,TT4683,733,2026-08-02T13:56:57Z,2026-08-02T15:09:42Z,1.21
SN6 8TQ,SEPD,HV,1,TT4683,733,2026-08-02T13:56:57Z,2026-08-02T15:09:42Z,1.21
SN6 8TU,SEPD,HV,1,TT4683,733,2026-08-02T13:56:57Z,2026-08-02T15:09:42Z,1.21
SN6 8TX,SEPD,HV,1,TT4683,733,2026-08-02T13:56:57Z,2026-08-02T15:09:42Z,1.21
SN7 7FA,SEPD,HV,1,TT4683,733,2026-08-02T13:56:57Z,2026-08-02T15:09:42Z,1.21
SN7 7FB,SEPD,HV,1,TT4683,733,2026-08-02T13:56:57Z,2026-08-02T15:09:42Z,1.21
SN7 7FD,SEPD,HV,1,TT4683,733,2026-08-02T13:56:57Z,2026-08-02T15:09:42Z,1.21
SN7 7FE,SEPD,HV,1,TT4683,733,2026-08-02T13:56:57Z,2026-08-02T15:09:42Z,1.21
SN7 7FF,SEPD,HV,1,TT4683,733,2026-08-02T13:56:57Z,2026-08-02T15:09:42Z,1.21
SN7 7FG,SEPD,HV,1,TT4683,733,2026-08-02T13:56:57Z,2026-08-02T15:09:42Z,1.21
SN7 7FL,SEPD,HV,1,TT4683,733,2026-08-02T13:56:57Z,2026-08-02T15:09:42Z,1.21
SN7 7GD,SEPD,HV,1,TT4683,733,2026-08-02T13:56:57Z,2026-08-02T15:09:42Z,1.21
SN7 7GF,SEPD,HV,1,TT4683,733,2026-08-02T13:56:57Z,2026-08-02T15:09:42Z,1.21
SN7 7GG,SEPD,HV,1,TT4683,733,2026-08-02T13:56:57Z,2026-08-02T15:09:42Z,1.21
SN7 7GH,SEPD,HV,1,TT4683,733,2026-08-02T13:56:57Z,2026-08-02T15:09:42Z,1.21
SN7 7LG,SEPD,HV,1,TT4683,733,2026-08-02T13:56:57Z,2026-08-02T15:09:42Z,1.21
SN7 7LH,SEPD,HV,1,TT4683,733,2026-08-02T13:56:57Z,2026-08-02T15:09:42Z,1.21
SN7 7LJ,SEPD,HV,1,TT4683,733,2026-08-02T13:56:57Z,2026-08-02T15:09:42Z,1.21
SN7 7LL,SEPD,HV,1,TT4683,733,2026-08-02T13:56:57Z,2026-08-02T15:09:42Z,1.21
SN7 7LN,SEPD,HV,1,TT4683,733,2026-08-02T13:56:57Z,2026-08-02T15:09:42Z,1.21
SN7 7LP,SEPD,HV,1,TT4683,733,2026-08-02T13:56:57Z,2026-08-02T15:09:42Z,1.21
SN7 7LT,SEPD,HV,1,TT4683,733,2026-08-02T13:56:57Z,2026-08-02T15:09:42Z,1.21
SN7 7LU,SEPD,HV,1,TT4683,733,2026-08-02T13:56:57Z,2026-08-02T15:09:42Z,1.21
SN7 7LW,SEPD,HV,1,TT4683,733,2026-08-02T13:56:57Z,2026-08-02T15:09:42Z,1.21
SN7 7LX,SEPD,HV,1,TT4683,733,2026-08-02T13:56:57Z,2026-08-02T15:09:42Z,1.21
SN7 7LY,SEPD,HV,1,TT4683,733,2026-08-02T13:56:57Z,2026-08-02T15:09:42Z,1.21
SN7 7LZ,SEPD,HV,1,TT4683,733,2026-08-02T13:56:57Z,2026-08-02T15:09:42Z,1.21
SN7 7NA,SEPD,HV,1,TT4683,733,2026-08-02T13:56:57Z,2026-08-02T15:09:42Z,1.21
SN7 7NB,SEPD,HV,1,TT4683,733,2026-08-02T13:56:57Z,2026-08-02T15:09:42Z,1.21
SN7 7NE,SEPD,HV,1,TT4683,733,2026-08-02T13:56:57Z,2026-08-02T15:09:42Z,1.21
SN7 7NF,SEPD,HV,1,TT4683,733,2026-08-02T13:56:57Z,2026-08-02T15:09:42Z,1.21
SN7 7NG,SEPD,HV,1,TT4683,733,2026-08-02T13:56:57Z,2026-08-02T15:09:42Z,1.21
SN7 7NL,SEPD,HV,1,TT4683,733,2026-08-02T13:56:57Z,2026-08-02T15:09:42Z,1.21
SN7 7NN,SEPD,HV,1,TT4683,733,2026-08-02T13:56:57Z,2026-08-02T15:09:42Z,1.21
SN7 7PU,SEPD,HV,1,TT4683,733,2026-08-02T13:56:57Z,2026-08-02T15:09:42Z,1.21
SN7 7SP,SEPD,HV,1,TT4683,733,2026-08-02T13:56:57Z,2026-08-02T15:09:42Z,1.21
SN7 7SR,SEPD,HV,1,TT4683,733,2026-08-02T13:56:57Z,2026-08-02T15:09:42Z,1.21
SN7 7SW,SEPD,HV,1,TT4683,733,2026-08-02T13:56:57Z,2026-08-02T15:09:42Z,1.21
SN7 7UA,SEPD,HV,1,TT4683,733,2026-08-02T13:56:57Z,2026-08-02T15:09:42Z,1.21
SN7 8BG,SEPD,HV,1,TT4683,733,2026-08-02T13:56:57Z,2026-08-02T15:09:42Z,1.21
SN7 8BH,SEPD,HV,1,TT4683,733,2026-08-02T13:56:57Z,2026-08-02T15:09:42Z,1.21
SN7 8BL,SEPD,HV,1,TT4683,733,2026-08-02T13:56:57Z,2026-08-02T15:09:42Z,1.21
SN7 8BQ,SEPD,HV,1,TT4683,733,2026-08-02T13:56:57Z,2026-08-02T15:09:42Z,1.21
SN7 8BW,SEPD,HV,1,TT4683,733,2026-08-02T13:56:57Z,2026-08-02T15:09:42Z,1.21
SN7 8DP,SEPD,HV,1,TT4683,733,2026-08-02T13:56:57Z,2026-08-02T15:09:42Z,1.21
SN7 8DT,SEPD,HV,1,TT4683,733,2026-08-02T13:56:57Z,2026-08-02T15:09:42Z,1.21
SN7 8DU,SEPD,HV,1,TT4683,733,2026-08-02T13:56:57Z,2026-08-02T15:09:42Z,1.21
SN7 8DX,SEPD,HV,1,TT4683,733,2026-08-02T13:56:57Z,2026-08-02T15:09:42Z,1.21
SN7 8DY,SEPD,HV,1,TT4683,733,2026-08-02T13:56:57Z,2026-08-02T15:09:42Z,1.21
SN7 8DZ,SEPD,HV,1,TT4683,733,2026-08-02T13:56:57Z,2026-08-02T15:09:42Z,1.21
SN7 8EB,SEPD,HV,1,TT4683,733,2026-08-02T13:56:57Z,2026-08-02T15:09:42Z,1.21
SN7 8ED,SEPD,HV,1,TT4683,733,2026-08-02T13:56:57Z,2026-08-02T15:09:42Z,1.21
SN7 8JR,SEPD,HV,1,TT4683,733,2026-08-02T13:56:57Z,2026-08-02T15:09:42Z,1.21
SN7 8JS,SEPD,HV,1,TT4683,733,2026-08-02T13:56:57Z,2026-08-02T15:09:42Z,1.21
SN7 8JT,SEPD,HV,1,TT4683,733,2026-08-02T13:56:57Z,2026-08-02T15:09:42Z,1.21
SN7 8JU,SEPD,HV,1,TT4683,733,2026-08-02T13:56:57Z,2026-08-02T15:09:42Z,1.21
SN7 8JX,SEPD,HV,1,TT4683,733,2026-08-02T13:56:57Z,2026-08-02T15:09:42Z,1.21
SN7 8JY,SEPD,HV,1,TT4683,733,2026-08-02T13:56:57Z,2026-08-02T15:09:42Z,1.21
RH13 0RB,SEPD,"LV,HV",2,"TT4516,TT4600",16,2026-08-02T09:26:51Z,2026-08-02T12:11:54Z,1.15
RH13,SEPD,HV,1,TT4600,13,2026-08-02T11:03:05Z,2026-08-02T12:11:54Z,1.15
DT9 3HP,SEPD,LV,1,TT1227,40,2026-07-30T22:34:20Z,2026-07-30T23:41:10Z,1.11
DT9 3NX,SEPD,LV,1,TT1227,40,2026-07-30T22:34:20Z,2026-07-30T23:41:10Z,1.11
DT9 3PH,SEPD,LV,1,TT1227,40,2026-07-30T22:34:20Z,2026-07-30T23:41:10Z,1.11
DT9 3PL,SEPD,LV,1,TT1227,40,2026-07-30T22:34:20Z,2026-07-30T23:41:10Z,1.11
DT9 3PN,SEPD,LV,1,TT1227,40,2026-07-30T22:34:20Z,2026-07-30T23:41:10Z,1.11
DT9 3PW,SEPD,LV,1,TT1227,40,2026-07-30T22:34:20Z,2026-07-30T23:41:10Z,1.11
DT9 3QJ,SEPD,LV,1,TT1227,40,2026-07-30T22:34:20Z,2026-07-30T23:41:10Z,1.11
DT9 4BA,SEPD,LV,1,TT1227,40,2026-07-30T22:34:20Z,2026-07-30T23:41:10Z,1.11
DT9 4DG,SEPD,LV,1,TT1227,40,2026-07-30T22:34:20Z,2026-07-30T23:41:10Z,1.11
PA21 2BA,SHEPD,LV,2,"TS6013,TS6201",18,2026-07-27T21:30:17Z,2026-07-27T22:36:18Z,1.1
PA21 2DR,SHEPD,LV,2,"TS6013,TS6201",18,2026-07-27T21:30:17Z,2026-07-27T22:36:18Z,1.1
PA21 2DS,SHEPD,LV,2,"TS6013,TS6201",18,2026-07-27T21:30:17Z,2026-07-27T22:36:18Z,1.1
PA21 2DX,SHEPD,LV,2,"TS6013,TS6201",18,2026-07-27T21:30:17Z,2026-07-27T22:36:18Z,1.1
KW7 6HD,SHEPD,HV,1,TS6187,7,2026-07-27T21:30:17Z,2026-07-27T22:36:18Z,1.1
PA21 2DT,SHEPD,LV,1,TS6013,14,2026-07-27T21:30:17Z,2026-07-27T22:36:18Z,1.1
IV3 5AZ,SHEPD,LV,1,TT2866,13,2026-07-31T22:27:46Z,2026-07-31T23:33:21Z,1.09
IV3 5BB,SHEPD,LV,1,TT2866,13,2026-07-31T22:27:46Z,2026-07-31T23:33:21Z,1.09
IV3 5BD,SHEPD,LV,1,TT2866,13,2026-07-31T22:27:46Z,2026-07-31T23:33:21Z,1.09
IV3 5BE,SHEPD,LV,1,TT2866,13,2026-07-31T22:27:46Z,2026-07-31T23:33:21Z,1.09
SO45 1BZ,SEPD,LV,1,TS9572,25,2026-07-29T22:12:04Z,2026-07-29T23:14:51Z,1.05
SO45 1FL,SEPD,LV,1,TS9572,25,2026-07-29T22:12:04Z,2026-07-29T23:14:51Z,1.05
SO45 1FN,SEPD,LV,1,TS9572,25,2026-07-29T22:12:04Z,2026-07-29T23:14:51Z,1.05
SO45 1FP,SEPD,LV,1,TS9572,25,2026-07-29T22:12:04Z,2026-07-29T23:14:51Z,1.05
SO45 1FR,SEPD,LV,1,TS9572,25,2026-07-29T22:12:04Z,2026-07-29T23:14:51Z,1.05
SN16 9RJ,SEPD,HV,2,"TT4660,TT4795",16,2026-08-02T15:09:42Z,2026-08-02T16:12:13Z,1.04
BH22,SEPD,HV,1,TT4777,266,2026-08-02T15:09:42Z,2026-08-02T16:12:13Z,1.04
SN16 0ES,SEPD,HV,1,TT4777,266,2026-08-02T15:09:42Z,2026-08-02T16:12:13Z,1.04
SN16 0EU,SEPD,HV,1,TT4777,266,2026-08-02T15:09:42Z,2026-08-02T16:12:13Z,1.04
SN16 0EX,SEPD,HV,1,TT4777,266,2026-08-02T15:09:42Z,2026-08-02T16:12:13Z,1.04
SN16 0FJ,SEPD,HV,1,TT4777,266,2026-08-02T15:09:42Z,2026-08-02T16:12:13Z,1.04
SN16 0FL,SEPD,HV,1,TT4777,266,2026-08-02T15:09:42Z,2026-08-02T16:12:13Z,1.04
SN16 0HA,SEPD,HV,1,TT4777,266,2026-08-02T15:09:42Z,2026-08-02T16:12:13Z,1.04
SN16 0HB,SEPD,HV,1,TT4777,266,2026-08-02T15:09:42Z,2026-08-02T16:12:13Z,1.04
SN16 0HD,SEPD,HV,1,TT4777,266,2026-08-02T15:09:42Z,2026-08-02T16:12:13Z,1.04
SN16 0HE,SEPD,HV,1,TT4777,266,2026-08-02T15:09:42Z,2026-08-02T16:12:13Z,1.04
SN16 0HF,SEPD,HV,1,TT4777,266,2026-08-02T15:09:42Z,2026-08-02T16:12:13Z,1.04
SN16 0HG,SEPD,HV,1,TT4777,266,2026-08-02T15:09:42Z,2026-08-02T16:12:13Z,1.04
SN16 0HH,SEPD,HV,1,TT4777,266,2026-08-02T15:09:42Z,2026-08-02T16:12:13Z,1.04
SN16 0HJ,SEPD,HV,1,TT4777,266,2026-08-02T15:09:42Z,2026-08-02T16:12:13Z,1.04
SN16 0HL,SEPD,HV,1,TT4777,266,2026-08-02T15:09:42Z,2026-08-02T16:12:13Z,1.04
SN16 0HN,SEPD,HV,1,TT4777,266,2026-08-02T15:09:42Z,2026-08-02T16:12:13Z,1.04
SN16 0HP,SEPD,HV,1,TT4777,266,2026-08-02T15:09:42Z,2026-08-02T16:12:13Z,1.04
SN16 0HQ,SEPD,HV,1,TT4777,266,2026-08-02T15:09:42Z,2026-08-02T16:12:13Z,1.04
SN16 0HR,SEPD,HV,1,TT4777,266,2026-08-02T15:09:42Z,2026-08-02T16:12:13Z,1.04
SN16 0HT,SEPD,HV,1,TT4777,266,2026-08-02T15:09:42Z,2026-08-02T16:12:13Z,1.04
SN16 0HW,SEPD,HV,1,TT4777,266,2026-08-02T15:09:42Z,2026-08-02T16:12:13Z,1.04
SN16 0JE,SEPD,HV,1,TT4777,266,2026-08-02T15:09:42Z,2026-08-02T16:12:13Z,1.04
SN16 0JF,SEPD,HV,1,TT4777,266,2026-08-02T15:09:42Z,2026-08-02T16:12:13Z,1.04
SN16 0JQ,SEPD,HV,1,TT4777,266,2026-08-02T15:09:42Z,2026-08-02T16:12:13Z,1.04
SN16 0JT,SEPD,HV,1,TT4777,266,2026-08-02T15:09:42Z,2026-08-02T16:12:13Z,1.04
BH8 9LG,SEPD,LV,1,TT2855,29,2026-08-01T22:30:23Z,2026-08-01T23:32:17Z,1.03
BH8 9LH,SEPD,LV,1,TT2855,29,2026-08-01T22:30:23Z,2026-08-01T23:32:17Z,1.03
BH8 9SA,SEPD,LV,1,TT2855,29,2026-08-01T22:30:23Z,2026-08-01T23:32:17Z,1.03
PH11 8AJ,SHEPD,LV,1,TT4935,24,2026-08-02T22:38:31Z,2026-08-02T23:40:34Z,1.03
PH11 8AP,SHEPD,LV,1,TT4935,24,2026-08-02T22:38:31Z,2026-08-02T23:40:34Z,1.03
PH11 8AS,SHEPD,LV,1,TT4935,24,2026-08-02T22:38:31Z,2026-08-02T23:40:34Z,1.03
PH11 8AT,SHEPD,LV,1,TT4935,24,2026-08-02T22:38:31Z,2026-08-02T23:40:34Z,1.03
PH11 8AU,SHEPD,LV,1,TT4935,24,2026-08-02T22:38:31Z,2026-08-02T23:40:34Z,1.03
PH11 8AX,SHEPD,LV,1,TT4935,24,2026-08-02T22:38:31Z,2026-08-02T23:40:34Z,1.03
PO3 5DE,SEPD,LV,1,TT4053,7,2026-08-01T22:30:23Z,2026-08-01T23:32:17Z,1.03
SN11 0LZ,SEPD,HV,2,"TS9484,TS9583",240,2026-07-29T20:01:59Z,2026-07-30T00:15:31Z,1.01
SN11 9FS,SEPD,HV,2,"TS9484,TS9583",240,2026-07-29T20:01:59Z,2026-07-30T00:15:31Z,1.01
SN11 9LX,SEPD,HV,2,"TS9484,TS9583",240,2026-07-29T20:01:59Z,2026-07-30T00:15:31Z,1.01
SN11 9LY,SEPD,HV,2,"TS9484,TS9583",240,2026-07-29T20:01:59Z,2026-07-30T00:15:31Z,1.01
SN11 9NB,SEPD,HV,2,"TS9484,TS9583",240,2026-07-29T20:01:59Z,2026-07-30T00:15:31Z,1.01
SN11 9ND,SEPD,HV,2,"TS9484,TS9583",240,2026-07-29T20:01:59Z,2026-07-30T00:15:31Z,1.01
SN11 9NE,SEPD,HV,2,"TS9484,TS9583",240,2026-07-29T20:01:59Z,2026-07-30T00:15:31Z,1.01
SN11 9NF,SEPD,HV,2,"TS9484,TS9583",240,2026-07-29T20:01:59Z,2026-07-30T00:15:31Z,1.01
OX2 6GQ,SEPD,LV,1,TS9548,10,2026-07-29T23:14:51Z,2026-07-30T00:15:31Z,1.01
OX2 6SU,SEPD,LV,1,TS9548,10,2026-07-29T23:14:51Z,2026-07-30T00:15:31Z,1.01
OX2 6SX,SEPD,LV,1,TS9548,10,2026-07-29T23:14:51Z,2026-07-30T00:15:31Z,1.01
OX2 6UT,SEPD,LV,1,TS9548,10,2026-07-29T23:14:51Z,2026-07-30T00:15:31Z,1.01
OX2 6UW,SEPD,LV,1,TS9548,10,2026-07-29T23:14:51Z,2026-07-30T00:15:31Z,1.01
RG1 8BN,SEPD,LV,1,TS9593,16,2026-07-29T23:14:51Z,2026-07-30T00:15:31Z,1.01
RG1 8BP,SEPD,LV,1,TS9593,16,2026-07-29T23:14:51Z,2026-07-30T00:15:31Z,1.01
RG1 8BQ,SEPD,LV,1,TS9593,16,2026-07-29T23:14:51Z,2026-07-30T00:15:31Z,1.01
SO53 4TS,SEPD,LV,1,TS9058,21,2026-07-29T23:14:51Z,2026-07-30T00:15:31Z,1.01
SO53 4TT,SEPD,LV,1,TS9058,21,2026-07-29T23:14:51Z,2026-07-30T00:15:31Z,1.01
PO3 5HB,SEPD,LV,1,TT4053,7,2026-08-01T20:31:44Z,2026-08-01T21:29:41Z,0.97
BH8 0DF,SEPD,HV,1,TT4856,25,2026-08-02T19:39:55Z,2026-08-02T20:35:26Z,0.93
BH8 0DJ,SEPD,HV,1,TT4856,25,2026-08-02T19:39:55Z,2026-08-02T20:35:26Z,0.93
BH8 0DL,SEPD,HV,1,TT4856,25,2026-08-02T19:39:55Z,2026-08-02T20:35:26Z,0.93
BH8 0EF,SEPD,HV,1,TT4856,25,2026-08-02T19:39:55Z,2026-08-02T20:35:26Z,0.93
PO11 9NA,SEPD,LV,1,TT4878,56,2026-08-02T19:39:55Z,2026-08-02T20:35:26Z,0.93
PO11 9NB,SEPD,LV,1,TT4878,56,2026-08-02T19:39:55Z,2026-08-02T20:35:26Z,0.93
PO11 9ND,SEPD,LV,1,TT4878,56,2026-08-02T19:39:55Z,2026-08-02T20:35:26Z,0.93
PO11 9NE,SEPD,LV,1,TT4878,56,2026-08-02T19:39:55Z,2026-08-02T20:35:26Z,0.93
PO11 9NF,SEPD,LV,1,TT4878,56,2026-08-02T19:39:55Z,2026-08-02T20:35:26Z,0.93
PO11 9NG,SEPD,LV,1,TT4878,56,2026-08-02T19:39:55Z,2026-08-02T20:35:26Z,0.93
PO11 9NR,SEPD,LV,1,TT4878,56,2026-08-02T19:39:55Z,2026-08-02T20:35:26Z,0.93
DT3 4EN,SEPD,LV,1,TS4735,30,2026-07-27T11:54:03Z,2026-07-27T11:57:34Z,0.06
DT4 9NE,SEPD,LV,1,TS4735,30,2026-07-27T11:54:03Z,2026-07-27T11:57:34Z,0.06
DT4 9NF,SEPD,LV,1,TS4735,30,2026-07-27T11:54:03Z,2026-07-27T11:57:34Z,0.06
DT4 9NL,SEPD,LV,1,TS4735,30,2026-07-27T11:54:03Z,2026-07-27T11:57:34Z,0.06
DT4 9NN,SEPD,LV,1,TS4735,30,2026-07-27T11:54:03Z,2026-07-27T11:57:34Z,0.06
DT4 9NP,SEPD,LV,1,TS4735,30,2026-07-27T11:54:03Z,2026-07-27T11:57:34Z,0.06
DT4 9NT,SEPD,LV,1,TS4735,30,2026-07-27T11:54:03Z,2026-07-27T11:57:34Z,0.06
DT4 9NW,SEPD,LV,1,TS4735,30,2026-07-27T11:54:03Z,2026-07-27T11:57:34Z,0.06
DT4 9NX,SEPD,LV,1,TS4735,30,2026-07-27T11:54:03Z,2026-07-27T11:57:34Z,0.06
GU34,SEPD,PSI,1,252837,246,2026-07-27T11:54:03Z,2026-07-27T11:57:34Z,0.06
GU34 4BE,SEPD,PSI,1,252837,246,2026-07-27T11:54:03Z,2026-07-27T11:57:34Z,0.06
GU34 4EE,SEPD,PSI,1,252837,246,2026-07-27T11:54:03Z,2026-07-27T11:57:34Z,0.06
GU34 4EG,SEPD,PSI,1,252837,246,2026-07-27T11:54:03Z,2026-07-27T11:57:34Z,0.06
GU34 4ET,SEPD,PSI,1,252837,246,2026-07-27T11:54:03Z,2026-07-27T11:57:34Z,0.06
GU34 4EU,SEPD,PSI,1,252837,246,2026-07-27T11:54:03Z,2026-07-27T11:57:34Z,0.06
GU34 4EY,SEPD,PSI,1,252837,246,2026-07-27T11:54:03Z,2026-07-27T11:57:34Z,0.06
GU34 4HG,SEPD,PSI,1,252837,246,2026-07-27T11:54:03Z,2026-07-27T11:57:34Z,0.06
GU34 4HL,SEPD,PSI,1,252837,246,2026-07-27T11:54:03Z,2026-07-27T11:57:34Z,0.06
GU34 4HT,SEPD,PSI,1,252837,246,2026-07-27T11:54:03Z,2026-07-27T11:57:34Z,0.06
GU34 4HU,SEPD,PSI,1,252837,246,2026-07-27T11:54:03Z,2026-07-27T11:57:34Z,0.06
GU34 4HY,SEPD,PSI,1,252837,246,2026-07-27T11:54:03Z,2026-07-27T11:57:34Z,0.06
GU34 4JA,SEPD,PSI,1,252837,246,2026-07-27T11:54:03Z,2026-07-27T11:57:34Z,0.06
GU34 4JE,SEPD,PSI,1,252837,246,2026-07-27T11:54:03Z,2026-07-27T11:57:34Z,0.06
GU34 4JF,SEPD,PSI,1,252837,246,2026-07-27T11:54:03Z,2026-07-27T11:57:34Z,0.06
GU34 4NP,SEPD,PSI,1,252837,246,2026-07-27T11:54:03Z,2026-07-27T11:57:34Z,0.06
GU34 4NR,SEPD,PSI,1,252837,246,2026-07-27T11:54:03Z,2026-07-27T11:57:34Z,0.06
GU34 4NS,SEPD,PSI,1,252837,246,2026-07-27T11:54:03Z,2026-07-27T11:57:34Z,0.06
GU34 4NT,SEPD,PSI,1,252837,246,2026-07-27T11:54:03Z,2026-07-27T11:57:34Z,0.06
GU34 4NU,SEPD,PSI,1,252837,246,2026-07-27T11:54:03Z,2026-07-27T11:57:34Z,0.06
SL4 2HD,SEPD,"PSI,LV",3,"253888,TT4644,TT5266",14,2026-08-02T12:11:54Z,2026-08-03T11:54:02Z,0.0
AB10 7GX,SHEPD,LV,2,"TS5135,TS7848",18,2026-07-27T11:57:34Z,2026-07-29T17:37:47Z,0.0
AB21 7AP,SHEPD,PSI,2,"253457,253460",35,2026-08-03T11:54:02Z,2026-08-03T11:54:02Z,0.0
AB32 7EQ,SHEPD,"PSI,HV",2,"253422,TS6352",278,2026-07-28T04:28:16Z,2026-07-30T09:03:39Z,0.0
AB32 7FP,SHEPD,"PSI,HV",2,"253422,TS6352",278,2026-07-28T04:28:16Z,2026-07-30T09:03:39Z,0.0
DD9 7BQ,SHEPD,LV,2,"TS7951,TT1299",30,2026-07-30T21:22:37Z,2026-07-31T07:40:50Z,0.0
DD9 7BY,SHEPD,LV,2,"TS7951,TT1299",30,2026-07-30T21:22:37Z,2026-07-31T07:40:50Z,0.0
DD9 7BZ,SHEPD,LV,2,"TS7951,TT1299",30,2026-07-30T21:22:37Z,2026-07-31T07:40:50Z,0.0
DD9 7DD,SHEPD,LV,2,"TS7951,TT1299",30,2026-07-30T21:22:37Z,2026-07-31T07:40:50Z,0.0
DD9 7DG,SHEPD,LV,2,"TS7951,TT1299",30,2026-07-30T21:22:37Z,2026-07-31T07:40:50Z,0.0
DD9 7DL,SHEPD,LV,2,"TS7951,TT1299",30,2026-07-30T21:22:37Z,2026-07-31T07:40:50Z,0.0
FK14 7JT,SHEPD,"PSI,LV",2,"253719,TT5490",18,2026-08-03T11:54:02Z,2026-08-03T11:54:02Z,0.0
GL7 1UA,SEPD,LV,2,"TT0903,TT1908",33,2026-07-30T16:54:29Z,2026-07-31T10:17:29Z,0.0
GL7 1WA,SEPD,LV,2,"TT0903,TT1908",33,2026-07-30T16:54:29Z,2026-07-31T10:17:29Z,0.0
PA29 6SX,SHEPD,"PSI,HV",2,"252868,TT1749",7,2026-07-31T10:17:29Z,2026-07-31T10:17:29Z,0.0
PH7 3LJ,SHEPD,HV,2,"TT1706,TT3510",103,2026-07-31T10:17:29Z,2026-08-01T12:08:39Z,0.0
PH7 3LZ,SHEPD,HV,2,"TT1706,TT3510",103,2026-07-31T10:17:29Z,2026-08-01T12:08:39Z,0.0
PH7 3NA,SHEPD,HV,2,"TT1706,TT3510",103,2026-07-31T10:17:29Z,2026-08-01T12:08:39Z,0.0
PH7 3NB,SHEPD,HV,2,"TT1706,TT3510",103,2026-07-31T10:17:29Z,2026-08-01T12:08:39Z,0.0
PH7 3ND,SHEPD,HV,2,"TT1706,TT3510",103,2026-07-31T10:17:29Z,2026-08-01T12:08:39Z,0.0
PH7 4HA,SHEPD,HV,2,"TT2288,TT3510",15,2026-07-31T14:55:42Z,2026-08-01T12:08:39Z,0.0
PH7 4JX,SHEPD,HV,2,"TT2288,TT3510",15,2026-07-31T14:55:42Z,2026-08-01T12:08:39Z,0.0
PH7 4LD,SHEPD,HV,2,"TT2288,TT3510",15,2026-07-31T14:55:42Z,2026-08-01T12:08:39Z,0.0
PO10 7AZ,SEPD,HV,2,"TS6727,TS6876",58,2026-07-28T09:59:59Z,2026-07-28T12:04:41Z,0.0
PO10 7BE,SEPD,HV,2,"TS6727,TS6876",58,2026-07-28T09:59:59Z,2026-07-28T12:04:41Z,0.0
PO10 7BG,SEPD,HV,2,"TS6727,TS6876",58,2026-07-28T09:59:59Z,2026-07-28T12:04:41Z,0.0
PO19 1AJ,SEPD,LV,2,"TS6723,TS6873",30,2026-07-28T09:59:59Z,2026-07-28T12:04:41Z,0.0
PO19 1AN,SEPD,LV,2,"TS6723,TS6873",30,2026-07-28T09:59:59Z,2026-07-28T12:04:41Z,0.0
PO19 1AW,SEPD,LV,2,"TS6723,TS6873",30,2026-07-28T09:59:59Z,2026-07-28T12:04:41Z,0.0
RG14 6RA,SEPD,"PSI,LV",2,"253234,TS8381",33,2026-07-29T10:05:32Z,2026-07-29T12:19:44Z,0.0
RG14 6RB,SEPD,"PSI,LV",2,"253234,TS8381",33,2026-07-29T10:05:32Z,2026-07-29T12:19:44Z,0.0
RG2 8TL,SEPD,"PSI,LV",2,"252754,TT1738",103,2026-07-31T10:17:29Z,2026-07-31T10:17:29Z,0.0
RG2 8TN,SEPD,"PSI,LV",2,"252754,TT1738",103,2026-07-31T10:17:29Z,2026-07-31T10:17:29Z,0.0
RG2 8TS,SEPD,"PSI,LV",2,"252754,TT1738",103,2026-07-31T10:17:29Z,2026-07-31T10:17:29Z,0.0
SL4 2HR,SEPD,"PSI,LV",2,"253888,TT5266",12,2026-08-03T08:22:41Z,2026-08-03T11:54:02Z,0.0
SP4 6JX,SEPD,"PSI,LV",2,"252357,TS9736",44,2026-07-30T06:12:17Z,2026-08-03T11:54:02Z,0.0
SP4 6JY,SEPD,"PSI,LV",2,"252357,TS9736",44,2026-07-30T06:12:17Z,2026-08-03T11:54:02Z,0.0
SP4 6JZ,SEPD,"PSI,LV",2,"252357,TS9736",44,2026-07-30T06:12:17Z,2026-08-03T11:54:02Z,0.0
SP4 6LS,SEPD,"PSI,LV",2,"252357,TS9736",44,2026-07-30T06:12:17Z,2026-08-03T11:54:02Z,0.0
UM5,SHEPD,HV,2,"TT2878,TT3885",83,2026-07-31T23:33:21Z,2026-08-01T16:07:57Z,0.0
AB15 8QS,SHEPD,HV,1,TT3403,993,2026-08-01T09:27:45Z,2026-08-01T09:27:45Z,0.0
AB15 8QT,SHEPD,HV,1,TT3403,993,2026-08-01T09:27:45Z,2026-08-01T09:27:45Z,0.0
AB15 8RB,SHEPD,HV,1,TT3403,993,2026-08-01T09:27:45Z,2026-08-01T09:27:45Z,0.0
AB21 0HW,SHEPD,PSI,1,253457,33,2026-08-03T11:54:02Z,2026-08-03T11:54:02Z,0.0
AB21 7AL,SHEPD,PSI,1,253457,33,2026-08-03T11:54:02Z,2026-08-03T11:54:02Z,0.0
AB21 7AN,SHEPD,PSI,1,253457,33,2026-08-03T11:54:02Z,2026-08-03T11:54:02Z,0.0
AB21 7AR,SHEPD,PSI,1,253457,33,2026-08-03T11:54:02Z,2026-08-03T11:54:02Z,0.0
AB22 8AR,SHEPD,PSI,1,253457,33,2026-08-03T11:54:02Z,2026-08-03T11:54:02Z,0.0
AB22 8AS,SHEPD,PSI,1,253457,33,2026-08-03T11:54:02Z,2026-08-03T11:54:02Z,0.0
AB32,SHEPD,HV,1,TT3403,993,2026-08-01T09:27:45Z,2026-08-01T09:27:45Z,0.0
AB32 6FA,SHEPD,HV,1,TT3403,993,2026-08-01T09:27:45Z,2026-08-01T09:27:45Z,0.0
AB32 6FB,SHEPD,HV,1,TT3403,993,2026-08-01T09:27:45Z,2026-08-01T09:27:45Z,0.0
AB32 6FF,SHEPD,HV,1,TT3403,993,2026-08-01T09:27:45Z,2026-08-01T09:27:45Z,0.0
AB32 6FG,SHEPD,HV,1,TT3403,993,2026-08-01T09:27:45Z,2026-08-01T09:27:45Z,0.0
AB32 6FN,SHEPD,HV,1,TT3403,993,2026-08-01T09:27:45Z,2026-08-01T09:27:45Z,0.0
AB32 6HA,SHEPD,HV,1,TT3403,993,2026-08-01T09:27:45Z,2026-08-01T09:27:45Z,0.0
AB32 6HB,SHEPD,HV,1,TT3403,993,2026-08-01T09:27:45Z,2026-08-01T09:27:45Z,0.0
AB32 6HD,SHEPD,HV,1,TT3403,993,2026-08-01T09:27:45Z,2026-08-01T09:27:45Z,0.0
AB32 6LH,SHEPD,HV,1,TT3403,993,2026-08-01T09:27:45Z,2026-08-01T09:27:45Z,0.0
AB32 6LL,SHEPD,HV,1,TT3403,993,2026-08-01T09:27:45Z,2026-08-01T09:27:45Z,0.0
AB32 6LN,SHEPD,HV,1,TT3403,993,2026-08-01T09:27:45Z,2026-08-01T09:27:45Z,0.0
AB32 6LP,SHEPD,HV,1,TT3403,993,2026-08-01T09:27:45Z,2026-08-01T09:27:45Z,0.0
AB32 6LQ,SHEPD,HV,1,TT3403,993,2026-08-01T09:27:45Z,2026-08-01T09:27:45Z,0.0
AB32 6NX,SHEPD,HV,1,TT3403,993,2026-08-01T09:27:45Z,2026-08-01T09:27:45Z,0.0
AB32 6NY,SHEPD,HV,1,TT3403,993,2026-08-01T09:27:45Z,2026-08-01T09:27:45Z,0.0
AB32 6NZ,SHEPD,HV,1,TT3403,993,2026-08-01T09:27:45Z,2026-08-01T09:27:45Z,0.0
AB32 6QA,SHEPD,HV,1,TT3403,993,2026-08-01T09:27:45Z,2026-08-01T09:27:45Z,0.0
AB32 6QB,SHEPD,HV,1,TT3403,993,2026-08-01T09:27:45Z,2026-08-01T09:27:45Z,0.0
AB32 6QD,SHEPD,HV,1,TT3403,993,2026-08-01T09:27:45Z,2026-08-01T09:27:45Z,0.0
AB32 6QE,SHEPD,HV,1,TT3403,993,2026-08-01T09:27:45Z,2026-08-01T09:27:45Z,0.0
AB32 6QF,SHEPD,HV,1,TT3403,993,2026-08-01T09:27:45Z,2026-08-01T09:27:45Z,0.0
AB32 6QY,SHEPD,HV,1,TT3403,993,2026-08-01T09:27:45Z,2026-08-01T09:27:45Z,0.0
AB32 6QZ,SHEPD,HV,1,TT3403,993,2026-08-01T09:27:45Z,2026-08-01T09:27:45Z,0.0
AB32 6RA,SHEPD,HV,1,TT3403,993,2026-08-01T09:27:45Z,2026-08-01T09:27:45Z,0.0
AB32 6RB,SHEPD,HV,1,TT3403,993,2026-08-01T09:27:45Z,2026-08-01T09:27:45Z,0.0
AB32 6RG,SHEPD,HV,1,TT3403,993,2026-08-01T09:27:45Z,2026-08-01T09:27:45Z,0.0
AB32 6RL,SHEPD,HV,1,TT3403,993,2026-08-01T09:27:45Z,2026-08-01T09:27:45Z,0.0
AB32 6SF,SHEPD,HV,1,TT3403,993,2026-08-01T09:27:45Z,2026-08-01T09:27:45Z,0.0
AB32 6SG,SHEPD,HV,1,TT3403,993,2026-08-01T09:27:45Z,2026-08-01T09:27:45Z,0.0
AB32 6SU,SHEPD,HV,1,TT3403,993,2026-08-01T09:27:45Z,2026-08-01T09:27:45Z,0.0
AB32 6SW,SHEPD,HV,1,TT3403,993,2026-08-01T09:27:45Z,2026-08-01T09:27:45Z,0.0
AB32 6SZ,SHEPD,HV,1,TT3403,993,2026-08-01T09:27:45Z,2026-08-01T09:27:45Z,0.0
AB32 6TE,SHEPD,HV,1,TT3403,993,2026-08-01T09:27:45Z,2026-08-01T09:27:45Z,0.0
AB32 6TF,SHEPD,HV,1,TT3403,993,2026-08-01T09:27:45Z,2026-08-01T09:27:45Z,0.0
AB32 6TG,SHEPD,HV,1,TT3403,993,2026-08-01T09:27:45Z,2026-08-01T09:27:45Z,0.0
AB32 6TH,SHEPD,HV,1,TT3403,993,2026-08-01T09:27:45Z,2026-08-01T09:27:45Z,0.0
AB32 6TJ,SHEPD,HV,1,TT3403,993,2026-08-01T09:27:45Z,2026-08-01T09:27:45Z,0.0
AB32 6TP,SHEPD,HV,1,TT3403,993,2026-08-01T09:27:45Z,2026-08-01T09:27:45Z,0.0
AB32 6TX,SHEPD,HV,1,TT3403,993,2026-08-01T09:27:45Z,2026-08-01T09:27:45Z,0.0
AB32 6UF,SHEPD,HV,1,TT3403,993,2026-08-01T09:27:45Z,2026-08-01T09:27:45Z,0.0
AB32 6UY,SHEPD,HV,1,TT3403,993,2026-08-01T09:27:45Z,2026-08-01T09:27:45Z,0.0
AB32 6WP,SHEPD,HV,1,TT3403,993,2026-08-01T09:27:45Z,2026-08-01T09:27:45Z,0.0
AB32 6WQ,SHEPD,HV,1,TT3403,993,2026-08-01T09:27:45Z,2026-08-01T09:27:45Z,0.0
AB32 6WR,SHEPD,HV,1,TT3403,993,2026-08-01T09:27:45Z,2026-08-01T09:27:45Z,0.0
AB32 6WS,SHEPD,HV,1,TT3403,993,2026-08-01T09:27:45Z,2026-08-01T09:27:45Z,0.0
AB32 6WT,SHEPD,HV,1,TT3403,993,2026-08-01T09:27:45Z,2026-08-01T09:27:45Z,0.0
AB32 6WU,SHEPD,HV,1,TT3403,993,2026-08-01T09:27:45Z,2026-08-01T09:27:45Z,0.0
AB32 6WW,SHEPD,HV,1,TT3403,993,2026-08-01T09:27:45Z,2026-08-01T09:27:45Z,0.0
AB32 6WX,SHEPD,HV,1,TT3403,993,2026-08-01T09:27:45Z,2026-08-01T09:27:45Z,0.0
AB32 6XF,SHEPD,HV,1,TT3403,993,2026-08-01T09:27:45Z,2026-08-01T09:27:45Z,0.0
AB32 6XG,SHEPD,HV,1,TT3403,993,2026-08-01T09:27:45Z,2026-08-01T09:27:45Z,0.0
AB32 6XW,SHEPD,HV,1,TT3403,993,2026-08-01T09:27:45Z,2026-08-01T09:27:45Z,0.0
AB32 6XZ,SHEPD,HV,1,TT3403,993,2026-08-01T09:27:45Z,2026-08-01T09:27:45Z,0.0
AB32 6YH,SHEPD,HV,1,TT3403,993,2026-08-01T09:27:45Z,2026-08-01T09:27:45Z,0.0
AB32 6YX,SHEPD,HV,1,TT3403,993,2026-08-01T09:27:45Z,2026-08-01T09:27:45Z,0.0
AB32 6ZA,SHEPD,HV,1,TT3403,993,2026-08-01T09:27:45Z,2026-08-01T09:27:45Z,0.0
AB32 7EB,SHEPD,HV,1,TT2878,62,2026-07-31T23:33:21Z,2026-07-31T23:33:21Z,0.0
AB37 9AX,SHEPD,LV,1,TT4585,2,2026-08-02T13:56:57Z,2026-08-02T13:56:57Z,0.0
AB39 3XD,SHEPD,HV,1,TT2626,7,2026-07-31T18:13:10Z,2026-07-31T18:13:10Z,0.0
AB41 8HB,SHEPD,PSI,1,253481,10,2026-07-31T10:17:29Z,2026-07-31T10:17:29Z,0.0
AB41 8HD,SHEPD,PSI,1,253481,10,2026-07-31T10:17:29Z,2026-07-31T10:17:29Z,0.0
AB41 8PD,SHEPD,HV,1,TT4880,108,2026-08-02T19:39:55Z,2026-08-02T19:39:55Z,0.0
AB41 8QH,SHEPD,HV,1,TT4880,108,2026-08-02T19:39:55Z,2026-08-02T19:39:55Z,0.0
AB41 8QY,SHEPD,HV,1,TT4880,108,2026-08-02T19:39:55Z,2026-08-02T19:39:55Z,0.0
AB41 8RB,SHEPD,PSI,1,253481,10,2026-07-31T10:17:29Z,2026-07-31T10:17:29Z,0.0
AB41 8RT,SHEPD,HV,1,TS6676,30,2026-07-28T09:59:59Z,2026-07-28T09:59:59Z,0.0
AB41 8UN,SHEPD,HV,1,TT4880,108,2026-08-02T19:39:55Z,2026-08-02T19:39:55Z,0.0
AB41 9HA,SHEPD,PSI,1,253481,10,2026-07-31T10:17:29Z,2026-07-31T10:17:29Z,0.0
AB42 0PR,SHEPD,HV,1,TT3873,3,2026-08-01T16:07:57Z,2026-08-01T16:07:57Z,0.0
AB42 4NE,SHEPD,PSI,1,252377,10,2026-07-30T15:18:57Z,2026-07-30T15:18:57Z,0.0
AB42 4NY,SHEPD,HV,1,TT4880,108,2026-08-02T19:39:55Z,2026-08-02T19:39:55Z,0.0
AB42 4NZ,SHEPD,HV,1,TS6676,30,2026-07-28T09:59:59Z,2026-07-28T09:59:59Z,0.0
AB42 4PE,SHEPD,PSI,1,252377,10,2026-07-30T15:18:57Z,2026-07-30T15:18:57Z,0.0
AB42 4PY,SHEPD,PSI,1,252377,10,2026-07-30T15:18:57Z,2026-07-30T15:18:57Z,0.0
AB42 4QE,SHEPD,HV,1,TT4880,108,2026-08-02T19:39:55Z,2026-08-02T19:39:55Z,0.0
AB42 4QF,SHEPD,HV,1,TT4880,108,2026-08-02T19:39:55Z,2026-08-02T19:39:55Z,0.0
AB42 4QG,SHEPD,HV,1,TT4880,108,2026-08-02T19:39:55Z,2026-08-02T19:39:55Z,0.0
AB42 4QH,SHEPD,HV,1,TT4880,108,2026-08-02T19:39:55Z,2026-08-02T19:39:55Z,0.0
AB42 4QP,SHEPD,HV,1,TT4880,108,2026-08-02T19:39:55Z,2026-08-02T19:39:55Z,0.0
AB42 4QR,SHEPD,HV,1,TT4880,108,2026-08-02T19:39:55Z,2026-08-02T19:39:55Z,0.0
AB42 4QS,SHEPD,HV,1,TT4880,108,2026-08-02T19:39:55Z,2026-08-02T19:39:55Z,0.0
AB42 4QW,SHEPD,HV,1,TT4880,108,2026-08-02T19:39:55Z,2026-08-02T19:39:55Z,0.0
AB42 4QY,SHEPD,HV,1,TT4880,108,2026-08-02T19:39:55Z,2026-08-02T19:39:55Z,0.0
AB42 4RA,SHEPD,HV,1,TT4880,108,2026-08-02T19:39:55Z,2026-08-02T19:39:55Z,0.0
AB42 4RB,SHEPD,HV,1,TT4880,108,2026-08-02T19:39:55Z,2026-08-02T19:39:55Z,0.0
AB42 4RN,SHEPD,PSI,1,252377,10,2026-07-30T15:18:57Z,2026-07-30T15:18:57Z,0.0
AB42 5LY,SHEPD,HV,1,TT4880,108,2026-08-02T19:39:55Z,2026-08-02T19:39:55Z,0.0
AB42 5PB,SHEPD,HV,1,TT4880,108,2026-08-02T19:39:55Z,2026-08-02T19:39:55Z,0.0
AB42 5PD,SHEPD,HV,1,TT4880,108,2026-08-02T19:39:55Z,2026-08-02T19:39:55Z,0.0
AB42 5RG,SHEPD,HV,1,TS6676,30,2026-07-28T09:59:59Z,2026-07-28T09:59:59Z,0.0
AB42 5RH,SHEPD,HV,1,TS6676,30,2026-07-28T09:59:59Z,2026-07-28T09:59:59Z,0.0
AB42 5RR,SHEPD,HV,1,TS6676,30,2026-07-28T09:59:59Z,2026-07-28T09:59:59Z,0.0
AB42 5RS,SHEPD,HV,1,TS6676,30,2026-07-28T09:59:59Z,2026-07-28T09:59:59Z,0.0
AB42 5RT,SHEPD,HV,1,TS6676,30,2026-07-28T09:59:59Z,2026-07-28T09:59:59Z,0.0
AB42 5RW,SHEPD,HV,1,TS6676,30,2026-07-28T09:59:59Z,2026-07-28T09:59:59Z,0.0
AB42 5RY,SHEPD,HV,1,TS6676,30,2026-07-28T09:59:59Z,2026-07-28T09:59:59Z,0.0
AB42 5RZ,SHEPD,HV,1,TS6676,30,2026-07-28T09:59:59Z,2026-07-28T09:59:59Z,0.0
AB42 5SE,SHEPD,HV,1,TS6676,30,2026-07-28T09:59:59Z,2026-07-28T09:59:59Z,0.0
AB42 5SF,SHEPD,HV,1,TS6676,30,2026-07-28T09:59:59Z,2026-07-28T09:59:59Z,0.0
AB43 6RE,SHEPD,HV,1,TT4880,108,2026-08-02T19:39:55Z,2026-08-02T19:39:55Z,0.0
AB43 6TB,SHEPD,HV,1,TT4880,108,2026-08-02T19:39:55Z,2026-08-02T19:39:55Z,0.0
AB43 6TD,SHEPD,HV,1,TT4880,108,2026-08-02T19:39:55Z,2026-08-02T19:39:55Z,0.0
AB43 6TJ,SHEPD,HV,1,TT4880,108,2026-08-02T19:39:55Z,2026-08-02T19:39:55Z,0.0
AB43 6TN,SHEPD,HV,1,TT4880,108,2026-08-02T19:39:55Z,2026-08-02T19:39:55Z,0.0
AB43 6TP,SHEPD,HV,1,TT4880,108,2026-08-02T19:39:55Z,2026-08-02T19:39:55Z,0.0
AB43 8RP,SHEPD,PSI,1,252927,31,2026-07-31T10:17:29Z,2026-07-31T10:17:29Z,0.0
AB43 8RS,SHEPD,PSI,1,252927,31,2026-07-31T10:17:29Z,2026-07-31T10:17:29Z,0.0
AB43 8RT,SHEPD,PSI,1,252927,31,2026-07-31T10:17:29Z,2026-07-31T10:17:29Z,0.0
AB43 8RU,SHEPD,PSI,1,252927,31,2026-07-31T10:17:29Z,2026-07-31T10:17:29Z,0.0
AB43 8RY,SHEPD,PSI,1,252927,31,2026-07-31T10:17:29Z,2026-07-31T10:17:29Z,0.0
AB43 8SQ,SHEPD,PSI,1,252927,31,2026-07-31T10:17:29Z,2026-07-31T10:17:29Z,0.0
AB43 8XE,SHEPD,PSI,1,252927,31,2026-07-31T10:17:29Z,2026-07-31T10:17:29Z,0.0
AB51 0XA,SHEPD,HV,1,TS6352,258,2026-07-28T04:28:16Z,2026-07-28T04:28:16Z,0.0
AB51 0XB,SHEPD,HV,1,TS6352,258,2026-07-28T04:28:16Z,2026-07-28T04:28:16Z,0.0
AB51 0XJ,SHEPD,HV,1,TS6352,258,2026-07-28T04:28:16Z,2026-07-28T04:28:16Z,0.0
AB51 0XL,SHEPD,HV,1,TS6352,258,2026-07-28T04:28:16Z,2026-07-28T04:28:16Z,0.0
AB51 0XQ,SHEPD,HV,1,TS6352,258,2026-07-28T04:28:16Z,2026-07-28T04:28:16Z,0.0
AB51 0XR,SHEPD,HV,1,TS6352,258,2026-07-28T04:28:16Z,2026-07-28T04:28:16Z,0.0
AB51 0XY,SHEPD,HV,1,TS6352,258,2026-07-28T04:28:16Z,2026-07-28T04:28:16Z,0.0
AB51 0XZ,SHEPD,HV,1,TS6352,258,2026-07-28T04:28:16Z,2026-07-28T04:28:16Z,0.0
AB51 5JY,SHEPD,PSI,1,253441,19,2026-07-30T15:18:57Z,2026-07-30T15:18:57Z,0.0
AB51 5LN,SHEPD,HV,1,TT2878,62,2026-07-31T23:33:21Z,2026-07-31T23:33:21Z,0.0
AB51 5LY,SHEPD,PSI,1,253441,19,2026-07-30T15:18:57Z,2026-07-30T15:18:57Z,0.0
AB51 7EX,SHEPD,HV,1,TT2878,62,2026-07-31T23:33:21Z,2026-07-31T23:33:21Z,0.0
AB51 7JQ,SHEPD,HV,1,TT2878,62,2026-07-31T23:33:21Z,2026-07-31T23:33:21Z,0.0
AB51 7JR,SHEPD,HV,1,TT2878,62,2026-07-31T23:33:21Z,2026-07-31T23:33:21Z,0.0
AB51 7JT,SHEPD,HV,1,TT2878,62,2026-07-31T23:33:21Z,2026-07-31T23:33:21Z,0.0
AB51 7JX,SHEPD,HV,1,TT2878,62,2026-07-31T23:33:21Z,2026-07-31T23:33:21Z,0.0
AB51 7JY,SHEPD,HV,1,TT2878,62,2026-07-31T23:33:21Z,2026-07-31T23:33:21Z,0.0
AB51 7LA,SHEPD,HV,1,TT2878,62,2026-07-31T23:33:21Z,2026-07-31T23:33:21Z,0.0
AB51 7LB,SHEPD,HV,1,TT2878,62,2026-07-31T23:33:21Z,2026-07-31T23:33:21Z,0.0
AB51 7RR,SHEPD,HV,1,TT2878,62,2026-07-31T23:33:21Z,2026-07-31T23:33:21Z,0.0
AB53 6QB,SHEPD,PSI,1,252378,4,2026-07-31T10:17:29Z,2026-07-31T10:17:29Z,0.0
AB53 6TU,SHEPD,HV,1,TT4880,108,2026-08-02T19:39:55Z,2026-08-02T19:39:55Z,0.0
AB53 6UL,SHEPD,HV,1,TT4880,108,2026-08-02T19:39:55Z,2026-08-02T19:39:55Z,0.0
AB53 6UN,SHEPD,HV,1,TT4880,108,2026-08-02T19:39:55Z,2026-08-02T19:39:55Z,0.0
AB53 6UP,SHEPD,HV,1,TT4880,108,2026-08-02T19:39:55Z,2026-08-02T19:39:55Z,0.0
AB53 6UQ,SHEPD,HV,1,TT4880,108,2026-08-02T19:39:55Z,2026-08-02T19:39:55Z,0.0
AB53 6YX,SHEPD,PSI,1,252366,2,2026-07-29T10:05:32Z,2026-07-29T10:05:32Z,0.0
AB56 1DH,SHEPD,LV,1,TT2137,9,2026-07-31T12:22:49Z,2026-07-31T12:22:49Z,0.0
BA11 2NB,SEPD,PSI,1,252919,60,2026-08-03T11:54:02Z,2026-08-03T11:54:02Z,0.0
BA11 2ND,SEPD,PSI,1,252919,60,2026-08-03T11:54:02Z,2026-08-03T11:54:02Z,0.0
BA11 2NF,SEPD,PSI,1,252919,60,2026-08-03T11:54:02Z,2026-08-03T11:54:02Z,0.0
BA11 2NG,SEPD,PSI,1,252919,60,2026-08-03T11:54:02Z,2026-08-03T11:54:02Z,0.0
BA11 2NH,SEPD,PSI,1,252919,60,2026-08-03T11:54:02Z,2026-08-03T11:54:02Z,0.0
BA11 2NL,SEPD,PSI,1,252919,60,2026-08-03T11:54:02Z,2026-08-03T11:54:02Z,0.0
BA11 2NN,SEPD,PSI,1,252919,60,2026-08-03T11:54:02Z,2026-08-03T11:54:02Z,0.0
BA11 2NP,SEPD,PSI,1,252919,60,2026-08-03T11:54:02Z,2026-08-03T11:54:02Z,0.0
BA11 2NR,SEPD,PSI,1,252919,60,2026-08-03T11:54:02Z,2026-08-03T11:54:02Z,0.0
BA12 0NT,SEPD,PSI,1,253657,4,2026-07-28T09:59:59Z,2026-07-28T09:59:59Z,0.0
BA13 3UA,SEPD,LV,1,TS6166,8,2026-07-27T20:11:16Z,2026-07-27T20:11:16Z,0.0
BA22 9RJ,SEPD,PSI,1,253733,201,2026-07-31T10:17:29Z,2026-07-31T10:17:29Z,0.0
BA22 9RL,SEPD,PSI,1,253733,201,2026-07-31T10:17:29Z,2026-07-31T10:17:29Z,0.0
BA22 9RR,SEPD,PSI,1,253733,201,2026-07-31T10:17:29Z,2026-07-31T10:17:29Z,0.0
BA22 9RS,SEPD,PSI,1,253733,201,2026-07-31T10:17:29Z,2026-07-31T10:17:29Z,0.0
BA22 9RT,SEPD,PSI,1,253733,201,2026-07-31T10:17:29Z,2026-07-31T10:17:29Z,0.0
BA22 9RU,SEPD,PSI,1,253733,201,2026-07-31T10:17:29Z,2026-07-31T10:17:29Z,0.0
BA22 9RX,SEPD,PSI,1,253733,201,2026-07-31T10:17:29Z,2026-07-31T10:17:29Z,0.0
BA22 9RY,SEPD,PSI,1,253733,201,2026-07-31T10:17:29Z,2026-07-31T10:17:29Z,0.0
BA22 9RZ,SEPD,PSI,1,253733,201,2026-07-31T10:17:29Z,2026-07-31T10:17:29Z,0.0
BA22 9SA,SEPD,PSI,1,253733,201,2026-07-31T10:17:29Z,2026-07-31T10:17:29Z,0.0
BA22 9SB,SEPD,PSI,1,253733,201,2026-07-31T10:17:29Z,2026-07-31T10:17:29Z,0.0
BA22 9SD,SEPD,PSI,1,253733,201,2026-07-31T10:17:29Z,2026-07-31T10:17:29Z,0.0
BA22 9SE,SEPD,PSI,1,253733,201,2026-07-31T10:17:29Z,2026-07-31T10:17:29Z,0.0
BA22 9SF,SEPD,PSI,1,253733,201,2026-07-31T10:17:29Z,2026-07-31T10:17:29Z,0.0
BA22 9SG,SEPD,PSI,1,253733,201,2026-07-31T10:17:29Z,2026-07-31T10:17:29Z,0.0
BA22 9SH,SEPD,PSI,1,253733,201,2026-07-31T10:17:29Z,2026-07-31T10:17:29Z,0.0
BA22 9SJ,SEPD,PSI,1,253733,201,2026-07-31T10:17:29Z,2026-07-31T10:17:29Z,0.0
BA22 9SL,SEPD,PSI,1,253733,201,2026-07-31T10:17:29Z,2026-07-31T10:17:29Z,0.0
BA22 9SN,SEPD,PSI,1,253733,201,2026-07-31T10:17:29Z,2026-07-31T10:17:29Z,0.0
BA22 9SQ,SEPD,PSI,1,253733,201,2026-07-31T10:17:29Z,2026-07-31T10:17:29Z,0.0
BA22 9SR,SEPD,PSI,1,253733,201,2026-07-31T10:17:29Z,2026-07-31T10:17:29Z,0.0
BA8 0BT,SEPD,HV,1,TT0663,125,2026-07-30T12:59:00Z,2026-07-30T12:59:00Z,0.0
BA8 0DD,SEPD,HV,1,TT0663,125,2026-07-30T12:59:00Z,2026-07-30T12:59:00Z,0.0
BA8 0DE,SEPD,HV,1,TT0663,125,2026-07-30T12:59:00Z,2026-07-30T12:59:00Z,0.0
BA8 0DF,SEPD,HV,1,TT0663,125,2026-07-30T12:59:00Z,2026-07-30T12:59:00Z,0.0
BA8 0DJ,SEPD,HV,1,TT0663,125,2026-07-30T12:59:00Z,2026-07-30T12:59:00Z,0.0
BA8 0DL,SEPD,HV,1,TT0663,125,2026-07-30T12:59:00Z,2026-07-30T12:59:00Z,0.0
BA8 0DP,SEPD,HV,1,TT0663,125,2026-07-30T12:59:00Z,2026-07-30T12:59:00Z,0.0
BA8 0DQ,SEPD,HV,1,TT0663,125,2026-07-30T12:59:00Z,2026-07-30T12:59:00Z,0.0
BA8 0DS,SEPD,HV,1,TT0663,125,2026-07-30T12:59:00Z,2026-07-30T12:59:00Z,0.0
BA8 0EA,SEPD,HV,1,TT0663,125,2026-07-30T12:59:00Z,2026-07-30T12:59:00Z,0.0
BA8 0EB,SEPD,HV,1,TT0663,125,2026-07-30T12:59:00Z,2026-07-30T12:59:00Z,0.0
BA8 0ED,SEPD,HV,1,TT0663,125,2026-07-30T12:59:00Z,2026-07-30T12:59:00Z,0.0
BA8 0EE,SEPD,HV,1,TT0663,125,2026-07-30T12:59:00Z,2026-07-30T12:59:00Z,0.0
BA8 0EF,SEPD,HV,1,TT0663,125,2026-07-30T12:59:00Z,2026-07-30T12:59:00Z,0.0
BA8 0EG,SEPD,HV,1,TT0663,125,2026-07-30T12:59:00Z,2026-07-30T12:59:00Z,0.0
BA8 0EH,SEPD,HV,1,TT0663,125,2026-07-30T12:59:00Z,2026-07-30T12:59:00Z,0.0
BA8 0EJ,SEPD,HV,1,TT0663,125,2026-07-30T12:59:00Z,2026-07-30T12:59:00Z,0.0
BA8 0EL,SEPD,HV,1,TT0663,125,2026-07-30T12:59:00Z,2026-07-30T12:59:00Z,0.0
BA8 0EN,SEPD,HV,1,TT0663,125,2026-07-30T12:59:00Z,2026-07-30T12:59:00Z,0.0
BA8 0EQ,SEPD,HV,1,TT0663,125,2026-07-30T12:59:00Z,2026-07-30T12:59:00Z,0.0
BA8 0ET,SEPD,HV,1,TT0663,125,2026-07-30T12:59:00Z,2026-07-30T12:59:00Z,0.0
BA8 0EU,SEPD,HV,1,TT0663,125,2026-07-30T12:59:00Z,2026-07-30T12:59:00Z,0.0
BA8 0EW,SEPD,HV,1,TT0663,125,2026-07-30T12:59:00Z,2026-07-30T12:59:00Z,0.0
BA8 0HA,SEPD,HV,1,TT0663,125,2026-07-30T12:59:00Z,2026-07-30T12:59:00Z,0.0
BA8 0HB,SEPD,HV,1,TT0663,125,2026-07-30T12:59:00Z,2026-07-30T12:59:00Z,0.0
BA8 0HD,SEPD,HV,1,TT0663,125,2026-07-30T12:59:00Z,2026-07-30T12:59:00Z,0.0
BA8 0HE,SEPD,HV,1,TT0663,125,2026-07-30T12:59:00Z,2026-07-30T12:59:00Z,0.0
BA8 0HF,SEPD,HV,1,TT0663,125,2026-07-30T12:59:00Z,2026-07-30T12:59:00Z,0.0
BA8 0HG,SEPD,HV,1,TT0663,125,2026-07-30T12:59:00Z,2026-07-30T12:59:00Z,0.0
BA8 0HJ,SEPD,HV,1,TT0663,125,2026-07-30T12:59:00Z,2026-07-30T12:59:00Z,0.0
BA8 0HN,SEPD,HV,1,TT0663,125,2026-07-30T12:59:00Z,2026-07-30T12:59:00Z,0.0
BA8 0HQ,SEPD,HV,1,TT0663,125,2026-07-30T12:59:00Z,2026-07-30T12:59:00Z,0.0
BA8 0HR,SEPD,HV,1,TT0663,125,2026-07-30T12:59:00Z,2026-07-30T12:59:00Z,0.0
BH15 2EZ,SEPD,HV,1,TT5034,1567,2026-08-03T01:15:49Z,2026-08-03T01:15:49Z,0.0
BH15 3DJ,SEPD,HV,1,TT5034,1567,2026-08-03T01:15:49Z,2026-08-03T01:15:49Z,0.0
BH15 3EJ,SEPD,HV,1,TT5034,1567,2026-08-03T01:15:49Z,2026-08-03T01:15:49Z,0.0
BH15 3EN,SEPD,HV,1,TT5034,1567,2026-08-03T01:15:49Z,2026-08-03T01:15:49Z,0.0
BH15 3EP,SEPD,HV,1,TT5034,1567,2026-08-03T01:15:49Z,2026-08-03T01:15:49Z,0.0
BH15 3ES,SEPD,HV,1,TT5034,1567,2026-08-03T01:15:49Z,2026-08-03T01:15:49Z,0.0
BH15 3ET,SEPD,HV,1,TT5034,1567,2026-08-03T01:15:49Z,2026-08-03T01:15:49Z,0.0
BH15 3EU,SEPD,HV,1,TT5034,1567,2026-08-03T01:15:49Z,2026-08-03T01:15:49Z,0.0
BH15 3FA,SEPD,HV,1,TT5034,1567,2026-08-03T01:15:49Z,2026-08-03T01:15:49Z,0.0
BH15 3FH,SEPD,HV,1,TT5034,1567,2026-08-03T01:15:49Z,2026-08-03T01:15:49Z,0.0
BH15 3HS,SEPD,HV,1,TT5034,1567,2026-08-03T01:15:49Z,2026-08-03T01:15:49Z,0.0
BH15 3HT,SEPD,HV,1,TT5034,1567,2026-08-03T01:15:49Z,2026-08-03T01:15:49Z,0.0
BH15 3HU,SEPD,HV,1,TT5034,1567,2026-08-03T01:15:49Z,2026-08-03T01:15:49Z,0.0
BH15 3HX,SEPD,HV,1,TT5034,1567,2026-08-03T01:15:49Z,2026-08-03T01:15:49Z,0.0
BH15 3HY,SEPD,HV,1,TT5034,1567,2026-08-03T01:15:49Z,2026-08-03T01:15:49Z,0.0
BH15 3HZ,SEPD,HV,1,TT5034,1567,2026-08-03T01:15:49Z,2026-08-03T01:15:49Z,0.0
BH15 3JA,SEPD,HV,1,TT5034,1567,2026-08-03T01:15:49Z,2026-08-03T01:15:49Z,0.0
BH15 3JB,SEPD,HV,1,TT5034,1567,2026-08-03T01:15:49Z,2026-08-03T01:15:49Z,0.0
BH15 3JD,SEPD,HV,1,TT5034,1567,2026-08-03T01:15:49Z,2026-08-03T01:15:49Z,0.0
BH15 3JE,SEPD,HV,1,TT5034,1567,2026-08-03T01:15:49Z,2026-08-03T01:15:49Z,0.0
BH15 3JF,SEPD,HV,1,TT5034,1567,2026-08-03T01:15:49Z,2026-08-03T01:15:49Z,0.0
BH15 3JG,SEPD,HV,1,TT5034,1567,2026-08-03T01:15:49Z,2026-08-03T01:15:49Z,0.0
BH15 3JH,SEPD,HV,1,TT5034,1567,2026-08-03T01:15:49Z,2026-08-03T01:15:49Z,0.0
BH15 3JJ,SEPD,HV,1,TT5034,1567,2026-08-03T01:15:49Z,2026-08-03T01:15:49Z,0.0
BH15 3JL,SEPD,HV,1,TT5034,1567,2026-08-03T01:15:49Z,2026-08-03T01:15:49Z,0.0
BH15 3JQ,SEPD,HV,1,TT5034,1567,2026-08-03T01:15:49Z,2026-08-03T01:15:49Z,0.0
BH15 3JS,SEPD,HV,1,TT5034,1567,2026-08-03T01:15:49Z,2026-08-03T01:15:49Z,0.0
BH15 3LA,SEPD,HV,1,TT5034,1567,2026-08-03T01:15:49Z,2026-08-03T01:15:49Z,0.0
BH15 3LB,SEPD,HV,1,TT5034,1567,2026-08-03T01:15:49Z,2026-08-03T01:15:49Z,0.0
BH15 3LD,SEPD,HV,1,TT5034,1567,2026-08-03T01:15:49Z,2026-08-03T01:15:49Z,0.0
BH15 3LE,SEPD,HV,1,TT5034,1567,2026-08-03T01:15:49Z,2026-08-03T01:15:49Z,0.0
BH15 3LF,SEPD,HV,1,TT5034,1567,2026-08-03T01:15:49Z,2026-08-03T01:15:49Z,0.0
BH15 3LG,SEPD,HV,1,TT5034,1567,2026-08-03T01:15:49Z,2026-08-03T01:15:49Z,0.0
BH15 3LH,SEPD,HV,1,TT5034,1567,2026-08-03T01:15:49Z,2026-08-03T01:15:49Z,0.0
BH15 3LJ,SEPD,HV,1,TT5034,1567,2026-08-03T01:15:49Z,2026-08-03T01:15:49Z,0.0
BH15 3LL,SEPD,HV,1,TT5034,1567,2026-08-03T01:15:49Z,2026-08-03T01:15:49Z,0.0
BH15 3LN,SEPD,HV,1,TT5034,1567,2026-08-03T01:15:49Z,2026-08-03T01:15:49Z,0.0
BH15 3LP,SEPD,HV,1,TT5034,1567,2026-08-03T01:15:49Z,2026-08-03T01:15:49Z,0.0
BH15 3LQ,SEPD,HV,1,TT5034,1567,2026-08-03T01:15:49Z,2026-08-03T01:15:49Z,0.0
BH15 3LR,SEPD,HV,1,TT5034,1567,2026-08-03T01:15:49Z,2026-08-03T01:15:49Z,0.0
BH15 3LS,SEPD,HV,1,TT5034,1567,2026-08-03T01:15:49Z,2026-08-03T01:15:49Z,0.0
BH15 3LT,SEPD,HV,1,TT5034,1567,2026-08-03T01:15:49Z,2026-08-03T01:15:49Z,0.0
BH15 3LU,SEPD,HV,1,TT5034,1567,2026-08-03T01:15:49Z,2026-08-03T01:15:49Z,0.0
BH15 3LW,SEPD,HV,1,TT5034,1567,2026-08-03T01:15:49Z,2026-08-03T01:15:49Z,0.0
BH15 3LX,SEPD,HV,1,TT5034,1567,2026-08-03T01:15:49Z,2026-08-03T01:15:49Z,0.0
BH15 3LY,SEPD,HV,1,TT5034,1567,2026-08-03T01:15:49Z,2026-08-03T01:15:49Z,0.0
BH15 3NH,SEPD,HV,1,TT5034,1567,2026-08-03T01:15:49Z,2026-08-03T01:15:49Z,0.0
BH15 3PR,SEPD,HV,1,TT5034,1567,2026-08-03T01:15:49Z,2026-08-03T01:15:49Z,0.0
BH15 3PS,SEPD,HV,1,TT5034,1567,2026-08-03T01:15:49Z,2026-08-03T01:15:49Z,0.0
BH15 3PT,SEPD,HV,1,TT5034,1567,2026-08-03T01:15:49Z,2026-08-03T01:15:49Z,0.0
BH15 3PU,SEPD,HV,1,TT5034,1567,2026-08-03T01:15:49Z,2026-08-03T01:15:49Z,0.0
BH15 3PZ,SEPD,HV,1,TT5034,1567,2026-08-03T01:15:49Z,2026-08-03T01:15:49Z,0.0
BH15 3QY,SEPD,HV,1,TT5034,1567,2026-08-03T01:15:49Z,2026-08-03T01:15:49Z,0.0
BH15 3QZ,SEPD,HV,1,TT5034,1567,2026-08-03T01:15:49Z,2026-08-03T01:15:49Z,0.0
BH15 3RA,SEPD,HV,1,TT5034,1567,2026-08-03T01:15:49Z,2026-08-03T01:15:49Z,0.0
BH15 3RB,SEPD,HV,1,TT5034,1567,2026-08-03T01:15:49Z,2026-08-03T01:15:49Z,0.0
BH15 3RD,SEPD,HV,1,TT5034,1567,2026-08-03T01:15:49Z,2026-08-03T01:15:49Z,0.0
BH15 3RE,SEPD,HV,1,TT5034,1567,2026-08-03T01:15:49Z,2026-08-03T01:15:49Z,0.0
BH15 3RF,SEPD,HV,1,TT5034,1567,2026-08-03T01:15:49Z,2026-08-03T01:15:49Z,0.0
BH15 3RG,SEPD,HV,1,TT5034,1567,2026-08-03T01:15:49Z,2026-08-03T01:15:49Z,0.0
BH15 3RH,SEPD,HV,1,TT5034,1567,2026-08-03T01:15:49Z,2026-08-03T01:15:49Z,0.0
BH15 3RJ,SEPD,HV,1,TT5034,1567,2026-08-03T01:15:49Z,2026-08-03T01:15:49Z,0.0
BH15 3RQ,SEPD,HV,1,TT5034,1567,2026-08-03T01:15:49Z,2026-08-03T01:15:49Z,0.0
BH15 3RR,SEPD,HV,1,TT5034,1567,2026-08-03T01:15:49Z,2026-08-03T01:15:49Z,0.0
BH15 3RW,SEPD,HV,1,TT5034,1567,2026-08-03T01:15:49Z,2026-08-03T01:15:49Z,0.0
BH15 3RY,SEPD,HV,1,TT5034,1567,2026-08-03T01:15:49Z,2026-08-03T01:15:49Z,0.0
BH15 3SF,SEPD,HV,1,TT5034,1567,2026-08-03T01:15:49Z,2026-08-03T01:15:49Z,0.0
BH15 3SG,SEPD,HV,1,TT5034,1567,2026-08-03T01:15:49Z,2026-08-03T01:15:49Z,0.0
BH15 3SH,SEPD,HV,1,TT5034,1567,2026-08-03T01:15:49Z,2026-08-03T01:15:49Z,0.0
BH15 3SJ,SEPD,HV,1,TT5034,1567,2026-08-03T01:15:49Z,2026-08-03T01:15:49Z,0.0
BH15 3SL,SEPD,HV,1,TT5034,1567,2026-08-03T01:15:49Z,2026-08-03T01:15:49Z,0.0
BH15 3SQ,SEPD,HV,1,TT5034,1567,2026-08-03T01:15:49Z,2026-08-03T01:15:49Z,0.0
BH15 4AS,SEPD,HV,1,TT5034,1567,2026-08-03T01:15:49Z,2026-08-03T01:15:49Z,0.0
BH17 0GE,SEPD,HV,1,TT5034,1567,2026-08-03T01:15:49Z,2026-08-03T01:15:49Z,0.0
BH17 0RY,SEPD,HV,1,TT5034,1567,2026-08-03T01:15:49Z,2026-08-03T01:15:49Z,0.0
BH17 7BG,SEPD,LV,1,TT4808,30,2026-08-02T17:17:11Z,2026-08-02T17:17:11Z,0.0
BH17 7DH,SEPD,LV,1,TT4808,30,2026-08-02T17:17:11Z,2026-08-02T17:17:11Z,0.0
BH17 7DQ,SEPD,LV,1,TT4808,30,2026-08-02T17:17:11Z,2026-08-02T17:17:11Z,0.0
BH17 7US,SEPD,LV,1,TT4808,30,2026-08-02T17:17:11Z,2026-08-02T17:17:11Z,0.0
BH18 8HA,SEPD,LV,1,TT4808,30,2026-08-02T17:17:11Z,2026-08-02T17:17:11Z,0.0
BH22 8US,SEPD,LV,1,TT2823,9,2026-07-31T21:15:07Z,2026-07-31T21:15:07Z,0.0
BH22 8UY,SEPD,LV,1,TT2823,9,2026-07-31T21:15:07Z,2026-07-31T21:15:07Z,0.0
BH23,SEPD,HV,1,TT4361,838,2026-08-02T07:17:41Z,2026-08-02T07:17:41Z,0.0
BH23 2AG,SEPD,HV,1,TT4856,25,2026-08-02T19:39:55Z,2026-08-02T19:39:55Z,0.0
BH23 2JY,SEPD,HV,1,TT4856,25,2026-08-02T19:39:55Z,2026-08-02T19:39:55Z,0.0
BH23 4NH,SEPD,HV,1,TT4361,838,2026-08-02T07:17:41Z,2026-08-02T07:17:41Z,0.0
BH23 4NL,SEPD,HV,1,TT4361,838,2026-08-02T07:17:41Z,2026-08-02T07:17:41Z,0.0
BH23 4NQ,SEPD,HV,1,TT4361,838,2026-08-02T07:17:41Z,2026-08-02T07:17:41Z,0.0
BH23 4NW,SEPD,HV,1,TT4361,838,2026-08-02T07:17:41Z,2026-08-02T07:17:41Z,0.0
BH23 4PY,SEPD,HV,1,TT4361,838,2026-08-02T07:17:41Z,2026-08-02T07:17:41Z,0.0
BH23 4PZ,SEPD,HV,1,TT4361,838,2026-08-02T07:17:41Z,2026-08-02T07:17:41Z,0.0
BH23 4QE,SEPD,HV,1,TT4361,838,2026-08-02T07:17:41Z,2026-08-02T07:17:41Z,0.0
BH23 4QF,SEPD,HV,1,TT4361,838,2026-08-02T07:17:41Z,2026-08-02T07:17:41Z,0.0
BH23 4QG,SEPD,HV,1,TT4361,838,2026-08-02T07:17:41Z,2026-08-02T07:17:41Z,0.0
BH23 4QH,SEPD,HV,1,TT4361,838,2026-08-02T07:17:41Z,2026-08-02T07:17:41Z,0.0
BH23 4QQ,SEPD,HV,1,TT4361,838,2026-08-02T07:17:41Z,2026-08-02T07:17:41Z,0.0
BH23 4RA,SEPD,HV,1,TT4361,838,2026-08-02T07:17:41Z,2026-08-02T07:17:41Z,0.0
BH23 4RB,SEPD,HV,1,TT4361,838,2026-08-02T07:17:41Z,2026-08-02T07:17:41Z,0.0
BH23 4RD,SEPD,HV,1,TT4361,838,2026-08-02T07:17:41Z,2026-08-02T07:17:41Z,0.0
BH23 4RE,SEPD,HV,1,TT4361,838,2026-08-02T07:17:41Z,2026-08-02T07:17:41Z,0.0
BH23 4RG,SEPD,HV,1,TT4361,838,2026-08-02T07:17:41Z,2026-08-02T07:17:41Z,0.0
BH23 4RH,SEPD,HV,1,TT4361,838,2026-08-02T07:17:41Z,2026-08-02T07:17:41Z,0.0
BH23 4RJ,SEPD,HV,1,TT4361,838,2026-08-02T07:17:41Z,2026-08-02T07:17:41Z,0.0
BH23 4RL,SEPD,HV,1,TT4361,838,2026-08-02T07:17:41Z,2026-08-02T07:17:41Z,0.0
BH23 4RN,SEPD,HV,1,TT4361,838,2026-08-02T07:17:41Z,2026-08-02T07:17:41Z,0.0
BH23 4RP,SEPD,HV,1,TT4361,838,2026-08-02T07:17:41Z,2026-08-02T07:17:41Z,0.0
BH23 4RQ,SEPD,HV,1,TT4361,838,2026-08-02T07:17:41Z,2026-08-02T07:17:41Z,0.0
BH23 4RR,SEPD,HV,1,TT4361,838,2026-08-02T07:17:41Z,2026-08-02T07:17:41Z,0.0
BH23 4RS,SEPD,HV,1,TT4361,838,2026-08-02T07:17:41Z,2026-08-02T07:17:41Z,0.0
BH23 4RW,SEPD,HV,1,TT4361,838,2026-08-02T07:17:41Z,2026-08-02T07:17:41Z,0.0
BH23 4SJ,SEPD,HV,1,TT4361,838,2026-08-02T07:17:41Z,2026-08-02T07:17:41Z,0.0
BH23 5AE,SEPD,HV,1,TT4361,838,2026-08-02T07:17:41Z,2026-08-02T07:17:41Z,0.0
BH23 5AF,SEPD,HV,1,TT4361,838,2026-08-02T07:17:41Z,2026-08-02T07:17:41Z,0.0
BH23 5AJ,SEPD,HV,1,TT4361,838,2026-08-02T07:17:41Z,2026-08-02T07:17:41Z,0.0
BH23 5AL,SEPD,HV,1,TT4361,838,2026-08-02T07:17:41Z,2026-08-02T07:17:41Z,0.0
BH23 5AN,SEPD,HV,1,TT4361,838,2026-08-02T07:17:41Z,2026-08-02T07:17:41Z,0.0
BH23 5AP,SEPD,HV,1,TT4361,838,2026-08-02T07:17:41Z,2026-08-02T07:17:41Z,0.0
BH23 5AQ,SEPD,HV,1,TT4361,838,2026-08-02T07:17:41Z,2026-08-02T07:17:41Z,0.0
BH23 5AS,SEPD,HV,1,TT4361,838,2026-08-02T07:17:41Z,2026-08-02T07:17:41Z,0.0
BH23 5AT,SEPD,HV,1,TT4361,838,2026-08-02T07:17:41Z,2026-08-02T07:17:41Z,0.0
BH23 5AU,SEPD,HV,1,TT4361,838,2026-08-02T07:17:41Z,2026-08-02T07:17:41Z,0.0
BH23 5AW,SEPD,HV,1,TT4361,838,2026-08-02T07:17:41Z,2026-08-02T07:17:41Z,0.0
BH23 5AX,SEPD,HV,1,TT4361,838,2026-08-02T07:17:41Z,2026-08-02T07:17:41Z,0.0
BH23 5AZ,SEPD,HV,1,TT4361,838,2026-08-02T07:17:41Z,2026-08-02T07:17:41Z,0.0
BH23 5BA,SEPD,HV,1,TT4361,838,2026-08-02T07:17:41Z,2026-08-02T07:17:41Z,0.0
BH23 5BB,SEPD,HV,1,TT4361,838,2026-08-02T07:17:41Z,2026-08-02T07:17:41Z,0.0
BH23 5BD,SEPD,HV,1,TT4361,838,2026-08-02T07:17:41Z,2026-08-02T07:17:41Z,0.0
BH23 5BQ,SEPD,HV,1,TT4361,838,2026-08-02T07:17:41Z,2026-08-02T07:17:41Z,0.0
BH23 5FB,SEPD,HV,1,TT4361,838,2026-08-02T07:17:41Z,2026-08-02T07:17:41Z,0.0
BH23 5LP,SEPD,LV,1,TT4949,5,2026-08-02T23:40:34Z,2026-08-02T23:40:34Z,0.0
BH23 5LZ,SEPD,HV,1,TT4361,838,2026-08-02T07:17:41Z,2026-08-02T07:17:41Z,0.0
BH23 5NE,SEPD,HV,1,TT4361,838,2026-08-02T07:17:41Z,2026-08-02T07:17:41Z,0.0
BH23 5NH,SEPD,HV,1,TT4361,838,2026-08-02T07:17:41Z,2026-08-02T07:17:41Z,0.0
BH23 5NJ,SEPD,HV,1,TT4361,838,2026-08-02T07:17:41Z,2026-08-02T07:17:41Z,0.0
BH23 5NL,SEPD,HV,1,TT4361,838,2026-08-02T07:17:41Z,2026-08-02T07:17:41Z,0.0
BH23 5NN,SEPD,HV,1,TT4361,838,2026-08-02T07:17:41Z,2026-08-02T07:17:41Z,0.0
BH23 5NP,SEPD,HV,1,TT4361,838,2026-08-02T07:17:41Z,2026-08-02T07:17:41Z,0.0
BH23 5NQ,SEPD,HV,1,TT4361,838,2026-08-02T07:17:41Z,2026-08-02T07:17:41Z,0.0
BH23 5NR,SEPD,HV,1,TT4361,838,2026-08-02T07:17:41Z,2026-08-02T07:17:41Z,0.0
BH23 5NS,SEPD,HV,1,TT4361,838,2026-08-02T07:17:41Z,2026-08-02T07:17:41Z,0.0
BH23 5NU,SEPD,HV,1,TT4361,838,2026-08-02T07:17:41Z,2026-08-02T07:17:41Z,0.0
BH23 5NW,SEPD,HV,1,TT4361,838,2026-08-02T07:17:41Z,2026-08-02T07:17:41Z,0.0
BH23 5NX,SEPD,HV,1,TT4361,838,2026-08-02T07:17:41Z,2026-08-02T07:17:41Z,0.0
BH23 5NY,SEPD,HV,1,TT4361,838,2026-08-02T07:17:41Z,2026-08-02T07:17:41Z,0.0
BH23 5PA,SEPD,HV,1,TT4361,838,2026-08-02T07:17:41Z,2026-08-02T07:17:41Z,0.0
BH23 5PD,SEPD,HV,1,TT4361,838,2026-08-02T07:17:41Z,2026-08-02T07:17:41Z,0.0
BH23 6AE,SEPD,HV,1,TT4856,25,2026-08-02T19:39:55Z,2026-08-02T19:39:55Z,0.0
BH23 6AG,SEPD,HV,1,TT4856,25,2026-08-02T19:39:55Z,2026-08-02T19:39:55Z,0.0
BH23 6AQ,SEPD,HV,1,TT4856,25,2026-08-02T19:39:55Z,2026-08-02T19:39:55Z,0.0
BH23 6BQ,SEPD,HV,1,TT4856,25,2026-08-02T19:39:55Z,2026-08-02T19:39:55Z,0.0
BH25 7JE,SEPD,LV,1,TS9607,16,2026-07-30T03:38:05Z,2026-07-30T03:38:05Z,0.0
BH25 7JZ,SEPD,LV,1,TS9607,16,2026-07-30T03:38:05Z,2026-07-30T03:38:05Z,0.0
BH25 7LH,SEPD,LV,1,TS9607,16,2026-07-30T06:12:17Z,2026-07-30T06:12:17Z,0.0
BH25 7LQ,SEPD,LV,1,TS9607,16,2026-07-30T06:12:17Z,2026-07-30T06:12:17Z,0.0
BH25 7LR,SEPD,LV,1,TS9607,16,2026-07-30T06:12:17Z,2026-07-30T06:12:17Z,0.0
BH5 1DH,SEPD,HV,1,TT5034,1567,2026-08-03T01:15:49Z,2026-08-03T01:15:49Z,0.0
BH9 1AE,SEPD,LV,1,TT2500,27,2026-07-31T16:49:46Z,2026-07-31T16:49:46Z,0.0
BH9 1AG,SEPD,LV,1,TT2500,27,2026-07-31T16:49:46Z,2026-07-31T16:49:46Z,0.0
BH9 1AJ,SEPD,LV,1,TT2500,27,2026-07-31T16:49:46Z,2026-07-31T16:49:46Z,0.0
BH9 1BX,SEPD,LV,1,TT2500,27,2026-07-31T16:49:46Z,2026-07-31T16:49:46Z,0.0
BH9 1BY,SEPD,LV,1,TT2500,27,2026-07-31T16:49:46Z,2026-07-31T16:49:46Z,0.0
BH9 1BZ,SEPD,LV,1,TT2500,27,2026-07-31T16:49:46Z,2026-07-31T16:49:46Z,0.0
BH9 1DE,SEPD,LV,1,TT2500,27,2026-07-31T16:49:46Z,2026-07-31T16:49:46Z,0.0
DD1 1BA,SHEPD,LV,1,TT5599,10,2026-08-03T11:54:02Z,2026-08-03T11:54:02Z,0.0
DD1 1EX,SHEPD,LV,1,TT5599,10,2026-08-03T11:54:02Z,2026-08-03T11:54:02Z,0.0
DD1 1LH,SHEPD,LV,1,TT5599,10,2026-08-03T11:54:02Z,2026-08-03T11:54:02Z,0.0
DD1 1NH,SHEPD,LV,1,TT5599,10,2026-08-03T11:54:02Z,2026-08-03T11:54:02Z,0.0
DD1 1QB,SHEPD,LV,1,TT5599,10,2026-08-03T11:54:02Z,2026-08-03T11:54:02Z,0.0
DD1 2EY,SHEPD,LV,1,TT5060,29,2026-08-03T04:52:38Z,2026-08-03T04:52:38Z,0.0
DD1 3HW,SHEPD,HV,1,TT4835,5,2026-08-02T18:15:47Z,2026-08-02T18:15:47Z,0.0
DD1 3LG,SHEPD,HV,1,TT4835,5,2026-08-02T18:15:47Z,2026-08-02T18:15:47Z,0.0
DD1 3LJ,SHEPD,HV,1,TT4835,5,2026-08-02T18:15:47Z,2026-08-02T18:15:47Z,0.0
DD1 9AD,SHEPD,LV,1,TT5599,10,2026-08-03T11:54:02Z,2026-08-03T11:54:02Z,0.0
DD1 9RD,SHEPD,LV,1,TT5599,10,2026-08-03T11:54:02Z,2026-08-03T11:54:02Z,0.0
DD3 7JD,SHEPD,LV,1,TT5060,29,2026-08-03T04:52:38Z,2026-08-03T04:52:38Z,0.0
DD3 7JF,SHEPD,LV,1,TT5060,29,2026-08-03T04:52:38Z,2026-08-03T04:52:38Z,0.0
DD3 7JG,SHEPD,LV,1,TT5060,29,2026-08-03T04:52:38Z,2026-08-03T04:52:38Z,0.0
DD3 7PP,SHEPD,LV,1,TT5060,29,2026-08-03T04:52:38Z,2026-08-03T04:52:38Z,0.0
DD3 7PQ,SHEPD,LV,1,TT5060,29,2026-08-03T04:52:38Z,2026-08-03T04:52:38Z,0.0
DD3 7PU,SHEPD,LV,1,TT5060,29,2026-08-03T04:52:38Z,2026-08-03T04:52:38Z,0.0
DD3 7PW,SHEPD,LV,1,TT5060,29,2026-08-03T04:52:38Z,2026-08-03T04:52:38Z,0.0
DD3 7PZ,SHEPD,LV,1,TT5060,29,2026-08-03T04:52:38Z,2026-08-03T04:52:38Z,0.0
DD3 7QA,SHEPD,LV,1,TT5060,29,2026-08-03T04:52:38Z,2026-08-03T04:52:38Z,0.0
DD3 7QE,SHEPD,LV,1,TT5060,29,2026-08-03T04:52:38Z,2026-08-03T04:52:38Z,0.0
DD3 7QF,SHEPD,LV,1,TT5060,29,2026-08-03T04:52:38Z,2026-08-03T04:52:38Z,0.0
DD4 6BR,SHEPD,LV,1,TT5060,29,2026-08-03T04:52:38Z,2026-08-03T04:52:38Z,0.0
DD4 6EZ,SHEPD,LV,1,TT5060,29,2026-08-03T04:52:38Z,2026-08-03T04:52:38Z,0.0
DD4 6JE,SHEPD,HV,1,TT4835,5,2026-08-02T18:15:47Z,2026-08-02T18:15:47Z,0.0
DT10 1DN,SEPD,PSI,1,252394,142,2026-08-03T11:54:02Z,2026-08-03T11:54:02Z,0.0
DT10 1EE,SEPD,PSI,1,252394,142,2026-08-03T11:54:02Z,2026-08-03T11:54:02Z,0.0
DT10 1EX,SEPD,PSI,1,252394,142,2026-08-03T11:54:02Z,2026-08-03T11:54:02Z,0.0
DT10 1EY,SEPD,PSI,1,252394,142,2026-08-03T11:54:02Z,2026-08-03T11:54:02Z,0.0
DT10 1EZ,SEPD,PSI,1,252394,142,2026-08-03T11:54:02Z,2026-08-03T11:54:02Z,0.0
DT10 1HA,SEPD,PSI,1,252394,142,2026-08-03T11:54:02Z,2026-08-03T11:54:02Z,0.0
DT10 1HB,SEPD,PSI,1,252394,142,2026-08-03T11:54:02Z,2026-08-03T11:54:02Z,0.0
DT10 1HD,SEPD,PSI,1,252394,142,2026-08-03T11:54:02Z,2026-08-03T11:54:02Z,0.0
DT2 7HT,SEPD,HV,1,TT5034,1567,2026-08-03T01:15:49Z,2026-08-03T01:15:49Z,0.0
DT2 9NL,SEPD,LV,1,TS9485,2,2026-07-29T20:01:59Z,2026-07-29T20:01:59Z,0.0
DT2 9NW,SEPD,LV,1,TS9485,2,2026-07-29T20:01:59Z,2026-07-29T20:01:59Z,0.0
DT9,SEPD,HV,1,TT0663,125,2026-07-30T12:59:00Z,2026-07-30T12:59:00Z,0.0
DT9 4PD,SEPD,HV,1,TT0663,125,2026-07-30T12:59:00Z,2026-07-30T12:59:00Z,0.0
DT9 4PE,SEPD,HV,1,TT0663,125,2026-07-30T12:59:00Z,2026-07-30T12:59:00Z,0.0
DT9 4PW,SEPD,HV,1,TS7800,12,2026-07-29T10:05:32Z,2026-07-29T10:05:32Z,0.0
DT9 4QL,SEPD,HV,1,TT4918,115,2026-08-02T21:36:12Z,2026-08-02T21:36:12Z,0.0
FK10 1QY,SHEPD,HV,1,TT1460,3310,2026-07-31T07:40:50Z,2026-07-31T07:40:50Z,0.0
FK14 7JW,SHEPD,PSI,1,253719,14,2026-08-03T11:54:02Z,2026-08-03T11:54:02Z,0.0
FK14 7JZ,SHEPD,PSI,1,253762,2,2026-08-03T11:54:02Z,2026-08-03T11:54:02Z,0.0
FK14 7PQ,SHEPD,PSI,1,253707,2,2026-08-03T11:54:02Z,2026-08-03T11:54:02Z,0.0
G83 9LX,SHEPD,PSI,1,253074,5,2026-07-30T09:03:39Z,2026-07-30T09:03:39Z,0.0
GL54 2EE,SEPD,PSI,1,252362,2,2026-07-29T10:05:32Z,2026-07-29T10:05:32Z,0.0
GL7 1TG,SEPD,LV,1,TT0903,21,2026-07-30T16:54:29Z,2026-07-30T16:54:29Z,0.0
GL7 1TH,SEPD,LV,1,TT4790,19,2026-08-02T17:17:11Z,2026-08-02T17:17:11Z,0.0
GL7 1TJ,SEPD,LV,1,TT4790,19,2026-08-02T17:17:11Z,2026-08-02T17:17:11Z,0.0
GL7 1TL,SEPD,LV,1,TT4790,19,2026-08-02T17:17:11Z,2026-08-02T17:17:11Z,0.0
GL7 1TN,SEPD,LV,1,TT4790,19,2026-08-02T17:17:11Z,2026-08-02T17:17:11Z,0.0
GL7 1TW,SEPD,LV,1,TT4790,19,2026-08-02T17:17:11Z,2026-08-02T17:17:11Z,0.0
GL7 1UJ,SEPD,LV,1,TT1908,12,2026-07-31T10:17:29Z,2026-07-31T10:17:29Z,0.0
GL7 1UL,SEPD,LV,1,TT1908,12,2026-07-31T10:17:29Z,2026-07-31T10:17:29Z,0.0
GL7 1XW,SEPD,LV,1,TT4790,19,2026-08-02T17:17:11Z,2026-08-02T17:17:11Z,0.0
GL7 1ZS,SEPD,LV,1,TT4790,19,2026-08-02T17:17:11Z,2026-08-02T17:17:11Z,0.0
GU10 3RB,SEPD,LV,1,TS9324,4,2026-07-29T17:37:47Z,2026-07-29T17:37:47Z,0.0
GU14 0EX,SEPD,LV,1,TT5517,16,2026-08-03T11:54:02Z,2026-08-03T11:54:02Z,0.0
GU14 0EY,SEPD,LV,1,TT5517,16,2026-08-03T11:54:02Z,2026-08-03T11:54:02Z,0.0
GU14 0EZ,SEPD,LV,1,TT5517,16,2026-08-03T11:54:02Z,2026-08-03T11:54:02Z,0.0
GU18 5YN,SEPD,LV,1,TT0582,14,2026-07-30T12:59:00Z,2026-07-30T12:59:00Z,0.0
GU18 5YP,SEPD,LV,1,TT0582,14,2026-07-30T12:59:00Z,2026-07-30T12:59:00Z,0.0
GU18 5YW,SEPD,LV,1,TT0582,14,2026-07-30T12:59:00Z,2026-07-30T12:59:00Z,0.0
GU28 0AB,SEPD,LV,1,TT0690,10,2026-07-30T15:18:57Z,2026-07-30T15:18:57Z,0.0
GU28 0AG,SEPD,LV,1,TT0690,10,2026-07-30T15:18:57Z,2026-07-30T15:18:57Z,0.0
GU28 0AH,SEPD,LV,1,TT0690,10,2026-07-30T15:18:57Z,2026-07-30T15:18:57Z,0.0
GU30 7LG,SEPD,HV,1,TS9547,70,2026-07-29T22:12:04Z,2026-07-29T22:12:04Z,0.0
GU30 7SS,SEPD,HV,1,TS9547,70,2026-07-29T22:12:04Z,2026-07-29T22:12:04Z,0.0
GU30 7ST,SEPD,HV,1,TS9547,70,2026-07-29T22:12:04Z,2026-07-29T22:12:04Z,0.0
GU30 7SU,SEPD,HV,1,TS9547,70,2026-07-29T22:12:04Z,2026-07-29T22:12:04Z,0.0
GU30 7SX,SEPD,HV,1,TS9547,70,2026-07-29T22:12:04Z,2026-07-29T22:12:04Z,0.0
GU30 7SY,SEPD,HV,1,TS9547,70,2026-07-29T22:12:04Z,2026-07-29T22:12:04Z,0.0
GU32 3BH,SEPD,LV,1,TS7416,30,2026-07-28T19:01:57Z,2026-07-28T19:01:57Z,0.0
GU32 3BT,SEPD,LV,1,TS7416,30,2026-07-28T19:01:57Z,2026-07-28T19:01:57Z,0.0
GU32 3BU,SEPD,LV,1,TS7416,30,2026-07-28T19:01:57Z,2026-07-28T19:01:57Z,0.0
GU32 3BX,SEPD,LV,1,TS7416,30,2026-07-28T19:01:57Z,2026-07-28T19:01:57Z,0.0
GU34 2NB,SEPD,LV,1,TS7337,6,2026-07-28T14:35:16Z,2026-07-28T14:35:16Z,0.0
GU34 2NE,SEPD,LV,1,TS7337,6,2026-07-28T14:35:16Z,2026-07-28T14:35:16Z,0.0
GU34 2NF,SEPD,LV,1,TS7337,6,2026-07-28T14:35:16Z,2026-07-28T14:35:16Z,0.0
GU34 2PB,SEPD,LV,1,TS7337,6,2026-07-28T14:35:16Z,2026-07-28T14:35:16Z,0.0
GU34 3BU,SEPD,LV,1,TS7416,30,2026-07-28T19:01:57Z,2026-07-28T19:01:57Z,0.0
GU9 9AP,SEPD,LV,1,TT2266,11,2026-07-31T16:49:46Z,2026-07-31T16:49:46Z,0.0
GU9 9AR,SEPD,LV,1,TT2266,11,2026-07-31T16:49:46Z,2026-07-31T16:49:46Z,0.0
GU9 9BH,SEPD,LV,1,TT2266,11,2026-07-31T16:49:46Z,2026-07-31T16:49:46Z,0.0
GU9 9BL,SEPD,LV,1,TT2266,11,2026-07-31T16:49:46Z,2026-07-31T16:49:46Z,0.0
GU9 9DD,SEPD,LV,1,TT2266,11,2026-07-31T16:49:46Z,2026-07-31T16:49:46Z,0.0
HP11 2BE,SEPD,LV,1,TS6283,5,2026-07-28T01:10:21Z,2026-07-28T01:10:21Z,0.0
HP13 6AJ,SEPD,HV,1,TS8090,319,2026-07-29T14:35:46Z,2026-07-29T14:35:46Z,0.0
HP13 6DJ,SEPD,HV,1,TS8090,319,2026-07-29T14:35:46Z,2026-07-29T14:35:46Z,0.0
HP13 6DX,SEPD,HV,1,TS8090,319,2026-07-29T14:35:46Z,2026-07-29T14:35:46Z,0.0
HP13 6DY,SEPD,HV,1,TS8090,319,2026-07-29T14:35:46Z,2026-07-29T14:35:46Z,0.0
HP13 6DZ,SEPD,HV,1,TS8090,319,2026-07-29T14:35:46Z,2026-07-29T14:35:46Z,0.0
HP13 6EA,SEPD,HV,1,TS8090,319,2026-07-29T14:35:46Z,2026-07-29T14:35:46Z,0.0
HP13 6EB,SEPD,HV,1,TS8090,319,2026-07-29T14:35:46Z,2026-07-29T14:35:46Z,0.0
HP13 6HN,SEPD,HV,1,TS8090,319,2026-07-29T14:35:46Z,2026-07-29T14:35:46Z,0.0
HP13 6HW,SEPD,HV,1,TS8090,319,2026-07-29T14:35:46Z,2026-07-29T14:35:46Z,0.0
HP13 6NE,SEPD,HV,1,TS8090,319,2026-07-29T14:35:46Z,2026-07-29T14:35:46Z,0.0
HP13 6NQ,SEPD,HV,1,TS8090,319,2026-07-29T14:35:46Z,2026-07-29T14:35:46Z,0.0
HP13 6QD,SEPD,HV,1,TS8090,319,2026-07-29T14:35:46Z,2026-07-29T14:35:46Z,0.0
HP14 3BA,SEPD,PSI,1,252647,5,2026-07-29T10:05:32Z,2026-07-29T10:05:32Z,0.0
HP15 7BS,SEPD,LV,1,TS5284,3,2026-07-27T11:57:34Z,2026-07-27T11:57:34Z,0.0
HP15 7JU,SEPD,LV,1,TS5284,3,2026-07-27T11:57:34Z,2026-07-27T11:57:34Z,0.0
HP15 7JX,SEPD,LV,1,TS5284,3,2026-07-27T11:57:34Z,2026-07-27T11:57:34Z,0.0
HP8 4DB,SEPD,HV,1,TT5603,394,2026-08-03T11:54:02Z,2026-08-03T11:54:02Z,0.0
HP8 4DD,SEPD,HV,1,TT5603,394,2026-08-03T11:54:02Z,2026-08-03T11:54:02Z,0.0
HP8 4DE,SEPD,HV,1,TT5603,394,2026-08-03T11:54:02Z,2026-08-03T11:54:02Z,0.0
HP8 4DF,SEPD,HV,1,TT5603,394,2026-08-03T11:54:02Z,2026-08-03T11:54:02Z,0.0
HP8 4DH,SEPD,HV,1,TT5603,394,2026-08-03T11:54:02Z,2026-08-03T11:54:02Z,0.0
HP8 4DJ,SEPD,HV,1,TT5603,394,2026-08-03T11:54:02Z,2026-08-03T11:54:02Z,0.0
HP8 4DL,SEPD,HV,1,TT5603,394,2026-08-03T11:54:02Z,2026-08-03T11:54:02Z,0.0
HP8 4DN,SEPD,HV,1,TT5603,394,2026-08-03T11:54:02Z,2026-08-03T11:54:02Z,0.0
HP8 4DP,SEPD,HV,1,TT5603,394,2026-08-03T11:54:02Z,2026-08-03T11:54:02Z,0.0
HP8 4DQ,SEPD,HV,1,TT5603,394,2026-08-03T11:54:02Z,2026-08-03T11:54:02Z,0.0
HP8 4DR,SEPD,HV,1,TT5603,394,2026-08-03T11:54:02Z,2026-08-03T11:54:02Z,0.0
HP8 4DS,SEPD,HV,1,TT5603,394,2026-08-03T11:54:02Z,2026-08-03T11:54:02Z,0.0
HP8 4DT,SEPD,HV,1,TT5603,394,2026-08-03T11:54:02Z,2026-08-03T11:54:02Z,0.0
HP8 4DU,SEPD,HV,1,TT5603,394,2026-08-03T11:54:02Z,2026-08-03T11:54:02Z,0.0
HP8 4DW,SEPD,HV,1,TT5603,394,2026-08-03T11:54:02Z,2026-08-03T11:54:02Z,0.0
HP8 4DX,SEPD,HV,1,TT5603,394,2026-08-03T11:54:02Z,2026-08-03T11:54:02Z,0.0
HP8 4DZ,SEPD,HV,1,TT5603,394,2026-08-03T11:54:02Z,2026-08-03T11:54:02Z,0.0
HP8 4EF,SEPD,HV,1,TT5603,394,2026-08-03T11:54:02Z,2026-08-03T11:54:02Z,0.0
HS2 0LN,SHEPD,HV,1,TS9300,290,2026-07-29T18:40:57Z,2026-07-29T18:40:57Z,0.0
HS2 0QX,SHEPD,LV,1,TS6449,8,2026-07-28T14:35:16Z,2026-07-28T14:35:16Z,0.0
HS2 9DR,SHEPD,HV,1,TS9300,290,2026-07-29T18:40:57Z,2026-07-29T18:40:57Z,0.0
HS2 9DY,SHEPD,HV,1,TS9300,290,2026-07-29T18:40:57Z,2026-07-29T18:40:57Z,0.0
HS2 9ED,SHEPD,HV,1,TS9300,290,2026-07-29T18:40:57Z,2026-07-29T18:40:57Z,0.0
HS2 9LN,SHEPD,HV,1,TS9300,290,2026-07-29T18:40:57Z,2026-07-29T18:40:57Z,0.0
HS2 9LP,SHEPD,HV,1,TS9300,290,2026-07-29T18:40:57Z,2026-07-29T18:40:57Z,0.0
HS2 9LS,SHEPD,HV,1,TS9300,290,2026-07-29T18:40:57Z,2026-07-29T18:40:57Z,0.0
HS2 9LT,SHEPD,HV,1,TS9300,290,2026-07-29T18:40:57Z,2026-07-29T18:40:57Z,0.0
HS2 9LU,SHEPD,HV,1,TS9300,290,2026-07-29T18:40:57Z,2026-07-29T18:40:57Z,0.0
HS2 9LW,SHEPD,HV,1,TS9300,290,2026-07-29T18:40:57Z,2026-07-29T18:40:57Z,0.0
HS2 9LX,SHEPD,HV,1,TS9300,290,2026-07-29T18:40:57Z,2026-07-29T18:40:57Z,0.0
HS2 9LY,SHEPD,HV,1,TS9300,290,2026-07-29T18:40:57Z,2026-07-29T18:40:57Z,0.0
HS2 9LZ,SHEPD,HV,1,TS9300,290,2026-07-29T18:40:57Z,2026-07-29T18:40:57Z,0.0
HS2 9NA,SHEPD,HV,1,TS9300,290,2026-07-29T18:40:57Z,2026-07-29T18:40:57Z,0.0
HS2 9NB,SHEPD,HV,1,TS9300,290,2026-07-29T18:40:57Z,2026-07-29T18:40:57Z,0.0
HS2 9ND,SHEPD,HV,1,TS9300,290,2026-07-29T18:40:57Z,2026-07-29T18:40:57Z,0.0
HS6 5AE,SHEPD,HV,1,TT1460,3310,2026-07-31T07:40:50Z,2026-07-31T07:40:50Z,0.0
HS6 5AL,SHEPD,HV,1,TT1460,3310,2026-07-31T07:40:50Z,2026-07-31T07:40:50Z,0.0
HS6 5BS,SHEPD,HV,1,TT1460,3310,2026-07-31T07:40:50Z,2026-07-31T07:40:50Z,0.0
HS6 5BY,SHEPD,HV,1,TT1460,3310,2026-07-31T07:40:50Z,2026-07-31T07:40:50Z,0.0
HS6 5BZ,SHEPD,HV,1,TT1460,3310,2026-07-31T07:40:50Z,2026-07-31T07:40:50Z,0.0
HS6 5DE,SHEPD,HV,1,TT1460,3310,2026-07-31T07:40:50Z,2026-07-31T07:40:50Z,0.0
HS6 5DF,SHEPD,HV,1,TT1460,3310,2026-07-31T07:40:50Z,2026-07-31T07:40:50Z,0.0
HS6 5DG,SHEPD,HV,1,TT1460,3310,2026-07-31T07:40:50Z,2026-07-31T07:40:50Z,0.0
HS6 5DH,SHEPD,HV,1,TT1460,3310,2026-07-31T07:40:50Z,2026-07-31T07:40:50Z,0.0
HS6 5DL,SHEPD,HV,1,TT1460,3310,2026-07-31T07:40:50Z,2026-07-31T07:40:50Z,0.0
HS6 5DQ,SHEPD,HV,1,TT1460,3310,2026-07-31T07:40:50Z,2026-07-31T07:40:50Z,0.0
HS6 5DS,SHEPD,HV,1,TT1460,3310,2026-07-31T07:40:50Z,2026-07-31T07:40:50Z,0.0
HS6 5DT,SHEPD,HV,1,TT1460,3310,2026-07-31T07:40:50Z,2026-07-31T07:40:50Z,0.0
HS6 5DU,SHEPD,HV,1,TT1460,3310,2026-07-31T07:40:50Z,2026-07-31T07:40:50Z,0.0
HS6 5DW,SHEPD,HV,1,TT1460,3310,2026-07-31T07:40:50Z,2026-07-31T07:40:50Z,0.0
HS6 5DX,SHEPD,HV,1,TT1460,3310,2026-07-31T07:40:50Z,2026-07-31T07:40:50Z,0.0
HS6 5DY,SHEPD,HV,1,TT1460,3310,2026-07-31T07:40:50Z,2026-07-31T07:40:50Z,0.0
HS6 5DZ,SHEPD,HV,1,TT1460,3310,2026-07-31T07:40:50Z,2026-07-31T07:40:50Z,0.0
HS6 5EB,SHEPD,HV,1,TT1460,3310,2026-07-31T07:40:50Z,2026-07-31T07:40:50Z,0.0
HS6 5ED,SHEPD,HV,1,TT1460,3310,2026-07-31T07:40:50Z,2026-07-31T07:40:50Z,0.0
HS6 5EF,SHEPD,HV,1,TT1460,3310,2026-07-31T07:40:50Z,2026-07-31T07:40:50Z,0.0
HS6 5EH,SHEPD,HV,1,TT1460,3310,2026-07-31T07:40:50Z,2026-07-31T07:40:50Z,0.0
HS6 5EJ,SHEPD,HV,1,TT1460,3310,2026-07-31T07:40:50Z,2026-07-31T07:40:50Z,0.0
HS6 5EL,SHEPD,HV,1,TT1460,3310,2026-07-31T07:40:50Z,2026-07-31T07:40:50Z,0.0
HS6 5EN,SHEPD,HV,1,TT1460,3310,2026-07-31T07:40:50Z,2026-07-31T07:40:50Z,0.0
HS6 5EP,SHEPD,HV,1,TT1460,3310,2026-07-31T07:40:50Z,2026-07-31T07:40:50Z,0.0
HS6 5ES,SHEPD,HV,1,TT1460,3310,2026-07-31T07:40:50Z,2026-07-31T07:40:50Z,0.0
HS6 5ET,SHEPD,HV,1,TT1460,3310,2026-07-31T07:40:50Z,2026-07-31T07:40:50Z,0.0
HS6 5EU,SHEPD,HV,1,TT1460,3310,2026-07-31T07:40:50Z,2026-07-31T07:40:50Z,0.0
HS6 5EW,SHEPD,HV,1,TT1460,3310,2026-07-31T07:40:50Z,2026-07-31T07:40:50Z,0.0
HS6 5EX,SHEPD,HV,1,TT1460,3310,2026-07-31T07:40:50Z,2026-07-31T07:40:50Z,0.0
HS6 5HA,SHEPD,HV,1,TT1460,3310,2026-07-31T07:40:50Z,2026-07-31T07:40:50Z,0.0
HS6 5HD,SHEPD,HV,1,TT1460,3310,2026-07-31T07:40:50Z,2026-07-31T07:40:50Z,0.0
HS6 5HE,SHEPD,HV,1,TT1460,3310,2026-07-31T07:40:50Z,2026-07-31T07:40:50Z,0.0
HS6 5HG,SHEPD,HV,1,TT1460,3310,2026-07-31T07:40:50Z,2026-07-31T07:40:50Z,0.0
HS6 5HL,SHEPD,HV,1,TT1460,3310,2026-07-31T07:40:50Z,2026-07-31T07:40:50Z,0.0
HS6 5HP,SHEPD,HV,1,TT1460,3310,2026-07-31T07:40:50Z,2026-07-31T07:40:50Z,0.0
HS6 5HQ,SHEPD,HV,1,TT1460,3310,2026-07-31T07:40:50Z,2026-07-31T07:40:50Z,0.0
HS6 5HR,SHEPD,HV,1,TT1460,3310,2026-07-31T07:40:50Z,2026-07-31T07:40:50Z,0.0
HS7 5AA,SHEPD,HV,1,TT1460,3310,2026-07-31T07:40:50Z,2026-07-31T07:40:50Z,0.0
HS7 5EX,SHEPD,HV,1,TT1460,3310,2026-07-31T07:40:50Z,2026-07-31T07:40:50Z,0.0
HS7 5LA,SHEPD,HV,1,TT1460,3310,2026-07-31T07:40:50Z,2026-07-31T07:40:50Z,0.0
HS7 5LD,SHEPD,HV,1,TT1460,3310,2026-07-31T07:40:50Z,2026-07-31T07:40:50Z,0.0
HS7 5LE,SHEPD,HV,1,TT1460,3310,2026-07-31T07:40:50Z,2026-07-31T07:40:50Z,0.0
HS7 5LF,SHEPD,HV,1,TT1460,3310,2026-07-31T07:40:50Z,2026-07-31T07:40:50Z,0.0
HS7 5LH,SHEPD,HV,1,TT1460,3310,2026-07-31T07:40:50Z,2026-07-31T07:40:50Z,0.0
HS7 5LL,SHEPD,HV,1,TT1460,3310,2026-07-31T07:40:50Z,2026-07-31T07:40:50Z,0.0
HS7 5LQ,SHEPD,HV,1,TT1460,3310,2026-07-31T07:40:50Z,2026-07-31T07:40:50Z,0.0
HS7 5LS,SHEPD,HV,1,TT1460,3310,2026-07-31T07:40:50Z,2026-07-31T07:40:50Z,0.0
HS7 5LX,SHEPD,HV,1,TT1460,3310,2026-07-31T07:40:50Z,2026-07-31T07:40:50Z,0.0
HS7 5LZ,SHEPD,HV,1,TT1460,3310,2026-07-31T07:40:50Z,2026-07-31T07:40:50Z,0.0
HS7 5ND,SHEPD,HV,1,TT1460,3310,2026-07-31T07:40:50Z,2026-07-31T07:40:50Z,0.0
HS7 5NE,SHEPD,HV,1,TT1460,3310,2026-07-31T07:40:50Z,2026-07-31T07:40:50Z,0.0
HS7 5NF,SHEPD,HV,1,TT1460,3310,2026-07-31T07:40:50Z,2026-07-31T07:40:50Z,0.0
HS7 5PG,SHEPD,HV,1,TT1460,3310,2026-07-31T07:40:50Z,2026-07-31T07:40:50Z,0.0
HS7 5PH,SHEPD,HV,1,TT1460,3310,2026-07-31T07:40:50Z,2026-07-31T07:40:50Z,0.0
HS7 5PJ,SHEPD,HV,1,TT1460,3310,2026-07-31T07:40:50Z,2026-07-31T07:40:50Z,0.0
HS7 5PL,SHEPD,HV,1,TT1460,3310,2026-07-31T07:40:50Z,2026-07-31T07:40:50Z,0.0
HS7 5PQ,SHEPD,HV,1,TT1460,3310,2026-07-31T07:40:50Z,2026-07-31T07:40:50Z,0.0
HS7 5PR,SHEPD,HV,1,TT1460,3310,2026-07-31T07:40:50Z,2026-07-31T07:40:50Z,0.0
HS7 5PS,SHEPD,HV,1,TT1460,3310,2026-07-31T07:40:50Z,2026-07-31T07:40:50Z,0.0
HS7 5PW,SHEPD,HV,1,TT1460,3310,2026-07-31T07:40:50Z,2026-07-31T07:40:50Z,0.0
HS7 5PY,SHEPD,HV,1,TT1460,3310,2026-07-31T07:40:50Z,2026-07-31T07:40:50Z,0.0
HS7 5PZ,SHEPD,HV,1,TT1460,3310,2026-07-31T07:40:50Z,2026-07-31T07:40:50Z,0.0
HS7 5QB,SHEPD,HV,1,TT1460,3310,2026-07-31T07:40:50Z,2026-07-31T07:40:50Z,0.0
HS7 5QD,SHEPD,HV,1,TT1460,3310,2026-07-31T07:40:50Z,2026-07-31T07:40:50Z,0.0
HS7 5QF,SHEPD,HV,1,TT1460,3310,2026-07-31T07:40:50Z,2026-07-31T07:40:50Z,0.0
HS7 5QG,SHEPD,HV,1,TT1460,3310,2026-07-31T07:40:50Z,2026-07-31T07:40:50Z,0.0
HS7 5QH,SHEPD,HV,1,TT1460,3310,2026-07-31T07:40:50Z,2026-07-31T07:40:50Z,0.0
HS7 5QJ,SHEPD,HV,1,TT1460,3310,2026-07-31T07:40:50Z,2026-07-31T07:40:50Z,0.0
HS7 5QL,SHEPD,HV,1,TT1460,3310,2026-07-31T07:40:50Z,2026-07-31T07:40:50Z,0.0
HS8 5AD,SHEPD,HV,1,TT1460,3310,2026-07-31T07:40:50Z,2026-07-31T07:40:50Z,0.0
HS8 5JL,SHEPD,HV,1,TT1460,3310,2026-07-31T07:40:50Z,2026-07-31T07:40:50Z,0.0
HS8 5NS,SHEPD,HV,1,TT1460,3310,2026-07-31T07:40:50Z,2026-07-31T07:40:50Z,0.0
HS8 5RA,SHEPD,HV,1,TT1460,3310,2026-07-31T07:40:50Z,2026-07-31T07:40:50Z,0.0
HS8 5RB,SHEPD,HV,1,TT1460,3310,2026-07-31T07:40:50Z,2026-07-31T07:40:50Z,0.0
HS8 5RD,SHEPD,HV,1,TT1460,3310,2026-07-31T07:40:50Z,2026-07-31T07:40:50Z,0.0
HS8 5RE,SHEPD,HV,1,TT1460,3310,2026-07-31T07:40:50Z,2026-07-31T07:40:50Z,0.0
HS8 5RF,SHEPD,HV,1,TT1460,3310,2026-07-31T07:40:50Z,2026-07-31T07:40:50Z,0.0
HS8 5RG,SHEPD,HV,1,TT1460,3310,2026-07-31T07:40:50Z,2026-07-31T07:40:50Z,0.0
HS8 5RP,SHEPD,HV,1,TT1460,3310,2026-07-31T07:40:50Z,2026-07-31T07:40:50Z,0.0
HS8 5RQ,SHEPD,HV,1,TT1460,3310,2026-07-31T07:40:50Z,2026-07-31T07:40:50Z,0.0
HS8 5RR,SHEPD,HV,1,TT1460,3310,2026-07-31T07:40:50Z,2026-07-31T07:40:50Z,0.0
HS8 5RS,SHEPD,HV,1,TT1460,3310,2026-07-31T07:40:50Z,2026-07-31T07:40:50Z,0.0
HS8 5RT,SHEPD,HV,1,TT1460,3310,2026-07-31T07:40:50Z,2026-07-31T07:40:50Z,0.0
HS8 5RW,SHEPD,HV,1,TT1460,3310,2026-07-31T07:40:50Z,2026-07-31T07:40:50Z,0.0
HS8 5RY,SHEPD,HV,1,TT1460,3310,2026-07-31T07:40:50Z,2026-07-31T07:40:50Z,0.0
HS8 5RZ,SHEPD,HV,1,TT1460,3310,2026-07-31T07:40:50Z,2026-07-31T07:40:50Z,0.0
HS8 5SA,SHEPD,HV,1,TT1460,3310,2026-07-31T07:40:50Z,2026-07-31T07:40:50Z,0.0
HS8 5SB,SHEPD,HV,1,TT1460,3310,2026-07-31T07:40:50Z,2026-07-31T07:40:50Z,0.0
HS8 5SD,SHEPD,HV,1,TT1460,3310,2026-07-31T07:40:50Z,2026-07-31T07:40:50Z,0.0
HS8 5SF,SHEPD,HV,1,TT1460,3310,2026-07-31T07:40:50Z,2026-07-31T07:40:50Z,0.0
HS8 5SG,SHEPD,HV,1,TT1460,3310,2026-07-31T07:40:50Z,2026-07-31T07:40:50Z,0.0
HS8 5SH,SHEPD,HV,1,TT1460,3310,2026-07-31T07:40:50Z,2026-07-31T07:40:50Z,0.0
HS8 5SJ,SHEPD,HV,1,TT1460,3310,2026-07-31T07:40:50Z,2026-07-31T07:40:50Z,0.0
HS8 5SL,SHEPD,HV,1,TT1460,3310,2026-07-31T07:40:50Z,2026-07-31T07:40:50Z,0.0
HS8 5SN,SHEPD,HV,1,TT1460,3310,2026-07-31T07:40:50Z,2026-07-31T07:40:50Z,0.0
HS8 5SQ,SHEPD,HV,1,TT1460,3310,2026-07-31T07:40:50Z,2026-07-31T07:40:50Z,0.0
HS8 5SS,SHEPD,HV,1,TT1460,3310,2026-07-31T07:40:50Z,2026-07-31T07:40:50Z,0.0
HS8 5ST,SHEPD,HV,1,TT1460,3310,2026-07-31T07:40:50Z,2026-07-31T07:40:50Z,0.0
HS8 5SU,SHEPD,HV,1,TT1460,3310,2026-07-31T07:40:50Z,2026-07-31T07:40:50Z,0.0
HS8 5SY,SHEPD,HV,1,TT1460,3310,2026-07-31T07:40:50Z,2026-07-31T07:40:50Z,0.0
HS8 5SZ,SHEPD,HV,1,TT1460,3310,2026-07-31T07:40:50Z,2026-07-31T07:40:50Z,0.0
HS8 5TB,SHEPD,HV,1,TT1460,3310,2026-07-31T07:40:50Z,2026-07-31T07:40:50Z,0.0
HS8 5TD,SHEPD,HV,1,TT1460,3310,2026-07-31T07:40:50Z,2026-07-31T07:40:50Z,0.0
HS8 5TE,SHEPD,HV,1,TT1460,3310,2026-07-31T07:40:50Z,2026-07-31T07:40:50Z,0.0
HS8 5TF,SHEPD,HV,1,TT1460,3310,2026-07-31T07:40:50Z,2026-07-31T07:40:50Z,0.0
HS8 5TG,SHEPD,HV,1,TT1460,3310,2026-07-31T07:40:50Z,2026-07-31T07:40:50Z,0.0
HS8 5TH,SHEPD,HV,1,TT1460,3310,2026-07-31T07:40:50Z,2026-07-31T07:40:50Z,0.0
HS8 5TJ,SHEPD,HV,1,TT1460,3310,2026-07-31T07:40:50Z,2026-07-31T07:40:50Z,0.0
HS8 5TL,SHEPD,HV,1,TT1460,3310,2026-07-31T07:40:50Z,2026-07-31T07:40:50Z,0.0
HS8 5TN,SHEPD,HV,1,TT1460,3310,2026-07-31T07:40:50Z,2026-07-31T07:40:50Z,0.0
HS8 5TP,SHEPD,HV,1,TT1460,3310,2026-07-31T07:40:50Z,2026-07-31T07:40:50Z,0.0
HS8 5TR,SHEPD,HV,1,TT1460,3310,2026-07-31T07:40:50Z,2026-07-31T07:40:50Z,0.0
HS8 5TS,SHEPD,HV,1,TT1460,3310,2026-07-31T07:40:50Z,2026-07-31T07:40:50Z,0.0
HS8 5TT,SHEPD,HV,1,TT1460,3310,2026-07-31T07:40:50Z,2026-07-31T07:40:50Z,0.0
HS8 5TU,SHEPD,HV,1,TT1460,3310,2026-07-31T07:40:50Z,2026-07-31T07:40:50Z,0.0
HS8 5TW,SHEPD,HV,1,TT1460,3310,2026-07-31T07:40:50Z,2026-07-31T07:40:50Z,0.0
HS8 5TX,SHEPD,HV,1,TT1460,3310,2026-07-31T07:40:50Z,2026-07-31T07:40:50Z,0.0
HS8 5TY,SHEPD,HV,1,TT1460,3310,2026-07-31T07:40:50Z,2026-07-31T07:40:50Z,0.0
HS8 5UB,SHEPD,HV,1,TT1460,3310,2026-07-31T07:40:50Z,2026-07-31T07:40:50Z,0.0
HS8 5UD,SHEPD,HV,1,TT1460,3310,2026-07-31T07:40:50Z,2026-07-31T07:40:50Z,0.0
HS9 5AB,SHEPD,HV,1,TT1460,3310,2026-07-31T07:40:50Z,2026-07-31T07:40:50Z,0.0
HS9 5UA,SHEPD,HV,1,TT1460,3310,2026-07-31T07:40:50Z,2026-07-31T07:40:50Z,0.0
HS9 5UB,SHEPD,HV,1,TT1460,3310,2026-07-31T07:40:50Z,2026-07-31T07:40:50Z,0.0
HS9 5UH,SHEPD,HV,1,TT1460,3310,2026-07-31T07:40:50Z,2026-07-31T07:40:50Z,0.0
HS9 5UJ,SHEPD,HV,1,TT1460,3310,2026-07-31T07:40:50Z,2026-07-31T07:40:50Z,0.0
HS9 5UL,SHEPD,HV,1,TT1460,3310,2026-07-31T07:40:50Z,2026-07-31T07:40:50Z,0.0
HS9 5UN,SHEPD,HV,1,TT1460,3310,2026-07-31T07:40:50Z,2026-07-31T07:40:50Z,0.0
HS9 5UP,SHEPD,HV,1,TT1460,3310,2026-07-31T07:40:50Z,2026-07-31T07:40:50Z,0.0
HS9 5UQ,SHEPD,HV,1,TT1460,3310,2026-07-31T07:40:50Z,2026-07-31T07:40:50Z,0.0
HS9 5UR,SHEPD,HV,1,TT1460,3310,2026-07-31T07:40:50Z,2026-07-31T07:40:50Z,0.0
HS9 5UT,SHEPD,HV,1,TT1460,3310,2026-07-31T07:40:50Z,2026-07-31T07:40:50Z,0.0
HS9 5UU,SHEPD,HV,1,TT1460,3310,2026-07-31T07:40:50Z,2026-07-31T07:40:50Z,0.0
HS9 5UW,SHEPD,HV,1,TT1460,3310,2026-07-31T07:40:50Z,2026-07-31T07:40:50Z,0.0
HS9 5UX,SHEPD,HV,1,TT1460,3310,2026-07-31T07:40:50Z,2026-07-31T07:40:50Z,0.0
HS9 5UY,SHEPD,HV,1,TT1460,3310,2026-07-31T07:40:50Z,2026-07-31T07:40:50Z,0.0
HS9 5UZ,SHEPD,HV,1,TT1460,3310,2026-07-31T07:40:50Z,2026-07-31T07:40:50Z,0.0
HS9 5XA,SHEPD,HV,1,TT1460,3310,2026-07-31T07:40:50Z,2026-07-31T07:40:50Z,0.0
HS9 5XB,SHEPD,HV,1,TT1460,3310,2026-07-31T07:40:50Z,2026-07-31T07:40:50Z,0.0
HS9 5XD,SHEPD,HV,1,TT1460,3310,2026-07-31T07:40:50Z,2026-07-31T07:40:50Z,0.0
HS9 5XE,SHEPD,HV,1,TT1460,3310,2026-07-31T07:40:50Z,2026-07-31T07:40:50Z,0.0
HS9 5XF,SHEPD,HV,1,TT1460,3310,2026-07-31T07:40:50Z,2026-07-31T07:40:50Z,0.0
HS9 5XG,SHEPD,HV,1,TT1460,3310,2026-07-31T07:40:50Z,2026-07-31T07:40:50Z,0.0
HS9 5XH,SHEPD,HV,1,TT1460,3310,2026-07-31T07:40:50Z,2026-07-31T07:40:50Z,0.0
HS9 5XJ,SHEPD,HV,1,TT1460,3310,2026-07-31T07:40:50Z,2026-07-31T07:40:50Z,0.0
HS9 5XL,SHEPD,HV,1,TT1460,3310,2026-07-31T07:40:50Z,2026-07-31T07:40:50Z,0.0
HS9 5XN,SHEPD,HV,1,TT1460,3310,2026-07-31T07:40:50Z,2026-07-31T07:40:50Z,0.0
HS9 5XP,SHEPD,HV,1,TT1460,3310,2026-07-31T07:40:50Z,2026-07-31T07:40:50Z,0.0
HS9 5XQ,SHEPD,HV,1,TT1460,3310,2026-07-31T07:40:50Z,2026-07-31T07:40:50Z,0.0
HS9 5XR,SHEPD,HV,1,TT1460,3310,2026-07-31T07:40:50Z,2026-07-31T07:40:50Z,0.0
HS9 5XS,SHEPD,HV,1,TT1460,3310,2026-07-31T07:40:50Z,2026-07-31T07:40:50Z,0.0
HS9 5XT,SHEPD,HV,1,TT1460,3310,2026-07-31T07:40:50Z,2026-07-31T07:40:50Z,0.0
HS9 5XU,SHEPD,HV,1,TT1460,3310,2026-07-31T07:40:50Z,2026-07-31T07:40:50Z,0.0
HS9 5XW,SHEPD,HV,1,TT1460,3310,2026-07-31T07:40:50Z,2026-07-31T07:40:50Z,0.0
HS9 5XX,SHEPD,HV,1,TT1460,3310,2026-07-31T07:40:50Z,2026-07-31T07:40:50Z,0.0
HS9 5XY,SHEPD,HV,1,TT1460,3310,2026-07-31T07:40:50Z,2026-07-31T07:40:50Z,0.0
HS9 5XZ,SHEPD,HV,1,TT1460,3310,2026-07-31T07:40:50Z,2026-07-31T07:40:50Z,0.0
HS9 5YA,SHEPD,HV,1,TT1460,3310,2026-07-31T07:40:50Z,2026-07-31T07:40:50Z,0.0
HS9 5YB,SHEPD,HV,1,TT1460,3310,2026-07-31T07:40:50Z,2026-07-31T07:40:50Z,0.0
HS9 5YD,SHEPD,HV,1,TT1460,3310,2026-07-31T07:40:50Z,2026-07-31T07:40:50Z,0.0
HS9 5YE,SHEPD,HV,1,TT1460,3310,2026-07-31T07:40:50Z,2026-07-31T07:40:50Z,0.0
HS9 5YF,SHEPD,HV,1,TT1460,3310,2026-07-31T07:40:50Z,2026-07-31T07:40:50Z,0.0
HS9 5YH,SHEPD,HV,1,TT1460,3310,2026-07-31T07:40:50Z,2026-07-31T07:40:50Z,0.0
HS9 5YL,SHEPD,HV,1,TT1460,3310,2026-07-31T07:40:50Z,2026-07-31T07:40:50Z,0.0
HS9 5YN,SHEPD,HV,1,TT1460,3310,2026-07-31T07:40:50Z,2026-07-31T07:40:50Z,0.0
HS9 5YP,SHEPD,HV,1,TT1460,3310,2026-07-31T07:40:50Z,2026-07-31T07:40:50Z,0.0
HS9 5YQ,SHEPD,HV,1,TT1460,3310,2026-07-31T07:40:50Z,2026-07-31T07:40:50Z,0.0
HS9 5YR,SHEPD,HV,1,TT1460,3310,2026-07-31T07:40:50Z,2026-07-31T07:40:50Z,0.0
HS9 5YU,SHEPD,HV,1,TT1460,3310,2026-07-31T07:40:50Z,2026-07-31T07:40:50Z,0.0
HS9 5YW,SHEPD,HV,1,TT1460,3310,2026-07-31T07:40:50Z,2026-07-31T07:40:50Z,0.0
HS9 5ZE,SHEPD,HV,1,TT1460,3310,2026-07-31T07:40:50Z,2026-07-31T07:40:50Z,0.0
IV1 1XD,SHEPD,HV,1,TT3885,21,2026-08-01T16:07:57Z,2026-08-01T16:07:57Z,0.0
IV1 1XE,SHEPD,HV,1,TT3885,21,2026-08-01T16:07:57Z,2026-08-01T16:07:57Z,0.0
IV1 3XD,SHEPD,HV,1,TT3885,21,2026-08-01T16:07:57Z,2026-08-01T16:07:57Z,0.0
IV1 3XE,SHEPD,HV,1,TT3885,21,2026-08-01T16:07:57Z,2026-08-01T16:07:57Z,0.0
IV1 3XH,SHEPD,HV,1,TT3885,21,2026-08-01T16:07:57Z,2026-08-01T16:07:57Z,0.0
IV1 3XN,SHEPD,HV,1,TT3885,21,2026-08-01T16:07:57Z,2026-08-01T16:07:57Z,0.0
IV1 3ZE,SHEPD,HV,1,TT3885,21,2026-08-01T16:07:57Z,2026-08-01T16:07:57Z,0.0
IV17 0YG,SHEPD,PSI,1,252601,16,2026-07-29T10:05:32Z,2026-07-29T10:05:32Z,0.0
IV17 0YQ,SHEPD,PSI,1,252601,16,2026-07-29T10:05:32Z,2026-07-29T10:05:32Z,0.0
IV2 3PJ,SHEPD,LV,1,TT1016,10,2026-07-30T18:23:56Z,2026-07-30T18:23:56Z,0.0
IV2 3PU,SHEPD,LV,1,TT1016,10,2026-07-30T18:23:56Z,2026-07-30T18:23:56Z,0.0
IV2 3QE,SHEPD,LV,1,TT1016,10,2026-07-30T18:23:56Z,2026-07-30T18:23:56Z,0.0
IV2 4XH,SHEPD,LV,1,TT4481,13,2026-08-02T09:26:51Z,2026-08-02T09:26:51Z,0.0
IV2 4XJ,SHEPD,LV,1,TT4481,13,2026-08-02T09:26:51Z,2026-08-02T09:26:51Z,0.0
IV2 4XQ,SHEPD,LV,1,TT4481,13,2026-08-02T09:26:51Z,2026-08-02T09:26:51Z,0.0
IV28 3YE,SHEPD,PSI,1,253031,3,2026-08-03T11:54:02Z,2026-08-03T11:54:02Z,0.0
IV28 3YF,SHEPD,PSI,1,253000,25,2026-08-03T11:54:02Z,2026-08-03T11:54:02Z,0.0
IV28 3YG,SHEPD,PSI,1,253000,25,2026-08-03T11:54:02Z,2026-08-03T11:54:02Z,0.0
IV28 3YQ,SHEPD,PSI,1,253000,25,2026-08-03T11:54:02Z,2026-08-03T11:54:02Z,0.0
IV3 5SB,SHEPD,PSI,1,252562,6,2026-07-30T09:03:39Z,2026-07-30T09:03:39Z,0.0
IV36 0TP,SHEPD,LV,1,TT2276,19,2026-08-01T09:27:45Z,2026-08-01T09:27:45Z,0.0
IV36 1BS,SHEPD,LV,1,TT2276,19,2026-08-01T09:27:45Z,2026-08-01T09:27:45Z,0.0
IV36 3AH,SHEPD,LV,1,TT2276,19,2026-08-01T09:27:45Z,2026-08-01T09:27:45Z,0.0
IV36 3AR,SHEPD,LV,1,TT2276,19,2026-08-01T09:27:45Z,2026-08-01T09:27:45Z,0.0
IV36 3BN,SHEPD,LV,1,TT2276,19,2026-08-01T09:27:45Z,2026-08-01T09:27:45Z,0.0
IV36 3BP,SHEPD,LV,1,TT2276,19,2026-08-01T09:27:45Z,2026-08-01T09:27:45Z,0.0
IV36 3BW,SHEPD,LV,1,TT2276,19,2026-08-01T09:27:45Z,2026-08-01T09:27:45Z,0.0
IV36 3JS,SHEPD,LV,1,TT2276,19,2026-08-01T09:27:45Z,2026-08-01T09:27:45Z,0.0
IV36 3TP,SHEPD,LV,1,TT2276,19,2026-08-01T09:27:45Z,2026-08-01T09:27:45Z,0.0
IV4 7AQ,SHEPD,LV,1,TT3311,2,2026-08-01T09:27:45Z,2026-08-01T09:27:45Z,0.0
IV49 9AL,SHEPD,HV,1,TS9188,226,2026-07-29T14:35:46Z,2026-07-29T14:35:46Z,0.0
IV6 7SA,SHEPD,HV,1,TT3885,21,2026-08-01T16:07:57Z,2026-08-01T16:07:57Z,0.0
KW14 7QN,SHEPD,PSI,1,252942,17,2026-07-28T09:59:59Z,2026-07-28T09:59:59Z,0.0
KW14 7QR,SHEPD,PSI,1,252942,17,2026-07-28T09:59:59Z,2026-07-28T09:59:59Z,0.0
KW14 7QW,SHEPD,PSI,1,252942,17,2026-07-28T09:59:59Z,2026-07-28T09:59:59Z,0.0
KW14 7SS,SHEPD,LV,1,TS7760,2,2026-07-28T22:41:25Z,2026-07-28T22:41:25Z,0.0
KW16 3HY,SHEPD,HV,1,TT1481,57,2026-07-31T10:17:29Z,2026-07-31T10:17:29Z,0.0
KW16 3JA,SHEPD,HV,1,TT1481,57,2026-07-31T10:17:29Z,2026-07-31T10:17:29Z,0.0
KW16 3JF,SHEPD,HV,1,TT1481,57,2026-07-31T10:17:29Z,2026-07-31T10:17:29Z,0.0
KW16 3LW,SHEPD,HV,1,TT1481,57,2026-07-31T10:17:29Z,2026-07-31T10:17:29Z,0.0
KW17 2AA,SHEPD,PSI,1,253226,126,2026-07-28T12:04:41Z,2026-07-28T12:04:41Z,0.0
KW17 2AB,SHEPD,PSI,1,253226,126,2026-07-28T12:04:41Z,2026-07-28T12:04:41Z,0.0
KW17 2HQ,SHEPD,HV,1,TT1924,101,2026-07-31T10:17:29Z,2026-07-31T10:17:29Z,0.0
KW17 2JR,SHEPD,HV,1,TS5751,21,2026-07-27T14:54:49Z,2026-07-27T14:54:49Z,0.0
KW17 2JT,SHEPD,HV,1,TS5751,21,2026-07-27T14:54:49Z,2026-07-27T14:54:49Z,0.0
KW17 2JU,SHEPD,HV,1,TS5751,21,2026-07-27T14:54:49Z,2026-07-27T14:54:49Z,0.0
KW17 2JZ,SHEPD,HV,1,TS5751,21,2026-07-27T14:54:49Z,2026-07-27T14:54:49Z,0.0
KW17 2QH,SHEPD,HV,1,TT1924,101,2026-07-31T10:17:29Z,2026-07-31T10:17:29Z,0.0
KW17 2QJ,SHEPD,HV,1,TT1924,101,2026-07-31T10:17:29Z,2026-07-31T10:17:29Z,0.0
KW17 2QL,SHEPD,HV,1,TT1924,101,2026-07-31T10:17:29Z,2026-07-31T10:17:29Z,0.0
KW17 2QQ,SHEPD,HV,1,TT1924,101,2026-07-31T10:17:29Z,2026-07-31T10:17:29Z,0.0
KW17 2QT,SHEPD,HV,1,TT1924,101,2026-07-31T10:17:29Z,2026-07-31T10:17:29Z,0.0
KW17 2RJ,SHEPD,HV,1,TT1924,101,2026-07-31T10:17:29Z,2026-07-31T10:17:29Z,0.0
KY13 0QD,SHEPD,PSI,1,253719,14,2026-08-03T11:54:02Z,2026-08-03T11:54:02Z,0.0
OX10,SEPD,HV,1,TT5077,1575,2026-08-03T08:22:41Z,2026-08-03T08:22:41Z,0.0
OX10 0AD,SEPD,HV,1,TT5077,1575,2026-08-03T08:22:41Z,2026-08-03T08:22:41Z,0.0
OX10 0AE,SEPD,HV,1,TT5077,1575,2026-08-03T08:22:41Z,2026-08-03T08:22:41Z,0.0
OX10 0AF,SEPD,HV,1,TT5077,1575,2026-08-03T08:22:41Z,2026-08-03T08:22:41Z,0.0
OX10 0AJ,SEPD,HV,1,TT5077,1575,2026-08-03T08:22:41Z,2026-08-03T08:22:41Z,0.0
OX10 0AL,SEPD,HV,1,TT5077,1575,2026-08-03T08:22:41Z,2026-08-03T08:22:41Z,0.0
OX10 0AN,SEPD,HV,1,TT5077,1575,2026-08-03T08:22:41Z,2026-08-03T08:22:41Z,0.0
OX10 0AP,SEPD,HV,1,TT5077,1575,2026-08-03T08:22:41Z,2026-08-03T08:22:41Z,0.0
OX10 0AQ,SEPD,HV,1,TT5077,1575,2026-08-03T08:22:41Z,2026-08-03T08:22:41Z,0.0
OX10 0AR,SEPD,HV,1,TT5077,1575,2026-08-03T08:22:41Z,2026-08-03T08:22:41Z,0.0
OX10 0AS,SEPD,HV,1,TT5077,1575,2026-08-03T08:22:41Z,2026-08-03T08:22:41Z,0.0
OX10 0AT,SEPD,HV,1,TT5077,1575,2026-08-03T08:22:41Z,2026-08-03T08:22:41Z,0.0
OX10 0AU,SEPD,HV,1,TT5077,1575,2026-08-03T08:22:41Z,2026-08-03T08:22:41Z,0.0
OX10 0AX,SEPD,HV,1,TT5077,1575,2026-08-03T08:22:41Z,2026-08-03T08:22:41Z,0.0
OX10 0AY,SEPD,HV,1,TT5077,1575,2026-08-03T08:22:41Z,2026-08-03T08:22:41Z,0.0
OX10 0BA,SEPD,HV,1,TT5077,1575,2026-08-03T08:22:41Z,2026-08-03T08:22:41Z,0.0
OX10 0BB,SEPD,HV,1,TT5077,1575,2026-08-03T08:22:41Z,2026-08-03T08:22:41Z,0.0
OX10 0BD,SEPD,HV,1,TT5077,1575,2026-08-03T08:22:41Z,2026-08-03T08:22:41Z,0.0
OX10 0BH,SEPD,HV,1,TT5077,1575,2026-08-03T08:22:41Z,2026-08-03T08:22:41Z,0.0
OX10 0BU,SEPD,HV,1,TT5077,1575,2026-08-03T08:22:41Z,2026-08-03T08:22:41Z,0.0
OX10 0BW,SEPD,HV,1,TT5077,1575,2026-08-03T08:22:41Z,2026-08-03T08:22:41Z,0.0
OX10 0BX,SEPD,HV,1,TT5077,1575,2026-08-03T08:22:41Z,2026-08-03T08:22:41Z,0.0
OX10 0BZ,SEPD,HV,1,TT5077,1575,2026-08-03T08:22:41Z,2026-08-03T08:22:41Z,0.0
OX10 0DB,SEPD,HV,1,TT5077,1575,2026-08-03T08:22:41Z,2026-08-03T08:22:41Z,0.0
OX10 0DJ,SEPD,HV,1,TT5077,1575,2026-08-03T08:22:41Z,2026-08-03T08:22:41Z,0.0
OX10 0DL,SEPD,HV,1,TT5077,1575,2026-08-03T08:22:41Z,2026-08-03T08:22:41Z,0.0
OX10 0DN,SEPD,HV,1,TT5077,1575,2026-08-03T08:22:41Z,2026-08-03T08:22:41Z,0.0
OX10 0DP,SEPD,HV,1,TT5077,1575,2026-08-03T08:22:41Z,2026-08-03T08:22:41Z,0.0
OX10 0DR,SEPD,HV,1,TT5077,1575,2026-08-03T08:22:41Z,2026-08-03T08:22:41Z,0.0
OX10 0DS,SEPD,HV,1,TT5077,1575,2026-08-03T08:22:41Z,2026-08-03T08:22:41Z,0.0
OX10 0DT,SEPD,HV,1,TT5077,1575,2026-08-03T08:22:41Z,2026-08-03T08:22:41Z,0.0
OX10 0DU,SEPD,HV,1,TT5077,1575,2026-08-03T08:22:41Z,2026-08-03T08:22:41Z,0.0
OX10 0DX,SEPD,HV,1,TT5077,1575,2026-08-03T08:22:41Z,2026-08-03T08:22:41Z,0.0
OX10 0DY,SEPD,HV,1,TT5077,1575,2026-08-03T08:22:41Z,2026-08-03T08:22:41Z,0.0
OX10 0EA,SEPD,HV,1,TT5077,1575,2026-08-03T08:22:41Z,2026-08-03T08:22:41Z,0.0
OX10 0EB,SEPD,HV,1,TT5077,1575,2026-08-03T08:22:41Z,2026-08-03T08:22:41Z,0.0
OX10 0ED,SEPD,HV,1,TT5077,1575,2026-08-03T08:22:41Z,2026-08-03T08:22:41Z,0.0
OX10 0EF,SEPD,HV,1,TT5077,1575,2026-08-03T08:22:41Z,2026-08-03T08:22:41Z,0.0
OX10 0EG,SEPD,HV,1,TT5077,1575,2026-08-03T08:22:41Z,2026-08-03T08:22:41Z,0.0
OX10 0EH,SEPD,HV,1,TT5077,1575,2026-08-03T08:22:41Z,2026-08-03T08:22:41Z,0.0
OX10 0EJ,SEPD,HV,1,TT5077,1575,2026-08-03T08:22:41Z,2026-08-03T08:22:41Z,0.0
OX10 0EL,SEPD,HV,1,TT5077,1575,2026-08-03T08:22:41Z,2026-08-03T08:22:41Z,0.0
OX10 0ER,SEPD,HV,1,TT5077,1575,2026-08-03T08:22:41Z,2026-08-03T08:22:41Z,0.0
OX10 0ES,SEPD,HV,1,TT5077,1575,2026-08-03T08:22:41Z,2026-08-03T08:22:41Z,0.0
OX10 0ET,SEPD,HV,1,TT5077,1575,2026-08-03T08:22:41Z,2026-08-03T08:22:41Z,0.0
OX10 0EW,SEPD,HV,1,TT5077,1575,2026-08-03T08:22:41Z,2026-08-03T08:22:41Z,0.0
OX10 0EX,SEPD,HV,1,TT5077,1575,2026-08-03T08:22:41Z,2026-08-03T08:22:41Z,0.0
OX10 0EY,SEPD,HV,1,TT5077,1575,2026-08-03T08:22:41Z,2026-08-03T08:22:41Z,0.0
OX10 0EZ,SEPD,HV,1,TT5077,1575,2026-08-03T08:22:41Z,2026-08-03T08:22:41Z,0.0
OX10 0FF,SEPD,HV,1,TT5077,1575,2026-08-03T08:22:41Z,2026-08-03T08:22:41Z,0.0
OX10 0FH,SEPD,HV,1,TT5077,1575,2026-08-03T08:22:41Z,2026-08-03T08:22:41Z,0.0
OX10 0FJ,SEPD,HV,1,TT5077,1575,2026-08-03T08:22:41Z,2026-08-03T08:22:41Z,0.0
OX10 0FL,SEPD,HV,1,TT5077,1575,2026-08-03T08:22:41Z,2026-08-03T08:22:41Z,0.0
OX10 0FX,SEPD,HV,1,TT5077,1575,2026-08-03T08:22:41Z,2026-08-03T08:22:41Z,0.0
OX10 0GG,SEPD,HV,1,TT5077,1575,2026-08-03T08:22:41Z,2026-08-03T08:22:41Z,0.0
OX10 0GJ,SEPD,HV,1,TT5077,1575,2026-08-03T08:22:41Z,2026-08-03T08:22:41Z,0.0
OX10 0HA,SEPD,HV,1,TT5077,1575,2026-08-03T08:22:41Z,2026-08-03T08:22:41Z,0.0
OX10 0HB,SEPD,HV,1,TT5077,1575,2026-08-03T08:22:41Z,2026-08-03T08:22:41Z,0.0
OX10 0HD,SEPD,HV,1,TT5077,1575,2026-08-03T08:22:41Z,2026-08-03T08:22:41Z,0.0
OX10 0HF,SEPD,HV,1,TT5077,1575,2026-08-03T08:22:41Z,2026-08-03T08:22:41Z,0.0
OX10 0HG,SEPD,HV,1,TT5077,1575,2026-08-03T08:22:41Z,2026-08-03T08:22:41Z,0.0
OX10 0LE,SEPD,HV,1,TT5077,1575,2026-08-03T08:22:41Z,2026-08-03T08:22:41Z,0.0
OX10 0PJ,SEPD,HV,1,TT5077,1575,2026-08-03T08:22:41Z,2026-08-03T08:22:41Z,0.0
OX10 0QT,SEPD,HV,1,TT5077,1575,2026-08-03T08:22:41Z,2026-08-03T08:22:41Z,0.0
OX10 0RE,SEPD,HV,1,TT5077,1575,2026-08-03T08:22:41Z,2026-08-03T08:22:41Z,0.0
OX10 0SP,SEPD,HV,1,TT5077,1575,2026-08-03T08:22:41Z,2026-08-03T08:22:41Z,0.0
OX10 0SR,SEPD,HV,1,TT5077,1575,2026-08-03T08:22:41Z,2026-08-03T08:22:41Z,0.0
OX10 0XB,SEPD,HV,1,TT5077,1575,2026-08-03T08:22:41Z,2026-08-03T08:22:41Z,0.0
OX10 0XD,SEPD,HV,1,TT5077,1575,2026-08-03T08:22:41Z,2026-08-03T08:22:41Z,0.0
OX10 8DL,SEPD,HV,1,TT5077,1575,2026-08-03T08:22:41Z,2026-08-03T08:22:41Z,0.0
OX10 9AH,SEPD,HV,1,TT5077,1575,2026-08-03T08:22:41Z,2026-08-03T08:22:41Z,0.0
OX10 9AJ,SEPD,HV,1,TT5077,1575,2026-08-03T08:22:41Z,2026-08-03T08:22:41Z,0.0
OX10 9AL,SEPD,HV,1,TT5077,1575,2026-08-03T08:22:41Z,2026-08-03T08:22:41Z,0.0
OX10 9AN,SEPD,HV,1,TT5077,1575,2026-08-03T08:22:41Z,2026-08-03T08:22:41Z,0.0
OX10 9AQ,SEPD,HV,1,TT5077,1575,2026-08-03T08:22:41Z,2026-08-03T08:22:41Z,0.0
OX10 9AR,SEPD,HV,1,TT5077,1575,2026-08-03T08:22:41Z,2026-08-03T08:22:41Z,0.0
OX10 9AU,SEPD,HV,1,TT5077,1575,2026-08-03T08:22:41Z,2026-08-03T08:22:41Z,0.0
OX10 9AW,SEPD,HV,1,TT5077,1575,2026-08-03T08:22:41Z,2026-08-03T08:22:41Z,0.0
OX10 9AX,SEPD,HV,1,TT5077,1575,2026-08-03T08:22:41Z,2026-08-03T08:22:41Z,0.0
OX10 9AY,SEPD,HV,1,TT5077,1575,2026-08-03T08:22:41Z,2026-08-03T08:22:41Z,0.0
OX10 9AZ,SEPD,HV,1,TT5077,1575,2026-08-03T08:22:41Z,2026-08-03T08:22:41Z,0.0
OX10 9BA,SEPD,HV,1,TT5077,1575,2026-08-03T08:22:41Z,2026-08-03T08:22:41Z,0.0
OX10 9BB,SEPD,HV,1,TT5077,1575,2026-08-03T08:22:41Z,2026-08-03T08:22:41Z,0.0
OX10 9BD,SEPD,HV,1,TT5077,1575,2026-08-03T08:22:41Z,2026-08-03T08:22:41Z,0.0
OX10 9BE,SEPD,HV,1,TT5077,1575,2026-08-03T08:22:41Z,2026-08-03T08:22:41Z,0.0
OX10 9BG,SEPD,HV,1,TT5077,1575,2026-08-03T08:22:41Z,2026-08-03T08:22:41Z,0.0
OX10 9BH,SEPD,HV,1,TT5077,1575,2026-08-03T08:22:41Z,2026-08-03T08:22:41Z,0.0
OX10 9BJ,SEPD,HV,1,TT5077,1575,2026-08-03T08:22:41Z,2026-08-03T08:22:41Z,0.0
OX10 9BL,SEPD,HV,1,TT5077,1575,2026-08-03T08:22:41Z,2026-08-03T08:22:41Z,0.0
OX10 9BN,SEPD,HV,1,TT5077,1575,2026-08-03T08:22:41Z,2026-08-03T08:22:41Z,0.0
OX10 9BP,SEPD,HV,1,TT5077,1575,2026-08-03T08:22:41Z,2026-08-03T08:22:41Z,0.0
OX10 9BQ,SEPD,HV,1,TT5077,1575,2026-08-03T08:22:41Z,2026-08-03T08:22:41Z,0.0
OX10 9BX,SEPD,HV,1,TT5077,1575,2026-08-03T08:22:41Z,2026-08-03T08:22:41Z,0.0
OX10 9BY,SEPD,HV,1,TT5077,1575,2026-08-03T08:22:41Z,2026-08-03T08:22:41Z,0.0
OX10 9DU,SEPD,HV,1,TT5077,1575,2026-08-03T08:22:41Z,2026-08-03T08:22:41Z,0.0
OX10 9DX,SEPD,HV,1,TT5077,1575,2026-08-03T08:22:41Z,2026-08-03T08:22:41Z,0.0
OX10 9DZ,SEPD,HV,1,TT5077,1575,2026-08-03T08:22:41Z,2026-08-03T08:22:41Z,0.0
OX10 9EA,SEPD,HV,1,TT5077,1575,2026-08-03T08:22:41Z,2026-08-03T08:22:41Z,0.0
OX10 9EB,SEPD,HV,1,TT5077,1575,2026-08-03T08:22:41Z,2026-08-03T08:22:41Z,0.0
OX10 9ED,SEPD,HV,1,TT5077,1575,2026-08-03T08:22:41Z,2026-08-03T08:22:41Z,0.0
OX10 9EE,SEPD,HV,1,TT5077,1575,2026-08-03T08:22:41Z,2026-08-03T08:22:41Z,0.0
OX10 9EF,SEPD,HV,1,TT5077,1575,2026-08-03T08:22:41Z,2026-08-03T08:22:41Z,0.0
OX10 9EG,SEPD,HV,1,TT5077,1575,2026-08-03T08:22:41Z,2026-08-03T08:22:41Z,0.0
OX10 9EH,SEPD,HV,1,TT5077,1575,2026-08-03T08:22:41Z,2026-08-03T08:22:41Z,0.0
OX10 9EJ,SEPD,HV,1,TT5077,1575,2026-08-03T08:22:41Z,2026-08-03T08:22:41Z,0.0
OX10 9EN,SEPD,HV,1,TT5077,1575,2026-08-03T08:22:41Z,2026-08-03T08:22:41Z,0.0
OX10 9EP,SEPD,HV,1,TT5077,1575,2026-08-03T08:22:41Z,2026-08-03T08:22:41Z,0.0
OX10 9EQ,SEPD,HV,1,TT5077,1575,2026-08-03T08:22:41Z,2026-08-03T08:22:41Z,0.0
OX10 9ES,SEPD,HV,1,TT5077,1575,2026-08-03T08:22:41Z,2026-08-03T08:22:41Z,0.0
OX10 9EW,SEPD,HV,1,TT5077,1575,2026-08-03T08:22:41Z,2026-08-03T08:22:41Z,0.0
OX10 9FT,SEPD,HV,1,TT5077,1575,2026-08-03T08:22:41Z,2026-08-03T08:22:41Z,0.0
OX10 9FW,SEPD,HV,1,TT5077,1575,2026-08-03T08:22:41Z,2026-08-03T08:22:41Z,0.0
OX10 9GF,SEPD,HV,1,TT5077,1575,2026-08-03T08:22:41Z,2026-08-03T08:22:41Z,0.0
OX10 9GG,SEPD,HV,1,TT5077,1575,2026-08-03T08:22:41Z,2026-08-03T08:22:41Z,0.0
OX10 9GH,SEPD,HV,1,TT5077,1575,2026-08-03T08:22:41Z,2026-08-03T08:22:41Z,0.0
OX10 9GL,SEPD,HV,1,TT5077,1575,2026-08-03T08:22:41Z,2026-08-03T08:22:41Z,0.0
OX10 9GN,SEPD,HV,1,TT5077,1575,2026-08-03T08:22:41Z,2026-08-03T08:22:41Z,0.0
OX10 9GP,SEPD,HV,1,TT5077,1575,2026-08-03T08:22:41Z,2026-08-03T08:22:41Z,0.0
OX10 9GQ,SEPD,HV,1,TT5077,1575,2026-08-03T08:22:41Z,2026-08-03T08:22:41Z,0.0
OX10 9HA,SEPD,HV,1,TT5077,1575,2026-08-03T08:22:41Z,2026-08-03T08:22:41Z,0.0
OX10 9HB,SEPD,HV,1,TT5077,1575,2026-08-03T08:22:41Z,2026-08-03T08:22:41Z,0.0
OX10 9HD,SEPD,HV,1,TT5077,1575,2026-08-03T08:22:41Z,2026-08-03T08:22:41Z,0.0
OX10 9HE,SEPD,HV,1,TT5077,1575,2026-08-03T08:22:41Z,2026-08-03T08:22:41Z,0.0
OX10 9HF,SEPD,HV,1,TT5077,1575,2026-08-03T08:22:41Z,2026-08-03T08:22:41Z,0.0
OX10 9HG,SEPD,HV,1,TT5077,1575,2026-08-03T08:22:41Z,2026-08-03T08:22:41Z,0.0
OX10 9HQ,SEPD,HV,1,TT5077,1575,2026-08-03T08:22:41Z,2026-08-03T08:22:41Z,0.0
OX10 9LA,SEPD,HV,1,TT5077,1575,2026-08-03T08:22:41Z,2026-08-03T08:22:41Z,0.0
OX10 9LB,SEPD,HV,1,TT5077,1575,2026-08-03T08:22:41Z,2026-08-03T08:22:41Z,0.0
OX10 9PP,SEPD,HV,1,TT5077,1575,2026-08-03T08:22:41Z,2026-08-03T08:22:41Z,0.0
OX10 9PQ,SEPD,HV,1,TT5077,1575,2026-08-03T08:22:41Z,2026-08-03T08:22:41Z,0.0
OX10 9PR,SEPD,HV,1,TT5077,1575,2026-08-03T08:22:41Z,2026-08-03T08:22:41Z,0.0
OX10 9PS,SEPD,HV,1,TT5077,1575,2026-08-03T08:22:41Z,2026-08-03T08:22:41Z,0.0
OX10 9PT,SEPD,HV,1,TT5077,1575,2026-08-03T08:22:41Z,2026-08-03T08:22:41Z,0.0
OX10 9RE,SEPD,HV,1,TT5077,1575,2026-08-03T08:22:41Z,2026-08-03T08:22:41Z,0.0
OX10 9RX,SEPD,HV,1,TT5077,1575,2026-08-03T08:22:41Z,2026-08-03T08:22:41Z,0.0
OX11 9AG,SEPD,HV,1,TT5077,1575,2026-08-03T08:22:41Z,2026-08-03T08:22:41Z,0.0
OX11 9AH,SEPD,HV,1,TT5077,1575,2026-08-03T08:22:41Z,2026-08-03T08:22:41Z,0.0
OX11 9AJ,SEPD,HV,1,TT5077,1575,2026-08-03T08:22:41Z,2026-08-03T08:22:41Z,0.0
OX11 9AL,SEPD,HV,1,TT5077,1575,2026-08-03T08:22:41Z,2026-08-03T08:22:41Z,0.0
OX11 9AN,SEPD,HV,1,TT5077,1575,2026-08-03T08:22:41Z,2026-08-03T08:22:41Z,0.0
OX11 9AQ,SEPD,HV,1,TT5077,1575,2026-08-03T08:22:41Z,2026-08-03T08:22:41Z,0.0
OX11 9AW,SEPD,HV,1,TT5077,1575,2026-08-03T08:22:41Z,2026-08-03T08:22:41Z,0.0
OX11 9FB,SEPD,HV,1,TT5077,1575,2026-08-03T08:22:41Z,2026-08-03T08:22:41Z,0.0
OX11 9FD,SEPD,HV,1,TT5077,1575,2026-08-03T08:22:41Z,2026-08-03T08:22:41Z,0.0
OX26 6ST,SEPD,LV,1,TS5673,24,2026-07-27T14:54:49Z,2026-07-27T14:54:49Z,0.0
OX26 6SX,SEPD,LV,1,TS5673,24,2026-07-27T14:54:49Z,2026-07-27T14:54:49Z,0.0
OX26 6XX,SEPD,LV,1,TS5673,24,2026-07-27T14:54:49Z,2026-07-27T14:54:49Z,0.0
OX3 9TB,SEPD,LV,1,TS5808,5,2026-07-27T17:04:43Z,2026-07-27T17:04:43Z,0.0
OX3 9UU,SEPD,LV,1,TS5808,5,2026-07-27T17:04:43Z,2026-07-27T17:04:43Z,0.0
OX4 1EU,SEPD,LV,1,TS9344,7,2026-07-29T17:37:47Z,2026-07-29T17:37:47Z,0.0
OX4 1JE,SEPD,LV,1,TS9344,7,2026-07-29T17:37:47Z,2026-07-29T17:37:47Z,0.0
OX4 1JJ,SEPD,LV,1,TS9344,7,2026-07-29T17:37:47Z,2026-07-29T17:37:47Z,0.0
OX4 3BW,SEPD,LV,1,TS7812,24,2026-07-28T19:01:57Z,2026-07-28T19:01:57Z,0.0
OX4 3JL,SEPD,LV,1,TS7812,24,2026-07-28T19:01:57Z,2026-07-28T19:01:57Z,0.0
OX4 3LF,SEPD,LV,1,TS7812,24,2026-07-28T19:01:57Z,2026-07-28T19:01:57Z,0.0
OX4 3LN,SEPD,LV,1,TS7812,24,2026-07-28T19:01:57Z,2026-07-28T19:01:57Z,0.0
OX4 3NE,SEPD,LV,1,TS7812,24,2026-07-28T19:01:57Z,2026-07-28T19:01:57Z,0.0
OX7 5DP,SEPD,LV,1,TT3254,21,2026-08-01T09:27:45Z,2026-08-01T09:27:45Z,0.0
OX7 5DQ,SEPD,LV,1,TT3254,21,2026-08-01T09:27:45Z,2026-08-01T09:27:45Z,0.0
OX7 5EH,SEPD,LV,1,TT3254,21,2026-08-01T09:27:45Z,2026-08-01T09:27:45Z,0.0
OX7 5JB,SEPD,LV,1,TT3254,21,2026-08-01T09:27:45Z,2026-08-01T09:27:45Z,0.0
OX7 5JD,SEPD,LV,1,TT3254,21,2026-08-01T09:27:45Z,2026-08-01T09:27:45Z,0.0
PA23,SHEPD,PSI,1,253757,62,2026-07-31T10:17:29Z,2026-07-31T10:17:29Z,0.0
PA29 6XX,SHEPD,PSI,1,252868,5,2026-07-31T10:17:29Z,2026-07-31T10:17:29Z,0.0
PA32 8XT,SHEPD,PSI,1,252851,3,2026-08-03T11:54:02Z,2026-08-03T11:54:02Z,0.0
PA33 1AA,SHEPD,PSI,1,253757,62,2026-07-31T10:17:29Z,2026-07-31T10:17:29Z,0.0
PA33 1BH,SHEPD,PSI,1,253757,62,2026-07-31T10:17:29Z,2026-07-31T10:17:29Z,0.0
PA33 1BJ,SHEPD,PSI,1,253757,62,2026-07-31T10:17:29Z,2026-07-31T10:17:29Z,0.0
PA33 1BL,SHEPD,PSI,1,253757,62,2026-07-31T10:17:29Z,2026-07-31T10:17:29Z,0.0
PA33 1BQ,SHEPD,PSI,1,253757,62,2026-07-31T10:17:29Z,2026-07-31T10:17:29Z,0.0
PA34 4SE,SHEPD,PSI,1,253757,62,2026-07-31T10:17:29Z,2026-07-31T10:17:29Z,0.0
PA38 4AB,SHEPD,PSI,1,253530,11,2026-07-31T10:17:29Z,2026-07-31T10:17:29Z,0.0
PA38 4DE,SHEPD,PSI,1,253530,11,2026-07-31T10:17:29Z,2026-07-31T10:17:29Z,0.0
PA42 7AF,SHEPD,HV,1,TS5776,24,2026-07-27T14:54:49Z,2026-07-27T14:54:49Z,0.0
PA42 7AT,SHEPD,HV,1,TS5776,24,2026-07-27T14:54:49Z,2026-07-27T14:54:49Z,0.0
PA42 7AW,SHEPD,HV,1,TS5776,24,2026-07-27T14:54:49Z,2026-07-27T14:54:49Z,0.0
PA42 7DR,SHEPD,HV,1,TS5776,24,2026-07-27T14:54:49Z,2026-07-27T14:54:49Z,0.0
PH1 2RW,SHEPD,LV,1,TT3984,16,2026-08-01T18:13:12Z,2026-08-01T18:13:12Z,0.0
PH1 2TB,SHEPD,LV,1,TT3984,16,2026-08-01T18:13:12Z,2026-08-01T18:13:12Z,0.0
PH1 2TF,SHEPD,LV,1,TT3984,16,2026-08-01T18:13:12Z,2026-08-01T18:13:12Z,0.0
PH1 2TL,SHEPD,LV,1,TT3984,16,2026-08-01T18:13:12Z,2026-08-01T18:13:12Z,0.0
PH1 2TQ,SHEPD,LV,1,TT3984,16,2026-08-01T18:13:12Z,2026-08-01T18:13:12Z,0.0
PH1 3SH,SHEPD,HV,1,TT3510,4,2026-08-01T12:08:39Z,2026-08-01T12:08:39Z,0.0
PH10 6EH,SHEPD,PSI,1,253229,6,2026-08-03T11:54:02Z,2026-08-03T11:54:02Z,0.0
PH10 6EL,SHEPD,PSI,1,253229,6,2026-08-03T11:54:02Z,2026-08-03T11:54:02Z,0.0
PH10 7QE,SHEPD,HV,1,TS6106,30,2026-07-27T18:46:10Z,2026-07-27T18:46:10Z,0.0
PH10 7QF,SHEPD,HV,1,TS6106,30,2026-07-27T18:46:10Z,2026-07-27T18:46:10Z,0.0
PH10 7QG,SHEPD,HV,1,TS6106,30,2026-07-27T18:46:10Z,2026-07-27T18:46:10Z,0.0
PH2 0AX,SHEPD,LV,1,TT3943,14,2026-08-01T18:13:12Z,2026-08-01T18:13:12Z,0.0
PH2 0EJ,SHEPD,LV,1,TT0577,5,2026-07-30T12:59:00Z,2026-07-30T12:59:00Z,0.0
PH2 0EX,SHEPD,LV,1,TT0577,5,2026-07-30T12:59:00Z,2026-07-30T12:59:00Z,0.0
PH2 6AR,SHEPD,HV,1,TS9601,90,2026-07-30T00:15:31Z,2026-07-30T00:15:31Z,0.0
PH2 6AS,SHEPD,HV,1,TS9601,90,2026-07-30T00:15:31Z,2026-07-30T00:15:31Z,0.0
PH2 6EP,SHEPD,HV,1,TS9601,90,2026-07-30T00:15:31Z,2026-07-30T00:15:31Z,0.0
PH2 6EZ,SHEPD,HV,1,TS9601,90,2026-07-30T00:15:31Z,2026-07-30T00:15:31Z,0.0
PH2 6FA,SHEPD,HV,1,TS9601,90,2026-07-30T00:15:31Z,2026-07-30T00:15:31Z,0.0
PH2 6HD,SHEPD,HV,1,TS9601,90,2026-07-30T00:15:31Z,2026-07-30T00:15:31Z,0.0
PH2 6HH,SHEPD,HV,1,TS9601,90,2026-07-30T00:15:31Z,2026-07-30T00:15:31Z,0.0
PH2 6HQ,SHEPD,HV,1,TS9601,90,2026-07-30T00:15:31Z,2026-07-30T00:15:31Z,0.0
PH2 6JF,SHEPD,HV,1,TS9601,90,2026-07-30T00:15:31Z,2026-07-30T00:15:31Z,0.0
PH2 6JH,SHEPD,HV,1,TS9601,90,2026-07-30T00:15:31Z,2026-07-30T00:15:31Z,0.0
PH2 8PY,SHEPD,HV,1,TT0768,4,2026-07-30T15:18:57Z,2026-07-30T15:18:57Z,0.0
PH21 1LY,SHEPD,PSI,1,252562,6,2026-07-30T09:03:39Z,2026-07-30T09:03:39Z,0.0
PH21 1QE,SHEPD,PSI,1,252562,6,2026-07-30T09:03:39Z,2026-07-30T09:03:39Z,0.0
PH26 3ES,SHEPD,LV,1,TT1185,13,2026-07-30T23:41:10Z,2026-07-30T23:41:10Z,0.0
PH26 3ET,SHEPD,LV,1,TT1185,13,2026-07-30T23:41:10Z,2026-07-30T23:41:10Z,0.0
PH26 3EX,SHEPD,LV,1,TT1185,13,2026-07-30T23:41:10Z,2026-07-30T23:41:10Z,0.0
PH26 3EY,SHEPD,LV,1,TT1185,13,2026-07-30T23:41:10Z,2026-07-30T23:41:10Z,0.0
PH26 3EZ,SHEPD,LV,1,TT1185,13,2026-07-30T23:41:10Z,2026-07-30T23:41:10Z,0.0
PH26 3FD,SHEPD,LV,1,TT1185,13,2026-07-30T23:41:10Z,2026-07-30T23:41:10Z,0.0
PH37 4LT,SHEPD,LV,1,TS8405,8,2026-07-29T12:19:44Z,2026-07-29T12:19:44Z,0.0
PH6,SHEPD,HV,1,TT3510,4,2026-08-01T12:08:39Z,2026-08-01T12:08:39Z,0.0
PH7 3AH,SHEPD,HV,1,TT3510,4,2026-08-01T12:08:39Z,2026-08-01T12:08:39Z,0.0
PH7 3LH,SHEPD,HV,1,TT3510,4,2026-08-01T12:08:39Z,2026-08-01T12:08:39Z,0.0
PH7 3LN,SHEPD,HV,1,TT3510,4,2026-08-01T12:08:39Z,2026-08-01T12:08:39Z,0.0
PH7 3LW,SHEPD,HV,1,TT3510,4,2026-08-01T12:08:39Z,2026-08-01T12:08:39Z,0.0
PH7 3NE,SHEPD,HV,1,TT3510,4,2026-08-01T12:08:39Z,2026-08-01T12:08:39Z,0.0
PH7 3NF,SHEPD,HV,1,TT3510,4,2026-08-01T12:08:39Z,2026-08-01T12:08:39Z,0.0
PH7 3QZ,SHEPD,HV,1,TT3510,4,2026-08-01T12:08:39Z,2026-08-01T12:08:39Z,0.0
PH7 4AH,SHEPD,HV,1,TT3510,4,2026-08-01T12:08:39Z,2026-08-01T12:08:39Z,0.0
PH7 4AR,SHEPD,HV,1,TT3510,4,2026-08-01T12:08:39Z,2026-08-01T12:08:39Z,0.0
PH7 4EY,SHEPD,HV,1,TT3510,4,2026-08-01T12:08:39Z,2026-08-01T12:08:39Z,0.0
PH7 4EZ,SHEPD,HV,1,TT3510,4,2026-08-01T12:08:39Z,2026-08-01T12:08:39Z,0.0
PH7 4HD,SHEPD,HV,1,TT3510,4,2026-08-01T12:08:39Z,2026-08-01T12:08:39Z,0.0
PH7 4HE,SHEPD,HV,1,TT3510,4,2026-08-01T12:08:39Z,2026-08-01T12:08:39Z,0.0
PH7 4JN,SHEPD,HV,1,TT3510,4,2026-08-01T12:08:39Z,2026-08-01T12:08:39Z,0.0
PH7 4JP,SHEPD,HV,1,TT3510,4,2026-08-01T12:08:39Z,2026-08-01T12:08:39Z,0.0
PH7 4JR,SHEPD,HV,1,TT3510,4,2026-08-01T12:08:39Z,2026-08-01T12:08:39Z,0.0
PH7 4JW,SHEPD,HV,1,TT3510,4,2026-08-01T12:08:39Z,2026-08-01T12:08:39Z,0.0
PH7 4LN,SHEPD,HV,1,TT3510,4,2026-08-01T12:08:39Z,2026-08-01T12:08:39Z,0.0
PH7 4LP,SHEPD,HV,1,TT3510,4,2026-08-01T12:08:39Z,2026-08-01T12:08:39Z,0.0
PH7 4LS,SHEPD,HV,1,TT3510,4,2026-08-01T12:08:39Z,2026-08-01T12:08:39Z,0.0
PH7 4LW,SHEPD,HV,1,TT3510,4,2026-08-01T12:08:39Z,2026-08-01T12:08:39Z,0.0
PO10,SEPD,HV,1,TS6727,29,2026-07-28T09:59:59Z,2026-07-28T09:59:59Z,0.0
PO10 7AD,SEPD,HV,1,TS6727,29,2026-07-28T09:59:59Z,2026-07-28T09:59:59Z,0.0
PO10 7AW,SEPD,HV,1,TS6727,29,2026-07-28T09:59:59Z,2026-07-28T09:59:59Z,0.0
PO10 7BA,SEPD,HV,1,TS6727,29,2026-07-28T09:59:59Z,2026-07-28T09:59:59Z,0.0
PO10 7BJ,SEPD,HV,1,TS6727,29,2026-07-28T09:59:59Z,2026-07-28T09:59:59Z,0.0
PO10 7BL,SEPD,HV,1,TS6727,29,2026-07-28T09:59:59Z,2026-07-28T09:59:59Z,0.0
PO10 7BP,SEPD,HV,1,TS6727,29,2026-07-28T09:59:59Z,2026-07-28T09:59:59Z,0.0
PO10 7BT,SEPD,HV,1,TS6727,29,2026-07-28T09:59:59Z,2026-07-28T09:59:59Z,0.0
PO10 7BU,SEPD,HV,1,TS6727,29,2026-07-28T09:59:59Z,2026-07-28T09:59:59Z,0.0
PO10 7DZ,SEPD,HV,1,TS6727,29,2026-07-28T09:59:59Z,2026-07-28T09:59:59Z,0.0
PO10 7JB,SEPD,HV,1,TS6727,29,2026-07-28T09:59:59Z,2026-07-28T09:59:59Z,0.0
PO10 7SS,SEPD,HV,1,TS6727,29,2026-07-28T09:59:59Z,2026-07-28T09:59:59Z,0.0
PO10 8AA,SEPD,HV,1,TS6727,29,2026-07-28T09:59:59Z,2026-07-28T09:59:59Z,0.0
PO10 8AB,SEPD,HV,1,TS6727,29,2026-07-28T09:59:59Z,2026-07-28T09:59:59Z,0.0
PO10 8AD,SEPD,HV,1,TS6727,29,2026-07-28T09:59:59Z,2026-07-28T09:59:59Z,0.0
PO10 8AE,SEPD,HV,1,TS6727,29,2026-07-28T09:59:59Z,2026-07-28T09:59:59Z,0.0
PO10 8AF,SEPD,HV,1,TS6727,29,2026-07-28T09:59:59Z,2026-07-28T09:59:59Z,0.0
PO10 8AG,SEPD,HV,1,TS6727,29,2026-07-28T09:59:59Z,2026-07-28T09:59:59Z,0.0
PO10 8AH,SEPD,HV,1,TS6727,29,2026-07-28T09:59:59Z,2026-07-28T09:59:59Z,0.0
PO10 8AP,SEPD,HV,1,TS6727,29,2026-07-28T09:59:59Z,2026-07-28T09:59:59Z,0.0
PO10 8AQ,SEPD,HV,1,TS6727,29,2026-07-28T09:59:59Z,2026-07-28T09:59:59Z,0.0
PO10 8BN,SEPD,HV,1,TS6727,29,2026-07-28T09:59:59Z,2026-07-28T09:59:59Z,0.0
PO10 8EY,SEPD,HV,1,TS6727,29,2026-07-28T09:59:59Z,2026-07-28T09:59:59Z,0.0
PO10 8EZ,SEPD,HV,1,TS6727,29,2026-07-28T09:59:59Z,2026-07-28T09:59:59Z,0.0
PO10 8FH,SEPD,HV,1,TS6727,29,2026-07-28T09:59:59Z,2026-07-28T09:59:59Z,0.0
PO10 8FJ,SEPD,HV,1,TS6727,29,2026-07-28T09:59:59Z,2026-07-28T09:59:59Z,0.0
PO10 8FN,SEPD,HV,1,TS6727,29,2026-07-28T09:59:59Z,2026-07-28T09:59:59Z,0.0
PO10 8FP,SEPD,HV,1,TS6727,29,2026-07-28T09:59:59Z,2026-07-28T09:59:59Z,0.0
PO10 8FR,SEPD,HV,1,TS6727,29,2026-07-28T09:59:59Z,2026-07-28T09:59:59Z,0.0
PO10 8GQ,SEPD,HV,1,TS6727,29,2026-07-28T09:59:59Z,2026-07-28T09:59:59Z,0.0
PO10 8HA,SEPD,HV,1,TS6727,29,2026-07-28T09:59:59Z,2026-07-28T09:59:59Z,0.0
PO10 8HB,SEPD,HV,1,TS6727,29,2026-07-28T09:59:59Z,2026-07-28T09:59:59Z,0.0
PO10 8HG,SEPD,HV,1,TS6727,29,2026-07-28T09:59:59Z,2026-07-28T09:59:59Z,0.0
PO10 8HH,SEPD,HV,1,TS6727,29,2026-07-28T09:59:59Z,2026-07-28T09:59:59Z,0.0
PO10 8HJ,SEPD,HV,1,TS6727,29,2026-07-28T09:59:59Z,2026-07-28T09:59:59Z,0.0
PO10 8HL,SEPD,HV,1,TS6727,29,2026-07-28T09:59:59Z,2026-07-28T09:59:59Z,0.0
PO10 8HN,SEPD,HV,1,TS6727,29,2026-07-28T09:59:59Z,2026-07-28T09:59:59Z,0.0
PO10 8HP,SEPD,HV,1,TS6727,29,2026-07-28T09:59:59Z,2026-07-28T09:59:59Z,0.0
PO10 8HW,SEPD,HV,1,TS6727,29,2026-07-28T09:59:59Z,2026-07-28T09:59:59Z,0.0
PO10 8JL,SEPD,HV,1,TS6727,29,2026-07-28T09:59:59Z,2026-07-28T09:59:59Z,0.0
PO10 8JP,SEPD,HV,1,TS6727,29,2026-07-28T09:59:59Z,2026-07-28T09:59:59Z,0.0
PO10 8JR,SEPD,HV,1,TS6727,29,2026-07-28T09:59:59Z,2026-07-28T09:59:59Z,0.0
PO10 8JW,SEPD,HV,1,TS6727,29,2026-07-28T09:59:59Z,2026-07-28T09:59:59Z,0.0
PO10 8LD,SEPD,HV,1,TS6727,29,2026-07-28T09:59:59Z,2026-07-28T09:59:59Z,0.0
PO10 8LE,SEPD,HV,1,TS6727,29,2026-07-28T09:59:59Z,2026-07-28T09:59:59Z,0.0
PO10 8LX,SEPD,HV,1,TS6727,29,2026-07-28T09:59:59Z,2026-07-28T09:59:59Z,0.0
PO10 8LY,SEPD,HV,1,TS6727,29,2026-07-28T09:59:59Z,2026-07-28T09:59:59Z,0.0
PO10 8LZ,SEPD,HV,1,TS6727,29,2026-07-28T09:59:59Z,2026-07-28T09:59:59Z,0.0
PO10 8NR,SEPD,HV,1,TS6727,29,2026-07-28T09:59:59Z,2026-07-28T09:59:59Z,0.0
PO10 8NU,SEPD,HV,1,TS6727,29,2026-07-28T09:59:59Z,2026-07-28T09:59:59Z,0.0
PO10 8NX,SEPD,HV,1,TS6727,29,2026-07-28T09:59:59Z,2026-07-28T09:59:59Z,0.0
PO10 8NY,SEPD,HV,1,TS6727,29,2026-07-28T09:59:59Z,2026-07-28T09:59:59Z,0.0
PO10 8NZ,SEPD,HV,1,TS6727,29,2026-07-28T09:59:59Z,2026-07-28T09:59:59Z,0.0
PO10 8PA,SEPD,HV,1,TS6727,29,2026-07-28T09:59:59Z,2026-07-28T09:59:59Z,0.0
PO10 8PB,SEPD,HV,1,TS6727,29,2026-07-28T09:59:59Z,2026-07-28T09:59:59Z,0.0
PO10 8PD,SEPD,HV,1,TS6727,29,2026-07-28T09:59:59Z,2026-07-28T09:59:59Z,0.0
PO10 8PE,SEPD,HV,1,TS6727,29,2026-07-28T09:59:59Z,2026-07-28T09:59:59Z,0.0
PO10 8PF,SEPD,HV,1,TS6727,29,2026-07-28T09:59:59Z,2026-07-28T09:59:59Z,0.0
PO10 8PG,SEPD,HV,1,TS6727,29,2026-07-28T09:59:59Z,2026-07-28T09:59:59Z,0.0
PO10 8PH,SEPD,HV,1,TS6727,29,2026-07-28T09:59:59Z,2026-07-28T09:59:59Z,0.0
PO10 8PJ,SEPD,HV,1,TS6727,29,2026-07-28T09:59:59Z,2026-07-28T09:59:59Z,0.0
PO10 8PQ,SEPD,HV,1,TS6727,29,2026-07-28T09:59:59Z,2026-07-28T09:59:59Z,0.0
PO10 8PW,SEPD,HV,1,TS6727,29,2026-07-28T09:59:59Z,2026-07-28T09:59:59Z,0.0
PO13 0UH,SEPD,LV,1,TS8384,4,2026-07-29T10:05:32Z,2026-07-29T10:05:32Z,0.0
PO13 0UJ,SEPD,LV,1,TS8384,4,2026-07-29T10:05:32Z,2026-07-29T10:05:32Z,0.0
PO17 5AP,SEPD,HV,1,TT4672,414,2026-08-02T13:56:57Z,2026-08-02T13:56:57Z,0.0
PO17 5AR,SEPD,HV,1,TT4672,414,2026-08-02T13:56:57Z,2026-08-02T13:56:57Z,0.0
PO17 5AS,SEPD,HV,1,TT4672,414,2026-08-02T13:56:57Z,2026-08-02T13:56:57Z,0.0
PO17 5AU,SEPD,HV,1,TT4672,414,2026-08-02T13:56:57Z,2026-08-02T13:56:57Z,0.0
PO17 5AX,SEPD,HV,1,TT4672,414,2026-08-02T13:56:57Z,2026-08-02T13:56:57Z,0.0
PO17 5AY,SEPD,HV,1,TT4672,414,2026-08-02T13:56:57Z,2026-08-02T13:56:57Z,0.0
PO17 5AZ,SEPD,HV,1,TT4672,414,2026-08-02T13:56:57Z,2026-08-02T13:56:57Z,0.0
PO17 5EA,SEPD,LV,1,TS5930,23,2026-07-27T17:04:43Z,2026-07-27T17:04:43Z,0.0
PO17 5EB,SEPD,LV,1,TS5930,23,2026-07-27T17:04:43Z,2026-07-27T17:04:43Z,0.0
PO17 5ED,SEPD,LV,1,TS5930,23,2026-07-27T17:04:43Z,2026-07-27T17:04:43Z,0.0
PO17 5EE,SEPD,LV,1,TS5930,23,2026-07-27T17:04:43Z,2026-07-27T17:04:43Z,0.0
PO17 5EL,SEPD,LV,1,TS5930,23,2026-07-27T17:04:43Z,2026-07-27T17:04:43Z,0.0
PO17 5EP,SEPD,LV,1,TS5930,23,2026-07-27T17:04:43Z,2026-07-27T17:04:43Z,0.0
PO19 1ED,SEPD,LV,1,TS6303,10,2026-07-28T01:10:21Z,2026-07-28T01:10:21Z,0.0
PO19 1HE,SEPD,LV,1,TS6303,10,2026-07-28T01:10:21Z,2026-07-28T01:10:21Z,0.0
PO19 1JG,SEPD,LV,1,TS6303,10,2026-07-28T01:10:21Z,2026-07-28T01:10:21Z,0.0
PO19 1JL,SEPD,LV,1,TS6303,10,2026-07-28T01:10:21Z,2026-07-28T01:10:21Z,0.0
PO19 1JW,SEPD,LV,1,TS6303,10,2026-07-28T01:10:21Z,2026-07-28T01:10:21Z,0.0
PO20 8QH,SEPD,LV,1,TS5606,3,2026-07-27T14:54:49Z,2026-07-27T14:54:49Z,0.0
PO21 2JA,SEPD,LV,1,TS8016,16,2026-07-29T04:30:51Z,2026-07-29T04:30:51Z,0.0
PO21 2JE,SEPD,LV,1,TS8016,16,2026-07-29T04:30:51Z,2026-07-29T04:30:51Z,0.0
PO21 2JF,SEPD,LV,1,TS8016,16,2026-07-29T04:30:51Z,2026-07-29T04:30:51Z,0.0
PO21 2JG,SEPD,LV,1,TS8016,16,2026-07-29T04:30:51Z,2026-07-29T04:30:51Z,0.0
PO21 2JX,SEPD,LV,1,TS8016,16,2026-07-29T04:30:51Z,2026-07-29T04:30:51Z,0.0
PO5 1AB,SEPD,LV,1,TT1955,35,2026-07-31T12:22:49Z,2026-07-31T12:22:49Z,0.0
PO5 1AP,SEPD,LV,1,TT1955,35,2026-07-31T12:22:49Z,2026-07-31T12:22:49Z,0.0
PO5 1PN,SEPD,LV,1,TT1955,35,2026-07-31T12:22:49Z,2026-07-31T12:22:49Z,0.0
PO5 1PU,SEPD,LV,1,TT1955,35,2026-07-31T12:22:49Z,2026-07-31T12:22:49Z,0.0
PO5 1PX,SEPD,LV,1,TT1955,35,2026-07-31T12:22:49Z,2026-07-31T12:22:49Z,0.0
PO5 1QP,SEPD,LV,1,TT1955,35,2026-07-31T12:22:49Z,2026-07-31T12:22:49Z,0.0
PO5 1QU,SEPD,LV,1,TT1955,35,2026-07-31T12:22:49Z,2026-07-31T12:22:49Z,0.0
PO5 2BZ,SEPD,LV,1,TT1955,35,2026-07-31T12:22:49Z,2026-07-31T12:22:49Z,0.0
PO5 3BH,SEPD,LV,1,TT1432,10,2026-07-31T07:40:50Z,2026-07-31T07:40:50Z,0.0
PO5 3BW,SEPD,LV,1,TT1432,10,2026-07-31T07:40:50Z,2026-07-31T07:40:50Z,0.0
PO8 9LD,SEPD,LV,1,TT0362,15,2026-07-30T11:20:22Z,2026-07-30T11:20:22Z,0.0
PO8 9LG,SEPD,LV,1,TT0362,15,2026-07-30T11:20:22Z,2026-07-30T11:20:22Z,0.0
PO8 9LQ,SEPD,LV,1,TT0362,15,2026-07-30T11:20:22Z,2026-07-30T11:20:22Z,0.0
PO8 9WG,SEPD,LV,1,TT0362,15,2026-07-30T11:20:22Z,2026-07-30T11:20:22Z,0.0
PO8 9WH,SEPD,LV,1,TT0362,15,2026-07-30T11:20:22Z,2026-07-30T11:20:22Z,0.0
RG1 5BP,SEPD,LV,1,TF9720,5,2026-08-02T15:09:42Z,2026-08-02T15:09:42Z,0.0
RG1 7AB,SEPD,LV,1,TS5397,16,2026-07-27T11:57:34Z,2026-07-27T11:57:34Z,0.0
RG1 7AJ,SEPD,LV,1,TS5397,16,2026-07-27T11:57:34Z,2026-07-27T11:57:34Z,0.0
RG1 7AQ,SEPD,LV,1,TS5397,16,2026-07-27T11:57:34Z,2026-07-27T11:57:34Z,0.0
RG1 7LA,SEPD,LV,1,TS5397,16,2026-07-27T11:57:34Z,2026-07-27T11:57:34Z,0.0
RG2 0AS,SEPD,LV,1,TF9720,5,2026-08-02T15:09:42Z,2026-08-02T15:09:42Z,0.0
RG2 0BE,SEPD,LV,1,TT5460,2,2026-08-03T11:54:02Z,2026-08-03T11:54:02Z,0.0
RG2 0EB,SEPD,LV,1,TT5460,2,2026-08-03T11:54:02Z,2026-08-03T11:54:02Z,0.0
RG2 0EG,SEPD,LV,1,TF9720,5,2026-08-02T15:09:42Z,2026-08-02T15:09:42Z,0.0
RG2 0EQ,SEPD,LV,1,TF9720,5,2026-08-02T15:09:42Z,2026-08-02T15:09:42Z,0.0
RG2 8FS,SEPD,PSI,1,252754,86,2026-07-31T10:17:29Z,2026-07-31T10:17:29Z,0.0
RG2 8HX,SEPD,PSI,1,252754,86,2026-07-31T10:17:29Z,2026-07-31T10:17:29Z,0.0
RG2 8LD,SEPD,LV,1,TT1738,17,2026-07-31T10:17:29Z,2026-07-31T10:17:29Z,0.0
RG2 8LE,SEPD,LV,1,TT1738,17,2026-07-31T10:17:29Z,2026-07-31T10:17:29Z,0.0
RG2 8LF,SEPD,LV,1,TT1738,17,2026-07-31T10:17:29Z,2026-07-31T10:17:29Z,0.0
RG2 8LH,SEPD,LV,1,TT1738,17,2026-07-31T10:17:29Z,2026-07-31T10:17:29Z,0.0
RG2 8LQ,SEPD,LV,1,TT1738,17,2026-07-31T10:17:29Z,2026-07-31T10:17:29Z,0.0
RG2 8PE,SEPD,PSI,1,252754,86,2026-07-31T10:17:29Z,2026-07-31T10:17:29Z,0.0
RG2 8PP,SEPD,PSI,1,252754,86,2026-07-31T10:17:29Z,2026-07-31T10:17:29Z,0.0
RG2 8RU,SEPD,LV,1,TT1738,17,2026-07-31T10:17:29Z,2026-07-31T10:17:29Z,0.0
RG2 8TJ,SEPD,LV,1,TT1738,17,2026-07-31T10:17:29Z,2026-07-31T10:17:29Z,0.0
RG2 8TP,SEPD,PSI,1,252754,86,2026-07-31T10:17:29Z,2026-07-31T10:17:29Z,0.0
RG2 8UA,SEPD,PSI,1,252754,86,2026-07-31T10:17:29Z,2026-07-31T10:17:29Z,0.0
RG2 8UD,SEPD,PSI,1,252754,86,2026-07-31T10:17:29Z,2026-07-31T10:17:29Z,0.0
RG2 8UE,SEPD,PSI,1,252754,86,2026-07-31T10:17:29Z,2026-07-31T10:17:29Z,0.0
RG2 8UG,SEPD,PSI,1,252754,86,2026-07-31T10:17:29Z,2026-07-31T10:17:29Z,0.0
RG2 8UQ,SEPD,PSI,1,252754,86,2026-07-31T10:17:29Z,2026-07-31T10:17:29Z,0.0
RG2 8US,SEPD,PSI,1,252754,86,2026-07-31T10:17:29Z,2026-07-31T10:17:29Z,0.0
RG20 8SB,SEPD,LV,1,TT2629,8,2026-08-01T13:53:13Z,2026-08-01T13:53:13Z,0.0
RG20 8SD,SEPD,LV,1,TT2629,8,2026-08-01T13:53:13Z,2026-08-01T13:53:13Z,0.0
RG20 8SE,SEPD,LV,1,TT2629,8,2026-08-01T13:53:13Z,2026-08-01T13:53:13Z,0.0
RG22 4BS,SEPD,LV,1,TS9134,9,2026-07-29T20:01:59Z,2026-07-29T20:01:59Z,0.0
RG22 4BT,SEPD,LV,1,TS9134,9,2026-07-29T20:01:59Z,2026-07-29T20:01:59Z,0.0
RG22 4BU,SEPD,LV,1,TS9134,9,2026-07-29T20:01:59Z,2026-07-29T20:01:59Z,0.0
RG22 4BZ,SEPD,LV,1,TS9134,9,2026-07-29T20:01:59Z,2026-07-29T20:01:59Z,0.0
RG24 8SN,SEPD,LV,1,TS6024,45,2026-07-27T18:46:10Z,2026-07-27T18:46:10Z,0.0
RG24 8SP,SEPD,LV,1,TS6024,45,2026-07-27T18:46:10Z,2026-07-27T18:46:10Z,0.0
RG24 8SR,SEPD,LV,1,TS6024,45,2026-07-27T18:46:10Z,2026-07-27T18:46:10Z,0.0
RG24 8SS,SEPD,LV,1,TS6024,45,2026-07-27T18:46:10Z,2026-07-27T18:46:10Z,0.0
RG24 8SW,SEPD,LV,1,TS6024,45,2026-07-27T18:46:10Z,2026-07-27T18:46:10Z,0.0
RG26 5BS,SEPD,LV,1,TS9609,22,2026-07-30T03:38:05Z,2026-07-30T03:38:05Z,0.0
RG26 5BT,SEPD,LV,1,TS9609,22,2026-07-30T03:38:05Z,2026-07-30T03:38:05Z,0.0
RG26 5BU,SEPD,LV,1,TS9609,22,2026-07-30T03:38:05Z,2026-07-30T03:38:05Z,0.0
RG26 5BX,SEPD,LV,1,TS9609,22,2026-07-30T03:38:05Z,2026-07-30T03:38:05Z,0.0
RG26 5BY,SEPD,LV,1,TS9609,22,2026-07-30T03:38:05Z,2026-07-30T03:38:05Z,0.0
RG26 5DA,SEPD,LV,1,TS9609,22,2026-07-30T03:38:05Z,2026-07-30T03:38:05Z,0.0
RG26 5JD,SEPD,LV,1,TS9609,22,2026-07-30T03:38:05Z,2026-07-30T03:38:05Z,0.0
RG27 0LL,SEPD,PSI,1,253347,22,2026-08-03T11:54:02Z,2026-08-03T11:54:02Z,0.0
RG27 0LN,SEPD,PSI,1,253347,22,2026-08-03T11:54:02Z,2026-08-03T11:54:02Z,0.0
RG27 0LP,SEPD,PSI,1,253347,22,2026-08-03T11:54:02Z,2026-08-03T11:54:02Z,0.0
RG27 0LQ,SEPD,PSI,1,253347,22,2026-08-03T11:54:02Z,2026-08-03T11:54:02Z,0.0
RG27 9BA,SEPD,PSI,1,253278,181,2026-07-27T11:57:34Z,2026-07-27T11:57:34Z,0.0
RG27 9BB,SEPD,PSI,1,253278,181,2026-07-27T11:57:34Z,2026-07-27T11:57:34Z,0.0
RG27 9BD,SEPD,PSI,1,253278,181,2026-07-27T11:57:34Z,2026-07-27T11:57:34Z,0.0
RG27 9BE,SEPD,PSI,1,253278,181,2026-07-27T11:57:34Z,2026-07-27T11:57:34Z,0.0
RG27 9BF,SEPD,PSI,1,253278,181,2026-07-27T11:57:34Z,2026-07-27T11:57:34Z,0.0
RG27 9BG,SEPD,PSI,1,253278,181,2026-07-27T11:57:34Z,2026-07-27T11:57:34Z,0.0
RG27 9BJ,SEPD,PSI,1,253278,181,2026-07-27T11:57:34Z,2026-07-27T11:57:34Z,0.0
RG27 9BL,SEPD,PSI,1,253278,181,2026-07-27T11:57:34Z,2026-07-27T11:57:34Z,0.0
RG27 9BN,SEPD,PSI,1,253278,181,2026-07-27T11:57:34Z,2026-07-27T11:57:34Z,0.0
RG27 9BP,SEPD,PSI,1,253278,181,2026-07-27T11:57:34Z,2026-07-27T11:57:34Z,0.0
RG27 9BQ,SEPD,PSI,1,253278,181,2026-07-27T11:57:34Z,2026-07-27T11:57:34Z,0.0
RG27 9BS,SEPD,PSI,1,253278,181,2026-07-27T11:57:34Z,2026-07-27T11:57:34Z,0.0
RG27 9BT,SEPD,PSI,1,253278,181,2026-07-27T11:57:34Z,2026-07-27T11:57:34Z,0.0
RG27 9BU,SEPD,PSI,1,253278,181,2026-07-27T11:57:34Z,2026-07-27T11:57:34Z,0.0
RG27 9BW,SEPD,PSI,1,253278,181,2026-07-27T11:57:34Z,2026-07-27T11:57:34Z,0.0
RG27 9BX,SEPD,PSI,1,253278,181,2026-07-27T11:57:34Z,2026-07-27T11:57:34Z,0.0
RG27 9BY,SEPD,PSI,1,253278,181,2026-07-27T11:57:34Z,2026-07-27T11:57:34Z,0.0
RG27 9EL,SEPD,HV,1,TT1409,129,2026-07-31T07:40:50Z,2026-07-31T07:40:50Z,0.0
RG27 9ER,SEPD,HV,1,TT1409,129,2026-07-31T07:40:50Z,2026-07-31T07:40:50Z,0.0
RG27 9FF,SEPD,HV,1,TT1409,129,2026-07-31T07:40:50Z,2026-07-31T07:40:50Z,0.0
RG27 9FG,SEPD,HV,1,TT1409,129,2026-07-31T07:40:50Z,2026-07-31T07:40:50Z,0.0
RG27 9QT,SEPD,PSI,1,253278,181,2026-07-27T11:57:34Z,2026-07-27T11:57:34Z,0.0
RG27 9RW,SEPD,HV,1,TT1409,129,2026-07-31T07:40:50Z,2026-07-31T07:40:50Z,0.0
RG27 9UF,SEPD,HV,1,TT1409,129,2026-07-31T07:40:50Z,2026-07-31T07:40:50Z,0.0
RG27 9UY,SEPD,HV,1,TT1409,129,2026-07-31T07:40:50Z,2026-07-31T07:40:50Z,0.0
RG27 9XA,SEPD,HV,1,TT1409,129,2026-07-31T07:40:50Z,2026-07-31T07:40:50Z,0.0
RG30 3DZ,SEPD,HV,1,TT3904,131,2026-08-01T16:07:57Z,2026-08-01T16:07:57Z,0.0
RG30 3ED,SEPD,HV,1,TT3904,131,2026-08-01T16:07:57Z,2026-08-01T16:07:57Z,0.0
RG30 3HH,SEPD,HV,1,TT3904,131,2026-08-01T16:07:57Z,2026-08-01T16:07:57Z,0.0
RG30 3JH,SEPD,HV,1,TT3904,131,2026-08-01T16:07:57Z,2026-08-01T16:07:57Z,0.0
RG30 3NB,SEPD,HV,1,TT3904,131,2026-08-01T16:07:57Z,2026-08-01T16:07:57Z,0.0
RG30 3RA,SEPD,HV,1,TT3904,131,2026-08-01T16:07:57Z,2026-08-01T16:07:57Z,0.0
RG30 3RB,SEPD,HV,1,TT3904,131,2026-08-01T16:07:57Z,2026-08-01T16:07:57Z,0.0
RG30 3RD,SEPD,HV,1,TT3904,131,2026-08-01T16:07:57Z,2026-08-01T16:07:57Z,0.0
RG30 3RE,SEPD,HV,1,TT3904,131,2026-08-01T16:07:57Z,2026-08-01T16:07:57Z,0.0
RG30 3SS,SEPD,HV,1,TT3904,131,2026-08-01T16:07:57Z,2026-08-01T16:07:57Z,0.0
RG30 3ST,SEPD,HV,1,TT3904,131,2026-08-01T16:07:57Z,2026-08-01T16:07:57Z,0.0
RG30 3SU,SEPD,HV,1,TT3904,131,2026-08-01T16:07:57Z,2026-08-01T16:07:57Z,0.0
RG30 3TA,SEPD,HV,1,TT3904,131,2026-08-01T16:07:57Z,2026-08-01T16:07:57Z,0.0
RG30 3XD,SEPD,HV,1,TT3904,131,2026-08-01T16:07:57Z,2026-08-01T16:07:57Z,0.0
RG30 3XH,SEPD,HV,1,TT3904,131,2026-08-01T16:07:57Z,2026-08-01T16:07:57Z,0.0
RG30 3XJ,SEPD,HV,1,TT3904,131,2026-08-01T16:07:57Z,2026-08-01T16:07:57Z,0.0
RG30 3XL,SEPD,HV,1,TT3904,131,2026-08-01T16:07:57Z,2026-08-01T16:07:57Z,0.0
RG30 3XN,SEPD,HV,1,TT3904,131,2026-08-01T16:07:57Z,2026-08-01T16:07:57Z,0.0
RG30 3XP,SEPD,HV,1,TT3904,131,2026-08-01T16:07:57Z,2026-08-01T16:07:57Z,0.0
RG30 3XT,SEPD,HV,1,TT3904,131,2026-08-01T16:07:57Z,2026-08-01T16:07:57Z,0.0
RG31 5QB,SEPD,LV,1,TS9868,29,2026-07-30T09:03:39Z,2026-07-30T09:03:39Z,0.0
RG31 5UJ,SEPD,LV,1,TS9868,29,2026-07-30T09:03:39Z,2026-07-30T09:03:39Z,0.0
RG31 5WH,SEPD,LV,1,TS9868,29,2026-07-30T09:03:39Z,2026-07-30T09:03:39Z,0.0
RG31 5WJ,SEPD,LV,1,TS9868,29,2026-07-30T09:03:39Z,2026-07-30T09:03:39Z,0.0
RG31 5WQ,SEPD,LV,1,TS9868,29,2026-07-30T09:03:39Z,2026-07-30T09:03:39Z,0.0
RG31 6YG,SEPD,LV,1,TT3215,11,2026-08-01T07:14:11Z,2026-08-01T07:14:11Z,0.0
RG31 6YH,SEPD,LV,1,TT3215,11,2026-08-01T07:14:11Z,2026-08-01T07:14:11Z,0.0
RG31 6YQ,SEPD,LV,1,TT3215,11,2026-08-01T07:14:11Z,2026-08-01T07:14:11Z,0.0
RG31 6YR,SEPD,LV,1,TT3215,11,2026-08-01T07:14:11Z,2026-08-01T07:14:11Z,0.0
RG31 6YS,SEPD,LV,1,TT3215,11,2026-08-01T07:14:11Z,2026-08-01T07:14:11Z,0.0
RG31 7YT,SEPD,LV,1,TS5747,25,2026-07-27T22:36:18Z,2026-07-27T22:36:18Z,0.0
RG31 7ZH,SEPD,LV,1,TS5747,25,2026-07-27T22:36:18Z,2026-07-27T22:36:18Z,0.0
RG31 7ZX,SEPD,LV,1,TS5747,25,2026-07-27T22:36:18Z,2026-07-27T22:36:18Z,0.0
RG4 9NH,SEPD,PSI,1,253069,118,2026-07-28T09:59:59Z,2026-07-28T09:59:59Z,0.0
RG42 4NA,SEPD,HV,1,TT2316,17,2026-07-31T14:55:42Z,2026-07-31T14:55:42Z,0.0
RG42 5NE,SEPD,HV,1,TT2316,17,2026-07-31T14:55:42Z,2026-07-31T14:55:42Z,0.0
RG42 5QT,SEPD,HV,1,TT2316,17,2026-07-31T14:55:42Z,2026-07-31T14:55:42Z,0.0
RG42 5QU,SEPD,HV,1,TT2316,17,2026-07-31T14:55:42Z,2026-07-31T14:55:42Z,0.0
RG42 5RX,SEPD,HV,1,TT2316,17,2026-07-31T14:55:42Z,2026-07-31T14:55:42Z,0.0
RG42 5RY,SEPD,HV,1,TT2316,17,2026-07-31T14:55:42Z,2026-07-31T14:55:42Z,0.0
RG42 6ES,SEPD,HV,1,TT2316,17,2026-07-31T14:55:42Z,2026-07-31T14:55:42Z,0.0
RG42 6ET,SEPD,HV,1,TT2316,17,2026-07-31T14:55:42Z,2026-07-31T14:55:42Z,0.0
RG42 6EX,SEPD,HV,1,TT2316,17,2026-07-31T14:55:42Z,2026-07-31T14:55:42Z,0.0
RG6 5UD,SEPD,LV,1,TS8038,21,2026-07-29T04:30:51Z,2026-07-29T04:30:51Z,0.0
RG6 5UW,SEPD,LV,1,TS8038,21,2026-07-29T04:30:51Z,2026-07-29T04:30:51Z,0.0
RG6 7XN,SEPD,LV,1,TS6409,20,2026-07-28T07:17:57Z,2026-07-28T07:17:57Z,0.0
RG6 7XW,SEPD,LV,1,TS6409,20,2026-07-28T07:17:57Z,2026-07-28T07:17:57Z,0.0
RG6 7YB,SEPD,LV,1,TS6409,20,2026-07-28T07:17:57Z,2026-07-28T07:17:57Z,0.0
RG7 1BN,SEPD,LV,1,TS5869,8,2026-07-28T01:10:21Z,2026-07-28T01:10:21Z,0.0
RG9 5JE,SEPD,PSI,1,253069,118,2026-07-28T09:59:59Z,2026-07-28T09:59:59Z,0.0
RG9 5JG,SEPD,PSI,1,253069,118,2026-07-28T09:59:59Z,2026-07-28T09:59:59Z,0.0
RG9 5LT,SEPD,PSI,1,253069,118,2026-07-28T09:59:59Z,2026-07-28T09:59:59Z,0.0
RG9 5LU,SEPD,PSI,1,253069,118,2026-07-28T09:59:59Z,2026-07-28T09:59:59Z,0.0
RG9 5LX,SEPD,PSI,1,253069,118,2026-07-28T09:59:59Z,2026-07-28T09:59:59Z,0.0
RG9 5LY,SEPD,PSI,1,253069,118,2026-07-28T09:59:59Z,2026-07-28T09:59:59Z,0.0
RG9 5NA,SEPD,PSI,1,253069,118,2026-07-28T09:59:59Z,2026-07-28T09:59:59Z,0.0
RG9 5NB,SEPD,PSI,1,253069,118,2026-07-28T09:59:59Z,2026-07-28T09:59:59Z,0.0
RG9 5NG,SEPD,PSI,1,253069,118,2026-07-28T09:59:59Z,2026-07-28T09:59:59Z,0.0
RG9 5PW,SEPD,PSI,1,253069,118,2026-07-28T09:59:59Z,2026-07-28T09:59:59Z,0.0
RG9 5RG,SEPD,PSI,1,253069,118,2026-07-28T09:59:59Z,2026-07-28T09:59:59Z,0.0
RG9 5RQ,SEPD,PSI,1,253069,118,2026-07-28T09:59:59Z,2026-07-28T09:59:59Z,0.0
RH14 9BP,SEPD,PSI,1,251749,8,2026-07-29T10:05:32Z,2026-07-29T10:05:32Z,0.0
RH14 9HS,SEPD,PSI,1,251749,8,2026-07-29T10:05:32Z,2026-07-29T10:05:32Z,0.0
RH20 1HQ,SEPD,PSI,1,251749,8,2026-07-29T10:05:32Z,2026-07-29T10:05:32Z,0.0
SL1 2BU,SEPD,LV,1,TS8839,61,2026-07-29T18:40:57Z,2026-07-29T18:40:57Z,0.0
SL1 2DA,SEPD,LV,1,TS8839,61,2026-07-29T18:40:57Z,2026-07-29T18:40:57Z,0.0
SL1 2DB,SEPD,LV,1,TS8839,61,2026-07-29T18:40:57Z,2026-07-29T18:40:57Z,0.0
SL1 2DD,SEPD,LV,1,TS8839,61,2026-07-29T18:40:57Z,2026-07-29T18:40:57Z,0.0
SL1 2DE,SEPD,LV,1,TS8839,61,2026-07-29T18:40:57Z,2026-07-29T18:40:57Z,0.0
SL1 2DY,SEPD,LV,1,TS8839,61,2026-07-29T18:40:57Z,2026-07-29T18:40:57Z,0.0
SL1 2ED,SEPD,LV,1,TS8839,61,2026-07-29T18:40:57Z,2026-07-29T18:40:57Z,0.0
SL1 2EZ,SEPD,LV,1,TS8839,61,2026-07-29T18:40:57Z,2026-07-29T18:40:57Z,0.0
SL1 2GB,SEPD,LV,1,TS8839,61,2026-07-29T18:40:57Z,2026-07-29T18:40:57Z,0.0
SL1 2JZ,SEPD,LV,1,TS8839,61,2026-07-29T18:40:57Z,2026-07-29T18:40:57Z,0.0
SL1 2LP,SEPD,LV,1,TS8839,61,2026-07-29T18:40:57Z,2026-07-29T18:40:57Z,0.0
SL4 2HX,SEPD,LV,1,TT4644,2,2026-08-02T12:11:54Z,2026-08-02T12:11:54Z,0.0
SL4 4RS,SEPD,PSI,1,253811,2,2026-08-01T09:27:45Z,2026-08-01T09:27:45Z,0.0
SL5 7NT,SEPD,HV,1,TT2316,17,2026-07-31T14:55:42Z,2026-07-31T14:55:42Z,0.0
SL6 2ES,SEPD,LV,1,TS7745,14,2026-07-28T17:50:34Z,2026-07-28T17:50:34Z,0.0
SL6 3JP,SEPD,HV,1,TT2316,17,2026-07-31T14:55:42Z,2026-07-31T14:55:42Z,0.0
SL6 3ST,SEPD,HV,1,TT2316,17,2026-07-31T14:55:42Z,2026-07-31T14:55:42Z,0.0
SL6 3SY,SEPD,HV,1,TT2316,17,2026-07-31T14:55:42Z,2026-07-31T14:55:42Z,0.0
SL6 3TD,SEPD,HV,1,TT2316,17,2026-07-31T14:55:42Z,2026-07-31T14:55:42Z,0.0
SL9 8TL,SEPD,HV,1,TT5603,394,2026-08-03T11:54:02Z,2026-08-03T11:54:02Z,0.0
SL9 8TN,SEPD,HV,1,TT5603,394,2026-08-03T11:54:02Z,2026-08-03T11:54:02Z,0.0
SL9 8TP,SEPD,HV,1,TT5603,394,2026-08-03T11:54:02Z,2026-08-03T11:54:02Z,0.0
SL9 8TR,SEPD,HV,1,TT5603,394,2026-08-03T11:54:02Z,2026-08-03T11:54:02Z,0.0
SL9 8TS,SEPD,HV,1,TT5603,394,2026-08-03T11:54:02Z,2026-08-03T11:54:02Z,0.0
SL9 8TT,SEPD,HV,1,TT5603,394,2026-08-03T11:54:02Z,2026-08-03T11:54:02Z,0.0
SL9 8TU,SEPD,HV,1,TT5603,394,2026-08-03T11:54:02Z,2026-08-03T11:54:02Z,0.0
SL9 8TW,SEPD,HV,1,TT5603,394,2026-08-03T11:54:02Z,2026-08-03T11:54:02Z,0.0
SL9 9NX,SEPD,HV,1,TT5603,394,2026-08-03T11:54:02Z,2026-08-03T11:54:02Z,0.0
SL9 9PA,SEPD,HV,1,TT5603,394,2026-08-03T11:54:02Z,2026-08-03T11:54:02Z,0.0
SL9 9PB,SEPD,HV,1,TT5603,394,2026-08-03T11:54:02Z,2026-08-03T11:54:02Z,0.0
SL9 9PD,SEPD,HV,1,TT5603,394,2026-08-03T11:54:02Z,2026-08-03T11:54:02Z,0.0
SL9 9PE,SEPD,HV,1,TT5603,394,2026-08-03T11:54:02Z,2026-08-03T11:54:02Z,0.0
SL9 9PR,SEPD,HV,1,TT5603,394,2026-08-03T11:54:02Z,2026-08-03T11:54:02Z,0.0
SN1 4GE,SEPD,LV,1,TS8904,15,2026-07-29T12:19:44Z,2026-07-29T12:19:44Z,0.0
SN1 4GY,SEPD,LV,1,TS8904,15,2026-07-29T12:19:44Z,2026-07-29T12:19:44Z,0.0
SN10 1DN,SEPD,LV,1,TT4653,16,2026-08-02T13:56:57Z,2026-08-02T13:56:57Z,0.0
SN10 1DT,SEPD,LV,1,TT4653,16,2026-08-02T13:56:57Z,2026-08-02T13:56:57Z,0.0
SN10 1ED,SEPD,LV,1,TT4653,16,2026-08-02T13:56:57Z,2026-08-02T13:56:57Z,0.0
SN10 1EG,SEPD,LV,1,TT4653,16,2026-08-02T13:56:57Z,2026-08-02T13:56:57Z,0.0
SN10 1EH,SEPD,LV,1,TT4653,16,2026-08-02T13:56:57Z,2026-08-02T13:56:57Z,0.0
SN10 1RB,SEPD,HV,1,TT0222,8,2026-07-30T11:20:22Z,2026-07-30T11:20:22Z,0.0
SN10 5TB,SEPD,HV,1,TT0222,8,2026-07-30T11:20:22Z,2026-07-30T11:20:22Z,0.0
SN11,SEPD,HV,1,TS9484,200,2026-07-29T20:01:59Z,2026-07-29T20:01:59Z,0.0
SN11 0NU,SEPD,HV,1,TS9567,49,2026-07-29T22:12:04Z,2026-07-29T22:12:04Z,0.0
SN11 0NX,SEPD,HV,1,TS9567,49,2026-07-29T22:12:04Z,2026-07-29T22:12:04Z,0.0
SN11 0NY,SEPD,HV,1,TS9567,49,2026-07-29T22:12:04Z,2026-07-29T22:12:04Z,0.0
SN11 0NZ,SEPD,HV,1,TS9567,49,2026-07-29T22:12:04Z,2026-07-29T22:12:04Z,0.0
SN11 0PA,SEPD,HV,1,TS9567,49,2026-07-29T22:12:04Z,2026-07-29T22:12:04Z,0.0
SN11 0PB,SEPD,HV,1,TS9567,49,2026-07-29T22:12:04Z,2026-07-29T22:12:04Z,0.0
SN11 0PD,SEPD,HV,1,TS9567,49,2026-07-29T22:12:04Z,2026-07-29T22:12:04Z,0.0
SN11 0PF,SEPD,HV,1,TS9567,49,2026-07-29T22:12:04Z,2026-07-29T22:12:04Z,0.0
SN11 9JT,SEPD,HV,1,TS9484,200,2026-07-29T20:01:59Z,2026-07-29T20:01:59Z,0.0
SN11 9LL,SEPD,HV,1,TS9484,200,2026-07-29T20:01:59Z,2026-07-29T20:01:59Z,0.0
SN11 9LN,SEPD,HV,1,TS9484,200,2026-07-29T20:01:59Z,2026-07-29T20:01:59Z,0.0
SN11 9LW,SEPD,HV,1,TS9484,200,2026-07-29T20:01:59Z,2026-07-29T20:01:59Z,0.0
SN11 9NH,SEPD,HV,1,TS9484,200,2026-07-29T20:01:59Z,2026-07-29T20:01:59Z,0.0
SN11 9NJ,SEPD,HV,1,TS9484,200,2026-07-29T20:01:59Z,2026-07-29T20:01:59Z,0.0
SN11 9NL,SEPD,HV,1,TS9484,200,2026-07-29T20:01:59Z,2026-07-29T20:01:59Z,0.0
SN11 9NN,SEPD,HV,1,TS9484,200,2026-07-29T20:01:59Z,2026-07-29T20:01:59Z,0.0
SN11 9NQ,SEPD,HV,1,TS9484,200,2026-07-29T20:01:59Z,2026-07-29T20:01:59Z,0.0
SN11 9QY,SEPD,HV,1,TS9484,200,2026-07-29T20:01:59Z,2026-07-29T20:01:59Z,0.0
SN14 7AF,SEPD,HV,1,TS7023,104,2026-07-28T12:04:41Z,2026-07-28T12:04:41Z,0.0
SN14 7AG,SEPD,HV,1,TS7023,104,2026-07-28T12:04:41Z,2026-07-28T12:04:41Z,0.0
SN14 7AJ,SEPD,HV,1,TS7023,104,2026-07-28T12:04:41Z,2026-07-28T12:04:41Z,0.0
SN14 7AQ,SEPD,HV,1,TS7023,104,2026-07-28T12:04:41Z,2026-07-28T12:04:41Z,0.0
SN14 7AZ,SEPD,HV,1,TS7023,104,2026-07-28T12:04:41Z,2026-07-28T12:04:41Z,0.0
SN14 8SA,SEPD,HV,1,TS7023,104,2026-07-28T12:04:41Z,2026-07-28T12:04:41Z,0.0
SN14 8SB,SEPD,HV,1,TS7023,104,2026-07-28T12:04:41Z,2026-07-28T12:04:41Z,0.0
SN14 8SG,SEPD,HV,1,TS7023,104,2026-07-28T12:04:41Z,2026-07-28T12:04:41Z,0.0
SN14 8SQ,SEPD,HV,1,TS7023,104,2026-07-28T12:04:41Z,2026-07-28T12:04:41Z,0.0
SN15 1HB,SEPD,PSI,1,252687,36,2026-08-03T11:54:02Z,2026-08-03T11:54:02Z,0.0
SN15 1HD,SEPD,PSI,1,252687,36,2026-08-03T11:54:02Z,2026-08-03T11:54:02Z,0.0
SN15 1HE,SEPD,PSI,1,252687,36,2026-08-03T11:54:02Z,2026-08-03T11:54:02Z,0.0
SN15 1HF,SEPD,PSI,1,252687,36,2026-08-03T11:54:02Z,2026-08-03T11:54:02Z,0.0
SN15 1HG,SEPD,PSI,1,252687,36,2026-08-03T11:54:02Z,2026-08-03T11:54:02Z,0.0
SN15 2AD,SEPD,PSI,1,252687,36,2026-08-03T11:54:02Z,2026-08-03T11:54:02Z,0.0
SN15 2BT,SEPD,PSI,1,252687,36,2026-08-03T11:54:02Z,2026-08-03T11:54:02Z,0.0
SN15 2BX,SEPD,PSI,1,252687,36,2026-08-03T11:54:02Z,2026-08-03T11:54:02Z,0.0
SN15 2DB,SEPD,PSI,1,252687,36,2026-08-03T11:54:02Z,2026-08-03T11:54:02Z,0.0
SN3 5DN,SEPD,LV,1,TT2898,17,2026-08-01T01:09:21Z,2026-08-01T01:09:21Z,0.0
SN3 5DP,SEPD,LV,1,TT2898,17,2026-08-01T01:09:21Z,2026-08-01T01:09:21Z,0.0
SN3 5DW,SEPD,LV,1,TT2898,17,2026-08-01T01:09:21Z,2026-08-01T01:09:21Z,0.0
SN4 7AS,SEPD,HV,1,TS8110,975,2026-07-29T07:23:36Z,2026-07-29T07:23:36Z,0.0
SN4 7EX,SEPD,HV,1,TS8110,975,2026-07-29T07:23:36Z,2026-07-29T07:23:36Z,0.0
SN4 7GJ,SEPD,HV,1,TS8110,975,2026-07-29T07:23:36Z,2026-07-29T07:23:36Z,0.0
SN4 7HA,SEPD,HV,1,TS8110,975,2026-07-29T07:23:36Z,2026-07-29T07:23:36Z,0.0
SN4 7HE,SEPD,HV,1,TS8110,975,2026-07-29T07:23:36Z,2026-07-29T07:23:36Z,0.0
SN4 7HF,SEPD,HV,1,TS8110,975,2026-07-29T07:23:36Z,2026-07-29T07:23:36Z,0.0
SN4 7HG,SEPD,HV,1,TS8110,975,2026-07-29T07:23:36Z,2026-07-29T07:23:36Z,0.0
SN4 7HJ,SEPD,HV,1,TS8110,975,2026-07-29T07:23:36Z,2026-07-29T07:23:36Z,0.0
SN4 7SH,SEPD,HV,1,TS8110,975,2026-07-29T07:23:36Z,2026-07-29T07:23:36Z,0.0
SN4 7SJ,SEPD,HV,1,TS8110,975,2026-07-29T07:23:36Z,2026-07-29T07:23:36Z,0.0
SN4 7SQ,SEPD,HV,1,TS8110,975,2026-07-29T07:23:36Z,2026-07-29T07:23:36Z,0.0
SN4 8AH,SEPD,HV,1,TS8110,975,2026-07-29T07:23:36Z,2026-07-29T07:23:36Z,0.0
SN4 8AL,SEPD,HV,1,TS8110,975,2026-07-29T07:23:36Z,2026-07-29T07:23:36Z,0.0
SN4 8AN,SEPD,HV,1,TS8110,975,2026-07-29T07:23:36Z,2026-07-29T07:23:36Z,0.0
SN4 8AP,SEPD,HV,1,TS8110,975,2026-07-29T07:23:36Z,2026-07-29T07:23:36Z,0.0
SN4 8AQ,SEPD,HV,1,TS8110,975,2026-07-29T07:23:36Z,2026-07-29T07:23:36Z,0.0
SN4 8AR,SEPD,HV,1,TS8110,975,2026-07-29T07:23:36Z,2026-07-29T07:23:36Z,0.0
SN4 8AS,SEPD,HV,1,TS8110,975,2026-07-29T07:23:36Z,2026-07-29T07:23:36Z,0.0
SN4 8AT,SEPD,HV,1,TS8110,975,2026-07-29T07:23:36Z,2026-07-29T07:23:36Z,0.0
SN4 8AU,SEPD,HV,1,TS8110,975,2026-07-29T07:23:36Z,2026-07-29T07:23:36Z,0.0
SN4 8AW,SEPD,HV,1,TS8110,975,2026-07-29T07:23:36Z,2026-07-29T07:23:36Z,0.0
SN4 8AX,SEPD,HV,1,TS8110,975,2026-07-29T07:23:36Z,2026-07-29T07:23:36Z,0.0
SN4 8AY,SEPD,HV,1,TS8110,975,2026-07-29T07:23:36Z,2026-07-29T07:23:36Z,0.0
SN4 8AZ,SEPD,HV,1,TS8110,975,2026-07-29T07:23:36Z,2026-07-29T07:23:36Z,0.0
SN4 8BA,SEPD,HV,1,TS8110,975,2026-07-29T07:23:36Z,2026-07-29T07:23:36Z,0.0
SN4 8DA,SEPD,HV,1,TS8110,975,2026-07-29T07:23:36Z,2026-07-29T07:23:36Z,0.0
SN4 8DB,SEPD,HV,1,TS8110,975,2026-07-29T07:23:36Z,2026-07-29T07:23:36Z,0.0
SN4 8DD,SEPD,HV,1,TS8110,975,2026-07-29T07:23:36Z,2026-07-29T07:23:36Z,0.0
SN4 8DE,SEPD,HV,1,TS8110,975,2026-07-29T07:23:36Z,2026-07-29T07:23:36Z,0.0
SN4 8DF,SEPD,HV,1,TS8110,975,2026-07-29T07:23:36Z,2026-07-29T07:23:36Z,0.0
SN4 8DG,SEPD,HV,1,TS8110,975,2026-07-29T07:23:36Z,2026-07-29T07:23:36Z,0.0
SN4 8DH,SEPD,HV,1,TS8110,975,2026-07-29T07:23:36Z,2026-07-29T07:23:36Z,0.0
SN4 8DJ,SEPD,HV,1,TS8110,975,2026-07-29T07:23:36Z,2026-07-29T07:23:36Z,0.0
SN4 8DQ,SEPD,HV,1,TS8110,975,2026-07-29T07:23:36Z,2026-07-29T07:23:36Z,0.0
SN4 8EX,SEPD,HV,1,TS8110,975,2026-07-29T07:23:36Z,2026-07-29T07:23:36Z,0.0
SN4 8EY,SEPD,HV,1,TS8110,975,2026-07-29T07:23:36Z,2026-07-29T07:23:36Z,0.0
SN4 8EZ,SEPD,HV,1,TS8110,975,2026-07-29T07:23:36Z,2026-07-29T07:23:36Z,0.0
SN4 8FZ,SEPD,HV,1,TS8110,975,2026-07-29T07:23:36Z,2026-07-29T07:23:36Z,0.0
SN4 8HA,SEPD,HV,1,TS8110,975,2026-07-29T07:23:36Z,2026-07-29T07:23:36Z,0.0
SN4 8HB,SEPD,HV,1,TS8110,975,2026-07-29T07:23:36Z,2026-07-29T07:23:36Z,0.0
SN4 8HD,SEPD,HV,1,TS8110,975,2026-07-29T07:23:36Z,2026-07-29T07:23:36Z,0.0
SN4 8HE,SEPD,HV,1,TS8110,975,2026-07-29T07:23:36Z,2026-07-29T07:23:36Z,0.0
SN4 8HF,SEPD,HV,1,TS8110,975,2026-07-29T07:23:36Z,2026-07-29T07:23:36Z,0.0
SN4 8HG,SEPD,HV,1,TS8110,975,2026-07-29T07:23:36Z,2026-07-29T07:23:36Z,0.0
SN4 8HH,SEPD,HV,1,TS8110,975,2026-07-29T07:23:36Z,2026-07-29T07:23:36Z,0.0
SN4 8HJ,SEPD,HV,1,TS8110,975,2026-07-29T07:23:36Z,2026-07-29T07:23:36Z,0.0
SN4 8HL,SEPD,HV,1,TS8110,975,2026-07-29T07:23:36Z,2026-07-29T07:23:36Z,0.0
SN4 8HN,SEPD,HV,1,TS8110,975,2026-07-29T07:23:36Z,2026-07-29T07:23:36Z,0.0
SN4 8HQ,SEPD,HV,1,TS8110,975,2026-07-29T07:23:36Z,2026-07-29T07:23:36Z,0.0
SN4 8LG,SEPD,HV,1,TS8110,975,2026-07-29T07:23:36Z,2026-07-29T07:23:36Z,0.0
SN4 8QB,SEPD,HV,1,TS8110,975,2026-07-29T07:23:36Z,2026-07-29T07:23:36Z,0.0
SN4 8QD,SEPD,HV,1,TS8110,975,2026-07-29T07:23:36Z,2026-07-29T07:23:36Z,0.0
SN4 8QG,SEPD,HV,1,TS8110,975,2026-07-29T07:23:36Z,2026-07-29T07:23:36Z,0.0
SN4 8QW,SEPD,HV,1,TS8110,975,2026-07-29T07:23:36Z,2026-07-29T07:23:36Z,0.0
SN4 8QX,SEPD,HV,1,TS8110,975,2026-07-29T07:23:36Z,2026-07-29T07:23:36Z,0.0
SN4 8QZ,SEPD,HV,1,TS8110,975,2026-07-29T07:23:36Z,2026-07-29T07:23:36Z,0.0
SN4 8RA,SEPD,HV,1,TS8110,975,2026-07-29T07:23:36Z,2026-07-29T07:23:36Z,0.0
SN4 8SZ,SEPD,HV,1,TS8110,975,2026-07-29T07:23:36Z,2026-07-29T07:23:36Z,0.0
SN5 6EG,SEPD,LV,1,TT2427,35,2026-07-31T14:55:42Z,2026-07-31T14:55:42Z,0.0
SN5 6EH,SEPD,LV,1,TT2427,35,2026-07-31T14:55:42Z,2026-07-31T14:55:42Z,0.0
SN5 6EN,SEPD,LV,1,TT2427,35,2026-07-31T14:55:42Z,2026-07-31T14:55:42Z,0.0
SN5 6EP,SEPD,LV,1,TT2427,35,2026-07-31T14:55:42Z,2026-07-31T14:55:42Z,0.0
SN5 6ER,SEPD,LV,1,TT2427,35,2026-07-31T14:55:42Z,2026-07-31T14:55:42Z,0.0
SN5 6ES,SEPD,LV,1,TT2427,35,2026-07-31T14:55:42Z,2026-07-31T14:55:42Z,0.0
SN5 6EW,SEPD,LV,1,TT2427,35,2026-07-31T14:55:42Z,2026-07-31T14:55:42Z,0.0
SN5 6HJ,SEPD,LV,1,TT2427,35,2026-07-31T14:55:42Z,2026-07-31T14:55:42Z,0.0
SN5 6HL,SEPD,LV,1,TT2427,35,2026-07-31T14:55:42Z,2026-07-31T14:55:42Z,0.0
SN5 6HZ,SEPD,LV,1,TT2427,35,2026-07-31T14:55:42Z,2026-07-31T14:55:42Z,0.0
SN8,SEPD,HV,1,TT0935,157,2026-07-30T16:54:29Z,2026-07-30T16:54:29Z,0.0
SN8 4NF,SEPD,HV,1,TT0935,157,2026-07-30T16:54:29Z,2026-07-30T16:54:29Z,0.0
SN8 4NG,SEPD,HV,1,TT0935,157,2026-07-30T16:54:29Z,2026-07-30T16:54:29Z,0.0
SN8 4NH,SEPD,HV,1,TT0935,157,2026-07-30T16:54:29Z,2026-07-30T16:54:29Z,0.0
SN8 4NJ,SEPD,HV,1,TT0935,157,2026-07-30T16:54:29Z,2026-07-30T16:54:29Z,0.0
SN8 4NL,SEPD,HV,1,TT0935,157,2026-07-30T16:54:29Z,2026-07-30T16:54:29Z,0.0
SN8 4NN,SEPD,HV,1,TT0935,157,2026-07-30T16:54:29Z,2026-07-30T16:54:29Z,0.0
SN8 4NP,SEPD,HV,1,TT0935,157,2026-07-30T16:54:29Z,2026-07-30T16:54:29Z,0.0
SN8 4NQ,SEPD,HV,1,TT0935,157,2026-07-30T16:54:29Z,2026-07-30T16:54:29Z,0.0
SN8 4NR,SEPD,HV,1,TT0935,157,2026-07-30T16:54:29Z,2026-07-30T16:54:29Z,0.0
SN8 4NS,SEPD,HV,1,TT0935,157,2026-07-30T16:54:29Z,2026-07-30T16:54:29Z,0.0
SN8 4NT,SEPD,HV,1,TT0935,157,2026-07-30T16:54:29Z,2026-07-30T16:54:29Z,0.0
SN8 4NU,SEPD,HV,1,TT0935,157,2026-07-30T16:54:29Z,2026-07-30T16:54:29Z,0.0
SN8 4NW,SEPD,HV,1,TT0935,157,2026-07-30T16:54:29Z,2026-07-30T16:54:29Z,0.0
SN8 4NX,SEPD,HV,1,TT0935,157,2026-07-30T16:54:29Z,2026-07-30T16:54:29Z,0.0
SO14 3BZ,SEPD,LV,1,TT2886,12,2026-08-01T01:09:21Z,2026-08-01T01:09:21Z,0.0
SO14 3DP,SEPD,LV,1,TT2886,12,2026-08-01T01:09:21Z,2026-08-01T01:09:21Z,0.0
SO14 3DS,SEPD,LV,1,TT2886,12,2026-08-01T01:09:21Z,2026-08-01T01:09:21Z,0.0
SO14 3DT,SEPD,LV,1,TT2886,12,2026-08-01T01:09:21Z,2026-08-01T01:09:21Z,0.0
SO14 3FD,SEPD,LV,1,TT2886,12,2026-08-01T01:09:21Z,2026-08-01T01:09:21Z,0.0
SO14 3FJ,SEPD,LV,1,TT2886,12,2026-08-01T01:09:21Z,2026-08-01T01:09:21Z,0.0
SO15 4HZ,SEPD,HV,1,TS7857,4,2026-07-28T20:22:02Z,2026-07-28T20:22:02Z,0.0
SO15 4JD,SEPD,HV,1,TS7857,4,2026-07-28T20:22:02Z,2026-07-28T20:22:02Z,0.0
SO15 4JJ,SEPD,HV,1,TS7857,4,2026-07-28T20:22:02Z,2026-07-28T20:22:02Z,0.0
SO15 4JL,SEPD,HV,1,TS7857,4,2026-07-28T20:22:02Z,2026-07-28T20:22:02Z,0.0
SO15 4JN,SEPD,HV,1,TS7857,4,2026-07-28T20:22:02Z,2026-07-28T20:22:02Z,0.0
SO15 4JP,SEPD,HV,1,TS7857,4,2026-07-28T20:22:02Z,2026-07-28T20:22:02Z,0.0
SO15 4JQ,SEPD,HV,1,TS7857,4,2026-07-28T20:22:02Z,2026-07-28T20:22:02Z,0.0
SO15 4JR,SEPD,HV,1,TS7857,4,2026-07-28T20:22:02Z,2026-07-28T20:22:02Z,0.0
SO15 4JS,SEPD,HV,1,TS7857,4,2026-07-28T20:22:02Z,2026-07-28T20:22:02Z,0.0
SO15 4JT,SEPD,HV,1,TS7857,4,2026-07-28T20:22:02Z,2026-07-28T20:22:02Z,0.0
SO15 4JU,SEPD,HV,1,TS7857,4,2026-07-28T20:22:02Z,2026-07-28T20:22:02Z,0.0
SO15 4PD,SEPD,HV,1,TS7857,4,2026-07-28T20:22:02Z,2026-07-28T20:22:02Z,0.0
SO15 4PE,SEPD,HV,1,TS7857,4,2026-07-28T20:22:02Z,2026-07-28T20:22:02Z,0.0
SO15 4PG,SEPD,HV,1,TS7857,4,2026-07-28T20:22:02Z,2026-07-28T20:22:02Z,0.0
SO15 4PH,SEPD,HV,1,TS7857,4,2026-07-28T20:22:02Z,2026-07-28T20:22:02Z,0.0
SO15 4PJ,SEPD,HV,1,TS7857,4,2026-07-28T20:22:02Z,2026-07-28T20:22:02Z,0.0
SO15 5AX,SEPD,LV,1,TS6227,14,2026-07-27T23:44:09Z,2026-07-27T23:44:09Z,0.0
SO15 5RW,SEPD,LV,1,TS6227,14,2026-07-27T23:44:09Z,2026-07-27T23:44:09Z,0.0
SO15 5RZ,SEPD,LV,1,TS6227,14,2026-07-27T23:44:09Z,2026-07-27T23:44:09Z,0.0
SO16 7HE,SEPD,LV,1,TS8456,11,2026-07-29T12:19:44Z,2026-07-29T12:19:44Z,0.0
SO16 7HF,SEPD,LV,1,TS8456,11,2026-07-29T12:19:44Z,2026-07-29T12:19:44Z,0.0
SO16 7HH,SEPD,LV,1,TS8456,11,2026-07-29T12:19:44Z,2026-07-29T12:19:44Z,0.0
SO16 7JB,SEPD,LV,1,TS8456,11,2026-07-29T12:19:44Z,2026-07-29T12:19:44Z,0.0
SO16 7JD,SEPD,LV,1,TS8456,11,2026-07-29T12:19:44Z,2026-07-29T12:19:44Z,0.0
SO20 6NA,SEPD,HV,1,TS8475,931,2026-07-29T10:05:32Z,2026-07-29T10:05:32Z,0.0
SO20 6QR,SEPD,HV,1,TS8475,931,2026-07-29T10:05:32Z,2026-07-29T10:05:32Z,0.0
SO21 3DS,SEPD,PSI,1,252510,14,2026-07-30T09:03:39Z,2026-07-30T09:03:39Z,0.0
SO21 3FY,SEPD,PSI,1,252510,14,2026-07-30T09:03:39Z,2026-07-30T09:03:39Z,0.0
SO21 3HL,SEPD,PSI,1,252510,14,2026-07-30T09:03:39Z,2026-07-30T09:03:39Z,0.0
SO21 3PG,SEPD,PSI,1,252510,14,2026-07-30T09:03:39Z,2026-07-30T09:03:39Z,0.0
SO21 3PN,SEPD,PSI,1,252510,14,2026-07-30T09:03:39Z,2026-07-30T09:03:39Z,0.0
SO21 3PW,SEPD,PSI,1,252510,14,2026-07-30T09:03:39Z,2026-07-30T09:03:39Z,0.0
SO22 4HD,SEPD,LV,1,TS6320,26,2026-07-28T04:28:16Z,2026-07-28T04:28:16Z,0.0
SO22 4HF,SEPD,LV,1,TS6320,26,2026-07-28T04:28:16Z,2026-07-28T04:28:16Z,0.0
SO22 4HJ,SEPD,LV,1,TS6320,26,2026-07-28T04:28:16Z,2026-07-28T04:28:16Z,0.0
SO22 4HL,SEPD,LV,1,TS6320,26,2026-07-28T04:28:16Z,2026-07-28T04:28:16Z,0.0
SO22 4HN,SEPD,LV,1,TS6320,26,2026-07-28T04:28:16Z,2026-07-28T04:28:16Z,0.0
SO22 4JW,SEPD,LV,1,TS6320,26,2026-07-28T04:28:16Z,2026-07-28T04:28:16Z,0.0
SO22 4LF,SEPD,LV,1,TS6320,26,2026-07-28T04:28:16Z,2026-07-28T04:28:16Z,0.0
SO24 0HS,SEPD,PSI,1,253345,6,2026-07-30T16:54:29Z,2026-07-30T16:54:29Z,0.0
SO24 0QA,SEPD,HV,1,TS9547,70,2026-07-29T22:12:04Z,2026-07-29T22:12:04Z,0.0
SO30 2NS,SEPD,PSI,1,253720,34,2026-07-29T10:05:32Z,2026-07-29T10:05:32Z,0.0
SO30 2NT,SEPD,PSI,1,253720,34,2026-07-29T10:05:32Z,2026-07-29T10:05:32Z,0.0
SO32 2DH,SEPD,HV,1,TT4672,414,2026-08-02T13:56:57Z,2026-08-02T13:56:57Z,0.0
SO32 2HR,SEPD,HV,1,TT4672,414,2026-08-02T13:56:57Z,2026-08-02T13:56:57Z,0.0
SO32 2HS,SEPD,HV,1,TT4672,414,2026-08-02T13:56:57Z,2026-08-02T13:56:57Z,0.0
SO32 2HT,SEPD,HV,1,TT4672,414,2026-08-02T13:56:57Z,2026-08-02T13:56:57Z,0.0
SO32 2HU,SEPD,HV,1,TT4672,414,2026-08-02T13:56:57Z,2026-08-02T13:56:57Z,0.0
SO32 2JA,SEPD,HV,1,TT4672,414,2026-08-02T13:56:57Z,2026-08-02T13:56:57Z,0.0
SO32 2JB,SEPD,HV,1,TT4672,414,2026-08-02T13:56:57Z,2026-08-02T13:56:57Z,0.0
SO32 2JF,SEPD,HV,1,TT4672,414,2026-08-02T13:56:57Z,2026-08-02T13:56:57Z,0.0
SO32 2JH,SEPD,HV,1,TT4672,414,2026-08-02T13:56:57Z,2026-08-02T13:56:57Z,0.0
SO32 2JJ,SEPD,HV,1,TT4672,414,2026-08-02T13:56:57Z,2026-08-02T13:56:57Z,0.0
SO32 2JL,SEPD,HV,1,TT4672,414,2026-08-02T13:56:57Z,2026-08-02T13:56:57Z,0.0
SO32 2JN,SEPD,HV,1,TT4672,414,2026-08-02T13:56:57Z,2026-08-02T13:56:57Z,0.0
SO32 2JP,SEPD,HV,1,TT4672,414,2026-08-02T13:56:57Z,2026-08-02T13:56:57Z,0.0
SO32 2JQ,SEPD,HV,1,TT4672,414,2026-08-02T13:56:57Z,2026-08-02T13:56:57Z,0.0
SO32 2JR,SEPD,HV,1,TT4672,414,2026-08-02T13:56:57Z,2026-08-02T13:56:57Z,0.0
SO32 2JS,SEPD,HV,1,TT4672,414,2026-08-02T13:56:57Z,2026-08-02T13:56:57Z,0.0
SO32 2JT,SEPD,HV,1,TT4672,414,2026-08-02T13:56:57Z,2026-08-02T13:56:57Z,0.0
SO32 2JU,SEPD,HV,1,TT4672,414,2026-08-02T13:56:57Z,2026-08-02T13:56:57Z,0.0
SO32 2JX,SEPD,HV,1,TT4672,414,2026-08-02T13:56:57Z,2026-08-02T13:56:57Z,0.0
SO32 2JY,SEPD,HV,1,TT4672,414,2026-08-02T13:56:57Z,2026-08-02T13:56:57Z,0.0
SO32 2LY,SEPD,HV,1,TT4672,414,2026-08-02T13:56:57Z,2026-08-02T13:56:57Z,0.0
SO32 2NR,SEPD,HV,1,TT4672,414,2026-08-02T13:56:57Z,2026-08-02T13:56:57Z,0.0
SO32 2PN,SEPD,HV,1,TT4672,414,2026-08-02T13:56:57Z,2026-08-02T13:56:57Z,0.0
SO32 2TA,SEPD,HV,1,TT4672,414,2026-08-02T13:56:57Z,2026-08-02T13:56:57Z,0.0
SO40 2SS,SEPD,LV,1,TT3108,9,2026-08-01T04:34:48Z,2026-08-01T04:34:48Z,0.0
SO41 8HF,SEPD,LV,1,TS7462,25,2026-07-29T04:30:51Z,2026-07-29T04:30:51Z,0.0
SO41 8HG,SEPD,LV,1,TS7462,25,2026-07-29T04:30:51Z,2026-07-29T04:30:51Z,0.0
SO41 8HH,SEPD,LV,1,TS7462,25,2026-07-29T04:30:51Z,2026-07-29T04:30:51Z,0.0
SO41 8HJ,SEPD,LV,1,TS7462,25,2026-07-29T04:30:51Z,2026-07-29T04:30:51Z,0.0
SO41 8HL,SEPD,LV,1,TS7462,25,2026-07-29T04:30:51Z,2026-07-29T04:30:51Z,0.0
SO41 8HP,SEPD,LV,1,TS7462,25,2026-07-29T04:30:51Z,2026-07-29T04:30:51Z,0.0
SO41 8HR,SEPD,LV,1,TS7462,25,2026-07-29T04:30:51Z,2026-07-29T04:30:51Z,0.0
SO41 8JA,SEPD,LV,1,TS7462,25,2026-07-29T04:30:51Z,2026-07-29T04:30:51Z,0.0
SO43 7JH,SEPD,HV,1,TT1385,25,2026-07-31T07:40:50Z,2026-07-31T07:40:50Z,0.0
SO50 6PQ,SEPD,LV,1,TS5570,4,2026-07-27T14:54:49Z,2026-07-27T14:54:49Z,0.0
SO50 6RR,SEPD,LV,1,TS5570,4,2026-07-27T14:54:49Z,2026-07-27T14:54:49Z,0.0
SO51 0AB,SEPD,HV,1,TS8475,931,2026-07-29T10:05:32Z,2026-07-29T10:05:32Z,0.0
SO51 0AF,SEPD,HV,1,TS8475,931,2026-07-29T10:05:32Z,2026-07-29T10:05:32Z,0.0
SO51 0AG,SEPD,HV,1,TS8475,931,2026-07-29T10:05:32Z,2026-07-29T10:05:32Z,0.0
SO51 0AH,SEPD,HV,1,TS8475,931,2026-07-29T10:05:32Z,2026-07-29T10:05:32Z,0.0
SO51 0BQ,SEPD,HV,1,TS8475,931,2026-07-29T10:05:32Z,2026-07-29T10:05:32Z,0.0
SO51 0BS,SEPD,HV,1,TS8475,931,2026-07-29T10:05:32Z,2026-07-29T10:05:32Z,0.0
SO51 0DR,SEPD,HV,1,TS8475,931,2026-07-29T10:05:32Z,2026-07-29T10:05:32Z,0.0
SO51 0GE,SEPD,HV,1,TT1385,25,2026-07-31T07:40:50Z,2026-07-31T07:40:50Z,0.0
SO51 0GY,SEPD,HV,1,TT1385,25,2026-07-31T07:40:50Z,2026-07-31T07:40:50Z,0.0
SO51 0HB,SEPD,HV,1,TT1385,25,2026-07-31T07:40:50Z,2026-07-31T07:40:50Z,0.0
SO51 0HD,SEPD,HV,1,TT1385,25,2026-07-31T07:40:50Z,2026-07-31T07:40:50Z,0.0
SO51 0JX,SEPD,HV,1,TS8475,931,2026-07-29T10:05:32Z,2026-07-29T10:05:32Z,0.0
SO51 0LA,SEPD,HV,1,TS8475,931,2026-07-29T10:05:32Z,2026-07-29T10:05:32Z,0.0
SO51 0LB,SEPD,HV,1,TS8475,931,2026-07-29T10:05:32Z,2026-07-29T10:05:32Z,0.0
SO51 0LD,SEPD,HV,1,TS8475,931,2026-07-29T10:05:32Z,2026-07-29T10:05:32Z,0.0
SO51 0LE,SEPD,HV,1,TS8475,931,2026-07-29T10:05:32Z,2026-07-29T10:05:32Z,0.0
SO51 0LF,SEPD,HV,1,TS8475,931,2026-07-29T10:05:32Z,2026-07-29T10:05:32Z,0.0
SO51 0LH,SEPD,HV,1,TS8475,931,2026-07-29T10:05:32Z,2026-07-29T10:05:32Z,0.0
SO51 0LJ,SEPD,HV,1,TS8475,931,2026-07-29T10:05:32Z,2026-07-29T10:05:32Z,0.0
SO51 0LL,SEPD,HV,1,TS8475,931,2026-07-29T10:05:32Z,2026-07-29T10:05:32Z,0.0
SO51 0LN,SEPD,HV,1,TS8475,931,2026-07-29T10:05:32Z,2026-07-29T10:05:32Z,0.0
SO51 0LP,SEPD,HV,1,TS8475,931,2026-07-29T10:05:32Z,2026-07-29T10:05:32Z,0.0
SO51 0LQ,SEPD,HV,1,TS8475,931,2026-07-29T10:05:32Z,2026-07-29T10:05:32Z,0.0
SO51 0LR,SEPD,HV,1,TS8475,931,2026-07-29T10:05:32Z,2026-07-29T10:05:32Z,0.0
SO51 0LS,SEPD,HV,1,TS8475,931,2026-07-29T10:05:32Z,2026-07-29T10:05:32Z,0.0
SO51 0LX,SEPD,HV,1,TS8475,931,2026-07-29T10:05:32Z,2026-07-29T10:05:32Z,0.0
SO51 0NA,SEPD,HV,1,TS8475,931,2026-07-29T10:05:32Z,2026-07-29T10:05:32Z,0.0
SO51 0NB,SEPD,HV,1,TS8475,931,2026-07-29T10:05:32Z,2026-07-29T10:05:32Z,0.0
SO51 0ND,SEPD,HV,1,TS8475,931,2026-07-29T10:05:32Z,2026-07-29T10:05:32Z,0.0
SO51 0NE,SEPD,HV,1,TS8475,931,2026-07-29T10:05:32Z,2026-07-29T10:05:32Z,0.0
SO51 0NF,SEPD,HV,1,TS8475,931,2026-07-29T10:05:32Z,2026-07-29T10:05:32Z,0.0
SO51 0NG,SEPD,HV,1,TS8475,931,2026-07-29T10:05:32Z,2026-07-29T10:05:32Z,0.0
SO51 0NH,SEPD,HV,1,TS8475,931,2026-07-29T10:05:32Z,2026-07-29T10:05:32Z,0.0
SO51 0NJ,SEPD,HV,1,TS8475,931,2026-07-29T10:05:32Z,2026-07-29T10:05:32Z,0.0
SO51 0NL,SEPD,HV,1,TS8475,931,2026-07-29T10:05:32Z,2026-07-29T10:05:32Z,0.0
SO51 0NN,SEPD,HV,1,TS8475,931,2026-07-29T10:05:32Z,2026-07-29T10:05:32Z,0.0
SO51 0NP,SEPD,HV,1,TS8475,931,2026-07-29T10:05:32Z,2026-07-29T10:05:32Z,0.0
SO51 0NQ,SEPD,HV,1,TS8475,931,2026-07-29T10:05:32Z,2026-07-29T10:05:32Z,0.0
SO51 0NR,SEPD,HV,1,TS8475,931,2026-07-29T10:05:32Z,2026-07-29T10:05:32Z,0.0
SO51 0NS,SEPD,HV,1,TS8475,931,2026-07-29T10:05:32Z,2026-07-29T10:05:32Z,0.0
SO51 0NT,SEPD,HV,1,TS8475,931,2026-07-29T10:05:32Z,2026-07-29T10:05:32Z,0.0
SO51 0NU,SEPD,HV,1,TS8475,931,2026-07-29T10:05:32Z,2026-07-29T10:05:32Z,0.0
SO51 0NW,SEPD,HV,1,TS8475,931,2026-07-29T10:05:32Z,2026-07-29T10:05:32Z,0.0
SO51 0NX,SEPD,HV,1,TS8475,931,2026-07-29T10:05:32Z,2026-07-29T10:05:32Z,0.0
SO51 0NY,SEPD,HV,1,TS8475,931,2026-07-29T10:05:32Z,2026-07-29T10:05:32Z,0.0
SO51 0NZ,SEPD,HV,1,TS8475,931,2026-07-29T10:05:32Z,2026-07-29T10:05:32Z,0.0
SO51 0PG,SEPD,HV,1,TS8475,931,2026-07-29T10:05:32Z,2026-07-29T10:05:32Z,0.0
SO51 0PH,SEPD,HV,1,TS8475,931,2026-07-29T10:05:32Z,2026-07-29T10:05:32Z,0.0
SO51 0PJ,SEPD,HV,1,TS8475,931,2026-07-29T10:05:32Z,2026-07-29T10:05:32Z,0.0
SO51 0PL,SEPD,HV,1,TS8475,931,2026-07-29T10:05:32Z,2026-07-29T10:05:32Z,0.0
SO51 0PN,SEPD,HV,1,TS8475,931,2026-07-29T10:05:32Z,2026-07-29T10:05:32Z,0.0
SO51 0PP,SEPD,HV,1,TS8475,931,2026-07-29T10:05:32Z,2026-07-29T10:05:32Z,0.0
SO51 0PQ,SEPD,HV,1,TS8475,931,2026-07-29T10:05:32Z,2026-07-29T10:05:32Z,0.0
SO51 0PR,SEPD,HV,1,TS8475,931,2026-07-29T10:05:32Z,2026-07-29T10:05:32Z,0.0
SO51 0PS,SEPD,HV,1,TS8475,931,2026-07-29T10:05:32Z,2026-07-29T10:05:32Z,0.0
SO51 0PT,SEPD,HV,1,TS8475,931,2026-07-29T10:05:32Z,2026-07-29T10:05:32Z,0.0
SO51 0PU,SEPD,HV,1,TS8475,931,2026-07-29T10:05:32Z,2026-07-29T10:05:32Z,0.0
SO51 0PX,SEPD,HV,1,TS8475,931,2026-07-29T10:05:32Z,2026-07-29T10:05:32Z,0.0
SO51 0QA,SEPD,HV,1,TS8475,931,2026-07-29T10:05:32Z,2026-07-29T10:05:32Z,0.0
SO51 0QB,SEPD,HV,1,TS8475,931,2026-07-29T10:05:32Z,2026-07-29T10:05:32Z,0.0
SO51 0QD,SEPD,HV,1,TS8475,931,2026-07-29T10:05:32Z,2026-07-29T10:05:32Z,0.0
SO51 0QE,SEPD,HV,1,TS8475,931,2026-07-29T10:05:32Z,2026-07-29T10:05:32Z,0.0
SO51 0QF,SEPD,HV,1,TS8475,931,2026-07-29T10:05:32Z,2026-07-29T10:05:32Z,0.0
SO51 0QG,SEPD,HV,1,TS8475,931,2026-07-29T10:05:32Z,2026-07-29T10:05:32Z,0.0
SO51 0QH,SEPD,HV,1,TS8475,931,2026-07-29T10:05:32Z,2026-07-29T10:05:32Z,0.0
SO51 0QS,SEPD,HV,1,TS8475,931,2026-07-29T10:05:32Z,2026-07-29T10:05:32Z,0.0
SO51 0QW,SEPD,HV,1,TS8475,931,2026-07-29T10:05:32Z,2026-07-29T10:05:32Z,0.0
SO51 0RA,SEPD,HV,1,TS8475,931,2026-07-29T10:05:32Z,2026-07-29T10:05:32Z,0.0
SO51 0ZN,SEPD,HV,1,TT1385,25,2026-07-31T07:40:50Z,2026-07-31T07:40:50Z,0.0
SO53 4RN,SEPD,LV,1,TT3564,19,2026-08-01T12:08:39Z,2026-08-01T12:08:39Z,0.0
SO53 4SG,SEPD,LV,1,TT3564,19,2026-08-01T12:08:39Z,2026-08-01T12:08:39Z,0.0
SO53 4SH,SEPD,LV,1,TT3564,19,2026-08-01T12:08:39Z,2026-08-01T12:08:39Z,0.0
SP1 1LW,SEPD,LV,1,TF9720,5,2026-08-02T15:09:42Z,2026-08-02T15:09:42Z,0.0
SP10 3BF,SEPD,LV,1,TT1230,38,2026-07-31T18:13:10Z,2026-07-31T18:13:10Z,0.0
SP10 3HS,SEPD,LV,1,TT1230,38,2026-07-31T18:13:10Z,2026-07-31T18:13:10Z,0.0
SP10 3HU,SEPD,LV,1,TT1230,38,2026-07-31T18:13:10Z,2026-07-31T18:13:10Z,0.0
SP10 3HX,SEPD,LV,1,TT1230,38,2026-07-31T18:13:10Z,2026-07-31T18:13:10Z,0.0
SP10 3HY,SEPD,LV,1,TT1230,38,2026-07-31T18:13:10Z,2026-07-31T18:13:10Z,0.0
SP10 3HZ,SEPD,LV,1,TT1230,38,2026-07-31T18:13:10Z,2026-07-31T18:13:10Z,0.0
SP3 5SA,SEPD,HV,1,TS8096,222,2026-07-29T12:19:44Z,2026-07-29T12:19:44Z,0.0
SP3 5SB,SEPD,HV,1,TS8096,222,2026-07-29T12:19:44Z,2026-07-29T12:19:44Z,0.0
SP3 5SD,SEPD,HV,1,TS8096,222,2026-07-29T12:19:44Z,2026-07-29T12:19:44Z,0.0
SP3 6NG,SEPD,HV,1,TS8096,222,2026-07-29T12:19:44Z,2026-07-29T12:19:44Z,0.0
SP3 6PX,SEPD,PSI,1,252311,45,2026-07-28T09:59:59Z,2026-07-28T09:59:59Z,0.0
SP3 6PY,SEPD,PSI,1,252311,45,2026-07-28T09:59:59Z,2026-07-28T09:59:59Z,0.0
SP3 6QH,SEPD,PSI,1,252311,45,2026-07-28T09:59:59Z,2026-07-28T09:59:59Z,0.0
SP3 6QR,SEPD,PSI,1,252311,45,2026-07-28T09:59:59Z,2026-07-28T09:59:59Z,0.0
SP3 6QS,SEPD,PSI,1,252311,45,2026-07-28T09:59:59Z,2026-07-28T09:59:59Z,0.0
SP5 2BN,SEPD,HV,1,TS8475,931,2026-07-29T10:05:32Z,2026-07-29T10:05:32Z,0.0
SP5 5QT,SEPD,LV,1,TS9511,14,2026-07-29T21:08:31Z,2026-07-29T21:08:31Z,0.0
SP5 5QY,SEPD,LV,1,TS9511,14,2026-07-29T21:08:31Z,2026-07-29T21:08:31Z,0.0
SP5 5QZ,SEPD,LV,1,TS9511,14,2026-07-29T21:08:31Z,2026-07-29T21:08:31Z,0.0
SP5 5RH,SEPD,LV,1,TS9511,14,2026-07-29T21:08:31Z,2026-07-29T21:08:31Z,0.0
SP7,SEPD,PSI,1,252394,142,2026-08-03T11:54:02Z,2026-08-03T11:54:02Z,0.0
SP7 0LJ,SEPD,PSI,1,252394,142,2026-08-03T11:54:02Z,2026-08-03T11:54:02Z,0.0
SP7 0LL,SEPD,PSI,1,252394,142,2026-08-03T11:54:02Z,2026-08-03T11:54:02Z,0.0
SP7 0LN,SEPD,PSI,1,252394,142,2026-08-03T11:54:02Z,2026-08-03T11:54:02Z,0.0
SP7 0LW,SEPD,PSI,1,252394,142,2026-08-03T11:54:02Z,2026-08-03T11:54:02Z,0.0
TA21 9BA,SEPD,LV,1,TT1287,27,2026-07-31T01:14:50Z,2026-07-31T01:14:50Z,0.0
TA21 9BF,SEPD,LV,1,TT1287,27,2026-07-31T01:14:50Z,2026-07-31T01:14:50Z,0.0
TW3 1BL,SEPD,LV,1,TT3336,5,2026-08-01T11:01:52Z,2026-08-01T11:01:52Z,0.0
TW3 1NA,SEPD,LV,1,TT3336,5,2026-08-01T11:01:52Z,2026-08-01T11:01:52Z,0.0
TW3 1NG,SEPD,LV,1,TT3336,5,2026-08-01T11:01:52Z,2026-08-01T11:01:52Z,0.0
UB10 0LZ,SEPD,LV,1,TT4802,62,2026-08-02T17:17:11Z,2026-08-02T17:17:11Z,0.0
UB10 0NA,SEPD,LV,1,TT4802,62,2026-08-02T17:17:11Z,2026-08-02T17:17:11Z,0.0
UB10 0NB,SEPD,LV,1,TT4802,62,2026-08-02T17:17:11Z,2026-08-02T17:17:11Z,0.0
UB10 0ND,SEPD,LV,1,TT4802,62,2026-08-02T17:17:11Z,2026-08-02T17:17:11Z,0.0
UB10 0NE,SEPD,LV,1,TT4802,62,2026-08-02T17:17:11Z,2026-08-02T17:17:11Z,0.0
UB10 0NG,SEPD,LV,1,TT4802,62,2026-08-02T17:17:11Z,2026-08-02T17:17:11Z,0.0
UB10 0SL,SEPD,LV,1,TT4802,62,2026-08-02T17:17:11Z,2026-08-02T17:17:11Z,0.0
UB10 0SN,SEPD,LV,1,TT4802,62,2026-08-02T17:17:11Z,2026-08-02T17:17:11Z,0.0
UB10 0SS,SEPD,LV,1,TT4802,62,2026-08-02T17:17:11Z,2026-08-02T17:17:11Z,0.0
UB10 0SW,SEPD,LV,1,TT4802,62,2026-08-02T17:17:11Z,2026-08-02T17:17:11Z,0.0
UB10 0TG,SEPD,LV,1,TT4802,62,2026-08-02T17:17:11Z,2026-08-02T17:17:11Z,0.0
UB10 9NH,SEPD,LV,1,TT1866,25,2026-07-31T10:17:29Z,2026-07-31T10:17:29Z,0.0
UB10 9NQ,SEPD,LV,1,TT1866,25,2026-07-31T10:17:29Z,2026-07-31T10:17:29Z,0.0
UB10 9QN,SEPD,LV,1,TT1866,25,2026-07-31T10:17:29Z,2026-07-31T10:17:29Z,0.0
UB10 9QW,SEPD,LV,1,TT1866,25,2026-07-31T10:17:29Z,2026-07-31T10:17:29Z,0.0
UB4 0EJ,SEPD,LV,1,TT5218,13,2026-08-03T08:22:41Z,2026-08-03T08:22:41Z,0.0
UB8 3PE,SEPD,LV,1,TT0940,5,2026-07-30T18:23:56Z,2026-07-30T18:23:56Z,0.0
UB8 3PF,SEPD,LV,1,TT0940,5,2026-07-30T18:23:56Z,2026-07-30T18:23:56Z,0.0
W13 0SQ,SEPD,LV,1,TT2001,13,2026-07-31T12:22:49Z,2026-07-31T12:22:49Z,0.0
W13 0SU,SEPD,LV,1,TT2001,13,2026-07-31T12:22:49Z,2026-07-31T12:22:49Z,0.0
W13 0SY,SEPD,LV,1,TT2001,13,2026-07-31T12:22:49Z,2026-07-31T12:22:49Z,0.0
W13 9BP,SEPD,LV,1,TT2001,13,2026-07-31T12:22:49Z,2026-07-31T12:22:49Z,0.0
W13 9RR,SEPD,LV,1,TS5504,84,2026-07-27T11:57:34Z,2026-07-27T11:57:34Z,0.0
W13 9RT,SEPD,LV,1,TS5504,84,2026-07-27T11:57:34Z,2026-07-27T11:57:34Z,0.0
W13 9SU,SEPD,LV,1,TS5504,84,2026-07-27T11:57:34Z,2026-07-27T11:57:34Z,0.0
W13 9SX,SEPD,LV,1,TS5504,84,2026-07-27T11:57:34Z,2026-07-27T11:57:34Z,0.0
W13 9TG,SEPD,LV,1,TS5504,84,2026-07-27T11:57:34Z,2026-07-27T11:57:34Z,0.0
W13 9TQ,SEPD,LV,1,TS5504,84,2026-07-27T11:57:34Z,2026-07-27T11:57:34Z,0.0
W13 9UP,SEPD,LV,1,TS5504,84,2026-07-27T11:57:34Z,2026-07-27T11:57:34Z,0.0
W13 9UR,SEPD,LV,1,TS5504,84,2026-07-27T11:57:34Z,2026-07-27T11:57:34Z,0.0
W4 4AZ,SEPD,LV,1,TS7840,49,2026-07-28T19:01:57Z,2026-07-28T19:01:57Z,0.0
W4 4EU,SEPD,LV,1,TS7840,49,2026-07-28T19:01:57Z,2026-07-28T19:01:57Z,0.0
W4 4EW,SEPD,LV,1,TS7840,49,2026-07-28T19:01:57Z,2026-07-28T19:01:57Z,0.0
W4 4EY,SEPD,LV,1,TS7840,49,2026-07-28T19:01:57Z,2026-07-28T19:01:57Z,0.0
W4 4EZ,SEPD,LV,1,TS7840,49,2026-07-28T19:01:57Z,2026-07-28T19:01:57Z,0.0
W4 4HT,SEPD,LV,1,TS7840,49,2026-07-28T19:01:57Z,2026-07-28T19:01:57Z,0.0
ZE1 0TJ,SHEPD,LV,1,TT1304,17,2026-07-31T01:14:50Z,2026-07-31T01:14:50Z,0.0
ZE1 0TR,SHEPD,LV,1,TT1304,17,2026-07-31T01:14:50Z,2026-07-31T01:14:50Z,0.0
ZE1 0UA,SHEPD,LV,1,TT1304,17,2026-07-31T01:14:50Z,2026-07-31T01:14:50Z,0.0
ZE1 0XA,SHEPD,LV,1,TT1304,17,2026-07-31T01:14:50Z,2026-07-31T01:14:50Z,0.0
ZE1 0XB,SHEPD,LV,1,TT1304,17,2026-07-31T01:14:50Z,2026-07-31T01:14:50Z,0.0
ZE1 0XH,SHEPD,LV,1,TT1304,17,2026-07-31T01:14:50Z,2026-07-31T01:14:50Z,0.0
ZE1 0XJ,SHEPD,LV,1,TT1304,17,2026-07-31T01:14:50Z,2026-07-31T01:14:50Z,0.0
ZE1 0XL,SHEPD,HV,1,TT5665,571,2026-08-03T11:54:02Z,2026-08-03T11:54:02Z,0.0
ZE2 9DA,SHEPD,HV,1,TS6277,43,2026-07-27T23:44:09Z,2026-07-27T23:44:09Z,0.0
ZE2 9EL,SHEPD,HV,1,TT5665,571,2026-08-03T11:54:02Z,2026-08-03T11:54:02Z,0.0
ZE2 9FA,SHEPD,HV,1,TS6277,43,2026-07-27T23:44:09Z,2026-07-27T23:44:09Z,0.0
ZE2 9JE,SHEPD,HV,1,TT5665,571,2026-08-03T11:54:02Z,2026-08-03T11:54:02Z,0.0
ZE2 9JT,SHEPD,HV,1,TT5665,571,2026-08-03T11:54:02Z,2026-08-03T11:54:02Z,0.0
ZE2 9JY,SHEPD,HV,1,TT5665,571,2026-08-03T11:54:02Z,2026-08-03T11:54:02Z,0.0
ZE2 9JZ,SHEPD,HV,1,TT5665,571,2026-08-03T11:54:02Z,2026-08-03T11:54:02Z,0.0
ZE2 9LA,SHEPD,HV,1,TT5665,571,2026-08-03T11:54:02Z,2026-08-03T11:54:02Z,0.0
ZE2 9LB,SHEPD,HV,1,TT5665,571,2026-08-03T11:54:02Z,2026-08-03T11:54:02Z,0.0
ZE2 9LD,SHEPD,HV,1,TT5665,571,2026-08-03T11:54:02Z,2026-08-03T11:54:02Z,0.0
ZE2 9LE,SHEPD,HV,1,TT5665,571,2026-08-03T11:54:02Z,2026-08-03T11:54:02Z,0.0
ZE2 9LF,SHEPD,HV,1,TT5665,571,2026-08-03T11:54:02Z,2026-08-03T11:54:02Z,0.0
ZE2 9UY,SHEPD,HV,1,TT5665,571,2026-08-03T11:54:02Z,2026-08-03T11:54:02Z,0.0
ZE2 9XN,SHEPD,HV,1,TT5665,571,2026-08-03T11:54:02Z,2026-08-03T11:54:02Z,0.0
ZE2 9XU,SHEPD,HV,1,TT5665,571,2026-08-03T11:54:02Z,2026-08-03T11:54:02Z,0.0
ZE2 9XW,SHEPD,HV,1,TT5665,571,2026-08-03T11:54:02Z,2026-08-03T11:54:02Z,0.0
