postcode,network,outage_type,outage_count,outage_refs,total_customers_affected,first_seen,last_seen,time_off_supply_hours_total_approx
BH19 2SX,SEPD,LV,1,TX2317,8,2026-08-29T17:20:44Z,2026-08-31T17:01:01Z,47.67
BH19 2SZ,SEPD,LV,1,TX2317,8,2026-08-29T17:20:44Z,2026-08-31T17:01:01Z,47.67
BA14 8QE,SEPD,LV,2,"TX2441,TX4741",16,2026-08-29T17:20:44Z,2026-09-01T15:33:44Z,29.09
BA14 8QJ,SEPD,LV,2,"TX2441,TX4741",16,2026-08-29T17:20:44Z,2026-09-01T15:33:44Z,29.09
PO39 0HH,SEPD,LV,1,TX1886,18,2026-08-29T13:24:25Z,2026-08-30T15:00:23Z,25.6
PO39 0HJ,SEPD,LV,1,TX1886,18,2026-08-29T13:24:25Z,2026-08-30T15:00:23Z,25.6
PO39 0HL,SEPD,LV,1,TX1886,18,2026-08-29T13:24:25Z,2026-08-30T15:00:23Z,25.6
PO39 0HN,SEPD,LV,1,TX1886,18,2026-08-29T13:24:25Z,2026-08-30T15:00:23Z,25.6
PO39 0HQ,SEPD,LV,1,TX1886,18,2026-08-29T13:24:25Z,2026-08-30T15:00:23Z,25.6
PO39 0HW,SEPD,LV,1,TX1886,18,2026-08-29T13:24:25Z,2026-08-30T15:00:23Z,25.6
PO39 0JL,SEPD,LV,1,TX1886,18,2026-08-29T13:24:25Z,2026-08-30T15:00:23Z,25.6
PO39 0LB,SEPD,LV,1,TX1886,18,2026-08-29T13:24:25Z,2026-08-30T15:00:23Z,25.6
RG10 8NT,SEPD,LV,1,TX6029,3,2026-09-01T23:31:36Z,2026-09-02T21:20:04Z,21.81
RG7 3NZ,SEPD,LV,1,TX1843,12,2026-08-29T13:24:25Z,2026-08-30T10:38:44Z,21.24
TW7 6BX,SEPD,LV,1,TX5909,59,2026-09-01T18:50:36Z,2026-09-02T15:05:26Z,20.25
TW7 6BY,SEPD,LV,1,TX5909,59,2026-09-01T18:50:36Z,2026-09-02T15:05:26Z,20.25
TW7 6DD,SEPD,LV,1,TX5909,59,2026-09-01T18:50:36Z,2026-09-02T15:05:26Z,20.25
TW7 6DE,SEPD,LV,1,TX5909,59,2026-09-01T18:50:36Z,2026-09-02T15:05:26Z,20.25
TW7 6DJ,SEPD,LV,1,TX5909,59,2026-09-01T18:50:36Z,2026-09-02T15:05:26Z,20.25
TW7 6DL,SEPD,LV,1,TX5909,59,2026-09-01T18:50:36Z,2026-09-02T15:05:26Z,20.25
TW7 6GT,SEPD,LV,1,TX5909,59,2026-09-01T18:50:36Z,2026-09-02T15:05:26Z,20.25
TW7 6RE,SEPD,LV,1,TX5909,59,2026-09-01T18:50:36Z,2026-09-02T15:05:26Z,20.25
TW7 6RF,SEPD,LV,1,TX5909,59,2026-09-01T18:50:36Z,2026-09-02T15:05:26Z,20.25
TW7 6RH,SEPD,LV,1,TX5909,59,2026-09-01T18:50:36Z,2026-09-02T15:05:26Z,20.25
RG7 3DA,SEPD,LV,1,TX2623,15,2026-08-29T19:50:16Z,2026-08-30T15:00:23Z,19.17
RG7 3DB,SEPD,LV,1,TX2623,15,2026-08-29T19:50:16Z,2026-08-30T15:00:23Z,19.17
RG7 3DD,SEPD,LV,1,TX2623,15,2026-08-29T19:50:16Z,2026-08-30T15:00:23Z,19.17
RG7 3DR,SEPD,LV,1,TX2623,15,2026-08-29T19:50:16Z,2026-08-30T15:00:23Z,19.17
RG7 3DY,SEPD,LV,1,TX2623,15,2026-08-29T19:50:16Z,2026-08-30T15:00:23Z,19.17
RG7 3DZ,SEPD,LV,1,TX2623,15,2026-08-29T19:50:16Z,2026-08-30T15:00:23Z,19.17
RG7 3ED,SEPD,LV,1,TX2623,15,2026-08-29T19:50:16Z,2026-08-30T15:00:23Z,19.17
SL6 2EA,SEPD,HV,2,"TX6065,TX6071",2005,2026-09-01T23:31:36Z,2026-09-02T18:41:07Z,19.16
SL6 2EB,SEPD,HV,2,"TX6065,TX6071",2005,2026-09-01T23:31:36Z,2026-09-02T18:41:07Z,19.16
OX10 0HH,SEPD,LV,1,TX4723,38,2026-09-01T11:41:40Z,2026-09-02T05:57:39Z,18.27
OX10 0HJ,SEPD,LV,1,TX4723,38,2026-09-01T11:41:40Z,2026-09-02T05:57:39Z,18.27
OX10 0HL,SEPD,LV,1,TX4723,38,2026-09-01T11:41:40Z,2026-09-02T05:57:39Z,18.27
OX10 0HN,SEPD,LV,1,TX4723,38,2026-09-01T11:41:40Z,2026-09-02T05:57:39Z,18.27
OX10 0HQ,SEPD,LV,1,TX4723,38,2026-09-01T11:41:40Z,2026-09-02T05:57:39Z,18.27
OX10 9AD,SEPD,LV,1,TX4723,38,2026-09-01T11:41:40Z,2026-09-02T05:57:39Z,18.27
OX10 9AG,SEPD,LV,1,TX4723,38,2026-09-01T11:41:40Z,2026-09-02T05:57:39Z,18.27
OX10 9AQ,SEPD,LV,1,TX4723,38,2026-09-01T11:41:40Z,2026-09-02T05:57:39Z,18.27
OX10 9AW,SEPD,LV,1,TX4723,38,2026-09-01T11:41:40Z,2026-09-02T05:57:39Z,18.27
UB8 2LF,SEPD,LV,1,TX5927,8,2026-09-01T21:28:32Z,2026-09-02T15:05:26Z,17.61
UB8 2LN,SEPD,LV,1,TX5927,8,2026-09-01T21:28:32Z,2026-09-02T15:05:26Z,17.61
RG27 8BS,SEPD,LV,1,TX2376,2,2026-08-29T17:20:44Z,2026-08-30T10:38:44Z,17.3
UB1 3ND,SEPD,LV,2,"TX6067,TX6091",24,2026-09-01T23:31:36Z,2026-09-02T15:05:26Z,15.56
SO23 9LX,SEPD,LV,1,TX6032,9,2026-09-01T23:31:36Z,2026-09-02T15:05:26Z,15.56
SO23 9NP,SEPD,LV,1,TX6032,9,2026-09-01T23:31:36Z,2026-09-02T15:05:26Z,15.56
SO23 9PD,SEPD,LV,1,TX6032,9,2026-09-01T23:31:36Z,2026-09-02T15:05:26Z,15.56
SO23 9PE,SEPD,LV,1,TX6032,9,2026-09-01T23:31:36Z,2026-09-02T15:05:26Z,15.56
UB1 3NE,SEPD,LV,1,TX6067,12,2026-09-01T23:31:36Z,2026-09-02T15:05:26Z,15.56
BA15 1HY,SEPD,LV,1,TX2523,15,2026-08-29T19:50:16Z,2026-08-30T10:38:44Z,14.81
BA15 1HZ,SEPD,LV,1,TX2523,15,2026-08-29T19:50:16Z,2026-08-30T10:38:44Z,14.81
BA15 1JA,SEPD,LV,1,TX2523,15,2026-08-29T19:50:16Z,2026-08-30T10:38:44Z,14.81
BA15 1JB,SEPD,LV,1,TX2523,15,2026-08-29T19:50:16Z,2026-08-30T10:38:44Z,14.81
BA15 1JG,SEPD,LV,1,TX2523,15,2026-08-29T19:50:16Z,2026-08-30T10:38:44Z,14.81
BH12 4AU,SEPD,LV,1,TX2798,13,2026-08-29T22:02:58Z,2026-08-30T10:38:44Z,12.6
BH12 4BX,SEPD,LV,1,TX2798,13,2026-08-29T22:02:58Z,2026-08-30T10:38:44Z,12.6
BH12 4BZ,SEPD,LV,1,TX2798,13,2026-08-29T22:02:58Z,2026-08-30T10:38:44Z,12.6
BH12 4DB,SEPD,LV,1,TX2798,13,2026-08-29T22:02:58Z,2026-08-30T10:38:44Z,12.6
RG2 9AA,SEPD,LV,1,TX2803,8,2026-08-29T22:02:58Z,2026-08-30T10:38:44Z,12.6
RG2 9AF,SEPD,LV,1,TX2803,8,2026-08-29T22:02:58Z,2026-08-30T10:38:44Z,12.6
RG2 9AG,SEPD,LV,1,TX2803,8,2026-08-29T22:02:58Z,2026-08-30T10:38:44Z,12.6
RG2 9AJ,SEPD,LV,1,TX2803,8,2026-08-29T22:02:58Z,2026-08-30T10:38:44Z,12.6
RG2 9AL,SEPD,LV,1,TX2803,8,2026-08-29T22:02:58Z,2026-08-30T10:38:44Z,12.6
RG2 9LB,SEPD,LV,1,TX2803,8,2026-08-29T22:02:58Z,2026-08-30T10:38:44Z,12.6
SN8 2HG,SEPD,HV,1,TX2727,4,2026-08-29T22:02:58Z,2026-08-30T10:38:44Z,12.6
SN8 2QA,SEPD,HV,1,TX2727,4,2026-08-29T22:02:58Z,2026-08-30T10:38:44Z,12.6
BH23 7AA,SEPD,PSI,1,254044,2,2026-09-02T11:08:21Z,2026-09-02T23:23:56Z,12.26
BH23 8JX,SEPD,PSI,1,254044,2,2026-09-02T11:08:21Z,2026-09-02T23:23:56Z,12.26
SL5 9FG,SEPD,PSI,1,254340,6,2026-09-02T11:08:21Z,2026-09-02T23:23:56Z,12.26
SL5 9NN,SEPD,PSI,1,254340,6,2026-09-02T11:08:21Z,2026-09-02T23:23:56Z,12.26
SL5 9PQ,SEPD,PSI,1,254340,6,2026-09-02T11:08:21Z,2026-09-02T23:23:56Z,12.26
SP3 6QQ,SEPD,LV,2,"TX1554,TX2298",12,2026-08-29T07:49:13Z,2026-08-29T22:02:58Z,11.74
SN14 6AJ,SEPD,HV,2,"TX6758,TX6776",157,2026-09-02T11:08:21Z,2026-09-02T18:41:07Z,11.5
SN14 6AP,SEPD,HV,2,"TX6758,TX6776",157,2026-09-02T11:08:21Z,2026-09-02T18:41:07Z,11.5
SN14 6AR,SEPD,HV,2,"TX6758,TX6776",157,2026-09-02T11:08:21Z,2026-09-02T18:41:07Z,11.5
SN14 6AS,SEPD,HV,2,"TX6758,TX6776",157,2026-09-02T11:08:21Z,2026-09-02T18:41:07Z,11.5
SN14 6AW,SEPD,HV,2,"TX6758,TX6776",157,2026-09-02T11:08:21Z,2026-09-02T18:41:07Z,11.5
PH33 7AE,SHEPD,PSI,3,"253999,254001,254007",31,2026-08-31T17:01:01Z,2026-09-02T18:41:07Z,11.42
ZE2 9DJ,SHEPD,HV,1,TX3549,6,2026-08-30T21:34:26Z,2026-08-31T08:55:44Z,11.35
OX20 1BA,SEPD,HV,1,TW8540,62,2026-08-26T23:23:56Z,2026-08-27T10:33:18Z,11.16
OX20 1BB,SEPD,HV,1,TW8540,62,2026-08-26T23:23:56Z,2026-08-27T10:33:18Z,11.16
OX20 1BE,SEPD,HV,1,TW8540,62,2026-08-26T23:23:56Z,2026-08-27T10:33:18Z,11.16
OX20 1BG,SEPD,HV,1,TW8540,62,2026-08-26T23:23:56Z,2026-08-27T10:33:18Z,11.16
OX20 1BH,SEPD,HV,1,TW8540,62,2026-08-26T23:23:56Z,2026-08-27T10:33:18Z,11.16
OX20 1BJ,SEPD,HV,1,TW8540,62,2026-08-26T23:23:56Z,2026-08-27T10:33:18Z,11.16
OX20 1BL,SEPD,HV,1,TW8540,62,2026-08-26T23:23:56Z,2026-08-27T10:33:18Z,11.16
OX20 1BN,SEPD,HV,1,TW8540,62,2026-08-26T23:23:56Z,2026-08-27T10:33:18Z,11.16
OX20 1BQ,SEPD,HV,1,TW8540,62,2026-08-26T23:23:56Z,2026-08-27T10:33:18Z,11.16
OX20 1BT,SEPD,HV,1,TW8540,62,2026-08-26T23:23:56Z,2026-08-27T10:33:18Z,11.16
OX20 1BU,SEPD,HV,1,TW8540,62,2026-08-26T23:23:56Z,2026-08-27T10:33:18Z,11.16
OX20 1BW,SEPD,HV,1,TW8540,62,2026-08-26T23:23:56Z,2026-08-27T10:33:18Z,11.16
OX20 1BX,SEPD,HV,1,TW8540,62,2026-08-26T23:23:56Z,2026-08-27T10:33:18Z,11.16
OX20 1BY,SEPD,HV,1,TW8540,62,2026-08-26T23:23:56Z,2026-08-27T10:33:18Z,11.16
OX20 1DB,SEPD,HV,1,TW8540,62,2026-08-26T23:23:56Z,2026-08-27T10:33:18Z,11.16
SO32 1GZ,SEPD,LV,1,TW8483,9,2026-08-26T23:23:56Z,2026-08-27T10:33:18Z,11.16
RG26 5DG,SEPD,HV,1,TX2840,66,2026-08-30T00:13:24Z,2026-08-30T10:38:44Z,10.42
RG26 5DJ,SEPD,HV,1,TX2840,66,2026-08-30T00:13:24Z,2026-08-30T10:38:44Z,10.42
RG26 5DQ,SEPD,HV,1,TX2840,66,2026-08-30T00:13:24Z,2026-08-30T10:38:44Z,10.42
RG26 5EH,SEPD,HV,1,TX2840,66,2026-08-30T00:13:24Z,2026-08-30T10:38:44Z,10.42
RG26 5EJ,SEPD,HV,1,TX2840,66,2026-08-30T00:13:24Z,2026-08-30T10:38:44Z,10.42
RG26 5EL,SEPD,HV,1,TX2840,66,2026-08-30T00:13:24Z,2026-08-30T10:38:44Z,10.42
RG26 5EN,SEPD,HV,1,TX2840,66,2026-08-30T00:13:24Z,2026-08-30T10:38:44Z,10.42
RG7 2NH,SEPD,HV,1,TX2840,66,2026-08-30T00:13:24Z,2026-08-30T10:38:44Z,10.42
RG8 0AA,SEPD,LV,1,TX2658,9,2026-08-30T00:13:24Z,2026-08-30T10:38:44Z,10.42
RG8 0AB,SEPD,LV,1,TX2658,9,2026-08-30T00:13:24Z,2026-08-30T10:38:44Z,10.42
RG8 0AD,SEPD,LV,1,TX2658,9,2026-08-30T00:13:24Z,2026-08-30T10:38:44Z,10.42
RG8 0EJ,SEPD,LV,1,TX2658,9,2026-08-30T00:13:24Z,2026-08-30T10:38:44Z,10.42
RG8 0EL,SEPD,LV,1,TX2658,9,2026-08-30T00:13:24Z,2026-08-30T10:38:44Z,10.42
RG8 0ER,SEPD,LV,1,TX2658,9,2026-08-30T00:13:24Z,2026-08-30T10:38:44Z,10.42
RG8 0ET,SEPD,LV,1,TX2658,9,2026-08-30T00:13:24Z,2026-08-30T10:38:44Z,10.42
SN14 0DH,SEPD,LV,1,TW8554,10,2026-08-27T00:39:45Z,2026-08-27T10:33:18Z,9.89
SN14 0DN,SEPD,LV,1,TW8554,10,2026-08-27T00:39:45Z,2026-08-27T10:33:18Z,9.89
PO12 4AB,SEPD,LV,1,TX5274,12,2026-09-01T15:33:44Z,2026-09-02T01:19:47Z,9.77
PO12 4AD,SEPD,LV,1,TX5274,12,2026-09-01T15:33:44Z,2026-09-02T01:19:47Z,9.77
PO12 4AN,SEPD,LV,1,TX5274,12,2026-09-01T15:33:44Z,2026-09-02T01:19:47Z,9.77
PO12 4EP,SEPD,LV,1,TX5274,12,2026-09-01T15:33:44Z,2026-09-02T01:19:47Z,9.77
SP3 6QT,SEPD,LV,1,TX1554,5,2026-08-29T07:49:13Z,2026-08-29T17:20:44Z,9.53
SO19 2DW,SEPD,LV,2,"TX6108,TX6237",68,2026-09-02T01:19:47Z,2026-09-02T15:05:26Z,9.13
SO19 2DX,SEPD,LV,2,"TX6108,TX6237",68,2026-09-02T01:19:47Z,2026-09-02T15:05:26Z,9.13
SO19 2DY,SEPD,LV,2,"TX6108,TX6237",68,2026-09-02T01:19:47Z,2026-09-02T15:05:26Z,9.13
DT11 7AH,SEPD,LV,1,TX6231,22,2026-09-02T05:57:39Z,2026-09-02T15:05:26Z,9.13
DT11 7AJ,SEPD,LV,1,TX6231,22,2026-09-02T05:57:39Z,2026-09-02T15:05:26Z,9.13
DT11 7AR,SEPD,LV,1,TX6231,22,2026-09-02T05:57:39Z,2026-09-02T15:05:26Z,9.13
HP12 4PN,SEPD,LV,1,TX3608,19,2026-08-30T23:52:33Z,2026-08-31T08:55:44Z,9.05
HP12 4PP,SEPD,LV,1,TX3608,19,2026-08-30T23:52:33Z,2026-08-31T08:55:44Z,9.05
HP12 4PT,SEPD,LV,1,TX3608,19,2026-08-30T23:52:33Z,2026-08-31T08:55:44Z,9.05
HP12 4PW,SEPD,LV,1,TX3608,19,2026-08-30T23:52:33Z,2026-08-31T08:55:44Z,9.05
GU29 0JW,SEPD,HV,1,TW8796,95,2026-08-27T20:44:46Z,2026-08-28T04:56:18Z,8.19
GU29 0PA,SEPD,HV,1,TW8796,95,2026-08-27T20:44:46Z,2026-08-28T04:56:18Z,8.19
GU29 0PB,SEPD,HV,1,TW8796,95,2026-08-27T20:44:46Z,2026-08-28T04:56:18Z,8.19
GU29 0PD,SEPD,HV,1,TW8796,95,2026-08-27T20:44:46Z,2026-08-28T04:56:18Z,8.19
GU29 0PE,SEPD,HV,1,TW8796,95,2026-08-27T20:44:46Z,2026-08-28T04:56:18Z,8.19
GU29 0PF,SEPD,HV,1,TW8796,95,2026-08-27T20:44:46Z,2026-08-28T04:56:18Z,8.19
GU31 5EL,SEPD,HV,1,TW8796,95,2026-08-27T20:44:46Z,2026-08-28T04:56:18Z,8.19
GU31 5EN,SEPD,HV,1,TW8796,95,2026-08-27T20:44:46Z,2026-08-28T04:56:18Z,8.19
GU31 5EP,SEPD,HV,1,TW8796,95,2026-08-27T20:44:46Z,2026-08-28T04:56:18Z,8.19
GU31 5ER,SEPD,HV,1,TW8796,95,2026-08-27T20:44:46Z,2026-08-28T04:56:18Z,8.19
GU31 5ES,SEPD,HV,1,TW8796,95,2026-08-27T20:44:46Z,2026-08-28T04:56:18Z,8.19
GU31 5ET,SEPD,HV,1,TW8796,95,2026-08-27T20:44:46Z,2026-08-28T04:56:18Z,8.19
GU31 5EU,SEPD,HV,1,TW8796,95,2026-08-27T20:44:46Z,2026-08-28T04:56:18Z,8.19
GU31 5EW,SEPD,HV,1,TW8796,95,2026-08-27T20:44:46Z,2026-08-28T04:56:18Z,8.19
GU31 5JU,SEPD,HV,1,TW8796,95,2026-08-27T20:44:46Z,2026-08-28T04:56:18Z,8.19
GU32 1AB,SEPD,HV,1,TW8796,95,2026-08-27T20:44:46Z,2026-08-28T04:56:18Z,8.19
PO13 0BJ,SEPD,LV,1,TX3785,14,2026-08-31T08:55:44Z,2026-08-31T17:01:01Z,8.09
PO13 0EL,SEPD,LV,1,TX3785,14,2026-08-31T08:55:44Z,2026-08-31T17:01:01Z,8.09
PO13 0EN,SEPD,LV,1,TX3785,14,2026-08-31T08:55:44Z,2026-08-31T17:01:01Z,8.09
PO13 0EP,SEPD,LV,1,TX3785,14,2026-08-31T08:55:44Z,2026-08-31T17:01:01Z,8.09
SL5 9EA,SEPD,LV,1,TX4167,12,2026-08-31T17:01:01Z,2026-09-01T00:56:36Z,7.93
SL5 9EN,SEPD,LV,1,TX4167,12,2026-08-31T17:01:01Z,2026-09-01T00:56:36Z,7.93
SL5 9JB,SEPD,LV,1,TX4167,12,2026-08-31T17:01:01Z,2026-09-01T00:56:36Z,7.93
SL5 9UU,SEPD,LV,1,TX4167,12,2026-08-31T17:01:01Z,2026-09-01T00:56:36Z,7.93
W5 3UH,SEPD,LV,1,TX2921,24,2026-08-30T10:38:44Z,2026-08-30T18:33:54Z,7.92
W5 5PA,SEPD,LV,1,TX2921,24,2026-08-30T10:38:44Z,2026-08-30T18:33:54Z,7.92
RG31 6FZ,SEPD,"PSI,LV",2,"254472,TX6421",65,2026-09-02T11:08:21Z,2026-09-02T15:05:26Z,7.9
SN13 9HS,SEPD,"PSI,LV",2,"253420,TX6525",18,2026-09-02T11:08:21Z,2026-09-02T15:05:26Z,7.9
SN14 6AD,SEPD,HV,2,"TX6758,TX6776",157,2026-09-02T11:08:21Z,2026-09-02T15:05:26Z,7.9
SN14 6AE,SEPD,HV,2,"TX6758,TX6776",157,2026-09-02T11:08:21Z,2026-09-02T15:05:26Z,7.9
SN14 6AT,SEPD,HV,2,"TX6758,TX6776",157,2026-09-02T11:08:21Z,2026-09-02T15:05:26Z,7.9
SN14 6AU,SEPD,HV,2,"TX6758,TX6776",157,2026-09-02T11:08:21Z,2026-09-02T15:05:26Z,7.9
SN14 6DJ,SEPD,HV,2,"TX6758,TX6776",157,2026-09-02T11:08:21Z,2026-09-02T15:05:26Z,7.9
SN14 6JY,SEPD,HV,2,"TX6758,TX6776",157,2026-09-02T11:08:21Z,2026-09-02T15:05:26Z,7.9
SN14 6JZ,SEPD,HV,2,"TX6758,TX6776",157,2026-09-02T11:08:21Z,2026-09-02T15:05:26Z,7.9
SN14 6LA,SEPD,HV,2,"TX6758,TX6776",157,2026-09-02T11:08:21Z,2026-09-02T15:05:26Z,7.9
SN16 0LD,SEPD,HV,2,"TX6758,TX6776",157,2026-09-02T11:08:21Z,2026-09-02T15:05:26Z,7.9
IV2 6UH,SHEPD,PSI,3,"253591,253596,253603",131,2026-09-01T11:41:40Z,2026-09-02T15:05:26Z,7.82
IV2 6UJ,SHEPD,PSI,2,"253590,253603",26,2026-09-01T11:41:40Z,2026-09-01T15:33:44Z,7.74
BA22,SEPD,PSI,1,254436,63,2026-09-02T11:08:21Z,2026-09-02T18:41:07Z,7.55
BA22 8DX,SEPD,PSI,1,254436,63,2026-09-02T11:08:21Z,2026-09-02T18:41:07Z,7.55
BA22 8GR,SEPD,PSI,1,254436,63,2026-09-02T11:08:21Z,2026-09-02T18:41:07Z,7.55
BA22 8JE,SEPD,PSI,1,254436,63,2026-09-02T11:08:21Z,2026-09-02T18:41:07Z,7.55
BA22 8JF,SEPD,PSI,1,254436,63,2026-09-02T11:08:21Z,2026-09-02T18:41:07Z,7.55
BA22 8JG,SEPD,PSI,1,254436,63,2026-09-02T11:08:21Z,2026-09-02T18:41:07Z,7.55
BA22 8JH,SEPD,PSI,1,254436,63,2026-09-02T11:08:21Z,2026-09-02T18:41:07Z,7.55
BH21 5DH,SEPD,HV,1,TX6503,195,2026-09-02T11:08:21Z,2026-09-02T18:41:07Z,7.55
BH21 5DT,SEPD,HV,1,TX6503,195,2026-09-02T11:08:21Z,2026-09-02T18:41:07Z,7.55
BH21 5ES,SEPD,HV,1,TX6503,195,2026-09-02T11:08:21Z,2026-09-02T18:41:07Z,7.55
BH21 5ET,SEPD,HV,1,TX6503,195,2026-09-02T11:08:21Z,2026-09-02T18:41:07Z,7.55
BH21 5EU,SEPD,HV,1,TX6503,195,2026-09-02T11:08:21Z,2026-09-02T18:41:07Z,7.55
BH21 5EX,SEPD,HV,1,TX6503,195,2026-09-02T11:08:21Z,2026-09-02T18:41:07Z,7.55
BH21 5EZ,SEPD,HV,1,TX6503,195,2026-09-02T11:08:21Z,2026-09-02T18:41:07Z,7.55
BH21 5HA,SEPD,HV,1,TX6503,195,2026-09-02T11:08:21Z,2026-09-02T18:41:07Z,7.55
BH21 5HB,SEPD,HV,1,TX6503,195,2026-09-02T11:08:21Z,2026-09-02T18:41:07Z,7.55
BH21 5HD,SEPD,HV,1,TX6503,195,2026-09-02T11:08:21Z,2026-09-02T18:41:07Z,7.55
BH21 5HE,SEPD,HV,1,TX6503,195,2026-09-02T11:08:21Z,2026-09-02T18:41:07Z,7.55
BH21 5HG,SEPD,HV,1,TX6503,195,2026-09-02T11:08:21Z,2026-09-02T18:41:07Z,7.55
BH21 5HH,SEPD,HV,1,TX6503,195,2026-09-02T11:08:21Z,2026-09-02T18:41:07Z,7.55
BH21 5HQ,SEPD,HV,1,TX6503,195,2026-09-02T11:08:21Z,2026-09-02T18:41:07Z,7.55
HS2 0TD,SHEPD,PSI,1,253376,155,2026-09-02T11:08:21Z,2026-09-02T18:41:07Z,7.55
HS2 0TG,SHEPD,PSI,1,253376,155,2026-09-02T11:08:21Z,2026-09-02T18:41:07Z,7.55
HS2 0TH,SHEPD,PSI,1,253376,155,2026-09-02T11:08:21Z,2026-09-02T18:41:07Z,7.55
HS2 0TJ,SHEPD,PSI,1,253376,155,2026-09-02T11:08:21Z,2026-09-02T18:41:07Z,7.55
HS2 0TL,SHEPD,PSI,1,253376,155,2026-09-02T11:08:21Z,2026-09-02T18:41:07Z,7.55
HS2 0TN,SHEPD,PSI,1,253376,155,2026-09-02T11:08:21Z,2026-09-02T18:41:07Z,7.55
HS2 0TQ,SHEPD,PSI,1,253376,155,2026-09-02T11:08:21Z,2026-09-02T18:41:07Z,7.55
HS2 0TR,SHEPD,PSI,1,253376,155,2026-09-02T11:08:21Z,2026-09-02T18:41:07Z,7.55
HS2 0TW,SHEPD,PSI,1,253376,155,2026-09-02T11:08:21Z,2026-09-02T18:41:07Z,7.55
HS2 0XA,SHEPD,PSI,1,253376,155,2026-09-02T11:08:21Z,2026-09-02T18:41:07Z,7.55
HS2 0XB,SHEPD,PSI,1,253376,155,2026-09-02T11:08:21Z,2026-09-02T18:41:07Z,7.55
HS2 0XJ,SHEPD,PSI,1,253376,155,2026-09-02T11:08:21Z,2026-09-02T18:41:07Z,7.55
PO18 8UD,SEPD,PSI,1,253515,17,2026-09-02T11:08:21Z,2026-09-02T18:41:07Z,7.55
PO18 9LE,SEPD,PSI,1,253515,17,2026-09-02T11:08:21Z,2026-09-02T18:41:07Z,7.55
SN14 7EF,SEPD,PSI,1,252660,28,2026-09-02T11:08:21Z,2026-09-02T18:41:07Z,7.55
SN14 8RE,SEPD,PSI,1,252660,28,2026-09-02T11:08:21Z,2026-09-02T18:41:07Z,7.55
SN14 8RF,SEPD,PSI,1,252660,28,2026-09-02T11:08:21Z,2026-09-02T18:41:07Z,7.55
SN14 8RG,SEPD,PSI,1,252660,28,2026-09-02T11:08:21Z,2026-09-02T18:41:07Z,7.55
SN14 8RH,SEPD,PSI,1,252660,28,2026-09-02T11:08:21Z,2026-09-02T18:41:07Z,7.55
SN14 8RJ,SEPD,PSI,1,252660,28,2026-09-02T11:08:21Z,2026-09-02T18:41:07Z,7.55
SN14 8RQ,SEPD,PSI,1,252660,28,2026-09-02T11:08:21Z,2026-09-02T18:41:07Z,7.55
GU27 3HB,SEPD,HV,1,TX5061,42,2026-09-01T11:41:40Z,2026-09-01T18:50:36Z,7.15
GU27 3HE,SEPD,HV,1,TX5061,42,2026-09-01T11:41:40Z,2026-09-01T18:50:36Z,7.15
GU27 3HF,SEPD,HV,1,TX5061,42,2026-09-01T11:41:40Z,2026-09-01T18:50:36Z,7.15
GU27 3HG,SEPD,HV,1,TX5061,42,2026-09-01T11:41:40Z,2026-09-01T18:50:36Z,7.15
GU27 3NR,SEPD,HV,1,TX5061,42,2026-09-01T11:41:40Z,2026-09-01T18:50:36Z,7.15
GU31 4NX,SEPD,LV,1,TX4994,23,2026-09-01T11:41:40Z,2026-09-01T18:50:36Z,7.15
GU31 4PH,SEPD,LV,1,TX4994,23,2026-09-01T11:41:40Z,2026-09-01T18:50:36Z,7.15
GU31 4PJ,SEPD,LV,1,TX4994,23,2026-09-01T11:41:40Z,2026-09-01T18:50:36Z,7.15
GU31 4PQ,SEPD,LV,1,TX4994,23,2026-09-01T11:41:40Z,2026-09-01T18:50:36Z,7.15
GU31 4PS,SEPD,LV,1,TX4994,23,2026-09-01T11:41:40Z,2026-09-01T18:50:36Z,7.15
PO15 6PB,SEPD,HV,1,TX5070,2,2026-09-01T11:41:40Z,2026-09-01T18:50:36Z,7.15
PO15 6PH,SEPD,HV,1,TX5070,2,2026-09-01T11:41:40Z,2026-09-01T18:50:36Z,7.15
W5 3AD,SEPD,LV,1,TX4641,25,2026-09-01T11:41:40Z,2026-09-01T18:50:36Z,7.15
W5 3BQ,SEPD,LV,1,TX4641,25,2026-09-01T11:41:40Z,2026-09-01T18:50:36Z,7.15
W5 3EL,SEPD,LV,1,TX4641,25,2026-09-01T11:41:40Z,2026-09-01T18:50:36Z,7.15
W5 3ER,SEPD,LV,1,TX4641,25,2026-09-01T11:41:40Z,2026-09-01T18:50:36Z,7.15
W5 3HA,SEPD,LV,1,TX4641,25,2026-09-01T11:41:40Z,2026-09-01T18:50:36Z,7.15
W5 3HB,SEPD,LV,1,TX4641,25,2026-09-01T11:41:40Z,2026-09-01T18:50:36Z,7.15
W5 3HD,SEPD,LV,1,TX4641,25,2026-09-01T11:41:40Z,2026-09-01T18:50:36Z,7.15
BA20 2SG,SEPD,LV,2,"TX1972,TX2449",42,2026-08-29T17:20:44Z,2026-08-30T00:13:24Z,6.88
BA20 2SA,SEPD,LV,1,TX1972,21,2026-08-29T17:20:44Z,2026-08-30T00:13:24Z,6.88
BA20 2SQ,SEPD,LV,1,TX1972,21,2026-08-29T17:20:44Z,2026-08-30T00:13:24Z,6.88
BA20 2SX,SEPD,LV,1,TX1972,21,2026-08-29T17:20:44Z,2026-08-30T00:13:24Z,6.88
BA20 2SY,SEPD,LV,1,TX1972,21,2026-08-29T17:20:44Z,2026-08-30T00:13:24Z,6.88
BA20 2SZ,SEPD,LV,1,TX1972,21,2026-08-29T17:20:44Z,2026-08-30T00:13:24Z,6.88
SN14 6HY,SEPD,HV,2,"TX3541,TX3656",270,2026-08-30T21:34:26Z,2026-08-31T08:55:44Z,6.17
SN14 6JA,SEPD,HV,2,"TX3541,TX3656",270,2026-08-30T21:34:26Z,2026-08-31T08:55:44Z,6.17
SN14 6QN,SEPD,HV,2,"TX3541,TX3656",270,2026-08-30T21:34:26Z,2026-08-31T08:55:44Z,6.17
SN15 3HZ,SEPD,HV,2,"TX3541,TX3656",270,2026-08-30T21:34:26Z,2026-08-31T08:55:44Z,6.17
SN15 5PU,SEPD,HV,2,"TX3541,TX3656",270,2026-08-30T21:34:26Z,2026-08-31T08:55:44Z,6.17
SN15 5PX,SEPD,HV,2,"TX3541,TX3656",270,2026-08-30T21:34:26Z,2026-08-31T08:55:44Z,6.17
SN15 5PY,SEPD,HV,2,"TX3541,TX3656",270,2026-08-30T21:34:26Z,2026-08-31T08:55:44Z,6.17
PH21 1DX,SHEPD,LV,2,"TX1574,TX4282",16,2026-08-29T07:49:13Z,2026-08-31T17:01:01Z,5.59
PH21 1HX,SHEPD,LV,2,"TX1574,TX4282",16,2026-08-29T07:49:13Z,2026-08-31T17:01:01Z,5.59
PH21 1JD,SHEPD,LV,2,"TX1574,TX4282",16,2026-08-29T07:49:13Z,2026-08-31T17:01:01Z,5.59
PH21 1JL,SHEPD,LV,2,"TX1574,TX4282",16,2026-08-29T07:49:13Z,2026-08-31T17:01:01Z,5.59
PH21 1JS,SHEPD,LV,2,"TX1574,TX4282",16,2026-08-29T07:49:13Z,2026-08-31T17:01:01Z,5.59
SN11 0PF,SEPD,"LV,HV",2,"TX4620,TX5066",53,2026-09-01T06:11:57Z,2026-09-01T11:41:40Z,5.5
SN11 0PG,SEPD,"LV,HV",2,"TX4620,TX5066",53,2026-09-01T06:11:57Z,2026-09-01T11:41:40Z,5.5
SN11 0PH,SEPD,"LV,HV",2,"TX4620,TX5066",53,2026-09-01T06:11:57Z,2026-09-01T11:41:40Z,5.5
SN11 0PQ,SEPD,"LV,HV",2,"TX4620,TX5066",53,2026-09-01T06:11:57Z,2026-09-01T11:41:40Z,5.5
SN11 0SL,SEPD,"LV,HV",2,"TX4620,TX5066",53,2026-09-01T06:11:57Z,2026-09-01T11:41:40Z,5.5
GU46 6DP,SEPD,LV,1,TX3390,12,2026-08-30T18:33:54Z,2026-08-30T23:52:33Z,5.31
DD3 7JD,SHEPD,HV,1,TX2832,244,2026-08-30T00:13:24Z,2026-08-30T05:29:16Z,5.26
DD3 7JF,SHEPD,HV,1,TX2832,244,2026-08-30T00:13:24Z,2026-08-30T05:29:16Z,5.26
DD3 7QA,SHEPD,HV,1,TX2832,244,2026-08-30T00:13:24Z,2026-08-30T05:29:16Z,5.26
DD3 7QB,SHEPD,HV,1,TX2832,244,2026-08-30T00:13:24Z,2026-08-30T05:29:16Z,5.26
DD3 7QN,SHEPD,HV,1,TX2832,244,2026-08-30T00:13:24Z,2026-08-30T05:29:16Z,5.26
DD4 9NZ,SHEPD,LV,1,TX2842,8,2026-08-30T00:13:24Z,2026-08-30T05:29:16Z,5.26
DD4 9PA,SHEPD,LV,1,TX2842,8,2026-08-30T00:13:24Z,2026-08-30T05:29:16Z,5.26
RG7 2BP,SEPD,HV,1,TX2876,45,2026-08-30T05:29:16Z,2026-08-30T10:38:44Z,5.16
RG7 2BS,SEPD,HV,1,TX2876,45,2026-08-30T05:29:16Z,2026-08-30T10:38:44Z,5.16
RG7 2BT,SEPD,HV,1,TX2876,45,2026-08-30T05:29:16Z,2026-08-30T10:38:44Z,5.16
RG7 2BU,SEPD,HV,1,TX2876,45,2026-08-30T05:29:16Z,2026-08-30T10:38:44Z,5.16
RG7 2BX,SEPD,HV,1,TX2876,45,2026-08-30T05:29:16Z,2026-08-30T10:38:44Z,5.16
RG7 2BY,SEPD,HV,1,TX2876,45,2026-08-30T05:29:16Z,2026-08-30T10:38:44Z,5.16
RG7 2BZ,SEPD,HV,1,TX2876,45,2026-08-30T05:29:16Z,2026-08-30T10:38:44Z,5.16
RG7 2DA,SEPD,HV,1,TX2876,45,2026-08-30T05:29:16Z,2026-08-30T10:38:44Z,5.16
RG7 2DB,SEPD,HV,1,TX2876,45,2026-08-30T05:29:16Z,2026-08-30T10:38:44Z,5.16
RG7 2ES,SEPD,HV,1,TX2876,45,2026-08-30T05:29:16Z,2026-08-30T10:38:44Z,5.16
PO38 1NT,SEPD,LV,1,TX4183,17,2026-08-31T17:01:01Z,2026-08-31T21:53:08Z,4.87
PO38 1NU,SEPD,LV,1,TX4183,17,2026-08-31T17:01:01Z,2026-08-31T21:53:08Z,4.87
PO38 1NX,SEPD,LV,1,TX4183,17,2026-08-31T17:01:01Z,2026-08-31T21:53:08Z,4.87
PO38 1PT,SEPD,LV,1,TX4183,17,2026-08-31T17:01:01Z,2026-08-31T21:53:08Z,4.87
PO38 1QB,SEPD,LV,1,TX4183,17,2026-08-31T17:01:01Z,2026-08-31T21:53:08Z,4.87
UB2 4RL,SEPD,LV,2,"TX6019,TX6543",40,2026-09-01T23:31:36Z,2026-09-02T23:23:56Z,4.71
UB2 4RN,SEPD,LV,2,"TX6019,TX6543",40,2026-09-01T23:31:36Z,2026-09-02T23:23:56Z,4.71
BA14 0AF,SEPD,LV,1,TX7315,18,2026-09-02T18:41:07Z,2026-09-02T23:23:56Z,4.71
BA14 0JP,SEPD,LV,1,TX7315,18,2026-09-02T18:41:07Z,2026-09-02T23:23:56Z,4.71
BA14 0JW,SEPD,LV,1,TX7315,18,2026-09-02T18:41:07Z,2026-09-02T23:23:56Z,4.71
BA14 0LA,SEPD,LV,1,TX7315,18,2026-09-02T18:41:07Z,2026-09-02T23:23:56Z,4.71
BA14 0LH,SEPD,LV,1,TX7315,18,2026-09-02T18:41:07Z,2026-09-02T23:23:56Z,4.71
BA14 0LL,SEPD,LV,1,TX7315,18,2026-09-02T18:41:07Z,2026-09-02T23:23:56Z,4.71
BA8 0PH,SEPD,LV,1,TX7203,4,2026-09-02T18:41:07Z,2026-09-02T23:23:56Z,4.71
BA8 0PJ,SEPD,LV,1,TX7203,4,2026-09-02T18:41:07Z,2026-09-02T23:23:56Z,4.71
BA8 0PL,SEPD,LV,1,TX7203,4,2026-09-02T18:41:07Z,2026-09-02T23:23:56Z,4.71
BA8 0RN,SEPD,LV,1,TX7203,4,2026-09-02T18:41:07Z,2026-09-02T23:23:56Z,4.71
PO20 7PE,SEPD,LV,2,"TX1888,TX2046",12,2026-08-29T13:24:25Z,2026-08-29T22:02:58Z,4.7
BH24 3DA,SEPD,HV,1,TX2316,65,2026-08-29T17:20:44Z,2026-08-29T22:02:58Z,4.7
BH24 3DB,SEPD,HV,1,TX2316,65,2026-08-29T17:20:44Z,2026-08-29T22:02:58Z,4.7
BH24 3DD,SEPD,HV,1,TX2316,65,2026-08-29T17:20:44Z,2026-08-29T22:02:58Z,4.7
BH24 3DE,SEPD,HV,1,TX2316,65,2026-08-29T17:20:44Z,2026-08-29T22:02:58Z,4.7
BH24 3DF,SEPD,HV,1,TX2316,65,2026-08-29T17:20:44Z,2026-08-29T22:02:58Z,4.7
BH24 3DG,SEPD,HV,1,TX2316,65,2026-08-29T17:20:44Z,2026-08-29T22:02:58Z,4.7
BH24 3DH,SEPD,HV,1,TX2316,65,2026-08-29T17:20:44Z,2026-08-29T22:02:58Z,4.7
BH24 3DQ,SEPD,HV,1,TX2316,65,2026-08-29T17:20:44Z,2026-08-29T22:02:58Z,4.7
BH24 3ES,SEPD,HV,1,TX2316,65,2026-08-29T17:20:44Z,2026-08-29T22:02:58Z,4.7
BH24 3FB,SEPD,HV,1,TX2316,65,2026-08-29T17:20:44Z,2026-08-29T22:02:58Z,4.7
PA29 6XL,SHEPD,"PSI,HV",3,"254157,254205,TX7320",123,2026-09-01T11:41:40Z,2026-09-02T18:41:07Z,3.95
PA29 6XN,SHEPD,"PSI,HV",3,"254157,254205,TX7320",123,2026-09-01T11:41:40Z,2026-09-02T18:41:07Z,3.95
IV2 6TY,SHEPD,PSI,2,"253591,253596",108,2026-09-01T11:41:40Z,2026-09-02T15:05:26Z,3.95
IV2 6TZ,SHEPD,PSI,2,"253591,253596",108,2026-09-01T11:41:40Z,2026-09-02T15:05:26Z,3.95
IV2 6UD,SHEPD,PSI,2,"253591,253596",108,2026-09-01T11:41:40Z,2026-09-02T15:05:26Z,3.95
IV2 6UG,SHEPD,PSI,2,"253591,253596",108,2026-09-01T11:41:40Z,2026-09-02T15:05:26Z,3.95
RG31 6GF,SEPD,LV,2,"TX3250,TX6421",70,2026-08-30T15:00:23Z,2026-09-02T15:05:26Z,3.95
SN8 2DD,SEPD,"PSI,HV",2,"254572,TX2727",7,2026-08-29T22:02:58Z,2026-09-02T15:05:26Z,3.95
SN8 2LB,SEPD,"PSI,HV",2,"254572,TX2727",7,2026-08-29T22:02:58Z,2026-09-02T15:05:26Z,3.95
SO19 2DT,SEPD,LV,2,"TX6108,TX6237",68,2026-09-02T01:19:47Z,2026-09-02T15:05:26Z,3.95
SO19 2DU,SEPD,LV,2,"TX6108,TX6237",68,2026-09-02T01:19:47Z,2026-09-02T15:05:26Z,3.95
SO19 2ET,SEPD,LV,2,"TX6108,TX6237",68,2026-09-02T01:19:47Z,2026-09-02T15:05:26Z,3.95
AB12 5FX,SHEPD,HV,1,TX6784,83,2026-09-02T11:08:21Z,2026-09-02T15:05:26Z,3.95
AB12 5GA,SHEPD,HV,1,TX6784,83,2026-09-02T11:08:21Z,2026-09-02T15:05:26Z,3.95
AB12 5GB,SHEPD,HV,1,TX6784,83,2026-09-02T11:08:21Z,2026-09-02T15:05:26Z,3.95
AB12 5GE,SHEPD,HV,1,TX6784,83,2026-09-02T11:08:21Z,2026-09-02T15:05:26Z,3.95
AB14 0LE,SHEPD,HV,1,TX6784,83,2026-09-02T11:08:21Z,2026-09-02T15:05:26Z,3.95
AB14 0LH,SHEPD,HV,1,TX6784,83,2026-09-02T11:08:21Z,2026-09-02T15:05:26Z,3.95
AB14 0LL,SHEPD,HV,1,TX6784,83,2026-09-02T11:08:21Z,2026-09-02T15:05:26Z,3.95
AB14 0LN,SHEPD,HV,1,TX6784,83,2026-09-02T11:08:21Z,2026-09-02T15:05:26Z,3.95
AB14 0LP,SHEPD,HV,1,TX6784,83,2026-09-02T11:08:21Z,2026-09-02T15:05:26Z,3.95
AB14 0LQ,SHEPD,HV,1,TX6784,83,2026-09-02T11:08:21Z,2026-09-02T15:05:26Z,3.95
AB14 0LR,SHEPD,HV,1,TX6784,83,2026-09-02T11:08:21Z,2026-09-02T15:05:26Z,3.95
AB14 0LS,SHEPD,HV,1,TX6784,83,2026-09-02T11:08:21Z,2026-09-02T15:05:26Z,3.95
AB14 0LU,SHEPD,HV,1,TX6784,83,2026-09-02T11:08:21Z,2026-09-02T15:05:26Z,3.95
AB14 0US,SHEPD,HV,1,TX6784,83,2026-09-02T11:08:21Z,2026-09-02T15:05:26Z,3.95
BH21 5JU,SEPD,HV,1,TX6503,195,2026-09-02T11:08:21Z,2026-09-02T15:05:26Z,3.95
BH21 5JX,SEPD,HV,1,TX6503,195,2026-09-02T11:08:21Z,2026-09-02T15:05:26Z,3.95
BH21 5JY,SEPD,HV,1,TX6503,195,2026-09-02T11:08:21Z,2026-09-02T15:05:26Z,3.95
BH21 5JZ,SEPD,HV,1,TX6503,195,2026-09-02T11:08:21Z,2026-09-02T15:05:26Z,3.95
BH21 5LA,SEPD,HV,1,TX6503,195,2026-09-02T11:08:21Z,2026-09-02T15:05:26Z,3.95
BH21 5LB,SEPD,HV,1,TX6503,195,2026-09-02T11:08:21Z,2026-09-02T15:05:26Z,3.95
BH21 5LD,SEPD,HV,1,TX6503,195,2026-09-02T11:08:21Z,2026-09-02T15:05:26Z,3.95
BH21 5LE,SEPD,HV,1,TX6503,195,2026-09-02T11:08:21Z,2026-09-02T15:05:26Z,3.95
BH21 5LF,SEPD,HV,1,TX6503,195,2026-09-02T11:08:21Z,2026-09-02T15:05:26Z,3.95
DD11 4RR,SHEPD,PSI,1,254232,41,2026-09-02T11:08:21Z,2026-09-02T15:05:26Z,3.95
DT2 9SA,SEPD,PSI,1,252892,30,2026-09-02T11:08:21Z,2026-09-02T15:05:26Z,3.95
DT2 9SS,SEPD,PSI,1,252892,30,2026-09-02T11:08:21Z,2026-09-02T15:05:26Z,3.95
FK16 6HH,SHEPD,PSI,1,254239,13,2026-09-02T11:08:21Z,2026-09-02T15:05:26Z,3.95
FK17 8JL,SHEPD,PSI,1,254239,13,2026-09-02T11:08:21Z,2026-09-02T15:05:26Z,3.95
FK8 3QH,SHEPD,PSI,1,254239,13,2026-09-02T11:08:21Z,2026-09-02T15:05:26Z,3.95
GU35 9AJ,SEPD,HV,1,TX6612,423,2026-09-02T11:08:21Z,2026-09-02T15:05:26Z,3.95
GU35 9BG,SEPD,HV,1,TX6612,423,2026-09-02T11:08:21Z,2026-09-02T15:05:26Z,3.95
GU35 9BQ,SEPD,HV,1,TX6612,423,2026-09-02T11:08:21Z,2026-09-02T15:05:26Z,3.95
GU35 9DN,SEPD,HV,1,TX6612,423,2026-09-02T11:08:21Z,2026-09-02T15:05:26Z,3.95
GU35 9EH,SEPD,HV,1,TX6612,423,2026-09-02T11:08:21Z,2026-09-02T15:05:26Z,3.95
GU35 9EJ,SEPD,HV,1,TX6612,423,2026-09-02T11:08:21Z,2026-09-02T15:05:26Z,3.95
GU35 9EL,SEPD,HV,1,TX6612,423,2026-09-02T11:08:21Z,2026-09-02T15:05:26Z,3.95
GU35 9EN,SEPD,HV,1,TX6612,423,2026-09-02T11:08:21Z,2026-09-02T15:05:26Z,3.95
GU35 9EP,SEPD,HV,1,TX6612,423,2026-09-02T11:08:21Z,2026-09-02T15:05:26Z,3.95
GU35 9ER,SEPD,HV,1,TX6612,423,2026-09-02T11:08:21Z,2026-09-02T15:05:26Z,3.95
GU35 9EW,SEPD,HV,1,TX6612,423,2026-09-02T11:08:21Z,2026-09-02T15:05:26Z,3.95
GU35 9EX,SEPD,HV,1,TX6612,423,2026-09-02T11:08:21Z,2026-09-02T15:05:26Z,3.95
GU35 9EZ,SEPD,HV,1,TX6612,423,2026-09-02T11:08:21Z,2026-09-02T15:05:26Z,3.95
GU35 9FA,SEPD,HV,1,TX6612,423,2026-09-02T11:08:21Z,2026-09-02T15:05:26Z,3.95
GU35 9FB,SEPD,HV,1,TX6612,423,2026-09-02T11:08:21Z,2026-09-02T15:05:26Z,3.95
GU35 9HN,SEPD,HV,1,TX6612,423,2026-09-02T11:08:21Z,2026-09-02T15:05:26Z,3.95
GU35 9HP,SEPD,HV,1,TX6612,423,2026-09-02T11:08:21Z,2026-09-02T15:05:26Z,3.95
GU35 9HW,SEPD,HV,1,TX6612,423,2026-09-02T11:08:21Z,2026-09-02T15:05:26Z,3.95
GU35 9HX,SEPD,HV,1,TX6612,423,2026-09-02T11:08:21Z,2026-09-02T15:05:26Z,3.95
GU35 9QG,SEPD,HV,1,TX6612,423,2026-09-02T11:08:21Z,2026-09-02T15:05:26Z,3.95
GU35 9QL,SEPD,HV,1,TX6612,423,2026-09-02T11:08:21Z,2026-09-02T15:05:26Z,3.95
GU35 9QN,SEPD,HV,1,TX6612,423,2026-09-02T11:08:21Z,2026-09-02T15:05:26Z,3.95
GU35 9QQ,SEPD,HV,1,TX6612,423,2026-09-02T11:08:21Z,2026-09-02T15:05:26Z,3.95
GU35 9QW,SEPD,HV,1,TX6612,423,2026-09-02T11:08:21Z,2026-09-02T15:05:26Z,3.95
GU35 9TA,SEPD,HV,1,TX6612,423,2026-09-02T11:08:21Z,2026-09-02T15:05:26Z,3.95
GU35 9TB,SEPD,HV,1,TX6612,423,2026-09-02T11:08:21Z,2026-09-02T15:05:26Z,3.95
IV2 4QA,SHEPD,PSI,1,254205,103,2026-09-02T11:08:21Z,2026-09-02T15:05:26Z,3.95
IV20 1TJ,SHEPD,PSI,1,253886,8,2026-09-02T11:08:21Z,2026-09-02T15:05:26Z,3.95
KW17 2TJ,SHEPD,PSI,1,254428,9,2026-09-02T11:08:21Z,2026-09-02T15:05:26Z,3.95
KY13,SHEPD,PSI,1,254409,46,2026-09-02T11:08:21Z,2026-09-02T15:05:26Z,3.95
KY13 0SF,SHEPD,PSI,1,254409,46,2026-09-02T11:08:21Z,2026-09-02T15:05:26Z,3.95
KY13 0SG,SHEPD,PSI,1,254409,46,2026-09-02T11:08:21Z,2026-09-02T15:05:26Z,3.95
KY13 7SW,SHEPD,PSI,1,254409,46,2026-09-02T11:08:21Z,2026-09-02T15:05:26Z,3.95
KY13 9SE,SHEPD,PSI,1,254409,46,2026-09-02T11:08:21Z,2026-09-02T15:05:26Z,3.95
KY13 9SH,SHEPD,PSI,1,254409,46,2026-09-02T11:08:21Z,2026-09-02T15:05:26Z,3.95
OX10 6AX,SEPD,PSI,1,254608,9,2026-09-02T11:08:21Z,2026-09-02T15:05:26Z,3.95
OX12 8QD,SEPD,PSI,1,253386,65,2026-09-02T11:08:21Z,2026-09-02T15:05:26Z,3.95
OX12 8QE,SEPD,PSI,1,253386,65,2026-09-02T11:08:21Z,2026-09-02T15:05:26Z,3.95
OX12 8QF,SEPD,PSI,1,253386,65,2026-09-02T11:08:21Z,2026-09-02T15:05:26Z,3.95
OX12 8QG,SEPD,PSI,1,253386,65,2026-09-02T11:08:21Z,2026-09-02T15:05:26Z,3.95
OX12 8QQ,SEPD,PSI,1,253386,65,2026-09-02T11:08:21Z,2026-09-02T15:05:26Z,3.95
PA29 6XP,SHEPD,PSI,1,254205,103,2026-09-02T11:08:21Z,2026-09-02T15:05:26Z,3.95
PA29 6XW,SHEPD,PSI,1,254205,103,2026-09-02T11:08:21Z,2026-09-02T15:05:26Z,3.95
PA29 6XX,SHEPD,PSI,1,254205,103,2026-09-02T11:08:21Z,2026-09-02T15:05:26Z,3.95
PA29 6YP,SHEPD,PSI,1,254205,103,2026-09-02T11:08:21Z,2026-09-02T15:05:26Z,3.95
PA38 4BA,SHEPD,PSI,1,253731,41,2026-09-02T11:08:21Z,2026-09-02T15:05:26Z,3.95
PA38 4DQ,SHEPD,PSI,1,253731,41,2026-09-02T11:08:21Z,2026-09-02T15:05:26Z,3.95
RG26 5EP,SEPD,PSI,1,254319,122,2026-09-02T11:08:21Z,2026-09-02T15:05:26Z,3.95
RG26 5ER,SEPD,PSI,1,254319,122,2026-09-02T11:08:21Z,2026-09-02T15:05:26Z,3.95
RG26 5ES,SEPD,PSI,1,254319,122,2026-09-02T11:08:21Z,2026-09-02T15:05:26Z,3.95
RG26 5ET,SEPD,PSI,1,254319,122,2026-09-02T11:08:21Z,2026-09-02T15:05:26Z,3.95
RG26 5EU,SEPD,PSI,1,254319,122,2026-09-02T11:08:21Z,2026-09-02T15:05:26Z,3.95
RG26 5EX,SEPD,PSI,1,254319,122,2026-09-02T11:08:21Z,2026-09-02T15:05:26Z,3.95
RG26 5EY,SEPD,PSI,1,254319,122,2026-09-02T11:08:21Z,2026-09-02T15:05:26Z,3.95
RG26 5EZ,SEPD,PSI,1,254319,122,2026-09-02T11:08:21Z,2026-09-02T15:05:26Z,3.95
RG26 5LP,SEPD,PSI,1,254478,8,2026-09-02T11:08:21Z,2026-09-02T15:05:26Z,3.95
RG26 5WT,SEPD,PSI,1,254319,122,2026-09-02T11:08:21Z,2026-09-02T15:05:26Z,3.95
RG31 6GA,SEPD,LV,1,TX6421,14,2026-09-02T11:08:21Z,2026-09-02T15:05:26Z,3.95
RG8 7RH,SEPD,PSI,1,254317,21,2026-09-02T11:08:21Z,2026-09-02T15:05:26Z,3.95
RG8 7RJ,SEPD,PSI,1,254317,21,2026-09-02T11:08:21Z,2026-09-02T15:05:26Z,3.95
RG8 7RL,SEPD,PSI,1,254317,21,2026-09-02T11:08:21Z,2026-09-02T15:05:26Z,3.95
RG8 7RN,SEPD,PSI,1,254317,21,2026-09-02T11:08:21Z,2026-09-02T15:05:26Z,3.95
RG8 7RW,SEPD,PSI,1,254317,21,2026-09-02T11:08:21Z,2026-09-02T15:05:26Z,3.95
RG8 8HY,SEPD,PSI,1,254472,51,2026-09-02T11:08:21Z,2026-09-02T15:05:26Z,3.95
SN11 9DB,SEPD,LV,1,TX5611,35,2026-09-02T11:08:21Z,2026-09-02T15:05:26Z,3.95
SN11 9DF,SEPD,LV,1,TX5611,35,2026-09-02T11:08:21Z,2026-09-02T15:05:26Z,3.95
SN11 9DG,SEPD,LV,1,TX5611,35,2026-09-02T11:08:21Z,2026-09-02T15:05:26Z,3.95
SN11 9ET,SEPD,LV,1,TX5611,35,2026-09-02T11:08:21Z,2026-09-02T15:05:26Z,3.95
SN11 9EX,SEPD,LV,1,TX5611,35,2026-09-02T11:08:21Z,2026-09-02T15:05:26Z,3.95
SN11 9EZ,SEPD,LV,1,TX5611,35,2026-09-02T11:08:21Z,2026-09-02T15:05:26Z,3.95
SN11 9FG,SEPD,LV,1,TX5611,35,2026-09-02T11:08:21Z,2026-09-02T15:05:26Z,3.95
SN11 9SD,SEPD,LV,1,TX5611,35,2026-09-02T11:08:21Z,2026-09-02T15:05:26Z,3.95
SN13 0HB,SEPD,LV,1,TX6525,8,2026-09-02T11:08:21Z,2026-09-02T15:05:26Z,3.95
SN13 9EU,SEPD,LV,1,TX6525,8,2026-09-02T11:08:21Z,2026-09-02T15:05:26Z,3.95
SN13 9HF,SEPD,LV,1,TX6525,8,2026-09-02T11:08:21Z,2026-09-02T15:05:26Z,3.95
SN13 9HR,SEPD,LV,1,TX6525,8,2026-09-02T11:08:21Z,2026-09-02T15:05:26Z,3.95
SN13 9HT,SEPD,LV,1,TX6525,8,2026-09-02T11:08:21Z,2026-09-02T15:05:26Z,3.95
SN7 7AQ,SEPD,PSI,1,253540,3,2026-09-02T11:08:21Z,2026-09-02T15:05:26Z,3.95
SN7 8BF,SEPD,PSI,1,253540,3,2026-09-02T11:08:21Z,2026-09-02T15:05:26Z,3.95
SO40 2NU,SEPD,PSI,1,253703,61,2026-09-02T11:08:21Z,2026-09-02T15:05:26Z,3.95
SO40 2NW,SEPD,PSI,1,253703,61,2026-09-02T11:08:21Z,2026-09-02T15:05:26Z,3.95
SO40 2PB,SEPD,PSI,1,253703,61,2026-09-02T11:08:21Z,2026-09-02T15:05:26Z,3.95
SP10 3HJ,SEPD,PSI,1,253831,2,2026-09-02T11:08:21Z,2026-09-02T15:05:26Z,3.95
SP10 4AH,SEPD,PSI,1,253831,2,2026-09-02T11:08:21Z,2026-09-02T15:05:26Z,3.95
SP6 1JR,SEPD,PSI,1,253553,17,2026-09-02T11:08:21Z,2026-09-02T15:05:26Z,3.95
SP6 1NS,SEPD,PSI,1,253553,17,2026-09-02T11:08:21Z,2026-09-02T15:05:26Z,3.95
SP6 1NT,SEPD,PSI,1,253553,17,2026-09-02T11:08:21Z,2026-09-02T15:05:26Z,3.95
SP6 1NU,SEPD,PSI,1,253553,17,2026-09-02T11:08:21Z,2026-09-02T15:05:26Z,3.95
SP6 1NX,SEPD,PSI,1,253553,17,2026-09-02T11:08:21Z,2026-09-02T15:05:26Z,3.95
SP6 1NY,SEPD,PSI,1,253553,17,2026-09-02T11:08:21Z,2026-09-02T15:05:26Z,3.95
SP6 1PA,SEPD,PSI,1,253553,17,2026-09-02T11:08:21Z,2026-09-02T15:05:26Z,3.95
DT1 2RD,SEPD,LV,1,TX1679,8,2026-08-29T13:24:25Z,2026-08-29T17:20:44Z,3.94
DT1 2RE,SEPD,LV,1,TX1679,8,2026-08-29T13:24:25Z,2026-08-29T17:20:44Z,3.94
DT1 2RG,SEPD,LV,1,TX1679,8,2026-08-29T13:24:25Z,2026-08-29T17:20:44Z,3.94
SN5 0AL,SEPD,LV,1,TX1766,2,2026-08-29T13:24:25Z,2026-08-29T17:20:44Z,3.94
FK17 8HS,SHEPD,PSI,2,"254235,254236",52,2026-09-01T11:41:40Z,2026-09-01T15:33:44Z,3.87
BA12 7QG,SEPD,PSI,1,253829,26,2026-09-01T11:41:40Z,2026-09-01T15:33:44Z,3.87
BA12 7QH,SEPD,PSI,1,253829,26,2026-09-01T11:41:40Z,2026-09-01T15:33:44Z,3.87
BA12 7QQ,SEPD,PSI,1,253829,26,2026-09-01T11:41:40Z,2026-09-01T15:33:44Z,3.87
BA13 3UA,SEPD,PSI,1,254449,25,2026-09-01T11:41:40Z,2026-09-01T15:33:44Z,3.87
BH23 2SQ,SEPD,PSI,1,254577,8,2026-09-01T11:41:40Z,2026-09-01T15:33:44Z,3.87
FK17 8AW,SHEPD,PSI,1,254236,47,2026-09-01T11:41:40Z,2026-09-01T15:33:44Z,3.87
FK17 8HT,SHEPD,PSI,1,254236,47,2026-09-01T11:41:40Z,2026-09-01T15:33:44Z,3.87
FK17 8HX,SHEPD,PSI,1,254236,47,2026-09-01T11:41:40Z,2026-09-01T15:33:44Z,3.87
IV1 1TR,SHEPD,HV,1,TX5036,117,2026-09-01T11:41:40Z,2026-09-01T15:33:44Z,3.87
IV2 6UP,SHEPD,HV,1,TX5036,117,2026-09-01T11:41:40Z,2026-09-01T15:33:44Z,3.87
IV2 6UR,SHEPD,HV,1,TX5036,117,2026-09-01T11:41:40Z,2026-09-01T15:33:44Z,3.87
KW15 1TS,SHEPD,PSI,1,254305,10,2026-09-01T11:41:40Z,2026-09-01T15:33:44Z,3.87
KW15 1TT,SHEPD,PSI,1,254305,10,2026-09-01T11:41:40Z,2026-09-01T15:33:44Z,3.87
PH10 6LD,SHEPD,PSI,1,252196,12,2026-09-01T11:41:40Z,2026-09-01T15:33:44Z,3.87
PH10 6LE,SHEPD,PSI,1,252196,12,2026-09-01T11:41:40Z,2026-09-01T15:33:44Z,3.87
PH32 4BP,SHEPD,HV,1,TX5036,117,2026-09-01T11:41:40Z,2026-09-01T15:33:44Z,3.87
PH32 4BT,SHEPD,HV,1,TX5036,117,2026-09-01T11:41:40Z,2026-09-01T15:33:44Z,3.87
PH32 4BY,SHEPD,HV,1,TX5036,117,2026-09-01T11:41:40Z,2026-09-01T15:33:44Z,3.87
PH32 4BZ,SHEPD,HV,1,TX5036,117,2026-09-01T11:41:40Z,2026-09-01T15:33:44Z,3.87
PH32 4DS,SHEPD,HV,1,TX5036,117,2026-09-01T11:41:40Z,2026-09-01T15:33:44Z,3.87
PH35 4AA,SHEPD,HV,1,TX5036,117,2026-09-01T11:41:40Z,2026-09-01T15:33:44Z,3.87
PH35 4HG,SHEPD,HV,1,TX5036,117,2026-09-01T11:41:40Z,2026-09-01T15:33:44Z,3.87
PH35 4HJ,SHEPD,HV,1,TX5036,117,2026-09-01T11:41:40Z,2026-09-01T15:33:44Z,3.87
PH35 4HL,SHEPD,HV,1,TX5036,117,2026-09-01T11:41:40Z,2026-09-01T15:33:44Z,3.87
PH35 4HN,SHEPD,HV,1,TX5036,117,2026-09-01T11:41:40Z,2026-09-01T15:33:44Z,3.87
PH35 4HP,SHEPD,HV,1,TX5036,117,2026-09-01T11:41:40Z,2026-09-01T15:33:44Z,3.87
PH35 4HW,SHEPD,HV,1,TX5036,117,2026-09-01T11:41:40Z,2026-09-01T15:33:44Z,3.87
PO38 1UF,SEPD,PSI,1,253739,36,2026-09-01T11:41:40Z,2026-09-01T15:33:44Z,3.87
PO38 1UL,SEPD,PSI,1,253739,36,2026-09-01T11:41:40Z,2026-09-01T15:33:44Z,3.87
PO38 1UW,SEPD,PSI,1,253739,36,2026-09-01T11:41:40Z,2026-09-01T15:33:44Z,3.87
PO38 1UX,SEPD,PSI,1,253739,36,2026-09-01T11:41:40Z,2026-09-01T15:33:44Z,3.87
SL8 5AL,SEPD,PSI,1,254728,93,2026-09-01T11:41:40Z,2026-09-01T15:33:44Z,3.87
SL8 5HH,SEPD,PSI,1,254728,93,2026-09-01T11:41:40Z,2026-09-01T15:33:44Z,3.87
SL8 5HN,SEPD,PSI,1,254728,93,2026-09-01T11:41:40Z,2026-09-01T15:33:44Z,3.87
SL8 5HP,SEPD,PSI,1,254728,93,2026-09-01T11:41:40Z,2026-09-01T15:33:44Z,3.87
SL8 5HR,SEPD,PSI,1,254728,93,2026-09-01T11:41:40Z,2026-09-01T15:33:44Z,3.87
SL8 5HU,SEPD,PSI,1,254728,93,2026-09-01T11:41:40Z,2026-09-01T15:33:44Z,3.87
SL8 5HW,SEPD,PSI,1,254728,93,2026-09-01T11:41:40Z,2026-09-01T15:33:44Z,3.87
SL8 5HX,SEPD,PSI,1,254728,93,2026-09-01T11:41:40Z,2026-09-01T15:33:44Z,3.87
SL8 5HY,SEPD,PSI,1,254728,93,2026-09-01T11:41:40Z,2026-09-01T15:33:44Z,3.87
SL8 5HZ,SEPD,PSI,1,254728,93,2026-09-01T11:41:40Z,2026-09-01T15:33:44Z,3.87
SL8 5JA,SEPD,PSI,1,254728,93,2026-09-01T11:41:40Z,2026-09-01T15:33:44Z,3.87
SL8 5JB,SEPD,PSI,1,254728,93,2026-09-01T11:41:40Z,2026-09-01T15:33:44Z,3.87
SL8 5JP,SEPD,PSI,1,254728,93,2026-09-01T11:41:40Z,2026-09-01T15:33:44Z,3.87
BH8 9DL,SEPD,LV,1,TX5975,23,2026-09-01T21:28:32Z,2026-09-02T01:19:47Z,3.85
BH8 9DP,SEPD,LV,1,TX5975,23,2026-09-01T21:28:32Z,2026-09-02T01:19:47Z,3.85
GU16 8SS,SEPD,LV,1,TX5957,5,2026-09-01T21:28:32Z,2026-09-02T01:19:47Z,3.85
RG12 7ZE,SEPD,LV,2,"TX4391,TX4564",62,2026-08-31T21:53:08Z,2026-09-01T00:56:36Z,3.06
RG12 7ZF,SEPD,LV,2,"TX4391,TX4564",62,2026-08-31T21:53:08Z,2026-09-01T00:56:36Z,3.06
RG12 7ZG,SEPD,LV,2,"TX4391,TX4564",62,2026-08-31T21:53:08Z,2026-09-01T00:56:36Z,3.06
RG10 8AE,SEPD,LV,1,TX4348,17,2026-08-31T21:53:08Z,2026-09-01T00:56:36Z,3.06
RG10 8AG,SEPD,LV,1,TX4348,17,2026-08-31T21:53:08Z,2026-09-01T00:56:36Z,3.06
RG10 8BG,SEPD,LV,1,TX4348,17,2026-08-31T21:53:08Z,2026-09-01T00:56:36Z,3.06
SO40 3HN,SEPD,LV,1,TX4342,10,2026-08-31T21:53:08Z,2026-09-01T00:56:36Z,3.06
SO40 3HP,SEPD,LV,1,TX4342,10,2026-08-31T21:53:08Z,2026-09-01T00:56:36Z,3.06
SO40 3HR,SEPD,LV,1,TX4342,10,2026-08-31T21:53:08Z,2026-09-01T00:56:36Z,3.06
SO40 3HS,SEPD,LV,1,TX4342,10,2026-08-31T21:53:08Z,2026-09-01T00:56:36Z,3.06
GU46 6DH,SEPD,LV,1,TX3390,12,2026-08-30T18:33:54Z,2026-08-30T21:34:26Z,3.01
GU46 6DJ,SEPD,LV,1,TX3390,12,2026-08-30T18:33:54Z,2026-08-30T21:34:26Z,3.01
GU46 6DL,SEPD,LV,1,TX3390,12,2026-08-30T18:33:54Z,2026-08-30T21:34:26Z,3.01
GU46 6DN,SEPD,LV,1,TX3390,12,2026-08-30T18:33:54Z,2026-08-30T21:34:26Z,3.01
GU46 6EY,SEPD,LV,1,TX3390,12,2026-08-30T18:33:54Z,2026-08-30T21:34:26Z,3.01
PA72 6JP,SHEPD,HV,1,TX3611,44,2026-08-30T23:52:33Z,2026-08-31T02:45:30Z,2.88
PA72 6JS,SHEPD,HV,1,TX3611,44,2026-08-30T23:52:33Z,2026-08-31T02:45:30Z,2.88
PO7 8PE,SEPD,LV,1,TX2384,22,2026-08-29T17:20:44Z,2026-08-29T19:50:16Z,2.49
PO7 8PF,SEPD,LV,1,TX2384,22,2026-08-29T17:20:44Z,2026-08-29T19:50:16Z,2.49
PO7 8PG,SEPD,LV,1,TX2384,22,2026-08-29T17:20:44Z,2026-08-29T19:50:16Z,2.49
PO7 8PH,SEPD,LV,1,TX2384,22,2026-08-29T17:20:44Z,2026-08-29T19:50:16Z,2.49
PO7 8PJ,SEPD,LV,1,TX2384,22,2026-08-29T17:20:44Z,2026-08-29T19:50:16Z,2.49
PO7 8PL,SEPD,LV,1,TX2384,22,2026-08-29T17:20:44Z,2026-08-29T19:50:16Z,2.49
PO7 8PN,SEPD,LV,1,TX2384,22,2026-08-29T17:20:44Z,2026-08-29T19:50:16Z,2.49
PO7 8PQ,SEPD,LV,1,TX2384,22,2026-08-29T17:20:44Z,2026-08-29T19:50:16Z,2.49
PO7 8PU,SEPD,LV,1,TX2384,22,2026-08-29T17:20:44Z,2026-08-29T19:50:16Z,2.49
PO7 8PW,SEPD,LV,1,TX2384,22,2026-08-29T17:20:44Z,2026-08-29T19:50:16Z,2.49
PO7 8PX,SEPD,LV,1,TX2384,22,2026-08-29T17:20:44Z,2026-08-29T19:50:16Z,2.49
PO7 8QE,SEPD,LV,1,TX2384,22,2026-08-29T17:20:44Z,2026-08-29T19:50:16Z,2.49
SL5 8TG,SEPD,LV,1,TX2466,6,2026-08-29T17:20:44Z,2026-08-29T19:50:16Z,2.49
SL5 8TN,SEPD,LV,1,TX2466,6,2026-08-29T17:20:44Z,2026-08-29T19:50:16Z,2.49
SP11 6AE,SEPD,HV,1,TX2150,16,2026-08-29T17:20:44Z,2026-08-29T19:50:16Z,2.49
SP11 6AF,SEPD,HV,1,TX2150,16,2026-08-29T17:20:44Z,2026-08-29T19:50:16Z,2.49
SP11 6AG,SEPD,HV,1,TX2150,16,2026-08-29T17:20:44Z,2026-08-29T19:50:16Z,2.49
SP11 6AQ,SEPD,HV,1,TX2150,16,2026-08-29T17:20:44Z,2026-08-29T19:50:16Z,2.49
BH24 1EY,SEPD,LV,3,"TX3006,TX3553,TX7134",88,2026-08-30T15:00:23Z,2026-09-02T18:41:07Z,2.3
BH24 1HA,SEPD,LV,3,"TX3006,TX3553,TX7134",88,2026-08-30T15:00:23Z,2026-09-02T18:41:07Z,2.3
BH24 1HB,SEPD,LV,3,"TX3006,TX3553,TX7134",88,2026-08-30T15:00:23Z,2026-09-02T18:41:07Z,2.3
BH24 1HE,SEPD,LV,3,"TX3006,TX3553,TX7134",88,2026-08-30T15:00:23Z,2026-09-02T18:41:07Z,2.3
BH24 1JB,SEPD,LV,3,"TX3006,TX3553,TX7134",88,2026-08-30T15:00:23Z,2026-09-02T18:41:07Z,2.3
BH24 1JD,SEPD,LV,3,"TX3006,TX3553,TX7134",88,2026-08-30T15:00:23Z,2026-09-02T18:41:07Z,2.3
BH8 0JZ,SEPD,LV,1,TX2008,15,2026-08-29T19:50:16Z,2026-08-29T22:02:58Z,2.21
BH8 0LA,SEPD,LV,1,TX2008,15,2026-08-29T19:50:16Z,2026-08-29T22:02:58Z,2.21
OX25 3PD,SEPD,LV,1,TX2544,8,2026-08-29T19:50:16Z,2026-08-29T22:02:58Z,2.21
PO17 6AP,SEPD,HV,1,TX2404,5,2026-08-29T19:50:16Z,2026-08-29T22:02:58Z,2.21
SP3 6PU,SEPD,LV,1,TX2298,7,2026-08-29T19:50:16Z,2026-08-29T22:02:58Z,2.21
SP3 6QE,SEPD,LV,1,TX2298,7,2026-08-29T19:50:16Z,2026-08-29T22:02:58Z,2.21
SP3 6QF,SEPD,LV,1,TX2298,7,2026-08-29T19:50:16Z,2026-08-29T22:02:58Z,2.21
SP3 6QG,SEPD,LV,1,TX2298,7,2026-08-29T19:50:16Z,2026-08-29T22:02:58Z,2.21
OX25 2JS,SEPD,HV,2,"TX0316,TX2810",19,2026-08-28T04:56:18Z,2026-08-30T00:13:24Z,2.17
OX25 2SP,SEPD,HV,2,"TX0316,TX2810",19,2026-08-28T04:56:18Z,2026-08-30T00:13:24Z,2.17
OX26 6HQ,SEPD,HV,2,"TX0316,TX2810",19,2026-08-28T04:56:18Z,2026-08-30T00:13:24Z,2.17
OX26 6HH,SEPD,HV,1,TX2810,10,2026-08-29T22:02:58Z,2026-08-30T00:13:24Z,2.17
OX7 4NF,SEPD,LV,1,TX7534,10,2026-09-02T21:20:04Z,2026-09-02T23:23:56Z,2.06
OX7 4NG,SEPD,LV,1,TX7534,10,2026-09-02T21:20:04Z,2026-09-02T23:23:56Z,2.06
OX7 4NH,SEPD,LV,1,TX7534,10,2026-09-02T21:20:04Z,2026-09-02T23:23:56Z,2.06
OX7 4NJ,SEPD,LV,1,TX7534,10,2026-09-02T21:20:04Z,2026-09-02T23:23:56Z,2.06
OX7 4NN,SEPD,LV,1,TX7534,10,2026-09-02T21:20:04Z,2026-09-02T23:23:56Z,2.06
OX7 4NQ,SEPD,LV,1,TX7534,10,2026-09-02T21:20:04Z,2026-09-02T23:23:56Z,2.06
SN7 8DP,SEPD,HV,1,TX7425,10,2026-09-02T21:20:04Z,2026-09-02T23:23:56Z,2.06
RG41 2XP,SEPD,LV,2,"TX2740,TX5728",76,2026-08-29T22:02:58Z,2026-09-02T01:19:47Z,1.8
RG41 2XX,SEPD,LV,2,"TX2740,TX5728",76,2026-08-29T22:02:58Z,2026-09-02T01:19:47Z,1.8
GU16 8ST,SEPD,LV,1,TX5957,5,2026-09-01T23:31:36Z,2026-09-02T01:19:47Z,1.8
RG40 1BJ,SEPD,LV,1,TX5728,58,2026-09-01T23:31:36Z,2026-09-02T01:19:47Z,1.8
RG40 1BS,SEPD,LV,1,TX5728,58,2026-09-01T23:31:36Z,2026-09-02T01:19:47Z,1.8
RG40 2AD,SEPD,LV,1,TX5728,58,2026-09-01T23:31:36Z,2026-09-02T01:19:47Z,1.8
RG40 2AE,SEPD,LV,1,TX5728,58,2026-09-01T23:31:36Z,2026-09-02T01:19:47Z,1.8
RG40 2AG,SEPD,LV,1,TX5728,58,2026-09-01T23:31:36Z,2026-09-02T01:19:47Z,1.8
RG40 2AJ,SEPD,LV,1,TX5728,58,2026-09-01T23:31:36Z,2026-09-02T01:19:47Z,1.8
RG40 2AL,SEPD,LV,1,TX5728,58,2026-09-01T23:31:36Z,2026-09-02T01:19:47Z,1.8
RG40 2AX,SEPD,LV,1,TX5728,58,2026-09-01T23:31:36Z,2026-09-02T01:19:47Z,1.8
RG41 2WA,SEPD,LV,1,TX5728,58,2026-09-01T23:31:36Z,2026-09-02T01:19:47Z,1.8
RG41 2XR,SEPD,LV,1,TX5728,58,2026-09-01T23:31:36Z,2026-09-02T01:19:47Z,1.8
RG41 2XT,SEPD,LV,1,TX5728,58,2026-09-01T23:31:36Z,2026-09-02T01:19:47Z,1.8
RG41 2XU,SEPD,LV,1,TX5728,58,2026-09-01T23:31:36Z,2026-09-02T01:19:47Z,1.8
OX39 4LX,SEPD,LV,2,"TW7302,TW9695",26,2026-08-26T23:23:56Z,2026-08-27T20:44:46Z,1.26
OX39 4NB,SEPD,LV,2,"TW7302,TW9695",26,2026-08-26T23:23:56Z,2026-08-27T20:44:46Z,1.26
OX39 4ND,SEPD,LV,2,"TW7302,TW9695",26,2026-08-26T23:23:56Z,2026-08-27T20:44:46Z,1.26
OX39 4NE,SEPD,LV,2,"TW7302,TW9695",26,2026-08-26T23:23:56Z,2026-08-27T20:44:46Z,1.26
OX39 4NF,SEPD,LV,2,"TW7302,TW9695",26,2026-08-26T23:23:56Z,2026-08-27T20:44:46Z,1.26
OX39 4NG,SEPD,LV,2,"TW7302,TW9695",26,2026-08-26T23:23:56Z,2026-08-27T20:44:46Z,1.26
OX39 4NJ,SEPD,LV,2,"TW7302,TW9695",26,2026-08-26T23:23:56Z,2026-08-27T20:44:46Z,1.26
BH17 7XS,SEPD,LV,1,TW7333,25,2026-08-26T23:23:56Z,2026-08-27T00:39:45Z,1.26
DT1 1BE,SEPD,LV,1,TW7514,6,2026-08-26T23:23:56Z,2026-08-27T00:39:45Z,1.26
DT1 1BJ,SEPD,LV,1,TW7514,6,2026-08-26T23:23:56Z,2026-08-27T00:39:45Z,1.26
DT1 1BQ,SEPD,LV,1,TW7514,6,2026-08-26T23:23:56Z,2026-08-27T00:39:45Z,1.26
DT1 1DQ,SEPD,LV,1,TW7514,6,2026-08-26T23:23:56Z,2026-08-27T00:39:45Z,1.26
HP8 4TX,SEPD,LV,1,TW7227,10,2026-08-26T23:23:56Z,2026-08-27T00:39:45Z,1.26
HP8 4TY,SEPD,LV,1,TW7227,10,2026-08-26T23:23:56Z,2026-08-27T00:39:45Z,1.26
SO40 7JH,SEPD,LV,1,TW7264,14,2026-08-26T23:23:56Z,2026-08-27T00:39:45Z,1.26
SO40 7JJ,SEPD,LV,1,TW7264,14,2026-08-26T23:23:56Z,2026-08-27T00:39:45Z,1.26
SO40 7JL,SEPD,LV,1,TW7264,14,2026-08-26T23:23:56Z,2026-08-27T00:39:45Z,1.26
SL6 1TB,SEPD,"HV,LV",3,"TX6065,TX6066,TX6071",2055,2026-09-01T23:31:36Z,2026-09-01T23:31:36Z,0.0
AB11 6XP,SHEPD,LV,2,"TX2704,TX6016",54,2026-08-29T19:50:16Z,2026-09-01T23:31:36Z,0.0
AB11 6XQ,SHEPD,LV,2,"TX2704,TX6016",54,2026-08-29T19:50:16Z,2026-09-01T23:31:36Z,0.0
AB11 6XW,SHEPD,LV,2,"TX2704,TX6016",54,2026-08-29T19:50:16Z,2026-09-01T23:31:36Z,0.0
AB11 6YD,SHEPD,LV,2,"TX2704,TX6016",54,2026-08-29T19:50:16Z,2026-09-01T23:31:36Z,0.0
AB11 6YU,SHEPD,LV,2,"TX2704,TX6016",54,2026-08-29T19:50:16Z,2026-09-01T23:31:36Z,0.0
BA15 1DA,SEPD,LV,2,"TX3291,TX7583",25,2026-08-30T15:00:23Z,2026-09-02T21:20:04Z,0.0
BA15 1DP,SEPD,LV,2,"TX3291,TX7583",25,2026-08-30T15:00:23Z,2026-09-02T21:20:04Z,0.0
BA15 1DR,SEPD,LV,2,"TX3291,TX7583",25,2026-08-30T15:00:23Z,2026-09-02T21:20:04Z,0.0
BA15 1LA,SEPD,LV,2,"TX3291,TX7583",25,2026-08-30T15:00:23Z,2026-09-02T21:20:04Z,0.0
BH24 3NX,SEPD,HV,2,"TX6238,TX6239",782,2026-09-02T05:57:39Z,2026-09-02T05:57:39Z,0.0
BH24 3PA,SEPD,HV,2,"TX6238,TX6239",782,2026-09-02T05:57:39Z,2026-09-02T05:57:39Z,0.0
BH24 3PB,SEPD,HV,2,"TX6238,TX6239",782,2026-09-02T05:57:39Z,2026-09-02T05:57:39Z,0.0
BH24 3PD,SEPD,HV,2,"TX6238,TX6239",782,2026-09-02T05:57:39Z,2026-09-02T05:57:39Z,0.0
BH24 3PE,SEPD,HV,2,"TX6238,TX6239",782,2026-09-02T05:57:39Z,2026-09-02T05:57:39Z,0.0
BH24 3PF,SEPD,HV,2,"TX6238,TX6239",782,2026-09-02T05:57:39Z,2026-09-02T05:57:39Z,0.0
BH24 3PG,SEPD,HV,2,"TX6238,TX6239",782,2026-09-02T05:57:39Z,2026-09-02T05:57:39Z,0.0
BH24 3PH,SEPD,HV,2,"TX6238,TX6239",782,2026-09-02T05:57:39Z,2026-09-02T05:57:39Z,0.0
BH24 3PQ,SEPD,HV,2,"TX6238,TX6239",782,2026-09-02T05:57:39Z,2026-09-02T05:57:39Z,0.0
BH24 3QQ,SEPD,HV,2,"TX6238,TX6239",782,2026-09-02T05:57:39Z,2026-09-02T05:57:39Z,0.0
DT3 6HU,SEPD,LV,2,"TX4503,TX4504",30,2026-08-31T21:53:08Z,2026-09-01T00:56:36Z,0.0
DT3 6JZ,SEPD,LV,2,"TX4503,TX4504",30,2026-08-31T21:53:08Z,2026-09-01T00:56:36Z,0.0
DT3 6QH,SEPD,LV,2,"TX4503,TX4504",30,2026-08-31T21:53:08Z,2026-09-01T00:56:36Z,0.0
GU8 6BF,SEPD,"PSI,LV",2,"253815,TX0621",171,2026-08-28T17:19:56Z,2026-08-28T17:19:56Z,0.0
GU8 6DG,SEPD,"PSI,LV",2,"253815,TX0621",171,2026-08-28T17:19:56Z,2026-08-28T17:19:56Z,0.0
HP13 5XH,SEPD,"HV,LV",2,"TX2615,TX2624",72,2026-08-29T19:50:16Z,2026-08-29T19:50:16Z,0.0
RG19 8DB,SEPD,LV,2,"TX4640,TX7224",20,2026-09-01T11:41:40Z,2026-09-02T18:41:07Z,0.0
RG19 8DD,SEPD,LV,2,"TX4640,TX7224",20,2026-09-01T11:41:40Z,2026-09-02T18:41:07Z,0.0
RG24 8EU,SEPD,LV,2,"TX2894,TX3494",76,2026-08-30T05:29:16Z,2026-08-30T21:34:26Z,0.0
RG24 8EX,SEPD,LV,2,"TX2894,TX3494",76,2026-08-30T05:29:16Z,2026-08-30T21:34:26Z,0.0
RG24 8EZ,SEPD,LV,2,"TX2894,TX3494",76,2026-08-30T05:29:16Z,2026-08-30T21:34:26Z,0.0
RG24 8RS,SEPD,LV,2,"TX2894,TX3494",76,2026-08-30T05:29:16Z,2026-08-30T21:34:26Z,0.0
RG24 8SU,SEPD,LV,2,"TX2894,TX3494",76,2026-08-30T05:29:16Z,2026-08-30T21:34:26Z,0.0
RG24 8SX,SEPD,LV,2,"TX2894,TX3494",76,2026-08-30T05:29:16Z,2026-08-30T21:34:26Z,0.0
RG24 8TD,SEPD,LV,2,"TX2894,TX3494",76,2026-08-30T05:29:16Z,2026-08-30T21:34:26Z,0.0
RG6 5SP,SEPD,LV,2,"TX3134,TX4983",46,2026-08-30T15:00:23Z,2026-09-01T11:41:40Z,0.0
RG6 5SR,SEPD,LV,2,"TX3134,TX4983",46,2026-08-30T15:00:23Z,2026-09-01T11:41:40Z,0.0
RG6 5ST,SEPD,LV,2,"TX3134,TX4983",46,2026-08-30T15:00:23Z,2026-09-01T11:41:40Z,0.0
RG6 7SS,SEPD,LV,2,"TX3134,TX4983",46,2026-08-30T15:00:23Z,2026-09-01T11:41:40Z,0.0
RG9 6JU,SEPD,LV,2,"TW9995,TX2346",8,2026-08-28T04:56:18Z,2026-08-29T17:20:44Z,0.0
RG9 6JX,SEPD,LV,2,"TW9995,TX2346",8,2026-08-28T04:56:18Z,2026-08-29T17:20:44Z,0.0
RG9 6LB,SEPD,LV,2,"TW9995,TX2346",8,2026-08-28T04:56:18Z,2026-08-29T17:20:44Z,0.0
RG9 6LD,SEPD,LV,2,"TW9995,TX2346",8,2026-08-28T04:56:18Z,2026-08-29T17:20:44Z,0.0
SL6 1AG,SEPD,HV,2,"TX6065,TX6071",2005,2026-09-01T23:31:36Z,2026-09-01T23:31:36Z,0.0
SL6 1BW,SEPD,HV,2,"TX6065,TX6071",2005,2026-09-01T23:31:36Z,2026-09-01T23:31:36Z,0.0
SL6 1TX,SEPD,HV,2,"TX6065,TX6071",2005,2026-09-01T23:31:36Z,2026-09-01T23:31:36Z,0.0
SL6 1UF,SEPD,HV,2,"TX6065,TX6071",2005,2026-09-01T23:31:36Z,2026-09-01T23:31:36Z,0.0
SL6 1UG,SEPD,HV,2,"TX6065,TX6071",2005,2026-09-01T23:31:36Z,2026-09-01T23:31:36Z,0.0
SL6 1UH,SEPD,HV,2,"TX6065,TX6071",2005,2026-09-01T23:31:36Z,2026-09-01T23:31:36Z,0.0
SL6 1UN,SEPD,HV,2,"TX6065,TX6071",2005,2026-09-01T23:31:36Z,2026-09-01T23:31:36Z,0.0
SL6 1UP,SEPD,HV,2,"TX6065,TX6071",2005,2026-09-01T23:31:36Z,2026-09-01T23:31:36Z,0.0
SL6 1UQ,SEPD,HV,2,"TX6065,TX6071",2005,2026-09-01T23:31:36Z,2026-09-01T23:31:36Z,0.0
SL6 1UR,SEPD,HV,2,"TX6065,TX6071",2005,2026-09-01T23:31:36Z,2026-09-01T23:31:36Z,0.0
SL6 1UT,SEPD,HV,2,"TX6065,TX6071",2005,2026-09-01T23:31:36Z,2026-09-01T23:31:36Z,0.0
SL6 1XA,SEPD,HV,2,"TX6065,TX6071",2005,2026-09-01T23:31:36Z,2026-09-01T23:31:36Z,0.0
SL6 1XB,SEPD,HV,2,"TX6065,TX6071",2005,2026-09-01T23:31:36Z,2026-09-01T23:31:36Z,0.0
SL6 1XD,SEPD,HV,2,"TX6065,TX6071",2005,2026-09-01T23:31:36Z,2026-09-01T23:31:36Z,0.0
SL6 1XE,SEPD,HV,2,"TX6065,TX6071",2005,2026-09-01T23:31:36Z,2026-09-01T23:31:36Z,0.0
SL6 1XF,SEPD,HV,2,"TX6065,TX6071",2005,2026-09-01T23:31:36Z,2026-09-01T23:31:36Z,0.0
SL6 1XG,SEPD,HV,2,"TX6065,TX6071",2005,2026-09-01T23:31:36Z,2026-09-01T23:31:36Z,0.0
SL6 1XH,SEPD,HV,2,"TX6065,TX6071",2005,2026-09-01T23:31:36Z,2026-09-01T23:31:36Z,0.0
SL6 1XJ,SEPD,HV,2,"TX6065,TX6071",2005,2026-09-01T23:31:36Z,2026-09-01T23:31:36Z,0.0
SL6 1XL,SEPD,HV,2,"TX6065,TX6071",2005,2026-09-01T23:31:36Z,2026-09-01T23:31:36Z,0.0
SL6 1XN,SEPD,HV,2,"TX6065,TX6071",2005,2026-09-01T23:31:36Z,2026-09-01T23:31:36Z,0.0
SL6 1XQ,SEPD,HV,2,"TX6065,TX6071",2005,2026-09-01T23:31:36Z,2026-09-01T23:31:36Z,0.0
SL6 2AA,SEPD,HV,2,"TX6065,TX6071",2005,2026-09-01T23:31:36Z,2026-09-01T23:31:36Z,0.0
SL6 2AB,SEPD,HV,2,"TX6065,TX6071",2005,2026-09-01T23:31:36Z,2026-09-01T23:31:36Z,0.0
SL6 2AD,SEPD,HV,2,"TX6065,TX6071",2005,2026-09-01T23:31:36Z,2026-09-01T23:31:36Z,0.0
SL6 2AE,SEPD,HV,2,"TX6065,TX6071",2005,2026-09-01T23:31:36Z,2026-09-01T23:31:36Z,0.0
SL6 2AF,SEPD,HV,2,"TX6065,TX6071",2005,2026-09-01T23:31:36Z,2026-09-01T23:31:36Z,0.0
SL6 2AG,SEPD,HV,2,"TX6065,TX6071",2005,2026-09-01T23:31:36Z,2026-09-01T23:31:36Z,0.0
SL6 2AH,SEPD,HV,2,"TX6065,TX6071",2005,2026-09-01T23:31:36Z,2026-09-01T23:31:36Z,0.0
SL6 2AJ,SEPD,HV,2,"TX6065,TX6071",2005,2026-09-01T23:31:36Z,2026-09-01T23:31:36Z,0.0
SL6 2AP,SEPD,HV,2,"TX6065,TX6071",2005,2026-09-01T23:31:36Z,2026-09-01T23:31:36Z,0.0
SL6 2AS,SEPD,HV,2,"TX6065,TX6071",2005,2026-09-01T23:31:36Z,2026-09-01T23:31:36Z,0.0
SL6 2AT,SEPD,HV,2,"TX6065,TX6071",2005,2026-09-01T23:31:36Z,2026-09-01T23:31:36Z,0.0
SL6 2AU,SEPD,HV,2,"TX6065,TX6071",2005,2026-09-01T23:31:36Z,2026-09-01T23:31:36Z,0.0
SL6 2AX,SEPD,HV,2,"TX6065,TX6071",2005,2026-09-01T23:31:36Z,2026-09-01T23:31:36Z,0.0
SL6 2AY,SEPD,HV,2,"TX6065,TX6071",2005,2026-09-01T23:31:36Z,2026-09-01T23:31:36Z,0.0
SL6 2BG,SEPD,HV,2,"TX6065,TX6071",2005,2026-09-01T23:31:36Z,2026-09-01T23:31:36Z,0.0
SL6 2BR,SEPD,HV,2,"TX6065,TX6071",2005,2026-09-01T23:31:36Z,2026-09-01T23:31:36Z,0.0
SL6 2ED,SEPD,HV,2,"TX6065,TX6071",2005,2026-09-01T23:31:36Z,2026-09-01T23:31:36Z,0.0
SL6 2EE,SEPD,HV,2,"TX6065,TX6071",2005,2026-09-01T23:31:36Z,2026-09-01T23:31:36Z,0.0
SL6 2EF,SEPD,HV,2,"TX6065,TX6071",2005,2026-09-01T23:31:36Z,2026-09-01T23:31:36Z,0.0
SL6 2UB,SEPD,HV,2,"TX6065,TX6071",2005,2026-09-01T23:31:36Z,2026-09-01T23:31:36Z,0.0
SN8,SEPD,HV,2,"TX1880,TX2020",195,2026-08-29T13:24:25Z,2026-08-29T17:20:44Z,0.0
SN8 4NH,SEPD,HV,2,"TX1880,TX2020",195,2026-08-29T13:24:25Z,2026-08-29T17:20:44Z,0.0
SN8 4NJ,SEPD,HV,2,"TX1880,TX2020",195,2026-08-29T13:24:25Z,2026-08-29T17:20:44Z,0.0
SN8 4NN,SEPD,HV,2,"TX1880,TX2020",195,2026-08-29T13:24:25Z,2026-08-29T17:20:44Z,0.0
SN8 4NP,SEPD,HV,2,"TX1880,TX2020",195,2026-08-29T13:24:25Z,2026-08-29T17:20:44Z,0.0
SN8 4NQ,SEPD,HV,2,"TX1880,TX2020",195,2026-08-29T13:24:25Z,2026-08-29T17:20:44Z,0.0
SN8 4NR,SEPD,HV,2,"TX1880,TX2020",195,2026-08-29T13:24:25Z,2026-08-29T17:20:44Z,0.0
SN8 4NS,SEPD,HV,2,"TX1880,TX2020",195,2026-08-29T13:24:25Z,2026-08-29T17:20:44Z,0.0
SO14 1LD,SEPD,LV,2,"TX1988,TX4415",74,2026-08-29T19:50:16Z,2026-08-31T21:53:08Z,0.0
SO14 3AA,SEPD,LV,2,"TX1988,TX4415",74,2026-08-29T19:50:16Z,2026-08-31T21:53:08Z,0.0
SO14 3AB,SEPD,LV,2,"TX1988,TX4415",74,2026-08-29T19:50:16Z,2026-08-31T21:53:08Z,0.0
SO14 3AG,SEPD,LV,2,"TX1988,TX4415",74,2026-08-29T19:50:16Z,2026-08-31T21:53:08Z,0.0
SO14 3AJ,SEPD,LV,2,"TX1988,TX4415",74,2026-08-29T19:50:16Z,2026-08-31T21:53:08Z,0.0
SO14 3DX,SEPD,LV,2,"TX1988,TX4415",74,2026-08-29T19:50:16Z,2026-08-31T21:53:08Z,0.0
SO14 3FH,SEPD,LV,2,"TX1988,TX4415",74,2026-08-29T19:50:16Z,2026-08-31T21:53:08Z,0.0
SO14 3FJ,SEPD,LV,2,"TX1988,TX4415",74,2026-08-29T19:50:16Z,2026-08-31T21:53:08Z,0.0
SO14 3FT,SEPD,LV,2,"TX1988,TX4415",74,2026-08-29T19:50:16Z,2026-08-31T21:53:08Z,0.0
SO14 3FX,SEPD,LV,2,"TX1988,TX4415",74,2026-08-29T19:50:16Z,2026-08-31T21:53:08Z,0.0
SO14 3FY,SEPD,LV,2,"TX1988,TX4415",74,2026-08-29T19:50:16Z,2026-08-31T21:53:08Z,0.0
SO14 3GX,SEPD,LV,2,"TX1988,TX4415",74,2026-08-29T19:50:16Z,2026-08-31T21:53:08Z,0.0
SO14 3JS,SEPD,LV,2,"TX1988,TX4415",74,2026-08-29T19:50:16Z,2026-08-31T21:53:08Z,0.0
SO14 3ND,SEPD,LV,2,"TX1988,TX4415",74,2026-08-29T19:50:16Z,2026-08-31T21:53:08Z,0.0
SO14 3TU,SEPD,LV,2,"TX1988,TX4415",74,2026-08-29T19:50:16Z,2026-08-31T21:53:08Z,0.0
SO21 1JD,SEPD,LV,2,"TX1950,TX3576",8,2026-08-29T17:20:44Z,2026-08-30T23:52:33Z,0.0
SO21 1NB,SEPD,LV,2,"TX1950,TX3576",8,2026-08-29T17:20:44Z,2026-08-30T23:52:33Z,0.0
UB1 3LR,SEPD,LV,2,"TX2945,TX4746",102,2026-08-30T10:38:44Z,2026-09-01T11:41:40Z,0.0
UB1 3LU,SEPD,LV,2,"TX2945,TX4746",102,2026-08-30T10:38:44Z,2026-09-01T11:41:40Z,0.0
UB1 3LX,SEPD,LV,2,"TX2945,TX4746",102,2026-08-30T10:38:44Z,2026-09-01T11:41:40Z,0.0
UB1 3NX,SEPD,LV,2,"TX2945,TX4746",102,2026-08-30T10:38:44Z,2026-09-01T11:41:40Z,0.0
UB1 3NZ,SEPD,LV,2,"TX2945,TX4746",102,2026-08-30T10:38:44Z,2026-09-01T11:41:40Z,0.0
UB1 3PA,SEPD,LV,2,"TX2945,TX4746",102,2026-08-30T10:38:44Z,2026-09-01T11:41:40Z,0.0
UB5 5SA,SEPD,LV,2,"TX4629,TX5517",30,2026-09-01T06:11:57Z,2026-09-01T15:33:44Z,0.0
UB5 5SB,SEPD,LV,2,"TX4629,TX5517",30,2026-09-01T06:11:57Z,2026-09-01T15:33:44Z,0.0
UB5 5SD,SEPD,LV,2,"TX4629,TX5517",30,2026-09-01T06:11:57Z,2026-09-01T15:33:44Z,0.0
UB5 5SE,SEPD,LV,2,"TX4629,TX5517",30,2026-09-01T06:11:57Z,2026-09-01T15:33:44Z,0.0
UB5 5TE,SEPD,LV,2,"TX4629,TX5517",30,2026-09-01T06:11:57Z,2026-09-01T15:33:44Z,0.0
AB15 4PA,SHEPD,LV,1,TX0663,25,2026-08-28T17:19:56Z,2026-08-28T17:19:56Z,0.0
AB15 4TH,SHEPD,LV,1,TX0663,25,2026-08-28T17:19:56Z,2026-08-28T17:19:56Z,0.0
AB15 4TL,SHEPD,LV,1,TX0663,25,2026-08-28T17:19:56Z,2026-08-28T17:19:56Z,0.0
AB15 4TN,SHEPD,LV,1,TX0663,25,2026-08-28T17:19:56Z,2026-08-28T17:19:56Z,0.0
AB15 4UG,SHEPD,LV,1,TX0663,25,2026-08-28T17:19:56Z,2026-08-28T17:19:56Z,0.0
AB15 4UH,SHEPD,LV,1,TX0663,25,2026-08-28T17:19:56Z,2026-08-28T17:19:56Z,0.0
AB21 0UG,SHEPD,HV,1,TX2974,35,2026-08-30T10:38:44Z,2026-08-30T10:38:44Z,0.0
AB21 0UT,SHEPD,HV,1,TX2974,35,2026-08-30T10:38:44Z,2026-08-30T10:38:44Z,0.0
AB21 7NX,SHEPD,HV,1,TX2974,35,2026-08-30T10:38:44Z,2026-08-30T10:38:44Z,0.0
AB21 7UU,SHEPD,HV,1,TX2974,35,2026-08-30T10:38:44Z,2026-08-30T10:38:44Z,0.0
AB30,SHEPD,HV,1,TX0329,292,2026-08-28T04:56:18Z,2026-08-28T04:56:18Z,0.0
AB30 1LR,SHEPD,PSI,1,254143,4,2026-08-29T13:24:25Z,2026-08-29T13:24:25Z,0.0
AB31 4BL,SHEPD,HV,1,TX0329,292,2026-08-28T04:56:18Z,2026-08-28T04:56:18Z,0.0
AB31 5PY,SHEPD,HV,1,TX0329,292,2026-08-28T04:56:18Z,2026-08-28T04:56:18Z,0.0
AB31 6LQ,SHEPD,HV,1,TX0329,292,2026-08-28T04:56:18Z,2026-08-28T04:56:18Z,0.0
AB31 6LR,SHEPD,HV,1,TX0329,292,2026-08-28T04:56:18Z,2026-08-28T04:56:18Z,0.0
AB31 6LS,SHEPD,HV,1,TX0329,292,2026-08-28T04:56:18Z,2026-08-28T04:56:18Z,0.0
AB31 6LT,SHEPD,HV,1,TX0329,292,2026-08-28T04:56:18Z,2026-08-28T04:56:18Z,0.0
AB31 6LU,SHEPD,HV,1,TX0329,292,2026-08-28T04:56:18Z,2026-08-28T04:56:18Z,0.0
AB31 6LW,SHEPD,HV,1,TX0329,292,2026-08-28T04:56:18Z,2026-08-28T04:56:18Z,0.0
AB31 6LX,SHEPD,HV,1,TX0329,292,2026-08-28T04:56:18Z,2026-08-28T04:56:18Z,0.0
AB31 6LY,SHEPD,HV,1,TX0329,292,2026-08-28T04:56:18Z,2026-08-28T04:56:18Z,0.0
AB31 6LZ,SHEPD,HV,1,TX0329,292,2026-08-28T04:56:18Z,2026-08-28T04:56:18Z,0.0
AB31 6NA,SHEPD,HV,1,TX0329,292,2026-08-28T04:56:18Z,2026-08-28T04:56:18Z,0.0
AB31 6NB,SHEPD,HV,1,TX0329,292,2026-08-28T04:56:18Z,2026-08-28T04:56:18Z,0.0
AB31 6ND,SHEPD,HV,1,TX0329,292,2026-08-28T04:56:18Z,2026-08-28T04:56:18Z,0.0
AB31 6NE,SHEPD,HV,1,TX0329,292,2026-08-28T04:56:18Z,2026-08-28T04:56:18Z,0.0
AB31 6NG,SHEPD,HV,1,TX0329,292,2026-08-28T04:56:18Z,2026-08-28T04:56:18Z,0.0
AB31 6NQ,SHEPD,HV,1,TX0329,292,2026-08-28T04:56:18Z,2026-08-28T04:56:18Z,0.0
AB31 6NR,SHEPD,HV,1,TX0329,292,2026-08-28T04:56:18Z,2026-08-28T04:56:18Z,0.0
AB31 6NS,SHEPD,HV,1,TX0329,292,2026-08-28T04:56:18Z,2026-08-28T04:56:18Z,0.0
AB31 6NT,SHEPD,HV,1,TX0329,292,2026-08-28T04:56:18Z,2026-08-28T04:56:18Z,0.0
AB31 6NU,SHEPD,HV,1,TX0329,292,2026-08-28T04:56:18Z,2026-08-28T04:56:18Z,0.0
AB31 6NX,SHEPD,HV,1,TX0329,292,2026-08-28T04:56:18Z,2026-08-28T04:56:18Z,0.0
AB31 6NY,SHEPD,HV,1,TX0329,292,2026-08-28T04:56:18Z,2026-08-28T04:56:18Z,0.0
AB31 6PA,SHEPD,HV,1,TX0329,292,2026-08-28T04:56:18Z,2026-08-28T04:56:18Z,0.0
AB31 6PB,SHEPD,HV,1,TX0329,292,2026-08-28T04:56:18Z,2026-08-28T04:56:18Z,0.0
AB31 6PD,SHEPD,HV,1,TX0329,292,2026-08-28T04:56:18Z,2026-08-28T04:56:18Z,0.0
AB31 6PF,SHEPD,HV,1,TX0329,292,2026-08-28T04:56:18Z,2026-08-28T04:56:18Z,0.0
AB31 6PH,SHEPD,HV,1,TX0329,292,2026-08-28T04:56:18Z,2026-08-28T04:56:18Z,0.0
AB31 6PJ,SHEPD,HV,1,TX0329,292,2026-08-28T04:56:18Z,2026-08-28T04:56:18Z,0.0
AB31 6PL,SHEPD,HV,1,TX0329,292,2026-08-28T04:56:18Z,2026-08-28T04:56:18Z,0.0
AB31 6PN,SHEPD,HV,1,TX0329,292,2026-08-28T04:56:18Z,2026-08-28T04:56:18Z,0.0
AB31 6PP,SHEPD,HV,1,TX0329,292,2026-08-28T04:56:18Z,2026-08-28T04:56:18Z,0.0
AB33 8ST,SHEPD,PSI,1,253478,14,2026-08-28T17:19:56Z,2026-08-28T17:19:56Z,0.0
AB33 8TD,SHEPD,PSI,1,253478,14,2026-08-28T17:19:56Z,2026-08-28T17:19:56Z,0.0
AB43 8YT,SHEPD,LV,1,TX3443,12,2026-08-30T18:33:54Z,2026-08-30T18:33:54Z,0.0
AB43 8YX,SHEPD,LV,1,TX3443,12,2026-08-30T18:33:54Z,2026-08-30T18:33:54Z,0.0
AB43 8ZN,SHEPD,LV,1,TX3443,12,2026-08-30T18:33:54Z,2026-08-30T18:33:54Z,0.0
AB43 8ZW,SHEPD,LV,1,TX3443,12,2026-08-30T18:33:54Z,2026-08-30T18:33:54Z,0.0
AB43 8ZX,SHEPD,LV,1,TX3443,12,2026-08-30T18:33:54Z,2026-08-30T18:33:54Z,0.0
AB53 6XD,SHEPD,PSI,1,254243,2,2026-08-27T20:44:46Z,2026-08-27T20:44:46Z,0.0
AB54 6BH,SHEPD,HV,1,TX2620,21,2026-08-29T19:50:16Z,2026-08-29T19:50:16Z,0.0
AB54 6EY,SHEPD,HV,1,TX2620,21,2026-08-29T19:50:16Z,2026-08-29T19:50:16Z,0.0
AB54 6HA,SHEPD,HV,1,TX2620,21,2026-08-29T19:50:16Z,2026-08-29T19:50:16Z,0.0
AB54 6HE,SHEPD,HV,1,TX2620,21,2026-08-29T19:50:16Z,2026-08-29T19:50:16Z,0.0
AB54 6HN,SHEPD,HV,1,TX2620,21,2026-08-29T19:50:16Z,2026-08-29T19:50:16Z,0.0
AB54 8BS,SHEPD,LV,1,TW8640,13,2026-08-27T00:39:45Z,2026-08-27T00:39:45Z,0.0
AB54 8BT,SHEPD,LV,1,TW8640,13,2026-08-27T00:39:45Z,2026-08-27T00:39:45Z,0.0
AB54 8BZ,SHEPD,LV,1,TW8640,13,2026-08-27T00:39:45Z,2026-08-27T00:39:45Z,0.0
AB54 8DG,SHEPD,LV,1,TW8640,13,2026-08-27T00:39:45Z,2026-08-27T00:39:45Z,0.0
AB54 8DH,SHEPD,LV,1,TW8640,13,2026-08-27T00:39:45Z,2026-08-27T00:39:45Z,0.0
AB54 8DU,SHEPD,LV,1,TW8640,13,2026-08-27T00:39:45Z,2026-08-27T00:39:45Z,0.0
AB54 8FP,SHEPD,LV,1,TW8640,13,2026-08-27T00:39:45Z,2026-08-27T00:39:45Z,0.0
AB54 8JA,SHEPD,LV,1,TW8640,13,2026-08-27T00:39:45Z,2026-08-27T00:39:45Z,0.0
BA11 2TH,SEPD,LV,1,TX2463,18,2026-08-29T17:20:44Z,2026-08-29T17:20:44Z,0.0
BA11 2XS,SEPD,LV,1,TX2463,18,2026-08-29T17:20:44Z,2026-08-29T17:20:44Z,0.0
BA11 2XT,SEPD,LV,1,TX2463,18,2026-08-29T17:20:44Z,2026-08-29T17:20:44Z,0.0
BA11 2XU,SEPD,LV,1,TX2463,18,2026-08-29T17:20:44Z,2026-08-29T17:20:44Z,0.0
BA12 6AQ,SEPD,PSI,1,252623,21,2026-08-28T17:19:56Z,2026-08-28T17:19:56Z,0.0
BA12 7EY,SEPD,PSI,1,252623,21,2026-08-28T17:19:56Z,2026-08-28T17:19:56Z,0.0
BA12 8AD,SEPD,LV,1,TX2968,14,2026-08-30T18:33:54Z,2026-08-30T18:33:54Z,0.0
BA12 8AR,SEPD,LV,1,TX2968,14,2026-08-30T18:33:54Z,2026-08-30T18:33:54Z,0.0
BA12 8AS,SEPD,LV,1,TX2968,14,2026-08-30T18:33:54Z,2026-08-30T18:33:54Z,0.0
BA12 8AT,SEPD,LV,1,TX2968,14,2026-08-30T18:33:54Z,2026-08-30T18:33:54Z,0.0
BA12 8AW,SEPD,LV,1,TX2968,14,2026-08-30T18:33:54Z,2026-08-30T18:33:54Z,0.0
BA12 9ES,SEPD,LV,1,TX0640,14,2026-08-28T17:19:56Z,2026-08-28T17:19:56Z,0.0
BA12 9EU,SEPD,LV,1,TX0640,14,2026-08-28T17:19:56Z,2026-08-28T17:19:56Z,0.0
BA12 9EY,SEPD,LV,1,TX0640,14,2026-08-28T17:19:56Z,2026-08-28T17:19:56Z,0.0
BA14 8AT,SEPD,LV,1,TX5619,39,2026-09-01T15:33:44Z,2026-09-01T15:33:44Z,0.0
BA14 8EH,SEPD,LV,1,TX5619,39,2026-09-01T15:33:44Z,2026-09-01T15:33:44Z,0.0
BA14 8ET,SEPD,LV,1,TX5619,39,2026-09-01T15:33:44Z,2026-09-01T15:33:44Z,0.0
BA14 8GH,SEPD,LV,1,TX5619,39,2026-09-01T15:33:44Z,2026-09-01T15:33:44Z,0.0
BA14 8HA,SEPD,LV,1,TX5619,39,2026-09-01T15:33:44Z,2026-09-01T15:33:44Z,0.0
BA14 8HD,SEPD,LV,1,TX5619,39,2026-09-01T15:33:44Z,2026-09-01T15:33:44Z,0.0
BA14 8HG,SEPD,LV,1,TX5619,39,2026-09-01T15:33:44Z,2026-09-01T15:33:44Z,0.0
BA14 8HQ,SEPD,LV,1,TX5619,39,2026-09-01T15:33:44Z,2026-09-01T15:33:44Z,0.0
BA14 8HX,SEPD,LV,1,TX5619,39,2026-09-01T15:33:44Z,2026-09-01T15:33:44Z,0.0
BA14 8JS,SEPD,LV,1,TX5619,39,2026-09-01T15:33:44Z,2026-09-01T15:33:44Z,0.0
BA14 8JU,SEPD,LV,1,TX5619,39,2026-09-01T15:33:44Z,2026-09-01T15:33:44Z,0.0
BA14 8JX,SEPD,LV,1,TX5619,39,2026-09-01T15:33:44Z,2026-09-01T15:33:44Z,0.0
BA14 8YX,SEPD,LV,1,TX5619,39,2026-09-01T15:33:44Z,2026-09-01T15:33:44Z,0.0
BA20 2AU,SEPD,LV,1,TX2449,21,2026-08-29T17:20:44Z,2026-08-29T17:20:44Z,0.0
BA20 2HD,SEPD,LV,1,TX2449,21,2026-08-29T17:20:44Z,2026-08-29T17:20:44Z,0.0
BA20 2HP,SEPD,LV,1,TX2449,21,2026-08-29T17:20:44Z,2026-08-29T17:20:44Z,0.0
BA20 2SH,SEPD,LV,1,TX2449,21,2026-08-29T17:20:44Z,2026-08-29T17:20:44Z,0.0
BA20 2SN,SEPD,LV,1,TX2449,21,2026-08-29T17:20:44Z,2026-08-29T17:20:44Z,0.0
BA20 2SW,SEPD,LV,1,TX2449,21,2026-08-29T17:20:44Z,2026-08-29T17:20:44Z,0.0
BH10 5NL,SEPD,LV,1,TW8712,20,2026-08-27T10:33:18Z,2026-08-27T10:33:18Z,0.0
BH10 5NN,SEPD,LV,1,TW8712,20,2026-08-27T10:33:18Z,2026-08-27T10:33:18Z,0.0
BH10 5NQ,SEPD,LV,1,TW8712,20,2026-08-27T10:33:18Z,2026-08-27T10:33:18Z,0.0
BH10 5NW,SEPD,LV,1,TW8712,20,2026-08-27T10:33:18Z,2026-08-27T10:33:18Z,0.0
BH10 6JR,SEPD,PSI,1,254569,6,2026-08-27T20:44:46Z,2026-08-27T20:44:46Z,0.0
BH12 4DE,SEPD,LV,1,TX2798,13,2026-08-30T15:00:23Z,2026-08-30T15:00:23Z,0.0
BH12 4DG,SEPD,LV,1,TX2798,13,2026-08-30T15:00:23Z,2026-08-30T15:00:23Z,0.0
BH16 6JT,SEPD,PSI,1,253758,11,2026-09-01T11:41:40Z,2026-09-01T11:41:40Z,0.0
BH19 3BD,SEPD,LV,1,TX1749,12,2026-08-29T13:24:25Z,2026-08-29T13:24:25Z,0.0
BH19 3DS,SEPD,LV,1,TX1749,12,2026-08-29T13:24:25Z,2026-08-29T13:24:25Z,0.0
BH19 3DT,SEPD,LV,1,TX1749,12,2026-08-29T13:24:25Z,2026-08-29T13:24:25Z,0.0
BH19 3DX,SEPD,LV,1,TX1749,12,2026-08-29T13:24:25Z,2026-08-29T13:24:25Z,0.0
BH19 3DY,SEPD,LV,1,TX1749,12,2026-08-29T13:24:25Z,2026-08-29T13:24:25Z,0.0
BH19 3DZ,SEPD,LV,1,TX1749,12,2026-08-29T13:24:25Z,2026-08-29T13:24:25Z,0.0
BH20 7HA,SEPD,LV,1,TW9918,22,2026-08-27T20:44:46Z,2026-08-27T20:44:46Z,0.0
BH20 7HD,SEPD,LV,1,TW9918,22,2026-08-27T20:44:46Z,2026-08-27T20:44:46Z,0.0
BH20 7HF,SEPD,LV,1,TW9918,22,2026-08-27T20:44:46Z,2026-08-27T20:44:46Z,0.0
BH20 7HG,SEPD,LV,1,TW9918,22,2026-08-27T20:44:46Z,2026-08-27T20:44:46Z,0.0
BH20 7HH,SEPD,LV,1,TW9918,22,2026-08-27T20:44:46Z,2026-08-27T20:44:46Z,0.0
BH21 3RG,SEPD,LV,1,TW8982,7,2026-08-27T20:44:46Z,2026-08-27T20:44:46Z,0.0
BH21 3RH,SEPD,LV,1,TW8982,7,2026-08-27T20:44:46Z,2026-08-27T20:44:46Z,0.0
BH21 3RJ,SEPD,LV,1,TW8982,7,2026-08-27T20:44:46Z,2026-08-27T20:44:46Z,0.0
BH21 3RQ,SEPD,LV,1,TW8982,7,2026-08-27T20:44:46Z,2026-08-27T20:44:46Z,0.0
BH21 5AJ,SEPD,HV,1,TX6503,195,2026-09-02T18:41:07Z,2026-09-02T18:41:07Z,0.0
BH21 5AL,SEPD,HV,1,TX6503,195,2026-09-02T18:41:07Z,2026-09-02T18:41:07Z,0.0
BH21 5AP,SEPD,HV,1,TX6503,195,2026-09-02T18:41:07Z,2026-09-02T18:41:07Z,0.0
BH21 5BA,SEPD,HV,1,TX6503,195,2026-09-02T18:41:07Z,2026-09-02T18:41:07Z,0.0
BH21 5BB,SEPD,HV,1,TX6503,195,2026-09-02T18:41:07Z,2026-09-02T18:41:07Z,0.0
BH21 5BD,SEPD,HV,1,TX6503,195,2026-09-02T18:41:07Z,2026-09-02T18:41:07Z,0.0
BH21 5BE,SEPD,HV,1,TX6503,195,2026-09-02T18:41:07Z,2026-09-02T18:41:07Z,0.0
BH21 5BG,SEPD,HV,1,TX6503,195,2026-09-02T18:41:07Z,2026-09-02T18:41:07Z,0.0
BH21 5BH,SEPD,HV,1,TX6503,195,2026-09-02T18:41:07Z,2026-09-02T18:41:07Z,0.0
BH21 5BJ,SEPD,HV,1,TX6503,195,2026-09-02T18:41:07Z,2026-09-02T18:41:07Z,0.0
BH21 5BL,SEPD,HV,1,TX6503,195,2026-09-02T18:41:07Z,2026-09-02T18:41:07Z,0.0
BH21 5BQ,SEPD,HV,1,TX6503,195,2026-09-02T18:41:07Z,2026-09-02T18:41:07Z,0.0
BH21 5DR,SEPD,HV,1,TX6503,195,2026-09-02T18:41:07Z,2026-09-02T18:41:07Z,0.0
BH22 0JX,SEPD,LV,1,TX5887,9,2026-09-01T18:50:36Z,2026-09-01T18:50:36Z,0.0
BH22 9QS,SEPD,PSI,1,254419,7,2026-08-27T20:44:46Z,2026-08-27T20:44:46Z,0.0
BH22 9QT,SEPD,PSI,1,254419,7,2026-08-27T20:44:46Z,2026-08-27T20:44:46Z,0.0
BH23 2AG,SEPD,HV,1,TX2330,65,2026-08-29T17:20:44Z,2026-08-29T17:20:44Z,0.0
BH23 2JY,SEPD,HV,1,TX2330,65,2026-08-29T17:20:44Z,2026-08-29T17:20:44Z,0.0
BH23 3TG,SEPD,LV,1,TX1845,2,2026-08-29T13:24:25Z,2026-08-29T13:24:25Z,0.0
BH23 4BY,SEPD,LV,1,TW8663,42,2026-08-27T00:39:45Z,2026-08-27T00:39:45Z,0.0
BH23 4DA,SEPD,LV,1,TW8663,42,2026-08-27T00:39:45Z,2026-08-27T00:39:45Z,0.0
BH23 4DB,SEPD,LV,1,TW8663,42,2026-08-27T00:39:45Z,2026-08-27T00:39:45Z,0.0
BH23 4DD,SEPD,LV,1,TW8663,42,2026-08-27T00:39:45Z,2026-08-27T00:39:45Z,0.0
BH23 4DE,SEPD,LV,1,TW8663,42,2026-08-27T00:39:45Z,2026-08-27T00:39:45Z,0.0
BH23 4DH,SEPD,LV,1,TW8663,42,2026-08-27T00:39:45Z,2026-08-27T00:39:45Z,0.0
BH23 4DQ,SEPD,LV,1,TW8663,42,2026-08-27T00:39:45Z,2026-08-27T00:39:45Z,0.0
BH23 4JF,SEPD,LV,1,TW8663,42,2026-08-27T00:39:45Z,2026-08-27T00:39:45Z,0.0
BH23 4SQ,SEPD,LV,1,TW8663,42,2026-08-27T00:39:45Z,2026-08-27T00:39:45Z,0.0
BH23 5LR,SEPD,LV,1,TX2395,24,2026-08-30T00:13:24Z,2026-08-30T00:13:24Z,0.0
BH23 5LS,SEPD,LV,1,TX2395,24,2026-08-30T00:13:24Z,2026-08-30T00:13:24Z,0.0
BH23 5LY,SEPD,LV,1,TX2395,24,2026-08-30T00:13:24Z,2026-08-30T00:13:24Z,0.0
BH23 5NB,SEPD,LV,1,TX2395,24,2026-08-30T00:13:24Z,2026-08-30T00:13:24Z,0.0
BH23 6AE,SEPD,HV,1,TX2330,65,2026-08-29T17:20:44Z,2026-08-29T17:20:44Z,0.0
BH23 6AG,SEPD,HV,1,TX2330,65,2026-08-29T17:20:44Z,2026-08-29T17:20:44Z,0.0
BH23 6AQ,SEPD,HV,1,TX2330,65,2026-08-29T17:20:44Z,2026-08-29T17:20:44Z,0.0
BH23 6BQ,SEPD,HV,1,TX2330,65,2026-08-29T17:20:44Z,2026-08-29T17:20:44Z,0.0
BH23 7AL,SEPD,PSI,1,254192,8,2026-08-28T17:19:56Z,2026-08-28T17:19:56Z,0.0
BH24,SEPD,HV,1,TX2316,65,2026-08-29T17:20:44Z,2026-08-29T17:20:44Z,0.0
BH24 3FN,SEPD,HV,1,TX6238,677,2026-09-02T05:57:39Z,2026-09-02T05:57:39Z,0.0
BH24 3HF,SEPD,HV,1,TX2316,65,2026-08-29T17:20:44Z,2026-08-29T17:20:44Z,0.0
BH24 3LZ,SEPD,HV,1,TX6238,677,2026-09-02T05:57:39Z,2026-09-02T05:57:39Z,0.0
BH24 3NA,SEPD,HV,1,TX6238,677,2026-09-02T05:57:39Z,2026-09-02T05:57:39Z,0.0
BH24 3NF,SEPD,HV,1,TX6238,677,2026-09-02T05:57:39Z,2026-09-02T05:57:39Z,0.0
BH24 3NG,SEPD,HV,1,TX6238,677,2026-09-02T05:57:39Z,2026-09-02T05:57:39Z,0.0
BH24 3NH,SEPD,HV,1,TX6238,677,2026-09-02T05:57:39Z,2026-09-02T05:57:39Z,0.0
BH24 3NJ,SEPD,HV,1,TX6238,677,2026-09-02T05:57:39Z,2026-09-02T05:57:39Z,0.0
BH24 3NL,SEPD,HV,1,TX6238,677,2026-09-02T05:57:39Z,2026-09-02T05:57:39Z,0.0
BH24 3NN,SEPD,HV,1,TX6238,677,2026-09-02T05:57:39Z,2026-09-02T05:57:39Z,0.0
BH24 3NP,SEPD,HV,1,TX6238,677,2026-09-02T05:57:39Z,2026-09-02T05:57:39Z,0.0
BH24 3NQ,SEPD,HV,1,TX6238,677,2026-09-02T05:57:39Z,2026-09-02T05:57:39Z,0.0
BH24 3NR,SEPD,HV,1,TX6238,677,2026-09-02T05:57:39Z,2026-09-02T05:57:39Z,0.0
BH24 3NT,SEPD,HV,1,TX6238,677,2026-09-02T05:57:39Z,2026-09-02T05:57:39Z,0.0
BH24 3NU,SEPD,HV,1,TX6238,677,2026-09-02T05:57:39Z,2026-09-02T05:57:39Z,0.0
BH24 3NW,SEPD,HV,1,TX6238,677,2026-09-02T05:57:39Z,2026-09-02T05:57:39Z,0.0
BH24 3PJ,SEPD,HV,1,TX6238,677,2026-09-02T05:57:39Z,2026-09-02T05:57:39Z,0.0
BH24 3PL,SEPD,HV,1,TX6238,677,2026-09-02T05:57:39Z,2026-09-02T05:57:39Z,0.0
BH24 3PN,SEPD,HV,1,TX6238,677,2026-09-02T05:57:39Z,2026-09-02T05:57:39Z,0.0
BH24 3PP,SEPD,HV,1,TX6238,677,2026-09-02T05:57:39Z,2026-09-02T05:57:39Z,0.0
BH24 3PR,SEPD,HV,1,TX6238,677,2026-09-02T05:57:39Z,2026-09-02T05:57:39Z,0.0
BH24 3PS,SEPD,HV,1,TX6238,677,2026-09-02T05:57:39Z,2026-09-02T05:57:39Z,0.0
BH24 3PT,SEPD,HV,1,TX6238,677,2026-09-02T05:57:39Z,2026-09-02T05:57:39Z,0.0
BH24 3PU,SEPD,HV,1,TX6238,677,2026-09-02T05:57:39Z,2026-09-02T05:57:39Z,0.0
BH24 3PW,SEPD,HV,1,TX6238,677,2026-09-02T05:57:39Z,2026-09-02T05:57:39Z,0.0
BH24 3PX,SEPD,HV,1,TX6238,677,2026-09-02T05:57:39Z,2026-09-02T05:57:39Z,0.0
BH24 3PY,SEPD,HV,1,TX6238,677,2026-09-02T05:57:39Z,2026-09-02T05:57:39Z,0.0
BH24 3PZ,SEPD,HV,1,TX6238,677,2026-09-02T05:57:39Z,2026-09-02T05:57:39Z,0.0
BH24 3QA,SEPD,HV,1,TX6238,677,2026-09-02T05:57:39Z,2026-09-02T05:57:39Z,0.0
BH24 3QB,SEPD,HV,1,TX6238,677,2026-09-02T05:57:39Z,2026-09-02T05:57:39Z,0.0
BH24 3QD,SEPD,HV,1,TX6238,677,2026-09-02T05:57:39Z,2026-09-02T05:57:39Z,0.0
BH24 3QE,SEPD,HV,1,TX6238,677,2026-09-02T05:57:39Z,2026-09-02T05:57:39Z,0.0
BH24 3QG,SEPD,HV,1,TX6238,677,2026-09-02T05:57:39Z,2026-09-02T05:57:39Z,0.0
BH25 7JY,SEPD,PSI,1,254575,34,2026-08-28T17:19:56Z,2026-08-28T17:19:56Z,0.0
BH25 7JZ,SEPD,PSI,1,254575,34,2026-08-28T17:19:56Z,2026-08-28T17:19:56Z,0.0
BH25 7LB,SEPD,PSI,1,254575,34,2026-08-28T17:19:56Z,2026-08-28T17:19:56Z,0.0
BH25 7LE,SEPD,PSI,1,254575,34,2026-08-28T17:19:56Z,2026-08-28T17:19:56Z,0.0
BH25 7LG,SEPD,PSI,1,254575,34,2026-08-28T17:19:56Z,2026-08-28T17:19:56Z,0.0
BH25 7LQ,SEPD,PSI,1,254575,34,2026-08-28T17:19:56Z,2026-08-28T17:19:56Z,0.0
BN18 0AN,SEPD,HV,1,TX6040,38,2026-09-01T23:31:36Z,2026-09-01T23:31:36Z,0.0
BN18 0AP,SEPD,HV,1,TX6040,38,2026-09-01T23:31:36Z,2026-09-01T23:31:36Z,0.0
BN18 0AR,SEPD,HV,1,TX6040,38,2026-09-01T23:31:36Z,2026-09-01T23:31:36Z,0.0
BN18 0AS,SEPD,HV,1,TX6040,38,2026-09-01T23:31:36Z,2026-09-01T23:31:36Z,0.0
BN18 0AW,SEPD,HV,1,TX6040,38,2026-09-01T23:31:36Z,2026-09-01T23:31:36Z,0.0
BN18 0BG,SEPD,HV,1,TX6040,38,2026-09-01T23:31:36Z,2026-09-01T23:31:36Z,0.0
BN18 0FP,SEPD,HV,1,TX6040,38,2026-09-01T23:31:36Z,2026-09-01T23:31:36Z,0.0
BN18 0LH,SEPD,HV,1,TX6040,38,2026-09-01T23:31:36Z,2026-09-01T23:31:36Z,0.0
BN18 0LJ,SEPD,HV,1,TX6040,38,2026-09-01T23:31:36Z,2026-09-01T23:31:36Z,0.0
BN18 0LL,SEPD,HV,1,TX6040,38,2026-09-01T23:31:36Z,2026-09-01T23:31:36Z,0.0
BN18 0LN,SEPD,HV,1,TX6040,38,2026-09-01T23:31:36Z,2026-09-01T23:31:36Z,0.0
BN18 0LP,SEPD,HV,1,TX6040,38,2026-09-01T23:31:36Z,2026-09-01T23:31:36Z,0.0
BN18 0LQ,SEPD,HV,1,TX6040,38,2026-09-01T23:31:36Z,2026-09-01T23:31:36Z,0.0
BN18 0LR,SEPD,HV,1,TX6040,38,2026-09-01T23:31:36Z,2026-09-01T23:31:36Z,0.0
BN18 0LS,SEPD,HV,1,TX6040,38,2026-09-01T23:31:36Z,2026-09-01T23:31:36Z,0.0
BN18 9DX,SEPD,HV,1,TX6040,38,2026-09-01T23:31:36Z,2026-09-01T23:31:36Z,0.0
BN18 9EB,SEPD,HV,1,TX6040,38,2026-09-01T23:31:36Z,2026-09-01T23:31:36Z,0.0
BN18 9ED,SEPD,HV,1,TX6040,38,2026-09-01T23:31:36Z,2026-09-01T23:31:36Z,0.0
BN18 9EG,SEPD,HV,1,TX6040,38,2026-09-01T23:31:36Z,2026-09-01T23:31:36Z,0.0
BN18 9EH,SEPD,HV,1,TX6040,38,2026-09-01T23:31:36Z,2026-09-01T23:31:36Z,0.0
BN18 9EJ,SEPD,HV,1,TX6040,38,2026-09-01T23:31:36Z,2026-09-01T23:31:36Z,0.0
BN18 9EL,SEPD,HV,1,TX6040,38,2026-09-01T23:31:36Z,2026-09-01T23:31:36Z,0.0
BN18 9EN,SEPD,HV,1,TX6040,38,2026-09-01T23:31:36Z,2026-09-01T23:31:36Z,0.0
BN18 9EP,SEPD,HV,1,TX6040,38,2026-09-01T23:31:36Z,2026-09-01T23:31:36Z,0.0
BN18 9EQ,SEPD,HV,1,TX6040,38,2026-09-01T23:31:36Z,2026-09-01T23:31:36Z,0.0
BN18 9ER,SEPD,HV,1,TX6040,38,2026-09-01T23:31:36Z,2026-09-01T23:31:36Z,0.0
BN18 9ES,SEPD,HV,1,TX6040,38,2026-09-01T23:31:36Z,2026-09-01T23:31:36Z,0.0
BN18 9ET,SEPD,HV,1,TX6040,38,2026-09-01T23:31:36Z,2026-09-01T23:31:36Z,0.0
BN18 9EU,SEPD,HV,1,TX6040,38,2026-09-01T23:31:36Z,2026-09-01T23:31:36Z,0.0
BN18 9EW,SEPD,HV,1,TX6040,38,2026-09-01T23:31:36Z,2026-09-01T23:31:36Z,0.0
BN18 9EX,SEPD,HV,1,TX6040,38,2026-09-01T23:31:36Z,2026-09-01T23:31:36Z,0.0
BN18 9HF,SEPD,HV,1,TX6040,38,2026-09-01T23:31:36Z,2026-09-01T23:31:36Z,0.0
BN18 9HH,SEPD,HV,1,TX6040,38,2026-09-01T23:31:36Z,2026-09-01T23:31:36Z,0.0
BN18 9HJ,SEPD,HV,1,TX6040,38,2026-09-01T23:31:36Z,2026-09-01T23:31:36Z,0.0
BN18 9HL,SEPD,HV,1,TX6040,38,2026-09-01T23:31:36Z,2026-09-01T23:31:36Z,0.0
BN18 9HN,SEPD,HV,1,TX6040,38,2026-09-01T23:31:36Z,2026-09-01T23:31:36Z,0.0
BN18 9HW,SEPD,HV,1,TX6040,38,2026-09-01T23:31:36Z,2026-09-01T23:31:36Z,0.0
BN18 9JD,SEPD,HV,1,TX6040,38,2026-09-01T23:31:36Z,2026-09-01T23:31:36Z,0.0
BN18 9JE,SEPD,HV,1,TX6040,38,2026-09-01T23:31:36Z,2026-09-01T23:31:36Z,0.0
BN18 9QG,SEPD,HV,1,TX6040,38,2026-09-02T01:19:47Z,2026-09-02T01:19:47Z,0.0
BN18 9QH,SEPD,HV,1,TX6040,38,2026-09-02T01:19:47Z,2026-09-02T01:19:47Z,0.0
BN18 9QJ,SEPD,HV,1,TX6040,38,2026-09-02T01:19:47Z,2026-09-02T01:19:47Z,0.0
BN18 9QL,SEPD,HV,1,TX6040,38,2026-09-02T01:19:47Z,2026-09-02T01:19:47Z,0.0
BN18 9QN,SEPD,HV,1,TX6040,38,2026-09-02T01:19:47Z,2026-09-02T01:19:47Z,0.0
BN18 9QQ,SEPD,HV,1,TX6040,38,2026-09-02T01:19:47Z,2026-09-02T01:19:47Z,0.0
BN18 9SA,SEPD,HV,1,TX6040,38,2026-09-01T23:31:36Z,2026-09-01T23:31:36Z,0.0
DD1 2EY,SHEPD,HV,1,TX2832,244,2026-08-30T05:29:16Z,2026-08-30T05:29:16Z,0.0
DD10 9TN,SHEPD,HV,1,TX4995,8,2026-09-01T11:41:40Z,2026-09-01T11:41:40Z,0.0
DD10 9TP,SHEPD,HV,1,TX4995,8,2026-09-01T11:41:40Z,2026-09-01T11:41:40Z,0.0
DD2 4SW,SHEPD,PSI,1,253109,2,2026-08-28T04:56:18Z,2026-08-28T04:56:18Z,0.0
DD2 4TA,SHEPD,PSI,1,253109,2,2026-08-28T04:56:18Z,2026-08-28T04:56:18Z,0.0
DD3 0QW,SHEPD,PSI,1,254087,3,2026-08-27T20:44:46Z,2026-08-27T20:44:46Z,0.0
DD3 7JG,SHEPD,HV,1,TX2832,244,2026-08-30T05:29:16Z,2026-08-30T05:29:16Z,0.0
DD3 7PP,SHEPD,HV,1,TX2832,244,2026-08-30T05:29:16Z,2026-08-30T05:29:16Z,0.0
DD3 7PQ,SHEPD,HV,1,TX2832,244,2026-08-30T05:29:16Z,2026-08-30T05:29:16Z,0.0
DD3 7PR,SHEPD,HV,1,TX2832,244,2026-08-30T05:29:16Z,2026-08-30T05:29:16Z,0.0
DD3 7PS,SHEPD,HV,1,TX2832,244,2026-08-30T05:29:16Z,2026-08-30T05:29:16Z,0.0
DD3 7PU,SHEPD,HV,1,TX2832,244,2026-08-30T05:29:16Z,2026-08-30T05:29:16Z,0.0
DD3 7PW,SHEPD,HV,1,TX2832,244,2026-08-30T05:29:16Z,2026-08-30T05:29:16Z,0.0
DD3 7PZ,SHEPD,HV,1,TX2832,244,2026-08-30T05:29:16Z,2026-08-30T05:29:16Z,0.0
DD3 7QE,SHEPD,HV,1,TX2832,244,2026-08-30T05:29:16Z,2026-08-30T05:29:16Z,0.0
DD3 7QF,SHEPD,HV,1,TX2832,244,2026-08-30T05:29:16Z,2026-08-30T05:29:16Z,0.0
DD4 6BR,SHEPD,HV,1,TX2832,244,2026-08-30T05:29:16Z,2026-08-30T05:29:16Z,0.0
DD4 6EZ,SHEPD,HV,1,TX2832,244,2026-08-30T05:29:16Z,2026-08-30T05:29:16Z,0.0
DD5 3QA,SHEPD,PSI,1,253949,5,2026-08-28T17:19:56Z,2026-08-28T17:19:56Z,0.0
DD5 3QD,SHEPD,PSI,1,253949,5,2026-08-28T17:19:56Z,2026-08-28T17:19:56Z,0.0
DD5 3QH,SHEPD,PSI,1,253767,4,2026-09-01T11:41:40Z,2026-09-01T11:41:40Z,0.0
DD7 7EN,SHEPD,LV,1,TX7230,4,2026-09-02T18:41:07Z,2026-09-02T18:41:07Z,0.0
DD7 7PG,SHEPD,LV,1,TX7230,4,2026-09-02T18:41:07Z,2026-09-02T18:41:07Z,0.0
DD9 7RH,SHEPD,PSI,1,254218,11,2026-08-29T13:24:25Z,2026-08-29T13:24:25Z,0.0
DD9 7RJ,SHEPD,PSI,1,254218,11,2026-08-29T13:24:25Z,2026-08-29T13:24:25Z,0.0
DT1 1PB,SEPD,LV,1,TX5666,20,2026-09-01T21:28:32Z,2026-09-01T21:28:32Z,0.0
DT1 1PE,SEPD,LV,1,TX5666,20,2026-09-01T21:28:32Z,2026-09-01T21:28:32Z,0.0
DT1 1PG,SEPD,LV,1,TX5666,20,2026-09-01T21:28:32Z,2026-09-01T21:28:32Z,0.0
DT1 1PH,SEPD,LV,1,TX5666,20,2026-09-01T21:28:32Z,2026-09-01T21:28:32Z,0.0
DT1 1PJ,SEPD,LV,1,TX5666,20,2026-09-01T21:28:32Z,2026-09-01T21:28:32Z,0.0
DT1 1PQ,SEPD,LV,1,TX5666,20,2026-09-01T21:28:32Z,2026-09-01T21:28:32Z,0.0
DT1 1PT,SEPD,LV,1,TX5666,20,2026-09-01T21:28:32Z,2026-09-01T21:28:32Z,0.0
DT1 1YD,SEPD,LV,1,TX5666,20,2026-09-01T21:28:32Z,2026-09-01T21:28:32Z,0.0
DT1 1YE,SEPD,LV,1,TX5666,20,2026-09-01T21:28:32Z,2026-09-01T21:28:32Z,0.0
DT11 0AZ,SEPD,PSI,1,253696,39,2026-09-01T11:41:40Z,2026-09-01T11:41:40Z,0.0
DT11 0BB,SEPD,PSI,1,253696,39,2026-09-01T11:41:40Z,2026-09-01T11:41:40Z,0.0
DT11 0BD,SEPD,PSI,1,253696,39,2026-09-01T11:41:40Z,2026-09-01T11:41:40Z,0.0
DT11 0BE,SEPD,PSI,1,253696,39,2026-09-01T11:41:40Z,2026-09-01T11:41:40Z,0.0
DT11 0BQ,SEPD,PSI,1,253696,39,2026-09-01T11:41:40Z,2026-09-01T11:41:40Z,0.0
DT11 0DP,SEPD,PSI,1,253696,39,2026-09-01T11:41:40Z,2026-09-01T11:41:40Z,0.0
DT11 0LH,SEPD,PSI,1,253696,39,2026-09-01T11:41:40Z,2026-09-01T11:41:40Z,0.0
DT11 0QG,SEPD,LV,1,TX1910,2,2026-08-29T17:20:44Z,2026-08-29T17:20:44Z,0.0
DT11 9AD,SEPD,PSI,1,254051,6,2026-09-01T11:41:40Z,2026-09-01T11:41:40Z,0.0
DT2 7SJ,SEPD,HV,1,TW8682,8,2026-08-27T10:33:18Z,2026-08-27T10:33:18Z,0.0
DT2 8NT,SEPD,PSI,1,253559,14,2026-08-27T20:44:46Z,2026-08-27T20:44:46Z,0.0
DT2 8NU,SEPD,PSI,1,253559,14,2026-08-27T20:44:46Z,2026-08-27T20:44:46Z,0.0
DT2 8PJ,SEPD,LV,1,TX1722,17,2026-08-29T13:24:25Z,2026-08-29T13:24:25Z,0.0
DT2 8PL,SEPD,LV,1,TX1722,17,2026-08-29T13:24:25Z,2026-08-29T13:24:25Z,0.0
DT2 8PN,SEPD,LV,1,TX1722,17,2026-08-29T13:24:25Z,2026-08-29T13:24:25Z,0.0
DT2 9HF,SEPD,HV,1,TX5696,33,2026-09-01T15:33:44Z,2026-09-01T15:33:44Z,0.0
DT2 9HG,SEPD,HV,1,TX5696,33,2026-09-01T15:33:44Z,2026-09-01T15:33:44Z,0.0
DT2 9HH,SEPD,HV,1,TX5696,33,2026-09-01T15:33:44Z,2026-09-01T15:33:44Z,0.0
DT2 9HJ,SEPD,HV,1,TX5696,33,2026-09-01T15:33:44Z,2026-09-01T15:33:44Z,0.0
DT2 9HL,SEPD,HV,1,TX5696,33,2026-09-01T15:33:44Z,2026-09-01T15:33:44Z,0.0
DT2 9HQ,SEPD,HV,1,TX5696,33,2026-09-01T15:33:44Z,2026-09-01T15:33:44Z,0.0
DT2 9JA,SEPD,HV,1,TX5696,33,2026-09-01T15:33:44Z,2026-09-01T15:33:44Z,0.0
DT3 5EL,SEPD,LV,1,TW8739,4,2026-08-27T10:33:18Z,2026-08-27T10:33:18Z,0.0
DT3 5EQ,SEPD,LV,1,TW8739,4,2026-08-27T10:33:18Z,2026-08-27T10:33:18Z,0.0
DT3 5JD,SEPD,LV,1,TW8739,4,2026-08-27T10:33:18Z,2026-08-27T10:33:18Z,0.0
DT3 5RA,SEPD,LV,1,TX7227,48,2026-09-02T18:41:07Z,2026-09-02T18:41:07Z,0.0
DT3 5RP,SEPD,LV,1,TX7227,48,2026-09-02T18:41:07Z,2026-09-02T18:41:07Z,0.0
DT3 5RR,SEPD,LV,1,TX7227,48,2026-09-02T18:41:07Z,2026-09-02T18:41:07Z,0.0
DT3 5RZ,SEPD,LV,1,TX7227,48,2026-09-02T18:41:07Z,2026-09-02T18:41:07Z,0.0
DT3 5SA,SEPD,LV,1,TX7227,48,2026-09-02T18:41:07Z,2026-09-02T18:41:07Z,0.0
DT3 5SB,SEPD,LV,1,TX7227,48,2026-09-02T18:41:07Z,2026-09-02T18:41:07Z,0.0
DT4 8BN,SEPD,LV,1,TX1655,40,2026-08-29T13:24:25Z,2026-08-29T13:24:25Z,0.0
DT4 8BT,SEPD,LV,1,TX1655,40,2026-08-29T13:24:25Z,2026-08-29T13:24:25Z,0.0
DT4 8BW,SEPD,LV,1,TX1655,40,2026-08-29T13:24:25Z,2026-08-29T13:24:25Z,0.0
DT4 8BZ,SEPD,LV,1,TX1655,40,2026-08-29T13:24:25Z,2026-08-29T13:24:25Z,0.0
DT4 8DA,SEPD,LV,1,TX1655,40,2026-08-29T13:24:25Z,2026-08-29T13:24:25Z,0.0
DT4 8PY,SEPD,LV,1,TX1655,40,2026-08-29T13:24:25Z,2026-08-29T13:24:25Z,0.0
DT4 9AX,SEPD,LV,1,TX1311,4,2026-08-29T01:01:34Z,2026-08-29T01:01:34Z,0.0
DT4 9GH,SEPD,PSI,1,253426,5,2026-08-30T18:33:54Z,2026-08-30T18:33:54Z,0.0
DT4 9TH,SEPD,PSI,1,253426,5,2026-08-30T18:33:54Z,2026-08-30T18:33:54Z,0.0
DT4 9TJ,SEPD,PSI,1,253426,5,2026-08-30T18:33:54Z,2026-08-30T18:33:54Z,0.0
G83 8SB,SHEPD,PSI,1,253944,11,2026-09-01T11:41:40Z,2026-09-01T11:41:40Z,0.0
GL54 2EW,SEPD,LV,1,TX3905,27,2026-08-31T17:01:01Z,2026-08-31T17:01:01Z,0.0
GL54 2HD,SEPD,LV,1,TX3905,27,2026-08-31T17:01:01Z,2026-08-31T17:01:01Z,0.0
GL54 2HH,SEPD,LV,1,TX3905,27,2026-08-31T17:01:01Z,2026-08-31T17:01:01Z,0.0
GL54 2JY,SEPD,LV,1,TX3905,27,2026-08-31T17:01:01Z,2026-08-31T17:01:01Z,0.0
GL54 3NJ,SEPD,PSI,1,253872,7,2026-09-01T11:41:40Z,2026-09-01T11:41:40Z,0.0
GL54 3NY,SEPD,PSI,1,253872,7,2026-09-01T11:41:40Z,2026-09-01T11:41:40Z,0.0
GL7 3NS,SEPD,HV,1,TW9486,27,2026-08-27T20:44:46Z,2026-08-27T20:44:46Z,0.0
GL7 3NT,SEPD,HV,1,TW9486,27,2026-08-27T20:44:46Z,2026-08-27T20:44:46Z,0.0
GL7 3NW,SEPD,HV,1,TW9486,27,2026-08-27T20:44:46Z,2026-08-27T20:44:46Z,0.0
GL7 5DT,SEPD,LV,1,TW8833,3,2026-08-27T20:44:46Z,2026-08-27T20:44:46Z,0.0
GL8 8AN,SEPD,LV,1,TX4975,17,2026-09-01T11:41:40Z,2026-09-01T11:41:40Z,0.0
GL8 8AQ,SEPD,LV,1,TX4975,17,2026-09-01T11:41:40Z,2026-09-01T11:41:40Z,0.0
GL8 8JG,SEPD,LV,1,TX4975,17,2026-09-01T11:41:40Z,2026-09-01T11:41:40Z,0.0
GL8 8LL,SEPD,LV,1,TX4975,17,2026-09-01T11:41:40Z,2026-09-01T11:41:40Z,0.0
GU16 8SR,SEPD,LV,1,TX5957,5,2026-09-01T21:28:32Z,2026-09-01T21:28:32Z,0.0
GU16 8XH,SEPD,LV,1,TW9627,27,2026-08-27T20:44:46Z,2026-08-27T20:44:46Z,0.0
GU16 8XJ,SEPD,LV,1,TW9627,27,2026-08-27T20:44:46Z,2026-08-27T20:44:46Z,0.0
GU16 8XL,SEPD,LV,1,TW9627,27,2026-08-27T20:44:46Z,2026-08-27T20:44:46Z,0.0
GU16 8XN,SEPD,LV,1,TW9627,27,2026-08-27T20:44:46Z,2026-08-27T20:44:46Z,0.0
GU27 2EU,SEPD,PSI,1,254181,3,2026-08-28T17:19:56Z,2026-08-28T17:19:56Z,0.0
GU27 3DD,SEPD,HV,1,TX5061,42,2026-09-01T11:41:40Z,2026-09-01T11:41:40Z,0.0
GU27 3ER,SEPD,HV,1,TX5061,42,2026-09-01T11:41:40Z,2026-09-01T11:41:40Z,0.0
GU27 3HQ,SEPD,HV,1,TX5061,42,2026-09-01T11:41:40Z,2026-09-01T11:41:40Z,0.0
GU27 3JF,SEPD,HV,1,TX5061,42,2026-09-01T11:41:40Z,2026-09-01T11:41:40Z,0.0
GU27 3JG,SEPD,HV,1,TX5061,42,2026-09-01T11:41:40Z,2026-09-01T11:41:40Z,0.0
GU27 3JH,SEPD,HV,1,TX5061,42,2026-09-01T11:41:40Z,2026-09-01T11:41:40Z,0.0
GU27 3JJ,SEPD,HV,1,TX5061,42,2026-09-01T11:41:40Z,2026-09-01T11:41:40Z,0.0
GU27 3JQ,SEPD,HV,1,TX5061,42,2026-09-01T11:41:40Z,2026-09-01T11:41:40Z,0.0
GU28 9EG,SEPD,PSI,1,253110,9,2026-08-27T20:44:46Z,2026-08-27T20:44:46Z,0.0
GU28 9EP,SEPD,PSI,1,253110,9,2026-08-27T20:44:46Z,2026-08-27T20:44:46Z,0.0
GU28 9ER,SEPD,PSI,1,253110,9,2026-08-27T20:44:46Z,2026-08-27T20:44:46Z,0.0
GU28 9NE,SEPD,PSI,1,253110,9,2026-08-27T20:44:46Z,2026-08-27T20:44:46Z,0.0
GU29 0BH,SEPD,HV,1,TX5061,42,2026-09-01T11:41:40Z,2026-09-01T11:41:40Z,0.0
GU29 9BT,SEPD,LV,1,TX0784,11,2026-08-29T01:01:34Z,2026-08-29T01:01:34Z,0.0
GU29 9EH,SEPD,LV,1,TX0784,11,2026-08-29T01:01:34Z,2026-08-29T01:01:34Z,0.0
GU29 9HP,SEPD,LV,1,TX0784,11,2026-08-29T01:01:34Z,2026-08-29T01:01:34Z,0.0
GU29 9HR,SEPD,LV,1,TX0784,11,2026-08-29T01:01:34Z,2026-08-29T01:01:34Z,0.0
GU3 1DJ,SEPD,HV,1,TX2969,340,2026-08-30T10:38:44Z,2026-08-30T10:38:44Z,0.0
GU3 1DN,SEPD,HV,1,TX2969,340,2026-08-30T10:38:44Z,2026-08-30T10:38:44Z,0.0
GU3 1DQ,SEPD,HV,1,TX2969,340,2026-08-30T10:38:44Z,2026-08-30T10:38:44Z,0.0
GU3 1DT,SEPD,HV,1,TX2969,340,2026-08-30T10:38:44Z,2026-08-30T10:38:44Z,0.0
GU3 1EB,SEPD,HV,1,TX2969,340,2026-08-30T10:38:44Z,2026-08-30T10:38:44Z,0.0
GU3 1EE,SEPD,HV,1,TX2969,340,2026-08-30T10:38:44Z,2026-08-30T10:38:44Z,0.0
GU3 1EF,SEPD,HV,1,TX2969,340,2026-08-30T10:38:44Z,2026-08-30T10:38:44Z,0.0
GU3 1EG,SEPD,HV,1,TX2969,340,2026-08-30T10:38:44Z,2026-08-30T10:38:44Z,0.0
GU3 1EH,SEPD,HV,1,TX2969,340,2026-08-30T10:38:44Z,2026-08-30T10:38:44Z,0.0
GU3 1EQ,SEPD,HV,1,TX2969,340,2026-08-30T10:38:44Z,2026-08-30T10:38:44Z,0.0
GU3 1JA,SEPD,HV,1,TX2969,340,2026-08-30T10:38:44Z,2026-08-30T10:38:44Z,0.0
GU3 1JB,SEPD,HV,1,TX2969,340,2026-08-30T10:38:44Z,2026-08-30T10:38:44Z,0.0
GU3 1JD,SEPD,HV,1,TX2969,340,2026-08-30T10:38:44Z,2026-08-30T10:38:44Z,0.0
GU3 1JE,SEPD,HV,1,TX2969,340,2026-08-30T10:38:44Z,2026-08-30T10:38:44Z,0.0
GU3 1JF,SEPD,HV,1,TX2969,340,2026-08-30T10:38:44Z,2026-08-30T10:38:44Z,0.0
GU3 1JG,SEPD,HV,1,TX2969,340,2026-08-30T10:38:44Z,2026-08-30T10:38:44Z,0.0
GU3 1JH,SEPD,HV,1,TX2969,340,2026-08-30T10:38:44Z,2026-08-30T10:38:44Z,0.0
GU3 1JJ,SEPD,HV,1,TX2969,340,2026-08-30T10:38:44Z,2026-08-30T10:38:44Z,0.0
GU3 1JL,SEPD,HV,1,TX2969,340,2026-08-30T10:38:44Z,2026-08-30T10:38:44Z,0.0
GU3 1JQ,SEPD,HV,1,TX2969,340,2026-08-30T10:38:44Z,2026-08-30T10:38:44Z,0.0
GU3 1JT,SEPD,HV,1,TX2969,340,2026-08-30T10:38:44Z,2026-08-30T10:38:44Z,0.0
GU31 4AP,SEPD,PSI,1,253835,5,2026-08-28T04:56:18Z,2026-08-28T04:56:18Z,0.0
GU31 4AS,SEPD,PSI,1,253835,5,2026-08-28T04:56:18Z,2026-08-28T04:56:18Z,0.0
GU31 4YS,SEPD,PSI,1,253835,5,2026-08-28T04:56:18Z,2026-08-28T04:56:18Z,0.0
GU35 0BS,SEPD,LV,1,TX3194,28,2026-08-30T15:00:23Z,2026-08-30T15:00:23Z,0.0
GU35 0BT,SEPD,LV,1,TX3194,28,2026-08-30T15:00:23Z,2026-08-30T15:00:23Z,0.0
GU35 0DZ,SEPD,LV,1,TX3194,28,2026-08-30T15:00:23Z,2026-08-30T15:00:23Z,0.0
GU35 0XA,SEPD,LV,1,TX3194,28,2026-08-30T15:00:23Z,2026-08-30T15:00:23Z,0.0
GU35 0XB,SEPD,LV,1,TX3194,28,2026-08-30T15:00:23Z,2026-08-30T15:00:23Z,0.0
GU35 0XD,SEPD,LV,1,TX3194,28,2026-08-30T15:00:23Z,2026-08-30T15:00:23Z,0.0
GU46 6DQ,SEPD,LV,1,TX3390,12,2026-08-30T23:52:33Z,2026-08-30T23:52:33Z,0.0
GU46 6DS,SEPD,LV,1,TX3390,12,2026-08-30T23:52:33Z,2026-08-30T23:52:33Z,0.0
GU51 5ER,SEPD,HV,1,TX5061,42,2026-09-01T11:41:40Z,2026-09-01T11:41:40Z,0.0
GU51 5HZ,SEPD,HV,1,TX5061,42,2026-09-01T11:41:40Z,2026-09-01T11:41:40Z,0.0
GU7 3FG,SEPD,HV,1,TX2969,340,2026-08-30T10:38:44Z,2026-08-30T10:38:44Z,0.0
GU7 3QJ,SEPD,HV,1,TX2969,340,2026-08-30T10:38:44Z,2026-08-30T10:38:44Z,0.0
GU7 3RP,SEPD,HV,1,TX2969,340,2026-08-30T10:38:44Z,2026-08-30T10:38:44Z,0.0
GU7 3RR,SEPD,HV,1,TX2969,340,2026-08-30T10:38:44Z,2026-08-30T10:38:44Z,0.0
GU7 3RS,SEPD,HV,1,TX2969,340,2026-08-30T10:38:44Z,2026-08-30T10:38:44Z,0.0
GU7 3RT,SEPD,HV,1,TX2969,340,2026-08-30T10:38:44Z,2026-08-30T10:38:44Z,0.0
GU7 3RU,SEPD,LV,1,TX2970,26,2026-08-30T10:38:44Z,2026-08-30T10:38:44Z,0.0
GU7 3RW,SEPD,HV,1,TX2969,340,2026-08-30T10:38:44Z,2026-08-30T10:38:44Z,0.0
GU7 3RX,SEPD,LV,1,TX2970,26,2026-08-30T10:38:44Z,2026-08-30T10:38:44Z,0.0
GU7 3RY,SEPD,LV,1,TX2970,26,2026-08-30T10:38:44Z,2026-08-30T10:38:44Z,0.0
GU7 3RZ,SEPD,LV,1,TX2970,26,2026-08-30T10:38:44Z,2026-08-30T10:38:44Z,0.0
GU7 3TB,SEPD,HV,1,TX2969,340,2026-08-30T10:38:44Z,2026-08-30T10:38:44Z,0.0
GU8 6BN,SEPD,PSI,1,253815,162,2026-08-28T17:19:56Z,2026-08-28T17:19:56Z,0.0
GU8 6BZ,SEPD,PSI,1,253815,162,2026-08-28T17:19:56Z,2026-08-28T17:19:56Z,0.0
GU8 6DH,SEPD,PSI,1,253815,162,2026-08-28T17:19:56Z,2026-08-28T17:19:56Z,0.0
GU8 6DJ,SEPD,PSI,1,253815,162,2026-08-28T17:19:56Z,2026-08-28T17:19:56Z,0.0
GU8 6DL,SEPD,PSI,1,253815,162,2026-08-28T17:19:56Z,2026-08-28T17:19:56Z,0.0
GU8 6DP,SEPD,PSI,1,253815,162,2026-08-28T17:19:56Z,2026-08-28T17:19:56Z,0.0
GU8 6DQ,SEPD,PSI,1,253815,162,2026-08-28T17:19:56Z,2026-08-28T17:19:56Z,0.0
GU8 6DR,SEPD,PSI,1,253815,162,2026-08-28T17:19:56Z,2026-08-28T17:19:56Z,0.0
GU8 6DZ,SEPD,PSI,1,253815,162,2026-08-28T17:19:56Z,2026-08-28T17:19:56Z,0.0
GU8 6EN,SEPD,LV,1,TX0621,9,2026-08-28T17:19:56Z,2026-08-28T17:19:56Z,0.0
GU8 6EW,SEPD,LV,1,TX0621,9,2026-08-28T17:19:56Z,2026-08-28T17:19:56Z,0.0
GU8 6LH,SEPD,PSI,1,253815,162,2026-08-28T17:19:56Z,2026-08-28T17:19:56Z,0.0
GU8 6LJ,SEPD,PSI,1,253815,162,2026-08-28T17:19:56Z,2026-08-28T17:19:56Z,0.0
GU8 6LQ,SEPD,PSI,1,253815,162,2026-08-28T17:19:56Z,2026-08-28T17:19:56Z,0.0
HA2 8NR,SEPD,HV,1,TX0314,2631,2026-08-28T04:56:18Z,2026-08-28T04:56:18Z,0.0
HA2 8NS,SEPD,HV,1,TX0314,2631,2026-08-28T04:56:18Z,2026-08-28T04:56:18Z,0.0
HA2 8NT,SEPD,HV,1,TX0314,2631,2026-08-28T04:56:18Z,2026-08-28T04:56:18Z,0.0
HA2 8NU,SEPD,HV,1,TX0314,2631,2026-08-28T04:56:18Z,2026-08-28T04:56:18Z,0.0
HA2 8NX,SEPD,HV,1,TX0314,2631,2026-08-28T04:56:18Z,2026-08-28T04:56:18Z,0.0
HP10 0QD,SEPD,LV,1,TX3335,16,2026-08-30T18:33:54Z,2026-08-30T18:33:54Z,0.0
HP10 0QE,SEPD,LV,1,TX3335,16,2026-08-30T18:33:54Z,2026-08-30T18:33:54Z,0.0
HP13 5TG,SEPD,HV,1,TX2615,61,2026-08-29T19:50:16Z,2026-08-29T19:50:16Z,0.0
HP13 5TT,SEPD,HV,1,TX2615,61,2026-08-29T19:50:16Z,2026-08-29T19:50:16Z,0.0
HP13 5XG,SEPD,LV,1,TX2624,11,2026-08-29T19:50:16Z,2026-08-29T19:50:16Z,0.0
HP13 5XJ,SEPD,HV,1,TX2615,61,2026-08-29T19:50:16Z,2026-08-29T19:50:16Z,0.0
HP13 5XQ,SEPD,LV,1,TX2624,11,2026-08-29T19:50:16Z,2026-08-29T19:50:16Z,0.0
HP13 5YA,SEPD,LV,1,TX2624,11,2026-08-29T19:50:16Z,2026-08-29T19:50:16Z,0.0
HP13 5YN,SEPD,LV,1,TX2624,11,2026-08-29T19:50:16Z,2026-08-29T19:50:16Z,0.0
HP13 5YW,SEPD,LV,1,TX2624,11,2026-08-29T19:50:16Z,2026-08-29T19:50:16Z,0.0
HP9 1EP,SEPD,LV,1,TX5863,5,2026-09-01T18:50:36Z,2026-09-01T18:50:36Z,0.0
HP9 1ES,SEPD,LV,1,TX5863,5,2026-09-01T18:50:36Z,2026-09-01T18:50:36Z,0.0
HS6 5EP,SHEPD,LV,1,TX3479,2,2026-08-30T21:34:26Z,2026-08-30T21:34:26Z,0.0
HS6 5EW,SHEPD,LV,1,TX3479,2,2026-08-30T21:34:26Z,2026-08-30T21:34:26Z,0.0
HS8 5QX,SHEPD,LV,1,TX7129,3,2026-09-02T18:41:07Z,2026-09-02T18:41:07Z,0.0
HS8 5RH,SHEPD,LV,1,TX7129,3,2026-09-02T18:41:07Z,2026-09-02T18:41:07Z,0.0
IV17,SHEPD,HV,1,TX0799,143,2026-08-28T17:19:56Z,2026-08-28T17:19:56Z,0.0
IV17 0AJ,SHEPD,HV,1,TX0799,143,2026-08-28T17:19:56Z,2026-08-28T17:19:56Z,0.0
IV17 0AL,SHEPD,HV,1,TX0799,143,2026-08-28T17:19:56Z,2026-08-28T17:19:56Z,0.0
IV17 0PF,SHEPD,HV,1,TX0799,143,2026-08-28T17:19:56Z,2026-08-28T17:19:56Z,0.0
IV17 0UR,SHEPD,HV,1,TX0799,143,2026-08-28T17:19:56Z,2026-08-28T17:19:56Z,0.0
IV17 0UT,SHEPD,HV,1,TX0799,143,2026-08-28T17:19:56Z,2026-08-28T17:19:56Z,0.0
IV17 0UU,SHEPD,HV,1,TX0799,143,2026-08-28T17:19:56Z,2026-08-28T17:19:56Z,0.0
IV17 0UX,SHEPD,HV,1,TX0799,143,2026-08-28T17:19:56Z,2026-08-28T17:19:56Z,0.0
IV17 0UY,SHEPD,HV,1,TX0799,143,2026-08-28T17:19:56Z,2026-08-28T17:19:56Z,0.0
IV17 0WJ,SHEPD,HV,1,TX0799,143,2026-08-28T17:19:56Z,2026-08-28T17:19:56Z,0.0
IV17 0WN,SHEPD,HV,1,TX0799,143,2026-08-28T17:19:56Z,2026-08-28T17:19:56Z,0.0
IV17 0WP,SHEPD,HV,1,TX0799,143,2026-08-28T17:19:56Z,2026-08-28T17:19:56Z,0.0
IV17 0XB,SHEPD,HV,1,TX0799,143,2026-08-28T17:19:56Z,2026-08-28T17:19:56Z,0.0
IV2,SHEPD,PSI,1,254242,7,2026-08-27T20:44:46Z,2026-08-27T20:44:46Z,0.0
IV2 4XH,SHEPD,PSI,1,254571,39,2026-08-28T17:19:56Z,2026-08-28T17:19:56Z,0.0
IV2 4XJ,SHEPD,PSI,1,254571,39,2026-08-28T17:19:56Z,2026-08-28T17:19:56Z,0.0
IV2 4XQ,SHEPD,PSI,1,254571,39,2026-08-28T17:19:56Z,2026-08-28T17:19:56Z,0.0
IV2 6YA,SHEPD,PSI,1,254242,7,2026-08-27T20:44:46Z,2026-08-27T20:44:46Z,0.0
IV2 6YG,SHEPD,PSI,1,254242,7,2026-08-27T20:44:46Z,2026-08-27T20:44:46Z,0.0
IV27 4EF,SHEPD,PSI,1,253927,13,2026-09-01T11:41:40Z,2026-09-01T11:41:40Z,0.0
IV27 4PZ,SHEPD,LV,1,TX7381,5,2026-09-02T21:20:04Z,2026-09-02T21:20:04Z,0.0
IV30 1JX,SHEPD,PSI,1,254644,3,2026-08-30T15:00:23Z,2026-08-30T15:00:23Z,0.0
IV36,SHEPD,HV,1,TX3791,39,2026-08-31T08:55:44Z,2026-08-31T08:55:44Z,0.0
IV36 2QH,SHEPD,HV,1,TX3791,39,2026-08-31T08:55:44Z,2026-08-31T08:55:44Z,0.0
IV36 2QL,SHEPD,HV,1,TX3791,39,2026-08-31T08:55:44Z,2026-08-31T08:55:44Z,0.0
IV40 8DX,SHEPD,PSI,1,254270,7,2026-08-28T17:19:56Z,2026-08-28T17:19:56Z,0.0
IV40 8HA,SHEPD,PSI,1,254270,7,2026-08-28T17:19:56Z,2026-08-28T17:19:56Z,0.0
IV40 8HB,SHEPD,PSI,1,254270,7,2026-08-28T17:19:56Z,2026-08-28T17:19:56Z,0.0
IV47 8SL,SHEPD,PSI,1,254399,7,2026-09-01T11:41:40Z,2026-09-01T11:41:40Z,0.0
IV47 8SN,SHEPD,PSI,1,254399,7,2026-09-01T11:41:40Z,2026-09-01T11:41:40Z,0.0
KW1 5XR,SHEPD,HV,1,TX0288,93,2026-08-28T04:56:18Z,2026-08-28T04:56:18Z,0.0
KW1 5XS,SHEPD,HV,1,TX0288,93,2026-08-28T04:56:18Z,2026-08-28T04:56:18Z,0.0
KW1 5XU,SHEPD,HV,1,TX0288,93,2026-08-28T04:56:18Z,2026-08-28T04:56:18Z,0.0
KW12 6UJ,SHEPD,HV,1,TX0288,93,2026-08-28T04:56:18Z,2026-08-28T04:56:18Z,0.0
KW12 6UU,SHEPD,HV,1,TX0288,93,2026-08-28T04:56:18Z,2026-08-28T04:56:18Z,0.0
KW12 6XA,SHEPD,HV,1,TX0288,93,2026-08-28T04:56:18Z,2026-08-28T04:56:18Z,0.0
KW14 7EG,SHEPD,HV,1,TX1757,86,2026-08-29T13:24:25Z,2026-08-29T13:24:25Z,0.0
KW14 7QN,SHEPD,HV,1,TX1757,86,2026-08-29T13:24:25Z,2026-08-29T13:24:25Z,0.0
KW14 7QW,SHEPD,HV,1,TX1757,86,2026-08-29T13:24:25Z,2026-08-29T13:24:25Z,0.0
KW14 7QX,SHEPD,HV,1,TX1757,86,2026-08-29T13:24:25Z,2026-08-29T13:24:25Z,0.0
KW14 7SQ,SHEPD,HV,1,TX1757,86,2026-08-29T13:24:25Z,2026-08-29T13:24:25Z,0.0
KW14 7XF,SHEPD,HV,1,TX1757,86,2026-08-29T13:24:25Z,2026-08-29T13:24:25Z,0.0
KW14 7XJ,SHEPD,HV,1,TX1757,86,2026-08-29T13:24:25Z,2026-08-29T13:24:25Z,0.0
KW14 7XQ,SHEPD,HV,1,TX1757,86,2026-08-29T13:24:25Z,2026-08-29T13:24:25Z,0.0
KW14 7XY,SHEPD,HV,1,TX1757,86,2026-08-29T13:24:25Z,2026-08-29T13:24:25Z,0.0
KW14 8AG,SHEPD,LV,1,TX4924,31,2026-09-01T11:41:40Z,2026-09-01T11:41:40Z,0.0
KW14 8AJ,SHEPD,LV,1,TX4924,31,2026-09-01T11:41:40Z,2026-09-01T11:41:40Z,0.0
KW14 8AL,SHEPD,LV,1,TX4924,31,2026-09-01T11:41:40Z,2026-09-01T11:41:40Z,0.0
KW14 8AP,SHEPD,LV,1,TX4924,31,2026-09-01T11:41:40Z,2026-09-01T11:41:40Z,0.0
KW14 8AR,SHEPD,LV,1,TX4924,31,2026-09-01T11:41:40Z,2026-09-01T11:41:40Z,0.0
KW14 8AS,SHEPD,LV,1,TX4924,31,2026-09-01T11:41:40Z,2026-09-01T11:41:40Z,0.0
KW14 8AX,SHEPD,LV,1,TX4924,31,2026-09-01T11:41:40Z,2026-09-01T11:41:40Z,0.0
KW14 8AY,SHEPD,LV,1,TX4924,31,2026-09-01T11:41:40Z,2026-09-01T11:41:40Z,0.0
KW14 8AZ,SHEPD,LV,1,TX4924,31,2026-09-01T11:41:40Z,2026-09-01T11:41:40Z,0.0
KW14 8BN,SHEPD,LV,1,TX4924,31,2026-09-01T11:41:40Z,2026-09-01T11:41:40Z,0.0
KW14 8BP,SHEPD,LV,1,TX4924,31,2026-09-01T11:41:40Z,2026-09-01T11:41:40Z,0.0
KW14 8BS,SHEPD,LV,1,TX4924,31,2026-09-01T11:41:40Z,2026-09-01T11:41:40Z,0.0
KW14 8BT,SHEPD,LV,1,TX4924,31,2026-09-01T11:41:40Z,2026-09-01T11:41:40Z,0.0
KW14 8BW,SHEPD,LV,1,TX4924,31,2026-09-01T11:41:40Z,2026-09-01T11:41:40Z,0.0
KW14 8BZ,SHEPD,LV,1,TX4924,31,2026-09-01T11:41:40Z,2026-09-01T11:41:40Z,0.0
KW14 8XN,SHEPD,LV,1,TX5971,5,2026-09-01T21:28:32Z,2026-09-01T21:28:32Z,0.0
KW9 6LN,SHEPD,PSI,1,254124,58,2026-08-28T17:19:56Z,2026-08-28T17:19:56Z,0.0
KW9 6LP,SHEPD,PSI,1,254124,58,2026-08-28T17:19:56Z,2026-08-28T17:19:56Z,0.0
KW9 6LR,SHEPD,PSI,1,254124,58,2026-08-28T17:19:56Z,2026-08-28T17:19:56Z,0.0
KW9 6LS,SHEPD,PSI,1,254124,58,2026-08-28T17:19:56Z,2026-08-28T17:19:56Z,0.0
KW9 6QJ,SHEPD,PSI,1,254124,58,2026-08-28T17:19:56Z,2026-08-28T17:19:56Z,0.0
KW9 6QN,SHEPD,PSI,1,254124,58,2026-08-28T17:19:56Z,2026-08-28T17:19:56Z,0.0
KW9 6QP,SHEPD,PSI,1,254124,58,2026-08-28T17:19:56Z,2026-08-28T17:19:56Z,0.0
KW9 6QR,SHEPD,PSI,1,254124,58,2026-08-28T17:19:56Z,2026-08-28T17:19:56Z,0.0
KY13 9EY,SHEPD,HV,1,TX5346,30,2026-09-01T15:33:44Z,2026-09-01T15:33:44Z,0.0
KY13 9EZ,SHEPD,HV,1,TX5346,30,2026-09-01T15:33:44Z,2026-09-01T15:33:44Z,0.0
KY13 9GF,SHEPD,HV,1,TX5346,30,2026-09-01T15:33:44Z,2026-09-01T15:33:44Z,0.0
KY13 9GG,SHEPD,HV,1,TX5346,30,2026-09-01T15:33:44Z,2026-09-01T15:33:44Z,0.0
KY13 9HA,SHEPD,HV,1,TX5346,30,2026-09-01T15:33:44Z,2026-09-01T15:33:44Z,0.0
KY13 9HB,SHEPD,HV,1,TX5346,30,2026-09-01T15:33:44Z,2026-09-01T15:33:44Z,0.0
KY13 9SR,SHEPD,HV,1,TX5346,30,2026-09-01T15:33:44Z,2026-09-01T15:33:44Z,0.0
OX1 2AR,SEPD,LV,1,TX4702,4,2026-09-01T11:41:40Z,2026-09-01T11:41:40Z,0.0
OX1 2AS,SEPD,LV,1,TX4702,4,2026-09-01T11:41:40Z,2026-09-01T11:41:40Z,0.0
OX1 2AT,SEPD,LV,1,TX4702,4,2026-09-01T11:41:40Z,2026-09-01T11:41:40Z,0.0
OX1 3DU,SEPD,LV,1,TX2381,8,2026-08-29T17:20:44Z,2026-08-29T17:20:44Z,0.0
OX1 3DY,SEPD,LV,1,TX2381,8,2026-08-29T17:20:44Z,2026-08-29T17:20:44Z,0.0
OX1 3DZ,SEPD,LV,1,TX2381,8,2026-08-29T17:20:44Z,2026-08-29T17:20:44Z,0.0
OX1 3EZ,SEPD,LV,1,TX4702,4,2026-09-01T11:41:40Z,2026-09-01T11:41:40Z,0.0
OX11 0JJ,SEPD,PSI,1,253385,61,2026-09-01T11:41:40Z,2026-09-01T11:41:40Z,0.0
OX11 0JL,SEPD,PSI,1,253385,61,2026-09-01T11:41:40Z,2026-09-01T11:41:40Z,0.0
OX11 0JN,SEPD,PSI,1,253385,61,2026-09-01T11:41:40Z,2026-09-01T11:41:40Z,0.0
OX11 0JP,SEPD,PSI,1,253385,61,2026-09-01T11:41:40Z,2026-09-01T11:41:40Z,0.0
OX11 0JQ,SEPD,PSI,1,253385,61,2026-09-01T11:41:40Z,2026-09-01T11:41:40Z,0.0
OX11 0JR,SEPD,PSI,1,253385,61,2026-09-01T11:41:40Z,2026-09-01T11:41:40Z,0.0
OX11 0JS,SEPD,PSI,1,253385,61,2026-09-01T11:41:40Z,2026-09-01T11:41:40Z,0.0
OX11 0JW,SEPD,PSI,1,253385,61,2026-09-01T11:41:40Z,2026-09-01T11:41:40Z,0.0
OX11 0LX,SEPD,PSI,1,253385,61,2026-09-01T11:41:40Z,2026-09-01T11:41:40Z,0.0
OX11 0PB,SEPD,PSI,1,253385,61,2026-09-01T11:41:40Z,2026-09-01T11:41:40Z,0.0
OX11 8EG,SEPD,PSI,1,254070,11,2026-08-28T17:19:56Z,2026-08-28T17:19:56Z,0.0
OX11 8EP,SEPD,LV,1,TX5682,14,2026-09-01T15:33:44Z,2026-09-01T15:33:44Z,0.0
OX11 8HE,SEPD,PSI,1,254070,11,2026-08-28T17:19:56Z,2026-08-28T17:19:56Z,0.0
OX11 8RN,SEPD,LV,1,TX5682,14,2026-09-01T15:33:44Z,2026-09-01T15:33:44Z,0.0
OX11 8RZ,SEPD,LV,1,TX5682,14,2026-09-01T15:33:44Z,2026-09-01T15:33:44Z,0.0
OX11 8SA,SEPD,LV,1,TX5682,14,2026-09-01T15:33:44Z,2026-09-01T15:33:44Z,0.0
OX17 3AU,SEPD,HV,1,TW9166,12,2026-08-27T20:44:46Z,2026-08-27T20:44:46Z,0.0
OX17 3AY,SEPD,HV,1,TW9166,12,2026-08-27T20:44:46Z,2026-08-27T20:44:46Z,0.0
OX2 9BE,SEPD,LV,1,TX3221,14,2026-08-30T15:00:23Z,2026-08-30T15:00:23Z,0.0
OX2 9BG,SEPD,LV,1,TX3221,14,2026-08-30T15:00:23Z,2026-08-30T15:00:23Z,0.0
OX2 9EH,SEPD,LV,1,TX3221,14,2026-08-30T15:00:23Z,2026-08-30T15:00:23Z,0.0
OX26 6HE,SEPD,HV,1,TX2810,10,2026-08-29T22:02:58Z,2026-08-29T22:02:58Z,0.0
OX29 4AD,SEPD,HV,1,TX4453,103,2026-08-31T21:53:08Z,2026-08-31T21:53:08Z,0.0
OX29 4AZ,SEPD,HV,1,TX4453,103,2026-08-31T21:53:08Z,2026-08-31T21:53:08Z,0.0
OX29 4BP,SEPD,HV,1,TX4453,103,2026-08-31T21:53:08Z,2026-08-31T21:53:08Z,0.0
OX29 4BS,SEPD,HV,1,TX4453,103,2026-08-31T21:53:08Z,2026-08-31T21:53:08Z,0.0
OX29 4BT,SEPD,HV,1,TX4453,103,2026-08-31T21:53:08Z,2026-08-31T21:53:08Z,0.0
OX7 3EG,SEPD,LV,1,TX2339,22,2026-08-29T17:20:44Z,2026-08-29T17:20:44Z,0.0
OX7 3QS,SEPD,LV,1,TX2339,22,2026-08-29T17:20:44Z,2026-08-29T17:20:44Z,0.0
OX7 3SJ,SEPD,LV,1,TX2339,22,2026-08-29T17:20:44Z,2026-08-29T17:20:44Z,0.0
OX7 3SY,SEPD,LV,1,TX2339,22,2026-08-29T17:20:44Z,2026-08-29T17:20:44Z,0.0
OX7 3TB,SEPD,LV,1,TX2339,22,2026-08-29T17:20:44Z,2026-08-29T17:20:44Z,0.0
OX7 3TJ,SEPD,LV,1,TX2339,22,2026-08-29T17:20:44Z,2026-08-29T17:20:44Z,0.0
PA23 8QA,SHEPD,LV,1,TX0479,4,2026-08-28T17:19:56Z,2026-08-28T17:19:56Z,0.0
PA23 8QB,SHEPD,LV,1,TX0479,4,2026-08-28T17:19:56Z,2026-08-28T17:19:56Z,0.0
PA23 8QD,SHEPD,LV,1,TX0479,4,2026-08-28T17:19:56Z,2026-08-28T17:19:56Z,0.0
PA28 6HU,SHEPD,LV,1,TX0330,9,2026-08-28T04:56:18Z,2026-08-28T04:56:18Z,0.0
PA28 6JB,SHEPD,LV,1,TX0330,9,2026-08-28T04:56:18Z,2026-08-28T04:56:18Z,0.0
PA28 6JD,SHEPD,LV,1,TX0330,9,2026-08-28T04:56:18Z,2026-08-28T04:56:18Z,0.0
PA28 6JE,SHEPD,LV,1,TX0330,9,2026-08-28T04:56:18Z,2026-08-28T04:56:18Z,0.0
PA28 6JJ,SHEPD,LV,1,TX0330,9,2026-08-28T04:56:18Z,2026-08-28T04:56:18Z,0.0
PA31 8PT,SHEPD,PSI,1,253705,4,2026-08-27T20:44:46Z,2026-08-27T20:44:46Z,0.0
PA32 8XD,SHEPD,PSI,1,254660,45,2026-08-29T13:24:25Z,2026-08-29T13:24:25Z,0.0
PA32 8XE,SHEPD,PSI,1,254660,45,2026-08-29T13:24:25Z,2026-08-29T13:24:25Z,0.0
PA32 8XG,SHEPD,PSI,1,254660,45,2026-08-29T13:24:25Z,2026-08-29T13:24:25Z,0.0
PA32 8XJ,SHEPD,PSI,1,254660,45,2026-08-29T13:24:25Z,2026-08-29T13:24:25Z,0.0
PA32 8YB,SHEPD,PSI,1,254660,45,2026-08-29T13:24:25Z,2026-08-29T13:24:25Z,0.0
PA48 7UE,SHEPD,PSI,1,253953,6,2026-09-01T11:41:40Z,2026-09-01T11:41:40Z,0.0
PA76 6SP,SHEPD,LV,1,TX6222,4,2026-09-02T05:57:39Z,2026-09-02T05:57:39Z,0.0
PH10 7HQ,SHEPD,PSI,1,253505,6,2026-08-27T20:44:46Z,2026-08-27T20:44:46Z,0.0
PH2 0QG,SHEPD,PSI,1,253566,16,2026-09-01T11:41:40Z,2026-09-01T11:41:40Z,0.0
PH2 0QQ,SHEPD,PSI,1,253566,16,2026-09-01T11:41:40Z,2026-09-01T11:41:40Z,0.0
PH2 6BB,SHEPD,HV,1,TX0601,48,2026-08-28T17:19:56Z,2026-08-28T17:19:56Z,0.0
PH2 6SP,SHEPD,HV,1,TX0601,48,2026-08-28T17:19:56Z,2026-08-28T17:19:56Z,0.0
PH2 6TE,SHEPD,HV,1,TX0601,48,2026-08-28T17:19:56Z,2026-08-28T17:19:56Z,0.0
PH2 6TF,SHEPD,HV,1,TX0601,48,2026-08-28T17:19:56Z,2026-08-28T17:19:56Z,0.0
PH2 7HG,SHEPD,HV,1,TX0601,48,2026-08-28T17:19:56Z,2026-08-28T17:19:56Z,0.0
PH2 7HQ,SHEPD,HV,1,TX0601,48,2026-08-28T17:19:56Z,2026-08-28T17:19:56Z,0.0
PH21 1HE,SHEPD,PSI,1,253573,5,2026-08-28T17:19:56Z,2026-08-28T17:19:56Z,0.0
PH22 1RP,SHEPD,LV,1,TX3139,6,2026-08-30T15:00:23Z,2026-08-30T15:00:23Z,0.0
PH22 1RR,SHEPD,LV,1,TX3139,6,2026-08-30T15:00:23Z,2026-08-30T15:00:23Z,0.0
PH22 1RU,SHEPD,LV,1,TX3139,6,2026-08-30T15:00:23Z,2026-08-30T15:00:23Z,0.0
PH22 1RX,SHEPD,LV,1,TX3139,6,2026-08-30T15:00:23Z,2026-08-30T15:00:23Z,0.0
PH26 3PU,SHEPD,HV,1,TX3791,39,2026-08-31T08:55:44Z,2026-08-31T08:55:44Z,0.0
PH26 3PY,SHEPD,HV,1,TX3791,39,2026-08-31T08:55:44Z,2026-08-31T08:55:44Z,0.0
PH35 4HD,SHEPD,HV,1,TX5036,117,2026-09-01T11:41:40Z,2026-09-01T11:41:40Z,0.0
PH35 4HR,SHEPD,HV,1,TX5036,117,2026-09-01T11:41:40Z,2026-09-01T11:41:40Z,0.0
PH35 4HS,SHEPD,HV,1,TX5036,117,2026-09-01T11:41:40Z,2026-09-01T11:41:40Z,0.0
PO14 1LP,SEPD,LV,1,TX5815,30,2026-09-01T18:50:36Z,2026-09-01T18:50:36Z,0.0
PO14 1LR,SEPD,LV,1,TX5815,30,2026-09-01T18:50:36Z,2026-09-01T18:50:36Z,0.0
PO14 1LT,SEPD,LV,1,TX5815,30,2026-09-01T18:50:36Z,2026-09-01T18:50:36Z,0.0
PO14 1LX,SEPD,LV,1,TX5815,30,2026-09-01T18:50:36Z,2026-09-01T18:50:36Z,0.0
PO14 1QX,SEPD,LV,1,TX5815,30,2026-09-01T18:50:36Z,2026-09-01T18:50:36Z,0.0
PO14 1QY,SEPD,LV,1,TX5815,30,2026-09-01T18:50:36Z,2026-09-01T18:50:36Z,0.0
PO15 5BT,SEPD,HV,1,TX5070,2,2026-09-01T11:41:40Z,2026-09-01T11:41:40Z,0.0
PO15 5BU,SEPD,HV,1,TX5070,2,2026-09-01T11:41:40Z,2026-09-01T11:41:40Z,0.0
PO15 5BX,SEPD,HV,1,TX5070,2,2026-09-01T11:41:40Z,2026-09-01T11:41:40Z,0.0
PO15 5BY,SEPD,HV,1,TX5070,2,2026-09-01T11:41:40Z,2026-09-01T11:41:40Z,0.0
PO15 5HL,SEPD,HV,1,TX5070,2,2026-09-01T11:41:40Z,2026-09-01T11:41:40Z,0.0
PO15 5HR,SEPD,HV,1,TX5070,2,2026-09-01T11:41:40Z,2026-09-01T11:41:40Z,0.0
PO15 5HT,SEPD,HV,1,TX5070,2,2026-09-01T11:41:40Z,2026-09-01T11:41:40Z,0.0
PO15 5HU,SEPD,HV,1,TX5070,2,2026-09-01T11:41:40Z,2026-09-01T11:41:40Z,0.0
PO15 5HW,SEPD,HV,1,TX5070,2,2026-09-01T11:41:40Z,2026-09-01T11:41:40Z,0.0
PO15 5HX,SEPD,HV,1,TX5070,2,2026-09-01T11:41:40Z,2026-09-01T11:41:40Z,0.0
PO15 5HY,SEPD,HV,1,TX5070,2,2026-09-01T11:41:40Z,2026-09-01T11:41:40Z,0.0
PO15 5HZ,SEPD,HV,1,TX5070,2,2026-09-01T11:41:40Z,2026-09-01T11:41:40Z,0.0
PO15 5JA,SEPD,HV,1,TX5070,2,2026-09-01T11:41:40Z,2026-09-01T11:41:40Z,0.0
PO15 5PB,SEPD,HV,1,TX5070,2,2026-09-01T11:41:40Z,2026-09-01T11:41:40Z,0.0
PO15 5PD,SEPD,HV,1,TX5070,2,2026-09-01T11:41:40Z,2026-09-01T11:41:40Z,0.0
PO15 5PN,SEPD,HV,1,TX5070,2,2026-09-01T11:41:40Z,2026-09-01T11:41:40Z,0.0
PO15 5PR,SEPD,HV,1,TX5070,2,2026-09-01T11:41:40Z,2026-09-01T11:41:40Z,0.0
PO15 5PS,SEPD,HV,1,TX5070,2,2026-09-01T11:41:40Z,2026-09-01T11:41:40Z,0.0
PO15 5PU,SEPD,HV,1,TX5070,2,2026-09-01T11:41:40Z,2026-09-01T11:41:40Z,0.0
PO15 5PW,SEPD,HV,1,TX5070,2,2026-09-01T11:41:40Z,2026-09-01T11:41:40Z,0.0
PO15 6FG,SEPD,HV,1,TX5070,2,2026-09-01T11:41:40Z,2026-09-01T11:41:40Z,0.0
PO15 6JL,SEPD,HV,1,TX5070,2,2026-09-01T11:41:40Z,2026-09-01T11:41:40Z,0.0
PO15 6LL,SEPD,HV,1,TX5070,2,2026-09-01T11:41:40Z,2026-09-01T11:41:40Z,0.0
PO15 6NA,SEPD,HV,1,TX5070,2,2026-09-01T11:41:40Z,2026-09-01T11:41:40Z,0.0
PO15 6NB,SEPD,HV,1,TX5070,2,2026-09-01T11:41:40Z,2026-09-01T11:41:40Z,0.0
PO15 6NJ,SEPD,HV,1,TX5070,2,2026-09-01T11:41:40Z,2026-09-01T11:41:40Z,0.0
PO15 6NL,SEPD,HV,1,TX5070,2,2026-09-01T11:41:40Z,2026-09-01T11:41:40Z,0.0
PO15 6NN,SEPD,HV,1,TX5070,2,2026-09-01T11:41:40Z,2026-09-01T11:41:40Z,0.0
PO15 6NP,SEPD,HV,1,TX5070,2,2026-09-01T11:41:40Z,2026-09-01T11:41:40Z,0.0
PO15 6NW,SEPD,HV,1,TX5070,2,2026-09-01T11:41:40Z,2026-09-01T11:41:40Z,0.0
PO15 6PD,SEPD,HV,1,TX5070,2,2026-09-01T11:41:40Z,2026-09-01T11:41:40Z,0.0
PO15 6PE,SEPD,HV,1,TX5070,2,2026-09-01T11:41:40Z,2026-09-01T11:41:40Z,0.0
PO15 6PF,SEPD,HV,1,TX5070,2,2026-09-01T11:41:40Z,2026-09-01T11:41:40Z,0.0
PO15 6QD,SEPD,HV,1,TX5070,2,2026-09-01T11:41:40Z,2026-09-01T11:41:40Z,0.0
PO15 6QF,SEPD,HV,1,TX5070,2,2026-09-01T11:41:40Z,2026-09-01T11:41:40Z,0.0
PO15 6QG,SEPD,HV,1,TX5070,2,2026-09-01T11:41:40Z,2026-09-01T11:41:40Z,0.0
PO15 6QH,SEPD,HV,1,TX5070,2,2026-09-01T11:41:40Z,2026-09-01T11:41:40Z,0.0
PO15 6QN,SEPD,HV,1,TX5070,2,2026-09-01T11:41:40Z,2026-09-01T11:41:40Z,0.0
PO15 6QP,SEPD,HV,1,TX5070,2,2026-09-01T11:41:40Z,2026-09-01T11:41:40Z,0.0
PO15 6QQ,SEPD,HV,1,TX5070,2,2026-09-01T11:41:40Z,2026-09-01T11:41:40Z,0.0
PO15 6QU,SEPD,HV,1,TX5070,2,2026-09-01T11:41:40Z,2026-09-01T11:41:40Z,0.0
PO15 6QW,SEPD,HV,1,TX5070,2,2026-09-01T11:41:40Z,2026-09-01T11:41:40Z,0.0
PO15 6SE,SEPD,HV,1,TX5070,2,2026-09-01T11:41:40Z,2026-09-01T11:41:40Z,0.0
PO15 6SF,SEPD,HV,1,TX5070,2,2026-09-01T11:41:40Z,2026-09-01T11:41:40Z,0.0
PO15 6SG,SEPD,HV,1,TX5070,2,2026-09-01T11:41:40Z,2026-09-01T11:41:40Z,0.0
PO15 6SH,SEPD,HV,1,TX5070,2,2026-09-01T11:41:40Z,2026-09-01T11:41:40Z,0.0
PO15 6SJ,SEPD,HV,1,TX5070,2,2026-09-01T11:41:40Z,2026-09-01T11:41:40Z,0.0
PO15 6SL,SEPD,HV,1,TX5070,2,2026-09-01T11:41:40Z,2026-09-01T11:41:40Z,0.0
PO15 6SN,SEPD,HV,1,TX5070,2,2026-09-01T11:41:40Z,2026-09-01T11:41:40Z,0.0
PO15 6SP,SEPD,HV,1,TX5070,2,2026-09-01T11:41:40Z,2026-09-01T11:41:40Z,0.0
PO15 6SQ,SEPD,HV,1,TX5070,2,2026-09-01T11:41:40Z,2026-09-01T11:41:40Z,0.0
PO15 6SR,SEPD,HV,1,TX5070,2,2026-09-01T11:41:40Z,2026-09-01T11:41:40Z,0.0
PO15 6SS,SEPD,HV,1,TX5070,2,2026-09-01T11:41:40Z,2026-09-01T11:41:40Z,0.0
PO15 6ST,SEPD,HV,1,TX5070,2,2026-09-01T11:41:40Z,2026-09-01T11:41:40Z,0.0
PO15 6SU,SEPD,HV,1,TX5070,2,2026-09-01T11:41:40Z,2026-09-01T11:41:40Z,0.0
PO15 6SW,SEPD,HV,1,TX5070,2,2026-09-01T11:41:40Z,2026-09-01T11:41:40Z,0.0
PO15 6TB,SEPD,HV,1,TX5070,2,2026-09-01T11:41:40Z,2026-09-01T11:41:40Z,0.0
PO30 5TY,SEPD,PSI,1,253753,35,2026-08-28T17:19:56Z,2026-08-28T17:19:56Z,0.0
PO30 5TZ,SEPD,PSI,1,253753,35,2026-08-28T17:19:56Z,2026-08-28T17:19:56Z,0.0
PO34 5DD,SEPD,LV,1,TW8545,4,2026-08-27T00:39:45Z,2026-08-27T00:39:45Z,0.0
PO38 1BT,SEPD,LV,1,TX5574,21,2026-09-01T15:33:44Z,2026-09-01T15:33:44Z,0.0
PO38 1BU,SEPD,LV,1,TX5574,21,2026-09-01T15:33:44Z,2026-09-01T15:33:44Z,0.0
PO38 1BX,SEPD,LV,1,TX5574,21,2026-09-01T15:33:44Z,2026-09-01T15:33:44Z,0.0
PO38 1BY,SEPD,LV,1,TX5574,21,2026-09-01T15:33:44Z,2026-09-01T15:33:44Z,0.0
PO38 1BZ,SEPD,LV,1,TX5574,21,2026-09-01T15:33:44Z,2026-09-01T15:33:44Z,0.0
PO38 1TB,SEPD,LV,1,TX5574,21,2026-09-01T15:33:44Z,2026-09-01T15:33:44Z,0.0
PO6 1ES,SEPD,LV,1,TW8886,8,2026-08-27T20:44:46Z,2026-08-27T20:44:46Z,0.0
PO7 5RZ,SEPD,PSI,1,254229,7,2026-09-01T11:41:40Z,2026-09-01T11:41:40Z,0.0
PO7 5SA,SEPD,PSI,1,254229,7,2026-09-01T11:41:40Z,2026-09-01T11:41:40Z,0.0
PO7 5SG,SEPD,PSI,1,254229,7,2026-09-01T11:41:40Z,2026-09-01T11:41:40Z,0.0
PO7 5SL,SEPD,PSI,1,254229,7,2026-09-01T11:41:40Z,2026-09-01T11:41:40Z,0.0
PO8 8EZ,SEPD,LV,1,TX2111,15,2026-08-29T17:20:44Z,2026-08-29T17:20:44Z,0.0
PO8 8HB,SEPD,LV,1,TX2111,15,2026-08-29T17:20:44Z,2026-08-29T17:20:44Z,0.0
PO8 9DG,SEPD,LV,1,TX2111,15,2026-08-29T17:20:44Z,2026-08-29T17:20:44Z,0.0
PO8 9DQ,SEPD,LV,1,TX2111,15,2026-08-29T17:20:44Z,2026-08-29T17:20:44Z,0.0
RG10 0EQ,SEPD,LV,1,TX3615,23,2026-08-30T23:52:33Z,2026-08-30T23:52:33Z,0.0
RG10 0RZ,SEPD,LV,1,TX3615,23,2026-08-30T23:52:33Z,2026-08-30T23:52:33Z,0.0
RG10 0SD,SEPD,LV,1,TX3615,23,2026-08-30T23:52:33Z,2026-08-30T23:52:33Z,0.0
RG10 0SE,SEPD,LV,1,TX3615,23,2026-08-30T23:52:33Z,2026-08-30T23:52:33Z,0.0
RG10 0SF,SEPD,LV,1,TX3615,23,2026-08-30T23:52:33Z,2026-08-30T23:52:33Z,0.0
RG10 0SG,SEPD,LV,1,TX3615,23,2026-08-30T23:52:33Z,2026-08-30T23:52:33Z,0.0
RG14 7AU,SEPD,LV,1,TW8647,15,2026-08-27T10:33:18Z,2026-08-27T10:33:18Z,0.0
RG14 7AX,SEPD,LV,1,TW8647,15,2026-08-27T10:33:18Z,2026-08-27T10:33:18Z,0.0
RG14 7EE,SEPD,LV,1,TW8647,15,2026-08-27T10:33:18Z,2026-08-27T10:33:18Z,0.0
RG14 7EF,SEPD,LV,1,TW8647,15,2026-08-27T10:33:18Z,2026-08-27T10:33:18Z,0.0
RG14 7EG,SEPD,LV,1,TW8647,15,2026-08-27T10:33:18Z,2026-08-27T10:33:18Z,0.0
RG17 7TD,SEPD,HV,1,TW8801,3,2026-08-27T20:44:46Z,2026-08-27T20:44:46Z,0.0
RG17 7TJ,SEPD,HV,1,TX2727,4,2026-08-29T22:02:58Z,2026-08-29T22:02:58Z,0.0
RG17 7TR,SEPD,HV,1,TX2727,4,2026-08-29T22:02:58Z,2026-08-29T22:02:58Z,0.0
RG2 0RP,SEPD,LV,1,TX4441,3,2026-08-31T21:53:08Z,2026-08-31T21:53:08Z,0.0
RG2 0SF,SEPD,LV,1,TX4441,3,2026-08-31T21:53:08Z,2026-08-31T21:53:08Z,0.0
RG20 9PA,SEPD,LV,1,TX2672,29,2026-08-30T15:00:23Z,2026-08-30T15:00:23Z,0.0
RG20 9PD,SEPD,LV,1,TX2672,29,2026-08-30T15:00:23Z,2026-08-30T15:00:23Z,0.0
RG20 9PE,SEPD,LV,1,TX2672,29,2026-08-30T15:00:23Z,2026-08-30T15:00:23Z,0.0
RG20 9PF,SEPD,LV,1,TX2672,29,2026-08-30T15:00:23Z,2026-08-30T15:00:23Z,0.0
RG20 9PH,SEPD,LV,1,TX2672,29,2026-08-30T15:00:23Z,2026-08-30T15:00:23Z,0.0
RG20 9PL,SEPD,LV,1,TX2672,29,2026-08-30T15:00:23Z,2026-08-30T15:00:23Z,0.0
RG20 9PP,SEPD,LV,1,TX2672,29,2026-08-30T15:00:23Z,2026-08-30T15:00:23Z,0.0
RG20 9PQ,SEPD,LV,1,TX2672,29,2026-08-30T15:00:23Z,2026-08-30T15:00:23Z,0.0
RG20 9PW,SEPD,LV,1,TX2672,29,2026-08-30T15:00:23Z,2026-08-30T15:00:23Z,0.0
RG20 9PY,SEPD,LV,1,TX2672,29,2026-08-30T15:00:23Z,2026-08-30T15:00:23Z,0.0
RG20 9PZ,SEPD,LV,1,TX2672,29,2026-08-30T15:00:23Z,2026-08-30T15:00:23Z,0.0
RG20 9QS,SEPD,LV,1,TX2672,29,2026-08-30T15:00:23Z,2026-08-30T15:00:23Z,0.0
RG20 9QU,SEPD,LV,1,TX2672,29,2026-08-30T15:00:23Z,2026-08-30T15:00:23Z,0.0
RG20 9RE,SEPD,LV,1,TX2672,29,2026-08-30T15:00:23Z,2026-08-30T15:00:23Z,0.0
RG20 9RG,SEPD,LV,1,TX2672,29,2026-08-30T15:00:23Z,2026-08-30T15:00:23Z,0.0
RG20 9RX,SEPD,LV,1,TX2672,29,2026-08-30T15:00:23Z,2026-08-30T15:00:23Z,0.0
RG20 9RY,SEPD,LV,1,TX2672,29,2026-08-30T15:00:23Z,2026-08-30T15:00:23Z,0.0
RG20 9SG,SEPD,LV,1,TW3411,13,2026-08-27T10:33:18Z,2026-08-27T10:33:18Z,0.0
RG20 9SJ,SEPD,LV,1,TW3411,13,2026-08-27T10:33:18Z,2026-08-27T10:33:18Z,0.0
RG20 9SL,SEPD,LV,1,TW3411,13,2026-08-27T10:33:18Z,2026-08-27T10:33:18Z,0.0
RG20 9SQ,SEPD,LV,1,TW3411,13,2026-08-27T10:33:18Z,2026-08-27T10:33:18Z,0.0
RG20 9ST,SEPD,LV,1,TW3411,13,2026-08-27T10:33:18Z,2026-08-27T10:33:18Z,0.0
RG27 0BH,SEPD,PSI,1,253389,34,2026-08-29T13:24:25Z,2026-08-29T13:24:25Z,0.0
RG27 0BQ,SEPD,PSI,1,253389,34,2026-08-29T13:24:25Z,2026-08-29T13:24:25Z,0.0
RG27 9AY,SEPD,PSI,1,253389,34,2026-08-29T13:24:25Z,2026-08-29T13:24:25Z,0.0
RG27 9BB,SEPD,PSI,1,253389,34,2026-08-29T13:24:25Z,2026-08-29T13:24:25Z,0.0
RG27 9BH,SEPD,PSI,1,253389,34,2026-08-29T13:24:25Z,2026-08-29T13:24:25Z,0.0
RG31 6FA,SEPD,LV,1,TX3250,56,2026-08-30T15:00:23Z,2026-08-30T15:00:23Z,0.0
RG31 6FD,SEPD,LV,1,TX3250,56,2026-08-30T15:00:23Z,2026-08-30T15:00:23Z,0.0
RG31 6FR,SEPD,LV,1,TX3250,56,2026-08-30T15:00:23Z,2026-08-30T15:00:23Z,0.0
RG31 6FX,SEPD,LV,1,TX3250,56,2026-08-30T15:00:23Z,2026-08-30T15:00:23Z,0.0
RG31 6FY,SEPD,LV,1,TX3250,56,2026-08-30T15:00:23Z,2026-08-30T15:00:23Z,0.0
RG31 6GB,SEPD,LV,1,TX3250,56,2026-08-30T15:00:23Z,2026-08-30T15:00:23Z,0.0
RG31 6GE,SEPD,LV,1,TX3250,56,2026-08-30T15:00:23Z,2026-08-30T15:00:23Z,0.0
RG31 6GG,SEPD,LV,1,TX3250,56,2026-08-30T15:00:23Z,2026-08-30T15:00:23Z,0.0
RG31 6GQ,SEPD,LV,1,TX3250,56,2026-08-30T15:00:23Z,2026-08-30T15:00:23Z,0.0
RG31 7EA,SEPD,LV,1,TX2912,18,2026-08-30T10:38:44Z,2026-08-30T10:38:44Z,0.0
RG40 3HG,SEPD,PSI,1,254467,4,2026-09-02T05:57:39Z,2026-09-02T05:57:39Z,0.0
RG40 4PJ,SEPD,LV,1,TX2845,8,2026-08-30T18:33:54Z,2026-08-30T18:33:54Z,0.0
RG41 2QD,SEPD,LV,1,TX2740,18,2026-08-29T22:02:58Z,2026-08-29T22:02:58Z,0.0
RG41 2QU,SEPD,LV,1,TX2740,18,2026-08-29T22:02:58Z,2026-08-29T22:02:58Z,0.0
RG41 2RA,SEPD,LV,1,TX2740,18,2026-08-29T22:02:58Z,2026-08-29T22:02:58Z,0.0
RG41 2RD,SEPD,LV,1,TX2740,18,2026-08-29T22:02:58Z,2026-08-29T22:02:58Z,0.0
RG41 2RG,SEPD,LV,1,TX2740,18,2026-08-29T22:02:58Z,2026-08-29T22:02:58Z,0.0
RG41 3TP,SEPD,LV,1,TX7102,26,2026-09-02T21:20:04Z,2026-09-02T21:20:04Z,0.0
RG41 3UB,SEPD,LV,1,TX7102,26,2026-09-02T21:20:04Z,2026-09-02T21:20:04Z,0.0
RG41 4DQ,SEPD,LV,1,TX2845,8,2026-08-30T18:33:54Z,2026-08-30T18:33:54Z,0.0
RG41 4TG,SEPD,LV,1,TX2845,8,2026-08-30T18:33:54Z,2026-08-30T18:33:54Z,0.0
RG41 4TL,SEPD,LV,1,TX2845,8,2026-08-30T18:33:54Z,2026-08-30T18:33:54Z,0.0
RG5 4PN,SEPD,LV,1,TX2893,16,2026-08-30T10:38:44Z,2026-08-30T10:38:44Z,0.0
RG5 4QT,SEPD,LV,1,TX2893,16,2026-08-30T10:38:44Z,2026-08-30T10:38:44Z,0.0
RG5 4RE,SEPD,LV,1,TX2893,16,2026-08-30T10:38:44Z,2026-08-30T10:38:44Z,0.0
RG5 4RP,SEPD,LV,1,TX2893,16,2026-08-30T10:38:44Z,2026-08-30T10:38:44Z,0.0
RG5 4RR,SEPD,LV,1,TX2893,16,2026-08-30T10:38:44Z,2026-08-30T10:38:44Z,0.0
RG5 4TG,SEPD,LV,1,TX2893,16,2026-08-30T10:38:44Z,2026-08-30T10:38:44Z,0.0
RG6 4HN,SEPD,LV,1,TX0235,17,2026-08-28T04:56:18Z,2026-08-28T04:56:18Z,0.0
RG6 4HQ,SEPD,LV,1,TX0235,17,2026-08-28T04:56:18Z,2026-08-28T04:56:18Z,0.0
RG6 5GN,SEPD,LV,1,TX0235,17,2026-08-28T04:56:18Z,2026-08-28T04:56:18Z,0.0
RG6 5GR,SEPD,LV,1,TX0235,17,2026-08-28T04:56:18Z,2026-08-28T04:56:18Z,0.0
RG6 5YG,SEPD,LV,1,TX0235,17,2026-08-28T04:56:18Z,2026-08-28T04:56:18Z,0.0
RG6 5YQ,SEPD,LV,1,TX0235,17,2026-08-28T04:56:18Z,2026-08-28T04:56:18Z,0.0
RG8 7AG,SEPD,PSI,1,253668,19,2026-08-28T04:56:18Z,2026-08-28T04:56:18Z,0.0
RG8 7AH,SEPD,PSI,1,253668,19,2026-08-28T04:56:18Z,2026-08-28T04:56:18Z,0.0
RG8 7AQ,SEPD,PSI,1,253668,19,2026-08-28T04:56:18Z,2026-08-28T04:56:18Z,0.0
RG8 7LP,SEPD,PSI,1,253668,19,2026-08-28T04:56:18Z,2026-08-28T04:56:18Z,0.0
RG8 9AP,SEPD,LV,1,TU6038,7,2026-09-01T00:56:36Z,2026-09-01T00:56:36Z,0.0
RG8 9AR,SEPD,LV,1,TU6038,7,2026-09-01T00:56:36Z,2026-09-01T00:56:36Z,0.0
RG8 9AT,SEPD,LV,1,TU6038,7,2026-09-01T00:56:36Z,2026-09-01T00:56:36Z,0.0
RG8 9AU,SEPD,LV,1,TU6038,7,2026-09-01T00:56:36Z,2026-09-01T00:56:36Z,0.0
RG8 9AW,SEPD,LV,1,TU6038,7,2026-09-01T00:56:36Z,2026-09-01T00:56:36Z,0.0
RG8 9DP,SEPD,LV,1,TU6038,7,2026-09-01T00:56:36Z,2026-09-01T00:56:36Z,0.0
RG9 4BN,SEPD,LV,1,TW9446,5,2026-08-28T04:56:18Z,2026-08-28T04:56:18Z,0.0
RG9 4BS,SEPD,LV,1,TW9446,5,2026-08-28T04:56:18Z,2026-08-28T04:56:18Z,0.0
RG9 4BT,SEPD,LV,1,TW9446,5,2026-08-28T04:56:18Z,2026-08-28T04:56:18Z,0.0
RG9 4BU,SEPD,LV,1,TW9446,5,2026-08-28T04:56:18Z,2026-08-28T04:56:18Z,0.0
RG9 4BW,SEPD,LV,1,TW9446,5,2026-08-28T04:56:18Z,2026-08-28T04:56:18Z,0.0
RG9 6LT,SEPD,LV,1,TX2167,7,2026-08-29T17:20:44Z,2026-08-29T17:20:44Z,0.0
RG9 6LZ,SEPD,LV,1,TX2167,7,2026-08-29T17:20:44Z,2026-08-29T17:20:44Z,0.0
RG9 6NF,SEPD,LV,1,TX2167,7,2026-08-29T17:20:44Z,2026-08-29T17:20:44Z,0.0
RG9 6NG,SEPD,LV,1,TX2167,7,2026-08-29T17:20:44Z,2026-08-29T17:20:44Z,0.0
RG9 6NQ,SEPD,LV,1,TX2167,7,2026-08-29T17:20:44Z,2026-08-29T17:20:44Z,0.0
RH13 0JX,SEPD,LV,1,TX3519,9,2026-08-30T21:34:26Z,2026-08-30T21:34:26Z,0.0
RH13 0PW,SEPD,LV,1,TX3519,9,2026-08-30T21:34:26Z,2026-08-30T21:34:26Z,0.0
RH13 0QH,SEPD,LV,1,TX3519,9,2026-08-30T21:34:26Z,2026-08-30T21:34:26Z,0.0
RH13 0SY,SEPD,LV,1,TX3519,9,2026-08-30T21:34:26Z,2026-08-30T21:34:26Z,0.0
RH14 0BH,SEPD,LV,1,TX5963,13,2026-09-02T01:19:47Z,2026-09-02T01:19:47Z,0.0
RH14 0BJ,SEPD,LV,1,TX5963,13,2026-09-02T01:19:47Z,2026-09-02T01:19:47Z,0.0
RH14 0BL,SEPD,LV,1,TX5963,13,2026-09-02T01:19:47Z,2026-09-02T01:19:47Z,0.0
RH14 0BN,SEPD,LV,1,TX5963,13,2026-09-02T01:19:47Z,2026-09-02T01:19:47Z,0.0
RH14 0DR,SEPD,LV,1,TX5963,13,2026-09-02T01:19:47Z,2026-09-02T01:19:47Z,0.0
RH14 0DW,SEPD,LV,1,TX5963,13,2026-09-02T01:19:47Z,2026-09-02T01:19:47Z,0.0
SL0 9LJ,SEPD,HV,1,TX0224,35,2026-08-28T04:56:18Z,2026-08-28T04:56:18Z,0.0
SL0 9LL,SEPD,HV,1,TX0224,35,2026-08-28T04:56:18Z,2026-08-28T04:56:18Z,0.0
SL1 2FY,SEPD,PSI,1,254521,28,2026-08-28T04:56:18Z,2026-08-28T04:56:18Z,0.0
SL1 2RU,SEPD,PSI,1,254521,28,2026-08-28T04:56:18Z,2026-08-28T04:56:18Z,0.0
SL1 2ST,SEPD,PSI,1,254521,28,2026-08-28T04:56:18Z,2026-08-28T04:56:18Z,0.0
SL3 9BN,SEPD,LV,1,TW0413,30,2026-09-01T15:33:44Z,2026-09-01T15:33:44Z,0.0
SL3 9BP,SEPD,LV,1,TW0413,30,2026-09-01T15:33:44Z,2026-09-01T15:33:44Z,0.0
SL3 9BR,SEPD,LV,1,TW0413,30,2026-09-01T15:33:44Z,2026-09-01T15:33:44Z,0.0
SL3 9BS,SEPD,LV,1,TW0413,30,2026-09-01T15:33:44Z,2026-09-01T15:33:44Z,0.0
SL3 9BT,SEPD,LV,1,TW0413,30,2026-09-01T15:33:44Z,2026-09-01T15:33:44Z,0.0
SL3 9BU,SEPD,LV,1,TW0413,30,2026-09-01T15:33:44Z,2026-09-01T15:33:44Z,0.0
SL3 9BX,SEPD,LV,1,TW0413,30,2026-09-01T15:33:44Z,2026-09-01T15:33:44Z,0.0
SL3 9DH,SEPD,LV,1,TW0413,30,2026-09-01T15:33:44Z,2026-09-01T15:33:44Z,0.0
SL3 9DQ,SEPD,LV,1,TW0413,30,2026-09-01T15:33:44Z,2026-09-01T15:33:44Z,0.0
SL3 9EQ,SEPD,LV,1,TW0413,30,2026-09-01T15:33:44Z,2026-09-01T15:33:44Z,0.0
SL4 2JQ,SEPD,LV,1,TW0413,30,2026-09-01T15:33:44Z,2026-09-01T15:33:44Z,0.0
SL5 9NA,SEPD,PSI,1,254337,11,2026-08-27T20:44:46Z,2026-08-27T20:44:46Z,0.0
SL5 9PE,SEPD,PSI,1,254337,11,2026-08-27T20:44:46Z,2026-08-27T20:44:46Z,0.0
SL5 9PF,SEPD,PSI,1,254337,11,2026-08-27T20:44:46Z,2026-08-27T20:44:46Z,0.0
SL5 9PG,SEPD,PSI,1,254337,11,2026-08-27T20:44:46Z,2026-08-27T20:44:46Z,0.0
SL6 0AE,SEPD,LV,1,TX6066,50,2026-09-01T23:31:36Z,2026-09-01T23:31:36Z,0.0
SL6 1AN,SEPD,LV,1,TX6066,50,2026-09-01T23:31:36Z,2026-09-01T23:31:36Z,0.0
SL6 1TD,SEPD,LV,1,TX6066,50,2026-09-01T23:31:36Z,2026-09-01T23:31:36Z,0.0
SL6 1TE,SEPD,LV,1,TX6066,50,2026-09-01T23:31:36Z,2026-09-01T23:31:36Z,0.0
SL6 1TF,SEPD,LV,1,TX6066,50,2026-09-01T23:31:36Z,2026-09-01T23:31:36Z,0.0
SL6 1TG,SEPD,LV,1,TX6066,50,2026-09-01T23:31:36Z,2026-09-01T23:31:36Z,0.0
SL6 1TH,SEPD,LV,1,TX6066,50,2026-09-01T23:31:36Z,2026-09-01T23:31:36Z,0.0
SL6 1TQ,SEPD,LV,1,TX6066,50,2026-09-01T23:31:36Z,2026-09-01T23:31:36Z,0.0
SL6 1TW,SEPD,LV,1,TX6066,50,2026-09-01T23:31:36Z,2026-09-01T23:31:36Z,0.0
SL6 2AL,SEPD,HV,1,TX6071,1998,2026-09-01T23:31:36Z,2026-09-01T23:31:36Z,0.0
SL6 2AN,SEPD,HV,1,TX6071,1998,2026-09-01T23:31:36Z,2026-09-01T23:31:36Z,0.0
SL6 2AR,SEPD,HV,1,TX6071,1998,2026-09-01T23:31:36Z,2026-09-01T23:31:36Z,0.0
SL6 2AW,SEPD,HV,1,TX6071,1998,2026-09-01T23:31:36Z,2026-09-01T23:31:36Z,0.0
SL6 2BA,SEPD,HV,1,TX6071,1998,2026-09-01T23:31:36Z,2026-09-01T23:31:36Z,0.0
SL6 2BB,SEPD,HV,1,TX6071,1998,2026-09-01T23:31:36Z,2026-09-01T23:31:36Z,0.0
SL6 2BD,SEPD,HV,1,TX6071,1998,2026-09-01T23:31:36Z,2026-09-01T23:31:36Z,0.0
SL6 2BE,SEPD,HV,1,TX6071,1998,2026-09-01T23:31:36Z,2026-09-01T23:31:36Z,0.0
SL6 2BH,SEPD,HV,1,TX6071,1998,2026-09-01T23:31:36Z,2026-09-01T23:31:36Z,0.0
SL6 2BJ,SEPD,HV,1,TX6071,1998,2026-09-01T23:31:36Z,2026-09-01T23:31:36Z,0.0
SL6 2BL,SEPD,HV,1,TX6071,1998,2026-09-01T23:31:36Z,2026-09-01T23:31:36Z,0.0
SL6 2BN,SEPD,HV,1,TX6071,1998,2026-09-01T23:31:36Z,2026-09-01T23:31:36Z,0.0
SL6 2BP,SEPD,HV,1,TX6071,1998,2026-09-01T23:31:36Z,2026-09-01T23:31:36Z,0.0
SL6 2BQ,SEPD,HV,1,TX6071,1998,2026-09-01T23:31:36Z,2026-09-01T23:31:36Z,0.0
SL6 2BS,SEPD,HV,1,TX6071,1998,2026-09-01T23:31:36Z,2026-09-01T23:31:36Z,0.0
SL6 2BW,SEPD,HV,1,TX6071,1998,2026-09-01T23:31:36Z,2026-09-01T23:31:36Z,0.0
SL6 2DB,SEPD,HV,1,TX6071,1998,2026-09-01T23:31:36Z,2026-09-01T23:31:36Z,0.0
SL6 2DH,SEPD,HV,1,TX6071,1998,2026-09-01T23:31:36Z,2026-09-01T23:31:36Z,0.0
SL6 2EH,SEPD,HV,1,TX6071,1998,2026-09-01T23:31:36Z,2026-09-01T23:31:36Z,0.0
SL6 2EY,SEPD,HV,1,TX6071,1998,2026-09-01T23:31:36Z,2026-09-01T23:31:36Z,0.0
SL6 2EZ,SEPD,HV,1,TX6071,1998,2026-09-01T23:31:36Z,2026-09-01T23:31:36Z,0.0
SL6 2HA,SEPD,HV,1,TX6071,1998,2026-09-01T23:31:36Z,2026-09-01T23:31:36Z,0.0
SL6 2HB,SEPD,HV,1,TX6071,1998,2026-09-01T23:31:36Z,2026-09-01T23:31:36Z,0.0
SL6 2HD,SEPD,HV,1,TX6071,1998,2026-09-01T23:31:36Z,2026-09-01T23:31:36Z,0.0
SL6 2HE,SEPD,HV,1,TX6071,1998,2026-09-01T23:31:36Z,2026-09-01T23:31:36Z,0.0
SL6 2HF,SEPD,HV,1,TX6071,1998,2026-09-01T23:31:36Z,2026-09-01T23:31:36Z,0.0
SL6 2HG,SEPD,HV,1,TX6071,1998,2026-09-01T23:31:36Z,2026-09-01T23:31:36Z,0.0
SL6 2HH,SEPD,HV,1,TX6071,1998,2026-09-01T23:31:36Z,2026-09-01T23:31:36Z,0.0
SL6 2HJ,SEPD,HV,1,TX6071,1998,2026-09-01T23:31:36Z,2026-09-01T23:31:36Z,0.0
SL6 2HL,SEPD,HV,1,TX6071,1998,2026-09-01T23:31:36Z,2026-09-01T23:31:36Z,0.0
SL6 2HN,SEPD,HV,1,TX6071,1998,2026-09-01T23:31:36Z,2026-09-01T23:31:36Z,0.0
SL6 2HQ,SEPD,HV,1,TX6071,1998,2026-09-01T23:31:36Z,2026-09-01T23:31:36Z,0.0
SL6 2HW,SEPD,HV,1,TX6071,1998,2026-09-01T23:31:36Z,2026-09-01T23:31:36Z,0.0
SL6 2HX,SEPD,HV,1,TX6071,1998,2026-09-01T23:31:36Z,2026-09-01T23:31:36Z,0.0
SL6 2HY,SEPD,HV,1,TX6071,1998,2026-09-01T23:31:36Z,2026-09-01T23:31:36Z,0.0
SL6 2HZ,SEPD,HV,1,TX6071,1998,2026-09-01T23:31:36Z,2026-09-01T23:31:36Z,0.0
SL6 2JA,SEPD,HV,1,TX6071,1998,2026-09-01T23:31:36Z,2026-09-01T23:31:36Z,0.0
SL6 2JB,SEPD,HV,1,TX6071,1998,2026-09-01T23:31:36Z,2026-09-01T23:31:36Z,0.0
SL6 2JJ,SEPD,HV,1,TX6071,1998,2026-09-01T23:31:36Z,2026-09-01T23:31:36Z,0.0
SL6 2JL,SEPD,HV,1,TX6071,1998,2026-09-01T23:31:36Z,2026-09-01T23:31:36Z,0.0
SL6 2JN,SEPD,HV,1,TX6071,1998,2026-09-01T23:31:36Z,2026-09-01T23:31:36Z,0.0
SL6 2JP,SEPD,HV,1,TX6071,1998,2026-09-01T23:31:36Z,2026-09-01T23:31:36Z,0.0
SL6 2JR,SEPD,HV,1,TX6071,1998,2026-09-01T23:31:36Z,2026-09-01T23:31:36Z,0.0
SL6 2JS,SEPD,HV,1,TX6071,1998,2026-09-01T23:31:36Z,2026-09-01T23:31:36Z,0.0
SL6 2JT,SEPD,HV,1,TX6071,1998,2026-09-01T23:31:36Z,2026-09-01T23:31:36Z,0.0
SL6 2JU,SEPD,HV,1,TX6071,1998,2026-09-01T23:31:36Z,2026-09-01T23:31:36Z,0.0
SL6 2JW,SEPD,HV,1,TX6071,1998,2026-09-01T23:31:36Z,2026-09-01T23:31:36Z,0.0
SL6 2JY,SEPD,HV,1,TX6071,1998,2026-09-01T23:31:36Z,2026-09-01T23:31:36Z,0.0
SL6 2LA,SEPD,HV,1,TX6071,1998,2026-09-01T23:31:36Z,2026-09-01T23:31:36Z,0.0
SL6 2LB,SEPD,HV,1,TX6071,1998,2026-09-01T23:31:36Z,2026-09-01T23:31:36Z,0.0
SL6 2LD,SEPD,HV,1,TX6071,1998,2026-09-01T23:31:36Z,2026-09-01T23:31:36Z,0.0
SL6 2LE,SEPD,HV,1,TX6071,1998,2026-09-01T23:31:36Z,2026-09-01T23:31:36Z,0.0
SL6 2LF,SEPD,HV,1,TX6071,1998,2026-09-01T23:31:36Z,2026-09-01T23:31:36Z,0.0
SL6 2LG,SEPD,HV,1,TX6071,1998,2026-09-01T23:31:36Z,2026-09-01T23:31:36Z,0.0
SL6 2LH,SEPD,HV,1,TX6071,1998,2026-09-01T23:31:36Z,2026-09-01T23:31:36Z,0.0
SL6 2LJ,SEPD,HV,1,TX6071,1998,2026-09-01T23:31:36Z,2026-09-01T23:31:36Z,0.0
SL6 2LP,SEPD,HV,1,TX6071,1998,2026-09-01T23:31:36Z,2026-09-01T23:31:36Z,0.0
SL6 2LQ,SEPD,HV,1,TX6071,1998,2026-09-01T23:31:36Z,2026-09-01T23:31:36Z,0.0
SL6 2LR,SEPD,HV,1,TX6071,1998,2026-09-01T23:31:36Z,2026-09-01T23:31:36Z,0.0
SL6 2LS,SEPD,HV,1,TX6071,1998,2026-09-01T23:31:36Z,2026-09-01T23:31:36Z,0.0
SL6 2LT,SEPD,HV,1,TX6071,1998,2026-09-01T23:31:36Z,2026-09-01T23:31:36Z,0.0
SL6 2LU,SEPD,HV,1,TX6071,1998,2026-09-01T23:31:36Z,2026-09-01T23:31:36Z,0.0
SL6 2LX,SEPD,HV,1,TX6071,1998,2026-09-01T23:31:36Z,2026-09-01T23:31:36Z,0.0
SL6 2LY,SEPD,HV,1,TX6071,1998,2026-09-01T23:31:36Z,2026-09-01T23:31:36Z,0.0
SL6 2NA,SEPD,HV,1,TX6071,1998,2026-09-01T23:31:36Z,2026-09-01T23:31:36Z,0.0
SL6 2YE,SEPD,HV,1,TX6071,1998,2026-09-01T23:31:36Z,2026-09-01T23:31:36Z,0.0
SL6 2YJ,SEPD,HV,1,TX6071,1998,2026-09-01T23:31:36Z,2026-09-01T23:31:36Z,0.0
SL6 2YN,SEPD,HV,1,TX6071,1998,2026-09-01T23:31:36Z,2026-09-01T23:31:36Z,0.0
SL6 2YP,SEPD,HV,1,TX6071,1998,2026-09-01T23:31:36Z,2026-09-01T23:31:36Z,0.0
SL6 2YR,SEPD,HV,1,TX6071,1998,2026-09-01T23:31:36Z,2026-09-01T23:31:36Z,0.0
SL6 2YS,SEPD,HV,1,TX6071,1998,2026-09-01T23:31:36Z,2026-09-01T23:31:36Z,0.0
SL6 2YT,SEPD,HV,1,TX6071,1998,2026-09-01T23:31:36Z,2026-09-01T23:31:36Z,0.0
SL6 2YU,SEPD,HV,1,TX6071,1998,2026-09-01T23:31:36Z,2026-09-01T23:31:36Z,0.0
SL6 2YW,SEPD,HV,1,TX6071,1998,2026-09-01T23:31:36Z,2026-09-01T23:31:36Z,0.0
SL6 2YX,SEPD,HV,1,TX6071,1998,2026-09-01T23:31:36Z,2026-09-01T23:31:36Z,0.0
SL6 8DF,SEPD,LV,1,TX6066,50,2026-09-01T23:31:36Z,2026-09-01T23:31:36Z,0.0
SL6 8DN,SEPD,LV,1,TX6066,50,2026-09-01T23:31:36Z,2026-09-01T23:31:36Z,0.0
SL6 8ND,SEPD,LV,1,TX6066,50,2026-09-01T23:31:36Z,2026-09-01T23:31:36Z,0.0
SL8 5JD,SEPD,LV,1,TX3335,16,2026-08-30T18:33:54Z,2026-08-30T18:33:54Z,0.0
SL8 5JE,SEPD,LV,1,TX3335,16,2026-08-30T18:33:54Z,2026-08-30T18:33:54Z,0.0
SL8 5JF,SEPD,LV,1,TX3335,16,2026-08-30T18:33:54Z,2026-08-30T18:33:54Z,0.0
SL8 5JG,SEPD,LV,1,TX3335,16,2026-08-30T18:33:54Z,2026-08-30T18:33:54Z,0.0
SL8 5JH,SEPD,LV,1,TX3335,16,2026-08-30T18:33:54Z,2026-08-30T18:33:54Z,0.0
SL8 5JQ,SEPD,LV,1,TX3335,16,2026-08-30T18:33:54Z,2026-08-30T18:33:54Z,0.0
SN10 1SU,SEPD,HV,1,TX3813,432,2026-08-31T08:55:44Z,2026-08-31T08:55:44Z,0.0
SN10 1SX,SEPD,HV,1,TX3813,432,2026-08-31T08:55:44Z,2026-08-31T08:55:44Z,0.0
SN10 2QH,SEPD,HV,1,TX3813,432,2026-08-31T08:55:44Z,2026-08-31T08:55:44Z,0.0
SN11 0LY,SEPD,HV,1,TX3813,432,2026-08-31T08:55:44Z,2026-08-31T08:55:44Z,0.0
SN11 0NE,SEPD,HV,1,TX3813,432,2026-08-31T08:55:44Z,2026-08-31T08:55:44Z,0.0
SN11 0PT,SEPD,HV,1,TX3813,432,2026-08-31T08:55:44Z,2026-08-31T08:55:44Z,0.0
SN11 0PU,SEPD,HV,1,TX3813,432,2026-08-31T08:55:44Z,2026-08-31T08:55:44Z,0.0
SN11 0PX,SEPD,HV,1,TX3813,432,2026-08-31T08:55:44Z,2026-08-31T08:55:44Z,0.0
SN11 0PY,SEPD,HV,1,TX3813,432,2026-08-31T08:55:44Z,2026-08-31T08:55:44Z,0.0
SN14 6BG,SEPD,HV,1,TX3541,259,2026-08-30T21:34:26Z,2026-08-30T21:34:26Z,0.0
SN14 6BH,SEPD,HV,1,TX3541,259,2026-08-30T21:34:26Z,2026-08-30T21:34:26Z,0.0
SN14 6BQ,SEPD,HV,1,TX3541,259,2026-08-30T21:34:26Z,2026-08-30T21:34:26Z,0.0
SN14 6DH,SEPD,HV,1,TX3541,259,2026-08-30T21:34:26Z,2026-08-30T21:34:26Z,0.0
SN14 6HT,SEPD,HV,1,TX3541,259,2026-08-30T21:34:26Z,2026-08-30T21:34:26Z,0.0
SN14 6HU,SEPD,HV,1,TX3541,259,2026-08-30T21:34:26Z,2026-08-30T21:34:26Z,0.0
SN14 6HX,SEPD,HV,1,TX3541,259,2026-08-30T21:34:26Z,2026-08-30T21:34:26Z,0.0
SN14 6HZ,SEPD,HV,1,TX3541,259,2026-08-30T21:34:26Z,2026-08-30T21:34:26Z,0.0
SN14 6JB,SEPD,HV,1,TX3541,259,2026-08-30T21:34:26Z,2026-08-30T21:34:26Z,0.0
SN14 6JD,SEPD,HV,1,TX3541,259,2026-08-30T21:34:26Z,2026-08-30T21:34:26Z,0.0
SN14 6JE,SEPD,HV,1,TX3541,259,2026-08-30T21:34:26Z,2026-08-30T21:34:26Z,0.0
SN14 7EX,SEPD,PSI,1,252764,22,2026-08-29T13:24:25Z,2026-08-29T13:24:25Z,0.0
SN14 7HZ,SEPD,PSI,1,252764,22,2026-08-29T13:24:25Z,2026-08-29T13:24:25Z,0.0
SN14 7JA,SEPD,PSI,1,252764,22,2026-08-29T13:24:25Z,2026-08-29T13:24:25Z,0.0
SN15 2DY,SEPD,HV,1,TX3813,432,2026-08-31T08:55:44Z,2026-08-31T08:55:44Z,0.0
SN15 2DZ,SEPD,HV,1,TX3813,432,2026-08-31T08:55:44Z,2026-08-31T08:55:44Z,0.0
SN15 2EA,SEPD,HV,1,TX3813,432,2026-08-31T08:55:44Z,2026-08-31T08:55:44Z,0.0
SN15 2EB,SEPD,HV,1,TX3813,432,2026-08-31T08:55:44Z,2026-08-31T08:55:44Z,0.0
SN15 2ED,SEPD,HV,1,TX3813,432,2026-08-31T08:55:44Z,2026-08-31T08:55:44Z,0.0
SN15 2EE,SEPD,HV,1,TX3813,432,2026-08-31T08:55:44Z,2026-08-31T08:55:44Z,0.0
SN15 2EF,SEPD,HV,1,TX3813,432,2026-08-31T08:55:44Z,2026-08-31T08:55:44Z,0.0
SN15 2EG,SEPD,HV,1,TX3813,432,2026-08-31T08:55:44Z,2026-08-31T08:55:44Z,0.0
SN15 2EH,SEPD,HV,1,TX3813,432,2026-08-31T08:55:44Z,2026-08-31T08:55:44Z,0.0
SN15 2EJ,SEPD,HV,1,TX3813,432,2026-08-31T08:55:44Z,2026-08-31T08:55:44Z,0.0
SN15 2EL,SEPD,HV,1,TX3813,432,2026-08-31T08:55:44Z,2026-08-31T08:55:44Z,0.0
SN15 2EN,SEPD,HV,1,TX3813,432,2026-08-31T08:55:44Z,2026-08-31T08:55:44Z,0.0
SN15 2EQ,SEPD,HV,1,TX3813,432,2026-08-31T08:55:44Z,2026-08-31T08:55:44Z,0.0
SN15 2ET,SEPD,HV,1,TX3813,432,2026-08-31T08:55:44Z,2026-08-31T08:55:44Z,0.0
SN15 2EW,SEPD,HV,1,TX3813,432,2026-08-31T08:55:44Z,2026-08-31T08:55:44Z,0.0
SN15 2EX,SEPD,HV,1,TX3813,432,2026-08-31T08:55:44Z,2026-08-31T08:55:44Z,0.0
SN15 2HU,SEPD,HV,1,TX3813,432,2026-08-31T08:55:44Z,2026-08-31T08:55:44Z,0.0
SN15 2HX,SEPD,HV,1,TX3813,432,2026-08-31T08:55:44Z,2026-08-31T08:55:44Z,0.0
SN15 2HY,SEPD,HV,1,TX3813,432,2026-08-31T08:55:44Z,2026-08-31T08:55:44Z,0.0
SN15 2JA,SEPD,HV,1,TX3813,432,2026-08-31T08:55:44Z,2026-08-31T08:55:44Z,0.0
SN15 2JB,SEPD,HV,1,TX3813,432,2026-08-31T08:55:44Z,2026-08-31T08:55:44Z,0.0
SN15 2JD,SEPD,HV,1,TX3813,432,2026-08-31T08:55:44Z,2026-08-31T08:55:44Z,0.0
SN15 2JF,SEPD,HV,1,TX3813,432,2026-08-31T08:55:44Z,2026-08-31T08:55:44Z,0.0
SN15 2JG,SEPD,HV,1,TX3813,432,2026-08-31T08:55:44Z,2026-08-31T08:55:44Z,0.0
SN15 2JH,SEPD,HV,1,TX3813,432,2026-08-31T08:55:44Z,2026-08-31T08:55:44Z,0.0
SN15 2JJ,SEPD,HV,1,TX3813,432,2026-08-31T08:55:44Z,2026-08-31T08:55:44Z,0.0
SN15 2JP,SEPD,HV,1,TX3813,432,2026-08-31T08:55:44Z,2026-08-31T08:55:44Z,0.0
SN15 2JQ,SEPD,HV,1,TX3813,432,2026-08-31T08:55:44Z,2026-08-31T08:55:44Z,0.0
SN15 2JS,SEPD,HV,1,TX3813,432,2026-08-31T08:55:44Z,2026-08-31T08:55:44Z,0.0
SN15 2PR,SEPD,HV,1,TX3813,432,2026-08-31T08:55:44Z,2026-08-31T08:55:44Z,0.0
SN15 2PS,SEPD,HV,1,TX3813,432,2026-08-31T08:55:44Z,2026-08-31T08:55:44Z,0.0
SN15 2PT,SEPD,HV,1,TX3813,432,2026-08-31T08:55:44Z,2026-08-31T08:55:44Z,0.0
SN15 2PU,SEPD,HV,1,TX3813,432,2026-08-31T08:55:44Z,2026-08-31T08:55:44Z,0.0
SN15 2PX,SEPD,HV,1,TX3813,432,2026-08-31T08:55:44Z,2026-08-31T08:55:44Z,0.0
SN15 2PY,SEPD,HV,1,TX3813,432,2026-08-31T08:55:44Z,2026-08-31T08:55:44Z,0.0
SN15 2PZ,SEPD,HV,1,TX3813,432,2026-08-31T08:55:44Z,2026-08-31T08:55:44Z,0.0
SN15 2QA,SEPD,HV,1,TX3813,432,2026-08-31T08:55:44Z,2026-08-31T08:55:44Z,0.0
SN15 2QB,SEPD,HV,1,TX3813,432,2026-08-31T08:55:44Z,2026-08-31T08:55:44Z,0.0
SN15 2QD,SEPD,HV,1,TX3813,432,2026-08-31T08:55:44Z,2026-08-31T08:55:44Z,0.0
SN15 2QE,SEPD,HV,1,TX3813,432,2026-08-31T08:55:44Z,2026-08-31T08:55:44Z,0.0
SN15 2QF,SEPD,HV,1,TX3813,432,2026-08-31T08:55:44Z,2026-08-31T08:55:44Z,0.0
SN15 4LH,SEPD,HV,1,TX3541,259,2026-08-30T21:34:26Z,2026-08-30T21:34:26Z,0.0
SN15 5LU,SEPD,HV,1,TX3541,259,2026-08-30T21:34:26Z,2026-08-30T21:34:26Z,0.0
SN15 5LY,SEPD,HV,1,TX3541,259,2026-08-30T21:34:26Z,2026-08-30T21:34:26Z,0.0
SN15 5PE,SEPD,HV,1,TX3541,259,2026-08-30T21:34:26Z,2026-08-30T21:34:26Z,0.0
SN15 5PF,SEPD,HV,1,TX3541,259,2026-08-30T21:34:26Z,2026-08-30T21:34:26Z,0.0
SN15 5PG,SEPD,HV,1,TX3541,259,2026-08-30T21:34:26Z,2026-08-30T21:34:26Z,0.0
SN15 5PH,SEPD,HV,1,TX3541,259,2026-08-30T21:34:26Z,2026-08-30T21:34:26Z,0.0
SN15 5PJ,SEPD,HV,1,TX3541,259,2026-08-30T21:34:26Z,2026-08-30T21:34:26Z,0.0
SN15 5PL,SEPD,HV,1,TX3541,259,2026-08-30T21:34:26Z,2026-08-30T21:34:26Z,0.0
SN15 5PP,SEPD,HV,1,TX3541,259,2026-08-30T21:34:26Z,2026-08-30T21:34:26Z,0.0
SN15 5PQ,SEPD,HV,1,TX3541,259,2026-08-30T21:34:26Z,2026-08-30T21:34:26Z,0.0
SN15 5PR,SEPD,HV,1,TX3541,259,2026-08-30T21:34:26Z,2026-08-30T21:34:26Z,0.0
SN15 5PS,SEPD,HV,1,TX3541,259,2026-08-30T21:34:26Z,2026-08-30T21:34:26Z,0.0
SN15 5PW,SEPD,HV,1,TX3541,259,2026-08-30T21:34:26Z,2026-08-30T21:34:26Z,0.0
SN15 5PZ,SEPD,HV,1,TX3541,259,2026-08-30T21:34:26Z,2026-08-30T21:34:26Z,0.0
SN15 5QA,SEPD,HV,1,TX3541,259,2026-08-30T21:34:26Z,2026-08-30T21:34:26Z,0.0
SN15 5QH,SEPD,HV,1,TX3541,259,2026-08-30T21:34:26Z,2026-08-30T21:34:26Z,0.0
SN2 2SB,SEPD,LV,1,TX1307,26,2026-08-29T01:01:34Z,2026-08-29T01:01:34Z,0.0
SN2 2SD,SEPD,LV,1,TX1307,26,2026-08-29T01:01:34Z,2026-08-29T01:01:34Z,0.0
SN2 2SR,SEPD,LV,1,TX1307,26,2026-08-29T01:01:34Z,2026-08-29T01:01:34Z,0.0
SN2 2SS,SEPD,LV,1,TX1307,26,2026-08-29T01:01:34Z,2026-08-29T01:01:34Z,0.0
SN2 2ST,SEPD,LV,1,TX1307,26,2026-08-29T01:01:34Z,2026-08-29T01:01:34Z,0.0
SN2 2SU,SEPD,LV,1,TX1307,26,2026-08-29T01:01:34Z,2026-08-29T01:01:34Z,0.0
SN2 2SX,SEPD,LV,1,TX1307,26,2026-08-29T01:01:34Z,2026-08-29T01:01:34Z,0.0
SN3 1NG,SEPD,LV,1,TX0040,8,2026-08-28T04:56:18Z,2026-08-28T04:56:18Z,0.0
SN3 1NH,SEPD,LV,1,TX0040,8,2026-08-28T04:56:18Z,2026-08-28T04:56:18Z,0.0
SN3 1SF,SEPD,LV,1,TX0040,8,2026-08-28T04:56:18Z,2026-08-28T04:56:18Z,0.0
SN4 7HQ,SEPD,LV,1,TX3407,9,2026-08-30T21:34:26Z,2026-08-30T21:34:26Z,0.0
SN4 7HY,SEPD,LV,1,TX3407,9,2026-08-30T21:34:26Z,2026-08-30T21:34:26Z,0.0
SN7 8BX,SEPD,PSI,1,254561,80,2026-09-01T11:41:40Z,2026-09-01T11:41:40Z,0.0
SN7 8BY,SEPD,PSI,1,254561,80,2026-09-01T11:41:40Z,2026-09-01T11:41:40Z,0.0
SN7 8BZ,SEPD,PSI,1,254561,80,2026-09-01T11:41:40Z,2026-09-01T11:41:40Z,0.0
SN7 8DA,SEPD,PSI,1,254561,80,2026-09-01T11:41:40Z,2026-09-01T11:41:40Z,0.0
SN7 8DE,SEPD,PSI,1,254561,80,2026-09-01T11:41:40Z,2026-09-01T11:41:40Z,0.0
SN7 8DF,SEPD,PSI,1,254561,80,2026-09-01T11:41:40Z,2026-09-01T11:41:40Z,0.0
SN7 8DG,SEPD,PSI,1,254561,80,2026-09-01T11:41:40Z,2026-09-01T11:41:40Z,0.0
SN7 8DH,SEPD,PSI,1,254561,80,2026-09-01T11:41:40Z,2026-09-01T11:41:40Z,0.0
SN7 8DJ,SEPD,PSI,1,254561,80,2026-09-01T11:41:40Z,2026-09-01T11:41:40Z,0.0
SN7 8DL,SEPD,PSI,1,254561,80,2026-09-01T11:41:40Z,2026-09-01T11:41:40Z,0.0
SN7 8DN,SEPD,PSI,1,254561,80,2026-09-01T11:41:40Z,2026-09-01T11:41:40Z,0.0
SN7 8DQ,SEPD,PSI,1,254561,80,2026-09-01T11:41:40Z,2026-09-01T11:41:40Z,0.0
SN7 8DW,SEPD,PSI,1,254561,80,2026-09-01T11:41:40Z,2026-09-01T11:41:40Z,0.0
SN8 2BL,SEPD,HV,1,TX2727,4,2026-08-29T22:02:58Z,2026-08-29T22:02:58Z,0.0
SN8 2BP,SEPD,HV,1,TX2727,4,2026-08-29T22:02:58Z,2026-08-29T22:02:58Z,0.0
SN8 2BS,SEPD,HV,1,TX2727,4,2026-08-29T22:02:58Z,2026-08-29T22:02:58Z,0.0
SN8 2BT,SEPD,HV,1,TX2727,4,2026-08-29T22:02:58Z,2026-08-29T22:02:58Z,0.0
SN8 2BU,SEPD,HV,1,TX2727,4,2026-08-29T22:02:58Z,2026-08-29T22:02:58Z,0.0
SN8 2BW,SEPD,HV,1,TX2727,4,2026-08-29T22:02:58Z,2026-08-29T22:02:58Z,0.0
SN8 2BX,SEPD,HV,1,TX2727,4,2026-08-29T22:02:58Z,2026-08-29T22:02:58Z,0.0
SN8 2BY,SEPD,HV,1,TX2727,4,2026-08-29T22:02:58Z,2026-08-29T22:02:58Z,0.0
SN8 2DA,SEPD,HV,1,TX2727,4,2026-08-29T22:02:58Z,2026-08-29T22:02:58Z,0.0
SN8 2DB,SEPD,HV,1,TX2727,4,2026-08-29T22:02:58Z,2026-08-29T22:02:58Z,0.0
SN8 2DG,SEPD,HV,1,TX2727,4,2026-08-29T22:02:58Z,2026-08-29T22:02:58Z,0.0
SN8 2DL,SEPD,HV,1,TX2727,4,2026-08-29T22:02:58Z,2026-08-29T22:02:58Z,0.0
SN8 2DQ,SEPD,HV,1,TX2727,4,2026-08-29T22:02:58Z,2026-08-29T22:02:58Z,0.0
SN8 2DU,SEPD,HV,1,TX2727,4,2026-08-29T22:02:58Z,2026-08-29T22:02:58Z,0.0
SN8 2DW,SEPD,HV,1,TX2727,4,2026-08-29T22:02:58Z,2026-08-29T22:02:58Z,0.0
SN8 2DX,SEPD,HV,1,TX2727,4,2026-08-29T22:02:58Z,2026-08-29T22:02:58Z,0.0
SN8 2EL,SEPD,HV,1,TX2727,4,2026-08-29T22:02:58Z,2026-08-29T22:02:58Z,0.0
SN8 2EN,SEPD,HV,1,TX2727,4,2026-08-29T22:02:58Z,2026-08-29T22:02:58Z,0.0
SN8 2EP,SEPD,HV,1,TX2727,4,2026-08-29T22:02:58Z,2026-08-29T22:02:58Z,0.0
SN8 2FH,SEPD,HV,1,TX2727,4,2026-08-29T22:02:58Z,2026-08-29T22:02:58Z,0.0
SN8 2FT,SEPD,HV,1,TX2727,4,2026-08-29T22:02:58Z,2026-08-29T22:02:58Z,0.0
SN8 2JZ,SEPD,HV,1,TX2727,4,2026-08-29T22:02:58Z,2026-08-29T22:02:58Z,0.0
SN8 2LA,SEPD,HV,1,TX2727,4,2026-08-29T22:02:58Z,2026-08-29T22:02:58Z,0.0
SN8 2LD,SEPD,HV,1,TX2727,4,2026-08-29T22:02:58Z,2026-08-29T22:02:58Z,0.0
SN8 2LE,SEPD,HV,1,TX2727,4,2026-08-29T22:02:58Z,2026-08-29T22:02:58Z,0.0
SN8 2LF,SEPD,HV,1,TX2727,4,2026-08-29T22:02:58Z,2026-08-29T22:02:58Z,0.0
SN8 2LG,SEPD,HV,1,TX2727,4,2026-08-29T22:02:58Z,2026-08-29T22:02:58Z,0.0
SN8 2NN,SEPD,HV,1,TX2727,4,2026-08-29T22:02:58Z,2026-08-29T22:02:58Z,0.0
SN8 2NR,SEPD,HV,1,TX2727,4,2026-08-29T22:02:58Z,2026-08-29T22:02:58Z,0.0
SN8 2NU,SEPD,HV,1,TX2727,4,2026-08-29T22:02:58Z,2026-08-29T22:02:58Z,0.0
SN8 2NW,SEPD,HV,1,TX2727,4,2026-08-29T22:02:58Z,2026-08-29T22:02:58Z,0.0
SN8 3DN,SEPD,PSI,1,253577,25,2026-09-01T11:41:40Z,2026-09-01T11:41:40Z,0.0
SN8 3DW,SEPD,PSI,1,253577,25,2026-09-01T11:41:40Z,2026-09-01T11:41:40Z,0.0
SN8 4NF,SEPD,HV,1,TX1880,157,2026-08-29T13:24:25Z,2026-08-29T13:24:25Z,0.0
SN8 4NG,SEPD,HV,1,TX1880,157,2026-08-29T13:24:25Z,2026-08-29T13:24:25Z,0.0
SN8 4NL,SEPD,HV,1,TX1880,157,2026-08-29T13:24:25Z,2026-08-29T13:24:25Z,0.0
SN8 4NT,SEPD,HV,1,TX1880,157,2026-08-29T13:24:25Z,2026-08-29T13:24:25Z,0.0
SN8 4NU,SEPD,HV,1,TX1880,157,2026-08-29T13:24:25Z,2026-08-29T13:24:25Z,0.0
SN8 4NW,SEPD,HV,1,TX1880,157,2026-08-29T13:24:25Z,2026-08-29T13:24:25Z,0.0
SN8 4NX,SEPD,HV,1,TX1880,157,2026-08-29T13:24:25Z,2026-08-29T13:24:25Z,0.0
SO15 5AS,SEPD,LV,1,TX7343,15,2026-09-02T18:41:07Z,2026-09-02T18:41:07Z,0.0
SO15 5AT,SEPD,LV,1,TX7343,15,2026-09-02T18:41:07Z,2026-09-02T18:41:07Z,0.0
SO16 4PU,SEPD,PSI,1,254574,39,2026-08-28T17:19:56Z,2026-08-28T17:19:56Z,0.0
SO19 2DZ,SEPD,LV,1,TX6237,34,2026-09-02T05:57:39Z,2026-09-02T05:57:39Z,0.0
SO19 2EA,SEPD,LV,1,TX6237,34,2026-09-02T05:57:39Z,2026-09-02T05:57:39Z,0.0
SO19 2EB,SEPD,LV,1,TX6237,34,2026-09-02T05:57:39Z,2026-09-02T05:57:39Z,0.0
SO19 2EG,SEPD,LV,1,TX6237,34,2026-09-02T05:57:39Z,2026-09-02T05:57:39Z,0.0
SO19 2EP,SEPD,LV,1,TX6237,34,2026-09-02T05:57:39Z,2026-09-02T05:57:39Z,0.0
SO19 2ER,SEPD,LV,1,TX6237,34,2026-09-02T05:57:39Z,2026-09-02T05:57:39Z,0.0
SO19 2HB,SEPD,LV,1,TX6237,34,2026-09-02T05:57:39Z,2026-09-02T05:57:39Z,0.0
SO19 2HH,SEPD,LV,1,TX6237,34,2026-09-02T05:57:39Z,2026-09-02T05:57:39Z,0.0
SO19 2HJ,SEPD,LV,1,TX6237,34,2026-09-02T05:57:39Z,2026-09-02T05:57:39Z,0.0
SO19 2QU,SEPD,LV,1,TX6237,34,2026-09-02T05:57:39Z,2026-09-02T05:57:39Z,0.0
SO20 6JX,SEPD,HV,1,TX3622,21,2026-08-30T23:52:33Z,2026-08-30T23:52:33Z,0.0
SO20 8DP,SEPD,HV,1,TX3622,21,2026-08-30T23:52:33Z,2026-08-30T23:52:33Z,0.0
SO20 8EA,SEPD,HV,1,TX3622,21,2026-08-30T23:52:33Z,2026-08-30T23:52:33Z,0.0
SO20 8ER,SEPD,HV,1,TX3622,21,2026-08-30T23:52:33Z,2026-08-30T23:52:33Z,0.0
SO20 8EU,SEPD,HV,1,TX3622,21,2026-08-30T23:52:33Z,2026-08-30T23:52:33Z,0.0
SO20 8EY,SEPD,HV,1,TX3622,21,2026-08-30T23:52:33Z,2026-08-30T23:52:33Z,0.0
SO20 8HQ,SEPD,HV,1,TX3622,21,2026-08-30T23:52:33Z,2026-08-30T23:52:33Z,0.0
SO24 0DB,SEPD,LV,1,TX4069,2,2026-08-31T17:01:01Z,2026-08-31T17:01:01Z,0.0
SO30 3EX,SEPD,LV,1,TX2826,3,2026-08-30T05:29:16Z,2026-08-30T05:29:16Z,0.0
SO40 2HF,SEPD,LV,1,TX4357,12,2026-09-01T00:56:36Z,2026-09-01T00:56:36Z,0.0
SO40 2HJ,SEPD,LV,1,TX4357,12,2026-09-01T00:56:36Z,2026-09-01T00:56:36Z,0.0
SO40 2HL,SEPD,LV,1,TX4357,12,2026-09-01T00:56:36Z,2026-09-01T00:56:36Z,0.0
SO40 2HN,SEPD,LV,1,TX4357,12,2026-09-01T00:56:36Z,2026-09-01T00:56:36Z,0.0
SO40 4AY,SEPD,LV,1,TX0375,44,2026-08-28T17:19:56Z,2026-08-28T17:19:56Z,0.0
SO40 4SD,SEPD,LV,1,TX0375,44,2026-08-28T17:19:56Z,2026-08-28T17:19:56Z,0.0
SO40 4SW,SEPD,LV,1,TX0375,44,2026-08-28T17:19:56Z,2026-08-28T17:19:56Z,0.0
SO40 4UB,SEPD,LV,1,TX0375,44,2026-08-28T17:19:56Z,2026-08-28T17:19:56Z,0.0
SO40 4UU,SEPD,LV,1,TX0375,44,2026-08-28T17:19:56Z,2026-08-28T17:19:56Z,0.0
SO40 4UY,SEPD,LV,1,TX0375,44,2026-08-28T17:19:56Z,2026-08-28T17:19:56Z,0.0
SO40 4WH,SEPD,LV,1,TX0375,44,2026-08-28T17:19:56Z,2026-08-28T17:19:56Z,0.0
SO40 4YE,SEPD,LV,1,TX0375,44,2026-08-28T17:19:56Z,2026-08-28T17:19:56Z,0.0
SO40 4YF,SEPD,LV,1,TX0375,44,2026-08-28T17:19:56Z,2026-08-28T17:19:56Z,0.0
SO40 4YG,SEPD,LV,1,TX0375,44,2026-08-28T17:19:56Z,2026-08-28T17:19:56Z,0.0
SO40 4YH,SEPD,LV,1,TX0375,44,2026-08-28T17:19:56Z,2026-08-28T17:19:56Z,0.0
SO41 5SQ,SEPD,HV,1,TX1656,6,2026-08-29T13:24:25Z,2026-08-29T13:24:25Z,0.0
SO41 6AA,SEPD,LV,1,TX3589,6,2026-08-31T02:45:30Z,2026-08-31T02:45:30Z,0.0
SO41 6AB,SEPD,LV,1,TX3589,6,2026-08-31T02:45:30Z,2026-08-31T02:45:30Z,0.0
SO41 6AT,SEPD,LV,1,TX3589,6,2026-08-31T02:45:30Z,2026-08-31T02:45:30Z,0.0
SO41 6BA,SEPD,LV,1,TX3589,6,2026-08-31T02:45:30Z,2026-08-31T02:45:30Z,0.0
SO41 6BB,SEPD,LV,1,TX3589,6,2026-08-31T02:45:30Z,2026-08-31T02:45:30Z,0.0
SO41 8LS,SEPD,LV,1,TX1651,8,2026-08-29T13:24:25Z,2026-08-29T13:24:25Z,0.0
SO42 7XF,SEPD,HV,1,TX1656,6,2026-08-29T13:24:25Z,2026-08-29T13:24:25Z,0.0
SO50 6HZ,SEPD,LV,1,TX4012,14,2026-08-31T17:01:01Z,2026-08-31T17:01:01Z,0.0
SO50 7AN,SEPD,LV,1,TX4012,14,2026-08-31T17:01:01Z,2026-08-31T17:01:01Z,0.0
SO50 7AP,SEPD,LV,1,TX4012,14,2026-08-31T17:01:01Z,2026-08-31T17:01:01Z,0.0
SO50 7EQ,SEPD,LV,1,TX4012,14,2026-08-31T17:01:01Z,2026-08-31T17:01:01Z,0.0
SO51 6EE,SEPD,PSI,1,253094,43,2026-08-27T20:44:46Z,2026-08-27T20:44:46Z,0.0
SO53 1SA,SEPD,PSI,1,254365,39,2026-08-27T20:44:46Z,2026-08-27T20:44:46Z,0.0
SO53 1SB,SEPD,PSI,1,254365,39,2026-08-27T20:44:46Z,2026-08-27T20:44:46Z,0.0
SO53 1SE,SEPD,PSI,1,254365,39,2026-08-27T20:44:46Z,2026-08-27T20:44:46Z,0.0
SP11 6AH,SEPD,HV,1,TX2150,16,2026-08-29T17:20:44Z,2026-08-29T17:20:44Z,0.0
SP11 6HB,SEPD,HV,1,TX2150,16,2026-08-29T17:20:44Z,2026-08-29T17:20:44Z,0.0
SP11 6HD,SEPD,HV,1,TX2150,16,2026-08-29T17:20:44Z,2026-08-29T17:20:44Z,0.0
SP11 6HE,SEPD,HV,1,TX2150,16,2026-08-29T17:20:44Z,2026-08-29T17:20:44Z,0.0
SP11 6HF,SEPD,HV,1,TX2150,16,2026-08-29T17:20:44Z,2026-08-29T17:20:44Z,0.0
SP11 6HG,SEPD,HV,1,TX2150,16,2026-08-29T17:20:44Z,2026-08-29T17:20:44Z,0.0
SP11 6HH,SEPD,HV,1,TX2150,16,2026-08-29T17:20:44Z,2026-08-29T17:20:44Z,0.0
SP11 6HJ,SEPD,HV,1,TX2150,16,2026-08-29T17:20:44Z,2026-08-29T17:20:44Z,0.0
SP11 6HL,SEPD,HV,1,TX2150,16,2026-08-29T17:20:44Z,2026-08-29T17:20:44Z,0.0
SP11 6HN,SEPD,HV,1,TX2150,16,2026-08-29T17:20:44Z,2026-08-29T17:20:44Z,0.0
SP11 6HP,SEPD,HV,1,TX2150,16,2026-08-29T17:20:44Z,2026-08-29T17:20:44Z,0.0
SP11 6HQ,SEPD,HV,1,TX2150,16,2026-08-29T17:20:44Z,2026-08-29T17:20:44Z,0.0
SP11 6HR,SEPD,HV,1,TX2150,16,2026-08-29T17:20:44Z,2026-08-29T17:20:44Z,0.0
SP11 6HS,SEPD,HV,1,TX2150,16,2026-08-29T17:20:44Z,2026-08-29T17:20:44Z,0.0
SP11 6HT,SEPD,HV,1,TX2150,16,2026-08-29T17:20:44Z,2026-08-29T17:20:44Z,0.0
SP11 6HU,SEPD,HV,1,TX2150,16,2026-08-29T17:20:44Z,2026-08-29T17:20:44Z,0.0
SP11 6HW,SEPD,HV,1,TX2150,16,2026-08-29T17:20:44Z,2026-08-29T17:20:44Z,0.0
SP11 6HX,SEPD,HV,1,TX2150,16,2026-08-29T17:20:44Z,2026-08-29T17:20:44Z,0.0
SP11 6HY,SEPD,HV,1,TX2150,16,2026-08-29T17:20:44Z,2026-08-29T17:20:44Z,0.0
SP11 6HZ,SEPD,HV,1,TX2150,16,2026-08-29T17:20:44Z,2026-08-29T17:20:44Z,0.0
SP11 6JB,SEPD,HV,1,TX2150,16,2026-08-29T17:20:44Z,2026-08-29T17:20:44Z,0.0
SP11 6JD,SEPD,HV,1,TX2150,16,2026-08-29T17:20:44Z,2026-08-29T17:20:44Z,0.0
SP11 6JE,SEPD,HV,1,TX2150,16,2026-08-29T17:20:44Z,2026-08-29T17:20:44Z,0.0
SP11 6JF,SEPD,HV,1,TX2150,16,2026-08-29T17:20:44Z,2026-08-29T17:20:44Z,0.0
SP11 6JG,SEPD,HV,1,TX2150,16,2026-08-29T17:20:44Z,2026-08-29T17:20:44Z,0.0
SP11 6JH,SEPD,HV,1,TX2150,16,2026-08-29T17:20:44Z,2026-08-29T17:20:44Z,0.0
SP11 6JJ,SEPD,HV,1,TX2150,16,2026-08-29T17:20:44Z,2026-08-29T17:20:44Z,0.0
SP11 6JL,SEPD,HV,1,TX2150,16,2026-08-29T17:20:44Z,2026-08-29T17:20:44Z,0.0
SP11 6JN,SEPD,HV,1,TX2150,16,2026-08-29T17:20:44Z,2026-08-29T17:20:44Z,0.0
SP11 6JP,SEPD,HV,1,TX2150,16,2026-08-29T17:20:44Z,2026-08-29T17:20:44Z,0.0
SP11 6JQ,SEPD,HV,1,TX2150,16,2026-08-29T17:20:44Z,2026-08-29T17:20:44Z,0.0
SP11 6JR,SEPD,HV,1,TX2150,16,2026-08-29T17:20:44Z,2026-08-29T17:20:44Z,0.0
SP11 6JS,SEPD,HV,1,TX2150,16,2026-08-29T17:20:44Z,2026-08-29T17:20:44Z,0.0
SP11 6JT,SEPD,HV,1,TX2150,16,2026-08-29T17:20:44Z,2026-08-29T17:20:44Z,0.0
SP11 6JU,SEPD,HV,1,TX2150,16,2026-08-29T17:20:44Z,2026-08-29T17:20:44Z,0.0
SP11 6JW,SEPD,HV,1,TX2150,16,2026-08-29T17:20:44Z,2026-08-29T17:20:44Z,0.0
SP11 6JX,SEPD,HV,1,TX2150,16,2026-08-29T17:20:44Z,2026-08-29T17:20:44Z,0.0
SP11 6JY,SEPD,HV,1,TX2150,16,2026-08-29T17:20:44Z,2026-08-29T17:20:44Z,0.0
SP11 6LU,SEPD,HV,1,TX2150,16,2026-08-29T17:20:44Z,2026-08-29T17:20:44Z,0.0
SP11 6NF,SEPD,HV,1,TX2150,16,2026-08-29T19:50:16Z,2026-08-29T19:50:16Z,0.0
SP11 6NQ,SEPD,HV,1,TX2150,16,2026-08-29T17:20:44Z,2026-08-29T17:20:44Z,0.0
SP11 6RA,SEPD,HV,1,TX2150,16,2026-08-29T17:20:44Z,2026-08-29T17:20:44Z,0.0
SP11 6RB,SEPD,HV,1,TX2150,16,2026-08-29T17:20:44Z,2026-08-29T17:20:44Z,0.0
SP2 0NN,SEPD,PSI,1,253660,140,2026-09-01T11:41:40Z,2026-09-01T11:41:40Z,0.0
SP2 0NP,SEPD,PSI,1,253660,140,2026-09-01T11:41:40Z,2026-09-01T11:41:40Z,0.0
SP2 0NR,SEPD,PSI,1,253660,140,2026-09-01T11:41:40Z,2026-09-01T11:41:40Z,0.0
SP2 0NS,SEPD,PSI,1,253660,140,2026-09-01T11:41:40Z,2026-09-01T11:41:40Z,0.0
SP2 0NT,SEPD,PSI,1,253660,140,2026-09-01T11:41:40Z,2026-09-01T11:41:40Z,0.0
SP2 0NU,SEPD,PSI,1,253660,140,2026-09-01T11:41:40Z,2026-09-01T11:41:40Z,0.0
SP2 0NW,SEPD,PSI,1,253660,140,2026-09-01T11:41:40Z,2026-09-01T11:41:40Z,0.0
SP2 0NX,SEPD,PSI,1,253660,140,2026-09-01T11:41:40Z,2026-09-01T11:41:40Z,0.0
SP2 0NY,SEPD,PSI,1,253660,140,2026-09-01T11:41:40Z,2026-09-01T11:41:40Z,0.0
SP2 0PG,SEPD,PSI,1,253660,140,2026-09-01T11:41:40Z,2026-09-01T11:41:40Z,0.0
SP2 0PH,SEPD,PSI,1,253660,140,2026-09-01T11:41:40Z,2026-09-01T11:41:40Z,0.0
SP2 0PJ,SEPD,PSI,1,253660,140,2026-09-01T11:41:40Z,2026-09-01T11:41:40Z,0.0
SP2 0PL,SEPD,PSI,1,253660,140,2026-09-01T11:41:40Z,2026-09-01T11:41:40Z,0.0
SP2 0PN,SEPD,PSI,1,253660,140,2026-09-01T11:41:40Z,2026-09-01T11:41:40Z,0.0
SP2 0PQ,SEPD,PSI,1,253660,140,2026-09-01T11:41:40Z,2026-09-01T11:41:40Z,0.0
SP2 0PU,SEPD,PSI,1,253660,140,2026-09-01T11:41:40Z,2026-09-01T11:41:40Z,0.0
SP2 0PZ,SEPD,PSI,1,253660,140,2026-09-01T11:41:40Z,2026-09-01T11:41:40Z,0.0
SP3 6BB,SEPD,PSI,1,252623,21,2026-08-28T17:19:56Z,2026-08-28T17:19:56Z,0.0
SP3 6BW,SEPD,PSI,1,252623,21,2026-08-28T17:19:56Z,2026-08-28T17:19:56Z,0.0
SP3 6DD,SEPD,PSI,1,252623,21,2026-08-28T17:19:56Z,2026-08-28T17:19:56Z,0.0
SP3 6DE,SEPD,PSI,1,252623,21,2026-08-28T17:19:56Z,2026-08-28T17:19:56Z,0.0
SP3 6EU,SEPD,PSI,1,252623,21,2026-08-28T17:19:56Z,2026-08-28T17:19:56Z,0.0
SP4 6NQ,SEPD,PSI,1,253660,140,2026-09-01T11:41:40Z,2026-09-01T11:41:40Z,0.0
SP4 9BU,SEPD,HV,1,TW9339,233,2026-08-27T20:44:46Z,2026-08-27T20:44:46Z,0.0
SP4 9BY,SEPD,HV,1,TW9339,233,2026-08-27T20:44:46Z,2026-08-27T20:44:46Z,0.0
SP4 9DA,SEPD,HV,1,TW9339,233,2026-08-27T20:44:46Z,2026-08-27T20:44:46Z,0.0
SP4 9DB,SEPD,HV,1,TW9339,233,2026-08-27T20:44:46Z,2026-08-27T20:44:46Z,0.0
SP4 9DD,SEPD,HV,1,TW9339,233,2026-08-27T20:44:46Z,2026-08-27T20:44:46Z,0.0
SP4 9DE,SEPD,HV,1,TW9339,233,2026-08-27T20:44:46Z,2026-08-27T20:44:46Z,0.0
SP4 9DP,SEPD,HV,1,TW9339,233,2026-08-27T20:44:46Z,2026-08-27T20:44:46Z,0.0
SP4 9DR,SEPD,HV,1,TW9339,233,2026-08-27T20:44:46Z,2026-08-27T20:44:46Z,0.0
SP4 9DZ,SEPD,HV,1,TW9339,233,2026-08-27T20:44:46Z,2026-08-27T20:44:46Z,0.0
SP4 9EA,SEPD,HV,1,TW9339,233,2026-08-27T20:44:46Z,2026-08-27T20:44:46Z,0.0
SP4 9FB,SEPD,HV,1,TW9339,233,2026-08-27T20:44:46Z,2026-08-27T20:44:46Z,0.0
SP4 9FD,SEPD,HV,1,TW9339,233,2026-08-27T20:44:46Z,2026-08-27T20:44:46Z,0.0
SP4 9FE,SEPD,HV,1,TW9339,233,2026-08-27T20:44:46Z,2026-08-27T20:44:46Z,0.0
SP4 9FF,SEPD,HV,1,TW9339,233,2026-08-27T20:44:46Z,2026-08-27T20:44:46Z,0.0
SP4 9FG,SEPD,HV,1,TW9339,233,2026-08-27T20:44:46Z,2026-08-27T20:44:46Z,0.0
SP4 9FH,SEPD,HV,1,TW9339,233,2026-08-27T20:44:46Z,2026-08-27T20:44:46Z,0.0
SP4 9FJ,SEPD,HV,1,TW9339,233,2026-08-27T20:44:46Z,2026-08-27T20:44:46Z,0.0
SP4 9FL,SEPD,HV,1,TW9339,233,2026-08-27T20:44:46Z,2026-08-27T20:44:46Z,0.0
SP4 9FN,SEPD,HV,1,TW9339,233,2026-08-27T20:44:46Z,2026-08-27T20:44:46Z,0.0
SP4 9FP,SEPD,HV,1,TW9339,233,2026-08-27T20:44:46Z,2026-08-27T20:44:46Z,0.0
SP4 9FQ,SEPD,HV,1,TW9339,233,2026-08-27T20:44:46Z,2026-08-27T20:44:46Z,0.0
SP4 9PE,SEPD,HV,1,TW9339,233,2026-08-27T20:44:46Z,2026-08-27T20:44:46Z,0.0
SP4 9PF,SEPD,HV,1,TW9339,233,2026-08-27T20:44:46Z,2026-08-27T20:44:46Z,0.0
SP5 1DD,SEPD,HV,1,TX1595,292,2026-08-29T07:49:13Z,2026-08-29T07:49:13Z,0.0
SP5 1JN,SEPD,HV,1,TX1595,292,2026-08-29T07:49:13Z,2026-08-29T07:49:13Z,0.0
SP5 1JP,SEPD,HV,1,TX1595,292,2026-08-29T07:49:13Z,2026-08-29T07:49:13Z,0.0
SP5 1JW,SEPD,HV,1,TX1595,292,2026-08-29T07:49:13Z,2026-08-29T07:49:13Z,0.0
SP5 1JX,SEPD,HV,1,TX1595,292,2026-08-29T07:49:13Z,2026-08-29T07:49:13Z,0.0
SP5 1JY,SEPD,HV,1,TX1595,292,2026-08-29T07:49:13Z,2026-08-29T07:49:13Z,0.0
SP5 1JZ,SEPD,HV,1,TX1595,292,2026-08-29T07:49:13Z,2026-08-29T07:49:13Z,0.0
SP5 1LA,SEPD,HV,1,TX1595,292,2026-08-29T07:49:13Z,2026-08-29T07:49:13Z,0.0
SP5 1LB,SEPD,HV,1,TX1595,292,2026-08-29T07:49:13Z,2026-08-29T07:49:13Z,0.0
SP5 1LD,SEPD,HV,1,TX1595,292,2026-08-29T07:49:13Z,2026-08-29T07:49:13Z,0.0
SP5 1LE,SEPD,HV,1,TX1595,292,2026-08-29T07:49:13Z,2026-08-29T07:49:13Z,0.0
SP5 1LN,SEPD,HV,1,TX1595,292,2026-08-29T07:49:13Z,2026-08-29T07:49:13Z,0.0
SP5 1LP,SEPD,HV,1,TX1595,292,2026-08-29T07:49:13Z,2026-08-29T07:49:13Z,0.0
SP5 1LR,SEPD,HV,1,TX1595,292,2026-08-29T07:49:13Z,2026-08-29T07:49:13Z,0.0
SP5 1LS,SEPD,HV,1,TX1595,292,2026-08-29T07:49:13Z,2026-08-29T07:49:13Z,0.0
SP5 1LW,SEPD,HV,1,TX1595,292,2026-08-29T07:49:13Z,2026-08-29T07:49:13Z,0.0
SP5 1LX,SEPD,HV,1,TX1595,292,2026-08-29T07:49:13Z,2026-08-29T07:49:13Z,0.0
SP5 1LY,SEPD,HV,1,TX1595,292,2026-08-29T07:49:13Z,2026-08-29T07:49:13Z,0.0
SP5 1NA,SEPD,HV,1,TX1595,292,2026-08-29T07:49:13Z,2026-08-29T07:49:13Z,0.0
SP5 1NB,SEPD,HV,1,TX1595,292,2026-08-29T07:49:13Z,2026-08-29T07:49:13Z,0.0
SP5 1NF,SEPD,HV,1,TX1595,292,2026-08-29T07:49:13Z,2026-08-29T07:49:13Z,0.0
SP5 1NG,SEPD,HV,1,TX1595,292,2026-08-29T07:49:13Z,2026-08-29T07:49:13Z,0.0
SP5 1NH,SEPD,HV,1,TX1595,292,2026-08-29T07:49:13Z,2026-08-29T07:49:13Z,0.0
SP5 1NL,SEPD,HV,1,TX1595,292,2026-08-29T07:49:13Z,2026-08-29T07:49:13Z,0.0
SP5 1NN,SEPD,HV,1,TX1595,292,2026-08-29T07:49:13Z,2026-08-29T07:49:13Z,0.0
SP5 1NP,SEPD,HV,1,TX1595,292,2026-08-29T07:49:13Z,2026-08-29T07:49:13Z,0.0
SP5 1NR,SEPD,HV,1,TX1595,292,2026-08-29T07:49:13Z,2026-08-29T07:49:13Z,0.0
SP5 1NS,SEPD,HV,1,TX1595,292,2026-08-29T07:49:13Z,2026-08-29T07:49:13Z,0.0
SP5 1NT,SEPD,HV,1,TX1595,292,2026-08-29T07:49:13Z,2026-08-29T07:49:13Z,0.0
SP5 1NU,SEPD,HV,1,TX1595,292,2026-08-29T07:49:13Z,2026-08-29T07:49:13Z,0.0
SP5 1NW,SEPD,HV,1,TX1595,292,2026-08-29T07:49:13Z,2026-08-29T07:49:13Z,0.0
SP5 1NX,SEPD,HV,1,TX1595,292,2026-08-29T07:49:13Z,2026-08-29T07:49:13Z,0.0
SP5 1NY,SEPD,HV,1,TX1595,292,2026-08-29T07:49:13Z,2026-08-29T07:49:13Z,0.0
SP5 1PA,SEPD,HV,1,TX1595,292,2026-08-29T07:49:13Z,2026-08-29T07:49:13Z,0.0
SP5 1PB,SEPD,HV,1,TX1595,292,2026-08-29T07:49:13Z,2026-08-29T07:49:13Z,0.0
SP5 1PD,SEPD,HV,1,TX1595,292,2026-08-29T07:49:13Z,2026-08-29T07:49:13Z,0.0
SP5 1QB,SEPD,HV,1,TX1595,292,2026-08-29T07:49:13Z,2026-08-29T07:49:13Z,0.0
SP5 1TH,SEPD,HV,1,TX1595,292,2026-08-29T07:49:13Z,2026-08-29T07:49:13Z,0.0
SP5 2BB,SEPD,PSI,1,253094,43,2026-08-27T20:44:46Z,2026-08-27T20:44:46Z,0.0
SP5 2BG,SEPD,PSI,1,253094,43,2026-08-27T20:44:46Z,2026-08-27T20:44:46Z,0.0
SP6 2EX,SEPD,HV,1,TX6238,677,2026-09-02T05:57:39Z,2026-09-02T05:57:39Z,0.0
SP6 2EY,SEPD,HV,1,TX6238,677,2026-09-02T05:57:39Z,2026-09-02T05:57:39Z,0.0
SP6 2HB,SEPD,HV,1,TX6238,677,2026-09-02T05:57:39Z,2026-09-02T05:57:39Z,0.0
SP6 2PB,SEPD,HV,1,TX6238,677,2026-09-02T05:57:39Z,2026-09-02T05:57:39Z,0.0
SP6 2PD,SEPD,HV,1,TX6238,677,2026-09-02T05:57:39Z,2026-09-02T05:57:39Z,0.0
SP6 2PE,SEPD,HV,1,TX6238,677,2026-09-02T05:57:39Z,2026-09-02T05:57:39Z,0.0
SP6 2PF,SEPD,HV,1,TX6238,677,2026-09-02T05:57:39Z,2026-09-02T05:57:39Z,0.0
SP6 2PG,SEPD,HV,1,TX6238,677,2026-09-02T05:57:39Z,2026-09-02T05:57:39Z,0.0
SP6 2PH,SEPD,HV,1,TX6238,677,2026-09-02T05:57:39Z,2026-09-02T05:57:39Z,0.0
SP6 2PJ,SEPD,HV,1,TX6238,677,2026-09-02T05:57:39Z,2026-09-02T05:57:39Z,0.0
SP6 2PL,SEPD,HV,1,TX6238,677,2026-09-02T05:57:39Z,2026-09-02T05:57:39Z,0.0
SP6 2PN,SEPD,HV,1,TX6238,677,2026-09-02T05:57:39Z,2026-09-02T05:57:39Z,0.0
SP6 2PP,SEPD,HV,1,TX6238,677,2026-09-02T05:57:39Z,2026-09-02T05:57:39Z,0.0
SP6 2PQ,SEPD,HV,1,TX6238,677,2026-09-02T05:57:39Z,2026-09-02T05:57:39Z,0.0
SP6 2PR,SEPD,HV,1,TX6238,677,2026-09-02T05:57:39Z,2026-09-02T05:57:39Z,0.0
SP6 2PS,SEPD,HV,1,TX6238,677,2026-09-02T05:57:39Z,2026-09-02T05:57:39Z,0.0
SP6 2PT,SEPD,HV,1,TX6238,677,2026-09-02T05:57:39Z,2026-09-02T05:57:39Z,0.0
SP6 2PU,SEPD,HV,1,TX6238,677,2026-09-02T05:57:39Z,2026-09-02T05:57:39Z,0.0
SP6 2PW,SEPD,HV,1,TX6238,677,2026-09-02T05:57:39Z,2026-09-02T05:57:39Z,0.0
SP6 2PX,SEPD,HV,1,TX6238,677,2026-09-02T05:57:39Z,2026-09-02T05:57:39Z,0.0
SP6 2PY,SEPD,HV,1,TX6238,677,2026-09-02T05:57:39Z,2026-09-02T05:57:39Z,0.0
SP6 2PZ,SEPD,HV,1,TX6238,677,2026-09-02T05:57:39Z,2026-09-02T05:57:39Z,0.0
SP6 2QA,SEPD,HV,1,TX6238,677,2026-09-02T05:57:39Z,2026-09-02T05:57:39Z,0.0
SP6 2QB,SEPD,HV,1,TX6238,677,2026-09-02T05:57:39Z,2026-09-02T05:57:39Z,0.0
SP6 2QD,SEPD,HV,1,TX6238,677,2026-09-02T05:57:39Z,2026-09-02T05:57:39Z,0.0
SP6 2QE,SEPD,HV,1,TX6238,677,2026-09-02T05:57:39Z,2026-09-02T05:57:39Z,0.0
SP6 2QF,SEPD,HV,1,TX6238,677,2026-09-02T05:57:39Z,2026-09-02T05:57:39Z,0.0
SP6 2QG,SEPD,HV,1,TX6238,677,2026-09-02T05:57:39Z,2026-09-02T05:57:39Z,0.0
SP6 2QH,SEPD,HV,1,TX6238,677,2026-09-02T05:57:39Z,2026-09-02T05:57:39Z,0.0
SP6 2QJ,SEPD,HV,1,TX6238,677,2026-09-02T05:57:39Z,2026-09-02T05:57:39Z,0.0
SP6 2QL,SEPD,HV,1,TX6238,677,2026-09-02T05:57:39Z,2026-09-02T05:57:39Z,0.0
SP6 2QP,SEPD,HV,1,TX6238,677,2026-09-02T05:57:39Z,2026-09-02T05:57:39Z,0.0
SP6 2QQ,SEPD,HV,1,TX6238,677,2026-09-02T05:57:39Z,2026-09-02T05:57:39Z,0.0
SP6 2QW,SEPD,HV,1,TX6238,677,2026-09-02T05:57:39Z,2026-09-02T05:57:39Z,0.0
TW14 0BG,SEPD,LV,1,TX5786,14,2026-09-01T18:50:36Z,2026-09-01T18:50:36Z,0.0
TW14 0BP,SEPD,LV,1,TX5786,14,2026-09-01T18:50:36Z,2026-09-01T18:50:36Z,0.0
TW14 8PA,SEPD,HV,1,TX1907,361,2026-08-29T13:24:25Z,2026-08-29T13:24:25Z,0.0
TW14 9XJ,SEPD,PSI,1,253925,63,2026-09-01T11:41:40Z,2026-09-01T11:41:40Z,0.0
TW5 0JR,SEPD,LV,1,TX4553,26,2026-09-01T00:56:36Z,2026-09-01T00:56:36Z,0.0
TW5 0NB,SEPD,LV,1,TX4553,26,2026-09-01T00:56:36Z,2026-09-01T00:56:36Z,0.0
TW5 0PT,SEPD,LV,1,TX4553,26,2026-09-01T00:56:36Z,2026-09-01T00:56:36Z,0.0
TW5 0QB,SEPD,LV,1,TX4553,26,2026-09-01T00:56:36Z,2026-09-01T00:56:36Z,0.0
TW5 0QD,SEPD,LV,1,TX4553,26,2026-09-01T00:56:36Z,2026-09-01T00:56:36Z,0.0
TW5 0QF,SEPD,LV,1,TX4553,26,2026-09-01T00:56:36Z,2026-09-01T00:56:36Z,0.0
TW5 9GT,SEPD,HV,1,TX1907,361,2026-08-29T13:24:25Z,2026-08-29T13:24:25Z,0.0
TW5 9LA,SEPD,HV,1,TX1907,361,2026-08-29T13:24:25Z,2026-08-29T13:24:25Z,0.0
TW5 9LB,SEPD,HV,1,TX1907,361,2026-08-29T13:24:25Z,2026-08-29T13:24:25Z,0.0
TW5 9LD,SEPD,HV,1,TX1907,361,2026-08-29T13:24:25Z,2026-08-29T13:24:25Z,0.0
TW5 9LF,SEPD,HV,1,TX1907,361,2026-08-29T13:24:25Z,2026-08-29T13:24:25Z,0.0
TW5 9LG,SEPD,HV,1,TX1907,361,2026-08-29T13:24:25Z,2026-08-29T13:24:25Z,0.0
TW5 9LL,SEPD,HV,1,TX1907,361,2026-08-29T13:24:25Z,2026-08-29T13:24:25Z,0.0
TW5 9LP,SEPD,HV,1,TX1907,361,2026-08-29T13:24:25Z,2026-08-29T13:24:25Z,0.0
TW5 9LQ,SEPD,HV,1,TX1907,361,2026-08-29T13:24:25Z,2026-08-29T13:24:25Z,0.0
TW5 9LR,SEPD,HV,1,TX1907,361,2026-08-29T13:24:25Z,2026-08-29T13:24:25Z,0.0
TW5 9LS,SEPD,HV,1,TX1907,361,2026-08-29T13:24:25Z,2026-08-29T13:24:25Z,0.0
TW5 9LU,SEPD,HV,1,TX1907,361,2026-08-29T13:24:25Z,2026-08-29T13:24:25Z,0.0
TW5 9NA,SEPD,HV,1,TX1907,361,2026-08-29T13:24:25Z,2026-08-29T13:24:25Z,0.0
TW5 9NB,SEPD,HV,1,TX1907,361,2026-08-29T13:24:25Z,2026-08-29T13:24:25Z,0.0
TW5 9NJ,SEPD,HV,1,TX1907,361,2026-08-29T13:24:25Z,2026-08-29T13:24:25Z,0.0
TW5 9NW,SEPD,HV,1,TX1907,361,2026-08-29T13:24:25Z,2026-08-29T13:24:25Z,0.0
TW5 9QA,SEPD,HV,1,TX1907,361,2026-08-29T13:24:25Z,2026-08-29T13:24:25Z,0.0
TW5 9QB,SEPD,HV,1,TX1907,361,2026-08-29T13:24:25Z,2026-08-29T13:24:25Z,0.0
TW6 2AR,SEPD,HV,1,TX1907,361,2026-08-29T13:24:25Z,2026-08-29T13:24:25Z,0.0
UB10 9NH,SEPD,LV,1,TX2948,25,2026-08-30T10:38:44Z,2026-08-30T10:38:44Z,0.0
UB10 9NQ,SEPD,LV,1,TX2948,25,2026-08-30T10:38:44Z,2026-08-30T10:38:44Z,0.0
UB10 9QN,SEPD,LV,1,TX2948,25,2026-08-30T10:38:44Z,2026-08-30T10:38:44Z,0.0
UB10 9QW,SEPD,LV,1,TX2948,25,2026-08-30T10:38:44Z,2026-08-30T10:38:44Z,0.0
UB5 4AB,SEPD,HV,1,TX0314,2631,2026-08-28T04:56:18Z,2026-08-28T04:56:18Z,0.0
UB5 4AD,SEPD,HV,1,TX0314,2631,2026-08-28T04:56:18Z,2026-08-28T04:56:18Z,0.0
UB5 4AE,SEPD,HV,1,TX0314,2631,2026-08-28T04:56:18Z,2026-08-28T04:56:18Z,0.0
UB5 4AF,SEPD,HV,1,TX0314,2631,2026-08-28T04:56:18Z,2026-08-28T04:56:18Z,0.0
UB5 4AG,SEPD,HV,1,TX0314,2631,2026-08-28T04:56:18Z,2026-08-28T04:56:18Z,0.0
UB5 4AH,SEPD,HV,1,TX0314,2631,2026-08-28T04:56:18Z,2026-08-28T04:56:18Z,0.0
UB5 4AJ,SEPD,HV,1,TX0314,2631,2026-08-28T04:56:18Z,2026-08-28T04:56:18Z,0.0
UB5 4AL,SEPD,HV,1,TX0314,2631,2026-08-28T04:56:18Z,2026-08-28T04:56:18Z,0.0
UB5 4AP,SEPD,HV,1,TX0314,2631,2026-08-28T04:56:18Z,2026-08-28T04:56:18Z,0.0
UB5 4AQ,SEPD,HV,1,TX0314,2631,2026-08-28T04:56:18Z,2026-08-28T04:56:18Z,0.0
UB5 4AR,SEPD,HV,1,TX0314,2631,2026-08-28T04:56:18Z,2026-08-28T04:56:18Z,0.0
UB5 4AS,SEPD,HV,1,TX0314,2631,2026-08-28T04:56:18Z,2026-08-28T04:56:18Z,0.0
UB5 4AT,SEPD,HV,1,TX0314,2631,2026-08-28T04:56:18Z,2026-08-28T04:56:18Z,0.0
UB5 4AU,SEPD,HV,1,TX0314,2631,2026-08-28T04:56:18Z,2026-08-28T04:56:18Z,0.0
UB5 4AW,SEPD,HV,1,TX0314,2631,2026-08-28T04:56:18Z,2026-08-28T04:56:18Z,0.0
UB5 4AX,SEPD,HV,1,TX0314,2631,2026-08-28T04:56:18Z,2026-08-28T04:56:18Z,0.0
UB5 4BJ,SEPD,HV,1,TX0314,2631,2026-08-28T04:56:18Z,2026-08-28T04:56:18Z,0.0
UB5 4BY,SEPD,HV,1,TX0314,2631,2026-08-28T04:56:18Z,2026-08-28T04:56:18Z,0.0
UB5 4BZ,SEPD,HV,1,TX0314,2631,2026-08-28T04:56:18Z,2026-08-28T04:56:18Z,0.0
UB5 4DA,SEPD,HV,1,TX0314,2631,2026-08-28T04:56:18Z,2026-08-28T04:56:18Z,0.0
UB5 4DB,SEPD,HV,1,TX0314,2631,2026-08-28T04:56:18Z,2026-08-28T04:56:18Z,0.0
UB5 4DD,SEPD,HV,1,TX0314,2631,2026-08-28T04:56:18Z,2026-08-28T04:56:18Z,0.0
UB5 4DE,SEPD,HV,1,TX0314,2631,2026-08-28T04:56:18Z,2026-08-28T04:56:18Z,0.0
UB5 4DF,SEPD,HV,1,TX0314,2631,2026-08-28T04:56:18Z,2026-08-28T04:56:18Z,0.0
UB5 4DG,SEPD,HV,1,TX0314,2631,2026-08-28T04:56:18Z,2026-08-28T04:56:18Z,0.0
UB5 4DH,SEPD,HV,1,TX0314,2631,2026-08-28T04:56:18Z,2026-08-28T04:56:18Z,0.0
UB5 4DJ,SEPD,HV,1,TX0314,2631,2026-08-28T04:56:18Z,2026-08-28T04:56:18Z,0.0
UB5 4DL,SEPD,HV,1,TX0314,2631,2026-08-28T04:56:18Z,2026-08-28T04:56:18Z,0.0
UB5 4DN,SEPD,HV,1,TX0314,2631,2026-08-28T04:56:18Z,2026-08-28T04:56:18Z,0.0
UB5 4DP,SEPD,HV,1,TX0314,2631,2026-08-28T04:56:18Z,2026-08-28T04:56:18Z,0.0
UB5 4DQ,SEPD,HV,1,TX0314,2631,2026-08-28T04:56:18Z,2026-08-28T04:56:18Z,0.0
UB5 4DR,SEPD,HV,1,TX0314,2631,2026-08-28T04:56:18Z,2026-08-28T04:56:18Z,0.0
UB5 4DS,SEPD,HV,1,TX0314,2631,2026-08-28T04:56:18Z,2026-08-28T04:56:18Z,0.0
UB5 4DU,SEPD,HV,1,TX0314,2631,2026-08-28T04:56:18Z,2026-08-28T04:56:18Z,0.0
UB5 4DW,SEPD,HV,1,TX0314,2631,2026-08-28T04:56:18Z,2026-08-28T04:56:18Z,0.0
UB5 4DX,SEPD,HV,1,TX0314,2631,2026-08-28T04:56:18Z,2026-08-28T04:56:18Z,0.0
UB5 4DY,SEPD,HV,1,TX0314,2631,2026-08-28T04:56:18Z,2026-08-28T04:56:18Z,0.0
UB5 4DZ,SEPD,HV,1,TX0314,2631,2026-08-28T04:56:18Z,2026-08-28T04:56:18Z,0.0
UB5 4EA,SEPD,HV,1,TX0314,2631,2026-08-28T04:56:18Z,2026-08-28T04:56:18Z,0.0
UB5 4EB,SEPD,HV,1,TX0314,2631,2026-08-28T04:56:18Z,2026-08-28T04:56:18Z,0.0
UB5 4ED,SEPD,HV,1,TX0314,2631,2026-08-28T04:56:18Z,2026-08-28T04:56:18Z,0.0
UB5 4EE,SEPD,HV,1,TX0314,2631,2026-08-28T04:56:18Z,2026-08-28T04:56:18Z,0.0
UB5 4EF,SEPD,HV,1,TX0314,2631,2026-08-28T04:56:18Z,2026-08-28T04:56:18Z,0.0
UB5 4EG,SEPD,HV,1,TX0314,2631,2026-08-28T04:56:18Z,2026-08-28T04:56:18Z,0.0
UB5 4EH,SEPD,HV,1,TX0314,2631,2026-08-28T04:56:18Z,2026-08-28T04:56:18Z,0.0
UB5 4EJ,SEPD,HV,1,TX0314,2631,2026-08-28T04:56:18Z,2026-08-28T04:56:18Z,0.0
UB5 4EL,SEPD,HV,1,TX0314,2631,2026-08-28T04:56:18Z,2026-08-28T04:56:18Z,0.0
UB5 4EN,SEPD,HV,1,TX0314,2631,2026-08-28T04:56:18Z,2026-08-28T04:56:18Z,0.0
UB5 4EP,SEPD,HV,1,TX0314,2631,2026-08-28T04:56:18Z,2026-08-28T04:56:18Z,0.0
UB5 4EQ,SEPD,HV,1,TX0314,2631,2026-08-28T04:56:18Z,2026-08-28T04:56:18Z,0.0
UB5 4ER,SEPD,HV,1,TX0314,2631,2026-08-28T04:56:18Z,2026-08-28T04:56:18Z,0.0
UB5 4ES,SEPD,HV,1,TX0314,2631,2026-08-28T04:56:18Z,2026-08-28T04:56:18Z,0.0
UB5 4ET,SEPD,HV,1,TX0314,2631,2026-08-28T04:56:18Z,2026-08-28T04:56:18Z,0.0
UB5 4EU,SEPD,HV,1,TX0314,2631,2026-08-28T04:56:18Z,2026-08-28T04:56:18Z,0.0
UB5 4EW,SEPD,HV,1,TX0314,2631,2026-08-28T04:56:18Z,2026-08-28T04:56:18Z,0.0
UB5 4EX,SEPD,HV,1,TX0314,2631,2026-08-28T04:56:18Z,2026-08-28T04:56:18Z,0.0
UB5 4EY,SEPD,HV,1,TX0314,2631,2026-08-28T04:56:18Z,2026-08-28T04:56:18Z,0.0
UB5 4FH,SEPD,HV,1,TX0314,2631,2026-08-28T04:56:18Z,2026-08-28T04:56:18Z,0.0
UB5 4FJ,SEPD,HV,1,TX0314,2631,2026-08-28T04:56:18Z,2026-08-28T04:56:18Z,0.0
UB5 4FL,SEPD,HV,1,TX0314,2631,2026-08-28T04:56:18Z,2026-08-28T04:56:18Z,0.0
UB5 4FN,SEPD,HV,1,TX0314,2631,2026-08-28T04:56:18Z,2026-08-28T04:56:18Z,0.0
UB5 4FP,SEPD,HV,1,TX0314,2631,2026-08-28T04:56:18Z,2026-08-28T04:56:18Z,0.0
UB5 4FQ,SEPD,HV,1,TX0314,2631,2026-08-28T04:56:18Z,2026-08-28T04:56:18Z,0.0
UB5 4FR,SEPD,HV,1,TX0314,2631,2026-08-28T04:56:18Z,2026-08-28T04:56:18Z,0.0
UB5 4GB,SEPD,HV,1,TX0314,2631,2026-08-28T04:56:18Z,2026-08-28T04:56:18Z,0.0
UB5 4HA,SEPD,HV,1,TX0314,2631,2026-08-28T04:56:18Z,2026-08-28T04:56:18Z,0.0
UB5 4HB,SEPD,HV,1,TX0314,2631,2026-08-28T04:56:18Z,2026-08-28T04:56:18Z,0.0
UB5 4HE,SEPD,HV,1,TX0314,2631,2026-08-28T04:56:18Z,2026-08-28T04:56:18Z,0.0
UB5 4HF,SEPD,HV,1,TX0314,2631,2026-08-28T04:56:18Z,2026-08-28T04:56:18Z,0.0
UB5 4HG,SEPD,HV,1,TX0314,2631,2026-08-28T04:56:18Z,2026-08-28T04:56:18Z,0.0
UB5 4HH,SEPD,HV,1,TX0314,2631,2026-08-28T04:56:18Z,2026-08-28T04:56:18Z,0.0
UB5 4HN,SEPD,HV,1,TX0314,2631,2026-08-28T04:56:18Z,2026-08-28T04:56:18Z,0.0
UB5 4HQ,SEPD,HV,1,TX0314,2631,2026-08-28T04:56:18Z,2026-08-28T04:56:18Z,0.0
UB5 4NA,SEPD,HV,1,TX0314,2631,2026-08-28T04:56:18Z,2026-08-28T04:56:18Z,0.0
UB5 4NH,SEPD,HV,1,TX0314,2631,2026-08-28T04:56:18Z,2026-08-28T04:56:18Z,0.0
UB5 4PL,SEPD,HV,1,TX0314,2631,2026-08-28T04:56:18Z,2026-08-28T04:56:18Z,0.0
UB5 4PN,SEPD,HV,1,TX0314,2631,2026-08-28T04:56:18Z,2026-08-28T04:56:18Z,0.0
UB5 4PU,SEPD,HV,1,TX0314,2631,2026-08-28T04:56:18Z,2026-08-28T04:56:18Z,0.0
UB5 4PW,SEPD,HV,1,TX0314,2631,2026-08-28T04:56:18Z,2026-08-28T04:56:18Z,0.0
UB5 4PX,SEPD,HV,1,TX0314,2631,2026-08-28T04:56:18Z,2026-08-28T04:56:18Z,0.0
UB5 4PY,SEPD,HV,1,TX0314,2631,2026-08-28T04:56:18Z,2026-08-28T04:56:18Z,0.0
UB5 4PZ,SEPD,HV,1,TX0314,2631,2026-08-28T04:56:18Z,2026-08-28T04:56:18Z,0.0
UB5 4QH,SEPD,HV,1,TX0314,2631,2026-08-28T04:56:18Z,2026-08-28T04:56:18Z,0.0
UB5 4QJ,SEPD,HV,1,TX0314,2631,2026-08-28T04:56:18Z,2026-08-28T04:56:18Z,0.0
UB5 4QL,SEPD,HV,1,TX0314,2631,2026-08-28T04:56:18Z,2026-08-28T04:56:18Z,0.0
UB5 4QN,SEPD,HV,1,TX0314,2631,2026-08-28T04:56:18Z,2026-08-28T04:56:18Z,0.0
UB5 4QS,SEPD,HV,1,TX0314,2631,2026-08-28T04:56:18Z,2026-08-28T04:56:18Z,0.0
UB5 4QT,SEPD,HV,1,TX0314,2631,2026-08-28T04:56:18Z,2026-08-28T04:56:18Z,0.0
UB5 4QU,SEPD,HV,1,TX0314,2631,2026-08-28T04:56:18Z,2026-08-28T04:56:18Z,0.0
UB5 4QX,SEPD,HV,1,TX0314,2631,2026-08-28T04:56:18Z,2026-08-28T04:56:18Z,0.0
UB5 4QY,SEPD,HV,1,TX0314,2631,2026-08-28T04:56:18Z,2026-08-28T04:56:18Z,0.0
UB5 4QZ,SEPD,HV,1,TX0314,2631,2026-08-28T04:56:18Z,2026-08-28T04:56:18Z,0.0
UB5 4RE,SEPD,HV,1,TX0314,2631,2026-08-28T04:56:18Z,2026-08-28T04:56:18Z,0.0
UB5 4RF,SEPD,HV,1,TX0314,2631,2026-08-28T04:56:18Z,2026-08-28T04:56:18Z,0.0
UB5 4RG,SEPD,HV,1,TX0314,2631,2026-08-28T04:56:18Z,2026-08-28T04:56:18Z,0.0
UB5 4RH,SEPD,HV,1,TX0314,2631,2026-08-28T04:56:18Z,2026-08-28T04:56:18Z,0.0
UB5 4RJ,SEPD,HV,1,TX0314,2631,2026-08-28T04:56:18Z,2026-08-28T04:56:18Z,0.0
UB5 4RL,SEPD,HV,1,TX0314,2631,2026-08-28T04:56:18Z,2026-08-28T04:56:18Z,0.0
UB5 4RN,SEPD,HV,1,TX0314,2631,2026-08-28T04:56:18Z,2026-08-28T04:56:18Z,0.0
UB5 4RP,SEPD,HV,1,TX0314,2631,2026-08-28T04:56:18Z,2026-08-28T04:56:18Z,0.0
UB5 4RQ,SEPD,HV,1,TX0314,2631,2026-08-28T04:56:18Z,2026-08-28T04:56:18Z,0.0
UB5 4RX,SEPD,HV,1,TX0314,2631,2026-08-28T04:56:18Z,2026-08-28T04:56:18Z,0.0
UB5 4SF,SEPD,HV,1,TX0314,2631,2026-08-28T04:56:18Z,2026-08-28T04:56:18Z,0.0
UB6 0AL,SEPD,HV,1,TX0314,2631,2026-08-28T04:56:18Z,2026-08-28T04:56:18Z,0.0
UB6 8LU,SEPD,HV,1,TX0314,2631,2026-08-28T04:56:18Z,2026-08-28T04:56:18Z,0.0
UB6 8LX,SEPD,HV,1,TX0314,2631,2026-08-28T04:56:18Z,2026-08-28T04:56:18Z,0.0
UB6 8LY,SEPD,HV,1,TX0314,2631,2026-08-28T04:56:18Z,2026-08-28T04:56:18Z,0.0
UB6 8NS,SEPD,HV,1,TX0314,2631,2026-08-28T04:56:18Z,2026-08-28T04:56:18Z,0.0
UB6 8NY,SEPD,HV,1,TX0314,2631,2026-08-28T04:56:18Z,2026-08-28T04:56:18Z,0.0
UB6 8NZ,SEPD,HV,1,TX0314,2631,2026-08-28T04:56:18Z,2026-08-28T04:56:18Z,0.0
UB6 8PB,SEPD,HV,1,TX0314,2631,2026-08-28T04:56:18Z,2026-08-28T04:56:18Z,0.0
UB6 8PD,SEPD,HV,1,TX0314,2631,2026-08-28T04:56:18Z,2026-08-28T04:56:18Z,0.0
UB6 8PE,SEPD,HV,1,TX0314,2631,2026-08-28T04:56:18Z,2026-08-28T04:56:18Z,0.0
UB6 8PH,SEPD,HV,1,TX0314,2631,2026-08-28T04:56:18Z,2026-08-28T04:56:18Z,0.0
UB7 0ET,SEPD,LV,1,TX1584,17,2026-08-29T07:49:13Z,2026-08-29T07:49:13Z,0.0
UB8 2BS,SEPD,HV,1,TX0224,35,2026-08-28T04:56:18Z,2026-08-28T04:56:18Z,0.0
UB8 2JH,SEPD,HV,1,TX0224,35,2026-08-28T04:56:18Z,2026-08-28T04:56:18Z,0.0
W13 0SQ,SEPD,LV,1,TW9831,13,2026-08-27T20:44:46Z,2026-08-27T20:44:46Z,0.0
W13 0SU,SEPD,LV,1,TW9831,13,2026-08-27T20:44:46Z,2026-08-27T20:44:46Z,0.0
W13 0SY,SEPD,LV,1,TW9831,13,2026-08-27T20:44:46Z,2026-08-27T20:44:46Z,0.0
W13 9AA,SEPD,LV,1,TX4698,24,2026-09-01T11:41:40Z,2026-09-01T11:41:40Z,0.0
W13 9AE,SEPD,LV,1,TX4698,24,2026-09-01T11:41:40Z,2026-09-01T11:41:40Z,0.0
W13 9BP,SEPD,LV,1,TW9831,13,2026-08-27T20:44:46Z,2026-08-27T20:44:46Z,0.0
W7 2EN,SEPD,LV,1,TX5006,28,2026-09-01T11:41:40Z,2026-09-01T11:41:40Z,0.0
W7 2ES,SEPD,LV,1,TX5006,28,2026-09-01T11:41:40Z,2026-09-01T11:41:40Z,0.0
W7 2ET,SEPD,LV,1,TX5006,28,2026-09-01T11:41:40Z,2026-09-01T11:41:40Z,0.0
W7 2EW,SEPD,LV,1,TX5006,28,2026-09-01T11:41:40Z,2026-09-01T11:41:40Z,0.0
W7 2NP,SEPD,LV,1,TX5006,28,2026-09-01T11:41:40Z,2026-09-01T11:41:40Z,0.0
WD3 1AA,SEPD,LV,1,TX0262,29,2026-08-28T04:56:18Z,2026-08-28T04:56:18Z,0.0
WD3 3FP,SEPD,LV,1,TX0262,29,2026-08-28T04:56:18Z,2026-08-28T04:56:18Z,0.0
WD3 3FS,SEPD,LV,1,TX0262,29,2026-08-28T04:56:18Z,2026-08-28T04:56:18Z,0.0
WD3 3FT,SEPD,LV,1,TX0262,29,2026-08-28T04:56:18Z,2026-08-28T04:56:18Z,0.0
WD3 3FW,SEPD,LV,1,TX0262,29,2026-08-28T04:56:18Z,2026-08-28T04:56:18Z,0.0
WD3 3FX,SEPD,LV,1,TX0262,29,2026-08-28T04:56:18Z,2026-08-28T04:56:18Z,0.0
ZE2 9DD,SHEPD,HV,1,TX3549,6,2026-08-30T21:34:26Z,2026-08-30T21:34:26Z,0.0
ZE2 9SD,SHEPD,LV,1,TX5836,5,2026-09-01T18:50:36Z,2026-09-01T18:50:36Z,0.0
ZE2 9SE,SHEPD,LV,1,TX5836,5,2026-09-01T18:50:36Z,2026-09-01T18:50:36Z,0.0
