postcode,network,outage_type,outage_count,outage_refs,total_customers_affected,first_seen,last_seen,time_off_supply_hours_total_approx
SP11 7JX,SEPD,PSI,1,251112,3,2026-07-01T10:33:26Z,2026-07-06T09:46:21Z,119.22
SP11 7RN,SEPD,PSI,1,251112,3,2026-07-01T10:33:26Z,2026-07-06T09:46:21Z,119.22
SP11 7SE,SEPD,PSI,1,251112,3,2026-07-01T10:33:26Z,2026-07-06T09:46:21Z,119.22
PO21 5HD,SEPD,"HV,LV",5,"TP2337,TP2480,TP2642,TP2758,TP2885",75,2026-07-06T13:35:12Z,2026-07-07T16:21:20Z,24.71
PO21 5HE,SEPD,"HV,LV",5,"TP2337,TP2480,TP2642,TP2758,TP2885",75,2026-07-06T13:35:12Z,2026-07-07T16:21:20Z,24.71
SL1 7BG,SEPD,LV,1,TN9327,5,2026-07-03T15:30:39Z,2026-07-04T15:39:50Z,24.15
PO21 5HB,SEPD,LV,2,"TP2480,TP2642",18,2026-07-06T16:44:02Z,2026-07-07T16:21:20Z,21.56
PO21 5HF,SEPD,LV,2,"TP2480,TP2642",18,2026-07-06T16:44:02Z,2026-07-07T16:21:20Z,21.56
OX27 8FQ,SEPD,LV,1,TN6386,16,2026-07-01T16:00:46Z,2026-07-02T13:12:33Z,21.2
HP13 7JY,SEPD,LV,1,TN4268,59,2026-06-30T17:14:57Z,2026-07-01T13:21:00Z,20.1
HP13 7LE,SEPD,LV,1,TN4268,59,2026-06-30T17:14:57Z,2026-07-01T13:21:00Z,20.1
HP13 7LJ,SEPD,LV,1,TN4268,59,2026-06-30T17:14:57Z,2026-07-01T13:21:00Z,20.1
HP13 7LL,SEPD,LV,1,TN4268,59,2026-06-30T17:14:57Z,2026-07-01T13:21:00Z,20.1
HP13 7LN,SEPD,LV,1,TN4268,59,2026-06-30T17:14:57Z,2026-07-01T13:21:00Z,20.1
HP13 7LQ,SEPD,LV,1,TN4268,59,2026-06-30T17:14:57Z,2026-07-01T13:21:00Z,20.1
HP13 7QH,SEPD,LV,1,TN4268,59,2026-06-30T17:14:57Z,2026-07-01T13:21:00Z,20.1
HP13 7QU,SEPD,LV,1,TN4268,59,2026-06-30T17:14:57Z,2026-07-01T13:21:00Z,20.1
RG7 3EN,SEPD,"LV,HV",3,"TN6519,TN6603,TN7444",397,2026-07-01T18:06:56Z,2026-07-02T11:18:59Z,19.8
RG7 3EP,SEPD,"LV,HV",3,"TN6519,TN6603,TN7444",397,2026-07-01T18:06:56Z,2026-07-02T11:18:59Z,19.8
RG7 3ER,SEPD,"LV,HV",3,"TN6519,TN6603,TN7444",397,2026-07-01T18:06:56Z,2026-07-02T11:18:59Z,19.8
RG7 3ES,SEPD,"LV,HV",3,"TN6519,TN6603,TN7444",397,2026-07-01T18:06:56Z,2026-07-02T11:18:59Z,19.8
RG7 3ET,SEPD,"LV,HV",3,"TN6519,TN6603,TN7444",397,2026-07-01T18:06:56Z,2026-07-02T11:18:59Z,19.8
RG7 3EU,SEPD,"LV,HV",3,"TN6519,TN6603,TN7444",397,2026-07-01T18:06:56Z,2026-07-02T11:18:59Z,19.8
RG7 3EW,SEPD,"LV,HV",3,"TN6519,TN6603,TN7444",397,2026-07-01T18:06:56Z,2026-07-02T11:18:59Z,19.8
RG7 3EX,SEPD,"LV,HV",3,"TN6519,TN6603,TN7444",397,2026-07-01T18:06:56Z,2026-07-02T11:18:59Z,19.8
RG7 3EY,SEPD,"LV,HV",3,"TN6519,TN6603,TN7444",397,2026-07-01T18:06:56Z,2026-07-02T11:18:59Z,19.8
RG7 3HA,SEPD,"LV,HV",3,"TN6519,TN6603,TN7444",397,2026-07-01T18:06:56Z,2026-07-02T11:18:59Z,19.8
RG7 3JF,SEPD,"LV,HV",3,"TN6519,TN6603,TN7444",397,2026-07-01T18:06:56Z,2026-07-02T11:18:59Z,19.8
RG7 3JL,SEPD,"LV,HV",3,"TN6519,TN6603,TN7444",397,2026-07-01T18:06:56Z,2026-07-02T11:18:59Z,19.8
RG7 3JY,SEPD,"LV,HV",3,"TN6519,TN6603,TN7444",397,2026-07-01T18:06:56Z,2026-07-02T11:18:59Z,19.8
RG7 3JZ,SEPD,"LV,HV",3,"TN6519,TN6603,TN7444",397,2026-07-01T18:06:56Z,2026-07-02T11:18:59Z,19.8
RG7 3LA,SEPD,"LV,HV",3,"TN6519,TN6603,TN7444",397,2026-07-01T18:06:56Z,2026-07-02T11:18:59Z,19.8
RG7 3NB,SEPD,"LV,HV",3,"TN6519,TN6603,TN7444",397,2026-07-01T18:06:56Z,2026-07-02T11:18:59Z,19.8
RG7 3ND,SEPD,"LV,HV",3,"TN6519,TN6603,TN7444",397,2026-07-01T18:06:56Z,2026-07-02T11:18:59Z,19.8
SN3 1HT,SEPD,LV,1,TN9522,11,2026-07-03T16:59:17Z,2026-07-04T11:45:25Z,18.77
SN3 1HU,SEPD,LV,1,TN9522,11,2026-07-03T16:59:17Z,2026-07-04T11:45:25Z,18.77
SO23 7DD,SEPD,LV,1,TP2809,36,2026-07-06T20:45:24Z,2026-07-07T13:52:22Z,17.12
SO23 7DE,SEPD,LV,1,TP2809,36,2026-07-06T20:45:24Z,2026-07-07T13:52:22Z,17.12
SO23 7DF,SEPD,LV,1,TP2809,36,2026-07-06T20:45:24Z,2026-07-07T13:52:22Z,17.12
SO23 7DJ,SEPD,LV,1,TP2809,36,2026-07-06T20:45:24Z,2026-07-07T13:52:22Z,17.12
SO23 7DQ,SEPD,LV,1,TP2809,36,2026-07-06T20:45:24Z,2026-07-07T13:52:22Z,17.12
SO23 7EJ,SEPD,LV,1,TP2809,36,2026-07-06T20:45:24Z,2026-07-07T13:52:22Z,17.12
SO23 7TR,SEPD,LV,1,TP2809,36,2026-07-06T20:45:24Z,2026-07-07T13:52:22Z,17.12
SO23 7TS,SEPD,LV,1,TP2809,36,2026-07-06T20:45:24Z,2026-07-07T13:52:22Z,17.12
SO19 6DW,SEPD,LV,1,TP1381,6,2026-07-05T23:37:56Z,2026-07-06T16:44:02Z,17.1
BA11 5AR,SEPD,LV,1,TN4959,15,2026-06-30T21:06:42Z,2026-07-01T13:21:00Z,16.24
SL3 9AA,SEPD,LV,1,TP2857,40,2026-07-06T22:03:59Z,2026-07-07T13:52:22Z,15.81
SL3 9AP,SEPD,LV,1,TP2857,40,2026-07-06T22:03:59Z,2026-07-07T13:52:22Z,15.81
SL3 9AX,SEPD,LV,1,TP2857,40,2026-07-06T22:03:59Z,2026-07-07T13:52:22Z,15.81
SL3 9AY,SEPD,LV,1,TP2857,40,2026-07-06T22:03:59Z,2026-07-07T13:52:22Z,15.81
SL3 9AZ,SEPD,LV,1,TP2857,40,2026-07-06T22:03:59Z,2026-07-07T13:52:22Z,15.81
SL3 9BE,SEPD,LV,1,TP2857,40,2026-07-06T22:03:59Z,2026-07-07T13:52:22Z,15.81
SL3 9BG,SEPD,LV,1,TP2857,40,2026-07-06T22:03:59Z,2026-07-07T13:52:22Z,15.81
SL3 9BQ,SEPD,LV,1,TP2857,40,2026-07-06T22:03:59Z,2026-07-07T13:52:22Z,15.81
RG7 3YY,SEPD,"HV,LV",2,"TN6603,TP1580",195,2026-07-01T20:13:43Z,2026-07-07T01:19:49Z,15.56
RG7 3YJ,SEPD,LV,1,TP1580,14,2026-07-06T09:46:21Z,2026-07-07T01:19:49Z,15.56
RG7 3YU,SEPD,LV,1,TP1580,14,2026-07-06T09:46:21Z,2026-07-07T01:19:49Z,15.56
RG7 3YX,SEPD,LV,1,TP1580,14,2026-07-06T09:46:21Z,2026-07-07T01:19:49Z,15.56
RG7 3YZ,SEPD,LV,1,TP1580,14,2026-07-06T09:46:21Z,2026-07-07T01:19:49Z,15.56
SN5 8JJ,SEPD,LV,1,TP1394,16,2026-07-06T01:22:37Z,2026-07-06T16:44:02Z,15.36
OX14 1XY,SEPD,LV,1,TN4938,19,2026-06-30T22:39:07Z,2026-07-01T13:21:00Z,14.7
OX14 1XZ,SEPD,LV,1,TN4938,19,2026-06-30T22:39:07Z,2026-07-01T13:21:00Z,14.7
RH14 9RD,SEPD,LV,1,TN8238,22,2026-07-02T22:45:43Z,2026-07-03T11:16:23Z,12.51
RH14 9RW,SEPD,LV,1,TN8238,22,2026-07-02T22:45:43Z,2026-07-03T11:16:23Z,12.51
RH14 9SB,SEPD,LV,1,TN8238,22,2026-07-02T22:45:43Z,2026-07-03T11:16:23Z,12.51
PA21 8TT,SHEPD,HV,1,TN6803,64,2026-07-02T01:34:22Z,2026-07-02T13:12:33Z,11.64
PA23,SHEPD,HV,1,TN6803,64,2026-07-02T01:34:22Z,2026-07-02T13:12:33Z,11.64
PA23 8TL,SHEPD,HV,1,TN6803,64,2026-07-02T01:34:22Z,2026-07-02T13:12:33Z,11.64
PA23 8TN,SHEPD,HV,1,TN6803,64,2026-07-02T01:34:22Z,2026-07-02T13:12:33Z,11.64
PA23 8TP,SHEPD,HV,1,TN6803,64,2026-07-02T01:34:22Z,2026-07-02T13:12:33Z,11.64
PA23 8TR,SHEPD,HV,1,TN6803,64,2026-07-02T01:34:22Z,2026-07-02T13:12:33Z,11.64
OX12 7LZ,SEPD,LV,1,TN5154,11,2026-07-01T01:59:22Z,2026-07-01T13:21:00Z,11.36
OX12 7NL,SEPD,LV,1,TN5154,11,2026-07-01T01:59:22Z,2026-07-01T13:21:00Z,11.36
OX12 7NN,SEPD,LV,1,TN5154,11,2026-07-01T01:59:22Z,2026-07-01T13:21:00Z,11.36
OX12 7NW,SEPD,LV,1,TN5154,11,2026-07-01T01:59:22Z,2026-07-01T13:21:00Z,11.36
PO18 0HG,SEPD,HV,1,TN5151,19,2026-07-01T01:59:22Z,2026-07-01T13:21:00Z,11.36
PO18 0HH,SEPD,HV,1,TN5151,19,2026-07-01T01:59:22Z,2026-07-01T13:21:00Z,11.36
PO18 0HJ,SEPD,HV,1,TN5151,19,2026-07-01T01:59:22Z,2026-07-01T13:21:00Z,11.36
PO18 0HQ,SEPD,HV,1,TN5151,19,2026-07-01T01:59:22Z,2026-07-01T13:21:00Z,11.36
SN14 7EX,SEPD,HV,1,TN5132,22,2026-07-01T01:59:22Z,2026-07-01T13:21:00Z,11.36
SN14 7HZ,SEPD,HV,1,TN5132,22,2026-07-01T01:59:22Z,2026-07-01T13:21:00Z,11.36
SN14 7JA,SEPD,HV,1,TN5132,22,2026-07-01T01:59:22Z,2026-07-01T13:21:00Z,11.36
PO13 8HH,SEPD,LV,1,TP1354,43,2026-07-05T22:27:09Z,2026-07-06T09:46:21Z,11.32
PO13 8HS,SEPD,LV,1,TP1354,43,2026-07-05T22:27:09Z,2026-07-06T09:46:21Z,11.32
PO13 8HX,SEPD,LV,1,TP1354,43,2026-07-05T22:27:09Z,2026-07-06T09:46:21Z,11.32
PO13 8JF,SEPD,LV,1,TP1354,43,2026-07-05T22:27:09Z,2026-07-06T09:46:21Z,11.32
PO13 8JG,SEPD,LV,1,TP1354,43,2026-07-05T22:27:09Z,2026-07-06T09:46:21Z,11.32
BH24 3BQ,SEPD,PSI,3,"252124,252128,252258",70,2026-07-02T08:34:46Z,2026-07-07T11:34:20Z,11.27
OX49 5AN,SEPD,PSI,2,"252332,252333",134,2026-07-04T10:04:30Z,2026-07-04T15:39:50Z,11.18
OX49 5AP,SEPD,PSI,2,"252332,252333",134,2026-07-04T10:04:30Z,2026-07-04T15:39:50Z,11.18
OX49 5AR,SEPD,PSI,2,"252332,252333",134,2026-07-04T10:04:30Z,2026-07-04T15:39:50Z,11.18
OX49 5AS,SEPD,PSI,2,"252332,252333",134,2026-07-04T10:04:30Z,2026-07-04T15:39:50Z,11.18
OX49 5AW,SEPD,PSI,2,"252332,252333",134,2026-07-04T10:04:30Z,2026-07-04T15:39:50Z,11.18
OX49 5BE,SEPD,PSI,2,"252332,252333",134,2026-07-04T10:04:30Z,2026-07-04T15:39:50Z,11.18
OX49 5BJ,SEPD,PSI,2,"252332,252333",134,2026-07-04T10:04:30Z,2026-07-04T15:39:50Z,11.18
OX49 5RA,SEPD,PSI,2,"252332,252333",134,2026-07-04T10:04:30Z,2026-07-04T15:39:50Z,11.18
OX49 5RB,SEPD,PSI,2,"252332,252333",134,2026-07-04T10:04:30Z,2026-07-04T15:39:50Z,11.18
RG31 4ES,SEPD,LV,1,TN5127,18,2026-06-30T23:49:15Z,2026-07-01T10:33:26Z,10.74
RG31 4ET,SEPD,LV,1,TN5127,18,2026-06-30T23:49:15Z,2026-07-01T10:33:26Z,10.74
RG31 4EU,SEPD,LV,1,TN5127,18,2026-06-30T23:49:15Z,2026-07-01T10:33:26Z,10.74
RG31 4EX,SEPD,LV,1,TN5127,18,2026-06-30T23:49:15Z,2026-07-01T10:33:26Z,10.74
RG31 4SL,SEPD,LV,1,TN5127,18,2026-06-30T23:49:15Z,2026-07-01T10:33:26Z,10.74
SN8 1RP,SEPD,LV,1,TN5094,11,2026-06-30T23:49:15Z,2026-07-01T10:33:26Z,10.74
SN8 1RR,SEPD,LV,1,TN5094,11,2026-06-30T23:49:15Z,2026-07-01T10:33:26Z,10.74
SN8 4HR,SEPD,LV,1,TN5094,11,2026-06-30T23:49:15Z,2026-07-01T10:33:26Z,10.74
SN8 4HS,SEPD,LV,1,TN5094,11,2026-06-30T23:49:15Z,2026-07-01T10:33:26Z,10.74
RG12 0GE,SEPD,LV,1,TN9916,16,2026-07-04T07:53:28Z,2026-07-04T17:46:23Z,9.88
RG12 0GG,SEPD,LV,1,TN9916,16,2026-07-04T07:53:28Z,2026-07-04T17:46:23Z,9.88
DT4 9BY,SEPD,LV,1,TN3495,32,2026-06-30T16:21:20Z,2026-07-01T01:59:22Z,9.63
DT4 9DA,SEPD,LV,1,TN3495,32,2026-06-30T16:21:20Z,2026-07-01T01:59:22Z,9.63
DT4 9DB,SEPD,LV,1,TN3495,32,2026-06-30T16:21:20Z,2026-07-01T01:59:22Z,9.63
DT4 9DD,SEPD,LV,1,TN3495,32,2026-06-30T16:21:20Z,2026-07-01T01:59:22Z,9.63
DT4 9DE,SEPD,LV,1,TN3495,32,2026-06-30T16:21:20Z,2026-07-01T01:59:22Z,9.63
SN2 5LA,SEPD,LV,1,TN3468,15,2026-06-30T16:21:20Z,2026-07-01T01:59:22Z,9.63
SN2 5LB,SEPD,LV,1,TN3468,15,2026-06-30T16:21:20Z,2026-07-01T01:59:22Z,9.63
SN2 5LD,SEPD,LV,1,TN3468,15,2026-06-30T16:21:20Z,2026-07-01T01:59:22Z,9.63
SN2 5LE,SEPD,LV,1,TN3468,15,2026-06-30T16:21:20Z,2026-07-01T01:59:22Z,9.63
SN2 5LG,SEPD,LV,1,TN3468,15,2026-06-30T16:21:20Z,2026-07-01T01:59:22Z,9.63
TW15 2AU,SEPD,LV,2,"TN5284,TN6401",82,2026-07-01T06:42:02Z,2026-07-02T01:34:22Z,9.56
TW15 2QE,SEPD,LV,2,"TN5284,TN6401",82,2026-07-01T06:42:02Z,2026-07-02T01:34:22Z,9.56
TW15 2RP,SEPD,LV,2,"TN5284,TN6401",82,2026-07-01T06:42:02Z,2026-07-02T01:34:22Z,9.56
TW15 2RU,SEPD,LV,2,"TN5284,TN6401",82,2026-07-01T06:42:02Z,2026-07-02T01:34:22Z,9.56
TW15 2RX,SEPD,LV,2,"TN5284,TN6401",82,2026-07-01T06:42:02Z,2026-07-02T01:34:22Z,9.56
TW15 2RY,SEPD,LV,2,"TN5284,TN6401",82,2026-07-01T06:42:02Z,2026-07-02T01:34:22Z,9.56
TW15 2SA,SEPD,LV,2,"TN5284,TN6401",82,2026-07-01T06:42:02Z,2026-07-02T01:34:22Z,9.56
TW15 3QH,SEPD,LV,2,"TN5284,TN6401",82,2026-07-01T06:42:02Z,2026-07-02T01:34:22Z,9.56
GU14 7EL,SEPD,LV,1,TP0776,11,2026-07-05T08:15:51Z,2026-07-05T17:40:19Z,9.41
GU14 7EU,SEPD,LV,1,TP0776,11,2026-07-05T08:15:51Z,2026-07-05T17:40:19Z,9.41
GU14 7EX,SEPD,LV,1,TP0776,11,2026-07-05T08:15:51Z,2026-07-05T17:40:19Z,9.41
GU14 7HJ,SEPD,LV,1,TP0776,11,2026-07-05T08:15:51Z,2026-07-05T17:40:19Z,9.41
GU14 7HL,SEPD,LV,1,TP0776,11,2026-07-05T08:15:51Z,2026-07-05T17:40:19Z,9.41
IV10 8UG,SHEPD,LV,2,"TN5139,TN5278",18,2026-07-01T01:59:22Z,2026-07-01T16:00:46Z,9.31
IV10 8UQ,SHEPD,LV,2,"TN5139,TN5278",18,2026-07-01T01:59:22Z,2026-07-01T16:00:46Z,9.31
BH12 5EP,SEPD,LV,1,TP2937,25,2026-07-06T23:31:23Z,2026-07-07T08:44:05Z,9.21
BH12 5ER,SEPD,LV,1,TP2937,25,2026-07-06T23:31:23Z,2026-07-07T08:44:05Z,9.21
BH12 5EW,SEPD,LV,1,TP2937,25,2026-07-06T23:31:23Z,2026-07-07T08:44:05Z,9.21
OX27 9AF,SEPD,"HV,LV",3,"TN8425,TN8713,TN9343",634,2026-07-03T05:32:53Z,2026-07-03T22:29:50Z,9.0
PH13 9DJ,SHEPD,LV,1,TN4216,11,2026-06-30T17:14:57Z,2026-07-01T01:59:22Z,8.74
PH13 9LZ,SHEPD,LV,1,TN4216,11,2026-06-30T17:14:57Z,2026-07-01T01:59:22Z,8.74
SP2 8DE,SEPD,LV,1,TP3020,12,2026-07-07T05:11:26Z,2026-07-07T13:52:22Z,8.68
SP2 8NZ,SEPD,LV,1,TP3020,12,2026-07-07T05:11:26Z,2026-07-07T13:52:22Z,8.68
UB5 5PX,SEPD,LV,3,"TN8296,TN9427,TN9716",55,2026-07-03T01:29:40Z,2026-07-03T21:16:29Z,8.61
UB5 5UF,SEPD,LV,3,"TN8296,TN9427,TN9716",55,2026-07-03T01:29:40Z,2026-07-03T21:16:29Z,8.61
HP13 5XG,SEPD,LV,1,TP2460,22,2026-07-06T16:44:02Z,2026-07-07T01:19:49Z,8.6
HP13 5XP,SEPD,LV,1,TP2460,22,2026-07-06T16:44:02Z,2026-07-07T01:19:49Z,8.6
HP13 5XW,SEPD,LV,1,TP2460,22,2026-07-06T16:44:02Z,2026-07-07T01:19:49Z,8.6
HP13 5YA,SEPD,LV,1,TP2460,22,2026-07-06T16:44:02Z,2026-07-07T01:19:49Z,8.6
HP13 5YZ,SEPD,LV,1,TP2460,22,2026-07-06T16:44:02Z,2026-07-07T01:19:49Z,8.6
SN7 7SW,SEPD,HV,1,TP2524,174,2026-07-06T16:44:02Z,2026-07-07T01:19:49Z,8.6
SN7 8ED,SEPD,HV,1,TP2524,174,2026-07-06T16:44:02Z,2026-07-07T01:19:49Z,8.6
SN7 8EE,SEPD,HV,1,TP2524,174,2026-07-06T16:44:02Z,2026-07-07T01:19:49Z,8.6
SN7 8EF,SEPD,HV,1,TP2524,174,2026-07-06T16:44:02Z,2026-07-07T01:19:49Z,8.6
SN7 8EG,SEPD,HV,1,TP2524,174,2026-07-06T16:44:02Z,2026-07-07T01:19:49Z,8.6
SN7 8EQ,SEPD,HV,1,TP2524,174,2026-07-06T16:44:02Z,2026-07-07T01:19:49Z,8.6
SN7 8JJ,SEPD,HV,1,TP2524,174,2026-07-06T16:44:02Z,2026-07-07T01:19:49Z,8.6
SN7 8JL,SEPD,HV,1,TP2524,174,2026-07-06T16:44:02Z,2026-07-07T01:19:49Z,8.6
SN7 8JN,SEPD,HV,1,TP2524,174,2026-07-06T16:44:02Z,2026-07-07T01:19:49Z,8.6
SN7 8JP,SEPD,HV,1,TP2524,174,2026-07-06T16:44:02Z,2026-07-07T01:19:49Z,8.6
SN7 8PN,SEPD,HV,1,TP2524,174,2026-07-06T16:44:02Z,2026-07-07T01:19:49Z,8.6
SN7 8PP,SEPD,HV,1,TP2524,174,2026-07-06T16:44:02Z,2026-07-07T01:19:49Z,8.6
SN7 8PS,SEPD,HV,1,TP2524,174,2026-07-06T16:44:02Z,2026-07-07T01:19:49Z,8.6
SN7 8PT,SEPD,HV,1,TP2524,174,2026-07-06T16:44:02Z,2026-07-07T01:19:49Z,8.6
SN7 8PW,SEPD,HV,1,TP2524,174,2026-07-06T16:44:02Z,2026-07-07T01:19:49Z,8.6
SN7 8RD,SEPD,HV,1,TP2524,174,2026-07-06T16:44:02Z,2026-07-07T01:19:49Z,8.6
SN7 8RE,SEPD,HV,1,TP2524,174,2026-07-06T16:44:02Z,2026-07-07T01:19:49Z,8.6
SN7 8RF,SEPD,HV,1,TP2524,174,2026-07-06T16:44:02Z,2026-07-07T01:19:49Z,8.6
GU29 0HL,SEPD,HV,1,TN5151,19,2026-07-01T01:59:22Z,2026-07-01T10:33:26Z,8.57
GU29 0HP,SEPD,HV,1,TN5151,19,2026-07-01T01:59:22Z,2026-07-01T10:33:26Z,8.57
GU29 0HR,SEPD,HV,1,TN5151,19,2026-07-01T01:59:22Z,2026-07-01T10:33:26Z,8.57
GU29 0HS,SEPD,HV,1,TN5151,19,2026-07-01T01:59:22Z,2026-07-01T10:33:26Z,8.57
GU29 0HT,SEPD,HV,1,TN5151,19,2026-07-01T01:59:22Z,2026-07-01T10:33:26Z,8.57
GU29 0HU,SEPD,HV,1,TN5151,19,2026-07-01T01:59:22Z,2026-07-01T10:33:26Z,8.57
PO18 0EU,SEPD,HV,1,TN5151,19,2026-07-01T01:59:22Z,2026-07-01T10:33:26Z,8.57
PO18 0HL,SEPD,HV,1,TN5151,19,2026-07-01T01:59:22Z,2026-07-01T10:33:26Z,8.57
OX27 9AE,SEPD,HV,3,"TN8425,TN9343,TP0184",645,2026-07-03T05:32:53Z,2026-07-04T14:22:40Z,8.52
OX27 9AJ,SEPD,HV,3,"TN8425,TN9343,TP0184",645,2026-07-03T05:32:53Z,2026-07-04T14:22:40Z,8.52
OX27 9AL,SEPD,HV,3,"TN8425,TN9343,TP0184",645,2026-07-03T05:32:53Z,2026-07-04T14:22:40Z,8.52
OX27 9AN,SEPD,HV,3,"TN8425,TN9343,TP0184",645,2026-07-03T05:32:53Z,2026-07-04T14:22:40Z,8.52
BH24 3BJ,SEPD,PSI,2,"252124,252258",66,2026-07-02T08:34:46Z,2026-07-05T11:59:18Z,8.43
GU30 7DZ,SEPD,LV,1,TP2435,17,2026-07-06T20:45:24Z,2026-07-07T05:11:26Z,8.43
GU30 7ED,SEPD,LV,1,TP2435,17,2026-07-06T20:45:24Z,2026-07-07T05:11:26Z,8.43
GU30 7TN,SEPD,LV,1,TP2435,17,2026-07-06T20:45:24Z,2026-07-07T05:11:26Z,8.43
GU30 7UP,SEPD,LV,1,TP2435,17,2026-07-06T20:45:24Z,2026-07-07T05:11:26Z,8.43
GU30 7UR,SEPD,LV,1,TP2435,17,2026-07-06T20:45:24Z,2026-07-07T05:11:26Z,8.43
SO15 5AX,SEPD,LV,1,TN8590,67,2026-07-03T08:37:43Z,2026-07-03T16:59:17Z,8.36
SO15 5AY,SEPD,LV,1,TN8590,67,2026-07-03T08:37:43Z,2026-07-03T16:59:17Z,8.36
SO15 5AZ,SEPD,LV,1,TN8590,67,2026-07-03T08:37:43Z,2026-07-03T16:59:17Z,8.36
SO15 5BA,SEPD,LV,1,TN8590,67,2026-07-03T08:37:43Z,2026-07-03T16:59:17Z,8.36
SO15 5DE,SEPD,LV,1,TN8590,67,2026-07-03T08:37:43Z,2026-07-03T16:59:17Z,8.36
SO15 5DG,SEPD,LV,1,TN8590,67,2026-07-03T08:37:43Z,2026-07-03T16:59:17Z,8.36
SO15 5DH,SEPD,LV,1,TN8590,67,2026-07-03T08:37:43Z,2026-07-03T16:59:17Z,8.36
SO15 5RY,SEPD,LV,1,TN8590,67,2026-07-03T08:37:43Z,2026-07-03T16:59:17Z,8.36
SO15 5SP,SEPD,LV,1,TN8590,67,2026-07-03T08:37:43Z,2026-07-03T16:59:17Z,8.36
SO15 5SR,SEPD,LV,1,TN8590,67,2026-07-03T08:37:43Z,2026-07-03T16:59:17Z,8.36
RG26 5BH,SEPD,PSI,1,252644,319,2026-07-05T08:15:51Z,2026-07-05T16:31:54Z,8.27
RG26 5BJ,SEPD,PSI,1,252644,319,2026-07-05T08:15:51Z,2026-07-05T16:31:54Z,8.27
RG26 5BL,SEPD,PSI,1,252644,319,2026-07-05T08:15:51Z,2026-07-05T16:31:54Z,8.27
RG26 5BN,SEPD,PSI,1,252644,319,2026-07-05T08:15:51Z,2026-07-05T16:31:54Z,8.27
RG26 5BP,SEPD,PSI,1,252644,319,2026-07-05T08:15:51Z,2026-07-05T16:31:54Z,8.27
RG26 5BS,SEPD,PSI,1,252644,319,2026-07-05T08:15:51Z,2026-07-05T16:31:54Z,8.27
RG26 5BT,SEPD,PSI,1,252644,319,2026-07-05T08:15:51Z,2026-07-05T16:31:54Z,8.27
RG26 5BU,SEPD,PSI,1,252644,319,2026-07-05T08:15:51Z,2026-07-05T16:31:54Z,8.27
RG26 5BW,SEPD,PSI,1,252644,319,2026-07-05T08:15:51Z,2026-07-05T16:31:54Z,8.27
RG26 5BX,SEPD,PSI,1,252644,319,2026-07-05T08:15:51Z,2026-07-05T16:31:54Z,8.27
RG26 5BY,SEPD,PSI,1,252644,319,2026-07-05T08:15:51Z,2026-07-05T16:31:54Z,8.27
RG26 5DA,SEPD,PSI,1,252644,319,2026-07-05T08:15:51Z,2026-07-05T16:31:54Z,8.27
RG26 5DB,SEPD,PSI,1,252644,319,2026-07-05T08:15:51Z,2026-07-05T16:31:54Z,8.27
RG26 5DD,SEPD,PSI,1,252644,319,2026-07-05T08:15:51Z,2026-07-05T16:31:54Z,8.27
RG26 5DE,SEPD,PSI,1,252644,319,2026-07-05T08:15:51Z,2026-07-05T16:31:54Z,8.27
RG26 5DF,SEPD,PSI,1,252644,319,2026-07-05T08:15:51Z,2026-07-05T16:31:54Z,8.27
RG26 5DG,SEPD,PSI,1,252644,319,2026-07-05T08:15:51Z,2026-07-05T16:31:54Z,8.27
RG26 5DJ,SEPD,PSI,1,252644,319,2026-07-05T08:15:51Z,2026-07-05T16:31:54Z,8.27
RG26 5DL,SEPD,PSI,1,252644,319,2026-07-05T08:15:51Z,2026-07-05T16:31:54Z,8.27
RG26 5DQ,SEPD,PSI,1,252644,319,2026-07-05T08:15:51Z,2026-07-05T16:31:54Z,8.27
RG26 5DT,SEPD,PSI,1,252644,319,2026-07-05T08:15:51Z,2026-07-05T16:31:54Z,8.27
RG26 5DW,SEPD,PSI,1,252644,319,2026-07-05T08:15:51Z,2026-07-05T16:31:54Z,8.27
RG26 5EH,SEPD,PSI,1,252644,319,2026-07-05T08:15:51Z,2026-07-05T16:31:54Z,8.27
RG26 5EJ,SEPD,PSI,1,252644,319,2026-07-05T08:15:51Z,2026-07-05T16:31:54Z,8.27
RG26 5EL,SEPD,PSI,1,252644,319,2026-07-05T08:15:51Z,2026-07-05T16:31:54Z,8.27
RG26 5EN,SEPD,PSI,1,252644,319,2026-07-05T08:15:51Z,2026-07-05T16:31:54Z,8.27
RG26 5JD,SEPD,PSI,1,252644,319,2026-07-05T08:15:51Z,2026-07-05T16:31:54Z,8.27
RG26 5WW,SEPD,PSI,1,252644,319,2026-07-05T08:15:51Z,2026-07-05T16:31:54Z,8.27
RG26 5ZD,SEPD,PSI,1,252644,319,2026-07-05T08:15:51Z,2026-07-05T16:31:54Z,8.27
RG7 2NH,SEPD,PSI,1,252644,319,2026-07-05T08:15:51Z,2026-07-05T16:31:54Z,8.27
SN15 1PG,SEPD,LV,1,TP0764,18,2026-07-05T08:15:51Z,2026-07-05T16:31:54Z,8.27
SN15 1PN,SEPD,LV,1,TP0764,18,2026-07-05T08:15:51Z,2026-07-05T16:31:54Z,8.27
SN15 1PQ,SEPD,LV,1,TP0764,18,2026-07-05T08:15:51Z,2026-07-05T16:31:54Z,8.27
SN15 1QH,SEPD,LV,1,TP0764,18,2026-07-05T08:15:51Z,2026-07-05T16:31:54Z,8.27
RG14 1HX,SEPD,LV,1,TN9320,17,2026-07-03T13:16:44Z,2026-07-03T21:16:29Z,8.0
RG14 1HY,SEPD,LV,1,TN9320,17,2026-07-03T13:16:44Z,2026-07-03T21:16:29Z,8.0
RG14 1HZ,SEPD,LV,1,TN9320,17,2026-07-03T13:16:44Z,2026-07-03T21:16:29Z,8.0
RG14 1QL,SEPD,LV,1,TN9320,17,2026-07-03T13:16:44Z,2026-07-03T21:16:29Z,8.0
SN6 6LT,SEPD,LV,1,TN7116,14,2026-07-02T11:18:59Z,2026-07-02T18:52:49Z,7.56
SN6 6LU,SEPD,LV,1,TN7116,14,2026-07-02T11:18:59Z,2026-07-02T18:52:49Z,7.56
SN6 6NB,SEPD,LV,1,TN7116,14,2026-07-02T11:18:59Z,2026-07-02T18:52:49Z,7.56
SN6 6ND,SEPD,LV,1,TN7116,14,2026-07-02T11:18:59Z,2026-07-02T18:52:49Z,7.56
DD8 3NH,SHEPD,PSI,2,"252546,252554",9,2026-07-07T08:44:05Z,2026-07-07T13:52:22Z,7.44
SN14 0AB,SEPD,LV,1,TP0431,15,2026-07-04T17:46:23Z,2026-07-05T01:11:25Z,7.42
SN14 6RZ,SEPD,LV,1,TP0431,15,2026-07-04T17:46:23Z,2026-07-05T01:11:25Z,7.42
SN15 1HD,SEPD,LV,1,TP0431,15,2026-07-04T17:46:23Z,2026-07-05T01:11:25Z,7.42
SN15 1HE,SEPD,LV,1,TP0431,15,2026-07-04T17:46:23Z,2026-07-05T01:11:25Z,7.42
SN15 1HF,SEPD,LV,1,TP0431,15,2026-07-04T17:46:23Z,2026-07-05T01:11:25Z,7.42
SN15 1HG,SEPD,LV,1,TP0431,15,2026-07-04T17:46:23Z,2026-07-05T01:11:25Z,7.42
SN15 1SB,SEPD,LV,1,TP0431,15,2026-07-04T17:46:23Z,2026-07-05T01:11:25Z,7.42
SN15 2AD,SEPD,LV,1,TP0431,15,2026-07-04T17:46:23Z,2026-07-05T01:11:25Z,7.42
SN15 2BT,SEPD,LV,1,TP0431,15,2026-07-04T17:46:23Z,2026-07-05T01:11:25Z,7.42
SN15 2BX,SEPD,LV,1,TP0431,15,2026-07-04T17:46:23Z,2026-07-05T01:11:25Z,7.42
SN15 2DB,SEPD,LV,1,TP0431,15,2026-07-04T17:46:23Z,2026-07-05T01:11:25Z,7.42
SN15 4BS,SEPD,LV,1,TP0431,15,2026-07-04T17:46:23Z,2026-07-05T01:11:25Z,7.42
SL1 7DE,SEPD,LV,1,TN6212,27,2026-07-01T16:00:46Z,2026-07-01T23:23:41Z,7.38
SL1 7EN,SEPD,LV,1,TN6212,27,2026-07-01T16:00:46Z,2026-07-01T23:23:41Z,7.38
SL1 7EP,SEPD,LV,1,TN6212,27,2026-07-01T16:00:46Z,2026-07-01T23:23:41Z,7.38
SL1 7ER,SEPD,LV,1,TN6212,27,2026-07-01T16:00:46Z,2026-07-01T23:23:41Z,7.38
SL1 7EW,SEPD,LV,1,TN6212,27,2026-07-01T16:00:46Z,2026-07-01T23:23:41Z,7.38
BA11 2BA,SEPD,LV,1,TN7753,29,2026-07-02T15:32:45Z,2026-07-02T22:45:43Z,7.22
BA11 2BG,SEPD,LV,1,TN7753,29,2026-07-02T15:32:45Z,2026-07-02T22:45:43Z,7.22
BA11 2BQ,SEPD,LV,1,TN7753,29,2026-07-02T15:32:45Z,2026-07-02T22:45:43Z,7.22
OX2 8DJ,SEPD,LV,1,TN7887,8,2026-07-02T15:32:45Z,2026-07-02T22:45:43Z,7.22
OX2 8DL,SEPD,LV,1,TN7887,8,2026-07-02T15:32:45Z,2026-07-02T22:45:43Z,7.22
OX2 8DQ,SEPD,LV,1,TN7887,8,2026-07-02T15:32:45Z,2026-07-02T22:45:43Z,7.22
PO22 9PD,SEPD,HV,1,TP2337,33,2026-07-06T13:35:12Z,2026-07-06T20:45:24Z,7.17
PO22 9PE,SEPD,HV,1,TP2337,33,2026-07-06T13:35:12Z,2026-07-06T20:45:24Z,7.17
OX3 7AJ,SEPD,LV,1,TN8828,28,2026-07-05T10:31:32Z,2026-07-05T17:40:19Z,7.15
OX3 7AS,SEPD,LV,1,TN8828,28,2026-07-05T10:31:32Z,2026-07-05T17:40:19Z,7.15
OX3 7AT,SEPD,LV,1,TN8828,28,2026-07-05T10:31:32Z,2026-07-05T17:40:19Z,7.15
OX3 7BG,SEPD,LV,1,TN8828,28,2026-07-05T10:31:32Z,2026-07-05T17:40:19Z,7.15
OX3 7BH,SEPD,LV,1,TN8828,28,2026-07-05T10:31:32Z,2026-07-05T17:40:19Z,7.15
OX3 7BJ,SEPD,LV,1,TN8828,28,2026-07-05T10:31:32Z,2026-07-05T17:40:19Z,7.15
UB5 5QE,SEPD,LV,1,TN8296,19,2026-07-03T01:29:40Z,2026-07-03T08:37:43Z,7.13
UB5 5UA,SEPD,LV,1,TN8296,19,2026-07-03T01:29:40Z,2026-07-03T08:37:43Z,7.13
SL2 4PG,SEPD,PSI,1,249261,2,2026-07-05T08:15:51Z,2026-07-05T15:21:29Z,7.09
IV27 4QE,SHEPD,PSI,3,"251978,251995,251998",398,2026-07-01T10:33:26Z,2026-07-03T15:30:39Z,7.02
OX27 9BB,SEPD,HV,2,"TN8425,TN9343",630,2026-07-03T05:32:53Z,2026-07-03T22:29:50Z,6.99
OX27 9BE,SEPD,HV,2,"TN8425,TN9343",630,2026-07-03T05:32:53Z,2026-07-03T22:29:50Z,6.99
BH24 3AY,SEPD,PSI,1,252258,53,2026-07-02T08:34:46Z,2026-07-02T15:32:45Z,6.97
BH24 3AZ,SEPD,PSI,1,252258,53,2026-07-02T08:34:46Z,2026-07-02T15:32:45Z,6.97
BH24 3BG,SEPD,PSI,1,252258,53,2026-07-02T08:34:46Z,2026-07-02T15:32:45Z,6.97
BH24 3BH,SEPD,PSI,1,252258,53,2026-07-02T08:34:46Z,2026-07-02T15:32:45Z,6.97
RG27 8BT,SEPD,"PSI,LV",2,"252492,TP1766",189,2026-07-06T09:46:21Z,2026-07-06T16:44:02Z,6.96
RG27 8BU,SEPD,"PSI,LV",2,"252492,TP1766",189,2026-07-06T09:46:21Z,2026-07-06T16:44:02Z,6.96
RG27 8FH,SEPD,"PSI,LV",2,"252492,TP1766",189,2026-07-06T09:46:21Z,2026-07-06T16:44:02Z,6.96
PO8 0DX,SEPD,LV,1,TP1573,12,2026-07-06T09:46:21Z,2026-07-06T16:44:02Z,6.96
PO8 0EB,SEPD,LV,1,TP1573,12,2026-07-06T09:46:21Z,2026-07-06T16:44:02Z,6.96
PO8 0ED,SEPD,LV,1,TP1573,12,2026-07-06T09:46:21Z,2026-07-06T16:44:02Z,6.96
PO8 0XS,SEPD,LV,1,TP1573,12,2026-07-06T09:46:21Z,2026-07-06T16:44:02Z,6.96
SN3 4SL,SEPD,PSI,1,252296,10,2026-07-06T09:46:21Z,2026-07-06T16:44:02Z,6.96
SN3 4SR,SEPD,PSI,1,252296,10,2026-07-06T09:46:21Z,2026-07-06T16:44:02Z,6.96
SN3 4SS,SEPD,PSI,1,252296,10,2026-07-06T09:46:21Z,2026-07-06T16:44:02Z,6.96
SN3 4ST,SEPD,PSI,1,252296,10,2026-07-06T09:46:21Z,2026-07-06T16:44:02Z,6.96
SN4 7PT,SEPD,PSI,1,252296,10,2026-07-06T09:46:21Z,2026-07-06T16:44:02Z,6.96
BH21 1PQ,SEPD,LV,1,TN6064,18,2026-07-01T13:21:00Z,2026-07-01T20:13:43Z,6.88
IV27 4QG,SHEPD,PSI,1,251997,4,2026-07-03T08:37:43Z,2026-07-03T15:30:39Z,6.88
IV27 4RG,SHEPD,PSI,1,251997,4,2026-07-03T08:37:43Z,2026-07-03T15:30:39Z,6.88
SO20 6JS,SEPD,HV,2,"TN4508,TN5360",44,2026-06-30T19:12:27Z,2026-07-03T01:29:40Z,6.78
BH24 3BS,SEPD,PSI,2,"252090,252106",24,2026-07-01T10:33:26Z,2026-07-04T11:45:25Z,6.66
BH24 3BT,SEPD,PSI,2,"252090,252106",24,2026-07-01T10:33:26Z,2026-07-04T11:45:25Z,6.66
PO7 5JL,SEPD,HV,1,TN5304,185,2026-07-01T06:42:02Z,2026-07-01T13:21:00Z,6.65
PO7 5JW,SEPD,HV,1,TN5304,185,2026-07-01T06:42:02Z,2026-07-01T13:21:00Z,6.65
PO7 5RB,SEPD,HV,1,TN5304,185,2026-07-01T06:42:02Z,2026-07-01T13:21:00Z,6.65
SO21 2DB,SEPD,LV,2,"TN4201,TP2615",24,2026-06-30T17:14:57Z,2026-07-06T22:03:59Z,6.57
SO21 2DD,SEPD,LV,2,"TN4201,TP2615",24,2026-06-30T17:14:57Z,2026-07-06T22:03:59Z,6.57
SO23 7BE,SEPD,LV,1,TP2400,5,2026-07-06T18:47:40Z,2026-07-07T01:19:49Z,6.54
RG20 8AE,SEPD,"LV,HV",2,"TN9910,TP0086",427,2026-07-04T07:53:28Z,2026-07-04T15:39:50Z,6.09
RG20 8AF,SEPD,"LV,HV",2,"TN9910,TP0086",427,2026-07-04T07:53:28Z,2026-07-04T15:39:50Z,6.09
RG20 8AG,SEPD,"LV,HV",2,"TN9910,TP0086",427,2026-07-04T07:53:28Z,2026-07-04T15:39:50Z,6.09
RG20 8AH,SEPD,"LV,HV",2,"TN9910,TP0086",427,2026-07-04T07:53:28Z,2026-07-04T15:39:50Z,6.09
RG20 8AQ,SEPD,"LV,HV",2,"TN9910,TP0086",427,2026-07-04T07:53:28Z,2026-07-04T15:39:50Z,6.09
PO18 8EH,SEPD,HV,1,TP1041,2,2026-07-05T15:21:29Z,2026-07-05T21:16:21Z,5.91
PO18 8EL,SEPD,HV,1,TP1041,2,2026-07-05T15:21:29Z,2026-07-05T21:16:21Z,5.91
DT1 1TT,SEPD,LV,1,TN6335,16,2026-07-01T16:00:46Z,2026-07-01T21:54:21Z,5.89
IV27 4PZ,SHEPD,"PSI,LV",3,"251995,251998,TN8037",388,2026-07-02T11:18:59Z,2026-07-03T15:30:39Z,5.87
PO7 5HP,SEPD,LV,1,TP0730,29,2026-07-05T08:15:51Z,2026-07-05T14:00:24Z,5.74
PO7 5HR,SEPD,LV,1,TP0730,29,2026-07-05T08:15:51Z,2026-07-05T14:00:24Z,5.74
PO7 5HU,SEPD,LV,1,TP0730,29,2026-07-05T08:15:51Z,2026-07-05T14:00:24Z,5.74
PO7 5HW,SEPD,LV,1,TP0730,29,2026-07-05T08:15:51Z,2026-07-05T14:00:24Z,5.74
PO7 5HX,SEPD,LV,1,TP0730,29,2026-07-05T08:15:51Z,2026-07-05T14:00:24Z,5.74
PO7 5NR,SEPD,LV,1,TP0730,29,2026-07-05T08:15:51Z,2026-07-05T14:00:24Z,5.74
UB1 1LA,SEPD,LV,1,TN8452,9,2026-07-03T05:32:53Z,2026-07-03T11:16:23Z,5.72
UB1 1LE,SEPD,LV,1,TN8452,9,2026-07-03T05:32:53Z,2026-07-03T11:16:23Z,5.72
IV10 8UD,SHEPD,LV,1,TN7712,14,2026-07-02T13:12:33Z,2026-07-02T18:52:49Z,5.67
IV10 8UF,SHEPD,LV,1,TN7712,14,2026-07-02T13:12:33Z,2026-07-02T18:52:49Z,5.67
IV10 8UZ,SHEPD,LV,1,TN7712,14,2026-07-02T13:12:33Z,2026-07-02T18:52:49Z,5.67
DD11 4RW,SHEPD,HV,1,TN6819,14,2026-07-02T05:42:12Z,2026-07-02T11:18:59Z,5.61
HP12 3BP,SEPD,LV,1,TN6807,6,2026-07-02T05:42:12Z,2026-07-02T11:18:59Z,5.61
HP12 3BS,SEPD,LV,1,TN6807,6,2026-07-02T05:42:12Z,2026-07-02T11:18:59Z,5.61
SO52 9AU,SEPD,LV,2,"TN9434,TP1128",34,2026-07-03T18:19:37Z,2026-07-05T22:27:09Z,5.35
SO52 9AW,SEPD,LV,2,"TN9434,TP1128",34,2026-07-03T18:19:37Z,2026-07-05T22:27:09Z,5.35
RG7 3EQ,SEPD,HV,2,"TN6603,TN7444",362,2026-07-01T20:13:43Z,2026-07-02T11:18:59Z,5.34
RG7 3NF,SEPD,HV,2,"TN6603,TN7444",362,2026-07-01T20:13:43Z,2026-07-02T11:18:59Z,5.34
RG7 3NJ,SEPD,HV,2,"TN6603,TN7444",362,2026-07-01T20:13:43Z,2026-07-02T11:18:59Z,5.34
RG7 3NQ,SEPD,HV,2,"TN6603,TN7444",362,2026-07-01T20:13:43Z,2026-07-02T11:18:59Z,5.34
BH24 3BP,SEPD,PSI,2,"252090,252124",34,2026-07-04T07:53:28Z,2026-07-05T11:59:18Z,5.33
PH10 7PX,SHEPD,PSI,2,"252588,252590",8,2026-07-03T08:37:43Z,2026-07-03T11:16:23Z,5.28
HP9 2QH,SEPD,LV,1,TP2145,6,2026-07-06T13:35:12Z,2026-07-06T18:47:40Z,5.21
HP9 2QJ,SEPD,LV,1,TP2145,6,2026-07-06T13:35:12Z,2026-07-06T18:47:40Z,5.21
HP9 2QQ,SEPD,LV,1,TP2145,6,2026-07-06T13:35:12Z,2026-07-06T18:47:40Z,5.21
HP9 2UL,SEPD,LV,1,TP2145,6,2026-07-06T13:35:12Z,2026-07-06T18:47:40Z,5.21
HP9 2UN,SEPD,LV,1,TP2145,6,2026-07-06T13:35:12Z,2026-07-06T18:47:40Z,5.21
SO23 9QB,SEPD,LV,1,TP1662,7,2026-07-06T13:35:12Z,2026-07-06T18:47:40Z,5.21
SO23 9QD,SEPD,LV,1,TP1662,7,2026-07-06T13:35:12Z,2026-07-06T18:47:40Z,5.21
BA10 0QF,SEPD,PSI,1,251947,9,2026-07-07T08:44:05Z,2026-07-07T13:52:22Z,5.14
BA10 0QG,SEPD,PSI,1,251947,9,2026-07-07T08:44:05Z,2026-07-07T13:52:22Z,5.14
BA4 6AJ,SEPD,PSI,1,251947,9,2026-07-07T08:44:05Z,2026-07-07T13:52:22Z,5.14
BA4 6BT,SEPD,PSI,1,251947,9,2026-07-07T08:44:05Z,2026-07-07T13:52:22Z,5.14
DD8 3NG,SHEPD,PSI,1,252554,4,2026-07-07T08:44:05Z,2026-07-07T13:52:22Z,5.14
DT1 2HG,SEPD,LV,1,TP2990,16,2026-07-07T08:44:05Z,2026-07-07T13:52:22Z,5.14
DT1 2RR,SEPD,LV,1,TP2990,16,2026-07-07T08:44:05Z,2026-07-07T13:52:22Z,5.14
DT1 2TD,SEPD,LV,1,TP2990,16,2026-07-07T08:44:05Z,2026-07-07T13:52:22Z,5.14
SN9 5NJ,SEPD,HV,1,TN4974,26,2026-06-30T21:06:42Z,2026-07-01T01:59:22Z,4.88
SN9 5PA,SEPD,HV,1,TN4974,26,2026-06-30T21:06:42Z,2026-07-01T01:59:22Z,4.88
AB56 5JB,SHEPD,HV,1,TP1219,25,2026-07-05T18:45:34Z,2026-07-05T23:37:56Z,4.87
AB56 5JD,SHEPD,HV,1,TP1219,25,2026-07-05T18:45:34Z,2026-07-05T23:37:56Z,4.87
AB56 5JE,SHEPD,HV,1,TP1219,25,2026-07-05T18:45:34Z,2026-07-05T23:37:56Z,4.87
AB56 5JH,SHEPD,HV,1,TP1219,25,2026-07-05T18:45:34Z,2026-07-05T23:37:56Z,4.87
AB56 5JJ,SHEPD,HV,1,TP1219,25,2026-07-05T18:45:34Z,2026-07-05T23:37:56Z,4.87
AB56 5YE,SHEPD,HV,1,TP1219,25,2026-07-05T18:45:34Z,2026-07-05T23:37:56Z,4.87
AB56 5YN,SHEPD,HV,1,TP1219,25,2026-07-05T18:45:34Z,2026-07-05T23:37:56Z,4.87
AB56 5YX,SHEPD,HV,1,TP1219,25,2026-07-05T18:45:34Z,2026-07-05T23:37:56Z,4.87
SP11 9AF,SEPD,HV,1,TP1235,8,2026-07-05T18:45:34Z,2026-07-05T23:37:56Z,4.87
SP11 9AQ,SEPD,HV,1,TP1235,8,2026-07-05T18:45:34Z,2026-07-05T23:37:56Z,4.87
SP11 9BP,SEPD,HV,1,TP1235,8,2026-07-05T18:45:34Z,2026-07-05T23:37:56Z,4.87
GU30 7BX,SEPD,LV,2,"TP0058,TP2061",32,2026-07-04T10:04:30Z,2026-07-06T16:44:02Z,4.83
GU30 7DD,SEPD,LV,2,"TP0058,TP2061",32,2026-07-04T10:04:30Z,2026-07-06T16:44:02Z,4.83
GU30 7DG,SEPD,LV,2,"TP0058,TP2061",32,2026-07-04T10:04:30Z,2026-07-06T16:44:02Z,4.83
GU30 7DQ,SEPD,LV,2,"TP0058,TP2061",32,2026-07-04T10:04:30Z,2026-07-06T16:44:02Z,4.83
PA46 7RL,SHEPD,HV,1,TP0834,4,2026-07-05T10:31:32Z,2026-07-05T15:21:29Z,4.83
PA49 7UN,SHEPD,HV,1,TP0834,4,2026-07-05T10:31:32Z,2026-07-05T15:21:29Z,4.83
HP10 8AL,SEPD,LV,1,TP3196,13,2026-07-07T11:34:20Z,2026-07-07T16:21:20Z,4.78
HP10 8AN,SEPD,LV,1,TP3196,13,2026-07-07T11:34:20Z,2026-07-07T16:21:20Z,4.78
HP10 8AP,SEPD,LV,1,TP3196,13,2026-07-07T11:34:20Z,2026-07-07T16:21:20Z,4.78
HP10 8AW,SEPD,LV,1,TP3196,13,2026-07-07T11:34:20Z,2026-07-07T16:21:20Z,4.78
BH12 4BL,SEPD,LV,1,TN2242,17,2026-06-30T16:21:20Z,2026-06-30T21:06:42Z,4.76
BH12 4BR,SEPD,LV,1,TN2242,17,2026-06-30T16:21:20Z,2026-06-30T21:06:42Z,4.76
BH12 4BS,SEPD,LV,1,TN2242,17,2026-06-30T16:21:20Z,2026-06-30T21:06:42Z,4.76
BH12 4BT,SEPD,LV,1,TN2242,17,2026-06-30T16:21:20Z,2026-06-30T21:06:42Z,4.76
BH12 4BW,SEPD,LV,1,TN2242,17,2026-06-30T16:21:20Z,2026-06-30T21:06:42Z,4.76
BH12 4BY,SEPD,LV,1,TN2242,17,2026-06-30T16:21:20Z,2026-06-30T21:06:42Z,4.76
SP8 4JZ,SEPD,LV,1,TP2720,28,2026-07-06T18:47:40Z,2026-07-06T23:31:23Z,4.73
SP8 4LA,SEPD,LV,1,TP2720,28,2026-07-06T18:47:40Z,2026-07-06T23:31:23Z,4.73
SP8 4LB,SEPD,LV,1,TP2720,28,2026-07-06T18:47:40Z,2026-07-06T23:31:23Z,4.73
SP8 4LD,SEPD,LV,1,TP2720,28,2026-07-06T18:47:40Z,2026-07-06T23:31:23Z,4.73
SP8 4LF,SEPD,LV,1,TP2720,28,2026-07-06T18:47:40Z,2026-07-06T23:31:23Z,4.73
SP8 4LJ,SEPD,LV,1,TP2720,28,2026-07-06T18:47:40Z,2026-07-06T23:31:23Z,4.73
SP8 4LN,SEPD,LV,1,TP2720,28,2026-07-06T18:47:40Z,2026-07-06T23:31:23Z,4.73
SP8 4LS,SEPD,LV,1,TP2720,28,2026-07-06T18:47:40Z,2026-07-06T23:31:23Z,4.73
AB54 6AJ,SHEPD,PSI,1,252020,12,2026-07-03T08:37:43Z,2026-07-03T13:16:44Z,4.65
AB54 6AL,SHEPD,PSI,1,252020,12,2026-07-03T08:37:43Z,2026-07-03T13:16:44Z,4.65
AB54 6AN,SHEPD,PSI,1,252020,12,2026-07-03T08:37:43Z,2026-07-03T13:16:44Z,4.65
AB54 6EP,SHEPD,PSI,1,252020,12,2026-07-03T08:37:43Z,2026-07-03T13:16:44Z,4.65
BH20 6AB,SEPD,PSI,1,251503,19,2026-07-03T08:37:43Z,2026-07-03T13:16:44Z,4.65
BH20 6AD,SEPD,PSI,1,251503,19,2026-07-03T08:37:43Z,2026-07-03T13:16:44Z,4.65
BH20 6AE,SEPD,PSI,1,251503,19,2026-07-03T08:37:43Z,2026-07-03T13:16:44Z,4.65
DT11 8HQ,SEPD,PSI,1,251349,60,2026-07-03T08:37:43Z,2026-07-03T13:16:44Z,4.65
DT11 8HW,SEPD,PSI,1,251349,60,2026-07-03T08:37:43Z,2026-07-03T13:16:44Z,4.65
DT11 8QZ,SEPD,PSI,1,251349,60,2026-07-03T08:37:43Z,2026-07-03T13:16:44Z,4.65
DT11 8RA,SEPD,PSI,1,251349,60,2026-07-03T08:37:43Z,2026-07-03T13:16:44Z,4.65
DT11 8RG,SEPD,PSI,1,251349,60,2026-07-03T08:37:43Z,2026-07-03T13:16:44Z,4.65
OX10 6PT,SEPD,PSI,1,252518,26,2026-07-03T08:37:43Z,2026-07-03T13:16:44Z,4.65
OX10 6PU,SEPD,PSI,1,252518,26,2026-07-03T08:37:43Z,2026-07-03T13:16:44Z,4.65
OX10 6QH,SEPD,PSI,1,252518,26,2026-07-03T08:37:43Z,2026-07-03T13:16:44Z,4.65
OX10 6QJ,SEPD,PSI,1,252518,26,2026-07-03T08:37:43Z,2026-07-03T13:16:44Z,4.65
OX10 6QQ,SEPD,PSI,1,252518,26,2026-07-03T08:37:43Z,2026-07-03T13:16:44Z,4.65
OX7 4EU,SEPD,PSI,1,251942,2,2026-07-03T08:37:43Z,2026-07-03T13:16:44Z,4.65
PH22 1QP,SHEPD,PSI,1,251985,2,2026-07-03T08:37:43Z,2026-07-03T13:16:44Z,4.65
SO23 7PD,SEPD,PSI,1,252609,12,2026-07-03T08:37:43Z,2026-07-03T13:16:44Z,4.65
SO41 9DR,SEPD,PSI,1,252955,47,2026-07-03T08:37:43Z,2026-07-03T13:16:44Z,4.65
SO41 9DW,SEPD,PSI,1,252955,47,2026-07-03T08:37:43Z,2026-07-03T13:16:44Z,4.65
SO41 9DY,SEPD,PSI,1,252955,47,2026-07-03T08:37:43Z,2026-07-03T13:16:44Z,4.65
SO41 9DZ,SEPD,PSI,1,252955,47,2026-07-03T08:37:43Z,2026-07-03T13:16:44Z,4.65
SO41 9EA,SEPD,PSI,1,252955,47,2026-07-03T08:37:43Z,2026-07-03T13:16:44Z,4.65
SP7 0LH,SEPD,PSI,1,251349,60,2026-07-03T08:37:43Z,2026-07-03T13:16:44Z,4.65
SP7 0LQ,SEPD,PSI,1,251349,60,2026-07-03T08:37:43Z,2026-07-03T13:16:44Z,4.65
BH20 5LG,SEPD,HV,1,TN6902,20,2026-07-02T08:34:46Z,2026-07-02T13:12:33Z,4.63
BH20 5LR,SEPD,HV,1,TN6902,20,2026-07-02T08:34:46Z,2026-07-02T13:12:33Z,4.63
PO16 7BQ,SEPD,PSI,1,251927,122,2026-07-02T08:34:46Z,2026-07-02T13:12:33Z,4.63
PO17 6LD,SEPD,PSI,1,251927,122,2026-07-02T08:34:46Z,2026-07-02T13:12:33Z,4.63
PO17 6LE,SEPD,PSI,1,251927,122,2026-07-02T08:34:46Z,2026-07-02T13:12:33Z,4.63
PO17 6LF,SEPD,PSI,1,251927,122,2026-07-02T08:34:46Z,2026-07-02T13:12:33Z,4.63
PO17 6LG,SEPD,PSI,1,251927,122,2026-07-02T08:34:46Z,2026-07-02T13:12:33Z,4.63
PO17 6LH,SEPD,PSI,1,251927,122,2026-07-02T08:34:46Z,2026-07-02T13:12:33Z,4.63
PO17 6LJ,SEPD,PSI,1,251927,122,2026-07-02T08:34:46Z,2026-07-02T13:12:33Z,4.63
PO17 6LL,SEPD,PSI,1,251927,122,2026-07-02T08:34:46Z,2026-07-02T13:12:33Z,4.63
PO17 6LQ,SEPD,PSI,1,251927,122,2026-07-02T08:34:46Z,2026-07-02T13:12:33Z,4.63
PO9 4DL,SEPD,LV,1,TN6890,12,2026-07-02T08:34:46Z,2026-07-02T13:12:33Z,4.63
PO9 4DN,SEPD,LV,1,TN6890,12,2026-07-02T08:34:46Z,2026-07-02T13:12:33Z,4.63
PO9 4DU,SEPD,LV,1,TN6890,12,2026-07-02T08:34:46Z,2026-07-02T13:12:33Z,4.63
SO32 3QA,SEPD,PSI,1,251927,122,2026-07-02T08:34:46Z,2026-07-02T13:12:33Z,4.63
SO32 3QB,SEPD,PSI,1,251927,122,2026-07-02T08:34:46Z,2026-07-02T13:12:33Z,4.63
SO32 3QD,SEPD,PSI,1,251927,122,2026-07-02T08:34:46Z,2026-07-02T13:12:33Z,4.63
SO32 3QE,SEPD,PSI,1,251927,122,2026-07-02T08:34:46Z,2026-07-02T13:12:33Z,4.63
SO20 6JR,SEPD,HV,2,"TN4508,TN5360",44,2026-06-30T19:12:27Z,2026-07-03T01:29:40Z,4.61
SO20 6JT,SEPD,HV,2,"TN4508,TN5360",44,2026-06-30T19:12:27Z,2026-07-03T01:29:40Z,4.61
SO20 6JU,SEPD,HV,2,"TN4508,TN5360",44,2026-06-30T19:12:27Z,2026-07-03T01:29:40Z,4.61
SO20 6LG,SEPD,HV,2,"TN4508,TN5360",44,2026-06-30T19:12:27Z,2026-07-03T01:29:40Z,4.61
GL7 3HD,SEPD,HV,1,TN4525,214,2026-06-30T19:12:27Z,2026-06-30T23:49:15Z,4.61
GL7 3HE,SEPD,HV,1,TN4525,214,2026-06-30T19:12:27Z,2026-06-30T23:49:15Z,4.61
GL7 3HF,SEPD,HV,1,TN4525,214,2026-06-30T19:12:27Z,2026-06-30T23:49:15Z,4.61
GL7 3HG,SEPD,HV,1,TN4525,214,2026-06-30T19:12:27Z,2026-06-30T23:49:15Z,4.61
GL7 3HH,SEPD,HV,1,TN4525,214,2026-06-30T19:12:27Z,2026-06-30T23:49:15Z,4.61
GL7 3HJ,SEPD,HV,1,TN4525,214,2026-06-30T19:12:27Z,2026-06-30T23:49:15Z,4.61
GL7 3HQ,SEPD,HV,1,TN4525,214,2026-06-30T19:12:27Z,2026-06-30T23:49:15Z,4.61
GL7 3JH,SEPD,HV,1,TN4525,214,2026-06-30T19:12:27Z,2026-06-30T23:49:15Z,4.61
GL7 3JQ,SEPD,HV,1,TN4525,214,2026-06-30T19:12:27Z,2026-06-30T23:49:15Z,4.61
GL7 3LA,SEPD,HV,1,TN4525,214,2026-06-30T19:12:27Z,2026-06-30T23:49:15Z,4.61
GL7 3LB,SEPD,HV,1,TN4525,214,2026-06-30T19:12:27Z,2026-06-30T23:49:15Z,4.61
GL7 3LD,SEPD,HV,1,TN4525,214,2026-06-30T19:12:27Z,2026-06-30T23:49:15Z,4.61
GL7 3LE,SEPD,HV,1,TN4525,214,2026-06-30T19:12:27Z,2026-06-30T23:49:15Z,4.61
GL7 3LF,SEPD,HV,1,TN4525,214,2026-06-30T19:12:27Z,2026-06-30T23:49:15Z,4.61
GL7 3LJ,SEPD,HV,1,TN4525,214,2026-06-30T19:12:27Z,2026-06-30T23:49:15Z,4.61
GL7 3LN,SEPD,HV,1,TN4525,214,2026-06-30T19:12:27Z,2026-06-30T23:49:15Z,4.61
GL7 3LP,SEPD,HV,1,TN4525,214,2026-06-30T19:12:27Z,2026-06-30T23:49:15Z,4.61
GL7 3LS,SEPD,HV,1,TN4525,214,2026-06-30T19:12:27Z,2026-06-30T23:49:15Z,4.61
GL7 3LW,SEPD,HV,1,TN4525,214,2026-06-30T19:12:27Z,2026-06-30T23:49:15Z,4.61
GL7 3QH,SEPD,HV,1,TN4525,214,2026-06-30T19:12:27Z,2026-06-30T23:49:15Z,4.61
GL7 3QJ,SEPD,HV,1,TN4525,214,2026-06-30T19:12:27Z,2026-06-30T23:49:15Z,4.61
GL7 3QL,SEPD,HV,1,TN4525,214,2026-06-30T19:12:27Z,2026-06-30T23:49:15Z,4.61
GL7 3QN,SEPD,HV,1,TN4525,214,2026-06-30T19:12:27Z,2026-06-30T23:49:15Z,4.61
GL7 3QR,SEPD,HV,1,TN4525,214,2026-06-30T19:12:27Z,2026-06-30T23:49:15Z,4.61
GL7 3RB,SEPD,HV,1,TN4525,214,2026-06-30T19:12:27Z,2026-06-30T23:49:15Z,4.61
SO22 4LX,SEPD,LV,1,TP2769,16,2026-07-06T20:45:24Z,2026-07-07T01:19:49Z,4.57
SO22 4QL,SEPD,LV,1,TP2769,16,2026-07-06T20:45:24Z,2026-07-07T01:19:49Z,4.57
SO22 4QN,SEPD,LV,1,TP2769,16,2026-07-06T20:45:24Z,2026-07-07T01:19:49Z,4.57
GU52 6AF,SEPD,LV,2,"TP0256,TP0694",40,2026-07-04T17:46:23Z,2026-07-05T16:31:54Z,4.54
GU52 6ER,SEPD,LV,2,"TP0256,TP0694",40,2026-07-04T17:46:23Z,2026-07-05T16:31:54Z,4.54
GU52 6EX,SEPD,LV,2,"TP0256,TP0694",40,2026-07-04T17:46:23Z,2026-07-05T16:31:54Z,4.54
GU52 6HB,SEPD,LV,2,"TP0256,TP0694",40,2026-07-04T17:46:23Z,2026-07-05T16:31:54Z,4.54
GU52 6HE,SEPD,LV,2,"TP0256,TP0694",40,2026-07-04T17:46:23Z,2026-07-05T16:31:54Z,4.54
GU52 6TF,SEPD,LV,2,"TP0256,TP0694",40,2026-07-04T17:46:23Z,2026-07-05T16:31:54Z,4.54
W5 1BX,SEPD,LV,1,TN8984,40,2026-07-03T15:30:39Z,2026-07-03T19:54:45Z,4.4
W5 1BY,SEPD,LV,1,TN8984,40,2026-07-03T15:30:39Z,2026-07-03T19:54:45Z,4.4
W5 1DD,SEPD,LV,1,TN8984,40,2026-07-03T15:30:39Z,2026-07-03T19:54:45Z,4.4
W5 1DE,SEPD,LV,1,TN8984,40,2026-07-03T15:30:39Z,2026-07-03T19:54:45Z,4.4
W5 1HR,SEPD,LV,1,TN8984,40,2026-07-03T15:30:39Z,2026-07-03T19:54:45Z,4.4
W5 1TW,SEPD,LV,1,TN8984,40,2026-07-03T15:30:39Z,2026-07-03T19:54:45Z,4.4
RG41 5DH,SEPD,LV,2,"TP2439,TP3589",74,2026-07-06T16:44:02Z,2026-07-07T13:52:22Z,4.36
RG41 5DQ,SEPD,LV,2,"TP2439,TP3589",74,2026-07-06T16:44:02Z,2026-07-07T13:52:22Z,4.36
RG6 3UH,SEPD,LV,2,"TP2439,TP3589",74,2026-07-06T16:44:02Z,2026-07-07T13:52:22Z,4.36
RG6 3UN,SEPD,LV,2,"TP2439,TP3589",74,2026-07-06T16:44:02Z,2026-07-07T13:52:22Z,4.36
RG6 3XJ,SEPD,LV,2,"TP2439,TP3589",74,2026-07-06T16:44:02Z,2026-07-07T13:52:22Z,4.36
RG6 3XL,SEPD,LV,2,"TP2439,TP3589",74,2026-07-06T16:44:02Z,2026-07-07T13:52:22Z,4.36
RG6 3XN,SEPD,LV,2,"TP2439,TP3589",74,2026-07-06T16:44:02Z,2026-07-07T13:52:22Z,4.36
RG6 3XP,SEPD,LV,2,"TP2439,TP3589",74,2026-07-06T16:44:02Z,2026-07-07T13:52:22Z,4.36
RG6 3XR,SEPD,LV,2,"TP2439,TP3589",74,2026-07-06T16:44:02Z,2026-07-07T13:52:22Z,4.36
RG6 3XS,SEPD,LV,2,"TP2439,TP3589",74,2026-07-06T16:44:02Z,2026-07-07T13:52:22Z,4.36
RG6 3XW,SEPD,LV,2,"TP2439,TP3589",74,2026-07-06T16:44:02Z,2026-07-07T13:52:22Z,4.36
RG6 7JF,SEPD,LV,2,"TP2439,TP3589",74,2026-07-06T16:44:02Z,2026-07-07T13:52:22Z,4.36
BH24 3BN,SEPD,PSI,2,"252124,252128",17,2026-07-05T10:31:32Z,2026-07-07T11:34:20Z,4.3
IV27 4PW,SHEPD,PSI,2,"251995,251998",383,2026-07-02T11:18:59Z,2026-07-03T15:30:39Z,4.23
IV27 4PY,SHEPD,PSI,2,"251995,251998",383,2026-07-02T11:18:59Z,2026-07-03T15:30:39Z,4.23
IV27 4QA,SHEPD,PSI,2,"251995,251998",383,2026-07-02T11:18:59Z,2026-07-03T15:30:39Z,4.23
IV27 4QB,SHEPD,PSI,2,"251995,251998",383,2026-07-02T11:18:59Z,2026-07-03T15:30:39Z,4.23
IV27 4QH,SHEPD,PSI,2,"251995,251998",383,2026-07-02T11:18:59Z,2026-07-03T15:30:39Z,4.23
SN16 0EP,SEPD,PSI,1,252630,26,2026-07-01T16:00:46Z,2026-07-01T20:13:43Z,4.22
SN16 0EW,SEPD,PSI,1,252630,26,2026-07-01T16:00:46Z,2026-07-01T20:13:43Z,4.22
BA14 6QJ,SEPD,LV,2,"TN6741,TN8969",54,2026-07-01T23:23:41Z,2026-07-03T13:16:44Z,4.19
BA14 6QN,SEPD,LV,2,"TN6741,TN8969",54,2026-07-01T23:23:41Z,2026-07-03T13:16:44Z,4.19
BA14 6RD,SEPD,LV,2,"TN6741,TN8969",54,2026-07-01T23:23:41Z,2026-07-03T13:16:44Z,4.19
BA14 6TB,SEPD,LV,2,"TN6741,TN8969",54,2026-07-01T23:23:41Z,2026-07-03T13:16:44Z,4.19
SN8 3EL,SEPD,HV,1,TP2565,13,2026-07-06T16:44:02Z,2026-07-06T20:45:24Z,4.02
SP11 9PL,SEPD,HV,1,TP2565,13,2026-07-06T16:44:02Z,2026-07-06T20:45:24Z,4.02
SP11 9PN,SEPD,HV,1,TP2565,13,2026-07-06T16:44:02Z,2026-07-06T20:45:24Z,4.02
SP11 9PP,SEPD,HV,1,TP2565,13,2026-07-06T16:44:02Z,2026-07-06T20:45:24Z,4.02
SP11 9PR,SEPD,HV,1,TP2565,13,2026-07-06T16:44:02Z,2026-07-06T20:45:24Z,4.02
SP11 9PW,SEPD,HV,1,TP2565,13,2026-07-06T16:44:02Z,2026-07-06T20:45:24Z,4.02
AB43 6LD,SHEPD,LV,1,TP1446,19,2026-07-06T05:49:40Z,2026-07-06T09:46:21Z,3.94
AB43 6LE,SHEPD,LV,1,TP1446,19,2026-07-06T05:49:40Z,2026-07-06T09:46:21Z,3.94
AB43 6LL,SHEPD,LV,1,TP1446,19,2026-07-06T05:49:40Z,2026-07-06T09:46:21Z,3.94
AB43 6NB,SHEPD,LV,1,TP1446,19,2026-07-06T05:49:40Z,2026-07-06T09:46:21Z,3.94
GU10 3DP,SEPD,HV,1,TP1480,113,2026-07-06T05:49:40Z,2026-07-06T09:46:21Z,3.94
GU10 3DU,SEPD,HV,1,TP1480,113,2026-07-06T05:49:40Z,2026-07-06T09:46:21Z,3.94
GU10 3DW,SEPD,HV,1,TP1480,113,2026-07-06T05:49:40Z,2026-07-06T09:46:21Z,3.94
GU10 3DX,SEPD,HV,1,TP1480,113,2026-07-06T05:49:40Z,2026-07-06T09:46:21Z,3.94
GU10 3DY,SEPD,HV,1,TP1480,113,2026-07-06T05:49:40Z,2026-07-06T09:46:21Z,3.94
GU10 3DZ,SEPD,HV,1,TP1480,113,2026-07-06T05:49:40Z,2026-07-06T09:46:21Z,3.94
GU10 3EA,SEPD,HV,1,TP1480,113,2026-07-06T05:49:40Z,2026-07-06T09:46:21Z,3.94
GU10 3EB,SEPD,HV,1,TP1480,113,2026-07-06T05:49:40Z,2026-07-06T09:46:21Z,3.94
GU10 3EE,SEPD,HV,1,TP1480,113,2026-07-06T05:49:40Z,2026-07-06T09:46:21Z,3.94
GU10 3EF,SEPD,HV,1,TP1480,113,2026-07-06T05:49:40Z,2026-07-06T09:46:21Z,3.94
GU10 3EG,SEPD,HV,1,TP1480,113,2026-07-06T05:49:40Z,2026-07-06T09:46:21Z,3.94
KW17 2BA,SHEPD,HV,1,TP1457,105,2026-07-06T05:49:40Z,2026-07-06T09:46:21Z,3.94
KW17 2BJ,SHEPD,HV,1,TP1457,105,2026-07-06T05:49:40Z,2026-07-06T09:46:21Z,3.94
KW17 2BL,SHEPD,HV,1,TP1457,105,2026-07-06T05:49:40Z,2026-07-06T09:46:21Z,3.94
KW17 2BP,SHEPD,HV,1,TP1457,105,2026-07-06T05:49:40Z,2026-07-06T09:46:21Z,3.94
KW17 2BW,SHEPD,HV,1,TP1457,105,2026-07-06T05:49:40Z,2026-07-06T09:46:21Z,3.94
RG14 1BG,SEPD,HV,1,TP0086,417,2026-07-04T11:45:25Z,2026-07-04T15:39:50Z,3.91
RG14 1GA,SEPD,HV,1,TP0086,417,2026-07-04T11:45:25Z,2026-07-04T15:39:50Z,3.91
RG14 1GB,SEPD,HV,1,TP0086,417,2026-07-04T11:45:25Z,2026-07-04T15:39:50Z,3.91
RG14 1GD,SEPD,HV,1,TP0086,417,2026-07-04T11:45:25Z,2026-07-04T15:39:50Z,3.91
RG14 1QT,SEPD,HV,1,TP0086,417,2026-07-04T11:45:25Z,2026-07-04T15:39:50Z,3.91
RG14 1RZ,SEPD,HV,1,TP0086,417,2026-07-04T11:45:25Z,2026-07-04T15:39:50Z,3.91
RG14 1SL,SEPD,HV,1,TP0086,417,2026-07-04T11:45:25Z,2026-07-04T15:39:50Z,3.91
RG14 1SN,SEPD,HV,1,TP0086,417,2026-07-04T11:45:25Z,2026-07-04T15:39:50Z,3.91
RG14 1SS,SEPD,HV,1,TP0086,417,2026-07-04T11:45:25Z,2026-07-04T15:39:50Z,3.91
RG14 1ST,SEPD,HV,1,TP0086,417,2026-07-04T11:45:25Z,2026-07-04T15:39:50Z,3.91
RG14 1SW,SEPD,HV,1,TP0086,417,2026-07-04T11:45:25Z,2026-07-04T15:39:50Z,3.91
RG14 1SY,SEPD,HV,1,TP0086,417,2026-07-04T11:45:25Z,2026-07-04T15:39:50Z,3.91
RG14 1SZ,SEPD,HV,1,TP0086,417,2026-07-04T11:45:25Z,2026-07-04T15:39:50Z,3.91
RG14 1TA,SEPD,HV,1,TP0086,417,2026-07-04T11:45:25Z,2026-07-04T15:39:50Z,3.91
RG14 1UL,SEPD,HV,1,TP0086,417,2026-07-04T11:45:25Z,2026-07-04T15:39:50Z,3.91
RG14 1UN,SEPD,HV,1,TP0086,417,2026-07-04T11:45:25Z,2026-07-04T15:39:50Z,3.91
RG14 1UP,SEPD,HV,1,TP0086,417,2026-07-04T11:45:25Z,2026-07-04T15:39:50Z,3.91
RG14 1UR,SEPD,HV,1,TP0086,417,2026-07-04T11:45:25Z,2026-07-04T15:39:50Z,3.91
RG14 1UT,SEPD,HV,1,TP0086,417,2026-07-04T11:45:25Z,2026-07-04T15:39:50Z,3.91
RG14 1UU,SEPD,HV,1,TP0086,417,2026-07-04T11:45:25Z,2026-07-04T15:39:50Z,3.91
RG14 1UW,SEPD,HV,1,TP0086,417,2026-07-04T11:45:25Z,2026-07-04T15:39:50Z,3.91
RG14 2LA,SEPD,HV,1,TP0086,417,2026-07-04T11:45:25Z,2026-07-04T15:39:50Z,3.91
RG14 2LE,SEPD,HV,1,TP0086,417,2026-07-04T11:45:25Z,2026-07-04T15:39:50Z,3.91
RG20 2AA,SEPD,HV,1,TP0086,417,2026-07-04T11:45:25Z,2026-07-04T15:39:50Z,3.91
RG20 8AA,SEPD,HV,1,TP0086,417,2026-07-04T11:45:25Z,2026-07-04T15:39:50Z,3.91
SP2 7PN,SEPD,PSI,1,252849,4,2026-07-02T18:52:49Z,2026-07-02T22:45:43Z,3.88
SP2 7PU,SEPD,PSI,1,252849,4,2026-07-02T18:52:49Z,2026-07-02T22:45:43Z,3.88
BH24 3BU,SEPD,PSI,1,252090,21,2026-07-04T07:53:28Z,2026-07-04T11:45:25Z,3.87
HP10 0JN,SEPD,HV,1,TN4435,109,2026-06-30T17:14:57Z,2026-06-30T21:06:42Z,3.86
HP10 0JP,SEPD,HV,1,TN4435,109,2026-06-30T17:14:57Z,2026-06-30T21:06:42Z,3.86
HP10 0JR,SEPD,HV,1,TN4435,109,2026-06-30T17:14:57Z,2026-06-30T21:06:42Z,3.86
HP10 0JS,SEPD,HV,1,TN4435,109,2026-06-30T17:14:57Z,2026-06-30T21:06:42Z,3.86
HP10 0JT,SEPD,HV,1,TN4435,109,2026-06-30T17:14:57Z,2026-06-30T21:06:42Z,3.86
HP10 0JU,SEPD,HV,1,TN4435,109,2026-06-30T17:14:57Z,2026-06-30T21:06:42Z,3.86
HP10 0JW,SEPD,HV,1,TN4435,109,2026-06-30T17:14:57Z,2026-06-30T21:06:42Z,3.86
HP10 0JX,SEPD,HV,1,TN4435,109,2026-06-30T17:14:57Z,2026-06-30T21:06:42Z,3.86
HP10 0JY,SEPD,HV,1,TN4435,109,2026-06-30T17:14:57Z,2026-06-30T21:06:42Z,3.86
HP10 0LA,SEPD,HV,1,TN4435,109,2026-06-30T17:14:57Z,2026-06-30T21:06:42Z,3.86
HP10 0LB,SEPD,HV,1,TN4435,109,2026-06-30T17:14:57Z,2026-06-30T21:06:42Z,3.86
HP10 0LD,SEPD,HV,1,TN4435,109,2026-06-30T17:14:57Z,2026-06-30T21:06:42Z,3.86
HP10 0LG,SEPD,HV,1,TN4435,109,2026-06-30T17:14:57Z,2026-06-30T21:06:42Z,3.86
HP10 0LH,SEPD,HV,1,TN4435,109,2026-06-30T17:14:57Z,2026-06-30T21:06:42Z,3.86
HP10 0LJ,SEPD,HV,1,TN4435,109,2026-06-30T17:14:57Z,2026-06-30T21:06:42Z,3.86
HP10 0LL,SEPD,HV,1,TN4435,109,2026-06-30T17:14:57Z,2026-06-30T21:06:42Z,3.86
HP10 0LN,SEPD,HV,1,TN4435,109,2026-06-30T17:14:57Z,2026-06-30T21:06:42Z,3.86
HP10 0LP,SEPD,HV,1,TN4435,109,2026-06-30T17:14:57Z,2026-06-30T21:06:42Z,3.86
HP10 0LX,SEPD,HV,1,TN4435,109,2026-06-30T17:14:57Z,2026-06-30T21:06:42Z,3.86
RH12 3BJ,SEPD,"PSI,LV",2,"252243,TP1702",200,2026-07-06T09:46:21Z,2026-07-06T13:35:12Z,3.81
RH12 3BL,SEPD,"PSI,LV",2,"252243,TP1702",200,2026-07-06T09:46:21Z,2026-07-06T13:35:12Z,3.81
RH12 3DR,SEPD,"PSI,LV",2,"252243,TP1702",200,2026-07-06T09:46:21Z,2026-07-06T13:35:12Z,3.81
RH12 3DS,SEPD,"PSI,LV",2,"252243,TP1702",200,2026-07-06T09:46:21Z,2026-07-06T13:35:12Z,3.81
RH12 3DT,SEPD,"PSI,LV",2,"252243,TP1702",200,2026-07-06T09:46:21Z,2026-07-06T13:35:12Z,3.81
RH12 3DU,SEPD,"PSI,LV",2,"252243,TP1702",200,2026-07-06T09:46:21Z,2026-07-06T13:35:12Z,3.81
RH12 3DW,SEPD,"PSI,LV",2,"252243,TP1702",200,2026-07-06T09:46:21Z,2026-07-06T13:35:12Z,3.81
RH12 3DY,SEPD,"PSI,LV",2,"252243,TP1702",200,2026-07-06T09:46:21Z,2026-07-06T13:35:12Z,3.81
AB12 5GJ,SHEPD,PSI,1,253015,45,2026-07-06T09:46:21Z,2026-07-06T13:35:12Z,3.81
AB12 5GP,SHEPD,PSI,1,253015,45,2026-07-06T09:46:21Z,2026-07-06T13:35:12Z,3.81
AB12 5GQ,SHEPD,PSI,1,253015,45,2026-07-06T09:46:21Z,2026-07-06T13:35:12Z,3.81
AB12 5GR,SHEPD,PSI,1,253015,45,2026-07-06T09:46:21Z,2026-07-06T13:35:12Z,3.81
AB12 5GS,SHEPD,PSI,1,253015,45,2026-07-06T09:46:21Z,2026-07-06T13:35:12Z,3.81
AB31 6EB,SHEPD,PSI,1,253015,45,2026-07-06T09:46:21Z,2026-07-06T13:35:12Z,3.81
AB31 6ED,SHEPD,PSI,1,253015,45,2026-07-06T09:46:21Z,2026-07-06T13:35:12Z,3.81
AB53 4HL,SHEPD,PSI,1,252156,4,2026-07-06T09:46:21Z,2026-07-06T13:35:12Z,3.81
AB53 8AP,SHEPD,PSI,1,252156,4,2026-07-06T09:46:21Z,2026-07-06T13:35:12Z,3.81
BA11 2PH,SEPD,PSI,1,252309,6,2026-07-06T09:46:21Z,2026-07-06T13:35:12Z,3.81
BA11 2QJ,SEPD,PSI,1,252309,6,2026-07-06T09:46:21Z,2026-07-06T13:35:12Z,3.81
BA12 6DS,SEPD,LV,1,TP1468,32,2026-07-06T09:46:21Z,2026-07-06T13:35:12Z,3.81
BA12 6FB,SEPD,LV,1,TP1468,32,2026-07-06T09:46:21Z,2026-07-06T13:35:12Z,3.81
BA12 6JB,SEPD,LV,1,TP1468,32,2026-07-06T09:46:21Z,2026-07-06T13:35:12Z,3.81
BA12 6JF,SEPD,LV,1,TP1468,32,2026-07-06T09:46:21Z,2026-07-06T13:35:12Z,3.81
BA12 6JH,SEPD,LV,1,TP1468,32,2026-07-06T09:46:21Z,2026-07-06T13:35:12Z,3.81
BA12 6JL,SEPD,LV,1,TP1468,32,2026-07-06T09:46:21Z,2026-07-06T13:35:12Z,3.81
BA12 6JN,SEPD,LV,1,TP1468,32,2026-07-06T09:46:21Z,2026-07-06T13:35:12Z,3.81
BA12 6JP,SEPD,LV,1,TP1468,32,2026-07-06T09:46:21Z,2026-07-06T13:35:12Z,3.81
BA12 6JQ,SEPD,LV,1,TP1468,32,2026-07-06T09:46:21Z,2026-07-06T13:35:12Z,3.81
BA12 6JW,SEPD,LV,1,TP1468,32,2026-07-06T09:46:21Z,2026-07-06T13:35:12Z,3.81
BA12 6JX,SEPD,LV,1,TP1468,32,2026-07-06T09:46:21Z,2026-07-06T13:35:12Z,3.81
BA12 6JY,SEPD,LV,1,TP1468,32,2026-07-06T09:46:21Z,2026-07-06T13:35:12Z,3.81
BA12 6JZ,SEPD,LV,1,TP1468,32,2026-07-06T09:46:21Z,2026-07-06T13:35:12Z,3.81
BH23 2DU,SEPD,PSI,1,253076,23,2026-07-06T09:46:21Z,2026-07-06T13:35:12Z,3.81
BH23 2HG,SEPD,PSI,1,253076,23,2026-07-06T09:46:21Z,2026-07-06T13:35:12Z,3.81
BN18 0AS,SEPD,PSI,1,252272,28,2026-07-06T09:46:21Z,2026-07-06T13:35:12Z,3.81
BN18 0LJ,SEPD,PSI,1,252272,28,2026-07-06T09:46:21Z,2026-07-06T13:35:12Z,3.81
BN18 0LQ,SEPD,PSI,1,252272,28,2026-07-06T09:46:21Z,2026-07-06T13:35:12Z,3.81
OX2 8NR,SEPD,PSI,1,253021,24,2026-07-06T09:46:21Z,2026-07-06T13:35:12Z,3.81
OX5 1SB,SEPD,LV,1,TP1530,22,2026-07-06T09:46:21Z,2026-07-06T13:35:12Z,3.81
OX5 1SD,SEPD,LV,1,TP1530,22,2026-07-06T09:46:21Z,2026-07-06T13:35:12Z,3.81
OX5 1SE,SEPD,LV,1,TP1530,22,2026-07-06T09:46:21Z,2026-07-06T13:35:12Z,3.81
OX5 1SF,SEPD,LV,1,TP1530,22,2026-07-06T09:46:21Z,2026-07-06T13:35:12Z,3.81
RG17 9EG,SEPD,PSI,1,252945,6,2026-07-06T09:46:21Z,2026-07-06T13:35:12Z,3.81
RG20 0BS,SEPD,PSI,1,252945,6,2026-07-06T09:46:21Z,2026-07-06T13:35:12Z,3.81
RG27 8BF,SEPD,PSI,1,252492,173,2026-07-06T09:46:21Z,2026-07-06T13:35:12Z,3.81
RG27 8BX,SEPD,PSI,1,252492,173,2026-07-06T09:46:21Z,2026-07-06T13:35:12Z,3.81
RG27 8BY,SEPD,PSI,1,252492,173,2026-07-06T09:46:21Z,2026-07-06T13:35:12Z,3.81
RG27 8BZ,SEPD,PSI,1,252492,173,2026-07-06T09:46:21Z,2026-07-06T13:35:12Z,3.81
RG27 8EF,SEPD,PSI,1,252492,173,2026-07-06T09:46:21Z,2026-07-06T13:35:12Z,3.81
RG27 8SH,SEPD,PSI,1,252492,173,2026-07-06T09:46:21Z,2026-07-06T13:35:12Z,3.81
RG27 8XU,SEPD,PSI,1,252492,173,2026-07-06T09:46:21Z,2026-07-06T13:35:12Z,3.81
RG27 8ZY,SEPD,PSI,1,252492,173,2026-07-06T09:46:21Z,2026-07-06T13:35:12Z,3.81
RG27 9HF,SEPD,PSI,1,252492,173,2026-07-06T09:46:21Z,2026-07-06T13:35:12Z,3.81
RH12 3AF,SEPD,PSI,1,252243,180,2026-07-06T09:46:21Z,2026-07-06T13:35:12Z,3.81
RH12 3BA,SEPD,PSI,1,252243,180,2026-07-06T09:46:21Z,2026-07-06T13:35:12Z,3.81
RH12 3BB,SEPD,PSI,1,252243,180,2026-07-06T09:46:21Z,2026-07-06T13:35:12Z,3.81
RH12 3BD,SEPD,PSI,1,252243,180,2026-07-06T09:46:21Z,2026-07-06T13:35:12Z,3.81
RH12 3BE,SEPD,PSI,1,252243,180,2026-07-06T09:46:21Z,2026-07-06T13:35:12Z,3.81
RH12 3BF,SEPD,PSI,1,252243,180,2026-07-06T09:46:21Z,2026-07-06T13:35:12Z,3.81
RH12 3BH,SEPD,PSI,1,252243,180,2026-07-06T09:46:21Z,2026-07-06T13:35:12Z,3.81
RH12 3BS,SEPD,PSI,1,252243,180,2026-07-06T09:46:21Z,2026-07-06T13:35:12Z,3.81
RH12 3BW,SEPD,PSI,1,252243,180,2026-07-06T09:46:21Z,2026-07-06T13:35:12Z,3.81
RH12 3DG,SEPD,PSI,1,252243,180,2026-07-06T09:46:21Z,2026-07-06T13:35:12Z,3.81
RH12 3DJ,SEPD,PSI,1,252243,180,2026-07-06T09:46:21Z,2026-07-06T13:35:12Z,3.81
RH12 3DL,SEPD,PSI,1,252243,180,2026-07-06T09:46:21Z,2026-07-06T13:35:12Z,3.81
RH12 3DN,SEPD,PSI,1,252243,180,2026-07-06T09:46:21Z,2026-07-06T13:35:12Z,3.81
RH12 3JJ,SEPD,PSI,1,252243,180,2026-07-06T09:46:21Z,2026-07-06T13:35:12Z,3.81
RH12 3JN,SEPD,PSI,1,252243,180,2026-07-06T09:46:21Z,2026-07-06T13:35:12Z,3.81
RH12 3JP,SEPD,PSI,1,252243,180,2026-07-06T09:46:21Z,2026-07-06T13:35:12Z,3.81
RH12 3JW,SEPD,PSI,1,252243,180,2026-07-06T09:46:21Z,2026-07-06T13:35:12Z,3.81
RH14,SEPD,PSI,1,252243,180,2026-07-06T09:46:21Z,2026-07-06T13:35:12Z,3.81
SN14 0RG,SEPD,PSI,1,251961,7,2026-07-06T09:46:21Z,2026-07-06T13:35:12Z,3.81
DT10 2AA,SEPD,"PSI,LV",2,"251347,TN7102",152,2026-07-02T11:18:59Z,2026-07-02T13:12:33Z,3.78
DT10 2DJ,SEPD,"PSI,LV",2,"251347,TN7102",152,2026-07-02T11:18:59Z,2026-07-02T13:12:33Z,3.78
DT10 2DL,SEPD,"PSI,LV",2,"251347,TN7102",152,2026-07-02T11:18:59Z,2026-07-02T13:12:33Z,3.78
DT10 2DN,SEPD,"PSI,LV",2,"251347,TN7102",152,2026-07-02T11:18:59Z,2026-07-02T13:12:33Z,3.78
BA12 7JU,SEPD,LV,1,TN9035,32,2026-07-03T13:16:44Z,2026-07-03T16:59:17Z,3.71
BA12 8JE,SEPD,LV,1,TN9035,32,2026-07-03T13:16:44Z,2026-07-03T16:59:17Z,3.71
BA12 8JF,SEPD,LV,1,TN9035,32,2026-07-03T13:16:44Z,2026-07-03T16:59:17Z,3.71
BA12 8JG,SEPD,LV,1,TN9035,32,2026-07-03T13:16:44Z,2026-07-03T16:59:17Z,3.71
BA12 8JH,SEPD,LV,1,TN9035,32,2026-07-03T13:16:44Z,2026-07-03T16:59:17Z,3.71
BA12 8JJ,SEPD,LV,1,TN9035,32,2026-07-03T13:16:44Z,2026-07-03T16:59:17Z,3.71
BA12 8JQ,SEPD,LV,1,TN9035,32,2026-07-03T13:16:44Z,2026-07-03T16:59:17Z,3.71
BA12 8JX,SEPD,LV,1,TN9035,32,2026-07-03T13:16:44Z,2026-07-03T16:59:17Z,3.71
BA12 8NL,SEPD,LV,1,TN9035,32,2026-07-03T13:16:44Z,2026-07-03T16:59:17Z,3.71
OX14 5JF,SEPD,LV,1,TP1251,12,2026-07-05T20:03:20Z,2026-07-05T23:37:56Z,3.58
OX14 5QA,SEPD,LV,1,TP1251,12,2026-07-05T20:03:20Z,2026-07-05T23:37:56Z,3.58
OX14 5QB,SEPD,LV,1,TP1251,12,2026-07-05T20:03:20Z,2026-07-05T23:37:56Z,3.58
OX14 5QD,SEPD,LV,1,TP1251,12,2026-07-05T20:03:20Z,2026-07-05T23:37:56Z,3.58
OX14 5QE,SEPD,LV,1,TP1251,12,2026-07-05T20:03:20Z,2026-07-05T23:37:56Z,3.58
OX14 5QP,SEPD,LV,1,TP1251,12,2026-07-05T20:03:20Z,2026-07-05T23:37:56Z,3.58
OX14 5QW,SEPD,LV,1,TP1251,12,2026-07-05T20:03:20Z,2026-07-05T23:37:56Z,3.58
RG30 3RY,SEPD,"PSI,HV",2,"252819,TN6603",193,2026-07-01T20:13:43Z,2026-07-05T14:00:24Z,3.48
RG7 3BG,SEPD,"PSI,HV",2,"252819,TN6603",193,2026-07-01T20:13:43Z,2026-07-05T14:00:24Z,3.48
RG7 3YG,SEPD,"PSI,HV",2,"252819,TN6603",193,2026-07-01T20:13:43Z,2026-07-05T14:00:24Z,3.48
DD3 0PR,SHEPD,PSI,1,251412,14,2026-07-05T10:31:32Z,2026-07-05T14:00:24Z,3.48
DD3 0PS,SHEPD,PSI,1,251412,14,2026-07-05T10:31:32Z,2026-07-05T14:00:24Z,3.48
IV4 7JX,SHEPD,PSI,1,252184,6,2026-07-05T10:31:32Z,2026-07-05T14:00:24Z,3.48
OX18 2SH,SEPD,"LV,HV",2,"TN4311,TN4496",67,2026-06-30T17:14:57Z,2026-06-30T22:39:07Z,3.44
OX18 2SN,SEPD,"LV,HV",2,"TN4311,TN4496",67,2026-06-30T17:14:57Z,2026-06-30T22:39:07Z,3.44
OX18 2SS,SEPD,"LV,HV",2,"TN4311,TN4496",67,2026-06-30T17:14:57Z,2026-06-30T22:39:07Z,3.44
OX18 2ST,SEPD,"LV,HV",2,"TN4311,TN4496",67,2026-06-30T17:14:57Z,2026-06-30T22:39:07Z,3.44
OX18 2SW,SEPD,"LV,HV",2,"TN4311,TN4496",67,2026-06-30T17:14:57Z,2026-06-30T22:39:07Z,3.44
OX18 2TS,SEPD,"LV,HV",2,"TN4311,TN4496",67,2026-06-30T17:14:57Z,2026-06-30T22:39:07Z,3.44
OX18 2RQ,SEPD,HV,1,TN4496,58,2026-06-30T19:12:27Z,2026-06-30T22:39:07Z,3.44
OX18 2SD,SEPD,HV,1,TN4496,58,2026-06-30T19:12:27Z,2026-06-30T22:39:07Z,3.44
OX18 2SP,SEPD,HV,1,TN4496,58,2026-06-30T19:12:27Z,2026-06-30T22:39:07Z,3.44
OX18 2SR,SEPD,HV,1,TN4496,58,2026-06-30T19:12:27Z,2026-06-30T22:39:07Z,3.44
OX18 2SU,SEPD,HV,1,TN4496,58,2026-06-30T19:12:27Z,2026-06-30T22:39:07Z,3.44
AB51 5JR,SHEPD,HV,1,TP1104,28,2026-07-05T15:21:29Z,2026-07-05T18:45:34Z,3.4
AB51 5JT,SHEPD,HV,1,TP1104,28,2026-07-05T15:21:29Z,2026-07-05T18:45:34Z,3.4
AB51 5JU,SHEPD,HV,1,TP1104,28,2026-07-05T15:21:29Z,2026-07-05T18:45:34Z,3.4
AB51 5LE,SHEPD,HV,1,TP1104,28,2026-07-05T15:21:29Z,2026-07-05T18:45:34Z,3.4
AB51 5NY,SHEPD,HV,1,TP1104,28,2026-07-05T15:21:29Z,2026-07-05T18:45:34Z,3.4
PA46 7RB,SHEPD,HV,1,TP0834,4,2026-07-05T11:59:18Z,2026-07-05T15:21:29Z,3.37
PA46 7RT,SHEPD,HV,1,TP0834,4,2026-07-05T11:59:18Z,2026-07-05T15:21:29Z,3.37
SN4,SEPD,LV,1,TN3715,6,2026-06-30T22:39:07Z,2026-07-01T01:59:22Z,3.34
SN4 7AH,SEPD,LV,1,TN3715,6,2026-06-30T22:39:07Z,2026-07-01T01:59:22Z,3.34
SN4 7HA,SEPD,LV,1,TN3715,6,2026-06-30T22:39:07Z,2026-07-01T01:59:22Z,3.34
SP5 3QQ,SEPD,HV,1,TN5035,7,2026-06-30T22:39:07Z,2026-07-01T01:59:22Z,3.34
SP5 5QT,SEPD,HV,1,TP0397,45,2026-07-04T16:41:34Z,2026-07-04T20:01:19Z,3.33
SP5 5QY,SEPD,HV,1,TP0397,45,2026-07-04T16:41:34Z,2026-07-04T20:01:19Z,3.33
SP5 5QZ,SEPD,HV,1,TP0397,45,2026-07-04T16:41:34Z,2026-07-04T20:01:19Z,3.33
SP5 5RH,SEPD,HV,1,TP0397,45,2026-07-04T16:41:34Z,2026-07-04T20:01:19Z,3.33
SP5 5RQ,SEPD,HV,1,TP0397,45,2026-07-04T16:41:34Z,2026-07-04T20:01:19Z,3.33
TA21 9AD,SEPD,PSI,1,252213,2,2026-07-02T15:32:45Z,2026-07-02T18:52:49Z,3.33
TA21 9HP,SEPD,PSI,1,252213,2,2026-07-02T15:32:45Z,2026-07-02T18:52:49Z,3.33
AB45 2JP,SHEPD,HV,1,TP0509,16,2026-07-04T20:01:19Z,2026-07-04T23:14:42Z,3.22
AB45 2JU,SHEPD,HV,1,TP0509,16,2026-07-04T20:01:19Z,2026-07-04T23:14:42Z,3.22
AB45 2JX,SHEPD,HV,1,TP0509,16,2026-07-04T20:01:19Z,2026-07-04T23:14:42Z,3.22
AB45 2LA,SHEPD,HV,1,TP0509,16,2026-07-04T20:01:19Z,2026-07-04T23:14:42Z,3.22
AB45 2LB,SHEPD,HV,1,TP0509,16,2026-07-04T20:01:19Z,2026-07-04T23:14:42Z,3.22
PO8 0RN,SEPD,HV,1,TP0533,40,2026-07-04T20:01:19Z,2026-07-04T23:14:42Z,3.22
SO30 2EQ,SEPD,HV,1,TP0533,40,2026-07-04T20:01:19Z,2026-07-04T23:14:42Z,3.22
SO30 2ER,SEPD,HV,1,TP0533,40,2026-07-04T20:01:19Z,2026-07-04T23:14:42Z,3.22
GU12 4RN,SEPD,LV,2,"TN5873,TN6565",14,2026-07-01T13:21:00Z,2026-07-01T23:23:41Z,3.17
PO21 5EU,SEPD,"HV,LV",3,"TP2337,TP2758,TP2885",57,2026-07-06T13:35:12Z,2026-07-06T22:03:59Z,3.15
PO21 5EX,SEPD,"HV,LV",3,"TP2337,TP2758,TP2885",57,2026-07-06T13:35:12Z,2026-07-06T22:03:59Z,3.15
PO21 5HH,SEPD,"HV,LV",3,"TP2337,TP2758,TP2885",57,2026-07-06T13:35:12Z,2026-07-06T22:03:59Z,3.15
PO21 5HJ,SEPD,"HV,LV",3,"TP2337,TP2758,TP2885",57,2026-07-06T13:35:12Z,2026-07-06T22:03:59Z,3.15
BN18 0LS,SEPD,PSI,1,252848,5,2026-07-06T13:35:12Z,2026-07-06T16:44:02Z,3.15
DT4 9UX,SEPD,HV,1,TP2337,33,2026-07-06T13:35:12Z,2026-07-06T16:44:02Z,3.15
PO20 2BJ,SEPD,HV,1,TP2337,33,2026-07-06T13:35:12Z,2026-07-06T16:44:02Z,3.15
PO20 2DB,SEPD,HV,1,TP2337,33,2026-07-06T13:35:12Z,2026-07-06T16:44:02Z,3.15
PO20 2DP,SEPD,HV,1,TP2337,33,2026-07-06T13:35:12Z,2026-07-06T16:44:02Z,3.15
PO20 2DR,SEPD,HV,1,TP2337,33,2026-07-06T13:35:12Z,2026-07-06T16:44:02Z,3.15
PO20 2DS,SEPD,HV,1,TP2337,33,2026-07-06T13:35:12Z,2026-07-06T16:44:02Z,3.15
PO20 2DT,SEPD,HV,1,TP2337,33,2026-07-06T13:35:12Z,2026-07-06T16:44:02Z,3.15
PO20 2DU,SEPD,HV,1,TP2337,33,2026-07-06T13:35:12Z,2026-07-06T16:44:02Z,3.15
PO20 2DX,SEPD,HV,1,TP2337,33,2026-07-06T13:35:12Z,2026-07-06T16:44:02Z,3.15
PO20 2FP,SEPD,HV,1,TP2337,33,2026-07-06T13:35:12Z,2026-07-06T16:44:02Z,3.15
PO20 3AG,SEPD,HV,1,TP2337,33,2026-07-06T13:35:12Z,2026-07-06T16:44:02Z,3.15
PO20 3GU,SEPD,HV,1,TP2337,33,2026-07-06T13:35:12Z,2026-07-06T16:44:02Z,3.15
PO20 3SQ,SEPD,HV,1,TP2337,33,2026-07-06T13:35:12Z,2026-07-06T16:44:02Z,3.15
PO20 3SS,SEPD,HV,1,TP2337,33,2026-07-06T13:35:12Z,2026-07-06T16:44:02Z,3.15
PO20 3ST,SEPD,HV,1,TP2337,33,2026-07-06T13:35:12Z,2026-07-06T16:44:02Z,3.15
PO20 3SU,SEPD,HV,1,TP2337,33,2026-07-06T13:35:12Z,2026-07-06T16:44:02Z,3.15
PO20 3SX,SEPD,HV,1,TP2337,33,2026-07-06T13:35:12Z,2026-07-06T16:44:02Z,3.15
PO20 3TA,SEPD,HV,1,TP2337,33,2026-07-06T13:35:12Z,2026-07-06T16:44:02Z,3.15
PO20 3TT,SEPD,HV,1,TP2337,33,2026-07-06T13:35:12Z,2026-07-06T16:44:02Z,3.15
PO21,SEPD,HV,1,TP2337,33,2026-07-06T13:35:12Z,2026-07-06T16:44:02Z,3.15
PO21 2XE,SEPD,HV,1,TP2337,33,2026-07-06T13:35:12Z,2026-07-06T16:44:02Z,3.15
PO21 4JG,SEPD,HV,1,TP2337,33,2026-07-06T13:35:12Z,2026-07-06T16:44:02Z,3.15
PO21 4JQ,SEPD,HV,1,TP2337,33,2026-07-06T13:35:12Z,2026-07-06T16:44:02Z,3.15
PO21 5AD,SEPD,HV,1,TP2337,33,2026-07-06T13:35:12Z,2026-07-06T16:44:02Z,3.15
PO21 5AN,SEPD,HV,1,TP2337,33,2026-07-06T13:35:12Z,2026-07-06T16:44:02Z,3.15
PO21 5AP,SEPD,HV,1,TP2337,33,2026-07-06T13:35:12Z,2026-07-06T16:44:02Z,3.15
PO21 5AR,SEPD,HV,1,TP2337,33,2026-07-06T13:35:12Z,2026-07-06T16:44:02Z,3.15
PO21 5AS,SEPD,HV,1,TP2337,33,2026-07-06T13:35:12Z,2026-07-06T16:44:02Z,3.15
PO21 5AT,SEPD,HV,1,TP2337,33,2026-07-06T13:35:12Z,2026-07-06T16:44:02Z,3.15
PO21 5AU,SEPD,HV,1,TP2337,33,2026-07-06T13:35:12Z,2026-07-06T16:44:02Z,3.15
PO21 5AW,SEPD,HV,1,TP2337,33,2026-07-06T13:35:12Z,2026-07-06T16:44:02Z,3.15
PO21 5AX,SEPD,HV,1,TP2337,33,2026-07-06T13:35:12Z,2026-07-06T16:44:02Z,3.15
PO21 5AY,SEPD,HV,1,TP2337,33,2026-07-06T13:35:12Z,2026-07-06T16:44:02Z,3.15
PO21 5AZ,SEPD,HV,1,TP2337,33,2026-07-06T13:35:12Z,2026-07-06T16:44:02Z,3.15
PO21 5BA,SEPD,HV,1,TP2337,33,2026-07-06T13:35:12Z,2026-07-06T16:44:02Z,3.15
PO21 5BD,SEPD,HV,1,TP2337,33,2026-07-06T13:35:12Z,2026-07-06T16:44:02Z,3.15
PO21 5BG,SEPD,HV,1,TP2337,33,2026-07-06T13:35:12Z,2026-07-06T16:44:02Z,3.15
PO21 5BH,SEPD,HV,1,TP2337,33,2026-07-06T13:35:12Z,2026-07-06T16:44:02Z,3.15
PO21 5BL,SEPD,HV,1,TP2337,33,2026-07-06T13:35:12Z,2026-07-06T16:44:02Z,3.15
PO21 5BN,SEPD,HV,1,TP2337,33,2026-07-06T13:35:12Z,2026-07-06T16:44:02Z,3.15
PO21 5BP,SEPD,HV,1,TP2337,33,2026-07-06T13:35:12Z,2026-07-06T16:44:02Z,3.15
PO21 5BQ,SEPD,HV,1,TP2337,33,2026-07-06T13:35:12Z,2026-07-06T16:44:02Z,3.15
PO21 5BS,SEPD,HV,1,TP2337,33,2026-07-06T13:35:12Z,2026-07-06T16:44:02Z,3.15
PO21 5BT,SEPD,HV,1,TP2337,33,2026-07-06T13:35:12Z,2026-07-06T16:44:02Z,3.15
PO21 5BU,SEPD,HV,1,TP2337,33,2026-07-06T13:35:12Z,2026-07-06T16:44:02Z,3.15
PO21 5BW,SEPD,HV,1,TP2337,33,2026-07-06T13:35:12Z,2026-07-06T16:44:02Z,3.15
PO21 5BX,SEPD,HV,1,TP2337,33,2026-07-06T13:35:12Z,2026-07-06T16:44:02Z,3.15
PO21 5BY,SEPD,HV,1,TP2337,33,2026-07-06T13:35:12Z,2026-07-06T16:44:02Z,3.15
PO21 5BZ,SEPD,HV,1,TP2337,33,2026-07-06T13:35:12Z,2026-07-06T16:44:02Z,3.15
PO21 5DA,SEPD,HV,1,TP2337,33,2026-07-06T13:35:12Z,2026-07-06T16:44:02Z,3.15
PO21 5DB,SEPD,HV,1,TP2337,33,2026-07-06T13:35:12Z,2026-07-06T16:44:02Z,3.15
PO21 5DD,SEPD,HV,1,TP2337,33,2026-07-06T13:35:12Z,2026-07-06T16:44:02Z,3.15
PO21 5DE,SEPD,HV,1,TP2337,33,2026-07-06T13:35:12Z,2026-07-06T16:44:02Z,3.15
PO21 5DF,SEPD,HV,1,TP2337,33,2026-07-06T13:35:12Z,2026-07-06T16:44:02Z,3.15
PO21 5DG,SEPD,HV,1,TP2337,33,2026-07-06T13:35:12Z,2026-07-06T16:44:02Z,3.15
PO21 5DH,SEPD,HV,1,TP2337,33,2026-07-06T13:35:12Z,2026-07-06T16:44:02Z,3.15
PO21 5DJ,SEPD,HV,1,TP2337,33,2026-07-06T13:35:12Z,2026-07-06T16:44:02Z,3.15
PO21 5DL,SEPD,HV,1,TP2337,33,2026-07-06T13:35:12Z,2026-07-06T16:44:02Z,3.15
PO21 5DN,SEPD,HV,1,TP2337,33,2026-07-06T13:35:12Z,2026-07-06T16:44:02Z,3.15
PO21 5DP,SEPD,HV,1,TP2337,33,2026-07-06T13:35:12Z,2026-07-06T16:44:02Z,3.15
PO21 5DQ,SEPD,HV,1,TP2337,33,2026-07-06T13:35:12Z,2026-07-06T16:44:02Z,3.15
PO21 5DR,SEPD,HV,1,TP2337,33,2026-07-06T13:35:12Z,2026-07-06T16:44:02Z,3.15
PO21 5DS,SEPD,HV,1,TP2337,33,2026-07-06T13:35:12Z,2026-07-06T16:44:02Z,3.15
PO21 5DT,SEPD,HV,1,TP2337,33,2026-07-06T13:35:12Z,2026-07-06T16:44:02Z,3.15
PO21 5DU,SEPD,HV,1,TP2337,33,2026-07-06T13:35:12Z,2026-07-06T16:44:02Z,3.15
PO21 5DW,SEPD,HV,1,TP2337,33,2026-07-06T13:35:12Z,2026-07-06T16:44:02Z,3.15
PO21 5DX,SEPD,HV,1,TP2337,33,2026-07-06T13:35:12Z,2026-07-06T16:44:02Z,3.15
PO21 5DY,SEPD,HV,1,TP2337,33,2026-07-06T13:35:12Z,2026-07-06T16:44:02Z,3.15
PO21 5DZ,SEPD,HV,1,TP2337,33,2026-07-06T13:35:12Z,2026-07-06T16:44:02Z,3.15
PO21 5EA,SEPD,HV,1,TP2337,33,2026-07-06T13:35:12Z,2026-07-06T16:44:02Z,3.15
PO21 5EB,SEPD,HV,1,TP2337,33,2026-07-06T13:35:12Z,2026-07-06T16:44:02Z,3.15
PO21 5ED,SEPD,HV,1,TP2337,33,2026-07-06T13:35:12Z,2026-07-06T16:44:02Z,3.15
PO21 5EE,SEPD,HV,1,TP2337,33,2026-07-06T13:35:12Z,2026-07-06T16:44:02Z,3.15
PO21 5EF,SEPD,HV,1,TP2337,33,2026-07-06T13:35:12Z,2026-07-06T16:44:02Z,3.15
PO21 5EH,SEPD,HV,1,TP2337,33,2026-07-06T13:35:12Z,2026-07-06T16:44:02Z,3.15
PO21 5EJ,SEPD,HV,1,TP2337,33,2026-07-06T13:35:12Z,2026-07-06T16:44:02Z,3.15
PO21 5EL,SEPD,HV,1,TP2337,33,2026-07-06T13:35:12Z,2026-07-06T16:44:02Z,3.15
PO21 5EN,SEPD,HV,1,TP2337,33,2026-07-06T13:35:12Z,2026-07-06T16:44:02Z,3.15
PO21 5EP,SEPD,HV,1,TP2337,33,2026-07-06T13:35:12Z,2026-07-06T16:44:02Z,3.15
PO21 5EQ,SEPD,HV,1,TP2337,33,2026-07-06T13:35:12Z,2026-07-06T16:44:02Z,3.15
PO21 5EW,SEPD,HV,1,TP2337,33,2026-07-06T13:35:12Z,2026-07-06T16:44:02Z,3.15
PO21 5FA,SEPD,HV,1,TP2337,33,2026-07-06T13:35:12Z,2026-07-06T16:44:02Z,3.15
PO21 5FB,SEPD,HV,1,TP2337,33,2026-07-06T13:35:12Z,2026-07-06T16:44:02Z,3.15
PO21 5FD,SEPD,HV,1,TP2337,33,2026-07-06T13:35:12Z,2026-07-06T16:44:02Z,3.15
PO21 5FE,SEPD,HV,1,TP2337,33,2026-07-06T13:35:12Z,2026-07-06T16:44:02Z,3.15
PO21 5FG,SEPD,HV,1,TP2337,33,2026-07-06T13:35:12Z,2026-07-06T16:44:02Z,3.15
PO21 5FJ,SEPD,HV,1,TP2337,33,2026-07-06T13:35:12Z,2026-07-06T16:44:02Z,3.15
PO21 5FL,SEPD,HV,1,TP2337,33,2026-07-06T13:35:12Z,2026-07-06T16:44:02Z,3.15
PO21 5FN,SEPD,HV,1,TP2337,33,2026-07-06T13:35:12Z,2026-07-06T16:44:02Z,3.15
PO21 5FP,SEPD,HV,1,TP2337,33,2026-07-06T13:35:12Z,2026-07-06T16:44:02Z,3.15
PO21 5FQ,SEPD,HV,1,TP2337,33,2026-07-06T13:35:12Z,2026-07-06T16:44:02Z,3.15
PO21 5FR,SEPD,HV,1,TP2337,33,2026-07-06T13:35:12Z,2026-07-06T16:44:02Z,3.15
PO21 5FS,SEPD,HV,1,TP2337,33,2026-07-06T13:35:12Z,2026-07-06T16:44:02Z,3.15
PO21 5FT,SEPD,HV,1,TP2337,33,2026-07-06T13:35:12Z,2026-07-06T16:44:02Z,3.15
PO21 5FU,SEPD,HV,1,TP2337,33,2026-07-06T13:35:12Z,2026-07-06T16:44:02Z,3.15
PO21 5FZ,SEPD,HV,1,TP2337,33,2026-07-06T13:35:12Z,2026-07-06T16:44:02Z,3.15
PO21 5GF,SEPD,HV,1,TP2337,33,2026-07-06T13:35:12Z,2026-07-06T16:44:02Z,3.15
PO21 5HL,SEPD,HV,1,TP2337,33,2026-07-06T13:35:12Z,2026-07-06T16:44:02Z,3.15
PO21 5HN,SEPD,HV,1,TP2337,33,2026-07-06T13:35:12Z,2026-07-06T16:44:02Z,3.15
PO21 5HP,SEPD,HV,1,TP2337,33,2026-07-06T13:35:12Z,2026-07-06T16:44:02Z,3.15
PO21 5HQ,SEPD,HV,1,TP2337,33,2026-07-06T13:35:12Z,2026-07-06T16:44:02Z,3.15
PO21 5HR,SEPD,HV,1,TP2337,33,2026-07-06T13:35:12Z,2026-07-06T16:44:02Z,3.15
PO21 5HS,SEPD,HV,1,TP2337,33,2026-07-06T13:35:12Z,2026-07-06T16:44:02Z,3.15
PO21 5HT,SEPD,HV,1,TP2337,33,2026-07-06T13:35:12Z,2026-07-06T16:44:02Z,3.15
PO21 5HW,SEPD,HV,1,TP2337,33,2026-07-06T13:35:12Z,2026-07-06T16:44:02Z,3.15
PO21 5JF,SEPD,HV,1,TP2337,33,2026-07-06T13:35:12Z,2026-07-06T16:44:02Z,3.15
PO21 5NJ,SEPD,HV,1,TP2337,33,2026-07-06T13:35:12Z,2026-07-06T16:44:02Z,3.15
PO21 5TS,SEPD,HV,1,TP2337,33,2026-07-06T13:35:12Z,2026-07-06T16:44:02Z,3.15
PO21 5TT,SEPD,HV,1,TP2337,33,2026-07-06T13:35:12Z,2026-07-06T16:44:02Z,3.15
PO21 5TU,SEPD,HV,1,TP2337,33,2026-07-06T13:35:12Z,2026-07-06T16:44:02Z,3.15
PO21 5TX,SEPD,HV,1,TP2337,33,2026-07-06T13:35:12Z,2026-07-06T16:44:02Z,3.15
PO21 5TY,SEPD,HV,1,TP2337,33,2026-07-06T13:35:12Z,2026-07-06T16:44:02Z,3.15
PO21 5TZ,SEPD,HV,1,TP2337,33,2026-07-06T13:35:12Z,2026-07-06T16:44:02Z,3.15
PO21 5UA,SEPD,HV,1,TP2337,33,2026-07-06T13:35:12Z,2026-07-06T16:44:02Z,3.15
PO21 5UB,SEPD,HV,1,TP2337,33,2026-07-06T13:35:12Z,2026-07-06T16:44:02Z,3.15
PO21 5UD,SEPD,HV,1,TP2337,33,2026-07-06T13:35:12Z,2026-07-06T16:44:02Z,3.15
PO21 5UJ,SEPD,HV,1,TP2337,33,2026-07-06T13:35:12Z,2026-07-06T16:44:02Z,3.15
PO21 5UL,SEPD,HV,1,TP2337,33,2026-07-06T13:35:12Z,2026-07-06T16:44:02Z,3.15
PO22,SEPD,HV,1,TP2337,33,2026-07-06T13:35:12Z,2026-07-06T16:44:02Z,3.15
PO22 9AA,SEPD,HV,1,TP2337,33,2026-07-06T13:35:12Z,2026-07-06T16:44:02Z,3.15
PO22 9AD,SEPD,HV,1,TP2337,33,2026-07-06T13:35:12Z,2026-07-06T16:44:02Z,3.15
PO22 9AE,SEPD,HV,1,TP2337,33,2026-07-06T13:35:12Z,2026-07-06T16:44:02Z,3.15
PO22 9AF,SEPD,HV,1,TP2337,33,2026-07-06T13:35:12Z,2026-07-06T16:44:02Z,3.15
PO22 9AG,SEPD,HV,1,TP2337,33,2026-07-06T13:35:12Z,2026-07-06T16:44:02Z,3.15
PO22 9AH,SEPD,HV,1,TP2337,33,2026-07-06T13:35:12Z,2026-07-06T16:44:02Z,3.15
PO22 9AJ,SEPD,HV,1,TP2337,33,2026-07-06T13:35:12Z,2026-07-06T16:44:02Z,3.15
PO22 9AL,SEPD,HV,1,TP2337,33,2026-07-06T13:35:12Z,2026-07-06T16:44:02Z,3.15
PO22 9AN,SEPD,HV,1,TP2337,33,2026-07-06T13:35:12Z,2026-07-06T16:44:02Z,3.15
PO22 9AP,SEPD,HV,1,TP2337,33,2026-07-06T13:35:12Z,2026-07-06T16:44:02Z,3.15
PO22 9AQ,SEPD,HV,1,TP2337,33,2026-07-06T13:35:12Z,2026-07-06T16:44:02Z,3.15
PO22 9AR,SEPD,HV,1,TP2337,33,2026-07-06T13:35:12Z,2026-07-06T16:44:02Z,3.15
PO22 9AS,SEPD,HV,1,TP2337,33,2026-07-06T13:35:12Z,2026-07-06T16:44:02Z,3.15
PO22 9AT,SEPD,HV,1,TP2337,33,2026-07-06T13:35:12Z,2026-07-06T16:44:02Z,3.15
PO22 9AU,SEPD,HV,1,TP2337,33,2026-07-06T13:35:12Z,2026-07-06T16:44:02Z,3.15
PO22 9AW,SEPD,HV,1,TP2337,33,2026-07-06T13:35:12Z,2026-07-06T16:44:02Z,3.15
PO22 9AX,SEPD,HV,1,TP2337,33,2026-07-06T13:35:12Z,2026-07-06T16:44:02Z,3.15
PO22 9AY,SEPD,HV,1,TP2337,33,2026-07-06T13:35:12Z,2026-07-06T16:44:02Z,3.15
PO22 9AZ,SEPD,HV,1,TP2337,33,2026-07-06T13:35:12Z,2026-07-06T16:44:02Z,3.15
PO22 9BB,SEPD,HV,1,TP2337,33,2026-07-06T13:35:12Z,2026-07-06T16:44:02Z,3.15
PO22 9BD,SEPD,HV,1,TP2337,33,2026-07-06T13:35:12Z,2026-07-06T16:44:02Z,3.15
PO22 9BE,SEPD,HV,1,TP2337,33,2026-07-06T13:35:12Z,2026-07-06T16:44:02Z,3.15
PO22 9BG,SEPD,HV,1,TP2337,33,2026-07-06T13:35:12Z,2026-07-06T16:44:02Z,3.15
PO22 9BH,SEPD,HV,1,TP2337,33,2026-07-06T13:35:12Z,2026-07-06T16:44:02Z,3.15
PO22 9BJ,SEPD,HV,1,TP2337,33,2026-07-06T13:35:12Z,2026-07-06T16:44:02Z,3.15
PO22 9BL,SEPD,HV,1,TP2337,33,2026-07-06T13:35:12Z,2026-07-06T16:44:02Z,3.15
PO22 9BN,SEPD,HV,1,TP2337,33,2026-07-06T13:35:12Z,2026-07-06T16:44:02Z,3.15
PO22 9BP,SEPD,HV,1,TP2337,33,2026-07-06T13:35:12Z,2026-07-06T16:44:02Z,3.15
PO22 9BQ,SEPD,HV,1,TP2337,33,2026-07-06T13:35:12Z,2026-07-06T16:44:02Z,3.15
PO22 9BT,SEPD,HV,1,TP2337,33,2026-07-06T13:35:12Z,2026-07-06T16:44:02Z,3.15
PO22 9BU,SEPD,HV,1,TP2337,33,2026-07-06T13:35:12Z,2026-07-06T16:44:02Z,3.15
PO22 9BW,SEPD,HV,1,TP2337,33,2026-07-06T13:35:12Z,2026-07-06T16:44:02Z,3.15
PO22 9BX,SEPD,HV,1,TP2337,33,2026-07-06T13:35:12Z,2026-07-06T16:44:02Z,3.15
PO22 9BY,SEPD,HV,1,TP2337,33,2026-07-06T13:35:12Z,2026-07-06T16:44:02Z,3.15
PO22 9BZ,SEPD,HV,1,TP2337,33,2026-07-06T13:35:12Z,2026-07-06T16:44:02Z,3.15
PO22 9DA,SEPD,HV,1,TP2337,33,2026-07-06T13:35:12Z,2026-07-06T16:44:02Z,3.15
PO22 9DE,SEPD,HV,1,TP2337,33,2026-07-06T13:35:12Z,2026-07-06T16:44:02Z,3.15
PO22 9DF,SEPD,HV,1,TP2337,33,2026-07-06T13:35:12Z,2026-07-06T16:44:02Z,3.15
PO22 9DN,SEPD,HV,1,TP2337,33,2026-07-06T13:35:12Z,2026-07-06T16:44:02Z,3.15
PO22 9DP,SEPD,HV,1,TP2337,33,2026-07-06T13:35:12Z,2026-07-06T16:44:02Z,3.15
PO22 9DR,SEPD,HV,1,TP2337,33,2026-07-06T13:35:12Z,2026-07-06T16:44:02Z,3.15
PO22 9DU,SEPD,HV,1,TP2337,33,2026-07-06T13:35:12Z,2026-07-06T16:44:02Z,3.15
PO22 9DW,SEPD,HV,1,TP2337,33,2026-07-06T13:35:12Z,2026-07-06T16:44:02Z,3.15
PO22 9DX,SEPD,HV,1,TP2337,33,2026-07-06T13:35:12Z,2026-07-06T16:44:02Z,3.15
PO22 9EA,SEPD,HV,1,TP2337,33,2026-07-06T13:35:12Z,2026-07-06T16:44:02Z,3.15
PO22 9EY,SEPD,HV,1,TP2337,33,2026-07-06T13:35:12Z,2026-07-06T16:44:02Z,3.15
PO22 9EZ,SEPD,HV,1,TP2337,33,2026-07-06T13:35:12Z,2026-07-06T16:44:02Z,3.15
PO22 9FF,SEPD,HV,1,TP2337,33,2026-07-06T13:35:12Z,2026-07-06T16:44:02Z,3.15
PO22 9FG,SEPD,HV,1,TP2337,33,2026-07-06T13:35:12Z,2026-07-06T16:44:02Z,3.15
PO22 9FN,SEPD,HV,1,TP2337,33,2026-07-06T13:35:12Z,2026-07-06T16:44:02Z,3.15
PO22 9HA,SEPD,HV,1,TP2337,33,2026-07-06T13:35:12Z,2026-07-06T16:44:02Z,3.15
PO22 9HB,SEPD,HV,1,TP2337,33,2026-07-06T13:35:12Z,2026-07-06T16:44:02Z,3.15
PO22 9HE,SEPD,HV,1,TP2337,33,2026-07-06T13:35:12Z,2026-07-06T16:44:02Z,3.15
PO22 9HF,SEPD,HV,1,TP2337,33,2026-07-06T13:35:12Z,2026-07-06T16:44:02Z,3.15
PO22 9HN,SEPD,HV,1,TP2337,33,2026-07-06T13:35:12Z,2026-07-06T16:44:02Z,3.15
PO22 9HW,SEPD,HV,1,TP2337,33,2026-07-06T13:35:12Z,2026-07-06T16:44:02Z,3.15
PO22 9LE,SEPD,HV,1,TP2337,33,2026-07-06T13:35:12Z,2026-07-06T16:44:02Z,3.15
PO22 9LY,SEPD,HV,1,TP2337,33,2026-07-06T13:35:12Z,2026-07-06T16:44:02Z,3.15
PO22 9LZ,SEPD,HV,1,TP2337,33,2026-07-06T13:35:12Z,2026-07-06T16:44:02Z,3.15
PO22 9NA,SEPD,HV,1,TP2337,33,2026-07-06T13:35:12Z,2026-07-06T16:44:02Z,3.15
PO22 9NP,SEPD,HV,1,TP2337,33,2026-07-06T13:35:12Z,2026-07-06T16:44:02Z,3.15
PO22 9NR,SEPD,HV,1,TP2337,33,2026-07-06T13:35:12Z,2026-07-06T16:44:02Z,3.15
PO22 9NS,SEPD,HV,1,TP2337,33,2026-07-06T13:35:12Z,2026-07-06T16:44:02Z,3.15
PO22 9NU,SEPD,HV,1,TP2337,33,2026-07-06T13:35:12Z,2026-07-06T16:44:02Z,3.15
PO22 9NW,SEPD,HV,1,TP2337,33,2026-07-06T13:35:12Z,2026-07-06T16:44:02Z,3.15
PO22 9NX,SEPD,HV,1,TP2337,33,2026-07-06T13:35:12Z,2026-07-06T16:44:02Z,3.15
PO22 9NY,SEPD,HV,1,TP2337,33,2026-07-06T13:35:12Z,2026-07-06T16:44:02Z,3.15
PO22 9NZ,SEPD,HV,1,TP2337,33,2026-07-06T13:35:12Z,2026-07-06T16:44:02Z,3.15
PO22 9PA,SEPD,HV,1,TP2337,33,2026-07-06T13:35:12Z,2026-07-06T16:44:02Z,3.15
PO22 9PB,SEPD,HV,1,TP2337,33,2026-07-06T13:35:12Z,2026-07-06T16:44:02Z,3.15
PO22 9PF,SEPD,HV,1,TP2337,33,2026-07-06T13:35:12Z,2026-07-06T16:44:02Z,3.15
PO22 9PG,SEPD,HV,1,TP2337,33,2026-07-06T13:35:12Z,2026-07-06T16:44:02Z,3.15
PO22 9PH,SEPD,HV,1,TP2337,33,2026-07-06T13:35:12Z,2026-07-06T16:44:02Z,3.15
PO22 9PJ,SEPD,HV,1,TP2337,33,2026-07-06T13:35:12Z,2026-07-06T16:44:02Z,3.15
PO22 9PL,SEPD,HV,1,TP2337,33,2026-07-06T13:35:12Z,2026-07-06T16:44:02Z,3.15
PO22 9PQ,SEPD,HV,1,TP2337,33,2026-07-06T13:35:12Z,2026-07-06T16:44:02Z,3.15
PO22 9QS,SEPD,HV,1,TP2337,33,2026-07-06T13:35:12Z,2026-07-06T16:44:02Z,3.15
PO22 9RG,SEPD,HV,1,TP2337,33,2026-07-06T13:35:12Z,2026-07-06T16:44:02Z,3.15
PO22 9TH,SEPD,HV,1,TP2337,33,2026-07-06T13:35:12Z,2026-07-06T16:44:02Z,3.15
PO22 9TT,SEPD,HV,1,TP2337,33,2026-07-06T13:35:12Z,2026-07-06T16:44:02Z,3.15
PO22 9UB,SEPD,HV,1,TP2337,33,2026-07-06T13:35:12Z,2026-07-06T16:44:02Z,3.15
PO22 9UP,SEPD,HV,1,TP2337,33,2026-07-06T13:35:12Z,2026-07-06T16:44:02Z,3.15
AB54 6HS,SHEPD,HV,1,TP0297,17,2026-07-04T15:39:50Z,2026-07-04T18:45:16Z,3.09
BH31 7PD,SEPD,"LV,HV",2,"TN8443,TN8806",39,2026-07-03T05:32:53Z,2026-07-03T11:16:23Z,3.08
BH31 7PG,SEPD,"LV,HV",2,"TN8443,TN8806",39,2026-07-03T05:32:53Z,2026-07-03T11:16:23Z,3.08
BH31 7PH,SEPD,"LV,HV",2,"TN8443,TN8806",39,2026-07-03T05:32:53Z,2026-07-03T11:16:23Z,3.08
BH31 7PQ,SEPD,"LV,HV",2,"TN8443,TN8806",39,2026-07-03T05:32:53Z,2026-07-03T11:16:23Z,3.08
GU28 0HE,SEPD,HV,1,TP1369,605,2026-07-05T22:27:09Z,2026-07-06T01:22:37Z,2.92
GU28 0HG,SEPD,HV,1,TP1369,605,2026-07-05T22:27:09Z,2026-07-06T01:22:37Z,2.92
GU28 0HJ,SEPD,HV,1,TP1369,605,2026-07-05T22:27:09Z,2026-07-06T01:22:37Z,2.92
GU28 0HL,SEPD,HV,1,TP1369,605,2026-07-05T22:27:09Z,2026-07-06T01:22:37Z,2.92
GU28 0HN,SEPD,HV,1,TP1369,605,2026-07-05T22:27:09Z,2026-07-06T01:22:37Z,2.92
GU28 0HP,SEPD,HV,1,TP1369,605,2026-07-05T22:27:09Z,2026-07-06T01:22:37Z,2.92
GU28 0HQ,SEPD,HV,1,TP1369,605,2026-07-05T22:27:09Z,2026-07-06T01:22:37Z,2.92
GU28 0HR,SEPD,HV,1,TP1369,605,2026-07-05T22:27:09Z,2026-07-06T01:22:37Z,2.92
GU28 0HW,SEPD,HV,1,TP1369,605,2026-07-05T22:27:09Z,2026-07-06T01:22:37Z,2.92
GU28 0JJ,SEPD,HV,1,TP1369,605,2026-07-05T22:27:09Z,2026-07-06T01:22:37Z,2.92
GU28 0JL,SEPD,HV,1,TP1369,605,2026-07-05T22:27:09Z,2026-07-06T01:22:37Z,2.92
GU28 9NU,SEPD,HV,1,TP1369,605,2026-07-05T22:27:09Z,2026-07-06T01:22:37Z,2.92
GU28 9PA,SEPD,HV,1,TP1369,605,2026-07-05T22:27:09Z,2026-07-06T01:22:37Z,2.92
RH14 0ER,SEPD,HV,1,TP1369,605,2026-07-05T22:27:09Z,2026-07-06T01:22:37Z,2.92
RH14 0ES,SEPD,HV,1,TP1369,605,2026-07-05T22:27:09Z,2026-07-06T01:22:37Z,2.92
RH14 0EU,SEPD,HV,1,TP1369,605,2026-07-05T22:27:09Z,2026-07-06T01:22:37Z,2.92
RH14 0EX,SEPD,HV,1,TP1369,605,2026-07-05T22:27:09Z,2026-07-06T01:22:37Z,2.92
RH14 0EY,SEPD,HV,1,TP1369,605,2026-07-05T22:27:09Z,2026-07-06T01:22:37Z,2.92
RH14 0EZ,SEPD,HV,1,TP1369,605,2026-07-05T22:27:09Z,2026-07-06T01:22:37Z,2.92
RH14 0GH,SEPD,HV,1,TP1369,605,2026-07-05T22:27:09Z,2026-07-06T01:22:37Z,2.92
RH14 0HA,SEPD,HV,1,TP1369,605,2026-07-05T22:27:09Z,2026-07-06T01:22:37Z,2.92
RH14 0HB,SEPD,HV,1,TP1369,605,2026-07-05T22:27:09Z,2026-07-06T01:22:37Z,2.92
RH14 0HD,SEPD,HV,1,TP1369,605,2026-07-05T22:27:09Z,2026-07-06T01:22:37Z,2.92
RH14 0HE,SEPD,HV,1,TP1369,605,2026-07-05T22:27:09Z,2026-07-06T01:22:37Z,2.92
RH14 0HH,SEPD,HV,1,TP1369,605,2026-07-05T22:27:09Z,2026-07-06T01:22:37Z,2.92
RH14 0HU,SEPD,HV,1,TP1369,605,2026-07-05T22:27:09Z,2026-07-06T01:22:37Z,2.92
RH14 0HY,SEPD,HV,1,TP1369,605,2026-07-05T22:27:09Z,2026-07-06T01:22:37Z,2.92
RH14 0HZ,SEPD,HV,1,TP1369,605,2026-07-05T22:27:09Z,2026-07-06T01:22:37Z,2.92
RH14 0JA,SEPD,HV,1,TP1369,605,2026-07-05T22:27:09Z,2026-07-06T01:22:37Z,2.92
RH14 0LJ,SEPD,HV,1,TP1369,605,2026-07-05T22:27:09Z,2026-07-06T01:22:37Z,2.92
RH14 0LL,SEPD,HV,1,TP1369,605,2026-07-05T22:27:09Z,2026-07-06T01:22:37Z,2.92
RH20,SEPD,HV,1,TP1369,605,2026-07-05T22:27:09Z,2026-07-06T01:22:37Z,2.92
RH20 1EF,SEPD,HV,1,TP1369,605,2026-07-05T22:27:09Z,2026-07-06T01:22:37Z,2.92
RH20 1EJ,SEPD,HV,1,TP1369,605,2026-07-05T22:27:09Z,2026-07-06T01:22:37Z,2.92
RH20 1EW,SEPD,HV,1,TP1369,605,2026-07-05T22:27:09Z,2026-07-06T01:22:37Z,2.92
RH20 1HH,SEPD,HV,1,TP1369,605,2026-07-05T22:27:09Z,2026-07-06T01:22:37Z,2.92
RH20 1HJ,SEPD,HV,1,TP1369,605,2026-07-05T22:27:09Z,2026-07-06T01:22:37Z,2.92
RH20 1HL,SEPD,HV,1,TP1369,605,2026-07-05T22:27:09Z,2026-07-06T01:22:37Z,2.92
RH20 1HP,SEPD,HV,1,TP1369,605,2026-07-05T22:27:09Z,2026-07-06T01:22:37Z,2.92
RH20 1HR,SEPD,HV,1,TP1369,605,2026-07-05T22:27:09Z,2026-07-06T01:22:37Z,2.92
RH20 1HS,SEPD,HV,1,TP1369,605,2026-07-05T22:27:09Z,2026-07-06T01:22:37Z,2.92
RH20 1HT,SEPD,HV,1,TP1369,605,2026-07-05T22:27:09Z,2026-07-06T01:22:37Z,2.92
RH20 1HU,SEPD,HV,1,TP1369,605,2026-07-05T22:27:09Z,2026-07-06T01:22:37Z,2.92
RH20 1HW,SEPD,HV,1,TP1369,605,2026-07-05T22:27:09Z,2026-07-06T01:22:37Z,2.92
RH20 1HX,SEPD,HV,1,TP1369,605,2026-07-05T22:27:09Z,2026-07-06T01:22:37Z,2.92
RH20 1HY,SEPD,HV,1,TP1369,605,2026-07-05T22:27:09Z,2026-07-06T01:22:37Z,2.92
RH20 1HZ,SEPD,HV,1,TP1369,605,2026-07-05T22:27:09Z,2026-07-06T01:22:37Z,2.92
RH20 1JA,SEPD,HV,1,TP1369,605,2026-07-05T22:27:09Z,2026-07-06T01:22:37Z,2.92
RH20 1JB,SEPD,HV,1,TP1369,605,2026-07-05T22:27:09Z,2026-07-06T01:22:37Z,2.92
RH20 1JD,SEPD,HV,1,TP1369,605,2026-07-05T22:27:09Z,2026-07-06T01:22:37Z,2.92
RH20 1JE,SEPD,HV,1,TP1369,605,2026-07-05T22:27:09Z,2026-07-06T01:22:37Z,2.92
RH20 1JF,SEPD,HV,1,TP1369,605,2026-07-05T22:27:09Z,2026-07-06T01:22:37Z,2.92
RH20 1JG,SEPD,HV,1,TP1369,605,2026-07-05T22:27:09Z,2026-07-06T01:22:37Z,2.92
RH20 1JH,SEPD,HV,1,TP1369,605,2026-07-05T22:27:09Z,2026-07-06T01:22:37Z,2.92
RH20 1JJ,SEPD,HV,1,TP1369,605,2026-07-05T22:27:09Z,2026-07-06T01:22:37Z,2.92
RH20 1JL,SEPD,HV,1,TP1369,605,2026-07-05T22:27:09Z,2026-07-06T01:22:37Z,2.92
RH20 1JN,SEPD,HV,1,TP1369,605,2026-07-05T22:27:09Z,2026-07-06T01:22:37Z,2.92
RH20 1JP,SEPD,HV,1,TP1369,605,2026-07-05T22:27:09Z,2026-07-06T01:22:37Z,2.92
RH20 1JQ,SEPD,HV,1,TP1369,605,2026-07-05T22:27:09Z,2026-07-06T01:22:37Z,2.92
RH20 1JR,SEPD,HV,1,TP1369,605,2026-07-05T22:27:09Z,2026-07-06T01:22:37Z,2.92
RH20 1JS,SEPD,HV,1,TP1369,605,2026-07-05T22:27:09Z,2026-07-06T01:22:37Z,2.92
RH20 1JT,SEPD,HV,1,TP1369,605,2026-07-05T22:27:09Z,2026-07-06T01:22:37Z,2.92
RH20 1JU,SEPD,HV,1,TP1369,605,2026-07-05T22:27:09Z,2026-07-06T01:22:37Z,2.92
RH20 1JW,SEPD,HV,1,TP1369,605,2026-07-05T22:27:09Z,2026-07-06T01:22:37Z,2.92
RH20 1JX,SEPD,HV,1,TP1369,605,2026-07-05T22:27:09Z,2026-07-06T01:22:37Z,2.92
RH20 1JY,SEPD,HV,1,TP1369,605,2026-07-05T22:27:09Z,2026-07-06T01:22:37Z,2.92
RH20 1JZ,SEPD,HV,1,TP1369,605,2026-07-05T22:27:09Z,2026-07-06T01:22:37Z,2.92
RH20 2AZ,SEPD,HV,1,TP1369,605,2026-07-05T22:27:09Z,2026-07-06T01:22:37Z,2.92
TW7 6AE,SEPD,LV,2,"TN6770,TN6891",88,2026-07-01T23:23:41Z,2026-07-02T08:34:46Z,2.88
TW7 6AQ,SEPD,LV,2,"TN6770,TN6891",88,2026-07-01T23:23:41Z,2026-07-02T08:34:46Z,2.88
TW7 6AZ,SEPD,LV,2,"TN6770,TN6891",88,2026-07-01T23:23:41Z,2026-07-02T08:34:46Z,2.88
TW7 6BB,SEPD,LV,2,"TN6770,TN6891",88,2026-07-01T23:23:41Z,2026-07-02T08:34:46Z,2.88
TW7 6BD,SEPD,LV,2,"TN6770,TN6891",88,2026-07-01T23:23:41Z,2026-07-02T08:34:46Z,2.88
TW7 6BE,SEPD,LV,2,"TN6770,TN6891",88,2026-07-01T23:23:41Z,2026-07-02T08:34:46Z,2.88
TW7 6BG,SEPD,LV,2,"TN6770,TN6891",88,2026-07-01T23:23:41Z,2026-07-02T08:34:46Z,2.88
TW7 6BS,SEPD,LV,2,"TN6770,TN6891",88,2026-07-01T23:23:41Z,2026-07-02T08:34:46Z,2.88
TW7 6BU,SEPD,LV,2,"TN6770,TN6891",88,2026-07-01T23:23:41Z,2026-07-02T08:34:46Z,2.88
TW7 6BZ,SEPD,LV,2,"TN6770,TN6891",88,2026-07-01T23:23:41Z,2026-07-02T08:34:46Z,2.88
TW7 6DA,SEPD,LV,2,"TN6770,TN6891",88,2026-07-01T23:23:41Z,2026-07-02T08:34:46Z,2.88
TW7 6DY,SEPD,LV,2,"TN6770,TN6891",88,2026-07-01T23:23:41Z,2026-07-02T08:34:46Z,2.88
TW7 6EB,SEPD,LV,2,"TN6770,TN6891",88,2026-07-01T23:23:41Z,2026-07-02T08:34:46Z,2.88
TW7 6XB,SEPD,LV,2,"TN6770,TN6891",88,2026-07-01T23:23:41Z,2026-07-02T08:34:46Z,2.88
TW7 6XE,SEPD,LV,2,"TN6770,TN6891",88,2026-07-01T23:23:41Z,2026-07-02T08:34:46Z,2.88
SO32 1AE,SEPD,LV,1,TN4129,4,2026-06-30T16:21:20Z,2026-06-30T19:12:27Z,2.85
SO32 1AX,SEPD,LV,1,TN4129,4,2026-06-30T16:21:20Z,2026-06-30T19:12:27Z,2.85
SO32 1NR,SEPD,LV,1,TN4129,4,2026-06-30T16:21:20Z,2026-06-30T19:12:27Z,2.85
G63 0NQ,SHEPD,"PSI,HV",2,"252624,TN7957",94,2026-07-01T10:33:26Z,2026-07-02T15:32:45Z,2.79
IV27 4UJ,SHEPD,PSI,2,"251978,251998",305,2026-07-01T10:33:26Z,2026-07-03T15:30:39Z,2.79
IV27 4UL,SHEPD,PSI,2,"251978,251998",305,2026-07-01T10:33:26Z,2026-07-03T15:30:39Z,2.79
AB55 4AP,SHEPD,PSI,1,251946,92,2026-07-01T10:33:26Z,2026-07-01T13:21:00Z,2.79
AB55 4AQ,SHEPD,PSI,1,251946,92,2026-07-01T10:33:26Z,2026-07-01T13:21:00Z,2.79
AB55 4BG,SHEPD,PSI,1,251946,92,2026-07-01T10:33:26Z,2026-07-01T13:21:00Z,2.79
AB55 4BH,SHEPD,PSI,1,251946,92,2026-07-01T10:33:26Z,2026-07-01T13:21:00Z,2.79
AB55 4DG,SHEPD,PSI,1,251946,92,2026-07-01T10:33:26Z,2026-07-01T13:21:00Z,2.79
AB55 4DP,SHEPD,PSI,1,251946,92,2026-07-01T10:33:26Z,2026-07-01T13:21:00Z,2.79
AB55 4DW,SHEPD,PSI,1,251946,92,2026-07-01T10:33:26Z,2026-07-01T13:21:00Z,2.79
AB55 4EJ,SHEPD,PSI,1,251946,92,2026-07-01T10:33:26Z,2026-07-01T13:21:00Z,2.79
AB55 4EP,SHEPD,PSI,1,251946,92,2026-07-01T10:33:26Z,2026-07-01T13:21:00Z,2.79
AB55 4FH,SHEPD,PSI,1,251946,92,2026-07-01T10:33:26Z,2026-07-01T13:21:00Z,2.79
FK8 3SF,SHEPD,PSI,1,252624,9,2026-07-01T10:33:26Z,2026-07-01T13:21:00Z,2.79
G63 0AB,SHEPD,PSI,1,252624,9,2026-07-01T10:33:26Z,2026-07-01T13:21:00Z,2.79
GU32 1EZ,SEPD,PSI,1,252094,67,2026-07-01T10:33:26Z,2026-07-01T13:21:00Z,2.79
GU32 1HA,SEPD,PSI,1,252094,67,2026-07-01T10:33:26Z,2026-07-01T13:21:00Z,2.79
GU32 1HB,SEPD,PSI,1,252094,67,2026-07-01T10:33:26Z,2026-07-01T13:21:00Z,2.79
GU32 1HD,SEPD,PSI,1,252094,67,2026-07-01T10:33:26Z,2026-07-01T13:21:00Z,2.79
GU32 1HF,SEPD,PSI,1,252094,67,2026-07-01T10:33:26Z,2026-07-01T13:21:00Z,2.79
GU32 1HP,SEPD,PSI,1,252094,67,2026-07-01T10:33:26Z,2026-07-01T13:21:00Z,2.79
GU32 1QS,SEPD,PSI,1,252094,67,2026-07-01T10:33:26Z,2026-07-01T13:21:00Z,2.79
GU34 3BB,SEPD,PSI,1,251983,26,2026-07-01T10:33:26Z,2026-07-01T13:21:00Z,2.79
GU34 3BD,SEPD,PSI,1,251983,26,2026-07-01T10:33:26Z,2026-07-01T13:21:00Z,2.79
GU34 3BE,SEPD,PSI,1,251983,26,2026-07-01T10:33:26Z,2026-07-01T13:21:00Z,2.79
GU34 3BH,SEPD,PSI,1,251983,26,2026-07-01T10:33:26Z,2026-07-01T13:21:00Z,2.79
GU34 3BJ,SEPD,PSI,1,251983,26,2026-07-01T10:33:26Z,2026-07-01T13:21:00Z,2.79
GU34 3BL,SEPD,PSI,1,251983,26,2026-07-01T10:33:26Z,2026-07-01T13:21:00Z,2.79
HS2 9JP,SHEPD,PSI,1,251902,43,2026-07-01T10:33:26Z,2026-07-01T13:21:00Z,2.79
HS2 9NS,SHEPD,PSI,1,251902,43,2026-07-01T10:33:26Z,2026-07-01T13:21:00Z,2.79
HS2 9NU,SHEPD,PSI,1,251902,43,2026-07-01T10:33:26Z,2026-07-01T13:21:00Z,2.79
HS2 9NX,SHEPD,PSI,1,251902,43,2026-07-01T10:33:26Z,2026-07-01T13:21:00Z,2.79
HS2 9NY,SHEPD,PSI,1,251902,43,2026-07-01T10:33:26Z,2026-07-01T13:21:00Z,2.79
HS2 9PA,SHEPD,PSI,1,251902,43,2026-07-01T10:33:26Z,2026-07-01T13:21:00Z,2.79
HS2 9PB,SHEPD,PSI,1,251902,43,2026-07-01T10:33:26Z,2026-07-01T13:21:00Z,2.79
HS2 9PE,SHEPD,PSI,1,251902,43,2026-07-01T10:33:26Z,2026-07-01T13:21:00Z,2.79
KW17 2PT,SHEPD,PSI,1,252427,6,2026-07-01T10:33:26Z,2026-07-01T13:21:00Z,2.79
OX49 5HA,SEPD,PSI,1,252110,40,2026-07-01T10:33:26Z,2026-07-01T13:21:00Z,2.79
OX49 5HB,SEPD,PSI,1,252110,40,2026-07-01T10:33:26Z,2026-07-01T13:21:00Z,2.79
OX49 5HE,SEPD,PSI,1,252110,40,2026-07-01T10:33:26Z,2026-07-01T13:21:00Z,2.79
OX49 5HF,SEPD,PSI,1,252110,40,2026-07-01T10:33:26Z,2026-07-01T13:21:00Z,2.79
OX49 5HG,SEPD,PSI,1,252110,40,2026-07-01T10:33:26Z,2026-07-01T13:21:00Z,2.79
OX49 5HH,SEPD,PSI,1,252110,40,2026-07-01T10:33:26Z,2026-07-01T13:21:00Z,2.79
OX49 5HJ,SEPD,PSI,1,252110,40,2026-07-01T10:33:26Z,2026-07-01T13:21:00Z,2.79
OX49 5HL,SEPD,PSI,1,252110,40,2026-07-01T10:33:26Z,2026-07-01T13:21:00Z,2.79
PA38 4BY,SHEPD,PSI,1,250821,6,2026-07-01T10:33:26Z,2026-07-01T13:21:00Z,2.79
PO7 5HJ,SEPD,HV,1,TN5304,185,2026-07-01T10:33:26Z,2026-07-01T13:21:00Z,2.79
PO7 5HZ,SEPD,HV,1,TN5304,185,2026-07-01T10:33:26Z,2026-07-01T13:21:00Z,2.79
PO7 5JA,SEPD,HV,1,TN5304,185,2026-07-01T10:33:26Z,2026-07-01T13:21:00Z,2.79
PO7 5JB,SEPD,HV,1,TN5304,185,2026-07-01T10:33:26Z,2026-07-01T13:21:00Z,2.79
PO7 5JE,SEPD,HV,1,TN5304,185,2026-07-01T10:33:26Z,2026-07-01T13:21:00Z,2.79
PO7 5JH,SEPD,HV,1,TN5304,185,2026-07-01T10:33:26Z,2026-07-01T13:21:00Z,2.79
PO7 5JN,SEPD,HV,1,TN5304,185,2026-07-01T10:33:26Z,2026-07-01T13:21:00Z,2.79
PO7 5JP,SEPD,HV,1,TN5304,185,2026-07-01T10:33:26Z,2026-07-01T13:21:00Z,2.79
RG9 6NL,SEPD,PSI,1,252114,8,2026-07-01T10:33:26Z,2026-07-01T13:21:00Z,2.79
RG9 6NP,SEPD,PSI,1,252114,8,2026-07-01T10:33:26Z,2026-07-01T13:21:00Z,2.79
SN10 2HX,SEPD,PSI,1,252671,16,2026-07-01T10:33:26Z,2026-07-01T13:21:00Z,2.79
SN10 2HY,SEPD,PSI,1,252671,16,2026-07-01T10:33:26Z,2026-07-01T13:21:00Z,2.79
SN10 2HZ,SEPD,PSI,1,252671,16,2026-07-01T10:33:26Z,2026-07-01T13:21:00Z,2.79
SN10 2JA,SEPD,PSI,1,252671,16,2026-07-01T10:33:26Z,2026-07-01T13:21:00Z,2.79
SO50 8FG,SEPD,LV,1,TN5300,15,2026-07-01T10:33:26Z,2026-07-01T13:21:00Z,2.79
BA12 6AU,SEPD,LV,1,TP2765,12,2026-07-06T20:45:24Z,2026-07-06T23:31:23Z,2.77
BA12 6AX,SEPD,LV,1,TP2765,12,2026-07-06T20:45:24Z,2026-07-06T23:31:23Z,2.77
BA12 6AZ,SEPD,LV,1,TP2765,12,2026-07-06T20:45:24Z,2026-07-06T23:31:23Z,2.77
BA12 6EP,SEPD,LV,1,TP2765,12,2026-07-06T20:45:24Z,2026-07-06T23:31:23Z,2.77
BA12 6EX,SEPD,LV,1,TP2765,12,2026-07-06T20:45:24Z,2026-07-06T23:31:23Z,2.77
UB8 2YG,SEPD,LV,1,TP2207,2,2026-07-06T20:45:24Z,2026-07-06T23:31:23Z,2.77
PO16 8QP,SEPD,LV,1,TN8131,37,2026-07-02T18:52:49Z,2026-07-02T21:37:48Z,2.75
PO16 8QR,SEPD,LV,1,TN8131,37,2026-07-02T18:52:49Z,2026-07-02T21:37:48Z,2.75
PO16 8QS,SEPD,LV,1,TN8131,37,2026-07-02T18:52:49Z,2026-07-02T21:37:48Z,2.75
PO16 8TG,SEPD,LV,1,TN8131,37,2026-07-02T18:52:49Z,2026-07-02T21:37:48Z,2.75
PO16 8TQ,SEPD,LV,1,TN8131,37,2026-07-02T18:52:49Z,2026-07-02T21:37:48Z,2.75
DD5 1AW,SHEPD,LV,1,TN7040,7,2026-07-02T08:34:46Z,2026-07-02T11:18:59Z,2.74
DD5 1AX,SHEPD,LV,1,TN7040,7,2026-07-02T08:34:46Z,2026-07-02T11:18:59Z,2.74
DD5 1BD,SHEPD,LV,1,TN7040,7,2026-07-02T08:34:46Z,2026-07-02T11:18:59Z,2.74
DD5 1BE,SHEPD,LV,1,TN7040,7,2026-07-02T08:34:46Z,2026-07-02T11:18:59Z,2.74
DD5 1HX,SHEPD,LV,1,TN7040,7,2026-07-02T08:34:46Z,2026-07-02T11:18:59Z,2.74
UB5 6HJ,SEPD,LV,1,TN7028,15,2026-07-02T08:34:46Z,2026-07-02T11:18:59Z,2.74
UB5 6HL,SEPD,LV,1,TN7028,15,2026-07-02T08:34:46Z,2026-07-02T11:18:59Z,2.74
UB5 6HP,SEPD,LV,1,TN7028,15,2026-07-02T08:34:46Z,2026-07-02T11:18:59Z,2.74
PO18 0EE,SEPD,LV,1,TN8217,2,2026-07-02T22:45:43Z,2026-07-03T01:29:40Z,2.73
PO18 0EJ,SEPD,LV,1,TN8217,2,2026-07-02T22:45:43Z,2026-07-03T01:29:40Z,2.73
OX7 7EH,SEPD,LV,1,TN5993,2,2026-07-01T13:21:00Z,2026-07-01T16:00:46Z,2.66
OX7 7EJ,SEPD,LV,1,TN5993,2,2026-07-01T13:21:00Z,2026-07-01T16:00:46Z,2.66
OX7 7EW,SEPD,LV,1,TN5993,2,2026-07-01T13:21:00Z,2026-07-01T16:00:46Z,2.66
OX27 8EH,SEPD,"PSI,HV",2,"252088,TN8425",753,2026-07-03T05:32:53Z,2026-07-03T11:16:23Z,2.64
SN16 0HA,SEPD,"PSI,LV",2,"252672,TN8678",81,2026-07-03T08:37:43Z,2026-07-03T11:16:23Z,2.64
SN16 0HB,SEPD,"PSI,LV",2,"252672,TN8678",81,2026-07-03T08:37:43Z,2026-07-03T11:16:23Z,2.64
SN16 0HD,SEPD,"PSI,LV",2,"252672,TN8678",81,2026-07-03T08:37:43Z,2026-07-03T11:16:23Z,2.64
SN16 0HE,SEPD,"PSI,LV",2,"252672,TN8678",81,2026-07-03T08:37:43Z,2026-07-03T11:16:23Z,2.64
SN16 0HF,SEPD,"PSI,LV",2,"252672,TN8678",81,2026-07-03T08:37:43Z,2026-07-03T11:16:23Z,2.64
SN16 0HP,SEPD,"PSI,LV",2,"252672,TN8678",81,2026-07-03T08:37:43Z,2026-07-03T11:16:23Z,2.64
SN16 0HR,SEPD,"PSI,LV",2,"252672,TN8678",81,2026-07-03T08:37:43Z,2026-07-03T11:16:23Z,2.64
SN4 8EB,SEPD,"LV,HV",2,"TN8464,TN8610",118,2026-07-03T05:32:53Z,2026-07-03T11:16:23Z,2.64
SN4 8EJ,SEPD,"LV,HV",2,"TN8464,TN8610",118,2026-07-03T05:32:53Z,2026-07-03T11:16:23Z,2.64
AB55 6AA,SHEPD,PSI,1,251934,83,2026-07-03T08:37:43Z,2026-07-03T11:16:23Z,2.64
AB55 6NF,SHEPD,PSI,1,251934,83,2026-07-03T08:37:43Z,2026-07-03T11:16:23Z,2.64
AB55 6NR,SHEPD,PSI,1,251934,83,2026-07-03T08:37:43Z,2026-07-03T11:16:23Z,2.64
AB55 6NU,SHEPD,PSI,1,251934,83,2026-07-03T08:37:43Z,2026-07-03T11:16:23Z,2.64
AB55 6NX,SHEPD,PSI,1,251934,83,2026-07-03T08:37:43Z,2026-07-03T11:16:23Z,2.64
AB55 6NY,SHEPD,PSI,1,251934,83,2026-07-03T08:37:43Z,2026-07-03T11:16:23Z,2.64
AB55 6TY,SHEPD,PSI,1,251934,83,2026-07-03T08:37:43Z,2026-07-03T11:16:23Z,2.64
AB55 6TZ,SHEPD,PSI,1,251934,83,2026-07-03T08:37:43Z,2026-07-03T11:16:23Z,2.64
AB55 6UA,SHEPD,PSI,1,251934,83,2026-07-03T08:37:43Z,2026-07-03T11:16:23Z,2.64
AB55 6US,SHEPD,PSI,1,251934,83,2026-07-03T08:37:43Z,2026-07-03T11:16:23Z,2.64
AB55 6UT,SHEPD,PSI,1,251934,83,2026-07-03T08:37:43Z,2026-07-03T11:16:23Z,2.64
AB55 6UW,SHEPD,PSI,1,251934,83,2026-07-03T08:37:43Z,2026-07-03T11:16:23Z,2.64
OX27 8AP,SEPD,PSI,1,252088,164,2026-07-03T08:37:43Z,2026-07-03T11:16:23Z,2.64
OX27 8AR,SEPD,PSI,1,252088,164,2026-07-03T08:37:43Z,2026-07-03T11:16:23Z,2.64
OX27 8EE,SEPD,PSI,1,252088,164,2026-07-03T08:37:43Z,2026-07-03T11:16:23Z,2.64
OX27 8EF,SEPD,PSI,1,252088,164,2026-07-03T08:37:43Z,2026-07-03T11:16:23Z,2.64
OX27 8ES,SEPD,PSI,1,252088,164,2026-07-03T08:37:43Z,2026-07-03T11:16:23Z,2.64
OX27 8ET,SEPD,PSI,1,252088,164,2026-07-03T08:37:43Z,2026-07-03T11:16:23Z,2.64
OX27 8EU,SEPD,PSI,1,252088,164,2026-07-03T08:37:43Z,2026-07-03T11:16:23Z,2.64
OX27 8EX,SEPD,PSI,1,252088,164,2026-07-03T08:37:43Z,2026-07-03T11:16:23Z,2.64
OX27 8EY,SEPD,PSI,1,252088,164,2026-07-03T08:37:43Z,2026-07-03T11:16:23Z,2.64
OX27 8EZ,SEPD,PSI,1,252088,164,2026-07-03T08:37:43Z,2026-07-03T11:16:23Z,2.64
OX27 8HA,SEPD,PSI,1,252088,164,2026-07-03T08:37:43Z,2026-07-03T11:16:23Z,2.64
OX27 8HD,SEPD,PSI,1,252088,164,2026-07-03T08:37:43Z,2026-07-03T11:16:23Z,2.64
OX27 8SD,SEPD,PSI,1,252088,164,2026-07-03T08:37:43Z,2026-07-03T11:16:23Z,2.64
OX27 8SS,SEPD,PSI,1,252088,164,2026-07-03T08:37:43Z,2026-07-03T11:16:23Z,2.64
OX27 8ST,SEPD,PSI,1,252088,164,2026-07-03T08:37:43Z,2026-07-03T11:16:23Z,2.64
OX27 8SU,SEPD,PSI,1,252088,164,2026-07-03T08:37:43Z,2026-07-03T11:16:23Z,2.64
OX27 8TQ,SEPD,PSI,1,252088,164,2026-07-03T08:37:43Z,2026-07-03T11:16:23Z,2.64
PA33 1BQ,SHEPD,PSI,1,251895,2,2026-07-03T08:37:43Z,2026-07-03T11:16:23Z,2.64
PH10 7JH,SHEPD,PSI,1,252588,4,2026-07-03T08:37:43Z,2026-07-03T11:16:23Z,2.64
PH10 7NQ,SHEPD,PSI,1,252590,4,2026-07-03T08:37:43Z,2026-07-03T11:16:23Z,2.64
PH2 9LN,SHEPD,PSI,1,252877,4,2026-07-03T08:37:43Z,2026-07-03T11:16:23Z,2.64
PH2 9LX,SHEPD,PSI,1,252877,4,2026-07-03T08:37:43Z,2026-07-03T11:16:23Z,2.64
SL1 1GQ,SEPD,LV,1,TN6332,9,2026-07-03T08:37:43Z,2026-07-03T11:16:23Z,2.64
SL1 1NZ,SEPD,LV,1,TN6332,9,2026-07-03T08:37:43Z,2026-07-03T11:16:23Z,2.64
SN16 0HJ,SEPD,PSI,1,252672,58,2026-07-03T08:37:43Z,2026-07-03T11:16:23Z,2.64
SN4 8EA,SEPD,HV,1,TN8610,109,2026-07-03T08:37:43Z,2026-07-03T11:16:23Z,2.64
SN4 8ED,SEPD,HV,1,TN8610,109,2026-07-03T08:37:43Z,2026-07-03T11:16:23Z,2.64
SN4 8EE,SEPD,HV,1,TN8610,109,2026-07-03T08:37:43Z,2026-07-03T11:16:23Z,2.64
SN4 8EL,SEPD,HV,1,TN8610,109,2026-07-03T08:37:43Z,2026-07-03T11:16:23Z,2.64
BH2 5EF,SEPD,LV,1,TN7652,23,2026-07-03T19:54:45Z,2026-07-03T22:29:50Z,2.58
BH2 5EH,SEPD,LV,1,TN7652,23,2026-07-03T19:54:45Z,2026-07-03T22:29:50Z,2.58
BH2 5LX,SEPD,LV,1,TN7652,23,2026-07-03T19:54:45Z,2026-07-03T22:29:50Z,2.58
BH2 5NS,SEPD,LV,1,TN7652,23,2026-07-03T19:54:45Z,2026-07-03T22:29:50Z,2.58
BH2 5PN,SEPD,LV,1,TN7652,23,2026-07-03T19:54:45Z,2026-07-03T22:29:50Z,2.58
BH2 5PS,SEPD,LV,1,TN7652,23,2026-07-03T19:54:45Z,2026-07-03T22:29:50Z,2.58
BH2 5QS,SEPD,LV,1,TN7652,23,2026-07-03T19:54:45Z,2026-07-03T22:29:50Z,2.58
BH2 5QZ,SEPD,LV,1,TN7652,23,2026-07-03T19:54:45Z,2026-07-03T22:29:50Z,2.58
AB56 5AE,SHEPD,HV,1,TP1219,25,2026-07-05T18:45:34Z,2026-07-05T21:16:21Z,2.51
AB56 5JP,SHEPD,HV,1,TP1219,25,2026-07-05T18:45:34Z,2026-07-05T21:16:21Z,2.51
IV14 9AR,SHEPD,LV,1,TP3814,5,2026-07-07T13:52:22Z,2026-07-07T16:21:20Z,2.48
IV14 9AW,SHEPD,LV,1,TP3814,5,2026-07-07T13:52:22Z,2026-07-07T16:21:20Z,2.48
IV14 9DU,SHEPD,LV,1,TP3814,5,2026-07-07T13:52:22Z,2026-07-07T16:21:20Z,2.48
IV14 9DX,SHEPD,LV,1,TP3814,5,2026-07-07T13:52:22Z,2026-07-07T16:21:20Z,2.48
OX29 4BE,SEPD,LV,1,TP3857,50,2026-07-07T13:52:22Z,2026-07-07T16:21:20Z,2.48
OX29 4FE,SEPD,LV,1,TP3857,50,2026-07-07T13:52:22Z,2026-07-07T16:21:20Z,2.48
OX29 4PD,SEPD,LV,1,TP3857,50,2026-07-07T13:52:22Z,2026-07-07T16:21:20Z,2.48
OX29 4PF,SEPD,LV,1,TP3857,50,2026-07-07T13:52:22Z,2026-07-07T16:21:20Z,2.48
OX29 4PG,SEPD,LV,1,TP3857,50,2026-07-07T13:52:22Z,2026-07-07T16:21:20Z,2.48
OX29 4PH,SEPD,LV,1,TP3857,50,2026-07-07T13:52:22Z,2026-07-07T16:21:20Z,2.48
OX29 4QE,SEPD,LV,1,TP3857,50,2026-07-07T13:52:22Z,2026-07-07T16:21:20Z,2.48
OX29 4QF,SEPD,LV,1,TP3857,50,2026-07-07T13:52:22Z,2026-07-07T16:21:20Z,2.48
OX29 4QL,SEPD,LV,1,TP3857,50,2026-07-07T13:52:22Z,2026-07-07T16:21:20Z,2.48
OX29 4QN,SEPD,LV,1,TP3857,50,2026-07-07T13:52:22Z,2026-07-07T16:21:20Z,2.48
OX29 4RA,SEPD,LV,1,TP3857,50,2026-07-07T13:52:22Z,2026-07-07T16:21:20Z,2.48
PO7 5HL,SEPD,LV,1,TP3619,16,2026-07-07T13:52:22Z,2026-07-07T16:21:20Z,2.48
PO7 5HT,SEPD,LV,1,TP3619,16,2026-07-07T13:52:22Z,2026-07-07T16:21:20Z,2.48
PO7 5XB,SEPD,LV,1,TP3619,16,2026-07-07T13:52:22Z,2026-07-07T16:21:20Z,2.48
PO7 5XD,SEPD,LV,1,TP3619,16,2026-07-07T13:52:22Z,2026-07-07T16:21:20Z,2.48
SO31 8GF,SEPD,LV,1,TP3691,14,2026-07-07T13:52:22Z,2026-07-07T16:21:20Z,2.48
SO31 8GG,SEPD,LV,1,TP3691,14,2026-07-07T13:52:22Z,2026-07-07T16:21:20Z,2.48
SO31 8GH,SEPD,LV,1,TP3691,14,2026-07-07T13:52:22Z,2026-07-07T16:21:20Z,2.48
G83 7DB,SHEPD,HV,1,TN7594,14,2026-07-02T13:12:33Z,2026-07-02T15:32:45Z,2.34
G83 7DG,SHEPD,HV,1,TN7594,14,2026-07-02T13:12:33Z,2026-07-02T15:32:45Z,2.34
G83 7DH,SHEPD,HV,1,TN7594,14,2026-07-02T13:12:33Z,2026-07-02T15:32:45Z,2.34
G83 7DL,SHEPD,HV,1,TN7594,14,2026-07-02T13:12:33Z,2026-07-02T15:32:45Z,2.34
G83 7DQ,SHEPD,HV,1,TN7594,14,2026-07-02T13:12:33Z,2026-07-02T15:32:45Z,2.34
G83 8RH,SHEPD,HV,1,TN7594,14,2026-07-02T13:12:33Z,2026-07-02T15:32:45Z,2.34
W7 3FE,SEPD,LV,1,TN7632,58,2026-07-02T13:12:33Z,2026-07-02T15:32:45Z,2.34
W7 3PP,SEPD,LV,1,TN7632,58,2026-07-02T13:12:33Z,2026-07-02T15:32:45Z,2.34
W7 3PY,SEPD,LV,1,TN7632,58,2026-07-02T13:12:33Z,2026-07-02T15:32:45Z,2.34
W7 3QA,SEPD,LV,1,TN7632,58,2026-07-02T13:12:33Z,2026-07-02T15:32:45Z,2.34
W7 3QF,SEPD,LV,1,TN7632,58,2026-07-02T13:12:33Z,2026-07-02T15:32:45Z,2.34
W7 3QG,SEPD,LV,1,TN7632,58,2026-07-02T13:12:33Z,2026-07-02T15:32:45Z,2.34
W7 3XA,SEPD,LV,1,TN7632,58,2026-07-02T13:12:33Z,2026-07-02T15:32:45Z,2.34
AB56 4PY,SHEPD,LV,1,TP0881,19,2026-07-05T15:21:29Z,2026-07-05T17:40:19Z,2.31
AB56 4PZ,SHEPD,LV,1,TP0881,19,2026-07-05T15:21:29Z,2026-07-05T17:40:19Z,2.31
AB56 4QF,SHEPD,LV,1,TP0881,19,2026-07-05T15:21:29Z,2026-07-05T17:40:19Z,2.31
AB56 4QH,SHEPD,LV,1,TP0881,19,2026-07-05T15:21:29Z,2026-07-05T17:40:19Z,2.31
AB56 4QN,SHEPD,LV,1,TP0881,19,2026-07-05T15:21:29Z,2026-07-05T17:40:19Z,2.31
AB56 4ZB,SHEPD,LV,1,TP0881,19,2026-07-05T15:21:29Z,2026-07-05T17:40:19Z,2.31
PO18 8EJ,SEPD,HV,1,TP1041,2,2026-07-05T15:21:29Z,2026-07-05T17:40:19Z,2.31
BH17 9HB,SEPD,"PSI,LV",2,"253091,TP2719",68,2026-07-06T18:47:40Z,2026-07-07T13:52:22Z,2.3
BH17 9HF,SEPD,"PSI,LV",2,"253091,TP2719",68,2026-07-06T18:47:40Z,2026-07-07T13:52:22Z,2.3
BH17 9HG,SEPD,"PSI,LV",2,"253091,TP2719",68,2026-07-06T18:47:40Z,2026-07-07T13:52:22Z,2.3
BH17 9HP,SEPD,"PSI,LV",2,"253091,TP2719",68,2026-07-06T18:47:40Z,2026-07-07T13:52:22Z,2.3
BH17 9HW,SEPD,"PSI,LV",2,"253091,TP2719",68,2026-07-06T18:47:40Z,2026-07-07T13:52:22Z,2.3
BH24 4EF,SEPD,PSI,1,252801,3,2026-07-07T11:34:20Z,2026-07-07T13:52:22Z,2.3
DD8 3BT,SHEPD,PSI,1,252546,5,2026-07-07T11:34:20Z,2026-07-07T13:52:22Z,2.3
DD8 3RN,SHEPD,PSI,1,252546,5,2026-07-07T11:34:20Z,2026-07-07T13:52:22Z,2.3
DT3 5ST,SEPD,LV,1,TP3202,5,2026-07-07T11:34:20Z,2026-07-07T13:52:22Z,2.3
DT3 5SU,SEPD,LV,1,TP3202,5,2026-07-07T11:34:20Z,2026-07-07T13:52:22Z,2.3
DT3 5SX,SEPD,LV,1,TP3202,5,2026-07-07T11:34:20Z,2026-07-07T13:52:22Z,2.3
DT3 5SY,SEPD,LV,1,TP3202,5,2026-07-07T11:34:20Z,2026-07-07T13:52:22Z,2.3
GU10 5AY,SEPD,HV,1,TP3668,163,2026-07-07T11:34:20Z,2026-07-07T13:52:22Z,2.3
GU10 5BB,SEPD,HV,1,TP3668,163,2026-07-07T11:34:20Z,2026-07-07T13:52:22Z,2.3
GU10 5BD,SEPD,HV,1,TP3668,163,2026-07-07T11:34:20Z,2026-07-07T13:52:22Z,2.3
GU10 5BE,SEPD,HV,1,TP3668,163,2026-07-07T11:34:20Z,2026-07-07T13:52:22Z,2.3
GU10 5BG,SEPD,HV,1,TP3668,163,2026-07-07T11:34:20Z,2026-07-07T13:52:22Z,2.3
GU10 5BH,SEPD,HV,1,TP3668,163,2026-07-07T11:34:20Z,2026-07-07T13:52:22Z,2.3
GU10 5BJ,SEPD,HV,1,TP3668,163,2026-07-07T11:34:20Z,2026-07-07T13:52:22Z,2.3
GU10 5BN,SEPD,HV,1,TP3668,163,2026-07-07T11:34:20Z,2026-07-07T13:52:22Z,2.3
GU10 5BP,SEPD,HV,1,TP3668,163,2026-07-07T11:34:20Z,2026-07-07T13:52:22Z,2.3
GU10 5BQ,SEPD,HV,1,TP3668,163,2026-07-07T11:34:20Z,2026-07-07T13:52:22Z,2.3
GU10 5BS,SEPD,HV,1,TP3668,163,2026-07-07T11:34:20Z,2026-07-07T13:52:22Z,2.3
GU10 5BU,SEPD,HV,1,TP3668,163,2026-07-07T11:34:20Z,2026-07-07T13:52:22Z,2.3
GU10 5BW,SEPD,HV,1,TP3668,163,2026-07-07T11:34:20Z,2026-07-07T13:52:22Z,2.3
GU10 5BX,SEPD,HV,1,TP3668,163,2026-07-07T11:34:20Z,2026-07-07T13:52:22Z,2.3
GU10 5BZ,SEPD,HV,1,TP3668,163,2026-07-07T11:34:20Z,2026-07-07T13:52:22Z,2.3
GU10 5EX,SEPD,HV,1,TP3668,163,2026-07-07T11:34:20Z,2026-07-07T13:52:22Z,2.3
GU28 9BT,SEPD,PSI,1,251514,40,2026-07-07T11:34:20Z,2026-07-07T13:52:22Z,2.3
GU28 9DG,SEPD,PSI,1,251514,40,2026-07-07T11:34:20Z,2026-07-07T13:52:22Z,2.3
GU28 9DH,SEPD,PSI,1,251514,40,2026-07-07T11:34:20Z,2026-07-07T13:52:22Z,2.3
GU28 9DJ,SEPD,PSI,1,251514,40,2026-07-07T11:34:20Z,2026-07-07T13:52:22Z,2.3
GU28 9DN,SEPD,PSI,1,251514,40,2026-07-07T11:34:20Z,2026-07-07T13:52:22Z,2.3
GU28 9DP,SEPD,PSI,1,251514,40,2026-07-07T11:34:20Z,2026-07-07T13:52:22Z,2.3
GU34 2SL,SEPD,LV,1,TP2847,27,2026-07-07T11:34:20Z,2026-07-07T13:52:22Z,2.3
GU34 2TF,SEPD,LV,1,TP2847,27,2026-07-07T11:34:20Z,2026-07-07T13:52:22Z,2.3
GU34 2TP,SEPD,LV,1,TP2847,27,2026-07-07T11:34:20Z,2026-07-07T13:52:22Z,2.3
HP14 3YG,SEPD,PSI,1,251908,2,2026-07-07T11:34:20Z,2026-07-07T13:52:22Z,2.3
KA27,SHEPD,PSI,1,252103,15,2026-07-07T11:34:20Z,2026-07-07T13:52:22Z,2.3
KA27 8NL,SHEPD,PSI,1,252103,15,2026-07-07T11:34:20Z,2026-07-07T13:52:22Z,2.3
KA27 8RB,SHEPD,PSI,1,252103,15,2026-07-07T11:34:20Z,2026-07-07T13:52:22Z,2.3
OX44 9DD,SEPD,PSI,1,252091,204,2026-07-07T11:34:20Z,2026-07-07T13:52:22Z,2.3
OX44 9EG,SEPD,PSI,1,252091,204,2026-07-07T11:34:20Z,2026-07-07T13:52:22Z,2.3
OX44 9ES,SEPD,PSI,1,252091,204,2026-07-07T11:34:20Z,2026-07-07T13:52:22Z,2.3
OX44 9ET,SEPD,PSI,1,252091,204,2026-07-07T11:34:20Z,2026-07-07T13:52:22Z,2.3
OX44 9EU,SEPD,PSI,1,252091,204,2026-07-07T11:34:20Z,2026-07-07T13:52:22Z,2.3
OX44 9EX,SEPD,PSI,1,252091,204,2026-07-07T11:34:20Z,2026-07-07T13:52:22Z,2.3
OX44 9EY,SEPD,PSI,1,252091,204,2026-07-07T11:34:20Z,2026-07-07T13:52:22Z,2.3
OX44 9EZ,SEPD,PSI,1,252091,204,2026-07-07T11:34:20Z,2026-07-07T13:52:22Z,2.3
OX44 9HA,SEPD,PSI,1,252091,204,2026-07-07T11:34:20Z,2026-07-07T13:52:22Z,2.3
OX44 9HB,SEPD,PSI,1,252091,204,2026-07-07T11:34:20Z,2026-07-07T13:52:22Z,2.3
OX44 9HD,SEPD,PSI,1,252091,204,2026-07-07T11:34:20Z,2026-07-07T13:52:22Z,2.3
OX44 9HE,SEPD,PSI,1,252091,204,2026-07-07T11:34:20Z,2026-07-07T13:52:22Z,2.3
OX44 9HF,SEPD,PSI,1,252091,204,2026-07-07T11:34:20Z,2026-07-07T13:52:22Z,2.3
OX44 9HG,SEPD,PSI,1,252091,204,2026-07-07T11:34:20Z,2026-07-07T13:52:22Z,2.3
OX44 9HJ,SEPD,PSI,1,252091,204,2026-07-07T11:34:20Z,2026-07-07T13:52:22Z,2.3
OX44 9HL,SEPD,PSI,1,252091,204,2026-07-07T11:34:20Z,2026-07-07T13:52:22Z,2.3
OX44 9HP,SEPD,PSI,1,252091,204,2026-07-07T11:34:20Z,2026-07-07T13:52:22Z,2.3
OX44 9HY,SEPD,PSI,1,252091,204,2026-07-07T11:34:20Z,2026-07-07T13:52:22Z,2.3
OX44 9HZ,SEPD,PSI,1,252091,204,2026-07-07T11:34:20Z,2026-07-07T13:52:22Z,2.3
OX44 9JA,SEPD,PSI,1,252091,204,2026-07-07T11:34:20Z,2026-07-07T13:52:22Z,2.3
OX44 9JB,SEPD,PSI,1,252091,204,2026-07-07T11:34:20Z,2026-07-07T13:52:22Z,2.3
OX44 9JD,SEPD,PSI,1,252091,204,2026-07-07T11:34:20Z,2026-07-07T13:52:22Z,2.3
OX44 9JE,SEPD,PSI,1,252091,204,2026-07-07T11:34:20Z,2026-07-07T13:52:22Z,2.3
OX44 9JF,SEPD,PSI,1,252091,204,2026-07-07T11:34:20Z,2026-07-07T13:52:22Z,2.3
OX44 9JG,SEPD,PSI,1,252091,204,2026-07-07T11:34:20Z,2026-07-07T13:52:22Z,2.3
OX44 9JH,SEPD,PSI,1,252091,204,2026-07-07T11:34:20Z,2026-07-07T13:52:22Z,2.3
OX44 9JJ,SEPD,PSI,1,252091,204,2026-07-07T11:34:20Z,2026-07-07T13:52:22Z,2.3
OX44 9JL,SEPD,PSI,1,252091,204,2026-07-07T11:34:20Z,2026-07-07T13:52:22Z,2.3
OX44 9JN,SEPD,PSI,1,252091,204,2026-07-07T11:34:20Z,2026-07-07T13:52:22Z,2.3
OX44 9JQ,SEPD,PSI,1,252091,204,2026-07-07T11:34:20Z,2026-07-07T13:52:22Z,2.3
OX44 9JU,SEPD,PSI,1,252091,204,2026-07-07T11:34:20Z,2026-07-07T13:52:22Z,2.3
OX44 9JZ,SEPD,PSI,1,252091,204,2026-07-07T11:34:20Z,2026-07-07T13:52:22Z,2.3
OX49 5HX,SEPD,PSI,1,251908,2,2026-07-07T11:34:20Z,2026-07-07T13:52:22Z,2.3
PA34 4UU,SHEPD,PSI,1,251991,4,2026-07-07T11:34:20Z,2026-07-07T13:52:22Z,2.3
PH10 7JP,SHEPD,PSI,1,252571,29,2026-07-07T11:34:20Z,2026-07-07T13:52:22Z,2.3
PH10 7PH,SHEPD,PSI,1,252571,29,2026-07-07T11:34:20Z,2026-07-07T13:52:22Z,2.3
PH10 7PJ,SHEPD,PSI,1,252571,29,2026-07-07T11:34:20Z,2026-07-07T13:52:22Z,2.3
PH10 7PL,SHEPD,PSI,1,252571,29,2026-07-07T11:34:20Z,2026-07-07T13:52:22Z,2.3
PH10 7PQ,SHEPD,PSI,1,252571,29,2026-07-07T11:34:20Z,2026-07-07T13:52:22Z,2.3
PH26 3PE,SHEPD,PSI,1,251597,41,2026-07-07T11:34:20Z,2026-07-07T13:52:22Z,2.3
PH26 3PF,SHEPD,PSI,1,251597,41,2026-07-07T11:34:20Z,2026-07-07T13:52:22Z,2.3
PH26 3PH,SHEPD,PSI,1,251597,41,2026-07-07T11:34:20Z,2026-07-07T13:52:22Z,2.3
PO22 8NN,SEPD,PSI,1,252270,3,2026-07-07T11:34:20Z,2026-07-07T13:52:22Z,2.3
RG10 0TH,SEPD,PSI,1,252870,11,2026-07-07T11:34:20Z,2026-07-07T13:52:22Z,2.3
RG10 0TR,SEPD,PSI,1,252870,11,2026-07-07T11:34:20Z,2026-07-07T13:52:22Z,2.3
RG10 0UA,SEPD,PSI,1,252654,43,2026-07-07T11:34:20Z,2026-07-07T13:52:22Z,2.3
RG10 0UB,SEPD,PSI,1,252654,43,2026-07-07T11:34:20Z,2026-07-07T13:52:22Z,2.3
RG10 0UD,SEPD,PSI,1,252654,43,2026-07-07T11:34:20Z,2026-07-07T13:52:22Z,2.3
RG10 0UE,SEPD,PSI,1,252654,43,2026-07-07T11:34:20Z,2026-07-07T13:52:22Z,2.3
RG12 0TL,SEPD,LV,1,TP2922,34,2026-07-07T11:34:20Z,2026-07-07T13:52:22Z,2.3
RG12 0UD,SEPD,LV,1,TP2922,34,2026-07-07T11:34:20Z,2026-07-07T13:52:22Z,2.3
RG12 0UN,SEPD,LV,1,TP2922,34,2026-07-07T11:34:20Z,2026-07-07T13:52:22Z,2.3
RG12 0UP,SEPD,LV,1,TP2922,34,2026-07-07T11:34:20Z,2026-07-07T13:52:22Z,2.3
RG16 0UA,SEPD,PSI,1,252654,43,2026-07-07T11:34:20Z,2026-07-07T13:52:22Z,2.3
RG20 4QH,SEPD,PSI,1,252651,37,2026-07-07T11:34:20Z,2026-07-07T13:52:22Z,2.3
RG20 4QJ,SEPD,PSI,1,252651,37,2026-07-07T11:34:20Z,2026-07-07T13:52:22Z,2.3
RG20 4QQ,SEPD,PSI,1,252651,37,2026-07-07T11:34:20Z,2026-07-07T13:52:22Z,2.3
RG20 4SX,SEPD,PSI,1,252651,37,2026-07-07T11:34:20Z,2026-07-07T13:52:22Z,2.3
RG20 4UQ,SEPD,PSI,1,252651,37,2026-07-07T11:34:20Z,2026-07-07T13:52:22Z,2.3
RG5 4RU,SEPD,PSI,1,252654,43,2026-07-07T11:34:20Z,2026-07-07T13:52:22Z,2.3
SL1 9DA,SEPD,LV,1,TP2931,11,2026-07-07T11:34:20Z,2026-07-07T13:52:22Z,2.3
SL6 1LB,SEPD,LV,1,TP2931,11,2026-07-07T11:34:20Z,2026-07-07T13:52:22Z,2.3
SN5 3PN,SEPD,PSI,1,252860,20,2026-07-07T11:34:20Z,2026-07-07T13:52:22Z,2.3
SN5 5PA,SEPD,PSI,1,252860,20,2026-07-07T11:34:20Z,2026-07-07T13:52:22Z,2.3
SN5 5PD,SEPD,PSI,1,252860,20,2026-07-07T11:34:20Z,2026-07-07T13:52:22Z,2.3
SN5 5PL,SEPD,PSI,1,252860,20,2026-07-07T11:34:20Z,2026-07-07T13:52:22Z,2.3
SN5 5PN,SEPD,PSI,1,252860,20,2026-07-07T11:34:20Z,2026-07-07T13:52:22Z,2.3
SO32 1AF,SEPD,LV,1,TP3088,7,2026-07-07T11:34:20Z,2026-07-07T13:52:22Z,2.3
SO32 1AR,SEPD,LV,1,TP3088,7,2026-07-07T11:34:20Z,2026-07-07T13:52:22Z,2.3
SO32 1PA,SEPD,LV,1,TP3088,7,2026-07-07T11:34:20Z,2026-07-07T13:52:22Z,2.3
SO32 1ST,SEPD,LV,1,TP3088,7,2026-07-07T11:34:20Z,2026-07-07T13:52:22Z,2.3
SN1 4JE,SEPD,LV,2,"TP0323,TP0458",33,2026-07-04T17:46:23Z,2026-07-04T20:01:19Z,2.25
SN1 4JG,SEPD,LV,1,TP0323,11,2026-07-04T17:46:23Z,2026-07-04T20:01:19Z,2.25
BA14 6PX,SEPD,LV,1,TN6741,19,2026-07-01T23:23:41Z,2026-07-02T01:34:22Z,2.18
BA14 6QH,SEPD,LV,1,TN6741,19,2026-07-01T23:23:41Z,2026-07-02T01:34:22Z,2.18
BA14 6QQ,SEPD,LV,1,TN6741,19,2026-07-01T23:23:41Z,2026-07-02T01:34:22Z,2.18
BA14 6RN,SEPD,LV,1,TN6741,19,2026-07-01T23:23:41Z,2026-07-02T01:34:22Z,2.18
RG7 5ED,SEPD,HV,2,"TP0581,TP3878",122,2026-07-04T20:01:19Z,2026-07-07T13:52:22Z,2.17
RG7 5EE,SEPD,HV,2,"TP0581,TP3878",122,2026-07-04T20:01:19Z,2026-07-07T13:52:22Z,2.17
RG7 5DS,SEPD,HV,1,TP0581,112,2026-07-04T20:01:19Z,2026-07-04T22:11:34Z,2.17
RG7 5EG,SEPD,HV,1,TP0581,112,2026-07-04T20:01:19Z,2026-07-04T22:11:34Z,2.17
RG7 5EH,SEPD,HV,1,TP0581,112,2026-07-04T20:01:19Z,2026-07-04T22:11:34Z,2.17
RG7 5EJ,SEPD,HV,1,TP0581,112,2026-07-04T20:01:19Z,2026-07-04T22:11:34Z,2.17
RG7 5EL,SEPD,HV,1,TP0581,112,2026-07-04T20:01:19Z,2026-07-04T22:11:34Z,2.17
RG7 5EP,SEPD,HV,1,TP0581,112,2026-07-04T20:01:19Z,2026-07-04T22:11:34Z,2.17
RG7 5ER,SEPD,HV,1,TP0581,112,2026-07-04T20:01:19Z,2026-07-04T22:11:34Z,2.17
RG7 5ES,SEPD,HV,1,TP0581,112,2026-07-04T20:01:19Z,2026-07-04T22:11:34Z,2.17
RG7 5ET,SEPD,HV,1,TP0581,112,2026-07-04T20:01:19Z,2026-07-04T22:11:34Z,2.17
RG7 5HA,SEPD,HV,1,TP0581,112,2026-07-04T20:01:19Z,2026-07-04T22:11:34Z,2.17
RG7 5JP,SEPD,HV,1,TP0581,112,2026-07-04T20:01:19Z,2026-07-04T22:11:34Z,2.17
RG7 5SQ,SEPD,HV,1,TP0581,112,2026-07-04T20:01:19Z,2026-07-04T22:11:34Z,2.17
RG7 6AJ,SEPD,HV,1,TP0581,112,2026-07-04T20:01:19Z,2026-07-04T22:11:34Z,2.17
RG7 6AP,SEPD,HV,1,TP0581,112,2026-07-04T20:01:19Z,2026-07-04T22:11:34Z,2.17
RG8,SEPD,HV,1,TP0581,112,2026-07-04T20:01:19Z,2026-07-04T22:11:34Z,2.17
RG8 8HP,SEPD,HV,1,TP0581,112,2026-07-04T20:01:19Z,2026-07-04T22:11:34Z,2.17
UB3 2AR,SEPD,LV,1,TP0544,44,2026-07-04T20:01:19Z,2026-07-04T22:11:34Z,2.17
UB3 2BD,SEPD,LV,1,TP0544,44,2026-07-04T20:01:19Z,2026-07-04T22:11:34Z,2.17
UB3 2BE,SEPD,LV,1,TP0544,44,2026-07-04T20:01:19Z,2026-07-04T22:11:34Z,2.17
UB3 2FG,SEPD,LV,1,TP0544,44,2026-07-04T20:01:19Z,2026-07-04T22:11:34Z,2.17
UB3 2NU,SEPD,LV,1,TP0544,44,2026-07-04T20:01:19Z,2026-07-04T22:11:34Z,2.17
BA22 9UY,SEPD,"HV,LV",2,"TK6598,TP0439",8,2026-07-04T17:46:23Z,2026-07-04T21:11:03Z,2.14
BA22 9UZ,SEPD,"HV,LV",2,"TK6598,TP0439",8,2026-07-04T17:46:23Z,2026-07-04T21:11:03Z,2.14
SN14 6PW,SEPD,LV,3,"TN2736,TN5677,TN8921",6,2026-06-30T16:21:20Z,2026-07-03T22:29:50Z,2.11
TW13 4HQ,SEPD,HV,1,TP0311,3,2026-07-04T15:39:50Z,2026-07-04T17:46:23Z,2.11
TW13 6XJ,SEPD,HV,1,TP0311,3,2026-07-04T15:39:50Z,2026-07-04T17:46:23Z,2.11
TW13 7AA,SEPD,HV,1,TP0311,3,2026-07-04T15:39:50Z,2026-07-04T17:46:23Z,2.11
TW13 7AB,SEPD,HV,1,TP0311,3,2026-07-04T15:39:50Z,2026-07-04T17:46:23Z,2.11
TW13 7AD,SEPD,HV,1,TP0311,3,2026-07-04T15:39:50Z,2026-07-04T17:46:23Z,2.11
TW13 7AH,SEPD,HV,1,TP0311,3,2026-07-04T15:39:50Z,2026-07-04T17:46:23Z,2.11
TW13 7AL,SEPD,HV,1,TP0311,3,2026-07-04T15:39:50Z,2026-07-04T17:46:23Z,2.11
TW13 7AN,SEPD,HV,1,TP0311,3,2026-07-04T15:39:50Z,2026-07-04T17:46:23Z,2.11
TW13 7AQ,SEPD,HV,1,TP0311,3,2026-07-04T15:39:50Z,2026-07-04T17:46:23Z,2.11
TW13 7AR,SEPD,HV,1,TP0311,3,2026-07-04T15:39:50Z,2026-07-04T17:46:23Z,2.11
TW13 7AS,SEPD,HV,1,TP0311,3,2026-07-04T15:39:50Z,2026-07-04T17:46:23Z,2.11
TW13 7AT,SEPD,HV,1,TP0311,3,2026-07-04T15:39:50Z,2026-07-04T17:46:23Z,2.11
TW13 7AW,SEPD,HV,1,TP0311,3,2026-07-04T15:39:50Z,2026-07-04T17:46:23Z,2.11
TW13 7AX,SEPD,HV,1,TP0311,3,2026-07-04T15:39:50Z,2026-07-04T17:46:23Z,2.11
TW13 7AY,SEPD,HV,1,TP0311,3,2026-07-04T15:39:50Z,2026-07-04T17:46:23Z,2.11
TW13 7AZ,SEPD,HV,1,TP0311,3,2026-07-04T15:39:50Z,2026-07-04T17:46:23Z,2.11
TW13 7BB,SEPD,HV,1,TP0311,3,2026-07-04T15:39:50Z,2026-07-04T17:46:23Z,2.11
TW13 7BD,SEPD,HV,1,TP0311,3,2026-07-04T15:39:50Z,2026-07-04T17:46:23Z,2.11
TW13 7BE,SEPD,HV,1,TP0311,3,2026-07-04T15:39:50Z,2026-07-04T17:46:23Z,2.11
TW13 7BF,SEPD,HV,1,TP0311,3,2026-07-04T15:39:50Z,2026-07-04T17:46:23Z,2.11
TW13 7BG,SEPD,HV,1,TP0311,3,2026-07-04T15:39:50Z,2026-07-04T17:46:23Z,2.11
TW13 7BH,SEPD,HV,1,TP0311,3,2026-07-04T15:39:50Z,2026-07-04T17:46:23Z,2.11
TW13 7BJ,SEPD,HV,1,TP0311,3,2026-07-04T15:39:50Z,2026-07-04T17:46:23Z,2.11
TW13 7BL,SEPD,HV,1,TP0311,3,2026-07-04T15:39:50Z,2026-07-04T17:46:23Z,2.11
TW13 7BN,SEPD,HV,1,TP0311,3,2026-07-04T15:39:50Z,2026-07-04T17:46:23Z,2.11
TW13 7BQ,SEPD,HV,1,TP0311,3,2026-07-04T15:39:50Z,2026-07-04T17:46:23Z,2.11
TW13 7BS,SEPD,HV,1,TP0311,3,2026-07-04T15:39:50Z,2026-07-04T17:46:23Z,2.11
TW13 7BT,SEPD,HV,1,TP0311,3,2026-07-04T15:39:50Z,2026-07-04T17:46:23Z,2.11
TW13 7BU,SEPD,HV,1,TP0311,3,2026-07-04T15:39:50Z,2026-07-04T17:46:23Z,2.11
TW13 7BW,SEPD,HV,1,TP0311,3,2026-07-04T15:39:50Z,2026-07-04T17:46:23Z,2.11
TW13 7BX,SEPD,HV,1,TP0311,3,2026-07-04T15:39:50Z,2026-07-04T17:46:23Z,2.11
TW13 7DA,SEPD,HV,1,TP0311,3,2026-07-04T15:39:50Z,2026-07-04T17:46:23Z,2.11
TW13 7DB,SEPD,HV,1,TP0311,3,2026-07-04T15:39:50Z,2026-07-04T17:46:23Z,2.11
TW13 7DD,SEPD,HV,1,TP0311,3,2026-07-04T15:39:50Z,2026-07-04T17:46:23Z,2.11
TW13 7DE,SEPD,HV,1,TP0311,3,2026-07-04T15:39:50Z,2026-07-04T17:46:23Z,2.11
TW13 7DF,SEPD,HV,1,TP0311,3,2026-07-04T15:39:50Z,2026-07-04T17:46:23Z,2.11
TW13 7DG,SEPD,HV,1,TP0311,3,2026-07-04T15:39:50Z,2026-07-04T17:46:23Z,2.11
TW13 7DH,SEPD,HV,1,TP0311,3,2026-07-04T15:39:50Z,2026-07-04T17:46:23Z,2.11
TW13 7DJ,SEPD,HV,1,TP0311,3,2026-07-04T15:39:50Z,2026-07-04T17:46:23Z,2.11
TW13 7DL,SEPD,HV,1,TP0311,3,2026-07-04T15:39:50Z,2026-07-04T17:46:23Z,2.11
TW13 7DN,SEPD,HV,1,TP0311,3,2026-07-04T15:39:50Z,2026-07-04T17:46:23Z,2.11
TW13 7DP,SEPD,HV,1,TP0311,3,2026-07-04T15:39:50Z,2026-07-04T17:46:23Z,2.11
TW13 7DQ,SEPD,HV,1,TP0311,3,2026-07-04T15:39:50Z,2026-07-04T17:46:23Z,2.11
TW13 7DU,SEPD,HV,1,TP0311,3,2026-07-04T15:39:50Z,2026-07-04T17:46:23Z,2.11
TW13 7DW,SEPD,HV,1,TP0311,3,2026-07-04T15:39:50Z,2026-07-04T17:46:23Z,2.11
TW13 7FD,SEPD,HV,1,TP0311,3,2026-07-04T15:39:50Z,2026-07-04T17:46:23Z,2.11
TW13 7HA,SEPD,HV,1,TP0311,3,2026-07-04T15:39:50Z,2026-07-04T17:46:23Z,2.11
TW13 7HB,SEPD,HV,1,TP0311,3,2026-07-04T15:39:50Z,2026-07-04T17:46:23Z,2.11
TW13 7HD,SEPD,HV,1,TP0311,3,2026-07-04T15:39:50Z,2026-07-04T17:46:23Z,2.11
TW13 7HF,SEPD,HV,1,TP0311,3,2026-07-04T15:39:50Z,2026-07-04T17:46:23Z,2.11
TW13 7HG,SEPD,HV,1,TP0311,3,2026-07-04T15:39:50Z,2026-07-04T17:46:23Z,2.11
TW13 7HH,SEPD,HV,1,TP0311,3,2026-07-04T15:39:50Z,2026-07-04T17:46:23Z,2.11
TW13 7HL,SEPD,HV,1,TP0311,3,2026-07-04T15:39:50Z,2026-07-04T17:46:23Z,2.11
TW13 7HN,SEPD,HV,1,TP0311,3,2026-07-04T15:39:50Z,2026-07-04T17:46:23Z,2.11
TW13 7HP,SEPD,HV,1,TP0311,3,2026-07-04T15:39:50Z,2026-07-04T17:46:23Z,2.11
TW13 7HQ,SEPD,HV,1,TP0311,3,2026-07-04T15:39:50Z,2026-07-04T17:46:23Z,2.11
TW13 7HR,SEPD,HV,1,TP0311,3,2026-07-04T15:39:50Z,2026-07-04T17:46:23Z,2.11
TW13 7HS,SEPD,HV,1,TP0311,3,2026-07-04T15:39:50Z,2026-07-04T17:46:23Z,2.11
TW13 7HT,SEPD,HV,1,TP0311,3,2026-07-04T15:39:50Z,2026-07-04T17:46:23Z,2.11
TW13 7HU,SEPD,HV,1,TP0311,3,2026-07-04T15:39:50Z,2026-07-04T17:46:23Z,2.11
TW13 7HW,SEPD,HV,1,TP0311,3,2026-07-04T15:39:50Z,2026-07-04T17:46:23Z,2.11
TW13 7HX,SEPD,HV,1,TP0311,3,2026-07-04T15:39:50Z,2026-07-04T17:46:23Z,2.11
TW13 7HZ,SEPD,HV,1,TP0311,3,2026-07-04T15:39:50Z,2026-07-04T17:46:23Z,2.11
TW13 7LH,SEPD,HV,1,TP0311,3,2026-07-04T15:39:50Z,2026-07-04T17:46:23Z,2.11
TW13 7LJ,SEPD,HV,1,TP0311,3,2026-07-04T15:39:50Z,2026-07-04T17:46:23Z,2.11
TW13 7LL,SEPD,HV,1,TP0311,3,2026-07-04T15:39:50Z,2026-07-04T17:46:23Z,2.11
TW13 7NB,SEPD,HV,1,TP0311,3,2026-07-04T15:39:50Z,2026-07-04T17:46:23Z,2.11
TW13 7ND,SEPD,HV,1,TP0311,3,2026-07-04T15:39:50Z,2026-07-04T17:46:23Z,2.11
TW13 7NL,SEPD,HV,1,TP0311,3,2026-07-04T15:39:50Z,2026-07-04T17:46:23Z,2.11
TW13 7NP,SEPD,HV,1,TP0311,3,2026-07-04T15:39:50Z,2026-07-04T17:46:23Z,2.11
TW13 7NS,SEPD,HV,1,TP0311,3,2026-07-04T15:39:50Z,2026-07-04T17:46:23Z,2.11
TW13 7NT,SEPD,HV,1,TP0311,3,2026-07-04T15:39:50Z,2026-07-04T17:46:23Z,2.11
TW13 7NU,SEPD,HV,1,TP0311,3,2026-07-04T15:39:50Z,2026-07-04T17:46:23Z,2.11
TW13 7NW,SEPD,HV,1,TP0311,3,2026-07-04T15:39:50Z,2026-07-04T17:46:23Z,2.11
TW13 7NX,SEPD,HV,1,TP0311,3,2026-07-04T15:39:50Z,2026-07-04T17:46:23Z,2.11
TW13 7NY,SEPD,HV,1,TP0311,3,2026-07-04T15:39:50Z,2026-07-04T17:46:23Z,2.11
TW13 7PE,SEPD,HV,1,TP0311,3,2026-07-04T15:39:50Z,2026-07-04T17:46:23Z,2.11
TW13 7PF,SEPD,HV,1,TP0311,3,2026-07-04T15:39:50Z,2026-07-04T17:46:23Z,2.11
TW13 7PG,SEPD,HV,1,TP0311,3,2026-07-04T15:39:50Z,2026-07-04T17:46:23Z,2.11
TW13 7PH,SEPD,HV,1,TP0311,3,2026-07-04T15:39:50Z,2026-07-04T17:46:23Z,2.11
TW13 7PQ,SEPD,HV,1,TP0311,3,2026-07-04T15:39:50Z,2026-07-04T17:46:23Z,2.11
TW13 7QA,SEPD,HV,1,TP0311,3,2026-07-04T15:39:50Z,2026-07-04T17:46:23Z,2.11
TW13 7QB,SEPD,HV,1,TP0311,3,2026-07-04T15:39:50Z,2026-07-04T17:46:23Z,2.11
TW13 7QE,SEPD,HV,1,TP0311,3,2026-07-04T15:39:50Z,2026-07-04T17:46:23Z,2.11
TW13 7QF,SEPD,HV,1,TP0311,3,2026-07-04T15:39:50Z,2026-07-04T17:46:23Z,2.11
TW13 7QG,SEPD,HV,1,TP0311,3,2026-07-04T15:39:50Z,2026-07-04T17:46:23Z,2.11
TW13 7QH,SEPD,HV,1,TP0311,3,2026-07-04T15:39:50Z,2026-07-04T17:46:23Z,2.11
TW13 7QQ,SEPD,HV,1,TP0311,3,2026-07-04T15:39:50Z,2026-07-04T17:46:23Z,2.11
TW13 7RS,SEPD,HV,1,TP0311,3,2026-07-04T15:39:50Z,2026-07-04T17:46:23Z,2.11
TW13 7WB,SEPD,HV,1,TP0311,3,2026-07-04T15:39:50Z,2026-07-04T17:46:23Z,2.11
TW15 1BB,SEPD,HV,1,TP0311,3,2026-07-04T15:39:50Z,2026-07-04T17:46:23Z,2.11
TW16 5DA,SEPD,HV,1,TP0311,3,2026-07-04T15:39:50Z,2026-07-04T17:46:23Z,2.11
AB15 4PT,SHEPD,LV,1,TN6278,41,2026-07-01T16:00:46Z,2026-07-01T18:06:56Z,2.1
AB15 4YG,SHEPD,LV,1,TN6278,41,2026-07-01T16:00:46Z,2026-07-01T18:06:56Z,2.1
AB15 4YH,SHEPD,LV,1,TN6278,41,2026-07-01T16:00:46Z,2026-07-01T18:06:56Z,2.1
AB15 4YQ,SHEPD,LV,1,TN6278,41,2026-07-01T16:00:46Z,2026-07-01T18:06:56Z,2.1
AB15 6BG,SHEPD,LV,1,TN6278,41,2026-07-01T16:00:46Z,2026-07-01T18:06:56Z,2.1
AB15 6BW,SHEPD,LV,1,TN6278,41,2026-07-01T16:00:46Z,2026-07-01T18:06:56Z,2.1
AB15 7XE,SHEPD,LV,1,TN6278,41,2026-07-01T16:00:46Z,2026-07-01T18:06:56Z,2.1
AB15 8BS,SHEPD,LV,1,TN6278,41,2026-07-01T16:00:46Z,2026-07-01T18:06:56Z,2.1
AB15 8BX,SHEPD,LV,1,TN6278,41,2026-07-01T16:00:46Z,2026-07-01T18:06:56Z,2.1
AB15 8DB,SHEPD,LV,1,TN6278,41,2026-07-01T16:00:46Z,2026-07-01T18:06:56Z,2.1
AB15 8DE,SHEPD,LV,1,TN6278,41,2026-07-01T16:00:46Z,2026-07-01T18:06:56Z,2.1
AB15 8JD,SHEPD,LV,1,TN6278,41,2026-07-01T16:00:46Z,2026-07-01T18:06:56Z,2.1
AB15 8JJ,SHEPD,LV,1,TN6278,41,2026-07-01T16:00:46Z,2026-07-01T18:06:56Z,2.1
DT1 1AF,SEPD,LV,1,TN6335,16,2026-07-01T16:00:46Z,2026-07-01T18:06:56Z,2.1
DT1 1AG,SEPD,LV,1,TN6335,16,2026-07-01T16:00:46Z,2026-07-01T18:06:56Z,2.1
DT1 1TP,SEPD,LV,1,TN6335,16,2026-07-01T16:00:46Z,2026-07-01T18:06:56Z,2.1
DT1 1UP,SEPD,LV,1,TN6335,16,2026-07-01T16:00:46Z,2026-07-01T18:06:56Z,2.1
SN10 3NR,SEPD,LV,1,TP2462,22,2026-07-06T16:44:02Z,2026-07-06T18:47:40Z,2.06
SN10 3NS,SEPD,LV,1,TP2462,22,2026-07-06T16:44:02Z,2026-07-06T18:47:40Z,2.06
SN10 3NT,SEPD,LV,1,TP2462,22,2026-07-06T16:44:02Z,2026-07-06T18:47:40Z,2.06
SN10 3NU,SEPD,LV,1,TP2462,22,2026-07-06T16:44:02Z,2026-07-06T18:47:40Z,2.06
SN10 3NX,SEPD,LV,1,TP2462,22,2026-07-06T16:44:02Z,2026-07-06T18:47:40Z,2.06
SN10 3NY,SEPD,LV,1,TP2462,22,2026-07-06T16:44:02Z,2026-07-06T18:47:40Z,2.06
SN10 3PA,SEPD,LV,1,TP2462,22,2026-07-06T16:44:02Z,2026-07-06T18:47:40Z,2.06
SN7 8AG,SEPD,HV,1,TP2524,174,2026-07-06T16:44:02Z,2026-07-06T18:47:40Z,2.06
SN7 8ES,SEPD,HV,1,TP2524,174,2026-07-06T16:44:02Z,2026-07-06T18:47:40Z,2.06
SN7 8ET,SEPD,HV,1,TP2524,174,2026-07-06T16:44:02Z,2026-07-06T18:47:40Z,2.06
SN7 8EU,SEPD,HV,1,TP2524,174,2026-07-06T16:44:02Z,2026-07-06T18:47:40Z,2.06
SN7 8EX,SEPD,HV,1,TP2524,174,2026-07-06T16:44:02Z,2026-07-06T18:47:40Z,2.06
SN7 8EZ,SEPD,HV,1,TP2524,174,2026-07-06T16:44:02Z,2026-07-06T18:47:40Z,2.06
SN7 8PL,SEPD,HV,1,TP2524,174,2026-07-06T16:44:02Z,2026-07-06T18:47:40Z,2.06
SO32 1DR,SEPD,HV,1,TP0907,33,2026-07-05T11:59:18Z,2026-07-05T14:00:24Z,2.02
SO32 2BH,SEPD,HV,1,TP0907,33,2026-07-05T11:59:18Z,2026-07-05T14:00:24Z,2.02
SO32 2LD,SEPD,HV,1,TP0907,33,2026-07-05T11:59:18Z,2026-07-05T14:00:24Z,2.02
SO32 2LE,SEPD,HV,1,TP0907,33,2026-07-05T11:59:18Z,2026-07-05T14:00:24Z,2.02
SO32 2LN,SEPD,HV,1,TP0907,33,2026-07-05T11:59:18Z,2026-07-05T14:00:24Z,2.02
SO32 2LQ,SEPD,HV,1,TP0907,33,2026-07-05T11:59:18Z,2026-07-05T14:00:24Z,2.02
SO32 2LR,SEPD,HV,1,TP0907,33,2026-07-05T11:59:18Z,2026-07-05T14:00:24Z,2.02
BA14 6QD,SEPD,LV,1,TN8969,35,2026-07-03T11:16:23Z,2026-07-03T13:16:44Z,2.01
BA14 6QE,SEPD,LV,1,TN8969,35,2026-07-03T11:16:23Z,2026-07-03T13:16:44Z,2.01
BA14 6QF,SEPD,LV,1,TN8969,35,2026-07-03T11:16:23Z,2026-07-03T13:16:44Z,2.01
BA14 6QG,SEPD,LV,1,TN8969,35,2026-07-03T11:16:23Z,2026-07-03T13:16:44Z,2.01
BA14 6QL,SEPD,LV,1,TN8969,35,2026-07-03T11:16:23Z,2026-07-03T13:16:44Z,2.01
BA14 6RA,SEPD,LV,1,TN8969,35,2026-07-03T11:16:23Z,2026-07-03T13:16:44Z,2.01
SL0 0NY,SEPD,"PSI,LV",2,"252884,TN4343",19,2026-06-30T17:14:57Z,2026-07-02T11:18:59Z,1.96
PA22 3AH,SHEPD,HV,1,TN4035,124,2026-06-30T17:14:57Z,2026-06-30T19:12:27Z,1.96
PA22 3AP,SHEPD,HV,1,TN4035,124,2026-06-30T17:14:57Z,2026-06-30T19:12:27Z,1.96
PA22 3AR,SHEPD,HV,1,TN4035,124,2026-06-30T17:14:57Z,2026-06-30T19:12:27Z,1.96
PA22 3AS,SHEPD,HV,1,TN4035,124,2026-06-30T17:14:57Z,2026-06-30T19:12:27Z,1.96
PA22 3AT,SHEPD,HV,1,TN4035,124,2026-06-30T17:14:57Z,2026-06-30T19:12:27Z,1.96
PA22 3AU,SHEPD,HV,1,TN4035,124,2026-06-30T17:14:57Z,2026-06-30T19:12:27Z,1.96
PA22 3AX,SHEPD,HV,1,TN4035,124,2026-06-30T17:14:57Z,2026-06-30T19:12:27Z,1.96
GL7,SEPD,HV,1,TN4525,214,2026-06-30T19:12:27Z,2026-06-30T21:06:42Z,1.9
GL7 3BB,SEPD,HV,1,TN4525,214,2026-06-30T19:12:27Z,2026-06-30T21:06:42Z,1.9
GL7 3EX,SEPD,HV,1,TN4525,214,2026-06-30T19:12:27Z,2026-06-30T21:06:42Z,1.9
GL7 3EY,SEPD,HV,1,TN4525,214,2026-06-30T19:12:27Z,2026-06-30T21:06:42Z,1.9
GL7 3EZ,SEPD,HV,1,TN4525,214,2026-06-30T19:12:27Z,2026-06-30T21:06:42Z,1.9
GL7 3FD,SEPD,HV,1,TN4525,214,2026-06-30T19:12:27Z,2026-06-30T21:06:42Z,1.9
GL7 3FE,SEPD,HV,1,TN4525,214,2026-06-30T19:12:27Z,2026-06-30T21:06:42Z,1.9
GL7 3GA,SEPD,HV,1,TN4525,214,2026-06-30T19:12:27Z,2026-06-30T21:06:42Z,1.9
GL7 3HA,SEPD,HV,1,TN4525,214,2026-06-30T19:12:27Z,2026-06-30T21:06:42Z,1.9
GL7 3HB,SEPD,HV,1,TN4525,214,2026-06-30T19:12:27Z,2026-06-30T21:06:42Z,1.9
GL7 3HU,SEPD,HV,1,TN4525,214,2026-06-30T19:12:27Z,2026-06-30T21:06:42Z,1.9
GL7 3HX,SEPD,HV,1,TN4525,214,2026-06-30T19:12:27Z,2026-06-30T21:06:42Z,1.9
GL7 3HY,SEPD,HV,1,TN4525,214,2026-06-30T19:12:27Z,2026-06-30T21:06:42Z,1.9
GL7 3HZ,SEPD,HV,1,TN4525,214,2026-06-30T19:12:27Z,2026-06-30T21:06:42Z,1.9
GL7 3JA,SEPD,HV,1,TN4525,214,2026-06-30T19:12:27Z,2026-06-30T21:06:42Z,1.9
GL7 3JB,SEPD,HV,1,TN4525,214,2026-06-30T19:12:27Z,2026-06-30T21:06:42Z,1.9
GL7 3JD,SEPD,HV,1,TN4525,214,2026-06-30T19:12:27Z,2026-06-30T21:06:42Z,1.9
GL7 3JE,SEPD,HV,1,TN4525,214,2026-06-30T19:12:27Z,2026-06-30T21:06:42Z,1.9
GL7 3JF,SEPD,HV,1,TN4525,214,2026-06-30T19:12:27Z,2026-06-30T21:06:42Z,1.9
GL7 3JG,SEPD,HV,1,TN4525,214,2026-06-30T19:12:27Z,2026-06-30T21:06:42Z,1.9
GL7 3JJ,SEPD,HV,1,TN4525,214,2026-06-30T19:12:27Z,2026-06-30T21:06:42Z,1.9
GL7 3JL,SEPD,HV,1,TN4525,214,2026-06-30T19:12:27Z,2026-06-30T21:06:42Z,1.9
GL7 3JN,SEPD,HV,1,TN4525,214,2026-06-30T19:12:27Z,2026-06-30T21:06:42Z,1.9
GL7 3JW,SEPD,HV,1,TN4525,214,2026-06-30T19:12:27Z,2026-06-30T21:06:42Z,1.9
GL7 3LG,SEPD,HV,1,TN4525,214,2026-06-30T19:12:27Z,2026-06-30T21:06:42Z,1.9
GL7 3LH,SEPD,HV,1,TN4525,214,2026-06-30T19:12:27Z,2026-06-30T21:06:42Z,1.9
GL7 3LQ,SEPD,HV,1,TN4525,214,2026-06-30T19:12:27Z,2026-06-30T21:06:42Z,1.9
GL7 3LR,SEPD,HV,1,TN4525,214,2026-06-30T19:12:27Z,2026-06-30T21:06:42Z,1.9
GL7 3LT,SEPD,HV,1,TN4525,214,2026-06-30T19:12:27Z,2026-06-30T21:06:42Z,1.9
GL7 3PY,SEPD,HV,1,TN4525,214,2026-06-30T19:12:27Z,2026-06-30T21:06:42Z,1.9
GL7 3QP,SEPD,HV,1,TN4525,214,2026-06-30T19:12:27Z,2026-06-30T21:06:42Z,1.9
GL7 3QQ,SEPD,HV,1,TN4525,214,2026-06-30T19:12:27Z,2026-06-30T21:06:42Z,1.9
GL7 3QS,SEPD,HV,1,TN4525,214,2026-06-30T19:12:27Z,2026-06-30T21:06:42Z,1.9
GL7 3QW,SEPD,HV,1,TN4525,214,2026-06-30T19:12:27Z,2026-06-30T21:06:42Z,1.9
GL7 3QY,SEPD,HV,1,TN4525,214,2026-06-30T19:12:27Z,2026-06-30T21:06:42Z,1.9
GL7 3QZ,SEPD,HV,1,TN4525,214,2026-06-30T19:12:27Z,2026-06-30T21:06:42Z,1.9
GL7 3RA,SEPD,HV,1,TN4525,214,2026-06-30T19:12:27Z,2026-06-30T21:06:42Z,1.9
GL7 3RD,SEPD,HV,1,TN4525,214,2026-06-30T19:12:27Z,2026-06-30T21:06:42Z,1.9
GL7 3RE,SEPD,HV,1,TN4525,214,2026-06-30T19:12:27Z,2026-06-30T21:06:42Z,1.9
GL7 3RF,SEPD,HV,1,TN4525,214,2026-06-30T19:12:27Z,2026-06-30T21:06:42Z,1.9
GL7 3RG,SEPD,HV,1,TN4525,214,2026-06-30T19:12:27Z,2026-06-30T21:06:42Z,1.9
OX18 4JN,SEPD,HV,1,TN4525,214,2026-06-30T19:12:27Z,2026-06-30T21:06:42Z,1.9
OX18 4JP,SEPD,HV,1,TN4525,214,2026-06-30T19:12:27Z,2026-06-30T21:06:42Z,1.9
OX18 4JR,SEPD,HV,1,TN4525,214,2026-06-30T19:12:27Z,2026-06-30T21:06:42Z,1.9
OX18 4JS,SEPD,HV,1,TN4525,214,2026-06-30T19:12:27Z,2026-06-30T21:06:42Z,1.9
OX18 4JT,SEPD,HV,1,TN4525,214,2026-06-30T19:12:27Z,2026-06-30T21:06:42Z,1.9
OX18 4JU,SEPD,HV,1,TN4525,214,2026-06-30T19:12:27Z,2026-06-30T21:06:42Z,1.9
OX18 4JW,SEPD,HV,1,TN4525,214,2026-06-30T19:12:27Z,2026-06-30T21:06:42Z,1.9
OX18 4JX,SEPD,HV,1,TN4525,214,2026-06-30T19:12:27Z,2026-06-30T21:06:42Z,1.9
OX18 4JY,SEPD,HV,1,TN4525,214,2026-06-30T19:12:27Z,2026-06-30T21:06:42Z,1.9
OX18 4JZ,SEPD,HV,1,TN4525,214,2026-06-30T19:12:27Z,2026-06-30T21:06:42Z,1.9
OX18 4LD,SEPD,HV,1,TN4525,214,2026-06-30T19:12:27Z,2026-06-30T21:06:42Z,1.9
RG21 3DA,SEPD,LV,1,TN1301,20,2026-06-30T19:12:27Z,2026-06-30T21:06:42Z,1.9
RG21 3DB,SEPD,LV,1,TN1301,20,2026-06-30T19:12:27Z,2026-06-30T21:06:42Z,1.9
RG21 3DD,SEPD,LV,1,TN1301,20,2026-06-30T19:12:27Z,2026-06-30T21:06:42Z,1.9
RG21 3DE,SEPD,LV,1,TN1301,20,2026-06-30T19:12:27Z,2026-06-30T21:06:42Z,1.9
RG21 3DJ,SEPD,LV,1,TN1301,20,2026-06-30T19:12:27Z,2026-06-30T21:06:42Z,1.9
IV54 8XX,SHEPD,PSI,2,"252069,252308",155,2026-07-01T10:33:26Z,2026-07-02T13:12:33Z,1.89
SN14 0RE,SEPD,"PSI,LV",2,"251959,TP2290",16,2026-07-02T11:18:59Z,2026-07-06T13:35:12Z,1.89
SN14 0RF,SEPD,"PSI,LV",2,"251959,TP2290",16,2026-07-02T11:18:59Z,2026-07-06T13:35:12Z,1.89
SN14 0RQ,SEPD,"PSI,LV",2,"251959,TP2290",16,2026-07-02T11:18:59Z,2026-07-06T13:35:12Z,1.89
SN14 0SQ,SEPD,"PSI,LV",2,"251959,TP2290",16,2026-07-02T11:18:59Z,2026-07-06T13:35:12Z,1.89
AB30 1JS,SHEPD,PSI,1,251478,17,2026-07-02T11:18:59Z,2026-07-02T13:12:33Z,1.89
AB30 1SJ,SHEPD,PSI,1,251478,17,2026-07-02T11:18:59Z,2026-07-02T13:12:33Z,1.89
AB30 1SL,SHEPD,PSI,1,251478,17,2026-07-02T11:18:59Z,2026-07-02T13:12:33Z,1.89
BH17 7XU,SEPD,PSI,1,252990,6,2026-07-02T11:18:59Z,2026-07-02T13:12:33Z,1.89
DT10 2DH,SEPD,PSI,1,251347,135,2026-07-02T11:18:59Z,2026-07-02T13:12:33Z,1.89
DT10 2DQ,SEPD,PSI,1,251347,135,2026-07-02T11:18:59Z,2026-07-02T13:12:33Z,1.89
DT10 2EU,SEPD,PSI,1,251347,135,2026-07-02T11:18:59Z,2026-07-02T13:12:33Z,1.89
DT10 2HN,SEPD,PSI,1,251347,135,2026-07-02T11:18:59Z,2026-07-02T13:12:33Z,1.89
DT10 2HP,SEPD,PSI,1,251347,135,2026-07-02T11:18:59Z,2026-07-02T13:12:33Z,1.89
DT10 2HW,SEPD,PSI,1,251347,135,2026-07-02T11:18:59Z,2026-07-02T13:12:33Z,1.89
DT10 2JQ,SEPD,PSI,1,251347,135,2026-07-02T11:18:59Z,2026-07-02T13:12:33Z,1.89
DT10 2PX,SEPD,PSI,1,251347,135,2026-07-02T11:18:59Z,2026-07-02T13:12:33Z,1.89
DT9 4PZ,SEPD,PSI,1,252302,15,2026-07-02T11:18:59Z,2026-07-02T13:12:33Z,1.89
GL7 5DD,SEPD,PSI,1,251742,26,2026-07-02T11:18:59Z,2026-07-02T13:12:33Z,1.89
GL7 5DE,SEPD,PSI,1,251742,26,2026-07-02T11:18:59Z,2026-07-02T13:12:33Z,1.89
GL7 5DF,SEPD,PSI,1,251742,26,2026-07-02T11:18:59Z,2026-07-02T13:12:33Z,1.89
GL7 5DG,SEPD,PSI,1,251742,26,2026-07-02T11:18:59Z,2026-07-02T13:12:33Z,1.89
GU34 3HN,SEPD,PSI,1,251984,4,2026-07-02T11:18:59Z,2026-07-02T13:12:33Z,1.89
GU34 3HW,SEPD,PSI,1,251984,4,2026-07-02T11:18:59Z,2026-07-02T13:12:33Z,1.89
HS2 0DD,SHEPD,LV,1,TN7476,5,2026-07-02T11:18:59Z,2026-07-02T13:12:33Z,1.89
HS2 0DF,SHEPD,LV,1,TN7476,5,2026-07-02T11:18:59Z,2026-07-02T13:12:33Z,1.89
HS2 0DG,SHEPD,LV,1,TN7476,5,2026-07-02T11:18:59Z,2026-07-02T13:12:33Z,1.89
IV54 8XH,SHEPD,PSI,1,252069,56,2026-07-02T11:18:59Z,2026-07-02T13:12:33Z,1.89
IV54 8XU,SHEPD,PSI,1,252069,56,2026-07-02T11:18:59Z,2026-07-02T13:12:33Z,1.89
PH13 9ND,SHEPD,PSI,1,251480,6,2026-07-02T11:18:59Z,2026-07-02T13:12:33Z,1.89
PH13 9NY,SHEPD,PSI,1,251480,6,2026-07-02T11:18:59Z,2026-07-02T13:12:33Z,1.89
PH7 3NQ,SHEPD,HV,1,TN7295,4,2026-07-02T11:18:59Z,2026-07-02T13:12:33Z,1.89
PH7 3QZ,SHEPD,HV,1,TN7295,4,2026-07-02T11:18:59Z,2026-07-02T13:12:33Z,1.89
PO22 0JX,SEPD,LV,1,TN7512,12,2026-07-02T11:18:59Z,2026-07-02T13:12:33Z,1.89
PO22 0LR,SEPD,LV,1,TN7512,12,2026-07-02T11:18:59Z,2026-07-02T13:12:33Z,1.89
RG14 5JA,SEPD,LV,1,TN6797,33,2026-07-02T11:18:59Z,2026-07-02T13:12:33Z,1.89
RG14 5JF,SEPD,LV,1,TN6797,33,2026-07-02T11:18:59Z,2026-07-02T13:12:33Z,1.89
RG14 5JZ,SEPD,LV,1,TN6797,33,2026-07-02T11:18:59Z,2026-07-02T13:12:33Z,1.89
RG14 5NE,SEPD,LV,1,TN6797,33,2026-07-02T11:18:59Z,2026-07-02T13:12:33Z,1.89
RG14 5NG,SEPD,LV,1,TN6797,33,2026-07-02T11:18:59Z,2026-07-02T13:12:33Z,1.89
RG14 5NH,SEPD,LV,1,TN6797,33,2026-07-02T11:18:59Z,2026-07-02T13:12:33Z,1.89
RG14 7BE,SEPD,LV,1,TN6797,33,2026-07-02T11:18:59Z,2026-07-02T13:12:33Z,1.89
RG5 4BA,SEPD,LV,1,TN7437,13,2026-07-02T11:18:59Z,2026-07-02T13:12:33Z,1.89
RG5 4DT,SEPD,LV,1,TN7437,13,2026-07-02T11:18:59Z,2026-07-02T13:12:33Z,1.89
RG7 5EU,SEPD,PSI,1,252135,6,2026-07-02T11:18:59Z,2026-07-02T13:12:33Z,1.89
RG8 8EF,SEPD,PSI,1,252135,6,2026-07-02T11:18:59Z,2026-07-02T13:12:33Z,1.89
SP6 3JS,SEPD,PSI,1,252876,33,2026-07-02T11:18:59Z,2026-07-02T13:12:33Z,1.89
SP6 3LA,SEPD,PSI,1,252876,33,2026-07-02T11:18:59Z,2026-07-02T13:12:33Z,1.89
SP6 3LJ,SEPD,PSI,1,252876,33,2026-07-02T11:18:59Z,2026-07-02T13:12:33Z,1.89
SP6 3LN,SEPD,PSI,1,252876,33,2026-07-02T11:18:59Z,2026-07-02T13:12:33Z,1.89
SP6 3LR,SEPD,PSI,1,252876,33,2026-07-02T11:18:59Z,2026-07-02T13:12:33Z,1.89
TW5 0PF,SEPD,LV,1,TN6952,38,2026-07-02T11:18:59Z,2026-07-02T13:12:33Z,1.89
TW5 0PJ,SEPD,LV,1,TN6952,38,2026-07-02T11:18:59Z,2026-07-02T13:12:33Z,1.89
TW5 0PL,SEPD,LV,1,TN6952,38,2026-07-02T11:18:59Z,2026-07-02T13:12:33Z,1.89
TW5 0QJ,SEPD,LV,1,TN6952,38,2026-07-02T11:18:59Z,2026-07-02T13:12:33Z,1.89
BH25 5EY,SEPD,LV,1,TN6197,32,2026-07-01T20:13:43Z,2026-07-01T21:54:21Z,1.68
DT1 1TU,SEPD,LV,1,TN6335,16,2026-07-01T20:13:43Z,2026-07-01T21:54:21Z,1.68
DT3 5EN,SEPD,LV,1,TN6561,21,2026-07-01T20:13:43Z,2026-07-01T21:54:21Z,1.68
DT3 5ET,SEPD,LV,1,TN6561,21,2026-07-01T20:13:43Z,2026-07-01T21:54:21Z,1.68
DT3 5EU,SEPD,LV,1,TN6561,21,2026-07-01T20:13:43Z,2026-07-01T21:54:21Z,1.68
DT3 5EW,SEPD,LV,1,TN6561,21,2026-07-01T20:13:43Z,2026-07-01T21:54:21Z,1.68
DT3 5EX,SEPD,LV,1,TN6561,21,2026-07-01T20:13:43Z,2026-07-01T21:54:21Z,1.68
DT3 5EZ,SEPD,LV,1,TN6561,21,2026-07-01T20:13:43Z,2026-07-01T21:54:21Z,1.68
DD10 9TQ,SHEPD,PSI,1,252054,3,2026-07-02T23:50:26Z,2026-07-03T01:29:40Z,1.65
DT3 4ET,SEPD,LV,1,TM8795,14,2026-07-02T23:50:26Z,2026-07-03T01:29:40Z,1.65
DT3 4HD,SEPD,LV,1,TM8795,14,2026-07-02T23:50:26Z,2026-07-03T01:29:40Z,1.65
DT3 4LH,SEPD,LV,1,TM8795,14,2026-07-02T23:50:26Z,2026-07-03T01:29:40Z,1.65
DT3 4LQ,SEPD,LV,1,TM8795,14,2026-07-02T23:50:26Z,2026-07-03T01:29:40Z,1.65
SN14 6LH,SEPD,LV,1,TN8030,2,2026-07-02T17:14:38Z,2026-07-02T18:52:49Z,1.64
SP6 1LX,SEPD,HV,1,TN8057,10,2026-07-02T17:14:38Z,2026-07-02T18:52:49Z,1.64
SP6 3HN,SEPD,HV,1,TN8057,10,2026-07-02T17:14:38Z,2026-07-02T18:52:49Z,1.64
SP6 3HT,SEPD,HV,1,TN8057,10,2026-07-02T17:14:38Z,2026-07-02T18:52:49Z,1.64
SP6 3HW,SEPD,HV,1,TN8057,10,2026-07-02T17:14:38Z,2026-07-02T18:52:49Z,1.64
BA12 0EA,SEPD,HV,1,TN9579,115,2026-07-03T18:19:37Z,2026-07-03T19:54:45Z,1.59
BA12 0EB,SEPD,HV,1,TN9579,115,2026-07-03T18:19:37Z,2026-07-03T19:54:45Z,1.59
BA12 0EJ,SEPD,HV,1,TN9579,115,2026-07-03T18:19:37Z,2026-07-03T19:54:45Z,1.59
BA12 0EL,SEPD,HV,1,TN9579,115,2026-07-03T18:19:37Z,2026-07-03T19:54:45Z,1.59
BA12 0EQ,SEPD,HV,1,TN9579,115,2026-07-03T18:19:37Z,2026-07-03T19:54:45Z,1.59
BA12 0ES,SEPD,HV,1,TN9579,115,2026-07-03T18:19:37Z,2026-07-03T19:54:45Z,1.59
BA12 0ET,SEPD,HV,1,TN9579,115,2026-07-03T18:19:37Z,2026-07-03T19:54:45Z,1.59
BA12 0EY,SEPD,HV,1,TN9579,115,2026-07-03T18:19:37Z,2026-07-03T19:54:45Z,1.59
BA12 0HA,SEPD,HV,1,TN9579,115,2026-07-03T18:19:37Z,2026-07-03T19:54:45Z,1.59
BH24 3BL,SEPD,PSI,1,252124,13,2026-07-05T10:31:32Z,2026-07-05T11:59:18Z,1.46
PH5 2BH,SHEPD,HV,1,TN8127,53,2026-07-02T18:52:49Z,2026-07-02T20:15:58Z,1.39
PH5 2BJ,SHEPD,HV,1,TN8127,53,2026-07-02T18:52:49Z,2026-07-02T20:15:58Z,1.39
PH5 2BL,SHEPD,HV,1,TN8127,53,2026-07-02T18:52:49Z,2026-07-02T20:15:58Z,1.39
PH5 2BN,SHEPD,HV,1,TN8127,53,2026-07-02T18:52:49Z,2026-07-02T20:15:58Z,1.39
PH7 3QL,SHEPD,HV,1,TN8127,53,2026-07-02T18:52:49Z,2026-07-02T20:15:58Z,1.39
PH7 3QN,SHEPD,HV,1,TN8127,53,2026-07-02T18:52:49Z,2026-07-02T20:15:58Z,1.39
PH7 3QP,SHEPD,HV,1,TN8127,53,2026-07-02T18:52:49Z,2026-07-02T20:15:58Z,1.39
PH7 3QW,SHEPD,HV,1,TN8127,53,2026-07-02T18:52:49Z,2026-07-02T20:15:58Z,1.39
PH7 3RF,SHEPD,HV,1,TN8127,53,2026-07-02T18:52:49Z,2026-07-02T20:15:58Z,1.39
PH7 3RH,SHEPD,HV,1,TN8127,53,2026-07-02T18:52:49Z,2026-07-02T20:15:58Z,1.39
SO41 8YG,SEPD,LV,1,TN8151,14,2026-07-02T20:15:58Z,2026-07-02T21:37:48Z,1.36
SO41 8YH,SEPD,LV,1,TN8151,14,2026-07-02T20:15:58Z,2026-07-02T21:37:48Z,1.36
AB21 9LQ,SHEPD,LV,3,"TN8647,TN9504,TP2007",77,2026-07-03T08:37:43Z,2026-07-06T13:35:12Z,1.34
AB21 9LR,SHEPD,LV,1,TN9504,28,2026-07-03T16:59:17Z,2026-07-03T18:19:37Z,1.34
AB21 9LS,SHEPD,LV,1,TN9504,28,2026-07-03T16:59:17Z,2026-07-03T18:19:37Z,1.34
AB21 9LT,SHEPD,LV,1,TN9504,28,2026-07-03T16:59:17Z,2026-07-03T18:19:37Z,1.34
SP3 5DA,SEPD,HV,1,TP1205,40,2026-07-05T18:45:34Z,2026-07-05T20:03:20Z,1.3
SP3 5DB,SEPD,HV,1,TP1205,40,2026-07-05T18:45:34Z,2026-07-05T20:03:20Z,1.3
SP3 5DD,SEPD,HV,1,TP1205,40,2026-07-05T18:45:34Z,2026-07-05T20:03:20Z,1.3
SP3 5DE,SEPD,HV,1,TP1205,40,2026-07-05T18:45:34Z,2026-07-05T20:03:20Z,1.3
SP3 5DF,SEPD,HV,1,TP1205,40,2026-07-05T18:45:34Z,2026-07-05T20:03:20Z,1.3
SP3 5DG,SEPD,HV,1,TP1205,40,2026-07-05T18:45:34Z,2026-07-05T20:03:20Z,1.3
SP3 5DL,SEPD,HV,1,TP1205,40,2026-07-05T18:45:34Z,2026-07-05T20:03:20Z,1.3
SP3 5DS,SEPD,HV,1,TP1205,40,2026-07-05T18:45:34Z,2026-07-05T20:03:20Z,1.3
GU20 6AB,SEPD,HV,1,TP0224,633,2026-07-04T14:22:40Z,2026-07-04T15:39:50Z,1.29
GU20 6AD,SEPD,HV,1,TP0224,633,2026-07-04T14:22:40Z,2026-07-04T15:39:50Z,1.29
GU20 6BE,SEPD,HV,1,TP0224,633,2026-07-04T14:22:40Z,2026-07-04T15:39:50Z,1.29
GU20 6JL,SEPD,HV,1,TP0224,633,2026-07-04T14:22:40Z,2026-07-04T15:39:50Z,1.29
GU20 6JN,SEPD,HV,1,TP0224,633,2026-07-04T14:22:40Z,2026-07-04T15:39:50Z,1.29
GU20 6JP,SEPD,HV,1,TP0224,633,2026-07-04T14:22:40Z,2026-07-04T15:39:50Z,1.29
GU20 6JR,SEPD,HV,1,TP0224,633,2026-07-04T14:22:40Z,2026-07-04T15:39:50Z,1.29
GU20 6JS,SEPD,HV,1,TP0224,633,2026-07-04T14:22:40Z,2026-07-04T15:39:50Z,1.29
GU20 6JT,SEPD,HV,1,TP0224,633,2026-07-04T14:22:40Z,2026-07-04T15:39:50Z,1.29
GU20 6JU,SEPD,HV,1,TP0224,633,2026-07-04T14:22:40Z,2026-07-04T15:39:50Z,1.29
GU20 6JW,SEPD,HV,1,TP0224,633,2026-07-04T14:22:40Z,2026-07-04T15:39:50Z,1.29
GU20 6JX,SEPD,HV,1,TP0224,633,2026-07-04T14:22:40Z,2026-07-04T15:39:50Z,1.29
GU20 6JY,SEPD,HV,1,TP0224,633,2026-07-04T14:22:40Z,2026-07-04T15:39:50Z,1.29
GU20 6JZ,SEPD,HV,1,TP0224,633,2026-07-04T14:22:40Z,2026-07-04T15:39:50Z,1.29
GU20 6LA,SEPD,HV,1,TP0224,633,2026-07-04T14:22:40Z,2026-07-04T15:39:50Z,1.29
GU20 6LD,SEPD,HV,1,TP0224,633,2026-07-04T14:22:40Z,2026-07-04T15:39:50Z,1.29
GU20 6LE,SEPD,HV,1,TP0224,633,2026-07-04T14:22:40Z,2026-07-04T15:39:50Z,1.29
GU20 6LF,SEPD,HV,1,TP0224,633,2026-07-04T14:22:40Z,2026-07-04T15:39:50Z,1.29
GU20 6LG,SEPD,HV,1,TP0224,633,2026-07-04T14:22:40Z,2026-07-04T15:39:50Z,1.29
GU20 6LH,SEPD,HV,1,TP0224,633,2026-07-04T14:22:40Z,2026-07-04T15:39:50Z,1.29
GU20 6LJ,SEPD,HV,1,TP0224,633,2026-07-04T14:22:40Z,2026-07-04T15:39:50Z,1.29
GU20 6LN,SEPD,HV,1,TP0224,633,2026-07-04T14:22:40Z,2026-07-04T15:39:50Z,1.29
GU20 6LQ,SEPD,HV,1,TP0224,633,2026-07-04T14:22:40Z,2026-07-04T15:39:50Z,1.29
GU20 6LS,SEPD,HV,1,TP0224,633,2026-07-04T14:22:40Z,2026-07-04T15:39:50Z,1.29
GU20 6LT,SEPD,HV,1,TP0224,633,2026-07-04T14:22:40Z,2026-07-04T15:39:50Z,1.29
GU20 6LU,SEPD,HV,1,TP0224,633,2026-07-04T14:22:40Z,2026-07-04T15:39:50Z,1.29
GU20 6LW,SEPD,HV,1,TP0224,633,2026-07-04T14:22:40Z,2026-07-04T15:39:50Z,1.29
GU20 6LX,SEPD,HV,1,TP0224,633,2026-07-04T14:22:40Z,2026-07-04T15:39:50Z,1.29
GU20 6NA,SEPD,HV,1,TP0224,633,2026-07-04T14:22:40Z,2026-07-04T15:39:50Z,1.29
GU20 6NB,SEPD,HV,1,TP0224,633,2026-07-04T14:22:40Z,2026-07-04T15:39:50Z,1.29
GU20 6NE,SEPD,HV,1,TP0224,633,2026-07-04T14:22:40Z,2026-07-04T15:39:50Z,1.29
GU20 6NF,SEPD,HV,1,TP0224,633,2026-07-04T14:22:40Z,2026-07-04T15:39:50Z,1.29
GU20 6NG,SEPD,HV,1,TP0224,633,2026-07-04T14:22:40Z,2026-07-04T15:39:50Z,1.29
GU20 6NQ,SEPD,HV,1,TP0224,633,2026-07-04T14:22:40Z,2026-07-04T15:39:50Z,1.29
GU20 6PE,SEPD,HV,1,TP0224,633,2026-07-04T14:22:40Z,2026-07-04T15:39:50Z,1.29
GU20 6PF,SEPD,HV,1,TP0224,633,2026-07-04T14:22:40Z,2026-07-04T15:39:50Z,1.29
GU20 6PG,SEPD,HV,1,TP0224,633,2026-07-04T14:22:40Z,2026-07-04T15:39:50Z,1.29
GU20 6PJ,SEPD,HV,1,TP0224,633,2026-07-04T14:22:40Z,2026-07-04T15:39:50Z,1.29
GU20 6PL,SEPD,HV,1,TP0224,633,2026-07-04T14:22:40Z,2026-07-04T15:39:50Z,1.29
GU20 6PP,SEPD,HV,1,TP0224,633,2026-07-04T14:22:40Z,2026-07-04T15:39:50Z,1.29
GU20 6PR,SEPD,HV,1,TP0224,633,2026-07-04T14:22:40Z,2026-07-04T15:39:50Z,1.29
SL5 9BD,SEPD,HV,1,TP0224,633,2026-07-04T14:22:40Z,2026-07-04T15:39:50Z,1.29
SL5 9BG,SEPD,HV,1,TP0224,633,2026-07-04T14:22:40Z,2026-07-04T15:39:50Z,1.29
SL5 9BH,SEPD,HV,1,TP0224,633,2026-07-04T14:22:40Z,2026-07-04T15:39:50Z,1.29
SL5 9BJ,SEPD,HV,1,TP0224,633,2026-07-04T14:22:40Z,2026-07-04T15:39:50Z,1.29
SL5 9BQ,SEPD,HV,1,TP0224,633,2026-07-04T14:22:40Z,2026-07-04T15:39:50Z,1.29
SP6 1LD,SEPD,LV,1,TP0261,24,2026-07-04T14:22:40Z,2026-07-04T15:39:50Z,1.29
SP6 1LE,SEPD,LV,1,TP0261,24,2026-07-04T14:22:40Z,2026-07-04T15:39:50Z,1.29
SP6 1LF,SEPD,LV,1,TP0261,24,2026-07-04T14:22:40Z,2026-07-04T15:39:50Z,1.29
SP6 1LG,SEPD,LV,1,TP0261,24,2026-07-04T14:22:40Z,2026-07-04T15:39:50Z,1.29
SP6 1QR,SEPD,LV,1,TP0261,24,2026-07-04T14:22:40Z,2026-07-04T15:39:50Z,1.29
AB51 8UA,SHEPD,HV,1,TN9712,112,2026-07-03T21:16:29Z,2026-07-03T22:29:50Z,1.22
AB51 8UD,SHEPD,HV,1,TN9712,112,2026-07-03T21:16:29Z,2026-07-03T22:29:50Z,1.22
AB51 8YD,SHEPD,HV,1,TN9712,112,2026-07-03T21:16:29Z,2026-07-03T22:29:50Z,1.22
AB51 8YE,SHEPD,HV,1,TN9712,112,2026-07-03T21:16:29Z,2026-07-03T22:29:50Z,1.22
AB51 8YH,SHEPD,HV,1,TN9712,112,2026-07-03T21:16:29Z,2026-07-03T22:29:50Z,1.22
AB51 8ZA,SHEPD,HV,1,TN9712,112,2026-07-03T21:16:29Z,2026-07-03T22:29:50Z,1.22
AB51 8ZD,SHEPD,HV,1,TN9712,112,2026-07-03T21:16:29Z,2026-07-03T22:29:50Z,1.22
AB51 8ZE,SHEPD,HV,1,TN9712,112,2026-07-03T21:16:29Z,2026-07-03T22:29:50Z,1.22
AB51 8ZF,SHEPD,HV,1,TN9712,112,2026-07-03T21:16:29Z,2026-07-03T22:29:50Z,1.22
AB51 8ZG,SHEPD,HV,1,TN9712,112,2026-07-03T21:16:29Z,2026-07-03T22:29:50Z,1.22
AB51 8ZH,SHEPD,HV,1,TN9712,112,2026-07-03T21:16:29Z,2026-07-03T22:29:50Z,1.22
GU35 0PB,SEPD,LV,1,TN9282,8,2026-07-03T21:16:29Z,2026-07-03T22:29:50Z,1.22
GU35 0PD,SEPD,LV,1,TN9282,8,2026-07-03T21:16:29Z,2026-07-03T22:29:50Z,1.22
GU35 8PE,SEPD,LV,1,TN9282,8,2026-07-03T21:16:29Z,2026-07-03T22:29:50Z,1.22
GU35 8PF,SEPD,LV,1,TN9282,8,2026-07-03T21:16:29Z,2026-07-03T22:29:50Z,1.22
PO8 9QL,SEPD,LV,2,"TN8411,TP1342",26,2026-07-03T05:32:53Z,2026-07-05T23:37:56Z,1.18
PO8 9QN,SEPD,LV,2,"TN8411,TP1342",26,2026-07-03T05:32:53Z,2026-07-05T23:37:56Z,1.18
PO8 9QQ,SEPD,LV,2,"TN8411,TP1342",26,2026-07-03T05:32:53Z,2026-07-05T23:37:56Z,1.18
PO8 9QS,SEPD,LV,2,"TN8411,TP1342",26,2026-07-03T05:32:53Z,2026-07-05T23:37:56Z,1.18
PO8 9US,SEPD,LV,2,"TN8411,TP1342",26,2026-07-03T05:32:53Z,2026-07-05T23:37:56Z,1.18
AB51 5HA,SHEPD,HV,1,TP1104,28,2026-07-05T15:21:29Z,2026-07-05T16:31:54Z,1.17
AB51 5HU,SHEPD,HV,1,TP1104,28,2026-07-05T15:21:29Z,2026-07-05T16:31:54Z,1.17
AB51 5HX,SHEPD,HV,1,TP1104,28,2026-07-05T15:21:29Z,2026-07-05T16:31:54Z,1.17
AB51 5HY,SHEPD,HV,1,TP1104,28,2026-07-05T15:21:29Z,2026-07-05T16:31:54Z,1.17
AB51 5JA,SHEPD,HV,1,TP1104,28,2026-07-05T15:21:29Z,2026-07-05T16:31:54Z,1.17
AB51 5JL,SHEPD,HV,1,TP1104,28,2026-07-05T15:21:29Z,2026-07-05T16:31:54Z,1.17
AB51 5JQ,SHEPD,HV,1,TP1104,28,2026-07-05T15:21:29Z,2026-07-05T16:31:54Z,1.17
AB51 5JS,SHEPD,HV,1,TP1104,28,2026-07-05T15:21:29Z,2026-07-05T16:31:54Z,1.17
AB51 5JY,SHEPD,HV,1,TP1104,28,2026-07-05T15:21:29Z,2026-07-05T16:31:54Z,1.17
AB51 5LA,SHEPD,HV,1,TP1104,28,2026-07-05T15:21:29Z,2026-07-05T16:31:54Z,1.17
AB51 5LB,SHEPD,HV,1,TP1104,28,2026-07-05T15:21:29Z,2026-07-05T16:31:54Z,1.17
AB51 5LD,SHEPD,HV,1,TP1104,28,2026-07-05T15:21:29Z,2026-07-05T16:31:54Z,1.17
AB51 5LY,SHEPD,HV,1,TP1104,28,2026-07-05T15:21:29Z,2026-07-05T16:31:54Z,1.17
AB45 2AA,SHEPD,HV,1,TP0509,16,2026-07-04T20:01:19Z,2026-07-04T21:11:03Z,1.16
AB45 2AE,SHEPD,HV,1,TP0509,16,2026-07-04T20:01:19Z,2026-07-04T21:11:03Z,1.16
AB45 2JT,SHEPD,HV,1,TP0509,16,2026-07-04T20:01:19Z,2026-07-04T21:11:03Z,1.16
AB45 2LD,SHEPD,HV,1,TP0509,16,2026-07-04T20:01:19Z,2026-07-04T21:11:03Z,1.16
AB45 2LJ,SHEPD,HV,1,TP0509,16,2026-07-04T20:01:19Z,2026-07-04T21:11:03Z,1.16
AB45 2LL,SHEPD,HV,1,TP0509,16,2026-07-04T20:01:19Z,2026-07-04T21:11:03Z,1.16
AB45 2LN,SHEPD,HV,1,TP0509,16,2026-07-04T20:01:19Z,2026-07-04T21:11:03Z,1.16
AB45 2LP,SHEPD,HV,1,TP0509,16,2026-07-04T20:01:19Z,2026-07-04T21:11:03Z,1.16
AB45 2LQ,SHEPD,HV,1,TP0509,16,2026-07-04T20:01:19Z,2026-07-04T21:11:03Z,1.16
AB45 2LR,SHEPD,HV,1,TP0509,16,2026-07-04T20:01:19Z,2026-07-04T21:11:03Z,1.16
AB45 2LS,SHEPD,HV,1,TP0509,16,2026-07-04T20:01:19Z,2026-07-04T21:11:03Z,1.16
AB45 2RD,SHEPD,HV,1,TP0509,16,2026-07-04T20:01:19Z,2026-07-04T21:11:03Z,1.16
AB45 2SS,SHEPD,HV,1,TP0509,16,2026-07-04T20:01:19Z,2026-07-04T21:11:03Z,1.16
AB45 2SX,SHEPD,HV,1,TP0509,16,2026-07-04T20:01:19Z,2026-07-04T21:11:03Z,1.16
AB45 2TA,SHEPD,HV,1,TP0509,16,2026-07-04T20:01:19Z,2026-07-04T21:11:03Z,1.16
AB45 2TB,SHEPD,HV,1,TP0509,16,2026-07-04T20:01:19Z,2026-07-04T21:11:03Z,1.16
AB45 2TD,SHEPD,HV,1,TP0509,16,2026-07-04T20:01:19Z,2026-07-04T21:11:03Z,1.16
AB45 2TJ,SHEPD,HV,1,TP0509,16,2026-07-04T20:01:19Z,2026-07-04T21:11:03Z,1.16
AB45 2TL,SHEPD,HV,1,TP0509,16,2026-07-04T20:01:19Z,2026-07-04T21:11:03Z,1.16
AB45 2TN,SHEPD,HV,1,TP0509,16,2026-07-04T20:01:19Z,2026-07-04T21:11:03Z,1.16
AB45 2TP,SHEPD,HV,1,TP0509,16,2026-07-04T20:01:19Z,2026-07-04T21:11:03Z,1.16
AB45 2YQ,SHEPD,HV,1,TP0509,16,2026-07-04T20:01:19Z,2026-07-04T21:11:03Z,1.16
RG7 1TJ,SEPD,HV,1,TP0581,112,2026-07-04T20:01:19Z,2026-07-04T21:11:03Z,1.16
RG7 2HU,SEPD,HV,1,TP0581,112,2026-07-04T20:01:19Z,2026-07-04T21:11:03Z,1.16
RG7 6AR,SEPD,HV,1,TP0581,112,2026-07-04T20:01:19Z,2026-07-04T21:11:03Z,1.16
RG7 6AS,SEPD,HV,1,TP0581,112,2026-07-04T20:01:19Z,2026-07-04T21:11:03Z,1.16
RG7 6AU,SEPD,HV,1,TP0581,112,2026-07-04T20:01:19Z,2026-07-04T21:11:03Z,1.16
RG7 6AW,SEPD,HV,1,TP0581,112,2026-07-04T20:01:19Z,2026-07-04T21:11:03Z,1.16
RG7 6AX,SEPD,HV,1,TP0581,112,2026-07-04T20:01:19Z,2026-07-04T21:11:03Z,1.16
RG7 6BB,SEPD,HV,1,TP0581,112,2026-07-04T20:01:19Z,2026-07-04T21:11:03Z,1.16
RG7 6BD,SEPD,HV,1,TP0581,112,2026-07-04T20:01:19Z,2026-07-04T21:11:03Z,1.16
RG7 6BE,SEPD,HV,1,TP0581,112,2026-07-04T20:01:19Z,2026-07-04T21:11:03Z,1.16
RG7 6BG,SEPD,HV,1,TP0581,112,2026-07-04T20:01:19Z,2026-07-04T21:11:03Z,1.16
RG7 6BH,SEPD,HV,1,TP0581,112,2026-07-04T20:01:19Z,2026-07-04T21:11:03Z,1.16
RG7 6BL,SEPD,HV,1,TP0581,112,2026-07-04T20:01:19Z,2026-07-04T21:11:03Z,1.16
RG7 6BN,SEPD,HV,1,TP0581,112,2026-07-04T20:01:19Z,2026-07-04T21:11:03Z,1.16
RG7 6BP,SEPD,HV,1,TP0581,112,2026-07-04T20:01:19Z,2026-07-04T21:11:03Z,1.16
RG7 6BQ,SEPD,HV,1,TP0581,112,2026-07-04T20:01:19Z,2026-07-04T21:11:03Z,1.16
RG7 6BS,SEPD,HV,1,TP0581,112,2026-07-04T20:01:19Z,2026-07-04T21:11:03Z,1.16
RG7 6BT,SEPD,HV,1,TP0581,112,2026-07-04T20:01:19Z,2026-07-04T21:11:03Z,1.16
RG7 6BU,SEPD,HV,1,TP0581,112,2026-07-04T20:01:19Z,2026-07-04T21:11:03Z,1.16
RG7 6BW,SEPD,HV,1,TP0581,112,2026-07-04T20:01:19Z,2026-07-04T21:11:03Z,1.16
RG7 6BX,SEPD,HV,1,TP0581,112,2026-07-04T20:01:19Z,2026-07-04T21:11:03Z,1.16
RG7 6BY,SEPD,HV,1,TP0581,112,2026-07-04T20:01:19Z,2026-07-04T21:11:03Z,1.16
RG7 6BZ,SEPD,HV,1,TP0581,112,2026-07-04T20:01:19Z,2026-07-04T21:11:03Z,1.16
RG7 6DA,SEPD,HV,1,TP0581,112,2026-07-04T20:01:19Z,2026-07-04T21:11:03Z,1.16
RG7 6DD,SEPD,HV,1,TP0581,112,2026-07-04T20:01:19Z,2026-07-04T21:11:03Z,1.16
RG7 6DE,SEPD,HV,1,TP0581,112,2026-07-04T20:01:19Z,2026-07-04T21:11:03Z,1.16
RG7 6DF,SEPD,HV,1,TP0581,112,2026-07-04T20:01:19Z,2026-07-04T21:11:03Z,1.16
RG7 6DG,SEPD,HV,1,TP0581,112,2026-07-04T20:01:19Z,2026-07-04T21:11:03Z,1.16
RG7 6DH,SEPD,HV,1,TP0581,112,2026-07-04T20:01:19Z,2026-07-04T21:11:03Z,1.16
RG7 6DJ,SEPD,HV,1,TP0581,112,2026-07-04T20:01:19Z,2026-07-04T21:11:03Z,1.16
RG7 6EH,SEPD,HV,1,TP0581,112,2026-07-04T20:01:19Z,2026-07-04T21:11:03Z,1.16
HS5 3TL,SHEPD,HV,1,TN8201,31,2026-07-02T21:37:48Z,2026-07-02T22:45:43Z,1.13
HS5 3TN,SHEPD,HV,1,TN8201,31,2026-07-02T21:37:48Z,2026-07-02T22:45:43Z,1.13
HS5 3TS,SHEPD,HV,1,TN8201,31,2026-07-02T21:37:48Z,2026-07-02T22:45:43Z,1.13
HS5 3UA,SHEPD,HV,1,TN8201,31,2026-07-02T21:37:48Z,2026-07-02T22:45:43Z,1.13
AB15 6YH,SHEPD,LV,2,"TN9565,TP0130",8,2026-07-03T22:29:50Z,2026-07-04T12:51:06Z,1.09
AB15 6YS,SHEPD,LV,2,"TN9565,TP0130",8,2026-07-03T22:29:50Z,2026-07-04T12:51:06Z,1.09
SO21 3BJ,SEPD,LV,1,TP0062,5,2026-07-04T11:45:25Z,2026-07-04T12:51:06Z,1.09
SO45 5QW,SEPD,LV,1,TN9941,16,2026-07-04T11:45:25Z,2026-07-04T12:51:06Z,1.09
SO45 5QX,SEPD,LV,1,TN9941,16,2026-07-04T11:45:25Z,2026-07-04T12:51:06Z,1.09
SO45 5QY,SEPD,LV,1,TN9941,16,2026-07-04T11:45:25Z,2026-07-04T12:51:06Z,1.09
GU32 2BN,SEPD,LV,1,TN8196,7,2026-07-02T22:45:43Z,2026-07-02T23:50:26Z,1.08
GU32 2BS,SEPD,LV,1,TN8196,7,2026-07-02T22:45:43Z,2026-07-02T23:50:26Z,1.08
GU15 2PQ,SEPD,HV,2,"TP0552,TP0659",563,2026-07-04T21:11:03Z,2026-07-04T23:14:42Z,1.05
GU15 3YL,SEPD,HV,2,"TP0552,TP0659",563,2026-07-04T21:11:03Z,2026-07-04T23:14:42Z,1.05
TW16 7RR,SEPD,HV,1,TP0311,3,2026-07-04T15:39:50Z,2026-07-04T16:41:34Z,1.03
SL4 4YB,SEPD,LV,1,TP0648,5,2026-07-04T21:11:03Z,2026-07-04T22:11:34Z,1.01
SL4 4YE,SEPD,LV,1,TP0648,5,2026-07-04T21:11:03Z,2026-07-04T22:11:34Z,1.01
DD8 1SJ,SHEPD,HV,1,TP0433,10,2026-07-04T17:46:23Z,2026-07-04T18:45:16Z,0.98
IV2 6DH,SHEPD,HV,1,TN3400,18,2026-06-30T16:21:20Z,2026-06-30T17:14:57Z,0.89
IV3 8JN,SHEPD,HV,1,TN3400,18,2026-06-30T16:21:20Z,2026-06-30T17:14:57Z,0.89
IV3 8JX,SHEPD,HV,1,TN3400,18,2026-06-30T16:21:20Z,2026-06-30T17:14:57Z,0.89
DD5 4HF,SHEPD,LV,3,"TP1277,TP1365,TP1459",21,2026-07-05T20:03:20Z,2026-07-06T05:49:40Z,0.0
DD5 4HL,SHEPD,LV,3,"TP1277,TP1365,TP1459",21,2026-07-05T20:03:20Z,2026-07-06T05:49:40Z,0.0
DD5 4HP,SHEPD,LV,3,"TP1277,TP1365,TP1459",21,2026-07-05T20:03:20Z,2026-07-06T05:49:40Z,0.0
AB21 9AG,SHEPD,LV,2,"TN8647,TP2007",49,2026-07-03T08:37:43Z,2026-07-06T13:35:12Z,0.0
BH18 9LE,SEPD,LV,2,"TN9773,TP3927",38,2026-07-04T04:57:07Z,2026-07-07T13:52:22Z,0.0
BH18 9LF,SEPD,LV,2,"TN9773,TP3927",38,2026-07-04T04:57:07Z,2026-07-07T13:52:22Z,0.0
BH18 9LQ,SEPD,LV,2,"TN9773,TP3927",38,2026-07-04T04:57:07Z,2026-07-07T13:52:22Z,0.0
GU15 1LA,SEPD,LV,2,"TN5444,TP2744",22,2026-07-06T18:47:40Z,2026-07-06T18:47:40Z,0.0
GU15 1LB,SEPD,LV,2,"TN5444,TP2744",22,2026-07-06T18:47:40Z,2026-07-06T18:47:40Z,0.0
GU15 1LD,SEPD,LV,2,"TN5444,TP2744",22,2026-07-06T18:47:40Z,2026-07-06T18:47:40Z,0.0
GU15 3UT,SEPD,LV,2,"TN5444,TP2744",22,2026-07-06T18:47:40Z,2026-07-06T18:47:40Z,0.0
GU26 6DN,SEPD,HV,2,"TP1678,TP1803",224,2026-07-06T09:46:21Z,2026-07-06T13:35:12Z,0.0
GU26 6DU,SEPD,HV,2,"TP1678,TP1803",224,2026-07-06T09:46:21Z,2026-07-06T13:35:12Z,0.0
GU29 0PX,SEPD,PSI,2,"252097,252152",73,2026-07-02T11:18:59Z,2026-07-03T11:16:23Z,0.0
GU7 1XY,SEPD,LV,2,"TP0792,TP2859",104,2026-07-05T08:15:51Z,2026-07-06T22:03:59Z,0.0
GU7 1YB,SEPD,LV,2,"TP0792,TP2859",104,2026-07-05T08:15:51Z,2026-07-06T22:03:59Z,0.0
GU7 1YE,SEPD,LV,2,"TP0792,TP2859",104,2026-07-05T08:15:51Z,2026-07-06T22:03:59Z,0.0
GU7 1YF,SEPD,LV,2,"TP0792,TP2859",104,2026-07-05T08:15:51Z,2026-07-06T22:03:59Z,0.0
GU7 1YG,SEPD,LV,2,"TP0792,TP2859",104,2026-07-05T08:15:51Z,2026-07-06T22:03:59Z,0.0
GU7 1YJ,SEPD,LV,2,"TP0792,TP2859",104,2026-07-05T08:15:51Z,2026-07-06T22:03:59Z,0.0
GU7 1YQ,SEPD,LV,2,"TP0792,TP2859",104,2026-07-05T08:15:51Z,2026-07-06T22:03:59Z,0.0
GU7 1YR,SEPD,LV,2,"TP0792,TP2859",104,2026-07-05T08:15:51Z,2026-07-06T22:03:59Z,0.0
IV30 8SA,SHEPD,"HV,LV",2,"TN5666,TN7692",46,2026-07-01T10:33:26Z,2026-07-02T13:12:33Z,0.0
IV30 8SE,SHEPD,"HV,LV",2,"TN5666,TN7692",46,2026-07-01T10:33:26Z,2026-07-02T13:12:33Z,0.0
IV30 8SG,SHEPD,"HV,LV",2,"TN5666,TN7692",46,2026-07-01T10:33:26Z,2026-07-02T13:12:33Z,0.0
IV30 8SH,SHEPD,"HV,LV",2,"TN5666,TN7692",46,2026-07-01T10:33:26Z,2026-07-02T13:12:33Z,0.0
IV30 8SN,SHEPD,"HV,LV",2,"TN5666,TN7692",46,2026-07-01T10:33:26Z,2026-07-02T13:12:33Z,0.0
IV30 8SQ,SHEPD,"HV,LV",2,"TN5666,TN7692",46,2026-07-01T10:33:26Z,2026-07-02T13:12:33Z,0.0
KA27 8PB,SHEPD,HV,2,"TN6036,TP0497",102,2026-07-01T13:21:00Z,2026-07-04T18:45:16Z,0.0
KA27 8PE,SHEPD,HV,2,"TN6036,TP0497",102,2026-07-01T13:21:00Z,2026-07-04T18:45:16Z,0.0
KA27 8PF,SHEPD,HV,2,"TN6036,TP0497",102,2026-07-01T13:21:00Z,2026-07-04T18:45:16Z,0.0
OX28,SEPD,LV,2,"TP0515,TP1294",42,2026-07-04T20:01:19Z,2026-07-05T21:16:21Z,0.0
OX4 3SU,SEPD,LV,2,"TN6907,TN6908",39,2026-07-02T08:34:46Z,2026-07-02T08:34:46Z,0.0
PH10 7NW,SHEPD,PSI,2,"252557,252563",43,2026-07-01T10:33:26Z,2026-07-02T11:18:59Z,0.0
PO22 6HS,SEPD,LV,2,"TN9596,TP0274",12,2026-07-03T18:19:37Z,2026-07-04T14:22:40Z,0.0
RG25 2NH,SEPD,"PSI,HV",2,"252274,TN6670",636,2026-07-01T20:13:43Z,2026-07-06T09:46:21Z,0.0
RH14 0AW,SEPD,"PSI,LV",2,"252123,TN5836",53,2026-07-01T10:33:26Z,2026-07-01T13:21:00Z,0.0
RH14 0DF,SEPD,"PSI,LV",2,"252123,TN5836",53,2026-07-01T10:33:26Z,2026-07-01T13:21:00Z,0.0
RH14 0DG,SEPD,"PSI,LV",2,"252123,TN5836",53,2026-07-01T10:33:26Z,2026-07-01T13:21:00Z,0.0
RH14 0DS,SEPD,"PSI,LV",2,"252123,TN5836",53,2026-07-01T10:33:26Z,2026-07-01T13:21:00Z,0.0
RH14 0DU,SEPD,"PSI,LV",2,"252123,TN5836",53,2026-07-01T10:33:26Z,2026-07-01T13:21:00Z,0.0
RH14 0EE,SEPD,"PSI,LV",2,"252123,TN5836",53,2026-07-01T10:33:26Z,2026-07-01T13:21:00Z,0.0
RH14 0EF,SEPD,"PSI,LV",2,"252123,TN5836",53,2026-07-01T10:33:26Z,2026-07-01T13:21:00Z,0.0
RH14 0EG,SEPD,"PSI,LV",2,"252123,TN5836",53,2026-07-01T10:33:26Z,2026-07-01T13:21:00Z,0.0
SN1 4NB,SEPD,LV,2,"TP1310,TP2640",12,2026-07-05T21:16:21Z,2026-07-06T18:47:40Z,0.0
SN9 5DU,SEPD,"HV,LV",2,"TN4974,TP2675",31,2026-06-30T21:06:42Z,2026-07-06T18:47:40Z,0.0
SO31 9AD,SEPD,"LV,HV",2,"TN9755,TP0681",1631,2026-07-04T01:15:36Z,2026-07-05T01:11:25Z,0.0
SO31 9AE,SEPD,"LV,HV",2,"TN9755,TP0681",1631,2026-07-04T01:15:36Z,2026-07-05T01:11:25Z,0.0
SO31 9AX,SEPD,"LV,HV",2,"TN9755,TP0681",1631,2026-07-04T01:15:36Z,2026-07-05T01:11:25Z,0.0
SO31 9BE,SEPD,"LV,HV",2,"TN9755,TP0681",1631,2026-07-04T01:15:36Z,2026-07-05T01:11:25Z,0.0
SO31 9BF,SEPD,"LV,HV",2,"TN9755,TP0681",1631,2026-07-04T01:15:36Z,2026-07-05T01:11:25Z,0.0
SO31 9BH,SEPD,"LV,HV",2,"TN9755,TP0681",1631,2026-07-04T01:15:36Z,2026-07-05T01:11:25Z,0.0
SO31 9BJ,SEPD,"LV,HV",2,"TN9755,TP0681",1631,2026-07-04T01:15:36Z,2026-07-05T01:11:25Z,0.0
AB11 4QD,SHEPD,HV,1,TP3094,501,2026-07-07T08:44:05Z,2026-07-07T08:44:05Z,0.0
AB11 6FH,SHEPD,HV,1,TP3094,501,2026-07-07T08:44:05Z,2026-07-07T08:44:05Z,0.0
AB11 6JY,SHEPD,HV,1,TP3094,501,2026-07-07T08:44:05Z,2026-07-07T08:44:05Z,0.0
AB11 6JZ,SHEPD,HV,1,TP3094,501,2026-07-07T08:44:05Z,2026-07-07T08:44:05Z,0.0
AB11 6LP,SHEPD,HV,1,TP3094,501,2026-07-07T08:44:05Z,2026-07-07T08:44:05Z,0.0
AB11 6QD,SHEPD,HV,1,TP3094,501,2026-07-07T08:44:05Z,2026-07-07T08:44:05Z,0.0
AB11 6TJ,SHEPD,HV,1,TP3094,501,2026-07-07T08:44:05Z,2026-07-07T08:44:05Z,0.0
AB11 6TL,SHEPD,HV,1,TP3094,501,2026-07-07T08:44:05Z,2026-07-07T08:44:05Z,0.0
AB11 6TN,SHEPD,HV,1,TP3094,501,2026-07-07T08:44:05Z,2026-07-07T08:44:05Z,0.0
AB11 6XA,SHEPD,HV,1,TP3094,501,2026-07-07T08:44:05Z,2026-07-07T08:44:05Z,0.0
AB11 6XB,SHEPD,HV,1,TP3094,501,2026-07-07T08:44:05Z,2026-07-07T08:44:05Z,0.0
AB11 6XD,SHEPD,HV,1,TP3094,501,2026-07-07T08:44:05Z,2026-07-07T08:44:05Z,0.0
AB11 6XJ,SHEPD,HV,1,TP3094,501,2026-07-07T08:44:05Z,2026-07-07T08:44:05Z,0.0
AB11 6XL,SHEPD,HV,1,TP3094,501,2026-07-07T08:44:05Z,2026-07-07T08:44:05Z,0.0
AB11 6XN,SHEPD,HV,1,TP3094,501,2026-07-07T08:44:05Z,2026-07-07T08:44:05Z,0.0
AB11 6XP,SHEPD,HV,1,TP3094,501,2026-07-07T08:44:05Z,2026-07-07T08:44:05Z,0.0
AB11 6XQ,SHEPD,HV,1,TP3094,501,2026-07-07T08:44:05Z,2026-07-07T08:44:05Z,0.0
AB11 6XR,SHEPD,HV,1,TP3094,501,2026-07-07T08:44:05Z,2026-07-07T08:44:05Z,0.0
AB11 6XS,SHEPD,HV,1,TP3094,501,2026-07-07T08:44:05Z,2026-07-07T08:44:05Z,0.0
AB11 6XW,SHEPD,HV,1,TP3094,501,2026-07-07T08:44:05Z,2026-07-07T08:44:05Z,0.0
AB11 6YD,SHEPD,HV,1,TP3094,501,2026-07-07T08:44:05Z,2026-07-07T08:44:05Z,0.0
AB11 6YG,SHEPD,HV,1,TP3094,501,2026-07-07T08:44:05Z,2026-07-07T08:44:05Z,0.0
AB11 6YH,SHEPD,HV,1,TP3094,501,2026-07-07T08:44:05Z,2026-07-07T08:44:05Z,0.0
AB11 6YU,SHEPD,HV,1,TP3094,501,2026-07-07T08:44:05Z,2026-07-07T08:44:05Z,0.0
AB12 5AU,SHEPD,LV,1,TP2933,25,2026-07-07T01:19:49Z,2026-07-07T01:19:49Z,0.0
AB12 5AY,SHEPD,LV,1,TP2933,25,2026-07-07T01:19:49Z,2026-07-07T01:19:49Z,0.0
AB12 5BB,SHEPD,LV,1,TP2933,25,2026-07-07T01:19:49Z,2026-07-07T01:19:49Z,0.0
AB12 5BL,SHEPD,LV,1,TP2933,25,2026-07-07T01:19:49Z,2026-07-07T01:19:49Z,0.0
AB12 5BP,SHEPD,LV,1,TP2933,25,2026-07-07T01:19:49Z,2026-07-07T01:19:49Z,0.0
AB12 5BQ,SHEPD,LV,1,TP2933,25,2026-07-07T01:19:49Z,2026-07-07T01:19:49Z,0.0
AB12 5BR,SHEPD,LV,1,TP2933,25,2026-07-07T01:19:49Z,2026-07-07T01:19:49Z,0.0
AB12 5BT,SHEPD,LV,1,TP2933,25,2026-07-07T01:19:49Z,2026-07-07T01:19:49Z,0.0
AB12 5DF,SHEPD,LV,1,TP2933,25,2026-07-07T01:19:49Z,2026-07-07T01:19:49Z,0.0
AB15 8SD,SHEPD,HV,1,TP3094,501,2026-07-07T08:44:05Z,2026-07-07T08:44:05Z,0.0
AB31 5EB,SHEPD,LV,1,TN7001,22,2026-07-02T08:34:46Z,2026-07-02T08:34:46Z,0.0
AB31 5EE,SHEPD,LV,1,TN7001,22,2026-07-02T08:34:46Z,2026-07-02T08:34:46Z,0.0
AB31 5EF,SHEPD,LV,1,TN7001,22,2026-07-02T08:34:46Z,2026-07-02T08:34:46Z,0.0
AB32 7EB,SHEPD,HV,1,TN6958,150,2026-07-02T08:34:46Z,2026-07-02T08:34:46Z,0.0
AB38 9NS,SHEPD,LV,1,TN7409,8,2026-07-02T13:12:33Z,2026-07-02T13:12:33Z,0.0
AB38 9PL,SHEPD,LV,1,TN7409,8,2026-07-02T13:12:33Z,2026-07-02T13:12:33Z,0.0
AB38 9PP,SHEPD,LV,1,TN7409,8,2026-07-02T13:12:33Z,2026-07-02T13:12:33Z,0.0
AB41 7HH,SHEPD,PSI,1,251505,2,2026-07-03T13:16:44Z,2026-07-03T13:16:44Z,0.0
AB42 0LX,SHEPD,HV,1,TP1399,630,2026-07-06T01:22:37Z,2026-07-06T01:22:37Z,0.0
AB42 0LY,SHEPD,HV,1,TP1399,630,2026-07-06T01:22:37Z,2026-07-06T01:22:37Z,0.0
AB42 4BD,SHEPD,HV,1,TP1399,630,2026-07-06T01:22:37Z,2026-07-06T01:22:37Z,0.0
AB42 4GA,SHEPD,HV,1,TP1399,630,2026-07-06T01:22:37Z,2026-07-06T01:22:37Z,0.0
AB42 4GB,SHEPD,HV,1,TP1399,630,2026-07-06T01:22:37Z,2026-07-06T01:22:37Z,0.0
AB42 4GH,SHEPD,HV,1,TP1399,630,2026-07-06T01:22:37Z,2026-07-06T01:22:37Z,0.0
AB42 4GR,SHEPD,HV,1,TP1399,630,2026-07-06T01:22:37Z,2026-07-06T01:22:37Z,0.0
AB42 4GS,SHEPD,HV,1,TP1399,630,2026-07-06T01:22:37Z,2026-07-06T01:22:37Z,0.0
AB42 4SA,SHEPD,HV,1,TP1399,630,2026-07-06T01:22:37Z,2026-07-06T01:22:37Z,0.0
AB42 4SB,SHEPD,HV,1,TP1399,630,2026-07-06T01:22:37Z,2026-07-06T01:22:37Z,0.0
AB42 4SU,SHEPD,HV,1,TP1399,630,2026-07-06T01:22:37Z,2026-07-06T01:22:37Z,0.0
AB42 4SW,SHEPD,HV,1,TP1399,630,2026-07-06T01:22:37Z,2026-07-06T01:22:37Z,0.0
AB42 4SY,SHEPD,HV,1,TP1399,630,2026-07-06T01:22:37Z,2026-07-06T01:22:37Z,0.0
AB42 4SZ,SHEPD,HV,1,TP1399,630,2026-07-06T01:22:37Z,2026-07-06T01:22:37Z,0.0
AB42 4TA,SHEPD,HV,1,TP1399,630,2026-07-06T01:22:37Z,2026-07-06T01:22:37Z,0.0
AB42 4TD,SHEPD,HV,1,TP1399,630,2026-07-06T01:22:37Z,2026-07-06T01:22:37Z,0.0
AB42 4TE,SHEPD,HV,1,TP1399,630,2026-07-06T01:22:37Z,2026-07-06T01:22:37Z,0.0
AB42 4TH,SHEPD,HV,1,TP1399,630,2026-07-06T01:22:37Z,2026-07-06T01:22:37Z,0.0
AB42 4TJ,SHEPD,HV,1,TP1399,630,2026-07-06T01:22:37Z,2026-07-06T01:22:37Z,0.0
AB42 4TL,SHEPD,HV,1,TP1399,630,2026-07-06T01:22:37Z,2026-07-06T01:22:37Z,0.0
AB42 4TN,SHEPD,HV,1,TP1399,630,2026-07-06T01:22:37Z,2026-07-06T01:22:37Z,0.0
AB42 4TP,SHEPD,HV,1,TP1399,630,2026-07-06T01:22:37Z,2026-07-06T01:22:37Z,0.0
AB42 4TQ,SHEPD,HV,1,TP1399,630,2026-07-06T01:22:37Z,2026-07-06T01:22:37Z,0.0
AB42 4TR,SHEPD,HV,1,TP1399,630,2026-07-06T01:22:37Z,2026-07-06T01:22:37Z,0.0
AB42 4TS,SHEPD,HV,1,TP1399,630,2026-07-06T01:22:37Z,2026-07-06T01:22:37Z,0.0
AB42 4TT,SHEPD,HV,1,TP1399,630,2026-07-06T01:22:37Z,2026-07-06T01:22:37Z,0.0
AB42 4TU,SHEPD,HV,1,TP1399,630,2026-07-06T01:22:37Z,2026-07-06T01:22:37Z,0.0
AB42 4TW,SHEPD,HV,1,TP1399,630,2026-07-06T01:22:37Z,2026-07-06T01:22:37Z,0.0
AB42 4TX,SHEPD,HV,1,TP1399,630,2026-07-06T01:22:37Z,2026-07-06T01:22:37Z,0.0
AB42 4TY,SHEPD,HV,1,TP1399,630,2026-07-06T01:22:37Z,2026-07-06T01:22:37Z,0.0
AB42 4UD,SHEPD,HV,1,TP1399,630,2026-07-06T01:22:37Z,2026-07-06T01:22:37Z,0.0
AB42 4UE,SHEPD,HV,1,TP1399,630,2026-07-06T01:22:37Z,2026-07-06T01:22:37Z,0.0
AB42 4UF,SHEPD,HV,1,TP1399,630,2026-07-06T01:22:37Z,2026-07-06T01:22:37Z,0.0
AB42 4UW,SHEPD,HV,1,TP1399,630,2026-07-06T01:22:37Z,2026-07-06T01:22:37Z,0.0
AB42 4XF,SHEPD,HV,1,TP1399,630,2026-07-06T01:22:37Z,2026-07-06T01:22:37Z,0.0
AB42 4XG,SHEPD,HV,1,TP1399,630,2026-07-06T01:22:37Z,2026-07-06T01:22:37Z,0.0
AB42 4XH,SHEPD,HV,1,TP1399,630,2026-07-06T01:22:37Z,2026-07-06T01:22:37Z,0.0
AB42 4XJ,SHEPD,HV,1,TP1399,630,2026-07-06T01:22:37Z,2026-07-06T01:22:37Z,0.0
AB42 4XL,SHEPD,HV,1,TP1399,630,2026-07-06T01:22:37Z,2026-07-06T01:22:37Z,0.0
AB42 4XN,SHEPD,HV,1,TP1399,630,2026-07-06T01:22:37Z,2026-07-06T01:22:37Z,0.0
AB42 4XP,SHEPD,HV,1,TP1399,630,2026-07-06T01:22:37Z,2026-07-06T01:22:37Z,0.0
AB42 4XQ,SHEPD,HV,1,TP1399,630,2026-07-06T01:22:37Z,2026-07-06T01:22:37Z,0.0
AB42 4XR,SHEPD,HV,1,TP1399,630,2026-07-06T01:22:37Z,2026-07-06T01:22:37Z,0.0
AB42 4XS,SHEPD,HV,1,TP1399,630,2026-07-06T01:22:37Z,2026-07-06T01:22:37Z,0.0
AB42 4XT,SHEPD,HV,1,TP1399,630,2026-07-06T01:22:37Z,2026-07-06T01:22:37Z,0.0
AB42 4XU,SHEPD,HV,1,TP1399,630,2026-07-06T01:22:37Z,2026-07-06T01:22:37Z,0.0
AB42 4XW,SHEPD,HV,1,TP1399,630,2026-07-06T01:22:37Z,2026-07-06T01:22:37Z,0.0
AB42 4XX,SHEPD,HV,1,TP1399,630,2026-07-06T01:22:37Z,2026-07-06T01:22:37Z,0.0
AB42 4XY,SHEPD,HV,1,TP1399,630,2026-07-06T01:22:37Z,2026-07-06T01:22:37Z,0.0
AB42 4XZ,SHEPD,HV,1,TP1399,630,2026-07-06T01:22:37Z,2026-07-06T01:22:37Z,0.0
AB42 4YB,SHEPD,HV,1,TP1399,630,2026-07-06T01:22:37Z,2026-07-06T01:22:37Z,0.0
AB42 4YE,SHEPD,HV,1,TP1399,630,2026-07-06T01:22:37Z,2026-07-06T01:22:37Z,0.0
AB42 4YF,SHEPD,HV,1,TP1399,630,2026-07-06T01:22:37Z,2026-07-06T01:22:37Z,0.0
AB42 4YG,SHEPD,HV,1,TP1399,630,2026-07-06T01:22:37Z,2026-07-06T01:22:37Z,0.0
AB42 4YH,SHEPD,HV,1,TP1399,630,2026-07-06T01:22:37Z,2026-07-06T01:22:37Z,0.0
AB42 4YJ,SHEPD,HV,1,TP1399,630,2026-07-06T01:22:37Z,2026-07-06T01:22:37Z,0.0
AB42 4YL,SHEPD,HV,1,TP1399,630,2026-07-06T01:22:37Z,2026-07-06T01:22:37Z,0.0
AB42 4YN,SHEPD,HV,1,TP1399,630,2026-07-06T01:22:37Z,2026-07-06T01:22:37Z,0.0
AB42 4YP,SHEPD,HV,1,TP1399,630,2026-07-06T01:22:37Z,2026-07-06T01:22:37Z,0.0
AB42 4YQ,SHEPD,HV,1,TP1399,630,2026-07-06T01:22:37Z,2026-07-06T01:22:37Z,0.0
AB42 4YX,SHEPD,HV,1,TP1399,630,2026-07-06T01:22:37Z,2026-07-06T01:22:37Z,0.0
AB42 4YY,SHEPD,HV,1,TP1399,630,2026-07-06T01:22:37Z,2026-07-06T01:22:37Z,0.0
AB42 5BA,SHEPD,HV,1,TP1399,630,2026-07-06T01:22:37Z,2026-07-06T01:22:37Z,0.0
AB42 5BB,SHEPD,HV,1,TP1399,630,2026-07-06T01:22:37Z,2026-07-06T01:22:37Z,0.0
AB42 5BJ,SHEPD,HV,1,TP1399,630,2026-07-06T01:22:37Z,2026-07-06T01:22:37Z,0.0
AB42 5BX,SHEPD,HV,1,TP1399,630,2026-07-06T01:22:37Z,2026-07-06T01:22:37Z,0.0
AB43 7BD,SHEPD,PSI,1,252544,14,2026-07-01T10:33:26Z,2026-07-01T10:33:26Z,0.0
AB43 7BU,SHEPD,PSI,1,252544,14,2026-07-01T10:33:26Z,2026-07-01T10:33:26Z,0.0
AB43 7TS,SHEPD,PSI,1,252544,14,2026-07-01T10:33:26Z,2026-07-01T10:33:26Z,0.0
AB45 3QL,SHEPD,HV,1,TN6517,3,2026-07-01T18:06:56Z,2026-07-01T18:06:56Z,0.0
AB51,SHEPD,HV,1,TP1104,28,2026-07-05T15:21:29Z,2026-07-05T15:21:29Z,0.0
AB51 0BT,SHEPD,PSI,1,251505,2,2026-07-03T13:16:44Z,2026-07-03T13:16:44Z,0.0
AB51 5DD,SHEPD,HV,1,TN8173,114,2026-07-02T20:15:58Z,2026-07-02T20:15:58Z,0.0
AB51 5JX,SHEPD,HV,1,TP1104,28,2026-07-05T15:21:29Z,2026-07-05T15:21:29Z,0.0
AB51 5LH,SHEPD,HV,1,TP1104,28,2026-07-05T15:21:29Z,2026-07-05T15:21:29Z,0.0
AB51 5LN,SHEPD,HV,1,TN6958,150,2026-07-02T08:34:46Z,2026-07-02T08:34:46Z,0.0
AB51 5LX,SHEPD,HV,1,TP1104,28,2026-07-05T15:21:29Z,2026-07-05T15:21:29Z,0.0
AB51 7EX,SHEPD,HV,1,TN6958,150,2026-07-02T08:34:46Z,2026-07-02T08:34:46Z,0.0
AB51 7JQ,SHEPD,HV,1,TN6958,150,2026-07-02T08:34:46Z,2026-07-02T08:34:46Z,0.0
AB51 7JR,SHEPD,HV,1,TN6958,150,2026-07-02T08:34:46Z,2026-07-02T08:34:46Z,0.0
AB51 7JS,SHEPD,HV,1,TN6958,150,2026-07-02T08:34:46Z,2026-07-02T08:34:46Z,0.0
AB51 7JT,SHEPD,HV,1,TN6958,150,2026-07-02T08:34:46Z,2026-07-02T08:34:46Z,0.0
AB51 7JX,SHEPD,HV,1,TN6958,150,2026-07-02T08:34:46Z,2026-07-02T08:34:46Z,0.0
AB51 7JY,SHEPD,HV,1,TN6958,150,2026-07-02T08:34:46Z,2026-07-02T08:34:46Z,0.0
AB51 7LA,SHEPD,HV,1,TN6958,150,2026-07-02T08:34:46Z,2026-07-02T08:34:46Z,0.0
AB51 7LB,SHEPD,HV,1,TN6958,150,2026-07-02T08:34:46Z,2026-07-02T08:34:46Z,0.0
AB51 7LD,SHEPD,HV,1,TN6958,150,2026-07-02T08:34:46Z,2026-07-02T08:34:46Z,0.0
AB51 7LJ,SHEPD,HV,1,TN6958,150,2026-07-02T08:34:46Z,2026-07-02T08:34:46Z,0.0
AB51 7LL,SHEPD,HV,1,TN6958,150,2026-07-02T08:34:46Z,2026-07-02T08:34:46Z,0.0
AB51 7LP,SHEPD,HV,1,TN6958,150,2026-07-02T08:34:46Z,2026-07-02T08:34:46Z,0.0
AB51 7LQ,SHEPD,HV,1,TN6958,150,2026-07-02T08:34:46Z,2026-07-02T08:34:46Z,0.0
AB51 7PD,SHEPD,HV,1,TN6958,150,2026-07-02T08:34:46Z,2026-07-02T08:34:46Z,0.0
AB51 7PJ,SHEPD,HV,1,TN6958,150,2026-07-02T08:34:46Z,2026-07-02T08:34:46Z,0.0
AB51 7PL,SHEPD,HV,1,TN6958,150,2026-07-02T08:34:46Z,2026-07-02T08:34:46Z,0.0
AB51 7PN,SHEPD,HV,1,TN6958,150,2026-07-02T08:34:46Z,2026-07-02T08:34:46Z,0.0
AB51 7PP,SHEPD,HV,1,TN6958,150,2026-07-02T08:34:46Z,2026-07-02T08:34:46Z,0.0
AB51 7QR,SHEPD,HV,1,TN6958,150,2026-07-02T08:34:46Z,2026-07-02T08:34:46Z,0.0
AB51 7RQ,SHEPD,HV,1,TN6958,150,2026-07-02T08:34:46Z,2026-07-02T08:34:46Z,0.0
AB51 7RR,SHEPD,HV,1,TN6958,150,2026-07-02T08:34:46Z,2026-07-02T08:34:46Z,0.0
AB51 8XU,SHEPD,HV,1,TP0297,17,2026-07-04T15:39:50Z,2026-07-04T15:39:50Z,0.0
AB51 8XX,SHEPD,HV,1,TP0297,17,2026-07-04T15:39:50Z,2026-07-04T15:39:50Z,0.0
AB52 6RA,SHEPD,HV,1,TN8173,114,2026-07-02T20:15:58Z,2026-07-02T20:15:58Z,0.0
AB52 6RF,SHEPD,HV,1,TN8173,114,2026-07-02T20:15:58Z,2026-07-02T20:15:58Z,0.0
AB52 6RY,SHEPD,HV,1,TN8173,114,2026-07-02T20:15:58Z,2026-07-02T20:15:58Z,0.0
AB52 6SA,SHEPD,HV,1,TN8173,114,2026-07-02T20:15:58Z,2026-07-02T20:15:58Z,0.0
AB52 6SD,SHEPD,HV,1,TN8173,114,2026-07-02T20:15:58Z,2026-07-02T20:15:58Z,0.0
AB52 6SE,SHEPD,HV,1,TN8173,114,2026-07-02T20:15:58Z,2026-07-02T20:15:58Z,0.0
AB52 6SJ,SHEPD,HV,1,TN8173,114,2026-07-02T20:15:58Z,2026-07-02T20:15:58Z,0.0
AB52 6SL,SHEPD,HV,1,TN8173,114,2026-07-02T20:15:58Z,2026-07-02T20:15:58Z,0.0
AB52 6SN,SHEPD,HV,1,TN8173,114,2026-07-02T20:15:58Z,2026-07-02T20:15:58Z,0.0
AB52 6SY,SHEPD,HV,1,TN8173,114,2026-07-02T20:15:58Z,2026-07-02T20:15:58Z,0.0
AB52 6TB,SHEPD,HV,1,TN8173,114,2026-07-02T20:15:58Z,2026-07-02T20:15:58Z,0.0
AB52 6TD,SHEPD,HV,1,TN8173,114,2026-07-02T20:15:58Z,2026-07-02T20:15:58Z,0.0
AB52 6TS,SHEPD,HV,1,TN8173,114,2026-07-02T20:15:58Z,2026-07-02T20:15:58Z,0.0
AB52 6TT,SHEPD,HV,1,TN8173,114,2026-07-02T20:15:58Z,2026-07-02T20:15:58Z,0.0
AB52 6TU,SHEPD,HV,1,TN8173,114,2026-07-02T20:15:58Z,2026-07-02T20:15:58Z,0.0
AB52 6TX,SHEPD,HV,1,TN8173,114,2026-07-02T20:15:58Z,2026-07-02T20:15:58Z,0.0
AB52 6TY,SHEPD,HV,1,TN8173,114,2026-07-02T20:15:58Z,2026-07-02T20:15:58Z,0.0
AB52 6UA,SHEPD,HV,1,TN8173,114,2026-07-02T20:15:58Z,2026-07-02T20:15:58Z,0.0
AB52 6UB,SHEPD,HV,1,TN8173,114,2026-07-02T20:15:58Z,2026-07-02T20:15:58Z,0.0
AB52 6UD,SHEPD,HV,1,TN8173,114,2026-07-02T20:15:58Z,2026-07-02T20:15:58Z,0.0
AB52 6UE,SHEPD,HV,1,TN8173,114,2026-07-02T20:15:58Z,2026-07-02T20:15:58Z,0.0
AB53 6XG,SHEPD,HV,1,TP2849,19,2026-07-06T20:45:24Z,2026-07-06T20:45:24Z,0.0
AB53 6XR,SHEPD,HV,1,TP2849,19,2026-07-06T20:45:24Z,2026-07-06T20:45:24Z,0.0
AB53 6XU,SHEPD,HV,1,TP2849,19,2026-07-06T20:45:24Z,2026-07-06T20:45:24Z,0.0
AB53 6XW,SHEPD,HV,1,TP2849,19,2026-07-06T20:45:24Z,2026-07-06T20:45:24Z,0.0
AB53 6XX,SHEPD,HV,1,TN9111,3,2026-07-03T13:16:44Z,2026-07-03T13:16:44Z,0.0
AB54 4JP,SHEPD,HV,1,TP2074,27,2026-07-06T13:35:12Z,2026-07-06T13:35:12Z,0.0
AB54 4JR,SHEPD,HV,1,TP2074,27,2026-07-06T13:35:12Z,2026-07-06T13:35:12Z,0.0
AB54 4JT,SHEPD,HV,1,TP2074,27,2026-07-06T13:35:12Z,2026-07-06T13:35:12Z,0.0
AB54 4PT,SHEPD,PSI,1,251244,7,2026-07-01T10:33:26Z,2026-07-01T10:33:26Z,0.0
AB54 4QT,SHEPD,PSI,1,251244,7,2026-07-01T10:33:26Z,2026-07-01T10:33:26Z,0.0
AB54 4RL,SHEPD,PSI,1,251244,7,2026-07-01T10:33:26Z,2026-07-01T10:33:26Z,0.0
AB54 6AG,SHEPD,PSI,1,251244,7,2026-07-01T10:33:26Z,2026-07-01T10:33:26Z,0.0
AB54 6BL,SHEPD,HV,1,TP0297,17,2026-07-04T15:39:50Z,2026-07-04T15:39:50Z,0.0
AB54 6BN,SHEPD,HV,1,TP0297,17,2026-07-04T15:39:50Z,2026-07-04T15:39:50Z,0.0
AB54 6DR,SHEPD,HV,1,TP0297,17,2026-07-04T15:39:50Z,2026-07-04T15:39:50Z,0.0
AB54 6DS,SHEPD,HV,1,TP0297,17,2026-07-04T15:39:50Z,2026-07-04T15:39:50Z,0.0
AB54 6DT,SHEPD,HV,1,TP0297,17,2026-07-04T15:39:50Z,2026-07-04T15:39:50Z,0.0
AB54 6DY,SHEPD,HV,1,TP0297,17,2026-07-04T15:39:50Z,2026-07-04T15:39:50Z,0.0
AB54 6DZ,SHEPD,HV,1,TP0297,17,2026-07-04T15:39:50Z,2026-07-04T15:39:50Z,0.0
AB54 6EA,SHEPD,HV,1,TP0297,17,2026-07-04T15:39:50Z,2026-07-04T15:39:50Z,0.0
AB54 6EB,SHEPD,HV,1,TP0297,17,2026-07-04T15:39:50Z,2026-07-04T15:39:50Z,0.0
AB54 6ED,SHEPD,HV,1,TP0297,17,2026-07-04T15:39:50Z,2026-07-04T15:39:50Z,0.0
AB54 6HD,SHEPD,HV,1,TP0297,17,2026-07-04T15:39:50Z,2026-07-04T15:39:50Z,0.0
AB54 6HE,SHEPD,HV,1,TP0297,17,2026-07-04T15:39:50Z,2026-07-04T15:39:50Z,0.0
AB54 6HJ,SHEPD,HV,1,TP0297,17,2026-07-04T15:39:50Z,2026-07-04T15:39:50Z,0.0
AB54 6HP,SHEPD,HV,1,TP0297,17,2026-07-04T15:39:50Z,2026-07-04T15:39:50Z,0.0
AB54 6HQ,SHEPD,HV,1,TP0297,17,2026-07-04T15:39:50Z,2026-07-04T15:39:50Z,0.0
AB54 6HT,SHEPD,HV,1,TP0297,17,2026-07-04T15:39:50Z,2026-07-04T15:39:50Z,0.0
AB54 6HW,SHEPD,HV,1,TP0297,17,2026-07-04T15:39:50Z,2026-07-04T15:39:50Z,0.0
AB54 6JQ,SHEPD,HV,1,TP0297,17,2026-07-04T15:39:50Z,2026-07-04T15:39:50Z,0.0
AB54 6YR,SHEPD,HV,1,TP0297,17,2026-07-04T15:39:50Z,2026-07-04T15:39:50Z,0.0
AB54 7YH,SHEPD,HV,1,TP0297,17,2026-07-04T15:39:50Z,2026-07-04T15:39:50Z,0.0
AB54 7YJ,SHEPD,HV,1,TP0297,17,2026-07-04T15:39:50Z,2026-07-04T15:39:50Z,0.0
BA4 6AL,SEPD,PSI,1,251936,12,2026-07-06T09:46:21Z,2026-07-06T09:46:21Z,0.0
BA4 6AP,SEPD,PSI,1,251936,12,2026-07-06T09:46:21Z,2026-07-06T09:46:21Z,0.0
BA4 6AY,SEPD,PSI,1,251936,12,2026-07-06T09:46:21Z,2026-07-06T09:46:21Z,0.0
BA4 6BD,SEPD,PSI,1,251936,12,2026-07-06T09:46:21Z,2026-07-06T09:46:21Z,0.0
BH1 3NF,SEPD,LV,1,TP0722,9,2026-07-05T05:08:40Z,2026-07-05T05:08:40Z,0.0
BH1 3NQ,SEPD,LV,1,TP0722,9,2026-07-05T05:08:40Z,2026-07-05T05:08:40Z,0.0
BH14 9HE,SEPD,LV,1,TP1583,31,2026-07-06T13:35:12Z,2026-07-06T13:35:12Z,0.0
BH14 9HF,SEPD,LV,1,TP1583,31,2026-07-06T13:35:12Z,2026-07-06T13:35:12Z,0.0
BH14 9HG,SEPD,LV,1,TP1583,31,2026-07-06T13:35:12Z,2026-07-06T13:35:12Z,0.0
BH14 9HH,SEPD,LV,1,TP1583,31,2026-07-06T13:35:12Z,2026-07-06T13:35:12Z,0.0
BH14 9HQ,SEPD,LV,1,TP1583,31,2026-07-06T13:35:12Z,2026-07-06T13:35:12Z,0.0
BH20 7EU,SEPD,HV,1,TP2571,537,2026-07-06T16:44:02Z,2026-07-06T16:44:02Z,0.0
BH21 5RY,SEPD,HV,1,TP0397,45,2026-07-04T16:41:34Z,2026-07-04T16:41:34Z,0.0
BH21 5RZ,SEPD,HV,1,TP0397,45,2026-07-04T16:41:34Z,2026-07-04T16:41:34Z,0.0
BH22 8UR,SEPD,LV,1,TP0014,9,2026-07-04T10:04:30Z,2026-07-04T10:04:30Z,0.0
BH22 8UT,SEPD,LV,1,TP0014,9,2026-07-04T10:04:30Z,2026-07-04T10:04:30Z,0.0
BH23 1EP,SEPD,HV,1,TN5168,628,2026-07-01T01:59:22Z,2026-07-01T01:59:22Z,0.0
BH23 2EZ,SEPD,PSI,1,253076,23,2026-07-06T09:46:21Z,2026-07-06T09:46:21Z,0.0
BH23 2HE,SEPD,PSI,1,253076,23,2026-07-06T09:46:21Z,2026-07-06T09:46:21Z,0.0
BH25 7AF,SEPD,LV,1,TM3621,24,2026-06-30T19:12:27Z,2026-06-30T19:12:27Z,0.0
BH25 7DJ,SEPD,LV,1,TM3621,24,2026-06-30T19:12:27Z,2026-06-30T19:12:27Z,0.0
BH25 7DN,SEPD,LV,1,TM3621,24,2026-06-30T19:12:27Z,2026-06-30T19:12:27Z,0.0
BH25 7DS,SEPD,LV,1,TM3621,24,2026-06-30T19:12:27Z,2026-06-30T19:12:27Z,0.0
BH25 7DX,SEPD,LV,1,TM3621,24,2026-06-30T19:12:27Z,2026-06-30T19:12:27Z,0.0
BH25 7FD,SEPD,LV,1,TM3621,24,2026-06-30T19:12:27Z,2026-06-30T19:12:27Z,0.0
BH25 7LZ,SEPD,LV,1,TM3621,24,2026-06-30T19:12:27Z,2026-06-30T19:12:27Z,0.0
BH25 7QX,SEPD,LV,1,TM3621,24,2026-06-30T19:12:27Z,2026-06-30T19:12:27Z,0.0
BH25 7TL,SEPD,LV,1,TM3621,24,2026-06-30T17:14:57Z,2026-06-30T17:14:57Z,0.0
BH3 7JS,SEPD,HV,1,TN5168,628,2026-07-01T01:59:22Z,2026-07-01T01:59:22Z,0.0
BH3 7JW,SEPD,HV,1,TN5168,628,2026-07-01T01:59:22Z,2026-07-01T01:59:22Z,0.0
BH3 7LR,SEPD,HV,1,TN5168,628,2026-07-01T01:59:22Z,2026-07-01T01:59:22Z,0.0
BH3 7LS,SEPD,HV,1,TN5168,628,2026-07-01T01:59:22Z,2026-07-01T01:59:22Z,0.0
BH3 7LT,SEPD,HV,1,TN5168,628,2026-07-01T01:59:22Z,2026-07-01T01:59:22Z,0.0
BH3 7LU,SEPD,HV,1,TN5168,628,2026-07-01T01:59:22Z,2026-07-01T01:59:22Z,0.0
BH3 7LZ,SEPD,HV,1,TN5168,628,2026-07-01T01:59:22Z,2026-07-01T01:59:22Z,0.0
BH3 7ND,SEPD,HV,1,TN5168,628,2026-07-01T01:59:22Z,2026-07-01T01:59:22Z,0.0
BH3 7NE,SEPD,HV,1,TN5168,628,2026-07-01T01:59:22Z,2026-07-01T01:59:22Z,0.0
BH4 8EL,SEPD,HV,1,TN5168,628,2026-07-01T01:59:22Z,2026-07-01T01:59:22Z,0.0
BH4 9EF,SEPD,LV,1,TP0722,9,2026-07-05T05:08:40Z,2026-07-05T05:08:40Z,0.0
BH4 9HH,SEPD,LV,1,TP0722,9,2026-07-05T05:08:40Z,2026-07-05T05:08:40Z,0.0
BH8 8JT,SEPD,LV,1,TP1330,45,2026-07-05T21:16:21Z,2026-07-05T21:16:21Z,0.0
BH8 8LB,SEPD,LV,1,TP1330,45,2026-07-05T21:16:21Z,2026-07-05T21:16:21Z,0.0
BH8 8LJ,SEPD,LV,1,TP1330,45,2026-07-05T21:16:21Z,2026-07-05T21:16:21Z,0.0
BH8 8LL,SEPD,LV,1,TP1330,45,2026-07-05T21:16:21Z,2026-07-05T21:16:21Z,0.0
BH8 8LT,SEPD,LV,1,TP1330,45,2026-07-05T21:16:21Z,2026-07-05T21:16:21Z,0.0
BH8 8LY,SEPD,LV,1,TP1330,45,2026-07-05T21:16:21Z,2026-07-05T21:16:21Z,0.0
BH9 1AA,SEPD,HV,1,TN5168,628,2026-07-01T01:59:22Z,2026-07-01T01:59:22Z,0.0
BH9 1AB,SEPD,HV,1,TN5168,628,2026-07-01T01:59:22Z,2026-07-01T01:59:22Z,0.0
BH9 1AD,SEPD,HV,1,TN5168,628,2026-07-01T01:59:22Z,2026-07-01T01:59:22Z,0.0
BH9 1AE,SEPD,HV,1,TN5168,628,2026-07-01T01:59:22Z,2026-07-01T01:59:22Z,0.0
BH9 1AL,SEPD,HV,1,TN5168,628,2026-07-01T01:59:22Z,2026-07-01T01:59:22Z,0.0
BH9 1AN,SEPD,HV,1,TN5168,628,2026-07-01T01:59:22Z,2026-07-01T01:59:22Z,0.0
BH9 1AT,SEPD,HV,1,TN5168,628,2026-07-01T01:59:22Z,2026-07-01T01:59:22Z,0.0
BH9 1AW,SEPD,HV,1,TN5168,628,2026-07-01T01:59:22Z,2026-07-01T01:59:22Z,0.0
BH9 1AZ,SEPD,HV,1,TN5168,628,2026-07-01T01:59:22Z,2026-07-01T01:59:22Z,0.0
BH9 1BA,SEPD,HV,1,TN5168,628,2026-07-01T01:59:22Z,2026-07-01T01:59:22Z,0.0
BH9 1BP,SEPD,HV,1,TN5168,628,2026-07-01T01:59:22Z,2026-07-01T01:59:22Z,0.0
BH9 1BS,SEPD,HV,1,TN5168,628,2026-07-01T01:59:22Z,2026-07-01T01:59:22Z,0.0
BH9 1BY,SEPD,HV,1,TN5168,628,2026-07-01T01:59:22Z,2026-07-01T01:59:22Z,0.0
BH9 1EN,SEPD,HV,1,TN5168,628,2026-07-01T01:59:22Z,2026-07-01T01:59:22Z,0.0
BH9 1ER,SEPD,HV,1,TN5168,628,2026-07-01T01:59:22Z,2026-07-01T01:59:22Z,0.0
BH9 1EU,SEPD,HV,1,TN5168,628,2026-07-01T01:59:22Z,2026-07-01T01:59:22Z,0.0
BH9 1EW,SEPD,HV,1,TN5168,628,2026-07-01T01:59:22Z,2026-07-01T01:59:22Z,0.0
BH9 1FA,SEPD,HV,1,TN5168,628,2026-07-01T01:59:22Z,2026-07-01T01:59:22Z,0.0
BH9 1FD,SEPD,HV,1,TN5168,628,2026-07-01T01:59:22Z,2026-07-01T01:59:22Z,0.0
BH9 1FG,SEPD,HV,1,TN5168,628,2026-07-01T01:59:22Z,2026-07-01T01:59:22Z,0.0
BH9 1HH,SEPD,HV,1,TN5168,628,2026-07-01T01:59:22Z,2026-07-01T01:59:22Z,0.0
BH9 1HY,SEPD,HV,1,TN5168,628,2026-07-01T01:59:22Z,2026-07-01T01:59:22Z,0.0
BH9 1HZ,SEPD,HV,1,TN5168,628,2026-07-01T01:59:22Z,2026-07-01T01:59:22Z,0.0
BH9 1JA,SEPD,HV,1,TN5168,628,2026-07-01T01:59:22Z,2026-07-01T01:59:22Z,0.0
BH9 1JB,SEPD,HV,1,TN5168,628,2026-07-01T01:59:22Z,2026-07-01T01:59:22Z,0.0
BH9 1JD,SEPD,HV,1,TN5168,628,2026-07-01T01:59:22Z,2026-07-01T01:59:22Z,0.0
BH9 1JE,SEPD,HV,1,TN5168,628,2026-07-01T01:59:22Z,2026-07-01T01:59:22Z,0.0
BH9 2AA,SEPD,HV,1,TN5168,628,2026-07-01T01:59:22Z,2026-07-01T01:59:22Z,0.0
BH9 2AB,SEPD,HV,1,TN5168,628,2026-07-01T01:59:22Z,2026-07-01T01:59:22Z,0.0
BN18 0FA,SEPD,LV,1,TN9632,17,2026-07-03T21:16:29Z,2026-07-03T21:16:29Z,0.0
BN18 9DX,SEPD,LV,1,TN9632,17,2026-07-03T21:16:29Z,2026-07-03T21:16:29Z,0.0
BN18 9EA,SEPD,LV,1,TN9632,17,2026-07-03T21:16:29Z,2026-07-03T21:16:29Z,0.0
BN18 9ED,SEPD,LV,1,TN9632,17,2026-07-03T21:16:29Z,2026-07-03T21:16:29Z,0.0
BN18 9EE,SEPD,LV,1,TN9632,17,2026-07-03T21:16:29Z,2026-07-03T21:16:29Z,0.0
BN18 9EF,SEPD,LV,1,TN9632,17,2026-07-03T21:16:29Z,2026-07-03T21:16:29Z,0.0
BN18 9EQ,SEPD,LV,1,TN9632,17,2026-07-03T21:16:29Z,2026-07-03T21:16:29Z,0.0
BN18 9FN,SEPD,LV,1,TN9632,17,2026-07-03T21:16:29Z,2026-07-03T21:16:29Z,0.0
DD3 8LH,SHEPD,LV,1,TN9969,7,2026-07-04T10:04:30Z,2026-07-04T10:04:30Z,0.0
DD3 8LL,SHEPD,LV,1,TN9969,7,2026-07-04T10:04:30Z,2026-07-04T10:04:30Z,0.0
DD4 6NG,SHEPD,LV,1,TN9739,37,2026-07-03T23:37:16Z,2026-07-03T23:37:16Z,0.0
DD4 6NH,SHEPD,LV,1,TN9739,37,2026-07-03T23:37:16Z,2026-07-03T23:37:16Z,0.0
DD4 6NJ,SHEPD,LV,1,TN9739,37,2026-07-03T23:37:16Z,2026-07-03T23:37:16Z,0.0
DD4 6NQ,SHEPD,LV,1,TN9739,37,2026-07-03T23:37:16Z,2026-07-03T23:37:16Z,0.0
DD4 7ET,SHEPD,LV,1,TN9739,37,2026-07-03T23:37:16Z,2026-07-03T23:37:16Z,0.0
DD4 7EU,SHEPD,LV,1,TN9739,37,2026-07-03T23:37:16Z,2026-07-03T23:37:16Z,0.0
DD4 9LJ,SHEPD,LV,1,TN5147,20,2026-07-01T01:59:22Z,2026-07-01T01:59:22Z,0.0
DD4 9LR,SHEPD,LV,1,TN5147,20,2026-07-01T01:59:22Z,2026-07-01T01:59:22Z,0.0
DD4 9LS,SHEPD,LV,1,TN5147,20,2026-07-01T01:59:22Z,2026-07-01T01:59:22Z,0.0
DD4 9LT,SHEPD,LV,1,TN5147,20,2026-07-01T01:59:22Z,2026-07-01T01:59:22Z,0.0
DD4 9LU,SHEPD,LV,1,TN5147,20,2026-07-01T01:59:22Z,2026-07-01T01:59:22Z,0.0
DD8 1LN,SHEPD,LV,1,TP1762,24,2026-07-06T13:35:12Z,2026-07-06T13:35:12Z,0.0
DD8 1LY,SHEPD,LV,1,TP1762,24,2026-07-06T13:35:12Z,2026-07-06T13:35:12Z,0.0
DD8 1NB,SHEPD,LV,1,TP1762,24,2026-07-06T13:35:12Z,2026-07-06T13:35:12Z,0.0
DT11,SEPD,HV,1,TP3084,428,2026-07-07T08:44:05Z,2026-07-07T08:44:05Z,0.0
DT11 0AR,SEPD,HV,1,TP3084,428,2026-07-07T08:44:05Z,2026-07-07T08:44:05Z,0.0
DT11 0AS,SEPD,HV,1,TP3084,428,2026-07-07T08:44:05Z,2026-07-07T08:44:05Z,0.0
DT11 0AT,SEPD,HV,1,TP3084,428,2026-07-07T08:44:05Z,2026-07-07T08:44:05Z,0.0
DT11 0AU,SEPD,HV,1,TP3084,428,2026-07-07T08:44:05Z,2026-07-07T08:44:05Z,0.0
DT11 0AX,SEPD,HV,1,TP3084,428,2026-07-07T08:44:05Z,2026-07-07T08:44:05Z,0.0
DT11 0AY,SEPD,HV,1,TP3084,428,2026-07-07T08:44:05Z,2026-07-07T08:44:05Z,0.0
DT11 0AZ,SEPD,HV,1,TP3084,428,2026-07-07T08:44:05Z,2026-07-07T08:44:05Z,0.0
DT11 0BA,SEPD,HV,1,TP3084,428,2026-07-07T08:44:05Z,2026-07-07T08:44:05Z,0.0
DT11 0BB,SEPD,HV,1,TP3084,428,2026-07-07T08:44:05Z,2026-07-07T08:44:05Z,0.0
DT11 0BD,SEPD,HV,1,TP3084,428,2026-07-07T08:44:05Z,2026-07-07T08:44:05Z,0.0
DT11 0BE,SEPD,HV,1,TP3084,428,2026-07-07T08:44:05Z,2026-07-07T08:44:05Z,0.0
DT11 0BH,SEPD,HV,1,TP3084,428,2026-07-07T08:44:05Z,2026-07-07T08:44:05Z,0.0
DT11 0BJ,SEPD,HV,1,TP3084,428,2026-07-07T08:44:05Z,2026-07-07T08:44:05Z,0.0
DT11 0BL,SEPD,HV,1,TP3084,428,2026-07-07T08:44:05Z,2026-07-07T08:44:05Z,0.0
DT11 0BN,SEPD,HV,1,TP3084,428,2026-07-07T08:44:05Z,2026-07-07T08:44:05Z,0.0
DT11 0BP,SEPD,HV,1,TP3084,428,2026-07-07T08:44:05Z,2026-07-07T08:44:05Z,0.0
DT11 0BQ,SEPD,HV,1,TP3084,428,2026-07-07T08:44:05Z,2026-07-07T08:44:05Z,0.0
DT11 0BS,SEPD,HV,1,TP3084,428,2026-07-07T08:44:05Z,2026-07-07T08:44:05Z,0.0
DT11 0BT,SEPD,HV,1,TP3084,428,2026-07-07T08:44:05Z,2026-07-07T08:44:05Z,0.0
DT11 0BU,SEPD,HV,1,TP3084,428,2026-07-07T08:44:05Z,2026-07-07T08:44:05Z,0.0
DT11 0BW,SEPD,HV,1,TP3084,428,2026-07-07T08:44:05Z,2026-07-07T08:44:05Z,0.0
DT11 0BX,SEPD,HV,1,TP3084,428,2026-07-07T08:44:05Z,2026-07-07T08:44:05Z,0.0
DT11 0BY,SEPD,HV,1,TP3084,428,2026-07-07T08:44:05Z,2026-07-07T08:44:05Z,0.0
DT11 0BZ,SEPD,HV,1,TP3084,428,2026-07-07T08:44:05Z,2026-07-07T08:44:05Z,0.0
DT11 0DA,SEPD,HV,1,TP3084,428,2026-07-07T08:44:05Z,2026-07-07T08:44:05Z,0.0
DT11 0DB,SEPD,HV,1,TP3084,428,2026-07-07T08:44:05Z,2026-07-07T08:44:05Z,0.0
DT11 0DD,SEPD,HV,1,TP3084,428,2026-07-07T08:44:05Z,2026-07-07T08:44:05Z,0.0
DT11 0DE,SEPD,HV,1,TP3084,428,2026-07-07T08:44:05Z,2026-07-07T08:44:05Z,0.0
DT11 0DF,SEPD,HV,1,TP3084,428,2026-07-07T08:44:05Z,2026-07-07T08:44:05Z,0.0
DT11 0DG,SEPD,HV,1,TP3084,428,2026-07-07T08:44:05Z,2026-07-07T08:44:05Z,0.0
DT11 0DL,SEPD,HV,1,TP3084,428,2026-07-07T08:44:05Z,2026-07-07T08:44:05Z,0.0
DT11 0DP,SEPD,HV,1,TP3084,428,2026-07-07T08:44:05Z,2026-07-07T08:44:05Z,0.0
DT11 0DQ,SEPD,HV,1,TP3084,428,2026-07-07T08:44:05Z,2026-07-07T08:44:05Z,0.0
DT11 0FB,SEPD,HV,1,TP3084,428,2026-07-07T08:44:05Z,2026-07-07T08:44:05Z,0.0
DT11 0HT,SEPD,HV,1,TP3084,428,2026-07-07T08:44:05Z,2026-07-07T08:44:05Z,0.0
DT11 0LH,SEPD,HV,1,TP3084,428,2026-07-07T08:44:05Z,2026-07-07T08:44:05Z,0.0
DT11 0LQ,SEPD,HV,1,TP3084,428,2026-07-07T08:44:05Z,2026-07-07T08:44:05Z,0.0
DT2 0BZ,SEPD,LV,1,TP3858,2,2026-07-07T13:52:22Z,2026-07-07T13:52:22Z,0.0
DT3 6QJ,SEPD,LV,1,TP0860,6,2026-07-05T11:59:18Z,2026-07-05T11:59:18Z,0.0
DT9 5RA,SEPD,PSI,1,252407,3,2026-07-06T09:46:21Z,2026-07-06T09:46:21Z,0.0
DT9 6PH,SEPD,LV,1,TP0811,11,2026-07-05T11:59:18Z,2026-07-05T11:59:18Z,0.0
DT9 6QZ,SEPD,LV,1,TP0811,11,2026-07-05T11:59:18Z,2026-07-05T11:59:18Z,0.0
EH52,SHEPD,PSI,1,252826,211,2026-07-03T13:16:44Z,2026-07-03T13:16:44Z,0.0
EH52 6PX,SHEPD,PSI,1,252826,211,2026-07-03T13:16:44Z,2026-07-03T13:16:44Z,0.0
EH52 6SZ,SHEPD,PSI,1,252826,211,2026-07-03T13:16:44Z,2026-07-03T13:16:44Z,0.0
EH52 6UX,SHEPD,PSI,1,252826,211,2026-07-03T13:16:44Z,2026-07-03T13:16:44Z,0.0
EH52 6UY,SHEPD,PSI,1,252826,211,2026-07-03T13:16:44Z,2026-07-03T13:16:44Z,0.0
EH52 6UZ,SHEPD,PSI,1,252826,211,2026-07-03T13:16:44Z,2026-07-03T13:16:44Z,0.0
EH52 6WB,SHEPD,PSI,1,252826,211,2026-07-03T13:16:44Z,2026-07-03T13:16:44Z,0.0
EH52 6WD,SHEPD,PSI,1,252826,211,2026-07-03T13:16:44Z,2026-07-03T13:16:44Z,0.0
EH52 6WE,SHEPD,PSI,1,252826,211,2026-07-03T13:16:44Z,2026-07-03T13:16:44Z,0.0
EH52 6WQ,SHEPD,PSI,1,252826,211,2026-07-03T13:16:44Z,2026-07-03T13:16:44Z,0.0
EH52 6WR,SHEPD,PSI,1,252826,211,2026-07-03T13:16:44Z,2026-07-03T13:16:44Z,0.0
EH52 6WS,SHEPD,PSI,1,252826,211,2026-07-03T13:16:44Z,2026-07-03T13:16:44Z,0.0
FK8 3DY,SHEPD,HV,1,TN7957,85,2026-07-02T15:32:45Z,2026-07-02T15:32:45Z,0.0
FK8 3HS,SHEPD,HV,1,TN7957,85,2026-07-02T15:32:45Z,2026-07-02T15:32:45Z,0.0
FK8 3HT,SHEPD,HV,1,TN7957,85,2026-07-02T15:32:45Z,2026-07-02T15:32:45Z,0.0
FK8 3HU,SHEPD,HV,1,TN7957,85,2026-07-02T15:32:45Z,2026-07-02T15:32:45Z,0.0
FK8 3HX,SHEPD,HV,1,TN7957,85,2026-07-02T15:32:45Z,2026-07-02T15:32:45Z,0.0
FK8 3HY,SHEPD,HV,1,TN7957,85,2026-07-02T15:32:45Z,2026-07-02T15:32:45Z,0.0
FK8 3JA,SHEPD,HV,1,TN7957,85,2026-07-02T15:32:45Z,2026-07-02T15:32:45Z,0.0
FK8 3JN,SHEPD,HV,1,TN7957,85,2026-07-02T15:32:45Z,2026-07-02T15:32:45Z,0.0
FK8 3JW,SHEPD,HV,1,TN7957,85,2026-07-02T15:32:45Z,2026-07-02T15:32:45Z,0.0
G63 0LN,SHEPD,HV,1,TN7957,85,2026-07-02T15:32:45Z,2026-07-02T15:32:45Z,0.0
G63 0LP,SHEPD,HV,1,TN7957,85,2026-07-02T15:32:45Z,2026-07-02T15:32:45Z,0.0
G63 0LR,SHEPD,HV,1,TN7957,85,2026-07-02T15:32:45Z,2026-07-02T15:32:45Z,0.0
G63 0LS,SHEPD,HV,1,TN7957,85,2026-07-02T15:32:45Z,2026-07-02T15:32:45Z,0.0
G63 0LW,SHEPD,HV,1,TN7957,85,2026-07-02T15:32:45Z,2026-07-02T15:32:45Z,0.0
G63 0XG,SHEPD,HV,1,TN7957,85,2026-07-02T15:32:45Z,2026-07-02T15:32:45Z,0.0
G83 8PD,SHEPD,HV,1,TN7594,14,2026-07-02T13:12:33Z,2026-07-02T13:12:33Z,0.0
GL54 4HT,SEPD,PSI,1,251952,6,2026-07-01T10:33:26Z,2026-07-01T10:33:26Z,0.0
GL54 4LL,SEPD,PSI,1,251952,6,2026-07-01T10:33:26Z,2026-07-01T10:33:26Z,0.0
GL7 2PZ,SEPD,LV,1,TN4376,6,2026-06-30T17:14:57Z,2026-06-30T17:14:57Z,0.0
GL7 5PR,SEPD,LV,1,TN5410,25,2026-07-01T13:21:00Z,2026-07-01T13:21:00Z,0.0
GU10 2QF,SEPD,HV,1,TP1480,113,2026-07-06T05:49:40Z,2026-07-06T05:49:40Z,0.0
GU10 2QG,SEPD,HV,1,TP1480,113,2026-07-06T05:49:40Z,2026-07-06T05:49:40Z,0.0
GU10 2QJ,SEPD,HV,1,TP1480,113,2026-07-06T05:49:40Z,2026-07-06T05:49:40Z,0.0
GU10 2QQ,SEPD,HV,1,TP1480,113,2026-07-06T05:49:40Z,2026-07-06T05:49:40Z,0.0
GU10 4HP,SEPD,HV,1,TP1480,113,2026-07-06T05:49:40Z,2026-07-06T05:49:40Z,0.0
GU10 4HR,SEPD,HV,1,TP1480,113,2026-07-06T05:49:40Z,2026-07-06T05:49:40Z,0.0
GU10 4HT,SEPD,HV,1,TP1480,113,2026-07-06T05:49:40Z,2026-07-06T05:49:40Z,0.0
GU15 2DF,SEPD,LV,1,TN4349,10,2026-06-30T17:14:57Z,2026-06-30T17:14:57Z,0.0
GU15 2JL,SEPD,HV,1,TP0552,561,2026-07-04T21:11:03Z,2026-07-04T21:11:03Z,0.0
GU15 2JY,SEPD,HV,1,TP0552,561,2026-07-04T21:11:03Z,2026-07-04T21:11:03Z,0.0
GU15 2LD,SEPD,HV,1,TP0552,561,2026-07-04T21:11:03Z,2026-07-04T21:11:03Z,0.0
GU15 2LG,SEPD,HV,1,TP0552,561,2026-07-04T21:11:03Z,2026-07-04T21:11:03Z,0.0
GU15 2LJ,SEPD,HV,1,TP0552,561,2026-07-04T21:11:03Z,2026-07-04T21:11:03Z,0.0
GU15 2LZ,SEPD,HV,1,TP0552,561,2026-07-04T21:11:03Z,2026-07-04T21:11:03Z,0.0
GU15 2NA,SEPD,HV,1,TP0552,561,2026-07-04T21:11:03Z,2026-07-04T21:11:03Z,0.0
GU15 2NB,SEPD,HV,1,TP0552,561,2026-07-04T21:11:03Z,2026-07-04T21:11:03Z,0.0
GU15 2ND,SEPD,HV,1,TP0552,561,2026-07-04T21:11:03Z,2026-07-04T21:11:03Z,0.0
GU15 2NG,SEPD,HV,1,TP0552,561,2026-07-04T21:11:03Z,2026-07-04T21:11:03Z,0.0
GU15 2NH,SEPD,HV,1,TP0552,561,2026-07-04T21:11:03Z,2026-07-04T21:11:03Z,0.0
GU15 2NQ,SEPD,HV,1,TP0552,561,2026-07-04T21:11:03Z,2026-07-04T21:11:03Z,0.0
GU15 2PD,SEPD,HV,1,TP0552,561,2026-07-04T21:11:03Z,2026-07-04T21:11:03Z,0.0
GU15 2PE,SEPD,HV,1,TP0552,561,2026-07-04T21:11:03Z,2026-07-04T21:11:03Z,0.0
GU15 2PF,SEPD,HV,1,TP0552,561,2026-07-04T21:11:03Z,2026-07-04T21:11:03Z,0.0
GU15 2PG,SEPD,HV,1,TP0552,561,2026-07-04T21:11:03Z,2026-07-04T21:11:03Z,0.0
GU15 2SN,SEPD,HV,1,TP0552,561,2026-07-04T21:11:03Z,2026-07-04T21:11:03Z,0.0
GU15 2SR,SEPD,HV,1,TP0552,561,2026-07-04T21:11:03Z,2026-07-04T21:11:03Z,0.0
GU15 2YB,SEPD,HV,1,TP0552,561,2026-07-04T21:11:03Z,2026-07-04T21:11:03Z,0.0
GU15 3AD,SEPD,HV,1,TP0552,561,2026-07-04T21:11:03Z,2026-07-04T21:11:03Z,0.0
GU15 3AQ,SEPD,HV,1,TP0552,561,2026-07-04T21:11:03Z,2026-07-04T21:11:03Z,0.0
GU15 3QU,SEPD,LV,1,TN5171,13,2026-07-01T01:59:22Z,2026-07-01T01:59:22Z,0.0
GU15 3RB,SEPD,LV,1,TN5171,13,2026-07-01T01:59:22Z,2026-07-01T01:59:22Z,0.0
GU15 3RE,SEPD,LV,1,TN5171,13,2026-07-01T01:59:22Z,2026-07-01T01:59:22Z,0.0
GU15 3RG,SEPD,LV,1,TN5171,13,2026-07-01T01:59:22Z,2026-07-01T01:59:22Z,0.0
GU15 3UL,SEPD,LV,1,TN5171,13,2026-07-01T01:59:22Z,2026-07-01T01:59:22Z,0.0
GU15 3YN,SEPD,HV,1,TP0552,561,2026-07-04T21:11:03Z,2026-07-04T21:11:03Z,0.0
GU17 0EU,SEPD,LV,1,TN4968,19,2026-06-30T21:06:42Z,2026-06-30T21:06:42Z,0.0
GU17 0EX,SEPD,LV,1,TN4968,19,2026-06-30T21:06:42Z,2026-06-30T21:06:42Z,0.0
GU17 0HA,SEPD,LV,1,TN4968,19,2026-06-30T21:06:42Z,2026-06-30T21:06:42Z,0.0
GU17 0HD,SEPD,LV,1,TN4968,19,2026-06-30T21:06:42Z,2026-06-30T21:06:42Z,0.0
GU17 9EP,SEPD,LV,1,TP3844,13,2026-07-07T13:52:22Z,2026-07-07T13:52:22Z,0.0
GU17 9EQ,SEPD,LV,1,TP3844,13,2026-07-07T13:52:22Z,2026-07-07T13:52:22Z,0.0
GU17 9ES,SEPD,LV,1,TP3844,13,2026-07-07T13:52:22Z,2026-07-07T13:52:22Z,0.0
GU17 9ET,SEPD,LV,1,TP3844,13,2026-07-07T13:52:22Z,2026-07-07T13:52:22Z,0.0
GU17 9HH,SEPD,LV,1,TP3844,13,2026-07-07T13:52:22Z,2026-07-07T13:52:22Z,0.0
GU19 5JY,SEPD,LV,1,TN5313,9,2026-07-01T06:42:02Z,2026-07-01T06:42:02Z,0.0
GU19 5NL,SEPD,LV,1,TN5313,9,2026-07-01T06:42:02Z,2026-07-01T06:42:02Z,0.0
GU19 5NW,SEPD,LV,1,TN5313,9,2026-07-01T06:42:02Z,2026-07-01T06:42:02Z,0.0
GU26 6DL,SEPD,HV,1,TP1678,220,2026-07-06T09:46:21Z,2026-07-06T09:46:21Z,0.0
GU26 6DP,SEPD,HV,1,TP1678,220,2026-07-06T09:46:21Z,2026-07-06T09:46:21Z,0.0
GU26 6DS,SEPD,HV,1,TP1678,220,2026-07-06T09:46:21Z,2026-07-06T09:46:21Z,0.0
GU26 6DT,SEPD,HV,1,TP1678,220,2026-07-06T09:46:21Z,2026-07-06T09:46:21Z,0.0
GU26 6DX,SEPD,HV,1,TP1678,220,2026-07-06T09:46:21Z,2026-07-06T09:46:21Z,0.0
GU26 6DY,SEPD,HV,1,TP1678,220,2026-07-06T09:46:21Z,2026-07-06T09:46:21Z,0.0
GU26 6DZ,SEPD,HV,1,TP1678,220,2026-07-06T09:46:21Z,2026-07-06T09:46:21Z,0.0
GU26 6EA,SEPD,HV,1,TP1678,220,2026-07-06T09:46:21Z,2026-07-06T09:46:21Z,0.0
GU26 6EB,SEPD,HV,1,TP1678,220,2026-07-06T09:46:21Z,2026-07-06T09:46:21Z,0.0
GU26 6JA,SEPD,HV,1,TP1678,220,2026-07-06T09:46:21Z,2026-07-06T09:46:21Z,0.0
GU26 6JB,SEPD,HV,1,TP1678,220,2026-07-06T09:46:21Z,2026-07-06T09:46:21Z,0.0
GU26 6JD,SEPD,HV,1,TP1678,220,2026-07-06T09:46:21Z,2026-07-06T09:46:21Z,0.0
GU26 6JE,SEPD,HV,1,TP1678,220,2026-07-06T09:46:21Z,2026-07-06T09:46:21Z,0.0
GU26 6JF,SEPD,HV,1,TP1678,220,2026-07-06T09:46:21Z,2026-07-06T09:46:21Z,0.0
GU26 6JG,SEPD,HV,1,TP1678,220,2026-07-06T09:46:21Z,2026-07-06T09:46:21Z,0.0
GU26 6JH,SEPD,HV,1,TP1678,220,2026-07-06T09:46:21Z,2026-07-06T09:46:21Z,0.0
GU26 6JJ,SEPD,HV,1,TP1678,220,2026-07-06T09:46:21Z,2026-07-06T09:46:21Z,0.0
GU26 6JL,SEPD,HV,1,TP1678,220,2026-07-06T09:46:21Z,2026-07-06T09:46:21Z,0.0
GU26 6JQ,SEPD,HV,1,TP1678,220,2026-07-06T09:46:21Z,2026-07-06T09:46:21Z,0.0
GU26 6LD,SEPD,HV,1,TP1678,220,2026-07-06T09:46:21Z,2026-07-06T09:46:21Z,0.0
GU29 0JW,SEPD,PSI,1,252152,57,2026-07-02T11:18:59Z,2026-07-02T11:18:59Z,0.0
GU29 0PE,SEPD,PSI,1,252152,57,2026-07-02T11:18:59Z,2026-07-02T11:18:59Z,0.0
GU29 0PF,SEPD,PSI,1,252152,57,2026-07-02T11:18:59Z,2026-07-02T11:18:59Z,0.0
GU29 0PG,SEPD,PSI,1,252097,16,2026-07-03T11:16:23Z,2026-07-03T11:16:23Z,0.0
GU29 0PH,SEPD,PSI,1,252097,16,2026-07-03T11:16:23Z,2026-07-03T11:16:23Z,0.0
GU29 0PN,SEPD,PSI,1,252097,16,2026-07-03T11:16:23Z,2026-07-03T11:16:23Z,0.0
GU29 0PT,SEPD,PSI,1,252152,57,2026-07-02T11:18:59Z,2026-07-02T11:18:59Z,0.0
GU29 0PU,SEPD,PSI,1,252152,57,2026-07-02T11:18:59Z,2026-07-02T11:18:59Z,0.0
GU29 0PW,SEPD,PSI,1,252097,16,2026-07-03T11:16:23Z,2026-07-03T11:16:23Z,0.0
GU32 1BF,SEPD,PSI,1,251973,11,2026-07-07T08:44:05Z,2026-07-07T08:44:05Z,0.0
GU32 1HE,SEPD,PSI,1,251973,11,2026-07-07T08:44:05Z,2026-07-07T08:44:05Z,0.0
GU32 1HG,SEPD,PSI,1,251973,11,2026-07-07T08:44:05Z,2026-07-07T08:44:05Z,0.0
GU32 1HR,SEPD,PSI,1,251973,11,2026-07-07T08:44:05Z,2026-07-07T08:44:05Z,0.0
GU32 3LH,SEPD,LV,1,TP1252,12,2026-07-05T20:03:20Z,2026-07-05T20:03:20Z,0.0
GU34 2BE,SEPD,LV,1,TP3819,32,2026-07-07T13:52:22Z,2026-07-07T13:52:22Z,0.0
GU34 2BG,SEPD,LV,1,TP3819,32,2026-07-07T13:52:22Z,2026-07-07T13:52:22Z,0.0
GU34 2BJ,SEPD,LV,1,TP3819,32,2026-07-07T13:52:22Z,2026-07-07T13:52:22Z,0.0
GU34 2BQ,SEPD,LV,1,TP3819,32,2026-07-07T13:52:22Z,2026-07-07T13:52:22Z,0.0
GU34 2QD,SEPD,LV,1,TN6995,3,2026-07-02T08:34:46Z,2026-07-02T08:34:46Z,0.0
GU34 2QE,SEPD,LV,1,TN6995,3,2026-07-02T08:34:46Z,2026-07-02T08:34:46Z,0.0
GU35 8AW,SEPD,HV,1,TP1678,220,2026-07-06T09:46:21Z,2026-07-06T09:46:21Z,0.0
GU35 8JL,SEPD,HV,1,TP1678,220,2026-07-06T09:46:21Z,2026-07-06T09:46:21Z,0.0
GU35 8JN,SEPD,HV,1,TP1678,220,2026-07-06T09:46:21Z,2026-07-06T09:46:21Z,0.0
GU35 8JX,SEPD,HV,1,TP1678,220,2026-07-06T09:46:21Z,2026-07-06T09:46:21Z,0.0
GU35 8JZ,SEPD,HV,1,TP1678,220,2026-07-06T09:46:21Z,2026-07-06T09:46:21Z,0.0
GU35 8LA,SEPD,HV,1,TP1678,220,2026-07-06T09:46:21Z,2026-07-06T09:46:21Z,0.0
GU51 5DH,SEPD,LV,1,TN7358,13,2026-07-02T11:18:59Z,2026-07-02T11:18:59Z,0.0
GU51 5NH,SEPD,LV,1,TN7358,13,2026-07-02T11:18:59Z,2026-07-02T11:18:59Z,0.0
GU51 5NP,SEPD,LV,1,TN7358,13,2026-07-02T11:18:59Z,2026-07-02T11:18:59Z,0.0
GU51 5SA,SEPD,LV,1,TN7358,13,2026-07-02T11:18:59Z,2026-07-02T11:18:59Z,0.0
HP10 0JA,SEPD,HV,1,TN4435,109,2026-06-30T17:14:57Z,2026-06-30T17:14:57Z,0.0
HP10 0JB,SEPD,HV,1,TN4435,109,2026-06-30T17:14:57Z,2026-06-30T17:14:57Z,0.0
HP10 0JG,SEPD,HV,1,TN4435,109,2026-06-30T17:14:57Z,2026-06-30T17:14:57Z,0.0
HP10 0JH,SEPD,HV,1,TN4435,109,2026-06-30T17:14:57Z,2026-06-30T17:14:57Z,0.0
HP10 0JJ,SEPD,HV,1,TN4435,109,2026-06-30T17:14:57Z,2026-06-30T17:14:57Z,0.0
HP10 0JL,SEPD,HV,1,TN4435,109,2026-06-30T17:14:57Z,2026-06-30T17:14:57Z,0.0
HP10 0JQ,SEPD,HV,1,TN4435,109,2026-06-30T17:14:57Z,2026-06-30T17:14:57Z,0.0
HP10 8AA,SEPD,PSI,1,252179,2,2026-07-06T13:35:12Z,2026-07-06T13:35:12Z,0.0
HP10 8LF,SEPD,PSI,1,252179,2,2026-07-06T13:35:12Z,2026-07-06T13:35:12Z,0.0
HP14 4LT,SEPD,LV,1,TP2390,13,2026-07-06T18:47:40Z,2026-07-06T18:47:40Z,0.0
HP14 4LZ,SEPD,LV,1,TP2390,13,2026-07-06T18:47:40Z,2026-07-06T18:47:40Z,0.0
HS5 3JW,SHEPD,LV,1,TN7997,2,2026-07-02T17:14:38Z,2026-07-02T17:14:38Z,0.0
HS5 3TW,SHEPD,LV,1,TN7997,2,2026-07-02T17:14:38Z,2026-07-02T17:14:38Z,0.0
IV1 1DG,SHEPD,LV,1,TN6610,6,2026-07-01T20:13:43Z,2026-07-01T20:13:43Z,0.0
IV1 1EH,SHEPD,LV,1,TN6610,6,2026-07-01T20:13:43Z,2026-07-01T20:13:43Z,0.0
IV1 1EJ,SHEPD,LV,1,TN6610,6,2026-07-01T20:13:43Z,2026-07-01T20:13:43Z,0.0
IV1 1ES,SHEPD,LV,1,TN6610,6,2026-07-01T20:13:43Z,2026-07-01T20:13:43Z,0.0
IV15 9GY,SHEPD,LV,1,TP2636,8,2026-07-06T18:47:40Z,2026-07-06T18:47:40Z,0.0
IV15 9JD,SHEPD,LV,1,TP2636,8,2026-07-06T18:47:40Z,2026-07-06T18:47:40Z,0.0
IV15 9JS,SHEPD,LV,1,TP2636,8,2026-07-06T18:47:40Z,2026-07-06T18:47:40Z,0.0
IV15 9QP,SHEPD,LV,1,TP2636,8,2026-07-06T18:47:40Z,2026-07-06T18:47:40Z,0.0
IV15 9QS,SHEPD,LV,1,TP2636,8,2026-07-06T18:47:40Z,2026-07-06T18:47:40Z,0.0
IV15 9QW,SHEPD,LV,1,TP2636,8,2026-07-06T18:47:40Z,2026-07-06T18:47:40Z,0.0
IV15 9QZ,SHEPD,LV,1,TP2636,8,2026-07-06T18:47:40Z,2026-07-06T18:47:40Z,0.0
IV2 7JJ,SHEPD,PSI,1,252568,3,2026-07-07T11:34:20Z,2026-07-07T11:34:20Z,0.0
IV20 1TR,SHEPD,PSI,1,251988,2,2026-07-01T10:33:26Z,2026-07-01T10:33:26Z,0.0
IV26 2TP,SHEPD,PSI,1,251987,10,2026-07-02T11:18:59Z,2026-07-02T11:18:59Z,0.0
IV27,SHEPD,PSI,1,251906,245,2026-06-30T17:14:57Z,2026-06-30T17:14:57Z,0.0
IV27 4EG,SHEPD,PSI,1,251906,245,2026-06-30T17:14:57Z,2026-06-30T17:14:57Z,0.0
IV27 4EU,SHEPD,PSI,1,251906,245,2026-06-30T17:14:57Z,2026-06-30T17:14:57Z,0.0
IV27 4HW,SHEPD,PSI,1,251906,245,2026-06-30T17:14:57Z,2026-06-30T17:14:57Z,0.0
IV27 4PA,SHEPD,PSI,1,251906,245,2026-06-30T17:14:57Z,2026-06-30T17:14:57Z,0.0
IV27 4PN,SHEPD,PSI,1,251998,290,2026-07-03T15:30:39Z,2026-07-03T15:30:39Z,0.0
IV27 4PP,SHEPD,PSI,1,251998,290,2026-07-03T15:30:39Z,2026-07-03T15:30:39Z,0.0
IV27 4PR,SHEPD,PSI,1,251998,290,2026-07-03T15:30:39Z,2026-07-03T15:30:39Z,0.0
IV27 4PS,SHEPD,PSI,1,251998,290,2026-07-03T15:30:39Z,2026-07-03T15:30:39Z,0.0
IV27 4PT,SHEPD,PSI,1,251998,290,2026-07-03T15:30:39Z,2026-07-03T15:30:39Z,0.0
IV27 4PU,SHEPD,PSI,1,251998,290,2026-07-03T15:30:39Z,2026-07-03T15:30:39Z,0.0
IV27 4PX,SHEPD,PSI,1,251998,290,2026-07-03T15:30:39Z,2026-07-03T15:30:39Z,0.0
IV27 4QD,SHEPD,PSI,1,251998,290,2026-07-03T15:30:39Z,2026-07-03T15:30:39Z,0.0
IV27 4QF,SHEPD,PSI,1,251998,290,2026-07-03T15:30:39Z,2026-07-03T15:30:39Z,0.0
IV27 4SN,SHEPD,PSI,1,251998,290,2026-07-03T15:30:39Z,2026-07-03T15:30:39Z,0.0
IV27 4SR,SHEPD,PSI,1,251906,245,2026-06-30T17:14:57Z,2026-06-30T17:14:57Z,0.0
IV27 4SS,SHEPD,PSI,1,251906,245,2026-06-30T17:14:57Z,2026-06-30T17:14:57Z,0.0
IV27 4ST,SHEPD,PSI,1,251906,245,2026-06-30T17:14:57Z,2026-06-30T17:14:57Z,0.0
IV27 4SU,SHEPD,PSI,1,251906,245,2026-06-30T17:14:57Z,2026-06-30T17:14:57Z,0.0
IV27 4SW,SHEPD,PSI,1,251998,290,2026-07-03T15:30:39Z,2026-07-03T15:30:39Z,0.0
IV27 4SX,SHEPD,PSI,1,251906,245,2026-06-30T17:14:57Z,2026-06-30T17:14:57Z,0.0
IV27 4TD,SHEPD,PSI,1,251906,245,2026-06-30T17:14:57Z,2026-06-30T17:14:57Z,0.0
IV27 4TE,SHEPD,PSI,1,251906,245,2026-06-30T17:14:57Z,2026-06-30T17:14:57Z,0.0
IV27 4TF,SHEPD,PSI,1,251906,245,2026-06-30T17:14:57Z,2026-06-30T17:14:57Z,0.0
IV27 4TG,SHEPD,PSI,1,251906,245,2026-06-30T17:14:57Z,2026-06-30T17:14:57Z,0.0
IV27 4TH,SHEPD,PSI,1,251906,245,2026-06-30T17:14:57Z,2026-06-30T17:14:57Z,0.0
IV27 4TJ,SHEPD,PSI,1,251906,245,2026-06-30T17:14:57Z,2026-06-30T17:14:57Z,0.0
IV27 4TL,SHEPD,PSI,1,251906,245,2026-06-30T17:14:57Z,2026-06-30T17:14:57Z,0.0
IV27 4TQ,SHEPD,PSI,1,251906,245,2026-06-30T17:14:57Z,2026-06-30T17:14:57Z,0.0
IV27 4TW,SHEPD,PSI,1,251906,245,2026-06-30T17:14:57Z,2026-06-30T17:14:57Z,0.0
IV27 4UE,SHEPD,PSI,1,251998,290,2026-07-03T15:30:39Z,2026-07-03T15:30:39Z,0.0
IV27 4UN,SHEPD,PSI,1,251998,290,2026-07-03T15:30:39Z,2026-07-03T15:30:39Z,0.0
IV3 5HP,SHEPD,LV,1,TN9677,22,2026-07-03T21:16:29Z,2026-07-03T21:16:29Z,0.0
IV3 5HS,SHEPD,LV,1,TN9677,22,2026-07-03T21:16:29Z,2026-07-03T21:16:29Z,0.0
IV3 5HT,SHEPD,LV,1,TN9677,22,2026-07-03T21:16:29Z,2026-07-03T21:16:29Z,0.0
IV3 5HU,SHEPD,LV,1,TN9677,22,2026-07-03T21:16:29Z,2026-07-03T21:16:29Z,0.0
IV3 5HX,SHEPD,LV,1,TN9677,22,2026-07-03T21:16:29Z,2026-07-03T21:16:29Z,0.0
IV3 5HY,SHEPD,LV,1,TN9677,22,2026-07-03T21:16:29Z,2026-07-03T21:16:29Z,0.0
IV3 5HZ,SHEPD,LV,1,TN9677,22,2026-07-03T21:16:29Z,2026-07-03T21:16:29Z,0.0
IV3 5JA,SHEPD,LV,1,TN9677,22,2026-07-03T21:16:29Z,2026-07-03T21:16:29Z,0.0
IV3 5PX,SHEPD,LV,1,TN9677,22,2026-07-03T21:16:29Z,2026-07-03T21:16:29Z,0.0
IV3 5PY,SHEPD,LV,1,TN9677,22,2026-07-03T21:16:29Z,2026-07-03T21:16:29Z,0.0
IV30 5QP,SHEPD,HV,1,TN6346,83,2026-07-01T16:00:46Z,2026-07-01T16:00:46Z,0.0
IV30 5RH,SHEPD,HV,1,TN6346,83,2026-07-01T16:00:46Z,2026-07-01T16:00:46Z,0.0
IV30 5RN,SHEPD,HV,1,TN6346,83,2026-07-01T16:00:46Z,2026-07-01T16:00:46Z,0.0
IV30 5YD,SHEPD,HV,1,TN6346,83,2026-07-01T16:00:46Z,2026-07-01T16:00:46Z,0.0
IV30 5YE,SHEPD,HV,1,TN6346,83,2026-07-01T16:00:46Z,2026-07-01T16:00:46Z,0.0
IV30 5YF,SHEPD,HV,1,TN6346,83,2026-07-01T16:00:46Z,2026-07-01T16:00:46Z,0.0
IV30 5YG,SHEPD,HV,1,TN6346,83,2026-07-01T16:00:46Z,2026-07-01T16:00:46Z,0.0
IV30 5YP,SHEPD,HV,1,TN6346,83,2026-07-01T16:00:46Z,2026-07-01T16:00:46Z,0.0
IV30 5YQ,SHEPD,HV,1,TN6346,83,2026-07-01T16:00:46Z,2026-07-01T16:00:46Z,0.0
IV30 8XN,SHEPD,HV,1,TN6346,83,2026-07-01T16:00:46Z,2026-07-01T16:00:46Z,0.0
IV36 0SU,SHEPD,LV,1,TN6602,2,2026-07-01T21:54:21Z,2026-07-01T21:54:21Z,0.0
IV36 2SW,SHEPD,LV,1,TN6602,2,2026-07-01T21:54:21Z,2026-07-01T21:54:21Z,0.0
IV40,SHEPD,PSI,1,252308,99,2026-07-01T10:33:26Z,2026-07-01T10:33:26Z,0.0
IV51 9JS,SHEPD,LV,1,TP2573,3,2026-07-06T18:47:40Z,2026-07-06T18:47:40Z,0.0
IV51 9JT,SHEPD,LV,1,TP2573,3,2026-07-06T18:47:40Z,2026-07-06T18:47:40Z,0.0
IV51 9YT,SHEPD,LV,1,TP0948,7,2026-07-05T15:21:29Z,2026-07-05T15:21:29Z,0.0
IV54,SHEPD,PSI,1,252308,99,2026-07-01T10:33:26Z,2026-07-01T10:33:26Z,0.0
IV54 8XA,SHEPD,PSI,1,252308,99,2026-07-01T10:33:26Z,2026-07-01T10:33:26Z,0.0
IV54 8YG,SHEPD,PSI,1,252308,99,2026-07-01T10:33:26Z,2026-07-01T10:33:26Z,0.0
IV54 8YH,SHEPD,PSI,1,252308,99,2026-07-01T10:33:26Z,2026-07-01T10:33:26Z,0.0
IV54 8YN,SHEPD,PSI,1,252308,99,2026-07-01T10:33:26Z,2026-07-01T10:33:26Z,0.0
IV54 8YR,SHEPD,PSI,1,252308,99,2026-07-01T10:33:26Z,2026-07-01T10:33:26Z,0.0
IV54 8YS,SHEPD,PSI,1,252308,99,2026-07-01T10:33:26Z,2026-07-01T10:33:26Z,0.0
IV54 8YU,SHEPD,PSI,1,252308,99,2026-07-01T10:33:26Z,2026-07-01T10:33:26Z,0.0
IV54 8YW,SHEPD,PSI,1,252308,99,2026-07-01T10:33:26Z,2026-07-01T10:33:26Z,0.0
IV54 8YX,SHEPD,PSI,1,252308,99,2026-07-01T10:33:26Z,2026-07-01T10:33:26Z,0.0
IV55 8GU,SHEPD,LV,1,TP0948,7,2026-07-05T15:21:29Z,2026-07-05T15:21:29Z,0.0
IV55 8WA,SHEPD,LV,1,TP0948,7,2026-07-05T15:21:29Z,2026-07-05T15:21:29Z,0.0
KA27 8EW,SHEPD,HV,1,TP0497,87,2026-07-04T18:45:16Z,2026-07-04T18:45:16Z,0.0
KA27 8EY,SHEPD,HV,1,TP0497,87,2026-07-04T18:45:16Z,2026-07-04T18:45:16Z,0.0
KA27 8PA,SHEPD,HV,1,TP0497,87,2026-07-04T18:45:16Z,2026-07-04T18:45:16Z,0.0
KA27 8PD,SHEPD,HV,1,TP0497,87,2026-07-04T18:45:16Z,2026-07-04T18:45:16Z,0.0
KA28 0HA,SHEPD,PSI,1,252249,29,2026-07-07T11:34:20Z,2026-07-07T11:34:20Z,0.0
KA28 0HB,SHEPD,PSI,1,252249,29,2026-07-07T11:34:20Z,2026-07-07T11:34:20Z,0.0
KW14 7JA,SHEPD,LV,1,TP2230,11,2026-07-06T16:44:02Z,2026-07-06T16:44:02Z,0.0
KW14 7JH,SHEPD,LV,1,TP2230,11,2026-07-06T16:44:02Z,2026-07-06T16:44:02Z,0.0
KW14 7JJ,SHEPD,LV,1,TP2230,11,2026-07-06T16:44:02Z,2026-07-06T16:44:02Z,0.0
KW14 7JP,SHEPD,LV,1,TP2230,11,2026-07-06T16:44:02Z,2026-07-06T16:44:02Z,0.0
KW14 7JT,SHEPD,LV,1,TP2230,11,2026-07-06T16:44:02Z,2026-07-06T16:44:02Z,0.0
KW14 7JY,SHEPD,LV,1,TP2230,11,2026-07-06T16:44:02Z,2026-07-06T16:44:02Z,0.0
KW14 8AB,SHEPD,LV,1,TP2230,11,2026-07-06T16:44:02Z,2026-07-06T16:44:02Z,0.0
KW15 1TT,SHEPD,HV,1,TN4292,6,2026-06-30T17:14:57Z,2026-06-30T17:14:57Z,0.0
KW17 2BE,SHEPD,HV,1,TP0208,90,2026-07-04T12:51:06Z,2026-07-04T12:51:06Z,0.0
KW17 2BG,SHEPD,HV,1,TP0208,90,2026-07-04T12:51:06Z,2026-07-04T12:51:06Z,0.0
KW17 2BN,SHEPD,HV,1,TP1457,105,2026-07-06T09:46:21Z,2026-07-06T09:46:21Z,0.0
KW9 6LP,SHEPD,PSI,1,251906,245,2026-06-30T17:14:57Z,2026-06-30T17:14:57Z,0.0
MK18 4AJ,SEPD,HV,1,TN8425,589,2026-07-03T05:32:53Z,2026-07-03T05:32:53Z,0.0
MK18 4AQ,SEPD,HV,1,TN8425,589,2026-07-03T05:32:53Z,2026-07-03T05:32:53Z,0.0
MK18 4AU,SEPD,HV,1,TN8425,589,2026-07-03T05:32:53Z,2026-07-03T05:32:53Z,0.0
MK18 4AX,SEPD,HV,1,TN8425,589,2026-07-03T05:32:53Z,2026-07-03T05:32:53Z,0.0
MK18 4AY,SEPD,HV,1,TN8425,589,2026-07-03T05:32:53Z,2026-07-03T05:32:53Z,0.0
MK18 4AZ,SEPD,HV,1,TN8425,589,2026-07-03T05:32:53Z,2026-07-03T05:32:53Z,0.0
NW10 6DD,SEPD,HV,1,TN5294,357,2026-07-01T06:42:02Z,2026-07-01T06:42:02Z,0.0
NW10 6DJ,SEPD,HV,1,TN5294,357,2026-07-01T06:42:02Z,2026-07-01T06:42:02Z,0.0
NW10 6DN,SEPD,HV,1,TN5294,357,2026-07-01T06:42:02Z,2026-07-01T06:42:02Z,0.0
NW10 6DR,SEPD,HV,1,TN5294,357,2026-07-01T06:42:02Z,2026-07-01T06:42:02Z,0.0
NW10 6DX,SEPD,HV,1,TN5294,357,2026-07-01T06:42:02Z,2026-07-01T06:42:02Z,0.0
NW10 6EG,SEPD,HV,1,TN5294,357,2026-07-01T06:42:02Z,2026-07-01T06:42:02Z,0.0
NW10 6EX,SEPD,HV,1,TN5294,357,2026-07-01T06:42:02Z,2026-07-01T06:42:02Z,0.0
NW10 6LB,SEPD,HV,1,TN5294,357,2026-07-01T06:42:02Z,2026-07-01T06:42:02Z,0.0
NW10 6LH,SEPD,HV,1,TN5294,357,2026-07-01T06:42:02Z,2026-07-01T06:42:02Z,0.0
NW10 6LJ,SEPD,HV,1,TN5294,357,2026-07-01T06:42:02Z,2026-07-01T06:42:02Z,0.0
NW10 6LL,SEPD,HV,1,TN5294,357,2026-07-01T06:42:02Z,2026-07-01T06:42:02Z,0.0
NW10 6LP,SEPD,HV,1,TN5294,357,2026-07-01T06:42:02Z,2026-07-01T06:42:02Z,0.0
NW10 6NB,SEPD,HV,1,TN5294,357,2026-07-01T06:42:02Z,2026-07-01T06:42:02Z,0.0
NW10 6ND,SEPD,HV,1,TN5294,357,2026-07-01T06:42:02Z,2026-07-01T06:42:02Z,0.0
NW10 6NF,SEPD,HV,1,TN5294,357,2026-07-01T06:42:02Z,2026-07-01T06:42:02Z,0.0
NW10 6NJ,SEPD,HV,1,TN5294,357,2026-07-01T06:42:02Z,2026-07-01T06:42:02Z,0.0
NW10 6NY,SEPD,HV,1,TN5294,357,2026-07-01T06:42:02Z,2026-07-01T06:42:02Z,0.0
NW10 6PA,SEPD,HV,1,TN5294,357,2026-07-01T06:42:02Z,2026-07-01T06:42:02Z,0.0
NW10 6PN,SEPD,HV,1,TN5294,357,2026-07-01T06:42:02Z,2026-07-01T06:42:02Z,0.0
NW10 6PT,SEPD,HV,1,TN5294,357,2026-07-01T06:42:02Z,2026-07-01T06:42:02Z,0.0
NW10 6PW,SEPD,HV,1,TN5294,357,2026-07-01T06:42:02Z,2026-07-01T06:42:02Z,0.0
NW10 6SN,SEPD,HV,1,TN5294,357,2026-07-01T06:42:02Z,2026-07-01T06:42:02Z,0.0
NW10 6ST,SEPD,HV,1,TN5294,357,2026-07-01T06:42:02Z,2026-07-01T06:42:02Z,0.0
NW10 6SX,SEPD,HV,1,TN5294,357,2026-07-01T06:42:02Z,2026-07-01T06:42:02Z,0.0
NW10 6SY,SEPD,HV,1,TN5294,357,2026-07-01T06:42:02Z,2026-07-01T06:42:02Z,0.0
NW10 6TD,SEPD,HV,1,TN5294,357,2026-07-01T06:42:02Z,2026-07-01T06:42:02Z,0.0
NW10 6TE,SEPD,HV,1,TN5294,357,2026-07-01T06:42:02Z,2026-07-01T06:42:02Z,0.0
NW2 4LS,SEPD,HV,1,TN5294,357,2026-07-01T06:42:02Z,2026-07-01T06:42:02Z,0.0
OX1 1BP,SEPD,LV,1,TN9299,5,2026-07-03T23:37:16Z,2026-07-03T23:37:16Z,0.0
OX1 1BT,SEPD,LV,1,TN9299,5,2026-07-03T23:37:16Z,2026-07-03T23:37:16Z,0.0
OX1 1DP,SEPD,LV,1,TN9299,5,2026-07-03T23:37:16Z,2026-07-03T23:37:16Z,0.0
OX1 1DW,SEPD,LV,1,TN9299,5,2026-07-03T23:37:16Z,2026-07-03T23:37:16Z,0.0
OX1 1QN,SEPD,LV,1,TN9299,5,2026-07-03T23:37:16Z,2026-07-03T23:37:16Z,0.0
OX1 1QS,SEPD,LV,1,TN9299,5,2026-07-03T23:37:16Z,2026-07-03T23:37:16Z,0.0
OX1 1QW,SEPD,LV,1,TN9299,5,2026-07-03T23:37:16Z,2026-07-03T23:37:16Z,0.0
OX1 1RA,SEPD,LV,1,TN9299,5,2026-07-03T23:37:16Z,2026-07-03T23:37:16Z,0.0
OX10 6AF,SEPD,HV,1,TP2571,537,2026-07-06T16:44:02Z,2026-07-06T16:44:02Z,0.0
OX10 9JN,SEPD,HV,1,TP2571,537,2026-07-06T16:44:02Z,2026-07-06T16:44:02Z,0.0
OX10 9JP,SEPD,HV,1,TP2571,537,2026-07-06T16:44:02Z,2026-07-06T16:44:02Z,0.0
OX10 9JR,SEPD,HV,1,TP2571,537,2026-07-06T16:44:02Z,2026-07-06T16:44:02Z,0.0
OX10 9JW,SEPD,HV,1,TP2571,537,2026-07-06T16:44:02Z,2026-07-06T16:44:02Z,0.0
OX10 9LR,SEPD,HV,1,TP2571,537,2026-07-06T16:44:02Z,2026-07-06T16:44:02Z,0.0
OX10 9LS,SEPD,HV,1,TP2571,537,2026-07-06T16:44:02Z,2026-07-06T16:44:02Z,0.0
OX10 9TA,SEPD,HV,1,TP2571,537,2026-07-06T16:44:02Z,2026-07-06T16:44:02Z,0.0
OX11 9DD,SEPD,HV,1,TP2571,537,2026-07-06T16:44:02Z,2026-07-06T16:44:02Z,0.0
OX11 9DE,SEPD,HV,1,TP2571,537,2026-07-06T16:44:02Z,2026-07-06T16:44:02Z,0.0
OX11 9DF,SEPD,HV,1,TP2571,537,2026-07-06T16:44:02Z,2026-07-06T16:44:02Z,0.0
OX11 9DG,SEPD,HV,1,TP2571,537,2026-07-06T16:44:02Z,2026-07-06T16:44:02Z,0.0
OX11 9DH,SEPD,HV,1,TP2571,537,2026-07-06T16:44:02Z,2026-07-06T16:44:02Z,0.0
OX11 9DJ,SEPD,HV,1,TP2571,537,2026-07-06T16:44:02Z,2026-07-06T16:44:02Z,0.0
OX11 9DL,SEPD,HV,1,TP2571,537,2026-07-06T16:44:02Z,2026-07-06T16:44:02Z,0.0
OX11 9DN,SEPD,HV,1,TP2571,537,2026-07-06T16:44:02Z,2026-07-06T16:44:02Z,0.0
OX11 9DP,SEPD,HV,1,TP2571,537,2026-07-06T16:44:02Z,2026-07-06T16:44:02Z,0.0
OX11 9DQ,SEPD,HV,1,TP2571,537,2026-07-06T16:44:02Z,2026-07-06T16:44:02Z,0.0
OX11 9DR,SEPD,HV,1,TP2571,537,2026-07-06T16:44:02Z,2026-07-06T16:44:02Z,0.0
OX11 9DS,SEPD,HV,1,TP2571,537,2026-07-06T16:44:02Z,2026-07-06T16:44:02Z,0.0
OX11 9DW,SEPD,HV,1,TP2571,537,2026-07-06T16:44:02Z,2026-07-06T16:44:02Z,0.0
OX11 9EE,SEPD,HV,1,TP2571,537,2026-07-06T16:44:02Z,2026-07-06T16:44:02Z,0.0
OX11 9EF,SEPD,HV,1,TP2571,537,2026-07-06T16:44:02Z,2026-07-06T16:44:02Z,0.0
OX11 9EG,SEPD,HV,1,TP2571,537,2026-07-06T16:44:02Z,2026-07-06T16:44:02Z,0.0
OX11 9EH,SEPD,HV,1,TP2571,537,2026-07-06T16:44:02Z,2026-07-06T16:44:02Z,0.0
OX11 9EJ,SEPD,HV,1,TP2571,537,2026-07-06T16:44:02Z,2026-07-06T16:44:02Z,0.0
OX11 9EL,SEPD,HV,1,TP2571,537,2026-07-06T16:44:02Z,2026-07-06T16:44:02Z,0.0
OX11 9EN,SEPD,HV,1,TP2571,537,2026-07-06T16:44:02Z,2026-07-06T16:44:02Z,0.0
OX11 9EP,SEPD,HV,1,TP2571,537,2026-07-06T16:44:02Z,2026-07-06T16:44:02Z,0.0
OX11 9EQ,SEPD,HV,1,TP2571,537,2026-07-06T16:44:02Z,2026-07-06T16:44:02Z,0.0
OX11 9ER,SEPD,HV,1,TP2571,537,2026-07-06T16:44:02Z,2026-07-06T16:44:02Z,0.0
OX11 9ES,SEPD,HV,1,TP2571,537,2026-07-06T16:44:02Z,2026-07-06T16:44:02Z,0.0
OX11 9EU,SEPD,HV,1,TP2571,537,2026-07-06T16:44:02Z,2026-07-06T16:44:02Z,0.0
OX11 9EW,SEPD,HV,1,TP2571,537,2026-07-06T16:44:02Z,2026-07-06T16:44:02Z,0.0
OX11 9EY,SEPD,HV,1,TP2571,537,2026-07-06T16:44:02Z,2026-07-06T16:44:02Z,0.0
OX11 9FA,SEPD,HV,1,TP2571,537,2026-07-06T16:44:02Z,2026-07-06T16:44:02Z,0.0
OX11 9FJ,SEPD,HV,1,TP2571,537,2026-07-06T16:44:02Z,2026-07-06T16:44:02Z,0.0
OX11 9FL,SEPD,HV,1,TP2571,537,2026-07-06T16:44:02Z,2026-07-06T16:44:02Z,0.0
OX11 9GW,SEPD,HV,1,TP2571,537,2026-07-06T16:44:02Z,2026-07-06T16:44:02Z,0.0
OX11 9GX,SEPD,HV,1,TP2571,537,2026-07-06T16:44:02Z,2026-07-06T16:44:02Z,0.0
OX11 9HG,SEPD,HV,1,TP2571,537,2026-07-06T16:44:02Z,2026-07-06T16:44:02Z,0.0
OX11 9HH,SEPD,HV,1,TP2571,537,2026-07-06T16:44:02Z,2026-07-06T16:44:02Z,0.0
OX11 9HQ,SEPD,HV,1,TP2571,537,2026-07-06T16:44:02Z,2026-07-06T16:44:02Z,0.0
OX11 9NH,SEPD,HV,1,TP2571,537,2026-07-06T16:44:02Z,2026-07-06T16:44:02Z,0.0
OX11 9NJ,SEPD,HV,1,TP2571,537,2026-07-06T16:44:02Z,2026-07-06T16:44:02Z,0.0
OX11 9NL,SEPD,HV,1,TP2571,537,2026-07-06T16:44:02Z,2026-07-06T16:44:02Z,0.0
OX11 9NN,SEPD,HV,1,TP2571,537,2026-07-06T16:44:02Z,2026-07-06T16:44:02Z,0.0
OX11 9NQ,SEPD,HV,1,TP2571,537,2026-07-06T16:44:02Z,2026-07-06T16:44:02Z,0.0
OX11 9NW,SEPD,HV,1,TP2571,537,2026-07-06T16:44:02Z,2026-07-06T16:44:02Z,0.0
OX11 9PJ,SEPD,HV,1,TP2571,537,2026-07-06T16:44:02Z,2026-07-06T16:44:02Z,0.0
OX11 9PL,SEPD,HV,1,TP2571,537,2026-07-06T16:44:02Z,2026-07-06T16:44:02Z,0.0
OX11 9PR,SEPD,HV,1,TP2571,537,2026-07-06T16:44:02Z,2026-07-06T16:44:02Z,0.0
OX11 9PS,SEPD,HV,1,TP2571,537,2026-07-06T16:44:02Z,2026-07-06T16:44:02Z,0.0
OX11 9QJ,SEPD,HV,1,TP2571,537,2026-07-06T16:44:02Z,2026-07-06T16:44:02Z,0.0
OX11 9QL,SEPD,HV,1,TP2571,537,2026-07-06T16:44:02Z,2026-07-06T16:44:02Z,0.0
OX11 9QN,SEPD,HV,1,TP2571,537,2026-07-06T16:44:02Z,2026-07-06T16:44:02Z,0.0
OX14 4DA,SEPD,LV,1,TN4516,10,2026-06-30T19:12:27Z,2026-06-30T19:12:27Z,0.0
OX14 4DB,SEPD,LV,1,TN4516,10,2026-06-30T19:12:27Z,2026-06-30T19:12:27Z,0.0
OX14 4JL,SEPD,LV,1,TP3588,14,2026-07-07T13:52:22Z,2026-07-07T13:52:22Z,0.0
OX14 4JP,SEPD,LV,1,TP3588,14,2026-07-07T13:52:22Z,2026-07-07T13:52:22Z,0.0
OX14 4JW,SEPD,LV,1,TP3588,14,2026-07-07T13:52:22Z,2026-07-07T13:52:22Z,0.0
OX14 4LU,SEPD,LV,1,TP3588,14,2026-07-07T13:52:22Z,2026-07-07T13:52:22Z,0.0
OX25 4SW,SEPD,PSI,1,252456,2,2026-07-04T11:45:25Z,2026-07-04T11:45:25Z,0.0
OX25 5PB,SEPD,PSI,1,252456,2,2026-07-04T11:45:25Z,2026-07-04T11:45:25Z,0.0
OX26 5AB,SEPD,HV,1,TN8425,589,2026-07-03T05:32:53Z,2026-07-03T05:32:53Z,0.0
OX26 5AE,SEPD,HV,1,TN8425,589,2026-07-03T05:32:53Z,2026-07-03T05:32:53Z,0.0
OX26 5BU,SEPD,HV,1,TN8425,589,2026-07-03T05:32:53Z,2026-07-03T05:32:53Z,0.0
OX26 5DB,SEPD,HV,1,TN8425,589,2026-07-03T05:32:53Z,2026-07-03T05:32:53Z,0.0
OX26 5DL,SEPD,HV,1,TN8425,589,2026-07-03T05:32:53Z,2026-07-03T05:32:53Z,0.0
OX26 5DP,SEPD,HV,1,TN8425,589,2026-07-03T05:32:53Z,2026-07-03T05:32:53Z,0.0
OX26 5DS,SEPD,HV,1,TN8425,589,2026-07-03T05:32:53Z,2026-07-03T05:32:53Z,0.0
OX26 5DT,SEPD,HV,1,TN8425,589,2026-07-03T05:32:53Z,2026-07-03T05:32:53Z,0.0
OX26 5DU,SEPD,HV,1,TN8425,589,2026-07-03T05:32:53Z,2026-07-03T05:32:53Z,0.0
OX26 5DX,SEPD,HV,1,TN8425,589,2026-07-03T05:32:53Z,2026-07-03T05:32:53Z,0.0
OX26 5DY,SEPD,HV,1,TN8425,589,2026-07-03T05:32:53Z,2026-07-03T05:32:53Z,0.0
OX26 5DZ,SEPD,HV,1,TN8425,589,2026-07-03T05:32:53Z,2026-07-03T05:32:53Z,0.0
OX26 5EA,SEPD,HV,1,TN8425,589,2026-07-03T05:32:53Z,2026-07-03T05:32:53Z,0.0
OX26 5EE,SEPD,HV,1,TN8425,589,2026-07-03T05:32:53Z,2026-07-03T05:32:53Z,0.0
OX26 5EF,SEPD,HV,1,TN8425,589,2026-07-03T05:32:53Z,2026-07-03T05:32:53Z,0.0
OX26 5EG,SEPD,HV,1,TN8425,589,2026-07-03T05:32:53Z,2026-07-03T05:32:53Z,0.0
OX26 5EH,SEPD,HV,1,TN8425,589,2026-07-03T05:32:53Z,2026-07-03T05:32:53Z,0.0
OX26 5EL,SEPD,HV,1,TN8425,589,2026-07-03T05:32:53Z,2026-07-03T05:32:53Z,0.0
OX26 6PS,SEPD,HV,1,TN8425,589,2026-07-03T05:32:53Z,2026-07-03T05:32:53Z,0.0
OX27 8AG,SEPD,HV,1,TN8425,589,2026-07-03T05:32:53Z,2026-07-03T05:32:53Z,0.0
OX27 8AQ,SEPD,HV,1,TN8425,589,2026-07-03T05:32:53Z,2026-07-03T05:32:53Z,0.0
OX27 8EG,SEPD,HV,1,TN8425,589,2026-07-03T05:32:53Z,2026-07-03T05:32:53Z,0.0
OX27 8RH,SEPD,HV,1,TN8425,589,2026-07-03T05:32:53Z,2026-07-03T05:32:53Z,0.0
OX27 8RQ,SEPD,HV,1,TN8425,589,2026-07-03T05:32:53Z,2026-07-03T05:32:53Z,0.0
OX27 8RS,SEPD,HV,1,TN8425,589,2026-07-03T05:32:53Z,2026-07-03T05:32:53Z,0.0
OX27 9AA,SEPD,HV,1,TN8425,589,2026-07-03T05:32:53Z,2026-07-03T05:32:53Z,0.0
OX27 9AB,SEPD,HV,1,TN8425,589,2026-07-03T05:32:53Z,2026-07-03T05:32:53Z,0.0
OX27 9AD,SEPD,HV,1,TN8425,589,2026-07-03T05:32:53Z,2026-07-03T05:32:53Z,0.0
OX27 9AG,SEPD,HV,1,TN8425,589,2026-07-03T05:32:53Z,2026-07-03T05:32:53Z,0.0
OX27 9AH,SEPD,HV,1,TN8425,589,2026-07-03T05:32:53Z,2026-07-03T05:32:53Z,0.0
OX27 9AP,SEPD,HV,1,TN8425,589,2026-07-03T05:32:53Z,2026-07-03T05:32:53Z,0.0
OX27 9AQ,SEPD,HV,1,TN8425,589,2026-07-03T05:32:53Z,2026-07-03T05:32:53Z,0.0
OX27 9AR,SEPD,HV,1,TN8425,589,2026-07-03T05:32:53Z,2026-07-03T05:32:53Z,0.0
OX27 9AS,SEPD,HV,1,TN8425,589,2026-07-03T05:32:53Z,2026-07-03T05:32:53Z,0.0
OX27 9AT,SEPD,HV,1,TN8425,589,2026-07-03T05:32:53Z,2026-07-03T05:32:53Z,0.0
OX27 9AU,SEPD,HV,1,TN8425,589,2026-07-03T05:32:53Z,2026-07-03T05:32:53Z,0.0
OX27 9AW,SEPD,HV,1,TN8425,589,2026-07-03T05:32:53Z,2026-07-03T05:32:53Z,0.0
OX27 9AX,SEPD,HV,1,TN8425,589,2026-07-03T05:32:53Z,2026-07-03T05:32:53Z,0.0
OX27 9BF,SEPD,HV,1,TN8425,589,2026-07-03T05:32:53Z,2026-07-03T05:32:53Z,0.0
OX27 9BJ,SEPD,HV,1,TN8425,589,2026-07-03T05:32:53Z,2026-07-03T05:32:53Z,0.0
OX27 9BN,SEPD,HV,1,TN8425,589,2026-07-03T05:32:53Z,2026-07-03T05:32:53Z,0.0
OX27 9BP,SEPD,HV,1,TN8425,589,2026-07-03T05:32:53Z,2026-07-03T05:32:53Z,0.0
OX27 9BQ,SEPD,HV,1,TN8425,589,2026-07-03T05:32:53Z,2026-07-03T05:32:53Z,0.0
OX27 9BS,SEPD,HV,1,TN8425,589,2026-07-03T05:32:53Z,2026-07-03T05:32:53Z,0.0
OX27 9BT,SEPD,HV,1,TN8425,589,2026-07-03T05:32:53Z,2026-07-03T05:32:53Z,0.0
OX27 9BY,SEPD,HV,1,TN8425,589,2026-07-03T05:32:53Z,2026-07-03T05:32:53Z,0.0
OX27 9BZ,SEPD,HV,1,TN8425,589,2026-07-03T05:32:53Z,2026-07-03T05:32:53Z,0.0
OX27 9DA,SEPD,HV,1,TN8425,589,2026-07-03T05:32:53Z,2026-07-03T05:32:53Z,0.0
OX28 1FX,SEPD,LV,1,TP1294,17,2026-07-05T21:16:21Z,2026-07-05T21:16:21Z,0.0
OX28 1HY,SEPD,LV,1,TP1294,17,2026-07-05T21:16:21Z,2026-07-05T21:16:21Z,0.0
OX28 1YH,SEPD,LV,1,TP1294,17,2026-07-05T21:16:21Z,2026-07-05T21:16:21Z,0.0
OX28 2JX,SEPD,LV,1,TP0515,25,2026-07-04T20:01:19Z,2026-07-04T20:01:19Z,0.0
OX28 2JY,SEPD,LV,1,TP0515,25,2026-07-04T20:01:19Z,2026-07-04T20:01:19Z,0.0
OX28 3JT,SEPD,LV,1,TP0515,25,2026-07-04T20:01:19Z,2026-07-04T20:01:19Z,0.0
OX28 3JU,SEPD,LV,1,TP0515,25,2026-07-04T20:01:19Z,2026-07-04T20:01:19Z,0.0
OX28 5NZ,SEPD,LV,1,TN5119,19,2026-06-30T23:49:15Z,2026-06-30T23:49:15Z,0.0
OX28 5PB,SEPD,LV,1,TN5119,19,2026-06-30T23:49:15Z,2026-06-30T23:49:15Z,0.0
OX28 5PD,SEPD,LV,1,TN5119,19,2026-06-30T23:49:15Z,2026-06-30T23:49:15Z,0.0
OX29 6UT,SEPD,LV,1,TP0515,25,2026-07-04T20:01:19Z,2026-07-04T20:01:19Z,0.0
OX3 0TX,SEPD,LV,1,TP2949,8,2026-07-07T01:19:49Z,2026-07-07T01:19:49Z,0.0
OX4 3RZ,SEPD,LV,1,TN6908,24,2026-07-02T08:34:46Z,2026-07-02T08:34:46Z,0.0
OX4 3SA,SEPD,LV,1,TN6908,24,2026-07-02T08:34:46Z,2026-07-02T08:34:46Z,0.0
OX4 3SB,SEPD,LV,1,TN6908,24,2026-07-02T08:34:46Z,2026-07-02T08:34:46Z,0.0
OX4 3SD,SEPD,LV,1,TN6908,24,2026-07-02T08:34:46Z,2026-07-02T08:34:46Z,0.0
OX4 3SF,SEPD,LV,1,TN6908,24,2026-07-02T08:34:46Z,2026-07-02T08:34:46Z,0.0
OX4 3SG,SEPD,LV,1,TN6908,24,2026-07-02T08:34:46Z,2026-07-02T08:34:46Z,0.0
OX4 3SJ,SEPD,LV,1,TN6907,15,2026-07-02T08:34:46Z,2026-07-02T08:34:46Z,0.0
OX4 3SP,SEPD,LV,1,TN6907,15,2026-07-02T08:34:46Z,2026-07-02T08:34:46Z,0.0
OX4 3SS,SEPD,LV,1,TN6908,24,2026-07-02T08:34:46Z,2026-07-02T08:34:46Z,0.0
OX4 3SX,SEPD,LV,1,TN6908,24,2026-07-02T08:34:46Z,2026-07-02T08:34:46Z,0.0
OX7 5EY,SEPD,LV,1,TP2449,27,2026-07-06T16:44:02Z,2026-07-06T16:44:02Z,0.0
OX7 5HG,SEPD,LV,1,TP2449,27,2026-07-06T16:44:02Z,2026-07-06T16:44:02Z,0.0
OX7 5HX,SEPD,LV,1,TP2449,27,2026-07-06T16:44:02Z,2026-07-06T16:44:02Z,0.0
OX7 5JS,SEPD,LV,1,TP2449,27,2026-07-06T16:44:02Z,2026-07-06T16:44:02Z,0.0
OX7 5LT,SEPD,LV,1,TP2449,27,2026-07-06T16:44:02Z,2026-07-06T16:44:02Z,0.0
OX7 5LW,SEPD,LV,1,TP2449,27,2026-07-06T16:44:02Z,2026-07-06T16:44:02Z,0.0
OX7 5LX,SEPD,LV,1,TP2449,27,2026-07-06T16:44:02Z,2026-07-06T16:44:02Z,0.0
OX7 5UY,SEPD,PSI,1,251321,21,2026-07-02T11:18:59Z,2026-07-02T11:18:59Z,0.0
OX7 5XA,SEPD,PSI,1,251321,21,2026-07-02T11:18:59Z,2026-07-02T11:18:59Z,0.0
OX7 5XH,SEPD,PSI,1,251321,21,2026-07-02T11:18:59Z,2026-07-02T11:18:59Z,0.0
OX7 6SE,SEPD,PSI,1,252718,46,2026-07-07T11:34:20Z,2026-07-07T11:34:20Z,0.0
OX7 6SF,SEPD,PSI,1,252718,46,2026-07-07T11:34:20Z,2026-07-07T11:34:20Z,0.0
OX7 6SH,SEPD,PSI,1,252718,46,2026-07-07T11:34:20Z,2026-07-07T11:34:20Z,0.0
OX7 6SQ,SEPD,PSI,1,252718,46,2026-07-07T11:34:20Z,2026-07-07T11:34:20Z,0.0
PA22 3AA,SHEPD,HV,1,TN7490,29,2026-07-02T11:18:59Z,2026-07-02T11:18:59Z,0.0
PA22 3AB,SHEPD,HV,1,TN7490,29,2026-07-02T11:18:59Z,2026-07-02T11:18:59Z,0.0
PA22 3AE,SHEPD,HV,1,TN7490,29,2026-07-02T11:18:59Z,2026-07-02T11:18:59Z,0.0
PA23 8TH,SHEPD,HV,1,TN6803,64,2026-07-02T01:34:22Z,2026-07-02T01:34:22Z,0.0
PA23 8TJ,SHEPD,HV,1,TN6803,64,2026-07-02T01:34:22Z,2026-07-02T01:34:22Z,0.0
PA24 8AE,SHEPD,HV,1,TN6193,22,2026-07-04T16:41:34Z,2026-07-04T16:41:34Z,0.0
PA24 8AR,SHEPD,HV,1,TN6193,22,2026-07-04T16:41:34Z,2026-07-04T16:41:34Z,0.0
PA37 1SA,SHEPD,LV,1,TN6121,4,2026-07-01T13:21:00Z,2026-07-01T13:21:00Z,0.0
PA67,SHEPD,HV,1,TN7493,41,2026-07-02T11:18:59Z,2026-07-02T11:18:59Z,0.0
PA67 6DH,SHEPD,HV,1,TN7493,41,2026-07-02T11:18:59Z,2026-07-02T11:18:59Z,0.0
PA67 6DL,SHEPD,HV,1,TN7493,41,2026-07-02T11:18:59Z,2026-07-02T11:18:59Z,0.0
PA67 6DN,SHEPD,HV,1,TN7493,41,2026-07-02T11:18:59Z,2026-07-02T11:18:59Z,0.0
PA67 6DP,SHEPD,HV,1,TN7493,41,2026-07-02T11:18:59Z,2026-07-02T11:18:59Z,0.0
PH1 2HT,SHEPD,LV,1,TP1333,14,2026-07-05T23:37:56Z,2026-07-05T23:37:56Z,0.0
PH1 3RB,SHEPD,PSI,1,251676,32,2026-07-07T11:34:20Z,2026-07-07T11:34:20Z,0.0
PH1 3SF,SHEPD,PSI,1,251676,32,2026-07-07T11:34:20Z,2026-07-07T11:34:20Z,0.0
PH1 3SG,SHEPD,PSI,1,251676,32,2026-07-07T11:34:20Z,2026-07-07T11:34:20Z,0.0
PH1 3SJ,SHEPD,PSI,1,251676,32,2026-07-07T11:34:20Z,2026-07-07T11:34:20Z,0.0
PH1 3SL,SHEPD,PSI,1,251676,32,2026-07-07T11:34:20Z,2026-07-07T11:34:20Z,0.0
PH1 3SN,SHEPD,PSI,1,251676,32,2026-07-07T11:34:20Z,2026-07-07T11:34:20Z,0.0
PH10 7NJ,SHEPD,PSI,1,252557,29,2026-07-01T10:33:26Z,2026-07-01T10:33:26Z,0.0
PH10 7NL,SHEPD,PSI,1,252557,29,2026-07-01T10:33:26Z,2026-07-01T10:33:26Z,0.0
PH10 7NN,SHEPD,PSI,1,252557,29,2026-07-01T10:33:26Z,2026-07-01T10:33:26Z,0.0
PH10 7PY,SHEPD,PSI,1,252557,29,2026-07-01T10:33:26Z,2026-07-01T10:33:26Z,0.0
PH10 7PZ,SHEPD,PSI,1,252563,14,2026-07-02T11:18:59Z,2026-07-02T11:18:59Z,0.0
PH12 8RB,SHEPD,LV,1,TP0813,3,2026-07-05T14:00:24Z,2026-07-05T14:00:24Z,0.0
PH15 2HP,SHEPD,HV,1,TP0586,57,2026-07-04T21:11:03Z,2026-07-04T21:11:03Z,0.0
PH15 2HR,SHEPD,HV,1,TP0586,57,2026-07-04T21:11:03Z,2026-07-04T21:11:03Z,0.0
PH15 2HS,SHEPD,HV,1,TP0586,57,2026-07-04T21:11:03Z,2026-07-04T21:11:03Z,0.0
PH15 2HT,SHEPD,HV,1,TP0586,57,2026-07-04T21:11:03Z,2026-07-04T21:11:03Z,0.0
PH15 2HU,SHEPD,HV,1,TP0586,57,2026-07-04T21:11:03Z,2026-07-04T21:11:03Z,0.0
PH2 0DL,SHEPD,HV,1,TN7478,5,2026-07-02T11:18:59Z,2026-07-02T11:18:59Z,0.0
PH2 0ST,SHEPD,HV,1,TN7478,5,2026-07-02T11:18:59Z,2026-07-02T11:18:59Z,0.0
PH23,SHEPD,HV,1,TN6816,544,2026-07-02T01:34:22Z,2026-07-02T01:34:22Z,0.0
PH23 2AL,SHEPD,HV,1,TN6816,544,2026-07-02T01:34:22Z,2026-07-02T01:34:22Z,0.0
PH23 3AA,SHEPD,HV,1,TN6816,544,2026-07-02T01:34:22Z,2026-07-02T01:34:22Z,0.0
PH23 3AB,SHEPD,HV,1,TN6816,544,2026-07-02T01:34:22Z,2026-07-02T01:34:22Z,0.0
PH23 3AD,SHEPD,HV,1,TN6816,544,2026-07-02T01:34:22Z,2026-07-02T01:34:22Z,0.0
PH23 3AE,SHEPD,HV,1,TN6816,544,2026-07-02T01:34:22Z,2026-07-02T01:34:22Z,0.0
PH23 3AF,SHEPD,HV,1,TN6816,544,2026-07-02T01:34:22Z,2026-07-02T01:34:22Z,0.0
PH23 3AH,SHEPD,HV,1,TN6816,544,2026-07-02T01:34:22Z,2026-07-02T01:34:22Z,0.0
PH23 3AJ,SHEPD,HV,1,TN6816,544,2026-07-02T01:34:22Z,2026-07-02T01:34:22Z,0.0
PH23 3AL,SHEPD,HV,1,TN6816,544,2026-07-02T01:34:22Z,2026-07-02T01:34:22Z,0.0
PH23 3AN,SHEPD,HV,1,TN6816,544,2026-07-02T01:34:22Z,2026-07-02T01:34:22Z,0.0
PH23 3AP,SHEPD,HV,1,TN6816,544,2026-07-02T01:34:22Z,2026-07-02T01:34:22Z,0.0
PH23 3AQ,SHEPD,HV,1,TN6816,544,2026-07-02T01:34:22Z,2026-07-02T01:34:22Z,0.0
PH23 3AR,SHEPD,HV,1,TN6816,544,2026-07-02T01:34:22Z,2026-07-02T01:34:22Z,0.0
PH23 3AS,SHEPD,HV,1,TN6816,544,2026-07-02T01:34:22Z,2026-07-02T01:34:22Z,0.0
PH23 3AT,SHEPD,HV,1,TN6816,544,2026-07-02T01:34:22Z,2026-07-02T01:34:22Z,0.0
PH23 3AU,SHEPD,HV,1,TN6816,544,2026-07-02T01:34:22Z,2026-07-02T01:34:22Z,0.0
PH23 3AX,SHEPD,HV,1,TN6816,544,2026-07-02T01:34:22Z,2026-07-02T01:34:22Z,0.0
PH23 3AY,SHEPD,HV,1,TN6816,544,2026-07-02T01:34:22Z,2026-07-02T01:34:22Z,0.0
PH23 3AZ,SHEPD,HV,1,TN6816,544,2026-07-02T01:34:22Z,2026-07-02T01:34:22Z,0.0
PH23 3BA,SHEPD,HV,1,TN6816,544,2026-07-02T01:34:22Z,2026-07-02T01:34:22Z,0.0
PH23 3BB,SHEPD,HV,1,TN6816,544,2026-07-02T01:34:22Z,2026-07-02T01:34:22Z,0.0
PH23 3BD,SHEPD,HV,1,TN6816,544,2026-07-02T01:34:22Z,2026-07-02T01:34:22Z,0.0
PH23 3BE,SHEPD,HV,1,TN6816,544,2026-07-02T01:34:22Z,2026-07-02T01:34:22Z,0.0
PH23 3BF,SHEPD,HV,1,TN6816,544,2026-07-02T01:34:22Z,2026-07-02T01:34:22Z,0.0
PH23 3BG,SHEPD,HV,1,TN6816,544,2026-07-02T01:34:22Z,2026-07-02T01:34:22Z,0.0
PH23 3BH,SHEPD,HV,1,TN6816,544,2026-07-02T01:34:22Z,2026-07-02T01:34:22Z,0.0
PH23 3BJ,SHEPD,HV,1,TN6816,544,2026-07-02T01:34:22Z,2026-07-02T01:34:22Z,0.0
PH23 3BL,SHEPD,HV,1,TN6816,544,2026-07-02T01:34:22Z,2026-07-02T01:34:22Z,0.0
PH23 3BN,SHEPD,HV,1,TN6816,544,2026-07-02T01:34:22Z,2026-07-02T01:34:22Z,0.0
PH23 3BX,SHEPD,HV,1,TN6816,544,2026-07-02T01:34:22Z,2026-07-02T01:34:22Z,0.0
PH23 3DA,SHEPD,HV,1,TN6816,544,2026-07-02T01:34:22Z,2026-07-02T01:34:22Z,0.0
PH23 3LA,SHEPD,HV,1,TN6816,544,2026-07-02T01:34:22Z,2026-07-02T01:34:22Z,0.0
PH23 3NA,SHEPD,HV,1,TN6816,544,2026-07-02T01:34:22Z,2026-07-02T01:34:22Z,0.0
PH24 3BT,SHEPD,HV,1,TN6816,544,2026-07-02T01:34:22Z,2026-07-02T01:34:22Z,0.0
PH24 3BU,SHEPD,HV,1,TN6816,544,2026-07-02T01:34:22Z,2026-07-02T01:34:22Z,0.0
PH24 3BX,SHEPD,HV,1,TN6816,544,2026-07-02T01:34:22Z,2026-07-02T01:34:22Z,0.0
PH26 3HA,SHEPD,PSI,1,252963,23,2026-07-06T22:03:59Z,2026-07-06T22:03:59Z,0.0
PH26 3NH,SHEPD,PSI,1,252963,23,2026-07-06T22:03:59Z,2026-07-06T22:03:59Z,0.0
PH26 3TA,SHEPD,PSI,1,252963,23,2026-07-06T22:03:59Z,2026-07-06T22:03:59Z,0.0
PH7 3RG,SHEPD,HV,1,TN8127,53,2026-07-02T18:52:49Z,2026-07-02T18:52:49Z,0.0
PH7 3RT,SHEPD,HV,1,TP2395,2,2026-07-06T16:44:02Z,2026-07-06T16:44:02Z,0.0
PO10 8RA,SEPD,LV,1,TP1050,12,2026-07-05T15:21:29Z,2026-07-05T15:21:29Z,0.0
PO10 8RS,SEPD,LV,1,TP1050,12,2026-07-05T15:21:29Z,2026-07-05T15:21:29Z,0.0
PO10 8RT,SEPD,LV,1,TP1050,12,2026-07-05T15:21:29Z,2026-07-05T15:21:29Z,0.0
PO10 8RU,SEPD,LV,1,TP1050,12,2026-07-05T15:21:29Z,2026-07-05T15:21:29Z,0.0
PO10 8UL,SEPD,LV,1,TP1050,12,2026-07-05T15:21:29Z,2026-07-05T15:21:29Z,0.0
PO11 9DS,SEPD,LV,1,TN5407,11,2026-07-01T10:33:26Z,2026-07-01T10:33:26Z,0.0
PO11 9DX,SEPD,LV,1,TN5407,11,2026-07-01T10:33:26Z,2026-07-01T10:33:26Z,0.0
PO12 4FF,SEPD,LV,1,TN8168,48,2026-07-02T20:15:58Z,2026-07-02T20:15:58Z,0.0
PO12 4JX,SEPD,LV,1,TN8168,48,2026-07-02T20:15:58Z,2026-07-02T20:15:58Z,0.0
PO12 4LF,SEPD,LV,1,TN8168,48,2026-07-02T20:15:58Z,2026-07-02T20:15:58Z,0.0
PO12 4LG,SEPD,LV,1,TN8168,48,2026-07-02T20:15:58Z,2026-07-02T20:15:58Z,0.0
PO12 4LH,SEPD,LV,1,TN8168,48,2026-07-02T20:15:58Z,2026-07-02T20:15:58Z,0.0
PO12 4LL,SEPD,LV,1,TN8168,48,2026-07-02T20:15:58Z,2026-07-02T20:15:58Z,0.0
PO12 4LN,SEPD,LV,1,TN8168,48,2026-07-02T20:15:58Z,2026-07-02T20:15:58Z,0.0
PO12 4LP,SEPD,LV,1,TN8168,48,2026-07-02T20:15:58Z,2026-07-02T20:15:58Z,0.0
PO12 4LQ,SEPD,LV,1,TN8168,48,2026-07-02T20:15:58Z,2026-07-02T20:15:58Z,0.0
PO12 4LR,SEPD,LV,1,TN8168,48,2026-07-02T20:15:58Z,2026-07-02T20:15:58Z,0.0
PO12 4LW,SEPD,LV,1,TN8168,48,2026-07-02T20:15:58Z,2026-07-02T20:15:58Z,0.0
PO14 2ED,SEPD,LV,1,TN9794,23,2026-07-04T04:57:07Z,2026-07-04T04:57:07Z,0.0
PO14 2EH,SEPD,LV,1,TN9794,23,2026-07-04T04:57:07Z,2026-07-04T04:57:07Z,0.0
PO14 2HR,SEPD,LV,1,TN9794,23,2026-07-04T04:57:07Z,2026-07-04T04:57:07Z,0.0
PO14 2HS,SEPD,LV,1,TN9794,23,2026-07-04T04:57:07Z,2026-07-04T04:57:07Z,0.0
PO14 2TG,SEPD,LV,1,TN9794,23,2026-07-04T04:57:07Z,2026-07-04T04:57:07Z,0.0
PO14 2TQ,SEPD,LV,1,TN9794,23,2026-07-04T04:57:07Z,2026-07-04T04:57:07Z,0.0
PO14 4FG,SEPD,HV,1,TP0681,1613,2026-07-05T01:11:25Z,2026-07-05T01:11:25Z,0.0
PO14 4GF,SEPD,HV,1,TP0681,1613,2026-07-05T01:11:25Z,2026-07-05T01:11:25Z,0.0
PO14 4JL,SEPD,HV,1,TP0681,1613,2026-07-05T01:11:25Z,2026-07-05T01:11:25Z,0.0
PO14 4JP,SEPD,HV,1,TP0681,1613,2026-07-05T01:11:25Z,2026-07-05T01:11:25Z,0.0
PO14 4JZ,SEPD,HV,1,TP0681,1613,2026-07-05T01:11:25Z,2026-07-05T01:11:25Z,0.0
PO14 4LA,SEPD,HV,1,TP0681,1613,2026-07-05T01:11:25Z,2026-07-05T01:11:25Z,0.0
PO14 4LB,SEPD,HV,1,TP0681,1613,2026-07-05T01:11:25Z,2026-07-05T01:11:25Z,0.0
PO14 4LF,SEPD,HV,1,TP0681,1613,2026-07-05T01:11:25Z,2026-07-05T01:11:25Z,0.0
PO14 4LG,SEPD,HV,1,TP0681,1613,2026-07-05T01:11:25Z,2026-07-05T01:11:25Z,0.0
PO14 4LJ,SEPD,HV,1,TP0681,1613,2026-07-05T01:11:25Z,2026-07-05T01:11:25Z,0.0
PO14 4LL,SEPD,HV,1,TP0681,1613,2026-07-05T01:11:25Z,2026-07-05T01:11:25Z,0.0
PO14 4LQ,SEPD,HV,1,TP0681,1613,2026-07-05T01:11:25Z,2026-07-05T01:11:25Z,0.0
PO14 4LR,SEPD,HV,1,TP0681,1613,2026-07-05T01:11:25Z,2026-07-05T01:11:25Z,0.0
PO14 4LS,SEPD,HV,1,TP0681,1613,2026-07-05T01:11:25Z,2026-07-05T01:11:25Z,0.0
PO14 4LT,SEPD,HV,1,TP0681,1613,2026-07-05T01:11:25Z,2026-07-05T01:11:25Z,0.0
PO14 4LU,SEPD,HV,1,TP0681,1613,2026-07-05T01:11:25Z,2026-07-05T01:11:25Z,0.0
PO14 4LY,SEPD,HV,1,TP0681,1613,2026-07-05T01:11:25Z,2026-07-05T01:11:25Z,0.0
PO14 4LZ,SEPD,HV,1,TP0681,1613,2026-07-05T01:11:25Z,2026-07-05T01:11:25Z,0.0
PO14 4NA,SEPD,HV,1,TP0681,1613,2026-07-05T01:11:25Z,2026-07-05T01:11:25Z,0.0
PO14 4NB,SEPD,HV,1,TP0681,1613,2026-07-05T01:11:25Z,2026-07-05T01:11:25Z,0.0
PO14 4ND,SEPD,HV,1,TP0681,1613,2026-07-05T01:11:25Z,2026-07-05T01:11:25Z,0.0
PO14 4NG,SEPD,HV,1,TP0681,1613,2026-07-05T01:11:25Z,2026-07-05T01:11:25Z,0.0
PO14 4NH,SEPD,HV,1,TP0681,1613,2026-07-05T01:11:25Z,2026-07-05T01:11:25Z,0.0
PO14 4NJ,SEPD,HV,1,TP0681,1613,2026-07-05T01:11:25Z,2026-07-05T01:11:25Z,0.0
PO14 4NL,SEPD,HV,1,TP0681,1613,2026-07-05T01:11:25Z,2026-07-05T01:11:25Z,0.0
PO14 4NN,SEPD,HV,1,TP0681,1613,2026-07-05T01:11:25Z,2026-07-05T01:11:25Z,0.0
PO14 4NP,SEPD,HV,1,TP0681,1613,2026-07-05T01:11:25Z,2026-07-05T01:11:25Z,0.0
PO14 4NQ,SEPD,HV,1,TP0681,1613,2026-07-05T01:11:25Z,2026-07-05T01:11:25Z,0.0
PO14 4NW,SEPD,HV,1,TP0681,1613,2026-07-05T01:11:25Z,2026-07-05T01:11:25Z,0.0
PO14 4PB,SEPD,HV,1,TP0681,1613,2026-07-05T01:11:25Z,2026-07-05T01:11:25Z,0.0
PO14 4PD,SEPD,HV,1,TP0681,1613,2026-07-05T01:11:25Z,2026-07-05T01:11:25Z,0.0
PO14 4PE,SEPD,HV,1,TP0681,1613,2026-07-05T01:11:25Z,2026-07-05T01:11:25Z,0.0
PO14 4PF,SEPD,HV,1,TP0681,1613,2026-07-05T01:11:25Z,2026-07-05T01:11:25Z,0.0
PO14 4PG,SEPD,HV,1,TP0681,1613,2026-07-05T01:11:25Z,2026-07-05T01:11:25Z,0.0
PO14 4QR,SEPD,HV,1,TP0681,1613,2026-07-05T01:11:25Z,2026-07-05T01:11:25Z,0.0
PO14 4QS,SEPD,HV,1,TP0681,1613,2026-07-05T01:11:25Z,2026-07-05T01:11:25Z,0.0
PO14 4QT,SEPD,HV,1,TP0681,1613,2026-07-05T01:11:25Z,2026-07-05T01:11:25Z,0.0
PO14 4QX,SEPD,HV,1,TP0681,1613,2026-07-05T01:11:25Z,2026-07-05T01:11:25Z,0.0
PO14 4QY,SEPD,HV,1,TP0681,1613,2026-07-05T01:11:25Z,2026-07-05T01:11:25Z,0.0
PO14 4QZ,SEPD,HV,1,TP0681,1613,2026-07-05T01:11:25Z,2026-07-05T01:11:25Z,0.0
PO14 4RA,SEPD,HV,1,TP0681,1613,2026-07-05T01:11:25Z,2026-07-05T01:11:25Z,0.0
PO14 4RB,SEPD,HV,1,TP0681,1613,2026-07-05T01:11:25Z,2026-07-05T01:11:25Z,0.0
PO14 4RD,SEPD,HV,1,TP0681,1613,2026-07-05T01:11:25Z,2026-07-05T01:11:25Z,0.0
PO14 4RE,SEPD,HV,1,TP0681,1613,2026-07-05T01:11:25Z,2026-07-05T01:11:25Z,0.0
PO14 4RF,SEPD,HV,1,TP0681,1613,2026-07-05T01:11:25Z,2026-07-05T01:11:25Z,0.0
PO14 4RG,SEPD,HV,1,TP0681,1613,2026-07-05T01:11:25Z,2026-07-05T01:11:25Z,0.0
PO14 4RH,SEPD,HV,1,TP0681,1613,2026-07-05T01:11:25Z,2026-07-05T01:11:25Z,0.0
PO14 4RQ,SEPD,HV,1,TP0681,1613,2026-07-05T01:11:25Z,2026-07-05T01:11:25Z,0.0
PO14 4RY,SEPD,HV,1,TP0681,1613,2026-07-05T01:11:25Z,2026-07-05T01:11:25Z,0.0
PO14 4RZ,SEPD,HV,1,TP0681,1613,2026-07-05T01:11:25Z,2026-07-05T01:11:25Z,0.0
PO14 4SY,SEPD,HV,1,TP0681,1613,2026-07-05T01:11:25Z,2026-07-05T01:11:25Z,0.0
PO14 4SZ,SEPD,HV,1,TP0681,1613,2026-07-05T01:11:25Z,2026-07-05T01:11:25Z,0.0
PO16 8BB,SEPD,LV,1,TN8161,31,2026-07-02T20:15:58Z,2026-07-02T20:15:58Z,0.0
PO16 8NA,SEPD,LV,1,TN8161,31,2026-07-02T20:15:58Z,2026-07-02T20:15:58Z,0.0
PO16 8NB,SEPD,LV,1,TN8161,31,2026-07-02T20:15:58Z,2026-07-02T20:15:58Z,0.0
PO16 8ND,SEPD,LV,1,TN8161,31,2026-07-02T20:15:58Z,2026-07-02T20:15:58Z,0.0
PO16 8PG,SEPD,LV,1,TN8161,31,2026-07-02T20:15:58Z,2026-07-02T20:15:58Z,0.0
PO16 8PJ,SEPD,LV,1,TN8161,31,2026-07-02T20:15:58Z,2026-07-02T20:15:58Z,0.0
PO16 8PP,SEPD,LV,1,TN8161,31,2026-07-02T20:15:58Z,2026-07-02T20:15:58Z,0.0
PO16 8PQ,SEPD,LV,1,TN8161,31,2026-07-02T20:15:58Z,2026-07-02T20:15:58Z,0.0
PO16 8QU,SEPD,LV,1,TN8161,31,2026-07-02T20:15:58Z,2026-07-02T20:15:58Z,0.0
PO16 8QX,SEPD,LV,1,TN8161,31,2026-07-02T20:15:58Z,2026-07-02T20:15:58Z,0.0
PO17 5QB,SEPD,HV,1,TP1041,2,2026-07-05T15:21:29Z,2026-07-05T15:21:29Z,0.0
PO18 0AE,SEPD,HV,1,TP1041,2,2026-07-05T15:21:29Z,2026-07-05T15:21:29Z,0.0
PO18 0AF,SEPD,HV,1,TP1041,2,2026-07-05T15:21:29Z,2026-07-05T15:21:29Z,0.0
PO18 0AG,SEPD,HV,1,TP1041,2,2026-07-05T15:21:29Z,2026-07-05T15:21:29Z,0.0
PO18 0AH,SEPD,HV,1,TP1041,2,2026-07-05T15:21:29Z,2026-07-05T15:21:29Z,0.0
PO18 0AJ,SEPD,HV,1,TP1041,2,2026-07-05T15:21:29Z,2026-07-05T15:21:29Z,0.0
PO18 0AL,SEPD,HV,1,TP1041,2,2026-07-05T15:21:29Z,2026-07-05T15:21:29Z,0.0
PO18 0AP,SEPD,HV,1,TP1041,2,2026-07-05T15:21:29Z,2026-07-05T15:21:29Z,0.0
PO18 0AQ,SEPD,HV,1,TP1041,2,2026-07-05T15:21:29Z,2026-07-05T15:21:29Z,0.0
PO18 0AR,SEPD,HV,1,TP1041,2,2026-07-05T15:21:29Z,2026-07-05T15:21:29Z,0.0
PO18 0AS,SEPD,HV,1,TP1041,2,2026-07-05T15:21:29Z,2026-07-05T15:21:29Z,0.0
PO18 0AT,SEPD,HV,1,TP1041,2,2026-07-05T15:21:29Z,2026-07-05T15:21:29Z,0.0
PO18 0AU,SEPD,HV,1,TP1041,2,2026-07-05T15:21:29Z,2026-07-05T15:21:29Z,0.0
PO18 0AW,SEPD,HV,1,TP1041,2,2026-07-05T15:21:29Z,2026-07-05T15:21:29Z,0.0
PO18 0AX,SEPD,HV,1,TP1041,2,2026-07-05T15:21:29Z,2026-07-05T15:21:29Z,0.0
PO18 0AY,SEPD,HV,1,TP1041,2,2026-07-05T15:21:29Z,2026-07-05T15:21:29Z,0.0
PO18 0AZ,SEPD,HV,1,TP1041,2,2026-07-05T15:21:29Z,2026-07-05T15:21:29Z,0.0
PO18 0BA,SEPD,HV,1,TP1041,2,2026-07-05T15:21:29Z,2026-07-05T15:21:29Z,0.0
PO18 0BB,SEPD,HV,1,TP1041,2,2026-07-05T15:21:29Z,2026-07-05T15:21:29Z,0.0
PO18 0BD,SEPD,HV,1,TP1041,2,2026-07-05T15:21:29Z,2026-07-05T15:21:29Z,0.0
PO18 0BE,SEPD,HV,1,TP1041,2,2026-07-05T15:21:29Z,2026-07-05T15:21:29Z,0.0
PO18 0BG,SEPD,HV,1,TP1041,2,2026-07-05T15:21:29Z,2026-07-05T15:21:29Z,0.0
PO18 0BH,SEPD,HV,1,TP1041,2,2026-07-05T15:21:29Z,2026-07-05T15:21:29Z,0.0
PO18 0BJ,SEPD,HV,1,TP1041,2,2026-07-05T15:21:29Z,2026-07-05T15:21:29Z,0.0
PO18 0BL,SEPD,HV,1,TP1041,2,2026-07-05T15:21:29Z,2026-07-05T15:21:29Z,0.0
PO18 0BP,SEPD,HV,1,TP1041,2,2026-07-05T15:21:29Z,2026-07-05T15:21:29Z,0.0
PO18 0BQ,SEPD,HV,1,TP1041,2,2026-07-05T15:21:29Z,2026-07-05T15:21:29Z,0.0
PO18 0BS,SEPD,HV,1,TP1041,2,2026-07-05T15:21:29Z,2026-07-05T15:21:29Z,0.0
PO18 0BT,SEPD,HV,1,TP1041,2,2026-07-05T15:21:29Z,2026-07-05T15:21:29Z,0.0
PO18 0BU,SEPD,HV,1,TP1041,2,2026-07-05T15:21:29Z,2026-07-05T15:21:29Z,0.0
PO18 0BW,SEPD,HV,1,TP1041,2,2026-07-05T15:21:29Z,2026-07-05T15:21:29Z,0.0
PO18 0BX,SEPD,HV,1,TP1041,2,2026-07-05T15:21:29Z,2026-07-05T15:21:29Z,0.0
PO18 0BY,SEPD,HV,1,TP1041,2,2026-07-05T15:21:29Z,2026-07-05T15:21:29Z,0.0
PO18 0BZ,SEPD,HV,1,TP1041,2,2026-07-05T15:21:29Z,2026-07-05T15:21:29Z,0.0
PO18 0DA,SEPD,HV,1,TP1041,2,2026-07-05T15:21:29Z,2026-07-05T15:21:29Z,0.0
PO18 0DE,SEPD,HV,1,TP1041,2,2026-07-05T15:21:29Z,2026-07-05T15:21:29Z,0.0
PO18 0DQ,SEPD,HV,1,TP1041,2,2026-07-05T15:21:29Z,2026-07-05T15:21:29Z,0.0
PO18 0EW,SEPD,HV,1,TP1041,2,2026-07-05T15:21:29Z,2026-07-05T15:21:29Z,0.0
PO18 0FA,SEPD,HV,1,TP1041,2,2026-07-05T15:21:29Z,2026-07-05T15:21:29Z,0.0
PO18 0FD,SEPD,HV,1,TP1041,2,2026-07-05T15:21:29Z,2026-07-05T15:21:29Z,0.0
PO18 0FE,SEPD,HV,1,TP1041,2,2026-07-05T15:21:29Z,2026-07-05T15:21:29Z,0.0
PO18 0FJ,SEPD,HV,1,TP1041,2,2026-07-05T15:21:29Z,2026-07-05T15:21:29Z,0.0
PO18 0FL,SEPD,HV,1,TP1041,2,2026-07-05T15:21:29Z,2026-07-05T15:21:29Z,0.0
PO18 0SA,SEPD,HV,1,TP1041,2,2026-07-05T15:21:29Z,2026-07-05T15:21:29Z,0.0
PO18 0TE,SEPD,HV,1,TP1041,2,2026-07-05T15:21:29Z,2026-07-05T15:21:29Z,0.0
PO18 0TN,SEPD,HV,1,TP1041,2,2026-07-05T15:21:29Z,2026-07-05T15:21:29Z,0.0
PO18 8AD,SEPD,HV,1,TP1041,2,2026-07-05T15:21:29Z,2026-07-05T15:21:29Z,0.0
PO18 8AJ,SEPD,HV,1,TP1041,2,2026-07-05T15:21:29Z,2026-07-05T15:21:29Z,0.0
PO18 8DD,SEPD,HV,1,TP1041,2,2026-07-05T15:21:29Z,2026-07-05T15:21:29Z,0.0
PO18 8DE,SEPD,HV,1,TP1041,2,2026-07-05T15:21:29Z,2026-07-05T15:21:29Z,0.0
PO18 8GE,SEPD,HV,1,TP1041,2,2026-07-05T15:21:29Z,2026-07-05T15:21:29Z,0.0
PO18 8JR,SEPD,HV,1,TP1041,2,2026-07-05T15:21:29Z,2026-07-05T15:21:29Z,0.0
PO18 8JS,SEPD,HV,1,TP1041,2,2026-07-05T15:21:29Z,2026-07-05T15:21:29Z,0.0
PO18 8JT,SEPD,HV,1,TP1041,2,2026-07-05T15:21:29Z,2026-07-05T15:21:29Z,0.0
PO18 8JX,SEPD,HV,1,TP1041,2,2026-07-05T15:21:29Z,2026-07-05T15:21:29Z,0.0
PO18 8JY,SEPD,HV,1,TP1041,2,2026-07-05T15:21:29Z,2026-07-05T15:21:29Z,0.0
PO18 8JZ,SEPD,HV,1,TP1041,2,2026-07-05T15:21:29Z,2026-07-05T15:21:29Z,0.0
PO18 8LA,SEPD,HV,1,TP1041,2,2026-07-05T15:21:29Z,2026-07-05T15:21:29Z,0.0
PO18 8LB,SEPD,HV,1,TP1041,2,2026-07-05T15:21:29Z,2026-07-05T15:21:29Z,0.0
PO18 8LD,SEPD,HV,1,TP1041,2,2026-07-05T15:21:29Z,2026-07-05T15:21:29Z,0.0
PO18 8LE,SEPD,HV,1,TP1041,2,2026-07-05T15:21:29Z,2026-07-05T15:21:29Z,0.0
PO18 8LF,SEPD,HV,1,TP1041,2,2026-07-05T15:21:29Z,2026-07-05T15:21:29Z,0.0
PO18 8NT,SEPD,HV,1,TP1041,2,2026-07-05T15:21:29Z,2026-07-05T15:21:29Z,0.0
PO18 8PH,SEPD,HV,1,TP1041,2,2026-07-05T15:21:29Z,2026-07-05T15:21:29Z,0.0
PO18 8PS,SEPD,HV,1,TP1041,2,2026-07-05T15:21:29Z,2026-07-05T15:21:29Z,0.0
PO18 8PT,SEPD,HV,1,TP1041,2,2026-07-05T15:21:29Z,2026-07-05T15:21:29Z,0.0
PO18 8PU,SEPD,HV,1,TP1041,2,2026-07-05T15:21:29Z,2026-07-05T15:21:29Z,0.0
PO18 8QB,SEPD,HV,1,TP1041,2,2026-07-05T15:21:29Z,2026-07-05T15:21:29Z,0.0
PO18 8TS,SEPD,HV,1,TP1041,2,2026-07-05T15:21:29Z,2026-07-05T15:21:29Z,0.0
PO20,SEPD,HV,1,TP1041,2,2026-07-05T15:21:29Z,2026-07-05T15:21:29Z,0.0
PO20 9AG,SEPD,LV,1,TP0007,16,2026-07-04T12:51:06Z,2026-07-04T12:51:06Z,0.0
PO20 9AH,SEPD,LV,1,TP0007,16,2026-07-04T12:51:06Z,2026-07-04T12:51:06Z,0.0
PO20 9AQ,SEPD,LV,1,TP0007,16,2026-07-04T12:51:06Z,2026-07-04T12:51:06Z,0.0
PO20 9BU,SEPD,LV,1,TP0007,16,2026-07-04T12:51:06Z,2026-07-04T12:51:06Z,0.0
PO20 9HD,SEPD,LV,1,TP0007,16,2026-07-04T12:51:06Z,2026-07-04T12:51:06Z,0.0
PO30 4BG,SEPD,LV,1,TN9652,15,2026-07-03T21:16:29Z,2026-07-03T21:16:29Z,0.0
PO30 4BL,SEPD,LV,1,TN9652,15,2026-07-03T21:16:29Z,2026-07-03T21:16:29Z,0.0
PO30 4HH,SEPD,LV,1,TN9652,15,2026-07-03T21:16:29Z,2026-07-03T21:16:29Z,0.0
PO33 1AX,SEPD,LV,1,TP2672,10,2026-07-06T18:47:40Z,2026-07-06T18:47:40Z,0.0
PO33 1AY,SEPD,LV,1,TP2672,10,2026-07-06T18:47:40Z,2026-07-06T18:47:40Z,0.0
PO33 1BB,SEPD,LV,1,TP2672,10,2026-07-06T18:47:40Z,2026-07-06T18:47:40Z,0.0
PO36 8DE,SEPD,LV,1,TP1351,31,2026-07-06T13:35:12Z,2026-07-06T13:35:12Z,0.0
PO36 8DR,SEPD,LV,1,TP1351,31,2026-07-06T13:35:12Z,2026-07-06T13:35:12Z,0.0
PO36 8ER,SEPD,LV,1,TP1351,31,2026-07-06T13:35:12Z,2026-07-06T13:35:12Z,0.0
PO36 8ES,SEPD,LV,1,TP1351,31,2026-07-06T13:35:12Z,2026-07-06T13:35:12Z,0.0
PO36 8EW,SEPD,LV,1,TP1351,31,2026-07-06T13:35:12Z,2026-07-06T13:35:12Z,0.0
PO36 8HA,SEPD,LV,1,TP1351,31,2026-07-06T13:35:12Z,2026-07-06T13:35:12Z,0.0
PO36 8HW,SEPD,LV,1,TP1351,31,2026-07-06T13:35:12Z,2026-07-06T13:35:12Z,0.0
PO36 8JB,SEPD,LV,1,TP1351,31,2026-07-06T13:35:12Z,2026-07-06T13:35:12Z,0.0
PO36 8JE,SEPD,LV,1,TP1351,31,2026-07-06T13:35:12Z,2026-07-06T13:35:12Z,0.0
PO36 8JF,SEPD,LV,1,TP1351,31,2026-07-06T13:35:12Z,2026-07-06T13:35:12Z,0.0
PO40 9EF,SEPD,LV,1,TP3920,14,2026-07-07T13:52:22Z,2026-07-07T13:52:22Z,0.0
PO40 9EG,SEPD,LV,1,TP3920,14,2026-07-07T13:52:22Z,2026-07-07T13:52:22Z,0.0
PO40 9EH,SEPD,LV,1,TP3920,14,2026-07-07T13:52:22Z,2026-07-07T13:52:22Z,0.0
PO40 9EJ,SEPD,LV,1,TP3920,14,2026-07-07T13:52:22Z,2026-07-07T13:52:22Z,0.0
PO40 9EQ,SEPD,LV,1,TP3920,14,2026-07-07T13:52:22Z,2026-07-07T13:52:22Z,0.0
PO40 9NT,SEPD,LV,1,TP3920,14,2026-07-07T13:52:22Z,2026-07-07T13:52:22Z,0.0
PO40 9NU,SEPD,LV,1,TP3920,14,2026-07-07T13:52:22Z,2026-07-07T13:52:22Z,0.0
PO40 9PJ,SEPD,LV,1,TP3920,14,2026-07-07T13:52:22Z,2026-07-07T13:52:22Z,0.0
PO8 8PX,SEPD,LV,1,TN5770,5,2026-07-05T14:00:24Z,2026-07-05T14:00:24Z,0.0
RG14 1HB,SEPD,HV,1,TN9619,398,2026-07-03T19:54:45Z,2026-07-03T19:54:45Z,0.0
RG14 1HF,SEPD,HV,1,TN9619,398,2026-07-03T19:54:45Z,2026-07-03T19:54:45Z,0.0
RG14 1HG,SEPD,HV,1,TN9619,398,2026-07-03T19:54:45Z,2026-07-03T19:54:45Z,0.0
RG14 1HH,SEPD,HV,1,TN9619,398,2026-07-03T19:54:45Z,2026-07-03T19:54:45Z,0.0
RG14 1HJ,SEPD,HV,1,TN9619,398,2026-07-03T19:54:45Z,2026-07-03T19:54:45Z,0.0
RG14 1HP,SEPD,HV,1,TN9619,398,2026-07-03T19:54:45Z,2026-07-03T19:54:45Z,0.0
RG14 1HR,SEPD,HV,1,TN9619,398,2026-07-03T19:54:45Z,2026-07-03T19:54:45Z,0.0
RG14 1HW,SEPD,HV,1,TN9619,398,2026-07-03T19:54:45Z,2026-07-03T19:54:45Z,0.0
RG14 2AP,SEPD,HV,1,TN9619,398,2026-07-03T19:54:45Z,2026-07-03T19:54:45Z,0.0
RG14 2AR,SEPD,HV,1,TN9619,398,2026-07-03T19:54:45Z,2026-07-03T19:54:45Z,0.0
RG14 2AS,SEPD,HV,1,TN9619,398,2026-07-03T19:54:45Z,2026-07-03T19:54:45Z,0.0
RG14 2AT,SEPD,HV,1,TN9619,398,2026-07-03T19:54:45Z,2026-07-03T19:54:45Z,0.0
RG14 2AU,SEPD,HV,1,TN9619,398,2026-07-03T19:54:45Z,2026-07-03T19:54:45Z,0.0
RG14 2AW,SEPD,HV,1,TN9619,398,2026-07-03T19:54:45Z,2026-07-03T19:54:45Z,0.0
RG14 2AX,SEPD,HV,1,TN9619,398,2026-07-03T19:54:45Z,2026-07-03T19:54:45Z,0.0
RG14 2AY,SEPD,HV,1,TN9619,398,2026-07-03T19:54:45Z,2026-07-03T19:54:45Z,0.0
RG14 2BJ,SEPD,HV,1,TN9619,398,2026-07-03T19:54:45Z,2026-07-03T19:54:45Z,0.0
RG14 2BL,SEPD,HV,1,TN9619,398,2026-07-03T19:54:45Z,2026-07-03T19:54:45Z,0.0
RG14 2BW,SEPD,HV,1,TN9619,398,2026-07-03T19:54:45Z,2026-07-03T19:54:45Z,0.0
RG14 2BX,SEPD,HV,1,TN9619,398,2026-07-03T19:54:45Z,2026-07-03T19:54:45Z,0.0
RG14 2DN,SEPD,HV,1,TN9619,398,2026-07-03T19:54:45Z,2026-07-03T19:54:45Z,0.0
RG14 2EX,SEPD,HV,1,TN9619,398,2026-07-03T19:54:45Z,2026-07-03T19:54:45Z,0.0
RG14 2EY,SEPD,HV,1,TN9619,398,2026-07-03T19:54:45Z,2026-07-03T19:54:45Z,0.0
RG14 2FA,SEPD,HV,1,TN9619,398,2026-07-03T19:54:45Z,2026-07-03T19:54:45Z,0.0
RG14 2FB,SEPD,HV,1,TN9619,398,2026-07-03T19:54:45Z,2026-07-03T19:54:45Z,0.0
RG14 2FD,SEPD,HV,1,TN9619,398,2026-07-03T19:54:45Z,2026-07-03T19:54:45Z,0.0
RG14 2FE,SEPD,HV,1,TN9619,398,2026-07-03T19:54:45Z,2026-07-03T19:54:45Z,0.0
RG14 2FF,SEPD,HV,1,TN9619,398,2026-07-03T19:54:45Z,2026-07-03T19:54:45Z,0.0
RG14 2FG,SEPD,HV,1,TN9619,398,2026-07-03T19:54:45Z,2026-07-03T19:54:45Z,0.0
RG14 2FH,SEPD,HV,1,TN9619,398,2026-07-03T19:54:45Z,2026-07-03T19:54:45Z,0.0
RG14 2FJ,SEPD,HV,1,TN9619,398,2026-07-03T19:54:45Z,2026-07-03T19:54:45Z,0.0
RG14 2FS,SEPD,HV,1,TN9619,398,2026-07-03T19:54:45Z,2026-07-03T19:54:45Z,0.0
RG14 2FT,SEPD,HV,1,TN9619,398,2026-07-03T19:54:45Z,2026-07-03T19:54:45Z,0.0
RG14 2FU,SEPD,HV,1,TN9619,398,2026-07-03T19:54:45Z,2026-07-03T19:54:45Z,0.0
RG14 2FW,SEPD,HV,1,TN9619,398,2026-07-03T19:54:45Z,2026-07-03T19:54:45Z,0.0
RG14 2FX,SEPD,HV,1,TN9619,398,2026-07-03T19:54:45Z,2026-07-03T19:54:45Z,0.0
RG14 2HA,SEPD,HV,1,TN9619,398,2026-07-03T19:54:45Z,2026-07-03T19:54:45Z,0.0
RG14 2HD,SEPD,HV,1,TN9619,398,2026-07-03T19:54:45Z,2026-07-03T19:54:45Z,0.0
RG14 2HE,SEPD,HV,1,TN9619,398,2026-07-03T19:54:45Z,2026-07-03T19:54:45Z,0.0
RG14 2HF,SEPD,HV,1,TN9619,398,2026-07-03T19:54:45Z,2026-07-03T19:54:45Z,0.0
RG14 2HQ,SEPD,HV,1,TN9619,398,2026-07-03T19:54:45Z,2026-07-03T19:54:45Z,0.0
RG14 2HS,SEPD,HV,1,TN9619,398,2026-07-03T19:54:45Z,2026-07-03T19:54:45Z,0.0
RG14 2HT,SEPD,HV,1,TN9619,398,2026-07-03T19:54:45Z,2026-07-03T19:54:45Z,0.0
RG14 2LH,SEPD,HV,1,TN9619,398,2026-07-03T19:54:45Z,2026-07-03T19:54:45Z,0.0
RG14 2LJ,SEPD,HV,1,TN9619,398,2026-07-03T19:54:45Z,2026-07-03T19:54:45Z,0.0
RG14 2LL,SEPD,HV,1,TN9619,398,2026-07-03T19:54:45Z,2026-07-03T19:54:45Z,0.0
RG14 2LN,SEPD,HV,1,TN9619,398,2026-07-03T19:54:45Z,2026-07-03T19:54:45Z,0.0
RG14 2LR,SEPD,HV,1,TN9619,398,2026-07-03T19:54:45Z,2026-07-03T19:54:45Z,0.0
RG14 2LT,SEPD,HV,1,TN9619,398,2026-07-03T19:54:45Z,2026-07-03T19:54:45Z,0.0
RG14 2LZ,SEPD,HV,1,TN9619,398,2026-07-03T19:54:45Z,2026-07-03T19:54:45Z,0.0
RG14 2NB,SEPD,HV,1,TN9619,398,2026-07-03T19:54:45Z,2026-07-03T19:54:45Z,0.0
RG14 2ND,SEPD,HV,1,TN9619,398,2026-07-03T19:54:45Z,2026-07-03T19:54:45Z,0.0
RG14 2NE,SEPD,HV,1,TN9619,398,2026-07-03T19:54:45Z,2026-07-03T19:54:45Z,0.0
RG14 2NF,SEPD,HV,1,TN9619,398,2026-07-03T19:54:45Z,2026-07-03T19:54:45Z,0.0
RG14 2NG,SEPD,HV,1,TN9619,398,2026-07-03T19:54:45Z,2026-07-03T19:54:45Z,0.0
RG14 2NH,SEPD,HV,1,TN9619,398,2026-07-03T19:54:45Z,2026-07-03T19:54:45Z,0.0
RG14 2NJ,SEPD,HV,1,TN9619,398,2026-07-03T19:54:45Z,2026-07-03T19:54:45Z,0.0
RG14 2NL,SEPD,HV,1,TN9619,398,2026-07-03T19:54:45Z,2026-07-03T19:54:45Z,0.0
RG14 2NN,SEPD,HV,1,TN9619,398,2026-07-03T19:54:45Z,2026-07-03T19:54:45Z,0.0
RG14 2NP,SEPD,HV,1,TN9619,398,2026-07-03T19:54:45Z,2026-07-03T19:54:45Z,0.0
RG14 2NQ,SEPD,HV,1,TN9619,398,2026-07-03T19:54:45Z,2026-07-03T19:54:45Z,0.0
RG14 2NR,SEPD,HV,1,TN9619,398,2026-07-03T19:54:45Z,2026-07-03T19:54:45Z,0.0
RG14 2NW,SEPD,HV,1,TN9619,398,2026-07-03T19:54:45Z,2026-07-03T19:54:45Z,0.0
RG14 2NZ,SEPD,HV,1,TN9619,398,2026-07-03T19:54:45Z,2026-07-03T19:54:45Z,0.0
RG14 2PA,SEPD,HV,1,TN9619,398,2026-07-03T19:54:45Z,2026-07-03T19:54:45Z,0.0
RG14 2PE,SEPD,HV,1,TN9619,398,2026-07-03T19:54:45Z,2026-07-03T19:54:45Z,0.0
RG14 2PF,SEPD,HV,1,TN9619,398,2026-07-03T19:54:45Z,2026-07-03T19:54:45Z,0.0
RG14 2PH,SEPD,HV,1,TN9619,398,2026-07-03T19:54:45Z,2026-07-03T19:54:45Z,0.0
RG14 2PL,SEPD,HV,1,TN9619,398,2026-07-03T19:54:45Z,2026-07-03T19:54:45Z,0.0
RG14 2PN,SEPD,HV,1,TN9619,398,2026-07-03T19:54:45Z,2026-07-03T19:54:45Z,0.0
RG14 2PP,SEPD,HV,1,TN9619,398,2026-07-03T19:54:45Z,2026-07-03T19:54:45Z,0.0
RG14 2PQ,SEPD,HV,1,TN9619,398,2026-07-03T19:54:45Z,2026-07-03T19:54:45Z,0.0
RG14 2PR,SEPD,HV,1,TN9619,398,2026-07-03T19:54:45Z,2026-07-03T19:54:45Z,0.0
RG14 2PS,SEPD,HV,1,TN9619,398,2026-07-03T19:54:45Z,2026-07-03T19:54:45Z,0.0
RG14 2PU,SEPD,HV,1,TN9619,398,2026-07-03T19:54:45Z,2026-07-03T19:54:45Z,0.0
RG14 2PW,SEPD,HV,1,TN9619,398,2026-07-03T19:54:45Z,2026-07-03T19:54:45Z,0.0
RG14 2PX,SEPD,HV,1,TN9619,398,2026-07-03T19:54:45Z,2026-07-03T19:54:45Z,0.0
RG14 2PZ,SEPD,HV,1,TN9619,398,2026-07-03T19:54:45Z,2026-07-03T19:54:45Z,0.0
RG14 2QD,SEPD,HV,1,TN9619,398,2026-07-03T19:54:45Z,2026-07-03T19:54:45Z,0.0
RG14 2QE,SEPD,HV,1,TN9619,398,2026-07-03T19:54:45Z,2026-07-03T19:54:45Z,0.0
RG14 2QN,SEPD,HV,1,TN9619,398,2026-07-03T19:54:45Z,2026-07-03T19:54:45Z,0.0
RG14 2SD,SEPD,HV,1,TN9619,398,2026-07-03T19:54:45Z,2026-07-03T19:54:45Z,0.0
RG14 2SE,SEPD,HV,1,TN9619,398,2026-07-03T19:54:45Z,2026-07-03T19:54:45Z,0.0
RG14 2SF,SEPD,HV,1,TN9619,398,2026-07-03T19:54:45Z,2026-07-03T19:54:45Z,0.0
RG14 2SG,SEPD,HV,1,TN9619,398,2026-07-03T19:54:45Z,2026-07-03T19:54:45Z,0.0
RG14 2SJ,SEPD,HV,1,TN9619,398,2026-07-03T19:54:45Z,2026-07-03T19:54:45Z,0.0
RG14 2SL,SEPD,HV,1,TN9619,398,2026-07-03T19:54:45Z,2026-07-03T19:54:45Z,0.0
RG14 2SQ,SEPD,HV,1,TN9619,398,2026-07-03T19:54:45Z,2026-07-03T19:54:45Z,0.0
RG14 6DH,SEPD,LV,1,TP1315,25,2026-07-05T21:16:21Z,2026-07-05T21:16:21Z,0.0
RG14 6EG,SEPD,LV,1,TP1315,25,2026-07-05T21:16:21Z,2026-07-05T21:16:21Z,0.0
RG14 6EN,SEPD,LV,1,TP1315,25,2026-07-05T21:16:21Z,2026-07-05T21:16:21Z,0.0
RG14 6JD,SEPD,LV,1,TP1315,25,2026-07-05T21:16:21Z,2026-07-05T21:16:21Z,0.0
RG14 6JE,SEPD,LV,1,TP1315,25,2026-07-05T21:16:21Z,2026-07-05T21:16:21Z,0.0
RG14 6JH,SEPD,LV,1,TP1315,25,2026-07-05T21:16:21Z,2026-07-05T21:16:21Z,0.0
RG14 6JN,SEPD,LV,1,TP1315,25,2026-07-05T21:16:21Z,2026-07-05T21:16:21Z,0.0
RG14 6JQ,SEPD,LV,1,TP1315,25,2026-07-05T21:16:21Z,2026-07-05T21:16:21Z,0.0
RG14 6JR,SEPD,LV,1,TP1315,25,2026-07-05T21:16:21Z,2026-07-05T21:16:21Z,0.0
RG14 6JW,SEPD,LV,1,TP1315,25,2026-07-05T21:16:21Z,2026-07-05T21:16:21Z,0.0
RG18 9HG,SEPD,HV,1,TN9619,398,2026-07-03T19:54:45Z,2026-07-03T19:54:45Z,0.0
RG2 7SD,SEPD,HV,1,TN6603,181,2026-07-01T20:13:43Z,2026-07-01T20:13:43Z,0.0
RG20 0AX,SEPD,PSI,1,252875,3,2026-07-06T13:35:12Z,2026-07-06T13:35:12Z,0.0
RG20 0AY,SEPD,PSI,1,252875,3,2026-07-06T13:35:12Z,2026-07-06T13:35:12Z,0.0
RG20 0BE,SEPD,PSI,1,252875,3,2026-07-06T13:35:12Z,2026-07-06T13:35:12Z,0.0
RG20 0NL,SEPD,PSI,1,252831,20,2026-07-06T09:46:21Z,2026-07-06T09:46:21Z,0.0
RG20 0NR,SEPD,PSI,1,252831,20,2026-07-06T09:46:21Z,2026-07-06T09:46:21Z,0.0
RG20 0NS,SEPD,PSI,1,252831,20,2026-07-06T09:46:21Z,2026-07-06T09:46:21Z,0.0
RG20 0NT,SEPD,PSI,1,252831,20,2026-07-06T09:46:21Z,2026-07-06T09:46:21Z,0.0
RG20 0PN,SEPD,PSI,1,252831,20,2026-07-06T09:46:21Z,2026-07-06T09:46:21Z,0.0
RG20 7DY,SEPD,HV,1,TN9619,398,2026-07-03T19:54:45Z,2026-07-03T19:54:45Z,0.0
RG20 8DS,SEPD,HV,1,TP2452,2,2026-07-06T16:44:02Z,2026-07-06T16:44:02Z,0.0
RG21 3AN,SEPD,HV,1,TN6670,629,2026-07-01T20:13:43Z,2026-07-01T20:13:43Z,0.0
RG21 3AS,SEPD,HV,1,TN6670,629,2026-07-01T20:13:43Z,2026-07-01T20:13:43Z,0.0
RG21 3AT,SEPD,HV,1,TN6670,629,2026-07-01T20:13:43Z,2026-07-01T20:13:43Z,0.0
RG21 3AU,SEPD,HV,1,TN6670,629,2026-07-01T20:13:43Z,2026-07-01T20:13:43Z,0.0
RG21 3AW,SEPD,HV,1,TN6670,629,2026-07-01T20:13:43Z,2026-07-01T20:13:43Z,0.0
RG21 3AX,SEPD,HV,1,TN6670,629,2026-07-01T20:13:43Z,2026-07-01T20:13:43Z,0.0
RG21 3AY,SEPD,HV,1,TN6670,629,2026-07-01T20:13:43Z,2026-07-01T20:13:43Z,0.0
RG21 3AZ,SEPD,HV,1,TN6670,629,2026-07-01T20:13:43Z,2026-07-01T20:13:43Z,0.0
RG21 3BA,SEPD,HV,1,TN6670,629,2026-07-01T20:13:43Z,2026-07-01T20:13:43Z,0.0
RG21 3BS,SEPD,HV,1,TN6670,629,2026-07-01T20:13:43Z,2026-07-01T20:13:43Z,0.0
RG21 3EE,SEPD,HV,1,TN6670,629,2026-07-01T20:13:43Z,2026-07-01T20:13:43Z,0.0
RG21 3HD,SEPD,HV,1,TN6670,629,2026-07-01T20:13:43Z,2026-07-01T20:13:43Z,0.0
RG21 3HL,SEPD,HV,1,TN6670,629,2026-07-01T20:13:43Z,2026-07-01T20:13:43Z,0.0
RG21 3HP,SEPD,HV,1,TN6670,629,2026-07-01T20:13:43Z,2026-07-01T20:13:43Z,0.0
RG21 3HQ,SEPD,HV,1,TN6670,629,2026-07-01T20:13:43Z,2026-07-01T20:13:43Z,0.0
RG21 3HS,SEPD,HV,1,TN6670,629,2026-07-01T20:13:43Z,2026-07-01T20:13:43Z,0.0
RG21 3HT,SEPD,HV,1,TN6670,629,2026-07-01T20:13:43Z,2026-07-01T20:13:43Z,0.0
RG21 3HU,SEPD,HV,1,TN6670,629,2026-07-01T20:13:43Z,2026-07-01T20:13:43Z,0.0
RG21 3HX,SEPD,HV,1,TN6670,629,2026-07-01T20:13:43Z,2026-07-01T20:13:43Z,0.0
RG21 3HY,SEPD,HV,1,TN6670,629,2026-07-01T20:13:43Z,2026-07-01T20:13:43Z,0.0
RG21 3HZ,SEPD,HV,1,TN6670,629,2026-07-01T20:13:43Z,2026-07-01T20:13:43Z,0.0
RG21 3JD,SEPD,HV,1,TN6670,629,2026-07-01T20:13:43Z,2026-07-01T20:13:43Z,0.0
RG21 3JH,SEPD,HV,1,TN6670,629,2026-07-01T20:13:43Z,2026-07-01T20:13:43Z,0.0
RG21 3LR,SEPD,HV,1,TN6670,629,2026-07-01T20:13:43Z,2026-07-01T20:13:43Z,0.0
RG21 3PF,SEPD,HV,1,TN6670,629,2026-07-01T20:13:43Z,2026-07-01T20:13:43Z,0.0
RG21 3PH,SEPD,HV,1,TN6670,629,2026-07-01T20:13:43Z,2026-07-01T20:13:43Z,0.0
RG21 6TZ,SEPD,HV,1,TN9718,9,2026-07-03T21:16:29Z,2026-07-03T21:16:29Z,0.0
RG21 6XL,SEPD,HV,1,TN9718,9,2026-07-03T21:16:29Z,2026-07-03T21:16:29Z,0.0
RG21 6XQ,SEPD,HV,1,TN9718,9,2026-07-03T21:16:29Z,2026-07-03T21:16:29Z,0.0
RG21 6XR,SEPD,HV,1,TN9718,9,2026-07-03T21:16:29Z,2026-07-03T21:16:29Z,0.0
RG22 4BS,SEPD,HV,1,TN6670,629,2026-07-01T20:13:43Z,2026-07-01T20:13:43Z,0.0
RG22 4BT,SEPD,HV,1,TN6670,629,2026-07-01T20:13:43Z,2026-07-01T20:13:43Z,0.0
RG22 4BU,SEPD,HV,1,TN6670,629,2026-07-01T20:13:43Z,2026-07-01T20:13:43Z,0.0
RG22 4BX,SEPD,HV,1,TN6670,629,2026-07-01T20:13:43Z,2026-07-01T20:13:43Z,0.0
RG22 4BZ,SEPD,HV,1,TN6670,629,2026-07-01T20:13:43Z,2026-07-01T20:13:43Z,0.0
RG22 4HD,SEPD,LV,1,TN8952,9,2026-07-03T11:16:23Z,2026-07-03T11:16:23Z,0.0
RG22 4HE,SEPD,LV,1,TN8952,9,2026-07-03T11:16:23Z,2026-07-03T11:16:23Z,0.0
RG25 2BE,SEPD,HV,1,TN9718,9,2026-07-03T21:16:29Z,2026-07-03T21:16:29Z,0.0
RG25 2FA,SEPD,HV,1,TN6670,629,2026-07-01T20:13:43Z,2026-07-01T20:13:43Z,0.0
RG25 2FG,SEPD,HV,1,TN6670,629,2026-07-01T20:13:43Z,2026-07-01T20:13:43Z,0.0
RG25 2FN,SEPD,HV,1,TN6670,629,2026-07-01T20:13:43Z,2026-07-01T20:13:43Z,0.0
RG25 2FQ,SEPD,HV,1,TN6670,629,2026-07-01T20:13:43Z,2026-07-01T20:13:43Z,0.0
RG25 2FR,SEPD,HV,1,TN6670,629,2026-07-01T20:13:43Z,2026-07-01T20:13:43Z,0.0
RG25 2GZ,SEPD,HV,1,TN6670,629,2026-07-01T20:13:43Z,2026-07-01T20:13:43Z,0.0
RG25 2HA,SEPD,HV,1,TN6670,629,2026-07-01T20:13:43Z,2026-07-01T20:13:43Z,0.0
RG25 2HH,SEPD,HV,1,TN6670,629,2026-07-01T20:13:43Z,2026-07-01T20:13:43Z,0.0
RG25 2HP,SEPD,HV,1,TN6670,629,2026-07-01T20:13:43Z,2026-07-01T20:13:43Z,0.0
RG25 2HR,SEPD,HV,1,TN6670,629,2026-07-01T20:13:43Z,2026-07-01T20:13:43Z,0.0
RG25 2HS,SEPD,HV,1,TN6670,629,2026-07-01T20:13:43Z,2026-07-01T20:13:43Z,0.0
RG25 2HT,SEPD,HV,1,TN6670,629,2026-07-01T20:13:43Z,2026-07-01T20:13:43Z,0.0
RG25 2HU,SEPD,HV,1,TN6670,629,2026-07-01T20:13:43Z,2026-07-01T20:13:43Z,0.0
RG25 2HW,SEPD,HV,1,TN6670,629,2026-07-01T20:13:43Z,2026-07-01T20:13:43Z,0.0
RG25 2HX,SEPD,HV,1,TN6670,629,2026-07-01T20:13:43Z,2026-07-01T20:13:43Z,0.0
RG25 2HY,SEPD,HV,1,TN6670,629,2026-07-01T20:13:43Z,2026-07-01T20:13:43Z,0.0
RG25 2JA,SEPD,HV,1,TN6670,629,2026-07-01T20:13:43Z,2026-07-01T20:13:43Z,0.0
RG25 2JB,SEPD,HV,1,TN6670,629,2026-07-01T20:13:43Z,2026-07-01T20:13:43Z,0.0
RG25 2JD,SEPD,HV,1,TN6670,629,2026-07-01T20:13:43Z,2026-07-01T20:13:43Z,0.0
RG25 2JE,SEPD,HV,1,TN6670,629,2026-07-01T20:13:43Z,2026-07-01T20:13:43Z,0.0
RG25 2JF,SEPD,HV,1,TN6670,629,2026-07-01T20:13:43Z,2026-07-01T20:13:43Z,0.0
RG25 2JG,SEPD,HV,1,TN6670,629,2026-07-01T20:13:43Z,2026-07-01T20:13:43Z,0.0
RG25 2JH,SEPD,HV,1,TN6670,629,2026-07-01T20:13:43Z,2026-07-01T20:13:43Z,0.0
RG25 2JJ,SEPD,HV,1,TN6670,629,2026-07-01T20:13:43Z,2026-07-01T20:13:43Z,0.0
RG25 2JL,SEPD,HV,1,TN6670,629,2026-07-01T20:13:43Z,2026-07-01T20:13:43Z,0.0
RG25 2JN,SEPD,HV,1,TN6670,629,2026-07-01T20:13:43Z,2026-07-01T20:13:43Z,0.0
RG25 2JP,SEPD,HV,1,TN6670,629,2026-07-01T20:13:43Z,2026-07-01T20:13:43Z,0.0
RG25 2JQ,SEPD,HV,1,TN6670,629,2026-07-01T20:13:43Z,2026-07-01T20:13:43Z,0.0
RG25 2JS,SEPD,HV,1,TN6670,629,2026-07-01T20:13:43Z,2026-07-01T20:13:43Z,0.0
RG25 2JT,SEPD,HV,1,TN6670,629,2026-07-01T20:13:43Z,2026-07-01T20:13:43Z,0.0
RG25 2JU,SEPD,HV,1,TN6670,629,2026-07-01T20:13:43Z,2026-07-01T20:13:43Z,0.0
RG25 2JW,SEPD,HV,1,TN6670,629,2026-07-01T20:13:43Z,2026-07-01T20:13:43Z,0.0
RG25 2ND,SEPD,HV,1,TN6670,629,2026-07-01T20:13:43Z,2026-07-01T20:13:43Z,0.0
RG25 2NE,SEPD,HV,1,TN6670,629,2026-07-01T20:13:43Z,2026-07-01T20:13:43Z,0.0
RG25 2NF,SEPD,HV,1,TN6670,629,2026-07-01T20:13:43Z,2026-07-01T20:13:43Z,0.0
RG25 2NG,SEPD,HV,1,TN6670,629,2026-07-01T20:13:43Z,2026-07-01T20:13:43Z,0.0
RG25 2NL,SEPD,HV,1,TN6670,629,2026-07-01T20:13:43Z,2026-07-01T20:13:43Z,0.0
RG25 2NP,SEPD,HV,1,TN6670,629,2026-07-01T20:13:43Z,2026-07-01T20:13:43Z,0.0
RG25 2NQ,SEPD,PSI,1,252274,7,2026-07-06T09:46:21Z,2026-07-06T09:46:21Z,0.0
RG25 2QU,SEPD,HV,1,TN6670,629,2026-07-01T20:13:43Z,2026-07-01T20:13:43Z,0.0
RG25 3JH,SEPD,HV,1,TN6670,629,2026-07-01T20:13:43Z,2026-07-01T20:13:43Z,0.0
RG30 1AE,SEPD,LV,1,TP0672,8,2026-07-04T23:14:42Z,2026-07-04T23:14:42Z,0.0
RG30 1JX,SEPD,LV,1,TP0672,8,2026-07-04T23:14:42Z,2026-07-04T23:14:42Z,0.0
RG30 1LW,SEPD,LV,1,TP0672,8,2026-07-04T23:14:42Z,2026-07-04T23:14:42Z,0.0
RG30 3BR,SEPD,HV,1,TN6603,181,2026-07-01T20:13:43Z,2026-07-01T20:13:43Z,0.0
RG30 3DQ,SEPD,HV,1,TN6603,181,2026-07-01T20:13:43Z,2026-07-01T20:13:43Z,0.0
RG30 3SE,SEPD,HV,1,TN6603,181,2026-07-01T20:13:43Z,2026-07-01T20:13:43Z,0.0
RG30 3SG,SEPD,HV,1,TN6603,181,2026-07-01T20:13:43Z,2026-07-01T20:13:43Z,0.0
RG30 3SH,SEPD,HV,1,TN6603,181,2026-07-01T20:13:43Z,2026-07-01T20:13:43Z,0.0
RG30 3SJ,SEPD,HV,1,TN6603,181,2026-07-01T20:13:43Z,2026-07-01T20:13:43Z,0.0
RG30 3SL,SEPD,HV,1,TN6603,181,2026-07-01T20:13:43Z,2026-07-01T20:13:43Z,0.0
RG30 3SN,SEPD,HV,1,TN6603,181,2026-07-01T20:13:43Z,2026-07-01T20:13:43Z,0.0
RG30 3SP,SEPD,HV,1,TN6603,181,2026-07-01T20:13:43Z,2026-07-01T20:13:43Z,0.0
RG30 3SQ,SEPD,HV,1,TN6603,181,2026-07-01T20:13:43Z,2026-07-01T20:13:43Z,0.0
RG30 3SW,SEPD,HV,1,TN6603,181,2026-07-01T20:13:43Z,2026-07-01T20:13:43Z,0.0
RG30 3TH,SEPD,HV,1,TN6603,181,2026-07-01T20:13:43Z,2026-07-01T20:13:43Z,0.0
RG30 4AZ,SEPD,LV,1,TM9875,9,2026-07-05T15:21:29Z,2026-07-05T15:21:29Z,0.0
RG40 4PP,SEPD,PSI,1,252872,4,2026-07-07T13:52:22Z,2026-07-07T13:52:22Z,0.0
RG40 4PR,SEPD,PSI,1,252872,4,2026-07-07T13:52:22Z,2026-07-07T13:52:22Z,0.0
RG40 4PS,SEPD,PSI,1,252872,4,2026-07-07T13:52:22Z,2026-07-07T13:52:22Z,0.0
RG42 6EQ,SEPD,LV,1,TN8892,4,2026-07-03T11:16:23Z,2026-07-03T11:16:23Z,0.0
RG42 6ES,SEPD,LV,1,TN8892,4,2026-07-03T11:16:23Z,2026-07-03T11:16:23Z,0.0
RG42 6EU,SEPD,LV,1,TN8892,4,2026-07-03T11:16:23Z,2026-07-03T11:16:23Z,0.0
RG42 6EX,SEPD,LV,1,TN8892,4,2026-07-03T11:16:23Z,2026-07-03T11:16:23Z,0.0
RG42 6EY,SEPD,LV,1,TN8892,4,2026-07-03T11:16:23Z,2026-07-03T11:16:23Z,0.0
RG5 2FG,SEPD,HV,1,TN6670,629,2026-07-01T20:13:43Z,2026-07-01T20:13:43Z,0.0
RG7 2EL,SEPD,HV,1,TN6603,181,2026-07-01T20:13:43Z,2026-07-01T20:13:43Z,0.0
RG7 3AF,SEPD,HV,1,TN6603,181,2026-07-01T20:13:43Z,2026-07-01T20:13:43Z,0.0
RG7 3AG,SEPD,HV,1,TN6603,181,2026-07-01T20:13:43Z,2026-07-01T20:13:43Z,0.0
RG7 3BL,SEPD,HV,1,TN6603,181,2026-07-01T20:13:43Z,2026-07-01T20:13:43Z,0.0
RG7 3BU,SEPD,HV,1,TN6603,181,2026-07-01T20:13:43Z,2026-07-01T20:13:43Z,0.0
RG7 3DA,SEPD,HV,1,TN6603,181,2026-07-01T20:13:43Z,2026-07-01T20:13:43Z,0.0
RG7 3DD,SEPD,HV,1,TN6603,181,2026-07-01T20:13:43Z,2026-07-01T20:13:43Z,0.0
RG7 3DG,SEPD,HV,1,TN6603,181,2026-07-01T20:13:43Z,2026-07-01T20:13:43Z,0.0
RG7 3DL,SEPD,HV,1,TN6603,181,2026-07-01T20:13:43Z,2026-07-01T20:13:43Z,0.0
RG7 3DN,SEPD,HV,1,TN6603,181,2026-07-01T20:13:43Z,2026-07-01T20:13:43Z,0.0
RG7 3DP,SEPD,HV,1,TN6603,181,2026-07-01T20:13:43Z,2026-07-01T20:13:43Z,0.0
RG7 3DR,SEPD,HV,1,TN6603,181,2026-07-01T20:13:43Z,2026-07-01T20:13:43Z,0.0
RG7 3DS,SEPD,HV,1,TN6603,181,2026-07-01T20:13:43Z,2026-07-01T20:13:43Z,0.0
RG7 3DT,SEPD,HV,1,TN6603,181,2026-07-01T20:13:43Z,2026-07-01T20:13:43Z,0.0
RG7 3DU,SEPD,HV,1,TN6603,181,2026-07-01T20:13:43Z,2026-07-01T20:13:43Z,0.0
RG7 3DX,SEPD,HV,1,TN6603,181,2026-07-01T20:13:43Z,2026-07-01T20:13:43Z,0.0
RG7 3DY,SEPD,HV,1,TN6603,181,2026-07-01T20:13:43Z,2026-07-01T20:13:43Z,0.0
RG7 3DZ,SEPD,HV,1,TN6603,181,2026-07-01T20:13:43Z,2026-07-01T20:13:43Z,0.0
RG7 3ED,SEPD,HV,1,TN6603,181,2026-07-01T20:13:43Z,2026-07-01T20:13:43Z,0.0
RG7 3EF,SEPD,HV,1,TN6603,181,2026-07-01T20:13:43Z,2026-07-01T20:13:43Z,0.0
RG7 3EG,SEPD,HV,1,TN6603,181,2026-07-01T20:13:43Z,2026-07-01T20:13:43Z,0.0
RG7 3EH,SEPD,HV,1,TN6603,181,2026-07-01T20:13:43Z,2026-07-01T20:13:43Z,0.0
RG7 3EJ,SEPD,HV,1,TN6603,181,2026-07-01T20:13:43Z,2026-07-01T20:13:43Z,0.0
RG7 3EL,SEPD,HV,1,TN6603,181,2026-07-01T20:13:43Z,2026-07-01T20:13:43Z,0.0
RG7 3EZ,SEPD,HV,1,TN6603,181,2026-07-01T20:13:43Z,2026-07-01T20:13:43Z,0.0
RG7 3FL,SEPD,HV,1,TN6603,181,2026-07-01T20:13:43Z,2026-07-01T20:13:43Z,0.0
RG7 3FT,SEPD,HV,1,TN6603,181,2026-07-01T20:13:43Z,2026-07-01T20:13:43Z,0.0
RG7 3GN,SEPD,HV,1,TN6603,181,2026-07-01T20:13:43Z,2026-07-01T20:13:43Z,0.0
RG7 3GW,SEPD,HV,1,TN6603,181,2026-07-01T20:13:43Z,2026-07-01T20:13:43Z,0.0
RG7 3HB,SEPD,HV,1,TN6603,181,2026-07-01T20:13:43Z,2026-07-01T20:13:43Z,0.0
RG7 3HD,SEPD,HV,1,TN6603,181,2026-07-01T20:13:43Z,2026-07-01T20:13:43Z,0.0
RG7 3HE,SEPD,HV,1,TN6603,181,2026-07-01T20:13:43Z,2026-07-01T20:13:43Z,0.0
RG7 3HF,SEPD,HV,1,TN6603,181,2026-07-01T20:13:43Z,2026-07-01T20:13:43Z,0.0
RG7 3HG,SEPD,HV,1,TN6603,181,2026-07-01T20:13:43Z,2026-07-01T20:13:43Z,0.0
RG7 3HH,SEPD,HV,1,TN6603,181,2026-07-01T20:13:43Z,2026-07-01T20:13:43Z,0.0
RG7 3HJ,SEPD,HV,1,TN6603,181,2026-07-01T20:13:43Z,2026-07-01T20:13:43Z,0.0
RG7 3HL,SEPD,HV,1,TN6603,181,2026-07-01T20:13:43Z,2026-07-01T20:13:43Z,0.0
RG7 3HN,SEPD,HV,1,TN6603,181,2026-07-01T20:13:43Z,2026-07-01T20:13:43Z,0.0
RG7 3HP,SEPD,HV,1,TN6603,181,2026-07-01T20:13:43Z,2026-07-01T20:13:43Z,0.0
RG7 3HQ,SEPD,HV,1,TN6603,181,2026-07-01T20:13:43Z,2026-07-01T20:13:43Z,0.0
RG7 3HR,SEPD,HV,1,TN6603,181,2026-07-01T20:13:43Z,2026-07-01T20:13:43Z,0.0
RG7 3HS,SEPD,HV,1,TN6603,181,2026-07-01T20:13:43Z,2026-07-01T20:13:43Z,0.0
RG7 3HT,SEPD,HV,1,TN6603,181,2026-07-01T20:13:43Z,2026-07-01T20:13:43Z,0.0
RG7 3HU,SEPD,HV,1,TN6603,181,2026-07-01T20:13:43Z,2026-07-01T20:13:43Z,0.0
RG7 3HW,SEPD,HV,1,TN6603,181,2026-07-01T20:13:43Z,2026-07-01T20:13:43Z,0.0
RG7 3HX,SEPD,HV,1,TN6603,181,2026-07-01T20:13:43Z,2026-07-01T20:13:43Z,0.0
RG7 3HY,SEPD,HV,1,TN6603,181,2026-07-01T20:13:43Z,2026-07-01T20:13:43Z,0.0
RG7 3HZ,SEPD,HV,1,TN6603,181,2026-07-01T20:13:43Z,2026-07-01T20:13:43Z,0.0
RG7 3JA,SEPD,HV,1,TN6603,181,2026-07-01T20:13:43Z,2026-07-01T20:13:43Z,0.0
RG7 3JB,SEPD,HV,1,TN6603,181,2026-07-01T20:13:43Z,2026-07-01T20:13:43Z,0.0
RG7 3JN,SEPD,HV,1,TN6603,181,2026-07-01T20:13:43Z,2026-07-01T20:13:43Z,0.0
RG7 3JP,SEPD,HV,1,TN6603,181,2026-07-01T20:13:43Z,2026-07-01T20:13:43Z,0.0
RG7 3JQ,SEPD,HV,1,TN6603,181,2026-07-01T20:13:43Z,2026-07-01T20:13:43Z,0.0
RG7 3JR,SEPD,HV,1,TN6603,181,2026-07-01T20:13:43Z,2026-07-01T20:13:43Z,0.0
RG7 3JS,SEPD,HV,1,TN6603,181,2026-07-01T20:13:43Z,2026-07-01T20:13:43Z,0.0
RG7 3JT,SEPD,HV,1,TN6603,181,2026-07-01T20:13:43Z,2026-07-01T20:13:43Z,0.0
RG7 3JU,SEPD,HV,1,TN6603,181,2026-07-01T20:13:43Z,2026-07-01T20:13:43Z,0.0
RG7 3JW,SEPD,HV,1,TN6603,181,2026-07-01T20:13:43Z,2026-07-01T20:13:43Z,0.0
RG7 3JX,SEPD,HV,1,TN6603,181,2026-07-01T20:13:43Z,2026-07-01T20:13:43Z,0.0
RG7 3LB,SEPD,HV,1,TN6603,181,2026-07-01T20:13:43Z,2026-07-01T20:13:43Z,0.0
RG7 3LD,SEPD,HV,1,TN6603,181,2026-07-01T20:13:43Z,2026-07-01T20:13:43Z,0.0
RG7 3LE,SEPD,HV,1,TN6603,181,2026-07-01T20:13:43Z,2026-07-01T20:13:43Z,0.0
RG7 3LG,SEPD,HV,1,TN6603,181,2026-07-01T20:13:43Z,2026-07-01T20:13:43Z,0.0
RG7 3LH,SEPD,HV,1,TN6603,181,2026-07-01T20:13:43Z,2026-07-01T20:13:43Z,0.0
RG7 3LJ,SEPD,HV,1,TN6603,181,2026-07-01T20:13:43Z,2026-07-01T20:13:43Z,0.0
RG7 3LL,SEPD,HV,1,TN6603,181,2026-07-01T20:13:43Z,2026-07-01T20:13:43Z,0.0
RG7 3LN,SEPD,HV,1,TN6603,181,2026-07-01T20:13:43Z,2026-07-01T20:13:43Z,0.0
RG7 3LP,SEPD,HV,1,TN6603,181,2026-07-01T20:13:43Z,2026-07-01T20:13:43Z,0.0
RG7 3LR,SEPD,HV,1,TN6603,181,2026-07-01T20:13:43Z,2026-07-01T20:13:43Z,0.0
RG7 3LS,SEPD,HV,1,TN6603,181,2026-07-01T20:13:43Z,2026-07-01T20:13:43Z,0.0
RG7 3LT,SEPD,HV,1,TN6603,181,2026-07-01T20:13:43Z,2026-07-01T20:13:43Z,0.0
RG7 3LU,SEPD,HV,1,TN6603,181,2026-07-01T20:13:43Z,2026-07-01T20:13:43Z,0.0
RG7 3LX,SEPD,HV,1,TN6603,181,2026-07-01T20:13:43Z,2026-07-01T20:13:43Z,0.0
RG7 3LY,SEPD,HV,1,TN6603,181,2026-07-01T20:13:43Z,2026-07-01T20:13:43Z,0.0
RG7 3NA,SEPD,HV,1,TN6603,181,2026-07-01T20:13:43Z,2026-07-01T20:13:43Z,0.0
RG7 3NE,SEPD,HV,1,TN6603,181,2026-07-01T20:13:43Z,2026-07-01T20:13:43Z,0.0
RG7 3NZ,SEPD,HV,1,TN6603,181,2026-07-01T20:13:43Z,2026-07-01T20:13:43Z,0.0
RG7 3PE,SEPD,HV,1,TN6603,181,2026-07-01T20:13:43Z,2026-07-01T20:13:43Z,0.0
RG7 3PY,SEPD,HV,1,TN6603,181,2026-07-01T20:13:43Z,2026-07-01T20:13:43Z,0.0
RG7 3QA,SEPD,HV,1,TN6603,181,2026-07-01T20:13:43Z,2026-07-01T20:13:43Z,0.0
RG7 3QB,SEPD,HV,1,TN6603,181,2026-07-01T20:13:43Z,2026-07-01T20:13:43Z,0.0
RG7 3QD,SEPD,HV,1,TN6603,181,2026-07-01T20:13:43Z,2026-07-01T20:13:43Z,0.0
RG7 3QE,SEPD,HV,1,TN6603,181,2026-07-01T20:13:43Z,2026-07-01T20:13:43Z,0.0
RG7 3QF,SEPD,HV,1,TN6603,181,2026-07-01T20:13:43Z,2026-07-01T20:13:43Z,0.0
RG7 3QG,SEPD,HV,1,TN6603,181,2026-07-01T20:13:43Z,2026-07-01T20:13:43Z,0.0
RG7 3QH,SEPD,HV,1,TN6603,181,2026-07-01T20:13:43Z,2026-07-01T20:13:43Z,0.0
RG7 3QJ,SEPD,HV,1,TN6603,181,2026-07-01T20:13:43Z,2026-07-01T20:13:43Z,0.0
RG7 3QL,SEPD,HV,1,TN6603,181,2026-07-01T20:13:43Z,2026-07-01T20:13:43Z,0.0
RG7 3QP,SEPD,HV,1,TN6603,181,2026-07-01T20:13:43Z,2026-07-01T20:13:43Z,0.0
RG7 3QQ,SEPD,HV,1,TN6603,181,2026-07-01T20:13:43Z,2026-07-01T20:13:43Z,0.0
RG7 3QT,SEPD,HV,1,TN6603,181,2026-07-01T20:13:43Z,2026-07-01T20:13:43Z,0.0
RG7 3QW,SEPD,HV,1,TN6603,181,2026-07-01T20:13:43Z,2026-07-01T20:13:43Z,0.0
RG7 3UN,SEPD,HV,1,TN6603,181,2026-07-01T20:13:43Z,2026-07-01T20:13:43Z,0.0
RG7 3XJ,SEPD,HV,1,TN6603,181,2026-07-01T20:13:43Z,2026-07-01T20:13:43Z,0.0
RG7 3XP,SEPD,HV,1,TN6603,181,2026-07-01T20:13:43Z,2026-07-01T20:13:43Z,0.0
RG7 3XW,SEPD,HV,1,TN6603,181,2026-07-01T20:13:43Z,2026-07-01T20:13:43Z,0.0
RG7 3YH,SEPD,HV,1,TN6603,181,2026-07-01T20:13:43Z,2026-07-01T20:13:43Z,0.0
RG7 3ZF,SEPD,HV,1,TN6603,181,2026-07-01T20:13:43Z,2026-07-01T20:13:43Z,0.0
RG7 4QJ,SEPD,HV,1,TN6603,181,2026-07-01T20:13:43Z,2026-07-01T20:13:43Z,0.0
RG7 4QS,SEPD,HV,1,TN6603,181,2026-07-01T20:13:43Z,2026-07-01T20:13:43Z,0.0
RG7 5JR,SEPD,HV,1,TP0581,112,2026-07-04T20:01:19Z,2026-07-04T20:01:19Z,0.0
RG7 5JS,SEPD,HV,1,TP0581,112,2026-07-04T20:01:19Z,2026-07-04T20:01:19Z,0.0
RG7 5JT,SEPD,HV,1,TP0581,112,2026-07-04T20:01:19Z,2026-07-04T20:01:19Z,0.0
RG7 5JU,SEPD,HV,1,TP0581,112,2026-07-04T20:01:19Z,2026-07-04T20:01:19Z,0.0
RG7 5JX,SEPD,HV,1,TP0581,112,2026-07-04T20:01:19Z,2026-07-04T20:01:19Z,0.0
RG7 6AA,SEPD,HV,1,TP0581,112,2026-07-04T20:01:19Z,2026-07-04T20:01:19Z,0.0
RG7 6AB,SEPD,HV,1,TP0581,112,2026-07-04T20:01:19Z,2026-07-04T20:01:19Z,0.0
RG7 6AE,SEPD,HV,1,TP0581,112,2026-07-04T20:01:19Z,2026-07-04T20:01:19Z,0.0
RG7 6AF,SEPD,HV,1,TP0581,112,2026-07-04T20:01:19Z,2026-07-04T20:01:19Z,0.0
RG7 6AG,SEPD,HV,1,TP0581,112,2026-07-04T20:01:19Z,2026-07-04T20:01:19Z,0.0
RG7 6AT,SEPD,HV,1,TP0581,112,2026-07-04T20:01:19Z,2026-07-04T20:01:19Z,0.0
RG7 6AY,SEPD,HV,1,TP0581,112,2026-07-04T20:01:19Z,2026-07-04T20:01:19Z,0.0
RG7 6BA,SEPD,HV,1,TP0581,112,2026-07-04T20:01:19Z,2026-07-04T20:01:19Z,0.0
RG7 6JA,SEPD,HV,1,TP0581,112,2026-07-04T20:01:19Z,2026-07-04T20:01:19Z,0.0
RG7 6JB,SEPD,HV,1,TP0581,112,2026-07-04T20:01:19Z,2026-07-04T20:01:19Z,0.0
RG9 6EZ,SEPD,PSI,1,252804,4,2026-07-02T11:18:59Z,2026-07-02T11:18:59Z,0.0
SL0 0PB,SEPD,PSI,1,252884,17,2026-07-02T11:18:59Z,2026-07-02T11:18:59Z,0.0
SL1 8NY,SEPD,HV,1,TN4435,109,2026-06-30T17:14:57Z,2026-06-30T17:14:57Z,0.0
SL1 8NZ,SEPD,HV,1,TN4435,109,2026-06-30T17:14:57Z,2026-06-30T17:14:57Z,0.0
SL1 8PA,SEPD,HV,1,TN4435,109,2026-06-30T17:14:57Z,2026-06-30T17:14:57Z,0.0
SL1 8PE,SEPD,HV,1,TN4435,109,2026-06-30T17:14:57Z,2026-06-30T17:14:57Z,0.0
SL3 7EW,SEPD,LV,1,TP1622,2,2026-07-06T09:46:21Z,2026-07-06T09:46:21Z,0.0
SL6 0EE,SEPD,PSI,1,252636,6,2026-07-07T08:44:05Z,2026-07-07T08:44:05Z,0.0
SL6 0FE,SEPD,HV,1,TN4435,109,2026-06-30T17:14:57Z,2026-06-30T17:14:57Z,0.0
SL8 5JE,SEPD,HV,1,TN4435,109,2026-06-30T17:14:57Z,2026-06-30T17:14:57Z,0.0
SL8 5JJ,SEPD,HV,1,TN4435,109,2026-06-30T17:14:57Z,2026-06-30T17:14:57Z,0.0
SN1 1,SEPD,LV,1,TP0458,22,2026-07-04T17:46:23Z,2026-07-04T17:46:23Z,0.0
SN1 4JA,SEPD,LV,1,TP0458,22,2026-07-04T17:46:23Z,2026-07-04T17:46:23Z,0.0
SN1 4LB,SEPD,LV,1,TP0458,22,2026-07-04T17:46:23Z,2026-07-04T17:46:23Z,0.0
SN14 7DD,SEPD,HV,1,TN5132,22,2026-07-01T01:59:22Z,2026-07-01T01:59:22Z,0.0
SN14 7EN,SEPD,HV,1,TN5132,22,2026-07-01T01:59:22Z,2026-07-01T01:59:22Z,0.0
SN14 7ER,SEPD,HV,1,TN5132,22,2026-07-01T01:59:22Z,2026-07-01T01:59:22Z,0.0
SN14 7ES,SEPD,HV,1,TN5132,22,2026-07-01T01:59:22Z,2026-07-01T01:59:22Z,0.0
SN14 7ET,SEPD,HV,1,TN5132,22,2026-07-01T01:59:22Z,2026-07-01T01:59:22Z,0.0
SN14 7EU,SEPD,HV,1,TN5132,22,2026-07-01T01:59:22Z,2026-07-01T01:59:22Z,0.0
SN14 7EW,SEPD,HV,1,TN5132,22,2026-07-01T01:59:22Z,2026-07-01T01:59:22Z,0.0
SN16 0FL,SEPD,LV,1,TN8678,23,2026-07-03T11:16:23Z,2026-07-03T11:16:23Z,0.0
SN4 0NQ,SEPD,PSI,1,251907,40,2026-07-06T09:46:21Z,2026-07-06T09:46:21Z,0.0
SN4 0PA,SEPD,PSI,1,251907,40,2026-07-06T09:46:21Z,2026-07-06T09:46:21Z,0.0
SN4 0PB,SEPD,PSI,1,251907,40,2026-07-06T09:46:21Z,2026-07-06T09:46:21Z,0.0
SN4 0PD,SEPD,PSI,1,251907,40,2026-07-06T09:46:21Z,2026-07-06T09:46:21Z,0.0
SN4 0PT,SEPD,PSI,1,251907,40,2026-07-06T09:46:21Z,2026-07-06T09:46:21Z,0.0
SN4 0PW,SEPD,PSI,1,251907,40,2026-07-06T09:46:21Z,2026-07-06T09:46:21Z,0.0
SN4 8EF,SEPD,HV,1,TN8610,109,2026-07-03T11:16:23Z,2026-07-03T11:16:23Z,0.0
SN4 8ER,SEPD,HV,1,TN8610,109,2026-07-03T11:16:23Z,2026-07-03T11:16:23Z,0.0
SN4 8JA,SEPD,HV,1,TN8610,109,2026-07-03T11:16:23Z,2026-07-03T11:16:23Z,0.0
SN5 3NY,SEPD,HV,1,TN8610,109,2026-07-03T11:16:23Z,2026-07-03T11:16:23Z,0.0
SN7 8EW,SEPD,HV,1,TP2524,174,2026-07-06T16:44:02Z,2026-07-06T16:44:02Z,0.0
SN8,SEPD,HV,1,TP2565,13,2026-07-06T16:44:02Z,2026-07-06T16:44:02Z,0.0
SN8 3EA,SEPD,HV,1,TP2565,13,2026-07-06T16:44:02Z,2026-07-06T16:44:02Z,0.0
SN8 3EB,SEPD,HV,1,TP2565,13,2026-07-06T16:44:02Z,2026-07-06T16:44:02Z,0.0
SN8 3ED,SEPD,HV,1,TP2565,13,2026-07-06T16:44:02Z,2026-07-06T16:44:02Z,0.0
SN8 3EE,SEPD,HV,1,TP2565,13,2026-07-06T16:44:02Z,2026-07-06T16:44:02Z,0.0
SN8 3EF,SEPD,HV,1,TP2565,13,2026-07-06T16:44:02Z,2026-07-06T16:44:02Z,0.0
SN8 3EJ,SEPD,HV,1,TP2565,13,2026-07-06T16:44:02Z,2026-07-06T16:44:02Z,0.0
SN8 3EN,SEPD,HV,1,TP2565,13,2026-07-06T16:44:02Z,2026-07-06T16:44:02Z,0.0
SN8 3EP,SEPD,HV,1,TP2565,13,2026-07-06T16:44:02Z,2026-07-06T16:44:02Z,0.0
SN8 3EQ,SEPD,HV,1,TP2565,13,2026-07-06T16:44:02Z,2026-07-06T16:44:02Z,0.0
SN8 3ER,SEPD,HV,1,TP2565,13,2026-07-06T16:44:02Z,2026-07-06T16:44:02Z,0.0
SN8 3ES,SEPD,HV,1,TP2565,13,2026-07-06T16:44:02Z,2026-07-06T16:44:02Z,0.0
SN8 3EW,SEPD,HV,1,TP2565,13,2026-07-06T16:44:02Z,2026-07-06T16:44:02Z,0.0
SN8 3FE,SEPD,HV,1,TP2565,13,2026-07-06T16:44:02Z,2026-07-06T16:44:02Z,0.0
SN8 3FJ,SEPD,HV,1,TP2565,13,2026-07-06T16:44:02Z,2026-07-06T16:44:02Z,0.0
SN8 3FN,SEPD,HV,1,TP2565,13,2026-07-06T16:44:02Z,2026-07-06T16:44:02Z,0.0
SN8 3FX,SEPD,HV,1,TP2565,13,2026-07-06T16:44:02Z,2026-07-06T16:44:02Z,0.0
SN8 3HH,SEPD,HV,1,TP2565,13,2026-07-06T16:44:02Z,2026-07-06T16:44:02Z,0.0
SN8 3HJ,SEPD,HV,1,TP2565,13,2026-07-06T16:44:02Z,2026-07-06T16:44:02Z,0.0
SN8 3UH,SEPD,HV,1,TP2565,13,2026-07-06T16:44:02Z,2026-07-06T16:44:02Z,0.0
SN9 5AH,SEPD,HV,1,TN4974,26,2026-06-30T21:06:42Z,2026-06-30T21:06:42Z,0.0
SN9 5DD,SEPD,HV,1,TN4974,26,2026-06-30T21:06:42Z,2026-06-30T21:06:42Z,0.0
SN9 5DH,SEPD,HV,1,TN4974,26,2026-06-30T21:06:42Z,2026-06-30T21:06:42Z,0.0
SN9 5DL,SEPD,HV,1,TN4974,26,2026-06-30T21:06:42Z,2026-06-30T21:06:42Z,0.0
SN9 5DN,SEPD,HV,1,TN4974,26,2026-06-30T21:06:42Z,2026-06-30T21:06:42Z,0.0
SN9 5DP,SEPD,HV,1,TN4974,26,2026-06-30T21:06:42Z,2026-06-30T21:06:42Z,0.0
SN9 5DR,SEPD,HV,1,TN4974,26,2026-06-30T21:06:42Z,2026-06-30T21:06:42Z,0.0
SN9 5DS,SEPD,HV,1,TN4974,26,2026-06-30T21:06:42Z,2026-06-30T21:06:42Z,0.0
SN9 5DT,SEPD,HV,1,TN4974,26,2026-06-30T21:06:42Z,2026-06-30T21:06:42Z,0.0
SN9 5DX,SEPD,HV,1,TN4974,26,2026-06-30T21:06:42Z,2026-06-30T21:06:42Z,0.0
SN9 5DY,SEPD,HV,1,TN4974,26,2026-06-30T21:06:42Z,2026-06-30T21:06:42Z,0.0
SN9 5DZ,SEPD,HV,1,TN4974,26,2026-06-30T21:06:42Z,2026-06-30T21:06:42Z,0.0
SN9 5EA,SEPD,HV,1,TN4974,26,2026-06-30T21:06:42Z,2026-06-30T21:06:42Z,0.0
SN9 5EB,SEPD,HV,1,TN4974,26,2026-06-30T21:06:42Z,2026-06-30T21:06:42Z,0.0
SN9 5ED,SEPD,HV,1,TN4974,26,2026-06-30T21:06:42Z,2026-06-30T21:06:42Z,0.0
SN9 5EE,SEPD,HV,1,TN4974,26,2026-06-30T21:06:42Z,2026-06-30T21:06:42Z,0.0
SN9 5EF,SEPD,HV,1,TN4974,26,2026-06-30T21:06:42Z,2026-06-30T21:06:42Z,0.0
SN9 5EH,SEPD,HV,1,TN4974,26,2026-06-30T21:06:42Z,2026-06-30T21:06:42Z,0.0
SN9 5EJ,SEPD,HV,1,TN4974,26,2026-06-30T21:06:42Z,2026-06-30T21:06:42Z,0.0
SN9 5EL,SEPD,HV,1,TN4974,26,2026-06-30T21:06:42Z,2026-06-30T21:06:42Z,0.0
SN9 5EN,SEPD,HV,1,TN4974,26,2026-06-30T21:06:42Z,2026-06-30T21:06:42Z,0.0
SN9 5EQ,SEPD,HV,1,TN4974,26,2026-06-30T21:06:42Z,2026-06-30T21:06:42Z,0.0
SN9 5ES,SEPD,HV,1,TN4974,26,2026-06-30T21:06:42Z,2026-06-30T21:06:42Z,0.0
SN9 5EW,SEPD,HV,1,TN4974,26,2026-06-30T21:06:42Z,2026-06-30T21:06:42Z,0.0
SN9 5EY,SEPD,HV,1,TN4974,26,2026-06-30T21:06:42Z,2026-06-30T21:06:42Z,0.0
SN9 5HE,SEPD,HV,1,TN4974,26,2026-06-30T21:06:42Z,2026-06-30T21:06:42Z,0.0
SN9 5HG,SEPD,HV,1,TN4974,26,2026-06-30T21:06:42Z,2026-06-30T21:06:42Z,0.0
SN9 5HQ,SEPD,HV,1,TN4974,26,2026-06-30T21:06:42Z,2026-06-30T21:06:42Z,0.0
SN9 5HT,SEPD,HV,1,TN4974,26,2026-06-30T21:06:42Z,2026-06-30T21:06:42Z,0.0
SN9 5HY,SEPD,HV,1,TN4974,26,2026-06-30T21:06:42Z,2026-06-30T21:06:42Z,0.0
SN9 5JT,SEPD,HV,1,TN4974,26,2026-06-30T21:06:42Z,2026-06-30T21:06:42Z,0.0
SN9 5NH,SEPD,HV,1,TN4974,26,2026-06-30T21:06:42Z,2026-06-30T21:06:42Z,0.0
SN9 5NL,SEPD,HV,1,TN4974,26,2026-06-30T21:06:42Z,2026-06-30T21:06:42Z,0.0
SO19 9AY,SEPD,LV,1,TN6747,27,2026-07-01T21:54:21Z,2026-07-01T21:54:21Z,0.0
SO19 9BL,SEPD,LV,1,TN6747,27,2026-07-01T21:54:21Z,2026-07-01T21:54:21Z,0.0
SO19 9BS,SEPD,LV,1,TN6747,27,2026-07-01T21:54:21Z,2026-07-01T21:54:21Z,0.0
SO19 9BT,SEPD,LV,1,TN6747,27,2026-07-01T21:54:21Z,2026-07-01T21:54:21Z,0.0
SO19 9BU,SEPD,LV,1,TN6747,27,2026-07-01T21:54:21Z,2026-07-01T21:54:21Z,0.0
SO19 9BW,SEPD,LV,1,TN6747,27,2026-07-01T21:54:21Z,2026-07-01T21:54:21Z,0.0
SO19 9RF,SEPD,LV,1,TN6747,27,2026-07-01T21:54:21Z,2026-07-01T21:54:21Z,0.0
SO20 6DG,SEPD,HV,1,TN5360,37,2026-07-03T01:29:40Z,2026-07-03T01:29:40Z,0.0
SO20 6DJ,SEPD,HV,1,TN5360,37,2026-07-03T01:29:40Z,2026-07-03T01:29:40Z,0.0
SO20 6EJ,SEPD,HV,1,TN5360,37,2026-07-03T01:29:40Z,2026-07-03T01:29:40Z,0.0
SO20 6ES,SEPD,HV,1,TN5360,37,2026-07-03T01:29:40Z,2026-07-03T01:29:40Z,0.0
SO20 6ET,SEPD,HV,1,TN5360,37,2026-07-03T01:29:40Z,2026-07-03T01:29:40Z,0.0
SO20 6EU,SEPD,HV,1,TN5360,37,2026-07-03T01:29:40Z,2026-07-03T01:29:40Z,0.0
SO20 6EX,SEPD,HV,1,TN5360,37,2026-07-03T01:29:40Z,2026-07-03T01:29:40Z,0.0
SO20 6EY,SEPD,HV,1,TN5360,37,2026-07-03T01:29:40Z,2026-07-03T01:29:40Z,0.0
SO20 6EZ,SEPD,HV,1,TN5360,37,2026-07-03T01:29:40Z,2026-07-03T01:29:40Z,0.0
SO20 6HA,SEPD,HV,1,TN5360,37,2026-07-03T01:29:40Z,2026-07-03T01:29:40Z,0.0
SO20 6HB,SEPD,HV,1,TN5360,37,2026-07-03T01:29:40Z,2026-07-03T01:29:40Z,0.0
SO20 6HD,SEPD,HV,1,TN5360,37,2026-07-03T01:29:40Z,2026-07-03T01:29:40Z,0.0
SO20 6HE,SEPD,HV,1,TN5360,37,2026-07-03T01:29:40Z,2026-07-03T01:29:40Z,0.0
SO20 6HF,SEPD,HV,1,TN5360,37,2026-07-03T01:29:40Z,2026-07-03T01:29:40Z,0.0
SO20 6HG,SEPD,HV,1,TN5360,37,2026-07-03T01:29:40Z,2026-07-03T01:29:40Z,0.0
SO20 6HH,SEPD,HV,1,TN5360,37,2026-07-03T01:29:40Z,2026-07-03T01:29:40Z,0.0
SO20 6HL,SEPD,HV,1,TN5360,37,2026-07-03T01:29:40Z,2026-07-03T01:29:40Z,0.0
SO20 6HP,SEPD,HV,1,TN5360,37,2026-07-03T01:29:40Z,2026-07-03T01:29:40Z,0.0
SO20 6HS,SEPD,HV,1,TN5360,37,2026-07-03T01:29:40Z,2026-07-03T01:29:40Z,0.0
SO20 6JA,SEPD,HV,1,TN5360,37,2026-07-03T01:29:40Z,2026-07-03T01:29:40Z,0.0
SO20 6JE,SEPD,HV,1,TN5360,37,2026-07-03T01:29:40Z,2026-07-03T01:29:40Z,0.0
SO20 6JH,SEPD,HV,1,TN5360,37,2026-07-03T01:29:40Z,2026-07-03T01:29:40Z,0.0
SO20 6JJ,SEPD,HV,1,TN5360,37,2026-07-03T01:29:40Z,2026-07-03T01:29:40Z,0.0
SO20 6LE,SEPD,HV,1,TN5360,37,2026-07-03T01:29:40Z,2026-07-03T01:29:40Z,0.0
SO20 8AA,SEPD,HV,1,TN5360,37,2026-07-03T01:29:40Z,2026-07-03T01:29:40Z,0.0
SO22 6DR,SEPD,LV,1,TP2277,15,2026-07-07T08:44:05Z,2026-07-07T08:44:05Z,0.0
SO22 6EW,SEPD,LV,1,TP2277,15,2026-07-07T08:44:05Z,2026-07-07T08:44:05Z,0.0
SO22 6RD,SEPD,LV,1,TP2277,15,2026-07-07T08:44:05Z,2026-07-07T08:44:05Z,0.0
SO31 9AA,SEPD,HV,1,TP0681,1613,2026-07-05T01:11:25Z,2026-07-05T01:11:25Z,0.0
SO31 9AB,SEPD,HV,1,TP0681,1613,2026-07-05T01:11:25Z,2026-07-05T01:11:25Z,0.0
SO31 9AW,SEPD,HV,1,TP0681,1613,2026-07-05T01:11:25Z,2026-07-05T01:11:25Z,0.0
SO31 9AY,SEPD,HV,1,TP0681,1613,2026-07-05T01:11:25Z,2026-07-05T01:11:25Z,0.0
SO31 9AZ,SEPD,HV,1,TP0681,1613,2026-07-05T01:11:25Z,2026-07-05T01:11:25Z,0.0
SO31 9BA,SEPD,HV,1,TP0681,1613,2026-07-05T01:11:25Z,2026-07-05T01:11:25Z,0.0
SO31 9BB,SEPD,HV,1,TP0681,1613,2026-07-05T01:11:25Z,2026-07-05T01:11:25Z,0.0
SO31 9BD,SEPD,HV,1,TP0681,1613,2026-07-05T01:11:25Z,2026-07-05T01:11:25Z,0.0
SO31 9BG,SEPD,HV,1,TP0681,1613,2026-07-05T01:11:25Z,2026-07-05T01:11:25Z,0.0
SO31 9BL,SEPD,HV,1,TP0681,1613,2026-07-05T01:11:25Z,2026-07-05T01:11:25Z,0.0
SO31 9BP,SEPD,HV,1,TP0681,1613,2026-07-05T01:11:25Z,2026-07-05T01:11:25Z,0.0
SO31 9BQ,SEPD,HV,1,TP0681,1613,2026-07-05T01:11:25Z,2026-07-05T01:11:25Z,0.0
SO31 9BU,SEPD,HV,1,TP0681,1613,2026-07-05T01:11:25Z,2026-07-05T01:11:25Z,0.0
SO31 9BX,SEPD,HV,1,TP0681,1613,2026-07-05T01:11:25Z,2026-07-05T01:11:25Z,0.0
SO31 9DA,SEPD,HV,1,TP0681,1613,2026-07-05T01:11:25Z,2026-07-05T01:11:25Z,0.0
SO31 9DE,SEPD,HV,1,TP0681,1613,2026-07-05T01:11:25Z,2026-07-05T01:11:25Z,0.0
SO31 9EB,SEPD,HV,1,TP0681,1613,2026-07-05T01:11:25Z,2026-07-05T01:11:25Z,0.0
SO31 9ED,SEPD,HV,1,TP0681,1613,2026-07-05T01:11:25Z,2026-07-05T01:11:25Z,0.0
SO31 9EW,SEPD,HV,1,TP0681,1613,2026-07-05T01:11:25Z,2026-07-05T01:11:25Z,0.0
SO31 9GD,SEPD,HV,1,TP0681,1613,2026-07-05T01:11:25Z,2026-07-05T01:11:25Z,0.0
SO31 9GF,SEPD,HV,1,TP0681,1613,2026-07-05T01:11:25Z,2026-07-05T01:11:25Z,0.0
SO31 9GQ,SEPD,HV,1,TP0681,1613,2026-07-05T01:11:25Z,2026-07-05T01:11:25Z,0.0
SO31 9HS,SEPD,HV,1,TP0681,1613,2026-07-05T01:11:25Z,2026-07-05T01:11:25Z,0.0
SO31 9HT,SEPD,HV,1,TP0681,1613,2026-07-05T01:11:25Z,2026-07-05T01:11:25Z,0.0
SO31 9HU,SEPD,HV,1,TP0681,1613,2026-07-05T01:11:25Z,2026-07-05T01:11:25Z,0.0
SO31 9HW,SEPD,HV,1,TP0681,1613,2026-07-05T01:11:25Z,2026-07-05T01:11:25Z,0.0
SO31 9HX,SEPD,HV,1,TP0681,1613,2026-07-05T01:11:25Z,2026-07-05T01:11:25Z,0.0
SO31 9HY,SEPD,HV,1,TP0681,1613,2026-07-05T01:11:25Z,2026-07-05T01:11:25Z,0.0
SO31 9HZ,SEPD,HV,1,TP0681,1613,2026-07-05T01:11:25Z,2026-07-05T01:11:25Z,0.0
SO31 9JA,SEPD,HV,1,TP0681,1613,2026-07-05T01:11:25Z,2026-07-05T01:11:25Z,0.0
SO31 9JB,SEPD,HV,1,TP0681,1613,2026-07-05T01:11:25Z,2026-07-05T01:11:25Z,0.0
SO31 9JD,SEPD,HV,1,TP0681,1613,2026-07-05T01:11:25Z,2026-07-05T01:11:25Z,0.0
SO31 9JL,SEPD,HV,1,TP0681,1613,2026-07-05T01:11:25Z,2026-07-05T01:11:25Z,0.0
SO31 9LF,SEPD,HV,1,TP0681,1613,2026-07-05T01:11:25Z,2026-07-05T01:11:25Z,0.0
SO31 9RW,SEPD,HV,1,TP0681,1613,2026-07-05T01:11:25Z,2026-07-05T01:11:25Z,0.0
SO31 9RX,SEPD,HV,1,TP0681,1613,2026-07-05T01:11:25Z,2026-07-05T01:11:25Z,0.0
SO31 9RY,SEPD,HV,1,TP0681,1613,2026-07-05T01:11:25Z,2026-07-05T01:11:25Z,0.0
SO31 9RZ,SEPD,HV,1,TP0681,1613,2026-07-05T01:11:25Z,2026-07-05T01:11:25Z,0.0
SO31 9TP,SEPD,HV,1,TP0681,1613,2026-07-05T01:11:25Z,2026-07-05T01:11:25Z,0.0
SO31 9TS,SEPD,HV,1,TP0681,1613,2026-07-05T01:11:25Z,2026-07-05T01:11:25Z,0.0
SO40 2RQ,SEPD,PSI,1,252707,37,2026-07-06T09:46:21Z,2026-07-06T09:46:21Z,0.0
SO40 2RX,SEPD,PSI,1,252707,37,2026-07-06T09:46:21Z,2026-07-06T09:46:21Z,0.0
SO40 4DA,SEPD,HV,1,TP1713,357,2026-07-06T09:46:21Z,2026-07-06T09:46:21Z,0.0
SO40 4UN,SEPD,HV,1,TP1713,357,2026-07-06T09:46:21Z,2026-07-06T09:46:21Z,0.0
SO40 4UQ,SEPD,HV,1,TP1713,357,2026-07-06T09:46:21Z,2026-07-06T09:46:21Z,0.0
SO40 4UR,SEPD,HV,1,TP1713,357,2026-07-06T09:46:21Z,2026-07-06T09:46:21Z,0.0
SO40 4WU,SEPD,HV,1,TP1713,357,2026-07-06T09:46:21Z,2026-07-06T09:46:21Z,0.0
SO40 4WW,SEPD,HV,1,TP1713,357,2026-07-06T09:46:21Z,2026-07-06T09:46:21Z,0.0
SO40 4ZG,SEPD,HV,1,TP1713,357,2026-07-06T09:46:21Z,2026-07-06T09:46:21Z,0.0
SO41 9LA,SEPD,LV,1,TN8966,12,2026-07-03T11:16:23Z,2026-07-03T11:16:23Z,0.0
SO41 9LD,SEPD,LV,1,TN8966,12,2026-07-03T11:16:23Z,2026-07-03T11:16:23Z,0.0
SO41 9LE,SEPD,LV,1,TN8966,12,2026-07-03T11:16:23Z,2026-07-03T11:16:23Z,0.0
SO41 9LF,SEPD,LV,1,TN8966,12,2026-07-03T11:16:23Z,2026-07-03T11:16:23Z,0.0
SO45 3QY,SEPD,LV,1,TN4534,19,2026-06-30T19:12:27Z,2026-06-30T19:12:27Z,0.0
SO45 3RB,SEPD,LV,1,TN4534,19,2026-06-30T19:12:27Z,2026-06-30T19:12:27Z,0.0
SO45 3RE,SEPD,LV,1,TN4534,19,2026-06-30T19:12:27Z,2026-06-30T19:12:27Z,0.0
SO45 3RF,SEPD,LV,1,TN4534,19,2026-06-30T19:12:27Z,2026-06-30T19:12:27Z,0.0
SO45 3RL,SEPD,LV,1,TN4534,19,2026-06-30T19:12:27Z,2026-06-30T19:12:27Z,0.0
SO45 3RN,SEPD,LV,1,TN4534,19,2026-06-30T19:12:27Z,2026-06-30T19:12:27Z,0.0
SO45 3RS,SEPD,LV,1,TN4534,19,2026-06-30T19:12:27Z,2026-06-30T19:12:27Z,0.0
SO45 3RT,SEPD,LV,1,TN4534,19,2026-06-30T19:12:27Z,2026-06-30T19:12:27Z,0.0
SO45 4NZ,SEPD,LV,1,TP0689,19,2026-07-05T01:11:25Z,2026-07-05T01:11:25Z,0.0
SO45 5AL,SEPD,HV,1,TP1713,357,2026-07-06T09:46:21Z,2026-07-06T09:46:21Z,0.0
SO45 5AQ,SEPD,HV,1,TP1713,357,2026-07-06T09:46:21Z,2026-07-06T09:46:21Z,0.0
SO45 5TA,SEPD,HV,1,TP1713,357,2026-07-06T09:46:21Z,2026-07-06T09:46:21Z,0.0
SO45 5TB,SEPD,HV,1,TP1713,357,2026-07-06T09:46:21Z,2026-07-06T09:46:21Z,0.0
SO45 5TD,SEPD,HV,1,TP1713,357,2026-07-06T09:46:21Z,2026-07-06T09:46:21Z,0.0
SO45 5TE,SEPD,HV,1,TP1713,357,2026-07-06T09:46:21Z,2026-07-06T09:46:21Z,0.0
SO45 5TF,SEPD,HV,1,TP1713,357,2026-07-06T09:46:21Z,2026-07-06T09:46:21Z,0.0
SO45 5TH,SEPD,HV,1,TP1713,357,2026-07-06T09:46:21Z,2026-07-06T09:46:21Z,0.0
SO45 5TJ,SEPD,HV,1,TP1713,357,2026-07-06T09:46:21Z,2026-07-06T09:46:21Z,0.0
SO45 5TL,SEPD,HV,1,TP1713,357,2026-07-06T09:46:21Z,2026-07-06T09:46:21Z,0.0
SO45 5TN,SEPD,HV,1,TP1713,357,2026-07-06T09:46:21Z,2026-07-06T09:46:21Z,0.0
SO45 5TS,SEPD,HV,1,TP1713,357,2026-07-06T09:46:21Z,2026-07-06T09:46:21Z,0.0
SO45 5TW,SEPD,LV,1,TP3135,17,2026-07-07T11:34:20Z,2026-07-07T11:34:20Z,0.0
SO45 5TY,SEPD,LV,1,TP3135,17,2026-07-07T11:34:20Z,2026-07-07T11:34:20Z,0.0
SO45 6AA,SEPD,HV,1,TP1713,357,2026-07-06T09:46:21Z,2026-07-06T09:46:21Z,0.0
SO45 6AS,SEPD,HV,1,TP1713,357,2026-07-06T09:46:21Z,2026-07-06T09:46:21Z,0.0
SO45 6DL,SEPD,HV,1,TP1713,357,2026-07-06T09:46:21Z,2026-07-06T09:46:21Z,0.0
SO45 6DN,SEPD,HV,1,TP1713,357,2026-07-06T09:46:21Z,2026-07-06T09:46:21Z,0.0
SO45 6DP,SEPD,HV,1,TP1713,357,2026-07-06T09:46:21Z,2026-07-06T09:46:21Z,0.0
SO51 6AB,SEPD,PSI,1,252707,37,2026-07-06T09:46:21Z,2026-07-06T09:46:21Z,0.0
SP10 3LH,SEPD,PSI,1,252046,2,2026-07-05T10:31:32Z,2026-07-05T10:31:32Z,0.0
SP10 3LU,SEPD,PSI,1,252046,2,2026-07-05T10:31:32Z,2026-07-05T10:31:32Z,0.0
SP11 0QF,SEPD,HV,1,TP1235,8,2026-07-05T18:45:34Z,2026-07-05T18:45:34Z,0.0
SP11 0QG,SEPD,HV,1,TP1235,8,2026-07-05T18:45:34Z,2026-07-05T18:45:34Z,0.0
SP11 0QL,SEPD,HV,1,TP1235,8,2026-07-05T18:45:34Z,2026-07-05T18:45:34Z,0.0
SP11 0QP,SEPD,HV,1,TP1235,8,2026-07-05T18:45:34Z,2026-07-05T18:45:34Z,0.0
SP11 0QQ,SEPD,HV,1,TP1235,8,2026-07-05T18:45:34Z,2026-07-05T18:45:34Z,0.0
SP11 0QW,SEPD,HV,1,TP1235,8,2026-07-05T18:45:34Z,2026-07-05T18:45:34Z,0.0
SP11 0SL,SEPD,HV,1,TP1235,8,2026-07-05T18:45:34Z,2026-07-05T18:45:34Z,0.0
SP11 0SN,SEPD,HV,1,TP1235,8,2026-07-05T18:45:34Z,2026-07-05T18:45:34Z,0.0
SP11 0SW,SEPD,HV,1,TP1235,8,2026-07-05T18:45:34Z,2026-07-05T18:45:34Z,0.0
SP11 7NP,SEPD,LV,1,TN8981,4,2026-07-03T13:16:44Z,2026-07-03T13:16:44Z,0.0
SP11 7NR,SEPD,LV,1,TN8981,4,2026-07-03T13:16:44Z,2026-07-03T13:16:44Z,0.0
SP11 7SN,SEPD,LV,1,TN8981,4,2026-07-03T13:16:44Z,2026-07-03T13:16:44Z,0.0
SP11 9AA,SEPD,HV,1,TP1235,8,2026-07-05T18:45:34Z,2026-07-05T18:45:34Z,0.0
SP11 9AB,SEPD,HV,1,TP1235,8,2026-07-05T18:45:34Z,2026-07-05T18:45:34Z,0.0
SP11 9AD,SEPD,HV,1,TP1235,8,2026-07-05T18:45:34Z,2026-07-05T18:45:34Z,0.0
SP11 9AE,SEPD,HV,1,TP1235,8,2026-07-05T18:45:34Z,2026-07-05T18:45:34Z,0.0
SP11 9BB,SEPD,HV,1,TP1235,8,2026-07-05T18:45:34Z,2026-07-05T18:45:34Z,0.0
SP11 9BD,SEPD,HV,1,TP1235,8,2026-07-05T18:45:34Z,2026-07-05T18:45:34Z,0.0
SP11 9BE,SEPD,HV,1,TP1235,8,2026-07-05T18:45:34Z,2026-07-05T18:45:34Z,0.0
SP11 9BG,SEPD,HV,1,TP1235,8,2026-07-05T18:45:34Z,2026-07-05T18:45:34Z,0.0
SP11 9BH,SEPD,HV,1,TP1235,8,2026-07-05T18:45:34Z,2026-07-05T18:45:34Z,0.0
SP11 9BJ,SEPD,HV,1,TP1235,8,2026-07-05T18:45:34Z,2026-07-05T18:45:34Z,0.0
SP11 9BL,SEPD,HV,1,TP1235,8,2026-07-05T18:45:34Z,2026-07-05T18:45:34Z,0.0
SP11 9BN,SEPD,HV,1,TP1235,8,2026-07-05T18:45:34Z,2026-07-05T18:45:34Z,0.0
SP11 9BQ,SEPD,HV,1,TP1235,8,2026-07-05T18:45:34Z,2026-07-05T18:45:34Z,0.0
SP11 9BS,SEPD,HV,1,TP1235,8,2026-07-05T18:45:34Z,2026-07-05T18:45:34Z,0.0
SP11 9BT,SEPD,HV,1,TP1235,8,2026-07-05T18:45:34Z,2026-07-05T18:45:34Z,0.0
SP11 9BU,SEPD,HV,1,TP1235,8,2026-07-05T18:45:34Z,2026-07-05T18:45:34Z,0.0
SP11 9BX,SEPD,HV,1,TP1235,8,2026-07-05T18:45:34Z,2026-07-05T18:45:34Z,0.0
SP11 9BY,SEPD,HV,1,TP1235,8,2026-07-05T18:45:34Z,2026-07-05T18:45:34Z,0.0
SP11 9BZ,SEPD,HV,1,TP1235,8,2026-07-05T18:45:34Z,2026-07-05T18:45:34Z,0.0
SP11 9DA,SEPD,HV,1,TP1235,8,2026-07-05T18:45:34Z,2026-07-05T18:45:34Z,0.0
SP11 9FP,SEPD,HV,1,TP1235,8,2026-07-05T18:45:34Z,2026-07-05T18:45:34Z,0.0
SP11 9HL,SEPD,HV,1,TP1235,8,2026-07-05T18:45:34Z,2026-07-05T18:45:34Z,0.0
SP11 9HN,SEPD,HV,1,TP1235,8,2026-07-05T18:45:34Z,2026-07-05T18:45:34Z,0.0
SP11 9HP,SEPD,HV,1,TP1235,8,2026-07-05T18:45:34Z,2026-07-05T18:45:34Z,0.0
SP11 9HQ,SEPD,HV,1,TP1235,8,2026-07-05T18:45:34Z,2026-07-05T18:45:34Z,0.0
SP11 9HR,SEPD,HV,1,TP1235,8,2026-07-05T18:45:34Z,2026-07-05T18:45:34Z,0.0
SP11 9HS,SEPD,HV,1,TP1235,8,2026-07-05T18:45:34Z,2026-07-05T18:45:34Z,0.0
SP11 9HT,SEPD,HV,1,TP1235,8,2026-07-05T18:45:34Z,2026-07-05T18:45:34Z,0.0
SP11 9HU,SEPD,HV,1,TP1235,8,2026-07-05T18:45:34Z,2026-07-05T18:45:34Z,0.0
SP11 9HW,SEPD,HV,1,TP1235,8,2026-07-05T18:45:34Z,2026-07-05T18:45:34Z,0.0
SP11 9HX,SEPD,HV,1,TP1235,8,2026-07-05T18:45:34Z,2026-07-05T18:45:34Z,0.0
SP11 9HY,SEPD,HV,1,TP1235,8,2026-07-05T18:45:34Z,2026-07-05T18:45:34Z,0.0
SP11 9HZ,SEPD,HV,1,TP1235,8,2026-07-05T18:45:34Z,2026-07-05T18:45:34Z,0.0
SP11 9JA,SEPD,HV,1,TP1235,8,2026-07-05T18:45:34Z,2026-07-05T18:45:34Z,0.0
SP11 9JB,SEPD,HV,1,TP1235,8,2026-07-05T18:45:34Z,2026-07-05T18:45:34Z,0.0
SP11 9JD,SEPD,HV,1,TP1235,8,2026-07-05T18:45:34Z,2026-07-05T18:45:34Z,0.0
SP11 9JE,SEPD,HV,1,TP1235,8,2026-07-05T18:45:34Z,2026-07-05T18:45:34Z,0.0
SP3 5PT,SEPD,PSI,1,251352,45,2026-07-06T09:46:21Z,2026-07-06T09:46:21Z,0.0
SP3 5PU,SEPD,PSI,1,251352,45,2026-07-06T09:46:21Z,2026-07-06T09:46:21Z,0.0
SP3 5PX,SEPD,PSI,1,251352,45,2026-07-06T09:46:21Z,2026-07-06T09:46:21Z,0.0
SP3 5PY,SEPD,PSI,1,251352,45,2026-07-06T09:46:21Z,2026-07-06T09:46:21Z,0.0
SP3 5PZ,SEPD,PSI,1,251352,45,2026-07-06T09:46:21Z,2026-07-06T09:46:21Z,0.0
SP3 5QA,SEPD,PSI,1,251352,45,2026-07-06T09:46:21Z,2026-07-06T09:46:21Z,0.0
SP3 6RH,SEPD,PSI,1,251352,45,2026-07-06T09:46:21Z,2026-07-06T09:46:21Z,0.0
SP3 6RP,SEPD,PSI,1,251352,45,2026-07-06T09:46:21Z,2026-07-06T09:46:21Z,0.0
SP5 3JE,SEPD,HV,1,TN5035,7,2026-06-30T22:39:07Z,2026-06-30T22:39:07Z,0.0
SP5 3JF,SEPD,HV,1,TN5035,7,2026-06-30T22:39:07Z,2026-06-30T22:39:07Z,0.0
SP5 3QE,SEPD,HV,1,TN5035,7,2026-06-30T22:39:07Z,2026-06-30T22:39:07Z,0.0
SP5 3QF,SEPD,HV,1,TN5035,7,2026-06-30T22:39:07Z,2026-06-30T22:39:07Z,0.0
SP5 3QW,SEPD,HV,1,TN5035,7,2026-06-30T22:39:07Z,2026-06-30T22:39:07Z,0.0
SP5 5AY,SEPD,HV,1,TP0397,45,2026-07-04T16:41:34Z,2026-07-04T16:41:34Z,0.0
SP5 5BU,SEPD,HV,1,TP0397,45,2026-07-04T16:41:34Z,2026-07-04T16:41:34Z,0.0
SP5 5LP,SEPD,HV,1,TP0397,45,2026-07-04T16:41:34Z,2026-07-04T16:41:34Z,0.0
SP5 5LR,SEPD,HV,1,TP0397,45,2026-07-04T16:41:34Z,2026-07-04T16:41:34Z,0.0
SP5 5LS,SEPD,HV,1,TP0397,45,2026-07-04T16:41:34Z,2026-07-04T16:41:34Z,0.0
SP5 5LT,SEPD,HV,1,TP0397,45,2026-07-04T16:41:34Z,2026-07-04T16:41:34Z,0.0
SP5 5PB,SEPD,HV,1,TP0397,45,2026-07-04T16:41:34Z,2026-07-04T16:41:34Z,0.0
SP5 5PD,SEPD,HV,1,TP0397,45,2026-07-04T16:41:34Z,2026-07-04T16:41:34Z,0.0
SP5 5PE,SEPD,HV,1,TP0397,45,2026-07-04T16:41:34Z,2026-07-04T16:41:34Z,0.0
SP5 5PF,SEPD,HV,1,TP0397,45,2026-07-04T16:41:34Z,2026-07-04T16:41:34Z,0.0
SP5 5PG,SEPD,HV,1,TP0397,45,2026-07-04T16:41:34Z,2026-07-04T16:41:34Z,0.0
SP5 5PQ,SEPD,HV,1,TP0397,45,2026-07-04T16:41:34Z,2026-07-04T16:41:34Z,0.0
SP5 5QP,SEPD,HV,1,TP0397,45,2026-07-04T16:41:34Z,2026-07-04T16:41:34Z,0.0
SP5 5QR,SEPD,HV,1,TP0397,45,2026-07-04T16:41:34Z,2026-07-04T16:41:34Z,0.0
SP5 5QS,SEPD,HV,1,TP0397,45,2026-07-04T16:41:34Z,2026-07-04T16:41:34Z,0.0
SP5 5QU,SEPD,HV,1,TP0397,45,2026-07-04T16:41:34Z,2026-07-04T16:41:34Z,0.0
SP5 5QX,SEPD,HV,1,TP0397,45,2026-07-04T16:41:34Z,2026-07-04T16:41:34Z,0.0
SP5 5RA,SEPD,HV,1,TP0397,45,2026-07-04T16:41:34Z,2026-07-04T16:41:34Z,0.0
SP5 5RB,SEPD,HV,1,TP0397,45,2026-07-04T16:41:34Z,2026-07-04T16:41:34Z,0.0
SP6 3ES,SEPD,HV,1,TN8057,10,2026-07-02T17:14:38Z,2026-07-02T17:14:38Z,0.0
SP6 3ET,SEPD,HV,1,TN8057,10,2026-07-02T17:14:38Z,2026-07-02T17:14:38Z,0.0
SP6 3EU,SEPD,HV,1,TN8057,10,2026-07-02T17:14:38Z,2026-07-02T17:14:38Z,0.0
SP6 3EX,SEPD,HV,1,TN8057,10,2026-07-02T17:14:38Z,2026-07-02T17:14:38Z,0.0
SP6 3EY,SEPD,HV,1,TN8057,10,2026-07-02T17:14:38Z,2026-07-02T17:14:38Z,0.0
SP6 3EZ,SEPD,HV,1,TN8057,10,2026-07-02T17:14:38Z,2026-07-02T17:14:38Z,0.0
SP6 3HB,SEPD,HV,1,TN8057,10,2026-07-02T17:14:38Z,2026-07-02T17:14:38Z,0.0
SP6 3HD,SEPD,HV,1,TN8057,10,2026-07-02T17:14:38Z,2026-07-02T17:14:38Z,0.0
SP6 3HE,SEPD,HV,1,TN8057,10,2026-07-02T17:14:38Z,2026-07-02T17:14:38Z,0.0
SP6 3HG,SEPD,HV,1,TN8057,10,2026-07-02T17:14:38Z,2026-07-02T17:14:38Z,0.0
SP6 3HH,SEPD,HV,1,TN8057,10,2026-07-02T17:14:38Z,2026-07-02T17:14:38Z,0.0
SP6 3HJ,SEPD,HV,1,TN8057,10,2026-07-02T17:14:38Z,2026-07-02T17:14:38Z,0.0
SP6 3HL,SEPD,HV,1,TN8057,10,2026-07-02T17:14:38Z,2026-07-02T17:14:38Z,0.0
SP6 3HP,SEPD,HV,1,TN8057,10,2026-07-02T17:14:38Z,2026-07-02T17:14:38Z,0.0
SP6 3HQ,SEPD,HV,1,TN8057,10,2026-07-02T17:14:38Z,2026-07-02T17:14:38Z,0.0
SP6 3HR,SEPD,HV,1,TN8057,10,2026-07-02T17:14:38Z,2026-07-02T17:14:38Z,0.0
SP6 3HS,SEPD,HV,1,TN8057,10,2026-07-02T17:14:38Z,2026-07-02T17:14:38Z,0.0
SP6 3HU,SEPD,HV,1,TN8057,10,2026-07-02T17:14:38Z,2026-07-02T17:14:38Z,0.0
SP6 3JB,SEPD,HV,1,TN8057,10,2026-07-02T17:14:38Z,2026-07-02T17:14:38Z,0.0
SP7,SEPD,PSI,1,251086,38,2026-07-01T10:33:26Z,2026-07-01T10:33:26Z,0.0
SP7 0AB,SEPD,PSI,1,251086,38,2026-07-01T10:33:26Z,2026-07-01T10:33:26Z,0.0
SP7 9DL,SEPD,PSI,1,251477,86,2026-07-07T11:34:20Z,2026-07-07T11:34:20Z,0.0
SP7 9DN,SEPD,PSI,1,251477,86,2026-07-07T11:34:20Z,2026-07-07T11:34:20Z,0.0
SP7 9DY,SEPD,PSI,1,251477,86,2026-07-07T11:34:20Z,2026-07-07T11:34:20Z,0.0
SP7 9DZ,SEPD,PSI,1,251477,86,2026-07-07T11:34:20Z,2026-07-07T11:34:20Z,0.0
SP7 9EA,SEPD,PSI,1,251477,86,2026-07-07T11:34:20Z,2026-07-07T11:34:20Z,0.0
SP7 9EB,SEPD,PSI,1,251477,86,2026-07-07T11:34:20Z,2026-07-07T11:34:20Z,0.0
SP7 9LH,SEPD,PSI,1,251477,86,2026-07-07T11:34:20Z,2026-07-07T11:34:20Z,0.0
SP7 9LQ,SEPD,PSI,1,251477,86,2026-07-07T11:34:20Z,2026-07-07T11:34:20Z,0.0
SP7 9PX,SEPD,PSI,1,251086,38,2026-07-01T10:33:26Z,2026-07-01T10:33:26Z,0.0
SP7 9PY,SEPD,PSI,1,251086,38,2026-07-01T10:33:26Z,2026-07-01T10:33:26Z,0.0
SP7 9PZ,SEPD,PSI,1,251086,38,2026-07-01T10:33:26Z,2026-07-01T10:33:26Z,0.0
TW14 8DU,SEPD,LV,1,TN6616,27,2026-07-01T20:13:43Z,2026-07-01T20:13:43Z,0.0
TW14 8DX,SEPD,LV,1,TN6616,27,2026-07-01T20:13:43Z,2026-07-01T20:13:43Z,0.0
TW14 8DY,SEPD,LV,1,TN6616,27,2026-07-01T20:13:43Z,2026-07-01T20:13:43Z,0.0
TW14 8PG,SEPD,LV,1,TN6616,27,2026-07-01T20:13:43Z,2026-07-01T20:13:43Z,0.0
TW16 5BH,SEPD,HV,1,TP0311,3,2026-07-04T15:39:50Z,2026-07-04T15:39:50Z,0.0
TW16 5BX,SEPD,HV,1,TP0311,3,2026-07-04T15:39:50Z,2026-07-04T15:39:50Z,0.0
TW16 5BZ,SEPD,HV,1,TP0311,3,2026-07-04T15:39:50Z,2026-07-04T15:39:50Z,0.0
TW16 7AZ,SEPD,LV,1,TN8061,28,2026-07-02T18:52:49Z,2026-07-02T18:52:49Z,0.0
TW16 7BD,SEPD,LV,1,TN8061,28,2026-07-02T18:52:49Z,2026-07-02T18:52:49Z,0.0
TW19 6BW,SEPD,LV,1,TP1783,2,2026-07-06T13:35:12Z,2026-07-06T13:35:12Z,0.0
UB10 0PS,SEPD,LV,1,TP2908,22,2026-07-06T23:31:23Z,2026-07-06T23:31:23Z,0.0
UB10 0PT,SEPD,LV,1,TP2908,22,2026-07-06T23:31:23Z,2026-07-06T23:31:23Z,0.0
UB10 0PU,SEPD,LV,1,TP2908,22,2026-07-06T23:31:23Z,2026-07-06T23:31:23Z,0.0
UB10 0PX,SEPD,LV,1,TP2908,22,2026-07-06T23:31:23Z,2026-07-06T23:31:23Z,0.0
UB3 2QD,SEPD,LV,1,TP0729,31,2026-07-05T05:08:40Z,2026-07-05T05:08:40Z,0.0
UB3 2QE,SEPD,LV,1,TP0729,31,2026-07-05T05:08:40Z,2026-07-05T05:08:40Z,0.0
UB3 2QF,SEPD,LV,1,TP0729,31,2026-07-05T05:08:40Z,2026-07-05T05:08:40Z,0.0
UB3 2QR,SEPD,LV,1,TP0729,31,2026-07-05T05:08:40Z,2026-07-05T05:08:40Z,0.0
UB3 2QS,SEPD,LV,1,TP0729,31,2026-07-05T05:08:40Z,2026-07-05T05:08:40Z,0.0
UB3 2TD,SEPD,LV,1,TP0729,31,2026-07-05T05:08:40Z,2026-07-05T05:08:40Z,0.0
UB3 2TH,SEPD,LV,1,TP0729,31,2026-07-05T05:08:40Z,2026-07-05T05:08:40Z,0.0
UB3 2TQ,SEPD,LV,1,TP0729,31,2026-07-05T05:08:40Z,2026-07-05T05:08:40Z,0.0
UB3 2UD,SEPD,LV,1,TP0729,31,2026-07-05T05:08:40Z,2026-07-05T05:08:40Z,0.0
UB4 8PD,SEPD,LV,1,TN5203,18,2026-07-01T06:42:02Z,2026-07-01T06:42:02Z,0.0
UB4 8PE,SEPD,LV,1,TN5203,18,2026-07-01T06:42:02Z,2026-07-01T06:42:02Z,0.0
UB4 8PJ,SEPD,LV,1,TN5203,18,2026-07-01T06:42:02Z,2026-07-01T06:42:02Z,0.0
UB4 8PL,SEPD,LV,1,TN5203,18,2026-07-01T06:42:02Z,2026-07-01T06:42:02Z,0.0
UB4 8PN,SEPD,LV,1,TN5203,18,2026-07-01T06:42:02Z,2026-07-01T06:42:02Z,0.0
UB4 8PU,SEPD,LV,1,TN5203,18,2026-07-01T06:42:02Z,2026-07-01T06:42:02Z,0.0
UB4 9NS,SEPD,LV,1,TN4370,26,2026-06-30T17:14:57Z,2026-06-30T17:14:57Z,0.0
UB4 9PB,SEPD,LV,1,TN4370,26,2026-06-30T17:14:57Z,2026-06-30T17:14:57Z,0.0
UB4 9PD,SEPD,LV,1,TN4370,26,2026-06-30T17:14:57Z,2026-06-30T17:14:57Z,0.0
UB4 9PE,SEPD,LV,1,TN4370,26,2026-06-30T17:14:57Z,2026-06-30T17:14:57Z,0.0
UB4 9PF,SEPD,LV,1,TN4370,26,2026-06-30T17:14:57Z,2026-06-30T17:14:57Z,0.0
UB4 9PG,SEPD,LV,1,TN4370,26,2026-06-30T17:14:57Z,2026-06-30T17:14:57Z,0.0
UB4 9PJ,SEPD,LV,1,TN4370,26,2026-06-30T17:14:57Z,2026-06-30T17:14:57Z,0.0
UB4 9PL,SEPD,LV,1,TN4370,26,2026-06-30T17:14:57Z,2026-06-30T17:14:57Z,0.0
UB4 9PN,SEPD,LV,1,TN4370,26,2026-06-30T17:14:57Z,2026-06-30T17:14:57Z,0.0
UB4 9QB,SEPD,LV,1,TN4370,26,2026-06-30T17:14:57Z,2026-06-30T17:14:57Z,0.0
UM5,SHEPD,HV,1,TN6958,150,2026-07-02T08:34:46Z,2026-07-02T08:34:46Z,0.0
W3 0RP,SEPD,LV,1,TP1578,3,2026-07-06T09:46:21Z,2026-07-06T09:46:21Z,0.0
W3 0TH,SEPD,LV,1,TP1578,3,2026-07-06T09:46:21Z,2026-07-06T09:46:21Z,0.0
W3 6AH,SEPD,LV,1,TM8368,42,2026-06-30T17:14:57Z,2026-06-30T17:14:57Z,0.0
W3 6AJ,SEPD,LV,1,TM8368,42,2026-06-30T17:14:57Z,2026-06-30T17:14:57Z,0.0
W3 6AL,SEPD,LV,1,TM8368,42,2026-06-30T17:14:57Z,2026-06-30T17:14:57Z,0.0
W3 6BS,SEPD,LV,1,TM8368,42,2026-06-30T17:14:57Z,2026-06-30T17:14:57Z,0.0
W3 6QS,SEPD,LV,1,TM8368,42,2026-06-30T17:14:57Z,2026-06-30T17:14:57Z,0.0
W3 6QZ,SEPD,LV,1,TM8368,42,2026-06-30T17:14:57Z,2026-06-30T17:14:57Z,0.0
W3 6RF,SEPD,LV,1,TM8368,42,2026-06-30T17:14:57Z,2026-06-30T17:14:57Z,0.0
W3 6UN,SEPD,HV,1,TN5294,357,2026-07-01T06:42:02Z,2026-07-01T06:42:02Z,0.0
W3 6UU,SEPD,HV,1,TN5294,357,2026-07-01T06:42:02Z,2026-07-01T06:42:02Z,0.0
W3 9LA,SEPD,LV,1,TM8368,42,2026-06-30T17:14:57Z,2026-06-30T17:14:57Z,0.0
W3 9NH,SEPD,LV,1,TM8368,42,2026-06-30T17:14:57Z,2026-06-30T17:14:57Z,0.0
W3 9NJ,SEPD,LV,1,TM8368,42,2026-06-30T17:14:57Z,2026-06-30T17:14:57Z,0.0
W3 9NN,SEPD,LV,1,TM8368,42,2026-06-30T17:14:57Z,2026-06-30T17:14:57Z,0.0
W3 9NW,SEPD,LV,1,TM8368,42,2026-06-30T17:14:57Z,2026-06-30T17:14:57Z,0.0
W4 2UD,SEPD,HV,1,TN5294,357,2026-07-01T06:42:02Z,2026-07-01T06:42:02Z,0.0
ZE2 9RS,SHEPD,HV,1,TP0815,60,2026-07-05T10:31:32Z,2026-07-05T10:31:32Z,0.0
ZE2 9RZ,SHEPD,HV,1,TP0815,60,2026-07-05T10:31:32Z,2026-07-05T10:31:32Z,0.0
